,season,player,salary
0,2011-2012,Álex Rodríguez,"$32,000,000"
1,2011-2012,Joe Mauer,"$23,000,000"
2,2011-2012,CC Sabathia,"$23,000,000"
3,2011-2012,Johan Santana,"$22,500,000"
4,2011-2012,Mark Teixeira,"$22,500,000"
5,2011-2012,Josh Beckett,"$20,750,000"
6,2011-2012,Miguel Cabrera,"$20,150,000"
7,2011-2012,Roy Halladay,"$20,050,000"
8,2011-2012,Carl Crawford,"$20,000,000"
9,2011-2012,Ryan Howard,"$20,000,000"
10,2011-2012,Carlos Lee,"$19,000,000"
11,2011-2012,Carlos Zambrano,"$18,875,000"
12,2011-2012,Torii Hunter,"$18,500,000"
13,2011-2012,Barry Zito,"$18,500,000"
14,2011-2012,Alfonso Soriano,"$18,000,000"
15,2011-2012,Vernon Wells,"$18,000,000"
16,2011-2012,Ichiro Suzuki,"$17,000,000"
17,2011-2012,A.J. Burnett,"$16,500,000"
18,2011-2012,Jason Bay,"$16,000,000"
19,2011-2012,Jake Peavy,"$16,000,000"
20,2011-2012,Albert Pujols,"$16,000,000"
21,2011-2012,Michael Young,"$16,000,000"
22,2011-2012,Prince Fielder,"$15,500,000"
23,2011-2012,John Lackey,"$15,250,000"
24,2011-2012,Matt Holliday,"$15,050,000"
25,2011-2012,Chris Carpenter,"$15,000,000"
26,2011-2012,Derek Jeter,"$15,000,000"
27,2011-2012,Derek Lowe,"$15,000,000"
28,2011-2012,Mariano Rivera,"$15,000,000"
29,2011-2012,Chase Utley,"$15,000,000"
30,2011-2012,Aramis Ramirez,"$14,675,000"
31,2011-2012,Ryan Dempster,"$14,500,000"
32,2011-2012,Adrián Beltré,"$14,200,000"
33,2011-2012,Mark Buehrle,"$14,025,000"
34,2011-2012,J.D. Drew,"$14,000,000"
35,2011-2012,Justin Morneau,"$14,000,000"
36,2011-2012,Jayson Werth,"$14,000,000"
37,2011-2012,David Wright,"$14,000,000"
38,2011-2012,Aaron Rowand,"$13,600,000"
39,2011-2012,Zack Greinke,"$13,500,000"
40,2011-2012,Milton Bradley,"$13,333,334"
41,2011-2012,Justin Verlander,"$13,250,000"
42,2011-2012,Tim Lincecum,"$13,100,000"
43,2011-2012,Jorge Posada,"$13,100,000"
44,2011-2012,Carlos Guillén,"$13,000,000"
45,2011-2012,Travis Hafner,"$13,000,000"
46,2011-2012,Dan Haren,"$12,750,000"
47,2011-2012,David Ortiz,"$12,650,000"
48,2011-2012,Hiroki Kuroda,"$12,500,000"
49,2011-2012,Kevin Youkilis,"$12,250,000"
50,2011-2012,Raúl Ibañez,"$12,166,668"
51,2011-2012,Adam Dunn,"$12,000,000"
52,2011-2012,Scott Kazmir,"$12,000,000"
53,2011-2012,Paul Konerko,"$12,000,000"
54,2011-2012,Brad Lidge,"$12,000,000"
55,2011-2012,Victor Martinez,"$12,000,000"
56,2011-2012,Jonathan Papelbon,"$12,000,000"
57,2011-2012,Álex Ríos,"$12,000,000"
58,2011-2012,Felix Hernandez,"$11,950,000"
59,2011-2012,Kyle Lohse,"$11,875,000"
60,2011-2012,Joe Nathan,"$11,250,000"
61,2011-2012,Brandon Phillips,"$11,250,000"
62,2011-2012,Cliff Lee,"$11,050,000"
63,2011-2012,Jose Reyes,"$11,050,000"
64,2011-2012,Hanley Ramirez,"$11,000,000"
65,2011-2012,Aaron Cook,"$10,708,334"
66,2011-2012,Todd Helton,"$10,600,000"
67,2011-2012,Michael Cuddyer,"$10,525,000"
68,2011-2012,Joe Blanton,"$10,500,000"
69,2011-2012,Jorge De La Rosa,"$10,500,000"
70,2011-2012,Daisuke Matsuzaka,"$10,333,333"
71,2011-2012,Nick Markakis,"$10,325,000"
72,2011-2012,Josh Hamilton,"$10,250,000"
73,2011-2012,Robinson Canó,"$10,000,000"
74,2011-2012,Magglio Ordóñez,"$10,000,000"
75,2011-2012,Brian Roberts,"$10,000,000"
76,2011-2012,Rafael Soriano,"$10,000,000"
77,2011-2012,Dan Uggla,"$10,000,000"
78,2011-2012,Carlos Peña,"$9,959,996"
79,2011-2012,Cole Hamels,"$9,550,000"
80,2011-2012,Andre Ethier,"$9,500,000"
81,2011-2012,Randy Wolf,"$9,500,000"
82,2011-2012,Chone Figgins,"$9,000,000"
83,2011-2012,Tim Hudson,"$9,000,000"
84,2011-2012,Roy Oswalt,"$9,000,000"
85,2011-2012,Nick Swisher,"$9,000,000"
86,2011-2012,Ryan Zimmerman,"$8,925,000"
87,2011-2012,Jimmy Rollins,"$8,500,000"
88,2011-2012,Curtis Granderson,"$8,325,000"
89,2011-2012,Ted Lilly,"$8,166,666"
90,2011-2012,Scott Rolen,"$8,166,666"
91,2011-2012,Joey Votto,"$8,100,000"
92,2011-2012,José Bautista,"$8,000,000"
93,2011-2012,Brett Myers,"$8,000,000"
94,2011-2012,Ervin Santana,"$8,000,000"
95,2011-2012,Josh Johnson,"$7,750,000"
96,2011-2012,Shane Victorino,"$7,550,000"
97,2011-2012,Heath Bell,"$7,500,000"
98,2011-2012,Corey Hart,"$7,500,000"
99,2011-2012,Jason Marquis,"$7,500,000"
100,2011-2012,Wandy Rodriguez,"$7,500,000"
101,2011-2012,Grady Sizemore,"$7,500,000"
102,2011-2012,Rickie Weeks,"$7,500,000"
103,2011-2012,Jered Weaver,"$7,365,000"
104,2011-2012,Kenshin Kawakami,"$7,333,667"
105,2011-2012,Matt Cain,"$7,333,333"
106,2011-2012,Huston Street,"$7,300,000"
107,2011-2012,Carlos Silva,"$7,250,000"
108,2011-2012,Matt Capps,"$7,150,000"
109,2011-2012,C.J. Wilson,"$7,150,000"
110,2011-2012,Matt Kemp,"$7,100,000"
111,2011-2012,Jonathan Broxton,"$7,000,000"
112,2011-2012,Adam LaRoche,"$7,000,000"
113,2011-2012,Javier Vázquez,"$7,000,000"
114,2011-2012,Hunter Pence,"$6,900,000"
115,2011-2012,Ryan Ludwick,"$6,775,000"
116,2011-2012,Bronson Arroyo,"$6,500,000"
117,2011-2012,Brian McCann,"$6,500,000"
118,2011-2012,Nate McLouth,"$6,500,000"
119,2011-2012,Adam Wainwright,"$6,500,000"
120,2011-2012,Brian Wilson,"$6,500,000"
121,2011-2012,Luke Scott,"$6,400,000"
122,2011-2012,Adrián González,"$6,375,000"
123,2011-2012,Cody Ross,"$6,300,000"
124,2011-2012,Roberto Hernandez,"$6,287,500"
125,2011-2012,Chad Billingsley,"$6,275,000"
126,2011-2012,Ian Kinsler,"$6,200,000"
127,2011-2012,John Buck,"$6,000,000"
128,2011-2012,John Danks,"$6,000,000"
129,2011-2012,David DeJesus,"$6,000,000"
130,2011-2012,Mark Ellis,"$6,000,000"
131,2011-2012,Mike Gonzalez,"$6,000,000"
132,2011-2012,Ricky Nolasco,"$6,000,000"
133,2011-2012,Freddy Sánchez,"$6,000,000"
134,2011-2012,Josh Willingham,"$6,000,000"
135,2011-2012,Matt Garza,"$5,950,000"
136,2011-2012,J.J. Hardy,"$5,850,000"
137,2011-2012,Jon Lester,"$5,800,000"
138,2011-2012,Mike Napoli,"$5,800,000"
139,2011-2012,Coco Crisp,"$5,750,000"
140,2011-2012,Jeremy Guthrie,"$5,750,000"
141,2011-2012,Paul Maholm,"$5,750,000"
142,2011-2012,Dustin Pedroia,"$5,750,000"
143,2011-2012,Troy Tulowitzki,"$5,575,000"
144,2011-2012,Joaquin Benoit,"$5,500,000"
145,2011-2012,Marlon Byrd,"$5,500,000"
146,2011-2012,Brandon Inge,"$5,500,000"
147,2011-2012,Leonys Martin,"$5,500,000"
148,2011-2012,Fernando Rodney,"$5,500,000"
149,2011-2012,Marco Scutaro,"$5,500,000"
150,2011-2012,Yadier Molina,"$5,412,500"
151,2011-2012,Mark Reynolds,"$5,333,333"
152,2011-2012,Jhonny Peralta,"$5,300,000"
153,2011-2012,Casey Blake,"$5,250,000"
154,2011-2012,Jason Kubel,"$5,250,000"
155,2011-2012,Brandon Lyon,"$5,250,000"
156,2011-2012,Plácido Polanco,"$5,250,000"
157,2011-2012,Ryan Doumit,"$5,200,000"
158,2011-2012,Chris Young,"$5,200,000"
159,2011-2012,Carlos Quentin,"$5,050,000"
160,2011-2012,Scott Baker,"$5,000,000"
161,2011-2012,Billy Butler,"$5,000,000"
162,2011-2012,Scott Downs,"$5,000,000"
163,2011-2012,Gavin Floyd,"$5,000,000"
164,2011-2012,Brian Fuentes,"$5,000,000"
165,2011-2012,Jon Garland,"$5,000,000"
166,2011-2012,Vladimir Guerrero,"$5,000,000"
167,2011-2012,Aaron Hill,"$5,000,000"
168,2011-2012,Lyle Overbay,"$5,000,000"
169,2011-2012,Juan Pierre,"$5,000,000"
170,2011-2012,Juan Uribe,"$5,000,000"
171,2011-2012,James Loney,"$4,875,000"
172,2011-2012,B.J. Upton,"$4,825,000"
173,2011-2012,John Grabow,"$4,800,000"
174,2011-2012,Kevin Kouzmanoff,"$4,750,000"
175,2011-2012,Stephen Drew,"$4,650,000"
176,2011-2012,Jeremy Affeldt,"$4,500,000"
177,2011-2012,Matt Guerrier,"$4,500,000"
178,2011-2012,Ryan Madson,"$4,500,000"
179,2011-2012,Ben Zobrist,"$4,500,000"
180,2011-2012,Scott Feldman,"$4,400,000"
181,2011-2012,Francisco Liriano,"$4,300,000"
182,2011-2012,James Shields,"$4,250,000"
183,2011-2012,Justin Upton,"$4,250,000"
184,2011-2012,Kevin Gregg,"$4,200,000"
185,2011-2012,Russell Martin,"$4,075,000"
186,2011-2012,Ryan Braun,"$4,000,000"
187,2011-2012,Jesse Crain,"$4,000,000"
188,2011-2012,Franklin Gutierrez,"$4,000,000"
189,2011-2012,LaTroy Hawkins,"$4,000,000"
190,2011-2012,Orlando Hudson,"$4,000,000"
191,2011-2012,Kei Igawa,"$4,000,000"
192,2011-2012,Dámaso Marté,"$4,000,000"
193,2011-2012,J.J. Putz,"$4,000,000"
194,2011-2012,Joakim Soria,"$4,000,000"
195,2011-2012,Shin-Soo Choo,"$3,975,000"
196,2011-2012,Shaun Marcum,"$3,950,000"
197,2011-2012,Clint Barmes,"$3,925,000"
198,2011-2012,Mike Pelfrey,"$3,925,000"
199,2011-2012,Hisanori Takahashi,"$3,800,000"
200,2011-2012,Grant Balfour,"$3,750,000"
201,2011-2012,Pedro Feliciano,"$3,750,000"
202,2011-2012,Jason Kendall,"$3,750,000"
203,2011-2012,Aníbal Sánchez,"$3,700,000"
204,2011-2012,Nelson Cruz,"$3,650,000"
205,2011-2012,Juan Carlos Oviedo,"$3,650,000"
206,2011-2012,Zach Duke,"$3,500,000"
207,2011-2012,Ryan Franklin,"$3,500,000"
208,2011-2012,Aaron Harang,"$3,500,000"
209,2011-2012,Ángel Pagán,"$3,500,000"
210,2011-2012,Jeff Samardzija,"$3,500,000"
211,2011-2012,Ty Wigginton,"$3,500,000"
212,2011-2012,Johnny Cueto,"$3,400,000"
213,2011-2012,Kurt Suzuki,"$3,400,000"
214,2011-2012,Howie Kendrick,"$3,350,000"
215,2011-2012,Yovani Gallardo,"$3,250,000"
216,2011-2012,Adam Jones,"$3,250,000"
217,2011-2012,Darren Oliver,"$3,250,000"
218,2011-2012,Kyle Davies,"$3,200,000"
219,2011-2012,Miguel Montero,"$3,200,000"
220,2011-2012,Carlos Mármol,"$3,200,000"
221,2011-2012,Maicer Izturis,"$3,100,000"
222,2011-2012,Martín Prado,"$3,100,000"
223,2011-2012,Erick Aybar,"$3,075,000"
224,2011-2012,Edwin Jackson,"$3,007,795"
225,2011-2012,Nick Blackburn,"$3,000,000"
226,2011-2012,Jay Bruce,"$3,000,000"
227,2011-2012,Bill Hall,"$3,000,000"
228,2011-2012,Jason Hammel,"$3,000,000"
229,2011-2012,Bryce Harper,"$3,000,000"
230,2011-2012,Colby Lewis,"$3,000,000"
231,2011-2012,Tsuyoshi Nishioka,"$3,000,000"
232,2011-2012,Brad Penny,"$3,000,000"
233,2011-2012,Kelly Shoppach,"$3,000,000"
234,2011-2012,Geovany Soto,"$3,000,000"
235,2011-2012,Matt Thornton,"$3,000,000"
236,2011-2012,Yorvit Torrealba,"$3,000,000"
237,2011-2012,Brandon Webb,"$3,000,000"
238,2011-2012,Kendrys Morales,"$2,975,000"
239,2011-2012,Carlos Ruiz,"$2,950,000"
240,2011-2012,Yunel Escobar,"$2,900,000"
241,2011-2012,Alexei Ramírez,"$2,875,000"
242,2011-2012,Mike Wuertz,"$2,800,000"
243,2011-2012,Danys Baez,"$2,750,000"
244,2011-2012,R.A. Dickey,"$2,750,000"
245,2011-2012,Miguel Olivo,"$2,750,000"
246,2011-2012,Phil Hughes,"$2,700,000"
247,2011-2012,Skip Schumaker,"$2,700,000"
248,2011-2012,Chris Iannetta,"$2,633,333"
249,2011-2012,Mike Adams,"$2,535,000"
250,2011-2012,Jamey Carroll,"$2,500,000"
251,2011-2012,Jack Cust,"$2,500,000"
252,2011-2012,Rajai Davis,"$2,500,000"
253,2011-2012,Jacoby Ellsbury,"$2,500,000"
254,2011-2012,Jeff Francoeur,"$2,500,000"
255,2011-2012,Álex González,"$2,500,000"
256,2011-2012,Omar Infante,"$2,500,000"
257,2011-2012,Evan Longoria,"$2,500,000"
258,2011-2012,Stephen Strasburg,"$2,500,000"
259,2011-2012,Carlos Beltrán,"$2,468,852"
260,2011-2012,Francisco Rodriguez,"$2,450,819"
261,2011-2012,Kyle Kendrick,"$2,450,000"
262,2011-2012,Jason Vargas,"$2,450,000"
263,2011-2012,David Murphy,"$2,400,000"
264,2011-2012,Javier Lopez,"$2,375,000"
265,2011-2012,Matt Belisle,"$2,350,000"
266,2011-2012,Melvin Mora,"$2,350,000"
267,2011-2012,Chase Headley,"$2,325,000"
268,2011-2012,Armando Galarraga,"$2,300,000"
269,2011-2012,Brandon Morrow,"$2,300,000"
270,2011-2012,Brandon League,"$2,250,000"
271,2011-2012,Juan Rivera,"$2,237,704"
272,2011-2012,Chris Pérez,"$2,225,000"
273,2011-2012,David Price,"$2,183,333"
274,2011-2012,Tom Gorzelanny,"$2,100,000"
275,2011-2012,Asdrubal Cabrera,"$2,075,000"
276,2011-2012,Édgar Rentería,"$2,068,391"
277,2011-2012,Ross Ohlendorf,"$2,025,000"
278,2011-2012,Yuniesky Betancourt,"$2,000,000"
279,2011-2012,Alberto Callaspo,"$2,000,000"
280,2011-2012,Bruce Chen,"$2,000,000"
281,2011-2012,Edwin Encarnacion,"$2,000,000"
282,2011-2012,Jeff Francis,"$2,000,000"
283,2011-2012,Adeiny Hechavarria,"$2,000,000"
284,2011-2012,Aaron Heilman,"$2,000,000"
285,2011-2012,Scott Linebrink,"$2,000,000"
286,2011-2012,Yunesky Maya,"$2,000,000"
287,2011-2012,Peter Moylan,"$2,000,000"
288,2011-2012,A.J. Pierzynski,"$2,000,000"
289,2011-2012,Jason Varitek,"$2,000,000"
290,2011-2012,Ryan Spilborghs,"$1,950,000"
291,2011-2012,Michael Bourn,"$1,923,497"
292,2011-2012,Ronny Cedeno,"$1,850,000"
293,2011-2012,Anthony Rendon,"$1,800,000"
294,2011-2012,Luke Hochevar,"$1,760,000"
295,2011-2012,Joe Beimel,"$1,750,000"
296,2011-2012,Jonny Gomes,"$1,750,000"
297,2011-2012,Ryota Igarashi,"$1,750,000"
298,2011-2012,Xavier Nady,"$1,750,000"
299,2011-2012,Omar Vizquel,"$1,750,000"
300,2011-2012,Nick Masset,"$1,725,000"
301,2011-2012,Danny Hultzen,"$1,700,000"
302,2011-2012,Jeff Mathis,"$1,700,000"
303,2011-2012,David Ross,"$1,675,000"
304,2011-2012,Mark Teahen,"$1,661,202"
305,2011-2012,Brian Schneider,"$1,625,000"
306,2011-2012,Jack Wilson,"$1,612,021"
307,2011-2012,Ross Gload,"$1,600,000"
308,2011-2012,Sean Marshall,"$1,600,000"
309,2011-2012,Tony Pena,"$1,600,000"
310,2011-2012,Rick Porcello,"$1,536,000"
311,2011-2012,Dustin Ackley,"$1,500,000"
312,2011-2012,Rick Ankiel,"$1,500,000"
313,2011-2012,Chris Capuano,"$1,500,000"
314,2011-2012,Eric Chávez,"$1,500,000"
315,2011-2012,Carlos Gomez,"$1,500,000"
316,2011-2012,Rich Harden,"$1,500,000"
317,2011-2012,Andruw Jones,"$1,500,000"
318,2011-2012,Will Ohman,"$1,500,000"
319,2011-2012,Chad Qualls,"$1,500,000"
320,2011-2012,Chris Snyder,"$1,500,000"
321,2011-2012,Jose Tabata,"$1,500,000"
322,2011-2012,Tim Wakefield,"$1,500,000"
323,2011-2012,Carlos Gonzalez,"$1,428,571"
324,2011-2012,Craig Breslow,"$1,425,000"
325,2011-2012,Carlos Villanueva,"$1,415,000"
326,2011-2012,Sean Burnett,"$1,400,000"
327,2011-2012,Joba Chamberlain,"$1,400,000"
328,2011-2012,Craig Counsell,"$1,400,000"
329,2011-2012,Aaron Crow,"$1,400,000"
330,2011-2012,Rafael Furcal,"$1,400,000"
331,2011-2012,Alex Gordon,"$1,400,000"
332,2011-2012,Joel Hanrahan,"$1,400,000"
333,2011-2012,Ryan Sweeney,"$1,400,000"
334,2011-2012,Joel Zumaya,"$1,400,000"
335,2011-2012,Noel Argüelles,"$1,380,000"
336,2011-2012,Ronny Paulino,"$1,350,000"
337,2011-2012,Ramon Santiago,"$1,350,000"
338,2011-2012,Santiago Casilla,"$1,300,000"
339,2011-2012,Austin Kearns,"$1,300,000"
340,2011-2012,Andrew Miller,"$1,300,000"
341,2011-2012,Ryan Raburn,"$1,300,000"
342,2011-2012,Delmon Young,"$1,292,349"
343,2011-2012,Darren O'Day,"$1,251,000"
344,2011-2012,Melky Cabrera,"$1,250,000"
345,2011-2012,Endy Chavez,"$1,250,000"
346,2011-2012,Brendan Harris,"$1,250,000"
347,2011-2012,Dayan Viciedo,"$1,250,000"
348,2011-2012,Dylan Bundy,"$1,245,000"
349,2011-2012,Jason Frasor,"$1,224,043"
350,2011-2012,Lance Cormier,"$1,200,000"
351,2011-2012,Boone Logan,"$1,200,000"
352,2011-2012,Jose Molina,"$1,200,000"
353,2011-2012,Manny Parra,"$1,200,000"
354,2011-2012,George Sherrill,"$1,200,000"
355,2011-2012,Jeff Baker,"$1,175,000"
356,2011-2012,Ben Francisco,"$1,175,000"
357,2011-2012,Brendan Ryan,"$1,175,000"
358,2011-2012,Jacob Turner,"$1,175,000"
359,2011-2012,Junichi Tazawa,"$1,150,000"
360,2011-2012,Neal Cotts,"$1,100,000"
361,2011-2012,Scott Hairston,"$1,100,000"
362,2011-2012,J.P. Howell,"$1,100,000"
363,2011-2012,Jeff Karstens,"$1,100,000"
364,2011-2012,Gerald Laird,"$1,100,000"
365,2011-2012,Chris Young,"$1,100,000"
366,2011-2012,Casey Janssen,"$1,095,000"
367,2011-2012,Jeremy Accardo,"$1,080,000"
368,2011-2012,Tim Stauffer,"$1,075,000"
369,2011-2012,Mike Fontenot,"$1,050,000"
370,2011-2012,Mike Morse,"$1,050,000"
371,2011-2012,Yonder Alonso,"$1,000,000"
372,2011-2012,Brett Anderson,"$1,000,000"
373,2011-2012,Henry Blanco,"$1,000,000"
374,2011-2012,Dave Bush,"$1,000,000"
375,2011-2012,Miguel Cairo,"$1,000,000"
376,2011-2012,Aroldis Chapman,"$1,000,000"
377,2011-2012,Randy Choate,"$1,000,000"
378,2011-2012,Wade Davis,"$1,000,000"
379,2011-2012,Jason Giambi,"$1,000,000"
380,2011-2012,Wes Helms,"$1,000,000"
381,2011-2012,Livan Hernandez,"$1,000,000"
382,2011-2012,Dan Johnson,"$1,000,000"
383,2011-2012,Gary Matthews Jr.,"$1,000,000"
384,2011-2012,Brandon McCarthy,"$1,000,000"
385,2011-2012,Dioner Navarro,"$1,000,000"
386,2011-2012,Scott Podsednik,"$1,000,000"
387,2011-2012,Humberto Quintero,"$1,000,000"
388,2011-2012,Chris Ray,"$1,000,000"
389,2011-2012,Ricky Romero,"$1,000,000"
390,2011-2012,Denard Span,"$1,000,000"
391,2011-2012,Chien-Ming Wang,"$1,000,000"
392,2011-2012,Félix Pié,"$985,000"
393,2011-2012,Matt Lindstrom,"$979,234"
394,2011-2012,Octavio Dotel,"$961,748"
395,2011-2012,Ubaldo Jiménez,"$933,333"
396,2011-2012,Joel Peralta,"$925,000"
397,2011-2012,Andy Sonnanstine,"$912,500"
398,2011-2012,Trevor Bauer,"$900,000"
399,2011-2012,Bartolo Colon,"$900,000"
400,2011-2012,Alex Cora,"$900,000"
401,2011-2012,Nelson Figueroa,"$900,000"
402,2011-2012,Reed Johnson,"$900,000"
403,2011-2012,Fred Lewis,"$900,000"
404,2011-2012,Jason Michaels,"$900,000"
405,2011-2012,Sergio Mitre,"$900,000"
406,2011-2012,Jamey Wright,"$900,000"
407,2011-2012,Eric O'Flaherty,"$895,000"
408,2011-2012,Matt Albers,"$875,000"
409,2011-2012,Joe Smith,"$870,000"
410,2011-2012,Koyie Hill,"$850,000"
411,2011-2012,Matt Stairs,"$850,000"
412,2011-2012,Jesse Litsch,"$830,000"
413,2011-2012,Chris Denorfia,"$800,000"
414,2011-2012,Mark Kotsay,"$800,000"
415,2011-2012,Edward Mujica,"$800,000"
416,2011-2012,Felipe Paulino,"$790,000"
417,2011-2012,Kosuke Fukudome,"$775,000"
418,2011-2012,Wil Nieves,"$775,000"
419,2011-2012,Reggie Willits,"$775,000"
420,2011-2012,Burke Badenhop,"$750,000"
421,2011-2012,Willie Bloomquist,"$750,000"
422,2011-2012,Jared Burton,"$750,000"
423,2011-2012,Nick Johnson,"$750,000"
424,2011-2012,Casey Kotchman,"$750,000"
425,2011-2012,Scott Proctor,"$750,000"
426,2011-2012,Nick Punto,"$750,000"
427,2011-2012,Jarrod Saltalamacchia,"$750,000"
428,2011-2012,Brian Tallet,"$750,000"
429,2011-2012,Blaine Boyer,"$725,000"
430,2011-2012,Trevor Cahill,"$700,000"
431,2011-2012,Zack Cox,"$700,000"
432,2011-2012,Justin Duchscherer,"$700,000"
433,2011-2012,Adam Everett,"$700,000"
434,2011-2012,Laynce Nix,"$700,000"
435,2011-2012,Glen Perkins,"$700,000"
436,2011-2012,Brayan Pena,"$660,000"
437,2011-2012,Luis Ayala,"$650,000"
438,2011-2012,Jay Gibbons,"$650,000"
439,2011-2012,Jensen Lewis,"$650,000"
440,2011-2012,Koji Uehara,"$650,000"
441,2011-2012,Travis Buck,"$625,000"
442,2011-2012,Pat Neshek,"$625,000"
443,2011-2012,Jim Thome,"$606,557"
444,2011-2012,Taylor Buchholz,"$600,000"
445,2011-2012,Andy LaRoche,"$600,000"
446,2011-2012,Max Scherzer,"$600,000"
447,2011-2012,Kevin Frandsen,"$575,000"
448,2011-2012,Buster Posey,"$575,000"
449,2011-2012,Clay Buchholz,"$555,000"
450,2011-2012,Pedro Alvarez,"$550,000"
451,2011-2012,Ryan Hanigan,"$550,000"
452,2011-2012,Brian Matusz,"$550,000"
453,2011-2012,Jeremy Reed,"$550,000"
454,2011-2012,John McDonald,"$540,983"
455,2011-2012,Brett Gardner,"$529,500"
456,2011-2012,Conor Jackson,"$524,590"
457,2011-2012,Andres Blanco,"$520,000"
458,2011-2012,Shelley Duncan,"$500,000"
459,2011-2012,Jack Hannahan,"$500,000"
460,2011-2012,Clayton Kershaw,"$500,000"
461,2011-2012,Lastings Milledge,"$500,000"
462,2011-2012,Pablo Sandoval,"$500,000"
463,2011-2012,Jason Heyward,"$496,500"
464,2011-2012,Chris Coghlan,"$490,000"
465,2011-2012,Gordon Beckham,"$485,000"
466,2011-2012,J.A. Happ,"$474,000"
467,2011-2012,Clayton Richard,"$468,800"
468,2011-2012,Justin Masterson,"$468,400"
469,2011-2012,Casey McGehee,"$468,000"
470,2011-2012,Jeff Fulchino,"$467,000"
471,2011-2012,Andrew Bailey,"$465,000"
472,2011-2012,Brian Duensing,"$462,500"
473,2011-2012,Evan Meek,"$461,500"
474,2011-2012,Mat Latos,"$460,700"
475,2011-2012,David Robertson,"$460,450"
476,2011-2012,Neftali Feliz,"$457,160"
477,2011-2012,Francisco Cervelli,"$455,700"
478,2011-2012,Garrett Jones,"$455,500"
479,2011-2012,Scott Atchison,"$454,000"
480,2011-2012,Andrew McCutchen,"$452,500"
481,2011-2012,Matt Wieters,"$452,250"
482,2011-2012,Elvis Andrus,"$452,180"
483,2011-2012,Jonathon Niese,"$452,000"
484,2011-2012,Madison Bumgarner,"$450,000"
485,2011-2012,Jed Lowrie,"$450,000"
486,2011-2012,Dustin McGowan,"$450,000"
487,2011-2012,Scott Olsen,"$450,000"
488,2011-2012,Sergio Romo,"$450,000"
489,2011-2012,Drew Stubbs,"$450,000"
490,2011-2012,Luke Gregerson,"$447,800"
491,2011-2012,Jose Mijares,"$445,000"
492,2011-2012,Will Venable,"$444,400"
493,2011-2012,Chris Narveson,"$444,150"
494,2011-2012,Brett Cecil,"$443,100"
495,2011-2012,Jesse Chavez,"$443,100"
496,2011-2012,Tyler Clippard,"$443,000"
497,2011-2012,James McDonald,"$443,000"
498,2011-2012,John Axford,"$442,500"
499,2011-2012,John Bowker,"$441,500"
500,2011-2012,Ian Desmond,"$441,500"
501,2011-2012,Homer Bailey,"$441,000"
502,2011-2012,Charlie Morton,"$441,000"
503,2011-2012,Starlin Castro,"$440,000"
504,2011-2012,Phil Coke,"$440,000"
505,2011-2012,Austin Jackson,"$440,000"
506,2011-2012,Nick Hundley,"$439,900"
507,2011-2012,Alberto Árias,"$439,500"
508,2011-2012,Paul Janish,"$437,500"
509,2011-2012,Bud Norris,"$437,500"
510,2011-2012,Danny Valencia,"$437,500"
511,2011-2012,Jaime Garcia,"$437,000"
512,2011-2012,Neil Walker,"$437,000"
513,2011-2012,Tony Sipp,"$436,800"
514,2011-2012,Doug Fister,"$436,500"
515,2011-2012,Travis Snider,"$435,800"
516,2011-2012,Kevin Jepsen,"$435,000"
517,2011-2012,Jason Motte,"$435,000"
518,2011-2012,Joe Thatcher,"$433,900"
519,2011-2012,Bobby Parnell,"$433,500"
520,2011-2012,Ivan Nova,"$432,900"
521,2011-2012,Angel Sanchez,"$432,500"
522,2011-2012,Nate Schierholtz,"$432,500"
523,2011-2012,Ike Davis,"$432,000"
524,2011-2012,Derek Holland,"$431,810"
525,2011-2012,Aaron Laffey,"$431,600"
526,2011-2012,Chris Resop,"$431,500"
527,2011-2012,Gaby Sanchez,"$431,000"
528,2011-2012,J.C. Gutiérrez,"$430,500"
529,2011-2012,Alexi Ogando,"$430,150"
530,2011-2012,Brent Lillibridge,"$430,000"
531,2011-2012,Marc Rzepczynski,"$429,600"
532,2011-2012,Kris Medlen,"$429,500"
533,2011-2012,Jonny Venters,"$429,500"
534,2011-2012,Cameron Maybin,"$429,100"
535,2011-2012,Drew Butera,"$429,000"
536,2011-2012,Seth Smith,"$429,000"
537,2011-2012,Matt Harrison,"$428,830"
538,2011-2012,Sean Rodriguez,"$428,600"
539,2011-2012,Alcides Escobar,"$428,000"
540,2011-2012,Andrew Cashner,"$427,500"
541,2011-2012,Steven Pearce,"$427,500"
542,2011-2012,James Russell,"$427,500"
543,2011-2012,Brooks Conrad,"$427,250"
544,2011-2012,John Jaso,"$427,200"
545,2011-2012,Matt Joyce,"$426,500"
546,2011-2012,Mitch Moreland,"$426,000"
547,2011-2012,Gerardo Parra,"$426,000"
548,2011-2012,Alex Avila,"$425,000"
549,2011-2012,Emilio Bonifacio,"$425,000"
550,2011-2012,Héctor Giménez,"$425,000"
551,2011-2012,David Herndon,"$425,000"
552,2011-2012,Mike Leake,"$425,000"
553,2011-2012,Adam Rosales,"$425,000"
554,2011-2012,Chris Sale,"$425,000"
555,2011-2012,Eli Whiteside,"$425,000"
556,2011-2012,Dexter Fowler,"$424,000"
557,2011-2012,Chris Johnson,"$424,000"
558,2011-2012,Jonathan Lucroy,"$424,000"
559,2011-2012,David Hernandez,"$423,500"
560,2011-2012,Ryan Roberts,"$423,500"
561,2011-2012,Eric Patterson,"$423,300"
562,2011-2012,Jason Bourgeois,"$423,000"
563,2011-2012,Don Kelly,"$423,000"
564,2011-2012,Ian Kennedy,"$423,000"
565,2011-2012,Michael Kirkman,"$423,000"
566,2011-2012,Travis Wood,"$422,500"
567,2011-2012,Daniel Murphy,"$422,000"
568,2011-2012,Michael Brantley,"$421,800"
569,2011-2012,Jason Castro,"$421,500"
570,2011-2012,A.J. Ellis,"$421,000"
571,2011-2012,Mark Melancon,"$421,000"
572,2011-2012,Colin Curtis,"$420,400"
573,2011-2012,Jerry Blevins,"$420,000"
574,2011-2012,Gio Gonzalez,"$420,000"
575,2011-2012,Chin-lung Hu,"$420,000"
576,2011-2012,Shawn Kelley,"$420,000"
577,2011-2012,Cliff Pennington,"$420,000"
578,2011-2012,Landon Powell,"$420,000"
579,2011-2012,Michael Saunders,"$420,000"
580,2011-2012,Josh Thole,"$420,000"
581,2011-2012,Xavier Paul,"$419,500"
582,2011-2012,Eduardo Nunez,"$419,300"
583,2011-2012,Jake Arrieta,"$419,000"
584,2011-2012,Antonio Bastardo,"$419,000"
585,2011-2012,Jhoulys Chacin,"$419,000"
586,2011-2012,Chris Heisey,"$419,000"
587,2011-2012,Jonathan Herrera,"$419,000"
588,2011-2012,Daniel Hudson,"$419,000"
589,2011-2012,Craig Kimbrel,"$419,000"
590,2011-2012,Cristhian Martínez,"$419,000"
591,2011-2012,Justin Smoak,"$419,000"
592,2011-2012,Jeremy Hellickson,"$418,400"
593,2011-2012,Sam Fuld,"$418,300"
594,2011-2012,Fernando Abad,"$418,000"
595,2011-2012,Logan Ondrusek,"$418,000"
596,2011-2012,Drew Storen,"$418,000"
597,2011-2012,Rich Thompson,"$418,000"
598,2011-2012,Brett Wallace,"$418,000"
599,2011-2012,Michael Bowden,"$417,500"
600,2011-2012,Daniel Nava,"$417,500"
601,2011-2012,Josh Reddick,"$417,500"
602,2011-2012,J.P. Arencibia,"$417,400"
603,2011-2012,Josh Tomlin,"$417,200"
604,2011-2012,Ernesto Frieri,"$417,100"
605,2011-2012,John Baker,"$417,000"
606,2011-2012,Darwin Barney,"$417,000"
607,2011-2012,Felix Doubront,"$417,000"
608,2011-2012,Ryan Kalish,"$417,000"
609,2011-2012,Esmil Rogers,"$417,000"
610,2011-2012,Chris Tillman,"$417,000"
611,2011-2012,Taylor Teagarden,"$416,790"
612,2011-2012,César Ramos,"$416,700"
613,2011-2012,Carlos Santana,"$416,600"
614,2011-2012,Brandon Beachy,"$416,500"
615,2011-2012,Wesley Wright,"$416,500"
616,2011-2012,José Ascanio,"$416,000"
617,2011-2012,Kyle Drabek,"$416,000"
618,2011-2012,David Freese,"$416,000"
619,2011-2012,Craig Gentry,"$416,000"
620,2011-2012,Kenley Jansen,"$416,000"
621,2011-2012,Jon Jay,"$416,000"
622,2011-2012,Giancarlo Stanton,"$416,000"
623,2011-2012,Pedro Strop,"$416,000"
624,2011-2012,Carlos Carrasco,"$415,800"
625,2011-2012,Cory Luebke,"$415,600"
626,2011-2012,Jake McGee,"$415,200"
627,2011-2012,Danny Espinosa,"$415,000"
628,2011-2012,Matt Maloney,"$415,000"
629,2011-2012,Wilson Ramos,"$415,000"
630,2011-2012,Matt Reynolds,"$415,000"
631,2011-2012,Jordan Zimmermann,"$415,000"
632,2011-2012,Elliot Johnson,"$414,900"
633,2011-2012,Ronald Belisario,"$414,500"
634,2011-2012,Freddie Freeman,"$414,500"
635,2011-2012,Jeremy Jeffress,"$414,500"
636,2011-2012,Brandon Moss,"$414,500"
637,2011-2012,Samuel Deduno,"$414,240"
638,2011-2012,Vinnie Pestano,"$414,100"
639,2011-2012,Al Alburquerque,"$414,000"
640,2011-2012,Alexi Amarista,"$414,000"
641,2011-2012,Dylan Axelrod,"$414,000"
642,2011-2012,Pedro Beato,"$414,000"
643,2011-2012,Engel Beltre,"$414,000"
644,2011-2012,Justin Berg,"$414,000"
645,2011-2012,Quintin Berry,"$414,000"
646,2011-2012,Dellin Betances,"$414,000"
647,2011-2012,Charlie Blackmon,"$414,000"
648,2011-2012,Peter Bourjos,"$414,000"
649,2011-2012,Domonic Brown,"$414,000"
650,2011-2012,Everth Cabrera,"$414,000"
651,2011-2012,Lorenzo Cain,"$414,000"
652,2011-2012,Tony Campana,"$414,000"
653,2011-2012,Andrew Carignan,"$414,000"
654,2011-2012,Mike Carp,"$414,000"
655,2011-2012,David Carpenter,"$414,000"
656,2011-2012,Ezequiel Carrera,"$414,000"
657,2011-2012,Chris Carter,"$414,000"
658,2011-2012,Welington Castillo,"$414,000"
659,2011-2012,José Ceda,"$414,000"
660,2011-2012,Tyler Chatwood,"$414,000"
661,2011-2012,Lonnie Chisenhall,"$414,000"
662,2011-2012,Steve Cishek,"$414,000"
663,2011-2012,Maikel Cleto,"$414,000"
664,2011-2012,Alex Cobb,"$414,000"
665,2011-2012,Louis Coleman,"$414,000"
666,2011-2012,Tim Collins,"$414,000"
667,2011-2012,Josh Collmenter,"$414,000"
668,2011-2012,Hank Conger,"$414,000"
669,2011-2012,Ryan Cook,"$414,000"
670,2011-2012,Carlos Corporán,"$414,000"
671,2011-2012,Collin Cowgill,"$414,000"
672,2011-2012,Zack Cozart,"$414,000"
673,2011-2012,Allen Craig,"$414,000"
674,2011-2012,Tony Cruz,"$414,000"
675,2011-2012,Alejandro De Aza,"$414,000"
676,2011-2012,Justin De Fratus,"$414,000"
677,2011-2012,Miguel De Los Santos,"$414,000"
678,2011-2012,Steve Delabar,"$414,000"
679,2011-2012,Randall Delgado,"$414,000"
680,2011-2012,Daniel Descalso,"$414,000"
681,2011-2012,Ross Detwiler,"$414,000"
682,2011-2012,Scott Diamond,"$414,000"
683,2011-2012,Chris Dickerson,"$414,000"
684,2011-2012,Andy Dirks,"$414,000"
685,2011-2012,Matt Dominguez,"$414,000"
686,2011-2012,Josh Donaldson,"$414,000"
687,2011-2012,Darin Downs,"$414,000"
688,2011-2012,Lucas Duda,"$414,000"
689,2011-2012,Mike Dunn,"$414,000"
690,2011-2012,Jarrod Dyson,"$414,000"
691,2011-2012,Cody Eppley,"$414,000"
692,2011-2012,Edgmer Escalona,"$414,000"
693,2011-2012,Marco Estrada,"$414,000"
694,2011-2012,Danny Farquhar,"$414,000"
695,2011-2012,Tim Federowicz,"$414,000"
696,2011-2012,Michael Fiers,"$414,000"
697,2011-2012,Pedro Figueroa,"$414,000"
698,2011-2012,Pedro Florimón,"$414,000"
699,2011-2012,Tyler Flowers,"$414,000"
700,2011-2012,Logan Forsythe,"$414,000"
701,2011-2012,Juan Francisco,"$414,000"
702,2011-2012,Todd Frazier,"$414,000"
703,2011-2012,Charlie Furbush,"$414,000"
704,2011-2012,Christian Garcia,"$414,000"
705,2011-2012,Cory Gearrin,"$414,000"
706,2011-2012,Dillon Gee,"$414,000"
707,2011-2012,Conor Gillaspie,"$414,000"
708,2011-2012,Chris Gimenez,"$414,000"
709,2011-2012,Brandon Gomes,"$414,000"
710,2011-2012,Jeanmar Gomez,"$414,000"
711,2011-2012,Édgar González,"$414,000"
712,2011-2012,Yasmani Grandal,"$414,000"
713,2011-2012,Taylor Green,"$414,000"
714,2011-2012,Javy Guerra,"$414,000"
715,2011-2012,Brandon Guyer,"$414,000"
716,2011-2012,Nick Hagadone,"$414,000"
717,2011-2012,Lucas Harrell,"$414,000"
718,2011-2012,Chris Hatcher,"$414,000"
719,2011-2012,Kelvin Herrera,"$414,000"
720,2011-2012,Rich Hill,"$414,000"
721,2011-2012,Greg Holland,"$414,000"
722,2011-2012,Eric Hosmer,"$414,000"
723,2011-2012,David Huff,"$414,000"
724,2011-2012,Jared Hughes,"$414,000"
725,2011-2012,Jason Isringhausen,"$414,000"
726,2011-2012,Juan Jaime,"$414,000"
727,2011-2012,Desmond Jennings,"$414,000"
728,2011-2012,Cesar Jimenez,"$414,000"
729,2011-2012,Nate Jones,"$414,000"
730,2011-2012,Brandon Kintzler,"$414,000"
731,2011-2012,Jason Kipnis,"$414,000"
732,2011-2012,George Kontos,"$414,000"
733,2011-2012,Pete Kozma,"$414,000"
734,2011-2012,Erik Kratz,"$414,000"
735,2011-2012,Brett Lawrie,"$414,000"
736,2011-2012,Wade LeBlanc,"$414,000"
737,2011-2012,Sam LeCure,"$414,000"
738,2011-2012,Christopher Leroux,"$414,000"
739,2011-2012,Jose Lobaton,"$414,000"
740,2011-2012,Jeff Locke,"$414,000"
741,2011-2012,Jordan Lyles,"$414,000"
742,2011-2012,J.D. Martinez,"$414,000"
743,2011-2012,John Mayberry Jr.,"$414,000"
744,2011-2012,Zach McAllister,"$414,000"
745,2011-2012,Michael McKenry,"$414,000"
746,2011-2012,Yoervis Medina,"$414,000"
747,2011-2012,Jenrry Mejia,"$414,000"
748,2011-2012,Melky Mesa,"$414,000"
749,2011-2012,Devin Mesoraco,"$414,000"
750,2011-2012,Tommy Milone,"$414,000"
751,2011-2012,Mike Minor,"$414,000"
752,2011-2012,Jesús Montero,"$414,000"
753,2011-2012,Matt Moore,"$414,000"
754,2011-2012,Bryan Morris,"$414,000"
755,2011-2012,Logan Morrison,"$414,000"
756,2011-2012,Guillermo Moscoso,"$414,000"
757,2011-2012,Thomas Neal,"$414,000"
758,2011-2012,Chris Nelson,"$414,000"
759,2011-2012,Juan Nicasio,"$414,000"
760,2011-2012,Hector Noesi,"$414,000"
761,2011-2012,Lester Oliveros,"$414,000"
762,2011-2012,Jimmy Paredes,"$414,000"
763,2011-2012,Jarrod Parker,"$414,000"
764,2011-2012,Chris Parmelee,"$414,000"
765,2011-2012,Tyler Pastornicky,"$414,000"
766,2011-2012,Joe Paterson,"$414,000"
767,2011-2012,Troy Patton,"$414,000"
768,2011-2012,Brad Peacock,"$414,000"
769,2011-2012,Francisco Peguero,"$414,000"
770,2011-2012,Ramiro Pena,"$414,000"
771,2011-2012,Yusmeiro Petit,"$414,000"
772,2011-2012,Stolmy Pimentel,"$414,000"
773,2011-2012,Michael Pineda,"$414,000"
774,2011-2012,Trevor Plouffe,"$414,000"
775,2011-2012,Anthony Recker,"$414,000"
776,2011-2012,Todd Redmond,"$414,000"
777,2011-2012,Nolan Reimold,"$414,000"
778,2011-2012,Ben Revere,"$414,000"
779,2011-2012,Garrett Richards,"$414,000"
780,2011-2012,Shane Robinson,"$414,000"
781,2011-2012,Fernando Rodriguez,"$414,000"
782,2011-2012,Andrew Romine,"$414,000"
783,2011-2012,Tyson Ross,"$414,000"
784,2011-2012,Justin Ruggiano,"$414,000"
785,2011-2012,Fernando Salas,"$414,000"
786,2011-2012,Jerry Sands,"$414,000"
787,2011-2012,Hector Santiago,"$414,000"
788,2011-2012,Jordan Schafer,"$414,000"
789,2011-2012,Logan Schafer,"$414,000"
790,2011-2012,Kyle Seager,"$414,000"
791,2011-2012,Bryan Shaw,"$414,000"
792,2011-2012,J.B. Shuck,"$414,000"
793,2011-2012,Moises Sierra,"$414,000"
794,2011-2012,Alfredo Simon,"$414,000"
795,2011-2012,Brandon Snyder,"$414,000"
796,2011-2012,Eric Sogard,"$414,000"
797,2011-2012,Craig Stammen,"$414,000"
798,2011-2012,Chris Stewart,"$414,000"
799,2011-2012,Dee Strange-Gordon,"$414,000"
800,2011-2012,Leyson Séptimo,"$414,000"
801,2011-2012,Ruben Tejada,"$414,000"
802,2011-2012,Dale Thayer,"$414,000"
803,2011-2012,Alex Torres,"$414,000"
804,2011-2012,Mark Trumbo,"$414,000"
805,2011-2012,Justin Turner,"$414,000"
806,2011-2012,Chris Valaika,"$414,000"
807,2011-2012,Luis Valbuena,"$414,000"
808,2011-2012,Anthony Varvaro,"$414,000"
809,2011-2012,Jose Veras,"$414,000"
810,2011-2012,Ryan Vogelsong,"$414,000"
811,2011-2012,Neil Wagner,"$414,000"
812,2011-2012,Jordan Walden,"$414,000"
813,2011-2012,Tony Watson,"$414,000"
814,2011-2012,Ryan Webb,"$414,000"
815,2011-2012,Kyle Weiland,"$414,000"
816,2011-2012,Alex White,"$414,000"
817,2011-2012,Tom Wilhelmsen,"$414,000"
818,2011-2012,Jerome Williams,"$414,000"
819,2011-2012,Dontrelle Willis,"$414,000"
820,2011-2012,Vance Worley,"$414,000"
821,2011-2012,Eric Young Jr.,"$414,000"
822,2011-2012,Brad Ziegler,"$409,836"
823,2011-2012,Andrew Brackman,"$400,000"
824,2011-2012,Zack Britton,"$359,658"
825,2011-2012,Érik Bédard,"$338,797"
826,2011-2012,Matt Diaz,"$316,939"
827,2011-2012,Rubby De La Rosa,"$313,245"
828,2011-2012,Franklin Morales,"$310,469"
829,2011-2012,Eric Thames,"$305,409"
830,2011-2012,Danny Duffy,"$303,147"
831,2011-2012,Ryan Adams,"$300,885"
832,2011-2012,Wilkin Ramirez,"$296,360"
833,2011-2012,Luis Montañez,"$294,098"
834,2011-2012,Brandon Belt,"$289,573"
835,2011-2012,Felipe Lopez,"$273,224"
836,2011-2012,Lance Lynn,"$269,213"
837,2011-2012,Jemile Weeks,"$262,426"
838,2011-2012,Mike Moustakas,"$251,114"
839,2011-2012,Drew Sutton,"$246,590"
840,2011-2012,Trever Miller,"$229,508"
841,2011-2012,Mike Aviles,"$220,327"
842,2011-2012,Josh Harrison,"$214,918"
843,2011-2012,Brandon Crawford,"$212,628"
844,2011-2012,Mike Cameron,"$210,393"
845,2011-2012,Ramon Ortiz,"$199,081"
846,2011-2012,Jared Goedert,"$194,557"
847,2011-2012,Josh Wilson,"$179,258"
848,2011-2012,Ryan Langerhans,"$177,868"
849,2011-2012,Jo-Jo Reyes,"$163,162"
850,2011-2012,Jose Altuve,"$162,885"
851,2011-2012,Colby Rasmus,"$154,928"
852,2011-2012,Brian Bruney,"$153,836"
853,2011-2012,Tommy Hunter,"$152,219"
854,2011-2012,Anthony Rizzo,"$149,311"
855,2011-2012,Zach Stewart,"$149,311"
856,2011-2012,Mike Trout,"$149,292"
857,2011-2012,Brandon Allen,"$147,049"
858,2011-2012,José Constanza,"$140,262"
859,2011-2012,Chris Davis,"$139,430"
860,2011-2012,Jeff Stevens,"$133,475"
861,2011-2012,Paul Goldschmidt,"$133,458"
862,2011-2012,Brad Hand,"$133,458"
863,2011-2012,Dave Sappelt,"$124,426"
864,2011-2012,Nathan Eovaldi,"$119,901"
865,2011-2012,D.J. LeMahieu,"$119,886"
866,2011-2012,Arodys Vizcaino,"$113,736"
867,2011-2012,Henderson Alvarez III,"$113,114"
868,2011-2012,Salvador Perez,"$113,114"
869,2011-2012,Willie Eyre,"$110,852"
870,2011-2012,Wade Miley,"$99,540"
871,2011-2012,Josh Kinney,"$97,278"
872,2011-2012,Ryan Lavarnway,"$93,263"
873,2011-2012,Brad Brach,"$90,491"
874,2011-2012,Julio Teherán,"$85,967"
875,2011-2012,Miguel Batista,"$76,918"
876,2011-2012,Eric Surkamp,"$75,065"
877,2011-2012,Randy Williams,"$74,655"
878,2011-2012,Robinson Chirinos,"$72,393"
879,2011-2012,Jeremy Hermida,"$67,868"
880,2011-2012,Kyle Hudson,"$67,868"
881,2011-2012,Rick van den Hurk,"$67,868"
882,2011-2012,Shane Lindsay,"$65,606"
883,2011-2012,Addison Reed,"$65,606"
884,2011-2012,Martin Maldonado,"$63,336"
885,2011-2012,Julio Lugo,"$61,081"
886,2011-2012,Antoan Richardson,"$61,081"
887,2011-2012,Eduardo Escobar,"$61,074"
888,2011-2012,Steve Lombardozzi,"$54,295"
889,2011-2012,Liam Hendriks,"$52,032"
890,2011-2012,Drew Pomeranz,"$49,764"
891,2011-2012,Manuel Pina,"$44,153"
892,2011-2012,Trever Miller,"$40,721"
893,2011-2012,Austin Romine,"$40,721"
894,2011-2012,Zach Putnam,"$38,459"
895,2011-2012,Dallas McPherson,"$29,409"
896,2011-2012,Matt Carpenter,"$27,144"
897,2011-2012,Steve Clevenger,"$22,622"
898,2011-2012,Corey Kluber,"$22,620"
899,2012-2013,Álex Rodríguez,"$30,000,000"
900,2012-2013,Adrián González,"$27,000,000"
901,2012-2013,Johan Santana,"$24,000,000"
902,2012-2013,Prince Fielder,"$23,150,000"
903,2012-2013,Joe Mauer,"$23,025,000"
904,2012-2013,CC Sabathia,"$23,000,000"
905,2012-2013,Mark Teixeira,"$22,500,000"
906,2012-2013,Cliff Lee,"$21,500,000"
907,2012-2013,Miguel Cabrera,"$21,300,000"
908,2012-2013,Vernon Wells,"$21,000,000"
909,2012-2013,Roy Halladay,"$20,000,000"
910,2012-2013,Ryan Howard,"$20,000,000"
911,2012-2013,Justin Verlander,"$20,000,000"
912,2012-2013,Felix Hernandez,"$19,750,000"
913,2012-2013,Carl Crawford,"$19,500,000"
914,2012-2013,Barry Zito,"$19,000,000"
915,2012-2013,Torii Hunter,"$18,000,000"
916,2012-2013,Tim Lincecum,"$18,000,000"
917,2012-2013,Alfonso Soriano,"$18,000,000"
918,2012-2013,Jake Peavy,"$17,075,000"
919,2012-2013,Matt Cain,"$16,266,666"
920,2012-2013,Jason Bay,"$16,000,000"
921,2012-2013,Derek Jeter,"$16,000,000"
922,2012-2013,Michael Young,"$16,000,000"
923,2012-2013,Josh Beckett,"$15,750,000"
924,2012-2013,John Lackey,"$15,250,000"
925,2012-2013,Adrián Beltré,"$15,200,000"
926,2012-2013,Matt Holliday,"$15,050,000"
927,2012-2013,David Wright,"$15,050,000"
928,2012-2013,Cole Hamels,"$15,000,000"
929,2012-2013,Mariano Rivera,"$15,000,000"
930,2012-2013,Chase Utley,"$15,000,000"
931,2012-2013,Jered Weaver,"$15,000,000"
932,2012-2013,David Ortiz,"$14,575,000"
933,2012-2013,José Bautista,"$14,000,000"
934,2012-2013,Robinson Canó,"$14,000,000"
935,2012-2013,Adam Dunn,"$14,000,000"
936,2012-2013,Justin Morneau,"$14,000,000"
937,2012-2013,Yasiel Puig,"$14,000,000"
938,2012-2013,Josh Hamilton,"$13,750,000"
939,2012-2013,Josh Johnson,"$13,750,000"
940,2012-2013,Zack Greinke,"$13,500,000"
941,2012-2013,Carlos Beltrán,"$13,050,000"
942,2012-2013,Travis Hafner,"$13,000,000"
943,2012-2013,Victor Martinez,"$13,000,000"
944,2012-2013,Dan Uggla,"$13,000,000"
945,2012-2013,Jayson Werth,"$13,000,000"
946,2012-2013,Dan Haren,"$12,750,000"
947,2012-2013,C.J. Wilson,"$12,550,000"
948,2012-2013,Brandon Phillips,"$12,500,000"
949,2012-2013,Ryan Zimmerman,"$12,175,000"
950,2012-2013,Matt Kemp,"$12,000,000"
951,2012-2013,Paul Konerko,"$12,000,000"
952,2012-2013,Nick Markakis,"$12,000,000"
953,2012-2013,Albert Pujols,"$12,000,000"
954,2012-2013,Álex Ríos,"$12,000,000"
955,2012-2013,Kyle Lohse,"$11,875,000"
956,2012-2013,Ted Lilly,"$11,666,666"
957,2012-2013,Brian McCann,"$11,500,000"
958,2012-2013,Ervin Santana,"$11,200,000"
959,2012-2013,Jimmy Rollins,"$11,050,000"
960,2012-2013,Joey Votto,"$11,050,000"
961,2012-2013,Jonathan Papelbon,"$11,000,058"
962,2012-2013,Edwin Jackson,"$11,000,000"
963,2012-2013,Rafael Soriano,"$11,000,000"
964,2012-2013,Andre Ethier,"$10,950,000"
965,2012-2013,Joe Blanton,"$10,500,000"
966,2012-2013,Michael Cuddyer,"$10,500,000"
967,2012-2013,Hunter Pence,"$10,400,000"
968,2012-2013,Daisuke Matsuzaka,"$10,333,334"
969,2012-2013,Nick Swisher,"$10,250,000"
970,2012-2013,Curtis Granderson,"$10,025,000"
971,2012-2013,Mark Buehrle,"$10,000,000"
972,2012-2013,Jorge De La Rosa,"$10,000,000"
973,2012-2013,Hiroki Kuroda,"$10,000,000"
974,2012-2013,Jose Reyes,"$10,000,000"
975,2012-2013,Brian Roberts,"$10,000,000"
976,2012-2013,Rickie Weeks,"$10,000,000"
977,2012-2013,Matt Garza,"$9,500,000"
978,2012-2013,Randy Wolf,"$9,500,000"
979,2012-2013,Mike Napoli,"$9,400,000"
980,2012-2013,Chad Billingsley,"$9,000,000"
981,2012-2013,Chone Figgins,"$9,000,000"
982,2012-2013,Corey Hart,"$9,000,000"
983,2012-2013,Tim Hudson,"$9,000,000"
984,2012-2013,Ricky Nolasco,"$9,000,000"
985,2012-2013,Adam Wainwright,"$9,000,000"
986,2012-2013,Ryan Braun,"$8,500,000"
987,2012-2013,Chris Carpenter,"$8,500,000"
988,2012-2013,Brian Wilson,"$8,500,000"
989,2012-2013,Troy Tulowitzki,"$8,275,000"
990,2012-2013,J.J. Hardy,"$8,250,000"
991,2012-2013,Dustin Pedroia,"$8,250,000"
992,2012-2013,Jeremy Guthrie,"$8,200,000"
993,2012-2013,Scott Rolen,"$8,166,668"
994,2012-2013,Jacoby Ellsbury,"$8,050,000"
995,2012-2013,Joe Nathan,"$8,050,000"
996,2012-2013,Billy Butler,"$8,000,000"
997,2012-2013,John Danks,"$8,000,000"
998,2012-2013,Clayton Kershaw,"$8,000,000"
999,2012-2013,Adam LaRoche,"$8,000,000"
1000,2012-2013,Francisco Rodriguez,"$8,000,000"
1001,2012-2013,Juan Uribe,"$8,000,000"
1002,2012-2013,Mark Reynolds,"$7,833,334"
1003,2012-2013,Shaun Marcum,"$7,725,000"
1004,2012-2013,Jon Lester,"$7,625,000"
1005,2012-2013,Jason Kubel,"$7,500,000"
1006,2012-2013,Russell Martin,"$7,500,000"
1007,2012-2013,James Shields,"$7,500,000"
1008,2012-2013,Ian Kinsler,"$7,250,000"
1009,2012-2013,Carlos Peña,"$7,250,000"
1010,2012-2013,Chris Young,"$7,200,000"
1011,2012-2013,Yadier Molina,"$7,100,000"
1012,2012-2013,Carlos Quentin,"$7,025,000"
1013,2012-2013,Huston Street,"$7,025,000"
1014,2012-2013,Bronson Arroyo,"$7,000,000"
1015,2012-2013,Heath Bell,"$7,000,000"
1016,2012-2013,Gavin Floyd,"$7,000,000"
1017,2012-2013,Carlos Mármol,"$7,000,000"
1018,2012-2013,Jorge Soler,"$7,000,000"
1019,2012-2013,B.J. Upton,"$7,000,000"
1020,2012-2013,Josh Willingham,"$7,000,000"
1021,2012-2013,Michael Bourn,"$6,845,000"
1022,2012-2013,Ichiro Suzuki,"$6,781,420"
1023,2012-2013,Jeff Francoeur,"$6,750,000"
1024,2012-2013,Justin Upton,"$6,750,000"
1025,2012-2013,Delmon Young,"$6,750,000"
1026,2012-2013,Scott Baker,"$6,500,000"
1027,2012-2013,Marlon Byrd,"$6,500,000"
1028,2012-2013,Yoenis Céspedes,"$6,500,000"
1029,2012-2013,Scott Feldman,"$6,500,000"
1030,2012-2013,Rafael Furcal,"$6,500,000"
1031,2012-2013,James Loney,"$6,375,000"
1032,2012-2013,Yu Darvish,"$6,350,000"
1033,2012-2013,Plácido Polanco,"$6,250,000"
1034,2012-2013,Adam Jones,"$6,200,000"
1035,2012-2013,Alex Gordon,"$6,025,000"
1036,2012-2013,John Buck,"$6,000,000"
1037,2012-2013,Melky Cabrera,"$6,000,000"
1038,2012-2013,Coco Crisp,"$6,000,000"
1039,2012-2013,Ryan Madson,"$6,000,000"
1040,2012-2013,Juan Carlos Oviedo,"$6,000,000"
1041,2012-2013,A.J. Pierzynski,"$6,000,000"
1042,2012-2013,Aramis Ramirez,"$6,000,000"
1043,2012-2013,Joakim Soria,"$6,000,000"
1044,2012-2013,Freddy Sánchez,"$6,000,000"
1045,2012-2013,Howie Kendrick,"$5,900,000"
1046,2012-2013,Miguel Montero,"$5,900,000"
1047,2012-2013,Hanley Ramirez,"$5,819,672"
1048,2012-2013,Mike Pelfrey,"$5,687,500"
1049,2012-2013,Jonathan Sánchez,"$5,600,000"
1050,2012-2013,Joaquin Benoit,"$5,500,000"
1051,2012-2013,Nelson Cruz,"$5,500,000"
1052,2012-2013,Yovani Gallardo,"$5,500,000"
1053,2012-2013,Franklin Gutierrez,"$5,500,000"
1054,2012-2013,Aaron Hill,"$5,500,000"
1055,2012-2013,Orlando Hudson,"$5,500,000"
1056,2012-2013,Francisco Liriano,"$5,500,000"
1057,2012-2013,Jhonny Peralta,"$5,500,000"
1058,2012-2013,Mark Teahen,"$5,500,000"
1059,2012-2013,Matt Thornton,"$5,500,000"
1060,2012-2013,Johnny Cueto,"$5,400,000"
1061,2012-2013,David Price,"$5,283,333"
1062,2012-2013,Ricky Romero,"$5,250,000"
1063,2012-2013,Erick Aybar,"$5,075,000"
1064,2012-2013,Carlos Gonzalez,"$5,050,000"
1065,2012-2013,Jeremy Affeldt,"$5,000,000"
1066,2012-2013,Jay Bruce,"$5,000,000"
1067,2012-2013,A.J. Burnett,"$5,000,000"
1068,2012-2013,Yunel Escobar,"$5,000,000"
1069,2012-2013,Brian Fuentes,"$5,000,000"
1070,2012-2013,John Lannan,"$5,000,000"
1071,2012-2013,Brandon League,"$5,000,000"
1072,2012-2013,Adam Lind,"$5,000,000"
1073,2012-2013,Roy Oswalt,"$5,000,000"
1074,2012-2013,Ángel Pagán,"$5,000,000"
1075,2012-2013,Alexei Ramírez,"$5,000,000"
1076,2012-2013,Luke Scott,"$5,000,000"
1077,2012-2013,Grady Sizemore,"$5,000,000"
1078,2012-2013,Ryan Dempster,"$4,972,677"
1079,2012-2013,Shin-Soo Choo,"$4,900,000"
1080,2012-2013,Todd Helton,"$4,900,000"
1081,2012-2013,Jason Vargas,"$4,850,000"
1082,2012-2013,Nick Blackburn,"$4,750,000"
1083,2012-2013,R.A. Dickey,"$4,750,000"
1084,2012-2013,Jason Hammel,"$4,750,000"
1085,2012-2013,Martín Prado,"$4,750,000"
1086,2012-2013,Asdrubal Cabrera,"$4,550,000"
1087,2012-2013,Clay Buchholz,"$4,500,000"
1088,2012-2013,Érik Bédard,"$4,500,000"
1089,2012-2013,Matt Capps,"$4,500,000"
1090,2012-2013,Bruce Chen,"$4,500,000"
1091,2012-2013,Jesse Crain,"$4,500,000"
1092,2012-2013,Evan Longoria,"$4,500,000"
1093,2012-2013,J.J. Putz,"$4,500,000"
1094,2012-2013,Chris Pérez,"$4,500,000"
1095,2012-2013,Ben Zobrist,"$4,500,000"
1096,2012-2013,Mike Adams,"$4,400,000"
1097,2012-2013,Geovany Soto,"$4,300,000"
1098,2012-2013,Brandon McCarthy,"$4,275,000"
1099,2012-2013,David DeJesus,"$4,250,000"
1100,2012-2013,Javier Lopez,"$4,250,000"
1101,2012-2013,Paul Maholm,"$4,250,000"
1102,2012-2013,Ubaldo Jiménez,"$4,200,000"
1103,2012-2013,Joel Hanrahan,"$4,135,000"
1104,2012-2013,Grant Balfour,"$4,000,000"
1105,2012-2013,Pedro Feliciano,"$4,000,000"
1106,2012-2013,Brandon Morrow,"$4,000,000"
1107,2012-2013,Darren Oliver,"$4,000,000"
1108,2012-2013,Juan Rivera,"$4,000,000"
1109,2012-2013,Koji Uehara,"$4,000,000"
1110,2012-2013,Chien-Ming Wang,"$4,000,000"
1111,2012-2013,Tsuyoshi Wada,"$3,940,000"
1112,2012-2013,Andrew Bailey,"$3,900,000"
1113,2012-2013,Brett Myers,"$3,840,000"
1114,2012-2013,Justin Masterson,"$3,825,000"
1115,2012-2013,Maicer Izturis,"$3,800,000"
1116,2012-2013,Matt Belisle,"$3,775,000"
1117,2012-2013,Jason Frasor,"$3,750,000"
1118,2012-2013,Jaime Garcia,"$3,750,000"
1119,2012-2013,Gio Gonzalez,"$3,750,000"
1120,2012-2013,Matt Guerrier,"$3,750,000"
1121,2012-2013,Max Scherzer,"$3,750,000"
1122,2012-2013,Trevor Cahill,"$3,700,000"
1123,2012-2013,Carlos Ruiz,"$3,700,000"
1124,2012-2013,Chris Iannetta,"$3,633,334"
1125,2012-2013,David Murphy,"$3,625,000"
1126,2012-2013,Luke Hochevar,"$3,510,000"
1127,2012-2013,Edwin Encarnacion,"$3,500,000"
1128,2012-2013,Álex González,"$3,500,000"
1129,2012-2013,Mike Morse,"$3,500,000"
1130,2012-2013,Miguel Olivo,"$3,500,000"
1131,2012-2013,Chase Headley,"$3,475,000"
1132,2012-2013,Wei-Yin Chen,"$3,422,000"
1133,2012-2013,Chris Capuano,"$3,375,000"
1134,2012-2013,Shane Victorino,"$3,374,316"
1135,2012-2013,Kyle Kendrick,"$3,350,000"
1136,2012-2013,Colby Lewis,"$3,250,000"
1137,2012-2013,Ramón Hernández,"$3,200,000"
1138,2012-2013,Phil Hughes,"$3,200,000"
1139,2012-2013,Pablo Sandoval,"$3,200,000"
1140,2012-2013,Tim Stauffer,"$3,200,000"
1141,2012-2013,Alberto Callaspo,"$3,150,000"
1142,2012-2013,Aníbal Sánchez,"$3,147,540"
1143,2012-2013,Elvis Andrus,"$3,125,000"
1144,2012-2013,Jeff Karstens,"$3,100,000"
1145,2012-2013,Sean Marshall,"$3,100,000"
1146,2012-2013,Rick Porcello,"$3,100,000"
1147,2012-2013,Ryan Vogelsong,"$3,100,000"
1148,2012-2013,Brett Anderson,"$3,000,000"
1149,2012-2013,Octavio Dotel,"$3,000,000"
1150,2012-2013,Ryan Doumit,"$3,000,000"
1151,2012-2013,Tom Gorzelanny,"$3,000,000"
1152,2012-2013,Aaron Harang,"$3,000,000"
1153,2012-2013,LaTroy Hawkins,"$3,000,000"
1154,2012-2013,Casey Kotchman,"$3,000,000"
1155,2012-2013,Jason Marquis,"$3,000,000"
1156,2012-2013,Tsuyoshi Nishioka,"$3,000,000"
1157,2012-2013,Cody Ross,"$3,000,000"
1158,2012-2013,Denard Span,"$3,000,000"
1159,2012-2013,Stephen Strasburg,"$3,000,000"
1160,2012-2013,Kendrys Morales,"$2,975,000"
1161,2012-2013,Matt Harrison,"$2,950,000"
1162,2012-2013,Brett Gardner,"$2,800,000"
1163,2012-2013,Jamey Carroll,"$2,750,000"
1164,2012-2013,Rajai Davis,"$2,750,000"
1165,2012-2013,Jeff Niemann,"$2,750,000"
1166,2012-2013,Clayton Richard,"$2,705,000"
1167,2012-2013,Colby Rasmus,"$2,700,000"
1168,2012-2013,Nori Aoki,"$2,675,000"
1169,2012-2013,Jeff Samardzija,"$2,640,000"
1170,2012-2013,Carlos Zambrano,"$2,550,000"
1171,2012-2013,Andruw Jones,"$2,540,000"
1172,2012-2013,Nori Aoki,"$2,500,000"
1173,2012-2013,Homer Bailey,"$2,500,000"
1174,2012-2013,Mark Ellis,"$2,500,000"
1175,2012-2013,Roberto Hernandez,"$2,500,000"
1176,2012-2013,Will Ohman,"$2,500,000"
1177,2012-2013,Andy Pettitte,"$2,500,000"
1178,2012-2013,Jarrod Saltalamacchia,"$2,500,000"
1179,2012-2013,Dayan Viciedo,"$2,500,000"
1180,2012-2013,Eric O'Flaherty,"$2,490,000"
1181,2012-2013,Ryan Ludwick,"$2,450,000"
1182,2012-2013,Charlie Morton,"$2,445,000"
1183,2012-2013,Seth Smith,"$2,415,000"
1184,2012-2013,Nick Masset,"$2,400,000"
1185,2012-2013,Dexter Fowler,"$2,350,000"
1186,2012-2013,J.A. Happ,"$2,350,000"
1187,2012-2013,Sean Burnett,"$2,300,000"
1188,2012-2013,Jordan Zimmermann,"$2,300,000"
1189,2012-2013,Brandon Lyon,"$2,284,153"
1190,2012-2013,Carlos Villanueva,"$2,277,500"
1191,2012-2013,Garrett Jones,"$2,250,000"
1192,2012-2013,Emilio Bonifacio,"$2,200,000"
1193,2012-2013,Santiago Casilla,"$2,200,000"
1194,2012-2013,Wandy Rodriguez,"$2,200,000"
1195,2012-2013,Joel Peralta,"$2,175,000"
1196,2012-2013,Omar Infante,"$2,142,076"
1197,2012-2013,Matt Diaz,"$2,125,000"
1198,2012-2013,Dustin Ackley,"$2,100,000"
1199,2012-2013,Ryan Raburn,"$2,100,000"
1200,2012-2013,Ramon Santiago,"$2,100,000"
1201,2012-2013,Aroldis Chapman,"$2,025,000"
1202,2012-2013,Dustin Moseley,"$2,012,500"
1203,2012-2013,Ryan Roberts,"$2,012,500"
1204,2012-2013,Yuniesky Betancourt,"$2,000,000"
1205,2012-2013,Bartolo Colon,"$2,000,000"
1206,2012-2013,Nick Hundley,"$2,000,000"
1207,2012-2013,Casey Janssen,"$2,000,000"
1208,2012-2013,Yunesky Maya,"$2,000,000"
1209,2012-2013,Jose Veras,"$2,000,000"
1210,2012-2013,Ty Wigginton,"$2,000,000"
1211,2012-2013,Carlos Gomez,"$1,987,500"
1212,2012-2013,Jason Motte,"$1,950,000"
1213,2012-2013,Willie Bloomquist,"$1,900,000"
1214,2012-2013,Felipe Paulino,"$1,900,000"
1215,2012-2013,Brendan Ryan,"$1,900,000"
1216,2012-2013,Boone Logan,"$1,875,000"
1217,2012-2013,Stephen Drew,"$1,863,387"
1218,2012-2013,Andrew McCutchen,"$1,850,000"
1219,2012-2013,Eric Chávez,"$1,800,000"
1220,2012-2013,Anthony Rendon,"$1,800,000"
1221,2012-2013,Craig Breslow,"$1,795,000"
1222,2012-2013,Brad Ziegler,"$1,795,000"
1223,2012-2013,Bryce Harper,"$1,750,000"
1224,2012-2013,Adeiny Hechavarria,"$1,750,000"
1225,2012-2013,Nate McLouth,"$1,750,000"
1226,2012-2013,Fernando Rodney,"$1,750,000"
1227,2012-2013,Joe Smith,"$1,750,000"
1228,2012-2013,Ryan Sweeney,"$1,750,000"
1229,2012-2013,David Ross,"$1,725,000"
1230,2012-2013,Danny Hultzen,"$1,700,000"
1231,2012-2013,Kurt Suzuki,"$1,693,989"
1232,2012-2013,Joba Chamberlain,"$1,675,000"
1233,2012-2013,Tyler Clippard,"$1,650,000"
1234,2012-2013,Aaron Crow,"$1,600,000"
1235,2012-2013,David Robertson,"$1,600,000"
1236,2012-2013,Sergio Romo,"$1,575,000"
1237,2012-2013,Luke Gregerson,"$1,550,000"
1238,2012-2013,Glen Perkins,"$1,550,000"
1239,2012-2013,Ben Francisco,"$1,537,500"
1240,2012-2013,Carlos Santana,"$1,501,900"
1241,2012-2013,Endy Chavez,"$1,500,000"
1242,2012-2013,Wade Davis,"$1,500,000"
1243,2012-2013,Hisashi Iwakuma,"$1,500,000"
1244,2012-2013,Jeff Mathis,"$1,500,000"
1245,2012-2013,John McDonald,"$1,500,000"
1246,2012-2013,Jose Molina,"$1,500,000"
1247,2012-2013,Matt Moore,"$1,500,000"
1248,2012-2013,Nick Punto,"$1,500,000"
1249,2012-2013,Skip Schumaker,"$1,500,000"
1250,2012-2013,Kevin Slowey,"$1,500,000"
1251,2012-2013,Will Venable,"$1,475,000"
1252,2012-2013,Jonathan Broxton,"$1,420,765"
1253,2012-2013,Yonder Alonso,"$1,400,000"
1254,2012-2013,Alexi Casilla,"$1,382,500"
1255,2012-2013,Noel Argüelles,"$1,380,000"
1256,2012-2013,Jeff Baker,"$1,375,000"
1257,2012-2013,J.P. Howell,"$1,350,000"
1258,2012-2013,Darren O'Day,"$1,350,000"
1259,2012-2013,Robert Andino,"$1,300,000"
1260,2012-2013,Ryan Hanigan,"$1,300,000"
1261,2012-2013,Austin Kearns,"$1,300,000"
1262,2012-2013,Aaron Cook,"$1,254,098"
1263,2012-2013,Rick Ankiel,"$1,250,000"
1264,2012-2013,Henry Blanco,"$1,250,000"
1265,2012-2013,Mark Kotsay,"$1,250,000"
1266,2012-2013,Leonys Martin,"$1,250,000"
1267,2012-2013,Jim Thome,"$1,250,000"
1268,2012-2013,Dylan Bundy,"$1,245,000"
1269,2012-2013,Alfredo Aceves,"$1,200,000"
1270,2012-2013,Mike Aviles,"$1,200,000"
1271,2012-2013,Manny Parra,"$1,200,000"
1272,2012-2013,Trevor Bauer,"$1,183,333"
1273,2012-2013,Jacob Turner,"$1,175,000"
1274,2012-2013,Chris Denorfia,"$1,165,000"
1275,2012-2013,Ronny Cedeno,"$1,150,000"
1276,2012-2013,Reed Johnson,"$1,150,000"
1277,2012-2013,Jed Lowrie,"$1,150,000"
1278,2012-2013,Laynce Nix,"$1,150,000"
1279,2012-2013,Jack Hannahan,"$1,135,000"
1280,2012-2013,Gerald Laird,"$1,120,000"
1281,2012-2013,Ben Sheets,"$1,106,557"
1282,2012-2013,Phil Coke,"$1,100,000"
1283,2012-2013,Jason Grilli,"$1,100,000"
1284,2012-2013,Scott Hairston,"$1,100,000"
1285,2012-2013,Raúl Ibañez,"$1,100,000"
1286,2012-2013,George Sherrill,"$1,100,000"
1287,2012-2013,Kevin Youkilis,"$1,088,524"
1288,2012-2013,Matt Albers,"$1,075,000"
1289,2012-2013,Burke Badenhop,"$1,075,000"
1290,2012-2013,Andrew Miller,"$1,040,000"
1291,2012-2013,Jonathon Niese,"$1,019,500"
1292,2012-2013,Miguel Cairo,"$1,000,000"
1293,2012-2013,Alcides Escobar,"$1,000,000"
1294,2012-2013,Jason Giambi,"$1,000,000"
1295,2012-2013,Jonny Gomes,"$1,000,000"
1296,2012-2013,Derek Holland,"$1,000,000"
1297,2012-2013,Kevin Kouzmanoff,"$1,000,000"
1298,2012-2013,Brad Lidge,"$1,000,000"
1299,2012-2013,Jonathan Lucroy,"$1,000,000"
1300,2012-2013,Cory Luebke,"$1,000,000"
1301,2012-2013,Cameron Maybin,"$1,000,000"
1302,2012-2013,Lyle Overbay,"$1,000,000"
1303,2012-2013,Ronny Paulino,"$1,000,000"
1304,2012-2013,Félix Pié,"$1,000,000"
1305,2012-2013,Humberto Quintero,"$1,000,000"
1306,2012-2013,Yoshinori Tateyama,"$1,000,000"
1307,2012-2013,Jack Wilson,"$1,000,000"
1308,2012-2013,Jesse Litsch,"$975,000"
1309,2012-2013,Hisanori Takahashi,"$940,983"
1310,2012-2013,Jose Mijares,"$925,000"
1311,2012-2013,Junichi Tazawa,"$920,000"
1312,2012-2013,Casey McGehee,"$901,297"
1313,2012-2013,Brian Bruney,"$900,000"
1314,2012-2013,Vinnie Chulk,"$900,000"
1315,2012-2013,Koyie Hill,"$900,000"
1316,2012-2013,Don Kelly,"$900,000"
1317,2012-2013,Ross Ohlendorf,"$900,000"
1318,2012-2013,Jamey Wright,"$900,000"
1319,2012-2013,Evan Meek,"$875,000"
1320,2012-2013,Brayan Pena,"$875,000"
1321,2012-2013,Paul Janish,"$850,000"
1322,2012-2013,Scott Linebrink,"$850,000"
1323,2012-2013,Franklin Morales,"$850,000"
1324,2012-2013,Chris Resop,"$850,000"
1325,2012-2013,Joel Zumaya,"$850,000"
1326,2012-2013,Luis Ayala,"$825,000"
1327,2012-2013,Jerome Williams,"$820,000"
1328,2012-2013,José Arredondo,"$800,000"
1329,2012-2013,Brad Bergesen,"$800,000"
1330,2012-2013,Aaron Laffey,"$800,000"
1331,2012-2013,Dioner Navarro,"$800,000"
1332,2012-2013,Juan Pierre,"$800,000"
1333,2012-2013,Brian Schneider,"$800,000"
1334,2012-2013,Buster Posey,"$790,000"
1335,2012-2013,Henry Urrutia,"$778,500"
1336,2012-2013,Matt Lindstrom,"$767,213"
1337,2012-2013,John Baker,"$750,000"
1338,2012-2013,Jared Burton,"$750,000"
1339,2012-2013,Dana Eveland,"$750,000"
1340,2012-2013,Salvador Perez,"$750,000"
1341,2012-2013,Chris Snyder,"$750,000"
1342,2012-2013,Jose Tabata,"$750,000"
1343,2012-2013,Omar Vizquel,"$750,000"
1344,2012-2013,Rich Hill,"$725,000"
1345,2012-2013,Pedro Alvarez,"$700,000"
1346,2012-2013,Joe Thatcher,"$700,000"
1347,2012-2013,Brian Matusz,"$650,000"
1348,2012-2013,Emmanuel Burriss,"$625,000"
1349,2012-2013,Munenori Kawasaki,"$625,000"
1350,2012-2013,Mike Gonzalez,"$604,918"
1351,2012-2013,Gerardo Concepcion,"$600,000"
1352,2012-2013,Shawn Kelley,"$600,000"
1353,2012-2013,Dustin McGowan,"$600,000"
1354,2012-2013,Adam Rosales,"$600,000"
1355,2012-2013,Eli Whiteside,"$600,000"
1356,2012-2013,Craig Kimbrel,"$590,000"
1357,2012-2013,Randy Choate,"$581,967"
1358,2012-2013,Travis Buck,"$580,000"
1359,2012-2013,Edward Mujica,"$577,185"
1360,2012-2013,Starlin Castro,"$567,000"
1361,2012-2013,Jason Heyward,"$565,000"
1362,2012-2013,Madison Bumgarner,"$560,000"
1363,2012-2013,Mat Latos,"$550,000"
1364,2012-2013,Chris Young,"$545,901"
1365,2012-2013,Oliver Perez,"$540,983"
1366,2012-2013,Freddie Freeman,"$535,000"
1367,2012-2013,Jonny Venters,"$533,000"
1368,2012-2013,Michael Pineda,"$528,475"
1369,2012-2013,Drew Stubbs,"$527,500"
1370,2012-2013,Ivan Nova,"$527,200"
1371,2012-2013,John Axford,"$525,000"
1372,2012-2013,Travis Ishikawa,"$525,000"
1373,2012-2013,Eduardo Nunez,"$523,800"
1374,2012-2013,Mark Melancon,"$521,000"
1375,2012-2013,Gordon Beckham,"$520,000"
1376,2012-2013,Ian Kennedy,"$519,500"
1377,2012-2013,Grégor Blanco,"$516,000"
1378,2012-2013,Brian Duensing,"$515,000"
1379,2012-2013,Danny Valencia,"$515,000"
1380,2012-2013,Francisco Cervelli,"$513,700"
1381,2012-2013,Ian Desmond,"$512,500"
1382,2012-2013,James Russell,"$512,500"
1383,2012-2013,Daniel Murphy,"$512,196"
1384,2012-2013,Wesley Wright,"$512,000"
1385,2012-2013,Bud Norris,"$511,000"
1386,2012-2013,Scott Atchison,"$510,000"
1387,2012-2013,Alex Avila,"$510,000"
1388,2012-2013,David Freese,"$508,000"
1389,2012-2013,Doug Fister,"$507,500"
1390,2012-2013,Mike Leake,"$507,500"
1391,2012-2013,Ike Davis,"$506,690"
1392,2012-2013,Danny Espinosa,"$506,000"
1393,2012-2013,Antonio Bastardo,"$505,000"
1394,2012-2013,Tony Sipp,"$504,900"
1395,2012-2013,Ramiro Pena,"$504,600"
1396,2012-2013,Daniel Hudson,"$504,000"
1397,2012-2013,Jon Jay,"$504,000"
1398,2012-2013,Bobby Parnell,"$504,000"
1399,2012-2013,Marc Rzepczynski,"$504,000"
1400,2012-2013,Eric Hosmer,"$502,500"
1401,2012-2013,James McDonald,"$502,500"
1402,2012-2013,Neftali Feliz,"$502,000"
1403,2012-2013,Dillon Gee,"$502,000"
1404,2012-2013,Gerardo Parra,"$502,000"
1405,2012-2013,Kevin Jepsen,"$501,000"
1406,2012-2013,Darwin Barney,"$500,000"
1407,2012-2013,Peter Bourjos,"$500,000"
1408,2012-2013,Andrew Brackman,"$500,000"
1409,2012-2013,Chris Coghlan,"$500,000"
1410,2012-2013,Shelley Duncan,"$500,000"
1411,2012-2013,Kosuke Fukudome,"$500,000"
1412,2012-2013,Austin Jackson,"$500,000"
1413,2012-2013,Chris Narveson,"$500,000"
1414,2012-2013,Micah Owings,"$500,000"
1415,2012-2013,Chris Sale,"$500,000"
1416,2012-2013,Marco Scutaro,"$500,000"
1417,2012-2013,Mark Trumbo,"$500,000"
1418,2012-2013,Neil Walker,"$500,000"
1419,2012-2013,Matt Wieters,"$500,000"
1420,2012-2013,Matt Joyce,"$499,500"
1421,2012-2013,David Hernandez,"$499,000"
1422,2012-2013,Josh Thole,"$498,920"
1423,2012-2013,Drew Storen,"$498,750"
1424,2012-2013,Fernando Salas,"$498,000"
1425,2012-2013,Alexi Ogando,"$497,600"
1426,2012-2013,Lucas Duda,"$497,218"
1427,2012-2013,Greg Holland,"$497,150"
1428,2012-2013,Tim Collins,"$495,725"
1429,2012-2013,Michael Brantley,"$495,300"
1430,2012-2013,John Jaso,"$495,200"
1431,2012-2013,Luis Valbuena,"$495,200"
1432,2012-2013,Justin Smoak,"$495,100"
1433,2012-2013,Al Alburquerque,"$495,000"
1434,2012-2013,Brandon Beachy,"$495,000"
1435,2012-2013,Allen Craig,"$495,000"
1436,2012-2013,Alejandro De Aza,"$495,000"
1437,2012-2013,Daniel Descalso,"$495,000"
1438,2012-2013,Chris Heisey,"$495,000"
1439,2012-2013,David Herndon,"$495,000"
1440,2012-2013,Chris Johnson,"$495,000"
1441,2012-2013,John Mayberry Jr.,"$495,000"
1442,2012-2013,Jordan Walden,"$495,000"
1443,2012-2013,Vance Worley,"$495,000"
1444,2012-2013,Josh Tomlin,"$494,500"
1445,2012-2013,Tommy Hunter,"$493,500"
1446,2012-2013,Sean Rodriguez,"$492,800"
1447,2012-2013,Logan Ondrusek,"$492,500"
1448,2012-2013,Ben Revere,"$492,500"
1449,2012-2013,Fernando Rodriguez,"$492,000"
1450,2012-2013,Louis Coleman,"$491,750"
1451,2012-2013,Cristhian Martínez,"$491,250"
1452,2012-2013,Wilson Ramos,"$491,250"
1453,2012-2013,Ruben Tejada,"$491,209"
1454,2012-2013,Justin Turner,"$491,209"
1455,2012-2013,Vinnie Pestano,"$491,200"
1456,2012-2013,Mitch Moreland,"$491,100"
1457,2012-2013,Kenley Jansen,"$491,000"
1458,2012-2013,Nolan Reimold,"$490,500"
1459,2012-2013,Jerry Blevins,"$490,000"
1460,2012-2013,A.J. Ellis,"$490,000"
1461,2012-2013,Kris Medlen,"$490,000"
1462,2012-2013,Cliff Pennington,"$490,000"
1463,2012-2013,J.P. Arencibia,"$489,600"
1464,2012-2013,Jeremy Hellickson,"$489,500"
1465,2012-2013,Taylor Teagarden,"$489,500"
1466,2012-2013,Sam Fuld,"$489,400"
1467,2012-2013,Ernesto Frieri,"$489,100"
1468,2012-2013,Michael Saunders,"$489,100"
1469,2012-2013,Jordan Schafer,"$489,000"
1470,2012-2013,Mike Carp,"$488,800"
1471,2012-2013,Jake Arrieta,"$488,500"
1472,2012-2013,Carlos Carrasco,"$488,500"
1473,2012-2013,Jason Bourgeois,"$488,000"
1474,2012-2013,Chris Davis,"$488,000"
1475,2012-2013,Javy Guerra,"$488,000"
1476,2012-2013,Hector Noesi,"$488,000"
1477,2012-2013,Danny Duffy,"$487,750"
1478,2012-2013,Pedro Beato,"$487,500"
1479,2012-2013,Sam LeCure,"$487,500"
1480,2012-2013,Joe Paterson,"$487,500"
1481,2012-2013,Alfredo Simon,"$487,500"
1482,2012-2013,Anthony Swarzak,"$487,500"
1483,2012-2013,Mike Moustakas,"$487,250"
1484,2012-2013,Desmond Jennings,"$486,900"
1485,2012-2013,Jesús Montero,"$486,900"
1486,2012-2013,Jesus Guzman,"$486,600"
1487,2012-2013,David Huff,"$486,200"
1488,2012-2013,Andrew Cashner,"$486,100"
1489,2012-2013,Elliot Johnson,"$486,100"
1490,2012-2013,Zack Britton,"$486,000"
1491,2012-2013,Jason Castro,"$486,000"
1492,2012-2013,Josh Collmenter,"$486,000"
1493,2012-2013,Marco Estrada,"$486,000"
1494,2012-2013,Christopher Leroux,"$486,000"
1495,2012-2013,Kyle Drabek,"$485,900"
1496,2012-2013,Anthony Bass,"$485,300"
1497,2012-2013,Fernando Abad,"$485,000"
1498,2012-2013,Ross Detwiler,"$485,000"
1499,2012-2013,Andy Dirks,"$485,000"
1500,2012-2013,Michael McKenry,"$485,000"
1501,2012-2013,Trevor Plouffe,"$485,000"
1502,2012-2013,Josh Reddick,"$485,000"
1503,2012-2013,Craig Stammen,"$485,000"
1504,2012-2013,Dee Strange-Gordon,"$485,000"
1505,2012-2013,Craig Gentry,"$484,300"
1506,2012-2013,Kyle Seager,"$484,300"
1507,2012-2013,Jake McGee,"$484,200"
1508,2012-2013,Michael Bowden,"$484,000"
1509,2012-2013,Felix Doubront,"$484,000"
1510,2012-2013,Josh Harrison,"$484,000"
1511,2012-2013,Tony Watson,"$484,000"
1512,2012-2013,Jarrod Dyson,"$483,625"
1513,2012-2013,Troy Patton,"$483,500"
1514,2012-2013,Jose Altuve,"$483,000"
1515,2012-2013,Tony Campana,"$483,000"
1516,2012-2013,Tyler Flowers,"$483,000"
1517,2012-2013,Ryan Kalish,"$483,000"
1518,2012-2013,J.D. Martinez,"$483,000"
1519,2012-2013,Bryan Shaw,"$483,000"
1520,2012-2013,Henderson Alvarez III,"$482,900"
1521,2012-2013,Michael Kirkman,"$482,900"
1522,2012-2013,Tom Wilhelmsen,"$482,900"
1523,2012-2013,Jeanmar Gomez,"$482,700"
1524,2012-2013,Collin Cowgill,"$482,500"
1525,2012-2013,Rubby De La Rosa,"$482,500"
1526,2012-2013,Brett Lawrie,"$482,500"
1527,2012-2013,Matt Maloney,"$482,500"
1528,2012-2013,Mike Minor,"$482,500"
1529,2012-2013,Eric Sogard,"$482,500"
1530,2012-2013,Chris Stewart,"$482,500"
1531,2012-2013,Pedro Strop,"$482,500"
1532,2012-2013,Mike Trout,"$482,500"
1533,2012-2013,Jemile Weeks,"$482,500"
1534,2012-2013,Jason Kipnis,"$482,100"
1535,2012-2013,Jhoulys Chacin,"$482,000"
1536,2012-2013,Casey Crosby,"$482,000"
1537,2012-2013,Paul Goldschmidt,"$482,000"
1538,2012-2013,Lucas Harrell,"$482,000"
1539,2012-2013,Jonathan Herrera,"$482,000"
1540,2012-2013,Lance Lynn,"$482,000"
1541,2012-2013,Austin Romine,"$482,000"
1542,2012-2013,Jeremy Jeffress,"$481,725"
1543,2012-2013,Jose Lobaton,"$481,500"
1544,2012-2013,Zach Stewart,"$481,500"
1545,2012-2013,Logan Forsythe,"$481,400"
1546,2012-2013,George Kontos,"$481,350"
1547,2012-2013,Anthony Varvaro,"$481,250"
1548,2012-2013,Alexi Amarista,"$481,000"
1549,2012-2013,Brandon Belt,"$481,000"
1550,2012-2013,Dellin Betances,"$481,000"
1551,2012-2013,Brandon Crawford,"$481,000"
1552,2012-2013,Tony Cruz,"$481,000"
1553,2012-2013,Cody Eppley,"$481,000"
1554,2012-2013,Jared Hughes,"$481,000"
1555,2012-2013,Brandon Kintzler,"$481,000"
1556,2012-2013,Steve Lombardozzi,"$481,000"
1557,2012-2013,Wade Miley,"$481,000"
1558,2012-2013,Andy Parrino,"$481,000"
1559,2012-2013,Matt Reynolds,"$481,000"
1560,2012-2013,Esmil Rogers,"$481,000"
1561,2012-2013,Clete Thomas,"$481,000"
1562,2012-2013,Angel Villalona,"$481,000"
1563,2012-2013,Eric Young Jr.,"$481,000"
1564,2012-2013,Lorenzo Cain,"$480,850"
1565,2012-2013,Robinson Chirinos,"$480,700"
1566,2012-2013,Steve Delabar,"$480,700"
1567,2012-2013,Kelvin Herrera,"$480,650"
1568,2012-2013,Steve Clevenger,"$480,500"
1569,2012-2013,Manuel Pina,"$480,425"
1570,2012-2013,Matt Adams,"$480,000"
1571,2012-2013,Cody Allen,"$480,000"
1572,2012-2013,Oswaldo Arcia,"$480,000"
1573,2012-2013,Luis Avilan,"$480,000"
1574,2012-2013,Dylan Axelrod,"$480,000"
1575,2012-2013,Brandon Barnes,"$480,000"
1576,2012-2013,Ronald Belisario,"$480,000"
1577,2012-2013,Jeff Beliveau,"$480,000"
1578,2012-2013,Engel Beltre,"$480,000"
1579,2012-2013,Jeff Bianchi,"$480,000"
1580,2012-2013,Charlie Blackmon,"$480,000"
1581,2012-2013,Brad Brach,"$480,000"
1582,2012-2013,Rob Brantly,"$480,000"
1583,2012-2013,Drake Britton,"$480,000"
1584,2012-2013,Rex Brothers,"$480,000"
1585,2012-2013,Domonic Brown,"$480,000"
1586,2012-2013,Cory Burns,"$480,000"
1587,2012-2013,Drew Butera,"$480,000"
1588,2012-2013,Everth Cabrera,"$480,000"
1589,2012-2013,Everth Cabrera,"$480,000"
1590,2012-2013,Kole Calhoun,"$480,000"
1591,2012-2013,Arquimedes Caminero,"$480,000"
1592,2012-2013,Carter Capps,"$480,000"
1593,2012-2013,Andrew Carignan,"$480,000"
1594,2012-2013,David Carpenter,"$480,000"
1595,2012-2013,Matt Carpenter,"$480,000"
1596,2012-2013,Ezequiel Carrera,"$480,000"
1597,2012-2013,Chris Carter,"$480,000"
1598,2012-2013,Welington Castillo,"$480,000"
1599,2012-2013,Brett Cecil,"$480,000"
1600,2012-2013,José Ceda,"$480,000"
1601,2012-2013,Xavier Cedeño,"$480,000"
1602,2012-2013,Tyler Chatwood,"$480,000"
1603,2012-2013,Jesse Chavez,"$480,000"
1604,2012-2013,Lonnie Chisenhall,"$480,000"
1605,2012-2013,Tony Cingrani,"$480,000"
1606,2012-2013,Steve Cishek,"$480,000"
1607,2012-2013,Paul Clemens,"$480,000"
1608,2012-2013,Maikel Cleto,"$480,000"
1609,2012-2013,Alex Cobb,"$480,000"
1610,2012-2013,Hank Conger,"$480,000"
1611,2012-2013,José Constanza,"$480,000"
1612,2012-2013,Ryan Cook,"$480,000"
1613,2012-2013,Carlos Corporán,"$480,000"
1614,2012-2013,Zack Cozart,"$480,000"
1615,2012-2013,Charlie Culberson,"$480,000"
1616,2012-2013,Justin De Fratus,"$480,000"
1617,2012-2013,Miguel De Los Santos,"$480,000"
1618,2012-2013,Samuel Deduno,"$480,000"
1619,2012-2013,Randall Delgado,"$480,000"
1620,2012-2013,Scott Diamond,"$480,000"
1621,2012-2013,Matt Dominguez,"$480,000"
1622,2012-2013,Sean Doolittle,"$480,000"
1623,2012-2013,Darin Downs,"$480,000"
1624,2012-2013,Brian Dozier,"$480,000"
1625,2012-2013,Mike Dunn,"$480,000"
1626,2012-2013,Sam Dyson,"$480,000"
1627,2012-2013,Adam Eaton,"$480,000"
1628,2012-2013,Josh Edgin,"$480,000"
1629,2012-2013,Nathan Eovaldi,"$480,000"
1630,2012-2013,Edgmer Escalona,"$480,000"
1631,2012-2013,Eduardo Escobar,"$480,000"
1632,2012-2013,Tim Federowicz,"$480,000"
1633,2012-2013,Casey Fien,"$480,000"
1634,2012-2013,Michael Fiers,"$480,000"
1635,2012-2013,Pedro Figueroa,"$480,000"
1636,2012-2013,Ryan Flaherty,"$480,000"
1637,2012-2013,Wilmer Flores,"$480,000"
1638,2012-2013,Pedro Florimón,"$480,000"
1639,2012-2013,Juan Francisco,"$480,000"
1640,2012-2013,Todd Frazier,"$480,000"
1641,2012-2013,Sam Freeman,"$480,000"
1642,2012-2013,Christian Friedrich,"$480,000"
1643,2012-2013,Charlie Furbush,"$480,000"
1644,2012-2013,Freddy Galvis,"$480,000"
1645,2012-2013,Christian Garcia,"$480,000"
1646,2012-2013,Cory Gearrin,"$480,000"
1647,2012-2013,Steve Geltz,"$480,000"
1648,2012-2013,Conor Gillaspie,"$480,000"
1649,2012-2013,Chris Gimenez,"$480,000"
1650,2012-2013,Caleb Gindl,"$480,000"
1651,2012-2013,Brandon Gomes,"$480,000"
1652,2012-2013,Marwin Gonzalez,"$480,000"
1653,2012-2013,Édgar González,"$480,000"
1654,2012-2013,Yasmani Grandal,"$480,000"
1655,2012-2013,Taylor Green,"$480,000"
1656,2012-2013,Didi Gregorius,"$480,000"
1657,2012-2013,A.J. Griffin,"$480,000"
1658,2012-2013,Brandon Guyer,"$480,000"
1659,2012-2013,Héctor Gómez,"$480,000"
1660,2012-2013,Nick Hagadone,"$480,000"
1661,2012-2013,Matt Hague,"$480,000"
1662,2012-2013,Matt Harvey,"$480,000"
1663,2012-2013,Chris Hatcher,"$480,000"
1664,2012-2013,Johnny Hellweg,"$480,000"
1665,2012-2013,Chris Herrmann,"$480,000"
1666,2012-2013,L.J. Hoes,"$480,000"
1667,2012-2013,Bryan Holaday,"$480,000"
1668,2012-2013,J.J. Hoover,"$480,000"
1669,2012-2013,Drew Hutchison,"$480,000"
1670,2012-2013,Ryan Jackson,"$480,000"
1671,2012-2013,Juan Jaime,"$480,000"
1672,2012-2013,Nate Jones,"$480,000"
1673,2012-2013,Dallas Keuchel,"$480,000"
1674,2012-2013,Tom Koehler,"$480,000"
1675,2012-2013,Pete Kozma,"$480,000"
1676,2012-2013,Erik Kratz,"$480,000"
1677,2012-2013,Juan Lagares,"$480,000"
1678,2012-2013,Junior Lake,"$480,000"
1679,2012-2013,Ryan Lavarnway,"$480,000"
1680,2012-2013,Wade LeBlanc,"$480,000"
1681,2012-2013,D.J. LeMahieu,"$480,000"
1682,2012-2013,Charlie Leesman,"$480,000"
1683,2012-2013,Jeff Locke,"$480,000"
1684,2012-2013,David Lough,"$480,000"
1685,2012-2013,Lucas Luetge,"$480,000"
1686,2012-2013,Donald Lutz,"$480,000"
1687,2012-2013,Jordan Lyles,"$480,000"
1688,2012-2013,Jean Machi,"$480,000"
1689,2012-2013,Martin Maldonado,"$480,000"
1690,2012-2013,Zach McAllister,"$480,000"
1691,2012-2013,Collin McHugh,"$480,000"
1692,2012-2013,Yoervis Medina,"$480,000"
1693,2012-2013,Jenrry Mejia,"$480,000"
1694,2012-2013,Roman Mendez,"$480,000"
1695,2012-2013,Jordy Mercer,"$480,000"
1696,2012-2013,Melky Mesa,"$480,000"
1697,2012-2013,Devin Mesoraco,"$480,000"
1698,2012-2013,Will Middlebrooks,"$480,000"
1699,2012-2013,Shelby Miller,"$480,000"
1700,2012-2013,Tommy Milone,"$480,000"
1701,2012-2013,Nestor Molina,"$480,000"
1702,2012-2013,Tyler Moore,"$480,000"
1703,2012-2013,Bryan Morris,"$480,000"
1704,2012-2013,Logan Morrison,"$480,000"
1705,2012-2013,Guillermo Moscoso,"$480,000"
1706,2012-2013,Brandon Moss,"$480,000"
1707,2012-2013,Chris Nelson,"$480,000"
1708,2012-2013,Juan Nicasio,"$480,000"
1709,2012-2013,Kirk Nieuwenhuis,"$480,000"
1710,2012-2013,Derek Norris,"$480,000"
1711,2012-2013,Jake Odorizzi,"$480,000"
1712,2012-2013,Lester Oliveros,"$480,000"
1713,2012-2013,Adam Ottavino,"$480,000"
1714,2012-2013,Jimmy Paredes,"$480,000"
1715,2012-2013,Jarrod Parker,"$480,000"
1716,2012-2013,Chris Parmelee,"$480,000"
1717,2012-2013,Tyler Pastornicky,"$480,000"
1718,2012-2013,Brad Peacock,"$480,000"
1719,2012-2013,Carlos Peguero,"$480,000"
1720,2012-2013,Francisco Peguero,"$480,000"
1721,2012-2013,Wily Peralta,"$480,000"
1722,2012-2013,Yusmeiro Petit,"$480,000"
1723,2012-2013,David Phelps,"$480,000"
1724,2012-2013,Stolmy Pimentel,"$480,000"
1725,2012-2013,Luke Putkonen,"$480,000"
1726,2012-2013,Zach Putnam,"$480,000"
1727,2012-2013,Hernán Pérez,"$480,000"
1728,2012-2013,Martín Pérez,"$480,000"
1729,2012-2013,Neil Ramirez,"$480,000"
1730,2012-2013,A.J. Ramos,"$480,000"
1731,2012-2013,César Ramos,"$480,000"
1732,2012-2013,Anthony Recker,"$480,000"
1733,2012-2013,Todd Redmond,"$480,000"
1734,2012-2013,Addison Reed,"$480,000"
1735,2012-2013,Garrett Richards,"$480,000"
1736,2012-2013,Carlos Rivero,"$480,000"
1737,2012-2013,Anthony Rizzo,"$480,000"
1738,2012-2013,Tyler Robertson,"$480,000"
1739,2012-2013,Shane Robinson,"$480,000"
1740,2012-2013,Andrew Romine,"$480,000"
1741,2012-2013,Wilin Rosario,"$480,000"
1742,2012-2013,Tyson Ross,"$480,000"
1743,2012-2013,Justin Ruggiano,"$480,000"
1744,2012-2013,Josh Rutledge,"$480,000"
1745,2012-2013,Danny Salazar,"$480,000"
1746,2012-2013,Jerry Sands,"$480,000"
1747,2012-2013,Hector Santiago,"$480,000"
1748,2012-2013,Dave Sappelt,"$480,000"
1749,2012-2013,Logan Schafer,"$480,000"
1750,2012-2013,Tanner Scheppers,"$480,000"
1751,2012-2013,Evan Scribner,"$480,000"
1752,2012-2013,J.B. Shuck,"$480,000"
1753,2012-2013,Moises Sierra,"$480,000"
1754,2012-2013,Alfredo Silverio,"$480,000"
1755,2012-2013,Tyler Skaggs,"$480,000"
1756,2012-2013,Will Smith,"$480,000"
1757,2012-2013,Travis Snider,"$480,000"
1758,2012-2013,Donovan Solano,"$480,000"
1759,2012-2013,Giancarlo Stanton,"$480,000"
1760,2012-2013,Eric Surkamp,"$480,000"
1761,2012-2013,Matt Szczur,"$480,000"
1762,2012-2013,Leyson Séptimo,"$480,000"
1763,2012-2013,Julio Teherán,"$480,000"
1764,2012-2013,Dale Thayer,"$480,000"
1765,2012-2013,Tyler Thornburg,"$480,000"
1766,2012-2013,Chris Tillman,"$480,000"
1767,2012-2013,Shawn Tolleson,"$480,000"
1768,2012-2013,Steve Tolleson,"$480,000"
1769,2012-2013,Yorvit Torrealba,"$480,000"
1770,2012-2013,Alex Torres,"$480,000"
1771,2012-2013,Carlos Torres,"$480,000"
1772,2012-2013,Jordany Valdespin,"$480,000"
1773,2012-2013,Scott Van Slyke,"$480,000"
1774,2012-2013,Pedro Villarreal,"$480,000"
1775,2012-2013,Nick Vincent,"$480,000"
1776,2012-2013,Josh Vitters,"$480,000"
1777,2012-2013,Arodys Vizcaino,"$480,000"
1778,2012-2013,Stephen Vogt,"$480,000"
1779,2012-2013,Brett Wallace,"$480,000"
1780,2012-2013,Adam Warren,"$480,000"
1781,2012-2013,Ryan Webb,"$480,000"
1782,2012-2013,Matt West,"$480,000"
1783,2012-2013,Alex White,"$480,000"
1784,2012-2013,Joe Wieland,"$480,000"
1785,2012-2013,Chris Withrow,"$480,000"
1786,2012-2013,Travis Wood,"$480,000"
1787,2012-2013,Joaquín Árias,"$480,000"
1788,2012-2013,Nate Schierholtz,"$461,748"
1789,2012-2013,Brandon Inge,"$414,066"
1790,2012-2013,Xavier Paul,"$414,066"
1791,2012-2013,J.C. Gutiérrez,"$414,000"
1792,2012-2013,Chad Qualls,"$408,469"
1793,2012-2013,Bobby Abreu,"$401,311"
1794,2012-2013,Drew Smyly,"$390,819"
1795,2012-2013,Daniel Nava,"$382,950"
1796,2012-2013,Kelly Shoppach,"$376,229"
1797,2012-2013,Wil Nieves,"$367,213"
1798,2012-2013,Blake Parker,"$367,213"
1799,2012-2013,Eric Stults,"$367,213"
1800,2012-2013,Josh Donaldson,"$364,597"
1801,2012-2013,Quintin Berry,"$351,482"
1802,2012-2013,Jose Quintana,"$348,852"
1803,2012-2013,Livan Hernandez,"$331,967"
1804,2012-2013,Erasmo Ramirez,"$330,498"
1805,2012-2013,Miguel Gonzalez,"$317,377"
1806,2012-2013,Drew Pomeranz,"$309,514"
1807,2012-2013,Jeff Francis,"$306,885"
1808,2012-2013,Steve Johnson,"$306,885"
1809,2012-2013,Joe Kelly,"$304,262"
1810,2012-2013,Jake Diekman,"$299,016"
1811,2012-2013,Jordan Danks,"$293,770"
1812,2012-2013,Justin Grimm,"$288,524"
1813,2012-2013,Patrick Corbin,"$275,415"
1814,2012-2013,Miles Mikolas,"$272,786"
1815,2012-2013,Sandy León,"$267,546"
1816,2012-2013,Brad Penny,"$265,027"
1817,2012-2013,George Kottaras,"$256,284"
1818,2012-2013,Liam Hendriks,"$249,180"
1819,2012-2013,Josh Kinney,"$249,180"
1820,2012-2013,Carlos Lee,"$238,688"
1821,2012-2013,Yan Gomes,"$217,704"
1822,2012-2013,Aaron Loup,"$217,704"
1823,2012-2013,Kevin Frandsen,"$216,803"
1824,2012-2013,Brad Hand,"$207,217"
1825,2012-2013,David Carpenter,"$201,420"
1826,2012-2013,Brad Boxberger,"$196,725"
1827,2012-2013,Jason Repko,"$185,382"
1828,2012-2013,Starling Marte,"$183,610"
1829,2012-2013,Peter Moylan,"$180,312"
1830,2012-2013,Fautino De Los Santos,"$176,653"
1831,2012-2013,Eric Thames,"$172,587"
1832,2012-2013,Gaby Sanchez,"$171,557"
1833,2012-2013,Jean Segura,"$170,495"
1834,2012-2013,Zach Duke,"$167,213"
1835,2012-2013,Corey Kluber,"$165,249"
1836,2012-2013,Mike Olt,"$165,245"
1837,2012-2013,Dan Johnson,"$162,295"
1838,2012-2013,Brett Jackson,"$157,377"
1839,2012-2013,Trevor Rosenthal,"$152,134"
1840,2012-2013,Andrelton Simmons,"$149,508"
1841,2012-2013,Donnie Veal,"$146,888"
1842,2012-2013,Will Harris,"$141,642"
1843,2012-2013,DeWayne Wise,"$141,639"
1844,2012-2013,A.J. Pollock,"$136,393"
1845,2012-2013,Xavier Nady,"$126,229"
1846,2012-2013,Derek Lowe,"$125,901"
1847,2012-2013,Zack Cox,"$124,316"
1848,2012-2013,Chris Rusin,"$115,409"
1849,2012-2013,Hector Ambriz,"$112,789"
1850,2012-2013,Manny Machado,"$112,786"
1851,2012-2013,Justin Thomas,"$107,147"
1852,2012-2013,Miguel Batista,"$104,918"
1853,2012-2013,Chris Archer,"$91,805"
1854,2012-2013,José López,"$91,803"
1855,2012-2013,Justin Wilson,"$91,803"
1856,2012-2013,Avisaíl García,"$89,182"
1857,2012-2013,Brock Holt,"$86,557"
1858,2012-2013,Jurickson Profar,"$86,557"
1859,2012-2013,Sean Burroughs,"$80,327"
1860,2012-2013,Jaye Chapman,"$78,690"
1861,2012-2013,Jeurys Familia,"$78,690"
1862,2012-2013,Darin Ruf,"$62,952"
1863,2012-2013,Rafael Ortega,"$10,491"
1864,2013-2014,Zack Greinke,"$29,000,000"
1865,2013-2014,Álex Rodríguez,"$29,000,000"
1866,2013-2014,Cole Hamels,"$25,500,000"
1867,2013-2014,Johan Santana,"$25,500,000"
1868,2013-2014,Cliff Lee,"$25,050,000"
1869,2013-2014,Josh Hamilton,"$25,000,000"
1870,2013-2014,Prince Fielder,"$23,050,000"
1871,2013-2014,Joe Mauer,"$23,050,000"
1872,2013-2014,CC Sabathia,"$23,000,000"
1873,2013-2014,Mark Teixeira,"$22,500,000"
1874,2013-2014,Tim Lincecum,"$22,000,000"
1875,2013-2014,Miguel Cabrera,"$21,300,000"
1876,2013-2014,Adrián González,"$21,000,000"
1877,2013-2014,Matt Cain,"$20,833,333"
1878,2013-2014,Felix Hernandez,"$20,607,142"
1879,2013-2014,Carl Crawford,"$20,000,000"
1880,2013-2014,Roy Halladay,"$20,000,000"
1881,2013-2014,Ryan Howard,"$20,000,000"
1882,2013-2014,Matt Kemp,"$20,000,000"
1883,2013-2014,Justin Verlander,"$20,000,000"
1884,2013-2014,Barry Zito,"$20,000,000"
1885,2013-2014,Joey Votto,"$19,050,000"
1886,2013-2014,Edwin Jackson,"$19,000,000"
1887,2013-2014,Derek Jeter,"$17,000,000"
1888,2013-2014,Adrián Beltré,"$16,000,000"
1889,2013-2014,Albert Pujols,"$16,000,000"
1890,2013-2014,Jered Weaver,"$16,000,000"
1891,2013-2014,Jayson Werth,"$16,000,000"
1892,2013-2014,Josh Beckett,"$15,750,000"
1893,2013-2014,Hanley Ramirez,"$15,500,000"
1894,2013-2014,B.J. Upton,"$15,450,000"
1895,2013-2014,John Lackey,"$15,250,000"
1896,2013-2014,Yadier Molina,"$15,100,000"
1897,2013-2014,David Ortiz,"$15,050,000"
1898,2013-2014,Robinson Canó,"$15,000,000"
1899,2013-2014,Adam Dunn,"$15,000,000"
1900,2013-2014,Curtis Granderson,"$15,000,000"
1901,2013-2014,Matt Holliday,"$15,000,000"
1902,2013-2014,Hiroki Kuroda,"$15,000,000"
1903,2013-2014,Nick Markakis,"$15,000,000"
1904,2013-2014,Chase Utley,"$15,000,000"
1905,2013-2014,John Danks,"$14,250,000"
1906,2013-2014,Ryan Zimmerman,"$14,175,000"
1907,2013-2014,José Bautista,"$14,000,000"
1908,2013-2014,Hunter Pence,"$13,800,000"
1909,2013-2014,Josh Johnson,"$13,750,000"
1910,2013-2014,Andre Ethier,"$13,500,000"
1911,2013-2014,Paul Konerko,"$13,500,000"
1912,2013-2014,Ryan Dempster,"$13,250,000"
1913,2013-2014,Carlos Beltrán,"$13,050,000"
1914,2013-2014,Dan Haren,"$13,000,000"
1915,2013-2014,Ian Kinsler,"$13,000,000"
1916,2013-2014,Victor Martinez,"$13,000,000"
1917,2013-2014,Mike Napoli,"$13,000,000"
1918,2013-2014,Jonathan Papelbon,"$13,000,000"
1919,2013-2014,Ervin Santana,"$13,000,000"
1920,2013-2014,Dan Uggla,"$13,000,000"
1921,2013-2014,Shane Victorino,"$13,000,000"
1922,2013-2014,Chris Carpenter,"$12,500,000"
1923,2013-2014,Torii Hunter,"$12,200,000"
1924,2013-2014,Adam Wainwright,"$12,150,000"
1925,2013-2014,Brian McCann,"$12,000,000"
1926,2013-2014,Ángel Pagán,"$12,000,000"
1927,2013-2014,Andy Pettitte,"$12,000,000"
1928,2013-2014,Aníbal Sánchez,"$12,000,000"
1929,2013-2014,Kevin Youkilis,"$12,000,000"
1930,2013-2014,Jon Lester,"$11,625,000"
1931,2013-2014,Vernon Wells,"$11,500,000"
1932,2013-2014,David Price,"$11,112,500"
1933,2013-2014,David Wright,"$11,100,000"
1934,2013-2014,Chad Billingsley,"$11,000,000"
1935,2013-2014,Ryan Braun,"$11,000,000"
1936,2013-2014,Mark Buehrle,"$11,000,000"
1937,2013-2014,Starlin Castro,"$11,000,000"
1938,2013-2014,Jorge De La Rosa,"$11,000,000"
1939,2013-2014,Clayton Kershaw,"$11,000,000"
1940,2013-2014,Jimmy Rollins,"$11,000,000"
1941,2013-2014,Nick Swisher,"$11,000,000"
1942,2013-2014,C.J. Wilson,"$11,000,000"
1943,2013-2014,Adam Jones,"$10,575,000"
1944,2013-2014,Nelson Cruz,"$10,550,000"
1945,2013-2014,Yu Darvish,"$10,550,000"
1946,2013-2014,Michael Cuddyer,"$10,500,000"
1947,2013-2014,Dustin Pedroia,"$10,250,000"
1948,2013-2014,James Shields,"$10,250,000"
1949,2013-2014,Brandon Phillips,"$10,075,000"
1950,2013-2014,Buster Posey,"$10,025,000"
1951,2013-2014,Troy Tulowitzki,"$10,025,000"
1952,2013-2014,Heath Bell,"$10,000,000"
1953,2013-2014,Stephen Drew,"$10,000,000"
1954,2013-2014,Corey Hart,"$10,000,000"
1955,2013-2014,Adam LaRoche,"$10,000,000"
1956,2013-2014,Miguel Montero,"$10,000,000"
1957,2013-2014,Aramis Ramirez,"$10,000,000"
1958,2013-2014,Jose Reyes,"$10,000,000"
1959,2013-2014,Mariano Rivera,"$10,000,000"
1960,2013-2014,Brian Roberts,"$10,000,000"
1961,2013-2014,Rickie Weeks,"$10,000,000"
1962,2013-2014,Justin Upton,"$9,750,000"
1963,2013-2014,Erick Aybar,"$9,500,000"
1964,2013-2014,Gavin Floyd,"$9,500,000"
1965,2013-2014,Tim Hudson,"$9,500,000"
1966,2013-2014,Carlos Quentin,"$9,500,000"
1967,2013-2014,Alex Gordon,"$9,050,000"
1968,2013-2014,Jacoby Ellsbury,"$9,000,000"
1969,2013-2014,Howie Kendrick,"$8,750,000"
1970,2013-2014,Chris Young,"$8,700,000"
1971,2013-2014,Chase Headley,"$8,575,000"
1972,2013-2014,Yoenis Céspedes,"$8,500,000"
1973,2013-2014,Russell Martin,"$8,500,000"
1974,2013-2014,Wandy Rodriguez,"$8,500,000"
1975,2013-2014,Jason Vargas,"$8,500,000"
1976,2013-2014,Joe Nathan,"$8,050,000"
1977,2013-2014,Marco Scutaro,"$8,025,000"
1978,2013-2014,Jeremy Affeldt,"$8,000,000"
1979,2013-2014,A.J. Burnett,"$8,000,000"
1980,2013-2014,Billy Butler,"$8,000,000"
1981,2013-2014,Melky Cabrera,"$8,000,000"
1982,2013-2014,Edwin Encarnacion,"$8,000,000"
1983,2013-2014,Brandon Morrow,"$8,000,000"
1984,2013-2014,Cody Ross,"$8,000,000"
1985,2013-2014,Yovani Gallardo,"$7,750,000"
1986,2013-2014,Ricky Romero,"$7,750,000"
1987,2013-2014,Hyun-Jin Ryu,"$7,575,000"
1988,2013-2014,Carlos Gonzalez,"$7,550,000"
1989,2013-2014,Jay Bruce,"$7,500,000"
1990,2013-2014,Rafael Furcal,"$7,500,000"
1991,2013-2014,Brandon League,"$7,500,000"
1992,2013-2014,A.J. Pierzynski,"$7,500,000"
1993,2013-2014,Johnny Cueto,"$7,400,000"
1994,2013-2014,Shin-Soo Choo,"$7,375,000"
1995,2013-2014,Chris Pérez,"$7,300,000"
1996,2013-2014,Phil Hughes,"$7,150,000"
1997,2013-2014,Joel Hanrahan,"$7,040,000"
1998,2013-2014,Michael Bourn,"$7,000,000"
1999,2013-2014,Coco Crisp,"$7,000,000"
2000,2013-2014,Franklin Gutierrez,"$7,000,000"
2001,2013-2014,J.J. Hardy,"$7,000,000"
2002,2013-2014,Brett Myers,"$7,000,000"
2003,2013-2014,Martín Prado,"$7,000,000"
2004,2013-2014,Alexei Ramírez,"$7,000,000"
2005,2013-2014,Rafael Soriano,"$7,000,000"
2006,2013-2014,Huston Street,"$7,000,000"
2007,2013-2014,Juan Uribe,"$7,000,000"
2008,2013-2014,Josh Willingham,"$7,000,000"
2009,2013-2014,Jason Hammel,"$6,750,000"
2010,2013-2014,Mike Morse,"$6,750,000"
2011,2013-2014,Max Scherzer,"$6,725,000"
2012,2013-2014,Hisashi Iwakuma,"$6,550,000"
2013,2013-2014,Bronson Arroyo,"$6,500,000"
2014,2013-2014,Joe Blanton,"$6,500,000"
2015,2013-2014,Asdrubal Cabrera,"$6,500,000"
2016,2013-2014,Paul Maholm,"$6,500,000"
2017,2013-2014,Brandon McCarthy,"$6,500,000"
2018,2013-2014,J.J. Putz,"$6,500,000"
2019,2013-2014,Ichiro Suzuki,"$6,500,000"
2020,2013-2014,Jhonny Peralta,"$6,050,000"
2021,2013-2014,Chris Capuano,"$6,000,000"
2022,2013-2014,Matt Harrison,"$6,000,000"
2023,2013-2014,Evan Longoria,"$6,000,000"
2024,2013-2014,David Murphy,"$5,775,000"
2025,2013-2014,Jaime Garcia,"$5,750,000"
2026,2013-2014,Ubaldo Jiménez,"$5,750,000"
2027,2013-2014,Trevor Cahill,"$5,700,000"
2028,2013-2014,Pablo Sandoval,"$5,700,000"
2029,2013-2014,Justin Masterson,"$5,678,500"
2030,2013-2014,Clay Buchholz,"$5,550,000"
2031,2013-2014,Brett Anderson,"$5,500,000"
2032,2013-2014,Scott Baker,"$5,500,000"
2033,2013-2014,Clint Barmes,"$5,500,000"
2034,2013-2014,Joaquin Benoit,"$5,500,000"
2035,2013-2014,Nick Blackburn,"$5,500,000"
2036,2013-2014,Aaron Harang,"$5,500,000"
2037,2013-2014,Aaron Hill,"$5,500,000"
2038,2013-2014,Matt Wieters,"$5,500,000"
2039,2013-2014,Ben Zobrist,"$5,500,000"
2040,2013-2014,Ricky Nolasco,"$5,467,213"
2041,2013-2014,Homer Bailey,"$5,350,000"
2042,2013-2014,Jordan Zimmermann,"$5,350,000"
2043,2013-2014,R.A. Dickey,"$5,250,000"
2044,2013-2014,Mark Ellis,"$5,250,000"
2045,2013-2014,Kendrys Morales,"$5,250,000"
2046,2013-2014,Clayton Richard,"$5,240,000"
2047,2013-2014,Rick Porcello,"$5,100,000"
2048,2013-2014,Chris Iannetta,"$5,050,000"
2049,2013-2014,Mike Adams,"$5,000,000"
2050,2013-2014,Yunel Escobar,"$5,000,000"
2051,2013-2014,Kyuji Fujikawa,"$5,000,000"
2052,2013-2014,Jonny Gomes,"$5,000,000"
2053,2013-2014,Jeremy Guthrie,"$5,000,000"
2054,2013-2014,Todd Helton,"$5,000,000"
2055,2013-2014,Kyle Kendrick,"$5,000,000"
2056,2013-2014,Adam Lind,"$5,000,000"
2057,2013-2014,Jason Motte,"$5,000,000"
2058,2013-2014,Carlos Ruiz,"$5,000,000"
2059,2013-2014,Carlos Villanueva,"$5,000,000"
2060,2013-2014,Ryan Vogelsong,"$5,000,000"
2061,2013-2014,Jake Peavy,"$4,991,803"
2062,2013-2014,Carlos Mármol,"$4,873,224"
2063,2013-2014,Elvis Andrus,"$4,800,000"
2064,2013-2014,Denard Span,"$4,750,000"
2065,2013-2014,Koji Uehara,"$4,750,000"
2066,2013-2014,Colby Rasmus,"$4,675,000"
2067,2013-2014,Andrew McCutchen,"$4,650,000"
2068,2013-2014,Luke Hochevar,"$4,560,000"
2069,2013-2014,Grant Balfour,"$4,550,000"
2070,2013-2014,Santiago Casilla,"$4,500,000"
2071,2013-2014,Bruce Chen,"$4,500,000"
2072,2013-2014,Garrett Jones,"$4,500,000"
2073,2013-2014,Sean Marshall,"$4,500,000"
2074,2013-2014,Jarrod Saltalamacchia,"$4,500,000"
2075,2013-2014,Kyle Lohse,"$4,350,000"
2076,2013-2014,Eric O'Flaherty,"$4,320,000"
2077,2013-2014,Carlos Gomez,"$4,300,000"
2078,2013-2014,Dexter Fowler,"$4,250,000"
2079,2013-2014,Mat Latos,"$4,250,000"
2080,2013-2014,Javier Lopez,"$4,250,000"
2081,2013-2014,Tsuyoshi Wada,"$4,200,000"
2082,2013-2014,Andrew Bailey,"$4,100,000"
2083,2013-2014,Matt Belisle,"$4,100,000"
2084,2013-2014,Jonathan Broxton,"$4,000,000"
2085,2013-2014,Tyler Clippard,"$4,000,000"
2086,2013-2014,Doug Fister,"$4,000,000"
2087,2013-2014,Dalier Hinojosa,"$4,000,000"
2088,2013-2014,Omar Infante,"$4,000,000"
2089,2013-2014,Mike Pelfrey,"$4,000,000"
2090,2013-2014,Matt Garza,"$3,976,775"
2091,2013-2014,Casey Janssen,"$3,900,000"
2092,2013-2014,Stephen Strasburg,"$3,900,000"
2093,2013-2014,Ian Desmond,"$3,800,000"
2094,2013-2014,Sean Burnett,"$3,750,000"
2095,2013-2014,Jamey Carroll,"$3,750,000"
2096,2013-2014,Tommy Hanson,"$3,725,000"
2097,2013-2014,J.A. Happ,"$3,700,000"
2098,2013-2014,Sergio Romo,"$3,700,000"
2099,2013-2014,Seth Smith,"$3,675,000"
2100,2013-2014,Jason Heyward,"$3,650,000"
2101,2013-2014,Wei-Yin Chen,"$3,572,000"
2102,2013-2014,Octavio Dotel,"$3,500,000"
2103,2013-2014,Ryan Doumit,"$3,500,000"
2104,2013-2014,Austin Jackson,"$3,500,000"
2105,2013-2014,Hiroyuki Nakajima,"$3,500,000"
2106,2013-2014,Chris Davis,"$3,350,000"
2107,2013-2014,Neil Walker,"$3,300,000"
2108,2013-2014,Roberto Hernandez,"$3,250,000"
2109,2013-2014,Luke Gregerson,"$3,200,000"
2110,2013-2014,Ramón Hernández,"$3,200,000"
2111,2013-2014,Derek Holland,"$3,200,000"
2112,2013-2014,Edward Mujica,"$3,200,000"
2113,2013-2014,David Freese,"$3,150,000"
2114,2013-2014,Boone Logan,"$3,150,000"
2115,2013-2014,Joe Smith,"$3,150,000"
2116,2013-2014,Brad Ziegler,"$3,150,000"
2117,2013-2014,Ike Davis,"$3,125,000"
2118,2013-2014,Nick Masset,"$3,100,000"
2119,2013-2014,Armando Rivero,"$3,100,000"
2120,2013-2014,David Robertson,"$3,100,000"
2121,2013-2014,David Ross,"$3,100,000"
2122,2013-2014,Mike Leake,"$3,060,000"
2123,2013-2014,James McDonald,"$3,025,000"
2124,2013-2014,Eric Chávez,"$3,000,000"
2125,2013-2014,Bartolo Colon,"$3,000,000"
2126,2013-2014,Alcides Escobar,"$3,000,000"
2127,2013-2014,Brett Gardner,"$3,000,000"
2128,2013-2014,Nick Hundley,"$3,000,000"
2129,2013-2014,Maicer Izturis,"$3,000,000"
2130,2013-2014,Ryan Ludwick,"$3,000,000"
2131,2013-2014,Jason Marquis,"$3,000,000"
2132,2013-2014,Cameron Maybin,"$3,000,000"
2133,2013-2014,Jeff Niemann,"$3,000,000"
2134,2013-2014,Jonathon Niese,"$3,000,000"
2135,2013-2014,Darren Oliver,"$3,000,000"
2136,2013-2014,Joel Peralta,"$3,000,000"
2137,2013-2014,Scott Feldman,"$2,983,606"
2138,2013-2014,Alex Avila,"$2,950,000"
2139,2013-2014,Ryan Roberts,"$2,950,000"
2140,2013-2014,Gordon Beckham,"$2,925,000"
2141,2013-2014,Daniel Murphy,"$2,925,000"
2142,2013-2014,Neftali Feliz,"$2,900,000"
2143,2013-2014,Tom Gorzelanny,"$2,900,000"
2144,2013-2014,J.P. Howell,"$2,850,000"
2145,2013-2014,Drew Stubbs,"$2,825,000"
2146,2013-2014,Wade Davis,"$2,800,000"
2147,2013-2014,Dayan Viciedo,"$2,800,000"
2148,2013-2014,Mike Aviles,"$2,750,000"
2149,2013-2014,Jason Grilli,"$2,750,000"
2150,2013-2014,Raúl Ibañez,"$2,750,000"
2151,2013-2014,Scott Kazmir,"$2,750,000"
2152,2013-2014,Plácido Polanco,"$2,750,000"
2153,2013-2014,Anthony Rizzo,"$2,750,000"
2154,2013-2014,Luke Scott,"$2,750,000"
2155,2013-2014,Geovany Soto,"$2,750,000"
2156,2013-2014,Dustin Ackley,"$2,700,000"
2157,2013-2014,Will Venable,"$2,675,000"
2158,2013-2014,Jeff Samardzija,"$2,640,000"
2159,2013-2014,Kris Medlen,"$2,600,000"
2160,2013-2014,Álex Ríos,"$2,551,912"
2161,2013-2014,Glen Perkins,"$2,525,000"
2162,2013-2014,Rajai Davis,"$2,500,000"
2163,2013-2014,Jeff Karstens,"$2,500,000"
2164,2013-2014,Fernando Rodney,"$2,500,000"
2165,2013-2014,Drew Storen,"$2,500,000"
2166,2013-2014,Matt Joyce,"$2,450,000"
2167,2013-2014,Jed Lowrie,"$2,400,000"
2168,2013-2014,Justin Morneau,"$2,371,584"
2169,2013-2014,Gerardo Parra,"$2,350,000"
2170,2013-2014,Ross Detwiler,"$2,337,500"
2171,2013-2014,Craig Breslow,"$2,325,000"
2172,2013-2014,Matt Lindstrom,"$2,300,000"
2173,2013-2014,Chris Johnson,"$2,287,500"
2174,2013-2014,Tyler Colvin,"$2,275,500"
2175,2013-2014,Mike Gonzalez,"$2,250,000"
2176,2013-2014,Leonys Martin,"$2,250,000"
2177,2013-2014,Cliff Pennington,"$2,250,000"
2178,2013-2014,Nate Schierholtz,"$2,250,000"
2179,2013-2014,Darren O'Day,"$2,200,000"
2180,2013-2014,Trevor Bauer,"$2,175,000"
2181,2013-2014,Joba Chamberlain,"$2,150,000"
2182,2013-2014,Ryan Hanigan,"$2,150,000"
2183,2013-2014,Ian Kennedy,"$2,144,153"
2184,2013-2014,Ramon Santiago,"$2,100,000"
2185,2013-2014,Nori Aoki,"$2,087,500"
2186,2013-2014,Alejandro De Aza,"$2,075,000"
2187,2013-2014,Jared Burton,"$2,050,000"
2188,2013-2014,Aroldis Chapman,"$2,025,000"
2189,2013-2014,Chris Denorfia,"$2,000,000"
2190,2013-2014,A.J. Ellis,"$2,000,000"
2191,2013-2014,Travis Hafner,"$2,000,000"
2192,2013-2014,Bryce Harper,"$2,000,000"
2193,2013-2014,Colby Lewis,"$2,000,000"
2194,2013-2014,James Loney,"$2,000,000"
2195,2013-2014,Yunesky Maya,"$2,000,000"
2196,2013-2014,Nate McLouth,"$2,000,000"
2197,2013-2014,Charlie Morton,"$2,000,000"
2198,2013-2014,Yasiel Puig,"$2,000,000"
2199,2013-2014,Joakim Soria,"$2,000,000"
2200,2013-2014,Ian Stewart,"$2,000,000"
2201,2013-2014,Marco Estrada,"$1,955,000"
2202,2013-2014,Willie Bloomquist,"$1,900,000"
2203,2013-2014,Jonathan Lucroy,"$1,900,000"
2204,2013-2014,Matt Guerrier,"$1,864,754"
2205,2013-2014,Phil Coke,"$1,850,000"
2206,2013-2014,Jose Veras,"$1,850,000"
2207,2013-2014,Tommy Hunter,"$1,820,000"
2208,2013-2014,John Jaso,"$1,800,000"
2209,2013-2014,Jose Mijares,"$1,800,000"
2210,2013-2014,Jose Molina,"$1,800,000"
2211,2013-2014,Anthony Rendon,"$1,800,000"
2212,2013-2014,Alfonso Soriano,"$1,800,000"
2213,2013-2014,Madison Bumgarner,"$1,775,000"
2214,2013-2014,Matt Albers,"$1,750,000"
2215,2013-2014,Jeff Baker,"$1,750,000"
2216,2013-2014,Allen Craig,"$1,750,000"
2217,2013-2014,Adeiny Hechavarria,"$1,750,000"
2218,2013-2014,Dioner Navarro,"$1,750,000"
2219,2013-2014,Felipe Paulino,"$1,750,000"
2220,2013-2014,Ryan Raburn,"$1,750,000"
2221,2013-2014,Gaby Sanchez,"$1,750,000"
2222,2013-2014,Scott Downs,"$1,748,633"
2223,2013-2014,Roy Oswalt,"$1,707,103"
2224,2013-2014,Alexi Casilla,"$1,700,000"
2225,2013-2014,Danny Hultzen,"$1,700,000"
2226,2013-2014,Bobby Parnell,"$1,700,000"
2227,2013-2014,Matt Thornton,"$1,654,371"
2228,2013-2014,Jhoulys Chacin,"$1,650,000"
2229,2013-2014,Jonny Venters,"$1,625,500"
2230,2013-2014,Robert Andino,"$1,600,000"
2231,2013-2014,Reed Johnson,"$1,600,000"
2232,2013-2014,Brian Matusz,"$1,600,000"
2233,2013-2014,Brandon Moss,"$1,600,000"
2234,2013-2014,Juan Pierre,"$1,600,000"
2235,2013-2014,Jesse Crain,"$1,573,770"
2236,2013-2014,Burke Badenhop,"$1,550,000"
2237,2013-2014,Brennan Boesch,"$1,500,000"
2238,2013-2014,Randy Choate,"$1,500,000"
2239,2013-2014,Jeff Francis,"$1,500,000"
2240,2013-2014,Jason Frasor,"$1,500,000"
2241,2013-2014,David Hernandez,"$1,500,000"
2242,2013-2014,Gerald Laird,"$1,500,000"
2243,2013-2014,Jeff Mathis,"$1,500,000"
2244,2013-2014,John McDonald,"$1,500,000"
2245,2013-2014,Dustin McGowan,"$1,500,000"
2246,2013-2014,Oliver Perez,"$1,500,000"
2247,2013-2014,Nick Punto,"$1,500,000"
2248,2013-2014,Skip Schumaker,"$1,500,000"
2249,2013-2014,Chris Volstad,"$1,500,000"
2250,2013-2014,Franklin Morales,"$1,487,500"
2251,2013-2014,Andrew Miller,"$1,475,000"
2252,2013-2014,Ronald Belisario,"$1,450,000"
2253,2013-2014,Antonio Bastardo,"$1,400,000"
2254,2013-2014,Alberto Callaspo,"$1,388,709"
2255,2013-2014,Noel Argüelles,"$1,380,000"
2256,2013-2014,Jonathan Sánchez,"$1,375,000"
2257,2013-2014,Kurt Suzuki,"$1,374,590"
2258,2013-2014,Grégor Blanco,"$1,350,000"
2259,2013-2014,Laynce Nix,"$1,350,000"
2260,2013-2014,Chris Resop,"$1,350,000"
2261,2013-2014,Chris Heisey,"$1,325,000"
2262,2013-2014,Jason Kubel,"$1,311,475"
2263,2013-2014,Brian Duensing,"$1,300,000"
2264,2013-2014,Mark Kotsay,"$1,300,000"
2265,2013-2014,Aaron Crow,"$1,280,000"
2266,2013-2014,Everth Cabrera,"$1,275,000"
2267,2013-2014,Tony Sipp,"$1,275,000"
2268,2013-2014,Francisco Rodriguez,"$1,256,831"
2269,2013-2014,Matt Diaz,"$1,250,000"
2270,2013-2014,Brandon Inge,"$1,250,000"
2271,2013-2014,Lyle Overbay,"$1,250,000"
2272,2013-2014,Josh Thole,"$1,250,000"
2273,2013-2014,Dylan Bundy,"$1,245,000"
2274,2013-2014,Roger Bernadina,"$1,212,500"
2275,2013-2014,José Arredondo,"$1,200,000"
2276,2013-2014,Kevin Jepsen,"$1,181,250"
2277,2013-2014,Jacob Turner,"$1,175,000"
2278,2013-2014,Scott Hairston,"$1,161,202"
2279,2013-2014,Érik Bédard,"$1,150,000"
2280,2013-2014,Chad Qualls,"$1,150,000"
2281,2013-2014,John Buck,"$1,129,032"
2282,2013-2014,Yonder Alonso,"$1,120,000"
2283,2013-2014,Jerry Blevins,"$1,100,000"
2284,2013-2014,Ben Francisco,"$1,100,000"
2285,2013-2014,Miguel Tejada,"$1,100,000"
2286,2013-2014,James Russell,"$1,075,000"
2287,2013-2014,Salvador Perez,"$1,050,000"
2288,2013-2014,Bud Norris,"$1,016,393"
2289,2013-2014,Luis Ayala,"$1,000,000"
2290,2013-2014,Jack Hannahan,"$1,000,000"
2291,2013-2014,LaTroy Hawkins,"$1,000,000"
2292,2013-2014,Rich Hill,"$1,000,000"
2293,2013-2014,Francisco Liriano,"$1,000,000"
2294,2013-2014,Cory Luebke,"$1,000,000"
2295,2013-2014,Lou Marson,"$1,000,000"
2296,2013-2014,Matt Moore,"$1,000,000"
2297,2013-2014,Logan Ondrusek,"$1,000,000"
2298,2013-2014,Manny Parra,"$1,000,000"
2299,2013-2014,Nolan Reimold,"$1,000,000"
2300,2013-2014,Sean Rodriguez,"$1,000,000"
2301,2013-2014,Jorge Soler,"$1,000,000"
2302,2013-2014,Tim Stauffer,"$1,000,000"
2303,2013-2014,Jose Tabata,"$1,000,000"
2304,2013-2014,Hisanori Takahashi,"$1,000,000"
2305,2013-2014,Yorvit Torrealba,"$1,000,000"
2306,2013-2014,Brian Wilson,"$1,000,000"
2307,2013-2014,David DeJesus,"$998,634"
2308,2013-2014,Pat Neshek,"$975,000"
2309,2013-2014,Ryan Webb,"$975,000"
2310,2013-2014,Michael Young,"$966,666"
2311,2013-2014,Shawn Kelley,"$935,000"
2312,2013-2014,Luis Valbuena,"$930,000"
2313,2013-2014,Joaquín Árias,"$925,000"
2314,2013-2014,Jonathan Herrera,"$900,000"
2315,2013-2014,Don Kelly,"$900,000"
2316,2013-2014,Humberto Quintero,"$900,000"
2317,2013-2014,Jamey Wright,"$900,000"
2318,2013-2014,Alfredo Simon,"$890,000"
2319,2013-2014,Brayan Pena,"$875,000"
2320,2013-2014,Craig Stammen,"$875,000"
2321,2013-2014,John Axford,"$874,316"
2322,2013-2014,Chris Sale,"$865,000"
2323,2013-2014,Kevin Frandsen,"$850,000"
2324,2013-2014,Chris Narveson,"$840,000"
2325,2013-2014,Troy Patton,"$815,000"
2326,2013-2014,Junichi Tazawa,"$815,000"
2327,2013-2014,Dariel Alvarez,"$800,000"
2328,2013-2014,Wil Nieves,"$800,000"
2329,2013-2014,Miguel Olivo,"$800,000"
2330,2013-2014,Jason Giambi,"$750,000"
2331,2013-2014,J.C. Gutiérrez,"$750,000"
2332,2013-2014,Cristhian Martínez,"$749,750"
2333,2013-2014,Sam Fuld,"$725,000"
2334,2013-2014,Paul Janish,"$725,000"
2335,2013-2014,Pedro Alvarez,"$700,000"
2336,2013-2014,Scott Atchison,"$700,000"
2337,2013-2014,Drew Butera,"$700,000"
2338,2013-2014,Austin Kearns,"$700,000"
2339,2013-2014,Josh Kinney,"$700,000"
2340,2013-2014,Casey Kotchman,"$700,000"
2341,2013-2014,Steven Pearce,"$700,000"
2342,2013-2014,DeWayne Wise,"$700,000"
2343,2013-2014,Emilio Bonifacio,"$681,967"
2344,2013-2014,Mitchell Boggs,"$677,049"
2345,2013-2014,Josh Outman,"$675,000"
2346,2013-2014,Tim Wood,"$675,000"
2347,2013-2014,Craig Kimbrel,"$655,000"
2348,2013-2014,Taylor Teagarden,"$650,000"
2349,2013-2014,Gerardo Concepcion,"$600,000"
2350,2013-2014,Greg Holland,"$589,500"
2351,2013-2014,Alfredo Figaro,"$575,000"
2352,2013-2014,Darwin Barney,"$562,000"
2353,2013-2014,Freddie Freeman,"$560,000"
2354,2013-2014,Blake Wood,"$560,000"
2355,2013-2014,Greg Burke,"$550,000"
2356,2013-2014,Ramiro Pena,"$550,000"
2357,2013-2014,Carlos Santana,"$550,000"
2358,2013-2014,Jordan Walden,"$541,500"
2359,2013-2014,Mark Trumbo,"$540,000"
2360,2013-2014,Giancarlo Stanton,"$537,000"
2361,2013-2014,Scott Rice,"$535,000"
2362,2013-2014,Tim Collins,"$534,500"
2363,2013-2014,Eduardo Nunez,"$533,300"
2364,2013-2014,Brandon Belt,"$531,500"
2365,2013-2014,Mark Melancon,"$531,000"
2366,2013-2014,Brandon Crawford,"$530,000"
2367,2013-2014,Scott Diamond,"$530,000"
2368,2013-2014,Ernesto Frieri,"$530,000"
2369,2013-2014,Eric Hosmer,"$528,250"
2370,2013-2014,Zack Cozart,"$527,500"
2371,2013-2014,Todd Frazier,"$527,500"
2372,2013-2014,Travis Wood,"$527,500"
2373,2013-2014,Dillon Gee,"$527,375"
2374,2013-2014,Michael Brantley,"$526,900"
2375,2013-2014,Danny Espinosa,"$526,250"
2376,2013-2014,Matt Tuiasosopo,"$525,000"
2377,2013-2014,Vance Worley,"$525,000"
2378,2013-2014,Mike Moustakas,"$524,500"
2379,2013-2014,Jon Jay,"$524,000"
2380,2013-2014,Elliot Johnson,"$520,500"
2381,2013-2014,Manny Machado,"$520,000"
2382,2013-2014,Trevor Plouffe,"$520,000"
2383,2013-2014,Addison Reed,"$520,000"
2384,2013-2014,Felix Doubront,"$518,500"
2385,2013-2014,Daniel Hudson,"$518,500"
2386,2013-2014,John Mayberry Jr.,"$517,000"
2387,2013-2014,Francisco Cervelli,"$515,350"
2388,2013-2014,Chris Stewart,"$515,100"
2389,2013-2014,Ben Revere,"$515,000"
2390,2013-2014,Matt Carpenter,"$514,000"
2391,2013-2014,Justin Smoak,"$514,000"
2392,2013-2014,Lance Lynn,"$513,000"
2393,2013-2014,Michael Saunders,"$512,600"
2394,2013-2014,Peter Bourjos,"$512,500"
2395,2013-2014,Jordan Schafer,"$512,500"
2396,2013-2014,David Phelps,"$512,425"
2397,2013-2014,Kenley Jansen,"$512,000"
2398,2013-2014,Fernando Salas,"$512,000"
2399,2013-2014,Daniel Descalso,"$511,000"
2400,2013-2014,Kyle Seager,"$510,400"
2401,2013-2014,Brandon Beachy,"$510,000"
2402,2013-2014,Brett Cecil,"$510,000"
2403,2013-2014,Tyler Flowers,"$510,000"
2404,2013-2014,Sam LeCure,"$510,000"
2405,2013-2014,Josh Reddick,"$510,000"
2406,2013-2014,Mike Trout,"$510,000"
2407,2013-2014,Jason Kipnis,"$509,400"
2408,2013-2014,Tom Wilhelmsen,"$509,100"
2409,2013-2014,Esmil Rogers,"$509,000"
2410,2013-2014,Mike Carp,"$508,500"
2411,2013-2014,Chris Tillman,"$508,500"
2412,2013-2014,Kelvin Herrera,"$508,175"
2413,2013-2014,Henderson Alvarez III,"$507,900"
2414,2013-2014,Eric Stults,"$507,600"
2415,2013-2014,Nate Jones,"$507,500"
2416,2013-2014,Alexi Ogando,"$506,600"
2417,2013-2014,Jake McGee,"$506,200"
2418,2013-2014,Jarrod Dyson,"$506,000"
2419,2013-2014,Jose Altuve,"$505,700"
2420,2013-2014,J.P. Arencibia,"$505,600"
2421,2013-2014,Matt Reynolds,"$505,500"
2422,2013-2014,Tony Watson,"$505,500"
2423,2013-2014,Danny Duffy,"$505,125"
2424,2013-2014,Steve Cishek,"$505,000"
2425,2013-2014,Ryan Cook,"$505,000"
2426,2013-2014,Andy Dirks,"$505,000"
2427,2013-2014,Michael McKenry,"$505,000"
2428,2013-2014,Mike Minor,"$505,000"
2429,2013-2014,Daniel Nava,"$505,000"
2430,2013-2014,Xavier Paul,"$505,000"
2431,2013-2014,Angel Sanchez,"$505,000"
2432,2013-2014,Hector Santiago,"$505,000"
2433,2013-2014,Travis Snider,"$505,000"
2434,2013-2014,Justin Turner,"$504,547"
2435,2013-2014,Charlie Furbush,"$504,500"
2436,2013-2014,Clay Mortensen,"$504,500"
2437,2013-2014,Josh Collmenter,"$504,000"
2438,2013-2014,Chris Coghlan,"$503,500"
2439,2013-2014,Jesús Montero,"$503,300"
2440,2013-2014,Jesus Guzman,"$503,200"
2441,2013-2014,Lorenzo Cain,"$503,175"
2442,2013-2014,Welington Castillo,"$503,000"
2443,2013-2014,Tony Cruz,"$503,000"
2444,2013-2014,Jeremy Hellickson,"$503,000"
2445,2013-2014,Mitch Moreland,"$502,700"
2446,2013-2014,Anthony Swarzak,"$502,500"
2447,2013-2014,Alex Cobb,"$502,200"
2448,2013-2014,Nathan Eovaldi,"$502,000"
2449,2013-2014,Miguel Gonzalez,"$502,000"
2450,2013-2014,Christopher Leroux,"$502,000"
2451,2013-2014,Desmond Jennings,"$501,800"
2452,2013-2014,Josh Tomlin,"$501,800"
2453,2013-2014,Bryan Shaw,"$501,700"
2454,2013-2014,César Ramos,"$501,300"
2455,2013-2014,Steve Lombardozzi,"$501,250"
2456,2013-2014,Wilson Ramos,"$501,250"
2457,2013-2014,Craig Gentry,"$501,000"
2458,2013-2014,Henry Rodríguez,"$501,000"
2459,2013-2014,Andrew Cashner,"$500,800"
2460,2013-2014,Lucas Harrell,"$500,700"
2461,2013-2014,Wade Miley,"$500,500"
2462,2013-2014,Ivan Nova,"$500,111"
2463,2013-2014,Domonic Brown,"$500,000"
2464,2013-2014,Cole DeVries,"$500,000"
2465,2013-2014,Casey Fien,"$500,000"
2466,2013-2014,Jon Garland,"$500,000"
2467,2013-2014,Paul Goldschmidt,"$500,000"
2468,2013-2014,Jeanmar Gomez,"$500,000"
2469,2013-2014,Brett Lawrie,"$500,000"
2470,2013-2014,Starling Marte,"$500,000"
2471,2013-2014,Jose Quintana,"$500,000"
2472,2013-2014,J.B. Shuck,"$500,000"
2473,2013-2014,Kyle Drabek,"$499,500"
2474,2013-2014,Reid Brignac,"$499,000"
2475,2013-2014,Logan Forsythe,"$499,000"
2476,2013-2014,Steve Delabar,"$498,900"
2477,2013-2014,Dale Thayer,"$498,900"
2478,2013-2014,Matt Harvey,"$498,750"
2479,2013-2014,Michael Fiers,"$498,000"
2480,2013-2014,Ryan Kalish,"$498,000"
2481,2013-2014,Shane Robinson,"$498,000"
2482,2013-2014,Drew Smyly,"$498,000"
2483,2013-2014,J.D. Martinez,"$497,800"
2484,2013-2014,Tony Campana,"$497,500"
2485,2013-2014,Brian Dozier,"$497,500"
2486,2013-2014,Devin Mesoraco,"$497,500"
2487,2013-2014,Alexi Amarista,"$497,400"
2488,2013-2014,Alex White,"$497,100"
2489,2013-2014,Jason Castro,"$496,600"
2490,2013-2014,Jose Lobaton,"$496,500"
2491,2013-2014,Zach McAllister,"$496,400"
2492,2013-2014,Erik Kratz,"$496,000"
2493,2013-2014,Michael Kirkman,"$495,800"
2494,2013-2014,Frank Herrmann,"$495,500"
2495,2013-2014,Hank Conger,"$495,000"
2496,2013-2014,Carlos Corporán,"$495,000"
2497,2013-2014,Pedro Florimón,"$495,000"
2498,2013-2014,Jarrod Parker,"$495,000"
2499,2013-2014,Garrett Richards,"$495,000"
2500,2013-2014,Eric Sogard,"$495,000"
2501,2013-2014,Brett Wallace,"$495,000"
2502,2013-2014,Jenrry Mejia,"$494,925"
2503,2013-2014,Justin Ruggiano,"$494,500"
2504,2013-2014,Marwin Gonzalez,"$494,400"
2505,2013-2014,Joe Wieland,"$494,300"
2506,2013-2014,Aaron Loup,"$494,200"
2507,2013-2014,Chris Carter,"$494,000"
2508,2013-2014,Patrick Corbin,"$494,000"
2509,2013-2014,Darin Downs,"$494,000"
2510,2013-2014,Martin Maldonado,"$494,000"
2511,2013-2014,David Huff,"$493,600"
2512,2013-2014,Tanner Scheppers,"$493,600"
2513,2013-2014,Justin Wilson,"$493,500"
2514,2013-2014,Drew Hutchison,"$493,200"
2515,2013-2014,Dylan Axelrod,"$493,000"
2516,2013-2014,Héctor Giménez,"$493,000"
2517,2013-2014,Joe Kelly,"$493,000"
2518,2013-2014,Cody Allen,"$492,600"
2519,2013-2014,Josh Donaldson,"$492,500"
2520,2013-2014,Sean Doolittle,"$492,500"
2521,2013-2014,Mike Dunn,"$492,500"
2522,2013-2014,Stephen Fife,"$492,500"
2523,2013-2014,Pedro Figueroa,"$492,500"
2524,2013-2014,A.J. Griffin,"$492,500"
2525,2013-2014,J.J. Hoover,"$492,500"
2526,2013-2014,Derek Norris,"$492,500"
2527,2013-2014,Brett Jackson,"$492,000"
2528,2013-2014,Mike Olt,"$492,000"
2529,2013-2014,Fernando Rodriguez,"$492,000"
2530,2013-2014,Jean Segura,"$492,000"
2531,2013-2014,Matt Dominguez,"$491,800"
2532,2013-2014,Corey Kluber,"$491,800"
2533,2013-2014,Jeurys Familia,"$491,750"
2534,2013-2014,Brandon Barnes,"$491,700"
2535,2013-2014,David Lough,"$491,625"
2536,2013-2014,Wade LeBlanc,"$491,500"
2537,2013-2014,Paco Rodriguez,"$491,500"
2538,2013-2014,Casey Kelly,"$491,400"
2539,2013-2014,Luis Avilan,"$491,250"
2540,2013-2014,Andrelton Simmons,"$491,250"
2541,2013-2014,Rex Brothers,"$491,000"
2542,2013-2014,Adam Eaton,"$491,000"
2543,2013-2014,Edgmer Escalona,"$491,000"
2544,2013-2014,Christian Garcia,"$491,000"
2545,2013-2014,Taylor Green,"$491,000"
2546,2013-2014,Didi Gregorius,"$491,000"
2547,2013-2014,Brandon Kintzler,"$491,000"
2548,2013-2014,Adam Ottavino,"$491,000"
2549,2013-2014,A.J. Pollock,"$491,000"
2550,2013-2014,Wilin Rosario,"$491,000"
2551,2013-2014,Arodys Vizcaino,"$491,000"
2552,2013-2014,Conor Gillaspie,"$490,500"
2553,2013-2014,Josh Wall,"$490,500"
2554,2013-2014,Matt Adams,"$490,000"
2555,2013-2014,Chase Anderson,"$490,000"
2556,2013-2014,Trevor Bell,"$490,000"
2557,2013-2014,Engel Beltre,"$490,000"
2558,2013-2014,Quintin Berry,"$490,000"
2559,2013-2014,Jeff Bianchi,"$490,000"
2560,2013-2014,Dan Butler,"$490,000"
2561,2013-2014,David Carpenter,"$490,000"
2562,2013-2014,José Ceda,"$490,000"
2563,2013-2014,Adron Chambers,"$490,000"
2564,2013-2014,Tony Cingrani,"$490,000"
2565,2013-2014,Maikel Cleto,"$490,000"
2566,2013-2014,Carlos Contreras,"$490,000"
2567,2013-2014,Daniel Corcino,"$490,000"
2568,2013-2014,Fautino De Los Santos,"$490,000"
2569,2013-2014,Frank De Los Santos,"$490,000"
2570,2013-2014,Jumbo Diaz,"$490,000"
2571,2013-2014,Sergio Escalona,"$490,000"
2572,2013-2014,José Fernández,"$490,000"
2573,2013-2014,Josh Fields,"$490,000"
2574,2013-2014,Eric Fornataro,"$490,000"
2575,2013-2014,Nate Freiman,"$490,000"
2576,2013-2014,Christian Friedrich,"$490,000"
2577,2013-2014,Steve Geltz,"$490,000"
2578,2013-2014,Brandon Gomes,"$490,000"
2579,2013-2014,Philip Gosselin,"$490,000"
2580,2013-2014,Yasmani Grandal,"$490,000"
2581,2013-2014,Ismael Guillon,"$490,000"
2582,2013-2014,Jedd Gyorko,"$490,000"
2583,2013-2014,Brendan Harris,"$490,000"
2584,2013-2014,Alex Hassan,"$490,000"
2585,2013-2014,Phil Irwin,"$490,000"
2586,2013-2014,Juan Jaime,"$490,000"
2587,2013-2014,A.J. Jimenez,"$490,000"
2588,2013-2014,Pete Kozma,"$490,000"
2589,2013-2014,John Lamb,"$490,000"
2590,2013-2014,Hak-Ju Lee,"$490,000"
2591,2013-2014,Arnold Leon,"$490,000"
2592,2013-2014,Mark Lowe,"$490,000"
2593,2013-2014,Justin Marks,"$490,000"
2594,2013-2014,Daisuke Matsuzaka,"$490,000"
2595,2013-2014,Kyle McClellan,"$490,000"
2596,2013-2014,T.J. McFarland,"$490,000"
2597,2013-2014,Roman Mendez,"$490,000"
2598,2013-2014,Shelby Miller,"$490,000"
2599,2013-2014,Jared Mitchell,"$490,000"
2600,2013-2014,Nestor Molina,"$490,000"
2601,2013-2014,Mike Montgomery,"$490,000"
2602,2013-2014,Aaron Northcraft,"$490,000"
2603,2013-2014,Lester Oliveros,"$490,000"
2604,2013-2014,Juan Pablo Oramas,"$490,000"
2605,2013-2014,Juan Carlos Oviedo,"$490,000"
2606,2013-2014,Tyler Pastornicky,"$490,000"
2607,2013-2014,Wily Peralta,"$490,000"
2608,2013-2014,Josh Phegley,"$490,000"
2609,2013-2014,Alex Presley,"$490,000"
2610,2013-2014,Ryan Pressly,"$490,000"
2611,2013-2014,Neil Ramirez,"$490,000"
2612,2013-2014,A.J. Ramos,"$490,000"
2613,2013-2014,Héctor Rondón,"$490,000"
2614,2013-2014,Trevor Rosenthal,"$490,000"
2615,2013-2014,Danny Santana,"$490,000"
2616,2013-2014,Logan Schafer,"$490,000"
2617,2013-2014,Alfredo Silverio,"$490,000"
2618,2013-2014,Eric Smith,"$490,000"
2619,2013-2014,Steve Susdorf,"$490,000"
2620,2013-2014,Matt Szczur,"$490,000"
2621,2013-2014,Drew Taylor,"$490,000"
2622,2013-2014,Julio Teherán,"$490,000"
2623,2013-2014,Shawn Tolleson,"$490,000"
2624,2013-2014,Carlos Torres,"$490,000"
2625,2013-2014,Anthony Varvaro,"$490,000"
2626,2013-2014,Christian Vazquez,"$490,000"
2627,2013-2014,Angel Villalona,"$490,000"
2628,2013-2014,Christian Villanueva,"$490,000"
2629,2013-2014,Josh Vitters,"$490,000"
2630,2013-2014,Alex Wilson,"$490,000"
2631,2013-2014,Coty Woods,"$490,000"
2632,2013-2014,Jeff Locke,"$483,907"
2633,2013-2014,Adam Warren,"$479,803"
2634,2013-2014,Evan Gattis,"$479,289"
2635,2013-2014,Anthony Recker,"$472,064"
2636,2013-2014,Lucas Duda,"$471,004"
2637,2013-2014,Nick Tepesch,"$465,901"
2638,2013-2014,Tyson Ross,"$462,210"
2639,2013-2014,Endy Chavez,"$460,546"
2640,2013-2014,Yan Gomes,"$457,868"
2641,2013-2014,Bryan Morris,"$457,868"
2642,2013-2014,Joe Thatcher,"$457,378"
2643,2013-2014,Juan Nicasio,"$453,437"
2644,2013-2014,Dane De La Rosa,"$452,513"
2645,2013-2014,Ryan Flaherty,"$450,352"
2646,2013-2014,Kevin Gregg,"$449,836"
2647,2013-2014,Vin Mazzaro,"$447,158"
2648,2013-2014,Dallas Keuchel,"$444,480"
2649,2013-2014,Tommy Milone,"$443,606"
2650,2013-2014,Michael Kohn,"$439,125"
2651,2013-2014,Jordan Pacheco,"$434,655"
2652,2013-2014,Donovan Solano,"$432,412"
2653,2013-2014,Juan Lagares,"$431,092"
2654,2013-2014,Jonathan Pettibone,"$431,092"
2655,2013-2014,Derrick Robinson,"$431,092"
2656,2013-2014,Rob Brantly,"$425,737"
2657,2013-2014,Carter Capps,"$421,840"
2658,2013-2014,Michael Pineda,"$421,624"
2659,2013-2014,Austin Romine,"$417,704"
2660,2013-2014,Nolan Arenado,"$415,027"
2661,2013-2014,Tom Koehler,"$415,027"
2662,2013-2014,Seth Maness,"$415,027"
2663,2013-2014,Vinnie Pestano,"$411,393"
2664,2013-2014,Ramon Ortiz,"$409,672"
2665,2013-2014,Tim Federowicz,"$407,825"
2666,2013-2014,Jesse Chavez,"$406,994"
2667,2013-2014,Jordan Lyles,"$404,316"
2668,2013-2014,Al Alburquerque,"$401,639"
2669,2013-2014,Yeral Sanchez,"$400,000"
2670,2013-2014,Ryan Sweeney,"$398,961"
2671,2013-2014,Trevor Crowe,"$396,284"
2672,2013-2014,Jordy Mercer,"$396,284"
2673,2013-2014,Lonnie Chisenhall,"$395,936"
2674,2013-2014,Tyler Chatwood,"$390,928"
2675,2013-2014,Will Harris,"$388,251"
2676,2013-2014,Paul Clemens,"$385,573"
2677,2013-2014,Martín Pérez,"$384,459"
2678,2013-2014,Robert Coello,"$380,218"
2679,2013-2014,Justin De Fratus,"$380,218"
2680,2013-2014,Marc Rzepczynski,"$378,688"
2681,2013-2014,Dan Straily,"$376,775"
2682,2013-2014,Brendan Ryan,"$372,950"
2683,2013-2014,Will Middlebrooks,"$372,819"
2684,2013-2014,Preston Claiborne,"$372,185"
2685,2013-2014,John Gast,"$372,185"
2686,2013-2014,Josh Edgin,"$372,147"
2687,2013-2014,Rafael Dolis,"$369,508"
2688,2013-2014,Munenori Kawasaki,"$366,830"
2689,2013-2014,D.J. LeMahieu,"$366,830"
2690,2013-2014,Pedro Beato,"$366,380"
2691,2013-2014,Danny Farquhar,"$364,153"
2692,2013-2014,Jurickson Profar,"$359,530"
2693,2013-2014,Chris Dickerson,"$358,797"
2694,2013-2014,Fernando Abad,"$356,120"
2695,2013-2014,Neal Cotts,"$356,120"
2696,2013-2014,Caleb Thielbar,"$356,120"
2697,2013-2014,Chris Colabello,"$353,442"
2698,2013-2014,George Kontos,"$351,284"
2699,2013-2014,Matt Purke,"$350,000"
2700,2013-2014,Héctor Sánchez,"$348,729"
2701,2013-2014,Samuel Deduno,"$348,087"
2702,2013-2014,Kevin Gausman,"$348,087"
2703,2013-2014,Chris Parmelee,"$347,978"
2704,2013-2014,Eduardo Escobar,"$346,229"
2705,2013-2014,Steve Johnson,"$346,229"
2706,2013-2014,Tyler Moore,"$344,830"
2707,2013-2014,Ross Wolf,"$342,732"
2708,2013-2014,Jared Hughes,"$339,090"
2709,2013-2014,Nick Franklin,"$337,377"
2710,2013-2014,Dan Jennings,"$337,377"
2711,2013-2014,Joe Savery,"$334,699"
2712,2013-2014,Alex Torres,"$334,699"
2713,2013-2014,Aaron Hicks,"$332,072"
2714,2013-2014,Brandon Maurer,"$332,021"
2715,2013-2014,Peter Moylan,"$329,344"
2716,2013-2014,Chris Archer,"$326,666"
2717,2013-2014,Blake Parker,"$326,666"
2718,2013-2014,Omar Quintanilla,"$326,666"
2719,2013-2014,Alex Wood,"$326,666"
2720,2013-2014,Juan Francisco,"$325,409"
2721,2013-2014,Lucas Luetge,"$324,918"
2722,2013-2014,Manny Corpas,"$323,989"
2723,2013-2014,Sandy Rosario,"$323,989"
2724,2013-2014,Pedro Feliciano,"$322,404"
2725,2013-2014,Clete Thomas,"$321,311"
2726,2013-2014,Jean Machi,"$318,959"
2727,2013-2014,Jordan Danks,"$315,956"
2728,2013-2014,Tyler Robertson,"$315,355"
2729,2013-2014,Henry Blanco,"$311,475"
2730,2013-2014,Chris Valaika,"$311,065"
2731,2013-2014,Nick Noonan,"$310,601"
2732,2013-2014,Kevin Siegrist,"$310,601"
2733,2013-2014,Ramon Troncoso,"$310,601"
2734,2013-2014,Donnie Veal,"$309,918"
2735,2013-2014,Donovan Hand,"$305,245"
2736,2013-2014,Joe Ortiz,"$305,245"
2737,2013-2014,Neil Wagner,"$305,245"
2738,2013-2014,Nick Vincent,"$303,926"
2739,2013-2014,Logan Morrison,"$303,494"
2740,2013-2014,David Aardsma,"$302,956"
2741,2013-2014,Andrew Brown,"$302,568"
2742,2013-2014,Gerrit Cole,"$297,213"
2743,2013-2014,Ross Ohlendorf,"$297,213"
2744,2013-2014,Mike Zunino,"$297,213"
2745,2013-2014,Josh Satin,"$295,053"
2746,2013-2014,Josh Wilson,"$294,808"
2747,2013-2014,Luke Putkonen,"$294,535"
2748,2013-2014,Josh Harrison,"$294,103"
2749,2013-2014,Randall Delgado,"$292,131"
2750,2013-2014,Henry Blanco,"$291,857"
2751,2013-2014,Jake Diekman,"$291,857"
2752,2013-2014,Michael Bowden,"$289,551"
2753,2013-2014,Ryan Lavarnway,"$289,426"
2754,2013-2014,Ian Krol,"$289,180"
2755,2013-2014,Dan Otero,"$287,150"
2756,2013-2014,Jose Cisnero,"$286,502"
2757,2013-2014,Scott Van Slyke,"$286,502"
2758,2013-2014,Brett Pill,"$286,142"
2759,2013-2014,Eric Young Jr.,"$282,295"
2760,2013-2014,Danny Valencia,"$281,147"
2761,2013-2014,Hector Ambriz,"$280,384"
2762,2013-2014,Wesley Wright,"$280,054"
2763,2013-2014,Zoilo Almonte,"$278,469"
2764,2013-2014,Khris Davis,"$278,469"
2765,2013-2014,Wil Myers,"$278,469"
2766,2013-2014,Bruce Rondón,"$278,469"
2767,2013-2014,Oswaldo Arcia,"$273,114"
2768,2013-2014,Corky Miller,"$273,114"
2769,2013-2014,Jhonatan Solano,"$273,114"
2770,2013-2014,Charlie Blackmon,"$270,437"
2771,2013-2014,Jake Elmore,"$270,437"
2772,2013-2014,Brad Peacock,"$270,437"
2773,2013-2014,Collin Cowgill,"$266,986"
2774,2013-2014,Brian Bogusevic,"$265,081"
2775,2013-2014,Robbie Grossman,"$265,081"
2776,2013-2014,Chris Withrow,"$265,081"
2777,2013-2014,Tyler Thornburg,"$262,404"
2778,2013-2014,Zack Wheeler,"$262,404"
2779,2013-2014,Brandon Snyder,"$259,726"
2780,2013-2014,Anthony Bass,"$258,679"
2781,2013-2014,Nick Hagadone,"$258,150"
2782,2013-2014,Cory Gearrin,"$257,704"
2783,2013-2014,Jake Arrieta,"$256,838"
2784,2013-2014,Daniel Bard,"$254,439"
2785,2013-2014,David Adams,"$254,371"
2786,2013-2014,Chris Herrmann,"$254,371"
2787,2013-2014,Louis Coleman,"$254,103"
2788,2013-2014,Jose Dominguez,"$251,693"
2789,2013-2014,Taylor Jordan,"$251,693"
2790,2013-2014,Brad Miller,"$251,693"
2791,2013-2014,Pedro Strop,"$249,877"
2792,2013-2014,Steve Clevenger,"$246,644"
2793,2013-2014,Josh Rutledge,"$243,661"
2794,2013-2014,Eric Surkamp,"$241,229"
2795,2013-2014,Zach Putnam,"$240,983"
2796,2013-2014,Todd Redmond,"$238,306"
2797,2013-2014,Brad Brach,"$236,849"
2798,2013-2014,Corey Dickerson,"$235,664"
2799,2013-2014,Joey Terdoslavich,"$232,950"
2800,2013-2014,Gonzalez Germen,"$230,273"
2801,2013-2014,Curtis Partch,"$230,273"
2802,2013-2014,Darin Ruf,"$230,273"
2803,2013-2014,Caleb Gindl,"$227,595"
2804,2013-2014,Preston Guilmet,"$227,595"
2805,2013-2014,Marc Krauss,"$227,595"
2806,2013-2014,Marcell Ozuna,"$227,595"
2807,2013-2014,René Rivera,"$227,595"
2808,2013-2014,Jesús Sucre,"$227,595"
2809,2013-2014,Scooter Gennett,"$224,918"
2810,2013-2014,Luis Garcia,"$222,274"
2811,2013-2014,Drew Pomeranz,"$222,240"
2812,2013-2014,Brandon Workman,"$222,240"
2813,2013-2014,Hector Noesi,"$219,562"
2814,2013-2014,Brett Oberholtzer,"$219,562"
2815,2013-2014,Jimmy Paredes,"$216,885"
2816,2013-2014,Andrew Romine,"$215,300"
2817,2013-2014,Carlos Carrasco,"$214,207"
2818,2013-2014,Drake Britton,"$208,852"
2819,2013-2014,Colt Hynes,"$208,852"
2820,2013-2014,Taijuan Walker,"$205,800"
2821,2013-2014,Doug Bernier,"$203,497"
2822,2013-2014,Derek Dietrich,"$203,497"
2823,2013-2014,Pedro Hernández,"$203,497"
2824,2013-2014,Michael Martínez,"$203,497"
2825,2013-2014,Rob Scahill,"$203,497"
2826,2013-2014,Stephen Vogt,"$203,497"
2827,2013-2014,Cesar Cabral,"$198,142"
2828,2013-2014,Carlos Martinez,"$195,464"
2829,2013-2014,Henry Urrutia,"$195,464"
2830,2013-2014,Kirk Nieuwenhuis,"$193,261"
2831,2013-2014,Adam Rosales,"$191,256"
2832,2013-2014,Justin Grimm,"$190,497"
2833,2013-2014,Robinson Chirinos,"$190,109"
2834,2013-2014,Chris Rusin,"$190,109"
2835,2013-2014,Hiram Burgos,"$187,431"
2836,2013-2014,Jarred Cosart,"$187,431"
2837,2013-2014,Luis Jimenez,"$187,431"
2838,2013-2014,Tyler Lyons,"$187,431"
2839,2013-2014,Jonathan Villar,"$187,431"
2840,2013-2014,Jake Marisnick,"$184,782"
2841,2013-2014,Guillermo Moscoso,"$184,616"
2842,2013-2014,Evan Scribner,"$183,934"
2843,2013-2014,Phillippe Aumont,"$182,076"
2844,2013-2014,Christian Yelich,"$180,983"
2845,2013-2014,Erasmo Ramirez,"$179,398"
2846,2013-2014,Tony Sanchez,"$176,721"
2847,2013-2014,Rob Wooten,"$176,721"
2848,2013-2014,Dee Strange-Gordon,"$175,213"
2849,2013-2014,Kole Calhoun,"$171,715"
2850,2013-2014,Charlie Culberson,"$171,366"
2851,2013-2014,Cody Asche,"$168,688"
2852,2013-2014,Sean Halton,"$168,688"
2853,2013-2014,Roger Kieschnick,"$168,688"
2854,2013-2014,Andre Rienzo,"$168,688"
2855,2013-2014,Josh Zeid,"$168,688"
2856,2013-2014,Justin Maxwell,"$166,857"
2857,2013-2014,Chris Nelson,"$166,349"
2858,2013-2014,Anthony Gose,"$166,010"
2859,2013-2014,L.J. Hoes,"$166,010"
2860,2013-2014,Jeff Kobernus,"$166,010"
2861,2013-2014,Brad Lincoln,"$166,010"
2862,2013-2014,Hernán Pérez,"$166,010"
2863,2013-2014,Michael Wacha,"$166,010"
2864,2013-2014,Chad Bettis,"$163,333"
2865,2013-2014,Todd Cunningham,"$163,333"
2866,2013-2014,Eury De La Rosa,"$163,333"
2867,2013-2014,Sonny Gray,"$163,333"
2868,2013-2014,Josh Lueke,"$163,333"
2869,2013-2014,Ruben Tejada,"$163,129"
2870,2013-2014,Will Smith,"$162,786"
2871,2013-2014,Chase d'Arnaud,"$161,639"
2872,2013-2014,Brandon Guyer,"$160,655"
2873,2013-2014,Carlos Triunfel,"$160,655"
2874,2013-2014,Andrew Albers,"$157,978"
2875,2013-2014,Jackie Bradley Jr.,"$157,978"
2876,2013-2014,José Constanza,"$157,978"
2877,2013-2014,Ethan Martin,"$157,978"
2878,2013-2014,Zach Miner,"$157,978"
2879,2013-2014,Donnie Murphy,"$157,978"
2880,2013-2014,Dave Sappelt,"$155,934"
2881,2013-2014,Chad Jenkins,"$155,324"
2882,2013-2014,Bryan Holaday,"$155,300"
2883,2013-2014,Donald Lutz,"$155,300"
2884,2013-2014,Logan Watkins,"$155,300"
2885,2013-2014,Tyler Cloyd,"$152,622"
2886,2013-2014,Junior Lake,"$152,622"
2887,2013-2014,Vidal Nuno,"$152,622"
2888,2013-2014,Zack Britton,"$149,945"
2889,2013-2014,Keith Butler,"$149,945"
2890,2013-2014,Kyle Gibson,"$149,945"
2891,2013-2014,Mike Kickham,"$149,945"
2892,2013-2014,Tanner Roark,"$149,945"
2893,2013-2014,Robert Carson,"$147,681"
2894,2013-2014,Ronny Cedeno,"$147,267"
2895,2013-2014,Wilmer Flores,"$147,267"
2896,2013-2014,Grant Green,"$147,267"
2897,2013-2014,Cesar Jimenez,"$147,267"
2898,2013-2014,Jake Petricka,"$147,267"
2899,2013-2014,Juan Pérez,"$147,267"
2900,2013-2014,Danny Salazar,"$147,267"
2901,2013-2014,Rhiner Cruz,"$146,950"
2902,2013-2014,Jose Alvarez,"$144,590"
2903,2013-2014,Robbie Erlin,"$144,590"
2904,2013-2014,Rob Johnson,"$144,590"
2905,2013-2014,B.J. Rosenberg,"$144,590"
2906,2013-2014,Casper Wells,"$144,011"
2907,2013-2014,Brad Boxberger,"$142,578"
2908,2013-2014,Tuffy Gosewisch,"$141,912"
2909,2013-2014,Jeff Manship,"$141,912"
2910,2013-2014,Cory Burns,"$139,803"
2911,2013-2014,Liam Hendriks,"$139,344"
2912,2013-2014,Kevin Chapman,"$139,234"
2913,2013-2014,Avisaíl García,"$139,234"
2914,2013-2014,Koyie Hill,"$139,234"
2915,2013-2014,Charlie Leesman,"$139,234"
2916,2013-2014,Darnell McDonald,"$139,234"
2917,2013-2014,Burch Smith,"$139,234"
2918,2013-2014,Buddy Boshers,"$136,557"
2919,2013-2014,Tommy Layne,"$134,234"
2920,2013-2014,Matt Davidson,"$133,879"
2921,2013-2014,Chaz Roe,"$133,879"
2922,2013-2014,Marlon Byrd,"$131,720"
2923,2013-2014,Michael Roth,"$131,202"
2924,2013-2014,Rubby De La Rosa,"$129,442"
2925,2013-2014,Brock Holt,"$128,524"
2926,2013-2014,Johnny Giavotella,"$126,874"
2927,2013-2014,Kevin Pillar,"$125,846"
2928,2013-2014,J.C. Ramírez,"$125,846"
2929,2013-2014,Blake Tekotte,"$125,846"
2930,2013-2014,Francisco Peguero,"$123,295"
2931,2013-2014,Travis Blackley,"$123,224"
2932,2013-2014,César Hernández,"$123,169"
2933,2013-2014,Ryan Wheeler,"$123,169"
2934,2013-2014,Xavier Cedeño,"$121,942"
2935,2013-2014,Brett Hayes,"$121,311"
2936,2013-2014,Andy Parrino,"$121,106"
2937,2013-2014,Erik Davis,"$120,491"
2938,2013-2014,Yusmeiro Petit,"$120,491"
2939,2013-2014,Mark Reynolds,"$120,491"
2940,2013-2014,Kolten Wong,"$120,491"
2941,2013-2014,Brock Peterson,"$117,814"
2942,2013-2014,P.J. Walters,"$117,814"
2943,2013-2014,Allen Webster,"$117,814"
2944,2013-2014,Travis d'Arnaud,"$117,814"
2945,2013-2014,Mike Baxter,"$117,561"
2946,2013-2014,Bobby LaFromboise,"$115,136"
2947,2013-2014,Xander Bogaerts,"$112,459"
2948,2013-2014,Sam Freeman,"$112,459"
2949,2013-2014,Johnny Hellweg,"$112,459"
2950,2013-2014,Travis Blackley,"$109,781"
2951,2013-2014,Arquimedes Caminero,"$109,781"
2952,2013-2014,Alex Colomé,"$109,781"
2953,2013-2014,Jake Dunning,"$109,781"
2954,2013-2014,Ryan Jackson,"$109,781"
2955,2013-2014,Yoervis Medina,"$109,781"
2956,2013-2014,Sean O'Sullivan,"$109,781"
2957,2013-2014,Max Stassi,"$109,781"
2958,2013-2014,Ryan Brasier,"$107,540"
2959,2013-2014,Roger Bernadina,"$107,103"
2960,2013-2014,Andrew Lambo,"$107,103"
2961,2013-2014,José Ortega,"$107,103"
2962,2013-2014,Cord Phelps,"$107,103"
2963,2013-2014,Moises Sierra,"$107,103"
2964,2013-2014,Justin Sellers,"$105,278"
2965,2013-2014,Zach Lutz,"$104,434"
2966,2013-2014,Dellin Betances,"$104,426"
2967,2013-2014,Leury García,"$104,426"
2968,2013-2014,Ryan Goins,"$104,426"
2969,2013-2014,C.C. Lee,"$104,426"
2970,2013-2014,Eury Perez,"$104,426"
2971,2013-2014,Cory Rasmus,"$101,748"
2972,2013-2014,Fernando Martinez,"$99,677"
2973,2013-2014,Jorge De León,"$99,071"
2974,2013-2014,Alberto Gonzalez,"$99,071"
2975,2013-2014,Blake Lalli,"$99,071"
2976,2013-2014,Neftali Soto,"$99,071"
2977,2013-2014,Jordany Valdespin,"$97,700"
2978,2013-2014,Nick Christiani,"$96,393"
2979,2013-2014,Ryan Reid,"$96,393"
2980,2013-2014,Reymond Fuentes,"$93,715"
2981,2013-2014,Alfredo Marte,"$93,715"
2982,2013-2014,Pete Orr,"$93,715"
2983,2013-2014,Shelley Duncan,"$93,169"
2984,2013-2014,Matt den Dekker,"$91,038"
2985,2013-2014,Francisley Bueno,"$88,838"
2986,2013-2014,Joey Butler,"$88,360"
2987,2013-2014,Matt Carson,"$88,360"
2988,2013-2014,Sam Dyson,"$88,360"
2989,2013-2014,Brett Marshall,"$88,360"
2990,2013-2014,Brooks Raley,"$88,360"
2991,2013-2014,Edinson Volquez,"$88,360"
2992,2013-2014,Javy Guerra,"$87,606"
2993,2013-2014,Abraham Almonte,"$85,683"
2994,2013-2014,Brandon Cumpton,"$85,683"
2995,2013-2014,Chris Hatcher,"$85,683"
2996,2013-2014,Chris Robinson,"$85,683"
2997,2013-2014,Steven Wright,"$85,683"
2998,2013-2014,Stolmy Pimentel,"$83,036"
2999,2013-2014,Zach Duke,"$83,005"
3000,2013-2014,Brad Hand,"$83,005"
3001,2013-2014,Josmil Pinto,"$83,005"
3002,2013-2014,Pedro Ciriaco,"$82,377"
3003,2013-2014,Jim Adduci,"$80,327"
3004,2013-2014,Bryan Anderson,"$80,327"
3005,2013-2014,Vic Black,"$80,327"
3006,2013-2014,Michael Blazek,"$80,327"
3007,2013-2014,J.C. Boscán,"$80,327"
3008,2013-2014,Alberto Cabrera,"$80,327"
3009,2013-2014,Nick Castellanos,"$80,327"
3010,2013-2014,Michael Choice,"$80,327"
3011,2013-2014,Kyle Farnsworth,"$80,327"
3012,2013-2014,Freddy García,"$80,327"
3013,2013-2014,Chris Gimenez,"$80,327"
3014,2013-2014,Sandy León,"$80,327"
3015,2013-2014,David Martinez,"$80,327"
3016,2013-2014,John Ryan Murphy,"$80,327"
3017,2013-2014,Zach Phillips,"$80,327"
3018,2013-2014,Jemile Weeks,"$80,327"
3019,2013-2014,Danny Worth,"$80,327"
3020,2013-2014,Delmon Young,"$80,327"
3021,2013-2014,Jose De La Torre,"$77,650"
3022,2013-2014,Billy Hamilton,"$77,650"
3023,2013-2014,Collin McHugh,"$77,650"
3024,2013-2014,Josh Prince,"$77,650"
3025,2013-2014,Michael Tonkin,"$77,650"
3026,2013-2014,José Ramírez,"$76,065"
3027,2013-2014,Jeremy Jeffress,"$75,875"
3028,2013-2014,Ehire Adrianza,"$74,972"
3029,2013-2014,Corey Brown,"$74,972"
3030,2013-2014,Brian Flynn,"$74,972"
3031,2013-2014,Freddy Galvis,"$74,972"
3032,2013-2014,Miguel González,"$74,972"
3033,2013-2014,Heath Hembree,"$74,972"
3034,2013-2014,Erik Johnson,"$74,972"
3035,2013-2014,Johnny Monell,"$74,972"
3036,2013-2014,Jimmy Nelson,"$74,972"
3037,2013-2014,Michael Nickeas,"$74,972"
3038,2013-2014,Chris Owings,"$74,972"
3039,2013-2014,Carlos Peña,"$74,972"
3040,2013-2014,Audry Pérez,"$74,972"
3041,2013-2014,Mauricio Robles,"$74,972"
3042,2013-2014,Zac Rosscup,"$74,972"
3043,2013-2014,Chance Ruffin,"$74,972"
3044,2013-2014,Cameron Rupp,"$74,972"
3045,2013-2014,Jonathan Schoop,"$74,972"
3046,2013-2014,Marcus Semien,"$74,972"
3047,2013-2014,Zach Walters,"$74,972"
3048,2013-2014,Daniel Webb,"$74,972"
3049,2013-2014,David Hale,"$69,617"
3050,2013-2014,Alex Castellanos,"$67,008"
3051,2013-2014,Matt Magill,"$66,939"
3052,2013-2014,Nick Maronde,"$66,939"
3053,2013-2014,Jake Odorizzi,"$66,939"
3054,2013-2014,Barry Enright,"$64,262"
3055,2013-2014,Josh Lindblom,"$60,121"
3056,2013-2014,John Hester,"$59,508"
3057,2013-2014,Christian Bethancourt,"$58,907"
3058,2013-2014,Juan Centeno,"$58,907"
3059,2013-2014,Eric Fryer,"$58,907"
3060,2013-2014,Shairon Martis,"$58,907"
3061,2013-2014,Brent Morel,"$58,907"
3062,2013-2014,Jaff Decker,"$56,229"
3063,2013-2014,Cole Gillespie,"$56,229"
3064,2013-2014,Tommy Medica,"$56,229"
3065,2013-2014,Tyler Skaggs,"$56,229"
3066,2013-2014,Onelki García,"$53,551"
3067,2013-2014,Chris Marrero,"$53,551"
3068,2013-2014,Kyle Skipworth,"$53,551"
3069,2013-2014,Brayan Villarreal,"$53,551"
3070,2013-2014,Jason Bourgeois,"$50,874"
3071,2013-2014,Zeke Spruill,"$50,874"
3072,2013-2014,Mickey Storey,"$50,874"
3073,2013-2014,Eduardo Sánchez,"$50,874"
3074,2013-2014,Dan Johnson,"$48,196"
3075,2013-2014,Nick Buss,"$45,519"
3076,2013-2014,Jairo Asencio,"$42,841"
3077,2013-2014,Nate Karns,"$40,163"
3078,2013-2014,Efren Navarro,"$40,163"
3079,2013-2014,Edgar Olmos,"$40,163"
3080,2013-2014,Matt Shoemaker,"$40,163"
3081,2013-2014,Joe Paterson,"$38,060"
3082,2013-2014,Scott Barnes,"$37,761"
3083,2013-2014,Elián Herrera,"$37,677"
3084,2013-2014,Irving Falu,"$37,641"
3085,2013-2014,Jeff Beliveau,"$37,639"
3086,2013-2014,Freddy Guzmán,"$37,486"
3087,2013-2014,Yordano Ventura,"$37,486"
3088,2013-2014,Melky Mesa,"$34,822"
3089,2013-2014,Tim Beckham,"$34,808"
3090,2013-2014,Chris Dwyer,"$34,808"
3091,2013-2014,Mike Belfiore,"$32,131"
3092,2013-2014,Charles Brewer,"$32,131"
3093,2013-2014,Jermaine Curtis,"$32,131"
3094,2013-2014,Chris McGuiness,"$32,131"
3095,2013-2014,Wilfredo Tovar,"$30,054"
3096,2013-2014,Thad Weber,"$29,453"
3097,2013-2014,Miles Mikolas,"$24,236"
3098,2013-2014,Victor Marte,"$24,098"
3099,2013-2014,Adam Moore,"$24,098"
3100,2013-2014,Enny Romero,"$24,098"
3101,2013-2014,Alex Burnett,"$19,508"
3102,2013-2014,Wilmer Font,"$18,781"
3103,2013-2014,Jonathan Diaz,"$18,743"
3104,2013-2014,Jim Miller,"$18,743"
3105,2013-2014,Gil Velazquez,"$18,743"
3106,2013-2014,Pedro Villarreal,"$18,743"
3107,2013-2014,Matt West,"$18,743"
3108,2013-2014,Logan Kensing,"$16,065"
3109,2013-2014,Carlos Peguero,"$16,065"
3110,2013-2014,Jason Pridie,"$16,065"
3111,2013-2014,James Paxton,"$13,230"
3112,2013-2014,David Carpenter,"$8,081"
3113,2013-2014,Dave Bush,"$8,032"
3114,2013-2014,Chien-Ming Wang,"$8,032"
3115,2013-2014,Shane Peterson,"$5,355"
3116,2013-2014,David Holmberg,"$2,677"
3117,2013-2014,Sean Nolin,"$2,677"
3118,2014-2015,Ryan Howard,"$25,000,000"
3119,2014-2015,Cliff Lee,"$25,000,000"
3120,2014-2015,Robinson Canó,"$24,050,000"
3121,2014-2015,Prince Fielder,"$24,000,000"
3122,2014-2015,Zack Greinke,"$24,000,000"
3123,2014-2015,Felix Hernandez,"$23,607,142"
3124,2014-2015,Joe Mauer,"$23,000,000"
3125,2014-2015,Albert Pujols,"$23,000,000"
3126,2014-2015,CC Sabathia,"$23,000,000"
3127,2014-2015,Cole Hamels,"$22,500,000"
3128,2014-2015,Mark Teixeira,"$22,500,000"
3129,2014-2015,Miguel Cabrera,"$22,100,000"
3130,2014-2015,Clayton Kershaw,"$22,000,000"
3131,2014-2015,Masahiro Tanaka,"$22,000,000"
3132,2014-2015,Jacoby Ellsbury,"$21,142,857"
3133,2014-2015,Adrián González,"$21,100,000"
3134,2014-2015,Matt Kemp,"$21,000,000"
3135,2014-2015,Matt Cain,"$20,833,333"
3136,2014-2015,Carl Crawford,"$20,250,000"
3137,2014-2015,Justin Verlander,"$20,000,000"
3138,2014-2015,Jayson Werth,"$20,000,000"
3139,2014-2015,David Wright,"$20,000,000"
3140,2014-2015,Adam Wainwright,"$19,550,000"
3141,2014-2015,Mark Buehrle,"$18,050,000"
3142,2014-2015,Adrián Beltré,"$17,100,000"
3143,2014-2015,Jose Abreu,"$17,015,000"
3144,2014-2015,Tim Lincecum,"$17,000,000"
3145,2014-2015,Brian McCann,"$17,000,000"
3146,2014-2015,Ian Kinsler,"$16,100,000"
3147,2014-2015,Hunter Pence,"$16,025,000"
3148,2014-2015,Troy Tulowitzki,"$16,025,000"
3149,2014-2015,Hiroki Kuroda,"$16,000,000"
3150,2014-2015,Mike Napoli,"$16,000,000"
3151,2014-2015,Hanley Ramirez,"$16,000,000"
3152,2014-2015,Jose Reyes,"$16,000,000"
3153,2014-2015,Jered Weaver,"$16,000,000"
3154,2014-2015,C.J. Wilson,"$16,000,000"
3155,2014-2015,Josh Beckett,"$15,750,000"
3156,2014-2015,John Lackey,"$15,750,000"
3157,2014-2015,Max Scherzer,"$15,525,000"
3158,2014-2015,Andre Ethier,"$15,500,000"
3159,2014-2015,Jhonny Peralta,"$15,500,000"
3160,2014-2015,Yadier Molina,"$15,100,000"
3161,2014-2015,Carlos Beltrán,"$15,000,000"
3162,2014-2015,A.J. Burnett,"$15,000,000"
3163,2014-2015,Josh Hamilton,"$15,000,000"
3164,2014-2015,Matt Holliday,"$15,000,000"
3165,2014-2015,Nick Markakis,"$15,000,000"
3166,2014-2015,David Ortiz,"$15,000,000"
3167,2014-2015,Nick Swisher,"$15,000,000"
3168,2014-2015,Aníbal Sánchez,"$15,000,000"
3169,2014-2015,Chase Utley,"$15,000,000"
3170,2014-2015,John Danks,"$14,250,000"
3171,2014-2015,Justin Upton,"$14,250,000"
3172,2014-2015,Ervin Santana,"$14,100,000"
3173,2014-2015,José Bautista,"$14,000,000"
3174,2014-2015,Shin-Soo Choo,"$14,000,000"
3175,2014-2015,Alexander Guerrero,"$14,000,000"
3176,2014-2015,Torii Hunter,"$14,000,000"
3177,2014-2015,Ryan Zimmerman,"$14,000,000"
3178,2014-2015,Michael Bourn,"$13,500,000"
3179,2014-2015,James Shields,"$13,500,000"
3180,2014-2015,B.J. Upton,"$13,450,000"
3181,2014-2015,Ryan Dempster,"$13,250,000"
3182,2014-2015,Adam Jones,"$13,075,000"
3183,2014-2015,Curtis Granderson,"$13,000,000"
3184,2014-2015,Jonathan Papelbon,"$13,000,000"
3185,2014-2015,Álex Ríos,"$13,000,000"
3186,2014-2015,Shane Victorino,"$13,000,000"
3187,2014-2015,Ryan Braun,"$12,500,000"
3188,2014-2015,Matt Garza,"$12,500,000"
3189,2014-2015,Chad Billingsley,"$12,000,000"
3190,2014-2015,R.A. Dickey,"$12,000,000"
3191,2014-2015,Scott Feldman,"$12,000,000"
3192,2014-2015,Derek Jeter,"$12,000,000"
3193,2014-2015,Adam LaRoche,"$12,000,000"
3194,2014-2015,Victor Martinez,"$12,000,000"
3195,2014-2015,Ricky Nolasco,"$12,000,000"
3196,2014-2015,Joey Votto,"$12,000,000"
3197,2014-2015,Michael Cuddyer,"$11,500,000"
3198,2014-2015,Dustin Pedroia,"$11,500,000"
3199,2014-2015,Kyle Lohse,"$11,350,000"
3200,2014-2015,Yovani Gallardo,"$11,250,000"
3201,2014-2015,Ubaldo Jiménez,"$11,250,000"
3202,2014-2015,Brandon Phillips,"$11,075,000"
3203,2014-2015,Scott Kazmir,"$11,050,000"
3204,2014-2015,Tim Hudson,"$11,025,000"
3205,2014-2015,Jorge De La Rosa,"$11,000,000"
3206,2014-2015,Dan Haren,"$11,000,000"
3207,2014-2015,Aaron Hill,"$11,000,000"
3208,2014-2015,Edwin Jackson,"$11,000,000"
3209,2014-2015,Jimmy Rollins,"$11,000,000"
3210,2014-2015,Rickie Weeks,"$11,000,000"
3211,2014-2015,Alex Gordon,"$10,800,000"
3212,2014-2015,Buster Posey,"$10,550,000"
3213,2014-2015,Carlos Gonzalez,"$10,500,000"
3214,2014-2015,Yu Darvish,"$10,457,843"
3215,2014-2015,Chris Davis,"$10,350,000"
3216,2014-2015,Aramis Ramirez,"$10,050,000"
3217,2014-2015,Johnny Cueto,"$10,025,000"
3218,2014-2015,Jay Bruce,"$10,000,000"
3219,2014-2015,Miguel Montero,"$10,000,000"
3220,2014-2015,Brian Wilson,"$10,000,000"
3221,2014-2015,Alexei Ramírez,"$9,515,000"
3222,2014-2015,Bronson Arroyo,"$9,500,000"
3223,2014-2015,Carlos Quentin,"$9,500,000"
3224,2014-2015,Howie Kendrick,"$9,350,000"
3225,2014-2015,Erisbel Arruebarrena,"$9,000,000"
3226,2014-2015,Homer Bailey,"$9,000,000"
3227,2014-2015,Bartolo Colon,"$9,000,000"
3228,2014-2015,Edwin Encarnacion,"$9,000,000"
3229,2014-2015,Joe Nathan,"$9,000,000"
3230,2014-2015,Ángel Pagán,"$9,000,000"
3231,2014-2015,Erick Aybar,"$8,550,000"
3232,2014-2015,David Price,"$8,513,661"
3233,2014-2015,Gio Gonzalez,"$8,500,000"
3234,2014-2015,Phil Hughes,"$8,500,000"
3235,2014-2015,Russell Martin,"$8,500,000"
3236,2014-2015,Rick Porcello,"$8,500,000"
3237,2014-2015,Cody Ross,"$8,500,000"
3238,2014-2015,Carlos Ruiz,"$8,500,000"
3239,2014-2015,Juan Uribe,"$8,500,000"
3240,2014-2015,Pablo Sandoval,"$8,250,000"
3241,2014-2015,Freddie Freeman,"$8,050,000"
3242,2014-2015,Craig Kimbrel,"$8,050,000"
3243,2014-2015,Billy Butler,"$8,000,000"
3244,2014-2015,Marlon Byrd,"$8,000,000"
3245,2014-2015,Melky Cabrera,"$8,000,000"
3246,2014-2015,Nelson Cruz,"$8,000,000"
3247,2014-2015,Jeremy Guthrie,"$8,000,000"
3248,2014-2015,Matt Harrison,"$8,000,000"
3249,2014-2015,Josh Johnson,"$8,000,000"
3250,2014-2015,Brandon Morrow,"$8,000,000"
3251,2014-2015,Trevor Cahill,"$7,900,000"
3252,2014-2015,Aroldis Chapman,"$7,860,772"
3253,2014-2015,Jaime Garcia,"$7,750,000"
3254,2014-2015,Ricky Romero,"$7,750,000"
3255,2014-2015,Clay Buchholz,"$7,700,000"
3256,2014-2015,Matt Wieters,"$7,700,000"
3257,2014-2015,Kyle Kendrick,"$7,675,000"
3258,2014-2015,Coco Crisp,"$7,500,000"
3259,2014-2015,J.J. Hardy,"$7,500,000"
3260,2014-2015,Brandon League,"$7,500,000"
3261,2014-2015,Evan Longoria,"$7,500,000"
3262,2014-2015,Wandy Rodriguez,"$7,500,000"
3263,2014-2015,Jordan Zimmermann,"$7,500,000"
3264,2014-2015,Dexter Fowler,"$7,350,000"
3265,2014-2015,Andrew McCutchen,"$7,325,000"
3266,2014-2015,Mat Latos,"$7,250,000"
3267,2014-2015,Doug Fister,"$7,200,000"
3268,2014-2015,Carlos Gomez,"$7,050,000"
3269,2014-2015,Fernando Rodney,"$7,050,000"
3270,2014-2015,Mike Adams,"$7,000,000"
3271,2014-2015,J.P. Howell,"$7,000,000"
3272,2014-2015,Adam Lind,"$7,000,000"
3273,2014-2015,Jason Motte,"$7,000,000"
3274,2014-2015,Colby Rasmus,"$7,000,000"
3275,2014-2015,Rafael Soriano,"$7,000,000"
3276,2014-2015,Jason Vargas,"$7,000,000"
3277,2014-2015,Ben Zobrist,"$7,000,000"
3278,2014-2015,Heath Bell,"$6,500,000"
3279,2014-2015,David DeJesus,"$6,500,000"
3280,2014-2015,Ian Desmond,"$6,500,000"
3281,2014-2015,Hisashi Iwakuma,"$6,500,000"
3282,2014-2015,Denard Span,"$6,500,000"
3283,2014-2015,Giancarlo Stanton,"$6,500,000"
3284,2014-2015,Ichiro Suzuki,"$6,500,000"
3285,2014-2015,Elvis Andrus,"$6,475,000"
3286,2014-2015,Sergio Romo,"$6,300,000"
3287,2014-2015,Ian Kennedy,"$6,100,000"
3288,2014-2015,Brett Anderson,"$6,000,000"
3289,2014-2015,Joaquin Benoit,"$6,000,000"
3290,2014-2015,Corey Hart,"$6,000,000"
3291,2014-2015,Francisco Liriano,"$6,000,000"
3292,2014-2015,James Loney,"$6,000,000"
3293,2014-2015,Mike Morse,"$6,000,000"
3294,2014-2015,Jarrod Saltalamacchia,"$6,000,000"
3295,2014-2015,Marco Scutaro,"$6,000,000"
3296,2014-2015,Mike Leake,"$5,925,000"
3297,2014-2015,Tyler Clippard,"$5,875,000"
3298,2014-2015,Álex Rodríguez,"$5,868,852"
3299,2014-2015,Kris Medlen,"$5,800,000"
3300,2014-2015,Neil Walker,"$5,750,000"
3301,2014-2015,Daniel Murphy,"$5,700,000"
3302,2014-2015,Brett Gardner,"$5,600,000"
3303,2014-2015,Rusney Castillo,"$5,500,000"
3304,2014-2015,Jason Heyward,"$5,500,000"
3305,2014-2015,Raisel Iglesias,"$5,500,000"
3306,2014-2015,Sean Marshall,"$5,500,000"
3307,2014-2015,David Murphy,"$5,500,000"
3308,2014-2015,Mike Pelfrey,"$5,500,000"
3309,2014-2015,Derek Holland,"$5,400,000"
3310,2014-2015,Bud Norris,"$5,300,000"
3311,2014-2015,Mark Ellis,"$5,250,000"
3312,2014-2015,Jed Lowrie,"$5,250,000"
3313,2014-2015,Joe Smith,"$5,250,000"
3314,2014-2015,David Robertson,"$5,215,000"
3315,2014-2015,Luke Hochevar,"$5,210,000"
3316,2014-2015,J.A. Happ,"$5,200,000"
3317,2014-2015,Luke Gregerson,"$5,065,000"
3318,2014-2015,David Freese,"$5,050,000"
3319,2014-2015,Jeremy Affeldt,"$5,000,000"
3320,2014-2015,Grant Balfour,"$5,000,000"
3321,2014-2015,Michael Brantley,"$5,000,000"
3322,2014-2015,Starlin Castro,"$5,000,000"
3323,2014-2015,Rajai Davis,"$5,000,000"
3324,2014-2015,Yunel Escobar,"$5,000,000"
3325,2014-2015,Miguel González,"$5,000,000"
3326,2014-2015,Omar Infante,"$5,000,000"
3327,2014-2015,Cameron Maybin,"$5,000,000"
3328,2014-2015,Nate McLouth,"$5,000,000"
3329,2014-2015,Justin Morneau,"$5,000,000"
3330,2014-2015,Jonathon Niese,"$5,000,000"
3331,2014-2015,Carlos Villanueva,"$5,000,000"
3332,2014-2015,Ryan Vogelsong,"$5,000,000"
3333,2014-2015,Chris Iannetta,"$4,975,000"
3334,2014-2015,Alberto Callaspo,"$4,875,000"
3335,2014-2015,Jhoulys Chacin,"$4,850,000"
3336,2014-2015,Wade Davis,"$4,800,000"
3337,2014-2015,Mark Trumbo,"$4,800,000"
3338,2014-2015,Chris Johnson,"$4,750,000"
3339,2014-2015,Boone Logan,"$4,750,000"
3340,2014-2015,Edward Mujica,"$4,750,000"
3341,2014-2015,Greg Holland,"$4,725,000"
3342,2014-2015,Chris Young,"$4,725,000"
3343,2014-2015,Santiago Casilla,"$4,500,000"
3344,2014-2015,David DeJesus,"$4,500,000"
3345,2014-2015,Seth Smith,"$4,500,000"
3346,2014-2015,Brad Ziegler,"$4,500,000"
3347,2014-2015,Kendrys Morales,"$4,393,442"
3348,2014-2015,Kenley Jansen,"$4,300,000"
3349,2014-2015,Pedro Alvarez,"$4,250,000"
3350,2014-2015,Matt Belisle,"$4,250,000"
3351,2014-2015,Koji Uehara,"$4,250,000"
3352,2014-2015,Will Venable,"$4,250,000"
3353,2014-2015,Brandon McCarthy,"$4,180,327"
3354,2014-2015,Wei-Yin Chen,"$4,172,000"
3355,2014-2015,Alex Avila,"$4,150,000"
3356,2014-2015,Brandon Moss,"$4,150,000"
3357,2014-2015,Drew Stubbs,"$4,100,000"
3358,2014-2015,Glen Perkins,"$4,050,000"
3359,2014-2015,Gavin Floyd,"$4,000,000"
3360,2014-2015,Kyuji Fujikawa,"$4,000,000"
3361,2014-2015,Casey Janssen,"$4,000,000"
3362,2014-2015,Matt Lindstrom,"$4,000,000"
3363,2014-2015,Javier Lopez,"$4,000,000"
3364,2014-2015,Charlie Morton,"$4,000,000"
3365,2014-2015,Stephen Strasburg,"$3,975,000"
3366,2014-2015,Travis Wood,"$3,900,000"
3367,2014-2015,Mike Minor,"$3,850,000"
3368,2014-2015,Craig Breslow,"$3,825,000"
3369,2014-2015,Madison Bumgarner,"$3,800,000"
3370,2014-2015,Steve Cishek,"$3,800,000"
3371,2014-2015,Sean Burnett,"$3,750,000"
3372,2014-2015,Matt Joyce,"$3,700,000"
3373,2014-2015,Bobby Parnell,"$3,700,000"
3374,2014-2015,Dillon Gee,"$3,625,000"
3375,2014-2015,Jeremy Hellickson,"$3,625,000"
3376,2014-2015,Eric Hosmer,"$3,600,000"
3377,2014-2015,A.J. Ellis,"$3,550,000"
3378,2014-2015,Martín Prado,"$3,546,448"
3379,2014-2015,Chris Sale,"$3,515,000"
3380,2014-2015,Ryan Doumit,"$3,500,000"
3381,2014-2015,Rafael Furcal,"$3,500,000"
3382,2014-2015,Hyun-Jin Ryu,"$3,500,000"
3383,2014-2015,Carlos Santana,"$3,500,000"
3384,2014-2015,Drew Storen,"$3,450,000"
3385,2014-2015,Marco Estrada,"$3,325,000"
3386,2014-2015,Ivan Nova,"$3,300,000"
3387,2014-2015,Kurt Suzuki,"$3,300,000"
3388,2014-2015,Justin Masterson,"$3,254,166"
3389,2014-2015,Jared Burton,"$3,250,000"
3390,2014-2015,Jesse Crain,"$3,250,000"
3391,2014-2015,Jon Jay,"$3,250,000"
3392,2014-2015,Francisco Rodriguez,"$3,250,000"
3393,2014-2015,Darren O'Day,"$3,200,000"
3394,2014-2015,Ike Davis,"$3,136,612"
3395,2014-2015,Stephen Drew,"$3,122,950"
3396,2014-2015,David Ross,"$3,100,000"
3397,2014-2015,Nori Aoki,"$3,037,500"
3398,2014-2015,Mike Aviles,"$3,000,000"
3399,2014-2015,Ronald Belisario,"$3,000,000"
3400,2014-2015,Joba Chamberlain,"$3,000,000"
3401,2014-2015,Randy Choate,"$3,000,000"
3402,2014-2015,Ross Detwiler,"$3,000,000"
3403,2014-2015,Alcides Escobar,"$3,000,000"
3404,2014-2015,Neftali Feliz,"$3,000,000"
3405,2014-2015,Tommy Hunter,"$3,000,000"
3406,2014-2015,Maicer Izturis,"$3,000,000"
3407,2014-2015,Jason Kipnis,"$3,000,000"
3408,2014-2015,Cory Luebke,"$3,000,000"
3409,2014-2015,Dioner Navarro,"$3,000,000"
3410,2014-2015,Joel Peralta,"$3,000,000"
3411,2014-2015,Johan Santana,"$3,000,000"
3412,2014-2015,Jose Tabata,"$3,000,000"
3413,2014-2015,Chase Headley,"$2,968,442"
3414,2014-2015,Brandon Belt,"$2,900,000"
3415,2014-2015,Jason Hammel,"$2,852,459"
3416,2014-2015,Willie Bloomquist,"$2,800,000"
3417,2014-2015,Tom Gorzelanny,"$2,800,000"
3418,2014-2015,Dayan Viciedo,"$2,800,000"
3419,2014-2015,Yoenis Céspedes,"$2,792,622"
3420,2014-2015,Huston Street,"$2,754,098"
3421,2014-2015,Ryan Hanigan,"$2,750,000"
3422,2014-2015,Garrett Jones,"$2,750,000"
3423,2014-2015,Leonys Martin,"$2,750,000"
3424,2014-2015,Cliff Pennington,"$2,750,000"
3425,2014-2015,Nick Punto,"$2,750,000"
3426,2014-2015,Chad Qualls,"$2,750,000"
3427,2014-2015,Eric Stults,"$2,750,000"
3428,2014-2015,Josh Reddick,"$2,700,000"
3429,2014-2015,Anthony Rendon,"$2,700,000"
3430,2014-2015,Bryce Harper,"$2,650,000"
3431,2014-2015,Mitch Moreland,"$2,650,000"
3432,2014-2015,Justin Smoak,"$2,637,500"
3433,2014-2015,Alexi Ogando,"$2,625,000"
3434,2014-2015,Mark Melancon,"$2,595,000"
3435,2014-2015,Jake Peavy,"$2,575,136"
3436,2014-2015,Matt Carpenter,"$2,550,000"
3437,2014-2015,Jeff Samardzija,"$2,541,065"
3438,2014-2015,Grégor Blanco,"$2,525,000"
3439,2014-2015,Jon Lester,"$2,512,295"
3440,2014-2015,Aledmys Diaz,"$2,500,000"
3441,2014-2015,Scott Hairston,"$2,500,000"
3442,2014-2015,Paul Konerko,"$2,500,000"
3443,2014-2015,Starling Marte,"$2,500,000"
3444,2014-2015,Hiroyuki Nakajima,"$2,500,000"
3445,2014-2015,Everth Cabrera,"$2,450,000"
3446,2014-2015,Jason Castro,"$2,450,000"
3447,2014-2015,Trevor Bauer,"$2,425,000"
3448,2014-2015,Andrew Cashner,"$2,400,000"
3449,2014-2015,Brian Matusz,"$2,400,000"
3450,2014-2015,Trevor Plouffe,"$2,350,000"
3451,2014-2015,Jonathan Lucroy,"$2,325,000"
3452,2014-2015,John Jaso,"$2,300,000"
3453,2014-2015,Chris Pérez,"$2,300,000"
3454,2014-2015,Gaby Sanchez,"$2,300,000"
3455,2014-2015,Michael Saunders,"$2,300,000"
3456,2014-2015,Matt Albers,"$2,250,000"
3457,2014-2015,Kyle Davies,"$2,250,000"
3458,2014-2015,LaTroy Hawkins,"$2,250,000"
3459,2014-2015,Ryan Raburn,"$2,250,000"
3460,2014-2015,Neal Cotts,"$2,200,000"
3461,2014-2015,Adeiny Hechavarria,"$2,200,000"
3462,2014-2015,Wilton Lopez,"$2,200,000"
3463,2014-2015,Burke Badenhop,"$2,150,000"
3464,2014-2015,Wilson Ramos,"$2,095,000"
3465,2014-2015,Joakim Soria,"$2,073,770"
3466,2014-2015,Jose Altuve,"$2,025,000"
3467,2014-2015,Juan Nicasio,"$2,025,000"
3468,2014-2015,Clint Barmes,"$2,000,000"
3469,2014-2015,Antonio Bastardo,"$2,000,000"
3470,2014-2015,Brian Duensing,"$2,000,000"
3471,2014-2015,David Hernandez,"$2,000,000"
3472,2014-2015,Colby Lewis,"$2,000,000"
3473,2014-2015,Manny Parra,"$2,000,000"
3474,2014-2015,Yasiel Puig,"$2,000,000"
3475,2014-2015,Mark Reynolds,"$2,000,000"
3476,2014-2015,Justin Ruggiano,"$2,000,000"
3477,2014-2015,Brendan Ryan,"$2,000,000"
3478,2014-2015,Skip Schumaker,"$2,000,000"
3479,2014-2015,Andrelton Simmons,"$2,000,000"
3480,2014-2015,Jorge Soler,"$2,000,000"
3481,2014-2015,Tyson Ross,"$1,980,000"
3482,2014-2015,Andrew Bailey,"$1,975,000"
3483,2014-2015,Jason Grilli,"$1,968,586"
3484,2014-2015,Austin Jackson,"$1,967,213"
3485,2014-2015,Ben Revere,"$1,950,000"
3486,2014-2015,Phil Coke,"$1,900,000"
3487,2014-2015,Eric Young Jr.,"$1,850,000"
3488,2014-2015,J.P. Arencibia,"$1,800,000"
3489,2014-2015,Julio Teherán,"$1,800,000"
3490,2014-2015,Jamey Wright,"$1,800,000"
3491,2014-2015,Josh Willingham,"$1,797,814"
3492,2014-2015,Shawn Kelley,"$1,765,000"
3493,2014-2015,Chris Heisey,"$1,760,000"
3494,2014-2015,Jose Molina,"$1,750,000"
3495,2014-2015,Logan Morrison,"$1,750,000"
3496,2014-2015,Oliver Perez,"$1,750,000"
3497,2014-2015,Martín Pérez,"$1,750,000"
3498,2014-2015,Ryan Webb,"$1,750,000"
3499,2014-2015,Franklin Morales,"$1,712,500"
3500,2014-2015,Luis Valbuena,"$1,710,000"
3501,2014-2015,Dustin Ackley,"$1,700,000"
3502,2014-2015,Danny Hultzen,"$1,700,000"
3503,2014-2015,Jerry Blevins,"$1,675,000"
3504,2014-2015,Jose Iglesias,"$1,650,000"
3505,2014-2015,Jonny Gomes,"$1,639,344"
3506,2014-2015,Lucas Duda,"$1,637,500"
3507,2014-2015,Andy Dirks,"$1,625,000"
3508,2014-2015,Jonny Venters,"$1,625,000"
3509,2014-2015,Jeff Baker,"$1,600,000"
3510,2014-2015,Salvador Perez,"$1,600,000"
3511,2014-2015,Tim Stauffer,"$1,600,000"
3512,2014-2015,Gerardo Parra,"$1,590,163"
3513,2014-2015,Chris Archer,"$1,500,000"
3514,2014-2015,Daniel Carbonell,"$1,500,000"
3515,2014-2015,Gerald Laird,"$1,500,000"
3516,2014-2015,Paul Maholm,"$1,500,000"
3517,2014-2015,Jeff Mathis,"$1,500,000"
3518,2014-2015,Daisuke Matsuzaka,"$1,500,000"
3519,2014-2015,Dustin McGowan,"$1,500,000"
3520,2014-2015,Eric O'Flaherty,"$1,500,000"
3521,2014-2015,Lyle Overbay,"$1,500,000"
3522,2014-2015,Felipe Paulino,"$1,500,000"
3523,2014-2015,Alfredo Simon,"$1,500,000"
3524,2014-2015,Jon Singleton,"$1,500,000"
3525,2014-2015,Ryan Sweeney,"$1,500,000"
3526,2014-2015,Jordan Walden,"$1,490,000"
3527,2014-2015,Aaron Crow,"$1,475,000"
3528,2014-2015,Sean Rodriguez,"$1,475,000"
3529,2014-2015,Kevin Correia,"$1,472,677"
3530,2014-2015,Kevin Jepsen,"$1,462,500"
3531,2014-2015,Brandon Beachy,"$1,450,000"
3532,2014-2015,Jake McGee,"$1,450,000"
3533,2014-2015,Logan Ondrusek,"$1,450,000"
3534,2014-2015,Wesley Wright,"$1,425,000"
3535,2014-2015,Suk-Min Yoon,"$1,425,000"
3536,2014-2015,Mike Carp,"$1,400,000"
3537,2014-2015,Mike Dunn,"$1,400,000"
3538,2014-2015,Noel Argüelles,"$1,380,000"
3539,2014-2015,Marc Rzepczynski,"$1,375,000"
3540,2014-2015,Craig Stammen,"$1,375,000"
3541,2014-2015,Tim Collins,"$1,362,500"
3542,2014-2015,Justin Maxwell,"$1,325,000"
3543,2014-2015,Pedro Strop,"$1,325,000"
3544,2014-2015,Roberto Hernandez,"$1,303,278"
3545,2014-2015,Brett Cecil,"$1,300,000"
3546,2014-2015,Jesus Guzman,"$1,300,000"
3547,2014-2015,Jonathan Herrera,"$1,300,000"
3548,2014-2015,Daniel Descalso,"$1,290,000"
3549,2014-2015,Kevin Gregg,"$1,286,387"
3550,2014-2015,Junichi Tazawa,"$1,275,000"
3551,2014-2015,Daric Barton,"$1,250,000"
3552,2014-2015,Ross Ohlendorf,"$1,250,000"
3553,2014-2015,Anthony Rizzo,"$1,250,000"
3554,2014-2015,Josh Thole,"$1,250,000"
3555,2014-2015,Dylan Bundy,"$1,245,000"
3556,2014-2015,Peter Bourjos,"$1,200,000"
3557,2014-2015,Adam Dunn,"$1,200,000"
3558,2014-2015,Sam LeCure,"$1,200,000"
3559,2014-2015,Nick Masset,"$1,200,000"
3560,2014-2015,Travis Snider,"$1,200,000"
3561,2014-2015,Joaquín Árias,"$1,150,000"
3562,2014-2015,Craig Gentry,"$1,145,000"
3563,2014-2015,John Axford,"$1,131,147"
3564,2014-2015,Wil Nieves,"$1,125,000"
3565,2014-2015,Joe Thatcher,"$1,116,120"
3566,2014-2015,Jonathan Broxton,"$1,109,289"
3567,2014-2015,Paul Goldschmidt,"$1,100,000"
3568,2014-2015,Casey McGehee,"$1,100,000"
3569,2014-2015,Ramon Santiago,"$1,100,000"
3570,2014-2015,Ruben Tejada,"$1,100,000"
3571,2014-2015,Justin Turner,"$1,100,000"
3572,2014-2015,Matt Thornton,"$1,051,912"
3573,2014-2015,Yan Gomes,"$1,050,000"
3574,2014-2015,Josh Collmenter,"$1,025,000"
3575,2014-2015,Scott Baker,"$1,000,000"
3576,2014-2015,Jason Giambi,"$1,000,000"
3577,2014-2015,Franklin Gutierrez,"$1,000,000"
3578,2014-2015,Jack Hannahan,"$1,000,000"
3579,2014-2015,Joel Hanrahan,"$1,000,000"
3580,2014-2015,Aaron Harang,"$1,000,000"
3581,2014-2015,Reed Johnson,"$1,000,000"
3582,2014-2015,Don Kelly,"$1,000,000"
3583,2014-2015,James McDonald,"$1,000,000"
3584,2014-2015,Jose Mijares,"$1,000,000"
3585,2014-2015,Matt Moore,"$1,000,000"
3586,2014-2015,Pat Neshek,"$1,000,000"
3587,2014-2015,Chris Stewart,"$1,000,000"
3588,2014-2015,Mike Trout,"$1,000,000"
3589,2014-2015,Delmon Young,"$1,000,000"
3590,2014-2015,Kelly Johnson,"$983,606"
3591,2014-2015,Yonder Alonso,"$980,000"
3592,2014-2015,Tyler Flowers,"$950,000"
3593,2014-2015,Kevin Frandsen,"$950,000"
3594,2014-2015,Jose Lobaton,"$950,000"
3595,2014-2015,Jayson Nix,"$950,000"
3596,2014-2015,Anthony Swarzak,"$935,000"
3597,2014-2015,Allen Craig,"$901,639"
3598,2014-2015,Tony Gwynn Jr.,"$900,000"
3599,2014-2015,Ian Stewart,"$900,000"
3600,2014-2015,Troy Patton,"$891,803"
3601,2014-2015,Gordon Beckham,"$889,754"
3602,2014-2015,John Baker,"$875,000"
3603,2014-2015,Brayan Pena,"$875,000"
3604,2014-2015,Fernando Salas,"$870,000"
3605,2014-2015,Joe Beimel,"$850,000"
3606,2014-2015,Zach Duke,"$850,000"
3607,2014-2015,J.C. Gutiérrez,"$850,000"
3608,2014-2015,John McDonald,"$850,000"
3609,2014-2015,Steven Pearce,"$850,000"
3610,2014-2015,Jose Quintana,"$850,000"
3611,2014-2015,Yusmeiro Petit,"$845,000"
3612,2014-2015,Al Alburquerque,"$837,500"
3613,2014-2015,Donnie Murphy,"$825,000"
3614,2014-2015,Emilio Bonifacio,"$819,672"
3615,2014-2015,Scott Atchison,"$800,000"
3616,2014-2015,Brennan Boesch,"$800,000"
3617,2014-2015,Evan Meek,"$800,000"
3618,2014-2015,Omar Quintanilla,"$800,000"
3619,2014-2015,Josh Tomlin,"$800,000"
3620,2014-2015,Yasmani Grandal,"$792,000"
3621,2014-2015,Darwin Barney,"$791,803"
3622,2014-2015,Jesse Chavez,"$775,000"
3623,2014-2015,Sean Doolittle,"$750,000"
3624,2014-2015,Charlie Furbush,"$750,000"
3625,2014-2015,Michael McKenry,"$750,000"
3626,2014-2015,Adam Rosales,"$750,000"
3627,2014-2015,César Ramos,"$749,750"
3628,2014-2015,Chris Denorfia,"$737,704"
3629,2014-2015,Kyle Blanks,"$733,879"
3630,2014-2015,Jason Frasor,"$717,213"
3631,2014-2015,Mike Baxter,"$700,000"
3632,2014-2015,Blaine Boyer,"$700,000"
3633,2014-2015,Drew Butera,"$700,000"
3634,2014-2015,Francisco Cervelli,"$700,000"
3635,2014-2015,Daniel Hudson,"$700,000"
3636,2014-2015,Ramiro Pena,"$700,000"
3637,2014-2015,Alejandro De Aza,"$673,497"
3638,2014-2015,Chris Coghlan,"$651,366"
3639,2014-2015,José Fernández,"$635,000"
3640,2014-2015,Brett Hayes,"$630,000"
3641,2014-2015,Andrew Miller,"$623,975"
3642,2014-2015,Matt Harvey,"$606,625"
3643,2014-2015,Esmil Rogers,"$606,557"
3644,2014-2015,Gerardo Concepcion,"$600,000"
3645,2014-2015,Zack Cozart,"$600,000"
3646,2014-2015,Todd Frazier,"$600,000"
3647,2014-2015,Fernando Rodriguez,"$600,000"
3648,2014-2015,Geovany Soto,"$600,000"
3649,2014-2015,Felix Doubront,"$586,000"
3650,2014-2015,James Russell,"$581,967"
3651,2014-2015,Carlos Torres,"$561,875"
3652,2014-2015,Brandon Crawford,"$560,000"
3653,2014-2015,Domonic Brown,"$550,000"
3654,2014-2015,Ryan Kalish,"$550,000"
3655,2014-2015,Matt Reynolds,"$550,000"
3656,2014-2015,Mike Moustakas,"$549,000"
3657,2014-2015,Lorenzo Cain,"$546,000"
3658,2014-2015,Chris Tillman,"$546,000"
3659,2014-2015,Nate Jones,"$545,000"
3660,2014-2015,Jake Arrieta,"$544,500"
3661,2014-2015,Scott Diamond,"$542,500"
3662,2014-2015,David Phelps,"$541,425"
3663,2014-2015,Danny Espinosa,"$540,850"
3664,2014-2015,Will Middlebrooks,"$540,500"
3665,2014-2015,Kyle Seager,"$540,100"
3666,2014-2015,Brian Dozier,"$540,000"
3667,2014-2015,Addison Reed,"$538,500"
3668,2014-2015,Matt Tuiasosopo,"$538,500"
3669,2014-2015,Andrew Brown,"$538,045"
3670,2014-2015,Lance Lynn,"$535,000"
3671,2014-2015,Jean Segura,"$534,000"
3672,2014-2015,David Carpenter,"$532,500"
3673,2014-2015,Welington Castillo,"$530,000"
3674,2014-2015,Jarrod Dyson,"$530,000"
3675,2014-2015,Casey Fien,"$530,000"
3676,2014-2015,Hector Santiago,"$530,000"
3677,2014-2015,Bryan Shaw,"$529,500"
3678,2014-2015,Miguel Gonzalez,"$529,000"
3679,2014-2015,Tom Wilhelmsen,"$528,800"
3680,2014-2015,Brian Bogusevic,"$528,500"
3681,2014-2015,Adam Warren,"$527,400"
3682,2014-2015,Fernando Abad,"$525,900"
3683,2014-2015,Henderson Alvarez III,"$525,400"
3684,2014-2015,Devin Mesoraco,"$525,000"
3685,2014-2015,Corey Kluber,"$524,000"
3686,2014-2015,Wade Miley,"$523,500"
3687,2014-2015,Kelvin Herrera,"$522,500"
3688,2014-2015,Zack Britton,"$521,500"
3689,2014-2015,Tony Cruz,"$521,000"
3690,2014-2015,Shelby Miller,"$521,000"
3691,2014-2015,Trevor Rosenthal,"$521,000"
3692,2014-2015,John Mayberry Jr.,"$520,491"
3693,2014-2015,Evan Gattis,"$520,250"
3694,2014-2015,Garrett Richards,"$520,000"
3695,2014-2015,Manny Machado,"$519,000"
3696,2014-2015,Blake Beavan,"$518,700"
3697,2014-2015,Tony Watson,"$518,500"
3698,2014-2015,Luis Avilan,"$517,500"
3699,2014-2015,Hank Conger,"$517,500"
3700,2014-2015,Steve Lombardozzi,"$517,500"
3701,2014-2015,Xander Bogaerts,"$517,000"
3702,2014-2015,Nathan Eovaldi,"$517,000"
3703,2014-2015,Desmond Jennings,"$517,000"
3704,2014-2015,Alex Cobb,"$516,900"
3705,2014-2015,Brett Lawrie,"$516,100"
3706,2014-2015,Matt Adams,"$516,000"
3707,2014-2015,Donnie Veal,"$516,000"
3708,2014-2015,Steve Delabar,"$515,900"
3709,2014-2015,Dale Thayer,"$515,800"
3710,2014-2015,Jake Diekman,"$515,500"
3711,2014-2015,Jordy Mercer,"$515,500"
3712,2014-2015,Justin Wilson,"$515,500"
3713,2014-2015,Cody Allen,"$515,400"
3714,2014-2015,Tanner Scheppers,"$515,179"
3715,2014-2015,Patrick Corbin,"$515,000"
3716,2014-2015,Tom Koehler,"$515,000"
3717,2014-2015,Michael Kohn,"$515,000"
3718,2014-2015,Wily Peralta,"$515,000"
3719,2014-2015,Dee Strange-Gordon,"$515,000"
3720,2014-2015,Anthony Varvaro,"$515,000"
3721,2014-2015,Jemile Weeks,"$515,000"
3722,2014-2015,Jeanmar Gomez,"$514,500"
3723,2014-2015,Héctor Rondón,"$514,000"
3724,2014-2015,Josh Harrison,"$513,000"
3725,2014-2015,Robbie Ross,"$512,745"
3726,2014-2015,Yoervis Medina,"$512,600"
3727,2014-2015,Gerrit Cole,"$512,500"
3728,2014-2015,Ryan Flaherty,"$512,500"
3729,2014-2015,Paco Rodriguez,"$512,500"
3730,2014-2015,Aaron Loup,"$512,400"
3731,2014-2015,Zack Wheeler,"$512,375"
3732,2014-2015,Brad Lincoln,"$512,300"
3733,2014-2015,Conor Gillaspie,"$512,000"
3734,2014-2015,Héctor Sánchez,"$512,000"
3735,2014-2015,Bryan Morris,"$511,500"
3736,2014-2015,Alex Presley,"$511,500"
3737,2014-2015,Donovan Solano,"$511,500"
3738,2014-2015,Alexi Amarista,"$511,100"
3739,2014-2015,Adam Eaton,"$511,000"
3740,2014-2015,Jedd Gyorko,"$510,900"
3741,2014-2015,Lonnie Chisenhall,"$510,800"
3742,2014-2015,Danny Farquhar,"$510,800"
3743,2014-2015,David Lough,"$510,500"
3744,2014-2015,Nick Vincent,"$510,200"
3745,2014-2015,Matt Dominguez,"$510,100"
3746,2014-2015,Brad Miller,"$510,100"
3747,2014-2015,Chris Carter,"$510,000"
3748,2014-2015,Randall Delgado,"$510,000"
3749,2014-2015,Avisaíl García,"$510,000"
3750,2014-2015,Luke Putkonen,"$510,000"
3751,2014-2015,A.J. Ramos,"$510,000"
3752,2014-2015,Joe Savery,"$510,000"
3753,2014-2015,Eric Sogard,"$510,000"
3754,2014-2015,Caleb Thielbar,"$510,000"
3755,2014-2015,Logan Forsythe,"$509,700"
3756,2014-2015,Jenrry Mejia,"$509,675"
3757,2014-2015,Brad Brach,"$509,500"
3758,2014-2015,Michael Pineda,"$509,050"
3759,2014-2015,Seth Maness,"$509,000"
3760,2014-2015,Alex Torres,"$509,000"
3761,2014-2015,Dallas Keuchel,"$508,700"
3762,2014-2015,Johnny Giavotella,"$508,575"
3763,2014-2015,Xavier Cedeño,"$507,800"
3764,2014-2015,Brandon Gomes,"$507,800"
3765,2014-2015,Eduardo Escobar,"$507,500"
3766,2014-2015,Cory Gearrin,"$507,500"
3767,2014-2015,Scott Van Slyke,"$507,500"
3768,2014-2015,Brandon Kintzler,"$507,000"
3769,2014-2015,A.J. Pollock,"$507,000"
3770,2014-2015,Juan Lagares,"$506,636"
3771,2014-2015,Chris Withrow,"$506,600"
3772,2014-2015,Josh Fields,"$506,500"
3773,2014-2015,Didi Gregorius,"$506,500"
3774,2014-2015,René Rivera,"$506,400"
3775,2014-2015,Alex Wood,"$506,250"
3776,2014-2015,Tanner Roark,"$506,100"
3777,2014-2015,Kole Calhoun,"$506,000"
3778,2014-2015,Collin Cowgill,"$506,000"
3779,2014-2015,Steve Johnson,"$506,000"
3780,2014-2015,Jurickson Profar,"$505,750"
3781,2014-2015,Todd Redmond,"$505,700"
3782,2014-2015,Leury García,"$505,500"
3783,2014-2015,Justin Grimm,"$505,500"
3784,2014-2015,Stolmy Pimentel,"$505,500"
3785,2014-2015,Anthony Recker,"$505,340"
3786,2014-2015,Carlos Corporán,"$505,300"
3787,2014-2015,Anthony Bass,"$505,200"
3788,2014-2015,Nick Tepesch,"$505,071"
3789,2014-2015,Steve Clevenger,"$505,000"
3790,2014-2015,Ryan Cook,"$505,000"
3791,2014-2015,A.J. Griffin,"$505,000"
3792,2014-2015,Jean Machi,"$505,000"
3793,2014-2015,Derek Norris,"$505,000"
3794,2014-2015,Marcell Ozuna,"$505,000"
3795,2014-2015,Bruce Rondón,"$505,000"
3796,2014-2015,Logan Schafer,"$505,000"
3797,2014-2015,Tyler Thornburg,"$505,000"
3798,2014-2015,Christian Yelich,"$505,000"
3799,2014-2015,Carlos Carrasco,"$504,700"
3800,2014-2015,Michael Kirkman,"$504,576"
3801,2014-2015,Francisley Bueno,"$504,500"
3802,2014-2015,Marwin Gonzalez,"$504,500"
3803,2014-2015,Zach McAllister,"$504,500"
3804,2014-2015,Taylor Jordan,"$504,300"
3805,2014-2015,Raúl Valdés,"$504,300"
3806,2014-2015,Carlos Peguero,"$504,250"
3807,2014-2015,Wil Myers,"$504,200"
3808,2014-2015,Joe Ortiz,"$504,112"
3809,2014-2015,Mike Zunino,"$504,100"
3810,2014-2015,Scooter Gennett,"$504,000"
3811,2014-2015,Andrew Romine,"$504,000"
3812,2014-2015,Chris Rusin,"$503,500"
3813,2014-2015,Drew Hutchison,"$503,200"
3814,2014-2015,Jake Odorizzi,"$503,100"
3815,2014-2015,Drake Britton,"$503,000"
3816,2014-2015,Alberto Cabrera,"$503,000"
3817,2014-2015,Khris Davis,"$503,000"
3818,2014-2015,Evan Reed,"$503,000"
3819,2014-2015,Cory Burns,"$502,638"
3820,2014-2015,Jeurys Familia,"$502,550"
3821,2014-2015,Kyle Gibson,"$502,500"
3822,2014-2015,Sonny Gray,"$502,500"
3823,2014-2015,David Hale,"$502,500"
3824,2014-2015,Miles Mikolas,"$502,301"
3825,2014-2015,Grant Green,"$502,250"
3826,2014-2015,Tyler Skaggs,"$502,250"
3827,2014-2015,Robinson Chirinos,"$502,232"
3828,2014-2015,Pedro Figueroa,"$502,163"
3829,2014-2015,Dellin Betances,"$502,100"
3830,2014-2015,Shawn Tolleson,"$502,082"
3831,2014-2015,Jose Alvarez,"$502,000"
3832,2014-2015,Engel Beltre,"$502,000"
3833,2014-2015,Rex Brothers,"$502,000"
3834,2014-2015,Tyler Chatwood,"$502,000"
3835,2014-2015,Tuffy Gosewisch,"$502,000"
3836,2014-2015,Bryan Holaday,"$502,000"
3837,2014-2015,Jordan Lyles,"$502,000"
3838,2014-2015,Adam Ottavino,"$502,000"
3839,2014-2015,Wilin Rosario,"$502,000"
3840,2014-2015,Will Smith,"$502,000"
3841,2014-2015,Derek Dietrich,"$501,500"
3842,2014-2015,Dan Jennings,"$501,500"
3843,2014-2015,Henry Urrutia,"$501,500"
3844,2014-2015,Erik Davis,"$501,400"
3845,2014-2015,Casey Kelly,"$501,400"
3846,2014-2015,Cory Rasmus,"$501,250"
3847,2014-2015,Brandon Guyer,"$501,200"
3848,2014-2015,Donnie Joseph,"$501,200"
3849,2014-2015,Jim Adduci,"$501,000"
3850,2014-2015,Brandon Barnes,"$501,000"
3851,2014-2015,Charlie Blackmon,"$501,000"
3852,2014-2015,Jose Dominguez,"$501,000"
3853,2014-2015,Wilmer Font,"$501,000"
3854,2014-2015,D.J. LeMahieu,"$501,000"
3855,2014-2015,Andy Oliver,"$501,000"
3856,2014-2015,Ryan Brasier,"$500,750"
3857,2014-2015,Ehire Adrianza,"$500,500"
3858,2014-2015,Chris Dwyer,"$500,500"
3859,2014-2015,Jonathan Schoop,"$500,500"
3860,2014-2015,Matt Shoemaker,"$500,500"
3861,2014-2015,Yordano Ventura,"$500,500"
3862,2014-2015,Cristhian Adames,"$500,000"
3863,2014-2015,Michael Almanzar,"$500,000"
3864,2014-2015,Chase Anderson,"$500,000"
3865,2014-2015,Dean Anna,"$500,000"
3866,2014-2015,Nolan Arenado,"$500,000"
3867,2014-2015,Cody Asche,"$500,000"
3868,2014-2015,Pedro Baez,"$500,000"
3869,2014-2015,Manny Banuelos,"$500,000"
3870,2014-2015,Logan Bawcom,"$500,000"
3871,2014-2015,Cam Bedrosian,"$500,000"
3872,2014-2015,Trevor Bell,"$500,000"
3873,2014-2015,Tim Berry,"$500,000"
3874,2014-2015,Christian Bethancourt,"$500,000"
3875,2014-2015,Charles Brewer,"$500,000"
3876,2014-2015,Reid Brignac,"$500,000"
3877,2014-2015,Brooks Brown,"$500,000"
3878,2014-2015,Arquimedes Caminero,"$500,000"
3879,2014-2015,Carter Capps,"$500,000"
3880,2014-2015,David Carpenter,"$500,000"
3881,2014-2015,Nick Castellanos,"$500,000"
3882,2014-2015,Casey Coleman,"$500,000"
3883,2014-2015,José Constanza,"$500,000"
3884,2014-2015,Luis Cruz,"$500,000"
3885,2014-2015,Todd Cunningham,"$500,000"
3886,2014-2015,Cheslor Cuthbert,"$500,000"
3887,2014-2015,Jordan Danks,"$500,000"
3888,2014-2015,James Darnell,"$500,000"
3889,2014-2015,Matt Davidson,"$500,000"
3890,2014-2015,Eury De La Rosa,"$500,000"
3891,2014-2015,Frank De Los Santos,"$500,000"
3892,2014-2015,Miguel De Los Santos,"$500,000"
3893,2014-2015,Jumbo Diaz,"$500,000"
3894,2014-2015,Josh Donaldson,"$500,000"
3895,2014-2015,Scott Downs,"$500,000"
3896,2014-2015,Kyle Drabek,"$500,000"
3897,2014-2015,Kelly Dugan,"$500,000"
3898,2014-2015,Juan Duran,"$500,000"
3899,2014-2015,Sam Dyson,"$500,000"
3900,2014-2015,Anthony Fernandez,"$500,000"
3901,2014-2015,Michael Fiers,"$500,000"
3902,2014-2015,Kendry Flores,"$500,000"
3903,2014-2015,Brian Flynn,"$500,000"
3904,2014-2015,Juan Francisco,"$500,000"
3905,2014-2015,Nick Franklin,"$500,000"
3906,2014-2015,Carlos Frias,"$500,000"
3907,2014-2015,Reymond Fuentes,"$500,000"
3908,2014-2015,Onelki García,"$500,000"
3909,2014-2015,Cole Gillespie,"$500,000"
3910,2014-2015,Philip Gosselin,"$500,000"
3911,2014-2015,Taylor Green,"$500,000"
3912,2014-2015,Ismael Guillon,"$500,000"
3913,2014-2015,Héctor Gómez,"$500,000"
3914,2014-2015,Jesse Hahn,"$500,000"
3915,2014-2015,Billy Hamilton,"$500,000"
3916,2014-2015,Brad Hand,"$500,000"
3917,2014-2015,Alen Hanson,"$500,000"
3918,2014-2015,Chris Hatcher,"$500,000"
3919,2014-2015,Johnny Hellweg,"$500,000"
3920,2014-2015,John Holdzkom,"$500,000"
3921,2014-2015,Mario Hollands,"$500,000"
3922,2014-2015,Edgar Ibarra,"$500,000"
3923,2014-2015,Raúl Ibañez,"$500,000"
3924,2014-2015,Ender Inciarte,"$500,000"
3925,2014-2015,Juan Jaime,"$500,000"
3926,2014-2015,A.J. Jimenez,"$500,000"
3927,2014-2015,Tommy Kahnle,"$500,000"
3928,2014-2015,Kevin Kouzmanoff,"$500,000"
3929,2014-2015,Jake Lamb,"$500,000"
3930,2014-2015,John Lamb,"$500,000"
3931,2014-2015,Hak-Ju Lee,"$500,000"
3932,2014-2015,Donald Lutz,"$500,000"
3933,2014-2015,Justin Marks,"$500,000"
3934,2014-2015,Evan Marshall,"$500,000"
3935,2014-2015,Alfredo Marte,"$500,000"
3936,2014-2015,J.D. Martinez,"$500,000"
3937,2014-2015,Steven Matz,"$500,000"
3938,2014-2015,Jared Mitchell,"$500,000"
3939,2014-2015,Mike Montgomery,"$500,000"
3940,2014-2015,Brian Moran,"$500,000"
3941,2014-2015,Julio Morbán,"$500,000"
3942,2014-2015,Mike Morin,"$500,000"
3943,2014-2015,Efren Navarro,"$500,000"
3944,2014-2015,Adrian Nieto,"$500,000"
3945,2014-2015,Aaron Northcraft,"$500,000"
3946,2014-2015,Juan Pablo Oramas,"$500,000"
3947,2014-2015,Chris Owings,"$500,000"
3948,2014-2015,Jimmy Paredes,"$500,000"
3949,2014-2015,Jarrod Parker,"$500,000"
3950,2014-2015,David Peralta,"$500,000"
3951,2014-2015,Eury Perez,"$500,000"
3952,2014-2015,Hernán Pérez,"$500,000"
3953,2014-2015,Elmer Reyes,"$500,000"
3954,2014-2015,Joely Rodriguez,"$500,000"
3955,2014-2015,Enny Romero,"$500,000"
3956,2014-2015,Seth Rosin,"$500,000"
3957,2014-2015,Keyvius Sampson,"$500,000"
3958,2014-2015,Gus Schlosser,"$500,000"
3959,2014-2015,Chasen Shreve,"$500,000"
3960,2014-2015,Burch Smith,"$500,000"
3961,2014-2015,Sammy Solis,"$500,000"
3962,2014-2015,Neftali Soto,"$500,000"
3963,2014-2015,Zeke Spruill,"$500,000"
3964,2014-2015,Oscar Taveras,"$500,000"
3965,2014-2015,Joey Terdoslavich,"$500,000"
3966,2014-2015,Trayce Thompson,"$500,000"
3967,2014-2015,Dan Uggla,"$500,000"
3968,2014-2015,Angel Villalona,"$500,000"
3969,2014-2015,Christian Villanueva,"$500,000"
3970,2014-2015,Josh Vitters,"$500,000"
3971,2014-2015,José A. Váldez,"$500,000"
3972,2014-2015,Christian Walker,"$500,000"
3973,2014-2015,Wei-Chung Wang,"$500,000"
3974,2014-2015,Daniel Webb,"$500,000"
3975,2014-2015,Jackson Williams,"$500,000"
3976,2014-2015,Michael Ynoa,"$500,000"
3977,2014-2015,Dan Otero,"$494,262"
3978,2014-2015,J.J. Hoover,"$488,743"
3979,2014-2015,Martin Maldonado,"$488,285"
3980,2014-2015,Dominic Leone,"$486,338"
3981,2014-2015,Danny Duffy,"$485,759"
3982,2014-2015,Jake Petricka,"$483,606"
3983,2014-2015,Corey Dickerson,"$480,874"
3984,2014-2015,Oswaldo Arcia,"$478,893"
3985,2014-2015,Charlie Culberson,"$478,142"
3986,2014-2015,Brad Peacock,"$476,742"
3987,2014-2015,Roenis Elias,"$475,409"
3988,2014-2015,Robbie Erlin,"$471,418"
3989,2014-2015,Kevin Siegrist,"$469,125"
3990,2014-2015,Carlos Martinez,"$460,846"
3991,2014-2015,Junior Lake,"$458,565"
3992,2014-2015,Travis d'Arnaud,"$457,707"
3993,2014-2015,Eduardo Nunez,"$457,106"
3994,2014-2015,Daniel Nava,"$456,147"
3995,2014-2015,George Springer,"$453,512"
3996,2014-2015,Jackie Bradley Jr.,"$452,622"
3997,2014-2015,Tyler Colvin,"$448,087"
3998,2014-2015,Josh Rutledge,"$440,770"
3999,2014-2015,Nick Martinez,"$439,890"
4000,2014-2015,Brian Schlitter,"$439,890"
4001,2014-2015,Joe Wieland,"$438,557"
4002,2014-2015,Collin McHugh,"$434,426"
4003,2014-2015,Tommy Medica,"$429,991"
4004,2014-2015,Neil Ramirez,"$428,961"
4005,2014-2015,Jose Cisnero,"$426,229"
4006,2014-2015,Lucas Harrell,"$426,143"
4007,2014-2015,Jared Hughes,"$418,032"
4008,2014-2015,Brad Boxberger,"$415,300"
4009,2014-2015,Scott Carroll,"$415,300"
4010,2014-2015,Steve Tolleson,"$412,568"
4011,2014-2015,Jeff Bianchi,"$411,475"
4012,2014-2015,Danny Santana,"$407,103"
4013,2014-2015,Tony Sipp,"$407,103"
4014,2014-2015,Moises Sierra,"$405,414"
4015,2014-2015,Darin Downs,"$401,639"
4016,2014-2015,Justin De Fratus,"$398,065"
4017,2014-2015,Caleb Joseph,"$396,174"
4018,2014-2015,Roman Mendez,"$396,174"
4019,2014-2015,Chris Parmelee,"$395,737"
4020,2014-2015,Rougned Odor,"$393,442"
4021,2014-2015,Brock Holt,"$387,978"
4022,2014-2015,Eric Campbell,"$385,245"
4023,2014-2015,Mike Olt,"$384,043"
4024,2014-2015,Jon Edwards,"$382,513"
4025,2014-2015,Kevin Quackenbush,"$382,513"
4026,2014-2015,T.J. McFarland,"$381,196"
4027,2014-2015,Kolten Wong,"$377,049"
4028,2014-2015,Jacob deGrom,"$377,049"
4029,2014-2015,Brandon Maurer,"$375,003"
4030,2014-2015,Ian Krol,"$374,557"
4031,2014-2015,Stefen Romero,"$374,316"
4032,2014-2015,L.J. Hoes,"$373,739"
4033,2014-2015,Josh Edgin,"$371,584"
4034,2014-2015,Marcus Stroman,"$371,584"
4035,2014-2015,Will Harris,"$370,671"
4036,2014-2015,Drew Pomeranz,"$369,781"
4037,2014-2015,Sam Freeman,"$366,120"
4038,2014-2015,Elián Herrera,"$366,120"
4039,2014-2015,Brett Oberholtzer,"$366,004"
4040,2014-2015,Marc Krauss,"$365,059"
4041,2014-2015,Blake Wood,"$364,153"
4042,2014-2015,Zach Putnam,"$363,387"
4043,2014-2015,Javy Guerra,"$360,655"
4044,2014-2015,Robbie Grossman,"$358,387"
4045,2014-2015,Kevin Kiermaier,"$355,191"
4046,2014-2015,Aaron Barrett,"$352,459"
4047,2014-2015,James Jones,"$352,459"
4048,2014-2015,Sam Fuld,"$349,727"
4049,2014-2015,Gonzalez Germen,"$347,618"
4050,2014-2015,Vic Black,"$345,811"
4051,2014-2015,Jeff Manship,"$344,972"
4052,2014-2015,Josh Zeid,"$344,262"
4053,2014-2015,C.J. Cron,"$341,530"
4054,2014-2015,Tim Federowicz,"$341,530"
4055,2014-2015,Jordan Schafer,"$339,508"
4056,2014-2015,Tommy La Stella,"$338,797"
4057,2014-2015,Endy Chavez,"$333,333"
4058,2014-2015,Jonathan Villar,"$333,113"
4059,2014-2015,Shae Simmons,"$330,601"
4060,2014-2015,Stephen Vogt,"$329,508"
4061,2014-2015,Dana Eveland,"$327,868"
4062,2014-2015,Wilmer Flores,"$327,868"
4063,2014-2015,Jerry Sands,"$327,868"
4064,2014-2015,Michael Roth,"$322,404"
4065,2014-2015,Juan Pérez,"$320,311"
4066,2014-2015,Justin Bour,"$319,672"
4067,2014-2015,Shane Robinson,"$317,639"
4068,2014-2015,Eugenio Suarez,"$316,939"
4069,2014-2015,Miguel Rojas,"$314,180"
4070,2014-2015,Kirby Yates,"$311,475"
4071,2014-2015,Kyle Crockett,"$308,743"
4072,2014-2015,Ken Giles,"$308,743"
4073,2014-2015,Eric Fryer,"$306,748"
4074,2014-2015,Christian Bergman,"$306,010"
4075,2014-2015,Vance Worley,"$305,546"
4076,2014-2015,Randal Grichuk,"$305,000"
4077,2014-2015,Taijuan Walker,"$304,734"
4078,2014-2015,David Huff,"$303,551"
4079,2014-2015,Brandon Workman,"$302,874"
4080,2014-2015,Pedro Beato,"$302,459"
4081,2014-2015,Louis Coleman,"$302,245"
4082,2014-2015,Rubby De La Rosa,"$300,546"
4083,2014-2015,Tyler Matzek,"$300,546"
4084,2014-2015,Jordan Pacheco,"$299,005"
4085,2014-2015,Anthony Gose,"$297,814"
4086,2014-2015,Brandon Hicks,"$295,491"
4087,2014-2015,Nick Greenwood,"$289,617"
4088,2014-2015,Aaron Hicks,"$288,415"
4089,2014-2015,Blaine Hardy,"$284,153"
4090,2014-2015,Jacob Turner,"$284,153"
4091,2014-2015,Vinnie Pestano,"$282,377"
4092,2014-2015,Josmil Pinto,"$281,420"
4093,2014-2015,Matt Stites,"$281,420"
4094,2014-2015,Gregory Polanco,"$281,396"
4095,2014-2015,David Buchanan,"$275,956"
4096,2014-2015,Michael Mariot,"$275,956"
4097,2014-2015,Andre Rienzo,"$275,956"
4098,2014-2015,T.J. House,"$273,224"
4099,2014-2015,Joe Panik,"$273,224"
4100,2014-2015,Maikel Cleto,"$271,032"
4101,2014-2015,Nick Hagadone,"$267,759"
4102,2014-2015,Chris Colabello,"$267,677"
4103,2014-2015,Odrisamer Despaigne,"$265,027"
4104,2014-2015,Darin Ruf,"$265,027"
4105,2014-2015,Jeff Locke,"$260,704"
4106,2014-2015,Tyler Lyons,"$259,562"
4107,2014-2015,Zac Rosscup,"$259,562"
4108,2014-2015,C.C. Lee,"$256,830"
4109,2014-2015,Jose Veras,"$256,830"
4110,2014-2015,Brandon Cumpton,"$254,885"
4111,2014-2015,Mookie Betts,"$254,098"
4112,2014-2015,Ryan Lavarnway,"$253,606"
4113,2014-2015,Andres Blanco,"$251,366"
4114,2014-2015,Shane Greene,"$251,366"
4115,2014-2015,Marcus Semien,"$251,366"
4116,2014-2015,John Ryan Murphy,"$249,976"
4117,2014-2015,Kevin Gausman,"$249,877"
4118,2014-2015,Steven Wright,"$249,628"
4119,2014-2015,Nick Hundley,"$248,633"
4120,2014-2015,Sandy León,"$243,655"
4121,2014-2015,Luis Sardiñas,"$243,169"
4122,2014-2015,Zelous Wheeler,"$240,437"
4123,2014-2015,Asher Wojciechowski,"$240,437"
4124,2014-2015,Tony Campana,"$239,437"
4125,2014-2015,Carlos Contreras,"$237,704"
4126,2014-2015,Dan Straily,"$236,209"
4127,2014-2015,Pat McCoy,"$234,972"
4128,2014-2015,Tony Cingrani,"$232,445"
4129,2014-2015,Buddy Carlyle,"$232,240"
4130,2014-2015,Tyler Holt,"$232,240"
4131,2014-2015,José Ramírez,"$232,240"
4132,2014-2015,Vidal Nuno,"$230,551"
4133,2014-2015,Jake Smolinski,"$229,508"
4134,2014-2015,Brett Marshall,"$226,775"
4135,2014-2015,Jesús Sucre,"$226,775"
4136,2014-2015,Rob Wooten,"$224,491"
4137,2014-2015,Christian Vazquez,"$224,043"
4138,2014-2015,Scott Rice,"$222,336"
4139,2014-2015,Arismendy Alcantara,"$221,311"
4140,2014-2015,Eric Surkamp,"$221,311"
4141,2014-2015,Erasmo Ramirez,"$220,940"
4142,2014-2015,Dan Johnson,"$218,579"
4143,2014-2015,Grady Sizemore,"$218,579"
4144,2014-2015,Nick Maronde,"$216,278"
4145,2014-2015,Jake Buchanan,"$215,846"
4146,2014-2015,Nate Freiman,"$215,846"
4147,2014-2015,Freddy Galvis,"$215,846"
4148,2014-2015,César Hernández,"$215,846"
4149,2014-2015,Chad Jenkins,"$215,846"
4150,2014-2015,Jimmy Nelson,"$215,846"
4151,2014-2015,Tony Sanchez,"$213,327"
4152,2014-2015,Jeff Beliveau,"$210,382"
4153,2014-2015,Taylor Teagarden,"$209,972"
4154,2014-2015,Chris Herrmann,"$207,650"
4155,2014-2015,Kirk Nieuwenhuis,"$207,650"
4156,2014-2015,Elliot Johnson,"$203,278"
4157,2014-2015,Ryan Goins,"$202,379"
4158,2014-2015,Matt den Dekker,"$202,185"
4159,2014-2015,Josh Lueke,"$201,128"
4160,2014-2015,Josh Wilson,"$200,819"
4161,2014-2015,Tucker Barnhart,"$196,721"
4162,2014-2015,Christian Colon,"$196,721"
4163,2014-2015,Steven Souza,"$196,721"
4164,2014-2015,Jordany Valdespin,"$196,721"
4165,2014-2015,Josh Satin,"$196,630"
4166,2014-2015,Jeremy Jeffress,"$194,163"
4167,2014-2015,Tim Beckham,"$191,333"
4168,2014-2015,Ethan Martin,"$191,256"
4169,2014-2015,Yohan Flande,"$188,524"
4170,2014-2015,Kyle Hendricks,"$188,524"
4171,2014-2015,Aaron Sanchez,"$188,524"
4172,2014-2015,Ryan Pressly,"$187,270"
4173,2014-2015,Michael Tonkin,"$186,721"
4174,2014-2015,Yangervis Solarte,"$185,792"
4175,2014-2015,Stephen Pryor,"$185,439"
4176,2014-2015,Danny Valencia,"$183,319"
4177,2014-2015,Curt Casali,"$183,060"
4178,2014-2015,Donn Roach,"$183,060"
4179,2014-2015,Chris Taylor,"$183,060"
4180,2014-2015,Tsuyoshi Wada,"$183,060"
4181,2014-2015,Chris Capuano,"$180,327"
4182,2014-2015,Cesar Jimenez,"$180,327"
4183,2014-2015,Nolan Reimold,"$179,234"
4184,2014-2015,Andrew Susac,"$177,595"
4185,2014-2015,Blake Treinen,"$177,595"
4186,2014-2015,Allen Webster,"$177,595"
4187,2014-2015,Kevin Chapman,"$176,052"
4188,2014-2015,Michael Wacha,"$175,573"
4189,2014-2015,Kevin Pillar,"$174,863"
4190,2014-2015,Erik Kratz,"$172,854"
4191,2014-2015,Alex White,"$172,819"
4192,2014-2015,Chad Bettis,"$172,131"
4193,2014-2015,Chase Whitley,"$172,131"
4194,2014-2015,Joe Kelly,"$171,475"
4195,2014-2015,Vin Mazzaro,"$171,311"
4196,2014-2015,Drew Smyly,"$170,491"
4197,2014-2015,Billy Burns,"$169,398"
4198,2014-2015,Travis Ishikawa,"$169,398"
4199,2014-2015,Anthony DeSclafani,"$169,384"
4200,2014-2015,A.J. Pierzynski,"$167,539"
4201,2014-2015,Tommy Milone,"$167,213"
4202,2014-2015,George Kontos,"$166,666"
4203,2014-2015,Abraham Almonte,"$164,557"
4204,2014-2015,Jarred Cosart,"$163,934"
4205,2014-2015,Luis Garcia,"$163,934"
4206,2014-2015,Enrique Hernandez,"$163,934"
4207,2014-2015,Tommy Layne,"$163,934"
4208,2014-2015,Jake Marisnick,"$163,934"
4209,2014-2015,Ian Thomas,"$163,934"
4210,2014-2015,Kennys Vargas,"$163,934"
4211,2014-2015,Ezequiel Carrera,"$161,202"
4212,2014-2015,Adam Duvall,"$161,202"
4213,2014-2015,Mike Foltynewicz,"$161,202"
4214,2014-2015,Phil Klein,"$161,202"
4215,2014-2015,Danny Salazar,"$158,945"
4216,2014-2015,Matt Duffy,"$158,469"
4217,2014-2015,John Lannan,"$155,737"
4218,2014-2015,Nick Ahmed,"$150,273"
4219,2014-2015,Javier Báez,"$150,273"
4220,2014-2015,Jake Goebbert,"$150,273"
4221,2014-2015,Blake Parker,"$150,273"
4222,2014-2015,Jace Peterson,"$150,273"
4223,2014-2015,Robbie Ray,"$150,273"
4224,2014-2015,Alex Wilson,"$150,273"
4225,2014-2015,Josh Stinson,"$148,721"
4226,2014-2015,Hector Noesi,"$148,400"
4227,2014-2015,Evan Scribner,"$143,497"
4228,2014-2015,Rich Hill,"$142,076"
4229,2014-2015,Roberto Pérez,"$142,076"
4230,2014-2015,Lucas Luetge,"$141,796"
4231,2014-2015,Paul Clemens,"$139,344"
4232,2014-2015,Trevor May,"$139,344"
4233,2014-2015,Rafael Montero,"$136,612"
4234,2014-2015,Pete Kozma,"$135,868"
4235,2014-2015,Mike Bolsinger,"$133,879"
4236,2014-2015,Rymer Liriano,"$133,879"
4237,2014-2015,Zach Walters,"$133,879"
4238,2014-2015,Nick Christiani,"$131,147"
4239,2014-2015,Tyler Collins,"$131,147"
4240,2014-2015,Álex Claudio,"$128,415"
4241,2014-2015,Yohan Pino,"$128,415"
4242,2014-2015,Casey Sadler,"$125,683"
4243,2014-2015,Andy Wilkins,"$125,683"
4244,2014-2015,Andrew Heaney,"$123,278"
4245,2014-2015,Dan Butler,"$122,950"
4246,2014-2015,Christian Friedrich,"$122,950"
4247,2014-2015,Brent Morel,"$122,950"
4248,2014-2015,Yolmer Sánchez,"$120,218"
4249,2014-2015,Buck Farmer,"$118,032"
4250,2014-2015,Jesús Aguilar,"$117,486"
4251,2014-2015,Greg Garcia,"$117,486"
4252,2014-2015,Jim Johnson,"$117,486"
4253,2014-2015,Ben Paulsen,"$117,486"
4254,2014-2015,Matt Szczur,"$117,486"
4255,2014-2015,Logan Darnell,"$114,754"
4256,2014-2015,B.J. Rosenberg,"$114,754"
4257,2014-2015,Chris Martin,"$112,786"
4258,2014-2015,Austin Adams,"$112,021"
4259,2014-2015,Matt McBride,"$112,021"
4260,2014-2015,Tyler Moore,"$111,738"
4261,2014-2015,Roger Kieschnick,"$109,289"
4262,2014-2015,Rob Scahill,"$109,289"
4263,2014-2015,Marco Gonzales,"$107,540"
4264,2014-2015,Jeff Francoeur,"$103,825"
4265,2014-2015,Pedro Villarreal,"$103,825"
4266,2014-2015,Preston Claiborne,"$103,382"
4267,2014-2015,Chris Gimenez,"$103,114"
4268,2014-2015,Kyle Parker,"$101,092"
4269,2014-2015,Nate Schierholtz,"$101,092"
4270,2014-2015,Michael A. Taylor,"$101,092"
4271,2014-2015,Yadir Drake,"$100,000"
4272,2014-2015,Yasmany Hernandez,"$100,000"
4273,2014-2015,Ryan Mattheus,"$99,453"
4274,2014-2015,Austin Romine,"$97,503"
4275,2014-2015,Justin Sellers,"$96,393"
4276,2014-2015,Michael Choice,"$96,010"
4277,2014-2015,Carlos Rivero,"$95,628"
4278,2014-2015,Tomás Telis,"$95,628"
4279,2014-2015,Logan Watkins,"$95,628"
4280,2014-2015,J.T. Realmuto,"$95,620"
4281,2014-2015,Wade LeBlanc,"$92,896"
4282,2014-2015,Dylan Axelrod,"$90,163"
4283,2014-2015,Daniel Corcino,"$90,163"
4284,2014-2015,Cole Figueroa,"$90,163"
4285,2014-2015,Kyle Lobstein,"$90,163"
4286,2014-2015,Eric Fornataro,"$87,431"
4287,2014-2015,Samuel Deduno,"$85,245"
4288,2014-2015,Preston Guilmet,"$84,699"
4289,2014-2015,Dilson Herrera,"$84,699"
4290,2014-2015,Andrew Lambo,"$84,699"
4291,2014-2015,Bryan Mitchell,"$84,699"
4292,2014-2015,Sean O'Sullivan,"$84,699"
4293,2014-2015,Josh Outman,"$84,699"
4294,2014-2015,Anthony Ranaudo,"$84,699"
4295,2014-2015,Ryan Rua,"$84,699"
4296,2014-2015,Frank Garces,"$81,967"
4297,2014-2015,Cameron Rupp,"$81,967"
4298,2014-2015,Kyle Ryan,"$81,967"
4299,2014-2015,David Holmberg,"$79,234"
4300,2014-2015,Erik Johnson,"$79,234"
4301,2014-2015,James McCann,"$79,234"
4302,2014-2015,Zoilo Almonte,"$78,231"
4303,2014-2015,Lane Adams,"$76,502"
4304,2014-2015,Chris Dominguez,"$76,502"
4305,2014-2015,Steve Geltz,"$76,502"
4306,2014-2015,Erik Goeddel,"$76,502"
4307,2014-2015,Liam Hendriks,"$76,502"
4308,2014-2015,Mike Kickham,"$76,502"
4309,2014-2015,Shawn O'Malley,"$76,502"
4310,2014-2015,Jason Rogers,"$76,502"
4311,2014-2015,Carson Smith,"$76,502"
4312,2014-2015,Cory Spangenberg,"$76,502"
4313,2014-2015,Hunter Strickland,"$76,502"
4314,2014-2015,Dario Álvarez,"$76,502"
4315,2014-2015,Joc Pederson,"$76,496"
4316,2014-2015,Chris Bassitt,"$76,065"
4317,2014-2015,Drew VerHagen,"$76,065"
4318,2014-2015,James Paxton,"$74,286"
4319,2014-2015,A.J. Achter,"$73,770"
4320,2014-2015,Lisalverto Bonilla,"$73,770"
4321,2014-2015,Jason Bourgeois,"$73,770"
4322,2014-2015,John Buck,"$73,770"
4323,2014-2015,Matt Clark,"$73,770"
4324,2014-2015,Jorge De León,"$73,770"
4325,2014-2015,Ryan Dennick,"$73,770"
4326,2014-2015,Chris Heston,"$73,770"
4327,2014-2015,Eric Jokisch,"$73,770"
4328,2014-2015,George Kottaras,"$73,770"
4329,2014-2015,Raffy Lopez,"$73,770"
4330,2014-2015,Adam Moore,"$73,770"
4331,2014-2015,Sean Nolin,"$73,770"
4332,2014-2015,Lester Oliveros,"$73,770"
4333,2014-2015,Josh Phegley,"$73,770"
4334,2014-2015,Dalton Pompey,"$73,770"
4335,2014-2015,Yorman Rodríguez,"$73,770"
4336,2014-2015,Max Stassi,"$73,770"
4337,2014-2015,Nick Tropeano,"$73,770"
4338,2014-2015,Arodys Vizcaino,"$73,770"
4339,2014-2015,Chris Young,"$73,770"
4340,2014-2015,Darin Mastroianni,"$71,748"
4341,2014-2015,R.J. Alvarez,"$71,038"
4342,2014-2015,Gary Brown,"$71,038"
4343,2014-2015,Erik Cordier,"$71,038"
4344,2014-2015,Ryan Jackson,"$71,038"
4345,2014-2015,Bobby LaFromboise,"$71,038"
4346,2014-2015,Rob Rasmussen,"$71,038"
4347,2014-2015,Corey Knebel,"$70,819"
4348,2014-2015,Michael Taylor,"$68,989"
4349,2014-2015,Quintin Berry,"$68,306"
4350,2014-2015,Kendall Graveman,"$68,306"
4351,2014-2015,Spencer Patton,"$68,306"
4352,2014-2015,J.B. Shuck,"$67,540"
4353,2014-2015,Jeff Kobernus,"$65,704"
4354,2014-2015,Roger Bernadina,"$62,841"
4355,2014-2015,Ben Rowen,"$62,841"
4356,2014-2015,Nathan Adcock,"$57,377"
4357,2014-2015,Tommy Pham,"$57,377"
4358,2014-2015,Xavier Scruggs,"$57,377"
4359,2014-2015,Sam Tuivailala,"$57,377"
4360,2014-2015,Andrew Chafin,"$54,644"
4361,2014-2015,Guilder Rodriguez,"$54,644"
4362,2014-2015,Irving Falu,"$51,912"
4363,2014-2015,Heath Hembree,"$51,912"
4364,2014-2015,Nate Karns,"$51,912"
4365,2014-2015,Nick Evans,"$49,180"
4366,2014-2015,Jair Jurrjens,"$49,176"
4367,2014-2015,Alex Castellanos,"$46,633"
4368,2014-2015,Brett Jackson,"$46,448"
4369,2014-2015,Joe Paterson,"$46,448"
4370,2014-2015,Alex Colomé,"$43,715"
4371,2014-2015,C.J. Riefenhauser,"$43,715"
4372,2014-2015,Danny Worth,"$43,715"
4373,2014-2015,Garin Cecchini,"$40,983"
4374,2014-2015,Taylor Thompson,"$40,983"
4375,2014-2015,Bobby Wilson,"$38,251"
4376,2014-2015,Cesar Cabral,"$36,288"
4377,2014-2015,Phillippe Aumont,"$35,519"
4378,2014-2015,Edwin Escobar,"$35,519"
4379,2014-2015,Pedro Florimón,"$31,106"
4380,2014-2015,Bryce Brentz,"$30,054"
4381,2014-2015,Ryan Buchter,"$30,054"
4382,2014-2015,Caleb Gindl,"$30,054"
4383,2014-2015,Alex Hassan,"$30,054"
4384,2014-2015,Mark Lowe,"$30,054"
4385,2014-2015,Matt West,"$30,054"
4386,2014-2015,Jorge Rondon,"$27,322"
4387,2014-2015,Jaff Decker,"$21,857"
4388,2014-2015,Tyler Pastornicky,"$21,857"
4389,2014-2015,Bo Schultz,"$21,857"
4390,2014-2015,Bradin Hagens,"$19,125"
4391,2014-2015,Jonathan Pettibone,"$19,125"
4392,2014-2015,Tony Abreu,"$16,393"
4393,2014-2015,Rudy Owens,"$16,393"
4394,2014-2015,Jorge Polanco,"$16,393"
4395,2014-2015,Leonel Campos,"$14,000"
4396,2014-2015,Aaron Altherr,"$13,661"
4397,2014-2015,Dallas Beeler,"$5,464"
4398,2014-2015,Arnold Leon,"$2,732"
4399,2014-2015,Edgar Olmos,"$2,732"
4400,2014-2015,Jarrett Parker,"$2,732"
4401,2014-2015,Chad Smith,"$2,732"
4402,2015-2016,Clayton Kershaw,"$30,000,000"
4403,2015-2016,Jon Lester,"$30,000,000"
4404,2015-2016,Hector Olivera,"$28,732,240"
4405,2015-2016,Justin Verlander,"$28,000,000"
4406,2015-2016,Ryan Howard,"$25,000,000"
4407,2015-2016,Cliff Lee,"$25,000,000"
4408,2015-2016,Felix Hernandez,"$24,907,142"
4409,2015-2016,Prince Fielder,"$24,050,000"
4410,2015-2016,Albert Pujols,"$24,050,000"
4411,2015-2016,Robinson Canó,"$24,000,000"
4412,2015-2016,Zack Greinke,"$23,000,000"
4413,2015-2016,Joe Mauer,"$23,000,000"
4414,2015-2016,CC Sabathia,"$23,000,000"
4415,2015-2016,Mark Teixeira,"$22,500,000"
4416,2015-2016,Miguel Cabrera,"$22,000,000"
4417,2015-2016,Hanley Ramirez,"$22,000,000"
4418,2015-2016,Masahiro Tanaka,"$22,000,000"
4419,2015-2016,Jacoby Ellsbury,"$21,142,857"
4420,2015-2016,Adrián González,"$21,000,000"
4421,2015-2016,Álex Rodríguez,"$21,000,000"
4422,2015-2016,Jayson Werth,"$21,000,000"
4423,2015-2016,Matt Cain,"$20,833,333"
4424,2015-2016,Carl Crawford,"$20,500,000"
4425,2015-2016,Pablo Sandoval,"$20,000,000"
4426,2015-2016,David Wright,"$20,000,000"
4427,2015-2016,Adam Wainwright,"$19,500,000"
4428,2015-2016,Mark Buehrle,"$19,000,000"
4429,2015-2016,Hunter Pence,"$18,500,000"
4430,2015-2016,Andre Ethier,"$18,000,000"
4431,2015-2016,Tim Lincecum,"$18,000,000"
4432,2015-2016,Jered Weaver,"$18,000,000"
4433,2015-2016,C.J. Wilson,"$18,000,000"
4434,2015-2016,Elvis Andrus,"$17,000,000"
4435,2015-2016,Brian McCann,"$17,000,000"
4436,2015-2016,Brandon McCarthy,"$17,000,000"
4437,2015-2016,Buster Posey,"$16,575,000"
4438,2015-2016,Jordan Zimmermann,"$16,500,000"
4439,2015-2016,Carlos Gonzalez,"$16,050,000"
4440,2015-2016,Adrián Beltré,"$16,000,000"
4441,2015-2016,Curtis Granderson,"$16,000,000"
4442,2015-2016,Ian Kinsler,"$16,000,000"
4443,2015-2016,David Ortiz,"$16,000,000"
4444,2015-2016,Aníbal Sánchez,"$16,000,000"
4445,2015-2016,Yasmany Tomas,"$15,879,781"
4446,2015-2016,Max Scherzer,"$15,175,000"
4447,2015-2016,Nelson Cruz,"$15,125,000"
4448,2015-2016,Yadier Molina,"$15,100,000"
4449,2015-2016,Matt Holliday,"$15,025,000"
4450,2015-2016,Carlos Beltrán,"$15,000,000"
4451,2015-2016,Jhonny Peralta,"$15,000,000"
4452,2015-2016,Ryan Braun,"$14,500,000"
4453,2015-2016,B.J. Upton,"$14,450,000"
4454,2015-2016,John Danks,"$14,250,000"
4455,2015-2016,José Bautista,"$14,000,000"
4456,2015-2016,Shin-Soo Choo,"$14,000,000"
4457,2015-2016,Brett Gardner,"$14,000,000"
4458,2015-2016,Alex Gordon,"$14,000,000"
4459,2015-2016,Chase Headley,"$14,000,000"
4460,2015-2016,Victor Martinez,"$14,000,000"
4461,2015-2016,Joey Votto,"$14,000,000"
4462,2015-2016,Ryan Zimmerman,"$14,000,000"
4463,2015-2016,Adam Jones,"$13,075,000"
4464,2015-2016,Melky Cabrera,"$13,000,000"
4465,2015-2016,Francisco Liriano,"$13,000,000"
4466,2015-2016,Ubaldo Jiménez,"$12,650,000"
4467,2015-2016,Jorge De La Rosa,"$12,500,000"
4468,2015-2016,Matt Garza,"$12,500,000"
4469,2015-2016,Nick Markakis,"$12,500,000"
4470,2015-2016,Rick Porcello,"$12,500,000"
4471,2015-2016,Brett Anderson,"$12,400,000"
4472,2015-2016,Jay Bruce,"$12,000,000"
4473,2015-2016,Clay Buchholz,"$12,000,000"
4474,2015-2016,Chris Davis,"$12,000,000"
4475,2015-2016,R.A. Dickey,"$12,000,000"
4476,2015-2016,Aaron Hill,"$12,000,000"
4477,2015-2016,Tim Hudson,"$12,000,000"
4478,2015-2016,Adam LaRoche,"$12,000,000"
4479,2015-2016,Miguel Montero,"$12,000,000"
4480,2015-2016,Ricky Nolasco,"$12,000,000"
4481,2015-2016,Brandon Phillips,"$12,000,000"
4482,2015-2016,J.J. Hardy,"$11,500,000"
4483,2015-2016,Doug Fister,"$11,400,000"
4484,2015-2016,Bartolo Colon,"$11,000,000"
4485,2015-2016,Coco Crisp,"$11,000,000"
4486,2015-2016,Ian Desmond,"$11,000,000"
4487,2015-2016,Gio Gonzalez,"$11,000,000"
4488,2015-2016,Kyle Lohse,"$11,000,000"
4489,2015-2016,Evan Longoria,"$11,000,000"
4490,2015-2016,Jake Peavy,"$11,000,000"
4491,2015-2016,Jimmy Rollins,"$11,000,000"
4492,2015-2016,Rusney Castillo,"$10,500,000"
4493,2015-2016,Torii Hunter,"$10,500,000"
4494,2015-2016,Dustin Pedroia,"$10,500,000"
4495,2015-2016,Andrew McCutchen,"$10,050,000"
4496,2015-2016,Homer Bailey,"$10,000,000"
4497,2015-2016,Billy Butler,"$10,000,000"
4498,2015-2016,Yu Darvish,"$10,000,000"
4499,2015-2016,Edwin Encarnacion,"$10,000,000"
4500,2015-2016,Scott Feldman,"$10,000,000"
4501,2015-2016,Yovani Gallardo,"$10,000,000"
4502,2015-2016,Joe Nathan,"$10,000,000"
4503,2015-2016,Alexei Ramírez,"$10,000,000"
4504,2015-2016,David Robertson,"$10,000,000"
4505,2015-2016,James Shields,"$10,000,000"
4506,2015-2016,Ian Kennedy,"$9,850,000"
4507,2015-2016,Jeff Samardzija,"$9,800,000"
4508,2015-2016,Dexter Fowler,"$9,500,000"
4509,2015-2016,Howie Kendrick,"$9,500,000"
4510,2015-2016,Álex Ríos,"$9,500,000"
4511,2015-2016,Mat Latos,"$9,400,000"
4512,2015-2016,Jaime Garcia,"$9,250,000"
4513,2015-2016,Phil Hughes,"$9,200,000"
4514,2015-2016,Jeremy Guthrie,"$9,000,000"
4515,2015-2016,Jason Hammel,"$9,000,000"
4516,2015-2016,Craig Kimbrel,"$9,000,000"
4517,2015-2016,Andrew Miller,"$9,000,000"
4518,2015-2016,Ángel Pagán,"$9,000,000"
4519,2015-2016,Denard Span,"$9,000,000"
4520,2015-2016,Koji Uehara,"$9,000,000"
4521,2015-2016,Bud Norris,"$8,800,000"
4522,2015-2016,Erick Aybar,"$8,500,000"
4523,2015-2016,A.J. Burnett,"$8,500,000"
4524,2015-2016,Michael Cuddyer,"$8,500,000"
4525,2015-2016,Freddie Freeman,"$8,500,000"
4526,2015-2016,Carlos Ruiz,"$8,500,000"
4527,2015-2016,Jason Vargas,"$8,500,000"
4528,2015-2016,Cole Hamels,"$8,360,655"
4529,2015-2016,Matt Wieters,"$8,300,000"
4530,2015-2016,Jose Reyes,"$8,295,081"
4531,2015-2016,Greg Holland,"$8,250,000"
4532,2015-2016,Aroldis Chapman,"$8,050,000"
4533,2015-2016,Joaquin Benoit,"$8,000,000"
4534,2015-2016,Marlon Byrd,"$8,000,000"
4535,2015-2016,Pablo Fernandez,"$8,000,000"
4536,2015-2016,Jed Lowrie,"$8,000,000"
4537,2015-2016,Charlie Morton,"$8,000,000"
4538,2015-2016,Daniel Murphy,"$8,000,000"
4539,2015-2016,Martín Prado,"$8,000,000"
4540,2015-2016,Colby Rasmus,"$8,000,000"
4541,2015-2016,Neil Walker,"$8,000,000"
4542,2015-2016,Jason Heyward,"$7,800,000"
4543,2015-2016,Ervin Santana,"$7,598,360"
4544,2015-2016,Troy Tulowitzki,"$7,540,983"
4545,2015-2016,Asdrubal Cabrera,"$7,500,000"
4546,2015-2016,Omar Infante,"$7,500,000"
4547,2015-2016,Adam Lind,"$7,500,000"
4548,2015-2016,Kyle Seager,"$7,500,000"
4549,2015-2016,Edinson Volquez,"$7,500,000"
4550,2015-2016,Kenley Jansen,"$7,425,000"
4551,2015-2016,Derek Holland,"$7,400,000"
4552,2015-2016,Stephen Strasburg,"$7,400,000"
4553,2015-2016,Kendrys Morales,"$7,250,000"
4554,2015-2016,Justin Morneau,"$7,250,000"
4555,2015-2016,David Price,"$7,230,874"
4556,2015-2016,Wade Davis,"$7,025,000"
4557,2015-2016,Jose Abreu,"$7,000,000"
4558,2015-2016,Hisashi Iwakuma,"$7,000,000"
4559,2015-2016,James Loney,"$7,000,000"
4560,2015-2016,Lance Lynn,"$7,000,000"
4561,2015-2016,Russell Martin,"$7,000,000"
4562,2015-2016,Cameron Maybin,"$7,000,000"
4563,2015-2016,Jonathon Niese,"$7,000,000"
4564,2015-2016,Sergio Romo,"$7,000,000"
4565,2015-2016,Huston Street,"$7,000,000"
4566,2015-2016,Madison Bumgarner,"$6,800,000"
4567,2015-2016,Giancarlo Stanton,"$6,550,000"
4568,2015-2016,Sean Marshall,"$6,500,000"
4569,2015-2016,David Freese,"$6,425,000"
4570,2015-2016,Luke Gregerson,"$6,050,000"
4571,2015-2016,Chris Sale,"$6,015,000"
4572,2015-2016,Starlin Castro,"$6,000,000"
4573,2015-2016,Carlos Santana,"$6,000,000"
4574,2015-2016,Seth Smith,"$6,000,000"
4575,2015-2016,Kurt Suzuki,"$6,000,000"
4576,2015-2016,Pedro Alvarez,"$5,750,000"
4577,2015-2016,Eric Hosmer,"$5,700,000"
4578,2015-2016,Drew Storen,"$5,700,000"
4579,2015-2016,Travis Wood,"$5,685,000"
4580,2015-2016,Mike Minor,"$5,600,000"
4581,2015-2016,Chris Iannetta,"$5,525,000"
4582,2015-2016,Allen Craig,"$5,500,000"
4583,2015-2016,Kyle Kendrick,"$5,500,000"
4584,2015-2016,Boone Logan,"$5,500,000"
4585,2015-2016,Pat Neshek,"$5,500,000"
4586,2015-2016,Mike Pelfrey,"$5,500,000"
4587,2015-2016,Alfredo Simon,"$5,500,000"
4588,2015-2016,Alex Avila,"$5,400,000"
4589,2015-2016,Mark Melancon,"$5,400,000"
4590,2015-2016,Dillon Gee,"$5,300,000"
4591,2015-2016,Cory Luebke,"$5,250,000"
4592,2015-2016,Tyson Ross,"$5,250,000"
4593,2015-2016,Joe Smith,"$5,250,000"
4594,2015-2016,Mike Trout,"$5,250,000"
4595,2015-2016,Jeremy Affeldt,"$5,000,000"
4596,2015-2016,Michael Brantley,"$5,000,000"
4597,2015-2016,Chris Capuano,"$5,000,000"
4598,2015-2016,Santiago Casilla,"$5,000,000"
4599,2015-2016,Rajai Davis,"$5,000,000"
4600,2015-2016,Stephen Drew,"$5,000,000"
4601,2015-2016,Yunel Escobar,"$5,000,000"
4602,2015-2016,Aaron Harang,"$5,000,000"
4603,2015-2016,Nate McLouth,"$5,000,000"
4604,2015-2016,Dioner Navarro,"$5,000,000"
4605,2015-2016,Anthony Rizzo,"$5,000,000"
4606,2015-2016,Brad Ziegler,"$5,000,000"
4607,2015-2016,Matt Harrison,"$4,830,601"
4608,2015-2016,Trevor Plouffe,"$4,800,000"
4609,2015-2016,Nick Swisher,"$4,754,098"
4610,2015-2016,Wei-Yin Chen,"$4,750,000"
4611,2015-2016,Jon Jay,"$4,750,000"
4612,2015-2016,Matt Joyce,"$4,750,000"
4613,2015-2016,Mark Trumbo,"$4,675,409"
4614,2015-2016,Glen Perkins,"$4,675,000"
4615,2015-2016,Zach Duke,"$4,500,000"
4616,2015-2016,Todd Frazier,"$4,500,000"
4617,2015-2016,Jason Motte,"$4,500,000"
4618,2015-2016,Yasiel Puig,"$4,500,000"
4619,2015-2016,Scott Kazmir,"$4,448,087"
4620,2015-2016,Chris Tillman,"$4,315,000"
4621,2015-2016,Josh Donaldson,"$4,300,000"
4622,2015-2016,Michael Bourn,"$4,278,688"
4623,2015-2016,Jeremy Hellickson,"$4,275,000"
4624,2015-2016,A.J. Ellis,"$4,250,000"
4625,2015-2016,Jason Grilli,"$4,250,000"
4626,2015-2016,Darren O'Day,"$4,250,000"
4627,2015-2016,Lucas Duda,"$4,200,000"
4628,2015-2016,Luis Valbuena,"$4,200,000"
4629,2015-2016,Chris Carter,"$4,175,000"
4630,2015-2016,Josh Reddick,"$4,100,000"
4631,2015-2016,Andrew Cashner,"$4,050,000"
4632,2015-2016,Henderson Alvarez III,"$4,000,000"
4633,2015-2016,Nori Aoki,"$4,000,000"
4634,2015-2016,Jason Castro,"$4,000,000"
4635,2015-2016,Alex Cobb,"$4,000,000"
4636,2015-2016,Gavin Floyd,"$4,000,000"
4637,2015-2016,Alexander Guerrero,"$4,000,000"
4638,2015-2016,Luke Hochevar,"$4,000,000"
4639,2015-2016,J.P. Howell,"$4,000,000"
4640,2015-2016,Jason Kipnis,"$4,000,000"
4641,2015-2016,Colby Lewis,"$4,000,000"
4642,2015-2016,Javier Lopez,"$4,000,000"
4643,2015-2016,Wade Miley,"$4,000,000"
4644,2015-2016,Hyun-Jin Ryu,"$4,000,000"
4645,2015-2016,Ryan Vogelsong,"$4,000,000"
4646,2015-2016,Tsuyoshi Wada,"$4,000,000"
4647,2015-2016,Marco Estrada,"$3,900,000"
4648,2015-2016,Johnny Cueto,"$3,879,781"
4649,2015-2016,Edward Mujica,"$3,841,530"
4650,2015-2016,Ike Davis,"$3,800,000"
4651,2015-2016,Josh Harrison,"$3,800,000"
4652,2015-2016,Yoenis Céspedes,"$3,786,885"
4653,2015-2016,Leonys Martin,"$3,750,000"
4654,2015-2016,Bobby Parnell,"$3,700,000"
4655,2015-2016,Steven Pearce,"$3,700,000"
4656,2015-2016,Jake Arrieta,"$3,630,000"
4657,2015-2016,Brandon Belt,"$3,600,000"
4658,2015-2016,Grégor Blanco,"$3,600,000"
4659,2015-2016,Mike Leake,"$3,578,825"
4660,2015-2016,Dan Haren,"$3,551,912"
4661,2015-2016,Jake McGee,"$3,550,000"
4662,2015-2016,Wilson Ramos,"$3,550,000"
4663,2015-2016,Mike Aviles,"$3,500,000"
4664,2015-2016,Matt Belisle,"$3,500,000"
4665,2015-2016,Matt Carpenter,"$3,500,000"
4666,2015-2016,Ryan Hanigan,"$3,500,000"
4667,2015-2016,Casey Janssen,"$3,500,000"
4668,2015-2016,Manny Parra,"$3,500,000"
4669,2015-2016,Francisco Rodriguez,"$3,500,000"
4670,2015-2016,Matt Thornton,"$3,500,000"
4671,2015-2016,Bronson Arroyo,"$3,478,142"
4672,2015-2016,Zack Britton,"$3,450,000"
4673,2015-2016,Jose Quintana,"$3,400,000"
4674,2015-2016,Nathan Eovaldi,"$3,300,000"
4675,2015-2016,Jonathan Lucroy,"$3,300,000"
4676,2015-2016,Ivan Nova,"$3,300,000"
4677,2015-2016,Miguel Gonzalez,"$3,275,000"
4678,2015-2016,Brian Matusz,"$3,200,000"
4679,2015-2016,Garrett Richards,"$3,200,000"
4680,2015-2016,Ichiro Suzuki,"$3,200,000"
4681,2015-2016,Jonathan Broxton,"$3,196,721"
4682,2015-2016,Brandon Crawford,"$3,175,000"
4683,2015-2016,John Jaso,"$3,175,000"
4684,2015-2016,Tyler Clippard,"$3,174,863"
4685,2015-2016,Juan Uribe,"$3,152,855"
4686,2015-2016,Antonio Bastardo,"$3,100,000"
4687,2015-2016,Alcides Escobar,"$3,100,000"
4688,2015-2016,Paul Goldschmidt,"$3,100,000"
4689,2015-2016,Nick Hundley,"$3,100,000"
4690,2015-2016,Desmond Jennings,"$3,100,000"
4691,2015-2016,Erisbel Arruebarrena,"$3,000,000"
4692,2015-2016,Randy Choate,"$3,000,000"
4693,2015-2016,Miguel González,"$3,000,000"
4694,2015-2016,Maicer Izturis,"$3,000,000"
4695,2015-2016,Matt Kemp,"$3,000,000"
4696,2015-2016,J.D. Martinez,"$3,000,000"
4697,2015-2016,Matt Moore,"$3,000,000"
4698,2015-2016,Chad Qualls,"$3,000,000"
4699,2015-2016,Aramis Ramirez,"$3,000,000"
4700,2015-2016,Andrelton Simmons,"$3,000,000"
4701,2015-2016,Mitch Moreland,"$2,950,000"
4702,2015-2016,Carlos Gomez,"$2,928,961"
4703,2015-2016,Mike Morse,"$2,928,961"
4704,2015-2016,Devin Mesoraco,"$2,900,000"
4705,2015-2016,Michael Saunders,"$2,875,000"
4706,2015-2016,Jordan Walden,"$2,850,000"
4707,2015-2016,Shawn Kelley,"$2,835,000"
4708,2015-2016,Ben Zobrist,"$2,827,868"
4709,2015-2016,Lorenzo Cain,"$2,825,000"
4710,2015-2016,Wilin Rosario,"$2,800,000"
4711,2015-2016,Tommy Milone,"$2,775,000"
4712,2015-2016,Brandon Beachy,"$2,750,000"
4713,2015-2016,Logan Morrison,"$2,750,000"
4714,2015-2016,David Ross,"$2,750,000"
4715,2015-2016,Brian Duensing,"$2,700,000"
4716,2015-2016,Mike Moustakas,"$2,700,000"
4717,2015-2016,Tyler Flowers,"$2,675,000"
4718,2015-2016,Steve Cishek,"$2,652,732"
4719,2015-2016,Drew Smyly,"$2,650,000"
4720,2015-2016,John Axford,"$2,600,000"
4721,2015-2016,Domonic Brown,"$2,600,000"
4722,2015-2016,Chris Denorfia,"$2,600,000"
4723,2015-2016,Joakim Soria,"$2,562,841"
4724,2015-2016,Jose Altuve,"$2,525,000"
4725,2015-2016,Pedro Strop,"$2,525,000"
4726,2015-2016,Chris Coghlan,"$2,505,000"
4727,2015-2016,Bryce Harper,"$2,500,000"
4728,2015-2016,Corey Hart,"$2,500,000"
4729,2015-2016,Jung Ho Kang,"$2,500,000"
4730,2015-2016,Brandon Morrow,"$2,500,000"
4731,2015-2016,Joel Peralta,"$2,500,000"
4732,2015-2016,Ryan Raburn,"$2,500,000"
4733,2015-2016,Anthony Rendon,"$2,500,000"
4734,2015-2016,Skip Schumaker,"$2,500,000"
4735,2015-2016,Justin Turner,"$2,500,000"
4736,2015-2016,Jerome Williams,"$2,500,000"
4737,2015-2016,Chris Young,"$2,500,000"
4738,2015-2016,Brett Cecil,"$2,475,000"
4739,2015-2016,Jordan Lyles,"$2,475,000"
4740,2015-2016,Vance Worley,"$2,450,000"
4741,2015-2016,Danny Duffy,"$2,425,000"
4742,2015-2016,Jerry Blevins,"$2,400,000"
4743,2015-2016,Everth Cabrera,"$2,400,000"
4744,2015-2016,A.J. Pierzynski,"$2,400,000"
4745,2015-2016,Tony Sipp,"$2,400,000"
4746,2015-2016,J.A. Happ,"$2,379,781"
4747,2015-2016,Brandon Moss,"$2,379,781"
4748,2015-2016,Zack Cozart,"$2,350,000"
4749,2015-2016,Mike Dunn,"$2,350,000"
4750,2015-2016,Carlos Carrasco,"$2,337,500"
4751,2015-2016,Juan Nicasio,"$2,300,000"
4752,2015-2016,Hector Santiago,"$2,290,000"
4753,2015-2016,David Murphy,"$2,262,295"
4754,2015-2016,Lonnie Chisenhall,"$2,250,000"
4755,2015-2016,Craig Stammen,"$2,250,000"
4756,2015-2016,Junichi Tazawa,"$2,250,000"
4757,2015-2016,Delmon Young,"$2,250,000"
4758,2015-2016,Gerardo Parra,"$2,215,505"
4759,2015-2016,Chris Heisey,"$2,160,000"
4760,2015-2016,Jesse Chavez,"$2,150,000"
4761,2015-2016,Alberto Callaspo,"$2,147,540"
4762,2015-2016,Chase Utley,"$2,130,000"
4763,2015-2016,Yusmeiro Petit,"$2,100,000"
4764,2015-2016,Michael Pineda,"$2,100,000"
4765,2015-2016,Brian Dozier,"$2,025,000"
4766,2015-2016,Gordon Beckham,"$2,000,000"
4767,2015-2016,Craig Breslow,"$2,000,000"
4768,2015-2016,Jedd Gyorko,"$2,000,000"
4769,2015-2016,Josh Hamilton,"$2,000,000"
4770,2015-2016,David Hernandez,"$2,000,000"
4771,2015-2016,Corey Kluber,"$2,000,000"
4772,2015-2016,Kris Medlen,"$2,000,000"
4773,2015-2016,Mark Reynolds,"$2,000,000"
4774,2015-2016,Brendan Ryan,"$2,000,000"
4775,2015-2016,Jon Singleton,"$2,000,000"
4776,2015-2016,Jorge Soler,"$2,000,000"
4777,2015-2016,Dian Toscano,"$2,000,000"
4778,2015-2016,Carlos Villanueva,"$2,000,000"
4779,2015-2016,Aaron Crow,"$1,975,000"
4780,2015-2016,Hector Noesi,"$1,950,000"
4781,2015-2016,Trevor Bauer,"$1,940,000"
4782,2015-2016,Adeiny Hechavarria,"$1,925,000"
4783,2015-2016,Brett Lawrie,"$1,925,000"
4784,2015-2016,Chris Johnson,"$1,901,639"
4785,2015-2016,Sean Rodriguez,"$1,900,000"
4786,2015-2016,David DeJesus,"$1,885,245"
4787,2015-2016,Ruben Tejada,"$1,880,000"
4788,2015-2016,Sam LeCure,"$1,850,000"
4789,2015-2016,Franklin Morales,"$1,850,000"
4790,2015-2016,Salvador Perez,"$1,850,000"
4791,2015-2016,Eric O'Flaherty,"$1,833,333"
4792,2015-2016,Danny Espinosa,"$1,800,000"
4793,2015-2016,Sam Fuld,"$1,750,000"
4794,2015-2016,Josh Thole,"$1,750,000"
4795,2015-2016,Yordano Ventura,"$1,750,000"
4796,2015-2016,Tony Watson,"$1,750,000"
4797,2015-2016,Al Alburquerque,"$1,725,000"
4798,2015-2016,Danny Hultzen,"$1,700,000"
4799,2015-2016,Tommy Hunter,"$1,651,639"
4800,2015-2016,Yonder Alonso,"$1,650,000"
4801,2015-2016,Peter Bourjos,"$1,650,000"
4802,2015-2016,Craig Gentry,"$1,600,000"
4803,2015-2016,Kelvin Herrera,"$1,600,000"
4804,2015-2016,Jordan Schafer,"$1,550,000"
4805,2015-2016,Bryan Shaw,"$1,550,000"
4806,2015-2016,Matt Albers,"$1,500,000"
4807,2015-2016,Chad Billingsley,"$1,500,000"
4808,2015-2016,Daniel Descalso,"$1,500,000"
4809,2015-2016,Aledmys Diaz,"$1,500,000"
4810,2015-2016,Jeff Mathis,"$1,500,000"
4811,2015-2016,Mike Napoli,"$1,500,000"
4812,2015-2016,Alexi Ogando,"$1,500,000"
4813,2015-2016,Geovany Soto,"$1,500,000"
4814,2015-2016,Josh Tomlin,"$1,500,000"
4815,2015-2016,Esmil Rogers,"$1,480,000"
4816,2015-2016,Tim Collins,"$1,475,000"
4817,2015-2016,Ben Revere,"$1,456,284"
4818,2015-2016,Fernando Rodney,"$1,453,551"
4819,2015-2016,John Mayberry Jr.,"$1,450,000"
4820,2015-2016,Joaquín Árias,"$1,450,000"
4821,2015-2016,Jose Iglesias,"$1,443,750"
4822,2015-2016,Eric Stults,"$1,431,693"
4823,2015-2016,Welington Castillo,"$1,422,950"
4824,2015-2016,Jose Tabata,"$1,420,765"
4825,2015-2016,Rex Brothers,"$1,400,000"
4826,2015-2016,Josh Collmenter,"$1,400,000"
4827,2015-2016,Brayan Pena,"$1,400,000"
4828,2015-2016,David Phelps,"$1,400,000"
4829,2015-2016,Tom Wilhelmsen,"$1,400,000"
4830,2015-2016,Casey Fien,"$1,375,000"
4831,2015-2016,Fernando Salas,"$1,370,000"
4832,2015-2016,César Ramos,"$1,312,000"
4833,2015-2016,Clint Barmes,"$1,300,000"
4834,2015-2016,Charlie Furbush,"$1,300,000"
4835,2015-2016,Adam Ottavino,"$1,300,000"
4836,2015-2016,Brennan Boesch,"$1,250,000"
4837,2015-2016,Don Kelly,"$1,250,000"
4838,2015-2016,Dylan Bundy,"$1,245,000"
4839,2015-2016,Jarrod Dyson,"$1,225,000"
4840,2015-2016,Chris Stewart,"$1,225,000"
4841,2015-2016,Alexi Amarista,"$1,200,000"
4842,2015-2016,Jose Lobaton,"$1,200,000"
4843,2015-2016,René Rivera,"$1,200,000"
4844,2015-2016,Shane Victorino,"$1,172,677"
4845,2015-2016,Vinnie Pestano,"$1,150,000"
4846,2015-2016,Logan Forsythe,"$1,100,000"
4847,2015-2016,Will Venable,"$1,091,530"
4848,2015-2016,Michael McKenry,"$1,087,600"
4849,2015-2016,Fernando Abad,"$1,087,500"
4850,2015-2016,Hank Conger,"$1,075,000"
4851,2015-2016,Ryan Flaherty,"$1,075,000"
4852,2015-2016,Jared Hughes,"$1,075,000"
4853,2015-2016,Eric Sogard,"$1,075,000"
4854,2015-2016,Kevin Jepsen,"$1,074,453"
4855,2015-2016,Marwin Gonzalez,"$1,062,500"
4856,2015-2016,Barry Zito,"$1,058,823"
4857,2015-2016,Eduardo Nunez,"$1,025,000"
4858,2015-2016,Cliff Pennington,"$1,020,081"
4859,2015-2016,Chris Archer,"$1,000,000"
4860,2015-2016,Burke Badenhop,"$1,000,000"
4861,2015-2016,Kyle Blanks,"$1,000,000"
4862,2015-2016,Tyler Chatwood,"$1,000,000"
4863,2015-2016,Kyuji Fujikawa,"$1,000,000"
4864,2015-2016,Yan Gomes,"$1,000,000"
4865,2015-2016,Tom Gorzelanny,"$1,000,000"
4866,2015-2016,Raisel Iglesias,"$1,000,000"
4867,2015-2016,Austin Jackson,"$1,000,000"
4868,2015-2016,Josh Johnson,"$1,000,000"
4869,2015-2016,Reed Johnson,"$1,000,000"
4870,2015-2016,Starling Marte,"$1,000,000"
4871,2015-2016,Justin Maxwell,"$1,000,000"
4872,2015-2016,Martín Pérez,"$1,000,000"
4873,2015-2016,Justin Smoak,"$1,000,000"
4874,2015-2016,Julio Teherán,"$1,000,000"
4875,2015-2016,Jacob Turner,"$1,000,000"
4876,2015-2016,Collin Cowgill,"$995,000"
4877,2015-2016,Francisco Cervelli,"$987,500"
4878,2015-2016,Carlos Corporán,"$975,000"
4879,2015-2016,Shaun Marcum,"$972,677"
4880,2015-2016,Dustin Ackley,"$937,704"
4881,2015-2016,Javy Guerra,"$937,500"
4882,2015-2016,Addison Reed,"$932,377"
4883,2015-2016,Jeff Francoeur,"$925,000"
4884,2015-2016,Jonathan Herrera,"$900,000"
4885,2015-2016,Adam Rosales,"$900,000"
4886,2015-2016,Marc Rzepczynski,"$877,459"
4887,2015-2016,Andres Blanco,"$850,000"
4888,2015-2016,Adam Eaton,"$850,000"
4889,2015-2016,Ryan Madson,"$850,000"
4890,2015-2016,Martin Maldonado,"$850,000"
4891,2015-2016,Jarrod Parker,"$850,000"
4892,2015-2016,LaTroy Hawkins,"$848,360"
4893,2015-2016,Drew Butera,"$809,426"
4894,2015-2016,Jeanmar Gomez,"$800,000"
4895,2015-2016,Daniel Hudson,"$800,000"
4896,2015-2016,David Carpenter,"$792,349"
4897,2015-2016,Oliver Perez,"$778,688"
4898,2015-2016,Tony Cruz,"$775,000"
4899,2015-2016,Joe Thatcher,"$765,027"
4900,2015-2016,Blaine Boyer,"$750,000"
4901,2015-2016,Sean Doolittle,"$750,000"
4902,2015-2016,Alejandro García,"$750,000"
4903,2015-2016,Anthony Bass,"$725,000"
4904,2015-2016,Buddy Carlyle,"$725,000"
4905,2015-2016,Louis Coleman,"$725,000"
4906,2015-2016,Ariel Miranda,"$725,000"
4907,2015-2016,Neal Cotts,"$721,311"
4908,2015-2016,Yasmani Grandal,"$693,000"
4909,2015-2016,Chris Young,"$675,000"
4910,2015-2016,Nate Jones,"$660,000"
4911,2015-2016,José Fernández,"$651,000"
4912,2015-2016,Matt Harvey,"$614,125"
4913,2015-2016,Daniel Nava,"$606,557"
4914,2015-2016,Gerardo Concepcion,"$600,000"
4915,2015-2016,Matt Reynolds,"$600,000"
4916,2015-2016,Antoan Richardson,"$600,000"
4917,2015-2016,Kelly Johnson,"$598,360"
4918,2015-2016,Jim Johnson,"$585,792"
4919,2015-2016,Carlos Torres,"$582,125"
4920,2015-2016,Anthony Varvaro,"$576,500"
4921,2015-2016,Adam Warren,"$572,600"
4922,2015-2016,Christian Yelich,"$570,000"
4923,2015-2016,Danny Valencia,"$567,486"
4924,2015-2016,Jacob deGrom,"$556,875"
4925,2015-2016,Justin Wilson,"$556,000"
4926,2015-2016,Tom Koehler,"$555,000"
4927,2015-2016,Austin Romine,"$554,100"
4928,2015-2016,Didi Gregorius,"$553,900"
4929,2015-2016,Juan Lagares,"$553,696"
4930,2015-2016,Travis Ishikawa,"$553,005"
4931,2015-2016,Shane Robinson,"$550,000"
4932,2015-2016,Manny Machado,"$548,000"
4933,2015-2016,Cody Allen,"$547,100"
4934,2015-2016,Zack Wheeler,"$546,250"
4935,2015-2016,Billy Hamilton,"$545,000"
4936,2015-2016,Derek Norris,"$545,000"
4937,2015-2016,Héctor Rondón,"$544,000"
4938,2015-2016,Xander Bogaerts,"$543,000"
4939,2015-2016,Brandon Workman,"$539,500"
4940,2015-2016,Jordy Mercer,"$538,000"
4941,2015-2016,Kole Calhoun,"$537,500"
4942,2015-2016,Kyle Gibson,"$537,500"
4943,2015-2016,J.J. Hoover,"$535,000"
4944,2015-2016,Shelby Miller,"$535,000"
4945,2015-2016,Trevor Rosenthal,"$535,000"
4946,2015-2016,Matt Adams,"$534,000"
4947,2015-2016,Jean Segura,"$534,000"
4948,2015-2016,Eduardo Escobar,"$532,500"
4949,2015-2016,Justin Grimm,"$531,500"
4950,2015-2016,Bryan Morris,"$531,500"
4951,2015-2016,Gerrit Cole,"$531,000"
4952,2015-2016,Jeff Locke,"$531,000"
4953,2015-2016,Brock Holt,"$530,500"
4954,2015-2016,Seth Maness,"$530,000"
4955,2015-2016,A.J. Ramos,"$530,000"
4956,2015-2016,Justin De Fratus,"$528,000"
4957,2015-2016,Brad Miller,"$527,600"
4958,2015-2016,Evan Gattis,"$526,500"
4959,2015-2016,Randall Delgado,"$526,000"
4960,2015-2016,David Lough,"$525,500"
4961,2015-2016,Wily Peralta,"$525,500"
4962,2015-2016,Travis d'Arnaud,"$525,424"
4963,2015-2016,Samuel Deduno,"$525,100"
4964,2015-2016,Daniel Carbonell,"$525,000"
4965,2015-2016,Nick Castellanos,"$525,000"
4966,2015-2016,Gregory Polanco,"$525,000"
4967,2015-2016,Zach Putnam,"$525,000"
4968,2015-2016,Clint Robinson,"$525,000"
4969,2015-2016,Dallas Keuchel,"$524,500"
4970,2015-2016,Patrick Corbin,"$524,000"
4971,2015-2016,Jeurys Familia,"$523,925"
4972,2015-2016,Brad Brach,"$523,000"
4973,2015-2016,Avisaíl García,"$523,000"
4974,2015-2016,Dan Jennings,"$523,000"
4975,2015-2016,Erasmo Ramirez,"$522,800"
4976,2015-2016,Jason Bourgeois,"$522,500"
4977,2015-2016,Chris Hatcher,"$522,500"
4978,2015-2016,Joe Panik,"$522,500"
4979,2015-2016,Scott Van Slyke,"$522,500"
4980,2015-2016,Chris Withrow,"$522,500"
4981,2015-2016,Pete Kozma,"$522,000"
4982,2015-2016,Jake Odorizzi,"$522,000"
4983,2015-2016,Brad Boxberger,"$521,400"
4984,2015-2016,Josh Edgin,"$520,625"
4985,2015-2016,Brandon Cumpton,"$520,500"
4986,2015-2016,Fernando Rodriguez,"$520,491"
4987,2015-2016,Zach McAllister,"$520,400"
4988,2015-2016,Brad Hand,"$520,000"
4989,2015-2016,Carlos Martinez,"$520,000"
4990,2015-2016,Jake Petricka,"$520,000"
4991,2015-2016,Andrew Romine,"$520,000"
4992,2015-2016,Michael Wacha,"$520,000"
4993,2015-2016,Kolten Wong,"$520,000"
4994,2015-2016,Wil Myers,"$519,800"
4995,2015-2016,Shawn Tolleson,"$519,700"
4996,2015-2016,Khris Davis,"$519,500"
4997,2015-2016,A.J. Pollock,"$519,500"
4998,2015-2016,Ken Giles,"$519,000"
4999,2015-2016,James Paxton,"$519,000"
5000,2015-2016,John Ryan Murphy,"$518,700"
5001,2015-2016,Liam Hendriks,"$518,400"
5002,2015-2016,Robinson Chirinos,"$518,290"
5003,2015-2016,Tyler Moore,"$518,200"
5004,2015-2016,Kevin Siegrist,"$518,000"
5005,2015-2016,Nick Tepesch,"$517,760"
5006,2015-2016,Charlie Blackmon,"$517,500"
5007,2015-2016,A.J. Griffin,"$517,500"
5008,2015-2016,George Kontos,"$517,500"
5009,2015-2016,D.J. LeMahieu,"$517,500"
5010,2015-2016,Drew Pomeranz,"$517,500"
5011,2015-2016,Odrisamer Despaigne,"$517,300"
5012,2015-2016,Nick Hagadone,"$517,100"
5013,2015-2016,Yangervis Solarte,"$516,400"
5014,2015-2016,Collin McHugh,"$516,300"
5015,2015-2016,Johnny Giavotella,"$516,250"
5016,2015-2016,Rubby De La Rosa,"$516,000"
5017,2015-2016,J.B. Shuck,"$516,000"
5018,2015-2016,Brandon Guyer,"$515,800"
5019,2015-2016,Brad Peacock,"$515,800"
5020,2015-2016,Arquimedes Caminero,"$515,500"
5021,2015-2016,Andrew Lambo,"$515,500"
5022,2015-2016,Anthony Gose,"$515,000"
5023,2015-2016,Caleb Joseph,"$515,000"
5024,2015-2016,Jimmy Paredes,"$515,000"
5025,2015-2016,Darin Ruf,"$515,000"
5026,2015-2016,Jonathan Schoop,"$515,000"
5027,2015-2016,Tyler Skaggs,"$515,000"
5028,2015-2016,Marcus Stroman,"$514,700"
5029,2015-2016,Mookie Betts,"$514,500"
5030,2015-2016,Tuffy Gosewisch,"$514,500"
5031,2015-2016,Neil Ramirez,"$514,500"
5032,2015-2016,Aaron Barrett,"$514,200"
5033,2015-2016,Joe Kelly,"$514,032"
5034,2015-2016,Will Harris,"$513,900"
5035,2015-2016,Kevin Kiermaier,"$513,800"
5036,2015-2016,Jeff Beliveau,"$513,600"
5037,2015-2016,Wilmer Flores,"$513,543"
5038,2015-2016,Freddy Galvis,"$513,500"
5039,2015-2016,Taijuan Walker,"$513,100"
5040,2015-2016,Ender Inciarte,"$513,000"
5041,2015-2016,George Springer,"$512,900"
5042,2015-2016,Chase Anderson,"$512,500"
5043,2015-2016,Nolan Arenado,"$512,500"
5044,2015-2016,Pedro Baez,"$512,500"
5045,2015-2016,Corey Dickerson,"$512,500"
5046,2015-2016,Christian Friedrich,"$512,500"
5047,2015-2016,Sonny Gray,"$512,500"
5048,2015-2016,Mario Hollands,"$512,500"
5049,2015-2016,Chris Owings,"$512,500"
5050,2015-2016,Evan Scribner,"$512,500"
5051,2015-2016,Will Smith,"$512,500"
5052,2015-2016,Christian Vazquez,"$512,500"
5053,2015-2016,Stephen Vogt,"$512,500"
5054,2015-2016,Evan Marshall,"$512,000"
5055,2015-2016,David Peralta,"$512,000"
5056,2015-2016,Kevin Pillar,"$512,000"
5057,2015-2016,Jimmy Nelson,"$511,500"
5058,2015-2016,Jake Marisnick,"$511,200"
5059,2015-2016,Alex Colomé,"$510,800"
5060,2015-2016,Aaron Sanchez,"$510,800"
5061,2015-2016,Jeremy Jeffress,"$510,500"
5062,2015-2016,Randal Grichuk,"$510,000"
5063,2015-2016,Kyle Hendricks,"$510,000"
5064,2015-2016,César Hernández,"$510,000"
5065,2015-2016,Joc Pederson,"$510,000"
5066,2015-2016,Jonathan Pettibone,"$510,000"
5067,2015-2016,Josh Phegley,"$510,000"
5068,2015-2016,Marcus Semien,"$510,000"
5069,2015-2016,Jose Alvarez,"$509,500"
5070,2015-2016,Jurickson Profar,"$509,500"
5071,2015-2016,Carson Smith,"$509,500"
5072,2015-2016,Matt Duffy,"$509,000"
5073,2015-2016,Luis Garcia,"$509,000"
5074,2015-2016,Steve Geltz,"$508,900"
5075,2015-2016,Nate Karns,"$508,800"
5076,2015-2016,Shae Simmons,"$508,750"
5077,2015-2016,Steven Souza,"$508,700"
5078,2015-2016,Roberto Pérez,"$508,600"
5079,2015-2016,Nick Ahmed,"$508,500"
5080,2015-2016,Michael Blazek,"$508,500"
5081,2015-2016,Lisalverto Bonilla,"$508,500"
5082,2015-2016,Jake Lamb,"$508,500"
5083,2015-2016,Hernán Pérez,"$508,500"
5084,2015-2016,Cory Spangenberg,"$508,500"
5085,2015-2016,Brian Flynn,"$508,450"
5086,2015-2016,Blaine Hardy,"$508,382"
5087,2015-2016,Cameron Rupp,"$508,000"
5088,2015-2016,Dellin Betances,"$507,500"
5089,2015-2016,Russell Brewer,"$507,500"
5090,2015-2016,Mark Canha,"$507,500"
5091,2015-2016,Anthony DeSclafani,"$507,500"
5092,2015-2016,Delino DeShields,"$507,500"
5093,2015-2016,Danny Dorn,"$507,500"
5094,2015-2016,Taylor Featherston,"$507,500"
5095,2015-2016,Jason Garcia,"$507,500"
5096,2015-2016,Onelki García,"$507,500"
5097,2015-2016,Sean Gilmartin,"$507,500"
5098,2015-2016,Philip Gosselin,"$507,500"
5099,2015-2016,J.R. Graham,"$507,500"
5100,2015-2016,Jesse Hahn,"$507,500"
5101,2015-2016,Óscar Hernández,"$507,500"
5102,2015-2016,Odubel Herrera,"$507,500"
5103,2015-2016,Keone Kela,"$507,500"
5104,2015-2016,John Lackey,"$507,500"
5105,2015-2016,Michael Mariot,"$507,500"
5106,2015-2016,Jhan Mariñez,"$507,500"
5107,2015-2016,James McCann,"$507,500"
5108,2015-2016,Casey McGehee,"$507,500"
5109,2015-2016,Andrew McKirahan,"$507,500"
5110,2015-2016,Roberto Osuna,"$507,500"
5111,2015-2016,Jace Peterson,"$507,500"
5112,2015-2016,Wilking Rodriguez,"$507,500"
5113,2015-2016,David Rollins,"$507,500"
5114,2015-2016,Marco Scutaro,"$507,500"
5115,2015-2016,Burch Smith,"$507,500"
5116,2015-2016,Devon Travis,"$507,500"
5117,2015-2016,Dan Uggla,"$507,500"
5118,2015-2016,Dan Winkler,"$507,500"
5119,2015-2016,Erik Goeddel,"$506,342"
5120,2015-2016,Brandon Maurer,"$504,819"
5121,2015-2016,Kyle Lobstein,"$501,953"
5122,2015-2016,Joe Beimel,"$501,639"
5123,2015-2016,Tanner Roark,"$500,660"
5124,2015-2016,Trevor May,"$493,278"
5125,2015-2016,Robbie Ross,"$492,204"
5126,2015-2016,Christian Bergman,"$490,010"
5127,2015-2016,Matt Shoemaker,"$486,393"
5128,2015-2016,Drew Hutchison,"$485,995"
5129,2015-2016,Chris Heston,"$485,314"
5130,2015-2016,Josh Fields,"$482,818"
5131,2015-2016,Andrew Chafin,"$482,540"
5132,2015-2016,J.T. Realmuto,"$482,540"
5133,2015-2016,Chasen Shreve,"$479,602"
5134,2015-2016,Ryan Goins,"$479,173"
5135,2015-2016,Michael A. Taylor,"$478,122"
5136,2015-2016,Rafael Montero,"$477,491"
5137,2015-2016,Tommy Layne,"$474,819"
5138,2015-2016,Tucker Barnhart,"$471,448"
5139,2015-2016,Kris Bryant,"$471,448"
5140,2015-2016,Brandon Gomes,"$468,674"
5141,2015-2016,Danny Salazar,"$468,674"
5142,2015-2016,Andrew Susac,"$468,674"
5143,2015-2016,Jesús Sucre,"$467,554"
5144,2015-2016,Cody Asche,"$466,598"
5145,2015-2016,Hansel Robles,"$465,901"
5146,2015-2016,Justin Ruggiano,"$465,409"
5147,2015-2016,Carlos Rodon,"$463,128"
5148,2015-2016,Blake Treinen,"$462,360"
5149,2015-2016,Aaron Loup,"$461,202"
5150,2015-2016,Addison Russell,"$460,355"
5151,2015-2016,Kevin Quackenbush,"$458,448"
5152,2015-2016,Alex Wilson,"$454,808"
5153,2015-2016,Ryan Lavarnway,"$453,087"
5154,2015-2016,Chase Whitley,"$452,868"
5155,2015-2016,Scooter Gennett,"$451,584"
5156,2015-2016,Carlos Frias,"$449,262"
5157,2015-2016,Xavier Cedeño,"$448,762"
5158,2015-2016,Enrique Hernandez,"$442,486"
5159,2015-2016,Ryan Webb,"$438,169"
5160,2015-2016,C.J. Cron,"$436,885"
5161,2015-2016,Ryan Pressly,"$436,885"
5162,2015-2016,Justin Bour,"$436,350"
5163,2015-2016,Kendall Graveman,"$435,396"
5164,2015-2016,Zac Rosscup,"$435,180"
5165,2015-2016,Billy Burns,"$432,622"
5166,2015-2016,Pedro Ciriaco,"$432,622"
5167,2015-2016,Blake Swihart,"$432,622"
5168,2015-2016,Jaff Decker,"$429,180"
5169,2015-2016,Elvis Araujo,"$427,076"
5170,2015-2016,Mike Morin,"$426,727"
5171,2015-2016,Austin Hedges,"$424,303"
5172,2015-2016,Carlos Pérez,"$424,303"
5173,2015-2016,Eddie Rosario,"$424,303"
5174,2015-2016,Marcell Ozuna,"$422,896"
5175,2015-2016,Chris Colabello,"$421,530"
5176,2015-2016,Felipe Vázquez,"$421,530"
5177,2015-2016,Chris Herrmann,"$420,819"
5178,2015-2016,Scott Oberg,"$418,756"
5179,2015-2016,Yolmer Sánchez,"$418,032"
5180,2015-2016,Mike Zunino,"$417,655"
5181,2015-2016,Jarrod Saltalamacchia,"$415,983"
5182,2015-2016,Rougned Odor,"$415,572"
5183,2015-2016,Ryan Mattheus,"$413,210"
5184,2015-2016,Ryan Rua,"$411,245"
5185,2015-2016,Tim Beckham,"$410,922"
5186,2015-2016,Williams Pérez,"$410,437"
5187,2015-2016,Noah Syndergaard,"$410,437"
5188,2015-2016,Aaron Hicks,"$408,060"
5189,2015-2016,Kevin Plawecki,"$407,663"
5190,2015-2016,Tanner Scheppers,"$405,403"
5191,2015-2016,Yimi Garcia,"$404,098"
5192,2015-2016,Jack Leathersich,"$402,117"
5193,2015-2016,Jonathan Papelbon,"$401,639"
5194,2015-2016,Sam Freeman,"$399,344"
5195,2015-2016,Jumbo Diaz,"$398,524"
5196,2015-2016,Chad Bettis,"$396,571"
5197,2015-2016,Donovan Solano,"$394,994"
5198,2015-2016,Maikel Franco,"$393,797"
5199,2015-2016,Sandy León,"$393,259"
5200,2015-2016,Michael Lorenzen,"$392,401"
5201,2015-2016,Nick Martinez,"$391,174"
5202,2015-2016,Archie Bradley,"$391,024"
5203,2015-2016,Ezequiel Carrera,"$391,024"
5204,2015-2016,Carter Capps,"$388,251"
5205,2015-2016,Eric Campbell,"$388,185"
5206,2015-2016,Conor Gillaspie,"$387,704"
5207,2015-2016,Joey Butler,"$385,478"
5208,2015-2016,Ben Paulsen,"$385,478"
5209,2015-2016,Preston Tucker,"$385,478"
5210,2015-2016,Brandon Barnes,"$382,704"
5211,2015-2016,Darrell Ceciliani,"$382,704"
5212,2015-2016,Corey Knebel,"$377,158"
5213,2015-2016,Anthony Recker,"$376,382"
5214,2015-2016,Jason Rogers,"$374,385"
5215,2015-2016,Hunter Strickland,"$374,385"
5216,2015-2016,Paulo Orlando,"$371,612"
5217,2015-2016,Chaz Roe,"$371,612"
5218,2015-2016,Jonny Gomes,"$371,585"
5219,2015-2016,Joe Blanton,"$371,584"
5220,2015-2016,Jake Smolinski,"$369,565"
5221,2015-2016,Chris Rusin,"$368,838"
5222,2015-2016,Eduardo Rodriguez,"$360,519"
5223,2015-2016,Brandon Cunniff,"$357,745"
5224,2015-2016,Daniel Webb,"$357,745"
5225,2015-2016,Steven Wright,"$357,071"
5226,2015-2016,Radhames Liz,"$355,191"
5227,2015-2016,Bryan Mitchell,"$354,972"
5228,2015-2016,Bo Schultz,"$354,972"
5229,2015-2016,Jarred Cosart,"$354,098"
5230,2015-2016,Austin Adams,"$352,338"
5231,2015-2016,Pedro Villarreal,"$352,199"
5232,2015-2016,José Ramírez,"$352,042"
5233,2015-2016,Alex Torres,"$351,457"
5234,2015-2016,Mike Foltynewicz,"$347,506"
5235,2015-2016,Robbie Ray,"$344,557"
5236,2015-2016,Dan Otero,"$344,467"
5237,2015-2016,Héctor Gómez,"$343,879"
5238,2015-2016,Shane Peterson,"$343,879"
5239,2015-2016,Christian Colon,"$339,683"
5240,2015-2016,Jon Moscot,"$338,333"
5241,2015-2016,Vidal Nuno,"$334,890"
5242,2015-2016,Nathan Adcock,"$332,786"
5243,2015-2016,Carlos Correa,"$330,013"
5244,2015-2016,Lance McCullers,"$330,013"
5245,2015-2016,Giovanny Urshela,"$330,013"
5246,2015-2016,Taylor Jungmann,"$327,240"
5247,2015-2016,James Russell,"$327,240"
5248,2015-2016,Rafael Ynoa,"$325,745"
5249,2015-2016,Eugenio Suarez,"$321,693"
5250,2015-2016,Mason Williams,"$321,693"
5251,2015-2016,Jose Pirela,"$320,491"
5252,2015-2016,Curt Casali,"$319,863"
5253,2015-2016,Will Middlebrooks,"$318,983"
5254,2015-2016,Derek Dietrich,"$318,920"
5255,2015-2016,Trevor Gott,"$318,920"
5256,2015-2016,Sergio Santos,"$318,920"
5257,2015-2016,Francisco Lindor,"$316,147"
5258,2015-2016,Jenrry Mejia,"$311,967"
5259,2015-2016,Christian Bethancourt,"$310,601"
5260,2015-2016,Roenis Elias,"$310,601"
5261,2015-2016,Miguel Socolovich,"$310,601"
5262,2015-2016,Yohan Flande,"$305,054"
5263,2015-2016,Jeff Manship,"$302,281"
5264,2015-2016,José Ureña,"$302,281"
5265,2015-2016,Matt Wisler,"$302,281"
5266,2015-2016,Jon Edwards,"$300,098"
5267,2015-2016,Kris Negrón,"$299,658"
5268,2015-2016,Pat Venditte,"$299,508"
5269,2015-2016,Brett Wallace,"$299,508"
5270,2015-2016,Nick Franklin,"$298,722"
5271,2015-2016,Cody Anderson,"$296,734"
5272,2015-2016,Steve Delabar,"$296,734"
5273,2015-2016,Adam Morgan,"$296,734"
5274,2015-2016,Ryan Tepera,"$296,734"
5275,2015-2016,Danny Santana,"$295,409"
5276,2015-2016,Matt Andriese,"$291,188"
5277,2015-2016,Darwin Barney,"$289,754"
5278,2015-2016,Frank Garces,"$288,983"
5279,2015-2016,Kennys Vargas,"$288,442"
5280,2015-2016,Elián Herrera,"$288,415"
5281,2015-2016,Nolan Reimold,"$288,415"
5282,2015-2016,Joey Terdoslavich,"$288,415"
5283,2015-2016,Ehire Adrianza,"$286,767"
5284,2015-2016,Andrew Heaney,"$286,627"
5285,2015-2016,Franklin Gutierrez,"$285,642"
5286,2015-2016,Adam Liberatore,"$285,642"
5287,2015-2016,Marcos Mateo,"$285,642"
5288,2015-2016,Bruce Rondón,"$284,262"
5289,2015-2016,Alejandro De Aza,"$278,961"
5290,2015-2016,Cam Bedrosian,"$277,322"
5291,2015-2016,Cole Gillespie,"$277,322"
5292,2015-2016,Gorkys Hernández,"$277,322"
5293,2015-2016,Miguel Rojas,"$277,322"
5294,2015-2016,Héctor Sánchez,"$275,409"
5295,2015-2016,Misael Siverio,"$275,000"
5296,2015-2016,Steven Matz,"$274,549"
5297,2015-2016,Hector Neris,"$274,549"
5298,2015-2016,Grady Sizemore,"$274,549"
5299,2015-2016,Logan Schafer,"$273,382"
5300,2015-2016,Shane Greene,"$272,978"
5301,2015-2016,Chris Bassitt,"$271,775"
5302,2015-2016,Mike Wright,"$271,775"
5303,2015-2016,Tyler Collins,"$269,002"
5304,2015-2016,Heath Hembree,"$267,278"
5305,2015-2016,Jonathan Villar,"$266,311"
5306,2015-2016,Danny Farquhar,"$264,939"
5307,2015-2016,Aaron Thompson,"$264,262"
5308,2015-2016,Manny Banuelos,"$263,456"
5309,2015-2016,Miguel Sano,"$263,456"
5310,2015-2016,Kirk Nieuwenhuis,"$261,271"
5311,2015-2016,Slade Heathcott,"$257,909"
5312,2015-2016,Joe Ross,"$257,909"
5313,2015-2016,Jackie Bradley Jr.,"$256,786"
5314,2015-2016,Ian Krol,"$256,092"
5315,2015-2016,Arodys Vizcaino,"$252,363"
5316,2015-2016,Eddie Butler,"$250,573"
5317,2015-2016,Yuniel Ramirez,"$250,000"
5318,2015-2016,Ryan O'Rourke,"$249,590"
5319,2015-2016,Bobby Wilson,"$248,633"
5320,2015-2016,Mike Montgomery,"$246,816"
5321,2015-2016,Matt Szczur,"$244,524"
5322,2015-2016,Cole Figueroa,"$244,043"
5323,2015-2016,Tommy Kahnle,"$244,043"
5324,2015-2016,Tyler Anderson,"$241,270"
5325,2015-2016,Dilson Herrera,"$241,270"
5326,2015-2016,Bryan Holaday,"$241,270"
5327,2015-2016,Tyler Saladino,"$241,270"
5328,2015-2016,Travis Shaw,"$241,270"
5329,2015-2016,Kyle Crockett,"$240,095"
5330,2015-2016,Matt Barnes,"$238,967"
5331,2015-2016,Neftali Feliz,"$238,497"
5332,2015-2016,Justin Miller,"$238,497"
5333,2015-2016,Jerry Sands,"$238,497"
5334,2015-2016,Matt den Dekker,"$235,462"
5335,2015-2016,Tyler Thornburg,"$234,327"
5336,2015-2016,Hanser Alberto,"$232,950"
5337,2015-2016,Kyle Schwarber,"$232,950"
5338,2015-2016,Kevin Gausman,"$231,049"
5339,2015-2016,Vince Velasquez,"$230,177"
5340,2015-2016,Mike Bolsinger,"$221,857"
5341,2015-2016,Tyler Cravy,"$221,857"
5342,2015-2016,Ross Detwiler,"$221,857"
5343,2015-2016,Jake Elmore,"$221,857"
5344,2015-2016,Buck Farmer,"$221,857"
5345,2015-2016,Clayton Richard,"$221,857"
5346,2015-2016,David Hale,"$221,243"
5347,2015-2016,Michael Tonkin,"$220,163"
5348,2015-2016,Carlos Contreras,"$219,084"
5349,2015-2016,Ernesto Frieri,"$218,579"
5350,2015-2016,Andre Rienzo,"$216,311"
5351,2015-2016,Kyle Ryan,"$216,311"
5352,2015-2016,Logan Verrett,"$216,311"
5353,2015-2016,Adonis García,"$210,765"
5354,2015-2016,Josh Osich,"$210,765"
5355,2015-2016,Branden Pinder,"$210,765"
5356,2015-2016,Stephen Piscotty,"$210,765"
5357,2015-2016,Gonzalez Germen,"$207,991"
5358,2015-2016,David Goforth,"$207,991"
5359,2015-2016,Aaron Nola,"$207,991"
5360,2015-2016,Michael Conforto,"$202,445"
5361,2015-2016,Matt Grace,"$202,445"
5362,2015-2016,Jefry Marte,"$202,445"
5363,2015-2016,Johnny Monell,"$202,445"
5364,2015-2016,Tyler Lyons,"$199,672"
5365,2015-2016,Cody Martin,"$199,672"
5366,2015-2016,Jake Diekman,"$198,983"
5367,2015-2016,Jean Machi,"$198,893"
5368,2015-2016,Andrew Bellatti,"$196,898"
5369,2015-2016,Scott Carroll,"$196,898"
5370,2015-2016,Diego Moreno,"$196,898"
5371,2015-2016,Josh Rutledge,"$196,010"
5372,2015-2016,Daniel Robertson,"$195,560"
5373,2015-2016,Jesús Montero,"$194,125"
5374,2015-2016,Luis Avilan,"$194,043"
5375,2015-2016,Edwin Escobar,"$191,729"
5376,2015-2016,Aaron Brooks,"$191,352"
5377,2015-2016,David Carpenter,"$191,352"
5378,2015-2016,Adam Conley,"$191,352"
5379,2015-2016,Chi Chi Gonzalez,"$191,352"
5380,2015-2016,Paco Rodriguez,"$191,297"
5381,2015-2016,Cory Rasmus,"$190,622"
5382,2015-2016,Alex Wood,"$190,382"
5383,2015-2016,Kendry Flores,"$188,579"
5384,2015-2016,Kirby Yates,"$187,746"
5385,2015-2016,David Buchanan,"$187,636"
5386,2015-2016,Michael Fiers,"$187,636"
5387,2015-2016,Spencer Patton,"$186,172"
5388,2015-2016,Arnold Leon,"$185,806"
5389,2015-2016,Matt Marksberry,"$185,806"
5390,2015-2016,Eury Perez,"$185,806"
5391,2015-2016,Keyvius Sampson,"$185,806"
5392,2015-2016,Brandon Finnegan,"$183,032"
5393,2015-2016,Micah Johnson,"$183,032"
5394,2015-2016,Daniel Norris,"$180,685"
5395,2015-2016,Eric Young Jr.,"$180,327"
5396,2015-2016,Felix Doubront,"$180,259"
5397,2015-2016,Sam Dyson,"$180,259"
5398,2015-2016,Chris Gimenez,"$180,259"
5399,2015-2016,Mark Lowe,"$180,259"
5400,2015-2016,Ketel Marte,"$180,259"
5401,2015-2016,Tommy Pham,"$180,259"
5402,2015-2016,Greg Garcia,"$177,486"
5403,2015-2016,Justin Nicolino,"$177,486"
5404,2015-2016,Mychal Givens,"$174,713"
5405,2015-2016,Munenori Kawasaki,"$174,713"
5406,2015-2016,Enny Romero,"$174,713"
5407,2015-2016,Steve Clevenger,"$174,142"
5408,2015-2016,Brian Ellington,"$171,939"
5409,2015-2016,Joey Gallo,"$171,939"
5410,2015-2016,Rob Rasmussen,"$171,939"
5411,2015-2016,Trayce Thompson,"$171,939"
5412,2015-2016,Kelby Tomlinson,"$171,939"
5413,2015-2016,Oswaldo Arcia,"$171,680"
5414,2015-2016,Pedro Florimón,"$170,819"
5415,2015-2016,Jon Gray,"$169,166"
5416,2015-2016,Henry Owens,"$169,166"
5417,2015-2016,Ryan Strausborger,"$169,166"
5418,2015-2016,Dalton Pompey,"$166,721"
5419,2015-2016,Tomás Telis,"$166,721"
5420,2015-2016,Nick Vincent,"$166,488"
5421,2015-2016,Matthew Boyd,"$166,393"
5422,2015-2016,Chris Narveson,"$166,393"
5423,2015-2016,Luis Severino,"$166,393"
5424,2015-2016,Josh Wilson,"$166,393"
5425,2015-2016,Austin Barnes,"$163,620"
5426,2015-2016,Mike Broadway,"$163,620"
5427,2015-2016,Deolis Guerra,"$163,620"
5428,2015-2016,Deven Marrero,"$163,620"
5429,2015-2016,Anthony Swarzak,"$162,295"
5430,2015-2016,R.J. Alvarez,"$160,846"
5431,2015-2016,Kyle Barraclough,"$160,846"
5432,2015-2016,Adam Loewen,"$160,846"
5433,2015-2016,Elier Leyva,"$160,000"
5434,2015-2016,Chris Taylor,"$159,600"
5435,2015-2016,Efren Navarro,"$159,163"
5436,2015-2016,Brandon Kintzler,"$158,606"
5437,2015-2016,Abraham Almonte,"$156,157"
5438,2015-2016,Jeff Francis,"$153,734"
5439,2015-2016,Tyler Duffey,"$152,527"
5440,2015-2016,Mikie Mahtook,"$152,527"
5441,2015-2016,Enrique Burgos,"$150,299"
5442,2015-2016,Sugar Ray Marimon,"$149,754"
5443,2015-2016,Cory Mazzoni,"$149,754"
5444,2015-2016,Bud Norris,"$149,754"
5445,2015-2016,Juan Pérez,"$149,754"
5446,2015-2016,Colin Rea,"$149,754"
5447,2015-2016,Grant Green,"$148,139"
5448,2015-2016,Jordan Pacheco,"$147,540"
5449,2015-2016,Cheslor Cuthbert,"$146,980"
5450,2015-2016,Nick Rumbelow,"$146,980"
5451,2015-2016,Sammy Solis,"$146,980"
5452,2015-2016,Greg Bird,"$144,207"
5453,2015-2016,Mayckol Guaipe,"$144,207"
5454,2015-2016,John Lamb,"$144,207"
5455,2015-2016,Luis Sardiñas,"$144,207"
5456,2015-2016,Sam Tuivailala,"$144,207"
5457,2015-2016,Matt Duffy,"$141,434"
5458,2015-2016,Edwin Jackson,"$141,434"
5459,2015-2016,Wilmer Difo,"$138,661"
5460,2015-2016,Leury García,"$138,661"
5461,2015-2016,Kyle Kubitza,"$138,661"
5462,2015-2016,Wandy Rodriguez,"$138,661"
5463,2015-2016,Cesar Jimenez,"$138,251"
5464,2015-2016,Domingo Santana,"$138,251"
5465,2015-2016,Ed Easley,"$135,887"
5466,2015-2016,Severino Gonzalez,"$135,887"
5467,2015-2016,Ryan Jackson,"$135,887"
5468,2015-2016,Peter Moylan,"$135,887"
5469,2015-2016,Drew VerHagen,"$135,887"
5470,2015-2016,Allen Webster,"$135,887"
5471,2015-2016,Álex Claudio,"$133,377"
5472,2015-2016,Erik Cordier,"$133,114"
5473,2015-2016,Zack Godley,"$133,114"
5474,2015-2016,A.J. Achter,"$130,341"
5475,2015-2016,Aaron Altherr,"$130,341"
5476,2015-2016,Kaleb Cowart,"$130,341"
5477,2015-2016,Keith Hessler,"$130,341"
5478,2015-2016,Ryan Kelly,"$130,341"
5479,2015-2016,Richie Shaffer,"$130,341"
5480,2015-2016,Yoervis Medina,"$129,663"
5481,2015-2016,T.J. House,"$128,674"
5482,2015-2016,Gregorio Petit,"$128,196"
5483,2015-2016,Dustin Garneau,"$127,568"
5484,2015-2016,Travis Jankowski,"$127,568"
5485,2015-2016,Ryan LaMarre,"$127,568"
5486,2015-2016,Rafael Martin,"$127,568"
5487,2015-2016,Jacob Lindgren,"$127,115"
5488,2015-2016,C.J. Riefenhauser,"$124,868"
5489,2015-2016,Byron Buxton,"$124,795"
5490,2015-2016,A.J. Cole,"$124,795"
5491,2015-2016,Guido Knudson,"$124,795"
5492,2015-2016,Chris Parmelee,"$124,795"
5493,2015-2016,Jhonatan Solano,"$124,795"
5494,2015-2016,Darnell Sweeney,"$124,795"
5495,2015-2016,Randy Wolf,"$124,795"
5496,2015-2016,Jerad Eickhoff,"$122,021"
5497,2015-2016,Trea Turner,"$122,021"
5498,2015-2016,Logan Kensing,"$119,248"
5499,2015-2016,Danny Muno,"$119,248"
5500,2015-2016,Collin Balester,"$116,475"
5501,2015-2016,Simon Castro,"$116,475"
5502,2015-2016,Jairo Díaz,"$116,475"
5503,2015-2016,Noé Ramirez,"$116,475"
5504,2015-2016,Tommy La Stella,"$114,934"
5505,2015-2016,Matt Stites,"$114,374"
5506,2015-2016,Juan Centeno,"$113,702"
5507,2015-2016,Ryan Cook,"$113,702"
5508,2015-2016,Josh A. Smith,"$113,702"
5509,2015-2016,Stolmy Pimentel,"$112,098"
5510,2015-2016,Oliver Drake,"$110,928"
5511,2015-2016,Paul Janish,"$110,928"
5512,2015-2016,José Peraza,"$110,928"
5513,2015-2016,Rob Refsnyder,"$110,928"
5514,2015-2016,Jorge Rondon,"$110,928"
5515,2015-2016,Joe Wieland,"$109,617"
5516,2015-2016,Alex Presley,"$109,289"
5517,2015-2016,J.P. Arencibia,"$108,155"
5518,2015-2016,Shawn Armstrong,"$108,155"
5519,2015-2016,Jake Brigham,"$108,155"
5520,2015-2016,Brett Hayes,"$108,155"
5521,2015-2016,Taylor Jordan,"$108,155"
5522,2015-2016,Tyler Ladendorf,"$108,155"
5523,2015-2016,Robbie Grossman,"$106,939"
5524,2015-2016,Caleb Cotham,"$105,382"
5525,2015-2016,Jeff Ferrell,"$105,382"
5526,2015-2016,Bobby LaFromboise,"$105,382"
5527,2015-2016,Max Muncy,"$105,382"
5528,2015-2016,A.J. Schugel,"$105,382"
5529,2015-2016,Nick Tropeano,"$105,382"
5530,2015-2016,Andrew Faulkner,"$105,374"
5531,2015-2016,Jason Gurka,"$102,609"
5532,2015-2016,John Hicks,"$102,609"
5533,2015-2016,Luke Jackson,"$102,609"
5534,2015-2016,James Jones,"$102,609"
5535,2015-2016,Josh Ravin,"$102,609"
5536,2015-2016,José A. Váldez,"$102,609"
5537,2015-2016,Jesse Crain,"$100,000"
5538,2015-2016,Yaisel Mederos,"$100,000"
5539,2015-2016,Brad Penny,"$100,000"
5540,2015-2016,Jonathan Aro,"$99,836"
5541,2015-2016,Cody Stanley,"$99,836"
5542,2015-2016,Max Stassi,"$99,836"
5543,2015-2016,Francisco Pena,"$97,292"
5544,2015-2016,Terrance Gore,"$97,158"
5545,2015-2016,Alec Asher,"$97,062"
5546,2015-2016,Silvino Bracho,"$97,062"
5547,2015-2016,Alex Dickerson,"$97,062"
5548,2015-2016,Michael Feliz,"$97,062"
5549,2015-2016,Nick Goody,"$97,062"
5550,2015-2016,Dixon Machado,"$97,062"
5551,2015-2016,Vin Mazzaro,"$97,062"
5552,2015-2016,Travis Snider,"$97,062"
5553,2015-2016,Wilfredo Tovar,"$97,062"
5554,2015-2016,Cristhian Adames,"$94,289"
5555,2015-2016,Adam Duvall,"$94,289"
5556,2015-2016,Eric Fryer,"$94,289"
5557,2015-2016,Mitch Harris,"$94,289"
5558,2015-2016,Frankie Montas,"$94,289"
5559,2015-2016,Jamie Romak,"$94,289"
5560,2015-2016,Scott Schebler,"$94,289"
5561,2015-2016,Zach Davies,"$92,120"
5562,2015-2016,Rico Noel,"$92,120"
5563,2015-2016,James Pazos,"$92,120"
5564,2015-2016,Erik Johnson,"$91,967"
5565,2015-2016,Scott Alexander,"$91,516"
5566,2015-2016,Miguel Almonte,"$91,516"
5567,2015-2016,Andrew Bailey,"$91,516"
5568,2015-2016,Jett Bandy,"$91,516"
5569,2015-2016,Quintin Berry,"$91,516"
5570,2015-2016,Carson Blair,"$91,516"
5571,2015-2016,Danny Burawa,"$91,516"
5572,2015-2016,Javier Báez,"$91,516"
5573,2015-2016,Ramón Cabrera,"$91,516"
5574,2015-2016,Trevor Cahill,"$91,516"
5575,2015-2016,Miguel Castro,"$91,516"
5576,2015-2016,Elias Diaz,"$91,516"
5577,2015-2016,Brandon Drury,"$91,516"
5578,2015-2016,Cody Hall,"$91,516"
5579,2015-2016,Dalier Hinojosa,"$91,516"
5580,2015-2016,Steve Johnson,"$91,516"
5581,2015-2016,Erik Kratz,"$91,516"
5582,2015-2016,Luke Maile,"$91,516"
5583,2015-2016,Scott McGough,"$91,516"
5584,2015-2016,Colton Murray,"$91,516"
5585,2015-2016,Nick Noonan,"$91,516"
5586,2015-2016,Shawn O'Malley,"$91,516"
5587,2015-2016,Ross Ohlendorf,"$91,516"
5588,2015-2016,Jarrett Parker,"$91,516"
5589,2015-2016,Jason Pridie,"$91,516"
5590,2015-2016,Jose Ramirez,"$91,516"
5591,2015-2016,Stefen Romero,"$91,516"
5592,2015-2016,Rob Scahill,"$91,516"
5593,2015-2016,Pedro Severino,"$91,516"
5594,2015-2016,Drew Stubbs,"$91,516"
5595,2015-2016,Wesley Wright,"$91,516"
5596,2015-2016,Tony Zych,"$91,516"
5597,2015-2016,T.J. McFarland,"$90,754"
5598,2015-2016,Tyler Matzek,"$89,092"
5599,2015-2016,Emmanuel Burriss,"$88,743"
5600,2015-2016,Jhoulys Chacin,"$88,743"
5601,2015-2016,Rocky Gale,"$88,743"
5602,2015-2016,Raudel Lazo,"$88,743"
5603,2015-2016,Dario Álvarez,"$88,743"
5604,2015-2016,Chris Martin,"$86,567"
5605,2015-2016,Matt Hague,"$85,969"
5606,2015-2016,David Holmberg,"$85,969"
5607,2015-2016,Corey Seager,"$85,969"
5608,2015-2016,Junior Lake,"$85,901"
5609,2015-2016,Dariel Alvarez,"$83,196"
5610,2015-2016,Dylan Axelrod,"$83,196"
5611,2015-2016,Brian Bogusevic,"$83,196"
5612,2015-2016,Logan Darnell,"$83,196"
5613,2015-2016,Michael Martínez,"$83,196"
5614,2015-2016,Sean Nolin,"$83,196"
5615,2015-2016,Giovanni Soto,"$83,196"
5616,2015-2016,Tyler Olson,"$83,169"
5617,2015-2016,Ariel Pena,"$82,901"
5618,2015-2016,Andy Parrino,"$80,423"
5619,2015-2016,Taylor Teagarden,"$80,423"
5620,2015-2016,Mike Olt,"$79,562"
5621,2015-2016,Chris Heisey,"$77,650"
5622,2015-2016,Nefi Ogando,"$77,650"
5623,2015-2016,Jackson Williams,"$77,650"
5624,2015-2016,Asher Wojciechowski,"$77,650"
5625,2015-2016,Leonel Campos,"$76,502"
5626,2015-2016,Zach Walters,"$75,186"
5627,2015-2016,Rey Navarro,"$75,136"
5628,2015-2016,Brett Bochy,"$74,877"
5629,2015-2016,C.J. Edwards,"$74,877"
5630,2015-2016,Ryan Weber,"$74,877"
5631,2015-2016,Tony Cingrani,"$74,661"
5632,2015-2016,Chris Dominguez,"$72,459"
5633,2015-2016,Nevin Ashley,"$72,103"
5634,2015-2016,Steve Baron,"$72,103"
5635,2015-2016,Socrates Brito,"$72,103"
5636,2015-2016,Joba Chamberlain,"$72,103"
5637,2015-2016,Cory Gearrin,"$72,103"
5638,2015-2016,Rich Hill,"$72,103"
5639,2015-2016,Chad Jenkins,"$72,103"
5640,2015-2016,Steven Moya,"$72,103"
5641,2015-2016,Peter O'Brien,"$72,103"
5642,2015-2016,J.C. Ramírez,"$72,103"
5643,2015-2016,Ken Roberts,"$72,103"
5644,2015-2016,Tim Stauffer,"$72,103"
5645,2015-2016,Thad Weber,"$72,103"
5646,2015-2016,Tyler Wilson,"$72,103"
5647,2015-2016,Steve Tolleson,"$70,669"
5648,2015-2016,Jake Buchanan,"$69,330"
5649,2015-2016,Dana Eveland,"$69,330"
5650,2015-2016,Todd Redmond,"$68,196"
5651,2015-2016,Phil Klein,"$66,819"
5652,2015-2016,Yohan Pino,"$66,557"
5653,2015-2016,Dan Straily,"$66,557"
5654,2015-2016,Danny Coulombe,"$63,784"
5655,2015-2016,Dan Johnson,"$63,784"
5656,2015-2016,Brian Schlitter,"$63,054"
5657,2015-2016,Angel Castro,"$61,010"
5658,2015-2016,Matt McBride,"$61,010"
5659,2015-2016,Edgar Olmos,"$58,811"
5660,2015-2016,Erik Davis,"$58,398"
5661,2015-2016,Tim Cooney,"$58,237"
5662,2015-2016,Gary Sánchez,"$58,237"
5663,2015-2016,Cody Decker,"$55,464"
5664,2015-2016,Robbie Erlin,"$55,464"
5665,2015-2016,Jay Jackson,"$55,464"
5666,2015-2016,Juan Jaime,"$55,464"
5667,2015-2016,Casey Kelly,"$55,464"
5668,2015-2016,Drew Rucinski,"$55,464"
5669,2015-2016,Ronald Torreyes,"$55,464"
5670,2015-2016,Chase d'Arnaud,"$55,464"
5671,2015-2016,Tommy Field,"$52,691"
5672,2015-2016,Christian Walker,"$52,691"
5673,2015-2016,Anthony Ranaudo,"$50,016"
5674,2015-2016,Chin-Hui Tsao,"$49,918"
5675,2015-2016,Mac Williamson,"$49,918"
5676,2015-2016,Orlando Calixte,"$47,144"
5677,2015-2016,Allan Dykstra,"$47,144"
5678,2015-2016,Dustin McGowan,"$45,901"
5679,2015-2016,Arismendy Alcantara,"$44,590"
5680,2015-2016,Doug Bernier,"$44,371"
5681,2015-2016,L.J. Hoes,"$44,371"
5682,2015-2016,Chris Rearick,"$44,371"
5683,2015-2016,Caleb Thielbar,"$42,622"
5684,2015-2016,Mike Baxter,"$41,598"
5685,2015-2016,Trevor Brown,"$41,598"
5686,2015-2016,Scott Copeland,"$41,598"
5687,2015-2016,Sean O'Sullivan,"$41,598"
5688,2015-2016,Colt Hynes,"$39,077"
5689,2015-2016,Bryan Anderson,"$38,825"
5690,2015-2016,Michael Kohn,"$38,825"
5691,2015-2016,Rob Wooten,"$38,825"
5692,2015-2016,Jesús Aguilar,"$38,823"
5693,2015-2016,Keon Broxton,"$36,051"
5694,2015-2016,Max Kepler,"$36,051"
5695,2015-2016,Yadiel Rivera,"$36,051"
5696,2015-2016,Travis Tartamella,"$36,051"
5697,2015-2016,Henry Urrutia,"$36,051"
5698,2015-2016,Tyler Wagner,"$36,051"
5699,2015-2016,Tony Sanchez,"$33,967"
5700,2015-2016,Yhonathan Barrios,"$33,278"
5701,2015-2016,Kevin Chapman,"$33,278"
5702,2015-2016,Adrian Houser,"$33,278"
5703,2015-2016,Jorge López,"$33,278"
5704,2015-2016,Michael Reed,"$33,278"
5705,2015-2016,Jonathan Diaz,"$30,505"
5706,2015-2016,Kevin Frandsen,"$30,505"
5707,2015-2016,Taylor Hill,"$30,505"
5708,2015-2016,Brian Johnson,"$30,505"
5709,2015-2016,C.C. Lee,"$30,505"
5710,2015-2016,Steve Lombardozzi,"$30,505"
5711,2015-2016,Ian Thomas,"$30,505"
5712,2015-2016,Dominic Leone,"$28,185"
5713,2015-2016,Phil Coke,"$27,732"
5714,2015-2016,Adam Moore,"$27,732"
5715,2015-2016,Jose Dominguez,"$24,959"
5716,2015-2016,Scott Baker,"$22,815"
5717,2015-2016,Marcus Hatley,"$22,185"
5718,2015-2016,Alfredo Marte,"$22,185"
5719,2015-2016,Alex Meyer,"$22,185"
5720,2015-2016,Jordan Danks,"$19,642"
5721,2015-2016,Aaron Laffey,"$19,412"
5722,2015-2016,Dean Anna,"$16,639"
5723,2015-2016,Wilfredo Boscán,"$16,639"
5724,2015-2016,Zach Lee,"$16,639"
5725,2015-2016,Everett Teaford,"$16,639"
5726,2015-2016,Jose De Paula,"$13,934"
5727,2015-2016,Ryan Brett,"$13,866"
5728,2015-2016,Mat Latos,"$13,866"
5729,2015-2016,Yorman Rodríguez,"$13,866"
5730,2015-2016,Kyle Skipworth,"$13,866"
5731,2015-2016,Jordany Valdespin,"$13,866"
5732,2015-2016,Jeff Bianchi,"$11,092"
5733,2015-2016,Cesar Cabral,"$11,092"
5734,2015-2016,Abel De Los Santos,"$11,092"
5735,2015-2016,Preston Guilmet,"$11,092"
5736,2015-2016,Jorge Polanco,"$11,092"
5737,2015-2016,Jo-Jo Reyes,"$11,092"
5738,2015-2016,Michael Roth,"$11,092"
5739,2015-2016,Chris Volstad,"$11,092"
5740,2015-2016,Kyle Waldrop,"$11,092"
5741,2015-2016,Adam Wilk,"$11,092"
5742,2015-2016,Dallas Beeler,"$8,327"
5743,2015-2016,Donovan Hand,"$8,319"
5744,2015-2016,David Huff,"$8,319"
5745,2015-2016,Ryan Lollis,"$8,319"
5746,2015-2016,Lucas Luetge,"$8,319"
5747,2015-2016,Jemile Weeks,"$8,319"
5748,2015-2016,Matt West,"$8,319"
5749,2015-2016,Garin Cecchini,"$5,557"
5750,2015-2016,Chris Beck,"$5,546"
5751,2015-2016,Joel De La Cruz,"$5,546"
5752,2015-2016,Daniel Fields,"$5,546"
5753,2015-2016,Akeel Morris,"$5,546"
5754,2015-2016,Kyle Parker,"$5,546"
5755,2015-2016,Ben Rowen,"$5,546"
5756,2015-2016,Casey Sadler,"$5,546"
5757,2015-2016,Josh Wall,"$5,546"
5758,2015-2016,Brad Mills,"$5,446"
5759,2015-2016,Eric Surkamp,"$2,819"
5760,2015-2016,Michael Choice,"$2,799"
5761,2015-2016,Reymond Fuentes,"$2,777"
5762,2015-2016,Andrew Albers,"$2,773"
5763,2015-2016,Dusty Coleman,"$2,773"
5764,2015-2016,John Cornely,"$2,773"
5765,2015-2016,Kyle Davies,"$2,773"
5766,2015-2016,Taylor Dugas,"$2,773"
5767,2015-2016,Marco Gonzales,"$2,773"
5768,2015-2016,Nick Greenwood,"$2,773"
5769,2015-2016,Edgar Ibarra,"$2,773"
5770,2015-2016,Toru Murata,"$2,773"
5771,2015-2016,Seth Rosin,"$2,773"
5772,2015-2016,Xavier Scruggs,"$2,773"
5773,2016-2017,Clayton Kershaw,"$32,000,000"
5774,2016-2017,David Price,"$30,000,000"
5775,2016-2017,Miguel Cabrera,"$28,050,000"
5776,2016-2017,Justin Verlander,"$28,000,000"
5777,2016-2017,Yoenis Céspedes,"$27,500,000"
5778,2016-2017,Felix Hernandez,"$25,857,142"
5779,2016-2017,Ryan Howard,"$25,000,000"
5780,2016-2017,Albert Pujols,"$25,000,000"
5781,2016-2017,CC Sabathia,"$25,000,000"
5782,2016-2017,Robinson Canó,"$24,050,000"
5783,2016-2017,Zack Greinke,"$24,000,000"
5784,2016-2017,Joe Mauer,"$23,000,000"
5785,2016-2017,Cole Hamels,"$22,500,000"
5786,2016-2017,Mark Teixeira,"$22,500,000"
5787,2016-2017,Justin Upton,"$22,125,000"
5788,2016-2017,Hanley Ramirez,"$22,000,000"
5789,2016-2017,Masahiro Tanaka,"$22,000,000"
5790,2016-2017,Jacoby Ellsbury,"$21,142,857"
5791,2016-2017,Adrián González,"$21,000,000"
5792,2016-2017,Matt Cain,"$20,833,333"
5793,2016-2017,Rick Porcello,"$20,500,000"
5794,2016-2017,Stephen Strasburg,"$20,400,000"
5795,2016-2017,Buster Posey,"$20,075,000"
5796,2016-2017,Shin-Soo Choo,"$20,000,000"
5797,2016-2017,Jon Lester,"$20,000,000"
5798,2016-2017,Troy Tulowitzki,"$20,000,000"
5799,2016-2017,Joey Votto,"$20,000,000"
5800,2016-2017,Jered Weaver,"$20,000,000"
5801,2016-2017,C.J. Wilson,"$20,000,000"
5802,2016-2017,David Wright,"$20,000,000"
5803,2016-2017,Adam Wainwright,"$19,550,000"
5804,2016-2017,Ryan Braun,"$19,000,000"
5805,2016-2017,Hunter Pence,"$18,500,000"
5806,2016-2017,Adrián Beltré,"$18,100,000"
5807,2016-2017,Homer Bailey,"$18,000,000"
5808,2016-2017,Andre Ethier,"$18,000,000"
5809,2016-2017,Prince Fielder,"$18,000,000"
5810,2016-2017,Victor Martinez,"$18,000,000"
5811,2016-2017,Jordan Zimmermann,"$18,000,000"
5812,2016-2017,Carlos Gonzalez,"$17,050,000"
5813,2016-2017,Chris Davis,"$17,000,000"
5814,2016-2017,Brian McCann,"$17,000,000"
5815,2016-2017,Pablo Sandoval,"$17,000,000"
5816,2016-2017,Curtis Granderson,"$16,000,000"
5817,2016-2017,Adam Jones,"$16,000,000"
5818,2016-2017,John Lackey,"$16,000,000"
5819,2016-2017,David Ortiz,"$16,000,000"
5820,2016-2017,Aníbal Sánchez,"$16,000,000"
5821,2016-2017,Brett Anderson,"$15,800,000"
5822,2016-2017,Colby Rasmus,"$15,800,000"
5823,2016-2017,Matt Wieters,"$15,800,000"
5824,2016-2017,Mike Trout,"$15,250,000"
5825,2016-2017,Max Scherzer,"$15,100,000"
5826,2016-2017,Elvis Andrus,"$15,000,000"
5827,2016-2017,Johnny Cueto,"$15,000,000"
5828,2016-2017,Jason Heyward,"$15,000,000"
5829,2016-2017,Matt Holliday,"$15,000,000"
5830,2016-2017,Russell Martin,"$15,000,000"
5831,2016-2017,José Bautista,"$14,000,000"
5832,2016-2017,Melky Cabrera,"$14,000,000"
5833,2016-2017,Nelson Cruz,"$14,000,000"
5834,2016-2017,Ian Kinsler,"$14,000,000"
5835,2016-2017,Yadier Molina,"$14,000,000"
5836,2016-2017,Miguel Montero,"$14,000,000"
5837,2016-2017,Ryan Zimmerman,"$14,000,000"
5838,2016-2017,Chase Headley,"$13,750,000"
5839,2016-2017,Hisashi Iwakuma,"$13,500,000"
5840,2016-2017,Ervin Santana,"$13,500,000"
5841,2016-2017,Clay Buchholz,"$13,000,000"
5842,2016-2017,Brett Gardner,"$13,000,000"
5843,2016-2017,Matt Harrison,"$13,000,000"
5844,2016-2017,Ubaldo Jiménez,"$13,000,000"
5845,2016-2017,Andrew McCutchen,"$13,000,000"
5846,2016-2017,Jake Peavy,"$13,000,000"
5847,2016-2017,Brandon Phillips,"$13,000,000"
5848,2016-2017,Jorge De La Rosa,"$12,500,000"
5849,2016-2017,Matt Garza,"$12,500,000"
5850,2016-2017,J.J. Hardy,"$12,500,000"
5851,2016-2017,Jhonny Peralta,"$12,500,000"
5852,2016-2017,James Shields,"$12,114,755"
5853,2016-2017,Evan Longoria,"$12,100,000"
5854,2016-2017,R.A. Dickey,"$12,000,000"
5855,2016-2017,Marco Estrada,"$12,000,000"
5856,2016-2017,Freddie Freeman,"$12,000,000"
5857,2016-2017,Gio Gonzalez,"$12,000,000"
5858,2016-2017,Alex Gordon,"$12,000,000"
5859,2016-2017,Mike Leake,"$12,000,000"
5860,2016-2017,Jeff Samardzija,"$12,000,000"
5861,2016-2017,Ben Zobrist,"$12,000,000"
5862,2016-2017,Josh Donaldson,"$11,650,000"
5863,2016-2017,Jaime Garcia,"$11,500,000"
5864,2016-2017,Aroldis Chapman,"$11,325,000"
5865,2016-2017,Kenta Maeda,"$11,250,000"
5866,2016-2017,Dustin Pedroia,"$11,100,000"
5867,2016-2017,Craig Kimbrel,"$11,050,000"
5868,2016-2017,Doug Fister,"$11,000,000"
5869,2016-2017,Brandon McCarthy,"$11,000,000"
5870,2016-2017,Martín Prado,"$11,000,000"
5871,2016-2017,David Robertson,"$11,000,000"
5872,2016-2017,Jayson Werth,"$11,000,000"
5873,2016-2017,Yu Darvish,"$10,800,000"
5874,2016-2017,Jake Arrieta,"$10,700,000"
5875,2016-2017,Kenley Jansen,"$10,650,000"
5876,2016-2017,Neil Walker,"$10,550,000"
5877,2016-2017,Nick Markakis,"$10,525,000"
5878,2016-2017,Rusney Castillo,"$10,500,000"
5879,2016-2017,Jose Abreu,"$10,000,000"
5880,2016-2017,Edwin Encarnacion,"$10,000,000"
5881,2016-2017,J.A. Happ,"$10,000,000"
5882,2016-2017,Derek Holland,"$10,000,000"
5883,2016-2017,Mike Napoli,"$10,000,000"
5884,2016-2017,Ángel Pagán,"$10,000,000"
5885,2016-2017,Madison Bumgarner,"$9,775,000"
5886,2016-2017,Tyson Ross,"$9,625,000"
5887,2016-2017,Kendrys Morales,"$9,600,819"
5888,2016-2017,Edinson Volquez,"$9,500,000"
5889,2016-2017,Phil Hughes,"$9,200,000"
5890,2016-2017,Chris Sale,"$9,165,000"
5891,2016-2017,Mark Trumbo,"$9,150,000"
5892,2016-2017,Allen Craig,"$9,000,000"
5893,2016-2017,Yovani Gallardo,"$9,000,000"
5894,2016-2017,Jason Hammel,"$9,000,000"
5895,2016-2017,Denard Span,"$9,000,000"
5896,2016-2017,Giancarlo Stanton,"$9,000,000"
5897,2016-2017,Koji Uehara,"$9,000,000"
5898,2016-2017,Jason Vargas,"$8,500,000"
5899,2016-2017,Eric Hosmer,"$8,350,000"
5900,2016-2017,Asdrubal Cabrera,"$8,250,000"
5901,2016-2017,Ryan Madson,"$8,250,000"
5902,2016-2017,Brandon Moss,"$8,250,000"
5903,2016-2017,Carlos Santana,"$8,250,000"
5904,2016-2017,Wade Davis,"$8,025,000"
5905,2016-2017,Ian Desmond,"$8,000,000"
5906,2016-2017,Dexter Fowler,"$8,000,000"
5907,2016-2017,Scott Kazmir,"$8,000,000"
5908,2016-2017,Adam Lind,"$8,000,000"
5909,2016-2017,Charlie Morton,"$8,000,000"
5910,2016-2017,Daniel Murphy,"$8,000,000"
5911,2016-2017,Gerardo Parra,"$8,000,000"
5912,2016-2017,Mike Pelfrey,"$8,000,000"
5913,2016-2017,Sergio Romo,"$8,000,000"
5914,2016-2017,Huston Street,"$8,000,000"
5915,2016-2017,Todd Frazier,"$7,500,000"
5916,2016-2017,Ian Kennedy,"$7,500,000"
5917,2016-2017,Jed Lowrie,"$7,500,000"
5918,2016-2017,Lance Lynn,"$7,500,000"
5919,2016-2017,Kyle Seager,"$7,500,000"
5920,2016-2017,Bartolo Colon,"$7,300,000"
5921,2016-2017,Dallas Keuchel,"$7,250,000"
5922,2016-2017,Trevor Plouffe,"$7,250,000"
5923,2016-2017,Starlin Castro,"$7,000,000"
5924,2016-2017,Brandon Crawford,"$7,000,000"
5925,2016-2017,Jeremy Hellickson,"$7,000,000"
5926,2016-2017,Hyun-Jin Ryu,"$7,000,000"
5927,2016-2017,Yaisel Sierra,"$7,000,000"
5928,2016-2017,Joakim Soria,"$7,000,000"
5929,2016-2017,Chase Utley,"$7,000,000"
5930,2016-2017,Zack Britton,"$6,750,000"
5931,2016-2017,J.D. Martinez,"$6,750,000"
5932,2016-2017,Seth Smith,"$6,750,000"
5933,2016-2017,Lucas Duda,"$6,725,000"
5934,2016-2017,Michael Brantley,"$6,500,000"
5935,2016-2017,Lorenzo Cain,"$6,500,000"
5936,2016-2017,Santiago Casilla,"$6,500,000"
5937,2016-2017,Pat Neshek,"$6,500,000"
5938,2016-2017,Chris Young,"$6,500,000"
5939,2016-2017,Garrett Richards,"$6,425,000"
5940,2016-2017,Matt Kemp,"$6,393,442"
5941,2016-2017,Glen Perkins,"$6,300,000"
5942,2016-2017,Matt Carpenter,"$6,250,000"
5943,2016-2017,Luke Gregerson,"$6,250,000"
5944,2016-2017,J.P. Howell,"$6,250,000"
5945,2016-2017,Boone Logan,"$6,250,000"
5946,2016-2017,Ben Revere,"$6,250,000"
5947,2016-2017,Jon Jay,"$6,225,000"
5948,2016-2017,Chris Tillman,"$6,225,000"
5949,2016-2017,Brandon Belt,"$6,200,000"
5950,2016-2017,Travis Wood,"$6,170,000"
5951,2016-2017,Luis Valbuena,"$6,125,000"
5952,2016-2017,Jason Kipnis,"$6,000,000"
5953,2016-2017,Colby Lewis,"$6,000,000"
5954,2016-2017,Andrelton Simmons,"$6,000,000"
5955,2016-2017,Tony Sipp,"$6,000,000"
5956,2016-2017,Kurt Suzuki,"$6,000,000"
5957,2016-2017,Pedro Alvarez,"$5,950,000"
5958,2016-2017,Rajai Davis,"$5,950,000"
5959,2016-2017,Paul Goldschmidt,"$5,850,000"
5960,2016-2017,Nori Aoki,"$5,800,000"
5961,2016-2017,Alejandro De Aza,"$5,750,000"
5962,2016-2017,Mitch Moreland,"$5,700,000"
5963,2016-2017,Nathan Eovaldi,"$5,600,000"
5964,2016-2017,Mike Moustakas,"$5,600,000"
5965,2016-2017,Trevor Rosenthal,"$5,600,000"
5966,2016-2017,Yunel Escobar,"$5,500,000"
5967,2016-2017,Luke Hochevar,"$5,500,000"
5968,2016-2017,Mark Lowe,"$5,500,000"
5969,2016-2017,Cameron Maybin,"$5,500,000"
5970,2016-2017,Kris Medlen,"$5,500,000"
5971,2016-2017,Yasiel Puig,"$5,500,000"
5972,2016-2017,Francisco Rodriguez,"$5,500,000"
5973,2016-2017,Jose Quintana,"$5,400,000"
5974,2016-2017,Wilson Ramos,"$5,350,000"
5975,2016-2017,Kevin Jepsen,"$5,312,500"
5976,2016-2017,Addison Reed,"$5,300,000"
5977,2016-2017,Alcides Escobar,"$5,250,000"
5978,2016-2017,Justin Turner,"$5,100,000"
5979,2016-2017,Nolan Arenado,"$5,000,000"
5980,2016-2017,Jerry Blevins,"$5,000,000"
5981,2016-2017,Jason Castro,"$5,000,000"
5982,2016-2017,Steve Cishek,"$5,000,000"
5983,2016-2017,Bryce Harper,"$5,000,000"
5984,2016-2017,Josh Harrison,"$5,000,000"
5985,2016-2017,Austin Jackson,"$5,000,000"
5986,2016-2017,Howie Kendrick,"$5,000,000"
5987,2016-2017,Javier Lopez,"$5,000,000"
5988,2016-2017,Manny Machado,"$5,000,000"
5989,2016-2017,Jason Motte,"$5,000,000"
5990,2016-2017,Darren O'Day,"$5,000,000"
5991,2016-2017,Anthony Rizzo,"$5,000,000"
5992,2016-2017,B.J. Upton,"$5,000,000"
5993,2016-2017,Devin Mesoraco,"$4,900,000"
5994,2016-2017,Chris Coghlan,"$4,800,000"
5995,2016-2017,Jake McGee,"$4,800,000"
5996,2016-2017,Chris Iannetta,"$4,550,000"
5997,2016-2017,John Axford,"$4,500,000"
5998,2016-2017,Carlos Carrasco,"$4,500,000"
5999,2016-2017,Corey Kluber,"$4,500,000"
6000,2016-2017,Tommy Milone,"$4,500,000"
6001,2016-2017,Chris Young,"$4,500,000"
6002,2016-2017,Francisco Liriano,"$4,475,409"
6003,2016-2017,Pedro Strop,"$4,400,000"
6004,2016-2017,Shelby Miller,"$4,350,000"
6005,2016-2017,Matt Harvey,"$4,325,000"
6006,2016-2017,Jay Bruce,"$4,303,278"
6007,2016-2017,Michael Pineda,"$4,300,000"
6008,2016-2017,Henderson Alvarez III,"$4,250,000"
6009,2016-2017,Trevor Cahill,"$4,250,000"
6010,2016-2017,Danny Duffy,"$4,225,000"
6011,2016-2017,Shawn Kelley,"$4,200,000"
6012,2016-2017,Logan Morrison,"$4,200,000"
6013,2016-2017,Héctor Rondón,"$4,200,000"
6014,2016-2017,Cody Allen,"$4,150,000"
6015,2016-2017,Leonys Martin,"$4,150,000"
6016,2016-2017,Ricky Nolasco,"$4,131,162"
6017,2016-2017,Brett Lawrie,"$4,125,000"
6018,2016-2017,Jeurys Familia,"$4,100,000"
6019,2016-2017,Neftali Feliz,"$4,080,000"
6020,2016-2017,Joe Blanton,"$4,000,000"
6021,2016-2017,Alex Cobb,"$4,000,000"
6022,2016-2017,Logan Forsythe,"$4,000,000"
6023,2016-2017,Miguel González,"$4,000,000"
6024,2016-2017,Jedd Gyorko,"$4,000,000"
6025,2016-2017,John Jaso,"$4,000,000"
6026,2016-2017,Yasmany Tomas,"$4,000,000"
6027,2016-2017,Grégor Blanco,"$3,900,000"
6028,2016-2017,David Hernandez,"$3,900,000"
6029,2016-2017,Brian Matusz,"$3,900,000"
6030,2016-2017,Brett Cecil,"$3,800,000"
6031,2016-2017,Jonathan Broxton,"$3,750,000"
6032,2016-2017,Drew Smyly,"$3,750,000"
6033,2016-2017,Welington Castillo,"$3,700,000"
6034,2016-2017,Ryan Hanigan,"$3,700,000"
6035,2016-2017,Gregory Polanco,"$3,535,000"
6036,2016-2017,Jose Altuve,"$3,525,000"
6037,2016-2017,Charlie Blackmon,"$3,500,000"
6038,2016-2017,Francisco Cervelli,"$3,500,000"
6039,2016-2017,Jason Grilli,"$3,500,000"
6040,2016-2017,Yulieski Gurriel,"$3,500,000"
6041,2016-2017,Tom Koehler,"$3,500,000"
6042,2016-2017,A.J. Pollock,"$3,500,000"
6043,2016-2017,Jordan Walden,"$3,500,000"
6044,2016-2017,Mike Dunn,"$3,450,000"
6045,2016-2017,Tony Watson,"$3,450,000"
6046,2016-2017,Mark Melancon,"$3,427,595"
6047,2016-2017,Kole Calhoun,"$3,400,000"
6048,2016-2017,A.J. Ramos,"$3,400,000"
6049,2016-2017,Junichi Tazawa,"$3,375,000"
6050,2016-2017,Fernando Rodney,"$3,330,616"
6051,2016-2017,Evan Gattis,"$3,300,000"
6052,2016-2017,Julio Teherán,"$3,300,000"
6053,2016-2017,Shawn Tolleson,"$3,275,000"
6054,2016-2017,Ryan Vogelsong,"$3,225,000"
6055,2016-2017,Dustin Ackley,"$3,200,000"
6056,2016-2017,Dee Strange-Gordon,"$3,188,524"
6057,2016-2017,Nick Hundley,"$3,150,000"
6058,2016-2017,Danny Valencia,"$3,150,000"
6059,2016-2017,Andrew Miller,"$3,147,520"
6060,2016-2017,Jonathon Niese,"$3,098,360"
6061,2016-2017,Jim Johnson,"$3,075,000"
6062,2016-2017,A.J. Pierzynski,"$3,050,000"
6063,2016-2017,Jeff Locke,"$3,025,000"
6064,2016-2017,Wei-Yin Chen,"$3,000,000"
6065,2016-2017,Brian Dozier,"$3,000,000"
6066,2016-2017,Stephen Drew,"$3,000,000"
6067,2016-2017,David Freese,"$3,000,000"
6068,2016-2017,D.J. LeMahieu,"$3,000,000"
6069,2016-2017,Starling Marte,"$3,000,000"
6070,2016-2017,Juan Nicasio,"$3,000,000"
6071,2016-2017,Oliver Perez,"$3,000,000"
6072,2016-2017,Jorge Soler,"$3,000,000"
6073,2016-2017,Josh Tomlin,"$3,000,000"
6074,2016-2017,Jordan Lyles,"$2,975,000"
6075,2016-2017,Zack Cozart,"$2,925,000"
6076,2016-2017,Derek Norris,"$2,925,000"
6077,2016-2017,Martín Pérez,"$2,900,000"
6078,2016-2017,Michael Saunders,"$2,900,000"
6079,2016-2017,Danny Espinosa,"$2,875,000"
6080,2016-2017,Sean Rodriguez,"$2,850,000"
6081,2016-2017,Joaquin Benoit,"$2,827,868"
6082,2016-2017,José Fernández,"$2,800,000"
6083,2016-2017,Yasmani Grandal,"$2,800,000"
6084,2016-2017,Hyun-soo Kim,"$2,800,000"
6085,2016-2017,Wily Peralta,"$2,800,000"
6086,2016-2017,Anthony Rendon,"$2,800,000"
6087,2016-2017,Geovany Soto,"$2,800,000"
6088,2016-2017,Scott Feldman,"$2,754,098"
6089,2016-2017,Chris Archer,"$2,750,000"
6090,2016-2017,Adam Eaton,"$2,750,000"
6091,2016-2017,Mike Minor,"$2,750,000"
6092,2016-2017,Byung-ho Park,"$2,750,000"
6093,2016-2017,Chad Qualls,"$2,750,000"
6094,2016-2017,Bryan Shaw,"$2,750,000"
6095,2016-2017,Lonnie Chisenhall,"$2,725,000"
6096,2016-2017,Daniel Hudson,"$2,700,000"
6097,2016-2017,Yonder Alonso,"$2,650,000"
6098,2016-2017,Aaron Hill,"$2,644,808"
6099,2016-2017,Adeiny Hechavarria,"$2,625,000"
6100,2016-2017,Joe Kelly,"$2,600,000"
6101,2016-2017,Mark Reynolds,"$2,600,000"
6102,2016-2017,Jean Segura,"$2,600,000"
6103,2016-2017,Vance Worley,"$2,600,000"
6104,2016-2017,Brad Ziegler,"$2,584,730"
6105,2016-2017,Kelvin Herrera,"$2,550,000"
6106,2016-2017,Patrick Corbin,"$2,525,000"
6107,2016-2017,Alex Avila,"$2,500,000"
6108,2016-2017,Carlos Beltrán,"$2,500,000"
6109,2016-2017,Chris Carter,"$2,500,000"
6110,2016-2017,Yan Gomes,"$2,500,000"
6111,2016-2017,Franklin Gutierrez,"$2,500,000"
6112,2016-2017,Raisel Iglesias,"$2,500,000"
6113,2016-2017,Jung Ho Kang,"$2,500,000"
6114,2016-2017,Juan Lagares,"$2,500,000"
6115,2016-2017,Seunghwan Oh,"$2,500,000"
6116,2016-2017,Brayan Pena,"$2,500,000"
6117,2016-2017,Yusmeiro Petit,"$2,500,000"
6118,2016-2017,David Phelps,"$2,500,000"
6119,2016-2017,Didi Gregorius,"$2,425,000"
6120,2016-2017,Tyler Flowers,"$2,400,000"
6121,2016-2017,Erasmo Ramirez,"$2,375,000"
6122,2016-2017,Tim Lincecum,"$2,357,923"
6123,2016-2017,Drew Storen,"$2,356,557"
6124,2016-2017,Rubby De La Rosa,"$2,350,000"
6125,2016-2017,Erick Aybar,"$2,295,072"
6126,2016-2017,Casey Fien,"$2,275,000"
6127,2016-2017,Josh Reddick,"$2,263,524"
6128,2016-2017,David Ross,"$2,250,000"
6129,2016-2017,Jared Hughes,"$2,175,000"
6130,2016-2017,Daniel Descalso,"$2,150,000"
6131,2016-2017,Eduardo Escobar,"$2,150,000"
6132,2016-2017,Avisaíl García,"$2,100,000"
6133,2016-2017,Jose Iglesias,"$2,100,000"
6134,2016-2017,Wade Miley,"$2,098,360"
6135,2016-2017,Jordy Mercer,"$2,075,000"
6136,2016-2017,Rich Hill,"$2,065,574"
6137,2016-2017,Matt Albers,"$2,000,000"
6138,2016-2017,Peter Bourjos,"$2,000,000"
6139,2016-2017,Aledmys Diaz,"$2,000,000"
6140,2016-2017,Felix Doubront,"$2,000,000"
6141,2016-2017,Freddy Galvis,"$2,000,000"
6142,2016-2017,Dillon Gee,"$2,000,000"
6143,2016-2017,Marwin Gonzalez,"$2,000,000"
6144,2016-2017,Salvador Perez,"$2,000,000"
6145,2016-2017,Clayton Richard,"$2,000,000"
6146,2016-2017,Alfredo Simon,"$2,000,000"
6147,2016-2017,Jon Singleton,"$2,000,000"
6148,2016-2017,Ichiro Suzuki,"$2,000,000"
6149,2016-2017,Sam Fuld,"$1,925,000"
6150,2016-2017,Carlos Ruiz,"$1,857,920"
6151,2016-2017,Antonio Bastardo,"$1,807,377"
6152,2016-2017,Joe Smith,"$1,807,377"
6153,2016-2017,Dylan Bundy,"$1,800,000"
6154,2016-2017,Brandon Beachy,"$1,750,000"
6155,2016-2017,Eric O'Flaherty,"$1,750,000"
6156,2016-2017,Zach Duke,"$1,748,633"
6157,2016-2017,Jarrod Dyson,"$1,725,000"
6158,2016-2017,Matt Moore,"$1,721,311"
6159,2016-2017,Hector Santiago,"$1,721,286"
6160,2016-2017,Trevor Bauer,"$1,697,500"
6161,2016-2017,Matt Adams,"$1,650,000"
6162,2016-2017,Steven Pearce,"$1,635,245"
6163,2016-2017,Charlie Furbush,"$1,600,000"
6164,2016-2017,Robinson Chirinos,"$1,550,000"
6165,2016-2017,Sean Doolittle,"$1,550,000"
6166,2016-2017,Kelly Johnson,"$1,528,693"
6167,2016-2017,Justin Wilson,"$1,525,000"
6168,2016-2017,Tony Barnette,"$1,500,000"
6169,2016-2017,Chris Capuano,"$1,500,000"
6170,2016-2017,Hank Conger,"$1,500,000"
6171,2016-2017,Ryan Flaherty,"$1,500,000"
6172,2016-2017,Jeff Mathis,"$1,500,000"
6173,2016-2017,Cliff Pennington,"$1,500,000"
6174,2016-2017,Ryan Raburn,"$1,500,000"
6175,2016-2017,James Russell,"$1,500,000"
6176,2016-2017,Eric Sogard,"$1,500,000"
6177,2016-2017,Jacob Turner,"$1,500,000"
6178,2016-2017,Carlos Villanueva,"$1,500,000"
6179,2016-2017,Rickie Weeks,"$1,500,000"
6180,2016-2017,Jonathan Lucroy,"$1,488,114"
6181,2016-2017,Tim Collins,"$1,475,000"
6182,2016-2017,Andres Blanco,"$1,450,000"
6183,2016-2017,Tyler Clippard,"$1,433,879"
6184,2016-2017,Rex Brothers,"$1,420,000"
6185,2016-2017,Ivan Nova,"$1,411,475"
6186,2016-2017,Jeanmar Gomez,"$1,400,000"
6187,2016-2017,J.J. Hoover,"$1,400,000"
6188,2016-2017,Seth Maness,"$1,400,000"
6189,2016-2017,Luis Avilan,"$1,390,000"
6190,2016-2017,Jose Lobaton,"$1,387,500"
6191,2016-2017,Jesse Chavez,"$1,377,049"
6192,2016-2017,Bryan Morris,"$1,350,000"
6193,2016-2017,Drew Pomeranz,"$1,350,000"
6194,2016-2017,Chris Stewart,"$1,350,000"
6195,2016-2017,Alexi Amarista,"$1,300,000"
6196,2016-2017,Zach McAllister,"$1,300,000"
6197,2016-2017,Adam Ottavino,"$1,300,000"
6198,2016-2017,Nolan Reimold,"$1,300,000"
6199,2016-2017,Bud Norris,"$1,297,832"
6200,2016-2017,Randall Delgado,"$1,275,000"
6201,2016-2017,Justin Grimm,"$1,275,000"
6202,2016-2017,Jake Diekman,"$1,255,000"
6203,2016-2017,Matt Belisle,"$1,250,000"
6204,2016-2017,Brad Brach,"$1,250,000"
6205,2016-2017,Sean Burnett,"$1,250,000"
6206,2016-2017,Tyler Chatwood,"$1,250,000"
6207,2016-2017,Robbie Ross,"$1,250,000"
6208,2016-2017,Kolten Wong,"$1,250,000"
6209,2016-2017,Scott Van Slyke,"$1,225,000"
6210,2016-2017,Will Middlebrooks,"$1,200,000"
6211,2016-2017,Chris Narveson,"$1,200,000"
6212,2016-2017,Drew Butera,"$1,175,000"
6213,2016-2017,George Kontos,"$1,150,000"
6214,2016-2017,Jhoulys Chacin,"$1,100,000"
6215,2016-2017,Ryan Cook,"$1,100,000"
6216,2016-2017,Martin Maldonado,"$1,100,000"
6217,2016-2017,Justin Morneau,"$1,100,000"
6218,2016-2017,Chris Hatcher,"$1,065,000"
6219,2016-2017,Darwin Barney,"$1,050,000"
6220,2016-2017,Aaron Loup,"$1,050,000"
6221,2016-2017,Fernando Rodriguez,"$1,050,000"
6222,2016-2017,Brandon Barnes,"$1,000,000"
6223,2016-2017,Brennan Boesch,"$1,000,000"
6224,2016-2017,Collin Cowgill,"$1,000,000"
6225,2016-2017,Gavin Floyd,"$1,000,000"
6226,2016-2017,Matt Joyce,"$1,000,000"
6227,2016-2017,Dae-ho Lee,"$1,000,000"
6228,2016-2017,Dustin McGowan,"$1,000,000"
6229,2016-2017,Brendan Ryan,"$1,000,000"
6230,2016-2017,Craig Stammen,"$1,000,000"
6231,2016-2017,Yordano Ventura,"$1,000,000"
6232,2016-2017,Brett Wallace,"$1,000,000"
6233,2016-2017,Christian Yelich,"$1,000,000"
6234,2016-2017,Eric Young Jr.,"$1,000,000"
6235,2016-2017,Carlos Portuondo,"$990,000"
6236,2016-2017,A.J. Ellis,"$983,606"
6237,2016-2017,Tony Cruz,"$975,000"
6238,2016-2017,Zach Putnam,"$975,000"
6239,2016-2017,Blaine Boyer,"$950,000"
6240,2016-2017,Carlos Torres,"$950,000"
6241,2016-2017,Eduardo Nunez,"$934,973"
6242,2016-2017,Nate Jones,"$900,000"
6243,2016-2017,Tyler Moore,"$900,000"
6244,2016-2017,Andrew Romine,"$900,000"
6245,2016-2017,Tanner Scheppers,"$900,000"
6246,2016-2017,Arodys Vizcaino,"$897,500"
6247,2016-2017,Dioner Navarro,"$852,459"
6248,2016-2017,Jarrod Parker,"$850,000"
6249,2016-2017,Dan Jennings,"$810,000"
6250,2016-2017,Chris Gimenez,"$809,856"
6251,2016-2017,Evan Scribner,"$807,500"
6252,2016-2017,Ross Ohlendorf,"$800,000"
6253,2016-2017,Jeff Manship,"$760,000"
6254,2016-2017,Roger Bernadina,"$750,000"
6255,2016-2017,Louis Coleman,"$750,000"
6256,2016-2017,Anthony Swarzak,"$750,000"
6257,2016-2017,Kris Bryant,"$652,000"
6258,2016-2017,Xander Bogaerts,"$650,500"
6259,2016-2017,Adam Warren,"$650,273"
6260,2016-2017,Marc Rzepczynski,"$628,688"
6261,2016-2017,Chris Withrow,"$610,000"
6262,2016-2017,Jacob deGrom,"$607,000"
6263,2016-2017,Brock Holt,"$606,000"
6264,2016-2017,Jurickson Profar,"$605,000"
6265,2016-2017,Anthony Carter,"$600,000"
6266,2016-2017,Gerardo Concepcion,"$600,000"
6267,2016-2017,Blake Wood,"$600,000"
6268,2016-2017,Kyle Gibson,"$587,500"
6269,2016-2017,Aaron Hicks,"$574,000"
6270,2016-2017,Billy Hamilton,"$570,000"
6271,2016-2017,Marcell Ozuna,"$570,000"
6272,2016-2017,Mookie Betts,"$566,000"
6273,2016-2017,Austin Romine,"$556,000"
6274,2016-2017,Cory Gearrin,"$550,000"
6275,2016-2017,Gerrit Cole,"$548,000"
6276,2016-2017,Miguel Sano,"$547,500"
6277,2016-2017,Jackie Bradley Jr.,"$546,500"
6278,2016-2017,Zack Wheeler,"$546,250"
6279,2016-2017,Trevor May,"$545,000"
6280,2016-2017,Joe Panik,"$545,000"
6281,2016-2017,Eugenio Suarez,"$545,000"
6282,2016-2017,Tanner Roark,"$543,400"
6283,2016-2017,Travis d'Arnaud,"$542,604"
6284,2016-2017,Eddie Rosario,"$542,500"
6285,2016-2017,Kyle Hendricks,"$541,000"
6286,2016-2017,Francisco Lindor,"$540,300"
6287,2016-2017,Anthony DeSclafani,"$540,000"
6288,2016-2017,Brad Hand,"$540,000"
6289,2016-2017,Brandon Workman,"$539,500"
6290,2016-2017,Carlos Martinez,"$539,000"
6291,2016-2017,Kevin Siegrist,"$539,000"
6292,2016-2017,Michael Wacha,"$539,000"
6293,2016-2017,Justin Bour,"$537,500"
6294,2016-2017,Danny Santana,"$537,500"
6295,2016-2017,Nick Castellanos,"$536,500"
6296,2016-2017,Danny Salazar,"$536,200"
6297,2016-2017,Noah Syndergaard,"$535,375"
6298,2016-2017,Jake Petricka,"$535,000"
6299,2016-2017,Jerry Sands,"$535,000"
6300,2016-2017,Clint Robinson,"$534,900"
6301,2016-2017,Vidal Nuno,"$532,900"
6302,2016-2017,J.T. Realmuto,"$532,500"
6303,2016-2017,Kevin Gausman,"$532,000"
6304,2016-2017,Chris Owings,"$530,500"
6305,2016-2017,Tony Cingrani,"$530,000"
6306,2016-2017,Chris Heston,"$530,000"
6307,2016-2017,Matt Shoemaker,"$530,000"
6308,2016-2017,Alex Wood,"$530,000"
6309,2016-2017,David Peralta,"$529,600"
6310,2016-2017,Collin McHugh,"$529,000"
6311,2016-2017,Carson Smith,"$529,000"
6312,2016-2017,Ken Giles,"$528,200"
6313,2016-2017,Odubel Herrera,"$528,000"
6314,2016-2017,Brad Miller,"$527,600"
6315,2016-2017,Sonny Gray,"$527,500"
6316,2016-2017,Stephen Vogt,"$527,500"
6317,2016-2017,Addison Russell,"$527,000"
6318,2016-2017,Brandon Maurer,"$526,400"
6319,2016-2017,Wilmer Flores,"$526,014"
6320,2016-2017,Will Harris,"$525,500"
6321,2016-2017,Yangervis Solarte,"$525,500"
6322,2016-2017,Nick Vincent,"$525,500"
6323,2016-2017,Greg Bird,"$525,300"
6324,2016-2017,Sam Dyson,"$525,270"
6325,2016-2017,C.J. Cron,"$525,000"
6326,2016-2017,Anthony Gose,"$525,000"
6327,2016-2017,César Hernández,"$525,000"
6328,2016-2017,Blake Treinen,"$524,900"
6329,2016-2017,Khris Davis,"$524,500"
6330,2016-2017,Neil Ramirez,"$524,500"
6331,2016-2017,Zac Rosscup,"$524,500"
6332,2016-2017,Xavier Cedeño,"$524,100"
6333,2016-2017,Michael Fiers,"$524,100"
6334,2016-2017,Wil Myers,"$523,900"
6335,2016-2017,Jesús Montero,"$523,800"
6336,2016-2017,Nate Karns,"$523,700"
6337,2016-2017,Liam Hendriks,"$523,400"
6338,2016-2017,Ender Inciarte,"$523,000"
6339,2016-2017,Corey Dickerson,"$522,900"
6340,2016-2017,Rougned Odor,"$522,700"
6341,2016-2017,Derek Dietrich,"$522,500"
6342,2016-2017,Jonathan Schoop,"$522,500"
6343,2016-2017,Alex Wilson,"$522,500"
6344,2016-2017,George Springer,"$522,400"
6345,2016-2017,Jimmy Nelson,"$522,300"
6346,2016-2017,Kyle Schwarber,"$522,000"
6347,2016-2017,Ezequiel Carrera,"$521,800"
6348,2016-2017,Alex Colomé,"$521,700"
6349,2016-2017,Nick Ahmed,"$521,600"
6350,2016-2017,Kevin Pillar,"$521,100"
6351,2016-2017,Javier Báez,"$521,000"
6352,2016-2017,Robbie Ray,"$521,000"
6353,2016-2017,Sam Freeman,"$520,700"
6354,2016-2017,Jake Odorizzi,"$520,700"
6355,2016-2017,Emmanuel Burriss,"$520,665"
6356,2016-2017,Paco Rodriguez,"$520,500"
6357,2016-2017,Jake Lamb,"$520,300"
6358,2016-2017,Chase Anderson,"$520,200"
6359,2016-2017,Jumbo Diaz,"$520,000"
6360,2016-2017,Enrique Hernandez,"$520,000"
6361,2016-2017,Andrew Lambo,"$520,000"
6362,2016-2017,Dan Otero,"$520,000"
6363,2016-2017,Jimmy Paredes,"$520,000"
6364,2016-2017,Manny Parra,"$520,000"
6365,2016-2017,Joc Pederson,"$520,000"
6366,2016-2017,Ryan Pressly,"$520,000"
6367,2016-2017,Andrew Chafin,"$519,700"
6368,2016-2017,Jake Marisnick,"$519,500"
6369,2016-2017,James McCann,"$519,500"
6370,2016-2017,Aaron Barrett,"$519,400"
6371,2016-2017,Brad Boxberger,"$519,200"
6372,2016-2017,Blake Swihart,"$518,500"
6373,2016-2017,José Ramírez,"$518,200"
6374,2016-2017,Scooter Gennett,"$518,100"
6375,2016-2017,Keone Kela,"$518,000"
6376,2016-2017,Carlos Rodon,"$518,000"
6377,2016-2017,Cameron Rupp,"$518,000"
6378,2016-2017,Cory Spangenberg,"$517,700"
6379,2016-2017,Tucker Barnhart,"$517,500"
6380,2016-2017,Ivan De Jesus Jr.,"$517,500"
6381,2016-2017,Maikel Franco,"$517,500"
6382,2016-2017,Carlos Frias,"$517,500"
6383,2016-2017,Yimi Garcia,"$517,500"
6384,2016-2017,Aaron Nola,"$517,500"
6385,2016-2017,Hunter Strickland,"$517,500"
6386,2016-2017,Shane Greene,"$517,000"
6387,2016-2017,Carlos Correa,"$516,700"
6388,2016-2017,Lance McCullers,"$516,700"
6389,2016-2017,Steve Clevenger,"$516,500"
6390,2016-2017,Michael Lorenzen,"$516,500"
6391,2016-2017,Hansel Robles,"$516,500"
6392,2016-2017,Robbie Erlin,"$516,400"
6393,2016-2017,Roberto Osuna,"$516,100"
6394,2016-2017,Steven Souza,"$516,100"
6395,2016-2017,Jerad Eickhoff,"$516,000"
6396,2016-2017,Vince Velasquez,"$516,000"
6397,2016-2017,Brian Flynn,"$515,950"
6398,2016-2017,Chris Herrmann,"$515,900"
6399,2016-2017,Marcus Stroman,"$515,900"
6400,2016-2017,Matt den Dekker,"$515,900"
6401,2016-2017,Roberto Pérez,"$515,800"
6402,2016-2017,Steven Matz,"$515,750"
6403,2016-2017,Aaron Altherr,"$515,500"
6404,2016-2017,Ketel Marte,"$515,400"
6405,2016-2017,Tuffy Gosewisch,"$515,200"
6406,2016-2017,Andrew Heaney,"$515,000"
6407,2016-2017,Hector Neris,"$515,000"
6408,2016-2017,Travis Shaw,"$515,000"
6409,2016-2017,Tyler Skaggs,"$515,000"
6410,2016-2017,Michael Tonkin,"$515,000"
6411,2016-2017,Preston Tucker,"$515,000"
6412,2016-2017,Cory Rasmus,"$514,500"
6413,2016-2017,Steven Wright,"$514,500"
6414,2016-2017,Kevin Kiermaier,"$514,400"
6415,2016-2017,Joe Ross,"$514,400"
6416,2016-2017,Paulo Orlando,"$514,250"
6417,2016-2017,Michael Blazek,"$514,200"
6418,2016-2017,Dalier Hinojosa,"$514,000"
6419,2016-2017,Kirk Nieuwenhuis,"$514,000"
6420,2016-2017,Philip Gosselin,"$513,900"
6421,2016-2017,Tyler Thornburg,"$513,900"
6422,2016-2017,Domingo Santana,"$513,800"
6423,2016-2017,Tyler Saladino,"$513,000"
6424,2016-2017,Jonathan Villar,"$512,900"
6425,2016-2017,Ehire Adrianza,"$512,500"
6426,2016-2017,Chad Bettis,"$512,500"
6427,2016-2017,Mark Canha,"$512,500"
6428,2016-2017,Adam Conley,"$512,500"
6429,2016-2017,Kendall Graveman,"$512,500"
6430,2016-2017,Tyler Lyons,"$512,500"
6431,2016-2017,Josh Osich,"$512,500"
6432,2016-2017,Josh Phegley,"$512,500"
6433,2016-2017,Stephen Piscotty,"$512,500"
6434,2016-2017,Chris Rusin,"$512,500"
6435,2016-2017,Marcus Semien,"$512,500"
6436,2016-2017,Trayce Thompson,"$512,500"
6437,2016-2017,Dan Straily,"$512,100"
6438,2016-2017,Rob Brantly,"$512,000"
6439,2016-2017,Andrew Bellatti,"$511,800"
6440,2016-2017,Andrew McKirahan,"$511,750"
6441,2016-2017,Enrique Burgos,"$511,500"
6442,2016-2017,Brandon Finnegan,"$511,500"
6443,2016-2017,Mychal Givens,"$511,500"
6444,2016-2017,Matt Szczur,"$511,500"
6445,2016-2017,Williams Pérez,"$511,250"
6446,2016-2017,Christian Bethancourt,"$511,200"
6447,2016-2017,Matt Barnes,"$511,000"
6448,2016-2017,Miguel Rojas,"$511,000"
6449,2016-2017,Cam Bedrosian,"$510,500"
6450,2016-2017,Tyler Collins,"$510,500"
6451,2016-2017,Arnold Leon,"$510,500"
6452,2016-2017,Álex Claudio,"$510,250"
6453,2016-2017,Matt Duffy,"$510,200"
6454,2016-2017,Ariel Pena,"$510,100"
6455,2016-2017,R.J. Alvarez,"$510,000"
6456,2016-2017,Chris Bassitt,"$510,000"
6457,2016-2017,Aaron Brooks,"$510,000"
6458,2016-2017,Adam Duvall,"$510,000"
6459,2016-2017,Tommy Pham,"$510,000"
6460,2016-2017,Enny Romero,"$510,000"
6461,2016-2017,Corey Seager,"$510,000"
6462,2016-2017,Caleb Cotham,"$509,675"
6463,2016-2017,Jon Edwards,"$509,600"
6464,2016-2017,Cristhian Adames,"$509,500"
6465,2016-2017,Jairo Díaz,"$509,500"
6466,2016-2017,Chi Chi Gonzalez,"$509,500"
6467,2016-2017,Jon Gray,"$509,500"
6468,2016-2017,Jefry Marte,"$509,500"
6469,2016-2017,Tyler Matzek,"$509,500"
6470,2016-2017,Justin Miller,"$509,500"
6471,2016-2017,Scott Oberg,"$509,500"
6472,2016-2017,Cheslor Cuthbert,"$509,425"
6473,2016-2017,Jose Pirela,"$509,300"
6474,2016-2017,Yhonathan Barrios,"$509,200"
6475,2016-2017,Todd Cunningham,"$509,000"
6476,2016-2017,Mitch Harris,"$509,000"
6477,2016-2017,Travis Jankowski,"$508,800"
6478,2016-2017,Adonis García,"$508,750"
6479,2016-2017,Ronald Torreyes,"$508,600"
6480,2016-2017,Miguel Almonte,"$508,500"
6481,2016-2017,Dallas Beeler,"$508,500"
6482,2016-2017,Keon Broxton,"$508,500"
6483,2016-2017,Luke Jackson,"$508,500"
6484,2016-2017,Rymer Liriano,"$508,500"
6485,2016-2017,Angel Nesbitt,"$508,500"
6486,2016-2017,Devon Travis,"$508,326"
6487,2016-2017,Trevor Brown,"$508,000"
6488,2016-2017,Ramón Cabrera,"$508,000"
6489,2016-2017,Jon Moscot,"$508,000"
6490,2016-2017,Kyle Skipworth,"$508,000"
6491,2016-2017,Dan Winkler,"$508,000"
6492,2016-2017,Will Smith,"$507,786"
6493,2016-2017,Brandon Allen,"$507,500"
6494,2016-2017,Abraham Almonte,"$507,500"
6495,2016-2017,Dariel Alvarez,"$507,500"
6496,2016-2017,Matt Andriese,"$507,500"
6497,2016-2017,Dustin Antolin,"$507,500"
6498,2016-2017,Jonathan Aro,"$507,500"
6499,2016-2017,Jett Bandy,"$507,500"
6500,2016-2017,Manny Banuelos,"$507,500"
6501,2016-2017,Jacob Barnes,"$507,500"
6502,2016-2017,Kyle Barraclough,"$507,500"
6503,2016-2017,Jake Barrett,"$507,500"
6504,2016-2017,Dellin Betances,"$507,500"
6505,2016-2017,Joseph Biagini,"$507,500"
6506,2016-2017,Jesse Biddle,"$507,500"
6507,2016-2017,Clayton Blackburn,"$507,500"
6508,2016-2017,Jorge Bonifacio,"$507,500"
6509,2016-2017,Buddy Boshers,"$507,500"
6510,2016-2017,Matt Bowman,"$507,500"
6511,2016-2017,Reid Brignac,"$507,500"
6512,2016-2017,Matt Buschmann,"$507,500"
6513,2016-2017,Mauricio Cabrera,"$507,500"
6514,2016-2017,Scott Carroll,"$507,500"
6515,2016-2017,Juan Centeno,"$507,500"
6516,2016-2017,Paul Clemens,"$507,500"
6517,2016-2017,Danny Coulombe,"$507,500"
6518,2016-2017,William Cuevas,"$507,500"
6519,2016-2017,Zac Curtis,"$507,500"
6520,2016-2017,David Dahl,"$507,500"
6521,2016-2017,Matt Davidson,"$507,500"
6522,2016-2017,Zach Davies,"$507,500"
6523,2016-2017,Joel De La Cruz,"$507,500"
6524,2016-2017,Chris Devenski,"$507,500"
6525,2016-2017,Scott Diamond,"$507,500"
6526,2016-2017,Alex Dickerson,"$507,500"
6527,2016-2017,Jose Dominguez,"$507,500"
6528,2016-2017,Matt Dominguez,"$507,500"
6529,2016-2017,Brian Duensing,"$507,500"
6530,2016-2017,Ryan Dull,"$507,500"
6531,2016-2017,Juan Duran,"$507,500"
6532,2016-2017,Dayán Díaz,"$507,500"
6533,2016-2017,Jake Elmore,"$507,500"
6534,2016-2017,Michael Feliz,"$507,500"
6535,2016-2017,Cole Figueroa,"$507,500"
6536,2016-2017,Kendry Flores,"$507,500"
6537,2016-2017,Mike Foltynewicz,"$507,500"
6538,2016-2017,Christian Friedrich,"$507,500"
6539,2016-2017,Eric Fryer,"$507,500"
6540,2016-2017,Greg Garcia,"$507,500"
6541,2016-2017,Jarlin Garcia,"$507,500"
6542,2016-2017,Jason Garcia,"$507,500"
6543,2016-2017,Dustin Garneau,"$507,500"
6544,2016-2017,Conor Gillaspie,"$507,500"
6545,2016-2017,Chad Girodo,"$507,500"
6546,2016-2017,Zack Godley,"$507,500"
6547,2016-2017,Tyler Goeddel,"$507,500"
6548,2016-2017,Miguel Gonzalez,"$507,500"
6549,2016-2017,Severino Gonzalez,"$507,500"
6550,2016-2017,J.R. Graham,"$507,500"
6551,2016-2017,Grant Green,"$507,500"
6552,2016-2017,A.J. Griffin,"$507,500"
6553,2016-2017,Robbie Grossman,"$507,500"
6554,2016-2017,Deolis Guerra,"$507,500"
6555,2016-2017,Javy Guerra,"$507,500"
6556,2016-2017,Junior Guerra,"$507,500"
6557,2016-2017,Tayron Guerrero,"$507,500"
6558,2016-2017,Jeremy Guthrie,"$507,500"
6559,2016-2017,David Hale,"$507,500"
6560,2016-2017,Lucas Harrell,"$507,500"
6561,2016-2017,Drew Hayes,"$507,500"
6562,2016-2017,Jeremy Hazelbaker,"$507,500"
6563,2016-2017,Ryon Healy,"$507,500"
6564,2016-2017,Chris Heisey,"$507,500"
6565,2016-2017,Dilson Herrera,"$507,500"
6566,2016-2017,Tyler Holt,"$507,500"
6567,2016-2017,Cedric Hunter,"$507,500"
6568,2016-2017,Chris Johnson,"$507,500"
6569,2016-2017,Erik Johnson,"$507,500"
6570,2016-2017,Steve Johnson,"$507,500"
6571,2016-2017,Zack Jones,"$507,500"
6572,2016-2017,Tommy Joseph,"$507,500"
6573,2016-2017,Ryan Kalish,"$507,500"
6574,2016-2017,Casey Kelly,"$507,500"
6575,2016-2017,Don Kelly,"$507,500"
6576,2016-2017,Logan Kensing,"$507,500"
6577,2016-2017,Brandon Kintzler,"$507,500"
6578,2016-2017,Michael Kirkman,"$507,500"
6579,2016-2017,Ian Krol,"$507,500"
6580,2016-2017,Ryan LaMarre,"$507,500"
6581,2016-2017,John Lamb,"$507,500"
6582,2016-2017,Derek Law,"$507,500"
6583,2016-2017,Chris Lee,"$507,500"
6584,2016-2017,Zach Lee,"$507,500"
6585,2016-2017,Adam Liberatore,"$507,500"
6586,2016-2017,Kyle Lohse,"$507,500"
6587,2016-2017,James Loney,"$507,500"
6588,2016-2017,Greg Mahle,"$507,500"
6589,2016-2017,Luke Maile,"$507,500"
6590,2016-2017,Jhan Mariñez,"$507,500"
6591,2016-2017,Matt Marksberry,"$507,500"
6592,2016-2017,Josh Martin,"$507,500"
6593,2016-2017,Bruce Maxwell,"$507,500"
6594,2016-2017,Nomar Mazara,"$507,500"
6595,2016-2017,Vin Mazzaro,"$507,500"
6596,2016-2017,Michael McKenry,"$507,500"
6597,2016-2017,Tim Melville,"$507,500"
6598,2016-2017,Mike Miller,"$507,500"
6599,2016-2017,Alec Mills,"$507,500"
6600,2016-2017,A.J. Morris,"$507,500"
6601,2016-2017,Conor Mullee,"$507,500"
6602,2016-2017,Ronnier Mustelier,"$507,500"
6603,2016-2017,Zach Neal,"$507,500"
6604,2016-2017,Shawn O'Malley,"$507,500"
6605,2016-2017,Sean O'Sullivan,"$507,500"
6606,2016-2017,Tyler Olson,"$507,500"
6607,2016-2017,James Paxton,"$507,500"
6608,2016-2017,Joel Peralta,"$507,500"
6609,2016-2017,Luis Perdomo,"$507,500"
6610,2016-2017,Gregorio Petit,"$507,500"
6611,2016-2017,Branden Pinder,"$507,500"
6612,2016-2017,Hernán Pérez,"$507,500"
6613,2016-2017,Jose Ramirez,"$507,500"
6614,2016-2017,César Ramos,"$507,500"
6615,2016-2017,Edubray Ramos,"$507,500"
6616,2016-2017,J.C. Ramírez,"$507,500"
6617,2016-2017,Anthony Recker,"$507,500"
6618,2016-2017,Jo-Jo Reyes,"$507,500"
6619,2016-2017,Joey Rickard,"$507,500"
6620,2016-2017,René Rivera,"$507,500"
6621,2016-2017,Daniel Robertson,"$507,500"
6622,2016-2017,Shane Robinson,"$507,500"
6623,2016-2017,Yorman Rodríguez,"$507,500"
6624,2016-2017,Jorge Rondon,"$507,500"
6625,2016-2017,Bruce Rondón,"$507,500"
6626,2016-2017,Adam Rosales,"$507,500"
6627,2016-2017,Alberto Rosario,"$507,500"
6628,2016-2017,Michael Roth,"$507,500"
6629,2016-2017,Josh Rutledge,"$507,500"
6630,2016-2017,Brendan Ryan,"$507,500"
6631,2016-2017,Jarrod Saltalamacchia,"$507,500"
6632,2016-2017,Ryan Schimpf,"$507,500"
6633,2016-2017,Josh A. Smith,"$507,500"
6634,2016-2017,Mallex Smith,"$507,500"
6635,2016-2017,Jake Smolinski,"$507,500"
6636,2016-2017,Sammy Solis,"$507,500"
6637,2016-2017,Layne Somsen,"$507,500"
6638,2016-2017,Bubba Starling,"$507,500"
6639,2016-2017,Trevor Story,"$507,500"
6640,2016-2017,Yolmer Sánchez,"$507,500"
6641,2016-2017,Ruben Tejada,"$507,500"
6642,2016-2017,Nick Tepesch,"$507,500"
6643,2016-2017,Ramon Torres,"$507,500"
6644,2016-2017,Nick Tropeano,"$507,500"
6645,2016-2017,Chin-Hui Tsao,"$507,500"
6646,2016-2017,Matt Tuiasosopo,"$507,500"
6647,2016-2017,Cesar Vargas,"$507,500"
6648,2016-2017,Will Venable,"$507,500"
6649,2016-2017,Christian Villanueva,"$507,500"
6650,2016-2017,Tyler Wagner,"$507,500"
6651,2016-2017,Colin Walsh,"$507,500"
6652,2016-2017,Daniel Webb,"$507,500"
6653,2016-2017,Jemile Weeks,"$507,500"
6654,2016-2017,Tom Wilhelmsen,"$507,500"
6655,2016-2017,Mac Williamson,"$507,500"
6656,2016-2017,Nick Wittgren,"$507,500"
6657,2016-2017,Tony Wolters,"$507,500"
6658,2016-2017,Danny Worth,"$507,500"
6659,2016-2017,Michael Ynoa,"$507,500"
6660,2016-2017,Mike Zunino,"$507,500"
6661,2016-2017,Chase d'Arnaud,"$507,500"
6662,2016-2017,Pedro Baez,"$500,192"
6663,2016-2017,Coco Crisp,"$500,000"
6664,2016-2017,Brandon Drury,"$495,018"
6665,2016-2017,Ryan Rua,"$493,476"
6666,2016-2017,Aaron Sanchez,"$492,420"
6667,2016-2017,Ryan Buchter,"$485,982"
6668,2016-2017,Taijuan Walker,"$485,352"
6669,2016-2017,Mike Wright,"$479,880"
6670,2016-2017,Jose Alvarez,"$476,952"
6671,2016-2017,Guillermo Heredia,"$470,000"
6672,2016-2017,Chase Whitley,"$467,158"
6673,2016-2017,Dana Eveland,"$459,754"
6674,2016-2017,Kyle Ryan,"$459,360"
6675,2016-2017,Carlos Pérez,"$454,086"
6676,2016-2017,Tyler Naquin,"$451,999"
6677,2016-2017,Carlos Estevez,"$449,226"
6678,2016-2017,Cody Asche,"$448,880"
6679,2016-2017,Randal Grichuk,"$446,194"
6680,2016-2017,Logan Verrett,"$444,612"
6681,2016-2017,Corey Knebel,"$440,071"
6682,2016-2017,Tommy La Stella,"$438,957"
6683,2016-2017,Curt Casali,"$437,892"
6684,2016-2017,Michael Fulmer,"$435,396"
6685,2016-2017,Sean Manaea,"$435,361"
6686,2016-2017,Matt Wisler,"$435,361"
6687,2016-2017,Fernando Salas,"$432,795"
6688,2016-2017,Kevin Quackenbush,"$427,200"
6689,2016-2017,Ross Detwiler,"$426,192"
6690,2016-2017,Tyler Duffey,"$421,496"
6691,2016-2017,Chasen Shreve,"$419,760"
6692,2016-2017,Michael A. Taylor,"$412,272"
6693,2016-2017,Mike Morin,"$409,248"
6694,2016-2017,Brandon Guyer,"$407,950"
6695,2016-2017,Jace Peterson,"$406,692"
6696,2016-2017,Johnny Giavotella,"$404,490"
6697,2016-2017,Caleb Joseph,"$403,401"
6698,2016-2017,Taylor Rogers,"$402,085"
6699,2016-2017,Tony Zych,"$402,048"
6700,2016-2017,Tim Beckham,"$401,973"
6701,2016-2017,J.B. Shuck,"$398,580"
6702,2016-2017,Matt Bush,"$396,539"
6703,2016-2017,Michael Conforto,"$395,640"
6704,2016-2017,Juan Graterol,"$393,766"
6705,2016-2017,Tim Adleman,"$390,993"
6706,2016-2017,Jesús Sucre,"$388,922"
6707,2016-2017,Max Kepler,"$388,220"
6708,2016-2017,Tyler Wilson,"$385,710"
6709,2016-2017,Ramon Flores,"$383,640"
6710,2016-2017,Christian Bergman,"$378,135"
6711,2016-2017,Kyle Lobstein,"$377,216"
6712,2016-2017,Tyler Ladendorf,"$371,582"
6713,2016-2017,A.J. Schugel,"$371,582"
6714,2016-2017,Heath Hembree,"$366,036"
6715,2016-2017,Kirby Yates,"$363,610"
6716,2016-2017,Kelby Tomlinson,"$363,263"
6717,2016-2017,Archie Bradley,"$360,490"
6718,2016-2017,Tyler White,"$357,717"
6719,2016-2017,Christian Colon,"$356,958"
6720,2016-2017,Carter Capps,"$356,136"
6721,2016-2017,Sandy León,"$350,160"
6722,2016-2017,Mikie Mahtook,"$349,875"
6723,2016-2017,Albert Suarez,"$346,625"
6724,2016-2017,Byron Buxton,"$344,523"
6725,2016-2017,Daniel Norris,"$340,131"
6726,2016-2017,Christian Vazquez,"$339,163"
6727,2016-2017,Edwin Diaz,"$335,533"
6728,2016-2017,Adam Morgan,"$332,760"
6729,2016-2017,Andrew Triggs,"$332,760"
6730,2016-2017,T.J. McFarland,"$329,015"
6731,2016-2017,Nick Goody,"$327,214"
6732,2016-2017,Drew Hutchison,"$324,594"
6733,2016-2017,Marlon Byrd,"$322,404"
6734,2016-2017,Delino DeShields,"$322,164"
6735,2016-2017,Tim Anderson,"$318,895"
6736,2016-2017,Tyler Anderson,"$317,376"
6737,2016-2017,Ross Stripling,"$316,122"
6738,2016-2017,Rob Refsnyder,"$313,349"
6739,2016-2017,Gonzalez Germen,"$310,576"
6740,2016-2017,Kevin Plawecki,"$310,134"
6741,2016-2017,Emilio Bonifacio,"$307,803"
6742,2016-2017,Zach Eflin,"$307,803"
6743,2016-2017,Blake Snell,"$305,030"
6744,2016-2017,Luis Severino,"$304,843"
6745,2016-2017,Andrew Cashner,"$303,686"
6746,2016-2017,Jameson Taillon,"$302,257"
6747,2016-2017,Cole Gillespie,"$300,118"
6748,2016-2017,Willson Contreras,"$299,484"
6749,2016-2017,Michael Mariot,"$296,906"
6750,2016-2017,Adrian Sampson,"$296,734"
6751,2016-2017,C.J. Edwards,"$293,938"
6752,2016-2017,Brandon Snyder,"$293,938"
6753,2016-2017,Jarrett Parker,"$291,165"
6754,2016-2017,Blaine Hardy,"$287,244"
6755,2016-2017,Socrates Brito,"$286,237"
6756,2016-2017,Jabari Blash,"$285,619"
6757,2016-2017,Marco Hernandez,"$285,619"
6758,2016-2017,Danny Farquhar,"$285,120"
6759,2016-2017,Chris Parmelee,"$282,846"
6760,2016-2017,Matthew Boyd,"$280,073"
6761,2016-2017,Tommy Kahnle,"$280,073"
6762,2016-2017,Keyvius Sampson,"$280,073"
6763,2016-2017,Whit Merrifield,"$277,300"
6764,2016-2017,José Ureña,"$277,300"
6765,2016-2017,Richard Bleier,"$274,527"
6766,2016-2017,Ryan Garton,"$274,527"
6767,2016-2017,José Peraza,"$274,527"
6768,2016-2017,Erik Goeddel,"$273,055"
6769,2016-2017,Julio Urias,"$271,754"
6770,2016-2017,Eddie Butler,"$268,981"
6771,2016-2017,John Gant,"$268,981"
6772,2016-2017,Tony Kemp,"$268,981"
6773,2016-2017,Max Muncy,"$268,981"
6774,2016-2017,Scott Schebler,"$268,981"
6775,2016-2017,Luis Cessa,"$266,208"
6776,2016-2017,Adam Frazier,"$266,208"
6777,2016-2017,Josh Fields,"$265,572"
6778,2016-2017,Pat Dean,"$260,662"
6779,2016-2017,Jorge Polanco,"$257,889"
6780,2016-2017,Ji-Man Choi,"$255,744"
6781,2016-2017,Aaron Blair,"$249,570"
6782,2016-2017,Jose Reyes,"$249,570"
6783,2016-2017,Trea Turner,"$249,570"
6784,2016-2017,Omar Narváez,"$246,797"
6785,2016-2017,Justin Nicolino,"$246,797"
6786,2016-2017,Cody Reed,"$246,797"
6787,2016-2017,Steve Geltz,"$244,068"
6788,2016-2017,Elvis Araujo,"$244,024"
6789,2016-2017,A.J. Reed,"$244,024"
6790,2016-2017,Eduardo Rodriguez,"$241,995"
6791,2016-2017,Charlie Culberson,"$241,251"
6792,2016-2017,Silvino Bracho,"$239,338"
6793,2016-2017,Brandon Morrow,"$238,650"
6794,2016-2017,Kyle Crockett,"$238,478"
6795,2016-2017,Matt Reynolds,"$235,705"
6796,2016-2017,Eric Campbell,"$232,815"
6797,2016-2017,Rafael Ortega,"$231,802"
6798,2016-2017,Cody Anderson,"$229,190"
6799,2016-2017,Tyrell Jenkins,"$227,386"
6800,2016-2017,Kevin Jepsen,"$227,386"
6801,2016-2017,Dean Kiekhefer,"$227,386"
6802,2016-2017,Dominic Leone,"$227,386"
6803,2016-2017,Seth Lugo,"$227,386"
6804,2016-2017,Héctor Sánchez,"$227,386"
6805,2016-2017,Jason Coats,"$224,613"
6806,2016-2017,Brian Ellington,"$224,613"
6807,2016-2017,Chaz Roe,"$224,238"
6808,2016-2017,Colton Murray,"$219,067"
6809,2016-2017,Jeff Francoeur,"$218,579"
6810,2016-2017,Ryan Tepera,"$218,322"
6811,2016-2017,Yadiel Rivera,"$216,762"
6812,2016-2017,Mike Clevinger,"$216,294"
6813,2016-2017,Edwin Jackson,"$216,294"
6814,2016-2017,Chad Kuhl,"$216,294"
6815,2016-2017,Tim Federowicz,"$213,521"
6816,2016-2017,Buck Farmer,"$211,584"
6817,2016-2017,Mike Montgomery,"$211,050"
6818,2016-2017,Steven Moya,"$210,748"
6819,2016-2017,Spencer Patton,"$210,748"
6820,2016-2017,Chad Green,"$207,975"
6821,2016-2017,Daniel Mengden,"$207,975"
6822,2016-2017,José Berríos,"$205,202"
6823,2016-2017,Kennys Vargas,"$205,202"
6824,2016-2017,Nick Martinez,"$204,264"
6825,2016-2017,Daniel Nava,"$202,878"
6826,2016-2017,Albert Almora,"$202,429"
6827,2016-2017,Darin Ruf,"$201,600"
6828,2016-2017,Yadiel Hernandez,"$200,000"
6829,2016-2017,Chris Beck,"$199,656"
6830,2016-2017,Joseph Colon,"$199,656"
6831,2016-2017,Jarred Cosart,"$198,330"
6832,2016-2017,Daniel Stumpf,"$196,924"
6833,2016-2017,Matt McBride,"$196,883"
6834,2016-2017,A.J. Achter,"$194,110"
6835,2016-2017,Alex Bregman,"$194,110"
6836,2016-2017,Ryan O'Rourke,"$194,110"
6837,2016-2017,Braden Shipley,"$194,110"
6838,2016-2017,Jerome Williams,"$194,110"
6839,2016-2017,Nick Franklin,"$191,337"
6840,2016-2017,Ty Kelly,"$191,337"
6841,2016-2017,Adalberto Mondesi,"$191,337"
6842,2016-2017,Andrew Toles,"$191,337"
6843,2016-2017,Jared Hoying,"$188,564"
6844,2016-2017,Ryan Weber,"$188,564"
6845,2016-2017,Austin Adams,"$185,791"
6846,2016-2017,Matt Duffy,"$185,040"
6847,2016-2017,Tyler Cravy,"$184,140"
6848,2016-2017,Felipe Vázquez,"$183,314"
6849,2016-2017,Brandon Nimmo,"$183,018"
6850,2016-2017,John Ryan Murphy,"$182,007"
6851,2016-2017,Scott Alexander,"$180,700"
6852,2016-2017,Justin Ruggiano,"$180,245"
6853,2016-2017,Chris Taylor,"$180,245"
6854,2016-2017,Jeremy Jeffress,"$178,706"
6855,2016-2017,Edwin Escobar,"$177,472"
6856,2016-2017,Matt Strahm,"$177,472"
6857,2016-2017,Mike Bolsinger,"$177,282"
6858,2016-2017,Colin Rea,"$175,644"
6859,2016-2017,Terrance Gore,"$175,077"
6860,2016-2017,Fernando Abad,"$174,699"
6861,2016-2017,Paul Janish,"$174,699"
6862,2016-2017,Pat Light,"$174,699"
6863,2016-2017,Joe Musgrove,"$174,699"
6864,2016-2017,Manuel Pina,"$174,699"
6865,2016-2017,Orlando Arcia,"$171,926"
6866,2016-2017,Andrew Benintendi,"$171,926"
6867,2016-2017,Grant Dayton,"$171,926"
6868,2016-2017,Jesse Hahn,"$171,926"
6869,2016-2017,Donnie Hart,"$171,926"
6870,2016-2017,Gary Sánchez,"$171,926"
6871,2016-2017,Charlie Tilson,"$171,926"
6872,2016-2017,Billy Burns,"$170,861"
6873,2016-2017,Rob Whalen,"$169,153"
6874,2016-2017,Ariel Miranda,"$166,380"
6875,2016-2017,Bo Schultz,"$165,495"
6876,2016-2017,Wilmer Difo,"$163,607"
6877,2016-2017,Brett Eibner,"$163,607"
6878,2016-2017,James Lovett,"$163,607"
6879,2016-2017,Michael Martínez,"$163,607"
6880,2016-2017,José A. Váldez,"$163,607"
6881,2016-2017,Bobby Wilson,"$163,607"
6882,2016-2017,Arquimedes Caminero,"$162,960"
6883,2016-2017,Rob Segedin,"$160,834"
6884,2016-2017,Pedro Severino,"$160,834"
6885,2016-2017,Jake Thompson,"$160,834"
6886,2016-2017,Noé Ramirez,"$158,688"
6887,2016-2017,J.T. Chargois,"$158,061"
6888,2016-2017,Bryan Holaday,"$158,061"
6889,2016-2017,Clayton Richard,"$158,061"
6890,2016-2017,Chris Smith,"$158,061"
6891,2016-2017,Peter Moylan,"$158,002"
6892,2016-2017,Josh Ravin,"$157,584"
6893,2016-2017,Brett Oberholtzer,"$155,683"
6894,2016-2017,Mike Freeman,"$155,288"
6895,2016-2017,Keith Hessler,"$155,288"
6896,2016-2017,David Rollins,"$155,288"
6897,2016-2017,Rob Scahill,"$155,288"
6898,2016-2017,Josh Edgin,"$153,675"
6899,2016-2017,Peter O'Brien,"$152,845"
6900,2016-2017,Sean Gilmartin,"$152,712"
6901,2016-2017,Arismendy Alcantara,"$152,515"
6902,2016-2017,Leonel Campos,"$152,515"
6903,2016-2017,Tommy Layne,"$152,515"
6904,2016-2017,Brett Nicholas,"$152,515"
6905,2016-2017,Blake Parker,"$152,515"
6906,2016-2017,Alex Reyes,"$152,515"
6907,2016-2017,Taylor Jungmann,"$150,149"
6908,2016-2017,Steve Hathaway,"$149,742"
6909,2016-2017,Guillermo Heredia,"$149,742"
6910,2016-2017,Austin Barnes,"$148,453"
6911,2016-2017,Josh Bell,"$146,969"
6912,2016-2017,Erik Gonzalez,"$146,969"
6913,2016-2017,Ben Paulsen,"$145,652"
6914,2016-2017,Matt Carasiti,"$144,196"
6915,2016-2017,Teoscar Hernandez,"$144,196"
6916,2016-2017,Casey McGehee,"$144,196"
6917,2016-2017,Tony Renda,"$144,196"
6918,2016-2017,Sam Tuivailala,"$144,196"
6919,2016-2017,Luke Weaver,"$144,196"
6920,2016-2017,Anthony Ranaudo,"$141,984"
6921,2016-2017,Tyler Austin,"$141,423"
6922,2016-2017,Koda Glover,"$141,423"
6923,2016-2017,Aaron Judge,"$141,423"
6924,2016-2017,Brooks Pounders,"$141,423"
6925,2016-2017,Buddy Baumann,"$139,258"
6926,2016-2017,Drew VerHagen,"$139,200"
6927,2016-2017,Nick Buss,"$138,650"
6928,2016-2017,Darrell Ceciliani,"$138,650"
6929,2016-2017,Kaleb Cowart,"$138,650"
6930,2016-2017,Ramiro Pena,"$138,650"
6931,2016-2017,J.B. Wendelken,"$138,650"
6932,2016-2017,Luis Sardiñas,"$137,102"
6933,2016-2017,Taylor Motter,"$135,877"
6934,2016-2017,Matt Purke,"$135,877"
6935,2016-2017,Bryce Brentz,"$133,104"
6936,2016-2017,Steven Okert,"$133,104"
6937,2016-2017,Jason Rogers,"$131,606"
6938,2016-2017,Frank Herrmann,"$130,331"
6939,2016-2017,James Hoyt,"$130,331"
6940,2016-2017,Chad Pinder,"$130,331"
6941,2016-2017,Tyler Sturdevant,"$130,331"
6942,2016-2017,Dansby Swanson,"$130,331"
6943,2016-2017,Dario Álvarez,"$130,331"
6944,2016-2017,Oliver Drake,"$127,558"
6945,2016-2017,Luis Garcia,"$127,558"
6946,2016-2017,Josh Smoker,"$127,558"
6947,2016-2017,Brandon Cunniff,"$124,785"
6948,2016-2017,Deven Marrero,"$124,785"
6949,2016-2017,Felix Pena,"$124,785"
6950,2016-2017,Xavier Scruggs,"$124,785"
6951,2016-2017,Miguel Socolovich,"$124,785"
6952,2016-2017,Brent Suter,"$124,785"
6953,2016-2017,Rob Zastryzny,"$124,785"
6954,2016-2017,Francisco Pena,"$122,395"
6955,2016-2017,Austin Brice,"$122,012"
6956,2016-2017,Hunter Cervenka,"$122,012"
6957,2016-2017,A.J. Cole,"$122,012"
6958,2016-2017,Jeff Hoffman,"$122,012"
6959,2016-2017,Brian Goodwin,"$119,239"
6960,2016-2017,Ben Heller,"$119,239"
6961,2016-2017,Andrew Albers,"$116,466"
6962,2016-2017,Robert Gsellman,"$116,466"
6963,2016-2017,Reynaldo López,"$116,466"
6964,2016-2017,Ryan Goins,"$113,720"
6965,2016-2017,Al Alburquerque,"$113,693"
6966,2016-2017,Gorkys Hernández,"$113,693"
6967,2016-2017,Jose Leclerc,"$113,693"
6968,2016-2017,Brad Peacock,"$113,693"
6969,2016-2017,T.J. Rivera,"$113,693"
6970,2016-2017,Steve Selsky,"$113,693"
6971,2016-2017,Andy Wilkins,"$113,693"
6972,2016-2017,Dylan Floro,"$110,920"
6973,2016-2017,Carlos Gomez,"$110,920"
6974,2016-2017,Nefi Ogando,"$110,920"
6975,2016-2017,Richie Shaffer,"$110,920"
6976,2016-2017,Joey Gallo,"$108,576"
6977,2016-2017,Stephen Cardullo,"$108,155"
6978,2016-2017,Danny Barnes,"$108,147"
6979,2016-2017,Lucas Giolito,"$108,147"
6980,2016-2017,Cody Martin,"$108,147"
6981,2016-2017,Rafael Montero,"$108,147"
6982,2016-2017,Kyle Waldrop,"$108,147"
6983,2016-2017,Alex Wimmers,"$108,147"
6984,2016-2017,Dan Altavilla,"$105,374"
6985,2016-2017,Oswaldo Arcia,"$105,374"
6986,2016-2017,Johnny Barbato,"$105,374"
6987,2016-2017,Alen Hanson,"$105,374"
6988,2016-2017,Raffy Lopez,"$105,374"
6989,2016-2017,Brock Stewart,"$105,374"
6990,2016-2017,Tomás Telis,"$105,374"
6991,2016-2017,Pat Venditte,"$105,374"
6992,2016-2017,Gabriel Ynoa,"$105,374"
6993,2016-2017,Junior Lake,"$105,191"
6994,2016-2017,Andy Burns,"$102,601"
6995,2016-2017,Mitch Haniger,"$102,601"
6996,2016-2017,Tommy Hunter,"$102,601"
6997,2016-2017,Henry Owens,"$102,601"
6998,2016-2017,Logan Schafer,"$102,601"
6999,2016-2017,Daniel Carbonell,"$100,000"
7000,2016-2017,Jandel Gustave,"$99,828"
7001,2016-2017,Munenori Kawasaki,"$99,828"
7002,2016-2017,Robert Stephenson,"$99,828"
7003,2016-2017,Evan Marshall,"$98,735"
7004,2016-2017,Shae Simmons,"$97,160"
7005,2016-2017,Steven Brault,"$97,055"
7006,2016-2017,Jacoby Jones,"$97,055"
7007,2016-2017,Dixon Machado,"$97,055"
7008,2016-2017,Adam Moore,"$97,055"
7009,2016-2017,Jayson Aquino,"$94,282"
7010,2016-2017,Jake Esch,"$94,282"
7011,2016-2017,Carson Fulmer,"$94,282"
7012,2016-2017,Perci Garner,"$94,282"
7013,2016-2017,Dustin Molleken,"$94,282"
7014,2016-2017,Drew Stubbs,"$94,282"
7015,2016-2017,Joey Wendle,"$94,282"
7016,2016-2017,Michael Bourn,"$91,509"
7017,2016-2017,Dillon Overton,"$91,509"
7018,2016-2017,Andrew Faulkner,"$88,928"
7019,2016-2017,Shawn Armstrong,"$88,736"
7020,2016-2017,Ty Blach,"$88,736"
7021,2016-2017,Jed Bradley,"$88,736"
7022,2016-2017,Jake Buchanan,"$88,736"
7023,2016-2017,Eddie Gamboa,"$88,736"
7024,2016-2017,John Hicks,"$88,736"
7025,2016-2017,Destin Hood,"$88,736"
7026,2016-2017,Rafael Martin,"$88,736"
7027,2016-2017,Ryan Merritt,"$88,736"
7028,2016-2017,Juan Minaya,"$88,736"
7029,2016-2017,Yefri Pérez,"$88,736"
7030,2016-2017,Matt Reynolds,"$88,736"
7031,2016-2017,Kevan Smith,"$88,736"
7032,2016-2017,Josh Thole,"$88,736"
7033,2016-2017,Trevor Gott,"$87,420"
7034,2016-2017,Hanser Alberto,"$86,721"
7035,2016-2017,Max Stassi,"$86,087"
7036,2016-2017,Andrew Bailey,"$85,963"
7037,2016-2017,Sean Burnett,"$85,963"
7038,2016-2017,Jaff Decker,"$85,963"
7039,2016-2017,Matt Dermody,"$85,963"
7040,2016-2017,Hunter Dozier,"$85,963"
7041,2016-2017,Cody Ege,"$85,963"
7042,2016-2017,Ben Gamel,"$85,963"
7043,2016-2017,Matt Grace,"$85,963"
7044,2016-2017,Jonathan Holder,"$85,963"
7045,2016-2017,Mat Latos,"$85,963"
7046,2016-2017,Damien Magnifico,"$85,963"
7047,2016-2017,Colin Moran,"$85,963"
7048,2016-2017,Tom Murphy,"$85,963"
7049,2016-2017,Yohander Méndez,"$85,963"
7050,2016-2017,James Pazos,"$85,963"
7051,2016-2017,Wandy Peralta,"$85,963"
7052,2016-2017,Dalton Pompey,"$85,963"
7053,2016-2017,Brady Rodgers,"$85,963"
7054,2016-2017,Ben Rowen,"$85,963"
7055,2016-2017,Nick Rumbelow,"$85,963"
7056,2016-2017,Patrick Schuster,"$85,963"
7057,2016-2017,Robby Scott,"$85,963"
7058,2016-2017,Chris Stratton,"$85,963"
7059,2016-2017,Raimel Tapia,"$85,963"
7060,2016-2017,Ray Black,"$83,190"
7061,2016-2017,Kyle Jensen,"$83,190"
7062,2016-2017,Joe Mantiply,"$83,190"
7063,2016-2017,Alex Meyer,"$83,190"
7064,2016-2017,Joe Nathan,"$83,190"
7065,2016-2017,Kevin Chapman,"$80,417"
7066,2016-2017,Jose De Leon,"$80,417"
7067,2016-2017,Tyler Glasnow,"$80,417"
7068,2016-2017,Hernan Iribarren,"$80,417"
7069,2016-2017,Carson Kelly,"$80,417"
7070,2016-2017,Yoan Moncada,"$80,417"
7071,2016-2017,Daniel Wright,"$80,417"
7072,2016-2017,Miguel Castro,"$77,952"
7073,2016-2017,Raul Alcántara,"$77,644"
7074,2016-2017,Mike Mayers,"$77,644"
7075,2016-2017,Pedro Florimón,"$76,950"
7076,2016-2017,Bryan Mitchell,"$76,221"
7077,2016-2017,Justin Marks,"$75,249"
7078,2016-2017,James Beresford,"$74,871"
7079,2016-2017,Gavin Cecchini,"$74,871"
7080,2016-2017,Leury García,"$74,871"
7081,2016-2017,Matt Koch,"$74,871"
7082,2016-2017,Jose Martinez,"$74,871"
7083,2016-2017,Kevin McCarthy,"$74,871"
7084,2016-2017,Germán Márquez,"$74,871"
7085,2016-2017,Jordan Patterson,"$74,871"
7086,2016-2017,David Paulino,"$74,871"
7087,2016-2017,Blake Smith,"$74,871"
7088,2016-2017,Andrew Susac,"$74,871"
7089,2016-2017,Pat Valaika,"$74,871"
7090,2016-2017,Trevor Williams,"$74,871"
7091,2016-2017,Jharel Cotton,"$72,098"
7092,2016-2017,Jake Smith,"$72,098"
7093,2016-2017,Phil Klein,"$69,600"
7094,2016-2017,Alec Asher,"$69,325"
7095,2016-2017,Alexei Ramírez,"$69,325"
7096,2016-2017,Jacob Stallings,"$69,325"
7097,2016-2017,Jorge Alfaro,"$66,552"
7098,2016-2017,Joely Rodriguez,"$66,552"
7099,2016-2017,Jesús Aguilar,"$63,779"
7100,2016-2017,David Goforth,"$63,779"
7101,2016-2017,Óscar Hernández,"$63,779"
7102,2016-2017,Blake Lalli,"$63,779"
7103,2016-2017,Roman Quinn,"$63,779"
7104,2016-2017,Joe Wieland,"$61,256"
7105,2016-2017,Abel De Los Santos,"$58,233"
7106,2016-2017,Matt Magill,"$58,233"
7107,2016-2017,Renato Nunez,"$58,233"
7108,2016-2017,Matt Olson,"$58,233"
7109,2016-2017,Dan Vogelbach,"$58,233"
7110,2016-2017,Zach Phillips,"$55,740"
7111,2016-2017,Wade LeBlanc,"$55,460"
7112,2016-2017,Mason Williams,"$52,915"
7113,2016-2017,Raudel Lazo,"$52,801"
7114,2016-2017,Josh Collmenter,"$52,687"
7115,2016-2017,Billy Butler,"$49,914"
7116,2016-2017,Odrisamer Despaigne,"$49,914"
7117,2016-2017,Madison Younginer,"$49,914"
7118,2016-2017,Adam Loewen,"$47,141"
7119,2016-2017,Micah Johnson,"$44,368"
7120,2016-2017,Michael Reed,"$44,368"
7121,2016-2017,Rio Ruiz,"$44,368"
7122,2016-2017,T.J. House,"$41,595"
7123,2016-2017,Trey Mancini,"$41,595"
7124,2016-2017,Logan Ondrusek,"$41,595"
7125,2016-2017,Donovan Solano,"$41,595"
7126,2016-2017,Gordon Beckham,"$40,983"
7127,2016-2017,Josmil Pinto,"$36,049"
7128,2016-2017,Adam Plutko,"$36,049"
7129,2016-2017,Stefen Romero,"$36,049"
7130,2016-2017,Austin Hedges,"$33,408"
7131,2016-2017,Carlos Asuaje,"$33,276"
7132,2016-2017,Manuel Margot,"$33,276"
7133,2016-2017,Hunter Renfroe,"$33,276"
7134,2016-2017,Jose Torres,"$33,276"
7135,2016-2017,Phil Coke,"$30,503"
7136,2016-2017,Juniel Querecuto,"$30,503"
7137,2016-2017,Jose Rondon,"$30,503"
7138,2016-2017,Curtis Partch,"$27,730"
7139,2016-2017,Alex Presley,"$27,730"
7140,2016-2017,Julio Borbon,"$22,184"
7141,2016-2017,Kelvin Marte,"$22,184"
7142,2016-2017,Roenis Elias,"$21,343"
7143,2016-2017,Vicente Campos,"$16,638"
7144,2016-2017,Jeimer Candelario,"$16,638"
7145,2016-2017,Tyler Danish,"$16,638"
7146,2016-2017,Roberto Hernandez,"$16,638"
7147,2016-2017,Jason Hursh,"$16,638"
7148,2016-2017,Spencer Kieboom,"$16,638"
7149,2016-2017,Tony Sanchez,"$16,638"
7150,2016-2017,Chris Smith,"$16,638"
7151,2016-2017,Patrick Kivlehan,"$13,865"
7152,2016-2017,Rafael Ynoa,"$13,865"
7153,2016-2017,Parker Bridwell,"$11,092"
7154,2016-2017,Max Moroff,"$11,092"
7155,2016-2017,Elias Diaz,"$8,361"
7156,2016-2017,Lucas Luetge,"$8,319"
7157,2016-2017,Warwick Saupold,"$8,319"
7158,2016-2017,Shawn Morimando,"$5,546"
7159,2016-2017,Akeel Morris,"$5,546"
7160,2016-2017,Brandon Brennan,"$2,773"
7161,2016-2017,Alfredo González,"$2,773"
7162,2016-2017,Brian Matusz,"$2,773"
7163,2016-2017,Adalberto Mejia,"$2,773"
7164,2016-2017,Shawn Zarraga,"$2,773"
7165,2017-2018,Clayton Kershaw,"$33,000,000"
7166,2017-2018,David Price,"$30,000,000"
7167,2017-2018,Miguel Cabrera,"$28,000,000"
7168,2017-2018,Felix Hernandez,"$26,857,142"
7169,2017-2018,Albert Pujols,"$26,000,000"
7170,2017-2018,CC Sabathia,"$25,000,000"
7171,2017-2018,Robinson Canó,"$24,000,000"
7172,2017-2018,Zack Greinke,"$24,000,000"
7173,2017-2018,Joe Mauer,"$23,000,000"
7174,2017-2018,Yoenis Céspedes,"$22,500,000"
7175,2017-2018,Cole Hamels,"$22,500,000"
7176,2017-2018,Johnny Cueto,"$22,000,000"
7177,2017-2018,Hanley Ramirez,"$22,000,000"
7178,2017-2018,Masahiro Tanaka,"$22,000,000"
7179,2017-2018,Joey Votto,"$22,000,000"
7180,2017-2018,Adrián González,"$21,500,000"
7181,2017-2018,Jason Heyward,"$21,500,000"
7182,2017-2018,Buster Posey,"$21,400,000"
7183,2017-2018,Jacoby Ellsbury,"$21,142,857"
7184,2017-2018,Aroldis Chapman,"$21,000,000"
7185,2017-2018,Jayson Werth,"$21,000,000"
7186,2017-2018,Matt Cain,"$20,833,334"
7187,2017-2018,Freddie Freeman,"$20,500,000"
7188,2017-2018,Shin-Soo Choo,"$20,000,000"
7189,2017-2018,Carlos Gonzalez,"$20,000,000"
7190,2017-2018,Jon Lester,"$20,000,000"
7191,2017-2018,Russell Martin,"$20,000,000"
7192,2017-2018,Rick Porcello,"$20,000,000"
7193,2017-2018,Troy Tulowitzki,"$20,000,000"
7194,2017-2018,David Wright,"$20,000,000"
7195,2017-2018,Jeff Samardzija,"$19,500,000"
7196,2017-2018,Adam Wainwright,"$19,500,000"
7197,2017-2018,Mike Trout,"$19,250,000"
7198,2017-2018,Homer Bailey,"$19,000,000"
7199,2017-2018,Ryan Braun,"$19,000,000"
7200,2017-2018,Hunter Pence,"$18,500,000"
7201,2017-2018,Edwin Encarnacion,"$18,150,000"
7202,2017-2018,José Bautista,"$18,000,000"
7203,2017-2018,Adrián Beltré,"$18,000,000"
7204,2017-2018,Victor Martinez,"$18,000,000"
7205,2017-2018,Jordan Zimmermann,"$18,000,000"
7206,2017-2018,Andre Ethier,"$17,500,000"
7207,2017-2018,Chris Davis,"$17,000,000"
7208,2017-2018,Josh Donaldson,"$17,000,000"
7209,2017-2018,Wil Myers,"$17,000,000"
7210,2017-2018,Dexter Fowler,"$16,500,000"
7211,2017-2018,Carlos Beltrán,"$16,000,000"
7212,2017-2018,Alex Gordon,"$16,000,000"
7213,2017-2018,Adam Jones,"$16,000,000"
7214,2017-2018,John Lackey,"$16,000,000"
7215,2017-2018,Mark Melancon,"$16,000,000"
7216,2017-2018,Aníbal Sánchez,"$16,000,000"
7217,2017-2018,Justin Turner,"$16,000,000"
7218,2017-2018,Ben Zobrist,"$16,000,000"
7219,2017-2018,Jake Arrieta,"$15,637,500"
7220,2017-2018,Max Scherzer,"$15,100,000"
7221,2017-2018,Elvis Andrus,"$15,000,000"
7222,2017-2018,Mike Leake,"$15,000,000"
7223,2017-2018,Stephen Strasburg,"$15,000,000"
7224,2017-2018,Giancarlo Stanton,"$14,500,000"
7225,2017-2018,Nelson Cruz,"$14,000,000"
7226,2017-2018,Marco Estrada,"$14,000,000"
7227,2017-2018,Yulieski Gurriel,"$14,000,000"
7228,2017-2018,J.J. Hardy,"$14,000,000"
7229,2017-2018,Chase Headley,"$14,000,000"
7230,2017-2018,Rich Hill,"$14,000,000"
7231,2017-2018,Hisashi Iwakuma,"$14,000,000"
7232,2017-2018,Kenley Jansen,"$14,000,000"
7233,2017-2018,Andrew McCutchen,"$14,000,000"
7234,2017-2018,Yadier Molina,"$14,000,000"
7235,2017-2018,Ryan Zimmerman,"$14,000,000"
7236,2017-2018,Bryce Harper,"$13,625,000"
7237,2017-2018,Clay Buchholz,"$13,500,000"
7238,2017-2018,Ubaldo Jiménez,"$13,500,000"
7239,2017-2018,Ian Kennedy,"$13,500,000"
7240,2017-2018,Ervin Santana,"$13,500,000"
7241,2017-2018,Phil Hughes,"$13,200,000"
7242,2017-2018,J.A. Happ,"$13,000,000"
7243,2017-2018,Greg Holland,"$13,000,000"
7244,2017-2018,Matt Holliday,"$13,000,000"
7245,2017-2018,Craig Kimbrel,"$13,000,000"
7246,2017-2018,Dustin Pedroia,"$13,000,000"
7247,2017-2018,Josh Reddick,"$13,000,000"
7248,2017-2018,Matt Garza,"$12,500,000"
7249,2017-2018,Eric Hosmer,"$12,250,000"
7250,2017-2018,Madison Bumgarner,"$12,000,000"
7251,2017-2018,Brett Gardner,"$12,000,000"
7252,2017-2018,Gio Gonzalez,"$12,000,000"
7253,2017-2018,Daniel Murphy,"$12,000,000"
7254,2017-2018,Chris Sale,"$12,000,000"
7255,2017-2018,Carlos Santana,"$12,000,000"
7256,2017-2018,Nolan Arenado,"$11,750,000"
7257,2017-2018,Denard Span,"$11,750,000"
7258,2017-2018,Evan Longoria,"$11,525,000"
7259,2017-2018,Carlos Gomez,"$11,500,000"
7260,2017-2018,Manny Machado,"$11,500,000"
7261,2017-2018,Brian McCann,"$11,500,000"
7262,2017-2018,Martín Prado,"$11,500,000"
7263,2017-2018,Mark Trumbo,"$11,500,000"
7264,2017-2018,Zack Britton,"$11,400,000"
7265,2017-2018,Lorenzo Cain,"$11,000,000"
7266,2017-2018,Yovani Gallardo,"$11,000,000"
7267,2017-2018,Ian Kinsler,"$11,000,000"
7268,2017-2018,Jose Abreu,"$10,825,000"
7269,2017-2018,Rusney Castillo,"$10,500,000"
7270,2017-2018,Nick Markakis,"$10,500,000"
7271,2017-2018,Kyle Seager,"$10,500,000"
7272,2017-2018,Chris Tillman,"$10,050,000"
7273,2017-2018,Andrew Cashner,"$10,000,000"
7274,2017-2018,Wade Davis,"$10,000,000"
7275,2017-2018,Brandon McCarthy,"$10,000,000"
7276,2017-2018,Kendrys Morales,"$10,000,000"
7277,2017-2018,James Shields,"$10,000,000"
7278,2017-2018,Matt Carpenter,"$9,750,000"
7279,2017-2018,Ivan Nova,"$9,750,000"
7280,2017-2018,Wei-Yin Chen,"$9,500,000"
7281,2017-2018,Matt Kemp,"$9,500,000"
7282,2017-2018,Dallas Keuchel,"$9,150,000"
7283,2017-2018,Starlin Castro,"$9,000,000"
7284,2017-2018,Francisco Cervelli,"$9,000,000"
7285,2017-2018,Jason Kipnis,"$9,000,000"
7286,2017-2018,Andrew Miller,"$9,000,000"
7287,2017-2018,Salvador Perez,"$9,000,000"
7288,2017-2018,Huston Street,"$9,000,000"
7289,2017-2018,Edinson Volquez,"$9,000,000"
7290,2017-2018,Charlie Morton,"$8,875,000"
7291,2017-2018,Paul Goldschmidt,"$8,850,000"
7292,2017-2018,Brandon Belt,"$8,800,000"
7293,2017-2018,Wade Miley,"$8,750,000"
7294,2017-2018,Mike Moustakas,"$8,700,000"
7295,2017-2018,Jason Castro,"$8,500,000"
7296,2017-2018,Brett Cecil,"$8,500,000"
7297,2017-2018,Lance Lynn,"$8,500,000"
7298,2017-2018,Asdrubal Cabrera,"$8,250,000"
7299,2017-2018,Brandon Crawford,"$8,000,000"
7300,2017-2018,Ian Desmond,"$8,000,000"
7301,2017-2018,Jon Jay,"$8,000,000"
7302,2017-2018,Scott Kazmir,"$8,000,000"
7303,2017-2018,Ricky Nolasco,"$8,000,000"
7304,2017-2018,Gerardo Parra,"$8,000,000"
7305,2017-2018,Hector Santiago,"$8,000,000"
7306,2017-2018,Andrelton Simmons,"$8,000,000"
7307,2017-2018,Joakim Soria,"$8,000,000"
7308,2017-2018,Jason Vargas,"$8,000,000"
7309,2017-2018,Corey Kluber,"$7,750,000"
7310,2017-2018,Michael Brantley,"$7,500,000"
7311,2017-2018,R.A. Dickey,"$7,500,000"
7312,2017-2018,Josh Harrison,"$7,500,000"
7313,2017-2018,Dee Strange-Gordon,"$7,500,000"
7314,2017-2018,Michael Pineda,"$7,400,000"
7315,2017-2018,Cody Allen,"$7,350,000"
7316,2017-2018,Charlie Blackmon,"$7,300,000"
7317,2017-2018,Kenta Maeda,"$7,250,000"
7318,2017-2018,Devin Mesoraco,"$7,200,000"
7319,2017-2018,Yunel Escobar,"$7,000,000"
7320,2017-2018,Matt Moore,"$7,000,000"
7321,2017-2018,Anthony Rizzo,"$7,000,000"
7322,2017-2018,Hyun-Jin Ryu,"$7,000,000"
7323,2017-2018,Seth Smith,"$7,000,000"
7324,2017-2018,Brad Ziegler,"$7,000,000"
7325,2017-2018,Miguel Montero,"$6,961,773"
7326,2017-2018,Garrett Richards,"$6,850,000"
7327,2017-2018,Drew Smyly,"$6,850,000"
7328,2017-2018,Jeurys Familia,"$6,816,393"
7329,2017-2018,A.J. Pollock,"$6,750,000"
7330,2017-2018,Jesse Chavez,"$6,550,000"
7331,2017-2018,Carlos Carrasco,"$6,500,000"
7332,2017-2018,Alcides Escobar,"$6,500,000"
7333,2017-2018,Jed Lowrie,"$6,500,000"
7334,2017-2018,Glen Perkins,"$6,500,000"
7335,2017-2018,Yasiel Puig,"$6,500,000"
7336,2017-2018,Luis Valbuena,"$6,500,000"
7337,2017-2018,Chris Young,"$6,500,000"
7338,2017-2018,Trevor Rosenthal,"$6,400,000"
7339,2017-2018,Julio Teherán,"$6,300,000"
7340,2017-2018,David Freese,"$6,250,000"
7341,2017-2018,Luke Gregerson,"$6,250,000"
7342,2017-2018,Steven Pearce,"$6,250,000"
7343,2017-2018,Jean Segura,"$6,200,000"
7344,2017-2018,Jeremy Hellickson,"$6,109,289"
7345,2017-2018,Brian Dozier,"$6,025,000"
7346,2017-2018,Kole Calhoun,"$6,000,000"
7347,2017-2018,Welington Castillo,"$6,000,000"
7348,2017-2018,Jim Johnson,"$6,000,000"
7349,2017-2018,Mike Napoli,"$6,000,000"
7350,2017-2018,Darren O'Day,"$6,000,000"
7351,2017-2018,Tony Sipp,"$6,000,000"
7352,2017-2018,Yasmany Tomas,"$6,000,000"
7353,2017-2018,Koji Uehara,"$6,000,000"
7354,2017-2018,Jake McGee,"$5,900,000"
7355,2017-2018,Anthony Rendon,"$5,800,000"
7356,2017-2018,Héctor Rondón,"$5,800,000"
7357,2017-2018,Logan Forsythe,"$5,750,000"
7358,2017-2018,Jerry Blevins,"$5,500,000"
7359,2017-2018,Santiago Casilla,"$5,500,000"
7360,2017-2018,Zach Duke,"$5,500,000"
7361,2017-2018,Yasmani Grandal,"$5,500,000"
7362,2017-2018,Daniel Hudson,"$5,500,000"
7363,2017-2018,Ender Inciarte,"$5,500,000"
7364,2017-2018,Shawn Kelley,"$5,500,000"
7365,2017-2018,Boone Logan,"$5,500,000"
7366,2017-2018,Mitch Moreland,"$5,500,000"
7367,2017-2018,Marc Rzepczynski,"$5,500,000"
7368,2017-2018,Pedro Strop,"$5,500,000"
7369,2017-2018,Danny Valencia,"$5,500,000"
7370,2017-2018,Matt Wieters,"$5,500,000"
7371,2017-2018,Danny Espinosa,"$5,425,000"
7372,2017-2018,Zack Cozart,"$5,325,000"
7373,2017-2018,Kelvin Herrera,"$5,325,000"
7374,2017-2018,Evan Gattis,"$5,200,000"
7375,2017-2018,Didi Gregorius,"$5,100,000"
7376,2017-2018,Matt Harvey,"$5,040,983"
7377,2017-2018,Khris Davis,"$5,000,000"
7378,2017-2018,Danny Duffy,"$5,000,000"
7379,2017-2018,Jason Hammel,"$5,000,000"
7380,2017-2018,Junichi Tazawa,"$5,000,000"
7381,2017-2018,Todd Frazier,"$4,983,624"
7382,2017-2018,David Robertson,"$4,983,624"
7383,2017-2018,Matt Joyce,"$4,945,356"
7384,2017-2018,J.D. Martinez,"$4,879,808"
7385,2017-2018,D.J. LeMahieu,"$4,800,000"
7386,2017-2018,Chris Archer,"$4,750,000"
7387,2017-2018,Justin Verlander,"$4,743,169"
7388,2017-2018,Shelby Miller,"$4,700,000"
7389,2017-2018,Bryan Shaw,"$4,600,000"
7390,2017-2018,Jose Altuve,"$4,500,000"
7391,2017-2018,Xander Bogaerts,"$4,500,000"
7392,2017-2018,Yan Gomes,"$4,500,000"
7393,2017-2018,Juan Lagares,"$4,500,000"
7394,2017-2018,Carlos Martinez,"$4,500,000"
7395,2017-2018,Carlos Ruiz,"$4,500,000"
7396,2017-2018,Eric Thames,"$4,500,000"
7397,2017-2018,Francisco Liriano,"$4,475,394"
7398,2017-2018,Drew Pomeranz,"$4,450,000"
7399,2017-2018,Tyler Chatwood,"$4,400,000"
7400,2017-2018,Martín Pérez,"$4,400,000"
7401,2017-2018,Freddy Galvis,"$4,350,000"
7402,2017-2018,Jordy Mercer,"$4,325,000"
7403,2017-2018,Tanner Roark,"$4,315,000"
7404,2017-2018,Lonnie Chisenhall,"$4,300,000"
7405,2017-2018,Wily Peralta,"$4,275,000"
7406,2017-2018,Alex Cobb,"$4,200,000"
7407,2017-2018,Jeanmar Gomez,"$4,200,000"
7408,2017-2018,Justin Smoak,"$4,125,000"
7409,2017-2018,Jose Iglesias,"$4,100,000"
7410,2017-2018,Jake Odorizzi,"$4,100,000"
7411,2017-2018,Jacob deGrom,"$4,050,000"
7412,2017-2018,Erisbel Arruebarrena,"$4,000,000"
7413,2017-2018,Mike Dunn,"$4,000,000"
7414,2017-2018,Adam Eaton,"$4,000,000"
7415,2017-2018,John Jaso,"$4,000,000"
7416,2017-2018,Kevin Kiermaier,"$4,000,000"
7417,2017-2018,Mike Minor,"$4,000,000"
7418,2017-2018,Oliver Perez,"$4,000,000"
7419,2017-2018,Wilson Ramos,"$4,000,000"
7420,2017-2018,Ben Revere,"$4,000,000"
7421,2017-2018,Fernando Rodney,"$4,000,000"
7422,2017-2018,Patrick Corbin,"$3,950,000"
7423,2017-2018,George Springer,"$3,900,000"
7424,2017-2018,Collin McHugh,"$3,850,000"
7425,2017-2018,Yu Darvish,"$3,786,867"
7426,2017-2018,Jay Bruce,"$3,765,014"
7427,2017-2018,Gerrit Cole,"$3,750,000"
7428,2017-2018,Brandon Moss,"$3,750,000"
7429,2017-2018,Marwin Gonzalez,"$3,725,000"
7430,2017-2018,Curtis Granderson,"$3,606,548"
7431,2017-2018,Jackie Bradley Jr.,"$3,600,000"
7432,2017-2018,Tyler Flowers,"$3,600,000"
7433,2017-2018,Lourdes Gurriel Jr.,"$3,600,000"
7434,2017-2018,Brad Miller,"$3,575,000"
7435,2017-2018,Howie Kendrick,"$3,551,912"
7436,2017-2018,Trevor Bauer,"$3,550,000"
7437,2017-2018,Kevin Gausman,"$3,550,000"
7438,2017-2018,Sam Dyson,"$3,520,000"
7439,2017-2018,Stephen Drew,"$3,500,000"
7440,2017-2018,Raisel Iglesias,"$3,500,000"
7441,2017-2018,Marcell Ozuna,"$3,500,000"
7442,2017-2018,Christian Yelich,"$3,500,000"
7443,2017-2018,Jonathan Schoop,"$3,475,000"
7444,2017-2018,Michael Fiers,"$3,450,000"
7445,2017-2018,Danny Salazar,"$3,400,000"
7446,2017-2018,Marcus Stroman,"$3,400,000"
7447,2017-2018,Matt Shoemaker,"$3,325,000"
7448,2017-2018,Ryan Madson,"$3,196,752"
7449,2017-2018,Jordan Lyles,"$3,175,000"
7450,2017-2018,Drew Storen,"$3,150,000"
7451,2017-2018,Jose Quintana,"$3,098,331"
7452,2017-2018,Brad Brach,"$3,050,000"
7453,2017-2018,Corey Dickerson,"$3,025,000"
7454,2017-2018,Dellin Betances,"$3,000,000"
7455,2017-2018,Andres Blanco,"$3,000,000"
7456,2017-2018,Nick Castellanos,"$3,000,000"
7457,2017-2018,Scott Feldman,"$3,000,000"
7458,2017-2018,Avisaíl García,"$3,000,000"
7459,2017-2018,Odubel Herrera,"$3,000,000"
7460,2017-2018,Jeff Locke,"$3,000,000"
7461,2017-2018,Rougned Odor,"$3,000,000"
7462,2017-2018,Stephen Piscotty,"$3,000,000"
7463,2017-2018,Jorge Soler,"$3,000,000"
7464,2017-2018,Josh Tomlin,"$3,000,000"
7465,2017-2018,Justin Upton,"$3,000,000"
7466,2017-2018,Neil Walker,"$3,000,000"
7467,2017-2018,Kyle Gibson,"$2,900,000"
7468,2017-2018,Darwin Barney,"$2,887,500"
7469,2017-2018,José Ramírez,"$2,871,400"
7470,2017-2018,Starling Marte,"$2,814,207"
7471,2017-2018,Matt Adams,"$2,800,000"
7472,2017-2018,Jarrod Dyson,"$2,800,000"
7473,2017-2018,Joe Kelly,"$2,800,000"
7474,2017-2018,Alex Wood,"$2,800,000"
7475,2017-2018,Colby Rasmus,"$2,786,918"
7476,2017-2018,Michael Wacha,"$2,775,000"
7477,2017-2018,Logan Morrison,"$2,750,000"
7478,2017-2018,Seunghwan Oh,"$2,750,000"
7479,2017-2018,Byung-ho Park,"$2,750,000"
7480,2017-2018,Yangervis Solarte,"$2,750,000"
7481,2017-2018,Addison Reed,"$2,668,050"
7482,2017-2018,Lucas Duda,"$2,654,339"
7483,2017-2018,Billy Hamilton,"$2,625,000"
7484,2017-2018,Melky Cabrera,"$2,622,944"
7485,2017-2018,Eduardo Escobar,"$2,600,000"
7486,2017-2018,Franklin Gutierrez,"$2,600,000"
7487,2017-2018,Joaquin Benoit,"$2,581,992"
7488,2017-2018,Jake Diekman,"$2,550,000"
7489,2017-2018,César Hernández,"$2,550,000"
7490,2017-2018,Scooter Gennett,"$2,525,000"
7491,2017-2018,A.J. Ellis,"$2,500,000"
7492,2017-2018,Adolis García,"$2,500,000"
7493,2017-2018,Jedd Gyorko,"$2,500,000"
7494,2017-2018,Yaisel Sierra,"$2,500,000"
7495,2017-2018,Will Smith,"$2,500,000"
7496,2017-2018,Kolten Wong,"$2,500,000"
7497,2017-2018,Chase Anderson,"$2,450,000"
7498,2017-2018,Pat Neshek,"$2,379,773"
7499,2017-2018,James Paxton,"$2,350,000"
7500,2017-2018,Sean Rodriguez,"$2,334,699"
7501,2017-2018,Adeiny Hechavarria,"$2,329,460"
7502,2017-2018,A.J. Ramos,"$2,326,480"
7503,2017-2018,Drew Hutchison,"$2,300,000"
7504,2017-2018,Chris Owings,"$2,300,000"
7505,2017-2018,Adam Warren,"$2,290,000"
7506,2017-2018,Dustin Ackley,"$2,250,000"
7507,2017-2018,Jorge De La Rosa,"$2,250,000"
7508,2017-2018,Cliff Pennington,"$2,250,000"
7509,2017-2018,Yusmeiro Petit,"$2,250,000"
7510,2017-2018,Chase Utley,"$2,250,000"
7511,2017-2018,Taijuan Walker,"$2,250,000"
7512,2017-2018,Doug Fister,"$2,200,000"
7513,2017-2018,Wilmer Flores,"$2,200,000"
7514,2017-2018,Will Harris,"$2,200,000"
7515,2017-2018,Carlos Torres,"$2,175,000"
7516,2017-2018,Steve Cishek,"$2,163,942"
7517,2017-2018,Erasmo Ramirez,"$2,127,082"
7518,2017-2018,Adam Ottavino,"$2,100,000"
7519,2017-2018,Matt Belisle,"$2,050,000"
7520,2017-2018,Tyler Thornburg,"$2,050,000"
7521,2017-2018,Fernando Abad,"$2,000,000"
7522,2017-2018,Pedro Alvarez,"$2,000,000"
7523,2017-2018,Aledmys Diaz,"$2,000,000"
7524,2017-2018,Brian Duensing,"$2,000,000"
7525,2017-2018,Nathan Eovaldi,"$2,000,000"
7526,2017-2018,A.J. Griffin,"$2,000,000"
7527,2017-2018,Brandon Guyer,"$2,000,000"
7528,2017-2018,Nick Hundley,"$2,000,000"
7529,2017-2018,Jeff Mathis,"$2,000,000"
7530,2017-2018,Jon Singleton,"$2,000,000"
7531,2017-2018,Geovany Soto,"$2,000,000"
7532,2017-2018,Ichiro Suzuki,"$2,000,000"
7533,2017-2018,Robinson Chirinos,"$1,950,000"
7534,2017-2018,Brock Holt,"$1,950,000"
7535,2017-2018,Tony Watson,"$1,927,863"
7536,2017-2018,Nate Jones,"$1,900,000"
7537,2017-2018,Nori Aoki,"$1,893,465"
7538,2017-2018,Travis d'Arnaud,"$1,875,000"
7539,2017-2018,David Phelps,"$1,860,138"
7540,2017-2018,Jonathan Lucroy,"$1,836,096"
7541,2017-2018,Justin Grimm,"$1,825,000"
7542,2017-2018,Zach McAllister,"$1,825,000"
7543,2017-2018,Robbie Ross,"$1,825,000"
7544,2017-2018,Ryan Flaherty,"$1,800,000"
7545,2017-2018,Adam Lind,"$1,800,000"
7546,2017-2018,Christian Friedrich,"$1,790,000"
7547,2017-2018,Randall Delgado,"$1,775,000"
7548,2017-2018,Matt Albers,"$1,750,000"
7549,2017-2018,Erick Aybar,"$1,750,000"
7550,2017-2018,Tony Barnette,"$1,750,000"
7551,2017-2018,Jhoulys Chacin,"$1,750,000"
7552,2017-2018,Dustin McGowan,"$1,750,000"
7553,2017-2018,Bud Norris,"$1,750,000"
7554,2017-2018,Clayton Richard,"$1,750,000"
7555,2017-2018,Martin Maldonado,"$1,725,000"
7556,2017-2018,Derek Dietrich,"$1,700,000"
7557,2017-2018,Tyler Clippard,"$1,646,743"
7558,2017-2018,Dylan Bundy,"$1,640,000"
7559,2017-2018,Kevin Siegrist,"$1,637,500"
7560,2017-2018,Stephen Vogt,"$1,603,998"
7561,2017-2018,Brad Boxberger,"$1,600,000"
7562,2017-2018,Kurt Suzuki,"$1,600,000"
7563,2017-2018,Jose Lobaton,"$1,575,000"
7564,2017-2018,Cameron Maybin,"$1,573,760"
7565,2017-2018,Eduardo Nunez,"$1,560,668"
7566,2017-2018,Arodys Vizcaino,"$1,550,000"
7567,2017-2018,Jason Grilli,"$1,508,156"
7568,2017-2018,Luis Avilan,"$1,500,000"
7569,2017-2018,Drew Butera,"$1,500,000"
7570,2017-2018,Jae-gyun Hwang,"$1,500,000"
7571,2017-2018,Chris Iannetta,"$1,500,000"
7572,2017-2018,Austin Jackson,"$1,500,000"
7573,2017-2018,Mat Latos,"$1,500,000"
7574,2017-2018,Mark Reynolds,"$1,500,000"
7575,2017-2018,Hyun-soo Kim,"$1,491,165"
7576,2017-2018,Conor Gillaspie,"$1,400,000"
7577,2017-2018,Tommy Hunter,"$1,400,000"
7578,2017-2018,Chris Stewart,"$1,400,000"
7579,2017-2018,Joba Chamberlain,"$1,375,000"
7580,2017-2018,Brad Hand,"$1,375,000"
7581,2017-2018,Sean Doolittle,"$1,358,224"
7582,2017-2018,Tom Koehler,"$1,351,103"
7583,2017-2018,Peter Bourjos,"$1,350,000"
7584,2017-2018,Daniel Descalso,"$1,350,000"
7585,2017-2018,Aaron Hicks,"$1,350,000"
7586,2017-2018,Daniel Nava,"$1,350,000"
7587,2017-2018,Ruben Tejada,"$1,350,000"
7588,2017-2018,Nick Vincent,"$1,325,000"
7589,2017-2018,Xavier Cedeño,"$1,300,000"
7590,2017-2018,Sandy León,"$1,300,000"
7591,2017-2018,Andrew Romine,"$1,300,000"
7592,2017-2018,Dian Toscano,"$1,300,000"
7593,2017-2018,Rajai Davis,"$1,278,693"
7594,2017-2018,Ike Davis,"$1,250,000"
7595,2017-2018,Ryan Hanigan,"$1,250,000"
7596,2017-2018,Chris Heisey,"$1,250,000"
7597,2017-2018,Seth Maness,"$1,250,000"
7598,2017-2018,Tommy Milone,"$1,250,000"
7599,2017-2018,Bryan Morris,"$1,250,000"
7600,2017-2018,Brandon Morrow,"$1,250,000"
7601,2017-2018,Eric O'Flaherty,"$1,250,000"
7602,2017-2018,Yonder Alonso,"$1,245,906"
7603,2017-2018,Sonny Gray,"$1,230,768"
7604,2017-2018,Josh Collmenter,"$1,200,000"
7605,2017-2018,Sergio Romo,"$1,180,296"
7606,2017-2018,Ryan Pressly,"$1,175,000"
7607,2017-2018,Zach Putnam,"$1,175,000"
7608,2017-2018,Alex Wilson,"$1,175,000"
7609,2017-2018,Ezequiel Carrera,"$1,162,500"
7610,2017-2018,Aaron Loup,"$1,125,000"
7611,2017-2018,Vidal Nuno,"$1,125,000"
7612,2017-2018,Alexi Amarista,"$1,100,000"
7613,2017-2018,Casey Fien,"$1,100,000"
7614,2017-2018,Johnny Giavotella,"$1,100,000"
7615,2017-2018,Liam Hendriks,"$1,100,000"
7616,2017-2018,Jake Marisnick,"$1,100,000"
7617,2017-2018,Tommy Layne,"$1,075,000"
7618,2017-2018,Trevor Plouffe,"$1,069,723"
7619,2017-2018,Kris Bryant,"$1,050,000"
7620,2017-2018,Josh Fields,"$1,050,000"
7621,2017-2018,Cory Gearrin,"$1,050,000"
7622,2017-2018,Dan Otero,"$1,050,000"
7623,2017-2018,Roberto Pérez,"$1,050,000"
7624,2017-2018,Joe Smith,"$1,032,759"
7625,2017-2018,Jacob Lindgren,"$1,025,000"
7626,2017-2018,Brandon Kintzler,"$1,006,992"
7627,2017-2018,Jurickson Profar,"$1,005,000"
7628,2017-2018,Andrew Bailey,"$1,000,000"
7629,2017-2018,Grégor Blanco,"$1,000,000"
7630,2017-2018,Joe Blanton,"$1,000,000"
7631,2017-2018,Tom Gorzelanny,"$1,000,000"
7632,2017-2018,Kyle Kendrick,"$1,000,000"
7633,2017-2018,James Loney,"$1,000,000"
7634,2017-2018,Kris Medlen,"$1,000,000"
7635,2017-2018,Tyler Moore,"$1,000,000"
7636,2017-2018,Peter Moylan,"$1,000,000"
7637,2017-2018,Gregory Polanco,"$1,000,000"
7638,2017-2018,Nick Tepesch,"$1,000,000"
7639,2017-2018,Shawn Tolleson,"$1,000,000"
7640,2017-2018,Bobby Wilson,"$1,000,000"
7641,2017-2018,Miguel Gonzalez,"$999,440"
7642,2017-2018,Carter Capps,"$987,500"
7643,2017-2018,Tanner Scheppers,"$975,000"
7644,2017-2018,Mookie Betts,"$950,000"
7645,2017-2018,Hank Conger,"$950,000"
7646,2017-2018,Chris Gimenez,"$950,000"
7647,2017-2018,Jared Hughes,"$950,000"
7648,2017-2018,Chris Herrmann,"$937,500"
7649,2017-2018,Justin Wilson,"$929,502"
7650,2017-2018,Evan Scribner,"$907,500"
7651,2017-2018,Danny Farquhar,"$900,000"
7652,2017-2018,J.J. Hoover,"$900,000"
7653,2017-2018,Ian Krol,"$900,000"
7654,2017-2018,Craig Stammen,"$900,000"
7655,2017-2018,Tim Anderson,"$850,000"
7656,2017-2018,Jake Petricka,"$825,000"
7657,2017-2018,Leonys Martin,"$821,593"
7658,2017-2018,Elian Leyva,"$810,000"
7659,2017-2018,Austin Romine,"$805,000"
7660,2017-2018,Bruce Rondón,"$800,000"
7661,2017-2018,Zack Wheeler,"$800,000"
7662,2017-2018,Guillermo Heredia,"$782,000"
7663,2017-2018,Kyle Hendricks,"$760,500"
7664,2017-2018,Wade LeBlanc,"$750,000"
7665,2017-2018,Héctor Sánchez,"$750,000"
7666,2017-2018,Brandon Maurer,"$726,775"
7667,2017-2018,Jeremy Jeffress,"$722,925"
7668,2017-2018,Chaz Roe,"$720,000"
7669,2017-2018,Caleb Joseph,"$700,000"
7670,2017-2018,Alex Avila,"$688,527"
7671,2017-2018,Josh Edgin,"$675,000"
7672,2017-2018,Eric Fryer,"$675,000"
7673,2017-2018,Matt Reynolds,"$675,000"
7674,2017-2018,Trevor Cahill,"$669,410"
7675,2017-2018,Addison Russell,"$644,000"
7676,2017-2018,Tuffy Gosewisch,"$635,000"
7677,2017-2018,Brandon Workman,"$635,000"
7678,2017-2018,Jesús Sucre,"$630,000"
7679,2017-2018,Tony Cingrani,"$628,299"
7680,2017-2018,Javier Báez,"$609,000"
7681,2017-2018,Noah Syndergaard,"$605,500"
7682,2017-2018,Ehire Adrianza,"$600,000"
7683,2017-2018,Michael Martínez,"$600,000"
7684,2017-2018,Joe Panik,"$600,000"
7685,2017-2018,Carlos Rodon,"$600,000"
7686,2017-2018,Josh Rutledge,"$600,000"
7687,2017-2018,Chase d'Arnaud,"$600,000"
7688,2017-2018,Eugenio Suarez,"$595,000"
7689,2017-2018,Steven Wright,"$593,500"
7690,2017-2018,Anthony DeSclafani,"$585,000"
7691,2017-2018,Eduardo Rodriguez,"$584,500"
7692,2017-2018,Francisco Lindor,"$579,300"
7693,2017-2018,Adam Duvall,"$577,500"
7694,2017-2018,Tucker Barnhart,"$575,000"
7695,2017-2018,Pete Kozma,"$575,000"
7696,2017-2018,Corey Seager,"$575,000"
7697,2017-2018,Jake Lamb,"$573,300"
7698,2017-2018,Miguel Sano,"$572,500"
7699,2017-2018,David Peralta,"$572,200"
7700,2017-2018,Nate Karns,"$571,000"
7701,2017-2018,Mike Montgomery,"$570,500"
7702,2017-2018,Robbie Ray,"$570,400"
7703,2017-2018,Mike Zunino,"$570,000"
7704,2017-2018,Brandon Finnegan,"$567,000"
7705,2017-2018,Jarred Cosart,"$566,300"
7706,2017-2018,Nick Ahmed,"$566,000"
7707,2017-2018,C.J. Cron,"$565,000"
7708,2017-2018,Cameron Rupp,"$565,000"
7709,2017-2018,Felipe Vázquez,"$564,500"
7710,2017-2018,Christian Colon,"$564,000"
7711,2017-2018,Matt Barnes,"$563,500"
7712,2017-2018,J.T. Realmuto,"$562,500"
7713,2017-2018,Steven Matz,"$562,250"
7714,2017-2018,Ronald Torreyes,"$561,900"
7715,2017-2018,Christian Vazquez,"$561,000"
7716,2017-2018,Maikel Franco,"$560,000"
7717,2017-2018,Blake Parker,"$560,000"
7718,2017-2018,Andrew Chafin,"$559,300"
7719,2017-2018,Brandon Drury,"$559,300"
7720,2017-2018,Gary Sánchez,"$557,900"
7721,2017-2018,Hector Neris,"$557,500"
7722,2017-2018,Carson Smith,"$556,750"
7723,2017-2018,C.J. Edwards,"$556,000"
7724,2017-2018,Jameson Taillon,"$555,500"
7725,2017-2018,Cam Bedrosian,"$555,000"
7726,2017-2018,Yimi Garcia,"$555,000"
7727,2017-2018,Enrique Hernandez,"$555,000"
7728,2017-2018,Michael Lorenzen,"$555,000"
7729,2017-2018,Trevor May,"$555,000"
7730,2017-2018,Kevin Pillar,"$555,000"
7731,2017-2018,Tyler Skaggs,"$555,000"
7732,2017-2018,Hunter Strickland,"$555,000"
7733,2017-2018,Michael Conforto,"$554,904"
7734,2017-2018,Trea Turner,"$554,900"
7735,2017-2018,George Kontos,"$554,654"
7736,2017-2018,Chris Devenski,"$554,500"
7737,2017-2018,Jonathan Villar,"$554,500"
7738,2017-2018,Hansel Robles,"$553,125"
7739,2017-2018,Justin Bour,"$552,500"
7740,2017-2018,Robbie Grossman,"$552,500"
7741,2017-2018,Eddie Rosario,"$552,500"
7742,2017-2018,Roberto Osuna,"$552,400"
7743,2017-2018,Cheslor Cuthbert,"$552,250"
7744,2017-2018,James McCann,"$552,100"
7745,2017-2018,Dan Straily,"$552,100"
7746,2017-2018,Albert Almora,"$552,000"
7747,2017-2018,Jerad Eickhoff,"$552,000"
7748,2017-2018,Michael Fulmer,"$551,900"
7749,2017-2018,Michael A. Taylor,"$551,869"
7750,2017-2018,Enny Romero,"$551,000"
7751,2017-2018,Luis Severino,"$550,975"
7752,2017-2018,Shane Greene,"$550,600"
7753,2017-2018,Ken Giles,"$550,100"
7754,2017-2018,Pedro Baez,"$550,000"
7755,2017-2018,Chad Kuhl,"$550,000"
7756,2017-2018,Jesús Montero,"$550,000"
7757,2017-2018,J.C. Ramírez,"$550,000"
7758,2017-2018,Tyler Lyons,"$549,800"
7759,2017-2018,Adam Frazier,"$549,500"
7760,2017-2018,Matt Szczur,"$549,500"
7761,2017-2018,Josh Bell,"$549,000"
7762,2017-2018,Andrew Benintendi,"$549,000"
7763,2017-2018,Marco Hernandez,"$548,500"
7764,2017-2018,Ryan Goins,"$548,200"
7765,2017-2018,Dominic Leone,"$548,200"
7766,2017-2018,Lance McCullers,"$548,000"
7767,2017-2018,Alex Colomé,"$547,900"
7768,2017-2018,Greg Garcia,"$547,900"
7769,2017-2018,Adonis García,"$547,500"
7770,2017-2018,Max Kepler,"$547,500"
7771,2017-2018,Heath Hembree,"$547,000"
7772,2017-2018,Jimmy Nelson,"$547,000"
7773,2017-2018,Tyler Saladino,"$547,000"
7774,2017-2018,Vince Velasquez,"$547,000"
7775,2017-2018,Steven Souza,"$546,700"
7776,2017-2018,Matt Bowman,"$546,600"
7777,2017-2018,Nomar Mazara,"$546,450"
7778,2017-2018,Kyle Ryan,"$546,400"
7779,2017-2018,Zach Davies,"$546,200"
7780,2017-2018,Ryan Schimpf,"$546,200"
7781,2017-2018,Mychal Givens,"$546,000"
7782,2017-2018,Yolmer Sánchez,"$546,000"
7783,2017-2018,Colin Rea,"$545,800"
7784,2017-2018,Hernán Pérez,"$545,700"
7785,2017-2018,Greg Bird,"$545,500"
7786,2017-2018,Robbie Erlin,"$545,500"
7787,2017-2018,Daniel Norris,"$545,500"
7788,2017-2018,Matt Duffy,"$545,300"
7789,2017-2018,Devon Travis,"$545,200"
7790,2017-2018,Álex Claudio,"$545,050"
7791,2017-2018,Edwin Diaz,"$545,000"
7792,2017-2018,Kendall Graveman,"$545,000"
7793,2017-2018,Josh Phegley,"$545,000"
7794,2017-2018,Chris Rusin,"$545,000"
7795,2017-2018,Danny Santana,"$545,000"
7796,2017-2018,Marcus Semien,"$545,000"
7797,2017-2018,Jake Smolinski,"$545,000"
7798,2017-2018,Cory Spangenberg,"$545,000"
7799,2017-2018,Tyler Wilson,"$545,000"
7800,2017-2018,Dan Winkler,"$545,000"
7801,2017-2018,Matt Bush,"$544,920"
7802,2017-2018,Willson Contreras,"$544,500"
7803,2017-2018,Aaron Judge,"$544,500"
7804,2017-2018,Travis Shaw,"$544,400"
7805,2017-2018,Luis Perdomo,"$544,300"
7806,2017-2018,Matthew Boyd,"$544,200"
7807,2017-2018,Archie Bradley,"$544,100"
7808,2017-2018,Mike Foltynewicz,"$544,000"
7809,2017-2018,Aaron Nola,"$544,000"
7810,2017-2018,Trevor Williams,"$544,000"
7811,2017-2018,Whit Merrifield,"$543,750"
7812,2017-2018,Seth Lugo,"$543,500"
7813,2017-2018,Keone Kela,"$543,210"
7814,2017-2018,Andrew Heaney,"$543,000"
7815,2017-2018,Tommy Joseph,"$543,000"
7816,2017-2018,Bo Schultz,"$543,000"
7817,2017-2018,Kelby Tomlinson,"$543,000"
7818,2017-2018,Ryan Tepera,"$542,700"
7819,2017-2018,Tyler Duffey,"$542,500"
7820,2017-2018,Taylor Rogers,"$542,500"
7821,2017-2018,Nick Tropeano,"$542,500"
7822,2017-2018,Domingo Santana,"$542,200"
7823,2017-2018,Christian Bethancourt,"$541,800"
7824,2017-2018,Luis Sardiñas,"$541,800"
7825,2017-2018,Alex Dickerson,"$541,500"
7826,2017-2018,Alen Hanson,"$541,500"
7827,2017-2018,Brad Peacock,"$541,500"
7828,2017-2018,Mikie Mahtook,"$541,300"
7829,2017-2018,Tyler Glasnow,"$541,000"
7830,2017-2018,Rob Scahill,"$540,700"
7831,2017-2018,Ariel Miranda,"$540,500"
7832,2017-2018,Delino DeShields,"$540,300"
7833,2017-2018,Cristhian Adames,"$540,000"
7834,2017-2018,Tyler Anderson,"$540,000"
7835,2017-2018,Austin Barnes,"$540,000"
7836,2017-2018,Grant Dayton,"$540,000"
7837,2017-2018,Ryan Dull,"$540,000"
7838,2017-2018,Jon Gray,"$540,000"
7839,2017-2018,Omar Narváez,"$540,000"
7840,2017-2018,Ryan O'Rourke,"$540,000"
7841,2017-2018,José Peraza,"$540,000"
7842,2017-2018,Jorge Polanco,"$540,000"
7843,2017-2018,Scott Schebler,"$540,000"
7844,2017-2018,Trevor Story,"$540,000"
7845,2017-2018,Ross Stripling,"$540,000"
7846,2017-2018,Andrew Toles,"$540,000"
7847,2017-2018,Michael Ynoa,"$540,000"
7848,2017-2018,T.J. Rivera,"$539,958"
7849,2017-2018,Jett Bandy,"$539,800"
7850,2017-2018,Dario Álvarez,"$539,790"
7851,2017-2018,Tony Zych,"$539,600"
7852,2017-2018,Socrates Brito,"$539,500"
7853,2017-2018,Alex Bregman,"$539,400"
7854,2017-2018,Cody Anderson,"$539,100"
7855,2017-2018,Adam Morgan,"$539,000"
7856,2017-2018,Jarrett Parker,"$539,000"
7857,2017-2018,Dalton Pompey,"$539,000"
7858,2017-2018,Matt Purke,"$539,000"
7859,2017-2018,Corey Knebel,"$538,900"
7860,2017-2018,Aaron Altherr,"$538,500"
7861,2017-2018,Koda Glover,"$538,300"
7862,2017-2018,Steve Hathaway,"$538,200"
7863,2017-2018,Manuel Pina,"$538,200"
7864,2017-2018,Orlando Arcia,"$538,100"
7865,2017-2018,Mitch Haniger,"$538,000"
7866,2017-2018,Wilmer Difo,"$537,800"
7867,2017-2018,Dixon Machado,"$537,800"
7868,2017-2018,Jacob Barnes,"$537,700"
7869,2017-2018,Taylor Jungmann,"$537,600"
7870,2017-2018,Mauricio Cabrera,"$537,500"
7871,2017-2018,Adam Conley,"$537,500"
7872,2017-2018,Danny Coulombe,"$537,500"
7873,2017-2018,Tyler Cravy,"$537,500"
7874,2017-2018,Ryon Healy,"$537,500"
7875,2017-2018,Sean Manaea,"$537,500"
7876,2017-2018,Miguel Socolovich,"$537,500"
7877,2017-2018,Andrew Triggs,"$537,500"
7878,2017-2018,Rob Whalen,"$537,500"
7879,2017-2018,Hanser Alberto,"$537,360"
7880,2017-2018,Jandel Gustave,"$537,200"
7881,2017-2018,Joey Gallo,"$537,120"
7882,2017-2018,Austin Hedges,"$537,100"
7883,2017-2018,Matt Davidson,"$537,000"
7884,2017-2018,Andrew Faulkner,"$537,000"
7885,2017-2018,Chi Chi Gonzalez,"$537,000"
7886,2017-2018,Gorkys Hernández,"$537,000"
7887,2017-2018,Josh Smoker,"$536,625"
7888,2017-2018,Dillon Overton,"$536,600"
7889,2017-2018,Kyle Barraclough,"$536,500"
7890,2017-2018,Ty Blach,"$536,500"
7891,2017-2018,James Pazos,"$536,500"
7892,2017-2018,Jose Ramirez,"$536,250"
7893,2017-2018,Shae Simmons,"$536,200"
7894,2017-2018,David Paulino,"$536,100"
7895,2017-2018,Jesús Aguilar,"$536,000"
7896,2017-2018,Eddie Gamboa,"$536,000"
7897,2017-2018,Adrian Houser,"$536,000"
7898,2017-2018,Jose Leclerc,"$536,000"
7899,2017-2018,Trey Mancini,"$536,000"
7900,2017-2018,Charlie Tilson,"$536,000"
7901,2017-2018,Jose De Leon,"$535,600"
7902,2017-2018,Manuel Margot,"$535,600"
7903,2017-2018,Jose Torres,"$535,400"
7904,2017-2018,Tim Adleman,"$535,000"
7905,2017-2018,Scott Alexander,"$535,000"
7906,2017-2018,Anthony Alford,"$535,000"
7907,2017-2018,Miguel Almonte,"$535,000"
7908,2017-2018,Matt Andriese,"$535,000"
7909,2017-2018,Jayson Aquino,"$535,000"
7910,2017-2018,Jonathan Aro,"$535,000"
7911,2017-2018,Christian Arroyo,"$535,000"
7912,2017-2018,Cody Asche,"$535,000"
7913,2017-2018,Barrett Astin,"$535,000"
7914,2017-2018,Carlos Asuaje,"$535,000"
7915,2017-2018,Danny Barnes,"$535,000"
7916,2017-2018,Anthony Bass,"$535,000"
7917,2017-2018,Chris Beck,"$535,000"
7918,2017-2018,Jeff Beliveau,"$535,000"
7919,2017-2018,José Berríos,"$535,000"
7920,2017-2018,Austin Bibens-Dirkx,"$535,000"
7921,2017-2018,Jorge Bonifacio,"$535,000"
7922,2017-2018,John Bormann,"$535,000"
7923,2017-2018,Blaine Boyer,"$535,000"
7924,2017-2018,Parker Bridwell,"$535,000"
7925,2017-2018,Jake Buchanan,"$535,000"
7926,2017-2018,Billy Burns,"$535,000"
7927,2017-2018,Eddie Butler,"$535,000"
7928,2017-2018,Byron Buxton,"$535,000"
7929,2017-2018,Johan Camargo,"$535,000"
7930,2017-2018,Stephen Cardullo,"$535,000"
7931,2017-2018,Chris Carter,"$535,000"
7932,2017-2018,Simon Castro,"$535,000"
7933,2017-2018,Darrell Ceciliani,"$535,000"
7934,2017-2018,Matt Chapman,"$535,000"
7935,2017-2018,J.T. Chargois,"$535,000"
7936,2017-2018,Preston Claiborne,"$535,000"
7937,2017-2018,Mike Clevinger,"$535,000"
7938,2017-2018,Tyler Cloyd,"$535,000"
7939,2017-2018,Joseph Colon,"$535,000"
7940,2017-2018,Franchy Cordero,"$535,000"
7941,2017-2018,Carlos Correa,"$535,000"
7942,2017-2018,Jharel Cotton,"$535,000"
7943,2017-2018,Dylan Covey,"$535,000"
7944,2017-2018,Stefan Crichton,"$535,000"
7945,2017-2018,Kyle Crick,"$535,000"
7946,2017-2018,William Cuevas,"$535,000"
7947,2017-2018,Allen Córdoba,"$535,000"
7948,2017-2018,Tyler Danish,"$535,000"
7949,2017-2018,Jaff Decker,"$535,000"
7950,2017-2018,Rafael Devers,"$535,000"
7951,2017-2018,Oliver Drake,"$535,000"
7952,2017-2018,Miguel Díaz,"$535,000"
7953,2017-2018,Brian Ellington,"$535,000"
7954,2017-2018,Jake Esch,"$535,000"
7955,2017-2018,Jake Faria,"$535,000"
7956,2017-2018,Dustin Fowler,"$535,000"
7957,2017-2018,Clint Frazier,"$535,000"
7958,2017-2018,Kyle Freeland,"$535,000"
7959,2017-2018,Sam Freeman,"$535,000"
7960,2017-2018,Paul Fry,"$535,000"
7961,2017-2018,Reymond Fuentes,"$535,000"
7962,2017-2018,Kevin Gadea,"$535,000"
7963,2017-2018,Blake Gailen,"$535,000"
7964,2017-2018,Jarlin Garcia,"$535,000"
7965,2017-2018,Jason Garcia,"$535,000"
7966,2017-2018,Leury García,"$535,000"
7967,2017-2018,Sean Gilmartin,"$535,000"
7968,2017-2018,Zack Godley,"$535,000"
7969,2017-2018,Erik Goeddel,"$535,000"
7970,2017-2018,David Goforth,"$535,000"
7971,2017-2018,Jeanmar Gomez,"$535,000"
7972,2017-2018,Rayan Gonzalez,"$535,000"
7973,2017-2018,Brian Goodwin,"$535,000"
7974,2017-2018,Nick Goody,"$535,000"
7975,2017-2018,Matt Grace,"$535,000"
7976,2017-2018,Juan Graterol,"$535,000"
7977,2017-2018,Ronald Guzman,"$535,000"
7978,2017-2018,Miguel Gómez,"$535,000"
7979,2017-2018,Jesse Hahn,"$535,000"
7980,2017-2018,Justin Haley,"$535,000"
7981,2017-2018,Ryne Harper,"$535,000"
7982,2017-2018,Lucas Harrell,"$535,000"
7983,2017-2018,Mike Hauschild,"$535,000"
7984,2017-2018,Ronald Herrera,"$535,000"
7985,2017-2018,Trevor Hildenberger,"$535,000"
7986,2017-2018,Ryan Howard,"$535,000"
7987,2017-2018,Chad Huffman,"$535,000"
7988,2017-2018,Gregory Infante,"$535,000"
7989,2017-2018,Luke Jackson,"$535,000"
7990,2017-2018,Paul Janish,"$535,000"
7991,2017-2018,Kevin Jepsen,"$535,000"
7992,2017-2018,Brian Johnson,"$535,000"
7993,2017-2018,Felix Jorge,"$535,000"
7994,2017-2018,Carson Kelly,"$535,000"
7995,2017-2018,Patrick Kivlehan,"$535,000"
7996,2017-2018,Andrew Knapp,"$535,000"
7997,2017-2018,Zach Lee,"$535,000"
7998,2017-2018,Adam Liberatore,"$535,000"
7999,2017-2018,Steve Lombardozzi,"$535,000"
8000,2017-2018,Jean Machi,"$535,000"
8001,2017-2018,Damien Magnifico,"$535,000"
8002,2017-2018,Luke Maile,"$535,000"
8003,2017-2018,Dillon Maples,"$535,000"
8004,2017-2018,Justin Marks,"$535,000"
8005,2017-2018,Jose Marmolejos,"$535,000"
8006,2017-2018,Chris Marrero,"$535,000"
8007,2017-2018,Ketel Marte,"$535,000"
8008,2017-2018,Francis Martes,"$535,000"
8009,2017-2018,Kyle Martin,"$535,000"
8010,2017-2018,Jose Martinez,"$535,000"
8011,2017-2018,Bruce Maxwell,"$535,000"
8012,2017-2018,Jacob May,"$535,000"
8013,2017-2018,T.J. McFarland,"$535,000"
8014,2017-2018,Adalberto Mejia,"$535,000"
8015,2017-2018,Alex Meyer,"$535,000"
8016,2017-2018,Keynan Middleton,"$535,000"
8017,2017-2018,Jordan Mills,"$535,000"
8018,2017-2018,Juan Minaya,"$535,000"
8019,2017-2018,Colin Moran,"$535,000"
8020,2017-2018,Mike Morse,"$535,000"
8021,2017-2018,Jason Motte,"$535,000"
8022,2017-2018,Zach Neal,"$535,000"
8023,2017-2018,Sean Newcomb,"$535,000"
8024,2017-2018,Gift Ngoepe,"$535,000"
8025,2017-2018,Chauncey Nunez,"$535,000"
8026,2017-2018,Chris O'Grady,"$535,000"
8027,2017-2018,Nefi Ogando,"$535,000"
8028,2017-2018,Danny Ortiz,"$535,000"
8029,2017-2018,Josh Osich,"$535,000"
8030,2017-2018,José Osuna,"$535,000"
8031,2017-2018,Ian Parmley,"$535,000"
8032,2017-2018,Mike Pelfrey,"$535,000"
8033,2017-2018,Brayan Pena,"$535,000"
8034,2017-2018,Francisco Pena,"$535,000"
8035,2017-2018,Wandy Peralta,"$535,000"
8036,2017-2018,Tommy Pham,"$535,000"
8037,2017-2018,Jose Pirela,"$535,000"
8038,2017-2018,Max Povse,"$535,000"
8039,2017-2018,Alex Presley,"$535,000"
8040,2017-2018,Ryan Raburn,"$535,000"
8041,2017-2018,Neil Ramirez,"$535,000"
8042,2017-2018,Tad Ratliff,"$535,000"
8043,2017-2018,Alex Reyes,"$535,000"
8044,2017-2018,Jose Reyes,"$535,000"
8045,2017-2018,J.T. Riddle,"$535,000"
8046,2017-2018,Yadiel Rivera,"$535,000"
8047,2017-2018,Armando Rivero,"$535,000"
8048,2017-2018,Daniel Robertson,"$535,000"
8049,2017-2018,Drew Robinson,"$535,000"
8050,2017-2018,Joely Rodriguez,"$535,000"
8051,2017-2018,Miguel Rojas,"$535,000"
8052,2017-2018,Sal Romano,"$535,000"
8053,2017-2018,Jose Romero,"$535,000"
8054,2017-2018,Randy Rosario,"$535,000"
8055,2017-2018,Drew Rucinski,"$535,000"
8056,2017-2018,Connor Sadzeck,"$535,000"
8057,2017-2018,Aaron Sanchez,"$535,000"
8058,2017-2018,Anthony Santander,"$535,000"
8059,2017-2018,Warwick Saupold,"$535,000"
8060,2017-2018,A.J. Schugel,"$535,000"
8061,2017-2018,Steve Selsky,"$535,000"
8062,2017-2018,Paul Sewald,"$535,000"
8063,2017-2018,Daniel Slania,"$535,000"
8064,2017-2018,Chris Smith,"$535,000"
8065,2017-2018,Kevan Smith,"$535,000"
8066,2017-2018,Dwight Smith Jr.,"$535,000"
8067,2017-2018,Eric Sogard,"$535,000"
8068,2017-2018,Glenn Sparkman,"$535,000"
8069,2017-2018,Brock Stassi,"$535,000"
8070,2017-2018,Daniel Stumpf,"$535,000"
8071,2017-2018,Albert Suarez,"$535,000"
8072,2017-2018,Ben Taylor,"$535,000"
8073,2017-2018,Brandon Texiera,"$535,000"
8074,2017-2018,Ashur Tolliver,"$535,000"
8075,2017-2018,Luis Torrens,"$535,000"
8076,2017-2018,Ryan Tufts,"$535,000"
8077,2017-2018,Jacob Turner,"$535,000"
8078,2017-2018,Stuart Turner,"$535,000"
8079,2017-2018,José Ureña,"$535,000"
8080,2017-2018,Giovanny Urshela,"$535,000"
8081,2017-2018,Pat Valaika,"$535,000"
8082,2017-2018,Logan Verrett,"$535,000"
8083,2017-2018,Bobby Wahl,"$535,000"
8084,2017-2018,Adam Walker,"$535,000"
8085,2017-2018,David Washington,"$535,000"
8086,2017-2018,Tyler Webb,"$535,000"
8087,2017-2018,Jason Wheeler,"$535,000"
8088,2017-2018,Tom Wilhelmsen,"$535,000"
8089,2017-2018,Mason Williams,"$535,000"
8090,2017-2018,Nick Williams,"$535,000"
8091,2017-2018,Josh Wilson,"$535,000"
8092,2017-2018,Alex Wimmers,"$535,000"
8093,2017-2018,Nick Wittgren,"$535,000"
8094,2017-2018,Asher Wojciechowski,"$535,000"
8095,2017-2018,Hunter Wood,"$535,000"
8096,2017-2018,Vance Worley,"$535,000"
8097,2017-2018,Kirby Yates,"$535,000"
8098,2017-2018,Mark Zagunis,"$535,000"
8099,2017-2018,Bradley Zimmer,"$535,000"
8100,2017-2018,Matt den Dekker,"$535,000"
8101,2017-2018,Michael Feliz,"$534,315"
8102,2017-2018,Roenis Elias,"$531,561"
8103,2017-2018,Kyle Schwarber,"$519,120"
8104,2017-2018,Juan Nicasio,"$518,570"
8105,2017-2018,Bronson Arroyo,"$517,459"
8106,2017-2018,Chad Bettis,"$515,194"
8107,2017-2018,Dan Jennings,"$512,550"
8108,2017-2018,Abraham Almonte,"$511,528"
8109,2017-2018,Joe Musgrove,"$510,668"
8110,2017-2018,Keon Broxton,"$508,604"
8111,2017-2018,Buddy Baumann,"$503,444"
8112,2017-2018,Antonio Senzatela,"$502,756"
8113,2017-2018,Joc Pederson,"$500,445"
8114,2017-2018,Scott Oberg,"$498,719"
8115,2017-2018,Dansby Swanson,"$498,719"
8116,2017-2018,Chad Pinder,"$493,987"
8117,2017-2018,Joey Rickard,"$491,815"
8118,2017-2018,Germán Márquez,"$489,978"
8119,2017-2018,Chris Taylor,"$485,218"
8120,2017-2018,Sammy Solis,"$480,102"
8121,2017-2018,Tony Wolters,"$475,111"
8122,2017-2018,Randal Grichuk,"$475,020"
8123,2017-2018,Luis Garcia,"$470,603"
8124,2017-2018,Robby Scott,"$469,440"
8125,2017-2018,Cody Bellinger,"$467,680"
8126,2017-2018,Joseph Biagini,"$464,757"
8127,2017-2018,Ben Gamel,"$464,757"
8128,2017-2018,Scott Van Slyke,"$456,120"
8129,2017-2018,Chasen Shreve,"$455,869"
8130,2017-2018,Taylor Motter,"$455,080"
8131,2017-2018,Rob Segedin,"$447,219"
8132,2017-2018,Hunter Renfroe,"$445,056"
8133,2017-2018,Junior Guerra,"$444,765"
8134,2017-2018,Brandon Nimmo,"$442,430"
8135,2017-2018,Jose Alvarez,"$441,380"
8136,2017-2018,Rafael Montero,"$440,742"
8137,2017-2018,Ty Kelly,"$437,464"
8138,2017-2018,Jordan Montgomery,"$435,527"
8139,2017-2018,Joe Ross,"$433,584"
8140,2017-2018,Adam Rosales,"$430,353"
8141,2017-2018,Edubray Ramos,"$427,895"
8142,2017-2018,Chase Whitley,"$426,758"
8143,2017-2018,Jace Peterson,"$424,620"
8144,2017-2018,Richard Bleier,"$423,835"
8145,2017-2018,James Hoyt,"$420,912"
8146,2017-2018,René Rivera,"$420,772"
8147,2017-2018,Chad Green,"$417,989"
8148,2017-2018,Edwin Jackson,"$415,264"
8149,2017-2018,Ian Happ,"$415,066"
8150,2017-2018,Travis Jankowski,"$407,438"
8151,2017-2018,Willy Garcia,"$403,374"
8152,2017-2018,Paulo Orlando,"$402,732"
8153,2017-2018,Donnie Hart,"$397,305"
8154,2017-2018,Blake Snell,"$396,074"
8155,2017-2018,Mark Leiter Jr.,"$391,682"
8156,2017-2018,Arismendy Alcantara,"$385,140"
8157,2017-2018,Chad Bell,"$379,990"
8158,2017-2018,David Holmberg,"$379,990"
8159,2017-2018,Micah Johnson,"$379,990"
8160,2017-2018,Dinelson Lamet,"$379,990"
8161,2017-2018,Austin Pruitt,"$379,990"
8162,2017-2018,Matt Reynolds,"$379,990"
8163,2017-2018,Robert Stephenson,"$377,067"
8164,2017-2018,John Brebbia,"$374,144"
8165,2017-2018,Nick Pivetta,"$374,144"
8166,2017-2018,Brian Flynn,"$367,598"
8167,2017-2018,Sam Tuivailala,"$366,500"
8168,2017-2018,Nick Martinez,"$366,296"
8169,2017-2018,Shawn O'Malley,"$365,679"
8170,2017-2018,Erik Gonzalez,"$365,375"
8171,2017-2018,Mallex Smith,"$359,900"
8172,2017-2018,Paul DeJong,"$359,529"
8173,2017-2018,Austin Slater,"$359,529"
8174,2017-2018,Ryan Weber,"$353,683"
8175,2017-2018,Jake Barrett,"$353,528"
8176,2017-2018,Tom Murphy,"$352,080"
8177,2017-2018,Ryan Rua,"$351,286"
8178,2017-2018,Tommy La Stella,"$347,874"
8179,2017-2018,Lane Adams,"$347,837"
8180,2017-2018,Buddy Boshers,"$341,991"
8181,2017-2018,Austin Brice,"$341,991"
8182,2017-2018,Adam Engel,"$341,991"
8183,2017-2018,Anthony Swarzak,"$339,342"
8184,2017-2018,Kennys Vargas,"$336,414"
8185,2017-2018,Josh Hader,"$336,145"
8186,2017-2018,Max Moroff,"$336,145"
8187,2017-2018,Chris Bassitt,"$333,463"
8188,2017-2018,Brent Suter,"$333,222"
8189,2017-2018,Phil Maton,"$330,299"
8190,2017-2018,Dan Altavilla,"$328,160"
8191,2017-2018,Chris Hatcher,"$327,888"
8192,2017-2018,Miguel Castro,"$327,376"
8193,2017-2018,Deven Marrero,"$327,376"
8194,2017-2018,Jonathan Holder,"$325,674"
8195,2017-2018,Derek Law,"$324,602"
8196,2017-2018,Jeff Hoffman,"$318,607"
8197,2017-2018,David Dahl,"$316,872"
8198,2017-2018,Alec Asher,"$315,684"
8199,2017-2018,Tim Beckham,"$304,668"
8200,2017-2018,Hoby Milner,"$303,992"
8201,2017-2018,Zach Eflin,"$302,202"
8202,2017-2018,Luis Castillo,"$295,223"
8203,2017-2018,Rio Ruiz,"$295,223"
8204,2017-2018,David Hernandez,"$292,635"
8205,2017-2018,Raimel Tapia,"$292,300"
8206,2017-2018,John Hicks,"$289,377"
8207,2017-2018,Justin Nicolino,"$289,377"
8208,2017-2018,Francisco Rodriguez,"$283,531"
8209,2017-2018,Brett Nicholas,"$281,664"
8210,2017-2018,Amir Garrett,"$280,608"
8211,2017-2018,Daniel Robertson,"$280,608"
8212,2017-2018,Kevin McCarthy,"$277,685"
8213,2017-2018,Steven Okert,"$275,608"
8214,2017-2018,Blaine Hardy,"$274,762"
8215,2017-2018,Jairo Díaz,"$274,443"
8216,2017-2018,Bryan Mitchell,"$273,819"
8217,2017-2018,Paul Blackburn,"$271,839"
8218,2017-2018,Elias Diaz,"$271,839"
8219,2017-2018,Luke Voit,"$271,839"
8220,2017-2018,Josh Ravin,"$270,998"
8221,2017-2018,Jefry Marte,"$269,010"
8222,2017-2018,Jim Adduci,"$268,916"
8223,2017-2018,Jose Alvarado,"$268,916"
8224,2017-2018,Drew Steckenrider,"$268,916"
8225,2017-2018,Carlos Estevez,"$266,994"
8226,2017-2018,Brooks Pounders,"$265,993"
8227,2017-2018,Blake Wood,"$264,746"
8228,2017-2018,Daniel Gossett,"$260,147"
8229,2017-2018,Ramon Torres,"$257,224"
8230,2017-2018,Brandon Woodruff,"$257,224"
8231,2017-2018,Jacoby Jones,"$254,910"
8232,2017-2018,Chasen Bradford,"$251,378"
8233,2017-2018,Cameron Perkins,"$251,378"
8234,2017-2018,Alan Busenitz,"$248,455"
8235,2017-2018,Felix Pena,"$248,455"
8236,2017-2018,Chris Stratton,"$248,455"
8237,2017-2018,Rex Brothers,"$245,532"
8238,2017-2018,Luis Cessa,"$245,532"
8239,2017-2018,John Gant,"$245,532"
8240,2017-2018,Ricardo Pinto,"$245,532"
8241,2017-2018,Adrián Sanchez,"$245,532"
8242,2017-2018,Michael Brady,"$242,609"
8243,2017-2018,Jake Junis,"$242,609"
8244,2017-2018,Emilio Pagan,"$242,609"
8245,2017-2018,César Valdez,"$242,609"
8246,2017-2018,Blake Treinen,"$240,240"
8247,2017-2018,Jabari Blash,"$236,763"
8248,2017-2018,Matt Olson,"$236,763"
8249,2017-2018,Josh A. Smith,"$236,763"
8250,2017-2018,Tomás Telis,"$236,763"
8251,2017-2018,Tyler Wade,"$236,763"
8252,2017-2018,Mike Wright,"$236,763"
8253,2017-2018,Daniel Mengden,"$234,960"
8254,2017-2018,Odrisamer Despaigne,"$233,840"
8255,2017-2018,Casey Lawrence,"$233,840"
8256,2017-2018,Ben Lively,"$233,840"
8257,2017-2018,Jesse Winker,"$233,840"
8258,2017-2018,Frankie Montas,"$232,023"
8259,2017-2018,Eric Young Jr.,"$230,917"
8260,2017-2018,Diego Moreno,"$227,994"
8261,2017-2018,Kevin Plawecki,"$227,994"
8262,2017-2018,Mark Canha,"$226,328"
8263,2017-2018,Tyler Collins,"$226,252"
8264,2017-2018,Deolis Guerra,"$225,071"
8265,2017-2018,Brock Stewart,"$223,212"
8266,2017-2018,Bartolo Colon,"$222,148"
8267,2017-2018,Garrett Cooper,"$222,148"
8268,2017-2018,Tommy Kahnle,"$222,148"
8269,2017-2018,Jeremy Hazelbaker,"$219,336"
8270,2017-2018,Victor Caratini,"$219,225"
8271,2017-2018,Joe Jimenez,"$219,225"
8272,2017-2018,Evan Marshall,"$219,225"
8273,2017-2018,Yoan Moncada,"$219,225"
8274,2017-2018,Sam Travis,"$219,225"
8275,2017-2018,Mike Aviles,"$216,302"
8276,2017-2018,Derek Fisher,"$216,302"
8277,2017-2018,Matt Wisler,"$216,302"
8278,2017-2018,Ryan Buchter,"$208,390"
8279,2017-2018,Johnny Barbato,"$207,533"
8280,2017-2018,Matt Strahm,"$206,150"
8281,2017-2018,Anthony Recker,"$206,040"
8282,2017-2018,Kaleb Cowart,"$204,610"
8283,2017-2018,Kevin Quackenbush,"$204,610"
8284,2017-2018,Drew VerHagen,"$204,610"
8285,2017-2018,Mac Williamson,"$203,205"
8286,2017-2018,Leonel Campos,"$201,687"
8287,2017-2018,Jose Miguel Fernandez,"$200,000"
8288,2017-2018,Yandy Diaz,"$198,764"
8289,2017-2018,Chris Flexen,"$198,764"
8290,2017-2018,Eduardo Paredes,"$198,764"
8291,2017-2018,Kevin Shackelford,"$198,764"
8292,2017-2018,Aaron Bummer,"$195,841"
8293,2017-2018,Matt Dermody,"$195,841"
8294,2017-2018,Zack Granite,"$195,841"
8295,2017-2018,Reymin Guduan,"$195,841"
8296,2017-2018,Austin Maddox,"$195,841"
8297,2017-2018,Tyler Olson,"$195,841"
8298,2017-2018,Dillon Gee,"$192,918"
8299,2017-2018,Eric Skoglund,"$192,918"
8300,2017-2018,Ryne Stanek,"$192,918"
8301,2017-2018,Jesen Therrien,"$192,918"
8302,2017-2018,Rob Refsnyder,"$189,995"
8303,2017-2018,Rookie Davis,"$187,072"
8304,2017-2018,Jaime Garcia,"$187,072"
8305,2017-2018,Craig Gentry,"$187,072"
8306,2017-2018,Jaycob Brugman,"$184,149"
8307,2017-2018,Ariel Hernandez,"$184,149"
8308,2017-2018,Michael Ohlman,"$184,149"
8309,2017-2018,Nicky Delmonico,"$181,297"
8310,2017-2018,Ozzie Albies,"$181,226"
8311,2017-2018,Amed Rosario,"$181,226"
8312,2017-2018,Lucas Sims,"$181,226"
8313,2017-2018,Michael Tonkin,"$180,804"
8314,2017-2018,Jared Hoying,"$178,303"
8315,2017-2018,Ryder Jones,"$175,380"
8316,2017-2018,Caleb Smith,"$175,380"
8317,2017-2018,Andrew Stevenson,"$175,380"
8318,2017-2018,Luke Weaver,"$175,380"
8319,2017-2018,Alay Lago,"$175,000"
8320,2017-2018,Cody Reed,"$173,106"
8321,2017-2018,Hunter Dozier,"$172,870"
8322,2017-2018,Jorge Alfaro,"$172,457"
8323,2017-2018,Giovanny Gallegos,"$172,457"
8324,2017-2018,Raffy Lopez,"$172,457"
8325,2017-2018,Andrew Moore,"$172,457"
8326,2017-2018,Andrew Susac,"$172,457"
8327,2017-2018,Trayce Thompson,"$172,457"
8328,2017-2018,Juan Centeno,"$169,534"
8329,2017-2018,J.D. Davis,"$169,534"
8330,2017-2018,Dustin Garneau,"$169,534"
8331,2017-2018,Marco Gonzales,"$169,534"
8332,2017-2018,Pablo Sandoval,"$169,534"
8333,2017-2018,Brandon Phillips,"$169,398"
8334,2017-2018,Mike Bolsinger,"$166,992"
8335,2017-2018,A.J. Cole,"$166,611"
8336,2017-2018,Phillip Ervin,"$166,611"
8337,2017-2018,Kyle McGrath,"$166,611"
8338,2017-2018,Silvino Bracho,"$163,688"
8339,2017-2018,Zac Rosscup,"$163,688"
8340,2017-2018,Ricardo Rodríguez,"$160,765"
8341,2017-2018,Joey Wendle,"$160,765"
8342,2017-2018,Gabriel Ynoa,"$160,765"
8343,2017-2018,Gavin Cecchini,"$157,842"
8344,2017-2018,Orlando Calixte,"$154,919"
8345,2017-2018,Rhys Hoskins,"$154,919"
8346,2017-2018,Brett Phillips,"$154,919"
8347,2017-2018,Boog Powell,"$154,919"
8348,2017-2018,Buck Farmer,"$151,996"
8349,2017-2018,Tzu-Wei Lin,"$151,996"
8350,2017-2018,Reynaldo López,"$151,996"
8351,2017-2018,Edward Paredes,"$151,996"
8352,2017-2018,Shane Peterson,"$151,996"
8353,2017-2018,Shane Robinson,"$151,996"
8354,2017-2018,Dominic Smith,"$151,996"
8355,2017-2018,Adalberto Mondesi,"$149,736"
8356,2017-2018,Troy Scribner,"$149,073"
8357,2017-2018,Carlos Pérez,"$143,616"
8358,2017-2018,Christian Bergman,"$143,227"
8359,2017-2018,Jeff Ferrell,"$143,227"
8360,2017-2018,Max Fried,"$143,227"
8361,2017-2018,Max Stassi,"$143,227"
8362,2017-2018,Nik Turley,"$143,227"
8363,2017-2018,Andrew Albers,"$140,304"
8364,2017-2018,Hector Velazquez,"$140,304"
8365,2017-2018,Shawn Armstrong,"$137,569"
8366,2017-2018,Steven Brault,"$137,381"
8367,2017-2018,Alejandro De Aza,"$137,381"
8368,2017-2018,Cam Gallagher,"$137,381"
8369,2017-2018,Carlos Moncrief,"$137,381"
8370,2017-2018,Dovydas Neverauskas,"$137,381"
8371,2017-2018,Pedro Severino,"$137,381"
8372,2017-2018,Pedro Florimón,"$134,458"
8373,2017-2018,Tim Mayza,"$134,458"
8374,2017-2018,Tyler White,"$134,458"
8375,2017-2018,Mitch Garver,"$131,535"
8376,2017-2018,Javy Guerra,"$131,535"
8377,2017-2018,Edgar Santana,"$131,535"
8378,2017-2018,Mike Tauchman,"$131,535"
8379,2017-2018,Franklin Barreto,"$128,612"
8380,2017-2018,Danny Farquhar,"$128,612"
8381,2017-2018,Cesar Puello,"$128,612"
8382,2017-2018,Jake Thompson,"$128,612"
8383,2017-2018,José A. Váldez,"$128,612"
8384,2017-2018,Tyler Naquin,"$126,526"
8385,2017-2018,Terrance Gore,"$126,076"
8386,2017-2018,Alex Mejia,"$125,689"
8387,2017-2018,Ryan Merritt,"$122,892"
8388,2017-2018,Taylor Featherston,"$122,766"
8389,2017-2018,Chris Rowley,"$122,766"
8390,2017-2018,Lucas Giolito,"$119,843"
8391,2017-2018,Ben Heller,"$119,843"
8392,2017-2018,Yacksel Ríos,"$119,843"
8393,2017-2018,Alejandro Chacín,"$116,920"
8394,2017-2018,Kyle Crockett,"$116,920"
8395,2017-2018,John Curtiss,"$116,920"
8396,2017-2018,Brad Goldberg,"$116,920"
8397,2017-2018,Andrew Kittredge,"$116,920"
8398,2017-2018,A.J. Minter,"$116,920"
8399,2017-2018,Angel Sanchez,"$116,920"
8400,2017-2018,Ryan Sherriff,"$116,920"
8401,2017-2018,Nolan Fontana,"$113,997"
8402,2017-2018,Jordan Luplow,"$113,997"
8403,2017-2018,Zac Reininger,"$113,997"
8404,2017-2018,Jacob Stallings,"$113,997"
8405,2017-2018,Anthony Banda,"$111,074"
8406,2017-2018,Tim Federowicz,"$111,074"
8407,2017-2018,Ryan McMahon,"$111,074"
8408,2017-2018,Magneuris Sierra,"$111,074"
8409,2017-2018,Dan Vogelbach,"$111,074"
8410,2017-2018,Jimmy Yacabonis,"$111,074"
8411,2017-2018,Luis Yander La O,"$110,000"
8412,2017-2018,Harrison Bader,"$108,151"
8413,2017-2018,Rob Brantly,"$108,151"
8414,2017-2018,Craig Breslow,"$108,151"
8415,2017-2018,Bubba Starling,"$108,151"
8416,2017-2018,Travis Taijeron,"$108,151"
8417,2017-2018,Dusty Coleman,"$105,228"
8418,2017-2018,Erick Fedde,"$105,228"
8419,2017-2018,Tyler Mahle,"$105,228"
8420,2017-2018,Kevin McGowan,"$105,228"
8421,2017-2018,Austin Adams,"$102,305"
8422,2017-2018,Rafael Bautista,"$102,305"
8423,2017-2018,Domingo German,"$102,305"
8424,2017-2018,Tony Kemp,"$102,305"
8425,2017-2018,Adam Kolarek,"$102,305"
8426,2017-2018,Braden Shipley,"$102,305"
8427,2017-2018,Chad Wallach,"$102,305"
8428,2017-2018,Rob Zastryzny,"$102,305"
8429,2017-2018,Philip Gosselin,"$100,881"
8430,2017-2018,Brett Anderson,"$99,382"
8431,2017-2018,Jackson Stephens,"$99,382"
8432,2017-2018,Wei-Chung Wang,"$99,382"
8433,2017-2018,Chris Bostick,"$96,459"
8434,2017-2018,David Freitas,"$96,459"
8435,2017-2018,Nick Gardewine,"$96,459"
8436,2017-2018,Robert Gsellman,"$94,720"
8437,2017-2018,Jeimer Candelario,"$93,536"
8438,2017-2018,Carson Fulmer,"$93,536"
8439,2017-2018,Erik Kratz,"$93,536"
8440,2017-2018,Carlos Ramirez,"$93,536"
8441,2017-2018,Michael Saunders,"$93,536"
8442,2017-2018,Kirk Nieuwenhuis,"$93,443"
8443,2017-2018,Sandy Alcantara,"$90,613"
8444,2017-2018,Greg Allen,"$90,613"
8445,2017-2018,Brian Anderson,"$90,613"
8446,2017-2018,Dylan Baker,"$90,613"
8447,2017-2018,Jamie Callahan,"$90,613"
8448,2017-2018,Curt Casali,"$90,613"
8449,2017-2018,O'Koyea Dickson,"$90,613"
8450,2017-2018,Paolo Espino,"$90,613"
8451,2017-2018,Jack Flaherty,"$90,613"
8452,2017-2018,Mike Freeman,"$90,613"
8453,2017-2018,Ryan Garton,"$90,613"
8454,2017-2018,Sam Gaviglio,"$90,613"
8455,2017-2018,Niko Goodrum,"$90,613"
8456,2017-2018,Jason Gurka,"$90,613"
8457,2017-2018,Teoscar Hernandez,"$90,613"
8458,2017-2018,Bryan Holaday,"$90,613"
8459,2017-2018,A.J. Jimenez,"$90,613"
8460,2017-2018,Jairo Labourt,"$90,613"
8461,2017-2018,Jordan Lyles,"$90,613"
8462,2017-2018,Andrés Machado,"$90,613"
8463,2017-2018,Mike Marjama,"$90,613"
8464,2017-2018,Francisco Mejia,"$90,613"
8465,2017-2018,Will Middlebrooks,"$90,613"
8466,2017-2018,Sam Moll,"$90,613"
8467,2017-2018,Shawn Morimando,"$90,613"
8468,2017-2018,John Ryan Murphy,"$90,613"
8469,2017-2018,Efren Navarro,"$90,613"
8470,2017-2018,Kris Negrón,"$90,613"
8471,2017-2018,Dillon Peters,"$90,613"
8472,2017-2018,Noé Ramirez,"$90,613"
8473,2017-2018,Raudy Read,"$90,613"
8474,2017-2018,Jacob Rhame,"$90,613"
8475,2017-2018,Brady Rodgers,"$90,613"
8476,2017-2018,Alberto Rosario,"$90,613"
8477,2017-2018,Fernando Salas,"$90,613"
8478,2017-2018,Jimmie Sherfy,"$90,613"
8479,2017-2018,Chance Sisco,"$90,613"
8480,2017-2018,Blake Swihart,"$90,613"
8481,2017-2018,Richard Urena,"$90,613"
8482,2017-2018,Alex Verdugo,"$90,613"
8483,2017-2018,Zach Vincej,"$90,613"
8484,2017-2018,Taylor Williams,"$90,613"
8485,2017-2018,Raul Alcántara,"$87,690"
8486,2017-2018,Nori Aoki,"$87,690"
8487,2017-2018,Shane Carle,"$87,690"
8488,2017-2018,Luke Farrell,"$87,690"
8489,2017-2018,Myles Jaye,"$87,690"
8490,2017-2018,Rymer Liriano,"$87,690"
8491,2017-2018,Luis Santos,"$87,690"
8492,2017-2018,Gordon Beckham,"$84,767"
8493,2017-2018,Nick Franklin,"$84,767"
8494,2017-2018,Artie Lewicki,"$84,767"
8495,2017-2018,Aaron Slegers,"$84,767"
8496,2017-2018,Yohander Méndez,"$82,012"
8497,2017-2018,Jacob Hannemann,"$81,844"
8498,2017-2018,Kyle Higashioka,"$81,844"
8499,2017-2018,Chih-Wei Hu,"$81,844"
8500,2017-2018,Jason Hursh,"$81,844"
8501,2017-2018,Reyes Moronta,"$81,844"
8502,2017-2018,Charlie Culberson,"$81,135"
8503,2017-2018,Tyler Austin,"$80,271"
8504,2017-2018,Victor Alcantara,"$78,921"
8505,2017-2018,Quintin Berry,"$78,921"
8506,2017-2018,J.P. Crawford,"$78,921"
8507,2017-2018,Taylor Davis,"$78,921"
8508,2017-2018,Jace Fry,"$78,921"
8509,2017-2018,Luiz Gohara,"$78,921"
8510,2017-2018,Roberto Gomez,"$78,921"
8511,2017-2018,Austin Hays,"$78,921"
8512,2017-2018,Renato Nunez,"$78,921"
8513,2017-2018,Ildemaro Vargas,"$78,921"
8514,2017-2018,Henderson Alvarez III,"$77,862"
8515,2017-2018,Walker Buehler,"$75,998"
8516,2017-2018,Chase De Jong,"$75,998"
8517,2017-2018,Dietrich Enns,"$75,998"
8518,2017-2018,Akeel Morris,"$75,998"
8519,2017-2018,Victor Robles,"$73,075"
8520,2017-2018,Julio Urias,"$70,824"
8521,2017-2018,Al Alburquerque,"$70,152"
8522,2017-2018,Phillip Evans,"$70,152"
8523,2017-2018,Chris Volstad,"$70,152"
8524,2017-2018,Lewis Brinson,"$67,229"
8525,2017-2018,Kyle Farmer,"$67,229"
8526,2017-2018,Jhan Mariñez,"$64,944"
8527,2017-2018,Michael Blazek,"$64,306"
8528,2017-2018,Jack Leathersich,"$64,306"
8529,2017-2018,Dan Runzler,"$64,306"
8530,2017-2018,Christian Walker,"$64,306"
8531,2017-2018,Zac Curtis,"$61,383"
8532,2017-2018,Cory Mazzoni,"$61,383"
8533,2017-2018,Victor Arano,"$58,460"
8534,2017-2018,Willie Calhoun,"$58,460"
8535,2017-2018,Deck McGuire,"$58,460"
8536,2017-2018,Keury Mella,"$58,460"
8537,2017-2018,Mike Morin,"$58,460"
8538,2017-2018,Steven Moya,"$58,460"
8539,2017-2018,Tomás Nido,"$58,460"
8540,2017-2018,Tyler Pill,"$58,460"
8541,2017-2018,Jen-Ho Tseng,"$55,537"
8542,2017-2018,Ji-Man Choi,"$53,550"
8543,2017-2018,Wilmer Font,"$53,500"
8544,2017-2018,Miguel Andujar,"$52,614"
8545,2017-2018,Pedro Beato,"$52,614"
8546,2017-2018,Hunter Cervenka,"$52,614"
8547,2017-2018,Tony Sanchez,"$52,614"
8548,2017-2018,Breyvic Valera,"$52,614"
8549,2017-2018,Onelki García,"$49,691"
8550,2017-2018,Josh Lucas,"$49,691"
8551,2017-2018,Aaron Wilkerson,"$49,691"
8552,2017-2018,Dylan Floro,"$46,768"
8553,2017-2018,Richard Rodriguez,"$46,768"
8554,2017-2018,Tanner Scott,"$43,845"
8555,2017-2018,Daniel Wright,"$43,845"
8556,2017-2018,Rocky Gale,"$40,922"
8557,2017-2018,Tim Melville,"$40,922"
8558,2017-2018,Christian Villanueva,"$40,922"
8559,2017-2018,Adam Plutko,"$37,999"
8560,2017-2018,Pierce Johnson,"$35,076"
8561,2017-2018,Ryan Lavarnway,"$35,076"
8562,2017-2018,Chris Smith,"$35,076"
8563,2017-2018,Edward Mujica,"$34,150"
8564,2017-2018,Jordan Jankowski,"$32,153"
8565,2017-2018,Hector Velazquez,"$30,000"
8566,2017-2018,Mike Mayers,"$26,307"
8567,2017-2018,T.J. House,"$23,384"
8568,2017-2018,Trevor Gott,"$20,461"
8569,2017-2018,Fabio Castillo,"$17,538"
8570,2017-2018,A.J. Reed,"$17,538"
8571,2017-2018,Drew Anderson,"$14,615"
8572,2017-2018,Matt Koch,"$14,615"
8573,2017-2018,Aaron Blair,"$11,692"
8574,2017-2018,Darien Nunez,"$10,000"
8575,2017-2018,Clayton Blackburn,"$8,769"
8576,2017-2018,Taylor Cole,"$8,769"
8577,2017-2018,Ramon Flores,"$8,769"
8578,2017-2018,Tim Locastro,"$8,769"
8579,2017-2018,Cody Martin,"$8,769"
8580,2017-2018,Jack Reinheimer,"$8,769"
8581,2017-2018,Seth Frankoff,"$5,846"
8582,2017-2018,Kyle Lloyd,"$5,846"
8583,2017-2018,Tyler Smith,"$5,846"
8584,2017-2018,Severino Gonzalez,"$2,923"
8585,2017-2018,Jorge López,"$2,923"
8586,2017-2018,Brett Oberholtzer,"$2,923"
8587,2017-2018,Jordan Patterson,"$2,923"
8588,2017-2018,Jose Ruiz,"$2,923"
8589,2017-2018,Thyago Vieira,"$2,923"
8590,2018-2019,Mike Trout,"$33,250,000"
8591,2018-2019,Clayton Kershaw,"$33,000,000"
8592,2018-2019,Jake Arrieta,"$30,000,000"
8593,2018-2019,Miguel Cabrera,"$30,000,000"
8594,2018-2019,David Price,"$30,000,000"
8595,2018-2019,Albert Pujols,"$30,000,000"
8596,2018-2019,Yoenis Céspedes,"$29,000,000"
8597,2018-2019,Felix Hernandez,"$26,857,142"
8598,2018-2019,Joey Votto,"$25,075,000"
8599,2018-2019,Yu Darvish,"$25,000,000"
8600,2018-2019,Eric Hosmer,"$25,000,000"
8601,2018-2019,Carlos Santana,"$25,000,000"
8602,2018-2019,Giancarlo Stanton,"$25,000,000"
8603,2018-2019,Zack Greinke,"$24,000,000"
8604,2018-2019,Jordan Zimmermann,"$24,000,000"
8605,2018-2019,J.D. Martinez,"$23,750,000"
8606,2018-2019,Joe Mauer,"$23,000,000"
8607,2018-2019,Jon Lester,"$22,500,000"
8608,2018-2019,Johnny Cueto,"$22,000,000"
8609,2018-2019,Ian Desmond,"$22,000,000"
8610,2018-2019,Masahiro Tanaka,"$22,000,000"
8611,2018-2019,Bryce Harper,"$21,725,000"
8612,2018-2019,Jason Heyward,"$21,500,000"
8613,2018-2019,Buster Posey,"$21,425,000"
8614,2018-2019,Freddie Freeman,"$21,250,000"
8615,2018-2019,Jacoby Ellsbury,"$21,142,857"
8616,2018-2019,Homer Bailey,"$21,000,000"
8617,2018-2019,Rick Porcello,"$21,000,000"
8618,2018-2019,Shin-Soo Choo,"$20,100,000"
8619,2018-2019,Justin Verlander,"$20,100,000"
8620,2018-2019,Aroldis Chapman,"$20,000,000"
8621,2018-2019,Alex Gordon,"$20,000,000"
8622,2018-2019,Russell Martin,"$20,000,000"
8623,2018-2019,Troy Tulowitzki,"$20,000,000"
8624,2018-2019,David Wright,"$20,000,000"
8625,2018-2019,Yadier Molina,"$19,892,473"
8626,2018-2019,Jeff Samardzija,"$19,500,000"
8627,2018-2019,Adam Wainwright,"$19,500,000"
8628,2018-2019,Ryan Braun,"$19,000,000"
8629,2018-2019,Hunter Pence,"$18,500,000"
8630,2018-2019,Kyle Seager,"$18,500,000"
8631,2018-2019,Adrián Beltré,"$18,000,000"
8632,2018-2019,Matt Kemp,"$18,000,000"
8633,2018-2019,Victor Martinez,"$18,000,000"
8634,2018-2019,Nolan Arenado,"$17,272,850"
8635,2018-2019,Jose Altuve,"$17,000,000"
8636,2018-2019,Chris Davis,"$17,000,000"
8637,2018-2019,Edwin Encarnacion,"$17,000,000"
8638,2018-2019,Adam Jones,"$17,000,000"
8639,2018-2019,Dexter Fowler,"$16,500,000"
8640,2018-2019,Brandon Belt,"$16,000,000"
8641,2018-2019,Wei-Yin Chen,"$16,000,000"
8642,2018-2019,Wade Davis,"$16,000,000"
8643,2018-2019,Rich Hill,"$16,000,000"
8644,2018-2019,Ian Kennedy,"$16,000,000"
8645,2018-2019,Justin Upton,"$16,000,000"
8646,2018-2019,Ben Zobrist,"$16,000,000"
8647,2018-2019,Max Scherzer,"$15,100,000"
8648,2018-2019,Elvis Andrus,"$15,000,000"
8649,2018-2019,Brandon Crawford,"$15,000,000"
8650,2018-2019,Stephen Strasburg,"$15,000,000"
8651,2018-2019,Nelson Cruz,"$14,025,000"
8652,2018-2019,Charlie Blackmon,"$14,000,000"
8653,2018-2019,Danny Duffy,"$14,000,000"
8654,2018-2019,Ryan Zimmerman,"$14,000,000"
8655,2018-2019,Robinson Canó,"$13,677,440"
8656,2018-2019,Matt Carpenter,"$13,500,000"
8657,2018-2019,Jason Kipnis,"$13,500,000"
8658,2018-2019,Dustin Pedroia,"$13,500,000"
8659,2018-2019,Martín Prado,"$13,500,000"
8660,2018-2019,Ervin Santana,"$13,500,000"
8661,2018-2019,Lorenzo Cain,"$13,300,000"
8662,2018-2019,Dallas Keuchel,"$13,200,000"
8663,2018-2019,Craig Kimbrel,"$13,050,000"
8664,2018-2019,Jose Abreu,"$13,000,000"
8665,2018-2019,Marco Estrada,"$13,000,000"
8666,2018-2019,Josh Reddick,"$13,000,000"
8667,2018-2019,David Robertson,"$13,000,000"
8668,2018-2019,Zack Cozart,"$12,666,666"
8669,2018-2019,Chris Sale,"$12,515,000"
8670,2018-2019,Tyler Chatwood,"$12,500,000"
8671,2018-2019,Mark Trumbo,"$12,500,000"
8672,2018-2019,Anthony Rendon,"$12,300,000"
8673,2018-2019,Madison Bumgarner,"$12,000,000"
8674,2018-2019,Evan Longoria,"$12,000,000"
8675,2018-2019,Jean Segura,"$12,000,000"
8676,2018-2019,George Springer,"$12,000,000"
8677,2018-2019,Yulieski Gurriel,"$11,935,483"
8678,2018-2019,Michael Brantley,"$11,500,000"
8679,2018-2019,Carlos Martinez,"$11,500,000"
8680,2018-2019,Brian McCann,"$11,500,000"
8681,2018-2019,Paul Goldschmidt,"$11,100,000"
8682,2018-2019,Rusney Castillo,"$11,000,000"
8683,2018-2019,Brett Gardner,"$11,000,000"
8684,2018-2019,Mike Leake,"$11,000,000"
8685,2018-2019,Kendrys Morales,"$11,000,000"
8686,2018-2019,Andrelton Simmons,"$11,000,000"
8687,2018-2019,Justin Turner,"$11,000,000"
8688,2018-2019,Kris Bryant,"$10,850,000"
8689,2018-2019,Cody Allen,"$10,575,000"
8690,2018-2019,Nick Markakis,"$10,550,000"
8691,2018-2019,Mookie Betts,"$10,500,000"
8692,2018-2019,Francisco Cervelli,"$10,500,000"
8693,2018-2019,Khris Davis,"$10,500,000"
8694,2018-2019,Corey Kluber,"$10,500,000"
8695,2018-2019,CC Sabathia,"$10,500,000"
8696,2018-2019,Dee Strange-Gordon,"$10,500,000"
8697,2018-2019,Matt Wieters,"$10,500,000"
8698,2018-2019,Jay Bruce,"$10,000,000"
8699,2018-2019,Starlin Castro,"$10,000,000"
8700,2018-2019,Josh Harrison,"$10,000,000"
8701,2018-2019,Kenley Jansen,"$10,000,000"
8702,2018-2019,Mark Melancon,"$10,000,000"
8703,2018-2019,James Shields,"$10,000,000"
8704,2018-2019,Yasmany Tomas,"$10,000,000"
8705,2018-2019,Gerardo Parra,"$9,784,948"
8706,2018-2019,Pat Neshek,"$9,750,000"
8707,2018-2019,Andrew Cashner,"$9,500,000"
8708,2018-2019,Jhoulys Chacin,"$9,500,000"
8709,2018-2019,A.J. Ramos,"$9,225,000"
8710,2018-2019,Jedd Gyorko,"$9,000,000"
8711,2018-2019,Jason Hammel,"$9,000,000"
8712,2018-2019,Tommy Hunter,"$9,000,000"
8713,2018-2019,Andrew Miller,"$9,000,000"
8714,2018-2019,Mike Minor,"$9,000,000"
8715,2018-2019,Matt Moore,"$9,000,000"
8716,2018-2019,Brandon Morrow,"$9,000,000"
8717,2018-2019,Marcell Ozuna,"$9,000,000"
8718,2018-2019,Charlie Morton,"$8,875,000"
8719,2018-2019,Jose Quintana,"$8,850,000"
8720,2018-2019,Ivan Nova,"$8,750,000"
8721,2018-2019,Kole Calhoun,"$8,500,000"
8722,2018-2019,Didi Gregorius,"$8,500,000"
8723,2018-2019,D.J. LeMahieu,"$8,500,000"
8724,2018-2019,Drew Pomeranz,"$8,500,000"
8725,2018-2019,Addison Reed,"$8,250,000"
8726,2018-2019,Carlos Carrasco,"$8,000,000"
8727,2018-2019,Jason Castro,"$8,000,000"
8728,2018-2019,Todd Frazier,"$8,000,000"
8729,2018-2019,Carlos Gonzalez,"$8,000,000"
8730,2018-2019,Juan Nicasio,"$8,000,000"
8731,2018-2019,Julio Teherán,"$8,000,000"
8732,2018-2019,Yasmani Grandal,"$7,900,000"
8733,2018-2019,A.J. Pollock,"$7,750,000"
8734,2018-2019,Brett Cecil,"$7,500,000"
8735,2018-2019,Steve Cishek,"$7,500,000"
8736,2018-2019,Alex Cobb,"$7,500,000"
8737,2018-2019,Patrick Corbin,"$7,500,000"
8738,2018-2019,Starling Marte,"$7,500,000"
8739,2018-2019,Miles Mikolas,"$7,500,000"
8740,2018-2019,Salvador Perez,"$7,500,000"
8741,2018-2019,Bryan Shaw,"$7,500,000"
8742,2018-2019,Yasiel Puig,"$7,419,354"
8743,2018-2019,Jacob deGrom,"$7,400,000"
8744,2018-2019,Garrett Richards,"$7,300,000"
8745,2018-2019,Xander Bogaerts,"$7,050,000"
8746,2018-2019,Yonder Alonso,"$7,000,000"
8747,2018-2019,Jerry Blevins,"$7,000,000"
8748,2018-2019,Mike Dunn,"$7,000,000"
8749,2018-2019,Brandon McCarthy,"$7,000,000"
8750,2018-2019,Jake McGee,"$7,000,000"
8751,2018-2019,Adam Ottavino,"$7,000,000"
8752,2018-2019,Anthony Rizzo,"$7,000,000"
8753,2018-2019,Hyun-Jin Ryu,"$7,000,000"
8754,2018-2019,Joe Smith,"$7,000,000"
8755,2018-2019,Christian Yelich,"$7,000,000"
8756,2018-2019,Freddy Galvis,"$6,825,000"
8757,2018-2019,Gerrit Cole,"$6,750,000"
8758,2018-2019,Jordy Mercer,"$6,750,000"
8759,2018-2019,Avisaíl García,"$6,700,000"
8760,2018-2019,Evan Gattis,"$6,700,000"
8761,2018-2019,Trevor Bauer,"$6,525,000"
8762,2018-2019,Sonny Gray,"$6,500,000"
8763,2018-2019,Juan Lagares,"$6,500,000"
8764,2018-2019,Jonathan Lucroy,"$6,500,000"
8765,2018-2019,Mitch Moreland,"$6,500,000"
8766,2018-2019,Marcus Stroman,"$6,500,000"
8767,2018-2019,Tanner Roark,"$6,475,000"
8768,2018-2019,Manny Machado,"$6,365,591"
8769,2018-2019,Jake Odorizzi,"$6,300,000"
8770,2018-2019,Jose Iglesias,"$6,275,000"
8771,2018-2019,Jackie Bradley Jr.,"$6,100,000"
8772,2018-2019,Nick Castellanos,"$6,050,000"
8773,2018-2019,Adam Eaton,"$6,000,000"
8774,2018-2019,Matt Joyce,"$6,000,000"
8775,2018-2019,Jed Lowrie,"$6,000,000"
8776,2018-2019,Kenta Maeda,"$6,000,000"
8777,2018-2019,Martín Pérez,"$6,000,000"
8778,2018-2019,Tony Sipp,"$6,000,000"
8779,2018-2019,Anthony Swarzak,"$6,000,000"
8780,2018-2019,Jason Vargas,"$6,000,000"
8781,2018-2019,Alex Wood,"$6,000,000"
8782,2018-2019,Corey Dickerson,"$5,950,000"
8783,2018-2019,Yan Gomes,"$5,950,000"
8784,2018-2019,Pedro Strop,"$5,850,000"
8785,2018-2019,Tucker Barnhart,"$5,750,000"
8786,2018-2019,Scooter Gennett,"$5,700,000"
8787,2018-2019,Lonnie Chisenhall,"$5,587,500"
8788,2018-2019,David Phelps,"$5,550,000"
8789,2018-2019,Kevin Kiermaier,"$5,500,000"
8790,2018-2019,Logan Morrison,"$5,500,000"
8791,2018-2019,Michael Wacha,"$5,300,000"
8792,2018-2019,Chase Anderson,"$5,250,000"
8793,2018-2019,Marwin Gonzalez,"$5,125,000"
8794,2018-2019,Dellin Betances,"$5,100,000"
8795,2018-2019,César Hernández,"$5,100,000"
8796,2018-2019,Luke Gregerson,"$5,000,000"
8797,2018-2019,Collin McHugh,"$5,000,000"
8798,2018-2019,Danny Salazar,"$5,000,000"
8799,2018-2019,Eric Thames,"$5,000,000"
8800,2018-2019,Shelby Miller,"$4,900,000"
8801,2018-2019,James Paxton,"$4,900,000"
8802,2018-2019,Taijuan Walker,"$4,825,000"
8803,2018-2019,Miguel Gonzalez,"$4,750,000"
8804,2018-2019,J.A. Happ,"$4,612,872"
8805,2018-2019,Billy Hamilton,"$4,600,000"
8806,2018-2019,Daniel Hudson,"$4,500,000"
8807,2018-2019,Raisel Iglesias,"$4,500,000"
8808,2018-2019,Jim Johnson,"$4,500,000"
8809,2018-2019,Felipe Vázquez,"$4,500,000"
8810,2018-2019,Kelvin Herrera,"$4,480,875"
8811,2018-2019,Sam Dyson,"$4,425,000"
8812,2018-2019,Carlos Gomez,"$4,400,000"
8813,2018-2019,Zack Britton,"$4,387,088"
8814,2018-2019,Sean Doolittle,"$4,350,000"
8815,2018-2019,Tyler Flowers,"$4,300,000"
8816,2018-2019,Jake Lamb,"$4,275,000"
8817,2018-2019,Fernando Rodney,"$4,250,000"
8818,2018-2019,Eugenio Suarez,"$4,250,000"
8819,2018-2019,Justin Wilson,"$4,250,000"
8820,2018-2019,Kyle Gibson,"$4,200,000"
8821,2018-2019,Erasmo Ramirez,"$4,200,000"
8822,2018-2019,Kyle Hendricks,"$4,175,000"
8823,2018-2019,Welington Castillo,"$4,131,720"
8824,2018-2019,Matt Shoemaker,"$4,125,000"
8825,2018-2019,Justin Smoak,"$4,125,000"
8826,2018-2019,Mike Moustakas,"$4,122,050"
8827,2018-2019,Alex Avila,"$4,000,000"
8828,2018-2019,Jarrod Dyson,"$4,000,000"
8829,2018-2019,Ender Inciarte,"$4,000,000"
8830,2018-2019,Francisco Liriano,"$4,000,000"
8831,2018-2019,Eduardo Nunez,"$4,000,000"
8832,2018-2019,Héctor Rondón,"$4,000,000"
8833,2018-2019,Yangervis Solarte,"$4,000,000"
8834,2018-2019,Jorge Soler,"$4,000,000"
8835,2018-2019,Neil Walker,"$4,000,000"
8836,2018-2019,Kolten Wong,"$4,000,000"
8837,2018-2019,Nate Jones,"$3,950,000"
8838,2018-2019,Robbie Ray,"$3,950,000"
8839,2018-2019,Daniel Murphy,"$3,857,526"
8840,2018-2019,Kurt Suzuki,"$3,850,000"
8841,2018-2019,Alex Colomé,"$3,803,565"
8842,2018-2019,Alcides Escobar,"$3,775,000"
8843,2018-2019,Chris Iannetta,"$3,750,000"
8844,2018-2019,Jimmy Nelson,"$3,700,000"
8845,2018-2019,Corey Knebel,"$3,650,000"
8846,2018-2019,Steven Souza,"$3,550,000"
8847,2018-2019,Wilson Ramos,"$3,500,024"
8848,2018-2019,Brian Duensing,"$3,500,000"
8849,2018-2019,Doug Fister,"$3,500,000"
8850,2018-2019,Yusmeiro Petit,"$3,500,000"
8851,2018-2019,Gregory Polanco,"$3,500,000"
8852,2018-2019,Clayton Richard,"$3,500,000"
8853,2018-2019,Yaisel Sierra,"$3,500,000"
8854,2018-2019,Travis d'Arnaud,"$3,475,000"
8855,2018-2019,Joe Panik,"$3,450,000"
8856,2018-2019,Wilmer Flores,"$3,400,000"
8857,2018-2019,Chris Owings,"$3,400,000"
8858,2018-2019,Arodys Vizcaino,"$3,400,000"
8859,2018-2019,Jon Jay,"$3,387,093"
8860,2018-2019,Tim Beckham,"$3,350,000"
8861,2018-2019,David Peralta,"$3,300,000"
8862,2018-2019,Dan Straily,"$3,284,275"
8863,2018-2019,Brett Anderson,"$3,268,817"
8864,2018-2019,Kevin Pillar,"$3,250,000"
8865,2018-2019,Craig Stammen,"$3,250,000"
8866,2018-2019,Marcus Semien,"$3,125,000"
8867,2018-2019,Jeurys Familia,"$3,067,776"
8868,2018-2019,Stephen Vogt,"$3,065,000"
8869,2018-2019,Addison Russell,"$3,010,752"
8870,2018-2019,Brian Dozier,"$3,000,000"
8871,2018-2019,Logan Forsythe,"$3,000,000"
8872,2018-2019,Odubel Herrera,"$3,000,000"
8873,2018-2019,Yoshihisa Hirano,"$3,000,000"
8874,2018-2019,Jung Ho Kang,"$3,000,000"
8875,2018-2019,Howie Kendrick,"$3,000,000"
8876,2018-2019,Ketel Marte,"$3,000,000"
8877,2018-2019,Bud Norris,"$3,000,000"
8878,2018-2019,Rougned Odor,"$3,000,000"
8879,2018-2019,Colby Rasmus,"$3,000,000"
8880,2018-2019,Drew Smyly,"$3,000,000"
8881,2018-2019,Josh Tomlin,"$3,000,000"
8882,2018-2019,Tony Watson,"$3,000,000"
8883,2018-2019,Darren O'Day,"$2,999,994"
8884,2018-2019,Brad Ziegler,"$2,999,994"
8885,2018-2019,Denard Span,"$2,991,923"
8886,2018-2019,Noah Syndergaard,"$2,975,000"
8887,2018-2019,Mike Zunino,"$2,975,000"
8888,2018-2019,Maikel Franco,"$2,950,000"
8889,2018-2019,Brandon Maurer,"$2,950,000"
8890,2018-2019,Derek Dietrich,"$2,900,000"
8891,2018-2019,J.T. Realmuto,"$2,900,000"
8892,2018-2019,Asdrubal Cabrera,"$2,883,075"
8893,2018-2019,Jared Hughes,"$2,875,000"
8894,2018-2019,Joakim Soria,"$2,838,709"
8895,2018-2019,Jonathan Schoop,"$2,833,338"
8896,2018-2019,Aaron Hicks,"$2,825,000"
8897,2018-2019,Randal Grichuk,"$2,800,000"
8898,2018-2019,Will Harris,"$2,800,000"
8899,2018-2019,David Hernandez,"$2,800,000"
8900,2018-2019,Brandon Guyer,"$2,750,000"
8901,2018-2019,Nick Vincent,"$2,750,000"
8902,2018-2019,José Ramírez,"$2,728,600"
8903,2018-2019,Aaron Sanchez,"$2,700,000"
8904,2018-2019,Joe Kelly,"$2,601,613"
8905,2018-2019,Joc Pederson,"$2,600,000"
8906,2018-2019,Michael A. Taylor,"$2,525,000"
8907,2018-2019,Matt Albers,"$2,500,000"
8908,2018-2019,Nick Hundley,"$2,500,000"
8909,2018-2019,Wade Miley,"$2,500,000"
8910,2018-2019,Sergio Romo,"$2,500,000"
8911,2018-2019,Will Smith,"$2,500,000"
8912,2018-2019,Bartolo Colon,"$2,450,000"
8913,2018-2019,Lance McCullers,"$2,450,000"
8914,2018-2019,Brad Peacock,"$2,440,000"
8915,2018-2019,James McCann,"$2,375,000"
8916,2018-2019,Eduardo Rodriguez,"$2,375,000"
8917,2018-2019,Kendall Graveman,"$2,360,000"
8918,2018-2019,Yolmer Sánchez,"$2,350,000"
8919,2018-2019,Tony Cingrani,"$2,300,000"
8920,2018-2019,C.J. Cron,"$2,300,000"
8921,2018-2019,Jeremy Jeffress,"$2,300,000"
8922,2018-2019,Carlos Rodon,"$2,300,000"
8923,2018-2019,Robinson Chirinos,"$2,250,000"
8924,2018-2019,Scott Kingery,"$2,250,000"
8925,2018-2019,Brock Holt,"$2,225,000"
8926,2018-2019,Zach Duke,"$2,216,658"
8927,2018-2019,Josh Fields,"$2,200,000"
8928,2018-2019,Mike Foltynewicz,"$2,200,000"
8929,2018-2019,Chris Hatcher,"$2,150,000"
8930,2018-2019,Blake Treinen,"$2,150,000"
8931,2018-2019,Cole Hamels,"$2,096,774"
8932,2018-2019,Chris Archer,"$2,083,324"
8933,2018-2019,Tyler Thornburg,"$2,050,000"
8934,2018-2019,Chad Bettis,"$2,000,000"
8935,2018-2019,Paul DeJong,"$2,000,000"
8936,2018-2019,Daniel Descalso,"$2,000,000"
8937,2018-2019,Aledmys Diaz,"$2,000,000"
8938,2018-2019,Robbie Grossman,"$2,000,000"
8939,2018-2019,Jeremy Hellickson,"$2,000,000"
8940,2018-2019,Tom Koehler,"$2,000,000"
8941,2018-2019,Jeff Mathis,"$2,000,000"
8942,2018-2019,Wil Myers,"$2,000,000"
8943,2018-2019,Michael Pineda,"$2,000,000"
8944,2018-2019,Jose Reyes,"$2,000,000"
8945,2018-2019,Hector Santiago,"$2,000,000"
8946,2018-2019,Chris Young,"$2,000,000"
8947,2018-2019,Gio Gonzalez,"$1,999,996"
8948,2018-2019,Lance Lynn,"$1,999,996"
8949,2018-2019,Hernán Pérez,"$1,975,000"
8950,2018-2019,Shane Greene,"$1,950,000"
8951,2018-2019,Sandy León,"$1,950,000"
8952,2018-2019,Alex Wilson,"$1,925,000"
8953,2018-2019,Liam Hendriks,"$1,900,000"
8954,2018-2019,Kazuhisa Makita,"$1,900,000"
8955,2018-2019,Jake Marisnick,"$1,900,000"
8956,2018-2019,J.C. Ramírez,"$1,900,000"
8957,2018-2019,Zack Wheeler,"$1,900,000"
8958,2018-2019,Tyler Skaggs,"$1,875,000"
8959,2018-2019,Kevin Gausman,"$1,866,696"
8960,2018-2019,Brad Boxberger,"$1,850,000"
8961,2018-2019,Ian Kinsler,"$1,833,340"
8962,2018-2019,Michael Fiers,"$1,806,448"
8963,2018-2019,Blake Parker,"$1,800,000"
8964,2018-2019,Jenrry Mejia,"$1,792,000"
8965,2018-2019,Roberto Osuna,"$1,766,690"
8966,2018-2019,Shawn Kelley,"$1,755,920"
8967,2018-2019,Chris Carter,"$1,750,000"
8968,2018-2019,Rajai Davis,"$1,750,000"
8969,2018-2019,Derek Holland,"$1,750,000"
8970,2018-2019,Chris Martin,"$1,750,000"
8971,2018-2019,Mike Napoli,"$1,750,000"
8972,2018-2019,Brad Brach,"$1,749,447"
8973,2018-2019,Cory Spangenberg,"$1,700,000"
8974,2018-2019,Eduardo Escobar,"$1,694,875"
8975,2018-2019,Brandon Kintzler,"$1,666,684"
8976,2018-2019,Dylan Bundy,"$1,640,000"
8977,2018-2019,Seunghwan Oh,"$1,630,403"
8978,2018-2019,Enrique Hernandez,"$1,600,000"
8979,2018-2019,Hunter Strickland,"$1,550,000"
8980,2018-2019,Ken Giles,"$1,533,322"
8981,2018-2019,Ryan Madson,"$1,500,013"
8982,2018-2019,Pedro Baez,"$1,500,000"
8983,2018-2019,Tony Barnette,"$1,500,000"
8984,2018-2019,Trevor Cahill,"$1,500,000"
8985,2018-2019,Tyler Clippard,"$1,500,000"
8986,2018-2019,Steven Pearce,"$1,500,000"
8987,2018-2019,Wily Peralta,"$1,500,000"
8988,2018-2019,Roberto Pérez,"$1,500,000"
8989,2018-2019,Tyson Ross,"$1,486,313"
8990,2018-2019,Devon Travis,"$1,450,000"
8991,2018-2019,Blake Wood,"$1,450,000"
8992,2018-2019,Yovani Gallardo,"$1,439,785"
8993,2018-2019,Christian Vazquez,"$1,425,000"
8994,2018-2019,Brad Hand,"$1,392,473"
8995,2018-2019,Martin Maldonado,"$1,383,888"
8996,2018-2019,Nate Karns,"$1,375,000"
8997,2018-2019,Tommy Kahnle,"$1,312,500"
8998,2018-2019,Michael Lorenzen,"$1,312,500"
8999,2018-2019,Chris Rusin,"$1,287,500"
9000,2018-2019,Nick Ahmed,"$1,275,000"
9001,2018-2019,A.J. Ellis,"$1,250,000"
9002,2018-2019,Caleb Joseph,"$1,250,000"
9003,2018-2019,Andrew McCutchen,"$1,229,165"
9004,2018-2019,Luis Garcia,"$1,200,000"
9005,2018-2019,Tyler Lyons,"$1,200,000"
9006,2018-2019,Will Middlebrooks,"$1,200,000"
9007,2018-2019,Scott Van Slyke,"$1,200,000"
9008,2018-2019,Andrew Chafin,"$1,195,000"
9009,2018-2019,Miguel Rojas,"$1,180,000"
9010,2018-2019,Leury García,"$1,175,000"
9011,2018-2019,Oliver Perez,"$1,138,440"
9012,2018-2019,Josh Donaldson,"$1,133,336"
9013,2018-2019,Kyle Barraclough,"$1,113,000"
9014,2018-2019,Adam Warren,"$1,105,026"
9015,2018-2019,Cam Bedrosian,"$1,100,000"
9016,2018-2019,Rex Brothers,"$1,100,000"
9017,2018-2019,Dan Otero,"$1,100,000"
9018,2018-2019,Austin Romine,"$1,100,000"
9019,2018-2019,Brett Graves,"$1,090,000"
9020,2018-2019,Elieser Hernandez,"$1,090,000"
9021,2018-2019,Chris O'Grady,"$1,090,000"
9022,2018-2019,Caleb Smith,"$1,090,000"
9023,2018-2019,Drew Steckenrider,"$1,090,000"
9024,2018-2019,Dominic Leone,"$1,085,000"
9025,2018-2019,Cameron Maybin,"$1,083,326"
9026,2018-2019,Clay Buchholz,"$1,080,645"
9027,2018-2019,Sam Freeman,"$1,075,000"
9028,2018-2019,Kirby Yates,"$1,062,500"
9029,2018-2019,Jose Alvarez,"$1,050,000"
9030,2018-2019,Danny Farquhar,"$1,050,000"
9031,2018-2019,Jurickson Profar,"$1,050,000"
9032,2018-2019,Andrew Romine,"$1,050,000"
9033,2018-2019,Steven Wright,"$1,011,291"
9034,2018-2019,Ehire Adrianza,"$1,000,000"
9035,2018-2019,Pedro Alvarez,"$1,000,000"
9036,2018-2019,Tim Anderson,"$1,000,000"
9037,2018-2019,Joaquin Benoit,"$1,000,000"
9038,2018-2019,Carlos Correa,"$1,000,000"
9039,2018-2019,Lourdes Gurriel Jr.,"$1,000,000"
9040,2018-2019,Bryan Holaday,"$1,000,000"
9041,2018-2019,Wade LeBlanc,"$1,000,000"
9042,2018-2019,Stephen Piscotty,"$1,000,000"
9043,2018-2019,Aníbal Sánchez,"$1,000,000"
9044,2018-2019,Chase Utley,"$1,000,000"
9045,2018-2019,Justin Bour,"$950,560"
9046,2018-2019,Tommy La Stella,"$950,000"
9047,2018-2019,Matt Szczur,"$950,000"
9048,2018-2019,Matt Duffy,"$930,000"
9049,2018-2019,Jesús Sucre,"$925,000"
9050,2018-2019,Josh Phegley,"$905,000"
9051,2018-2019,Jake Diekman,"$904,146"
9052,2018-2019,Matt Adams,"$881,705"
9053,2018-2019,Ryan Rua,"$870,000"
9054,2018-2019,Anthony DeSclafani,"$860,000"
9055,2018-2019,Jonathan Villar,"$850,020"
9056,2018-2019,T.J. McFarland,"$850,000"
9057,2018-2019,Carson Smith,"$850,000"
9058,2018-2019,Curtis Granderson,"$833,342"
9059,2018-2019,Jacob Lindgren,"$820,000"
9060,2018-2019,Andrew Heaney,"$800,000"
9061,2018-2019,Blaine Hardy,"$795,000"
9062,2018-2019,Edwin Jackson,"$790,370"
9063,2018-2019,Brandon Workman,"$781,086"
9064,2018-2019,Melky Cabrera,"$776,848"
9065,2018-2019,Mark Reynolds,"$763,440"
9066,2018-2019,Craig Gentry,"$750,045"
9067,2018-2019,Ryan Flaherty,"$750,000"
9068,2018-2019,A.J. Griffin,"$750,000"
9069,2018-2019,Dan Jennings,"$750,000"
9070,2018-2019,Mike Morin,"$750,000"
9071,2018-2019,Edward Mujica,"$750,000"
9072,2018-2019,Shae Simmons,"$750,000"
9073,2018-2019,Nathan Eovaldi,"$731,204"
9074,2018-2019,Chaz Roe,"$720,000"
9075,2018-2019,Guillermo Heredia,"$714,680"
9076,2018-2019,Wade LeBlanc,"$700,000"
9077,2018-2019,David Freese,"$685,470"
9078,2018-2019,Javier Báez,"$657,000"
9079,2018-2019,Robbie Erlin,"$650,000"
9080,2018-2019,Trevor May,"$650,000"
9081,2018-2019,Francisco Pena,"$650,000"
9082,2018-2019,Francisco Lindor,"$623,200"
9083,2018-2019,Aaron Judge,"$622,300"
9084,2018-2019,Andrew Benintendi,"$620,500"
9085,2018-2019,Gary Sánchez,"$620,400"
9086,2018-2019,Mike Montgomery,"$611,250"
9087,2018-2019,Dan Winkler,"$610,000"
9088,2018-2019,Jake Petricka,"$608,043"
9089,2018-2019,Michael Conforto,"$605,094"
9090,2018-2019,Matt Barnes,"$605,000"
9091,2018-2019,Corey Seager,"$605,000"
9092,2018-2019,Luis Severino,"$604,975"
9093,2018-2019,Willson Contreras,"$604,500"
9094,2018-2019,Kyle Schwarber,"$604,500"
9095,2018-2019,Aaron Loup,"$604,190"
9096,2018-2019,Eddie Rosario,"$602,500"
9097,2018-2019,Lucas Duda,"$601,075"
9098,2018-2019,Pedro Florimón,"$600,000"
9099,2018-2019,Chris Devenski,"$599,200"
9100,2018-2019,Alex Bregman,"$599,000"
9101,2018-2019,Roenis Elias,"$598,000"
9102,2018-2019,C.J. Edwards,"$594,000"
9103,2018-2019,Max Kepler,"$587,500"
9104,2018-2019,Cody Bellinger,"$585,000"
9105,2018-2019,Albert Almora,"$584,500"
9106,2018-2019,Leonys Martin,"$583,358"
9107,2018-2019,Greg Bird,"$582,000"
9108,2018-2019,Archie Bradley,"$581,900"
9109,2018-2019,Heath Hembree,"$581,500"
9110,2018-2019,Jordan Montgomery,"$580,450"
9111,2018-2019,Scott Schebler,"$580,000"
9112,2018-2019,Zack Godley,"$579,200"
9113,2018-2019,Trea Turner,"$577,200"
9114,2018-2019,Steven Matz,"$577,000"
9115,2018-2019,Michael Fulmer,"$575,200"
9116,2018-2019,Charlie Culberson,"$575,000"
9117,2018-2019,Peter Moylan,"$575,000"
9118,2018-2019,Jorge Polanco,"$575,000"
9119,2018-2019,Chris Taylor,"$575,000"
9120,2018-2019,Ryan Tepera,"$574,700"
9121,2018-2019,Jesse Hahn,"$574,000"
9122,2018-2019,Cheslor Cuthbert,"$573,500"
9123,2018-2019,Brian Flynn,"$573,500"
9124,2018-2019,Aaron Nola,"$573,000"
9125,2018-2019,Josh Bell,"$572,500"
9126,2018-2019,Nick Tepesch,"$572,300"
9127,2018-2019,Zach Davies,"$572,000"
9128,2018-2019,Joe Musgrove,"$571,000"
9129,2018-2019,Jameson Taillon,"$571,000"
9130,2018-2019,Edwin Diaz,"$570,800"
9131,2018-2019,Chad Green,"$570,800"
9132,2018-2019,Chad Kuhl,"$570,500"
9133,2018-2019,José Berríos,"$570,000"
9134,2018-2019,Matt Davidson,"$570,000"
9135,2018-2019,Ian Happ,"$570,000"
9136,2018-2019,José Peraza,"$570,000"
9137,2018-2019,Greg Garcia,"$569,600"
9138,2018-2019,Whit Merrifield,"$569,500"
9139,2018-2019,Trevor Williams,"$569,500"
9140,2018-2019,Álex Claudio,"$568,450"
9141,2018-2019,Jerad Eickhoff,"$568,000"
9142,2018-2019,Joe Ross,"$567,900"
9143,2018-2019,Travis Shaw,"$567,400"
9144,2018-2019,Mychal Givens,"$566,500"
9145,2018-2019,Ty Blach,"$565,000"
9146,2018-2019,Grant Dayton,"$565,000"
9147,2018-2019,Jose Ramirez,"$565,000"
9148,2018-2019,Taylor Rogers,"$565,000"
9149,2018-2019,Dansby Swanson,"$565,000"
9150,2018-2019,Rafael Devers,"$564,500"
9151,2018-2019,Seth Lugo,"$564,000"
9152,2018-2019,Nomar Mazara,"$563,560"
9153,2018-2019,Blake Swihart,"$563,500"
9154,2018-2019,Robert Gsellman,"$562,375"
9155,2018-2019,Matthew Boyd,"$562,000"
9156,2018-2019,Jorge Bonifacio,"$561,900"
9157,2018-2019,Nick Goody,"$561,500"
9158,2018-2019,Gorkys Hernández,"$561,500"
9159,2018-2019,Daniel Norris,"$561,400"
9160,2018-2019,Jose Martinez,"$560,400"
9161,2018-2019,Mitch Haniger,"$560,200"
9162,2018-2019,Manuel Pina,"$560,100"
9163,2018-2019,Joey Gallo,"$560,000"
9164,2018-2019,Adam Morgan,"$560,000"
9165,2018-2019,Omar Narváez,"$560,000"
9166,2018-2019,Michael Roth,"$560,000"
9167,2018-2019,Adam Wilk,"$560,000"
9168,2018-2019,Ryon Healy,"$559,200"
9169,2018-2019,Elias Diaz,"$559,000"
9170,2018-2019,Jefry Marte,"$559,000"
9171,2018-2019,Vince Velasquez,"$559,000"
9172,2018-2019,Tyler Naquin,"$558,808"
9173,2018-2019,Mike Clevinger,"$558,500"
9174,2018-2019,Luke Maile,"$558,400"
9175,2018-2019,Blake Snell,"$558,200"
9176,2018-2019,Rafael Montero,"$558,025"
9177,2018-2019,John Ryan Murphy,"$558,000"
9178,2018-2019,Wilmer Difo,"$557,900"
9179,2018-2019,Kevin Plawecki,"$557,471"
9180,2018-2019,Jesús Aguilar,"$557,200"
9181,2018-2019,Max Stassi,"$557,100"
9182,2018-2019,Matt Grace,"$557,000"
9183,2018-2019,Manuel Margot,"$556,900"
9184,2018-2019,Josh Hader,"$556,500"
9185,2018-2019,Trey Mancini,"$556,500"
9186,2018-2019,Edgar Santana,"$556,500"
9187,2018-2019,Brent Suter,"$556,500"
9188,2018-2019,José Ureña,"$556,454"
9189,2018-2019,Jandel Gustave,"$556,400"
9190,2018-2019,Jose Pirela,"$556,200"
9191,2018-2019,T.J. Rivera,"$556,071"
9192,2018-2019,Richard Bleier,"$556,000"
9193,2018-2019,Dinelson Lamet,"$555,700"
9194,2018-2019,Ozzie Albies,"$555,000"
9195,2018-2019,Tyler Anderson,"$555,000"
9196,2018-2019,Austin Barnes,"$555,000"
9197,2018-2019,Ryan Buchter,"$555,000"
9198,2018-2019,Johan Camargo,"$555,000"
9199,2018-2019,Shane Carle,"$555,000"
9200,2018-2019,Luis Castillo,"$555,000"
9201,2018-2019,Lucas Giolito,"$555,000"
9202,2018-2019,Trevor Hildenberger,"$555,000"
9203,2018-2019,Reynaldo López,"$555,000"
9204,2018-2019,A.J. Minter,"$555,000"
9205,2018-2019,Yoan Moncada,"$555,000"
9206,2018-2019,Sean Newcomb,"$555,000"
9207,2018-2019,Trevor Story,"$555,000"
9208,2018-2019,Ross Stripling,"$555,000"
9209,2018-2019,Albert Suarez,"$555,000"
9210,2018-2019,Buck Farmer,"$554,800"
9211,2018-2019,Jake Junis,"$554,250"
9212,2018-2019,Marco Hernandez,"$554,000"
9213,2018-2019,Hunter Renfroe,"$553,800"
9214,2018-2019,Mike Wright,"$553,500"
9215,2018-2019,Austin Hedges,"$553,100"
9216,2018-2019,Miguel Castro,"$553,000"
9217,2018-2019,Nicky Delmonico,"$553,000"
9218,2018-2019,Mallex Smith,"$553,000"
9219,2018-2019,Nick Williams,"$553,000"
9220,2018-2019,Bryan Mitchell,"$552,800"
9221,2018-2019,Matt Strahm,"$552,700"
9222,2018-2019,Rhys Hoskins,"$552,500"
9223,2018-2019,Burch Smith,"$552,400"
9224,2018-2019,Adam Engel,"$552,000"
9225,2018-2019,Alex Dickerson,"$551,600"
9226,2018-2019,Alex Meyer,"$551,500"
9227,2018-2019,John Hicks,"$551,300"
9228,2018-2019,Keynan Middleton,"$551,000"
9229,2018-2019,Nick Pivetta,"$551,000"
9230,2018-2019,Marco Gonzales,"$550,300"
9231,2018-2019,Jharel Cotton,"$550,000"
9232,2018-2019,Kyle Freeland,"$550,000"
9233,2018-2019,Sean Manaea,"$550,000"
9234,2018-2019,Colin Moran,"$550,000"
9235,2018-2019,Germán Márquez,"$550,000"
9236,2018-2019,Chad Pinder,"$550,000"
9237,2018-2019,Andrew Triggs,"$550,000"
9238,2018-2019,Tony Wolters,"$550,000"
9239,2018-2019,Jose Alvarado,"$549,800"
9240,2018-2019,Delino DeShields,"$549,458"
9241,2018-2019,Jacoby Jones,"$549,400"
9242,2018-2019,Gabriel Ynoa,"$549,000"
9243,2018-2019,Amed Rosario,"$548,940"
9244,2018-2019,Noé Ramirez,"$548,500"
9245,2018-2019,Christian Villanueva,"$548,500"
9246,2018-2019,Jeimer Candelario,"$548,300"
9247,2018-2019,Daniel Robertson,"$548,300"
9248,2018-2019,Brian Johnson,"$548,000"
9249,2018-2019,Erik Gonzalez,"$547,800"
9250,2018-2019,Paul Blackburn,"$547,500"
9251,2018-2019,Matt Chapman,"$547,500"
9252,2018-2019,Mitch Garver,"$547,500"
9253,2018-2019,Matt Olson,"$547,500"
9254,2018-2019,Ben Heller,"$547,475"
9255,2018-2019,Joe Jimenez,"$547,200"
9256,2018-2019,Jorge Alfaro,"$547,000"
9257,2018-2019,Hector Velazquez,"$547,000"
9258,2018-2019,Brandon Nimmo,"$546,987"
9259,2018-2019,Franchy Cordero,"$546,500"
9260,2018-2019,Ronald Herrera,"$546,000"
9261,2018-2019,Ryan Merritt,"$545,800"
9262,2018-2019,Jose De Leon,"$545,600"
9263,2018-2019,Alex Reyes,"$545,600"
9264,2018-2019,Victor Arano,"$545,500"
9265,2018-2019,Brian Anderson,"$545,000"
9266,2018-2019,Cody Anderson,"$545,000"
9267,2018-2019,Pedro Araujo,"$545,000"
9268,2018-2019,Luke Bard,"$545,000"
9269,2018-2019,Clayton Blackburn,"$545,000"
9270,2018-2019,Lewis Brinson,"$545,000"
9271,2018-2019,Nick Burdi,"$545,000"
9272,2018-2019,Garrett Cooper,"$545,000"
9273,2018-2019,Nestor Cortes,"$545,000"
9274,2018-2019,Thairo Estrada,"$545,000"
9275,2018-2019,Julian Fernández,"$545,000"
9276,2018-2019,Amir Garrett,"$545,000"
9277,2018-2019,Rayan Gonzalez,"$545,000"
9278,2018-2019,Niko Goodrum,"$545,000"
9279,2018-2019,Zack Granite,"$545,000"
9280,2018-2019,Junior Guerra,"$545,000"
9281,2018-2019,Tayron Guerrero,"$545,000"
9282,2018-2019,Jordan Hicks,"$545,000"
9283,2018-2019,Tim Hill,"$545,000"
9284,2018-2019,Brent Honeywell,"$545,000"
9285,2018-2019,Jason Hursh,"$545,000"
9286,2018-2019,Brad Keller,"$545,000"
9287,2018-2019,Chris Lee,"$545,000"
9288,2018-2019,Austin Maddox,"$545,000"
9289,2018-2019,Jordan Milbrath,"$545,000"
9290,2018-2019,Reyes Moronta,"$545,000"
9291,2018-2019,Zach Neal,"$545,000"
9292,2018-2019,Justin Nicolino,"$545,000"
9293,2018-2019,Shohei Ohtani,"$545,000"
9294,2018-2019,Manny Parra,"$545,000"
9295,2018-2019,Víctor Reyes,"$545,000"
9296,2018-2019,Yadiel Rivera,"$545,000"
9297,2018-2019,Sal Romano,"$545,000"
9298,2018-2019,Pablo Sandoval,"$545,000"
9299,2018-2019,Eric Skoglund,"$545,000"
9300,2018-2019,Jhonatan Solano,"$545,000"
9301,2018-2019,Bubba Starling,"$545,000"
9302,2018-2019,Chris Tillman,"$545,000"
9303,2018-2019,Carlos Tocci,"$545,000"
9304,2018-2019,Jose Torres,"$545,000"
9305,2018-2019,Nik Turley,"$545,000"
9306,2018-2019,Joey Wendle,"$545,000"
9307,2018-2019,Jesse Winker,"$545,000"
9308,2018-2019,Ryan Yarbrough,"$542,050"
9309,2018-2019,Miguel Andujar,"$539,856"
9310,2018-2019,Matt Andriese,"$537,358"
9311,2018-2019,Harrison Bader,"$530,330"
9312,2018-2019,Scott Alexander,"$520,432"
9313,2018-2019,Daniel Stumpf,"$519,400"
9314,2018-2019,Mark Canha,"$518,144"
9315,2018-2019,James Pazos,"$515,194"
9316,2018-2019,Jon Gray,"$513,248"
9317,2018-2019,Alex Blandino,"$512,750"
9318,2018-2019,Walker Buehler,"$512,750"
9319,2018-2019,Joey Lucchesi,"$512,750"
9320,2018-2019,Luke Weaver,"$512,253"
9321,2018-2019,Jonathan Holder,"$512,216"
9322,2018-2019,Isiah Kiner-Falefa,"$509,820"
9323,2018-2019,Kevin McCarthy,"$509,580"
9324,2018-2019,Edubray Ramos,"$506,260"
9325,2018-2019,Steven Brault,"$506,155"
9326,2018-2019,Nick Tropeano,"$503,960"
9327,2018-2019,Julio Urias,"$502,690"
9328,2018-2019,Jose Leclerc,"$501,761"
9329,2018-2019,Koda Glover,"$501,254"
9330,2018-2019,Ben Gamel,"$501,167"
9331,2018-2019,Kyle Crick,"$501,030"
9332,2018-2019,Ronald Guzman,"$501,030"
9333,2018-2019,Teoscar Hernandez,"$501,030"
9334,2018-2019,Richard Rodriguez,"$501,030"
9335,2018-2019,Andrew Knapp,"$500,820"
9336,2018-2019,John Axford,"$500,030"
9337,2018-2019,Jake Faria,"$498,328"
9338,2018-2019,Emilio Pagan,"$498,100"
9339,2018-2019,René Rivera,"$496,782"
9340,2018-2019,Michael Feliz,"$491,946"
9341,2018-2019,Jake Smolinski,"$491,706"
9342,2018-2019,Max Muncy,"$489,310"
9343,2018-2019,Taylor Williams,"$489,310"
9344,2018-2019,Hansel Robles,"$489,300"
9345,2018-2019,Ryan Goins,"$489,216"
9346,2018-2019,Phil Maton,"$486,750"
9347,2018-2019,Jesse Biddle,"$486,380"
9348,2018-2019,J.P. Crawford,"$483,945"
9349,2018-2019,A.J. Cole,"$480,585"
9350,2018-2019,Danny Barnes,"$480,021"
9351,2018-2019,Mike Mayers,"$477,590"
9352,2018-2019,Paul Sewald,"$475,840"
9353,2018-2019,Matt Bush,"$475,251"
9354,2018-2019,Justin Anderson,"$474,660"
9355,2018-2019,Gleyber Torres,"$474,660"
9356,2018-2019,Lou Trivino,"$474,660"
9357,2018-2019,Orlando Arcia,"$472,413"
9358,2018-2019,Daniel Hudson,"$468,800"
9359,2018-2019,Eric Lauer,"$468,800"
9360,2018-2019,Daniel Palka,"$468,800"
9361,2018-2019,Freddy Peralta,"$468,800"
9362,2018-2019,Jace Peterson,"$468,800"
9363,2018-2019,Ronald Acuña Jr.,"$465,870"
9364,2018-2019,Jose Lobaton,"$463,680"
9365,2018-2019,Miguel Sano,"$463,177"
9366,2018-2019,Travis Jankowski,"$462,520"
9367,2018-2019,Alen Hanson,"$457,080"
9368,2018-2019,Matt Magill,"$457,080"
9369,2018-2019,A.J. Schugel,"$454,152"
9370,2018-2019,Yairo Munoz,"$454,150"
9371,2018-2019,Andrew Suarez,"$454,150"
9372,2018-2019,Scott Oberg,"$453,568"
9373,2018-2019,David Dahl,"$452,421"
9374,2018-2019,Tyler Mahle,"$451,220"
9375,2018-2019,Wandy Peralta,"$449,550"
9376,2018-2019,Chasen Bradford,"$448,290"
9377,2018-2019,Michael Soroka,"$448,290"
9378,2018-2019,Chris Stratton,"$445,500"
9379,2018-2019,Rookie Davis,"$442,430"
9380,2018-2019,Jacob Barnes,"$441,735"
9381,2018-2019,Dan Altavilla,"$440,444"
9382,2018-2019,Aaron Altherr,"$440,336"
9383,2018-2019,Jace Fry,"$439,500"
9384,2018-2019,Tyler Olson,"$439,252"
9385,2018-2019,J.T. Chargois,"$437,636"
9386,2018-2019,Thomas Pannone,"$436,570"
9387,2018-2019,Jack Flaherty,"$433,640"
9388,2018-2019,Tanner Scott,"$433,640"
9389,2018-2019,Victor Caratini,"$432,768"
9390,2018-2019,Seranthony Dominguez,"$430,710"
9391,2018-2019,Miguel Díaz,"$430,710"
9392,2018-2019,Harrison Musgrave,"$430,710"
9393,2018-2019,Drew VerHagen,"$429,925"
9394,2018-2019,Nick Franklin,"$427,780"
9395,2018-2019,Joseph Biagini,"$424,850"
9396,2018-2019,Hector Neris,"$422,820"
9397,2018-2019,Zach Eflin,"$421,920"
9398,2018-2019,Sam Gaviglio,"$418,990"
9399,2018-2019,Spencer Kieboom,"$418,990"
9400,2018-2019,Ryne Stanek,"$418,990"
9401,2018-2019,Daniel Mengden,"$418,048"
9402,2018-2019,Louis Coleman,"$416,060"
9403,2018-2019,Trevor Richards,"$416,060"
9404,2018-2019,Daniel Gossett,"$415,104"
9405,2018-2019,Hunter Dozier,"$410,200"
9406,2018-2019,Pat Valaika,"$408,066"
9407,2018-2019,Neil Ramirez,"$407,270"
9408,2018-2019,Tyler Saladino,"$407,092"
9409,2018-2019,Tony Kemp,"$404,340"
9410,2018-2019,Jackson Stephens,"$404,340"
9411,2018-2019,Sammy Solis,"$403,608"
9412,2018-2019,Keone Kela,"$400,024"
9413,2018-2019,Jaime Barria,"$398,480"
9414,2018-2019,Yonny Chirinos,"$398,480"
9415,2018-2019,Adam Conley,"$398,480"
9416,2018-2019,Dylan Covey,"$398,480"
9417,2018-2019,Erik Goeddel,"$398,480"
9418,2018-2019,Jesse Chavez,"$397,824"
9419,2018-2019,Deven Marrero,"$395,489"
9420,2018-2019,Juan Soto,"$392,620"
9421,2018-2019,Yimi Garcia,"$389,505"
9422,2018-2019,Ronald Torreyes,"$387,153"
9423,2018-2019,Vidal Nuno,"$383,830"
9424,2018-2019,Drew Butera,"$383,346"
9425,2018-2019,Jarlin Garcia,"$381,952"
9426,2018-2019,Juan Minaya,"$381,000"
9427,2018-2019,Ji-Man Choi,"$379,310"
9428,2018-2019,Wilmer Font,"$378,496"
9429,2018-2019,Erik Kratz,"$377,970"
9430,2018-2019,Justin Miller,"$377,970"
9431,2018-2019,Noel Cuevas,"$375,040"
9432,2018-2019,John Gant,"$375,040"
9433,2018-2019,J.T. Riddle,"$375,040"
9434,2018-2019,Pedro Severino,"$375,040"
9435,2018-2019,Chris Herrmann,"$372,110"
9436,2018-2019,Luke Jackson,"$372,110"
9437,2018-2019,Dereck Rodriguez,"$369,180"
9438,2018-2019,John Brebbia,"$368,032"
9439,2018-2019,Pierce Johnson,"$366,250"
9440,2018-2019,Boog Powell,"$366,250"
9441,2018-2019,Antonio Senzatela,"$366,250"
9442,2018-2019,Chance Sisco,"$364,312"
9443,2018-2019,David Freitas,"$363,320"
9444,2018-2019,Dennis Santana,"$363,320"
9445,2018-2019,Ryan McMahon,"$361,743"
9446,2018-2019,Wander Suero,"$360,390"
9447,2018-2019,Curt Casali,"$357,460"
9448,2018-2019,Domingo Santana,"$356,932"
9449,2018-2019,Jose Castillo,"$354,530"
9450,2018-2019,Justin Hancock,"$354,530"
9451,2018-2019,Randy Rosario,"$354,530"
9452,2018-2019,Drew Rucinski,"$351,600"
9453,2018-2019,José Briceño,"$348,670"
9454,2018-2019,Joey Rickard,"$348,670"
9455,2018-2019,Domingo German,"$347,746"
9456,2018-2019,Diego Castillo,"$345,740"
9457,2018-2019,Felix Pena,"$345,740"
9458,2018-2019,Kevan Smith,"$345,740"
9459,2018-2019,Greg Allen,"$342,810"
9460,2018-2019,David Hess,"$342,810"
9461,2018-2019,Dustin Fowler,"$341,504"
9462,2018-2019,Jake Bauers,"$339,880"
9463,2018-2019,Dean Deetz,"$339,880"
9464,2018-2019,Franmil Reyes,"$339,880"
9465,2018-2019,Luis Perdomo,"$338,217"
9466,2018-2019,Brandon Dixon,"$336,950"
9467,2018-2019,Yacksel Ríos,"$336,950"
9468,2018-2019,J.B. Shuck,"$334,656"
9469,2018-2019,Kelby Tomlinson,"$331,210"
9470,2018-2019,Caleb Ferguson,"$328,160"
9471,2018-2019,Carlos Pérez,"$328,160"
9472,2018-2019,Matt Belisle,"$325,230"
9473,2018-2019,Erick Fedde,"$325,230"
9474,2018-2019,David Fletcher,"$325,230"
9475,2018-2019,Austin Gomber,"$322,300"
9476,2018-2019,Matt Koch,"$322,300"
9477,2018-2019,Tim Mayza,"$322,300"
9478,2018-2019,Artie Lewicki,"$319,370"
9479,2018-2019,Joe Palumbo,"$319,370"
9480,2018-2019,Carlos Estevez,"$319,356"
9481,2018-2019,Drew Robinson,"$315,222"
9482,2018-2019,Luis Cessa,"$315,077"
9483,2018-2019,Jake Cave,"$313,510"
9484,2018-2019,John Lamb,"$313,510"
9485,2018-2019,Ronny Rodriguez,"$313,510"
9486,2018-2019,Austin Davis,"$310,580"
9487,2018-2019,Rosell Herrera,"$310,580"
9488,2018-2019,Adalberto Mondesi,"$310,580"
9489,2018-2019,Austin Slater,"$310,580"
9490,2018-2019,Matt Bowman,"$310,284"
9491,2018-2019,Jacob Rhame,"$305,136"
9492,2018-2019,Heath Fillmyer,"$304,720"
9493,2018-2019,Austin Wynns,"$304,720"
9494,2018-2019,Phillip Ervin,"$301,790"
9495,2018-2019,Hunter Wood,"$301,790"
9496,2018-2019,Ryan Dull,"$301,384"
9497,2018-2019,Carlos Asuaje,"$298,758"
9498,2018-2019,Clint Frazier,"$297,594"
9499,2018-2019,Byron Buxton,"$296,210"
9500,2018-2019,Grayson Greiner,"$295,930"
9501,2018-2019,Jake Jewell,"$295,930"
9502,2018-2019,Tyler O'Neill,"$295,930"
9503,2018-2019,David Bote,"$293,000"
9504,2018-2019,Aaron Bummer,"$293,000"
9505,2018-2019,Max Fried,"$293,000"
9506,2018-2019,Mikie Mahtook,"$292,261"
9507,2018-2019,Dixon Machado,"$291,648"
9508,2018-2019,Nick Wittgren,"$290,070"
9509,2018-2019,Andrew Kittredge,"$288,806"
9510,2018-2019,Austin Brice,"$288,512"
9511,2018-2019,Tyler Bashlor,"$287,140"
9512,2018-2019,Corey Oswalt,"$287,140"
9513,2018-2019,Shane Bieber,"$284,210"
9514,2018-2019,Chasen Shreve,"$283,840"
9515,2018-2019,Cory Gearrin,"$279,155"
9516,2018-2019,Tyler White,"$278,350"
9517,2018-2019,Allen Córdoba,"$277,206"
9518,2018-2019,Jason Adam,"$275,420"
9519,2018-2019,Paul Fry,"$275,420"
9520,2018-2019,Bruce Rondón,"$275,420"
9521,2018-2019,Raudy Read,"$272,955"
9522,2018-2019,Willy Adames,"$272,490"
9523,2018-2019,Kyle Higashioka,"$272,490"
9524,2018-2019,Pablo López,"$272,490"
9525,2018-2019,Tim Peterson,"$272,490"
9526,2018-2019,Yefry Ramírez,"$272,490"
9527,2018-2019,Tim Collins,"$266,630"
9528,2018-2019,Aaron Slegers,"$266,630"
9529,2018-2019,Jim Adduci,"$263,700"
9530,2018-2019,Franklin Barreto,"$263,700"
9531,2018-2019,Odrisamer Despaigne,"$263,700"
9532,2018-2019,Nick Kingham,"$263,700"
9533,2018-2019,Ben Meyer,"$263,700"
9534,2018-2019,Rhiner Cruz,"$260,770"
9535,2018-2019,Gabriel Moya,"$260,770"
9536,2018-2019,Austin Pruitt,"$260,770"
9537,2018-2019,Drew Smith,"$260,770"
9538,2018-2019,Zac Rosscup,"$259,120"
9539,2018-2019,Ryan Borucki,"$254,910"
9540,2018-2019,Dilson Herrera,"$254,910"
9541,2018-2019,Warwick Saupold,"$254,474"
9542,2018-2019,Phillip Evans,"$253,640"
9543,2018-2019,Corbin Burnes,"$251,989"
9544,2018-2019,Dylan Floro,"$251,980"
9545,2018-2019,Tom Murphy,"$251,980"
9546,2018-2019,Andrew Stevenson,"$251,980"
9547,2018-2019,Steve Wilkerson,"$251,980"
9548,2018-2019,Chase d'Arnaud,"$251,980"
9549,2018-2019,Tommy Milone,"$251,628"
9550,2018-2019,Colin Rea,"$250,908"
9551,2018-2019,Ryan Brasier,"$249,050"
9552,2018-2019,Steven Duggar,"$249,050"
9553,2018-2019,Evan Marshall,"$249,050"
9554,2018-2019,Robert Stock,"$249,050"
9555,2018-2019,Javy Guerra,"$246,120"
9556,2018-2019,Kaleb Cowart,"$243,190"
9557,2018-2019,Jeanmar Gomez,"$240,260"
9558,2018-2019,Nick Martini,"$240,260"
9559,2018-2019,Adam Plutko,"$240,260"
9560,2018-2019,Rob Refsnyder,"$240,260"
9561,2018-2019,Kyle Farmer,"$237,330"
9562,2018-2019,Ricardo Rodríguez,"$237,330"
9563,2018-2019,Jose Rondon,"$237,330"
9564,2018-2019,Tyler Wade,"$237,120"
9565,2018-2019,Casey Lawrence,"$234,400"
9566,2018-2019,Tzu-Wei Lin,"$234,400"
9567,2018-2019,Luis Sardiñas,"$234,400"
9568,2018-2019,J.D. Davis,"$233,682"
9569,2018-2019,Victor Alcantara,"$231,470"
9570,2018-2019,Jordan Lyles,"$229,824"
9571,2018-2019,Dan Vogelbach,"$228,852"
9572,2018-2019,Yency Almonte,"$228,540"
9573,2018-2019,Dylan Cozens,"$228,540"
9574,2018-2019,Derek Fisher,"$226,556"
9575,2018-2019,Adam Kolarek,"$225,610"
9576,2018-2019,Brandon Drury,"$220,704"
9577,2018-2019,Tomás Nido,"$219,750"
9578,2018-2019,Dominic Smith,"$219,750"
9579,2018-2019,Adam Cimber,"$216,820"
9580,2018-2019,Danny Coulombe,"$216,820"
9581,2018-2019,José Osuna,"$216,820"
9582,2018-2019,Adam Duvall,"$215,016"
9583,2018-2019,Ray Black,"$213,890"
9584,2018-2019,Adalberto Mejia,"$213,890"
9585,2018-2019,Renato Nunez,"$213,890"
9586,2018-2019,Glenn Sparkman,"$213,890"
9587,2018-2019,Dovydas Neverauskas,"$212,787"
9588,2018-2019,Adam Frazier,"$211,830"
9589,2018-2019,Brian Goodwin,"$211,438"
9590,2018-2019,Ryan Carpenter,"$210,960"
9591,2018-2019,Cody Reed,"$210,960"
9592,2018-2019,Brandon Woodruff,"$210,018"
9593,2018-2019,Frankie Montas,"$208,030"
9594,2018-2019,Jacob Stallings,"$208,030"
9595,2018-2019,Bruce Maxwell,"$206,990"
9596,2018-2019,Sandy Alcantara,"$205,100"
9597,2018-2019,Silvino Bracho,"$205,100"
9598,2018-2019,Keon Broxton,"$205,100"
9599,2018-2019,Taylor Cole,"$205,100"
9600,2018-2019,Gregorio Petit,"$205,100"
9601,2018-2019,Trevor Gott,"$202,912"
9602,2018-2019,Eddie Butler,"$202,554"
9603,2018-2019,Alan Busenitz,"$202,170"
9604,2018-2019,Jeff McNeil,"$202,170"
9605,2018-2019,Bradley Zimmer,"$201,484"
9606,2018-2019,Magneuris Sierra,"$201,480"
9607,2018-2019,Lorenzo Quintana,"$200,000"
9608,2018-2019,Ryan LaMarre,"$199,552"
9609,2018-2019,Austin Bibens-Dirkx,"$199,240"
9610,2018-2019,Jaime Schultz,"$199,240"
9611,2018-2019,Shane Robinson,"$199,212"
9612,2018-2019,Francisco Arcia,"$196,310"
9613,2018-2019,Jalen Beeks,"$196,310"
9614,2018-2019,Cedric Mullins,"$196,310"
9615,2018-2019,Cionel Perez,"$196,310"
9616,2018-2019,Michael Perez,"$196,310"
9617,2018-2019,Thyago Vieira,"$196,310"
9618,2018-2019,Mason Williams,"$196,310"
9619,2018-2019,Luiz Gohara,"$193,960"
9620,2018-2019,Ryan Cook,"$193,380"
9621,2018-2019,Dakota Hudson,"$193,380"
9622,2018-2019,Austin Jackson,"$193,380"
9623,2018-2019,Ariel Jurado,"$193,380"
9624,2018-2019,Brandon Mann,"$193,380"
9625,2018-2019,Roman Quinn,"$193,380"
9626,2018-2019,Sam Tuivailala,"$193,380"
9627,2018-2019,Pat Venditte,"$193,380"
9628,2018-2019,Jonny Venters,"$193,380"
9629,2018-2019,Christian Walker,"$193,380"
9630,2018-2019,Eric Young Jr.,"$193,380"
9631,2018-2019,Trayce Thompson,"$190,976"
9632,2018-2019,Brett Phillips,"$190,450"
9633,2018-2019,Tommy Pham,"$190,030"
9634,2018-2019,Luis Guillorme,"$187,520"
9635,2018-2019,Brooks Pounders,"$187,520"
9636,2018-2019,Mac Williamson,"$187,520"
9637,2018-2019,Tyler Austin,"$186,186"
9638,2018-2019,Johnny Barbato,"$185,787"
9639,2018-2019,Colten Brewer,"$184,590"
9640,2018-2019,Adrián Sanchez,"$184,590"
9641,2018-2019,Anthony Bass,"$181,660"
9642,2018-2019,Isaac Galloway,"$181,660"
9643,2018-2019,Tyler Glasnow,"$181,660"
9644,2018-2019,Ryan O'Hearn,"$181,660"
9645,2018-2019,Jeffrey Springs,"$181,660"
9646,2018-2019,Richard Urena,"$181,660"
9647,2018-2019,Christian Arroyo,"$178,730"
9648,2018-2019,Willians Astudillo,"$178,730"
9649,2018-2019,Daniel Ponce de Leon,"$178,730"
9650,2018-2019,Trevor Plouffe,"$177,430"
9651,2018-2019,Grégor Blanco,"$177,408"
9652,2018-2019,Oliver Drake,"$175,820"
9653,2018-2019,Hanser Alberto,"$175,800"
9654,2018-2019,Tim Federowicz,"$175,800"
9655,2018-2019,Carson Kelly,"$175,800"
9656,2018-2019,Bobby Wahl,"$175,800"
9657,2018-2019,Xavier Cedeño,"$174,995"
9658,2018-2019,Ramon Laureano,"$172,870"
9659,2018-2019,Jefry Rodriguez,"$172,870"
9660,2018-2019,Jose Miguel Fernandez,"$169,940"
9661,2018-2019,Cam Gallagher,"$169,940"
9662,2018-2019,Clay Holmes,"$169,940"
9663,2018-2019,Brandon Lowe,"$169,940"
9664,2018-2019,Jett Bandy,"$168,777"
9665,2018-2019,Paulo Orlando,"$168,080"
9666,2018-2019,Chris Bassitt,"$167,010"
9667,2018-2019,Jabari Blash,"$167,010"
9668,2018-2019,Max Moroff,"$167,010"
9669,2018-2019,Jesmuel Valentín,"$167,010"
9670,2018-2019,Trey Wingenter,"$167,010"
9671,2018-2019,Donnie Hart,"$166,320"
9672,2018-2019,Scott Barlow,"$164,265"
9673,2018-2019,Michael Hermosillo,"$164,080"
9674,2018-2019,Ryan Meisinger,"$164,080"
9675,2018-2019,Braden Shipley,"$164,080"
9676,2018-2019,Luke Voit,"$164,080"
9677,2018-2019,J.B. Wendelken,"$164,080"
9678,2018-2019,Tyler Duffey,"$161,150"
9679,2018-2019,Greg Holland,"$161,150"
9680,2018-2019,Brett Kennedy,"$161,150"
9681,2018-2019,Deck McGuire,"$161,150"
9682,2018-2019,Nick Rumbelow,"$161,150"
9683,2018-2019,Charlie Tilson,"$161,150"
9684,2018-2019,Danny Santana,"$159,678"
9685,2018-2019,Johnny Field,"$158,240"
9686,2018-2019,Willie Calhoun,"$158,220"
9687,2018-2019,Yandy Diaz,"$158,220"
9688,2018-2019,Tyler Kinley,"$158,220"
9689,2018-2019,Bobby Poyner,"$158,220"
9690,2018-2019,Fernando Romero,"$158,220"
9691,2018-2019,Robert Stephenson,"$158,220"
9692,2018-2019,Raimel Tapia,"$158,220"
9693,2018-2019,Chad Wallach,"$155,290"
9694,2018-2019,Jimmy Cordero,"$152,360"
9695,2018-2019,Jhan Mariñez,"$152,360"
9696,2018-2019,Jacob Nix,"$152,360"
9697,2018-2019,Jacob Nottingham,"$152,360"
9698,2018-2019,Carson Fulmer,"$151,368"
9699,2018-2019,Jorge De La Rosa,"$149,430"
9700,2018-2019,Sean Gilmartin,"$149,430"
9701,2018-2019,Danny Jansen,"$146,500"
9702,2018-2019,Zac Reininger,"$146,500"
9703,2018-2019,Kohl Stewart,"$146,500"
9704,2018-2019,Kyle Tucker,"$146,500"
9705,2018-2019,Gordon Beckham,"$143,570"
9706,2018-2019,Cody Carroll,"$143,570"
9707,2018-2019,Taylor Ward,"$143,570"
9708,2018-2019,Garrett Hampson,"$140,640"
9709,2018-2019,Tyler Webb,"$140,640"
9710,2018-2019,Austin Dean,"$137,710"
9711,2018-2019,Jonathan Loaisiga,"$137,710"
9712,2018-2019,Jorge López,"$137,710"
9713,2018-2019,Luis Santos,"$137,710"
9714,2018-2019,Alex Verdugo,"$137,710"
9715,2018-2019,Ty Buttrey,"$134,780"
9716,2018-2019,Sam Howard,"$134,780"
9717,2018-2019,Williams Jerez,"$134,780"
9718,2018-2019,Kevin Newman,"$134,780"
9719,2018-2019,Giovanny Urshela,"$132,660"
9720,2018-2019,Anthony Santander,"$132,210"
9721,2018-2019,Josh Osich,"$132,000"
9722,2018-2019,Tyler Cloyd,"$131,850"
9723,2018-2019,Josh Lucas,"$131,850"
9724,2018-2019,Billy McKinney,"$131,850"
9725,2018-2019,James Norwood,"$131,850"
9726,2018-2019,Trevor Oaks,"$131,850"
9727,2018-2019,Michael Reed,"$131,850"
9728,2018-2019,Patrick Wisdom,"$131,850"
9729,2018-2019,Daniel Zamora,"$131,850"
9730,2018-2019,Brandon Finnegan,"$130,410"
9731,2018-2019,Keury Mella,"$128,920"
9732,2018-2019,Yohander Méndez,"$128,920"
9733,2018-2019,Jake Newberry,"$128,920"
9734,2018-2019,Sam Travis,"$128,920"
9735,2018-2019,Kolby Allard,"$125,990"
9736,2018-2019,Socrates Brito,"$125,990"
9737,2018-2019,John Andreoli,"$123,060"
9738,2018-2019,Stephen Gonsalves,"$123,060"
9739,2018-2019,Casey Kelly,"$123,060"
9740,2018-2019,Andrew Toles,"$122,344"
9741,2018-2019,Adolis García,"$120,130"
9742,2018-2019,Michael Kopech,"$120,130"
9743,2018-2019,Pete Kozma,"$120,130"
9744,2018-2019,Tim Locastro,"$120,130"
9745,2018-2019,Jimmie Sherfy,"$120,130"
9746,2018-2019,Framber Valdez,"$120,130"
9747,2018-2019,Tanner Anderson,"$117,200"
9748,2018-2019,Ryan Burr,"$117,200"
9749,2018-2019,Nick Gardewine,"$117,200"
9750,2018-2019,Jordan Luplow,"$117,200"
9751,2018-2019,Dillon Maples,"$117,200"
9752,2018-2019,Taylor Motter,"$117,200"
9753,2018-2019,Dillon Peters,"$117,200"
9754,2018-2019,Matt Holliday,"$114,270"
9755,2018-2019,Edward Paredes,"$114,270"
9756,2018-2019,Jack Reinheimer,"$114,270"
9757,2018-2019,Moises Sierra,"$114,270"
9758,2018-2019,Juan Centeno,"$112,910"
9759,2018-2019,Adam Moore,"$108,410"
9760,2018-2019,Eduardo Paredes,"$108,410"
9761,2018-2019,Sean Reid-Foley,"$108,410"
9762,2018-2019,Dwight Smith Jr.,"$108,410"
9763,2018-2019,James Hoyt,"$106,820"
9764,2018-2019,Daniel Castro,"$105,480"
9765,2018-2019,Kyle Crockett,"$105,480"
9766,2018-2019,Aramis Garcia,"$105,480"
9767,2018-2019,Jimmy Yacabonis,"$105,480"
9768,2018-2019,William Cuevas,"$102,550"
9769,2018-2019,Austin Voth,"$102,550"
9770,2018-2019,Shawn Armstrong,"$99,620"
9771,2018-2019,José Bautista,"$99,620"
9772,2018-2019,Dawel Lugo,"$99,620"
9773,2018-2019,Josh Rogers,"$99,620"
9774,2018-2019,Luis Urias,"$99,620"
9775,2018-2019,Chris Stewart,"$98,912"
9776,2018-2019,Luis Avilan,"$96,774"
9777,2018-2019,Justin Shafer,"$96,690"
9778,2018-2019,Carlos Torres,"$96,690"
9779,2018-2019,Breyvic Valera,"$96,690"
9780,2018-2019,Mitchell Walding,"$96,690"
9781,2018-2019,Mark Zagunis,"$96,690"
9782,2018-2019,Miguel Almonte,"$93,760"
9783,2018-2019,Sandy Baez,"$93,760"
9784,2018-2019,Ramon Torres,"$93,760"
9785,2018-2019,Bobby Wilson,"$93,760"
9786,2018-2019,Ian Hamilton,"$90,830"
9787,2018-2019,Zack Littell,"$90,830"
9788,2018-2019,Connor Sadzeck,"$90,830"
9789,2018-2019,Chris Shaw,"$90,830"
9790,2018-2019,Touki Toussaint,"$90,830"
9791,2018-2019,Rowan Wick,"$90,830"
9792,2018-2019,Bryse Wilson,"$90,830"
9793,2018-2019,Matt Wisler,"$90,830"
9794,2018-2019,Mark Leiter Jr.,"$88,620"
9795,2018-2019,Mike Tauchman,"$88,230"
9796,2018-2019,Lane Adams,"$87,900"
9797,2018-2019,Jeff Brigham,"$87,900"
9798,2018-2019,Zac Curtis,"$87,900"
9799,2018-2019,John Curtiss,"$87,900"
9800,2018-2019,Taylor Davis,"$87,900"
9801,2018-2019,Jon Edwards,"$87,900"
9802,2018-2019,Jose Fernandez,"$87,900"
9803,2018-2019,Caleb Frare,"$87,900"
9804,2018-2019,Chris Gimenez,"$87,900"
9805,2018-2019,Terrance Gore,"$87,900"
9806,2018-2019,Justin Grimm,"$87,900"
9807,2018-2019,Taylor Guerrieri,"$87,900"
9808,2018-2019,Eric Haase,"$87,900"
9809,2018-2019,Matt Hall,"$87,900"
9810,2018-2019,Eric Hanhold,"$87,900"
9811,2018-2019,Adeiny Hechavarria,"$87,900"
9812,2018-2019,Josh James,"$87,900"
9813,2018-2019,Dean Kiekhefer,"$87,900"
9814,2018-2019,Kris Negrón,"$87,900"
9815,2018-2019,Evan Phillips,"$87,900"
9816,2018-2019,Pablo Reyes,"$87,900"
9817,2018-2019,Robby Scott,"$87,900"
9818,2018-2019,Lucas Sims,"$87,900"
9819,2018-2019,Stephen Tarpley,"$87,900"
9820,2018-2019,Beau Taylor,"$87,900"
9821,2018-2019,Junichi Tazawa,"$87,900"
9822,2018-2019,Tomás Telis,"$87,900"
9823,2018-2019,Blake Trahan,"$87,900"
9824,2018-2019,Andrew Vasquez,"$87,900"
9825,2018-2019,Meibrys Viloria,"$87,900"
9826,2018-2019,Austen Williams,"$87,900"
9827,2018-2019,Kyle Wright,"$87,900"
9828,2018-2019,Preston Tucker,"$85,064"
9829,2018-2019,Chris Bostick,"$84,970"
9830,2018-2019,Enyel De Los Santos,"$84,970"
9831,2018-2019,Drew Gagnon,"$84,970"
9832,2018-2019,Rocky Gale,"$84,970"
9833,2018-2019,Mike Gerber,"$84,970"
9834,2018-2019,Drew Hutchison,"$84,970"
9835,2018-2019,Corban Joseph,"$84,970"
9836,2018-2019,Steven Okert,"$84,970"
9837,2018-2019,Andrew Velazquez,"$84,970"
9838,2018-2019,Nick Ciuffo,"$82,040"
9839,2018-2019,Ryan Cordell,"$82,040"
9840,2018-2019,Chase De Jong,"$82,040"
9841,2018-2019,Ryder Jones,"$82,040"
9842,2018-2019,Yoan López,"$82,040"
9843,2018-2019,Alec Mills,"$82,040"
9844,2018-2019,Ildemaro Vargas,"$82,040"
9845,2018-2019,Buddy Baumann,"$79,407"
9846,2018-2019,Abiatal Avelino,"$79,110"
9847,2018-2019,Brandon Barnes,"$79,110"
9848,2018-2019,Jonathan Davis,"$79,110"
9849,2018-2019,Jaime Garcia,"$79,110"
9850,2018-2019,Gabby Guerrero,"$79,110"
9851,2018-2019,Joe Hudson,"$79,110"
9852,2018-2019,DJ Johnson,"$79,110"
9853,2018-2019,Kevin Kramer,"$79,110"
9854,2018-2019,Ryan Lavarnway,"$79,110"
9855,2018-2019,Kyle McGowin,"$79,110"
9856,2018-2019,Francisco Mejia,"$79,110"
9857,2018-2019,Peter O'Brien,"$79,110"
9858,2018-2019,Luis Ortiz,"$79,110"
9859,2018-2019,CD Pelham,"$79,110"
9860,2018-2019,Brandon Phillips,"$79,110"
9861,2018-2019,Victor Robles,"$79,110"
9862,2018-2019,Adam Rosales,"$79,110"
9863,2018-2019,Jose Ruiz,"$79,110"
9864,2018-2019,Adrian Sampson,"$79,110"
9865,2018-2019,Rowdy Tellez,"$79,110"
9866,2018-2019,Jerry Vasto,"$79,110"
9867,2018-2019,Rio Ruiz,"$77,584"
9868,2018-2019,Jarrod Saltalamacchia,"$76,890"
9869,2018-2019,Merandy Gonzalez,"$76,180"
9870,2018-2019,David Paulino,"$76,180"
9871,2018-2019,Kevin Quackenbush,"$76,180"
9872,2018-2019,Jesús Reyes,"$76,180"
9873,2018-2019,Chance Adams,"$73,250"
9874,2018-2019,Chris Beck,"$73,250"
9875,2018-2019,Tyler Danish,"$73,250"
9876,2018-2019,Reese McGuire,"$73,250"
9877,2018-2019,Brock Stewart,"$73,250"
9878,2018-2019,Parker Bridwell,"$70,320"
9879,2018-2019,Matt Festa,"$70,320"
9880,2018-2019,Preston Guilmet,"$70,320"
9881,2018-2019,Drew Anderson,"$67,390"
9882,2018-2019,Chih-Wei Hu,"$67,390"
9883,2018-2019,Rob Scahill,"$67,390"
9884,2018-2019,Mike Marjama,"$64,548"
9885,2018-2019,Anthony Alford,"$64,460"
9886,2018-2019,Nate Orf,"$64,460"
9887,2018-2019,Josh Ravin,"$64,460"
9888,2018-2019,Matt Reynolds,"$64,460"
9889,2018-2019,Christin Stewart,"$64,460"
9890,2018-2019,Ranger Suarez,"$64,460"
9891,2018-2019,José A. Váldez,"$64,460"
9892,2018-2019,Gregory Infante,"$63,000"
9893,2018-2019,Rob Zastryzny,"$61,532"
9894,2018-2019,Alec Asher,"$61,530"
9895,2018-2019,Tanner Rainey,"$61,530"
9896,2018-2019,Marcus Walden,"$61,530"
9897,2018-2019,Jake Barrett,"$58,600"
9898,2018-2019,Jeff Hoffman,"$58,600"
9899,2018-2019,D.J. Stewart,"$58,600"
9900,2018-2019,Spencer Turnbull,"$58,600"
9901,2018-2019,Brad Wieck,"$58,600"
9902,2018-2019,David Hale,"$55,670"
9903,2018-2019,Kevin Kaczmarski,"$55,670"
9904,2018-2019,Derek Law,"$55,670"
9905,2018-2019,Casey Sadler,"$55,670"
9906,2018-2019,Chad Sobotka,"$55,670"
9907,2018-2019,Hoby Milner,"$53,028"
9908,2018-2019,Gerson Bautista,"$49,810"
9909,2018-2019,Justin Haley,"$49,810"
9910,2018-2019,Ty Kelly,"$49,810"
9911,2018-2019,Cory Mazzoni,"$49,810"
9912,2018-2019,Engelb Vielma,"$49,810"
9913,2018-2019,Myles Straw,"$46,880"
9914,2018-2019,Andrew Susac,"$46,880"
9915,2018-2019,Matt den Dekker,"$46,880"
9916,2018-2019,Randall Delgado,"$43,950"
9917,2018-2019,Reymin Guduan,"$43,950"
9918,2018-2019,Jeff Beliveau,"$41,020"
9919,2018-2019,Adrian Houser,"$41,020"
9920,2018-2019,Walker Lockett,"$41,020"
9921,2018-2019,Anthony Banda,"$38,090"
9922,2018-2019,Rafael Bautista,"$38,090"
9923,2018-2019,Miguel Gómez,"$38,090"
9924,2018-2019,Sherman Johnson,"$38,090"
9925,2018-2019,Justus Sheffield,"$38,090"
9926,2018-2019,Raffy Lopez,"$37,416"
9927,2018-2019,Chris Flexen,"$35,160"
9928,2018-2019,Braxton Lee,"$35,160"
9929,2018-2019,Alex McRae,"$35,160"
9930,2018-2019,Allen Webster,"$35,160"
9931,2018-2019,Dan Butler,"$32,230"
9932,2018-2019,Alfredo González,"$32,230"
9933,2018-2019,Austin Meadows,"$32,230"
9934,2018-2019,Buddy Boshers,"$29,840"
9935,2018-2019,Giovanny Gallegos,"$29,570"
9936,2018-2019,Steve Baron,"$29,300"
9937,2018-2019,Harold Castro,"$29,300"
9938,2018-2019,Kyle McGrath,"$29,300"
9939,2018-2019,D.J. Snelten,"$29,300"
9940,2018-2019,Miguel Socolovich,"$29,300"
9941,2018-2019,Mike Zagurski,"$29,300"
9942,2018-2019,Jeremy Bleich,"$26,370"
9943,2018-2019,Mike Freeman,"$26,370"
9944,2018-2019,Juan Graterol,"$26,370"
9945,2018-2019,Dalton Pompey,"$26,370"
9946,2018-2019,Ben Taylor,"$26,370"
9947,2018-2019,Aaron Wilkerson,"$26,370"
9948,2018-2019,Aristides Aquino,"$23,440"
9949,2018-2019,Edmundo Sosa,"$23,440"
9950,2018-2019,Austin Adams,"$20,510"
9951,2018-2019,Tyler Beede,"$20,510"
9952,2018-2019,Mike Hauschild,"$20,510"
9953,2018-2019,Austin Hays,"$20,510"
9954,2018-2019,John Means,"$20,510"
9955,2018-2019,Akeel Morris,"$20,510"
9956,2018-2019,Carlos Ramirez,"$20,510"
9957,2018-2019,Matt Skole,"$20,510"
9958,2018-2019,Christian Bergman,"$17,580"
9959,2018-2019,A.J. Reed,"$17,580"
9960,2018-2019,Darnell Sweeney,"$17,580"
9961,2018-2019,Jon Berti,"$14,650"
9962,2018-2019,Daniel Corcino,"$14,650"
9963,2018-2019,Osmer Morales,"$14,650"
9964,2018-2019,Wes Parsons,"$14,650"
9965,2018-2019,Tony Renda,"$14,650"
9966,2018-2019,Murphy Smith,"$14,650"
9967,2018-2019,Ryan Weber,"$14,650"
9968,2018-2019,Chase Whitley,"$12,903"
9969,2018-2019,P.J. Conlon,"$11,720"
9970,2018-2019,Brandon Cumpton,"$11,720"
9971,2018-2019,Alexi Ogando,"$11,720"
9972,2018-2019,Brandon Snyder,"$11,720"
9973,2018-2019,Jacob Turner,"$11,720"
9974,2018-2019,Rob Whalen,"$11,720"
9975,2018-2019,Dustin Garneau,"$8,790"
9976,2018-2019,Joey Krehbiel,"$8,790"
9977,2018-2019,Adam McCreery,"$8,790"
9978,2018-2019,Gift Ngoepe,"$8,790"
9979,2018-2019,Jordan Patterson,"$8,790"
9980,2018-2019,Jose Trevino,"$8,790"
9981,2018-2019,Zach Vincej,"$8,790"
9982,2018-2019,Ryan Bollinger,"$5,860"
9983,2018-2019,Scott Copeland,"$5,860"
9984,2018-2019,Hunter Harvey,"$5,860"
9985,2018-2019,George Kontos,"$5,860"
9986,2018-2019,Chris Rowley,"$5,860"
9987,2018-2019,Chad Bell,"$2,955"
9988,2018-2019,Domingo Acevedo,"$2,930"
9989,2018-2019,Eliezer Alvarez,"$2,930"
9990,2018-2019,Ross Detwiler,"$2,930"
9991,2018-2019,Andrés Machado,"$2,930"
9992,2018-2019,Jen-Ho Tseng,"$2,930"
9993,2018-2019,Duane Underwood,"$2,930"
9994,2018-2019,Justin Williams,"$2,930"
9995,2018-2019,Brady Rodgers,$106
9996,2019-2020,Mike Trout,"$36,000,000"
9997,2019-2020,David Price,"$31,000,000"
9998,2019-2020,Clayton Kershaw,"$30,999,998"
9999,2019-2020,Miguel Cabrera,"$30,000,000"
10000,2019-2020,Bryce Harper,"$30,000,000"
10001,2019-2020,Manny Machado,"$30,000,000"
10002,2019-2020,Justin Verlander,"$28,075,000"
10003,2019-2020,Albert Pujols,"$28,000,000"
10004,2019-2020,Felix Hernandez,"$27,857,142"
10005,2019-2020,Nolan Arenado,"$26,050,000"
10006,2019-2020,Giancarlo Stanton,"$26,000,000"
10007,2019-2020,Jake Arrieta,"$25,000,000"
10008,2019-2020,Jon Lester,"$25,000,000"
10009,2019-2020,Joey Votto,"$25,000,000"
10010,2019-2020,Jordan Zimmermann,"$25,000,000"
10011,2019-2020,J.D. Martinez,"$23,750,000"
10012,2019-2020,Josh Donaldson,"$23,000,000"
10013,2019-2020,Johnny Cueto,"$22,000,000"
10014,2019-2020,Masahiro Tanaka,"$22,000,000"
10015,2019-2020,Buster Posey,"$21,400,000"
10016,2019-2020,Jacoby Ellsbury,"$21,142,857"
10017,2019-2020,Freddie Freeman,"$21,050,000"
10018,2019-2020,Charlie Blackmon,"$21,000,000"
10019,2019-2020,Shin-Soo Choo,"$21,000,000"
10020,2019-2020,Rick Porcello,"$21,000,000"
10021,2019-2020,Mookie Betts,"$20,100,000"
10022,2019-2020,Yu Darvish,"$20,000,000"
10023,2019-2020,Alex Gordon,"$20,000,000"
10024,2019-2020,Cole Hamels,"$20,000,000"
10025,2019-2020,Jason Heyward,"$20,000,000"
10026,2019-2020,Eric Hosmer,"$20,000,000"
10027,2019-2020,Yadier Molina,"$20,000,000"
10028,2019-2020,Jeff Samardzija,"$19,500,000"
10029,2019-2020,Robinson Canó,"$19,000,000"
10030,2019-2020,Kyle Seager,"$19,000,000"
10031,2019-2020,Anthony Rendon,"$18,800,000"
10032,2019-2020,Ryan Braun,"$18,000,000"
10033,2019-2020,Wade Davis,"$18,000,000"
10034,2019-2020,Rich Hill,"$18,000,000"
10035,2019-2020,Kenley Jansen,"$18,000,000"
10036,2019-2020,Justin Turner,"$18,000,000"
10037,2019-2020,Justin Upton,"$18,000,000"
10038,2019-2020,Ryan Zimmerman,"$18,000,000"
10039,2019-2020,Hyun-Jin Ryu,"$17,900,000"
10040,2019-2020,Corey Kluber,"$17,500,000"
10041,2019-2020,Michael Brantley,"$17,000,000"
10042,2019-2020,Chris Davis,"$17,000,000"
10043,2019-2020,Nathan Eovaldi,"$17,000,000"
10044,2019-2020,J.A. Happ,"$17,000,000"
10045,2019-2020,Jose Altuve,"$16,500,000"
10046,2019-2020,Khris Davis,"$16,500,000"
10047,2019-2020,Dexter Fowler,"$16,500,000"
10048,2019-2020,Jose Abreu,"$16,015,000"
10049,2019-2020,Brandon Belt,"$16,000,000"
10050,2019-2020,Yasmani Grandal,"$16,000,000"
10051,2019-2020,Paul Goldschmidt,"$15,500,000"
10052,2019-2020,Yasmany Tomas,"$15,500,000"
10053,2019-2020,Danny Duffy,"$15,250,000"
10054,2019-2020,Max Scherzer,"$15,100,000"
10055,2019-2020,Elvis Andrus,"$15,000,000"
10056,2019-2020,Aroldis Chapman,"$15,000,000"
10057,2019-2020,Patrick Corbin,"$15,000,000"
10058,2019-2020,Brandon Crawford,"$15,000,000"
10059,2019-2020,Ian Desmond,"$15,000,000"
10060,2019-2020,Edwin Encarnacion,"$15,000,000"
10061,2019-2020,Charlie Morton,"$15,000,000"
10062,2019-2020,Martín Prado,"$15,000,000"
10063,2019-2020,Chris Sale,"$15,000,000"
10064,2019-2020,Carlos Santana,"$15,000,000"
10065,2019-2020,Yoenis Céspedes,"$14,811,828"
10066,2019-2020,Matt Carpenter,"$14,500,000"
10067,2019-2020,Jason Kipnis,"$14,500,000"
10068,2019-2020,Jean Segura,"$14,350,000"
10069,2019-2020,Lorenzo Cain,"$14,025,000"
10070,2019-2020,Nelson Cruz,"$14,000,000"
10071,2019-2020,Yusei Kikuchi,"$14,000,000"
10072,2019-2020,Mark Melancon,"$14,000,000"
10073,2019-2020,Gerrit Cole,"$13,500,000"
10074,2019-2020,Mark Trumbo,"$13,500,000"
10075,2019-2020,Zack Britton,"$13,000,000"
10076,2019-2020,Dallas Keuchel,"$13,000,000"
10077,2019-2020,A.J. Pollock,"$13,000,000"
10078,2019-2020,Josh Reddick,"$13,000,000"
10079,2019-2020,Andrelton Simmons,"$13,000,000"
10080,2019-2020,Dee Strange-Gordon,"$13,000,000"
10081,2019-2020,Kris Bryant,"$12,900,000"
10082,2019-2020,Miles Mikolas,"$12,750,000"
10083,2019-2020,Zack Cozart,"$12,666,666"
10084,2019-2020,Tyler Chatwood,"$12,500,000"
10085,2019-2020,Evan Longoria,"$12,500,000"
10086,2019-2020,Dustin Pedroia,"$12,500,000"
10087,2019-2020,Marcell Ozuna,"$12,250,000"
10088,2019-2020,Xander Bogaerts,"$12,000,000"
10089,2019-2020,Madison Bumgarner,"$12,000,000"
10090,2019-2020,Marwin Gonzalez,"$12,000,000"
10091,2019-2020,Randal Grichuk,"$12,000,000"
10092,2019-2020,D.J. LeMahieu,"$12,000,000"
10093,2019-2020,George Springer,"$12,000,000"
10094,2019-2020,Jacob deGrom,"$12,000,000"
10095,2019-2020,Didi Gregorius,"$11,750,000"
10096,2019-2020,Carlos Martinez,"$11,500,000"
10097,2019-2020,Andrew Miller,"$11,500,000"
10098,2019-2020,Rusney Castillo,"$11,000,000"
10099,2019-2020,Starlin Castro,"$11,000,000"
10100,2019-2020,Lance Lynn,"$11,000,000"
10101,2019-2020,Anthony Rizzo,"$11,000,000"
10102,2019-2020,Julio Teherán,"$11,000,000"
10103,2019-2020,Francisco Lindor,"$10,550,000"
10104,2019-2020,Kole Calhoun,"$10,500,000"
10105,2019-2020,Jose Quintana,"$10,500,000"
10106,2019-2020,Wei-Yin Chen,"$10,000,000"
10107,2019-2020,Yulieski Gurriel,"$10,000,000"
10108,2019-2020,Craig Kimbrel,"$10,000,000"
10109,2019-2020,Jed Lowrie,"$10,000,000"
10110,2019-2020,Starling Marte,"$10,000,000"
10111,2019-2020,Andrew McCutchen,"$10,000,000"
10112,2019-2020,Daniel Murphy,"$10,000,000"
10113,2019-2020,Salvador Perez,"$10,000,000"
10114,2019-2020,David Robertson,"$10,000,000"
10115,2019-2020,Aníbal Sánchez,"$10,000,000"
10116,2019-2020,Adam Wainwright,"$10,000,000"
10117,2019-2020,Carlos Carrasco,"$9,750,000"
10118,2019-2020,Christian Yelich,"$9,750,000"
10119,2019-2020,Alex Wood,"$9,650,000"
10120,2019-2020,Alex Cobb,"$9,500,000"
10121,2019-2020,Mike Minor,"$9,500,000"
10122,2019-2020,Jake Odorizzi,"$9,500,000"
10123,2019-2020,Trevor Cahill,"$9,000,000"
10124,2019-2020,Brian Dozier,"$9,000,000"
10125,2019-2020,Todd Frazier,"$9,000,000"
10126,2019-2020,Tommy Hunter,"$9,000,000"
10127,2019-2020,Juan Lagares,"$9,000,000"
10128,2019-2020,Brandon Morrow,"$9,000,000"
10129,2019-2020,Juan Nicasio,"$9,000,000"
10130,2019-2020,Wilson Ramos,"$8,750,000"
10131,2019-2020,James Paxton,"$8,575,000"
10132,2019-2020,Jackie Bradley Jr.,"$8,550,000"
10133,2019-2020,Kelvin Herrera,"$8,500,000"
10134,2019-2020,Jake McGee,"$8,500,000"
10135,2019-2020,Ivan Nova,"$8,500,000"
10136,2019-2020,Bryan Shaw,"$8,500,000"
10137,2019-2020,Adam Eaton,"$8,400,000"
10138,2019-2020,Kenta Maeda,"$8,400,000"
10139,2019-2020,Sonny Gray,"$8,300,000"
10140,2019-2020,Kyle Gibson,"$8,125,000"
10141,2019-2020,Jason Castro,"$8,000,000"
10142,2019-2020,Jeurys Familia,"$8,000,000"
10143,2019-2020,Aaron Hicks,"$8,000,000"
10144,2019-2020,Kevin Kiermaier,"$8,000,000"
10145,2019-2020,Darren O'Day,"$8,000,000"
10146,2019-2020,Adam Ottavino,"$8,000,000"
10147,2019-2020,CC Sabathia,"$8,000,000"
10148,2019-2020,Joe Smith,"$8,000,000"
10149,2019-2020,Justin Smoak,"$8,000,000"
10150,2019-2020,César Hernández,"$7,750,000"
10151,2019-2020,Chris Archer,"$7,500,000"
10152,2019-2020,Brett Cecil,"$7,500,000"
10153,2019-2020,Brett Gardner,"$7,500,000"
10154,2019-2020,Rougned Odor,"$7,500,000"
10155,2019-2020,Jonathan Schoop,"$7,500,000"
10156,2019-2020,Tony Watson,"$7,500,000"
10157,2019-2020,Kyle Hendricks,"$7,405,000"
10158,2019-2020,Alex Colomé,"$7,325,000"
10159,2019-2020,Dellin Betances,"$7,250,000"
10160,2019-2020,Welington Castillo,"$7,250,000"
10161,2019-2020,Mike Moustakas,"$7,050,000"
10162,2019-2020,Yan Gomes,"$7,000,000"
10163,2019-2020,David Peralta,"$7,000,000"
10164,2019-2020,Stephen Piscotty,"$7,000,000"
10165,2019-2020,Garrett Richards,"$7,000,000"
10166,2019-2020,Eugenio Suarez,"$7,000,000"
10167,2019-2020,Steve Cishek,"$6,500,000"
10168,2019-2020,Eduardo Escobar,"$6,500,000"
10169,2019-2020,Brad Hand,"$6,500,000"
10170,2019-2020,Mitch Moreland,"$6,500,000"
10171,2019-2020,Roberto Osuna,"$6,500,000"
10172,2019-2020,Joakim Soria,"$6,500,000"
10173,2019-2020,Kolten Wong,"$6,500,000"
10174,2019-2020,Blake Treinen,"$6,400,000"
10175,2019-2020,Michael Wacha,"$6,350,000"
10176,2019-2020,Ken Giles,"$6,300,000"
10177,2019-2020,Steven Pearce,"$6,250,000"
10178,2019-2020,Pedro Strop,"$6,250,000"
10179,2019-2020,Robbie Ray,"$6,050,000"
10180,2019-2020,Chase Anderson,"$6,000,000"
10181,2019-2020,Sean Doolittle,"$6,000,000"
10182,2019-2020,Michael Fiers,"$6,000,000"
10183,2019-2020,Raisel Iglesias,"$6,000,000"
10184,2019-2020,Eloy Jimenez,"$6,000,000"
10185,2019-2020,Max Kepler,"$6,000,000"
10186,2019-2020,Aaron Nola,"$6,000,000"
10187,2019-2020,Tyson Ross,"$6,000,000"
10188,2019-2020,Luis Severino,"$6,000,000"
10189,2019-2020,Stephen Strasburg,"$6,000,000"
10190,2019-2020,Noah Syndergaard,"$6,000,000"
10191,2019-2020,Eric Thames,"$6,000,000"
10192,2019-2020,Zack Wheeler,"$5,975,000"
10193,2019-2020,J.T. Realmuto,"$5,900,000"
10194,2019-2020,Marcus Semien,"$5,900,000"
10195,2019-2020,Collin McHugh,"$5,800,000"
10196,2019-2020,Robinson Chirinos,"$5,750,000"
10197,2019-2020,Pat Neshek,"$5,750,000"
10198,2019-2020,Kevin Pillar,"$5,644,085"
10199,2019-2020,Yusmeiro Petit,"$5,500,000"
10200,2019-2020,Gregory Polanco,"$5,500,000"
10201,2019-2020,Mike Foltynewicz,"$5,475,000"
10202,2019-2020,Michael Pineda,"$5,419,340"
10203,2019-2020,Jordy Mercer,"$5,250,000"
10204,2019-2020,Fernando Rodney,"$5,250,000"
10205,2019-2020,Javier Báez,"$5,200,000"
10206,2019-2020,Maikel Franco,"$5,200,000"
10207,2019-2020,Corey Knebel,"$5,125,000"
10208,2019-2020,Taijuan Walker,"$5,025,000"
10209,2019-2020,Carlos Correa,"$5,000,000"
10210,2019-2020,Odubel Herrera,"$5,000,000"
10211,2019-2020,Ender Inciarte,"$5,000,000"
10212,2019-2020,Brandon Kintzler,"$5,000,000"
10213,2019-2020,Wade Miley,"$5,000,000"
10214,2019-2020,Joc Pederson,"$5,000,000"
10215,2019-2020,Trevor Story,"$5,000,000"
10216,2019-2020,Justin Wilson,"$5,000,000"
10217,2019-2020,Jake Lamb,"$4,825,000"
10218,2019-2020,Jonathan Villar,"$4,825,000"
10219,2019-2020,C.J. Cron,"$4,800,000"
10220,2019-2020,Travis Shaw,"$4,675,000"
10221,2019-2020,Yolmer Sánchez,"$4,625,000"
10222,2019-2020,Andrew Cashner,"$4,577,000"
10223,2019-2020,Zack Greinke,"$4,537,634"
10224,2019-2020,David Freese,"$4,500,000"
10225,2019-2020,Avisaíl García,"$4,500,000"
10226,2019-2020,Adam Jones,"$4,500,000"
10227,2019-2020,Héctor Rondón,"$4,500,000"
10228,2019-2020,Danny Salazar,"$4,500,000"
10229,2019-2020,Mike Zunino,"$4,447,500"
10230,2019-2020,Eduardo Rodriguez,"$4,325,000"
10231,2019-2020,Alex Avila,"$4,250,000"
10232,2019-2020,Will Harris,"$4,225,000"
10233,2019-2020,Will Smith,"$4,225,000"
10234,2019-2020,Carlos Rodon,"$4,200,000"
10235,2019-2020,Trevor Bauer,"$4,193,548"
10236,2019-2020,Eddie Rosario,"$4,190,000"
10237,2019-2020,Steven Souza,"$4,125,000"
10238,2019-2020,Lance McCullers,"$4,100,000"
10239,2019-2020,Tommy Pham,"$4,100,000"
10240,2019-2020,Michael Conforto,"$4,025,000"
10241,2019-2020,Jesse Chavez,"$4,000,000"
10242,2019-2020,Tyler Flowers,"$4,000,000"
10243,2019-2020,Chris Iannetta,"$4,000,000"
10244,2019-2020,Jon Jay,"$4,000,000"
10245,2019-2020,Howie Kendrick,"$4,000,000"
10246,2019-2020,Nick Markakis,"$4,000,000"
10247,2019-2020,Corey Seager,"$4,000,000"
10248,2019-2020,Yaisel Sierra,"$4,000,000"
10249,2019-2020,Blake Snell,"$4,000,000"
10250,2019-2020,Jorge Soler,"$4,000,000"
10251,2019-2020,Kurt Suzuki,"$4,000,000"
10252,2019-2020,Felipe Vázquez,"$4,000,000"
10253,2019-2020,Jarrod Dyson,"$3,750,000"
10254,2019-2020,Wilmer Flores,"$3,750,000"
10255,2019-2020,Ian Kinsler,"$3,750,000"
10256,2019-2020,José Ramírez,"$3,750,000"
10257,2019-2020,Enrique Hernandez,"$3,725,000"
10258,2019-2020,Trea Turner,"$3,725,000"
10259,2019-2020,Anthony Swarzak,"$3,720,463"
10260,2019-2020,Jimmy Nelson,"$3,700,000"
10261,2019-2020,Tyler Skaggs,"$3,700,000"
10262,2019-2020,Nick Ahmed,"$3,662,500"
10263,2019-2020,Russell Martin,"$3,600,000"
10264,2019-2020,Jurickson Profar,"$3,600,000"
10265,2019-2020,Jorge Polanco,"$3,583,333"
10266,2019-2020,Brock Holt,"$3,575,000"
10267,2019-2020,Brian Duensing,"$3,500,000"
10268,2019-2020,Yoshihisa Hirano,"$3,500,000"
10269,2019-2020,Martín Pérez,"$3,500,000"
10270,2019-2020,Matt Shoemaker,"$3,500,000"
10271,2019-2020,Chris Taylor,"$3,500,000"
10272,2019-2020,Arodys Vizcaino,"$3,432,198"
10273,2019-2020,Asdrubal Cabrera,"$3,424,732"
10274,2019-2020,Andrew Heaney,"$3,400,000"
10275,2019-2020,Addison Russell,"$3,400,000"
10276,2019-2020,Kyle Schwarber,"$3,390,000"
10277,2019-2020,Chad Bettis,"$3,325,000"
10278,2019-2020,Nomar Mazara,"$3,300,000"
10279,2019-2020,Jeff Mathis,"$3,250,000"
10280,2019-2020,José Ureña,"$3,200,000"
10281,2019-2020,Keone Kela,"$3,175,000"
10282,2019-2020,Miguel Rojas,"$3,155,000"
10283,2019-2020,Sean Manaea,"$3,150,000"
10284,2019-2020,Yasiel Puig,"$3,129,032"
10285,2019-2020,Brad Peacock,"$3,110,000"
10286,2019-2020,Ben Zobrist,"$3,086,022"
10287,2019-2020,Kirby Yates,"$3,062,500"
10288,2019-2020,Matt Adams,"$3,000,000"
10289,2019-2020,Clay Buchholz,"$3,000,000"
10290,2019-2020,Joe Kelly,"$3,000,000"
10291,2019-2020,Mike Leake,"$3,000,000"
10292,2019-2020,Jose Leclerc,"$3,000,000"
10293,2019-2020,Wil Myers,"$3,000,000"
10294,2019-2020,Jon Gray,"$2,925,000"
10295,2019-2020,Ryan Pressly,"$2,900,000"
10296,2019-2020,Adam Duvall,"$2,875,000"
10297,2019-2020,Nick Castellanos,"$2,859,700"
10298,2019-2020,Christian Vazquez,"$2,850,000"
10299,2019-2020,Kevin Gausman,"$2,815,064"
10300,2019-2020,Dylan Bundy,"$2,800,000"
10301,2019-2020,Michael Fulmer,"$2,800,000"
10302,2019-2020,Wade LeBlanc,"$2,800,000"
10303,2019-2020,Corey Dickerson,"$2,787,639"
10304,2019-2020,José Peraza,"$2,775,000"
10305,2019-2020,Lonnie Chisenhall,"$2,750,000"
10306,2019-2020,Matt Duffy,"$2,675,000"
10307,2019-2020,Miguel Sano,"$2,650,000"
10308,2019-2020,Tyler Anderson,"$2,625,000"
10309,2019-2020,Steven Matz,"$2,625,000"
10310,2019-2020,Jedd Gyorko,"$2,623,655"
10311,2019-2020,Matthew Boyd,"$2,600,000"
10312,2019-2020,Zach Davies,"$2,600,000"
10313,2019-2020,Shawn Kelley,"$2,562,500"
10314,2019-2020,Marcus Stroman,"$2,546,240"
10315,2019-2020,Matt Albers,"$2,500,000"
10316,2019-2020,Tucker Barnhart,"$2,500,000"
10317,2019-2020,Justin Bour,"$2,500,000"
10318,2019-2020,Jose Iglesias,"$2,500,000"
10319,2019-2020,James McCann,"$2,500,000"
10320,2019-2020,Matt Moore,"$2,500,000"
10321,2019-2020,Germán Márquez,"$2,500,000"
10322,2019-2020,Oliver Perez,"$2,500,000"
10323,2019-2020,Hernán Pérez,"$2,500,000"
10324,2019-2020,Roberto Pérez,"$2,500,000"
10325,2019-2020,Sandy León,"$2,475,000"
10326,2019-2020,Craig Stammen,"$2,250,000"
10327,2019-2020,Vince Velasquez,"$2,249,000"
10328,2019-2020,Junior Guerra,"$2,225,000"
10329,2019-2020,Jake Marisnick,"$2,212,500"
10330,2019-2020,Mychal Givens,"$2,150,000"
10331,2019-2020,Liam Hendriks,"$2,150,000"
10332,2019-2020,Anthony DeSclafani,"$2,125,000"
10333,2019-2020,Pedro Baez,"$2,100,000"
10334,2019-2020,Austin Hedges,"$2,060,000"
10335,2019-2020,Mark Canha,"$2,050,000"
10336,2019-2020,Jordan Lyles,"$2,050,000"
10337,2019-2020,Aledmys Diaz,"$2,000,000"
10338,2019-2020,Derek Dietrich,"$2,000,000"
10339,2019-2020,Logan Forsythe,"$2,000,000"
10340,2019-2020,Robbie Grossman,"$2,000,000"
10341,2019-2020,Merrill Kelly,"$2,000,000"
10342,2019-2020,Ketel Marte,"$2,000,000"
10343,2019-2020,Brian McCann,"$2,000,000"
10344,2019-2020,Hunter Pence,"$2,000,000"
10345,2019-2020,Jason Vargas,"$2,000,000"
10346,2019-2020,Neil Walker,"$2,000,000"
10347,2019-2020,Adam Warren,"$2,000,000"
10348,2019-2020,Michael Lorenzen,"$1,950,000"
10349,2019-2020,Domingo Santana,"$1,950,000"
10350,2019-2020,Devon Travis,"$1,950,000"
10351,2019-2020,Andrew Chafin,"$1,945,000"
10352,2019-2020,Jose Alvarez,"$1,925,000"
10353,2019-2020,J.C. Ramírez,"$1,901,000"
10354,2019-2020,Jeremy Hellickson,"$1,900,000"
10355,2019-2020,Kazuhisa Makita,"$1,900,000"
10356,2019-2020,Michael A. Taylor,"$1,860,215"
10357,2019-2020,Devin Mesoraco,"$1,850,000"
10358,2019-2020,Archie Bradley,"$1,830,000"
10359,2019-2020,Francisco Liriano,"$1,800,000"
10360,2019-2020,Hector Neris,"$1,800,000"
10361,2019-2020,Austin Romine,"$1,800,000"
10362,2019-2020,Cam Bedrosian,"$1,750,000"
10363,2019-2020,Byron Buxton,"$1,750,000"
10364,2019-2020,Curtis Granderson,"$1,750,000"
10365,2019-2020,Gio Gonzalez,"$1,709,677"
10366,2019-2020,Chris Rusin,"$1,687,500"
10367,2019-2020,Luis Garcia,"$1,675,000"
10368,2019-2020,John Axford,"$1,650,000"
10369,2019-2020,Sam Dyson,"$1,639,802"
10370,2019-2020,Luis Avilan,"$1,600,000"
10371,2019-2020,Matt Barnes,"$1,600,000"
10372,2019-2020,Brandon Guyer,"$1,600,000"
10373,2019-2020,Manuel Pina,"$1,600,000"
10374,2019-2020,Leury García,"$1,550,000"
10375,2019-2020,Chris Devenski,"$1,525,000"
10376,2019-2020,Nate Jones,"$1,525,000"
10377,2019-2020,Taylor Rogers,"$1,525,000"
10378,2019-2020,Ryan Tepera,"$1,525,000"
10379,2019-2020,Brett Anderson,"$1,500,000"
10380,2019-2020,Jerry Blevins,"$1,500,000"
10381,2019-2020,Tyler Clippard,"$1,500,000"
10382,2019-2020,Paul DeJong,"$1,500,000"
10383,2019-2020,Daniel Descalso,"$1,500,000"
10384,2019-2020,Lourdes Gurriel Jr.,"$1,500,000"
10385,2019-2020,Brandon Maurer,"$1,500,000"
10386,2019-2020,Matt Wieters,"$1,500,000"
10387,2019-2020,Robbie Erlin,"$1,450,000"
10388,2019-2020,Tim Anderson,"$1,400,000"
10389,2019-2020,Ryan Buchter,"$1,400,000"
10390,2019-2020,Delino DeShields,"$1,400,000"
10391,2019-2020,T.J. McFarland,"$1,400,000"
10392,2019-2020,Hansel Robles,"$1,400,000"
10393,2019-2020,Charlie Culberson,"$1,395,000"
10394,2019-2020,Tommy Kahnle,"$1,387,500"
10395,2019-2020,Tommy La Stella,"$1,350,000"
10396,2019-2020,Heath Hembree,"$1,312,500"
10397,2019-2020,Shane Greene,"$1,311,805"
10398,2019-2020,Ehire Adrianza,"$1,300,000"
10399,2019-2020,Brandon Drury,"$1,300,000"
10400,2019-2020,Blaine Hardy,"$1,300,000"
10401,2019-2020,Scott Oberg,"$1,300,000"
10402,2019-2020,Dan Otero,"$1,300,000"
10403,2019-2020,Álex Claudio,"$1,275,000"
10404,2019-2020,Daniel Norris,"$1,275,000"
10405,2019-2020,Chaz Roe,"$1,275,000"
10406,2019-2020,Dominic Leone,"$1,260,000"
10407,2019-2020,Aaron Sanchez,"$1,258,065"
10408,2019-2020,Bryan Holaday,"$1,250,000"
10409,2019-2020,Scott Kingery,"$1,250,000"
10410,2019-2020,Jose Martinez,"$1,250,000"
10411,2019-2020,Greg Bird,"$1,200,000"
10412,2019-2020,Aaron Loup,"$1,200,000"
10413,2019-2020,Tanner Roark,"$1,179,543"
10414,2019-2020,Travis Jankowski,"$1,165,000"
10415,2019-2020,Billy Hamilton,"$1,159,658"
10416,2019-2020,Melky Cabrera,"$1,150,000"
10417,2019-2020,Brandon Workman,"$1,150,000"
10418,2019-2020,Kevin Plawecki,"$1,137,500"
10419,2019-2020,Adam Conley,"$1,125,000"
10420,2019-2020,Adam Morgan,"$1,100,000"
10421,2019-2020,Josh Phegley,"$1,075,000"
10422,2019-2020,Freddy Galvis,"$1,053,745"
10423,2019-2020,Tim Beckham,"$1,047,280"
10424,2019-2020,Ronald Acuña Jr.,"$1,000,000"
10425,2019-2020,Ozzie Albies,"$1,000,000"
10426,2019-2020,Jay Bruce,"$1,000,000"
10427,2019-2020,Matt Joyce,"$1,000,000"
10428,2019-2020,Jose Lobaton,"$1,000,000"
10429,2019-2020,Brandon Lowe,"$1,000,000"
10430,2019-2020,Whit Merrifield,"$1,000,000"
10431,2019-2020,Adam Rosales,"$1,000,000"
10432,2019-2020,Josh Tomlin,"$1,000,000"
10433,2019-2020,Mike Montgomery,"$996,989"
10434,2019-2020,Jerad Eickhoff,"$975,000"
10435,2019-2020,Tony Wolters,"$960,000"
10436,2019-2020,Curt Casali,"$950,000"
10437,2019-2020,Matt Szczur,"$950,000"
10438,2019-2020,Matt Andriese,"$920,000"
10439,2019-2020,Greg Garcia,"$910,000"
10440,2019-2020,Bryan Mitchell,"$910,000"
10441,2019-2020,Xavier Cedeño,"$900,000"
10442,2019-2020,Marco Gonzales,"$900,000"
10443,2019-2020,Trevor May,"$900,000"
10444,2019-2020,Sergio Romo,"$873,665"
10445,2019-2020,Tony Cingrani,"$869,067"
10446,2019-2020,Andres Blanco,"$850,000"
10447,2019-2020,Ji-Man Choi,"$850,000"
10448,2019-2020,Michael Feliz,"$850,000"
10449,2019-2020,Josh Fields,"$850,000"
10450,2019-2020,Tom Koehler,"$850,000"
10451,2019-2020,David Phelps,"$833,342"
10452,2019-2020,Martin Maldonado,"$806,452"
10453,2019-2020,Brian Flynn,"$800,000"
10454,2019-2020,Jesse Hahn,"$800,000"
10455,2019-2020,Ronald Torreyes,"$800,000"
10456,2019-2020,Jake Diekman,"$786,305"
10457,2019-2020,Guillermo Heredia,"$782,000"
10458,2019-2020,Chris Martin,"$750,014"
10459,2019-2020,Andrew Benintendi,"$717,500"
10460,2019-2020,Yimi Garcia,"$710,000"
10461,2019-2020,Joe Ross,"$704,256"
10462,2019-2020,Gordon Beckham,"$700,000"
10463,2019-2020,Josh Hader,"$687,600"
10464,2019-2020,Aaron Judge,"$684,300"
10465,2019-2020,Willson Contreras,"$684,000"
10466,2019-2020,Dan Straily,"$682,024"
10467,2019-2020,Francisco Pena,"$675,000"
10468,2019-2020,Niko Goodrum,"$670,500"
10469,2019-2020,Gary Sánchez,"$669,800"
10470,2019-2020,Blake Swihart,"$655,528"
10471,2019-2020,Scott Barlow,"$650,000"
10472,2019-2020,Shohei Ohtani,"$650,000"
10473,2019-2020,Carlos Pérez,"$650,000"
10474,2019-2020,Richard Rodriguez,"$650,000"
10475,2019-2020,Allen Webster,"$650,000"
10476,2019-2020,Cody Anderson,"$641,250"
10477,2019-2020,Alex Bregman,"$640,500"
10478,2019-2020,Jenrry Mejia,"$625,000"
10479,2019-2020,Scott Schebler,"$625,000"
10480,2019-2020,José Berríos,"$620,000"
10481,2019-2020,Miguel Andujar,"$617,600"
10482,2019-2020,Rafael Devers,"$614,500"
10483,2019-2020,David Bote,"$611,500"
10484,2019-2020,Edwin Diaz,"$607,425"
10485,2019-2020,Joey Gallo,"$605,500"
10486,2019-2020,Gleyber Torres,"$605,200"
10487,2019-2020,Cody Bellinger,"$605,000"
10488,2019-2020,Josh Thole,"$600,000"
10489,2019-2020,Brandon Nimmo,"$598,285"
10490,2019-2020,Jordan Montgomery,"$596,600"
10491,2019-2020,Ross Stripling,"$595,000"
10492,2019-2020,Mike Clevinger,"$592,200"
10493,2019-2020,Seth Lugo,"$591,875"
10494,2019-2020,Mitch Haniger,"$590,100"
10495,2019-2020,Zach Eflin,"$590,000"
10496,2019-2020,Jameson Taillon,"$587,500"
10497,2019-2020,Josh Bell,"$587,000"
10498,2019-2020,Brian Anderson,"$585,000"
10499,2019-2020,Grant Dayton,"$585,000"
10500,2019-2020,Luke Jackson,"$585,000"
10501,2019-2020,Dansby Swanson,"$585,000"
10502,2019-2020,Adam Frazier,"$584,000"
10503,2019-2020,Trevor Williams,"$584,000"
10504,2019-2020,Brian Goodwin,"$583,500"
10505,2019-2020,Robert Gsellman,"$582,500"
10506,2019-2020,Joe Musgrove,"$582,500"
10507,2019-2020,Hunter Renfroe,"$582,100"
10508,2019-2020,Matt Strahm,"$581,700"
10509,2019-2020,Kyle Crick,"$581,500"
10510,2019-2020,Edgar Santana,"$581,500"
10511,2019-2020,Luke Weaver,"$581,300"
10512,2019-2020,Omar Narváez,"$581,200"
10513,2019-2020,Jonathan Holder,"$580,300"
10514,2019-2020,Matt Chapman,"$580,000"
10515,2019-2020,Reynaldo López,"$580,000"
10516,2019-2020,Jesse Winker,"$580,000"
10517,2019-2020,Ryon Healy,"$579,800"
10518,2019-2020,Sam Gaviglio,"$579,500"
10519,2019-2020,Colin Moran,"$579,500"
10520,2019-2020,Luke Maile,"$579,000"
10521,2019-2020,Luis Cessa,"$578,975"
10522,2019-2020,Elias Diaz,"$578,500"
10523,2019-2020,Juan Soto,"$578,300"
10524,2019-2020,Jake Junis,"$578,250"
10525,2019-2020,Brad Keller,"$578,175"
10526,2019-2020,Hanser Alberto,"$578,000"
10527,2019-2020,Chad Kuhl,"$578,000"
10528,2019-2020,Domingo German,"$577,500"
10529,2019-2020,Manuel Margot,"$577,100"
10530,2019-2020,Erik Gonzalez,"$577,000"
10531,2019-2020,Adalberto Mondesi,"$576,000"
10532,2019-2020,Trey Mancini,"$575,500"
10533,2019-2020,Amed Rosario,"$575,500"
10534,2019-2020,Scott Alexander,"$575,000"
10535,2019-2020,Jesse Biddle,"$575,000"
10536,2019-2020,Brandon Brennan,"$575,000"
10537,2019-2020,Johan Camargo,"$575,000"
10538,2019-2020,Shane Carle,"$575,000"
10539,2019-2020,Mitch Garver,"$575,000"
10540,2019-2020,Kendall Graveman,"$575,000"
10541,2019-2020,Rhys Hoskins,"$575,000"
10542,2019-2020,Brian Johnson,"$575,000"
10543,2019-2020,A.J. Minter,"$575,000"
10544,2019-2020,Yoan Moncada,"$575,000"
10545,2019-2020,Max Muncy,"$575,000"
10546,2019-2020,Matt Olson,"$575,000"
10547,2019-2020,Drew Steckenrider,"$575,000"
10548,2019-2020,Tyler Naquin,"$574,800"
10549,2019-2020,Silvino Bracho,"$574,600"
10550,2019-2020,Luke Voit,"$573,200"
10551,2019-2020,Lucas Giolito,"$573,000"
10552,2019-2020,Richard Bleier,"$572,500"
10553,2019-2020,Kevan Smith,"$572,500"
10554,2019-2020,Steven Brault,"$571,465"
10555,2019-2020,John Gant,"$571,300"
10556,2019-2020,Dylan Covey,"$571,000"
10557,2019-2020,Buck Farmer,"$570,800"
10558,2019-2020,Joey Wendle,"$570,400"
10559,2019-2020,Lane Adams,"$570,000"
10560,2019-2020,Jorge Alfaro,"$570,000"
10561,2019-2020,Walker Buehler,"$570,000"
10562,2019-2020,Victor Caratini,"$569,500"
10563,2019-2020,John Brebbia,"$569,300"
10564,2019-2020,Joe Jimenez,"$569,200"
10565,2019-2020,Miguel Castro,"$569,000"
10566,2019-2020,Jace Fry,"$569,000"
10567,2019-2020,Felix Pena,"$569,000"
10568,2019-2020,Noé Ramirez,"$569,000"
10569,2019-2020,Sam Tuivailala,"$568,600"
10570,2019-2020,Tim Mayza,"$568,300"
10571,2019-2020,Brent Suter,"$568,300"
10572,2019-2020,Jeff McNeil,"$567,714"
10573,2019-2020,Amir Garrett,"$567,500"
10574,2019-2020,Trevor Gott,"$567,500"
10575,2019-2020,Reyes Moronta,"$567,500"
10576,2019-2020,Hunter Dozier,"$567,225"
10577,2019-2020,John Hicks,"$567,100"
10578,2019-2020,Jacoby Jones,"$567,100"
10579,2019-2020,Josh James,"$566,800"
10580,2019-2020,Tyler Glasnow,"$566,700"
10581,2019-2020,Dinelson Lamet,"$566,700"
10582,2019-2020,Daniel Stumpf,"$566,600"
10583,2019-2020,Orlando Arcia,"$565,700"
10584,2019-2020,Ryan Borucki,"$565,200"
10585,2019-2020,Joey Lucchesi,"$565,100"
10586,2019-2020,Chris Bassitt,"$565,000"
10587,2019-2020,Max Fried,"$565,000"
10588,2019-2020,Tayron Guerrero,"$565,000"
10589,2019-2020,Andrew Knapp,"$565,000"
10590,2019-2020,Chad Pinder,"$565,000"
10591,2019-2020,Robert Stephenson,"$565,000"
10592,2019-2020,Julio Urias,"$565,000"
10593,2019-2020,Bryse Wilson,"$565,000"
10594,2019-2020,Koda Glover,"$564,300"
10595,2019-2020,Seranthony Dominguez,"$564,000"
10596,2019-2020,Adam Cimber,"$563,800"
10597,2019-2020,Keynan Middleton,"$563,500"
10598,2019-2020,Pedro Severino,"$563,500"
10599,2019-2020,Albert Almora,"$562,530"
10600,2019-2020,Eric Lauer,"$562,500"
10601,2019-2020,Wander Suero,"$562,500"
10602,2019-2020,Willy Adames,"$562,400"
10603,2019-2020,Chasen Bradford,"$562,300"
10604,2019-2020,Jorge López,"$562,250"
10605,2019-2020,Jack Flaherty,"$562,100"
10606,2019-2020,Renato Nunez,"$562,000"
10607,2019-2020,Yonny Chirinos,"$561,800"
10608,2019-2020,Justin Anderson,"$561,500"
10609,2019-2020,Diego Castillo,"$561,500"
10610,2019-2020,David Fletcher,"$561,500"
10611,2019-2020,J.D. Davis,"$561,420"
10612,2019-2020,Brandon Woodruff,"$561,400"
10613,2019-2020,Tyler Olson,"$560,900"
10614,2019-2020,Jose Castillo,"$560,300"
10615,2019-2020,Franchy Cordero,"$560,100"
10616,2019-2020,David Dahl,"$560,000"
10617,2019-2020,Daniel Gossett,"$560,000"
10618,2019-2020,Carson Kelly,"$560,000"
10619,2019-2020,Ryan McMahon,"$560,000"
10620,2019-2020,J.T. Riddle,"$560,000"
10621,2019-2020,Raimel Tapia,"$560,000"
10622,2019-2020,Alex Verdugo,"$560,000"
10623,2019-2020,Robert Stock,"$559,900"
10624,2019-2020,Christian Walker,"$559,800"
10625,2019-2020,Shane Bieber,"$559,600"
10626,2019-2020,Dakota Hudson,"$559,100"
10627,2019-2020,Manny Banuelos,"$559,000"
10628,2019-2020,Nick Burdi,"$559,000"
10629,2019-2020,Roman Quinn,"$559,000"
10630,2019-2020,Danny Jansen,"$558,700"
10631,2019-2020,Dan Vogelbach,"$558,600"
10632,2019-2020,Yandy Diaz,"$558,400"
10633,2019-2020,Bobby Wahl,"$558,400"
10634,2019-2020,Victor Robles,"$557,800"
10635,2019-2020,Cheslor Cuthbert,"$557,540"
10636,2019-2020,Luis Castillo,"$557,500"
10637,2019-2020,Kyle Farmer,"$557,500"
10638,2019-2020,Ramon Laureano,"$557,500"
10639,2019-2020,Kevin Newman,"$557,500"
10640,2019-2020,Drew Smith,"$557,500"
10641,2019-2020,Lou Trivino,"$557,500"
10642,2019-2020,Austin Meadows,"$557,400"
10643,2019-2020,Ty Buttrey,"$557,250"
10644,2019-2020,Cam Gallagher,"$557,125"
10645,2019-2020,Mike Tauchman,"$557,000"
10646,2019-2020,Yoan López,"$556,900"
10647,2019-2020,Jacob Nix,"$556,800"
10648,2019-2020,Caleb Smith,"$556,500"
10649,2019-2020,Spencer Turnbull,"$556,100"
10650,2019-2020,Ryan Burr,"$556,000"
10651,2019-2020,Brett Kennedy,"$556,000"
10652,2019-2020,Connor Sadzeck,"$556,000"
10653,2019-2020,John Means,"$555,500"
10654,2019-2020,Trevor Oaks,"$555,350"
10655,2019-2020,Tim Adleman,"$555,000"
10656,2019-2020,Micker Adolfo,"$555,000"
10657,2019-2020,Melvin Adon,"$555,000"
10658,2019-2020,Jorge Alcala,"$555,000"
10659,2019-2020,Sandy Alcantara,"$555,000"
10660,2019-2020,Pete Alonso,"$555,000"
10661,2019-2020,Jose Alvarado,"$555,000"
10662,2019-2020,Yadier Alvarez,"$555,000"
10663,2019-2020,Victor Arano,"$555,000"
10664,2019-2020,Brett Austin,"$555,000"
10665,2019-2020,Jake Barrett,"$555,000"
10666,2019-2020,Luis Alexander Basabe,"$555,000"
10667,2019-2020,Scott Blewett,"$555,000"
10668,2019-2020,Austin Brice,"$555,000"
10669,2019-2020,JT Brubaker,"$555,000"
10670,2019-2020,Jeimer Candelario,"$555,000"
10671,2019-2020,Griffin Canning,"$555,000"
10672,2019-2020,Cody Carroll,"$555,000"
10673,2019-2020,Ryan Castellani,"$555,000"
10674,2019-2020,A.J. Cole,"$555,000"
10675,2019-2020,Garrett Cooper,"$555,000"
10676,2019-2020,Ivan De Jesus Jr.,"$555,000"
10677,2019-2020,Dean Deetz,"$555,000"
10678,2019-2020,Marcos Diplan,"$555,000"
10679,2019-2020,Kyle Dowdy,"$555,000"
10680,2019-2020,Justin Dunn,"$555,000"
10681,2019-2020,Chris Ellis,"$555,000"
10682,2019-2020,Anderson Espinoza,"$555,000"
10683,2019-2020,Luke Farrell,"$555,000"
10684,2019-2020,Julian Fernández,"$555,000"
10685,2019-2020,Riley Ferrell,"$555,000"
10686,2019-2020,Brandon Finnegan,"$555,000"
10687,2019-2020,Dustin Fowler,"$555,000"
10688,2019-2020,Sam Freeman,"$555,000"
10689,2019-2020,Rocky Gale,"$555,000"
10690,2019-2020,Daniel Gamache,"$555,000"
10691,2019-2020,Arquimedes Gamboa,"$555,000"
10692,2019-2020,Adolis García,"$555,000"
10693,2019-2020,Reed Garrett,"$555,000"
10694,2019-2020,Austin Gomber,"$555,000"
10695,2019-2020,Stephen Gonsalves,"$555,000"
10696,2019-2020,Rayan Gonzalez,"$555,000"
10697,2019-2020,Nick Gordon,"$555,000"
10698,2019-2020,Zach Green,"$555,000"
10699,2019-2020,Conner Greene,"$555,000"
10700,2019-2020,Kelvin Gutierrez,"$555,000"
10701,2019-2020,Jorge Guzman,"$555,000"
10702,2019-2020,Monte Harrison,"$555,000"
10703,2019-2020,Taylor Hearn,"$555,000"
10704,2019-2020,Ben Heller,"$555,000"
10705,2019-2020,Sam Hentges,"$555,000"
10706,2019-2020,Arnaldo Hernandez,"$555,000"
10707,2019-2020,Jordan Hicks,"$555,000"
10708,2019-2020,Jordan Holloway,"$555,000"
10709,2019-2020,Grant Holmes,"$555,000"
10710,2019-2020,Brent Honeywell,"$555,000"
10711,2019-2020,Drew Jackson,"$555,000"
10712,2019-2020,James Kaprielian,"$555,000"
10713,2019-2020,Franklyn Kilome,"$555,000"
10714,2019-2020,Michael Kopech,"$555,000"
10715,2019-2020,Joey Krehbiel,"$555,000"
10716,2019-2020,Ryan Lavarnway,"$555,000"
10717,2019-2020,Justin Lawrence,"$555,000"
10718,2019-2020,Jose Lopez,"$555,000"
10719,2019-2020,Raffy Lopez,"$555,000"
10720,2019-2020,Elvis Luciano,"$555,000"
10721,2019-2020,Pablo López,"$555,000"
10722,2019-2020,Will Maddox,"$555,000"
10723,2019-2020,Luis Madero,"$555,000"
10724,2019-2020,Francis Martes,"$555,000"
10725,2019-2020,Jason Martin,"$555,000"
10726,2019-2020,Richie Martin,"$555,000"
10727,2019-2020,Jorge Mateo,"$555,000"
10728,2019-2020,Joe McCarthy,"$555,000"
10729,2019-2020,Adam McCreery,"$555,000"
10730,2019-2020,Kevin McGowan,"$555,000"
10731,2019-2020,Kodi Medeiros,"$555,000"
10732,2019-2020,Adonis Medina,"$555,000"
10733,2019-2020,Jean Carlos Mejia,"$555,000"
10734,2019-2020,Julian Merryweather,"$555,000"
10735,2019-2020,Hoby Milner,"$555,000"
10736,2019-2020,Adrian Morejon,"$555,000"
10737,2019-2020,Patrick Murphy,"$555,000"
10738,2019-2020,Edward Olivares,"$555,000"
10739,2019-2020,CD Pelham,"$555,000"
10740,2019-2020,Franklin Perez,"$555,000"
10741,2019-2020,Hector Perez,"$555,000"
10742,2019-2020,Ricardo Pinto,"$555,000"
10743,2019-2020,Sean Poppen,"$555,000"
10744,2019-2020,Cesar Puello,"$555,000"
10745,2019-2020,A.J. Puk,"$555,000"
10746,2019-2020,A.J. Reed,"$555,000"
10747,2019-2020,Cody Reed,"$555,000"
10748,2019-2020,Luis Rengifo,"$555,000"
10749,2019-2020,Denyi Reyes,"$555,000"
10750,2019-2020,Jesús Reyes,"$555,000"
10751,2019-2020,Brendan Rodgers,"$555,000"
10752,2019-2020,Josh Rogers,"$555,000"
10753,2019-2020,Zac Rosscup,"$555,000"
10754,2019-2020,Ricardo Sanchez,"$555,000"
10755,2019-2020,Pablo Sandoval,"$555,000"
10756,2019-2020,Jose Siri,"$555,000"
10757,2019-2020,Jackson Stephens,"$555,000"
10758,2019-2020,Jordan Stephens,"$555,000"
10759,2019-2020,Troy Stokes,"$555,000"
10760,2019-2020,Trey Supak,"$555,000"
10761,2019-2020,Jesús Sánchez,"$555,000"
10762,2019-2020,Dillon Tate,"$555,000"
10763,2019-2020,Fernando Tatis Jr.,"$555,000"
10764,2019-2020,Lane Thomas,"$555,000"
10765,2019-2020,Trent Thornton,"$555,000"
10766,2019-2020,Andrew Toles,"$555,000"
10767,2019-2020,Blake Trahan,"$555,000"
10768,2019-2020,Jen-Ho Tseng,"$555,000"
10769,2019-2020,Emilio Vargas,"$555,000"
10770,2019-2020,Jonny Venters,"$555,000"
10771,2019-2020,Marcus Walden,"$555,000"
10772,2019-2020,Chad Wallach,"$555,000"
10773,2019-2020,Jacob Webb,"$555,000"
10774,2019-2020,Javy Guerra,"$554,829"
10775,2019-2020,Tom Murphy,"$554,445"
10776,2019-2020,Dylan Moore,"$552,916"
10777,2019-2020,Ben Gamel,"$546,308"
10778,2019-2020,Paul Fry,"$543,905"
10779,2019-2020,Adrian Sampson,"$543,065"
10780,2019-2020,Dominic Smith,"$541,260"
10781,2019-2020,Yairo Munoz,"$540,938"
10782,2019-2020,Chad Green,"$540,792"
10783,2019-2020,Carlos Estevez,"$540,104"
10784,2019-2020,Jacob Stallings,"$536,664"
10785,2019-2020,Isiah Kiner-Falefa,"$529,726"
10786,2019-2020,Mallex Smith,"$528,700"
10787,2019-2020,Grayson Greiner,"$528,528"
10788,2019-2020,Kyle Ryan,"$528,168"
10789,2019-2020,Giovanny Urshela,"$528,168"
10790,2019-2020,Dan Winkler,"$528,016"
10791,2019-2020,Willians Astudillo,"$526,925"
10792,2019-2020,Jared Hughes,"$525,550"
10793,2019-2020,Ryne Harper,"$525,184"
10794,2019-2020,Chris Paddack,"$525,184"
10795,2019-2020,Christin Stewart,"$523,425"
10796,2019-2020,Jake Petricka,"$522,612"
10797,2019-2020,Giovanny Gallegos,"$522,200"
10798,2019-2020,Freddy Peralta,"$522,020"
10799,2019-2020,Nick Wittgren,"$519,216"
10800,2019-2020,Jordan Luplow,"$518,985"
10801,2019-2020,Bradley Zimmer,"$518,924"
10802,2019-2020,Teoscar Hernandez,"$516,426"
10803,2019-2020,Nate Karns,"$516,120"
10804,2019-2020,Austen Williams,"$515,948"
10805,2019-2020,Rio Ruiz,"$513,513"
10806,2019-2020,Sean Newcomb,"$513,106"
10807,2019-2020,Hector Velazquez,"$511,379"
10808,2019-2020,Dylan Floro,"$510,384"
10809,2019-2020,Josh Osich,"$510,264"
10810,2019-2020,Harrison Bader,"$509,876"
10811,2019-2020,Francisco Mejia,"$508,470"
10812,2019-2020,Danny Santana,"$507,280"
10813,2019-2020,Jalen Beeks,"$502,656"
10814,2019-2020,José Osuna,"$502,529"
10815,2019-2020,Ryan Brasier,"$501,242"
10816,2019-2020,Trey Wingenter,"$500,332"
10817,2019-2020,Jeffrey Springs,"$500,165"
10818,2019-2020,Mike Freeman,"$498,328"
10819,2019-2020,Tomás Nido,"$496,506"
10820,2019-2020,Hunter Strickland,"$494,355"
10821,2019-2020,Ryan Cordell,"$492,360"
10822,2019-2020,Brandon Dixon,"$492,360"
10823,2019-2020,Emilio Pagan,"$492,360"
10824,2019-2020,Michael Soroka,"$492,360"
10825,2019-2020,Tyler Webb,"$492,360"
10826,2019-2020,Yohander Méndez,"$492,000"
10827,2019-2020,C.J. Edwards,"$491,965"
10828,2019-2020,Daniel Hudson,"$491,965"
10829,2019-2020,Drew Pomeranz,"$491,965"
10830,2019-2020,Michael Chavis,"$491,713"
10831,2019-2020,Marco Hernandez,"$486,800"
10832,2019-2020,Jon Berti,"$486,392"
10833,2019-2020,Bryan Reynolds,"$486,392"
10834,2019-2020,Gabriel Ynoa,"$483,408"
10835,2019-2020,Kyle Barraclough,"$482,248"
10836,2019-2020,Glenn Sparkman,"$480,424"
10837,2019-2020,Matt Grace,"$480,345"
10838,2019-2020,Mike Mayers,"$478,898"
10839,2019-2020,Derek Holland,"$475,000"
10840,2019-2020,Edubray Ramos,"$474,782"
10841,2019-2020,Sean Rodriguez,"$474,456"
10842,2019-2020,Caleb Joseph,"$473,120"
10843,2019-2020,Cameron Maybin,"$471,472"
10844,2019-2020,Steve Wilkerson,"$471,472"
10845,2019-2020,Colten Brewer,"$470,073"
10846,2019-2020,Jake Bauers,"$470,028"
10847,2019-2020,Vladimir Guerrero Jr.,"$468,488"
10848,2019-2020,Ariel Jurado,"$468,488"
10849,2019-2020,Rowdy Tellez,"$468,488"
10850,2019-2020,Steven Duggar,"$468,156"
10851,2019-2020,Shawn Armstrong,"$465,930"
10852,2019-2020,Aaron Bummer,"$462,520"
10853,2019-2020,Jarlin Garcia,"$462,520"
10854,2019-2020,Josh Taylor,"$459,089"
10855,2019-2020,Antonio Senzatela,"$454,661"
10856,2019-2020,Tyler Mahle,"$453,620"
10857,2019-2020,Evan Marshall,"$453,568"
10858,2019-2020,Stephen Vogt,"$453,568"
10859,2019-2020,Austin Barnes,"$451,286"
10860,2019-2020,Adrian Houser,"$450,584"
10861,2019-2020,Garrett Hampson,"$449,250"
10862,2019-2020,Kevin McCarthy,"$447,696"
10863,2019-2020,Tyler Duffey,"$447,600"
10864,2019-2020,Derek Law,"$447,600"
10865,2019-2020,Nick Senzel,"$447,600"
10866,2019-2020,Ronald Guzman,"$447,052"
10867,2019-2020,Anthony Banda,"$446,106"
10868,2019-2020,Dwight Smith Jr.,"$445,628"
10869,2019-2020,Brett Martin,"$444,616"
10870,2019-2020,Jefry Rodriguez,"$444,616"
10871,2019-2020,Jonathan Loaisiga,"$443,058"
10872,2019-2020,Ryan Yarbrough,"$442,234"
10873,2019-2020,Nick Pivetta,"$440,455"
10874,2019-2020,Travis d'Arnaud,"$438,648"
10875,2019-2020,Caleb Ferguson,"$436,595"
10876,2019-2020,Luis Perdomo,"$435,664"
10877,2019-2020,Kyle Freeland,"$434,434"
10878,2019-2020,Chris Stratton,"$430,191"
10879,2019-2020,Victor Alcantara,"$429,858"
10880,2019-2020,Gerardo Parra,"$429,696"
10881,2019-2020,Donovan Solano,"$429,696"
10882,2019-2020,Ryan O'Hearn,"$428,714"
10883,2019-2020,J.P. Crawford,"$426,712"
10884,2019-2020,Nick Ramirez,"$426,712"
10885,2019-2020,Nick Goody,"$424,593"
10886,2019-2020,Clay Holmes,"$423,728"
10887,2019-2020,Harold Ramirez,"$423,728"
10888,2019-2020,Jose Ruiz,"$420,744"
10889,2019-2020,Ildemaro Vargas,"$420,744"
10890,2019-2020,Austin Adams,"$417,760"
10891,2019-2020,Oscar Mercado,"$417,760"
10892,2019-2020,Shaun Anderson,"$414,776"
10893,2019-2020,Nicky Lopez,"$414,776"
10894,2019-2020,Austin Riley,"$411,792"
10895,2019-2020,Corbin Burnes,"$408,483"
10896,2019-2020,Matt Beaty,"$405,824"
10897,2019-2020,Billy McKinney,"$403,072"
10898,2019-2020,Tanner Rainey,"$402,840"
10899,2019-2020,Eric Skoglund,"$397,150"
10900,2019-2020,Jake Cave,"$397,062"
10901,2019-2020,Justin Miller,"$395,436"
10902,2019-2020,Tyler O'Neill,"$394,160"
10903,2019-2020,Anthony Bass,"$393,888"
10904,2019-2020,Braden Bishop,"$393,888"
10905,2019-2020,David Hale,"$393,888"
10906,2019-2020,Tommy Milone,"$393,888"
10907,2019-2020,Ryan Goins,"$393,150"
10908,2019-2020,Dereck Rodriguez,"$392,210"
10909,2019-2020,Harold Castro,"$390,904"
10910,2019-2020,Jairo Díaz,"$390,904"
10911,2019-2020,Cal Quantrill,"$390,904"
10912,2019-2020,Oliver Drake,"$386,588"
10913,2019-2020,Cavan Biggio,"$384,936"
10914,2019-2020,Willie Calhoun,"$384,936"
10915,2019-2020,Tony Barnette,"$383,065"
10916,2019-2020,Mike Yastrzemski,"$381,952"
10917,2019-2020,Jose Rondon,"$379,386"
10918,2019-2020,Ronny Rodriguez,"$378,968"
10919,2019-2020,Tim Locastro,"$375,984"
10920,2019-2020,Jharel Cotton,"$373,674"
10921,2019-2020,Chad Sobotka,"$370,636"
10922,2019-2020,Greg Allen,"$370,599"
10923,2019-2020,Phillip Ervin,"$370,016"
10924,2019-2020,Nick Tropeano,"$369,920"
10925,2019-2020,Daniel Robertson,"$367,920"
10926,2019-2020,Tyler Kinley,"$367,032"
10927,2019-2020,David Hess,"$366,630"
10928,2019-2020,Jay Jackson,"$365,568"
10929,2019-2020,Nestor Cortes,"$364,048"
10930,2019-2020,Josh VanMeter,"$364,048"
10931,2019-2020,Luis Arraez,"$361,064"
10932,2019-2020,Adam Plutko,"$361,064"
10933,2019-2020,Sam Travis,"$360,060"
10934,2019-2020,Tyler Beede,"$358,080"
10935,2019-2020,Taylor Clarke,"$355,096"
10936,2019-2020,Erick Fedde,"$355,096"
10937,2019-2020,Elieser Hernandez,"$355,096"
10938,2019-2020,Chance Sisco,"$355,096"
10939,2019-2020,Dalton Pompey,"$354,042"
10940,2019-2020,Josh Naylor,"$352,112"
10941,2019-2020,Jose De Leon,"$351,000"
10942,2019-2020,Terrance Gore,"$350,000"
10943,2019-2020,Peter Lambert,"$346,144"
10944,2019-2020,Anthony Santander,"$346,144"
10945,2019-2020,Adam Engel,"$343,840"
10946,2019-2020,Zach Plesac,"$343,160"
10947,2019-2020,Jacob Waguespack,"$343,160"
10948,2019-2020,Tommy Edman,"$340,176"
10949,2019-2020,Colin Poche,"$340,176"
10950,2019-2020,Tim Hill,"$339,020"
10951,2019-2020,Austin Voth,"$338,323"
10952,2019-2020,Yordan Alvarez,"$337,192"
10953,2019-2020,Keston Hiura,"$337,192"
10954,2019-2020,Taylor Cole,"$335,664"
10955,2019-2020,Ranger Suarez,"$334,208"
10956,2019-2020,Nick Williams,"$333,828"
10957,2019-2020,Harrison Musgrave,"$332,445"
10958,2019-2020,Erik Swanson,"$331,224"
10959,2019-2020,Jordan Yamamoto,"$328,240"
10960,2019-2020,Brad Miller,"$322,272"
10961,2019-2020,Clint Frazier,"$320,968"
10962,2019-2020,Alex Blandino,"$320,679"
10963,2019-2020,Drew VerHagen,"$320,355"
10964,2019-2020,Frankie Montas,"$319,120"
10965,2019-2020,Ryan Weber,"$317,204"
10966,2019-2020,Austin Nola,"$316,304"
10967,2019-2020,Michael Perez,"$314,265"
10968,2019-2020,Jake Newberry,"$313,320"
10969,2019-2020,Gregory Soto,"$313,320"
10970,2019-2020,Ryan Helsley,"$310,336"
10971,2019-2020,Andrew Kittredge,"$310,336"
10972,2019-2020,Tzu-Wei Lin,"$307,395"
10973,2019-2020,Dan Altavilla,"$307,352"
10974,2019-2020,Scott Heineman,"$307,352"
10975,2019-2020,D.J. Stewart,"$307,352"
10976,2019-2020,Adam Haseley,"$304,368"
10977,2019-2020,Nick Margevicius,"$304,368"
10978,2019-2020,Roenis Elias,"$303,902"
10979,2019-2020,Alex Dickerson,"$301,384"
10980,2019-2020,Luke Bard,"$299,827"
10981,2019-2020,Luis Guillorme,"$298,900"
10982,2019-2020,Austin Allen,"$298,400"
10983,2019-2020,Thomas Pannone,"$298,089"
10984,2019-2020,Aaron Altherr,"$297,578"
10985,2019-2020,Stephen Tarpley,"$296,604"
10986,2019-2020,Josh D. Smith,"$296,272"
10987,2019-2020,Jose Quijada,"$295,416"
10988,2019-2020,Michael Hermosillo,"$293,216"
10989,2019-2020,Jeff Brigham,"$292,432"
10990,2019-2020,Thairo Estrada,"$292,432"
10991,2019-2020,Pablo Reyes,"$291,840"
10992,2019-2020,Joseph Biagini,"$290,323"
10993,2019-2020,Fernando Rodney,"$289,436"
10994,2019-2020,Carson Fulmer,"$286,464"
10995,2019-2020,Neil Ramirez,"$284,928"
10996,2019-2020,Jon Duplantier,"$283,480"
10997,2019-2020,Dawel Lugo,"$283,480"
10998,2019-2020,Alex Young,"$283,480"
10999,2019-2020,John Ryan Murphy,"$280,662"
11000,2019-2020,Gerson Bautista,"$280,590"
11001,2019-2020,Ross Detwiler,"$280,496"
11002,2019-2020,Branden Kline,"$280,496"
11003,2019-2020,Cory Gearrin,"$278,499"
11004,2019-2020,Geoff Hartlieb,"$274,528"
11005,2019-2020,J.T. Chargois,"$273,202"
11006,2019-2020,Lewis Brinson,"$272,785"
11007,2019-2020,Austin Slater,"$271,544"
11008,2019-2020,Touki Toussaint,"$271,544"
11009,2019-2020,Matt Wisler,"$269,720"
11010,2019-2020,Matt Bowman,"$268,560"
11011,2019-2020,Asher Wojciechowski,"$268,560"
11012,2019-2020,Jimmy Yacabonis,"$267,445"
11013,2019-2020,Dylan Cease,"$265,576"
11014,2019-2020,José Suarez,"$265,576"
11015,2019-2020,Matt Thaiss,"$265,576"
11016,2019-2020,Ty France,"$262,592"
11017,2019-2020,LaMonte Wade Jr.,"$262,592"
11018,2019-2020,Darwinzon Hernandez,"$261,785"
11019,2019-2020,Tyler Wade,"$261,375"
11020,2019-2020,Humberto Arteaga,"$259,608"
11021,2019-2020,Rowan Wick,"$256,624"
11022,2019-2020,Adrián Sanchez,"$255,935"
11023,2019-2020,Rajai Davis,"$254,968"
11024,2019-2020,Carlos Gomez,"$254,968"
11025,2019-2020,Michael Brosseau,"$253,640"
11026,2019-2020,Justin Shafer,"$253,640"
11027,2019-2020,Jesus Tinoco,"$253,640"
11028,2019-2020,Logan Morrison,"$252,672"
11029,2019-2020,Mark Zagunis,"$252,310"
11030,2019-2020,Austin Wynns,"$252,000"
11031,2019-2020,Jaime Barria,"$251,490"
11032,2019-2020,Luis Urias,"$251,244"
11033,2019-2020,Yency Almonte,"$250,656"
11034,2019-2020,Jose Cisnero,"$250,656"
11035,2019-2020,Philip Gosselin,"$250,656"
11036,2019-2020,Víctor Reyes,"$250,656"
11037,2019-2020,Aaron Brooks,"$249,913"
11038,2019-2020,Rosell Herrera,"$249,913"
11039,2019-2020,Daniel Mengden,"$247,672"
11040,2019-2020,J.B. Wendelken,"$245,754"
11041,2019-2020,Jonathan Davis,"$244,688"
11042,2019-2020,Edgar Garcia,"$244,688"
11043,2019-2020,Adeiny Hechavarria,"$241,935"
11044,2019-2020,Will Smith,"$241,704"
11045,2019-2020,Wilmer Difo,"$240,548"
11046,2019-2020,Cory Spangenberg,"$238,724"
11047,2019-2020,Rookie Davis,"$238,720"
11048,2019-2020,Mike Ford,"$238,720"
11049,2019-2020,Drew Gagnon,"$238,720"
11050,2019-2020,Andres Munoz,"$238,720"
11051,2019-2020,Bubba Starling,"$238,720"
11052,2019-2020,Pat Valaika,"$238,720"
11053,2019-2020,Miguel Díaz,"$238,027"
11054,2019-2020,Hector Noesi,"$236,555"
11055,2019-2020,Cole Tucker,"$235,736"
11056,2019-2020,Trevor Hildenberger,"$233,928"
11057,2019-2020,DJ Johnson,"$233,610"
11058,2019-2020,Homer Bailey,"$232,752"
11059,2019-2020,Sam Coonrod,"$229,768"
11060,2019-2020,Stefan Crichton,"$229,768"
11061,2019-2020,Daniel Ponce de Leon,"$229,768"
11062,2019-2020,Lucas Sims,"$229,768"
11063,2019-2020,Austin Dean,"$226,784"
11064,2019-2020,Taylor Guerrieri,"$226,784"
11065,2019-2020,Meibrys Viloria,"$226,784"
11066,2019-2020,Juan Graterol,"$223,800"
11067,2019-2020,Richard Lovelady,"$223,800"
11068,2019-2020,Tyler Bashlor,"$220,816"
11069,2019-2020,Myles Straw,"$220,816"
11070,2019-2020,Charlie Tilson,"$220,816"
11071,2019-2020,Wilmer Font,"$219,949"
11072,2019-2020,Andrew Stevenson,"$219,438"
11073,2019-2020,Dario Agrazal,"$217,832"
11074,2019-2020,Andrew Knizner,"$217,832"
11075,2019-2020,Zac Reininger,"$217,832"
11076,2019-2020,Chasen Shreve,"$217,741"
11077,2019-2020,Jimmy Cordero,"$214,848"
11078,2019-2020,Kevin Cron,"$214,848"
11079,2019-2020,Mike Morin,"$214,848"
11080,2019-2020,Dillon Peters,"$214,848"
11081,2019-2020,Josh Staumont,"$214,848"
11082,2019-2020,Ian Happ,"$214,170"
11083,2019-2020,Michel Baez,"$211,864"
11084,2019-2020,Evan Phillips,"$211,864"
11085,2019-2020,Gerardo Reyes,"$211,864"
11086,2019-2020,Daniel Zamora,"$211,864"
11087,2019-2020,Drew Smyly,"$211,855"
11088,2019-2020,Matt Magill,"$210,770"
11089,2019-2020,Rafael Montero,"$208,880"
11090,2019-2020,Tyler White,"$206,835"
11091,2019-2020,Taylor Davis,"$206,593"
11092,2019-2020,Yonder Alonso,"$205,896"
11093,2019-2020,Chi Chi Gonzalez,"$205,896"
11094,2019-2020,Timmy Lopes,"$205,896"
11095,2019-2020,Nathaniel Lowe,"$205,896"
11096,2019-2020,Juan Minaya,"$205,896"
11097,2019-2020,Casey Sadler,"$205,896"
11098,2019-2020,Jesús Aguilar,"$205,620"
11099,2019-2020,Dovydas Neverauskas,"$204,953"
11100,2019-2020,Cy Sneed,"$202,912"
11101,2019-2020,Lewis Thorpe,"$202,912"
11102,2019-2020,Jeff Hoffman,"$199,928"
11103,2019-2020,Keon Broxton,"$199,810"
11104,2019-2020,Fernando Abad,"$197,846"
11105,2019-2020,Tim Federowicz,"$196,944"
11106,2019-2020,Reese McGuire,"$193,960"
11107,2019-2020,Tony Kemp,"$191,418"
11108,2019-2020,Christian Arroyo,"$190,976"
11109,2019-2020,Tanner Scott,"$190,976"
11110,2019-2020,Eric Sogard,"$190,976"
11111,2019-2020,Michael Shawaryn,"$188,895"
11112,2019-2020,Franklin Barreto,"$188,811"
11113,2019-2020,Bo Bichette,"$187,992"
11114,2019-2020,Kris Negrón,"$187,992"
11115,2019-2020,Austin Pruitt,"$187,992"
11116,2019-2020,Max Stassi,"$187,207"
11117,2019-2020,Matt Festa,"$185,194"
11118,2019-2020,Ryne Stanek,"$185,013"
11119,2019-2020,Jandel Gustave,"$185,008"
11120,2019-2020,Blake Parker,"$185,008"
11121,2019-2020,Jake Rogers,"$185,008"
11122,2019-2020,Jared Walsh,"$185,008"
11123,2019-2020,Kyle Zimmer,"$185,008"
11124,2019-2020,Franmil Reyes,"$184,032"
11125,2019-2020,Adam Kolarek,"$183,915"
11126,2019-2020,Travis Lakins,"$182,316"
11127,2019-2020,Buddy Boshers,"$182,024"
11128,2019-2020,Corbin Martin,"$182,024"
11129,2019-2020,Andrew Suarez,"$182,024"
11130,2019-2020,Richard Urena,"$181,320"
11131,2019-2020,Derek Fisher,"$180,480"
11132,2019-2020,Nick Anderson,"$179,040"
11133,2019-2020,Aristides Aquino,"$179,040"
11134,2019-2020,Travis Demeritte,"$179,040"
11135,2019-2020,Trent Grisham,"$179,040"
11136,2019-2020,Garrett Stubbs,"$179,040"
11137,2019-2020,Tyler Saladino,"$176,564"
11138,2019-2020,Emmanuel Clase,"$176,056"
11139,2019-2020,Cole Irvin,"$176,056"
11140,2019-2020,Dustin May,"$176,056"
11141,2019-2020,Reggie McClain,"$176,056"
11142,2019-2020,Peter O'Brien,"$176,056"
11143,2019-2020,Matt Skole,"$176,056"
11144,2019-2020,Jose Trevino,"$176,056"
11145,2019-2020,Daniel Palka,"$173,736"
11146,2019-2020,Tyler Alexander,"$173,072"
11147,2019-2020,Aaron Civale,"$173,072"
11148,2019-2020,Zac Gallen,"$173,072"
11149,2019-2020,Robel Garcia,"$173,072"
11150,2019-2020,Brendan McKay,"$173,072"
11151,2019-2020,Bobby Poyner,"$170,331"
11152,2019-2020,Austin Davis,"$170,088"
11153,2019-2020,Devin Smeltzer,"$170,088"
11154,2019-2020,Cody Stashak,"$170,088"
11155,2019-2020,Hunter Wood,"$170,088"
11156,2019-2020,Isan Diaz,"$167,104"
11157,2019-2020,Kevin Ginkel,"$167,104"
11158,2019-2020,J.D. Hammer,"$167,104"
11159,2019-2020,Mitch Keller,"$167,104"
11160,2019-2020,Zack Littell,"$167,104"
11161,2019-2020,Shed Long Jr.,"$167,104"
11162,2019-2020,Patrick Sandoval,"$167,104"
11163,2019-2020,Asdrubal Cabrera,"$164,120"
11164,2019-2020,Zack Collins,"$164,120"
11165,2019-2020,Matt Hall,"$164,120"
11166,2019-2020,Hector Santiago,"$164,120"
11167,2019-2020,Kyle Garlick,"$161,918"
11168,2019-2020,Paul Sewald,"$161,136"
11169,2019-2020,Brad Brach,"$158,152"
11170,2019-2020,Nick Dini,"$158,152"
11171,2019-2020,Sam Howard,"$158,152"
11172,2019-2020,Edwin Jackson,"$158,152"
11173,2019-2020,Jonathan Lucroy,"$158,152"
11174,2019-2020,Rangel Ravelo,"$158,152"
11175,2019-2020,Yadiel Rivera,"$158,152"
11176,2019-2020,Taylor Williams,"$157,612"
11177,2019-2020,Gorkys Hernández,"$155,914"
11178,2019-2020,Ryan Flaherty,"$155,904"
11179,2019-2020,Kolby Allard,"$155,168"
11180,2019-2020,Zac Grotz,"$155,168"
11181,2019-2020,Kyle Higashioka,"$154,326"
11182,2019-2020,Jason Adam,"$152,184"
11183,2019-2020,Joe Panik,"$152,184"
11184,2019-2020,José Urquidy,"$152,184"
11185,2019-2020,Phil Maton,"$151,300"
11186,2019-2020,Chance Adams,"$149,650"
11187,2019-2020,Austin Adams,"$149,200"
11188,2019-2020,Heath Fillmyer,"$149,200"
11189,2019-2020,Chris Mazza,"$149,200"
11190,2019-2020,Chris Owings,"$149,194"
11191,2019-2020,Jaime Schultz,"$147,984"
11192,2019-2020,Jacob Barnes,"$146,496"
11193,2019-2020,Genesis Cabrera,"$146,216"
11194,2019-2020,Tony Gonsolin,"$146,216"
11195,2019-2020,Josh Rojas,"$146,216"
11196,2019-2020,Jordan Romano,"$146,216"
11197,2019-2020,Kyle Bird,"$143,232"
11198,2019-2020,Aramis Garcia,"$143,232"
11199,2019-2020,Dom Nunez,"$143,232"
11200,2019-2020,Rafael Ortega,"$143,232"
11201,2019-2020,Fernando Romero,"$143,232"
11202,2019-2020,Josh Sborz,"$143,232"
11203,2019-2020,Jesús Sucre,"$141,670"
11204,2019-2020,Jake Jewell,"$140,248"
11205,2019-2020,David McKay,"$140,248"
11206,2019-2020,J.B. Shuck,"$139,231"
11207,2019-2020,Max Moroff,"$138,024"
11208,2019-2020,Junior Fernandez,"$137,264"
11209,2019-2020,Taylor Guilbeau,"$137,264"
11210,2019-2020,Joel Kuhnel,"$137,264"
11211,2019-2020,Kyle Wright,"$136,710"
11212,2019-2020,Drew Butera,"$134,280"
11213,2019-2020,Yonathan Daza,"$134,280"
11214,2019-2020,Dillon Maples,"$134,280"
11215,2019-2020,Alex McRae,"$134,280"
11216,2019-2020,Alec Mills,"$134,280"
11217,2019-2020,Brett Phillips,"$134,280"
11218,2019-2020,Devin Williams,"$134,280"
11219,2019-2020,Trevor Richards,"$131,795"
11220,2019-2020,Joey Rickard,"$131,795"
11221,2019-2020,R.J. Alaniz,"$131,296"
11222,2019-2020,Hunter Harvey,"$131,296"
11223,2019-2020,Logan Webb,"$131,296"
11224,2019-2020,Bobby Wilson,"$131,296"
11225,2019-2020,Mike Wright,"$131,196"
11226,2019-2020,Miguel Del Pozo,"$128,312"
11227,2019-2020,Ryan Eades,"$128,312"
11228,2019-2020,Yefry Ramírez,"$128,312"
11229,2019-2020,Edwin Rios,"$128,312"
11230,2019-2020,Taylor Ward,"$128,312"
11231,2019-2020,Mac Williamson,"$128,145"
11232,2019-2020,Wes Parsons,"$127,596"
11233,2019-2020,Noel Cuevas,"$125,328"
11234,2019-2020,Randy Dobnak,"$125,328"
11235,2019-2020,Jimmy Herget,"$125,328"
11236,2019-2020,Kyle Keller,"$125,328"
11237,2019-2020,Domingo Leyba,"$125,328"
11238,2019-2020,Sal Romano,"$125,328"
11239,2019-2020,Kohl Stewart,"$125,328"
11240,2019-2020,Duane Underwood,"$125,328"
11241,2019-2020,Framber Valdez,"$124,886"
11242,2019-2020,Adalberto Mejia,"$123,451"
11243,2019-2020,Brock Burke,"$122,344"
11244,2019-2020,Jake Fraley,"$122,344"
11245,2019-2020,Jonathan Hernandez,"$122,344"
11246,2019-2020,Jack Mayfield,"$122,344"
11247,2019-2020,Jacob Nottingham,"$122,344"
11248,2019-2020,Brian O'Grady,"$122,344"
11249,2019-2020,Nick Solak,"$122,344"
11250,2019-2020,Aaron Wilkerson,"$122,344"
11251,2019-2020,Anthony Bemboom,"$119,360"
11252,2019-2020,Ray Black,"$119,360"
11253,2019-2020,Tim Melville,"$119,360"
11254,2019-2020,Cionel Perez,"$119,360"
11255,2019-2020,Jace Peterson,"$119,360"
11256,2019-2020,Jimmie Sherfy,"$119,360"
11257,2019-2020,Josh Fuentes,"$116,376"
11258,2019-2020,Kyle McGowin,"$116,376"
11259,2019-2020,Wilfredo Tovar,"$116,376"
11260,2019-2020,Yu-Cheng Chang,"$113,392"
11261,2019-2020,Justus Sheffield,"$113,392"
11262,2019-2020,Abraham Toro,"$113,392"
11263,2019-2020,Jeremy Walker,"$113,392"
11264,2019-2020,Justin Williams,"$113,392"
11265,2019-2020,Willi Castro,"$110,408"
11266,2019-2020,Francisco Cervelli,"$110,408"
11267,2019-2020,Jake Faria,"$110,408"
11268,2019-2020,René Rivera,"$110,408"
11269,2019-2020,Dennis Santana,"$108,073"
11270,2019-2020,Conner Menez,"$107,424"
11271,2019-2020,Sean Reid-Foley,"$107,424"
11272,2019-2020,Brian Schlitter,"$107,424"
11273,2019-2020,Phillips Valdez,"$107,424"
11274,2019-2020,Socrates Brito,"$105,560"
11275,2019-2020,Randy Arozarena,"$104,440"
11276,2019-2020,Seth Brown,"$104,440"
11277,2019-2020,Matt Carasiti,"$104,440"
11278,2019-2020,John Schreiber,"$104,440"
11279,2019-2020,Robby Scott,"$104,440"
11280,2019-2020,Mauricio Dubon,"$101,456"
11281,2019-2020,Robert Dugger,"$101,456"
11282,2019-2020,Thomas Eshelman,"$101,456"
11283,2019-2020,Sam Hilliard,"$101,456"
11284,2019-2020,Tyler Rogers,"$101,456"
11285,2019-2020,Grégor Blanco,"$100,000"
11286,2019-2020,Chris Stewart,"$100,000"
11287,2019-2020,Trevor Kelley,"$98,648"
11288,2019-2020,Ian Gibaut,"$98,472"
11289,2019-2020,Brock Stewart,"$97,216"
11290,2019-2020,Nick Martini,"$95,904"
11291,2019-2020,Eric Haase,"$95,488"
11292,2019-2020,Kevin Kramer,"$95,488"
11293,2019-2020,Sheldon Neuse,"$95,488"
11294,2019-2020,Dustin Peterson,"$95,488"
11295,2019-2020,Tayler Scott,"$95,488"
11296,2019-2020,Burch Smith,"$95,488"
11297,2019-2020,Edmundo Sosa,"$95,488"
11298,2019-2020,Matt Koch,"$94,612"
11299,2019-2020,Paul Blackburn,"$92,504"
11300,2019-2020,Pete Fairbanks,"$92,504"
11301,2019-2020,Jose Rodriguez,"$92,504"
11302,2019-2020,Chandler Shepherd,"$92,504"
11303,2019-2020,Raudy Read,"$89,670"
11304,2019-2020,Sam Selman,"$89,520"
11305,2019-2020,Eric Yardley,"$89,520"
11306,2019-2020,Juan Centeno,"$88,091"
11307,2019-2020,David Freitas,"$87,087"
11308,2019-2020,Anthony Alford,"$86,536"
11309,2019-2020,Abraham Almonte,"$86,536"
11310,2019-2020,Tyler Austin,"$86,536"
11311,2019-2020,David Bednar,"$86,536"
11312,2019-2020,Jhoulys Chacin,"$86,536"
11313,2019-2020,Bryan Garcia,"$86,536"
11314,2019-2020,Brusdar Graterol,"$86,536"
11315,2019-2020,Deivy Grullon,"$86,536"
11316,2019-2020,Javy Guerra,"$86,536"
11317,2019-2020,Sam Haggerty,"$86,536"
11318,2019-2020,James Hoyt,"$86,536"
11319,2019-2020,Joe Hudson,"$86,536"
11320,2019-2020,Tyler Lyons,"$86,536"
11321,2019-2020,Ian Miller,"$86,536"
11322,2019-2020,Sean Murphy,"$86,536"
11323,2019-2020,James Pazos,"$86,536"
11324,2019-2020,Chris Shaw,"$86,536"
11325,2019-2020,Nick Vincent,"$86,536"
11326,2019-2020,Brad Wieck,"$86,536"
11327,2019-2020,Ronald Bolaños,"$83,552"
11328,2019-2020,Phillip Diehl,"$83,552"
11329,2019-2020,Gavin Lux,"$83,552"
11330,2019-2020,Stephen Nogosek,"$83,552"
11331,2019-2020,Locke St. John,"$83,552"
11332,2019-2020,Kyle Tucker,"$83,552"
11333,2019-2020,Jose Pirela,"$83,538"
11334,2019-2020,Gabriel Moya,"$81,297"
11335,2019-2020,Jon Edwards,"$80,703"
11336,2019-2020,Steve Baron,"$80,568"
11337,2019-2020,Tyler Heineman,"$80,568"
11338,2019-2020,Spencer Kieboom,"$80,568"
11339,2019-2020,Ryan McBroom,"$80,568"
11340,2019-2020,Erick Mejia,"$80,568"
11341,2019-2020,Seth Mejias-Brean,"$80,568"
11342,2019-2020,Keury Mella,"$80,568"
11343,2019-2020,Danny Mendick,"$80,568"
11344,2019-2020,Brian Moran,"$80,568"
11345,2019-2020,Yacksel Ríos,"$80,568"
11346,2019-2020,Magneuris Sierra,"$80,568"
11347,2019-2020,Gabe Speier,"$80,568"
11348,2019-2020,Wei-Chung Wang,"$80,568"
11349,2019-2020,Mason Williams,"$80,568"
11350,2019-2020,T.J. Zeuch,"$80,568"
11351,2019-2020,Bryan Abreu,"$77,584"
11352,2019-2020,Tanner Anderson,"$77,584"
11353,2019-2020,Aaron Barrett,"$77,584"
11354,2019-2020,Jaylin Davis,"$77,584"
11355,2019-2020,Jake Elmore,"$77,584"
11356,2019-2020,James Norwood,"$77,584"
11357,2019-2020,Pedro Payano,"$77,584"
11358,2019-2020,Cole Sulser,"$77,584"
11359,2019-2020,Cedric Mullins,"$74,925"
11360,2019-2020,Ty Blach,"$74,600"
11361,2019-2020,Ryan Court,"$74,600"
11362,2019-2020,Montana DuRapau,"$74,600"
11363,2019-2020,Isaac Galloway,"$74,600"
11364,2019-2020,Joe Harvey,"$74,600"
11365,2019-2020,Mitchell Walding,"$72,588"
11366,2019-2020,Enyel De Los Santos,"$71,616"
11367,2019-2020,Wandy Peralta,"$70,495"
11368,2019-2020,Fernando Salas,"$69,892"
11369,2019-2020,Bobby Bradley,"$68,632"
11370,2019-2020,Austin Hays,"$68,632"
11371,2019-2020,Danny Hultzen,"$68,632"
11372,2019-2020,Tyrone Taylor,"$68,632"
11373,2019-2020,Anthony Kay,"$68,264"
11374,2019-2020,Tres Barrera,"$65,648"
11375,2019-2020,Ryan LaMarre,"$65,648"
11376,2019-2020,James Marvel,"$65,648"
11377,2019-2020,Thyago Vieira,"$65,648"
11378,2019-2020,Luis Barrera,"$62,664"
11379,2019-2020,Chris Flexen,"$62,664"
11380,2019-2020,Nico Hoerner,"$62,664"
11381,2019-2020,Oscar De La Cruz,"$61,239"
11382,2019-2020,Jesús Luzardo,"$60,774"
11383,2019-2020,Mike Gerber,"$59,680"
11384,2019-2020,Donnie Hart,"$59,680"
11385,2019-2020,Kyle Lewis,"$59,680"
11386,2019-2020,Tim Peterson,"$59,680"
11387,2019-2020,Donnie Walton,"$59,680"
11388,2019-2020,Art Warren,"$59,680"
11389,2019-2020,Adbert Alzolay,"$56,696"
11390,2019-2020,Rogelio Armenteros,"$56,696"
11391,2019-2020,Johnny Davis,"$56,696"
11392,2019-2020,Luis Escobar,"$56,696"
11393,2019-2020,Enderson Franco,"$56,696"
11394,2019-2020,Eduardo Jiménez,"$56,696"
11395,2019-2020,Joe Palumbo,"$56,696"
11396,2019-2020,Eric Stamets,"$56,696"
11397,2019-2020,Patrick Wisdom,"$56,696"
11398,2019-2020,Randy Rosario,"$54,576"
11399,2019-2020,Óscar Hernández,"$54,423"
11400,2019-2020,Merandy Gonzalez,"$54,133"
11401,2019-2020,Williams Jerez,"$50,728"
11402,2019-2020,James Karinchak,"$50,728"
11403,2019-2020,Walker Lockett,"$50,728"
11404,2019-2020,Brooks Pounders,"$50,728"
11405,2019-2020,Cristhian Adames,"$47,744"
11406,2019-2020,Jose Fernandez,"$47,744"
11407,2019-2020,Wei-Chieh Huang,"$47,744"
11408,2019-2020,Jake Noll,"$47,744"
11409,2019-2020,Michael Blazek,"$45,435"
11410,2019-2020,Keibert Ruiz,"$45,300"
11411,2019-2020,Justin Steele,"$45,300"
11412,2019-2020,Andrew Moore,"$44,847"
11413,2019-2020,Skye Bolt,"$44,760"
11414,2019-2020,David Carpenter,"$44,760"
11415,2019-2020,Caleb Frare,"$44,760"
11416,2019-2020,Beau Taylor,"$44,760"
11417,2019-2020,Mikie Mahtook,"$43,246"
11418,2019-2020,Nick Rumbelow,"$42,343"
11419,2019-2020,Christian Colon,"$41,776"
11420,2019-2020,Odrisamer Despaigne,"$41,776"
11421,2019-2020,Alex Jackson,"$41,776"
11422,2019-2020,Jacob Rhame,"$41,776"
11423,2019-2020,Josh A. Smith,"$41,776"
11424,2019-2020,Luis Torrens,"$41,776"
11425,2019-2020,Dustin Garneau,"$38,792"
11426,2019-2020,Corban Joseph,"$38,792"
11427,2019-2020,Andrew Velazquez,"$38,792"
11428,2019-2020,Kaleb Cowart,"$35,808"
11429,2019-2020,Eric Hanhold,"$35,808"
11430,2019-2020,Michael King,"$32,824"
11431,2019-2020,Seby Zavala,"$32,824"
11432,2019-2020,Ryan Dull,"$32,368"
11433,2019-2020,Jim Adduci,"$32,258"
11434,2019-2020,Erasmo Ramirez,"$32,258"
11435,2019-2020,Alex Reyes,"$30,350"
11436,2019-2020,Carter Kieboom,"$29,840"
11437,2019-2020,Jarrett Parker,"$29,840"
11438,2019-2020,Breyvic Valera,"$29,840"
11439,2019-2020,Pedro Araujo,"$26,955"
11440,2019-2020,Abiatal Avelino,"$26,856"
11441,2019-2020,Deven Marrero,"$26,856"
11442,2019-2020,Ryan Garton,"$24,086"
11443,2019-2020,Joel Payamps,"$23,872"
11444,2019-2020,Ian Hamilton,"$20,923"
11445,2019-2020,Jorge Bonifacio,"$20,888"
11446,2019-2020,Wilkin Castillo,"$20,888"
11447,2019-2020,Corey Oswalt,"$20,888"
11448,2019-2020,Nick Ciuffo,"$17,904"
11449,2019-2020,Yennsy Diaz,"$17,904"
11450,2019-2020,Ryan Feierabend,"$17,904"
11451,2019-2020,Andrew Vasquez,"$17,904"
11452,2019-2020,Kean Wong,"$17,904"
11453,2019-2020,Michael Reed,"$14,985"
11454,2019-2020,Sean Gilmartin,"$14,920"
11455,2019-2020,Parker Markel,"$14,920"
11456,2019-2020,Patrick Weigel,"$14,920"
11457,2019-2020,James Bourque,"$11,936"
11458,2019-2020,Huascar Ynoa,"$11,936"
11459,2019-2020,Pat Venditte,"$9,435"
11460,2019-2020,Rob Brantly,"$9,274"
11461,2019-2020,Aaron Slegers,"$8,952"
11462,2019-2020,Zack Granite,"$5,968"
11463,2019-2020,Deolis Guerra,"$5,968"
11464,2019-2020,Brady Lail,"$5,968"
11465,2019-2020,Joe Mantiply,"$5,968"
11466,2019-2020,Luis Ortiz,"$5,968"
11467,2019-2020,Bo Takahashi,"$5,968"
11468,2019-2020,Logan Allen,"$2,984"
11469,2019-2020,Pedro Avila,"$2,984"
11470,2019-2020,Adonis Rosa,"$2,984"
11471,2020-2021,Mookie Betts,"$27,000,000"
11472,2020-2021,Charlie Blackmon,"$21,000,000"
11473,2020-2021,Alex Bregman,"$21,000,000"
11474,2020-2021,Kyle Seager,"$19,000,000"
11475,2020-2021,Jon Lester,"$18,055,556"
11476,2020-2021,Clayton Kershaw,"$16,308,641"
11477,2020-2021,Max Scherzer,"$15,000,000"
11478,2020-2021,Anthony Rendon,"$13,444,444"
11479,2020-2021,Mike Trout,"$13,433,333"
11480,2020-2021,Gerrit Cole,"$13,333,333"
11481,2020-2021,Nolan Arenado,"$12,987,963"
11482,2020-2021,Justin Verlander,"$12,222,222"
11483,2020-2021,Paul Goldschmidt,"$12,148,148"
11484,2020-2021,Miguel Cabrera,"$11,111,111"
11485,2020-2021,Manny Machado,"$11,111,111"
11486,2020-2021,Albert Pujols,"$10,740,741"
11487,2020-2021,Jose Altuve,"$9,703,704"
11488,2020-2021,Giancarlo Stanton,"$9,629,630"
11489,2020-2021,Bryce Harper,"$9,629,629"
11490,2020-2021,Joey Votto,"$9,259,259"
11491,2020-2021,Jordan Zimmermann,"$9,259,259"
11492,2020-2021,Jose Abreu,"$9,189,074"
11493,2020-2021,Jacob deGrom,"$9,074,074"
11494,2020-2021,J.D. Martinez,"$8,796,296"
11495,2020-2021,Johnny Cueto,"$8,777,778"
11496,2020-2021,Stephen Strasburg,"$8,730,158"
11497,2020-2021,Masahiro Tanaka,"$8,518,519"
11498,2020-2021,Freddie Freeman,"$8,348,148"
11499,2020-2021,Jeff Samardzija,"$8,166,666"
11500,2020-2021,Yu Darvish,"$8,148,148"
11501,2020-2021,Zack Wheeler,"$7,962,963"
11502,2020-2021,Shin-Soo Choo,"$7,777,778"
11503,2020-2021,Jason Heyward,"$7,777,778"
11504,2020-2021,George Springer,"$7,777,778"
11505,2020-2021,Justin Upton,"$7,777,778"
11506,2020-2021,Robinson Canó,"$7,500,000"
11507,2020-2021,Jake Arrieta,"$7,407,407"
11508,2020-2021,Xander Bogaerts,"$7,407,407"
11509,2020-2021,Eric Hosmer,"$7,407,407"
11510,2020-2021,Yadier Molina,"$7,407,407"
11511,2020-2021,Wil Myers,"$7,407,407"
11512,2020-2021,Hyun-Jin Ryu,"$7,407,407"
11513,2020-2021,Chris Sale,"$7,407,407"
11514,2020-2021,Dexter Fowler,"$7,370,370"
11515,2020-2021,Patrick Corbin,"$7,037,037"
11516,2020-2021,Justin Turner,"$7,037,037"
11517,2020-2021,Zack Greinke,"$6,950,617"
11518,2020-2021,Kris Bryant,"$6,888,889"
11519,2020-2021,Matt Carpenter,"$6,851,852"
11520,2020-2021,Yasmani Grandal,"$6,759,259"
11521,2020-2021,Josh Donaldson,"$6,666,667"
11522,2020-2021,Cole Hamels,"$6,666,667"
11523,2020-2021,Kenley Jansen,"$6,666,667"
11524,2020-2021,Dallas Keuchel,"$6,666,667"
11525,2020-2021,Marcell Ozuna,"$6,666,667"
11526,2020-2021,Jake Odorizzi,"$6,592,593"
11527,2020-2021,Trevor Bauer,"$6,481,481"
11528,2020-2021,Corey Kluber,"$6,481,481"
11529,2020-2021,Francisco Lindor,"$6,481,481"
11530,2020-2021,Dellin Betances,"$6,411,815"
11531,2020-2021,Chris Davis,"$6,296,296"
11532,2020-2021,Nathan Eovaldi,"$6,296,296"
11533,2020-2021,J.A. Happ,"$6,296,296"
11534,2020-2021,Andrew McCutchen,"$6,296,296"
11535,2020-2021,Khris Davis,"$6,203,704"
11536,2020-2021,Ian Kennedy,"$6,111,111"
11537,2020-2021,Anthony Rizzo,"$6,111,111"
11538,2020-2021,Nick Castellanos,"$5,925,926"
11539,2020-2021,Craig Kimbrel,"$5,925,926"
11540,2020-2021,Brandon Belt,"$5,925,925"
11541,2020-2021,Miles Mikolas,"$5,833,333"
11542,2020-2021,Danny Duffy,"$5,648,148"
11543,2020-2021,Elvis Andrus,"$5,555,556"
11544,2020-2021,Michael Brantley,"$5,555,556"
11545,2020-2021,Ryan Braun,"$5,555,556"
11546,2020-2021,Charlie Morton,"$5,555,556"
11547,2020-2021,Lorenzo Cain,"$5,555,555"
11548,2020-2021,Aroldis Chapman,"$5,555,555"
11549,2020-2021,Brandon Crawford,"$5,555,555"
11550,2020-2021,Evan Longoria,"$5,552,890"
11551,2020-2021,Yaisel Sierra,"$5,500,000"
11552,2020-2021,Jean Segura,"$5,277,777"
11553,2020-2021,Didi Gregorius,"$5,185,185"
11554,2020-2021,Yusei Kikuchi,"$5,185,185"
11555,2020-2021,Mark Melancon,"$5,185,185"
11556,2020-2021,Miguel Sano,"$5,111,111"
11557,2020-2021,Edwin Encarnacion,"$5,074,074"
11558,2020-2021,Carlos Santana,"$5,000,000"
11559,2020-2021,Dee Strange-Gordon,"$5,000,000"
11560,2020-2021,Trevor Story,"$4,962,963"
11561,2020-2021,Brett Gardner,"$4,962,962"
11562,2020-2021,Max Muncy,"$4,870,370"
11563,2020-2021,Zack Britton,"$4,814,815"
11564,2020-2021,Tyler Chatwood,"$4,814,815"
11565,2020-2021,Salvador Perez,"$4,814,815"
11566,2020-2021,Josh Reddick,"$4,814,815"
11567,2020-2021,Marcus Semien,"$4,814,815"
11568,2020-2021,Will Smith,"$4,814,815"
11569,2020-2021,Andrelton Simmons,"$4,757,308"
11570,2020-2021,Miguel Rojas,"$4,750,000"
11571,2020-2021,Lance Lynn,"$4,703,704"
11572,2020-2021,Dustin Pedroia,"$4,637,737"
11573,2020-2021,James Paxton,"$4,629,630"
11574,2020-2021,Christian Yelich,"$4,629,630"
11575,2020-2021,Kyle Gibson,"$4,629,629"
11576,2020-2021,Rich Hill,"$4,629,629"
11577,2020-2021,Alex Cobb,"$4,582,187"
11578,2020-2021,Nelson Cruz,"$4,444,444"
11579,2020-2021,Randal Grichuk,"$4,444,444"
11580,2020-2021,Kyle Hendricks,"$4,444,444"
11581,2020-2021,D.J. LeMahieu,"$4,444,444"
11582,2020-2021,Mike Moustakas,"$4,444,444"
11583,2020-2021,A.J. Pollock,"$4,444,444"
11584,2020-2021,Tanner Roark,"$4,444,444"
11585,2020-2021,Jed Lowrie,"$4,333,333"
11586,2020-2021,Andrew Miller,"$4,296,259"
11587,2020-2021,Corey Dickerson,"$4,268,518"
11588,2020-2021,Cody Bellinger,"$4,259,259"
11589,2020-2021,Carlos Martinez,"$4,259,259"
11590,2020-2021,Jose Quintana,"$4,259,259"
11591,2020-2021,Jackie Bradley Jr.,"$4,074,074"
11592,2020-2021,David Robertson,"$4,074,074"
11593,2020-2021,Sonny Gray,"$3,999,963"
11594,2020-2021,Alex Colomé,"$3,900,926"
11595,2020-2021,Garrett Richards,"$3,889,148"
11596,2020-2021,Aaron Hicks,"$3,888,888"
11597,2020-2021,Carlos Carrasco,"$3,796,296"
11598,2020-2021,Kolten Wong,"$3,796,296"
11599,2020-2021,Javier Báez,"$3,703,704"
11600,2020-2021,Jeurys Familia,"$3,703,704"
11601,2020-2021,Kevin Kiermaier,"$3,703,704"
11602,2020-2021,Roberto Osuna,"$3,703,704"
11603,2020-2021,Rick Porcello,"$3,703,704"
11604,2020-2021,J.T. Realmuto,"$3,703,704"
11605,2020-2021,Blake Treinen,"$3,703,704"
11606,2020-2021,Luis Severino,"$3,703,703"
11607,2020-2021,Wilson Ramos,"$3,611,926"
11608,2020-2021,Noah Syndergaard,"$3,592,592"
11609,2020-2021,Ken Giles,"$3,555,556"
11610,2020-2021,Adam Eaton,"$3,518,519"
11611,2020-2021,Drew Pomeranz,"$3,481,481"
11612,2020-2021,Chris Archer,"$3,333,333"
11613,2020-2021,Kevin Gausman,"$3,333,333"
11614,2020-2021,Marwin Gonzalez,"$3,333,333"
11615,2020-2021,Raisel Iglesias,"$3,333,333"
11616,2020-2021,Rougned Odor,"$3,333,333"
11617,2020-2021,Julio Teherán,"$3,333,333"
11618,2020-2021,Ryan Pressly,"$3,240,741"
11619,2020-2021,Nick Ahmed,"$3,222,222"
11620,2020-2021,Chase Anderson,"$3,148,148"
11621,2020-2021,Aaron Judge,"$3,148,148"
11622,2020-2021,Joe Kelly,"$3,148,148"
11623,2020-2021,Joakim Soria,"$3,148,148"
11624,2020-2021,Aníbal Sánchez,"$3,148,148"
11625,2020-2021,Avisaíl García,"$3,092,592"
11626,2020-2021,Yulieski Gurriel,"$3,074,074"
11627,2020-2021,Eduardo Rodriguez,"$3,074,074"
11628,2020-2021,Michael Fiers,"$3,000,000"
11629,2020-2021,Michael Conforto,"$2,962,963"
11630,2020-2021,Carlos Correa,"$2,962,963"
11631,2020-2021,Will Harris,"$2,962,963"
11632,2020-2021,Daniel Murphy,"$2,962,963"
11633,2020-2021,Adam Wainwright,"$2,962,963"
11634,2020-2021,Travis d'Arnaud,"$2,962,963"
11635,2020-2021,Aaron Nola,"$2,962,962"
11636,2020-2021,Adam Ottavino,"$2,962,962"
11637,2020-2021,Gregory Polanco,"$2,962,962"
11638,2020-2021,Tommy Pham,"$2,925,926"
11639,2020-2021,Joc Pederson,"$2,870,370"
11640,2020-2021,Eddie Rosario,"$2,870,370"
11641,2020-2021,Corey Seager,"$2,814,815"
11642,2020-2021,Trea Turner,"$2,759,259"
11643,2020-2021,Jorge Soler,"$2,703,704"
11644,2020-2021,Kirby Yates,"$2,615,741"
11645,2020-2021,Kyle Schwarber,"$2,596,296"
11646,2020-2021,Eduardo Escobar,"$2,592,593"
11647,2020-2021,Brad Hand,"$2,592,593"
11648,2020-2021,Ender Inciarte,"$2,592,593"
11649,2020-2021,Jordan Lyles,"$2,592,593"
11650,2020-2021,Chris Martin,"$2,592,593"
11651,2020-2021,David Peralta,"$2,592,593"
11652,2020-2021,Blake Snell,"$2,592,593"
11653,2020-2021,Eugenio Suarez,"$2,592,593"
11654,2020-2021,Stephen Piscotty,"$2,592,592"
11655,2020-2021,Tony Watson,"$2,592,592"
11656,2020-2021,José Ramírez,"$2,514,815"
11657,2020-2021,Martín Pérez,"$2,422,222"
11658,2020-2021,César Hernández,"$2,407,815"
11659,2020-2021,Sean Doolittle,"$2,407,407"
11660,2020-2021,Kenta Maeda,"$2,393,704"
11661,2020-2021,Mike Foltynewicz,"$2,379,630"
11662,2020-2021,Shane Greene,"$2,314,815"
11663,2020-2021,Max Kepler,"$2,314,815"
11664,2020-2021,C.J. Cron,"$2,259,259"
11665,2020-2021,Jonathan Schoop,"$2,259,259"
11666,2020-2021,Shogo Akiyama,"$2,222,222"
11667,2020-2021,Madison Bumgarner,"$2,222,222"
11668,2020-2021,Kole Calhoun,"$2,222,222"
11669,2020-2021,Starlin Castro,"$2,222,222"
11670,2020-2021,Wade Miley,"$2,222,222"
11671,2020-2021,Kurt Suzuki,"$2,222,222"
11672,2020-2021,Anthony DeSclafani,"$2,212,963"
11673,2020-2021,Enrique Hernandez,"$2,185,185"
11674,2020-2021,Jurickson Profar,"$2,111,111"
11675,2020-2021,Jon Gray,"$2,074,074"
11676,2020-2021,Chris Taylor,"$2,074,074"
11677,2020-2021,Nomar Mazara,"$2,059,259"
11678,2020-2021,Freddy Galvis,"$2,037,037"
11679,2020-2021,Yusmeiro Petit,"$2,037,037"
11680,2020-2021,Daniel Hudson,"$2,000,000"
11681,2020-2021,James McCann,"$2,000,000"
11682,2020-2021,Brett Anderson,"$1,999,852"
11683,2020-2021,Matthew Boyd,"$1,962,963"
11684,2020-2021,Liam Hendriks,"$1,962,963"
11685,2020-2021,Justin Wilson,"$1,944,852"
11686,2020-2021,Zach Davies,"$1,944,444"
11687,2020-2021,Corey Knebel,"$1,898,148"
11688,2020-2021,Edwin Diaz,"$1,888,889"
11689,2020-2021,Steven Matz,"$1,888,889"
11690,2020-2021,Dylan Bundy,"$1,851,852"
11691,2020-2021,Whit Merrifield,"$1,851,852"
11692,2020-2021,Gary Sánchez,"$1,851,852"
11693,2020-2021,Yoshitomo Tsutsugo,"$1,851,852"
11694,2020-2021,Hector Neris,"$1,814,815"
11695,2020-2021,Starling Marte,"$1,779,988"
11696,2020-2021,Josh Bell,"$1,777,778"
11697,2020-2021,Mark Canha,"$1,777,778"
11698,2020-2021,Trey Mancini,"$1,759,259"
11699,2020-2021,Sergio Romo,"$1,759,259"
11700,2020-2021,Willson Contreras,"$1,666,667"
11701,2020-2021,Gio Gonzalez,"$1,666,667"
11702,2020-2021,Germán Márquez,"$1,666,667"
11703,2020-2021,Mike Zunino,"$1,666,667"
11704,2020-2021,Michael Wacha,"$1,666,666"
11705,2020-2021,Craig Stammen,"$1,666,481"
11706,2020-2021,Aaron Loup,"$1,650,000"
11707,2020-2021,Carlos Rodon,"$1,648,148"
11708,2020-2021,Taylor Rogers,"$1,648,148"
11709,2020-2021,Travis Shaw,"$1,639,481"
11710,2020-2021,Joey Gallo,"$1,629,630"
11711,2020-2021,Andrew Heaney,"$1,592,593"
11712,2020-2021,Drew Smyly,"$1,574,481"
11713,2020-2021,Alex Avila,"$1,574,074"
11714,2020-2021,Matt Shoemaker,"$1,555,556"
11715,2020-2021,Christian Vazquez,"$1,555,556"
11716,2020-2021,Austin Romine,"$1,537,037"
11717,2020-2021,Josh Hader,"$1,518,519"
11718,2020-2021,Lance McCullers,"$1,518,519"
11719,2020-2021,José Berríos,"$1,490,741"
11720,2020-2021,Maikel Franco,"$1,482,593"
11721,2020-2021,Tim Anderson,"$1,481,481"
11722,2020-2021,Pedro Baez,"$1,481,481"
11723,2020-2021,Jesse Chavez,"$1,481,481"
11724,2020-2021,Tyler Flowers,"$1,481,481"
11725,2020-2021,Yan Gomes,"$1,481,481"
11726,2020-2021,Alex Gordon,"$1,481,481"
11727,2020-2021,Howie Kendrick,"$1,481,481"
11728,2020-2021,Kwang-hyun Kim,"$1,481,481"
11729,2020-2021,Nick Markakis,"$1,481,481"
11730,2020-2021,Ketel Marte,"$1,481,481"
11731,2020-2021,Eric Sogard,"$1,481,481"
11732,2020-2021,Alex Wood,"$1,481,481"
11733,2020-2021,Jorge Polanco,"$1,466,049"
11734,2020-2021,Robbie Ray,"$1,459,584"
11735,2020-2021,Brad Peacock,"$1,444,444"
11736,2020-2021,Hansel Robles,"$1,425,926"
11737,2020-2021,Sean Manaea,"$1,388,889"
11738,2020-2021,Roberto Pérez,"$1,388,889"
11739,2020-2021,José Ureña,"$1,388,889"
11740,2020-2021,Freddy Peralta,"$1,387,837"
11741,2020-2021,Robbie Grossman,"$1,379,630"
11742,2020-2021,Keone Kela,"$1,379,630"
11743,2020-2021,Michael Lorenzen,"$1,379,630"
11744,2020-2021,Yoan Moncada,"$1,370,370"
11745,2020-2021,Danny Santana,"$1,333,333"
11746,2020-2021,Vince Velasquez,"$1,333,333"
11747,2020-2021,Tucker Barnhart,"$1,296,296"
11748,2020-2021,Martin Maldonado,"$1,296,296"
11749,2020-2021,Jonathan Villar,"$1,269,212"
11750,2020-2021,Andrew Benintendi,"$1,259,259"
11751,2020-2021,Greg Holland,"$1,250,000"
11752,2020-2021,Michael A. Taylor,"$1,231,481"
11753,2020-2021,Jake Marisnick,"$1,226,852"
11754,2020-2021,Hunter Renfroe,"$1,222,222"
11755,2020-2021,Adam Duvall,"$1,203,704"
11756,2020-2021,Leury García,"$1,203,704"
11757,2020-2021,Josh Lindblom,"$1,203,519"
11758,2020-2021,Shun Yamaguchi,"$1,175,926"
11759,2020-2021,Dansby Swanson,"$1,166,667"
11760,2020-2021,Matt Barnes,"$1,148,148"
11761,2020-2021,Mike Montgomery,"$1,148,148"
11762,2020-2021,Byron Buxton,"$1,138,889"
11763,2020-2021,Mitch Haniger,"$1,114,815"
11764,2020-2021,Wilmer Flores,"$1,111,111"
11765,2020-2021,Merrill Kelly,"$1,111,111"
11766,2020-2021,Brandon Kintzler,"$1,111,111"
11767,2020-2021,Jeff Mathis,"$1,111,111"
11768,2020-2021,Oliver Perez,"$1,111,111"
11769,2020-2021,Eric Thames,"$1,111,111"
11770,2020-2021,Asdrubal Cabrera,"$1,110,926"
11771,2020-2021,Jason Castro,"$1,098,114"
11772,2020-2021,Daniel Norris,"$1,097,222"
11773,2020-2021,Jose Alvarez,"$1,092,593"
11774,2020-2021,Kyle Freeland,"$1,064,815"
11775,2020-2021,Marcus Stroman,"$1,061,360"
11776,2020-2021,Joe Panik,"$1,055,556"
11777,2020-2021,José Peraza,"$1,055,556"
11778,2020-2021,Trevor Williams,"$1,046,296"
11779,2020-2021,Cam Bedrosian,"$1,037,037"
11780,2020-2021,Adam Frazier,"$1,037,037"
11781,2020-2021,Michael Fulmer,"$1,037,037"
11782,2020-2021,Joe Musgrove,"$1,037,037"
11783,2020-2021,Tyler Clippard,"$1,018,519"
11784,2020-2021,Jake Diekman,"$1,018,519"
11785,2020-2021,Omar Narváez,"$1,009,259"
11786,2020-2021,Yangervis Solarte,"$1,000,000"
11787,2020-2021,Tommy Kahnle,"$981,481"
11788,2020-2021,Junior Guerra,"$975,926"
11789,2020-2021,Tyler Anderson,"$972,407"
11790,2020-2021,Zach Eflin,"$972,222"
11791,2020-2021,Aledmys Diaz,"$962,963"
11792,2020-2021,Jesús Aguilar,"$953,704"
11793,2020-2021,David Bote,"$950,000"
11794,2020-2021,Daniel Descalso,"$925,926"
11795,2020-2021,Lourdes Gurriel Jr.,"$925,926"
11796,2020-2021,Jose Iglesias,"$925,926"
11797,2020-2021,Joely Rodriguez,"$925,926"
11798,2020-2021,Héctor Rondón,"$925,926"
11799,2020-2021,Stephen Vogt,"$925,926"
11800,2020-2021,Pierce Johnson,"$925,741"
11801,2020-2021,David Dahl,"$916,667"
11802,2020-2021,Manuel Margot,"$916,667"
11803,2020-2021,Giovanny Urshela,"$916,667"
11804,2020-2021,Robinson Chirinos,"$889,994"
11805,2020-2021,Mallex Smith,"$870,370"
11806,2020-2021,Mikie Mahtook,"$850,000"
11807,2020-2021,Chris Bassitt,"$833,333"
11808,2020-2021,Jose Leclerc,"$833,333"
11809,2020-2021,Darren O'Day,"$833,333"
11810,2020-2021,Jameson Taillon,"$833,333"
11811,2020-2021,Trevor May,"$816,667"
11812,2020-2021,Orlando Arcia,"$814,815"
11813,2020-2021,Chaz Roe,"$809,333"
11814,2020-2021,Brandon Nimmo,"$805,556"
11815,2020-2021,Wade LeBlanc,"$800,000"
11816,2020-2021,Brandon Drury,"$759,259"
11817,2020-2021,Tyler Glasnow,"$759,259"
11818,2020-2021,Chad Pinder,"$750,000"
11819,2020-2021,Francisco Cervelli,"$740,741"
11820,2020-2021,Chris Devenski,"$740,741"
11821,2020-2021,Sandy León,"$740,741"
11822,2020-2021,Seth Lugo,"$740,741"
11823,2020-2021,Brad Miller,"$740,741"
11824,2020-2021,Scott Oberg,"$740,741"
11825,2020-2021,Trevor Rosenthal,"$740,741"
11826,2020-2021,Matt Wieters,"$740,741"
11827,2020-2021,Trevor Cahill,"$740,740"
11828,2020-2021,Mike Minor,"$735,210"
11829,2020-2021,Roenis Elias,"$731,481"
11830,2020-2021,Taijuan Walker,"$724,151"
11831,2020-2021,Tony Wolters,"$703,704"
11832,2020-2021,Trevor Hildenberger,"$700,000"
11833,2020-2021,Delino DeShields,"$694,444"
11834,2020-2021,Manuel Pina,"$685,185"
11835,2020-2021,Luke Jackson,"$675,926"
11836,2020-2021,T.J. McFarland,"$666,667"
11837,2020-2021,Kevin Pillar,"$657,832"
11838,2020-2021,Jon Jay,"$655,556"
11839,2020-2021,Michael Pineda,"$651,758"
11840,2020-2021,Tyler Olson,"$650,000"
11841,2020-2021,Matt Joyce,"$648,556"
11842,2020-2021,Ivan Nova,"$648,556"
11843,2020-2021,Jay Bruce,"$648,148"
11844,2020-2021,Álex Claudio,"$648,148"
11845,2020-2021,Yoshihisa Hirano,"$648,148"
11846,2020-2021,Mike Clevinger,"$634,592"
11847,2020-2021,Johan Camargo,"$629,630"
11848,2020-2021,Chi Chi Gonzalez,"$628,810"
11849,2020-2021,Jeff McNeil,"$617,676"
11850,2020-2021,Hanser Alberto,"$611,111"
11851,2020-2021,Josh Thole,"$600,000"
11852,2020-2021,Ehire Adrianza,"$592,593"
11853,2020-2021,Albert Almora,"$583,333"
11854,2020-2021,Jacoby Jones,"$583,333"
11855,2020-2021,Adam Morgan,"$583,333"
11856,2020-2021,Jacob Rhame,"$567,000"
11857,2020-2021,Tony Gonsolin,"$566,000"
11858,2020-2021,Michael Shawaryn,"$565,000"
11859,2020-2021,Micker Adolfo,"$563,500"
11860,2020-2021,Melvin Adon,"$563,500"
11861,2020-2021,Miguel Amaya,"$563,500"
11862,2020-2021,Yoan Aybar,"$563,500"
11863,2020-2021,Luis Barrera,"$563,500"
11864,2020-2021,Skye Bolt,"$563,500"
11865,2020-2021,Bobby Bradley,"$563,500"
11866,2020-2021,Vidal Brujan,"$563,500"
11867,2020-2021,Edward Cabrera,"$563,500"
11868,2020-2021,Gilberto Celestino,"$563,500"
11869,2020-2021,Dakota Chalmers,"$563,500"
11870,2020-2021,C.J. Chatham,"$563,500"
11871,2020-2021,Oneil Cruz,"$563,500"
11872,2020-2021,Yonathan Daza,"$563,500"
11873,2020-2021,Matt Dermody,"$563,500"
11874,2020-2021,Jhoan Duran,"$563,500"
11875,2020-2021,Dustin Fowler,"$563,500"
11876,2020-2021,Lucius Fox,"$563,500"
11877,2020-2021,David Freitas,"$563,500"
11878,2020-2021,Luis Gil,"$563,500"
11879,2020-2021,Ryan Hendrix,"$563,500"
11880,2020-2021,Sam Hentges,"$563,500"
11881,2020-2021,Ronaldo Hernandez,"$563,500"
11882,2020-2021,Grant Holmes,"$563,500"
11883,2020-2021,Brent Honeywell,"$563,500"
11884,2020-2021,Ryan McKenna,"$563,500"
11885,2020-2021,Luis Medina,"$563,500"
11886,2020-2021,Jean Carlos Mejia,"$563,500"
11887,2020-2021,Elehuris Montero,"$563,500"
11888,2020-2021,Scott Moss,"$563,500"
11889,2020-2021,Sheldon Neuse,"$563,500"
11890,2020-2021,Kevin Padlo,"$563,500"
11891,2020-2021,Franklin Perez,"$563,500"
11892,2020-2021,DJ Peters,"$563,500"
11893,2020-2021,Tyler Phillips,"$563,500"
11894,2020-2021,Luke Raley,"$563,500"
11895,2020-2021,Corey Ray,"$563,500"
11896,2020-2021,Jake Rogers,"$563,500"
11897,2020-2021,Blake Rutherford,"$563,500"
11898,2020-2021,Adrián Sanchez,"$563,500"
11899,2020-2021,Cristopher Sanchez,"$563,500"
11900,2020-2021,Alvaro Seijas,"$563,500"
11901,2020-2021,Chris Shaw,"$563,500"
11902,2020-2021,Zack Short,"$563,500"
11903,2020-2021,Thomas Szapucki,"$563,500"
11904,2020-2021,Bo Takahashi,"$563,500"
11905,2020-2021,Emilio Vargas,"$563,500"
11906,2020-2021,Marcus Wilson,"$563,500"
11907,2020-2021,Hector Yan,"$563,500"
11908,2020-2021,Seby Zavala,"$563,500"
11909,2020-2021,Tommy La Stella,"$556,928"
11910,2020-2021,Anthony Bass,"$555,556"
11911,2020-2021,Paul DeJong,"$555,556"
11912,2020-2021,Greg Garcia,"$555,556"
11913,2020-2021,Kendall Graveman,"$555,556"
11914,2020-2021,Eloy Jimenez,"$555,556"
11915,2020-2021,Brandon Lowe,"$555,556"
11916,2020-2021,Luis Robert Jr.,"$555,556"
11917,2020-2021,Domingo Santana,"$555,556"
11918,2020-2021,Scott Kingery,"$555,555"
11919,2020-2021,Chasen Shreve,"$555,555"
11920,2020-2021,David Phelps,"$555,480"
11921,2020-2021,Todd Frazier,"$541,744"
11922,2020-2021,Curt Casali,"$541,667"
11923,2020-2021,Tyler Naquin,"$537,037"
11924,2020-2021,Archie Bradley,"$534,592"
11925,2020-2021,Zack Godley,"$530,679"
11926,2020-2021,Ben Gamel,"$518,519"
11927,2020-2021,Matt Strahm,"$518,519"
11928,2020-2021,Mychal Givens,"$517,012"
11929,2020-2021,Matt Andriese,"$516,667"
11930,2020-2021,Donovan Solano,"$509,259"
11931,2020-2021,Anthony Kay,"$484,685"
11932,2020-2021,John Gant,"$481,481"
11933,2020-2021,Dinelson Lamet,"$481,481"
11934,2020-2021,Evan White,"$481,481"
11935,2020-2021,Chad Green,"$472,222"
11936,2020-2021,Andrew Chafin,"$471,324"
11937,2020-2021,Austin Hedges,"$464,352"
11938,2020-2021,Eduardo Nunez,"$462,962"
11939,2020-2021,Robert Gsellman,"$453,704"
11940,2020-2021,Tyler Duffey,"$444,444"
11941,2020-2021,Brad Brach,"$439,815"
11942,2020-2021,Kevin Plawecki,"$433,333"
11943,2020-2021,Brent Suter,"$433,333"
11944,2020-2021,Buck Farmer,"$425,926"
11945,2020-2021,Nick Wittgren,"$416,667"
11946,2020-2021,Austin Barnes,"$407,407"
11947,2020-2021,Michael Feliz,"$407,407"
11948,2020-2021,Yimi Garcia,"$407,407"
11949,2020-2021,Evan Marshall,"$407,407"
11950,2020-2021,Mitch Moreland,"$400,780"
11951,2020-2021,Carlos Estevez,"$400,000"
11952,2020-2021,Travis Jankowski,"$388,889"
11953,2020-2021,Oliver Drake,"$379,630"
11954,2020-2021,Daniel Robertson,"$379,629"
11955,2020-2021,Nate Jones,"$370,941"
11956,2020-2021,Ronald Acuña Jr.,"$370,370"
11957,2020-2021,Ozzie Albies,"$370,370"
11958,2020-2021,Yonder Alonso,"$370,370"
11959,2020-2021,Brad Boxberger,"$370,370"
11960,2020-2021,Aaron Bummer,"$370,370"
11961,2020-2021,Drew Butera,"$370,370"
11962,2020-2021,Wilmer Difo,"$370,370"
11963,2020-2021,Rafael Dolis,"$370,370"
11964,2020-2021,Marco Gonzales,"$370,370"
11965,2020-2021,Javy Guerra,"$370,370"
11966,2020-2021,Jedd Gyorko,"$370,370"
11967,2020-2021,Adeiny Hechavarria,"$370,370"
11968,2020-2021,Derek Holland,"$370,370"
11969,2020-2021,Matt Kemp,"$370,370"
11970,2020-2021,Jason Kipnis,"$370,370"
11971,2020-2021,Derek Law,"$370,370"
11972,2020-2021,Shelby Miller,"$370,370"
11973,2020-2021,René Rivera,"$370,370"
11974,2020-2021,Josh Tomlin,"$370,370"
11975,2020-2021,Julio Urias,"$370,370"
11976,2020-2021,Edinson Volquez,"$370,370"
11977,2020-2021,Kyle Ryan,"$361,111"
11978,2020-2021,C.J. Edwards,"$351,852"
11979,2020-2021,Josh Harrison,"$348,258"
11980,2020-2021,Jarrod Dyson,"$342,736"
11981,2020-2021,Alex Dickerson,"$342,593"
11982,2020-2021,Brian Goodwin,"$340,519"
11983,2020-2021,Nick Goody,"$338,889"
11984,2020-2021,Luke Maile,"$333,333"
11985,2020-2021,Noé Ramirez,"$333,333"
11986,2020-2021,Yoenis Céspedes,"$331,675"
11987,2020-2021,Luis Cessa,"$331,481"
11988,2020-2021,Sean Rodriguez,"$326,152"
11989,2020-2021,Jose Martinez,"$320,624"
11990,2020-2021,Matt Bowman,"$320,370"
11991,2020-2021,Adam Conley,"$320,340"
11992,2020-2021,Ryan Tepera,"$318,407"
11993,2020-2021,Ji-Man Choi,"$314,815"
11994,2020-2021,Tommy Hunter,"$314,815"
11995,2020-2021,Jeremy Jeffress,"$314,815"
11996,2020-2021,J.T. Riddle,"$314,815"
11997,2020-2021,Chad Kuhl,"$311,111"
11998,2020-2021,Nick Vincent,"$309,568"
11999,2020-2021,Wandy Peralta,"$298,148"
12000,2020-2021,Keynan Middleton,"$296,296"
12001,2020-2021,Darin Ruf,"$296,296"
12002,2020-2021,Max Stassi,"$296,296"
12003,2020-2021,Kohl Stewart,"$296,296"
12004,2020-2021,Rafael Montero,"$290,741"
12005,2020-2021,Richard Bleier,"$288,309"
12006,2020-2021,Erik Kratz,"$281,923"
12007,2020-2021,Jonathan Holder,"$277,778"
12008,2020-2021,Jimmy Nelson,"$277,778"
12009,2020-2021,Dan Winkler,"$277,778"
12010,2020-2021,Erik Gonzalez,"$268,519"
12011,2020-2021,Matt Wisler,"$268,519"
12012,2020-2021,Andrew Knapp,"$262,963"
12013,2020-2021,Charlie Culberson,"$259,816"
12014,2020-2021,Jesse Hahn,"$259,259"
12015,2020-2021,Jared Hughes,"$259,259"
12016,2020-2021,Shohei Ohtani,"$259,259"
12017,2020-2021,Niko Goodrum,"$258,593"
12018,2020-2021,Jordan Montgomery,"$258,100"
12019,2020-2021,Rafael Devers,"$256,481"
12020,2020-2021,Burch Smith,"$251,852"
12021,2020-2021,Gleyber Torres,"$250,222"
12022,2020-2021,Dustin Garneau,"$250,041"
12023,2020-2021,Juan Nicasio,"$248,760"
12024,2020-2021,Luis Castillo,"$245,741"
12025,2020-2021,Grant Dayton,"$242,593"
12026,2020-2021,Pete Alonso,"$241,674"
12027,2020-2021,Scott Barlow,"$240,741"
12028,2020-2021,Joseph Biagini,"$237,704"
12029,2020-2021,Jharel Cotton,"$237,037"
12030,2020-2021,Luis Perdomo,"$236,340"
12031,2020-2021,Luke Voit,"$234,815"
12032,2020-2021,Richard Rodriguez,"$234,630"
12033,2020-2021,Brandon Woodruff,"$234,481"
12034,2020-2021,Juan Soto,"$233,111"
12035,2020-2021,Lucas Giolito,"$232,222"
12036,2020-2021,Cameron Maybin,"$232,176"
12037,2020-2021,Ian Happ,"$231,111"
12038,2020-2021,Matt Chapman,"$230,926"
12039,2020-2021,Shane Bieber,"$230,815"
12040,2020-2021,Sandy Alcantara,"$229,630"
12041,2020-2021,Mitch Garver,"$229,630"
12042,2020-2021,Brian Anderson,"$227,778"
12043,2020-2021,Brad Keller,"$227,037"
12044,2020-2021,Hunter Dozier,"$226,111"
12045,2020-2021,Tyler Mahle,"$225,849"
12046,2020-2021,Amed Rosario,"$225,474"
12047,2020-2021,Yordan Alvarez,"$224,815"
12048,2020-2021,Rhys Hoskins,"$224,074"
12049,2020-2021,Jesse Winker,"$224,074"
12050,2020-2021,Jack Flaherty,"$223,889"
12051,2020-2021,Adalberto Mondesi,"$223,889"
12052,2020-2021,Glenn Sparkman,"$223,889"
12053,2020-2021,Ryne Stanek,"$223,778"
12054,2020-2021,Walker Buehler,"$223,519"
12055,2020-2021,Matt Olson,"$223,519"
12056,2020-2021,Mike Tauchman,"$223,370"
12057,2020-2021,Teoscar Hernandez,"$223,037"
12058,2020-2021,Alex Verdugo,"$222,778"
12059,2020-2021,Tony Kemp,"$221,148"
12060,2020-2021,Luke Weaver,"$221,111"
12061,2020-2021,Luis Arraez,"$220,741"
12062,2020-2021,Jorge Alfaro,"$220,370"
12063,2020-2021,Jon Berti,"$220,370"
12064,2020-2021,Amir Garrett,"$220,370"
12065,2020-2021,David Fletcher,"$219,815"
12066,2020-2021,Dylan Floro,"$219,815"
12067,2020-2021,Colin Moran,"$219,815"
12068,2020-2021,Victor Robles,"$219,556"
12069,2020-2021,J.D. Davis,"$219,431"
12070,2020-2021,Victor Caratini,"$219,259"
12071,2020-2021,Robert Stephenson,"$219,259"
12072,2020-2021,Fernando Tatis Jr.,"$219,185"
12073,2020-2021,Emilio Pagan,"$218,889"
12074,2020-2021,Josh James,"$218,778"
12075,2020-2021,Steven Brault,"$218,704"
12076,2020-2021,Brandon Brennan,"$218,667"
12077,2020-2021,Harrison Bader,"$218,556"
12078,2020-2021,Kyle Crick,"$218,519"
12079,2020-2021,Jace Fry,"$218,519"
12080,2020-2021,Bryan Reynolds,"$218,333"
12081,2020-2021,Christian Walker,"$218,333"
12082,2020-2021,Kevin Newman,"$218,148"
12083,2020-2021,Jarlin Garcia,"$217,963"
12084,2020-2021,Trevor Gott,"$217,963"
12085,2020-2021,Reyes Moronta,"$217,963"
12086,2020-2021,Chris Paddack,"$217,963"
12087,2020-2021,Chris Stratton,"$217,963"
12088,2020-2021,Adam Engel,"$217,778"
12089,2020-2021,John Brebbia,"$217,630"
12090,2020-2021,Jake Cave,"$217,593"
12091,2020-2021,Felix Pena,"$217,593"
12092,2020-2021,Isiah Kiner-Falefa,"$217,407"
12093,2020-2021,Jacob Stallings,"$217,222"
12094,2020-2021,Franmil Reyes,"$217,185"
12095,2020-2021,Tim Hill,"$216,944"
12096,2020-2021,Joe Jimenez,"$216,630"
12097,2020-2021,Austin Pruitt,"$216,630"
12098,2020-2021,Ryan Brasier,"$216,481"
12099,2020-2021,Silvino Bracho,"$216,333"
12100,2020-2021,Caleb Ferguson,"$216,111"
12101,2020-2021,Max Fried,"$216,111"
12102,2020-2021,Michael Soroka,"$216,111"
12103,2020-2021,Jeimer Candelario,"$216,037"
12104,2020-2021,Tyler Wade,"$215,852"
12105,2020-2021,Giovanny Gallegos,"$215,704"
12106,2020-2021,Wander Suero,"$215,630"
12107,2020-2021,Framber Valdez,"$215,630"
12108,2020-2021,Keston Hiura,"$215,593"
12109,2020-2021,Trent Thornton,"$215,519"
12110,2020-2021,Tommy Edman,"$215,481"
12111,2020-2021,Carson Kelly,"$215,444"
12112,2020-2021,Adrian Houser,"$215,407"
12113,2020-2021,Thomas Pannone,"$215,333"
12114,2020-2021,Danny Jansen,"$215,148"
12115,2020-2021,Jonathan Loaisiga,"$215,046"
12116,2020-2021,Cam Gallagher,"$215,000"
12117,2020-2021,Dakota Hudson,"$215,000"
12118,2020-2021,Lewis Brinson,"$214,815"
12119,2020-2021,Garrett Cooper,"$214,815"
12120,2020-2021,John Means,"$214,815"
12121,2020-2021,Harold Ramirez,"$214,815"
12122,2020-2021,Derek Fisher,"$214,667"
12123,2020-2021,Rowdy Tellez,"$214,667"
12124,2020-2021,Willy Adames,"$214,630"
12125,2020-2021,Clay Holmes,"$214,630"
12126,2020-2021,Vladimir Guerrero Jr.,"$214,556"
12127,2020-2021,Kyle Higashioka,"$214,519"
12128,2020-2021,Austin Meadows,"$214,407"
12129,2020-2021,Dominic Smith,"$214,380"
12130,2020-2021,Ty Buttrey,"$214,259"
12131,2020-2021,Ryan Yarbrough,"$214,259"
12132,2020-2021,Renato Nunez,"$214,074"
12133,2020-2021,Stefan Crichton,"$213,889"
12134,2020-2021,Mitch Keller,"$213,889"
12135,2020-2021,Lucas Sims,"$213,889"
12136,2020-2021,Cole Tucker,"$213,889"
12137,2020-2021,Jake Bauers,"$213,852"
12138,2020-2021,Nick Anderson,"$213,815"
12139,2020-2021,Tom Murphy,"$213,815"
12140,2020-2021,Justin Anderson,"$213,704"
12141,2020-2021,Willie Calhoun,"$213,704"
12142,2020-2021,Drew Steckenrider,"$213,704"
12143,2020-2021,Josh Taylor,"$213,704"
12144,2020-2021,Ryan O'Hearn,"$213,685"
12145,2020-2021,Tomás Nido,"$213,639"
12146,2020-2021,Yonny Chirinos,"$213,593"
12147,2020-2021,Cavan Biggio,"$213,556"
12148,2020-2021,Yandy Diaz,"$213,556"
12149,2020-2021,Pedro Severino,"$213,333"
12150,2020-2021,Austin Slater,"$213,333"
12151,2020-2021,Diego Castillo,"$213,259"
12152,2020-2021,J.P. Crawford,"$213,259"
12153,2020-2021,Tyler Webb,"$213,259"
12154,2020-2021,Joey Wendle,"$213,185"
12155,2020-2021,Dylan Cease,"$212,963"
12156,2020-2021,Mike Freeman,"$212,963"
12157,2020-2021,Zac Gallen,"$212,963"
12158,2020-2021,Pablo López,"$212,963"
12159,2020-2021,A.J. Minter,"$212,963"
12160,2020-2021,Alex Young,"$212,963"
12161,2020-2021,Matt Davidson,"$212,962"
12162,2020-2021,Elias Diaz,"$212,962"
12163,2020-2021,Logan Forsythe,"$212,962"
12164,2020-2021,Sam Freeman,"$212,962"
12165,2020-2021,Philip Gosselin,"$212,962"
12166,2020-2021,John Ryan Murphy,"$212,962"
12167,2020-2021,Nick Williams,"$212,962"
12168,2020-2021,Matt Magill,"$212,926"
12169,2020-2021,Adam Plutko,"$212,889"
12170,2020-2021,José Urquidy,"$212,815"
12171,2020-2021,Nick Burdi,"$212,778"
12172,2020-2021,Jordan Luplow,"$212,778"
12173,2020-2021,Tim Locastro,"$212,741"
12174,2020-2021,Jimmy Cordero,"$212,593"
12175,2020-2021,Víctor Reyes,"$212,556"
12176,2020-2021,Abraham Toro,"$212,481"
12177,2020-2021,Shawn Armstrong,"$212,407"
12178,2020-2021,Austin Brice,"$212,407"
12179,2020-2021,Jairo Díaz,"$212,407"
12180,2020-2021,Dustin May,"$212,407"
12181,2020-2021,Ryan McMahon,"$212,407"
12182,2020-2021,Frankie Montas,"$212,407"
12183,2020-2021,Antonio Senzatela,"$212,407"
12184,2020-2021,Will Smith,"$212,407"
12185,2020-2021,Raimel Tapia,"$212,407"
12186,2020-2021,Spencer Turnbull,"$212,407"
12187,2020-2021,Jeremy Walker,"$212,407"
12188,2020-2021,Tyler O'Neill,"$212,370"
12189,2020-2021,Jose Alvarado,"$212,259"
12190,2020-2021,Mike Mayers,"$212,222"
12191,2020-2021,Rio Ruiz,"$212,222"
12192,2020-2021,Anthony Santander,"$212,037"
12193,2020-2021,Jalen Beeks,"$212,000"
12194,2020-2021,Tanner Rainey,"$211,926"
12195,2020-2021,Phil Maton,"$211,889"
12196,2020-2021,Dovydas Neverauskas,"$211,852"
12197,2020-2021,Seranthony Dominguez,"$211,667"
12198,2020-2021,Elieser Hernandez,"$211,667"
12199,2020-2021,Rowan Wick,"$211,667"
12200,2020-2021,Brad Wieck,"$211,667"
12201,2020-2021,Myles Straw,"$211,593"
12202,2020-2021,Trey Wingenter,"$211,593"
12203,2020-2021,Hunter Wood,"$211,593"
12204,2020-2021,Nicky Lopez,"$211,574"
12205,2020-2021,Jose Cisnero,"$211,556"
12206,2020-2021,Andrew Kittredge,"$211,556"
12207,2020-2021,Franchy Cordero,"$211,518"
12208,2020-2021,Michael Chavis,"$211,481"
12209,2020-2021,Kyle Farmer,"$211,481"
12210,2020-2021,Paul Fry,"$211,481"
12211,2020-2021,Chance Sisco,"$211,481"
12212,2020-2021,Cody Stashak,"$211,481"
12213,2020-2021,Elvis Luciano,"$211,385"
12214,2020-2021,Harold Castro,"$211,370"
12215,2020-2021,Griffin Canning,"$211,296"
12216,2020-2021,Kevin Kramer,"$211,296"
12217,2020-2021,Brett Martin,"$211,296"
12218,2020-2021,Dylan Moore,"$211,148"
12219,2020-2021,Victor Arano,"$211,111"
12220,2020-2021,Bo Bichette,"$211,111"
12221,2020-2021,Corbin Burnes,"$211,111"
12222,2020-2021,Austin Gomber,"$211,111"
12223,2020-2021,Tzu-Wei Lin,"$211,111"
12224,2020-2021,Nick Senzel,"$211,111"
12225,2020-2021,Jose Castillo,"$211,037"
12226,2020-2021,Tyler Beede,"$211,019"
12227,2020-2021,Mike Yastrzemski,"$211,019"
12228,2020-2021,Adam Haseley,"$210,926"
12229,2020-2021,Alec Mills,"$210,926"
12230,2020-2021,Colten Brewer,"$210,925"
12231,2020-2021,Rogelio Armenteros,"$210,778"
12232,2020-2021,Ryan Helsley,"$210,741"
12233,2020-2021,Roman Quinn,"$210,741"
12234,2020-2021,Austin Voth,"$210,704"
12235,2020-2021,Luis Urias,"$210,667"
12236,2020-2021,Nestor Cortes,"$210,630"
12237,2020-2021,Kyle Tucker,"$210,630"
12238,2020-2021,Garrett Hampson,"$210,556"
12239,2020-2021,Jeff Hoffman,"$210,556"
12240,2020-2021,Cristian Javier,"$210,556"
12241,2020-2021,Tyler Kinley,"$210,556"
12242,2020-2021,Ramon Laureano,"$210,556"
12243,2020-2021,Austin Riley,"$210,556"
12244,2020-2021,Tanner Scott,"$210,556"
12245,2020-2021,Lou Trivino,"$210,556"
12246,2020-2021,J.B. Wendelken,"$210,556"
12247,2020-2021,Colin Poche,"$210,519"
12248,2020-2021,Cy Sneed,"$210,481"
12249,2020-2021,Bubba Starling,"$210,463"
12250,2020-2021,Richie Martin,"$210,370"
12251,2020-2021,Breyvic Valera,"$210,370"
12252,2020-2021,Jordan Romano,"$210,296"
12253,2020-2021,Gregory Soto,"$210,296"
12254,2020-2021,Shed Long Jr.,"$210,222"
12255,2020-2021,Erik Swanson,"$210,222"
12256,2020-2021,Austin Hays,"$210,185"
12257,2020-2021,Yohander Méndez,"$210,185"
12258,2020-2021,Austin Wynns,"$210,185"
12259,2020-2021,Josh Phegley,"$210,064"
12260,2020-2021,Trent Grisham,"$209,926"
12261,2020-2021,Sam Coonrod,"$209,861"
12262,2020-2021,Mauricio Dubon,"$209,861"
12263,2020-2021,Aramis Garcia,"$209,861"
12264,2020-2021,Logan Webb,"$209,861"
12265,2020-2021,Tyler Alexander,"$209,852"
12266,2020-2021,Michael Perez,"$209,852"
12267,2020-2021,Kolby Allard,"$209,815"
12268,2020-2021,Justus Sheffield,"$209,741"
12269,2020-2021,Devin Williams,"$209,741"
12270,2020-2021,Ray Black,"$209,704"
12271,2020-2021,Alex Blandino,"$209,630"
12272,2020-2021,Brusdar Graterol,"$209,630"
12273,2020-2021,Darwinzon Hernandez,"$209,630"
12274,2020-2021,Travis Lakins,"$209,630"
12275,2020-2021,Rangel Ravelo,"$209,630"
12276,2020-2021,Edwin Rios,"$209,630"
12277,2020-2021,Jefry Rodriguez,"$209,630"
12278,2020-2021,Josh Staumont,"$209,611"
12279,2020-2021,Kyle Zimmer,"$209,537"
12280,2020-2021,Corbin Martin,"$209,519"
12281,2020-2021,Yency Almonte,"$209,444"
12282,2020-2021,Peter Lambert,"$209,444"
12283,2020-2021,Dom Nunez,"$209,444"
12284,2020-2021,Nick Solak,"$209,444"
12285,2020-2021,Austen Williams,"$209,296"
12286,2020-2021,Hunter Harvey,"$209,259"
12287,2020-2021,Nico Hoerner,"$209,259"
12288,2020-2021,Kyle Lewis,"$209,259"
12289,2020-2021,Cole Sulser,"$209,259"
12290,2020-2021,Dillon Tate,"$209,259"
12291,2020-2021,Duane Underwood,"$209,259"
12292,2020-2021,Emmanuel Clase,"$209,185"
12293,2020-2021,Javy Guerra,"$209,185"
12294,2020-2021,Tyler Rogers,"$209,167"
12295,2020-2021,Pete Fairbanks,"$209,148"
12296,2020-2021,Brock Burke,"$209,074"
12297,2020-2021,Justin Dunn,"$209,074"
12298,2020-2021,Jonathan Hernandez,"$209,074"
12299,2020-2021,Bryan Garcia,"$209,037"
12300,2020-2021,Ryan Weber,"$208,971"
12301,2020-2021,Gerson Bautista,"$208,926"
12302,2020-2021,Yennsy Diaz,"$208,889"
12303,2020-2021,Gabe Speier,"$208,889"
12304,2020-2021,James Norwood,"$208,740"
12305,2020-2021,Nick Gordon,"$208,705"
12306,2020-2021,Nick Margevicius,"$208,705"
12307,2020-2021,Dario Agrazal,"$208,704"
12308,2020-2021,Jonathan Araúz,"$208,704"
12309,2020-2021,Jeff Brigham,"$208,704"
12310,2020-2021,Aaron Civale,"$208,704"
12311,2020-2021,Taylor Clarke,"$208,704"
12312,2020-2021,Jake Cronenworth,"$208,704"
12313,2020-2021,Anderson Espinoza,"$208,704"
12314,2020-2021,Kyle Finnegan,"$208,704"
12315,2020-2021,Rony Garcia,"$208,704"
12316,2020-2021,Domingo Leyba,"$208,704"
12317,2020-2021,Jesús Luzardo,"$208,704"
12318,2020-2021,Vimael Machin,"$208,704"
12319,2020-2021,Jorge Mateo,"$208,704"
12320,2020-2021,Trevor Megill,"$208,704"
12321,2020-2021,Sean Murphy,"$208,704"
12322,2020-2021,A.J. Puk,"$208,704"
12323,2020-2021,Yohan Ramirez,"$208,704"
12324,2020-2021,Magneuris Sierra,"$208,704"
12325,2020-2021,Stephen Tarpley,"$208,704"
12326,2020-2021,Pat Valaika,"$208,704"
12327,2020-2021,Stephen Woods,"$208,704"
12328,2020-2021,Caleb Baragar,"$208,703"
12329,2020-2021,Daniel Bard,"$208,703"
12330,2020-2021,Jacob Barnes,"$208,703"
12331,2020-2021,JT Brubaker,"$208,703"
12332,2020-2021,A.J. Cole,"$208,703"
12333,2020-2021,Austin Dean,"$208,703"
12334,2020-2021,Nick Dini,"$208,703"
12335,2020-2021,Jon Duplantier,"$208,703"
12336,2020-2021,Phillip Evans,"$208,703"
12337,2020-2021,Erick Fedde,"$208,703"
12338,2020-2021,Andres Gimenez,"$208,703"
12339,2020-2021,Foster Griffin,"$208,703"
12340,2020-2021,Jandel Gustave,"$208,703"
12341,2020-2021,Thomas Hatch,"$208,703"
12342,2020-2021,Codi Heuer,"$208,703"
12343,2020-2021,Jordan Holloway,"$208,703"
12344,2020-2021,James Karinchak,"$208,703"
12345,2020-2021,Jimmy Lambert,"$208,703"
12346,2020-2021,Tyler Matzek,"$208,703"
12347,2020-2021,Jake McGee,"$208,703"
12348,2020-2021,Hoby Milner,"$208,703"
12349,2020-2021,Anthony Misiewicz,"$208,703"
12350,2020-2021,Chris Owings,"$208,703"
12351,2020-2021,Joe Palumbo,"$208,703"
12352,2020-2021,Enoli Paredes,"$208,703"
12353,2020-2021,Jack Reinheimer,"$208,703"
12354,2020-2021,Gerardo Reyes,"$208,703"
12355,2020-2021,Andrew Toles,"$208,703"
12356,2020-2021,Nik Turley,"$208,703"
12357,2020-2021,Phillips Valdez,"$208,703"
12358,2020-2021,Chad Wallach,"$208,703"
12359,2020-2021,Kodi Whitley,"$208,703"
12360,2020-2021,Taylor Widener,"$208,703"
12361,2020-2021,Eric Yardley,"$208,703"
12362,2020-2021,Tyler Zuber,"$208,703"
12363,2020-2021,Wilmer Font,"$206,199"
12364,2020-2021,Michael Brosseau,"$205,589"
12365,2020-2021,Ryan Thompson,"$202,475"
12366,2020-2021,Brady Singer,"$202,474"
12367,2020-2021,Jake Junis,"$201,660"
12368,2020-2021,Reynaldo López,"$200,640"
12369,2020-2021,Ryan Borucki,"$199,836"
12370,2020-2021,Ryan Goins,"$199,008"
12371,2020-2021,Luis Rengifo,"$198,513"
12372,2020-2021,Scott Alexander,"$198,317"
12373,2020-2021,Mike Morin,"$197,098"
12374,2020-2021,Sam Hilliard,"$196,938"
12375,2020-2021,Tejay Antone,"$196,245"
12376,2020-2021,Nick Neidert,"$196,245"
12377,2020-2021,Jake Newberry,"$195,858"
12378,2020-2021,James Hoyt,"$195,112"
12379,2020-2021,Nate Pearson,"$193,891"
12380,2020-2021,Brandon Bielak,"$193,130"
12381,2020-2021,Geoff Hartlieb,"$193,130"
12382,2020-2021,David Peterson,"$193,128"
12383,2020-2021,Andre Scrubb,"$193,128"
12384,2020-2021,Chadwick Tromp,"$193,128"
12385,2020-2021,Luis Guillorme,"$190,869"
12386,2020-2021,Adam Kolarek,"$190,334"
12387,2020-2021,Matt Foster,"$190,015"
12388,2020-2021,Michael King,"$190,015"
12389,2020-2021,Cedric Mullins,"$190,015"
12390,2020-2021,Jose Trevino,"$187,560"
12391,2020-2021,Daniel Mengden,"$187,030"
12392,2020-2021,Kelvin Gutierrez,"$186,900"
12393,2020-2021,Daulton Varsho,"$186,900"
12394,2020-2021,Jake Woodford,"$186,900"
12395,2020-2021,Bryan Holaday,"$184,355"
12396,2020-2021,Thomas Eshelman,"$183,785"
12397,2020-2021,Jimmy Herget,"$183,785"
12398,2020-2021,Sam Selman,"$183,785"
12399,2020-2021,Kris Bubic,"$183,783"
12400,2020-2021,Nick Madrigal,"$183,783"
12401,2020-2021,Ranger Suarez,"$182,758"
12402,2020-2021,Francisco Mejia,"$182,700"
12403,2020-2021,Yoan López,"$182,172"
12404,2020-2021,Andrew Velazquez,"$181,134"
12405,2020-2021,Jorge Alcala,"$180,670"
12406,2020-2021,Jack Mayfield,"$180,670"
12407,2020-2021,Carlos Sanabria,"$180,670"
12408,2020-2021,Jordan Weems,"$180,670"
12409,2020-2021,Yacksel Ríos,"$178,024"
12410,2020-2021,Josh D. Smith,"$178,024"
12411,2020-2021,Asher Wojciechowski,"$178,024"
12412,2020-2021,Carter Kieboom,"$177,954"
12413,2020-2021,Joe Harvey,"$177,555"
12414,2020-2021,Sam Howard,"$177,555"
12415,2020-2021,Timmy Lopes,"$175,448"
12416,2020-2021,Jo Adell,"$174,440"
12417,2020-2021,Cam Hill,"$174,440"
12418,2020-2021,Danny Mendick,"$174,440"
12419,2020-2021,Caleb Thielbar,"$174,440"
12420,2020-2021,Randy Dobnak,"$173,580"
12421,2020-2021,Mike Ford,"$173,070"
12422,2020-2021,Lane Thomas,"$172,920"
12423,2020-2021,Alex Reyes,"$171,666"
12424,2020-2021,Jeffrey Springs,"$171,402"
12425,2020-2021,Joey Gerber,"$171,325"
12426,2020-2021,Brian Moran,"$171,325"
12427,2020-2021,Grayson Greiner,"$170,694"
12428,2020-2021,Josh Fuentes,"$168,804"
12429,2020-2021,Taylor Guilbeau,"$168,804"
12430,2020-2021,Genesis Cabrera,"$168,210"
12431,2020-2021,Oscar Mercado,"$168,010"
12432,2020-2021,Marcus Walden,"$166,556"
12433,2020-2021,Ryan Buchter,"$165,840"
12434,2020-2021,Clint Frazier,"$165,801"
12435,2020-2021,Nick Nelson,"$165,095"
12436,2020-2021,Miguel Castro,"$162,512"
12437,2020-2021,Pat Venditte,"$162,129"
12438,2020-2021,Ryan Castellani,"$161,980"
12439,2020-2021,Nick Heath,"$161,980"
12440,2020-2021,Dominic Leone,"$161,980"
12441,2020-2021,Dennis Santana,"$161,670"
12442,2020-2021,Tommy Milone,"$160,312"
12443,2020-2021,Taylor Ward,"$159,732"
12444,2020-2021,José Osuna,"$159,691"
12445,2020-2021,Ryan McBroom,"$159,222"
12446,2020-2021,Jorge López,"$158,956"
12447,2020-2021,Thairo Estrada,"$158,865"
12448,2020-2021,Scott Heineman,"$158,865"
12449,2020-2021,Zach Plesac,"$158,865"
12450,2020-2021,Matt Beaty,"$158,500"
12451,2020-2021,Adam Cimber,"$157,486"
12452,2020-2021,Kevin Ginkel,"$157,150"
12453,2020-2021,John Curtiss,"$155,750"
12454,2020-2021,Spencer Howard,"$155,750"
12455,2020-2021,Joe Odom,"$155,750"
12456,2020-2021,Jacob Waguespack,"$155,750"
12457,2020-2021,Jeremy Beasley,"$152,635"
12458,2020-2021,Yu-Cheng Chang,"$152,635"
12459,2020-2021,Santiago Espinal,"$152,635"
12460,2020-2021,Kyle Funkhouser,"$152,635"
12461,2020-2021,Taylor Hearn,"$152,635"
12462,2020-2021,Brady Lail,"$152,635"
12463,2020-2021,Brooks Raley,"$152,635"
12464,2020-2021,John Schreiber,"$152,635"
12465,2020-2021,Alex Vesia,"$152,635"
12466,2020-2021,Huascar Ynoa,"$152,635"
12467,2020-2021,Derek Dietrich,"$152,570"
12468,2020-2021,Kyle Wright,"$152,160"
12469,2020-2021,Christin Stewart,"$151,680"
12470,2020-2021,Devin Smeltzer,"$151,488"
12471,2020-2021,Chance Adams,"$150,096"
12472,2020-2021,Wes Benjamin,"$149,520"
12473,2020-2021,Willi Castro,"$149,520"
12474,2020-2021,Blake Parker,"$149,520"
12475,2020-2021,Garrett Stubbs,"$149,520"
12476,2020-2021,Trevor Richards,"$149,413"
12477,2020-2021,Kevan Smith,"$149,413"
12478,2020-2021,Christian Arroyo,"$146,922"
12479,2020-2021,Robert Dugger,"$146,405"
12480,2020-2021,Jose Marmolejos,"$146,405"
12481,2020-2021,Jose Quijada,"$146,405"
12482,2020-2021,Alec Bohm,"$143,290"
12483,2020-2021,Victor Gonzalez,"$143,290"
12484,2020-2021,Ashton Goudeau,"$143,290"
12485,2020-2021,Kyle Hart,"$143,290"
12486,2020-2021,Drew Rasmussen,"$143,290"
12487,2020-2021,Seth Romero,"$143,290"
12488,2020-2021,Tyler Thornburg,"$143,034"
12489,2020-2021,Ryne Harper,"$142,650"
12490,2020-2021,Dakota Bacus,"$140,175"
12491,2020-2021,Dylan Carlson,"$140,175"
12492,2020-2021,Luis Garcia,"$140,175"
12493,2020-2021,LaMonte Wade Jr.,"$140,175"
12494,2020-2021,Zack Littell,"$138,864"
12495,2020-2021,Reese McGuire,"$138,512"
12496,2020-2021,Shaun Anderson,"$137,060"
12497,2020-2021,Anthony Bemboom,"$137,060"
12498,2020-2021,Rob Kaminsky,"$137,060"
12499,2020-2021,Ljay Newsome,"$137,060"
12500,2020-2021,Ricardo Sanchez,"$137,060"
12501,2020-2021,Junior Fernandez,"$133,945"
12502,2020-2021,Andrew Knizner,"$133,945"
12503,2020-2021,Colin Rea,"$133,945"
12504,2020-2021,Jared Walsh,"$133,945"
12505,2020-2021,Randy Rosario,"$133,560"
12506,2020-2021,Daniel Ponce de Leon,"$132,972"
12507,2020-2021,Josh Osich,"$131,572"
12508,2020-2021,Casey Mize,"$130,830"
12509,2020-2021,Corey Oswalt,"$130,830"
12510,2020-2021,Isaac Paredes,"$130,830"
12511,2020-2021,JoJo Romero,"$130,830"
12512,2020-2021,Tarik Skubal,"$130,830"
12513,2020-2021,Aaron Slegers,"$130,830"
12514,2020-2021,Matt Harvey,"$130,339"
12515,2020-2021,D.J. Stewart,"$128,617"
12516,2020-2021,Kyle Garlick,"$127,940"
12517,2020-2021,Tyler Bashlor,"$127,715"
12518,2020-2021,Julian Merryweather,"$127,715"
12519,2020-2021,Adrian Morejon,"$127,715"
12520,2020-2021,Leody Taveras,"$127,715"
12521,2020-2021,Ronald Guzman,"$126,750"
12522,2020-2021,Phillip Diehl,"$125,040"
12523,2020-2021,Brendan Rodgers,"$125,040"
12524,2020-2021,Sam Haggerty,"$124,680"
12525,2020-2021,Aristides Aquino,"$124,600"
12526,2020-2021,Jorge Bonifacio,"$124,600"
12527,2020-2021,Jimmy Yacabonis,"$124,600"
12528,2020-2021,Deolis Guerra,"$124,380"
12529,2020-2021,Chris Mazza,"$122,031"
12530,2020-2021,Patrick Sandoval,"$121,953"
12531,2020-2021,Joey Bart,"$121,485"
12532,2020-2021,Kyle Cody,"$121,485"
12533,2020-2021,Seth Elledge,"$121,485"
12534,2020-2021,Ryan Jeffers,"$121,485"
12535,2020-2021,Brandon Leibrandt,"$121,485"
12536,2020-2021,Reggie McClain,"$121,485"
12537,2020-2021,Brendan McKay,"$121,485"
12538,2020-2021,Sixto Sanchez,"$121,485"
12539,2020-2021,David Hale,"$120,802"
12540,2020-2021,James Pazos,"$120,802"
12541,2020-2021,Miguel Andujar,"$118,864"
12542,2020-2021,Keegan Akin,"$118,370"
12543,2020-2021,J.P. Feyereisen,"$118,370"
12544,2020-2021,Monte Harrison,"$118,370"
12545,2020-2021,Ryan Mountcastle,"$118,370"
12546,2020-2021,Jose Ruiz,"$118,370"
12547,2020-2021,Josh Rojas,"$116,328"
12548,2020-2021,Travis Demeritte,"$115,847"
12549,2020-2021,Josh Fleming,"$115,255"
12550,2020-2021,Triston McKenzie,"$115,255"
12551,2020-2021,Jacob Nottingham,"$115,255"
12552,2020-2021,Luis Patino,"$115,255"
12553,2020-2021,Jace Peterson,"$115,255"
12554,2020-2021,Nick Tropeano,"$114,444"
12555,2020-2021,James Bourque,"$112,140"
12556,2020-2021,Billy Hamilton,"$110,558"
12557,2020-2021,Brett Phillips,"$110,215"
12558,2020-2021,Evan Phillips,"$109,620"
12559,2020-2021,Jason Adam,"$109,025"
12560,2020-2021,Zack Collins,"$109,025"
12561,2020-2021,Jonah Heim,"$109,025"
12562,2020-2021,Riley Smith,"$109,025"
12563,2020-2021,Edmundo Sosa,"$109,025"
12564,2020-2021,Anderson Tejeda,"$109,025"
12565,2020-2021,Andrew Suarez,"$108,256"
12566,2020-2021,Jesse Biddle,"$108,070"
12567,2020-2021,Drew Smith,"$106,386"
12568,2020-2021,Ian Anderson,"$105,910"
12569,2020-2021,Ian Gibaut,"$105,910"
12570,2020-2021,Tyler Heineman,"$105,910"
12571,2020-2021,Ben Heller,"$105,910"
12572,2020-2021,Trevor Rogers,"$105,910"
12573,2020-2021,Ramon Rosso,"$105,910"
12574,2020-2021,Touki Toussaint,"$105,910"
12575,2020-2021,Austin Allen,"$103,257"
12576,2020-2021,Robert Stock,"$102,993"
12577,2020-2021,Johan Oviedo,"$102,795"
12578,2020-2021,Joey Rickard,"$102,795"
12579,2020-2021,Willians Astudillo,"$100,992"
12580,2020-2021,Jaime Barria,"$99,680"
12581,2020-2021,Rob Refsnyder,"$99,680"
12582,2020-2021,Sterling Sharp,"$99,680"
12583,2020-2021,César Valdez,"$99,680"
12584,2020-2021,Heath Hembree,"$99,135"
12585,2020-2021,Franklin Barreto,"$97,433"
12586,2020-2021,Gavin Lux,"$96,999"
12587,2020-2021,Daniel Castano,"$96,565"
12588,2020-2021,Humberto Castellanos,"$96,565"
12589,2020-2021,Bradley Zimmer,"$95,370"
12590,2020-2021,Dwight Smith Jr.,"$94,680"
12591,2020-2021,Connor Brogdon,"$93,450"
12592,2020-2021,Zack Burdi,"$93,450"
12593,2020-2021,Dane Dunning,"$93,450"
12594,2020-2021,Luis Garcia,"$93,450"
12595,2020-2021,Brock Holt,"$93,450"
12596,2020-2021,Beau Taylor,"$93,450"
12597,2020-2021,Lewis Thorpe,"$93,450"
12598,2020-2021,Meibrys Viloria,"$93,450"
12599,2020-2021,Ross Stripling,"$92,876"
12600,2020-2021,Dylan Covey,"$92,191"
12601,2020-2021,Dan Altavilla,"$91,930"
12602,2020-2021,Austin Adams,"$91,524"
12603,2020-2021,Austin Nola,"$91,495"
12604,2020-2021,Ty France,"$90,915"
12605,2020-2021,Caleb Smith,"$90,776"
12606,2020-2021,Andres Munoz,"$90,770"
12607,2020-2021,Kevin McCarthy,"$90,585"
12608,2020-2021,Randy Arozarena,"$90,335"
12609,2020-2021,Luke Bard,"$90,335"
12610,2020-2021,Bobby Dalbec,"$90,335"
12611,2020-2021,Carlos Hernandez,"$90,335"
12612,2020-2021,Yairo Munoz,"$88,999"
12613,2020-2021,Yolmer Sánchez,"$88,999"
12614,2020-2021,Cody Reed,"$88,760"
12615,2020-2021,Cal Quantrill,"$88,508"
12616,2020-2021,Jhoulys Chacin,"$88,450"
12617,2020-2021,Luis Torrens,"$88,032"
12618,2020-2021,Josh Naylor,"$88,004"
12619,2020-2021,Jose De Leon,"$87,220"
12620,2020-2021,Steven Duggar,"$87,220"
12621,2020-2021,David Hess,"$87,220"
12622,2020-2021,Mike Kickham,"$87,220"
12623,2020-2021,Josh Sborz,"$87,220"
12624,2020-2021,Anthony Alford,"$84,591"
12625,2020-2021,Walker Lockett,"$84,483"
12626,2020-2021,Jazz Chisholm,"$84,105"
12627,2020-2021,Rico Garcia,"$84,105"
12628,2020-2021,Ke'Bryan Hayes,"$84,105"
12629,2020-2021,Nathaniel Lowe,"$84,105"
12630,2020-2021,Mark Mathias,"$84,105"
12631,2020-2021,Keury Mella,"$84,105"
12632,2020-2021,Ryan Sherriff,"$84,105"
12633,2020-2021,Eli White,"$84,105"
12634,2020-2021,Andy Young,"$84,105"
12635,2020-2021,Eric Lauer,"$83,694"
12636,2020-2021,Emilio Bonifacio,"$82,920"
12637,2020-2021,Rex Brothers,"$82,654"
12638,2020-2021,Bryse Wilson,"$82,654"
12639,2020-2021,Tyrone Taylor,"$81,250"
12640,2020-2021,Derek Hill,"$80,990"
12641,2020-2021,Joe Hudson,"$80,990"
12642,2020-2021,Kyle McGowin,"$80,990"
12643,2020-2021,Sean Poppen,"$80,990"
12644,2020-2021,Max Schrock,"$80,990"
12645,2020-2021,Andrew Triggs,"$80,990"
12646,2020-2021,Dan Vogelbach,"$80,275"
12647,2020-2021,Dawel Lugo,"$78,775"
12648,2020-2021,Eddy Alvarez,"$77,875"
12649,2020-2021,Edward Olivares,"$77,875"
12650,2020-2021,Roel Ramírez,"$77,875"
12651,2020-2021,Joey Lucchesi,"$76,199"
12652,2020-2021,Brandon Bailey,"$74,760"
12653,2020-2021,Luis Campusano,"$74,760"
12654,2020-2021,Aaron Fletcher,"$74,760"
12655,2020-2021,John King,"$74,760"
12656,2020-2021,Jason Martin,"$74,760"
12657,2020-2021,Tyson Miller,"$74,760"
12658,2020-2021,Erasmo Ramirez,"$74,760"
12659,2020-2021,Brent Rooker,"$74,760"
12660,2020-2021,Christian Colon,"$73,117"
12661,2020-2021,Phillip Ervin,"$72,910"
12662,2020-2021,Matt Thaiss,"$72,082"
12663,2020-2021,Hernán Pérez,"$71,864"
12664,2020-2021,Travis Bergen,"$71,645"
12665,2020-2021,Franklyn Kilome,"$71,645"
12666,2020-2021,Andrew Stevenson,"$71,645"
12667,2020-2021,Brandon Waddell,"$71,645"
12668,2020-2021,Wyatt Mathisen,"$68,530"
12669,2020-2021,Erick Mejia,"$68,530"
12670,2020-2021,Casey Sadler,"$67,032"
12671,2020-2021,Ildemaro Vargas,"$66,465"
12672,2020-2021,Jonathan Davis,"$66,045"
12673,2020-2021,Sean Newcomb,"$65,620"
12674,2020-2021,Luis Alexander Basabe,"$65,415"
12675,2020-2021,Ben Braymer,"$65,415"
12676,2020-2021,Beau Burrows,"$65,415"
12677,2020-2021,Deivi Garcia,"$65,415"
12678,2020-2021,Jake Fraley,"$62,340"
12679,2020-2021,Seth Brown,"$62,300"
12680,2020-2021,Joel Payamps,"$62,300"
12681,2020-2021,Nivaldo Rodriguez,"$62,300"
12682,2020-2021,Jacob Webb,"$62,300"
12683,2020-2021,Josh VanMeter,"$59,717"
12684,2020-2021,Cole Irvin,"$59,499"
12685,2020-2021,Daz Cameron,"$59,185"
12686,2020-2021,Kevin Cron,"$59,185"
12687,2020-2021,Lewin Diaz,"$59,185"
12688,2020-2021,Robinson Leyer,"$59,185"
12689,2020-2021,Conner Menez,"$59,185"
12690,2020-2021,Josh A. Smith,"$59,185"
12691,2020-2021,Tyler Stephenson,"$59,185"
12692,2020-2021,Ryan Lavarnway,"$57,222"
12693,2020-2021,Matt Hall,"$56,214"
12694,2020-2021,David Bednar,"$56,142"
12695,2020-2021,Sergio Alcantara,"$56,070"
12696,2020-2021,Braden Bishop,"$56,070"
12697,2020-2021,Nabil Crismatt,"$56,070"
12698,2020-2021,Isan Diaz,"$56,070"
12699,2020-2021,Seth Frankoff,"$56,070"
12700,2020-2021,Sam Huff,"$56,070"
12701,2020-2021,Trevor Kelley,"$56,070"
12702,2020-2021,Dean Kremer,"$56,070"
12703,2020-2021,Nick Ramirez,"$56,070"
12704,2020-2021,Paul Sewald,"$56,070"
12705,2020-2021,Pavin Smith,"$56,070"
12706,2020-2021,Justin Topa,"$56,070"
12707,2020-2021,Hunter Strickland,"$55,280"
12708,2020-2021,Jordan Yamamoto,"$53,091"
12709,2020-2021,Anthony Banda,"$52,955"
12710,2020-2021,Austin Davis,"$52,955"
12711,2020-2021,Nicky Delmonico,"$52,955"
12712,2020-2021,Taylor Jones,"$52,955"
12713,2020-2021,Alejandro Kirk,"$52,955"
12714,2020-2021,Cody Ponce,"$52,955"
12715,2020-2021,Antonio Santos,"$52,955"
12716,2020-2021,Miguel Yajure,"$52,955"
12717,2020-2021,Ramon Urias,"$50,864"
12718,2020-2021,Luke Farrell,"$50,192"
12719,2020-2021,Sherten Apostel,"$49,840"
12720,2020-2021,Yadiel Hernandez,"$49,840"
12721,2020-2021,Domingo Tapia,"$49,840"
12722,2020-2021,Sal Romano,"$47,678"
12723,2020-2021,Bryan Abreu,"$47,025"
12724,2020-2021,Logan Allen,"$46,725"
12725,2020-2021,Alex Jackson,"$46,725"
12726,2020-2021,Brooks Kriske,"$46,725"
12727,2020-2021,Rafael Marchán,"$46,725"
12728,2020-2021,Nate Orf,"$46,725"
12729,2020-2021,Yadiel Rivera,"$46,725"
12730,2020-2021,Ali Sanchez,"$46,725"
12731,2020-2021,Aaron Whitefield,"$46,725"
12732,2020-2021,Sam Gaviglio,"$46,662"
12733,2020-2021,Billy McKinney,"$44,744"
12734,2020-2021,Adolis García,"$43,694"
12735,2020-2021,Brett Eibner,"$43,610"
12736,2020-2021,Jake Lamb,"$43,610"
12737,2020-2021,Jake Noll,"$43,610"
12738,2020-2021,Abraham Almonte,"$41,327"
12739,2020-2021,Eric Haase,"$40,625"
12740,2020-2021,Aaron Barrett,"$40,495"
12741,2020-2021,Blake Cederlind,"$40,495"
12742,2020-2021,Demarcus Evans,"$40,495"
12743,2020-2021,Bernardo Flores,"$40,495"
12744,2020-2021,Tanner Houck,"$40,495"
12745,2020-2021,Guillermo Heredia,"$38,696"
12746,2020-2021,Sean Reid-Foley,"$37,992"
12747,2020-2021,Adbert Alzolay,"$37,380"
12748,2020-2021,Miguel Del Pozo,"$37,380"
12749,2020-2021,Edgar Garcia,"$37,380"
12750,2020-2021,Michael Hermosillo,"$37,380"
12751,2020-2021,Jesús Sánchez,"$37,380"
12752,2020-2021,Michel Baez,"$34,441"
12753,2020-2021,Anthony Castro,"$34,265"
12754,2020-2021,Luis Gonzalez,"$34,265"
12755,2020-2021,Daniel Johnson,"$34,265"
12756,2020-2021,Jorge Oña,"$34,265"
12757,2020-2021,Clarke Schmidt,"$34,265"
12758,2020-2021,T.J. Zeuch,"$34,265"
12759,2020-2021,Bruce Zimmermann,"$34,265"
12760,2020-2021,Cheslor Cuthbert,"$33,168"
12761,2020-2021,Ryan Cordell,"$31,790"
12762,2020-2021,Scott Schebler,"$31,518"
12763,2020-2021,Scott Blewett,"$31,150"
12764,2020-2021,Ronald Bolaños,"$31,150"
12765,2020-2021,Garrett Crochet,"$31,150"
12766,2020-2021,Óscar Hernández,"$31,150"
12767,2020-2021,James Kaprielian,"$31,150"
12768,2020-2021,Branden Kline,"$31,150"
12769,2020-2021,Patrick Murphy,"$31,150"
12770,2020-2021,Mark Payton,"$31,150"
12771,2020-2021,Angel Perdomo,"$31,150"
12772,2020-2021,Jesus Tinoco,"$31,150"
12773,2020-2021,A.J. Ramos,"$28,606"
12774,2020-2021,Richard Lovelady,"$28,215"
12775,2020-2021,Cody Carroll,"$28,107"
12776,2020-2021,Jaylin Davis,"$28,098"
12777,2020-2021,Albert Abreu,"$28,035"
12778,2020-2021,Wil Crowe,"$28,035"
12779,2020-2021,Terrance Gore,"$28,035"
12780,2020-2021,Jorge Guzman,"$28,035"
12781,2020-2021,Dany Jimenez,"$28,035"
12782,2020-2021,Joe McCarthy,"$28,035"
12783,2020-2021,Cesar Puello,"$28,035"
12784,2020-2021,Mitch White,"$28,035"
12785,2020-2021,Cory Gearrin,"$27,640"
12786,2020-2021,Matt Grace,"$25,432"
12787,2020-2021,Chad Sobotka,"$25,432"
12788,2020-2021,Garrett Cleavinger,"$24,920"
12789,2020-2021,Chase De Jong,"$24,920"
12790,2020-2021,Dilson Herrera,"$24,920"
12791,2020-2021,Joe Mantiply,"$24,920"
12792,2020-2021,Dillon Maples,"$24,920"
12793,2020-2021,Alex McRae,"$24,920"
12794,2020-2021,Nick Mears,"$24,920"
12795,2020-2021,Jose Mujica,"$24,920"
12796,2020-2021,Keibert Ruiz,"$24,920"
12797,2020-2021,Daniel Zamora,"$24,920"
12798,2020-2021,Jordy Mercer,"$22,112"
12799,2020-2021,Carson Fulmer,"$22,057"
12800,2020-2021,José Briceño,"$21,805"
12801,2020-2021,William Contreras,"$21,805"
12802,2020-2021,Paolo Espino,"$21,805"
12803,2020-2021,Caleb Joseph,"$21,805"
12804,2020-2021,Ryan Meisinger,"$21,805"
12805,2020-2021,Mickey Moniak,"$21,805"
12806,2020-2021,Brian O'Grady,"$21,805"
12807,2020-2021,Jared Oliva,"$21,805"
12808,2020-2021,Cristian Pache,"$21,805"
12809,2020-2021,Bobby Wahl,"$21,805"
12810,2020-2021,Nick Pivetta,"$19,500"
12811,2020-2021,Danny Coulombe,"$19,074"
12812,2020-2021,Brandon Dixon,"$19,071"
12813,2020-2021,José Suarez,"$18,822"
12814,2020-2021,Paul Blackburn,"$18,690"
12815,2020-2021,Rob Brantly,"$18,690"
12816,2020-2021,Zach McKinstry,"$18,690"
12817,2020-2021,Brian Navarreto,"$18,690"
12818,2020-2021,Johan Quezada,"$18,690"
12819,2020-2021,Elliot Soto,"$18,690"
12820,2020-2021,Jonathan Stiever,"$18,690"
12821,2020-2021,Tyler Lyons,"$16,584"
12822,2020-2021,Sean Gilmartin,"$15,895"
12823,2020-2021,Tommy Doyle,"$15,575"
12824,2020-2021,Daniel Gossett,"$15,575"
12825,2020-2021,Jahmai Jones,"$15,575"
12826,2020-2021,Joel Kuhnel,"$15,575"
12827,2020-2021,Artie Lewicki,"$15,575"
12828,2020-2021,Raudy Read,"$15,575"
12829,2020-2021,Jose Rodriguez,"$15,575"
12830,2020-2021,Bryan Shaw,"$15,575"
12831,2020-2021,Justin Williams,"$15,575"
12832,2020-2021,Andrew Romine,"$12,714"
12833,2020-2021,Greg Allen,"$12,632"
12834,2020-2021,Will Craig,"$12,460"
12835,2020-2021,Estevan Florial,"$12,460"
12836,2020-2021,Zac Grotz,"$12,460"
12837,2020-2021,Kyle Keller,"$12,460"
12838,2020-2021,Juan Minaya,"$12,460"
12839,2020-2021,John Nogowski,"$12,460"
12840,2020-2021,Matt Reynolds,"$12,460"
12841,2020-2021,Justin Steele,"$12,460"
12842,2020-2021,Taylor Williams,"$12,460"
12843,2020-2021,Chris Rusin,"$9,537"
12844,2020-2021,Ronald Torreyes,"$9,537"
12845,2020-2021,David McKay,"$9,383"
12846,2020-2021,R.J. Alaniz,"$9,345"
12847,2020-2021,Phil Bickford,"$9,345"
12848,2020-2021,Enyel De Los Santos,"$9,345"
12849,2020-2021,Jeison Guzmán,"$9,345"
12850,2020-2021,Yermin Mercedes,"$9,345"
12851,2020-2021,Manuel Rodriguez,"$9,345"
12852,2020-2021,Dillon Peters,"$6,290"
12853,2020-2021,Travis Blankenhorn,"$6,230"
12854,2020-2021,Braxton Garrett,"$6,230"
12855,2020-2021,Ariel Jurado,"$6,230"
12856,2020-2021,Patrick Mazeika,"$6,230"
12857,2020-2021,Ian Miller,"$6,230"
12858,2020-2021,Trey Supak,"$6,230"
12859,2020-2021,Patrick Wisdom,"$6,230"
12860,2020-2021,Jerad Eickhoff,"$3,179"
12861,2020-2021,Andrew Susac,"$3,178"
12862,2020-2021,Edwar Colina,"$3,115"
12863,2020-2021,Jesús Cruz,"$3,115"
12864,2020-2021,Tucker Davidson,"$3,115"
12865,2020-2021,Jasseel De La Cruz,"$3,115"
12866,2020-2021,Robel Garcia,"$3,115"
12867,2020-2021,Deivy Grullon,"$3,115"
12868,2020-2021,Daulton Jefferies,"$3,115"
12869,2020-2021,Mauricio Llovera,"$3,115"
12870,2020-2021,Brailyn Marquez,"$3,115"
12871,2020-2021,Adonis Medina,"$3,115"
12872,2020-2021,Hector Perez,"$3,115"
12873,2020-2021,Pablo Sandoval,"$3,115"
12874,2020-2021,Donnie Walton,"$3,115"
12875,2020-2021,Art Warren,"$3,115"
12876,2020-2021,Patrick Weigel,"$3,115"
12877,2021-2022,Trevor Bauer,"$38,000,000"
12878,2021-2022,Gerrit Cole,"$36,000,000"
12879,2021-2022,Mike Trout,"$35,500,000"
12880,2021-2022,Justin Verlander,"$33,000,000"
12881,2021-2022,George Springer,"$32,000,000"
12882,2021-2022,Clayton Kershaw,"$31,000,001"
12883,2021-2022,Miguel Cabrera,"$30,000,000"
12884,2021-2022,Manny Machado,"$30,000,000"
12885,2021-2022,Anthony Rendon,"$27,500,000"
12886,2021-2022,Bryce Harper,"$26,550,000"
12887,2021-2022,Jose Altuve,"$26,000,000"
12888,2021-2022,Paul Goldschmidt,"$26,000,000"
12889,2021-2022,Joey Votto,"$25,000,000"
12890,2021-2022,Patrick Corbin,"$24,000,000"
12891,2021-2022,Stephen Strasburg,"$23,571,428"
12892,2021-2022,Yu Darvish,"$23,000,000"
12893,2021-2022,Justin Upton,"$23,000,000"
12894,2021-2022,Zack Wheeler,"$22,500,000"
12895,2021-2022,Francisco Lindor,"$22,300,000"
12896,2021-2022,Freddie Freeman,"$22,050,000"
12897,2021-2022,Johnny Cueto,"$22,000,000"
12898,2021-2022,Buster Posey,"$21,425,000"
12899,2021-2022,Charlie Blackmon,"$21,000,000"
12900,2021-2022,Josh Donaldson,"$21,000,000"
12901,2021-2022,Jason Heyward,"$21,000,000"
12902,2021-2022,Xander Bogaerts,"$20,000,000"
12903,2021-2022,Eric Hosmer,"$20,000,000"
12904,2021-2022,Kenley Jansen,"$20,000,000"
12905,2021-2022,Andrew McCutchen,"$20,000,000"
12906,2021-2022,Wil Myers,"$20,000,000"
12907,2021-2022,Hyun-Jin Ryu,"$20,000,000"
12908,2021-2022,Chris Sale,"$20,000,000"
12909,2021-2022,Jacob deGrom,"$20,000,000"
12910,2021-2022,J.D. Martinez,"$19,350,000"
12911,2021-2022,Giancarlo Stanton,"$19,000,000"
12912,2021-2022,Kevin Gausman,"$18,900,000"
12913,2021-2022,Marcus Stroman,"$18,900,000"
12914,2021-2022,Matt Carpenter,"$18,500,000"
12915,2021-2022,Yasmani Grandal,"$18,250,000"
12916,2021-2022,Dallas Keuchel,"$18,000,000"
12917,2021-2022,Kyle Seager,"$18,000,000"
12918,2021-2022,Marcus Semien,"$18,000,000"
12919,2021-2022,Trevor Story,"$17,500,000"
12920,2021-2022,Nathan Eovaldi,"$17,000,000"
12921,2021-2022,Evan Longoria,"$16,500,000"
12922,2021-2022,Anthony Rizzo,"$16,500,000"
12923,2021-2022,Cody Bellinger,"$16,100,000"
12924,2021-2022,Jose Abreu,"$16,000,000"
12925,2021-2022,Brandon Belt,"$16,000,000"
12926,2021-2022,Michael Brantley,"$16,000,000"
12927,2021-2022,Lorenzo Cain,"$16,000,000"
12928,2021-2022,David Price,"$16,000,000"
12929,2021-2022,Miles Mikolas,"$15,750,000"
12930,2021-2022,Brandon Crawford,"$15,000,000"
12931,2021-2022,Yusei Kikuchi,"$15,000,000"
12932,2021-2022,D.J. LeMahieu,"$15,000,000"
12933,2021-2022,Charlie Morton,"$15,000,000"
12934,2021-2022,A.J. Pollock,"$15,000,000"
12935,2021-2022,Aroldis Chapman,"$14,838,709"
12936,2021-2022,Mookie Betts,"$14,500,000"
12937,2021-2022,Marcell Ozuna,"$14,279,569"
12938,2021-2022,Jean Segura,"$14,250,000"
12939,2021-2022,Madison Bumgarner,"$14,000,000"
12940,2021-2022,Kyle Hendricks,"$14,000,000"
12941,2021-2022,Mike Moustakas,"$14,000,000"
12942,2021-2022,Christian Yelich,"$14,000,000"
12943,2021-2022,Nick Castellanos,"$13,924,496"
12944,2021-2022,Corey Seager,"$13,750,000"
12945,2021-2022,Zack Greinke,"$13,666,667"
12946,2021-2022,Zack Britton,"$13,000,000"
12947,2021-2022,Salvador Perez,"$13,000,000"
12948,2021-2022,Will Smith,"$13,000,000"
12949,2021-2022,Michael Conforto,"$12,250,000"
12950,2021-2022,Carlos Carrasco,"$12,000,000"
12951,2021-2022,Liam Hendriks,"$12,000,000"
12952,2021-2022,Andrew Miller,"$12,000,000"
12953,2021-2022,Rougned Odor,"$12,000,000"
12954,2021-2022,Aaron Nola,"$11,750,000"
12955,2021-2022,Carlos Correa,"$11,700,000"
12956,2021-2022,Kevin Kiermaier,"$11,500,000"
12957,2021-2022,Carlos Martinez,"$11,500,000"
12958,2021-2022,Alex Bregman,"$11,000,000"
12959,2021-2022,Corey Kluber,"$11,000,000"
12960,2021-2022,Miguel Sano,"$11,000,000"
12961,2021-2022,Drew Smyly,"$11,000,000"
12962,2021-2022,Fernando Tatis Jr.,"$11,000,000"
12963,2021-2022,Sonny Gray,"$10,700,000"
12964,2021-2022,Avisaíl García,"$10,500,000"
12965,2021-2022,Aaron Hicks,"$10,500,000"
12966,2021-2022,Andrelton Simmons,"$10,500,000"
12967,2021-2022,Blake Snell,"$10,500,000"
12968,2021-2022,Eugenio Suarez,"$10,500,000"
12969,2021-2022,Luis Severino,"$10,250,000"
12970,2021-2022,Aaron Judge,"$10,175,000"
12971,2021-2022,Jeurys Familia,"$10,000,000"
12972,2021-2022,Odubel Herrera,"$10,000,000"
12973,2021-2022,Michael Pineda,"$10,000,000"
12974,2021-2022,J.T. Realmuto,"$10,000,000"
12975,2021-2022,Justin Turner,"$10,000,000"
12976,2021-2022,Taijuan Walker,"$10,000,000"
12977,2021-2022,Noah Syndergaard,"$9,700,000"
12978,2021-2022,Garrett Richards,"$9,500,000"
12979,2021-2022,Randal Grichuk,"$9,333,333"
12980,2021-2022,Raisel Iglesias,"$9,125,000"
12981,2021-2022,Yadier Molina,"$9,000,000"
12982,2021-2022,José Ramírez,"$9,000,000"
12983,2021-2022,Tommy Pham,"$8,900,000"
12984,2021-2022,Ryan Pressly,"$8,750,000"
12985,2021-2022,Zach Davies,"$8,630,000"
12986,2021-2022,James McCann,"$8,600,000"
12987,2021-2022,Elvis Andrus,"$8,550,000"
12988,2021-2022,Corey Dickerson,"$8,500,000"
12989,2021-2022,Yulieski Gurriel,"$8,500,000"
12990,2021-2022,Joe Kelly,"$8,500,000"
12991,2021-2022,James Paxton,"$8,500,000"
12992,2021-2022,Juan Soto,"$8,500,000"
12993,2021-2022,Dylan Bundy,"$8,325,000"
12994,2021-2022,Eduardo Rodriguez,"$8,300,000"
12995,2021-2022,Wade Miley,"$8,150,000"
12996,2021-2022,Kole Calhoun,"$8,000,000"
12997,2021-2022,Will Harris,"$8,000,000"
12998,2021-2022,Jordan Lyles,"$8,000,000"
12999,2021-2022,Lance Lynn,"$8,000,000"
13000,2021-2022,Trevor May,"$8,000,000"
13001,2021-2022,Jake Odorizzi,"$8,000,000"
13002,2021-2022,Drew Pomeranz,"$8,000,000"
13003,2021-2022,Robbie Ray,"$8,000,000"
13004,2021-2022,Adam Wainwright,"$8,000,000"
13005,2021-2022,Travis d'Arnaud,"$8,000,000"
13006,2021-2022,Chris Taylor,"$7,800,000"
13007,2021-2022,Nick Ahmed,"$7,750,000"
13008,2021-2022,Max Muncy,"$7,500,000"
13009,2021-2022,Germán Márquez,"$7,500,000"
13010,2021-2022,David Peralta,"$7,500,000"
13011,2021-2022,Yaisel Sierra,"$7,500,000"
13012,2021-2022,Whit Merrifield,"$7,450,000"
13013,2021-2022,Tim Anderson,"$7,250,000"
13014,2021-2022,Stephen Piscotty,"$7,250,000"
13015,2021-2022,Carlos Santana,"$7,250,000"
13016,2021-2022,Adam Ottavino,"$7,225,044"
13017,2021-2022,Shogo Akiyama,"$7,000,000"
13018,2021-2022,Edwin Diaz,"$7,000,000"
13019,2021-2022,Ha-seong Kim,"$7,000,000"
13020,2021-2022,Chris Martin,"$7,000,000"
13021,2021-2022,Mike Minor,"$7,000,000"
13022,2021-2022,Yoan Moncada,"$7,000,000"
13023,2021-2022,Blake Treinen,"$7,000,000"
13024,2021-2022,Mark Canha,"$6,925,000"
13025,2021-2022,Kris Bryant,"$6,814,535"
13026,2021-2022,Josh Hader,"$6,675,000"
13027,2021-2022,Willson Contreras,"$6,650,000"
13028,2021-2022,Chris Archer,"$6,500,000"
13029,2021-2022,Matthew Boyd,"$6,500,000"
13030,2021-2022,Jackie Bradley Jr.,"$6,500,000"
13031,2021-2022,Max Kepler,"$6,500,000"
13032,2021-2022,Lance McCullers,"$6,500,000"
13033,2021-2022,Matt Chapman,"$6,490,000"
13034,2021-2022,Josh Bell,"$6,350,000"
13035,2021-2022,Gary Sánchez,"$6,350,000"
13036,2021-2022,Christian Vazquez,"$6,250,000"
13037,2021-2022,Joey Gallo,"$6,200,000"
13038,2021-2022,Dellin Betances,"$6,000,000"
13039,2021-2022,Archie Bradley,"$6,000,000"
13040,2021-2022,Marco Gonzales,"$6,000,000"
13041,2021-2022,Jon Gray,"$6,000,000"
13042,2021-2022,Ketel Marte,"$6,000,000"
13043,2021-2022,Taylor Rogers,"$6,000,000"
13044,2021-2022,Dansby Swanson,"$6,000,000"
13045,2021-2022,Sean Manaea,"$5,950,000"
13046,2021-2022,Craig Kimbrel,"$5,591,430"
13047,2021-2022,Robbie Grossman,"$5,500,000"
13048,2021-2022,Roberto Pérez,"$5,500,000"
13049,2021-2022,Kirby Yates,"$5,500,000"
13050,2021-2022,Corey Knebel,"$5,250,000"
13051,2021-2022,Steven Matz,"$5,200,000"
13052,2021-2022,Yoshitomo Tsutsugo,"$5,147,004"
13053,2021-2022,Byron Buxton,"$5,125,000"
13054,2021-2022,Nelson Cruz,"$5,102,116"
13055,2021-2022,Kyle Freeland,"$5,025,000"
13056,2021-2022,Hector Neris,"$5,020,000"
13057,2021-2022,Ronald Acuña Jr.,"$5,000,000"
13058,2021-2022,Pedro Baez,"$5,000,000"
13059,2021-2022,Mike Clevinger,"$5,000,000"
13060,2021-2022,Alex Cobb,"$5,000,000"
13061,2021-2022,Alex Colomé,"$5,000,000"
13062,2021-2022,Didi Gregorius,"$5,000,000"
13063,2021-2022,Matt Olson,"$5,000,000"
13064,2021-2022,Miguel Rojas,"$5,000,000"
13065,2021-2022,Alex Wood,"$5,000,000"
13066,2021-2022,Kenta Maeda,"$4,936,000"
13067,2021-2022,Chris Bassitt,"$4,900,000"
13068,2021-2022,Rhys Hoskins,"$4,800,000"
13069,2021-2022,Walker Buehler,"$4,750,000"
13070,2021-2022,Trey Mancini,"$4,750,000"
13071,2021-2022,Brandon Nimmo,"$4,700,000"
13072,2021-2022,Luke Voit,"$4,700,000"
13073,2021-2022,Giovanny Urshela,"$4,650,000"
13074,2021-2022,Rafael Devers,"$4,575,000"
13075,2021-2022,Trea Turner,"$4,567,568"
13076,2021-2022,Jesús Aguilar,"$4,500,000"
13077,2021-2022,Matt Barnes,"$4,500,000"
13078,2021-2022,Jason Castro,"$4,500,000"
13079,2021-2022,Enrique Hernandez,"$4,500,000"
13080,2021-2022,Jurickson Profar,"$4,500,000"
13081,2021-2022,Martín Pérez,"$4,500,000"
13082,2021-2022,Jonathan Schoop,"$4,500,000"
13083,2021-2022,Craig Stammen,"$4,500,000"
13084,2021-2022,Zach Eflin,"$4,450,000"
13085,2021-2022,Joe Musgrove,"$4,450,000"
13086,2021-2022,Michael Lorenzen,"$4,437,500"
13087,2021-2022,Jorge Polanco,"$4,333,334"
13088,2021-2022,Teoscar Hernandez,"$4,325,000"
13089,2021-2022,Merrill Kelly,"$4,250,000"
13090,2021-2022,Luis Castillo,"$4,200,000"
13091,2021-2022,Dinelson Lamet,"$4,200,000"
13092,2021-2022,Lucas Giolito,"$4,150,000"
13093,2021-2022,Ian Happ,"$4,100,000"
13094,2021-2022,Paul DeJong,"$4,000,000"
13095,2021-2022,Jake Diekman,"$4,000,000"
13096,2021-2022,Tyler Glasnow,"$4,000,000"
13097,2021-2022,Kwang-hyun Kim,"$4,000,000"
13098,2021-2022,Scott Kingery,"$4,000,000"
13099,2021-2022,Jose Leclerc,"$4,000,000"
13100,2021-2022,Mark Melancon,"$4,000,000"
13101,2021-2022,Scott Oberg,"$4,000,000"
13102,2021-2022,Gleyber Torres,"$4,000,000"
13103,2021-2022,Jack Flaherty,"$3,900,000"
13104,2021-2022,Brian Anderson,"$3,800,000"
13105,2021-2022,Andrew Benintendi,"$3,800,000"
13106,2021-2022,Tucker Barnhart,"$3,750,000"
13107,2021-2022,Greg Holland,"$3,750,000"
13108,2021-2022,Hunter Renfroe,"$3,700,000"
13109,2021-2022,Kevin Pillar,"$3,600,000"
13110,2021-2022,Julio Urias,"$3,600,000"
13111,2021-2022,Jonathan Villar,"$3,550,000"
13112,2021-2022,Michael Fiers,"$3,500,000"
13113,2021-2022,Max Fried,"$3,500,000"
13114,2021-2022,Leury García,"$3,500,000"
13115,2021-2022,Lourdes Gurriel Jr.,"$3,500,000"
13116,2021-2022,Jose Iglesias,"$3,500,000"
13117,2021-2022,Eloy Jimenez,"$3,500,000"
13118,2021-2022,Martin Maldonado,"$3,500,000"
13119,2021-2022,Brad Miller,"$3,500,000"
13120,2021-2022,Luis Robert Jr.,"$3,500,000"
13121,2021-2022,José Ureña,"$3,450,000"
13122,2021-2022,Manuel Margot,"$3,400,000"
13123,2021-2022,Brad Keller,"$3,350,000"
13124,2021-2022,Austin Hedges,"$3,280,000"
13125,2021-2022,Brandon Woodruff,"$3,275,000"
13126,2021-2022,Hunter Dozier,"$3,250,000"
13127,2021-2022,Aaron Loup,"$3,250,000"
13128,2021-2022,Donovan Solano,"$3,250,000"
13129,2021-2022,Jesse Winker,"$3,150,000"
13130,2021-2022,Anthony DeSclafani,"$3,125,000"
13131,2021-2022,Michael Fulmer,"$3,100,000"
13132,2021-2022,Josh Lindblom,"$3,041,666"
13133,2021-2022,Jorge Soler,"$3,013,200"
13134,2021-2022,Mitch Haniger,"$3,010,000"
13135,2021-2022,Ozzie Albies,"$3,000,000"
13136,2021-2022,Aledmys Diaz,"$3,000,000"
13137,2021-2022,Wilmer Flores,"$3,000,000"
13138,2021-2022,Matt Moore,"$3,000,000"
13139,2021-2022,Shohei Ohtani,"$3,000,000"
13140,2021-2022,Yusmeiro Petit,"$3,000,000"
13141,2021-2022,Carlos Rodon,"$3,000,000"
13142,2021-2022,Trevor Rosenthal,"$3,000,000"
13143,2021-2022,Antonio Senzatela,"$3,000,000"
13144,2021-2022,Ross Stripling,"$3,000,000"
13145,2021-2022,Julio Teherán,"$3,000,000"
13146,2021-2022,Michael Wacha,"$3,000,000"
13147,2021-2022,Kolten Wong,"$3,000,000"
13148,2021-2022,Daniel Bard,"$2,925,000"
13149,2021-2022,Seth Lugo,"$2,925,000"
13150,2021-2022,Jeimer Candelario,"$2,850,000"
13151,2021-2022,Brett Gardner,"$2,850,000"
13152,2021-2022,Colin Moran,"$2,800,000"
13153,2021-2022,Michael Soroka,"$2,800,000"
13154,2021-2022,J.A. Happ,"$2,795,715"
13155,2021-2022,Eddie Rosario,"$2,795,715"
13156,2021-2022,Eduardo Escobar,"$2,661,318"
13157,2021-2022,Jacoby Jones,"$2,650,000"
13158,2021-2022,Kohei Arihara,"$2,600,000"
13159,2021-2022,Dominic Smith,"$2,550,000"
13160,2021-2022,Adalberto Mondesi,"$2,525,000"
13161,2021-2022,Brett Anderson,"$2,500,000"
13162,2021-2022,Brandon Lowe,"$2,500,000"
13163,2021-2022,Omar Narváez,"$2,500,000"
13164,2021-2022,Blake Parker,"$2,500,000"
13165,2021-2022,Joely Rodriguez,"$2,500,000"
13166,2021-2022,Kyle Schwarber,"$2,459,459"
13167,2021-2022,Ji-Man Choi,"$2,450,000"
13168,2021-2022,Bryan Shaw,"$2,450,000"
13169,2021-2022,Amed Rosario,"$2,400,000"
13170,2021-2022,Ryan McMahon,"$2,375,000"
13171,2021-2022,Andrew Heaney,"$2,358,850"
13172,2021-2022,Ryan Yarbrough,"$2,300,000"
13173,2021-2022,Chad Pinder,"$2,275,000"
13174,2021-2022,Mitch Moreland,"$2,250,000"
13175,2021-2022,Jameson Taillon,"$2,250,000"
13176,2021-2022,Joey Wendle,"$2,250,000"
13177,2021-2022,Tyler Duffey,"$2,200,000"
13178,2021-2022,Tyler Mahle,"$2,200,000"
13179,2021-2022,Chad Green,"$2,150,000"
13180,2021-2022,Chad Kuhl,"$2,130,000"
13181,2021-2022,Jordan Montgomery,"$2,130,000"
13182,2021-2022,J.D. Davis,"$2,100,000"
13183,2021-2022,Alex Dickerson,"$2,100,000"
13184,2021-2022,Clint Frazier,"$2,100,000"
13185,2021-2022,Niko Goodrum,"$2,100,000"
13186,2021-2022,Reynaldo López,"$2,100,000"
13187,2021-2022,Anthony Santander,"$2,100,000"
13188,2021-2022,Yan Gomes,"$2,096,770"
13189,2021-2022,Daniel Hudson,"$2,096,770"
13190,2021-2022,Jorge Alfaro,"$2,050,000"
13191,2021-2022,Steven Brault,"$2,050,000"
13192,2021-2022,J.P. Crawford,"$2,050,000"
13193,2021-2022,Matt Strahm,"$2,050,000"
13194,2021-2022,Harrison Bader,"$2,000,000"
13195,2021-2022,Aaron Bummer,"$2,000,000"
13196,2021-2022,Curt Casali,"$2,000,000"
13197,2021-2022,David Fletcher,"$2,000,000"
13198,2021-2022,Chris Flexen,"$2,000,000"
13199,2021-2022,Mike Foltynewicz,"$2,000,000"
13200,2021-2022,Pierce Johnson,"$2,000,000"
13201,2021-2022,Isiah Kiner-Falefa,"$2,000,000"
13202,2021-2022,Tommy La Stella,"$2,000,000"
13203,2021-2022,Evan Marshall,"$2,000,000"
13204,2021-2022,Jake McGee,"$2,000,000"
13205,2021-2022,Brooks Raley,"$2,000,000"
13206,2021-2022,Austin Romine,"$2,000,000"
13207,2021-2022,Sergio Romo,"$2,000,000"
13208,2021-2022,Matt Shoemaker,"$2,000,000"
13209,2021-2022,Michael A. Taylor,"$2,000,000"
13210,2021-2022,Nick Wittgren,"$2,000,000"
13211,2021-2022,Mike Zunino,"$2,000,000"
13212,2021-2022,José Berríos,"$1,957,020"
13213,2021-2022,Raimel Tapia,"$1,950,000"
13214,2021-2022,Luke Weaver,"$1,950,000"
13215,2021-2022,Joc Pederson,"$1,935,520"
13216,2021-2022,Garrett Cooper,"$1,900,000"
13217,2021-2022,Luke Jackson,"$1,900,000"
13218,2021-2022,Mitch Garver,"$1,875,000"
13219,2021-2022,Pedro Severino,"$1,825,000"
13220,2021-2022,Austin Barnes,"$1,800,000"
13221,2021-2022,Collin McHugh,"$1,800,000"
13222,2021-2022,Frankie Montas,"$1,800,000"
13223,2021-2022,Brad Hand,"$1,750,012"
13224,2021-2022,Tyler Clippard,"$1,750,000"
13225,2021-2022,Dexter Fowler,"$1,750,000"
13226,2021-2022,Brock Holt,"$1,750,000"
13227,2021-2022,Darren O'Day,"$1,750,000"
13228,2021-2022,David Phelps,"$1,750,000"
13229,2021-2022,Danny Santana,"$1,750,000"
13230,2021-2022,César Hernández,"$1,747,330"
13231,2021-2022,Jake Junis,"$1,700,000"
13232,2021-2022,Carson Kelly,"$1,700,000"
13233,2021-2022,Miguel Castro,"$1,687,500"
13234,2021-2022,Hanser Alberto,"$1,650,000"
13235,2021-2022,Manuel Pina,"$1,650,000"
13236,2021-2022,Kevin Plawecki,"$1,600,000"
13237,2021-2022,Hirokazu Sawamura,"$1,600,000"
13238,2021-2022,Max Stassi,"$1,600,000"
13239,2021-2022,Emilio Pagan,"$1,570,000"
13240,2021-2022,Ken Giles,"$1,550,000"
13241,2021-2022,Brent Suter,"$1,550,000"
13242,2021-2022,Hyeon-Jong Yang,"$1,520,824"
13243,2021-2022,Ehire Adrianza,"$1,500,000"
13244,2021-2022,Alex Avila,"$1,500,000"
13245,2021-2022,Trevor Cahill,"$1,500,000"
13246,2021-2022,Charlie Culberson,"$1,500,000"
13247,2021-2022,Rafael Dolis,"$1,500,000"
13248,2021-2022,Ben Gamel,"$1,500,000"
13249,2021-2022,Amir Garrett,"$1,500,000"
13250,2021-2022,Kyle Gibson,"$1,500,000"
13251,2021-2022,Joe Jimenez,"$1,500,000"
13252,2021-2022,Jason Kipnis,"$1,500,000"
13253,2021-2022,Jed Lowrie,"$1,500,000"
13254,2021-2022,Tyler Naquin,"$1,500,000"
13255,2021-2022,Wily Peralta,"$1,500,000"
13256,2021-2022,Joe Ross,"$1,500,000"
13257,2021-2022,Ervin Santana,"$1,500,000"
13258,2021-2022,Chasen Shreve,"$1,500,000"
13259,2021-2022,Kurt Suzuki,"$1,500,000"
13260,2021-2022,Stephen Vogt,"$1,467,726"
13261,2021-2022,Jose Quintana,"$1,462,374"
13262,2021-2022,Joe Smith,"$1,462,340"
13263,2021-2022,Mychal Givens,"$1,458,858"
13264,2021-2022,Carlos Estevez,"$1,450,000"
13265,2021-2022,Rafael Montero,"$1,427,404"
13266,2021-2022,Richard Bleier,"$1,425,000"
13267,2021-2022,Dan Vogelbach,"$1,400,000"
13268,2021-2022,Caleb Smith,"$1,386,240"
13269,2021-2022,Adam Engel,"$1,375,000"
13270,2021-2022,Johan Camargo,"$1,360,000"
13271,2021-2022,Tim Beckham,"$1,350,000"
13272,2021-2022,Jesse Hahn,"$1,350,000"
13273,2021-2022,Andrew Chafin,"$1,322,596"
13274,2021-2022,Victor Caratini,"$1,300,000"
13275,2021-2022,Elias Diaz,"$1,300,000"
13276,2021-2022,Robert Gsellman,"$1,300,000"
13277,2021-2022,Tommy Kahnle,"$1,300,000"
13278,2021-2022,A.J. Minter,"$1,300,000"
13279,2021-2022,Jacob Stallings,"$1,300,000"
13280,2021-2022,Evan White,"$1,300,000"
13281,2021-2022,Darin Ruf,"$1,275,000"
13282,2021-2022,Albert Almora,"$1,250,000"
13283,2021-2022,Ryan Brasier,"$1,250,000"
13284,2021-2022,Wade Davis,"$1,250,000"
13285,2021-2022,Billy Hamilton,"$1,250,000"
13286,2021-2022,Juan Lagares,"$1,250,000"
13287,2021-2022,Sandy León,"$1,250,000"
13288,2021-2022,Jimmy Nelson,"$1,250,000"
13289,2021-2022,Ryan Tepera,"$1,233,866"
13290,2021-2022,Erik Gonzalez,"$1,225,000"
13291,2021-2022,Joakim Soria,"$1,223,105"
13292,2021-2022,Daniel Norris,"$1,214,395"
13293,2021-2022,Keone Kela,"$1,200,000"
13294,2021-2022,Mike Mayers,"$1,200,000"
13295,2021-2022,Yonny Chirinos,"$1,175,000"
13296,2021-2022,Chaz Roe,"$1,150,000"
13297,2021-2022,Austin Slater,"$1,150,000"
13298,2021-2022,Jairo Díaz,"$1,100,000"
13299,2021-2022,Chi Chi Gonzalez,"$1,100,000"
13300,2021-2022,Andrew Knapp,"$1,100,000"
13301,2021-2022,Felix Pena,"$1,100,000"
13302,2021-2022,Freddy Peralta,"$1,100,000"
13303,2021-2022,Ryne Stanek,"$1,100,000"
13304,2021-2022,Chris Stratton,"$1,100,000"
13305,2021-2022,Jose Alvarez,"$1,050,000"
13306,2021-2022,Luis Cessa,"$1,050,000"
13307,2021-2022,Tony Kemp,"$1,050,000"
13308,2021-2022,Justin Wilson,"$1,026,641"
13309,2021-2022,Scott Alexander,"$1,000,000"
13310,2021-2022,Jose Alvarado,"$1,000,000"
13311,2021-2022,Anthony Bass,"$1,000,000"
13312,2021-2022,Greg Bird,"$1,000,000"
13313,2021-2022,David Bote,"$1,000,000"
13314,2021-2022,Brad Boxberger,"$1,000,000"
13315,2021-2022,Steve Cishek,"$1,000,000"
13316,2021-2022,C.J. Cron,"$1,000,000"
13317,2021-2022,Chris Devenski,"$1,000,000"
13318,2021-2022,Wilmer Difo,"$1,000,000"
13319,2021-2022,Matt Duffy,"$1,000,000"
13320,2021-2022,Brian Goodwin,"$1,000,000"
13321,2021-2022,Matt Harvey,"$1,000,000"
13322,2021-2022,Guillermo Heredia,"$1,000,000"
13323,2021-2022,Jose Martinez,"$1,000,000"
13324,2021-2022,Jordy Mercer,"$1,000,000"
13325,2021-2022,Chris Owings,"$1,000,000"
13326,2021-2022,Josh Tomlin,"$1,000,000"
13327,2021-2022,Ryan Zimmerman,"$1,000,000"
13328,2021-2022,Orlando Arcia,"$978,523"
13329,2021-2022,Dylan Floro,"$975,000"
13330,2021-2022,Jose Cisnero,"$970,000"
13331,2021-2022,Rich Hill,"$967,752"
13332,2021-2022,Kendall Graveman,"$956,960"
13333,2021-2022,Joe Panik,"$954,816"
13334,2021-2022,Luis Avilan,"$950,000"
13335,2021-2022,Jarlin Garcia,"$950,000"
13336,2021-2022,Derek Holland,"$925,000"
13337,2021-2022,Lou Trivino,"$912,500"
13338,2021-2022,Tyler Anderson,"$900,547"
13339,2021-2022,Matt Bowman,"$900,000"
13340,2021-2022,Grant Dayton,"$900,000"
13341,2021-2022,Alex Reyes,"$900,000"
13342,2021-2022,Daniel Robertson,"$900,000"
13343,2021-2022,Tom Murphy,"$875,000"
13344,2021-2022,Tommy Hunter,"$870,984"
13345,2021-2022,Jordan Hicks,"$862,500"
13346,2021-2022,Dan Altavilla,"$850,000"
13347,2021-2022,Rex Brothers,"$850,000"
13348,2021-2022,Jhoulys Chacin,"$850,000"
13349,2021-2022,Robert Stephenson,"$805,000"
13350,2021-2022,Drew Steckenrider,"$800,000"
13351,2021-2022,Ronald Torreyes,"$800,000"
13352,2021-2022,A.J. Cole,"$795,648"
13353,2021-2022,Wandy Peralta,"$795,000"
13354,2021-2022,Oliver Drake,"$775,000"
13355,2021-2022,Freddy Galvis,"$774,225"
13356,2021-2022,Hansel Robles,"$773,945"
13357,2021-2022,Daniel Gossett,"$750,000"
13358,2021-2022,Junior Guerra,"$750,000"
13359,2021-2022,Jonathan Holder,"$750,000"
13360,2021-2022,Andrew Kittredge,"$750,000"
13361,2021-2022,Sam McWilliams,"$750,000"
13362,2021-2022,Asher Wojciechowski,"$750,000"
13363,2021-2022,Matt Wisler,"$748,679"
13364,2021-2022,John Gant,"$733,850"
13365,2021-2022,Shawn Armstrong,"$731,775"
13366,2021-2022,Randy Dobnak,"$700,000"
13367,2021-2022,Caleb Thielbar,"$700,000"
13368,2021-2022,Adam Duvall,"$698,945"
13369,2021-2022,Jon Lester,"$698,945"
13370,2021-2022,Reyes Moronta,"$695,000"
13371,2021-2022,Yimi Garcia,"$684,405"
13372,2021-2022,Devin Williams,"$681,100"
13373,2021-2022,Matt Bush,"$680,000"
13374,2021-2022,Shane Bieber,"$679,700"
13375,2021-2022,Pete Alonso,"$676,775"
13376,2021-2022,Scott Barlow,"$650,000"
13377,2021-2022,Alex Verdugo,"$649,500"
13378,2021-2022,Jeff McNeil,"$642,251"
13379,2021-2022,Kyle Farmer,"$640,000"
13380,2021-2022,Framber Valdez,"$637,300"
13381,2021-2022,Burch Smith,"$632,930"
13382,2021-2022,Sandy Alcantara,"$630,000"
13383,2021-2022,Kyle Lewis,"$625,000"
13384,2021-2022,Kyle Tucker,"$624,300"
13385,2021-2022,Nolan Arenado,"$620,500"
13386,2021-2022,Domingo German,"$619,675"
13387,2021-2022,Christian Walker,"$619,300"
13388,2021-2022,Nick Pivetta,"$613,500"
13389,2021-2022,Jose Lobaton,"$612,903"
13390,2021-2022,Luis Arraez,"$611,000"
13391,2021-2022,Chris Paddack,"$610,900"
13392,2021-2022,Seranthony Dominguez,"$610,116"
13393,2021-2022,Yordan Alvarez,"$609,000"
13394,2021-2022,Corbin Burnes,"$608,000"
13395,2021-2022,Jon Berti,"$607,500"
13396,2021-2022,Zac Gallen,"$607,500"
13397,2021-2022,Hunter Strickland,"$607,488"
13398,2021-2022,Pat Valaika,"$606,816"
13399,2021-2022,Ronald Guzman,"$606,000"
13400,2021-2022,Vladimir Guerrero Jr.,"$605,400"
13401,2021-2022,Justus Sheffield,"$604,800"
13402,2021-2022,José Urquidy,"$604,200"
13403,2021-2022,Cavan Biggio,"$604,000"
13404,2021-2022,Cam Gallagher,"$604,000"
13405,2021-2022,Tyler Wade,"$603,000"
13406,2021-2022,Franmil Reyes,"$602,400"
13407,2021-2022,Danny Jansen,"$601,800"
13408,2021-2022,Bryan Reynolds,"$601,000"
13409,2021-2022,Franklin Barreto,"$600,500"
13410,2021-2022,Phillip Ervin,"$600,500"
13411,2021-2022,Caleb Ferguson,"$600,500"
13412,2021-2022,Tyler Matzek,"$600,500"
13413,2021-2022,Dylan Cease,"$600,000"
13414,2021-2022,Lucas Luetge,"$600,000"
13415,2021-2022,Tim Mayza,"$600,000"
13416,2021-2022,Alec Mills,"$600,000"
13417,2021-2022,Francisco Pena,"$600,000"
13418,2021-2022,Mike Yastrzemski,"$600,000"
13419,2021-2022,Josh Harrison,"$599,440"
13420,2021-2022,Blake Taylor,"$599,100"
13421,2021-2022,Lucas Sims,"$598,500"
13422,2021-2022,Rowdy Tellez,"$598,100"
13423,2021-2022,Kevin Newman,"$598,000"
13424,2021-2022,Yoan López,"$597,800"
13425,2021-2022,Jake Cave,"$597,500"
13426,2021-2022,Nicky Lopez,"$597,500"
13427,2021-2022,Tommy Edman,"$596,000"
13428,2021-2022,Tim Hill,"$596,000"
13429,2021-2022,Jonathan Loaisiga,"$595,800"
13430,2021-2022,Dakota Hudson,"$595,700"
13431,2021-2022,Pablo López,"$595,000"
13432,2021-2022,Tyler O'Neill,"$594,700"
13433,2021-2022,Giovanny Gallegos,"$594,500"
13434,2021-2022,Richard Rodriguez,"$594,100"
13435,2021-2022,Kyle Higashioka,"$594,000"
13436,2021-2022,Brady Singer,"$593,700"
13437,2021-2022,John Means,"$593,500"
13438,2021-2022,Willie Calhoun,"$593,000"
13439,2021-2022,Rowan Wick,"$593,000"
13440,2021-2022,Casey Sadler,"$591,800"
13441,2021-2022,Brandon Drury,"$591,643"
13442,2021-2022,Michael Perez,"$591,500"
13443,2021-2022,Austin Meadows,"$591,400"
13444,2021-2022,JT Brubaker,"$590,500"
13445,2021-2022,Dustin May,"$590,500"
13446,2021-2022,Austin Riley,"$590,500"
13447,2021-2022,Edwin Rios,"$590,500"
13448,2021-2022,Will Smith,"$590,500"
13449,2021-2022,Jared Walsh,"$590,500"
13450,2021-2022,Dylan Moore,"$590,400"
13451,2021-2022,Zach Plesac,"$590,200"
13452,2021-2022,Ke'Bryan Hayes,"$589,500"
13453,2021-2022,Brett Martin,"$589,500"
13454,2021-2022,Trent Grisham,"$589,200"
13455,2021-2022,Yandy Diaz,"$588,900"
13456,2021-2022,Jalen Beeks,"$588,800"
13457,2021-2022,Josh Staumont,"$588,700"
13458,2021-2022,Kyle Zimmer,"$588,700"
13459,2021-2022,Nick Anderson,"$587,800"
13460,2021-2022,Bo Bichette,"$587,800"
13461,2021-2022,Austin Voth,"$587,700"
13462,2021-2022,Lewis Brinson,"$587,500"
13463,2021-2022,Ty France,"$587,500"
13464,2021-2022,Jonathan Hernandez,"$587,500"
13465,2021-2022,Aaron Civale,"$587,400"
13466,2021-2022,Víctor Reyes,"$587,100"
13467,2021-2022,Harold Ramirez,"$587,000"
13468,2021-2022,Nick Margevicius,"$586,900"
13469,2021-2022,Spencer Turnbull,"$586,900"
13470,2021-2022,Jorge López,"$586,750"
13471,2021-2022,Pavin Smith,"$586,600"
13472,2021-2022,Francisco Mejia,"$586,300"
13473,2021-2022,Cal Quantrill,"$586,200"
13474,2021-2022,David Peterson,"$585,750"
13475,2021-2022,Jeff Hoffman,"$585,500"
13476,2021-2022,Jeffrey Springs,"$585,000"
13477,2021-2022,Jake Cronenworth,"$584,900"
13478,2021-2022,Justin Dunn,"$584,900"
13479,2021-2022,Duane Underwood,"$584,500"
13480,2021-2022,Brett Phillips,"$584,400"
13481,2021-2022,Kolby Allard,"$584,250"
13482,2021-2022,Adrian Houser,"$584,100"
13483,2021-2022,Jordan Romano,"$584,000"
13484,2021-2022,Jose Trevino,"$584,000"
13485,2021-2022,Miguel Andujar,"$583,950"
13486,2021-2022,Pete Fairbanks,"$583,800"
13487,2021-2022,Tyler Rogers,"$583,000"
13488,2021-2022,Taylor Hearn,"$582,500"
13489,2021-2022,Kyle Finnegan,"$582,400"
13490,2021-2022,Josh Rojas,"$582,400"
13491,2021-2022,Ryan Helsley,"$582,300"
13492,2021-2022,Harold Castro,"$581,700"
13493,2021-2022,Christian Arroyo,"$581,500"
13494,2021-2022,Randy Arozarena,"$581,200"
13495,2021-2022,Cody Reed,"$581,200"
13496,2021-2022,Genesis Cabrera,"$580,900"
13497,2021-2022,Luis Guillorme,"$580,701"
13498,2021-2022,Luis Torrens,"$580,700"
13499,2021-2022,John Brebbia,"$580,635"
13500,2021-2022,Keynan Middleton,"$580,635"
13501,2021-2022,Tejay Antone,"$580,500"
13502,2021-2022,Tony Gonsolin,"$580,500"
13503,2021-2022,Garrett Hampson,"$580,500"
13504,2021-2022,Tyler Kinley,"$580,500"
13505,2021-2022,Shed Long Jr.,"$580,500"
13506,2021-2022,Josh Taylor,"$580,500"
13507,2021-2022,Huascar Ynoa,"$580,500"
13508,2021-2022,Cristian Javier,"$580,290"
13509,2021-2022,Austin Adams,"$580,200"
13510,2021-2022,Luis Garcia,"$580,100"
13511,2021-2022,Tanner Scott,"$580,000"
13512,2021-2022,Gregory Soto,"$579,600"
13513,2021-2022,Andrew Knizner,"$579,200"
13514,2021-2022,Aristides Aquino,"$579,000"
13515,2021-2022,David Bednar,"$579,000"
13516,2021-2022,Blake Cederlind,"$579,000"
13517,2021-2022,Elieser Hernandez,"$579,000"
13518,2021-2022,Tyler Alexander,"$578,800"
13519,2021-2022,Anthony Misiewicz,"$578,700"
13520,2021-2022,Austin Hays,"$578,500"
13521,2021-2022,Darwinzon Hernandez,"$578,500"
13522,2021-2022,Julian Merryweather,"$578,400"
13523,2021-2022,Roman Quinn,"$578,000"
13524,2021-2022,Colin Poche,"$577,800"
13525,2021-2022,Tomás Nido,"$577,720"
13526,2021-2022,Josh Naylor,"$577,500"
13527,2021-2022,Ryan Thompson,"$577,200"
13528,2021-2022,Dylan Carlson,"$577,100"
13529,2021-2022,Cedric Mullins,"$577,000"
13530,2021-2022,D.J. Stewart,"$577,000"
13531,2021-2022,Bradley Zimmer,"$576,700"
13532,2021-2022,Edmundo Sosa,"$575,900"
13533,2021-2022,Jorge Alcala,"$575,500"
13534,2021-2022,Yency Almonte,"$575,500"
13535,2021-2022,Ian Anderson,"$575,500"
13536,2021-2022,Austin Gomber,"$575,500"
13537,2021-2022,Sean Murphy,"$575,500"
13538,2021-2022,Brendan Rodgers,"$575,500"
13539,2021-2022,Jacob Nottingham,"$575,400"
13540,2021-2022,Luis Urias,"$575,100"
13541,2021-2022,Braden Bishop,"$575,000"
13542,2021-2022,Jose Castillo,"$575,000"
13543,2021-2022,Jimmy Cordero,"$575,000"
13544,2021-2022,Bobby Dalbec,"$575,000"
13545,2021-2022,Erick Fedde,"$575,000"
13546,2021-2022,Rico Garcia,"$575,000"
13547,2021-2022,Joe Gatto,"$575,000"
13548,2021-2022,Sam Howard,"$575,000"
13549,2021-2022,Nathaniel Lowe,"$575,000"
13550,2021-2022,Andres Munoz,"$575,000"
13551,2021-2022,Jose Ruiz,"$575,000"
13552,2021-2022,Ryan Mountcastle,"$574,500"
13553,2021-2022,Dillon Tate,"$574,500"
13554,2021-2022,Joey Lucchesi,"$574,464"
13555,2021-2022,Sam Haggerty,"$574,300"
13556,2021-2022,Tarik Skubal,"$574,300"
13557,2021-2022,Michel Baez,"$574,200"
13558,2021-2022,Casey Mize,"$574,100"
13559,2021-2022,Hunter Harvey,"$574,000"
13560,2021-2022,Jonah Heim,"$574,000"
13561,2021-2022,Willians Astudillo,"$573,500"
13562,2021-2022,Kyle Cody,"$573,500"
13563,2021-2022,Javy Guerra,"$573,100"
13564,2021-2022,Sam Coonrod,"$573,000"
13565,2021-2022,Cole Irvin,"$573,000"
13566,2021-2022,Adrian Morejon,"$572,900"
13567,2021-2022,Yonathan Daza,"$572,500"
13568,2021-2022,Dane Dunning,"$572,500"
13569,2021-2022,John King,"$572,500"
13570,2021-2022,Dom Nunez,"$572,500"
13571,2021-2022,Jake Fraley,"$572,100"
13572,2021-2022,Garrett Crochet,"$572,000"
13573,2021-2022,Mark Mathias,"$572,000"
13574,2021-2022,Emmanuel Clase,"$571,800"
13575,2021-2022,Jazz Chisholm,"$571,750"
13576,2021-2022,Connor Brogdon,"$571,500"
13577,2021-2022,Austin Nola,"$571,500"
13578,2021-2022,Magneuris Sierra,"$571,375"
13579,2021-2022,Chad Wallach,"$571,375"
13580,2021-2022,Akil Baddoo,"$570,500"
13581,2021-2022,Brandon Bailey,"$570,500"
13582,2021-2022,Luke Bard,"$570,500"
13583,2021-2022,Jake Brentz,"$570,500"
13584,2021-2022,Jeff Brigham,"$570,500"
13585,2021-2022,Kervin Castro,"$570,500"
13586,2021-2022,Edwar Colina,"$570,500"
13587,2021-2022,Jon Duplantier,"$570,500"
13588,2021-2022,Bernardo Flores,"$570,500"
13589,2021-2022,Mike Ford,"$570,500"
13590,2021-2022,Kyle Garlick,"$570,500"
13591,2021-2022,Philip Gosselin,"$570,500"
13592,2021-2022,Jandel Gustave,"$570,500"
13593,2021-2022,Ryan Hartman,"$570,500"
13594,2021-2022,Trevor Hildenberger,"$570,500"
13595,2021-2022,Jonathan India,"$570,500"
13596,2021-2022,Travis Jankowski,"$570,500"
13597,2021-2022,Michael Kopech,"$570,500"
13598,2021-2022,Brady Lail,"$570,500"
13599,2021-2022,Casey Lawrence,"$570,500"
13600,2021-2022,Kyle Lobstein,"$570,500"
13601,2021-2022,Chas McCormick,"$570,500"
13602,2021-2022,Keury Mella,"$570,500"
13603,2021-2022,Juan Minaya,"$570,500"
13604,2021-2022,Dedniel Nunez,"$570,500"
13605,2021-2022,Ryan O'Hearn,"$570,500"
13606,2021-2022,Luis Oviedo,"$570,500"
13607,2021-2022,Jorge Oña,"$570,500"
13608,2021-2022,Zach Pop,"$570,500"
13609,2021-2022,Noé Ramirez,"$570,500"
13610,2021-2022,Roel Ramírez,"$570,500"
13611,2021-2022,Nivaldo Rodriguez,"$570,500"
13612,2021-2022,Trevor Rogers,"$570,500"
13613,2021-2022,Hector Santiago,"$570,500"
13614,2021-2022,Mac Sceroler,"$570,500"
13615,2021-2022,Paul Sewald,"$570,500"
13616,2021-2022,Jordan Sheffield,"$570,500"
13617,2021-2022,Jose Soriano,"$570,500"
13618,2021-2022,Trevor Stephan,"$570,500"
13619,2021-2022,Tyler Stephenson,"$570,500"
13620,2021-2022,Troy Stokes,"$570,500"
13621,2021-2022,Ty Tice,"$570,500"
13622,2021-2022,Andrew Vaughn,"$570,500"
13623,2021-2022,Will Vest,"$570,500"
13624,2021-2022,Ryan Weber,"$570,500"
13625,2021-2022,Tyler Wells,"$570,500"
13626,2021-2022,Garrett Whitlock,"$570,500"
13627,2021-2022,Trey Wingenter,"$570,500"
13628,2021-2022,Rob Zastryzny,"$570,500"
13629,2021-2022,Peter Lambert,"$569,296"
13630,2021-2022,Touki Toussaint,"$568,325"
13631,2021-2022,Gerardo Parra,"$564,480"
13632,2021-2022,Alejandro Kirk,"$564,189"
13633,2021-2022,Logan Webb,"$564,120"
13634,2021-2022,Willi Castro,"$559,800"
13635,2021-2022,Yadiel Hernandez,"$557,118"
13636,2021-2022,Taylor Widener,"$552,112"
13637,2021-2022,Trevor Williams,"$549,355"
13638,2021-2022,Ljay Newsome,"$548,993"
13639,2021-2022,Josh Sborz,"$548,774"
13640,2021-2022,Deolis Guerra,"$545,926"
13641,2021-2022,Adbert Alzolay,"$542,256"
13642,2021-2022,Seth Brown,"$539,792"
13643,2021-2022,Cole Sulser,"$537,486"
13644,2021-2022,JoJo Romero,"$536,725"
13645,2021-2022,Adolis García,"$534,743"
13646,2021-2022,Gavin Lux,"$533,691"
13647,2021-2022,Dillon Maples,"$533,028"
13648,2021-2022,Bruce Zimmermann,"$531,629"
13649,2021-2022,Drew Smith,"$531,308"
13650,2021-2022,Andrew Stevenson,"$526,097"
13651,2021-2022,Matt Beaty,"$523,875"
13652,2021-2022,Zack Collins,"$522,379"
13653,2021-2022,Justin Topa,"$520,689"
13654,2021-2022,Jace Fry,"$519,344"
13655,2021-2022,Ryan Weathers,"$518,492"
13656,2021-2022,Michael King,"$517,092"
13657,2021-2022,Taylor Clarke,"$514,365"
13658,2021-2022,José Peraza,"$510,015"
13659,2021-2022,Santiago Espinal,"$506,055"
13660,2021-2022,Paolo Espino,"$506,055"
13661,2021-2022,Victor Robles,"$505,053"
13662,2021-2022,Nico Hoerner,"$502,988"
13663,2021-2022,Alex Kirilloff,"$502,988"
13664,2021-2022,Ryan Jeffers,"$501,228"
13665,2021-2022,Sam Clay,"$500,742"
13666,2021-2022,Danny Duffy,"$500,000"
13667,2021-2022,Kent Emanuel,"$499,921"
13668,2021-2022,Nick Solak,"$497,858"
13669,2021-2022,Jace Peterson,"$497,651"
13670,2021-2022,Enoli Paredes,"$497,395"
13671,2021-2022,Josh VanMeter,"$495,646"
13672,2021-2022,Eli White,"$492,480"
13673,2021-2022,Erik Swanson,"$484,586"
13674,2021-2022,Robinson Chirinos,"$483,840"
13675,2021-2022,Sam Hentges,"$481,519"
13676,2021-2022,Shane McClanahan,"$481,519"
13677,2021-2022,Devin Smeltzer,"$481,519"
13678,2021-2022,Wil Crowe,"$481,416"
13679,2021-2022,Yu-Cheng Chang,"$478,920"
13680,2021-2022,Nick Sandlin,"$478,452"
13681,2021-2022,James Karinchak,"$478,040"
13682,2021-2022,Adam Cimber,"$477,408"
13683,2021-2022,Kris Bubic,"$475,385"
13684,2021-2022,Travis Lakins,"$475,385"
13685,2021-2022,Paul Fry,"$474,848"
13686,2021-2022,Garrett Cleavinger,"$472,318"
13687,2021-2022,Jorge Guzman,"$472,318"
13688,2021-2022,Tyrone Taylor,"$472,318"
13689,2021-2022,Nabil Crismatt,"$471,750"
13690,2021-2022,Patrick Sandoval,"$469,251"
13691,2021-2022,Brandon Bielak,"$466,900"
13692,2021-2022,Anthony Bender,"$466,184"
13693,2021-2022,Wander Suero,"$465,120"
13694,2021-2022,Phillip Evans,"$464,835"
13695,2021-2022,Adam Morgan,"$464,544"
13696,2021-2022,Reese McGuire,"$463,117"
13697,2021-2022,Angel Perdomo,"$463,117"
13698,2021-2022,Ryan Borucki,"$460,800"
13699,2021-2022,Tyler Beede,"$460,559"
13700,2021-2022,Alec Bohm,"$460,559"
13701,2021-2022,Ben Bowden,"$460,050"
13702,2021-2022,Kyle Funkhouser,"$460,050"
13703,2021-2022,Kyle McGowin,"$460,050"
13704,2021-2022,Ranger Suarez,"$460,050"
13705,2021-2022,Andre Scrubb,"$459,228"
13706,2021-2022,Victor Gonzalez,"$458,787"
13707,2021-2022,José Devers,"$456,983"
13708,2021-2022,Jake Rogers,"$456,983"
13709,2021-2022,Ramon Urias,"$454,804"
13710,2021-2022,Josh Fleming,"$453,916"
13711,2021-2022,Lucas Gilbreath,"$450,849"
13712,2021-2022,Eric Lauer,"$450,849"
13713,2021-2022,Keegan Akin,"$447,782"
13714,2021-2022,Zack Littell,"$447,782"
13715,2021-2022,Edgar Santana,"$447,782"
13716,2021-2022,Josh James,"$446,706"
13717,2021-2022,Tanner Rainey,"$443,380"
13718,2021-2022,César Valdez,"$443,157"
13719,2021-2022,Eric Haase,"$441,648"
13720,2021-2022,James Kaprielian,"$441,648"
13721,2021-2022,Logan Gilbert,"$438,581"
13722,2021-2022,Triston McKenzie,"$436,113"
13723,2021-2022,Rony Garcia,"$435,831"
13724,2021-2022,Danny Mendick,"$435,514"
13725,2021-2022,Max Moroff,"$435,514"
13726,2021-2022,Matt Peacock,"$435,514"
13727,2021-2022,Brusdar Graterol,"$434,975"
13728,2021-2022,Luke Farrell,"$432,447"
13729,2021-2022,Joe Mantiply,"$432,447"
13730,2021-2022,Cody Poteet,"$432,447"
13731,2021-2022,Rob Refsnyder,"$432,447"
13732,2021-2022,Hunter Wood,"$432,447"
13733,2021-2022,Willy Adames,"$431,400"
13734,2021-2022,Adam Plutko,"$430,317"
13735,2021-2022,Mitch Keller,"$429,594"
13736,2021-2022,Albert Pujols,"$426,313"
13737,2021-2022,T.J. McFarland,"$424,704"
13738,2021-2022,P.J. Higgins,"$423,246"
13739,2021-2022,Clarke Schmidt,"$421,275"
13740,2021-2022,J.P. Feyereisen,"$418,550"
13741,2021-2022,Sean Reid-Foley,"$417,112"
13742,2021-2022,LaMonte Wade Jr.,"$414,045"
13743,2021-2022,Sean Newcomb,"$409,956"
13744,2021-2022,Alex Blandino,"$409,773"
13745,2021-2022,Phil Bickford,"$407,911"
13746,2021-2022,Bryan Abreu,"$407,484"
13747,2021-2022,Zach McKinstry,"$406,692"
13748,2021-2022,Daulton Varsho,"$405,783"
13749,2021-2022,Matt Foster,"$405,705"
13750,2021-2022,Steven Duggar,"$404,844"
13751,2021-2022,Nick Gordon,"$404,844"
13752,2021-2022,Carlos Hernandez,"$404,844"
13753,2021-2022,Kohl Stewart,"$402,641"
13754,2021-2022,Jesús Sánchez,"$401,830"
13755,2021-2022,Justin Steele,"$401,777"
13756,2021-2022,José Suarez,"$401,777"
13757,2021-2022,Daniel Tillo,"$401,777"
13758,2021-2022,Patrick Wisdom,"$401,777"
13759,2021-2022,Rafael Ortega,"$398,710"
13760,2021-2022,Alek Manoah,"$395,643"
13761,2021-2022,Keegan Thompson,"$395,643"
13762,2021-2022,Travis Shaw,"$395,185"
13763,2021-2022,Robel Garcia,"$393,246"
13764,2021-2022,Brad Wieck,"$392,576"
13765,2021-2022,Jose Rondon,"$389,509"
13766,2021-2022,Phillips Valdez,"$388,750"
13767,2021-2022,Riley Smith,"$388,244"
13768,2021-2022,Josh Fuentes,"$386,750"
13769,2021-2022,Nestor Cortes,"$386,442"
13770,2021-2022,Tucker Davidson,"$386,442"
13771,2021-2022,Chase De Jong,"$386,442"
13772,2021-2022,Vladimir Gutierrez,"$386,442"
13773,2021-2022,Ryan McKenna,"$386,442"
13774,2021-2022,Austin Wynns,"$383,375"
13775,2021-2022,Trent Thornton,"$382,560"
13776,2021-2022,Thomas Hatch,"$380,424"
13777,2021-2022,Sam Delaplane,"$380,308"
13778,2021-2022,Dominic Leone,"$380,308"
13779,2021-2022,Aramis Garcia,"$377,468"
13780,2021-2022,Andy Ibanez,"$374,199"
13781,2021-2022,Bailey Ober,"$371,107"
13782,2021-2022,Jordan Yamamoto,"$371,107"
13783,2021-2022,Jake Bauers,"$370,990"
13784,2021-2022,Grayson Greiner,"$369,930"
13785,2021-2022,Cam Hill,"$369,495"
13786,2021-2022,Bryan Garcia,"$368,900"
13787,2021-2022,Bobby Bradley,"$368,040"
13788,2021-2022,Zach Thompson,"$368,040"
13789,2021-2022,Alex Vesia,"$368,040"
13790,2021-2022,Art Warren,"$368,040"
13791,2021-2022,Bailey Falter,"$358,839"
13792,2021-2022,Sergio Alcantara,"$355,772"
13793,2021-2022,Connor Joe,"$355,772"
13794,2021-2022,Spencer Patton,"$355,772"
13795,2021-2022,Jake Woodford,"$354,426"
13796,2021-2022,Anthony Castro,"$352,705"
13797,2021-2022,Isan Diaz,"$352,705"
13798,2021-2022,Jake Marisnick,"$349,440"
13799,2021-2022,Tony Watson,"$349,440"
13800,2021-2022,Asdrubal Cabrera,"$348,133"
13801,2021-2022,Jaylin Davis,"$346,571"
13802,2021-2022,Kodi Whitley,"$346,571"
13803,2021-2022,Luke Williams,"$346,571"
13804,2021-2022,Phil Maton,"$340,730"
13805,2021-2022,Ryne Harper,"$340,437"
13806,2021-2022,Sam Hilliard,"$340,340"
13807,2021-2022,John Axford,"$338,709"
13808,2021-2022,Derek Hill,"$337,370"
13809,2021-2022,Luis Patino,"$334,303"
13810,2021-2022,Wade LeBlanc,"$331,236"
13811,2021-2022,Richie Martin,"$331,236"
13812,2021-2022,Trevor Megill,"$331,236"
13813,2021-2022,Eli Morgan,"$331,236"
13814,2021-2022,Ramon Laureano,"$330,820"
13815,2021-2022,Andres Gimenez,"$325,815"
13816,2021-2022,Michael Brosseau,"$324,656"
13817,2021-2022,Demarcus Evans,"$322,665"
13818,2021-2022,Cole Hamels,"$322,581"
13819,2021-2022,Jake Cousins,"$318,968"
13820,2021-2022,Junior Fernandez,"$318,968"
13821,2021-2022,Jarred Kelenic,"$318,968"
13822,2021-2022,Keston Hiura,"$317,443"
13823,2021-2022,Drew Rasmussen,"$317,343"
13824,2021-2022,Ronald Bolaños,"$315,901"
13825,2021-2022,Ryan Burr,"$315,901"
13826,2021-2022,Wander Franco,"$315,901"
13827,2021-2022,Mike Tauchman,"$315,464"
13828,2021-2022,Mauricio Dubon,"$313,400"
13829,2021-2022,Joe Barlow,"$312,834"
13830,2021-2022,J.B. Bukauskas,"$312,834"
13831,2021-2022,Kyle Keller,"$312,834"
13832,2021-2022,Trevor Larnach,"$312,834"
13833,2021-2022,Corey Oswalt,"$312,834"
13834,2021-2022,Kevin Ginkel,"$311,850"
13835,2021-2022,Wilson Ramos,"$311,808"
13836,2021-2022,Rob Brantly,"$309,767"
13837,2021-2022,Jesse Chavez,"$309,767"
13838,2021-2022,Tylor Megill,"$309,767"
13839,2021-2022,Danny Coulombe,"$306,700"
13840,2021-2022,Sean Doolittle,"$306,470"
13841,2021-2022,Taylor Jones,"$303,633"
13842,2021-2022,Matt Manning,"$303,633"
13843,2021-2022,Ben Rortvedt,"$303,633"
13844,2021-2022,Brett de Geus,"$303,633"
13845,2021-2022,Dylan File,"$300,566"
13846,2021-2022,Ryan Hendrix,"$300,566"
13847,2021-2022,Brent Rooker,"$300,566"
13848,2021-2022,Griffin Canning,"$298,450"
13849,2021-2022,Jarrod Dyson,"$298,405"
13850,2021-2022,Tim Locastro,"$297,698"
13851,2021-2022,Richard Lovelady,"$297,499"
13852,2021-2022,Oscar Mercado,"$297,499"
13853,2021-2022,Heath Hembree,"$295,680"
13854,2021-2022,Caleb Baragar,"$294,596"
13855,2021-2022,Ernie Clement,"$294,432"
13856,2021-2022,Miguel Díaz,"$294,432"
13857,2021-2022,Steven Okert,"$294,432"
13858,2021-2022,Daz Cameron,"$291,365"
13859,2021-2022,Daniel Castano,"$291,365"
13860,2021-2022,Jose Rojas,"$288,298"
13861,2021-2022,William Contreras,"$285,231"
13862,2021-2022,Yermin Mercedes,"$285,231"
13863,2021-2022,Tayler Saucedo,"$285,231"
13864,2021-2022,Andy Young,"$285,231"
13865,2021-2022,Dennis Santana,"$284,372"
13866,2021-2022,Alcides Escobar,"$282,164"
13867,2021-2022,Justin Garza,"$282,164"
13868,2021-2022,Justin Miller,"$282,164"
13869,2021-2022,Riley Adams,"$280,692"
13870,2021-2022,Griffin Jax,"$279,097"
13871,2021-2022,Pablo Reyes,"$279,097"
13872,2021-2022,Jason Martin,"$276,030"
13873,2021-2022,Owen Miller,"$276,030"
13874,2021-2022,Trevor Richards,"$274,824"
13875,2021-2022,Alex Lange,"$272,963"
13876,2021-2022,Jack Mayfield,"$272,963"
13877,2021-2022,Jean Carlos Mejia,"$272,963"
13878,2021-2022,Stefan Crichton,"$269,304"
13879,2021-2022,DJ Peters,"$268,917"
13880,2021-2022,Albert Abreu,"$266,829"
13881,2021-2022,Luis Rengifo,"$266,829"
13882,2021-2022,Tony Santillan,"$266,829"
13883,2021-2022,Zack Short,"$266,829"
13884,2021-2022,Tyler Zuber,"$266,829"
13885,2021-2022,Austin Brice,"$266,589"
13886,2021-2022,Luis Garcia,"$263,762"
13887,2021-2022,Lars Nootbaar,"$263,762"
13888,2021-2022,Yohan Ramirez,"$263,762"
13889,2021-2022,Jacob Webb,"$263,762"
13890,2021-2022,Taylor Ward,"$263,525"
13891,2021-2022,Andrés Machado,"$260,695"
13892,2021-2022,Nick Mears,"$260,695"
13893,2021-2022,Chris Rodriguez,"$260,695"
13894,2021-2022,Miguel Sanchez,"$260,695"
13895,2021-2022,Derek Fisher,"$259,790"
13896,2021-2022,Anthony Kay,"$259,335"
13897,2021-2022,Steven Fuentes,"$257,628"
13898,2021-2022,Nick Maton,"$257,628"
13899,2021-2022,Cal Raleigh,"$257,628"
13900,2021-2022,Taylor Trammell,"$257,628"
13901,2021-2022,Taylor Walls,"$257,628"
13902,2021-2022,Jaime Barria,"$257,175"
13903,2021-2022,Luis Garcia,"$256,284"
13904,2021-2022,Jordan Holloway,"$254,561"
13905,2021-2022,A.J. Puk,"$251,494"
13906,2021-2022,Ian Kennedy,"$246,839"
13907,2021-2022,Anthony Alford,"$244,062"
13908,2021-2022,Justin Williams,"$242,925"
13909,2021-2022,Logan Allen,"$242,767"
13910,2021-2022,Eduard Bazardo,"$242,293"
13911,2021-2022,Jimmie Sherfy,"$242,293"
13912,2021-2022,Clay Holmes,"$241,155"
13913,2021-2022,Cody Ponce,"$240,317"
13914,2021-2022,Skye Bolt,"$239,226"
13915,2021-2022,Spenser Watkins,"$239,226"
13916,2021-2022,Derek Law,"$236,159"
13917,2021-2022,Brandon Marsh,"$236,159"
13918,2021-2022,Robert Stock,"$236,159"
13919,2021-2022,Breyvic Valera,"$236,159"
13920,2021-2022,Cionel Perez,"$233,625"
13921,2021-2022,Anthony Bemboom,"$233,092"
13922,2021-2022,Max Schrock,"$233,092"
13923,2021-2022,Gavin Sheets,"$233,092"
13924,2021-2022,Eric Yardley,"$232,950"
13925,2021-2022,Thairo Estrada,"$230,025"
13926,2021-2022,DJ Johnson,"$230,025"
13927,2021-2022,Billy McKinney,"$229,992"
13928,2021-2022,Adam Haseley,"$227,030"
13929,2021-2022,Yennsy Diaz,"$226,958"
13930,2021-2022,Carter Kieboom,"$226,958"
13931,2021-2022,Sam Long,"$226,958"
13932,2021-2022,Jose Quijada,"$226,958"
13933,2021-2022,Emmanuel Rivera,"$226,958"
13934,2021-2022,Jefry Rodriguez,"$226,958"
13935,2021-2022,Andrew Wantz,"$223,891"
13936,2021-2022,Ian Krol,"$220,824"
13937,2021-2022,Domingo Tapia,"$220,824"
13938,2021-2022,Daniel Lynch,"$217,757"
13939,2021-2022,Nick Nelson,"$216,440"
13940,2021-2022,John Curtiss,"$214,890"
13941,2021-2022,Humberto Castellanos,"$214,690"
13942,2021-2022,Adam Frazier,"$214,690"
13943,2021-2022,J.D. Hammer,"$214,690"
13944,2021-2022,Patrick Mazeika,"$214,690"
13945,2021-2022,Seby Zavala,"$214,690"
13946,2021-2022,Timmy Lopes,"$213,693"
13947,2021-2022,Reymin Guduan,"$211,623"
13948,2021-2022,Camilo Doval,"$208,556"
13949,2021-2022,Tommy Nance,"$208,556"
13950,2021-2022,Abraham Toro,"$208,556"
13951,2021-2022,Myles Straw,"$206,310"
13952,2021-2022,Mike Freeman,"$205,489"
13953,2021-2022,Starling Marte,"$205,489"
13954,2021-2022,Austin Warren,"$205,489"
13955,2021-2022,Austin Davis,"$205,465"
13956,2021-2022,Codi Heuer,"$204,425"
13957,2021-2022,Jose Marmolejos,"$204,204"
13958,2021-2022,Nick Madrigal,"$204,100"
13959,2021-2022,Tyler Webb,"$204,032"
13960,2021-2022,Wes Benjamin,"$203,874"
13961,2021-2022,Leody Taveras,"$203,676"
13962,2021-2022,Diego Castillo,"$203,515"
13963,2021-2022,Alex Jackson,"$202,865"
13964,2021-2022,Johan Oviedo,"$202,422"
13965,2021-2022,Manuel Rodriguez,"$202,422"
13966,2021-2022,Frank Schwindel,"$202,422"
13967,2021-2022,Mason Thompson,"$201,366"
13968,2021-2022,Drew Anderson,"$199,355"
13969,2021-2022,Javier Báez,"$199,355"
13970,2021-2022,J.T. Chargois,"$199,355"
13971,2021-2022,Jharel Cotton,"$199,355"
13972,2021-2022,Bryan De La Cruz,"$199,355"
13973,2021-2022,Spencer Howard,"$199,355"
13974,2021-2022,Webster Rivas,"$199,355"
13975,2021-2022,Bryse Wilson,"$199,355"
13976,2021-2022,Sam Selman,"$197,442"
13977,2021-2022,Justin Lawrence,"$196,288"
13978,2021-2022,Chris Mazza,"$196,288"
13979,2021-2022,Jake Meyers,"$196,288"
13980,2021-2022,Michael Rucker,"$196,288"
13981,2021-2022,Nate Pearson,"$195,615"
13982,2021-2022,Josiah Gray,"$195,264"
13983,2021-2022,Jesús Luzardo,"$194,922"
13984,2021-2022,Tyler Ivey,"$193,221"
13985,2021-2022,Hoy Park,"$193,221"
13986,2021-2022,Cole Tucker,"$193,221"
13987,2021-2022,Tanner Houck,"$192,324"
13988,2021-2022,Tres Barrera,"$190,526"
13989,2021-2022,Jo Adell,"$190,154"
13990,2021-2022,Louis Head,"$190,154"
13991,2021-2022,Isaac Paredes,"$190,154"
13992,2021-2022,Edwin Uceta,"$190,154"
13993,2021-2022,Jarren Duran,"$187,087"
13994,2021-2022,Tyler Gilbert,"$187,087"
13995,2021-2022,Edward Olivares,"$187,087"
13996,2021-2022,Anthony Banda,"$184,020"
13997,2021-2022,Jay Jackson,"$184,020"
13998,2021-2022,Yacksel Ríos,"$184,020"
13999,2021-2022,Garrett Stubbs,"$184,020"
14000,2021-2022,Brian O'Grady,"$181,740"
14001,2021-2022,Dean Kremer,"$181,602"
14002,2021-2022,Jorge Mateo,"$181,366"
14003,2021-2022,Cristian Pache,"$177,897"
14004,2021-2022,Marcos Diplan,"$177,886"
14005,2021-2022,Sean Guenther,"$177,886"
14006,2021-2022,Yonny Hernandez,"$177,886"
14007,2021-2022,Wyatt Mills,"$177,886"
14008,2021-2022,Kean Wong,"$177,886"
14009,2021-2022,Reid Detmers,"$174,819"
14010,2021-2022,Thomas Eshelman,"$174,819"
14011,2021-2022,Sebastian Rivero,"$174,819"
14012,2021-2022,Jason Vosler,"$174,819"
14013,2021-2022,Justin Bruihl,"$171,752"
14014,2021-2022,Daniel Johnson,"$171,752"
14015,2021-2022,Alan Trejo,"$171,752"
14016,2021-2022,Jacob Barnes,"$169,344"
14017,2021-2022,Kelvin Gutierrez,"$168,685"
14018,2021-2022,Jordan Luplow,"$165,678"
14019,2021-2022,Gilberto Celestino,"$165,618"
14020,2021-2022,Jeff Mathis,"$164,509"
14021,2021-2022,Carson Fulmer,"$164,268"
14022,2021-2022,Jonathan Araúz,"$162,551"
14023,2021-2022,Nick Neidert,"$162,551"
14024,2021-2022,Sean Nolin,"$162,551"
14025,2021-2022,Nick Ramirez,"$162,551"
14026,2021-2022,Alex Wells,"$162,551"
14027,2021-2022,Ashton Goudeau,"$159,484"
14028,2021-2022,Lane Thomas,"$159,484"
14029,2021-2022,Michael Chavis,"$157,794"
14030,2021-2022,Rio Ruiz,"$156,850"
14031,2021-2022,Travis Bergen,"$156,417"
14032,2021-2022,Mitch White,"$156,417"
14033,2021-2022,Joel Payamps,"$155,900"
14034,2021-2022,Adam Conley,"$153,350"
14035,2021-2022,Ralph Garza,"$153,350"
14036,2021-2022,Lewis Thorpe,"$153,350"
14037,2021-2022,Fernando Abad,"$150,283"
14038,2021-2022,Charlie Barnes,"$150,283"
14039,2021-2022,Lewin Diaz,"$150,283"
14040,2021-2022,Stuart Fairchild,"$150,283"
14041,2021-2022,Luis Gonzalez,"$150,283"
14042,2021-2022,Dillon Peters,"$150,283"
14043,2021-2022,Seth Elledge,"$147,216"
14044,2021-2022,Jackson Kowar,"$147,216"
14045,2021-2022,Luke Raley,"$147,216"
14046,2021-2022,Michael Hermosillo,"$145,277"
14047,2021-2022,Todd Frazier,"$145,170"
14048,2021-2022,Paul Blackburn,"$144,149"
14049,2021-2022,Evan Phillips,"$144,149"
14050,2021-2022,Sean Poppen,"$144,149"
14051,2021-2022,Yoshitomo Tsutsugo,"$144,149"
14052,2021-2022,Adam Kolarek,"$144,090"
14053,2021-2022,Jon Jay,"$141,936"
14054,2021-2022,Luke Maile,"$141,920"
14055,2021-2022,Dustin Garneau,"$141,082"
14056,2021-2022,Nick Martini,"$141,082"
14057,2021-2022,Sheldon Neuse,"$141,082"
14058,2021-2022,Adrian Sampson,"$141,082"
14059,2021-2022,Adrián Sanchez,"$141,082"
14060,2021-2022,Mike Wright,"$141,082"
14061,2021-2022,Aaron Ashby,"$138,015"
14062,2021-2022,Daulton Jefferies,"$138,015"
14063,2021-2022,Rodolfo Castro,"$134,948"
14064,2021-2022,Chris Ellis,"$134,948"
14065,2021-2022,Nick Snyder,"$134,948"
14066,2021-2022,Donnie Walton,"$134,948"
14067,2021-2022,Matt Vierling,"$131,890"
14068,2021-2022,Kyle Isbel,"$131,881"
14069,2021-2022,Ryan LaMarre,"$131,881"
14070,2021-2022,Robert Dugger,"$128,814"
14071,2021-2022,Drew Ellis,"$128,814"
14072,2021-2022,Sam Moll,"$128,814"
14073,2021-2022,Kyle Nelson,"$128,814"
14074,2021-2022,Keibert Ruiz,"$128,142"
14075,2021-2022,Miguel Del Pozo,"$125,747"
14076,2021-2022,Conner Greene,"$125,747"
14077,2021-2022,Vimael Machin,"$125,747"
14078,2021-2022,Packy Naughton,"$125,747"
14079,2021-2022,Austin Dean,"$125,400"
14080,2021-2022,Patrick Murphy,"$123,640"
14081,2021-2022,Rafael Marchán,"$122,680"
14082,2021-2022,Brandon Waddell,"$122,680"
14083,2021-2022,Cody Stashak,"$120,783"
14084,2021-2022,Alex Young,"$119,954"
14085,2021-2022,Travis Blankenhorn,"$119,613"
14086,2021-2022,Edward Cabrera,"$119,613"
14087,2021-2022,Zac Lowther,"$116,546"
14088,2021-2022,Andrew Romine,"$116,546"
14089,2021-2022,Scott Schebler,"$116,136"
14090,2021-2022,Franchy Cordero,"$116,127"
14091,2021-2022,Jake Arrieta,"$113,479"
14092,2021-2022,Jake McCarthy,"$113,479"
14093,2021-2022,Yairo Munoz,"$113,479"
14094,2021-2022,Jake Reed,"$113,479"
14095,2021-2022,Kyle Tyler,"$113,479"
14096,2021-2022,Andrew Velazquez,"$113,479"
14097,2021-2022,Scott Effross,"$110,412"
14098,2021-2022,Jahmai Jones,"$110,412"
14099,2021-2022,Glenn Otto,"$110,412"
14100,2021-2022,Yohel Pozo,"$110,412"
14101,2021-2022,Alfonso Rivas,"$110,412"
14102,2021-2022,Ryan Sherriff,"$108,150"
14103,2021-2022,Trey Amburgey,"$107,345"
14104,2021-2022,Jose Barrero,"$107,345"
14105,2021-2022,Hoby Milner,"$107,345"
14106,2021-2022,A.J. Alexy,"$104,278"
14107,2021-2022,Nick Heath,"$104,278"
14108,2021-2022,Drew Hutchison,"$104,278"
14109,2021-2022,Alejo Lopez,"$104,278"
14110,2021-2022,Jose Marte,"$104,278"
14111,2021-2022,Kyle Muller,"$104,278"
14112,2021-2022,Paul Campbell,"$101,211"
14113,2021-2022,Jimmy Herget,"$101,211"
14114,2021-2022,Alberto Baldonado,"$98,144"
14115,2021-2022,Cam Bedrosian,"$98,144"
14116,2021-2022,Khris Davis,"$98,144"
14117,2021-2022,Delino DeShields,"$98,144"
14118,2021-2022,Dietrich Enns,"$98,144"
14119,2021-2022,Julian Fernández,"$98,144"
14120,2021-2022,Chris Gittens,"$98,144"
14121,2021-2022,Shelby Miller,"$98,144"
14122,2021-2022,Oliver Ortega,"$98,144"
14123,2021-2022,David Robertson,"$98,144"
14124,2021-2022,Joe Ryan,"$98,144"
14125,2021-2022,Domingo Acevedo,"$95,077"
14126,2021-2022,R.J. Alaniz,"$95,077"
14127,2021-2022,Jeremy Beasley,"$95,077"
14128,2021-2022,Jason Foley,"$95,077"
14129,2021-2022,Reiss Knehr,"$95,077"
14130,2021-2022,Jared Oliva,"$95,077"
14131,2021-2022,Ildemaro Vargas,"$95,077"
14132,2021-2022,Andrew Albers,"$92,736"
14133,2021-2022,Jesse Biddle,"$92,010"
14134,2021-2022,James Hoyt,"$92,010"
14135,2021-2022,Josh Rogers,"$92,010"
14136,2021-2022,Cristopher Sanchez,"$92,010"
14137,2021-2022,Jose Siri,"$92,010"
14138,2021-2022,Luis Campusano,"$89,030"
14139,2021-2022,Ryan Feltner,"$88,949"
14140,2021-2022,Kyle Barraclough,"$88,943"
14141,2021-2022,Jose Godoy,"$88,943"
14142,2021-2022,Mickey Moniak,"$88,943"
14143,2021-2022,Marwin Gonzalez,"$85,876"
14144,2021-2022,Henry Ramos,"$85,876"
14145,2021-2022,Jose Iglesias,"$82,809"
14146,2021-2022,Janson Junk,"$82,809"
14147,2021-2022,Mauricio Llovera,"$82,809"
14148,2021-2022,Jake Newberry,"$82,809"
14149,2021-2022,Darien Nunez,"$82,809"
14150,2021-2022,Antonio Santos,"$82,809"
14151,2021-2022,Nick Tropeano,"$82,796"
14152,2021-2022,Scott Kazmir,"$80,650"
14153,2021-2022,Kevin Smith,"$80,366"
14154,2021-2022,Eddy Alvarez,"$79,742"
14155,2021-2022,Gabe Klobosits,"$79,742"
14156,2021-2022,Connor Wong,"$79,742"
14157,2021-2022,John Hicks,"$76,675"
14158,2021-2022,Colton Welker,"$76,675"
14159,2021-2022,Brock Burke,"$73,872"
14160,2021-2022,Jake Burger,"$73,608"
14161,2021-2022,Ramon Rosso,"$73,608"
14162,2021-2022,Kirby Snead,"$73,608"
14163,2021-2022,Nick Vincent,"$73,608"
14164,2021-2022,Konner Wade,"$73,608"
14165,2021-2022,Seth Beer,"$70,541"
14166,2021-2022,Luis Madero,"$70,541"
14167,2021-2022,Deven Marrero,"$70,541"
14168,2021-2022,Adonis Medina,"$70,541"
14169,2021-2022,Elvis Peguero,"$70,541"
14170,2021-2022,Ben Rowen,"$70,541"
14171,2021-2022,Curtis Terry,"$70,541"
14172,2021-2022,Austin Pruitt,"$69,720"
14173,2021-2022,Will Craig,"$67,474"
14174,2021-2022,Johneshwy Fargas,"$67,474"
14175,2021-2022,Braxton Garrett,"$67,474"
14176,2021-2022,Jake Hager,"$67,474"
14177,2021-2022,Conner Menez,"$67,474"
14178,2021-2022,Jovani Morán,"$67,474"
14179,2021-2022,Connor Overton,"$67,474"
14180,2021-2022,Joshua Palacios,"$67,474"
14181,2021-2022,Ali Sanchez,"$67,474"
14182,2021-2022,Peter Solomon,"$67,474"
14183,2021-2022,Alec Bettinger,"$64,407"
14184,2021-2022,Romy Gonzalez,"$64,407"
14185,2021-2022,Eric Hanhold,"$64,407"
14186,2021-2022,Max Kranick,"$64,407"
14187,2021-2022,Corbin Martin,"$64,407"
14188,2021-2022,Greg Allen,"$61,340"
14189,2021-2022,Enyel De Los Santos,"$61,340"
14190,2021-2022,Jhonathan Diaz,"$61,340"
14191,2021-2022,Humberto Mejía,"$61,340"
14192,2021-2022,J.T. Riddle,"$60,480"
14193,2021-2022,Ryan McBroom,"$59,641"
14194,2021-2022,Miguel Aguilar,"$58,273"
14195,2021-2022,Ross Detwiler,"$58,273"
14196,2021-2022,Dusten Knight,"$58,273"
14197,2021-2022,Ryan Lavarnway,"$58,273"
14198,2021-2022,Stephen Nogosek,"$58,273"
14199,2021-2022,Zac Rosscup,"$58,273"
14200,2021-2022,Patrick Weigel,"$58,273"
14201,2021-2022,Jacob Wilson,"$58,273"
14202,2021-2022,Austin Allen,"$55,206"
14203,2021-2022,Daniel Camarena,"$55,206"
14204,2021-2022,Greg Deichmann,"$55,206"
14205,2021-2022,Damon Jones,"$55,206"
14206,2021-2022,Khalil Lee,"$55,206"
14207,2021-2022,Gabe Speier,"$55,206"
14208,2021-2022,Edgar Garcia,"$54,842"
14209,2021-2022,Jonathan Davis,"$52,989"
14210,2021-2022,Mike Baumann,"$52,139"
14211,2021-2022,Beau Burrows,"$52,139"
14212,2021-2022,Estevan Florial,"$52,139"
14213,2021-2022,Luis Marté,"$52,139"
14214,2021-2022,Isaac Mattson,"$52,139"
14215,2021-2022,James Norwood,"$52,139"
14216,2021-2022,Chance Sisco,"$49,936"
14217,2021-2022,Taylor Williams,"$49,680"
14218,2021-2022,Ryan Vilade,"$49,075"
14219,2021-2022,Nick Fortes,"$49,072"
14220,2021-2022,Jon Heasley,"$49,072"
14221,2021-2022,Payton Henry,"$49,072"
14222,2021-2022,Brody Koerner,"$49,072"
14223,2021-2022,Jack López,"$49,072"
14224,2021-2022,Francisco Perez,"$49,072"
14225,2021-2022,Vince Velasquez,"$49,072"
14226,2021-2022,Luis Barrera,"$46,005"
14227,2021-2022,Drew Carlton,"$46,005"
14228,2021-2022,Luis Frias,"$46,005"
14229,2021-2022,T.J. Friedl,"$46,005"
14230,2021-2022,Monte Harrison,"$46,005"
14231,2021-2022,Brooks Kriske,"$46,005"
14232,2021-2022,Vidal Brujan,"$42,938"
14233,2021-2022,Luis Gil,"$42,938"
14234,2021-2022,Stephen Gonsalves,"$42,938"
14235,2021-2022,Alex McRae,"$42,938"
14236,2021-2022,Geraldo Perdomo,"$42,938"
14237,2021-2022,Zach Reks,"$42,938"
14238,2021-2022,Stephen Ridings,"$42,938"
14239,2021-2022,Wilfredo Tovar,"$42,938"
14240,2021-2022,Cory Abbott,"$39,871"
14241,2021-2022,Shane Baz,"$39,871"
14242,2021-2022,Dylan Coleman,"$39,871"
14243,2021-2022,Anthony Gose,"$39,871"
14244,2021-2022,Jose Mujica,"$39,871"
14245,2021-2022,Brad Peacock,"$39,871"
14246,2021-2022,Luis Romero,"$39,871"
14247,2021-2022,Brandyn Sittinger,"$39,871"
14248,2021-2022,Tyler Chatwood,"$36,804"
14249,2021-2022,Scott Hurst,"$36,804"
14250,2021-2022,Cameron Maybin,"$36,804"
14251,2021-2022,Scott Blewett,"$33,737"
14252,2021-2022,Jorge Bonifacio,"$33,737"
14253,2021-2022,Neftali Feliz,"$33,737"
14254,2021-2022,Ian Gibaut,"$33,737"
14255,2021-2022,Sean Kazmar Jr.,"$33,737"
14256,2021-2022,Dauri Moreta,"$33,737"
14257,2021-2022,A.J. Ramos,"$30,672"
14258,2021-2022,Eric Campbell,"$30,670"
14259,2021-2022,Aaron Fletcher,"$30,670"
14260,2021-2022,Joey Krehbiel,"$30,670"
14261,2021-2022,Tyler Nevin,"$30,670"
14262,2021-2022,Jhon Romero,"$30,670"
14263,2021-2022,Angel Rondon,"$30,670"
14264,2021-2022,Miguel Yajure,"$30,670"
14265,2021-2022,Shaun Anderson,"$27,603"
14266,2021-2022,Zack Burdi,"$27,603"
14267,2021-2022,Nick Ciuffo,"$27,603"
14268,2021-2022,Blaine Hardy,"$27,603"
14269,2021-2022,Shawn Morimando,"$27,603"
14270,2021-2022,Joe Odom,"$27,603"
14271,2021-2022,Daniel Zamora,"$27,603"
14272,2021-2022,John Andreoli,"$24,536"
14273,2021-2022,Bryan Baker,"$24,536"
14274,2021-2022,Hans Crouse,"$24,536"
14275,2021-2022,Taylor Davis,"$24,536"
14276,2021-2022,Kyle Dohy,"$24,536"
14277,2021-2022,Ryan Dorow,"$24,536"
14278,2021-2022,Jay Flaa,"$24,536"
14279,2021-2022,Kevin Padlo,"$24,536"
14280,2021-2022,Anderson Tejeda,"$24,536"
14281,2021-2022,Matt Thaiss,"$24,536"
14282,2021-2022,Colten Brewer,"$21,469"
14283,2021-2022,Preston Guilmet,"$21,469"
14284,2021-2022,Jimmy Lambert,"$21,469"
14285,2021-2022,Hunter Owen,"$21,469"
14286,2021-2022,Andrew Vasquez,"$21,469"
14287,2021-2022,Jordan Weems,"$21,469"
14288,2021-2022,Jason Adam,"$19,110"
14289,2021-2022,Andrew Bellatti,"$18,402"
14290,2021-2022,Ronnie Dawson,"$18,402"
14291,2021-2022,Alex De Goti,"$18,402"
14292,2021-2022,Taylor Gushue,"$18,402"
14293,2021-2022,Tzu-Wei Lin,"$18,402"
14294,2021-2022,Seth Martinez,"$18,402"
14295,2021-2022,Darren McCaughan,"$18,402"
14296,2021-2022,Brian Miller,"$18,402"
14297,2021-2022,Bryan Mitchell,"$18,402"
14298,2021-2022,Jakson Reetz,"$18,402"
14299,2021-2022,Jacob Robson,"$18,402"
14300,2021-2022,Reiver Sanmartin,"$18,402"
14301,2021-2022,Gregory Santos,"$18,402"
14302,2021-2022,John Schreiber,"$18,402"
14303,2021-2022,Steven Souza,"$18,402"
14304,2021-2022,Dillon Thomas,"$18,402"
14305,2021-2022,Manny Barreda,"$15,335"
14306,2021-2022,Patrick Kivlehan,"$15,335"
14307,2021-2022,Jacob Latz,"$15,335"
14308,2021-2022,Dylan Lee,"$15,335"
14309,2021-2022,Otto Lopez,"$15,335"
14310,2021-2022,Kevin Quackenbush,"$15,335"
14311,2021-2022,Shea Spitzbarth,"$15,335"
14312,2021-2022,Thomas Szapucki,"$15,335"
14313,2021-2022,Colin Rea,"$15,108"
14314,2021-2022,Brent Honeywell,"$12,364"
14315,2021-2022,Nick Allgeyer,"$12,268"
14316,2021-2022,Joey Bart,"$12,268"
14317,2021-2022,Trent Giambrone,"$12,268"
14318,2021-2022,Andre Jackson,"$12,268"
14319,2021-2022,Kaleb Ort,"$12,268"
14320,2021-2022,Norel González,"$10,000"
14321,2021-2022,Tanner Anderson,"$9,201"
14322,2021-2022,Erick Castillo,"$9,201"
14323,2021-2022,Ivan Castillo,"$9,201"
14324,2021-2022,Cooper Criswell,"$9,201"
14325,2021-2022,David Hess,"$9,201"
14326,2021-2022,Mickey Jannis,"$9,201"
14327,2021-2022,Josh Lowe,"$9,201"
14328,2021-2022,Taylor Motter,"$9,201"
14329,2021-2022,Corey Ray,"$9,201"
14330,2021-2022,Cody Wilson,"$9,201"
14331,2021-2022,Kyle Wright,"$9,201"
14332,2021-2022,Angel Zerpa,"$9,201"
14333,2021-2022,Jerad Eickhoff,"$6,720"
14334,2021-2022,Victor Arano,"$6,134"
14335,2021-2022,Joseph Biagini,"$6,134"
14336,2021-2022,Corey Bird,"$6,134"
14337,2021-2022,Oneil Cruz,"$6,134"
14338,2021-2022,Jasseel De La Cruz,"$6,134"
14339,2021-2022,Lucius Fox,"$6,134"
14340,2021-2022,Deivi Garcia,"$6,134"
14341,2021-2022,Gianpaul Gonzalez,"$6,134"
14342,2021-2022,Mark Kolozsvary,"$6,134"
14343,2021-2022,Pete Kozma,"$6,134"
14344,2021-2022,Tyler Ladendorf,"$6,134"
14345,2021-2022,Drew Maggi,"$6,134"
14346,2021-2022,Riley O'Brien,"$6,134"
14347,2021-2022,David Paulino,"$6,134"
14348,2021-2022,Yefry Ramírez,"$6,134"
14349,2021-2022,Jonathan Stiever,"$6,134"
14350,2021-2022,Spencer Strider,"$6,134"
14351,2021-2022,Tomás Telis,"$6,134"
14352,2021-2022,Jimmy Yacabonis,"$6,134"
14353,2021-2022,Trevor Gott,"$3,763"
14354,2021-2022,Joan Adon,"$3,067"
14355,2021-2022,Humberto Arteaga,"$3,067"
14356,2021-2022,Pedro Avila,"$3,067"
14357,2021-2022,Akeem Bostick,"$3,067"
14358,2021-2022,Ben Braymer,"$3,067"
14359,2021-2022,Ryan Castellani,"$3,067"
14360,2021-2022,Roansy Contreras,"$3,067"
14361,2021-2022,Kutter Crawford,"$3,067"
14362,2021-2022,Raynel Espinal,"$3,067"
14363,2021-2022,Mario Feliciano,"$3,067"
14364,2021-2022,Mike Kickham,"$3,067"
14365,2021-2022,Ryan Meisinger,"$3,067"
14366,2021-2022,Tyler Payne,"$3,067"
14367,2021-2022,Connor Seabold,"$3,067"
14368,2021-2022,Jesus Tinoco,"$3,067"
14369,2022-2023,Francisco Lindor,"$48,000,000"
14370,2022-2023,Max Scherzer,"$43,333,333"
14371,2022-2023,Corey Seager,"$37,500,000"
14372,2022-2023,Gerrit Cole,"$36,000,000"
14373,2022-2023,Anthony Rendon,"$36,000,000"
14374,2022-2023,Mike Trout,"$35,550,000"
14375,2022-2023,Carlos Correa,"$35,100,000"
14376,2022-2023,Miguel Cabrera,"$32,000,000"
14377,2022-2023,Manny Machado,"$30,000,000"
14378,2022-2023,George Springer,"$28,000,000"
14379,2022-2023,Paul Goldschmidt,"$26,300,000"
14380,2022-2023,Bryce Harper,"$26,100,000"
14381,2022-2023,Jose Altuve,"$26,000,000"
14382,2022-2023,Zack Wheeler,"$26,000,000"
14383,2022-2023,Marcus Semien,"$25,000,000"
14384,2022-2023,Marcus Stroman,"$25,000,000"
14385,2022-2023,Justin Verlander,"$25,000,000"
14386,2022-2023,Joey Votto,"$25,000,000"
14387,2022-2023,Kris Bryant,"$24,000,000"
14388,2022-2023,J.T. Realmuto,"$23,875,000"
14389,2022-2023,Nolan Arenado,"$23,579,500"
14390,2022-2023,Stephen Strasburg,"$23,571,428"
14391,2022-2023,Patrick Corbin,"$23,000,000"
14392,2022-2023,Josh Donaldson,"$23,000,000"
14393,2022-2023,José Ramírez,"$22,225,000"
14394,2022-2023,Jason Heyward,"$22,000,000"
14395,2022-2023,Christian Yelich,"$22,000,000"
14396,2022-2023,Carlos Rodon,"$21,500,000"
14397,2022-2023,Charlie Blackmon,"$21,000,000"
14398,2022-2023,Kevin Gausman,"$21,000,000"
14399,2022-2023,Robbie Ray,"$21,000,000"
14400,2022-2023,Trea Turner,"$21,000,000"
14401,2022-2023,Xander Bogaerts,"$20,000,000"
14402,2022-2023,Javier Báez,"$20,000,000"
14403,2022-2023,Nick Castellanos,"$20,000,000"
14404,2022-2023,Yu Darvish,"$20,000,000"
14405,2022-2023,Freddie Freeman,"$20,000,000"
14406,2022-2023,Clayton Kershaw,"$20,000,000"
14407,2022-2023,Charlie Morton,"$20,000,000"
14408,2022-2023,Wil Myers,"$20,000,000"
14409,2022-2023,Hyun-Jin Ryu,"$20,000,000"
14410,2022-2023,Chris Sale,"$20,000,000"
14411,2022-2023,Trevor Story,"$20,000,000"
14412,2022-2023,J.D. Martinez,"$19,350,000"
14413,2022-2023,Aaron Judge,"$19,000,000"
14414,2022-2023,Kyle Schwarber,"$19,000,000"
14415,2022-2023,Giancarlo Stanton,"$19,000,000"
14416,2022-2023,Lance Lynn,"$18,500,000"
14417,2022-2023,Jacob deGrom,"$18,500,000"
14418,2022-2023,Brandon Belt,"$18,400,000"
14419,2022-2023,Yasmani Grandal,"$18,250,000"
14420,2022-2023,Madison Bumgarner,"$18,000,000"
14421,2022-2023,Aroldis Chapman,"$18,000,000"
14422,2022-2023,Salvador Perez,"$18,000,000"
14423,2022-2023,Adam Wainwright,"$17,500,000"
14424,2022-2023,Cody Bellinger,"$17,000,000"
14425,2022-2023,Nathan Eovaldi,"$17,000,000"
14426,2022-2023,Starling Marte,"$17,000,000"
14427,2022-2023,Michael Brantley,"$16,000,000"
14428,2022-2023,Brandon Crawford,"$16,000,000"
14429,2022-2023,Kenley Jansen,"$16,000,000"
14430,2022-2023,Yusei Kikuchi,"$16,000,000"
14431,2022-2023,Craig Kimbrel,"$16,000,000"
14432,2022-2023,Mike Moustakas,"$16,000,000"
14433,2022-2023,Marcell Ozuna,"$16,000,000"
14434,2022-2023,David Price,"$16,000,000"
14435,2022-2023,Anthony Rizzo,"$16,000,000"
14436,2022-2023,Justin Turner,"$16,000,000"
14437,2022-2023,Miles Mikolas,"$15,750,000"
14438,2022-2023,Lance McCullers,"$15,250,000"
14439,2022-2023,Ronald Acuña Jr.,"$15,000,000"
14440,2022-2023,José Berríos,"$15,000,000"
14441,2022-2023,Jon Gray,"$15,000,000"
14442,2022-2023,D.J. LeMahieu,"$15,000,000"
14443,2022-2023,Aaron Nola,"$15,000,000"
14444,2022-2023,Matt Olson,"$15,000,000"
14445,2022-2023,Chris Taylor,"$15,000,000"
14446,2022-2023,Mookie Betts,"$14,500,000"
14447,2022-2023,Evan Longoria,"$14,500,000"
14448,2022-2023,Jean Segura,"$14,250,000"
14449,2022-2023,Jose Abreu,"$14,000,000"
14450,2022-2023,Zack Britton,"$14,000,000"
14451,2022-2023,Mark Canha,"$14,000,000"
14452,2022-2023,Kyle Hendricks,"$14,000,000"
14453,2022-2023,Yoan Moncada,"$14,000,000"
14454,2022-2023,Eduardo Rodriguez,"$14,000,000"
14455,2022-2023,Alex Wood,"$13,500,000"
14456,2022-2023,Matt Chapman,"$13,000,000"
14457,2022-2023,Zack Greinke,"$13,000,000"
14458,2022-2023,Liam Hendriks,"$13,000,000"
14459,2022-2023,Corey Kluber,"$13,000,000"
14460,2022-2023,Blake Snell,"$12,500,000"
14461,2022-2023,Carlos Carrasco,"$12,000,000"
14462,2022-2023,Nelson Cruz,"$12,000,000"
14463,2022-2023,Anthony DeSclafani,"$12,000,000"
14464,2022-2023,Avisaíl García,"$12,000,000"
14465,2022-2023,Kevin Kiermaier,"$12,000,000"
14466,2022-2023,Jorge Soler,"$12,000,000"
14467,2022-2023,Seiya Suzuki,"$12,000,000"
14468,2022-2023,Sonny Gray,"$11,700,000"
14469,2022-2023,Max Muncy,"$11,500,000"
14470,2022-2023,A.J. Pollock,"$11,500,000"
14471,2022-2023,Rafael Devers,"$11,200,000"
14472,2022-2023,Alex Bregman,"$11,000,000"
14473,2022-2023,Germán Márquez,"$11,000,000"
14474,2022-2023,Luis Severino,"$11,000,000"
14475,2022-2023,Eugenio Suarez,"$11,000,000"
14476,2022-2023,Teoscar Hernandez,"$10,650,000"
14477,2022-2023,Aaron Hicks,"$10,500,000"
14478,2022-2023,Edwin Diaz,"$10,200,000"
14479,2022-2023,Byron Buxton,"$10,000,000"
14480,2022-2023,J.P. Crawford,"$10,000,000"
14481,2022-2023,Eduardo Escobar,"$10,000,000"
14482,2022-2023,Ke'Bryan Hayes,"$10,000,000"
14483,2022-2023,Corey Knebel,"$10,000,000"
14484,2022-2023,Steven Matz,"$10,000,000"
14485,2022-2023,Wade Miley,"$10,000,000"
14486,2022-2023,Mike Minor,"$10,000,000"
14487,2022-2023,Yadier Molina,"$10,000,000"
14488,2022-2023,Drew Pomeranz,"$10,000,000"
14489,2022-2023,Ryan Pressly,"$10,000,000"
14490,2022-2023,Dansby Swanson,"$10,000,000"
14491,2022-2023,Sean Manaea,"$9,750,000"
14492,2022-2023,Willson Contreras,"$9,625,000"
14493,2022-2023,Tim Anderson,"$9,448,925"
14494,2022-2023,Adam Duvall,"$9,275,000"
14495,2022-2023,Miguel Sano,"$9,250,000"
14496,2022-2023,Matt Barnes,"$9,000,000"
14497,2022-2023,Alex Cobb,"$9,000,000"
14498,2022-2023,Eddie Rosario,"$9,000,000"
14499,2022-2023,Gary Sánchez,"$9,000,000"
14500,2022-2023,Blake Treinen,"$9,000,000"
14501,2022-2023,Chris Bassitt,"$8,650,000"
14502,2022-2023,Joe Musgrove,"$8,625,000"
14503,2022-2023,Tyler Anderson,"$8,500,000"
14504,2022-2023,Andrew Heaney,"$8,500,000"
14505,2022-2023,Andrew McCutchen,"$8,500,000"
14506,2022-2023,Nick Ahmed,"$8,250,000"
14507,2022-2023,Adam Frazier,"$8,000,000"
14508,2022-2023,Kyle Gibson,"$8,000,000"
14509,2022-2023,Kendall Graveman,"$8,000,000"
14510,2022-2023,Yulieski Gurriel,"$8,000,000"
14511,2022-2023,Will Harris,"$8,000,000"
14512,2022-2023,Ketel Marte,"$8,000,000"
14513,2022-2023,James McCann,"$8,000,000"
14514,2022-2023,Hector Neris,"$8,000,000"
14515,2022-2023,Jurickson Profar,"$8,000,000"
14516,2022-2023,Julio Urias,"$8,000,000"
14517,2022-2023,Kolten Wong,"$8,000,000"
14518,2022-2023,Travis d'Arnaud,"$8,000,000"
14519,2022-2023,Vladimir Guerrero Jr.,"$7,900,000"
14520,2022-2023,Tucker Barnhart,"$7,750,000"
14521,2022-2023,Mitch Haniger,"$7,750,000"
14522,2022-2023,Trevor May,"$7,750,000"
14523,2022-2023,Rhys Hoskins,"$7,700,000"
14524,2022-2023,Hunter Renfroe,"$7,650,000"
14525,2022-2023,Aaron Loup,"$7,500,000"
14526,2022-2023,Jonathan Schoop,"$7,500,000"
14527,2022-2023,Lucas Giolito,"$7,450,000"
14528,2022-2023,Pete Alonso,"$7,400,000"
14529,2022-2023,Noah Syndergaard,"$7,384,640"
14530,2022-2023,C.J. Cron,"$7,250,000"
14531,2022-2023,Antonio Senzatela,"$7,250,000"
14532,2022-2023,Mike Clevinger,"$7,000,000"
14533,2022-2023,Kyle Freeland,"$7,000,000"
14534,2022-2023,Enrique Hernandez,"$7,000,000"
14535,2022-2023,Joe Kelly,"$7,000,000"
14536,2022-2023,Ha-seong Kim,"$7,000,000"
14537,2022-2023,Mark Melancon,"$7,000,000"
14538,2022-2023,Brandon Nimmo,"$7,000,000"
14539,2022-2023,Scott Oberg,"$7,000,000"
14540,2022-2023,Ryan Tepera,"$7,000,000"
14541,2022-2023,Michael Wacha,"$7,000,000"
14542,2022-2023,Taijuan Walker,"$7,000,000"
14543,2022-2023,Mike Zunino,"$7,000,000"
14544,2022-2023,Max Fried,"$6,850,000"
14545,2022-2023,Ian Happ,"$6,850,000"
14546,2022-2023,Brandon Woodruff,"$6,800,000"
14547,2022-2023,Max Kepler,"$6,750,000"
14548,2022-2023,Michael Lorenzen,"$6,750,000"
14549,2022-2023,Bryan Reynolds,"$6,750,000"
14550,2022-2023,Giovanny Urshela,"$6,550,000"
14551,2022-2023,Corbin Burnes,"$6,500,000"
14552,2022-2023,Andrew Chafin,"$6,500,000"
14553,2022-2023,Eloy Jimenez,"$6,500,000"
14554,2022-2023,Luis Robert Jr.,"$6,272,563"
14555,2022-2023,Walker Buehler,"$6,250,000"
14556,2022-2023,Merrill Kelly,"$6,250,000"
14557,2022-2023,Gleyber Torres,"$6,250,000"
14558,2022-2023,Jesse Winker,"$6,250,000"
14559,2022-2023,Juan Soto,"$6,013,184"
14560,2022-2023,Shane Bieber,"$6,000,000"
14561,2022-2023,Paul DeJong,"$6,000,000"
14562,2022-2023,Wander Franco,"$6,000,000"
14563,2022-2023,Yimi Garcia,"$6,000,000"
14564,2022-2023,Yan Gomes,"$6,000,000"
14565,2022-2023,Brad Hand,"$6,000,000"
14566,2022-2023,Daniel Hudson,"$6,000,000"
14567,2022-2023,Scott Kingery,"$6,000,000"
14568,2022-2023,Jordan Lyles,"$6,000,000"
14569,2022-2023,Nick Martinez,"$6,000,000"
14570,2022-2023,Brad Miller,"$6,000,000"
14571,2022-2023,James Paxton,"$6,000,000"
14572,2022-2023,Joc Pederson,"$6,000,000"
14573,2022-2023,Robert Suarez,"$6,000,000"
14574,2022-2023,Jeimer Candelario,"$5,800,000"
14575,2022-2023,Jameson Taillon,"$5,800,000"
14576,2022-2023,Manuel Margot,"$5,600,000"
14577,2022-2023,Zach Eflin,"$5,550,000"
14578,2022-2023,Leury García,"$5,500,000"
14579,2022-2023,Marco Gonzales,"$5,500,000"
14580,2022-2023,Rich Hill,"$5,500,000"
14581,2022-2023,Shohei Ohtani,"$5,500,000"
14582,2022-2023,Jorge Polanco,"$5,500,000"
14583,2022-2023,Miguel Rojas,"$5,500,000"
14584,2022-2023,Miguel Rojas,"$5,500,000"
14585,2022-2023,Tommy La Stella,"$5,250,000"
14586,2022-2023,Kole Calhoun,"$5,200,000"
14587,2022-2023,Tyler Glasnow,"$5,100,000"
14588,2022-2023,Ozzie Albies,"$5,000,000"
14589,2022-2023,Sandy Alcantara,"$5,000,000"
14590,2022-2023,Corey Dickerson,"$5,000,000"
14591,2022-2023,Jack Flaherty,"$5,000,000"
14592,2022-2023,Jose Iglesias,"$5,000,000"
14593,2022-2023,Martin Maldonado,"$5,000,000"
14594,2022-2023,Ryan McMahon,"$5,000,000"
14595,2022-2023,Omar Narváez,"$5,000,000"
14596,2022-2023,Adam Ottavino,"$5,000,000"
14597,2022-2023,Roberto Pérez,"$5,000,000"
14598,2022-2023,Amed Rosario,"$4,950,000"
14599,2022-2023,Brad Keller,"$4,825,000"
14600,2022-2023,Jose Leclerc,"$4,750,000"
14601,2022-2023,Isiah Kiner-Falefa,"$4,700,000"
14602,2022-2023,Michael A. Taylor,"$4,650,000"
14603,2022-2023,Will Smith,"$4,642,857"
14604,2022-2023,Willy Adames,"$4,600,000"
14605,2022-2023,Joey Wendle,"$4,550,000"
14606,2022-2023,Hunter Dozier,"$4,500,000"
14607,2022-2023,Lourdes Gurriel Jr.,"$4,500,000"
14608,2022-2023,César Hernández,"$4,500,000"
14609,2022-2023,Ian Kennedy,"$4,500,000"
14610,2022-2023,Donovan Solano,"$4,500,000"
14611,2022-2023,Brian Anderson,"$4,475,000"
14612,2022-2023,Aledmys Diaz,"$4,450,000"
14613,2022-2023,Daniel Bard,"$4,400,000"
14614,2022-2023,Brooks Raley,"$4,250,000"
14615,2022-2023,Drew Smyly,"$4,250,000"
14616,2022-2023,Alex Colomé,"$4,100,000"
14617,2022-2023,Dylan Bundy,"$4,000,000"
14618,2022-2023,David Fletcher,"$4,000,000"
14619,2022-2023,Chad Green,"$4,000,000"
14620,2022-2023,Josh Harrison,"$4,000,000"
14621,2022-2023,Austin Hedges,"$4,000,000"
14622,2022-2023,Brandon Lowe,"$4,000,000"
14623,2022-2023,Collin McHugh,"$4,000,000"
14624,2022-2023,Austin Meadows,"$4,000,000"
14625,2022-2023,Martín Pérez,"$4,000,000"
14626,2022-2023,Craig Stammen,"$4,000,000"
14627,2022-2023,Josh Hader,"$3,989,011"
14628,2022-2023,Randal Grichuk,"$3,950,000"
14629,2022-2023,Austin Riley,"$3,950,000"
14630,2022-2023,Dominic Smith,"$3,950,000"
14631,2022-2023,Raimel Tapia,"$3,950,000"
14632,2022-2023,Seth Lugo,"$3,925,000"
14633,2022-2023,Trevor Williams,"$3,900,000"
14634,2022-2023,Trevor Bauer,"$3,868,131"
14635,2022-2023,Ryan Yarbrough,"$3,850,000"
14636,2022-2023,Ross Stripling,"$3,790,000"
14637,2022-2023,Archie Bradley,"$3,750,000"
14638,2022-2023,Jason Castro,"$3,750,000"
14639,2022-2023,Mike Yastrzemski,"$3,700,000"
14640,2022-2023,Joey Gallo,"$3,613,184"
14641,2022-2023,Kohei Arihara,"$3,600,000"
14642,2022-2023,Luke Jackson,"$3,600,000"
14643,2022-2023,Alex Verdugo,"$3,550,000"
14644,2022-2023,Josh Bell,"$3,516,480"
14645,2022-2023,Raisel Iglesias,"$3,516,480"
14646,2022-2023,Emmanuel Clase,"$3,500,000"
14647,2022-2023,Wilmer Flores,"$3,500,000"
14648,2022-2023,David Phelps,"$3,500,000"
14649,2022-2023,Fernando Tatis Jr.,"$3,489,011"
14650,2022-2023,Tommy Kahnle,"$3,450,000"
14651,2022-2023,Tyler O'Neill,"$3,400,000"
14652,2022-2023,Mitch Garver,"$3,335,000"
14653,2022-2023,Carson Kelly,"$3,325,000"
14654,2022-2023,Jake Odorizzi,"$3,313,187"
14655,2022-2023,Myles Straw,"$3,250,000"
14656,2022-2023,Andrew Benintendi,"$3,222,507"
14657,2022-2023,Johnny Cueto,"$3,206,451"
14658,2022-2023,Ji-Man Choi,"$3,200,000"
14659,2022-2023,Kyle Farmer,"$3,155,000"
14660,2022-2023,Anthony Santander,"$3,150,000"
14661,2022-2023,Drew Steckenrider,"$3,100,000"
14662,2022-2023,David Peralta,"$3,095,055"
14663,2022-2023,Josh Lindblom,"$3,041,668"
14664,2022-2023,Carlos Estevez,"$3,025,000"
14665,2022-2023,Elias Diaz,"$3,000,000"
14666,2022-2023,Danny Duffy,"$3,000,000"
14667,2022-2023,Dylan Floro,"$3,000,000"
14668,2022-2023,Luis Garcia,"$3,000,000"
14669,2022-2023,Pierce Johnson,"$3,000,000"
14670,2022-2023,Chad Kuhl,"$3,000,000"
14671,2022-2023,Kenta Maeda,"$3,000,000"
14672,2022-2023,Jeff McNeil,"$3,000,000"
14673,2022-2023,Adalberto Mondesi,"$3,000,000"
14674,2022-2023,Bryan Shaw,"$3,000,000"
14675,2022-2023,Max Stassi,"$3,000,000"
14676,2022-2023,Matt Strahm,"$3,000,000"
14677,2022-2023,Framber Valdez,"$3,000,000"
14678,2022-2023,Vince Velasquez,"$3,000,000"
14679,2022-2023,John Means,"$2,950,000"
14680,2022-2023,Giovanny Gallegos,"$2,910,000"
14681,2022-2023,Alex Reyes,"$2,850,000"
14682,2022-2023,David Robertson,"$2,830,769"
14683,2022-2023,Yandy Diaz,"$2,800,000"
14684,2022-2023,Michael Soroka,"$2,800,000"
14685,2022-2023,Chris Archer,"$2,750,000"
14686,2022-2023,Chris Flexen,"$2,750,000"
14687,2022-2023,Jorge Alfaro,"$2,725,000"
14688,2022-2023,Rafael Montero,"$2,725,000"
14689,2022-2023,Chad Pinder,"$2,725,000"
14690,2022-2023,Luis Castillo,"$2,705,795"
14691,2022-2023,Brent Suter,"$2,700,000"
14692,2022-2023,Trey Mancini,"$2,678,585"
14693,2022-2023,Nick Pivetta,"$2,650,000"
14694,2022-2023,Joely Rodriguez,"$2,650,000"
14695,2022-2023,Reynaldo López,"$2,625,000"
14696,2022-2023,Miguel Castro,"$2,620,000"
14697,2022-2023,Austin Barnes,"$2,600,000"
14698,2022-2023,Albert Pujols,"$2,600,000"
14699,2022-2023,Christian Walker,"$2,600,000"
14700,2022-2023,Nicky Lopez,"$2,550,000"
14701,2022-2023,Luis Urias,"$2,550,000"
14702,2022-2023,Cal Quantrill,"$2,510,000"
14703,2022-2023,David Bote,"$2,500,000"
14704,2022-2023,Aaron Bummer,"$2,500,000"
14705,2022-2023,Garrett Cooper,"$2,500,000"
14706,2022-2023,Drew VerHagen,"$2,500,000"
14707,2022-2023,Whit Merrifield,"$2,461,568"
14708,2022-2023,Christian Vazquez,"$2,461,568"
14709,2022-2023,Pablo López,"$2,450,000"
14710,2022-2023,Jacob Stallings,"$2,450,000"
14711,2022-2023,Adrian Houser,"$2,425,000"
14712,2022-2023,Eric Lauer,"$2,425,000"
14713,2022-2023,Scott Barlow,"$2,400,000"
14714,2022-2023,Joe Ross,"$2,400,000"
14715,2022-2023,Matt Moore,"$2,311,852"
14716,2022-2023,Emilio Pagan,"$2,300,000"
14717,2022-2023,Justin Wilson,"$2,300,000"
14718,2022-2023,Richard Bleier,"$2,250,000"
14719,2022-2023,Tony Kemp,"$2,250,000"
14720,2022-2023,Chris Paddack,"$2,250,000"
14721,2022-2023,Freddy Peralta,"$2,250,000"
14722,2022-2023,A.J. Minter,"$2,200,000"
14723,2022-2023,Carlos Santana,"$2,175,000"
14724,2022-2023,Diego Castillo,"$2,150,000"
14725,2022-2023,Erick Fedde,"$2,150,000"
14726,2022-2023,Mike Mayers,"$2,150,000"
14727,2022-2023,Wandy Peralta,"$2,150,000"
14728,2022-2023,Luis Arraez,"$2,125,000"
14729,2022-2023,Cavan Biggio,"$2,122,500"
14730,2022-2023,Jordan Montgomery,"$2,109,888"
14731,2022-2023,Ryne Stanek,"$2,100,000"
14732,2022-2023,Ramon Laureano,"$2,046,154"
14733,2022-2023,Amir Garrett,"$2,025,000"
14734,2022-2023,Victor Caratini,"$2,000,000"
14735,2022-2023,Steve Cishek,"$2,000,000"
14736,2022-2023,Adam Engel,"$2,000,000"
14737,2022-2023,Zach Plesac,"$2,000,000"
14738,2022-2023,Caleb Smith,"$2,000,000"
14739,2022-2023,Aníbal Sánchez,"$2,000,000"
14740,2022-2023,Danny Jansen,"$1,950,000"
14741,2022-2023,Kevin Newman,"$1,950,000"
14742,2022-2023,Rowdy Tellez,"$1,940,000"
14743,2022-2023,Luke Voit,"$1,916,480"
14744,2022-2023,Jose Alvarado,"$1,900,000"
14745,2022-2023,Jose Cisnero,"$1,900,000"
14746,2022-2023,Garrett Hampson,"$1,862,500"
14747,2022-2023,Andrew Kittredge,"$1,850,000"
14748,2022-2023,Austin Slater,"$1,850,000"
14749,2022-2023,Matthew Boyd,"$1,828,544"
14750,2022-2023,Tyler Mahle,"$1,828,544"
14751,2022-2023,Jace Peterson,"$1,825,000"
14752,2022-2023,Hunter Strickland,"$1,825,000"
14753,2022-2023,Luis Cessa,"$1,800,000"
14754,2022-2023,Ben Gamel,"$1,800,000"
14755,2022-2023,Frankie Montas,"$1,794,650"
14756,2022-2023,Joe Jimenez,"$1,790,000"
14757,2022-2023,Kevin Pillar,"$1,785,680"
14758,2022-2023,Robbie Grossman,"$1,758,272"
14759,2022-2023,Brad Boxberger,"$1,750,000"
14760,2022-2023,Charlie Culberson,"$1,750,000"
14761,2022-2023,Domingo German,"$1,750,000"
14762,2022-2023,Jake Junis,"$1,750,000"
14763,2022-2023,Kurt Suzuki,"$1,750,000"
14764,2022-2023,Michael Fulmer,"$1,740,672"
14765,2022-2023,Paul Sewald,"$1,735,000"
14766,2022-2023,Jarlin Garcia,"$1,725,000"
14767,2022-2023,Chris Martin,"$1,684,066"
14768,2022-2023,Harrison Bader,"$1,652,736"
14769,2022-2023,Jonathan Loaisiga,"$1,650,000"
14770,2022-2023,Victor Robles,"$1,650,000"
14771,2022-2023,Dinelson Lamet,"$1,600,396"
14772,2022-2023,Orlando Arcia,"$1,600,000"
14773,2022-2023,Adam Cimber,"$1,575,000"
14774,2022-2023,Tom Murphy,"$1,575,000"
14775,2022-2023,Phil Maton,"$1,550,000"
14776,2022-2023,Tyler Naquin,"$1,503,820"
14777,2022-2023,Jose Alvarez,"$1,500,000"
14778,2022-2023,Zach Davies,"$1,500,000"
14779,2022-2023,Sean Doolittle,"$1,500,000"
14780,2022-2023,Matt Duffy,"$1,500,000"
14781,2022-2023,Clint Frazier,"$1,500,000"
14782,2022-2023,Andres Munoz,"$1,500,000"
14783,2022-2023,Spencer Turnbull,"$1,500,000"
14784,2022-2023,Francisco Mejia,"$1,455,000"
14785,2022-2023,Matt Carpenter,"$1,450,548"
14786,2022-2023,Franmil Reyes,"$1,450,000"
14787,2022-2023,Ryan Brasier,"$1,400,000"
14788,2022-2023,Johan Camargo,"$1,400,000"
14789,2022-2023,Jordan Luplow,"$1,400,000"
14790,2022-2023,Tyler Matzek,"$1,400,000"
14791,2022-2023,Víctor Reyes,"$1,400,000"
14792,2022-2023,Evan White,"$1,400,000"
14793,2022-2023,Hanser Alberto,"$1,350,000"
14794,2022-2023,Tim Hill,"$1,325,000"
14795,2022-2023,Ryan O'Hearn,"$1,300,000"
14796,2022-2023,Caleb Thielbar,"$1,300,000"
14797,2022-2023,Harold Castro,"$1,275,000"
14798,2022-2023,Luis Garcia,"$1,251,500"
14799,2022-2023,Kyle Crick,"$1,250,000"
14800,2022-2023,Mychal Givens,"$1,250,000"
14801,2022-2023,Tim Mayza,"$1,250,000"
14802,2022-2023,Nick Senzel,"$1,250,000"
14803,2022-2023,Jake Diekman,"$1,230,784"
14804,2022-2023,Christian Arroyo,"$1,200,000"
14805,2022-2023,Jon Berti,"$1,200,000"
14806,2022-2023,Josh Naylor,"$1,200,000"
14807,2022-2023,Hirokazu Sawamura,"$1,200,000"
14808,2022-2023,Lucas Sims,"$1,200,000"
14809,2022-2023,Luis Torrens,"$1,200,000"
14810,2022-2023,Yonny Chirinos,"$1,175,000"
14811,2022-2023,Dustin Garneau,"$1,175,000"
14812,2022-2023,Marwin Gonzalez,"$1,150,000"
14813,2022-2023,Joey Lucchesi,"$1,150,000"
14814,2022-2023,Clay Holmes,"$1,100,000"
14815,2022-2023,Mike Montgomery,"$1,100,000"
14816,2022-2023,Lou Trivino,"$1,071,460"
14817,2022-2023,Anthony Bass,"$1,054,976"
14818,2022-2023,Darin Ruf,"$1,054,976"
14819,2022-2023,Dakota Hudson,"$1,050,000"
14820,2022-2023,Tanner Scott,"$1,050,000"
14821,2022-2023,Luke Weaver,"$1,026,786"
14822,2022-2023,Tyler Kinley,"$1,025,000"
14823,2022-2023,Brett Martin,"$1,025,000"
14824,2022-2023,Casey Sadler,"$1,025,000"
14825,2022-2023,Josh Taylor,"$1,025,000"
14826,2022-2023,Greg Bird,"$1,000,000"
14827,2022-2023,Alex Dickerson,"$1,000,000"
14828,2022-2023,Matt Harvey,"$1,000,000"
14829,2022-2023,Guillermo Heredia,"$1,000,000"
14830,2022-2023,Darren O'Day,"$1,000,000"
14831,2022-2023,Trevor Richards,"$1,000,000"
14832,2022-2023,Kirby Yates,"$1,000,000"
14833,2022-2023,Danny Coulombe,"$979,500"
14834,2022-2023,Taylor Clarke,"$975,000"
14835,2022-2023,J.D. Davis,"$970,560"
14836,2022-2023,Pedro Severino,"$950,000"
14837,2022-2023,Stephen Vogt,"$950,000"
14838,2022-2023,Chris Stratton,"$949,440"
14839,2022-2023,Jeffrey Springs,"$947,500"
14840,2022-2023,Jordan Hicks,"$937,500"
14841,2022-2023,Kyle Higashioka,"$935,000"
14842,2022-2023,Austin Adams,"$925,000"
14843,2022-2023,Jeff Hoffman,"$925,000"
14844,2022-2023,Curt Casali,"$914,304"
14845,2022-2023,Taylor Hearn,"$911,502"
14846,2022-2023,Lucas Luetge,"$905,000"
14847,2022-2023,Jason Adam,"$900,000"
14848,2022-2023,Victor Arano,"$900,000"
14849,2022-2023,Matt Bowman,"$900,000"
14850,2022-2023,Robinson Chirinos,"$900,000"
14851,2022-2023,Luke Maile,"$900,000"
14852,2022-2023,Tomás Nido,"$890,000"
14853,2022-2023,Luis Guillorme,"$875,000"
14854,2022-2023,Tanner Rainey,"$860,000"
14855,2022-2023,Nick Anderson,"$845,000"
14856,2022-2023,John Brebbia,"$837,500"
14857,2022-2023,J.B. Wendelken,"$835,000"
14858,2022-2023,Bo Bichette,"$825,000"
14859,2022-2023,Tyler Wade,"$825,000"
14860,2022-2023,Deolis Guerra,"$815,000"
14861,2022-2023,Jay Jackson,"$807,716"
14862,2022-2023,Jake Cave,"$800,000"
14863,2022-2023,Randy Dobnak,"$800,000"
14864,2022-2023,Miguel Díaz,"$800,000"
14865,2022-2023,Josh James,"$800,000"
14866,2022-2023,Pat Valaika,"$775,000"
14867,2022-2023,Yordan Alvarez,"$764,600"
14868,2022-2023,Kyle Tucker,"$764,200"
14869,2022-2023,Peter Lambert,"$762,500"
14870,2022-2023,Greg Allen,"$760,508"
14871,2022-2023,Jonathan India,"$760,000"
14872,2022-2023,Jake Cronenworth,"$757,200"
14873,2022-2023,Jalen Beeks,"$750,000"
14874,2022-2023,Dylan Cease,"$750,000"
14875,2022-2023,Drew Smith,"$750,000"
14876,2022-2023,Cristian Javier,"$749,100"
14877,2022-2023,José Urquidy,"$748,700"
14878,2022-2023,Zac Gallen,"$745,600"
14879,2022-2023,Alec Mills,"$741,250"
14880,2022-2023,Rafael Ortega,"$738,500"
14881,2022-2023,Willie Calhoun,"$735,729"
14882,2022-2023,Ty France,"$734,500"
14883,2022-2023,Codi Heuer,"$734,000"
14884,2022-2023,Josh Rojas,"$730,900"
14885,2022-2023,Jaime Barria,"$730,000"
14886,2022-2023,Griffin Canning,"$730,000"
14887,2022-2023,Michael Kopech,"$730,000"
14888,2022-2023,Alek Manoah,"$730,000"
14889,2022-2023,Dustin May,"$730,000"
14890,2022-2023,Tyler Rogers,"$730,000"
14891,2022-2023,Will Smith,"$730,000"
14892,2022-2023,Ranger Suarez,"$730,000"
14893,2022-2023,LaMonte Wade Jr.,"$730,000"
14894,2022-2023,Jared Walsh,"$730,000"
14895,2022-2023,Logan Webb,"$730,000"
14896,2022-2023,Patrick Wisdom,"$730,000"
14897,2022-2023,Trent Grisham,"$729,300"
14898,2022-2023,Harold Ramirez,"$728,000"
14899,2022-2023,Josh Staumont,"$728,000"
14900,2022-2023,Nestor Cortes,"$727,500"
14901,2022-2023,Austin Nola,"$726,900"
14902,2022-2023,Kyle Finnegan,"$725,900"
14903,2022-2023,JT Brubaker,"$725,000"
14904,2022-2023,Seranthony Dominguez,"$725,000"
14905,2022-2023,Trevor Gott,"$725,000"
14906,2022-2023,Mitch Keller,"$725,000"
14907,2022-2023,Sean Murphy,"$725,000"
14908,2022-2023,Duane Underwood,"$725,000"
14909,2022-2023,Rowan Wick,"$724,000"
14910,2022-2023,Lane Thomas,"$723,600"
14911,2022-2023,Santiago Espinal,"$723,550"
14912,2022-2023,Tommy Edman,"$722,900"
14913,2022-2023,Michael King,"$722,500"
14914,2022-2023,Ryan Helsley,"$722,450"
14915,2022-2023,Gregory Soto,"$722,400"
14916,2022-2023,Trevor Rogers,"$722,000"
14917,2022-2023,Daulton Varsho,"$721,700"
14918,2022-2023,Cody Stashak,"$720,400"
14919,2022-2023,Tejay Antone,"$720,000"
14920,2022-2023,Tony Gonsolin,"$720,000"
14921,2022-2023,Victor Gonzalez,"$720,000"
14922,2022-2023,Brusdar Graterol,"$720,000"
14923,2022-2023,Jimmy Herget,"$720,000"
14924,2022-2023,Jonathan Hernandez,"$720,000"
14925,2022-2023,Nico Hoerner,"$720,000"
14926,2022-2023,Gavin Lux,"$720,000"
14927,2022-2023,Evan Phillips,"$720,000"
14928,2022-2023,Jose Quijada,"$720,000"
14929,2022-2023,Jose Ruiz,"$720,000"
14930,2022-2023,Patrick Sandoval,"$720,000"
14931,2022-2023,Dennis Santana,"$720,000"
14932,2022-2023,Tyler Stephenson,"$720,000"
14933,2022-2023,Jose Trevino,"$720,000"
14934,2022-2023,Alex Vesia,"$720,000"
14935,2022-2023,Taylor Ward,"$720,000"
14936,2022-2023,Garrett Whitlock,"$720,000"
14937,2022-2023,Kyle Wright,"$720,000"
14938,2022-2023,Bryan Abreu,"$719,600"
14939,2022-2023,Andrew Knizner,"$718,300"
14940,2022-2023,Adbert Alzolay,"$718,250"
14941,2022-2023,Jazz Chisholm,"$718,000"
14942,2022-2023,Jorge Alcala,"$717,900"
14943,2022-2023,Sean Reid-Foley,"$717,500"
14944,2022-2023,Joe Mantiply,"$717,000"
14945,2022-2023,Brad Wieck,"$717,000"
14946,2022-2023,Tyler Alexander,"$716,900"
14947,2022-2023,Aaron Civale,"$716,900"
14948,2022-2023,Randy Arozarena,"$716,600"
14949,2022-2023,Nick Madrigal,"$716,500"
14950,2022-2023,Cedric Mullins,"$716,500"
14951,2022-2023,Paolo Espino,"$716,200"
14952,2022-2023,Tanner Houck,"$716,000"
14953,2022-2023,Nathaniel Lowe,"$716,000"
14954,2022-2023,David Bednar,"$715,000"
14955,2022-2023,Alec Bohm,"$715,000"
14956,2022-2023,Blake Cederlind,"$715,000"
14957,2022-2023,Garrett Crochet,"$715,000"
14958,2022-2023,Wil Crowe,"$715,000"
14959,2022-2023,Thairo Estrada,"$715,000"
14960,2022-2023,Jesús Luzardo,"$715,000"
14961,2022-2023,Luis Oviedo,"$715,000"
14962,2022-2023,Andrew Vaughn,"$715,000"
14963,2022-2023,Devin Williams,"$714,500"
14964,2022-2023,Pete Fairbanks,"$714,400"
14965,2022-2023,Jose Quintana,"$714,285"
14966,2022-2023,Casey Mize,"$714,200"
14967,2022-2023,Brock Burke,"$714,000"
14968,2022-2023,Dane Dunning,"$714,000"
14969,2022-2023,Adolis García,"$714,000"
14970,2022-2023,Jonah Heim,"$714,000"
14971,2022-2023,Yadiel Hernandez,"$714,000"
14972,2022-2023,Alejandro Kirk,"$714,000"
14973,2022-2023,Eli White,"$714,000"
14974,2022-2023,Humberto Castellanos,"$713,700"
14975,2022-2023,Tarik Skubal,"$713,600"
14976,2022-2023,Carter Kieboom,"$713,400"
14977,2022-2023,Ryan Jeffers,"$713,050"
14978,2022-2023,Anthony Bender,"$713,000"
14979,2022-2023,Austin Hays,"$713,000"
14980,2022-2023,Logan Gilbert,"$712,300"
14981,2022-2023,Drew Rasmussen,"$711,800"
14982,2022-2023,Erik Swanson,"$711,600"
14983,2022-2023,Dillon Tate,"$711,500"
14984,2022-2023,Shane McClanahan,"$711,400"
14985,2022-2023,Jake Brentz,"$711,250"
14986,2022-2023,Tyrone Taylor,"$711,100"
14987,2022-2023,Ryan Mountcastle,"$711,000"
14988,2022-2023,James Karinchak,"$710,606"
14989,2022-2023,J.T. Chargois,"$710,500"
14990,2022-2023,Tyler Zuber,"$710,500"
14991,2022-2023,Eric Haase,"$710,400"
14992,2022-2023,Jordan Romano,"$710,400"
14993,2022-2023,Kyle Funkhouser,"$710,200"
14994,2022-2023,Paul Blackburn,"$710,000"
14995,2022-2023,Jake Fraley,"$710,000"
14996,2022-2023,Austin Gomber,"$710,000"
14997,2022-2023,Brendan Rodgers,"$710,000"
14998,2022-2023,Chris Rodriguez,"$710,000"
14999,2022-2023,Spencer Strider,"$710,000"
15000,2022-2023,Phillips Valdez,"$710,000"
15001,2022-2023,Jorge Mateo,"$709,500"
15002,2022-2023,Steven Okert,"$709,000"
15003,2022-2023,J.P. Feyereisen,"$708,600"
15004,2022-2023,Vladimir Gutierrez,"$707,500"
15005,2022-2023,Tylor Megill,"$707,500"
15006,2022-2023,Triston McKenzie,"$707,100"
15007,2022-2023,Nick Gordon,"$706,800"
15008,2022-2023,Andres Gimenez,"$706,600"
15009,2022-2023,Nate Pearson,"$706,443"
15010,2022-2023,Jake Rogers,"$706,300"
15011,2022-2023,Bailey Ober,"$706,200"
15012,2022-2023,Nick Nelson,"$706,000"
15013,2022-2023,Keegan Thompson,"$706,000"
15014,2022-2023,Dean Kremer,"$705,500"
15015,2022-2023,Edward Olivares,"$705,500"
15016,2022-2023,Ramon Urias,"$705,500"
15017,2022-2023,Matt Manning,"$705,300"
15018,2022-2023,Hoby Milner,"$705,100"
15019,2022-2023,Seth Brown,"$705,000"
15020,2022-2023,Yonathan Daza,"$705,000"
15021,2022-2023,Cole Irvin,"$705,000"
15022,2022-2023,James Kaprielian,"$705,000"
15023,2022-2023,Hoy Park,"$705,000"
15024,2022-2023,Cionel Perez,"$705,000"
15025,2022-2023,A.J. Puk,"$705,000"
15026,2022-2023,Justin Steele,"$705,000"
15027,2022-2023,Zach Thompson,"$705,000"
15028,2022-2023,Aaron Ashby,"$704,500"
15029,2022-2023,Adrian Morejon,"$704,500"
15030,2022-2023,Garrett Stubbs,"$704,500"
15031,2022-2023,Tyler Wells,"$704,500"
15032,2022-2023,Joe Barlow,"$704,000"
15033,2022-2023,Cody Poteet,"$704,000"
15034,2022-2023,Taylor Walls,"$704,000"
15035,2022-2023,Camilo Doval,"$703,750"
15036,2022-2023,Alex Lange,"$703,700"
15037,2022-2023,Daniel Lynch,"$703,600"
15038,2022-2023,Josiah Gray,"$703,500"
15039,2022-2023,Trevor Stephan,"$703,400"
15040,2022-2023,Dylan Carlson,"$703,000"
15041,2022-2023,Sean Guenther,"$703,000"
15042,2022-2023,Anthony Gose,"$702,900"
15043,2022-2023,Sam Hentges,"$702,500"
15044,2022-2023,Stephen Ridings,"$702,500"
15045,2022-2023,Tony Santillan,"$702,500"
15046,2022-2023,Eli Morgan,"$702,100"
15047,2022-2023,Connor Joe,"$702,000"
15048,2022-2023,Joe Ryan,"$701,650"
15049,2022-2023,Keegan Akin,"$701,640"
15050,2022-2023,Geraldo Perdomo,"$701,300"
15051,2022-2023,Keibert Ruiz,"$701,300"
15052,2022-2023,Shane Baz,"$701,100"
15053,2022-2023,Owen Miller,"$701,100"
15054,2022-2023,Bryan Baker,"$700,500"
15055,2022-2023,Jhon Romero,"$700,400"
15056,2022-2023,Domingo Acevedo,"$700,000"
15057,2022-2023,Shawn Armstrong,"$700,000"
15058,2022-2023,Félix Bautista,"$700,000"
15059,2022-2023,Christian Bethancourt,"$700,000"
15060,2022-2023,John Curtiss,"$700,000"
15061,2022-2023,Hagen Danner,"$700,000"
15062,2022-2023,Alexis Diaz,"$700,000"
15063,2022-2023,Jhoan Duran,"$700,000"
15064,2022-2023,Hunter Greene,"$700,000"
15065,2022-2023,Jandel Gustave,"$700,000"
15066,2022-2023,Zach Jackson,"$700,000"
15067,2022-2023,Daulton Jefferies,"$700,000"
15068,2022-2023,Dany Jimenez,"$700,000"
15069,2022-2023,Leonardo Jimenez,"$700,000"
15070,2022-2023,Steven Kwan,"$700,000"
15071,2022-2023,Sam Moll,"$700,000"
15072,2022-2023,Cody Morris,"$700,000"
15073,2022-2023,Jimmy Nelson,"$700,000"
15074,2022-2023,Daniel Norris,"$700,000"
15075,2022-2023,Rougned Odor,"$700,000"
15076,2022-2023,Helcris Olivarez,"$700,000"
15077,2022-2023,Andre Pallante,"$700,000"
15078,2022-2023,Jeremy Pena,"$700,000"
15079,2022-2023,Kristian Robinson,"$700,000"
15080,2022-2023,Julio Rodriguez,"$700,000"
15081,2022-2023,Ryan Rolison,"$700,000"
15082,2022-2023,Sixto Sanchez,"$700,000"
15083,2022-2023,Cody Sedlock,"$700,000"
15084,2022-2023,Jonathan Stiever,"$700,000"
15085,2022-2023,Ryan Vilade,"$700,000"
15086,2022-2023,Bobby Witt Jr.,"$700,000"
15087,2022-2023,Michael Brosseau,"$698,580"
15088,2022-2023,Will Vest,"$696,126"
15089,2022-2023,Chas McCormick,"$696,060"
15090,2022-2023,Kyle Isbel,"$694,260"
15091,2022-2023,Michael Chavis,"$689,232"
15092,2022-2023,Gilberto Celestino,"$687,436"
15093,2022-2023,Kyle Nelson,"$684,588"
15094,2022-2023,Cal Raleigh,"$683,574"
15095,2022-2023,Griffin Jax,"$680,742"
15096,2022-2023,Jackson Stephens,"$680,742"
15097,2022-2023,Ryan Thompson,"$680,742"
15098,2022-2023,Andrew Velazquez,"$680,742"
15099,2022-2023,Caleb Ferguson,"$678,640"
15100,2022-2023,Trevor Larnach,"$676,896"
15101,2022-2023,Michael Hermosillo,"$675,990"
15102,2022-2023,Lucas Gilbreath,"$674,975"
15103,2022-2023,Joey Krehbiel,"$674,100"
15104,2022-2023,Andrew Bellatti,"$673,050"
15105,2022-2023,Nick Lodolo,"$673,050"
15106,2022-2023,Gavin Sheets,"$671,067"
15107,2022-2023,Danny Mendick,"$670,833"
15108,2022-2023,Kyle Garlick,"$669,204"
15109,2022-2023,Bryson Stott,"$669,204"
15110,2022-2023,Ryan McKenna,"$669,164"
15111,2022-2023,Steven Brault,"$667,602"
15112,2022-2023,William Contreras,"$667,071"
15113,2022-2023,Daniel Duarte,"$665,358"
15114,2022-2023,Steven Wilson,"$665,358"
15115,2022-2023,Rony Garcia,"$662,283"
15116,2022-2023,Sam Coonrod,"$662,256"
15117,2022-2023,Tayler Saucedo,"$661,896"
15118,2022-2023,Paul Campbell,"$661,512"
15119,2022-2023,Willi Castro,"$661,512"
15120,2022-2023,Hunter Harvey,"$661,512"
15121,2022-2023,Justin Dunn,"$660,652"
15122,2022-2023,Brady Singer,"$650,370"
15123,2022-2023,Chris Ellis,"$649,974"
15124,2022-2023,Nick Sandlin,"$647,640"
15125,2022-2023,Reid Detmers,"$647,566"
15126,2022-2023,Chase De Jong,"$646,128"
15127,2022-2023,Penn Murfee,"$646,128"
15128,2022-2023,Erasmo Ramirez,"$646,128"
15129,2022-2023,Cole Sulser,"$644,655"
15130,2022-2023,Art Warren,"$644,620"
15131,2022-2023,Bryan De La Cruz,"$643,914"
15132,2022-2023,Bobby Dalbec,"$643,372"
15133,2022-2023,Blake Taylor,"$643,360"
15134,2022-2023,Kris Bubic,"$643,208"
15135,2022-2023,Enyel De Los Santos,"$642,282"
15136,2022-2023,Glenn Otto,"$642,282"
15137,2022-2023,Colin Poche,"$642,282"
15138,2022-2023,Aristides Aquino,"$640,096"
15139,2022-2023,Abraham Toro,"$638,067"
15140,2022-2023,Connor Brogdon,"$636,498"
15141,2022-2023,Dillon Peters,"$636,498"
15142,2022-2023,Brendan McKay,"$635,745"
15143,2022-2023,Nabil Crismatt,"$634,240"
15144,2022-2023,Brendan Donovan,"$630,744"
15145,2022-2023,Franchy Cordero,"$630,087"
15146,2022-2023,Beau Brieske,"$624,731"
15147,2022-2023,Matt Reynolds,"$623,052"
15148,2022-2023,Jason Foley,"$622,209"
15149,2022-2023,Skye Bolt,"$619,206"
15150,2022-2023,Kyle Bradish,"$615,360"
15151,2022-2023,Matt Festa,"$615,360"
15152,2022-2023,Kirby Snead,"$615,360"
15153,2022-2023,Josh VanMeter,"$614,922"
15154,2022-2023,Joey Bart,"$614,146"
15155,2022-2023,Ron Marinaccio,"$611,514"
15156,2022-2023,Connor Overton,"$611,514"
15157,2022-2023,Julian Merryweather,"$609,648"
15158,2022-2023,Phil Bickford,"$607,668"
15159,2022-2023,Brent Honeywell,"$607,668"
15160,2022-2023,MJ Melendez,"$603,822"
15161,2022-2023,John Schreiber,"$599,976"
15162,2022-2023,Jose Miranda,"$596,130"
15163,2022-2023,Keston Hiura,"$592,722"
15164,2022-2023,Jake Jewell,"$592,284"
15165,2022-2023,Alex Kirilloff,"$591,432"
15166,2022-2023,Zack Littell,"$589,617"
15167,2022-2023,Jake Meyers,"$589,504"
15168,2022-2023,Matt Vierling,"$586,666"
15169,2022-2023,Luis Gonzalez,"$584,592"
15170,2022-2023,Tyler Danish,"$580,746"
15171,2022-2023,Austin Voth,"$576,960"
15172,2022-2023,Joel Kuhnel,"$576,900"
15173,2022-2023,Isaac Paredes,"$576,900"
15174,2022-2023,Luis Rengifo,"$576,900"
15175,2022-2023,Alex Wells,"$576,900"
15176,2022-2023,Justin Topa,"$570,984"
15177,2022-2023,Jake Cousins,"$570,507"
15178,2022-2023,Ryan Borucki,"$569,740"
15179,2022-2023,Buck Farmer,"$569,740"
15180,2022-2023,C.J. Edwards,"$569,208"
15181,2022-2023,Keynan Middleton,"$567,084"
15182,2022-2023,Mauricio Dubon,"$565,776"
15183,2022-2023,Genesis Cabrera,"$565,136"
15184,2022-2023,Alfonso Rivas,"$562,684"
15185,2022-2023,Yency Almonte,"$561,516"
15186,2022-2023,Jose Azocar,"$561,516"
15187,2022-2023,Spenser Watkins,"$557,670"
15188,2022-2023,Seth Romero,"$553,982"
15189,2022-2023,Rob Refsnyder,"$553,896"
15190,2022-2023,Andrés Machado,"$552,522"
15191,2022-2023,Reiver Sanmartin,"$549,978"
15192,2022-2023,Michael Rucker,"$548,120"
15193,2022-2023,Kutter Crawford,"$547,694"
15194,2022-2023,Louis Head,"$546,939"
15195,2022-2023,Tyler Heineman,"$546,132"
15196,2022-2023,Andrew Wantz,"$546,132"
15197,2022-2023,Royce Lewis,"$542,286"
15198,2022-2023,Christopher Morel,"$542,286"
15199,2022-2023,Sheldon Neuse,"$542,286"
15200,2022-2023,Brian Serven,"$542,286"
15201,2022-2023,Alek Thomas,"$542,286"
15202,2022-2023,Matt Foster,"$539,166"
15203,2022-2023,Lars Nootbaar,"$538,625"
15204,2022-2023,Brandon Hughes,"$538,440"
15205,2022-2023,José Suarez,"$538,016"
15206,2022-2023,Ehire Adrianza,"$535,730"
15207,2022-2023,Nick Mears,"$534,612"
15208,2022-2023,Diego A. Castillo,"$534,594"
15209,2022-2023,Edwin Rios,"$533,463"
15210,2022-2023,Jake McCarthy,"$528,683"
15211,2022-2023,Jorge López,"$527,488"
15212,2022-2023,Dylan Lee,"$526,902"
15213,2022-2023,Trevor Megill,"$526,902"
15214,2022-2023,Adley Rutschman,"$526,902"
15215,2022-2023,Bryse Wilson,"$526,486"
15216,2022-2023,Kyle Lewis,"$524,664"
15217,2022-2023,P.J. Higgins,"$523,056"
15218,2022-2023,Cooper Hummel,"$523,056"
15219,2022-2023,Spencer Torkelson,"$523,056"
15220,2022-2023,Tim Locastro,"$519,225"
15221,2022-2023,Yerry De Los Santos,"$519,210"
15222,2022-2023,George Kirby,"$519,210"
15223,2022-2023,Mason Thompson,"$518,190"
15224,2022-2023,Sam Long,"$518,178"
15225,2022-2023,Graham Ashcraft,"$515,364"
15226,2022-2023,Tommy Nance,"$515,364"
15227,2022-2023,Ty Blach,"$515,125"
15228,2022-2023,Miguel Sanchez,"$511,518"
15229,2022-2023,John King,"$509,990"
15230,2022-2023,Oscar Gonzalez,"$507,672"
15231,2022-2023,Max Kranick,"$507,494"
15232,2022-2023,Tyler Beede,"$505,386"
15233,2022-2023,Tanner Banks,"$503,826"
15234,2022-2023,Nick Fortes,"$503,826"
15235,2022-2023,Michael Harris II,"$499,980"
15236,2022-2023,Adam Oller,"$499,980"
15237,2022-2023,Alex Jackson,"$496,134"
15238,2022-2023,Jose Barrero,"$494,080"
15239,2022-2023,Tyson Miller,"$492,288"
15240,2022-2023,Brett Phillips,"$492,288"
15241,2022-2023,Riley Adams,"$491,270"
15242,2022-2023,Jesús Sánchez,"$490,896"
15243,2022-2023,Daniel Castano,"$488,124"
15244,2022-2023,Edward Cabrera,"$484,596"
15245,2022-2023,Evan Lee,"$484,596"
15246,2022-2023,Austin Pruitt,"$484,596"
15247,2022-2023,Manuel Rodriguez,"$484,596"
15248,2022-2023,Clarke Schmidt,"$481,545"
15249,2022-2023,Nick Allen,"$480,750"
15250,2022-2023,Jose Herrera,"$480,750"
15251,2022-2023,Jimmy Lambert,"$480,750"
15252,2022-2023,Juan Yepez,"$480,750"
15253,2022-2023,Ian Anderson,"$479,823"
15254,2022-2023,Cristian Pache,"$479,823"
15255,2022-2023,Jo Adell,"$478,676"
15256,2022-2023,Sam Haggerty,"$476,904"
15257,2022-2023,David Peterson,"$476,904"
15258,2022-2023,Akil Baddoo,"$475,556"
15259,2022-2023,Luis Garcia,"$475,361"
15260,2022-2023,Sean Newcomb,"$474,720"
15261,2022-2023,Jon Heasley,"$473,058"
15262,2022-2023,Luis Perdomo,"$473,058"
15263,2022-2023,Sam Hilliard,"$472,628"
15264,2022-2023,Nolan Gorman,"$469,212"
15265,2022-2023,Tyler Nevin,"$465,366"
15266,2022-2023,Luke Williams,"$462,480"
15267,2022-2023,Mark Leiter Jr.,"$457,674"
15268,2022-2023,Yunior Marte,"$457,674"
15269,2022-2023,Austin Wynns,"$457,674"
15270,2022-2023,Ryan Sherriff,"$455,130"
15271,2022-2023,Luis Patino,"$454,779"
15272,2022-2023,Matt Brash,"$453,946"
15273,2022-2023,Damon Jones,"$453,828"
15274,2022-2023,Mauricio Llovera,"$453,828"
15275,2022-2023,Nick Maton,"$449,982"
15276,2022-2023,Jack Suwinski,"$449,982"
15277,2022-2023,Spencer Howard,"$447,222"
15278,2022-2023,Josh Sborz,"$447,222"
15279,2022-2023,Jake Bird,"$446,136"
15280,2022-2023,José Cuas,"$446,136"
15281,2022-2023,Seby Zavala,"$442,290"
15282,2022-2023,Kent Emanuel,"$439,698"
15283,2022-2023,Jonah Bride,"$438,444"
15284,2022-2023,Packy Naughton,"$438,444"
15285,2022-2023,Canaan Smith-Njigba,"$438,444"
15286,2022-2023,Leody Taveras,"$438,444"
15287,2022-2023,Austin Warren,"$436,912"
15288,2022-2023,Jake Woodford,"$435,675"
15289,2022-2023,Jackson Tetreault,"$434,598"
15290,2022-2023,Braxton Garrett,"$430,752"
15291,2022-2023,Ryan Feltner,"$429,032"
15292,2022-2023,Seth Martinez,"$426,906"
15293,2022-2023,Josh H. Smith,"$426,906"
15294,2022-2023,Taylor Trammell,"$426,906"
15295,2022-2023,Josh Winder,"$426,906"
15296,2022-2023,Drew Hutchison,"$426,412"
15297,2022-2023,Kody Clemens,"$423,060"
15298,2022-2023,Tommy Hunter,"$423,060"
15299,2022-2023,Riley Greene,"$419,214"
15300,2022-2023,Nelson Velazquez,"$419,214"
15301,2022-2023,Alejo Lopez,"$415,368"
15302,2022-2023,Adrian Sampson,"$415,368"
15303,2022-2023,Oneil Cruz,"$411,522"
15304,2022-2023,Collin Snider,"$411,522"
15305,2022-2023,J.B. Bukauskas,"$410,114"
15306,2022-2023,Sam Delaplane,"$407,676"
15307,2022-2023,Trayce Thompson,"$407,676"
15308,2022-2023,Sean Poppen,"$406,026"
15309,2022-2023,Carlos Hernandez,"$404,976"
15310,2022-2023,Justin Lawrence,"$403,830"
15311,2022-2023,Roansy Contreras,"$399,984"
15312,2022-2023,Jake Burger,"$396,138"
15313,2022-2023,Carlos Vargas,"$396,138"
15314,2022-2023,Nick Solak,"$395,600"
15315,2022-2023,Pavin Smith,"$393,228"
15316,2022-2023,Jason Alexander,"$392,292"
15317,2022-2023,Josh Fleming,"$388,700"
15318,2022-2023,Vinnie Pasquantino,"$384,600"
15319,2022-2023,Dauri Moreta,"$380,754"
15320,2022-2023,Jovani Morán,"$380,754"
15321,2022-2023,Jonathan Davis,"$376,908"
15322,2022-2023,James McArthur,"$376,908"
15323,2022-2023,Tyler Gilbert,"$373,062"
15324,2022-2023,Vimael Machin,"$373,062"
15325,2022-2023,Trent Thornton,"$372,106"
15326,2022-2023,Zack Thompson,"$369,216"
15327,2022-2023,Reyes Moronta,"$362,648"
15328,2022-2023,Elehuris Montero,"$361,524"
15329,2022-2023,Sergio Alcantara,"$360,180"
15330,2022-2023,Jason Delay,"$357,678"
15331,2022-2023,Cal Mitchell,"$357,678"
15332,2022-2023,Manny Banuelos,"$349,986"
15333,2022-2023,T.J. Friedl,"$349,986"
15334,2022-2023,Ian Gibaut,"$349,986"
15335,2022-2023,Richard Palacios,"$349,986"
15336,2022-2023,José Ureña,"$349,986"
15337,2022-2023,Bailey Falter,"$347,670"
15338,2022-2023,Sandy León,"$346,185"
15339,2022-2023,Oliver Ortega,"$343,288"
15340,2022-2023,Colton Welker,"$342,294"
15341,2022-2023,Tres Barrera,"$334,602"
15342,2022-2023,Tucupita Marcano,"$330,756"
15343,2022-2023,Dan Vogelbach,"$329,700"
15344,2022-2023,Brandon Drury,"$316,480"
15345,2022-2023,Hans Crouse,"$315,372"
15346,2022-2023,Brayan Bello,"$311,526"
15347,2022-2023,Rodolfo Castro,"$311,526"
15348,2022-2023,Garrett Hill,"$311,526"
15349,2022-2023,Sam Huff,"$311,526"
15350,2022-2023,Max Meyer,"$311,526"
15351,2022-2023,Erich Uelmen,"$307,680"
15352,2022-2023,Jarren Duran,"$303,834"
15353,2022-2023,Peter Strzelecki,"$303,834"
15354,2022-2023,Gabe Speier,"$300,846"
15355,2022-2023,J.J. Matijevic,"$299,988"
15356,2022-2023,Trevor Rosenthal,"$296,700"
15357,2022-2023,Meibrys Viloria,"$296,142"
15358,2022-2023,Lewin Diaz,"$292,296"
15359,2022-2023,Roman Quinn,"$292,296"
15360,2022-2023,Matt Bush,"$290,112"
15361,2022-2023,Jordan Weems,"$288,450"
15362,2022-2023,Angel Zerpa,"$288,450"
15363,2022-2023,Rafael Marchán,"$285,196"
15364,2022-2023,Jordan Holloway,"$284,604"
15365,2022-2023,Travis Lakins,"$284,604"
15366,2022-2023,Bruce Zimmermann,"$282,948"
15367,2022-2023,J.J. Bleday,"$282,225"
15368,2022-2023,Cristopher Sanchez,"$281,196"
15369,2022-2023,Huascar Brazoban,"$280,758"
15370,2022-2023,Bennett Sousa,"$280,758"
15371,2022-2023,Ezequiel Duran,"$276,912"
15372,2022-2023,Kevin Smith,"$276,912"
15373,2022-2023,Josh Winckowski,"$276,912"
15374,2022-2023,Robert Stephenson,"$274,287"
15375,2022-2023,Joan Adon,"$273,137"
15376,2022-2023,Terrin Vavra,"$273,066"
15377,2022-2023,Nick Vespi,"$273,066"
15378,2022-2023,Michel Baez,"$271,040"
15379,2022-2023,Josh Lowe,"$269,640"
15380,2022-2023,Vidal Brujan,"$269,220"
15381,2022-2023,Parker Mushinski,"$269,220"
15382,2022-2023,Mike Ford,"$265,374"
15383,2022-2023,Dermis Garcia,"$265,374"
15384,2022-2023,Yairo Munoz,"$265,374"
15385,2022-2023,Kaleb Ort,"$265,374"
15386,2022-2023,Sebastian Rivero,"$265,374"
15387,2022-2023,Bradley Zimmer,"$264,291"
15388,2022-2023,Charles Leblanc,"$261,528"
15389,2022-2023,Zach McKinstry,"$261,528"
15390,2022-2023,Stephen Nogosek,"$261,528"
15391,2022-2023,David Villar,"$261,528"
15392,2022-2023,Jarred Kelenic,"$259,960"
15393,2022-2023,Edmundo Sosa,"$259,512"
15394,2022-2023,Alan Trejo,"$258,419"
15395,2022-2023,Cory Abbott,"$257,682"
15396,2022-2023,Michael Massey,"$257,682"
15397,2022-2023,Miguel Yajure,"$255,684"
15398,2022-2023,Reese McGuire,"$254,016"
15399,2022-2023,Sean Bouchard,"$253,836"
15400,2022-2023,Robert Dugger,"$253,836"
15401,2022-2023,Zach Logue,"$253,836"
15402,2022-2023,Magneuris Sierra,"$253,836"
15403,2022-2023,Justin Bruihl,"$253,565"
15404,2022-2023,Jose Siri,"$251,420"
15405,2022-2023,Scott Effross,"$250,582"
15406,2022-2023,Taylor Rogers,"$250,000"
15407,2022-2023,Colin Holderman,"$249,990"
15408,2022-2023,René Pinto,"$249,990"
15409,2022-2023,Tucker Davidson,"$249,664"
15410,2022-2023,Brandon Marsh,"$249,664"
15411,2022-2023,Will Benson,"$248,387"
15412,2022-2023,Jesse Chavez,"$247,248"
15413,2022-2023,Eric Hosmer,"$246,153"
15414,2022-2023,Stuart Fairchild,"$246,144"
15415,2022-2023,Kevin Ginkel,"$246,144"
15416,2022-2023,MacKenzie Gore,"$246,144"
15417,2022-2023,Joey Meneses,"$246,144"
15418,2022-2023,Emmanuel Rivera,"$246,144"
15419,2022-2023,Austin Romine,"$246,144"
15420,2022-2023,Ildemaro Vargas,"$246,144"
15421,2022-2023,Alex Young,"$246,144"
15422,2022-2023,Andy Ibanez,"$242,924"
15423,2022-2023,Mickey Moniak,"$242,676"
15424,2022-2023,Tyler Freeman,"$240,860"
15425,2022-2023,Yermin Mercedes,"$239,506"
15426,2022-2023,Cole Ragans,"$238,452"
15427,2022-2023,Sam Selman,"$238,452"
15428,2022-2023,Bubba Thompson,"$238,452"
15429,2022-2023,Darick Hall,"$234,606"
15430,2022-2023,Jonathan Araúz,"$234,060"
15431,2022-2023,Aaron Brooks,"$230,769"
15432,2022-2023,Seth Beer,"$227,268"
15433,2022-2023,Gabriel Moreno,"$226,914"
15434,2022-2023,Nick Pratto,"$226,914"
15435,2022-2023,Chadwick Tromp,"$226,914"
15436,2022-2023,Yohan Ramirez,"$226,722"
15437,2022-2023,Joshua Palacios,"$223,590"
15438,2022-2023,Mike Baumann,"$223,416"
15439,2022-2023,Matthew Batten,"$223,068"
15440,2022-2023,Ralph Garza,"$223,068"
15441,2022-2023,Jackie Bradley Jr.,"$219,222"
15442,2022-2023,Ashton Goudeau,"$216,944"
15443,2022-2023,Kerry Carpenter,"$215,376"
15444,2022-2023,Vaughn Grissom,"$215,376"
15445,2022-2023,Jake Hager,"$215,376"
15446,2022-2023,JP Sears,"$215,376"
15447,2022-2023,Konnor Pilkington,"$213,351"
15448,2022-2023,Mark Contreras,"$211,530"
15449,2022-2023,Nate Eaton,"$211,530"
15450,2022-2023,Calvin Faucher,"$211,530"
15451,2022-2023,Adonis Medina,"$211,530"
15452,2022-2023,Simon Muzziotti,"$211,530"
15453,2022-2023,Anthony Bemboom,"$210,000"
15454,2022-2023,Dom Nunez,"$209,196"
15455,2022-2023,Payton Henry,"$208,286"
15456,2022-2023,Jeff Brigham,"$207,684"
15457,2022-2023,Reed Garrett,"$203,838"
15458,2022-2023,Adrian Martinez,"$203,838"
15459,2022-2023,Eric Stout,"$203,838"
15460,2022-2023,Alex Call,"$199,992"
15461,2022-2023,Davis Martin,"$199,992"
15462,2022-2023,Andrew Nardi,"$199,992"
15463,2022-2023,Connor Wong,"$199,992"
15464,2022-2023,Kolby Allard,"$197,800"
15465,2022-2023,Buddy Kennedy,"$196,146"
15466,2022-2023,Cole Sands,"$196,146"
15467,2022-2023,Kyle Stowers,"$196,146"
15468,2022-2023,CJ Abrams,"$194,636"
15469,2022-2023,Shea Langeliers,"$192,300"
15470,2022-2023,Mark Mathias,"$192,300"
15471,2022-2023,Wyatt Mills,"$192,300"
15472,2022-2023,Zach Pop,"$192,300"
15473,2022-2023,Chad Smith,"$192,300"
15474,2022-2023,Adam Kolarek,"$188,462"
15475,2022-2023,Brett Baty,"$188,454"
15476,2022-2023,Oswaldo Cabrera,"$188,454"
15477,2022-2023,Daz Cameron,"$188,454"
15478,2022-2023,Alex Faedo,"$188,454"
15479,2022-2023,Stone Garrett,"$188,454"
15480,2022-2023,Romy Gonzalez,"$188,454"
15481,2022-2023,Elvis Peguero,"$188,454"
15482,2022-2023,Elvis Andrus,"$184,608"
15483,2022-2023,Tommy Henry,"$184,608"
15484,2022-2023,Gregory Santos,"$184,608"
15485,2022-2023,Kodi Whitley,"$184,475"
15486,2022-2023,Jack Mayfield,"$181,976"
15487,2022-2023,JoJo Romero,"$181,561"
15488,2022-2023,Luis Campusano,"$180,762"
15489,2022-2023,Luke Raley,"$180,762"
15490,2022-2023,Michael Stefanic,"$180,762"
15491,2022-2023,Jason Vosler,"$180,762"
15492,2022-2023,Mitch White,"$179,446"
15493,2022-2023,Joel Payamps,"$179,124"
15494,2022-2023,Peyton Burdick,"$176,916"
15495,2022-2023,David Hensley,"$176,916"
15496,2022-2023,Trevor Kelley,"$176,916"
15497,2022-2023,Matt Thaiss,"$176,916"
15498,2022-2023,Jonathan Aranda,"$173,070"
15499,2022-2023,Jerar Encarnacion,"$173,070"
15500,2022-2023,Logan Gillaspie,"$173,070"
15501,2022-2023,Nolan Jones,"$173,070"
15502,2022-2023,Matt Swarmer,"$173,070"
15503,2022-2023,Jackson Kowar,"$169,708"
15504,2022-2023,Ronald Bolaños,"$169,224"
15505,2022-2023,Jared Koenig,"$169,224"
15506,2022-2023,Zach Reks,"$169,224"
15507,2022-2023,Chuckie Robinson,"$169,224"
15508,2022-2023,Drew Waters,"$169,224"
15509,2022-2023,Javier Assad,"$165,378"
15510,2022-2023,Luis Frias,"$165,378"
15511,2022-2023,Jose Marte,"$165,378"
15512,2022-2023,Kirk McCarty,"$165,378"
15513,2022-2023,Jesus Tinoco,"$165,378"
15514,2022-2023,Anthony Misiewicz,"$164,976"
15515,2022-2023,Robert Gsellman,"$164,850"
15516,2022-2023,Billy McKinney,"$162,637"
15517,2022-2023,Luis Barrera,"$161,532"
15518,2022-2023,Norge Ruíz,"$161,532"
15519,2022-2023,Touki Toussaint,"$161,532"
15520,2022-2023,Taylor Widener,"$161,532"
15521,2022-2023,Javy Guerra,"$158,793"
15522,2022-2023,Jermaine Palacios,"$157,686"
15523,2022-2023,Corbin Martin,"$154,960"
15524,2022-2023,Scott Alexander,"$153,840"
15525,2022-2023,Edwin Uceta,"$153,840"
15526,2022-2023,Miguel Vargas,"$153,840"
15527,2022-2023,Cade Cavalli,"$153,463"
15528,2022-2023,Garrett Cleavinger,"$152,139"
15529,2022-2023,José Devers,"$150,968"
15530,2022-2023,Bryce Elder,"$150,537"
15531,2022-2023,Jacob Lemoine,"$150,000"
15532,2022-2023,Luis Gil,"$149,994"
15533,2022-2023,Philip Gosselin,"$149,994"
15534,2022-2023,Garrett Mitchell,"$149,994"
15535,2022-2023,Chase Silseth,"$149,994"
15536,2022-2023,Domingo Tapia,"$149,994"
15537,2022-2023,Travis Demeritte,"$146,154"
15538,2022-2023,Yonny Hernandez,"$146,148"
15539,2022-2023,Devin Smeltzer,"$146,148"
15540,2022-2023,Zack Kelly,"$143,010"
15541,2022-2023,Chase Anderson,"$142,302"
15542,2022-2023,Willians Astudillo,"$142,302"
15543,2022-2023,Corbin Carroll,"$142,302"
15544,2022-2023,Michael Toglia,"$139,247"
15545,2022-2023,D.L. Hall,"$138,456"
15546,2022-2023,Tyler Holton,"$138,456"
15547,2022-2023,Derek Law,"$138,456"
15548,2022-2023,Elvin Rodriguez,"$138,456"
15549,2022-2023,Andrew Stevenson,"$137,097"
15550,2022-2023,Jhonathan Diaz,"$134,610"
15551,2022-2023,Lucius Fox,"$134,610"
15552,2022-2023,Terrance Gore,"$134,610"
15553,2022-2023,Gunnar Henderson,"$134,610"
15554,2022-2023,Nick Plummer,"$134,610"
15555,2022-2023,Jesús Aguilar,"$130,764"
15556,2022-2023,Eduard Bazardo,"$130,764"
15557,2022-2023,Hunter Brown,"$130,764"
15558,2022-2023,Fernando Cruz,"$130,764"
15559,2022-2023,Ben DeLuzio,"$130,764"
15560,2022-2023,Billy Hamilton,"$130,764"
15561,2022-2023,Ryan Kreidler,"$130,764"
15562,2022-2023,James Outman,"$130,764"
15563,2022-2023,Johan Oviedo,"$130,764"
15564,2022-2023,Oswald Peraza,"$130,764"
15565,2022-2023,Aaron Sanchez,"$130,764"
15566,2022-2023,Spencer Steer,"$130,764"
15567,2022-2023,Ken Waldichuk,"$130,764"
15568,2022-2023,Zack Weiss,"$130,764"
15569,2022-2023,Justus Sheffield,"$129,580"
15570,2022-2023,Michael Grove,"$126,918"
15571,2022-2023,Elier Hernandez,"$126,918"
15572,2022-2023,Donnie Walton,"$126,918"
15573,2022-2023,Jose Godoy,"$123,072"
15574,2022-2023,Ray Kerr,"$123,072"
15575,2022-2023,Bryce Montes de Oca,"$123,072"
15576,2022-2023,Brandon Bielak,"$119,226"
15577,2022-2023,Triston Casas,"$119,226"
15578,2022-2023,Dalton Guthrie,"$119,226"
15579,2022-2023,Korey Lee,"$119,226"
15580,2022-2023,Kelvin Gutierrez,"$116,456"
15581,2022-2023,Eddy Alvarez,"$115,380"
15582,2022-2023,Ángel De Jesús,"$115,380"
15583,2022-2023,Rico Garcia,"$115,380"
15584,2022-2023,Ryne Nelson,"$115,380"
15585,2022-2023,Brent Rooker,"$115,380"
15586,2022-2023,Hayden Wesneski,"$115,380"
15587,2022-2023,Ethan Roberts,"$112,890"
15588,2022-2023,Bobby Bradley,"$111,905"
15589,2022-2023,Tyler Cyr,"$111,534"
15590,2022-2023,Yainer Diaz,"$111,534"
15591,2022-2023,Cam Vieaux,"$111,534"
15592,2022-2023,Greg Weissert,"$111,534"
15593,2022-2023,Vinny Capra,"$107,692"
15594,2022-2023,Abraham Almonte,"$107,688"
15595,2022-2023,Alec Burleson,"$107,688"
15596,2022-2023,Roenis Elias,"$107,688"
15597,2022-2023,Anderson Espinoza,"$107,688"
15598,2022-2023,Estevan Florial,"$107,688"
15599,2022-2023,Mark Kolozsvary,"$107,688"
15600,2022-2023,Yoan López,"$107,688"
15601,2022-2023,James Naile,"$107,688"
15602,2022-2023,Connor Seabold,"$107,688"
15603,2022-2023,Beau Sulser,"$107,688"
15604,2022-2023,Ryan Weber,"$107,688"
15605,2022-2023,Huascar Ynoa,"$106,812"
15606,2022-2023,Arodys Vizcaino,"$104,405"
15607,2022-2023,Jake Fishman,"$103,842"
15608,2022-2023,Matt Gage,"$103,842"
15609,2022-2023,Donny Sands,"$103,842"
15610,2022-2023,Cal Stevenson,"$103,842"
15611,2022-2023,Joey Wentz,"$103,842"
15612,2022-2023,Zack Collins,"$100,050"
15613,2022-2023,Otto Lopez,"$100,022"
15614,2022-2023,Mark Appel,"$99,996"
15615,2022-2023,Jesús Cruz,"$99,996"
15616,2022-2023,Jaylin Davis,"$99,996"
15617,2022-2023,Adam Haseley,"$99,996"
15618,2022-2023,Bryan Hoeing,"$99,996"
15619,2022-2023,Josh Jung,"$99,996"
15620,2022-2023,Richie Martin,"$99,996"
15621,2022-2023,Francisco Perez,"$99,996"
15622,2022-2023,Israel Pineda,"$99,996"
15623,2022-2023,Ronel Blanco,"$96,154"
15624,2022-2023,Iván Herrera,"$96,150"
15625,2022-2023,Matthew Liberatore,"$96,150"
15626,2022-2023,Jared Solomon,"$96,150"
15627,2022-2023,Mark Vientos,"$96,150"
15628,2022-2023,Tyler Thornburg,"$93,955"
15629,2022-2023,Jeter Downs,"$92,304"
15630,2022-2023,Darwinzon Hernandez,"$92,304"
15631,2022-2023,Collin Wiles,"$92,304"
15632,2022-2023,Yu-Cheng Chang,"$89,148"
15633,2022-2023,Ryan Hendrix,"$88,780"
15634,2022-2023,Kyle Barraclough,"$88,458"
15635,2022-2023,Jeremiah Estrada,"$88,458"
15636,2022-2023,Erik Gonzalez,"$88,458"
15637,2022-2023,Chad Wallach,"$88,458"
15638,2022-2023,Bryan Lavastida,"$84,615"
15639,2022-2023,Kervin Castro,"$84,612"
15640,2022-2023,Jordan Groshans,"$84,612"
15641,2022-2023,Kenny Rosenberg,"$84,612"
15642,2022-2023,Thomas Szapucki,"$84,612"
15643,2022-2023,Patrick Murphy,"$82,212"
15644,2022-2023,Lewis Brinson,"$80,766"
15645,2022-2023,Drey Jameson,"$79,023"
15646,2022-2023,Jordan Sheffield,"$77,480"
15647,2022-2023,Anderson Severino,"$76,923"
15648,2022-2023,Daniel Mengden,"$76,920"
15649,2022-2023,Eguy Rosario,"$76,920"
15650,2022-2023,Cody Thomas,"$76,920"
15651,2022-2023,Pedro Avila,"$73,077"
15652,2022-2023,A.J. Alexy,"$73,074"
15653,2022-2023,Frank German,"$73,074"
15654,2022-2023,Monte Harrison,"$73,074"
15655,2022-2023,Livan Soto,"$73,074"
15656,2022-2023,Matt Wallner,"$73,074"
15657,2022-2023,Gabriel Arias,"$71,505"
15658,2022-2023,Luis Ortiz,"$71,505"
15659,2022-2023,Miguel Andujar,"$71,430"
15660,2022-2023,Wynton Bernard,"$69,228"
15661,2022-2023,Reiss Knehr,"$69,228"
15662,2022-2023,Luis Liberato,"$69,228"
15663,2022-2023,Ryan Pepiot,"$69,228"
15664,2022-2023,Carlos Pérez,"$69,228"
15665,2022-2023,Esteban Quiroz,"$69,228"
15666,2022-2023,Jharel Cotton,"$65,382"
15667,2022-2023,Jordan Diaz,"$65,382"
15668,2022-2023,Gavin Hollowell,"$65,382"
15669,2022-2023,Janson Junk,"$65,382"
15670,2022-2023,Lenyn Sosa,"$63,978"
15671,2022-2023,Matt Koch,"$61,538"
15672,2022-2023,Mario Feliciano,"$61,536"
15673,2022-2023,Deven Marrero,"$61,536"
15674,2022-2023,Jimmy Yacabonis,"$61,536"
15675,2022-2023,Dairon Blanco,"$57,690"
15676,2022-2023,Conner Capel,"$57,690"
15677,2022-2023,Drew Carlton,"$57,690"
15678,2022-2023,Max Castillo,"$57,690"
15679,2022-2023,Heath Hembree,"$57,690"
15680,2022-2023,Andre Jackson,"$57,690"
15681,2022-2023,Bryce Johnson,"$57,690"
15682,2022-2023,Dillon Thomas,"$57,690"
15683,2022-2023,Rob Zastryzny,"$57,690"
15684,2022-2023,Will Brennan,"$56,451"
15685,2022-2023,Matt Davidson,"$53,844"
15686,2022-2023,Maikel Garcia,"$53,844"
15687,2022-2023,Ronny Henriquez,"$53,844"
15688,2022-2023,Sean Hjelle,"$53,844"
15689,2022-2023,Mark Payton,"$53,844"
15690,2022-2023,Kevin Plawecki,"$53,844"
15691,2022-2023,Mike Siani,"$53,844"
15692,2022-2023,Louie Varland,"$53,844"
15693,2022-2023,Shelby Miller,"$49,998"
15694,2022-2023,Luis Ortiz,"$49,998"
15695,2022-2023,Zack Short,"$49,998"
15696,2022-2023,Ezequiel Tovar,"$49,998"
15697,2022-2023,Jared Young,"$49,998"
15698,2022-2023,Michael Kelly,"$48,919"
15699,2022-2023,Ernie Clement,"$46,212"
15700,2022-2023,Ryan Aguilar,"$46,152"
15701,2022-2023,Ji-Hwan Bae,"$46,152"
15702,2022-2023,Silvino Bracho,"$46,152"
15703,2022-2023,Álex Claudio,"$46,152"
15704,2022-2023,Wilmer Difo,"$46,152"
15705,2022-2023,David MacKinnon,"$46,152"
15706,2022-2023,Cole Waites,"$46,152"
15707,2022-2023,Jake Walsh,"$46,152"
15708,2022-2023,Noah Davis,"$42,306"
15709,2022-2023,Miles Mastrobuoni,"$42,306"
15710,2022-2023,Michael Perez,"$42,306"
15711,2022-2023,Ford Proctor,"$42,306"
15712,2022-2023,Anthony Kay,"$38,530"
15713,2022-2023,Nick Snyder,"$38,462"
15714,2022-2023,Chris Devenski,"$38,460"
15715,2022-2023,Francisco Morales,"$38,460"
15716,2022-2023,Vinny Nittoli,"$38,460"
15717,2022-2023,Heliot Ramos,"$38,460"
15718,2022-2023,Mickey McDonald,"$34,615"
15719,2022-2023,Kevin Herget,"$34,614"
15720,2022-2023,Pablo Reyes,"$34,614"
15721,2022-2023,Yolmer Sánchez,"$34,614"
15722,2022-2023,Jacob Webb,"$34,614"
15723,2022-2023,Marcus Wilson,"$34,614"
15724,2022-2023,William Woods,"$34,614"
15725,2022-2023,Aneurys Zabala,"$34,614"
15726,2022-2023,Oscar Mercado,"$31,208"
15727,2022-2023,Brian Moran,"$30,769"
15728,2022-2023,Luke Bard,"$30,768"
15729,2022-2023,Yennier Cano,"$30,768"
15730,2022-2023,Luis Castillo,"$30,768"
15731,2022-2023,Sam Clay,"$30,768"
15732,2022-2023,Brandon Dixon,"$30,768"
15733,2022-2023,Brewer Hicklen,"$30,768"
15734,2022-2023,Caleb Kilian,"$30,768"
15735,2022-2023,Esteury Ruiz,"$30,768"
15736,2022-2023,Travis Swaggerty,"$30,768"
15737,2022-2023,Tanner Tully,"$30,768"
15738,2022-2023,D.J. Stewart,"$27,365"
15739,2022-2023,Jean Carlos Mejia,"$26,923"
15740,2022-2023,Andrew Knapp,"$26,922"
15741,2022-2023,Dusten Knight,"$26,922"
15742,2022-2023,Khalil Lee,"$26,922"
15743,2022-2023,Dixon Machado,"$26,922"
15744,2022-2023,Logan O'Hoppe,"$26,922"
15745,2022-2023,Kevin Padlo,"$26,922"
15746,2022-2023,Enoli Paredes,"$26,922"
15747,2022-2023,Denyi Reyes,"$26,922"
15748,2022-2023,Ryan Goins,"$26,376"
15749,2022-2023,Donovan Casey,"$23,077"
15750,2022-2023,Joe Perez,"$23,077"
15751,2022-2023,Aaron Whitefield,"$23,077"
15752,2022-2023,R.J. Alvarez,"$23,076"
15753,2022-2023,Anthony Banda,"$23,076"
15754,2022-2023,Rylan Bannon,"$23,076"
15755,2022-2023,Luke Farrell,"$23,076"
15756,2022-2023,Bryan Garcia,"$23,076"
15757,2022-2023,Cristofer Ogando,"$23,076"
15758,2022-2023,Nash Walters,"$23,076"
15759,2022-2023,Bowden Francis,"$19,231"
15760,2022-2023,Francisco Alvarez,"$19,230"
15761,2022-2023,Brennan Bernardino,"$19,230"
15762,2022-2023,Austin Brice,"$19,230"
15763,2022-2023,Narciso Crook,"$19,230"
15764,2022-2023,Brendon Davis,"$19,230"
15765,2022-2023,Grayson Greiner,"$19,230"
15766,2022-2023,Connor Grey,"$19,230"
15767,2022-2023,Jerad Eickhoff,"$16,485"
15768,2022-2023,Gosuke Katoh,"$15,780"
15769,2022-2023,Robbie Erlin,"$15,385"
15770,2022-2023,Carlos Espinal,"$15,384"
15771,2022-2023,Raynel Espinal,"$15,384"
15772,2022-2023,Junior Fernandez,"$15,384"
15773,2022-2023,Josh Lester,"$15,384"
15774,2022-2023,Bo Naylor,"$15,384"
15775,2022-2023,Nick Neidert,"$15,384"
15776,2022-2023,Brian O'Keefe,"$15,384"
15777,2022-2023,Michael Plassmeyer,"$15,384"
15778,2022-2023,Yerry Rodriguez,"$15,384"
15779,2022-2023,Cory Spangenberg,"$15,384"
15780,2022-2023,Ben Rortvedt,"$11,661"
15781,2022-2023,Drew Ellis,"$11,586"
15782,2022-2023,Rob Brantly,"$11,538"
15783,2022-2023,Jose Castillo,"$11,538"
15784,2022-2023,Xzavion Curry,"$11,538"
15785,2022-2023,Ronnie Dawson,"$11,538"
15786,2022-2023,Austin Dean,"$11,538"
15787,2022-2023,Yusniel Diaz,"$11,538"
15788,2022-2023,Freddy Fermin,"$11,538"
15789,2022-2023,Carson Fulmer,"$11,538"
15790,2022-2023,Ronald Guzman,"$11,538"
15791,2022-2023,Jason Krizan,"$11,538"
15792,2022-2023,Jack Larsen,"$11,538"
15793,2022-2023,Brendon Little,"$11,538"
15794,2022-2023,Kyle Muller,"$11,538"
15795,2022-2023,Riley O'Brien,"$11,538"
15796,2022-2023,Liover Peguero,"$11,538"
15797,2022-2023,Gerardo Reyes,"$11,538"
15798,2022-2023,Dereck Rodriguez,"$11,538"
15799,2022-2023,Stefen Romero,"$11,538"
15800,2022-2023,Ethan Small,"$11,538"
15801,2022-2023,Simeon Woods-Richardson,"$11,538"
15802,2022-2023,Dannel Diaz,"$10,000"
15803,2022-2023,Paul Fry,"$9,340"
15804,2022-2023,Andrew Vasquez,"$8,792"
15805,2022-2023,Thomas Hatch,"$7,866"
15806,2022-2023,Shaun Anderson,"$7,692"
15807,2022-2023,Parker Bugg,"$7,692"
15808,2022-2023,Davis Daniel,"$7,692"
15809,2022-2023,Kyle Dowdy,"$7,692"
15810,2022-2023,Nick Duron,"$7,692"
15811,2022-2023,Hunter Gaddis,"$7,692"
15812,2022-2023,Foster Griffin,"$7,692"
15813,2022-2023,Ronaldo Hernandez,"$7,692"
15814,2022-2023,A.J. Ladwig,"$7,692"
15815,2022-2023,Nate Mondou,"$7,692"
15816,2022-2023,Freddy Tarnok,"$7,692"
15817,2022-2023,Cooper Criswell,"$3,901"
15818,2022-2023,Cam Alldred,"$3,846"
15819,2022-2023,Jacob Barnes,"$3,846"
15820,2022-2023,Peyton Battenfield,"$3,846"
15821,2022-2023,Travis Blankenhorn,"$3,846"
15822,2022-2023,Jose Butto,"$3,846"
15823,2022-2023,Taylor Davis,"$3,846"
15824,2022-2023,Nate Fisher,"$3,846"
15825,2022-2023,Deivi Garcia,"$3,846"
15826,2022-2023,Chi Chi Gonzalez,"$3,846"
15827,2022-2023,Alex Hall,"$3,846"
15828,2022-2023,Zac Lowther,"$3,846"
15829,2022-2023,Matt Peacock,"$3,846"
15830,2022-2023,Alan Rangel,"$3,846"
15831,2022-2023,Tommy Romero,"$3,846"
15832,2022-2023,Bubby Rossman,"$3,846"
15833,2022-2023,Jeff Singer,"$3,846"
15834,2022-2023,Elliot Soto,"$3,846"
15835,2022-2023,Will Toffey,"$3,846"
15836,2022-2023,César Valdez,"$3,846"
15837,2022-2023,Ryan Weathers,"$3,846"
15838,2022-2023,Danny Young,"$3,846"
15839,2023-2024,Aaron Judge,"$40,000,000"
15840,2023-2024,Anthony Rendon,"$37,182,796"
15841,2023-2024,Gerrit Cole,"$36,000,000"
15842,2023-2024,Carlos Correa,"$36,000,000"
15843,2023-2024,Mike Trout,"$35,450,000"
15844,2023-2024,Corey Seager,"$35,000,000"
15845,2023-2024,Miguel Cabrera,"$32,000,000"
15846,2023-2024,Xander Bogaerts,"$30,000,000"
15847,2023-2024,Yu Darvish,"$30,000,000"
15848,2023-2024,Shohei Ohtani,"$30,000,000"
15849,2023-2024,Jacob deGrom,"$30,000,000"
15850,2023-2024,Alex Bregman,"$28,500,000"
15851,2023-2024,Chris Sale,"$27,500,000"
15852,2023-2024,Trea Turner,"$27,272,727"
15853,2023-2024,Francisco Lindor,"$27,050,000"
15854,2023-2024,Kris Bryant,"$27,000,000"
15855,2023-2024,Carlos Rodon,"$27,000,000"
15856,2023-2024,Jose Altuve,"$26,000,000"
15857,2023-2024,Paul Goldschmidt,"$26,000,000"
15858,2023-2024,Bryce Harper,"$26,000,000"
15859,2023-2024,Marcus Semien,"$26,000,000"
15860,2023-2024,Marcus Stroman,"$25,000,000"
15861,2023-2024,Joey Votto,"$25,000,000"
15862,2023-2024,Zack Wheeler,"$24,500,000"
15863,2023-2024,Patrick Corbin,"$24,000,000"
15864,2023-2024,J.T. Realmuto,"$23,875,000"
15865,2023-2024,Edwin Diaz,"$23,750,000"
15866,2023-2024,Miles Mikolas,"$23,750,000"
15867,2023-2024,Stephen Strasburg,"$23,571,428"
15868,2023-2024,Manny Machado,"$23,000,000"
15869,2023-2024,Juan Soto,"$23,000,000"
15870,2023-2024,Rafael Devers,"$22,500,000"
15871,2023-2024,George Springer,"$22,500,000"
15872,2023-2024,Javier Báez,"$22,000,000"
15873,2023-2024,Starling Marte,"$22,000,000"
15874,2023-2024,Giancarlo Stanton,"$22,000,000"
15875,2023-2024,Christian Yelich,"$22,000,000"
15876,2023-2024,Chris Bassitt,"$21,000,000"
15877,2023-2024,Kevin Gausman,"$21,000,000"
15878,2023-2024,Matt Olson,"$21,000,000"
15879,2023-2024,Robbie Ray,"$21,000,000"
15880,2023-2024,Brandon Nimmo,"$20,250,000"
15881,2023-2024,Nick Castellanos,"$20,000,000"
15882,2023-2024,Freddie Freeman,"$20,000,000"
15883,2023-2024,Clayton Kershaw,"$20,000,000"
15884,2023-2024,Charlie Morton,"$20,000,000"
15885,2023-2024,Joe Musgrove,"$20,000,000"
15886,2023-2024,Salvador Perez,"$20,000,000"
15887,2023-2024,Hyun-Jin Ryu,"$20,000,000"
15888,2023-2024,Kyle Schwarber,"$20,000,000"
15889,2023-2024,Trevor Story,"$20,000,000"
15890,2023-2024,Dansby Swanson,"$20,000,000"
15891,2023-2024,Joc Pederson,"$19,650,000"
15892,2023-2024,Martín Pérez,"$19,650,000"
15893,2023-2024,Nathan Eovaldi,"$19,600,000"
15894,2023-2024,Jose Abreu,"$19,500,000"
15895,2023-2024,Julio Rodriguez,"$19,325,000"
15896,2023-2024,Kodai Senga,"$19,000,000"
15897,2023-2024,Jorge Soler,"$19,000,000"
15898,2023-2024,Yasmani Grandal,"$18,250,000"
15899,2023-2024,Michael Conforto,"$18,000,000"
15900,2023-2024,Yoan Moncada,"$18,000,000"
15901,2023-2024,Taijuan Walker,"$18,000,000"
15902,2023-2024,Masataka Yoshida,"$18,000,000"
15903,2023-2024,Luis Castillo,"$17,025,000"
15904,2023-2024,Ronald Acuña Jr.,"$17,000,000"
15905,2023-2024,Mookie Betts,"$17,000,000"
15906,2023-2024,Anthony Rizzo,"$17,000,000"
15907,2023-2024,Seiya Suzuki,"$17,000,000"
15908,2023-2024,Brandon Crawford,"$16,000,000"
15909,2023-2024,Raisel Iglesias,"$16,000,000"
15910,2023-2024,Kenley Jansen,"$16,000,000"
15911,2023-2024,Aaron Nola,"$16,000,000"
15912,2023-2024,Marcell Ozuna,"$16,000,000"
15913,2023-2024,Blake Snell,"$16,000,000"
15914,2023-2024,Lance McCullers,"$15,250,000"
15915,2023-2024,José Berríos,"$15,000,000"
15916,2023-2024,Charlie Blackmon,"$15,000,000"
15917,2023-2024,Byron Buxton,"$15,000,000"
15918,2023-2024,Jon Gray,"$15,000,000"
15919,2023-2024,D.J. LeMahieu,"$15,000,000"
15920,2023-2024,Germán Márquez,"$15,000,000"
15921,2023-2024,Austin Riley,"$15,000,000"
15922,2023-2024,Luis Severino,"$15,000,000"
15923,2023-2024,Chris Taylor,"$15,000,000"
15924,2023-2024,Pete Alonso,"$14,500,000"
15925,2023-2024,Vladimir Guerrero Jr.,"$14,500,000"
15926,2023-2024,Julio Urias,"$14,250,000"
15927,2023-2024,Josh Hader,"$14,100,000"
15928,2023-2024,Carlos Carrasco,"$14,000,000"
15929,2023-2024,Kyle Hendricks,"$14,000,000"
15930,2023-2024,Liam Hendriks,"$14,000,000"
15931,2023-2024,Teoscar Hernandez,"$14,000,000"
15932,2023-2024,Ketel Marte,"$14,000,000"
15933,2023-2024,Ryan Pressly,"$14,000,000"
15934,2023-2024,Eduardo Rodriguez,"$14,000,000"
15935,2023-2024,Jameson Taillon,"$14,000,000"
15936,2023-2024,José Ramírez,"$13,949,462"
15937,2023-2024,Ian Happ,"$13,850,000"
15938,2023-2024,Max Fried,"$13,500,000"
15939,2023-2024,Max Muncy,"$13,500,000"
15940,2023-2024,Sonny Gray,"$13,300,000"
15941,2023-2024,Zack Greinke,"$13,300,000"
15942,2023-2024,Tyler Anderson,"$13,000,000"
15943,2023-2024,Jose Quintana,"$13,000,000"
15944,2023-2024,Cody Bellinger,"$12,500,000"
15945,2023-2024,Sean Manaea,"$12,500,000"
15946,2023-2024,Ross Stripling,"$12,500,000"
15947,2023-2024,Alex Wood,"$12,500,000"
15948,2023-2024,Tim Anderson,"$12,096,776"
15949,2023-2024,Yordan Alvarez,"$12,000,000"
15950,2023-2024,Michael Brantley,"$12,000,000"
15951,2023-2024,Matt Chapman,"$12,000,000"
15952,2023-2024,Anthony DeSclafani,"$12,000,000"
15953,2023-2024,Avisaíl García,"$12,000,000"
15954,2023-2024,Andrew Heaney,"$12,000,000"
15955,2023-2024,Rhys Hoskins,"$12,000,000"
15956,2023-2024,Rafael Montero,"$11,900,000"
15957,2023-2024,Andrew Benintendi,"$11,000,000"
15958,2023-2024,Zach Eflin,"$11,000,000"
15959,2023-2024,Joey Gallo,"$11,000,000"
15960,2023-2024,Mitch Haniger,"$11,000,000"
15961,2023-2024,Nick Martinez,"$11,000,000"
15962,2023-2024,Eugenio Suarez,"$11,000,000"
15963,2023-2024,Brandon Woodruff,"$10,800,000"
15964,2023-2024,Kyle Freeland,"$10,500,000"
15965,2023-2024,Shane Bieber,"$10,010,000"
15966,2023-2024,Corbin Burnes,"$10,010,000"
15967,2023-2024,Matthew Boyd,"$10,000,000"
15968,2023-2024,Willson Contreras,"$10,000,000"
15969,2023-2024,J.P. Crawford,"$10,000,000"
15970,2023-2024,Kyle Gibson,"$10,000,000"
15971,2023-2024,Ke'Bryan Hayes,"$10,000,000"
15972,2023-2024,Yusei Kikuchi,"$10,000,000"
15973,2023-2024,Craig Kimbrel,"$10,000,000"
15974,2023-2024,Corey Kluber,"$10,000,000"
15975,2023-2024,J.D. Martinez,"$10,000,000"
15976,2023-2024,Steven Matz,"$10,000,000"
15977,2023-2024,Drew Pomeranz,"$10,000,000"
15978,2023-2024,Drew Smyly,"$10,000,000"
15979,2023-2024,Robert Suarez,"$10,000,000"
15980,2023-2024,Christian Vazquez,"$10,000,000"
15981,2023-2024,Gleyber Torres,"$9,950,000"
15982,2023-2024,Daniel Bard,"$9,500,000"
15983,2023-2024,Eloy Jimenez,"$9,500,000"
15984,2023-2024,Luis Robert Jr.,"$9,500,000"
15985,2023-2024,Brandon Belt,"$9,300,000"
15986,2023-2024,Justin Turner,"$9,300,000"
15987,2023-2024,Alex Cobb,"$9,000,000"
15988,2023-2024,Kevin Kiermaier,"$9,000,000"
15989,2023-2024,Ryan McMahon,"$9,000,000"
15990,2023-2024,Taylor Rogers,"$9,000,000"
15991,2023-2024,Eddie Rosario,"$9,000,000"
15992,2023-2024,Seth Lugo,"$8,750,000"
15993,2023-2024,Bryan Reynolds,"$8,750,000"
15994,2023-2024,Willy Adames,"$8,700,000"
15995,2023-2024,Brandon Drury,"$8,500,000"
15996,2023-2024,Max Kepler,"$8,500,000"
15997,2023-2024,Jordan Lyles,"$8,500,000"
15998,2023-2024,Giovanny Urshela,"$8,400,000"
15999,2023-2024,Jesse Winker,"$8,250,000"
16000,2023-2024,Nolan Arenado,"$8,025,000"
16001,2023-2024,Walker Buehler,"$8,025,000"
16002,2023-2024,Mike Clevinger,"$8,000,000"
16003,2023-2024,Adam Frazier,"$8,000,000"
16004,2023-2024,Merrill Kelly,"$8,000,000"
16005,2023-2024,Scott Kingery,"$8,000,000"
16006,2023-2024,Omar Narváez,"$8,000,000"
16007,2023-2024,Hector Neris,"$8,000,000"
16008,2023-2024,David Peralta,"$8,000,000"
16009,2023-2024,Blake Treinen,"$8,000,000"
16010,2023-2024,Michael Wacha,"$8,000,000"
16011,2023-2024,Travis d'Arnaud,"$8,000,000"
16012,2023-2024,Adam Duvall,"$7,500,000"
16013,2023-2024,Aaron Loup,"$7,500,000"
16014,2023-2024,Tyler Mahle,"$7,500,000"
16015,2023-2024,Frankie Montas,"$7,500,000"
16016,2023-2024,Jorge Polanco,"$7,500,000"
16017,2023-2024,Matt Strahm,"$7,500,000"
16018,2023-2024,Adam Wainwright,"$7,500,000"
16019,2023-2024,Anthony Santander,"$7,400,000"
16020,2023-2024,Antonio Senzatela,"$7,250,000"
16021,2023-2024,Trevor May,"$7,125,000"
16022,2023-2024,Ozzie Albies,"$7,000,000"
16023,2023-2024,Ha-seong Kim,"$7,000,000"
16024,2023-2024,Manuel Margot,"$7,000,000"
16025,2023-2024,Max Stassi,"$7,000,000"
16026,2023-2024,Framber Valdez,"$6,800,000"
16027,2023-2024,Aledmys Diaz,"$6,750,000"
16028,2023-2024,Carlos Estevez,"$6,750,000"
16029,2023-2024,Whit Merrifield,"$6,750,000"
16030,2023-2024,Matt Carpenter,"$6,500,000"
16031,2023-2024,Wilmer Flores,"$6,500,000"
16032,2023-2024,Yan Gomes,"$6,500,000"
16033,2023-2024,Marco Gonzales,"$6,500,000"
16034,2023-2024,Daniel Hudson,"$6,500,000"
16035,2023-2024,Christian Walker,"$6,500,000"
16036,2023-2024,Lance Lynn,"$6,465,030"
16037,2023-2024,Alex Verdugo,"$6,300,000"
16038,2023-2024,Jeff McNeil,"$6,250,000"
16039,2023-2024,Luis Arraez,"$6,100,000"
16040,2023-2024,Bo Bichette,"$6,100,000"
16041,2023-2024,Mike Yastrzemski,"$6,100,000"
16042,2023-2024,Sandy Alcantara,"$6,000,000"
16043,2023-2024,Corbin Carroll,"$6,000,000"
16044,2023-2024,Johnny Cueto,"$6,000,000"
16045,2023-2024,Yandy Diaz,"$6,000,000"
16046,2023-2024,David Fletcher,"$6,000,000"
16047,2023-2024,Yimi Garcia,"$6,000,000"
16048,2023-2024,Isiah Kiner-Falefa,"$6,000,000"
16049,2023-2024,Jose Leclerc,"$6,000,000"
16050,2023-2024,Chris Martin,"$6,000,000"
16051,2023-2024,Mark Melancon,"$6,000,000"
16052,2023-2024,Joey Wendle,"$6,000,000"
16053,2023-2024,Trevor Williams,"$6,000,000"
16054,2023-2024,Kirby Yates,"$6,000,000"
16055,2023-2024,Brad Keller,"$5,775,000"
16056,2023-2024,Tommy Kahnle,"$5,750,000"
16057,2023-2024,Dylan Cease,"$5,700,000"
16058,2023-2024,Fernando Tatis Jr.,"$5,617,284"
16059,2023-2024,Zac Gallen,"$5,600,000"
16060,2023-2024,Kyle Farmer,"$5,585,000"
16061,2023-2024,Elias Diaz,"$5,500,000"
16062,2023-2024,Cal Quantrill,"$5,500,000"
16063,2023-2024,Pablo López,"$5,450,000"
16064,2023-2024,Josh Bell,"$5,411,310"
16065,2023-2024,Lourdes Gurriel Jr.,"$5,400,000"
16066,2023-2024,Tyler Glasnow,"$5,350,000"
16067,2023-2024,Nick Pivetta,"$5,350,000"
16068,2023-2024,Brandon Lowe,"$5,250,000"
16069,2023-2024,Will Smith,"$5,250,000"
16070,2023-2024,Eric Lauer,"$5,075,000"
16071,2023-2024,Andres Gimenez,"$5,000,000"
16072,2023-2024,Michael Harris II,"$5,000,000"
16073,2023-2024,Cristian Javier,"$5,000,000"
16074,2023-2024,Evan Longoria,"$5,000,000"
16075,2023-2024,Andrew McCutchen,"$5,000,000"
16076,2023-2024,Collin McHugh,"$5,000,000"
16077,2023-2024,Miguel Rojas,"$5,000,000"
16078,2023-2024,Kyle Tucker,"$5,000,000"
16079,2023-2024,Tyler O'Neill,"$4,950,000"
16080,2023-2024,Rowdy Tellez,"$4,950,000"
16081,2023-2024,Adam Ottavino,"$4,750,000"
16082,2023-2024,Zach Davies,"$4,700,000"
16083,2023-2024,Michael A. Taylor,"$4,600,000"
16084,2023-2024,Logan Webb,"$4,600,000"
16085,2023-2024,Jordan Romano,"$4,537,500"
16086,2023-2024,Giovanny Gallegos,"$4,500,000"
16087,2023-2024,Jake Odorizzi,"$4,500,000"
16088,2023-2024,Manuel Pina,"$4,500,000"
16089,2023-2024,Brooks Raley,"$4,500,000"
16090,2023-2024,Aroldis Chapman,"$4,374,973"
16091,2023-2024,Miguel Castro,"$4,350,000"
16092,2023-2024,Austin Meadows,"$4,300,000"
16093,2023-2024,A.J. Minter,"$4,287,500"
16094,2023-2024,Jake Cronenworth,"$4,225,000"
16095,2023-2024,J.D. Davis,"$4,210,000"
16096,2023-2024,Tommy Edman,"$4,200,000"
16097,2023-2024,Randy Arozarena,"$4,150,000"
16098,2023-2024,Ty France,"$4,100,000"
16099,2023-2024,Cedric Mullins,"$4,100,000"
16100,2023-2024,Lou Trivino,"$4,100,000"
16101,2023-2024,Nathaniel Lowe,"$4,050,000"
16102,2023-2024,David Bote,"$4,000,000"
16103,2023-2024,Michael Fulmer,"$4,000,000"
16104,2023-2024,Martin Maldonado,"$4,000,000"
16105,2023-2024,Wade Miley,"$4,000,000"
16106,2023-2024,Brad Miller,"$4,000,000"
16107,2023-2024,Sean Murphy,"$4,000,000"
16108,2023-2024,James Paxton,"$4,000,000"
16109,2023-2024,Keibert Ruiz,"$4,000,000"
16110,2023-2024,Will Smith,"$4,000,000"
16111,2023-2024,Jeffrey Springs,"$4,000,000"
16112,2023-2024,Gregory Soto,"$3,925,000"
16113,2023-2024,Mitch Garver,"$3,900,000"
16114,2023-2024,Aaron Bummer,"$3,750,000"
16115,2023-2024,Tony Kemp,"$3,725,000"
16116,2023-2024,Pete Fairbanks,"$3,666,666"
16117,2023-2024,Tommy Pham,"$3,639,802"
16118,2023-2024,Adrian Houser,"$3,600,000"
16119,2023-2024,Ryne Stanek,"$3,600,000"
16120,2023-2024,Michael Lorenzen,"$3,537,639"
16121,2023-2024,Jose Alvarado,"$3,500,000"
16122,2023-2024,Austin Barnes,"$3,500,000"
16123,2023-2024,Luis Garcia,"$3,500,000"
16124,2023-2024,Danny Jansen,"$3,500,000"
16125,2023-2024,Emilio Pagan,"$3,500,000"
16126,2023-2024,Freddy Peralta,"$3,500,000"
16127,2023-2024,Drew VerHagen,"$3,500,000"
16128,2023-2024,David Robertson,"$3,494,595"
16129,2023-2024,Clay Holmes,"$3,400,000"
16130,2023-2024,Jordan Montgomery,"$3,387,069"
16131,2023-2024,Josh Naylor,"$3,350,000"
16132,2023-2024,Wandy Peralta,"$3,350,000"
16133,2023-2024,Jacob Stallings,"$3,350,000"
16134,2023-2024,Devin Williams,"$3,350,000"
16135,2023-2024,Tony Gonsolin,"$3,250,000"
16136,2023-2024,Nestor Cortes,"$3,200,000"
16137,2023-2024,Austin Hays,"$3,200,000"
16138,2023-2024,Austin Slater,"$3,200,000"
16139,2023-2024,Trent Grisham,"$3,175,000"
16140,2023-2024,Adam Cimber,"$3,150,000"
16141,2023-2024,Vince Velasquez,"$3,150,000"
16142,2023-2024,Joe Kelly,"$3,145,155"
16143,2023-2024,Daulton Varsho,"$3,050,000"
16144,2023-2024,Adalberto Mondesi,"$3,045,000"
16145,2023-2024,José Urquidy,"$3,025,000"
16146,2023-2024,Elvis Andrus,"$3,000,000"
16147,2023-2024,Hunter Greene,"$3,000,000"
16148,2023-2024,Luke Jackson,"$3,000,000"
16149,2023-2024,Kenta Maeda,"$3,000,000"
16150,2023-2024,Kevin Pillar,"$3,000,000"
16151,2023-2024,Drew Rucinski,"$3,000,000"
16152,2023-2024,Brent Suter,"$3,000,000"
16153,2023-2024,Evan White,"$3,000,000"
16154,2023-2024,Ryan Yarbrough,"$3,000,000"
16155,2023-2024,John Means,"$2,975,000"
16156,2023-2024,Diego Castillo,"$2,950,000"
16157,2023-2024,Zach Plesac,"$2,950,000"
16158,2023-2024,Brady Singer,"$2,950,000"
16159,2023-2024,Ranger Suarez,"$2,950,000"
16160,2023-2024,Tanner Scott,"$2,825,000"
16161,2023-2024,Cavan Biggio,"$2,800,000"
16162,2023-2024,Victor Caratini,"$2,800,000"
16163,2023-2024,Jake Junis,"$2,800,000"
16164,2023-2024,Michael Soroka,"$2,800,000"
16165,2023-2024,Kendall Graveman,"$2,795,715"
16166,2023-2024,Amed Rosario,"$2,767,710"
16167,2023-2024,Joe Jimenez,"$2,765,000"
16168,2023-2024,Patrick Sandoval,"$2,750,000"
16169,2023-2024,Taylor Ward,"$2,750,000"
16170,2023-2024,Brendan Rodgers,"$2,700,000"
16171,2023-2024,Dakota Hudson,"$2,650,000"
16172,2023-2024,Jared Walsh,"$2,650,000"
16173,2023-2024,Matt Barnes,"$2,625,000"
16174,2023-2024,Rich Hill,"$2,623,671"
16175,2023-2024,Pierce Johnson,"$2,604,858"
16176,2023-2024,Domingo German,"$2,600,000"
16177,2023-2024,Phil Maton,"$2,550,000"
16178,2023-2024,Nico Hoerner,"$2,525,000"
16179,2023-2024,Curt Casali,"$2,500,000"
16180,2023-2024,Seranthony Dominguez,"$2,500,000"
16181,2023-2024,Jarlin Garcia,"$2,500,000"
16182,2023-2024,Scott McGough,"$2,500,000"
16183,2023-2024,Chris Paddack,"$2,500,000"
16184,2023-2024,Roberto Pérez,"$2,500,000"
16185,2023-2024,Myles Straw,"$2,500,000"
16186,2023-2024,Jeimer Candelario,"$2,466,684"
16187,2023-2024,Jesús Luzardo,"$2,450,000"
16188,2023-2024,Mitch Keller,"$2,437,500"
16189,2023-2024,C.J. Cron,"$2,416,636"
16190,2023-2024,Caleb Thielbar,"$2,400,000"
16191,2023-2024,Carlos Santana,"$2,386,296"
16192,2023-2024,Jose Trevino,"$2,360,000"
16193,2023-2024,Austin Nola,"$2,350,000"
16194,2023-2024,Kyle Finnegan,"$2,325,000"
16195,2023-2024,Victor Robles,"$2,325,000"
16196,2023-2024,Orlando Arcia,"$2,300,000"
16197,2023-2024,John Brebbia,"$2,300,000"
16198,2023-2024,Luis Rengifo,"$2,300,000"
16199,2023-2024,Jose Cisnero,"$2,287,500"
16200,2023-2024,JT Brubaker,"$2,275,000"
16201,2023-2024,Jonathan Loaisiga,"$2,262,500"
16202,2023-2024,C.J. Edwards,"$2,250,000"
16203,2023-2024,Thairo Estrada,"$2,250,000"
16204,2023-2024,Chad Green,"$2,250,000"
16205,2023-2024,Dylan Moore,"$2,250,000"
16206,2023-2024,Kris Bubic,"$2,200,000"
16207,2023-2024,Keston Hiura,"$2,200,000"
16208,2023-2024,Harold Ramirez,"$2,200,000"
16209,2023-2024,Lane Thomas,"$2,200,000"
16210,2023-2024,Francisco Mejia,"$2,155,000"
16211,2023-2024,Ryan Helsley,"$2,150,000"
16212,2023-2024,Spencer Turnbull,"$2,150,000"
16213,2023-2024,Jon Berti,"$2,100,000"
16214,2023-2024,Santiago Espinal,"$2,100,000"
16215,2023-2024,Tim Mayza,"$2,100,000"
16216,2023-2024,Donovan Solano,"$2,100,000"
16217,2023-2024,Andrew Kittredge,"$2,075,000"
16218,2023-2024,Michael Kopech,"$2,050,000"
16219,2023-2024,Christian Arroyo,"$2,000,000"
16220,2023-2024,Aaron Ashby,"$2,000,000"
16221,2023-2024,Brad Boxberger,"$2,000,000"
16222,2023-2024,Robbie Grossman,"$2,000,000"
16223,2023-2024,Jorge Mateo,"$2,000,000"
16224,2023-2024,Trevor Rosenthal,"$2,000,000"
16225,2023-2024,Dominic Smith,"$2,000,000"
16226,2023-2024,Garrett Whitlock,"$2,000,000"
16227,2023-2024,Nick Senzel,"$1,950,000"
16228,2023-2024,Paul Blackburn,"$1,900,000"
16229,2023-2024,Tyler Alexander,"$1,875,000"
16230,2023-2024,Tim Hill,"$1,850,000"
16231,2023-2024,Austin Voth,"$1,850,000"
16232,2023-2024,Andrew Chafin,"$1,803,770"
16233,2023-2024,Willi Castro,"$1,800,000"
16234,2023-2024,Jason Adam,"$1,775,000"
16235,2023-2024,Jack Flaherty,"$1,770,952"
16236,2023-2024,Buck Farmer,"$1,750,000"
16237,2023-2024,Scott Barlow,"$1,738,195"
16238,2023-2024,Lucas Giolito,"$1,733,334"
16239,2023-2024,Dustin May,"$1,675,000"
16240,2023-2024,Tyler Rogers,"$1,675,000"
16241,2023-2024,Jace Peterson,"$1,650,028"
16242,2023-2024,Austin Gomber,"$1,650,000"
16243,2023-2024,Austin Hedges,"$1,639,802"
16244,2023-2024,Tom Murphy,"$1,625,000"
16245,2023-2024,Kyle Lewis,"$1,610,000"
16246,2023-2024,Luis Guillorme,"$1,600,000"
16247,2023-2024,Elieser Hernandez,"$1,600,000"
16248,2023-2024,Jeff Hoffman,"$1,600,000"
16249,2023-2024,Tomás Nido,"$1,600,000"
16250,2023-2024,Emmanuel Clase,"$1,591,935"
16251,2023-2024,Lucas Luetge,"$1,550,000"
16252,2023-2024,Luis Urias,"$1,541,409"
16253,2023-2024,Miguel Andujar,"$1,525,000"
16254,2023-2024,Ji-Man Choi,"$1,525,000"
16255,2023-2024,Yency Almonte,"$1,500,000"
16256,2023-2024,Randy Dobnak,"$1,500,000"
16257,2023-2024,Matt Duffy,"$1,500,000"
16258,2023-2024,Didi Gregorius,"$1,500,000"
16259,2023-2024,James Karinchak,"$1,500,000"
16260,2023-2024,Shelby Miller,"$1,500,000"
16261,2023-2024,Andres Munoz,"$1,500,000"
16262,2023-2024,Tanner Rainey,"$1,500,000"
16263,2023-2024,Trevor Richards,"$1,500,000"
16264,2023-2024,Joely Rodriguez,"$1,500,000"
16265,2023-2024,Dillon Tate,"$1,500,000"
16266,2023-2024,Julio Teherán,"$1,500,000"
16267,2023-2024,Dan Vogelbach,"$1,500,000"
16268,2023-2024,Matt Wisler,"$1,500,000"
16269,2023-2024,Brad Hand,"$1,491,965"
16270,2023-2024,Wander Franco,"$1,483,856"
16271,2023-2024,Kyle Higashioka,"$1,462,500"
16272,2023-2024,Gary Sánchez,"$1,419,350"
16273,2023-2024,Michael Brosseau,"$1,400,000"
16274,2023-2024,Mauricio Dubon,"$1,400,000"
16275,2023-2024,Tim Locastro,"$1,400,000"
16276,2023-2024,Ryan O'Hearn,"$1,400,000"
16277,2023-2024,Garrett Cooper,"$1,377,441"
16278,2023-2024,Jalen Beeks,"$1,375,000"
16279,2023-2024,LaMonte Wade Jr.,"$1,375,000"
16280,2023-2024,Paul Sewald,"$1,366,666"
16281,2023-2024,Christian Bethancourt,"$1,350,000"
16282,2023-2024,Trevor Stephan,"$1,350,000"
16283,2023-2024,Harold Castro,"$1,300,000"
16284,2023-2024,Michael King,"$1,300,000"
16285,2023-2024,Evan Phillips,"$1,300,000"
16286,2023-2024,Drew Smith,"$1,300,000"
16287,2023-2024,Shintaro Fujinami,"$1,275,529"
16288,2023-2024,Brett Martin,"$1,275,000"
16289,2023-2024,Lucas Sims,"$1,267,500"
16290,2023-2024,Cam Gallagher,"$1,250,000"
16291,2023-2024,Yulieski Gurriel,"$1,250,000"
16292,2023-2024,Travis Jankowski,"$1,250,000"
16293,2023-2024,Casey Sadler,"$1,250,000"
16294,2023-2024,Erik Swanson,"$1,250,000"
16295,2023-2024,Nicky Lopez,"$1,233,304"
16296,2023-2024,Brusdar Graterol,"$1,225,000"
16297,2023-2024,Nick Madrigal,"$1,225,000"
16298,2023-2024,Reese McGuire,"$1,225,000"
16299,2023-2024,Shawn Armstrong,"$1,200,000"
16300,2023-2024,Jesse Chavez,"$1,200,000"
16301,2023-2024,Wilmer Difo,"$1,200,000"
16302,2023-2024,Tyler Kinley,"$1,200,000"
16303,2023-2024,Tyler Matzek,"$1,200,000"
16304,2023-2024,Jimmy Nelson,"$1,200,000"
16305,2023-2024,Brett Phillips,"$1,200,000"
16306,2023-2024,Rob Refsnyder,"$1,200,000"
16307,2023-2024,Luke Maile,"$1,175,000"
16308,2023-2024,Luke Maile,"$1,175,000"
16309,2023-2024,Colin Poche,"$1,175,000"
16310,2023-2024,Scott Alexander,"$1,150,000"
16311,2023-2024,Taylor Clarke,"$1,150,000"
16312,2023-2024,Joey Lucchesi,"$1,150,000"
16313,2023-2024,Alex Young,"$1,150,000"
16314,2023-2024,Robert Stephenson,"$1,138,489"
16315,2023-2024,Randal Grichuk,"$1,111,098"
16316,2023-2024,Enrique Hernandez,"$1,102,121"
16317,2023-2024,Caleb Ferguson,"$1,100,000"
16318,2023-2024,Andrew Knizner,"$1,100,000"
16319,2023-2024,Alex Reyes,"$1,100,000"
16320,2023-2024,Jaime Barria,"$1,050,000"
16321,2023-2024,Ramon Laureano,"$1,049,730"
16322,2023-2024,Harrison Bader,"$1,033,339"
16323,2023-2024,Hoby Milner,"$1,025,000"
16324,2023-2024,Josh Staumont,"$1,025,000"
16325,2023-2024,Josh Taylor,"$1,025,000"
16326,2023-2024,Duane Underwood,"$1,025,000"
16327,2023-2024,Michael Chavis,"$1,000,000"
16328,2023-2024,Danny Coulombe,"$1,000,000"
16329,2023-2024,Anthony Gose,"$1,000,000"
16330,2023-2024,Derek Law,"$1,000,000"
16331,2023-2024,James McCann,"$1,000,000"
16332,2023-2024,Edwin Rios,"$1,000,000"
16333,2023-2024,Spencer Strider,"$1,000,000"
16334,2023-2024,Jason Vosler,"$1,000,000"
16335,2023-2024,Jason Vosler,"$1,000,000"
16336,2023-2024,Justin Wilson,"$1,000,000"
16337,2023-2024,Jonathan Hernandez,"$995,000"
16338,2023-2024,Ildemaro Vargas,"$975,000"
16339,2023-2024,Edmundo Sosa,"$950,000"
16340,2023-2024,Chris Stratton,"$948,402"
16341,2023-2024,Victor Arano,"$925,000"
16342,2023-2024,Justin Dunn,"$900,000"
16343,2023-2024,Justin Dunn,"$900,000"
16344,2023-2024,Nick Anderson,"$875,000"
16345,2023-2024,Jose Ruiz,"$870,297"
16346,2023-2024,Hunter Harvey,"$870,000"
16347,2023-2024,Aaron Civale,"$866,636"
16348,2023-2024,Josh Rojas,"$858,328"
16349,2023-2024,Anthony Banda,"$850,000"
16350,2023-2024,Jake Brentz,"$850,000"
16351,2023-2024,Griffin Canning,"$850,000"
16352,2023-2024,Yu-Cheng Chang,"$850,000"
16353,2023-2024,J.T. Chargois,"$850,000"
16354,2023-2024,Mark Leiter Jr.,"$850,000"
16355,2023-2024,Rony Garcia,"$830,000"
16356,2023-2024,Codi Heuer,"$785,000"
16357,2023-2024,Tejay Antone,"$770,000"
16358,2023-2024,Logan Gilbert,"$767,300"
16359,2023-2024,Alejandro Kirk,"$767,300"
16360,2023-2024,Luis Garcia,"$763,200"
16361,2023-2024,Patrick Wisdom,"$763,000"
16362,2023-2024,Jonathan India,"$760,000"
16363,2023-2024,Andrew Vaughn,"$760,000"
16364,2023-2024,George Kirby,"$758,300"
16365,2023-2024,Cal Raleigh,"$758,300"
16366,2023-2024,Jeremy Pena,"$754,900"
16367,2023-2024,Chas McCormick,"$752,500"
16368,2023-2024,Trevor Rogers,"$752,000"
16369,2023-2024,Kolby Allard,"$750,000"
16370,2023-2024,Enyel De Los Santos,"$750,000"
16371,2023-2024,Camilo Doval,"$750,000"
16372,2023-2024,J.P. Feyereisen,"$750,000"
16373,2023-2024,Sam Hilliard,"$750,000"
16374,2023-2024,Gavin Lux,"$750,000"
16375,2023-2024,David Peterson,"$750,000"
16376,2023-2024,John Schreiber,"$750,000"
16377,2023-2024,José Suarez,"$750,000"
16378,2023-2024,Michael Tonkin,"$750,000"
16379,2023-2024,Kyle Wright,"$750,000"
16380,2023-2024,Huascar Ynoa,"$750,000"
16381,2023-2024,Jazz Chisholm,"$749,500"
16382,2023-2024,Alec Bohm,"$748,000"
16383,2023-2024,Adolis García,"$747,760"
16384,2023-2024,Bobby Witt Jr.,"$745,750"
16385,2023-2024,Jonah Heim,"$745,660"
16386,2023-2024,Bryan Abreu,"$745,200"
16387,2023-2024,David Bednar,"$745,000"
16388,2023-2024,Adbert Alzolay,"$744,750"
16389,2023-2024,Tarik Skubal,"$743,700"
16390,2023-2024,Brock Burke,"$742,840"
16391,2023-2024,Dane Dunning,"$742,840"
16392,2023-2024,Scott Effross,"$742,750"
16393,2023-2024,Dylan Carlson,"$742,400"
16394,2023-2024,Ryan Jeffers,"$741,650"
16395,2023-2024,Garrett Stubbs,"$741,000"
16396,2023-2024,Clarke Schmidt,"$740,475"
16397,2023-2024,Reid Detmers,"$740,000"
16398,2023-2024,Jake Fraley,"$740,000"
16399,2023-2024,Tanner Houck,"$740,000"
16400,2023-2024,Carlos Pérez,"$740,000"
16401,2023-2024,Chris Rodriguez,"$740,000"
16402,2023-2024,Justin Steele,"$740,000"
16403,2023-2024,Tyler Stephenson,"$740,000"
16404,2023-2024,Tyler Stephenson,"$740,000"
16405,2023-2024,Matt Thaiss,"$740,000"
16406,2023-2024,Drew Rasmussen,"$739,700"
16407,2023-2024,Triston McKenzie,"$739,500"
16408,2023-2024,William Contreras,"$739,000"
16409,2023-2024,Steven Okert,"$739,000"
16410,2023-2024,Albert Abreu,"$738,700"
16411,2023-2024,Geraldo Perdomo,"$738,600"
16412,2023-2024,Anthony Bender,"$738,500"
16413,2023-2024,Ryan Mountcastle,"$738,400"
16414,2023-2024,Jesús Sánchez,"$738,000"
16415,2023-2024,Shane McClanahan,"$737,000"
16416,2023-2024,Julian Merryweather,"$737,000"
16417,2023-2024,Bryan De La Cruz,"$736,000"
16418,2023-2024,A.J. Puk,"$736,000"
16419,2023-2024,Nick Gordon,"$735,400"
16420,2023-2024,Tyrone Taylor,"$735,400"
16421,2023-2024,Connor Joe,"$735,000"
16422,2023-2024,Johan Oviedo,"$735,000"
16423,2023-2024,Isaac Paredes,"$735,000"
16424,2023-2024,Gavin Sheets,"$735,000"
16425,2023-2024,Ramon Urias,"$734,700"
16426,2023-2024,Brandon Marsh,"$734,500"
16427,2023-2024,Zach McKinstry,"$734,500"
16428,2023-2024,Bryson Stott,"$734,500"
16429,2023-2024,Casey Mize,"$734,200"
16430,2023-2024,Matt Foster,"$734,000"
16431,2023-2024,Adley Rutschman,"$733,900"
16432,2023-2024,Josh Sborz,"$733,450"
16433,2023-2024,Leody Taveras,"$733,445"
16434,2023-2024,Griffin Jax,"$733,150"
16435,2023-2024,Garrett Crochet,"$733,000"
16436,2023-2024,Bryse Wilson,"$732,600"
16437,2023-2024,Triston Casas,"$732,500"
16438,2023-2024,Lars Nootbaar,"$732,400"
16439,2023-2024,Cionel Perez,"$732,300"
16440,2023-2024,Braxton Garrett,"$732,000"
16441,2023-2024,Jake Meyers,"$732,000"
16442,2023-2024,Félix Bautista,"$731,800"
16443,2023-2024,Jose Siri,"$731,600"
16444,2023-2024,Dean Kremer,"$731,200"
16445,2023-2024,Trey Wingenter,"$731,136"
16446,2023-2024,Joel Payamps,"$730,500"
16447,2023-2024,Carlos Hernandez,"$730,250"
16448,2023-2024,Daniel Lynch,"$730,250"
16449,2023-2024,Joe Ryan,"$730,250"
16450,2023-2024,Sam Hentges,"$730,200"
16451,2023-2024,Seth Brown,"$730,000"
16452,2023-2024,Alexis Diaz,"$730,000"
16453,2023-2024,Alexis Diaz,"$730,000"
16454,2023-2024,Nick Fortes,"$730,000"
16455,2023-2024,Ian Gibaut,"$730,000"
16456,2023-2024,Ian Gibaut,"$730,000"
16457,2023-2024,Josiah Gray,"$730,000"
16458,2023-2024,Vladimir Gutierrez,"$730,000"
16459,2023-2024,Vladimir Gutierrez,"$730,000"
16460,2023-2024,Nick Lodolo,"$730,000"
16461,2023-2024,Logan O'Hoppe,"$730,000"
16462,2023-2024,Connor Overton,"$730,000"
16463,2023-2024,Connor Overton,"$730,000"
16464,2023-2024,Jarred Kelenic,"$729,400"
16465,2023-2024,Matt Manning,"$729,200"
16466,2023-2024,Riley Adams,"$728,800"
16467,2023-2024,Packy Naughton,"$728,750"
16468,2023-2024,Brendan Donovan,"$728,600"
16469,2023-2024,Corbin Martin,"$728,400"
16470,2023-2024,Kyle Bradish,"$728,100"
16471,2023-2024,Brandon Hughes,"$728,000"
16472,2023-2024,Riley Greene,"$727,800"
16473,2023-2024,Taylor Walls,"$727,600"
16474,2023-2024,Kyle Isbel,"$727,500"
16475,2023-2024,Wyatt Mills,"$727,500"
16476,2023-2024,Steven Kwan,"$727,300"
16477,2023-2024,Royce Lewis,"$727,100"
16478,2023-2024,Matt Vierling,"$727,100"
16479,2023-2024,Josh H. Smith,"$727,095"
16480,2023-2024,Eli Morgan,"$727,000"
16481,2023-2024,Penn Murfee,"$727,000"
16482,2023-2024,Nolan Gorman,"$726,950"
16483,2023-2024,MJ Melendez,"$726,500"
16484,2023-2024,Steven Wilson,"$726,400"
16485,2023-2024,Kutter Crawford,"$726,125"
16486,2023-2024,Dylan Lee,"$726,125"
16487,2023-2024,Alex Lange,"$726,000"
16488,2023-2024,Jake Rogers,"$726,000"
16489,2023-2024,Nick Sandlin,"$726,000"
16490,2023-2024,Matt Brash,"$725,800"
16491,2023-2024,Vinnie Pasquantino,"$725,500"
16492,2023-2024,Garrett Cleavinger,"$725,100"
16493,2023-2024,Ji-Hwan Bae,"$725,000"
16494,2023-2024,Hunter Brown,"$725,000"
16495,2023-2024,Lucas Gilbreath,"$725,000"
16496,2023-2024,Colin Holderman,"$725,000"
16497,2023-2024,Zach Jackson,"$725,000"
16498,2023-2024,Brent Rooker,"$725,000"
16499,2023-2024,Jack Suwinski,"$725,000"
16500,2023-2024,Beau Brieske,"$724,400"
16501,2023-2024,Garrett Mitchell,"$724,300"
16502,2023-2024,CJ Abrams,"$724,200"
16503,2023-2024,Ezequiel Duran,"$724,170"
16504,2023-2024,Thomas Szapucki,"$723,750"
16505,2023-2024,Kerry Carpenter,"$723,700"
16506,2023-2024,Shane Baz,"$723,600"
16507,2023-2024,Zack Kelly,"$723,500"
16508,2023-2024,Luis Gil,"$723,400"
16509,2023-2024,MacKenzie Gore,"$723,300"
16510,2023-2024,Joey Meneses,"$723,300"
16511,2023-2024,Gunnar Henderson,"$723,200"
16512,2023-2024,Josh Lowe,"$723,200"
16513,2023-2024,Spencer Torkelson,"$723,100"
16514,2023-2024,Romy Gonzalez,"$723,000"
16515,2023-2024,Andrew Nardi,"$723,000"
16516,2023-2024,Michael Massey,"$722,850"
16517,2023-2024,Luis Campusano,"$722,700"
16518,2023-2024,Graham Ashcraft,"$722,500"
16519,2023-2024,T.J. Friedl,"$722,500"
16520,2023-2024,Bryce Montes de Oca,"$722,500"
16521,2023-2024,Gabriel Moreno,"$722,500"
16522,2023-2024,James Outman,"$722,500"
16523,2023-2024,Drew Waters,"$722,400"
16524,2023-2024,Luke Raley,"$722,300"
16525,2023-2024,Jake Bird,"$722,000"
16526,2023-2024,Ryan Feltner,"$722,000"
16527,2023-2024,Justin Lawrence,"$722,000"
16528,2023-2024,Ezequiel Tovar,"$722,000"
16529,2023-2024,Josh Winckowski,"$722,000"
16530,2023-2024,Connor Wong,"$722,000"
16531,2023-2024,Max Meyer,"$721,500"
16532,2023-2024,Josh Jung,"$721,485"
16533,2023-2024,Alec Burleson,"$721,450"
16534,2023-2024,Ethan Roberts,"$721,000"
16535,2023-2024,Wilking Rodriguez,"$720,400"
16536,2023-2024,Yainer Diaz,"$720,300"
16537,2023-2024,Cade Cavalli,"$720,200"
16538,2023-2024,Gabriel Arias,"$720,100"
16539,2023-2024,Will Brennan,"$720,100"
16540,2023-2024,Xzavion Curry,"$720,100"
16541,2023-2024,Francisco Alvarez,"$720,000"
16542,2023-2024,Matt Canterino,"$720,000"
16543,2023-2024,Fernando Cruz,"$720,000"
16544,2023-2024,Oneil Cruz,"$720,000"
16545,2023-2024,Jhoan Duran,"$720,000"
16546,2023-2024,Bryce Elder,"$720,000"
16547,2023-2024,Mason Englert,"$720,000"
16548,2023-2024,Ian Hamilton,"$720,000"
16549,2023-2024,Diego Hernandez,"$720,000"
16550,2023-2024,José Hernández,"$720,000"
16551,2023-2024,Jason Heyward,"$720,000"
16552,2023-2024,Kevin Kelly,"$720,000"
16553,2023-2024,Shea Langeliers,"$720,000"
16554,2023-2024,Ben Lively,"$720,000"
16555,2023-2024,Ben Lively,"$720,000"
16556,2023-2024,John McMillon,"$720,000"
16557,2023-2024,Mason Miller,"$720,000"
16558,2023-2024,Ryan Noda,"$720,000"
16559,2023-2024,Cristian Pache,"$720,000"
16560,2023-2024,Freddy Pacheco,"$720,000"
16561,2023-2024,Esteury Ruiz,"$720,000"
16562,2023-2024,Blake Sabol,"$720,000"
16563,2023-2024,Reiver Sanmartin,"$720,000"
16564,2023-2024,Gregory Santos,"$720,000"
16565,2023-2024,JP Sears,"$720,000"
16566,2023-2024,Gabe Speier,"$720,000"
16567,2023-2024,Spencer Steer,"$720,000"
16568,2023-2024,Spencer Steer,"$720,000"
16569,2023-2024,Anthony Volpe,"$720,000"
16570,2023-2024,Ken Waldichuk,"$720,000"
16571,2023-2024,Thad Ward,"$720,000"
16572,2023-2024,Alex Kirilloff,"$715,855"
16573,2023-2024,Brayan Bello,"$713,804"
16574,2023-2024,Stone Garrett,"$704,516"
16575,2023-2024,Ryan Rolison,"$701,613"
16576,2023-2024,Huascar Brazoban,"$700,560"
16577,2023-2024,Jason Foley,"$698,870"
16578,2023-2024,Freddy Tarnok,"$696,780"
16579,2023-2024,Michael Grove,"$687,468"
16580,2023-2024,Kevin Ginkel,"$686,394"
16581,2023-2024,Jose Marte,"$682,950"
16582,2023-2024,Akil Baddoo,"$682,520"
16583,2023-2024,Oswaldo Cabrera,"$678,810"
16584,2023-2024,Dany Jimenez,"$678,252"
16585,2023-2024,Justin Topa,"$677,419"
16586,2023-2024,Sam Coonrod,"$675,054"
16587,2023-2024,Joey Wiemer,"$665,812"
16588,2023-2024,Edward Olivares,"$665,161"
16589,2023-2024,Jason Delay,"$661,941"
16590,2023-2024,Keegan Akin,"$660,408"
16591,2023-2024,Yennier Cano,"$658,065"
16592,2023-2024,Jake Woodford,"$656,205"
16593,2023-2024,Mason Thompson,"$654,360"
16594,2023-2024,José Caballero,"$654,194"
16595,2023-2024,Tyler Holton,"$654,194"
16596,2023-2024,Richard Lovelady,"$654,193"
16597,2023-2024,Tucupita Marcano,"$654,193"
16598,2023-2024,Zach Neto,"$654,193"
16599,2023-2024,Sean Bouchard,"$652,176"
16600,2023-2024,Angel Zerpa,"$651,504"
16601,2023-2024,Elvis Peguero,"$650,328"
16602,2023-2024,Carlos Pérez,"$650,000"
16603,2023-2024,Nick Pratto,"$649,226"
16604,2023-2024,Alex Call,"$648,127"
16605,2023-2024,Davis Daniel,"$647,625"
16606,2023-2024,Jarren Duran,"$646,452"
16607,2023-2024,Andre Pallante,"$646,305"
16608,2023-2024,Tommy Nance,"$643,208"
16609,2023-2024,Tayler Saucedo,"$642,420"
16610,2023-2024,James Kaprielian,"$639,775"
16611,2023-2024,Brice Turang,"$634,844"
16612,2023-2024,Alan Trejo,"$632,766"
16613,2023-2024,Will Vest,"$630,973"
16614,2023-2024,Austin Warren,"$630,973"
16615,2023-2024,Jorge Alcala,"$628,556"
16616,2023-2024,Ryne Nelson,"$625,485"
16617,2023-2024,Franchy Cordero,"$623,616"
16618,2023-2024,Brenton Doyle,"$623,225"
16619,2023-2024,Adrian Sampson,"$623,115"
16620,2023-2024,Jordan Hicks,"$622,377"
16621,2023-2024,Tommy Henry,"$619,360"
16622,2023-2024,Joe Mantiply,"$617,880"
16623,2023-2024,Freddy Fermin,"$615,489"
16624,2023-2024,Brock Stewart,"$615,489"
16625,2023-2024,Tanner Bibee,"$611,618"
16626,2023-2024,Tom Cosgrove,"$611,618"
16627,2023-2024,Max Kranick,"$608,088"
16628,2023-2024,Dauri Moreta,"$608,088"
16629,2023-2024,Zack Short,"$607,747"
16630,2023-2024,Alek Thomas,"$604,809"
16631,2023-2024,Reynaldo López,"$604,159"
16632,2023-2024,Chad Wallach,"$603,876"
16633,2023-2024,Andy Ibanez,"$603,871"
16634,2023-2024,Jake Bauers,"$600,005"
16635,2023-2024,Easton McGee,"$600,005"
16636,2023-2024,Drey Jameson,"$599,060"
16637,2023-2024,Ryan Pepiot,"$598,136"
16638,2023-2024,Tyler Freeman,"$596,129"
16639,2023-2024,Mike Baumann,"$594,099"
16640,2023-2024,Alex Vesia,"$592,704"
16641,2023-2024,David Fry,"$592,263"
16642,2023-2024,Bryce Miller,"$592,263"
16643,2023-2024,Javier Assad,"$589,608"
16644,2023-2024,Edward Cabrera,"$589,500"
16645,2023-2024,J.J. Bleday,"$588,392"
16646,2023-2024,Maikel Garcia,"$588,392"
16647,2023-2024,Jake Irvin,"$585,200"
16648,2023-2024,Eguy Rosario,"$584,823"
16649,2023-2024,Trevor Gott,"$580,680"
16650,2023-2024,Austin Pruitt,"$580,650"
16651,2023-2024,Stuart Fairchild,"$578,716"
16652,2023-2024,Ryan McKenna,"$577,496"
16653,2023-2024,Jimmy Lambert,"$576,992"
16654,2023-2024,Garrett Hampson,"$576,779"
16655,2023-2024,Jordan Walker,"$576,779"
16656,2023-2024,Austin Wynns,"$576,779"
16657,2023-2024,Luis Garcia,"$573,888"
16658,2023-2024,J.P. France,"$572,908"
16659,2023-2024,Will Benson,"$572,903"
16660,2023-2024,Tylor Megill,"$572,544"
16661,2023-2024,Anthony Bemboom,"$571,002"
16662,2023-2024,Brennan Bernardino,"$569,037"
16663,2023-2024,Luis Medina,"$561,295"
16664,2023-2024,Christopher Morel,"$561,295"
16665,2023-2024,Jake Diekman,"$557,424"
16666,2023-2024,Ryan Weber,"$557,424"
16667,2023-2024,Colin Rea,"$556,416"
16668,2023-2024,Bryan Hoeing,"$553,553"
16669,2023-2024,Logan Allen,"$553,548"
16670,2023-2024,Peter Lambert,"$550,044"
16671,2023-2024,Ty Blach,"$550,002"
16672,2023-2024,Chase Anderson,"$549,682"
16673,2023-2024,Brett Baty,"$549,682"
16674,2023-2024,Zack Littell,"$549,682"
16675,2023-2024,Mickey Moniak,"$549,682"
16676,2023-2024,Corey Julks,"$545,811"
16677,2023-2024,Pablo Reyes,"$545,811"
16678,2023-2024,Kaleb Ort,"$543,480"
16679,2023-2024,Nick Allen,"$541,940"
16680,2023-2024,Bailey Ober,"$541,940"
16681,2023-2024,Luke Little,"$541,935"
16682,2023-2024,Owen Miller,"$538,547"
16683,2023-2024,Nick Burdi,"$538,069"
16684,2023-2024,Matt McLain,"$538,069"
16685,2023-2024,Emmanuel Rivera,"$538,069"
16686,2023-2024,Darin Ruf,"$538,069"
16687,2023-2024,Brandon Williamson,"$538,064"
16688,2023-2024,Josh Fleming,"$535,533"
16689,2023-2024,Jovani Morán,"$534,848"
16690,2023-2024,Jose De Leon,"$534,198"
16691,2023-2024,Cole Ragans,"$533,341"
16692,2023-2024,Elehuris Montero,"$531,834"
16693,2023-2024,Joey Wentz,"$529,040"
16694,2023-2024,Patrick Bailey,"$522,585"
16695,2023-2024,Tyler Cyr,"$522,585"
16696,2023-2024,Lucas Erceg,"$522,585"
16697,2023-2024,Edouard Julien,"$522,585"
16698,2023-2024,Mike Tauchman,"$522,585"
16699,2023-2024,Ryan Walker,"$522,585"
16700,2023-2024,Jose Miranda,"$520,429"
16701,2023-2024,Tyler Wells,"$519,816"
16702,2023-2024,Austin Adams,"$518,714"
16703,2023-2024,Joshua Palacios,"$518,714"
16704,2023-2024,Drew Carlton,"$514,843"
16705,2023-2024,Nolan Jones,"$510,972"
16706,2023-2024,Blake Perkins,"$510,972"
16707,2023-2024,Cristopher Sanchez,"$510,638"
16708,2023-2024,Dylan Covey,"$507,101"
16709,2023-2024,Jonathan Davis,"$507,101"
16710,2023-2024,Bobby Miller,"$507,101"
16711,2023-2024,Trayce Thompson,"$506,740"
16712,2023-2024,Jorge López,"$504,608"
16713,2023-2024,Israel Pineda,"$503,360"
16714,2023-2024,Kirby Snead,"$502,842"
16715,2023-2024,Bryan Baker,"$501,632"
16716,2023-2024,Seth Martinez,"$498,602"
16717,2023-2024,Ben Rortvedt,"$498,475"
16718,2023-2024,Ron Marinaccio,"$497,250"
16719,2023-2024,Nick Maton,"$496,062"
16720,2023-2024,Miguel Amaya,"$495,488"
16721,2023-2024,Sam Bachman,"$495,488"
16722,2023-2024,Grayson Rodriguez,"$495,488"
16723,2023-2024,Connor Seabold,"$493,014"
16724,2023-2024,Tristan Beck,"$491,617"
16725,2023-2024,Andruw Monasterio,"$491,617"
16726,2023-2024,Mitch White,"$491,385"
16727,2023-2024,Tanner Banks,"$487,746"
16728,2023-2024,Jordan Diaz,"$487,746"
16729,2023-2024,Ben Joyce,"$487,746"
16730,2023-2024,Taylor Hearn,"$487,506"
16731,2023-2024,Matt Moore,"$487,092"
16732,2023-2024,Jose Herrera,"$482,856"
16733,2023-2024,Aaron Hicks,"$480,004"
16734,2023-2024,Jesse Scholtens,"$480,004"
16735,2023-2024,Yonny Chirinos,"$479,850"
16736,2023-2024,Michael Rucker,"$479,402"
16737,2023-2024,Mike Ford,"$468,391"
16738,2023-2024,Reese Olson,"$468,391"
16739,2023-2024,Angel Perdomo,"$464,520"
16740,2023-2024,Jose Soriano,"$464,520"
16741,2023-2024,Bryan Woo,"$464,520"
16742,2023-2024,Cole Irvin,"$464,022"
16743,2023-2024,Jose Azocar,"$463,029"
16744,2023-2024,Jordan Weems,"$460,649"
16745,2023-2024,Andrew Abbott,"$460,645"
16746,2023-2024,Hayden Wesneski,"$457,722"
16747,2023-2024,Grae Kessinger,"$456,778"
16748,2023-2024,Casey Schmitt,"$456,778"
16749,2023-2024,Elly De La Cruz,"$456,774"
16750,2023-2024,Alex Faedo,"$452,907"
16751,2023-2024,Josh Winder,"$452,516"
16752,2023-2024,Sam Long,"$449,036"
16753,2023-2024,Billy McKinney,"$449,036"
16754,2023-2024,Kevin Smith,"$449,036"
16755,2023-2024,Wil Crowe,"$448,560"
16756,2023-2024,Zack Thompson,"$448,270"
16757,2023-2024,Rob Zastryzny,"$447,552"
16758,2023-2024,Matthew Liberatore,"$445,165"
16759,2023-2024,Cole Sands,"$445,165"
16760,2023-2024,Adrian Martinez,"$437,423"
16761,2023-2024,Nick Mears,"$437,423"
16762,2023-2024,Jordan Luplow,"$436,566"
16763,2023-2024,Danny Mendick,"$435,456"
16764,2023-2024,Andrew Bellatti,"$434,092"
16765,2023-2024,Taj Bradley,"$433,552"
16766,2023-2024,Jhony Brito,"$433,552"
16767,2023-2024,Eury Pérez,"$433,552"
16768,2023-2024,JoJo Romero,"$433,552"
16769,2023-2024,Chase Silseth,"$433,552"
16770,2023-2024,Dairon Blanco,"$429,681"
16771,2023-2024,Victor Gonzalez,"$429,681"
16772,2023-2024,Nick Ramirez,"$429,681"
16773,2023-2024,Sam Haggerty,"$425,754"
16774,2023-2024,Jake McCarthy,"$422,971"
16775,2023-2024,Nate Pearson,"$421,939"
16776,2023-2024,Casey Legumina,"$418,068"
16777,2023-2024,George Soriano,"$418,068"
16778,2023-2024,Bo Naylor,"$418,064"
16779,2023-2024,Alek Manoah,"$416,936"
16780,2023-2024,Carmen Mlodzinski,"$414,197"
16781,2023-2024,John Curtiss,"$408,366"
16782,2023-2024,Zach Pop,"$406,980"
16783,2023-2024,Ryan Borucki,"$406,455"
16784,2023-2024,Yunior Marte,"$405,704"
16785,2023-2024,Miles Mastrobuoni,"$402,896"
16786,2023-2024,Ryan Brasier,"$402,584"
16787,2023-2024,Henry Davis,"$402,584"
16788,2023-2024,Andrés Machado,"$402,584"
16789,2023-2024,Touki Toussaint,"$402,584"
16790,2023-2024,Mark Vientos,"$402,584"
16791,2023-2024,Tony Santillan,"$400,350"
16792,2023-2024,Óscar Colás,"$398,713"
16793,2023-2024,Austin Cox,"$398,713"
16794,2023-2024,Reiss Knehr,"$398,713"
16795,2023-2024,Yacksel Ríos,"$398,713"
16796,2023-2024,Gavin Williams,"$398,709"
16797,2023-2024,Jason Alexander,"$397,738"
16798,2023-2024,Miguel Vargas,"$396,168"
16799,2023-2024,Kyle Muller,"$394,842"
16800,2023-2024,Luis Ortiz,"$394,838"
16801,2023-2024,Darick Hall,"$393,395"
16802,2023-2024,Parker Mushinski,"$388,100"
16803,2023-2024,Trevor Megill,"$387,100"
16804,2023-2024,Eduardo Escobar,"$387,096"
16805,2023-2024,Roansy Contreras,"$385,902"
16806,2023-2024,Michael Kelly,"$383,229"
16807,2023-2024,Mike Moustakas,"$379,358"
16808,2023-2024,Heliot Ramos,"$379,358"
16809,2023-2024,Zach Remillard,"$379,358"
16810,2023-2024,Jimmy Cordero,"$379,352"
16811,2023-2024,Cody Morris,"$375,584"
16812,2023-2024,Jordan Westburg,"$375,487"
16813,2023-2024,Matt Koch,"$371,616"
16814,2023-2024,Luis Matos,"$371,616"
16815,2023-2024,Brandon Pfaadt,"$371,616"
16816,2023-2024,Genesis Cabrera,"$367,776"
16817,2023-2024,Jackie Bradley Jr.,"$362,925"
16818,2023-2024,José Ferrer,"$361,900"
16819,2023-2024,Trent Thornton,"$360,192"
16820,2023-2024,Jo Adell,"$360,003"
16821,2023-2024,Alec Marsh,"$360,003"
16822,2023-2024,Nathan Lukes,"$356,132"
16823,2023-2024,Cory Abbott,"$352,261"
16824,2023-2024,Matt Carasiti,"$352,261"
16825,2023-2024,Matt Wallner,"$352,261"
16826,2023-2024,Brendan White,"$352,261"
16827,2023-2024,Sandy León,"$349,440"
16828,2023-2024,Daniel Palencia,"$348,387"
16829,2023-2024,Grant Hartwig,"$344,519"
16830,2023-2024,Johan Rojas,"$344,519"
16831,2023-2024,D.J. Stewart,"$344,519"
16832,2023-2024,Kody Clemens,"$332,906"
16833,2023-2024,Angel Felipe,"$332,906"
16834,2023-2024,Alek Jacob,"$332,906"
16835,2023-2024,Oswald Peraza,"$332,906"
16836,2023-2024,Gilberto Celestino,"$330,372"
16837,2023-2024,Bryan Shaw,"$329,035"
16838,2023-2024,Abner Uribe,"$329,035"
16839,2023-2024,Cole Waites,"$329,035"
16840,2023-2024,Joey Bart,"$328,016"
16841,2023-2024,Calvin Faucher,"$325,836"
16842,2023-2024,Daniel Duarte,"$325,164"
16843,2023-2024,Taylor Motter,"$325,026"
16844,2023-2024,Trevor Larnach,"$323,408"
16845,2023-2024,Carter Kieboom,"$323,326"
16846,2023-2024,Rafael Marchán,"$322,870"
16847,2023-2024,Andrew Wantz,"$322,218"
16848,2023-2024,Grant Anderson,"$321,293"
16849,2023-2024,Isaiah Campbell,"$321,293"
16850,2023-2024,Jonny DeLuca,"$321,293"
16851,2023-2024,David Hensley,"$318,570"
16852,2023-2024,Cody Bradford,"$317,422"
16853,2023-2024,Josh Walker,"$317,422"
16854,2023-2024,Brandon Dixon,"$313,551"
16855,2023-2024,César Salazar,"$313,551"
16856,2023-2024,Chris Murphy,"$313,548"
16857,2023-2024,Jose Barrero,"$310,075"
16858,2023-2024,Jose Barrero,"$310,075"
16859,2023-2024,Zack Gelof,"$309,680"
16860,2023-2024,Jake Marisnick,"$309,680"
16861,2023-2024,Stephen Ridings,"$307,164"
16862,2023-2024,Tyler Nevin,"$307,073"
16863,2023-2024,Oscar Gonzalez,"$306,915"
16864,2023-2024,Osvaldo Bido,"$305,809"
16865,2023-2024,Emmet Sheehan,"$305,809"
16866,2023-2024,Brett Sullivan,"$305,809"
16867,2023-2024,Luken Baker,"$301,938"
16868,2023-2024,Luis Frias,"$301,938"
16869,2023-2024,Brandon Bielak,"$298,067"
16870,2023-2024,Jean Carlos Mejia,"$298,067"
16871,2023-2024,Jared Shuster,"$298,067"
16872,2023-2024,Jared Triolo,"$298,067"
16873,2023-2024,Louie Varland,"$298,067"
16874,2023-2024,Christian Encarnacion-Strand,"$298,064"
16875,2023-2024,Tim Herrin,"$298,064"
16876,2023-2024,Liover Peguero,"$294,196"
16877,2023-2024,Endy Rodríguez,"$294,196"
16878,2023-2024,Ronel Blanco,"$290,775"
16879,2023-2024,Brett Wisely,"$290,322"
16880,2023-2024,Taylor Trammell,"$289,118"
16881,2023-2024,David Villar,"$287,934"
16882,2023-2024,Terrin Vavra,"$287,268"
16883,2023-2024,Oliver Ortega,"$286,454"
16884,2023-2024,Keegan Thompson,"$286,416"
16885,2023-2024,Jimmy Herget,"$286,272"
16886,2023-2024,Connor Brogdon,"$285,984"
16887,2023-2024,Stephen Nogosek,"$282,600"
16888,2023-2024,Jonah Bride,"$282,583"
16889,2023-2024,Lenyn Sosa,"$282,580"
16890,2023-2024,Pedro Avila,"$278,712"
16891,2023-2024,Bowden Francis,"$278,712"
16892,2023-2024,Jackson Kowar,"$278,712"
16893,2023-2024,René Pinto,"$278,712"
16894,2023-2024,Jake Alu,"$274,841"
16895,2023-2024,Matthew Batten,"$274,841"
16896,2023-2024,Sal Frelick,"$274,841"
16897,2023-2024,Daysbel Hernández,"$274,838"
16898,2023-2024,Hogan Harris,"$270,970"
16899,2023-2024,Joe Jacques,"$270,970"
16900,2023-2024,Carlos Pérez,"$267,099"
16901,2023-2024,Tyler Soderstrom,"$267,099"
16902,2023-2024,Jose Fermin,"$263,228"
16903,2023-2024,Gavin Hollowell,"$263,228"
16904,2023-2024,Ray Kerr,"$263,228"
16905,2023-2024,Keynan Middleton,"$262,365"
16906,2023-2024,Matt Gage,"$259,736"
16907,2023-2024,Joan Adon,"$259,357"
16908,2023-2024,Ernie Clement,"$259,357"
16909,2023-2024,Mauricio Llovera,"$255,486"
16910,2023-2024,Samad Taylor,"$255,486"
16911,2023-2024,Enmanuel Valdez,"$255,486"
16912,2023-2024,Michael Toglia,"$255,484"
16913,2023-2024,Cole Sulser,"$252,795"
16914,2023-2024,Jordan Balazovic,"$251,615"
16915,2023-2024,Chris Flexen,"$251,615"
16916,2023-2024,Andrew Suarez,"$251,615"
16917,2023-2024,Dylan Coleman,"$247,842"
16918,2023-2024,Sam Huff,"$247,744"
16919,2023-2024,Joe La Sorsa,"$247,744"
16920,2023-2024,Adrian Morejon,"$245,157"
16921,2023-2024,Bryce Johnson,"$243,873"
16922,2023-2024,Alika Williams,"$243,873"
16923,2023-2024,Phil Bickford,"$242,658"
16924,2023-2024,Tucker Davidson,"$242,658"
16925,2023-2024,José Cuas,"$241,986"
16926,2023-2024,Sam Moll,"$241,676"
16927,2023-2024,Mark Canha,"$240,002"
16928,2023-2024,Dominic Canzone,"$240,002"
16929,2023-2024,Jake Cousins,"$240,002"
16930,2023-2024,Jake Burger,"$236,131"
16931,2023-2024,Noah Davis,"$236,131"
16932,2023-2024,Dominic Fletcher,"$236,131"
16933,2023-2024,John King,"$236,131"
16934,2023-2024,Rafael Ortega,"$236,131"
16935,2023-2024,Henry Ramos,"$236,131"
16936,2023-2024,Henry Ramos,"$236,131"
16937,2023-2024,Alfonso Rivas,"$236,131"
16938,2023-2024,Juan Yepez,"$236,131"
16939,2023-2024,Robert Garcia,"$232,260"
16940,2023-2024,Rodolfo Castro,"$229,982"
16941,2023-2024,Dallas Keuchel,"$228,389"
16942,2023-2024,Andrew Vasquez,"$225,620"
16943,2023-2024,Andre Jackson,"$225,272"
16944,2023-2024,Bailey Falter,"$224,637"
16945,2023-2024,Kole Calhoun,"$224,518"
16946,2023-2024,Curtis Mead,"$224,518"
16947,2023-2024,Davis Schneider,"$224,518"
16948,2023-2024,Forrest Wall,"$224,518"
16949,2023-2024,Cody Bolton,"$220,647"
16950,2023-2024,Tyler Heineman,"$220,647"
16951,2023-2024,Lane Ramsey,"$220,647"
16952,2023-2024,Luke Williams,"$220,647"
16953,2023-2024,Nate Eaton,"$213,565"
16954,2023-2024,Yerry De Los Santos,"$212,905"
16955,2023-2024,Justin Garza,"$212,905"
16956,2023-2024,Hobie Harris,"$212,905"
16957,2023-2024,Ben Heller,"$212,905"
16958,2023-2024,Jacob Webb,"$212,905"
16959,2023-2024,Mark Mathias,"$209,664"
16960,2023-2024,Colin Selby,"$209,034"
16961,2023-2024,Jon Singleton,"$209,034"
16962,2023-2024,Amos Willingham,"$209,034"
16963,2023-2024,Jonathan Aranda,"$205,163"
16964,2023-2024,Emerson Hancock,"$205,163"
16965,2023-2024,Cade Marlowe,"$205,163"
16966,2023-2024,Sammy Peralta,"$205,163"
16967,2023-2024,Collin Snider,"$205,163"
16968,2023-2024,Chase De Jong,"$202,814"
16969,2023-2024,Nelson Velazquez,"$201,292"
16970,2023-2024,Matt Beaty,"$197,421"
16971,2023-2024,Lawrence Butler,"$197,421"
16972,2023-2024,Hagen Danner,"$197,421"
16973,2023-2024,Keaton Winn,"$197,421"
16974,2023-2024,Declan Cronin,"$193,550"
16975,2023-2024,James McArthur,"$193,550"
16976,2023-2024,Matt Waldron,"$193,550"
16977,2023-2024,AJ Smith-Shawver,"$193,548"
16978,2023-2024,Francisco Perez,"$190,850"
16979,2023-2024,Osleivis Basabe,"$189,679"
16980,2023-2024,J.B. Bukauskas,"$189,679"
16981,2023-2024,Xavier Edwards,"$189,679"
16982,2023-2024,Brent Headrick,"$189,679"
16983,2023-2024,Domingo Tapia,"$185,744"
16984,2023-2024,Casey Lawrence,"$181,937"
16985,2023-2024,Zach Neal,"$181,937"
16986,2023-2024,Quinn Priester,"$181,937"
16987,2023-2024,Gus Varland,"$181,937"
16988,2023-2024,Vidal Brujan,"$178,066"
16989,2023-2024,Conner Capel,"$178,066"
16990,2023-2024,Nick Gonzales,"$178,066"
16991,2023-2024,Adam Haseley,"$178,066"
16992,2023-2024,Richard Palacios,"$174,195"
16993,2023-2024,Michael Stefanic,"$174,195"
16994,2023-2024,Michael Busch,"$174,193"
16995,2023-2024,Matt Krook,"$174,193"
16996,2023-2024,Jonathan Araúz,"$170,324"
16997,2023-2024,Ronny Henriquez,"$170,324"
16998,2023-2024,Nolan Schanuel,"$170,324"
16999,2023-2024,Tyler Wade,"$170,324"
17000,2023-2024,Greg Weissert,"$170,324"
17001,2023-2024,Masyn Winn,"$170,324"
17002,2023-2024,Clint Frazier,"$166,453"
17003,2023-2024,Kevin Herget,"$166,453"
17004,2023-2024,Carson Kelly,"$166,453"
17005,2023-2024,Noelvi Marte,"$166,453"
17006,2023-2024,Guillo Zuniga,"$166,453"
17007,2023-2024,Slade Cecconi,"$166,451"
17008,2023-2024,Colton Cowser,"$162,582"
17009,2023-2024,Jeter Downs,"$162,582"
17010,2023-2024,Jeremiah Estrada,"$162,582"
17011,2023-2024,Tyler Gilbert,"$162,582"
17012,2023-2024,Thomas Hatch,"$162,582"
17013,2023-2024,Karl Kauffmann,"$162,582"
17014,2023-2024,Luis Ortiz,"$162,582"
17015,2023-2024,Kenny Rosenberg,"$162,582"
17016,2023-2024,Parker Meadows,"$162,580"
17017,2023-2024,José Tena,"$161,700"
17018,2023-2024,Brian Serven,"$159,162"
17019,2023-2024,Jon Heasley,"$158,711"
17020,2023-2024,TJ Hopkins,"$158,711"
17021,2023-2024,TJ Hopkins,"$158,711"
17022,2023-2024,Matt Mervis,"$158,711"
17023,2023-2024,Drew Rom,"$158,711"
17024,2023-2024,Chadwick Tromp,"$158,711"
17025,2023-2024,Hunter Gaddis,"$154,880"
17026,2023-2024,Wilyer Abreu,"$154,840"
17027,2023-2024,Jacob Barnes,"$154,840"
17028,2023-2024,Jose Butto,"$154,840"
17029,2023-2024,Tommy Doyle,"$154,840"
17030,2023-2024,Nick Martini,"$154,840"
17031,2023-2024,Nick Martini,"$154,840"
17032,2023-2024,James Naile,"$154,840"
17033,2023-2024,Everson Pereira,"$154,840"
17034,2023-2024,Bryce Jarvis,"$150,969"
17035,2023-2024,Dane Myers,"$150,969"
17036,2023-2024,Sean Newcomb,"$150,969"
17037,2023-2024,Sean Reid-Foley,"$150,969"
17038,2023-2024,Randy Vasquez,"$150,969"
17039,2023-2024,Sean Hjelle,"$147,098"
17040,2023-2024,Korey Lee,"$147,098"
17041,2023-2024,Cody Thomas,"$147,098"
17042,2023-2024,Yonathan Daza,"$145,225"
17043,2023-2024,Nick Nelson,"$144,180"
17044,2023-2024,Garrett Hill,"$143,671"
17045,2023-2024,Ty Adcock,"$143,227"
17046,2023-2024,D.L. Hall,"$143,227"
17047,2023-2024,Brayan Rocchio,"$143,225"
17048,2023-2024,Jordan Wicks,"$143,225"
17049,2023-2024,Jacob Young,"$142,450"
17050,2023-2024,Joel Kuhnel,"$141,300"
17051,2023-2024,Domingo Acevedo,"$140,328"
17052,2023-2024,Vaughn Grissom,"$139,356"
17053,2023-2024,Yerry Rodriguez,"$139,356"
17054,2023-2024,Blake Rutherford,"$139,356"
17055,2023-2024,Nick Vespi,"$139,356"
17056,2023-2024,Hunter Goodman,"$139,354"
17057,2023-2024,Kyle Harrison,"$135,485"
17058,2023-2024,Ryan Thompson,"$135,485"
17059,2023-2024,Dylan Dodd,"$135,483"
17060,2023-2024,Drew Millas,"$134,750"
17061,2023-2024,Kody Funderburk,"$131,614"
17062,2023-2024,Ceddanne Rafaela,"$131,614"
17063,2023-2024,Canaan Smith-Njigba,"$128,634"
17064,2023-2024,Steven Cruz,"$127,743"
17065,2023-2024,Yonny Hernandez,"$127,743"
17066,2023-2024,Bligh Madris,"$127,743"
17067,2023-2024,Lyon Richardson,"$127,741"
17068,2023-2024,Dominic Leone,"$124,992"
17069,2023-2024,Trey Cabbage,"$123,872"
17070,2023-2024,Charlie Culberson,"$123,872"
17071,2023-2024,Bobby Dalbec,"$123,872"
17072,2023-2024,Mike Mayers,"$123,872"
17073,2023-2024,Brandon Walter,"$123,872"
17074,2023-2024,Jared Young,"$123,872"
17075,2023-2024,Pavin Smith,"$120,960"
17076,2023-2024,Reed Garrett,"$120,001"
17077,2023-2024,Iván Herrera,"$120,001"
17078,2023-2024,Spencer Horwitz,"$120,001"
17079,2023-2024,Devin Smeltzer,"$118,272"
17080,2023-2024,Travis Blankenhorn,"$116,130"
17081,2023-2024,Alexander Canario,"$116,130"
17082,2023-2024,Vinny Capra,"$116,130"
17083,2023-2024,Jasson Domínguez,"$116,130"
17084,2023-2024,Miguel Díaz,"$116,130"
17085,2023-2024,Andre Lipcius,"$116,130"
17086,2023-2024,Nick Loftin,"$116,130"
17087,2023-2024,Justin Martinez,"$116,130"
17088,2023-2024,Ronny Mauricio,"$116,130"
17089,2023-2024,Coco Montes,"$116,130"
17090,2023-2024,Edgar Navarro,"$116,130"
17091,2023-2024,Brian O'Keefe,"$116,130"
17092,2023-2024,Kyren Paris,"$116,130"
17093,2023-2024,Luis Patino,"$116,130"
17094,2023-2024,Andrew Stevenson,"$116,130"
17095,2023-2024,Austin Wells,"$116,130"
17096,2023-2024,Kolten Wong,"$116,130"
17097,2023-2024,Tres Barrera,"$112,259"
17098,2023-2024,Chris Devenski,"$112,259"
17099,2023-2024,J.P. Martinez,"$112,259"
17100,2023-2024,Denyi Reyes,"$108,864"
17101,2023-2024,Jordyn Adams,"$108,388"
17102,2023-2024,Trevor Kelley,"$108,388"
17103,2023-2024,Andrew Saalfrank,"$108,388"
17104,2023-2024,Carson Spiers,"$108,387"
17105,2023-2024,Carson Spiers,"$108,387"
17106,2023-2024,Abraham Toro,"$107,520"
17107,2023-2024,Jeff Brigham,"$106,236"
17108,2023-2024,Kyle Garlick,"$104,832"
17109,2023-2024,Eduard Bazardo,"$104,517"
17110,2023-2024,Brett Kennedy,"$104,517"
17111,2023-2024,Joey Ortiz,"$104,517"
17112,2023-2024,Hunter Stratton,"$104,517"
17113,2023-2024,Connor Phillips,"$104,516"
17114,2023-2024,Kyle Stowers,"$100,958"
17115,2023-2024,Ian Kennedy,"$100,646"
17116,2023-2024,Chris Owings,"$100,646"
17117,2023-2024,Spencer Patton,"$96,775"
17118,2023-2024,Gavin Stone,"$96,775"
17119,2023-2024,Juan Then,"$96,775"
17120,2023-2024,Thyago Vieira,"$96,775"
17121,2023-2024,Seby Zavala,"$96,775"
17122,2023-2024,Jordan Lawlar,"$96,774"
17123,2023-2024,Cooper Hummel,"$93,384"
17124,2023-2024,Ben Gamel,"$92,904"
17125,2023-2024,Evan Justice,"$92,904"
17126,2023-2024,Tayler Scott,"$92,904"
17127,2023-2024,Peter Solomon,"$92,904"
17128,2023-2024,Wander Suero,"$92,904"
17129,2023-2024,Evan Carter,"$89,033"
17130,2023-2024,Max Castillo,"$89,033"
17131,2023-2024,Kolton Ingram,"$89,033"
17132,2023-2024,Joey Krehbiel,"$89,033"
17133,2023-2024,Wade Meckler,"$89,033"
17134,2023-2024,Jurickson Profar,"$89,033"
17135,2023-2024,Chad Smith,"$89,033"
17136,2023-2024,Victor Vodnik,"$89,033"
17137,2023-2024,Gerardo Reyes,"$85,162"
17138,2023-2024,Livan Soto,"$85,162"
17139,2023-2024,José Ureña,"$85,162"
17140,2023-2024,Taylor Kohlwey,"$81,291"
17141,2023-2024,Josh Lester,"$81,291"
17142,2023-2024,Anthony Misiewicz,"$81,291"
17143,2023-2024,Pete Crow-Armstrong,"$81,290"
17144,2023-2024,Eduardo Salazar,"$80,850"
17145,2023-2024,Eduardo Salazar,"$80,850"
17146,2023-2024,Jackson Stephens,"$79,560"
17147,2023-2024,Rylan Bannon,"$77,420"
17148,2023-2024,Peyton Burdick,"$77,420"
17149,2023-2024,Josh Donaldson,"$77,420"
17150,2023-2024,Estevan Florial,"$77,420"
17151,2023-2024,Deivi Garcia,"$77,420"
17152,2023-2024,Jahmai Jones,"$77,420"
17153,2023-2024,Logan Porter,"$77,420"
17154,2023-2024,Nick Robertson,"$77,420"
17155,2023-2024,Bruce Zimmermann,"$77,420"
17156,2023-2024,Sawyer Gipson-Long,"$73,549"
17157,2023-2024,David Hamilton,"$73,549"
17158,2023-2024,Zach McAllister,"$73,549"
17159,2023-2024,Luis Torrens,"$73,549"
17160,2023-2024,Luke Weaver,"$73,549"
17161,2023-2024,Weston Wilson,"$73,549"
17162,2023-2024,Jackson Rutledge,"$73,150"
17163,2023-2024,Brent Honeywell,"$70,164"
17164,2023-2024,Carlos Vargas,"$69,768"
17165,2023-2024,Archie Bradley,"$69,678"
17166,2023-2024,Cooper Criswell,"$69,678"
17167,2023-2024,Juniel Querecuto,"$69,678"
17168,2023-2024,Heston Kjerstad,"$69,677"
17169,2023-2024,Ryan Kreidler,"$65,960"
17170,2023-2024,Alan Busenitz,"$65,807"
17171,2023-2024,Alan Busenitz,"$65,807"
17172,2023-2024,Jhonathan Diaz,"$65,807"
17173,2023-2024,Drew Ellis,"$65,807"
17174,2023-2024,Bennett Sousa,"$65,807"
17175,2023-2024,Bryan Hudson,"$65,806"
17176,2023-2024,Colten Brewer,"$64,512"
17177,2023-2024,Kyle Leahy,"$61,936"
17178,2023-2024,Easton Lucas,"$61,936"
17179,2023-2024,Marco Luciano,"$61,936"
17180,2023-2024,Jonathan Ornelas,"$61,936"
17181,2023-2024,Darius Vines,"$61,936"
17182,2023-2024,Abraham Almonte,"$58,065"
17183,2023-2024,Shawn Dubin,"$58,065"
17184,2023-2024,Greg Jones,"$58,065"
17185,2023-2024,Clayton Andrews,"$54,194"
17186,2023-2024,Joe Boyle,"$54,194"
17187,2023-2024,Silvino Bracho,"$54,194"
17188,2023-2024,Justin Bruihl,"$54,194"
17189,2023-2024,Caleb Hamilton,"$54,194"
17190,2023-2024,Derek Hill,"$54,194"
17191,2023-2024,Connor Kaiser,"$54,194"
17192,2023-2024,Jeff Lindgren,"$54,194"
17193,2023-2024,Dereck Rodriguez,"$54,194"
17194,2023-2024,Devin Sweet,"$54,194"
17195,2023-2024,Zack Weiss,"$54,194"
17196,2023-2024,Jonathan Bowlan,"$50,323"
17197,2023-2024,Zach Logue,"$50,323"
17198,2023-2024,Nicholas Padilla,"$50,323"
17199,2023-2024,Braden Shewmake,"$50,323"
17200,2023-2024,Cole Tucker,"$50,323"
17201,2023-2024,Joey Estes,"$46,452"
17202,2023-2024,Jacob Latz,"$46,452"
17203,2023-2024,McKinley Moore,"$46,452"
17204,2023-2024,Kyle Nicolas,"$46,452"
17205,2023-2024,Michael Perez,"$46,452"
17206,2023-2024,Anthony Veneziano,"$46,452"
17207,2023-2024,Cam Eden,"$42,581"
17208,2023-2024,Chi Chi Gonzalez,"$42,581"
17209,2023-2024,Brenan Hanifee,"$42,581"
17210,2023-2024,Nick Hernandez,"$42,581"
17211,2023-2024,Jacob Lopez,"$42,581"
17212,2023-2024,Mason McCoy,"$42,581"
17213,2023-2024,Allan Winans,"$42,581"
17214,2023-2024,Eric Haase,"$39,790"
17215,2023-2024,Matt Bowman,"$38,710"
17216,2023-2024,Tyler Fitzgerald,"$38,710"
17217,2023-2024,Caleb Kilian,"$38,710"
17218,2023-2024,Darren McCaughan,"$38,710"
17219,2023-2024,Ryder Ryan,"$38,710"
17220,2023-2024,Raimel Tapia,"$38,710"
17221,2023-2024,José Espada,"$38,709"
17222,2023-2024,Yoendrys Gomez,"$38,709"
17223,2023-2024,Jacob Amaya,"$34,839"
17224,2023-2024,Johan Camargo,"$34,839"
17225,2023-2024,Junior Caminero,"$34,839"
17226,2023-2024,Nabil Crismatt,"$34,839"
17227,2023-2024,Orion Kerkering,"$34,839"
17228,2023-2024,Irving Lopez,"$34,839"
17229,2023-2024,Yohan Ramirez,"$34,839"
17230,2023-2024,Matt Reynolds,"$34,839"
17231,2023-2024,Mike Siani,"$34,839"
17232,2023-2024,Vinny Nittoli,"$33,336"
17233,2023-2024,Alex Colomé,"$30,968"
17234,2023-2024,Tyler Cropley,"$30,968"
17235,2023-2024,Geoff Hartlieb,"$30,968"
17236,2023-2024,José Rodríguez,"$30,968"
17237,2023-2024,Levi Stoudt,"$30,968"
17238,2023-2024,Levi Stoudt,"$30,968"
17239,2023-2024,Daniel Castano,"$27,097"
17240,2023-2024,Carson Fulmer,"$27,097"
17241,2023-2024,Shane Greene,"$27,097"
17242,2023-2024,Anthony Kay,"$27,097"
17243,2023-2024,Drew Maggi,"$27,097"
17244,2023-2024,Victor Mederos,"$23,226"
17245,2023-2024,Chris Okey,"$23,226"
17246,2023-2024,Kevin Padlo,"$23,226"
17247,2023-2024,Riley Pint,"$23,226"
17248,2023-2024,Johan Quezada,"$23,226"
17249,2023-2024,Erich Uelmen,"$23,226"
17250,2023-2024,Owen White,"$23,226"
17251,2023-2024,Kyle Barraclough,"$19,355"
17252,2023-2024,Enmanuel De Jesus,"$19,355"
17253,2023-2024,Alec Mills,"$19,355"
17254,2023-2024,Reyes Moronta,"$19,355"
17255,2023-2024,Josh Simpson,"$19,355"
17256,2023-2024,Prelander Berroa,"$19,354"
17257,2023-2024,Ryan Weathers,"$15,648"
17258,2023-2024,Zack Collins,"$15,484"
17259,2023-2024,Kelvin Cáceres,"$15,484"
17260,2023-2024,Janson Junk,"$15,484"
17261,2023-2024,Ricky Karcher,"$15,484"
17262,2023-2024,Ricky Karcher,"$15,484"
17263,2023-2024,Braden Bristo,"$11,613"
17264,2023-2024,Norwith Gudino,"$11,613"
17265,2023-2024,Alejo Lopez,"$11,613"
17266,2023-2024,Alejo Lopez,"$11,613"
17267,2023-2024,Tyson Miller,"$11,613"
17268,2023-2024,Cal Mitchell,"$11,613"
17269,2023-2024,Ethan Small,"$11,613"
17270,2023-2024,Tommy Milone,"$8,064"
17271,2023-2024,Peyton Battenfield,"$7,742"
17272,2023-2024,Caleb Boushley,"$7,742"
17273,2023-2024,Matt Bush,"$7,742"
17274,2023-2024,Álex Claudio,"$7,742"
17275,2023-2024,Jose Godoy,"$7,742"
17276,2023-2024,Tristan Gray,"$7,742"
17277,2023-2024,Dinelson Lamet,"$7,742"
17278,2023-2024,Michael Mariot,"$7,742"
17279,2023-2024,Michael Mariot,"$7,742"
17280,2023-2024,Jose Rodriguez,"$7,742"
17281,2023-2024,Chandler Seagle,"$7,742"
17282,2023-2024,Nick Solak,"$7,742"
17283,2023-2024,Spenser Watkins,"$7,742"
17284,2023-2024,Simeon Woods-Richardson,"$7,742"
17285,2023-2024,César Valdez,"$5,108"
17286,2023-2024,Peter Strzelecki,"$3,905"
17287,2023-2024,Diego A. Castillo,"$3,871"
17288,2023-2024,Matt Dermody,"$3,871"
17289,2023-2024,Tyler Duffey,"$3,871"
17290,2023-2024,Kyle Hurt,"$3,871"
17291,2023-2024,Otto Lopez,"$3,871"
17292,2023-2024,Sean Nolin,"$3,871"
17293,2023-2024,Daniel Norris,"$3,871"
17294,2023-2024,Wes Parsons,"$3,871"
17295,2023-2024,Michael Plassmeyer,"$3,871"
17296,2023-2024,Jake Reed,"$3,871"
17297,2023-2024,Randy Wynne,"$3,871"
17298,2023-2024,Randy Wynne,"$3,871"
17299,2024-2025,Yoshinobu Yamamoto,"$55,000,000"
17300,2024-2025,Jose Altuve,"$41,000,000"
17301,2024-2025,Aaron Judge,"$40,000,000"
17302,2024-2025,Jacob deGrom,"$40,000,000"
17303,2024-2025,Will Smith,"$38,550,000"
17304,2024-2025,Anthony Rendon,"$38,000,000"
17305,2024-2025,Carlos Correa,"$36,100,000"
17306,2024-2025,Gerrit Cole,"$36,000,000"
17307,2024-2025,Mike Trout,"$35,450,000"
17308,2024-2025,Corey Seager,"$34,500,000"
17309,2024-2025,Blake Snell,"$32,000,000"
17310,2024-2025,Giancarlo Stanton,"$32,000,000"
17311,2024-2025,Juan Soto,"$31,000,000"
17312,2024-2025,Alex Bregman,"$28,500,000"
17313,2024-2025,Cody Bellinger,"$27,500,000"
17314,2024-2025,Trea Turner,"$27,322,727"
17315,2024-2025,Francisco Lindor,"$27,075,000"
17316,2024-2025,Kris Bryant,"$27,000,000"
17317,2024-2025,Carlos Rodon,"$27,000,000"
17318,2024-2025,Bryce Harper,"$26,100,000"
17319,2024-2025,Paul Goldschmidt,"$26,000,000"
17320,2024-2025,Marcus Semien,"$26,000,000"
17321,2024-2025,Xander Bogaerts,"$25,000,000"
17322,2024-2025,Javier Báez,"$25,000,000"
17323,2024-2025,Patrick Corbin,"$25,000,000"
17324,2024-2025,Rafael Devers,"$25,000,000"
17325,2024-2025,Tyler Glasnow,"$25,000,000"
17326,2024-2025,Jordan Montgomery,"$25,000,000"
17327,2024-2025,Dansby Swanson,"$25,000,000"
17328,2024-2025,Aaron Nola,"$24,571,428"
17329,2024-2025,Teoscar Hernandez,"$24,500,000"
17330,2024-2025,Nolan Arenado,"$24,000,000"
17331,2024-2025,Kevin Gausman,"$24,000,000"
17332,2024-2025,Yoan Moncada,"$24,000,000"
17333,2024-2025,J.T. Realmuto,"$23,875,000"
17334,2024-2025,Stephen Strasburg,"$23,571,428"
17335,2024-2025,Zack Wheeler,"$23,500,000"
17336,2024-2025,Robbie Ray,"$23,000,000"
17337,2024-2025,Luis Castillo,"$22,750,000"
17338,2024-2025,George Springer,"$22,500,000"
17339,2024-2025,Trevor Story,"$22,500,000"
17340,2024-2025,Christian Yelich,"$22,050,000"
17341,2024-2025,Mookie Betts,"$22,000,000"
17342,2024-2025,Matt Olson,"$22,000,000"
17343,2024-2025,Chris Bassitt,"$21,000,000"
17344,2024-2025,Austin Riley,"$21,000,000"
17345,2024-2025,Pete Alonso,"$20,500,000"
17346,2024-2025,Brandon Nimmo,"$20,250,000"
17347,2024-2025,Nick Castellanos,"$20,000,000"
17348,2024-2025,Freddie Freeman,"$20,000,000"
17349,2024-2025,Ian Happ,"$20,000,000"
17350,2024-2025,Charlie Morton,"$20,000,000"
17351,2024-2025,Joe Musgrove,"$20,000,000"
17352,2024-2025,Salvador Perez,"$20,000,000"
17353,2024-2025,Kyle Schwarber,"$20,000,000"
17354,2024-2025,Seiya Suzuki,"$20,000,000"
17355,2024-2025,Vladimir Guerrero Jr.,"$19,900,000"
17356,2024-2025,Starling Marte,"$19,500,000"
17357,2024-2025,Nathan Eovaldi,"$19,000,000"
17358,2024-2025,Josh Hader,"$19,000,000"
17359,2024-2025,Marcus Stroman,"$19,000,000"
17360,2024-2025,Justin Verlander,"$18,333,333"
17361,2024-2025,Jeimer Candelario,"$18,000,000"
17362,2024-2025,Matt Chapman,"$18,000,000"
17363,2024-2025,Michael Conforto,"$18,000,000"
17364,2024-2025,Willson Contreras,"$18,000,000"
17365,2024-2025,Lucas Giolito,"$18,000,000"
17366,2024-2025,Jameson Taillon,"$18,000,000"
17367,2024-2025,Taijuan Walker,"$18,000,000"
17368,2024-2025,Masataka Yoshida,"$18,000,000"
17369,2024-2025,José Ramírez,"$17,225,000"
17370,2024-2025,Ronald Acuña Jr.,"$17,000,000"
17371,2024-2025,José Berríos,"$17,000,000"
17372,2024-2025,Lance McCullers,"$17,000,000"
17373,2024-2025,Anthony Rizzo,"$17,000,000"
17374,2024-2025,Andrew Benintendi,"$16,500,000"
17375,2024-2025,Kyle Hendricks,"$16,500,000"
17376,2024-2025,Michael Wacha,"$16,450,000"
17377,2024-2025,Raisel Iglesias,"$16,000,000"
17378,2024-2025,Kenley Jansen,"$16,000,000"
17379,2024-2025,Miles Mikolas,"$16,000,000"
17380,2024-2025,Marcell Ozuna,"$16,000,000"
17381,2024-2025,Corbin Burnes,"$15,637,000"
17382,2024-2025,Seth Lugo,"$15,100,000"
17383,2024-2025,Byron Buxton,"$15,000,000"
17384,2024-2025,Yu Darvish,"$15,000,000"
17385,2024-2025,Kyle Freeland,"$15,000,000"
17386,2024-2025,Max Fried,"$15,000,000"
17387,2024-2025,D.J. LeMahieu,"$15,000,000"
17388,2024-2025,Luis Severino,"$15,000,000"
17389,2024-2025,Charlie Blackmon,"$14,500,000"
17390,2024-2025,Sean Manaea,"$14,500,000"
17391,2024-2025,Gleyber Torres,"$14,200,000"
17392,2024-2025,Kenta Maeda,"$14,000,000"
17393,2024-2025,Nick Martinez,"$14,000,000"
17394,2024-2025,Ryan Pressly,"$14,000,000"
17395,2024-2025,Eduardo Rodriguez,"$14,000,000"
17396,2024-2025,Kodai Senga,"$14,000,000"
17397,2024-2025,Shane Bieber,"$13,125,000"
17398,2024-2025,Tyler Anderson,"$13,000,000"
17399,2024-2025,Jon Gray,"$13,000,000"
17400,2024-2025,Andrew Heaney,"$13,000,000"
17401,2024-2025,Manny Machado,"$13,000,000"
17402,2024-2025,Ketel Marte,"$13,000,000"
17403,2024-2025,Jose Quintana,"$13,000,000"
17404,2024-2025,Robert Suarez,"$13,000,000"
17405,2024-2025,Chris Taylor,"$13,000,000"
17406,2024-2025,Luis Robert Jr.,"$12,500,000"
17407,2024-2025,Max Scherzer,"$12,500,000"
17408,2024-2025,Willy Adames,"$12,250,000"
17409,2024-2025,Framber Valdez,"$12,100,000"
17410,2024-2025,Kyle Gibson,"$12,000,000"
17411,2024-2025,Mitch Haniger,"$12,000,000"
17412,2024-2025,Rhys Hoskins,"$12,000,000"
17413,2024-2025,Jung Hoo Lee,"$12,000,000"
17414,2024-2025,Steven Matz,"$12,000,000"
17415,2024-2025,Ryan McMahon,"$12,000,000"
17416,2024-2025,Max Muncy,"$12,000,000"
17417,2024-2025,Taylor Rogers,"$12,000,000"
17418,2024-2025,Antonio Senzatela,"$12,000,000"
17419,2024-2025,Kyle Tucker,"$12,000,000"
17420,2024-2025,Edwin Diaz,"$11,750,000"
17421,2024-2025,Anthony Santander,"$11,700,000"
17422,2024-2025,Mitch Garver,"$11,500,000"
17423,2024-2025,Nico Hoerner,"$11,500,000"
17424,2024-2025,Rafael Montero,"$11,500,000"
17425,2024-2025,Bo Bichette,"$11,000,000"
17426,2024-2025,Robert Stephenson,"$11,000,000"
17427,2024-2025,Eugenio Suarez,"$11,000,000"
17428,2024-2025,Fernando Tatis Jr.,"$11,000,000"
17429,2024-2025,Christian Walker,"$10,900,000"
17430,2024-2025,Harrison Bader,"$10,500,000"
17431,2024-2025,Aroldis Chapman,"$10,500,000"
17432,2024-2025,Chad Green,"$10,500,000"
17433,2024-2025,Jorge Polanco,"$10,500,000"
17434,2024-2025,Drew Smyly,"$10,500,000"
17435,2024-2025,Jeff McNeil,"$10,250,000"
17436,2024-2025,Bryan Reynolds,"$10,050,000"
17437,2024-2025,Zac Gallen,"$10,011,000"
17438,2024-2025,Yordan Alvarez,"$10,000,000"
17439,2024-2025,J.P. Crawford,"$10,000,000"
17440,2024-2025,Sonny Gray,"$10,000,000"
17441,2024-2025,Lourdes Gurriel Jr.,"$10,000,000"
17442,2024-2025,Shota Imanaga,"$10,000,000"
17443,2024-2025,Max Kepler,"$10,000,000"
17444,2024-2025,Lance Lynn,"$10,000,000"
17445,2024-2025,Germán Márquez,"$10,000,000"
17446,2024-2025,Julio Rodriguez,"$10,000,000"
17447,2024-2025,Yariel Rodriguez,"$10,000,000"
17448,2024-2025,Christian Vazquez,"$10,000,000"
17449,2024-2025,Bobby Witt Jr.,"$9,877,777"
17450,2024-2025,Daniel Bard,"$9,500,000"
17451,2024-2025,Joc Pederson,"$9,500,000"
17452,2024-2025,Ross Stripling,"$9,250,000"
17453,2024-2025,Alex Verdugo,"$9,200,000"
17454,2024-2025,Sandy Alcantara,"$9,000,000"
17455,2024-2025,Jake Cronenworth,"$9,000,000"
17456,2024-2025,Pablo López,"$9,000,000"
17457,2024-2025,Matt Moore,"$9,000,000"
17458,2024-2025,Sean Murphy,"$9,000,000"
17459,2024-2025,Brandon Lowe,"$8,750,000"
17460,2024-2025,Brandon Drury,"$8,500,000"
17461,2024-2025,Alex Wood,"$8,500,000"
17462,2024-2025,Jordan Hicks,"$8,083,333"
17463,2024-2025,Walker Buehler,"$8,025,000"
17464,2024-2025,Dylan Cease,"$8,000,000"
17465,2024-2025,Yandy Diaz,"$8,000,000"
17466,2024-2025,Kendall Graveman,"$8,000,000"
17467,2024-2025,Joe Jimenez,"$8,000,000"
17468,2024-2025,Joe Kelly,"$8,000,000"
17469,2024-2025,Merrill Kelly,"$8,000,000"
17470,2024-2025,Emilio Pagan,"$8,000,000"
17471,2024-2025,Logan Webb,"$8,000,000"
17472,2024-2025,Travis d'Arnaud,"$8,000,000"
17473,2024-2025,Mike Yastrzemski,"$7,900,000"
17474,2024-2025,Jordan Romano,"$7,750,000"
17475,2024-2025,Matt Strahm,"$7,550,000"
17476,2024-2025,Mitch Keller,"$7,500,000"
17477,2024-2025,Clayton Kershaw,"$7,500,000"
17478,2024-2025,Nathaniel Lowe,"$7,500,000"
17479,2024-2025,Chris Martin,"$7,500,000"
17480,2024-2025,Nick Pivetta,"$7,500,000"
17481,2024-2025,Paul Sewald,"$7,350,000"
17482,2024-2025,Ozzie Albies,"$7,000,000"
17483,2024-2025,Ke'Bryan Hayes,"$7,000,000"
17484,2024-2025,Cristian Javier,"$7,000,000"
17485,2024-2025,Pierce Johnson,"$7,000,000"
17486,2024-2025,Ha-seong Kim,"$7,000,000"
17487,2024-2025,Wade Miley,"$7,000,000"
17488,2024-2025,Evan White,"$7,000,000"
17489,2024-2025,Devin Williams,"$7,000,000"
17490,2024-2025,Trevor Williams,"$7,000,000"
17491,2024-2025,Cal Quantrill,"$6,550,000"
17492,2024-2025,Wilmer Flores,"$6,500,000"
17493,2024-2025,Josh Naylor,"$6,500,000"
17494,2024-2025,Brooks Raley,"$6,500,000"
17495,2024-2025,Cedric Mullins,"$6,325,000"
17496,2024-2025,Kyle Farmer,"$6,250,000"
17497,2024-2025,Jose Leclerc,"$6,250,000"
17498,2024-2025,A.J. Minter,"$6,220,000"
17499,2024-2025,Clay Holmes,"$6,050,000"
17500,2024-2025,Victor Caratini,"$6,000,000"
17501,2024-2025,David Fletcher,"$6,000,000"
17502,2024-2025,Keibert Ruiz,"$6,000,000"
17503,2024-2025,Tyler O'Neill,"$5,850,000"
17504,2024-2025,Frankie Montas,"$5,831,935"
17505,2024-2025,Tommy Kahnle,"$5,750,000"
17506,2024-2025,Daulton Varsho,"$5,650,000"
17507,2024-2025,Will Smith,"$5,625,000"
17508,2024-2025,Hunter Renfroe,"$5,570,000"
17509,2024-2025,David Bote,"$5,500,000"
17510,2024-2025,Aaron Bummer,"$5,500,000"
17511,2024-2025,Trent Grisham,"$5,500,000"
17512,2024-2025,Jesús Luzardo,"$5,500,000"
17513,2024-2025,Tyler Mahle,"$5,500,000"
17514,2024-2025,Freddy Peralta,"$5,500,000"
17515,2024-2025,Carlos Santana,"$5,500,000"
17516,2024-2025,Tony Gonsolin,"$5,400,000"
17517,2024-2025,Jeffrey Springs,"$5,250,000"
17518,2024-2025,Jack Flaherty,"$5,166,666"
17519,2024-2025,Jose Alvarado,"$5,129,022"
17520,2024-2025,Kyle Finnegan,"$5,100,000"
17521,2024-2025,Andres Gimenez,"$5,050,000"
17522,2024-2025,Ranger Suarez,"$5,050,000"
17523,2024-2025,Patrick Sandoval,"$5,025,000"
17524,2024-2025,Michael Harris II,"$5,000,000"
17525,2024-2025,Andrew McCutchen,"$5,000,000"
17526,2024-2025,Keynan Middleton,"$5,000,000"
17527,2024-2025,David Robertson,"$5,000,000"
17528,2024-2025,Miguel Rojas,"$5,000,000"
17529,2024-2025,Luis Urias,"$5,000,000"
17530,2024-2025,Brady Singer,"$4,850,000"
17531,2024-2025,Taylor Ward,"$4,800,000"
17532,2024-2025,Adolis García,"$4,750,000"
17533,2024-2025,Thairo Estrada,"$4,700,000"
17534,2024-2025,David Bednar,"$4,510,000"
17535,2024-2025,Ryan Brasier,"$4,500,000"
17536,2024-2025,Colt Keith,"$4,500,000"
17537,2024-2025,J.D. Martinez,"$4,500,000"
17538,2024-2025,Adam Ottavino,"$4,500,000"
17539,2024-2025,Myles Straw,"$4,500,000"
17540,2024-2025,Kirby Yates,"$4,500,000"
17541,2024-2025,Luis Rengifo,"$4,400,000"
17542,2024-2025,Nicky Lopez,"$4,300,000"
17543,2024-2025,Ryan Mountcastle,"$4,137,500"
17544,2024-2025,Logan Gilbert,"$4,050,000"
17545,2024-2025,Alec Bohm,"$4,000,000"
17546,2024-2025,Jackson Chourio,"$4,000,000"
17547,2024-2025,Anthony DeSclafani,"$4,000,000"
17548,2024-2025,Austin Hedges,"$4,000,000"
17549,2024-2025,Enrique Hernandez,"$4,000,000"
17550,2024-2025,Reynaldo López,"$4,000,000"
17551,2024-2025,Manuel Margot,"$4,000,000"
17552,2024-2025,James McCann,"$4,000,000"
17553,2024-2025,Tom Murphy,"$4,000,000"
17554,2024-2025,Evan Phillips,"$4,000,000"
17555,2024-2025,Colin Rea,"$4,000,000"
17556,2024-2025,Justin Steele,"$4,000,000"
17557,2024-2025,Nestor Cortes,"$3,950,000"
17558,2024-2025,Zach Eflin,"$3,844,100"
17559,2024-2025,Pete Fairbanks,"$3,816,666"
17560,2024-2025,Ryan Helsley,"$3,800,000"
17561,2024-2025,Jonathan India,"$3,800,000"
17562,2024-2025,José Urquidy,"$3,750,000"
17563,2024-2025,Mark Canha,"$3,709,680"
17564,2024-2025,Jon Berti,"$3,625,000"
17565,2024-2025,Shane McClanahan,"$3,600,000"
17566,2024-2025,Austin Barnes,"$3,500,000"
17567,2024-2025,Mauricio Dubon,"$3,500,000"
17568,2024-2025,Ryan O'Hearn,"$3,500,000"
17569,2024-2025,Chris Stratton,"$3,500,000"
17570,2024-2025,LaMonte Wade Jr.,"$3,500,000"
17571,2024-2025,Yusei Kikuchi,"$3,387,097"
17572,2024-2025,Shintaro Fujinami,"$3,350,000"
17573,2024-2025,Wandy Peralta,"$3,350,000"
17574,2024-2025,Alex Cobb,"$3,333,333"
17575,2024-2025,Dane Dunning,"$3,325,000"
17576,2024-2025,John Means,"$3,325,000"
17577,2024-2025,Willi Castro,"$3,300,000"
17578,2024-2025,Yuki Matsui,"$3,250,000"
17579,2024-2025,Andrew Vaughn,"$3,250,000"
17580,2024-2025,Garrett Whitlock,"$3,250,000"
17581,2024-2025,Caleb Thielbar,"$3,225,000"
17582,2024-2025,Brendan Rodgers,"$3,200,000"
17583,2024-2025,Tyler Rogers,"$3,200,000"
17584,2024-2025,Austin Gomber,"$3,150,000"
17585,2024-2025,Michael King,"$3,150,000"
17586,2024-2025,Josh Rojas,"$3,100,000"
17587,2024-2025,Jonah Heim,"$3,050,000"
17588,2024-2025,Dylan Moore,"$3,050,000"
17589,2024-2025,Corbin Carroll,"$3,000,000"
17590,2024-2025,Mike Clevinger,"$3,000,000"
17591,2024-2025,Adam Duvall,"$3,000,000"
17592,2024-2025,Marco Gonzales,"$3,000,000"
17593,2024-2025,Hunter Greene,"$3,000,000"
17594,2024-2025,Luke Maile,"$3,000,000"
17595,2024-2025,Scott McGough,"$3,000,000"
17596,2024-2025,Ceddanne Rafaela,"$3,000,000"
17597,2024-2025,Michael Soroka,"$3,000,000"
17598,2024-2025,Gary Sánchez,"$3,000,000"
17599,2024-2025,Ezequiel Tovar,"$3,000,000"
17600,2024-2025,Justin Turner,"$2,903,226"
17601,2024-2025,Emmanuel Clase,"$2,850,000"
17602,2024-2025,Chas McCormick,"$2,850,000"
17603,2024-2025,Randy Arozarena,"$2,830,620"
17604,2024-2025,Michael Lorenzen,"$2,800,028"
17605,2024-2025,Alejandro Kirk,"$2,800,000"
17606,2024-2025,Phil Maton,"$2,755,364"
17607,2024-2025,Chris Flexen,"$2,750,000"
17608,2024-2025,Erik Swanson,"$2,750,000"
17609,2024-2025,Jose Trevino,"$2,730,000"
17610,2024-2025,Santiago Espinal,"$2,725,000"
17611,2024-2025,Patrick Wisdom,"$2,725,000"
17612,2024-2025,Joey Gallo,"$2,700,000"
17613,2024-2025,Brusdar Graterol,"$2,700,000"
17614,2024-2025,Jorge Mateo,"$2,700,000"
17615,2024-2025,Tarik Skubal,"$2,650,000"
17616,2024-2025,Andrew Kittredge,"$2,630,000"
17617,2024-2025,Seth Brown,"$2,600,000"
17618,2024-2025,Griffin Canning,"$2,600,000"
17619,2024-2025,Buck Farmer,"$2,550,000"
17620,2024-2025,Leody Taveras,"$2,550,000"
17621,2024-2025,Chris Paddack,"$2,525,000"
17622,2024-2025,Tyler Stephenson,"$2,525,000"
17623,2024-2025,Erick Fedde,"$2,500,026"
17624,2024-2025,Yasmani Grandal,"$2,500,000"
17625,2024-2025,Jonathan Loaisiga,"$2,500,000"
17626,2024-2025,Jurickson Profar,"$2,500,000"
17627,2024-2025,Brent Suter,"$2,500,000"
17628,2024-2025,Brandon Woodruff,"$2,500,000"
17629,2024-2025,James Paxton,"$2,483,871"
17630,2024-2025,Tommy Edman,"$2,470,968"
17631,2024-2025,Ryan Jeffers,"$2,425,000"
17632,2024-2025,Scott Alexander,"$2,400,000"
17633,2024-2025,Colin Poche,"$2,375,000"
17634,2024-2025,Kris Bubic,"$2,350,000"
17635,2024-2025,Carlos Estevez,"$2,322,560"
17636,2024-2025,Aaron Civale,"$2,318,272"
17637,2024-2025,Danny Coulombe,"$2,300,000"
17638,2024-2025,Jorge Soler,"$2,295,674"
17639,2024-2025,JT Brubaker,"$2,275,000"
17640,2024-2025,Josh Bell,"$2,250,000"
17641,2024-2025,Randy Dobnak,"$2,250,000"
17642,2024-2025,Luke Weaver,"$2,250,000"
17643,2024-2025,Drew Smith,"$2,225,000"
17644,2024-2025,Austin Hays,"$2,201,615"
17645,2024-2025,Jeff Hoffman,"$2,200,000"
17646,2024-2025,Spencer Turnbull,"$2,200,000"
17647,2024-2025,Kyle Higashioka,"$2,180,000"
17648,2024-2025,Jake Fraley,"$2,150,000"
17649,2024-2025,David Peterson,"$2,150,000"
17650,2024-2025,Dustin May,"$2,135,000"
17651,2024-2025,Luke Jackson,"$2,131,706"
17652,2024-2025,Connor Joe,"$2,125,000"
17653,2024-2025,Adbert Alzolay,"$2,110,000"
17654,2024-2025,Jesús Sánchez,"$2,100,000"
17655,2024-2025,Ramon Urias,"$2,100,000"
17656,2024-2025,Yimi Garcia,"$2,096,770"
17657,2024-2025,Hoby Milner,"$2,050,000"
17658,2024-2025,Clarke Schmidt,"$2,025,000"
17659,2024-2025,Tyrone Taylor,"$2,025,000"
17660,2024-2025,Orlando Arcia,"$2,000,000"
17661,2024-2025,Brayan Bello,"$2,000,000"
17662,2024-2025,Carlos Carrasco,"$2,000,000"
17663,2024-2025,Adam Frazier,"$2,000,000"
17664,2024-2025,Garrett Hampson,"$2,000,000"
17665,2024-2025,Liam Hendriks,"$2,000,000"
17666,2024-2025,Daniel Hudson,"$2,000,000"
17667,2024-2025,Derek Law,"$2,000,000"
17668,2024-2025,Andres Munoz,"$2,000,000"
17669,2024-2025,Shohei Ohtani,"$2,000,000"
17670,2024-2025,Jesse Winker,"$2,000,000"
17671,2024-2025,Andrew Chafin,"$1,995,940"
17672,2024-2025,Tyler Wells,"$1,962,500"
17673,2024-2025,Tyler Alexander,"$1,950,000"
17674,2024-2025,Luis Garcia,"$1,950,000"
17675,2024-2025,Mike Tauchman,"$1,950,000"
17676,2024-2025,Ryne Stanek,"$1,919,355"
17677,2024-2025,Yency Almonte,"$1,900,000"
17678,2024-2025,James Karinchak,"$1,900,000"
17679,2024-2025,Luis Garcia,"$1,875,000"
17680,2024-2025,Drew Rasmussen,"$1,862,500"
17681,2024-2025,Zack Littell,"$1,850,000"
17682,2024-2025,Rob Refsnyder,"$1,850,000"
17683,2024-2025,Kevin Kiermaier,"$1,840,000"
17684,2024-2025,Tanner Scott,"$1,838,700"
17685,2024-2025,Danny Jansen,"$1,817,204"
17686,2024-2025,Lane Thomas,"$1,816,662"
17687,2024-2025,Nick Madrigal,"$1,810,000"
17688,2024-2025,Kyle Wright,"$1,800,000"
17689,2024-2025,Bryan Abreu,"$1,750,000"
17690,2024-2025,Joe Ross,"$1,750,000"
17691,2024-2025,Miguel Andujar,"$1,700,000"
17692,2024-2025,Travis Jankowski,"$1,700,000"
17693,2024-2025,Jake Rogers,"$1,700,000"
17694,2024-2025,Edmundo Sosa,"$1,700,000"
17695,2024-2025,Gregory Soto,"$1,666,667"
17696,2024-2025,Joey Lucchesi,"$1,650,000"
17697,2024-2025,Joel Payamps,"$1,650,000"
17698,2024-2025,Ryan Borucki,"$1,600,000"
17699,2024-2025,Triston McKenzie,"$1,600,000"
17700,2024-2025,Trevor Stephan,"$1,600,000"
17701,2024-2025,Akil Baddoo,"$1,550,000"
17702,2024-2025,Genesis Cabrera,"$1,512,500"
17703,2024-2025,Seranthony Dominguez,"$1,508,065"
17704,2024-2025,Trevor Gott,"$1,500,000"
17705,2024-2025,Randal Grichuk,"$1,500,000"
17706,2024-2025,Dakota Hudson,"$1,500,000"
17707,2024-2025,Dominic Leone,"$1,500,000"
17708,2024-2025,T.J. McFarland,"$1,500,000"
17709,2024-2025,Reese McGuire,"$1,500,000"
17710,2024-2025,Tanner Rainey,"$1,500,000"
17711,2024-2025,Jacob Stallings,"$1,500,000"
17712,2024-2025,Lou Trivino,"$1,500,000"
17713,2024-2025,José Ureña,"$1,500,000"
17714,2024-2025,Justin Wilson,"$1,500,000"
17715,2024-2025,Austin Voth,"$1,400,000"
17716,2024-2025,Woo-Suk Go,"$1,392,458"
17717,2024-2025,D.J. Stewart,"$1,380,000"
17718,2024-2025,Luis Garcia,"$1,370,940"
17719,2024-2025,Jake Bauers,"$1,350,000"
17720,2024-2025,Alex Kirilloff,"$1,350,000"
17721,2024-2025,Edward Olivares,"$1,350,000"
17722,2024-2025,Ryan Thompson,"$1,350,000"
17723,2024-2025,Martín Pérez,"$1,333,333"
17724,2024-2025,Jake Junis,"$1,311,805"
17725,2024-2025,Austin Adams,"$1,300,000"
17726,2024-2025,Tyler Kinley,"$1,300,000"
17727,2024-2025,Touki Toussaint,"$1,300,000"
17728,2024-2025,Ryan Yarbrough,"$1,300,000"
17729,2024-2025,Abraham Toro,"$1,275,000"
17730,2024-2025,Aaron Ashby,"$1,250,000"
17731,2024-2025,Taylor Clarke,"$1,250,000"
17732,2024-2025,Peter Lambert,"$1,250,000"
17733,2024-2025,Justin Topa,"$1,250,000"
17734,2024-2025,Kevin Ginkel,"$1,225,000"
17735,2024-2025,Gavin Lux,"$1,225,000"
17736,2024-2025,Tyler Beede,"$1,200,000"
17737,2024-2025,Cionel Perez,"$1,200,000"
17738,2024-2025,Trent Thornton,"$1,200,000"
17739,2024-2025,Julian Merryweather,"$1,175,000"
17740,2024-2025,John Schreiber,"$1,175,000"
17741,2024-2025,Isaac Paredes,"$1,169,892"
17742,2024-2025,Carson Kelly,"$1,166,654"
17743,2024-2025,Sam Hentges,"$1,162,500"
17744,2024-2025,Paul Blackburn,"$1,112,880"
17745,2024-2025,Chris Sale,"$1,100,000"
17746,2024-2025,Josh Taylor,"$1,100,000"
17747,2024-2025,Ildemaro Vargas,"$1,100,000"
17748,2024-2025,Nick Sandlin,"$1,075,000"
17749,2024-2025,Steven Okert,"$1,062,500"
17750,2024-2025,Jake Brentz,"$1,050,000"
17751,2024-2025,Kolby Allard,"$1,025,000"
17752,2024-2025,Josh Sborz,"$1,025,000"
17753,2024-2025,Michael Kopech,"$1,016,129"
17754,2024-2025,Carlos Hernandez,"$1,012,500"
17755,2024-2025,Félix Bautista,"$1,000,000"
17756,2024-2025,Nick Burdi,"$1,000,000"
17757,2024-2025,Curt Casali,"$1,000,000"
17758,2024-2025,Jake Cave,"$1,000,000"
17759,2024-2025,Ty France,"$1,000,000"
17760,2024-2025,Eloy Jimenez,"$1,000,000"
17761,2024-2025,Spencer Strider,"$1,000,000"
17762,2024-2025,Blake Treinen,"$1,000,000"
17763,2024-2025,Alex Vesia,"$1,000,000"
17764,2024-2025,Jacob Webb,"$1,000,000"
17765,2024-2025,Bryse Wilson,"$1,000,000"
17766,2024-2025,Hunter Harvey,"$962,500"
17767,2024-2025,Kevin Newman,"$946,237"
17768,2024-2025,Joe Mantiply,"$925,000"
17769,2024-2025,José Suarez,"$925,000"
17770,2024-2025,Ian Hamilton,"$923,050"
17771,2024-2025,Lucas Sims,"$919,380"
17772,2024-2025,Jason Adam,"$914,508"
17773,2024-2025,Austin Wynns,"$914,332"
17774,2024-2025,Jazz Chisholm,"$903,232"
17775,2024-2025,Nick Gordon,"$900,000"
17776,2024-2025,Adam Kolarek,"$900,000"
17777,2024-2025,Brock Stewart,"$900,000"
17778,2024-2025,Cooper Criswell,"$865,536"
17779,2024-2025,Victor Gonzalez,"$860,000"
17780,2024-2025,JoJo Romero,"$860,000"
17781,2024-2025,Dylan Covey,"$850,000"
17782,2024-2025,Adrian Morejon,"$850,000"
17783,2024-2025,Jon Singleton,"$850,000"
17784,2024-2025,Garrett Stubbs,"$850,000"
17785,2024-2025,Tyler Wade,"$850,000"
17786,2024-2025,Jose Quijada,"$840,000"
17787,2024-2025,Tejay Antone,"$830,000"
17788,2024-2025,Casey Mize,"$830,000"
17789,2024-2025,Huascar Ynoa,"$825,000"
17790,2024-2025,Anthony Volpe,"$810,100"
17791,2024-2025,Jose Ruiz,"$801,075"
17792,2024-2025,Garrett Crochet,"$800,000"
17793,2024-2025,Caleb Ferguson,"$800,000"
17794,2024-2025,Sam Hilliard,"$800,000"
17795,2024-2025,Blake Perkins,"$800,000"
17796,2024-2025,George Kirby,"$798,600"
17797,2024-2025,Hunter Strickland,"$795,180"
17798,2024-2025,Cal Raleigh,"$795,000"
17799,2024-2025,Donovan Solano,"$790,322"
17800,2024-2025,Jorge Alcala,"$790,000"
17801,2024-2025,Sam Haggerty,"$788,757"
17802,2024-2025,Luis Torrens,"$787,097"
17803,2024-2025,Geraldo Perdomo,"$786,000"
17804,2024-2025,Jeremy Pena,"$783,500"
17805,2024-2025,Oswaldo Cabrera,"$783,000"
17806,2024-2025,Alek Manoah,"$782,500"
17807,2024-2025,Hunter Brown,"$774,500"
17808,2024-2025,Sean Reid-Foley,"$772,750"
17809,2024-2025,Jo Adell,"$770,000"
17810,2024-2025,Anthony Bender,"$770,000"
17811,2024-2025,J.P. Feyereisen,"$770,000"
17812,2024-2025,Tanner Houck,"$770,000"
17813,2024-2025,Mickey Moniak,"$770,000"
17814,2024-2025,Matt Thaiss,"$770,000"
17815,2024-2025,Yainer Diaz,"$768,900"
17816,2024-2025,Bryson Stott,"$768,000"
17817,2024-2025,Jake Meyers,"$767,300"
17818,2024-2025,William Contreras,"$766,900"
17819,2024-2025,Brandon Marsh,"$766,500"
17820,2024-2025,Jason Foley,"$766,300"
17821,2024-2025,Riley Greene,"$766,300"
17822,2024-2025,Andy Ibanez,"$766,100"
17823,2024-2025,Jake McCarthy,"$766,000"
17824,2024-2025,Matt Vierling,"$766,000"
17825,2024-2025,Johan Oviedo,"$765,000"
17826,2024-2025,Zach McKinstry,"$764,400"
17827,2024-2025,Ryne Nelson,"$764,300"
17828,2024-2025,Braxton Garrett,"$764,000"
17829,2024-2025,Francisco Alvarez,"$762,500"
17830,2024-2025,Bailey Ober,"$761,850"
17831,2024-2025,Griffin Jax,"$761,750"
17832,2024-2025,Edward Cabrera,"$761,000"
17833,2024-2025,Kerry Carpenter,"$761,000"
17834,2024-2025,Lars Nootbaar,"$761,000"
17835,2024-2025,Will Vest,"$760,700"
17836,2024-2025,Adley Rutschman,"$760,300"
17837,2024-2025,Gabriel Moreno,"$760,100"
17838,2024-2025,Jake Burger,"$760,000"
17839,2024-2025,Triston Casas,"$760,000"
17840,2024-2025,Kutter Crawford,"$760,000"
17841,2024-2025,Alexis Diaz,"$760,000"
17842,2024-2025,Jarren Duran,"$760,000"
17843,2024-2025,Ian Gibaut,"$760,000"
17844,2024-2025,Lucas Gilbreath,"$760,000"
17845,2024-2025,Jarred Kelenic,"$760,000"
17846,2024-2025,Nick Lodolo,"$760,000"
17847,2024-2025,Penn Murfee,"$760,000"
17848,2024-2025,Logan O'Hoppe,"$760,000"
17849,2024-2025,Jose Soriano,"$760,000"
17850,2024-2025,Connor Wong,"$760,000"
17851,2024-2025,Jimmy Lambert,"$759,250"
17852,2024-2025,Nick Fortes,"$759,000"
17853,2024-2025,Joe Ryan,"$758,850"
17854,2024-2025,Tyler Holton,"$758,300"
17855,2024-2025,Kyle Isbel,"$758,250"
17856,2024-2025,Jose Siri,"$757,800"
17857,2024-2025,Ernie Clement,"$757,700"
17858,2024-2025,Matt Brash,"$757,600"
17859,2024-2025,Steven Kwan,"$757,600"
17860,2024-2025,Josiah Gray,"$757,400"
17861,2024-2025,Kyle Nelson,"$757,300"
17862,2024-2025,Taylor Walls,"$757,300"
17863,2024-2025,Brendan Donovan,"$757,200"
17864,2024-2025,Michael Massey,"$757,000"
17865,2024-2025,Gavin Sheets,"$756,950"
17866,2024-2025,Dean Kremer,"$756,600"
17867,2024-2025,Trevor Megill,"$756,600"
17868,2024-2025,Gunnar Henderson,"$756,200"
17869,2024-2025,Josh Jung,"$756,000"
17870,2024-2025,Josh Lowe,"$755,700"
17871,2024-2025,Ben Rortvedt,"$755,400"
17872,2024-2025,Javier Assad,"$755,000"
17873,2024-2025,Oneil Cruz,"$755,000"
17874,2024-2025,Bailey Falter,"$755,000"
17875,2024-2025,Colin Holderman,"$755,000"
17876,2024-2025,Dauri Moreta,"$755,000"
17877,2024-2025,MJ Melendez,"$754,750"
17878,2024-2025,Kyle Bradish,"$754,500"
17879,2024-2025,Brandon Pfaadt,"$754,400"
17880,2024-2025,Luke Raley,"$754,200"
17881,2024-2025,Justin Martinez,"$754,050"
17882,2024-2025,Andrew Nardi,"$754,000"
17883,2024-2025,Cole Ragans,"$753,750"
17884,2024-2025,Cristopher Sanchez,"$753,500"
17885,2024-2025,Tayler Saucedo,"$753,100"
17886,2024-2025,Vinnie Pasquantino,"$752,750"
17887,2024-2025,Bryce Miller,"$752,600"
17888,2024-2025,Ryan Weathers,"$752,600"
17889,2024-2025,Yennier Cano,"$752,300"
17890,2024-2025,Reese Olson,"$752,300"
17891,2024-2025,José Caballero,"$751,700"
17892,2024-2025,Maikel Garcia,"$751,250"
17893,2024-2025,Alec Burleson,"$750,050"
17894,2024-2025,Sam Bachman,"$750,000"
17895,2024-2025,Will Benson,"$750,000"
17896,2024-2025,Fernando Cruz,"$750,000"
17897,2024-2025,Daniel Duarte,"$750,000"
17898,2024-2025,Lucas Erceg,"$750,000"
17899,2024-2025,Stuart Fairchild,"$750,000"
17900,2024-2025,T.J. Friedl,"$750,000"
17901,2024-2025,Luis Gil,"$750,000"
17902,2024-2025,Ben Lively,"$750,000"
17903,2024-2025,Zach Neto,"$750,000"
17904,2024-2025,Brent Rooker,"$750,000"
17905,2024-2025,Gregory Santos,"$750,000"
17906,2024-2025,Nolan Schanuel,"$750,000"
17907,2024-2025,Tayler Scott,"$750,000"
17908,2024-2025,Emmet Sheehan,"$750,000"
17909,2024-2025,Spencer Steer,"$750,000"
17910,2024-2025,Austin Wells,"$750,000"
17911,2024-2025,Ronel Blanco,"$749,800"
17912,2024-2025,Drey Jameson,"$749,700"
17913,2024-2025,MacKenzie Gore,"$749,600"
17914,2024-2025,Wilyer Abreu,"$749,500"
17915,2024-2025,Josh H. Smith,"$749,500"
17916,2024-2025,Cole Sands,"$749,450"
17917,2024-2025,Luis Patino,"$749,400"
17918,2024-2025,Mason Thompson,"$749,200"
17919,2024-2025,Bryan Woo,"$749,000"
17920,2024-2025,Cody Bradford,"$748,500"
17921,2024-2025,Oliver Ortega,"$748,500"
17922,2024-2025,Grayson Rodriguez,"$748,300"
17923,2024-2025,Brice Turang,"$748,200"
17924,2024-2025,Eury Pérez,"$748,000"
17925,2024-2025,Patrick Bailey,"$747,500"
17926,2024-2025,Tristan Beck,"$747,500"
17927,2024-2025,Luis Ortiz,"$747,500"
17928,2024-2025,Ryan Walker,"$747,500"
17929,2024-2025,Jhoan Duran,"$747,200"
17930,2024-2025,Matthew Liberatore,"$747,200"
17931,2024-2025,Garrett Cleavinger,"$746,900"
17932,2024-2025,Alex Faedo,"$746,600"
17933,2024-2025,Miguel Amaya,"$746,500"
17934,2024-2025,Sal Frelick,"$746,500"
17935,2024-2025,Vidal Brujan,"$745,800"
17936,2024-2025,Jordan Westburg,"$745,800"
17937,2024-2025,James McArthur,"$745,750"
17938,2024-2025,Tanner Bibee,"$745,700"
17939,2024-2025,Royce Lewis,"$745,700"
17940,2024-2025,Jake Irvin,"$745,600"
17941,2024-2025,Richard Palacios,"$745,200"
17942,2024-2025,J.J. Bleday,"$745,000"
17943,2024-2025,Evan Carter,"$745,000"
17944,2024-2025,Ryan Feltner,"$745,000"
17945,2024-2025,Nolan Jones,"$745,000"
17946,2024-2025,Shea Langeliers,"$745,000"
17947,2024-2025,Justin Lawrence,"$745,000"
17948,2024-2025,Korey Lee,"$745,000"
17949,2024-2025,Endy Rodríguez,"$745,000"
17950,2024-2025,Jesse Scholtens,"$745,000"
17951,2024-2025,JP Sears,"$745,000"
17952,2024-2025,Freddy Tarnok,"$745,000"
17953,2024-2025,Jared Triolo,"$745,000"
17954,2024-2025,Ken Waldichuk,"$745,000"
17955,2024-2025,Ryan Pepiot,"$744,900"
17956,2024-2025,Davis Schneider,"$744,900"
17957,2024-2025,Freddy Fermin,"$744,500"
17958,2024-2025,Garrett Mitchell,"$744,300"
17959,2024-2025,Luis Ortiz,"$744,000"
17960,2024-2025,Dairon Blanco,"$743,750"
17961,2024-2025,Kyle Harrison,"$743,750"
17962,2024-2025,Sean Hjelle,"$743,750"
17963,2024-2025,Keaton Winn,"$743,750"
17964,2024-2025,Sawyer Gipson-Long,"$743,600"
17965,2024-2025,Bryce Jarvis,"$743,600"
17966,2024-2025,Ronny Mauricio,"$743,500"
17967,2024-2025,Chris Murphy,"$743,500"
17968,2024-2025,Taj Bradley,"$743,300"
17969,2024-2025,José Ferrer,"$743,000"
17970,2024-2025,Jackson Kowar,"$743,000"
17971,2024-2025,Colton Cowser,"$742,800"
17972,2024-2025,Robert Garcia,"$742,800"
17973,2024-2025,Andrew Abbott,"$742,500"
17974,2024-2025,Elly De La Cruz,"$742,500"
17975,2024-2025,Orion Kerkering,"$742,500"
17976,2024-2025,Matt McLain,"$742,500"
17977,2024-2025,Gavin Stone,"$742,500"
17978,2024-2025,Brandon Williamson,"$742,500"
17979,2024-2025,Jonny DeLuca,"$742,400"
17980,2024-2025,Bennett Sousa,"$742,300"
17981,2024-2025,Masyn Winn,"$742,250"
17982,2024-2025,Drew Rom,"$742,200"
17983,2024-2025,Bo Naylor,"$742,100"
17984,2024-2025,Gavin Williams,"$742,100"
17985,2024-2025,Brenton Doyle,"$742,000"
17986,2024-2025,Sixto Sanchez,"$742,000"
17987,2024-2025,Victor Vodnik,"$742,000"
17988,2024-2025,Mike Siani,"$741,650"
17989,2024-2025,Michael Busch,"$741,500"
17990,2024-2025,Joey Ortiz,"$741,500"
17991,2024-2025,Jordan Wicks,"$741,500"
17992,2024-2025,David Fry,"$741,000"
17993,2024-2025,Tim Herrin,"$740,800"
17994,2024-2025,Hunter Gaddis,"$740,700"
17995,2024-2025,Cade Cavalli,"$740,200"
17996,2024-2025,Brayan Rocchio,"$740,200"
17997,2024-2025,Matt Carpenter,"$740,000"
17998,2024-2025,Jesse Chavez,"$740,000"
17999,2024-2025,Carson Coleman,"$740,000"
18000,2024-2025,Christian Encarnacion-Strand,"$740,000"
18001,2024-2025,Ryan Fernandez,"$740,000"
18002,2024-2025,Zack Gelof,"$740,000"
18003,2024-2025,Stephen Kolek,"$740,000"
18004,2024-2025,Brooks Kriske,"$740,000"
18005,2024-2025,Wyatt Langford,"$740,000"
18006,2024-2025,Bryan Mata,"$740,000"
18007,2024-2025,Kyle McCann,"$740,000"
18008,2024-2025,Luis Medina,"$740,000"
18009,2024-2025,Jackson Merrill,"$740,000"
18010,2024-2025,Erik Miller,"$740,000"
18011,2024-2025,Mason Miller,"$740,000"
18012,2024-2025,Anthony Molina,"$740,000"
18013,2024-2025,Nasim Nunez,"$740,000"
18014,2024-2025,Angel Perdomo,"$740,000"
18015,2024-2025,Connor Phillips,"$740,000"
18016,2024-2025,Justin Slaten,"$740,000"
18017,2024-2025,Cade Smith,"$740,000"
18018,2024-2025,Mitch Spence,"$740,000"
18019,2024-2025,Max Stassi,"$740,000"
18020,2024-2025,Andrew Toles,"$740,000"
18021,2024-2025,Nick Yorke,"$740,000"
18022,2024-2025,Jared Jones,"$736,920"
18023,2024-2025,Ben Brown,"$732,043"
18024,2024-2025,Sam Moll,"$723,222"
18025,2024-2025,Reed Garrett,"$720,018"
18026,2024-2025,Dylan Lee,"$719,136"
18027,2024-2025,Paul DeJong,"$714,540"
18028,2024-2025,Jacob Young,"$712,260"
18029,2024-2025,CJ Abrams,"$712,248"
18030,2024-2025,Joey Bart,"$712,062"
18031,2024-2025,J.B. Bukauskas,"$712,062"
18032,2024-2025,Connor Brogdon,"$711,834"
18033,2024-2025,Camilo Doval,"$707,940"
18034,2024-2025,Steven Wilson,"$707,350"
18035,2024-2025,Hunter Stratton,"$704,880"
18036,2024-2025,Will Brennan,"$704,851"
18037,2024-2025,Johan Rojas,"$700,875"
18038,2024-2025,David Hamilton,"$700,128"
18039,2024-2025,David Peralta,"$698,924"
18040,2024-2025,Trevor Richards,"$693,540"
18041,2024-2025,Carson Fulmer,"$692,172"
18042,2024-2025,Jose Miranda,"$692,172"
18043,2024-2025,Wenceel Perez,"$692,172"
18044,2024-2025,Bowden Francis,"$691,784"
18045,2024-2025,Esteury Ruiz,"$688,860"
18046,2024-2025,Angel Martinez,"$688,279"
18047,2024-2025,Romy Gonzalez,"$688,194"
18048,2024-2025,Dylan Carlson,"$684,946"
18049,2024-2025,Max Schuemann,"$684,216"
18050,2024-2025,Andruw Monasterio,"$683,774"
18051,2024-2025,Tyler Freeman,"$682,119"
18052,2024-2025,Luis Campusano,"$681,744"
18053,2024-2025,Calvin Faucher,"$681,408"
18054,2024-2025,Brennan Bernardino,"$680,238"
18055,2024-2025,Riley O'Brien,"$676,770"
18056,2024-2025,Declan Cronin,"$674,141"
18057,2024-2025,Kevin Kelly,"$672,282"
18058,2024-2025,Angel Zerpa,"$671,841"
18059,2024-2025,D.L. Hall,"$668,167"
18060,2024-2025,Mitchell Parker,"$664,776"
18061,2024-2025,Spencer Arrighetti,"$664,326"
18062,2024-2025,Otto Lopez,"$664,326"
18063,2024-2025,Jacob Waguespack,"$662,595"
18064,2024-2025,Trevor Larnach,"$660,348"
18065,2024-2025,Pedro Avila,"$658,296"
18066,2024-2025,Michael Grove,"$657,846"
18067,2024-2025,Colten Brewer,"$656,370"
18068,2024-2025,Pedro Pages,"$656,370"
18069,2024-2025,Albert Suarez,"$656,370"
18070,2024-2025,Jacob Barnes,"$655,080"
18071,2024-2025,Jordan Leasure,"$644,516"
18072,2024-2025,Greg Weissert,"$643,517"
18073,2024-2025,Tyler Nevin,"$640,458"
18074,2024-2025,Jared Shuster,"$640,458"
18075,2024-2025,A.J. Puk,"$638,710"
18076,2024-2025,Tyler Fitzgerald,"$638,240"
18077,2024-2025,Bryan Hudson,"$638,021"
18078,2024-2025,Josh Simpson,"$636,960"
18079,2024-2025,Hayden Wesneski,"$636,480"
18080,2024-2025,Nick Martini,"$633,024"
18081,2024-2025,Elvis Peguero,"$628,525"
18082,2024-2025,Kody Funderburk,"$628,524"
18083,2024-2025,Eli Morgan,"$626,045"
18084,2024-2025,Jared Koenig,"$624,546"
18085,2024-2025,Kyle Muller,"$624,546"
18086,2024-2025,Josh Winckowski,"$623,009"
18087,2024-2025,Alec Marsh,"$620,620"
18088,2024-2025,Ezequiel Duran,"$620,568"
18089,2024-2025,Jeremiah Estrada,"$620,568"
18090,2024-2025,Kyle Nicolas,"$620,568"
18091,2024-2025,Tyler Soderstrom,"$620,568"
18092,2024-2025,Dane Myers,"$616,590"
18093,2024-2025,Simeon Woods-Richardson,"$616,590"
18094,2024-2025,Dominic Canzone,"$615,692"
18095,2024-2025,Andre Pallante,"$614,419"
18096,2024-2025,Kevin Pillar,"$608,710"
18097,2024-2025,Jordan Beck,"$608,709"
18098,2024-2025,Andy Pages,"$608,634"
18099,2024-2025,Carmen Mlodzinski,"$606,869"
18100,2024-2025,Xavier Edwards,"$604,656"
18101,2024-2025,Zack Kelly,"$600,752"
18102,2024-2025,Lawrence Butler,"$600,678"
18103,2024-2025,Nolan Gorman,"$597,114"
18104,2024-2025,Cam Booser,"$596,774"
18105,2024-2025,Darell Hernaiz,"$596,700"
18106,2024-2025,Dominic Fletcher,"$595,106"
18107,2024-2025,Matt Waldron,"$594,212"
18108,2024-2025,Luis Arraez,"$592,796"
18109,2024-2025,Pete Crow-Armstrong,"$592,795"
18110,2024-2025,Alek Thomas,"$591,591"
18111,2024-2025,Michael Toglia,"$582,430"
18112,2024-2025,Hunter Goodman,"$580,860"
18113,2024-2025,Tobias Myers,"$580,788"
18114,2024-2025,Randy Rodriguez,"$580,788"
18115,2024-2025,Willie Calhoun,"$580,608"
18116,2024-2025,Jordan Weems,"$578,101"
18117,2024-2025,Heliot Ramos,"$572,832"
18118,2024-2025,Shane Baz,"$571,714"
18119,2024-2025,Gabe Speier,"$571,050"
18120,2024-2025,Vaughn Grissom,"$570,427"
18121,2024-2025,Kelvin Cáceres,"$568,854"
18122,2024-2025,Jake Bird,"$568,710"
18123,2024-2025,Iván Herrera,"$567,290"
18124,2024-2025,Ethan Small,"$566,438"
18125,2024-2025,Eduard Bazardo,"$566,401"
18126,2024-2025,Paul Skenes,"$564,946"
18127,2024-2025,Joey Estes,"$564,876"
18128,2024-2025,Robert Gasser,"$564,876"
18129,2024-2025,Nick Gonzales,"$564,876"
18130,2024-2025,Danny Young,"$564,876"
18131,2024-2025,Ty Blach,"$564,480"
18132,2024-2025,Michael Stefanic,"$564,480"
18133,2024-2025,Shawn Dubin,"$562,167"
18134,2024-2025,Austin Martin,"$560,898"
18135,2024-2025,Zach Pop,"$560,898"
18136,2024-2025,Eric Haase,"$560,720"
18137,2024-2025,Wander Franco,"$559,140"
18138,2024-2025,Beau Brieske,"$556,989"
18139,2024-2025,Mark Vientos,"$556,920"
18140,2024-2025,Bobby Miller,"$552,384"
18141,2024-2025,Roansy Contreras,"$552,024"
18142,2024-2025,Seth Martinez,"$551,072"
18143,2024-2025,Jalen Beeks,"$549,305"
18144,2024-2025,Tyson Miller,"$548,964"
18145,2024-2025,Parker Meadows,"$548,235"
18146,2024-2025,Tylor Megill,"$543,840"
18147,2024-2025,Keegan Thompson,"$533,052"
18148,2024-2025,Collin Snider,"$530,376"
18149,2024-2025,Anthony Banda,"$529,074"
18150,2024-2025,Caleb Kilian,"$525,492"
18151,2024-2025,Brett Wisely,"$525,161"
18152,2024-2025,Justin Anderson,"$525,096"
18153,2024-2025,Sam Long,"$525,096"
18154,2024-2025,Richard Lovelady,"$525,096"
18155,2024-2025,Austin Warren,"$523,611"
18156,2024-2025,Daz Cameron,"$521,118"
18157,2024-2025,Andrew Knizner,"$520,027"
18158,2024-2025,Brendon Little,"$517,140"
18159,2024-2025,Dedniel Nunez,"$517,140"
18160,2024-2025,Pavin Smith,"$516,096"
18161,2024-2025,Carson Spiers,"$513,225"
18162,2024-2025,Dany Jimenez,"$512,064"
18163,2024-2025,Trevor Rogers,"$510,000"
18164,2024-2025,Jonathan Cannon,"$505,268"
18165,2024-2025,Yunior Marte,"$500,960"
18166,2024-2025,Amed Rosario,"$500,030"
18167,2024-2025,Mark Leiter Jr.,"$500,000"
18168,2024-2025,Porter Hodge,"$497,311"
18169,2024-2025,Alex Jackson,"$497,250"
18170,2024-2025,Lenyn Sosa,"$497,250"
18171,2024-2025,Corey Julks,"$495,686"
18172,2024-2025,Jahmai Jones,"$494,140"
18173,2024-2025,Spencer Schwellenbach,"$493,333"
18174,2024-2025,Zack Weiss,"$492,957"
18175,2024-2025,Justin Foscue,"$489,294"
18176,2024-2025,Logan Allen,"$488,196"
18177,2024-2025,Riley Adams,"$485,936"
18178,2024-2025,Edouard Julien,"$481,800"
18179,2024-2025,Daniel Schneemann,"$477,419"
18180,2024-2025,Jose Butto,"$477,360"
18181,2024-2025,Ben Joyce,"$477,360"
18182,2024-2025,Alika Williams,"$476,595"
18183,2024-2025,Scott Effross,"$475,776"
18184,2024-2025,Heston Kjerstad,"$473,440"
18185,2024-2025,Tommy Pham,"$467,741"
18186,2024-2025,Cody Poteet,"$467,712"
18187,2024-2025,Victor Robles,"$465,426"
18188,2024-2025,Danny Mendick,"$462,336"
18189,2024-2025,Alex Young,"$461,538"
18190,2024-2025,Christian Scott,"$457,470"
18191,2024-2025,Spencer Torkelson,"$456,987"
18192,2024-2025,Jack Suwinski,"$454,608"
18193,2024-2025,Spencer Horwitz,"$453,492"
18194,2024-2025,Enmanuel Valdez,"$447,664"
18195,2024-2025,Slade Cecconi,"$445,591"
18196,2024-2025,Drew Thorpe,"$441,612"
18197,2024-2025,Tyler Ferguson,"$441,558"
18198,2024-2025,Kyle Leahy,"$429,624"
18199,2024-2025,Dennis Santana,"$429,624"
18200,2024-2025,Justyn-Henry Malloy,"$421,720"
18201,2024-2025,Ramon Laureano,"$421,668"
18202,2024-2025,Manuel Rodriguez,"$421,668"
18203,2024-2025,Miles Mastrobuoni,"$421,155"
18204,2024-2025,Gabriel Arias,"$420,056"
18205,2024-2025,Grant Holmes,"$417,690"
18206,2024-2025,Daulton Jefferies,"$417,690"
18207,2024-2025,Matt Wallner,"$416,832"
18208,2024-2025,J.T. Chargois,"$414,540"
18209,2024-2025,Blaze Alexander,"$413,763"
18210,2024-2025,Chuckie Robinson,"$411,730"
18211,2024-2025,DJ Herz,"$411,528"
18212,2024-2025,Osvaldo Bido,"$411,264"
18213,2024-2025,Rafael Marchán,"$411,264"
18214,2024-2025,Addison Barger,"$405,756"
18215,2024-2025,Jake Cousins,"$405,756"
18216,2024-2025,Edwin Uceta,"$405,756"
18217,2024-2025,Joey Meneses,"$404,300"
18218,2024-2025,Tim Hill,"$401,778"
18219,2024-2025,Hogan Harris,"$397,800"
18220,2024-2025,Jose Herrera,"$397,800"
18221,2024-2025,Dan Altavilla,"$397,590"
18222,2024-2025,Joe Boyle,"$393,822"
18223,2024-2025,Randy Vasquez,"$393,822"
18224,2024-2025,Reid Detmers,"$393,300"
18225,2024-2025,Jasson Domínguez,"$392,980"
18226,2024-2025,Trey Lipscomb,"$391,743"
18227,2024-2025,Jonathan Aranda,"$391,412"
18228,2024-2025,Jonah Bride,"$391,104"
18229,2024-2025,Jhony Brito,"$389,844"
18230,2024-2025,Luke Williams,"$389,844"
18231,2024-2025,Jonathan Hernandez,"$388,252"
18232,2024-2025,Kody Clemens,"$385,866"
18233,2024-2025,Orelvis Martinez,"$385,866"
18234,2024-2025,Isaiah Campbell,"$385,056"
18235,2024-2025,Jhonkensy Noel,"$381,935"
18236,2024-2025,Leonardo Rivas,"$381,888"
18237,2024-2025,Blake Walston,"$381,888"
18238,2024-2025,Elehuris Montero,"$380,475"
18239,2024-2025,Noelvi Marte,"$377,957"
18240,2024-2025,Jose Fermin,"$377,910"
18241,2024-2025,Aaron Schunk,"$373,978"
18242,2024-2025,Matthew Boyd,"$373,932"
18243,2024-2025,Sammy Peralta,"$373,932"
18244,2024-2025,Naoyuki Uwasawa,"$372,312"
18245,2024-2025,Ryan Burr,"$369,954"
18246,2024-2025,Jorge López,"$369,954"
18247,2024-2025,Nick Loftin,"$366,988"
18248,2024-2025,Andrew Wantz,"$365,976"
18249,2024-2025,Rob Zastryzny,"$365,976"
18250,2024-2025,Grant Anderson,"$365,001"
18251,2024-2025,Chase Silseth,"$362,880"
18252,2024-2025,Seby Zavala,"$362,052"
18253,2024-2025,Keider Montero,"$362,043"
18254,2024-2025,Weston Wilson,"$361,998"
18255,2024-2025,James Wood,"$360,087"
18256,2024-2025,Bobby Dalbec,"$358,348"
18257,2024-2025,Jose Marte,"$358,020"
18258,2024-2025,Nelson Velazquez,"$357,424"
18259,2024-2025,Leonardo Jimenez,"$350,064"
18260,2024-2025,Brooks Lee,"$350,064"
18261,2024-2025,Trey Cabbage,"$346,129"
18262,2024-2025,Bryan King,"$346,129"
18263,2024-2025,Michel Otanez,"$346,086"
18264,2024-2025,Ji-Hwan Bae,"$345,015"
18265,2024-2025,Ethan Roberts,"$343,862"
18266,2024-2025,Grae Kessinger,"$343,140"
18267,2024-2025,Roddery Munoz,"$342,108"
18268,2024-2025,Juan Yepez,"$342,108"
18269,2024-2025,Jason Delay,"$336,897"
18270,2024-2025,James Outman,"$335,340"
18271,2024-2025,Graham Ashcraft,"$334,656"
18272,2024-2025,Max Meyer,"$334,656"
18273,2024-2025,Guillo Zuniga,"$334,656"
18274,2024-2025,Landen Roupp,"$330,174"
18275,2024-2025,Angel Chivilli,"$326,236"
18276,2024-2025,Hayden Birdsong,"$326,196"
18277,2024-2025,Drew Millas,"$320,517"
18278,2024-2025,Cade Povich,"$318,279"
18279,2024-2025,Burch Smith,"$318,240"
18280,2024-2025,Jackson Holliday,"$310,322"
18281,2024-2025,Sean Bouchard,"$310,284"
18282,2024-2025,Tony Santillan,"$310,284"
18283,2024-2025,Zack Short,"$309,386"
18284,2024-2025,David Festa,"$306,306"
18285,2024-2025,Ben Rice,"$302,328"
18286,2024-2025,Tom Cosgrove,"$298,590"
18287,2024-2025,Brian Serven,"$298,368"
18288,2024-2025,Spencer Bivens,"$298,350"
18289,2024-2025,Eduardo Salazar,"$298,350"
18290,2024-2025,Landon Knack,"$294,372"
18291,2024-2025,Ali Sanchez,"$294,372"
18292,2024-2025,Brooks Baldwin,"$290,430"
18293,2024-2025,Kyle Manzardo,"$290,430"
18294,2024-2025,Alex Call,"$290,394"
18295,2024-2025,Oliver Dunn,"$290,394"
18296,2024-2025,J.P. France,"$288,890"
18297,2024-2025,Steward Berroa,"$286,416"
18298,2024-2025,Casey Schmitt,"$286,416"
18299,2024-2025,Jacob Wilson,"$286,416"
18300,2024-2025,Henry Davis,"$285,349"
18301,2024-2025,George Soriano,"$284,781"
18302,2024-2025,Cody Bolton,"$282,864"
18303,2024-2025,Kyle Hurt,"$279,440"
18304,2024-2025,Bryce Johnson,"$278,460"
18305,2024-2025,Luis Matos,"$278,460"
18306,2024-2025,Tucupita Marcano,"$276,759"
18307,2024-2025,Nick Allen,"$276,345"
18308,2024-2025,Nate Pearson,"$275,264"
18309,2024-2025,Daniel Palencia,"$274,516"
18310,2024-2025,Whit Merrifield,"$274,482"
18311,2024-2025,River Ryan,"$274,482"
18312,2024-2025,Chadwick Tromp,"$274,482"
18313,2024-2025,Michael Kelly,"$270,504"
18314,2024-2025,Brett Baty,"$270,144"
18315,2024-2025,Enyel De Los Santos,"$268,191"
18316,2024-2025,Kaleb Ort,"$266,526"
18317,2024-2025,Austin Shenton,"$266,526"
18318,2024-2025,Jordan Walker,"$265,254"
18319,2024-2025,Bryan Baker,"$262,548"
18320,2024-2025,Chris Roycroft,"$262,548"
18321,2024-2025,Victor Scott II,"$262,548"
18322,2024-2025,Estevan Florial,"$261,560"
18323,2024-2025,Brock Burke,"$261,555"
18324,2024-2025,Christopher Morel,"$259,812"
18325,2024-2025,Oswald Peraza,"$259,686"
18326,2024-2025,Valente Bellozo,"$258,570"
18327,2024-2025,Christian Bethancourt,"$258,570"
18328,2024-2025,Marco Luciano,"$258,570"
18329,2024-2025,Nick Mears,"$258,048"
18330,2024-2025,Curtis Mead,"$255,424"
18331,2024-2025,Davis Martin,"$254,592"
18332,2024-2025,Dillon Dingler,"$250,645"
18333,2024-2025,Gerson Garabito,"$250,614"
18334,2024-2025,Bryan Hoeing,"$250,170"
18335,2024-2025,Isiah Kiner-Falefa,"$250,000"
18336,2024-2025,Bryan De La Cruz,"$247,740"
18337,2024-2025,Austin Slater,"$246,667"
18338,2024-2025,Fraser Ellard,"$246,666"
18339,2024-2025,Hans Crouse,"$246,636"
18340,2024-2025,Noah Davis,"$246,636"
18341,2024-2025,Jack Kochanowicz,"$246,636"
18342,2024-2025,Miguel Vargas,"$246,636"
18343,2024-2025,Ben Gamel,"$245,176"
18344,2024-2025,Ray Kerr,"$243,814"
18345,2024-2025,Tanner Banks,"$243,540"
18346,2024-2025,Huascar Brazoban,"$242,880"
18347,2024-2025,Kyle Stowers,"$242,658"
18348,2024-2025,Thyago Vieira,"$242,446"
18349,2024-2025,Joan Adon,"$238,680"
18350,2024-2025,Ryan Bliss,"$238,680"
18351,2024-2025,Joey Loperfido,"$238,680"
18352,2024-2025,Jonathan Ornelas,"$238,680"
18353,2024-2025,Jesus Tinoco,"$238,680"
18354,2024-2025,Keston Hiura,"$236,559"
18355,2024-2025,Yonny Chirinos,"$235,215"
18356,2024-2025,Brent Honeywell,"$235,200"
18357,2024-2025,Keegan Akin,"$235,055"
18358,2024-2025,Brenan Hanifee,"$234,702"
18359,2024-2025,Robbie Grossman,"$233,885"
18360,2024-2025,Alex Lange,"$233,073"
18361,2024-2025,Jerar Encarnacion,"$230,724"
18362,2024-2025,Ben Heller,"$230,724"
18363,2024-2025,César Salazar,"$230,724"
18364,2024-2025,Brant Hurter,"$226,774"
18365,2024-2025,Dillon Tate,"$225,820"
18366,2024-2025,Emerson Hancock,"$223,160"
18367,2024-2025,Ky Bush,"$222,795"
18368,2024-2025,Louie Varland,"$220,440"
18369,2024-2025,Cole Tucker,"$219,409"
18370,2024-2025,Adrian Del Castillo,"$218,817"
18371,2024-2025,Zach Dezenzo,"$218,817"
18372,2024-2025,Derek Hill,"$218,790"
18373,2024-2025,Cristian Pache,"$216,717"
18374,2024-2025,Owen Miller,"$216,144"
18375,2024-2025,Logan Allen,"$214,812"
18376,2024-2025,Rece Hinds,"$210,860"
18377,2024-2025,Bryan Ramos,"$210,860"
18378,2024-2025,Ryan Kreidler,"$210,834"
18379,2024-2025,Matt Andriese,"$208,333"
18380,2024-2025,Luke Little,"$207,021"
18381,2024-2025,Brett Harris,"$206,856"
18382,2024-2025,David Hensley,"$206,856"
18383,2024-2025,Braden Shewmake,"$202,980"
18384,2024-2025,Hurston Waldrep,"$202,903"
18385,2024-2025,Daniel Lynch,"$202,878"
18386,2024-2025,Anthony Maldonado,"$202,878"
18387,2024-2025,John McMillon,"$202,878"
18388,2024-2025,Joshua Palacios,"$202,878"
18389,2024-2025,Eli White,"$202,878"
18390,2024-2025,Ryan Noda,"$200,250"
18391,2024-2025,Eguy Rosario,"$200,100"
18392,2024-2025,Erasmo Ramirez,"$198,912"
18393,2024-2025,Jhonny Pereda,"$198,900"
18394,2024-2025,Troy Taylor,"$198,900"
18395,2024-2025,José Tena,"$198,900"
18396,2024-2025,AJ Smith-Shawver,"$194,946"
18397,2024-2025,Armando Alvarez,"$194,922"
18398,2024-2025,Matt Festa,"$194,922"
18399,2024-2025,Bailey Horn,"$194,922"
18400,2024-2025,Josh Rogers,"$194,922"
18401,2024-2025,Nick Sogard,"$194,922"
18402,2024-2025,Tommy Nance,"$190,944"
18403,2024-2025,Walter Pennington,"$190,944"
18404,2024-2025,Will Wagner,"$190,944"
18405,2024-2025,Andres Chaparro,"$189,936"
18406,2024-2025,Josh Winder,"$188,778"
18407,2024-2025,Ryder Ryan,"$188,235"
18408,2024-2025,Tanner Gordon,"$186,989"
18409,2024-2025,Luis Vazquez,"$186,989"
18410,2024-2025,Junior Caminero,"$186,966"
18411,2024-2025,Zebby Matthews,"$186,966"
18412,2024-2025,Brendan White,"$186,966"
18413,2024-2025,Jacob Latz,"$183,264"
18414,2024-2025,Grant McCray,"$182,988"
18415,2024-2025,Tyler Phillips,"$182,988"
18416,2024-2025,Blake Dunn,"$179,032"
18417,2024-2025,Jace Jung,"$179,032"
18418,2024-2025,Drew Romo,"$179,032"
18419,2024-2025,Trey Sweeney,"$179,032"
18420,2024-2025,Shay Whitcomb,"$179,032"
18421,2024-2025,Ronny Henriquez,"$179,010"
18422,2024-2025,Michael Tonkin,"$177,408"
18423,2024-2025,Grant Holman,"$175,032"
18424,2024-2025,Niko Kavadas,"$175,032"
18425,2024-2025,Jack López,"$175,032"
18426,2024-2025,Tim Mayza,"$175,032"
18427,2024-2025,Coby Mayo,"$171,075"
18428,2024-2025,Jacob Amaya,"$171,054"
18429,2024-2025,Mason Black,"$171,054"
18430,2024-2025,Joe La Sorsa,"$171,054"
18431,2024-2025,Gus Varland,"$171,054"
18432,2024-2025,Humberto Castellanos,"$167,953"
18433,2024-2025,Julian Aguiar,"$167,096"
18434,2024-2025,Luis De Los Santos,"$167,076"
18435,2024-2025,Brandon Hughes,"$167,076"
18436,2024-2025,Bubba Thompson,"$163,672"
18437,2024-2025,Tommy Henry,"$163,560"
18438,2024-2025,J.T. Ginn,"$163,118"
18439,2024-2025,Zach DeLoach,"$163,098"
18440,2024-2025,Sean Guenther,"$163,098"
18441,2024-2025,Alek Jacob,"$163,098"
18442,2024-2025,Connor Norby,"$163,098"
18443,2024-2025,Adam Oller,"$163,098"
18444,2024-2025,Christian Roa,"$163,098"
18445,2024-2025,Giovanny Urshela,"$163,098"
18446,2024-2025,Jeff Criswell,"$159,140"
18447,2024-2025,Prelander Berroa,"$159,139"
18448,2024-2025,Daysbel Hernández,"$159,139"
18449,2024-2025,Luken Baker,"$159,120"
18450,2024-2025,Hunter Bigge,"$159,120"
18451,2024-2025,Scott Blewett,"$159,120"
18452,2024-2025,Nick Senzel,"$159,120"
18453,2024-2025,Cole Winn,"$159,120"
18454,2024-2025,Yilber Diaz,"$155,161"
18455,2024-2025,Jacob Hurtubise,"$155,142"
18456,2024-2025,Mason McCoy,"$155,142"
18457,2024-2025,Emmanuel Rivera,"$155,142"
18458,2024-2025,Chris Roller,"$152,539"
18459,2024-2025,Luis Peralta,"$151,183"
18460,2024-2025,Carlos Narvaez,"$151,182"
18461,2024-2025,Matt Bowman,"$151,164"
18462,2024-2025,Nick Nastrini,"$151,164"
18463,2024-2025,Elias Diaz,"$150,537"
18464,2024-2025,Yulieski Gurriel,"$150,537"
18465,2024-2025,John Brebbia,"$150,528"
18466,2024-2025,Diego Castillo,"$150,528"
18467,2024-2025,René Pinto,"$148,222"
18468,2024-2025,Kent Emanuel,"$147,186"
18469,2024-2025,Jamie Westbrook,"$147,186"
18470,2024-2025,Ryan Zeferjahn,"$147,186"
18471,2024-2025,Stone Garrett,"$145,996"
18472,2024-2025,Jhonathan Diaz,"$143,208"
18473,2024-2025,Hector Neris,"$143,208"
18474,2024-2025,Darius Vines,"$142,287"
18475,2024-2025,Zach Remillard,"$141,016"
18476,2024-2025,Abner Uribe,"$140,630"
18477,2024-2025,Allan Winans,"$140,581"
18478,2024-2025,Cole Irvin,"$139,789"
18479,2024-2025,Bryce Elder,"$139,247"
18480,2024-2025,Ty Madden,"$139,247"
18481,2024-2025,Ryan Vilade,"$139,247"
18482,2024-2025,Mason Englert,"$139,230"
18483,2024-2025,Max Lazar,"$139,230"
18484,2024-2025,Livan Soto,"$139,230"
18485,2024-2025,Dylan Crews,"$138,495"
18486,2024-2025,Cody Morris,"$138,411"
18487,2024-2025,J.P. Martinez,"$137,365"
18488,2024-2025,Mike Baumann,"$136,884"
18489,2024-2025,Brandon Eisert,"$135,268"
18490,2024-2025,Jack Neely,"$135,268"
18491,2024-2025,Bradley Blalock,"$135,252"
18492,2024-2025,Griffin Conine,"$135,252"
18493,2024-2025,Mickey Gasper,"$135,252"
18494,2024-2025,Sean Reynolds,"$135,252"
18495,2024-2025,Kirby Snead,"$135,252"
18496,2024-2025,Erik Sabrowski,"$131,290"
18497,2024-2025,Davis Daniel,"$131,274"
18498,2024-2025,Ryan Miller,"$131,274"
18499,2024-2025,Cal Stevenson,"$131,274"
18500,2024-2025,Xzavion Curry,"$128,064"
18501,2024-2025,Deivi Garcia,"$127,392"
18502,2024-2025,Yosver Zulueta,"$127,311"
18503,2024-2025,Logan Gillaspie,"$127,296"
18504,2024-2025,Parker Mushinski,"$124,558"
18505,2024-2025,Joey Cantillo,"$123,333"
18506,2024-2025,Seth Halvorsen,"$123,333"
18507,2024-2025,Rhett Lowder,"$123,333"
18508,2024-2025,Tyler Black,"$123,318"
18509,2024-2025,Alexander Canario,"$123,318"
18510,2024-2025,Luis Guillorme,"$123,318"
18511,2024-2025,Jason Heyward,"$123,318"
18512,2024-2025,Nathan Lukes,"$123,318"
18513,2024-2025,Darren McCaughan,"$123,318"
18514,2024-2025,Eddie Rosario,"$123,318"
18515,2024-2025,Samuel Aldegheri,"$119,340"
18516,2024-2025,Brady Basso,"$119,340"
18517,2024-2025,Michael Mercado,"$119,340"
18518,2024-2025,Kyren Paris,"$119,340"
18519,2024-2025,Kenny Rosenberg,"$119,340"
18520,2024-2025,Jairo Iriarte,"$115,376"
18521,2024-2025,Jack Leiter,"$115,362"
18522,2024-2025,Bryan Sammons,"$115,362"
18523,2024-2025,Jake Woodford,"$115,362"
18524,2024-2025,Justin Wrobleski,"$115,362"
18525,2024-2025,Zach Brzykcy,"$114,753"
18526,2024-2025,Zack Thompson,"$113,036"
18527,2024-2025,Darren Baker,"$111,384"
18528,2024-2025,Josh Maciejewski,"$111,384"
18529,2024-2025,Kameron Misner,"$111,384"
18530,2024-2025,Matt Foster,"$108,864"
18531,2024-2025,Max Kranick,"$108,864"
18532,2024-2025,Rafael Ortega,"$107,527"
18533,2024-2025,Trenton Brooks,"$107,406"
18534,2024-2025,Domingo German,"$107,406"
18535,2024-2025,Tyler Gilbert,"$107,406"
18536,2024-2025,Bligh Madris,"$107,406"
18537,2024-2025,Jack O'Loughlin,"$107,406"
18538,2024-2025,Brett Sullivan,"$107,406"
18539,2024-2025,Aaron Brooks,"$104,839"
18540,2024-2025,Nick Vespi,"$103,818"
18541,2024-2025,Charles Leblanc,"$103,428"
18542,2024-2025,Peter Strzelecki,"$103,428"
18543,2024-2025,Mitch White,"$103,011"
18544,2024-2025,Jaden Hill,"$99,462"
18545,2024-2025,Jair Camargo,"$99,450"
18546,2024-2025,Hunter Feduccia,"$99,450"
18547,2024-2025,Anthony Veneziano,"$99,450"
18548,2024-2025,Billy McKinney,"$96,768"
18549,2024-2025,Joey Wentz,"$96,360"
18550,2024-2025,Logan Driscoll,"$95,923"
18551,2024-2025,Adael Amador,"$95,484"
18552,2024-2025,Johnathan Rodriguez,"$95,484"
18553,2024-2025,Luis Guerrero,"$95,483"
18554,2024-2025,Kevin Herget,"$95,472"
18555,2024-2025,Mason Montgomery,"$95,472"
18556,2024-2025,Tyler Locklear,"$91,505"
18557,2024-2025,Sandro Fabian,"$91,494"
18558,2024-2025,Kai-Wei Teng,"$91,494"
18559,2024-2025,Brandon Bielak,"$90,486"
18560,2024-2025,Richard Fitts,"$87,526"
18561,2024-2025,Jordyn Adams,"$87,516"
18562,2024-2025,Lake Bachar,"$87,516"
18563,2024-2025,Phil Bickford,"$87,516"
18564,2024-2025,Travis Blankenhorn,"$87,516"
18565,2024-2025,Rodolfo Castro,"$87,516"
18566,2024-2025,Nick Hernandez,"$87,516"
18567,2024-2025,Pedro León,"$87,516"
18568,2024-2025,Blake Sabol,"$87,516"
18569,2024-2025,Javier Sanoja,"$87,516"
18570,2024-2025,Bryce Teodosio,"$87,516"
18571,2024-2025,Isaac Collins,"$83,538"
18572,2024-2025,Billy Cook,"$83,538"
18573,2024-2025,Victor Mederos,"$83,538"
18574,2024-2025,David Villar,"$83,538"
18575,2024-2025,Ryan Loutos,"$83,097"
18576,2024-2025,Taylor Trammell,"$80,419"
18577,2024-2025,Sean Burke,"$79,569"
18578,2024-2025,Eddy Alvarez,"$79,560"
18579,2024-2025,José Devers,"$79,560"
18580,2024-2025,Cole Sulser,"$77,690"
18581,2024-2025,Joe Jacques,"$77,599"
18582,2024-2025,Ricky Vanasco,"$77,424"
18583,2024-2025,Yoendrys Gomez,"$75,591"
18584,2024-2025,Shaun Anderson,"$75,582"
18585,2024-2025,Luis Contreras,"$75,582"
18586,2024-2025,Cooper Hummel,"$75,582"
18587,2024-2025,Will Klein,"$75,582"
18588,2024-2025,Thomas Saggese,"$75,582"
18589,2024-2025,Eric Wagaman,"$75,582"
18590,2024-2025,Geoff Hartlieb,"$72,097"
18591,2024-2025,McKinley Moore,"$71,928"
18592,2024-2025,Andrew Walters,"$71,613"
18593,2024-2025,Steven Cruz,"$71,604"
18594,2024-2025,Caden Dana,"$71,604"
18595,2024-2025,Brandon Lockridge,"$71,604"
18596,2024-2025,Nick Maton,"$71,604"
18597,2024-2025,Nick Nelson,"$71,604"
18598,2024-2025,Chase Shugart,"$71,604"
18599,2024-2025,Jake Eder,"$71,226"
18600,2024-2025,Chase Anderson,"$69,888"
18601,2024-2025,Casey Legumina,"$67,626"
18602,2024-2025,Michael Petersen,"$67,626"
18603,2024-2025,Jason Vosler,"$67,626"
18604,2024-2025,Drew Waters,"$67,626"
18605,2024-2025,Owen White,"$67,626"
18606,2024-2025,Zak Kent,"$64,839"
18607,2024-2025,Yerry Rodriguez,"$63,920"
18608,2024-2025,Brennen Davis,"$63,648"
18609,2024-2025,Spencer Howard,"$63,648"
18610,2024-2025,Donnie Walton,"$63,648"
18611,2024-2025,Luisangel Acuna,"$59,670"
18612,2024-2025,Justin Bruihl,"$59,670"
18613,2024-2025,Joel Kuhnel,"$59,670"
18614,2024-2025,Cade Marlowe,"$59,670"
18615,2024-2025,Zach Penrod,"$59,670"
18616,2024-2025,Nick Ramirez,"$59,670"
18617,2024-2025,Daniel Robert,"$59,670"
18618,2024-2025,Kumar Rocker,"$59,670"
18619,2024-2025,Will Warren,"$59,670"
18620,2024-2025,Gustavo Campero,"$55,692"
18621,2024-2025,Conner Capel,"$55,692"
18622,2024-2025,Buddy Kennedy,"$55,692"
18623,2024-2025,Matt Manning,"$55,692"
18624,2024-2025,Riley Pint,"$55,692"
18625,2024-2025,Jakson Reetz,"$55,692"
18626,2024-2025,Carlos F. Rodriguez,"$55,692"
18627,2024-2025,John Curtiss,"$51,714"
18628,2024-2025,Michael Helman,"$51,714"
18629,2024-2025,Greg Jones,"$51,714"
18630,2024-2025,Orlando Ribalta,"$51,441"
18631,2024-2025,Kevin Smith,"$48,387"
18632,2024-2025,Luis Frias,"$48,276"
18633,2024-2025,Tyler Heineman,"$47,736"
18634,2024-2025,Michael McGreevy,"$47,736"
18635,2024-2025,Eric Orze,"$47,736"
18636,2024-2025,Corbin Martin,"$44,090"
18637,2024-2025,DaShawn Keirsey,"$43,758"
18638,2024-2025,Matt Mervis,"$43,758"
18639,2024-2025,Dominic Smith,"$43,758"
18640,2024-2025,Clayton Beeter,"$43,527"
18641,2024-2025,Zach Jackson,"$40,320"
18642,2024-2025,Diego A. Castillo,"$39,785"
18643,2024-2025,Grant Koch,"$39,785"
18644,2024-2025,Ben Casparius,"$39,780"
18645,2024-2025,Jonatan Clase,"$39,780"
18646,2024-2025,Tristan Gray,"$39,780"
18647,2024-2025,Grant Hartwig,"$39,780"
18648,2024-2025,Jacob Lopez,"$39,780"
18649,2024-2025,Isaac Mattson,"$39,780"
18650,2024-2025,Jordan Diaz,"$39,552"
18651,2024-2025,Nick Ahmed,"$37,632"
18652,2024-2025,Anthony Gose,"$37,632"
18653,2024-2025,Pablo Reyes,"$36,972"
18654,2024-2025,Matt Koch,"$36,290"
18655,2024-2025,Ignacio Alvarez,"$35,806"
18656,2024-2025,Logan Porter,"$35,806"
18657,2024-2025,Matthew Batten,"$35,802"
18658,2024-2025,Cavan Biggio,"$35,802"
18659,2024-2025,Vinny Capra,"$35,802"
18660,2024-2025,Duke Ellis,"$35,802"
18661,2024-2025,Paolo Espino,"$35,802"
18662,2024-2025,Levi Jordan,"$35,802"
18663,2024-2025,Gerardo Reyes,"$35,802"
18664,2024-2025,Julio Carreras,"$35,661"
18665,2024-2025,José Hernández,"$35,013"
18666,2024-2025,Joe Hudson,"$34,245"
18667,2024-2025,Brett Kennedy,"$32,258"
18668,2024-2025,Jorge Barrosa,"$31,824"
18669,2024-2025,Jonathan Bermúdez,"$31,824"
18670,2024-2025,Aramis Garcia,"$31,824"
18671,2024-2025,Brewer Hicklen,"$31,824"
18672,2024-2025,Liover Peguero,"$31,824"
18673,2024-2025,Andrew Saalfrank,"$31,824"
18674,2024-2025,Amos Willingham,"$31,824"
18675,2024-2025,Austin Nola,"$31,452"
18676,2024-2025,Eli Villalobos,"$31,003"
18677,2024-2025,Blair Henley,"$30,238"
18678,2024-2025,Jacob Bosiokovic,"$28,646"
18679,2024-2025,Justin Sterner,"$27,846"
18680,2024-2025,Matt Duffy,"$26,881"
18681,2024-2025,Yohan Ramirez,"$24,798"
18682,2024-2025,Caleb Boushley,"$23,868"
18683,2024-2025,Tyler Gentry,"$23,868"
18684,2024-2025,Connor Gillispie,"$23,868"
18685,2024-2025,Andrew Knapp,"$23,868"
18686,2024-2025,Jeff Lindgren,"$23,868"
18687,2024-2025,Forrest Whitley,"$23,868"
18688,2024-2025,Jackson Rutledge,"$23,742"
18689,2024-2025,David Banuelos,"$21,513"
18690,2024-2025,Jake Alu,"$20,748"
18691,2024-2025,Rob Brantly,"$19,890"
18692,2024-2025,Dustin Harris,"$19,890"
18693,2024-2025,Edgardo Henriquez,"$19,890"
18694,2024-2025,Sam Huff,"$19,890"
18695,2024-2025,Jackson Jobe,"$19,890"
18696,2024-2025,Janson Junk,"$19,890"
18697,2024-2025,Evan Justice,"$19,890"
18698,2024-2025,Casey Kelly,"$19,890"
18699,2024-2025,Enoli Paredes,"$19,890"
18700,2024-2025,Colin Selby,"$19,890"
18701,2024-2025,Garrett Acton,"$17,659"
18702,2024-2025,Dylan Dodd,"$15,914"
18703,2024-2025,Lyon Richardson,"$15,914"
18704,2024-2025,Kevin Alcantara,"$15,912"
18705,2024-2025,C.J. Edwards,"$15,912"
18706,2024-2025,Brent Headrick,"$15,912"
18707,2024-2025,Easton Lucas,"$15,912"
18708,2024-2025,Eric Yang,"$15,912"
18709,2024-2025,Brett de Geus,"$15,912"
18710,2024-2025,Tyler Jay,"$11,935"
18711,2024-2025,Matt Krook,"$11,935"
18712,2024-2025,Alan Busenitz,"$11,934"
18713,2024-2025,Gordon Graceffo,"$11,934"
18714,2024-2025,Kolton Ingram,"$11,934"
18715,2024-2025,Evan Kravetz,"$11,934"
18716,2024-2025,Brandon Leibrandt,"$11,934"
18717,2024-2025,Nick Pratto,"$11,934"
18718,2024-2025,Samad Taylor,"$11,934"
18719,2024-2025,Jorbit Vivas,"$11,934"
18720,2024-2025,Joey Wiemer,"$11,934"
18721,2024-2025,Wander Suero,"$11,022"
18722,2024-2025,Jonathan Bowlan,"$7,956"
18723,2024-2025,Michael Burrows,"$7,956"
18724,2024-2025,Marc Church,"$7,956"
18725,2024-2025,Brady Feigl,"$7,956"
18726,2024-2025,Matt Gage,"$7,956"
18727,2024-2025,Zach Logue,"$7,956"
18728,2024-2025,Anthony Misiewicz,"$7,956"
18729,2024-2025,Nick Robertson,"$7,956"
18730,2024-2025,Josimar Cousin,"$7,781"
18731,2024-2025,James Meeker,"$6,572"
18732,2024-2025,David Buchanan,"$3,978"
18733,2024-2025,Raymond Burgos,"$3,978"
18734,2024-2025,Tucker Davidson,"$3,978"
18735,2024-2025,Parker Dunshee,"$3,978"
18736,2024-2025,Ryan Gusto,"$3,978"
18737,2024-2025,Gavin Hollowell,"$3,978"
18738,2024-2025,Blake Hunt,"$3,978"
18739,2024-2025,Daniel Johnson,"$3,978"
18740,2024-2025,Seth Johnson,"$3,978"
18741,2024-2025,Adam Kloffenstein,"$3,978"
18742,2024-2025,Chayce McDermott,"$3,978"
18743,2024-2025,Trevor McDonald,"$3,978"
18744,2024-2025,Cristian Mena,"$3,978"
18745,2024-2025,Quinn Priester,"$3,978"
18746,2024-2025,Tanner Tully,"$3,978"
18747,2025-2026,Juan Soto,"$122,275,000"
18748,2025-2026,Blake Snell,"$64,800,000"
18749,2025-2026,Vladimir Guerrero Jr.,"$48,500,000"
18750,2025-2026,Zack Wheeler,"$42,000,000"
18751,2025-2026,Jacob deGrom,"$40,100,000"
18752,2025-2026,Aaron Judge,"$40,000,000"
18753,2025-2026,Anthony Rendon,"$38,000,000"
18754,2025-2026,Gerrit Cole,"$36,000,000"
18755,2025-2026,Mike Trout,"$35,450,000"
18756,2025-2026,Corey Seager,"$32,000,000"
18757,2025-2026,Giancarlo Stanton,"$32,000,000"
18758,2025-2026,Pete Alonso,"$30,200,000"
18759,2025-2026,Nathan Eovaldi,"$30,100,000"
18760,2025-2026,Jose Altuve,"$30,000,000"
18761,2025-2026,Corbin Burnes,"$30,000,000"
18762,2025-2026,Tyler Glasnow,"$30,000,000"
18763,2025-2026,Cody Bellinger,"$27,500,000"
18764,2025-2026,Trea Turner,"$27,272,727"
18765,2025-2026,Francisco Lindor,"$27,050,000"
18766,2025-2026,Carlos Rodon,"$27,000,000"
18767,2025-2026,Dansby Swanson,"$27,000,000"
18768,2025-2026,Kris Bryant,"$26,000,000"
18769,2025-2026,Matt Chapman,"$26,000,000"
18770,2025-2026,Bryce Harper,"$26,000,000"
18771,2025-2026,Marcus Semien,"$26,000,000"
18772,2025-2026,Tanner Scott,"$25,750,000"
18773,2025-2026,Teoscar Hernandez,"$25,500,000"
18774,2025-2026,Javier Báez,"$25,050,000"
18775,2025-2026,Xander Bogaerts,"$25,000,000"
18776,2025-2026,Jack Flaherty,"$25,000,000"
18777,2025-2026,Sonny Gray,"$25,000,000"
18778,2025-2026,Robbie Ray,"$25,000,000"
18779,2025-2026,Luis Severino,"$25,000,000"
18780,2025-2026,Aaron Nola,"$24,571,428"
18781,2025-2026,J.T. Realmuto,"$23,875,000"
18782,2025-2026,Kevin Gausman,"$23,000,000"
18783,2025-2026,Luis Castillo,"$22,750,000"
18784,2025-2026,George Springer,"$22,550,000"
18785,2025-2026,Trevor Story,"$22,500,000"
18786,2025-2026,Mookie Betts,"$22,000,000"
18787,2025-2026,Tommy Edman,"$22,000,000"
18788,2025-2026,Max Fried,"$22,000,000"
18789,2025-2026,Matt Olson,"$22,000,000"
18790,2025-2026,Austin Riley,"$22,000,000"
18791,2025-2026,Chris Sale,"$22,000,000"
18792,2025-2026,Christian Yelich,"$22,000,000"
18793,2025-2026,Pablo López,"$21,500,000"
18794,2025-2026,Yusei Kikuchi,"$21,225,000"
18795,2025-2026,Nick Martinez,"$21,050,000"
18796,2025-2026,Willy Adames,"$21,000,000"
18797,2025-2026,Nolan Arenado,"$21,000,000"
18798,2025-2026,Chris Bassitt,"$21,000,000"
18799,2025-2026,Brandon Nimmo,"$20,250,000"
18800,2025-2026,Alex Bregman,"$20,000,000"
18801,2025-2026,Nick Castellanos,"$20,000,000"
18802,2025-2026,Yu Darvish,"$20,000,000"
18803,2025-2026,Ian Happ,"$20,000,000"
18804,2025-2026,Joe Musgrove,"$20,000,000"
18805,2025-2026,Salvador Perez,"$20,000,000"
18806,2025-2026,Eduardo Rodriguez,"$20,000,000"
18807,2025-2026,Kyle Schwarber,"$20,000,000"
18808,2025-2026,Fernando Tatis Jr.,"$20,000,000"
18809,2025-2026,Christian Walker,"$20,000,000"
18810,2025-2026,Starling Marte,"$19,500,000"
18811,2025-2026,José Ramírez,"$19,300,000"
18812,2025-2026,Josh Hader,"$19,075,000"
18813,2025-2026,Lucas Giolito,"$19,000,000"
18814,2025-2026,Joc Pederson,"$18,500,000"
18815,2025-2026,Julio Rodriguez,"$18,025,000"
18816,2025-2026,José Berríos,"$18,000,000"
18817,2025-2026,Zach Eflin,"$18,000,000"
18818,2025-2026,Rhys Hoskins,"$18,000,000"
18819,2025-2026,Seiya Suzuki,"$18,000,000"
18820,2025-2026,Jameson Taillon,"$18,000,000"
18821,2025-2026,Framber Valdez,"$18,000,000"
18822,2025-2026,Michael Wacha,"$18,000,000"
18823,2025-2026,Taijuan Walker,"$18,000,000"
18824,2025-2026,Masataka Yoshida,"$18,000,000"
18825,2025-2026,Willson Contreras,"$17,419,356"
18826,2025-2026,Sean Manaea,"$17,250,000"
18827,2025-2026,Ronald Acuña Jr.,"$17,000,000"
18828,2025-2026,Sandy Alcantara,"$17,000,000"
18829,2025-2026,Michael Conforto,"$17,000,000"
18830,2025-2026,Lance McCullers,"$17,000,000"
18831,2025-2026,Frankie Montas,"$17,000,000"
18832,2025-2026,Andrew Benintendi,"$16,500,000"
18833,2025-2026,Bo Bichette,"$16,500,000"
18834,2025-2026,Tyler Mahle,"$16,500,000"
18835,2025-2026,Tyler O'Neill,"$16,500,000"
18836,2025-2026,Kyle Tucker,"$16,500,000"
18837,2025-2026,Byron Buxton,"$16,000,000"
18838,2025-2026,Kyle Freeland,"$16,000,000"
18839,2025-2026,Raisel Iglesias,"$16,000,000"
18840,2025-2026,Clayton Kershaw,"$16,000,000"
18841,2025-2026,Jung Hoo Lee,"$16,000,000"
18842,2025-2026,Miles Mikolas,"$16,000,000"
18843,2025-2026,Marcell Ozuna,"$16,000,000"
18844,2025-2026,Jeff McNeil,"$15,750,000"
18845,2025-2026,Max Scherzer,"$15,500,000"
18846,2025-2026,Rafael Devers,"$15,442,608"
18847,2025-2026,Yordan Alvarez,"$15,000,000"
18848,2025-2026,Alex Cobb,"$15,000,000"
18849,2025-2026,Freddie Freeman,"$15,000,000"
18850,2025-2026,Mitch Keller,"$15,000,000"
18851,2025-2026,Seth Lugo,"$15,000,000"
18852,2025-2026,Sean Murphy,"$15,000,000"
18853,2025-2026,Luis Robert Jr.,"$15,000,000"
18854,2025-2026,Gleyber Torres,"$15,000,000"
18855,2025-2026,Justin Verlander,"$15,000,000"
18856,2025-2026,Luis Arraez,"$14,000,000"
18857,2025-2026,Lourdes Gurriel Jr.,"$14,000,000"
18858,2025-2026,Ketel Marte,"$14,000,000"
18859,2025-2026,Germán Márquez,"$14,000,000"
18860,2025-2026,Kodai Senga,"$14,000,000"
18861,2025-2026,Dylan Cease,"$13,750,000"
18862,2025-2026,Zac Gallen,"$13,500,000"
18863,2025-2026,Shota Imanaga,"$13,250,000"
18864,2025-2026,Kirby Yates,"$13,050,000"
18865,2025-2026,Tyler Anderson,"$13,000,000"
18866,2025-2026,Matthew Boyd,"$13,000,000"
18867,2025-2026,Jon Gray,"$13,000,000"
18868,2025-2026,Clay Holmes,"$13,000,000"
18869,2025-2026,Manny Machado,"$13,000,000"
18870,2025-2026,Jorge Soler,"$13,000,000"
18871,2025-2026,Robert Suarez,"$13,000,000"
18872,2025-2026,Tomoyuki Sugano,"$13,000,000"
18873,2025-2026,Paul Goldschmidt,"$12,500,000"
18874,2025-2026,Edwin Diaz,"$12,050,000"
18875,2025-2026,Max Muncy,"$12,000,000"
18876,2025-2026,Bryan Reynolds,"$12,000,000"
18877,2025-2026,Brent Rooker,"$12,000,000"
18878,2025-2026,Antonio Senzatela,"$12,000,000"
18879,2025-2026,Logan Webb,"$12,000,000"
18880,2025-2026,Mitch Garver,"$11,500,000"
18881,2025-2026,Nico Hoerner,"$11,500,000"
18882,2025-2026,Jeff Hoffman,"$11,500,000"
18883,2025-2026,Randy Arozarena,"$11,300,000"
18884,2025-2026,Jake Cronenworth,"$11,000,000"
18885,2025-2026,A.J. Minter,"$11,000,000"
18886,2025-2026,Cal Raleigh,"$11,000,000"
18887,2025-2026,Robert Stephenson,"$11,000,000"
18888,2025-2026,Blake Treinen,"$11,000,000"
18889,2025-2026,Aroldis Chapman,"$10,750,000"
18890,2025-2026,Adolis García,"$10,500,000"
18891,2025-2026,Brandon Lowe,"$10,500,000"
18892,2025-2026,Jeffrey Springs,"$10,500,000"
18893,2025-2026,Anthony Santander,"$10,250,000"
18894,2025-2026,Tarik Skubal,"$10,150,000"
18895,2025-2026,Carlos Estevez,"$10,100,000"
18896,2025-2026,J.P. Crawford,"$10,000,000"
18897,2025-2026,Yandy Diaz,"$10,000,000"
18898,2025-2026,Andres Gimenez,"$10,000,000"
18899,2025-2026,Kenley Jansen,"$10,000,000"
18900,2025-2026,Cristian Javier,"$10,000,000"
18901,2025-2026,Max Kepler,"$10,000,000"
18902,2025-2026,Jose Leclerc,"$10,000,000"
18903,2025-2026,Christian Vazquez,"$10,000,000"
18904,2025-2026,Yoshinobu Yamamoto,"$10,000,000"
18905,2025-2026,Jorge Polanco,"$9,500,000"
18906,2025-2026,Joe Jimenez,"$9,000,000"
18907,2025-2026,Ranger Suarez,"$8,800,000"
18908,2025-2026,Brady Singer,"$8,750,000"
18909,2025-2026,Cedric Mullins,"$8,725,000"
18910,2025-2026,Devin Williams,"$8,600,000"
18911,2025-2026,Jordan Romano,"$8,500,000"
18912,2025-2026,Gary Sánchez,"$8,500,000"
18913,2025-2026,Carlos Correa,"$8,419,355"
18914,2025-2026,Emilio Pagan,"$8,200,000"
18915,2025-2026,Daulton Varsho,"$8,200,000"
18916,2025-2026,Freddy Peralta,"$8,100,000"
18917,2025-2026,Michael Harris II,"$8,000,000"
18918,2025-2026,Reynaldo López,"$8,000,000"
18919,2025-2026,Will Smith,"$8,000,000"
18920,2025-2026,Evan White,"$8,000,000"
18921,2025-2026,Lane Thomas,"$7,825,000"
18922,2025-2026,Taylor Ward,"$7,825,000"
18923,2025-2026,Tommy Kahnle,"$7,750,000"
18924,2025-2026,Alec Bohm,"$7,700,000"
18925,2025-2026,Logan Gilbert,"$7,625,000"
18926,2025-2026,Nestor Cortes,"$7,600,000"
18927,2025-2026,Geraldo Perdomo,"$7,550,000"
18928,2025-2026,Yimi Garcia,"$7,500,000"
18929,2025-2026,Matt Strahm,"$7,500,000"
18930,2025-2026,Jesse Winker,"$7,500,000"
18931,2025-2026,Jordan Hicks,"$7,274,193"
18932,2025-2026,Bobby Witt Jr.,"$7,100,000"
18933,2025-2026,Jonathan India,"$7,050,000"
18934,2025-2026,Ozzie Albies,"$7,000,000"
18935,2025-2026,Pierce Johnson,"$7,000,000"
18936,2025-2026,Trevor Williams,"$7,000,000"
18937,2025-2026,Ryan Mountcastle,"$6,787,000"
18938,2025-2026,Jose Quintana,"$6,650,000"
18939,2025-2026,Jesús Luzardo,"$6,625,000"
18940,2025-2026,Isaac Paredes,"$6,625,000"
18941,2025-2026,Justin Steele,"$6,550,000"
18942,2025-2026,David Fletcher,"$6,500,000"
18943,2025-2026,Enrique Hernandez,"$6,500,000"
18944,2025-2026,Michael Lorenzen,"$6,500,000"
18945,2025-2026,Jurickson Profar,"$6,193,548"
18946,2025-2026,Evan Phillips,"$6,100,000"
18947,2025-2026,Victor Caratini,"$6,050,000"
18948,2025-2026,David Robertson,"$6,021,505"
18949,2025-2026,Josh Bell,"$6,000,000"
18950,2025-2026,William Contreras,"$6,000,000"
18951,2025-2026,Hunter Greene,"$6,000,000"
18952,2025-2026,Liam Hendriks,"$6,000,000"
18953,2025-2026,Travis d'Arnaud,"$6,000,000"
18954,2025-2026,Luis Rengifo,"$5,950,000"
18955,2025-2026,Jazz Chisholm,"$5,850,000"
18956,2025-2026,Kyle Higashioka,"$5,750,000"
18957,2025-2026,Carson Kelly,"$5,500,000"
18958,2025-2026,Chris Martin,"$5,500,000"
18959,2025-2026,Yuki Matsui,"$5,500,000"
18960,2025-2026,Adley Rutschman,"$5,500,000"
18961,2025-2026,Patrick Sandoval,"$5,500,000"
18962,2025-2026,Tony Gonsolin,"$5,400,000"
18963,2025-2026,Lawrence Butler,"$5,250,000"
18964,2025-2026,Trent Grisham,"$5,250,000"
18965,2025-2026,Garrett Whitlock,"$5,250,000"
18966,2025-2026,Michael Kopech,"$5,200,000"
18967,2025-2026,Tanner Bibee,"$5,000,000"
18968,2025-2026,Corbin Carroll,"$5,000,000"
18969,2025-2026,Mauricio Dubon,"$5,000,000"
18970,2025-2026,Jonathan Loaisiga,"$5,000,000"
18971,2025-2026,Andrew McCutchen,"$5,000,000"
18972,2025-2026,Yoan Moncada,"$5,000,000"
18973,2025-2026,Yariel Rodriguez,"$5,000,000"
18974,2025-2026,Miguel Rojas,"$5,000,000"
18975,2025-2026,Keibert Ruiz,"$5,000,000"
18976,2025-2026,Myles Straw,"$5,000,000"
18977,2025-2026,Brandon Woodruff,"$5,000,000"
18978,2025-2026,Tyler Stephenson,"$4,925,000"
18979,2025-2026,Eugenio Suarez,"$4,838,710"
18980,2025-2026,Jason Adam,"$4,800,000"
18981,2025-2026,Ryne Stanek,"$4,800,000"
18982,2025-2026,Jose Alvarado,"$4,715,054"
18983,2025-2026,David Peterson,"$4,625,000"
18984,2025-2026,Victor Robles,"$4,618,281"
18985,2025-2026,Andrew Vaughn,"$4,602,151"
18986,2025-2026,Alejandro Kirk,"$4,600,000"
18987,2025-2026,Jonah Heim,"$4,575,000"
18988,2025-2026,Ryan Jeffers,"$4,550,000"
18989,2025-2026,Emmanuel Clase,"$4,500,000"
18990,2025-2026,Luis Garcia,"$4,500,000"
18991,2025-2026,Jake Junis,"$4,500,000"
18992,2025-2026,Justin Turner,"$4,500,000"
18993,2025-2026,George Kirby,"$4,300,000"
18994,2025-2026,Griffin Canning,"$4,250,000"
18995,2025-2026,Wandy Peralta,"$4,250,000"
18996,2025-2026,Colin Rea,"$4,250,000"
18997,2025-2026,Ryan McMahon,"$4,193,540"
18998,2025-2026,Steven Kwan,"$4,175,000"
18999,2025-2026,Austin Hays,"$4,100,000"
19000,2025-2026,Jeremy Pena,"$4,100,000"
19001,2025-2026,Steven Matz,"$4,032,258"
19002,2025-2026,Tommy Pham,"$4,025,000"
19003,2025-2026,Jackson Chourio,"$4,000,000"
19004,2025-2026,Austin Hedges,"$4,000,000"
19005,2025-2026,Michael King,"$4,000,000"
19006,2025-2026,Tom Murphy,"$4,000,000"
19007,2025-2026,Nick Pivetta,"$4,000,000"
19008,2025-2026,Spencer Strider,"$4,000,000"
19009,2025-2026,Ezequiel Tovar,"$4,000,000"
19010,2025-2026,Tanner Houck,"$3,950,000"
19011,2025-2026,Jarren Duran,"$3,900,000"
19012,2025-2026,Josh Naylor,"$3,867,742"
19013,2025-2026,Pete Fairbanks,"$3,816,666"
19014,2025-2026,Garrett Crochet,"$3,800,000"
19015,2025-2026,Leody Taveras,"$3,728,548"
19016,2025-2026,Hunter Harvey,"$3,700,000"
19017,2025-2026,Shane McClanahan,"$3,600,000"
19018,2025-2026,Clarke Schmidt,"$3,600,000"
19019,2025-2026,Jorge Mateo,"$3,550,000"
19020,2025-2026,Bailey Ober,"$3,550,000"
19021,2025-2026,Cristopher Sanchez,"$3,550,000"
19022,2025-2026,Aaron Bummer,"$3,500,000"
19023,2025-2026,Wilmer Flores,"$3,500,000"
19024,2025-2026,Colt Keith,"$3,500,000"
19025,2025-2026,Hyeseong Kim,"$3,500,000"
19026,2025-2026,Justin Martinez,"$3,500,000"
19027,2025-2026,Martín Pérez,"$3,500,000"
19028,2025-2026,Bryan Abreu,"$3,450,000"
19029,2025-2026,Jose Trevino,"$3,425,000"
19030,2025-2026,Gavin Lux,"$3,325,000"
19031,2025-2026,Aaron Ashby,"$3,250,000"
19032,2025-2026,Thairo Estrada,"$3,250,000"
19033,2025-2026,Bryson Stott,"$3,200,000"
19034,2025-2026,Shane Bieber,"$3,172,017"
19035,2025-2026,Tyrone Taylor,"$3,025,000"
19036,2025-2026,Matt Vierling,"$3,005,000"
19037,2025-2026,Ryan Brasier,"$3,000,000"
19038,2025-2026,Kris Bubic,"$3,000,000"
19039,2025-2026,Kristian Campbell,"$3,000,000"
19040,2025-2026,Jose Iglesias,"$3,000,000"
19041,2025-2026,Brandon Marsh,"$3,000,000"
19042,2025-2026,Hoby Milner,"$3,000,000"
19043,2025-2026,Joe Ryan,"$3,000,000"
19044,2025-2026,Edmundo Sosa,"$3,000,000"
19045,2025-2026,Justin Wilson,"$3,000,000"
19046,2025-2026,Ryan Thompson,"$2,965,000"
19047,2025-2026,Dean Kremer,"$2,950,000"
19048,2025-2026,Lars Nootbaar,"$2,950,000"
19049,2025-2026,A.J. Puk,"$2,950,000"
19050,2025-2026,Chas McCormick,"$2,943,010"
19051,2025-2026,MacKenzie Gore,"$2,890,000"
19052,2025-2026,Andrew Kittredge,"$2,870,887"
19053,2025-2026,Michael Soroka,"$2,854,833"
19054,2025-2026,Brendan Donovan,"$2,850,000"
19055,2025-2026,Brusdar Graterol,"$2,800,000"
19056,2025-2026,Kutter Crawford,"$2,750,000"
19057,2025-2026,Derek Law,"$2,750,000"
19058,2025-2026,Caleb Thielbar,"$2,750,000"
19059,2025-2026,Luke Weaver,"$2,750,000"
19060,2025-2026,Chris Paddack,"$2,733,597"
19061,2025-2026,Ryan Helsley,"$2,645,160"
19062,2025-2026,Jake Rogers,"$2,640,000"
19063,2025-2026,Kyle Farmer,"$2,625,000"
19064,2025-2026,Brayan Bello,"$2,500,000"
19065,2025-2026,Patrick Corbin,"$2,500,000"
19066,2025-2026,Kyle Hendricks,"$2,500,000"
19067,2025-2026,Tim Hill,"$2,500,000"
19068,2025-2026,Andres Munoz,"$2,500,000"
19069,2025-2026,Drew Rasmussen,"$2,500,000"
19070,2025-2026,Brent Suter,"$2,450,000"
19071,2025-2026,Kevin Ginkel,"$2,425,000"
19072,2025-2026,Santiago Espinal,"$2,400,000"
19073,2025-2026,Jose Siri,"$2,400,000"
19074,2025-2026,Kyle Bradish,"$2,350,000"
19075,2025-2026,Casey Mize,"$2,340,000"
19076,2025-2026,Jarred Kelenic,"$2,300,000"
19077,2025-2026,Jake Meyers,"$2,300,000"
19078,2025-2026,Brooks Raley,"$2,300,000"
19079,2025-2026,John Schreiber,"$2,300,000"
19080,2025-2026,Trevor Stephan,"$2,300,000"
19081,2025-2026,JoJo Romero,"$2,260,000"
19082,2025-2026,Ke'Bryan Hayes,"$2,258,040"
19083,2025-2026,Ben Lively,"$2,250,000"
19084,2025-2026,Michael A. Taylor,"$2,250,000"
19085,2025-2026,Alex Vesia,"$2,250,000"
19086,2025-2026,Merrill Kelly,"$2,220,406"
19087,2025-2026,Danny Jansen,"$2,209,677"
19088,2025-2026,Cionel Perez,"$2,200,000"
19089,2025-2026,Mike Tauchman,"$2,200,000"
19090,2025-2026,Jo Adell,"$2,100,000"
19091,2025-2026,Trevor Larnach,"$2,100,000"
19092,2025-2026,Andre Pallante,"$2,100,000"
19093,2025-2026,Rob Refsnyder,"$2,100,000"
19094,2025-2026,Trevor Rogers,"$2,085,600"
19095,2025-2026,Tyler Wells,"$2,075,000"
19096,2025-2026,Mark Leiter Jr.,"$2,050,000"
19097,2025-2026,Willi Castro,"$2,030,131"
19098,2025-2026,Harrison Bader,"$2,006,720"
19099,2025-2026,Jordan Montgomery,"$2,000,000"
19100,2025-2026,Adrian Morejon,"$2,000,000"
19101,2025-2026,Shohei Ohtani,"$2,000,000"
19102,2025-2026,Brendan Rodgers,"$2,000,000"
19103,2025-2026,Trent Thornton,"$2,000,000"
19104,2025-2026,Ryan Yarbrough,"$2,000,000"
19105,2025-2026,Jason Foley,"$1,981,451"
19106,2025-2026,Nick Lodolo,"$1,975,000"
19107,2025-2026,Tylor Megill,"$1,975,000"
19108,2025-2026,Ernie Clement,"$1,970,000"
19109,2025-2026,Edward Cabrera,"$1,950,000"
19110,2025-2026,Triston McKenzie,"$1,950,000"
19111,2025-2026,Trevor Megill,"$1,940,000"
19112,2025-2026,Wade Miley,"$1,932,581"
19113,2025-2026,Paul Sewald,"$1,903,225"
19114,2025-2026,Eric Lauer,"$1,897,856"
19115,2025-2026,Ha-seong Kim,"$1,887,084"
19116,2025-2026,Luis Garcia,"$1,875,000"
19117,2025-2026,David Bednar,"$1,871,480"
19118,2025-2026,Taylor Rogers,"$1,870,968"
19119,2025-2026,Gregory Soto,"$1,869,595"
19120,2025-2026,Reid Detmers,"$1,825,000"
19121,2025-2026,Zack Littell,"$1,814,427"
19122,2025-2026,Kyle Isbel,"$1,750,000"
19123,2025-2026,Tyler Rogers,"$1,693,560"
19124,2025-2026,Elias Diaz,"$1,650,000"
19125,2025-2026,Zach McKinstry,"$1,650,000"
19126,2025-2026,Nick Sandlin,"$1,630,000"
19127,2025-2026,Royce Lewis,"$1,625,000"
19128,2025-2026,John King,"$1,605,000"
19129,2025-2026,Gavin Sheets,"$1,600,000"
19130,2025-2026,Braxton Garrett,"$1,530,000"
19131,2025-2026,Scott Barlow,"$1,500,000"
19132,2025-2026,Mike Clevinger,"$1,500,000"
19133,2025-2026,Colin Holderman,"$1,500,000"
19134,2025-2026,Brad Keller,"$1,500,000"
19135,2025-2026,Shinnosuke Ogasawara,"$1,500,000"
19136,2025-2026,Pavin Smith,"$1,500,000"
19137,2025-2026,Luis Torrens,"$1,500,000"
19138,2025-2026,Keegan Akin,"$1,475,000"
19139,2025-2026,Shane Baz,"$1,450,000"
19140,2025-2026,Camilo Doval,"$1,435,352"
19141,2025-2026,Jesús Sánchez,"$1,427,446"
19142,2025-2026,Anthony Bender,"$1,420,000"
19143,2025-2026,Jake Bauers,"$1,400,000"
19144,2025-2026,Dennis Santana,"$1,400,000"
19145,2025-2026,Will Vest,"$1,400,000"
19146,2025-2026,Sam Hentges,"$1,377,500"
19147,2025-2026,Josiah Gray,"$1,350,000"
19148,2025-2026,Eric Haase,"$1,350,000"
19149,2025-2026,Nick Madrigal,"$1,350,000"
19150,2025-2026,Taylor Walls,"$1,350,000"
19151,2025-2026,Jhoan Duran,"$1,330,620"
19152,2025-2026,Ian Gibaut,"$1,300,000"
19153,2025-2026,Manuel Margot,"$1,300,000"
19154,2025-2026,Tyler Kinley,"$1,290,300"
19155,2025-2026,Drew Pomeranz,"$1,282,258"
19156,2025-2026,Shawn Armstrong,"$1,250,000"
19157,2025-2026,Jalen Beeks,"$1,250,000"
19158,2025-2026,Mickey Moniak,"$1,250,000"
19159,2025-2026,Cole Ragans,"$1,250,000"
19160,2025-2026,Jacob Webb,"$1,250,000"
19161,2025-2026,Justin Topa,"$1,225,000"
19162,2025-2026,Ryan Feltner,"$1,223,118"
19163,2025-2026,Aaron Civale,"$1,204,308"
19164,2025-2026,Garrett Cleavinger,"$1,200,000"
19165,2025-2026,Steven Okert,"$1,200,000"
19166,2025-2026,Luke Maile,"$1,182,796"
19167,2025-2026,Joey Bart,"$1,175,000"
19168,2025-2026,Brock Burke,"$1,150,000"
19169,2025-2026,Isiah Kiner-Falefa,"$1,129,044"
19170,2025-2026,Paul DeJong,"$1,100,000"
19171,2025-2026,Josh Sborz,"$1,100,000"
19172,2025-2026,Miguel Castro,"$1,096,840"
19173,2025-2026,Jose Quijada,"$1,075,000"
19174,2025-2026,Bryse Wilson,"$1,050,000"
19175,2025-2026,Randal Grichuk,"$1,032,283"
19176,2025-2026,Dane Dunning,"$1,029,677"
19177,2025-2026,Dylan Lee,"$1,025,000"
19178,2025-2026,Reese McGuire,"$1,024,194"
19179,2025-2026,Andy Ibanez,"$1,016,129"
19180,2025-2026,Ramon Urias,"$1,016,129"
19181,2025-2026,Rafael Montero,"$1,001,510"
19182,2025-2026,Anthony Banda,"$1,000,000"
19183,2025-2026,Félix Bautista,"$1,000,000"
19184,2025-2026,Luis Campusano,"$1,000,000"
19185,2025-2026,Dylan Carlson,"$1,000,000"
19186,2025-2026,Kyle Hart,"$1,000,000"
19187,2025-2026,Sam Hilliard,"$1,000,000"
19188,2025-2026,John Means,"$1,000,000"
19189,2025-2026,Ceddanne Rafaela,"$1,000,000"
19190,2025-2026,Emmanuel Rivera,"$1,000,000"
19191,2025-2026,Tony Santillan,"$1,000,000"
19192,2025-2026,Drew Smith,"$1,000,000"
19193,2025-2026,D.J. Stewart,"$1,000,000"
19194,2025-2026,José Urquidy,"$1,000,000"
19195,2025-2026,Mike Yastrzemski,"$1,000,000"
19196,2025-2026,Randy Dobnak,"$999,998"
19197,2025-2026,Caleb Ferguson,"$983,871"
19198,2025-2026,Danny Coulombe,"$980,803"
19199,2025-2026,Justin Lawrence,"$975,000"
19200,2025-2026,Nick Mears,"$963,000"
19201,2025-2026,Miguel Andujar,"$951,611"
19202,2025-2026,Reed Garrett,"$950,000"
19203,2025-2026,Sam Long,"$950,000"
19204,2025-2026,Eli Morgan,"$950,000"
19205,2025-2026,Dominic Smith,"$943,548"
19206,2025-2026,Tayler Saucedo,"$937,500"
19207,2025-2026,Ricky Vanasco,"$925,000"
19208,2025-2026,Tyler Wade,"$925,000"
19209,2025-2026,Justin Anderson,"$900,000"
19210,2025-2026,Nick Maton,"$900,000"
19211,2025-2026,Seranthony Dominguez,"$895,161"
19212,2025-2026,Eduard Bazardo,"$892,700"
19213,2025-2026,Anthony Volpe,"$879,000"
19214,2025-2026,Paul Skenes,"$875,000"
19215,2025-2026,Hunter Brown,"$870,000"
19216,2025-2026,Kyle Wright,"$861,290"
19217,2025-2026,Joey Lucchesi,"$854,839"
19218,2025-2026,Riley Adams,"$850,000"
19219,2025-2026,Jimmy Herget,"$850,000"
19220,2025-2026,Nick Martini,"$850,000"
19221,2025-2026,Johan Oviedo,"$850,000"
19222,2025-2026,Keegan Thompson,"$850,000"
19223,2025-2026,Steven Wilson,"$847,849"
19224,2025-2026,Gabe Speier,"$845,000"
19225,2025-2026,Jake Cousins,"$841,050"
19226,2025-2026,Jesus Tinoco,"$831,000"
19227,2025-2026,Tyler Gilbert,"$827,419"
19228,2025-2026,Oswaldo Cabrera,"$825,600"
19229,2025-2026,Albert Suarez,"$825,000"
19230,2025-2026,Danny Young,"$825,000"
19231,2025-2026,Kolby Allard,"$822,580"
19232,2025-2026,Edwin Uceta,"$815,000"
19233,2025-2026,Riley Greene,"$812,400"
19234,2025-2026,Taylor Clarke,"$811,827"
19235,2025-2026,Jackson Merrill,"$809,500"
19236,2025-2026,Ryne Nelson,"$806,400"
19237,2025-2026,Yainer Diaz,"$805,600"
19238,2025-2026,Tyler Alexander,"$804,612"
19239,2025-2026,Luis Gil,"$804,125"
19240,2025-2026,Ronel Blanco,"$802,700"
19241,2025-2026,Austin Wells,"$801,400"
19242,2025-2026,Bryce Miller,"$800,000"
19243,2025-2026,Brandon Pfaadt,"$799,400"
19244,2025-2026,Tyler Holton,"$797,700"
19245,2025-2026,Kerry Carpenter,"$796,800"
19246,2025-2026,Vinnie Pasquantino,"$793,250"
19247,2025-2026,Gabriel Moreno,"$793,000"
19248,2025-2026,Alek Thomas,"$793,000"
19249,2025-2026,Bo Naylor,"$790,300"
19250,2025-2026,Michael Massey,"$790,250"
19251,2025-2026,Michael Grove,"$790,000"
19252,2025-2026,Logan O'Hoppe,"$790,000"
19253,2025-2026,Jose Soriano,"$790,000"
19254,2025-2026,Eli White,"$790,000"
19255,2025-2026,Connor Wong,"$790,000"
19256,2025-2026,Mark Vientos,"$788,750"
19257,2025-2026,Luke Raley,"$787,400"
19258,2025-2026,Reese Olson,"$787,100"
19259,2025-2026,Ryan Burr,"$786,000"
19260,2025-2026,Spencer Torkelson,"$785,700"
19261,2025-2026,Tanner Banks,"$785,500"
19262,2025-2026,Blake Perkins,"$785,242"
19263,2025-2026,Cade Smith,"$785,100"
19264,2025-2026,Fernando Cruz,"$785,000"
19265,2025-2026,Oneil Cruz,"$785,000"
19266,2025-2026,Bryan Woo,"$783,300"
19267,2025-2026,Andrew Nardi,"$783,000"
19268,2025-2026,Nolan Gorman,"$782,900"
19269,2025-2026,Ben Rice,"$782,800"
19270,2025-2026,Luis Ortiz,"$782,600"
19271,2025-2026,Miguel Amaya,"$782,500"
19272,2025-2026,Daniel Lynch,"$782,500"
19273,2025-2026,Gunnar Henderson,"$782,300"
19274,2025-2026,David Fry,"$781,900"
19275,2025-2026,Parker Meadows,"$781,600"
19276,2025-2026,Bowden Francis,"$781,500"
19277,2025-2026,CJ Abrams,"$780,600"
19278,2025-2026,Michael Busch,"$780,500"
19279,2025-2026,Rafael Marchán,"$780,500"
19280,2025-2026,Josh H. Smith,"$780,500"
19281,2025-2026,Tyler Heineman,"$780,300"
19282,2025-2026,Gavin Williams,"$780,300"
19283,2025-2026,Wilyer Abreu,"$780,000"
19284,2025-2026,Nick Allen,"$780,000"
19285,2025-2026,Graham Ashcraft,"$780,000"
19286,2025-2026,Patrick Bailey,"$780,000"
19287,2025-2026,T.J. Friedl,"$780,000"
19288,2025-2026,Ben Joyce,"$780,000"
19289,2025-2026,Erik Miller,"$780,000"
19290,2025-2026,Penn Murfee,"$780,000"
19291,2025-2026,Zach Neto,"$780,000"
19292,2025-2026,Heliot Ramos,"$780,000"
19293,2025-2026,Nolan Schanuel,"$780,000"
19294,2025-2026,Casey Schmitt,"$780,000"
19295,2025-2026,Spencer Steer,"$780,000"
19296,2025-2026,Gavin Stone,"$780,000"
19297,2025-2026,Ryan Walker,"$780,000"
19298,2025-2026,Hayden Wesneski,"$779,800"
19299,2025-2026,Ryan Weathers,"$779,100"
19300,2025-2026,Angel Zerpa,"$779,000"
19301,2025-2026,Hunter Gaddis,"$778,900"
19302,2025-2026,Alec Burleson,"$778,650"
19303,2025-2026,Cole Sands,"$778,050"
19304,2025-2026,Ronny Henriquez,"$778,000"
19305,2025-2026,Matt Brash,"$777,600"
19306,2025-2026,Logan Allen,"$777,200"
19307,2025-2026,Brice Turang,"$777,100"
19308,2025-2026,Lucas Erceg,"$776,750"
19309,2025-2026,Jeremiah Estrada,"$776,500"
19310,2025-2026,Jared Koenig,"$776,300"
19311,2025-2026,Joey Ortiz,"$776,000"
19312,2025-2026,Justin Slaten,"$776,000"
19313,2025-2026,Matthew Liberatore,"$775,800"
19314,2025-2026,Tyler Freeman,"$775,700"
19315,2025-2026,Richard Palacios,"$775,700"
19316,2025-2026,Calvin Faucher,"$775,500"
19317,2025-2026,Josh Lowe,"$775,100"
19318,2025-2026,Nick Gonzales,"$775,000"
19319,2025-2026,Jared Jones,"$775,000"
19320,2025-2026,Endy Rodríguez,"$775,000"
19321,2025-2026,Maikel Garcia,"$774,750"
19322,2025-2026,Jake Irvin,"$774,600"
19323,2025-2026,Ryan Pepiot,"$774,600"
19324,2025-2026,Colton Cowser,"$774,500"
19325,2025-2026,Jasson Domínguez,"$774,200"
19326,2025-2026,Noelvi Marte,"$774,194"
19327,2025-2026,Cody Bradford,"$774,000"
19328,2025-2026,Triston Casas,"$774,000"
19329,2025-2026,Romy Gonzalez,"$774,000"
19330,2025-2026,Greg Weissert,"$774,000"
19331,2025-2026,James McArthur,"$773,750"
19332,2025-2026,Wyatt Langford,"$773,500"
19333,2025-2026,Javier Assad,"$773,133"
19334,2025-2026,Orion Kerkering,"$773,000"
19335,2025-2026,Jordan Westburg,"$772,700"
19336,2025-2026,Robert Garcia,"$772,500"
19337,2025-2026,Zack Thompson,"$772,200"
19338,2025-2026,Xavier Edwards,"$772,000"
19339,2025-2026,Garrett Mitchell,"$772,000"
19340,2025-2026,Sal Frelick,"$771,800"
19341,2025-2026,Brendon Little,"$771,800"
19342,2025-2026,Christopher Morel,"$771,800"
19343,2025-2026,Pete Crow-Armstrong,"$771,000"
19344,2025-2026,Masyn Winn,"$770,850"
19345,2025-2026,Grayson Rodriguez,"$770,800"
19346,2025-2026,Jordan Walker,"$770,800"
19347,2025-2026,Matt Wallner,"$770,750"
19348,2025-2026,Wenceel Perez,"$770,700"
19349,2025-2026,Miguel Vargas,"$770,400"
19350,2025-2026,Iván Herrera,"$770,300"
19351,2025-2026,Gabriel Arias,"$770,200"
19352,2025-2026,Jonny DeLuca,"$770,100"
19353,2025-2026,Andrew Abbott,"$770,000"
19354,2025-2026,Elly De La Cruz,"$770,000"
19355,2025-2026,Jerar Encarnacion,"$770,000"
19356,2025-2026,Grant Holmes,"$770,000"
19357,2025-2026,Kyle Hurt,"$770,000"
19358,2025-2026,Nolan Jones,"$770,000"
19359,2025-2026,Shea Langeliers,"$770,000"
19360,2025-2026,Matt McLain,"$770,000"
19361,2025-2026,Kaleb Ort,"$770,000"
19362,2025-2026,Andy Pages,"$770,000"
19363,2025-2026,Randy Rodriguez,"$770,000"
19364,2025-2026,River Ryan,"$770,000"
19365,2025-2026,Spencer Schwellenbach,"$770,000"
19366,2025-2026,Lenyn Sosa,"$770,000"
19367,2025-2026,Eric Wagaman,"$770,000"
19368,2025-2026,Brandon Williamson,"$770,000"
19369,2025-2026,Ryan Zeferjahn,"$770,000"
19370,2025-2026,Alex Faedo,"$769,900"
19371,2025-2026,Jhony Brito,"$769,500"
19372,2025-2026,Eury Pérez,"$769,500"
19373,2025-2026,Manuel Rodriguez,"$769,400"
19374,2025-2026,Alec Marsh,"$769,000"
19375,2025-2026,Dane Myers,"$769,000"
19376,2025-2026,Jacob Young,"$768,700"
19377,2025-2026,Pedro Pages,"$768,300"
19378,2025-2026,Kyle Stowers,"$768,200"
19379,2025-2026,Max Meyer,"$768,000"
19380,2025-2026,Jake Burger,"$767,957"
19381,2025-2026,Will Warren,"$767,600"
19382,2025-2026,Spencer Horwitz,"$767,500"
19383,2025-2026,Mitchell Parker,"$767,200"
19384,2025-2026,Enmanuel Valdez,"$767,193"
19385,2025-2026,Kyle Leahy,"$767,000"
19386,2025-2026,Nathan Lukes,"$766,800"
19387,2025-2026,Jonathan Aranda,"$766,500"
19388,2025-2026,Daniel Schneemann,"$766,000"
19389,2025-2026,Jordan Leasure,"$765,800"
19390,2025-2026,Grant Anderson,"$765,591"
19391,2025-2026,Davis Martin,"$765,450"
19392,2025-2026,José Ferrer,"$765,400"
19393,2025-2026,Taylor Trammell,"$765,200"
19394,2025-2026,Spencer Bivens,"$765,000"
19395,2025-2026,Slade Cecconi,"$765,000"
19396,2025-2026,Brenton Doyle,"$765,000"
19397,2025-2026,Hunter Goodman,"$765,000"
19398,2025-2026,Luis Medina,"$765,000"
19399,2025-2026,Connor Norby,"$765,000"
19400,2025-2026,Landen Roupp,"$765,000"
19401,2025-2026,Tyler Soderstrom,"$765,000"
19402,2025-2026,Victor Vodnik,"$765,000"
19403,2025-2026,Jackson Holliday,"$764,800"
19404,2025-2026,Drew Thorpe,"$764,750"
19405,2025-2026,Erik Sabrowski,"$764,700"
19406,2025-2026,James Wood,"$764,600"
19407,2025-2026,Christian Scott,"$764,500"
19408,2025-2026,Brooks Lee,"$764,450"
19409,2025-2026,DJ Herz,"$764,200"
19410,2025-2026,Victor Scott II,"$764,150"
19411,2025-2026,Junior Caminero,"$764,100"
19412,2025-2026,Tyler Phillips,"$764,000"
19413,2025-2026,Carlos Narvaez,"$763,500"
19414,2025-2026,Michael Tonkin,"$763,441"
19415,2025-2026,Zach Dezenzo,"$763,200"
19416,2025-2026,Kyle Manzardo,"$763,200"
19417,2025-2026,Hunter Bigge,"$762,700"
19418,2025-2026,Blake Walston,"$762,700"
19419,2025-2026,Prelander Berroa,"$762,625"
19420,2025-2026,Dillon Dingler,"$762,600"
19421,2025-2026,Jack Leiter,"$762,500"
19422,2025-2026,Bryan King,"$762,279"
19423,2025-2026,Abner Uribe,"$762,200"
19424,2025-2026,Ryan Bliss,"$762,100"
19425,2025-2026,Jeff Criswell,"$762,000"
19426,2025-2026,Seth Halvorsen,"$762,000"
19427,2025-2026,Dylan Crews,"$761,800"
19428,2025-2026,Julian Aguiar,"$761,500"
19429,2025-2026,Rhett Lowder,"$761,500"
19430,2025-2026,Javier Sanoja,"$761,500"
19431,2025-2026,Ty Madden,"$761,400"
19432,2025-2026,Carlos Vargas,"$761,200"
19433,2025-2026,Isaac Collins,"$761,100"
19434,2025-2026,Jackson Jobe,"$760,900"
19435,2025-2026,Ky Bush,"$760,800"
19436,2025-2026,Pedro León,"$760,400"
19437,2025-2026,Drake Baldwin,"$760,000"
19438,2025-2026,Angel Bastardo,"$760,000"
19439,2025-2026,Jack Dreyer,"$760,000"
19440,2025-2026,Liam Hicks,"$760,000"
19441,2025-2026,Nathan Lavender,"$760,000"
19442,2025-2026,Brad Lord,"$760,000"
19443,2025-2026,Roki Sasaki,"$760,000"
19444,2025-2026,Cam Smith,"$760,000"
19445,2025-2026,Shane Smith,"$760,000"
19446,2025-2026,Connor Thomas,"$760,000"
19447,2025-2026,Mike Vasil,"$760,000"
19448,2025-2026,Jacob Wilson,"$760,000"
19449,2025-2026,Cade Povich,"$757,862"
19450,2025-2026,Bennett Sousa,"$753,623"
19451,2025-2026,Jake Mangum,"$751,828"
19452,2025-2026,Yennier Cano,"$751,569"
19453,2025-2026,Spencer Arrighetti,"$751,501"
19454,2025-2026,Griffin Jax,"$750,185"
19455,2025-2026,Brandon Eisert,"$744,438"
19456,2025-2026,Alexander Canario,"$743,656"
19457,2025-2026,Christian Koss,"$739,481"
19458,2025-2026,Griffin Conine,"$738,467"
19459,2025-2026,Otto Lopez,"$736,645"
19460,2025-2026,Ezequiel Duran,"$730,519"
19461,2025-2026,Brett Baty,"$728,225"
19462,2025-2026,Max Schuemann,"$727,983"
19463,2025-2026,Angel Martinez,"$727,037"
19464,2025-2026,Josh Jung,"$726,105"
19465,2025-2026,Max Kranick,"$725,403"
19466,2025-2026,Carson Spiers,"$723,871"
19467,2025-2026,Sawyer Gipson-Long,"$723,577"
19468,2025-2026,Jackson Rutledge,"$723,392"
19469,2025-2026,D.L. Hall,"$723,225"
19470,2025-2026,Carmen Mlodzinski,"$723,038"
19471,2025-2026,Emmet Sheehan,"$721,290"
19472,2025-2026,Garrett Acton,"$720,891"
19473,2025-2026,Hunter Strickland,"$720,430"
19474,2025-2026,Quinn Priester,"$719,758"
19475,2025-2026,Yohel Pozo,"$715,050"
19476,2025-2026,Bryce Elder,"$713,978"
19477,2025-2026,Jordan Beck,"$712,838"
19478,2025-2026,Addison Barger,"$710,533"
19479,2025-2026,Kevin Kelly,"$707,459"
19480,2025-2026,Henry Davis,"$705,282"
19481,2025-2026,Bailey Falter,"$704,814"
19482,2025-2026,AJ Smith-Shawver,"$703,763"
19483,2025-2026,Brennan Bernardino,"$703,258"
19484,2025-2026,Orlando Ribalta,"$699,352"
19485,2025-2026,Steven Cruz,"$698,710"
19486,2025-2026,Brady Basso,"$698,709"
19487,2025-2026,Chase Meidroth,"$698,709"
19488,2025-2026,Brenan Hanifee,"$695,989"
19489,2025-2026,Ronny Mauricio,"$695,989"
19490,2025-2026,J.P. France,"$695,393"
19491,2025-2026,J.T. Ginn,"$694,623"
19492,2025-2026,Trey Sweeney,"$694,172"
19493,2025-2026,Ben Casparius,"$693,833"
19494,2025-2026,Lake Bachar,"$692,809"
19495,2025-2026,Ben Brown,"$692,809"
19496,2025-2026,Sam Haggerty,"$691,935"
19497,2025-2026,Jake Fraley,"$688,844"
19498,2025-2026,Amed Rosario,"$688,172"
19499,2025-2026,Cole Henry,"$686,816"
19500,2025-2026,Simeon Woods-Richardson,"$686,666"
19501,2025-2026,Nic Enright,"$686,451"
19502,2025-2026,David Hamilton,"$683,548"
19503,2025-2026,Daniel Palencia,"$682,365"
19504,2025-2026,Davis Schneider,"$681,399"
19505,2025-2026,Robert Gasser,"$678,984"
19506,2025-2026,Dustin May,"$677,202"
19507,2025-2026,Porter Hodge,"$676,279"
19508,2025-2026,Francisco Alvarez,"$675,322"
19509,2025-2026,Edgar Quero,"$674,193"
19510,2025-2026,Randy Vasquez,"$673,440"
19511,2025-2026,Sean Newcomb,"$672,043"
19512,2025-2026,Matt Thaiss,"$672,000"
19513,2025-2026,Valente Bellozo,"$670,967"
19514,2025-2026,Caleb Durbin,"$670,107"
19515,2025-2026,Austin Wynns,"$668,280"
19516,2025-2026,Sean Burke,"$666,021"
19517,2025-2026,Curtis Mead,"$663,876"
19518,2025-2026,Chris Murphy,"$663,677"
19519,2025-2026,Matt Shaw,"$661,935"
19520,2025-2026,Justin Sterner,"$661,935"
19521,2025-2026,Jake McCarthy,"$661,337"
19522,2025-2026,Agustin Ramirez,"$657,850"
19523,2025-2026,Jonathan Cannon,"$657,456"
19524,2025-2026,Josh Winckowski,"$653,763"
19525,2025-2026,Ildemaro Vargas,"$652,456"
19526,2025-2026,Sam Moll,"$650,000"
19527,2025-2026,Grant Holman,"$649,677"
19528,2025-2026,Nick Kurtz,"$649,677"
19529,2025-2026,Edgardo Henriquez,"$647,715"
19530,2025-2026,Brant Hurter,"$647,498"
19531,2025-2026,Kody Clemens,"$646,620"
19532,2025-2026,Daysbel Hernández,"$645,806"
19533,2025-2026,Ian Hamilton,"$642,545"
19534,2025-2026,Weston Wilson,"$640,774"
19535,2025-2026,Tim Herrin,"$639,391"
19536,2025-2026,Mason Montgomery,"$638,335"
19537,2025-2026,Jacob Latz,"$638,001"
19538,2025-2026,Hogan Harris,"$636,559"
19539,2025-2026,Jared Young,"$635,484"
19540,2025-2026,Phil Maton,"$634,427"
19541,2025-2026,Kyle Finnegan,"$634,408"
19542,2025-2026,Evan Carter,"$631,054"
19543,2025-2026,Osvaldo Bido,"$625,161"
19544,2025-2026,Ignacio Alvarez,"$625,107"
19545,2025-2026,Alex Lange,"$622,395"
19546,2025-2026,Tyler Callihan,"$621,075"
19547,2025-2026,Hunter Dobbins,"$621,075"
19548,2025-2026,Jose Herrera,"$618,648"
19549,2025-2026,Huascar Brazoban,"$614,871"
19550,2025-2026,Tyler Ferguson,"$612,903"
19551,2025-2026,Matt Festa,"$612,903"
19552,2025-2026,Gunnar Hoglund,"$612,903"
19553,2025-2026,Miles Mastrobuoni,"$611,548"
19554,2025-2026,Nick Fortes,"$610,000"
19555,2025-2026,Mason Thompson,"$609,464"
19556,2025-2026,Casey Legumina,"$608,000"
19557,2025-2026,Cole Sulser,"$607,258"
19558,2025-2026,Adam Frazier,"$606,726"
19559,2025-2026,J.J. Bleday,"$604,408"
19560,2025-2026,Dominic Canzone,"$604,232"
19561,2025-2026,Brooks Baldwin,"$598,619"
19562,2025-2026,Abraham Toro,"$596,774"
19563,2025-2026,Dauri Moreta,"$594,452"
19564,2025-2026,Chase Shugart,"$594,267"
19565,2025-2026,Jackson Kowar,"$592,508"
19566,2025-2026,Zach Agnos,"$592,473"
19567,2025-2026,DaShawn Keirsey,"$589,354"
19568,2025-2026,Luis Matos,"$588,387"
19569,2025-2026,Juan Mejia,"$588,387"
19570,2025-2026,Andruw Monasterio,"$588,387"
19571,2025-2026,Max Muncy,"$588,387"
19572,2025-2026,Tyler Tolbert,"$588,387"
19573,2025-2026,Zack Gelof,"$588,145"
19574,2025-2026,Johan Rojas,"$587,142"
19575,2025-2026,Bryan Hoeing,"$585,161"
19576,2025-2026,Chandler Simpson,"$584,610"
19577,2025-2026,Gustavo Campero,"$584,301"
19578,2025-2026,Richard Fitts,"$580,215"
19579,2025-2026,Cade Horton,"$580,215"
19580,2025-2026,Michael Burrows,"$578,746"
19581,2025-2026,Graham Pauley,"$577,266"
19582,2025-2026,Luisangel Acuna,"$576,559"
19583,2025-2026,Chase Dollander,"$576,129"
19584,2025-2026,Austin Slater,"$573,925"
19585,2025-2026,Will Brennan,"$572,043"
19586,2025-2026,J.C. Escarra,"$567,957"
19587,2025-2026,Jacob Lopez,"$567,957"
19588,2025-2026,David Morgan,"$565,602"
19589,2025-2026,Mason Fluharty,"$564,896"
19590,2025-2026,Dalton Rushing,"$563,871"
19591,2025-2026,Brayan Rocchio,"$563,742"
19592,2025-2026,Tobias Myers,"$563,232"
19593,2025-2026,Riley O'Brien,"$562,129"
19594,2025-2026,Emerson Hancock,"$561,357"
19595,2025-2026,Luke Williams,"$560,409"
19596,2025-2026,Noah Cameron,"$559,785"
19597,2025-2026,Ryan Fernandez,"$558,585"
19598,2025-2026,Rob Zastryzny,"$555,698"
19599,2025-2026,Braxton Ashcraft,"$554,806"
19600,2025-2026,Andres Chaparro,"$553,770"
19601,2025-2026,Cade Gibson,"$551,613"
19602,2025-2026,Michael Toglia,"$551,129"
19603,2025-2026,Zebby Matthews,"$547,527"
19604,2025-2026,Thomas Saggese,"$545,208"
19605,2025-2026,Will Benson,"$543,440"
19606,2025-2026,Braydon Fisher,"$541,175"
19607,2025-2026,Collin Snider,"$540,269"
19608,2025-2026,Nick Loftin,"$539,355"
19609,2025-2026,Sean Guenther,"$537,656"
19610,2025-2026,Joey Cantillo,"$537,240"
19611,2025-2026,Luis Guerrero,"$535,268"
19612,2025-2026,Tristan Beck,"$534,097"
19613,2025-2026,Kyle Nicolas,"$533,788"
19614,2025-2026,Alexis Diaz,"$532,258"
19615,2025-2026,Fraser Ellard,"$529,437"
19616,2025-2026,Kumar Rocker,"$528,399"
19617,2025-2026,Hayden Birdsong,"$527,173"
19618,2025-2026,David Festa,"$527,097"
19619,2025-2026,Denzel Clarke,"$527,096"
19620,2025-2026,James McCann,"$526,882"
19621,2025-2026,Cam Booser,"$524,510"
19622,2025-2026,Cole Winn,"$523,370"
19623,2025-2026,Janson Junk,"$523,011"
19624,2025-2026,Marcelo Mayer,"$523,010"
19625,2025-2026,Max Lazar,"$520,608"
19626,2025-2026,Logan Evans,"$520,477"
19627,2025-2026,Coby Mayo,"$518,924"
19628,2025-2026,Beau Brieske,"$518,010"
19629,2025-2026,Angel Chivilli,"$516,193"
19630,2025-2026,Chris Taylor,"$514,836"
19631,2025-2026,Chad Patrick,"$510,752"
19632,2025-2026,Mitch Spence,"$510,000"
19633,2025-2026,Matt Svanson,"$507,112"
19634,2025-2026,Cristian Mena,"$506,666"
19635,2025-2026,Andrew Walters,"$506,666"
19636,2025-2026,Orlando Arcia,"$506,664"
19637,2025-2026,Connor Joe,"$505,376"
19638,2025-2026,Isaac Mattson,"$504,768"
19639,2025-2026,Connor Brogdon,"$502,580"
19640,2025-2026,Tyler Fitzgerald,"$502,161"
19641,2025-2026,Jack Kochanowicz,"$500,914"
19642,2025-2026,Jahmai Jones,"$500,806"
19643,2025-2026,Blaze Alexander,"$498,507"
19644,2025-2026,Heriberto Hernandez,"$498,495"
19645,2025-2026,Cole Young,"$494,406"
19646,2025-2026,Daylen Lile,"$487,680"
19647,2025-2026,Christian Montes De Oca,"$486,236"
19648,2025-2026,Zack Kelly,"$485,298"
19649,2025-2026,MJ Melendez,"$484,408"
19650,2025-2026,Jac Caglianone,"$482,151"
19651,2025-2026,Justin Foscue,"$481,687"
19652,2025-2026,Scott Blewett,"$480,215"
19653,2025-2026,Jose Fermin,"$478,064"
19654,2025-2026,Ken Waldichuk,"$476,075"
19655,2025-2026,Jose Ruiz,"$474,192"
19656,2025-2026,Michael Kelly,"$473,976"
19657,2025-2026,Sam Bachman,"$473,871"
19658,2025-2026,Dedniel Nunez,"$469,892"
19659,2025-2026,Ryan Ritter,"$469,892"
19660,2025-2026,Kyle Teel,"$469,892"
19661,2025-2026,Sean Reynolds,"$467,556"
19662,2025-2026,Ryan Rolison,"$465,806"
19663,2025-2026,Brandon Walter,"$465,806"
19664,2025-2026,Ben Williamson,"$465,376"
19665,2025-2026,Kyle Backhus,"$461,720"
19666,2025-2026,Lyon Richardson,"$461,720"
19667,2025-2026,Roman Anthony,"$457,634"
19668,2025-2026,Colton Gordon,"$457,634"
19669,2025-2026,Tim Tawa,"$457,634"
19670,2025-2026,Jacob Melton,"$453,548"
19671,2025-2026,Juan Morillo,"$453,548"
19672,2025-2026,Grant Taylor,"$453,548"
19673,2025-2026,Zak Kent,"$452,656"
19674,2025-2026,Korey Lee,"$451,822"
19675,2025-2026,Leonardo Rivas,"$450,677"
19676,2025-2026,César Salazar,"$449,462"
19677,2025-2026,Tanner Gordon,"$445,376"
19678,2025-2026,Jacob Misiorowski,"$445,376"
19679,2025-2026,Alejandro Osuna,"$443,687"
19680,2025-2026,Christian Encarnacion-Strand,"$442,957"
19681,2025-2026,Joey Wentz,"$441,667"
19682,2025-2026,Yerry De Los Santos,"$441,290"
19683,2025-2026,Maverick Handley,"$441,290"
19684,2025-2026,Bryce Johnson,"$434,677"
19685,2025-2026,Justyn-Henry Malloy,"$433,118"
19686,2025-2026,Jhonkensy Noel,"$432,927"
19687,2025-2026,Mike Siani,"$430,953"
19688,2025-2026,Justin Wrobleski,"$430,107"
19689,2025-2026,Eric Orze,"$428,270"
19690,2025-2026,Adrian Houser,"$428,226"
19691,2025-2026,Brady House,"$426,720"
19692,2025-2026,John Curtiss,"$425,000"
19693,2025-2026,José Tena,"$419,931"
19694,2025-2026,Jorge Alcala,"$419,355"
19695,2025-2026,Carson Fulmer,"$418,817"
19696,2025-2026,Gregory Santos,"$417,591"
19697,2025-2026,John Rave,"$416,774"
19698,2025-2026,Hayden Senger,"$416,774"
19699,2025-2026,Luis Vazquez,"$416,774"
19700,2025-2026,Elvis Alvarado,"$412,688"
19701,2025-2026,Gordon Graceffo,"$411,261"
19702,2025-2026,Mickey Gasper,"$409,919"
19703,2025-2026,Craig Kimbrel,"$408,602"
19704,2025-2026,Nick Burdi,"$406,989"
19705,2025-2026,Cade Cavalli,"$406,500"
19706,2025-2026,Jake Woodford,"$406,452"
19707,2025-2026,Jonathan Bowlan,"$404,516"
19708,2025-2026,Kody Funderburk,"$404,516"
19709,2025-2026,Jack Perkins,"$404,516"
19710,2025-2026,Michael Darrell-Hicks,"$403,005"
19711,2025-2026,Matt Waldron,"$401,626"
19712,2025-2026,Edouard Julien,"$400,430"
19713,2025-2026,Rob Brantly,"$396,344"
19714,2025-2026,Chase Burns,"$396,344"
19715,2025-2026,Braxton Fulford,"$396,344"
19716,2025-2026,Brent Headrick,"$393,871"
19717,2025-2026,Mason McCoy,"$392,748"
19718,2025-2026,Christian Moore,"$392,258"
19719,2025-2026,Jose Fermin,"$390,668"
19720,2025-2026,Chase Lee,"$388,172"
19721,2025-2026,Colin Selby,"$388,172"
19722,2025-2026,Brandon Young,"$388,172"
19723,2025-2026,Zach Brzykcy,"$386,270"
19724,2025-2026,Konnor Pilkington,"$386,080"
19725,2025-2026,Willie MacIver,"$384,086"
19726,2025-2026,Drew Millas,"$382,016"
19727,2025-2026,Michael McGreevy,"$380,674"
19728,2025-2026,Alek Jacob,"$380,570"
19729,2025-2026,Dylan Dodd,"$375,914"
19730,2025-2026,Otto Kemp,"$375,914"
19731,2025-2026,Keider Montero,"$375,914"
19732,2025-2026,Josh Simpson,"$371,828"
19733,2025-2026,Ian Seymour,"$370,053"
19734,2025-2026,Carlos Hernandez,"$367,983"
19735,2025-2026,Yanquiel Fernandez,"$367,742"
19736,2025-2026,Anthony Seigler,"$367,742"
19737,2025-2026,Tommy Henry,"$367,741"
19738,2025-2026,Kameron Misner,"$364,010"
19739,2025-2026,Ben Rortvedt,"$362,903"
19740,2025-2026,Liover Peguero,"$360,800"
19741,2025-2026,Drew Waters,"$355,484"
19742,2025-2026,Colson Montgomery,"$355,483"
19743,2025-2026,Chris Roycroft,"$354,528"
19744,2025-2026,Grant Wolfram,"$353,062"
19745,2025-2026,Jason Alexander,"$351,903"
19746,2025-2026,Paxton Schultz,"$350,059"
19747,2025-2026,Nasim Nunez,"$349,504"
19748,2025-2026,Scott Effross,"$348,387"
19749,2025-2026,Tommy Nance,"$348,065"
19750,2025-2026,Alex Jackson,"$347,311"
19751,2025-2026,Genesis Cabrera,"$346,774"
19752,2025-2026,Carson Seymour,"$346,355"
19753,2025-2026,Robert Hassell,"$345,440"
19754,2025-2026,Logan Gillaspie,"$340,255"
19755,2025-2026,Esteury Ruiz,"$340,108"
19756,2025-2026,Ron Marinaccio,"$336,667"
19757,2025-2026,Joe Boyle,"$335,933"
19758,2025-2026,Joey Loperfido,"$335,793"
19759,2025-2026,Anthony Misiewicz,"$335,054"
19760,2025-2026,Andrew Saalfrank,"$335,053"
19761,2025-2026,Cam Schlittler,"$335,053"
19762,2025-2026,Jared Triolo,"$334,833"
19763,2025-2026,Bryan Baker,"$330,640"
19764,2025-2026,Tim Elko,"$326,881"
19765,2025-2026,Eduardo Salazar,"$326,080"
19766,2025-2026,Colby Thomas,"$322,795"
19767,2025-2026,Yohan Ramirez,"$322,794"
19768,2025-2026,Andrew Chafin,"$322,560"
19769,2025-2026,Jonah Bride,"$319,591"
19770,2025-2026,Tyson Miller,"$317,892"
19771,2025-2026,Ty France,"$317,184"
19772,2025-2026,Shelby Miller,"$317,184"
19773,2025-2026,Bradley Blalock,"$315,451"
19774,2025-2026,Jonatan Clase,"$315,414"
19775,2025-2026,Heston Kjerstad,"$312,172"
19776,2025-2026,Michael Helman,"$311,395"
19777,2025-2026,George Soriano,"$310,537"
19778,2025-2026,Connor Phillips,"$309,010"
19779,2025-2026,Mason Englert,"$307,172"
19780,2025-2026,Logan Henderson,"$306,451"
19781,2025-2026,Keaton Winn,"$304,161"
19782,2025-2026,Anthony Molina,"$302,365"
19783,2025-2026,Kade Strowd,"$302,365"
19784,2025-2026,Will Wilson,"$302,365"
19785,2025-2026,Sam Huff,"$301,935"
19786,2025-2026,Dillon Tate,"$300,538"
19787,2025-2026,Johnathan Rodriguez,"$298,632"
19788,2025-2026,Sean Bouchard,"$298,459"
19789,2025-2026,Adrian Del Castillo,"$298,279"
19790,2025-2026,Matt Gage,"$296,129"
19791,2025-2026,Bryce Jarvis,"$294,802"
19792,2025-2026,Rowdy Tellez,"$294,194"
19793,2025-2026,Jaden Hill,"$294,193"
19794,2025-2026,Darren McCaughan,"$293,925"
19795,2025-2026,Jack WInkler,"$290,107"
19796,2025-2026,Brandon Waddell,"$290,107"
19797,2025-2026,Leonardo Jimenez,"$289,613"
19798,2025-2026,Grant McCray,"$289,345"
19799,2025-2026,Brock Stewart,"$288,081"
19800,2025-2026,Ji-Hwan Bae,"$285,721"
19801,2025-2026,Stuart Fairchild,"$285,161"
19802,2025-2026,Daz Cameron,"$283,333"
19803,2025-2026,Carlos Cortes,"$281,935"
19804,2025-2026,Nick Sogard,"$281,935"
19805,2025-2026,Luis Peralta,"$278,580"
19806,2025-2026,Dairon Blanco,"$278,086"
19807,2025-2026,Ben Bowden,"$277,849"
19808,2025-2026,Nate Eaton,"$273,763"
19809,2025-2026,Joshua Palacios,"$273,226"
19810,2025-2026,Travis Adams,"$269,677"
19811,2025-2026,Matthew Lugo,"$269,677"
19812,2025-2026,Troy Taylor,"$267,919"
19813,2025-2026,Rico Garcia,"$266,129"
19814,2025-2026,Warming Bernabel,"$265,591"
19815,2025-2026,Ryan Fitzgerald,"$265,591"
19816,2025-2026,Corbin Martin,"$264,194"
19817,2025-2026,Jacob Amaya,"$262,237"
19818,2025-2026,Cooper Hummel,"$260,806"
19819,2025-2026,Daniel Robert,"$259,940"
19820,2025-2026,Nick Hernandez,"$259,901"
19821,2025-2026,Kyren Paris,"$257,419"
19822,2025-2026,Luis Curvelo,"$256,715"
19823,2025-2026,Tristan Gray,"$255,499"
19824,2025-2026,Seth Johnson,"$253,856"
19825,2025-2026,Dietrich Enns,"$253,763"
19826,2025-2026,Jorge Barrosa,"$253,333"
19827,2025-2026,Darell Hernaiz,"$253,333"
19828,2025-2026,Troy Johnston,"$253,333"
19829,2025-2026,Michel Otanez,"$253,333"
19830,2025-2026,Jose Butto,"$252,960"
19831,2025-2026,Tyler Zuber,"$252,798"
19832,2025-2026,Sandy León,"$252,688"
19833,2025-2026,Ryan Bergert,"$250,027"
19834,2025-2026,Adael Amador,"$249,247"
19835,2025-2026,Jeremiah Jackson,"$249,247"
19836,2025-2026,Freddy Fermin,"$247,977"
19837,2025-2026,José Suarez,"$247,044"
19838,2025-2026,Andre Granillo,"$247,023"
19839,2025-2026,José Caballero,"$246,384"
19840,2025-2026,Oswald Peraza,"$245,086"
19841,2025-2026,Justin Bruihl,"$244,495"
19842,2025-2026,Louie Varland,"$243,670"
19843,2025-2026,Mason Miller,"$242,667"
19844,2025-2026,Tim Mayza,"$241,667"
19845,2025-2026,Austin Warren,"$241,273"
19846,2025-2026,Dugan Darnell,"$241,075"
19847,2025-2026,Ramon Laureano,"$241,075"
19848,2025-2026,Jakob Marsee,"$241,075"
19849,2025-2026,Austin Martin,"$241,075"
19850,2025-2026,Luis Morales,"$241,075"
19851,2025-2026,Ryan O'Hearn,"$241,075"
19852,2025-2026,Alan Roden,"$241,075"
19853,2025-2026,Hunter Feduccia,"$241,074"
19854,2025-2026,C.J. Kayfus,"$236,989"
19855,2025-2026,Luke Keaschall,"$236,989"
19856,2025-2026,Troy Melton,"$236,989"
19857,2025-2026,Bryce Teodosio,"$236,989"
19858,2025-2026,Dustin Harris,"$235,960"
19859,2025-2026,Roddery Munoz,"$234,085"
19860,2025-2026,José Ureña,"$233,871"
19861,2025-2026,Luis Mey,"$232,903"
19862,2025-2026,Sean Hjelle,"$229,000"
19863,2025-2026,Ethan Roberts,"$228,817"
19864,2025-2026,Logan VanWey,"$228,817"
19865,2025-2026,Thomas Hatch,"$227,688"
19866,2025-2026,Oliver Dunn,"$226,330"
19867,2025-2026,Hunter Stratton,"$225,941"
19868,2025-2026,Chayce McDermott,"$225,381"
19869,2025-2026,Wikelman Gonzalez,"$224,731"
19870,2025-2026,Carson Whisenhunt,"$223,220"
19871,2025-2026,Kevin Alcantara,"$223,077"
19872,2025-2026,Tomás Nido,"$222,581"
19873,2025-2026,P.J. Poulin,"$220,644"
19874,2025-2026,Clayton Beeter,"$220,428"
19875,2025-2026,Austin Nola,"$220,161"
19876,2025-2026,Nick Yorke,"$219,657"
19877,2025-2026,Vinny Capra,"$216,873"
19878,2025-2026,Enyel De Los Santos,"$216,559"
19879,2025-2026,Brett Harris,"$216,559"
19880,2025-2026,Jorbit Vivas,"$216,559"
19881,2025-2026,Cody Freeman,"$215,536"
19882,2025-2026,Yaramil Hiraldo,"$215,392"
19883,2025-2026,Vidal Brujan,"$214,831"
19884,2025-2026,Niko Kavadas,"$214,644"
19885,2025-2026,Steward Berroa,"$214,003"
19886,2025-2026,Easton Lucas,"$213,167"
19887,2025-2026,Alan Rangel,"$212,817"
19888,2025-2026,Justin Dean,"$212,473"
19889,2025-2026,Drew Gilbert,"$212,473"
19890,2025-2026,Kyle Karros,"$212,473"
19891,2025-2026,Victor Mederos,"$212,473"
19892,2025-2026,Hurston Waldrep,"$212,472"
19893,2025-2026,Jack Suwinski,"$211,439"
19894,2025-2026,Jhonathan Diaz,"$210,903"
19895,2025-2026,Everson Pereira,"$210,874"
19896,2025-2026,Robinson Pina,"$210,338"
19897,2025-2026,Justin Hagenman,"$210,215"
19898,2025-2026,Trenton Brooks,"$208,387"
19899,2025-2026,Juan Burgos,"$208,386"
19900,2025-2026,Pierson Ohl,"$204,301"
19901,2025-2026,Will Robertson,"$203,766"
19902,2025-2026,Jacob Barnes,"$203,226"
19903,2025-2026,Randy Wynne,"$201,430"
19904,2025-2026,Joey Estes,"$200,215"
19905,2025-2026,James Outman,"$197,151"
19906,2025-2026,Elvis Peguero,"$196,223"
19907,2025-2026,Jordan Lawlar,"$196,129"
19908,2025-2026,Taj Bradley,"$195,802"
19909,2025-2026,Stephen Kolek,"$193,925"
19910,2025-2026,Richard Lovelady,"$193,548"
19911,2025-2026,Marc Church,"$192,352"
19912,2025-2026,Aaron Schunk,"$192,043"
19913,2025-2026,Owen White,"$192,042"
19914,2025-2026,Braden Shewmake,"$186,000"
19915,2025-2026,Austin Cox,"$183,871"
19916,2025-2026,Bobby Seymour,"$183,871"
19917,2025-2026,Joey Wiemer,"$183,290"
19918,2025-2026,Bryan Ramos,"$180,405"
19919,2025-2026,Dylan Beavers,"$179,785"
19920,2025-2026,Luke Jackson,"$179,785"
19921,2025-2026,Nolan McLean,"$179,785"
19922,2025-2026,Blake Dunn,"$179,784"
19923,2025-2026,Connor Kaiser,"$179,784"
19924,2025-2026,Luis Contreras,"$179,026"
19925,2025-2026,Tayler Scott,"$178,387"
19926,2025-2026,Davis Daniel,"$177,538"
19927,2025-2026,Nathan Church,"$175,699"
19928,2025-2026,Ryan Johnson,"$175,699"
19929,2025-2026,Samuel Basallo,"$175,698"
19930,2025-2026,Ryan Gusto,"$172,677"
19931,2025-2026,Chris Devenski,"$172,032"
19932,2025-2026,Nabil Crismatt,"$171,935"
19933,2025-2026,Nathaniel Lowe,"$171,613"
19934,2025-2026,Craig Yoho,"$171,613"
19935,2025-2026,Bailey Horn,"$171,612"
19936,2025-2026,Brian Van Belle,"$169,924"
19937,2025-2026,Chadwick Tromp,"$169,892"
19938,2025-2026,Omar Cruz,"$168,359"
19939,2025-2026,Tirso Ornelas,"$168,359"
19940,2025-2026,Kyle Harrison,"$165,677"
19941,2025-2026,Brooks Kriske,"$164,516"
19942,2025-2026,Parker Messick,"$163,441"
19943,2025-2026,Shay Whitcomb,"$163,441"
19944,2025-2026,Will Banfield,"$163,440"
19945,2025-2026,Landon Knack,"$163,440"
19946,2025-2026,Tom Cosgrove,"$162,699"
19947,2025-2026,Michael Mercado,"$161,519"
19948,2025-2026,Luis Garcia,"$161,290"
19949,2025-2026,Ryan Loutos,"$159,579"
19950,2025-2026,Paul Blackburn,"$159,355"
19951,2025-2026,Carson Palmquist,"$159,355"
19952,2025-2026,Joel Peguero,"$159,355"
19953,2025-2026,Carson Williams,"$159,355"
19954,2025-2026,Yosver Zulueta,"$159,354"
19955,2025-2026,Bryan Hudson,"$157,643"
19956,2025-2026,Bubba Chandler,"$155,269"
19957,2025-2026,Alex Freeland,"$155,269"
19958,2025-2026,A.J. Blubaugh,"$155,268"
19959,2025-2026,Brandyn Garcia,"$155,268"
19960,2025-2026,Zach Maxwell,"$155,268"
19961,2025-2026,John Rooney,"$155,268"
19962,2025-2026,Thomas Harrington,"$154,768"
19963,2025-2026,Tsung-Che Cheng,"$154,679"
19964,2025-2026,Isaiah Campbell,"$152,474"
19965,2025-2026,Cam Devanney,"$151,890"
19966,2025-2026,Bradgley Rodriguez,"$149,666"
19967,2025-2026,Alex Call,"$147,495"
19968,2025-2026,Freddy Tarnok,"$147,097"
19969,2025-2026,McCade Brown,"$147,096"
19970,2025-2026,Rece Hinds,"$147,096"
19971,2025-2026,Coco Montes,"$146,912"
19972,2025-2026,Michael Petersen,"$146,556"
19973,2025-2026,Jorge Alfaro,"$145,161"
19974,2025-2026,Luarbert Arias,"$145,117"
19975,2025-2026,JP Sears,"$143,804"
19976,2025-2026,Maximo Acosta,"$143,011"
19977,2025-2026,Carson McCusker,"$143,010"
19978,2025-2026,Evan Sisk,"$141,898"
19979,2025-2026,Jhonny Pereda,"$141,054"
19980,2025-2026,Joe Rock,"$140,828"
19981,2025-2026,Shawn Dubin,"$140,753"
19982,2025-2026,Cooper Criswell,"$139,784"
19983,2025-2026,Victor Mesa Jr.,"$138,925"
19984,2025-2026,Zack Short,"$138,925"
19985,2025-2026,Chase Silseth,"$138,925"
19986,2025-2026,Lou Trivino,"$138,925"
19987,2025-2026,Mason Barnett,"$138,924"
19988,2025-2026,Owen Caissie,"$138,924"
19989,2025-2026,Jace Jung,"$138,924"
19990,2025-2026,C.J. Edwards,"$137,097"
19991,2025-2026,Erick Fedde,"$134,839"
19992,2025-2026,Adam Mazur,"$134,839"
19993,2025-2026,Luinder Avila,"$134,838"
19994,2025-2026,Easton McGee,"$134,838"
19995,2025-2026,Jordan Wicks,"$134,838"
19996,2025-2026,Mason Black,"$134,240"
19997,2025-2026,Billy Cook,"$134,200"
19998,2025-2026,Jose Corniell,"$134,160"
19999,2025-2026,Casey Lawrence,"$133,333"
20000,2025-2026,Scott McGough,"$130,968"
20001,2025-2026,Drew Sommers,"$130,752"
20002,2025-2026,Jesse Scholtens,"$129,592"
20003,2025-2026,Kevin Herget,"$128,424"
20004,2025-2026,Brett de Geus,"$128,140"
20005,2025-2026,Jimmy Crooks III,"$126,667"
20006,2025-2026,Dylan Moore,"$126,667"
20007,2025-2026,Payton Tolle,"$126,667"
20008,2025-2026,Jonah Tong,"$126,667"
20009,2025-2026,Erasmo Ramirez,"$125,806"
20010,2025-2026,Daniel Johnson,"$125,763"
20011,2025-2026,Blas Castano,"$125,450"
20012,2025-2026,Michael Arias,"$123,900"
20013,2025-2026,Jake Bloss,"$123,900"
20014,2025-2026,Juan Brito,"$123,900"
20015,2025-2026,Yoniel Curet,"$123,900"
20016,2025-2026,Daniel Espino,"$123,900"
20017,2025-2026,Jairo Iriarte,"$123,900"
20018,2025-2026,Marco Luciano,"$123,900"
20019,2025-2026,Adam Macko,"$123,900"
20020,2025-2026,Trevor McDonald,"$123,900"
20021,2025-2026,Wade Meckler,"$123,900"
20022,2025-2026,Jack Neely,"$123,900"
20023,2025-2026,Luis Perales,"$123,900"
20024,2025-2026,Emmanuel Rodriguez,"$123,900"
20025,2025-2026,Samad Taylor,"$123,900"
20026,2025-2026,Ronny Simon,"$123,728"
20027,2025-2026,Brandon Lockridge,"$122,640"
20028,2025-2026,Moisés Ballesteros,"$122,580"
20029,2025-2026,Carlos F. Rodriguez,"$122,580"
20030,2025-2026,David Villar,"$122,580"
20031,2025-2026,Dominic Fletcher,"$120,054"
20032,2025-2026,Caden Dana,"$118,495"
20033,2025-2026,Taylor Rashi,"$118,494"
20034,2025-2026,J.D. Davis,"$118,280"
20035,2025-2026,Andrew Alvarez,"$114,409"
20036,2025-2026,JT Brubaker,"$114,409"
20037,2025-2026,Mitch Farris,"$114,409"
20038,2025-2026,Harry Ford,"$114,409"
20039,2025-2026,Carter Jensen,"$114,409"
20040,2025-2026,Brian Navarreto,"$114,409"
20041,2025-2026,Carlos Santana,"$114,409"
20042,2025-2026,Brice Matthews,"$114,408"
20043,2025-2026,Drew Romo,"$114,408"
20044,2025-2026,Jacob Stallings,"$114,408"
20045,2025-2026,Sal Stewart,"$114,408"
20046,2025-2026,George Valera,"$114,408"
20047,2025-2026,Rolddy Muñoz,"$113,792"
20048,2025-2026,Shaun Anderson,"$113,226"
20049,2025-2026,Walker Buehler,"$111,129"
20050,2025-2026,Akil Baddoo,"$110,753"
20051,2025-2026,Hayden Harris,"$110,322"
20052,2025-2026,Kai-Wei Teng,"$109,850"
20053,2025-2026,Tristin English,"$109,121"
20054,2025-2026,Roansy Contreras,"$109,032"
20055,2025-2026,Darren Baker,"$108,579"
20056,2025-2026,Jake Bird,"$106,978"
20057,2025-2026,Jayden Murray,"$106,237"
20058,2025-2026,Andry Lara,"$105,664"
20059,2025-2026,Owen Miller,"$104,167"
20060,2025-2026,Ryan Vilade,"$102,539"
20061,2025-2026,Mick Abel,"$101,526"
20062,2025-2026,Jordan Weems,"$100,538"
20063,2025-2026,Justin Garza,"$100,160"
20064,2025-2026,Jonathan Ornelas,"$99,699"
20065,2025-2026,Ryan Noda,"$98,516"
20066,2025-2026,Ty Adcock,"$96,638"
20067,2025-2026,Joel Payamps,"$96,613"
20068,2025-2026,Blaine Crim,"$96,108"
20069,2025-2026,Ali Sanchez,"$95,595"
20070,2025-2026,Christian Roa,"$93,978"
20071,2025-2026,Bryan De La Cruz,"$91,935"
20072,2025-2026,Keston Hiura,"$91,935"
20073,2025-2026,Cam Sanders,"$91,355"
20074,2025-2026,Sammy Peralta,"$89,892"
20075,2025-2026,Brandon Sproat,"$89,892"
20076,2025-2026,Omar Narváez,"$88,710"
20077,2025-2026,Trevor Richards,"$88,710"
20078,2025-2026,Seth Martinez,"$88,065"
20079,2025-2026,Devin Sweet,"$86,597"
20080,2025-2026,Sebastian Rivero,"$85,806"
20081,2025-2026,Joe La Sorsa,"$84,124"
20082,2025-2026,Jose Azocar,"$83,871"
20083,2025-2026,Corey Julks,"$82,473"
20084,2025-2026,Jordyn Adams,"$81,844"
20085,2025-2026,Connelly Early,"$81,720"
20086,2025-2026,Vaughn Grissom,"$81,720"
20087,2025-2026,Dylan Smith,"$81,720"
20088,2025-2026,Forrest Whitley,"$81,720"
20089,2025-2026,Allan Winans,"$81,720"
20090,2025-2026,Matt Krook,"$81,268"
20091,2025-2026,Nick Robertson,"$81,268"
20092,2025-2026,Juan Yepez,"$81,000"
20093,2025-2026,Rich Hill,"$80,645"
20094,2025-2026,Donnie Walton,"$78,656"
20095,2025-2026,Caleb Boushley,"$77,634"
20096,2025-2026,Didier Fuentes,"$77,634"
20097,2025-2026,Andrew Hoffman,"$77,634"
20098,2025-2026,Osleivis Basabe,"$76,605"
20099,2025-2026,Eddie Rosario,"$75,269"
20100,2025-2026,Jake Palisch,"$74,119"
20101,2025-2026,Julian Fernández,"$73,806"
20102,2025-2026,Nathan Wiles,"$73,548"
20103,2025-2026,Noah Davis,"$73,471"
20104,2025-2026,Nolan Hoffman,"$72,031"
20105,2025-2026,Jose Miranda,"$71,573"
20106,2025-2026,Joey Gerber,"$69,469"
20107,2025-2026,Ryan Borucki,"$69,462"
20108,2025-2026,Alex Carrillo,"$69,462"
20109,2025-2026,Zach Cole Jr.,"$69,462"
20110,2025-2026,Cody Laweryson,"$69,462"
20111,2025-2026,Anthony Maldonado,"$69,462"
20112,2025-2026,Lazaro Estrada,"$68,213"
20113,2025-2026,Connor Seabold,"$65,378"
20114,2025-2026,Samuel Aldegheri,"$65,376"
20115,2025-2026,Denzer Guzman,"$65,376"
20116,2025-2026,Greg Allen,"$64,516"
20117,2025-2026,Chad Stevens,"$64,395"
20118,2025-2026,Caleb Freeman,"$64,085"
20119,2025-2026,Franco Aleman,"$62,000"
20120,2025-2026,Jean Cabrera,"$62,000"
20121,2025-2026,Eric Cerantola,"$62,000"
20122,2025-2026,Moises Chace,"$62,000"
20123,2025-2026,Deyvison De Los Santos,"$62,000"
20124,2025-2026,Daxton Fulton,"$62,000"
20125,2025-2026,Tink Hence,"$62,000"
20126,2025-2026,Matt Koperniak,"$62,000"
20127,2025-2026,Tyler Mattison,"$62,000"
20128,2025-2026,Jeferson Quero,"$62,000"
20129,2025-2026,Marco Raya,"$62,000"
20130,2025-2026,Sem Robberse,"$62,000"
20131,2025-2026,Tekoah Roby,"$62,000"
20132,2025-2026,Carlos D. Rodriguez,"$62,000"
20133,2025-2026,Winston Santos,"$62,000"
20134,2025-2026,Jared Serna,"$62,000"
20135,2025-2026,Emiliano Teodo,"$62,000"
20136,2025-2026,Matt Manning,"$61,333"
20137,2025-2026,Logan Davidson,"$61,290"
20138,2025-2026,Gavin Hollowell,"$61,290"
20139,2025-2026,Eduarniel Nunez,"$61,290"
20140,2025-2026,Zac Veen,"$61,290"
20141,2025-2026,Anthony Veneziano,"$60,686"
20142,2025-2026,J.P. Feyereisen,"$60,188"
20143,2025-2026,Jose Castillo,"$59,409"
20144,2025-2026,Yoendrys Gomez,"$57,584"
20145,2025-2026,Bryce Eldridge,"$57,204"
20146,2025-2026,Chase Petty,"$57,204"
20147,2025-2026,Chris Stratton,"$57,204"
20148,2025-2026,Trey Yesavage,"$57,204"
20149,2025-2026,Aramis Garcia,"$55,914"
20150,2025-2026,Tanner Rainey,"$55,914"
20151,2025-2026,Angel Perdomo,"$55,913"
20152,2025-2026,Buddy Kennedy,"$53,468"
20153,2025-2026,John Brebbia,"$53,118"
20154,2025-2026,Xzavion Curry,"$53,118"
20155,2025-2026,Rafael Flores,"$53,118"
20156,2025-2026,Carter Kieboom,"$53,118"
20157,2025-2026,Trey Lipscomb,"$52,832"
20158,2025-2026,Carson Ragsdale,"$52,494"
20159,2025-2026,Tristan Peters,"$51,738"
20160,2025-2026,Ryan Kreidler,"$50,898"
20161,2025-2026,Paul Gervase,"$50,227"
20162,2025-2026,Brett Sullivan,"$49,194"
20163,2025-2026,Kenedy Corona,"$49,032"
20164,2025-2026,Sauryn Lao,"$48,768"
20165,2025-2026,Jesse Hahn,"$48,387"
20166,2025-2026,Joe Jacques,"$47,438"
20167,2025-2026,Will Klein,"$46,718"
20168,2025-2026,Will Wagner,"$46,174"
20169,2025-2026,Philip Abner,"$44,946"
20170,2025-2026,César Prieto,"$44,589"
20171,2025-2026,Jon Singleton,"$43,008"
20172,2025-2026,Tyler Gentry,"$41,333"
20173,2025-2026,Logan Porter,"$40,969"
20174,2025-2026,José Espada,"$40,860"
20175,2025-2026,Jhancarlos Lara,"$40,860"
20176,2025-2026,Jovani Morán,"$40,860"
20177,2025-2026,Jake Eder,"$40,634"
20178,2025-2026,Luis Castillo,"$39,968"
20179,2025-2026,Tyler Locklear,"$39,968"
20180,2025-2026,Blade Tidwell,"$39,968"
20181,2025-2026,Blake Hunt,"$37,969"
20182,2025-2026,Robert Stock,"$37,742"
20183,2025-2026,Michael Fulmer,"$37,634"
20184,2025-2026,Brewer Hicklen,"$37,303"
20185,2025-2026,Terrin Vavra,"$37,016"
20186,2025-2026,Drew Avans,"$36,905"
20187,2025-2026,Sam Benschoter,"$36,774"
20188,2025-2026,Jhostynxon Garcia,"$36,774"
20189,2025-2026,Petey Halpin,"$36,774"
20190,2025-2026,Drey Jameson,"$36,774"
20191,2025-2026,Connor Gillispie,"$35,806"
20192,2025-2026,Jack Little,"$35,305"
20193,2025-2026,Vimael Machin,"$33,118"
20194,2025-2026,Eguy Rosario,"$33,118"
20195,2025-2026,Bruce Zimmermann,"$33,118"
20196,2025-2026,Austin Pope,"$32,688"
20197,2025-2026,Gus Varland,"$32,640"
20198,2025-2026,Vince Velasquez,"$32,258"
20199,2025-2026,Houston Roth,"$31,177"
20200,2025-2026,Wander Suero,"$30,914"
20201,2025-2026,Zach Penrod,"$29,976"
20202,2025-2026,Brett Wisely,"$29,161"
20203,2025-2026,Chad Wallach,"$29,032"
20204,2025-2026,Tyler Black,"$28,602"
20205,2025-2026,Casey Kelly,"$28,602"
20206,2025-2026,Charlie Morton,"$28,602"
20207,2025-2026,Rhylan Thomas,"$28,602"
20208,2025-2026,Nick Raquet,"$27,668"
20209,2025-2026,Touki Toussaint,"$26,882"
20210,2025-2026,Carlos Duran,"$25,581"
20211,2025-2026,Geoff Hartlieb,"$25,000"
20212,2025-2026,Hunter Barco,"$24,516"
20213,2025-2026,Dom Nunez,"$24,516"
20214,2025-2026,Billy McKinney,"$24,194"
20215,2025-2026,Alek Manoah,"$23,656"
20216,2025-2026,Nick Nastrini,"$23,315"
20217,2025-2026,Derek Hill,"$22,340"
20218,2025-2026,Kyle Nelson,"$22,177"
20219,2025-2026,Sergio Alcantara,"$21,505"
20220,2025-2026,Ian Anderson,"$21,237"
20221,2025-2026,Jayvien Sandridge,"$20,430"
20222,2025-2026,C.J. Stubbs,"$20,320"
20223,2025-2026,Henry Baez,"$19,667"
20224,2025-2026,Jesus Rodriguez,"$19,667"
20225,2025-2026,Rafael Lantigua,"$18,919"
20226,2025-2026,Evan Justice,"$18,652"
20227,2025-2026,Cole Wilcox,"$18,253"
20228,2025-2026,Ryan Cusick,"$17,000"
20229,2025-2026,Luke Little,"$16,344"
20230,2025-2026,Doug Nikhazy,"$16,344"
20231,2025-2026,Domingo Gonzalez,"$15,667"
20232,2025-2026,Bobby Miller,"$12,258"
20233,2025-2026,Donovan Solano,"$12,258"
20234,2025-2026,Roilan Portuondo,"$10,000"
20235,2025-2026,Lucas Gilbreath,"$8,441"
20236,2025-2026,Yilber Diaz,"$8,172"
20237,2025-2026,Nick Frasso,"$8,172"
20238,2025-2026,Andrew Heaney,"$8,172"
20239,2025-2026,Dylan Ross,"$8,172"
20240,2025-2026,Chuckie Robinson,"$7,748"
20241,2025-2026,Luken Baker,"$5,995"
20242,2025-2026,Jose De Leon,"$5,376"
20243,2025-2026,C.J. Alexander,"$4,663"
20244,2025-2026,David Banuelos,"$4,086"
20245,2025-2026,Pat Monteverde,"$4,086"
20246,2025-2026,Jonathan Pintaro,"$4,086"
20247,2025-2026,Reiver Sanmartin,"$4,086"
20248,2025-2026,Dominic Hamel,$666
