,season,player,salary
0,2011-2012,Kobe Bryant,"$25,244,493"
1,2011-2012,Kevin Garnett,"$21,247,044"
2,2011-2012,Tim Duncan,"$21,164,619"
3,2011-2012,Rashard Lewis,"$21,136,631"
4,2011-2012,Dirk Nowitzki,"$19,092,873"
5,2011-2012,Pau Gasol,"$18,714,150"
6,2011-2012,Carmelo Anthony,"$18,518,574"
7,2011-2012,Amar'e Stoudemire,"$18,217,705"
8,2011-2012,Dwight Howard,"$18,091,770"
9,2011-2012,Joe Johnson,"$18,038,573"
10,2011-2012,Elton Brand,"$17,059,726"
11,2011-2012,Chris Paul,"$16,359,805"
12,2011-2012,Deron Williams,"$16,359,805"
13,2011-2012,Chris Bosh,"$16,022,500"
14,2011-2012,LeBron James,"$16,022,500"
15,2011-2012,Dwyane Wade,"$15,512,000"
16,2011-2012,Kevin Durant,"$15,506,632"
17,2011-2012,Paul Pierce,"$15,333,334"
18,2011-2012,Zach Randolph,"$15,200,000"
19,2011-2012,Antawn Jamison,"$15,076,715"
20,2011-2012,Andrew Bynum,"$14,900,000"
21,2011-2012,Al Jefferson,"$14,000,000"
22,2011-2012,Andre Iguodala,"$13,531,750"
23,2011-2012,Carlos Boozer,"$13,500,000"
24,2011-2012,Tyson Chandler,"$13,107,838"
25,2011-2012,Nene Hilario,"$13,000,000"
26,2011-2012,Manu Ginobili,"$12,981,038"
27,2011-2012,Marc Gasol,"$12,922,194"
28,2011-2012,Emeka Okafor,"$12,642,500"
29,2011-2012,Tony Parker,"$12,500,000"
30,2011-2012,Josh Smith,"$12,400,000"
31,2011-2012,LaMarcus Aldridge,"$12,372,000"
32,2011-2012,Luol Deng,"$12,325,000"
33,2011-2012,Rudy Gay,"$12,099,043"
34,2011-2012,Danny Granger,"$12,015,904"
35,2011-2012,Andrew Bogut,"$12,000,000"
36,2011-2012,Al Horford,"$12,000,000"
37,2011-2012,Joakim Noah,"$12,000,000"
38,2011-2012,Steve Nash,"$11,689,062"
39,2011-2012,David Lee,"$11,610,000"
40,2011-2012,Ben Gordon,"$11,600,000"
41,2011-2012,Kevin Martin,"$11,519,840"
42,2011-2012,Jason Terry,"$11,437,500"
43,2011-2012,Chris Kaman,"$11,292,439"
44,2011-2012,Marcus Camby,"$11,071,500"
45,2011-2012,Hedo Turkoglu,"$11,015,850"
46,2011-2012,Monta Ellis,"$11,000,000"
47,2011-2012,Corey Maggette,"$10,262,069"
48,2011-2012,Jason Kidd,"$10,121,000"
49,2011-2012,DeAndre Jordan,"$10,079,404"
50,2011-2012,Rajon Rondo,"$10,045,455"
51,2011-2012,Ray Allen,"$10,000,000"
52,2011-2012,David West,"$10,000,000"
53,2011-2012,Jose Calderon,"$9,780,992"
54,2011-2012,Gerald Wallace,"$9,500,000"
55,2011-2012,Devin Harris,"$9,319,000"
56,2011-2012,Richard Jefferson,"$9,282,000"
57,2011-2012,Andrea Bargnani,"$9,250,000"
58,2011-2012,Andris Biedrins,"$9,000,000"
59,2011-2012,Carl Landry,"$9,000,000"
60,2011-2012,Lamar Odom,"$8,900,000"
61,2011-2012,Jameer Nelson,"$8,600,000"
62,2011-2012,Luis Scola,"$8,591,793"
63,2011-2012,John Salmons,"$8,500,000"
64,2011-2012,Rodney Stuckey,"$8,500,000"
65,2011-2012,Mo Williams,"$8,500,000"
66,2011-2012,Paul Millsap,"$8,103,435"
67,2011-2012,Shawn Marion,"$8,022,449"
68,2011-2012,Caron Butler,"$8,000,000"
69,2011-2012,Kirk Hinrich,"$8,000,000"
70,2011-2012,Kris Humphries,"$8,000,000"
71,2011-2012,Andre Miller,"$7,807,728"
72,2011-2012,Arron Afflalo,"$7,750,000"
73,2011-2012,Anderson Varejao,"$7,700,000"
74,2011-2012,Brendan Haywood,"$7,624,500"
75,2011-2012,Leandro Barbosa,"$7,600,000"
76,2011-2012,Raymond Felton,"$7,560,000"
77,2011-2012,Charlie Villanueva,"$7,540,000"
78,2011-2012,Marvin Williams,"$7,500,000"
79,2011-2012,Thaddeus Young,"$7,478,261"
80,2011-2012,Stephen Jackson,"$7,450,354"
81,2011-2012,Tyrus Thomas,"$7,305,765"
82,2011-2012,Kendrick Perkins,"$7,123,626"
83,2011-2012,Samuel Dalembert,"$7,000,000"
84,2011-2012,Marcus Thornton,"$7,000,000"
85,2011-2012,DeSagana Diop,"$6,925,400"
86,2011-2012,Beno Udrih,"$6,925,400"
87,2011-2012,Trevor Ariza,"$6,790,640"
88,2011-2012,Marcin Gortat,"$6,790,640"
89,2011-2012,Metta World Peace,"$6,790,640"
90,2011-2012,Kwame Brown,"$6,750,000"
91,2011-2012,J.J. Redick,"$6,750,000"
92,2011-2012,Mike Conley,"$6,611,571"
93,2011-2012,Grant Hill,"$6,500,000"
94,2011-2012,Andray Blatche,"$6,442,083"
95,2011-2012,Glen Davis,"$6,300,000"
96,2011-2012,Tayshaun Prince,"$6,292,135"
97,2011-2012,Drew Gooden,"$6,226,200"
98,2011-2012,Al Harrington,"$6,226,200"
99,2011-2012,Jermaine O'Neal,"$6,226,000"
100,2011-2012,Josh Childress,"$6,000,000"
101,2011-2012,Francisco Garcia,"$5,800,000"
102,2011-2012,Kyle Lowry,"$5,750,000"
103,2011-2012,Blake Griffin,"$5,731,080"
104,2011-2012,Luke Walton,"$5,680,000"
105,2011-2012,O.J. Mayo,"$5,632,636"
106,2011-2012,Derrick Rose,"$5,629,082"
107,2011-2012,Channing Frye,"$5,600,000"
108,2011-2012,John Wall,"$5,530,080"
109,2011-2012,Wilson Chandler,"$5,516,664"
110,2011-2012,Amir Johnson,"$5,500,000"
111,2011-2012,Mike Miller,"$5,400,000"
112,2011-2012,Jason Richardson,"$5,395,000"
113,2011-2012,Martell Webster,"$5,265,000"
114,2011-2012,Louis Williams,"$5,176,000"
115,2011-2012,Kyrie Irving,"$5,144,280"
116,2011-2012,Russell Westbrook,"$5,082,415"
117,2011-2012,Michael Beasley,"$5,040,426"
118,2011-2012,Jamal Crawford,"$5,000,000"
119,2011-2012,Kyle Korver,"$5,000,000"
120,2011-2012,Jason Maxiell,"$5,000,000"
121,2011-2012,Luc Richard Mbah a Moute,"$5,000,000"
122,2011-2012,Evan Turner,"$4,947,840"
123,2011-2012,Wesley Matthews,"$4,938,055"
124,2011-2012,Darko Milicic,"$4,776,500"
125,2011-2012,Brad Miller,"$4,752,000"
126,2011-2012,Zaza Pachulia,"$4,750,000"
127,2011-2012,Ronnie Brewer,"$4,710,000"
128,2011-2012,Kevin Love,"$4,609,704"
129,2011-2012,Linas Kleiza,"$4,605,000"
130,2011-2012,James Harden,"$4,604,760"
131,2011-2012,Derrick Williams,"$4,602,720"
132,2011-2012,Nikola Pekovic,"$4,503,600"
133,2011-2012,Jonas Jerebko,"$4,500,000"
134,2011-2012,Derrick Favors,"$4,443,360"
135,2011-2012,Daniel Gibson,"$4,403,834"
136,2011-2012,Jose Barea,"$4,300,000"
137,2011-2012,Ramon Sessions,"$4,257,973"
138,2011-2012,Jared Dudley,"$4,250,000"
139,2011-2012,Randy Foye,"$4,250,000"
140,2011-2012,Chris Andersen,"$4,234,000"
141,2011-2012,Chuck Hayes,"$4,225,610"
142,2011-2012,Danilo Gallinari,"$4,190,182"
143,2011-2012,Tyreke Evans,"$4,151,640"
144,2011-2012,Enes Freedom,"$4,133,280"
145,2011-2012,Jarrett Jack,"$4,125,000"
146,2011-2012,Spencer Hawes,"$4,051,023"
147,2011-2012,Richard Hamilton,"$4,024,390"
148,2011-2012,Wesley Johnson,"$4,006,080"
149,2011-2012,Steve Blake,"$4,000,000"
150,2011-2012,Mario Chalmers,"$4,000,000"
151,2011-2012,Jordan Farmar,"$4,000,000"
152,2011-2012,Ryan Gomes,"$4,000,000"
153,2011-2012,Anthony Morrow,"$4,000,000"
154,2011-2012,Travis Outlaw,"$4,000,000"
155,2011-2012,Hakim Warrick,"$4,000,000"
156,2011-2012,Matt Carroll,"$3,900,000"
157,2011-2012,Eric Gordon,"$3,831,183"
158,2011-2012,Dorell Wright,"$3,823,000"
159,2011-2012,Udonis Haslem,"$3,780,000"
160,2011-2012,Mike Dunleavy,"$3,750,000"
161,2011-2012,Nazr Mohammed,"$3,750,000"
162,2011-2012,Tristan Thompson,"$3,726,600"
163,2011-2012,C.J. Miles,"$3,700,000"
164,2011-2012,Nick Young,"$3,695,857"
165,2011-2012,Luke Ridnour,"$3,680,000"
166,2011-2012,Tiago Splitter,"$3,672,000"
167,2011-2012,DeMarcus Cousins,"$3,627,720"
168,2011-2012,Joel Anthony,"$3,600,000"
169,2011-2012,Shannon Brown,"$3,500,000"
170,2011-2012,Carlos Delfino,"$3,500,000"
171,2011-2012,Chris Duhon,"$3,500,000"
172,2011-2012,Shaun Livingston,"$3,500,000"
173,2011-2012,Ricky Rubio,"$3,480,120"
174,2011-2012,Brandon Bass,"$3,420,732"
175,2011-2012,C.J. Watson,"$3,400,000"
176,2011-2012,Marco Belinelli,"$3,377,604"
177,2011-2012,Timofey Mozgov,"$3,343,896"
178,2011-2012,Daequan Cook,"$3,341,558"
179,2011-2012,Matt Bonner,"$3,315,000"
180,2011-2012,Thabo Sefolosha,"$3,300,000"
181,2011-2012,Nick Collison,"$3,272,997"
182,2011-2012,Will Bynum,"$3,250,000"
183,2011-2012,Johan Petro,"$3,250,000"
184,2011-2012,Raja Bell,"$3,240,000"
185,2011-2012,D.J. Augustin,"$3,236,470"
186,2011-2012,Tony Allen,"$3,150,000"
187,2011-2012,Stephen Curry,"$3,117,120"
188,2011-2012,Brook Lopez,"$3,076,983"
189,2011-2012,Jan Vesely,"$3,065,040"
190,2011-2012,Corey Brewer,"$3,059,000"
191,2011-2012,Jerryd Bayless,"$3,042,280"
192,2011-2012,Greg Monroe,"$3,007,920"
193,2011-2012,Jason Thompson,"$3,001,284"
194,2011-2012,Shane Battier,"$3,000,000"
195,2011-2012,Vince Carter,"$3,000,000"
196,2011-2012,Jeff Foster,"$3,000,000"
197,2011-2012,Josh McRoberts,"$3,000,000"
198,2011-2012,Travis Outlaw,"$3,000,000"
199,2011-2012,Chris Wilcox,"$3,000,000"
200,2011-2012,Shawne Williams,"$3,000,000"
201,2011-2012,Brandon Rush,"$2,956,658"
202,2011-2012,Anthony Randolph,"$2,911,231"
203,2011-2012,Robin Lopez,"$2,862,602"
204,2011-2012,Jordan Hill,"$2,855,760"
205,2011-2012,Bismack Biyombo,"$2,798,040"
206,2011-2012,Al-Farouq Aminu,"$2,755,560"
207,2011-2012,Eduardo Najera,"$2,750,000"
208,2011-2012,Marreese Speights,"$2,721,254"
209,2011-2012,Dahntay Jones,"$2,700,000"
210,2011-2012,Ekpe Udoh,"$2,652,041"
211,2011-2012,Roy Hibbert,"$2,588,590"
212,2011-2012,Brandon Knight,"$2,563,320"
213,2011-2012,Ersan Ilyasova,"$2,541,000"
214,2011-2012,Gordon Hayward,"$2,532,960"
215,2011-2012,Aaron Gray,"$2,500,000"
216,2011-2012,Kenyon Martin,"$2,500,000"
217,2011-2012,Jason Smith,"$2,500,000"
218,2011-2012,DeShawn Stevenson,"$2,500,000"
219,2011-2012,Brandon Jennings,"$2,493,720"
220,2011-2012,JaVale McGee,"$2,462,399"
221,2011-2012,Quentin Richardson,"$2,446,200"
222,2011-2012,Paul George,"$2,406,240"
223,2011-2012,Louis Amundson,"$2,403,000"
224,2011-2012,J.R. Smith,"$2,382,353"
225,2011-2012,Kemba Walker,"$2,356,320"
226,2011-2012,J.J Hickson,"$2,354,536"
227,2011-2012,Derek Fisher,"$2,329,545"
228,2011-2012,Cole Aldrich,"$2,286,000"
229,2011-2012,Gerald Henderson,"$2,250,600"
230,2011-2012,Anthony Parker,"$2,250,000"
231,2011-2012,Ben Wallace,"$2,246,400"
232,2011-2012,Ryan Anderson,"$2,244,600"
233,2011-2012,Jimmer Fredette,"$2,238,360"
234,2011-2012,Courtney Lee,"$2,225,092"
235,2011-2012,Kosta Koufos,"$2,203,792"
236,2011-2012,Xavier Henry,"$2,171,640"
237,2011-2012,Nicolas Batum,"$2,155,364"
238,2011-2012,Josh Howard,"$2,150,000"
239,2011-2012,Tyler Hansbrough,"$2,138,400"
240,2011-2012,Klay Thompson,"$2,126,520"
241,2011-2012,DeMar DeRozan,"$2,112,805"
242,2011-2012,Goran Dragic,"$2,108,000"
243,2011-2012,George Hill,"$2,086,359"
244,2011-2012,Ed Davis,"$2,063,040"
245,2011-2012,Anthony Tolliver,"$2,050,000"
246,2011-2012,Darrell Arthur,"$2,027,118"
247,2011-2012,Alec Burks,"$2,020,200"
248,2011-2012,Reggie Williams,"$2,012,195"
249,2011-2012,D.J. White,"$2,001,167"
250,2011-2012,Chauncey Billups,"$2,000,000"
251,2011-2012,Dante Cunningham,"$2,000,000"
252,2011-2012,Earl Watson,"$2,000,000"
253,2011-2012,Patrick Patterson,"$1,959,960"
254,2011-2012,Austin Daye,"$1,929,840"
255,2011-2012,Markieff Morris,"$1,919,160"
256,2011-2012,Matt Barnes,"$1,900,000"
257,2011-2012,Larry Sanders,"$1,861,920"
258,2011-2012,Omer Asik,"$1,857,500"
259,2011-2012,James Johnson,"$1,833,120"
260,2011-2012,Marcus Morris Sr.,"$1,823,280"
261,2011-2012,Luke Babbitt,"$1,768,800"
262,2011-2012,Jrue Holiday,"$1,741,440"
263,2011-2012,Kawhi Leonard,"$1,731,960"
264,2011-2012,Kevin Seraphin,"$1,680,360"
265,2011-2012,Ty Lawson,"$1,654,440"
266,2011-2012,Nikola Vucevic,"$1,645,440"
267,2011-2012,Eric Bledsoe,"$1,596,360"
268,2011-2012,Jeff Teague,"$1,579,920"
269,2011-2012,Gustavo Ayon,"$1,567,500"
270,2011-2012,Iman Shumpert,"$1,563,120"
271,2011-2012,Avery Bradley,"$1,524,480"
272,2011-2012,Eric Maynor,"$1,516,680"
273,2011-2012,Jeff Ayres,"$1,500,000"
274,2011-2012,Gary Forbes,"$1,500,000"
275,2011-2012,James Jones,"$1,500,000"
276,2011-2012,Sebastian Telfair,"$1,500,000"
277,2011-2012,Chris Singleton,"$1,485,000"
278,2011-2012,James Anderson,"$1,463,520"
279,2011-2012,Darren Collison,"$1,455,960"
280,2011-2012,Tobias Harris,"$1,418,160"
281,2011-2012,Willie Green,"$1,352,181"
282,2011-2012,Vladimir Radmanovic,"$1,352,181"
283,2011-2012,Brian Scalabrine,"$1,352,181"
284,2011-2012,Kurt Thomas,"$1,352,181"
285,2011-2012,Elliot Williams,"$1,348,800"
286,2011-2012,Omri Casspi,"$1,341,960"
287,2011-2012,Nolan Smith,"$1,306,920"
288,2011-2012,Hamed Haddadi,"$1,300,000"
289,2011-2012,Trevor Booker,"$1,294,920"
290,2011-2012,Serge Ibaka,"$1,288,200"
291,2011-2012,B.J. Mullens,"$1,288,200"
292,2011-2012,Kenneth Faried,"$1,254,720"
293,2011-2012,Rodrigue Beaubois,"$1,236,720"
294,2011-2012,Reggie Evans,"$1,229,255"
295,2011-2012,Mike James,"$1,229,255"
296,2011-2012,Jamaal Tinsley,"$1,229,255"
297,2011-2012,Brian Cook,"$1,223,166"
298,2011-2012,Jannero Pargo,"$1,223,166"
299,2011-2012,Royal Ivey,"$1,200,000"
300,2011-2012,Dominique Jones,"$1,193,280"
301,2011-2012,Earl Clark,"$1,160,000"
302,2011-2012,Reggie Jackson,"$1,156,320"
303,2011-2012,Quincy Pondexter,"$1,153,800"
304,2011-2012,Toney Douglas,"$1,145,640"
305,2011-2012,Jordan Crawford,"$1,120,440"
306,2011-2012,Greivis Vasquez,"$1,113,600"
307,2011-2012,Christian Eyenga,"$1,097,520"
308,2011-2012,Lazar Hayward,"$1,097,520"
309,2011-2012,Jordan Hamilton,"$1,073,280"
310,2011-2012,MarShon Brooks,"$1,063,865"
311,2011-2012,JaJuan Johnson,"$1,042,320"
312,2011-2012,Norris Cole,"$1,035,960"
313,2011-2012,Jimmy Butler,"$1,020,960"
314,2011-2012,Jon Brockman,"$1,000,000"
315,2011-2012,Jermey Pargo,"$1,000,000"
316,2011-2012,Steve Novak,"$992,680"
317,2011-2012,Von Wafer,"$992,680"
318,2011-2012,Shelden Williams,"$992,680"
319,2011-2012,DeJaun Blair,"$986,000"
320,2011-2012,Taj Gibson,"$962,377"
321,2011-2012,Sam Young,"$947,800"
322,2011-2012,Cory Joseph,"$942,700"
323,2011-2012,Wayne Ellington,"$929,151"
324,2011-2012,John Lucas III,"$915,852"
325,2011-2012,Brandan Wright,"$915,852"
326,2011-2012,Chase Budinger,"$884,293"
327,2011-2012,Ian Mahinmi,"$884,293"
328,2011-2012,Jodie Meeks,"$884,293"
329,2011-2012,A.J. Price,"$884,293"
330,2011-2012,Daniel Orton,"$883,370"
331,2011-2012,Tony Battie,"$854,389"
332,2011-2012,Mike Bibby,"$854,389"
333,2011-2012,Derrick Brown,"$854,389"
334,2011-2012,Jason Collins,"$854,389"
335,2011-2012,Marquis Daniels,"$854,389"
336,2011-2012,Baron Davis,"$854,389"
337,2011-2012,Maurice Evans,"$854,389"
338,2011-2012,Alonzo Gee,"$854,389"
339,2011-2012,Jared Jeffries,"$854,389"
340,2011-2012,Tracy McGrady,"$854,389"
341,2011-2012,Troy Murphy,"$854,389"
342,2011-2012,Sasha Pavlovic,"$854,389"
343,2011-2012,Mickael Pietrus,"$854,389"
344,2011-2012,Ronnie Price,"$854,389"
345,2011-2012,Jerry Stackhouse,"$854,389"
346,2011-2012,Delonte West,"$854,389"
347,2011-2012,Chandler Parsons,"$850,000"
348,2011-2012,Solomon Alabi,"$830,000"
349,2011-2012,Michael Redd,"$826,828"
350,2011-2012,Lance Stephenson,"$800,000"
351,2011-2012,Nate Robinson,"$785,487"
352,2011-2012,Tyler Honeycutt,"$775,000"
353,2011-2012,Yi Jianlian,"$771,706"
354,2011-2012,Devin Ebanks,"$762,195"
355,2011-2012,Jeremy Evans,"$762,195"
356,2011-2012,Dexter Pittman,"$762,195"
357,2011-2012,Hassan Whiteside,"$762,195"
358,2011-2012,Eddy Curry,"$711,748"
359,2011-2012,T.J. Ford,"$711,748"
360,2011-2012,Juwan Howard,"$711,748"
361,2011-2012,Craig Smith,"$711,748"
362,2011-2012,Danny Green,"$687,679"
363,2011-2012,Damien Wilkins,"$687,679"
364,2011-2012,Joel Przybilla,"$655,616"
365,2011-2012,Jeremy Tyler,"$650,000"
366,2011-2012,Semih Erden,"$613,474"
367,2011-2012,Landry Fields,"$613,474"
368,2011-2012,Luke Harangody,"$613,474"
369,2011-2012,Jeremy Lin,"$613,474"
370,2011-2012,Gary Neal,"$613,474"
371,2011-2012,Samardo Samuels,"$613,474"
372,2011-2012,Greg Stiemsma,"$613,474"
373,2011-2012,Mike James,"$574,517"
374,2011-2012,Josh Selby,"$550,000"
375,2011-2012,Ishmael Smith,"$522,472"
376,2011-2012,Malcolm Lee,"$500,000"
377,2011-2012,LaVoy Allen,"$473,604"
378,2011-2012,Andrew Goudelock,"$473,604"
379,2011-2012,Justin Harper,"$473,604"
380,2011-2012,Charles Jenkins,"$473,604"
381,2011-2012,Ivan Johnson,"$473,604"
382,2011-2012,Travis Leslie,"$473,604"
383,2011-2012,Jon Leuer,"$473,604"
384,2011-2012,DeAndre Liggins,"$473,604"
385,2011-2012,Shelvin Mack,"$473,604"
386,2011-2012,Darius Morris,"$473,604"
387,2011-2012,Greg Smith,"$473,604"
388,2011-2012,Julyan Stone,"$473,604"
389,2011-2012,Isaiah Thomas,"$473,604"
390,2011-2012,Trey Thompkins,"$473,604"
391,2011-2012,Jordan Williams,"$473,604"
392,2011-2012,Chris Wright,"$473,604"
393,2011-2012,Kyrylo Fesenko,"$435,000"
394,2011-2012,DeMarre Carroll,"$432,572"
395,2011-2012,Andre Emmett,"$415,742"
396,2011-2012,Josh Harrellson,"$381,193"
397,2011-2012,Terrel Harris,"$381,193"
398,2011-2012,Cory Higgins,"$381,193"
399,2011-2012,Jerome Jordan,"$381,193"
400,2011-2012,Vernon Macklin,"$381,193"
401,2011-2012,E'Twaun Moore,"$381,193"
402,2011-2012,Walker Russell Jr,"$374,300"
403,2011-2012,Carlos Arroyo,"$358,292"
404,2011-2012,Gerald Green,"$277,540"
405,2011-2012,Gilbert Arenas,"$270,993"
406,2011-2012,Kelenna Azubuike,"$270,738"
407,2011-2012,Patty Mills,"$261,829"
408,2011-2012,Ryan Hollins,"$248,048"
409,2011-2012,Bobby Simmons,"$242,467"
410,2011-2012,Boris Diaw,"$241,158"
411,2011-2012,Erick Dampier,"$221,136"
412,2011-2012,Mike James,"$204,875"
413,2011-2012,Manny Harris,"$202,842"
414,2011-2012,Terrence Williams,"$186,036"
415,2011-2012,Carldell Johnson,"$179,395"
416,2011-2012,Lance Thomas,"$172,224"
417,2011-2012,Courtney Fortson,"$118,401"
418,2011-2012,Mickell Gladness,"$99,304"
419,2011-2012,Jamorio Moon,"$96,017"
420,2011-2012,Earl Boykins,"$82,683"
421,2011-2012,James Singleton,"$82,683"
422,2011-2012,Alan Anderson,"$75,793"
423,2011-2012,Mikki Moore,"$75,793"
424,2011-2012,Dan Gadzuric,"$69,393"
425,2011-2012,Diamon Simpson,"$57,291"
426,2011-2012,Sean Williams,"$49,966"
427,2011-2012,Blake Ahearn,"$48,232"
428,2011-2012,Lester Hudson,"$48,232"
429,2011-2012,Edwin Ubiles,"$43,056"
430,2011-2012,Armon Johnson,"$34,644"
431,2011-2012,D.J. Kennedy,"$18,445"
432,2011-2012,Xavier Silas,"$11,458"
433,2011-2012,Morris Almond,"$6,890"
434,2012-2013,Kobe Bryant,"$27,849,149"
435,2012-2013,Dirk Nowitzki,"$20,907,128"
436,2012-2013,Amar'e Stoudemire,"$19,948,799"
437,2012-2013,Joe Johnson,"$19,752,645"
438,2012-2013,Dwight Howard,"$19,536,360"
439,2012-2013,Carmelo Anthony,"$19,444,504"
440,2012-2013,Pau Gasol,"$19,000,000"
441,2012-2013,Chris Paul,"$17,779,458"
442,2012-2013,Chris Bosh,"$17,545,000"
443,2012-2013,LeBron James,"$17,545,000"
444,2012-2013,Dwyane Wade,"$17,182,000"
445,2012-2013,Deron Williams,"$17,177,795"
446,2012-2013,Paul Pierce,"$16,790,345"
447,2012-2013,Kevin Durant,"$16,669,629"
448,2012-2013,Zach Randolph,"$16,500,000"
449,2012-2013,Rudy Gay,"$16,460,538"
450,2012-2013,Derrick Rose,"$16,402,500"
451,2012-2013,Andrew Bynum,"$16,100,000"
452,2012-2013,Carlos Boozer,"$15,000,000"
453,2012-2013,Al Jefferson,"$15,000,000"
454,2012-2013,Andre Iguodala,"$14,968,250"
455,2012-2013,Manu Ginobili,"$14,107,492"
456,2012-2013,Marc Gasol,"$13,891,359"
457,2012-2013,Eric Gordon,"$13,668,750"
458,2012-2013,Roy Hibbert,"$13,668,750"
459,2012-2013,Brook Lopez,"$13,668,750"
460,2012-2013,Kevin Love,"$13,668,750"
461,2012-2013,Russell Westbrook,"$13,668,750"
462,2012-2013,Tyson Chandler,"$13,604,188"
463,2012-2013,LaMarcus Aldridge,"$13,500,000"
464,2012-2013,Emeka Okafor,"$13,490,000"
465,2012-2013,Luol Deng,"$13,305,000"
466,2012-2013,Josh Smith,"$13,200,000"
467,2012-2013,Danny Granger,"$13,058,606"
468,2012-2013,Andrew Bogut,"$13,000,000"
469,2012-2013,Nene Hilario,"$13,000,000"
470,2012-2013,David Lee,"$12,744,000"
471,2012-2013,Tony Parker,"$12,500,000"
472,2012-2013,Kevin Martin,"$12,439,675"
473,2012-2013,Ben Gordon,"$12,400,000"
474,2012-2013,Al Horford,"$12,000,000"
475,2012-2013,Kris Humphries,"$12,000,000"
476,2012-2013,Hedo Turkoglu,"$11,815,850"
477,2012-2013,Kevin Garnett,"$11,566,265"
478,2012-2013,Joakim Noah,"$11,300,000"
479,2012-2013,Monta Ellis,"$11,000,000"
480,2012-2013,Rajon Rondo,"$11,000,000"
481,2012-2013,Corey Maggette,"$10,924,138"
482,2012-2013,Nicolas Batum,"$10,825,000"
483,2012-2013,Jose Calderon,"$10,561,983"
484,2012-2013,DeAndre Jordan,"$10,532,977"
485,2012-2013,Richard Jefferson,"$10,164,000"
486,2012-2013,Stephen Jackson,"$10,059,750"
487,2012-2013,Andrea Bargnani,"$10,000,000"
488,2012-2013,JaVale McGee,"$10,000,000"
489,2012-2013,David West,"$10,000,000"
490,2012-2013,Andrei Kirilenko,"$9,779,349"
491,2012-2013,Gerald Wallace,"$9,682,435"
492,2012-2013,Tim Duncan,"$9,638,554"
493,2012-2013,Danilo Gallinari,"$9,439,000"
494,2012-2013,Andris Biedrins,"$9,000,000"
495,2012-2013,Steve Nash,"$8,900,000"
496,2012-2013,Ryan Anderson,"$8,700,000"
497,2012-2013,Shawn Marion,"$8,692,881"
498,2012-2013,Paul Millsap,"$8,603,633"
499,2012-2013,Jameer Nelson,"$8,600,000"
500,2012-2013,Devin Harris,"$8,500,000"
501,2012-2013,Rodney Stuckey,"$8,500,000"
502,2012-2013,Mo Williams,"$8,500,000"
503,2012-2013,Omer Asik,"$8,374,646"
504,2012-2013,Jeremy Lin,"$8,374,646"
505,2012-2013,Anderson Varejao,"$8,368,182"
506,2012-2013,Kendrick Perkins,"$8,300,531"
507,2012-2013,Thaddeus Young,"$8,289,130"
508,2012-2013,Marvin Williams,"$8,287,500"
509,2012-2013,Lamar Odom,"$8,200,000"
510,2012-2013,Jeff Green,"$8,100,000"
511,2012-2013,John Salmons,"$8,083,000"
512,2012-2013,Charlie Villanueva,"$8,060,000"
513,2012-2013,Caron Butler,"$8,000,000"
514,2012-2013,George Hill,"$8,000,000"
515,2012-2013,Chris Kaman,"$8,000,000"
516,2012-2013,Tyrus Thomas,"$8,000,000"
517,2012-2013,Ersan Ilyasova,"$7,900,000"
518,2012-2013,Arron Afflalo,"$7,750,000"
519,2012-2013,Marcus Thornton,"$7,525,000"
520,2012-2013,Mike Conley,"$7,505,786"
521,2012-2013,Goran Dragic,"$7,500,000"
522,2012-2013,DeSagana Diop,"$7,372,200"
523,2012-2013,Beno Udrih,"$7,372,200"
524,2012-2013,Trevor Ariza,"$7,258,960"
525,2012-2013,Marcin Gortat,"$7,258,960"
526,2012-2013,Metta World Peace,"$7,258,960"
527,2012-2013,Blake Griffin,"$7,226,892"
528,2012-2013,Tayshaun Prince,"$6,764,045"
529,2012-2013,Samuel Dalembert,"$6,698,565"
530,2012-2013,Drew Gooden,"$6,687,400"
531,2012-2013,Al Harrington,"$6,687,400"
532,2012-2013,Wesley Matthews,"$6,505,320"
533,2012-2013,Spencer Hawes,"$6,500,000"
534,2012-2013,Glen Davis,"$6,400,000"
535,2012-2013,Landry Fields,"$6,250,000"
536,2012-2013,J.J. Redick,"$6,190,000"
537,2012-2013,Francisco Garcia,"$6,100,000"
538,2012-2013,Luke Walton,"$6,091,363"
539,2012-2013,Brandon Bass,"$6,000,000"
540,2012-2013,Channing Frye,"$6,000,000"
541,2012-2013,Amir Johnson,"$6,000,000"
542,2012-2013,Wilson Chandler,"$5,930,414"
543,2012-2013,John Wall,"$5,915,880"
544,2012-2013,James Harden,"$5,820,416"
545,2012-2013,Mike Miller,"$5,800,000"
546,2012-2013,Jason Richardson,"$5,799,625"
547,2012-2013,Michael Beasley,"$5,750,000"
548,2012-2013,Kyle Lowry,"$5,750,000"
549,2012-2013,Nick Young,"$5,600,000"
550,2012-2013,Chuck Hayes,"$5,486,250"
551,2012-2013,Jarrett Jack,"$5,400,000"
552,2012-2013,Kyrie Irving,"$5,375,760"
553,2012-2013,Evan Turner,"$5,293,080"
554,2012-2013,Tyreke Evans,"$5,251,825"
555,2012-2013,Jason Thompson,"$5,250,000"
556,2012-2013,Zaza Pachulia,"$5,248,750"
557,2012-2013,Anthony Davis,"$5,144,280"
558,2012-2013,Brandon Roy,"$5,100,000"
559,2012-2013,Jamal Crawford,"$5,000,000"
560,2012-2013,Richard Hamilton,"$5,000,000"
561,2012-2013,Kyle Korver,"$5,000,000"
562,2012-2013,Courtney Lee,"$5,000,000"
563,2012-2013,Jason Maxiell,"$5,000,000"
564,2012-2013,Andre Miller,"$5,000,000"
565,2012-2013,Ramon Sessions,"$5,000,000"
566,2012-2013,Jason Terry,"$5,000,000"
567,2012-2013,Louis Williams,"$5,000,000"
568,2012-2013,Robin Lopez,"$4,899,293"
569,2012-2013,Nikola Pekovic,"$4,837,200"
570,2012-2013,Derrick Williams,"$4,809,840"
571,2012-2013,Luc Richard Mbah a Moute,"$4,794,192"
572,2012-2013,Daniel Gibson,"$4,792,332"
573,2012-2013,Derrick Favors,"$4,753,320"
574,2012-2013,Michael Kidd-Gilchrist,"$4,602,720"
575,2012-2013,Linas Kleiza,"$4,600,000"
576,2012-2013,Marcus Camby,"$4,590,338"
577,2012-2013,Boris Diaw,"$4,500,000"
578,2012-2013,Jonas Jerebko,"$4,500,000"
579,2012-2013,Jose Barea,"$4,493,500"
580,2012-2013,Enes Freedom,"$4,319,280"
581,2012-2013,Wesley Johnson,"$4,285,560"
582,2012-2013,Jared Dudley,"$4,250,000"
583,2012-2013,Marreese Speights,"$4,200,000"
584,2012-2013,Luis Scola,"$4,148,510"
585,2012-2013,Bradley Beal,"$4,133,280"
586,2012-2013,Dorell Wright,"$4,106,000"
587,2012-2013,Udonis Haslem,"$4,060,000"
588,2012-2013,Steve Novak,"$4,054,055"
589,2012-2013,O.J. Mayo,"$4,020,000"
590,2012-2013,Chauncey Billups,"$4,000,000"
591,2012-2013,Steve Blake,"$4,000,000"
592,2012-2013,Mario Chalmers,"$4,000,000"
593,2012-2013,J.J Hickson,"$4,000,000"
594,2012-2013,Carl Landry,"$4,000,000"
595,2012-2013,Ian Mahinmi,"$4,000,000"
596,2012-2013,Anthony Morrow,"$4,000,000"
597,2012-2013,Travis Outlaw,"$4,000,000"
598,2012-2013,Luke Ridnour,"$4,000,000"
599,2012-2013,Brandon Rush,"$4,000,000"
600,2012-2013,Stephen Curry,"$3,958,742"
601,2012-2013,Tiago Splitter,"$3,944,000"
602,2012-2013,Kirk Hinrich,"$3,941,000"
603,2012-2013,Tristan Thompson,"$3,894,240"
604,2012-2013,DeMarcus Cousins,"$3,880,800"
605,2012-2013,Joel Anthony,"$3,750,000"
606,2012-2013,Mike Dunleavy,"$3,750,000"
607,2012-2013,Dion Waiters,"$3,726,600"
608,2012-2013,Matt Bonner,"$3,630,000"
609,2012-2013,Thabo Sefolosha,"$3,600,000"
610,2012-2013,Ricky Rubio,"$3,526,499"
611,2012-2013,Ekpe Udoh,"$3,524,880"
612,2012-2013,D.J. Augustin,"$3,500,000"
613,2012-2013,Shannon Brown,"$3,500,000"
614,2012-2013,Chris Duhon,"$3,500,000"
615,2012-2013,Alonzo Gee,"$3,500,000"
616,2012-2013,Danny Green,"$3,500,000"
617,2012-2013,Gerald Green,"$3,500,000"
618,2012-2013,Jordan Hill,"$3,500,000"
619,2012-2013,Johan Petro,"$3,500,000"
620,2012-2013,Raymond Felton,"$3,480,453"
621,2012-2013,Thomas Robinson,"$3,374,640"
622,2012-2013,Jonas Valanciunas,"$3,374,640"
623,2012-2013,DeMar DeRozan,"$3,344,250"
624,2012-2013,Tony Allen,"$3,300,000"
625,2012-2013,Will Bynum,"$3,250,000"
626,2012-2013,Corey Brewer,"$3,243,000"
627,2012-2013,Greg Monroe,"$3,217,680"
628,2012-2013,Jan Vesely,"$3,202,920"
629,2012-2013,Brandon Jennings,"$3,179,493"
630,2012-2013,Timofey Mozgov,"$3,140,429"
631,2012-2013,Shane Battier,"$3,135,000"
632,2012-2013,Josh McRoberts,"$3,135,000"
633,2012-2013,Gerald Henderson,"$3,101,327"
634,2012-2013,Ray Allen,"$3,090,000"
635,2012-2013,Vince Carter,"$3,090,000"
636,2012-2013,Jason Kidd,"$3,090,000"
637,2012-2013,Mirza Teletovic,"$3,090,000"
638,2012-2013,Damian Lillard,"$3,065,040"
639,2012-2013,Tyler Hansbrough,"$3,055,259"
640,2012-2013,Alexey Shved,"$3,017,943"
641,2012-2013,Joel Freeland,"$3,013,512"
642,2012-2013,Darrell Arthur,"$3,006,217"
643,2012-2013,LaVoy Allen,"$3,000,000"
644,2012-2013,Jerryd Bayless,"$3,000,000"
645,2012-2013,Carlos Delfino,"$3,000,000"
646,2012-2013,Kosta Koufos,"$3,000,000"
647,2012-2013,Travis Outlaw,"$3,000,000"
648,2012-2013,Austin Daye,"$2,958,077"
649,2012-2013,Al-Farouq Aminu,"$2,947,800"
650,2012-2013,Nick Collison,"$2,929,332"
651,2012-2013,Bismack Biyombo,"$2,923,920"
652,2012-2013,Dahntay Jones,"$2,900,000"
653,2012-2013,Kwame Brown,"$2,819,044"
654,2012-2013,James Johnson,"$2,812,006"
655,2012-2013,J.R. Smith,"$2,806,452"
656,2012-2013,Harrison Barnes,"$2,798,040"
657,2012-2013,Gordon Hayward,"$2,709,720"
658,2012-2013,Brandon Knight,"$2,678,640"
659,2012-2013,Jrue Holiday,"$2,674,851"
660,2012-2013,Reggie Williams,"$2,612,500"
661,2012-2013,Aaron Gray,"$2,575,000"
662,2012-2013,Greg Stiemsma,"$2,575,000"
663,2012-2013,Paul George,"$2,574,120"
664,2012-2013,Terrence Ross,"$2,563,320"
665,2012-2013,Ty Lawson,"$2,544,529"
666,2012-2013,Randy Foye,"$2,500,000"
667,2012-2013,Jason Smith,"$2,500,000"
668,2012-2013,Kemba Walker,"$2,462,400"
669,2012-2013,Cole Aldrich,"$2,445,480"
670,2012-2013,Jeff Teague,"$2,433,077"
671,2012-2013,Aaron Brooks,"$2,400,000"
672,2012-2013,Andre Drummond,"$2,356,320"
673,2012-2013,Jimmer Fredette,"$2,339,040"
674,2012-2013,Eric Maynor,"$2,338,721"
675,2012-2013,Xavier Henry,"$2,323,200"
676,2012-2013,Darren Collison,"$2,319,344"
677,2012-2013,Omri Casspi,"$2,277,306"
678,2012-2013,Serge Ibaka,"$2,253,061"
679,2012-2013,B.J. Mullens,"$2,253,061"
680,2012-2013,DeShawn Stevenson,"$2,240,450"
681,2012-2013,Austin Rivers,"$2,238,360"
682,2012-2013,Rodrigue Beaubois,"$2,227,332"
683,2012-2013,C.J. Miles,"$2,225,000"
684,2012-2013,Klay Thompson,"$2,222,160"
685,2012-2013,Ed Davis,"$2,207,040"
686,2012-2013,Taj Gibson,"$2,155,811"
687,2012-2013,Meyers Leonard,"$2,126,520"
688,2012-2013,Alec Burks,"$2,111,160"
689,2012-2013,Elton Brand,"$2,100,500"
690,2012-2013,Patrick Patterson,"$2,096,760"
691,2012-2013,Dante Cunningham,"$2,090,000"
692,2012-2013,Wayne Ellington,"$2,083,042"
693,2012-2013,Toney Douglas,"$2,067,880"
694,2012-2013,Brendan Haywood,"$2,050,000"
695,2012-2013,Jeremy Lamb,"$2,020,200"
696,2012-2013,Markieff Morris,"$2,005,560"
697,2012-2013,Earl Watson,"$2,000,000"
698,2012-2013,Larry Sanders,"$1,991,760"
699,2012-2013,Marco Belinelli,"$1,957,000"
700,2012-2013,Grant Hill,"$1,957,000"
701,2012-2013,Kendall Marshall,"$1,919,160"
702,2012-2013,Marcus Morris Sr.,"$1,905,360"
703,2012-2013,Luke Babbitt,"$1,892,280"
704,2012-2013,John Henson,"$1,823,280"
705,2012-2013,Kawhi Leonard,"$1,809,840"
706,2012-2013,Kevin Seraphin,"$1,797,600"
707,2012-2013,Jeremy Evans,"$1,794,872"
708,2012-2013,Martell Webster,"$1,750,000"
709,2012-2013,Maurice Harkless,"$1,731,960"
710,2012-2013,Nikola Vucevic,"$1,719,480"
711,2012-2013,Eric Bledsoe,"$1,707,720"
712,2012-2013,Anthony Randolph,"$1,674,641"
713,2012-2013,Royce White,"$1,645,440"
714,2012-2013,Iman Shumpert,"$1,633,440"
715,2012-2013,Avery Bradley,"$1,630,800"
716,2012-2013,Reggie Evans,"$1,622,617"
717,2012-2013,Sebastian Telfair,"$1,567,500"
718,2012-2013,Tyler Zeller,"$1,563,120"
719,2012-2013,Chris Singleton,"$1,551,840"
720,2012-2013,Gustavo Ayon,"$1,500,000"
721,2012-2013,Jeff Ayres,"$1,500,000"
722,2012-2013,James Jones,"$1,500,000"
723,2012-2013,Vyacheslav Kravtsov,"$1,500,000"
724,2012-2013,John Lucas III,"$1,500,000"
725,2012-2013,Jodie Meeks,"$1,500,000"
726,2012-2013,Terrence Jones,"$1,485,000"
727,2012-2013,Tobias Harris,"$1,482,000"
728,2012-2013,Jared Jeffries,"$1,475,106"
729,2012-2013,Elliot Williams,"$1,442,880"
730,2012-2013,Andrew Nicholson,"$1,418,160"
731,2012-2013,Nando De Colo,"$1,400,000"
732,2012-2013,Trevor Booker,"$1,385,280"
733,2012-2013,Willie Green,"$1,375,000"
734,2012-2013,Nolan Smith,"$1,365,720"
735,2012-2013,Evan Fournier,"$1,361,400"
736,2012-2013,Donatas Motiejunas,"$1,361,400"
737,2012-2013,Rashard Lewis,"$1,352,181"
738,2012-2013,Jamaal Tinsley,"$1,352,181"
739,2012-2013,Kenneth Faried,"$1,311,240"
740,2012-2013,Jared Sullinger,"$1,306,920"
741,2012-2013,Victor Claver,"$1,300,000"
742,2012-2013,Hamed Haddadi,"$1,300,000"
743,2012-2013,Fab Melo,"$1,254,720"
744,2012-2013,Earl Clark,"$1,240,000"
745,2012-2013,Quincy Pondexter,"$1,234,320"
746,2012-2013,Sasha Pavlovic,"$1,232,713"
747,2012-2013,Keith Bogans,"$1,229,255"
748,2012-2013,Reggie Jackson,"$1,208,400"
749,2012-2013,John Jenkins,"$1,204,560"
750,2012-2013,Hasheem Thabeet,"$1,200,000"
751,2012-2013,Jordan Crawford,"$1,198,680"
752,2012-2013,Greivis Vasquez,"$1,191,240"
753,2012-2013,MarShon Brooks,"$1,160,040"
754,2012-2013,Jared Cunningham,"$1,156,320"
755,2012-2013,Jordan Hamilton,"$1,121,520"
756,2012-2013,Tony Wroten Jr.,"$1,110,120"
757,2012-2013,Patty Mills,"$1,085,120"
758,2012-2013,Norris Cole,"$1,082,520"
759,2012-2013,Cory Joseph,"$1,074,720"
760,2012-2013,Miles Plumlee,"$1,073,280"
761,2012-2013,Jimmy Butler,"$1,066,920"
762,2012-2013,Devin Ebanks,"$1,054,389"
763,2012-2013,DeJaun Blair,"$1,054,000"
764,2012-2013,Arnett Moultrie,"$1,042,320"
765,2012-2013,Perry Jones III,"$1,035,960"
766,2012-2013,Festus Ezeli,"$1,020,960"
767,2012-2013,Kyle Singler,"$1,000,000"
768,2012-2013,C.J. Watson,"$992,680"
769,2012-2013,Brandan Wright,"$992,680"
770,2012-2013,Ivan Johnson,"$962,195"
771,2012-2013,Darius Morris,"$962,195"
772,2012-2013,Ishmael Smith,"$910,491"
773,2012-2013,Chandler Parsons,"$888,250"
774,2012-2013,Alan Anderson,"$885,120"
775,2012-2013,Chase Budinger,"$885,120"
776,2012-2013,DeMarre Carroll,"$885,120"
777,2012-2013,A.J. Price,"$885,120"
778,2012-2013,Lance Stephenson,"$870,000"
779,2012-2013,Marquis Teague,"$857,000"
780,2012-2013,Leandro Barbosa,"$854,389"
781,2012-2013,Matt Barnes,"$854,389"
782,2012-2013,Andray Blatche,"$854,389"
783,2012-2013,Ronnie Brewer,"$854,389"
784,2012-2013,Jason Collins,"$854,389"
785,2012-2013,Marquis Daniels,"$854,389"
786,2012-2013,Ryan Hollins,"$854,389"
787,2012-2013,Royal Ivey,"$854,389"
788,2012-2013,Antawn Jamison,"$854,389"
789,2012-2013,Jamaal Magloire,"$854,389"
790,2012-2013,Cartier Martin,"$854,389"
791,2012-2013,Roger Mason,"$854,389"
792,2012-2013,Nazr Mohammed,"$854,389"
793,2012-2013,Gary Neal,"$854,389"
794,2012-2013,Jermaine O'Neal,"$854,389"
795,2012-2013,Daniel Orton,"$854,389"
796,2012-2013,Joel Przybilla,"$854,389"
797,2012-2013,Vladimir Radmanovic,"$854,389"
798,2012-2013,Nate Robinson,"$854,389"
799,2012-2013,Jerry Stackhouse,"$854,389"
800,2012-2013,Anthony Tolliver,"$854,389"
801,2012-2013,Ronny Turiaf,"$854,389"
802,2012-2013,James White,"$854,389"
803,2012-2013,Chris Wilcox,"$854,389"
804,2012-2013,Damien Wilkins,"$854,389"
805,2012-2013,Draymond Green,"$850,000"
806,2012-2013,Kyle O'Quinn,"$788,872"
807,2012-2013,Shaun Livingston,"$773,976"
808,2012-2013,Charles Jenkins,"$762,195"
809,2012-2013,Malcolm Lee,"$762,195"
810,2012-2013,Jon Leuer,"$762,195"
811,2012-2013,DeAndre Liggins,"$762,195"
812,2012-2013,E'Twaun Moore,"$762,195"
813,2012-2013,Greg Smith,"$762,195"
814,2012-2013,Julyan Stone,"$762,195"
815,2012-2013,Isaiah Thomas,"$762,195"
816,2012-2013,Lance Thomas,"$762,195"
817,2012-2013,P.J. Tucker,"$762,195"
818,2012-2013,Mickael Pietrus,"$698,589"
819,2012-2013,Quincy Acy,"$665,000"
820,2012-2013,Jeff Adrien,"$653,356"
821,2012-2013,Doron Lamb,"$650,000"
822,2012-2013,Jae Crowder,"$600,491"
823,2012-2013,Jeff Taylor,"$575,000"
824,2012-2013,Garrett Temple,"$572,943"
825,2012-2013,Will Barton,"$550,000"
826,2012-2013,Orlando Johnson,"$550,000"
827,2012-2013,James Anderson,"$532,737"
828,2012-2013,Daequan Cook,"$512,633"
829,2012-2013,Kent Bazemore,"$473,604"
830,2012-2013,Chris Copeland,"$473,604"
831,2012-2013,Kim English,"$473,604"
832,2012-2013,Diante Garrett,"$473,604"
833,2012-2013,Ben Hansbrough,"$473,604"
834,2012-2013,Bernard James,"$473,604"
835,2012-2013,DeQuan Jones,"$473,604"
836,2012-2013,Khris Middleton,"$473,604"
837,2012-2013,Darius Miller,"$473,604"
838,2012-2013,Quincy Miller,"$473,604"
839,2012-2013,Kevin Murphy,"$473,604"
840,2012-2013,Pablo Prigioni,"$473,604"
841,2012-2013,Brian Roberts,"$473,604"
842,2012-2013,Robert Sacre,"$473,604"
843,2012-2013,Mike Scott,"$473,604"
844,2012-2013,Tornike Shengelia,"$473,604"
845,2012-2013,Tyshawn Taylor,"$473,604"
846,2012-2013,Mike James,"$402,065"
847,2012-2013,Sam Young,"$402,065"
848,2012-2013,Kevin Jones,"$390,027"
849,2012-2013,Mickael Gelabale,"$346,781"
850,2012-2013,Chris Johnson,"$346,781"
851,2012-2013,Chris Andersen,"$341,756"
852,2012-2013,Patrick Beverley,"$281,376"
853,2012-2013,Kenyon Martin,"$270,436"
854,2012-2013,Derek Fisher,"$261,343"
855,2012-2013,Terrence Williams,"$249,916"
856,2012-2013,Aron Baynes,"$239,588"
857,2012-2013,Jarvis Varnado,"$217,301"
858,2012-2013,Shavlik Randolph,"$163,500"
859,2012-2013,Chris Quinn,"$145,749"
860,2012-2013,D.J. White,"$145,749"
861,2012-2013,Tim Ohlbrecht,"$144,867"
862,2012-2013,Juwan Howard,"$135,697"
863,2012-2013,Keyon Dooling,"$119,310"
864,2012-2013,Shelvin Mack,"$103,121"
865,2012-2013,Terrel Harris,"$89,670"
866,2012-2013,DaJuan Summers,"$65,336"
867,2012-2013,Maalik Wayns,"$58,504"
868,2012-2013,Jerel McNeal,"$53,802"
869,2012-2013,Jannero Pargo,"$50,258"
870,2012-2013,Justin Holiday,"$47,360"
871,2012-2013,Terrel Harris,"$44,835"
872,2012-2013,Malcolm Thomas,"$44,835"
873,2012-2013,Scott Machado,"$27,859"
874,2012-2013,Andrew Goudelock,"$17,934"
875,2012-2013,Kris Joseph,"$16,715"
876,2012-2013,Josh Akognon,"$13,930"
877,2012-2013,Tracy McGrady,"$10,052"
878,2012-2013,Quentin Richardson,"$10,052"
879,2012-2013,Earl Barron,"$6,743"
880,2012-2013,Dwayne Jones,"$5,839"
881,2012-2013,Donte Greene,"$5,026"
882,2012-2013,Scott Machado,"$2,786"
883,2012-2013,Willie Reed,"$2,786"
884,2013-2014,Kobe Bryant,"$30,453,805"
885,2013-2014,Dirk Nowitzki,"$22,721,381"
886,2013-2014,Amar'e Stoudemire,"$21,679,893"
887,2013-2014,Joe Johnson,"$21,466,718"
888,2013-2014,Carmelo Anthony,"$21,388,953"
889,2013-2014,Dwight Howard,"$20,513,178"
890,2013-2014,Pau Gasol,"$19,285,850"
891,2013-2014,Chris Bosh,"$19,067,500"
892,2013-2014,LeBron James,"$19,067,500"
893,2013-2014,Dwyane Wade,"$18,673,000"
894,2013-2014,Chris Paul,"$18,668,431"
895,2013-2014,Deron Williams,"$18,466,130"
896,2013-2014,Zach Randolph,"$18,238,333"
897,2013-2014,Rudy Gay,"$17,888,932"
898,2013-2014,Kevin Durant,"$17,832,627"
899,2013-2014,Derrick Rose,"$17,632,688"
900,2013-2014,Blake Griffin,"$16,441,500"
901,2013-2014,Paul Pierce,"$15,333,334"
902,2013-2014,Carlos Boozer,"$15,300,000"
903,2013-2014,LaMarcus Aldridge,"$14,878,000"
904,2013-2014,Marc Gasol,"$14,860,523"
905,2013-2014,Brook Lopez,"$14,693,906"
906,2013-2014,Kevin Love,"$14,693,906"
907,2013-2014,Russell Westbrook,"$14,693,906"
908,2013-2014,Emeka Okafor,"$14,487,500"
909,2013-2014,Tyson Chandler,"$14,350,537"
910,2013-2014,Eric Gordon,"$14,283,844"
911,2013-2014,Roy Hibbert,"$14,283,844"
912,2013-2014,Luol Deng,"$14,275,000"
913,2013-2014,Andrew Bogut,"$14,000,000"
914,2013-2014,David Lee,"$13,878,000"
915,2013-2014,James Harden,"$13,701,250"
916,2013-2014,Al Jefferson,"$13,500,000"
917,2013-2014,Josh Smith,"$13,500,000"
918,2013-2014,Nene Hilario,"$13,000,000"
919,2013-2014,Andre Iguodala,"$12,868,632"
920,2013-2014,Tony Parker,"$12,500,000"
921,2013-2014,Kevin Garnett,"$12,433,735"
922,2013-2014,Serge Ibaka,"$12,350,000"
923,2013-2014,Nikola Pekovic,"$12,100,000"
924,2013-2014,Al Horford,"$12,000,000"
925,2013-2014,Kris Humphries,"$12,000,000"
926,2013-2014,David West,"$12,000,000"
927,2013-2014,Rajon Rondo,"$11,954,545"
928,2013-2014,Andrea Bargnani,"$11,862,500"
929,2013-2014,Tyreke Evans,"$11,796,247"
930,2013-2014,Nicolas Batum,"$11,295,250"
931,2013-2014,Joakim Noah,"$11,100,000"
932,2013-2014,Richard Jefferson,"$11,046,000"
933,2013-2014,DeAndre Jordan,"$10,986,550"
934,2013-2014,Ty Lawson,"$10,786,517"
935,2013-2014,JaVale McGee,"$10,750,000"
936,2013-2014,Tim Duncan,"$10,361,446"
937,2013-2014,Danilo Gallinari,"$10,146,925"
938,2013-2014,Gerald Wallace,"$10,105,885"
939,2013-2014,Tiago Splitter,"$10,000,000"
940,2013-2014,Stephen Curry,"$9,887,642"
941,2013-2014,Jrue Holiday,"$9,713,484"
942,2013-2014,DeMar DeRozan,"$9,500,000"
943,2013-2014,Paul Millsap,"$9,500,000"
944,2013-2014,Shawn Marion,"$9,316,796"
945,2013-2014,Steve Nash,"$9,300,500"
946,2013-2014,Anderson Varejao,"$9,036,364"
947,2013-2014,Thaddeus Young,"$8,850,000"
948,2013-2014,Kendrick Perkins,"$8,727,437"
949,2013-2014,Jeff Green,"$8,700,000"
950,2013-2014,Mike Conley,"$8,600,001"
951,2013-2014,Jameer Nelson,"$8,600,000"
952,2013-2014,Charlie Villanueva,"$8,580,000"
953,2013-2014,Rodney Stuckey,"$8,500,000"
954,2013-2014,Omer Asik,"$8,374,646"
955,2013-2014,Jeremy Lin,"$8,374,646"
956,2013-2014,Ryan Anderson,"$8,308,500"
957,2013-2014,Marcus Thornton,"$8,050,000"
958,2013-2014,Monta Ellis,"$8,000,000"
959,2013-2014,George Hill,"$8,000,000"
960,2013-2014,O.J. Mayo,"$8,000,000"
961,2013-2014,Jeff Teague,"$8,000,000"
962,2013-2014,Ersan Ilyasova,"$7,900,000"
963,2013-2014,Trevor Ariza,"$7,727,280"
964,2013-2014,Marcin Gortat,"$7,727,280"
965,2013-2014,Brandon Jennings,"$7,655,503"
966,2013-2014,John Salmons,"$7,583,000"
967,2013-2014,Taj Gibson,"$7,550,000"
968,2013-2014,Arron Afflalo,"$7,500,000"
969,2013-2014,Goran Dragic,"$7,500,000"
970,2013-2014,Manu Ginobili,"$7,500,000"
971,2013-2014,Marvin Williams,"$7,500,000"
972,2013-2014,John Wall,"$7,459,925"
973,2013-2014,Metta World Peace,"$7,325,891"
974,2013-2014,Tayshaun Prince,"$7,235,955"
975,2013-2014,Wesley Matthews,"$6,875,480"
976,2013-2014,Jose Calderon,"$6,791,570"
977,2013-2014,Kyle Korver,"$6,760,563"
978,2013-2014,Evan Turner,"$6,679,867"
979,2013-2014,Spencer Hawes,"$6,600,000"
980,2013-2014,Amir Johnson,"$6,500,000"
981,2013-2014,Carl Landry,"$6,500,000"
982,2013-2014,Kevin Martin,"$6,500,000"
983,2013-2014,J.J. Redick,"$6,500,000"
984,2013-2014,Brandon Bass,"$6,450,000"
985,2013-2014,Channing Frye,"$6,400,000"
986,2013-2014,Wilson Chandler,"$6,344,164"
987,2013-2014,Jarrett Jack,"$6,300,000"
988,2013-2014,Landry Fields,"$6,250,000"
989,2013-2014,Kyle Lowry,"$6,210,000"
990,2013-2014,Jason Richardson,"$6,204,250"
991,2013-2014,Derrick Favors,"$6,008,196"
992,2013-2014,Gerald Henderson,"$6,000,000"
993,2013-2014,Robin Lopez,"$5,904,261"
994,2013-2014,Chuck Hayes,"$5,722,500"
995,2013-2014,Jason Thompson,"$5,643,750"
996,2013-2014,Jason Terry,"$5,625,313"
997,2013-2014,Kyrie Irving,"$5,607,240"
998,2013-2014,J.R. Smith,"$5,565,000"
999,2013-2014,Anthony Davis,"$5,375,760"
1000,2013-2014,Anthony Bennett,"$5,324,280"
1001,2013-2014,Jamal Crawford,"$5,225,000"
1002,2013-2014,Courtney Lee,"$5,225,000"
1003,2013-2014,Louis Williams,"$5,225,000"
1004,2013-2014,Zaza Pachulia,"$5,200,000"
1005,2013-2014,J.J Hickson,"$5,150,000"
1006,2013-2014,Martell Webster,"$5,150,000"
1007,2013-2014,Keith Bogans,"$5,058,198"
1008,2013-2014,Derrick Williams,"$5,016,960"
1009,2013-2014,Chase Budinger,"$5,000,000"
1010,2013-2014,Andre Miller,"$5,000,000"
1011,2013-2014,Ramon Sessions,"$5,000,000"
1012,2013-2014,Brandan Wright,"$5,000,000"
1013,2013-2014,DeMarcus Cousins,"$4,916,974"
1014,2013-2014,Michael Kidd-Gilchrist,"$4,809,840"
1015,2013-2014,Victor Oladipo,"$4,763,760"
1016,2013-2014,Boris Diaw,"$4,702,500"
1017,2013-2014,Jose Barea,"$4,687,000"
1018,2013-2014,Luc Richard Mbah a Moute,"$4,588,384"
1019,2013-2014,Luis Scola,"$4,508,504"
1020,2013-2014,Enes Freedom,"$4,505,280"
1021,2013-2014,Corey Brewer,"$4,500,000"
1022,2013-2014,Jonas Jerebko,"$4,500,000"
1023,2013-2014,Tony Allen,"$4,494,383"
1024,2013-2014,Ekpe Udoh,"$4,469,548"
1025,2013-2014,Timofey Mozgov,"$4,400,000"
1026,2013-2014,Udonis Haslem,"$4,340,000"
1027,2013-2014,Luke Ridnour,"$4,320,000"
1028,2013-2014,Bradley Beal,"$4,319,280"
1029,2013-2014,Otto Porter Jr.,"$4,278,000"
1030,2013-2014,Jared Dudley,"$4,250,000"
1031,2013-2014,Samuel Dalembert,"$4,096,596"
1032,2013-2014,Greg Monroe,"$4,086,454"
1033,2013-2014,Tristan Thompson,"$4,062,000"
1034,2013-2014,Kirk Hinrich,"$4,059,000"
1035,2013-2014,Steve Blake,"$4,000,000"
1036,2013-2014,Elton Brand,"$4,000,000"
1037,2013-2014,Mario Chalmers,"$4,000,000"
1038,2013-2014,Ian Mahinmi,"$4,000,000"
1039,2013-2014,Travis Outlaw,"$4,000,000"
1040,2013-2014,Brandon Rush,"$4,000,000"
1041,2013-2014,Matt Bonner,"$3,945,000"
1042,2013-2014,Thabo Sefolosha,"$3,900,000"
1043,2013-2014,Dion Waiters,"$3,894,240"
1044,2013-2014,Cody Zeller,"$3,857,040"
1045,2013-2014,Joel Anthony,"$3,800,000"
1046,2013-2014,Danny Green,"$3,762,500"
1047,2013-2014,Steve Novak,"$3,750,000"
1048,2013-2014,Al-Farouq Aminu,"$3,749,602"
1049,2013-2014,Ricky Rubio,"$3,678,358"
1050,2013-2014,Raymond Felton,"$3,637,073"
1051,2013-2014,Thomas Robinson,"$3,526,440"
1052,2013-2014,Jonas Valanciunas,"$3,526,440"
1053,2013-2014,Gerald Green,"$3,500,000"
1054,2013-2014,Jordan Hill,"$3,500,000"
1055,2013-2014,Marreese Speights,"$3,500,000"
1056,2013-2014,Alex Len,"$3,492,720"
1057,2013-2014,Gordon Hayward,"$3,452,183"
1058,2013-2014,Jan Vesely,"$3,340,920"
1059,2013-2014,Paul George,"$3,282,003"
1060,2013-2014,Shane Battier,"$3,270,000"
1061,2013-2014,Matt Barnes,"$3,250,000"
1062,2013-2014,Carlos Delfino,"$3,250,000"
1063,2013-2014,Alonzo Gee,"$3,250,000"
1064,2013-2014,Gary Neal,"$3,250,000"
1065,2013-2014,Darrell Arthur,"$3,231,683"
1066,2013-2014,Ray Allen,"$3,229,050"
1067,2013-2014,Mirza Teletovic,"$3,229,050"
1068,2013-2014,Damian Lillard,"$3,202,920"
1069,2013-2014,Mike Dunleavy,"$3,183,000"
1070,2013-2014,Tyler Hansbrough,"$3,183,000"
1071,2013-2014,Chris Kaman,"$3,183,000"
1072,2013-2014,Andrei Kirilenko,"$3,183,000"
1073,2013-2014,Vince Carter,"$3,180,000"
1074,2013-2014,Nerlens Noel,"$3,172,320"
1075,2013-2014,Ed Davis,"$3,153,860"
1076,2013-2014,Alexey Shved,"$3,150,000"
1077,2013-2014,Jerryd Bayless,"$3,135,000"
1078,2013-2014,Patrick Patterson,"$3,105,301"
1079,2013-2014,LaVoy Allen,"$3,060,000"
1080,2013-2014,Larry Sanders,"$3,053,368"
1081,2013-2014,Bismack Biyombo,"$3,049,920"
1082,2013-2014,Chris Copeland,"$3,000,000"
1083,2013-2014,Randy Foye,"$3,000,000"
1084,2013-2014,Kosta Koufos,"$3,000,000"
1085,2013-2014,Travis Outlaw,"$3,000,000"
1086,2013-2014,Dorell Wright,"$3,000,000"
1087,2013-2014,Harrison Barnes,"$2,923,920"
1088,2013-2014,Joel Freeland,"$2,897,976"
1089,2013-2014,Ben McLemore,"$2,895,960"
1090,2013-2014,Brandon Knight,"$2,793,960"
1091,2013-2014,Will Bynum,"$2,790,343"
1092,2013-2014,Kevin Seraphin,"$2,761,114"
1093,2013-2014,Marco Belinelli,"$2,750,000"
1094,2013-2014,Aaron Gray,"$2,690,875"
1095,2013-2014,Terrence Ross,"$2,678,640"
1096,2013-2014,Kentavious Caldwell-Pope,"$2,653,080"
1097,2013-2014,Wayne Ellington,"$2,652,000"
1098,2013-2014,Josh McRoberts,"$2,652,000"
1099,2013-2014,Mo Williams,"$2,652,000"
1100,2013-2014,Eric Bledsoe,"$2,626,474"
1101,2013-2014,Nick Collison,"$2,585,668"
1102,2013-2014,Kemba Walker,"$2,568,360"
1103,2013-2014,DeMarre Carroll,"$2,557,545"
1104,2013-2014,Avery Bradley,"$2,511,432"
1105,2013-2014,Chauncey Billups,"$2,500,000"
1106,2013-2014,Jason Maxiell,"$2,500,000"
1107,2013-2014,Jason Smith,"$2,500,000"
1108,2013-2014,Andre Drummond,"$2,462,400"
1109,2013-2014,Trey Burke,"$2,438,760"
1110,2013-2014,Trevor Booker,"$2,350,820"
1111,2013-2014,Austin Rivers,"$2,339,040"
1112,2013-2014,Klay Thompson,"$2,317,920"
1113,2013-2014,C.J. McCollum,"$2,316,720"
1114,2013-2014,Quincy Pondexter,"$2,225,478"
1115,2013-2014,C.J. Miles,"$2,225,000"
1116,2013-2014,Meyers Leonard,"$2,222,160"
1117,2013-2014,Alec Burks,"$2,202,000"
1118,2013-2014,Michael Carter-Williams,"$2,200,920"
1119,2013-2014,Dante Cunningham,"$2,180,000"
1120,2013-2014,Jordan Crawford,"$2,162,418"
1121,2013-2014,Greivis Vasquez,"$2,150,188"
1122,2013-2014,Jeremy Lamb,"$2,111,160"
1123,2013-2014,Markieff Morris,"$2,091,840"
1124,2013-2014,Steven Adams,"$2,090,880"
1125,2013-2014,Brendan Haywood,"$2,050,000"
1126,2013-2014,Nate Robinson,"$2,016,000"
1127,2013-2014,C.J. Watson,"$2,016,000"
1128,2013-2014,Vitor Faverani,"$2,000,000"
1129,2013-2014,Jermaine O'Neal,"$2,000,000"
1130,2013-2014,Marcus Morris Sr.,"$1,987,320"
1131,2013-2014,Kelly Olynyk,"$1,986,360"
1132,2013-2014,John Henson,"$1,905,360"
1133,2013-2014,Darren Collison,"$1,900,000"
1134,2013-2014,Kawhi Leonard,"$1,887,840"
1135,2013-2014,Shabazz Muhammad,"$1,887,120"
1136,2013-2014,Maurice Harkless,"$1,809,840"
1137,2013-2014,Nikola Vucevic,"$1,793,520"
1138,2013-2014,Giannis Antetokounmpo,"$1,792,560"
1139,2013-2014,Jeff Ayres,"$1,750,000"
1140,2013-2014,Luigi Datome,"$1,750,000"
1141,2013-2014,Anthony Randolph,"$1,750,000"
1142,2013-2014,Iman Shumpert,"$1,703,760"
1143,2013-2014,Reggie Evans,"$1,695,635"
1144,2013-2014,Jeremy Evans,"$1,660,257"
1145,2013-2014,Tyler Zeller,"$1,633,440"
1146,2013-2014,Chris Singleton,"$1,618,680"
1147,2013-2014,Toney Douglas,"$1,600,000"
1148,2013-2014,John Lucas III,"$1,600,000"
1149,2013-2014,Pablo Prigioni,"$1,591,350"
1150,2013-2014,Terrence Jones,"$1,551,840"
1151,2013-2014,Jodie Meeks,"$1,550,000"
1152,2013-2014,Tobias Harris,"$1,545,840"
1153,2013-2014,Shane Larkin,"$1,536,960"
1154,2013-2014,Gustavo Ayon,"$1,500,000"
1155,2013-2014,James Jones,"$1,500,000"
1156,2013-2014,Miroslav Raduljica,"$1,500,000"
1157,2013-2014,Ronny Turiaf,"$1,500,000"
1158,2013-2014,Andrew Nicholson,"$1,482,000"
1159,2013-2014,Sergey Karasev,"$1,467,840"
1160,2013-2014,Nando De Colo,"$1,463,000"
1161,2013-2014,Evan Fournier,"$1,422,720"
1162,2013-2014,Donatas Motiejunas,"$1,422,720"
1163,2013-2014,Tony Snell,"$1,409,040"
1164,2013-2014,Chris Andersen,"$1,399,507"
1165,2013-2014,Willie Green,"$1,399,507"
1166,2013-2014,Rashard Lewis,"$1,399,507"
1167,2013-2014,Scotty Hopson,"$1,388,400"
1168,2013-2014,Andray Blatche,"$1,375,604"
1169,2013-2014,Kenneth Faried,"$1,367,640"
1170,2013-2014,Jared Sullinger,"$1,365,720"
1171,2013-2014,Gorgui Dieng,"$1,352,640"
1172,2013-2014,Dennis Schröder,"$1,348,200"
1173,2013-2014,Victor Claver,"$1,330,000"
1174,2013-2014,Mason Plumlee,"$1,298,640"
1175,2013-2014,Francisco Garcia,"$1,265,977"
1176,2013-2014,Devin Harris,"$1,265,977"
1177,2013-2014,Ronnie Price,"$1,265,977"
1178,2013-2014,Reggie Jackson,"$1,260,360"
1179,2013-2014,John Jenkins,"$1,258,800"
1180,2013-2014,Solomon Hill,"$1,246,680"
1181,2013-2014,MarShon Brooks,"$1,210,080"
1182,2013-2014,Pero Antic,"$1,200,000"
1183,2013-2014,Hasheem Thabeet,"$1,200,000"
1184,2013-2014,Tim Hardaway Jr.,"$1,196,760"
1185,2013-2014,Jordan Hamilton,"$1,169,880"
1186,2013-2014,Tony Wroten Jr.,"$1,160,040"
1187,2013-2014,Reggie Bullock,"$1,149,000"
1188,2013-2014,Patty Mills,"$1,133,950"
1189,2013-2014,Norris Cole,"$1,129,200"
1190,2013-2014,Miles Plumlee,"$1,121,520"
1191,2013-2014,Cory Joseph,"$1,120,920"
1192,2013-2014,Jimmy Butler,"$1,112,880"
1193,2013-2014,Nick Young,"$1,106,942"
1194,2013-2014,Arnett Moultrie,"$1,089,240"
1195,2013-2014,Perry Jones III,"$1,082,520"
1196,2013-2014,Rudy Gobert,"$1,078,800"
1197,2013-2014,Marquis Teague,"$1,074,720"
1198,2013-2014,Festus Ezeli,"$1,066,920"
1199,2013-2014,Archie Goodwin,"$1,064,400"
1200,2013-2014,Nemanja Nedovic,"$1,056,720"
1201,2013-2014,Kyle Singler,"$1,045,000"
1202,2013-2014,Anthony Morrow,"$1,027,424"
1203,2013-2014,Lance Stephenson,"$1,005,000"
1204,2013-2014,Caron Butler,"$1,000,000"
1205,2013-2014,Andrew Bynum,"$1,000,000"
1206,2013-2014,Ishmael Smith,"$951,463"
1207,2013-2014,Alan Anderson,"$947,907"
1208,2013-2014,Omri Casspi,"$947,907"
1209,2013-2014,Austin Daye,"$947,907"
1210,2013-2014,B.J. Mullens,"$947,907"
1211,2013-2014,Chandler Parsons,"$926,500"
1212,2013-2014,Jeff Adrien,"$916,099"
1213,2013-2014,James Anderson,"$916,099"
1214,2013-2014,Jon Leuer,"$900,000"
1215,2013-2014,Cole Aldrich,"$884,293"
1216,2013-2014,Michael Beasley,"$884,293"
1217,2013-2014,DeJaun Blair,"$884,293"
1218,2013-2014,Aaron Brooks,"$884,293"
1219,2013-2014,Rasual Butler,"$884,293"
1220,2013-2014,Jordan Farmar,"$884,293"
1221,2013-2014,Derek Fisher,"$884,293"
1222,2013-2014,Josh Harrellson,"$884,293"
1223,2013-2014,Al Harrington,"$884,293"
1224,2013-2014,Xavier Henry,"$884,293"
1225,2013-2014,Ryan Hollins,"$884,293"
1226,2013-2014,Wesley Johnson,"$884,293"
1227,2013-2014,Shaun Livingston,"$884,293"
1228,2013-2014,Shelvin Mack,"$884,293"
1229,2013-2014,Kenyon Martin,"$884,293"
1230,2013-2014,Mike Miller,"$884,293"
1231,2013-2014,Nazr Mohammed,"$884,293"
1232,2013-2014,E'Twaun Moore,"$884,293"
1233,2013-2014,Greg Oden,"$884,293"
1234,2013-2014,Jannero Pargo,"$884,293"
1235,2013-2014,Donald Sloan,"$884,293"
1236,2013-2014,Julyan Stone,"$884,293"
1237,2013-2014,Garrett Temple,"$884,293"
1238,2013-2014,Isaiah Thomas,"$884,293"
1239,2013-2014,Anthony Tolliver,"$884,293"
1240,2013-2014,P.J. Tucker,"$884,293"
1241,2013-2014,Beno Udrih,"$884,293"
1242,2013-2014,Earl Watson,"$884,293"
1243,2013-2014,Draymond Green,"$875,500"
1244,2013-2014,Allen Crabbe,"$825,000"
1245,2013-2014,Elliot Williams,"$797,545"
1246,2013-2014,Quincy Acy,"$788,872"
1247,2013-2014,Will Barton,"$788,872"
1248,2013-2014,Aron Baynes,"$788,872"
1249,2013-2014,Kent Bazemore,"$788,872"
1250,2013-2014,Patrick Beverley,"$788,872"
1251,2013-2014,Jae Crowder,"$788,872"
1252,2013-2014,Bernard James,"$788,872"
1253,2013-2014,Doron Lamb,"$788,872"
1254,2013-2014,Khris Middleton,"$788,872"
1255,2013-2014,Darius Miller,"$788,872"
1256,2013-2014,Quincy Miller,"$788,872"
1257,2013-2014,Kyle O'Quinn,"$788,872"
1258,2013-2014,Brian Roberts,"$788,872"
1259,2013-2014,Robert Sacre,"$788,872"
1260,2013-2014,Mike Scott,"$788,872"
1261,2013-2014,Henry Sims,"$788,872"
1262,2013-2014,Jeff Taylor,"$788,872"
1263,2013-2014,Hedo Turkoglu,"$749,148"
1264,2013-2014,Andre Roberson,"$740,560"
1265,2013-2014,Diante Garrett,"$719,266"
1266,2013-2014,Chris Douglas-Roberts,"$708,142"
1267,2013-2014,Malcolm Thomas,"$702,233"
1268,2013-2014,Dwight Buycks,"$700,000"
1269,2013-2014,D.J. Augustin,"$650,215"
1270,2013-2014,Alexis Ajinca,"$635,880"
1271,2013-2014,James Johnson,"$634,610"
1272,2013-2014,Isaiah Canaan,"$570,515"
1273,2013-2014,Jeremy Tyler,"$556,584"
1274,2013-2014,Kendall Marshall,"$547,570"
1275,2013-2014,Ricky Ledo,"$544,000"
1276,2013-2014,Jamaal Franklin,"$535,000"
1277,2013-2014,Ray McCallum,"$524,616"
1278,2013-2014,Carrick Felix,"$510,000"
1279,2013-2014,Tony Mitchell,"$500,000"
1280,2013-2014,Nate Wolters,"$500,000"
1281,2013-2014,Nick Calathes,"$490,180"
1282,2013-2014,Dionte Christmas,"$490,180"
1283,2013-2014,Ian Clark,"$490,180"
1284,2013-2014,Robert Covington,"$490,180"
1285,2013-2014,Brandon Davies,"$490,180"
1286,2013-2014,Matthew Dellavedova,"$490,180"
1287,2013-2014,Robbie Hummel,"$490,180"
1288,2013-2014,Ryan Kelly,"$490,180"
1289,2013-2014,Ognjen Kuzmic,"$490,180"
1290,2013-2014,Gal Mekel,"$490,180"
1291,2013-2014,Erik Murphy,"$490,180"
1292,2013-2014,Toure Murry,"$490,180"
1293,2013-2014,Phil Pressey,"$490,180"
1294,2013-2014,Glen Rice Jr.,"$490,180"
1295,2013-2014,Peyton Siva,"$490,180"
1296,2013-2014,Hollis Thompson,"$490,180"
1297,2013-2014,Jeff Withey,"$490,180"
1298,2013-2014,Leandro Barbosa,"$410,936"
1299,2013-2014,Luke Babbitt,"$387,995"
1300,2013-2014,Danny Granger,"$357,452"
1301,2013-2014,Glen Davis,"$338,594"
1302,2013-2014,Cartier Martin,"$332,402"
1303,2013-2014,Christapher Johnson,"$320,189"
1304,2013-2014,Shavlik Randolph,"$306,037"
1305,2013-2014,Dewayne Dedmon,"$300,000"
1306,2013-2014,Jason Collins,"$271,669"
1307,2013-2014,Jimmer Fredette,"$239,279"
1308,2013-2014,Shannon Brown,"$195,417"
1309,2013-2014,Jarvis Varnado,"$171,696"
1310,2013-2014,Mike Muscala,"$161,471"
1311,2013-2014,Troy Daniels,"$158,588"
1312,2013-2014,Drew Gooden,"$156,052"
1313,2013-2014,Willie Reed,"$102,089"
1314,2013-2014,Justin Hamilton,"$98,036"
1315,2013-2014,Chris Babb,"$77,852"
1316,2013-2014,Ronnie Brewer,"$69,792"
1317,2013-2014,Jorge Gutierrez,"$57,668"
1318,2013-2014,Mike James,"$57,627"
1319,2013-2014,Louis Amundson,"$48,854"
1320,2013-2014,Othyus Jeffers,"$46,816"
1321,2013-2014,Hilton Armstrong,"$41,614"
1322,2013-2014,Dexter Pittman,"$37,722"
1323,2013-2014,D.J. White,"$36,412"
1324,2013-2014,Jared Cunningham,"$32,483"
1325,2013-2014,Melvin Ely,"$29,788"
1326,2013-2014,Grant Jerrett,"$28,834"
1327,2013-2014,Damion James,"$20,807"
1328,2013-2014,James Southerland,"$20,184"
1329,2013-2014,Greg Smith,"$15,605"
1330,2013-2014,Josh Powell,"$13,958"
1331,2013-2014,Chris Wright,"$9,281"
1332,2013-2014,Casper Ware,"$8,650"
1333,2013-2014,Lamar Odom,"$8,232"
1334,2014-2015,Kobe Bryant,"$23,500,000"
1335,2014-2015,Joe Johnson,"$23,180,790"
1336,2014-2015,Carmelo Anthony,"$22,458,401"
1337,2014-2015,Dwight Howard,"$21,436,271"
1338,2014-2015,Chris Bosh,"$20,644,400"
1339,2014-2015,LeBron James,"$20,644,400"
1340,2014-2015,Chris Paul,"$20,068,563"
1341,2014-2015,Deron Williams,"$19,754,465"
1342,2014-2015,Rudy Gay,"$19,317,326"
1343,2014-2015,Kevin Durant,"$18,995,624"
1344,2014-2015,Derrick Rose,"$18,862,876"
1345,2014-2015,Blake Griffin,"$17,674,613"
1346,2014-2015,Zach Randolph,"$16,500,000"
1347,2014-2015,LaMarcus Aldridge,"$16,256,000"
1348,2014-2015,Paul George,"$15,925,680"
1349,2014-2015,Marc Gasol,"$15,829,688"
1350,2014-2015,Brook Lopez,"$15,719,063"
1351,2014-2015,Kevin Love,"$15,719,063"
1352,2014-2015,Russell Westbrook,"$15,719,062"
1353,2014-2015,David Lee,"$15,012,000"
1354,2014-2015,Dwyane Wade,"$15,000,000"
1355,2014-2015,Eric Gordon,"$14,898,938"
1356,2014-2015,Roy Hibbert,"$14,898,938"
1357,2014-2015,Tyson Chandler,"$14,846,887"
1358,2014-2015,DeMarcus Cousins,"$14,746,000"
1359,2014-2015,Gordon Hayward,"$14,746,000"
1360,2014-2015,John Wall,"$14,746,000"
1361,2014-2015,James Harden,"$14,728,844"
1362,2014-2015,Chandler Parsons,"$14,700,000"
1363,2014-2015,Al Jefferson,"$13,500,000"
1364,2014-2015,Eric Bledsoe,"$13,000,000"
1365,2014-2015,Nene Hilario,"$13,000,000"
1366,2014-2015,Andrew Bogut,"$12,972,973"
1367,2014-2015,Derrick Favors,"$12,950,000"
1368,2014-2015,Rajon Rondo,"$12,909,090"
1369,2014-2015,Joakim Noah,"$12,700,000"
1370,2014-2015,Nicolas Batum,"$12,655,057"
1371,2014-2015,Tony Parker,"$12,500,000"
1372,2014-2015,Serge Ibaka,"$12,350,000"
1373,2014-2015,Andre Iguodala,"$12,289,544"
1374,2014-2015,Nikola Pekovic,"$12,100,000"
1375,2014-2015,Kevin Garnett,"$12,000,000"
1376,2014-2015,Al Horford,"$12,000,000"
1377,2014-2015,Kyle Lowry,"$12,000,000"
1378,2014-2015,David West,"$12,000,000"
1379,2014-2015,Ty Lawson,"$11,595,506"
1380,2014-2015,Andrea Bargnani,"$11,500,000"
1381,2014-2015,DeAndre Jordan,"$11,440,123"
1382,2014-2015,Tyreke Evans,"$11,265,416"
1383,2014-2015,Danilo Gallinari,"$10,854,850"
1384,2014-2015,Stephen Curry,"$10,629,213"
1385,2014-2015,Marcin Gortat,"$10,434,782"
1386,2014-2015,Tim Duncan,"$10,361,446"
1387,2014-2015,Gerald Wallace,"$10,105,855"
1388,2014-2015,DeMar DeRozan,"$10,100,000"
1389,2014-2015,Jrue Holiday,"$9,904,495"
1390,2014-2015,Luol Deng,"$9,714,461"
1391,2014-2015,Anderson Varejao,"$9,704,545"
1392,2014-2015,Thaddeus Young,"$9,660,869"
1393,2014-2015,Paul Millsap,"$9,500,000"
1394,2014-2015,Tiago Splitter,"$9,250,000"
1395,2014-2015,Jeff Green,"$9,200,000"
1396,2014-2015,Jordan Hill,"$9,000,000"
1397,2014-2015,Lance Stephenson,"$9,000,000"
1398,2014-2015,Mike Conley,"$8,694,216"
1399,2014-2015,Trevor Ariza,"$8,579,089"
1400,2014-2015,Channing Frye,"$8,579,088"
1401,2014-2015,Marcus Thornton,"$8,575,000"
1402,2014-2015,Ryan Anderson,"$8,491,500"
1403,2014-2015,Omer Asik,"$8,374,646"
1404,2014-2015,Jeremy Lin,"$8,374,646"
1405,2014-2015,Monta Ellis,"$8,360,000"
1406,2014-2015,Boris Diaw,"$8,000,000"
1407,2014-2015,Taj Gibson,"$8,000,000"
1408,2014-2015,George Hill,"$8,000,000"
1409,2014-2015,Brandon Jennings,"$8,000,000"
1410,2014-2015,O.J. Mayo,"$8,000,000"
1411,2014-2015,Jeff Teague,"$8,000,000"
1412,2014-2015,Dirk Nowitzki,"$7,974,482"
1413,2014-2015,Ersan Ilyasova,"$7,900,000"
1414,2014-2015,Arron Afflalo,"$7,750,000"
1415,2014-2015,Tayshaun Prince,"$7,707,865"
1416,2014-2015,Goran Dragic,"$7,500,000"
1417,2014-2015,Wesley Matthews,"$7,245,640"
1418,2014-2015,Isaiah Thomas,"$7,238,606"
1419,2014-2015,Avery Bradley,"$7,191,011"
1420,2014-2015,Pau Gasol,"$7,128,000"
1421,2014-2015,Jose Calderon,"$7,097,191"
1422,2014-2015,Kyrie Irving,"$7,070,730"
1423,2014-2015,Manu Ginobili,"$7,000,000"
1424,2014-2015,Amir Johnson,"$7,000,000"
1425,2014-2015,Marvin Williams,"$7,000,000"
1426,2014-2015,Brandon Bass,"$6,900,000"
1427,2014-2015,Kevin Martin,"$6,792,500"
1428,2014-2015,J.J. Redick,"$6,792,500"
1429,2014-2015,Wilson Chandler,"$6,757,913"
1430,2014-2015,Jason Richardson,"$6,601,125"
1431,2014-2015,J.R. Smith,"$6,515,510"
1432,2014-2015,Carl Landry,"$6,500,000"
1433,2014-2015,Greivis Vasquez,"$6,400,000"
1434,2014-2015,Derrick Williams,"$6,331,404"
1435,2014-2015,Jarrett Jack,"$6,300,000"
1436,2014-2015,Kyle Korver,"$6,253,521"
1437,2014-2015,Landry Fields,"$6,250,000"
1438,2014-2015,Robin Lopez,"$6,124,729"
1439,2014-2015,Jason Thompson,"$6,037,500"
1440,2014-2015,Gerald Henderson,"$6,000,000"
1441,2014-2015,Jodie Meeks,"$6,000,000"
1442,2014-2015,Chuck Hayes,"$5,958,750"
1443,2014-2015,Spencer Hawes,"$5,871,309"
1444,2014-2015,Jason Terry,"$5,850,313"
1445,2014-2015,Patrick Patterson,"$5,831,326"
1446,2014-2015,P.J. Tucker,"$5,700,000"
1447,2014-2015,Enes Freedom,"$5,694,674"
1448,2014-2015,Anthony Davis,"$5,607,240"
1449,2014-2015,Anthony Bennett,"$5,563,920"
1450,2014-2015,Andrew Wiggins,"$5,510,640"
1451,2014-2015,Greg Monroe,"$5,479,933"
1452,2014-2015,Jamal Crawford,"$5,450,000"
1453,2014-2015,Courtney Lee,"$5,450,000"
1454,2014-2015,Louis Williams,"$5,450,000"
1455,2014-2015,J.J Hickson,"$5,381,750"
1456,2014-2015,Martell Webster,"$5,381,750"
1457,2014-2015,Chris Andersen,"$5,375,000"
1458,2014-2015,Shaun Livingston,"$5,305,000"
1459,2014-2015,Josh McRoberts,"$5,305,000"
1460,2014-2015,Nikola Mirotic,"$5,305,000"
1461,2014-2015,Paul Pierce,"$5,305,000"
1462,2014-2015,Zaza Pachulia,"$5,200,000"
1463,2014-2015,Tristan Thompson,"$5,138,430"
1464,2014-2015,Michael Kidd-Gilchrist,"$5,016,960"
1465,2014-2015,Trevor Booker,"$5,000,000"
1466,2014-2015,Chase Budinger,"$5,000,000"
1467,2014-2015,Brandan Wright,"$5,000,000"
1468,2014-2015,Nick Young,"$4,994,420"
1469,2014-2015,Victor Oladipo,"$4,978,200"
1470,2014-2015,Jabari Parker,"$4,930,560"
1471,2014-2015,Luis Scola,"$4,868,499"
1472,2014-2015,Tony Allen,"$4,831,461"
1473,2014-2015,Chris Kaman,"$4,800,000"
1474,2014-2015,Darren Collison,"$4,797,664"
1475,2014-2015,Kostas Papanikolaou,"$4,797,664"
1476,2014-2015,Corey Brewer,"$4,702,500"
1477,2014-2015,Ricky Rubio,"$4,660,479"
1478,2014-2015,Timofey Mozgov,"$4,650,000"
1479,2014-2015,Andre Miller,"$4,625,000"
1480,2014-2015,Bradley Beal,"$4,505,280"
1481,2014-2015,Caron Butler,"$4,500,000"
1482,2014-2015,Ben Gordon,"$4,500,000"
1483,2014-2015,Jonas Jerebko,"$4,500,000"
1484,2014-2015,Otto Porter Jr.,"$4,470,480"
1485,2014-2015,Joel Embiid,"$4,427,640"
1486,2014-2015,Luc Richard Mbah a Moute,"$4,382,576"
1487,2014-2015,Jared Dudley,"$4,250,000"
1488,2014-2015,Kris Humphries,"$4,250,000"
1489,2014-2015,C.J. Miles,"$4,205,000"
1490,2014-2015,Thabo Sefolosha,"$4,150,000"
1491,2014-2015,Dion Waiters,"$4,062,000"
1492,2014-2015,Cody Zeller,"$4,030,560"
1493,2014-2015,Danny Green,"$4,025,000"
1494,2014-2015,Mario Chalmers,"$4,000,000"
1495,2014-2015,Ian Mahinmi,"$4,000,000"
1496,2014-2015,Travis Outlaw,"$4,000,000"
1497,2014-2015,Aaron Gordon,"$3,992,040"
1498,2014-2015,Mo Williams,"$3,965,074"
1499,2014-2015,Vince Carter,"$3,911,981"
1500,2014-2015,Kevin Seraphin,"$3,898,691"
1501,2014-2015,Devin Harris,"$3,878,896"
1502,2014-2015,Bismack Biyombo,"$3,873,398"
1503,2014-2015,Patty Mills,"$3,842,105"
1504,2014-2015,Joel Anthony,"$3,800,000"
1505,2014-2015,Raymond Felton,"$3,793,693"
1506,2014-2015,Thomas Robinson,"$3,678,360"
1507,2014-2015,Jonas Valanciunas,"$3,678,360"
1508,2014-2015,Marreese Speights,"$3,657,500"
1509,2014-2015,Alex Len,"$3,649,920"
1510,2014-2015,Dante Exum,"$3,615,000"
1511,2014-2015,Brandon Knight,"$3,553,917"
1512,2014-2015,Gerald Green,"$3,500,000"
1513,2014-2015,Darrell Arthur,"$3,457,149"
1514,2014-2015,Steve Novak,"$3,445,947"
1515,2014-2015,Matt Barnes,"$3,396,250"
1516,2014-2015,Mirza Teletovic,"$3,368,100"
1517,2014-2015,Damian Lillard,"$3,340,920"
1518,2014-2015,Mike Scott,"$3,333,333"
1519,2014-2015,Mike Dunleavy,"$3,326,235"
1520,2014-2015,Tyler Hansbrough,"$3,326,235"
1521,2014-2015,Nerlens Noel,"$3,315,120"
1522,2014-2015,Marcus Smart,"$3,283,320"
1523,2014-2015,Alexey Shved,"$3,282,056"
1524,2014-2015,Bojan Bogdanovic,"$3,278,000"
1525,2014-2015,Jason Smith,"$3,278,000"
1526,2014-2015,Evan Turner,"$3,278,000"
1527,2014-2015,Kemba Walker,"$3,272,091"
1528,2014-2015,Carlos Boozer,"$3,251,000"
1529,2014-2015,Gary Neal,"$3,250,000"
1530,2014-2015,Anthony Morrow,"$3,200,000"
1531,2014-2015,Quincy Pondexter,"$3,146,068"
1532,2014-2015,Chris Copeland,"$3,135,000"
1533,2014-2015,Dorell Wright,"$3,135,000"
1534,2014-2015,Klay Thompson,"$3,075,880"
1535,2014-2015,Harrison Barnes,"$3,049,920"
1536,2014-2015,Alec Burks,"$3,034,356"
1537,2014-2015,Ben McLemore,"$3,026,280"
1538,2014-2015,Joel Freeland,"$3,013,512"
1539,2014-2015,D.J. Augustin,"$3,000,000"
1540,2014-2015,Jerryd Bayless,"$3,000,000"
1541,2014-2015,Randy Foye,"$3,000,000"
1542,2014-2015,Kosta Koufos,"$3,000,000"
1543,2014-2015,Anthony Tolliver,"$3,000,000"
1544,2014-2015,Julius Randle,"$2,997,360"
1545,2014-2015,Markieff Morris,"$2,989,239"
1546,2014-2015,Furkan Aldemir,"$2,963,232"
1547,2014-2015,Marcus Morris Sr.,"$2,943,221"
1548,2014-2015,Kawhi Leonard,"$2,894,059"
1549,2014-2015,Marco Belinelli,"$2,873,750"
1550,2014-2015,Terrence Ross,"$2,793,960"
1551,2014-2015,Kentavious Caldwell-Pope,"$2,772,480"
1552,2014-2015,Nikola Vucevic,"$2,751,260"
1553,2014-2015,Luke Ridnour,"$2,750,000"
1554,2014-2015,Nik Stauskas,"$2,745,840"
1555,2014-2015,Udonis Haslem,"$2,732,000"
1556,2014-2015,Kirk Hinrich,"$2,732,000"
1557,2014-2015,Mike Miller,"$2,732,000"
1558,2014-2015,Jameer Nelson,"$2,732,000"
1559,2014-2015,Brian Roberts,"$2,732,000"
1560,2014-2015,Iman Shumpert,"$2,616,975"
1561,2014-2015,Andre Drummond,"$2,568,360"
1562,2014-2015,Trey Burke,"$2,548,560"
1563,2014-2015,Noah Vonleh,"$2,524,200"
1564,2014-2015,James Johnson,"$2,500,000"
1565,2014-2015,DeMarre Carroll,"$2,442,455"
1566,2014-2015,Austin Rivers,"$2,439,840"
1567,2014-2015,Shelvin Mack,"$2,433,333"
1568,2014-2015,C.J. McCollum,"$2,421,000"
1569,2014-2015,Elfrid Payton,"$2,397,840"
1570,2014-2015,Tobias Harris,"$2,380,594"
1571,2014-2015,Meyers Leonard,"$2,317,920"
1572,2014-2015,Michael Carter-Williams,"$2,300,040"
1573,2014-2015,Doug McDermott,"$2,277,960"
1574,2014-2015,Kenneth Faried,"$2,249,768"
1575,2014-2015,Nick Collison,"$2,242,003"
1576,2014-2015,Brendan Haywood,"$2,213,688"
1577,2014-2015,Reggie Jackson,"$2,204,370"
1578,2014-2015,Jeremy Lamb,"$2,202,000"
1579,2014-2015,Steven Adams,"$2,184,960"
1580,2014-2015,Aron Baynes,"$2,077,000"
1581,2014-2015,Steve Blake,"$2,077,000"
1582,2014-2015,Danny Granger,"$2,077,000"
1583,2014-2015,Ramon Sessions,"$2,077,000"
1584,2014-2015,Josh Smith,"$2,077,000"
1585,2014-2015,Beno Udrih,"$2,077,000"
1586,2014-2015,C.J. Watson,"$2,077,000"
1587,2014-2015,Kelly Olynyk,"$2,075,760"
1588,2014-2015,Zach LaVine,"$2,055,840"
1589,2014-2015,Norris Cole,"$2,038,206"
1590,2014-2015,Cory Joseph,"$2,023,261"
1591,2014-2015,Jimmy Butler,"$2,008,748"
1592,2014-2015,Kent Bazemore,"$2,000,000"
1593,2014-2015,DeJaun Blair,"$2,000,000"
1594,2014-2015,Elton Brand,"$2,000,000"
1595,2014-2015,Shabazz Muhammad,"$1,971,960"
1596,2014-2015,John Henson,"$1,967,320"
1597,2014-2015,T.J. Warren,"$1,953,120"
1598,2014-2015,Maurice Harkless,"$1,887,840"
1599,2014-2015,Giannis Antetokounmpo,"$1,873,200"
1600,2014-2015,Adreian Payne,"$1,855,320"
1601,2014-2015,Jeff Ayres,"$1,828,750"
1602,2014-2015,Jeremy Evans,"$1,794,871"
1603,2014-2015,Joffrey Lauvergne,"$1,790,281"
1604,2014-2015,Reggie Evans,"$1,768,653"
1605,2014-2015,Lucas Nogueira,"$1,762,680"
1606,2014-2015,Jusuf Nurkic,"$1,762,680"
1607,2014-2015,Luigi Datome,"$1,750,000"
1608,2014-2015,Zoran Dragic,"$1,706,250"
1609,2014-2015,Tyler Zeller,"$1,703,760"
1610,2014-2015,Dennis Schröder,"$1,690,680"
1611,2014-2015,James Young,"$1,674,480"
1612,2014-2015,Pablo Prigioni,"$1,662,961"
1613,2014-2015,Ryan Kelly,"$1,650,000"
1614,2014-2015,Terrence Jones,"$1,618,680"
1615,2014-2015,Shane Larkin,"$1,606,080"
1616,2014-2015,Tyler Ennis,"$1,590,720"
1617,2014-2015,Andrew Nicholson,"$1,545,840"
1618,2014-2015,Sergey Karasev,"$1,533,840"
1619,2014-2015,Gary Harris,"$1,519,200"
1620,2014-2015,Ronny Turiaf,"$1,500,000"
1621,2014-2015,Evan Fournier,"$1,483,920"
1622,2014-2015,Donatas Motiejunas,"$1,483,920"
1623,2014-2015,Tony Snell,"$1,472,400"
1624,2014-2015,Bruno Caboclo,"$1,458,360"
1625,2014-2015,Willie Green,"$1,448,490"
1626,2014-2015,Jared Sullinger,"$1,424,520"
1627,2014-2015,Gorgui Dieng,"$1,413,480"
1628,2014-2015,Mitch McGary,"$1,400,040"
1629,2014-2015,Mason Plumlee,"$1,357,080"
1630,2014-2015,Jordan Adams,"$1,344,120"
1631,2014-2015,John Jenkins,"$1,312,920"
1632,2014-2015,Solomon Hill,"$1,302,840"
1633,2014-2015,Rodney Hood,"$1,290,360"
1634,2014-2015,Alan Anderson,"$1,276,061"
1635,2014-2015,Tim Hardaway Jr.,"$1,250,640"
1636,2014-2015,Pero Antic,"$1,250,000"
1637,2014-2015,Shabazz Napier,"$1,238,640"
1638,2014-2015,Shawne Williams,"$1,227,985"
1639,2014-2015,Tony Wroten Jr.,"$1,210,080"
1640,2014-2015,Reggie Bullock,"$1,200,720"
1641,2014-2015,Clint Capela,"$1,189,200"
1642,2014-2015,Miles Plumlee,"$1,169,880"
1643,2014-2015,Andre Roberson,"$1,160,880"
1644,2014-2015,P.J. Hairston,"$1,149,720"
1645,2014-2015,Cartier Martin,"$1,145,686"
1646,2014-2015,Brandon Rush,"$1,145,685"
1647,2014-2015,Perry Jones III,"$1,129,200"
1648,2014-2015,Rudy Gobert,"$1,127,400"
1649,2014-2015,Festus Ezeli,"$1,112,880"
1650,2014-2015,Archie Goodwin,"$1,112,280"
1651,2014-2015,C.J. Wilcox,"$1,109,760"
1652,2014-2015,Damjan Rudez,"$1,100,000"
1653,2014-2015,Kyle Anderson,"$1,093,680"
1654,2014-2015,Kyle Singler,"$1,090,000"
1655,2014-2015,Robert Covington,"$1,000,000"
1656,2014-2015,Alexis Ajinca,"$981,084"
1657,2014-2015,Al-Farouq Aminu,"$981,084"
1658,2014-2015,Luke Babbitt,"$981,084"
1659,2014-2015,Ed Davis,"$981,084"
1660,2014-2015,Garrett Temple,"$981,084"
1661,2014-2015,Jon Leuer,"$967,500"
1662,2014-2015,Joey Dorsey,"$948,163"
1663,2014-2015,E'Twaun Moore,"$948,163"
1664,2014-2015,Donald Sloan,"$948,163"
1665,2014-2015,Greg Smith,"$948,163"
1666,2014-2015,Quincy Acy,"$915,243"
1667,2014-2015,Cole Aldrich,"$915,243"
1668,2014-2015,LaVoy Allen,"$915,243"
1669,2014-2015,Leandro Barbosa,"$915,243"
1670,2014-2015,Will Barton,"$915,243"
1671,2014-2015,Patrick Beverley,"$915,243"
1672,2014-2015,Matt Bonner,"$915,243"
1673,2014-2015,Aaron Brooks,"$915,243"
1674,2014-2015,Rasual Butler,"$915,243"
1675,2014-2015,Omri Casspi,"$915,243"
1676,2014-2015,Jae Crowder,"$915,243"
1677,2014-2015,Glen Davis,"$915,243"
1678,2014-2015,Wayne Ellington,"$915,243"
1679,2014-2015,Jimmer Fredette,"$915,243"
1680,2014-2015,Alonzo Gee,"$915,243"
1681,2014-2015,Drew Gooden,"$915,243"
1682,2014-2015,Draymond Green,"$915,243"
1683,2014-2015,Ryan Hollins,"$915,243"
1684,2014-2015,Richard Jefferson,"$915,243"
1685,2014-2015,Wesley Johnson,"$915,243"
1686,2014-2015,James Jones,"$915,243"
1687,2014-2015,Shawn Marion,"$915,243"
1688,2014-2015,Jason Maxiell,"$915,243"
1689,2014-2015,Khris Middleton,"$915,243"
1690,2014-2015,Nazr Mohammed,"$915,243"
1691,2014-2015,Kyle O'Quinn,"$915,243"
1692,2014-2015,Ronnie Price,"$915,243"
1693,2014-2015,Robert Sacre,"$915,243"
1694,2014-2015,Henry Sims,"$915,243"
1695,2014-2015,Greg Stiemsma,"$915,243"
1696,2014-2015,Rodney Stuckey,"$915,243"
1697,2014-2015,Jeff Taylor,"$915,243"
1698,2014-2015,Hedo Turkoglu,"$915,243"
1699,2014-2015,Ekpe Udoh,"$915,243"
1700,2014-2015,Charlie Villanueva,"$915,243"
1701,2014-2015,Jose Barea,"$909,859"
1702,2014-2015,Jerami Grant,"$884,879"
1703,2014-2015,Joe Harris,"$884,879"
1704,2014-2015,Roy Devyn Marble,"$884,879"
1705,2014-2015,Robbie Hummel,"$880,000"
1706,2014-2015,Allen Crabbe,"$862,000"
1707,2014-2015,Ishmael Smith,"$861,405"
1708,2014-2015,Damien Inglis,"$820,000"
1709,2014-2015,Nick Calathes,"$816,482"
1710,2014-2015,Isaiah Canaan,"$816,482"
1711,2014-2015,Ian Clark,"$816,482"
1712,2014-2015,Troy Daniels,"$816,482"
1713,2014-2015,Dewayne Dedmon,"$816,482"
1714,2014-2015,Matthew Dellavedova,"$816,482"
1715,2014-2015,Justin Hamilton,"$816,482"
1716,2014-2015,Justin Holiday,"$816,482"
1717,2014-2015,Grant Jerrett,"$816,482"
1718,2014-2015,Jerome Jordan,"$816,482"
1719,2014-2015,Ognjen Kuzmic,"$816,482"
1720,2014-2015,Ray McCallum,"$816,482"
1721,2014-2015,Mike Muscala,"$816,482"
1722,2014-2015,Phil Pressey,"$816,482"
1723,2014-2015,Hollis Thompson,"$816,482"
1724,2014-2015,Jeff Withey,"$816,482"
1725,2014-2015,Hassan Whiteside,"$769,881"
1726,2014-2015,Jarnell Stokes,"$725,000"
1727,2014-2015,Dante Cunningham,"$716,043"
1728,2014-2015,Darius Morris,"$702,756"
1729,2014-2015,Spencer Dinwiddie,"$700,000"
1730,2014-2015,Johnny O'Bryant,"$600,000"
1731,2014-2015,Cameron Bairstow,"$507,336"
1732,2014-2015,Tarik Black,"$507,336"
1733,2014-2015,Markel Brown,"$507,336"
1734,2014-2015,Jordan Clarkson,"$507,336"
1735,2014-2015,Cleanthony Early,"$507,336"
1736,2014-2015,James Ennis III,"$507,336"
1737,2014-2015,Erick Green,"$507,336"
1738,2014-2015,Joe Ingles,"$507,336"
1739,2014-2015,Cory Jefferson,"$507,336"
1740,2014-2015,Nick Johnson,"$507,336"
1741,2014-2015,K.J. McDaniels,"$507,336"
1742,2014-2015,Eric Moreland,"$507,336"
1743,2014-2015,Dwight Powell,"$507,336"
1744,2014-2015,Glenn Robinson III,"$507,336"
1745,2014-2015,JaKarr Sampson,"$507,336"
1746,2014-2015,Russ Smith,"$507,336"
1747,2014-2015,Travis Wear,"$507,336"
1748,2014-2015,Shayne Whittington,"$507,336"
1749,2014-2015,Louis Amundson,"$409,167"
1750,2014-2015,Lance Thomas,"$409,167"
1751,2014-2015,Dahntay Jones,"$387,632"
1752,2014-2015,Reggie Williams,"$344,036"
1753,2014-2015,Amar'e Stoudemire,"$306,876"
1754,2014-2015,Kendrick Perkins,"$274,573"
1755,2014-2015,John Lucas III,"$269,189"
1756,2014-2015,Lorenzo Brown,"$268,959"
1757,2014-2015,Elijah Millsap,"$241,731"
1758,2014-2015,Bernard James,"$236,886"
1759,2014-2015,Langston Galloway,"$235,762"
1760,2014-2015,Tyler Johnson,"$199,950"
1761,2014-2015,Henry Walker,"$196,217"
1762,2014-2015,Michael Beasley,"$195,440"
1763,2014-2015,Earl Barron,"$183,049"
1764,2014-2015,Quincy Miller,"$183,049"
1765,2014-2015,James McAdoo,"$167,122"
1766,2014-2015,Jordan Hamilton,"$150,591"
1767,2014-2015,Toney Douglas,"$143,870"
1768,2014-2015,JaMychal Green,"$134,295"
1769,2014-2015,Christapher Johnson,"$113,059"
1770,2014-2015,Bryce Cotton,"$92,514"
1771,2014-2015,Will Bynum,"$72,234"
1772,2014-2015,Jack Cooley,"$62,671"
1773,2014-2015,Earl Clark,"$62,552"
1774,2014-2015,Austin Daye,"$62,552"
1775,2014-2015,Tim Frazier,"$50,734"
1776,2014-2015,Chris Babb,"$48,028"
1777,2014-2015,Jabari Brown,"$44,765"
1778,2014-2015,Jorge Gutierrez,"$43,226"
1779,2014-2015,Arinze Onuaku,"$43,226"
1780,2014-2015,Ricky Ledo,"$38,423"
1781,2014-2015,Lester Hudson,"$27,887"
1782,2014-2015,Jerel McNeal,"$26,919"
1783,2014-2015,Jamaal Franklin,"$19,211"
1784,2014-2015,Vander Blue,"$14,409"
1785,2014-2015,David Stockton,"$11,937"
1786,2015-2016,Kobe Bryant,"$25,000,000"
1787,2015-2016,LeBron James,"$22,970,500"
1788,2015-2016,Carmelo Anthony,"$22,875,000"
1789,2015-2016,Dwight Howard,"$22,359,364"
1790,2015-2016,Chris Bosh,"$22,192,730"
1791,2015-2016,Chris Paul,"$21,468,696"
1792,2015-2016,Kevin Durant,"$20,158,622"
1793,2015-2016,Derrick Rose,"$20,093,064"
1794,2015-2016,Dwyane Wade,"$20,000,000"
1795,2015-2016,LaMarcus Aldridge,"$19,689,000"
1796,2015-2016,Marc Gasol,"$19,689,000"
1797,2015-2016,DeAndre Jordan,"$19,689,000"
1798,2015-2016,Brook Lopez,"$19,689,000"
1799,2015-2016,Kevin Love,"$19,689,000"
1800,2015-2016,Blake Griffin,"$18,907,725"
1801,2015-2016,Paul Millsap,"$18,671,659"
1802,2015-2016,Paul George,"$17,120,106"
1803,2015-2016,Russell Westbrook,"$16,744,218"
1804,2015-2016,Jimmy Butler,"$16,407,500"
1805,2015-2016,Enes Freedom,"$16,407,500"
1806,2015-2016,Kyrie Irving,"$16,407,500"
1807,2015-2016,Kawhi Leonard,"$16,407,500"
1808,2015-2016,Wesley Matthews,"$16,407,500"
1809,2015-2016,Greg Monroe,"$16,407,500"
1810,2015-2016,Tobias Harris,"$16,000,000"
1811,2015-2016,DeMarcus Cousins,"$15,851,950"
1812,2015-2016,John Wall,"$15,851,950"
1813,2015-2016,James Harden,"$15,756,438"
1814,2015-2016,Roy Hibbert,"$15,592,216"
1815,2015-2016,Eric Gordon,"$15,514,031"
1816,2015-2016,Klay Thompson,"$15,501,000"
1817,2015-2016,Gordon Hayward,"$15,409,570"
1818,2015-2016,Chandler Parsons,"$15,361,500"
1819,2015-2016,Goran Dragic,"$14,783,000"
1820,2015-2016,Khris Middleton,"$14,700,000"
1821,2015-2016,Draymond Green,"$14,260,870"
1822,2015-2016,Tristan Thompson,"$14,260,870"
1823,2015-2016,Danilo Gallinari,"$14,000,000"
1824,2015-2016,Reggie Jackson,"$13,913,043"
1825,2015-2016,Andrew Bogut,"$13,800,000"
1826,2015-2016,DeMarre Carroll,"$13,600,000"
1827,2015-2016,Eric Bledsoe,"$13,500,000"
1828,2015-2016,Al Jefferson,"$13,500,000"
1829,2015-2016,Brandon Knight,"$13,500,000"
1830,2015-2016,Tony Parker,"$13,437,500"
1831,2015-2016,Joakim Noah,"$13,400,000"
1832,2015-2016,Nicolas Batum,"$13,125,307"
1833,2015-2016,Tyson Chandler,"$13,000,000"
1834,2015-2016,Nene Hilario,"$13,000,000"
1835,2015-2016,Ricky Rubio,"$12,700,000"
1836,2015-2016,Robin Lopez,"$12,650,000"
1837,2015-2016,Rudy Gay,"$12,403,101"
1838,2015-2016,Serge Ibaka,"$12,250,000"
1839,2015-2016,Nikola Pekovic,"$12,100,000"
1840,2015-2016,Derrick Favors,"$12,000,000"
1841,2015-2016,Al Horford,"$12,000,000"
1842,2015-2016,Amir Johnson,"$12,000,000"
1843,2015-2016,Kyle Lowry,"$12,000,000"
1844,2015-2016,Kemba Walker,"$12,000,000"
1845,2015-2016,Andre Iguodala,"$11,710,456"
1846,2015-2016,Stephen Curry,"$11,370,786"
1847,2015-2016,Nikola Vucevic,"$11,250,000"
1848,2015-2016,Kenneth Faried,"$11,235,955"
1849,2015-2016,Thaddeus Young,"$11,235,955"
1850,2015-2016,Marcin Gortat,"$11,217,391"
1851,2015-2016,Tyreke Evans,"$10,734,586"
1852,2015-2016,Jrue Holiday,"$10,595,507"
1853,2015-2016,Wilson Chandler,"$10,449,438"
1854,2015-2016,Monta Ellis,"$10,300,000"
1855,2015-2016,Luol Deng,"$10,151,612"
1856,2015-2016,DeMar DeRozan,"$10,150,000"
1857,2015-2016,Danny Green,"$10,000,000"
1858,2015-2016,Zach Randolph,"$9,638,555"
1859,2015-2016,Mike Conley,"$9,588,426"
1860,2015-2016,Rajon Rondo,"$9,500,000"
1861,2015-2016,Alec Burks,"$9,463,484"
1862,2015-2016,Jeff Green,"$9,300,000"
1863,2015-2016,Omer Asik,"$9,213,483"
1864,2015-2016,Lance Stephenson,"$9,000,000"
1865,2015-2016,Iman Shumpert,"$8,988,764"
1866,2015-2016,Tiago Splitter,"$8,800,000"
1867,2015-2016,Ryan Anderson,"$8,500,000"
1868,2015-2016,Kevin Garnett,"$8,500,000"
1869,2015-2016,Taj Gibson,"$8,500,000"
1870,2015-2016,Brandon Jennings,"$8,344,497"
1871,2015-2016,Dirk Nowitzki,"$8,333,334"
1872,2015-2016,Corey Brewer,"$8,229,375"
1873,2015-2016,Trevor Ariza,"$8,193,030"
1874,2015-2016,Channing Frye,"$8,193,029"
1875,2015-2016,Al-Farouq Aminu,"$8,042,895"
1876,2015-2016,Arron Afflalo,"$8,000,000"
1877,2015-2016,George Hill,"$8,000,000"
1878,2015-2016,O.J. Mayo,"$8,000,000"
1879,2015-2016,Markieff Morris,"$8,000,000"
1880,2015-2016,Jeff Teague,"$8,000,000"
1881,2015-2016,Ersan Ilyasova,"$7,900,000"
1882,2015-2016,Avery Bradley,"$7,730,337"
1883,2015-2016,Kosta Koufos,"$7,700,000"
1884,2015-2016,Boris Diaw,"$7,500,000"
1885,2015-2016,Pau Gasol,"$7,448,760"
1886,2015-2016,Jose Calderon,"$7,402,812"
1887,2015-2016,J.J. Redick,"$7,085,000"
1888,2015-2016,Anthony Davis,"$7,070,730"
1889,2015-2016,Cory Joseph,"$7,000,000"
1890,2015-2016,Rodney Stuckey,"$7,000,000"
1891,2015-2016,Louis Williams,"$7,000,000"
1892,2015-2016,Marvin Williams,"$7,000,000"
1893,2015-2016,Ed Davis,"$6,980,802"
1894,2015-2016,Isaiah Thomas,"$6,912,869"
1895,2015-2016,Jae Crowder,"$6,796,117"
1896,2015-2016,Greivis Vasquez,"$6,600,000"
1897,2015-2016,Aron Baynes,"$6,500,000"
1898,2015-2016,Carl Landry,"$6,500,000"
1899,2015-2016,Patrick Beverley,"$6,486,486"
1900,2015-2016,Michael Kidd-Gilchrist,"$6,331,403"
1901,2015-2016,Jarrett Jack,"$6,300,000"
1902,2015-2016,Jodie Meeks,"$6,270,000"
1903,2015-2016,Patrick Patterson,"$6,268,675"
1904,2015-2016,Spencer Hawes,"$6,110,034"
1905,2015-2016,Marco Belinelli,"$6,060,606"
1906,2015-2016,Tim Duncan,"$6,000,000"
1907,2015-2016,Gerald Henderson,"$6,000,000"
1908,2015-2016,Andrew Wiggins,"$5,758,680"
1909,2015-2016,Kyle Korver,"$5,746,479"
1910,2015-2016,Karl-Anthony Towns,"$5,703,600"
1911,2015-2016,Bradley Beal,"$5,694,674"
1912,2015-2016,Jamal Crawford,"$5,675,000"
1913,2015-2016,Courtney Lee,"$5,675,000"
1914,2015-2016,Shaun Livingston,"$5,543,725"
1915,2015-2016,Josh McRoberts,"$5,543,725"
1916,2015-2016,Nikola Mirotic,"$5,543,725"
1917,2015-2016,Mirza Teletovic,"$5,500,000"
1918,2015-2016,P.J. Tucker,"$5,500,000"
1919,2015-2016,Brandan Wright,"$5,464,000"
1920,2015-2016,Deron Williams,"$5,378,974"
1921,2015-2016,Nick Young,"$5,219,169"
1922,2015-2016,Zaza Pachulia,"$5,200,000"
1923,2015-2016,Victor Oladipo,"$5,192,520"
1924,2015-2016,Tony Allen,"$5,168,539"
1925,2015-2016,Jabari Parker,"$5,152,440"
1926,2015-2016,Dion Waiters,"$5,138,430"
1927,2015-2016,D'Angelo Russell,"$5,103,120"
1928,2015-2016,Chris Kaman,"$5,016,000"
1929,2015-2016,Darren Collison,"$5,013,559"
1930,2015-2016,Chris Andersen,"$5,000,000"
1931,2015-2016,Jonas Jerebko,"$5,000,000"
1932,2015-2016,Marcus Morris Sr.,"$5,000,000"
1933,2015-2016,J.R. Smith,"$5,000,000"
1934,2015-2016,C.J. Watson,"$5,000,000"
1935,2015-2016,Timofey Mozgov,"$4,950,000"
1936,2015-2016,Trevor Booker,"$4,775,000"
1937,2015-2016,Otto Porter Jr.,"$4,662,960"
1938,2015-2016,Jonas Valanciunas,"$4,660,482"
1939,2015-2016,Joel Embiid,"$4,626,960"
1940,2015-2016,Jahlil Okafor,"$4,582,680"
1941,2015-2016,Mike Dunleavy,"$4,500,000"
1942,2015-2016,Kyle Singler,"$4,500,000"
1943,2015-2016,Derrick Williams,"$4,400,000"
1944,2015-2016,C.J. Miles,"$4,394,225"
1945,2015-2016,Alexis Ajinca,"$4,389,607"
1946,2015-2016,Jared Dudley,"$4,375,000"
1947,2015-2016,Jameer Nelson,"$4,345,000"
1948,2015-2016,Jason Smith,"$4,300,000"
1949,2015-2016,Jose Barea,"$4,290,000"
1950,2015-2016,Damian Lillard,"$4,236,286"
1951,2015-2016,Cody Zeller,"$4,204,200"
1952,2015-2016,Aaron Gordon,"$4,171,680"
1953,2015-2016,Kristaps Porzingis,"$4,131,720"
1954,2015-2016,Vince Carter,"$4,088,019"
1955,2015-2016,Devin Harris,"$4,053,446"
1956,2015-2016,LaVoy Allen,"$4,050,000"
1957,2015-2016,Alan Anderson,"$4,000,000"
1958,2015-2016,Jordan Hill,"$4,000,000"
1959,2015-2016,Ian Mahinmi,"$4,000,000"
1960,2015-2016,Thabo Sefolosha,"$4,000,000"
1961,2015-2016,Raymond Felton,"$3,950,313"
1962,2015-2016,Nemanja Bjelica,"$3,950,001"
1963,2015-2016,Harrison Barnes,"$3,873,398"
1964,2015-2016,Marreese Speights,"$3,815,000"
1965,2015-2016,Alex Len,"$3,807,120"
1966,2015-2016,Dante Exum,"$3,777,720"
1967,2015-2016,Nick Collison,"$3,750,000"
1968,2015-2016,Kyle O'Quinn,"$3,750,000"
1969,2015-2016,Mario Hezonja,"$3,741,480"
1970,2015-2016,Patty Mills,"$3,578,947"
1971,2015-2016,Terrence Ross,"$3,553,917"
1972,2015-2016,Matt Barnes,"$3,542,500"
1973,2015-2016,Will Barton,"$3,533,333"
1974,2015-2016,Nerlens Noel,"$3,457,800"
1975,2015-2016,Marcus Smart,"$3,431,040"
1976,2015-2016,Bojan Bogdanovic,"$3,425,510"
1977,2015-2016,Evan Turner,"$3,425,510"
1978,2015-2016,Willie Cauley-Stein,"$3,398,280"
1979,2015-2016,Quincy Pondexter,"$3,382,023"
1980,2015-2016,Paul Pierce,"$3,376,000"
1981,2015-2016,Anthony Morrow,"$3,344,000"
1982,2015-2016,Mike Scott,"$3,333,333"
1983,2015-2016,Drew Gooden,"$3,300,000"
1984,2015-2016,Andre Drummond,"$3,272,090"
1985,2015-2016,K.J. McDaniels,"$3,189,793"
1986,2015-2016,Ben McLemore,"$3,156,600"
1987,2015-2016,Randy Foye,"$3,135,000"
1988,2015-2016,Julius Randle,"$3,132,240"
1989,2015-2016,Austin Rivers,"$3,110,796"
1990,2015-2016,Emmanuel Mudiay,"$3,102,240"
1991,2015-2016,Meyers Leonard,"$3,075,879"
1992,2015-2016,Norris Cole,"$3,036,927"
1993,2015-2016,Jeremy Lamb,"$3,034,356"
1994,2015-2016,D.J. Augustin,"$3,000,000"
1995,2015-2016,Brandon Bass,"$3,000,000"
1996,2015-2016,Jerryd Bayless,"$3,000,000"
1997,2015-2016,Anthony Tolliver,"$3,000,000"
1998,2015-2016,Kirk Hinrich,"$2,996,008"
1999,2015-2016,John Henson,"$2,943,221"
2000,2015-2016,Tibor Pleiss,"$2,900,000"
2001,2015-2016,Luis Scola,"$2,900,000"
2002,2015-2016,Maurice Harkless,"$2,894,059"
2003,2015-2016,Kentavious Caldwell-Pope,"$2,891,760"
2004,2015-2016,Nik Stauskas,"$2,869,440"
2005,2015-2016,Udonis Haslem,"$2,854,940"
2006,2015-2016,Brian Roberts,"$2,854,940"
2007,2015-2016,Dante Cunningham,"$2,850,000"
2008,2015-2016,Stanley Johnson,"$2,841,960"
2009,2015-2016,Omri Casspi,"$2,836,186"
2010,2015-2016,Darrell Arthur,"$2,814,000"
2011,2015-2016,Bismack Biyombo,"$2,814,000"
2012,2015-2016,Manu Ginobili,"$2,814,000"
2013,2015-2016,Kevin Seraphin,"$2,814,000"
2014,2015-2016,Trey Burke,"$2,658,240"
2015,2015-2016,Noah Vonleh,"$2,637,720"
2016,2015-2016,Tyler Zeller,"$2,616,975"
2017,2015-2016,Frank Kaminsky,"$2,612,520"
2018,2015-2016,C.J. McCollum,"$2,525,160"
2019,2015-2016,Elfrid Payton,"$2,505,720"
2020,2015-2016,Joel Anthony,"$2,500,000"
2021,2015-2016,Leandro Barbosa,"$2,500,000"
2022,2015-2016,James Johnson,"$2,500,000"
2023,2015-2016,Terrence Jones,"$2,489,529"
2024,2015-2016,Justise Winslow,"$2,481,720"
2025,2015-2016,Shelvin Mack,"$2,433,333"
2026,2015-2016,Michael Carter-Williams,"$2,399,040"
2027,2015-2016,Andrew Nicholson,"$2,380,593"
2028,2015-2016,Doug McDermott,"$2,380,440"
2029,2015-2016,Myles Turner,"$2,357,760"
2030,2015-2016,Donatas Motiejunas,"$2,288,205"
2031,2015-2016,Evan Fournier,"$2,288,204"
2032,2015-2016,Steven Adams,"$2,279,040"
2033,2015-2016,Jared Sullinger,"$2,269,260"
2034,2015-2016,Aaron Brooks,"$2,250,000"
2035,2015-2016,Trey Lyles,"$2,239,800"
2036,2015-2016,Steve Blake,"$2,170,465"
2037,2015-2016,Ramon Sessions,"$2,170,465"
2038,2015-2016,Kelly Olynyk,"$2,165,160"
2039,2015-2016,Joe Ingles,"$2,150,000"
2040,2015-2016,Zach LaVine,"$2,148,360"
2041,2015-2016,Kendall Marshall,"$2,144,772"
2042,2015-2016,Jeremy Lin,"$2,139,000"
2043,2015-2016,Devin Booker,"$2,127,840"
2044,2015-2016,Miles Plumlee,"$2,109,293"
2045,2015-2016,Mo Williams,"$2,100,000"
2046,2015-2016,David Lee,"$2,085,671"
2047,2015-2016,Shabazz Muhammad,"$2,056,920"
2048,2015-2016,T.J. Warren,"$2,041,080"
2049,2015-2016,Cameron Payne,"$2,021,520"
2050,2015-2016,Festus Ezeli,"$2,008,748"
2051,2015-2016,Kent Bazemore,"$2,000,000"
2052,2015-2016,Giannis Antetokounmpo,"$1,953,960"
2053,2015-2016,Adreian Payne,"$1,938,840"
2054,2015-2016,Kelly Oubre Jr.,"$1,920,240"
2055,2015-2016,Lucas Nogueira,"$1,842,000"
2056,2015-2016,Jusuf Nurkic,"$1,842,000"
2057,2015-2016,Terry Rozier,"$1,824,360"
2058,2015-2016,Dennis Schröder,"$1,763,400"
2059,2015-2016,James Young,"$1,749,840"
2060,2015-2016,Rashad Vaughn,"$1,733,040"
2061,2015-2016,Ryan Kelly,"$1,724,250"
2062,2015-2016,Joffrey Lauvergne,"$1,709,719"
2063,2015-2016,Tyler Ennis,"$1,662,360"
2064,2015-2016,Sam Dekker,"$1,646,400"
2065,2015-2016,Lance Thomas,"$1,636,842"
2066,2015-2016,Louis Amundson,"$1,635,476"
2067,2015-2016,Sergey Karasev,"$1,599,840"
2068,2015-2016,Gary Harris,"$1,587,480"
2069,2015-2016,Jerian Grant,"$1,572,360"
2070,2015-2016,Tony Snell,"$1,535,880"
2071,2015-2016,Bruno Caboclo,"$1,524,000"
2072,2015-2016,Delon Wright,"$1,509,360"
2073,2015-2016,Wayne Ellington,"$1,500,000"
2074,2015-2016,Shane Larkin,"$1,500,000"
2075,2015-2016,Caron Butler,"$1,499,187"
2076,2015-2016,David West,"$1,499,187"
2077,2015-2016,Gorgui Dieng,"$1,474,440"
2078,2015-2016,Mitch McGary,"$1,463,040"
2079,2015-2016,Justin Anderson,"$1,449,000"
2080,2015-2016,Mason Plumlee,"$1,415,520"
2081,2015-2016,Jordan Adams,"$1,404,600"
2082,2015-2016,Bobby Portis,"$1,391,160"
2083,2015-2016,Solomon Hill,"$1,358,880"
2084,2015-2016,Rodney Hood,"$1,348,440"
2085,2015-2016,Rondae Hollis-Jefferson,"$1,335,480"
2086,2015-2016,Alonzo Gee,"$1,320,000"
2087,2015-2016,Tim Hardaway Jr.,"$1,304,520"
2088,2015-2016,Nikola Jokic,"$1,300,000"
2089,2015-2016,Shabazz Napier,"$1,294,440"
2090,2015-2016,Tyus Jones,"$1,282,080"
2091,2015-2016,Sasha Kaun,"$1,276,000"
2092,2015-2016,JaVale McGee,"$1,270,964"
2093,2015-2016,Brandon Rush,"$1,270,964"
2094,2015-2016,Reggie Bullock,"$1,252,440"
2095,2015-2016,Clint Capela,"$1,242,720"
2096,2015-2016,Jarell Martin,"$1,230,840"
2097,2015-2016,Andre Roberson,"$1,210,800"
2098,2015-2016,P.J. Hairston,"$1,201,440"
2099,2015-2016,Boban Marjanovic,"$1,200,000"
2100,2015-2016,Rudy Gobert,"$1,175,880"
2101,2015-2016,Jordan Mickey,"$1,170,960"
2102,2015-2016,Toney Douglas,"$1,164,858"
2103,2015-2016,Archie Goodwin,"$1,160,160"
2104,2015-2016,C.J. Wilcox,"$1,159,680"
2105,2015-2016,Larry Nance Jr.,"$1,155,600"
2106,2015-2016,Damjan Rudez,"$1,149,500"
2107,2015-2016,R.J. Hunter,"$1,148,640"
2108,2015-2016,Matthew Dellavedova,"$1,147,276"
2109,2015-2016,Kyle Anderson,"$1,142,880"
2110,2015-2016,Josh Huestis,"$1,140,240"
2111,2015-2016,Chris McCullough,"$1,140,240"
2112,2015-2016,Kevon Looney,"$1,131,960"
2113,2015-2016,Cole Aldrich,"$1,100,602"
2114,2015-2016,Luke Babbitt,"$1,100,602"
2115,2015-2016,Jeremy Evans,"$1,100,602"
2116,2015-2016,Wesley Johnson,"$1,100,602"
2117,2015-2016,Garrett Temple,"$1,100,602"
2118,2015-2016,Glenn Robinson III,"$1,100,000"
2119,2015-2016,Richaun Holmes,"$1,074,169"
2120,2015-2016,Jon Leuer,"$1,035,000"
2121,2015-2016,James Anderson,"$1,015,421"
2122,2015-2016,E'Twaun Moore,"$1,015,421"
2123,2015-2016,Rakeem Christmas,"$1,007,026"
2124,2015-2016,Joseph Young,"$1,007,026"
2125,2015-2016,Robert Covington,"$1,000,000"
2126,2015-2016,Montrezl Harrell,"$1,000,000"
2127,2015-2016,Walter Tavares,"$1,000,000"
2128,2015-2016,Quincy Acy,"$981,348"
2129,2015-2016,John Jenkins,"$981,348"
2130,2015-2016,Christapher Johnson,"$981,348"
2131,2015-2016,Thomas Robinson,"$981,348"
2132,2015-2016,Robert Sacre,"$981,348"
2133,2015-2016,Hassan Whiteside,"$981,348"
2134,2015-2016,Matt Bonner,"$947,276"
2135,2015-2016,Isaiah Canaan,"$947,276"
2136,2015-2016,Ian Clark,"$947,276"
2137,2015-2016,Allen Crabbe,"$947,276"
2138,2015-2016,Jared Cunningham,"$947,276"
2139,2015-2016,Seth Curry,"$947,276"
2140,2015-2016,Troy Daniels,"$947,276"
2141,2015-2016,Dewayne Dedmon,"$947,276"
2142,2015-2016,Gerald Green,"$947,276"
2143,2015-2016,Tyler Hansbrough,"$947,276"
2144,2015-2016,Justin Holiday,"$947,276"
2145,2015-2016,Richard Jefferson,"$947,276"
2146,2015-2016,James Jones,"$947,276"
2147,2015-2016,Luc Richard Mbah a Moute,"$947,276"
2148,2015-2016,Mike Miller,"$947,276"
2149,2015-2016,Mike Muscala,"$947,276"
2150,2015-2016,Kendrick Perkins,"$947,276"
2151,2015-2016,Ronnie Price,"$947,276"
2152,2015-2016,Pablo Prigioni,"$947,276"
2153,2015-2016,Tayshaun Prince,"$947,276"
2154,2015-2016,Willie Reed,"$947,276"
2155,2015-2016,Donald Sloan,"$947,276"
2156,2015-2016,Ishmael Smith,"$947,276"
2157,2015-2016,Josh Smith,"$947,276"
2158,2015-2016,Amar'e Stoudemire,"$947,276"
2159,2015-2016,Jason Terry,"$947,276"
2160,2015-2016,Hollis Thompson,"$947,276"
2161,2015-2016,Charlie Villanueva,"$947,276"
2162,2015-2016,Sasha Vujacic,"$947,276"
2163,2015-2016,Jeff Withey,"$947,276"
2164,2015-2016,Metta World Peace,"$947,276"
2165,2015-2016,Raul Neto,"$900,000"
2166,2015-2016,Damien Inglis,"$855,000"
2167,2015-2016,Cameron Bairstow,"$845,059"
2168,2015-2016,Tarik Black,"$845,059"
2169,2015-2016,Markel Brown,"$845,059"
2170,2015-2016,Jordan Clarkson,"$845,059"
2171,2015-2016,Spencer Dinwiddie,"$845,059"
2172,2015-2016,Cleanthony Early,"$845,059"
2173,2015-2016,Langston Galloway,"$845,059"
2174,2015-2016,Jerami Grant,"$845,059"
2175,2015-2016,JaMychal Green,"$845,059"
2176,2015-2016,Tyler Johnson,"$845,059"
2177,2015-2016,Roy Devyn Marble,"$845,059"
2178,2015-2016,James McAdoo,"$845,059"
2179,2015-2016,Eric Moreland,"$845,059"
2180,2015-2016,Johnny O'Bryant,"$845,059"
2181,2015-2016,Dwight Powell,"$845,059"
2182,2015-2016,Shayne Whittington,"$845,059"
2183,2015-2016,Anthony Brown,"$700,000"
2184,2015-2016,Norman Powell,"$650,000"
2185,2015-2016,Pat Connaughton,"$625,093"
2186,2015-2016,Darrun Hilliard II,"$600,000"
2187,2015-2016,Elton Brand,"$562,793"
2188,2015-2016,Jarell Eddie,"$561,716"
2189,2015-2016,Cliff Alexander,"$525,093"
2190,2015-2016,Brandon Dawson,"$525,093"
2191,2015-2016,Duje Dukan,"$525,093"
2192,2015-2016,Cristiano Felicio,"$525,093"
2193,2015-2016,Aaron Harrison,"$525,093"
2194,2015-2016,Marcelo Huertas,"$525,093"
2195,2015-2016,T.J. McConnell,"$525,093"
2196,2015-2016,Salah Mejri,"$525,093"
2197,2015-2016,Luis Montero,"$525,093"
2198,2015-2016,Lamar Patterson,"$525,093"
2199,2015-2016,Josh Richardson,"$525,093"
2200,2015-2016,Jonathon Simmons,"$525,093"
2201,2015-2016,Steve Novak,"$295,327"
2202,2015-2016,Anderson Varejao,"$289,755"
2203,2015-2016,J.J Hickson,"$273,038"
2204,2015-2016,Joe Johnson,"$261,894"
2205,2015-2016,JaKarr Sampson,"$258,489"
2206,2015-2016,Andre Miller,"$250,750"
2207,2015-2016,Kris Humphries,"$245,177"
2208,2015-2016,Jason Thompson,"$245,177"
2209,2015-2016,Michael Beasley,"$228,461"
2210,2015-2016,Nazr Mohammed,"$222,888"
2211,2015-2016,Sean Kilpatrick,"$221,176"
2212,2015-2016,Ty Lawson,"$211,744"
2213,2015-2016,Chase Budinger,"$206,172"
2214,2015-2016,Andrew Goudelock,"$200,600"
2215,2015-2016,Kevin Martin,"$200,600"
2216,2015-2016,Marcus Thornton,"$200,600"
2217,2015-2016,Jorge Gutierrez,"$189,455"
2218,2015-2016,Bryce Dejean-Jones,"$169,883"
2219,2015-2016,Jeff Ayres,"$161,594"
2220,2015-2016,Greg Smith,"$131,407"
2221,2015-2016,Jordan Farmar,"$119,660"
2222,2015-2016,Jordan McRae,"$111,196"
2223,2015-2016,Tim Frazier,"$94,448"
2224,2015-2016,Alan Williams,"$83,397"
2225,2015-2016,Axel Toupane,"$61,776"
2226,2015-2016,Jordan Hamilton,"$55,722"
2227,2015-2016,Henry Sims,"$44,578"
2228,2015-2016,James Ennis III,"$24,855"
2229,2015-2016,Xavier Munford,"$21,621"
2230,2015-2016,Christian Wood,"$21,621"
2231,2015-2016,Bryce Cotton,"$14,913"
2232,2015-2016,Briante Weber,"$12,355"
2233,2015-2016,Dorell Wright,"$11,144"
2234,2015-2016,John Holland,"$9,266"
2235,2015-2016,Dahntay Jones,"$8,819"
2236,2015-2016,Lorenzo Brown,"$5,572"
2237,2016-2017,LeBron James,"$30,963,450"
2238,2016-2017,Mike Conley,"$26,540,100"
2239,2016-2017,DeMar DeRozan,"$26,540,100"
2240,2016-2017,Kevin Durant,"$26,540,100"
2241,2016-2017,James Harden,"$26,540,100"
2242,2016-2017,Al Horford,"$26,540,100"
2243,2016-2017,Russell Westbrook,"$26,540,100"
2244,2016-2017,Dirk Nowitzki,"$25,000,000"
2245,2016-2017,Carmelo Anthony,"$24,559,380"
2246,2016-2017,Damian Lillard,"$24,328,425"
2247,2016-2017,Chris Bosh,"$23,741,060"
2248,2016-2017,Dwyane Wade,"$23,200,000"
2249,2016-2017,Chris Paul,"$23,199,328"
2250,2016-2017,Dwight Howard,"$23,180,275"
2251,2016-2017,Harrison Barnes,"$22,116,750"
2252,2016-2017,Bradley Beal,"$22,116,750"
2253,2016-2017,Anthony Davis,"$22,116,750"
2254,2016-2017,Andre Drummond,"$22,116,750"
2255,2016-2017,Chandler Parsons,"$22,116,750"
2256,2016-2017,Hassan Whiteside,"$22,116,750"
2257,2016-2017,Derrick Rose,"$21,323,252"
2258,2016-2017,Marc Gasol,"$21,165,675"
2259,2016-2017,DeAndre Jordan,"$21,165,675"
2260,2016-2017,Brook Lopez,"$21,165,675"
2261,2016-2017,Kevin Love,"$21,165,675"
2262,2016-2017,Nicolas Batum,"$20,869,565"
2263,2016-2017,LaMarcus Aldridge,"$20,575,005"
2264,2016-2017,Blake Griffin,"$20,140,838"
2265,2016-2017,Paul Millsap,"$20,072,033"
2266,2016-2017,Ryan Anderson,"$18,735,363"
2267,2016-2017,Allen Crabbe,"$18,500,000"
2268,2016-2017,Paul George,"$18,314,532"
2269,2016-2017,Jimmy Butler,"$18,156,361"
2270,2016-2017,Luol Deng,"$18,000,000"
2271,2016-2017,Kyrie Irving,"$17,638,063"
2272,2016-2017,Kawhi Leonard,"$17,638,063"
2273,2016-2017,Tobias Harris,"$17,200,000"
2274,2016-2017,Enes Freedom,"$17,145,838"
2275,2016-2017,Wesley Matthews,"$17,145,838"
2276,2016-2017,Greg Monroe,"$17,145,838"
2277,2016-2017,Bismack Biyombo,"$17,000,000"
2278,2016-2017,Evan Fournier,"$17,000,000"
2279,2016-2017,Joakim Noah,"$17,000,000"
2280,2016-2017,DeMarcus Cousins,"$16,957,900"
2281,2016-2017,John Wall,"$16,957,900"
2282,2016-2017,Klay Thompson,"$16,663,575"
2283,2016-2017,Evan Turner,"$16,393,443"
2284,2016-2017,Gordon Hayward,"$16,073,140"
2285,2016-2017,Timofey Mozgov,"$16,000,000"
2286,2016-2017,Ian Mahinmi,"$15,944,154"
2287,2016-2017,Goran Dragic,"$15,891,725"
2288,2016-2017,Kent Bazemore,"$15,730,338"
2289,2016-2017,Pau Gasol,"$15,500,000"
2290,2016-2017,Draymond Green,"$15,330,435"
2291,2016-2017,Tristan Thompson,"$15,330,435"
2292,2016-2017,Khris Middleton,"$15,200,000"
2293,2016-2017,Danilo Gallinari,"$15,050,000"
2294,2016-2017,Jeff Green,"$15,000,000"
2295,2016-2017,Reggie Jackson,"$14,956,522"
2296,2016-2017,Tony Parker,"$14,445,313"
2297,2016-2017,Jonas Valanciunas,"$14,382,022"
2298,2016-2017,DeMarre Carroll,"$14,200,000"
2299,2016-2017,Thaddeus Young,"$14,153,652"
2300,2016-2017,Eric Bledsoe,"$14,000,000"
2301,2016-2017,Manu Ginobili,"$14,000,000"
2302,2016-2017,Rajon Rondo,"$14,000,000"
2303,2016-2017,Ricky Rubio,"$13,575,000"
2304,2016-2017,Rudy Gay,"$13,333,333"
2305,2016-2017,Jamal Crawford,"$13,253,012"
2306,2016-2017,Robin Lopez,"$13,219,250"
2307,2016-2017,Michael Kidd-Gilchrist,"$13,000,000"
2308,2016-2017,J.R. Smith,"$12,800,000"
2309,2016-2017,Brandon Knight,"$12,606,250"
2310,2016-2017,Arron Afflalo,"$12,500,000"
2311,2016-2017,Jordan Clarkson,"$12,500,000"
2312,2016-2017,Miles Plumlee,"$12,500,000"
2313,2016-2017,Tyson Chandler,"$12,415,000"
2314,2016-2017,Eric Gordon,"$12,385,364"
2315,2016-2017,John Henson,"$12,267,606"
2316,2016-2017,Serge Ibaka,"$12,250,000"
2317,2016-2017,Marvin Williams,"$12,250,000"
2318,2016-2017,Stephen Curry,"$12,112,359"
2319,2016-2017,Kenneth Faried,"$12,078,652"
2320,2016-2017,Marcin Gortat,"$12,000,000"
2321,2016-2017,Amir Johnson,"$12,000,000"
2322,2016-2017,Kyle Lowry,"$12,000,000"
2323,2016-2017,Kemba Walker,"$12,000,000"
2324,2016-2017,Nikola Vucevic,"$11,750,000"
2325,2016-2017,Jeremy Lin,"$11,483,254"
2326,2016-2017,Jrue Holiday,"$11,286,518"
2327,2016-2017,Courtney Lee,"$11,242,000"
2328,2016-2017,Solomon Hill,"$11,241,218"
2329,2016-2017,Wilson Chandler,"$11,233,146"
2330,2016-2017,Andre Iguodala,"$11,131,368"
2331,2016-2017,Derrick Favors,"$11,050,000"
2332,2016-2017,Joe Johnson,"$11,000,000"
2333,2016-2017,Austin Rivers,"$11,000,000"
2334,2016-2017,Jon Leuer,"$10,991,957"
2335,2016-2017,Monta Ellis,"$10,763,500"
2336,2016-2017,Tyreke Evans,"$10,661,286"
2337,2016-2017,Mirza Teletovic,"$10,500,000"
2338,2016-2017,Jared Dudley,"$10,470,000"
2339,2016-2017,Zach Randolph,"$10,361,445"
2340,2016-2017,Al Jefferson,"$10,230,179"
2341,2016-2017,Alec Burks,"$10,154,495"
2342,2016-2017,Danny Green,"$10,000,000"
2343,2016-2017,Terrence Ross,"$10,000,000"
2344,2016-2017,Omer Asik,"$9,904,494"
2345,2016-2017,Iman Shumpert,"$9,662,921"
2346,2016-2017,Matthew Dellavedova,"$9,607,500"
2347,2016-2017,Maurice Harkless,"$9,488,764"
2348,2016-2017,Jerryd Bayless,"$9,424,084"
2349,2016-2017,Trevor Booker,"$9,250,000"
2350,2016-2017,Meyers Leonard,"$9,213,483"
2351,2016-2017,Gerald Henderson,"$9,000,000"
2352,2016-2017,Taj Gibson,"$8,950,000"
2353,2016-2017,Jeff Teague,"$8,800,000"
2354,2016-2017,Tiago Splitter,"$8,550,000"
2355,2016-2017,Ersan Ilyasova,"$8,400,000"
2356,2016-2017,Dwight Powell,"$8,375,000"
2357,2016-2017,Avery Bradley,"$8,269,663"
2358,2016-2017,E'Twaun Moore,"$8,081,363"
2359,2016-2017,Darrell Arthur,"$8,070,175"
2360,2016-2017,Kosta Koufos,"$8,046,500"
2361,2016-2017,George Hill,"$8,000,000"
2362,2016-2017,Sergio Rodriguez,"$8,000,000"
2363,2016-2017,Garrett Temple,"$8,000,000"
2364,2016-2017,Anthony Tolliver,"$8,000,000"
2365,2016-2017,Tyler Zeller,"$8,000,000"
2366,2016-2017,Trevor Ariza,"$7,806,971"
2367,2016-2017,Channing Frye,"$7,806,971"
2368,2016-2017,Al-Farouq Aminu,"$7,680,965"
2369,2016-2017,Cole Aldrich,"$7,643,979"
2370,2016-2017,Corey Brewer,"$7,612,172"
2371,2016-2017,Festus Ezeli,"$7,400,000"
2372,2016-2017,Markieff Morris,"$7,400,000"
2373,2016-2017,J.J. Redick,"$7,377,500"
2374,2016-2017,Cory Joseph,"$7,315,000"
2375,2016-2017,D.J. Augustin,"$7,250,000"
2376,2016-2017,Boris Diaw,"$7,000,000"
2377,2016-2017,Boban Marjanovic,"$7,000,000"
2378,2016-2017,Louis Williams,"$7,000,000"
2379,2016-2017,Ed Davis,"$6,666,667"
2380,2016-2017,Isaiah Thomas,"$6,587,132"
2381,2016-2017,Victor Oladipo,"$6,552,960"
2382,2016-2017,Jodie Meeks,"$6,540,000"
2383,2016-2017,Jeremy Lamb,"$6,511,628"
2384,2016-2017,Aron Baynes,"$6,500,000"
2385,2016-2017,Spencer Hawes,"$6,348,759"
2386,2016-2017,Marco Belinelli,"$6,333,333"
2387,2016-2017,Jae Crowder,"$6,286,408"
2388,2016-2017,Tarik Black,"$6,191,000"
2389,2016-2017,Lance Thomas,"$6,191,000"
2390,2016-2017,Andrew Nicholson,"$6,088,993"
2391,2016-2017,Patrick Patterson,"$6,050,000"
2392,2016-2017,Andrew Wiggins,"$6,006,600"
2393,2016-2017,Patrick Beverley,"$6,000,000"
2394,2016-2017,Wayne Ellington,"$6,000,000"
2395,2016-2017,Ramon Sessions,"$6,000,000"
2396,2016-2017,Ishmael Smith,"$6,000,000"
2397,2016-2017,Alex Abrines,"$5,994,764"
2398,2016-2017,Karl-Anthony Towns,"$5,960,160"
2399,2016-2017,Ben Simmons,"$5,903,160"
2400,2016-2017,Otto Porter Jr.,"$5,893,981"
2401,2016-2017,Shaun Livingston,"$5,782,450"
2402,2016-2017,Josh McRoberts,"$5,782,450"
2403,2016-2017,Nikola Mirotic,"$5,782,450"
2404,2016-2017,Brandan Wright,"$5,709,880"
2405,2016-2017,Tyler Johnson,"$5,628,000"
2406,2016-2017,Wesley Johnson,"$5,628,000"
2407,2016-2017,Tony Allen,"$5,505,618"
2408,2016-2017,Nick Young,"$5,443,918"
2409,2016-2017,Jabari Parker,"$5,374,320"
2410,2016-2017,D'Angelo Russell,"$5,332,800"
2411,2016-2017,Cody Zeller,"$5,318,313"
2412,2016-2017,P.J. Tucker,"$5,300,000"
2413,2016-2017,Brandon Ingram,"$5,281,680"
2414,2016-2017,Kyle Korver,"$5,239,437"
2415,2016-2017,Darren Collison,"$5,229,454"
2416,2016-2017,Langston Galloway,"$5,200,000"
2417,2016-2017,Roy Hibbert,"$5,000,000"
2418,2016-2017,Jonas Jerebko,"$5,000,000"
2419,2016-2017,Jason Smith,"$5,000,000"
2420,2016-2017,C.J. Watson,"$5,000,000"
2421,2016-2017,Mike Dunleavy,"$4,837,500"
2422,2016-2017,Kyle Singler,"$4,837,500"
2423,2016-2017,Joel Embiid,"$4,826,160"
2424,2016-2017,Alex Len,"$4,823,621"
2425,2016-2017,Jahlil Okafor,"$4,788,840"
2426,2016-2017,Jaylen Brown,"$4,743,000"
2427,2016-2017,Alexis Ajinca,"$4,713,203"
2428,2016-2017,Marcus Morris Sr.,"$4,625,000"
2429,2016-2017,C.J. Miles,"$4,583,450"
2430,2016-2017,Jameer Nelson,"$4,540,525"
2431,2016-2017,Nerlens Noel,"$4,384,490"
2432,2016-2017,Aaron Gordon,"$4,351,320"
2433,2016-2017,Kristaps Porzingis,"$4,317,720"
2434,2016-2017,Dragan Bender,"$4,276,320"
2435,2016-2017,Vince Carter,"$4,264,057"
2436,2016-2017,Devin Harris,"$4,227,996"
2437,2016-2017,Jose Barea,"$4,096,950"
2438,2016-2017,Ben McLemore,"$4,008,882"
2439,2016-2017,LaVoy Allen,"$4,000,000"
2440,2016-2017,Leandro Barbosa,"$4,000,000"
2441,2016-2017,Udonis Haslem,"$4,000,000"
2442,2016-2017,Jordan Hill,"$4,000,000"
2443,2016-2017,Kris Humphries,"$4,000,000"
2444,2016-2017,James Johnson,"$4,000,000"
2445,2016-2017,Lance Stephenson,"$4,000,000"
2446,2016-2017,Dante Exum,"$3,940,320"
2447,2016-2017,Kyle O'Quinn,"$3,918,750"
2448,2016-2017,Mario Hezonja,"$3,909,840"
2449,2016-2017,Kris Dunn,"$3,872,520"
2450,2016-2017,Thabo Sefolosha,"$3,850,000"
2451,2016-2017,Nemanja Bjelica,"$3,800,000"
2452,2016-2017,Nick Collison,"$3,750,000"
2453,2016-2017,Bojan Bogdanovic,"$3,730,653"
2454,2016-2017,Kentavious Caldwell-Pope,"$3,678,319"
2455,2016-2017,Quincy Pondexter,"$3,617,978"
2456,2016-2017,Patty Mills,"$3,578,948"
2457,2016-2017,Marcus Smart,"$3,578,880"
2458,2016-2017,Willie Cauley-Stein,"$3,551,160"
2459,2016-2017,Will Barton,"$3,533,333"
2460,2016-2017,Paul Pierce,"$3,527,920"
2461,2016-2017,Buddy Hield,"$3,517,200"
2462,2016-2017,Mike Miller,"$3,500,000"
2463,2016-2017,Brandon Rush,"$3,500,000"
2464,2016-2017,Anthony Morrow,"$3,488,000"
2465,2016-2017,Trey Burke,"$3,386,598"
2466,2016-2017,K.J. McDaniels,"$3,333,333"
2467,2016-2017,Troy Daniels,"$3,332,940"
2468,2016-2017,Julius Randle,"$3,267,120"
2469,2016-2017,Emmanuel Mudiay,"$3,241,800"
2470,2016-2017,C.J. McCollum,"$3,219,579"
2471,2016-2017,Jamal Murray,"$3,210,840"
2472,2016-2017,Michael Carter-Williams,"$3,183,526"
2473,2016-2017,Steven Adams,"$3,140,517"
2474,2016-2017,Kelly Olynyk,"$3,094,014"
2475,2016-2017,Shabazz Muhammad,"$3,046,299"
2476,2016-2017,Justin Hamilton,"$3,000,000"
2477,2016-2017,Giannis Antetokounmpo,"$2,995,421"
2478,2016-2017,Nik Stauskas,"$2,993,040"
2479,2016-2017,Dante Cunningham,"$2,978,250"
2480,2016-2017,Stanley Johnson,"$2,969,880"
2481,2016-2017,Marquese Chriss,"$2,941,440"
2482,2016-2017,Seth Curry,"$2,898,000"
2483,2016-2017,Dewayne Dedmon,"$2,898,000"
2484,2016-2017,James Ennis III,"$2,898,000"
2485,2016-2017,Nene Hilario,"$2,898,000"
2486,2016-2017,Mindaugas Kuzminskas,"$2,898,000"
2487,2016-2017,Zaza Pachulia,"$2,898,000"
2488,2016-2017,Dion Waiters,"$2,898,000"
2489,2016-2017,Tomas Satoransky,"$2,870,813"
2490,2016-2017,Noah Vonleh,"$2,751,360"
2491,2016-2017,Frank Kaminsky,"$2,730,000"
2492,2016-2017,Dennis Schröder,"$2,708,582"
2493,2016-2017,Jakob Poeltl,"$2,703,960"
2494,2016-2017,Aaron Brooks,"$2,700,000"
2495,2016-2017,Elfrid Payton,"$2,613,600"
2496,2016-2017,Justise Winslow,"$2,593,440"
2497,2016-2017,Thon Maker,"$2,568,600"
2498,2016-2017,Malcom Delaney,"$2,500,000"
2499,2016-2017,Randy Foye,"$2,500,000"
2500,2016-2017,Richard Jefferson,"$2,500,000"
2501,2016-2017,Doug McDermott,"$2,483,040"
2502,2016-2017,Myles Turner,"$2,463,840"
2503,2016-2017,Domantas Sabonis,"$2,440,200"
2504,2016-2017,Shelvin Mack,"$2,433,334"
2505,2016-2017,Tony Snell,"$2,368,327"
2506,2016-2017,Gorgui Dieng,"$2,348,783"
2507,2016-2017,Trey Lyles,"$2,340,600"
2508,2016-2017,Mason Plumlee,"$2,328,530"
2509,2016-2017,Taurean Prince,"$2,318,280"
2510,2016-2017,Dario Saric,"$2,318,280"
2511,2016-2017,Tim Hardaway Jr.,"$2,281,605"
2512,2016-2017,Reggie Bullock,"$2,255,644"
2513,2016-2017,Zach LaVine,"$2,240,880"
2514,2016-2017,Devin Booker,"$2,223,600"
2515,2016-2017,Luc Richard Mbah a Moute,"$2,203,000"
2516,2016-2017,Georgios Papagiannis,"$2,202,240"
2517,2016-2017,Andre Roberson,"$2,183,072"
2518,2016-2017,Joe Ingles,"$2,150,000"
2519,2016-2017,T.J. Warren,"$2,128,920"
2520,2016-2017,Rudy Gobert,"$2,121,287"
2521,2016-2017,Cameron Payne,"$2,112,480"
2522,2016-2017,Denzel Valentine,"$2,092,200"
2523,2016-2017,Tim Frazier,"$2,090,000"
2524,2016-2017,Adreian Payne,"$2,022,240"
2525,2016-2017,Kelly Oubre Jr.,"$2,006,640"
2526,2016-2017,Juancho Hernangomez,"$1,987,440"
2527,2016-2017,Lucas Nogueira,"$1,921,320"
2528,2016-2017,Jusuf Nurkic,"$1,921,320"
2529,2016-2017,Terry Rozier,"$1,906,440"
2530,2016-2017,James Young,"$1,825,200"
2531,2016-2017,Rashad Vaughn,"$1,811,040"
2532,2016-2017,Kevin Seraphin,"$1,800,000"
2533,2016-2017,Wade Baldwin,"$1,793,760"
2534,2016-2017,Quincy Acy,"$1,790,092"
2535,2016-2017,Tyler Ennis,"$1,733,880"
2536,2016-2017,Sam Dekker,"$1,720,560"
2537,2016-2017,Joffrey Lauvergne,"$1,709,719"
2538,2016-2017,Henry Ellenson,"$1,704,120"
2539,2016-2017,Gary Harris,"$1,655,880"
2540,2016-2017,Jerian Grant,"$1,643,040"
2541,2016-2017,Malik Beasley,"$1,627,320"
2542,2016-2017,Bruno Caboclo,"$1,589,640"
2543,2016-2017,Delon Wright,"$1,577,280"
2544,2016-2017,Caris LeVert,"$1,562,280"
2545,2016-2017,David Lee,"$1,551,659"
2546,2016-2017,Justin Anderson,"$1,514,160"
2547,2016-2017,DeAndre' Bembry,"$1,499,760"
2548,2016-2017,Bobby Portis,"$1,453,680"
2549,2016-2017,Demetrius Jackson,"$1,450,000"
2550,2016-2017,Malachi Richardson,"$1,439,880"
2551,2016-2017,Rodney Hood,"$1,406,520"
2552,2016-2017,Michael Beasley,"$1,403,611"
2553,2016-2017,Marreese Speights,"$1,403,611"
2554,2016-2017,Rondae Hollis-Jefferson,"$1,395,600"
2555,2016-2017,Willy Hernangomez,"$1,375,000"
2556,2016-2017,Deyonta Davis,"$1,369,229"
2557,2016-2017,Nikola Jokic,"$1,358,500"
2558,2016-2017,Shabazz Napier,"$1,350,120"
2559,2016-2017,Tyus Jones,"$1,339,680"
2560,2016-2017,Timothe Luwawu-Cabarrot,"$1,326,960"
2561,2016-2017,Clint Capela,"$1,296,240"
2562,2016-2017,Jarell Martin,"$1,286,160"
2563,2016-2017,Brice Johnson,"$1,273,920"
2564,2016-2017,Luke Babbitt,"$1,227,286"
2565,2016-2017,Jordan Mickey,"$1,223,653"
2566,2016-2017,Larry Nance Jr.,"$1,207,680"
2567,2016-2017,Brandon Jennings,"$1,200,000"
2568,2016-2017,Pascal Siakam,"$1,196,040"
2569,2016-2017,Kyle Anderson,"$1,192,080"
2570,2016-2017,Josh Huestis,"$1,191,480"
2571,2016-2017,Chris McCullough,"$1,191,480"
2572,2016-2017,Skal Labissiere,"$1,188,840"
2573,2016-2017,Kevon Looney,"$1,182,840"
2574,2016-2017,Dejounte Murray,"$1,180,080"
2575,2016-2017,Damian Jones,"$1,171,560"
2576,2016-2017,Isaiah Whitehead,"$1,074,145"
2577,2016-2017,Rakeem Christmas,"$1,052,342"
2578,2016-2017,Joseph Young,"$1,052,342"
2579,2016-2017,Glenn Robinson III,"$1,050,500"
2580,2016-2017,Montrezl Harrell,"$1,045,000"
2581,2016-2017,Ivica Zubac,"$1,034,956"
2582,2016-2017,Richaun Holmes,"$1,025,831"
2583,2016-2017,Isaiah Canaan,"$1,015,696"
2584,2016-2017,Robert Covington,"$1,015,696"
2585,2016-2017,Justin Holiday,"$1,015,696"
2586,2016-2017,DeAndre Liggins,"$1,015,696"
2587,2016-2017,Mike Muscala,"$1,015,696"
2588,2016-2017,Willie Reed,"$1,015,696"
2589,2016-2017,Jeff Withey,"$1,015,696"
2590,2016-2017,Alan Anderson,"$980,431"
2591,2016-2017,Brandon Bass,"$980,431"
2592,2016-2017,Ian Clark,"$980,431"
2593,2016-2017,Raymond Felton,"$980,431"
2594,2016-2017,Jerami Grant,"$980,431"
2595,2016-2017,Gerald Green,"$980,431"
2596,2016-2017,JaMychal Green,"$980,431"
2597,2016-2017,Joe Harris,"$980,431"
2598,2016-2017,James Jones,"$980,431"
2599,2016-2017,Sean Kilpatrick,"$980,431"
2600,2016-2017,Ty Lawson,"$980,431"
2601,2016-2017,James McAdoo,"$980,431"
2602,2016-2017,JaVale McGee,"$980,431"
2603,2016-2017,Brian Roberts,"$980,431"
2604,2016-2017,Thomas Robinson,"$980,431"
2605,2016-2017,Damjan Rudez,"$980,431"
2606,2016-2017,Jason Terry,"$980,431"
2607,2016-2017,Beno Udrih,"$980,431"
2608,2016-2017,Sasha Vujacic,"$980,431"
2609,2016-2017,David West,"$980,431"
2610,2016-2017,Metta World Peace,"$980,431"
2611,2016-2017,Stephen Zimmerman,"$950,000"
2612,2016-2017,Andrew Harrison,"$945,000"
2613,2016-2017,Raul Neto,"$937,800"
2614,2016-2017,Malcolm Brogdon,"$925,000"
2615,2016-2017,Tyler Ulis,"$918,369"
2616,2016-2017,Pat Connaughton,"$874,636"
2617,2016-2017,Cristiano Felicio,"$874,636"
2618,2016-2017,Darrun Hilliard II,"$874,636"
2619,2016-2017,T.J. McConnell,"$874,636"
2620,2016-2017,Salah Mejri,"$874,636"
2621,2016-2017,Norman Powell,"$874,636"
2622,2016-2017,Josh Richardson,"$874,636"
2623,2016-2017,Jonathon Simmons,"$874,636"
2624,2016-2017,Alan Williams,"$874,636"
2625,2016-2017,Christian Wood,"$874,636"
2626,2016-2017,Paul Zipser,"$750,000"
2627,2016-2017,Spencer Dinwiddie,"$726,672"
2628,2016-2017,Bobby Brown,"$680,534"
2629,2016-2017,Michael Gbinije,"$650,000"
2630,2016-2017,A.J. Hammons,"$650,000"
2631,2016-2017,Georges Niang,"$650,000"
2632,2016-2017,Joel Bolomboy,"$600,000"
2633,2016-2017,Jake Layman,"$600,000"
2634,2016-2017,Donatas Motiejunas,"$576,724"
2635,2016-2017,Ron Baker,"$543,471"
2636,2016-2017,Davis Bertans,"$543,471"
2637,2016-2017,Nicolas Brussino,"$543,471"
2638,2016-2017,Semaj Christon,"$543,471"
2639,2016-2017,Cheick Diallo,"$543,471"
2640,2016-2017,Kay Felder,"$543,471"
2641,2016-2017,Dorian Finney-Smith,"$543,471"
2642,2016-2017,Bryn Forbes,"$543,471"
2643,2016-2017,Treveon Graham,"$543,471"
2644,2016-2017,Derrick Jones Jr.,"$543,471"
2645,2016-2017,Patrick McCaw,"$543,471"
2646,2016-2017,Sheldon McClellan,"$543,471"
2647,2016-2017,Rodney McGruder,"$543,471"
2648,2016-2017,Maurice N'dour,"$543,471"
2649,2016-2017,Daniel Ochefu,"$543,471"
2650,2016-2017,Chinanu Onuaku,"$543,471"
2651,2016-2017,Marshall Plumlee,"$543,471"
2652,2016-2017,Tim Quarterman,"$543,471"
2653,2016-2017,Diamond Stone,"$543,471"
2654,2016-2017,Fred VanVleet,"$543,471"
2655,2016-2017,Kyle Wiltjer,"$543,471"
2656,2016-2017,Joel Anthony,"$346,034"
2657,2016-2017,Ryan Kelly,"$286,785"
2658,2016-2017,Ronnie Price,"$276,828"
2659,2016-2017,Deron Williams,"$259,526"
2660,2016-2017,Isaiah Taylor,"$255,000"
2661,2016-2017,Jose Calderon,"$247,991"
2662,2016-2017,Norris Cole,"$247,991"
2663,2016-2017,Jason Thompson,"$245,177"
2664,2016-2017,Matt Barnes,"$242,224"
2665,2016-2017,Derrick Williams,"$230,690"
2666,2016-2017,Okaro White,"$210,995"
2667,2016-2017,Yogi Ferrell,"$207,798"
2668,2016-2017,Jordan Crawford,"$173,099"
2669,2016-2017,Johnny O'Bryant,"$161,483"
2670,2016-2017,Patricio Garino,"$150,000"
2671,2016-2017,Chasson Randle,"$143,860"
2672,2016-2017,Omri Casspi,"$138,414"
2673,2016-2017,Briante Weber,"$128,623"
2674,2016-2017,Marcus Georges-Hunt,"$100,000"
2675,2016-2017,Shawn Long,"$89,513"
2676,2016-2017,Wayne Selden,"$83,119"
2677,2016-2017,Troy Williams,"$76,725"
2678,2016-2017,Archie Goodwin,"$75,000"
2679,2016-2017,David Nwaba,"$73,528"
2680,2016-2017,Jarrod Uthoff,"$47,953"
2681,2016-2017,Gary Payton II,"$35,166"
2682,2016-2017,Axel Toupane,"$25,725"
2683,2016-2017,Elijah Millsap,"$23,069"
2684,2016-2017,Quinn Cook,"$15,984"
2685,2016-2017,Alex Poythress,"$6,394"
2686,2016-2017,Dahntay Jones,"$5,767"
2687,2016-2017,Walter Tavares,"$5,145"
2688,2017-2018,Stephen Curry,"$34,682,550"
2689,2017-2018,LeBron James,"$33,285,709"
2690,2017-2018,Paul Millsap,"$30,769,231"
2691,2017-2018,Blake Griffin,"$29,727,900"
2692,2017-2018,Gordon Hayward,"$29,727,900"
2693,2017-2018,Kyle Lowry,"$28,703,704"
2694,2017-2018,Mike Conley,"$28,530,608"
2695,2017-2018,Russell Westbrook,"$28,530,608"
2696,2017-2018,James Harden,"$28,299,399"
2697,2017-2018,DeMar DeRozan,"$27,739,975"
2698,2017-2018,Al Horford,"$27,734,405"
2699,2017-2018,Carmelo Anthony,"$26,243,760"
2700,2017-2018,Damian Lillard,"$26,153,057"
2701,2017-2018,Jrue Holiday,"$25,686,667"
2702,2017-2018,Kevin Durant,"$25,000,000"
2703,2017-2018,Otto Porter Jr.,"$24,773,250"
2704,2017-2018,Chris Paul,"$24,599,459"
2705,2017-2018,C.J. McCollum,"$23,962,572"
2706,2017-2018,Bradley Beal,"$23,775,506"
2707,2017-2018,Anthony Davis,"$23,775,506"
2708,2017-2018,Andre Drummond,"$23,775,506"
2709,2017-2018,Hassan Whiteside,"$23,775,506"
2710,2017-2018,Dwight Howard,"$23,500,000"
2711,2017-2018,Harrison Barnes,"$23,112,004"
2712,2017-2018,Chandler Parsons,"$23,112,004"
2713,2017-2018,J.J. Redick,"$23,000,000"
2714,2017-2018,Marc Gasol,"$22,642,350"
2715,2017-2018,DeAndre Jordan,"$22,642,350"
2716,2017-2018,Brook Lopez,"$22,642,350"
2717,2017-2018,Kevin Love,"$22,642,350"
2718,2017-2018,Steven Adams,"$22,471,910"
2719,2017-2018,Giannis Antetokounmpo,"$22,471,910"
2720,2017-2018,Nicolas Batum,"$22,434,783"
2721,2017-2018,Rudy Gobert,"$21,974,719"
2722,2017-2018,LaMarcus Aldridge,"$21,461,010"
2723,2017-2018,Victor Oladipo,"$21,000,000"
2724,2017-2018,Enes Freedom,"$20,566,801"
2725,2017-2018,Danilo Gallinari,"$20,559,599"
2726,2017-2018,Serge Ibaka,"$20,061,728"
2727,2017-2018,George Hill,"$20,000,000"
2728,2017-2018,Ryan Anderson,"$19,578,454"
2729,2017-2018,Paul George,"$19,508,958"
2730,2017-2018,Allen Crabbe,"$19,332,500"
2731,2017-2018,Jimmy Butler,"$19,301,070"
2732,2017-2018,Jeff Teague,"$19,000,000"
2733,2017-2018,Kyrie Irving,"$18,868,625"
2734,2017-2018,Kawhi Leonard,"$18,868,625"
2735,2017-2018,DeMarcus Cousins,"$18,063,850"
2736,2017-2018,John Wall,"$18,063,850"
2737,2017-2018,Wesley Matthews,"$17,884,175"
2738,2017-2018,Klay Thompson,"$17,826,150"
2739,2017-2018,Joakim Noah,"$17,765,000"
2740,2017-2018,Kentavious Caldwell-Pope,"$17,745,894"
2741,2017-2018,Luol Deng,"$17,190,000"
2742,2017-2018,Evan Turner,"$17,131,148"
2743,2017-2018,Goran Dragic,"$17,000,450"
2744,2017-2018,Bismack Biyombo,"$17,000,000"
2745,2017-2018,Evan Fournier,"$17,000,000"
2746,2017-2018,Kent Bazemore,"$16,910,113"
2747,2017-2018,Robert Covington,"$16,698,103"
2748,2017-2018,Ian Mahinmi,"$16,661,641"
2749,2017-2018,Tim Hardaway Jr.,"$16,500,000"
2750,2017-2018,Draymond Green,"$16,400,000"
2751,2017-2018,Tristan Thompson,"$16,400,000"
2752,2017-2018,Pau Gasol,"$16,000,000"
2753,2017-2018,Tobias Harris,"$16,000,000"
2754,2017-2018,Reggie Jackson,"$16,000,000"
2755,2017-2018,Dennis Schröder,"$15,500,000"
2756,2017-2018,Jonas Valanciunas,"$15,460,674"
2757,2017-2018,Tony Parker,"$15,453,126"
2758,2017-2018,Timofey Mozgov,"$15,280,000"
2759,2017-2018,Andre Iguodala,"$14,814,815"
2760,2017-2018,DeMarre Carroll,"$14,800,000"
2761,2017-2018,Thaddeus Young,"$14,796,348"
2762,2017-2018,Eric Bledsoe,"$14,500,000"
2763,2017-2018,Ricky Rubio,"$14,275,000"
2764,2017-2018,Joe Ingles,"$14,136,364"
2765,2017-2018,Gorgui Dieng,"$14,112,360"
2766,2017-2018,Khris Middleton,"$14,100,000"
2767,2017-2018,Mason Plumlee,"$14,041,096"
2768,2017-2018,Taj Gibson,"$14,000,000"
2769,2017-2018,James Johnson,"$13,954,000"
2770,2017-2018,Robin Lopez,"$13,788,500"
2771,2017-2018,J.R. Smith,"$13,760,000"
2772,2017-2018,Brandon Knight,"$13,618,750"
2773,2017-2018,Marvin Williams,"$13,168,750"
2774,2017-2018,Tyson Chandler,"$13,000,000"
2775,2017-2018,Michael Kidd-Gilchrist,"$13,000,000"
2776,2017-2018,Eric Gordon,"$12,943,020"
2777,2017-2018,Kenneth Faried,"$12,921,348"
2778,2017-2018,Marcin Gortat,"$12,782,609"
2779,2017-2018,Cody Zeller,"$12,584,270"
2780,2017-2018,Nikola Mirotic,"$12,500,000"
2781,2017-2018,Miles Plumlee,"$12,500,000"
2782,2017-2018,Zach Randolph,"$12,307,692"
2783,2017-2018,Nikola Vucevic,"$12,250,000"
2784,2017-2018,Solomon Hill,"$12,236,535"
2785,2017-2018,John Henson,"$12,172,536"
2786,2017-2018,Wilson Chandler,"$12,016,854"
2787,2017-2018,Kelly Olynyk,"$12,007,169"
2788,2017-2018,Derrick Favors,"$12,000,000"
2789,2017-2018,Jeremy Lin,"$12,000,000"
2790,2017-2018,Kemba Walker,"$12,000,000"
2791,2017-2018,Austin Rivers,"$11,825,000"
2792,2017-2018,Courtney Lee,"$11,747,890"
2793,2017-2018,Jordan Clarkson,"$11,562,500"
2794,2017-2018,Amir Johnson,"$11,000,000"
2795,2017-2018,Dion Waiters,"$11,000,000"
2796,2017-2018,Alec Burks,"$10,845,506"
2797,2017-2018,Patty Mills,"$10,714,286"
2798,2017-2018,Omer Asik,"$10,595,505"
2799,2017-2018,Bojan Bogdanovic,"$10,500,000"
2800,2017-2018,Terrence Ross,"$10,500,000"
2801,2017-2018,Jon Leuer,"$10,497,319"
2802,2017-2018,Iman Shumpert,"$10,337,079"
2803,2017-2018,Maurice Harkless,"$10,162,921"
2804,2017-2018,Darren Collison,"$10,000,000"
2805,2017-2018,Jared Dudley,"$10,000,000"
2806,2017-2018,Danny Green,"$10,000,000"
2807,2017-2018,Meyers Leonard,"$9,904,494"
2808,2017-2018,Tony Snell,"$9,821,429"
2809,2017-2018,Al Jefferson,"$9,769,821"
2810,2017-2018,Matthew Dellavedova,"$9,607,500"
2811,2017-2018,Bogdan Bogdanovic,"$9,470,614"
2812,2017-2018,Andre Roberson,"$9,259,260"
2813,2017-2018,Dwight Powell,"$9,003,125"
2814,2017-2018,Jerryd Bayless,"$9,000,000"
2815,2017-2018,Avery Bradley,"$8,808,989"
2816,2017-2018,JaMychal Green,"$8,533,333"
2817,2017-2018,E'Twaun Moore,"$8,445,024"
2818,2017-2018,Rudy Gay,"$8,406,000"
2819,2017-2018,Kosta Koufos,"$8,393,000"
2820,2017-2018,Vince Carter,"$8,000,000"
2821,2017-2018,Markieff Morris,"$8,000,000"
2822,2017-2018,Garrett Temple,"$8,000,000"
2823,2017-2018,C.J. Miles,"$7,936,508"
2824,2017-2018,Cristiano Felicio,"$7,843,500"
2825,2017-2018,Shaun Livingston,"$7,692,308"
2826,2017-2018,Cory Joseph,"$7,630,000"
2827,2017-2018,P.J. Tucker,"$7,590,035"
2828,2017-2018,Andrew Wiggins,"$7,574,323"
2829,2017-2018,Darrell Arthur,"$7,464,912"
2830,2017-2018,Trevor Ariza,"$7,420,912"
2831,2017-2018,Channing Frye,"$7,420,912"
2832,2017-2018,Al-Farouq Aminu,"$7,319,035"
2833,2017-2018,Cole Aldrich,"$7,300,000"
2834,2017-2018,D.J. Augustin,"$7,250,000"
2835,2017-2018,Markelle Fultz,"$7,026,240"
2836,2017-2018,Kyle Korver,"$7,000,000"
2837,2017-2018,Jeremy Lamb,"$7,000,000"
2838,2017-2018,Boban Marjanovic,"$7,000,000"
2839,2017-2018,Louis Williams,"$7,000,000"
2840,2017-2018,Jae Crowder,"$6,796,117"
2841,2017-2018,Jabari Parker,"$6,782,392"
2842,2017-2018,Langston Galloway,"$6,666,667"
2843,2017-2018,Lance Thomas,"$6,655,325"
2844,2017-2018,Ed Davis,"$6,352,531"
2845,2017-2018,Jonathon Simmons,"$6,300,000"
2846,2017-2018,Lonzo Ball,"$6,286,560"
2847,2017-2018,Wayne Ellington,"$6,270,000"
2848,2017-2018,Isaiah Thomas,"$6,261,395"
2849,2017-2018,Karl-Anthony Towns,"$6,216,840"
2850,2017-2018,Ben Simmons,"$6,168,840"
2851,2017-2018,Joel Embiid,"$6,100,266"
2852,2017-2018,Dewayne Dedmon,"$6,000,000"
2853,2017-2018,Shelvin Mack,"$6,000,000"
2854,2017-2018,Ishmael Smith,"$6,000,000"
2855,2017-2018,Milos Teodosic,"$6,000,000"
2856,2017-2018,Alan Williams,"$6,000,000"
2857,2017-2018,Tyler Johnson,"$5,881,260"
2858,2017-2018,Wesley Johnson,"$5,881,260"
2859,2017-2018,Alex Abrines,"$5,725,000"
2860,2017-2018,Jayson Tatum,"$5,645,400"
2861,2017-2018,D'Angelo Russell,"$5,562,360"
2862,2017-2018,Brandon Ingram,"$5,519,400"
2863,2017-2018,Patrick Beverley,"$5,513,513"
2864,2017-2018,Aaron Gordon,"$5,504,420"
2865,2017-2018,Thabo Sefolosha,"$5,250,000"
2866,2017-2018,Jason Smith,"$5,225,000"
2867,2017-2018,Ben McLemore,"$5,200,000"
2868,2017-2018,Patrick Patterson,"$5,192,000"
2869,2017-2018,Nick Young,"$5,192,000"
2870,2017-2018,Josh Jackson,"$5,090,040"
2871,2017-2018,Greg Monroe,"$5,000,000"
2872,2017-2018,Marcus Morris Sr.,"$5,000,000"
2873,2017-2018,Mike Muscala,"$5,000,000"
2874,2017-2018,Dirk Nowitzki,"$5,000,000"
2875,2017-2018,Jahlil Okafor,"$4,995,120"
2876,2017-2018,Dante Exum,"$4,992,385"
2877,2017-2018,Alexis Ajinca,"$4,961,798"
2878,2017-2018,Jaylen Brown,"$4,956,480"
2879,2017-2018,Kyle Singler,"$4,666,500"
2880,2017-2018,Justin Holiday,"$4,615,385"
2881,2017-2018,De'Aaron Fox,"$4,609,200"
2882,2017-2018,Marcus Smart,"$4,538,020"
2883,2017-2018,Kristaps Porzingis,"$4,503,600"
2884,2017-2018,Dragan Bender,"$4,468,800"
2885,2017-2018,Devin Harris,"$4,402,546"
2886,2017-2018,Ron Baker,"$4,328,000"
2887,2017-2018,Aron Baynes,"$4,328,000"
2888,2017-2018,Jamal Crawford,"$4,328,000"
2889,2017-2018,Alex Len,"$4,187,598"
2890,2017-2018,Nerlens Noel,"$4,187,598"
2891,2017-2018,Jonathan Isaac,"$4,186,320"
2892,2017-2018,Lance Stephenson,"$4,180,000"
2893,2017-2018,Julius Randle,"$4,149,242"
2894,2017-2018,Kyle O'Quinn,"$4,087,500"
2895,2017-2018,Mario Hezonja,"$4,078,320"
2896,2017-2018,Kris Dunn,"$4,046,760"
2897,2017-2018,Jonas Jerebko,"$4,000,000"
2898,2017-2018,Nemanja Bjelica,"$3,949,999"
2899,2017-2018,Jose Barea,"$3,903,900"
2900,2017-2018,Lauri Markkanen,"$3,821,640"
2901,2017-2018,Nik Stauskas,"$3,807,147"
2902,2017-2018,Willie Cauley-Stein,"$3,704,160"
2903,2017-2018,Buddy Hield,"$3,675,480"
2904,2017-2018,Will Barton,"$3,533,333"
2905,2017-2018,Noah Vonleh,"$3,505,233"
2906,2017-2018,Frank Ntilikina,"$3,501,120"
2907,2017-2018,Nene Hilario,"$3,477,600"
2908,2017-2018,Zaza Pachulia,"$3,477,600"
2909,2017-2018,Troy Daniels,"$3,408,520"
2910,2017-2018,Emmanuel Mudiay,"$3,381,480"
2911,2017-2018,Jamal Murray,"$3,355,320"
2912,2017-2018,Elfrid Payton,"$3,332,340"
2913,2017-2018,Rajon Rondo,"$3,300,000"
2914,2017-2018,Doug McDermott,"$3,294,994"
2915,2017-2018,Tarik Black,"$3,290,000"
2916,2017-2018,Tyreke Evans,"$3,290,000"
2917,2017-2018,Jodie Meeks,"$3,290,000"
2918,2017-2018,Anthony Tolliver,"$3,290,000"
2919,2017-2018,Dennis Smith Jr.,"$3,218,280"
2920,2017-2018,Zach LaVine,"$3,202,218"
2921,2017-2018,Ekpe Udoh,"$3,200,000"
2922,2017-2018,T.J. Warren,"$3,152,931"
2923,2017-2018,Stanley Johnson,"$3,097,800"
2924,2017-2018,Marquese Chriss,"$3,073,800"
2925,2017-2018,Zach Collins,"$3,057,240"
2926,2017-2018,Seth Curry,"$3,028,410"
2927,2017-2018,James Ennis III,"$3,028,410"
2928,2017-2018,Tomas Satoransky,"$3,000,000"
2929,2017-2018,Lucas Nogueira,"$2,947,305"
2930,2017-2018,Jusuf Nurkic,"$2,947,305"
2931,2017-2018,Malik Monk,"$2,904,480"
2932,2017-2018,Frank Kaminsky,"$2,847,600"
2933,2017-2018,Jakob Poeltl,"$2,825,640"
2934,2017-2018,Luke Kennard,"$2,759,280"
2935,2017-2018,Justise Winslow,"$2,705,040"
2936,2017-2018,Michael Carter-Williams,"$2,700,000"
2937,2017-2018,Thon Maker,"$2,684,160"
2938,2017-2018,Cedi Osman,"$2,634,921"
2939,2017-2018,Donovan Mitchell,"$2,621,280"
2940,2017-2018,Myles Turner,"$2,569,920"
2941,2017-2018,Gary Harris,"$2,550,055"
2942,2017-2018,Domantas Sabonis,"$2,550,000"
2943,2017-2018,Reggie Bullock,"$2,500,000"
2944,2017-2018,Malcom Delaney,"$2,500,000"
2945,2017-2018,Manu Ginobili,"$2,500,000"
2946,2017-2018,Bam Adebayo,"$2,490,360"
2947,2017-2018,Bruno Caboclo,"$2,451,225"
2948,2017-2018,Trey Lyles,"$2,441,400"
2949,2017-2018,Taurean Prince,"$2,422,560"
2950,2017-2018,Dario Saric,"$2,422,560"
2951,2017-2018,Rodney Hood,"$2,386,864"
2952,2017-2018,Justin Jackson,"$2,365,560"
2953,2017-2018,Shabazz Napier,"$2,361,360"
2954,2017-2018,Clint Capela,"$2,334,528"
2955,2017-2018,Devin Booker,"$2,319,360"
2956,2017-2018,Dante Cunningham,"$2,300,000"
2957,2017-2018,Justin Patton,"$2,247,480"
2958,2017-2018,Guerschon Yabusele,"$2,247,480"
2959,2017-2018,Cameron Payne,"$2,203,440"
2960,2017-2018,Denzel Valentine,"$2,186,400"
2961,2017-2018,Sean Kilpatrick,"$2,163,006"
2962,2017-2018,Kyle Anderson,"$2,151,704"
2963,2017-2018,DJ Wilson,"$2,135,040"
2964,2017-2018,Darius Miller,"$2,100,000"
2965,2017-2018,Kelly Oubre Jr.,"$2,093,040"
2966,2017-2018,Juancho Hernangomez,"$2,076,840"
2967,2017-2018,TJ Leaf,"$2,028,360"
2968,2017-2018,Tim Frazier,"$2,000,000"
2969,2017-2018,Terry Rozier,"$1,988,520"
2970,2017-2018,John Collins,"$1,936,920"
2971,2017-2018,Harry Giles,"$1,859,400"
2972,2017-2018,Sam Dekker,"$1,794,600"
2973,2017-2018,Terrance Ferguson,"$1,785,000"
2974,2017-2018,Henry Ellenson,"$1,780,800"
2975,2017-2018,Eric Moreland,"$1,739,333"
2976,2017-2018,Jerian Grant,"$1,713,840"
2977,2017-2018,Jarrett Allen,"$1,713,720"
2978,2017-2018,Quincy Acy,"$1,709,538"
2979,2017-2018,Tyler Zeller,"$1,709,538"
2980,2017-2018,Malik Beasley,"$1,700,640"
2981,2017-2018,OG Anunoby,"$1,645,200"
2982,2017-2018,Delon Wright,"$1,645,200"
2983,2017-2018,Ante Zizic,"$1,645,200"
2984,2017-2018,Caris LeVert,"$1,632,480"
2985,2017-2018,Justin Anderson,"$1,579,440"
2986,2017-2018,Tyler Lydon,"$1,579,440"
2987,2017-2018,DeAndre' Bembry,"$1,567,200"
2988,2017-2018,Spencer Dinwiddie,"$1,524,305"
2989,2017-2018,Tyler Ennis,"$1,524,305"
2990,2017-2018,Jerami Grant,"$1,524,305"
2991,2017-2018,Joe Harris,"$1,524,305"
2992,2017-2018,Joffrey Lauvergne,"$1,524,305"
2993,2017-2018,Glenn Robinson III,"$1,524,305"
2994,2017-2018,Julyan Stone,"$1,524,305"
2995,2017-2018,Bobby Portis,"$1,516,320"
2996,2017-2018,Malachi Richardson,"$1,504,560"
2997,2017-2018,Arron Afflalo,"$1,471,382"
2998,2017-2018,Luke Babbitt,"$1,471,382"
2999,2017-2018,Michael Beasley,"$1,471,382"
3000,2017-2018,Aaron Brooks,"$1,471,382"
3001,2017-2018,Jose Calderon,"$1,471,382"
3002,2017-2018,Mario Chalmers,"$1,471,382"
3003,2017-2018,Ian Clark,"$1,471,382"
3004,2017-2018,Nick Collison,"$1,471,382"
3005,2017-2018,Pat Connaughton,"$1,471,382"
3006,2017-2018,Raymond Felton,"$1,471,382"
3007,2017-2018,Jeff Green,"$1,471,382"
3008,2017-2018,Montrezl Harrell,"$1,471,382"
3009,2017-2018,Udonis Haslem,"$1,471,382"
3010,2017-2018,Rondae Hollis-Jefferson,"$1,471,382"
3011,2017-2018,Richaun Holmes,"$1,471,382"
3012,2017-2018,Josh Huestis,"$1,471,382"
3013,2017-2018,Jarrett Jack,"$1,471,382"
3014,2017-2018,Nikola Jokic,"$1,471,382"
3015,2017-2018,Tyus Jones,"$1,471,382"
3016,2017-2018,Shane Larkin,"$1,471,382"
3017,2017-2018,Kevon Looney,"$1,471,382"
3018,2017-2018,Jarell Martin,"$1,471,382"
3019,2017-2018,Luc Richard Mbah a Moute,"$1,471,382"
3020,2017-2018,T.J. McConnell,"$1,471,382"
3021,2017-2018,Chris McCullough,"$1,471,382"
3022,2017-2018,JaVale McGee,"$1,471,382"
3023,2017-2018,Salah Mejri,"$1,471,382"
3024,2017-2018,Jordan Mickey,"$1,471,382"
3025,2017-2018,Larry Nance Jr.,"$1,471,382"
3026,2017-2018,Raul Neto,"$1,471,382"
3027,2017-2018,Norman Powell,"$1,471,382"
3028,2017-2018,Josh Richardson,"$1,471,382"
3029,2017-2018,Mike Scott,"$1,471,382"
3030,2017-2018,Marreese Speights,"$1,471,382"
3031,2017-2018,Jason Terry,"$1,471,382"
3032,2017-2018,Dwyane Wade,"$1,471,382"
3033,2017-2018,David West,"$1,471,382"
3034,2017-2018,Joseph Young,"$1,471,382"
3035,2017-2018,Furkan Korkmaz,"$1,465,920"
3036,2017-2018,Caleb Swanigan,"$1,465,920"
3037,2017-2018,Richard Jefferson,"$1,454,756"
3038,2017-2018,Willy Hernangomez,"$1,435,750"
3039,2017-2018,Jameer Nelson,"$1,429,818"
3040,2017-2018,Kyle Kuzma,"$1,423,560"
3041,2017-2018,Tony Bradley,"$1,414,920"
3042,2017-2018,Derrick White,"$1,404,600"
3043,2017-2018,Josh Hart,"$1,394,520"
3044,2017-2018,Timothe Luwawu-Cabarrot,"$1,386,600"
3045,2017-2018,Davis Bertans,"$1,312,611"
3046,2017-2018,Malcolm Brogdon,"$1,312,611"
3047,2017-2018,Deyonta Davis,"$1,312,611"
3048,2017-2018,Cheick Diallo,"$1,312,611"
3049,2017-2018,Yogi Ferrell,"$1,312,611"
3050,2017-2018,Dorian Finney-Smith,"$1,312,611"
3051,2017-2018,Bryn Forbes,"$1,312,611"
3052,2017-2018,Marcus Georges-Hunt,"$1,312,611"
3053,2017-2018,Treveon Graham,"$1,312,611"
3054,2017-2018,Andrew Harrison,"$1,312,611"
3055,2017-2018,Damian Jones,"$1,312,611"
3056,2017-2018,Skal Labissiere,"$1,312,611"
3057,2017-2018,Jake Layman,"$1,312,611"
3058,2017-2018,Patrick McCaw,"$1,312,611"
3059,2017-2018,Rodney McGruder,"$1,312,611"
3060,2017-2018,Dejounte Murray,"$1,312,611"
3061,2017-2018,David Nwaba,"$1,312,611"
3062,2017-2018,Chinanu Onuaku,"$1,312,611"
3063,2017-2018,Wayne Selden,"$1,312,611"
3064,2017-2018,Pascal Siakam,"$1,312,611"
3065,2017-2018,Isaiah Taylor,"$1,312,611"
3066,2017-2018,Tyler Ulis,"$1,312,611"
3067,2017-2018,Fred VanVleet,"$1,312,611"
3068,2017-2018,Isaiah Whitehead,"$1,312,611"
3069,2017-2018,Paul Zipser,"$1,312,611"
3070,2017-2018,Ivica Zubac,"$1,312,611"
3071,2017-2018,Semi Ojeleye,"$1,291,892"
3072,2017-2018,Frank Mason III,"$1,184,385"
3073,2017-2018,Abdel Nader,"$1,167,333"
3074,2017-2018,Damyean Dotson,"$1,100,000"
3075,2017-2018,Wesley Iwundu,"$1,050,000"
3076,2017-2018,Ike Anigbogu,"$950,000"
3077,2017-2018,Ivan Rabb,"$950,000"
3078,2017-2018,Gerald Green,"$872,854"
3079,2017-2018,Dwayne Bacon,"$815,615"
3080,2017-2018,Jordan Bell,"$815,615"
3081,2017-2018,Khem Birch,"$815,615"
3082,2017-2018,Dillon Brooks,"$815,615"
3083,2017-2018,Sterling Brown,"$815,615"
3084,2017-2018,Thomas Bryant,"$815,615"
3085,2017-2018,Tyler Dorsey,"$815,615"
3086,2017-2018,Jawun Evans,"$815,615"
3087,2017-2018,Frank Jackson,"$815,615"
3088,2017-2018,Dakari Johnson,"$815,615"
3089,2017-2018,Maxi Kleber,"$815,615"
3090,2017-2018,Alfonzo McKinnie,"$815,615"
3091,2017-2018,Royce O'Neale,"$815,615"
3092,2017-2018,Brandon Paul,"$815,615"
3093,2017-2018,Zhou Qi,"$815,615"
3094,2017-2018,Davon Reed,"$815,615"
3095,2017-2018,Daniel Theis,"$815,615"
3096,2017-2018,Sindarius Thornwell,"$815,615"
3097,2017-2018,Trey Burke,"$784,160"
3098,2017-2018,Alex Poythress,"$778,668"
3099,2017-2018,Dwight Buycks,"$748,160"
3100,2017-2018,Tyler Cavanaugh,"$679,919"
3101,2017-2018,Emeka Okafor,"$592,030"
3102,2017-2018,DeAndre Liggins,"$588,120"
3103,2017-2018,Marco Belinelli,"$490,461"
3104,2017-2018,Joe Johnson,"$473,835"
3105,2017-2018,Ersan Ilyasova,"$357,454"
3106,2017-2018,Corey Brewer,"$340,829"
3107,2017-2018,Trevor Booker,"$332,516"
3108,2017-2018,Shabazz Muhammad,"$324,203"
3109,2017-2018,Derrick Rose,"$290,951"
3110,2017-2018,Kyle Collinsworth,"$290,304"
3111,2017-2018,Wade Baldwin,"$229,892"
3112,2017-2018,Ramon Sessions,"$224,448"
3113,2017-2018,Troy Williams,"$222,476"
3114,2017-2018,Georgios Papagiannis,"$185,397"
3115,2017-2018,Shaquille Harrison,"$175,000"
3116,2017-2018,Travis Wear,"$148,318"
3117,2017-2018,Antonius Cleveland,"$133,632"
3118,2017-2018,Brandon Jennings,"$130,911"
3119,2017-2018,Jaylen Morris,"$101,376"
3120,2017-2018,Aaron Harrison,"$91,442"
3121,2017-2018,Rodney Purvis,"$69,120"
3122,2017-2018,Jordan Crawford,"$58,190"
3123,2017-2018,Nigel Hayes-Davis,"$55,296"
3124,2017-2018,MarShon Brooks,"$51,671"
3125,2017-2018,Damion Lee,"$46,080"
3126,2017-2018,Jonathan Gibson,"$44,495"
3127,2017-2018,David Stockton,"$44,495"
3128,2017-2018,Okaro White,"$37,079"
3129,2017-2018,Omari Johnson,"$27,648"
3130,2017-2018,Quinn Cook,"$14,832"
3131,2017-2018,Andre Ingram,"$13,824"
3132,2017-2018,C.J. Williams,"$13,824"
3133,2017-2018,Lorenzo Brown,"$8,313"
3134,2017-2018,Ty Lawson,"$8,313"
3135,2017-2018,Kendrick Perkins,"$8,313"
3136,2017-2018,Aaron Jackson,"$4,608"
3137,2017-2018,Amile Jefferson,"$4,608"
3138,2018-2019,Stephen Curry,"$37,457,154"
3139,2018-2019,LeBron James,"$35,654,150"
3140,2018-2019,Chris Paul,"$35,654,150"
3141,2018-2019,Russell Westbrook,"$35,654,150"
3142,2018-2019,Kyle Lowry,"$32,700,000"
3143,2018-2019,Blake Griffin,"$32,088,932"
3144,2018-2019,Gordon Hayward,"$31,214,295"
3145,2018-2019,Paul George,"$30,560,700"
3146,2018-2019,Mike Conley,"$30,521,115"
3147,2018-2019,James Harden,"$30,421,854"
3148,2018-2019,Kevin Durant,"$30,000,000"
3149,2018-2019,Paul Millsap,"$29,230,769"
3150,2018-2019,Al Horford,"$28,928,709"
3151,2018-2019,Damian Lillard,"$27,977,689"
3152,2018-2019,DeMar DeRozan,"$27,739,975"
3153,2018-2019,Otto Porter Jr.,"$26,011,913"
3154,2018-2019,Jrue Holiday,"$25,976,111"
3155,2018-2019,C.J. McCollum,"$25,759,766"
3156,2018-2019,Joel Embiid,"$25,467,250"
3157,2018-2019,Nikola Jokic,"$25,467,250"
3158,2018-2019,Andrew Wiggins,"$25,467,250"
3159,2018-2019,Bradley Beal,"$25,434,263"
3160,2018-2019,Anthony Davis,"$25,434,263"
3161,2018-2019,Andre Drummond,"$25,434,263"
3162,2018-2019,Hassan Whiteside,"$25,434,263"
3163,2018-2019,Harrison Barnes,"$24,793,702"
3164,2018-2019,Steven Adams,"$24,157,303"
3165,2018-2019,Giannis Antetokounmpo,"$24,157,303"
3166,2018-2019,Marc Gasol,"$24,119,025"
3167,2018-2019,Kevin Love,"$24,119,025"
3168,2018-2019,Chandler Parsons,"$24,107,258"
3169,2018-2019,Nicolas Batum,"$24,000,000"
3170,2018-2019,Rudy Gobert,"$23,491,573"
3171,2018-2019,Kawhi Leonard,"$23,114,066"
3172,2018-2019,DeAndre Jordan,"$22,897,200"
3173,2018-2019,LaMarcus Aldridge,"$22,347,015"
3174,2018-2019,Serge Ibaka,"$21,666,667"
3175,2018-2019,Aaron Gordon,"$21,590,909"
3176,2018-2019,Danilo Gallinari,"$21,587,579"
3177,2018-2019,Victor Oladipo,"$21,000,000"
3178,2018-2019,Jimmy Butler,"$20,445,779"
3179,2018-2019,Ryan Anderson,"$20,421,546"
3180,2018-2019,Kyrie Irving,"$20,099,188"
3181,2018-2019,Jabari Parker,"$20,000,000"
3182,2018-2019,Zach LaVine,"$19,500,000"
3183,2018-2019,Tyler Johnson,"$19,245,370"
3184,2018-2019,Tim Hardaway Jr.,"$19,200,127"
3185,2018-2019,John Wall,"$19,169,800"
3186,2018-2019,George Hill,"$19,000,000"
3187,2018-2019,Jeff Teague,"$19,000,000"
3188,2018-2019,Klay Thompson,"$18,988,725"
3189,2018-2019,Allen Crabbe,"$18,500,000"
3190,2018-2019,Goran Dragic,"$18,109,175"
3191,2018-2019,Kent Bazemore,"$18,089,887"
3192,2018-2019,Evan Turner,"$17,868,852"
3193,2018-2019,Draymond Green,"$17,469,565"
3194,2018-2019,Tristan Thompson,"$17,469,565"
3195,2018-2019,Reggie Jackson,"$17,043,478"
3196,2018-2019,Bismack Biyombo,"$17,000,000"
3197,2018-2019,Evan Fournier,"$17,000,000"
3198,2018-2019,Derrick Favors,"$16,900,000"
3199,2018-2019,Jonas Valanciunas,"$16,539,326"
3200,2018-2019,Gary Harris,"$16,517,857"
3201,2018-2019,Andre Iguodala,"$16,000,000"
3202,2018-2019,Timofey Mozgov,"$16,000,000"
3203,2018-2019,Ian Mahinmi,"$15,944,154"
3204,2018-2019,Dennis Schröder,"$15,500,000"
3205,2018-2019,DeMarre Carroll,"$15,400,000"
3206,2018-2019,Gorgui Dieng,"$15,170,787"
3207,2018-2019,Trevor Ariza,"$15,000,000"
3208,2018-2019,Eric Bledsoe,"$15,000,000"
3209,2018-2019,Ricky Rubio,"$14,975,000"
3210,2018-2019,Tobias Harris,"$14,800,000"
3211,2018-2019,J.R. Smith,"$14,720,000"
3212,2018-2019,James Johnson,"$14,651,700"
3213,2018-2019,Brandon Knight,"$14,631,250"
3214,2018-2019,Robin Lopez,"$14,357,750"
3215,2018-2019,Marvin Williams,"$14,087,500"
3216,2018-2019,Taj Gibson,"$14,000,000"
3217,2018-2019,Clint Capela,"$13,793,103"
3218,2018-2019,Thaddeus Young,"$13,764,045"
3219,2018-2019,Cody Zeller,"$13,528,090"
3220,2018-2019,Eric Gordon,"$13,500,375"
3221,2018-2019,Nikola Vucevic,"$13,250,000"
3222,2018-2019,Joe Ingles,"$13,045,455"
3223,2018-2019,Michael Kidd-Gilchrist,"$13,000,000"
3224,2018-2019,Khris Middleton,"$13,000,000"
3225,2018-2019,Mason Plumlee,"$12,917,808"
3226,2018-2019,Wilson Chandler,"$12,800,562"
3227,2018-2019,Jordan Clarkson,"$12,500,000"
3228,2018-2019,Nikola Mirotic,"$12,500,000"
3229,2018-2019,Miles Plumlee,"$12,500,000"
3230,2018-2019,Tyreke Evans,"$12,400,000"
3231,2018-2019,Jusuf Nurkic,"$12,361,111"
3232,2018-2019,Courtney Lee,"$12,253,780"
3233,2018-2019,Solomon Hill,"$12,252,928"
3234,2018-2019,J.J. Redick,"$12,250,000"
3235,2018-2019,Kelly Olynyk,"$12,137,527"
3236,2018-2019,Avery Bradley,"$12,000,000"
3237,2018-2019,Kentavious Caldwell-Pope,"$12,000,000"
3238,2018-2019,Kemba Walker,"$12,000,000"
3239,2018-2019,Will Barton,"$11,830,358"
3240,2018-2019,T.J. Warren,"$11,750,000"
3241,2018-2019,Marcus Smart,"$11,660,716"
3242,2018-2019,Patty Mills,"$11,571,429"
3243,2018-2019,Dion Waiters,"$11,550,000"
3244,2018-2019,Alec Burks,"$11,536,515"
3245,2018-2019,John Henson,"$11,327,466"
3246,2018-2019,Iman Shumpert,"$11,011,236"
3247,2018-2019,Tony Snell,"$10,807,143"
3248,2018-2019,Meyers Leonard,"$10,595,506"
3249,2018-2019,Bojan Bogdanovic,"$10,500,000"
3250,2018-2019,Terrence Ross,"$10,500,000"
3251,2018-2019,Robert Covington,"$10,464,092"
3252,2018-2019,Maurice Harkless,"$10,337,079"
3253,2018-2019,Rudy Gay,"$10,087,200"
3254,2018-2019,Jon Leuer,"$10,002,681"
3255,2018-2019,Darren Collison,"$10,000,000"
3256,2018-2019,Danny Green,"$10,000,000"
3257,2018-2019,Andre Roberson,"$10,000,000"
3258,2018-2019,Dwight Powell,"$9,631,250"
3259,2018-2019,Matthew Dellavedova,"$9,607,500"
3260,2018-2019,Dante Exum,"$9,600,000"
3261,2018-2019,Jared Dudley,"$9,530,000"
3262,2018-2019,Norman Powell,"$9,367,200"
3263,2018-2019,Josh Richardson,"$9,367,200"
3264,2018-2019,Bogdan Bogdanovic,"$9,000,000"
3265,2018-2019,Rajon Rondo,"$9,000,000"
3266,2018-2019,E'Twaun Moore,"$8,808,685"
3267,2018-2019,Kosta Koufos,"$8,739,500"
3268,2018-2019,Jerami Grant,"$8,653,847"
3269,2018-2019,Fred VanVleet,"$8,653,847"
3270,2018-2019,Kyle Anderson,"$8,641,000"
3271,2018-2019,Julius Randle,"$8,641,000"
3272,2018-2019,Jerryd Bayless,"$8,575,916"
3273,2018-2019,Cristiano Felicio,"$8,470,980"
3274,2018-2019,Markelle Fultz,"$8,339,880"
3275,2018-2019,Joe Harris,"$8,333,333"
3276,2018-2019,C.J. Miles,"$8,333,333"
3277,2018-2019,Shaun Livingston,"$8,307,692"
3278,2018-2019,Deandre Ayton,"$8,165,160"
3279,2018-2019,Garrett Temple,"$8,000,000"
3280,2018-2019,Louis Williams,"$8,000,000"
3281,2018-2019,P.J. Tucker,"$7,969,537"
3282,2018-2019,Cory Joseph,"$7,945,000"
3283,2018-2019,JaMychal Green,"$7,866,667"
3284,2018-2019,Karl-Anthony Towns,"$7,839,435"
3285,2018-2019,Kyle Korver,"$7,560,000"
3286,2018-2019,Jeremy Lamb,"$7,488,372"
3287,2018-2019,Lonzo Ball,"$7,461,960"
3288,2018-2019,Doug McDermott,"$7,333,334"
3289,2018-2019,Jae Crowder,"$7,305,825"
3290,2018-2019,Marvin Bagley III,"$7,305,600"
3291,2018-2019,D.J. Augustin,"$7,250,000"
3292,2018-2019,Dewayne Dedmon,"$7,200,000"
3293,2018-2019,Lance Thomas,"$7,119,650"
3294,2018-2019,D'Angelo Russell,"$7,019,698"
3295,2018-2019,Davis Bertans,"$7,000,000"
3296,2018-2019,Langston Galloway,"$7,000,000"
3297,2018-2019,Ersan Ilyasova,"$7,000,000"
3298,2018-2019,Boban Marjanovic,"$7,000,000"
3299,2018-2019,Al-Farouq Aminu,"$6,957,105"
3300,2018-2019,Jayson Tatum,"$6,700,800"
3301,2018-2019,Luka Doncic,"$6,560,640"
3302,2018-2019,Nemanja Bjelica,"$6,500,000"
3303,2018-2019,Mario Hezonja,"$6,500,000"
3304,2018-2019,Ben Simmons,"$6,434,520"
3305,2018-2019,Marco Belinelli,"$6,153,846"
3306,2018-2019,Josh Jackson,"$6,041,520"
3307,2018-2019,Montrezl Harrell,"$6,000,000"
3308,2018-2019,Jonathon Simmons,"$6,000,000"
3309,2018-2019,Ishmael Smith,"$6,000,000"
3310,2018-2019,Jaren Jackson Jr.,"$5,915,040"
3311,2018-2019,Brandon Ingram,"$5,757,120"
3312,2018-2019,Anthony Tolliver,"$5,750,000"
3313,2018-2019,Kristaps Porzingis,"$5,697,054"
3314,2018-2019,De'Aaron Fox,"$5,470,920"
3315,2018-2019,Patrick Patterson,"$5,451,600"
3316,2018-2019,Marcus Morris Sr.,"$5,375,000"
3317,2018-2019,Trae Young,"$5,356,440"
3318,2018-2019,DeMarcus Cousins,"$5,337,000"
3319,2018-2019,Dwight Howard,"$5,337,000"
3320,2018-2019,Thabo Sefolosha,"$5,250,000"
3321,2018-2019,Aron Baynes,"$5,193,600"
3322,2018-2019,Jaylen Brown,"$5,169,960"
3323,2018-2019,Patrick Beverley,"$5,027,027"
3324,2018-2019,Mike Muscala,"$5,000,000"
3325,2018-2019,Dirk Nowitzki,"$5,000,000"
3326,2018-2019,Tony Parker,"$5,000,000"
3327,2018-2019,Jonathan Isaac,"$4,969,080"
3328,2018-2019,Mohamed Bamba,"$4,865,040"
3329,2018-2019,Willie Cauley-Stein,"$4,696,875"
3330,2018-2019,Dragan Bender,"$4,661,280"
3331,2018-2019,Lauri Markkanen,"$4,536,120"
3332,2018-2019,Ed Davis,"$4,449,000"
3333,2018-2019,Kyle O'Quinn,"$4,449,000"
3334,2018-2019,Lance Stephenson,"$4,449,000"
3335,2018-2019,Wendell Carter Jr.,"$4,441,200"
3336,2018-2019,Justin Holiday,"$4,384,615"
3337,2018-2019,Alex Len,"$4,350,000"
3338,2018-2019,Mike Scott,"$4,320,500"
3339,2018-2019,Emmanuel Mudiay,"$4,294,480"
3340,2018-2019,Kris Dunn,"$4,221,000"
3341,2018-2019,Frank Ntilikina,"$4,155,720"
3342,2018-2019,Glenn Robinson III,"$4,075,000"
3343,2018-2019,Collin Sexton,"$4,068,600"
3344,2018-2019,Stanley Johnson,"$3,940,402"
3345,2018-2019,Buddy Hield,"$3,833,760"
3346,2018-2019,Dennis Smith Jr.,"$3,819,960"
3347,2018-2019,Kevin Knox,"$3,739,920"
3348,2018-2019,Jose Barea,"$3,710,850"
3349,2018-2019,Nene Hilario,"$3,651,480"
3350,2018-2019,Zach Collins,"$3,628,920"
3351,2018-2019,Frank Kaminsky,"$3,627,842"
3352,2018-2019,Mikal Bridges,"$3,552,960"
3353,2018-2019,Jamal Murray,"$3,499,800"
3354,2018-2019,Rodney Hood,"$3,472,887"
3355,2018-2019,Justise Winslow,"$3,448,926"
3356,2018-2019,Malik Monk,"$3,447,480"
3357,2018-2019,Myles Turner,"$3,410,284"
3358,2018-2019,Brook Lopez,"$3,382,000"
3359,2018-2019,Allonzo Trier,"$3,382,000"
3360,2018-2019,Shai Gilgeous-Alexander,"$3,375,360"
3361,2018-2019,Trey Lyles,"$3,364,249"
3362,2018-2019,Ekpe Udoh,"$3,360,000"
3363,2018-2019,Devin Booker,"$3,314,365"
3364,2018-2019,Luke Kennard,"$3,275,280"
3365,2018-2019,Troy Daniels,"$3,258,549"
3366,2018-2019,Kelly Oubre Jr.,"$3,208,630"
3367,2018-2019,Miles Bridges,"$3,206,640"
3368,2018-2019,Marquese Chriss,"$3,206,160"
3369,2018-2019,Tomas Satoransky,"$3,129,187"
3370,2018-2019,Bryn Forbes,"$3,125,000"
3371,2018-2019,Donovan Mitchell,"$3,111,480"
3372,2018-2019,Terry Rozier,"$3,050,390"
3373,2018-2019,Jerome Robinson,"$3,046,200"
3374,2018-2019,Yogi Ferrell,"$3,000,000"
3375,2018-2019,Elfrid Payton,"$3,000,000"
3376,2018-2019,Bam Adebayo,"$2,955,840"
3377,2018-2019,Jakob Poeltl,"$2,947,320"
3378,2018-2019,Michael Porter Jr.,"$2,894,160"
3379,2018-2019,Justin Jackson,"$2,807,880"
3380,2018-2019,Thon Maker,"$2,799,720"
3381,2018-2019,Seth Curry,"$2,795,000"
3382,2018-2019,Cedi Osman,"$2,775,000"
3383,2018-2019,Sam Dekker,"$2,760,095"
3384,2018-2019,Troy Brown Jr.,"$2,749,080"
3385,2018-2019,Guerschon Yabusele,"$2,667,600"
3386,2018-2019,Domantas Sabonis,"$2,659,800"
3387,2018-2019,Jerian Grant,"$2,639,314"
3388,2018-2019,Zhaire Smith,"$2,611,800"
3389,2018-2019,Delon Wright,"$2,536,898"
3390,2018-2019,DJ Wilson,"$2,534,280"
3391,2018-2019,Taurean Prince,"$2,526,840"
3392,2018-2019,Dario Saric,"$2,526,840"
3393,2018-2019,Justin Anderson,"$2,516,048"
3394,2018-2019,Reggie Bullock,"$2,500,000"
3395,2018-2019,Bobby Portis,"$2,494,346"
3396,2018-2019,Dante Cunningham,"$2,487,000"
3397,2018-2019,Donte DiVincenzo,"$2,481,000"
3398,2018-2019,Rondae Hollis-Jefferson,"$2,470,357"
3399,2018-2019,Tyus Jones,"$2,444,053"
3400,2018-2019,Jarell Martin,"$2,416,222"
3401,2018-2019,TJ Leaf,"$2,407,560"
3402,2018-2019,Wayne Ellington,"$2,383,076"
3403,2018-2019,Lonnie Walker IV,"$2,357,160"
3404,2018-2019,John Collins,"$2,299,080"
3405,2018-2019,Denzel Valentine,"$2,280,600"
3406,2018-2019,Larry Nance Jr.,"$2,272,391"
3407,2018-2019,Kevin Huerter,"$2,250,960"
3408,2018-2019,Harry Giles,"$2,207,040"
3409,2018-2019,Darius Miller,"$2,205,000"
3410,2018-2019,Juancho Hernangomez,"$2,166,360"
3411,2018-2019,Josh Okogie,"$2,160,720"
3412,2018-2019,Raul Neto,"$2,150,000"
3413,2018-2019,Terrance Ferguson,"$2,118,840"
3414,2018-2019,Grayson Allen,"$2,074,320"
3415,2018-2019,Jarrett Allen,"$2,034,120"
3416,2018-2019,Corey Brewer,"$2,000,000"
3417,2018-2019,Torrey Craig,"$2,000,000"
3418,2018-2019,Chandler Hutchison,"$1,991,520"
3419,2018-2019,OG Anunoby,"$1,952,760"
3420,2018-2019,Ante Zizic,"$1,952,760"
3421,2018-2019,Shabazz Napier,"$1,942,422"
3422,2018-2019,Aaron Holiday,"$1,911,960"
3423,2018-2019,Tyler Lydon,"$1,874,640"
3424,2018-2019,Anfernee Simons,"$1,835,520"
3425,2018-2019,Trey Burke,"$1,795,015"
3426,2018-2019,Malik Beasley,"$1,773,840"
3427,2018-2019,Moritz Wagner,"$1,762,080"
3428,2018-2019,Nerlens Noel,"$1,757,429"
3429,2018-2019,Furkan Korkmaz,"$1,740,000"
3430,2018-2019,Caleb Swanigan,"$1,740,000"
3431,2018-2019,Landry Shamet,"$1,703,640"
3432,2018-2019,Caris LeVert,"$1,702,800"
3433,2018-2019,Jonah Bolden,"$1,690,000"
3434,2018-2019,Kyle Kuzma,"$1,689,840"
3435,2018-2019,Tony Bradley,"$1,679,520"
3436,2018-2019,Derrick White,"$1,667,160"
3437,2018-2019,Spencer Dinwiddie,"$1,656,092"
3438,2018-2019,Josh Hart,"$1,655,160"
3439,2018-2019,Robert Williams III,"$1,654,440"
3440,2018-2019,Jacob Evans,"$1,644,240"
3441,2018-2019,Pat Connaughton,"$1,641,000"
3442,2018-2019,DeAndre' Bembry,"$1,634,640"
3443,2018-2019,Dzanan Musa,"$1,632,240"
3444,2018-2019,James Ennis III,"$1,621,415"
3445,2018-2019,Omari Spellman,"$1,620,480"
3446,2018-2019,Luke Kornet,"$1,619,260"
3447,2018-2019,Rodions Kurucs,"$1,618,320"
3448,2018-2019,Richaun Holmes,"$1,600,520"
3449,2018-2019,T.J. McConnell,"$1,600,520"
3450,2018-2019,Jahlil Okafor,"$1,567,007"
3451,2018-2019,Malcolm Brogdon,"$1,544,951"
3452,2018-2019,Quinn Cook,"$1,544,951"
3453,2018-2019,Cheick Diallo,"$1,544,951"
3454,2018-2019,Dorian Finney-Smith,"$1,544,951"
3455,2018-2019,Willy Hernangomez,"$1,544,951"
3456,2018-2019,Damian Jones,"$1,544,951"
3457,2018-2019,Skal Labissiere,"$1,544,951"
3458,2018-2019,Jake Layman,"$1,544,951"
3459,2018-2019,Timothe Luwawu-Cabarrot,"$1,544,951"
3460,2018-2019,Rodney McGruder,"$1,544,951"
3461,2018-2019,Dejounte Murray,"$1,544,951"
3462,2018-2019,Wayne Selden,"$1,544,951"
3463,2018-2019,Pascal Siakam,"$1,544,951"
3464,2018-2019,Ivica Zubac,"$1,544,951"
3465,2018-2019,Jose Calderon,"$1,512,601"
3466,2018-2019,Vince Carter,"$1,512,601"
3467,2018-2019,Ian Clark,"$1,512,601"
3468,2018-2019,Jamal Crawford,"$1,512,601"
3469,2018-2019,Luol Deng,"$1,512,601"
3470,2018-2019,Raymond Felton,"$1,512,601"
3471,2018-2019,Channing Frye,"$1,512,601"
3472,2018-2019,Treveon Graham,"$1,512,601"
3473,2018-2019,Gerald Green,"$1,512,601"
3474,2018-2019,Jeff Green,"$1,512,601"
3475,2018-2019,Devin Harris,"$1,512,601"
3476,2018-2019,Udonis Haslem,"$1,512,601"
3477,2018-2019,Jonas Jerebko,"$1,512,601"
3478,2018-2019,Amir Johnson,"$1,512,601"
3479,2018-2019,Derrick Jones Jr.,"$1,512,601"
3480,2018-2019,Kevon Looney,"$1,512,601"
3481,2018-2019,Shelvin Mack,"$1,512,601"
3482,2018-2019,JaVale McGee,"$1,512,601"
3483,2018-2019,Georges Niang,"$1,512,601"
3484,2018-2019,David Nwaba,"$1,512,601"
3485,2018-2019,Zaza Pachulia,"$1,512,601"
3486,2018-2019,Quincy Pondexter,"$1,512,601"
3487,2018-2019,Derrick Rose,"$1,512,601"
3488,2018-2019,Isaiah Thomas,"$1,512,601"
3489,2018-2019,Noah Vonleh,"$1,512,601"
3490,2018-2019,Dwyane Wade,"$1,512,601"
3491,2018-2019,Christian Wood,"$1,512,601"
3492,2018-2019,Sviatoslav Mykhailiuk,"$1,487,694"
3493,2018-2019,Mitchell Robinson,"$1,485,440"
3494,2018-2019,Dwayne Bacon,"$1,378,242"
3495,2018-2019,Jordan Bell,"$1,378,242"
3496,2018-2019,Khem Birch,"$1,378,242"
3497,2018-2019,Dillon Brooks,"$1,378,242"
3498,2018-2019,Sterling Brown,"$1,378,242"
3499,2018-2019,Thomas Bryant,"$1,378,242"
3500,2018-2019,Tyler Dorsey,"$1,378,242"
3501,2018-2019,Damyean Dotson,"$1,378,242"
3502,2018-2019,Wesley Iwundu,"$1,378,242"
3503,2018-2019,Frank Jackson,"$1,378,242"
3504,2018-2019,Maxi Kleber,"$1,378,242"
3505,2018-2019,Frank Mason III,"$1,378,242"
3506,2018-2019,Abdel Nader,"$1,378,242"
3507,2018-2019,Royce O'Neale,"$1,378,242"
3508,2018-2019,Semi Ojeleye,"$1,378,242"
3509,2018-2019,Ivan Rabb,"$1,378,242"
3510,2018-2019,Daniel Theis,"$1,378,242"
3511,2018-2019,Sindarius Thornwell,"$1,378,242"
3512,2018-2019,Ryan Arcidiacono,"$1,349,383"
3513,2018-2019,Antonio Blakeney,"$1,349,383"
3514,2018-2019,Alfonzo McKinnie,"$1,349,383"
3515,2018-2019,Monte Morris,"$1,349,383"
3516,2018-2019,Tyrone Wallace,"$1,349,383"
3517,2018-2019,Tyson Chandler,"$1,333,140"
3518,2018-2019,Shaquille Harrison,"$1,311,264"
3519,2018-2019,Élie Okobo,"$1,238,464"
3520,2018-2019,Jalen Brunson,"$1,230,000"
3521,2018-2019,Joakim Noah,"$1,093,858"
3522,2018-2019,Melvin Frazier Jr.,"$1,050,000"
3523,2018-2019,Isaac Bonga,"$1,000,000"
3524,2018-2019,Devonte' Graham,"$988,464"
3525,2018-2019,De'Anthony Melton,"$949,000"
3526,2018-2019,Austin Rivers,"$922,943"
3527,2018-2019,Chasson Randle,"$869,094"
3528,2018-2019,Keita Bates-Diop,"$838,464"
3529,2018-2019,Ryan Broekhoff,"$838,464"
3530,2018-2019,Bruce Brown Jr.,"$838,464"
3531,2018-2019,Jevon Carter,"$838,464"
3532,2018-2019,Hamidou Diallo,"$838,464"
3533,2018-2019,Isaiah Hartenstein,"$838,464"
3534,2018-2019,Alize Johnson,"$838,464"
3535,2018-2019,Chimezie Metu,"$838,464"
3536,2018-2019,Khyri Thomas,"$838,464"
3537,2018-2019,Gary Trent Jr.,"$838,464"
3538,2018-2019,Jarred Vanderbilt,"$838,464"
3539,2018-2019,Brad Wanamaker,"$838,464"
3540,2018-2019,Kenrich Williams,"$838,464"
3541,2018-2019,Patrick McCaw,"$786,211"
3542,2018-2019,Kenneth Faried,"$683,661"
3543,2018-2019,Gary Clark,"$596,872"
3544,2018-2019,Bruno Caboclo,"$522,150"
3545,2018-2019,Wesley Matthews,"$512,746"
3546,2018-2019,Salah Mejri,"$512,746"
3547,2018-2019,Nik Stauskas,"$504,200"
3548,2018-2019,Enes Freedom,"$487,109"
3549,2018-2019,Jeremy Lin,"$487,109"
3550,2018-2019,John Jenkins,"$486,520"
3551,2018-2019,Chris Boucher,"$457,418"
3552,2018-2019,Malcolm Miller,"$457,418"
3553,2018-2019,Edmond Sumner,"$449,794"
3554,2018-2019,Markieff Morris,"$427,289"
3555,2018-2019,Henry Ellenson,"$341,831"
3556,2018-2019,Pau Gasol,"$333,285"
3557,2018-2019,Andrew Bogut,"$307,648"
3558,2018-2019,Danuel House Jr.,"$247,827"
3559,2018-2019,Jaylen Adams,"$236,854"
3560,2018-2019,Tim Frazier,"$196,553"
3561,2018-2019,Dairis Bertans,"$194,220"
3562,2018-2019,Ray Spalding,"$184,746"
3563,2018-2019,Jimmer Fredette,"$170,915"
3564,2018-2019,Deonte Burton,"$151,587"
3565,2018-2019,Jodie Meeks,"$136,732"
3566,2018-2019,Cam Reynolds,"$108,953"
3567,2018-2019,Walter Lemon Jr.,"$99,107"
3568,2018-2019,Chris Chiozza,"$90,005"
3569,2018-2019,Michael Carter-Williams,"$59,820"
3570,2018-2019,Greg Monroe,"$59,820"
3571,2018-2019,Donatas Motiejunas,"$59,820"
3572,2018-2019,Jermerrio Jones,"$52,108"
3573,2018-2019,Tyler Zeller,"$51,275"
3574,2018-2019,Isaac Humphries,"$47,371"
3575,2018-2019,B.J. Johnson,"$47,371"
3576,2018-2019,Billy Garrett,"$42,634"
3577,2018-2019,Deyonta Davis,"$25,637"
3578,2018-2019,Michael Frazier,"$23,685"
3579,2018-2019,Jonathan Gibson,"$17,092"
3580,2018-2019,Jordan McRae,"$17,092"
3581,2018-2019,Eric Moreland,"$17,092"
3582,2018-2019,Yante Maten,"$14,211"
3583,2018-2019,Mitch Creek,"$9,474"
3584,2018-2019,Tarik Phillip,"$9,474"
3585,2018-2019,Duncan Robinson,"$9,474"
3586,2018-2019,Kendrick Nunn,"$4,737"
3587,2018-2019,Theo Pinson,"$4,737"
3588,2019-2020,Stephen Curry,"$40,231,758"
3589,2019-2020,Chris Paul,"$38,506,482"
3590,2019-2020,Russell Westbrook,"$38,506,482"
3591,2019-2020,Kevin Durant,"$38,199,000"
3592,2019-2020,James Harden,"$38,199,000"
3593,2019-2020,John Wall,"$38,199,000"
3594,2019-2020,LeBron James,"$37,436,858"
3595,2019-2020,Kyle Lowry,"$34,996,296"
3596,2019-2020,Blake Griffin,"$34,449,964"
3597,2019-2020,Paul George,"$33,005,556"
3598,2019-2020,Jimmy Butler,"$32,742,000"
3599,2019-2020,Tobias Harris,"$32,742,000"
3600,2019-2020,Kawhi Leonard,"$32,742,000"
3601,2019-2020,Klay Thompson,"$32,742,000"
3602,2019-2020,Kemba Walker,"$32,742,000"
3603,2019-2020,Gordon Hayward,"$32,700,690"
3604,2019-2020,Mike Conley,"$32,511,623"
3605,2019-2020,Kyrie Irving,"$31,742,000"
3606,2019-2020,Khris Middleton,"$30,603,448"
3607,2019-2020,Paul Millsap,"$30,350,000"
3608,2019-2020,Damian Lillard,"$29,802,321"
3609,2019-2020,Kevin Love,"$28,942,830"
3610,2019-2020,Al Horford,"$28,000,000"
3611,2019-2020,Nikola Vucevic,"$28,000,000"
3612,2019-2020,Andre Drummond,"$27,950,199"
3613,2019-2020,DeMar DeRozan,"$27,739,975"
3614,2019-2020,C.J. McCollum,"$27,556,959"
3615,2019-2020,Joel Embiid,"$27,504,630"
3616,2019-2020,Nikola Jokic,"$27,504,630"
3617,2019-2020,Andrew Wiggins,"$27,504,630"
3618,2019-2020,Devin Booker,"$27,285,000"
3619,2019-2020,Kristaps Porzingis,"$27,285,000"
3620,2019-2020,D'Angelo Russell,"$27,285,000"
3621,2019-2020,Karl-Anthony Towns,"$27,285,000"
3622,2019-2020,Otto Porter Jr.,"$27,250,575"
3623,2019-2020,Bradley Beal,"$27,093,019"
3624,2019-2020,Anthony Davis,"$27,093,019"
3625,2019-2020,Hassan Whiteside,"$27,093,019"
3626,2019-2020,Jrue Holiday,"$26,231,111"
3627,2019-2020,LaMarcus Aldridge,"$26,000,000"
3628,2019-2020,Steven Adams,"$25,842,697"
3629,2019-2020,Giannis Antetokounmpo,"$25,842,697"
3630,2019-2020,Marc Gasol,"$25,595,700"
3631,2019-2020,Nicolas Batum,"$25,565,217"
3632,2019-2020,Rudy Gobert,"$25,008,427"
3633,2019-2020,Harrison Barnes,"$24,147,727"
3634,2019-2020,Serge Ibaka,"$23,271,605"
3635,2019-2020,Danilo Gallinari,"$22,615,559"
3636,2019-2020,Victor Oladipo,"$21,000,000"
3637,2019-2020,Tim Hardaway Jr.,"$20,025,127"
3638,2019-2020,Malcolm Brogdon,"$20,000,000"
3639,2019-2020,Terry Rozier,"$19,894,737"
3640,2019-2020,Aaron Gordon,"$19,863,636"
3641,2019-2020,Zach LaVine,"$19,500,000"
3642,2019-2020,Kent Bazemore,"$19,269,662"
3643,2019-2020,Goran Dragic,"$19,217,900"
3644,2019-2020,Jeff Teague,"$19,000,000"
3645,2019-2020,Evan Turner,"$18,606,557"
3646,2019-2020,Draymond Green,"$18,539,130"
3647,2019-2020,Tristan Thompson,"$18,539,130"
3648,2019-2020,Gary Harris,"$18,289,286"
3649,2019-2020,Julius Randle,"$18,000,000"
3650,2019-2020,Myles Turner,"$18,000,000"
3651,2019-2020,Derrick Favors,"$17,650,000"
3652,2019-2020,Andre Iguodala,"$17,185,185"
3653,2019-2020,Evan Fournier,"$17,150,000"
3654,2019-2020,Bismack Biyombo,"$17,000,000"
3655,2019-2020,Bojan Bogdanovic,"$17,000,000"
3656,2019-2020,Gorgui Dieng,"$16,229,213"
3657,2019-2020,Ricky Rubio,"$16,200,000"
3658,2019-2020,Jonas Valanciunas,"$16,000,000"
3659,2019-2020,Brandon Knight,"$15,643,750"
3660,2019-2020,Eric Bledsoe,"$15,625,000"
3661,2019-2020,Kelly Oubre Jr.,"$15,625,000"
3662,2019-2020,Dennis Schröder,"$15,500,000"
3663,2019-2020,Ian Mahinmi,"$15,450,051"
3664,2019-2020,James Johnson,"$15,129,400"
3665,2019-2020,Marcus Morris Sr.,"$15,000,000"
3666,2019-2020,Bobby Portis,"$15,000,000"
3667,2019-2020,Clint Capela,"$14,896,552"
3668,2019-2020,Danny Green,"$14,634,146"
3669,2019-2020,Rudy Gay,"$14,500,000"
3670,2019-2020,Cody Zeller,"$14,471,910"
3671,2019-2020,Eric Gordon,"$14,057,730"
3672,2019-2020,Mason Plumlee,"$14,041,096"
3673,2019-2020,J.J. Redick,"$13,486,300"
3674,2019-2020,Jordan Clarkson,"$13,437,500"
3675,2019-2020,Dewayne Dedmon,"$13,333,334"
3676,2019-2020,Jusuf Nurkic,"$13,250,000"
3677,2019-2020,Justise Winslow,"$13,000,000"
3678,2019-2020,Thaddeus Young,"$12,900,000"
3679,2019-2020,Will Barton,"$12,776,786"
3680,2019-2020,Courtney Lee,"$12,759,670"
3681,2019-2020,Solomon Hill,"$12,758,781"
3682,2019-2020,Larry Nance Jr.,"$12,727,273"
3683,2019-2020,Kelly Olynyk,"$12,667,886"
3684,2019-2020,Marcus Smart,"$12,553,471"
3685,2019-2020,Terrence Ross,"$12,500,000"
3686,2019-2020,Patty Mills,"$12,428,571"
3687,2019-2020,Patrick Beverley,"$12,345,680"
3688,2019-2020,Trevor Ariza,"$12,200,000"
3689,2019-2020,Brook Lopez,"$12,093,024"
3690,2019-2020,Cory Joseph,"$12,000,000"
3691,2019-2020,Joe Ingles,"$11,954,546"
3692,2019-2020,Tony Snell,"$11,392,857"
3693,2019-2020,Robert Covington,"$11,301,219"
3694,2019-2020,Meyers Leonard,"$11,286,517"
3695,2019-2020,Maurice Harkless,"$11,011,236"
3696,2019-2020,T.J. Warren,"$10,810,000"
3697,2019-2020,Andre Roberson,"$10,740,740"
3698,2019-2020,Spencer Dinwiddie,"$10,605,600"
3699,2019-2020,Jeremy Lamb,"$10,500,000"
3700,2019-2020,Dwight Powell,"$10,259,375"
3701,2019-2020,Norman Powell,"$10,116,576"
3702,2019-2020,Josh Richardson,"$10,116,576"
3703,2019-2020,Tomas Satoransky,"$10,000,000"
3704,2019-2020,DeAndre Jordan,"$9,881,598"
3705,2019-2020,Zion Williamson,"$9,757,440"
3706,2019-2020,Markelle Fultz,"$9,745,200"
3707,2019-2020,John Henson,"$9,732,396"
3708,2019-2020,Matthew Dellavedova,"$9,607,500"
3709,2019-2020,Dante Exum,"$9,600,000"
3710,2019-2020,Deandre Ayton,"$9,562,920"
3711,2019-2020,Delon Wright,"$9,473,684"
3712,2019-2020,Jerami Grant,"$9,346,153"
3713,2019-2020,Fred VanVleet,"$9,346,153"
3714,2019-2020,Al-Farouq Aminu,"$9,258,000"
3715,2019-2020,Tyus Jones,"$9,258,000"
3716,2019-2020,George Hill,"$9,133,907"
3717,2019-2020,Kyle Anderson,"$9,073,050"
3718,2019-2020,Taj Gibson,"$9,000,000"
3719,2019-2020,Ja Morant,"$8,730,240"
3720,2019-2020,Lonzo Ball,"$8,719,320"
3721,2019-2020,E'Twaun Moore,"$8,664,928"
3722,2019-2020,Marvin Bagley III,"$8,556,120"
3723,2019-2020,Bogdan Bogdanovic,"$8,529,386"
3724,2019-2020,P.J. Tucker,"$8,349,039"
3725,2019-2020,Cristiano Felicio,"$8,156,500"
3726,2019-2020,Ben Simmons,"$8,113,930"
3727,2019-2020,Kentavious Caldwell-Pope,"$8,089,282"
3728,2019-2020,Thomas Bryant,"$8,000,000"
3729,2019-2020,Wayne Ellington,"$8,000,000"
3730,2019-2020,Maxi Kleber,"$8,000,000"
3731,2019-2020,Elfrid Payton,"$8,000,000"
3732,2019-2020,Louis Williams,"$8,000,000"
3733,2019-2020,R.J. Barrett,"$7,839,960"
3734,2019-2020,Jayson Tatum,"$7,830,000"
3735,2019-2020,Jae Crowder,"$7,815,533"
3736,2019-2020,Luka Doncic,"$7,683,360"
3737,2019-2020,Joe Harris,"$7,666,667"
3738,2019-2020,Seth Curry,"$7,461,380"
3739,2019-2020,Langston Galloway,"$7,333,333"
3740,2019-2020,Doug McDermott,"$7,333,333"
3741,2019-2020,Derrick Rose,"$7,317,073"
3742,2019-2020,Brandon Ingram,"$7,265,485"
3743,2019-2020,D.J. Augustin,"$7,250,000"
3744,2019-2020,Darius Miller,"$7,250,000"
3745,2019-2020,De'Andre Hunter,"$7,068,360"
3746,2019-2020,Josh Jackson,"$7,059,480"
3747,2019-2020,Davis Bertans,"$7,000,000"
3748,2019-2020,Ersan Ilyasova,"$7,000,000"
3749,2019-2020,Jaren Jackson Jr.,"$6,927,480"
3750,2019-2020,Nemanja Bjelica,"$6,825,000"
3751,2019-2020,Jaylen Brown,"$6,534,829"
3752,2019-2020,Jabari Parker,"$6,500,000"
3753,2019-2020,Ivica Zubac,"$6,481,482"
3754,2019-2020,Darius Garland,"$6,400,920"
3755,2019-2020,De'Aaron Fox,"$6,392,760"
3756,2019-2020,Trae Young,"$6,273,000"
3757,2019-2020,Montrezl Harrell,"$6,000,000"
3758,2019-2020,Ishmael Smith,"$6,000,000"
3759,2019-2020,Marco Belinelli,"$5,846,154"
3760,2019-2020,Jarrett Culver,"$5,813,640"
3761,2019-2020,Jonathan Isaac,"$5,806,440"
3762,2019-2020,Rodney Hood,"$5,718,000"
3763,2019-2020,Mohamed Bamba,"$5,697,600"
3764,2019-2020,Trey Lyles,"$5,500,000"
3765,2019-2020,Aron Baynes,"$5,453,280"
3766,2019-2020,Kris Dunn,"$5,348,007"
3767,2019-2020,Coby White,"$5,307,120"
3768,2019-2020,Lauri Markkanen,"$5,300,400"
3769,2019-2020,Wendell Carter Jr.,"$5,201,400"
3770,2019-2020,Daniel Theis,"$5,000,000"
3771,2019-2020,Jaxson Hayes,"$4,862,040"
3772,2019-2020,Buddy Hield,"$4,861,208"
3773,2019-2020,Frank Ntilikina,"$4,855,800"
3774,2019-2020,Rodney McGruder,"$4,807,693"
3775,2019-2020,Avery Bradley,"$4,767,000"
3776,2019-2020,Ed Davis,"$4,767,000"
3777,2019-2020,Enes Freedom,"$4,767,000"
3778,2019-2020,JaMychal Green,"$4,767,000"
3779,2019-2020,Justin Holiday,"$4,767,000"
3780,2019-2020,Richaun Holmes,"$4,767,000"
3781,2019-2020,Frank Kaminsky,"$4,767,000"
3782,2019-2020,Robin Lopez,"$4,767,000"
3783,2019-2020,Mike Scott,"$4,767,000"
3784,2019-2020,Garrett Temple,"$4,767,000"
3785,2019-2020,Collin Sexton,"$4,764,960"
3786,2019-2020,Rui Hachimura,"$4,469,160"
3787,2019-2020,Kevon Looney,"$4,464,286"
3788,2019-2020,Dennis Smith Jr.,"$4,463,640"
3789,2019-2020,Jamal Murray,"$4,444,746"
3790,2019-2020,Kevin Knox,"$4,380,120"
3791,2019-2020,Cam Reddish,"$4,245,720"
3792,2019-2020,Zach Collins,"$4,240,200"
3793,2019-2020,Mikal Bridges,"$4,161,000"
3794,2019-2020,Alex Len,"$4,160,000"
3795,2019-2020,Nicolo Melli,"$4,102,564"
3796,2019-2020,Cameron Johnson,"$4,033,440"
3797,2019-2020,Malik Monk,"$4,028,400"
3798,2019-2020,Reggie Bullock,"$4,000,000"
3799,2019-2020,Dorian Finney-Smith,"$4,000,000"
3800,2019-2020,Patrick McCaw,"$4,000,000"
3801,2019-2020,JaVale McGee,"$4,000,000"
3802,2019-2020,Shai Gilgeous-Alexander,"$3,952,920"
3803,2019-2020,PJ Washington,"$3,831,840"
3804,2019-2020,Luke Kennard,"$3,827,160"
3805,2019-2020,Miles Bridges,"$3,755,400"
3806,2019-2020,Jakob Poeltl,"$3,754,886"
3807,2019-2020,Tyler Herro,"$3,640,200"
3808,2019-2020,Donovan Mitchell,"$3,635,760"
3809,2019-2020,Stanley Johnson,"$3,623,000"
3810,2019-2020,Jake Layman,"$3,581,986"
3811,2019-2020,Thon Maker,"$3,569,643"
3812,2019-2020,Jerome Robinson,"$3,567,720"
3813,2019-2020,Danuel House Jr.,"$3,540,000"
3814,2019-2020,Domantas Sabonis,"$3,529,555"
3815,2019-2020,Boban Marjanovic,"$3,500,000"
3816,2019-2020,T.J. McConnell,"$3,500,000"
3817,2019-2020,Taurean Prince,"$3,481,986"
3818,2019-2020,Dario Saric,"$3,481,986"
3819,2019-2020,Romeo Langford,"$3,458,400"
3820,2019-2020,Bam Adebayo,"$3,454,080"
3821,2019-2020,Michael Porter Jr.,"$3,389,400"
3822,2019-2020,Denzel Valentine,"$3,377,569"
3823,2019-2020,Juancho Hernangomez,"$3,321,030"
3824,2019-2020,Sekou Doumbouya,"$3,285,120"
3825,2019-2020,Justin Jackson,"$3,280,920"
3826,2019-2020,Troy Brown Jr.,"$3,219,480"
3827,2019-2020,Yogi Ferrell,"$3,150,000"
3828,2019-2020,Zhaire Smith,"$3,058,800"
3829,2019-2020,Ryan Arcidiacono,"$3,000,000"
3830,2019-2020,Khem Birch,"$3,000,000"
3831,2019-2020,Quinn Cook,"$3,000,000"
3832,2019-2020,Nickeil Alexander-Walker,"$2,964,840"
3833,2019-2020,DJ Wilson,"$2,961,120"
3834,2019-2020,Cedi Osman,"$2,907,143"
3835,2019-2020,Donte DiVincenzo,"$2,905,800"
3836,2019-2020,Bryn Forbes,"$2,875,000"
3837,2019-2020,Goga Bitadze,"$2,816,760"
3838,2019-2020,TJ Leaf,"$2,813,280"
3839,2019-2020,Lonnie Walker IV,"$2,760,480"
3840,2019-2020,Alex Caruso,"$2,750,000"
3841,2019-2020,Malik Beasley,"$2,731,714"
3842,2019-2020,Luka Samanic,"$2,689,920"
3843,2019-2020,John Collins,"$2,686,560"
3844,2019-2020,Kevin Huerter,"$2,636,280"
3845,2019-2020,Caris LeVert,"$2,625,718"
3846,2019-2020,Marko Guduric,"$2,625,000"
3847,2019-2020,DeAndre' Bembry,"$2,603,982"
3848,2019-2020,Matisse Thybulle,"$2,582,160"
3849,2019-2020,Harry Giles,"$2,578,800"
3850,2019-2020,Wesley Matthews,"$2,564,753"
3851,2019-2020,Rajon Rondo,"$2,564,753"
3852,2019-2020,Josh Okogie,"$2,530,680"
3853,2019-2020,Vincent Poirier,"$2,505,793"
3854,2019-2020,Rondae Hollis-Jefferson,"$2,500,000"
3855,2019-2020,Brandon Clarke,"$2,478,840"
3856,2019-2020,Terrance Ferguson,"$2,475,840"
3857,2019-2020,Grayson Allen,"$2,429,400"
3858,2019-2020,Grant Williams,"$2,379,840"
3859,2019-2020,Jarrett Allen,"$2,376,840"
3860,2019-2020,Pascal Siakam,"$2,351,839"
3861,2019-2020,Skal Labissiere,"$2,338,847"
3862,2019-2020,Chandler Hutchison,"$2,332,320"
3863,2019-2020,Dejounte Murray,"$2,321,735"
3864,2019-2020,Damian Jones,"$2,305,057"
3865,2019-2020,Darius Bazley,"$2,284,800"
3866,2019-2020,OG Anunoby,"$2,281,800"
3867,2019-2020,Ante Zizic,"$2,281,800"
3868,2019-2020,Luke Kornet,"$2,250,000"
3869,2019-2020,Aaron Holiday,"$2,239,200"
3870,2019-2020,Ty Jerome,"$2,193,480"
3871,2019-2020,Willie Cauley-Stein,"$2,177,483"
3872,2019-2020,Austin Rivers,"$2,174,318"
3873,2019-2020,Anfernee Simons,"$2,149,560"
3874,2019-2020,Nassir Little,"$2,105,520"
3875,2019-2020,Moritz Wagner,"$2,063,520"
3876,2019-2020,Dylan Windler,"$2,035,800"
3877,2019-2020,Caleb Swanigan,"$2,033,160"
3878,2019-2020,Ben McLemore,"$2,028,594"
3879,2019-2020,Mike Muscala,"$2,028,594"
3880,2019-2020,Torrey Craig,"$2,000,000"
3881,2019-2020,Edmond Sumner,"$2,000,000"
3882,2019-2020,Noah Vonleh,"$2,000,000"
3883,2019-2020,Landry Shamet,"$1,995,120"
3884,2019-2020,Mfiondu Kabengele,"$1,977,000"
3885,2019-2020,Kyle Kuzma,"$1,974,600"
3886,2019-2020,Jordan Poole,"$1,964,760"
3887,2019-2020,Tony Bradley,"$1,962,360"
3888,2019-2020,Keldon Johnson,"$1,950,600"
3889,2019-2020,Derrick White,"$1,948,080"
3890,2019-2020,Robert Williams III,"$1,937,520"
3891,2019-2020,Josh Hart,"$1,934,160"
3892,2019-2020,Jacob Evans,"$1,925,880"
3893,2019-2020,Dzanan Musa,"$1,911,600"
3894,2019-2020,Omari Spellman,"$1,897,800"
3895,2019-2020,James Ennis III,"$1,882,867"
3896,2019-2020,Bruno Caboclo,"$1,845,301"
3897,2019-2020,Shabazz Napier,"$1,845,301"
3898,2019-2020,Markieff Morris,"$1,750,000"
3899,2019-2020,Mario Hezonja,"$1,737,145"
3900,2019-2020,Pat Connaughton,"$1,723,050"
3901,2019-2020,Jahlil Okafor,"$1,702,486"
3902,2019-2020,Rodions Kurucs,"$1,699,236"
3903,2019-2020,Cheick Diallo,"$1,678,854"
3904,2019-2020,Georges Niang,"$1,678,854"
3905,2019-2020,Willy Hernangomez,"$1,676,735"
3906,2019-2020,Treveon Graham,"$1,645,357"
3907,2019-2020,Derrick Jones Jr.,"$1,645,357"
3908,2019-2020,Jordan McRae,"$1,645,357"
3909,2019-2020,Christian Wood,"$1,645,357"
3910,2019-2020,Jose Barea,"$1,620,564"
3911,2019-2020,Alec Burks,"$1,620,564"
3912,2019-2020,Vince Carter,"$1,620,564"
3913,2019-2020,Michael Carter-Williams,"$1,620,564"
3914,2019-2020,Tyson Chandler,"$1,620,564"
3915,2019-2020,Wilson Chandler,"$1,620,564"
3916,2019-2020,Jared Dudley,"$1,620,564"
3917,2019-2020,Udonis Haslem,"$1,620,564"
3918,2019-2020,Dwight Howard,"$1,620,564"
3919,2019-2020,Furkan Korkmaz,"$1,620,564"
3920,2019-2020,Kyle Korver,"$1,620,564"
3921,2019-2020,Emmanuel Mudiay,"$1,620,564"
3922,2019-2020,Raul Neto,"$1,620,564"
3923,2019-2020,Nerlens Noel,"$1,620,564"
3924,2019-2020,Kyle O'Quinn,"$1,620,564"
3925,2019-2020,Patrick Patterson,"$1,620,564"
3926,2019-2020,Glenn Robinson III,"$1,620,564"
3927,2019-2020,JaKarr Sampson,"$1,620,564"
3928,2019-2020,Thabo Sefolosha,"$1,620,564"
3929,2019-2020,Dwayne Bacon,"$1,618,520"
3930,2019-2020,Dillon Brooks,"$1,618,520"
3931,2019-2020,Sterling Brown,"$1,618,520"
3932,2019-2020,Damyean Dotson,"$1,618,520"
3933,2019-2020,Wesley Iwundu,"$1,618,520"
3934,2019-2020,Frank Jackson,"$1,618,520"
3935,2019-2020,Abdel Nader,"$1,618,520"
3936,2019-2020,Royce O'Neale,"$1,618,520"
3937,2019-2020,Semi Ojeleye,"$1,618,520"
3938,2019-2020,Chris Boucher,"$1,588,231"
3939,2019-2020,Malcolm Miller,"$1,588,231"
3940,2019-2020,Monte Morris,"$1,588,231"
3941,2019-2020,Mitchell Robinson,"$1,559,712"
3942,2019-2020,Alfonzo McKinnie,"$1,500,000"
3943,2019-2020,Isaiah Roby,"$1,500,000"
3944,2019-2020,Nigel Williams-Goss,"$1,500,000"
3945,2019-2020,Thanasis Antetokounmpo,"$1,445,697"
3946,2019-2020,Wenyen Gabriel,"$1,445,697"
3947,2019-2020,Shake Milton,"$1,445,697"
3948,2019-2020,Theo Pinson,"$1,445,697"
3949,2019-2020,Brad Wanamaker,"$1,445,697"
3950,2019-2020,Keita Bates-Diop,"$1,416,852"
3951,2019-2020,Isaac Bonga,"$1,416,852"
3952,2019-2020,Bruce Brown Jr.,"$1,416,852"
3953,2019-2020,Jalen Brunson,"$1,416,852"
3954,2019-2020,Deonte Burton,"$1,416,852"
3955,2019-2020,Jevon Carter,"$1,416,852"
3956,2019-2020,Hamidou Diallo,"$1,416,852"
3957,2019-2020,Melvin Frazier Jr.,"$1,416,852"
3958,2019-2020,Devonte' Graham,"$1,416,852"
3959,2019-2020,Alize Johnson,"$1,416,852"
3960,2019-2020,De'Anthony Melton,"$1,416,852"
3961,2019-2020,Chimezie Metu,"$1,416,852"
3962,2019-2020,Sviatoslav Mykhailiuk,"$1,416,852"
3963,2019-2020,Kendrick Nunn,"$1,416,852"
3964,2019-2020,Élie Okobo,"$1,416,852"
3965,2019-2020,Duncan Robinson,"$1,416,852"
3966,2019-2020,Khyri Thomas,"$1,416,852"
3967,2019-2020,Gary Trent Jr.,"$1,416,852"
3968,2019-2020,Jarred Vanderbilt,"$1,416,852"
3969,2019-2020,Kenrich Williams,"$1,416,852"
3970,2019-2020,Bruno Fernando,"$1,400,000"
3971,2019-2020,Jaylen Nowell,"$1,400,000"
3972,2019-2020,Carmelo Anthony,"$1,364,204"
3973,2019-2020,Kevin Porter Jr.,"$1,290,960"
3974,2019-2020,Carsen Edwards,"$1,228,026"
3975,2019-2020,Cody Martin,"$1,173,310"
3976,2019-2020,Gary Payton II,"$1,052,909"
3977,2019-2020,Terance Mann,"$1,000,000"
3978,2019-2020,Admiral Schofield,"$1,000,000"
3979,2019-2020,David Nwaba,"$903,111"
3980,2019-2020,Ignas Brazdeikis,"$898,310"
3981,2019-2020,Vlatko Cancar,"$898,310"
3982,2019-2020,Nicolas Claxton,"$898,310"
3983,2019-2020,Terence Davis,"$898,310"
3984,2019-2020,Daniel Gafford,"$898,310"
3985,2019-2020,Javonte Green,"$898,310"
3986,2019-2020,Shaquille Harrison,"$898,310"
3987,2019-2020,Dewan Hernandez,"$898,310"
3988,2019-2020,Talen Horton-Tucker,"$898,310"
3989,2019-2020,Justin James,"$898,310"
3990,2019-2020,Jalen Lecque,"$898,310"
3991,2019-2020,Caleb Martin,"$898,310"
3992,2019-2020,Jalen McDaniels,"$898,310"
3993,2019-2020,KZ Okpala,"$898,310"
3994,2019-2020,Miye Oni,"$898,310"
3995,2019-2020,Eric Paschall,"$898,310"
3996,2019-2020,Naz Reid,"$898,310"
3997,2019-2020,Alen Smailagic,"$898,310"
3998,2019-2020,Matt Thomas,"$898,310"
3999,2019-2020,Damion Lee,"$842,327"
4000,2019-2020,Juwan Morgan,"$746,054"
4001,2019-2020,Marquese Chriss,"$654,468"
4002,2019-2020,Timothe Luwawu-Cabarrot,"$654,468"
4003,2019-2020,Michael Kidd-Gilchrist,"$604,278"
4004,2019-2020,Marvin Williams,"$604,278"
4005,2019-2020,Rayjon Tucker,"$578,573"
4006,2019-2020,Chris Clemons,"$563,347"
4007,2019-2020,Gary Clark,"$555,409"
4008,2019-2020,Brandon Goodwin,"$522,738"
4009,2019-2020,DeMarre Carroll,"$512,721"
4010,2019-2020,Reggie Jackson,"$512,721"
4011,2019-2020,Anzejs Pasecniks,"$482,144"
4012,2019-2020,Chris Silva,"$466,918"
4013,2019-2020,Jeff Green,"$439,475"
4014,2019-2020,Troy Daniels,"$384,541"
4015,2019-2020,Dion Waiters,"$375,385"
4016,2019-2020,Dean Wade,"$375,000"
4017,2019-2020,Ky Bowman,"$350,189"
4018,2019-2020,Norvel Pelle,"$350,189"
4019,2019-2020,Juan Toscano-Anderson,"$350,189"
4020,2019-2020,Jordan Bell,"$250,000"
4021,2019-2020,Jontay Porter,"$197,933"
4022,2019-2020,Cameron Payne,"$196,288"
4023,2019-2020,Mychal Mulder,"$187,782"
4024,2019-2020,Corey Brewer,"$183,115"
4025,2019-2020,P.J. Dozier,"$183,115"
4026,2019-2020,Tyler Johnson,"$183,115"
4027,2019-2020,Joakim Noah,"$183,115"
4028,2019-2020,Justin Patton,"$183,115"
4029,2019-2020,Anthony Tolliver,"$183,115"
4030,2019-2020,Tyler Zeller,"$183,115"
4031,2019-2020,Ryan Broekhoff,"$163,356"
4032,2019-2020,Luguentz Dort,"$155,647"
4033,2019-2020,Donta Hall,"$101,504"
4034,2020-2021,Stephen Curry,"$43,006,362"
4035,2020-2021,Chris Paul,"$41,358,814"
4036,2020-2021,Russell Westbrook,"$41,358,814"
4037,2020-2021,James Harden,"$41,254,920"
4038,2020-2021,John Wall,"$41,254,920"
4039,2020-2021,Kevin Durant,"$40,108,950"
4040,2020-2021,LeBron James,"$39,219,566"
4041,2020-2021,Paul George,"$35,450,412"
4042,2020-2021,Klay Thompson,"$35,361,360"
4043,2020-2021,Mike Conley,"$34,502,132"
4044,2020-2021,Jimmy Butler,"$34,379,100"
4045,2020-2021,Kawhi Leonard,"$34,379,100"
4046,2020-2021,Kemba Walker,"$34,379,100"
4047,2020-2021,Tobias Harris,"$34,358,850"
4048,2020-2021,Kyrie Irving,"$33,722,850"
4049,2020-2021,Khris Middleton,"$33,051,724"
4050,2020-2021,Anthony Davis,"$32,742,000"
4051,2020-2021,Damian Lillard,"$31,626,953"
4052,2020-2021,Kevin Love,"$31,258,256"
4053,2020-2021,Pascal Siakam,"$30,559,200"
4054,2020-2021,Ben Simmons,"$30,559,200"
4055,2020-2021,Kyle Lowry,"$30,500,000"
4056,2020-2021,Steven Adams,"$29,592,695"
4057,2020-2021,Joel Embiid,"$29,542,010"
4058,2020-2021,Nikola Jokic,"$29,542,010"
4059,2020-2021,Andrew Wiggins,"$29,542,010"
4060,2020-2021,Devin Booker,"$29,467,800"
4061,2020-2021,Kristaps Porzingis,"$29,467,800"
4062,2020-2021,Karl-Anthony Towns,"$29,467,800"
4063,2020-2021,C.J. McCollum,"$29,354,152"
4064,2020-2021,Bradley Beal,"$28,751,774"
4065,2020-2021,D'Angelo Russell,"$28,649,250"
4066,2020-2021,Gordon Hayward,"$28,500,000"
4067,2020-2021,Otto Porter Jr.,"$28,489,238"
4068,2020-2021,DeMar DeRozan,"$27,739,975"
4069,2020-2021,Giannis Antetokounmpo,"$27,528,088"
4070,2020-2021,Rudy Gobert,"$27,525,281"
4071,2020-2021,Al Horford,"$27,500,000"
4072,2020-2021,Brandon Ingram,"$27,285,000"
4073,2020-2021,Jamal Murray,"$27,285,000"
4074,2020-2021,Jrue Holiday,"$27,026,111"
4075,2020-2021,Nikola Vucevic,"$26,000,000"
4076,2020-2021,Buddy Hield,"$24,971,851"
4077,2020-2021,Jaylen Brown,"$23,437,500"
4078,2020-2021,Draymond Green,"$22,246,956"
4079,2020-2021,Harrison Barnes,"$22,215,909"
4080,2020-2021,Fred VanVleet,"$21,250,000"
4081,2020-2021,Victor Oladipo,"$21,000,000"
4082,2020-2021,Julius Randle,"$20,790,000"
4083,2020-2021,Malcolm Brogdon,"$20,700,000"
4084,2020-2021,Domantas Sabonis,"$19,800,000"
4085,2020-2021,Danilo Gallinari,"$19,500,000"
4086,2020-2021,Zach LaVine,"$19,500,000"
4087,2020-2021,Gary Harris,"$19,160,714"
4088,2020-2021,Jerami Grant,"$19,050,000"
4089,2020-2021,Tim Hardaway Jr.,"$18,975,000"
4090,2020-2021,Terry Rozier,"$18,900,000"
4091,2020-2021,Aaron Gordon,"$18,136,364"
4092,2020-2021,Bogdan Bogdanovic,"$18,000,000"
4093,2020-2021,Goran Dragic,"$18,000,000"
4094,2020-2021,Myles Turner,"$18,000,000"
4095,2020-2021,Bojan Bogdanovic,"$17,850,000"
4096,2020-2021,Clint Capela,"$17,500,000"
4097,2020-2021,Evan Fournier,"$17,450,000"
4098,2020-2021,Ricky Rubio,"$17,000,000"
4099,2020-2021,Eric Bledsoe,"$16,875,000"
4100,2020-2021,Eric Gordon,"$16,869,276"
4101,2020-2021,Caris LeVert,"$16,203,704"
4102,2020-2021,Joe Harris,"$16,071,429"
4103,2020-2021,James Johnson,"$16,047,100"
4104,2020-2021,Dennis Schröder,"$16,000,000"
4105,2020-2021,Cody Zeller,"$15,415,730"
4106,2020-2021,Danny Green,"$15,365,854"
4107,2020-2021,Davis Bertans,"$15,000,000"
4108,2020-2021,Andre Iguodala,"$15,000,000"
4109,2020-2021,Jonas Valanciunas,"$15,000,000"
4110,2020-2021,Marcus Morris Sr.,"$14,883,721"
4111,2020-2021,Rudy Gay,"$14,500,000"
4112,2020-2021,Kelly Oubre Jr.,"$14,375,000"
4113,2020-2021,Dejounte Murray,"$14,286,000"
4114,2020-2021,Will Barton,"$13,723,214"
4115,2020-2021,Thaddeus Young,"$13,545,000"
4116,2020-2021,Patty Mills,"$13,535,714"
4117,2020-2021,Terrence Ross,"$13,500,000"
4118,2020-2021,Marcus Smart,"$13,446,428"
4119,2020-2021,Malik Beasley,"$13,425,895"
4120,2020-2021,Patrick Beverley,"$13,333,333"
4121,2020-2021,Christian Wood,"$13,015,874"
4122,2020-2021,J.J. Redick,"$13,013,700"
4123,2020-2021,Justise Winslow,"$13,000,000"
4124,2020-2021,Jusuf Nurkic,"$12,888,889"
4125,2020-2021,Kelly Olynyk,"$12,819,650"
4126,2020-2021,Trevor Ariza,"$12,800,000"
4127,2020-2021,Brook Lopez,"$12,697,675"
4128,2020-2021,Cory Joseph,"$12,600,000"
4129,2020-2021,Markelle Fultz,"$12,288,697"
4130,2020-2021,Taurean Prince,"$12,250,000"
4131,2020-2021,Tony Snell,"$12,178,571"
4132,2020-2021,Robert Covington,"$12,138,345"
4133,2020-2021,Kentavious Caldwell-Pope,"$12,073,020"
4134,2020-2021,T.J. Warren,"$12,000,000"
4135,2020-2021,Larry Nance Jr.,"$11,709,091"
4136,2020-2021,Jordan Clarkson,"$11,500,000"
4137,2020-2021,Spencer Dinwiddie,"$11,454,048"
4138,2020-2021,Dillon Brooks,"$11,400,000"
4139,2020-2021,Dwight Powell,"$11,080,125"
4140,2020-2021,Lonzo Ball,"$11,003,782"
4141,2020-2021,Norman Powell,"$10,865,952"
4142,2020-2021,Josh Richardson,"$10,865,952"
4143,2020-2021,Joe Ingles,"$10,863,637"
4144,2020-2021,Jeremy Lamb,"$10,500,000"
4145,2020-2021,DeAndre Jordan,"$10,375,678"
4146,2020-2021,Zion Williamson,"$10,245,480"
4147,2020-2021,Rodney Hood,"$10,047,450"
4148,2020-2021,Deandre Ayton,"$10,018,200"
4149,2020-2021,Paul Millsap,"$10,000,000"
4150,2020-2021,Tomas Satoransky,"$10,000,000"
4151,2020-2021,Jayson Tatum,"$9,897,120"
4152,2020-2021,Anthony Edwards,"$9,757,440"
4153,2020-2021,Al-Farouq Aminu,"$9,720,900"
4154,2020-2021,Dante Exum,"$9,600,000"
4155,2020-2021,George Hill,"$9,590,602"
4156,2020-2021,De'Anthony Melton,"$9,571,712"
4157,2020-2021,Kyle Anderson,"$9,505,100"
4158,2020-2021,Jae Crowder,"$9,258,000"
4159,2020-2021,Derrick Favors,"$9,258,000"
4160,2020-2021,Montrezl Harrell,"$9,258,000"
4161,2020-2021,Serge Ibaka,"$9,258,000"
4162,2020-2021,Derrick Jones Jr.,"$9,258,000"
4163,2020-2021,Tristan Thompson,"$9,258,000"
4164,2020-2021,Dario Saric,"$9,250,000"
4165,2020-2021,Ja Morant,"$9,166,800"
4166,2020-2021,Delon Wright,"$9,000,000"
4167,2020-2021,Marvin Bagley III,"$8,963,640"
4168,2020-2021,Cedi Osman,"$8,840,580"
4169,2020-2021,Tyus Jones,"$8,817,143"
4170,2020-2021,James Wiseman,"$8,730,240"
4171,2020-2021,Royce O'Neale,"$8,500,000"
4172,2020-2021,Maxi Kleber,"$8,475,000"
4173,2020-2021,Thomas Bryant,"$8,333,333"
4174,2020-2021,Rajon Rondo,"$8,250,000"
4175,2020-2021,R.J. Barrett,"$8,231,760"
4176,2020-2021,Jakob Poeltl,"$8,101,852"
4177,2020-2021,De'Aaron Fox,"$8,099,627"
4178,2020-2021,Luka Doncic,"$8,049,360"
4179,2020-2021,Mason Plumlee,"$8,000,000"
4180,2020-2021,Louis Williams,"$8,000,000"
4181,2020-2021,P.J. Tucker,"$7,969,537"
4182,2020-2021,LaMelo Ball,"$7,839,960"
4183,2020-2021,Seth Curry,"$7,834,449"
4184,2020-2021,Derrick Rose,"$7,682,927"
4185,2020-2021,Cristiano Felicio,"$7,529,020"
4186,2020-2021,De'Andre Hunter,"$7,422,000"
4187,2020-2021,Jonathan Isaac,"$7,362,566"
4188,2020-2021,Doug McDermott,"$7,333,333"
4189,2020-2021,Robin Lopez,"$7,300,000"
4190,2020-2021,Jaren Jackson Jr.,"$7,257,360"
4191,2020-2021,JaMychal Green,"$7,199,760"
4192,2020-2021,Nemanja Bjelica,"$7,150,000"
4193,2020-2021,Patrick Williams,"$7,068,360"
4194,2020-2021,Aron Baynes,"$7,000,000"
4195,2020-2021,Ivica Zubac,"$7,000,000"
4196,2020-2021,Lauri Markkanen,"$6,731,508"
4197,2020-2021,Darius Garland,"$6,720,720"
4198,2020-2021,D.J. Augustin,"$6,666,667"
4199,2020-2021,Trae Young,"$6,571,800"
4200,2020-2021,Chris Boucher,"$6,500,000"
4201,2020-2021,Juancho Hernangomez,"$6,493,000"
4202,2020-2021,Isaac Okoro,"$6,400,920"
4203,2020-2021,Frank Ntilikina,"$6,176,578"
4204,2020-2021,Jarrett Culver,"$6,104,280"
4205,2020-2021,Alec Burks,"$6,000,000"
4206,2020-2021,Ishmael Smith,"$6,000,000"
4207,2020-2021,Mohamed Bamba,"$5,969,040"
4208,2020-2021,Onyeka Okongwu,"$5,813,640"
4209,2020-2021,Justin Holiday,"$5,720,400"
4210,2020-2021,Dennis Smith Jr.,"$5,686,677"
4211,2020-2021,Avery Bradley,"$5,635,000"
4212,2020-2021,Coby White,"$5,572,680"
4213,2020-2021,Trey Lyles,"$5,500,000"
4214,2020-2021,Wendell Carter Jr.,"$5,448,840"
4215,2020-2021,Zach Collins,"$5,406,255"
4216,2020-2021,Malik Monk,"$5,345,687"
4217,2020-2021,Killian Hayes,"$5,307,120"
4218,2020-2021,Luke Kennard,"$5,273,826"
4219,2020-2021,Donovan Mitchell,"$5,195,501"
4220,2020-2021,Rodney McGruder,"$5,192,307"
4221,2020-2021,Bam Adebayo,"$5,115,492"
4222,2020-2021,Jaxson Hayes,"$5,105,160"
4223,2020-2021,Ed Davis,"$5,005,350"
4224,2020-2021,Enes Freedom,"$5,005,350"
4225,2020-2021,Richaun Holmes,"$5,005,350"
4226,2020-2021,Mike Scott,"$5,005,350"
4227,2020-2021,Nerlens Noel,"$5,000,000"
4228,2020-2021,Daniel Theis,"$5,000,000"
4229,2020-2021,Collin Sexton,"$4,991,880"
4230,2020-2021,Pat Connaughton,"$4,938,273"
4231,2020-2021,Obi Toppin,"$4,862,040"
4232,2020-2021,Kevon Looney,"$4,821,429"
4233,2020-2021,Kris Dunn,"$4,767,000"
4234,2020-2021,Josh Jackson,"$4,767,000"
4235,2020-2021,Elfrid Payton,"$4,767,000"
4236,2020-2021,Garrett Temple,"$4,767,000"
4237,2020-2021,Rui Hachimura,"$4,692,840"
4238,2020-2021,Denzel Valentine,"$4,642,800"
4239,2020-2021,Kevin Knox,"$4,588,680"
4240,2020-2021,DJ Wilson,"$4,548,280"
4241,2020-2021,Deni Avdija,"$4,469,160"
4242,2020-2021,Cam Reddish,"$4,458,000"
4243,2020-2021,Mikal Bridges,"$4,359,000"
4244,2020-2021,Jalen Smith,"$4,245,720"
4245,2020-2021,Cameron Johnson,"$4,235,160"
4246,2020-2021,Reggie Bullock,"$4,200,000"
4247,2020-2021,JaVale McGee,"$4,200,000"
4248,2020-2021,Shai Gilgeous-Alexander,"$4,141,320"
4249,2020-2021,John Collins,"$4,137,302"
4250,2020-2021,Willie Cauley-Stein,"$4,100,000"
4251,2020-2021,Devin Vassell,"$4,033,440"
4252,2020-2021,PJ Washington,"$4,023,600"
4253,2020-2021,Dorian Finney-Smith,"$4,000,000"
4254,2020-2021,Miles Bridges,"$3,934,320"
4255,2020-2021,Jevon Carter,"$3,925,000"
4256,2020-2021,Jarrett Allen,"$3,909,902"
4257,2020-2021,Nicolo Melli,"$3,897,436"
4258,2020-2021,OG Anunoby,"$3,872,215"
4259,2020-2021,Gabriel Deck,"$3,870,370"
4260,2020-2021,Tyrese Haliburton,"$3,831,840"
4261,2020-2021,Tyler Herro,"$3,822,240"
4262,2020-2021,Stanley Johnson,"$3,804,150"
4263,2020-2021,Jake Layman,"$3,761,085"
4264,2020-2021,Danuel House Jr.,"$3,717,000"
4265,2020-2021,Kira Lewis Jr.,"$3,640,200"
4266,2020-2021,Romeo Langford,"$3,631,200"
4267,2020-2021,Maurice Harkless,"$3,623,000"
4268,2020-2021,Wesley Matthews,"$3,623,000"
4269,2020-2021,Bobby Portis,"$3,623,000"
4270,2020-2021,Kyle Kuzma,"$3,562,178"
4271,2020-2021,Michael Porter Jr.,"$3,550,800"
4272,2020-2021,Tony Bradley,"$3,542,060"
4273,2020-2021,Derrick White,"$3,516,284"
4274,2020-2021,Bismack Biyombo,"$3,500,000"
4275,2020-2021,Boban Marjanovic,"$3,500,000"
4276,2020-2021,T.J. McConnell,"$3,500,000"
4277,2020-2021,Luca Vildoza,"$3,500,000"
4278,2020-2021,Josh Hart,"$3,491,159"
4279,2020-2021,Aaron Nesmith,"$3,458,400"
4280,2020-2021,Sekou Doumbouya,"$3,449,400"
4281,2020-2021,Troy Brown Jr.,"$3,372,840"
4282,2020-2021,Michael Carter-Williams,"$3,300,000"
4283,2020-2021,James Ennis III,"$3,300,000"
4284,2020-2021,Cole Anthony,"$3,285,120"
4285,2020-2021,Facundo Campazzo,"$3,200,000"
4286,2020-2021,Chuma Okeke,"$3,121,080"
4287,2020-2021,Isaiah Stewart,"$3,121,080"
4288,2020-2021,Nickeil Alexander-Walker,"$3,113,160"
4289,2020-2021,Patrick Patterson,"$3,077,704"
4290,2020-2021,Donte DiVincenzo,"$3,044,160"
4291,2020-2021,Ryan Arcidiacono,"$3,000,000"
4292,2020-2021,Trey Burke,"$3,000,000"
4293,2020-2021,Aleksej Pokusevski,"$2,964,840"
4294,2020-2021,Goga Bitadze,"$2,957,520"
4295,2020-2021,Lonnie Walker IV,"$2,892,000"
4296,2020-2021,Luka Samanic,"$2,824,320"
4297,2020-2021,Josh Green,"$2,816,760"
4298,2020-2021,Kevin Huerter,"$2,761,920"
4299,2020-2021,Alex Caruso,"$2,750,000"
4300,2020-2021,Matisse Thybulle,"$2,711,280"
4301,2020-2021,Saddiq Bey,"$2,689,920"
4302,2020-2021,Josh Okogie,"$2,651,040"
4303,2020-2021,Brandon Clarke,"$2,602,920"
4304,2020-2021,Precious Achiuwa,"$2,582,160"
4305,2020-2021,Marc Gasol,"$2,564,753"
4306,2020-2021,Grayson Allen,"$2,545,320"
4307,2020-2021,Grant Williams,"$2,498,760"
4308,2020-2021,Tyrese Maxey,"$2,478,840"
4309,2020-2021,Chandler Hutchison,"$2,443,440"
4310,2020-2021,Darius Bazley,"$2,399,160"
4311,2020-2021,Zeke Nnaji,"$2,379,840"
4312,2020-2021,Aaron Holiday,"$2,345,640"
4313,2020-2021,Bryn Forbes,"$2,337,145"
4314,2020-2021,Ty Jerome,"$2,303,040"
4315,2020-2021,Mike Muscala,"$2,283,034"
4316,2020-2021,Anfernee Simons,"$2,252,040"
4317,2020-2021,Luke Kornet,"$2,250,000"
4318,2020-2021,Brad Wanamaker,"$2,250,000"
4319,2020-2021,Nassir Little,"$2,210,640"
4320,2020-2021,RJ Hampton,"$2,193,480"
4321,2020-2021,Edmond Sumner,"$2,160,000"
4322,2020-2021,Dylan Windler,"$2,137,440"
4323,2020-2021,Immanuel Quickley,"$2,105,520"
4324,2020-2021,John Konchar,"$2,100,000"
4325,2020-2021,Landry Shamet,"$2,090,040"
4326,2020-2021,Jordan Poole,"$2,063,280"
4327,2020-2021,Bol Bol,"$2,058,240"
4328,2020-2021,Keldon Johnson,"$2,048,040"
4329,2020-2021,Payton Pritchard,"$2,035,800"
4330,2020-2021,Robert Williams III,"$2,029,920"
4331,2020-2021,Damyean Dotson,"$2,000,000"
4332,2020-2021,Theo Maledon,"$2,000,000"
4333,2020-2021,Kenrich Williams,"$2,000,000"
4334,2020-2021,Cameron Payne,"$1,977,011"
4335,2020-2021,Udoka Azubuike,"$1,977,000"
4336,2020-2021,Jaden McDaniels,"$1,964,760"
4337,2020-2021,Malachi Flynn,"$1,950,600"
4338,2020-2021,Desmond Bane,"$1,936,440"
4339,2020-2021,Jontay Porter,"$1,900,000"
4340,2020-2021,Jahlil Okafor,"$1,882,867"
4341,2020-2021,Timothe Luwawu-Cabarrot,"$1,824,003"
4342,2020-2021,David Nwaba,"$1,824,003"
4343,2020-2021,Georges Niang,"$1,783,557"
4344,2020-2021,P.J. Dozier,"$1,762,796"
4345,2020-2021,Furkan Korkmaz,"$1,762,796"
4346,2020-2021,Damion Lee,"$1,762,796"
4347,2020-2021,Alfonzo McKinnie,"$1,762,796"
4348,2020-2021,Abdel Nader,"$1,752,950"
4349,2020-2021,Semi Ojeleye,"$1,752,950"
4350,2020-2021,DeAndre' Bembry,"$1,737,145"
4351,2020-2021,Monte Morris,"$1,723,707"
4352,2020-2021,Kevin Porter Jr.,"$1,717,981"
4353,2020-2021,Thanasis Antetokounmpo,"$1,701,593"
4354,2020-2021,Brandon Goodwin,"$1,701,593"
4355,2020-2021,Shake Milton,"$1,701,593"
4356,2020-2021,Dwayne Bacon,"$1,678,854"
4357,2020-2021,Wesley Iwundu,"$1,678,854"
4358,2020-2021,Isaac Bonga,"$1,663,861"
4359,2020-2021,Bruce Brown Jr.,"$1,663,861"
4360,2020-2021,Jalen Brunson,"$1,663,861"
4361,2020-2021,Hamidou Diallo,"$1,663,861"
4362,2020-2021,Devonte' Graham,"$1,663,861"
4363,2020-2021,Sviatoslav Mykhailiuk,"$1,663,861"
4364,2020-2021,Kendrick Nunn,"$1,663,861"
4365,2020-2021,Duncan Robinson,"$1,663,861"
4366,2020-2021,Mitchell Robinson,"$1,663,861"
4367,2020-2021,Gary Trent Jr.,"$1,663,861"
4368,2020-2021,Jarred Vanderbilt,"$1,663,861"
4369,2020-2021,Carmelo Anthony,"$1,620,564"
4370,2020-2021,Nicolas Batum,"$1,620,564"
4371,2020-2021,Kent Bazemore,"$1,620,564"
4372,2020-2021,Sterling Brown,"$1,620,564"
4373,2020-2021,Torrey Craig,"$1,620,564"
4374,2020-2021,Matthew Dellavedova,"$1,620,564"
4375,2020-2021,Jared Dudley,"$1,620,564"
4376,2020-2021,Wayne Ellington,"$1,620,564"
4377,2020-2021,Drew Eubanks,"$1,620,564"
4378,2020-2021,Wenyen Gabriel,"$1,620,564"
4379,2020-2021,Langston Galloway,"$1,620,564"
4380,2020-2021,Harry Giles,"$1,620,564"
4381,2020-2021,Jeff Green,"$1,620,564"
4382,2020-2021,Isaiah Hartenstein,"$1,620,564"
4383,2020-2021,Udonis Haslem,"$1,620,564"
4384,2020-2021,Willy Hernangomez,"$1,620,564"
4385,2020-2021,Solomon Hill,"$1,620,564"
4386,2020-2021,Dwight Howard,"$1,620,564"
4387,2020-2021,Reggie Jackson,"$1,620,564"
4388,2020-2021,Tyler Johnson,"$1,620,564"
4389,2020-2021,Frank Kaminsky,"$1,620,564"
4390,2020-2021,E'Twaun Moore,"$1,620,564"
4391,2020-2021,Markieff Morris,"$1,620,564"
4392,2020-2021,Raul Neto,"$1,620,564"
4393,2020-2021,JaKarr Sampson,"$1,620,564"
4394,2020-2021,Hassan Whiteside,"$1,620,564"
4395,2020-2021,Vlatko Cancar,"$1,517,981"
4396,2020-2021,Nicolas Claxton,"$1,517,981"
4397,2020-2021,Terence Davis,"$1,517,981"
4398,2020-2021,Luguentz Dort,"$1,517,981"
4399,2020-2021,Carsen Edwards,"$1,517,981"
4400,2020-2021,Bruno Fernando,"$1,517,981"
4401,2020-2021,Daniel Gafford,"$1,517,981"
4402,2020-2021,Javonte Green,"$1,517,981"
4403,2020-2021,Talen Horton-Tucker,"$1,517,981"
4404,2020-2021,Justin James,"$1,517,981"
4405,2020-2021,Terance Mann,"$1,517,981"
4406,2020-2021,Caleb Martin,"$1,517,981"
4407,2020-2021,Cody Martin,"$1,517,981"
4408,2020-2021,Jalen McDaniels,"$1,517,981"
4409,2020-2021,Juwan Morgan,"$1,517,981"
4410,2020-2021,Mychal Mulder,"$1,517,981"
4411,2020-2021,Jaylen Nowell,"$1,517,981"
4412,2020-2021,KZ Okpala,"$1,517,981"
4413,2020-2021,Miye Oni,"$1,517,981"
4414,2020-2021,Eric Paschall,"$1,517,981"
4415,2020-2021,Naz Reid,"$1,517,981"
4416,2020-2021,Isaiah Roby,"$1,517,981"
4417,2020-2021,Alen Smailagic,"$1,517,981"
4418,2020-2021,Matt Thomas,"$1,517,981"
4419,2020-2021,Dean Wade,"$1,517,981"
4420,2020-2021,Robert Woodard II,"$1,500,000"
4421,2020-2021,DaQuan Jeffries,"$1,445,697"
4422,2020-2021,Kelan Martin,"$1,445,697"
4423,2020-2021,Jae’Sean Tate,"$1,445,697"
4424,2020-2021,Paul Watson,"$1,445,697"
4425,2020-2021,Taj Gibson,"$1,442,968"
4426,2020-2021,Vernon Carey Jr.,"$1,350,000"
4427,2020-2021,Xavier Tillman,"$1,300,000"
4428,2020-2021,Tyrell Terry,"$1,289,846"
4429,2020-2021,Alex Len,"$1,265,372"
4430,2020-2021,Moses Brown,"$1,250,000"
4431,2020-2021,Gorgui Dieng,"$1,000,000"
4432,2020-2021,Jahmi'us Ramsey,"$1,000,000"
4433,2020-2021,Nick Richards,"$1,000,000"
4434,2020-2021,CJ Elleby,"$898,310"
4435,2020-2021,Anthony Gill,"$898,310"
4436,2020-2021,Elijah Hughes,"$898,310"
4437,2020-2021,Isaiah Joe,"$898,310"
4438,2020-2021,Tre Jones,"$898,310"
4439,2020-2021,Kenyon Martin Jr.,"$898,310"
4440,2020-2021,Sam Merrill,"$898,310"
4441,2020-2021,Jordan Nwora,"$898,310"
4442,2020-2021,Daniel Oturu,"$898,310"
4443,2020-2021,Deividas Sirvydis,"$898,310"
4444,2020-2021,Blake Griffin,"$776,983"
4445,2020-2021,Oshae Brissett,"$757,453"
4446,2020-2021,Ersan Ilyasova,"$754,783"
4447,2020-2021,Chimezie Metu,"$700,000"
4448,2020-2021,Lamar Stevens,"$652,366"
4449,2020-2021,Paul Reed,"$609,128"
4450,2020-2021,Andre Drummond,"$554,988"
4451,2020-2021,Jeff Teague,"$510,589"
4452,2020-2021,Norvel Pelle,"$500,000"
4453,2020-2021,Ben McLemore,"$455,090"
4454,2020-2021,Dewayne Dedmon,"$432,890"
4455,2020-2021,Jabari Parker,"$430,729"
4456,2020-2021,Khem Birch,"$410,691"
4457,2020-2021,Alize Johnson,"$399,591"
4458,2020-2021,Tyler Cook,"$396,081"
4459,2020-2021,Juan Toscano-Anderson,"$358,295"
4460,2020-2021,Yuta Watanabe,"$321,893"
4461,2020-2021,Anthony Tolliver,"$263,502"
4462,2020-2021,Tim Frazier,"$255,294"
4463,2020-2021,Khyri Thomas,"$250,000"
4464,2020-2021,Damian Jones,"$237,965"
4465,2020-2021,DeMarcus Cousins,"$233,095"
4466,2020-2021,Moritz Wagner,"$221,995"
4467,2020-2021,Yogi Ferrell,"$214,169"
4468,2020-2021,Rondae Hollis-Jefferson,"$210,895"
4469,2020-2021,Austin Rivers,"$188,696"
4470,2020-2021,Mamadi Diakite,"$160,173"
4471,2020-2021,Mfiondu Kabengele,"$158,433"
4472,2020-2021,Didi Louzada,"$123,056"
4473,2020-2021,Naji Marshall,"$120,000"
4474,2020-2021,Freddie Gillespie,"$116,903"
4475,2020-2021,Ignas Brazdeikis,"$49,510"
4476,2020-2021,Mike James,"$39,608"
4477,2020-2021,Elijah Bryant,"$24,611"
4478,2020-2021,Caleb Homesley,"$20,000"
4479,2020-2021,Charlie Brown Jr.,"$19,804"
4480,2020-2021,Omer Yurtseven,"$18,458"
4481,2020-2021,Gary Payton II,"$11,898"
4482,2021-2022,Stephen Curry,"$45,780,966"
4483,2021-2022,James Harden,"$44,310,840"
4484,2021-2022,John Wall,"$44,310,840"
4485,2021-2022,Russell Westbrook,"$44,211,146"
4486,2021-2022,Kevin Durant,"$42,018,900"
4487,2021-2022,LeBron James,"$41,180,544"
4488,2021-2022,Giannis Antetokounmpo,"$39,344,900"
4489,2021-2022,Paul George,"$39,344,900"
4490,2021-2022,Kawhi Leonard,"$39,344,900"
4491,2021-2022,Damian Lillard,"$39,344,900"
4492,2021-2022,Klay Thompson,"$37,980,720"
4493,2021-2022,Jimmy Butler,"$36,016,200"
4494,2021-2022,Tobias Harris,"$35,995,950"
4495,2021-2022,Khris Middleton,"$35,500,000"
4496,2021-2022,Anthony Davis,"$35,361,360"
4497,2021-2022,Rudy Gobert,"$35,344,828"
4498,2021-2022,Kyrie Irving,"$35,328,700"
4499,2021-2022,Bradley Beal,"$33,724,200"
4500,2021-2022,Pascal Siakam,"$33,003,936"
4501,2021-2022,Ben Simmons,"$33,003,936"
4502,2021-2022,Devin Booker,"$31,650,600"
4503,2021-2022,Kristaps Porzingis,"$31,650,600"
4504,2021-2022,Karl-Anthony Towns,"$31,650,600"
4505,2021-2022,Joel Embiid,"$31,579,390"
4506,2021-2022,Andrew Wiggins,"$31,579,390"
4507,2021-2022,Kevin Love,"$31,258,256"
4508,2021-2022,Jrue Holiday,"$31,171,333"
4509,2021-2022,Nikola Jokic,"$31,044,906"
4510,2021-2022,C.J. McCollum,"$30,864,198"
4511,2021-2022,Chris Paul,"$30,800,000"
4512,2021-2022,D'Angelo Russell,"$30,013,500"
4513,2021-2022,Gordon Hayward,"$29,925,000"
4514,2021-2022,Brandon Ingram,"$29,467,800"
4515,2021-2022,Jamal Murray,"$29,467,800"
4516,2021-2022,Bam Adebayo,"$28,103,500"
4517,2021-2022,De'Aaron Fox,"$28,103,500"
4518,2021-2022,Donovan Mitchell,"$28,103,500"
4519,2021-2022,Jayson Tatum,"$28,103,500"
4520,2021-2022,Al Horford,"$27,000,000"
4521,2021-2022,Kyle Lowry,"$26,984,128"
4522,2021-2022,Jaylen Brown,"$26,758,929"
4523,2021-2022,DeMar DeRozan,"$26,000,000"
4524,2021-2022,Draymond Green,"$24,026,712"
4525,2021-2022,Nikola Vucevic,"$24,000,000"
4526,2021-2022,Buddy Hield,"$23,073,234"
4527,2021-2022,John Collins,"$23,000,000"
4528,2021-2022,Malcolm Brogdon,"$21,700,000"
4529,2021-2022,Tim Hardaway Jr.,"$21,306,816"
4530,2021-2022,Mike Conley,"$21,000,000"
4531,2021-2022,Gary Harris,"$20,482,143"
4532,2021-2022,Danilo Gallinari,"$20,475,000"
4533,2021-2022,Harrison Barnes,"$20,284,091"
4534,2021-2022,Jerami Grant,"$20,002,500"
4535,2021-2022,Jarrett Allen,"$20,000,000"
4536,2021-2022,Julius Randle,"$19,800,000"
4537,2021-2022,Fred VanVleet,"$19,675,926"
4538,2021-2022,Zach LaVine,"$19,500,000"
4539,2021-2022,Spencer Dinwiddie,"$19,314,284"
4540,2021-2022,Bojan Bogdanovic,"$18,700,000"
4541,2021-2022,Lonzo Ball,"$18,604,651"
4542,2021-2022,Domantas Sabonis,"$18,500,000"
4543,2021-2022,Eric Gordon,"$18,218,818"
4544,2021-2022,Eric Bledsoe,"$18,125,000"
4545,2021-2022,Bogdan Bogdanovic,"$18,000,000"
4546,2021-2022,Myles Turner,"$18,000,000"
4547,2021-2022,Terry Rozier,"$17,905,263"
4548,2021-2022,Ricky Rubio,"$17,800,000"
4549,2021-2022,Caris LeVert,"$17,500,000"
4550,2021-2022,Jonathan Isaac,"$17,400,000"
4551,2021-2022,Joe Harris,"$17,357,143"
4552,2021-2022,Evan Fournier,"$17,142,857"
4553,2021-2022,Clint Capela,"$17,103,448"
4554,2021-2022,Steven Adams,"$17,073,171"
4555,2021-2022,Markelle Fultz,"$16,500,000"
4556,2021-2022,Aaron Gordon,"$16,409,091"
4557,2021-2022,Gary Trent Jr.,"$16,225,000"
4558,2021-2022,OG Anunoby,"$16,071,429"
4559,2021-2022,Davis Bertans,"$16,000,000"
4560,2021-2022,Lauri Markkanen,"$15,690,909"
4561,2021-2022,Duncan Robinson,"$15,650,000"
4562,2021-2022,Marcus Morris Sr.,"$15,627,907"
4563,2021-2022,Will Barton,"$15,625,000"
4564,2021-2022,Norman Powell,"$15,517,242"
4565,2021-2022,Dejounte Murray,"$15,428,880"
4566,2021-2022,Derrick White,"$15,178,571"
4567,2021-2022,Malik Beasley,"$14,491,964"
4568,2021-2022,Patrick Beverley,"$14,320,987"
4569,2021-2022,Thaddeus Young,"$14,190,000"
4570,2021-2022,Jonas Valanciunas,"$14,000,000"
4571,2021-2022,Marcus Smart,"$13,839,285"
4572,2021-2022,Doug McDermott,"$13,750,000"
4573,2021-2022,Christian Wood,"$13,666,667"
4574,2021-2022,Derrick Rose,"$13,445,120"
4575,2021-2022,Luke Kennard,"$13,347,727"
4576,2021-2022,Taurean Prince,"$13,334,375"
4577,2021-2022,Brook Lopez,"$13,302,325"
4578,2021-2022,Kentavious Caldwell-Pope,"$13,038,862"
4579,2021-2022,Joe Ingles,"$13,036,364"
4580,2021-2022,Kyle Kuzma,"$13,000,000"
4581,2021-2022,Robert Covington,"$12,975,471"
4582,2021-2022,T.J. Warren,"$12,690,000"
4583,2021-2022,Deandre Ayton,"$12,632,950"
4584,2021-2022,Terrence Ross,"$12,500,000"
4585,2021-2022,Jordan Clarkson,"$12,420,000"
4586,2021-2022,Dillon Brooks,"$12,200,000"
4587,2021-2022,Kelly Olynyk,"$12,195,122"
4588,2021-2022,Josh Hart,"$12,000,000"
4589,2021-2022,Jusuf Nurkic,"$12,000,000"
4590,2021-2022,Kelly Oubre Jr.,"$12,000,000"
4591,2021-2022,Josh Richardson,"$11,615,328"
4592,2021-2022,Marvin Bagley III,"$11,312,114"
4593,2021-2022,Dwight Powell,"$11,080,125"
4594,2021-2022,Devonte' Graham,"$11,000,000"
4595,2021-2022,Zion Williamson,"$10,733,400"
4596,2021-2022,Larry Nance Jr.,"$10,690,909"
4597,2021-2022,Jeremy Lamb,"$10,500,000"
4598,2021-2022,Richaun Holmes,"$10,384,500"
4599,2021-2022,Reggie Jackson,"$10,384,500"
4600,2021-2022,Anthony Edwards,"$10,245,480"
4601,2021-2022,Serge Ibaka,"$10,223,705"
4602,2021-2022,Luka Doncic,"$10,174,391"
4603,2021-2022,Cade Cunningham,"$10,050,120"
4604,2021-2022,Danny Green,"$10,000,000"
4605,2021-2022,Kyle Anderson,"$9,937,150"
4606,2021-2022,Jae Crowder,"$9,720,900"
4607,2021-2022,Derrick Favors,"$9,720,900"
4608,2021-2022,Montrezl Harrell,"$9,720,900"
4609,2021-2022,Derrick Jones Jr.,"$9,720,900"
4610,2021-2022,Ja Morant,"$9,603,360"
4611,2021-2022,Reggie Bullock,"$9,536,000"
4612,2021-2022,Alec Burks,"$9,536,000"
4613,2021-2022,Talen Horton-Tucker,"$9,500,000"
4614,2021-2022,Mason Plumlee,"$9,248,333"
4615,2021-2022,Jaren Jackson Jr.,"$9,180,560"
4616,2021-2022,James Wiseman,"$9,166,800"
4617,2021-2022,Jalen Green,"$8,992,080"
4618,2021-2022,Monte Morris,"$8,849,071"
4619,2021-2022,De'Anthony Melton,"$8,805,976"
4620,2021-2022,Nerlens Noel,"$8,800,000"
4621,2021-2022,Royce O'Neale,"$8,800,000"
4622,2021-2022,Maxi Kleber,"$8,750,000"
4623,2021-2022,Jakob Poeltl,"$8,750,000"
4624,2021-2022,Kemba Walker,"$8,729,020"
4625,2021-2022,Thomas Bryant,"$8,666,667"
4626,2021-2022,R.J. Barrett,"$8,623,920"
4627,2021-2022,Alex Caruso,"$8,600,000"
4628,2021-2022,Delon Wright,"$8,526,316"
4629,2021-2022,Dario Saric,"$8,510,000"
4630,2021-2022,Tyus Jones,"$8,376,286"
4631,2021-2022,Trae Young,"$8,326,471"
4632,2021-2022,Daniel Theis,"$8,280,351"
4633,2021-2022,LaMelo Ball,"$8,231,760"
4634,2021-2022,Seth Curry,"$8,207,518"
4635,2021-2022,JaMychal Green,"$8,200,000"
4636,2021-2022,Cedi Osman,"$8,133,334"
4637,2021-2022,Evan Mobley,"$8,075,160"
4638,2021-2022,De'Andre Hunter,"$7,775,400"
4639,2021-2022,Mohamed Bamba,"$7,568,743"
4640,2021-2022,Ivica Zubac,"$7,518,518"
4641,2021-2022,T.J. McConnell,"$7,500,000"
4642,2021-2022,Patrick Williams,"$7,422,000"
4643,2021-2022,Scottie Barnes,"$7,280,400"
4644,2021-2022,Darius Garland,"$7,040,880"
4645,2021-2022,Chris Boucher,"$7,020,000"
4646,2021-2022,Zach Collins,"$7,000,000"
4647,2021-2022,P.J. Tucker,"$7,000,000"
4648,2021-2022,Wendell Carter Jr.,"$6,920,027"
4649,2021-2022,Juancho Hernangomez,"$6,803,190"
4650,2021-2022,Isaac Okoro,"$6,720,720"
4651,2021-2022,Jalen Suggs,"$6,592,920"
4652,2021-2022,Cameron Payne,"$6,500,000"
4653,2021-2022,Jarrett Culver,"$6,395,160"
4654,2021-2022,Khem Birch,"$6,350,000"
4655,2021-2022,Collin Sexton,"$6,349,671"
4656,2021-2022,Onyeka Okongwu,"$6,104,280"
4657,2021-2022,Justin Holiday,"$6,006,420"
4658,2021-2022,Josh Giddey,"$5,988,000"
4659,2021-2022,Rudy Gay,"$5,890,000"
4660,2021-2022,Patty Mills,"$5,890,000"
4661,2021-2022,Dennis Schröder,"$5,890,000"
4662,2021-2022,Kevin Knox,"$5,845,978"
4663,2021-2022,Coby White,"$5,837,760"
4664,2021-2022,Killian Hayes,"$5,572,680"
4665,2021-2022,Mikal Bridges,"$5,557,725"
4666,2021-2022,Shai Gilgeous-Alexander,"$5,495,532"
4667,2021-2022,Jonathan Kuminga,"$5,466,360"
4668,2021-2022,Miles Bridges,"$5,421,493"
4669,2021-2022,Jaxson Hayes,"$5,348,280"
4670,2021-2022,Pat Connaughton,"$5,333,334"
4671,2021-2022,Michael Porter Jr.,"$5,258,735"
4672,2021-2022,Hamidou Diallo,"$5,200,000"
4673,2021-2022,Kevon Looney,"$5,178,572"
4674,2021-2022,Troy Brown Jr.,"$5,170,564"
4675,2021-2022,Obi Toppin,"$5,105,160"
4676,2021-2022,Franz Wagner,"$5,007,840"
4677,2021-2022,Josh Jackson,"$5,005,350"
4678,2021-2022,Robin Lopez,"$5,000,000"
4679,2021-2022,JaVale McGee,"$5,000,000"
4680,2021-2022,Kendrick Nunn,"$5,000,000"
4681,2021-2022,Louis Williams,"$5,000,000"
4682,2021-2022,Rui Hachimura,"$4,916,160"
4683,2021-2022,Taj Gibson,"$4,910,000"
4684,2021-2022,Cory Joseph,"$4,910,000"
4685,2021-2022,Garrett Temple,"$4,910,000"
4686,2021-2022,Torrey Craig,"$4,878,049"
4687,2021-2022,Bruce Brown Jr.,"$4,736,102"
4688,2021-2022,Deni Avdija,"$4,692,840"
4689,2021-2022,Donte DiVincenzo,"$4,675,830"
4690,2021-2022,Cam Reddish,"$4,670,160"
4691,2021-2022,David Nwaba,"$4,650,000"
4692,2021-2022,Furkan Korkmaz,"$4,629,630"
4693,2021-2022,Davion Mitchell,"$4,603,200"
4694,2021-2022,Bryn Forbes,"$4,500,000"
4695,2021-2022,Jeff Green,"$4,500,000"
4696,2021-2022,Ishmael Smith,"$4,500,000"
4697,2021-2022,Jalen Smith,"$4,458,000"
4698,2021-2022,Lonnie Walker IV,"$4,447,896"
4699,2021-2022,Cameron Johnson,"$4,437,000"
4700,2021-2022,Ziaire Williams,"$4,373,040"
4701,2021-2022,Maurice Harkless,"$4,347,600"
4702,2021-2022,Bobby Portis,"$4,347,600"
4703,2021-2022,Kevin Huerter,"$4,253,357"
4704,2021-2022,Devin Vassell,"$4,235,160"
4705,2021-2022,PJ Washington,"$4,215,120"
4706,2021-2022,James Bouknight,"$4,154,400"
4707,2021-2022,Josh Okogie,"$4,087,904"
4708,2021-2022,Grayson Allen,"$4,054,695"
4709,2021-2022,Jarred Vanderbilt,"$4,050,000"
4710,2021-2022,Tyrese Haliburton,"$4,023,600"
4711,2021-2022,Tyler Herro,"$4,004,280"
4712,2021-2022,Terence Davis,"$4,000,000"
4713,2021-2022,Gorgui Dieng,"$4,000,000"
4714,2021-2022,Dorian Finney-Smith,"$4,000,000"
4715,2021-2022,George Hill,"$4,000,000"
4716,2021-2022,Aaron Holiday,"$3,980,551"
4717,2021-2022,Joshua Primo,"$3,946,800"
4718,2021-2022,Jake Layman,"$3,940,184"
4719,2021-2022,Anfernee Simons,"$3,938,818"
4720,2021-2022,Justise Winslow,"$3,902,439"
4721,2021-2022,Kira Lewis Jr.,"$3,822,240"
4722,2021-2022,Romeo Langford,"$3,804,360"
4723,2021-2022,Landry Shamet,"$3,768,342"
4724,2021-2022,Chris Duarte,"$3,749,400"
4725,2021-2022,Alex Len,"$3,732,000"
4726,2021-2022,Robert Williams III,"$3,661,976"
4727,2021-2022,Aaron Nesmith,"$3,631,200"
4728,2021-2022,Moses Moody,"$3,562,200"
4729,2021-2022,Boban Marjanovic,"$3,500,000"
4730,2021-2022,Mike Muscala,"$3,500,000"
4731,2021-2022,Cole Anthony,"$3,449,400"
4732,2021-2022,Corey Kispert,"$3,383,640"
4733,2021-2022,Georges Niang,"$3,300,000"
4734,2021-2022,Chuma Okeke,"$3,277,080"
4735,2021-2022,Isaiah Stewart,"$3,277,080"
4736,2021-2022,Nickeil Alexander-Walker,"$3,261,480"
4737,2021-2022,Alperen Sengun,"$3,214,680"
4738,2021-2022,Nicolas Batum,"$3,170,029"
4739,2021-2022,Trey Burke,"$3,150,000"
4740,2021-2022,Aleksej Pokusevski,"$3,113,160"
4741,2021-2022,Facundo Campazzo,"$3,100,000"
4742,2021-2022,Goga Bitadze,"$3,098,400"
4743,2021-2022,Trey Murphy III,"$3,053,760"
4744,2021-2022,Sterling Brown,"$3,000,000"
4745,2021-2022,Frank Jackson,"$3,000,000"
4746,2021-2022,Josh Green,"$2,957,520"
4747,2021-2022,Tre Mann,"$2,901,240"
4748,2021-2022,Matisse Thybulle,"$2,840,160"
4749,2021-2022,Saddiq Bey,"$2,824,320"
4750,2021-2022,Kai Jones,"$2,770,560"
4751,2021-2022,Brandon Clarke,"$2,726,880"
4752,2021-2022,Precious Achiuwa,"$2,711,280"
4753,2021-2022,Jalen Johnson,"$2,659,680"
4754,2021-2022,Grant Williams,"$2,617,800"
4755,2021-2022,Tyrese Maxey,"$2,602,920"
4756,2021-2022,Keon Johnson,"$2,553,240"
4757,2021-2022,Darius Bazley,"$2,513,040"
4758,2021-2022,Trey Lyles,"$2,500,000"
4759,2021-2022,Zeke Nnaji,"$2,498,760"
4760,2021-2022,Isaiah Jackson,"$2,451,240"
4761,2021-2022,Ty Jerome,"$2,412,840"
4762,2021-2022,Leandro Bolmaro,"$2,353,320"
4763,2021-2022,Usman Garuba,"$2,353,320"
4764,2021-2022,Willy Hernangomez,"$2,327,220"
4765,2021-2022,Nassir Little,"$2,316,240"
4766,2021-2022,RJ Hampton,"$2,303,040"
4767,2021-2022,Josh Christopher,"$2,259,240"
4768,2021-2022,Dylan Windler,"$2,239,200"
4769,2021-2022,Immanuel Quickley,"$2,210,640"
4770,2021-2022,John Konchar,"$2,200,000"
4771,2021-2022,Quentin Grimes,"$2,168,640"
4772,2021-2022,Jordan Poole,"$2,161,440"
4773,2021-2022,Bol Bol,"$2,161,152"
4774,2021-2022,Keldon Johnson,"$2,145,720"
4775,2021-2022,Payton Pritchard,"$2,137,440"
4776,2021-2022,Nah'Shon Hyland,"$2,096,880"
4777,2021-2022,Udoka Azubuike,"$2,075,880"
4778,2021-2022,Jaden McDaniels,"$2,063,280"
4779,2021-2022,Malachi Flynn,"$2,048,040"
4780,2021-2022,Cameron Thomas,"$2,036,280"
4781,2021-2022,Desmond Bane,"$2,033,160"
4782,2021-2022,Jaden Springer,"$2,023,680"
4783,2021-2022,Day'Ron Sharpe,"$2,009,160"
4784,2021-2022,Theo Maledon,"$2,000,000"
4785,2021-2022,Garrison Mathews,"$2,000,000"
4786,2021-2022,Jordan McLaughlin,"$2,000,000"
4787,2021-2022,Jeremiah Robinson-Earl,"$2,000,000"
4788,2021-2022,Kenrich Williams,"$2,000,000"
4789,2021-2022,Santi Aldama,"$1,994,520"
4790,2021-2022,Damian Jones,"$1,977,011"
4791,2021-2022,Damion Lee,"$1,910,860"
4792,2021-2022,Killian Tillie,"$1,901,625"
4793,2021-2022,Shake Milton,"$1,846,738"
4794,2021-2022,Jalen Brunson,"$1,802,057"
4795,2021-2022,Mitchell Robinson,"$1,802,057"
4796,2021-2022,Tony Bradley,"$1,789,256"
4797,2021-2022,Frank Ntilikina,"$1,789,256"
4798,2021-2022,Didi Louzada,"$1,786,878"
4799,2021-2022,Vlatko Cancar,"$1,782,621"
4800,2021-2022,Nicolas Claxton,"$1,782,621"
4801,2021-2022,Luguentz Dort,"$1,782,621"
4802,2021-2022,Bruno Fernando,"$1,782,621"
4803,2021-2022,Daniel Gafford,"$1,782,621"
4804,2021-2022,Terance Mann,"$1,782,621"
4805,2021-2022,Cody Martin,"$1,782,621"
4806,2021-2022,Jalen McDaniels,"$1,782,621"
4807,2021-2022,Jaylen Nowell,"$1,782,621"
4808,2021-2022,Eric Paschall,"$1,782,621"
4809,2021-2022,Kevin Porter Jr.,"$1,782,621"
4810,2021-2022,Naz Reid,"$1,782,621"
4811,2021-2022,Isaiah Roby,"$1,782,621"
4812,2021-2022,Dean Wade,"$1,782,621"
4813,2021-2022,Chimezie Metu,"$1,762,796"
4814,2021-2022,Yuta Watanabe,"$1,762,796"
4815,2021-2022,Thanasis Antetokounmpo,"$1,729,217"
4816,2021-2022,Keita Bates-Diop,"$1,729,217"
4817,2021-2022,Sviatoslav Mykhailiuk,"$1,729,217"
4818,2021-2022,Moritz Wagner,"$1,729,217"
4819,2021-2022,Oshae Brissett,"$1,701,593"
4820,2021-2022,Juan Toscano-Anderson,"$1,701,593"
4821,2021-2022,Herb Jones,"$1,700,000"
4822,2021-2022,LaMarcus Aldridge,"$1,669,178"
4823,2021-2022,Carmelo Anthony,"$1,669,178"
4824,2021-2022,Kent Bazemore,"$1,669,178"
4825,2021-2022,Nemanja Bjelica,"$1,669,178"
4826,2021-2022,Isaac Bonga,"$1,669,178"
4827,2021-2022,Avery Bradley,"$1,669,178"
4828,2021-2022,Ed Davis,"$1,669,178"
4829,2021-2022,Dewayne Dedmon,"$1,669,178"
4830,2021-2022,Andre Drummond,"$1,669,178"
4831,2021-2022,Wayne Ellington,"$1,669,178"
4832,2021-2022,Javonte Green,"$1,669,178"
4833,2021-2022,Blake Griffin,"$1,669,178"
4834,2021-2022,Isaiah Hartenstein,"$1,669,178"
4835,2021-2022,Udonis Haslem,"$1,669,178"
4836,2021-2022,Rodney Hood,"$1,669,178"
4837,2021-2022,Dwight Howard,"$1,669,178"
4838,2021-2022,Andre Iguodala,"$1,669,178"
4839,2021-2022,Timothe Luwawu-Cabarrot,"$1,669,178"
4840,2021-2022,Rodney McGruder,"$1,669,178"
4841,2021-2022,Ben McLemore,"$1,669,178"
4842,2021-2022,Paul Millsap,"$1,669,178"
4843,2021-2022,Malik Monk,"$1,669,178"
4844,2021-2022,Markieff Morris,"$1,669,178"
4845,2021-2022,Raul Neto,"$1,669,178"
4846,2021-2022,Victor Oladipo,"$1,669,178"
4847,2021-2022,Elfrid Payton,"$1,669,178"
4848,2021-2022,Gary Payton II,"$1,669,178"
4849,2021-2022,Otto Porter Jr.,"$1,669,178"
4850,2021-2022,Austin Rivers,"$1,669,178"
4851,2021-2022,Rajon Rondo,"$1,669,178"
4852,2021-2022,Tony Snell,"$1,669,178"
4853,2021-2022,Max Strus,"$1,669,178"
4854,2021-2022,Matt Thomas,"$1,669,178"
4855,2021-2022,Gabe Vincent,"$1,669,178"
4856,2021-2022,Vernon Carey Jr.,"$1,517,981"
4857,2021-2022,CJ Elleby,"$1,517,981"
4858,2021-2022,Anthony Gill,"$1,517,981"
4859,2021-2022,Elijah Hughes,"$1,517,981"
4860,2021-2022,Isaiah Joe,"$1,517,981"
4861,2021-2022,Tre Jones,"$1,517,981"
4862,2021-2022,Naji Marshall,"$1,517,981"
4863,2021-2022,Kenyon Martin Jr.,"$1,517,981"
4864,2021-2022,Jordan Nwora,"$1,517,981"
4865,2021-2022,Paul Reed,"$1,517,981"
4866,2021-2022,Nick Richards,"$1,517,981"
4867,2021-2022,Lamar Stevens,"$1,517,981"
4868,2021-2022,Jae’Sean Tate,"$1,517,981"
4869,2021-2022,Xavier Tillman,"$1,517,981"
4870,2021-2022,Jose Alvarado,"$1,500,000"
4871,2021-2022,Isaiah Todd,"$1,500,000"
4872,2021-2022,Saben Lee,"$1,489,065"
4873,2021-2022,Omer Yurtseven,"$1,489,065"
4874,2021-2022,JT Thor,"$1,250,000"
4875,2021-2022,Wesley Matthews,"$1,237,496"
4876,2021-2022,Jason Preston,"$1,062,303"
4877,2021-2022,Isaiah Livers,"$1,057,260"
4878,2021-2022,Tristan Thompson,"$1,000,000"
4879,2021-2022,Aaron Wiggins,"$1,000,000"
4880,2021-2022,Marquese Chriss,"$958,529"
4881,2021-2022,Duane Washington Jr.,"$950,000"
4882,2021-2022,Dalano Banton,"$925,258"
4883,2021-2022,Charles Bassey,"$925,258"
4884,2021-2022,Brandon Boston Jr,"$925,258"
4885,2021-2022,Greg Brown III,"$925,258"
4886,2021-2022,Jared Butler,"$925,258"
4887,2021-2022,Ayo Dosunmu,"$925,258"
4888,2021-2022,Luka Garza,"$925,258"
4889,2021-2022,Vit Krejci,"$925,258"
4890,2021-2022,Jock Landale,"$925,258"
4891,2021-2022,Miles McBride,"$925,258"
4892,2021-2022,Austin Reaves,"$925,258"
4893,2021-2022,Marko Simonovic,"$925,258"
4894,2021-2022,Stanley Johnson,"$888,616"
4895,2021-2022,Bismack Biyombo,"$863,368"
4896,2021-2022,Lance Stephenson,"$642,731"
4897,2021-2022,Daishen Nix,"$612,000"
4898,2021-2022,Terry Taylor,"$600,000"
4899,2021-2022,Luke Kornet,"$565,987"
4900,2021-2022,Danuel House Jr.,"$565,986"
4901,2021-2022,Ryan Arcidiacono,"$546,801"
4902,2021-2022,Caleb Martin,"$527,615"
4903,2021-2022,Goran Dragic,"$460,463"
4904,2021-2022,Jevon Carter,"$441,278"
4905,2021-2022,Trendon Watford,"$436,482"
4906,2021-2022,DeMarcus Cousins,"$431,684"
4907,2021-2022,Nik Stauskas,"$423,536"
4908,2021-2022,Tomas Satoransky,"$402,905"
4909,2021-2022,D.J. Augustin,"$393,312"
4910,2021-2022,DeAndre Jordan,"$374,126"
4911,2021-2022,Devontae Cacok,"$364,533"
4912,2021-2022,Sam Hauser,"$313,737"
4913,2021-2022,Haywood Highsmith,"$290,967"
4914,2021-2022,Armoni Brooks,"$250,000"
4915,2021-2022,Malik Fitts,"$231,062"
4916,2021-2022,Joe Wieskamp,"$202,068"
4917,2021-2022,Isaiah Thomas,"$191,860"
4918,2021-2022,Amir Coffey,"$153,488"
4919,2021-2022,Devin Cannady,"$100,000"
4920,2021-2022,Carsen Edwards,"$76,744"
4921,2021-2022,Luca Vildoza,"$42,789"
4922,2021-2022,Greg Monroe,"$38,372"
4923,2021-2022,Skylar Mays,"$34,231"
4924,2021-2022,Wenyen Gabriel,"$28,779"
4925,2021-2022,Rayjon Tucker,"$28,779"
4926,2021-2022,Moses Brown,"$19,186"
4927,2021-2022,Juwan Morgan,"$19,186"
4928,2021-2022,Trent Forrest,"$8,558"
4929,2021-2022,Ishmail Wainright,"$8,558"
4930,2021-2022,Kessler Edwards,"$5,318"
4931,2022-2023,Stephen Curry,"$48,070,014"
4932,2022-2023,LeBron James,"$44,474,988"
4933,2022-2023,Kevin Durant,"$44,124,845"
4934,2022-2023,Bradley Beal,"$43,279,250"
4935,2022-2023,Giannis Antetokounmpo,"$42,492,492"
4936,2022-2023,Paul George,"$42,492,492"
4937,2022-2023,Kawhi Leonard,"$42,492,492"
4938,2022-2023,Damian Lillard,"$42,492,492"
4939,2022-2023,Klay Thompson,"$40,600,080"
4940,2022-2023,Kyrie Irving,"$39,060,807"
4941,2022-2023,Rudy Gobert,"$38,172,414"
4942,2022-2023,Anthony Davis,"$37,980,720"
4943,2022-2023,Khris Middleton,"$37,948,276"
4944,2022-2023,Jimmy Butler,"$37,653,300"
4945,2022-2023,Tobias Harris,"$37,633,050"
4946,2022-2023,Luka Doncic,"$37,096,500"
4947,2022-2023,Zach LaVine,"$37,096,500"
4948,2022-2023,Trae Young,"$37,096,500"
4949,2022-2023,Pascal Siakam,"$35,448,672"
4950,2022-2023,Ben Simmons,"$35,448,672"
4951,2022-2023,Myles Turner,"$35,069,500"
4952,2022-2023,Jrue Holiday,"$34,319,480"
4953,2022-2023,Devin Booker,"$33,833,400"
4954,2022-2023,Kristaps Porzingis,"$33,833,400"
4955,2022-2023,Karl-Anthony Towns,"$33,833,400"
4956,2022-2023,Joel Embiid,"$33,616,770"
4957,2022-2023,Nikola Jokic,"$33,616,770"
4958,2022-2023,Andrew Wiggins,"$33,616,770"
4959,2022-2023,C.J. McCollum,"$33,333,333"
4960,2022-2023,James Harden,"$33,000,000"
4961,2022-2023,Brandon Ingram,"$31,650,600"
4962,2022-2023,Jamal Murray,"$31,650,600"
4963,2022-2023,D'Angelo Russell,"$31,377,750"
4964,2022-2023,Deandre Ayton,"$30,913,750"
4965,2022-2023,Shai Gilgeous-Alexander,"$30,913,750"
4966,2022-2023,Donovan Mitchell,"$30,913,750"
4967,2022-2023,Michael Porter Jr.,"$30,913,750"
4968,2022-2023,Bam Adebayo,"$30,351,780"
4969,2022-2023,De'Aaron Fox,"$30,351,780"
4970,2022-2023,Jayson Tatum,"$30,351,780"
4971,2022-2023,Gordon Hayward,"$30,075,000"
4972,2022-2023,Jaylen Brown,"$29,776,785"
4973,2022-2023,Jaren Jackson Jr.,"$28,946,605"
4974,2022-2023,Chris Paul,"$28,400,000"
4975,2022-2023,Kyle Lowry,"$28,333,334"
4976,2022-2023,Jalen Brunson,"$27,733,332"
4977,2022-2023,DeMar DeRozan,"$27,300,000"
4978,2022-2023,Al Horford,"$26,500,000"
4979,2022-2023,Julius Randle,"$26,136,000"
4980,2022-2023,Draymond Green,"$25,806,469"
4981,2022-2023,John Collins,"$23,500,000"
4982,2022-2023,Mike Conley,"$22,680,000"
4983,2022-2023,Malcolm Brogdon,"$22,600,000"
4984,2022-2023,Anfernee Simons,"$22,321,429"
4985,2022-2023,Nikola Vucevic,"$22,000,000"
4986,2022-2023,Terry Rozier,"$21,486,316"
4987,2022-2023,Fred VanVleet,"$21,250,000"
4988,2022-2023,Buddy Hield,"$21,177,750"
4989,2022-2023,Domantas Sabonis,"$21,100,000"
4990,2022-2023,Mikal Bridges,"$21,000,000"
4991,2022-2023,Jerami Grant,"$20,955,000"
4992,2022-2023,Aaron Gordon,"$20,690,909"
4993,2022-2023,Jarrett Allen,"$20,000,000"
4994,2022-2023,Tim Hardaway Jr.,"$19,602,273"
4995,2022-2023,Eric Gordon,"$19,568,360"
4996,2022-2023,Bojan Bogdanovic,"$19,550,000"
4997,2022-2023,Lonzo Ball,"$19,534,884"
4998,2022-2023,Spencer Dinwiddie,"$19,500,000"
4999,2022-2023,Caris LeVert,"$18,796,296"
5000,2022-2023,Clint Capela,"$18,706,897"
5001,2022-2023,Joe Harris,"$18,642,857"
5002,2022-2023,Harrison Barnes,"$18,352,273"
5003,2022-2023,Bogdan Bogdanovic,"$18,000,000"
5004,2022-2023,Evan Fournier,"$18,000,000"
5005,2022-2023,Steven Adams,"$17,926,829"
5006,2022-2023,Marcus Smart,"$17,457,142"
5007,2022-2023,Jonathan Isaac,"$17,400,000"
5008,2022-2023,OG Anunoby,"$17,357,143"
5009,2022-2023,Gary Trent Jr.,"$17,280,000"
5010,2022-2023,Derrick White,"$17,142,857"
5011,2022-2023,Dejounte Murray,"$17,071,120"
5012,2022-2023,Mitchell Robinson,"$17,045,454"
5013,2022-2023,Duncan Robinson,"$16,902,000"
5014,2022-2023,Norman Powell,"$16,758,621"
5015,2022-2023,Markelle Fultz,"$16,500,000"
5016,2022-2023,Collin Sexton,"$16,500,000"
5017,2022-2023,Lauri Markkanen,"$16,475,454"
5018,2022-2023,Marcus Morris Sr.,"$16,372,093"
5019,2022-2023,Davis Bertans,"$16,000,000"
5020,2022-2023,Jusuf Nurkic,"$15,625,000"
5021,2022-2023,Malik Beasley,"$15,558,035"
5022,2022-2023,Luguentz Dort,"$15,277,778"
5023,2022-2023,Tyus Jones,"$15,000,000"
5024,2022-2023,Jonas Valanciunas,"$14,700,000"
5025,2022-2023,Derrick Rose,"$14,520,730"
5026,2022-2023,Kevin Huerter,"$14,508,929"
5027,2022-2023,Christian Wood,"$14,317,459"
5028,2022-2023,Wendell Carter Jr.,"$14,150,000"
5029,2022-2023,Kentavious Caldwell-Pope,"$14,004,703"
5030,2022-2023,Brook Lopez,"$13,906,976"
5031,2022-2023,Doug McDermott,"$13,750,000"
5032,2022-2023,Luke Kennard,"$13,745,455"
5033,2022-2023,Zion Williamson,"$13,534,817"
5034,2022-2023,Jordan Clarkson,"$13,340,000"
5035,2022-2023,Gary Harris,"$13,000,000"
5036,2022-2023,Kyle Kuzma,"$13,000,000"
5037,2022-2023,Josh Hart,"$12,960,000"
5038,2022-2023,Dorian Finney-Smith,"$12,939,848"
5039,2022-2023,Kelly Olynyk,"$12,804,878"
5040,2022-2023,Chris Boucher,"$12,690,000"
5041,2022-2023,Kelly Oubre Jr.,"$12,600,000"
5042,2022-2023,Marvin Bagley III,"$12,500,000"
5043,2022-2023,Robert Covington,"$12,307,692"
5044,2022-2023,Josh Richardson,"$12,196,094"
5045,2022-2023,Ja Morant,"$12,119,440"
5046,2022-2023,Devonte' Graham,"$11,550,000"
5047,2022-2023,Dillon Brooks,"$11,400,000"
5048,2022-2023,Richaun Holmes,"$11,215,260"
5049,2022-2023,Dwight Powell,"$11,080,125"
5050,2022-2023,Paolo Banchero,"$11,055,120"
5051,2022-2023,R.J. Barrett,"$10,900,635"
5052,2022-2023,Nicolas Batum,"$10,843,350"
5053,2022-2023,Bobby Portis,"$10,843,350"
5054,2022-2023,Anthony Edwards,"$10,733,400"
5055,2022-2023,Robert Williams III,"$10,714,287"
5056,2022-2023,Cade Cunningham,"$10,552,800"
5057,2022-2023,P.J. Tucker,"$10,490,000"
5058,2022-2023,Mohamed Bamba,"$10,300,000"
5059,2022-2023,Talen Horton-Tucker,"$10,260,000"
5060,2022-2023,Jae Crowder,"$10,183,800"
5061,2022-2023,Ivica Zubac,"$10,123,457"
5062,2022-2023,Reggie Bullock,"$10,012,800"
5063,2022-2023,Alec Burks,"$10,012,800"
5064,2022-2023,Chet Holmgren,"$9,891,240"
5065,2022-2023,De'Andre Hunter,"$9,835,881"
5066,2022-2023,Larry Nance Jr.,"$9,672,727"
5067,2022-2023,James Wiseman,"$9,603,360"
5068,2022-2023,Landry Shamet,"$9,500,000"
5069,2022-2023,Malik Monk,"$9,472,219"
5070,2022-2023,Jalen Green,"$9,441,840"
5071,2022-2023,Jakob Poeltl,"$9,398,148"
5072,2022-2023,Nicolas Claxton,"$9,350,000"
5073,2022-2023,Dario Saric,"$9,240,000"
5074,2022-2023,Royce O'Neale,"$9,200,000"
5075,2022-2023,Monte Morris,"$9,125,000"
5076,2022-2023,Mason Plumlee,"$9,080,417"
5077,2022-2023,Alex Caruso,"$9,030,000"
5078,2022-2023,Maxi Kleber,"$9,000,000"
5079,2022-2023,Grayson Allen,"$8,925,000"
5080,2022-2023,Darius Garland,"$8,920,795"
5081,2022-2023,Jabari Smith Jr.,"$8,882,640"
5082,2022-2023,Isaiah Hartenstein,"$8,854,879"
5083,2022-2023,Kyle Anderson,"$8,780,488"
5084,2022-2023,Victor Oladipo,"$8,750,000"
5085,2022-2023,Daniel Theis,"$8,694,369"
5086,2022-2023,LaMelo Ball,"$8,623,920"
5087,2022-2023,Seth Curry,"$8,496,653"
5088,2022-2023,Evan Mobley,"$8,478,720"
5089,2022-2023,Gary Payton II,"$8,300,000"
5090,2022-2023,De'Anthony Melton,"$8,250,000"
5091,2022-2023,T.J. McConnell,"$8,100,000"
5092,2022-2023,Keegan Murray,"$8,008,440"
5093,2022-2023,Thaddeus Young,"$8,000,000"
5094,2022-2023,Delon Wright,"$7,804,878"
5095,2022-2023,Patrick Williams,"$7,775,400"
5096,2022-2023,Scottie Barnes,"$7,644,600"
5097,2022-2023,Cedi Osman,"$7,426,088"
5098,2022-2023,Coby White,"$7,413,955"
5099,2022-2023,Zach Collins,"$7,350,000"
5100,2022-2023,Jaden Ivey,"$7,252,200"
5101,2022-2023,Taurean Prince,"$7,100,000"
5102,2022-2023,Jae’Sean Tate,"$7,065,217"
5103,2022-2023,Isaac Okoro,"$7,040,880"
5104,2022-2023,Kevon Looney,"$7,000,000"
5105,2022-2023,Cody Martin,"$7,000,000"
5106,2022-2023,Jalen Suggs,"$6,922,320"
5107,2022-2023,Jaxson Hayes,"$6,803,012"
5108,2022-2023,Khem Birch,"$6,667,500"
5109,2022-2023,Bennedict Mathurin,"$6,586,800"
5110,2022-2023,Bruce Brown Jr.,"$6,479,000"
5111,2022-2023,Danilo Gallinari,"$6,479,000"
5112,2022-2023,Joe Ingles,"$6,479,000"
5113,2022-2023,Caleb Martin,"$6,479,000"
5114,2022-2023,Patty Mills,"$6,479,000"
5115,2022-2023,Lonnie Walker IV,"$6,479,000"
5116,2022-2023,Onyeka Okongwu,"$6,395,160"
5117,2022-2023,Josh Giddey,"$6,287,400"
5118,2022-2023,Rui Hachimura,"$6,263,188"
5119,2022-2023,Rudy Gay,"$6,184,500"
5120,2022-2023,Shaedon Sharpe,"$6,012,960"
5121,2022-2023,Cameron Payne,"$6,000,000"
5122,2022-2023,Otto Porter Jr.,"$6,000,000"
5123,2022-2023,Cam Reddish,"$5,954,454"
5124,2022-2023,Cameron Johnson,"$5,887,899"
5125,2022-2023,Ricky Rubio,"$5,853,659"
5126,2022-2023,Killian Hayes,"$5,837,760"
5127,2022-2023,PJ Washington,"$5,808,435"
5128,2022-2023,Jonathan Kuminga,"$5,739,840"
5129,2022-2023,Pat Connaughton,"$5,728,393"
5130,2022-2023,Tyler Herro,"$5,722,116"
5131,2022-2023,Romeo Langford,"$5,634,257"
5132,2022-2023,Dyson Daniels,"$5,508,600"
5133,2022-2023,JaVale McGee,"$5,461,219"
5134,2022-2023,Obi Toppin,"$5,348,280"
5135,2022-2023,Franz Wagner,"$5,258,280"
5136,2022-2023,Kendrick Nunn,"$5,250,000"
5137,2022-2023,Hamidou Diallo,"$5,200,000"
5138,2022-2023,Cory Joseph,"$5,155,500"
5139,2022-2023,Garrett Temple,"$5,155,500"
5140,2022-2023,Torrey Craig,"$5,121,951"
5141,2022-2023,Jeremy Sochan,"$5,063,520"
5142,2022-2023,Nickeil Alexander-Walker,"$5,009,633"
5143,2022-2023,Furkan Korkmaz,"$5,000,000"
5144,2022-2023,Deni Avdija,"$4,916,160"
5145,2022-2023,Davion Mitchell,"$4,833,600"
5146,2022-2023,Johnny Davis,"$4,810,320"
5147,2022-2023,Ishmael Smith,"$4,725,000"
5148,2022-2023,Jalen Smith,"$4,670,160"
5149,2022-2023,Ziaire Williams,"$4,591,680"
5150,2022-2023,Ousmane Dieng,"$4,569,840"
5151,2022-2023,Donte DiVincenzo,"$4,500,000"
5152,2022-2023,Jeff Green,"$4,500,000"
5153,2022-2023,Devin Vassell,"$4,437,000"
5154,2022-2023,Matisse Thybulle,"$4,379,527"
5155,2022-2023,Jarred Vanderbilt,"$4,374,000"
5156,2022-2023,James Bouknight,"$4,362,240"
5157,2022-2023,Brandon Clarke,"$4,343,920"
5158,2022-2023,Jalen Williams,"$4,341,480"
5159,2022-2023,Grant Williams,"$4,306,281"
5160,2022-2023,Darius Bazley,"$4,264,629"
5161,2022-2023,Tyrese Haliburton,"$4,215,120"
5162,2022-2023,Nassir Little,"$4,171,548"
5163,2022-2023,Jalen Duren,"$4,124,280"
5164,2022-2023,Danuel House Jr.,"$4,105,000"
5165,2022-2023,Justise Winslow,"$4,097,561"
5166,2022-2023,Dylan Windler,"$4,037,278"
5167,2022-2023,Kira Lewis Jr.,"$4,004,280"
5168,2022-2023,Terence Davis,"$4,000,000"
5169,2022-2023,George Hill,"$4,000,000"
5170,2022-2023,Chris Duarte,"$3,936,960"
5171,2022-2023,Alex Len,"$3,918,600"
5172,2022-2023,Ochai Agbaji,"$3,918,360"
5173,2022-2023,Jordan Poole,"$3,901,399"
5174,2022-2023,Keldon Johnson,"$3,873,025"
5175,2022-2023,Aaron Nesmith,"$3,804,360"
5176,2022-2023,Moses Moody,"$3,740,160"
5177,2022-2023,Mark Williams,"$3,722,040"
5178,2022-2023,Cole Anthony,"$3,613,680"
5179,2022-2023,Corey Kispert,"$3,552,840"
5180,2022-2023,A.J. Griffin,"$3,536,160"
5181,2022-2023,Mike Muscala,"$3,500,000"
5182,2022-2023,Georges Niang,"$3,465,000"
5183,2022-2023,Chuma Okeke,"$3,433,320"
5184,2022-2023,Isaiah Stewart,"$3,433,320"
5185,2022-2023,Amir Coffey,"$3,395,062"
5186,2022-2023,Alperen Sengun,"$3,375,360"
5187,2022-2023,Tari Eason,"$3,359,160"
5188,2022-2023,Aleksej Pokusevski,"$3,261,480"
5189,2022-2023,Kevin Porter Jr.,"$3,217,631"
5190,2022-2023,Trey Murphy III,"$3,206,520"
5191,2022-2023,Simone Fontecchio,"$3,205,128"
5192,2022-2023,Andre Drummond,"$3,200,000"
5193,2022-2023,Derrick Jones Jr.,"$3,200,000"
5194,2022-2023,Dalen Terry,"$3,191,400"
5195,2022-2023,Kevin Love,"$3,114,138"
5196,2022-2023,Josh Green,"$3,098,400"
5197,2022-2023,Jake LaRavia,"$3,047,640"
5198,2022-2023,Tre Mann,"$3,046,200"
5199,2022-2023,Kevin Knox,"$3,000,000"
5200,2022-2023,Saddiq Bey,"$2,959,080"
5201,2022-2023,Malaki Branham,"$2,925,600"
5202,2022-2023,Kai Jones,"$2,909,040"
5203,2022-2023,Precious Achiuwa,"$2,840,160"
5204,2022-2023,Christian Braun,"$2,808,600"
5205,2022-2023,Jordan Nwora,"$2,800,000"
5206,2022-2023,Jalen Johnson,"$2,792,640"
5207,2022-2023,Tyrese Maxey,"$2,726,880"
5208,2022-2023,Bruno Fernando,"$2,717,391"
5209,2022-2023,Walker Kessler,"$2,696,400"
5210,2022-2023,Keon Johnson,"$2,681,040"
5211,2022-2023,Trey Lyles,"$2,625,000"
5212,2022-2023,Zeke Nnaji,"$2,617,800"
5213,2022-2023,Charles Bassey,"$2,600,000"
5214,2022-2023,David Roddy,"$2,588,640"
5215,2022-2023,Isaiah Jackson,"$2,573,760"
5216,2022-2023,MarJon Beauchamp,"$2,485,200"
5217,2022-2023,Usman Garuba,"$2,471,160"
5218,2022-2023,Montrezl Harrell,"$2,463,490"
5219,2022-2023,Willy Hernangomez,"$2,443,581"
5220,2022-2023,Blake Wesley,"$2,385,480"
5221,2022-2023,Josh Christopher,"$2,372,160"
5222,2022-2023,Immanuel Quickley,"$2,316,240"
5223,2022-2023,Wendell Moore Jr.,"$2,306,520"
5224,2022-2023,John Konchar,"$2,300,000"
5225,2022-2023,Damian Jones,"$2,298,385"
5226,2022-2023,Quentin Grimes,"$2,277,000"
5227,2022-2023,Andrew Nembhard,"$2,244,111"
5228,2022-2023,Nikola Jovic,"$2,239,920"
5229,2022-2023,Payton Pritchard,"$2,239,200"
5230,2022-2023,Vlatko Cancar,"$2,234,359"
5231,2022-2023,Patrick Baldwin Jr.,"$2,226,000"
5232,2022-2023,TyTy Washington Jr.,"$2,210,040"
5233,2022-2023,Nah'Shon Hyland,"$2,201,520"
5234,2022-2023,Bol Bol,"$2,200,000"
5235,2022-2023,Peyton Watson,"$2,193,960"
5236,2022-2023,Udoka Azubuike,"$2,174,880"
5237,2022-2023,Jaden McDaniels,"$2,161,440"
5238,2022-2023,Jordan McLaughlin,"$2,160,000"
5239,2022-2023,Malachi Flynn,"$2,145,720"
5240,2022-2023,Cameron Thomas,"$2,138,160"
5241,2022-2023,Luke Kornet,"$2,133,278"
5242,2022-2023,Desmond Bane,"$2,130,240"
5243,2022-2023,Jaden Springer,"$2,125,200"
5244,2022-2023,Day'Ron Sharpe,"$2,109,480"
5245,2022-2023,Jevon Carter,"$2,100,000"
5246,2022-2023,Santi Aldama,"$2,094,120"
5247,2022-2023,Frank Ntilikina,"$2,036,318"
5248,2022-2023,Danny Green,"$2,000,000"
5249,2022-2023,Caleb Houstan,"$2,000,000"
5250,2022-2023,Garrison Mathews,"$2,000,000"
5251,2022-2023,Jeremiah Robinson-Earl,"$2,000,000"
5252,2022-2023,Jaylin Williams,"$2,000,000"
5253,2022-2023,Kenrich Williams,"$2,000,000"
5254,2022-2023,Shake Milton,"$1,997,718"
5255,2022-2023,Sviatoslav Mykhailiuk,"$1,968,175"
5256,2022-2023,Edmond Sumner,"$1,968,175"
5257,2022-2023,Daniel Gafford,"$1,930,681"
5258,2022-2023,Terance Mann,"$1,930,681"
5259,2022-2023,Jalen McDaniels,"$1,930,681"
5260,2022-2023,Jaylen Nowell,"$1,930,681"
5261,2022-2023,Naz Reid,"$1,930,681"
5262,2022-2023,Dean Wade,"$1,930,681"
5263,2022-2023,Lindy Waters III,"$1,927,896"
5264,2022-2023,Chimezie Metu,"$1,910,860"
5265,2022-2023,Thanasis Antetokounmpo,"$1,878,720"
5266,2022-2023,Keita Bates-Diop,"$1,878,720"
5267,2022-2023,Wenyen Gabriel,"$1,878,720"
5268,2022-2023,Moritz Wagner,"$1,878,720"
5269,2022-2023,Oshae Brissett,"$1,846,738"
5270,2022-2023,Bismack Biyombo,"$1,836,090"
5271,2022-2023,Troy Brown Jr.,"$1,836,090"
5272,2022-2023,Thomas Bryant,"$1,836,090"
5273,2022-2023,Matthew Dellavedova,"$1,836,090"
5274,2022-2023,Drew Eubanks,"$1,836,090"
5275,2022-2023,Taj Gibson,"$1,836,090"
5276,2022-2023,Anthony Gill,"$1,836,090"
5277,2022-2023,JaMychal Green,"$1,836,090"
5278,2022-2023,Blake Griffin,"$1,836,090"
5279,2022-2023,Udonis Haslem,"$1,836,090"
5280,2022-2023,Aaron Holiday,"$1,836,090"
5281,2022-2023,Andre Iguodala,"$1,836,090"
5282,2022-2023,Isaiah Joe,"$1,836,090"
5283,2022-2023,DeAndre Jordan,"$1,836,090"
5284,2022-2023,Frank Kaminsky,"$1,836,090"
5285,2022-2023,Nathan Knight,"$1,836,090"
5286,2022-2023,Damion Lee,"$1,836,090"
5287,2022-2023,Robin Lopez,"$1,836,090"
5288,2022-2023,Wesley Matthews,"$1,836,090"
5289,2022-2023,Rodney McGruder,"$1,836,090"
5290,2022-2023,Markieff Morris,"$1,836,090"
5291,2022-2023,Raul Neto,"$1,836,090"
5292,2022-2023,Josh Okogie,"$1,836,090"
5293,2022-2023,Theo Pinson,"$1,836,090"
5294,2022-2023,Austin Rivers,"$1,836,090"
5295,2022-2023,Dennis Schröder,"$1,836,090"
5296,2022-2023,Dennis Smith Jr.,"$1,836,090"
5297,2022-2023,Juan Toscano-Anderson,"$1,836,090"
5298,2022-2023,T.J. Warren,"$1,836,090"
5299,2022-2023,Yuta Watanabe,"$1,836,090"
5300,2022-2023,Javonte Green,"$1,815,677"
5301,2022-2023,Max Strus,"$1,815,677"
5302,2022-2023,Gabe Vincent,"$1,815,677"
5303,2022-2023,Herb Jones,"$1,785,000"
5304,2022-2023,Tre Jones,"$1,782,621"
5305,2022-2023,Naji Marshall,"$1,782,621"
5306,2022-2023,Kenyon Martin Jr.,"$1,782,621"
5307,2022-2023,Paul Reed,"$1,782,621"
5308,2022-2023,Nick Richards,"$1,782,621"
5309,2022-2023,Lamar Stevens,"$1,782,621"
5310,2022-2023,Xavier Tillman,"$1,782,621"
5311,2022-2023,Haywood Highsmith,"$1,752,638"
5312,2022-2023,Omer Yurtseven,"$1,752,638"
5313,2022-2023,Kessler Edwards,"$1,637,966"
5314,2022-2023,Sam Hauser,"$1,637,966"
5315,2022-2023,Jericho Sims,"$1,637,966"
5316,2022-2023,Isaiah Todd,"$1,575,000"
5317,2022-2023,Jose Alvarado,"$1,563,518"
5318,2022-2023,Dalano Banton,"$1,563,518"
5319,2022-2023,Brandon Boston Jr,"$1,563,518"
5320,2022-2023,Ayo Dosunmu,"$1,563,518"
5321,2022-2023,Vit Krejci,"$1,563,518"
5322,2022-2023,Jock Landale,"$1,563,518"
5323,2022-2023,Isaiah Livers,"$1,563,518"
5324,2022-2023,Miles McBride,"$1,563,518"
5325,2022-2023,Daishen Nix,"$1,563,518"
5326,2022-2023,Jason Preston,"$1,563,518"
5327,2022-2023,Austin Reaves,"$1,563,518"
5328,2022-2023,Marko Simonovic,"$1,563,518"
5329,2022-2023,JT Thor,"$1,563,518"
5330,2022-2023,Trendon Watford,"$1,563,518"
5331,2022-2023,Aaron Wiggins,"$1,563,518"
5332,2022-2023,Christian Koloko,"$1,500,000"
5333,2022-2023,Bryce McGowens,"$1,075,000"
5334,2022-2023,Max Christie,"$1,017,781"
5335,2022-2023,Jaden Hardy,"$1,017,781"
5336,2022-2023,Tyrese Martin,"$1,017,781"
5337,2022-2023,Josh Minott,"$1,017,781"
5338,2022-2023,Ryan Rollins,"$1,017,781"
5339,2022-2023,Jabari Walker,"$1,017,781"
5340,2022-2023,Kenneth Lofton Jr.,"$1,000,000"
5341,2022-2023,Jordan Goodwin,"$900,000"
5342,2022-2023,Sam Merrill,"$850,000"
5343,2022-2023,Kris Dunn,"$735,819"
5344,2022-2023,Michael Carter-Williams,"$652,829"
5345,2022-2023,Gorgui Dieng,"$622,582"
5346,2022-2023,Boban Marjanovic,"$601,478"
5347,2022-2023,Goga Bitadze,"$590,926"
5348,2022-2023,James Johnson,"$590,926"
5349,2022-2023,Dewayne Dedmon,"$580,373"
5350,2022-2023,Reggie Jackson,"$580,373"
5351,2022-2023,Terrence Ross,"$580,373"
5352,2022-2023,Justin Holiday,"$569,821"
5353,2022-2023,Joe Wieskamp,"$545,989"
5354,2022-2023,P.J. Dozier,"$539,450"
5355,2022-2023,Cody Zeller,"$517,060"
5356,2022-2023,Patrick Beverley,"$506,508"
5357,2022-2023,Admiral Schofield,"$506,508"
5358,2022-2023,Russell Westbrook,"$495,955"
5359,2022-2023,RJ Hampton,"$485,403"
5360,2022-2023,Ishmail Wainright,"$474,851"
5361,2022-2023,Luka Samanic,"$432,795"
5362,2022-2023,Will Barton,"$432,642"
5363,2022-2023,Isaiah Roby,"$400,000"
5364,2022-2023,Goran Dragic,"$390,433"
5365,2022-2023,Carlik Jones,"$357,717"
5366,2022-2023,Sandro Mamukelashvili,"$357,717"
5367,2022-2023,DaQuan Jeffries,"$300,000"
5368,2022-2023,Meyers Leonard,"$284,911"
5369,2022-2023,Eugene Omoruyi,"$269,445"
5370,2022-2023,Anthony Lamb,"$253,254"
5371,2022-2023,D.J. Augustin,"$189,940"
5372,2022-2023,Xavier Cooks,"$140,384"
5373,2022-2023,Vernon Carey Jr.,"$100,000"
5374,2022-2023,Jeenathan Williams,"$52,644"
5375,2022-2023,Kobi Simmons,"$32,795"
5376,2022-2023,Justin Champagnie,"$28,241"
5377,2022-2023,David Duke Jr.,"$28,241"
5378,2022-2023,Shaquille Harrison,"$12,260"
5379,2022-2023,Willie Cauley-Stein,"$10,552"
5380,2022-2023,Tristan Thompson,"$10,552"
5381,2023-2024,Stephen Curry,"$51,915,615"
5382,2023-2024,Kevin Durant,"$47,649,433"
5383,2023-2024,Joel Embiid,"$47,607,350"
5384,2023-2024,LeBron James,"$47,607,350"
5385,2023-2024,Nikola Jokic,"$47,607,350"
5386,2023-2024,Bradley Beal,"$46,741,590"
5387,2023-2024,Giannis Antetokounmpo,"$45,640,084"
5388,2023-2024,Paul George,"$45,640,084"
5389,2023-2024,Kawhi Leonard,"$45,640,084"
5390,2023-2024,Damian Lillard,"$45,640,084"
5391,2023-2024,Jimmy Butler,"$45,183,960"
5392,2023-2024,Klay Thompson,"$43,219,440"
5393,2023-2024,Rudy Gobert,"$41,000,000"
5394,2023-2024,Fred VanVleet,"$40,806,300"
5395,2023-2024,Anthony Davis,"$40,600,080"
5396,2023-2024,Luka Doncic,"$40,064,220"
5397,2023-2024,Zach LaVine,"$40,064,220"
5398,2023-2024,Trae Young,"$40,064,220"
5399,2023-2024,Tobias Harris,"$39,270,150"
5400,2023-2024,Kyrie Irving,"$38,037,037"
5401,2023-2024,Pascal Siakam,"$37,893,408"
5402,2023-2024,Ben Simmons,"$37,893,408"
5403,2023-2024,Jrue Holiday,"$37,620,347"
5404,2023-2024,Devin Booker,"$36,016,200"
5405,2023-2024,Kristaps Porzingis,"$36,016,200"
5406,2023-2024,Karl-Anthony Towns,"$36,016,200"
5407,2023-2024,C.J. McCollum,"$35,802,469"
5408,2023-2024,James Harden,"$35,680,595"
5409,2023-2024,Darius Garland,"$34,005,250"
5410,2023-2024,Ja Morant,"$34,005,250"
5411,2023-2024,Zion Williamson,"$34,005,250"
5412,2023-2024,Brandon Ingram,"$33,833,400"
5413,2023-2024,Jamal Murray,"$33,833,400"
5414,2023-2024,Shai Gilgeous-Alexander,"$33,386,850"
5415,2023-2024,Michael Porter Jr.,"$33,386,850"
5416,2023-2024,Gordon Hayward,"$33,319,397"
5417,2023-2024,Donovan Mitchell,"$33,162,030"
5418,2023-2024,Bam Adebayo,"$32,600,060"
5419,2023-2024,De'Aaron Fox,"$32,600,060"
5420,2023-2024,Jayson Tatum,"$32,600,060"
5421,2023-2024,Deandre Ayton,"$32,459,438"
5422,2023-2024,Jaylen Brown,"$31,830,357"
5423,2023-2024,Chris Paul,"$30,800,000"
5424,2023-2024,Khris Middleton,"$29,320,988"
5425,2023-2024,Domantas Sabonis,"$29,300,000"
5426,2023-2024,DeMar DeRozan,"$28,600,000"
5427,2023-2024,Jerami Grant,"$27,586,207"
5428,2023-2024,Jordan Poole,"$27,455,357"
5429,2023-2024,Jaren Jackson Jr.,"$27,102,202"
5430,2023-2024,Tyler Herro,"$27,000,000"
5431,2023-2024,Julius Randle,"$26,943,840"
5432,2023-2024,Jalen Brunson,"$26,346,666"
5433,2023-2024,Kyle Kuzma,"$25,568,182"
5434,2023-2024,John Collins,"$25,340,000"
5435,2023-2024,Brook Lopez,"$25,000,000"
5436,2023-2024,Cameron Johnson,"$24,456,522"
5437,2023-2024,Mike Conley,"$24,360,000"
5438,2023-2024,Andrew Wiggins,"$24,330,357"
5439,2023-2024,Anfernee Simons,"$24,107,143"
5440,2023-2024,R.J. Barrett,"$23,883,929"
5441,2023-2024,Jordan Clarkson,"$23,487,629"
5442,2023-2024,Terry Rozier,"$23,205,221"
5443,2023-2024,Dillon Brooks,"$22,627,671"
5444,2023-2024,Malcolm Brogdon,"$22,500,000"
5445,2023-2024,Draymond Green,"$22,321,429"
5446,2023-2024,Bruce Brown Jr.,"$22,000,000"
5447,2023-2024,Mikal Bridges,"$21,700,000"
5448,2023-2024,Aaron Gordon,"$21,266,182"
5449,2023-2024,Myles Turner,"$20,975,000"
5450,2023-2024,Clint Capela,"$20,616,000"
5451,2023-2024,Lonzo Ball,"$20,465,117"
5452,2023-2024,De'Andre Hunter,"$20,089,286"
5453,2023-2024,Jarrett Allen,"$20,000,000"
5454,2023-2024,Bojan Bogdanovic,"$20,000,000"
5455,2023-2024,Keldon Johnson,"$20,000,000"
5456,2023-2024,Buddy Hield,"$19,845,098"
5457,2023-2024,Jakob Poeltl,"$19,500,000"
5458,2023-2024,Evan Fournier,"$18,857,143"
5459,2023-2024,Derrick White,"$18,857,143"
5460,2023-2024,Marcus Smart,"$18,833,713"
5461,2023-2024,Bogdan Bogdanovic,"$18,700,000"
5462,2023-2024,OG Anunoby,"$18,642,857"
5463,2023-2024,Gary Trent Jr.,"$18,560,000"
5464,2023-2024,Nikola Vucevic,"$18,518,519"
5465,2023-2024,Dejounte Murray,"$18,214,000"
5466,2023-2024,Duncan Robinson,"$18,154,000"
5467,2023-2024,Norman Powell,"$18,000,000"
5468,2023-2024,Tim Hardaway Jr.,"$17,897,728"
5469,2023-2024,Collin Sexton,"$17,525,000"
5470,2023-2024,Jonathan Isaac,"$17,400,000"
5471,2023-2024,D'Angelo Russell,"$17,307,693"
5472,2023-2024,Lauri Markkanen,"$17,259,999"
5473,2023-2024,Harrison Barnes,"$17,000,000"
5474,2023-2024,Davis Bertans,"$17,000,000"
5475,2023-2024,Markelle Fultz,"$17,000,000"
5476,2023-2024,Jusuf Nurkic,"$16,875,000"
5477,2023-2024,PJ Washington,"$16,847,826"
5478,2023-2024,Rui Hachimura,"$15,740,741"
5479,2023-2024,Mitchell Robinson,"$15,681,818"
5480,2023-2024,Kevin Huerter,"$15,669,643"
5481,2023-2024,Jonas Valanciunas,"$15,435,000"
5482,2023-2024,Caris LeVert,"$15,384,616"
5483,2023-2024,Luguentz Dort,"$15,277,778"
5484,2023-2024,Luke Kennard,"$14,763,636"
5485,2023-2024,Kentavious Caldwell-Pope,"$14,704,938"
5486,2023-2024,Max Strus,"$14,487,684"
5487,2023-2024,Tyus Jones,"$14,000,000"
5488,2023-2024,Doug McDermott,"$14,000,000"
5489,2023-2024,Dorian Finney-Smith,"$13,932,008"
5490,2023-2024,Anthony Edwards,"$13,534,817"
5491,2023-2024,Wendell Carter Jr.,"$13,050,000"
5492,2023-2024,Gary Harris,"$13,000,000"
5493,2023-2024,Josh Hart,"$12,960,000"
5494,2023-2024,Naz Reid,"$12,950,400"
5495,2023-2024,Steven Adams,"$12,600,000"
5496,2023-2024,Marvin Bagley III,"$12,500,000"
5497,2023-2024,Brandon Clarke,"$12,500,000"
5498,2023-2024,Dennis Schröder,"$12,405,000"
5499,2023-2024,Grant Williams,"$12,405,000"
5500,2023-2024,Daniel Gafford,"$12,402,000"
5501,2023-2024,Kelly Olynyk,"$12,195,122"
5502,2023-2024,Victor Wembanyama,"$12,160,680"
5503,2023-2024,James Wiseman,"$12,119,440"
5504,2023-2024,Devonte' Graham,"$12,100,000"
5505,2023-2024,Richaun Holmes,"$12,046,020"
5506,2023-2024,Herb Jones,"$12,015,150"
5507,2023-2024,Austin Reaves,"$12,015,150"
5508,2023-2024,Chris Boucher,"$11,750,000"
5509,2023-2024,Nicolas Batum,"$11,710,818"
5510,2023-2024,Bobby Portis,"$11,710,818"
5511,2023-2024,Robert Covington,"$11,692,308"
5512,2023-2024,Paolo Banchero,"$11,608,080"
5513,2023-2024,Robert Williams III,"$11,571,429"
5514,2023-2024,Coby White,"$11,111,111"
5515,2023-2024,Cade Cunningham,"$11,055,360"
5516,2023-2024,Talen Horton-Tucker,"$11,020,000"
5517,2023-2024,P.J. Tucker,"$11,014,500"
5518,2023-2024,Joe Ingles,"$11,000,000"
5519,2023-2024,Maxi Kleber,"$11,000,000"
5520,2023-2024,Ivica Zubac,"$10,933,333"
5521,2023-2024,LaMelo Ball,"$10,900,635"
5522,2023-2024,Donte DiVincenzo,"$10,900,000"
5523,2023-2024,Brandon Miller,"$10,880,400"
5524,2023-2024,Terance Mann,"$10,576,923"
5525,2023-2024,Matisse Thybulle,"$10,500,000"
5526,2023-2024,Gabe Vincent,"$10,500,000"
5527,2023-2024,Alec Burks,"$10,489,600"
5528,2023-2024,Chet Holmgren,"$10,386,000"
5529,2023-2024,Larry Nance Jr.,"$10,375,000"
5530,2023-2024,Landry Shamet,"$10,250,000"
5531,2023-2024,Al Horford,"$10,000,000"
5532,2023-2024,Malik Monk,"$9,945,830"
5533,2023-2024,Tre Jones,"$9,895,833"
5534,2023-2024,Jalen Green,"$9,891,480"
5535,2023-2024,Patrick Williams,"$9,835,881"
5536,2023-2024,Monte Morris,"$9,800,926"
5537,2023-2024,Scoot Henderson,"$9,770,880"
5538,2023-2024,Nicolas Claxton,"$9,625,000"
5539,2023-2024,Royce O'Neale,"$9,500,000"
5540,2023-2024,Alex Caruso,"$9,460,000"
5541,2023-2024,Pat Connaughton,"$9,423,869"
5542,2023-2024,Jabari Smith Jr.,"$9,326,520"
5543,2023-2024,Isaiah Hartenstein,"$9,245,121"
5544,2023-2024,Kyle Anderson,"$9,219,512"
5545,2023-2024,Grayson Allen,"$8,925,000"
5546,2023-2024,Isaac Okoro,"$8,920,795"
5547,2023-2024,Evan Mobley,"$8,882,640"
5548,2023-2024,Amen Thompson,"$8,809,320"
5549,2023-2024,Georges Niang,"$8,800,000"
5550,2023-2024,Gary Payton II,"$8,715,000"
5551,2023-2024,T.J. McConnell,"$8,700,000"
5552,2023-2024,Keegan Murray,"$8,409,000"
5553,2023-2024,Onyeka Okongwu,"$8,109,063"
5554,2023-2024,Scottie Barnes,"$8,008,680"
5555,2023-2024,Jeff Green,"$8,000,000"
5556,2023-2024,Jock Landale,"$8,000,000"
5557,2023-2024,Trey Lyles,"$8,000,000"
5558,2023-2024,De'Anthony Melton,"$8,000,000"
5559,2023-2024,Moritz Wagner,"$8,000,000"
5560,2023-2024,Ausar Thompson,"$7,977,480"
5561,2023-2024,Miles Bridges,"$7,921,300"
5562,2023-2024,Vasilije Micic,"$7,723,000"
5563,2023-2024,Paul Reed,"$7,723,000"
5564,2023-2024,Zach Collins,"$7,700,000"
5565,2023-2024,Jaden Ivey,"$7,614,480"
5566,2023-2024,Cody Martin,"$7,560,000"
5567,2023-2024,Kevon Looney,"$7,500,000"
5568,2023-2024,Jalen Suggs,"$7,252,080"
5569,2023-2024,Anthony Black,"$7,245,480"
5570,2023-2024,Jae’Sean Tate,"$7,000,000"
5571,2023-2024,Bennedict Mathurin,"$6,916,080"
5572,2023-2024,Obi Toppin,"$6,803,012"
5573,2023-2024,Caleb Martin,"$6,802,950"
5574,2023-2024,Cedi Osman,"$6,718,842"
5575,2023-2024,Bilal Coulibaly,"$6,614,280"
5576,2023-2024,Josh Giddey,"$6,587,040"
5577,2023-2024,Ayo Dosunmu,"$6,481,482"
5578,2023-2024,Sasha Vezenkov,"$6,341,464"
5579,2023-2024,Shaedon Sharpe,"$6,313,800"
5580,2023-2024,Deni Avdija,"$6,263,188"
5581,2023-2024,Nassir Little,"$6,250,000"
5582,2023-2024,Jevon Carter,"$6,190,476"
5583,2023-2024,Kenrich Williams,"$6,175,000"
5584,2023-2024,Jarace Walker,"$6,059,520"
5585,2023-2024,Jonathan Kuminga,"$6,012,840"
5586,2023-2024,Devin Vassell,"$5,887,899"
5587,2023-2024,Tyrese Haliburton,"$5,808,435"
5588,2023-2024,Dyson Daniels,"$5,784,120"
5589,2023-2024,Kira Lewis Jr.,"$5,722,116"
5590,2023-2024,Dean Wade,"$5,709,877"
5591,2023-2024,Aaron Nesmith,"$5,634,257"
5592,2023-2024,Taylor Hendricks,"$5,569,920"
5593,2023-2024,Cole Anthony,"$5,539,771"
5594,2023-2024,Franz Wagner,"$5,508,720"
5595,2023-2024,Jeremy Sochan,"$5,316,960"
5596,2023-2024,Cason Wallace,"$5,291,400"
5597,2023-2024,Chuma Okeke,"$5,266,713"
5598,2023-2024,Isaiah Stewart,"$5,266,713"
5599,2023-2024,Davion Mitchell,"$5,063,640"
5600,2023-2024,Johnny Davis,"$5,050,800"
5601,2023-2024,Jalen Smith,"$5,043,773"
5602,2023-2024,Jett Howard,"$5,026,800"
5603,2023-2024,Reggie Jackson,"$5,000,000"
5604,2023-2024,Mason Plumlee,"$5,000,000"
5605,2023-2024,Nick Richards,"$5,000,000"
5606,2023-2024,Ziaire Williams,"$4,810,200"
5607,2023-2024,Ousmane Dieng,"$4,798,440"
5608,2023-2024,Dereck Lively II,"$4,775,640"
5609,2023-2024,Josh Green,"$4,765,339"
5610,2023-2024,Nickeil Alexander-Walker,"$4,687,500"
5611,2023-2024,Jarred Vanderbilt,"$4,640,000"
5612,2023-2024,Jalen Williams,"$4,558,680"
5613,2023-2024,Saddiq Bey,"$4,556,983"
5614,2023-2024,Gradey Dick,"$4,536,720"
5615,2023-2024,Jalen McDaniels,"$4,516,000"
5616,2023-2024,Taurean Prince,"$4,516,000"
5617,2023-2024,Precious Achiuwa,"$4,379,527"
5618,2023-2024,Tyrese Maxey,"$4,343,920"
5619,2023-2024,Jalen Duren,"$4,330,680"
5620,2023-2024,Jordan Hawkins,"$4,310,160"
5621,2023-2024,Zeke Nnaji,"$4,306,281"
5622,2023-2024,Immanuel Quickley,"$4,171,548"
5623,2023-2024,Chris Duarte,"$4,124,400"
5624,2023-2024,Ochai Agbaji,"$4,114,200"
5625,2023-2024,Kobe Bufkin,"$4,094,280"
5626,2023-2024,Payton Pritchard,"$4,037,278"
5627,2023-2024,Troy Brown Jr.,"$4,000,000"
5628,2023-2024,Seth Curry,"$4,000,000"
5629,2023-2024,Dwight Powell,"$4,000,000"
5630,2023-2024,Moses Moody,"$3,918,480"
5631,2023-2024,Mark Williams,"$3,908,160"
5632,2023-2024,Jaden McDaniels,"$3,901,399"
5633,2023-2024,Keyonte George,"$3,889,800"
5634,2023-2024,Malachi Flynn,"$3,873,025"
5635,2023-2024,Desmond Bane,"$3,845,083"
5636,2023-2024,Kevin Love,"$3,835,738"
5637,2023-2024,Russell Westbrook,"$3,835,738"
5638,2023-2024,Corey Kispert,"$3,722,040"
5639,2023-2024,A.J. Griffin,"$3,712,920"
5640,2023-2024,Jalen Hood-Schifino,"$3,695,040"
5641,2023-2024,Amir Coffey,"$3,666,667"
5642,2023-2024,Alperen Sengun,"$3,536,280"
5643,2023-2024,Tari Eason,"$3,527,160"
5644,2023-2024,Jaime Jaquez Jr.,"$3,510,600"
5645,2023-2024,Andre Drummond,"$3,360,000"
5646,2023-2024,Trey Murphy III,"$3,359,280"
5647,2023-2024,Brandin Podziemski,"$3,352,440"
5648,2023-2024,Dalen Terry,"$3,350,760"
5649,2023-2024,Cam Whitmore,"$3,218,160"
5650,2023-2024,Jake LaRavia,"$3,199,920"
5651,2023-2024,Eric Gordon,"$3,196,448"
5652,2023-2024,Derrick Rose,"$3,196,448"
5653,2023-2024,Tre Mann,"$3,191,400"
5654,2023-2024,Noah Clowney,"$3,089,520"
5655,2023-2024,Malaki Branham,"$3,071,880"
5656,2023-2024,Simone Fontecchio,"$3,044,872"
5657,2023-2024,Julian Champagnie,"$3,000,000"
5658,2023-2024,Dante Exum,"$3,000,000"
5659,2023-2024,Jordan Nwora,"$3,000,000"
5660,2023-2024,Dariq Whitehead,"$2,966,040"
5661,2023-2024,Christian Braun,"$2,949,120"
5662,2023-2024,Jalen Johnson,"$2,925,360"
5663,2023-2024,Josh Richardson,"$2,891,467"
5664,2023-2024,Kris Murray,"$2,847,480"
5665,2023-2024,Walker Kessler,"$2,831,160"
5666,2023-2024,Josh Okogie,"$2,815,937"
5667,2023-2024,Omer Yurtseven,"$2,800,000"
5668,2023-2024,Kyle Lowry,"$2,795,839"
5669,2023-2024,Olivier-Maxence Prosper,"$2,733,720"
5670,2023-2024,David Roddy,"$2,718,240"
5671,2023-2024,Christian Wood,"$2,709,849"
5672,2023-2024,Isaiah Jackson,"$2,696,280"
5673,2023-2024,Marcus Sasser,"$2,624,040"
5674,2023-2024,MarJon Beauchamp,"$2,609,400"
5675,2023-2024,Charles Bassey,"$2,600,000"
5676,2023-2024,Kris Dunn,"$2,586,665"
5677,2023-2024,Damian Jones,"$2,586,665"
5678,2023-2024,Bruno Fernando,"$2,581,522"
5679,2023-2024,Ben Sheppard,"$2,537,160"
5680,2023-2024,Thomas Bryant,"$2,528,233"
5681,2023-2024,Torrey Craig,"$2,528,233"
5682,2023-2024,Damion Lee,"$2,528,233"
5683,2023-2024,Blake Wesley,"$2,504,640"
5684,2023-2024,Nick Smith Jr.,"$2,463,960"
5685,2023-2024,Brice Sensabaugh,"$2,448,600"
5686,2023-2024,Ty Jerome,"$2,439,025"
5687,2023-2024,Julian Strawther,"$2,431,080"
5688,2023-2024,Tristan Vukcevic,"$2,424,892"
5689,2023-2024,Wendell Moore Jr.,"$2,421,720"
5690,2023-2024,Jordan McLaughlin,"$2,420,000"
5691,2023-2024,Kobe Brown,"$2,413,320"
5692,2023-2024,Luke Kornet,"$2,413,304"
5693,2023-2024,John Konchar,"$2,400,000"
5694,2023-2024,Quentin Grimes,"$2,385,720"
5695,2023-2024,Nikola Jovic,"$2,352,000"
5696,2023-2024,Keita Bates-Diop,"$2,346,614"
5697,2023-2024,Drew Eubanks,"$2,346,614"
5698,2023-2024,Yuta Watanabe,"$2,346,614"
5699,2023-2024,Patrick Baldwin Jr.,"$2,337,720"
5700,2023-2024,Nah'Shon Hyland,"$2,306,400"
5701,2023-2024,Peyton Watson,"$2,303,520"
5702,2023-2024,Cameron Thomas,"$2,240,160"
5703,2023-2024,Vlatko Cancar,"$2,234,359"
5704,2023-2024,Vincent Williams Jr.,"$2,232,308"
5705,2023-2024,Jaden Springer,"$2,226,240"
5706,2023-2024,Day'Ron Sharpe,"$2,210,040"
5707,2023-2024,Santi Aldama,"$2,194,200"
5708,2023-2024,Oshae Brissett,"$2,165,000"
5709,2023-2024,Jaxson Hayes,"$2,165,000"
5710,2023-2024,Cam Reddish,"$2,165,000"
5711,2023-2024,Andrew Nembhard,"$2,131,905"
5712,2023-2024,Goga Bitadze,"$2,066,585"
5713,2023-2024,Luka Samanic,"$2,066,585"
5714,2023-2024,Thanasis Antetokounmpo,"$2,019,706"
5715,2023-2024,Mohamed Bamba,"$2,019,706"
5716,2023-2024,Dalano Banton,"$2,019,706"
5717,2023-2024,Malik Beasley,"$2,019,706"
5718,2023-2024,Patrick Beverley,"$2,019,706"
5719,2023-2024,Bol Bol,"$2,019,706"
5720,2023-2024,Moses Brown,"$2,019,706"
5721,2023-2024,Reggie Bullock,"$2,019,706"
5722,2023-2024,Jae Crowder,"$2,019,706"
5723,2023-2024,Aaron Holiday,"$2,019,706"
5724,2023-2024,Justin Holiday,"$2,019,706"
5725,2023-2024,Colby Jones,"$2,019,706"
5726,2023-2024,Derrick Jones Jr.,"$2,019,706"
5727,2023-2024,DeAndre Jordan,"$2,019,706"
5728,2023-2024,Alex Len,"$2,019,706"
5729,2023-2024,Sandro Mamukelashvili,"$2,019,706"
5730,2023-2024,Boban Marjanovic,"$2,019,706"
5731,2023-2024,Wesley Matthews,"$2,019,706"
5732,2023-2024,JaVale McGee,"$2,019,706"
5733,2023-2024,Markieff Morris,"$2,019,706"
5734,2023-2024,Sviatoslav Mykhailiuk,"$2,019,706"
5735,2023-2024,Kelly Oubre Jr.,"$2,019,706"
5736,2023-2024,Cameron Payne,"$2,019,706"
5737,2023-2024,Dario Saric,"$2,019,706"
5738,2023-2024,Dennis Smith Jr.,"$2,019,706"
5739,2023-2024,Lamar Stevens,"$2,019,706"
5740,2023-2024,Garrett Temple,"$2,019,706"
5741,2023-2024,Tristan Thompson,"$2,019,706"
5742,2023-2024,Lonnie Walker IV,"$2,019,706"
5743,2023-2024,Trendon Watford,"$2,019,706"
5744,2023-2024,Cody Zeller,"$2,019,706"
5745,2023-2024,Caleb Houstan,"$2,000,000"
5746,2023-2024,Garrison Mathews,"$2,000,000"
5747,2023-2024,Jaylin Williams,"$2,000,000"
5748,2023-2024,Anthony Gill,"$1,997,238"
5749,2023-2024,Isaiah Joe,"$1,997,238"
5750,2023-2024,Sam Merrill,"$1,997,238"
5751,2023-2024,G.G. Jackson,"$1,991,428"
5752,2023-2024,Duop Reath,"$1,951,220"
5753,2023-2024,Naji Marshall,"$1,930,681"
5754,2023-2024,Kenyon Martin Jr.,"$1,930,681"
5755,2023-2024,Xavier Tillman,"$1,930,681"
5756,2023-2024,Kessler Edwards,"$1,927,896"
5757,2023-2024,Sam Hauser,"$1,927,896"
5758,2023-2024,Jericho Sims,"$1,927,896"
5759,2023-2024,Haywood Highsmith,"$1,902,137"
5760,2023-2024,AJ Green,"$1,901,769"
5761,2023-2024,Jose Alvarado,"$1,836,096"
5762,2023-2024,Brandon Boston Jr,"$1,836,096"
5763,2023-2024,Miles McBride,"$1,836,096"
5764,2023-2024,JT Thor,"$1,836,096"
5765,2023-2024,Aaron Wiggins,"$1,836,096"
5766,2023-2024,E.J. Liddell,"$1,801,769"
5767,2023-2024,Orlando Robinson,"$1,801,769"
5768,2023-2024,Leonard Miller,"$1,800,000"
5769,2023-2024,Daniel Theis,"$1,741,126"
5770,2023-2024,Max Christie,"$1,719,864"
5771,2023-2024,Jaden Hardy,"$1,719,864"
5772,2023-2024,Bryce McGowens,"$1,719,864"
5773,2023-2024,Josh Minott,"$1,719,864"
5774,2023-2024,Jabari Walker,"$1,719,864"
5775,2023-2024,Jalen Pickett,"$1,708,143"
5776,2023-2024,Julian Phillips,"$1,600,000"
5777,2023-2024,Spencer Dinwiddie,"$1,554,664"
5778,2023-2024,Craig Porter Jr.,"$1,500,000"
5779,2023-2024,Matt Ryan,"$1,500,000"
5780,2023-2024,Jared Butler,"$1,250,000"
5781,2023-2024,Toumani Camara,"$1,119,563"
5782,2023-2024,Sidy Cissoko,"$1,119,563"
5783,2023-2024,Mouhamed Gueye,"$1,119,563"
5784,2023-2024,Andre Jackson Jr.,"$1,119,563"
5785,2023-2024,Trayce Jackson-Davis,"$1,119,563"
5786,2023-2024,Maxwell Lewis,"$1,119,563"
5787,2023-2024,Chris Livingston,"$1,119,563"
5788,2023-2024,Rayan Rupert,"$1,119,563"
5789,2023-2024,Hunter Tyson,"$1,119,563"
5790,2023-2024,Jordan Walsh,"$1,119,563"
5791,2023-2024,Kendall Brown,"$1,100,000"
5792,2023-2024,Gui Santos,"$1,029,483"
5793,2023-2024,A.J. Lawson,"$1,000,000"
5794,2023-2024,Eugene Omoruyi,"$900,000"
5795,2023-2024,Ricky Council IV,"$864,353"
5796,2023-2024,Jalen Wilson,"$850,000"
5797,2023-2024,James Johnson,"$777,703"
5798,2023-2024,Lindy Waters III,"$766,095"
5799,2023-2024,Bismack Biyombo,"$754,488"
5800,2023-2024,Keon Ellis,"$683,430"
5801,2023-2024,Danilo Gallinari,"$661,628"
5802,2023-2024,Delon Wright,"$661,628"
5803,2023-2024,Jeremiah Robinson-Earl,"$648,843"
5804,2023-2024,Thaddeus Young,"$638,413"
5805,2023-2024,Aleksej Pokusevski,"$565,176"
5806,2023-2024,Lester Quinones,"$548,815"
5807,2023-2024,Stanley Umude,"$538,460"
5808,2023-2024,Trent Forrest,"$533,945"
5809,2023-2024,Mike Muscala,"$510,730"
5810,2023-2024,Darius Bazley,"$500,000"
5811,2023-2024,Onuralp Bitim,"$500,000"
5812,2023-2024,Kenneth Lofton Jr.,"$500,000"
5813,2023-2024,Shake Milton,"$475,908"
5814,2023-2024,Patty Mills,"$464,300"
5815,2023-2024,Dominick Barlow,"$455,620"
5816,2023-2024,Taj Gibson,"$348,225"
5817,2023-2024,Javon Freeman-Liberty,"$289,542"
5818,2023-2024,DaQuan Jeffries,"$261,293"
5819,2023-2024,Mamadi Diakite,"$252,525"
5820,2023-2024,T.J. Warren,"$220,543"
5821,2023-2024,Chimezie Metu,"$215,781"
5822,2023-2024,Marcus Morris Sr.,"$197,328"
5823,2023-2024,Jeff Dowtin,"$127,683"
5824,2023-2024,Luka Garza,"$127,683"
5825,2023-2024,Javonte Green,"$127,683"
5826,2023-2024,Neemias Queta,"$81,253"
5827,2023-2024,Isaiah Thomas,"$69,645"
5828,2023-2024,Malik Williams,"$12,869"
5829,2023-2024,Usman Garuba,"$11,608"
5830,2023-2024,Kai Jones,"$11,608"
5831,2024-2025,Stephen Curry,"$55,761,216"
5832,2024-2025,Joel Embiid,"$51,415,938"
5833,2024-2025,Nikola Jokic,"$51,415,938"
5834,2024-2025,Kevin Durant,"$51,179,021"
5835,2024-2025,Bradley Beal,"$50,203,930"
5836,2024-2025,Devin Booker,"$49,205,800"
5837,2024-2025,Jaylen Brown,"$49,205,800"
5838,2024-2025,Paul George,"$49,205,800"
5839,2024-2025,Kawhi Leonard,"$49,205,800"
5840,2024-2025,Karl-Anthony Towns,"$49,205,800"
5841,2024-2025,Jimmy Butler,"$48,798,677"
5842,2024-2025,Giannis Antetokounmpo,"$48,787,676"
5843,2024-2025,Damian Lillard,"$48,787,676"
5844,2024-2025,LeBron James,"$48,728,845"
5845,2024-2025,Zach LaVine,"$44,531,940"
5846,2024-2025,Rudy Gobert,"$43,827,586"
5847,2024-2025,Anthony Davis,"$43,219,440"
5848,2024-2025,Luka Doncic,"$43,031,940"
5849,2024-2025,Trae Young,"$43,031,940"
5850,2024-2025,Fred VanVleet,"$42,846,615"
5851,2024-2025,Anthony Edwards,"$42,176,400"
5852,2024-2025,Tyrese Haliburton,"$42,176,400"
5853,2024-2025,Lauri Markkanen,"$42,176,400"
5854,2024-2025,Pascal Siakam,"$42,176,400"
5855,2024-2025,Kyrie Irving,"$40,000,000"
5856,2024-2025,Domantas Sabonis,"$39,200,000"
5857,2024-2025,Darius Garland,"$36,725,670"
5858,2024-2025,Ja Morant,"$36,725,670"
5859,2024-2025,Zion Williamson,"$36,725,670"
5860,2024-2025,OG Anunoby,"$36,637,932"
5861,2024-2025,Brandon Ingram,"$36,016,200"
5862,2024-2025,Jamal Murray,"$36,016,200"
5863,2024-2025,Shai Gilgeous-Alexander,"$35,859,950"
5864,2024-2025,Michael Porter Jr.,"$35,859,950"
5865,2024-2025,Donovan Mitchell,"$35,410,310"
5866,2024-2025,LaMelo Ball,"$35,147,000"
5867,2024-2025,Tyrese Maxey,"$35,147,000"
5868,2024-2025,Bam Adebayo,"$34,848,340"
5869,2024-2025,De'Aaron Fox,"$34,848,340"
5870,2024-2025,Jayson Tatum,"$34,848,340"
5871,2024-2025,Desmond Bane,"$34,005,250"
5872,2024-2025,Deandre Ayton,"$34,005,126"
5873,2024-2025,James Harden,"$33,653,846"
5874,2024-2025,C.J. McCollum,"$33,333,333"
5875,2024-2025,Julius Randle,"$33,073,920"
5876,2024-2025,Immanuel Quickley,"$32,500,000"
5877,2024-2025,Khris Middleton,"$31,000,000"
5878,2024-2025,Isaiah Hartenstein,"$30,000,000"
5879,2024-2025,Jrue Holiday,"$30,000,000"
5880,2024-2025,Jerami Grant,"$29,793,104"
5881,2024-2025,Jordan Poole,"$29,651,786"
5882,2024-2025,Devin Vassell,"$29,347,826"
5883,2024-2025,Kristaps Porzingis,"$29,268,293"
5884,2024-2025,Tyler Herro,"$29,000,000"
5885,2024-2025,Dejounte Murray,"$28,817,135"
5886,2024-2025,Jonathan Isaac,"$27,600,000"
5887,2024-2025,Nicolas Claxton,"$27,556,817"
5888,2024-2025,Miles Bridges,"$27,173,913"
5889,2024-2025,John Collins,"$26,580,000"
5890,2024-2025,Andrew Wiggins,"$26,276,786"
5891,2024-2025,Anfernee Simons,"$25,892,857"
5892,2024-2025,R.J. Barrett,"$25,794,643"
5893,2024-2025,Tobias Harris,"$25,365,854"
5894,2024-2025,Jaren Jackson Jr.,"$25,257,798"
5895,2024-2025,Jalen Brunson,"$24,960,001"
5896,2024-2025,Terry Rozier,"$24,924,126"
5897,2024-2025,Kyle Kuzma,"$24,456,060"
5898,2024-2025,Draymond Green,"$24,107,143"
5899,2024-2025,DeMar DeRozan,"$23,400,000"
5900,2024-2025,Mikal Bridges,"$23,300,000"
5901,2024-2025,Dillon Brooks,"$23,255,493"
5902,2024-2025,Cameron Johnson,"$23,062,500"
5903,2024-2025,Bruce Brown Jr.,"$23,000,000"
5904,2024-2025,Brook Lopez,"$23,000,000"
5905,2024-2025,Aaron Gordon,"$22,841,455"
5906,2024-2025,Kentavious Caldwell-Pope,"$22,757,000"
5907,2024-2025,Jaden McDaniels,"$22,586,207"
5908,2024-2025,Malcolm Brogdon,"$22,500,000"
5909,2024-2025,Clint Capela,"$22,265,280"
5910,2024-2025,De'Andre Hunter,"$21,696,429"
5911,2024-2025,Lonzo Ball,"$21,395,348"
5912,2024-2025,Marcus Smart,"$20,210,285"
5913,2024-2025,Jarrett Allen,"$20,000,000"
5914,2024-2025,Nikola Vucevic,"$20,000,000"
5915,2024-2025,Myles Turner,"$19,928,500"
5916,2024-2025,Derrick White,"$19,821,429"
5917,2024-2025,Jakob Poeltl,"$19,500,000"
5918,2024-2025,Duncan Robinson,"$19,406,000"
5919,2024-2025,Norman Powell,"$19,241,379"
5920,2024-2025,Keldon Johnson,"$19,000,000"
5921,2024-2025,D'Angelo Russell,"$18,692,307"
5922,2024-2025,Collin Sexton,"$18,150,000"
5923,2024-2025,Josh Hart,"$18,144,000"
5924,2024-2025,Jusuf Nurkic,"$18,125,000"
5925,2024-2025,Harrison Barnes,"$18,000,000"
5926,2024-2025,Patrick Williams,"$18,000,000"
5927,2024-2025,Malik Monk,"$17,405,203"
5928,2024-2025,Bogdan Bogdanovic,"$17,260,000"
5929,2024-2025,Luguentz Dort,"$17,000,000"
5930,2024-2025,Rui Hachimura,"$17,000,000"
5931,2024-2025,Kevin Huerter,"$16,830,357"
5932,2024-2025,Zach Collins,"$16,741,200"
5933,2024-2025,Caris LeVert,"$16,615,384"
5934,2024-2025,Tim Hardaway Jr.,"$16,193,183"
5935,2024-2025,Klay Thompson,"$15,873,016"
5936,2024-2025,Grayson Allen,"$15,625,000"
5937,2024-2025,Deni Avdija,"$15,625,000"
5938,2024-2025,PJ Washington,"$15,500,000"
5939,2024-2025,Max Strus,"$15,212,068"
5940,2024-2025,Isaiah Stewart,"$15,000,000"
5941,2024-2025,Dorian Finney-Smith,"$14,924,167"
5942,2024-2025,Mitchell Robinson,"$14,318,182"
5943,2024-2025,Jordan Clarkson,"$14,092,577"
5944,2024-2025,Onyeka Okongwu,"$14,000,000"
5945,2024-2025,Naz Reid,"$13,986,432"
5946,2024-2025,Cade Cunningham,"$13,940,809"
5947,2024-2025,Daniel Gafford,"$13,394,160"
5948,2024-2025,Dennis Schröder,"$13,025,250"
5949,2024-2025,Grant Williams,"$13,025,250"
5950,2024-2025,Isaiah Joe,"$12,991,650"
5951,2024-2025,Herb Jones,"$12,976,362"
5952,2024-2025,Austin Reaves,"$12,976,362"
5953,2024-2025,Obi Toppin,"$12,975,000"
5954,2024-2025,Cole Anthony,"$12,900,000"
5955,2024-2025,De'Anthony Melton,"$12,822,000"
5956,2024-2025,Kelly Olynyk,"$12,804,878"
5957,2024-2025,Victor Wembanyama,"$12,768,960"
5958,2024-2025,Josh Green,"$12,654,321"
5959,2024-2025,Richaun Holmes,"$12,648,321"
5960,2024-2025,Steven Adams,"$12,600,000"
5961,2024-2025,Bobby Portis,"$12,578,286"
5962,2024-2025,Zaccharie Risacher,"$12,569,040"
5963,2024-2025,Marvin Bagley III,"$12,500,000"
5964,2024-2025,Brandon Clarke,"$12,500,000"
5965,2024-2025,Jalen Green,"$12,483,048"
5966,2024-2025,Robert Williams III,"$12,428,571"
5967,2024-2025,Paolo Banchero,"$12,160,800"
5968,2024-2025,Coby White,"$12,000,000"
5969,2024-2025,Wendell Carter Jr.,"$11,950,000"
5970,2024-2025,Ivica Zubac,"$11,743,210"
5971,2024-2025,Donte DiVincenzo,"$11,445,000"
5972,2024-2025,Brandon Miller,"$11,424,600"
5973,2024-2025,Terance Mann,"$11,423,077"
5974,2024-2025,Alex Sarr,"$11,245,680"
5975,2024-2025,Evan Mobley,"$11,227,657"
5976,2024-2025,Larry Nance Jr.,"$11,205,000"
5977,2024-2025,Matisse Thybulle,"$11,025,000"
5978,2024-2025,Maxi Kleber,"$11,000,000"
5979,2024-2025,Aaron Nesmith,"$11,000,000"
5980,2024-2025,Gabe Vincent,"$11,000,000"
5981,2024-2025,Moritz Wagner,"$11,000,000"
5982,2024-2025,Chris Paul,"$10,983,000"
5983,2024-2025,Aaron Wiggins,"$10,981,303"
5984,2024-2025,Chet Holmgren,"$10,880,640"
5985,2024-2025,Chris Boucher,"$10,810,000"
5986,2024-2025,Jarred Vanderbilt,"$10,714,286"
5987,2024-2025,Scoot Henderson,"$10,259,160"
5988,2024-2025,Isaac Okoro,"$10,185,186"
5989,2024-2025,Scottie Barnes,"$10,130,980"
5990,2024-2025,Reed Sheppard,"$10,098,960"
5991,2024-2025,Mike Conley,"$9,975,962"
5992,2024-2025,Jonas Valanciunas,"$9,900,000"
5993,2024-2025,Alex Caruso,"$9,890,000"
5994,2024-2025,Jabari Smith Jr.,"$9,770,880"
5995,2024-2025,Derrick Jones Jr.,"$9,523,810"
5996,2024-2025,Al Horford,"$9,500,000"
5997,2024-2025,T.J. McConnell,"$9,500,000"
5998,2024-2025,Pat Connaughton,"$9,423,869"
5999,2024-2025,Royce O'Neale,"$9,375,000"
6000,2024-2025,Luke Kennard,"$9,250,000"
6001,2024-2025,Amen Thompson,"$9,249,960"
6002,2024-2025,Jalen Suggs,"$9,188,385"
6003,2024-2025,Caleb Martin,"$9,186,594"
6004,2024-2025,Gary Payton II,"$9,130,000"
6005,2024-2025,Stephon Castle,"$9,105,120"
6006,2024-2025,Tre Jones,"$9,104,167"
6007,2024-2025,Goga Bitadze,"$9,057,971"
6008,2024-2025,Zeke Nnaji,"$8,888,889"
6009,2024-2025,Keegan Murray,"$8,809,560"
6010,2024-2025,Kyle Anderson,"$8,780,488"
6011,2024-2025,Buddy Hield,"$8,780,488"
6012,2024-2025,Naji Marshall,"$8,571,429"
6013,2024-2025,Jalen Smith,"$8,571,429"
6014,2024-2025,Georges Niang,"$8,500,000"
6015,2024-2025,Ausar Thompson,"$8,376,000"
6016,2024-2025,Josh Giddey,"$8,352,367"
6017,2024-2025,Josh Okogie,"$8,250,000"
6018,2024-2025,Ron Holland II,"$8,245,320"
6019,2024-2025,Cody Martin,"$8,120,000"
6020,2024-2025,Jeff Green,"$8,000,000"
6021,2024-2025,Jock Landale,"$8,000,000"
6022,2024-2025,Kevon Looney,"$8,000,000"
6023,2024-2025,Trey Lyles,"$8,000,000"
6024,2024-2025,Kelly Oubre Jr.,"$7,983,000"
6025,2024-2025,Jaden Ivey,"$7,977,240"
6026,2024-2025,Kenyon Martin Jr.,"$7,975,000"
6027,2024-2025,Vasilije Micic,"$7,723,000"
6028,2024-2025,Simone Fontecchio,"$7,692,308"
6029,2024-2025,Jonathan Kuminga,"$7,636,307"
6030,2024-2025,Anthony Black,"$7,607,760"
6031,2024-2025,Jae’Sean Tate,"$7,565,217"
6032,2024-2025,Gary Harris,"$7,500,000"
6033,2024-2025,Tidjane Salaun,"$7,488,720"
6034,2024-2025,Bennedict Mathurin,"$7,245,720"
6035,2024-2025,Max Christie,"$7,142,857"
6036,2024-2025,Franz Wagner,"$7,007,092"
6037,2024-2025,Ayo Dosunmu,"$7,000,000"
6038,2024-2025,Bilal Coulibaly,"$6,945,240"
6039,2024-2025,Donovan Clingan,"$6,836,400"
6040,2024-2025,Payton Pritchard,"$6,696,429"
6041,2024-2025,Kenrich Williams,"$6,669,000"
6042,2024-2025,Shaedon Sharpe,"$6,614,160"
6043,2024-2025,Jevon Carter,"$6,500,000"
6044,2024-2025,Davion Mitchell,"$6,451,077"
6045,2024-2025,Saddiq Bey,"$6,440,678"
6046,2024-2025,Jarace Walker,"$6,362,520"
6047,2024-2025,Rob Dillingham,"$6,262,920"
6048,2024-2025,Dean Wade,"$6,166,667"
6049,2024-2025,John Konchar,"$6,165,000"
6050,2024-2025,Ziaire Williams,"$6,133,005"
6051,2024-2025,Dyson Daniels,"$6,059,520"
6052,2024-2025,Precious Achiuwa,"$6,000,000"
6053,2024-2025,Malik Beasley,"$6,000,000"
6054,2024-2025,Taylor Hendricks,"$5,848,680"
6055,2024-2025,Moses Moody,"$5,803,269"
6056,2024-2025,Zach Edey,"$5,756,880"
6057,2024-2025,Corey Kispert,"$5,705,888"
6058,2024-2025,Jeremy Sochan,"$5,570,040"
6059,2024-2025,Cason Wallace,"$5,555,880"
6060,2024-2025,Cody Williams,"$5,469,120"
6061,2024-2025,Alperen Sengun,"$5,424,654"
6062,2024-2025,Jett Howard,"$5,278,320"
6063,2024-2025,Haywood Highsmith,"$5,200,000"
6064,2024-2025,Matas Buzelis,"$5,195,520"
6065,2024-2025,Kris Dunn,"$5,168,000"
6066,2024-2025,Dario Saric,"$5,168,000"
6067,2024-2025,Trey Murphy III,"$5,159,855"
6068,2024-2025,Ousmane Dieng,"$5,027,040"
6069,2024-2025,Dereck Lively II,"$5,014,560"
6070,2024-2025,Andre Drummond,"$5,000,000"
6071,2024-2025,Drew Eubanks,"$5,000,000"
6072,2024-2025,Nick Richards,"$5,000,000"
6073,2024-2025,Nikola Topic,"$4,935,960"
6074,2024-2025,Tre Mann,"$4,908,373"
6075,2024-2025,Jalen Williams,"$4,775,760"
6076,2024-2025,Gradey Dick,"$4,763,760"
6077,2024-2025,Miles McBride,"$4,710,144"
6078,2024-2025,Devin Carter,"$4,689,000"
6079,2024-2025,Nicolas Batum,"$4,668,000"
6080,2024-2025,Aaron Holiday,"$4,668,000"
6081,2024-2025,Jalen Duren,"$4,536,840"
6082,2024-2025,Jordan Hawkins,"$4,525,680"
6083,2024-2025,Jalen Johnson,"$4,510,905"
6084,2024-2025,Bub Carrington,"$4,454,880"
6085,2024-2025,Isaiah Jackson,"$4,435,381"
6086,2024-2025,Nickeil Alexander-Walker,"$4,312,500"
6087,2024-2025,Ochai Agbaji,"$4,310,280"
6088,2024-2025,Kobe Bufkin,"$4,299,000"
6089,2024-2025,Quentin Grimes,"$4,296,682"
6090,2024-2025,Kel'el Ware,"$4,231,800"
6091,2024-2025,Mark Williams,"$4,094,280"
6092,2024-2025,Keyonte George,"$4,084,200"
6093,2024-2025,Cameron Thomas,"$4,041,249"
6094,2024-2025,Jared McCain,"$4,020,360"
6095,2024-2025,Dwight Powell,"$4,000,000"
6096,2024-2025,Day'Ron Sharpe,"$3,989,122"
6097,2024-2025,Santi Aldama,"$3,960,531"
6098,2024-2025,Amir Coffey,"$3,938,271"
6099,2024-2025,Kevin Love,"$3,850,000"
6100,2024-2025,Dalton Knecht,"$3,819,120"
6101,2024-2025,Tari Eason,"$3,695,160"
6102,2024-2025,Jaime Jaquez Jr.,"$3,685,800"
6103,2024-2025,Tristan Da Silva,"$3,628,440"
6104,2024-2025,Brandin Podziemski,"$3,519,960"
6105,2024-2025,Dalen Terry,"$3,510,480"
6106,2024-2025,Sviatoslav Mykhailiuk,"$3,500,000"
6107,2024-2025,Ja'Kobe Walter,"$3,465,000"
6108,2024-2025,Cam Whitmore,"$3,379,080"
6109,2024-2025,Jake LaRavia,"$3,352,680"
6110,2024-2025,Jaylon Tyson,"$3,326,160"
6111,2024-2025,Eric Gordon,"$3,303,771"
6112,2024-2025,Cory Joseph,"$3,303,771"
6113,2024-2025,Russell Westbrook,"$3,303,771"
6114,2024-2025,Noah Clowney,"$3,244,080"
6115,2024-2025,Malaki Branham,"$3,217,920"
6116,2024-2025,Yves Missi,"$3,193,200"
6117,2024-2025,Dante Exum,"$3,150,000"
6118,2024-2025,Dariq Whitehead,"$3,114,240"
6119,2024-2025,Christian Braun,"$3,089,640"
6120,2024-2025,Johnny Juzang,"$3,087,519"
6121,2024-2025,DaRon Holmes II,"$3,065,640"
6122,2024-2025,Julian Champagnie,"$3,000,000"
6123,2024-2025,Kyle Filipowski,"$3,000,000"
6124,2024-2025,Ajay Mitchell,"$3,000,000"
6125,2024-2025,Kris Murray,"$2,990,040"
6126,2024-2025,Walker Kessler,"$2,965,920"
6127,2024-2025,Shake Milton,"$2,875,000"
6128,2024-2025,Olivier-Maxence Prosper,"$2,870,400"
6129,2024-2025,Kyshawn George,"$2,825,520"
6130,2024-2025,AJ Johnson,"$2,795,294"
6131,2024-2025,Marcus Sasser,"$2,755,080"
6132,2024-2025,Trendon Watford,"$2,726,603"
6133,2024-2025,Ben Sheppard,"$2,663,880"
6134,2024-2025,Blake Wesley,"$2,624,280"
6135,2024-2025,Dillon Jones,"$2,622,360"
6136,2024-2025,Nick Smith Jr.,"$2,587,200"
6137,2024-2025,Brice Sensabaugh,"$2,571,480"
6138,2024-2025,Ty Jerome,"$2,560,975"
6139,2024-2025,Julian Strawther,"$2,552,520"
6140,2024-2025,Terrence Shannon Jr.,"$2,546,640"
6141,2024-2025,Kobe Brown,"$2,533,920"
6142,2024-2025,Ryan Dunn,"$2,530,800"
6143,2024-2025,Isaiah Collier,"$2,512,680"
6144,2024-2025,Baylor Scheierman,"$2,494,320"
6145,2024-2025,Nikola Jovic,"$2,464,200"
6146,2024-2025,Jaxson Hayes,"$2,463,946"
6147,2024-2025,DaQuan Jeffries,"$2,425,404"
6148,2024-2025,Peyton Watson,"$2,413,560"
6149,2024-2025,Kevin Porter Jr.,"$2,366,937"
6150,2024-2025,Anthony Gill,"$2,237,691"
6151,2024-2025,Xavier Tillman,"$2,237,691"
6152,2024-2025,Garrison Mathews,"$2,230,253"
6153,2024-2025,Dalano Banton,"$2,196,970"
6154,2024-2025,Jeremiah Robinson-Earl,"$2,196,970"
6155,2024-2025,Lindy Waters III,"$2,196,970"
6156,2024-2025,Sam Merrill,"$2,164,993"
6157,2024-2025,Luka Garza,"$2,162,606"
6158,2024-2025,Keon Johnson,"$2,162,606"
6159,2024-2025,Vit Krejci,"$2,162,606"
6160,2024-2025,Neemias Queta,"$2,162,606"
6161,2024-2025,Keon Ellis,"$2,120,693"
6162,2024-2025,AJ Green,"$2,120,693"
6163,2024-2025,Colby Jones,"$2,120,693"
6164,2024-2025,Vincent Williams Jr.,"$2,120,693"
6165,2024-2025,Sam Hauser,"$2,092,344"
6166,2024-2025,Jericho Sims,"$2,092,344"
6167,2024-2025,Jay Huff,"$2,088,033"
6168,2024-2025,Charles Bassey,"$2,087,519"
6169,2024-2025,Bol Bol,"$2,087,519"
6170,2024-2025,Thomas Bryant,"$2,087,519"
6171,2024-2025,Alec Burks,"$2,087,519"
6172,2024-2025,Vlatko Cancar,"$2,087,519"
6173,2024-2025,Seth Curry,"$2,087,519"
6174,2024-2025,Spencer Dinwiddie,"$2,087,519"
6175,2024-2025,Taj Gibson,"$2,087,519"
6176,2024-2025,Talen Horton-Tucker,"$2,087,519"
6177,2024-2025,Joe Ingles,"$2,087,519"
6178,2024-2025,James Johnson,"$2,087,519"
6179,2024-2025,Tyus Jones,"$2,087,519"
6180,2024-2025,DeAndre Jordan,"$2,087,519"
6181,2024-2025,Tyler Kolek,"$2,087,519"
6182,2024-2025,Luke Kornet,"$2,087,519"
6183,2024-2025,Damion Lee,"$2,087,519"
6184,2024-2025,Kyle Lowry,"$2,087,519"
6185,2024-2025,Sandro Mamukelashvili,"$2,087,519"
6186,2024-2025,Doug McDermott,"$2,087,519"
6187,2024-2025,Jordan McLaughlin,"$2,087,519"
6188,2024-2025,Patty Mills,"$2,087,519"
6189,2024-2025,Markieff Morris,"$2,087,519"
6190,2024-2025,Monte Morris,"$2,087,519"
6191,2024-2025,Cameron Payne,"$2,087,519"
6192,2024-2025,Scotty Pippen Jr.,"$2,087,519"
6193,2024-2025,Mason Plumlee,"$2,087,519"
6194,2024-2025,Taurean Prince,"$2,087,519"
6195,2024-2025,Garrett Temple,"$2,087,519"
6196,2024-2025,Tristan Thompson,"$2,087,519"
6197,2024-2025,Gary Trent Jr.,"$2,087,519"
6198,2024-2025,Delon Wright,"$2,087,519"
6199,2024-2025,Guerschon Yabusele,"$2,087,519"
6200,2024-2025,Duop Reath,"$2,048,780"
6201,2024-2025,Jaden Hardy,"$2,019,699"
6202,2024-2025,Caleb Houstan,"$2,019,699"
6203,2024-2025,Josh Minott,"$2,019,699"
6204,2024-2025,Andrew Nembhard,"$2,019,699"
6205,2024-2025,Jabari Walker,"$2,019,699"
6206,2024-2025,Jaylin Williams,"$2,019,699"
6207,2024-2025,Jose Alvarado,"$1,988,598"
6208,2024-2025,Toumani Camara,"$1,891,857"
6209,2024-2025,Ricky Council IV,"$1,891,857"
6210,2024-2025,Mouhamed Gueye,"$1,891,857"
6211,2024-2025,G.G. Jackson,"$1,891,857"
6212,2024-2025,Andre Jackson Jr.,"$1,891,857"
6213,2024-2025,Trayce Jackson-Davis,"$1,891,857"
6214,2024-2025,Maxwell Lewis,"$1,891,857"
6215,2024-2025,Chris Livingston,"$1,891,857"
6216,2024-2025,Leonard Miller,"$1,891,857"
6217,2024-2025,Julian Phillips,"$1,891,857"
6218,2024-2025,Jalen Pickett,"$1,891,857"
6219,2024-2025,Craig Porter Jr.,"$1,891,857"
6220,2024-2025,Rayan Rupert,"$1,891,857"
6221,2024-2025,Gui Santos,"$1,891,857"
6222,2024-2025,Hunter Tyson,"$1,891,857"
6223,2024-2025,Jordan Walsh,"$1,891,857"
6224,2024-2025,Jalen Wilson,"$1,891,857"
6225,2024-2025,Jonathan Mogbo,"$1,862,265"
6226,2024-2025,Jamal Shead,"$1,862,265"
6227,2024-2025,Johnny Furphy,"$1,850,842"
6228,2024-2025,Pacome Dadiet,"$1,808,080"
6229,2024-2025,Justin Champagnie,"$1,800,000"
6230,2024-2025,Jae Crowder,"$1,655,619"
6231,2024-2025,Paul Reed,"$1,427,671"
6232,2024-2025,Karlo Matkovic,"$1,407,153"
6233,2024-2025,Landry Shamet,"$1,343,690"
6234,2024-2025,Bobi Klintman,"$1,257,153"
6235,2024-2025,Adem Bona,"$1,157,153"
6236,2024-2025,Cameron Christie,"$1,157,153"
6237,2024-2025,Oso Ighodaro,"$1,157,153"
6238,2024-2025,Bronny James,"$1,157,153"
6239,2024-2025,Pelle Larsson,"$1,157,153"
6240,2024-2025,Antonio Reeves,"$1,157,153"
6241,2024-2025,Tyler Smith,"$1,157,153"
6242,2024-2025,Jaylen Wells,"$1,157,153"
6243,2024-2025,Ariel Hukporti,"$1,064,049"
6244,2024-2025,Jordan Miller,"$1,050,000"
6245,2024-2025,Jamison Battle,"$1,000,000"
6246,2024-2025,Moussa Diabate,"$957,763"
6247,2024-2025,Lonnie Walker IV,"$780,932"
6248,2024-2025,Torrey Craig,"$779,820"
6249,2024-2025,Ben Simmons,"$755,826"
6250,2024-2025,Jared Butler,"$745,726"
6251,2024-2025,Alex Len,"$743,829"
6252,2024-2025,Markelle Fultz,"$731,831"
6253,2024-2025,Keshad Johnson,"$724,883"
6254,2024-2025,Tyrese Martin,"$635,853"
6255,2024-2025,Jaden Springer,"$634,437"
6256,2024-2025,Javonte Green,"$599,862"
6257,2024-2025,Brandon Boston Jr,"$596,581"
6258,2024-2025,Jeenathan Williams,"$515,881"
6259,2024-2025,Bismack Biyombo,"$503,884"
6260,2024-2025,Jaylen Clark,"$492,323"
6261,2024-2025,Dominick Barlow,"$491,887"
6262,2024-2025,Ryan Rollins,"$491,887"
6263,2024-2025,Quinten Post,"$438,920"
6264,2024-2025,Pat Spencer,"$438,810"
6265,2024-2025,Justin Edwards,"$425,619"
6266,2024-2025,Lamar Stevens,"$383,912"
6267,2024-2025,Tony Bradley,"$330,394"
6268,2024-2025,Kevin Knox,"$263,939"
6269,2024-2025,P.J. Tucker,"$246,833"
6270,2024-2025,Jordan Goodwin,"$223,718"
6271,2024-2025,Isaac Jones,"$152,957"
6272,2024-2025,Chuma Okeke,"$115,743"
6273,2024-2025,Drew Timme,"$113,055"
6274,2024-2025,Colin Castleton,"$100,000"
6275,2024-2025,A.J. Lawson,"$100,000"
6276,2024-2025,Terence Davis,"$64,301"
6277,2024-2025,Elfrid Payton,"$51,527"
6278,2024-2025,Brandon Williams,"$47,989"
6279,2024-2025,J.D. Davison,"$11,997"
6280,2024-2025,Braxton Key,"$11,997"
6281,2025-2026,Stephen Curry,"$59,606,817"
6282,2025-2026,Joel Embiid,"$55,224,526"
6283,2025-2026,Nikola Jokic,"$55,224,526"
6284,2025-2026,Kevin Durant,"$54,708,609"
6285,2025-2026,Giannis Antetokounmpo,"$54,126,450"
6286,2025-2026,Jimmy Butler,"$54,126,450"
6287,2025-2026,Anthony Davis,"$54,126,450"
6288,2025-2026,Jayson Tatum,"$54,126,450"
6289,2025-2026,Devin Booker,"$53,142,264"
6290,2025-2026,Jaylen Brown,"$53,142,264"
6291,2025-2026,Karl-Anthony Towns,"$53,142,264"
6292,2025-2026,LeBron James,"$52,627,153"
6293,2025-2026,Paul George,"$51,666,090"
6294,2025-2026,Kawhi Leonard,"$50,000,000"
6295,2025-2026,Zach LaVine,"$47,499,660"
6296,2025-2026,Cade Cunningham,"$46,394,100"
6297,2025-2026,Lauri Markkanen,"$46,394,100"
6298,2025-2026,Donovan Mitchell,"$46,394,100"
6299,2025-2026,Evan Mobley,"$46,394,100"
6300,2025-2026,Jamal Murray,"$46,394,100"
6301,2025-2026,Trae Young,"$46,394,100"
6302,2025-2026,Luka Doncic,"$45,999,660"
6303,2025-2026,Anthony Edwards,"$45,550,512"
6304,2025-2026,Tyrese Haliburton,"$45,550,512"
6305,2025-2026,Pascal Siakam,"$45,550,512"
6306,2025-2026,Domantas Sabonis,"$42,336,000"
6307,2025-2026,OG Anunoby,"$39,568,966"
6308,2025-2026,Darius Garland,"$39,446,090"
6309,2025-2026,James Harden,"$39,446,090"
6310,2025-2026,Ja Morant,"$39,446,090"
6311,2025-2026,Zion Williamson,"$39,446,090"
6312,2025-2026,Scottie Barnes,"$38,661,750"
6313,2025-2026,Franz Wagner,"$38,661,750"
6314,2025-2026,Shai Gilgeous-Alexander,"$38,333,050"
6315,2025-2026,Michael Porter Jr.,"$38,333,050"
6316,2025-2026,Brandon Ingram,"$38,095,238"
6317,2025-2026,LaMelo Ball,"$37,958,760"
6318,2025-2026,Tyrese Maxey,"$37,958,760"
6319,2025-2026,Bam Adebayo,"$37,096,620"
6320,2025-2026,De'Aaron Fox,"$37,096,620"
6321,2025-2026,Desmond Bane,"$36,725,670"
6322,2025-2026,Kyrie Irving,"$36,566,002"
6323,2025-2026,Khris Middleton,"$35,086,419"
6324,2025-2026,Rudy Gobert,"$35,000,000"
6325,2025-2026,Jaren Jackson Jr.,"$35,000,000"
6326,2025-2026,Jalen Suggs,"$35,000,000"
6327,2025-2026,Jalen Brunson,"$34,944,001"
6328,2025-2026,Alperen Sengun,"$33,944,954"
6329,2025-2026,Jalen Green,"$33,584,499"
6330,2025-2026,Immanuel Quickley,"$32,500,000"
6331,2025-2026,Jrue Holiday,"$32,400,000"
6332,2025-2026,Jerami Grant,"$32,000,001"
6333,2025-2026,Jordan Poole,"$31,848,215"
6334,2025-2026,Tyler Herro,"$31,000,000"
6335,2025-2026,Julius Randle,"$30,864,198"
6336,2025-2026,Dejounte Murray,"$30,801,103"
6337,2025-2026,Kristaps Porzingis,"$30,731,707"
6338,2025-2026,C.J. McCollum,"$30,666,666"
6339,2025-2026,Jalen Johnson,"$30,000,000"
6340,2025-2026,Isaiah Hartenstein,"$28,500,000"
6341,2025-2026,Andrew Wiggins,"$28,223,215"
6342,2025-2026,Derrick White,"$28,100,000"
6343,2025-2026,R.J. Barrett,"$27,705,357"
6344,2025-2026,Anfernee Simons,"$27,678,571"
6345,2025-2026,Devin Vassell,"$27,500,000"
6346,2025-2026,Tobias Harris,"$26,634,146"
6347,2025-2026,John Collins,"$26,580,000"
6348,2025-2026,Draymond Green,"$25,892,857"
6349,2025-2026,Nicolas Claxton,"$25,541,760"
6350,2025-2026,Myles Turner,"$25,318,251"
6351,2025-2026,Miles Bridges,"$25,000,000"
6352,2025-2026,Josh Giddey,"$25,000,000"
6353,2025-2026,Trey Murphy III,"$25,000,000"
6354,2025-2026,Fred VanVleet,"$25,000,000"
6355,2025-2026,Mikal Bridges,"$24,900,000"
6356,2025-2026,DeMar DeRozan,"$24,570,000"
6357,2025-2026,Jaden McDaniels,"$24,393,103"
6358,2025-2026,Jonathan Kuminga,"$23,799,569"
6359,2025-2026,De'Andre Hunter,"$23,303,571"
6360,2025-2026,Aaron Gordon,"$22,841,455"
6361,2025-2026,Kyle Kuzma,"$22,560,605"
6362,2025-2026,Dillon Brooks,"$22,124,110"
6363,2025-2026,Kentavious Caldwell-Pope,"$21,621,500"
6364,2025-2026,Naz Reid,"$21,551,724"
6365,2025-2026,Nikola Vucevic,"$21,481,481"
6366,2025-2026,Cameron Johnson,"$21,057,065"
6367,2025-2026,Norman Powell,"$20,482,758"
6368,2025-2026,Jarrett Allen,"$20,000,000"
6369,2025-2026,Jakob Poeltl,"$19,500,000"
6370,2025-2026,Josh Hart,"$19,472,240"
6371,2025-2026,Jusuf Nurkic,"$19,375,000"
6372,2025-2026,Collin Sexton,"$19,175,000"
6373,2025-2026,Harrison Barnes,"$19,000,000"
6374,2025-2026,Ivica Zubac,"$18,893,980"
6375,2025-2026,Malik Monk,"$18,797,619"
6376,2025-2026,Santi Aldama,"$18,485,916"
6377,2025-2026,Rui Hachimura,"$18,259,259"
6378,2025-2026,Alex Caruso,"$18,102,000"
6379,2025-2026,Andrew Nembhard,"$18,102,000"
6380,2025-2026,Zach Collins,"$18,080,496"
6381,2025-2026,Keldon Johnson,"$18,000,000"
6382,2025-2026,Patrick Williams,"$18,000,000"
6383,2025-2026,Kevin Huerter,"$17,991,071"
6384,2025-2026,Luguentz Dort,"$17,722,222"
6385,2025-2026,Grayson Allen,"$16,875,000"
6386,2025-2026,Duncan Robinson,"$16,834,692"
6387,2025-2026,Klay Thompson,"$16,666,667"
6388,2025-2026,Bogdan Bogdanovic,"$16,020,000"
6389,2025-2026,Max Strus,"$15,936,452"
6390,2025-2026,Terance Mann,"$15,500,000"
6391,2025-2026,Paolo Banchero,"$15,334,769"
6392,2025-2026,Nickeil Alexander-Walker,"$15,161,800"
6393,2025-2026,Jonathan Isaac,"$15,000,000"
6394,2025-2026,Onyeka Okongwu,"$15,000,000"
6395,2025-2026,Isaiah Stewart,"$15,000,000"
6396,2025-2026,Daniel Gafford,"$14,386,320"
6397,2025-2026,Deni Avdija,"$14,375,000"
6398,2025-2026,PJ Washington,"$14,152,174"
6399,2025-2026,Steven Adams,"$14,130,435"
6400,2025-2026,Caris LeVert,"$14,104,000"
6401,2025-2026,Damian Lillard,"$14,104,000"
6402,2025-2026,Dennis Schröder,"$14,104,000"
6403,2025-2026,Obi Toppin,"$14,000,000"
6404,2025-2026,Corey Kispert,"$13,975,000"
6405,2025-2026,Herb Jones,"$13,937,574"
6406,2025-2026,Austin Reaves,"$13,937,574"
6407,2025-2026,Cooper Flagg,"$13,825,920"
6408,2025-2026,Chet Holmgren,"$13,731,368"
6409,2025-2026,Josh Green,"$13,666,667"
6410,2025-2026,Grant Williams,"$13,645,500"
6411,2025-2026,Bobby Portis,"$13,445,754"
6412,2025-2026,Kelly Olynyk,"$13,445,122"
6413,2025-2026,Victor Wembanyama,"$13,376,880"
6414,2025-2026,Robert Williams III,"$13,285,713"
6415,2025-2026,Zaccharie Risacher,"$13,197,720"
6416,2025-2026,Mitchell Robinson,"$12,954,546"
6417,2025-2026,Coby White,"$12,888,889"
6418,2025-2026,Dorian Finney-Smith,"$12,700,000"
6419,2025-2026,Brandon Clarke,"$12,500,000"
6420,2025-2026,Dylan Harper,"$12,370,320"
6421,2025-2026,Isaiah Joe,"$12,362,338"
6422,2025-2026,Jabari Smith Jr.,"$12,350,392"
6423,2025-2026,Donte DiVincenzo,"$11,990,000"
6424,2025-2026,Brandon Miller,"$11,968,800"
6425,2025-2026,Alex Sarr,"$11,808,240"
6426,2025-2026,Davion Mitchell,"$11,600,000"
6427,2025-2026,Moses Moody,"$11,574,075"
6428,2025-2026,Jarred Vanderbilt,"$11,571,429"
6429,2025-2026,Matisse Thybulle,"$11,550,000"
6430,2025-2026,Gabe Vincent,"$11,500,000"
6431,2025-2026,Keegan Murray,"$11,144,093"
6432,2025-2026,VJ Edgecombe,"$11,108,880"
6433,2025-2026,Luke Kennard,"$11,000,000"
6434,2025-2026,Maxi Kleber,"$11,000,000"
6435,2025-2026,Luke Kornet,"$11,000,000"
6436,2025-2026,Aaron Nesmith,"$11,000,000"
6437,2025-2026,Isaac Okoro,"$11,000,000"
6438,2025-2026,Wendell Carter Jr.,"$10,850,000"
6439,2025-2026,Scoot Henderson,"$10,748,040"
6440,2025-2026,Reed Sheppard,"$10,603,560"
6441,2025-2026,Jonas Valanciunas,"$10,395,000"
6442,2025-2026,T.J. McConnell,"$10,200,000"
6443,2025-2026,Royce O'Neale,"$10,125,000"
6444,2025-2026,Sam Hauser,"$10,044,644"
6445,2025-2026,Kon Knueppel,"$10,015,680"
6446,2025-2026,Derrick Jones Jr.,"$10,000,000"
6447,2025-2026,Aaron Wiggins,"$9,887,850"
6448,2025-2026,Amen Thompson,"$9,690,600"
6449,2025-2026,Caleb Martin,"$9,594,044"
6450,2025-2026,Stephon Castle,"$9,560,520"
6451,2025-2026,Buddy Hield,"$9,219,512"
6452,2025-2026,Bennedict Mathurin,"$9,187,573"
6453,2025-2026,Ace Bailey,"$9,069,840"
6454,2025-2026,Naji Marshall,"$9,000,000"
6455,2025-2026,Jalen Smith,"$9,000,000"
6456,2025-2026,Ty Jerome,"$8,781,000"
6457,2025-2026,Ausar Thompson,"$8,775,000"
6458,2025-2026,Brook Lopez,"$8,750,000"
6459,2025-2026,Quentin Grimes,"$8,741,209"
6460,2025-2026,Ron Holland II,"$8,657,280"
6461,2025-2026,Sam Merrill,"$8,482,144"
6462,2025-2026,Jaylin Williams,"$8,450,704"
6463,2025-2026,Shaedon Sharpe,"$8,399,983"
6464,2025-2026,Kelly Oubre Jr.,"$8,382,150"
6465,2025-2026,Goga Bitadze,"$8,333,333"
6466,2025-2026,Simone Fontecchio,"$8,307,692"
6467,2025-2026,Tre Johnson,"$8,237,640"
6468,2025-2026,Zeke Nnaji,"$8,177,778"
6469,2025-2026,Deandre Ayton,"$8,104,000"
6470,2025-2026,Tre Jones,"$8,000,000"
6471,2025-2026,Kevon Looney,"$8,000,000"
6472,2025-2026,Tre Mann,"$8,000,000"
6473,2025-2026,Anthony Black,"$7,970,280"
6474,2025-2026,Tidjane Salaun,"$7,863,240"
6475,2025-2026,Max Christie,"$7,714,286"
6476,2025-2026,Dyson Daniels,"$7,707,709"
6477,2025-2026,Isaiah Jackson,"$7,600,000"
6478,2025-2026,Jeremiah Fears,"$7,520,040"
6479,2025-2026,Ayo Dosunmu,"$7,518,518"
6480,2025-2026,Bilal Coulibaly,"$7,275,600"
6481,2025-2026,Payton Pritchard,"$7,232,143"
6482,2025-2026,Donovan Clingan,"$7,178,400"
6483,2025-2026,Kenrich Williams,"$7,163,000"
6484,2025-2026,Egor Demin,"$6,889,200"
6485,2025-2026,Clint Capela,"$6,700,000"
6486,2025-2026,Ousmane Dieng,"$6,670,882"
6487,2025-2026,Jarace Walker,"$6,665,520"
6488,2025-2026,Dean Wade,"$6,623,456"
6489,2025-2026,Jalen Williams,"$6,580,997"
6490,2025-2026,Rob Dillingham,"$6,576,120"
6491,2025-2026,Jalen Duren,"$6,483,144"
6492,2025-2026,Ochai Agbaji,"$6,383,525"
6493,2025-2026,Collin Murray-Boyles,"$6,332,520"
6494,2025-2026,Mark Williams,"$6,276,531"
6495,2025-2026,Day'Ron Sharpe,"$6,250,000"
6496,2025-2026,Ziaire Williams,"$6,250,000"
6497,2025-2026,Saddiq Bey,"$6,229,755"
6498,2025-2026,John Konchar,"$6,165,000"
6499,2025-2026,Taylor Hendricks,"$6,127,080"
6500,2025-2026,Zach Edey,"$6,045,000"
6501,2025-2026,Khaman Maluach,"$6,016,080"
6502,2025-2026,Jaden Hardy,"$6,000,000"
6503,2025-2026,Jake LaRavia,"$6,000,000"
6504,2025-2026,Cason Wallace,"$5,820,240"
6505,2025-2026,Cody Williams,"$5,742,480"
6506,2025-2026,Cedric Coward,"$5,715,120"
6507,2025-2026,Al Horford,"$5,685,000"
6508,2025-2026,D'Angelo Russell,"$5,685,000"
6509,2025-2026,Tari Eason,"$5,675,766"
6510,2025-2026,Nicolas Batum,"$5,601,600"
6511,2025-2026,Jett Howard,"$5,529,720"
6512,2025-2026,Guerschon Yabusele,"$5,500,000"
6513,2025-2026,Matas Buzelis,"$5,455,560"
6514,2025-2026,Noa Essengue,"$5,429,520"
6515,2025-2026,Kris Dunn,"$5,426,400"
6516,2025-2026,Bradley Beal,"$5,354,000"
6517,2025-2026,Paul Reed,"$5,335,894"
6518,2025-2026,Dereck Lively II,"$5,253,360"
6519,2025-2026,Nikola Topic,"$5,182,920"
6520,2025-2026,Derik Queen,"$5,157,960"
6521,2025-2026,Kevin Porter Jr.,"$5,134,000"
6522,2025-2026,Marcus Smart,"$5,134,000"
6523,2025-2026,Andre Drummond,"$5,000,000"
6524,2025-2026,Nick Richards,"$5,000,000"
6525,2025-2026,Moritz Wagner,"$5,000,000"
6526,2025-2026,Gradey Dick,"$4,990,560"
6527,2025-2026,Devin Carter,"$4,923,720"
6528,2025-2026,Christian Braun,"$4,921,797"
6529,2025-2026,Carter Bryant,"$4,900,320"
6530,2025-2026,Walker Kessler,"$4,878,938"
6531,2025-2026,Jordan Hawkins,"$4,741,320"
6532,2025-2026,Bub Carrington,"$4,677,600"
6533,2025-2026,Thomas Sorber,"$4,655,040"
6534,2025-2026,Jose Alvarado,"$4,500,000"
6535,2025-2026,Nikola Jovic,"$4,445,417"
6536,2025-2026,Kel'el Ware,"$4,443,360"
6537,2025-2026,Yang Hansen,"$4,422,360"
6538,2025-2026,Peyton Watson,"$4,356,476"
6539,2025-2026,Miles McBride,"$4,333,333"
6540,2025-2026,Keyonte George,"$4,278,960"
6541,2025-2026,Jared McCain,"$4,221,360"
6542,2025-2026,Joan Beringer,"$4,201,080"
6543,2025-2026,Kevin Love,"$4,150,000"
6544,2025-2026,Dalton Knecht,"$4,010,160"
6545,2025-2026,Dwight Powell,"$4,000,000"
6546,2025-2026,Ryan Rollins,"$4,000,000"
6547,2025-2026,Walter Clayton Jr.,"$3,991,320"
6548,2025-2026,Jaime Jaquez Jr.,"$3,861,600"
6549,2025-2026,Nolan Traore,"$3,811,560"
6550,2025-2026,Daniss Jenkins,"$3,809,524"
6551,2025-2026,Tristan Da Silva,"$3,809,520"
6552,2025-2026,Gary Trent Jr.,"$3,697,105"
6553,2025-2026,Brandin Podziemski,"$3,687,960"
6554,2025-2026,Sviatoslav Mykhailiuk,"$3,675,000"
6555,2025-2026,Kasparas Jakucionis,"$3,658,800"
6556,2025-2026,Ja'Kobe Walter,"$3,638,160"
6557,2025-2026,Gary Harris,"$3,634,153"
6558,2025-2026,Cam Whitmore,"$3,539,760"
6559,2025-2026,Will Riley,"$3,512,520"
6560,2025-2026,Jaylon Tyson,"$3,492,480"
6561,2025-2026,Jaxson Hayes,"$3,449,323"
6562,2025-2026,Dominick Barlow,"$3,415,000"
6563,2025-2026,Noah Clowney,"$3,398,640"
6564,2025-2026,Drake Powell,"$3,372,240"
6565,2025-2026,Yves Missi,"$3,353,040"
6566,2025-2026,Taurean Prince,"$3,303,774"
6567,2025-2026,Asa Newell,"$3,237,480"
6568,2025-2026,DaRon Holmes II,"$3,218,760"
6569,2025-2026,Kris Murray,"$3,132,000"
6570,2025-2026,Nique Clifford,"$3,108,120"
6571,2025-2026,AJ Johnson,"$3,090,480"
6572,2025-2026,De'Anthony Melton,"$3,080,921"
6573,2025-2026,Julian Champagnie,"$3,000,000"
6574,2025-2026,Kyle Filipowski,"$3,000,000"
6575,2025-2026,Ajay Mitchell,"$3,000,000"
6576,2025-2026,Jase Richardson,"$2,983,320"
6577,2025-2026,Kyshawn George,"$2,966,760"
6578,2025-2026,Marcus Sasser,"$2,886,720"
6579,2025-2026,Ben Saraf,"$2,884,560"
6580,2025-2026,Tristan Vukcevic,"$2,857,143"
6581,2025-2026,Pacome Dadiet,"$2,847,600"
6582,2025-2026,Danny Wolf,"$2,801,280"
6583,2025-2026,Ben Sheppard,"$2,790,720"
6584,2025-2026,Hugo Gonzalez,"$2,783,880"
6585,2025-2026,Liam McNeeley,"$2,763,960"
6586,2025-2026,Yanic Konan Niederhauser,"$2,743,800"
6587,2025-2026,Brice Sensabaugh,"$2,693,760"
6588,2025-2026,Julian Strawther,"$2,674,200"
6589,2025-2026,Terrence Shannon Jr.,"$2,674,080"
6590,2025-2026,Ryan Dunn,"$2,657,760"
6591,2025-2026,Kobe Brown,"$2,654,880"
6592,2025-2026,Isaiah Collier,"$2,638,200"
6593,2025-2026,Baylor Scheierman,"$2,619,000"
6594,2025-2026,Xavier Tillman,"$2,546,675"
6595,2025-2026,Cam Spencer,"$2,537,989"
6596,2025-2026,Luka Garza,"$2,461,463"
6597,2025-2026,Sandro Mamukelashvili,"$2,461,463"
6598,2025-2026,Jericho Sims,"$2,461,463"
6599,2025-2026,Trendon Watford,"$2,461,463"
6600,2025-2026,Josh Minott,"$2,378,870"
6601,2025-2026,Dru Smith,"$2,378,870"
6602,2025-2026,Justin Champagnie,"$2,349,578"
6603,2025-2026,Jordan Goodwin,"$2,349,578"
6604,2025-2026,Jay Huff,"$2,349,578"
6605,2025-2026,Vit Krejci,"$2,349,578"
6606,2025-2026,Neemias Queta,"$2,349,578"
6607,2025-2026,Keon Ellis,"$2,301,587"
6608,2025-2026,AJ Green,"$2,301,587"
6609,2025-2026,Thanasis Antetokounmpo,"$2,296,274"
6610,2025-2026,Marvin Bagley III,"$2,296,274"
6611,2025-2026,Bismack Biyombo,"$2,296,274"
6612,2025-2026,Bruce Brown Jr.,"$2,296,274"
6613,2025-2026,Thomas Bryant,"$2,296,274"
6614,2025-2026,Jordan Clarkson,"$2,296,274"
6615,2025-2026,Amir Coffey,"$2,296,274"
6616,2025-2026,Drew Eubanks,"$2,296,274"
6617,2025-2026,Anthony Gill,"$2,296,274"
6618,2025-2026,Collin Gillespie,"$2,296,274"
6619,2025-2026,Javonte Green,"$2,296,274"
6620,2025-2026,Jeff Green,"$2,296,274"
6621,2025-2026,Tim Hardaway Jr.,"$2,296,274"
6622,2025-2026,Aaron Holiday,"$2,296,274"
6623,2025-2026,Nah'Shon Hyland,"$2,296,274"
6624,2025-2026,Joe Ingles,"$2,296,274"
6625,2025-2026,Sion James,"$2,296,274"
6626,2025-2026,Ryan Kalkbrenner,"$2,296,274"
6627,2025-2026,Jock Landale,"$2,296,274"
6628,2025-2026,Kyle Lowry,"$2,296,274"
6629,2025-2026,Doug McDermott,"$2,296,274"
6630,2025-2026,Jordan McLaughlin,"$2,296,274"
6631,2025-2026,Larry Nance Jr.,"$2,296,274"
6632,2025-2026,Josh Okogie,"$2,296,274"
6633,2025-2026,Gary Payton II,"$2,296,274"
6634,2025-2026,Landry Shamet,"$2,296,274"
6635,2025-2026,Jae’Sean Tate,"$2,296,274"
6636,2025-2026,Garrett Temple,"$2,296,274"
6637,2025-2026,Keaton Wallace,"$2,296,274"
6638,2025-2026,Lindy Waters III,"$2,296,274"
6639,2025-2026,Blake Wesley,"$2,296,274"
6640,2025-2026,Russell Westbrook,"$2,296,274"
6641,2025-2026,Moussa Diabate,"$2,270,735"
6642,2025-2026,Scotty Pippen Jr.,"$2,270,735"
6643,2025-2026,Brandon Williams,"$2,270,735"
6644,2025-2026,DeAndre Jordan,"$2,269,880"
6645,2025-2026,Toumani Camara,"$2,221,677"
6646,2025-2026,Mouhamed Gueye,"$2,221,677"
6647,2025-2026,G.G. Jackson,"$2,221,677"
6648,2025-2026,Andre Jackson Jr.,"$2,221,677"
6649,2025-2026,Trayce Jackson-Davis,"$2,221,677"
6650,2025-2026,Leonard Miller,"$2,221,677"
6651,2025-2026,Julian Phillips,"$2,221,677"
6652,2025-2026,Jalen Pickett,"$2,221,677"
6653,2025-2026,Craig Porter Jr.,"$2,221,677"
6654,2025-2026,Rayan Rupert,"$2,221,677"
6655,2025-2026,Gui Santos,"$2,221,677"
6656,2025-2026,Jordan Walsh,"$2,221,677"
6657,2025-2026,Jalen Wilson,"$2,221,677"
6658,2025-2026,Jaylen Clark,"$2,191,897"
6659,2025-2026,Tyler Kolek,"$2,191,897"
6660,2025-2026,Precious Achiuwa,"$2,111,516"
6661,2025-2026,Justin Edwards,"$2,048,494"
6662,2025-2026,Jamison Battle,"$1,955,377"
6663,2025-2026,Adem Bona,"$1,955,377"
6664,2025-2026,Cameron Christie,"$1,955,377"
6665,2025-2026,Johnny Furphy,"$1,955,377"
6666,2025-2026,Ariel Hukporti,"$1,955,377"
6667,2025-2026,Oso Ighodaro,"$1,955,377"
6668,2025-2026,Bronny James,"$1,955,377"
6669,2025-2026,Keshad Johnson,"$1,955,377"
6670,2025-2026,Pelle Larsson,"$1,955,377"
6671,2025-2026,Karlo Matkovic,"$1,955,377"
6672,2025-2026,Jonathan Mogbo,"$1,955,377"
6673,2025-2026,Quinten Post,"$1,955,377"
6674,2025-2026,Jamal Shead,"$1,955,377"
6675,2025-2026,Jaylen Wells,"$1,955,377"
6676,2025-2026,Seth Curry,"$1,755,198"
6677,2025-2026,Micah Potter,"$1,527,805"
6678,2025-2026,Pat Connaughton,"$1,315,814"
6679,2025-2026,Johni Broome,"$1,272,870"
6680,2025-2026,Mohamed Diawara,"$1,272,870"
6681,2025-2026,Rasheer Fleming,"$1,272,870"
6682,2025-2026,Kam Jones,"$1,272,870"
6683,2025-2026,Chaz Lanier,"$1,272,870"
6684,2025-2026,Micah Peavy,"$1,272,870"
6685,2025-2026,Noah Penda,"$1,272,870"
6686,2025-2026,Tyrese Proctor,"$1,272,870"
6687,2025-2026,Maxime Raynaud,"$1,272,870"
6688,2025-2026,Will Richard,"$1,272,870"
6689,2025-2026,Adou Thiero,"$1,272,870"
6690,2025-2026,Jamir Watkins,"$1,131,970"
6691,2025-2026,Taj Gibson,"$960,753"
6692,2025-2026,Dylan Cardwell,"$871,000"
6693,2025-2026,Jevon Carter,"$871,000"
6694,2025-2026,Pat Spencer,"$857,804"
6695,2025-2026,Cameron Thomas,"$844,607"
6696,2025-2026,Haywood Highsmith,"$827,984"
6697,2025-2026,Jeremy Sochan,"$778,622"
6698,2025-2026,Mike Conley,"$725,834"
6699,2025-2026,Bryce McGowens,"$724,598"
6700,2025-2026,Jabari Walker,"$724,598"
6701,2025-2026,Nae'qwan Tomlin,"$718,150"
6702,2025-2026,Jordan Miller,"$712,637"
6703,2025-2026,Sidy Cissoko,"$686,243"
6704,2025-2026,Spencer Jones,"$623,967"
6705,2025-2026,Quenton Jackson,"$601,553"
6706,2025-2026,Pete Nance,"$600,000"
6707,2025-2026,Mason Plumlee,"$593,864"
6708,2025-2026,Jamaree Bouyea,"$574,210"
6709,2025-2026,Kyle Anderson,"$567,470"
6710,2025-2026,Olivier-Maxence Prosper,"$527,879"
6711,2025-2026,Tyus Jones,"$514,682"
6712,2025-2026,Amari Williams,"$490,128"
6713,2025-2026,Kobe Sanders,"$475,497"
6714,2025-2026,Killian Hayes,"$444,658"
6715,2025-2026,Myron Gardner,"$395,029"
6716,2025-2026,Jamal Cain,"$328,120"
6717,2025-2026,Ryan Nembhard,"$321,875"
6718,2025-2026,Max Shulga,"$212,145"
6719,2025-2026,Dalen Terry,"$125,931"
6720,2025-2026,Ron Harper Jr.,"$123,045"
6721,2025-2026,Charles Bassey,"$105,576"
6722,2025-2026,Tony Bradley,"$92,379"
6723,2025-2026,J.D. Davison,"$82,030"
6724,2025-2026,Bez Mbeng,"$73,153"
6725,2025-2026,Tolu Smith III,"$70,638"
6726,2025-2026,Malachi Smith,"$65,838"
6727,2025-2026,Mouhamadou Gueye,"$47,092"
6728,2025-2026,Dalano Banton,"$28,293"
6729,2025-2026,A.J. Lawson,"$26,394"
6730,2025-2026,Jahmir Young,"$23,546"
6731,2025-2026,Hayden Gray,"$14,631"
6732,2025-2026,Nick Smith Jr.,"$13,197"
