,season,player,salary
0,2011-2012,Kobe Bryant,43.49%
1,2011-2012,Kevin Garnett,36.61%
2,2011-2012,Tim Duncan,36.46%
3,2011-2012,Rashard Lewis,36.41%
4,2011-2012,Dirk Nowitzki,32.89%
5,2011-2012,Pau Gasol,32.24%
6,2011-2012,Carmelo Anthony,31.90%
7,2011-2012,Amar'e Stoudemire,31.39%
8,2011-2012,Dwight Howard,31.17%
9,2011-2012,Joe Johnson,31.08%
10,2011-2012,Elton Brand,29.39%
11,2011-2012,Chris Paul,28.19%
12,2011-2012,Deron Williams,28.19%
13,2011-2012,Chris Bosh,27.60%
14,2011-2012,LeBron James,27.60%
15,2011-2012,Dwyane Wade,26.72%
16,2011-2012,Kevin Durant,26.72%
17,2011-2012,Paul Pierce,26.42%
18,2011-2012,Zach Randolph,26.19%
19,2011-2012,Antawn Jamison,25.97%
20,2011-2012,Andrew Bynum,25.67%
21,2011-2012,Al Jefferson,24.12%
22,2011-2012,Andre Iguodala,23.31%
23,2011-2012,Carlos Boozer,23.26%
24,2011-2012,Tyson Chandler,22.58%
25,2011-2012,Nene Hilario,22.40%
26,2011-2012,Manu Ginobili,22.36%
27,2011-2012,Marc Gasol,22.26%
28,2011-2012,Emeka Okafor,21.78%
29,2011-2012,Tony Parker,21.54%
30,2011-2012,Josh Smith,21.36%
31,2011-2012,LaMarcus Aldridge,21.31%
32,2011-2012,Luol Deng,21.23%
33,2011-2012,Rudy Gay,20.84%
34,2011-2012,Danny Granger,20.70%
35,2011-2012,Andrew Bogut,20.67%
36,2011-2012,Al Horford,20.67%
37,2011-2012,Joakim Noah,20.67%
38,2011-2012,Steve Nash,20.14%
39,2011-2012,David Lee,20.00%
40,2011-2012,Ben Gordon,19.98%
41,2011-2012,Kevin Martin,19.85%
42,2011-2012,Jason Terry,19.70%
43,2011-2012,Chris Kaman,19.46%
44,2011-2012,Marcus Camby,19.07%
45,2011-2012,Hedo Turkoglu,18.98%
46,2011-2012,Monta Ellis,18.95%
47,2011-2012,Corey Maggette,17.68%
48,2011-2012,Jason Kidd,17.44%
49,2011-2012,DeAndre Jordan,17.37%
50,2011-2012,Rajon Rondo,17.31%
51,2011-2012,Ray Allen,17.23%
52,2011-2012,David West,17.23%
53,2011-2012,Jose Calderon,16.85%
54,2011-2012,Gerald Wallace,16.37%
55,2011-2012,Devin Harris,16.06%
56,2011-2012,Richard Jefferson,15.99%
57,2011-2012,Andrea Bargnani,15.94%
58,2011-2012,Andris Biedrins,15.51%
59,2011-2012,Carl Landry,15.51%
60,2011-2012,Lamar Odom,15.33%
61,2011-2012,Jameer Nelson,14.82%
62,2011-2012,Luis Scola,14.80%
63,2011-2012,John Salmons,14.64%
64,2011-2012,Rodney Stuckey,14.64%
65,2011-2012,Mo Williams,14.64%
66,2011-2012,Paul Millsap,13.96%
67,2011-2012,Shawn Marion,13.82%
68,2011-2012,Caron Butler,13.78%
69,2011-2012,Kirk Hinrich,13.78%
70,2011-2012,Kris Humphries,13.78%
71,2011-2012,Andre Miller,13.45%
72,2011-2012,Arron Afflalo,13.35%
73,2011-2012,Anderson Varejao,13.27%
74,2011-2012,Brendan Haywood,13.14%
75,2011-2012,Leandro Barbosa,13.09%
76,2011-2012,Raymond Felton,13.02%
77,2011-2012,Charlie Villanueva,12.99%
78,2011-2012,Marvin Williams,12.92%
79,2011-2012,Thaddeus Young,12.88%
80,2011-2012,Stephen Jackson,12.84%
81,2011-2012,Tyrus Thomas,12.59%
82,2011-2012,Kendrick Perkins,12.27%
83,2011-2012,Samuel Dalembert,12.06%
84,2011-2012,Marcus Thornton,12.06%
85,2011-2012,DeSagana Diop,11.93%
86,2011-2012,Beno Udrih,11.93%
87,2011-2012,Trevor Ariza,11.70%
88,2011-2012,Marcin Gortat,11.70%
89,2011-2012,Metta World Peace,11.70%
90,2011-2012,Kwame Brown,11.63%
91,2011-2012,J.J. Redick,11.63%
92,2011-2012,Mike Conley,11.39%
93,2011-2012,Grant Hill,11.20%
94,2011-2012,Andray Blatche,11.10%
95,2011-2012,Glen Davis,10.85%
96,2011-2012,Tayshaun Prince,10.84%
97,2011-2012,Drew Gooden,10.73%
98,2011-2012,Al Harrington,10.73%
99,2011-2012,Jermaine O'Neal,10.73%
100,2011-2012,Josh Childress,10.34%
101,2011-2012,Francisco Garcia,9.99%
102,2011-2012,Kyle Lowry,9.91%
103,2011-2012,Blake Griffin,9.87%
104,2011-2012,Luke Walton,9.79%
105,2011-2012,O.J. Mayo,9.70%
106,2011-2012,Derrick Rose,9.70%
107,2011-2012,Channing Frye,9.65%
108,2011-2012,John Wall,9.53%
109,2011-2012,Wilson Chandler,9.50%
110,2011-2012,Amir Johnson,9.48%
111,2011-2012,Mike Miller,9.30%
112,2011-2012,Jason Richardson,9.29%
113,2011-2012,Martell Webster,9.07%
114,2011-2012,Louis Williams,8.92%
115,2011-2012,Kyrie Irving,8.86%
116,2011-2012,Russell Westbrook,8.76%
117,2011-2012,Michael Beasley,8.68%
118,2011-2012,Jamal Crawford,8.61%
119,2011-2012,Kyle Korver,8.61%
120,2011-2012,Jason Maxiell,8.61%
121,2011-2012,Luc Richard Mbah a Moute,8.61%
122,2011-2012,Evan Turner,8.52%
123,2011-2012,Wesley Matthews,8.51%
124,2011-2012,Darko Milicic,8.23%
125,2011-2012,Brad Miller,8.19%
126,2011-2012,Zaza Pachulia,8.18%
127,2011-2012,Ronnie Brewer,8.11%
128,2011-2012,Kevin Love,7.94%
129,2011-2012,Linas Kleiza,7.93%
130,2011-2012,James Harden,7.93%
131,2011-2012,Derrick Williams,7.93%
132,2011-2012,Nikola Pekovic,7.76%
133,2011-2012,Jonas Jerebko,7.75%
134,2011-2012,Derrick Favors,7.66%
135,2011-2012,Daniel Gibson,7.59%
136,2011-2012,Jose Barea,7.41%
137,2011-2012,Ramon Sessions,7.34%
138,2011-2012,Jared Dudley,7.32%
139,2011-2012,Randy Foye,7.32%
140,2011-2012,Chris Andersen,7.29%
141,2011-2012,Chuck Hayes,7.28%
142,2011-2012,Danilo Gallinari,7.22%
143,2011-2012,Tyreke Evans,7.15%
144,2011-2012,Enes Freedom,7.12%
145,2011-2012,Jarrett Jack,7.11%
146,2011-2012,Spencer Hawes,6.98%
147,2011-2012,Richard Hamilton,6.93%
148,2011-2012,Wesley Johnson,6.90%
149,2011-2012,Steve Blake,6.89%
150,2011-2012,Mario Chalmers,6.89%
151,2011-2012,Jordan Farmar,6.89%
152,2011-2012,Ryan Gomes,6.89%
153,2011-2012,Anthony Morrow,6.89%
154,2011-2012,Travis Outlaw,6.89%
155,2011-2012,Hakim Warrick,6.89%
156,2011-2012,Matt Carroll,6.72%
157,2011-2012,Eric Gordon,6.60%
158,2011-2012,Dorell Wright,6.59%
159,2011-2012,Udonis Haslem,6.51%
160,2011-2012,Mike Dunleavy,6.46%
161,2011-2012,Nazr Mohammed,6.46%
162,2011-2012,Tristan Thompson,6.42%
163,2011-2012,C.J. Miles,6.37%
164,2011-2012,Nick Young,6.37%
165,2011-2012,Luke Ridnour,6.34%
166,2011-2012,Tiago Splitter,6.33%
167,2011-2012,DeMarcus Cousins,6.25%
168,2011-2012,Joel Anthony,6.20%
169,2011-2012,Shannon Brown,6.03%
170,2011-2012,Carlos Delfino,6.03%
171,2011-2012,Chris Duhon,6.03%
172,2011-2012,Shaun Livingston,6.03%
173,2011-2012,Ricky Rubio,6.00%
174,2011-2012,Brandon Bass,5.89%
175,2011-2012,C.J. Watson,5.86%
176,2011-2012,Marco Belinelli,5.82%
177,2011-2012,Timofey Mozgov,5.76%
178,2011-2012,Daequan Cook,5.76%
179,2011-2012,Matt Bonner,5.71%
180,2011-2012,Thabo Sefolosha,5.69%
181,2011-2012,Nick Collison,5.64%
182,2011-2012,Will Bynum,5.60%
183,2011-2012,Johan Petro,5.60%
184,2011-2012,Raja Bell,5.58%
185,2011-2012,D.J. Augustin,5.58%
186,2011-2012,Tony Allen,5.43%
187,2011-2012,Stephen Curry,5.37%
188,2011-2012,Brook Lopez,5.30%
189,2011-2012,Jan Vesely,5.28%
190,2011-2012,Corey Brewer,5.27%
191,2011-2012,Jerryd Bayless,5.24%
192,2011-2012,Greg Monroe,5.18%
193,2011-2012,Jason Thompson,5.17%
194,2011-2012,Shane Battier,5.17%
195,2011-2012,Vince Carter,5.17%
196,2011-2012,Jeff Foster,5.17%
197,2011-2012,Josh McRoberts,5.17%
198,2011-2012,Travis Outlaw,5.17%
199,2011-2012,Chris Wilcox,5.17%
200,2011-2012,Shawne Williams,5.17%
201,2011-2012,Brandon Rush,5.09%
202,2011-2012,Anthony Randolph,5.02%
203,2011-2012,Robin Lopez,4.93%
204,2011-2012,Jordan Hill,4.92%
205,2011-2012,Bismack Biyombo,4.82%
206,2011-2012,Al-Farouq Aminu,4.75%
207,2011-2012,Eduardo Najera,4.74%
208,2011-2012,Marreese Speights,4.69%
209,2011-2012,Dahntay Jones,4.65%
210,2011-2012,Ekpe Udoh,4.57%
211,2011-2012,Roy Hibbert,4.46%
212,2011-2012,Brandon Knight,4.42%
213,2011-2012,Ersan Ilyasova,4.38%
214,2011-2012,Gordon Hayward,4.36%
215,2011-2012,Aaron Gray,4.31%
216,2011-2012,Kenyon Martin,4.31%
217,2011-2012,Jason Smith,4.31%
218,2011-2012,DeShawn Stevenson,4.31%
219,2011-2012,Brandon Jennings,4.30%
220,2011-2012,JaVale McGee,4.24%
221,2011-2012,Quentin Richardson,4.21%
222,2011-2012,Paul George,4.15%
223,2011-2012,Louis Amundson,4.14%
224,2011-2012,J.R. Smith,4.10%
225,2011-2012,Kemba Walker,4.06%
226,2011-2012,J.J Hickson,4.06%
227,2011-2012,Derek Fisher,4.01%
228,2011-2012,Cole Aldrich,3.94%
229,2011-2012,Gerald Henderson,3.88%
230,2011-2012,Anthony Parker,3.88%
231,2011-2012,Ben Wallace,3.87%
232,2011-2012,Ryan Anderson,3.87%
233,2011-2012,Jimmer Fredette,3.86%
234,2011-2012,Courtney Lee,3.83%
235,2011-2012,Kosta Koufos,3.80%
236,2011-2012,Xavier Henry,3.74%
237,2011-2012,Nicolas Batum,3.71%
238,2011-2012,Josh Howard,3.70%
239,2011-2012,Tyler Hansbrough,3.68%
240,2011-2012,Klay Thompson,3.66%
241,2011-2012,DeMar DeRozan,3.64%
242,2011-2012,Goran Dragic,3.63%
243,2011-2012,George Hill,3.59%
244,2011-2012,Ed Davis,3.55%
245,2011-2012,Anthony Tolliver,3.53%
246,2011-2012,Darrell Arthur,3.49%
247,2011-2012,Alec Burks,3.48%
248,2011-2012,Reggie Williams,3.47%
249,2011-2012,D.J. White,3.45%
250,2011-2012,Chauncey Billups,3.45%
251,2011-2012,Dante Cunningham,3.45%
252,2011-2012,Earl Watson,3.45%
253,2011-2012,Patrick Patterson,3.38%
254,2011-2012,Austin Daye,3.32%
255,2011-2012,Markieff Morris,3.31%
256,2011-2012,Matt Barnes,3.27%
257,2011-2012,Larry Sanders,3.21%
258,2011-2012,Omer Asik,3.20%
259,2011-2012,James Johnson,3.16%
260,2011-2012,Marcus Morris Sr.,3.14%
261,2011-2012,Luke Babbitt,3.05%
262,2011-2012,Jrue Holiday,3.00%
263,2011-2012,Kawhi Leonard,2.98%
264,2011-2012,Kevin Seraphin,2.90%
265,2011-2012,Ty Lawson,2.85%
266,2011-2012,Nikola Vucevic,2.83%
267,2011-2012,Eric Bledsoe,2.75%
268,2011-2012,Jeff Teague,2.72%
269,2011-2012,Gustavo Ayon,2.70%
270,2011-2012,Iman Shumpert,2.69%
271,2011-2012,Avery Bradley,2.63%
272,2011-2012,Eric Maynor,2.61%
273,2011-2012,Jeff Ayres,2.58%
274,2011-2012,Gary Forbes,2.58%
275,2011-2012,James Jones,2.58%
276,2011-2012,Sebastian Telfair,2.58%
277,2011-2012,Chris Singleton,2.56%
278,2011-2012,James Anderson,2.52%
279,2011-2012,Darren Collison,2.51%
280,2011-2012,Tobias Harris,2.44%
281,2011-2012,Willie Green,2.33%
282,2011-2012,Vladimir Radmanovic,2.33%
283,2011-2012,Brian Scalabrine,2.33%
284,2011-2012,Kurt Thomas,2.33%
285,2011-2012,Elliot Williams,2.32%
286,2011-2012,Omri Casspi,2.31%
287,2011-2012,Nolan Smith,2.25%
288,2011-2012,Hamed Haddadi,2.24%
289,2011-2012,Trevor Booker,2.23%
290,2011-2012,Serge Ibaka,2.22%
291,2011-2012,B.J. Mullens,2.22%
292,2011-2012,Kenneth Faried,2.16%
293,2011-2012,Rodrigue Beaubois,2.13%
294,2011-2012,Reggie Evans,2.12%
295,2011-2012,Mike James,2.12%
296,2011-2012,Jamaal Tinsley,2.12%
297,2011-2012,Brian Cook,2.11%
298,2011-2012,Jannero Pargo,2.11%
299,2011-2012,Royal Ivey,2.07%
300,2011-2012,Dominique Jones,2.06%
301,2011-2012,Earl Clark,2.00%
302,2011-2012,Reggie Jackson,1.99%
303,2011-2012,Quincy Pondexter,1.99%
304,2011-2012,Toney Douglas,1.97%
305,2011-2012,Jordan Crawford,1.93%
306,2011-2012,Greivis Vasquez,1.92%
307,2011-2012,Christian Eyenga,1.89%
308,2011-2012,Lazar Hayward,1.89%
309,2011-2012,Jordan Hamilton,1.85%
310,2011-2012,MarShon Brooks,1.83%
311,2011-2012,JaJuan Johnson,1.80%
312,2011-2012,Norris Cole,1.78%
313,2011-2012,Jimmy Butler,1.76%
314,2011-2012,Jon Brockman,1.72%
315,2011-2012,Jermey Pargo,1.72%
316,2011-2012,Steve Novak,1.71%
317,2011-2012,Von Wafer,1.71%
318,2011-2012,Shelden Williams,1.71%
319,2011-2012,DeJaun Blair,1.70%
320,2011-2012,Taj Gibson,1.66%
321,2011-2012,Sam Young,1.63%
322,2011-2012,Cory Joseph,1.62%
323,2011-2012,Wayne Ellington,1.60%
324,2011-2012,John Lucas III,1.58%
325,2011-2012,Brandan Wright,1.58%
326,2011-2012,Chase Budinger,1.52%
327,2011-2012,Ian Mahinmi,1.52%
328,2011-2012,Jodie Meeks,1.52%
329,2011-2012,A.J. Price,1.52%
330,2011-2012,Daniel Orton,1.52%
331,2011-2012,Tony Battie,1.47%
332,2011-2012,Mike Bibby,1.47%
333,2011-2012,Derrick Brown,1.47%
334,2011-2012,Jason Collins,1.47%
335,2011-2012,Marquis Daniels,1.47%
336,2011-2012,Baron Davis,1.47%
337,2011-2012,Maurice Evans,1.47%
338,2011-2012,Alonzo Gee,1.47%
339,2011-2012,Jared Jeffries,1.47%
340,2011-2012,Tracy McGrady,1.47%
341,2011-2012,Troy Murphy,1.47%
342,2011-2012,Sasha Pavlovic,1.47%
343,2011-2012,Mickael Pietrus,1.47%
344,2011-2012,Ronnie Price,1.47%
345,2011-2012,Jerry Stackhouse,1.47%
346,2011-2012,Delonte West,1.47%
347,2011-2012,Chandler Parsons,1.46%
348,2011-2012,Solomon Alabi,1.43%
349,2011-2012,Michael Redd,1.42%
350,2011-2012,Lance Stephenson,1.38%
351,2011-2012,Nate Robinson,1.35%
352,2011-2012,Tyler Honeycutt,1.34%
353,2011-2012,Yi Jianlian,1.33%
354,2011-2012,Devin Ebanks,1.31%
355,2011-2012,Jeremy Evans,1.31%
356,2011-2012,Dexter Pittman,1.31%
357,2011-2012,Hassan Whiteside,1.31%
358,2011-2012,Eddy Curry,1.23%
359,2011-2012,T.J. Ford,1.23%
360,2011-2012,Juwan Howard,1.23%
361,2011-2012,Craig Smith,1.23%
362,2011-2012,Danny Green,1.18%
363,2011-2012,Damien Wilkins,1.18%
364,2011-2012,Joel Przybilla,1.13%
365,2011-2012,Jeremy Tyler,1.12%
366,2011-2012,Semih Erden,1.06%
367,2011-2012,Landry Fields,1.06%
368,2011-2012,Luke Harangody,1.06%
369,2011-2012,Jeremy Lin,1.06%
370,2011-2012,Gary Neal,1.06%
371,2011-2012,Samardo Samuels,1.06%
372,2011-2012,Greg Stiemsma,1.06%
373,2011-2012,Mike James,0.99%
374,2011-2012,Josh Selby,0.95%
375,2011-2012,Ishmael Smith,0.90%
376,2011-2012,Malcolm Lee,0.86%
377,2011-2012,LaVoy Allen,0.82%
378,2011-2012,Andrew Goudelock,0.82%
379,2011-2012,Justin Harper,0.82%
380,2011-2012,Charles Jenkins,0.82%
381,2011-2012,Ivan Johnson,0.82%
382,2011-2012,Travis Leslie,0.82%
383,2011-2012,Jon Leuer,0.82%
384,2011-2012,DeAndre Liggins,0.82%
385,2011-2012,Shelvin Mack,0.82%
386,2011-2012,Darius Morris,0.82%
387,2011-2012,Greg Smith,0.82%
388,2011-2012,Julyan Stone,0.82%
389,2011-2012,Isaiah Thomas,0.82%
390,2011-2012,Trey Thompkins,0.82%
391,2011-2012,Jordan Williams,0.82%
392,2011-2012,Chris Wright,0.82%
393,2011-2012,Kyrylo Fesenko,0.75%
394,2011-2012,DeMarre Carroll,0.75%
395,2011-2012,Andre Emmett,0.72%
396,2011-2012,Josh Harrellson,0.66%
397,2011-2012,Terrel Harris,0.66%
398,2011-2012,Cory Higgins,0.66%
399,2011-2012,Jerome Jordan,0.66%
400,2011-2012,Vernon Macklin,0.66%
401,2011-2012,E'Twaun Moore,0.66%
402,2011-2012,Walker Russell Jr,0.64%
403,2011-2012,Carlos Arroyo,0.62%
404,2011-2012,Gerald Green,0.48%
405,2011-2012,Gilbert Arenas,0.47%
406,2011-2012,Kelenna Azubuike,0.47%
407,2011-2012,Patty Mills,0.45%
408,2011-2012,Ryan Hollins,0.43%
409,2011-2012,Bobby Simmons,0.42%
410,2011-2012,Boris Diaw,0.42%
411,2011-2012,Erick Dampier,0.38%
412,2011-2012,Mike James,0.35%
413,2011-2012,Manny Harris,0.35%
414,2011-2012,Terrence Williams,0.32%
415,2011-2012,Carldell Johnson,0.31%
416,2011-2012,Lance Thomas,0.30%
417,2011-2012,Courtney Fortson,0.20%
418,2011-2012,Mickell Gladness,0.17%
419,2011-2012,Jamorio Moon,0.17%
420,2011-2012,Earl Boykins,0.14%
421,2011-2012,James Singleton,0.14%
422,2011-2012,Alan Anderson,0.13%
423,2011-2012,Mikki Moore,0.13%
424,2011-2012,Dan Gadzuric,0.12%
425,2011-2012,Diamon Simpson,0.10%
426,2011-2012,Sean Williams,0.09%
427,2011-2012,Blake Ahearn,0.08%
428,2011-2012,Lester Hudson,0.08%
429,2011-2012,Edwin Ubiles,0.07%
430,2011-2012,Armon Johnson,0.06%
431,2011-2012,D.J. Kennedy,0.03%
432,2011-2012,Xavier Silas,0.02%
433,2011-2012,Morris Almond,0.01%
434,2012-2013,Kobe Bryant,47.98%
435,2012-2013,Dirk Nowitzki,36.02%
436,2012-2013,Amar'e Stoudemire,34.37%
437,2012-2013,Joe Johnson,34.03%
438,2012-2013,Dwight Howard,33.66%
439,2012-2013,Carmelo Anthony,33.50%
440,2012-2013,Pau Gasol,32.73%
441,2012-2013,Chris Paul,30.63%
442,2012-2013,Chris Bosh,30.23%
443,2012-2013,LeBron James,30.23%
444,2012-2013,Dwyane Wade,29.60%
445,2012-2013,Deron Williams,29.59%
446,2012-2013,Paul Pierce,28.93%
447,2012-2013,Kevin Durant,28.72%
448,2012-2013,Zach Randolph,28.43%
449,2012-2013,Rudy Gay,28.36%
450,2012-2013,Derrick Rose,28.26%
451,2012-2013,Andrew Bynum,27.74%
452,2012-2013,Carlos Boozer,25.84%
453,2012-2013,Al Jefferson,25.84%
454,2012-2013,Andre Iguodala,25.79%
455,2012-2013,Manu Ginobili,24.30%
456,2012-2013,Marc Gasol,23.93%
457,2012-2013,Eric Gordon,23.55%
458,2012-2013,Roy Hibbert,23.55%
459,2012-2013,Brook Lopez,23.55%
460,2012-2013,Kevin Love,23.55%
461,2012-2013,Russell Westbrook,23.55%
462,2012-2013,Tyson Chandler,23.44%
463,2012-2013,LaMarcus Aldridge,23.26%
464,2012-2013,Emeka Okafor,23.24%
465,2012-2013,Luol Deng,22.92%
466,2012-2013,Josh Smith,22.74%
467,2012-2013,Danny Granger,22.50%
468,2012-2013,Andrew Bogut,22.40%
469,2012-2013,Nene Hilario,22.40%
470,2012-2013,David Lee,21.96%
471,2012-2013,Tony Parker,21.54%
472,2012-2013,Kevin Martin,21.43%
473,2012-2013,Ben Gordon,21.36%
474,2012-2013,Al Horford,20.67%
475,2012-2013,Kris Humphries,20.67%
476,2012-2013,Hedo Turkoglu,20.36%
477,2012-2013,Kevin Garnett,19.93%
478,2012-2013,Joakim Noah,19.47%
479,2012-2013,Monta Ellis,18.95%
480,2012-2013,Rajon Rondo,18.95%
481,2012-2013,Corey Maggette,18.82%
482,2012-2013,Nicolas Batum,18.65%
483,2012-2013,Jose Calderon,18.20%
484,2012-2013,DeAndre Jordan,18.15%
485,2012-2013,Richard Jefferson,17.51%
486,2012-2013,Stephen Jackson,17.33%
487,2012-2013,Andrea Bargnani,17.23%
488,2012-2013,JaVale McGee,17.23%
489,2012-2013,David West,17.23%
490,2012-2013,Andrei Kirilenko,16.85%
491,2012-2013,Gerald Wallace,16.68%
492,2012-2013,Tim Duncan,16.61%
493,2012-2013,Danilo Gallinari,16.26%
494,2012-2013,Andris Biedrins,15.51%
495,2012-2013,Steve Nash,15.33%
496,2012-2013,Ryan Anderson,14.99%
497,2012-2013,Shawn Marion,14.98%
498,2012-2013,Paul Millsap,14.82%
499,2012-2013,Jameer Nelson,14.82%
500,2012-2013,Devin Harris,14.64%
501,2012-2013,Rodney Stuckey,14.64%
502,2012-2013,Mo Williams,14.64%
503,2012-2013,Omer Asik,14.43%
504,2012-2013,Jeremy Lin,14.43%
505,2012-2013,Anderson Varejao,14.42%
506,2012-2013,Kendrick Perkins,14.30%
507,2012-2013,Thaddeus Young,14.28%
508,2012-2013,Marvin Williams,14.28%
509,2012-2013,Lamar Odom,14.13%
510,2012-2013,Jeff Green,13.95%
511,2012-2013,John Salmons,13.93%
512,2012-2013,Charlie Villanueva,13.89%
513,2012-2013,Caron Butler,13.78%
514,2012-2013,George Hill,13.78%
515,2012-2013,Chris Kaman,13.78%
516,2012-2013,Tyrus Thomas,13.78%
517,2012-2013,Ersan Ilyasova,13.61%
518,2012-2013,Arron Afflalo,13.35%
519,2012-2013,Marcus Thornton,12.96%
520,2012-2013,Mike Conley,12.93%
521,2012-2013,Goran Dragic,12.92%
522,2012-2013,DeSagana Diop,12.70%
523,2012-2013,Beno Udrih,12.70%
524,2012-2013,Trevor Ariza,12.51%
525,2012-2013,Marcin Gortat,12.51%
526,2012-2013,Metta World Peace,12.51%
527,2012-2013,Blake Griffin,12.45%
528,2012-2013,Tayshaun Prince,11.65%
529,2012-2013,Samuel Dalembert,11.54%
530,2012-2013,Drew Gooden,11.52%
531,2012-2013,Al Harrington,11.52%
532,2012-2013,Wesley Matthews,11.21%
533,2012-2013,Spencer Hawes,11.20%
534,2012-2013,Glen Davis,11.03%
535,2012-2013,Landry Fields,10.77%
536,2012-2013,J.J. Redick,10.66%
537,2012-2013,Francisco Garcia,10.51%
538,2012-2013,Luke Walton,10.49%
539,2012-2013,Brandon Bass,10.34%
540,2012-2013,Channing Frye,10.34%
541,2012-2013,Amir Johnson,10.34%
542,2012-2013,Wilson Chandler,10.22%
543,2012-2013,John Wall,10.19%
544,2012-2013,James Harden,10.03%
545,2012-2013,Mike Miller,9.99%
546,2012-2013,Jason Richardson,9.99%
547,2012-2013,Michael Beasley,9.91%
548,2012-2013,Kyle Lowry,9.91%
549,2012-2013,Nick Young,9.65%
550,2012-2013,Chuck Hayes,9.45%
551,2012-2013,Jarrett Jack,9.30%
552,2012-2013,Kyrie Irving,9.26%
553,2012-2013,Evan Turner,9.12%
554,2012-2013,Tyreke Evans,9.05%
555,2012-2013,Jason Thompson,9.04%
556,2012-2013,Zaza Pachulia,9.04%
557,2012-2013,Anthony Davis,8.86%
558,2012-2013,Brandon Roy,8.79%
559,2012-2013,Jamal Crawford,8.61%
560,2012-2013,Richard Hamilton,8.61%
561,2012-2013,Kyle Korver,8.61%
562,2012-2013,Courtney Lee,8.61%
563,2012-2013,Jason Maxiell,8.61%
564,2012-2013,Andre Miller,8.61%
565,2012-2013,Ramon Sessions,8.61%
566,2012-2013,Jason Terry,8.61%
567,2012-2013,Louis Williams,8.61%
568,2012-2013,Robin Lopez,8.44%
569,2012-2013,Nikola Pekovic,8.33%
570,2012-2013,Derrick Williams,8.29%
571,2012-2013,Luc Richard Mbah a Moute,8.26%
572,2012-2013,Daniel Gibson,8.26%
573,2012-2013,Derrick Favors,8.19%
574,2012-2013,Michael Kidd-Gilchrist,7.93%
575,2012-2013,Linas Kleiza,7.93%
576,2012-2013,Marcus Camby,7.91%
577,2012-2013,Boris Diaw,7.75%
578,2012-2013,Jonas Jerebko,7.75%
579,2012-2013,Jose Barea,7.74%
580,2012-2013,Enes Freedom,7.44%
581,2012-2013,Wesley Johnson,7.38%
582,2012-2013,Jared Dudley,7.32%
583,2012-2013,Marreese Speights,7.24%
584,2012-2013,Luis Scola,7.15%
585,2012-2013,Bradley Beal,7.12%
586,2012-2013,Dorell Wright,7.07%
587,2012-2013,Udonis Haslem,6.99%
588,2012-2013,Steve Novak,6.98%
589,2012-2013,O.J. Mayo,6.93%
590,2012-2013,Chauncey Billups,6.89%
591,2012-2013,Steve Blake,6.89%
592,2012-2013,Mario Chalmers,6.89%
593,2012-2013,J.J Hickson,6.89%
594,2012-2013,Carl Landry,6.89%
595,2012-2013,Ian Mahinmi,6.89%
596,2012-2013,Anthony Morrow,6.89%
597,2012-2013,Travis Outlaw,6.89%
598,2012-2013,Luke Ridnour,6.89%
599,2012-2013,Brandon Rush,6.89%
600,2012-2013,Stephen Curry,6.82%
601,2012-2013,Tiago Splitter,6.79%
602,2012-2013,Kirk Hinrich,6.79%
603,2012-2013,Tristan Thompson,6.71%
604,2012-2013,DeMarcus Cousins,6.69%
605,2012-2013,Joel Anthony,6.46%
606,2012-2013,Mike Dunleavy,6.46%
607,2012-2013,Dion Waiters,6.42%
608,2012-2013,Matt Bonner,6.25%
609,2012-2013,Thabo Sefolosha,6.20%
610,2012-2013,Ricky Rubio,6.08%
611,2012-2013,Ekpe Udoh,6.07%
612,2012-2013,D.J. Augustin,6.03%
613,2012-2013,Shannon Brown,6.03%
614,2012-2013,Chris Duhon,6.03%
615,2012-2013,Alonzo Gee,6.03%
616,2012-2013,Danny Green,6.03%
617,2012-2013,Gerald Green,6.03%
618,2012-2013,Jordan Hill,6.03%
619,2012-2013,Johan Petro,6.03%
620,2012-2013,Raymond Felton,6.00%
621,2012-2013,Thomas Robinson,5.81%
622,2012-2013,Jonas Valanciunas,5.81%
623,2012-2013,DeMar DeRozan,5.76%
624,2012-2013,Tony Allen,5.69%
625,2012-2013,Will Bynum,5.60%
626,2012-2013,Corey Brewer,5.59%
627,2012-2013,Greg Monroe,5.54%
628,2012-2013,Jan Vesely,5.52%
629,2012-2013,Brandon Jennings,5.48%
630,2012-2013,Timofey Mozgov,5.41%
631,2012-2013,Shane Battier,5.40%
632,2012-2013,Josh McRoberts,5.40%
633,2012-2013,Gerald Henderson,5.34%
634,2012-2013,Ray Allen,5.32%
635,2012-2013,Vince Carter,5.32%
636,2012-2013,Jason Kidd,5.32%
637,2012-2013,Mirza Teletovic,5.32%
638,2012-2013,Damian Lillard,5.28%
639,2012-2013,Tyler Hansbrough,5.26%
640,2012-2013,Alexey Shved,5.20%
641,2012-2013,Joel Freeland,5.19%
642,2012-2013,Darrell Arthur,5.18%
643,2012-2013,LaVoy Allen,5.17%
644,2012-2013,Jerryd Bayless,5.17%
645,2012-2013,Carlos Delfino,5.17%
646,2012-2013,Kosta Koufos,5.17%
647,2012-2013,Travis Outlaw,5.17%
648,2012-2013,Austin Daye,5.10%
649,2012-2013,Al-Farouq Aminu,5.08%
650,2012-2013,Nick Collison,5.05%
651,2012-2013,Bismack Biyombo,5.04%
652,2012-2013,Dahntay Jones,5.00%
653,2012-2013,Kwame Brown,4.86%
654,2012-2013,James Johnson,4.84%
655,2012-2013,J.R. Smith,4.84%
656,2012-2013,Harrison Barnes,4.82%
657,2012-2013,Gordon Hayward,4.67%
658,2012-2013,Brandon Knight,4.61%
659,2012-2013,Jrue Holiday,4.61%
660,2012-2013,Reggie Williams,4.50%
661,2012-2013,Aaron Gray,4.44%
662,2012-2013,Greg Stiemsma,4.44%
663,2012-2013,Paul George,4.43%
664,2012-2013,Terrence Ross,4.42%
665,2012-2013,Ty Lawson,4.38%
666,2012-2013,Randy Foye,4.31%
667,2012-2013,Jason Smith,4.31%
668,2012-2013,Kemba Walker,4.24%
669,2012-2013,Cole Aldrich,4.21%
670,2012-2013,Jeff Teague,4.19%
671,2012-2013,Aaron Brooks,4.13%
672,2012-2013,Andre Drummond,4.06%
673,2012-2013,Jimmer Fredette,4.03%
674,2012-2013,Eric Maynor,4.03%
675,2012-2013,Xavier Henry,4.00%
676,2012-2013,Darren Collison,4.00%
677,2012-2013,Omri Casspi,3.92%
678,2012-2013,Serge Ibaka,3.88%
679,2012-2013,B.J. Mullens,3.88%
680,2012-2013,DeShawn Stevenson,3.86%
681,2012-2013,Austin Rivers,3.86%
682,2012-2013,Rodrigue Beaubois,3.84%
683,2012-2013,C.J. Miles,3.83%
684,2012-2013,Klay Thompson,3.83%
685,2012-2013,Ed Davis,3.80%
686,2012-2013,Taj Gibson,3.71%
687,2012-2013,Meyers Leonard,3.66%
688,2012-2013,Alec Burks,3.64%
689,2012-2013,Elton Brand,3.62%
690,2012-2013,Patrick Patterson,3.61%
691,2012-2013,Dante Cunningham,3.60%
692,2012-2013,Wayne Ellington,3.59%
693,2012-2013,Toney Douglas,3.56%
694,2012-2013,Brendan Haywood,3.53%
695,2012-2013,Jeremy Lamb,3.48%
696,2012-2013,Markieff Morris,3.46%
697,2012-2013,Earl Watson,3.45%
698,2012-2013,Larry Sanders,3.43%
699,2012-2013,Marco Belinelli,3.37%
700,2012-2013,Grant Hill,3.37%
701,2012-2013,Kendall Marshall,3.31%
702,2012-2013,Marcus Morris Sr.,3.28%
703,2012-2013,Luke Babbitt,3.26%
704,2012-2013,John Henson,3.14%
705,2012-2013,Kawhi Leonard,3.12%
706,2012-2013,Kevin Seraphin,3.10%
707,2012-2013,Jeremy Evans,3.09%
708,2012-2013,Martell Webster,3.02%
709,2012-2013,Maurice Harkless,2.98%
710,2012-2013,Nikola Vucevic,2.96%
711,2012-2013,Eric Bledsoe,2.94%
712,2012-2013,Anthony Randolph,2.89%
713,2012-2013,Royce White,2.83%
714,2012-2013,Iman Shumpert,2.81%
715,2012-2013,Avery Bradley,2.81%
716,2012-2013,Reggie Evans,2.80%
717,2012-2013,Sebastian Telfair,2.70%
718,2012-2013,Tyler Zeller,2.69%
719,2012-2013,Chris Singleton,2.67%
720,2012-2013,Gustavo Ayon,2.58%
721,2012-2013,Jeff Ayres,2.58%
722,2012-2013,James Jones,2.58%
723,2012-2013,Vyacheslav Kravtsov,2.58%
724,2012-2013,John Lucas III,2.58%
725,2012-2013,Jodie Meeks,2.58%
726,2012-2013,Terrence Jones,2.56%
727,2012-2013,Tobias Harris,2.55%
728,2012-2013,Jared Jeffries,2.54%
729,2012-2013,Elliot Williams,2.49%
730,2012-2013,Andrew Nicholson,2.44%
731,2012-2013,Nando De Colo,2.41%
732,2012-2013,Trevor Booker,2.39%
733,2012-2013,Willie Green,2.37%
734,2012-2013,Nolan Smith,2.35%
735,2012-2013,Evan Fournier,2.35%
736,2012-2013,Donatas Motiejunas,2.35%
737,2012-2013,Rashard Lewis,2.33%
738,2012-2013,Jamaal Tinsley,2.33%
739,2012-2013,Kenneth Faried,2.26%
740,2012-2013,Jared Sullinger,2.25%
741,2012-2013,Victor Claver,2.24%
742,2012-2013,Hamed Haddadi,2.24%
743,2012-2013,Fab Melo,2.16%
744,2012-2013,Earl Clark,2.14%
745,2012-2013,Quincy Pondexter,2.13%
746,2012-2013,Sasha Pavlovic,2.12%
747,2012-2013,Keith Bogans,2.12%
748,2012-2013,Reggie Jackson,2.08%
749,2012-2013,John Jenkins,2.08%
750,2012-2013,Hasheem Thabeet,2.07%
751,2012-2013,Jordan Crawford,2.07%
752,2012-2013,Greivis Vasquez,2.05%
753,2012-2013,MarShon Brooks,2.00%
754,2012-2013,Jared Cunningham,1.99%
755,2012-2013,Jordan Hamilton,1.93%
756,2012-2013,Tony Wroten Jr.,1.91%
757,2012-2013,Patty Mills,1.87%
758,2012-2013,Norris Cole,1.87%
759,2012-2013,Cory Joseph,1.85%
760,2012-2013,Miles Plumlee,1.85%
761,2012-2013,Jimmy Butler,1.84%
762,2012-2013,Devin Ebanks,1.82%
763,2012-2013,DeJaun Blair,1.82%
764,2012-2013,Arnett Moultrie,1.80%
765,2012-2013,Perry Jones III,1.78%
766,2012-2013,Festus Ezeli,1.76%
767,2012-2013,Kyle Singler,1.72%
768,2012-2013,C.J. Watson,1.71%
769,2012-2013,Brandan Wright,1.71%
770,2012-2013,Ivan Johnson,1.66%
771,2012-2013,Darius Morris,1.66%
772,2012-2013,Ishmael Smith,1.57%
773,2012-2013,Chandler Parsons,1.53%
774,2012-2013,Alan Anderson,1.52%
775,2012-2013,Chase Budinger,1.52%
776,2012-2013,DeMarre Carroll,1.52%
777,2012-2013,A.J. Price,1.52%
778,2012-2013,Lance Stephenson,1.50%
779,2012-2013,Marquis Teague,1.48%
780,2012-2013,Leandro Barbosa,1.47%
781,2012-2013,Matt Barnes,1.47%
782,2012-2013,Andray Blatche,1.47%
783,2012-2013,Ronnie Brewer,1.47%
784,2012-2013,Jason Collins,1.47%
785,2012-2013,Marquis Daniels,1.47%
786,2012-2013,Ryan Hollins,1.47%
787,2012-2013,Royal Ivey,1.47%
788,2012-2013,Antawn Jamison,1.47%
789,2012-2013,Jamaal Magloire,1.47%
790,2012-2013,Cartier Martin,1.47%
791,2012-2013,Roger Mason,1.47%
792,2012-2013,Nazr Mohammed,1.47%
793,2012-2013,Gary Neal,1.47%
794,2012-2013,Jermaine O'Neal,1.47%
795,2012-2013,Daniel Orton,1.47%
796,2012-2013,Joel Przybilla,1.47%
797,2012-2013,Vladimir Radmanovic,1.47%
798,2012-2013,Nate Robinson,1.47%
799,2012-2013,Jerry Stackhouse,1.47%
800,2012-2013,Anthony Tolliver,1.47%
801,2012-2013,Ronny Turiaf,1.47%
802,2012-2013,James White,1.47%
803,2012-2013,Chris Wilcox,1.47%
804,2012-2013,Damien Wilkins,1.47%
805,2012-2013,Draymond Green,1.46%
806,2012-2013,Kyle O'Quinn,1.36%
807,2012-2013,Shaun Livingston,1.33%
808,2012-2013,Charles Jenkins,1.31%
809,2012-2013,Malcolm Lee,1.31%
810,2012-2013,Jon Leuer,1.31%
811,2012-2013,DeAndre Liggins,1.31%
812,2012-2013,E'Twaun Moore,1.31%
813,2012-2013,Greg Smith,1.31%
814,2012-2013,Julyan Stone,1.31%
815,2012-2013,Isaiah Thomas,1.31%
816,2012-2013,Lance Thomas,1.31%
817,2012-2013,P.J. Tucker,1.31%
818,2012-2013,Mickael Pietrus,1.20%
819,2012-2013,Quincy Acy,1.15%
820,2012-2013,Jeff Adrien,1.13%
821,2012-2013,Doron Lamb,1.12%
822,2012-2013,Jae Crowder,1.03%
823,2012-2013,Jeff Taylor,0.99%
824,2012-2013,Garrett Temple,0.99%
825,2012-2013,Will Barton,0.95%
826,2012-2013,Orlando Johnson,0.95%
827,2012-2013,James Anderson,0.92%
828,2012-2013,Daequan Cook,0.88%
829,2012-2013,Kent Bazemore,0.82%
830,2012-2013,Chris Copeland,0.82%
831,2012-2013,Kim English,0.82%
832,2012-2013,Diante Garrett,0.82%
833,2012-2013,Ben Hansbrough,0.82%
834,2012-2013,Bernard James,0.82%
835,2012-2013,DeQuan Jones,0.82%
836,2012-2013,Khris Middleton,0.82%
837,2012-2013,Darius Miller,0.82%
838,2012-2013,Quincy Miller,0.82%
839,2012-2013,Kevin Murphy,0.82%
840,2012-2013,Pablo Prigioni,0.82%
841,2012-2013,Brian Roberts,0.82%
842,2012-2013,Robert Sacre,0.82%
843,2012-2013,Mike Scott,0.82%
844,2012-2013,Tornike Shengelia,0.82%
845,2012-2013,Tyshawn Taylor,0.82%
846,2012-2013,Mike James,0.69%
847,2012-2013,Sam Young,0.69%
848,2012-2013,Kevin Jones,0.67%
849,2012-2013,Mickael Gelabale,0.60%
850,2012-2013,Chris Johnson,0.60%
851,2012-2013,Chris Andersen,0.59%
852,2012-2013,Patrick Beverley,0.48%
853,2012-2013,Kenyon Martin,0.47%
854,2012-2013,Derek Fisher,0.45%
855,2012-2013,Terrence Williams,0.43%
856,2012-2013,Aron Baynes,0.41%
857,2012-2013,Jarvis Varnado,0.37%
858,2012-2013,Shavlik Randolph,0.28%
859,2012-2013,Chris Quinn,0.25%
860,2012-2013,D.J. White,0.25%
861,2012-2013,Tim Ohlbrecht,0.25%
862,2012-2013,Juwan Howard,0.23%
863,2012-2013,Keyon Dooling,0.21%
864,2012-2013,Shelvin Mack,0.18%
865,2012-2013,Terrel Harris,0.15%
866,2012-2013,DaJuan Summers,0.11%
867,2012-2013,Maalik Wayns,0.10%
868,2012-2013,Jerel McNeal,0.09%
869,2012-2013,Jannero Pargo,0.09%
870,2012-2013,Justin Holiday,0.08%
871,2012-2013,Terrel Harris,0.08%
872,2012-2013,Malcolm Thomas,0.08%
873,2012-2013,Scott Machado,0.05%
874,2012-2013,Andrew Goudelock,0.03%
875,2012-2013,Kris Joseph,0.03%
876,2012-2013,Josh Akognon,0.02%
877,2012-2013,Tracy McGrady,0.02%
878,2012-2013,Quentin Richardson,0.02%
879,2012-2013,Earl Barron,0.01%
880,2012-2013,Dwayne Jones,0.01%
881,2012-2013,Donte Greene,0.01%
882,2012-2013,Scott Machado,0.00%
883,2012-2013,Willie Reed,0.00%
884,2013-2014,Kobe Bryant,51.90%
885,2013-2014,Dirk Nowitzki,38.72%
886,2013-2014,Amar'e Stoudemire,36.95%
887,2013-2014,Joe Johnson,36.58%
888,2013-2014,Carmelo Anthony,36.45%
889,2013-2014,Dwight Howard,34.96%
890,2013-2014,Pau Gasol,32.87%
891,2013-2014,Chris Bosh,32.49%
892,2013-2014,LeBron James,32.49%
893,2013-2014,Dwyane Wade,31.82%
894,2013-2014,Chris Paul,31.81%
895,2013-2014,Deron Williams,31.47%
896,2013-2014,Zach Randolph,31.08%
897,2013-2014,Rudy Gay,30.49%
898,2013-2014,Kevin Durant,30.39%
899,2013-2014,Derrick Rose,30.05%
900,2013-2014,Blake Griffin,28.02%
901,2013-2014,Paul Pierce,26.13%
902,2013-2014,Carlos Boozer,26.07%
903,2013-2014,LaMarcus Aldridge,25.35%
904,2013-2014,Marc Gasol,25.33%
905,2013-2014,Brook Lopez,25.04%
906,2013-2014,Kevin Love,25.04%
907,2013-2014,Russell Westbrook,25.04%
908,2013-2014,Emeka Okafor,24.69%
909,2013-2014,Tyson Chandler,24.46%
910,2013-2014,Eric Gordon,24.34%
911,2013-2014,Roy Hibbert,24.34%
912,2013-2014,Luol Deng,24.33%
913,2013-2014,Andrew Bogut,23.86%
914,2013-2014,David Lee,23.65%
915,2013-2014,James Harden,23.35%
916,2013-2014,Al Jefferson,23.01%
917,2013-2014,Josh Smith,23.01%
918,2013-2014,Nene Hilario,22.15%
919,2013-2014,Andre Iguodala,21.93%
920,2013-2014,Tony Parker,21.30%
921,2013-2014,Kevin Garnett,21.19%
922,2013-2014,Serge Ibaka,21.05%
923,2013-2014,Nikola Pekovic,20.62%
924,2013-2014,Al Horford,20.45%
925,2013-2014,Kris Humphries,20.45%
926,2013-2014,David West,20.45%
927,2013-2014,Rajon Rondo,20.37%
928,2013-2014,Andrea Bargnani,20.22%
929,2013-2014,Tyreke Evans,20.10%
930,2013-2014,Nicolas Batum,19.25%
931,2013-2014,Joakim Noah,18.92%
932,2013-2014,Richard Jefferson,18.82%
933,2013-2014,DeAndre Jordan,18.72%
934,2013-2014,Ty Lawson,18.38%
935,2013-2014,JaVale McGee,18.32%
936,2013-2014,Tim Duncan,17.66%
937,2013-2014,Danilo Gallinari,17.29%
938,2013-2014,Gerald Wallace,17.22%
939,2013-2014,Tiago Splitter,17.04%
940,2013-2014,Stephen Curry,16.85%
941,2013-2014,Jrue Holiday,16.55%
942,2013-2014,DeMar DeRozan,16.19%
943,2013-2014,Paul Millsap,16.19%
944,2013-2014,Shawn Marion,15.88%
945,2013-2014,Steve Nash,15.85%
946,2013-2014,Anderson Varejao,15.40%
947,2013-2014,Thaddeus Young,15.08%
948,2013-2014,Kendrick Perkins,14.87%
949,2013-2014,Jeff Green,14.83%
950,2013-2014,Mike Conley,14.66%
951,2013-2014,Jameer Nelson,14.66%
952,2013-2014,Charlie Villanueva,14.62%
953,2013-2014,Rodney Stuckey,14.49%
954,2013-2014,Omer Asik,14.27%
955,2013-2014,Jeremy Lin,14.27%
956,2013-2014,Ryan Anderson,14.16%
957,2013-2014,Marcus Thornton,13.72%
958,2013-2014,Monta Ellis,13.63%
959,2013-2014,George Hill,13.63%
960,2013-2014,O.J. Mayo,13.63%
961,2013-2014,Jeff Teague,13.63%
962,2013-2014,Ersan Ilyasova,13.46%
963,2013-2014,Trevor Ariza,13.17%
964,2013-2014,Marcin Gortat,13.17%
965,2013-2014,Brandon Jennings,13.05%
966,2013-2014,John Salmons,12.92%
967,2013-2014,Taj Gibson,12.87%
968,2013-2014,Arron Afflalo,12.78%
969,2013-2014,Goran Dragic,12.78%
970,2013-2014,Manu Ginobili,12.78%
971,2013-2014,Marvin Williams,12.78%
972,2013-2014,John Wall,12.71%
973,2013-2014,Metta World Peace,12.48%
974,2013-2014,Tayshaun Prince,12.33%
975,2013-2014,Wesley Matthews,11.72%
976,2013-2014,Jose Calderon,11.57%
977,2013-2014,Kyle Korver,11.52%
978,2013-2014,Evan Turner,11.38%
979,2013-2014,Spencer Hawes,11.25%
980,2013-2014,Amir Johnson,11.08%
981,2013-2014,Carl Landry,11.08%
982,2013-2014,Kevin Martin,11.08%
983,2013-2014,J.J. Redick,11.08%
984,2013-2014,Brandon Bass,10.99%
985,2013-2014,Channing Frye,10.91%
986,2013-2014,Wilson Chandler,10.81%
987,2013-2014,Jarrett Jack,10.74%
988,2013-2014,Landry Fields,10.65%
989,2013-2014,Kyle Lowry,10.58%
990,2013-2014,Jason Richardson,10.57%
991,2013-2014,Derrick Favors,10.24%
992,2013-2014,Gerald Henderson,10.23%
993,2013-2014,Robin Lopez,10.06%
994,2013-2014,Chuck Hayes,9.75%
995,2013-2014,Jason Thompson,9.62%
996,2013-2014,Jason Terry,9.59%
997,2013-2014,Kyrie Irving,9.56%
998,2013-2014,J.R. Smith,9.48%
999,2013-2014,Anthony Davis,9.16%
1000,2013-2014,Anthony Bennett,9.07%
1001,2013-2014,Jamal Crawford,8.90%
1002,2013-2014,Courtney Lee,8.90%
1003,2013-2014,Louis Williams,8.90%
1004,2013-2014,Zaza Pachulia,8.86%
1005,2013-2014,J.J Hickson,8.78%
1006,2013-2014,Martell Webster,8.78%
1007,2013-2014,Keith Bogans,8.62%
1008,2013-2014,Derrick Williams,8.55%
1009,2013-2014,Chase Budinger,8.52%
1010,2013-2014,Andre Miller,8.52%
1011,2013-2014,Ramon Sessions,8.52%
1012,2013-2014,Brandan Wright,8.52%
1013,2013-2014,DeMarcus Cousins,8.38%
1014,2013-2014,Michael Kidd-Gilchrist,8.20%
1015,2013-2014,Victor Oladipo,8.12%
1016,2013-2014,Boris Diaw,8.01%
1017,2013-2014,Jose Barea,7.99%
1018,2013-2014,Luc Richard Mbah a Moute,7.82%
1019,2013-2014,Luis Scola,7.68%
1020,2013-2014,Enes Freedom,7.68%
1021,2013-2014,Corey Brewer,7.67%
1022,2013-2014,Jonas Jerebko,7.67%
1023,2013-2014,Tony Allen,7.66%
1024,2013-2014,Ekpe Udoh,7.62%
1025,2013-2014,Timofey Mozgov,7.50%
1026,2013-2014,Udonis Haslem,7.40%
1027,2013-2014,Luke Ridnour,7.36%
1028,2013-2014,Bradley Beal,7.36%
1029,2013-2014,Otto Porter Jr.,7.29%
1030,2013-2014,Jared Dudley,7.24%
1031,2013-2014,Samuel Dalembert,6.98%
1032,2013-2014,Greg Monroe,6.96%
1033,2013-2014,Tristan Thompson,6.92%
1034,2013-2014,Kirk Hinrich,6.92%
1035,2013-2014,Steve Blake,6.82%
1036,2013-2014,Elton Brand,6.82%
1037,2013-2014,Mario Chalmers,6.82%
1038,2013-2014,Ian Mahinmi,6.82%
1039,2013-2014,Travis Outlaw,6.82%
1040,2013-2014,Brandon Rush,6.82%
1041,2013-2014,Matt Bonner,6.72%
1042,2013-2014,Thabo Sefolosha,6.65%
1043,2013-2014,Dion Waiters,6.64%
1044,2013-2014,Cody Zeller,6.57%
1045,2013-2014,Joel Anthony,6.48%
1046,2013-2014,Danny Green,6.41%
1047,2013-2014,Steve Novak,6.39%
1048,2013-2014,Al-Farouq Aminu,6.39%
1049,2013-2014,Ricky Rubio,6.27%
1050,2013-2014,Raymond Felton,6.20%
1051,2013-2014,Thomas Robinson,6.01%
1052,2013-2014,Jonas Valanciunas,6.01%
1053,2013-2014,Gerald Green,5.96%
1054,2013-2014,Jordan Hill,5.96%
1055,2013-2014,Marreese Speights,5.96%
1056,2013-2014,Alex Len,5.95%
1057,2013-2014,Gordon Hayward,5.88%
1058,2013-2014,Jan Vesely,5.69%
1059,2013-2014,Paul George,5.59%
1060,2013-2014,Shane Battier,5.57%
1061,2013-2014,Matt Barnes,5.54%
1062,2013-2014,Carlos Delfino,5.54%
1063,2013-2014,Alonzo Gee,5.54%
1064,2013-2014,Gary Neal,5.54%
1065,2013-2014,Darrell Arthur,5.51%
1066,2013-2014,Ray Allen,5.50%
1067,2013-2014,Mirza Teletovic,5.50%
1068,2013-2014,Damian Lillard,5.46%
1069,2013-2014,Mike Dunleavy,5.42%
1070,2013-2014,Tyler Hansbrough,5.42%
1071,2013-2014,Chris Kaman,5.42%
1072,2013-2014,Andrei Kirilenko,5.42%
1073,2013-2014,Vince Carter,5.42%
1074,2013-2014,Nerlens Noel,5.41%
1075,2013-2014,Ed Davis,5.37%
1076,2013-2014,Alexey Shved,5.37%
1077,2013-2014,Jerryd Bayless,5.34%
1078,2013-2014,Patrick Patterson,5.29%
1079,2013-2014,LaVoy Allen,5.21%
1080,2013-2014,Larry Sanders,5.20%
1081,2013-2014,Bismack Biyombo,5.20%
1082,2013-2014,Chris Copeland,5.11%
1083,2013-2014,Randy Foye,5.11%
1084,2013-2014,Kosta Koufos,5.11%
1085,2013-2014,Travis Outlaw,5.11%
1086,2013-2014,Dorell Wright,5.11%
1087,2013-2014,Harrison Barnes,4.98%
1088,2013-2014,Joel Freeland,4.94%
1089,2013-2014,Ben McLemore,4.94%
1090,2013-2014,Brandon Knight,4.76%
1091,2013-2014,Will Bynum,4.76%
1092,2013-2014,Kevin Seraphin,4.71%
1093,2013-2014,Marco Belinelli,4.69%
1094,2013-2014,Aaron Gray,4.59%
1095,2013-2014,Terrence Ross,4.56%
1096,2013-2014,Kentavious Caldwell-Pope,4.52%
1097,2013-2014,Wayne Ellington,4.52%
1098,2013-2014,Josh McRoberts,4.52%
1099,2013-2014,Mo Williams,4.52%
1100,2013-2014,Eric Bledsoe,4.48%
1101,2013-2014,Nick Collison,4.41%
1102,2013-2014,Kemba Walker,4.38%
1103,2013-2014,DeMarre Carroll,4.36%
1104,2013-2014,Avery Bradley,4.28%
1105,2013-2014,Chauncey Billups,4.26%
1106,2013-2014,Jason Maxiell,4.26%
1107,2013-2014,Jason Smith,4.26%
1108,2013-2014,Andre Drummond,4.20%
1109,2013-2014,Trey Burke,4.16%
1110,2013-2014,Trevor Booker,4.01%
1111,2013-2014,Austin Rivers,3.99%
1112,2013-2014,Klay Thompson,3.95%
1113,2013-2014,C.J. McCollum,3.95%
1114,2013-2014,Quincy Pondexter,3.79%
1115,2013-2014,C.J. Miles,3.79%
1116,2013-2014,Meyers Leonard,3.79%
1117,2013-2014,Alec Burks,3.75%
1118,2013-2014,Michael Carter-Williams,3.75%
1119,2013-2014,Dante Cunningham,3.72%
1120,2013-2014,Jordan Crawford,3.69%
1121,2013-2014,Greivis Vasquez,3.66%
1122,2013-2014,Jeremy Lamb,3.60%
1123,2013-2014,Markieff Morris,3.56%
1124,2013-2014,Steven Adams,3.56%
1125,2013-2014,Brendan Haywood,3.49%
1126,2013-2014,Nate Robinson,3.44%
1127,2013-2014,C.J. Watson,3.44%
1128,2013-2014,Vitor Faverani,3.41%
1129,2013-2014,Jermaine O'Neal,3.41%
1130,2013-2014,Marcus Morris Sr.,3.39%
1131,2013-2014,Kelly Olynyk,3.39%
1132,2013-2014,John Henson,3.25%
1133,2013-2014,Darren Collison,3.24%
1134,2013-2014,Kawhi Leonard,3.22%
1135,2013-2014,Shabazz Muhammad,3.22%
1136,2013-2014,Maurice Harkless,3.08%
1137,2013-2014,Nikola Vucevic,3.06%
1138,2013-2014,Giannis Antetokounmpo,3.05%
1139,2013-2014,Jeff Ayres,2.98%
1140,2013-2014,Luigi Datome,2.98%
1141,2013-2014,Anthony Randolph,2.98%
1142,2013-2014,Iman Shumpert,2.90%
1143,2013-2014,Reggie Evans,2.89%
1144,2013-2014,Jeremy Evans,2.83%
1145,2013-2014,Tyler Zeller,2.78%
1146,2013-2014,Chris Singleton,2.76%
1147,2013-2014,Toney Douglas,2.73%
1148,2013-2014,John Lucas III,2.73%
1149,2013-2014,Pablo Prigioni,2.71%
1150,2013-2014,Terrence Jones,2.64%
1151,2013-2014,Jodie Meeks,2.64%
1152,2013-2014,Tobias Harris,2.63%
1153,2013-2014,Shane Larkin,2.62%
1154,2013-2014,Gustavo Ayon,2.56%
1155,2013-2014,James Jones,2.56%
1156,2013-2014,Miroslav Raduljica,2.56%
1157,2013-2014,Ronny Turiaf,2.56%
1158,2013-2014,Andrew Nicholson,2.53%
1159,2013-2014,Sergey Karasev,2.50%
1160,2013-2014,Nando De Colo,2.49%
1161,2013-2014,Evan Fournier,2.42%
1162,2013-2014,Donatas Motiejunas,2.42%
1163,2013-2014,Tony Snell,2.40%
1164,2013-2014,Chris Andersen,2.39%
1165,2013-2014,Willie Green,2.39%
1166,2013-2014,Rashard Lewis,2.39%
1167,2013-2014,Scotty Hopson,2.37%
1168,2013-2014,Andray Blatche,2.34%
1169,2013-2014,Kenneth Faried,2.33%
1170,2013-2014,Jared Sullinger,2.33%
1171,2013-2014,Gorgui Dieng,2.31%
1172,2013-2014,Dennis Schröder,2.30%
1173,2013-2014,Victor Claver,2.27%
1174,2013-2014,Mason Plumlee,2.21%
1175,2013-2014,Francisco Garcia,2.16%
1176,2013-2014,Devin Harris,2.16%
1177,2013-2014,Ronnie Price,2.16%
1178,2013-2014,Reggie Jackson,2.15%
1179,2013-2014,John Jenkins,2.15%
1180,2013-2014,Solomon Hill,2.12%
1181,2013-2014,MarShon Brooks,2.06%
1182,2013-2014,Pero Antic,2.05%
1183,2013-2014,Hasheem Thabeet,2.05%
1184,2013-2014,Tim Hardaway Jr.,2.04%
1185,2013-2014,Jordan Hamilton,1.99%
1186,2013-2014,Tony Wroten Jr.,1.98%
1187,2013-2014,Reggie Bullock,1.96%
1188,2013-2014,Patty Mills,1.93%
1189,2013-2014,Norris Cole,1.92%
1190,2013-2014,Miles Plumlee,1.91%
1191,2013-2014,Cory Joseph,1.91%
1192,2013-2014,Jimmy Butler,1.90%
1193,2013-2014,Nick Young,1.89%
1194,2013-2014,Arnett Moultrie,1.86%
1195,2013-2014,Perry Jones III,1.84%
1196,2013-2014,Rudy Gobert,1.84%
1197,2013-2014,Marquis Teague,1.83%
1198,2013-2014,Festus Ezeli,1.82%
1199,2013-2014,Archie Goodwin,1.81%
1200,2013-2014,Nemanja Nedovic,1.80%
1201,2013-2014,Kyle Singler,1.78%
1202,2013-2014,Anthony Morrow,1.75%
1203,2013-2014,Lance Stephenson,1.71%
1204,2013-2014,Caron Butler,1.70%
1205,2013-2014,Andrew Bynum,1.70%
1206,2013-2014,Ishmael Smith,1.62%
1207,2013-2014,Alan Anderson,1.62%
1208,2013-2014,Omri Casspi,1.62%
1209,2013-2014,Austin Daye,1.62%
1210,2013-2014,B.J. Mullens,1.62%
1211,2013-2014,Chandler Parsons,1.58%
1212,2013-2014,Jeff Adrien,1.56%
1213,2013-2014,James Anderson,1.56%
1214,2013-2014,Jon Leuer,1.53%
1215,2013-2014,Cole Aldrich,1.51%
1216,2013-2014,Michael Beasley,1.51%
1217,2013-2014,DeJaun Blair,1.51%
1218,2013-2014,Aaron Brooks,1.51%
1219,2013-2014,Rasual Butler,1.51%
1220,2013-2014,Jordan Farmar,1.51%
1221,2013-2014,Derek Fisher,1.51%
1222,2013-2014,Josh Harrellson,1.51%
1223,2013-2014,Al Harrington,1.51%
1224,2013-2014,Xavier Henry,1.51%
1225,2013-2014,Ryan Hollins,1.51%
1226,2013-2014,Wesley Johnson,1.51%
1227,2013-2014,Shaun Livingston,1.51%
1228,2013-2014,Shelvin Mack,1.51%
1229,2013-2014,Kenyon Martin,1.51%
1230,2013-2014,Mike Miller,1.51%
1231,2013-2014,Nazr Mohammed,1.51%
1232,2013-2014,E'Twaun Moore,1.51%
1233,2013-2014,Greg Oden,1.51%
1234,2013-2014,Jannero Pargo,1.51%
1235,2013-2014,Donald Sloan,1.51%
1236,2013-2014,Julyan Stone,1.51%
1237,2013-2014,Garrett Temple,1.51%
1238,2013-2014,Isaiah Thomas,1.51%
1239,2013-2014,Anthony Tolliver,1.51%
1240,2013-2014,P.J. Tucker,1.51%
1241,2013-2014,Beno Udrih,1.51%
1242,2013-2014,Earl Watson,1.51%
1243,2013-2014,Draymond Green,1.49%
1244,2013-2014,Allen Crabbe,1.41%
1245,2013-2014,Elliot Williams,1.36%
1246,2013-2014,Quincy Acy,1.34%
1247,2013-2014,Will Barton,1.34%
1248,2013-2014,Aron Baynes,1.34%
1249,2013-2014,Kent Bazemore,1.34%
1250,2013-2014,Patrick Beverley,1.34%
1251,2013-2014,Jae Crowder,1.34%
1252,2013-2014,Bernard James,1.34%
1253,2013-2014,Doron Lamb,1.34%
1254,2013-2014,Khris Middleton,1.34%
1255,2013-2014,Darius Miller,1.34%
1256,2013-2014,Quincy Miller,1.34%
1257,2013-2014,Kyle O'Quinn,1.34%
1258,2013-2014,Brian Roberts,1.34%
1259,2013-2014,Robert Sacre,1.34%
1260,2013-2014,Mike Scott,1.34%
1261,2013-2014,Henry Sims,1.34%
1262,2013-2014,Jeff Taylor,1.34%
1263,2013-2014,Hedo Turkoglu,1.28%
1264,2013-2014,Andre Roberson,1.26%
1265,2013-2014,Diante Garrett,1.23%
1266,2013-2014,Chris Douglas-Roberts,1.21%
1267,2013-2014,Malcolm Thomas,1.20%
1268,2013-2014,Dwight Buycks,1.19%
1269,2013-2014,D.J. Augustin,1.11%
1270,2013-2014,Alexis Ajinca,1.08%
1271,2013-2014,James Johnson,1.08%
1272,2013-2014,Isaiah Canaan,0.97%
1273,2013-2014,Jeremy Tyler,0.95%
1274,2013-2014,Kendall Marshall,0.93%
1275,2013-2014,Ricky Ledo,0.93%
1276,2013-2014,Jamaal Franklin,0.91%
1277,2013-2014,Ray McCallum,0.89%
1278,2013-2014,Carrick Felix,0.87%
1279,2013-2014,Tony Mitchell,0.85%
1280,2013-2014,Nate Wolters,0.85%
1281,2013-2014,Nick Calathes,0.84%
1282,2013-2014,Dionte Christmas,0.84%
1283,2013-2014,Ian Clark,0.84%
1284,2013-2014,Robert Covington,0.84%
1285,2013-2014,Brandon Davies,0.84%
1286,2013-2014,Matthew Dellavedova,0.84%
1287,2013-2014,Robbie Hummel,0.84%
1288,2013-2014,Ryan Kelly,0.84%
1289,2013-2014,Ognjen Kuzmic,0.84%
1290,2013-2014,Gal Mekel,0.84%
1291,2013-2014,Erik Murphy,0.84%
1292,2013-2014,Toure Murry,0.84%
1293,2013-2014,Phil Pressey,0.84%
1294,2013-2014,Glen Rice Jr.,0.84%
1295,2013-2014,Peyton Siva,0.84%
1296,2013-2014,Hollis Thompson,0.84%
1297,2013-2014,Jeff Withey,0.84%
1298,2013-2014,Leandro Barbosa,0.70%
1299,2013-2014,Luke Babbitt,0.66%
1300,2013-2014,Danny Granger,0.61%
1301,2013-2014,Glen Davis,0.58%
1302,2013-2014,Cartier Martin,0.57%
1303,2013-2014,Christapher Johnson,0.55%
1304,2013-2014,Shavlik Randolph,0.52%
1305,2013-2014,Dewayne Dedmon,0.51%
1306,2013-2014,Jason Collins,0.46%
1307,2013-2014,Jimmer Fredette,0.41%
1308,2013-2014,Shannon Brown,0.33%
1309,2013-2014,Jarvis Varnado,0.29%
1310,2013-2014,Mike Muscala,0.28%
1311,2013-2014,Troy Daniels,0.27%
1312,2013-2014,Drew Gooden,0.27%
1313,2013-2014,Willie Reed,0.17%
1314,2013-2014,Justin Hamilton,0.17%
1315,2013-2014,Chris Babb,0.13%
1316,2013-2014,Ronnie Brewer,0.12%
1317,2013-2014,Jorge Gutierrez,0.10%
1318,2013-2014,Mike James,0.10%
1319,2013-2014,Louis Amundson,0.08%
1320,2013-2014,Othyus Jeffers,0.08%
1321,2013-2014,Hilton Armstrong,0.07%
1322,2013-2014,Dexter Pittman,0.06%
1323,2013-2014,D.J. White,0.06%
1324,2013-2014,Jared Cunningham,0.06%
1325,2013-2014,Melvin Ely,0.05%
1326,2013-2014,Grant Jerrett,0.05%
1327,2013-2014,Damion James,0.04%
1328,2013-2014,James Southerland,0.03%
1329,2013-2014,Greg Smith,0.03%
1330,2013-2014,Josh Powell,0.02%
1331,2013-2014,Chris Wright,0.02%
1332,2013-2014,Casper Ware,0.01%
1333,2013-2014,Lamar Odom,0.01%
1334,2014-2015,Kobe Bryant,37.26%
1335,2014-2015,Joe Johnson,36.76%
1336,2014-2015,Carmelo Anthony,35.61%
1337,2014-2015,Dwight Howard,33.99%
1338,2014-2015,Chris Bosh,32.74%
1339,2014-2015,LeBron James,32.74%
1340,2014-2015,Chris Paul,31.82%
1341,2014-2015,Deron Williams,31.32%
1342,2014-2015,Rudy Gay,30.63%
1343,2014-2015,Kevin Durant,30.12%
1344,2014-2015,Derrick Rose,29.91%
1345,2014-2015,Blake Griffin,28.03%
1346,2014-2015,Zach Randolph,26.16%
1347,2014-2015,LaMarcus Aldridge,25.78%
1348,2014-2015,Paul George,25.25%
1349,2014-2015,Marc Gasol,25.10%
1350,2014-2015,Brook Lopez,24.93%
1351,2014-2015,Kevin Love,24.93%
1352,2014-2015,Russell Westbrook,24.93%
1353,2014-2015,David Lee,23.80%
1354,2014-2015,Dwyane Wade,23.79%
1355,2014-2015,Eric Gordon,23.62%
1356,2014-2015,Roy Hibbert,23.62%
1357,2014-2015,Tyson Chandler,23.54%
1358,2014-2015,DeMarcus Cousins,23.38%
1359,2014-2015,Gordon Hayward,23.38%
1360,2014-2015,John Wall,23.38%
1361,2014-2015,James Harden,23.36%
1362,2014-2015,Chandler Parsons,23.31%
1363,2014-2015,Al Jefferson,21.41%
1364,2014-2015,Eric Bledsoe,20.61%
1365,2014-2015,Nene Hilario,20.61%
1366,2014-2015,Andrew Bogut,20.57%
1367,2014-2015,Derrick Favors,20.53%
1368,2014-2015,Rajon Rondo,20.47%
1369,2014-2015,Joakim Noah,20.14%
1370,2014-2015,Nicolas Batum,20.07%
1371,2014-2015,Tony Parker,19.82%
1372,2014-2015,Serge Ibaka,19.58%
1373,2014-2015,Andre Iguodala,19.49%
1374,2014-2015,Nikola Pekovic,19.19%
1375,2014-2015,Kevin Garnett,19.03%
1376,2014-2015,Al Horford,19.03%
1377,2014-2015,Kyle Lowry,19.03%
1378,2014-2015,David West,19.03%
1379,2014-2015,Ty Lawson,18.39%
1380,2014-2015,Andrea Bargnani,18.24%
1381,2014-2015,DeAndre Jordan,18.14%
1382,2014-2015,Tyreke Evans,17.86%
1383,2014-2015,Danilo Gallinari,17.21%
1384,2014-2015,Stephen Curry,16.85%
1385,2014-2015,Marcin Gortat,16.55%
1386,2014-2015,Tim Duncan,16.43%
1387,2014-2015,Gerald Wallace,16.02%
1388,2014-2015,DeMar DeRozan,16.02%
1389,2014-2015,Jrue Holiday,15.71%
1390,2014-2015,Luol Deng,15.40%
1391,2014-2015,Anderson Varejao,15.39%
1392,2014-2015,Thaddeus Young,15.32%
1393,2014-2015,Paul Millsap,15.06%
1394,2014-2015,Tiago Splitter,14.67%
1395,2014-2015,Jeff Green,14.59%
1396,2014-2015,Jordan Hill,14.27%
1397,2014-2015,Lance Stephenson,14.27%
1398,2014-2015,Mike Conley,13.79%
1399,2014-2015,Trevor Ariza,13.60%
1400,2014-2015,Channing Frye,13.60%
1401,2014-2015,Marcus Thornton,13.60%
1402,2014-2015,Ryan Anderson,13.46%
1403,2014-2015,Omer Asik,13.28%
1404,2014-2015,Jeremy Lin,13.28%
1405,2014-2015,Monta Ellis,13.26%
1406,2014-2015,Boris Diaw,12.69%
1407,2014-2015,Taj Gibson,12.69%
1408,2014-2015,George Hill,12.69%
1409,2014-2015,Brandon Jennings,12.69%
1410,2014-2015,O.J. Mayo,12.69%
1411,2014-2015,Jeff Teague,12.69%
1412,2014-2015,Dirk Nowitzki,12.64%
1413,2014-2015,Ersan Ilyasova,12.53%
1414,2014-2015,Arron Afflalo,12.29%
1415,2014-2015,Tayshaun Prince,12.22%
1416,2014-2015,Goran Dragic,11.89%
1417,2014-2015,Wesley Matthews,11.49%
1418,2014-2015,Isaiah Thomas,11.48%
1419,2014-2015,Avery Bradley,11.40%
1420,2014-2015,Pau Gasol,11.30%
1421,2014-2015,Jose Calderon,11.25%
1422,2014-2015,Kyrie Irving,11.21%
1423,2014-2015,Manu Ginobili,11.10%
1424,2014-2015,Amir Johnson,11.10%
1425,2014-2015,Marvin Williams,11.10%
1426,2014-2015,Brandon Bass,10.94%
1427,2014-2015,Kevin Martin,10.77%
1428,2014-2015,J.J. Redick,10.77%
1429,2014-2015,Wilson Chandler,10.72%
1430,2014-2015,Jason Richardson,10.47%
1431,2014-2015,J.R. Smith,10.33%
1432,2014-2015,Carl Landry,10.31%
1433,2014-2015,Greivis Vasquez,10.15%
1434,2014-2015,Derrick Williams,10.04%
1435,2014-2015,Jarrett Jack,9.99%
1436,2014-2015,Kyle Korver,9.92%
1437,2014-2015,Landry Fields,9.91%
1438,2014-2015,Robin Lopez,9.71%
1439,2014-2015,Jason Thompson,9.57%
1440,2014-2015,Gerald Henderson,9.51%
1441,2014-2015,Jodie Meeks,9.51%
1442,2014-2015,Chuck Hayes,9.45%
1443,2014-2015,Spencer Hawes,9.31%
1444,2014-2015,Jason Terry,9.28%
1445,2014-2015,Patrick Patterson,9.25%
1446,2014-2015,P.J. Tucker,9.04%
1447,2014-2015,Enes Freedom,9.03%
1448,2014-2015,Anthony Davis,8.89%
1449,2014-2015,Anthony Bennett,8.82%
1450,2014-2015,Andrew Wiggins,8.74%
1451,2014-2015,Greg Monroe,8.69%
1452,2014-2015,Jamal Crawford,8.64%
1453,2014-2015,Courtney Lee,8.64%
1454,2014-2015,Louis Williams,8.64%
1455,2014-2015,J.J Hickson,8.53%
1456,2014-2015,Martell Webster,8.53%
1457,2014-2015,Chris Andersen,8.52%
1458,2014-2015,Shaun Livingston,8.41%
1459,2014-2015,Josh McRoberts,8.41%
1460,2014-2015,Nikola Mirotic,8.41%
1461,2014-2015,Paul Pierce,8.41%
1462,2014-2015,Zaza Pachulia,8.25%
1463,2014-2015,Tristan Thompson,8.15%
1464,2014-2015,Michael Kidd-Gilchrist,7.96%
1465,2014-2015,Trevor Booker,7.93%
1466,2014-2015,Chase Budinger,7.93%
1467,2014-2015,Brandan Wright,7.93%
1468,2014-2015,Nick Young,7.92%
1469,2014-2015,Victor Oladipo,7.89%
1470,2014-2015,Jabari Parker,7.82%
1471,2014-2015,Luis Scola,7.72%
1472,2014-2015,Tony Allen,7.66%
1473,2014-2015,Chris Kaman,7.61%
1474,2014-2015,Darren Collison,7.61%
1475,2014-2015,Kostas Papanikolaou,7.61%
1476,2014-2015,Corey Brewer,7.46%
1477,2014-2015,Ricky Rubio,7.39%
1478,2014-2015,Timofey Mozgov,7.37%
1479,2014-2015,Andre Miller,7.33%
1480,2014-2015,Bradley Beal,7.14%
1481,2014-2015,Caron Butler,7.14%
1482,2014-2015,Ben Gordon,7.14%
1483,2014-2015,Jonas Jerebko,7.14%
1484,2014-2015,Otto Porter Jr.,7.09%
1485,2014-2015,Joel Embiid,7.02%
1486,2014-2015,Luc Richard Mbah a Moute,6.95%
1487,2014-2015,Jared Dudley,6.74%
1488,2014-2015,Kris Humphries,6.74%
1489,2014-2015,C.J. Miles,6.67%
1490,2014-2015,Thabo Sefolosha,6.58%
1491,2014-2015,Dion Waiters,6.44%
1492,2014-2015,Cody Zeller,6.39%
1493,2014-2015,Danny Green,6.38%
1494,2014-2015,Mario Chalmers,6.34%
1495,2014-2015,Ian Mahinmi,6.34%
1496,2014-2015,Travis Outlaw,6.34%
1497,2014-2015,Aaron Gordon,6.33%
1498,2014-2015,Mo Williams,6.29%
1499,2014-2015,Vince Carter,6.20%
1500,2014-2015,Kevin Seraphin,6.18%
1501,2014-2015,Devin Harris,6.15%
1502,2014-2015,Bismack Biyombo,6.14%
1503,2014-2015,Patty Mills,6.09%
1504,2014-2015,Joel Anthony,6.03%
1505,2014-2015,Raymond Felton,6.02%
1506,2014-2015,Thomas Robinson,5.83%
1507,2014-2015,Jonas Valanciunas,5.83%
1508,2014-2015,Marreese Speights,5.80%
1509,2014-2015,Alex Len,5.79%
1510,2014-2015,Dante Exum,5.73%
1511,2014-2015,Brandon Knight,5.64%
1512,2014-2015,Gerald Green,5.55%
1513,2014-2015,Darrell Arthur,5.48%
1514,2014-2015,Steve Novak,5.46%
1515,2014-2015,Matt Barnes,5.39%
1516,2014-2015,Mirza Teletovic,5.34%
1517,2014-2015,Damian Lillard,5.30%
1518,2014-2015,Mike Scott,5.29%
1519,2014-2015,Mike Dunleavy,5.27%
1520,2014-2015,Tyler Hansbrough,5.27%
1521,2014-2015,Nerlens Noel,5.26%
1522,2014-2015,Marcus Smart,5.21%
1523,2014-2015,Alexey Shved,5.20%
1524,2014-2015,Bojan Bogdanovic,5.20%
1525,2014-2015,Jason Smith,5.20%
1526,2014-2015,Evan Turner,5.20%
1527,2014-2015,Kemba Walker,5.19%
1528,2014-2015,Carlos Boozer,5.16%
1529,2014-2015,Gary Neal,5.15%
1530,2014-2015,Anthony Morrow,5.07%
1531,2014-2015,Quincy Pondexter,4.99%
1532,2014-2015,Chris Copeland,4.97%
1533,2014-2015,Dorell Wright,4.97%
1534,2014-2015,Klay Thompson,4.88%
1535,2014-2015,Harrison Barnes,4.84%
1536,2014-2015,Alec Burks,4.81%
1537,2014-2015,Ben McLemore,4.80%
1538,2014-2015,Joel Freeland,4.78%
1539,2014-2015,D.J. Augustin,4.76%
1540,2014-2015,Jerryd Bayless,4.76%
1541,2014-2015,Randy Foye,4.76%
1542,2014-2015,Kosta Koufos,4.76%
1543,2014-2015,Anthony Tolliver,4.76%
1544,2014-2015,Julius Randle,4.75%
1545,2014-2015,Markieff Morris,4.74%
1546,2014-2015,Furkan Aldemir,4.70%
1547,2014-2015,Marcus Morris Sr.,4.67%
1548,2014-2015,Kawhi Leonard,4.59%
1549,2014-2015,Marco Belinelli,4.56%
1550,2014-2015,Terrence Ross,4.43%
1551,2014-2015,Kentavious Caldwell-Pope,4.40%
1552,2014-2015,Nikola Vucevic,4.36%
1553,2014-2015,Luke Ridnour,4.36%
1554,2014-2015,Nik Stauskas,4.35%
1555,2014-2015,Udonis Haslem,4.33%
1556,2014-2015,Kirk Hinrich,4.33%
1557,2014-2015,Mike Miller,4.33%
1558,2014-2015,Jameer Nelson,4.33%
1559,2014-2015,Brian Roberts,4.33%
1560,2014-2015,Iman Shumpert,4.15%
1561,2014-2015,Andre Drummond,4.07%
1562,2014-2015,Trey Burke,4.04%
1563,2014-2015,Noah Vonleh,4.00%
1564,2014-2015,James Johnson,3.96%
1565,2014-2015,DeMarre Carroll,3.87%
1566,2014-2015,Austin Rivers,3.87%
1567,2014-2015,Shelvin Mack,3.86%
1568,2014-2015,C.J. McCollum,3.84%
1569,2014-2015,Elfrid Payton,3.80%
1570,2014-2015,Tobias Harris,3.77%
1571,2014-2015,Meyers Leonard,3.68%
1572,2014-2015,Michael Carter-Williams,3.65%
1573,2014-2015,Doug McDermott,3.61%
1574,2014-2015,Kenneth Faried,3.57%
1575,2014-2015,Nick Collison,3.56%
1576,2014-2015,Brendan Haywood,3.51%
1577,2014-2015,Reggie Jackson,3.50%
1578,2014-2015,Jeremy Lamb,3.49%
1579,2014-2015,Steven Adams,3.46%
1580,2014-2015,Aron Baynes,3.29%
1581,2014-2015,Steve Blake,3.29%
1582,2014-2015,Danny Granger,3.29%
1583,2014-2015,Ramon Sessions,3.29%
1584,2014-2015,Josh Smith,3.29%
1585,2014-2015,Beno Udrih,3.29%
1586,2014-2015,C.J. Watson,3.29%
1587,2014-2015,Kelly Olynyk,3.29%
1588,2014-2015,Zach LaVine,3.26%
1589,2014-2015,Norris Cole,3.23%
1590,2014-2015,Cory Joseph,3.21%
1591,2014-2015,Jimmy Butler,3.19%
1592,2014-2015,Kent Bazemore,3.17%
1593,2014-2015,DeJaun Blair,3.17%
1594,2014-2015,Elton Brand,3.17%
1595,2014-2015,Shabazz Muhammad,3.13%
1596,2014-2015,John Henson,3.12%
1597,2014-2015,T.J. Warren,3.10%
1598,2014-2015,Maurice Harkless,2.99%
1599,2014-2015,Giannis Antetokounmpo,2.97%
1600,2014-2015,Adreian Payne,2.94%
1601,2014-2015,Jeff Ayres,2.90%
1602,2014-2015,Jeremy Evans,2.85%
1603,2014-2015,Joffrey Lauvergne,2.84%
1604,2014-2015,Reggie Evans,2.80%
1605,2014-2015,Lucas Nogueira,2.80%
1606,2014-2015,Jusuf Nurkic,2.80%
1607,2014-2015,Luigi Datome,2.77%
1608,2014-2015,Zoran Dragic,2.71%
1609,2014-2015,Tyler Zeller,2.70%
1610,2014-2015,Dennis Schröder,2.68%
1611,2014-2015,James Young,2.66%
1612,2014-2015,Pablo Prigioni,2.64%
1613,2014-2015,Ryan Kelly,2.62%
1614,2014-2015,Terrence Jones,2.57%
1615,2014-2015,Shane Larkin,2.55%
1616,2014-2015,Tyler Ennis,2.52%
1617,2014-2015,Andrew Nicholson,2.45%
1618,2014-2015,Sergey Karasev,2.43%
1619,2014-2015,Gary Harris,2.41%
1620,2014-2015,Ronny Turiaf,2.38%
1621,2014-2015,Evan Fournier,2.35%
1622,2014-2015,Donatas Motiejunas,2.35%
1623,2014-2015,Tony Snell,2.33%
1624,2014-2015,Bruno Caboclo,2.31%
1625,2014-2015,Willie Green,2.30%
1626,2014-2015,Jared Sullinger,2.26%
1627,2014-2015,Gorgui Dieng,2.24%
1628,2014-2015,Mitch McGary,2.22%
1629,2014-2015,Mason Plumlee,2.15%
1630,2014-2015,Jordan Adams,2.13%
1631,2014-2015,John Jenkins,2.08%
1632,2014-2015,Solomon Hill,2.07%
1633,2014-2015,Rodney Hood,2.05%
1634,2014-2015,Alan Anderson,2.02%
1635,2014-2015,Tim Hardaway Jr.,1.98%
1636,2014-2015,Pero Antic,1.98%
1637,2014-2015,Shabazz Napier,1.96%
1638,2014-2015,Shawne Williams,1.95%
1639,2014-2015,Tony Wroten Jr.,1.92%
1640,2014-2015,Reggie Bullock,1.90%
1641,2014-2015,Clint Capela,1.89%
1642,2014-2015,Miles Plumlee,1.86%
1643,2014-2015,Andre Roberson,1.84%
1644,2014-2015,P.J. Hairston,1.82%
1645,2014-2015,Cartier Martin,1.82%
1646,2014-2015,Brandon Rush,1.82%
1647,2014-2015,Perry Jones III,1.79%
1648,2014-2015,Rudy Gobert,1.79%
1649,2014-2015,Festus Ezeli,1.76%
1650,2014-2015,Archie Goodwin,1.76%
1651,2014-2015,C.J. Wilcox,1.76%
1652,2014-2015,Damjan Rudez,1.74%
1653,2014-2015,Kyle Anderson,1.73%
1654,2014-2015,Kyle Singler,1.73%
1655,2014-2015,Robert Covington,1.59%
1656,2014-2015,Alexis Ajinca,1.56%
1657,2014-2015,Al-Farouq Aminu,1.56%
1658,2014-2015,Luke Babbitt,1.56%
1659,2014-2015,Ed Davis,1.56%
1660,2014-2015,Garrett Temple,1.56%
1661,2014-2015,Jon Leuer,1.53%
1662,2014-2015,Joey Dorsey,1.50%
1663,2014-2015,E'Twaun Moore,1.50%
1664,2014-2015,Donald Sloan,1.50%
1665,2014-2015,Greg Smith,1.50%
1666,2014-2015,Quincy Acy,1.45%
1667,2014-2015,Cole Aldrich,1.45%
1668,2014-2015,LaVoy Allen,1.45%
1669,2014-2015,Leandro Barbosa,1.45%
1670,2014-2015,Will Barton,1.45%
1671,2014-2015,Patrick Beverley,1.45%
1672,2014-2015,Matt Bonner,1.45%
1673,2014-2015,Aaron Brooks,1.45%
1674,2014-2015,Rasual Butler,1.45%
1675,2014-2015,Omri Casspi,1.45%
1676,2014-2015,Jae Crowder,1.45%
1677,2014-2015,Glen Davis,1.45%
1678,2014-2015,Wayne Ellington,1.45%
1679,2014-2015,Jimmer Fredette,1.45%
1680,2014-2015,Alonzo Gee,1.45%
1681,2014-2015,Drew Gooden,1.45%
1682,2014-2015,Draymond Green,1.45%
1683,2014-2015,Ryan Hollins,1.45%
1684,2014-2015,Richard Jefferson,1.45%
1685,2014-2015,Wesley Johnson,1.45%
1686,2014-2015,James Jones,1.45%
1687,2014-2015,Shawn Marion,1.45%
1688,2014-2015,Jason Maxiell,1.45%
1689,2014-2015,Khris Middleton,1.45%
1690,2014-2015,Nazr Mohammed,1.45%
1691,2014-2015,Kyle O'Quinn,1.45%
1692,2014-2015,Ronnie Price,1.45%
1693,2014-2015,Robert Sacre,1.45%
1694,2014-2015,Henry Sims,1.45%
1695,2014-2015,Greg Stiemsma,1.45%
1696,2014-2015,Rodney Stuckey,1.45%
1697,2014-2015,Jeff Taylor,1.45%
1698,2014-2015,Hedo Turkoglu,1.45%
1699,2014-2015,Ekpe Udoh,1.45%
1700,2014-2015,Charlie Villanueva,1.45%
1701,2014-2015,Jose Barea,1.44%
1702,2014-2015,Jerami Grant,1.40%
1703,2014-2015,Joe Harris,1.40%
1704,2014-2015,Roy Devyn Marble,1.40%
1705,2014-2015,Robbie Hummel,1.40%
1706,2014-2015,Allen Crabbe,1.37%
1707,2014-2015,Ishmael Smith,1.37%
1708,2014-2015,Damien Inglis,1.30%
1709,2014-2015,Nick Calathes,1.29%
1710,2014-2015,Isaiah Canaan,1.29%
1711,2014-2015,Ian Clark,1.29%
1712,2014-2015,Troy Daniels,1.29%
1713,2014-2015,Dewayne Dedmon,1.29%
1714,2014-2015,Matthew Dellavedova,1.29%
1715,2014-2015,Justin Hamilton,1.29%
1716,2014-2015,Justin Holiday,1.29%
1717,2014-2015,Grant Jerrett,1.29%
1718,2014-2015,Jerome Jordan,1.29%
1719,2014-2015,Ognjen Kuzmic,1.29%
1720,2014-2015,Ray McCallum,1.29%
1721,2014-2015,Mike Muscala,1.29%
1722,2014-2015,Phil Pressey,1.29%
1723,2014-2015,Hollis Thompson,1.29%
1724,2014-2015,Jeff Withey,1.29%
1725,2014-2015,Hassan Whiteside,1.22%
1726,2014-2015,Jarnell Stokes,1.15%
1727,2014-2015,Dante Cunningham,1.14%
1728,2014-2015,Darius Morris,1.11%
1729,2014-2015,Spencer Dinwiddie,1.11%
1730,2014-2015,Johnny O'Bryant,0.95%
1731,2014-2015,Cameron Bairstow,0.80%
1732,2014-2015,Tarik Black,0.80%
1733,2014-2015,Markel Brown,0.80%
1734,2014-2015,Jordan Clarkson,0.80%
1735,2014-2015,Cleanthony Early,0.80%
1736,2014-2015,James Ennis III,0.80%
1737,2014-2015,Erick Green,0.80%
1738,2014-2015,Joe Ingles,0.80%
1739,2014-2015,Cory Jefferson,0.80%
1740,2014-2015,Nick Johnson,0.80%
1741,2014-2015,K.J. McDaniels,0.80%
1742,2014-2015,Eric Moreland,0.80%
1743,2014-2015,Dwight Powell,0.80%
1744,2014-2015,Glenn Robinson III,0.80%
1745,2014-2015,JaKarr Sampson,0.80%
1746,2014-2015,Russ Smith,0.80%
1747,2014-2015,Travis Wear,0.80%
1748,2014-2015,Shayne Whittington,0.80%
1749,2014-2015,Louis Amundson,0.65%
1750,2014-2015,Lance Thomas,0.65%
1751,2014-2015,Dahntay Jones,0.61%
1752,2014-2015,Reggie Williams,0.55%
1753,2014-2015,Amar'e Stoudemire,0.49%
1754,2014-2015,Kendrick Perkins,0.44%
1755,2014-2015,John Lucas III,0.43%
1756,2014-2015,Lorenzo Brown,0.43%
1757,2014-2015,Elijah Millsap,0.38%
1758,2014-2015,Bernard James,0.38%
1759,2014-2015,Langston Galloway,0.37%
1760,2014-2015,Tyler Johnson,0.32%
1761,2014-2015,Henry Walker,0.31%
1762,2014-2015,Michael Beasley,0.31%
1763,2014-2015,Earl Barron,0.29%
1764,2014-2015,Quincy Miller,0.29%
1765,2014-2015,James McAdoo,0.27%
1766,2014-2015,Jordan Hamilton,0.24%
1767,2014-2015,Toney Douglas,0.23%
1768,2014-2015,JaMychal Green,0.21%
1769,2014-2015,Christapher Johnson,0.18%
1770,2014-2015,Bryce Cotton,0.15%
1771,2014-2015,Will Bynum,0.11%
1772,2014-2015,Jack Cooley,0.10%
1773,2014-2015,Earl Clark,0.10%
1774,2014-2015,Austin Daye,0.10%
1775,2014-2015,Tim Frazier,0.08%
1776,2014-2015,Chris Babb,0.08%
1777,2014-2015,Jabari Brown,0.07%
1778,2014-2015,Jorge Gutierrez,0.07%
1779,2014-2015,Arinze Onuaku,0.07%
1780,2014-2015,Ricky Ledo,0.06%
1781,2014-2015,Lester Hudson,0.04%
1782,2014-2015,Jerel McNeal,0.04%
1783,2014-2015,Jamaal Franklin,0.03%
1784,2014-2015,Vander Blue,0.02%
1785,2014-2015,David Stockton,0.02%
1786,2015-2016,Kobe Bryant,35.71%
1787,2015-2016,LeBron James,32.82%
1788,2015-2016,Carmelo Anthony,32.68%
1789,2015-2016,Dwight Howard,31.94%
1790,2015-2016,Chris Bosh,31.70%
1791,2015-2016,Chris Paul,30.67%
1792,2015-2016,Kevin Durant,28.80%
1793,2015-2016,Derrick Rose,28.70%
1794,2015-2016,Dwyane Wade,28.57%
1795,2015-2016,LaMarcus Aldridge,28.13%
1796,2015-2016,Marc Gasol,28.13%
1797,2015-2016,DeAndre Jordan,28.13%
1798,2015-2016,Brook Lopez,28.13%
1799,2015-2016,Kevin Love,28.13%
1800,2015-2016,Blake Griffin,27.01%
1801,2015-2016,Paul Millsap,26.67%
1802,2015-2016,Paul George,24.46%
1803,2015-2016,Russell Westbrook,23.92%
1804,2015-2016,Jimmy Butler,23.44%
1805,2015-2016,Enes Freedom,23.44%
1806,2015-2016,Kyrie Irving,23.44%
1807,2015-2016,Kawhi Leonard,23.44%
1808,2015-2016,Wesley Matthews,23.44%
1809,2015-2016,Greg Monroe,23.44%
1810,2015-2016,Tobias Harris,22.86%
1811,2015-2016,DeMarcus Cousins,22.65%
1812,2015-2016,John Wall,22.65%
1813,2015-2016,James Harden,22.51%
1814,2015-2016,Roy Hibbert,22.27%
1815,2015-2016,Eric Gordon,22.16%
1816,2015-2016,Klay Thompson,22.14%
1817,2015-2016,Gordon Hayward,22.01%
1818,2015-2016,Chandler Parsons,21.95%
1819,2015-2016,Goran Dragic,21.12%
1820,2015-2016,Khris Middleton,21.00%
1821,2015-2016,Draymond Green,20.37%
1822,2015-2016,Tristan Thompson,20.37%
1823,2015-2016,Danilo Gallinari,20.00%
1824,2015-2016,Reggie Jackson,19.88%
1825,2015-2016,Andrew Bogut,19.71%
1826,2015-2016,DeMarre Carroll,19.43%
1827,2015-2016,Eric Bledsoe,19.29%
1828,2015-2016,Al Jefferson,19.29%
1829,2015-2016,Brandon Knight,19.29%
1830,2015-2016,Tony Parker,19.20%
1831,2015-2016,Joakim Noah,19.14%
1832,2015-2016,Nicolas Batum,18.75%
1833,2015-2016,Tyson Chandler,18.57%
1834,2015-2016,Nene Hilario,18.57%
1835,2015-2016,Ricky Rubio,18.14%
1836,2015-2016,Robin Lopez,18.07%
1837,2015-2016,Rudy Gay,17.72%
1838,2015-2016,Serge Ibaka,17.50%
1839,2015-2016,Nikola Pekovic,17.29%
1840,2015-2016,Derrick Favors,17.14%
1841,2015-2016,Al Horford,17.14%
1842,2015-2016,Amir Johnson,17.14%
1843,2015-2016,Kyle Lowry,17.14%
1844,2015-2016,Kemba Walker,17.14%
1845,2015-2016,Andre Iguodala,16.73%
1846,2015-2016,Stephen Curry,16.24%
1847,2015-2016,Nikola Vucevic,16.07%
1848,2015-2016,Kenneth Faried,16.05%
1849,2015-2016,Thaddeus Young,16.05%
1850,2015-2016,Marcin Gortat,16.02%
1851,2015-2016,Tyreke Evans,15.34%
1852,2015-2016,Jrue Holiday,15.14%
1853,2015-2016,Wilson Chandler,14.93%
1854,2015-2016,Monta Ellis,14.71%
1855,2015-2016,Luol Deng,14.50%
1856,2015-2016,DeMar DeRozan,14.50%
1857,2015-2016,Danny Green,14.29%
1858,2015-2016,Zach Randolph,13.77%
1859,2015-2016,Mike Conley,13.70%
1860,2015-2016,Rajon Rondo,13.57%
1861,2015-2016,Alec Burks,13.52%
1862,2015-2016,Jeff Green,13.29%
1863,2015-2016,Omer Asik,13.16%
1864,2015-2016,Lance Stephenson,12.86%
1865,2015-2016,Iman Shumpert,12.84%
1866,2015-2016,Tiago Splitter,12.57%
1867,2015-2016,Ryan Anderson,12.14%
1868,2015-2016,Kevin Garnett,12.14%
1869,2015-2016,Taj Gibson,12.14%
1870,2015-2016,Brandon Jennings,11.92%
1871,2015-2016,Dirk Nowitzki,11.90%
1872,2015-2016,Corey Brewer,11.76%
1873,2015-2016,Trevor Ariza,11.70%
1874,2015-2016,Channing Frye,11.70%
1875,2015-2016,Al-Farouq Aminu,11.49%
1876,2015-2016,Arron Afflalo,11.43%
1877,2015-2016,George Hill,11.43%
1878,2015-2016,O.J. Mayo,11.43%
1879,2015-2016,Markieff Morris,11.43%
1880,2015-2016,Jeff Teague,11.43%
1881,2015-2016,Ersan Ilyasova,11.29%
1882,2015-2016,Avery Bradley,11.04%
1883,2015-2016,Kosta Koufos,11.00%
1884,2015-2016,Boris Diaw,10.71%
1885,2015-2016,Pau Gasol,10.64%
1886,2015-2016,Jose Calderon,10.58%
1887,2015-2016,J.J. Redick,10.12%
1888,2015-2016,Anthony Davis,10.10%
1889,2015-2016,Cory Joseph,10.00%
1890,2015-2016,Rodney Stuckey,10.00%
1891,2015-2016,Louis Williams,10.00%
1892,2015-2016,Marvin Williams,10.00%
1893,2015-2016,Ed Davis,9.97%
1894,2015-2016,Isaiah Thomas,9.88%
1895,2015-2016,Jae Crowder,9.71%
1896,2015-2016,Greivis Vasquez,9.43%
1897,2015-2016,Aron Baynes,9.29%
1898,2015-2016,Carl Landry,9.29%
1899,2015-2016,Patrick Beverley,9.27%
1900,2015-2016,Michael Kidd-Gilchrist,9.04%
1901,2015-2016,Jarrett Jack,9.00%
1902,2015-2016,Jodie Meeks,8.96%
1903,2015-2016,Patrick Patterson,8.96%
1904,2015-2016,Spencer Hawes,8.73%
1905,2015-2016,Marco Belinelli,8.66%
1906,2015-2016,Tim Duncan,8.57%
1907,2015-2016,Gerald Henderson,8.57%
1908,2015-2016,Andrew Wiggins,8.23%
1909,2015-2016,Kyle Korver,8.21%
1910,2015-2016,Karl-Anthony Towns,8.15%
1911,2015-2016,Bradley Beal,8.14%
1912,2015-2016,Jamal Crawford,8.11%
1913,2015-2016,Courtney Lee,8.11%
1914,2015-2016,Shaun Livingston,7.92%
1915,2015-2016,Josh McRoberts,7.92%
1916,2015-2016,Nikola Mirotic,7.92%
1917,2015-2016,Mirza Teletovic,7.86%
1918,2015-2016,P.J. Tucker,7.86%
1919,2015-2016,Brandan Wright,7.81%
1920,2015-2016,Deron Williams,7.68%
1921,2015-2016,Nick Young,7.46%
1922,2015-2016,Zaza Pachulia,7.43%
1923,2015-2016,Victor Oladipo,7.42%
1924,2015-2016,Tony Allen,7.38%
1925,2015-2016,Jabari Parker,7.36%
1926,2015-2016,Dion Waiters,7.34%
1927,2015-2016,D'Angelo Russell,7.29%
1928,2015-2016,Chris Kaman,7.17%
1929,2015-2016,Darren Collison,7.16%
1930,2015-2016,Chris Andersen,7.14%
1931,2015-2016,Jonas Jerebko,7.14%
1932,2015-2016,Marcus Morris Sr.,7.14%
1933,2015-2016,J.R. Smith,7.14%
1934,2015-2016,C.J. Watson,7.14%
1935,2015-2016,Timofey Mozgov,7.07%
1936,2015-2016,Trevor Booker,6.82%
1937,2015-2016,Otto Porter Jr.,6.66%
1938,2015-2016,Jonas Valanciunas,6.66%
1939,2015-2016,Joel Embiid,6.61%
1940,2015-2016,Jahlil Okafor,6.55%
1941,2015-2016,Mike Dunleavy,6.43%
1942,2015-2016,Kyle Singler,6.43%
1943,2015-2016,Derrick Williams,6.29%
1944,2015-2016,C.J. Miles,6.28%
1945,2015-2016,Alexis Ajinca,6.27%
1946,2015-2016,Jared Dudley,6.25%
1947,2015-2016,Jameer Nelson,6.21%
1948,2015-2016,Jason Smith,6.14%
1949,2015-2016,Jose Barea,6.13%
1950,2015-2016,Damian Lillard,6.05%
1951,2015-2016,Cody Zeller,6.01%
1952,2015-2016,Aaron Gordon,5.96%
1953,2015-2016,Kristaps Porzingis,5.90%
1954,2015-2016,Vince Carter,5.84%
1955,2015-2016,Devin Harris,5.79%
1956,2015-2016,LaVoy Allen,5.79%
1957,2015-2016,Alan Anderson,5.71%
1958,2015-2016,Jordan Hill,5.71%
1959,2015-2016,Ian Mahinmi,5.71%
1960,2015-2016,Thabo Sefolosha,5.71%
1961,2015-2016,Raymond Felton,5.64%
1962,2015-2016,Nemanja Bjelica,5.64%
1963,2015-2016,Harrison Barnes,5.53%
1964,2015-2016,Marreese Speights,5.45%
1965,2015-2016,Alex Len,5.44%
1966,2015-2016,Dante Exum,5.40%
1967,2015-2016,Nick Collison,5.36%
1968,2015-2016,Kyle O'Quinn,5.36%
1969,2015-2016,Mario Hezonja,5.35%
1970,2015-2016,Patty Mills,5.11%
1971,2015-2016,Terrence Ross,5.08%
1972,2015-2016,Matt Barnes,5.06%
1973,2015-2016,Will Barton,5.05%
1974,2015-2016,Nerlens Noel,4.94%
1975,2015-2016,Marcus Smart,4.90%
1976,2015-2016,Bojan Bogdanovic,4.89%
1977,2015-2016,Evan Turner,4.89%
1978,2015-2016,Willie Cauley-Stein,4.85%
1979,2015-2016,Quincy Pondexter,4.83%
1980,2015-2016,Paul Pierce,4.82%
1981,2015-2016,Anthony Morrow,4.78%
1982,2015-2016,Mike Scott,4.76%
1983,2015-2016,Drew Gooden,4.71%
1984,2015-2016,Andre Drummond,4.67%
1985,2015-2016,K.J. McDaniels,4.56%
1986,2015-2016,Ben McLemore,4.51%
1987,2015-2016,Randy Foye,4.48%
1988,2015-2016,Julius Randle,4.47%
1989,2015-2016,Austin Rivers,4.44%
1990,2015-2016,Emmanuel Mudiay,4.43%
1991,2015-2016,Meyers Leonard,4.39%
1992,2015-2016,Norris Cole,4.34%
1993,2015-2016,Jeremy Lamb,4.33%
1994,2015-2016,D.J. Augustin,4.29%
1995,2015-2016,Brandon Bass,4.29%
1996,2015-2016,Jerryd Bayless,4.29%
1997,2015-2016,Anthony Tolliver,4.29%
1998,2015-2016,Kirk Hinrich,4.28%
1999,2015-2016,John Henson,4.20%
2000,2015-2016,Tibor Pleiss,4.14%
2001,2015-2016,Luis Scola,4.14%
2002,2015-2016,Maurice Harkless,4.13%
2003,2015-2016,Kentavious Caldwell-Pope,4.13%
2004,2015-2016,Nik Stauskas,4.10%
2005,2015-2016,Udonis Haslem,4.08%
2006,2015-2016,Brian Roberts,4.08%
2007,2015-2016,Dante Cunningham,4.07%
2008,2015-2016,Stanley Johnson,4.06%
2009,2015-2016,Omri Casspi,4.05%
2010,2015-2016,Darrell Arthur,4.02%
2011,2015-2016,Bismack Biyombo,4.02%
2012,2015-2016,Manu Ginobili,4.02%
2013,2015-2016,Kevin Seraphin,4.02%
2014,2015-2016,Trey Burke,3.80%
2015,2015-2016,Noah Vonleh,3.77%
2016,2015-2016,Tyler Zeller,3.74%
2017,2015-2016,Frank Kaminsky,3.73%
2018,2015-2016,C.J. McCollum,3.61%
2019,2015-2016,Elfrid Payton,3.58%
2020,2015-2016,Joel Anthony,3.57%
2021,2015-2016,Leandro Barbosa,3.57%
2022,2015-2016,James Johnson,3.57%
2023,2015-2016,Terrence Jones,3.56%
2024,2015-2016,Justise Winslow,3.55%
2025,2015-2016,Shelvin Mack,3.48%
2026,2015-2016,Michael Carter-Williams,3.43%
2027,2015-2016,Andrew Nicholson,3.40%
2028,2015-2016,Doug McDermott,3.40%
2029,2015-2016,Myles Turner,3.37%
2030,2015-2016,Evan Fournier,3.27%
2031,2015-2016,Donatas Motiejunas,3.27%
2032,2015-2016,Steven Adams,3.26%
2033,2015-2016,Jared Sullinger,3.24%
2034,2015-2016,Aaron Brooks,3.21%
2035,2015-2016,Trey Lyles,3.20%
2036,2015-2016,Steve Blake,3.10%
2037,2015-2016,Ramon Sessions,3.10%
2038,2015-2016,Kelly Olynyk,3.09%
2039,2015-2016,Joe Ingles,3.07%
2040,2015-2016,Zach LaVine,3.07%
2041,2015-2016,Kendall Marshall,3.06%
2042,2015-2016,Jeremy Lin,3.06%
2043,2015-2016,Devin Booker,3.04%
2044,2015-2016,Miles Plumlee,3.01%
2045,2015-2016,Mo Williams,3.00%
2046,2015-2016,David Lee,2.98%
2047,2015-2016,Shabazz Muhammad,2.94%
2048,2015-2016,T.J. Warren,2.92%
2049,2015-2016,Cameron Payne,2.89%
2050,2015-2016,Festus Ezeli,2.87%
2051,2015-2016,Kent Bazemore,2.86%
2052,2015-2016,Giannis Antetokounmpo,2.79%
2053,2015-2016,Adreian Payne,2.77%
2054,2015-2016,Kelly Oubre Jr.,2.74%
2055,2015-2016,Lucas Nogueira,2.63%
2056,2015-2016,Jusuf Nurkic,2.63%
2057,2015-2016,Terry Rozier,2.61%
2058,2015-2016,Dennis Schröder,2.52%
2059,2015-2016,James Young,2.50%
2060,2015-2016,Rashad Vaughn,2.48%
2061,2015-2016,Ryan Kelly,2.46%
2062,2015-2016,Joffrey Lauvergne,2.44%
2063,2015-2016,Tyler Ennis,2.37%
2064,2015-2016,Sam Dekker,2.35%
2065,2015-2016,Lance Thomas,2.34%
2066,2015-2016,Louis Amundson,2.34%
2067,2015-2016,Sergey Karasev,2.29%
2068,2015-2016,Gary Harris,2.27%
2069,2015-2016,Jerian Grant,2.25%
2070,2015-2016,Tony Snell,2.19%
2071,2015-2016,Bruno Caboclo,2.18%
2072,2015-2016,Delon Wright,2.16%
2073,2015-2016,Wayne Ellington,2.14%
2074,2015-2016,Shane Larkin,2.14%
2075,2015-2016,Caron Butler,2.14%
2076,2015-2016,David West,2.14%
2077,2015-2016,Gorgui Dieng,2.11%
2078,2015-2016,Mitch McGary,2.09%
2079,2015-2016,Justin Anderson,2.07%
2080,2015-2016,Mason Plumlee,2.02%
2081,2015-2016,Jordan Adams,2.01%
2082,2015-2016,Bobby Portis,1.99%
2083,2015-2016,Solomon Hill,1.94%
2084,2015-2016,Rodney Hood,1.93%
2085,2015-2016,Rondae Hollis-Jefferson,1.91%
2086,2015-2016,Alonzo Gee,1.89%
2087,2015-2016,Tim Hardaway Jr.,1.86%
2088,2015-2016,Nikola Jokic,1.86%
2089,2015-2016,Shabazz Napier,1.85%
2090,2015-2016,Tyus Jones,1.83%
2091,2015-2016,Sasha Kaun,1.82%
2092,2015-2016,JaVale McGee,1.82%
2093,2015-2016,Brandon Rush,1.82%
2094,2015-2016,Reggie Bullock,1.79%
2095,2015-2016,Clint Capela,1.78%
2096,2015-2016,Jarell Martin,1.76%
2097,2015-2016,Andre Roberson,1.73%
2098,2015-2016,P.J. Hairston,1.72%
2099,2015-2016,Boban Marjanovic,1.71%
2100,2015-2016,Rudy Gobert,1.68%
2101,2015-2016,Jordan Mickey,1.67%
2102,2015-2016,Toney Douglas,1.66%
2103,2015-2016,Archie Goodwin,1.66%
2104,2015-2016,C.J. Wilcox,1.66%
2105,2015-2016,Larry Nance Jr.,1.65%
2106,2015-2016,Damjan Rudez,1.64%
2107,2015-2016,R.J. Hunter,1.64%
2108,2015-2016,Matthew Dellavedova,1.64%
2109,2015-2016,Kyle Anderson,1.63%
2110,2015-2016,Josh Huestis,1.63%
2111,2015-2016,Chris McCullough,1.63%
2112,2015-2016,Kevon Looney,1.62%
2113,2015-2016,Cole Aldrich,1.57%
2114,2015-2016,Luke Babbitt,1.57%
2115,2015-2016,Jeremy Evans,1.57%
2116,2015-2016,Wesley Johnson,1.57%
2117,2015-2016,Garrett Temple,1.57%
2118,2015-2016,Glenn Robinson III,1.57%
2119,2015-2016,Richaun Holmes,1.53%
2120,2015-2016,Jon Leuer,1.48%
2121,2015-2016,James Anderson,1.45%
2122,2015-2016,E'Twaun Moore,1.45%
2123,2015-2016,Rakeem Christmas,1.44%
2124,2015-2016,Joseph Young,1.44%
2125,2015-2016,Robert Covington,1.43%
2126,2015-2016,Montrezl Harrell,1.43%
2127,2015-2016,Walter Tavares,1.43%
2128,2015-2016,Quincy Acy,1.40%
2129,2015-2016,John Jenkins,1.40%
2130,2015-2016,Christapher Johnson,1.40%
2131,2015-2016,Thomas Robinson,1.40%
2132,2015-2016,Robert Sacre,1.40%
2133,2015-2016,Hassan Whiteside,1.40%
2134,2015-2016,Matt Bonner,1.35%
2135,2015-2016,Isaiah Canaan,1.35%
2136,2015-2016,Ian Clark,1.35%
2137,2015-2016,Allen Crabbe,1.35%
2138,2015-2016,Jared Cunningham,1.35%
2139,2015-2016,Seth Curry,1.35%
2140,2015-2016,Troy Daniels,1.35%
2141,2015-2016,Dewayne Dedmon,1.35%
2142,2015-2016,Gerald Green,1.35%
2143,2015-2016,Tyler Hansbrough,1.35%
2144,2015-2016,Justin Holiday,1.35%
2145,2015-2016,Richard Jefferson,1.35%
2146,2015-2016,James Jones,1.35%
2147,2015-2016,Luc Richard Mbah a Moute,1.35%
2148,2015-2016,Mike Miller,1.35%
2149,2015-2016,Mike Muscala,1.35%
2150,2015-2016,Kendrick Perkins,1.35%
2151,2015-2016,Ronnie Price,1.35%
2152,2015-2016,Pablo Prigioni,1.35%
2153,2015-2016,Tayshaun Prince,1.35%
2154,2015-2016,Willie Reed,1.35%
2155,2015-2016,Donald Sloan,1.35%
2156,2015-2016,Ishmael Smith,1.35%
2157,2015-2016,Josh Smith,1.35%
2158,2015-2016,Amar'e Stoudemire,1.35%
2159,2015-2016,Jason Terry,1.35%
2160,2015-2016,Hollis Thompson,1.35%
2161,2015-2016,Charlie Villanueva,1.35%
2162,2015-2016,Sasha Vujacic,1.35%
2163,2015-2016,Jeff Withey,1.35%
2164,2015-2016,Metta World Peace,1.35%
2165,2015-2016,Raul Neto,1.29%
2166,2015-2016,Damien Inglis,1.22%
2167,2015-2016,Cameron Bairstow,1.21%
2168,2015-2016,Tarik Black,1.21%
2169,2015-2016,Markel Brown,1.21%
2170,2015-2016,Jordan Clarkson,1.21%
2171,2015-2016,Spencer Dinwiddie,1.21%
2172,2015-2016,Cleanthony Early,1.21%
2173,2015-2016,Langston Galloway,1.21%
2174,2015-2016,Jerami Grant,1.21%
2175,2015-2016,JaMychal Green,1.21%
2176,2015-2016,Tyler Johnson,1.21%
2177,2015-2016,Roy Devyn Marble,1.21%
2178,2015-2016,James McAdoo,1.21%
2179,2015-2016,Eric Moreland,1.21%
2180,2015-2016,Johnny O'Bryant,1.21%
2181,2015-2016,Dwight Powell,1.21%
2182,2015-2016,Shayne Whittington,1.21%
2183,2015-2016,Anthony Brown,1.00%
2184,2015-2016,Norman Powell,0.93%
2185,2015-2016,Pat Connaughton,0.89%
2186,2015-2016,Darrun Hilliard II,0.86%
2187,2015-2016,Elton Brand,0.80%
2188,2015-2016,Jarell Eddie,0.80%
2189,2015-2016,Cliff Alexander,0.75%
2190,2015-2016,Brandon Dawson,0.75%
2191,2015-2016,Duje Dukan,0.75%
2192,2015-2016,Cristiano Felicio,0.75%
2193,2015-2016,Aaron Harrison,0.75%
2194,2015-2016,Marcelo Huertas,0.75%
2195,2015-2016,T.J. McConnell,0.75%
2196,2015-2016,Salah Mejri,0.75%
2197,2015-2016,Luis Montero,0.75%
2198,2015-2016,Lamar Patterson,0.75%
2199,2015-2016,Josh Richardson,0.75%
2200,2015-2016,Jonathon Simmons,0.75%
2201,2015-2016,Steve Novak,0.42%
2202,2015-2016,Anderson Varejao,0.41%
2203,2015-2016,J.J Hickson,0.39%
2204,2015-2016,Joe Johnson,0.37%
2205,2015-2016,JaKarr Sampson,0.37%
2206,2015-2016,Andre Miller,0.36%
2207,2015-2016,Kris Humphries,0.35%
2208,2015-2016,Jason Thompson,0.35%
2209,2015-2016,Michael Beasley,0.33%
2210,2015-2016,Nazr Mohammed,0.32%
2211,2015-2016,Sean Kilpatrick,0.32%
2212,2015-2016,Ty Lawson,0.30%
2213,2015-2016,Chase Budinger,0.29%
2214,2015-2016,Andrew Goudelock,0.29%
2215,2015-2016,Kevin Martin,0.29%
2216,2015-2016,Marcus Thornton,0.29%
2217,2015-2016,Jorge Gutierrez,0.27%
2218,2015-2016,Bryce Dejean-Jones,0.24%
2219,2015-2016,Jeff Ayres,0.23%
2220,2015-2016,Greg Smith,0.19%
2221,2015-2016,Jordan Farmar,0.17%
2222,2015-2016,Jordan McRae,0.16%
2223,2015-2016,Tim Frazier,0.13%
2224,2015-2016,Alan Williams,0.12%
2225,2015-2016,Axel Toupane,0.09%
2226,2015-2016,Jordan Hamilton,0.08%
2227,2015-2016,Henry Sims,0.06%
2228,2015-2016,James Ennis III,0.04%
2229,2015-2016,Xavier Munford,0.03%
2230,2015-2016,Christian Wood,0.03%
2231,2015-2016,Bryce Cotton,0.02%
2232,2015-2016,Briante Weber,0.02%
2233,2015-2016,Dorell Wright,0.02%
2234,2015-2016,John Holland,0.01%
2235,2015-2016,Dahntay Jones,0.01%
2236,2015-2016,Lorenzo Brown,0.01%
2237,2016-2017,LeBron James,32.89%
2238,2016-2017,Mike Conley,28.19%
2239,2016-2017,DeMar DeRozan,28.19%
2240,2016-2017,Kevin Durant,28.19%
2241,2016-2017,James Harden,28.19%
2242,2016-2017,Al Horford,28.19%
2243,2016-2017,Russell Westbrook,28.19%
2244,2016-2017,Dirk Nowitzki,26.56%
2245,2016-2017,Carmelo Anthony,26.09%
2246,2016-2017,Damian Lillard,25.84%
2247,2016-2017,Chris Bosh,25.22%
2248,2016-2017,Dwyane Wade,24.64%
2249,2016-2017,Chris Paul,24.64%
2250,2016-2017,Dwight Howard,24.62%
2251,2016-2017,Harrison Barnes,23.49%
2252,2016-2017,Bradley Beal,23.49%
2253,2016-2017,Anthony Davis,23.49%
2254,2016-2017,Andre Drummond,23.49%
2255,2016-2017,Chandler Parsons,23.49%
2256,2016-2017,Hassan Whiteside,23.49%
2257,2016-2017,Derrick Rose,22.65%
2258,2016-2017,Marc Gasol,22.48%
2259,2016-2017,DeAndre Jordan,22.48%
2260,2016-2017,Brook Lopez,22.48%
2261,2016-2017,Kevin Love,22.48%
2262,2016-2017,Nicolas Batum,22.17%
2263,2016-2017,LaMarcus Aldridge,21.86%
2264,2016-2017,Blake Griffin,21.39%
2265,2016-2017,Paul Millsap,21.32%
2266,2016-2017,Ryan Anderson,19.90%
2267,2016-2017,Allen Crabbe,19.65%
2268,2016-2017,Paul George,19.45%
2269,2016-2017,Jimmy Butler,19.29%
2270,2016-2017,Luol Deng,19.12%
2271,2016-2017,Kyrie Irving,18.74%
2272,2016-2017,Kawhi Leonard,18.74%
2273,2016-2017,Tobias Harris,18.27%
2274,2016-2017,Enes Freedom,18.21%
2275,2016-2017,Wesley Matthews,18.21%
2276,2016-2017,Greg Monroe,18.21%
2277,2016-2017,Bismack Biyombo,18.06%
2278,2016-2017,Evan Fournier,18.06%
2279,2016-2017,Joakim Noah,18.06%
2280,2016-2017,DeMarcus Cousins,18.01%
2281,2016-2017,John Wall,18.01%
2282,2016-2017,Klay Thompson,17.70%
2283,2016-2017,Evan Turner,17.41%
2284,2016-2017,Gordon Hayward,17.07%
2285,2016-2017,Timofey Mozgov,17.00%
2286,2016-2017,Ian Mahinmi,16.94%
2287,2016-2017,Goran Dragic,16.88%
2288,2016-2017,Kent Bazemore,16.71%
2289,2016-2017,Pau Gasol,16.46%
2290,2016-2017,Draymond Green,16.28%
2291,2016-2017,Tristan Thompson,16.28%
2292,2016-2017,Khris Middleton,16.15%
2293,2016-2017,Danilo Gallinari,15.99%
2294,2016-2017,Jeff Green,15.93%
2295,2016-2017,Reggie Jackson,15.89%
2296,2016-2017,Tony Parker,15.34%
2297,2016-2017,Jonas Valanciunas,15.28%
2298,2016-2017,DeMarre Carroll,15.08%
2299,2016-2017,Thaddeus Young,15.03%
2300,2016-2017,Eric Bledsoe,14.87%
2301,2016-2017,Manu Ginobili,14.87%
2302,2016-2017,Rajon Rondo,14.87%
2303,2016-2017,Ricky Rubio,14.42%
2304,2016-2017,Rudy Gay,14.16%
2305,2016-2017,Jamal Crawford,14.08%
2306,2016-2017,Robin Lopez,14.04%
2307,2016-2017,Michael Kidd-Gilchrist,13.81%
2308,2016-2017,J.R. Smith,13.60%
2309,2016-2017,Brandon Knight,13.39%
2310,2016-2017,Arron Afflalo,13.28%
2311,2016-2017,Jordan Clarkson,13.28%
2312,2016-2017,Miles Plumlee,13.28%
2313,2016-2017,Tyson Chandler,13.19%
2314,2016-2017,Eric Gordon,13.16%
2315,2016-2017,John Henson,13.03%
2316,2016-2017,Serge Ibaka,13.01%
2317,2016-2017,Marvin Williams,13.01%
2318,2016-2017,Stephen Curry,12.87%
2319,2016-2017,Kenneth Faried,12.83%
2320,2016-2017,Marcin Gortat,12.75%
2321,2016-2017,Amir Johnson,12.75%
2322,2016-2017,Kyle Lowry,12.75%
2323,2016-2017,Kemba Walker,12.75%
2324,2016-2017,Nikola Vucevic,12.48%
2325,2016-2017,Jeremy Lin,12.20%
2326,2016-2017,Jrue Holiday,11.99%
2327,2016-2017,Courtney Lee,11.94%
2328,2016-2017,Solomon Hill,11.94%
2329,2016-2017,Wilson Chandler,11.93%
2330,2016-2017,Andre Iguodala,11.82%
2331,2016-2017,Derrick Favors,11.74%
2332,2016-2017,Joe Johnson,11.68%
2333,2016-2017,Austin Rivers,11.68%
2334,2016-2017,Jon Leuer,11.68%
2335,2016-2017,Monta Ellis,11.43%
2336,2016-2017,Tyreke Evans,11.32%
2337,2016-2017,Mirza Teletovic,11.15%
2338,2016-2017,Jared Dudley,11.12%
2339,2016-2017,Zach Randolph,11.01%
2340,2016-2017,Al Jefferson,10.87%
2341,2016-2017,Alec Burks,10.79%
2342,2016-2017,Danny Green,10.62%
2343,2016-2017,Terrence Ross,10.62%
2344,2016-2017,Omer Asik,10.52%
2345,2016-2017,Iman Shumpert,10.26%
2346,2016-2017,Matthew Dellavedova,10.21%
2347,2016-2017,Maurice Harkless,10.08%
2348,2016-2017,Jerryd Bayless,10.01%
2349,2016-2017,Trevor Booker,9.83%
2350,2016-2017,Meyers Leonard,9.79%
2351,2016-2017,Gerald Henderson,9.56%
2352,2016-2017,Taj Gibson,9.51%
2353,2016-2017,Jeff Teague,9.35%
2354,2016-2017,Tiago Splitter,9.08%
2355,2016-2017,Ersan Ilyasova,8.92%
2356,2016-2017,Dwight Powell,8.90%
2357,2016-2017,Avery Bradley,8.78%
2358,2016-2017,E'Twaun Moore,8.58%
2359,2016-2017,Darrell Arthur,8.57%
2360,2016-2017,Kosta Koufos,8.55%
2361,2016-2017,George Hill,8.50%
2362,2016-2017,Sergio Rodriguez,8.50%
2363,2016-2017,Garrett Temple,8.50%
2364,2016-2017,Anthony Tolliver,8.50%
2365,2016-2017,Tyler Zeller,8.50%
2366,2016-2017,Trevor Ariza,8.29%
2367,2016-2017,Channing Frye,8.29%
2368,2016-2017,Al-Farouq Aminu,8.16%
2369,2016-2017,Cole Aldrich,8.12%
2370,2016-2017,Corey Brewer,8.09%
2371,2016-2017,Festus Ezeli,7.86%
2372,2016-2017,Markieff Morris,7.86%
2373,2016-2017,J.J. Redick,7.84%
2374,2016-2017,Cory Joseph,7.77%
2375,2016-2017,D.J. Augustin,7.70%
2376,2016-2017,Boris Diaw,7.44%
2377,2016-2017,Boban Marjanovic,7.44%
2378,2016-2017,Louis Williams,7.44%
2379,2016-2017,Ed Davis,7.08%
2380,2016-2017,Isaiah Thomas,7.00%
2381,2016-2017,Victor Oladipo,6.96%
2382,2016-2017,Jodie Meeks,6.95%
2383,2016-2017,Jeremy Lamb,6.92%
2384,2016-2017,Aron Baynes,6.90%
2385,2016-2017,Spencer Hawes,6.74%
2386,2016-2017,Marco Belinelli,6.73%
2387,2016-2017,Jae Crowder,6.68%
2388,2016-2017,Tarik Black,6.58%
2389,2016-2017,Lance Thomas,6.58%
2390,2016-2017,Andrew Nicholson,6.47%
2391,2016-2017,Patrick Patterson,6.43%
2392,2016-2017,Andrew Wiggins,6.38%
2393,2016-2017,Patrick Beverley,6.37%
2394,2016-2017,Wayne Ellington,6.37%
2395,2016-2017,Ramon Sessions,6.37%
2396,2016-2017,Ishmael Smith,6.37%
2397,2016-2017,Alex Abrines,6.37%
2398,2016-2017,Karl-Anthony Towns,6.33%
2399,2016-2017,Ben Simmons,6.27%
2400,2016-2017,Otto Porter Jr.,6.26%
2401,2016-2017,Shaun Livingston,6.14%
2402,2016-2017,Josh McRoberts,6.14%
2403,2016-2017,Nikola Mirotic,6.14%
2404,2016-2017,Brandan Wright,6.07%
2405,2016-2017,Tyler Johnson,5.98%
2406,2016-2017,Wesley Johnson,5.98%
2407,2016-2017,Tony Allen,5.85%
2408,2016-2017,Nick Young,5.78%
2409,2016-2017,Jabari Parker,5.71%
2410,2016-2017,D'Angelo Russell,5.66%
2411,2016-2017,Cody Zeller,5.65%
2412,2016-2017,P.J. Tucker,5.63%
2413,2016-2017,Brandon Ingram,5.61%
2414,2016-2017,Kyle Korver,5.57%
2415,2016-2017,Darren Collison,5.55%
2416,2016-2017,Langston Galloway,5.52%
2417,2016-2017,Roy Hibbert,5.31%
2418,2016-2017,Jonas Jerebko,5.31%
2419,2016-2017,Jason Smith,5.31%
2420,2016-2017,C.J. Watson,5.31%
2421,2016-2017,Mike Dunleavy,5.14%
2422,2016-2017,Kyle Singler,5.14%
2423,2016-2017,Joel Embiid,5.13%
2424,2016-2017,Alex Len,5.12%
2425,2016-2017,Jahlil Okafor,5.09%
2426,2016-2017,Jaylen Brown,5.04%
2427,2016-2017,Alexis Ajinca,5.01%
2428,2016-2017,Marcus Morris Sr.,4.91%
2429,2016-2017,C.J. Miles,4.87%
2430,2016-2017,Jameer Nelson,4.82%
2431,2016-2017,Nerlens Noel,4.66%
2432,2016-2017,Aaron Gordon,4.62%
2433,2016-2017,Kristaps Porzingis,4.59%
2434,2016-2017,Dragan Bender,4.54%
2435,2016-2017,Vince Carter,4.53%
2436,2016-2017,Devin Harris,4.49%
2437,2016-2017,Jose Barea,4.35%
2438,2016-2017,Ben McLemore,4.26%
2439,2016-2017,LaVoy Allen,4.25%
2440,2016-2017,Leandro Barbosa,4.25%
2441,2016-2017,Udonis Haslem,4.25%
2442,2016-2017,Jordan Hill,4.25%
2443,2016-2017,Kris Humphries,4.25%
2444,2016-2017,James Johnson,4.25%
2445,2016-2017,Lance Stephenson,4.25%
2446,2016-2017,Dante Exum,4.19%
2447,2016-2017,Kyle O'Quinn,4.16%
2448,2016-2017,Mario Hezonja,4.15%
2449,2016-2017,Kris Dunn,4.11%
2450,2016-2017,Thabo Sefolosha,4.09%
2451,2016-2017,Nemanja Bjelica,4.04%
2452,2016-2017,Nick Collison,3.98%
2453,2016-2017,Bojan Bogdanovic,3.96%
2454,2016-2017,Kentavious Caldwell-Pope,3.91%
2455,2016-2017,Quincy Pondexter,3.84%
2456,2016-2017,Patty Mills,3.80%
2457,2016-2017,Marcus Smart,3.80%
2458,2016-2017,Willie Cauley-Stein,3.77%
2459,2016-2017,Will Barton,3.75%
2460,2016-2017,Paul Pierce,3.75%
2461,2016-2017,Buddy Hield,3.74%
2462,2016-2017,Mike Miller,3.72%
2463,2016-2017,Brandon Rush,3.72%
2464,2016-2017,Anthony Morrow,3.71%
2465,2016-2017,Trey Burke,3.60%
2466,2016-2017,K.J. McDaniels,3.54%
2467,2016-2017,Troy Daniels,3.54%
2468,2016-2017,Julius Randle,3.47%
2469,2016-2017,Emmanuel Mudiay,3.44%
2470,2016-2017,C.J. McCollum,3.42%
2471,2016-2017,Jamal Murray,3.41%
2472,2016-2017,Michael Carter-Williams,3.38%
2473,2016-2017,Steven Adams,3.34%
2474,2016-2017,Kelly Olynyk,3.29%
2475,2016-2017,Shabazz Muhammad,3.24%
2476,2016-2017,Justin Hamilton,3.19%
2477,2016-2017,Giannis Antetokounmpo,3.18%
2478,2016-2017,Nik Stauskas,3.18%
2479,2016-2017,Dante Cunningham,3.16%
2480,2016-2017,Stanley Johnson,3.15%
2481,2016-2017,Marquese Chriss,3.12%
2482,2016-2017,Seth Curry,3.08%
2483,2016-2017,Dewayne Dedmon,3.08%
2484,2016-2017,James Ennis III,3.08%
2485,2016-2017,Nene Hilario,3.08%
2486,2016-2017,Mindaugas Kuzminskas,3.08%
2487,2016-2017,Zaza Pachulia,3.08%
2488,2016-2017,Dion Waiters,3.08%
2489,2016-2017,Tomas Satoransky,3.05%
2490,2016-2017,Noah Vonleh,2.92%
2491,2016-2017,Frank Kaminsky,2.90%
2492,2016-2017,Dennis Schröder,2.88%
2493,2016-2017,Jakob Poeltl,2.87%
2494,2016-2017,Aaron Brooks,2.87%
2495,2016-2017,Elfrid Payton,2.78%
2496,2016-2017,Justise Winslow,2.75%
2497,2016-2017,Thon Maker,2.73%
2498,2016-2017,Malcom Delaney,2.66%
2499,2016-2017,Randy Foye,2.66%
2500,2016-2017,Richard Jefferson,2.66%
2501,2016-2017,Doug McDermott,2.64%
2502,2016-2017,Myles Turner,2.62%
2503,2016-2017,Domantas Sabonis,2.59%
2504,2016-2017,Shelvin Mack,2.58%
2505,2016-2017,Tony Snell,2.52%
2506,2016-2017,Gorgui Dieng,2.49%
2507,2016-2017,Trey Lyles,2.49%
2508,2016-2017,Mason Plumlee,2.47%
2509,2016-2017,Taurean Prince,2.46%
2510,2016-2017,Dario Saric,2.46%
2511,2016-2017,Tim Hardaway Jr.,2.42%
2512,2016-2017,Reggie Bullock,2.40%
2513,2016-2017,Zach LaVine,2.38%
2514,2016-2017,Devin Booker,2.36%
2515,2016-2017,Luc Richard Mbah a Moute,2.34%
2516,2016-2017,Georgios Papagiannis,2.34%
2517,2016-2017,Andre Roberson,2.32%
2518,2016-2017,Joe Ingles,2.28%
2519,2016-2017,T.J. Warren,2.26%
2520,2016-2017,Rudy Gobert,2.25%
2521,2016-2017,Cameron Payne,2.24%
2522,2016-2017,Denzel Valentine,2.22%
2523,2016-2017,Tim Frazier,2.22%
2524,2016-2017,Adreian Payne,2.15%
2525,2016-2017,Kelly Oubre Jr.,2.13%
2526,2016-2017,Juancho Hernangomez,2.11%
2527,2016-2017,Lucas Nogueira,2.04%
2528,2016-2017,Jusuf Nurkic,2.04%
2529,2016-2017,Terry Rozier,2.03%
2530,2016-2017,James Young,1.94%
2531,2016-2017,Rashad Vaughn,1.92%
2532,2016-2017,Kevin Seraphin,1.91%
2533,2016-2017,Wade Baldwin,1.91%
2534,2016-2017,Quincy Acy,1.90%
2535,2016-2017,Tyler Ennis,1.84%
2536,2016-2017,Sam Dekker,1.83%
2537,2016-2017,Joffrey Lauvergne,1.82%
2538,2016-2017,Henry Ellenson,1.81%
2539,2016-2017,Gary Harris,1.76%
2540,2016-2017,Jerian Grant,1.75%
2541,2016-2017,Malik Beasley,1.73%
2542,2016-2017,Bruno Caboclo,1.69%
2543,2016-2017,Delon Wright,1.68%
2544,2016-2017,Caris LeVert,1.66%
2545,2016-2017,David Lee,1.65%
2546,2016-2017,Justin Anderson,1.61%
2547,2016-2017,DeAndre' Bembry,1.59%
2548,2016-2017,Bobby Portis,1.54%
2549,2016-2017,Demetrius Jackson,1.54%
2550,2016-2017,Malachi Richardson,1.53%
2551,2016-2017,Rodney Hood,1.49%
2552,2016-2017,Michael Beasley,1.49%
2553,2016-2017,Marreese Speights,1.49%
2554,2016-2017,Rondae Hollis-Jefferson,1.48%
2555,2016-2017,Willy Hernangomez,1.46%
2556,2016-2017,Deyonta Davis,1.45%
2557,2016-2017,Nikola Jokic,1.44%
2558,2016-2017,Shabazz Napier,1.43%
2559,2016-2017,Tyus Jones,1.42%
2560,2016-2017,Timothe Luwawu-Cabarrot,1.41%
2561,2016-2017,Clint Capela,1.38%
2562,2016-2017,Jarell Martin,1.37%
2563,2016-2017,Brice Johnson,1.35%
2564,2016-2017,Luke Babbitt,1.30%
2565,2016-2017,Jordan Mickey,1.30%
2566,2016-2017,Larry Nance Jr.,1.28%
2567,2016-2017,Brandon Jennings,1.27%
2568,2016-2017,Pascal Siakam,1.27%
2569,2016-2017,Kyle Anderson,1.27%
2570,2016-2017,Josh Huestis,1.27%
2571,2016-2017,Chris McCullough,1.27%
2572,2016-2017,Skal Labissiere,1.26%
2573,2016-2017,Kevon Looney,1.26%
2574,2016-2017,Dejounte Murray,1.25%
2575,2016-2017,Damian Jones,1.24%
2576,2016-2017,Isaiah Whitehead,1.14%
2577,2016-2017,Rakeem Christmas,1.12%
2578,2016-2017,Joseph Young,1.12%
2579,2016-2017,Glenn Robinson III,1.12%
2580,2016-2017,Montrezl Harrell,1.11%
2581,2016-2017,Ivica Zubac,1.10%
2582,2016-2017,Richaun Holmes,1.09%
2583,2016-2017,Isaiah Canaan,1.08%
2584,2016-2017,Robert Covington,1.08%
2585,2016-2017,Justin Holiday,1.08%
2586,2016-2017,DeAndre Liggins,1.08%
2587,2016-2017,Mike Muscala,1.08%
2588,2016-2017,Willie Reed,1.08%
2589,2016-2017,Jeff Withey,1.08%
2590,2016-2017,Alan Anderson,1.04%
2591,2016-2017,Brandon Bass,1.04%
2592,2016-2017,Ian Clark,1.04%
2593,2016-2017,Raymond Felton,1.04%
2594,2016-2017,Jerami Grant,1.04%
2595,2016-2017,Gerald Green,1.04%
2596,2016-2017,JaMychal Green,1.04%
2597,2016-2017,Joe Harris,1.04%
2598,2016-2017,James Jones,1.04%
2599,2016-2017,Sean Kilpatrick,1.04%
2600,2016-2017,Ty Lawson,1.04%
2601,2016-2017,James McAdoo,1.04%
2602,2016-2017,JaVale McGee,1.04%
2603,2016-2017,Brian Roberts,1.04%
2604,2016-2017,Thomas Robinson,1.04%
2605,2016-2017,Damjan Rudez,1.04%
2606,2016-2017,Jason Terry,1.04%
2607,2016-2017,Beno Udrih,1.04%
2608,2016-2017,Sasha Vujacic,1.04%
2609,2016-2017,David West,1.04%
2610,2016-2017,Metta World Peace,1.04%
2611,2016-2017,Stephen Zimmerman,1.01%
2612,2016-2017,Andrew Harrison,1.00%
2613,2016-2017,Raul Neto,1.00%
2614,2016-2017,Malcolm Brogdon,0.98%
2615,2016-2017,Tyler Ulis,0.98%
2616,2016-2017,Pat Connaughton,0.93%
2617,2016-2017,Cristiano Felicio,0.93%
2618,2016-2017,Darrun Hilliard II,0.93%
2619,2016-2017,T.J. McConnell,0.93%
2620,2016-2017,Salah Mejri,0.93%
2621,2016-2017,Norman Powell,0.93%
2622,2016-2017,Josh Richardson,0.93%
2623,2016-2017,Jonathon Simmons,0.93%
2624,2016-2017,Alan Williams,0.93%
2625,2016-2017,Christian Wood,0.93%
2626,2016-2017,Paul Zipser,0.80%
2627,2016-2017,Spencer Dinwiddie,0.77%
2628,2016-2017,Bobby Brown,0.72%
2629,2016-2017,Michael Gbinije,0.69%
2630,2016-2017,A.J. Hammons,0.69%
2631,2016-2017,Georges Niang,0.69%
2632,2016-2017,Joel Bolomboy,0.64%
2633,2016-2017,Jake Layman,0.64%
2634,2016-2017,Donatas Motiejunas,0.61%
2635,2016-2017,Ron Baker,0.58%
2636,2016-2017,Davis Bertans,0.58%
2637,2016-2017,Nicolas Brussino,0.58%
2638,2016-2017,Semaj Christon,0.58%
2639,2016-2017,Cheick Diallo,0.58%
2640,2016-2017,Kay Felder,0.58%
2641,2016-2017,Dorian Finney-Smith,0.58%
2642,2016-2017,Bryn Forbes,0.58%
2643,2016-2017,Treveon Graham,0.58%
2644,2016-2017,Derrick Jones Jr.,0.58%
2645,2016-2017,Patrick McCaw,0.58%
2646,2016-2017,Sheldon McClellan,0.58%
2647,2016-2017,Rodney McGruder,0.58%
2648,2016-2017,Maurice N'dour,0.58%
2649,2016-2017,Daniel Ochefu,0.58%
2650,2016-2017,Chinanu Onuaku,0.58%
2651,2016-2017,Marshall Plumlee,0.58%
2652,2016-2017,Tim Quarterman,0.58%
2653,2016-2017,Diamond Stone,0.58%
2654,2016-2017,Fred VanVleet,0.58%
2655,2016-2017,Kyle Wiltjer,0.58%
2656,2016-2017,Joel Anthony,0.37%
2657,2016-2017,Ryan Kelly,0.30%
2658,2016-2017,Ronnie Price,0.29%
2659,2016-2017,Deron Williams,0.28%
2660,2016-2017,Isaiah Taylor,0.27%
2661,2016-2017,Jose Calderon,0.26%
2662,2016-2017,Norris Cole,0.26%
2663,2016-2017,Jason Thompson,0.26%
2664,2016-2017,Matt Barnes,0.26%
2665,2016-2017,Derrick Williams,0.25%
2666,2016-2017,Okaro White,0.22%
2667,2016-2017,Yogi Ferrell,0.22%
2668,2016-2017,Jordan Crawford,0.18%
2669,2016-2017,Johnny O'Bryant,0.17%
2670,2016-2017,Patricio Garino,0.16%
2671,2016-2017,Chasson Randle,0.15%
2672,2016-2017,Omri Casspi,0.15%
2673,2016-2017,Briante Weber,0.14%
2674,2016-2017,Marcus Georges-Hunt,0.11%
2675,2016-2017,Shawn Long,0.10%
2676,2016-2017,Wayne Selden,0.09%
2677,2016-2017,Troy Williams,0.08%
2678,2016-2017,Archie Goodwin,0.08%
2679,2016-2017,David Nwaba,0.08%
2680,2016-2017,Jarrod Uthoff,0.05%
2681,2016-2017,Gary Payton II,0.04%
2682,2016-2017,Axel Toupane,0.03%
2683,2016-2017,Elijah Millsap,0.02%
2684,2016-2017,Quinn Cook,0.02%
2685,2016-2017,Alex Poythress,0.01%
2686,2016-2017,Dahntay Jones,0.01%
2687,2016-2017,Walter Tavares,0.01%
2688,2017-2018,Stephen Curry,35.00%
2689,2017-2018,LeBron James,33.59%
2690,2017-2018,Paul Millsap,31.05%
2691,2017-2018,Blake Griffin,30.00%
2692,2017-2018,Gordon Hayward,30.00%
2693,2017-2018,Kyle Lowry,28.97%
2694,2017-2018,Mike Conley,28.79%
2695,2017-2018,Russell Westbrook,28.79%
2696,2017-2018,James Harden,28.56%
2697,2017-2018,DeMar DeRozan,27.99%
2698,2017-2018,Al Horford,27.99%
2699,2017-2018,Carmelo Anthony,26.48%
2700,2017-2018,Damian Lillard,26.39%
2701,2017-2018,Jrue Holiday,25.92%
2702,2017-2018,Kevin Durant,25.23%
2703,2017-2018,Otto Porter Jr.,25.00%
2704,2017-2018,Chris Paul,24.82%
2705,2017-2018,C.J. McCollum,24.18%
2706,2017-2018,Bradley Beal,23.99%
2707,2017-2018,Anthony Davis,23.99%
2708,2017-2018,Andre Drummond,23.99%
2709,2017-2018,Hassan Whiteside,23.99%
2710,2017-2018,Dwight Howard,23.72%
2711,2017-2018,Harrison Barnes,23.32%
2712,2017-2018,Chandler Parsons,23.32%
2713,2017-2018,J.J. Redick,23.21%
2714,2017-2018,Marc Gasol,22.85%
2715,2017-2018,DeAndre Jordan,22.85%
2716,2017-2018,Brook Lopez,22.85%
2717,2017-2018,Kevin Love,22.85%
2718,2017-2018,Steven Adams,22.68%
2719,2017-2018,Giannis Antetokounmpo,22.68%
2720,2017-2018,Nicolas Batum,22.64%
2721,2017-2018,Rudy Gobert,22.18%
2722,2017-2018,LaMarcus Aldridge,21.66%
2723,2017-2018,Victor Oladipo,21.19%
2724,2017-2018,Enes Freedom,20.76%
2725,2017-2018,Danilo Gallinari,20.75%
2726,2017-2018,Serge Ibaka,20.25%
2727,2017-2018,George Hill,20.18%
2728,2017-2018,Ryan Anderson,19.76%
2729,2017-2018,Paul George,19.69%
2730,2017-2018,Allen Crabbe,19.51%
2731,2017-2018,Jimmy Butler,19.48%
2732,2017-2018,Jeff Teague,19.17%
2733,2017-2018,Kyrie Irving,19.04%
2734,2017-2018,Kawhi Leonard,19.04%
2735,2017-2018,DeMarcus Cousins,18.23%
2736,2017-2018,John Wall,18.23%
2737,2017-2018,Wesley Matthews,18.05%
2738,2017-2018,Klay Thompson,17.99%
2739,2017-2018,Joakim Noah,17.93%
2740,2017-2018,Kentavious Caldwell-Pope,17.91%
2741,2017-2018,Luol Deng,17.35%
2742,2017-2018,Evan Turner,17.29%
2743,2017-2018,Goran Dragic,17.16%
2744,2017-2018,Bismack Biyombo,17.16%
2745,2017-2018,Evan Fournier,17.16%
2746,2017-2018,Kent Bazemore,17.06%
2747,2017-2018,Robert Covington,16.85%
2748,2017-2018,Ian Mahinmi,16.81%
2749,2017-2018,Tim Hardaway Jr.,16.65%
2750,2017-2018,Draymond Green,16.55%
2751,2017-2018,Tristan Thompson,16.55%
2752,2017-2018,Pau Gasol,16.15%
2753,2017-2018,Tobias Harris,16.15%
2754,2017-2018,Reggie Jackson,16.15%
2755,2017-2018,Dennis Schröder,15.64%
2756,2017-2018,Jonas Valanciunas,15.60%
2757,2017-2018,Tony Parker,15.59%
2758,2017-2018,Timofey Mozgov,15.42%
2759,2017-2018,Andre Iguodala,14.95%
2760,2017-2018,DeMarre Carroll,14.94%
2761,2017-2018,Thaddeus Young,14.93%
2762,2017-2018,Eric Bledsoe,14.63%
2763,2017-2018,Ricky Rubio,14.41%
2764,2017-2018,Joe Ingles,14.27%
2765,2017-2018,Gorgui Dieng,14.24%
2766,2017-2018,Khris Middleton,14.23%
2767,2017-2018,Mason Plumlee,14.17%
2768,2017-2018,Taj Gibson,14.13%
2769,2017-2018,James Johnson,14.08%
2770,2017-2018,Robin Lopez,13.91%
2771,2017-2018,J.R. Smith,13.89%
2772,2017-2018,Brandon Knight,13.74%
2773,2017-2018,Marvin Williams,13.29%
2774,2017-2018,Tyson Chandler,13.12%
2775,2017-2018,Michael Kidd-Gilchrist,13.12%
2776,2017-2018,Eric Gordon,13.06%
2777,2017-2018,Kenneth Faried,13.04%
2778,2017-2018,Marcin Gortat,12.90%
2779,2017-2018,Cody Zeller,12.70%
2780,2017-2018,Nikola Mirotic,12.61%
2781,2017-2018,Miles Plumlee,12.61%
2782,2017-2018,Zach Randolph,12.42%
2783,2017-2018,Nikola Vucevic,12.36%
2784,2017-2018,Solomon Hill,12.35%
2785,2017-2018,John Henson,12.28%
2786,2017-2018,Wilson Chandler,12.13%
2787,2017-2018,Kelly Olynyk,12.12%
2788,2017-2018,Derrick Favors,12.11%
2789,2017-2018,Jeremy Lin,12.11%
2790,2017-2018,Kemba Walker,12.11%
2791,2017-2018,Austin Rivers,11.93%
2792,2017-2018,Courtney Lee,11.86%
2793,2017-2018,Jordan Clarkson,11.67%
2794,2017-2018,Amir Johnson,11.10%
2795,2017-2018,Dion Waiters,11.10%
2796,2017-2018,Alec Burks,10.94%
2797,2017-2018,Patty Mills,10.81%
2798,2017-2018,Omer Asik,10.69%
2799,2017-2018,Bojan Bogdanovic,10.60%
2800,2017-2018,Terrence Ross,10.60%
2801,2017-2018,Jon Leuer,10.59%
2802,2017-2018,Iman Shumpert,10.43%
2803,2017-2018,Maurice Harkless,10.26%
2804,2017-2018,Darren Collison,10.09%
2805,2017-2018,Jared Dudley,10.09%
2806,2017-2018,Danny Green,10.09%
2807,2017-2018,Meyers Leonard,10.00%
2808,2017-2018,Tony Snell,9.91%
2809,2017-2018,Al Jefferson,9.86%
2810,2017-2018,Matthew Dellavedova,9.70%
2811,2017-2018,Bogdan Bogdanovic,9.56%
2812,2017-2018,Andre Roberson,9.34%
2813,2017-2018,Dwight Powell,9.09%
2814,2017-2018,Jerryd Bayless,9.08%
2815,2017-2018,Avery Bradley,8.89%
2816,2017-2018,JaMychal Green,8.61%
2817,2017-2018,E'Twaun Moore,8.52%
2818,2017-2018,Rudy Gay,8.48%
2819,2017-2018,Kosta Koufos,8.47%
2820,2017-2018,Vince Carter,8.07%
2821,2017-2018,Markieff Morris,8.07%
2822,2017-2018,Garrett Temple,8.07%
2823,2017-2018,C.J. Miles,8.01%
2824,2017-2018,Cristiano Felicio,7.92%
2825,2017-2018,Shaun Livingston,7.76%
2826,2017-2018,Cory Joseph,7.70%
2827,2017-2018,P.J. Tucker,7.66%
2828,2017-2018,Andrew Wiggins,7.64%
2829,2017-2018,Darrell Arthur,7.53%
2830,2017-2018,Trevor Ariza,7.49%
2831,2017-2018,Channing Frye,7.49%
2832,2017-2018,Al-Farouq Aminu,7.39%
2833,2017-2018,Cole Aldrich,7.37%
2834,2017-2018,D.J. Augustin,7.32%
2835,2017-2018,Markelle Fultz,7.09%
2836,2017-2018,Kyle Korver,7.06%
2837,2017-2018,Jeremy Lamb,7.06%
2838,2017-2018,Boban Marjanovic,7.06%
2839,2017-2018,Louis Williams,7.06%
2840,2017-2018,Jae Crowder,6.86%
2841,2017-2018,Jabari Parker,6.84%
2842,2017-2018,Langston Galloway,6.73%
2843,2017-2018,Lance Thomas,6.72%
2844,2017-2018,Ed Davis,6.41%
2845,2017-2018,Jonathon Simmons,6.36%
2846,2017-2018,Lonzo Ball,6.34%
2847,2017-2018,Wayne Ellington,6.33%
2848,2017-2018,Isaiah Thomas,6.32%
2849,2017-2018,Karl-Anthony Towns,6.27%
2850,2017-2018,Ben Simmons,6.23%
2851,2017-2018,Joel Embiid,6.16%
2852,2017-2018,Dewayne Dedmon,6.05%
2853,2017-2018,Shelvin Mack,6.05%
2854,2017-2018,Ishmael Smith,6.05%
2855,2017-2018,Milos Teodosic,6.05%
2856,2017-2018,Alan Williams,6.05%
2857,2017-2018,Tyler Johnson,5.94%
2858,2017-2018,Wesley Johnson,5.94%
2859,2017-2018,Alex Abrines,5.78%
2860,2017-2018,Jayson Tatum,5.70%
2861,2017-2018,D'Angelo Russell,5.61%
2862,2017-2018,Brandon Ingram,5.57%
2863,2017-2018,Patrick Beverley,5.56%
2864,2017-2018,Aaron Gordon,5.55%
2865,2017-2018,Thabo Sefolosha,5.30%
2866,2017-2018,Jason Smith,5.27%
2867,2017-2018,Ben McLemore,5.25%
2868,2017-2018,Patrick Patterson,5.24%
2869,2017-2018,Nick Young,5.24%
2870,2017-2018,Josh Jackson,5.14%
2871,2017-2018,Greg Monroe,5.05%
2872,2017-2018,Marcus Morris Sr.,5.05%
2873,2017-2018,Mike Muscala,5.05%
2874,2017-2018,Dirk Nowitzki,5.05%
2875,2017-2018,Jahlil Okafor,5.04%
2876,2017-2018,Dante Exum,5.04%
2877,2017-2018,Alexis Ajinca,5.01%
2878,2017-2018,Jaylen Brown,5.00%
2879,2017-2018,Kyle Singler,4.71%
2880,2017-2018,Justin Holiday,4.66%
2881,2017-2018,De'Aaron Fox,4.65%
2882,2017-2018,Marcus Smart,4.58%
2883,2017-2018,Kristaps Porzingis,4.54%
2884,2017-2018,Dragan Bender,4.51%
2885,2017-2018,Devin Harris,4.44%
2886,2017-2018,Ron Baker,4.37%
2887,2017-2018,Aron Baynes,4.37%
2888,2017-2018,Jamal Crawford,4.37%
2889,2017-2018,Alex Len,4.23%
2890,2017-2018,Nerlens Noel,4.23%
2891,2017-2018,Jonathan Isaac,4.22%
2892,2017-2018,Lance Stephenson,4.22%
2893,2017-2018,Julius Randle,4.19%
2894,2017-2018,Kyle O'Quinn,4.12%
2895,2017-2018,Mario Hezonja,4.12%
2896,2017-2018,Kris Dunn,4.08%
2897,2017-2018,Jonas Jerebko,4.04%
2898,2017-2018,Nemanja Bjelica,3.99%
2899,2017-2018,Jose Barea,3.94%
2900,2017-2018,Lauri Markkanen,3.86%
2901,2017-2018,Nik Stauskas,3.84%
2902,2017-2018,Willie Cauley-Stein,3.74%
2903,2017-2018,Buddy Hield,3.71%
2904,2017-2018,Will Barton,3.57%
2905,2017-2018,Noah Vonleh,3.54%
2906,2017-2018,Frank Ntilikina,3.53%
2907,2017-2018,Nene Hilario,3.51%
2908,2017-2018,Zaza Pachulia,3.51%
2909,2017-2018,Troy Daniels,3.44%
2910,2017-2018,Emmanuel Mudiay,3.41%
2911,2017-2018,Jamal Murray,3.39%
2912,2017-2018,Elfrid Payton,3.36%
2913,2017-2018,Rajon Rondo,3.33%
2914,2017-2018,Doug McDermott,3.33%
2915,2017-2018,Tarik Black,3.32%
2916,2017-2018,Tyreke Evans,3.32%
2917,2017-2018,Jodie Meeks,3.32%
2918,2017-2018,Anthony Tolliver,3.32%
2919,2017-2018,Dennis Smith Jr.,3.25%
2920,2017-2018,Zach LaVine,3.23%
2921,2017-2018,Ekpe Udoh,3.23%
2922,2017-2018,T.J. Warren,3.18%
2923,2017-2018,Stanley Johnson,3.13%
2924,2017-2018,Marquese Chriss,3.10%
2925,2017-2018,Zach Collins,3.09%
2926,2017-2018,Seth Curry,3.06%
2927,2017-2018,James Ennis III,3.06%
2928,2017-2018,Tomas Satoransky,3.03%
2929,2017-2018,Lucas Nogueira,2.97%
2930,2017-2018,Jusuf Nurkic,2.97%
2931,2017-2018,Malik Monk,2.93%
2932,2017-2018,Frank Kaminsky,2.87%
2933,2017-2018,Jakob Poeltl,2.85%
2934,2017-2018,Luke Kennard,2.78%
2935,2017-2018,Justise Winslow,2.73%
2936,2017-2018,Michael Carter-Williams,2.72%
2937,2017-2018,Thon Maker,2.71%
2938,2017-2018,Cedi Osman,2.66%
2939,2017-2018,Donovan Mitchell,2.65%
2940,2017-2018,Myles Turner,2.59%
2941,2017-2018,Gary Harris,2.57%
2942,2017-2018,Domantas Sabonis,2.57%
2943,2017-2018,Reggie Bullock,2.52%
2944,2017-2018,Malcom Delaney,2.52%
2945,2017-2018,Manu Ginobili,2.52%
2946,2017-2018,Bam Adebayo,2.51%
2947,2017-2018,Bruno Caboclo,2.47%
2948,2017-2018,Trey Lyles,2.46%
2949,2017-2018,Taurean Prince,2.44%
2950,2017-2018,Dario Saric,2.44%
2951,2017-2018,Rodney Hood,2.41%
2952,2017-2018,Justin Jackson,2.39%
2953,2017-2018,Shabazz Napier,2.38%
2954,2017-2018,Clint Capela,2.36%
2955,2017-2018,Devin Booker,2.34%
2956,2017-2018,Dante Cunningham,2.32%
2957,2017-2018,Justin Patton,2.27%
2958,2017-2018,Guerschon Yabusele,2.27%
2959,2017-2018,Cameron Payne,2.22%
2960,2017-2018,Denzel Valentine,2.21%
2961,2017-2018,Sean Kilpatrick,2.18%
2962,2017-2018,Kyle Anderson,2.17%
2963,2017-2018,DJ Wilson,2.15%
2964,2017-2018,Darius Miller,2.12%
2965,2017-2018,Kelly Oubre Jr.,2.11%
2966,2017-2018,Juancho Hernangomez,2.10%
2967,2017-2018,TJ Leaf,2.05%
2968,2017-2018,Tim Frazier,2.02%
2969,2017-2018,Terry Rozier,2.01%
2970,2017-2018,John Collins,1.95%
2971,2017-2018,Harry Giles,1.88%
2972,2017-2018,Sam Dekker,1.81%
2973,2017-2018,Terrance Ferguson,1.80%
2974,2017-2018,Henry Ellenson,1.80%
2975,2017-2018,Eric Moreland,1.76%
2976,2017-2018,Jerian Grant,1.73%
2977,2017-2018,Jarrett Allen,1.73%
2978,2017-2018,Quincy Acy,1.73%
2979,2017-2018,Tyler Zeller,1.73%
2980,2017-2018,Malik Beasley,1.72%
2981,2017-2018,OG Anunoby,1.66%
2982,2017-2018,Delon Wright,1.66%
2983,2017-2018,Ante Zizic,1.66%
2984,2017-2018,Caris LeVert,1.65%
2985,2017-2018,Justin Anderson,1.59%
2986,2017-2018,Tyler Lydon,1.59%
2987,2017-2018,DeAndre' Bembry,1.58%
2988,2017-2018,Spencer Dinwiddie,1.54%
2989,2017-2018,Tyler Ennis,1.54%
2990,2017-2018,Jerami Grant,1.54%
2991,2017-2018,Joe Harris,1.54%
2992,2017-2018,Joffrey Lauvergne,1.54%
2993,2017-2018,Glenn Robinson III,1.54%
2994,2017-2018,Julyan Stone,1.54%
2995,2017-2018,Bobby Portis,1.53%
2996,2017-2018,Malachi Richardson,1.52%
2997,2017-2018,Arron Afflalo,1.48%
2998,2017-2018,Luke Babbitt,1.48%
2999,2017-2018,Michael Beasley,1.48%
3000,2017-2018,Aaron Brooks,1.48%
3001,2017-2018,Jose Calderon,1.48%
3002,2017-2018,Mario Chalmers,1.48%
3003,2017-2018,Ian Clark,1.48%
3004,2017-2018,Nick Collison,1.48%
3005,2017-2018,Pat Connaughton,1.48%
3006,2017-2018,Raymond Felton,1.48%
3007,2017-2018,Jeff Green,1.48%
3008,2017-2018,Montrezl Harrell,1.48%
3009,2017-2018,Udonis Haslem,1.48%
3010,2017-2018,Rondae Hollis-Jefferson,1.48%
3011,2017-2018,Richaun Holmes,1.48%
3012,2017-2018,Josh Huestis,1.48%
3013,2017-2018,Jarrett Jack,1.48%
3014,2017-2018,Nikola Jokic,1.48%
3015,2017-2018,Tyus Jones,1.48%
3016,2017-2018,Shane Larkin,1.48%
3017,2017-2018,Kevon Looney,1.48%
3018,2017-2018,Jarell Martin,1.48%
3019,2017-2018,Luc Richard Mbah a Moute,1.48%
3020,2017-2018,T.J. McConnell,1.48%
3021,2017-2018,Chris McCullough,1.48%
3022,2017-2018,JaVale McGee,1.48%
3023,2017-2018,Salah Mejri,1.48%
3024,2017-2018,Jordan Mickey,1.48%
3025,2017-2018,Larry Nance Jr.,1.48%
3026,2017-2018,Raul Neto,1.48%
3027,2017-2018,Norman Powell,1.48%
3028,2017-2018,Josh Richardson,1.48%
3029,2017-2018,Mike Scott,1.48%
3030,2017-2018,Marreese Speights,1.48%
3031,2017-2018,Jason Terry,1.48%
3032,2017-2018,Dwyane Wade,1.48%
3033,2017-2018,David West,1.48%
3034,2017-2018,Joseph Young,1.48%
3035,2017-2018,Furkan Korkmaz,1.48%
3036,2017-2018,Caleb Swanigan,1.48%
3037,2017-2018,Richard Jefferson,1.47%
3038,2017-2018,Willy Hernangomez,1.45%
3039,2017-2018,Jameer Nelson,1.44%
3040,2017-2018,Kyle Kuzma,1.44%
3041,2017-2018,Tony Bradley,1.43%
3042,2017-2018,Derrick White,1.42%
3043,2017-2018,Josh Hart,1.41%
3044,2017-2018,Timothe Luwawu-Cabarrot,1.40%
3045,2017-2018,Davis Bertans,1.32%
3046,2017-2018,Malcolm Brogdon,1.32%
3047,2017-2018,Deyonta Davis,1.32%
3048,2017-2018,Cheick Diallo,1.32%
3049,2017-2018,Yogi Ferrell,1.32%
3050,2017-2018,Dorian Finney-Smith,1.32%
3051,2017-2018,Bryn Forbes,1.32%
3052,2017-2018,Marcus Georges-Hunt,1.32%
3053,2017-2018,Treveon Graham,1.32%
3054,2017-2018,Andrew Harrison,1.32%
3055,2017-2018,Damian Jones,1.32%
3056,2017-2018,Skal Labissiere,1.32%
3057,2017-2018,Jake Layman,1.32%
3058,2017-2018,Patrick McCaw,1.32%
3059,2017-2018,Rodney McGruder,1.32%
3060,2017-2018,Dejounte Murray,1.32%
3061,2017-2018,David Nwaba,1.32%
3062,2017-2018,Chinanu Onuaku,1.32%
3063,2017-2018,Wayne Selden,1.32%
3064,2017-2018,Pascal Siakam,1.32%
3065,2017-2018,Isaiah Taylor,1.32%
3066,2017-2018,Tyler Ulis,1.32%
3067,2017-2018,Fred VanVleet,1.32%
3068,2017-2018,Isaiah Whitehead,1.32%
3069,2017-2018,Paul Zipser,1.32%
3070,2017-2018,Ivica Zubac,1.32%
3071,2017-2018,Semi Ojeleye,1.30%
3072,2017-2018,Frank Mason III,1.20%
3073,2017-2018,Abdel Nader,1.18%
3074,2017-2018,Damyean Dotson,1.11%
3075,2017-2018,Wesley Iwundu,1.06%
3076,2017-2018,Ike Anigbogu,0.96%
3077,2017-2018,Ivan Rabb,0.96%
3078,2017-2018,Gerald Green,0.88%
3079,2017-2018,Dwayne Bacon,0.82%
3080,2017-2018,Jordan Bell,0.82%
3081,2017-2018,Khem Birch,0.82%
3082,2017-2018,Dillon Brooks,0.82%
3083,2017-2018,Sterling Brown,0.82%
3084,2017-2018,Thomas Bryant,0.82%
3085,2017-2018,Tyler Dorsey,0.82%
3086,2017-2018,Jawun Evans,0.82%
3087,2017-2018,Frank Jackson,0.82%
3088,2017-2018,Dakari Johnson,0.82%
3089,2017-2018,Maxi Kleber,0.82%
3090,2017-2018,Alfonzo McKinnie,0.82%
3091,2017-2018,Royce O'Neale,0.82%
3092,2017-2018,Brandon Paul,0.82%
3093,2017-2018,Zhou Qi,0.82%
3094,2017-2018,Davon Reed,0.82%
3095,2017-2018,Daniel Theis,0.82%
3096,2017-2018,Sindarius Thornwell,0.82%
3097,2017-2018,Trey Burke,0.79%
3098,2017-2018,Alex Poythress,0.79%
3099,2017-2018,Dwight Buycks,0.76%
3100,2017-2018,Tyler Cavanaugh,0.69%
3101,2017-2018,Emeka Okafor,0.60%
3102,2017-2018,DeAndre Liggins,0.59%
3103,2017-2018,Marco Belinelli,0.50%
3104,2017-2018,Joe Johnson,0.48%
3105,2017-2018,Ersan Ilyasova,0.36%
3106,2017-2018,Corey Brewer,0.34%
3107,2017-2018,Trevor Booker,0.34%
3108,2017-2018,Shabazz Muhammad,0.33%
3109,2017-2018,Derrick Rose,0.29%
3110,2017-2018,Kyle Collinsworth,0.29%
3111,2017-2018,Wade Baldwin,0.23%
3112,2017-2018,Ramon Sessions,0.23%
3113,2017-2018,Troy Williams,0.22%
3114,2017-2018,Georgios Papagiannis,0.19%
3115,2017-2018,Shaquille Harrison,0.18%
3116,2017-2018,Travis Wear,0.15%
3117,2017-2018,Antonius Cleveland,0.13%
3118,2017-2018,Brandon Jennings,0.13%
3119,2017-2018,Jaylen Morris,0.10%
3120,2017-2018,Aaron Harrison,0.09%
3121,2017-2018,Rodney Purvis,0.07%
3122,2017-2018,Jordan Crawford,0.06%
3123,2017-2018,Nigel Hayes-Davis,0.06%
3124,2017-2018,MarShon Brooks,0.05%
3125,2017-2018,Damion Lee,0.05%
3126,2017-2018,Jonathan Gibson,0.04%
3127,2017-2018,David Stockton,0.04%
3128,2017-2018,Okaro White,0.04%
3129,2017-2018,Omari Johnson,0.03%
3130,2017-2018,Quinn Cook,0.02%
3131,2017-2018,Andre Ingram,0.01%
3132,2017-2018,C.J. Williams,0.01%
3133,2017-2018,Lorenzo Brown,0.01%
3134,2017-2018,Ty Lawson,0.01%
3135,2017-2018,Kendrick Perkins,0.01%
3136,2017-2018,Aaron Jackson,0.00%
3137,2017-2018,Amile Jefferson,0.00%
3138,2018-2019,Stephen Curry,36.77%
3139,2018-2019,LeBron James,35.00%
3140,2018-2019,Chris Paul,35.00%
3141,2018-2019,Russell Westbrook,35.00%
3142,2018-2019,Kyle Lowry,32.10%
3143,2018-2019,Blake Griffin,31.50%
3144,2018-2019,Gordon Hayward,30.64%
3145,2018-2019,Paul George,30.00%
3146,2018-2019,Mike Conley,29.96%
3147,2018-2019,James Harden,29.86%
3148,2018-2019,Kevin Durant,29.45%
3149,2018-2019,Paul Millsap,28.69%
3150,2018-2019,Al Horford,28.40%
3151,2018-2019,Damian Lillard,27.46%
3152,2018-2019,DeMar DeRozan,27.23%
3153,2018-2019,Otto Porter Jr.,25.53%
3154,2018-2019,Jrue Holiday,25.50%
3155,2018-2019,C.J. McCollum,25.29%
3156,2018-2019,Joel Embiid,25.00%
3157,2018-2019,Nikola Jokic,25.00%
3158,2018-2019,Andrew Wiggins,25.00%
3159,2018-2019,Bradley Beal,24.97%
3160,2018-2019,Anthony Davis,24.97%
3161,2018-2019,Andre Drummond,24.97%
3162,2018-2019,Hassan Whiteside,24.97%
3163,2018-2019,Harrison Barnes,24.34%
3164,2018-2019,Steven Adams,23.71%
3165,2018-2019,Giannis Antetokounmpo,23.71%
3166,2018-2019,Marc Gasol,23.68%
3167,2018-2019,Kevin Love,23.68%
3168,2018-2019,Chandler Parsons,23.67%
3169,2018-2019,Nicolas Batum,23.56%
3170,2018-2019,Rudy Gobert,23.06%
3171,2018-2019,Kawhi Leonard,22.69%
3172,2018-2019,DeAndre Jordan,22.48%
3173,2018-2019,LaMarcus Aldridge,21.94%
3174,2018-2019,Serge Ibaka,21.27%
3175,2018-2019,Aaron Gordon,21.19%
3176,2018-2019,Danilo Gallinari,21.19%
3177,2018-2019,Victor Oladipo,20.61%
3178,2018-2019,Jimmy Butler,20.07%
3179,2018-2019,Ryan Anderson,20.05%
3180,2018-2019,Kyrie Irving,19.73%
3181,2018-2019,Jabari Parker,19.63%
3182,2018-2019,Zach LaVine,19.14%
3183,2018-2019,Tyler Johnson,18.89%
3184,2018-2019,Tim Hardaway Jr.,18.85%
3185,2018-2019,John Wall,18.82%
3186,2018-2019,George Hill,18.65%
3187,2018-2019,Jeff Teague,18.65%
3188,2018-2019,Klay Thompson,18.64%
3189,2018-2019,Allen Crabbe,18.16%
3190,2018-2019,Goran Dragic,17.78%
3191,2018-2019,Kent Bazemore,17.76%
3192,2018-2019,Evan Turner,17.54%
3193,2018-2019,Draymond Green,17.15%
3194,2018-2019,Tristan Thompson,17.15%
3195,2018-2019,Reggie Jackson,16.73%
3196,2018-2019,Bismack Biyombo,16.69%
3197,2018-2019,Evan Fournier,16.69%
3198,2018-2019,Derrick Favors,16.59%
3199,2018-2019,Jonas Valanciunas,16.24%
3200,2018-2019,Gary Harris,16.21%
3201,2018-2019,Andre Iguodala,15.71%
3202,2018-2019,Timofey Mozgov,15.71%
3203,2018-2019,Ian Mahinmi,15.65%
3204,2018-2019,Dennis Schröder,15.22%
3205,2018-2019,DeMarre Carroll,15.12%
3206,2018-2019,Gorgui Dieng,14.89%
3207,2018-2019,Trevor Ariza,14.72%
3208,2018-2019,Eric Bledsoe,14.72%
3209,2018-2019,Ricky Rubio,14.70%
3210,2018-2019,Tobias Harris,14.53%
3211,2018-2019,J.R. Smith,14.45%
3212,2018-2019,James Johnson,14.38%
3213,2018-2019,Brandon Knight,14.36%
3214,2018-2019,Robin Lopez,14.09%
3215,2018-2019,Marvin Williams,13.83%
3216,2018-2019,Taj Gibson,13.74%
3217,2018-2019,Clint Capela,13.54%
3218,2018-2019,Thaddeus Young,13.51%
3219,2018-2019,Cody Zeller,13.28%
3220,2018-2019,Eric Gordon,13.25%
3221,2018-2019,Nikola Vucevic,13.01%
3222,2018-2019,Joe Ingles,12.81%
3223,2018-2019,Michael Kidd-Gilchrist,12.76%
3224,2018-2019,Khris Middleton,12.76%
3225,2018-2019,Mason Plumlee,12.68%
3226,2018-2019,Wilson Chandler,12.57%
3227,2018-2019,Jordan Clarkson,12.27%
3228,2018-2019,Nikola Mirotic,12.27%
3229,2018-2019,Miles Plumlee,12.27%
3230,2018-2019,Tyreke Evans,12.17%
3231,2018-2019,Jusuf Nurkic,12.13%
3232,2018-2019,Courtney Lee,12.03%
3233,2018-2019,Solomon Hill,12.03%
3234,2018-2019,J.J. Redick,12.03%
3235,2018-2019,Kelly Olynyk,11.91%
3236,2018-2019,Avery Bradley,11.78%
3237,2018-2019,Kentavious Caldwell-Pope,11.78%
3238,2018-2019,Kemba Walker,11.78%
3239,2018-2019,Will Barton,11.61%
3240,2018-2019,T.J. Warren,11.53%
3241,2018-2019,Marcus Smart,11.45%
3242,2018-2019,Patty Mills,11.36%
3243,2018-2019,Dion Waiters,11.34%
3244,2018-2019,Alec Burks,11.32%
3245,2018-2019,John Henson,11.12%
3246,2018-2019,Iman Shumpert,10.81%
3247,2018-2019,Tony Snell,10.61%
3248,2018-2019,Meyers Leonard,10.40%
3249,2018-2019,Bojan Bogdanovic,10.31%
3250,2018-2019,Terrence Ross,10.31%
3251,2018-2019,Robert Covington,10.27%
3252,2018-2019,Maurice Harkless,10.15%
3253,2018-2019,Rudy Gay,9.90%
3254,2018-2019,Jon Leuer,9.82%
3255,2018-2019,Darren Collison,9.82%
3256,2018-2019,Danny Green,9.82%
3257,2018-2019,Andre Roberson,9.82%
3258,2018-2019,Dwight Powell,9.45%
3259,2018-2019,Matthew Dellavedova,9.43%
3260,2018-2019,Dante Exum,9.42%
3261,2018-2019,Jared Dudley,9.36%
3262,2018-2019,Norman Powell,9.20%
3263,2018-2019,Josh Richardson,9.20%
3264,2018-2019,Bogdan Bogdanovic,8.83%
3265,2018-2019,Rajon Rondo,8.83%
3266,2018-2019,E'Twaun Moore,8.65%
3267,2018-2019,Kosta Koufos,8.58%
3268,2018-2019,Jerami Grant,8.50%
3269,2018-2019,Fred VanVleet,8.50%
3270,2018-2019,Kyle Anderson,8.48%
3271,2018-2019,Julius Randle,8.48%
3272,2018-2019,Jerryd Bayless,8.42%
3273,2018-2019,Cristiano Felicio,8.32%
3274,2018-2019,Markelle Fultz,8.19%
3275,2018-2019,Joe Harris,8.18%
3276,2018-2019,C.J. Miles,8.18%
3277,2018-2019,Shaun Livingston,8.16%
3278,2018-2019,Deandre Ayton,8.02%
3279,2018-2019,Garrett Temple,7.85%
3280,2018-2019,Louis Williams,7.85%
3281,2018-2019,P.J. Tucker,7.82%
3282,2018-2019,Cory Joseph,7.80%
3283,2018-2019,JaMychal Green,7.72%
3284,2018-2019,Karl-Anthony Towns,7.70%
3285,2018-2019,Kyle Korver,7.42%
3286,2018-2019,Jeremy Lamb,7.35%
3287,2018-2019,Lonzo Ball,7.33%
3288,2018-2019,Doug McDermott,7.20%
3289,2018-2019,Jae Crowder,7.17%
3290,2018-2019,Marvin Bagley III,7.17%
3291,2018-2019,D.J. Augustin,7.12%
3292,2018-2019,Dewayne Dedmon,7.07%
3293,2018-2019,Lance Thomas,6.99%
3294,2018-2019,D'Angelo Russell,6.89%
3295,2018-2019,Davis Bertans,6.87%
3296,2018-2019,Langston Galloway,6.87%
3297,2018-2019,Ersan Ilyasova,6.87%
3298,2018-2019,Boban Marjanovic,6.87%
3299,2018-2019,Al-Farouq Aminu,6.83%
3300,2018-2019,Jayson Tatum,6.58%
3301,2018-2019,Luka Doncic,6.44%
3302,2018-2019,Nemanja Bjelica,6.38%
3303,2018-2019,Mario Hezonja,6.38%
3304,2018-2019,Ben Simmons,6.32%
3305,2018-2019,Marco Belinelli,6.04%
3306,2018-2019,Josh Jackson,5.93%
3307,2018-2019,Montrezl Harrell,5.89%
3308,2018-2019,Jonathon Simmons,5.89%
3309,2018-2019,Ishmael Smith,5.89%
3310,2018-2019,Jaren Jackson Jr.,5.81%
3311,2018-2019,Brandon Ingram,5.65%
3312,2018-2019,Anthony Tolliver,5.64%
3313,2018-2019,Kristaps Porzingis,5.59%
3314,2018-2019,De'Aaron Fox,5.37%
3315,2018-2019,Patrick Patterson,5.35%
3316,2018-2019,Marcus Morris Sr.,5.28%
3317,2018-2019,Trae Young,5.26%
3318,2018-2019,DeMarcus Cousins,5.24%
3319,2018-2019,Dwight Howard,5.24%
3320,2018-2019,Thabo Sefolosha,5.15%
3321,2018-2019,Aron Baynes,5.10%
3322,2018-2019,Jaylen Brown,5.08%
3323,2018-2019,Patrick Beverley,4.93%
3324,2018-2019,Mike Muscala,4.91%
3325,2018-2019,Dirk Nowitzki,4.91%
3326,2018-2019,Tony Parker,4.91%
3327,2018-2019,Jonathan Isaac,4.88%
3328,2018-2019,Mohamed Bamba,4.78%
3329,2018-2019,Willie Cauley-Stein,4.61%
3330,2018-2019,Dragan Bender,4.58%
3331,2018-2019,Lauri Markkanen,4.45%
3332,2018-2019,Ed Davis,4.37%
3333,2018-2019,Kyle O'Quinn,4.37%
3334,2018-2019,Lance Stephenson,4.37%
3335,2018-2019,Wendell Carter Jr.,4.36%
3336,2018-2019,Justin Holiday,4.30%
3337,2018-2019,Alex Len,4.27%
3338,2018-2019,Mike Scott,4.24%
3339,2018-2019,Emmanuel Mudiay,4.22%
3340,2018-2019,Kris Dunn,4.14%
3341,2018-2019,Frank Ntilikina,4.08%
3342,2018-2019,Glenn Robinson III,4.00%
3343,2018-2019,Collin Sexton,3.99%
3344,2018-2019,Stanley Johnson,3.87%
3345,2018-2019,Buddy Hield,3.76%
3346,2018-2019,Dennis Smith Jr.,3.75%
3347,2018-2019,Kevin Knox,3.67%
3348,2018-2019,Jose Barea,3.64%
3349,2018-2019,Nene Hilario,3.58%
3350,2018-2019,Zach Collins,3.56%
3351,2018-2019,Frank Kaminsky,3.56%
3352,2018-2019,Mikal Bridges,3.49%
3353,2018-2019,Jamal Murray,3.44%
3354,2018-2019,Rodney Hood,3.41%
3355,2018-2019,Justise Winslow,3.39%
3356,2018-2019,Malik Monk,3.38%
3357,2018-2019,Myles Turner,3.35%
3358,2018-2019,Brook Lopez,3.32%
3359,2018-2019,Allonzo Trier,3.32%
3360,2018-2019,Shai Gilgeous-Alexander,3.31%
3361,2018-2019,Trey Lyles,3.30%
3362,2018-2019,Ekpe Udoh,3.30%
3363,2018-2019,Devin Booker,3.25%
3364,2018-2019,Luke Kennard,3.22%
3365,2018-2019,Troy Daniels,3.20%
3366,2018-2019,Kelly Oubre Jr.,3.15%
3367,2018-2019,Miles Bridges,3.15%
3368,2018-2019,Marquese Chriss,3.15%
3369,2018-2019,Tomas Satoransky,3.07%
3370,2018-2019,Bryn Forbes,3.07%
3371,2018-2019,Donovan Mitchell,3.05%
3372,2018-2019,Terry Rozier,2.99%
3373,2018-2019,Jerome Robinson,2.99%
3374,2018-2019,Yogi Ferrell,2.95%
3375,2018-2019,Elfrid Payton,2.95%
3376,2018-2019,Bam Adebayo,2.90%
3377,2018-2019,Jakob Poeltl,2.89%
3378,2018-2019,Michael Porter Jr.,2.84%
3379,2018-2019,Justin Jackson,2.76%
3380,2018-2019,Thon Maker,2.75%
3381,2018-2019,Seth Curry,2.74%
3382,2018-2019,Cedi Osman,2.72%
3383,2018-2019,Sam Dekker,2.71%
3384,2018-2019,Troy Brown Jr.,2.70%
3385,2018-2019,Guerschon Yabusele,2.62%
3386,2018-2019,Domantas Sabonis,2.61%
3387,2018-2019,Jerian Grant,2.59%
3388,2018-2019,Zhaire Smith,2.56%
3389,2018-2019,Delon Wright,2.49%
3390,2018-2019,DJ Wilson,2.49%
3391,2018-2019,Taurean Prince,2.48%
3392,2018-2019,Dario Saric,2.48%
3393,2018-2019,Justin Anderson,2.47%
3394,2018-2019,Reggie Bullock,2.45%
3395,2018-2019,Bobby Portis,2.45%
3396,2018-2019,Dante Cunningham,2.44%
3397,2018-2019,Donte DiVincenzo,2.44%
3398,2018-2019,Rondae Hollis-Jefferson,2.43%
3399,2018-2019,Tyus Jones,2.40%
3400,2018-2019,Jarell Martin,2.37%
3401,2018-2019,TJ Leaf,2.36%
3402,2018-2019,Wayne Ellington,2.34%
3403,2018-2019,Lonnie Walker IV,2.31%
3404,2018-2019,John Collins,2.26%
3405,2018-2019,Denzel Valentine,2.24%
3406,2018-2019,Larry Nance Jr.,2.23%
3407,2018-2019,Kevin Huerter,2.21%
3408,2018-2019,Harry Giles,2.17%
3409,2018-2019,Darius Miller,2.16%
3410,2018-2019,Juancho Hernangomez,2.13%
3411,2018-2019,Josh Okogie,2.12%
3412,2018-2019,Raul Neto,2.11%
3413,2018-2019,Terrance Ferguson,2.08%
3414,2018-2019,Grayson Allen,2.04%
3415,2018-2019,Jarrett Allen,2.00%
3416,2018-2019,Corey Brewer,1.96%
3417,2018-2019,Torrey Craig,1.96%
3418,2018-2019,Chandler Hutchison,1.96%
3419,2018-2019,OG Anunoby,1.92%
3420,2018-2019,Ante Zizic,1.92%
3421,2018-2019,Shabazz Napier,1.91%
3422,2018-2019,Aaron Holiday,1.88%
3423,2018-2019,Tyler Lydon,1.84%
3424,2018-2019,Anfernee Simons,1.80%
3425,2018-2019,Trey Burke,1.76%
3426,2018-2019,Malik Beasley,1.74%
3427,2018-2019,Moritz Wagner,1.73%
3428,2018-2019,Nerlens Noel,1.73%
3429,2018-2019,Furkan Korkmaz,1.71%
3430,2018-2019,Caleb Swanigan,1.71%
3431,2018-2019,Landry Shamet,1.67%
3432,2018-2019,Caris LeVert,1.67%
3433,2018-2019,Jonah Bolden,1.66%
3434,2018-2019,Kyle Kuzma,1.66%
3435,2018-2019,Tony Bradley,1.65%
3436,2018-2019,Derrick White,1.64%
3437,2018-2019,Spencer Dinwiddie,1.63%
3438,2018-2019,Josh Hart,1.62%
3439,2018-2019,Robert Williams III,1.62%
3440,2018-2019,Jacob Evans,1.61%
3441,2018-2019,Pat Connaughton,1.61%
3442,2018-2019,DeAndre' Bembry,1.60%
3443,2018-2019,Dzanan Musa,1.60%
3444,2018-2019,James Ennis III,1.59%
3445,2018-2019,Omari Spellman,1.59%
3446,2018-2019,Luke Kornet,1.59%
3447,2018-2019,Rodions Kurucs,1.59%
3448,2018-2019,Richaun Holmes,1.57%
3449,2018-2019,T.J. McConnell,1.57%
3450,2018-2019,Jahlil Okafor,1.54%
3451,2018-2019,Malcolm Brogdon,1.52%
3452,2018-2019,Quinn Cook,1.52%
3453,2018-2019,Cheick Diallo,1.52%
3454,2018-2019,Dorian Finney-Smith,1.52%
3455,2018-2019,Willy Hernangomez,1.52%
3456,2018-2019,Damian Jones,1.52%
3457,2018-2019,Skal Labissiere,1.52%
3458,2018-2019,Jake Layman,1.52%
3459,2018-2019,Timothe Luwawu-Cabarrot,1.52%
3460,2018-2019,Rodney McGruder,1.52%
3461,2018-2019,Dejounte Murray,1.52%
3462,2018-2019,Wayne Selden,1.52%
3463,2018-2019,Pascal Siakam,1.52%
3464,2018-2019,Ivica Zubac,1.52%
3465,2018-2019,Jose Calderon,1.48%
3466,2018-2019,Vince Carter,1.48%
3467,2018-2019,Ian Clark,1.48%
3468,2018-2019,Jamal Crawford,1.48%
3469,2018-2019,Luol Deng,1.48%
3470,2018-2019,Raymond Felton,1.48%
3471,2018-2019,Channing Frye,1.48%
3472,2018-2019,Treveon Graham,1.48%
3473,2018-2019,Gerald Green,1.48%
3474,2018-2019,Jeff Green,1.48%
3475,2018-2019,Devin Harris,1.48%
3476,2018-2019,Udonis Haslem,1.48%
3477,2018-2019,Jonas Jerebko,1.48%
3478,2018-2019,Amir Johnson,1.48%
3479,2018-2019,Derrick Jones Jr.,1.48%
3480,2018-2019,Kevon Looney,1.48%
3481,2018-2019,Shelvin Mack,1.48%
3482,2018-2019,JaVale McGee,1.48%
3483,2018-2019,Georges Niang,1.48%
3484,2018-2019,David Nwaba,1.48%
3485,2018-2019,Zaza Pachulia,1.48%
3486,2018-2019,Quincy Pondexter,1.48%
3487,2018-2019,Derrick Rose,1.48%
3488,2018-2019,Isaiah Thomas,1.48%
3489,2018-2019,Noah Vonleh,1.48%
3490,2018-2019,Dwyane Wade,1.48%
3491,2018-2019,Christian Wood,1.48%
3492,2018-2019,Sviatoslav Mykhailiuk,1.46%
3493,2018-2019,Mitchell Robinson,1.46%
3494,2018-2019,Dwayne Bacon,1.35%
3495,2018-2019,Jordan Bell,1.35%
3496,2018-2019,Khem Birch,1.35%
3497,2018-2019,Dillon Brooks,1.35%
3498,2018-2019,Sterling Brown,1.35%
3499,2018-2019,Thomas Bryant,1.35%
3500,2018-2019,Tyler Dorsey,1.35%
3501,2018-2019,Damyean Dotson,1.35%
3502,2018-2019,Wesley Iwundu,1.35%
3503,2018-2019,Frank Jackson,1.35%
3504,2018-2019,Maxi Kleber,1.35%
3505,2018-2019,Frank Mason III,1.35%
3506,2018-2019,Abdel Nader,1.35%
3507,2018-2019,Royce O'Neale,1.35%
3508,2018-2019,Semi Ojeleye,1.35%
3509,2018-2019,Ivan Rabb,1.35%
3510,2018-2019,Daniel Theis,1.35%
3511,2018-2019,Sindarius Thornwell,1.35%
3512,2018-2019,Ryan Arcidiacono,1.32%
3513,2018-2019,Antonio Blakeney,1.32%
3514,2018-2019,Alfonzo McKinnie,1.32%
3515,2018-2019,Monte Morris,1.32%
3516,2018-2019,Tyrone Wallace,1.32%
3517,2018-2019,Tyson Chandler,1.31%
3518,2018-2019,Shaquille Harrison,1.29%
3519,2018-2019,Élie Okobo,1.22%
3520,2018-2019,Jalen Brunson,1.21%
3521,2018-2019,Joakim Noah,1.07%
3522,2018-2019,Melvin Frazier Jr.,1.03%
3523,2018-2019,Isaac Bonga,0.98%
3524,2018-2019,Devonte' Graham,0.97%
3525,2018-2019,De'Anthony Melton,0.93%
3526,2018-2019,Austin Rivers,0.91%
3527,2018-2019,Chasson Randle,0.85%
3528,2018-2019,Keita Bates-Diop,0.82%
3529,2018-2019,Ryan Broekhoff,0.82%
3530,2018-2019,Bruce Brown Jr.,0.82%
3531,2018-2019,Jevon Carter,0.82%
3532,2018-2019,Hamidou Diallo,0.82%
3533,2018-2019,Isaiah Hartenstein,0.82%
3534,2018-2019,Alize Johnson,0.82%
3535,2018-2019,Chimezie Metu,0.82%
3536,2018-2019,Khyri Thomas,0.82%
3537,2018-2019,Gary Trent Jr.,0.82%
3538,2018-2019,Jarred Vanderbilt,0.82%
3539,2018-2019,Brad Wanamaker,0.82%
3540,2018-2019,Kenrich Williams,0.82%
3541,2018-2019,Patrick McCaw,0.77%
3542,2018-2019,Kenneth Faried,0.67%
3543,2018-2019,Gary Clark,0.59%
3544,2018-2019,Bruno Caboclo,0.51%
3545,2018-2019,Wesley Matthews,0.50%
3546,2018-2019,Salah Mejri,0.50%
3547,2018-2019,Nik Stauskas,0.49%
3548,2018-2019,Enes Freedom,0.48%
3549,2018-2019,Jeremy Lin,0.48%
3550,2018-2019,John Jenkins,0.48%
3551,2018-2019,Chris Boucher,0.45%
3552,2018-2019,Malcolm Miller,0.45%
3553,2018-2019,Edmond Sumner,0.44%
3554,2018-2019,Markieff Morris,0.42%
3555,2018-2019,Henry Ellenson,0.34%
3556,2018-2019,Pau Gasol,0.33%
3557,2018-2019,Andrew Bogut,0.30%
3558,2018-2019,Danuel House Jr.,0.24%
3559,2018-2019,Jaylen Adams,0.23%
3560,2018-2019,Tim Frazier,0.19%
3561,2018-2019,Dairis Bertans,0.19%
3562,2018-2019,Ray Spalding,0.18%
3563,2018-2019,Jimmer Fredette,0.17%
3564,2018-2019,Deonte Burton,0.15%
3565,2018-2019,Jodie Meeks,0.13%
3566,2018-2019,Cam Reynolds,0.11%
3567,2018-2019,Walter Lemon Jr.,0.10%
3568,2018-2019,Chris Chiozza,0.09%
3569,2018-2019,Michael Carter-Williams,0.06%
3570,2018-2019,Greg Monroe,0.06%
3571,2018-2019,Donatas Motiejunas,0.06%
3572,2018-2019,Jermerrio Jones,0.05%
3573,2018-2019,Tyler Zeller,0.05%
3574,2018-2019,Isaac Humphries,0.05%
3575,2018-2019,B.J. Johnson,0.05%
3576,2018-2019,Billy Garrett,0.04%
3577,2018-2019,Deyonta Davis,0.03%
3578,2018-2019,Michael Frazier,0.02%
3579,2018-2019,Jonathan Gibson,0.02%
3580,2018-2019,Jordan McRae,0.02%
3581,2018-2019,Eric Moreland,0.02%
3582,2018-2019,Yante Maten,0.01%
3583,2018-2019,Mitch Creek,0.01%
3584,2018-2019,Tarik Phillip,0.01%
3585,2018-2019,Duncan Robinson,0.01%
3586,2018-2019,Kendrick Nunn,0.00%
3587,2018-2019,Theo Pinson,0.00%
3588,2019-2020,Stephen Curry,36.86%
3589,2019-2020,Chris Paul,35.28%
3590,2019-2020,Russell Westbrook,35.28%
3591,2019-2020,Kevin Durant,35.00%
3592,2019-2020,James Harden,35.00%
3593,2019-2020,John Wall,35.00%
3594,2019-2020,LeBron James,34.30%
3595,2019-2020,Kyle Lowry,32.07%
3596,2019-2020,Blake Griffin,31.56%
3597,2019-2020,Paul George,30.24%
3598,2019-2020,Jimmy Butler,30.00%
3599,2019-2020,Tobias Harris,30.00%
3600,2019-2020,Kawhi Leonard,30.00%
3601,2019-2020,Klay Thompson,30.00%
3602,2019-2020,Kemba Walker,30.00%
3603,2019-2020,Gordon Hayward,29.96%
3604,2019-2020,Mike Conley,29.79%
3605,2019-2020,Kyrie Irving,29.08%
3606,2019-2020,Khris Middleton,28.04%
3607,2019-2020,Paul Millsap,27.81%
3608,2019-2020,Damian Lillard,27.31%
3609,2019-2020,Kevin Love,26.52%
3610,2019-2020,Al Horford,25.66%
3611,2019-2020,Nikola Vucevic,25.66%
3612,2019-2020,Andre Drummond,25.61%
3613,2019-2020,DeMar DeRozan,25.42%
3614,2019-2020,C.J. McCollum,25.25%
3615,2019-2020,Joel Embiid,25.20%
3616,2019-2020,Nikola Jokic,25.20%
3617,2019-2020,Andrew Wiggins,25.20%
3618,2019-2020,Devin Booker,25.00%
3619,2019-2020,Kristaps Porzingis,25.00%
3620,2019-2020,D'Angelo Russell,25.00%
3621,2019-2020,Karl-Anthony Towns,25.00%
3622,2019-2020,Otto Porter Jr.,24.97%
3623,2019-2020,Bradley Beal,24.82%
3624,2019-2020,Anthony Davis,24.82%
3625,2019-2020,Hassan Whiteside,24.82%
3626,2019-2020,Jrue Holiday,24.03%
3627,2019-2020,LaMarcus Aldridge,23.82%
3628,2019-2020,Steven Adams,23.68%
3629,2019-2020,Giannis Antetokounmpo,23.68%
3630,2019-2020,Marc Gasol,23.45%
3631,2019-2020,Nicolas Batum,23.42%
3632,2019-2020,Rudy Gobert,22.91%
3633,2019-2020,Harrison Barnes,22.13%
3634,2019-2020,Serge Ibaka,21.32%
3635,2019-2020,Danilo Gallinari,20.72%
3636,2019-2020,Victor Oladipo,19.24%
3637,2019-2020,Tim Hardaway Jr.,18.35%
3638,2019-2020,Malcolm Brogdon,18.33%
3639,2019-2020,Terry Rozier,18.23%
3640,2019-2020,Aaron Gordon,18.20%
3641,2019-2020,Zach LaVine,17.87%
3642,2019-2020,Kent Bazemore,17.66%
3643,2019-2020,Goran Dragic,17.61%
3644,2019-2020,Jeff Teague,17.41%
3645,2019-2020,Evan Turner,17.05%
3646,2019-2020,Draymond Green,16.99%
3647,2019-2020,Tristan Thompson,16.99%
3648,2019-2020,Gary Harris,16.76%
3649,2019-2020,Julius Randle,16.49%
3650,2019-2020,Myles Turner,16.49%
3651,2019-2020,Derrick Favors,16.17%
3652,2019-2020,Andre Iguodala,15.75%
3653,2019-2020,Evan Fournier,15.71%
3654,2019-2020,Bismack Biyombo,15.58%
3655,2019-2020,Bojan Bogdanovic,15.58%
3656,2019-2020,Gorgui Dieng,14.87%
3657,2019-2020,Ricky Rubio,14.84%
3658,2019-2020,Jonas Valanciunas,14.66%
3659,2019-2020,Brandon Knight,14.33%
3660,2019-2020,Eric Bledsoe,14.32%
3661,2019-2020,Kelly Oubre Jr.,14.32%
3662,2019-2020,Dennis Schröder,14.20%
3663,2019-2020,Ian Mahinmi,14.16%
3664,2019-2020,James Johnson,13.86%
3665,2019-2020,Marcus Morris Sr.,13.74%
3666,2019-2020,Bobby Portis,13.74%
3667,2019-2020,Clint Capela,13.65%
3668,2019-2020,Danny Green,13.41%
3669,2019-2020,Rudy Gay,13.29%
3670,2019-2020,Cody Zeller,13.26%
3671,2019-2020,Eric Gordon,12.88%
3672,2019-2020,Mason Plumlee,12.87%
3673,2019-2020,J.J. Redick,12.36%
3674,2019-2020,Jordan Clarkson,12.31%
3675,2019-2020,Dewayne Dedmon,12.22%
3676,2019-2020,Jusuf Nurkic,12.14%
3677,2019-2020,Justise Winslow,11.91%
3678,2019-2020,Thaddeus Young,11.82%
3679,2019-2020,Will Barton,11.71%
3680,2019-2020,Courtney Lee,11.69%
3681,2019-2020,Solomon Hill,11.69%
3682,2019-2020,Larry Nance Jr.,11.66%
3683,2019-2020,Kelly Olynyk,11.61%
3684,2019-2020,Marcus Smart,11.50%
3685,2019-2020,Terrence Ross,11.45%
3686,2019-2020,Patty Mills,11.39%
3687,2019-2020,Patrick Beverley,11.31%
3688,2019-2020,Trevor Ariza,11.18%
3689,2019-2020,Brook Lopez,11.08%
3690,2019-2020,Cory Joseph,11.00%
3691,2019-2020,Joe Ingles,10.95%
3692,2019-2020,Tony Snell,10.44%
3693,2019-2020,Robert Covington,10.35%
3694,2019-2020,Meyers Leonard,10.34%
3695,2019-2020,Maurice Harkless,10.09%
3696,2019-2020,T.J. Warren,9.90%
3697,2019-2020,Andre Roberson,9.84%
3698,2019-2020,Spencer Dinwiddie,9.72%
3699,2019-2020,Jeremy Lamb,9.62%
3700,2019-2020,Dwight Powell,9.40%
3701,2019-2020,Norman Powell,9.27%
3702,2019-2020,Josh Richardson,9.27%
3703,2019-2020,Tomas Satoransky,9.16%
3704,2019-2020,DeAndre Jordan,9.05%
3705,2019-2020,Zion Williamson,8.94%
3706,2019-2020,Markelle Fultz,8.93%
3707,2019-2020,John Henson,8.92%
3708,2019-2020,Matthew Dellavedova,8.80%
3709,2019-2020,Dante Exum,8.80%
3710,2019-2020,Deandre Ayton,8.76%
3711,2019-2020,Delon Wright,8.68%
3712,2019-2020,Jerami Grant,8.56%
3713,2019-2020,Fred VanVleet,8.56%
3714,2019-2020,Al-Farouq Aminu,8.48%
3715,2019-2020,Tyus Jones,8.48%
3716,2019-2020,George Hill,8.37%
3717,2019-2020,Kyle Anderson,8.31%
3718,2019-2020,Taj Gibson,8.25%
3719,2019-2020,Ja Morant,8.00%
3720,2019-2020,Lonzo Ball,7.99%
3721,2019-2020,E'Twaun Moore,7.94%
3722,2019-2020,Marvin Bagley III,7.84%
3723,2019-2020,Bogdan Bogdanovic,7.82%
3724,2019-2020,P.J. Tucker,7.65%
3725,2019-2020,Cristiano Felicio,7.47%
3726,2019-2020,Ben Simmons,7.43%
3727,2019-2020,Kentavious Caldwell-Pope,7.41%
3728,2019-2020,Thomas Bryant,7.33%
3729,2019-2020,Wayne Ellington,7.33%
3730,2019-2020,Maxi Kleber,7.33%
3731,2019-2020,Elfrid Payton,7.33%
3732,2019-2020,Louis Williams,7.33%
3733,2019-2020,R.J. Barrett,7.18%
3734,2019-2020,Jayson Tatum,7.17%
3735,2019-2020,Jae Crowder,7.16%
3736,2019-2020,Luka Doncic,7.04%
3737,2019-2020,Joe Harris,7.02%
3738,2019-2020,Seth Curry,6.84%
3739,2019-2020,Langston Galloway,6.72%
3740,2019-2020,Doug McDermott,6.72%
3741,2019-2020,Derrick Rose,6.70%
3742,2019-2020,Brandon Ingram,6.66%
3743,2019-2020,D.J. Augustin,6.64%
3744,2019-2020,Darius Miller,6.64%
3745,2019-2020,De'Andre Hunter,6.48%
3746,2019-2020,Josh Jackson,6.47%
3747,2019-2020,Davis Bertans,6.41%
3748,2019-2020,Ersan Ilyasova,6.41%
3749,2019-2020,Jaren Jackson Jr.,6.35%
3750,2019-2020,Nemanja Bjelica,6.25%
3751,2019-2020,Jaylen Brown,5.99%
3752,2019-2020,Jabari Parker,5.96%
3753,2019-2020,Ivica Zubac,5.94%
3754,2019-2020,Darius Garland,5.86%
3755,2019-2020,De'Aaron Fox,5.86%
3756,2019-2020,Trae Young,5.75%
3757,2019-2020,Montrezl Harrell,5.50%
3758,2019-2020,Ishmael Smith,5.50%
3759,2019-2020,Marco Belinelli,5.36%
3760,2019-2020,Jarrett Culver,5.33%
3761,2019-2020,Jonathan Isaac,5.32%
3762,2019-2020,Rodney Hood,5.24%
3763,2019-2020,Mohamed Bamba,5.22%
3764,2019-2020,Trey Lyles,5.04%
3765,2019-2020,Aron Baynes,5.00%
3766,2019-2020,Kris Dunn,4.90%
3767,2019-2020,Coby White,4.86%
3768,2019-2020,Lauri Markkanen,4.86%
3769,2019-2020,Wendell Carter Jr.,4.77%
3770,2019-2020,Daniel Theis,4.58%
3771,2019-2020,Jaxson Hayes,4.45%
3772,2019-2020,Buddy Hield,4.45%
3773,2019-2020,Frank Ntilikina,4.45%
3774,2019-2020,Rodney McGruder,4.41%
3775,2019-2020,Avery Bradley,4.37%
3776,2019-2020,Ed Davis,4.37%
3777,2019-2020,Enes Freedom,4.37%
3778,2019-2020,JaMychal Green,4.37%
3779,2019-2020,Justin Holiday,4.37%
3780,2019-2020,Richaun Holmes,4.37%
3781,2019-2020,Frank Kaminsky,4.37%
3782,2019-2020,Robin Lopez,4.37%
3783,2019-2020,Mike Scott,4.37%
3784,2019-2020,Garrett Temple,4.37%
3785,2019-2020,Collin Sexton,4.37%
3786,2019-2020,Rui Hachimura,4.09%
3787,2019-2020,Kevon Looney,4.09%
3788,2019-2020,Dennis Smith Jr.,4.09%
3789,2019-2020,Jamal Murray,4.07%
3790,2019-2020,Kevin Knox,4.01%
3791,2019-2020,Cam Reddish,3.89%
3792,2019-2020,Zach Collins,3.89%
3793,2019-2020,Mikal Bridges,3.81%
3794,2019-2020,Alex Len,3.81%
3795,2019-2020,Nicolo Melli,3.76%
3796,2019-2020,Cameron Johnson,3.70%
3797,2019-2020,Malik Monk,3.69%
3798,2019-2020,Reggie Bullock,3.67%
3799,2019-2020,Dorian Finney-Smith,3.67%
3800,2019-2020,Patrick McCaw,3.67%
3801,2019-2020,JaVale McGee,3.67%
3802,2019-2020,Shai Gilgeous-Alexander,3.62%
3803,2019-2020,PJ Washington,3.51%
3804,2019-2020,Luke Kennard,3.51%
3805,2019-2020,Miles Bridges,3.44%
3806,2019-2020,Jakob Poeltl,3.44%
3807,2019-2020,Tyler Herro,3.34%
3808,2019-2020,Donovan Mitchell,3.33%
3809,2019-2020,Stanley Johnson,3.32%
3810,2019-2020,Jake Layman,3.28%
3811,2019-2020,Thon Maker,3.27%
3812,2019-2020,Jerome Robinson,3.27%
3813,2019-2020,Danuel House Jr.,3.24%
3814,2019-2020,Domantas Sabonis,3.23%
3815,2019-2020,Boban Marjanovic,3.21%
3816,2019-2020,T.J. McConnell,3.21%
3817,2019-2020,Taurean Prince,3.19%
3818,2019-2020,Dario Saric,3.19%
3819,2019-2020,Romeo Langford,3.17%
3820,2019-2020,Bam Adebayo,3.16%
3821,2019-2020,Michael Porter Jr.,3.11%
3822,2019-2020,Denzel Valentine,3.09%
3823,2019-2020,Juancho Hernangomez,3.04%
3824,2019-2020,Sekou Doumbouya,3.01%
3825,2019-2020,Justin Jackson,3.01%
3826,2019-2020,Troy Brown Jr.,2.95%
3827,2019-2020,Yogi Ferrell,2.89%
3828,2019-2020,Zhaire Smith,2.80%
3829,2019-2020,Ryan Arcidiacono,2.75%
3830,2019-2020,Khem Birch,2.75%
3831,2019-2020,Quinn Cook,2.75%
3832,2019-2020,Nickeil Alexander-Walker,2.72%
3833,2019-2020,DJ Wilson,2.71%
3834,2019-2020,Cedi Osman,2.66%
3835,2019-2020,Donte DiVincenzo,2.66%
3836,2019-2020,Bryn Forbes,2.63%
3837,2019-2020,Goga Bitadze,2.58%
3838,2019-2020,TJ Leaf,2.58%
3839,2019-2020,Lonnie Walker IV,2.53%
3840,2019-2020,Alex Caruso,2.52%
3841,2019-2020,Malik Beasley,2.50%
3842,2019-2020,Luka Samanic,2.46%
3843,2019-2020,John Collins,2.46%
3844,2019-2020,Kevin Huerter,2.42%
3845,2019-2020,Caris LeVert,2.41%
3846,2019-2020,Marko Guduric,2.41%
3847,2019-2020,DeAndre' Bembry,2.39%
3848,2019-2020,Matisse Thybulle,2.37%
3849,2019-2020,Harry Giles,2.36%
3850,2019-2020,Wesley Matthews,2.35%
3851,2019-2020,Rajon Rondo,2.35%
3852,2019-2020,Josh Okogie,2.32%
3853,2019-2020,Vincent Poirier,2.30%
3854,2019-2020,Rondae Hollis-Jefferson,2.29%
3855,2019-2020,Brandon Clarke,2.27%
3856,2019-2020,Terrance Ferguson,2.27%
3857,2019-2020,Grayson Allen,2.23%
3858,2019-2020,Grant Williams,2.18%
3859,2019-2020,Jarrett Allen,2.18%
3860,2019-2020,Pascal Siakam,2.15%
3861,2019-2020,Skal Labissiere,2.14%
3862,2019-2020,Chandler Hutchison,2.14%
3863,2019-2020,Dejounte Murray,2.13%
3864,2019-2020,Damian Jones,2.11%
3865,2019-2020,Darius Bazley,2.09%
3866,2019-2020,OG Anunoby,2.09%
3867,2019-2020,Ante Zizic,2.09%
3868,2019-2020,Luke Kornet,2.06%
3869,2019-2020,Aaron Holiday,2.05%
3870,2019-2020,Ty Jerome,2.01%
3871,2019-2020,Willie Cauley-Stein,2.00%
3872,2019-2020,Austin Rivers,1.99%
3873,2019-2020,Anfernee Simons,1.97%
3874,2019-2020,Nassir Little,1.93%
3875,2019-2020,Moritz Wagner,1.89%
3876,2019-2020,Dylan Windler,1.87%
3877,2019-2020,Caleb Swanigan,1.86%
3878,2019-2020,Ben McLemore,1.86%
3879,2019-2020,Mike Muscala,1.86%
3880,2019-2020,Torrey Craig,1.83%
3881,2019-2020,Edmond Sumner,1.83%
3882,2019-2020,Noah Vonleh,1.83%
3883,2019-2020,Landry Shamet,1.83%
3884,2019-2020,Mfiondu Kabengele,1.81%
3885,2019-2020,Kyle Kuzma,1.81%
3886,2019-2020,Jordan Poole,1.80%
3887,2019-2020,Tony Bradley,1.80%
3888,2019-2020,Keldon Johnson,1.79%
3889,2019-2020,Derrick White,1.78%
3890,2019-2020,Robert Williams III,1.78%
3891,2019-2020,Josh Hart,1.77%
3892,2019-2020,Jacob Evans,1.76%
3893,2019-2020,Dzanan Musa,1.75%
3894,2019-2020,Omari Spellman,1.74%
3895,2019-2020,James Ennis III,1.73%
3896,2019-2020,Bruno Caboclo,1.69%
3897,2019-2020,Shabazz Napier,1.69%
3898,2019-2020,Markieff Morris,1.60%
3899,2019-2020,Mario Hezonja,1.59%
3900,2019-2020,Pat Connaughton,1.58%
3901,2019-2020,Jahlil Okafor,1.56%
3902,2019-2020,Rodions Kurucs,1.56%
3903,2019-2020,Cheick Diallo,1.54%
3904,2019-2020,Georges Niang,1.54%
3905,2019-2020,Willy Hernangomez,1.54%
3906,2019-2020,Treveon Graham,1.51%
3907,2019-2020,Derrick Jones Jr.,1.51%
3908,2019-2020,Jordan McRae,1.51%
3909,2019-2020,Christian Wood,1.51%
3910,2019-2020,Jose Barea,1.48%
3911,2019-2020,Alec Burks,1.48%
3912,2019-2020,Vince Carter,1.48%
3913,2019-2020,Michael Carter-Williams,1.48%
3914,2019-2020,Tyson Chandler,1.48%
3915,2019-2020,Wilson Chandler,1.48%
3916,2019-2020,Jared Dudley,1.48%
3917,2019-2020,Udonis Haslem,1.48%
3918,2019-2020,Dwight Howard,1.48%
3919,2019-2020,Furkan Korkmaz,1.48%
3920,2019-2020,Kyle Korver,1.48%
3921,2019-2020,Emmanuel Mudiay,1.48%
3922,2019-2020,Raul Neto,1.48%
3923,2019-2020,Nerlens Noel,1.48%
3924,2019-2020,Kyle O'Quinn,1.48%
3925,2019-2020,Patrick Patterson,1.48%
3926,2019-2020,Glenn Robinson III,1.48%
3927,2019-2020,JaKarr Sampson,1.48%
3928,2019-2020,Thabo Sefolosha,1.48%
3929,2019-2020,Dwayne Bacon,1.48%
3930,2019-2020,Dillon Brooks,1.48%
3931,2019-2020,Sterling Brown,1.48%
3932,2019-2020,Damyean Dotson,1.48%
3933,2019-2020,Wesley Iwundu,1.48%
3934,2019-2020,Frank Jackson,1.48%
3935,2019-2020,Abdel Nader,1.48%
3936,2019-2020,Royce O'Neale,1.48%
3937,2019-2020,Semi Ojeleye,1.48%
3938,2019-2020,Chris Boucher,1.46%
3939,2019-2020,Malcolm Miller,1.46%
3940,2019-2020,Monte Morris,1.46%
3941,2019-2020,Mitchell Robinson,1.43%
3942,2019-2020,Alfonzo McKinnie,1.37%
3943,2019-2020,Isaiah Roby,1.37%
3944,2019-2020,Nigel Williams-Goss,1.37%
3945,2019-2020,Thanasis Antetokounmpo,1.32%
3946,2019-2020,Wenyen Gabriel,1.32%
3947,2019-2020,Shake Milton,1.32%
3948,2019-2020,Theo Pinson,1.32%
3949,2019-2020,Brad Wanamaker,1.32%
3950,2019-2020,Keita Bates-Diop,1.30%
3951,2019-2020,Isaac Bonga,1.30%
3952,2019-2020,Bruce Brown Jr.,1.30%
3953,2019-2020,Jalen Brunson,1.30%
3954,2019-2020,Deonte Burton,1.30%
3955,2019-2020,Jevon Carter,1.30%
3956,2019-2020,Hamidou Diallo,1.30%
3957,2019-2020,Melvin Frazier Jr.,1.30%
3958,2019-2020,Devonte' Graham,1.30%
3959,2019-2020,Alize Johnson,1.30%
3960,2019-2020,De'Anthony Melton,1.30%
3961,2019-2020,Chimezie Metu,1.30%
3962,2019-2020,Sviatoslav Mykhailiuk,1.30%
3963,2019-2020,Kendrick Nunn,1.30%
3964,2019-2020,Élie Okobo,1.30%
3965,2019-2020,Duncan Robinson,1.30%
3966,2019-2020,Khyri Thomas,1.30%
3967,2019-2020,Gary Trent Jr.,1.30%
3968,2019-2020,Jarred Vanderbilt,1.30%
3969,2019-2020,Kenrich Williams,1.30%
3970,2019-2020,Bruno Fernando,1.28%
3971,2019-2020,Jaylen Nowell,1.28%
3972,2019-2020,Carmelo Anthony,1.25%
3973,2019-2020,Kevin Porter Jr.,1.18%
3974,2019-2020,Carsen Edwards,1.13%
3975,2019-2020,Cody Martin,1.08%
3976,2019-2020,Gary Payton II,0.96%
3977,2019-2020,Terance Mann,0.92%
3978,2019-2020,Admiral Schofield,0.92%
3979,2019-2020,David Nwaba,0.83%
3980,2019-2020,Ignas Brazdeikis,0.82%
3981,2019-2020,Vlatko Cancar,0.82%
3982,2019-2020,Nicolas Claxton,0.82%
3983,2019-2020,Terence Davis,0.82%
3984,2019-2020,Daniel Gafford,0.82%
3985,2019-2020,Javonte Green,0.82%
3986,2019-2020,Shaquille Harrison,0.82%
3987,2019-2020,Dewan Hernandez,0.82%
3988,2019-2020,Talen Horton-Tucker,0.82%
3989,2019-2020,Justin James,0.82%
3990,2019-2020,Jalen Lecque,0.82%
3991,2019-2020,Caleb Martin,0.82%
3992,2019-2020,Jalen McDaniels,0.82%
3993,2019-2020,KZ Okpala,0.82%
3994,2019-2020,Miye Oni,0.82%
3995,2019-2020,Eric Paschall,0.82%
3996,2019-2020,Naz Reid,0.82%
3997,2019-2020,Alen Smailagic,0.82%
3998,2019-2020,Matt Thomas,0.82%
3999,2019-2020,Damion Lee,0.77%
4000,2019-2020,Juwan Morgan,0.68%
4001,2019-2020,Marquese Chriss,0.60%
4002,2019-2020,Timothe Luwawu-Cabarrot,0.60%
4003,2019-2020,Michael Kidd-Gilchrist,0.55%
4004,2019-2020,Marvin Williams,0.55%
4005,2019-2020,Rayjon Tucker,0.53%
4006,2019-2020,Chris Clemons,0.52%
4007,2019-2020,Gary Clark,0.51%
4008,2019-2020,Brandon Goodwin,0.48%
4009,2019-2020,DeMarre Carroll,0.47%
4010,2019-2020,Reggie Jackson,0.47%
4011,2019-2020,Anzejs Pasecniks,0.44%
4012,2019-2020,Chris Silva,0.43%
4013,2019-2020,Jeff Green,0.40%
4014,2019-2020,Troy Daniels,0.35%
4015,2019-2020,Dion Waiters,0.34%
4016,2019-2020,Dean Wade,0.34%
4017,2019-2020,Ky Bowman,0.32%
4018,2019-2020,Norvel Pelle,0.32%
4019,2019-2020,Juan Toscano-Anderson,0.32%
4020,2019-2020,Jordan Bell,0.23%
4021,2019-2020,Jontay Porter,0.18%
4022,2019-2020,Cameron Payne,0.18%
4023,2019-2020,Mychal Mulder,0.17%
4024,2019-2020,Corey Brewer,0.17%
4025,2019-2020,P.J. Dozier,0.17%
4026,2019-2020,Tyler Johnson,0.17%
4027,2019-2020,Joakim Noah,0.17%
4028,2019-2020,Justin Patton,0.17%
4029,2019-2020,Anthony Tolliver,0.17%
4030,2019-2020,Tyler Zeller,0.17%
4031,2019-2020,Ryan Broekhoff,0.15%
4032,2019-2020,Luguentz Dort,0.14%
4033,2019-2020,Donta Hall,0.09%
4034,2020-2021,Stephen Curry,39.40%
4035,2020-2021,Chris Paul,37.90%
4036,2020-2021,Russell Westbrook,37.90%
4037,2020-2021,James Harden,37.80%
4038,2020-2021,John Wall,37.80%
4039,2020-2021,Kevin Durant,36.75%
4040,2020-2021,LeBron James,35.94%
4041,2020-2021,Paul George,32.48%
4042,2020-2021,Klay Thompson,32.40%
4043,2020-2021,Mike Conley,31.61%
4044,2020-2021,Jimmy Butler,31.50%
4045,2020-2021,Kawhi Leonard,31.50%
4046,2020-2021,Kemba Walker,31.50%
4047,2020-2021,Tobias Harris,31.48%
4048,2020-2021,Kyrie Irving,30.90%
4049,2020-2021,Khris Middleton,30.28%
4050,2020-2021,Anthony Davis,30.00%
4051,2020-2021,Damian Lillard,28.98%
4052,2020-2021,Kevin Love,28.64%
4053,2020-2021,Pascal Siakam,28.00%
4054,2020-2021,Ben Simmons,28.00%
4055,2020-2021,Kyle Lowry,27.95%
4056,2020-2021,Steven Adams,27.11%
4057,2020-2021,Joel Embiid,27.07%
4058,2020-2021,Nikola Jokic,27.07%
4059,2020-2021,Andrew Wiggins,27.07%
4060,2020-2021,Devin Booker,27.00%
4061,2020-2021,Kristaps Porzingis,27.00%
4062,2020-2021,Karl-Anthony Towns,27.00%
4063,2020-2021,C.J. McCollum,26.90%
4064,2020-2021,Bradley Beal,26.34%
4065,2020-2021,D'Angelo Russell,26.25%
4066,2020-2021,Gordon Hayward,26.11%
4067,2020-2021,Otto Porter Jr.,26.10%
4068,2020-2021,DeMar DeRozan,25.42%
4069,2020-2021,Giannis Antetokounmpo,25.22%
4070,2020-2021,Rudy Gobert,25.22%
4071,2020-2021,Al Horford,25.20%
4072,2020-2021,Brandon Ingram,25.00%
4073,2020-2021,Jamal Murray,25.00%
4074,2020-2021,Jrue Holiday,24.76%
4075,2020-2021,Nikola Vucevic,23.82%
4076,2020-2021,Buddy Hield,22.88%
4077,2020-2021,Jaylen Brown,21.47%
4078,2020-2021,Draymond Green,20.38%
4079,2020-2021,Harrison Barnes,20.36%
4080,2020-2021,Fred VanVleet,19.47%
4081,2020-2021,Victor Oladipo,19.24%
4082,2020-2021,Julius Randle,19.05%
4083,2020-2021,Malcolm Brogdon,18.97%
4084,2020-2021,Domantas Sabonis,18.14%
4085,2020-2021,Danilo Gallinari,17.87%
4086,2020-2021,Zach LaVine,17.87%
4087,2020-2021,Gary Harris,17.56%
4088,2020-2021,Jerami Grant,17.45%
4089,2020-2021,Tim Hardaway Jr.,17.39%
4090,2020-2021,Terry Rozier,17.32%
4091,2020-2021,Aaron Gordon,16.62%
4092,2020-2021,Bogdan Bogdanovic,16.49%
4093,2020-2021,Goran Dragic,16.49%
4094,2020-2021,Myles Turner,16.49%
4095,2020-2021,Bojan Bogdanovic,16.36%
4096,2020-2021,Clint Capela,16.03%
4097,2020-2021,Evan Fournier,15.99%
4098,2020-2021,Ricky Rubio,15.58%
4099,2020-2021,Eric Bledsoe,15.46%
4100,2020-2021,Eric Gordon,15.46%
4101,2020-2021,Caris LeVert,14.85%
4102,2020-2021,Joe Harris,14.73%
4103,2020-2021,James Johnson,14.70%
4104,2020-2021,Dennis Schröder,14.66%
4105,2020-2021,Cody Zeller,14.12%
4106,2020-2021,Danny Green,14.08%
4107,2020-2021,Davis Bertans,13.74%
4108,2020-2021,Andre Iguodala,13.74%
4109,2020-2021,Jonas Valanciunas,13.74%
4110,2020-2021,Marcus Morris Sr.,13.64%
4111,2020-2021,Rudy Gay,13.29%
4112,2020-2021,Kelly Oubre Jr.,13.17%
4113,2020-2021,Dejounte Murray,13.09%
4114,2020-2021,Will Barton,12.57%
4115,2020-2021,Thaddeus Young,12.41%
4116,2020-2021,Patty Mills,12.40%
4117,2020-2021,Terrence Ross,12.37%
4118,2020-2021,Marcus Smart,12.32%
4119,2020-2021,Malik Beasley,12.30%
4120,2020-2021,Patrick Beverley,12.22%
4121,2020-2021,Christian Wood,11.93%
4122,2020-2021,J.J. Redick,11.92%
4123,2020-2021,Justise Winslow,11.91%
4124,2020-2021,Jusuf Nurkic,11.81%
4125,2020-2021,Kelly Olynyk,11.75%
4126,2020-2021,Trevor Ariza,11.73%
4127,2020-2021,Brook Lopez,11.63%
4128,2020-2021,Cory Joseph,11.54%
4129,2020-2021,Markelle Fultz,11.26%
4130,2020-2021,Taurean Prince,11.22%
4131,2020-2021,Tony Snell,11.16%
4132,2020-2021,Robert Covington,11.12%
4133,2020-2021,Kentavious Caldwell-Pope,11.06%
4134,2020-2021,T.J. Warren,11.00%
4135,2020-2021,Larry Nance Jr.,10.73%
4136,2020-2021,Jordan Clarkson,10.54%
4137,2020-2021,Spencer Dinwiddie,10.49%
4138,2020-2021,Dillon Brooks,10.45%
4139,2020-2021,Dwight Powell,10.15%
4140,2020-2021,Lonzo Ball,10.08%
4141,2020-2021,Norman Powell,9.96%
4142,2020-2021,Josh Richardson,9.96%
4143,2020-2021,Joe Ingles,9.95%
4144,2020-2021,Jeremy Lamb,9.62%
4145,2020-2021,DeAndre Jordan,9.51%
4146,2020-2021,Zion Williamson,9.39%
4147,2020-2021,Rodney Hood,9.21%
4148,2020-2021,Deandre Ayton,9.18%
4149,2020-2021,Paul Millsap,9.16%
4150,2020-2021,Tomas Satoransky,9.16%
4151,2020-2021,Jayson Tatum,9.07%
4152,2020-2021,Anthony Edwards,8.94%
4153,2020-2021,Al-Farouq Aminu,8.91%
4154,2020-2021,Dante Exum,8.80%
4155,2020-2021,George Hill,8.79%
4156,2020-2021,De'Anthony Melton,8.77%
4157,2020-2021,Kyle Anderson,8.71%
4158,2020-2021,Jae Crowder,8.48%
4159,2020-2021,Derrick Favors,8.48%
4160,2020-2021,Montrezl Harrell,8.48%
4161,2020-2021,Serge Ibaka,8.48%
4162,2020-2021,Derrick Jones Jr.,8.48%
4163,2020-2021,Tristan Thompson,8.48%
4164,2020-2021,Dario Saric,8.48%
4165,2020-2021,Ja Morant,8.40%
4166,2020-2021,Delon Wright,8.25%
4167,2020-2021,Marvin Bagley III,8.21%
4168,2020-2021,Cedi Osman,8.10%
4169,2020-2021,Tyus Jones,8.08%
4170,2020-2021,James Wiseman,8.00%
4171,2020-2021,Royce O'Neale,7.79%
4172,2020-2021,Maxi Kleber,7.77%
4173,2020-2021,Thomas Bryant,7.64%
4174,2020-2021,Rajon Rondo,7.56%
4175,2020-2021,R.J. Barrett,7.54%
4176,2020-2021,Jakob Poeltl,7.42%
4177,2020-2021,De'Aaron Fox,7.42%
4178,2020-2021,Luka Doncic,7.38%
4179,2020-2021,Mason Plumlee,7.33%
4180,2020-2021,Louis Williams,7.33%
4181,2020-2021,P.J. Tucker,7.30%
4182,2020-2021,LaMelo Ball,7.18%
4183,2020-2021,Seth Curry,7.18%
4184,2020-2021,Derrick Rose,7.04%
4185,2020-2021,Cristiano Felicio,6.90%
4186,2020-2021,De'Andre Hunter,6.80%
4187,2020-2021,Jonathan Isaac,6.75%
4188,2020-2021,Doug McDermott,6.72%
4189,2020-2021,Robin Lopez,6.69%
4190,2020-2021,Jaren Jackson Jr.,6.65%
4191,2020-2021,JaMychal Green,6.60%
4192,2020-2021,Nemanja Bjelica,6.55%
4193,2020-2021,Patrick Williams,6.48%
4194,2020-2021,Aron Baynes,6.41%
4195,2020-2021,Ivica Zubac,6.41%
4196,2020-2021,Lauri Markkanen,6.17%
4197,2020-2021,Darius Garland,6.16%
4198,2020-2021,D.J. Augustin,6.11%
4199,2020-2021,Trae Young,6.02%
4200,2020-2021,Chris Boucher,5.96%
4201,2020-2021,Juancho Hernangomez,5.95%
4202,2020-2021,Isaac Okoro,5.86%
4203,2020-2021,Frank Ntilikina,5.66%
4204,2020-2021,Jarrett Culver,5.59%
4205,2020-2021,Alec Burks,5.50%
4206,2020-2021,Ishmael Smith,5.50%
4207,2020-2021,Mohamed Bamba,5.47%
4208,2020-2021,Onyeka Okongwu,5.33%
4209,2020-2021,Justin Holiday,5.24%
4210,2020-2021,Dennis Smith Jr.,5.21%
4211,2020-2021,Avery Bradley,5.16%
4212,2020-2021,Coby White,5.11%
4213,2020-2021,Trey Lyles,5.04%
4214,2020-2021,Wendell Carter Jr.,4.99%
4215,2020-2021,Zach Collins,4.95%
4216,2020-2021,Malik Monk,4.90%
4217,2020-2021,Killian Hayes,4.86%
4218,2020-2021,Luke Kennard,4.83%
4219,2020-2021,Donovan Mitchell,4.76%
4220,2020-2021,Rodney McGruder,4.76%
4221,2020-2021,Bam Adebayo,4.69%
4222,2020-2021,Jaxson Hayes,4.68%
4223,2020-2021,Ed Davis,4.59%
4224,2020-2021,Enes Freedom,4.59%
4225,2020-2021,Richaun Holmes,4.59%
4226,2020-2021,Mike Scott,4.59%
4227,2020-2021,Nerlens Noel,4.58%
4228,2020-2021,Daniel Theis,4.58%
4229,2020-2021,Collin Sexton,4.57%
4230,2020-2021,Pat Connaughton,4.52%
4231,2020-2021,Obi Toppin,4.45%
4232,2020-2021,Kevon Looney,4.42%
4233,2020-2021,Kris Dunn,4.37%
4234,2020-2021,Josh Jackson,4.37%
4235,2020-2021,Elfrid Payton,4.37%
4236,2020-2021,Garrett Temple,4.37%
4237,2020-2021,Rui Hachimura,4.30%
4238,2020-2021,Denzel Valentine,4.25%
4239,2020-2021,Kevin Knox,4.20%
4240,2020-2021,DJ Wilson,4.17%
4241,2020-2021,Deni Avdija,4.09%
4242,2020-2021,Cam Reddish,4.08%
4243,2020-2021,Mikal Bridges,3.99%
4244,2020-2021,Jalen Smith,3.89%
4245,2020-2021,Cameron Johnson,3.88%
4246,2020-2021,Reggie Bullock,3.85%
4247,2020-2021,JaVale McGee,3.85%
4248,2020-2021,Shai Gilgeous-Alexander,3.79%
4249,2020-2021,John Collins,3.79%
4250,2020-2021,Willie Cauley-Stein,3.76%
4251,2020-2021,Devin Vassell,3.70%
4252,2020-2021,PJ Washington,3.69%
4253,2020-2021,Dorian Finney-Smith,3.67%
4254,2020-2021,Miles Bridges,3.60%
4255,2020-2021,Jevon Carter,3.60%
4256,2020-2021,Jarrett Allen,3.58%
4257,2020-2021,Nicolo Melli,3.57%
4258,2020-2021,OG Anunoby,3.55%
4259,2020-2021,Gabriel Deck,3.55%
4260,2020-2021,Tyrese Haliburton,3.51%
4261,2020-2021,Tyler Herro,3.50%
4262,2020-2021,Stanley Johnson,3.49%
4263,2020-2021,Jake Layman,3.45%
4264,2020-2021,Danuel House Jr.,3.41%
4265,2020-2021,Kira Lewis Jr.,3.34%
4266,2020-2021,Romeo Langford,3.33%
4267,2020-2021,Maurice Harkless,3.32%
4268,2020-2021,Wesley Matthews,3.32%
4269,2020-2021,Bobby Portis,3.32%
4270,2020-2021,Kyle Kuzma,3.26%
4271,2020-2021,Michael Porter Jr.,3.25%
4272,2020-2021,Tony Bradley,3.25%
4273,2020-2021,Derrick White,3.22%
4274,2020-2021,Bismack Biyombo,3.21%
4275,2020-2021,Boban Marjanovic,3.21%
4276,2020-2021,T.J. McConnell,3.21%
4277,2020-2021,Luca Vildoza,3.21%
4278,2020-2021,Josh Hart,3.20%
4279,2020-2021,Aaron Nesmith,3.17%
4280,2020-2021,Sekou Doumbouya,3.16%
4281,2020-2021,Troy Brown Jr.,3.09%
4282,2020-2021,Michael Carter-Williams,3.02%
4283,2020-2021,James Ennis III,3.02%
4284,2020-2021,Cole Anthony,3.01%
4285,2020-2021,Facundo Campazzo,2.93%
4286,2020-2021,Chuma Okeke,2.86%
4287,2020-2021,Isaiah Stewart,2.86%
4288,2020-2021,Nickeil Alexander-Walker,2.85%
4289,2020-2021,Patrick Patterson,2.82%
4290,2020-2021,Donte DiVincenzo,2.79%
4291,2020-2021,Ryan Arcidiacono,2.75%
4292,2020-2021,Trey Burke,2.75%
4293,2020-2021,Aleksej Pokusevski,2.72%
4294,2020-2021,Goga Bitadze,2.71%
4295,2020-2021,Lonnie Walker IV,2.65%
4296,2020-2021,Luka Samanic,2.59%
4297,2020-2021,Josh Green,2.58%
4298,2020-2021,Kevin Huerter,2.53%
4299,2020-2021,Alex Caruso,2.52%
4300,2020-2021,Matisse Thybulle,2.48%
4301,2020-2021,Saddiq Bey,2.46%
4302,2020-2021,Josh Okogie,2.43%
4303,2020-2021,Brandon Clarke,2.38%
4304,2020-2021,Precious Achiuwa,2.37%
4305,2020-2021,Marc Gasol,2.35%
4306,2020-2021,Grayson Allen,2.33%
4307,2020-2021,Grant Williams,2.29%
4308,2020-2021,Tyrese Maxey,2.27%
4309,2020-2021,Chandler Hutchison,2.24%
4310,2020-2021,Darius Bazley,2.20%
4311,2020-2021,Zeke Nnaji,2.18%
4312,2020-2021,Aaron Holiday,2.15%
4313,2020-2021,Bryn Forbes,2.14%
4314,2020-2021,Ty Jerome,2.11%
4315,2020-2021,Mike Muscala,2.09%
4316,2020-2021,Anfernee Simons,2.06%
4317,2020-2021,Luke Kornet,2.06%
4318,2020-2021,Brad Wanamaker,2.06%
4319,2020-2021,Nassir Little,2.03%
4320,2020-2021,RJ Hampton,2.01%
4321,2020-2021,Edmond Sumner,1.98%
4322,2020-2021,Dylan Windler,1.96%
4323,2020-2021,Immanuel Quickley,1.93%
4324,2020-2021,John Konchar,1.92%
4325,2020-2021,Landry Shamet,1.92%
4326,2020-2021,Jordan Poole,1.89%
4327,2020-2021,Bol Bol,1.89%
4328,2020-2021,Keldon Johnson,1.88%
4329,2020-2021,Payton Pritchard,1.87%
4330,2020-2021,Robert Williams III,1.86%
4331,2020-2021,Damyean Dotson,1.83%
4332,2020-2021,Theo Maledon,1.83%
4333,2020-2021,Kenrich Williams,1.83%
4334,2020-2021,Udoka Azubuike,1.81%
4335,2020-2021,Cameron Payne,1.81%
4336,2020-2021,Jaden McDaniels,1.80%
4337,2020-2021,Malachi Flynn,1.79%
4338,2020-2021,Desmond Bane,1.77%
4339,2020-2021,Jontay Porter,1.74%
4340,2020-2021,Jahlil Okafor,1.73%
4341,2020-2021,Timothe Luwawu-Cabarrot,1.67%
4342,2020-2021,David Nwaba,1.67%
4343,2020-2021,Georges Niang,1.63%
4344,2020-2021,P.J. Dozier,1.62%
4345,2020-2021,Furkan Korkmaz,1.62%
4346,2020-2021,Damion Lee,1.62%
4347,2020-2021,Alfonzo McKinnie,1.62%
4348,2020-2021,Abdel Nader,1.61%
4349,2020-2021,Semi Ojeleye,1.61%
4350,2020-2021,DeAndre' Bembry,1.59%
4351,2020-2021,Monte Morris,1.58%
4352,2020-2021,Kevin Porter Jr.,1.57%
4353,2020-2021,Thanasis Antetokounmpo,1.56%
4354,2020-2021,Brandon Goodwin,1.56%
4355,2020-2021,Shake Milton,1.56%
4356,2020-2021,Dwayne Bacon,1.54%
4357,2020-2021,Wesley Iwundu,1.54%
4358,2020-2021,Isaac Bonga,1.52%
4359,2020-2021,Bruce Brown Jr.,1.52%
4360,2020-2021,Jalen Brunson,1.52%
4361,2020-2021,Hamidou Diallo,1.52%
4362,2020-2021,Devonte' Graham,1.52%
4363,2020-2021,Sviatoslav Mykhailiuk,1.52%
4364,2020-2021,Kendrick Nunn,1.52%
4365,2020-2021,Duncan Robinson,1.52%
4366,2020-2021,Mitchell Robinson,1.52%
4367,2020-2021,Gary Trent Jr.,1.52%
4368,2020-2021,Jarred Vanderbilt,1.52%
4369,2020-2021,Carmelo Anthony,1.48%
4370,2020-2021,Nicolas Batum,1.48%
4371,2020-2021,Kent Bazemore,1.48%
4372,2020-2021,Sterling Brown,1.48%
4373,2020-2021,Torrey Craig,1.48%
4374,2020-2021,Matthew Dellavedova,1.48%
4375,2020-2021,Jared Dudley,1.48%
4376,2020-2021,Wayne Ellington,1.48%
4377,2020-2021,Drew Eubanks,1.48%
4378,2020-2021,Wenyen Gabriel,1.48%
4379,2020-2021,Langston Galloway,1.48%
4380,2020-2021,Harry Giles,1.48%
4381,2020-2021,Jeff Green,1.48%
4382,2020-2021,Isaiah Hartenstein,1.48%
4383,2020-2021,Udonis Haslem,1.48%
4384,2020-2021,Willy Hernangomez,1.48%
4385,2020-2021,Solomon Hill,1.48%
4386,2020-2021,Dwight Howard,1.48%
4387,2020-2021,Reggie Jackson,1.48%
4388,2020-2021,Tyler Johnson,1.48%
4389,2020-2021,Frank Kaminsky,1.48%
4390,2020-2021,E'Twaun Moore,1.48%
4391,2020-2021,Markieff Morris,1.48%
4392,2020-2021,Raul Neto,1.48%
4393,2020-2021,JaKarr Sampson,1.48%
4394,2020-2021,Hassan Whiteside,1.48%
4395,2020-2021,Vlatko Cancar,1.39%
4396,2020-2021,Nicolas Claxton,1.39%
4397,2020-2021,Terence Davis,1.39%
4398,2020-2021,Luguentz Dort,1.39%
4399,2020-2021,Carsen Edwards,1.39%
4400,2020-2021,Bruno Fernando,1.39%
4401,2020-2021,Daniel Gafford,1.39%
4402,2020-2021,Javonte Green,1.39%
4403,2020-2021,Talen Horton-Tucker,1.39%
4404,2020-2021,Justin James,1.39%
4405,2020-2021,Terance Mann,1.39%
4406,2020-2021,Caleb Martin,1.39%
4407,2020-2021,Cody Martin,1.39%
4408,2020-2021,Jalen McDaniels,1.39%
4409,2020-2021,Juwan Morgan,1.39%
4410,2020-2021,Mychal Mulder,1.39%
4411,2020-2021,Jaylen Nowell,1.39%
4412,2020-2021,KZ Okpala,1.39%
4413,2020-2021,Miye Oni,1.39%
4414,2020-2021,Eric Paschall,1.39%
4415,2020-2021,Naz Reid,1.39%
4416,2020-2021,Isaiah Roby,1.39%
4417,2020-2021,Alen Smailagic,1.39%
4418,2020-2021,Matt Thomas,1.39%
4419,2020-2021,Dean Wade,1.39%
4420,2020-2021,Robert Woodard II,1.37%
4421,2020-2021,DaQuan Jeffries,1.32%
4422,2020-2021,Kelan Martin,1.32%
4423,2020-2021,Jae’Sean Tate,1.32%
4424,2020-2021,Paul Watson,1.32%
4425,2020-2021,Taj Gibson,1.32%
4426,2020-2021,Vernon Carey Jr.,1.24%
4427,2020-2021,Xavier Tillman,1.19%
4428,2020-2021,Tyrell Terry,1.18%
4429,2020-2021,Alex Len,1.16%
4430,2020-2021,Moses Brown,1.15%
4431,2020-2021,Gorgui Dieng,0.92%
4432,2020-2021,Jahmi'us Ramsey,0.92%
4433,2020-2021,Nick Richards,0.92%
4434,2020-2021,CJ Elleby,0.82%
4435,2020-2021,Anthony Gill,0.82%
4436,2020-2021,Elijah Hughes,0.82%
4437,2020-2021,Isaiah Joe,0.82%
4438,2020-2021,Tre Jones,0.82%
4439,2020-2021,Kenyon Martin Jr.,0.82%
4440,2020-2021,Sam Merrill,0.82%
4441,2020-2021,Jordan Nwora,0.82%
4442,2020-2021,Daniel Oturu,0.82%
4443,2020-2021,Deividas Sirvydis,0.82%
4444,2020-2021,Blake Griffin,0.71%
4445,2020-2021,Oshae Brissett,0.69%
4446,2020-2021,Ersan Ilyasova,0.69%
4447,2020-2021,Chimezie Metu,0.64%
4448,2020-2021,Lamar Stevens,0.60%
4449,2020-2021,Paul Reed,0.56%
4450,2020-2021,Andre Drummond,0.51%
4451,2020-2021,Jeff Teague,0.47%
4452,2020-2021,Norvel Pelle,0.46%
4453,2020-2021,Ben McLemore,0.42%
4454,2020-2021,Dewayne Dedmon,0.40%
4455,2020-2021,Jabari Parker,0.39%
4456,2020-2021,Khem Birch,0.38%
4457,2020-2021,Alize Johnson,0.37%
4458,2020-2021,Tyler Cook,0.36%
4459,2020-2021,Juan Toscano-Anderson,0.33%
4460,2020-2021,Yuta Watanabe,0.29%
4461,2020-2021,Anthony Tolliver,0.24%
4462,2020-2021,Tim Frazier,0.23%
4463,2020-2021,Khyri Thomas,0.23%
4464,2020-2021,Damian Jones,0.22%
4465,2020-2021,DeMarcus Cousins,0.21%
4466,2020-2021,Moritz Wagner,0.20%
4467,2020-2021,Yogi Ferrell,0.20%
4468,2020-2021,Rondae Hollis-Jefferson,0.19%
4469,2020-2021,Austin Rivers,0.17%
4470,2020-2021,Mamadi Diakite,0.15%
4471,2020-2021,Mfiondu Kabengele,0.15%
4472,2020-2021,Didi Louzada,0.11%
4473,2020-2021,Naji Marshall,0.11%
4474,2020-2021,Freddie Gillespie,0.11%
4475,2020-2021,Ignas Brazdeikis,0.05%
4476,2020-2021,Mike James,0.04%
4477,2020-2021,Elijah Bryant,0.02%
4478,2020-2021,Caleb Homesley,0.02%
4479,2020-2021,Charlie Brown Jr.,0.02%
4480,2020-2021,Omer Yurtseven,0.02%
4481,2020-2021,Gary Payton II,0.01%
4482,2021-2022,Stephen Curry,40.73%
4483,2021-2022,James Harden,39.42%
4484,2021-2022,John Wall,39.42%
4485,2021-2022,Russell Westbrook,39.33%
4486,2021-2022,Kevin Durant,37.38%
4487,2021-2022,LeBron James,36.63%
4488,2021-2022,Giannis Antetokounmpo,35.00%
4489,2021-2022,Paul George,35.00%
4490,2021-2022,Kawhi Leonard,35.00%
4491,2021-2022,Damian Lillard,35.00%
4492,2021-2022,Klay Thompson,33.79%
4493,2021-2022,Jimmy Butler,32.04%
4494,2021-2022,Tobias Harris,32.02%
4495,2021-2022,Khris Middleton,31.58%
4496,2021-2022,Anthony Davis,31.46%
4497,2021-2022,Rudy Gobert,31.44%
4498,2021-2022,Kyrie Irving,31.43%
4499,2021-2022,Bradley Beal,30.00%
4500,2021-2022,Pascal Siakam,29.36%
4501,2021-2022,Ben Simmons,29.36%
4502,2021-2022,Devin Booker,28.16%
4503,2021-2022,Kristaps Porzingis,28.16%
4504,2021-2022,Karl-Anthony Towns,28.16%
4505,2021-2022,Joel Embiid,28.09%
4506,2021-2022,Andrew Wiggins,28.09%
4507,2021-2022,Kevin Love,27.81%
4508,2021-2022,Jrue Holiday,27.73%
4509,2021-2022,Nikola Jokic,27.62%
4510,2021-2022,C.J. McCollum,27.46%
4511,2021-2022,Chris Paul,27.40%
4512,2021-2022,D'Angelo Russell,26.70%
4513,2021-2022,Gordon Hayward,26.62%
4514,2021-2022,Brandon Ingram,26.21%
4515,2021-2022,Jamal Murray,26.21%
4516,2021-2022,Bam Adebayo,25.00%
4517,2021-2022,De'Aaron Fox,25.00%
4518,2021-2022,Donovan Mitchell,25.00%
4519,2021-2022,Jayson Tatum,25.00%
4520,2021-2022,Al Horford,24.02%
4521,2021-2022,Kyle Lowry,24.00%
4522,2021-2022,Jaylen Brown,23.80%
4523,2021-2022,DeMar DeRozan,23.13%
4524,2021-2022,Draymond Green,21.37%
4525,2021-2022,Nikola Vucevic,21.35%
4526,2021-2022,Buddy Hield,20.53%
4527,2021-2022,John Collins,20.46%
4528,2021-2022,Malcolm Brogdon,19.30%
4529,2021-2022,Tim Hardaway Jr.,18.95%
4530,2021-2022,Mike Conley,18.68%
4531,2021-2022,Gary Harris,18.22%
4532,2021-2022,Danilo Gallinari,18.21%
4533,2021-2022,Harrison Barnes,18.04%
4534,2021-2022,Jerami Grant,17.79%
4535,2021-2022,Jarrett Allen,17.79%
4536,2021-2022,Julius Randle,17.61%
4537,2021-2022,Fred VanVleet,17.50%
4538,2021-2022,Zach LaVine,17.35%
4539,2021-2022,Spencer Dinwiddie,17.18%
4540,2021-2022,Bojan Bogdanovic,16.63%
4541,2021-2022,Lonzo Ball,16.55%
4542,2021-2022,Domantas Sabonis,16.46%
4543,2021-2022,Eric Gordon,16.21%
4544,2021-2022,Eric Bledsoe,16.12%
4545,2021-2022,Bogdan Bogdanovic,16.01%
4546,2021-2022,Myles Turner,16.01%
4547,2021-2022,Terry Rozier,15.93%
4548,2021-2022,Ricky Rubio,15.83%
4549,2021-2022,Caris LeVert,15.57%
4550,2021-2022,Jonathan Isaac,15.48%
4551,2021-2022,Joe Harris,15.44%
4552,2021-2022,Evan Fournier,15.25%
4553,2021-2022,Clint Capela,15.21%
4554,2021-2022,Steven Adams,15.19%
4555,2021-2022,Markelle Fultz,14.68%
4556,2021-2022,Aaron Gordon,14.60%
4557,2021-2022,Gary Trent Jr.,14.43%
4558,2021-2022,OG Anunoby,14.30%
4559,2021-2022,Davis Bertans,14.23%
4560,2021-2022,Lauri Markkanen,13.96%
4561,2021-2022,Duncan Robinson,13.92%
4562,2021-2022,Marcus Morris Sr.,13.90%
4563,2021-2022,Will Barton,13.90%
4564,2021-2022,Norman Powell,13.80%
4565,2021-2022,Dejounte Murray,13.73%
4566,2021-2022,Derrick White,13.50%
4567,2021-2022,Malik Beasley,12.89%
4568,2021-2022,Patrick Beverley,12.74%
4569,2021-2022,Thaddeus Young,12.62%
4570,2021-2022,Jonas Valanciunas,12.45%
4571,2021-2022,Marcus Smart,12.31%
4572,2021-2022,Doug McDermott,12.23%
4573,2021-2022,Christian Wood,12.16%
4574,2021-2022,Derrick Rose,11.96%
4575,2021-2022,Luke Kennard,11.87%
4576,2021-2022,Taurean Prince,11.86%
4577,2021-2022,Brook Lopez,11.83%
4578,2021-2022,Kentavious Caldwell-Pope,11.60%
4579,2021-2022,Joe Ingles,11.60%
4580,2021-2022,Kyle Kuzma,11.56%
4581,2021-2022,Robert Covington,11.54%
4582,2021-2022,T.J. Warren,11.29%
4583,2021-2022,Deandre Ayton,11.24%
4584,2021-2022,Terrence Ross,11.12%
4585,2021-2022,Jordan Clarkson,11.05%
4586,2021-2022,Dillon Brooks,10.85%
4587,2021-2022,Kelly Olynyk,10.85%
4588,2021-2022,Josh Hart,10.67%
4589,2021-2022,Jusuf Nurkic,10.67%
4590,2021-2022,Kelly Oubre Jr.,10.67%
4591,2021-2022,Josh Richardson,10.33%
4592,2021-2022,Marvin Bagley III,10.06%
4593,2021-2022,Dwight Powell,9.86%
4594,2021-2022,Devonte' Graham,9.79%
4595,2021-2022,Zion Williamson,9.55%
4596,2021-2022,Larry Nance Jr.,9.51%
4597,2021-2022,Jeremy Lamb,9.34%
4598,2021-2022,Richaun Holmes,9.24%
4599,2021-2022,Reggie Jackson,9.24%
4600,2021-2022,Anthony Edwards,9.11%
4601,2021-2022,Serge Ibaka,9.09%
4602,2021-2022,Luka Doncic,9.05%
4603,2021-2022,Cade Cunningham,8.94%
4604,2021-2022,Danny Green,8.90%
4605,2021-2022,Kyle Anderson,8.84%
4606,2021-2022,Jae Crowder,8.65%
4607,2021-2022,Derrick Favors,8.65%
4608,2021-2022,Montrezl Harrell,8.65%
4609,2021-2022,Derrick Jones Jr.,8.65%
4610,2021-2022,Ja Morant,8.54%
4611,2021-2022,Reggie Bullock,8.48%
4612,2021-2022,Alec Burks,8.48%
4613,2021-2022,Talen Horton-Tucker,8.45%
4614,2021-2022,Mason Plumlee,8.23%
4615,2021-2022,Jaren Jackson Jr.,8.17%
4616,2021-2022,James Wiseman,8.15%
4617,2021-2022,Jalen Green,8.00%
4618,2021-2022,Monte Morris,7.87%
4619,2021-2022,De'Anthony Melton,7.83%
4620,2021-2022,Nerlens Noel,7.83%
4621,2021-2022,Royce O'Neale,7.83%
4622,2021-2022,Maxi Kleber,7.78%
4623,2021-2022,Jakob Poeltl,7.78%
4624,2021-2022,Kemba Walker,7.77%
4625,2021-2022,Thomas Bryant,7.71%
4626,2021-2022,R.J. Barrett,7.67%
4627,2021-2022,Alex Caruso,7.65%
4628,2021-2022,Delon Wright,7.58%
4629,2021-2022,Dario Saric,7.57%
4630,2021-2022,Tyus Jones,7.45%
4631,2021-2022,Trae Young,7.41%
4632,2021-2022,Daniel Theis,7.37%
4633,2021-2022,LaMelo Ball,7.32%
4634,2021-2022,Seth Curry,7.30%
4635,2021-2022,JaMychal Green,7.29%
4636,2021-2022,Cedi Osman,7.24%
4637,2021-2022,Evan Mobley,7.18%
4638,2021-2022,De'Andre Hunter,6.92%
4639,2021-2022,Mohamed Bamba,6.73%
4640,2021-2022,Ivica Zubac,6.69%
4641,2021-2022,T.J. McConnell,6.67%
4642,2021-2022,Patrick Williams,6.60%
4643,2021-2022,Scottie Barnes,6.48%
4644,2021-2022,Darius Garland,6.26%
4645,2021-2022,Chris Boucher,6.24%
4646,2021-2022,Zach Collins,6.23%
4647,2021-2022,P.J. Tucker,6.23%
4648,2021-2022,Wendell Carter Jr.,6.16%
4649,2021-2022,Juancho Hernangomez,6.05%
4650,2021-2022,Isaac Okoro,5.98%
4651,2021-2022,Jalen Suggs,5.86%
4652,2021-2022,Cameron Payne,5.78%
4653,2021-2022,Jarrett Culver,5.69%
4654,2021-2022,Khem Birch,5.65%
4655,2021-2022,Collin Sexton,5.65%
4656,2021-2022,Onyeka Okongwu,5.43%
4657,2021-2022,Justin Holiday,5.34%
4658,2021-2022,Josh Giddey,5.33%
4659,2021-2022,Rudy Gay,5.24%
4660,2021-2022,Patty Mills,5.24%
4661,2021-2022,Dennis Schröder,5.24%
4662,2021-2022,Kevin Knox,5.20%
4663,2021-2022,Coby White,5.19%
4664,2021-2022,Killian Hayes,4.96%
4665,2021-2022,Mikal Bridges,4.94%
4666,2021-2022,Shai Gilgeous-Alexander,4.89%
4667,2021-2022,Jonathan Kuminga,4.86%
4668,2021-2022,Miles Bridges,4.82%
4669,2021-2022,Jaxson Hayes,4.76%
4670,2021-2022,Pat Connaughton,4.74%
4671,2021-2022,Michael Porter Jr.,4.68%
4672,2021-2022,Hamidou Diallo,4.63%
4673,2021-2022,Kevon Looney,4.61%
4674,2021-2022,Troy Brown Jr.,4.60%
4675,2021-2022,Obi Toppin,4.54%
4676,2021-2022,Franz Wagner,4.45%
4677,2021-2022,Josh Jackson,4.45%
4678,2021-2022,Robin Lopez,4.45%
4679,2021-2022,JaVale McGee,4.45%
4680,2021-2022,Kendrick Nunn,4.45%
4681,2021-2022,Louis Williams,4.45%
4682,2021-2022,Rui Hachimura,4.37%
4683,2021-2022,Taj Gibson,4.37%
4684,2021-2022,Cory Joseph,4.37%
4685,2021-2022,Garrett Temple,4.37%
4686,2021-2022,Torrey Craig,4.34%
4687,2021-2022,Bruce Brown Jr.,4.21%
4688,2021-2022,Deni Avdija,4.17%
4689,2021-2022,Donte DiVincenzo,4.16%
4690,2021-2022,Cam Reddish,4.15%
4691,2021-2022,David Nwaba,4.14%
4692,2021-2022,Furkan Korkmaz,4.12%
4693,2021-2022,Davion Mitchell,4.09%
4694,2021-2022,Bryn Forbes,4.00%
4695,2021-2022,Jeff Green,4.00%
4696,2021-2022,Ishmael Smith,4.00%
4697,2021-2022,Jalen Smith,3.97%
4698,2021-2022,Lonnie Walker IV,3.96%
4699,2021-2022,Cameron Johnson,3.95%
4700,2021-2022,Ziaire Williams,3.89%
4701,2021-2022,Maurice Harkless,3.87%
4702,2021-2022,Bobby Portis,3.87%
4703,2021-2022,Kevin Huerter,3.78%
4704,2021-2022,Devin Vassell,3.77%
4705,2021-2022,PJ Washington,3.75%
4706,2021-2022,James Bouknight,3.70%
4707,2021-2022,Josh Okogie,3.64%
4708,2021-2022,Grayson Allen,3.61%
4709,2021-2022,Jarred Vanderbilt,3.60%
4710,2021-2022,Tyrese Haliburton,3.58%
4711,2021-2022,Tyler Herro,3.56%
4712,2021-2022,Terence Davis,3.56%
4713,2021-2022,Gorgui Dieng,3.56%
4714,2021-2022,Dorian Finney-Smith,3.56%
4715,2021-2022,George Hill,3.56%
4716,2021-2022,Aaron Holiday,3.54%
4717,2021-2022,Joshua Primo,3.51%
4718,2021-2022,Jake Layman,3.51%
4719,2021-2022,Anfernee Simons,3.50%
4720,2021-2022,Justise Winslow,3.47%
4721,2021-2022,Kira Lewis Jr.,3.40%
4722,2021-2022,Romeo Langford,3.38%
4723,2021-2022,Landry Shamet,3.35%
4724,2021-2022,Chris Duarte,3.34%
4725,2021-2022,Alex Len,3.32%
4726,2021-2022,Robert Williams III,3.26%
4727,2021-2022,Aaron Nesmith,3.23%
4728,2021-2022,Moses Moody,3.17%
4729,2021-2022,Boban Marjanovic,3.11%
4730,2021-2022,Mike Muscala,3.11%
4731,2021-2022,Cole Anthony,3.07%
4732,2021-2022,Corey Kispert,3.01%
4733,2021-2022,Georges Niang,2.94%
4734,2021-2022,Chuma Okeke,2.92%
4735,2021-2022,Isaiah Stewart,2.92%
4736,2021-2022,Nickeil Alexander-Walker,2.90%
4737,2021-2022,Alperen Sengun,2.86%
4738,2021-2022,Nicolas Batum,2.82%
4739,2021-2022,Trey Burke,2.80%
4740,2021-2022,Aleksej Pokusevski,2.77%
4741,2021-2022,Facundo Campazzo,2.76%
4742,2021-2022,Goga Bitadze,2.76%
4743,2021-2022,Trey Murphy III,2.72%
4744,2021-2022,Sterling Brown,2.67%
4745,2021-2022,Frank Jackson,2.67%
4746,2021-2022,Josh Green,2.63%
4747,2021-2022,Tre Mann,2.58%
4748,2021-2022,Matisse Thybulle,2.53%
4749,2021-2022,Saddiq Bey,2.51%
4750,2021-2022,Kai Jones,2.46%
4751,2021-2022,Brandon Clarke,2.43%
4752,2021-2022,Precious Achiuwa,2.41%
4753,2021-2022,Jalen Johnson,2.37%
4754,2021-2022,Grant Williams,2.33%
4755,2021-2022,Tyrese Maxey,2.32%
4756,2021-2022,Keon Johnson,2.27%
4757,2021-2022,Darius Bazley,2.24%
4758,2021-2022,Trey Lyles,2.22%
4759,2021-2022,Zeke Nnaji,2.22%
4760,2021-2022,Isaiah Jackson,2.18%
4761,2021-2022,Ty Jerome,2.15%
4762,2021-2022,Leandro Bolmaro,2.09%
4763,2021-2022,Usman Garuba,2.09%
4764,2021-2022,Willy Hernangomez,2.07%
4765,2021-2022,Nassir Little,2.06%
4766,2021-2022,RJ Hampton,2.05%
4767,2021-2022,Josh Christopher,2.01%
4768,2021-2022,Dylan Windler,1.99%
4769,2021-2022,Immanuel Quickley,1.97%
4770,2021-2022,John Konchar,1.96%
4771,2021-2022,Quentin Grimes,1.93%
4772,2021-2022,Jordan Poole,1.92%
4773,2021-2022,Bol Bol,1.92%
4774,2021-2022,Keldon Johnson,1.91%
4775,2021-2022,Payton Pritchard,1.90%
4776,2021-2022,Nah'Shon Hyland,1.87%
4777,2021-2022,Udoka Azubuike,1.85%
4778,2021-2022,Jaden McDaniels,1.84%
4779,2021-2022,Malachi Flynn,1.82%
4780,2021-2022,Cameron Thomas,1.81%
4781,2021-2022,Desmond Bane,1.81%
4782,2021-2022,Jaden Springer,1.80%
4783,2021-2022,Day'Ron Sharpe,1.79%
4784,2021-2022,Theo Maledon,1.78%
4785,2021-2022,Garrison Mathews,1.78%
4786,2021-2022,Jordan McLaughlin,1.78%
4787,2021-2022,Jeremiah Robinson-Earl,1.78%
4788,2021-2022,Kenrich Williams,1.78%
4789,2021-2022,Santi Aldama,1.77%
4790,2021-2022,Damian Jones,1.76%
4791,2021-2022,Damion Lee,1.70%
4792,2021-2022,Killian Tillie,1.69%
4793,2021-2022,Shake Milton,1.64%
4794,2021-2022,Jalen Brunson,1.60%
4795,2021-2022,Mitchell Robinson,1.60%
4796,2021-2022,Tony Bradley,1.59%
4797,2021-2022,Frank Ntilikina,1.59%
4798,2021-2022,Didi Louzada,1.59%
4799,2021-2022,Vlatko Cancar,1.59%
4800,2021-2022,Nicolas Claxton,1.59%
4801,2021-2022,Luguentz Dort,1.59%
4802,2021-2022,Bruno Fernando,1.59%
4803,2021-2022,Daniel Gafford,1.59%
4804,2021-2022,Terance Mann,1.59%
4805,2021-2022,Cody Martin,1.59%
4806,2021-2022,Jalen McDaniels,1.59%
4807,2021-2022,Jaylen Nowell,1.59%
4808,2021-2022,Eric Paschall,1.59%
4809,2021-2022,Kevin Porter Jr.,1.59%
4810,2021-2022,Naz Reid,1.59%
4811,2021-2022,Isaiah Roby,1.59%
4812,2021-2022,Dean Wade,1.59%
4813,2021-2022,Chimezie Metu,1.57%
4814,2021-2022,Yuta Watanabe,1.57%
4815,2021-2022,Thanasis Antetokounmpo,1.54%
4816,2021-2022,Keita Bates-Diop,1.54%
4817,2021-2022,Sviatoslav Mykhailiuk,1.54%
4818,2021-2022,Moritz Wagner,1.54%
4819,2021-2022,Oshae Brissett,1.51%
4820,2021-2022,Juan Toscano-Anderson,1.51%
4821,2021-2022,Herb Jones,1.51%
4822,2021-2022,LaMarcus Aldridge,1.48%
4823,2021-2022,Carmelo Anthony,1.48%
4824,2021-2022,Kent Bazemore,1.48%
4825,2021-2022,Nemanja Bjelica,1.48%
4826,2021-2022,Isaac Bonga,1.48%
4827,2021-2022,Avery Bradley,1.48%
4828,2021-2022,Ed Davis,1.48%
4829,2021-2022,Dewayne Dedmon,1.48%
4830,2021-2022,Andre Drummond,1.48%
4831,2021-2022,Wayne Ellington,1.48%
4832,2021-2022,Javonte Green,1.48%
4833,2021-2022,Blake Griffin,1.48%
4834,2021-2022,Isaiah Hartenstein,1.48%
4835,2021-2022,Udonis Haslem,1.48%
4836,2021-2022,Rodney Hood,1.48%
4837,2021-2022,Dwight Howard,1.48%
4838,2021-2022,Andre Iguodala,1.48%
4839,2021-2022,Timothe Luwawu-Cabarrot,1.48%
4840,2021-2022,Rodney McGruder,1.48%
4841,2021-2022,Ben McLemore,1.48%
4842,2021-2022,Paul Millsap,1.48%
4843,2021-2022,Malik Monk,1.48%
4844,2021-2022,Markieff Morris,1.48%
4845,2021-2022,Raul Neto,1.48%
4846,2021-2022,Victor Oladipo,1.48%
4847,2021-2022,Elfrid Payton,1.48%
4848,2021-2022,Gary Payton II,1.48%
4849,2021-2022,Otto Porter Jr.,1.48%
4850,2021-2022,Austin Rivers,1.48%
4851,2021-2022,Rajon Rondo,1.48%
4852,2021-2022,Tony Snell,1.48%
4853,2021-2022,Max Strus,1.48%
4854,2021-2022,Matt Thomas,1.48%
4855,2021-2022,Gabe Vincent,1.48%
4856,2021-2022,Vernon Carey Jr.,1.35%
4857,2021-2022,CJ Elleby,1.35%
4858,2021-2022,Anthony Gill,1.35%
4859,2021-2022,Elijah Hughes,1.35%
4860,2021-2022,Isaiah Joe,1.35%
4861,2021-2022,Tre Jones,1.35%
4862,2021-2022,Naji Marshall,1.35%
4863,2021-2022,Kenyon Martin Jr.,1.35%
4864,2021-2022,Jordan Nwora,1.35%
4865,2021-2022,Paul Reed,1.35%
4866,2021-2022,Nick Richards,1.35%
4867,2021-2022,Lamar Stevens,1.35%
4868,2021-2022,Jae’Sean Tate,1.35%
4869,2021-2022,Xavier Tillman,1.35%
4870,2021-2022,Jose Alvarado,1.33%
4871,2021-2022,Isaiah Todd,1.33%
4872,2021-2022,Saben Lee,1.32%
4873,2021-2022,Omer Yurtseven,1.32%
4874,2021-2022,JT Thor,1.11%
4875,2021-2022,Wesley Matthews,1.10%
4876,2021-2022,Jason Preston,0.95%
4877,2021-2022,Isaiah Livers,0.94%
4878,2021-2022,Tristan Thompson,0.89%
4879,2021-2022,Aaron Wiggins,0.89%
4880,2021-2022,Marquese Chriss,0.85%
4881,2021-2022,Duane Washington Jr.,0.85%
4882,2021-2022,Dalano Banton,0.82%
4883,2021-2022,Charles Bassey,0.82%
4884,2021-2022,Brandon Boston Jr,0.82%
4885,2021-2022,Greg Brown III,0.82%
4886,2021-2022,Jared Butler,0.82%
4887,2021-2022,Ayo Dosunmu,0.82%
4888,2021-2022,Luka Garza,0.82%
4889,2021-2022,Vit Krejci,0.82%
4890,2021-2022,Jock Landale,0.82%
4891,2021-2022,Miles McBride,0.82%
4892,2021-2022,Austin Reaves,0.82%
4893,2021-2022,Marko Simonovic,0.82%
4894,2021-2022,Stanley Johnson,0.79%
4895,2021-2022,Bismack Biyombo,0.77%
4896,2021-2022,Lance Stephenson,0.57%
4897,2021-2022,Daishen Nix,0.54%
4898,2021-2022,Terry Taylor,0.53%
4899,2021-2022,Danuel House Jr.,0.50%
4900,2021-2022,Luke Kornet,0.50%
4901,2021-2022,Ryan Arcidiacono,0.49%
4902,2021-2022,Caleb Martin,0.47%
4903,2021-2022,Goran Dragic,0.41%
4904,2021-2022,Jevon Carter,0.39%
4905,2021-2022,Trendon Watford,0.39%
4906,2021-2022,DeMarcus Cousins,0.38%
4907,2021-2022,Nik Stauskas,0.38%
4908,2021-2022,Tomas Satoransky,0.36%
4909,2021-2022,D.J. Augustin,0.35%
4910,2021-2022,DeAndre Jordan,0.33%
4911,2021-2022,Devontae Cacok,0.32%
4912,2021-2022,Sam Hauser,0.28%
4913,2021-2022,Haywood Highsmith,0.26%
4914,2021-2022,Armoni Brooks,0.22%
4915,2021-2022,Malik Fitts,0.21%
4916,2021-2022,Joe Wieskamp,0.18%
4917,2021-2022,Isaiah Thomas,0.17%
4918,2021-2022,Amir Coffey,0.14%
4919,2021-2022,Devin Cannady,0.09%
4920,2021-2022,Carsen Edwards,0.07%
4921,2021-2022,Luca Vildoza,0.04%
4922,2021-2022,Greg Monroe,0.03%
4923,2021-2022,Skylar Mays,0.03%
4924,2021-2022,Wenyen Gabriel,0.03%
4925,2021-2022,Rayjon Tucker,0.03%
4926,2021-2022,Moses Brown,0.02%
4927,2021-2022,Juwan Morgan,0.02%
4928,2021-2022,Trent Forrest,0.01%
4929,2021-2022,Ishmail Wainright,0.01%
4930,2021-2022,Kessler Edwards,0.00%
4931,2022-2023,Stephen Curry,38.87%
4932,2022-2023,LeBron James,35.97%
4933,2022-2023,Kevin Durant,35.68%
4934,2022-2023,Bradley Beal,35.00%
4935,2022-2023,Giannis Antetokounmpo,34.36%
4936,2022-2023,Paul George,34.36%
4937,2022-2023,Kawhi Leonard,34.36%
4938,2022-2023,Damian Lillard,34.36%
4939,2022-2023,Klay Thompson,32.83%
4940,2022-2023,Kyrie Irving,31.59%
4941,2022-2023,Rudy Gobert,30.87%
4942,2022-2023,Anthony Davis,30.72%
4943,2022-2023,Khris Middleton,30.69%
4944,2022-2023,Jimmy Butler,30.45%
4945,2022-2023,Tobias Harris,30.43%
4946,2022-2023,Luka Doncic,30.00%
4947,2022-2023,Zach LaVine,30.00%
4948,2022-2023,Trae Young,30.00%
4949,2022-2023,Pascal Siakam,28.67%
4950,2022-2023,Ben Simmons,28.67%
4951,2022-2023,Myles Turner,28.36%
4952,2022-2023,Jrue Holiday,27.75%
4953,2022-2023,Devin Booker,27.36%
4954,2022-2023,Kristaps Porzingis,27.36%
4955,2022-2023,Karl-Anthony Towns,27.36%
4956,2022-2023,Joel Embiid,27.19%
4957,2022-2023,Nikola Jokic,27.19%
4958,2022-2023,Andrew Wiggins,27.19%
4959,2022-2023,C.J. McCollum,26.96%
4960,2022-2023,James Harden,26.69%
4961,2022-2023,Brandon Ingram,25.60%
4962,2022-2023,Jamal Murray,25.60%
4963,2022-2023,D'Angelo Russell,25.38%
4964,2022-2023,Deandre Ayton,25.00%
4965,2022-2023,Shai Gilgeous-Alexander,25.00%
4966,2022-2023,Donovan Mitchell,25.00%
4967,2022-2023,Michael Porter Jr.,25.00%
4968,2022-2023,Bam Adebayo,24.55%
4969,2022-2023,De'Aaron Fox,24.55%
4970,2022-2023,Jayson Tatum,24.55%
4971,2022-2023,Gordon Hayward,24.32%
4972,2022-2023,Jaylen Brown,24.08%
4973,2022-2023,Jaren Jackson Jr.,23.41%
4974,2022-2023,Chris Paul,22.97%
4975,2022-2023,Kyle Lowry,22.91%
4976,2022-2023,Jalen Brunson,22.43%
4977,2022-2023,DeMar DeRozan,22.08%
4978,2022-2023,Al Horford,21.43%
4979,2022-2023,Julius Randle,21.14%
4980,2022-2023,Draymond Green,20.87%
4981,2022-2023,John Collins,19.00%
4982,2022-2023,Mike Conley,18.34%
4983,2022-2023,Malcolm Brogdon,18.28%
4984,2022-2023,Anfernee Simons,18.05%
4985,2022-2023,Nikola Vucevic,17.79%
4986,2022-2023,Terry Rozier,17.38%
4987,2022-2023,Fred VanVleet,17.18%
4988,2022-2023,Buddy Hield,17.13%
4989,2022-2023,Domantas Sabonis,17.06%
4990,2022-2023,Mikal Bridges,16.98%
4991,2022-2023,Jerami Grant,16.95%
4992,2022-2023,Aaron Gordon,16.73%
4993,2022-2023,Jarrett Allen,16.17%
4994,2022-2023,Tim Hardaway Jr.,15.85%
4995,2022-2023,Eric Gordon,15.83%
4996,2022-2023,Bojan Bogdanovic,15.81%
4997,2022-2023,Lonzo Ball,15.80%
4998,2022-2023,Spencer Dinwiddie,15.77%
4999,2022-2023,Caris LeVert,15.20%
5000,2022-2023,Clint Capela,15.13%
5001,2022-2023,Joe Harris,15.08%
5002,2022-2023,Harrison Barnes,14.84%
5003,2022-2023,Bogdan Bogdanovic,14.56%
5004,2022-2023,Evan Fournier,14.56%
5005,2022-2023,Steven Adams,14.50%
5006,2022-2023,Marcus Smart,14.12%
5007,2022-2023,Jonathan Isaac,14.07%
5008,2022-2023,OG Anunoby,14.04%
5009,2022-2023,Gary Trent Jr.,13.97%
5010,2022-2023,Derrick White,13.86%
5011,2022-2023,Dejounte Murray,13.81%
5012,2022-2023,Mitchell Robinson,13.78%
5013,2022-2023,Duncan Robinson,13.67%
5014,2022-2023,Norman Powell,13.55%
5015,2022-2023,Markelle Fultz,13.34%
5016,2022-2023,Collin Sexton,13.34%
5017,2022-2023,Lauri Markkanen,13.32%
5018,2022-2023,Marcus Morris Sr.,13.24%
5019,2022-2023,Davis Bertans,12.94%
5020,2022-2023,Jusuf Nurkic,12.64%
5021,2022-2023,Malik Beasley,12.58%
5022,2022-2023,Luguentz Dort,12.36%
5023,2022-2023,Tyus Jones,12.13%
5024,2022-2023,Jonas Valanciunas,11.89%
5025,2022-2023,Derrick Rose,11.74%
5026,2022-2023,Kevin Huerter,11.73%
5027,2022-2023,Christian Wood,11.58%
5028,2022-2023,Wendell Carter Jr.,11.44%
5029,2022-2023,Kentavious Caldwell-Pope,11.33%
5030,2022-2023,Brook Lopez,11.25%
5031,2022-2023,Doug McDermott,11.12%
5032,2022-2023,Luke Kennard,11.12%
5033,2022-2023,Zion Williamson,10.95%
5034,2022-2023,Jordan Clarkson,10.79%
5035,2022-2023,Gary Harris,10.51%
5036,2022-2023,Kyle Kuzma,10.51%
5037,2022-2023,Josh Hart,10.48%
5038,2022-2023,Dorian Finney-Smith,10.46%
5039,2022-2023,Kelly Olynyk,10.36%
5040,2022-2023,Chris Boucher,10.26%
5041,2022-2023,Kelly Oubre Jr.,10.19%
5042,2022-2023,Marvin Bagley III,10.11%
5043,2022-2023,Robert Covington,9.95%
5044,2022-2023,Josh Richardson,9.86%
5045,2022-2023,Ja Morant,9.80%
5046,2022-2023,Devonte' Graham,9.34%
5047,2022-2023,Dillon Brooks,9.22%
5048,2022-2023,Richaun Holmes,9.07%
5049,2022-2023,Dwight Powell,8.96%
5050,2022-2023,Paolo Banchero,8.94%
5051,2022-2023,R.J. Barrett,8.82%
5052,2022-2023,Nicolas Batum,8.77%
5053,2022-2023,Bobby Portis,8.77%
5054,2022-2023,Anthony Edwards,8.68%
5055,2022-2023,Robert Williams III,8.66%
5056,2022-2023,Cade Cunningham,8.53%
5057,2022-2023,P.J. Tucker,8.48%
5058,2022-2023,Mohamed Bamba,8.33%
5059,2022-2023,Talen Horton-Tucker,8.30%
5060,2022-2023,Jae Crowder,8.24%
5061,2022-2023,Ivica Zubac,8.19%
5062,2022-2023,Reggie Bullock,8.10%
5063,2022-2023,Alec Burks,8.10%
5064,2022-2023,Chet Holmgren,8.00%
5065,2022-2023,De'Andre Hunter,7.95%
5066,2022-2023,Larry Nance Jr.,7.82%
5067,2022-2023,James Wiseman,7.77%
5068,2022-2023,Landry Shamet,7.68%
5069,2022-2023,Malik Monk,7.66%
5070,2022-2023,Jalen Green,7.64%
5071,2022-2023,Jakob Poeltl,7.60%
5072,2022-2023,Nicolas Claxton,7.56%
5073,2022-2023,Dario Saric,7.47%
5074,2022-2023,Royce O'Neale,7.44%
5075,2022-2023,Monte Morris,7.38%
5076,2022-2023,Mason Plumlee,7.34%
5077,2022-2023,Alex Caruso,7.30%
5078,2022-2023,Maxi Kleber,7.28%
5079,2022-2023,Grayson Allen,7.22%
5080,2022-2023,Darius Garland,7.21%
5081,2022-2023,Jabari Smith Jr.,7.18%
5082,2022-2023,Isaiah Hartenstein,7.16%
5083,2022-2023,Kyle Anderson,7.10%
5084,2022-2023,Victor Oladipo,7.08%
5085,2022-2023,Daniel Theis,7.03%
5086,2022-2023,LaMelo Ball,6.97%
5087,2022-2023,Seth Curry,6.87%
5088,2022-2023,Evan Mobley,6.86%
5089,2022-2023,Gary Payton II,6.71%
5090,2022-2023,De'Anthony Melton,6.67%
5091,2022-2023,T.J. McConnell,6.55%
5092,2022-2023,Keegan Murray,6.48%
5093,2022-2023,Thaddeus Young,6.47%
5094,2022-2023,Delon Wright,6.31%
5095,2022-2023,Patrick Williams,6.29%
5096,2022-2023,Scottie Barnes,6.18%
5097,2022-2023,Cedi Osman,6.01%
5098,2022-2023,Coby White,6.00%
5099,2022-2023,Zach Collins,5.94%
5100,2022-2023,Jaden Ivey,5.86%
5101,2022-2023,Taurean Prince,5.74%
5102,2022-2023,Jae’Sean Tate,5.71%
5103,2022-2023,Isaac Okoro,5.69%
5104,2022-2023,Kevon Looney,5.66%
5105,2022-2023,Cody Martin,5.66%
5106,2022-2023,Jalen Suggs,5.60%
5107,2022-2023,Jaxson Hayes,5.50%
5108,2022-2023,Khem Birch,5.39%
5109,2022-2023,Bennedict Mathurin,5.33%
5110,2022-2023,Bruce Brown Jr.,5.24%
5111,2022-2023,Danilo Gallinari,5.24%
5112,2022-2023,Joe Ingles,5.24%
5113,2022-2023,Caleb Martin,5.24%
5114,2022-2023,Patty Mills,5.24%
5115,2022-2023,Lonnie Walker IV,5.24%
5116,2022-2023,Onyeka Okongwu,5.17%
5117,2022-2023,Josh Giddey,5.08%
5118,2022-2023,Rui Hachimura,5.07%
5119,2022-2023,Rudy Gay,5.00%
5120,2022-2023,Shaedon Sharpe,4.86%
5121,2022-2023,Cameron Payne,4.85%
5122,2022-2023,Otto Porter Jr.,4.85%
5123,2022-2023,Cam Reddish,4.82%
5124,2022-2023,Cameron Johnson,4.76%
5125,2022-2023,Ricky Rubio,4.73%
5126,2022-2023,Killian Hayes,4.72%
5127,2022-2023,PJ Washington,4.70%
5128,2022-2023,Jonathan Kuminga,4.64%
5129,2022-2023,Pat Connaughton,4.63%
5130,2022-2023,Tyler Herro,4.63%
5131,2022-2023,Romeo Langford,4.56%
5132,2022-2023,Dyson Daniels,4.45%
5133,2022-2023,JaVale McGee,4.42%
5134,2022-2023,Obi Toppin,4.33%
5135,2022-2023,Franz Wagner,4.25%
5136,2022-2023,Kendrick Nunn,4.25%
5137,2022-2023,Hamidou Diallo,4.21%
5138,2022-2023,Cory Joseph,4.17%
5139,2022-2023,Garrett Temple,4.17%
5140,2022-2023,Torrey Craig,4.14%
5141,2022-2023,Jeremy Sochan,4.09%
5142,2022-2023,Nickeil Alexander-Walker,4.05%
5143,2022-2023,Furkan Korkmaz,4.04%
5144,2022-2023,Deni Avdija,3.98%
5145,2022-2023,Davion Mitchell,3.91%
5146,2022-2023,Johnny Davis,3.89%
5147,2022-2023,Ishmael Smith,3.82%
5148,2022-2023,Jalen Smith,3.78%
5149,2022-2023,Ziaire Williams,3.71%
5150,2022-2023,Ousmane Dieng,3.70%
5151,2022-2023,Donte DiVincenzo,3.64%
5152,2022-2023,Jeff Green,3.64%
5153,2022-2023,Devin Vassell,3.59%
5154,2022-2023,Matisse Thybulle,3.54%
5155,2022-2023,Jarred Vanderbilt,3.54%
5156,2022-2023,James Bouknight,3.53%
5157,2022-2023,Brandon Clarke,3.51%
5158,2022-2023,Jalen Williams,3.51%
5159,2022-2023,Grant Williams,3.48%
5160,2022-2023,Darius Bazley,3.45%
5161,2022-2023,Tyrese Haliburton,3.41%
5162,2022-2023,Nassir Little,3.37%
5163,2022-2023,Jalen Duren,3.34%
5164,2022-2023,Danuel House Jr.,3.32%
5165,2022-2023,Justise Winslow,3.31%
5166,2022-2023,Dylan Windler,3.27%
5167,2022-2023,Kira Lewis Jr.,3.24%
5168,2022-2023,Terence Davis,3.23%
5169,2022-2023,George Hill,3.23%
5170,2022-2023,Chris Duarte,3.18%
5171,2022-2023,Alex Len,3.17%
5172,2022-2023,Ochai Agbaji,3.17%
5173,2022-2023,Jordan Poole,3.16%
5174,2022-2023,Keldon Johnson,3.13%
5175,2022-2023,Aaron Nesmith,3.08%
5176,2022-2023,Moses Moody,3.02%
5177,2022-2023,Mark Williams,3.01%
5178,2022-2023,Cole Anthony,2.92%
5179,2022-2023,Corey Kispert,2.87%
5180,2022-2023,A.J. Griffin,2.86%
5181,2022-2023,Mike Muscala,2.83%
5182,2022-2023,Georges Niang,2.80%
5183,2022-2023,Chuma Okeke,2.78%
5184,2022-2023,Isaiah Stewart,2.78%
5185,2022-2023,Amir Coffey,2.75%
5186,2022-2023,Alperen Sengun,2.73%
5187,2022-2023,Tari Eason,2.72%
5188,2022-2023,Aleksej Pokusevski,2.64%
5189,2022-2023,Kevin Porter Jr.,2.60%
5190,2022-2023,Trey Murphy III,2.59%
5191,2022-2023,Simone Fontecchio,2.59%
5192,2022-2023,Andre Drummond,2.59%
5193,2022-2023,Derrick Jones Jr.,2.59%
5194,2022-2023,Dalen Terry,2.58%
5195,2022-2023,Kevin Love,2.52%
5196,2022-2023,Josh Green,2.51%
5197,2022-2023,Jake LaRavia,2.46%
5198,2022-2023,Tre Mann,2.46%
5199,2022-2023,Kevin Knox,2.43%
5200,2022-2023,Saddiq Bey,2.39%
5201,2022-2023,Malaki Branham,2.37%
5202,2022-2023,Kai Jones,2.35%
5203,2022-2023,Precious Achiuwa,2.30%
5204,2022-2023,Christian Braun,2.27%
5205,2022-2023,Jordan Nwora,2.26%
5206,2022-2023,Jalen Johnson,2.26%
5207,2022-2023,Tyrese Maxey,2.21%
5208,2022-2023,Bruno Fernando,2.20%
5209,2022-2023,Walker Kessler,2.18%
5210,2022-2023,Keon Johnson,2.17%
5211,2022-2023,Trey Lyles,2.12%
5212,2022-2023,Zeke Nnaji,2.12%
5213,2022-2023,Charles Bassey,2.10%
5214,2022-2023,David Roddy,2.09%
5215,2022-2023,Isaiah Jackson,2.08%
5216,2022-2023,MarJon Beauchamp,2.01%
5217,2022-2023,Usman Garuba,2.00%
5218,2022-2023,Montrezl Harrell,1.99%
5219,2022-2023,Willy Hernangomez,1.98%
5220,2022-2023,Blake Wesley,1.93%
5221,2022-2023,Josh Christopher,1.92%
5222,2022-2023,Immanuel Quickley,1.87%
5223,2022-2023,Wendell Moore Jr.,1.87%
5224,2022-2023,John Konchar,1.86%
5225,2022-2023,Damian Jones,1.86%
5226,2022-2023,Quentin Grimes,1.84%
5227,2022-2023,Andrew Nembhard,1.81%
5228,2022-2023,Nikola Jovic,1.81%
5229,2022-2023,Payton Pritchard,1.81%
5230,2022-2023,Vlatko Cancar,1.81%
5231,2022-2023,Patrick Baldwin Jr.,1.80%
5232,2022-2023,TyTy Washington Jr.,1.79%
5233,2022-2023,Nah'Shon Hyland,1.78%
5234,2022-2023,Bol Bol,1.78%
5235,2022-2023,Peyton Watson,1.77%
5236,2022-2023,Udoka Azubuike,1.76%
5237,2022-2023,Jaden McDaniels,1.75%
5238,2022-2023,Jordan McLaughlin,1.75%
5239,2022-2023,Malachi Flynn,1.74%
5240,2022-2023,Cameron Thomas,1.73%
5241,2022-2023,Luke Kornet,1.73%
5242,2022-2023,Desmond Bane,1.72%
5243,2022-2023,Jaden Springer,1.72%
5244,2022-2023,Day'Ron Sharpe,1.71%
5245,2022-2023,Jevon Carter,1.70%
5246,2022-2023,Santi Aldama,1.69%
5247,2022-2023,Frank Ntilikina,1.65%
5248,2022-2023,Danny Green,1.62%
5249,2022-2023,Caleb Houstan,1.62%
5250,2022-2023,Garrison Mathews,1.62%
5251,2022-2023,Jeremiah Robinson-Earl,1.62%
5252,2022-2023,Jaylin Williams,1.62%
5253,2022-2023,Kenrich Williams,1.62%
5254,2022-2023,Shake Milton,1.62%
5255,2022-2023,Sviatoslav Mykhailiuk,1.59%
5256,2022-2023,Edmond Sumner,1.59%
5257,2022-2023,Daniel Gafford,1.56%
5258,2022-2023,Terance Mann,1.56%
5259,2022-2023,Jalen McDaniels,1.56%
5260,2022-2023,Jaylen Nowell,1.56%
5261,2022-2023,Naz Reid,1.56%
5262,2022-2023,Dean Wade,1.56%
5263,2022-2023,Lindy Waters III,1.56%
5264,2022-2023,Chimezie Metu,1.55%
5265,2022-2023,Thanasis Antetokounmpo,1.52%
5266,2022-2023,Keita Bates-Diop,1.52%
5267,2022-2023,Wenyen Gabriel,1.52%
5268,2022-2023,Moritz Wagner,1.52%
5269,2022-2023,Oshae Brissett,1.49%
5270,2022-2023,Bismack Biyombo,1.48%
5271,2022-2023,Troy Brown Jr.,1.48%
5272,2022-2023,Thomas Bryant,1.48%
5273,2022-2023,Matthew Dellavedova,1.48%
5274,2022-2023,Drew Eubanks,1.48%
5275,2022-2023,Taj Gibson,1.48%
5276,2022-2023,Anthony Gill,1.48%
5277,2022-2023,JaMychal Green,1.48%
5278,2022-2023,Blake Griffin,1.48%
5279,2022-2023,Udonis Haslem,1.48%
5280,2022-2023,Aaron Holiday,1.48%
5281,2022-2023,Andre Iguodala,1.48%
5282,2022-2023,Isaiah Joe,1.48%
5283,2022-2023,DeAndre Jordan,1.48%
5284,2022-2023,Frank Kaminsky,1.48%
5285,2022-2023,Nathan Knight,1.48%
5286,2022-2023,Damion Lee,1.48%
5287,2022-2023,Robin Lopez,1.48%
5288,2022-2023,Wesley Matthews,1.48%
5289,2022-2023,Rodney McGruder,1.48%
5290,2022-2023,Markieff Morris,1.48%
5291,2022-2023,Raul Neto,1.48%
5292,2022-2023,Josh Okogie,1.48%
5293,2022-2023,Theo Pinson,1.48%
5294,2022-2023,Austin Rivers,1.48%
5295,2022-2023,Dennis Schröder,1.48%
5296,2022-2023,Dennis Smith Jr.,1.48%
5297,2022-2023,Juan Toscano-Anderson,1.48%
5298,2022-2023,T.J. Warren,1.48%
5299,2022-2023,Yuta Watanabe,1.48%
5300,2022-2023,Javonte Green,1.47%
5301,2022-2023,Max Strus,1.47%
5302,2022-2023,Gabe Vincent,1.47%
5303,2022-2023,Herb Jones,1.44%
5304,2022-2023,Tre Jones,1.44%
5305,2022-2023,Naji Marshall,1.44%
5306,2022-2023,Kenyon Martin Jr.,1.44%
5307,2022-2023,Paul Reed,1.44%
5308,2022-2023,Nick Richards,1.44%
5309,2022-2023,Lamar Stevens,1.44%
5310,2022-2023,Xavier Tillman,1.44%
5311,2022-2023,Haywood Highsmith,1.42%
5312,2022-2023,Omer Yurtseven,1.42%
5313,2022-2023,Kessler Edwards,1.32%
5314,2022-2023,Sam Hauser,1.32%
5315,2022-2023,Jericho Sims,1.32%
5316,2022-2023,Isaiah Todd,1.27%
5317,2022-2023,Jose Alvarado,1.26%
5318,2022-2023,Dalano Banton,1.26%
5319,2022-2023,Brandon Boston Jr,1.26%
5320,2022-2023,Ayo Dosunmu,1.26%
5321,2022-2023,Vit Krejci,1.26%
5322,2022-2023,Jock Landale,1.26%
5323,2022-2023,Isaiah Livers,1.26%
5324,2022-2023,Miles McBride,1.26%
5325,2022-2023,Daishen Nix,1.26%
5326,2022-2023,Jason Preston,1.26%
5327,2022-2023,Austin Reaves,1.26%
5328,2022-2023,Marko Simonovic,1.26%
5329,2022-2023,JT Thor,1.26%
5330,2022-2023,Trendon Watford,1.26%
5331,2022-2023,Aaron Wiggins,1.26%
5332,2022-2023,Christian Koloko,1.21%
5333,2022-2023,Bryce McGowens,0.87%
5334,2022-2023,Max Christie,0.82%
5335,2022-2023,Jaden Hardy,0.82%
5336,2022-2023,Tyrese Martin,0.82%
5337,2022-2023,Josh Minott,0.82%
5338,2022-2023,Ryan Rollins,0.82%
5339,2022-2023,Jabari Walker,0.82%
5340,2022-2023,Kenneth Lofton Jr.,0.81%
5341,2022-2023,Jordan Goodwin,0.73%
5342,2022-2023,Sam Merrill,0.69%
5343,2022-2023,Kris Dunn,0.60%
5344,2022-2023,Michael Carter-Williams,0.53%
5345,2022-2023,Gorgui Dieng,0.50%
5346,2022-2023,Boban Marjanovic,0.49%
5347,2022-2023,Goga Bitadze,0.48%
5348,2022-2023,James Johnson,0.48%
5349,2022-2023,Dewayne Dedmon,0.47%
5350,2022-2023,Reggie Jackson,0.47%
5351,2022-2023,Terrence Ross,0.47%
5352,2022-2023,Justin Holiday,0.46%
5353,2022-2023,Joe Wieskamp,0.44%
5354,2022-2023,P.J. Dozier,0.44%
5355,2022-2023,Cody Zeller,0.42%
5356,2022-2023,Patrick Beverley,0.41%
5357,2022-2023,Admiral Schofield,0.41%
5358,2022-2023,Russell Westbrook,0.40%
5359,2022-2023,RJ Hampton,0.39%
5360,2022-2023,Ishmail Wainright,0.38%
5361,2022-2023,Luka Samanic,0.35%
5362,2022-2023,Will Barton,0.35%
5363,2022-2023,Isaiah Roby,0.32%
5364,2022-2023,Goran Dragic,0.32%
5365,2022-2023,Carlik Jones,0.29%
5366,2022-2023,Sandro Mamukelashvili,0.29%
5367,2022-2023,DaQuan Jeffries,0.24%
5368,2022-2023,Meyers Leonard,0.23%
5369,2022-2023,Eugene Omoruyi,0.22%
5370,2022-2023,Anthony Lamb,0.20%
5371,2022-2023,D.J. Augustin,0.15%
5372,2022-2023,Xavier Cooks,0.11%
5373,2022-2023,Vernon Carey Jr.,0.08%
5374,2022-2023,Jeenathan Williams,0.04%
5375,2022-2023,Kobi Simmons,0.03%
5376,2022-2023,Justin Champagnie,0.02%
5377,2022-2023,David Duke Jr.,0.02%
5378,2022-2023,Shaquille Harrison,0.01%
5379,2022-2023,Willie Cauley-Stein,0.01%
5380,2022-2023,Tristan Thompson,0.01%
5381,2023-2024,Stephen Curry,38.17%
5382,2023-2024,Kevin Durant,35.03%
5383,2023-2024,Joel Embiid,35.00%
5384,2023-2024,LeBron James,35.00%
5385,2023-2024,Nikola Jokic,35.00%
5386,2023-2024,Bradley Beal,34.36%
5387,2023-2024,Giannis Antetokounmpo,33.55%
5388,2023-2024,Paul George,33.55%
5389,2023-2024,Kawhi Leonard,33.55%
5390,2023-2024,Damian Lillard,33.55%
5391,2023-2024,Jimmy Butler,33.22%
5392,2023-2024,Klay Thompson,31.77%
5393,2023-2024,Rudy Gobert,30.14%
5394,2023-2024,Fred VanVleet,30.00%
5395,2023-2024,Anthony Davis,29.85%
5396,2023-2024,Luka Doncic,29.45%
5397,2023-2024,Zach LaVine,29.45%
5398,2023-2024,Trae Young,29.45%
5399,2023-2024,Tobias Harris,28.87%
5400,2023-2024,Kyrie Irving,27.96%
5401,2023-2024,Pascal Siakam,27.86%
5402,2023-2024,Ben Simmons,27.86%
5403,2023-2024,Jrue Holiday,27.66%
5404,2023-2024,Devin Booker,26.48%
5405,2023-2024,Kristaps Porzingis,26.48%
5406,2023-2024,Karl-Anthony Towns,26.48%
5407,2023-2024,C.J. McCollum,26.32%
5408,2023-2024,James Harden,26.23%
5409,2023-2024,Darius Garland,25.00%
5410,2023-2024,Ja Morant,25.00%
5411,2023-2024,Zion Williamson,25.00%
5412,2023-2024,Brandon Ingram,24.87%
5413,2023-2024,Jamal Murray,24.87%
5414,2023-2024,Shai Gilgeous-Alexander,24.55%
5415,2023-2024,Michael Porter Jr.,24.55%
5416,2023-2024,Gordon Hayward,24.50%
5417,2023-2024,Donovan Mitchell,24.38%
5418,2023-2024,Bam Adebayo,23.97%
5419,2023-2024,De'Aaron Fox,23.97%
5420,2023-2024,Jayson Tatum,23.97%
5421,2023-2024,Deandre Ayton,23.86%
5422,2023-2024,Jaylen Brown,23.40%
5423,2023-2024,Chris Paul,22.64%
5424,2023-2024,Khris Middleton,21.56%
5425,2023-2024,Domantas Sabonis,21.54%
5426,2023-2024,DeMar DeRozan,21.03%
5427,2023-2024,Jerami Grant,20.28%
5428,2023-2024,Jordan Poole,20.18%
5429,2023-2024,Jaren Jackson Jr.,19.93%
5430,2023-2024,Tyler Herro,19.85%
5431,2023-2024,Julius Randle,19.81%
5432,2023-2024,Jalen Brunson,19.37%
5433,2023-2024,Kyle Kuzma,18.80%
5434,2023-2024,John Collins,18.63%
5435,2023-2024,Brook Lopez,18.38%
5436,2023-2024,Cameron Johnson,17.98%
5437,2023-2024,Mike Conley,17.91%
5438,2023-2024,Andrew Wiggins,17.89%
5439,2023-2024,Anfernee Simons,17.72%
5440,2023-2024,R.J. Barrett,17.56%
5441,2023-2024,Jordan Clarkson,17.27%
5442,2023-2024,Terry Rozier,17.06%
5443,2023-2024,Dillon Brooks,16.64%
5444,2023-2024,Malcolm Brogdon,16.54%
5445,2023-2024,Draymond Green,16.41%
5446,2023-2024,Bruce Brown Jr.,16.17%
5447,2023-2024,Mikal Bridges,15.95%
5448,2023-2024,Aaron Gordon,15.63%
5449,2023-2024,Myles Turner,15.42%
5450,2023-2024,Clint Capela,15.16%
5451,2023-2024,Lonzo Ball,15.05%
5452,2023-2024,De'Andre Hunter,14.77%
5453,2023-2024,Jarrett Allen,14.70%
5454,2023-2024,Bojan Bogdanovic,14.70%
5455,2023-2024,Keldon Johnson,14.70%
5456,2023-2024,Buddy Hield,14.59%
5457,2023-2024,Jakob Poeltl,14.34%
5458,2023-2024,Evan Fournier,13.86%
5459,2023-2024,Derrick White,13.86%
5460,2023-2024,Marcus Smart,13.85%
5461,2023-2024,Bogdan Bogdanovic,13.75%
5462,2023-2024,OG Anunoby,13.71%
5463,2023-2024,Gary Trent Jr.,13.65%
5464,2023-2024,Nikola Vucevic,13.61%
5465,2023-2024,Dejounte Murray,13.39%
5466,2023-2024,Duncan Robinson,13.35%
5467,2023-2024,Norman Powell,13.23%
5468,2023-2024,Tim Hardaway Jr.,13.16%
5469,2023-2024,Collin Sexton,12.88%
5470,2023-2024,Jonathan Isaac,12.79%
5471,2023-2024,D'Angelo Russell,12.72%
5472,2023-2024,Lauri Markkanen,12.69%
5473,2023-2024,Harrison Barnes,12.50%
5474,2023-2024,Davis Bertans,12.50%
5475,2023-2024,Markelle Fultz,12.50%
5476,2023-2024,Jusuf Nurkic,12.41%
5477,2023-2024,PJ Washington,12.39%
5478,2023-2024,Rui Hachimura,11.57%
5479,2023-2024,Mitchell Robinson,11.53%
5480,2023-2024,Kevin Huerter,11.52%
5481,2023-2024,Jonas Valanciunas,11.35%
5482,2023-2024,Caris LeVert,11.31%
5483,2023-2024,Luguentz Dort,11.23%
5484,2023-2024,Luke Kennard,10.85%
5485,2023-2024,Kentavious Caldwell-Pope,10.81%
5486,2023-2024,Max Strus,10.65%
5487,2023-2024,Tyus Jones,10.29%
5488,2023-2024,Doug McDermott,10.29%
5489,2023-2024,Dorian Finney-Smith,10.24%
5490,2023-2024,Anthony Edwards,9.95%
5491,2023-2024,Wendell Carter Jr.,9.59%
5492,2023-2024,Gary Harris,9.56%
5493,2023-2024,Josh Hart,9.53%
5494,2023-2024,Naz Reid,9.52%
5495,2023-2024,Steven Adams,9.26%
5496,2023-2024,Marvin Bagley III,9.19%
5497,2023-2024,Brandon Clarke,9.19%
5498,2023-2024,Dennis Schröder,9.12%
5499,2023-2024,Grant Williams,9.12%
5500,2023-2024,Daniel Gafford,9.12%
5501,2023-2024,Kelly Olynyk,8.97%
5502,2023-2024,Victor Wembanyama,8.94%
5503,2023-2024,James Wiseman,8.91%
5504,2023-2024,Devonte' Graham,8.90%
5505,2023-2024,Richaun Holmes,8.86%
5506,2023-2024,Herb Jones,8.83%
5507,2023-2024,Austin Reaves,8.83%
5508,2023-2024,Chris Boucher,8.64%
5509,2023-2024,Nicolas Batum,8.61%
5510,2023-2024,Bobby Portis,8.61%
5511,2023-2024,Robert Covington,8.60%
5512,2023-2024,Paolo Banchero,8.53%
5513,2023-2024,Robert Williams III,8.51%
5514,2023-2024,Coby White,8.17%
5515,2023-2024,Cade Cunningham,8.13%
5516,2023-2024,Talen Horton-Tucker,8.10%
5517,2023-2024,P.J. Tucker,8.10%
5518,2023-2024,Joe Ingles,8.09%
5519,2023-2024,Maxi Kleber,8.09%
5520,2023-2024,Ivica Zubac,8.04%
5521,2023-2024,LaMelo Ball,8.01%
5522,2023-2024,Donte DiVincenzo,8.01%
5523,2023-2024,Brandon Miller,8.00%
5524,2023-2024,Terance Mann,7.78%
5525,2023-2024,Matisse Thybulle,7.72%
5526,2023-2024,Gabe Vincent,7.72%
5527,2023-2024,Alec Burks,7.71%
5528,2023-2024,Chet Holmgren,7.64%
5529,2023-2024,Larry Nance Jr.,7.63%
5530,2023-2024,Landry Shamet,7.54%
5531,2023-2024,Al Horford,7.35%
5532,2023-2024,Malik Monk,7.31%
5533,2023-2024,Tre Jones,7.28%
5534,2023-2024,Jalen Green,7.27%
5535,2023-2024,Patrick Williams,7.23%
5536,2023-2024,Monte Morris,7.21%
5537,2023-2024,Scoot Henderson,7.18%
5538,2023-2024,Nicolas Claxton,7.08%
5539,2023-2024,Royce O'Neale,6.98%
5540,2023-2024,Alex Caruso,6.95%
5541,2023-2024,Pat Connaughton,6.93%
5542,2023-2024,Jabari Smith Jr.,6.86%
5543,2023-2024,Isaiah Hartenstein,6.80%
5544,2023-2024,Kyle Anderson,6.78%
5545,2023-2024,Grayson Allen,6.56%
5546,2023-2024,Isaac Okoro,6.56%
5547,2023-2024,Evan Mobley,6.53%
5548,2023-2024,Amen Thompson,6.48%
5549,2023-2024,Georges Niang,6.47%
5550,2023-2024,Gary Payton II,6.41%
5551,2023-2024,T.J. McConnell,6.40%
5552,2023-2024,Keegan Murray,6.18%
5553,2023-2024,Onyeka Okongwu,5.96%
5554,2023-2024,Scottie Barnes,5.89%
5555,2023-2024,Jeff Green,5.88%
5556,2023-2024,Jock Landale,5.88%
5557,2023-2024,Trey Lyles,5.88%
5558,2023-2024,De'Anthony Melton,5.88%
5559,2023-2024,Moritz Wagner,5.88%
5560,2023-2024,Ausar Thompson,5.86%
5561,2023-2024,Miles Bridges,5.82%
5562,2023-2024,Vasilije Micic,5.68%
5563,2023-2024,Paul Reed,5.68%
5564,2023-2024,Zach Collins,5.66%
5565,2023-2024,Jaden Ivey,5.60%
5566,2023-2024,Cody Martin,5.56%
5567,2023-2024,Kevon Looney,5.51%
5568,2023-2024,Jalen Suggs,5.33%
5569,2023-2024,Anthony Black,5.33%
5570,2023-2024,Jae’Sean Tate,5.15%
5571,2023-2024,Bennedict Mathurin,5.08%
5572,2023-2024,Caleb Martin,5.00%
5573,2023-2024,Obi Toppin,5.00%
5574,2023-2024,Cedi Osman,4.94%
5575,2023-2024,Bilal Coulibaly,4.86%
5576,2023-2024,Josh Giddey,4.84%
5577,2023-2024,Ayo Dosunmu,4.77%
5578,2023-2024,Sasha Vezenkov,4.66%
5579,2023-2024,Shaedon Sharpe,4.64%
5580,2023-2024,Deni Avdija,4.60%
5581,2023-2024,Nassir Little,4.59%
5582,2023-2024,Jevon Carter,4.55%
5583,2023-2024,Kenrich Williams,4.54%
5584,2023-2024,Jarace Walker,4.45%
5585,2023-2024,Jonathan Kuminga,4.42%
5586,2023-2024,Devin Vassell,4.33%
5587,2023-2024,Tyrese Haliburton,4.27%
5588,2023-2024,Dyson Daniels,4.25%
5589,2023-2024,Kira Lewis Jr.,4.21%
5590,2023-2024,Dean Wade,4.20%
5591,2023-2024,Aaron Nesmith,4.14%
5592,2023-2024,Taylor Hendricks,4.09%
5593,2023-2024,Cole Anthony,4.07%
5594,2023-2024,Franz Wagner,4.05%
5595,2023-2024,Jeremy Sochan,3.91%
5596,2023-2024,Cason Wallace,3.89%
5597,2023-2024,Chuma Okeke,3.87%
5598,2023-2024,Isaiah Stewart,3.87%
5599,2023-2024,Davion Mitchell,3.72%
5600,2023-2024,Johnny Davis,3.71%
5601,2023-2024,Jalen Smith,3.71%
5602,2023-2024,Jett Howard,3.70%
5603,2023-2024,Reggie Jackson,3.68%
5604,2023-2024,Mason Plumlee,3.68%
5605,2023-2024,Nick Richards,3.68%
5606,2023-2024,Ziaire Williams,3.54%
5607,2023-2024,Ousmane Dieng,3.53%
5608,2023-2024,Dereck Lively II,3.51%
5609,2023-2024,Josh Green,3.50%
5610,2023-2024,Nickeil Alexander-Walker,3.45%
5611,2023-2024,Jarred Vanderbilt,3.41%
5612,2023-2024,Jalen Williams,3.35%
5613,2023-2024,Saddiq Bey,3.35%
5614,2023-2024,Gradey Dick,3.34%
5615,2023-2024,Jalen McDaniels,3.32%
5616,2023-2024,Taurean Prince,3.32%
5617,2023-2024,Precious Achiuwa,3.22%
5618,2023-2024,Tyrese Maxey,3.19%
5619,2023-2024,Jalen Duren,3.18%
5620,2023-2024,Jordan Hawkins,3.17%
5621,2023-2024,Zeke Nnaji,3.17%
5622,2023-2024,Immanuel Quickley,3.07%
5623,2023-2024,Chris Duarte,3.03%
5624,2023-2024,Ochai Agbaji,3.02%
5625,2023-2024,Kobe Bufkin,3.01%
5626,2023-2024,Payton Pritchard,2.97%
5627,2023-2024,Troy Brown Jr.,2.94%
5628,2023-2024,Seth Curry,2.94%
5629,2023-2024,Dwight Powell,2.94%
5630,2023-2024,Moses Moody,2.88%
5631,2023-2024,Mark Williams,2.87%
5632,2023-2024,Jaden McDaniels,2.87%
5633,2023-2024,Keyonte George,2.86%
5634,2023-2024,Malachi Flynn,2.85%
5635,2023-2024,Desmond Bane,2.83%
5636,2023-2024,Kevin Love,2.82%
5637,2023-2024,Russell Westbrook,2.82%
5638,2023-2024,Corey Kispert,2.74%
5639,2023-2024,A.J. Griffin,2.73%
5640,2023-2024,Jalen Hood-Schifino,2.72%
5641,2023-2024,Amir Coffey,2.70%
5642,2023-2024,Alperen Sengun,2.60%
5643,2023-2024,Tari Eason,2.59%
5644,2023-2024,Jaime Jaquez Jr.,2.58%
5645,2023-2024,Andre Drummond,2.47%
5646,2023-2024,Trey Murphy III,2.47%
5647,2023-2024,Brandin Podziemski,2.46%
5648,2023-2024,Dalen Terry,2.46%
5649,2023-2024,Cam Whitmore,2.37%
5650,2023-2024,Jake LaRavia,2.35%
5651,2023-2024,Eric Gordon,2.35%
5652,2023-2024,Derrick Rose,2.35%
5653,2023-2024,Tre Mann,2.35%
5654,2023-2024,Noah Clowney,2.27%
5655,2023-2024,Malaki Branham,2.26%
5656,2023-2024,Simone Fontecchio,2.24%
5657,2023-2024,Julian Champagnie,2.21%
5658,2023-2024,Dante Exum,2.21%
5659,2023-2024,Jordan Nwora,2.21%
5660,2023-2024,Dariq Whitehead,2.18%
5661,2023-2024,Christian Braun,2.17%
5662,2023-2024,Jalen Johnson,2.15%
5663,2023-2024,Josh Richardson,2.13%
5664,2023-2024,Kris Murray,2.09%
5665,2023-2024,Walker Kessler,2.08%
5666,2023-2024,Josh Okogie,2.07%
5667,2023-2024,Omer Yurtseven,2.06%
5668,2023-2024,Kyle Lowry,2.06%
5669,2023-2024,Olivier-Maxence Prosper,2.01%
5670,2023-2024,David Roddy,2.00%
5671,2023-2024,Christian Wood,1.99%
5672,2023-2024,Isaiah Jackson,1.98%
5673,2023-2024,Marcus Sasser,1.93%
5674,2023-2024,MarJon Beauchamp,1.92%
5675,2023-2024,Charles Bassey,1.91%
5676,2023-2024,Kris Dunn,1.90%
5677,2023-2024,Damian Jones,1.90%
5678,2023-2024,Bruno Fernando,1.90%
5679,2023-2024,Ben Sheppard,1.87%
5680,2023-2024,Thomas Bryant,1.86%
5681,2023-2024,Torrey Craig,1.86%
5682,2023-2024,Damion Lee,1.86%
5683,2023-2024,Blake Wesley,1.84%
5684,2023-2024,Nick Smith Jr.,1.81%
5685,2023-2024,Brice Sensabaugh,1.80%
5686,2023-2024,Ty Jerome,1.79%
5687,2023-2024,Julian Strawther,1.79%
5688,2023-2024,Tristan Vukcevic,1.78%
5689,2023-2024,Wendell Moore Jr.,1.78%
5690,2023-2024,Jordan McLaughlin,1.78%
5691,2023-2024,Kobe Brown,1.77%
5692,2023-2024,Luke Kornet,1.77%
5693,2023-2024,John Konchar,1.76%
5694,2023-2024,Quentin Grimes,1.75%
5695,2023-2024,Nikola Jovic,1.73%
5696,2023-2024,Keita Bates-Diop,1.73%
5697,2023-2024,Drew Eubanks,1.73%
5698,2023-2024,Yuta Watanabe,1.73%
5699,2023-2024,Patrick Baldwin Jr.,1.72%
5700,2023-2024,Nah'Shon Hyland,1.70%
5701,2023-2024,Peyton Watson,1.69%
5702,2023-2024,Cameron Thomas,1.65%
5703,2023-2024,Vlatko Cancar,1.64%
5704,2023-2024,Vincent Williams Jr.,1.64%
5705,2023-2024,Jaden Springer,1.64%
5706,2023-2024,Day'Ron Sharpe,1.62%
5707,2023-2024,Santi Aldama,1.61%
5708,2023-2024,Oshae Brissett,1.59%
5709,2023-2024,Jaxson Hayes,1.59%
5710,2023-2024,Cam Reddish,1.59%
5711,2023-2024,Andrew Nembhard,1.57%
5712,2023-2024,Goga Bitadze,1.52%
5713,2023-2024,Luka Samanic,1.52%
5714,2023-2024,Thanasis Antetokounmpo,1.48%
5715,2023-2024,Mohamed Bamba,1.48%
5716,2023-2024,Dalano Banton,1.48%
5717,2023-2024,Malik Beasley,1.48%
5718,2023-2024,Patrick Beverley,1.48%
5719,2023-2024,Bol Bol,1.48%
5720,2023-2024,Moses Brown,1.48%
5721,2023-2024,Reggie Bullock,1.48%
5722,2023-2024,Jae Crowder,1.48%
5723,2023-2024,Aaron Holiday,1.48%
5724,2023-2024,Justin Holiday,1.48%
5725,2023-2024,Colby Jones,1.48%
5726,2023-2024,Derrick Jones Jr.,1.48%
5727,2023-2024,DeAndre Jordan,1.48%
5728,2023-2024,Alex Len,1.48%
5729,2023-2024,Sandro Mamukelashvili,1.48%
5730,2023-2024,Boban Marjanovic,1.48%
5731,2023-2024,Wesley Matthews,1.48%
5732,2023-2024,JaVale McGee,1.48%
5733,2023-2024,Markieff Morris,1.48%
5734,2023-2024,Sviatoslav Mykhailiuk,1.48%
5735,2023-2024,Kelly Oubre Jr.,1.48%
5736,2023-2024,Cameron Payne,1.48%
5737,2023-2024,Dario Saric,1.48%
5738,2023-2024,Dennis Smith Jr.,1.48%
5739,2023-2024,Lamar Stevens,1.48%
5740,2023-2024,Garrett Temple,1.48%
5741,2023-2024,Tristan Thompson,1.48%
5742,2023-2024,Lonnie Walker IV,1.48%
5743,2023-2024,Trendon Watford,1.48%
5744,2023-2024,Cody Zeller,1.48%
5745,2023-2024,Caleb Houstan,1.47%
5746,2023-2024,Garrison Mathews,1.47%
5747,2023-2024,Jaylin Williams,1.47%
5748,2023-2024,Anthony Gill,1.47%
5749,2023-2024,Isaiah Joe,1.47%
5750,2023-2024,Sam Merrill,1.47%
5751,2023-2024,G.G. Jackson,1.46%
5752,2023-2024,Duop Reath,1.43%
5753,2023-2024,Naji Marshall,1.42%
5754,2023-2024,Kenyon Martin Jr.,1.42%
5755,2023-2024,Xavier Tillman,1.42%
5756,2023-2024,Kessler Edwards,1.42%
5757,2023-2024,Sam Hauser,1.42%
5758,2023-2024,Jericho Sims,1.42%
5759,2023-2024,Haywood Highsmith,1.40%
5760,2023-2024,AJ Green,1.40%
5761,2023-2024,Jose Alvarado,1.35%
5762,2023-2024,Brandon Boston Jr,1.35%
5763,2023-2024,Miles McBride,1.35%
5764,2023-2024,JT Thor,1.35%
5765,2023-2024,Aaron Wiggins,1.35%
5766,2023-2024,E.J. Liddell,1.32%
5767,2023-2024,Orlando Robinson,1.32%
5768,2023-2024,Leonard Miller,1.32%
5769,2023-2024,Daniel Theis,1.28%
5770,2023-2024,Max Christie,1.26%
5771,2023-2024,Jaden Hardy,1.26%
5772,2023-2024,Bryce McGowens,1.26%
5773,2023-2024,Josh Minott,1.26%
5774,2023-2024,Jabari Walker,1.26%
5775,2023-2024,Jalen Pickett,1.26%
5776,2023-2024,Julian Phillips,1.18%
5777,2023-2024,Spencer Dinwiddie,1.14%
5778,2023-2024,Craig Porter Jr.,1.10%
5779,2023-2024,Matt Ryan,1.10%
5780,2023-2024,Jared Butler,0.92%
5781,2023-2024,Toumani Camara,0.82%
5782,2023-2024,Sidy Cissoko,0.82%
5783,2023-2024,Mouhamed Gueye,0.82%
5784,2023-2024,Andre Jackson Jr.,0.82%
5785,2023-2024,Trayce Jackson-Davis,0.82%
5786,2023-2024,Maxwell Lewis,0.82%
5787,2023-2024,Chris Livingston,0.82%
5788,2023-2024,Rayan Rupert,0.82%
5789,2023-2024,Hunter Tyson,0.82%
5790,2023-2024,Jordan Walsh,0.82%
5791,2023-2024,Kendall Brown,0.81%
5792,2023-2024,Gui Santos,0.76%
5793,2023-2024,A.J. Lawson,0.74%
5794,2023-2024,Eugene Omoruyi,0.66%
5795,2023-2024,Ricky Council IV,0.64%
5796,2023-2024,Jalen Wilson,0.62%
5797,2023-2024,James Johnson,0.57%
5798,2023-2024,Lindy Waters III,0.56%
5799,2023-2024,Bismack Biyombo,0.55%
5800,2023-2024,Keon Ellis,0.50%
5801,2023-2024,Danilo Gallinari,0.49%
5802,2023-2024,Delon Wright,0.49%
5803,2023-2024,Jeremiah Robinson-Earl,0.48%
5804,2023-2024,Thaddeus Young,0.47%
5805,2023-2024,Aleksej Pokusevski,0.42%
5806,2023-2024,Lester Quinones,0.40%
5807,2023-2024,Stanley Umude,0.40%
5808,2023-2024,Trent Forrest,0.39%
5809,2023-2024,Mike Muscala,0.38%
5810,2023-2024,Darius Bazley,0.37%
5811,2023-2024,Onuralp Bitim,0.37%
5812,2023-2024,Kenneth Lofton Jr.,0.37%
5813,2023-2024,Shake Milton,0.35%
5814,2023-2024,Patty Mills,0.34%
5815,2023-2024,Dominick Barlow,0.34%
5816,2023-2024,Taj Gibson,0.26%
5817,2023-2024,Javon Freeman-Liberty,0.21%
5818,2023-2024,DaQuan Jeffries,0.19%
5819,2023-2024,Mamadi Diakite,0.19%
5820,2023-2024,T.J. Warren,0.16%
5821,2023-2024,Chimezie Metu,0.16%
5822,2023-2024,Marcus Morris Sr.,0.15%
5823,2023-2024,Jeff Dowtin,0.09%
5824,2023-2024,Luka Garza,0.09%
5825,2023-2024,Javonte Green,0.09%
5826,2023-2024,Neemias Queta,0.06%
5827,2023-2024,Isaiah Thomas,0.05%
5828,2023-2024,Malik Williams,0.01%
5829,2023-2024,Usman Garuba,0.01%
5830,2023-2024,Kai Jones,0.01%
5831,2024-2025,Stephen Curry,39.66%
5832,2024-2025,Joel Embiid,36.57%
5833,2024-2025,Nikola Jokic,36.57%
5834,2024-2025,Kevin Durant,36.40%
5835,2024-2025,Bradley Beal,35.71%
5836,2024-2025,Devin Booker,35.00%
5837,2024-2025,Jaylen Brown,35.00%
5838,2024-2025,Paul George,35.00%
5839,2024-2025,Kawhi Leonard,35.00%
5840,2024-2025,Karl-Anthony Towns,35.00%
5841,2024-2025,Jimmy Butler,34.71%
5842,2024-2025,Giannis Antetokounmpo,34.70%
5843,2024-2025,Damian Lillard,34.70%
5844,2024-2025,LeBron James,34.66%
5845,2024-2025,Zach LaVine,31.68%
5846,2024-2025,Rudy Gobert,31.17%
5847,2024-2025,Anthony Davis,30.74%
5848,2024-2025,Luka Doncic,30.61%
5849,2024-2025,Trae Young,30.61%
5850,2024-2025,Fred VanVleet,30.48%
5851,2024-2025,Anthony Edwards,30.00%
5852,2024-2025,Tyrese Haliburton,30.00%
5853,2024-2025,Lauri Markkanen,30.00%
5854,2024-2025,Pascal Siakam,30.00%
5855,2024-2025,Kyrie Irving,28.45%
5856,2024-2025,Domantas Sabonis,27.88%
5857,2024-2025,Darius Garland,26.12%
5858,2024-2025,Ja Morant,26.12%
5859,2024-2025,Zion Williamson,26.12%
5860,2024-2025,OG Anunoby,26.06%
5861,2024-2025,Brandon Ingram,25.62%
5862,2024-2025,Jamal Murray,25.62%
5863,2024-2025,Shai Gilgeous-Alexander,25.51%
5864,2024-2025,Michael Porter Jr.,25.51%
5865,2024-2025,Donovan Mitchell,25.19%
5866,2024-2025,LaMelo Ball,25.00%
5867,2024-2025,Tyrese Maxey,25.00%
5868,2024-2025,Bam Adebayo,24.79%
5869,2024-2025,De'Aaron Fox,24.79%
5870,2024-2025,Jayson Tatum,24.79%
5871,2024-2025,Desmond Bane,24.19%
5872,2024-2025,Deandre Ayton,24.19%
5873,2024-2025,James Harden,23.94%
5874,2024-2025,C.J. McCollum,23.71%
5875,2024-2025,Julius Randle,23.53%
5876,2024-2025,Immanuel Quickley,23.12%
5877,2024-2025,Khris Middleton,22.05%
5878,2024-2025,Isaiah Hartenstein,21.34%
5879,2024-2025,Jrue Holiday,21.34%
5880,2024-2025,Jerami Grant,21.19%
5881,2024-2025,Jordan Poole,21.09%
5882,2024-2025,Devin Vassell,20.88%
5883,2024-2025,Kristaps Porzingis,20.82%
5884,2024-2025,Tyler Herro,20.63%
5885,2024-2025,Dejounte Murray,20.50%
5886,2024-2025,Jonathan Isaac,19.63%
5887,2024-2025,Nicolas Claxton,19.60%
5888,2024-2025,Miles Bridges,19.33%
5889,2024-2025,John Collins,18.91%
5890,2024-2025,Andrew Wiggins,18.69%
5891,2024-2025,Anfernee Simons,18.42%
5892,2024-2025,R.J. Barrett,18.35%
5893,2024-2025,Tobias Harris,18.04%
5894,2024-2025,Jaren Jackson Jr.,17.97%
5895,2024-2025,Jalen Brunson,17.75%
5896,2024-2025,Terry Rozier,17.73%
5897,2024-2025,Kyle Kuzma,17.40%
5898,2024-2025,Draymond Green,17.15%
5899,2024-2025,DeMar DeRozan,16.64%
5900,2024-2025,Mikal Bridges,16.57%
5901,2024-2025,Dillon Brooks,16.54%
5902,2024-2025,Cameron Johnson,16.40%
5903,2024-2025,Bruce Brown Jr.,16.36%
5904,2024-2025,Brook Lopez,16.36%
5905,2024-2025,Aaron Gordon,16.25%
5906,2024-2025,Kentavious Caldwell-Pope,16.19%
5907,2024-2025,Jaden McDaniels,16.07%
5908,2024-2025,Malcolm Brogdon,16.00%
5909,2024-2025,Clint Capela,15.84%
5910,2024-2025,De'Andre Hunter,15.43%
5911,2024-2025,Lonzo Ball,15.22%
5912,2024-2025,Marcus Smart,14.38%
5913,2024-2025,Jarrett Allen,14.23%
5914,2024-2025,Nikola Vucevic,14.23%
5915,2024-2025,Myles Turner,14.18%
5916,2024-2025,Derrick White,14.10%
5917,2024-2025,Jakob Poeltl,13.87%
5918,2024-2025,Duncan Robinson,13.80%
5919,2024-2025,Norman Powell,13.69%
5920,2024-2025,Keldon Johnson,13.51%
5921,2024-2025,D'Angelo Russell,13.30%
5922,2024-2025,Collin Sexton,12.91%
5923,2024-2025,Josh Hart,12.91%
5924,2024-2025,Jusuf Nurkic,12.89%
5925,2024-2025,Harrison Barnes,12.80%
5926,2024-2025,Patrick Williams,12.80%
5927,2024-2025,Malik Monk,12.38%
5928,2024-2025,Bogdan Bogdanovic,12.28%
5929,2024-2025,Luguentz Dort,12.09%
5930,2024-2025,Rui Hachimura,12.09%
5931,2024-2025,Kevin Huerter,11.97%
5932,2024-2025,Zach Collins,11.91%
5933,2024-2025,Caris LeVert,11.82%
5934,2024-2025,Tim Hardaway Jr.,11.52%
5935,2024-2025,Klay Thompson,11.29%
5936,2024-2025,Grayson Allen,11.11%
5937,2024-2025,Deni Avdija,11.11%
5938,2024-2025,PJ Washington,11.03%
5939,2024-2025,Max Strus,10.82%
5940,2024-2025,Isaiah Stewart,10.67%
5941,2024-2025,Dorian Finney-Smith,10.62%
5942,2024-2025,Mitchell Robinson,10.18%
5943,2024-2025,Jordan Clarkson,10.02%
5944,2024-2025,Onyeka Okongwu,9.96%
5945,2024-2025,Naz Reid,9.95%
5946,2024-2025,Cade Cunningham,9.92%
5947,2024-2025,Daniel Gafford,9.53%
5948,2024-2025,Dennis Schröder,9.26%
5949,2024-2025,Grant Williams,9.26%
5950,2024-2025,Isaiah Joe,9.24%
5951,2024-2025,Herb Jones,9.23%
5952,2024-2025,Austin Reaves,9.23%
5953,2024-2025,Obi Toppin,9.23%
5954,2024-2025,Cole Anthony,9.18%
5955,2024-2025,De'Anthony Melton,9.12%
5956,2024-2025,Kelly Olynyk,9.11%
5957,2024-2025,Victor Wembanyama,9.08%
5958,2024-2025,Josh Green,9.00%
5959,2024-2025,Richaun Holmes,9.00%
5960,2024-2025,Steven Adams,8.96%
5961,2024-2025,Bobby Portis,8.95%
5962,2024-2025,Zaccharie Risacher,8.94%
5963,2024-2025,Marvin Bagley III,8.89%
5964,2024-2025,Brandon Clarke,8.89%
5965,2024-2025,Jalen Green,8.88%
5966,2024-2025,Robert Williams III,8.84%
5967,2024-2025,Paolo Banchero,8.65%
5968,2024-2025,Coby White,8.54%
5969,2024-2025,Wendell Carter Jr.,8.50%
5970,2024-2025,Ivica Zubac,8.35%
5971,2024-2025,Donte DiVincenzo,8.14%
5972,2024-2025,Brandon Miller,8.13%
5973,2024-2025,Terance Mann,8.13%
5974,2024-2025,Alex Sarr,8.00%
5975,2024-2025,Evan Mobley,7.99%
5976,2024-2025,Larry Nance Jr.,7.97%
5977,2024-2025,Matisse Thybulle,7.84%
5978,2024-2025,Maxi Kleber,7.82%
5979,2024-2025,Aaron Nesmith,7.82%
5980,2024-2025,Gabe Vincent,7.82%
5981,2024-2025,Moritz Wagner,7.82%
5982,2024-2025,Chris Paul,7.81%
5983,2024-2025,Aaron Wiggins,7.81%
5984,2024-2025,Chet Holmgren,7.74%
5985,2024-2025,Chris Boucher,7.69%
5986,2024-2025,Jarred Vanderbilt,7.62%
5987,2024-2025,Scoot Henderson,7.30%
5988,2024-2025,Isaac Okoro,7.24%
5989,2024-2025,Scottie Barnes,7.21%
5990,2024-2025,Reed Sheppard,7.18%
5991,2024-2025,Mike Conley,7.10%
5992,2024-2025,Jonas Valanciunas,7.04%
5993,2024-2025,Alex Caruso,7.03%
5994,2024-2025,Jabari Smith Jr.,6.95%
5995,2024-2025,Derrick Jones Jr.,6.77%
5996,2024-2025,Al Horford,6.76%
5997,2024-2025,T.J. McConnell,6.76%
5998,2024-2025,Pat Connaughton,6.70%
5999,2024-2025,Royce O'Neale,6.67%
6000,2024-2025,Luke Kennard,6.58%
6001,2024-2025,Amen Thompson,6.58%
6002,2024-2025,Jalen Suggs,6.54%
6003,2024-2025,Caleb Martin,6.53%
6004,2024-2025,Gary Payton II,6.49%
6005,2024-2025,Stephon Castle,6.48%
6006,2024-2025,Tre Jones,6.48%
6007,2024-2025,Goga Bitadze,6.44%
6008,2024-2025,Zeke Nnaji,6.32%
6009,2024-2025,Keegan Murray,6.27%
6010,2024-2025,Kyle Anderson,6.25%
6011,2024-2025,Buddy Hield,6.25%
6012,2024-2025,Naji Marshall,6.10%
6013,2024-2025,Jalen Smith,6.10%
6014,2024-2025,Georges Niang,6.05%
6015,2024-2025,Ausar Thompson,5.96%
6016,2024-2025,Josh Giddey,5.94%
6017,2024-2025,Josh Okogie,5.87%
6018,2024-2025,Ron Holland II,5.86%
6019,2024-2025,Cody Martin,5.78%
6020,2024-2025,Jeff Green,5.69%
6021,2024-2025,Jock Landale,5.69%
6022,2024-2025,Kevon Looney,5.69%
6023,2024-2025,Trey Lyles,5.69%
6024,2024-2025,Kelly Oubre Jr.,5.68%
6025,2024-2025,Jaden Ivey,5.67%
6026,2024-2025,Kenyon Martin Jr.,5.67%
6027,2024-2025,Vasilije Micic,5.49%
6028,2024-2025,Simone Fontecchio,5.47%
6029,2024-2025,Jonathan Kuminga,5.43%
6030,2024-2025,Anthony Black,5.41%
6031,2024-2025,Jae’Sean Tate,5.38%
6032,2024-2025,Gary Harris,5.33%
6033,2024-2025,Tidjane Salaun,5.33%
6034,2024-2025,Bennedict Mathurin,5.15%
6035,2024-2025,Max Christie,5.08%
6036,2024-2025,Franz Wagner,4.98%
6037,2024-2025,Ayo Dosunmu,4.98%
6038,2024-2025,Bilal Coulibaly,4.94%
6039,2024-2025,Donovan Clingan,4.86%
6040,2024-2025,Payton Pritchard,4.76%
6041,2024-2025,Kenrich Williams,4.74%
6042,2024-2025,Shaedon Sharpe,4.70%
6043,2024-2025,Jevon Carter,4.62%
6044,2024-2025,Davion Mitchell,4.59%
6045,2024-2025,Saddiq Bey,4.58%
6046,2024-2025,Jarace Walker,4.53%
6047,2024-2025,Rob Dillingham,4.45%
6048,2024-2025,Dean Wade,4.39%
6049,2024-2025,John Konchar,4.39%
6050,2024-2025,Ziaire Williams,4.36%
6051,2024-2025,Dyson Daniels,4.31%
6052,2024-2025,Precious Achiuwa,4.27%
6053,2024-2025,Malik Beasley,4.27%
6054,2024-2025,Taylor Hendricks,4.16%
6055,2024-2025,Moses Moody,4.13%
6056,2024-2025,Zach Edey,4.09%
6057,2024-2025,Corey Kispert,4.06%
6058,2024-2025,Jeremy Sochan,3.96%
6059,2024-2025,Cason Wallace,3.95%
6060,2024-2025,Cody Williams,3.89%
6061,2024-2025,Alperen Sengun,3.86%
6062,2024-2025,Jett Howard,3.75%
6063,2024-2025,Haywood Highsmith,3.70%
6064,2024-2025,Matas Buzelis,3.70%
6065,2024-2025,Kris Dunn,3.68%
6066,2024-2025,Dario Saric,3.68%
6067,2024-2025,Trey Murphy III,3.67%
6068,2024-2025,Ousmane Dieng,3.58%
6069,2024-2025,Dereck Lively II,3.57%
6070,2024-2025,Andre Drummond,3.56%
6071,2024-2025,Drew Eubanks,3.56%
6072,2024-2025,Nick Richards,3.56%
6073,2024-2025,Nikola Topic,3.51%
6074,2024-2025,Tre Mann,3.49%
6075,2024-2025,Jalen Williams,3.40%
6076,2024-2025,Gradey Dick,3.39%
6077,2024-2025,Miles McBride,3.35%
6078,2024-2025,Devin Carter,3.34%
6079,2024-2025,Nicolas Batum,3.32%
6080,2024-2025,Aaron Holiday,3.32%
6081,2024-2025,Jalen Duren,3.23%
6082,2024-2025,Jordan Hawkins,3.22%
6083,2024-2025,Jalen Johnson,3.21%
6084,2024-2025,Bub Carrington,3.17%
6085,2024-2025,Isaiah Jackson,3.15%
6086,2024-2025,Nickeil Alexander-Walker,3.07%
6087,2024-2025,Ochai Agbaji,3.07%
6088,2024-2025,Kobe Bufkin,3.06%
6089,2024-2025,Quentin Grimes,3.06%
6090,2024-2025,Kel'el Ware,3.01%
6091,2024-2025,Mark Williams,2.91%
6092,2024-2025,Keyonte George,2.91%
6093,2024-2025,Cameron Thomas,2.87%
6094,2024-2025,Jared McCain,2.86%
6095,2024-2025,Dwight Powell,2.85%
6096,2024-2025,Day'Ron Sharpe,2.84%
6097,2024-2025,Santi Aldama,2.82%
6098,2024-2025,Amir Coffey,2.80%
6099,2024-2025,Kevin Love,2.74%
6100,2024-2025,Dalton Knecht,2.72%
6101,2024-2025,Tari Eason,2.63%
6102,2024-2025,Jaime Jaquez Jr.,2.62%
6103,2024-2025,Tristan Da Silva,2.58%
6104,2024-2025,Brandin Podziemski,2.50%
6105,2024-2025,Dalen Terry,2.50%
6106,2024-2025,Sviatoslav Mykhailiuk,2.49%
6107,2024-2025,Ja'Kobe Walter,2.46%
6108,2024-2025,Cam Whitmore,2.40%
6109,2024-2025,Jake LaRavia,2.38%
6110,2024-2025,Jaylon Tyson,2.37%
6111,2024-2025,Eric Gordon,2.35%
6112,2024-2025,Cory Joseph,2.35%
6113,2024-2025,Russell Westbrook,2.35%
6114,2024-2025,Noah Clowney,2.31%
6115,2024-2025,Malaki Branham,2.29%
6116,2024-2025,Yves Missi,2.27%
6117,2024-2025,Dante Exum,2.24%
6118,2024-2025,Dariq Whitehead,2.22%
6119,2024-2025,Christian Braun,2.20%
6120,2024-2025,Johnny Juzang,2.20%
6121,2024-2025,DaRon Holmes II,2.18%
6122,2024-2025,Julian Champagnie,2.13%
6123,2024-2025,Kyle Filipowski,2.13%
6124,2024-2025,Ajay Mitchell,2.13%
6125,2024-2025,Kris Murray,2.13%
6126,2024-2025,Walker Kessler,2.11%
6127,2024-2025,Shake Milton,2.05%
6128,2024-2025,Olivier-Maxence Prosper,2.04%
6129,2024-2025,Kyshawn George,2.01%
6130,2024-2025,AJ Johnson,1.99%
6131,2024-2025,Marcus Sasser,1.96%
6132,2024-2025,Trendon Watford,1.94%
6133,2024-2025,Ben Sheppard,1.89%
6134,2024-2025,Blake Wesley,1.87%
6135,2024-2025,Dillon Jones,1.87%
6136,2024-2025,Nick Smith Jr.,1.84%
6137,2024-2025,Brice Sensabaugh,1.83%
6138,2024-2025,Ty Jerome,1.82%
6139,2024-2025,Julian Strawther,1.82%
6140,2024-2025,Terrence Shannon Jr.,1.81%
6141,2024-2025,Kobe Brown,1.80%
6142,2024-2025,Ryan Dunn,1.80%
6143,2024-2025,Isaiah Collier,1.79%
6144,2024-2025,Baylor Scheierman,1.77%
6145,2024-2025,Nikola Jovic,1.75%
6146,2024-2025,Jaxson Hayes,1.75%
6147,2024-2025,DaQuan Jeffries,1.73%
6148,2024-2025,Peyton Watson,1.72%
6149,2024-2025,Kevin Porter Jr.,1.68%
6150,2024-2025,Anthony Gill,1.59%
6151,2024-2025,Xavier Tillman,1.59%
6152,2024-2025,Garrison Mathews,1.59%
6153,2024-2025,Dalano Banton,1.56%
6154,2024-2025,Jeremiah Robinson-Earl,1.56%
6155,2024-2025,Lindy Waters III,1.56%
6156,2024-2025,Sam Merrill,1.54%
6157,2024-2025,Luka Garza,1.54%
6158,2024-2025,Keon Johnson,1.54%
6159,2024-2025,Vit Krejci,1.54%
6160,2024-2025,Neemias Queta,1.54%
6161,2024-2025,Keon Ellis,1.51%
6162,2024-2025,AJ Green,1.51%
6163,2024-2025,Colby Jones,1.51%
6164,2024-2025,Vincent Williams Jr.,1.51%
6165,2024-2025,Sam Hauser,1.49%
6166,2024-2025,Jericho Sims,1.49%
6167,2024-2025,Jay Huff,1.49%
6168,2024-2025,Charles Bassey,1.48%
6169,2024-2025,Bol Bol,1.48%
6170,2024-2025,Thomas Bryant,1.48%
6171,2024-2025,Alec Burks,1.48%
6172,2024-2025,Vlatko Cancar,1.48%
6173,2024-2025,Seth Curry,1.48%
6174,2024-2025,Spencer Dinwiddie,1.48%
6175,2024-2025,Taj Gibson,1.48%
6176,2024-2025,Talen Horton-Tucker,1.48%
6177,2024-2025,Joe Ingles,1.48%
6178,2024-2025,James Johnson,1.48%
6179,2024-2025,Tyus Jones,1.48%
6180,2024-2025,DeAndre Jordan,1.48%
6181,2024-2025,Tyler Kolek,1.48%
6182,2024-2025,Luke Kornet,1.48%
6183,2024-2025,Damion Lee,1.48%
6184,2024-2025,Kyle Lowry,1.48%
6185,2024-2025,Sandro Mamukelashvili,1.48%
6186,2024-2025,Doug McDermott,1.48%
6187,2024-2025,Jordan McLaughlin,1.48%
6188,2024-2025,Patty Mills,1.48%
6189,2024-2025,Markieff Morris,1.48%
6190,2024-2025,Monte Morris,1.48%
6191,2024-2025,Cameron Payne,1.48%
6192,2024-2025,Scotty Pippen Jr.,1.48%
6193,2024-2025,Mason Plumlee,1.48%
6194,2024-2025,Taurean Prince,1.48%
6195,2024-2025,Garrett Temple,1.48%
6196,2024-2025,Tristan Thompson,1.48%
6197,2024-2025,Gary Trent Jr.,1.48%
6198,2024-2025,Delon Wright,1.48%
6199,2024-2025,Guerschon Yabusele,1.48%
6200,2024-2025,Duop Reath,1.46%
6201,2024-2025,Jaden Hardy,1.44%
6202,2024-2025,Caleb Houstan,1.44%
6203,2024-2025,Josh Minott,1.44%
6204,2024-2025,Andrew Nembhard,1.44%
6205,2024-2025,Jabari Walker,1.44%
6206,2024-2025,Jaylin Williams,1.44%
6207,2024-2025,Jose Alvarado,1.41%
6208,2024-2025,Toumani Camara,1.35%
6209,2024-2025,Ricky Council IV,1.35%
6210,2024-2025,Mouhamed Gueye,1.35%
6211,2024-2025,G.G. Jackson,1.35%
6212,2024-2025,Andre Jackson Jr.,1.35%
6213,2024-2025,Trayce Jackson-Davis,1.35%
6214,2024-2025,Maxwell Lewis,1.35%
6215,2024-2025,Chris Livingston,1.35%
6216,2024-2025,Leonard Miller,1.35%
6217,2024-2025,Julian Phillips,1.35%
6218,2024-2025,Jalen Pickett,1.35%
6219,2024-2025,Craig Porter Jr.,1.35%
6220,2024-2025,Rayan Rupert,1.35%
6221,2024-2025,Gui Santos,1.35%
6222,2024-2025,Hunter Tyson,1.35%
6223,2024-2025,Jordan Walsh,1.35%
6224,2024-2025,Jalen Wilson,1.35%
6225,2024-2025,Jonathan Mogbo,1.32%
6226,2024-2025,Jamal Shead,1.32%
6227,2024-2025,Johnny Furphy,1.32%
6228,2024-2025,Pacome Dadiet,1.29%
6229,2024-2025,Justin Champagnie,1.28%
6230,2024-2025,Jae Crowder,1.18%
6231,2024-2025,Paul Reed,1.02%
6232,2024-2025,Karlo Matkovic,1.00%
6233,2024-2025,Landry Shamet,0.96%
6234,2024-2025,Bobi Klintman,0.89%
6235,2024-2025,Adem Bona,0.82%
6236,2024-2025,Cameron Christie,0.82%
6237,2024-2025,Oso Ighodaro,0.82%
6238,2024-2025,Bronny James,0.82%
6239,2024-2025,Pelle Larsson,0.82%
6240,2024-2025,Antonio Reeves,0.82%
6241,2024-2025,Tyler Smith,0.82%
6242,2024-2025,Jaylen Wells,0.82%
6243,2024-2025,Ariel Hukporti,0.76%
6244,2024-2025,Jordan Miller,0.75%
6245,2024-2025,Jamison Battle,0.71%
6246,2024-2025,Moussa Diabate,0.68%
6247,2024-2025,Lonnie Walker IV,0.56%
6248,2024-2025,Torrey Craig,0.55%
6249,2024-2025,Ben Simmons,0.54%
6250,2024-2025,Jared Butler,0.53%
6251,2024-2025,Alex Len,0.53%
6252,2024-2025,Markelle Fultz,0.52%
6253,2024-2025,Keshad Johnson,0.52%
6254,2024-2025,Tyrese Martin,0.45%
6255,2024-2025,Jaden Springer,0.45%
6256,2024-2025,Javonte Green,0.43%
6257,2024-2025,Brandon Boston Jr,0.42%
6258,2024-2025,Jeenathan Williams,0.37%
6259,2024-2025,Bismack Biyombo,0.36%
6260,2024-2025,Jaylen Clark,0.35%
6261,2024-2025,Dominick Barlow,0.35%
6262,2024-2025,Ryan Rollins,0.35%
6263,2024-2025,Quinten Post,0.31%
6264,2024-2025,Pat Spencer,0.31%
6265,2024-2025,Justin Edwards,0.30%
6266,2024-2025,Lamar Stevens,0.27%
6267,2024-2025,Tony Bradley,0.24%
6268,2024-2025,Kevin Knox,0.19%
6269,2024-2025,P.J. Tucker,0.18%
6270,2024-2025,Jordan Goodwin,0.16%
6271,2024-2025,Isaac Jones,0.11%
6272,2024-2025,Chuma Okeke,0.08%
6273,2024-2025,Drew Timme,0.08%
6274,2024-2025,Colin Castleton,0.07%
6275,2024-2025,A.J. Lawson,0.07%
6276,2024-2025,Terence Davis,0.05%
6277,2024-2025,Elfrid Payton,0.04%
6278,2024-2025,Brandon Williams,0.03%
6279,2024-2025,J.D. Davison,0.01%
6280,2024-2025,Braxton Key,0.01%
6281,2025-2026,Stephen Curry,38.54%
6282,2025-2026,Joel Embiid,35.71%
6283,2025-2026,Nikola Jokic,35.71%
6284,2025-2026,Kevin Durant,35.38%
6285,2025-2026,Giannis Antetokounmpo,35.00%
6286,2025-2026,Jimmy Butler,35.00%
6287,2025-2026,Anthony Davis,35.00%
6288,2025-2026,Jayson Tatum,35.00%
6289,2025-2026,Devin Booker,34.36%
6290,2025-2026,Jaylen Brown,34.36%
6291,2025-2026,Karl-Anthony Towns,34.36%
6292,2025-2026,LeBron James,34.03%
6293,2025-2026,Paul George,33.41%
6294,2025-2026,Kawhi Leonard,32.33%
6295,2025-2026,Zach LaVine,30.71%
6296,2025-2026,Cade Cunningham,30.00%
6297,2025-2026,Lauri Markkanen,30.00%
6298,2025-2026,Donovan Mitchell,30.00%
6299,2025-2026,Evan Mobley,30.00%
6300,2025-2026,Jamal Murray,30.00%
6301,2025-2026,Trae Young,30.00%
6302,2025-2026,Luka Doncic,29.74%
6303,2025-2026,Anthony Edwards,29.45%
6304,2025-2026,Tyrese Haliburton,29.45%
6305,2025-2026,Pascal Siakam,29.45%
6306,2025-2026,Domantas Sabonis,27.38%
6307,2025-2026,OG Anunoby,25.59%
6308,2025-2026,Darius Garland,25.51%
6309,2025-2026,James Harden,25.51%
6310,2025-2026,Ja Morant,25.51%
6311,2025-2026,Zion Williamson,25.51%
6312,2025-2026,Scottie Barnes,25.00%
6313,2025-2026,Franz Wagner,25.00%
6314,2025-2026,Shai Gilgeous-Alexander,24.79%
6315,2025-2026,Michael Porter Jr.,24.79%
6316,2025-2026,Brandon Ingram,24.63%
6317,2025-2026,LaMelo Ball,24.55%
6318,2025-2026,Tyrese Maxey,24.55%
6319,2025-2026,Bam Adebayo,23.99%
6320,2025-2026,De'Aaron Fox,23.99%
6321,2025-2026,Desmond Bane,23.75%
6322,2025-2026,Kyrie Irving,23.64%
6323,2025-2026,Khris Middleton,22.69%
6324,2025-2026,Rudy Gobert,22.63%
6325,2025-2026,Jaren Jackson Jr.,22.63%
6326,2025-2026,Jalen Suggs,22.63%
6327,2025-2026,Jalen Brunson,22.60%
6328,2025-2026,Alperen Sengun,21.95%
6329,2025-2026,Jalen Green,21.72%
6330,2025-2026,Immanuel Quickley,21.02%
6331,2025-2026,Jrue Holiday,20.95%
6332,2025-2026,Jerami Grant,20.69%
6333,2025-2026,Jordan Poole,20.59%
6334,2025-2026,Tyler Herro,20.05%
6335,2025-2026,Julius Randle,19.96%
6336,2025-2026,Dejounte Murray,19.92%
6337,2025-2026,Kristaps Porzingis,19.87%
6338,2025-2026,C.J. McCollum,19.83%
6339,2025-2026,Jalen Johnson,19.40%
6340,2025-2026,Isaiah Hartenstein,18.43%
6341,2025-2026,Andrew Wiggins,18.25%
6342,2025-2026,Derrick White,18.17%
6343,2025-2026,R.J. Barrett,17.92%
6344,2025-2026,Anfernee Simons,17.90%
6345,2025-2026,Devin Vassell,17.78%
6346,2025-2026,Tobias Harris,17.22%
6347,2025-2026,John Collins,17.19%
6348,2025-2026,Draymond Green,16.74%
6349,2025-2026,Nicolas Claxton,16.52%
6350,2025-2026,Myles Turner,16.37%
6351,2025-2026,Miles Bridges,16.17%
6352,2025-2026,Josh Giddey,16.17%
6353,2025-2026,Trey Murphy III,16.17%
6354,2025-2026,Fred VanVleet,16.17%
6355,2025-2026,Mikal Bridges,16.10%
6356,2025-2026,DeMar DeRozan,15.89%
6357,2025-2026,Jaden McDaniels,15.77%
6358,2025-2026,Jonathan Kuminga,15.39%
6359,2025-2026,De'Andre Hunter,15.07%
6360,2025-2026,Aaron Gordon,14.77%
6361,2025-2026,Kyle Kuzma,14.59%
6362,2025-2026,Dillon Brooks,14.31%
6363,2025-2026,Kentavious Caldwell-Pope,13.98%
6364,2025-2026,Naz Reid,13.94%
6365,2025-2026,Nikola Vucevic,13.89%
6366,2025-2026,Cameron Johnson,13.62%
6367,2025-2026,Norman Powell,13.24%
6368,2025-2026,Jarrett Allen,12.93%
6369,2025-2026,Jakob Poeltl,12.61%
6370,2025-2026,Josh Hart,12.59%
6371,2025-2026,Jusuf Nurkic,12.53%
6372,2025-2026,Collin Sexton,12.40%
6373,2025-2026,Harrison Barnes,12.29%
6374,2025-2026,Ivica Zubac,12.22%
6375,2025-2026,Malik Monk,12.16%
6376,2025-2026,Santi Aldama,11.95%
6377,2025-2026,Rui Hachimura,11.81%
6378,2025-2026,Alex Caruso,11.71%
6379,2025-2026,Andrew Nembhard,11.71%
6380,2025-2026,Zach Collins,11.69%
6381,2025-2026,Keldon Johnson,11.64%
6382,2025-2026,Patrick Williams,11.64%
6383,2025-2026,Kevin Huerter,11.63%
6384,2025-2026,Luguentz Dort,11.46%
6385,2025-2026,Grayson Allen,10.91%
6386,2025-2026,Duncan Robinson,10.89%
6387,2025-2026,Klay Thompson,10.78%
6388,2025-2026,Bogdan Bogdanovic,10.36%
6389,2025-2026,Max Strus,10.31%
6390,2025-2026,Terance Mann,10.02%
6391,2025-2026,Paolo Banchero,9.92%
6392,2025-2026,Nickeil Alexander-Walker,9.80%
6393,2025-2026,Jonathan Isaac,9.70%
6394,2025-2026,Onyeka Okongwu,9.70%
6395,2025-2026,Isaiah Stewart,9.70%
6396,2025-2026,Daniel Gafford,9.30%
6397,2025-2026,Deni Avdija,9.30%
6398,2025-2026,PJ Washington,9.15%
6399,2025-2026,Steven Adams,9.14%
6400,2025-2026,Caris LeVert,9.12%
6401,2025-2026,Damian Lillard,9.12%
6402,2025-2026,Dennis Schröder,9.12%
6403,2025-2026,Obi Toppin,9.05%
6404,2025-2026,Corey Kispert,9.04%
6405,2025-2026,Herb Jones,9.01%
6406,2025-2026,Austin Reaves,9.01%
6407,2025-2026,Cooper Flagg,8.94%
6408,2025-2026,Chet Holmgren,8.88%
6409,2025-2026,Josh Green,8.84%
6410,2025-2026,Grant Williams,8.82%
6411,2025-2026,Bobby Portis,8.69%
6412,2025-2026,Kelly Olynyk,8.69%
6413,2025-2026,Victor Wembanyama,8.65%
6414,2025-2026,Robert Williams III,8.59%
6415,2025-2026,Zaccharie Risacher,8.53%
6416,2025-2026,Mitchell Robinson,8.38%
6417,2025-2026,Coby White,8.33%
6418,2025-2026,Dorian Finney-Smith,8.21%
6419,2025-2026,Brandon Clarke,8.08%
6420,2025-2026,Dylan Harper,8.00%
6421,2025-2026,Isaiah Joe,7.99%
6422,2025-2026,Jabari Smith Jr.,7.99%
6423,2025-2026,Donte DiVincenzo,7.75%
6424,2025-2026,Brandon Miller,7.74%
6425,2025-2026,Alex Sarr,7.64%
6426,2025-2026,Davion Mitchell,7.50%
6427,2025-2026,Moses Moody,7.48%
6428,2025-2026,Jarred Vanderbilt,7.48%
6429,2025-2026,Matisse Thybulle,7.47%
6430,2025-2026,Gabe Vincent,7.44%
6431,2025-2026,Keegan Murray,7.21%
6432,2025-2026,VJ Edgecombe,7.18%
6433,2025-2026,Luke Kennard,7.11%
6434,2025-2026,Maxi Kleber,7.11%
6435,2025-2026,Luke Kornet,7.11%
6436,2025-2026,Aaron Nesmith,7.11%
6437,2025-2026,Isaac Okoro,7.11%
6438,2025-2026,Wendell Carter Jr.,7.02%
6439,2025-2026,Scoot Henderson,6.95%
6440,2025-2026,Reed Sheppard,6.86%
6441,2025-2026,Jonas Valanciunas,6.72%
6442,2025-2026,T.J. McConnell,6.60%
6443,2025-2026,Royce O'Neale,6.55%
6444,2025-2026,Sam Hauser,6.50%
6445,2025-2026,Kon Knueppel,6.48%
6446,2025-2026,Derrick Jones Jr.,6.47%
6447,2025-2026,Aaron Wiggins,6.39%
6448,2025-2026,Amen Thompson,6.27%
6449,2025-2026,Caleb Martin,6.20%
6450,2025-2026,Stephon Castle,6.18%
6451,2025-2026,Buddy Hield,5.96%
6452,2025-2026,Bennedict Mathurin,5.94%
6453,2025-2026,Ace Bailey,5.86%
6454,2025-2026,Naji Marshall,5.82%
6455,2025-2026,Jalen Smith,5.82%
6456,2025-2026,Ty Jerome,5.68%
6457,2025-2026,Ausar Thompson,5.67%
6458,2025-2026,Brook Lopez,5.66%
6459,2025-2026,Quentin Grimes,5.65%
6460,2025-2026,Ron Holland II,5.60%
6461,2025-2026,Sam Merrill,5.48%
6462,2025-2026,Jaylin Williams,5.46%
6463,2025-2026,Shaedon Sharpe,5.43%
6464,2025-2026,Kelly Oubre Jr.,5.42%
6465,2025-2026,Goga Bitadze,5.39%
6466,2025-2026,Simone Fontecchio,5.37%
6467,2025-2026,Tre Johnson,5.33%
6468,2025-2026,Zeke Nnaji,5.29%
6469,2025-2026,Deandre Ayton,5.24%
6470,2025-2026,Tre Jones,5.17%
6471,2025-2026,Kevon Looney,5.17%
6472,2025-2026,Tre Mann,5.17%
6473,2025-2026,Anthony Black,5.15%
6474,2025-2026,Tidjane Salaun,5.08%
6475,2025-2026,Max Christie,4.99%
6476,2025-2026,Dyson Daniels,4.98%
6477,2025-2026,Isaiah Jackson,4.91%
6478,2025-2026,Jeremiah Fears,4.86%
6479,2025-2026,Ayo Dosunmu,4.86%
6480,2025-2026,Bilal Coulibaly,4.70%
6481,2025-2026,Payton Pritchard,4.68%
6482,2025-2026,Donovan Clingan,4.64%
6483,2025-2026,Kenrich Williams,4.63%
6484,2025-2026,Egor Demin,4.45%
6485,2025-2026,Clint Capela,4.33%
6486,2025-2026,Ousmane Dieng,4.31%
6487,2025-2026,Jarace Walker,4.31%
6488,2025-2026,Dean Wade,4.28%
6489,2025-2026,Jalen Williams,4.26%
6490,2025-2026,Rob Dillingham,4.25%
6491,2025-2026,Jalen Duren,4.19%
6492,2025-2026,Ochai Agbaji,4.13%
6493,2025-2026,Collin Murray-Boyles,4.09%
6494,2025-2026,Mark Williams,4.06%
6495,2025-2026,Day'Ron Sharpe,4.04%
6496,2025-2026,Ziaire Williams,4.04%
6497,2025-2026,Saddiq Bey,4.03%
6498,2025-2026,John Konchar,3.99%
6499,2025-2026,Taylor Hendricks,3.96%
6500,2025-2026,Zach Edey,3.91%
6501,2025-2026,Khaman Maluach,3.89%
6502,2025-2026,Jaden Hardy,3.88%
6503,2025-2026,Jake LaRavia,3.88%
6504,2025-2026,Cason Wallace,3.76%
6505,2025-2026,Cody Williams,3.71%
6506,2025-2026,Cedric Coward,3.70%
6507,2025-2026,Al Horford,3.68%
6508,2025-2026,D'Angelo Russell,3.68%
6509,2025-2026,Tari Eason,3.67%
6510,2025-2026,Nicolas Batum,3.62%
6511,2025-2026,Jett Howard,3.58%
6512,2025-2026,Guerschon Yabusele,3.56%
6513,2025-2026,Matas Buzelis,3.53%
6514,2025-2026,Noa Essengue,3.51%
6515,2025-2026,Kris Dunn,3.51%
6516,2025-2026,Bradley Beal,3.46%
6517,2025-2026,Paul Reed,3.45%
6518,2025-2026,Dereck Lively II,3.40%
6519,2025-2026,Nikola Topic,3.35%
6520,2025-2026,Derik Queen,3.34%
6521,2025-2026,Kevin Porter Jr.,3.32%
6522,2025-2026,Marcus Smart,3.32%
6523,2025-2026,Andre Drummond,3.23%
6524,2025-2026,Nick Richards,3.23%
6525,2025-2026,Moritz Wagner,3.23%
6526,2025-2026,Gradey Dick,3.23%
6527,2025-2026,Devin Carter,3.18%
6528,2025-2026,Christian Braun,3.18%
6529,2025-2026,Carter Bryant,3.17%
6530,2025-2026,Walker Kessler,3.15%
6531,2025-2026,Jordan Hawkins,3.07%
6532,2025-2026,Bub Carrington,3.02%
6533,2025-2026,Thomas Sorber,3.01%
6534,2025-2026,Jose Alvarado,2.91%
6535,2025-2026,Nikola Jovic,2.87%
6536,2025-2026,Kel'el Ware,2.87%
6537,2025-2026,Yang Hansen,2.86%
6538,2025-2026,Peyton Watson,2.82%
6539,2025-2026,Miles McBride,2.80%
6540,2025-2026,Keyonte George,2.77%
6541,2025-2026,Jared McCain,2.73%
6542,2025-2026,Joan Beringer,2.72%
6543,2025-2026,Kevin Love,2.68%
6544,2025-2026,Dalton Knecht,2.59%
6545,2025-2026,Dwight Powell,2.59%
6546,2025-2026,Ryan Rollins,2.59%
6547,2025-2026,Walter Clayton Jr.,2.58%
6548,2025-2026,Jaime Jaquez Jr.,2.50%
6549,2025-2026,Nolan Traore,2.46%
6550,2025-2026,Tristan Da Silva,2.46%
6551,2025-2026,Daniss Jenkins,2.46%
6552,2025-2026,Gary Trent Jr.,2.39%
6553,2025-2026,Brandin Podziemski,2.38%
6554,2025-2026,Sviatoslav Mykhailiuk,2.38%
6555,2025-2026,Kasparas Jakucionis,2.37%
6556,2025-2026,Ja'Kobe Walter,2.35%
6557,2025-2026,Gary Harris,2.35%
6558,2025-2026,Cam Whitmore,2.29%
6559,2025-2026,Will Riley,2.27%
6560,2025-2026,Jaylon Tyson,2.26%
6561,2025-2026,Jaxson Hayes,2.23%
6562,2025-2026,Dominick Barlow,2.21%
6563,2025-2026,Noah Clowney,2.20%
6564,2025-2026,Drake Powell,2.18%
6565,2025-2026,Yves Missi,2.17%
6566,2025-2026,Taurean Prince,2.14%
6567,2025-2026,Asa Newell,2.09%
6568,2025-2026,DaRon Holmes II,2.08%
6569,2025-2026,Kris Murray,2.03%
6570,2025-2026,Nique Clifford,2.01%
6571,2025-2026,AJ Johnson,2.00%
6572,2025-2026,De'Anthony Melton,1.99%
6573,2025-2026,Julian Champagnie,1.94%
6574,2025-2026,Kyle Filipowski,1.94%
6575,2025-2026,Ajay Mitchell,1.94%
6576,2025-2026,Jase Richardson,1.93%
6577,2025-2026,Kyshawn George,1.92%
6578,2025-2026,Marcus Sasser,1.87%
6579,2025-2026,Ben Saraf,1.87%
6580,2025-2026,Tristan Vukcevic,1.85%
6581,2025-2026,Pacome Dadiet,1.84%
6582,2025-2026,Danny Wolf,1.81%
6583,2025-2026,Ben Sheppard,1.80%
6584,2025-2026,Hugo Gonzalez,1.80%
6585,2025-2026,Liam McNeeley,1.79%
6586,2025-2026,Yanic Konan Niederhauser,1.77%
6587,2025-2026,Brice Sensabaugh,1.74%
6588,2025-2026,Terrence Shannon Jr.,1.73%
6589,2025-2026,Julian Strawther,1.73%
6590,2025-2026,Ryan Dunn,1.72%
6591,2025-2026,Kobe Brown,1.72%
6592,2025-2026,Isaiah Collier,1.71%
6593,2025-2026,Baylor Scheierman,1.69%
6594,2025-2026,Xavier Tillman,1.65%
6595,2025-2026,Cam Spencer,1.64%
6596,2025-2026,Luka Garza,1.59%
6597,2025-2026,Sandro Mamukelashvili,1.59%
6598,2025-2026,Jericho Sims,1.59%
6599,2025-2026,Trendon Watford,1.59%
6600,2025-2026,Josh Minott,1.54%
6601,2025-2026,Dru Smith,1.54%
6602,2025-2026,Justin Champagnie,1.52%
6603,2025-2026,Jordan Goodwin,1.52%
6604,2025-2026,Jay Huff,1.52%
6605,2025-2026,Vit Krejci,1.52%
6606,2025-2026,Neemias Queta,1.52%
6607,2025-2026,Keon Ellis,1.49%
6608,2025-2026,AJ Green,1.49%
6609,2025-2026,Thanasis Antetokounmpo,1.48%
6610,2025-2026,Marvin Bagley III,1.48%
6611,2025-2026,Bismack Biyombo,1.48%
6612,2025-2026,Bruce Brown Jr.,1.48%
6613,2025-2026,Thomas Bryant,1.48%
6614,2025-2026,Jordan Clarkson,1.48%
6615,2025-2026,Amir Coffey,1.48%
6616,2025-2026,Drew Eubanks,1.48%
6617,2025-2026,Anthony Gill,1.48%
6618,2025-2026,Collin Gillespie,1.48%
6619,2025-2026,Javonte Green,1.48%
6620,2025-2026,Jeff Green,1.48%
6621,2025-2026,Tim Hardaway Jr.,1.48%
6622,2025-2026,Aaron Holiday,1.48%
6623,2025-2026,Nah'Shon Hyland,1.48%
6624,2025-2026,Joe Ingles,1.48%
6625,2025-2026,Sion James,1.48%
6626,2025-2026,Ryan Kalkbrenner,1.48%
6627,2025-2026,Jock Landale,1.48%
6628,2025-2026,Kyle Lowry,1.48%
6629,2025-2026,Doug McDermott,1.48%
6630,2025-2026,Jordan McLaughlin,1.48%
6631,2025-2026,Larry Nance Jr.,1.48%
6632,2025-2026,Josh Okogie,1.48%
6633,2025-2026,Gary Payton II,1.48%
6634,2025-2026,Landry Shamet,1.48%
6635,2025-2026,Jae’Sean Tate,1.48%
6636,2025-2026,Garrett Temple,1.48%
6637,2025-2026,Keaton Wallace,1.48%
6638,2025-2026,Lindy Waters III,1.48%
6639,2025-2026,Blake Wesley,1.48%
6640,2025-2026,Russell Westbrook,1.48%
6641,2025-2026,Moussa Diabate,1.47%
6642,2025-2026,Scotty Pippen Jr.,1.47%
6643,2025-2026,Brandon Williams,1.47%
6644,2025-2026,DeAndre Jordan,1.47%
6645,2025-2026,Toumani Camara,1.44%
6646,2025-2026,Mouhamed Gueye,1.44%
6647,2025-2026,G.G. Jackson,1.44%
6648,2025-2026,Andre Jackson Jr.,1.44%
6649,2025-2026,Trayce Jackson-Davis,1.44%
6650,2025-2026,Leonard Miller,1.44%
6651,2025-2026,Julian Phillips,1.44%
6652,2025-2026,Jalen Pickett,1.44%
6653,2025-2026,Craig Porter Jr.,1.44%
6654,2025-2026,Gui Santos,1.44%
6655,2025-2026,Jordan Walsh,1.44%
6656,2025-2026,Jalen Wilson,1.44%
6657,2025-2026,Jaylen Clark,1.42%
6658,2025-2026,Tyler Kolek,1.42%
6659,2025-2026,Precious Achiuwa,1.37%
6660,2025-2026,Justin Edwards,1.32%
6661,2025-2026,Jamison Battle,1.26%
6662,2025-2026,Adem Bona,1.26%
6663,2025-2026,Cameron Christie,1.26%
6664,2025-2026,Johnny Furphy,1.26%
6665,2025-2026,Ariel Hukporti,1.26%
6666,2025-2026,Oso Ighodaro,1.26%
6667,2025-2026,Bronny James,1.26%
6668,2025-2026,Keshad Johnson,1.26%
6669,2025-2026,Pelle Larsson,1.26%
6670,2025-2026,Karlo Matkovic,1.26%
6671,2025-2026,Jonathan Mogbo,1.26%
6672,2025-2026,Quinten Post,1.26%
6673,2025-2026,Jamal Shead,1.26%
6674,2025-2026,Jaylen Wells,1.26%
6675,2025-2026,Seth Curry,1.14%
6676,2025-2026,Micah Potter,0.99%
6677,2025-2026,Pat Connaughton,0.85%
6678,2025-2026,Johni Broome,0.82%
6679,2025-2026,Mohamed Diawara,0.82%
6680,2025-2026,Rasheer Fleming,0.82%
6681,2025-2026,Kam Jones,0.82%
6682,2025-2026,Chaz Lanier,0.82%
6683,2025-2026,Micah Peavy,0.82%
6684,2025-2026,Noah Penda,0.82%
6685,2025-2026,Tyrese Proctor,0.82%
6686,2025-2026,Maxime Raynaud,0.82%
6687,2025-2026,Will Richard,0.82%
6688,2025-2026,Adou Thiero,0.82%
6689,2025-2026,Jamir Watkins,0.73%
6690,2025-2026,Taj Gibson,0.62%
6691,2025-2026,Dylan Cardwell,0.56%
6692,2025-2026,Jevon Carter,0.56%
6693,2025-2026,Pat Spencer,0.55%
6694,2025-2026,Cameron Thomas,0.55%
6695,2025-2026,Haywood Highsmith,0.54%
6696,2025-2026,Jeremy Sochan,0.50%
6697,2025-2026,Mike Conley,0.47%
6698,2025-2026,Bryce McGowens,0.47%
6699,2025-2026,Jabari Walker,0.47%
6700,2025-2026,Nae'qwan Tomlin,0.46%
6701,2025-2026,Jordan Miller,0.46%
6702,2025-2026,Sidy Cissoko,0.44%
6703,2025-2026,Spencer Jones,0.40%
6704,2025-2026,Quenton Jackson,0.39%
6705,2025-2026,Pete Nance,0.39%
6706,2025-2026,Mason Plumlee,0.38%
6707,2025-2026,Jamaree Bouyea,0.37%
6708,2025-2026,Kyle Anderson,0.37%
6709,2025-2026,Olivier-Maxence Prosper,0.34%
6710,2025-2026,Tyus Jones,0.33%
6711,2025-2026,Amari Williams,0.32%
6712,2025-2026,Kobe Sanders,0.31%
6713,2025-2026,Killian Hayes,0.29%
6714,2025-2026,Myron Gardner,0.26%
6715,2025-2026,Jamal Cain,0.21%
6716,2025-2026,Ryan Nembhard,0.21%
6717,2025-2026,Max Shulga,0.14%
6718,2025-2026,Dalen Terry,0.08%
6719,2025-2026,Ron Harper Jr.,0.08%
6720,2025-2026,Charles Bassey,0.07%
6721,2025-2026,Tony Bradley,0.06%
6722,2025-2026,J.D. Davison,0.05%
6723,2025-2026,Bez Mbeng,0.05%
6724,2025-2026,Tolu Smith III,0.05%
6725,2025-2026,Malachi Smith,0.04%
6726,2025-2026,Mouhamadou Gueye,0.03%
6727,2025-2026,Dalano Banton,0.02%
6728,2025-2026,A.J. Lawson,0.02%
6729,2025-2026,Jahmir Young,0.02%
6730,2025-2026,Hayden Gray,0.01%
6731,2025-2026,Nick Smith Jr.,0.01%
