,Rk,Player,Pos,Age,Tm,Games,Minutes Played,Player Efficiency Rating,True Shooting Percentage,3-Point Attempt Rate,Free Throw Attempt Rate,Offensive Rebound Percentage,Defensive Rebound Percentage,Total Rebound Percentage,Assist Percentage,Steal Percentage,Block Percentage,Turnover Percentage,Usage Percentage, ,Offensive Win Shares,Defensive Win Shares,Win Shares,Win Shares Per 48 Minutes, .1,OBPM,DBPM,BPM,VORP,Season
0,1,Arron Afflalo,SG,26,DEN,7,229,10.9,.471,.270,.203,2.2,8.7,5.5,12.4,1.2,0.6,10.0,17.2,,0.2,0.0,0.2,.042,,-1.0,-0.6,-1.6,0.0,2011-2012
1,2,Blake Ahearn,PG,27,UTA,3,8,33.9,.833,.333,.000,0.0,0.0,0.0,57.8,0.0,0.0,0.0,16.2,,0.1,0.0,0.1,.407,,17.3,3.7,21.0,0.0,2011-2012
2,3,Cole Aldrich,C,23,OKC,5,25,19.8,.465,.000,.444,24.4,37.7,31.1,0.0,0.0,0.0,0.0,20.2,,0.1,0.0,0.1,.177,,0.8,-5.8,-5.0,0.0,2011-2012
3,4,Lavoy Allen,PF,22,PHI,12,236,17.1,.566,.000,.197,9.5,19.1,14.1,2.4,2.3,3.5,7.0,14.4,,0.4,0.5,0.9,.191,,0.0,2.6,2.6,0.3,2011-2012
4,5,Ray Allen,SG,36,BOS,18,616,10.0,.514,.551,.269,1.6,12.3,7.1,5.0,1.5,0.3,8.3,16.2,,0.2,0.8,1.0,.077,,-1.1,0.4,-0.7,0.2,2011-2012
5,6,Tony Allen,SG,30,MEM,7,170,9.9,.457,.111,.378,5.6,10.4,7.9,5.2,2.9,3.6,16.0,17.0,,-0.1,0.3,0.2,.056,,-2.8,2.7,-0.1,0.1,2011-2012
6,7,Lou Amundson,PF,29,IND,11,94,12.3,.527,.000,.261,7.5,20.8,14.2,3.7,1.2,4.4,13.5,14.6,,0.1,0.2,0.2,.117,,-2.2,2.4,0.2,0.1,2011-2012
7,8,James Anderson,SG,22,SAS,8,31,16.3,.557,.444,.222,0.0,18.1,9.4,14.6,1.7,0.0,0.0,14.8,,0.1,0.0,0.1,.168,,2.3,2.4,4.7,0.1,2011-2012
8,9,Ryan Anderson,PF,23,ORL,5,172,7.1,.510,.682,.159,5.9,9.5,7.7,4.3,1.0,0.9,16.0,16.0,,0.0,0.0,0.0,.010,,-2.5,-1.5,-4.0,-0.1,2011-2012
9,10,Carmelo Anthony,SF,27,NYK,5,204,21.5,.489,.145,.331,7.4,17.4,12.2,14.1,1.6,0.5,9.0,36.2,,0.3,0.0,0.4,.091,,4.8,-0.1,4.7,0.3,2011-2012
10,11,Joel Anthony,C,29,MIA,17,329,9.9,.675,.000,.862,8.3,11.9,10.1,0.9,0.8,4.0,16.7,7.0,,0.6,0.4,0.9,.138,,-1.6,2.0,0.4,0.2,2011-2012
11,12,Gilbert Arenas,PG,30,MEM,6,23,-8.1,.250,.500,.000,0.0,5.5,2.7,7.5,0.0,0.0,11.1,18.1,,-0.1,0.0,-0.1,-0.165,,-13.7,-2.4,-16.0,-0.1,2011-2012
12,13,Ömer Aşık,C,25,CHI,6,128,8.6,.466,.000,1.214,7.0,16.6,11.9,9.6,0.4,5.8,27.1,10.7,,-0.1,0.3,0.1,.055,,-3.9,3.7,-0.2,0.1,2011-2012
13,14,Jeff Ayres,C,24,IND,4,9,0.2,.333,.000,.000,0.0,25.6,12.9,0.0,0.0,0.0,0.0,15.4,,0.0,0.0,0.0,-0.017,,-9.3,-2.0,-11.4,0.0,2011-2012
14,15,Kelenna Azubuike,SG,28,DAL,1,5,21.6,.500,.333,.000,22.6,0.0,12.0,0.0,10.6,0.0,25.0,36.8,,0.0,0.0,0.0,-0.038,,8.2,6.4,14.5,0.0,2011-2012
15,16,Leandro Barbosa,SG,29,IND,11,223,5.3,.402,.274,.164,2.6,9.8,6.2,10.9,1.2,0.4,14.2,18.9,,-0.3,0.2,-0.1,-0.026,,-4.3,-0.6,-4.9,-0.2,2011-2012
16,17,Matt Barnes,SF,31,LAL,11,185,4.2,.321,.525,.068,5.1,15.9,10.4,13.4,2.9,1.9,19.8,18.5,,-0.5,0.1,-0.4,-0.106,,-6.6,0.5,-6.1,-0.2,2011-2012
17,18,Brandon Bass,PF,26,BOS,20,608,14.5,.544,.000,.366,5.3,14.9,10.3,4.4,1.3,1.3,6.9,17.6,,1.0,0.8,1.8,.144,,-0.1,0.9,0.8,0.4,2011-2012
18,19,Shane Battier,SF,33,MIA,23,768,8.5,.547,.786,.114,2.4,9.1,5.8,5.4,1.6,1.5,9.8,10.2,,0.8,0.8,1.5,.097,,-0.7,1.7,1.0,0.6,2011-2012
19,20,Rodrigue Beaubois,PG,23,DAL,2,12,-5.8,.000,.500,.000,0.0,10.7,5.0,25.4,0.0,0.0,33.3,11.5,,-0.1,0.0,-0.1,-0.265,,-9.2,-2.7,-12.0,0.0,2011-2012
20,21,Mike Bibby,PG,33,NYK,5,118,11.7,.555,.739,.130,3.0,19.4,10.8,19.6,0.5,0.0,14.1,11.4,,0.2,0.0,0.2,.076,,1.7,1.5,3.2,0.2,2011-2012
21,22,DeJuan Blair,PF,22,SAS,10,76,22.9,.624,.000,.222,11.2,23.6,17.6,4.6,2.0,1.0,3.3,18.8,,0.3,0.1,0.4,.244,,3.1,2.2,5.2,0.1,2011-2012
22,23,Steve Blake,PG,31,LAL,12,306,10.3,.576,.694,.113,2.7,9.3,5.9,13.6,1.4,0.5,18.7,11.8,,0.3,0.0,0.3,.042,,-1.4,0.4,-1.0,0.1,2011-2012
23,24,Eric Bledsoe,PG,22,LAC,11,189,22.2,.621,.111,.254,7.8,9.1,8.5,23.6,3.7,1.7,17.6,21.7,,0.5,0.2,0.7,.168,,3.1,3.1,6.2,0.4,2011-2012
24,25,Matt Bonner,PF,31,SAS,13,165,5.6,.453,.719,.156,1.5,15.6,8.8,7.5,0.6,1.8,8.1,10.5,,0.0,0.1,0.2,.049,,-2.8,1.2,-1.6,0.0,2011-2012
25,26,Carlos Boozer,PF,30,CHI,6,200,9.8,.435,.000,.078,5.6,26.0,16.1,17.4,1.4,0.7,19.8,27.0,,-0.5,0.4,-0.1,-0.032,,-2.9,0.7,-2.2,0.0,2011-2012
26,27,Chris Bosh,PF,27,MIA,14,439,19.7,.574,.088,.351,10.2,19.7,15.1,3.3,0.7,2.6,10.5,20.8,,1.1,0.6,1.7,.183,,2.9,-0.4,2.5,0.5,2011-2012
27,28,Avery Bradley,PG,21,BOS,10,248,6.9,.441,.324,.265,1.5,7.9,4.8,5.4,1.8,2.0,11.6,16.9,,-0.3,0.3,0.0,.007,,-3.9,0.5,-3.4,-0.1,2011-2012
28,29,Elton Brand,C,32,PHI,13,356,14.1,.495,.000,.323,6.6,13.7,9.9,3.6,1.7,4.3,5.8,16.1,,0.3,0.7,1.0,.135,,-0.9,1.7,0.8,0.3,2011-2012
29,30,Corey Brewer,SF,25,DEN,7,116,18.7,.504,.370,.148,5.3,6.8,6.1,8.6,3.2,1.2,3.4,22.5,,0.3,0.1,0.4,.146,,2.1,1.7,3.8,0.2,2011-2012
30,31,Ronnie Brewer,SG,26,CHI,5,83,4.2,.231,.000,.188,5.4,19.2,12.5,16.4,2.6,0.9,25.7,13.1,,-0.3,0.2,-0.1,-0.056,,-5.7,2.2,-3.5,0.0,2011-2012
31,32,Kobe Bryant,SG,33,LAL,12,476,24.4,.525,.199,.316,3.5,9.6,6.5,24.0,1.8,0.3,9.0,35.8,,1.4,0.0,1.4,.143,,5.7,-0.3,5.4,0.9,2011-2012
32,33,Alec Burks,SG,20,UTA,4,63,9.7,.381,.071,.500,7.6,11.4,9.3,8.3,1.7,0.0,8.1,25.6,,-0.1,0.0,-0.1,-0.057,,-1.5,-1.6,-3.0,0.0,2011-2012
33,34,Caron Butler,SF,31,LAC,10,268,6.2,.434,.337,.174,1.8,11.9,6.9,6.3,1.2,0.6,13.9,20.7,,-0.4,0.1,-0.4,-0.067,,-3.6,-2.1,-5.7,-0.3,2011-2012
34,35,Jimmy Butler,SG,22,CHI,3,4,-4.9,0,0,0,0.0,0.0,0.0,0.0,0.0,0.0,0,0.0,,0.0,0.0,0.0,.033,,-10.9,0.1,-10.8,0.0,2011-2012
35,36,Andrew Bynum,C,24,LAL,12,451,22.9,.545,.000,.451,10.7,21.0,15.8,7.0,0.6,5.8,8.0,20.0,,1.3,0.3,1.6,.167,,3.4,0.5,4.0,0.7,2011-2012
36,37,Brian Cardinal,SF,34,DAL,2,9,16.8,.750,.500,.000,0.0,43.0,20.1,0.0,0.0,0.0,0.0,10.2,,0.0,0.0,0.0,.148,,4.5,3.6,8.1,0.0,2011-2012
37,38,DeMarre Carroll,SF,25,UTA,4,73,11.0,.500,.263,.000,9.2,13.1,10.9,7.4,1.4,1.1,13.6,13.1,,0.0,0.0,0.0,.025,,-1.5,0.9,-0.7,0.0,2011-2012
38,39,Vince Carter,SG,35,DAL,4,107,6.2,.371,.244,.195,5.3,20.5,12.4,1.7,2.5,1.6,11.9,21.7,,-0.3,0.1,-0.2,-0.095,,-4.9,-0.4,-5.3,-0.1,2011-2012
39,40,Mario Chalmers,PG,25,MIA,23,819,13.2,.555,.442,.288,1.8,10.4,6.2,18.0,1.9,0.6,15.2,16.1,,1.2,0.9,2.1,.122,,0.1,1.2,1.3,0.7,2011-2012
40,41,Tyson Chandler,C,29,NYK,5,167,10.0,.491,.000,.600,12.6,20.5,16.4,4.2,2.3,4.0,32.2,13.2,,-0.2,0.1,0.0,-0.010,,-2.4,1.2,-1.2,0.0,2011-2012
41,42,Earl Clark,PF,24,ORL,5,88,13.9,.474,.000,.389,10.3,33.3,21.6,2.1,1.3,4.4,15.9,13.9,,0.0,0.2,0.1,.078,,-1.7,1.8,0.2,0.0,2011-2012
42,43,Norris Cole,PG,23,MIA,19,170,5.1,.415,.324,.243,0.7,6.3,3.6,10.8,2.2,0.0,10.9,12.9,,-0.1,0.2,0.1,.032,,-5.6,1.2,-4.3,-0.1,2011-2012
43,44,Jason Collins,C,33,ATL,5,85,-2.2,.545,.000,.000,5.2,11.6,8.2,0.0,0.6,0.0,47.6,11.9,,-0.2,0.1,-0.1,-0.067,,-9.8,0.6,-9.2,-0.1,2011-2012
44,45,Darren Collison,PG,24,IND,11,205,23.2,.599,.157,.329,1.7,6.2,4.0,30.9,3.7,0.0,12.1,20.6,,0.7,0.3,1.0,.242,,4.7,3.6,8.3,0.5,2011-2012
45,46,Nick Collison,PF,31,OKC,20,332,12.5,.638,.000,.137,11.0,13.1,12.1,8.5,1.9,1.2,18.2,9.3,,0.7,0.1,0.8,.119,,-0.4,0.9,0.5,0.2,2011-2012
46,47,Mike Conley,PG,24,MEM,7,277,15.7,.550,.289,.421,1.7,8.7,5.1,32.6,1.2,0.0,15.1,17.7,,0.6,0.2,0.8,.146,,2.4,0.3,2.7,0.3,2011-2012
47,48,Daequan Cook,SG,24,OKC,16,109,9.9,.475,.649,.054,0.0,9.7,4.9,5.7,1.5,0.0,0.0,16.3,,0.1,0.0,0.1,.036,,-0.4,-1.4,-1.8,0.0,2011-2012
48,49,Dante Cunningham,PF,24,MEM,7,49,9.1,.364,.000,.000,14.5,12.9,13.7,0.0,1.1,3.5,8.3,11.3,,0.0,0.1,0.1,.052,,-0.7,-0.3,-1.0,0.0,2011-2012
49,50,Erick Dampier,C,36,ATL,4,55,11.8,.559,.000,.231,14.1,15.7,14.9,0.0,0.0,1.4,17.3,15.1,,0.0,0.1,0.1,.113,,-1.5,-0.8,-2.4,0.0,2011-2012
50,51,Marquis Daniels,SG,31,BOS,15,92,12.4,.641,.105,.526,1.3,11.2,6.5,5.7,1.2,0.9,7.9,13.5,,0.2,0.1,0.3,.163,,-2.3,3.1,0.8,0.1,2011-2012
51,52,Baron Davis,PG,32,NYK,4,97,6.0,.615,.609,.217,0.0,3.9,1.9,25.6,0.0,0.0,34.0,18.6,,0.0,-0.1,-0.1,-0.051,,-2.3,-1.7,-4.0,-0.1,2011-2012
52,53,Glen Davis,PF,26,ORL,5,190,18.8,.481,.000,.247,13.7,14.2,13.9,4.9,0.9,2.4,8.4,27.7,,0.2,0.1,0.3,.068,,1.3,-1.1,0.2,0.1,2011-2012
53,54,Luol Deng,SF,26,CHI,6,228,14.3,.512,.278,.089,3.9,19.6,12.0,7.2,1.2,2.9,10.9,18.8,,0.1,0.4,0.5,.105,,1.3,2.1,3.3,0.3,2011-2012
54,55,Boris Diaw,PF,29,SAS,14,346,14.5,.592,.257,.114,9.8,14.6,12.3,14.7,1.7,0.8,16.9,11.9,,0.8,0.3,1.1,.151,,1.7,1.7,3.4,0.5,2011-2012
55,56,Keyon Dooling,SG,31,BOS,20,212,9.9,.558,.583,.063,1.2,7.0,4.2,11.1,1.5,1.5,5.7,12.1,,0.3,0.3,0.5,.119,,-1.2,2.7,1.5,0.2,2011-2012
56,57,Toney Douglas,PG,25,NYK,1,8,17.5,1.000,.000,.000,0.0,0.0,0.0,24.4,0.0,0.0,0.0,5.9,,0.0,0.0,0.0,.180,,5.3,-0.2,5.1,0.0,2011-2012
57,58,Chris Duhon,PG,29,ORL,5,61,3.5,.255,.600,.400,0.0,13.5,6.6,23.9,4.5,1.3,54.3,10.3,,-0.2,0.1,-0.1,-0.095,,-7.2,3.7,-3.5,0.0,2011-2012
58,59,Tim Duncan,C,35,SAS,14,463,22.9,.529,.005,.284,8.4,24.0,16.5,14.7,1.1,4.5,8.4,25.2,,1.1,0.7,1.8,.184,,2.8,2.2,5.0,0.8,2011-2012
59,60,Kevin Durant,SF,23,OKC,20,837,27.5,.632,.287,.402,1.9,19.0,10.6,16.4,1.8,2.4,12.3,28.8,,3.5,0.6,4.0,.231,,7.3,0.8,8.1,2.2,2011-2012
60,61,Devin Ebanks,SG,22,LAL,9,126,12.2,.435,.077,.205,5.8,11.3,8.5,7.9,1.3,3.9,4.5,16.0,,0.1,0.0,0.1,.041,,-2.0,1.7,-0.4,0.1,2011-2012
61,62,Jeremy Evans,SF,24,UTA,2,7,24.9,.532,.000,2.000,0.0,51.1,22.8,20.9,7.5,0.0,0.0,11.6,,0.0,0.0,0.0,.272,,3.3,8.7,11.9,0.0,2011-2012
62,63,Reggie Evans,PF,31,LAC,11,198,11.5,.506,.000,2.667,12.5,37.1,24.8,0.8,2.5,2.4,21.6,10.1,,0.1,0.3,0.4,.097,,-2.1,1.0,-1.0,0.0,2011-2012
63,64,Christian Eyenga,SF,22,LAL,3,9,22.5,.581,.000,.333,11.7,12.1,11.9,21.8,6.0,7.9,22.5,22.3,,0.0,0.0,0.0,.119,,-2.7,7.2,4.5,0.0,2011-2012
64,65,Kenneth Faried,PF,22,DEN,7,192,18.0,.559,.000,.200,13.4,23.2,18.4,3.3,1.4,3.0,17.7,18.1,,0.2,0.2,0.5,.121,,-0.2,-0.5,-0.7,0.1,2011-2012
65,66,Derrick Favors,PF,20,UTA,4,116,18.5,.482,.000,.806,11.6,24.7,17.4,3.1,2.3,4.2,9.3,20.1,,0.1,0.1,0.2,.086,,1.3,0.9,2.2,0.1,2011-2012
66,67,Landry Fields,SG,23,NYK,5,115,11.0,.528,.161,.226,4.1,12.1,7.9,12.0,1.4,0.0,20.9,17.7,,0.0,0.0,0.0,-0.005,,0.0,0.8,0.8,0.1,2011-2012
67,68,Derek Fisher,PG,37,OKC,20,446,10.4,.512,.407,.076,0.5,7.9,4.3,8.4,2.0,0.4,4.7,13.5,,0.5,0.1,0.6,.060,,-1.4,1.0,-0.4,0.2,2011-2012
68,69,Randy Foye,SG,28,LAC,11,291,9.2,.521,.432,.176,1.7,7.6,4.6,9.6,1.1,0.8,13.1,15.2,,0.1,0.0,0.1,.024,,-0.4,-1.5,-2.0,0.0,2011-2012
69,70,Enes Freedom,C,19,UTA,4,43,12.7,.426,.000,.063,17.9,22.2,19.8,4.5,0.0,7.5,19.6,20.6,,-0.1,0.0,0.0,-0.047,,-3.8,-0.7,-4.5,0.0,2011-2012
70,71,Danilo Gallinari,SF,23,DEN,7,222,13.4,.450,.245,.255,4.2,12.1,8.2,11.8,1.2,1.3,7.9,22.5,,0.2,0.1,0.3,.061,,0.0,-0.8,-0.8,0.1,2011-2012
71,72,Kevin Garnett,C,35,BOS,20,737,20.5,.541,.013,.250,5.2,27.3,16.6,8.5,1.7,3.2,11.0,26.5,,0.7,1.6,2.3,.149,,2.1,1.9,3.9,1.1,2011-2012
72,73,Marc Gasol,C,27,MEM,7,261,19.5,.603,.014,.623,7.3,15.0,11.0,15.9,0.4,4.3,12.9,17.9,,0.8,0.3,1.1,.204,,2.9,2.8,5.7,0.5,2011-2012
73,74,Pau Gasol,PF,31,LAL,12,444,17.0,.482,.035,.203,9.0,18.7,13.7,16.7,0.7,4.0,11.4,17.9,,0.6,0.2,0.8,.088,,1.3,1.0,2.3,0.5,2011-2012
74,75,Rudy Gay,SF,25,MEM,7,279,14.6,.505,.167,.351,4.2,16.3,10.1,7.2,1.8,0.6,13.8,25.3,,0.2,0.3,0.5,.085,,0.5,0.1,0.6,0.2,2011-2012
75,76,Paul George,SG,21,IND,11,371,12.5,.499,.432,.295,4.7,18.0,11.4,11.8,2.6,0.9,16.4,16.0,,0.2,0.6,0.8,.103,,-0.1,2.0,1.9,0.4,2011-2012
76,77,Taj Gibson,PF,26,CHI,6,137,19.8,.512,.000,.478,12.3,18.6,15.5,5.3,1.6,5.4,5.1,19.9,,0.3,0.3,0.6,.212,,1.7,2.4,4.1,0.2,2011-2012
77,78,Manu Ginóbili,SG,34,SAS,14,390,17.0,.592,.469,.386,2.5,11.8,7.3,23.0,1.3,0.7,19.8,25.2,,0.7,0.3,1.0,.120,,2.0,-0.2,1.8,0.4,2011-2012
78,79,Andrew Goudelock,SG,23,LAL,4,10,19.7,.833,.333,.000,0.0,10.9,5.4,0.0,0.0,0.0,0.0,13.6,,0.0,0.0,0.0,.192,,5.3,0.3,5.7,0.0,2011-2012
79,80,Danny Granger,SF,28,IND,11,420,12.9,.502,.420,.161,4.2,12.9,8.6,12.1,0.8,0.8,13.5,23.7,,0.3,0.4,0.7,.075,,1.7,-1.0,0.7,0.3,2011-2012
80,81,Danny Green,SG,24,SAS,14,289,11.7,.540,.637,.110,1.3,16.3,9.1,7.9,1.3,2.5,13.6,17.8,,0.1,0.3,0.4,.065,,-0.1,1.2,1.1,0.2,2011-2012
81,82,Willie Green,SG,30,ATL,5,63,5.7,.500,.308,.000,1.8,13.7,7.4,8.6,0.0,0.0,13.3,11.4,,0.0,0.1,0.1,.060,,-3.5,-0.2,-3.6,0.0,2011-2012
82,83,Blake Griffin,PF,22,LAC,11,393,20.8,.533,.006,.393,6.0,17.8,11.9,13.8,2.7,2.0,11.3,27.3,,0.6,0.4,1.0,.118,,2.4,0.5,2.8,0.5,2011-2012
83,84,Hamed Haddadi,C,26,MEM,4,21,22.2,.868,.000,1.000,28.2,24.1,26.2,8.3,0.0,8.3,25.8,8.6,,0.1,0.0,0.1,.270,,2.4,3.2,5.6,0.0,2011-2012
84,85,Jordan Hamilton,SF,21,DEN,2,5,24.9,.667,.000,.000,0.0,0.0,0.0,0.0,10.6,0.0,25.0,35.1,,0.0,0.0,0.0,.014,,-3.0,6.1,3.1,0.0,2011-2012
85,86,Richard Hamilton,SG,33,CHI,6,171,13.6,.489,.086,.314,5.2,6.8,6.1,19.5,0.3,0.0,9.1,23.9,,0.2,0.2,0.4,.103,,1.3,-0.6,0.6,0.1,2011-2012
86,87,Tyler Hansbrough,PF,26,IND,11,164,8.7,.405,.000,.420,8.6,16.1,12.4,6.2,1.7,1.5,11.9,19.0,,-0.1,0.2,0.1,.035,,-3.4,0.2,-3.3,-0.1,2011-2012
87,88,James Harden,SG,22,OKC,20,630,20.9,.605,.364,.589,2.5,16.6,9.7,17.2,2.6,0.3,13.5,23.2,,2.0,0.4,2.4,.184,,2.9,0.6,3.5,0.9,2011-2012
88,89,Justin Harper,PF,22,ORL,1,5,-8.7,.000,.000,.000,0.0,0.0,0.0,0.0,0.0,0.0,0.0,9.8,,0.0,0.0,0.0,-0.266,,-8.6,-4.1,-12.7,0.0,2011-2012
89,90,Josh Harrellson,PF,22,NYK,4,25,10.6,.506,.111,.222,14.0,25.4,19.4,0.0,0.0,0.0,16.8,22.5,,0.0,0.0,0.0,.018,,-3.2,-0.7,-3.8,0.0,2011-2012
90,91,Al Harrington,PF,31,DEN,7,163,10.4,.417,.467,.200,4.4,14.0,9.3,5.6,1.0,0.4,3.5,22.8,,0.0,0.1,0.1,.035,,0.1,-2.1,-2.0,0.0,2011-2012
91,92,Devin Harris,PG,28,UTA,4,120,9.6,.480,.313,.292,0.0,6.0,2.7,23.9,1.3,1.3,18.1,23.9,,-0.1,0.0,-0.1,-0.049,,-1.3,-1.1,-2.3,0.0,2011-2012
92,93,Terrel Harris,SG,24,MIA,4,10,23.3,.665,.500,2.000,0.0,35.5,18.2,0.0,0.0,0.0,0.0,18.0,,0.1,0.0,0.1,.316,,1.7,0.8,2.5,0.0,2011-2012
93,94,Udonis Haslem,PF,31,MIA,22,452,10.6,.513,.000,.398,10.2,27.2,18.9,4.5,0.6,1.1,16.2,13.1,,0.4,0.7,1.0,.111,,-2.2,0.5,-1.6,0.0,2011-2012
94,95,Spencer Hawes,C,23,PHI,13,332,13.7,.507,.046,.241,5.8,24.3,14.6,12.2,0.7,2.5,15.6,20.4,,0.0,0.6,0.6,.089,,-0.9,1.3,0.5,0.2,2011-2012
95,96,Gordon Hayward,SF,21,UTA,4,123,7.1,.362,.364,.485,1.6,8.7,4.8,15.4,1.3,0.0,7.0,15.2,,0.0,0.0,-0.1,-0.036,,-2.3,-1.1,-3.4,0.0,2011-2012
96,97,Lazar Hayward,SF,25,OKC,5,18,6.2,.667,.000,.000,0.0,26.2,13.3,0.0,0.0,0.0,25.0,10.4,,0.0,0.0,0.0,.004,,-5.5,-0.1,-5.6,0.0,2011-2012
97,98,Brendan Haywood,C,32,DAL,4,61,7.2,.371,.000,.571,13.0,12.7,12.8,2.8,0.9,2.8,10.2,14.7,,0.0,0.0,0.0,-0.019,,-3.9,-1.5,-5.3,-0.1,2011-2012
98,99,Roy Hibbert,C,25,IND,11,340,20.8,.538,.010,.346,15.5,26.4,21.0,6.5,0.6,8.3,15.5,19.3,,0.5,0.7,1.3,.179,,1.7,2.0,3.7,0.5,2011-2012
99,100,George Hill,PG,25,IND,11,346,17.0,.591,.381,.438,3.0,5.3,4.2,16.5,2.1,0.7,14.9,19.7,,0.8,0.3,1.2,.163,,3.3,1.2,4.4,0.6,2011-2012
100,101,Jordan Hill,C,24,LAL,12,217,14.1,.475,.000,.302,18.9,18.6,18.7,0.7,0.7,2.6,10.4,14.0,,0.3,0.1,0.4,.089,,-1.7,-2.3,-4.0,-0.1,2011-2012
101,102,Kirk Hinrich,SG,31,ATL,6,141,10.1,.551,.533,.067,3.1,7.0,5.0,7.6,1.5,0.0,6.1,11.2,,0.2,0.2,0.4,.133,,-0.6,1.6,1.0,0.1,2011-2012
102,103,Jrue Holiday,PG,21,PHI,13,494,18.0,.519,.274,.246,3.7,10.6,6.9,26.2,2.2,1.2,11.6,21.7,,0.7,0.8,1.5,.148,,3.1,2.4,5.5,0.9,2011-2012
103,104,Ryan Hollins,C,27,BOS,17,170,6.0,.434,.000,.346,11.6,7.4,9.4,7.5,0.0,3.8,18.9,10.6,,0.0,0.2,0.2,.050,,-4.7,0.4,-4.3,-0.1,2011-2012
104,105,Al Horford,C,25,ATL,3,108,17.5,.613,.000,.235,5.1,22.9,13.5,15.9,2.0,2.9,24.2,22.0,,0.0,0.3,0.3,.128,,-0.3,3.3,2.9,0.1,2011-2012
105,106,Josh Howard,SF,31,UTA,4,63,10.2,.391,.118,.294,6.1,18.9,11.8,10.5,1.7,1.3,9.4,14.6,,0.0,0.0,0.0,-0.008,,-0.9,0.6,-0.3,0.0,2011-2012
106,107,Juwan Howard,PF,38,MIA,9,24,5.4,.400,.000,.571,0.0,4.9,2.5,0.0,0.0,0.0,0.0,17.5,,0.0,0.0,0.0,-0.006,,-3.5,-3.1,-6.6,0.0,2011-2012
107,108,Serge Ibaka,PF,22,OKC,20,569,18.9,.558,.025,.226,10.1,14.1,12.1,3.4,1.0,8.6,5.9,15.3,,1.4,0.5,1.8,.155,,0.9,1.5,2.4,0.6,2011-2012
108,109,Andre Iguodala,SF,28,PHI,13,505,13.4,.478,.325,.371,3.6,13.4,8.2,17.2,2.0,0.8,9.8,18.4,,0.3,0.8,1.1,.104,,0.5,1.6,2.0,0.5,2011-2012
109,110,Royal Ivey,SG,30,OKC,5,21,16.8,.463,.455,.182,5.8,11.2,8.6,8.1,5.0,0.0,7.8,28.8,,0.0,0.0,0.0,.051,,-2.1,1.4,-0.7,0.0,2011-2012
110,111,Stephen Jackson,SF,33,SAS,14,299,14.9,.747,.606,.211,2.0,8.6,5.5,12.1,1.6,0.7,18.8,14.9,,0.8,0.2,1.0,.161,,2.3,2.4,4.7,0.5,2011-2012
111,112,LeBron James,SF,27,MIA,23,983,30.3,.576,.169,.466,6.8,20.5,13.8,28.1,2.4,1.3,11.8,33.4,,4.2,1.6,5.8,.284,,8.1,2.5,10.5,3.1,2011-2012
112,113,Al Jefferson,C,27,UTA,4,141,21.1,.523,.015,.059,4.8,22.8,12.8,16.6,1.9,1.7,6.7,23.0,,0.3,0.0,0.3,.101,,4.1,2.0,6.1,0.3,2011-2012
113,114,Jared Jeffries,PF,30,NYK,5,34,3.9,.167,.000,.000,20.6,22.4,21.4,0.0,1.6,0.0,14.3,9.7,,-0.1,0.0,0.0,-0.062,,-4.4,-1.6,-6.0,0.0,2011-2012
114,115,Yi Jianlian,PF,24,DAL,1,5,15.0,.291,.333,.333,0.0,51.5,24.1,0.0,10.6,0.0,0.0,31.7,,0.0,0.0,0.0,-0.132,,-1.5,5.5,3.9,0.0,2011-2012
115,116,Ivan Johnson,PF,27,ATL,5,54,7.9,.357,.063,.313,14.3,22.9,18.4,0.0,3.0,0.0,14.2,18.8,,-0.1,0.1,0.0,.013,,-3.9,-0.2,-4.1,0.0,2011-2012
116,117,Joe Johnson,SG,30,ATL,6,243,11.7,.458,.353,.235,2.7,7.6,5.0,17.4,1.8,0.3,12.4,25.4,,-0.2,0.4,0.2,.042,,1.0,-0.2,0.7,0.2,2011-2012
117,118,Dahntay Jones,SF,31,IND,7,58,4.6,.403,.500,.389,8.1,6.0,7.0,8.2,0.9,0.0,12.5,19.2,,0.0,0.0,0.0,.018,,-4.1,-1.7,-5.8,-0.1,2011-2012
118,119,James Jones,SG,31,MIA,20,173,9.8,.538,.698,.233,3.6,10.3,7.0,1.8,0.9,0.5,7.8,14.2,,0.2,0.1,0.4,.100,,-0.2,0.2,-0.1,0.1,2011-2012
119,120,DeAndre Jordan,C,23,LAC,11,249,12.7,.494,.000,.600,8.9,19.7,14.3,2.6,1.5,5.7,12.2,11.2,,0.1,0.3,0.4,.071,,-0.8,0.7,-0.2,0.1,2011-2012
120,121,Jerome Jordan,C,25,NYK,1,4,36.1,.500,.000,.000,58.3,0.0,30.4,0.0,0.0,0.0,0.0,23.7,,0.0,0.0,0.0,.245,,18.6,-10.0,8.6,0.0,2011-2012
121,122,Jason Kidd,PG,38,DAL,4,144,16.7,.507,.634,.244,2.4,18.8,10.0,29.8,4.4,0.6,19.5,18.0,,0.1,0.1,0.2,.079,,1.6,4.0,5.6,0.3,2011-2012
122,123,Kyle Korver,SG,30,CHI,6,94,9.1,.503,.591,.091,1.2,10.2,5.8,15.6,1.7,2.4,17.9,13.8,,0.0,0.2,0.1,.074,,-1.8,1.7,-0.2,0.0,2011-2012
123,124,Kosta Koufos,C,22,DEN,3,26,2.1,.333,.000,.000,15.8,26.7,21.3,0.0,0.0,2.7,50.0,10.1,,-0.1,0.0,0.0,-0.072,,-9.0,-2.3,-11.3,-0.1,2011-2012
124,125,Ty Lawson,PG,24,DEN,7,242,23.2,.567,.257,.174,1.7,5.7,3.8,30.5,1.5,0.3,6.4,22.7,,1.0,0.0,1.0,.196,,5.9,0.5,6.4,0.5,2011-2012
125,126,Kawhi Leonard,SF,20,SAS,14,379,15.1,.623,.444,.178,5.8,19.2,12.8,3.1,2.3,1.1,11.8,13.5,,0.6,0.5,1.2,.146,,1.6,2.2,3.7,0.5,2011-2012
126,127,John Lucas III,PG,29,CHI,5,94,11.8,.526,.325,.050,2.4,5.7,4.1,18.5,0.0,0.0,12.8,23.2,,0.0,0.1,0.1,.062,,1.6,-1.8,-0.2,0.0,2011-2012
127,128,Ian Mahinmi,C,25,DAL,4,70,23.5,.735,.000,.929,14.5,16.6,15.5,0.0,2.3,3.7,4.8,13.6,,0.4,0.0,0.4,.288,,2.8,2.3,5.1,0.1,2011-2012
128,129,Shawn Marion,SF,33,DAL,4,140,11.4,.529,.350,.250,7.3,21.2,13.8,5.3,0.4,3.1,18.4,17.9,,0.0,0.0,0.1,.019,,-1.3,-0.1,-1.4,0.0,2011-2012
129,130,Kenyon Martin,PF,34,LAC,11,193,12.9,.538,.000,.190,7.0,15.2,11.1,2.6,1.1,7.8,8.1,12.4,,0.2,0.2,0.4,.102,,-1.9,3.0,1.1,0.2,2011-2012
130,131,O.J. Mayo,SG,24,MEM,7,163,7.7,.420,.387,.435,1.5,17.8,9.4,16.3,3.0,0.5,19.6,26.1,,-0.3,0.3,-0.1,-0.023,,-4.1,0.9,-3.2,0.0,2011-2012
131,132,JaVale McGee,C,24,DEN,7,181,20.3,.466,.000,.491,13.1,24.1,18.7,4.1,1.5,8.7,5.8,16.6,,0.3,0.3,0.6,.159,,0.8,2.1,2.9,0.2,2011-2012
132,133,Tracy McGrady,SF,32,ATL,6,90,6.5,.436,.154,.231,7.4,15.1,11.0,12.3,0.0,1.8,25.9,20.6,,-0.2,0.1,-0.1,-0.045,,-2.6,-1.0,-3.6,0.0,2011-2012
133,134,Josh McRoberts,PF,24,LAL,6,16,-1.7,.250,.250,.000,0.0,27.3,13.4,9.3,0.0,4.4,33.3,17.0,,-0.1,0.0,-0.1,-0.237,,-8.8,-0.9,-9.7,0.0,2011-2012
134,135,Jodie Meeks,SG,24,PHI,13,102,10.3,.544,.500,.538,2.1,2.3,2.2,6.8,1.6,0.7,11.1,17.0,,0.1,0.1,0.2,.116,,-1.9,0.7,-1.2,0.0,2011-2012
135,136,Andre Miller,SG,35,DEN,7,200,18.4,.496,.096,.205,7.2,12.4,9.8,32.5,2.4,0.4,17.6,21.2,,0.3,0.1,0.5,.109,,1.8,0.9,2.7,0.2,2011-2012
136,137,Mike Miller,SG,31,MIA,23,368,12.0,.578,.758,.111,3.0,15.8,9.6,7.5,1.3,0.4,10.4,15.1,,0.6,0.4,1.0,.136,,0.8,0.7,1.5,0.3,2011-2012
137,138,Patty Mills,PG,23,SAS,8,31,19.3,.682,.455,.000,3.9,7.2,5.6,27.0,1.7,0.0,21.4,21.0,,0.1,0.0,0.1,.162,,4.7,-0.1,4.6,0.1,2011-2012
138,139,Paul Millsap,PF,26,UTA,4,139,11.5,.393,.056,.296,11.7,23.2,16.8,2.7,0.4,5.8,12.8,21.8,,-0.2,0.1,-0.2,-0.058,,-1.2,-1.2,-2.4,0.0,2011-2012
139,140,Nazr Mohammed,C,34,OKC,8,83,7.1,.507,.000,.250,10.3,12.8,11.5,1.8,0.0,3.0,10.1,11.2,,0.1,0.0,0.1,.054,,-5.4,-1.6,-7.0,-0.1,2011-2012
140,141,E'Twaun Moore,PG,22,BOS,9,21,3.1,.282,.250,.250,0.0,16.4,8.5,23.9,0.0,3.8,10.1,23.0,,-0.1,0.0,-0.1,-0.139,,-6.9,-0.9,-7.8,0.0,2011-2012
141,142,Darius Morris,PG,21,LAL,4,8,63.2,1.050,.333,1.333,0.0,0.0,0.0,100.0,0.0,0.0,17.4,32.6,,0.2,0.0,0.2,.922,,24.9,5.7,30.6,0.1,2011-2012
142,143,Timofey Mozgov,C,25,DEN,7,99,11.9,.491,.000,.320,10.4,13.0,11.7,4.5,1.1,4.3,14.9,14.9,,0.1,0.1,0.1,.060,,-3.6,0.4,-3.2,0.0,2011-2012
143,144,Troy Murphy,PF,31,LAL,4,15,5.4,1.500,1.000,.000,0.0,21.8,10.7,0.0,0.0,0.0,66.7,9.0,,0.0,0.0,0.0,-0.093,,-2.9,-1.4,-4.3,0.0,2011-2012
144,145,Gary Neal,SG,27,SAS,14,217,14.6,.598,.439,.159,0.6,8.8,4.8,14.3,0.5,0.0,11.1,21.2,,0.4,0.1,0.5,.116,,1.4,-0.1,1.3,0.2,2011-2012
145,146,Jameer Nelson,PG,29,ORL,5,182,15.7,.481,.338,.216,0.6,11.6,6.0,38.3,1.2,0.4,11.0,24.5,,0.2,0.1,0.3,.070,,1.7,-0.1,1.5,0.2,2011-2012
146,147,Joakim Noah,C,26,CHI,3,99,28.7,.730,.000,.423,10.2,20.4,15.4,17.6,1.1,3.0,3.1,15.0,,0.5,0.2,0.7,.345,,8.3,3.6,11.9,0.4,2011-2012
147,148,Steve Novak,PF,28,NYK,5,95,4.8,.667,.778,.000,3.7,16.0,9.6,0.0,0.0,1.0,25.0,6.0,,0.0,0.0,0.0,.008,,-1.1,-0.7,-1.8,0.0,2011-2012
148,149,Dirk Nowitzki,PF,33,DAL,4,154,22.5,.560,.078,.545,2.2,18.4,9.8,10.4,1.0,0.0,9.5,31.5,,0.5,0.0,0.4,.139,,3.7,-0.5,3.2,0.2,2011-2012
149,150,Daniel Orton,PF,21,ORL,4,9,20.0,1.136,0,0,0.0,26.0,12.8,0.0,0.0,0.0,0.0,9.6,,0.1,0.0,0.1,.464,,-1.1,4.1,3.0,0.0,2011-2012
150,151,Jannero Pargo,PG,32,ATL,5,46,7.2,.381,.571,.000,2.4,10.8,6.3,25.0,2.4,0.0,12.5,25.0,,-0.1,0.1,0.0,-0.023,,-0.9,0.4,-0.5,0.0,2011-2012
151,152,Tony Parker,PG,29,SAS,14,506,19.4,.535,.093,.391,1.9,9.3,5.8,31.9,1.3,0.0,14.3,28.3,,1.1,0.3,1.4,.134,,2.3,-1.1,1.1,0.4,2011-2012
152,153,Chris Paul,PG,26,LAC,11,423,20.0,.525,.238,.287,1.8,14.5,8.1,37.7,3.8,0.2,18.9,26.0,,0.5,0.4,0.9,.103,,2.6,1.1,3.7,0.6,2011-2012
153,154,Sasha Pavlović,SF,28,BOS,10,40,1.0,.389,.556,.000,6.2,8.6,7.4,4.0,1.4,2.0,30.8,15.9,,-0.1,0.0,-0.1,-0.100,,-6.6,-0.4,-7.0,-0.1,2011-2012
154,155,Kendrick Perkins,C,27,OKC,20,517,8.0,.470,.000,.281,8.2,20.3,14.4,3.6,0.7,4.0,22.5,11.7,,-0.1,0.3,0.1,.014,,-3.3,0.1,-3.2,-0.2,2011-2012
155,156,Paul Pierce,SF,34,BOS,20,778,16.1,.516,.280,.395,2.2,15.8,9.2,14.8,2.1,1.9,13.3,26.5,,0.3,1.3,1.7,.102,,1.3,1.2,2.4,0.9,2011-2012
156,157,Mickaël Piétrus,SG,29,BOS,20,393,4.3,.431,.740,.219,3.8,8.5,6.2,0.8,1.9,1.0,10.1,11.1,,-0.3,0.5,0.3,.031,,-4.1,0.8,-3.3,-0.1,2011-2012
157,158,Dexter Pittman,C,23,MIA,3,8,-5.5,.000,.000,.000,0.0,0.0,0.0,17.3,0.0,10.2,0.0,12.0,,0.0,0.0,0.0,-0.170,,-9.9,3.8,-6.1,0.0,2011-2012
158,159,Quincy Pondexter,SF,23,MEM,7,114,12.5,.751,.222,.500,3.1,14.4,8.6,3.1,1.9,0.0,18.5,10.9,,0.2,0.1,0.4,.154,,-0.6,3.1,2.4,0.1,2011-2012
159,160,A.J. Price,PG,25,IND,4,7,21.4,.500,.000,.000,16.7,16.4,16.6,25.8,0.0,0.0,0.0,13.2,,0.0,0.0,0.0,.223,,5.6,0.2,5.8,0.0,2011-2012
160,161,Vladimir Radmanović,SF,31,ATL,2,15,-11.9,.000,.750,.000,0.0,8.2,3.9,10.2,0.0,0.0,0.0,12.8,,-0.1,0.0,-0.1,-0.231,,-12.1,-3.1,-15.2,0.0,2011-2012
161,162,Zach Randolph,PF,30,MEM,7,248,15.0,.464,.045,.398,12.9,21.4,17.0,4.7,1.5,1.4,9.6,21.4,,0.2,0.3,0.6,.110,,0.1,-0.4,-0.3,0.1,2011-2012
162,163,JJ Redick,SG,27,ORL,5,123,15.3,.538,.432,.318,0.0,4.8,2.3,27.2,0.5,0.0,10.7,22.3,,0.2,0.0,0.2,.080,,2.3,-0.9,1.4,0.1,2011-2012
163,164,Jason Richardson,SG,31,ORL,5,148,12.6,.489,.509,.226,3.1,11.9,7.4,6.9,2.2,1.0,9.3,21.2,,0.0,0.1,0.1,.028,,0.4,0.6,1.0,0.1,2011-2012
164,165,Quentin Richardson,SF,31,ORL,5,74,2.1,.400,.467,.000,0.0,34.9,17.1,4.8,0.7,0.0,28.6,13.9,,-0.2,0.1,-0.1,-0.082,,-7.5,0.8,-6.7,-0.1,2011-2012
165,166,Rajon Rondo,PG,25,BOS,19,810,22.0,.505,.100,.186,5.3,13.2,9.4,54.0,3.0,0.2,18.1,24.0,,1.3,1.3,2.6,.155,,4.4,2.1,6.4,1.7,2011-2012
166,167,Derrick Rose,PG,23,CHI,1,37,22.9,.482,.261,.087,9.1,17.2,13.3,52.3,1.5,2.0,17.3,36.3,,0.0,0.1,0.1,.092,,6.4,-1.0,5.4,0.1,2011-2012
167,168,Thabo Sefolosha,SG,27,OKC,20,446,11.7,.500,.480,.088,3.0,11.1,7.1,8.5,3.6,1.7,9.4,12.3,,0.4,0.4,0.7,.077,,-0.4,2.7,2.2,0.5,2011-2012
168,169,Josh Selby,PG,20,MEM,1,0,,0,0,0,,,,,,,0,,,0.0,0.0,0.0,,,-4.1,-1.1,-5.2,0.0,2011-2012
169,170,Ramon Sessions,PG,25,LAL,12,380,8.2,.448,.219,.307,0.8,9.5,5.1,18.3,0.6,0.2,14.5,18.0,,-0.1,-0.1,-0.2,-0.027,,-3.6,-2.7,-6.3,-0.4,2011-2012
170,171,Iman Shumpert,PG,21,NYK,1,19,-5.9,.000,.500,.000,0.0,6.7,3.2,0.0,2.9,0.0,33.3,7.5,,-0.1,0.0,-0.1,-0.189,,-9.8,-0.3,-10.2,0.0,2011-2012
171,172,Xavier Silas,SG,24,PHI,2,4,37.9,1.000,.000,.000,26.7,29.7,28.1,0.0,0.0,0.0,0.0,12.0,,0.0,0.0,0.0,.422,,14.0,2.1,16.2,0.0,2011-2012
172,173,Bobby Simmons,SF,31,LAC,4,32,5.9,.611,.444,.000,0.0,3.8,1.9,0.0,0.0,0.0,10.0,15.1,,0.0,0.0,0.0,.022,,-3.3,-2.8,-6.2,0.0,2011-2012
173,174,Ish Smith,PG,23,ORL,1,5,11.7,0,0,0,0.0,23.4,11.5,0.0,0.0,15.4,0,0.0,,0.0,0.0,0.0,.086,,1.3,8.0,9.3,0.0,2011-2012
174,175,J.R. Smith,SG,26,NYK,5,175,5.4,.384,.368,.105,1.3,8.0,4.5,12.6,1.9,0.5,12.2,24.5,,-0.3,0.0,-0.4,-0.097,,-2.9,-0.4,-3.3,-0.1,2011-2012
175,176,Josh Smith,PF,26,ATL,5,196,15.8,.432,.045,.239,5.6,36.6,20.2,25.6,0.8,2.0,13.4,27.5,,-0.2,0.5,0.2,.059,,0.9,2.1,3.1,0.3,2011-2012
176,177,Marreese Speights,PF,24,MEM,7,100,19.1,.507,.000,.244,15.4,21.5,18.3,4.3,1.6,2.6,9.9,23.3,,0.2,0.2,0.3,.151,,0.5,0.0,0.5,0.1,2011-2012
177,178,Tiago Splitter,C,27,SAS,13,168,16.6,.576,.000,.915,5.8,18.7,12.5,9.7,1.5,1.7,12.0,20.7,,0.3,0.2,0.5,.131,,-0.4,1.5,1.2,0.1,2011-2012
178,179,Lance Stephenson,SG,21,IND,4,12,-11.0,.304,.222,.222,0.0,0.0,0.0,15.7,0.0,0.0,16.8,45.8,,-0.1,0.0,-0.1,-0.440,,-13.0,-9.4,-22.5,-0.1,2011-2012
179,180,Greg Stiemsma,C,26,BOS,19,143,14.3,.678,.000,.333,7.7,25.7,17.0,5.7,1.5,6.2,16.2,8.4,,0.3,0.3,0.6,.197,,-2.0,4.6,2.6,0.2,2011-2012
180,181,Julyan Stone,SG,23,DEN,2,5,33.2,.500,.000,.000,20.6,0.0,10.1,66.6,0.0,0.0,0.0,17.6,,0.0,0.0,0.0,.321,,12.3,0.0,12.3,0.0,2011-2012
181,182,Amar'e Stoudemire,PF,29,NYK,4,139,16.9,.631,.000,.778,6.7,16.4,11.4,4.4,2.0,0.7,19.9,20.5,,0.3,0.0,0.3,.104,,0.8,1.0,1.8,0.1,2011-2012
182,183,Jeff Teague,PG,23,ATL,6,225,14.3,.516,.233,.260,2.0,9.9,5.7,21.4,1.2,1.8,10.9,19.5,,0.3,0.4,0.7,.139,,1.3,1.5,2.8,0.3,2011-2012
183,184,Jason Terry,SG,34,DAL,4,139,12.5,.579,.455,.182,0.8,7.4,3.9,21.1,0.4,0.0,14.4,18.4,,0.2,-0.1,0.2,.052,,1.2,-1.3,-0.1,0.1,2011-2012
184,185,Jamaal Tinsley,PG,33,UTA,4,65,3.3,.345,.200,.200,0.0,3.7,1.6,30.5,1.6,0.0,21.6,18.5,,-0.2,0.0,-0.2,-0.139,,-5.4,-2.5,-7.9,-0.1,2011-2012
185,186,Ronny Turiaf,C,29,MIA,12,121,8.4,.504,.000,.611,11.3,19.6,15.5,1.3,0.5,5.4,20.8,11.4,,0.0,0.2,0.2,.075,,-4.1,1.4,-2.7,0.0,2011-2012
186,187,Hedo Türkoğlu,SF,32,ORL,5,162,7.7,.458,.293,.268,2.8,7.2,5.0,13.7,1.7,1.9,16.4,16.6,,-0.1,0.1,0.0,-0.010,,-3.3,0.1,-3.2,-0.1,2011-2012
187,188,Evan Turner,SF,23,PHI,13,449,9.0,.414,.039,.312,3.3,22.2,12.3,13.1,1.5,1.0,14.6,21.9,,-0.8,0.8,0.0,.002,,-3.6,0.5,-3.1,-0.1,2011-2012
188,189,Nikola Vučević,C,21,PHI,1,3,0.6,.266,.000,2.000,0.0,39.6,18.7,0.0,0.0,0.0,0.0,30.0,,0.0,0.0,0.0,-0.183,,-7.5,-7.4,-14.9,0.0,2011-2012
189,190,Dwyane Wade,SG,30,MIA,23,907,22.0,.526,.080,.390,4.4,11.5,8.0,21.9,2.3,2.7,12.0,29.9,,1.8,1.3,3.1,.165,,3.9,1.4,5.3,1.7,2011-2012
190,191,Von Wafer,SG,26,ORL,1,6,23.2,.600,.000,.000,0.0,19.5,9.6,0.0,0.0,0.0,16.7,48.9,,0.0,0.0,0.0,-0.074,,0.9,-0.1,0.8,0.0,2011-2012
191,192,C.J. Watson,PG,27,CHI,6,164,7.3,.338,.276,.276,0.7,7.8,4.3,32.3,1.7,0.0,9.7,20.4,,-0.2,0.2,0.0,.002,,-2.8,-0.3,-3.1,0.0,2011-2012
192,193,David West,PF,31,IND,11,416,15.7,.502,.000,.297,5.9,20.2,13.1,9.8,1.0,1.2,9.2,20.5,,0.6,0.6,1.2,.134,,1.0,0.5,1.5,0.4,2011-2012
193,194,Delonte West,PG,28,DAL,4,88,13.5,.532,.231,.192,2.6,7.3,4.8,17.1,1.8,0.0,9.6,16.3,,0.1,0.0,0.1,.072,,0.6,0.3,0.9,0.1,2011-2012
194,195,Russell Westbrook,PG,23,OKC,20,767,22.6,.506,.160,.273,3.5,13.4,8.5,28.0,2.1,0.9,9.0,30.7,,1.8,0.3,2.1,.133,,3.9,-0.5,3.4,1.0,2011-2012
195,196,Lou Williams,PG,25,PHI,13,358,12.8,.452,.338,.366,0.9,8.0,4.2,20.6,2.0,0.0,8.8,24.2,,0.0,0.5,0.5,.062,,0.1,0.1,0.2,0.2,2011-2012
196,197,Marvin Williams,SF,25,ATL,6,145,12.4,.480,.356,.200,3.8,23.9,13.3,6.4,1.1,1.1,5.8,17.2,,0.1,0.3,0.4,.121,,1.3,0.9,2.2,0.2,2011-2012
197,198,Mo Williams,SG,29,LAC,11,229,14.2,.531,.351,.138,0.5,4.3,2.4,12.3,1.4,1.7,10.7,23.5,,0.2,0.0,0.2,.043,,1.8,-1.2,0.6,0.2,2011-2012
198,199,Sean Williams,C,25,BOS,2,6,-10.5,0,0,0,0.0,19.1,9.9,0.0,0.0,0.0,100.0,8.2,,0.0,0.0,0.0,-0.207,,-15.6,-1.5,-17.0,0.0,2011-2012
199,200,Metta World Peace,SF,32,LAL,6,236,12.6,.522,.600,.267,1.3,8.3,4.8,9.3,3.0,1.2,6.9,13.8,,0.3,0.1,0.4,.084,,0.5,2.3,2.8,0.3,2011-2012
200,201,Brandan Wright,C,24,DAL,4,27,2.7,.425,.000,.400,8.4,14.3,11.1,0.0,2.0,3.2,33.8,15.1,,-0.1,0.0,-0.1,-0.117,,-8.1,-0.8,-8.8,0.0,2011-2012
201,202,Nick Young,SG,26,LAC,11,200,13.9,.607,.493,.269,0.6,6.7,3.7,2.6,0.8,1.6,8.5,19.8,,0.4,0.0,0.4,.101,,1.9,-0.8,1.1,0.2,2011-2012
202,203,Sam Young,SF,26,PHI,2,4,-21.3,.000,.500,.000,0.0,0.0,0.0,0.0,0.0,0.0,0.0,23.9,,0.0,0.0,0.0,-0.551,,-15.3,-9.7,-25.0,0.0,2011-2012
203,204,Thaddeus Young,PF,23,PHI,13,277,14.5,.478,.000,.341,9.6,18.5,13.8,10.3,1.4,1.9,12.5,20.7,,0.1,0.5,0.6,.100,,-0.4,0.7,0.3,0.2,2011-2012
204,1,Ray Allen,SG,37,MIA,23,573,14.4,.598,.558,.314,2.9,10.8,6.9,8.3,1.2,0.4,12.1,18.8,,1.1,0.5,1.5,.129,,1.5,-0.8,0.7,0.4,2012-2013
205,2,Tony Allen,SG,31,MEM,15,422,17.7,.512,.064,.464,9.9,16.2,12.9,11.3,3.9,1.0,11.2,18.7,,0.6,0.7,1.3,.148,,0.4,3.9,4.2,0.7,2012-2013
206,3,Chris Andersen,C,34,MIA,20,303,24.9,.815,.000,.860,13.3,17.6,15.5,1.7,1.6,6.2,12.3,14.3,,1.4,0.5,1.9,.309,,2.8,2.8,5.5,0.6,2012-2013
207,4,James Anderson,SG,23,HOU,2,18,-1.4,.200,.600,.000,6.1,18.9,12.4,0.0,0.0,0.0,0.0,12.2,,0.0,0.0,-0.1,-0.140,,-7.5,-3.2,-10.7,0.0,2012-2013
208,5,Carmelo Anthony,PF,28,NYK,12,481,20.4,.497,.184,.281,2.5,18.2,9.7,9.3,1.5,0.4,8.2,38.0,,0.4,0.8,1.1,.114,,4.1,-1.2,2.9,0.6,2012-2013
209,6,Joel Anthony,C,30,MIA,14,71,6.4,.300,.000,.000,17.7,18.8,18.3,0.0,1.5,4.8,23.1,8.9,,0.0,0.1,0.1,.047,,-4.9,-0.7,-5.6,-0.1,2012-2013
210,7,Darrell Arthur,PF,24,MEM,15,175,11.1,.509,.038,.170,9.1,17.3,13.0,6.2,0.6,1.9,10.9,17.0,,0.2,0.2,0.3,.086,,-3.4,1.2,-2.3,0.0,2012-2013
211,8,Ömer Aşık,C,26,HOU,6,208,16.9,.620,.000,1.205,11.1,25.1,18.0,2.4,0.7,4.2,16.7,15.2,,0.4,0.1,0.5,.123,,0.2,0.8,1.0,0.2,2012-2013
212,9,D.J. Augustin,PG,25,IND,19,316,9.7,.579,.676,.437,0.8,4.6,2.8,7.1,1.2,0.0,10.6,14.0,,0.5,0.2,0.7,.106,,-1.1,0.8,-0.3,0.1,2012-2013
213,10,Gustavo Ayón,C,27,MIL,3,7,14.1,.500,.000,.000,0.0,0.0,0.0,0.0,0.0,0.0,0.0,26.9,,0.0,0.0,0.0,-0.045,,0.3,-3.9,-3.6,0.0,2012-2013
214,11,Jeff Ayres,PF,25,IND,9,71,2.0,.333,.042,.000,6.9,22.2,14.9,2.5,0.0,2.3,11.1,17.8,,-0.2,0.1,-0.1,-0.052,,-8.0,-1.5,-9.5,-0.1,2012-2013
215,12,Harrison Barnes,SF,20,GSW,12,461,13.8,.544,.321,.216,4.6,13.7,9.4,5.1,0.8,0.8,8.3,18.7,,0.7,0.3,1.0,.103,,0.5,-0.1,0.4,0.3,2012-2013
216,13,Matt Barnes,SF,32,LAC,6,162,18.4,.678,.386,.432,5.7,17.6,11.9,3.2,1.3,0.9,8.7,17.2,,0.6,0.0,0.6,.166,,3.4,-0.3,3.1,0.2,2012-2013
217,14,Brandon Bass,PF,27,BOS,6,204,9.3,.562,.000,.517,5.2,17.3,11.8,6.7,0.5,0.4,12.3,10.1,,0.2,0.3,0.5,.120,,-2.2,1.3,-0.8,0.1,2012-2013
218,15,Shane Battier,SF,34,MIA,22,392,7.4,.489,.946,.301,2.9,9.0,6.0,4.6,0.7,1.3,4.5,13.6,,0.4,0.3,0.6,.077,,-0.9,-1.1,-2.0,0.0,2012-2013
219,16,Jerryd Bayless,PG,24,MEM,15,320,11.5,.468,.431,.190,0.4,11.5,5.6,18.4,1.2,1.3,9.7,24.0,,0.0,0.3,0.3,.040,,-0.8,0.1,-0.7,0.1,2012-2013
220,17,Aron Baynes,C,26,SAS,4,23,10.6,.571,.000,.000,10.3,14.5,12.5,0.0,0.0,0.0,12.5,16.5,,0.0,0.0,0.0,.090,,-5.0,-2.5,-7.5,0.0,2012-2013
221,18,Kent Bazemore,SG,23,GSW,9,16,-13.7,.102,.125,.500,7.4,26.7,17.5,17.1,3.2,0.0,17.0,32.8,,-0.2,0.0,-0.2,-0.514,,-19.6,-4.8,-24.4,-0.1,2012-2013
222,19,Marco Belinelli,SG,26,CHI,12,325,13.7,.547,.439,.308,0.0,13.6,6.6,16.6,0.8,0.0,11.0,19.8,,0.5,0.0,0.5,.079,,0.0,0.5,0.5,0.2,2012-2013
223,20,Patrick Beverley,PG,24,HOU,6,200,14.6,.521,.369,.108,6.0,12.5,9.2,14.8,1.8,1.8,8.1,16.3,,0.4,0.0,0.4,.096,,1.0,1.2,2.2,0.2,2012-2013
224,21,Andris Biedriņš,C,26,GSW,3,17,6.4,0,0,0,13.9,31.4,23.1,7.4,0.0,9.2,100.0,2.6,,0.0,0.0,0.0,.094,,-8.6,6.3,-2.4,0.0,2012-2013
225,22,Chauncey Billups,SG,36,LAC,6,115,5.7,.453,.472,.306,2.3,10.8,6.7,8.2,0.5,0.7,16.4,20.6,,-0.1,-0.1,-0.2,-0.080,,-1.9,-4.0,-5.9,-0.1,2012-2013
226,23,DeJuan Blair,PF,23,SAS,12,76,31.2,.619,.000,.265,9.4,26.3,18.1,18.7,3.5,1.0,2.6,24.2,,0.4,0.2,0.6,.348,,3.2,4.3,7.5,0.2,2012-2013
227,24,Steve Blake,PG,32,LAL,2,75,12.1,.492,.429,.036,0.0,12.7,6.2,11.7,2.8,2.9,12.3,20.2,,0.0,0.0,0.0,-0.008,,-0.4,2.1,1.7,0.1,2012-2013
228,25,Andray Blatche,C,26,BRK,7,138,21.7,.550,.000,.293,8.5,21.2,14.7,12.4,0.8,1.6,7.1,24.1,,0.4,0.1,0.5,.184,,2.9,0.1,3.0,0.2,2012-2013
229,26,Eric Bledsoe,PG,23,LAC,6,97,19.8,.553,.300,.400,2.7,16.6,9.9,32.1,1.1,2.4,12.4,20.1,,0.2,0.0,0.3,.124,,4.3,1.2,5.5,0.2,2012-2013
230,27,Keith Bogans,SG,32,BRK,2,23,-2.3,.000,1.000,.000,0.0,10.6,5.2,11.8,0.0,0.0,50.0,4.1,,0.0,0.0,0.0,-0.063,,-7.7,-0.7,-8.4,0.0,2012-2013
231,28,Andrew Bogut,C,28,GSW,12,327,16.1,.558,.000,.343,14.1,30.1,22.5,10.0,0.9,4.3,22.2,13.5,,0.3,0.5,0.8,.122,,-0.3,2.6,2.3,0.3,2012-2013
232,29,Matt Bonner,PF,32,SAS,20,267,12.7,.630,.542,.203,4.0,12.5,8.4,3.4,1.0,1.4,3.0,11.7,,0.6,0.3,0.9,.169,,0.1,1.2,1.2,0.2,2012-2013
233,30,Carlos Boozer,PF,31,CHI,12,431,16.7,.524,.006,.268,9.7,23.5,16.4,8.1,1.3,0.2,13.4,23.8,,0.4,0.2,0.6,.063,,0.3,-0.7,-0.4,0.2,2012-2013
234,31,Chris Bosh,C,28,MIA,23,751,16.8,.524,.154,.250,6.4,20.8,13.7,7.6,1.7,4.1,9.2,18.9,,1.0,1.2,2.2,.140,,1.1,0.8,1.9,0.7,2012-2013
235,32,Avery Bradley,PG,22,BOS,6,191,6.7,.457,.190,.095,2.1,5.8,4.1,8.5,3.2,0.5,20.1,14.6,,-0.3,0.3,0.0,.009,,-4.6,2.6,-2.0,0.0,2012-2013
236,33,Corey Brewer,SF,26,DEN,6,146,7.3,.421,.529,.309,2.2,7.1,4.4,7.6,2.0,0.6,8.3,24.6,,-0.2,0.0,-0.2,-0.051,,-3.7,-1.7,-5.4,-0.1,2012-2013
237,34,Ronnie Brewer,SF,27,OKC,1,8,-0.5,0,0,0,0.0,13.9,7.0,0.0,0.0,0.0,0,0.0,,0.0,0.0,0.0,.026,,-4.1,1.0,-3.1,0.0,2012-2013
238,35,Aaron Brooks,PG,28,HOU,6,67,11.7,.414,.265,.147,4.9,10.2,7.5,31.5,0.8,1.3,14.2,27.7,,-0.1,0.0,-0.1,-0.069,,-1.6,-2.0,-3.6,0.0,2012-2013
239,36,MarShon Brooks,SG,24,BRK,7,40,4.0,.450,.125,.250,2.9,12.2,7.5,11.3,0.0,0.0,25.3,14.0,,0.0,0.0,0.0,-0.041,,-4.8,-1.9,-6.8,0.0,2012-2013
240,37,Caron Butler,SF,32,LAC,6,136,10.2,.539,.348,.065,1.0,13.7,7.5,0.0,0.8,1.1,11.3,19.0,,0.0,0.0,0.0,-0.011,,-0.6,-2.1,-2.6,0.0,2012-2013
241,38,Jimmy Butler,SF,23,CHI,12,490,14.4,.575,.322,.478,2.2,13.7,7.8,10.7,1.7,1.0,10.3,15.0,,0.9,0.2,1.1,.105,,0.8,1.7,2.5,0.5,2012-2013
242,39,Marcus Camby,PF,38,NYK,3,3,27.2,1.000,.000,.000,36.7,42.8,39.5,0.0,0.0,0.0,50.0,32.1,,0.0,0.0,0.0,.055,,-3.5,-0.1,-3.6,0.0,2012-2013
243,40,Mario Chalmers,PG,26,MIA,23,650,11.2,.523,.372,.290,1.9,8.0,5.0,17.5,1.8,0.1,15.6,18.2,,0.5,0.5,1.0,.076,,-1.4,-0.2,-1.6,0.1,2012-2013
244,41,Tyson Chandler,C,30,NYK,12,350,12.8,.576,.000,.308,12.6,17.6,14.9,1.9,1.3,4.0,15.7,9.6,,0.5,0.6,1.2,.161,,-1.3,-0.2,-1.5,0.0,2012-2013
245,42,Wilson Chandler,PF,25,DEN,6,205,8.8,.443,.382,.158,2.6,17.8,9.4,6.1,1.9,1.2,7.9,18.4,,-0.1,0.1,0.0,.002,,-2.2,-0.4,-2.5,0.0,2012-2013
246,43,Earl Clark,PF,25,LAL,4,82,1.2,.368,.211,.000,2.8,14.5,8.5,1.9,0.6,0.9,24.0,14.3,,-0.3,0.0,-0.3,-0.159,,-6.8,-2.7,-9.5,-0.2,2012-2013
247,44,Norris Cole,PG,24,MIA,21,418,12.4,.584,.314,.186,1.8,9.6,5.8,16.1,2.0,0.4,17.2,15.5,,0.5,0.4,0.9,.103,,-0.2,1.1,0.9,0.3,2012-2013
248,45,Nick Collison,C,32,OKC,11,178,16.1,.526,.000,.255,16.0,16.3,16.1,11.3,1.5,5.3,16.1,16.0,,0.3,0.3,0.6,.155,,-0.3,2.2,1.8,0.2,2012-2013
249,46,Mike Conley,PG,25,MEM,15,575,18.8,.496,.296,.431,2.4,13.0,7.4,33.8,2.5,0.7,11.7,23.6,,0.9,0.6,1.5,.127,,2.7,1.9,4.6,0.9,2012-2013
250,47,Daequan Cook,SG,25,CHI,6,36,-9.2,.150,.800,.000,0.0,10.5,5.1,16.3,1.5,0.0,28.6,18.4,,-0.2,0.0,-0.2,-0.309,,-12.6,-1.6,-14.2,-0.1,2012-2013
251,48,Chris Copeland,PF,28,NYK,9,93,13.7,.599,.767,.067,2.4,9.7,5.7,1.9,3.0,0.0,11.5,18.1,,0.1,0.2,0.3,.147,,3.2,-0.1,3.1,0.1,2012-2013
252,49,Jamal Crawford,SG,32,LAC,6,161,12.5,.486,.355,.177,1.6,7.7,4.8,10.6,1.0,0.5,5.6,21.3,,0.2,-0.1,0.1,.021,,1.3,-2.6,-1.3,0.0,2012-2013
253,50,Jordan Crawford,SG,24,BOS,5,59,1.6,.377,.522,.087,0.0,5.6,3.1,0.0,1.9,0.0,11.2,23.2,,-0.2,0.1,-0.2,-0.135,,-5.3,-1.6,-6.9,-0.1,2012-2013
254,51,Stephen Curry,PG,24,GSW,12,497,20.5,.558,.451,.162,1.2,8.8,5.2,33.3,2.1,0.3,13.7,26.2,,1.3,0.3,1.7,.161,,4.5,0.2,4.7,0.8,2012-2013
255,52,Samuel Dalembert,C,31,MIL,1,9,-15.5,.133,.000,2.000,12.9,29.0,20.4,0.0,5.9,0.0,34.7,30.1,,-0.1,0.0,-0.1,-0.544,,-22.3,-4.1,-26.4,-0.1,2012-2013
256,53,Marquis Daniels,SF,32,MIL,3,33,14.9,.545,.182,.000,0.0,15.8,7.4,23.7,1.6,0.0,8.3,17.1,,0.0,0.0,0.0,.069,,-0.6,1.7,1.0,0.0,2012-2013
257,54,Ed Davis,PF,23,MEM,8,48,7.8,.472,.000,.333,9.5,18.4,13.7,0.0,0.0,1.8,12.7,15.3,,0.0,0.0,0.0,.038,,-4.5,-2.4,-6.9,-0.1,2012-2013
258,55,Austin Daye,SF,24,MEM,4,20,4.1,.415,.125,.125,0.0,6.3,3.0,0.0,0.0,4.2,10.6,22.0,,0.0,0.0,0.0,-0.077,,-5.7,-2.8,-8.5,0.0,2012-2013
259,56,Nando De Colo,SG,25,SAS,5,14,17.0,.410,.750,.500,16.9,15.9,16.4,20.5,0.0,0.0,0.0,16.5,,0.0,0.0,0.1,.184,,1.1,-1.3,-0.2,0.0,2012-2013
260,57,Carlos Delfino,SF,30,HOU,5,120,11.8,.539,.775,.100,0.9,10.4,5.6,14.1,1.3,0.7,10.7,17.2,,0.1,0.0,0.1,.053,,1.7,0.6,2.3,0.1,2012-2013
261,58,Luol Deng,SF,27,CHI,5,224,8.3,.390,.214,.119,2.7,18.6,10.4,14.9,1.2,1.1,12.0,21.2,,-0.4,0.1,-0.3,-0.066,,-3.3,-0.8,-4.1,-0.1,2012-2013
262,59,Boris Diaw,PF,30,SAS,16,273,10.1,.540,.241,.259,3.5,13.0,8.4,15.0,0.8,0.8,17.8,12.7,,0.2,0.3,0.5,.095,,-1.1,1.4,0.3,0.2,2012-2013
263,60,Keyon Dooling,PG,32,MEM,14,114,4.4,.507,.542,.250,0.0,5.5,2.6,5.6,0.5,0.0,10.1,12.1,,0.0,0.0,0.1,.032,,-4.9,-0.7,-5.5,-0.1,2012-2013
264,61,Chris Duhon,PG,30,LAL,2,68,5.5,.500,.727,.000,1.7,3.5,2.6,15.6,1.5,1.1,31.3,11.0,,-0.1,0.0,-0.1,-0.060,,-3.5,-1.4,-4.9,0.0,2012-2013
265,62,Tim Duncan,C,36,SAS,21,735,21.3,.523,.003,.305,8.7,24.2,16.7,9.6,1.3,3.5,10.3,26.1,,1.1,1.4,2.5,.161,,1.8,1.1,2.9,0.9,2012-2013
266,63,Mike Dunleavy,SF,32,MIL,4,91,24.7,.721,.533,.300,3.8,18.7,10.8,17.4,1.2,0.0,8.1,19.1,,0.4,0.0,0.4,.224,,7.4,1.8,9.2,0.3,2012-2013
267,64,Kevin Durant,SF,24,OKC,11,485,26.0,.574,.285,.455,1.6,21.1,11.5,29.2,1.5,2.1,12.7,31.9,,1.5,0.7,2.1,.210,,7.6,1.7,9.3,1.4,2012-2013
268,65,Monta Ellis,SG,27,MIL,4,152,12.3,.459,.345,.291,1.5,9.5,5.2,27.1,3.5,0.6,18.4,23.6,,-0.2,0.1,-0.2,-0.050,,-1.1,0.7,-0.3,0.1,2012-2013
269,66,Reggie Evans,PF,32,BRK,7,209,12.3,.517,.000,.783,9.0,40.8,24.6,4.2,1.8,0.7,16.3,8.3,,0.2,0.4,0.5,.125,,-1.0,1.2,0.2,0.1,2012-2013
270,67,Festus Ezeli,C,23,GSW,12,134,6.4,.540,.000,1.615,11.4,13.6,12.6,2.0,1.1,4.1,35.0,11.4,,-0.1,0.1,0.1,.018,,-5.9,1.3,-4.6,-0.1,2012-2013
271,68,Kenneth Faried,PF,23,DEN,5,145,15.6,.661,.000,.469,8.8,27.0,17.0,1.1,1.7,0.6,11.5,12.8,,0.3,0.1,0.4,.142,,0.3,-0.1,0.2,0.1,2012-2013
272,69,Raymond Felton,PG,28,NYK,12,454,16.5,.490,.173,.148,4.1,6.8,5.4,23.4,2.4,1.1,10.4,20.4,,0.5,0.7,1.2,.127,,2.0,0.9,2.9,0.5,2012-2013
273,70,Derek Fisher,SG,38,OKC,11,261,11.2,.638,.729,.171,0.4,6.8,3.7,5.1,1.4,0.3,9.6,14.6,,0.4,0.2,0.6,.114,,0.2,1.5,1.8,0.3,2012-2013
274,71,Evan Fournier,SG,20,DEN,4,53,4.1,.463,.471,.471,0.0,0.0,0.0,11.4,1.9,0.0,22.6,21.4,,-0.1,0.0,-0.1,-0.104,,-5.4,-2.1,-7.5,-0.1,2012-2013
275,72,Francisco García,SF,31,HOU,6,164,14.4,.613,.740,.100,2.0,11.8,6.8,9.4,1.2,2.7,7.1,15.1,,0.4,0.0,0.4,.113,,2.2,1.5,3.7,0.2,2012-2013
276,73,Kevin Garnett,C,36,BOS,6,212,17.3,.563,.033,.283,5.6,37.9,23.2,22.4,1.3,2.5,22.0,20.8,,0.0,0.6,0.6,.145,,-0.7,4.1,3.4,0.3,2012-2013
277,74,Marc Gasol,C,28,MEM,15,609,19.4,.527,.000,.439,4.7,21.2,12.5,14.5,1.2,4.6,6.9,20.1,,1.3,0.8,2.1,.168,,2.3,2.8,5.1,1.1,2012-2013
278,75,Pau Gasol,PF,32,LAL,4,146,17.9,.493,.000,.212,5.5,31.9,18.4,32.5,0.7,1.5,18.6,22.4,,0.0,0.0,0.0,.013,,2.0,1.8,3.9,0.2,2012-2013
279,76,Paul George,SF,22,IND,19,780,16.6,.548,.375,.462,2.5,18.1,10.6,23.9,1.8,0.9,18.4,24.4,,0.9,1.0,1.9,.118,,1.4,2.3,3.7,1.1,2012-2013
280,77,Taj Gibson,PF,27,CHI,12,206,12.3,.515,.030,.333,8.7,12.9,10.7,3.5,1.1,2.4,10.6,19.4,,0.2,0.1,0.3,.059,,-3.4,-0.1,-3.5,-0.1,2012-2013
281,78,Manu Ginóbili,SG,35,SAS,21,560,16.5,.530,.497,.415,1.9,13.7,8.0,29.7,2.3,0.8,19.4,23.9,,0.5,0.8,1.3,.110,,1.2,1.6,2.8,0.7,2012-2013
282,79,Andrew Goudelock,SG,24,LAL,3,80,12.4,.488,.278,.056,1.4,6.0,3.6,7.2,3.3,0.0,9.8,23.9,,-0.1,0.0,-0.1,-0.030,,-3.2,0.1,-3.1,0.0,2012-2013
283,80,Danny Green,SG,25,SAS,21,669,15.2,.605,.613,.081,3.2,11.5,7.5,7.4,1.8,2.6,9.0,15.0,,1.2,0.9,2.1,.154,,2.4,2.4,4.8,1.1,2012-2013
284,81,Draymond Green,SF,22,GSW,12,223,13.9,.551,.411,.304,7.4,17.7,12.8,12.5,1.4,3.5,15.9,15.1,,0.3,0.3,0.6,.125,,-0.3,3.3,3.1,0.3,2012-2013
285,82,Gerald Green,SF,27,IND,9,105,12.9,.540,.660,.040,2.3,10.7,6.7,6.1,0.0,0.8,10.5,25.3,,0.1,0.1,0.2,.073,,1.6,-0.9,0.7,0.1,2012-2013
286,83,Jeff Green,PF,26,BOS,6,258,14.7,.582,.259,.529,3.1,11.1,7.4,12.3,0.4,1.3,15.3,24.5,,0.3,0.3,0.6,.113,,0.4,0.6,1.0,0.2,2012-2013
287,84,Willie Green,SG,31,LAC,3,20,21.6,.773,.333,.667,0.0,18.6,9.6,15.8,2.7,0.0,0.0,9.4,,0.1,0.0,0.1,.224,,6.6,3.1,9.7,0.1,2012-2013
288,85,Blake Griffin,PF,23,LAC,6,158,16.3,.524,.000,.406,6.7,19.6,13.4,17.3,0.0,2.4,14.7,27.1,,0.2,0.0,0.1,.045,,1.0,-1.4,-0.4,0.1,2012-2013
289,86,Jordan Hamilton,SF,22,DEN,1,2,-19.7,.000,.000,.000,0.0,0.0,0.0,0.0,0.0,0.0,0.0,21.4,,0.0,0.0,0.0,-0.536,,-14.2,-10.6,-24.8,0.0,2012-2013
290,87,Richard Hamilton,SG,34,CHI,4,68,7.6,.452,.259,.148,0.0,5.6,2.7,13.0,0.8,2.5,14.8,23.5,,-0.1,0.0,-0.1,-0.067,,-1.3,0.3,-0.9,0.0,2012-2013
291,88,Ben Hansbrough,PG,25,IND,6,22,-6.4,.000,.600,.000,5.6,10.2,8.0,20.4,0.0,3.7,28.6,14.9,,-0.1,0.0,-0.1,-0.254,,-9.1,-2.3,-11.4,-0.1,2012-2013
292,89,Tyler Hansbrough,PF,27,IND,19,241,11.4,.479,.000,.710,18.3,11.7,14.9,3.7,1.4,0.0,15.6,18.7,,0.2,0.2,0.4,.073,,-2.9,-1.2,-4.1,-0.1,2012-2013
293,90,James Harden,SG,23,HOU,6,243,20.8,.548,.383,.574,2.3,16.3,9.2,21.0,2.5,2.2,15.8,31.0,,0.4,0.1,0.5,.100,,4.1,1.2,5.3,0.5,2012-2013
294,91,Devin Harris,SG,29,ATL,6,225,9.3,.459,.397,.397,1.0,7.5,4.1,16.9,2.3,0.4,14.0,18.2,,-0.2,0.2,0.1,.012,,-2.5,0.2,-2.3,0.0,2012-2013
295,92,Udonis Haslem,PF,32,MIA,22,357,14.2,.597,.000,.163,9.2,18.4,13.8,2.8,2.3,1.2,13.2,14.4,,0.5,0.5,1.1,.142,,-1.1,0.8,-0.3,0.2,2012-2013
296,93,John Henson,PF,22,MIL,4,33,-0.1,.273,.091,.000,0.0,31.7,14.9,5.0,3.2,0.0,15.4,18.6,,-0.2,0.0,-0.1,-0.180,,-9.6,-0.8,-10.4,-0.1,2012-2013
297,94,Roy Hibbert,C,26,IND,19,694,21.2,.576,.000,.438,15.9,15.9,15.9,7.6,0.2,4.4,13.3,21.8,,1.9,0.8,2.7,.187,,1.8,1.0,2.9,0.9,2012-2013
298,95,George Hill,PG,26,IND,18,685,14.6,.547,.459,.367,0.9,10.2,5.7,20.6,1.8,0.5,14.3,19.1,,1.2,0.6,1.8,.125,,1.4,1.3,2.7,0.8,2012-2013
299,96,Grant Hill,SF,40,LAC,1,20,7.4,.500,.000,.000,13.2,12.4,12.8,15.8,0.0,0.0,20.0,12.1,,0.0,0.0,0.0,.026,,-1.7,-1.2,-3.0,0.0,2012-2013
300,97,Jordan Hill,PF,25,LAL,3,31,17.7,.500,.000,.000,7.4,34.6,20.7,5.8,0.0,4.6,0.0,15.1,,0.0,0.0,0.1,.086,,1.2,-0.1,1.1,0.0,2012-2013
301,98,Kirk Hinrich,PG,32,CHI,4,162,12.7,.521,.297,.378,0.7,7.8,4.2,23.2,2.7,0.5,15.6,14.9,,0.2,0.1,0.2,.064,,-1.5,2.2,0.7,0.1,2012-2013
302,99,Ryan Hollins,C,28,LAC,5,37,9.7,.557,.000,.222,10.7,6.7,8.6,9.0,0.0,4.1,16.8,15.6,,0.0,0.0,0.0,.036,,-3.7,-0.1,-3.8,0.0,2012-2013
303,100,Al Horford,C,26,ATL,6,218,19.1,.527,.000,.325,5.9,21.1,13.3,16.8,1.4,1.9,8.7,22.6,,0.3,0.3,0.6,.136,,2.3,1.3,3.6,0.3,2012-2013
304,101,Dwight Howard,C,27,LAL,4,126,19.0,.588,.000,.857,9.1,31.2,19.9,6.2,0.8,4.5,21.7,27.4,,0.0,0.1,0.0,.019,,-1.5,0.9,-0.6,0.0,2012-2013
305,102,Kris Humphries,PF,27,BRK,7,83,13.6,.455,.000,.226,14.1,19.1,16.6,2.1,0.7,2.6,5.5,20.5,,0.1,0.1,0.1,.086,,-2.7,-1.6,-4.3,0.0,2012-2013
306,103,Serge Ibaka,PF,23,OKC,11,366,17.1,.484,.067,.178,12.1,16.1,14.1,3.9,0.0,7.8,4.6,19.1,,0.5,0.5,1.0,.131,,0.9,-0.1,0.8,0.3,2012-2013
307,104,Andre Iguodala,SG,29,DEN,6,243,19.9,.621,.382,.329,4.0,20.9,11.6,21.3,2.4,0.7,16.3,18.3,,0.6,0.1,0.7,.140,,4.3,2.3,6.6,0.5,2012-2013
308,105,Ersan İlyasova,PF,25,MIL,4,117,15.9,.491,.217,.043,9.9,21.2,15.2,11.5,2.3,0.8,11.3,21.3,,0.0,0.1,0.1,.037,,1.1,-0.5,0.5,0.1,2012-2013
309,106,Jarrett Jack,SG,29,GSW,12,426,17.4,.588,.156,.312,1.9,11.5,7.0,21.6,1.3,0.7,17.8,22.3,,0.8,0.3,1.0,.118,,0.9,0.0,1.0,0.3,2012-2013
310,107,Reggie Jackson,PG,22,OKC,11,368,15.4,.581,.361,.244,1.2,15.1,8.3,19.3,0.7,1.4,13.7,19.0,,0.6,0.3,1.0,.126,,1.5,1.0,2.4,0.4,2012-2013
311,108,LeBron James,PF,28,MIA,23,960,28.1,.585,.222,.405,4.8,19.7,12.4,30.5,2.3,1.6,12.1,29.2,,3.7,1.5,5.2,.260,,8.4,2.0,10.4,3.0,2012-2013
312,109,Antawn Jamison,PF,36,LAL,4,79,10.0,.566,.522,.261,1.4,9.1,5.2,2.1,0.7,1.8,10.5,17.0,,0.0,0.0,0.0,.015,,-1.1,-1.1,-2.3,0.0,2012-2013
313,110,Richard Jefferson,SF,32,GSW,7,39,12.2,.502,.333,1.000,6.0,13.7,10.1,3.7,1.3,2.0,0.0,14.8,,0.1,0.0,0.1,.110,,0.3,-0.2,0.1,0.0,2012-2013
314,111,John Jenkins,SG,21,ATL,4,24,-5.7,.000,.333,.000,0.0,9.3,4.6,18.4,0.0,0.0,40.0,9.9,,-0.1,0.0,-0.1,-0.203,,-9.4,-4.0,-13.3,-0.1,2012-2013
315,112,Brandon Jennings,PG,23,MIL,4,133,9.9,.408,.491,.316,0.9,7.9,4.2,21.3,3.6,0.7,14.5,26.9,,-0.3,0.1,-0.3,-0.094,,-2.0,-0.8,-2.8,0.0,2012-2013
316,113,Ivan Johnson,PF,28,ATL,6,108,11.3,.531,.000,.692,8.9,11.4,10.1,4.9,1.9,2.3,15.0,17.6,,0.1,0.1,0.2,.089,,-3.5,0.9,-2.6,0.0,2012-2013
317,114,Joe Johnson,SG,31,BRK,7,271,11.7,.486,.379,.087,1.7,8.1,4.9,12.1,1.6,0.0,10.1,20.7,,0.1,0.2,0.2,.042,,-0.7,-1.1,-1.8,0.0,2012-2013
318,115,Orlando Johnson,SG,23,IND,12,28,1.9,.334,.273,.818,0.0,12.1,6.3,6.0,0.0,0.0,6.3,26.6,,-0.1,0.0,-0.1,-0.113,,-2.3,-3.4,-5.7,0.0,2012-2013
319,116,Dahntay Jones,SF,32,ATL,5,19,0.2,.410,.000,.500,0.0,5.9,2.9,0.0,0.0,0.0,17.0,14.7,,0.0,0.0,0.0,-0.090,,-6.7,-3.7,-10.4,0.0,2012-2013
320,117,Dwayne Jones,PF,29,GSW,2,2,0.0,0,0,0,0.0,0.0,0.0,0.0,0.0,0.0,0,0.0,,0.0,0.0,0.0,-0.012,,-4.6,-5.1,-9.7,0.0,2012-2013
321,118,James Jones,SF,32,MIA,9,33,6.0,.643,.571,.000,0.0,11.0,5.6,0.0,0.0,2.6,22.2,13.2,,0.0,0.0,0.0,.019,,-0.7,-1.2,-1.9,0.0,2012-2013
322,119,Perry Jones,SF,21,OKC,1,5,-5.4,.000,.000,.000,0.0,22.3,11.2,0.0,0.0,0.0,0.0,9.2,,0.0,0.0,0.0,-0.182,,-7.5,-2.7,-10.2,0.0,2012-2013
323,120,Terrence Jones,PF,21,HOU,2,35,10.9,.353,.200,.300,15.7,32.4,23.9,4.8,0.0,2.5,8.1,15.5,,0.0,0.0,0.0,-0.015,,-0.7,-2.5,-3.1,0.0,2012-2013
324,121,DeAndre Jordan,C,24,LAC,6,144,7.3,.424,.000,.409,13.8,19.8,16.9,1.0,0.4,5.3,25.7,11.8,,-0.1,0.0,-0.1,-0.038,,-2.8,-1.7,-4.5,-0.1,2012-2013
325,122,Cory Joseph,PG,21,SAS,20,192,13.2,.485,.196,.196,4.9,13.3,9.3,19.7,1.7,0.8,14.1,17.5,,0.1,0.2,0.4,.088,,-1.8,1.3,-0.5,0.1,2012-2013
326,123,Jason Kidd,SG,39,NYK,12,247,5.1,.213,.680,.080,3.1,18.2,10.1,14.4,2.7,1.6,33.4,7.6,,-0.4,0.5,0.1,.014,,-4.0,1.9,-2.1,0.0,2012-2013
327,124,Kyle Korver,SF,31,ATL,6,177,10.1,.562,.694,.245,0.0,12.7,6.2,3.9,0.6,1.9,10.0,16.2,,0.1,0.1,0.2,.065,,-0.1,-0.5,-0.6,0.1,2012-2013
328,125,Kosta Koufos,C,23,DEN,6,100,10.0,.462,.053,.316,9.6,15.6,12.3,4.3,1.5,3.4,8.5,10.1,,0.1,0.0,0.1,.064,,-1.4,0.5,-1.0,0.0,2012-2013
329,126,Carl Landry,PF,29,GSW,12,246,21.3,.578,.000,.520,10.5,17.4,14.1,11.9,1.5,0.6,13.4,25.7,,0.6,0.2,0.9,.168,,1.5,0.7,2.2,0.3,2012-2013
330,127,Ty Lawson,PG,25,DEN,6,236,20.4,.518,.193,.303,2.3,8.3,5.0,35.6,2.1,0.0,9.5,24.7,,0.6,0.0,0.6,.127,,3.5,0.0,3.5,0.3,2012-2013
331,128,Courtney Lee,SG,27,BOS,4,39,6.6,.444,.400,.800,0.0,5.6,3.1,4.6,2.8,0.0,0.0,8.8,,0.0,0.1,0.1,.091,,-4.7,2.6,-2.1,0.0,2012-2013
332,129,David Lee,PF,29,GSW,6,65,16.5,.421,.000,.182,10.9,36.2,24.2,13.0,2.4,1.2,12.3,27.9,,-0.1,0.1,0.1,.038,,0.6,1.7,2.2,0.1,2012-2013
333,130,Kawhi Leonard,SF,21,SAS,21,775,18.9,.611,.280,.232,7.7,20.1,14.1,4.6,2.6,1.1,9.0,15.6,,1.7,1.4,3.1,.194,,2.5,2.5,5.1,1.4,2012-2013
334,131,Jon Leuer,PF,23,MEM,5,11,21.4,.500,.000,.000,20.6,11.5,16.3,0.0,4.9,7.7,0.0,8.5,,0.0,0.0,0.1,.229,,3.0,3.4,6.4,0.0,2012-2013
335,132,Rashard Lewis,PF,33,MIA,11,47,6.7,.407,.200,.100,2.7,15.5,9.2,14.9,2.3,3.6,22.3,27.7,,-0.2,0.1,-0.1,-0.120,,-7.3,-0.1,-7.4,-0.1,2012-2013
336,133,DeAndre Liggins,SG,24,OKC,8,68,3.2,.372,.556,.444,0.0,22.9,11.6,8.7,0.8,1.3,15.7,8.6,,-0.1,0.1,0.0,.008,,-5.9,1.2,-4.7,0.0,2012-2013
337,134,Jeremy Lin,PG,24,HOU,4,84,-0.4,.322,.500,.083,0.0,10.8,5.3,14.8,1.2,1.1,24.3,17.2,,-0.3,0.0,-0.3,-0.173,,-7.5,-2.2,-9.7,-0.2,2012-2013
338,135,Brook Lopez,C,24,BRK,7,263,25.2,.548,.008,.358,12.9,10.7,11.8,7.3,1.2,5.8,10.1,28.4,,0.7,0.3,1.0,.189,,3.6,0.0,3.6,0.4,2012-2013
339,136,Scott Machado,PG,22,GSW,5,8,6.8,.521,.000,1.000,0.0,13.4,7.0,18.7,0.0,0.0,25.8,21.6,,0.0,0.0,0.0,-0.040,,-5.6,-5.7,-11.4,0.0,2012-2013
340,137,Shelvin Mack,PG,22,ATL,4,22,32.1,.556,.556,.000,14.6,20.4,17.4,63.8,0.0,0.0,0.0,19.4,,0.1,0.0,0.2,.361,,14.0,0.3,14.2,0.1,2012-2013
341,138,Ian Mahinmi,C,26,IND,18,150,7.6,.434,.000,.345,16.4,16.5,16.4,1.1,0.0,7.1,26.4,14.1,,-0.2,0.2,0.0,.005,,-5.2,1.5,-3.7,-0.1,2012-2013
342,139,Kenyon Martin,C,35,NYK,12,253,16.2,.587,.000,.400,7.0,19.3,12.7,7.6,2.0,6.7,12.0,12.7,,0.4,0.6,1.0,.193,,-0.9,3.6,2.8,0.3,2012-2013
343,140,Kevin Martin,SG,29,OKC,11,323,14.2,.521,.357,.333,0.7,11.0,5.9,7.6,1.1,0.8,6.9,22.5,,0.4,0.2,0.6,.095,,0.9,-0.5,0.4,0.2,2012-2013
344,141,Luc Mbah a Moute,SF,26,MIL,4,136,9.3,.534,.174,.783,3.4,9.6,6.3,8.3,1.6,0.0,13.9,12.4,,0.1,0.0,0.1,.029,,-2.5,0.6,-2.0,0.0,2012-2013
345,142,JaVale McGee,C,25,DEN,6,112,14.1,.552,.000,.581,16.2,16.3,16.2,0.0,1.8,4.5,22.0,19.0,,0.0,0.1,0.1,.030,,-2.7,-0.9,-3.6,0.0,2012-2013
346,143,Tracy McGrady,SF,33,SAS,6,31,7.0,.000,.429,.000,3.8,25.1,14.8,29.3,3.5,7.4,22.2,13.7,,-0.1,0.1,-0.1,-0.094,,-5.8,2.7,-3.1,0.0,2012-2013
347,144,Jodie Meeks,SG,25,LAL,1,20,1.6,.410,.500,.500,5.7,6.0,5.8,0.0,2.6,0.0,29.1,16.1,,-0.1,0.0,-0.1,-0.141,,-6.8,0.1,-6.7,0.0,2012-2013
348,145,Andre Miller,PG,36,DEN,6,154,16.3,.519,.159,.391,7.6,7.6,7.6,25.5,0.6,0.0,16.5,26.9,,0.2,0.0,0.1,.037,,2.6,-2.9,-0.3,0.1,2012-2013
349,146,Mike Miller,SF,32,MIA,17,232,12.1,.644,.800,.000,1.6,15.7,8.8,10.0,1.9,0.7,10.0,10.4,,0.4,0.3,0.7,.146,,1.4,1.4,2.8,0.3,2012-2013
350,147,Patty Mills,PG,24,SAS,9,31,13.5,.600,.700,.000,3.8,7.2,5.5,10.6,0.0,0.0,9.1,16.8,,0.1,0.0,0.1,.119,,0.7,-1.0,-0.3,0.0,2012-2013
351,148,Nazr Mohammed,C,35,CHI,12,114,20.0,.522,.000,.171,14.6,20.0,17.2,6.7,1.0,5.1,6.4,19.5,,0.2,0.1,0.3,.134,,0.2,1.3,1.6,0.1,2012-2013
352,149,Darius Morris,PG,22,LAL,4,105,13.0,.539,.257,.257,1.1,4.5,2.8,20.2,1.0,0.0,13.3,20.0,,0.1,-0.1,0.0,.015,,-0.5,-1.4,-1.8,0.0,2012-2013
353,150,Donatas Motiejūnas,PF,22,HOU,1,5,53.6,1.025,.000,.500,22.0,0.0,11.2,0.0,0.0,0.0,0.0,21.5,,0.1,0.0,0.1,.524,,22.4,2.6,25.0,0.0,2012-2013
354,151,Steve Nash,PG,38,LAL,2,61,14.5,.496,.130,.217,3.7,5.9,4.8,26.6,0.0,0.0,10.6,21.6,,0.1,0.0,0.0,.014,,2.0,-3.0,-1.0,0.0,2012-2013
355,152,Gary Neal,SG,28,SAS,21,390,9.0,.503,.489,.119,0.3,12.5,6.6,6.0,0.4,0.2,8.4,18.8,,0.1,0.3,0.4,.052,,-2.3,-0.6,-2.9,-0.1,2012-2013
356,153,Joakim Noah,C,27,CHI,12,409,16.7,.474,.000,.328,15.1,19.5,17.2,11.7,1.3,5.3,15.0,18.5,,0.3,0.3,0.6,.074,,-0.3,1.2,0.9,0.3,2012-2013
357,154,Steve Novak,SF,29,NYK,9,50,15.1,.692,.692,.000,4.4,5.1,4.7,0.0,1.1,0.0,0.0,12.5,,0.2,0.1,0.2,.207,,3.2,0.2,3.4,0.1,2012-2013
358,155,Lamar Odom,PF,33,LAC,6,107,10.4,.460,.467,.200,4.9,22.0,13.8,16.3,2.5,3.6,23.5,19.3,,-0.1,0.1,-0.1,-0.030,,-1.6,2.3,0.8,0.1,2012-2013
359,156,Tony Parker,PG,30,SAS,21,765,21.5,.521,.085,.307,2.2,7.8,5.1,34.6,1.7,0.3,11.3,28.9,,1.7,0.8,2.4,.152,,3.8,0.0,3.8,1.1,2012-2013
360,157,Chandler Parsons,SF,24,HOU,6,238,13.5,.550,.430,.151,3.2,15.2,9.1,17.2,0.2,0.7,15.4,21.7,,0.2,-0.1,0.2,.035,,1.5,-1.0,0.5,0.1,2012-2013
361,158,Chris Paul,PG,27,LAC,6,224,29.2,.633,.207,.402,1.8,11.6,6.9,33.0,2.7,0.0,7.7,25.4,,1.2,0.0,1.2,.267,,8.3,1.4,9.7,0.7,2012-2013
362,159,Kendrick Perkins,C,28,OKC,11,210,-0.6,.302,.026,.105,8.1,13.8,11.0,5.0,2.0,2.1,36.6,13.7,,-0.7,0.3,-0.5,-0.110,,-8.8,0.3,-8.5,-0.3,2012-2013
363,160,Johan Petro,C,27,ATL,6,101,10.5,.520,.000,.074,4.2,20.0,11.9,7.3,0.5,3.3,9.7,14.5,,0.0,0.1,0.2,.079,,-3.3,1.5,-1.8,0.0,2012-2013
364,161,Paul Pierce,SF,35,BOS,6,255,10.6,.484,.387,.274,2.1,13.0,8.0,29.1,1.1,1.0,21.2,30.1,,-0.6,0.4,-0.2,-0.030,,-1.2,-0.3,-1.6,0.0,2012-2013
365,162,Quincy Pondexter,SF,24,MEM,15,357,14.3,.625,.564,.298,2.9,10.3,6.4,5.4,1.7,0.5,7.8,15.1,,0.8,0.3,1.0,.141,,1.4,2.0,3.4,0.5,2012-2013
366,163,Pablo Prigioni,PG,35,NYK,11,230,13.8,.547,.698,.093,1.0,8.4,4.4,24.8,3.4,0.4,11.8,10.6,,0.4,0.4,0.8,.171,,0.7,2.6,3.4,0.3,2012-2013
367,164,Tayshaun Prince,SF,32,MEM,15,454,7.7,.400,.157,.190,3.0,12.5,7.5,10.6,0.8,0.9,7.1,14.5,,-0.2,0.3,0.1,.011,,-2.3,0.2,-2.0,0.0,2012-2013
368,165,Vladimir Radmanović,PF,32,CHI,1,10,53.8,1.500,1.000,.000,0.0,0.0,0.0,24.4,11.0,0.0,25.0,18.9,,0.1,0.0,0.1,.414,,24.5,14.9,39.4,0.1,2012-2013
369,166,Anthony Randolph,PF,23,DEN,5,30,34.1,.821,.000,1.000,0.0,26.1,11.7,0.0,3.3,0.0,11.2,25.4,,0.2,0.0,0.2,.317,,6.1,3.5,9.6,0.1,2012-2013
370,167,Shavlik Randolph,PF,29,BOS,1,3,8.7,0,0,0,0.0,100.0,60.0,0.0,0.0,0.0,0,0.0,,0.0,0.0,0.0,.254,,-8.0,5.0,-3.0,0.0,2012-2013
371,168,Zach Randolph,PF,31,MEM,15,554,17.7,.509,.005,.437,12.1,20.8,16.2,8.4,1.0,1.1,10.8,24.2,,0.7,0.6,1.3,.111,,0.7,-0.3,0.4,0.3,2012-2013
372,169,JJ Redick,SG,28,MIL,4,69,8.3,.551,.480,.120,0.0,5.7,2.7,13.6,0.8,0.0,18.6,22.1,,0.0,0.0,-0.1,-0.042,,-3.0,-1.3,-4.4,0.0,2012-2013
373,170,Quentin Richardson,SF,32,NYK,5,14,12.6,.500,.833,.000,7.9,18.4,12.7,0.0,0.0,0.0,0.0,20.6,,0.0,0.0,0.0,.143,,2.5,-1.8,0.7,0.0,2012-2013
374,171,Nate Robinson,PG,28,CHI,12,404,15.6,.539,.399,.252,1.8,8.1,4.9,24.5,1.6,0.4,15.0,24.9,,0.5,0.0,0.5,.060,,1.1,-0.7,0.4,0.2,2012-2013
375,172,Robert Sacre,C,23,LAL,2,4,10.7,.000,.000,.000,0.0,59.6,29.2,0.0,13.0,0.0,0.0,11.7,,0.0,0.0,0.0,-0.096,,-3.6,6.0,2.4,0.0,2012-2013
376,173,Larry Sanders,C,24,MIL,4,113,14.3,.568,.000,.333,11.3,25.4,17.9,8.4,1.4,4.0,24.1,20.8,,0.0,0.1,0.0,.015,,-3.7,1.1,-2.7,0.0,2012-2013
377,174,Mike Scott,PF,24,ATL,4,20,25.2,.553,.100,.400,5.4,33.6,19.2,11.6,0.0,0.0,0.0,27.9,,0.1,0.0,0.1,.229,,4.7,-1.3,3.3,0.0,2012-2013
378,175,Thabo Sefolosha,SG,28,OKC,11,300,10.5,.478,.623,.180,4.9,13.4,9.2,11.8,2.1,1.4,10.8,11.3,,0.2,0.4,0.6,.093,,-0.2,1.7,1.5,0.3,2012-2013
379,176,Iman Shumpert,SG,22,NYK,12,337,14.2,.528,.420,.140,5.9,20.6,12.7,8.4,2.1,0.9,11.7,17.2,,0.3,0.7,1.0,.143,,0.6,1.7,2.3,0.4,2012-2013
380,177,Greg Smith,C,22,HOU,5,59,13.0,.630,.000,1.333,13.0,11.5,12.3,0.0,1.7,3.0,21.9,13.6,,0.1,0.0,0.1,.072,,-1.4,0.3,-1.1,0.0,2012-2013
381,178,Ish Smith,PG,24,MIL,4,11,0.8,.000,.000,.000,0.0,11.9,5.6,39.4,0.0,0.0,50.0,8.6,,0.0,0.0,0.0,-0.145,,-6.9,-3.0,-9.9,0.0,2012-2013
382,179,J.R. Smith,SG,27,NYK,11,351,10.7,.432,.405,.264,1.9,16.8,8.8,8.0,1.7,1.4,9.9,27.7,,-0.5,0.6,0.1,.011,,-0.7,-1.2,-1.9,0.0,2012-2013
383,180,Josh Smith,PF,27,ATL,6,199,17.3,.482,.222,.400,5.4,19.7,12.4,21.8,2.9,1.2,13.1,29.1,,-0.1,0.3,0.2,.054,,1.1,1.9,3.0,0.3,2012-2013
384,181,Tiago Splitter,PF,28,SAS,19,388,13.5,.589,.012,.393,6.4,10.6,8.6,9.1,2.1,2.8,19.6,14.9,,0.4,0.6,1.0,.122,,-1.8,2.4,0.6,0.2,2012-2013
385,182,Jerry Stackhouse,SF,38,BRK,4,28,-8.1,.213,.700,.400,4.2,13.1,8.5,0.0,0.0,0.0,14.5,23.1,,-0.2,0.0,-0.2,-0.294,,-10.9,-6.1,-17.0,-0.1,2012-2013
386,183,Lance Stephenson,SG,22,IND,19,673,11.3,.483,.379,.219,2.6,21.8,12.6,16.6,1.9,0.2,16.3,15.4,,0.2,0.9,1.1,.076,,-1.8,2.7,0.9,0.5,2012-2013
387,184,DeShawn Stevenson,SG,31,ATL,4,45,9.2,.900,1.000,.000,7.1,17.4,12.2,3.6,0.0,0.0,28.6,7.4,,0.1,0.0,0.1,.107,,-0.1,-1.5,-1.5,0.0,2012-2013
388,185,Julyan Stone,PG,24,DEN,2,13,5.9,1.136,0,0,0.0,0.0,0.0,9.9,0.0,0.0,0.0,2.9,,0.0,0.0,0.0,.126,,-3.6,0.5,-3.1,0.0,2012-2013
389,186,Amar'e Stoudemire,PF,30,NYK,4,33,9.8,.508,.077,.308,13.3,19.5,16.2,0.0,0.0,0.0,16.9,25.9,,0.0,0.0,0.0,.066,,-3.1,-3.7,-6.9,0.0,2012-2013
390,187,Tyshawn Taylor,PG,22,BRK,2,2,-21.7,.000,.000,.000,0.0,0.0,0.0,0.0,0.0,0.0,0.0,23.5,,0.0,0.0,0.0,-0.550,,-16.8,-10.1,-27.0,0.0,2012-2013
391,188,Jeff Teague,PG,24,ATL,6,213,10.9,.429,.123,.346,1.5,7.4,4.4,25.4,2.2,0.8,13.0,23.9,,-0.2,0.2,0.0,-0.011,,-1.6,-0.9,-2.6,0.0,2012-2013
392,189,Marquis Teague,PG,19,CHI,8,72,4.4,.294,.294,.000,0.0,5.3,2.6,26.0,1.5,1.2,10.5,12.5,,-0.1,0.0,-0.1,-0.049,,-5.7,0.8,-4.9,-0.1,2012-2013
393,190,Mirza Teletović,PF,27,BRK,1,1,0.0,0,0,0,0.0,0.0,0.0,0.0,0.0,0.0,0,0.0,,0.0,0.0,0.0,-0.005,,-1.5,-2.9,-4.4,0.0,2012-2013
394,191,Jason Terry,SG,35,BOS,6,189,14.8,.612,.630,.204,0.0,7.6,4.1,13.9,1.2,0.9,7.8,17.2,,0.3,0.3,0.6,.147,,1.9,1.6,3.5,0.3,2012-2013
395,192,Hasheem Thabeet,C,25,OKC,4,26,-0.7,.500,.000,.000,4.4,21.4,13.0,0.0,2.0,0.0,50.0,7.0,,0.0,0.0,0.0,-0.016,,-8.7,0.8,-7.9,0.0,2012-2013
396,193,Malcolm Thomas,PF,24,CHI,3,6,31.8,.357,.000,2.500,79.3,0.0,40.9,0.0,0.0,0.0,0.0,33.1,,0.0,0.0,0.0,.079,,17.1,-12.6,4.5,0.0,2012-2013
397,194,Klay Thompson,SG,22,GSW,12,495,10.1,.515,.339,.034,2.1,9.9,6.2,7.0,1.2,1.1,12.0,18.1,,0.1,0.3,0.4,.042,,-1.3,0.1,-1.2,0.1,2012-2013
398,195,Anthony Tolliver,SF,27,ATL,6,68,15.2,.783,.786,.214,4.7,9.9,7.2,2.6,0.8,1.2,6.1,11.4,,0.2,0.0,0.2,.169,,3.9,1.3,5.2,0.1,2012-2013
399,196,Ronny Turiaf,C,30,LAC,5,59,11.0,.680,.000,.400,9.0,8.4,8.7,0.0,0.9,3.9,14.5,11.3,,0.1,0.0,0.1,.081,,-2.1,0.7,-1.5,0.0,2012-2013
400,197,Ekpe Udoh,C,25,MIL,4,54,9.1,.444,.000,.000,6.4,7.3,6.8,3.0,2.0,3.4,0.0,7.9,,0.0,0.0,0.0,.036,,-2.1,0.9,-1.2,0.0,2012-2013
401,198,Dwyane Wade,SG,31,MIA,22,782,18.7,.498,.013,.254,6.1,9.9,8.1,24.2,2.7,2.5,14.2,25.3,,0.7,1.0,1.8,.108,,2.6,0.5,3.1,1.0,2012-2013
402,199,Gerald Wallace,SF,30,BRK,7,243,14.0,.554,.433,.299,2.4,11.5,6.9,11.5,1.8,1.5,10.6,16.4,,0.3,0.2,0.5,.109,,1.2,1.3,2.5,0.3,2012-2013
403,200,C.J. Watson,PG,28,BRK,7,161,15.3,.498,.273,.218,3.6,9.1,6.3,13.7,1.7,0.5,1.6,17.9,,0.3,0.1,0.4,.127,,0.9,0.3,1.2,0.1,2012-2013
404,201,David West,PF,32,IND,19,689,16.1,.520,.012,.378,7.3,16.8,12.3,11.3,1.0,1.8,13.4,22.7,,0.8,0.8,1.6,.109,,1.0,0.7,1.7,0.6,2012-2013
405,202,Russell Westbrook,PG,24,OKC,2,68,25.6,.509,.220,.341,1.7,19.6,10.7,43.9,4.6,0.0,14.5,37.1,,0.1,0.1,0.2,.144,,1.7,2.1,3.8,0.1,2012-2013
406,203,James White,SF,30,NYK,4,9,17.0,.500,.500,.000,12.2,14.3,13.2,0.0,0.0,0.0,0.0,21.4,,0.0,0.0,0.0,.144,,-0.6,-2.2,-2.8,0.0,2012-2013
407,204,Chris Wilcox,C,30,BOS,2,6,5.0,0,0,0,0.0,36.7,20.0,0.0,0.0,0.0,0,0.0,,0.0,0.0,0.0,.103,,-3.9,0.4,-3.4,0.0,2012-2013
408,205,Deron Williams,PG,28,BRK,7,292,20.6,.572,.406,.425,0.4,8.8,4.5,34.6,1.3,1.0,14.3,23.7,,0.8,0.2,1.0,.169,,4.9,-0.6,4.4,0.5,2012-2013
409,206,Terrence Williams,SF,25,BOS,5,48,0.6,.230,.300,.200,2.7,20.7,12.5,23.1,0.0,1.8,26.9,15.8,,-0.2,0.1,-0.1,-0.130,,-7.4,-0.5,-7.9,-0.1,2012-2013
410,207,Metta World Peace,SF,33,LAL,3,84,4.5,.312,.500,.071,8.2,7.1,7.6,9.4,1.2,0.9,9.4,17.7,,-0.2,0.0,-0.2,-0.128,,-3.2,-2.5,-5.7,-0.1,2012-2013
411,208,Tony Wroten,SG,19,MEM,6,17,5.4,.313,.182,.364,6.7,22.3,14.1,20.4,3.2,0.0,13.6,40.5,,-0.1,0.0,-0.1,-0.224,,-6.2,-1.8,-8.0,0.0,2012-2013
412,209,Sam Young,SG,27,IND,15,130,8.1,.472,.417,.333,10.4,15.6,13.1,5.1,1.7,0.6,20.3,12.4,,0.0,0.1,0.2,.055,,-2.8,1.7,-1.1,0.0,2012-2013
413,1,Steven Adams,C,20,OKC,18,331,11.0,.635,.000,.511,8.0,16.9,12.7,1.9,0.2,5.4,15.4,9.0,,0.3,0.4,0.7,.099,,-1.7,1.5,-0.2,0.2,2013-2014
414,2,LaMarcus Aldridge,PF,28,POR,11,441,21.0,.509,.012,.300,7.5,21.2,14.4,7.0,0.8,3.0,6.3,30.1,,0.6,0.3,0.9,.097,,2.7,-0.7,2.1,0.4,2013-2014
415,3,Lavoy Allen,PF,24,IND,4,15,14.3,.500,.000,.000,8.2,31.5,20.1,11.8,0.0,0.0,0.0,13.0,,0.0,0.0,0.0,.144,,0.8,-1.0,-0.2,0.0,2013-2014
416,4,Ray Allen,SG,38,MIA,20,527,12.8,.581,.594,.259,3.4,13.2,8.5,9.7,1.5,0.7,13.1,17.8,,0.6,0.3,0.9,.080,,1.1,-0.9,0.2,0.3,2013-2014
417,5,Tony Allen,SG,32,MEM,7,230,15.6,.529,.097,.292,10.7,15.8,13.1,7.6,2.8,0.4,12.9,18.6,,0.2,0.3,0.5,.097,,-0.1,2.2,2.1,0.2,2013-2014
418,6,Chris Andersen,C,35,MIA,18,317,17.7,.624,.018,.667,11.3,32.9,22.5,2.5,0.9,5.3,10.9,13.3,,0.7,0.5,1.2,.175,,1.0,0.1,1.2,0.3,2013-2014
419,7,Alan Anderson,SF,31,BRK,12,261,9.3,.508,.500,.290,4.6,11.2,7.7,9.1,2.1,0.0,12.5,15.0,,0.1,0.1,0.2,.044,,-2.4,0.6,-1.8,0.0,2013-2014
420,8,Pero Antić,C,31,ATL,7,170,-1.1,.242,.595,.190,6.3,12.1,9.0,5.0,1.6,1.5,14.9,14.6,,-0.6,0.3,-0.3,-0.098,,-7.8,-2.0,-9.8,-0.3,2013-2014
421,9,Trevor Ariza,SF,28,WAS,11,407,17.6,.626,.519,.250,6.0,22.0,13.9,8.0,2.3,0.8,10.5,15.5,,0.8,0.9,1.7,.202,,3.3,1.9,5.2,0.7,2013-2014
422,10,Hilton Armstrong,C,29,GSW,7,17,5.4,.450,.125,.250,19.8,6.9,13.5,20.9,0.0,10.1,31.1,32.3,,-0.1,0.0,-0.1,-0.218,,-12.3,0.0,-12.3,0.0,2013-2014
423,11,Ömer Aşık,C,27,HOU,6,163,9.1,.510,.000,.091,13.8,19.4,16.5,3.5,1.0,2.0,24.3,11.8,,0.0,0.1,0.1,.026,,-3.7,-0.3,-4.0,-0.1,2013-2014
424,12,D.J. Augustin,PG,26,CHI,5,141,9.5,.411,.361,.264,3.2,3.4,3.3,32.2,1.2,0.0,10.1,30.5,,-0.2,0.1,-0.1,-0.031,,-0.5,-2.5,-3.0,0.0,2013-2014
425,13,Jeff Ayres,PF,26,SAS,17,65,13.0,.515,.000,.615,11.1,22.8,17.1,10.5,0.0,0.0,5.7,12.5,,0.1,0.1,0.2,.158,,0.5,0.6,1.0,0.1,2013-2014
426,14,Harrison Barnes,SF,21,GSW,7,156,9.9,.500,.438,.333,5.0,15.8,10.3,7.6,0.3,1.6,8.3,16.4,,0.1,0.0,0.1,.033,,0.1,-0.1,0.0,0.1,2013-2014
427,15,Matt Barnes,SF,33,LAC,13,404,9.7,.529,.561,.178,6.0,10.6,8.2,8.0,1.5,0.6,12.8,14.2,,0.2,0.2,0.4,.047,,0.0,-0.5,-0.5,0.2,2013-2014
428,16,Will Barton,SG,23,POR,7,81,17.4,.614,.324,.176,6.8,9.3,8.0,6.5,0.6,1.8,14.1,23.1,,0.1,0.0,0.1,.085,,4.7,1.3,6.0,0.2,2013-2014
429,17,Shane Battier,SF,35,MIA,16,202,5.8,.656,.769,.192,0.7,5.7,3.3,3.7,1.4,0.5,15.1,8.4,,0.1,0.1,0.2,.049,,-1.7,-0.3,-2.0,0.0,2013-2014
430,18,Nicolas Batum,SF,25,POR,11,459,14.5,.562,.423,.106,2.4,17.3,9.9,18.3,1.5,0.8,15.9,16.9,,0.4,0.2,0.7,.070,,2.5,0.8,3.3,0.6,2013-2014
431,19,Aron Baynes,C,27,SAS,14,101,11.5,.563,.042,.417,14.3,21.5,18.0,0.0,1.5,0.0,19.8,16.3,,0.1,0.2,0.2,.108,,-3.3,-0.2,-3.5,0.0,2013-2014
432,20,Bradley Beal,SG,20,WAS,11,458,17.0,.531,.299,.277,3.8,10.2,7.0,19.9,2.1,1.2,10.4,22.9,,0.6,0.8,1.4,.152,,3.3,1.4,4.7,0.8,2013-2014
433,21,Michael Beasley,SF,25,MIA,4,23,14.6,.486,.000,.300,12.0,11.2,11.6,16.7,0.0,0.0,8.1,27.4,,0.0,0.0,0.0,.031,,0.3,-2.3,-2.0,0.0,2013-2014
434,22,Marco Belinelli,SF,27,SAS,23,356,11.0,.575,.384,.222,1.4,15.4,8.6,7.6,0.4,0.0,9.9,15.7,,0.4,0.4,0.8,.107,,-1.2,-0.1,-1.4,0.1,2013-2014
435,23,Patrick Beverley,PG,25,HOU,6,202,8.9,.478,.440,.200,6.9,6.7,6.8,7.6,0.8,0.8,6.8,12.3,,0.2,0.0,0.2,.048,,-0.7,-0.4,-1.0,0.0,2013-2014
436,24,Bismack Biyombo,C,21,CHA,3,48,11.2,.524,.000,1.200,12.6,16.3,14.4,3.3,0.0,3.7,0.0,7.6,,0.1,0.0,0.1,.103,,-1.0,-0.6,-1.6,0.0,2013-2014
437,25,DeJuan Blair,PF,24,DAL,6,81,28.8,.611,.000,.481,18.7,36.0,26.6,2.0,7.7,0.0,13.3,21.0,,0.2,0.2,0.4,.255,,3.6,3.8,7.4,0.2,2013-2014
438,26,Steve Blake,PG,33,GSW,6,45,3.1,.442,.833,.083,2.5,7.8,5.1,6.3,0.0,0.0,13.9,13.7,,0.0,0.0,-0.1,-0.064,,-2.6,-3.7,-6.3,0.0,2013-2014
439,27,Andray Blatche,PF,27,BRK,12,172,19.7,.541,.034,.517,17.5,27.0,22.0,4.1,1.9,1.1,12.3,23.1,,0.3,0.2,0.5,.141,,0.3,-1.5,-1.2,0.0,2013-2014
440,28,Matt Bonner,PF,33,SAS,22,136,8.8,.593,.571,.190,1.8,10.1,6.0,10.8,0.8,0.6,8.1,8.5,,0.2,0.1,0.3,.122,,0.0,2.2,2.2,0.1,2013-2014
441,29,Trevor Booker,PF,26,WAS,9,146,12.6,.474,.069,.207,12.6,18.3,15.5,8.8,0.7,5.0,8.7,11.2,,0.1,0.3,0.5,.152,,-1.5,1.1,-0.4,0.1,2013-2014
442,30,Carlos Boozer,PF,32,CHI,5,121,11.7,.471,.000,.191,7.4,30.6,18.6,8.1,0.5,0.0,12.1,23.0,,-0.1,0.2,0.1,.035,,-2.7,-0.7,-3.4,0.0,2013-2014
443,31,Chris Bosh,C,29,MIA,20,686,18.2,.596,.323,.210,4.8,16.5,10.9,5.4,1.4,2.7,5.3,19.7,,1.4,0.6,2.0,.140,,2.9,-0.8,2.1,0.7,2013-2014
444,32,Elton Brand,C,34,ATL,7,81,9.8,.282,.000,.417,9.3,24.0,16.2,12.2,0.7,6.4,0.0,8.2,,0.0,0.2,0.2,.106,,-1.5,2.0,0.5,0.1,2013-2014
445,33,Reggie Bullock,SF,22,LAC,2,5,23.0,1.000,.000,.000,0.0,0.0,0.0,32.2,0.0,0.0,0.0,8.7,,0.0,0.0,0.0,.262,,8.8,4.0,12.8,0.0,2013-2014
446,34,Caron Butler,SF,33,OKC,18,419,6.8,.470,.546,.259,3.1,12.1,7.8,5.4,0.6,0.4,8.4,14.3,,0.0,0.2,0.3,.030,,-1.7,-1.0,-2.7,-0.1,2013-2014
447,35,Jimmy Butler,SG,24,CHI,5,218,11.4,.507,.351,.404,3.1,11.0,6.9,8.8,1.5,0.0,4.3,15.5,,0.2,0.2,0.4,.096,,-0.9,1.2,0.3,0.1,2013-2014
448,36,Rasual Butler,SG,34,IND,11,70,9.1,.598,.800,.133,0.0,10.1,5.2,2.3,0.8,1.3,5.9,11.8,,0.1,0.1,0.1,.093,,0.6,0.1,0.7,0.0,2013-2014
449,37,José Calderón,PG,32,DAL,7,191,13.1,.550,.354,.015,1.1,4.6,2.7,24.7,0.3,0.0,9.7,17.1,,0.4,0.0,0.3,.085,,2.1,-1.3,0.7,0.1,2013-2014
450,38,DeMarre Carroll,SF,27,ATL,7,246,10.0,.576,.449,.224,5.2,10.8,7.9,8.3,1.1,1.1,12.9,11.7,,0.2,0.3,0.5,.107,,-0.4,0.1,-0.3,0.1,2013-2014
451,39,Vince Carter,SG,37,DAL,7,190,17.5,.593,.456,.206,4.0,12.0,7.7,13.7,0.8,0.9,7.5,19.0,,0.5,0.1,0.6,.141,,5.0,0.2,5.1,0.3,2013-2014
452,40,Mario Chalmers,PG,27,MIA,20,535,10.2,.525,.387,.225,0.5,10.6,5.7,20.7,2.0,1.1,19.7,14.5,,0.1,0.4,0.5,.044,,-1.5,-0.3,-1.8,0.0,2013-2014
453,41,Victor Claver,SF,25,POR,2,7,-9.7,.000,0,0,0.0,76.7,38.7,0.0,0.0,0.0,36.2,17.3,,-0.1,0.0,-0.1,-0.421,,-12.8,-1.7,-14.6,0.0,2013-2014
454,42,Norris Cole,PG,25,MIA,20,404,7.3,.544,.513,.192,0.3,6.7,3.6,13.5,1.2,0.2,18.3,13.1,,0.1,0.1,0.2,.021,,-2.2,-1.1,-3.2,-0.1,2013-2014
455,43,Darren Collison,PG,26,LAC,13,249,13.9,.501,.133,.500,4.4,8.1,6.2,18.3,1.2,0.3,9.9,21.2,,0.3,0.0,0.4,.070,,0.5,-1.3,-0.7,0.1,2013-2014
456,44,Nick Collison,PF,33,OKC,17,183,9.4,.494,.172,.345,7.8,15.3,11.8,10.5,1.1,2.9,15.2,9.8,,0.1,0.2,0.3,.084,,-1.9,1.6,-0.3,0.1,2013-2014
457,45,Mike Conley,PG,26,MEM,7,267,17.7,.489,.265,.255,2.0,11.9,6.7,37.0,2.8,0.3,11.7,22.1,,0.2,0.3,0.5,.088,,2.0,1.9,3.9,0.4,2013-2014
458,46,Chris Copeland,SF,29,IND,12,82,10.6,.563,.571,.321,1.5,5.8,3.7,2.2,2.0,3.4,13.5,22.0,,0.0,0.1,0.1,.055,,-1.2,-1.1,-2.3,0.0,2013-2014
459,47,Jamal Crawford,SG,33,LAC,13,313,16.7,.531,.462,.257,1.8,5.3,3.5,13.8,1.9,0.5,7.3,28.5,,0.4,0.1,0.5,.079,,3.7,-1.1,2.6,0.4,2013-2014
460,48,Jordan Crawford,SG,25,GSW,6,57,11.0,.472,.212,.424,7.9,10.3,9.1,6.0,0.9,0.0,11.3,33.0,,0.0,0.0,0.0,-0.037,,-2.0,-3.4,-5.4,0.0,2013-2014
461,49,Jae Crowder,SF,23,DAL,7,81,6.9,.528,.389,.000,5.3,12.5,8.6,3.4,1.3,1.0,14.3,11.7,,0.0,0.0,0.1,.034,,-3.0,0.5,-2.5,0.0,2013-2014
462,50,Stephen Curry,PG,25,GSW,7,296,18.8,.599,.491,.362,1.5,8.3,4.8,31.9,2.0,0.3,16.2,23.1,,0.8,0.0,0.8,.131,,4.3,0.2,4.4,0.5,2013-2014
463,51,Samuel Dalembert,C,32,DAL,7,135,17.2,.523,.000,.625,18.4,33.8,25.5,0.0,0.8,6.0,11.6,11.6,,0.2,0.2,0.4,.146,,0.4,-0.1,0.4,0.1,2013-2014
464,52,Troy Daniels,SG,22,HOU,4,68,17.5,.807,.882,.294,4.7,10.0,7.3,2.2,1.5,0.0,9.4,13.3,,0.3,0.0,0.3,.209,,3.8,1.2,5.0,0.1,2013-2014
465,53,Ed Davis,PF,24,MEM,7,25,16.9,.287,.000,.100,34.2,32.9,33.6,0.0,2.2,10.4,16.1,22.9,,-0.1,0.1,0.0,-0.028,,-2.4,-2.5,-4.9,0.0,2013-2014
466,54,Glen Davis,PF,28,LAC,13,158,13.1,.610,.000,.000,9.8,16.6,13.1,8.6,0.9,1.6,14.6,13.2,,0.2,0.1,0.3,.097,,-0.6,0.8,0.2,0.1,2013-2014
467,55,Austin Daye,SF,25,SAS,1,6,-11.5,.000,.000,.000,0.0,19.0,9.8,0.0,0.0,0.0,0.0,15.5,,0.0,0.0,0.0,-0.315,,-12.0,-6.7,-18.7,0.0,2013-2014
468,56,Nando De Colo,SG,26,TOR,1,4,-5.4,0,0,0,0.0,29.3,15.2,0.0,0.0,0.0,0,0.0,,0.0,0.0,0.0,.051,,-17.6,2.6,-15.0,0.0,2013-2014
469,57,DeMar DeRozan,SG,24,TOR,7,282,18.2,.550,.154,.675,1.3,10.8,6.3,17.0,1.5,0.6,10.6,28.3,,0.6,0.2,0.8,.136,,2.3,-0.2,2.1,0.3,2013-2014
470,58,Boris Diaw,PF,31,SAS,23,604,15.3,.582,.281,.300,5.0,16.3,10.8,18.7,1.2,0.4,13.8,16.2,,1.1,0.8,2.0,.155,,1.9,1.9,3.8,0.9,2013-2014
471,59,Toney Douglas,PG,27,MIA,10,29,12.9,.506,.667,.222,4.8,13.3,9.2,27.2,0.0,0.0,9.2,19.2,,0.1,0.0,0.1,.096,,3.9,-1.1,2.8,0.0,2013-2014
472,60,Chris Douglas-Roberts,SF,27,CHA,4,70,18.9,.857,.500,.875,3.5,11.2,7.2,5.2,0.0,0.0,15.3,17.8,,0.3,0.0,0.3,.211,,1.8,1.2,3.1,0.1,2013-2014
473,61,Jared Dudley,SF,28,LAC,7,45,4.3,.409,.545,.000,0.0,15.9,7.6,5.9,1.1,0.0,0.0,10.6,,0.0,0.0,0.0,.011,,-2.7,-0.5,-3.2,0.0,2013-2014
474,62,Tim Duncan,C,37,SAS,23,752,21.1,.568,.007,.351,10.4,22.2,16.4,9.6,0.5,3.1,7.3,21.9,,2.0,1.2,3.2,.204,,2.5,0.7,3.1,1.0,2013-2014
475,63,Mike Dunleavy,SF,33,CHI,5,163,15.5,.593,.491,.113,3.4,9.5,6.4,14.0,1.0,0.5,8.2,17.9,,0.3,0.1,0.4,.123,,3.1,0.8,3.9,0.2,2013-2014
476,64,Kevin Durant,SF,25,OKC,19,815,22.6,.570,.296,.386,3.7,19.1,11.8,18.3,1.2,2.3,12.7,31.6,,1.5,0.9,2.5,.145,,6.1,0.4,6.4,1.7,2013-2014
477,65,Wayne Ellington,SG,26,DAL,2,14,13.0,.581,1.000,.333,0.0,18.1,8.3,21.2,0.0,0.0,22.5,28.6,,0.0,0.0,0.0,.023,,2.0,-2.0,-0.1,0.0,2013-2014
478,66,Monta Ellis,SG,28,DAL,7,249,15.4,.508,.268,.244,2.6,5.6,4.0,13.2,1.9,0.3,9.6,28.2,,0.2,0.1,0.3,.048,,1.2,-0.9,0.3,0.1,2013-2014
479,67,Landry Fields,SF,25,TOR,3,26,11.0,.000,.000,.000,9.8,22.5,16.4,5.6,8.3,3.5,33.3,5.4,,0.0,0.1,0.0,.062,,-1.2,9.1,8.0,0.1,2013-2014
480,68,Derek Fisher,SG,39,OKC,19,299,7.9,.459,.562,.205,2.4,9.7,6.2,8.0,2.3,0.0,7.0,13.1,,0.1,0.3,0.3,.053,,-2.3,1.0,-1.3,0.0,2013-2014
481,69,Jamaal Franklin,SG,22,MEM,2,4,-11.1,.174,.000,1.000,0.0,29.4,14.0,0.0,0.0,0.0,0.0,33.1,,0.0,0.0,0.0,-0.428,,-13.7,-7.6,-21.3,0.0,2013-2014
482,70,Joel Freeland,C,26,POR,9,24,-3.5,.129,.000,.667,18.3,17.9,18.1,5.4,2.1,3.0,50.8,14.4,,-0.1,0.0,-0.1,-0.214,,-11.7,-0.6,-12.3,-0.1,2013-2014
483,71,Francisco García,SF,32,HOU,2,22,6.3,.451,.500,.667,4.9,5.1,5.0,0.0,0.0,0.0,0.0,15.0,,0.0,0.0,0.0,.028,,-3.0,-1.5,-4.4,0.0,2013-2014
484,72,Kevin Garnett,C,37,BRK,12,250,17.2,.568,.032,.365,9.1,30.3,19.2,10.8,2.0,1.9,15.1,16.8,,0.3,0.3,0.6,.123,,0.5,1.8,2.3,0.3,2013-2014
485,73,Marc Gasol,C,29,MEM,7,299,14.7,.462,.009,.293,4.6,16.1,10.1,18.4,2.2,1.7,8.4,22.0,,0.0,0.4,0.4,.065,,0.4,1.9,2.4,0.3,2013-2014
486,74,Paul George,SF,23,IND,19,781,20.5,.578,.410,.406,2.1,20.0,11.2,17.8,2.9,0.8,11.7,26.3,,1.3,1.5,2.7,.169,,3.3,2.5,5.9,1.6,2013-2014
487,75,Taj Gibson,PF,28,CHI,5,154,26.5,.625,.000,.632,15.3,7.8,11.6,2.8,0.7,6.0,9.9,25.3,,0.5,0.2,0.7,.221,,5.0,1.4,6.4,0.3,2013-2014
488,76,Manu Ginóbili,SG,36,SAS,23,586,20.3,.593,.443,.397,1.8,12.9,7.5,25.1,3.2,0.3,15.7,26.2,,1.2,1.0,2.2,.184,,2.9,2.4,5.3,1.1,2013-2014
489,77,Drew Gooden,C,32,WAS,10,146,9.5,.409,.105,.211,15.8,17.5,16.7,4.5,1.1,2.2,8.8,14.7,,0.0,0.3,0.3,.097,,-4.1,-1.6,-5.7,-0.1,2013-2014
490,78,Marcin Gortat,C,29,WAS,11,382,16.3,.526,.000,.347,10.9,22.2,16.5,7.5,0.7,3.0,12.8,19.3,,0.3,0.8,1.0,.130,,1.1,-0.4,0.7,0.3,2013-2014
491,79,Danny Granger,SF,30,LAC,13,134,3.6,.387,.550,.225,1.6,16.0,8.6,3.0,2.2,0.6,6.4,15.2,,-0.2,0.1,-0.1,-0.025,,-5.9,-0.8,-6.7,-0.2,2013-2014
492,80,Danny Green,SG,26,SAS,23,529,16.5,.650,.635,.069,2.0,13.0,7.6,5.9,3.1,2.6,10.9,16.1,,0.9,1.0,1.9,.172,,2.5,3.7,6.2,1.1,2013-2014
493,81,Draymond Green,SF,23,GSW,7,228,16.2,.588,.483,.400,8.9,20.5,14.6,13.0,2.6,4.5,19.4,16.4,,0.3,0.2,0.5,.109,,0.9,4.2,5.0,0.4,2013-2014
494,82,Willie Green,SG,32,LAC,5,19,12.8,.425,.800,.400,0.0,43.9,21.1,6.9,7.9,0.0,14.5,15.7,,0.0,0.1,0.0,.094,,-4.6,7.1,2.5,0.0,2013-2014
495,83,Blake Griffin,PF,24,LAC,13,478,21.7,.554,.030,.410,8.1,15.2,11.5,18.2,1.7,2.5,10.1,27.9,,1.1,0.3,1.4,.143,,3.9,0.5,4.4,0.8,2013-2014
496,84,Jorge Gutiérrez,PG,25,BRK,2,3,33.7,.568,0,0,40.1,0.0,21.0,0.0,0.0,0.0,0.0,28.7,,0.0,0.0,0.0,.361,,11.3,-3.3,8.0,0.0,2013-2014
497,85,Tyler Hansbrough,PF,28,TOR,3,29,5.2,.621,.000,2.000,8.7,16.1,12.6,5.3,0.0,0.0,26.2,12.4,,0.0,0.0,0.0,.070,,-6.7,-0.4,-7.1,0.0,2013-2014
498,86,James Harden,SG,24,HOU,6,263,18.3,.519,.406,.376,2.0,9.9,5.9,21.5,2.4,0.3,11.9,28.5,,0.5,0.1,0.6,.111,,4.0,0.2,4.2,0.4,2013-2014
499,87,Al Harrington,PF,33,WAS,7,59,5.2,.470,.467,.467,2.0,29.6,15.7,0.0,2.8,0.0,18.1,17.7,,-0.1,0.1,0.0,.037,,-8.7,1.4,-7.2,-0.1,2013-2014
500,88,Devin Harris,PG,30,DAL,7,176,15.7,.575,.379,.121,0.6,11.5,5.6,24.0,0.6,0.9,13.7,20.6,,0.3,0.0,0.3,.092,,2.8,-0.4,2.4,0.2,2013-2014
501,89,Udonis Haslem,PF,33,MIA,16,169,9.8,.483,.000,.270,9.8,22.1,16.2,3.7,0.3,1.7,2.4,12.8,,0.2,0.1,0.3,.084,,-2.4,-1.4,-3.8,-0.1,2013-2014
502,90,Chuck Hayes,C,30,TOR,5,38,9.1,.338,.000,.250,13.3,12.3,12.8,8.4,4.3,0.0,10.1,12.2,,0.0,0.1,0.0,.052,,-2.8,0.8,-1.9,0.0,2013-2014
503,91,Gerald Henderson,SG,26,CHA,4,119,8.0,.438,.243,.459,1.0,16.5,8.4,12.9,1.8,0.7,11.9,20.2,,-0.2,0.1,-0.1,-0.032,,-5.0,0.5,-4.5,-0.1,2013-2014
504,92,Roy Hibbert,C,27,IND,19,542,12.1,.511,.007,.388,10.0,13.3,11.7,5.4,0.4,4.4,12.7,17.7,,0.2,0.7,0.9,.084,,-2.6,0.3,-2.2,0.0,2013-2014
505,93,Nenê,PF,31,WAS,10,325,12.2,.458,.000,.188,2.8,16.1,9.4,15.6,1.5,2.8,10.2,24.2,,-0.3,0.7,0.3,.048,,-0.8,0.9,0.1,0.2,2013-2014
506,94,George Hill,PG,27,IND,19,687,12.8,.561,.433,.343,2.3,10.0,6.2,14.2,1.8,0.5,12.0,16.5,,0.7,0.9,1.5,.107,,-0.2,1.2,1.0,0.5,2013-2014
507,95,Solomon Hill,SF,22,IND,1,1,0.0,0,0,0,0.0,0.0,0.0,0.0,0.0,0.0,0,0.0,,0.0,0.0,0.0,.018,,-2.8,-0.3,-3.0,0.0,2013-2014
508,96,Kirk Hinrich,PG,33,CHI,5,167,8.2,.476,.339,.071,0.7,10.0,5.2,24.4,1.3,0.5,16.0,19.8,,-0.1,0.1,0.0,.005,,-3.1,0.8,-2.2,0.0,2013-2014
509,97,Ryan Hollins,PF,29,LAC,5,9,-3.2,.338,.000,.250,12.3,26.5,19.1,0.0,0.0,0.0,18.4,26.2,,0.0,0.0,0.0,-0.190,,-14.1,-6.3,-20.3,0.0,2013-2014
510,98,Dwight Howard,C,28,HOU,6,231,27.2,.581,.000,.604,12.5,26.9,19.5,8.5,0.9,6.0,12.4,28.2,,0.7,0.2,0.9,.185,,4.3,1.5,5.7,0.4,2013-2014
511,99,Serge Ibaka,PF,24,OKC,17,581,16.6,.633,.088,.231,6.4,15.7,11.3,3.5,1.0,5.4,11.0,14.3,,1.0,0.7,1.7,.143,,1.1,1.7,2.8,0.7,2013-2014
512,100,Andre Iguodala,SF,30,GSW,7,248,12.6,.601,.242,.532,2.3,13.2,7.6,18.7,1.8,0.7,21.5,16.7,,0.2,0.1,0.3,.049,,0.0,1.5,1.5,0.2,2013-2014
513,101,Reggie Jackson,PG,23,OKC,19,531,11.8,.582,.329,.273,2.9,11.9,7.7,14.4,0.5,0.6,17.4,18.7,,0.5,0.3,0.7,.067,,-0.1,-0.9,-1.0,0.1,2013-2014
514,102,Bernard James,C,28,DAL,2,8,12.1,0,0,0,13.5,0.0,7.3,0.0,6.5,0.0,0,0.0,,0.0,0.0,0.0,.131,,1.6,1.0,2.6,0.0,2013-2014
515,103,LeBron James,PF,29,MIA,20,763,31.0,.668,.253,.471,2.5,21.4,12.3,25.6,2.6,1.4,12.9,31.6,,3.4,0.9,4.3,.269,,8.5,1.8,10.3,2.4,2013-2014
516,104,Al Jefferson,C,29,CHA,3,106,19.2,.507,.000,.094,6.8,27.1,16.6,4.1,0.5,4.2,1.8,25.3,,0.1,0.1,0.2,.082,,2.2,0.1,2.3,0.1,2013-2014
517,105,Amir Johnson,PF,26,TOR,7,191,16.4,.672,.038,.231,10.6,15.9,13.4,7.3,0.8,1.9,17.3,17.0,,0.4,0.2,0.5,.137,,0.6,0.6,1.3,0.2,2013-2014
518,106,James Johnson,SF,26,MEM,3,28,21.4,.490,.333,.667,15.3,8.4,12.0,0.0,1.9,0.0,0.0,31.8,,0.1,0.0,0.1,.160,,8.1,-0.6,7.5,0.1,2013-2014
519,107,Joe Johnson,SG,32,BRK,12,469,20.3,.626,.288,.234,2.3,10.5,6.2,14.5,0.7,0.6,8.6,23.1,,1.4,0.1,1.5,.153,,4.4,-0.5,3.8,0.7,2013-2014
520,108,James Jones,SF,33,MIA,15,126,16.2,.641,.800,.075,3.3,8.2,5.8,6.7,1.3,1.5,0.0,16.7,,0.4,0.1,0.4,.167,,4.4,-0.5,3.9,0.2,2013-2014
521,109,Perry Jones,PF,22,OKC,11,55,7.0,.472,.556,.000,6.5,11.7,9.3,3.0,0.0,1.4,5.3,15.7,,0.0,0.0,0.0,.037,,-2.5,-2.1,-4.5,0.0,2013-2014
522,110,Terrence Jones,PF,22,HOU,6,138,17.9,.519,.026,.308,13.2,16.4,14.7,8.7,1.9,1.8,4.3,14.3,,0.3,0.1,0.4,.140,,2.5,0.7,3.2,0.2,2013-2014
523,111,DeAndre Jordan,C,25,LAC,13,442,16.5,.648,.000,1.206,10.7,32.3,21.1,3.2,1.4,6.3,19.3,11.7,,0.5,0.7,1.2,.130,,0.6,1.8,2.4,0.5,2013-2014
524,112,Cory Joseph,SG,22,SAS,17,87,18.3,.559,.086,.514,1.4,10.5,6.1,16.5,1.8,0.0,8.5,25.0,,0.2,0.1,0.3,.159,,0.5,1.9,2.3,0.1,2013-2014
525,113,Michael Kidd-Gilchrist,SF,20,CHA,4,91,12.0,.541,.037,.370,10.6,25.8,17.9,12.0,0.0,2.0,20.3,20.7,,0.0,0.1,0.0,.017,,-3.3,0.8,-2.5,0.0,2013-2014
526,114,Andrei Kirilenko,PF,32,BRK,10,144,14.4,.556,.000,1.133,8.4,12.0,10.1,10.3,3.9,2.0,11.8,8.6,,0.2,0.2,0.4,.138,,1.0,3.3,4.3,0.2,2013-2014
527,115,Kyle Korver,SG,32,ATL,7,250,12.1,.659,.818,.182,0.9,17.0,8.4,3.9,0.8,0.7,13.4,15.3,,0.3,0.4,0.6,.122,,1.5,-0.1,1.4,0.2,2013-2014
528,116,Kosta Koufos,C,24,MEM,7,45,19.1,.507,.000,.250,16.6,20.9,18.7,7.8,2.4,5.8,14.5,21.2,,0.0,0.1,0.1,.117,,-0.5,2.3,1.8,0.0,2013-2014
529,117,Ognjen Kuzmić,C,23,GSW,3,8,5.7,0,0,0,14.0,43.9,28.7,0.0,0.0,0.0,0,0.0,,0.0,0.0,0.0,.098,,-1.9,-1.9,-3.7,0.0,2013-2014
530,118,Jeremy Lamb,SG,21,OKC,11,100,14.4,.457,.333,.095,4.8,12.9,9.1,12.2,3.6,0.7,6.4,21.3,,0.0,0.1,0.1,.072,,-0.1,1.2,1.2,0.1,2013-2014
531,119,Shane Larkin,PG,21,DAL,2,10,-9.7,.000,.333,.000,0.0,12.7,5.8,24.5,0.0,0.0,25.0,18.0,,-0.1,0.0,-0.1,-0.384,,-12.1,-6.9,-19.0,0.0,2013-2014
532,120,Courtney Lee,SG,28,MEM,7,224,8.8,.515,.317,.300,1.4,5.8,3.5,8.0,1.2,0.8,8.1,15.2,,0.1,0.1,0.2,.043,,-1.9,0.2,-1.6,0.0,2013-2014
533,121,David Lee,PF,30,GSW,7,217,15.6,.568,.000,.247,12.4,21.6,16.9,13.6,0.9,0.0,16.6,20.1,,0.3,0.1,0.4,.081,,0.3,-0.1,0.2,0.1,2013-2014
534,122,Kawhi Leonard,SF,22,SAS,23,736,18.7,.606,.310,.301,5.1,19.2,12.3,7.8,2.7,1.5,9.7,18.9,,1.5,1.5,2.9,.191,,1.9,2.8,4.7,1.3,2013-2014
535,123,Meyers Leonard,C,21,POR,4,9,-7.8,.000,.000,.000,0.0,23.8,12.1,0.0,0.0,0.0,0.0,9.8,,0.0,0.0,0.0,-0.214,,-8.2,-2.6,-10.8,0.0,2013-2014
536,124,Jon Leuer,PF,24,MEM,3,23,22.1,.571,.286,.286,9.3,30.7,19.5,14.7,2.3,0.0,0.0,15.7,,0.1,0.0,0.1,.252,,6.1,0.8,6.9,0.1,2013-2014
537,125,Rashard Lewis,SF,34,MIA,18,319,9.9,.547,.694,.047,1.7,13.3,7.7,2.5,1.2,1.8,5.4,14.7,,0.1,0.2,0.3,.052,,-0.3,-0.6,-0.8,0.1,2013-2014
538,126,Damian Lillard,PG,23,POR,11,466,19.3,.578,.370,.349,2.8,10.1,6.5,25.8,1.2,0.2,12.1,23.4,,1.2,0.1,1.3,.130,,5.2,-0.3,4.9,0.8,2013-2014
539,127,Jeremy Lin,PG,25,HOU,6,177,12.4,.500,.377,.262,4.2,9.6,6.8,22.0,0.9,0.5,16.0,19.5,,0.2,0.0,0.1,.039,,0.2,-1.0,-0.8,0.1,2013-2014
540,128,Shaun Livingston,PG,28,BRK,12,325,13.1,.567,.012,.430,3.0,13.9,8.2,20.9,0.9,1.5,17.7,18.7,,0.3,0.1,0.5,.068,,-1.4,0.4,-1.0,0.1,2013-2014
541,129,Robin Lopez,C,25,POR,11,367,15.3,.530,.000,.409,14.0,15.8,14.9,3.7,0.8,4.0,9.6,13.7,,0.6,0.2,0.8,.103,,0.8,-0.2,0.6,0.2,2013-2014
542,130,Kyle Lowry,PG,27,TOR,7,271,17.4,.567,.394,.450,4.2,10.4,7.4,23.5,1.2,0.0,13.3,26.1,,0.6,0.2,0.7,.130,,3.4,-1.3,2.1,0.3,2013-2014
543,131,Shelvin Mack,PG,23,ATL,7,118,19.1,.545,.574,.255,2.7,10.3,6.3,45.1,1.8,0.0,10.3,23.0,,0.3,0.2,0.4,.183,,5.1,1.1,6.2,0.2,2013-2014
544,132,Ian Mahinmi,C,27,IND,19,241,8.6,.530,.000,.667,11.3,11.3,11.3,1.9,1.1,6.1,22.3,9.1,,0.1,0.4,0.5,.092,,-4.0,2.1,-1.9,0.0,2013-2014
545,133,Shawn Marion,SF,35,DAL,7,193,12.5,.462,.305,.186,7.8,15.1,11.2,9.7,1.6,0.4,7.3,16.1,,0.1,0.1,0.2,.057,,0.7,0.1,0.9,0.1,2013-2014
546,134,Cartier Martin,SF,29,ATL,3,15,15.0,.667,.000,.000,7.2,16.2,11.4,0.0,7.1,0.0,25.0,12.4,,0.0,0.0,0.0,.146,,-1.2,5.4,4.1,0.0,2013-2014
547,135,Wesley Matthews,SG,27,POR,11,426,9.7,.533,.500,.235,1.8,9.1,5.5,5.1,1.7,0.9,12.8,17.7,,0.1,0.1,0.2,.021,,-1.3,-0.3,-1.5,0.1,2013-2014
548,136,CJ McCollum,SG,22,POR,6,24,-12.3,.168,.455,.182,0.0,4.5,2.3,0.0,0.0,0.0,7.8,23.6,,-0.2,0.0,-0.2,-0.392,,-12.5,-5.3,-17.9,-0.1,2013-2014
549,137,Josh McRoberts,PF,26,CHA,4,154,12.8,.615,.515,.303,0.8,22.1,11.0,16.1,1.4,0.6,13.8,13.4,,0.2,0.1,0.3,.096,,-0.3,1.9,1.6,0.1,2013-2014
550,138,Andre Miller,SG,37,WAS,11,108,9.5,.489,.073,.220,2.1,9.7,5.9,15.6,1.5,0.0,15.1,23.2,,-0.1,0.2,0.1,.025,,-3.2,-1.3,-4.5,-0.1,2013-2014
551,139,Mike Miller,SF,33,MEM,7,173,10.1,.555,.690,.214,1.2,16.3,8.4,8.2,1.9,0.0,9.8,13.5,,0.1,0.2,0.3,.085,,0.0,1.4,1.4,0.1,2013-2014
552,140,Patty Mills,PG,25,SAS,23,351,16.2,.573,.560,.092,1.0,10.4,5.8,14.6,2.5,0.2,8.7,21.3,,0.5,0.5,1.1,.146,,1.7,1.8,3.5,0.5,2013-2014
553,141,Paul Millsap,PF,28,ATL,7,267,19.9,.533,.262,.544,8.4,25.0,16.2,15.7,2.0,4.2,13.5,25.7,,0.2,0.6,0.9,.154,,3.0,2.0,5.0,0.5,2013-2014
554,142,Nazr Mohammed,C,36,CHI,2,5,-8.2,.000,.000,.000,22.4,23.9,23.1,0.0,0.0,0.0,0.0,9.6,,0.0,0.0,0.0,-0.063,,-17.5,-3.9,-21.4,0.0,2013-2014
555,143,Mike Muscala,PF,22,ATL,2,5,-16.9,.000,.000,.000,0.0,0.0,0.0,0.0,0.0,0.0,0.0,18.6,,0.0,0.0,0.0,-0.441,,-12.6,-8.7,-21.3,0.0,2013-2014
556,144,Gary Neal,SG,29,CHA,4,104,3.1,.416,.353,.137,3.5,6.3,4.8,7.3,0.0,0.0,12.9,28.5,,-0.4,0.0,-0.4,-0.165,,-5.9,-4.8,-10.7,-0.2,2013-2014
557,145,Nemanja Nedović,SG,22,GSW,1,0,,0,0,0,,,,,,,0,,,0.0,0.0,0.0,,,-1000.0,0.0,-1000.0,0.0,2013-2014
558,146,Joakim Noah,C,28,CHI,5,210,13.1,.536,.000,.415,8.0,27.9,17.6,19.0,1.3,2.6,28.2,15.5,,-0.1,0.4,0.3,.060,,-1.6,2.7,1.1,0.2,2013-2014
559,147,Steve Novak,PF,30,TOR,4,15,-1.4,.000,1.000,.000,0.0,39.0,20.3,9.8,0.0,0.0,0.0,9.4,,-0.1,0.0,0.0,-0.136,,-6.5,-1.5,-8.0,0.0,2013-2014
560,148,Dirk Nowitzki,PF,35,DAL,7,263,13.9,.480,.095,.246,2.1,24.6,12.4,6.9,1.2,1.8,9.7,26.5,,-0.2,0.2,0.1,.011,,-0.5,-0.8,-1.3,0.0,2013-2014
561,149,Jermaine O'Neal,PF,35,GSW,7,84,18.4,.591,.000,.250,16.1,16.7,16.4,2.0,0.6,3.1,10.1,20.0,,0.2,0.0,0.2,.118,,1.1,-0.7,0.4,0.1,2013-2014
562,150,Greg Oden,C,26,MIA,3,7,10.6,0,0,0,0.0,18.4,9.5,19.4,8.0,0.0,0,0.0,,0.0,0.0,0.0,.194,,-0.6,9.0,8.4,0.0,2013-2014
563,151,Jannero Pargo,PG,34,CHA,1,3,-2.3,0,0,0,0.0,43.5,20.9,47.4,0.0,0.0,100.0,15.9,,0.0,0.0,0.0,-0.330,,-11.7,-4.8,-16.4,0.0,2013-2014
564,152,Tony Parker,PG,31,SAS,23,719,15.8,.531,.101,.202,0.8,6.4,3.7,26.1,1.1,0.2,14.1,28.3,,0.3,0.7,1.1,.071,,0.2,-1.6,-1.4,0.1,2013-2014
565,153,Chandler Parsons,SF,25,HOU,6,250,14.8,.520,.343,.143,2.6,15.8,9.0,9.0,0.8,0.6,4.3,19.9,,0.5,0.0,0.5,.104,,1.7,-0.2,1.4,0.2,2013-2014
566,154,Patrick Patterson,PF,24,TOR,7,199,17.4,.653,.375,.375,7.6,20.6,14.4,8.2,0.8,1.4,9.7,14.6,,0.5,0.2,0.7,.172,,4.1,0.7,4.8,0.3,2013-2014
567,155,Chris Paul,PG,28,LAC,13,472,23.6,.583,.355,.269,2.8,10.8,6.7,45.4,3.9,0.0,15.0,23.9,,1.5,0.5,1.9,.195,,6.4,2.4,8.8,1.3,2013-2014
568,156,Kendrick Perkins,C,29,OKC,19,384,6.6,.581,.000,.333,10.3,19.3,15.0,5.4,0.5,1.2,32.6,9.1,,0.0,0.3,0.4,.044,,-3.9,0.7,-3.2,-0.1,2013-2014
569,157,Paul Pierce,SF,36,BRK,12,368,15.1,.573,.411,.248,1.3,18.0,9.3,11.6,2.1,1.0,12.3,21.7,,0.4,0.3,0.7,.089,,0.6,0.8,1.4,0.3,2013-2014
570,158,Mason Plumlee,C,23,BRK,10,114,4.5,.460,.000,1.125,5.3,21.0,12.7,2.6,1.5,5.9,27.3,14.1,,-0.2,0.1,-0.1,-0.039,,-8.4,-0.3,-8.6,-0.2,2013-2014
571,159,Otto Porter Jr.,SF,20,WAS,3,6,0.6,.333,.333,.000,0.0,0.0,0.0,0.0,0.0,0.0,0.0,23.6,,0.0,0.0,0.0,-0.114,,-3.5,-2.8,-6.3,0.0,2013-2014
572,160,Tayshaun Prince,SF,33,MEM,7,113,5.2,.404,.154,.000,3.8,6.2,5.0,8.4,0.5,0.0,3.7,11.0,,0.0,0.0,0.0,-0.001,,-3.5,-0.4,-3.9,-0.1,2013-2014
573,161,Zach Randolph,PF,32,MEM,6,234,13.6,.447,.010,.394,7.8,17.6,12.4,11.0,1.2,0.4,7.6,25.9,,-0.1,0.2,0.1,.018,,0.6,-0.5,0.0,0.1,2013-2014
574,162,JJ Redick,SG,29,LAC,13,351,14.4,.599,.489,.195,1.3,6.1,3.6,8.4,1.6,0.0,8.3,19.5,,0.6,0.1,0.7,.095,,2.6,-0.8,1.8,0.3,2013-2014
575,163,Luke Ridnour,PG,32,CHA,4,36,9.9,.385,.462,.000,0.0,14.5,7.0,56.3,0.0,2.5,23.5,22.5,,-0.1,0.0,-0.1,-0.071,,0.4,-0.3,0.1,0.0,2013-2014
576,164,Andre Roberson,SG,22,OKC,2,9,-10.7,.000,.000,.000,0.0,23.9,12.6,0.0,0.0,0.0,0.0,15.2,,-0.1,0.0,-0.1,-0.313,,-9.9,-5.2,-15.1,0.0,2013-2014
577,165,Thomas Robinson,PF,22,POR,11,122,10.9,.469,.000,.226,9.0,15.8,12.4,7.3,2.1,3.0,12.8,14.1,,0.0,0.1,0.1,.052,,-2.5,2.0,-0.5,0.0,2013-2014
578,166,Terrence Ross,SG,22,TOR,7,158,0.9,.356,.511,.106,0.8,9.6,5.4,2.1,2.1,1.7,14.0,17.0,,-0.5,0.2,-0.3,-0.096,,-6.5,-1.2,-7.7,-0.2,2013-2014
579,167,John Salmons,SG,34,TOR,6,77,3.3,.373,.706,.059,0.0,9.1,4.7,10.5,1.4,0.0,5.4,11.2,,-0.1,0.0,0.0,-0.003,,-4.7,0.1,-4.6,0.0,2013-2014
580,168,Dennis Schröder,PG,20,ATL,2,7,34.3,1.250,.500,.000,0.0,34.7,16.3,0.0,0.0,0.0,0.0,13.3,,0.0,0.0,0.0,.314,,12.1,6.1,18.1,0.0,2013-2014
581,169,Luis Scola,PF,33,IND,18,243,13.1,.480,.029,.210,5.6,15.1,10.4,7.4,1.3,1.1,5.8,24.4,,-0.1,0.3,0.3,.054,,-2.1,-0.6,-2.7,0.0,2013-2014
582,170,Mike Scott,PF,25,ATL,7,146,10.0,.477,.492,.222,2.2,12.5,7.0,4.3,0.4,0.0,2.8,22.7,,0.0,0.2,0.1,.046,,1.0,-2.4,-1.4,0.0,2013-2014
583,171,Thabo Sefolosha,SG,29,OKC,15,236,9.0,.490,.418,.091,3.5,10.9,7.4,6.6,2.2,0.0,10.9,12.4,,0.0,0.2,0.2,.047,,-1.3,1.2,-0.1,0.1,2013-2014
584,172,Kevin Séraphin,C,24,WAS,4,6,-24.8,.000,.000,.000,19.2,19.4,19.3,0.0,0.0,0.0,25.0,31.5,,-0.1,0.0,-0.1,-0.654,,-22.0,-10.4,-32.4,0.0,2013-2014
585,173,Donald Sloan,SG,26,IND,4,15,9.3,.400,.571,.571,0.0,7.9,4.0,35.3,3.6,0.0,18.6,35.0,,-0.1,0.0,0.0,-0.132,,-1.2,-1.3,-2.5,0.0,2013-2014
586,174,Tony Snell,SG,22,CHI,5,46,-0.3,.222,.556,.000,0.0,15.6,7.5,6.9,1.2,1.7,10.0,10.5,,-0.1,0.1,-0.1,-0.073,,-8.1,1.0,-7.1,-0.1,2013-2014
587,175,Marreese Speights,C,26,GSW,7,68,23.3,.533,.000,.333,14.9,22.4,18.6,8.5,1.5,5.0,4.6,27.1,,0.1,0.1,0.2,.146,,2.1,0.5,2.6,0.1,2013-2014
588,176,Tiago Splitter,C,29,SAS,23,516,19.1,.659,.010,.710,10.5,21.0,15.9,12.6,1.6,1.7,12.1,13.4,,1.7,0.9,2.6,.239,,2.0,3.1,5.1,0.9,2013-2014
589,177,Lance Stephenson,SG,23,IND,19,705,13.5,.536,.305,.223,4.2,18.0,11.2,20.3,1.2,0.5,16.0,19.9,,0.3,1.0,1.2,.085,,0.3,0.6,0.9,0.5,2013-2014
590,178,Jeff Teague,PG,25,ATL,7,242,17.1,.521,.241,.357,2.2,10.5,6.1,32.2,1.5,1.4,13.9,28.9,,0.1,0.4,0.5,.095,,2.9,-0.4,2.6,0.3,2013-2014
591,179,Mirza Teletović,SF,28,BRK,12,220,16.8,.567,.683,.146,8.2,15.1,11.5,2.4,1.3,0.9,5.4,20.5,,0.4,0.1,0.5,.115,,3.9,-1.8,2.1,0.2,2013-2014
592,180,Garrett Temple,SG,27,WAS,10,9,9.7,1.250,.500,.000,0.0,0.0,0.0,0.0,0.0,0.0,33.3,15.8,,0.0,0.0,0.0,.111,,-5.0,4.1,-0.9,0.0,2013-2014
593,181,Hasheem Thabeet,C,26,OKC,2,7,-9.8,0,0,0,0.0,0.0,0.0,0.0,0.0,0.0,0,0.0,,0.0,0.0,0.0,.004,,-13.7,1.8,-11.9,0.0,2013-2014
594,182,Klay Thompson,SG,23,GSW,7,257,12.0,.530,.449,.245,1.7,9.1,5.4,15.2,1.4,1.7,12.1,20.5,,0.2,0.0,0.2,.045,,0.5,0.6,1.1,0.2,2013-2014
595,183,Marcus Thornton,SG,26,BRK,10,124,14.2,.476,.389,.333,6.8,12.8,9.7,1.5,0.9,0.8,3.1,25.2,,0.1,0.0,0.1,.038,,0.9,-2.9,-2.0,0.0,2013-2014
596,184,Anthony Tolliver,PF,28,CHA,4,21,15.6,.904,1.000,1.500,5.8,18.7,12.0,7.3,0.0,0.0,0.0,7.5,,0.1,0.0,0.1,.228,,2.1,1.6,3.7,0.0,2013-2014
597,185,Hedo Türkoğlu,SF,34,LAC,5,41,15.1,.615,.769,.000,0.0,14.5,7.0,3.6,3.7,0.0,0.0,13.8,,0.1,0.0,0.1,.137,,3.2,1.3,4.4,0.1,2013-2014
598,186,Evan Turner,SF,25,IND,12,149,9.8,.524,.200,.143,0.0,20.6,10.5,21.3,1.5,0.0,22.8,15.8,,-0.1,0.2,0.1,.045,,-2.6,1.8,-0.8,0.0,2013-2014
599,187,Beno Udrih,SG,31,MEM,7,115,13.2,.542,.267,.289,1.9,10.2,5.8,19.3,1.4,0.0,15.1,23.9,,0.0,0.1,0.1,.034,,-0.4,0.4,0.0,0.0,2013-2014
600,188,Jonas Valančiūnas,C,21,TOR,7,200,14.8,.648,.000,.449,12.0,28.7,20.7,1.9,0.0,3.2,24.5,18.2,,0.1,0.2,0.3,.079,,-1.0,-0.5,-1.5,0.0,2013-2014
601,189,Greivis Vásquez,PG,27,TOR,7,190,14.5,.522,.422,.141,2.0,14.2,8.3,35.1,1.1,0.5,12.8,19.3,,0.3,0.1,0.4,.105,,1.9,0.3,2.2,0.2,2013-2014
602,190,Dwyane Wade,SG,32,MIA,20,693,18.5,.560,.086,.324,3.2,11.3,7.4,20.7,2.4,0.7,14.5,27.4,,0.7,0.5,1.2,.086,,1.6,-0.7,0.9,0.5,2013-2014
603,191,Kemba Walker,PG,23,CHA,4,153,19.6,.620,.436,.327,0.8,12.0,6.2,29.4,2.8,1.7,19.3,24.3,,0.2,0.2,0.3,.110,,4.1,2.3,6.4,0.3,2013-2014
604,192,John Wall,PG,23,WAS,11,420,14.1,.462,.195,.415,1.4,10.8,6.1,32.7,2.3,1.5,15.7,25.9,,-0.2,0.8,0.6,.067,,0.9,0.0,1.0,0.3,2013-2014
605,193,C.J. Watson,PG,29,IND,19,342,10.2,.523,.444,.311,1.1,12.8,7.1,8.9,2.5,0.3,12.0,16.6,,0.0,0.5,0.5,.068,,-3.2,1.6,-1.6,0.0,2013-2014
606,194,Earl Watson,PG,34,POR,4,14,-4.5,.000,1.000,.000,0.0,7.7,3.9,9.2,0.0,0.0,50.0,6.3,,0.0,0.0,0.0,-0.163,,-8.0,-2.2,-10.2,0.0,2013-2014
607,195,Martell Webster,SF,27,WAS,11,195,7.2,.467,.634,.220,2.4,12.5,7.4,4.0,1.1,2.1,8.2,11.9,,0.0,0.3,0.3,.077,,-1.9,0.2,-1.8,0.0,2013-2014
608,196,David West,PF,33,IND,19,687,15.5,.528,.041,.249,4.3,17.9,11.3,20.8,1.1,2.0,13.7,22.4,,0.3,1.0,1.3,.093,,0.2,1.4,1.6,0.6,2013-2014
609,197,Russell Westbrook,PG,25,OKC,19,735,24.9,.539,.251,.412,7.3,13.6,10.6,40.5,2.9,0.6,15.0,34.3,,1.6,0.9,2.5,.166,,6.3,1.3,7.6,1.8,2013-2014
610,198,D.J. White,PF,27,CHA,1,3,-9.4,0,0,0,0.0,87.1,41.8,0.0,0.0,0.0,100.0,15.9,,0.0,0.0,0.0,-0.441,,-18.8,0.3,-18.6,0.0,2013-2014
611,199,Deron Williams,PG,29,BRK,12,428,14.6,.506,.349,.296,2.0,9.6,5.6,28.0,1.7,0.5,13.6,22.7,,0.4,0.2,0.5,.061,,0.9,-1.3,-0.4,0.2,2013-2014
612,200,Lou Williams,PG,27,ATL,7,133,10.3,.508,.320,.320,0.0,14.6,6.9,12.3,2.8,0.7,18.6,24.5,,-0.2,0.3,0.0,.009,,-2.8,0.5,-2.3,0.0,2013-2014
613,201,Mo Williams,PG,31,POR,8,187,4.6,.462,.356,.186,1.2,5.7,3.5,12.2,0.8,0.0,18.0,18.3,,-0.2,0.0,-0.3,-0.068,,-4.8,-3.0,-7.9,-0.3,2013-2014
614,202,Brandan Wright,C,26,DAL,6,90,22.1,.799,.000,.333,6.0,9.9,7.8,13.7,1.2,5.4,8.8,11.3,,0.4,0.1,0.4,.225,,4.5,4.2,8.7,0.2,2013-2014
615,203,Dorell Wright,SF,28,POR,8,88,14.2,.566,.632,.789,2.5,17.1,9.9,4.9,1.7,7.5,16.3,15.3,,0.0,0.1,0.1,.080,,0.7,2.6,3.3,0.1,2013-2014
616,204,Cody Zeller,C,21,CHA,4,53,6.9,.372,.000,.444,11.4,9.9,10.7,5.8,0.0,5.0,15.7,11.5,,0.0,0.0,0.0,-0.010,,-3.2,-0.8,-4.0,0.0,2013-2014
617,1,Jordan Adams,SG,20,MEM,4,10,31.4,.735,.333,1.333,0.0,11.3,5.5,0.0,5.2,0.0,0.0,21.7,,0.1,0.0,0.1,.327,,11.7,7.1,18.8,0.1,2014-2015
618,2,Arron Afflalo,SG,29,POR,3,60,-5.0,.201,.333,.083,0.0,12.8,6.3,5.0,0.0,0.0,19.4,11.8,,-0.2,0.0,-0.2,-0.186,,-8.8,-3.0,-11.8,-0.1,2014-2015
619,3,Alexis Ajinça,C,26,NOP,3,10,42.0,1.000,.000,.000,0.0,10.9,5.6,26.9,5.2,0.0,0.0,18.3,,0.1,0.0,0.1,.367,,10.9,7.9,18.8,0.1,2014-2015
620,4,LaMarcus Aldridge,PF,29,POR,5,208,16.7,.426,.098,.321,10.8,18.4,14.6,8.4,0.5,3.8,5.9,29.9,,0.0,0.2,0.1,.032,,1.7,-1.4,0.4,0.1,2014-2015
621,5,Tony Allen,SG,33,MEM,10,279,14.2,.530,.123,.211,5.4,15.3,10.3,8.3,4.5,3.6,17.3,12.3,,0.1,0.6,0.6,.111,,-1.2,5.1,3.9,0.4,2014-2015
622,6,Al-Farouq Aminu,SF,24,DAL,5,150,20.4,.711,.355,.613,9.3,15.6,12.3,5.3,3.1,4.3,13.2,12.4,,0.5,0.1,0.6,.199,,4.4,3.1,7.5,0.4,2014-2015
623,7,Alan Anderson,SG,32,BRK,6,142,17.7,.734,.390,.220,1.5,14.5,8.0,8.7,1.4,0.6,15.1,17.1,,0.3,0.1,0.4,.145,,2.9,1.7,4.6,0.2,2014-2015
624,8,Ryan Anderson,PF,26,NOP,4,95,16.2,.556,.333,.167,8.4,11.5,10.0,15.7,0.0,1.8,9.4,20.6,,0.2,-0.1,0.2,.078,,2.8,-1.4,1.4,0.1,2014-2015
625,9,Giannis Antetokounmpo,SG,20,MIL,6,201,10.9,.425,.014,.324,5.8,17.3,11.1,14.3,0.8,4.0,11.9,20.6,,-0.2,0.2,0.0,-0.003,,-2.6,0.3,-2.3,0.0,2014-2015
626,10,Pero Antić,C,32,ATL,15,199,8.5,.516,.640,.500,4.8,18.3,11.6,3.0,0.5,1.2,7.6,15.1,,0.2,0.2,0.4,.092,,-3.9,-0.3,-4.2,-0.1,2014-2015
627,11,Trevor Ariza,SF,29,HOU,17,655,12.9,.576,.545,.239,2.9,14.2,8.6,10.1,2.2,0.2,10.6,13.9,,1.0,0.4,1.3,.098,,0.2,1.6,1.7,0.6,2014-2015
628,12,Ömer Aşık,C,28,NOP,4,79,9.4,.306,.000,.700,17.3,23.4,20.4,10.2,3.3,0.0,27.7,10.5,,0.0,0.0,0.0,-0.001,,-2.4,-0.2,-2.6,0.0,2014-2015
629,13,Jeff Ayres,PF,27,SAS,3,12,5.7,.000,.000,.000,0.0,27.6,13.3,21.2,0.0,0.0,0.0,3.7,,0.0,0.0,0.0,.014,,-1.5,3.5,2.0,0.0,2014-2015
630,14,Leandro Barbosa,SG,32,GSW,21,229,13.3,.532,.261,.250,3.9,8.9,6.4,12.8,1.3,0.3,10.9,21.5,,0.3,0.3,0.5,.113,,-0.8,-0.1,-0.9,0.1,2014-2015
631,15,J.J. Barea,PG,30,DAL,5,154,13.7,.495,.281,.105,3.2,13.2,8.0,34.1,1.2,0.0,19.0,19.6,,0.1,0.0,0.1,.040,,0.4,-0.7,-0.2,0.1,2014-2015
632,16,Harrison Barnes,SF,22,GSW,21,681,12.2,.519,.310,.170,7.3,10.3,8.8,7.2,1.3,1.3,9.3,15.6,,0.8,0.8,1.6,.115,,0.4,0.3,0.7,0.5,2014-2015
633,17,Matt Barnes,SF,34,LAC,14,409,9.7,.492,.600,.200,4.2,13.9,9.1,7.4,2.4,2.1,12.8,13.2,,0.1,0.4,0.5,.055,,-1.3,0.9,-0.4,0.2,2014-2015
634,18,Brandon Bass,PF,29,BOS,4,86,9.0,.410,.000,.500,3.7,6.5,5.1,18.1,0.6,3.4,10.9,14.2,,0.0,0.0,0.0,-0.022,,-0.4,0.8,0.4,0.1,2014-2015
635,19,Nicolas Batum,SF,26,POR,5,209,11.1,.469,.557,.186,3.1,19.4,11.1,21.4,0.2,0.3,13.7,19.2,,0.0,0.1,0.1,.021,,0.4,-0.6,-0.2,0.1,2014-2015
636,20,Jerryd Bayless,PG,26,MIL,6,120,12.2,.459,.200,.486,3.3,10.6,6.6,25.5,0.9,1.5,8.6,17.4,,0.1,0.1,0.2,.060,,-1.4,0.2,-1.2,0.0,2014-2015
637,21,Aron Baynes,C,28,SAS,4,40,1.3,.398,.000,.300,7.8,19.3,13.3,3.5,0.0,0.0,20.9,16.1,,-0.1,0.0,0.0,-0.056,,-8.6,-1.1,-9.7,-0.1,2014-2015
638,22,Kent Bazemore,SG,25,ATL,16,303,10.5,.514,.394,.437,1.1,17.7,9.4,6.5,1.9,2.4,11.5,14.4,,0.0,0.4,0.5,.072,,-2.7,1.5,-1.2,0.1,2014-2015
639,23,Bradley Beal,SG,21,WAS,10,418,17.9,.518,.315,.295,3.8,10.3,7.1,19.1,1.9,1.3,10.3,26.7,,0.7,0.6,1.2,.140,,1.7,1.3,3.0,0.5,2014-2015
640,24,Marco Belinelli,SG,28,SAS,7,116,20.7,.727,.769,.333,1.8,10.5,6.0,14.1,0.9,0.0,10.1,19.2,,0.5,0.0,0.5,.215,,5.7,2.3,8.1,0.3,2014-2015
641,25,Steve Blake,PG,34,POR,5,43,2.9,.295,.727,.182,0.0,2.5,1.3,28.7,0.0,1.5,14.4,14.8,,-0.1,0.0,-0.1,-0.092,,-3.9,-2.5,-6.4,0.0,2014-2015
642,26,Bojan Bogdanović,SF,25,BRK,6,206,8.3,.499,.559,.119,1.6,10.5,6.0,7.7,1.0,0.9,11.4,15.6,,0.0,0.1,0.1,.015,,-1.3,-0.7,-2.0,0.0,2014-2015
643,27,Andrew Bogut,C,30,GSW,19,440,14.0,.551,.013,.173,10.3,27.4,19.0,11.9,1.3,6.2,24.4,10.9,,0.4,1.0,1.4,.153,,-2.0,3.8,1.8,0.4,2014-2015
644,28,Matt Bonner,PF,34,SAS,7,36,-2.2,.300,.900,.000,0.0,18.4,8.9,3.8,0.0,2.2,9.1,13.7,,-0.1,0.0,-0.1,-0.089,,-9.7,-0.3,-10.0,-0.1,2014-2015
645,29,Avery Bradley,SG,24,BOS,4,133,8.2,.462,.380,.140,2.4,10.1,6.2,3.9,1.2,0.0,5.3,18.8,,0.0,0.0,0.0,-0.017,,-2.3,-0.4,-2.6,0.0,2014-2015
646,30,Elton Brand,C,35,ATL,3,4,-12.7,.266,.000,2.000,0.0,26.8,13.4,0.0,0.0,0.0,0.0,21.4,,0.0,0.0,0.0,-0.139,,-22.5,-2.3,-24.8,0.0,2014-2015
647,31,Corey Brewer,SF,28,HOU,17,428,10.9,.499,.251,.329,2.7,8.6,5.7,7.3,1.2,0.7,7.3,20.1,,0.2,0.1,0.3,.031,,-1.6,-0.7,-2.2,0.0,2014-2015
648,32,Aaron Brooks,PG,30,CHI,12,132,6.8,.421,.426,.115,2.5,12.2,7.5,14.9,1.2,0.6,12.3,25.2,,-0.2,0.2,-0.1,-0.029,,-4.4,-2.2,-6.6,-0.1,2014-2015
649,33,Markel Brown,SG,23,BRK,2,10,15.4,.510,.400,.400,21.6,0.0,10.8,18.5,0.0,0.0,25.4,36.1,,0.0,0.0,0.0,-0.061,,1.6,-4.1,-2.5,0.0,2014-2015
650,34,Jimmy Butler,SG,25,CHI,12,506,20.8,.562,.338,.338,4.0,10.4,7.3,14.1,3.0,1.4,7.9,23.9,,1.3,0.8,2.1,.203,,4.0,1.9,5.8,1.0,2014-2015
651,35,Rasual Butler,SF,35,WAS,2,7,-3.6,.000,1.000,.000,0.0,15.0,7.8,18.6,0.0,0.0,0.0,6.3,,0.0,0.0,0.0,-0.039,,-10.9,-0.3,-11.2,0.0,2014-2015
652,36,Will Bynum,SG,32,WAS,3,31,16.5,.586,.143,.357,7.2,3.4,5.3,17.8,3.3,2.6,23.6,30.3,,0.0,0.0,0.1,.078,,-2.8,1.1,-1.7,0.0,2014-2015
653,37,Nick Calathes,SG,25,MEM,9,126,7.8,.418,.361,.222,0.9,13.4,7.0,19.6,3.7,0.7,20.2,18.0,,-0.2,0.2,-0.1,-0.022,,-5.0,1.8,-3.1,0.0,2014-2015
654,38,Clint Capela,C,20,HOU,17,127,21.8,.651,.000,.935,10.8,23.4,17.2,6.4,1.1,5.6,6.4,15.4,,0.4,0.1,0.6,.217,,1.9,2.9,4.9,0.2,2014-2015
655,39,DeMarre Carroll,SF,28,ATL,16,558,16.8,.597,.407,.232,5.0,13.6,9.3,9.5,1.7,0.7,7.1,17.1,,1.2,0.6,1.8,.157,,2.1,0.6,2.7,0.7,2014-2015
656,40,Vince Carter,SG,38,MEM,11,196,13.7,.486,.418,.134,7.2,19.5,13.2,9.3,1.9,0.9,9.0,18.2,,0.1,0.2,0.3,.085,,-0.2,1.7,1.5,0.2,2014-2015
657,41,Michael Carter-Williams,PG,23,MIL,6,191,11.5,.438,.064,.154,0.5,15.8,7.5,29.5,1.9,2.8,16.1,23.4,,-0.3,0.2,-0.1,-0.032,,-2.7,1.0,-1.7,0.0,2014-2015
658,42,Tyson Chandler,C,32,DAL,5,160,17.3,.631,.000,.897,16.7,18.0,17.3,0.8,0.9,3.0,11.0,11.6,,0.4,0.0,0.5,.146,,2.2,-1.8,0.4,0.1,2014-2015
659,43,Earl Clark,PF,27,BRK,2,13,1.2,.300,.300,.000,0.0,16.7,8.3,0.0,3.9,0.0,0.0,35.2,,-0.1,0.0,-0.1,-0.235,,-3.5,-3.2,-6.7,0.0,2014-2015
660,44,Norris Cole,PG,26,NOP,4,106,3.8,.469,.389,.083,1.1,6.2,3.7,10.5,0.0,0.8,17.7,19.6,,-0.2,-0.1,-0.3,-0.123,,-5.3,-3.8,-9.2,-0.2,2014-2015
661,45,Mike Conley,PG,27,MEM,8,243,17.5,.531,.344,.292,0.0,4.2,2.0,28.6,2.4,0.0,10.0,22.6,,0.4,0.2,0.6,.111,,3.1,0.7,3.8,0.4,2014-2015
662,46,Allen Crabbe,SG,22,POR,2,39,15.0,1.000,.400,.000,0.0,8.4,4.2,4.3,2.7,1.7,16.7,7.1,,0.1,0.0,0.1,.145,,2.4,4.1,6.5,0.1,2014-2015
663,47,Jamal Crawford,SG,34,LAC,14,379,10.0,.447,.398,.161,1.7,6.6,4.2,11.1,1.7,0.7,7.9,24.8,,-0.3,0.1,-0.2,-0.020,,-1.4,-2.2,-3.6,-0.2,2014-2015
664,48,Jae Crowder,SF,24,BOS,4,100,19.2,.619,.345,.448,8.5,13.5,10.9,13.9,2.1,2.9,12.6,17.7,,0.3,0.1,0.3,.154,,2.7,3.2,5.9,0.2,2014-2015
665,49,Dante Cunningham,PF,27,NOP,4,75,19.8,.852,.000,.273,6.1,20.3,13.4,4.1,2.1,4.6,0.0,7.5,,0.3,0.0,0.3,.193,,3.4,4.3,7.7,0.2,2014-2015
666,50,Stephen Curry,PG,26,GSW,21,826,24.5,.607,.528,.262,2.7,11.1,6.9,29.9,2.4,0.3,14.3,31.0,,2.7,1.2,3.9,.228,,7.7,1.1,8.8,2.2,2014-2015
667,51,Gigi Datome,SF,27,BOS,3,14,-0.4,.333,.333,.000,0.0,8.0,3.9,12.3,0.0,0.0,0.0,19.1,,0.0,0.0,0.0,-0.124,,-8.0,-1.2,-9.2,0.0,2014-2015
668,52,Anthony Davis,PF,21,NOP,4,172,28.5,.613,.023,.414,6.0,22.1,14.2,9.3,1.5,6.1,11.2,30.8,,0.6,0.1,0.7,.183,,6.1,1.3,7.4,0.4,2014-2015
669,53,Glen Davis,PF,29,LAC,14,144,7.1,.489,.026,.237,6.7,13.0,9.9,3.0,1.7,3.0,17.7,15.4,,-0.1,0.1,0.1,.018,,-5.3,0.3,-5.0,-0.1,2014-2015
670,54,Matthew Dellavedova,SG,24,CLE,20,497,6.8,.476,.559,.235,2.2,6.8,4.5,17.3,1.0,0.0,18.9,16.9,,-0.1,0.3,0.2,.020,,-3.0,-0.8,-3.8,-0.2,2014-2015
671,55,DeMar DeRozan,SG,25,TOR,4,159,15.7,.463,.100,.213,3.4,15.2,8.9,26.5,1.9,0.0,10.3,27.5,,0.0,0.0,0.0,-0.007,,1.6,-0.8,0.8,0.1,2014-2015
672,56,Boris Diaw,PF,32,SAS,7,198,16.5,.528,.254,.183,6.8,16.7,11.6,20.6,1.3,1.2,10.5,19.4,,0.4,0.2,0.5,.127,,0.9,2.2,3.1,0.3,2014-2015
673,57,Joey Dorsey,PF,31,HOU,6,13,0.6,.174,.000,1.000,8.1,23.7,16.0,19.8,0.0,0.0,25.8,12.5,,0.0,0.0,0.0,-0.117,,-6.2,0.2,-5.9,0.0,2014-2015
674,58,Jared Dudley,SG,29,MIL,6,110,17.2,.605,.467,.233,2.7,8.4,5.3,13.0,5.6,1.6,13.1,15.6,,0.1,0.2,0.3,.143,,0.8,5.4,6.2,0.2,2014-2015
675,59,Tim Duncan,C,38,SAS,7,250,24.2,.595,.011,.378,7.9,26.0,16.6,16.0,1.8,3.1,6.3,20.1,,0.8,0.4,1.2,.229,,3.9,3.5,7.5,0.6,2014-2015
676,60,Mike Dunleavy,SF,34,CHI,12,389,14.4,.680,.636,.216,2.0,11.3,6.8,13.1,1.4,1.0,13.5,13.0,,0.9,0.5,1.4,.169,,1.6,1.5,3.2,0.5,2014-2015
677,61,Monta Ellis,SG,29,DAL,5,197,19.5,.543,.270,.180,2.0,6.5,4.2,21.9,2.4,1.2,11.8,28.2,,0.4,0.0,0.4,.094,,3.4,0.3,3.7,0.3,2014-2015
678,62,Tyler Ennis,PG,20,MIL,1,16,10.3,.278,.556,.000,18.3,7.2,13.3,33.3,0.0,0.0,0.0,25.3,,0.0,0.0,0.0,-0.076,,2.9,-3.7,-0.8,0.0,2014-2015
679,63,Tyreke Evans,SG,25,NOP,4,125,10.8,.396,.256,.395,2.7,14.8,8.9,24.3,2.1,0.7,10.6,20.7,,-0.1,0.0,-0.1,-0.038,,-1.5,-1.2,-2.7,0.0,2014-2015
680,64,Festus Ezeli,C,25,GSW,20,183,16.1,.558,.000,.580,14.5,22.4,18.5,5.2,0.3,4.4,16.1,18.3,,0.3,0.3,0.6,.150,,-1.1,0.5,-0.7,0.1,2014-2015
681,65,Raymond Felton,PG,30,DAL,3,36,7.6,.337,.267,.200,2.8,17.8,10.0,14.7,0.0,0.0,0.0,18.6,,0.0,0.0,0.0,-0.038,,-2.9,-3.5,-6.3,0.0,2014-2015
682,66,Tim Frazier,PG,24,POR,2,3,-32.1,.000,.000,.000,0.0,0.0,0.0,0.0,0.0,0.0,50.0,30.6,,-0.1,0.0,-0.1,-0.889,,-19.8,-10.8,-30.5,0.0,2014-2015
683,67,Joel Freeland,C,27,POR,2,7,9.7,0,0,0,0.0,15.7,7.7,0.0,7.5,0.0,0,0.0,,0.0,0.0,0.0,.100,,-1.5,4.0,2.5,0.0,2014-2015
684,68,Marc Gasol,C,30,MEM,11,416,21.3,.496,.011,.489,4.9,25.4,15.0,20.5,1.3,4.2,6.8,25.8,,0.8,0.6,1.4,.161,,3.5,2.5,6.0,0.8,2014-2015
685,69,Pau Gasol,PF,34,CHI,10,317,20.1,.539,.035,.365,6.0,26.1,16.3,18.1,0.8,5.3,13.6,22.2,,0.4,0.7,1.1,.166,,1.6,2.2,3.7,0.4,2014-2015
686,70,Alonzo Gee,SF,27,POR,1,3,16.3,0,0,0,0.0,36.5,18.0,47.9,0.0,0.0,0,0.0,,0.0,0.0,0.0,.181,,2.0,6.6,8.6,0.0,2014-2015
687,71,Taj Gibson,PF,29,CHI,12,276,14.3,.522,.000,.417,10.1,16.0,13.1,7.3,0.8,3.5,11.4,15.9,,0.3,0.4,0.8,.132,,-1.0,0.2,-0.8,0.1,2014-2015
688,72,Manu Ginóbili,SG,37,SAS,7,131,17.1,.527,.512,.535,3.2,16.8,9.8,36.4,1.6,3.6,20.9,23.0,,0.2,0.2,0.3,.117,,1.8,3.0,4.8,0.2,2014-2015
689,73,Drew Gooden,PF,33,WAS,10,178,12.5,.510,.426,.213,8.2,24.8,16.8,7.0,0.6,4.4,17.3,20.1,,0.0,0.3,0.3,.083,,-2.2,1.4,-0.8,0.1,2014-2015
690,74,Eric Gordon,SG,26,NOP,4,143,14.6,.555,.500,.094,2.4,5.3,3.9,18.2,0.7,1.2,13.0,24.5,,0.2,-0.1,0.0,.008,,3.2,-2.0,1.3,0.1,2014-2015
691,75,Marcin Gortat,C,30,WAS,10,307,19.4,.642,.000,.279,9.9,20.9,15.6,12.1,1.0,2.8,14.2,16.3,,0.8,0.5,1.3,.202,,0.5,2.1,2.6,0.4,2014-2015
692,76,Danny Green,SG,27,SAS,7,204,10.5,.456,.656,.098,3.5,8.1,5.8,10.8,1.7,2.7,7.3,15.1,,0.1,0.2,0.2,.053,,0.5,1.4,2.0,0.2,2014-2015
693,77,Draymond Green,PF,24,GSW,21,784,16.6,.517,.379,.363,6.5,22.8,14.7,21.2,2.5,2.5,17.2,19.2,,0.9,1.7,2.6,.160,,0.7,3.8,4.5,1.3,2014-2015
694,78,JaMychal Green,PF,24,MEM,5,8,16.8,.347,.500,1.000,0.0,42.2,20.7,0.0,6.5,11.4,0.0,16.4,,0.0,0.0,0.0,.143,,-3.1,7.1,4.0,0.0,2014-2015
695,79,Jeff Green,SF,28,MEM,11,298,7.9,.410,.167,.241,3.3,16.2,9.6,10.2,0.9,1.5,11.8,20.8,,-0.5,0.3,-0.2,-0.033,,-3.1,-0.9,-4.0,-0.1,2014-2015
696,80,Blake Griffin,PF,25,LAC,14,557,24.8,.557,.026,.387,7.3,26.1,16.8,27.3,1.2,2.2,12.3,28.5,,1.5,0.6,2.1,.179,,5.5,1.1,6.6,1.2,2014-2015
697,81,Jorge Gutiérrez,PG,26,MIL,1,12,6.5,.500,.000,.000,0.0,9.7,4.4,13.8,0.0,0.0,0.0,7.5,,0.0,0.0,0.0,.047,,-5.0,-1.4,-6.5,0.0,2014-2015
698,82,Tyler Hansbrough,PF,29,TOR,4,48,3.5,.370,.000,.800,2.2,12.6,7.1,8.6,2.1,1.8,22.8,8.2,,0.0,0.0,0.0,-0.042,,-5.3,0.8,-4.5,0.0,2014-2015
699,83,James Harden,SG,25,HOU,17,636,24.8,.620,.364,.605,2.0,13.7,7.9,35.0,2.1,0.9,17.1,29.5,,2.3,0.3,2.7,.202,,6.1,1.5,7.6,1.5,2014-2015
700,84,Devin Harris,PG,31,DAL,4,74,5.8,.445,.478,.391,1.3,10.1,5.6,7.1,1.3,0.0,12.9,17.1,,0.0,0.0,0.0,-0.031,,-5.7,-2.1,-7.7,-0.1,2014-2015
701,85,Joe Harris,SG,23,CLE,6,16,10.9,.515,.500,.667,0.0,6.8,3.4,10.7,0.0,0.0,11.4,24.8,,0.0,0.0,0.0,.064,,-2.8,-2.0,-4.8,0.0,2014-2015
702,86,Spencer Hawes,PF,26,LAC,8,57,18.8,.643,.353,.118,5.6,18.2,12.0,13.3,1.7,4.5,5.3,14.4,,0.2,0.1,0.3,.216,,2.9,3.8,6.7,0.1,2014-2015
703,87,Brendan Haywood,C,35,CLE,1,2,-21.0,.000,.000,.000,0.0,0.0,0.0,0.0,0.0,0.0,0.0,22.7,,0.0,0.0,0.0,-0.521,,-17.3,-9.4,-26.7,0.0,2014-2015
704,88,John Henson,C,24,MIL,6,153,17.4,.562,.024,.341,13.4,20.5,16.6,4.9,1.7,5.8,18.9,17.1,,0.1,0.2,0.3,.087,,-1.1,0.7,-0.3,0.1,2014-2015
705,89,Nenê,PF,32,WAS,10,257,11.1,.459,.000,.303,10.9,16.8,13.9,9.2,1.8,0.9,14.0,17.3,,0.0,0.4,0.4,.074,,-3.2,0.5,-2.8,-0.1,2014-2015
706,90,Kirk Hinrich,SG,34,CHI,10,126,9.2,.640,.526,.158,0.0,4.3,2.2,13.5,1.3,0.6,4.7,7.7,,0.2,0.1,0.4,.134,,-2.3,1.4,-0.9,0.0,2014-2015
707,91,Jrue Holiday,PG,24,NOP,3,55,13.6,.458,.211,.211,4.1,2.0,3.0,36.7,1.9,1.6,19.4,21.4,,0.0,0.0,0.0,-0.028,,1.8,-2.8,-0.9,0.0,2014-2015
708,92,Justin Holiday,SG,25,GSW,5,11,1.9,.750,.500,.000,0.0,9.8,5.0,13.1,0.0,0.0,50.0,16.3,,0.0,0.0,0.0,-0.078,,-4.6,-0.6,-5.2,0.0,2014-2015
709,93,Al Horford,C,28,ATL,16,522,19.8,.525,.043,.095,8.2,20.1,14.2,20.4,1.3,3.6,10.2,21.4,,0.8,0.7,1.5,.141,,2.1,1.6,3.7,0.8,2014-2015
710,94,Dwight Howard,C,29,HOU,17,574,20.4,.546,.000,.907,11.3,31.4,21.5,5.9,1.9,5.4,12.7,21.2,,0.6,0.9,1.5,.126,,1.2,1.2,2.4,0.6,2014-2015
711,95,Lester Hudson,SG,30,LAC,7,38,10.5,.500,.500,.000,0.0,2.7,1.4,28.0,2.6,2.3,17.6,19.4,,0.0,0.0,0.0,.033,,-1.4,1.7,0.2,0.0,2014-2015
712,96,Kris Humphries,PF,29,WAS,1,5,21.6,1.000,.000,.000,0.0,63.1,32.6,0.0,0.0,0.0,0.0,8.9,,0.0,0.0,0.0,.296,,0.1,2.7,2.8,0.0,2014-2015
713,97,Andre Iguodala,SF,31,GSW,21,635,15.4,.546,.480,.380,2.8,13.2,8.1,18.0,2.0,0.9,6.6,15.1,,1.3,1.0,2.2,.170,,1.7,2.8,4.5,1.0,2014-2015
714,98,Ersan İlyasova,PF,27,MIL,6,142,8.0,.398,.377,.164,4.1,13.9,8.6,3.9,1.8,1.9,7.1,22.3,,-0.3,0.1,-0.1,-0.046,,-2.9,-1.4,-4.3,-0.1,2014-2015
715,99,Kyrie Irving,PG,22,CLE,13,464,20.9,.573,.324,.373,2.4,8.6,5.6,20.1,1.9,2.0,8.5,23.0,,1.5,0.5,2.0,.209,,4.5,0.7,5.2,0.8,2014-2015
716,100,Jarrett Jack,PG,31,BRK,6,153,17.6,.620,.278,.241,1.4,16.3,8.8,31.6,2.3,0.6,25.1,23.9,,0.1,0.2,0.3,.090,,0.4,1.3,1.7,0.1,2014-2015
717,101,Bernard James,C,29,DAL,1,2,0.0,0,0,0,0.0,0.0,0.0,0.0,0.0,0.0,0,0.0,,0.0,0.0,0.0,-0.039,,-3.7,-2.4,-6.0,0.0,2014-2015
718,102,LeBron James,SF,30,CLE,20,844,25.3,.487,.202,.307,4.9,24.3,14.7,45.2,2.1,2.1,11.7,37.6,,1.6,1.5,3.0,.173,,5.9,2.0,7.9,2.1,2014-2015
719,103,Richard Jefferson,SF,34,DAL,4,51,3.5,.504,.571,.143,0.0,4.2,2.0,2.6,1.8,0.0,16.8,14.3,,0.0,0.0,0.0,-0.032,,-4.7,-1.7,-6.4,-0.1,2014-2015
720,104,John Jenkins,SG,23,ATL,4,21,19.0,.833,.667,.000,5.1,10.2,7.6,0.0,0.0,0.0,0.0,13.0,,0.1,0.0,0.1,.202,,4.3,-1.0,3.3,0.0,2014-2015
721,105,Jonas Jerebko,PF,27,BOS,4,68,3.3,.346,.267,.133,6.3,16.5,11.3,2.3,1.5,1.4,15.9,12.4,,-0.1,0.0,-0.1,-0.073,,-5.7,-0.8,-6.6,-0.1,2014-2015
722,106,Amir Johnson,PF,27,TOR,4,112,16.0,.671,.034,.414,6.7,22.7,14.2,6.3,0.5,2.3,17.0,16.6,,0.2,0.0,0.2,.089,,0.2,-0.2,0.0,0.0,2014-2015
723,107,James Johnson,PF,27,TOR,2,12,-3.9,.231,.000,1.000,0.0,20.1,9.5,14.4,0.0,0.0,0.0,32.4,,-0.1,0.0,-0.1,-0.439,,-6.6,-8.7,-15.3,0.0,2014-2015
724,108,Joe Johnson,SG,33,BRK,6,249,14.2,.473,.436,.255,2.2,17.9,10.0,19.3,1.4,0.0,4.6,20.1,,0.3,0.2,0.5,.089,,0.8,0.3,1.1,0.2,2014-2015
725,109,Nick Johnson,SG,22,HOU,9,49,-1.1,.328,.412,.176,2.1,6.3,4.2,11.7,0.0,1.6,17.9,19.0,,-0.2,0.0,-0.2,-0.165,,-7.2,-2.4,-9.6,-0.1,2014-2015
726,110,Dahntay Jones,SF,34,LAC,11,18,9.6,1.000,.000,.000,0.0,5.8,2.9,0.0,5.4,0.0,0.0,4.8,,0.0,0.0,0.1,.175,,-5.7,7.0,1.3,0.0,2014-2015
727,111,James Jones,SF,34,CLE,20,311,7.9,.536,.853,.187,0.4,9.8,5.1,4.6,1.4,0.8,5.8,12.6,,0.4,0.3,0.6,.100,,-1.9,0.8,-1.1,0.1,2014-2015
728,112,Terrence Jones,PF,23,HOU,17,401,12.9,.473,.119,.340,7.6,13.3,10.5,6.9,0.9,2.4,8.0,20.7,,0.2,0.1,0.3,.037,,-1.2,-1.2,-2.4,0.0,2014-2015
729,113,DeAndre Jordan,C,26,LAC,14,482,20.7,.610,.000,1.938,10.9,29.7,20.4,4.8,1.6,5.9,10.2,15.0,,1.2,0.8,1.9,.192,,2.9,1.5,4.4,0.8,2014-2015
730,114,Jerome Jordan,C,28,BRK,1,5,-16.3,.000,.000,.000,21.6,21.7,21.7,0.0,0.0,0.0,33.3,27.5,,-0.1,0.0,-0.1,-0.605,,-16.6,-10.7,-27.4,0.0,2014-2015
731,115,Cory Joseph,PG,23,SAS,4,22,17.3,.799,.000,.333,0.0,5.0,2.4,0.0,0.0,3.6,12.7,16.1,,0.0,0.0,0.1,.122,,0.1,1.7,1.8,0.0,2014-2015
732,116,Chris Kaman,C,32,POR,3,37,11.7,.533,.000,.125,14.4,26.7,20.5,13.8,0.0,0.0,26.2,14.2,,0.0,0.0,0.0,.056,,-0.7,-1.0,-1.7,0.0,2014-2015
733,117,Kyle Korver,SG,33,ATL,14,526,11.3,.557,.827,.120,0.2,14.1,7.1,9.5,2.0,2.3,13.0,13.9,,0.2,0.7,0.8,.077,,-0.2,0.9,0.8,0.4,2014-2015
734,118,Kosta Koufos,C,25,MEM,11,127,19.0,.557,.000,.161,16.2,17.7,16.9,5.2,1.6,4.3,2.9,12.3,,0.3,0.2,0.5,.198,,1.9,1.0,2.9,0.2,2014-2015
735,119,Courtney Lee,SG,29,MEM,11,367,15.5,.663,.300,.230,0.9,7.7,4.2,11.0,1.7,0.0,10.6,15.3,,0.9,0.2,1.1,.145,,0.9,1.7,2.6,0.4,2014-2015
736,120,David Lee,PF,31,GSW,13,107,14.1,.429,.000,.375,11.3,23.2,17.3,11.8,1.4,1.5,4.1,20.4,,0.1,0.2,0.3,.133,,-1.4,0.6,-0.9,0.0,2014-2015
737,121,Kawhi Leonard,SF,23,SAS,7,250,19.9,.571,.239,.321,5.4,17.2,11.1,12.5,1.6,1.3,10.8,25.0,,0.5,0.2,0.7,.143,,3.0,1.5,4.4,0.4,2014-2015
738,122,Meyers Leonard,C,22,POR,5,106,19.6,.891,.619,.095,6.0,27.9,16.8,8.4,1.0,1.2,12.1,10.8,,0.4,0.1,0.5,.232,,5.1,3.2,8.4,0.3,2014-2015
739,123,Jon Leuer,PF,25,MEM,4,9,22.4,.500,.000,.000,24.0,37.5,30.6,0.0,0.0,0.0,0.0,20.3,,0.0,0.0,0.0,.193,,4.2,-1.7,2.5,0.0,2014-2015
740,124,Damian Lillard,PG,24,POR,5,201,15.0,.491,.323,.333,1.1,9.8,5.4,22.8,0.5,1.0,9.8,27.8,,0.1,0.0,0.2,.038,,1.9,-1.4,0.5,0.1,2014-2015
741,125,Shaun Livingston,PG,29,GSW,21,375,11.5,.583,.013,.316,3.8,10.9,7.4,15.1,1.1,1.1,18.9,13.3,,0.5,0.5,0.9,.118,,-1.6,1.1,-0.5,0.1,2014-2015
742,126,Brook Lopez,C,26,BRK,6,234,21.0,.569,.000,.460,9.2,15.8,12.5,3.8,0.9,4.9,5.4,21.6,,0.7,0.2,0.9,.182,,2.5,-0.2,2.4,0.3,2014-2015
743,127,Robin Lopez,C,26,POR,5,117,11.6,.702,.000,.533,8.2,12.2,10.2,4.1,0.4,2.8,21.3,9.2,,0.2,0.1,0.3,.110,,-1.4,0.8,-0.6,0.0,2014-2015
744,128,Kevin Love,PF,26,CLE,4,107,20.0,.577,.512,.463,6.3,22.3,14.4,16.9,0.5,1.6,10.8,23.5,,0.3,0.1,0.5,.208,,4.1,0.2,4.3,0.2,2014-2015
745,129,Kyle Lowry,PG,28,TOR,4,131,8.1,.396,.404,.193,5.7,13.8,9.5,23.8,1.9,0.0,16.3,25.3,,-0.3,0.0,-0.3,-0.115,,-2.5,-2.9,-5.4,-0.1,2014-2015
746,130,Shelvin Mack,PG,24,ATL,10,99,14.7,.468,.538,.154,2.2,9.7,5.9,16.6,4.1,0.0,4.6,20.1,,0.0,0.1,0.2,.093,,-0.5,2.0,1.5,0.1,2014-2015
747,131,Shawn Marion,SF,36,CLE,6,25,6.0,.167,.000,.000,8.9,17.4,13.2,6.0,4.2,0.0,0.0,10.9,,0.0,0.0,0.0,-0.003,,-4.3,0.8,-3.5,0.0,2014-2015
748,132,O.J. Mayo,SG,27,MIL,6,156,10.3,.455,.352,.222,0.6,14.1,6.8,20.2,2.3,0.6,13.2,19.7,,-0.1,0.1,0.1,.016,,-2.6,0.9,-1.7,0.0,2014-2015
749,133,James Michael McAdoo,PF,22,GSW,5,10,19.7,.667,.000,.000,11.0,32.3,21.8,0.0,0.0,8.0,25.0,17.9,,0.0,0.0,0.0,.121,,1.1,2.6,3.7,0.0,2014-2015
750,134,CJ McCollum,SG,23,POR,5,166,16.1,.584,.343,.194,0.6,12.5,6.5,2.4,1.9,0.4,7.6,21.7,,0.3,0.1,0.4,.103,,0.6,1.4,1.9,0.2,2014-2015
751,135,Doug McDermott,SF,23,CHI,3,10,19.1,.644,.667,.667,11.2,10.8,11.0,16.2,0.0,0.0,20.5,22.2,,0.0,0.0,0.0,.193,,4.1,-0.2,3.9,0.0,2014-2015
752,136,Khris Middleton,SF,23,MIL,6,232,12.7,.482,.370,.163,2.9,7.5,5.0,9.6,3.1,1.2,9.2,21.0,,0.0,0.2,0.2,.040,,-0.2,0.9,0.7,0.1,2014-2015
753,137,Mike Miller,SF,34,CLE,9,65,6.6,.900,1.000,.000,0.0,16.7,8.5,0.0,0.8,1.3,16.7,4.2,,0.1,0.1,0.1,.098,,-2.6,1.6,-1.0,0.0,2014-2015
754,138,Patty Mills,PG,26,SAS,7,112,23.4,.744,.667,.310,3.7,14.8,9.1,11.9,0.9,0.0,9.5,21.1,,0.5,0.1,0.6,.262,,5.8,2.8,8.6,0.3,2014-2015
755,139,Paul Millsap,PF,29,ATL,16,566,16.4,.499,.234,.373,6.8,19.5,13.1,16.0,2.3,2.0,12.3,22.3,,0.4,0.9,1.3,.108,,0.2,1.2,1.4,0.5,2014-2015
756,140,Nikola Mirotić,PF,23,CHI,11,164,9.8,.421,.455,.303,4.8,15.1,10.0,9.2,1.9,2.9,9.7,23.0,,-0.1,0.3,0.1,.041,,-2.5,0.0,-2.6,0.0,2014-2015
757,141,Nazr Mohammed,C,37,CHI,3,14,11.5,.286,.143,.000,24.0,15.4,19.6,0.0,0.0,5.7,0.0,22.8,,0.0,0.0,0.0,-0.017,,-2.2,-5.5,-7.7,0.0,2014-2015
758,142,E'Twaun Moore,SG,25,CHI,3,9,21.9,.417,.167,.000,0.0,35.8,18.3,0.0,11.8,0.0,0.0,30.4,,0.0,0.0,0.0,.161,,-1.6,14.4,12.8,0.0,2014-2015
759,143,Darius Morris,PG,24,BRK,1,5,-8.2,.000,.000,.000,0.0,0.0,0.0,0.0,0.0,0.0,0.0,9.2,,0.0,0.0,0.0,-0.237,,-10.5,-4.7,-15.2,0.0,2014-2015
760,144,Timofey Mozgov,C,28,CLE,20,529,17.9,.577,.000,.547,12.0,18.2,15.2,4.3,0.8,5.8,16.8,18.9,,0.9,0.8,1.7,.156,,-0.2,0.8,0.6,0.3,2014-2015
761,145,Mike Muscala,PF,23,ATL,10,102,14.9,.636,.242,.000,8.4,10.5,9.4,1.7,0.5,2.4,10.8,16.5,,0.2,0.1,0.2,.114,,-0.3,-1.0,-1.3,0.0,2014-2015
762,146,Joakim Noah,C,29,CHI,12,395,12.0,.407,.000,.263,12.8,23.7,18.3,15.0,1.3,2.8,19.1,12.1,,0.0,0.8,0.8,.095,,-1.8,0.7,-1.1,0.1,2014-2015
763,147,Dirk Nowitzki,PF,36,DAL,5,181,18.0,.550,.202,.333,2.2,28.3,14.8,10.1,0.5,0.9,9.4,24.0,,0.4,0.1,0.4,.114,,2.1,-0.4,1.7,0.2,2014-2015
764,148,Johnny O'Bryant,PF,21,MIL,1,12,8.9,.375,.000,.000,8.1,19.3,13.3,0.0,0.0,0.0,0.0,30.0,,0.0,0.0,0.0,-0.097,,-1.8,-4.0,-5.8,0.0,2014-2015
765,149,Kelly Olynyk,C,23,BOS,4,53,9.8,.648,.462,.154,4.0,6.4,5.2,6.4,1.9,3.7,22.4,15.1,,0.0,0.0,0.0,.031,,-2.8,1.7,-1.1,0.0,2014-2015
766,150,Zaza Pachulia,C,30,MIL,6,129,15.4,.437,.000,.325,8.3,26.1,16.4,12.4,4.0,2.1,9.9,17.7,,0.0,0.3,0.2,.087,,-1.6,2.8,1.1,0.1,2014-2015
767,151,Kostas Papanikolaou,SF,24,HOU,8,21,-14.0,.307,.750,.500,0.0,9.8,4.9,0.0,0.0,0.0,50.6,19.6,,-0.2,0.0,-0.2,-0.399,,-17.2,-5.5,-22.7,-0.1,2014-2015
768,152,Tony Parker,PG,32,SAS,7,210,6.5,.386,.099,.187,2.0,10.0,5.8,18.9,0.5,0.0,10.0,23.4,,-0.4,0.1,-0.3,-0.067,,-5.0,-2.3,-7.4,-0.3,2014-2015
769,153,Chandler Parsons,SF,26,DAL,1,37,2.9,.333,.267,.000,0.0,17.3,8.3,7.4,0.0,0.0,6.3,17.7,,-0.1,0.0,-0.1,-0.118,,-3.4,-2.3,-5.7,0.0,2014-2015
770,154,Patrick Patterson,PF,25,TOR,4,106,16.7,.713,.556,.148,4.0,11.4,7.5,7.8,1.4,0.0,9.4,13.5,,0.3,0.0,0.3,.125,,4.5,-0.4,4.1,0.2,2014-2015
771,155,Chris Paul,PG,29,LAC,12,445,25.7,.627,.344,.270,1.7,10.7,6.3,39.1,2.4,0.6,11.0,23.2,,2.0,0.3,2.3,.248,,7.2,1.5,8.6,1.2,2014-2015
772,156,Kendrick Perkins,C,30,CLE,8,33,3.8,.403,.000,1.250,6.8,23.0,15.0,0.0,0.0,7.7,24.4,22.5,,-0.1,0.1,-0.1,-0.085,,-10.2,-0.2,-10.4,-0.1,2014-2015
773,157,Paul Pierce,SF,37,WAS,10,298,16.3,.677,.636,.202,0.0,14.8,7.6,5.0,1.0,1.9,8.5,17.5,,0.8,0.4,1.2,.190,,2.1,1.7,3.8,0.4,2014-2015
774,158,Mason Plumlee,C,24,BRK,6,49,10.5,.554,.000,1.833,4.4,13.3,8.8,6.2,4.2,3.6,21.7,12.9,,0.0,0.1,0.1,.072,,-4.5,3.4,-1.1,0.0,2014-2015
775,159,Miles Plumlee,C,26,MIL,1,16,-0.3,.169,.000,.250,18.3,21.7,19.9,10.0,0.0,5.6,10.1,27.8,,-0.1,0.0,-0.1,-0.311,,-6.9,-5.3,-12.2,0.0,2014-2015
776,160,Quincy Pondexter,SF,26,NOP,4,124,11.7,.467,.357,.250,2.8,14.9,9.0,14.0,2.9,0.0,3.1,11.8,,0.1,0.0,0.2,.060,,-0.4,1.6,1.2,0.1,2014-2015
777,161,Otto Porter Jr.,SF,21,WAS,10,331,14.1,.514,.364,.239,8.1,17.8,13.1,8.4,1.8,0.5,5.8,13.8,,0.5,0.5,1.0,.144,,0.3,1.8,2.1,0.3,2014-2015
778,162,Dwight Powell,PF,23,DAL,2,3,-2.7,.000,.000,.000,0.0,35.6,17.1,38.5,0.0,0.0,0.0,13.6,,0.0,0.0,0.0,-0.158,,-10.1,3.8,-6.3,0.0,2014-2015
779,163,Phil Pressey,PG,23,BOS,2,5,-11.5,.000,.333,.000,21.3,0.0,10.9,0.0,0.0,19.4,0.0,26.8,,-0.1,0.0,-0.1,-0.538,,-9.8,-3.1,-12.9,0.0,2014-2015
780,164,Pablo Prigioni,PG,37,HOU,17,293,6.8,.451,.719,.070,2.2,4.5,3.4,18.7,2.4,0.0,17.0,10.1,,0.1,0.1,0.2,.025,,-3.8,1.2,-2.6,0.0,2014-2015
781,165,Zach Randolph,PF,33,MEM,11,382,13.3,.471,.030,.196,9.0,18.0,13.4,10.8,0.8,0.0,11.2,24.6,,0.0,0.3,0.3,.036,,-1.0,-1.5,-2.5,-0.1,2014-2015
782,166,JJ Redick,SG,30,LAC,14,540,10.2,.590,.547,.217,0.0,5.8,2.9,6.5,0.9,0.8,12.8,16.3,,0.5,0.1,0.5,.047,,0.4,-1.9,-1.4,0.1,2014-2015
783,167,Austin Rivers,SG,22,LAC,14,250,12.9,.516,.333,.181,2.6,7.5,5.0,10.1,1.9,1.4,9.6,21.8,,0.1,0.1,0.2,.045,,-0.2,-0.3,-0.4,0.1,2014-2015
784,168,Rajon Rondo,PG,28,DAL,2,37,11.6,.475,.100,.000,2.7,2.9,2.8,26.0,0.0,0.0,9.1,24.3,,0.0,0.0,0.0,.010,,0.0,-1.9,-2.0,0.0,2014-2015
785,169,Derrick Rose,PG,26,CHI,12,454,16.8,.484,.281,.166,3.2,10.7,7.0,33.5,1.6,1.1,13.1,29.1,,0.3,0.6,0.8,.088,,2.6,-0.8,1.8,0.4,2014-2015
786,170,Terrence Ross,SF,23,TOR,4,107,7.7,.483,.621,.000,0.0,6.8,3.2,5.8,1.4,3.2,6.5,13.0,,0.0,0.0,0.0,-0.017,,-0.6,-0.5,-1.2,0.0,2014-2015
787,171,Brandon Rush,SG,29,GSW,3,7,-4.5,.250,.333,.000,15.8,30.8,23.4,0.0,0.0,0.0,0.0,38.4,,0.0,0.0,0.0,-0.223,,-11.4,-6.3,-17.7,0.0,2014-2015
788,172,Dennis Schröder,PG,21,ATL,16,290,13.4,.458,.234,.193,1.8,8.9,5.4,37.8,1.6,0.0,14.6,28.9,,-0.2,0.2,0.1,.009,,-1.0,-1.3,-2.3,0.0,2014-2015
789,173,Mike Scott,PF,26,ATL,11,172,9.6,.440,.473,.073,10.0,18.7,14.3,4.6,1.5,0.0,11.0,16.9,,-0.1,0.2,0.1,.037,,-2.7,-1.9,-4.6,-0.1,2014-2015
790,174,Kevin Séraphin,C,25,WAS,6,72,12.2,.490,.000,.194,4.7,23.4,14.3,5.0,1.4,1.1,10.6,23.2,,0.0,0.1,0.1,.059,,-3.7,1.4,-2.3,0.0,2014-2015
791,175,Ramon Sessions,PG,28,WAS,10,218,9.6,.479,.357,.271,1.0,10.6,6.0,16.2,0.9,0.4,11.3,18.0,,0.1,0.2,0.3,.063,,-2.6,-0.7,-3.4,-0.1,2014-2015
792,176,Iman Shumpert,SG,24,CLE,20,695,10.6,.498,.567,.244,3.7,11.7,7.8,5.3,1.9,1.9,6.7,12.7,,0.6,0.9,1.5,.104,,-0.5,1.6,1.0,0.5,2014-2015
793,177,Marcus Smart,PG,20,BOS,4,90,12.8,.548,.448,.517,5.9,7.5,6.7,9.8,0.6,1.1,10.1,19.7,,0.1,0.0,0.1,.047,,-0.1,0.2,0.1,0.0,2014-2015
794,178,Greg Smith,PF,24,DAL,1,1,0.0,0,0,0,0.0,0.0,0.0,0.0,0.0,0.0,0,0.0,,0.0,0.0,0.0,-0.039,,-3.0,-1.0,-4.0,0.0,2014-2015
795,179,J.R. Smith,SG,29,CLE,18,560,13.5,.538,.689,.097,1.8,14.7,8.4,7.0,1.6,1.5,6.5,18.6,,0.8,0.7,1.5,.128,,0.9,1.2,2.1,0.6,2014-2015
796,180,Josh Smith,PF,29,HOU,17,396,16.5,.505,.366,.381,6.9,18.1,12.6,20.6,1.1,3.4,14.4,27.9,,0.0,0.3,0.3,.036,,1.7,0.7,2.4,0.4,2014-2015
797,181,Russ Smith,PG,23,MEM,2,3,23.8,0,0,0,0.0,0.0,0.0,89.6,0.0,0.0,0,0.0,,0.0,0.0,0.0,.241,,8.6,0.5,9.1,0.0,2014-2015
798,182,Tony Snell,SF,23,CHI,11,140,6.3,.470,.614,.091,0.8,12.3,6.7,7.0,0.0,1.7,9.9,16.5,,0.0,0.1,0.1,.032,,-3.0,-1.1,-4.1,-0.1,2014-2015
799,183,Marreese Speights,C,27,GSW,10,67,13.2,.381,.000,.357,13.2,20.9,17.1,10.4,3.1,3.6,7.6,35.2,,-0.1,0.2,0.0,.012,,-5.0,-0.5,-5.5,-0.1,2014-2015
800,184,Tiago Splitter,C,30,SAS,7,123,7.0,.371,.000,.792,10.9,16.1,13.4,10.3,1.7,0.6,17.8,14.4,,-0.1,0.1,0.0,-0.004,,-4.2,0.0,-4.2,-0.1,2014-2015
801,185,Greg Stiemsma,C,29,TOR,1,2,101.6,.868,.000,1.000,0.0,0.0,0.0,0.0,0.0,0.0,0.0,64.7,,0.1,0.0,0.1,1.540,,42.0,6.1,48.2,0.0,2014-2015
802,186,Amar'e Stoudemire,PF,32,DAL,5,75,11.3,.479,.000,.371,9.3,12.8,11.0,6.0,0.6,3.2,14.7,26.0,,0.0,0.0,0.0,-0.010,,-3.5,-2.1,-5.5,-0.1,2014-2015
803,187,Jared Sullinger,PF,22,BOS,4,80,21.7,.596,.237,.184,12.0,26.7,19.1,2.7,0.0,3.6,10.9,25.7,,0.2,0.0,0.2,.118,,4.1,0.5,4.6,0.1,2014-2015
804,188,Jeff Teague,PG,26,ATL,16,529,17.8,.507,.272,.251,2.0,8.3,5.2,35.3,2.3,1.1,13.9,26.5,,0.5,0.5,1.0,.094,,2.2,-0.2,2.0,0.5,2014-2015
805,189,Mirza Teletović,PF,29,BRK,3,16,-10.5,.000,.800,.000,0.0,27.1,13.5,0.0,3.2,0.0,16.7,17.2,,-0.1,0.0,-0.1,-0.366,,-13.7,-2.6,-16.3,-0.1,2014-2015
806,190,Garrett Temple,SG,28,WAS,4,26,1.5,.368,.500,1.333,4.3,8.1,6.3,5.3,3.9,0.0,24.0,21.3,,-0.1,0.0,-0.1,-0.095,,-10.2,-0.2,-10.3,-0.1,2014-2015
807,191,Jason Terry,SG,37,HOU,17,487,10.1,.553,.612,.119,1.3,6.7,4.0,14.9,1.5,0.3,12.4,13.8,,0.5,0.0,0.5,.054,,-0.8,0.4,-0.4,0.2,2014-2015
808,192,Isaiah Thomas,PG,25,BOS,4,119,17.9,.514,.333,.593,0.9,10.4,5.5,41.1,1.3,0.0,17.1,30.8,,0.1,0.0,0.1,.044,,3.3,-0.5,2.8,0.1,2014-2015
809,193,Klay Thompson,SG,24,GSW,21,761,14.8,.553,.437,.135,1.3,10.2,5.8,12.1,1.1,2.0,10.4,23.3,,0.9,1.0,1.9,.118,,2.0,0.0,1.9,0.7,2014-2015
810,194,Tristan Thompson,PF,23,CLE,20,727,15.4,.582,.000,.636,13.5,19.1,16.3,2.0,0.4,2.8,8.3,11.2,,1.7,0.9,2.5,.167,,0.9,-0.6,0.2,0.4,2014-2015
811,195,Hedo Türkoğlu,SF,35,LAC,11,55,2.9,.294,.765,.000,1.9,11.3,6.7,9.8,3.5,1.6,10.5,15.0,,-0.1,0.1,-0.1,-0.068,,-5.9,0.9,-5.0,0.0,2014-2015
812,196,Evan Turner,SG,26,BOS,4,118,11.2,.438,.091,.205,1.8,25.7,13.4,27.4,1.3,0.0,15.8,21.6,,-0.1,0.1,-0.1,-0.020,,-2.2,0.8,-1.4,0.0,2014-2015
813,197,Ekpe Udoh,PF,27,LAC,4,12,-0.3,.333,.000,.000,0.0,25.9,13.2,0.0,0.0,0.0,0.0,10.9,,0.0,0.0,0.0,-0.042,,-9.0,-1.9,-10.9,0.0,2014-2015
814,198,Beno Udrih,PG,32,MEM,10,175,14.8,.485,.219,.164,2.5,10.3,6.3,21.2,1.5,0.0,4.9,21.5,,0.2,0.1,0.3,.090,,0.0,0.5,0.4,0.1,2014-2015
815,199,Jonas Valančiūnas,C,22,TOR,4,106,17.3,.542,.000,.211,9.1,31.9,19.8,3.3,1.0,0.8,8.8,19.3,,0.1,0.0,0.2,.079,,2.1,-2.6,-0.5,0.0,2014-2015
816,200,Greivis Vásquez,PG,28,TOR,4,101,7.9,.495,.483,.103,0.0,8.4,3.9,18.6,1.0,0.0,11.7,15.3,,0.0,0.0,0.0,-0.009,,-2.1,-1.8,-3.9,-0.1,2014-2015
817,201,Charlie Villanueva,PF,30,DAL,5,43,24.6,.600,.760,.000,9.2,22.3,15.5,11.4,1.1,1.9,0.0,23.8,,0.2,0.0,0.2,.259,,8.1,0.1,8.2,0.1,2014-2015
818,202,John Wall,PG,24,WAS,7,273,19.2,.480,.155,.355,2.1,10.8,6.6,49.7,1.9,2.9,17.5,25.0,,0.4,0.4,0.8,.138,,2.6,1.8,4.4,0.4,2014-2015
819,203,Gerald Wallace,SF,32,BOS,1,4,-6.9,.000,.000,.000,0.0,28.1,13.7,0.0,0.0,0.0,0.0,11.2,,0.0,0.0,0.0,-0.263,,-7.9,-1.0,-9.0,0.0,2014-2015
820,204,Martell Webster,SF,28,WAS,1,4,11.1,.500,.500,.000,0.0,0.0,0.0,0.0,0.0,0.0,0.0,22.2,,0.0,0.0,0.0,.032,,-5.5,-4.8,-10.3,0.0,2014-2015
821,205,Deron Williams,PG,30,BRK,6,192,12.9,.493,.377,.101,1.7,19.2,10.4,28.6,2.1,0.0,18.2,21.0,,0.0,0.2,0.2,.039,,-1.3,0.0,-1.3,0.0,2014-2015
822,206,Lou Williams,SG,28,TOR,4,102,11.6,.433,.412,.353,2.1,5.9,3.9,8.3,3.0,0.0,4.8,27.3,,-0.1,0.0,-0.1,-0.044,,-0.4,-1.5,-1.9,0.0,2014-2015
823,207,Thaddeus Young,PF,26,BRK,6,190,10.5,.442,.061,.182,9.7,14.8,12.3,14.3,1.3,0.5,16.4,20.5,,-0.2,0.1,0.0,-0.012,,-2.1,-1.0,-3.1,-0.1,2014-2015
824,208,Tyler Zeller,C,25,BOS,4,90,12.5,.545,.000,.172,2.4,20.0,10.9,4.0,1.1,1.1,11.4,17.5,,0.0,0.0,0.1,.033,,-0.3,-0.1,-0.4,0.0,2014-2015
825,1,Steven Adams,C,22,OKC,18,553,16.8,.636,.009,.658,12.7,21.6,17.2,3.5,0.8,2.0,10.6,12.6,,1.5,0.6,2.1,.180,,1.5,0.3,1.8,0.5,2015-2016
826,2,Cole Aldrich,C,27,LAC,6,77,21.4,.652,.000,.400,10.4,28.1,19.3,6.0,4.0,3.3,10.2,11.4,,0.2,0.2,0.4,.254,,1.1,3.3,4.4,0.1,2015-2016
827,3,LaMarcus Aldridge,PF,30,SAS,10,337,25.0,.579,.012,.272,8.0,19.7,14.2,5.4,0.6,3.3,5.5,27.7,,1.0,0.5,1.6,.223,,3.5,0.2,3.6,0.5,2015-2016
828,4,Lavoy Allen,PF,26,IND,6,51,7.1,.300,.000,.000,9.7,21.0,15.7,6.2,1.1,1.6,9.1,10.4,,0.0,0.1,0.0,.031,,-2.1,-0.4,-2.4,0.0,2015-2016
829,5,Tony Allen,SG,34,MEM,4,94,6.7,.387,.212,.394,6.4,7.2,6.8,5.7,2.9,1.9,13.4,21.9,,-0.2,0.0,-0.2,-0.103,,-4.1,-0.7,-4.8,-0.1,2015-2016
830,6,Al-Farouq Aminu,SF,25,POR,11,372,15.5,.572,.547,.227,6.2,20.4,13.1,8.7,1.1,2.1,13.0,18.6,,0.5,0.3,0.8,.100,,2.1,0.5,2.7,0.4,2015-2016
831,7,Chris Andersen,C,37,MEM,4,79,14.7,.483,.000,.667,16.5,31.0,22.7,6.3,1.4,3.3,24.4,11.9,,0.0,0.0,0.0,.021,,-0.3,-1.0,-1.3,0.0,2015-2016
832,8,Justin Anderson,SF,22,DAL,5,95,19.2,.544,.351,.378,10.6,14.1,12.3,13.2,2.2,2.8,10.4,23.5,,0.2,0.0,0.1,.058,,2.0,0.7,2.7,0.1,2015-2016
833,9,Kyle Anderson,SF,22,SAS,10,129,7.7,.410,.120,.280,1.9,18.6,10.7,7.3,2.4,1.8,12.5,11.6,,-0.1,0.2,0.1,.055,,-4.5,2.0,-2.4,0.0,2015-2016
834,10,Trevor Ariza,SF,30,HOU,5,181,1.8,.313,.549,.078,3.9,8.7,6.1,3.6,3.5,0.5,18.5,14.7,,-0.5,0.1,-0.4,-0.116,,-6.1,-0.5,-6.6,-0.2,2015-2016
835,11,Jeff Ayres,C,28,LAC,2,2,68.8,1.042,.000,1.000,0.0,0.0,0.0,0.0,0.0,0.0,0.0,32.1,,0.0,0.0,0.0,.768,,23.2,6.1,29.3,0.0,2015-2016
836,12,Leandro Barbosa,SG,33,GSW,23,254,18.4,.663,.318,.239,4.8,6.7,5.8,9.7,2.1,0.3,10.2,18.7,,0.7,0.2,0.9,.172,,1.7,1.6,3.3,0.3,2015-2016
837,13,J.J. Barea,PG,31,DAL,4,100,2.0,.358,.235,.059,0.0,7.3,3.5,31.9,0.0,0.0,24.0,21.2,,-0.3,-0.2,-0.5,-0.241,,-5.6,-6.3,-11.8,-0.3,2015-2016
838,14,Harrison Barnes,SF,23,GSW,24,743,8.6,.474,.357,.160,4.0,12.2,8.2,5.8,1.1,0.4,7.3,14.5,,0.2,0.6,0.7,.047,,-1.8,-0.7,-2.4,-0.1,2015-2016
839,15,Matt Barnes,SF,35,MEM,4,139,7.0,.427,.391,.217,3.6,23.5,12.1,14.3,1.6,0.6,20.5,21.0,,-0.3,0.0,-0.3,-0.107,,-3.5,-0.9,-4.4,-0.1,2015-2016
840,16,Nicolas Batum,SF,27,CHO,5,144,12.1,.530,.489,.444,1.5,13.6,7.1,12.7,0.7,0.0,12.9,20.4,,0.0,0.1,0.1,.031,,-0.1,-2.3,-2.4,0.0,2015-2016
841,17,Aron Baynes,C,29,DET,4,44,5.9,.484,.000,.333,8.6,13.4,11.1,6.9,0.0,0.0,22.5,15.2,,0.0,0.0,-0.1,-0.081,,-4.7,-2.8,-7.4,-0.1,2015-2016
842,18,Kent Bazemore,SF,26,ATL,10,325,11.9,.455,.504,.182,2.8,18.3,10.9,9.4,2.2,1.7,7.1,19.4,,-0.1,0.5,0.3,.049,,-1.0,0.7,-0.3,0.1,2015-2016
843,19,Michael Beasley,PF,27,HOU,5,80,15.9,.530,.130,.152,5.0,23.8,13.8,9.1,0.6,0.0,12.5,28.8,,0.0,0.0,0.0,.015,,1.4,-1.8,-0.4,0.0,2015-2016
844,20,Patrick Beverley,PG,27,HOU,5,129,5.0,.366,.378,.162,3.1,15.6,9.0,14.0,0.8,1.3,9.2,13.9,,-0.1,0.0,-0.1,-0.031,,-4.1,-1.1,-5.2,-0.1,2015-2016
845,21,Bismack Biyombo,C,23,TOR,20,506,15.9,.611,.000,1.043,11.9,33.8,22.2,2.5,0.8,4.7,17.3,11.1,,0.8,0.8,1.5,.146,,0.3,1.2,1.5,0.4,2015-2016
846,22,Steve Blake,PG,35,DET,4,43,0.3,.340,.400,.400,0.0,11.0,5.7,32.0,0.0,0.0,46.0,12.7,,-0.1,0.0,-0.1,-0.160,,-7.8,-3.7,-11.5,-0.1,2015-2016
847,23,Andrew Bogut,C,31,GSW,22,365,18.2,.607,.026,.182,14.1,22.8,18.5,12.2,1.9,7.7,18.6,12.3,,0.7,0.7,1.5,.194,,-1.1,3.8,2.6,0.4,2015-2016
848,24,Avery Bradley,SG,25,BOS,1,33,16.1,.520,.438,.188,6.0,3.4,4.7,6.2,1.5,2.7,5.5,23.9,,0.0,0.0,0.1,.112,,2.1,0.4,2.5,0.0,2015-2016
849,25,Corey Brewer,SF,29,HOU,5,77,1.3,.360,.370,.296,3.9,5.8,4.8,17.4,0.0,1.1,16.4,19.5,,-0.2,0.0,-0.2,-0.123,,-6.0,-2.5,-8.5,-0.1,2015-2016
850,26,Reggie Bullock,SF,24,DET,2,22,31.6,1.000,.500,.000,0.0,10.7,5.5,26.1,2.5,0.0,0.0,13.7,,0.2,0.0,0.2,.329,,11.1,5.5,16.6,0.1,2015-2016
851,27,Kentavious Caldwell-Pope,SG,22,DET,4,161,16.2,.575,.540,.140,1.6,11.0,6.4,11.1,2.4,0.6,3.6,17.2,,0.3,-0.1,0.2,.072,,2.2,1.3,3.5,0.2,2015-2016
852,28,Clint Capela,C,21,HOU,5,43,13.4,.357,.000,.556,18.5,31.3,24.5,7.5,3.4,4.0,21.1,13.6,,-0.1,0.1,0.0,.010,,-1.2,0.5,-0.7,0.0,2015-2016
853,29,DeMarre Carroll,SF,29,TOR,20,596,9.9,.506,.497,.226,4.4,12.4,8.1,4.8,1.6,1.0,9.3,15.0,,0.3,0.5,0.8,.062,,-1.1,0.6,-0.6,0.2,2015-2016
854,30,Vince Carter,SG,39,MEM,4,91,19.4,.616,.303,.242,5.5,15.0,9.5,10.9,1.2,1.0,7.6,20.0,,0.3,0.0,0.3,.140,,5.4,0.3,5.7,0.2,2015-2016
855,31,Ian Clark,SG,24,GSW,16,154,13.9,.575,.340,.189,1.4,10.4,6.0,16.3,2.6,0.0,13.6,18.9,,0.2,0.2,0.4,.109,,-1.4,1.4,0.0,0.1,2015-2016
856,32,Nick Collison,PF,35,OKC,9,79,9.8,.654,.000,.333,4.3,11.1,7.8,8.5,5.1,0.0,12.7,4.3,,0.1,0.1,0.2,.149,,-3.3,4.6,1.3,0.1,2015-2016
857,33,Pat Connaughton,SG,23,POR,6,8,35.9,.800,.600,.000,0.0,13.2,6.4,0.0,0.0,0.0,0.0,26.7,,0.0,0.0,0.0,.254,,18.7,1.2,19.8,0.0,2015-2016
858,34,Allen Crabbe,SG,23,POR,11,302,12.8,.645,.479,.260,1.7,9.4,5.4,7.8,1.2,0.3,6.9,12.4,,0.7,0.1,0.7,.114,,0.2,0.2,0.4,0.2,2015-2016
859,35,Jamal Crawford,SG,35,LAC,6,199,13.3,.456,.204,.243,1.0,5.4,3.2,11.3,2.6,0.0,7.3,27.6,,-0.1,0.2,0.1,.015,,-1.1,-0.2,-1.3,0.0,2015-2016
860,36,Jae Crowder,SF,25,BOS,6,197,6.7,.371,.569,.153,2.5,19.2,10.3,11.0,2.2,1.3,8.3,18.3,,-0.4,0.4,0.0,-0.001,,-3.3,0.7,-2.6,0.0,2015-2016
861,37,Stephen Curry,PG,27,GSW,18,614,22.3,.603,.586,.246,2.5,14.8,8.7,26.8,2.1,0.7,16.7,32.1,,1.3,0.7,1.9,.152,,6.6,0.4,7.0,1.4,2015-2016
862,38,Troy Daniels,SG,24,CHO,4,18,-11.7,.125,.375,.000,0.0,13.6,6.3,0.0,0.0,0.0,0.0,21.2,,-0.2,0.0,-0.1,-0.395,,-13.1,-7.1,-20.2,-0.1,2015-2016
863,39,Ed Davis,PF,26,POR,11,205,14.9,.559,.050,.825,12.7,25.2,18.8,10.3,0.5,2.7,15.5,13.4,,0.4,0.2,0.5,.127,,-0.9,0.1,-0.7,0.1,2015-2016
864,40,Matthew Dellavedova,PG,25,CLE,20,241,10.8,.461,.419,.324,2.0,5.3,3.7,33.6,0.2,0.4,14.2,18.9,,0.4,0.1,0.4,.083,,-1.2,-2.1,-3.3,-0.1,2015-2016
865,41,Luol Deng,PF,30,MIA,14,495,15.5,.601,.413,.275,4.8,14.5,9.9,7.2,1.4,1.4,12.9,17.1,,0.8,0.8,1.6,.158,,2.0,1.1,3.2,0.6,2015-2016
866,42,DeMar DeRozan,SG,26,TOR,20,746,14.2,.462,.065,.309,2.0,12.0,6.7,14.7,1.6,0.4,9.1,30.9,,-0.4,0.5,0.1,.009,,0.2,-1.5,-1.3,0.1,2015-2016
867,43,Boris Diaw,PF,33,SAS,9,159,12.0,.492,.130,.087,1.5,11.6,6.9,19.6,0.7,2.0,11.2,15.7,,0.1,0.2,0.3,.083,,-0.5,0.7,0.1,0.1,2015-2016
868,44,Spencer Dinwiddie,PG,22,DET,1,2,65.2,1.000,.000,.000,0.0,0.0,0.0,100.0,0.0,0.0,0.0,25.1,,0.0,0.0,0.0,.950,,34.9,10.5,45.5,0.0,2015-2016
869,45,Goran Dragić,PG,29,MIA,14,472,15.1,.514,.223,.209,2.9,13.8,8.6,20.5,0.7,0.5,12.1,25.8,,0.4,0.6,1.0,.099,,0.0,-0.8,-0.7,0.1,2015-2016
870,46,Andre Drummond,C,22,DET,4,131,17.6,.486,.019,.630,11.6,21.6,16.8,0.0,0.4,4.5,5.5,28.0,,0.0,0.0,0.0,-0.012,,-0.6,-3.0,-3.5,-0.1,2015-2016
871,47,Tim Duncan,C,39,SAS,10,218,11.6,.482,.000,.404,5.6,19.0,12.7,9.1,0.5,4.7,14.0,15.2,,0.0,0.4,0.4,.083,,-2.4,1.8,-0.6,0.1,2015-2016
872,48,Kevin Durant,SF,27,OKC,18,726,20.3,.542,.270,.359,2.0,17.4,9.8,14.9,1.3,2.0,12.1,32.1,,1.2,0.8,2.0,.130,,4.3,-0.3,4.0,1.1,2015-2016
873,49,Monta Ellis,SG,30,IND,7,225,13.7,.504,.276,.132,2.2,10.9,6.9,24.7,3.6,0.0,17.5,20.8,,0.0,0.4,0.3,.072,,-1.4,2.3,0.9,0.2,2015-2016
874,50,Festus Ezeli,C,26,GSW,23,203,13.9,.526,.000,.638,12.4,20.0,16.3,6.3,0.2,2.8,13.7,22.1,,0.1,0.2,0.3,.080,,-3.2,-0.7,-3.9,-0.1,2015-2016
875,51,Jordan Farmar,PG,29,MEM,4,113,5.6,.418,.387,.097,0.0,7.2,3.1,24.5,1.4,0.8,23.6,17.2,,-0.2,-0.1,-0.3,-0.115,,-2.5,-2.1,-4.6,-0.1,2015-2016
876,52,Raymond Felton,PG,31,DAL,5,172,13.6,.508,.203,.159,1.3,14.9,7.8,24.2,1.8,0.0,14.0,23.1,,0.0,-0.1,-0.1,-0.040,,-1.0,0.1,-0.8,0.1,2015-2016
877,53,Randy Foye,SG,32,OKC,16,190,4.3,.468,.634,.098,1.2,10.4,5.9,9.5,0.5,1.2,20.5,12.3,,-0.1,0.1,0.0,-0.003,,-3.6,-0.2,-3.8,-0.1,2015-2016
878,54,Enes Freedom,C,23,OKC,18,323,22.4,.617,.119,.381,16.5,21.7,19.2,2.6,0.8,2.7,11.0,20.8,,1.1,0.4,1.5,.219,,2.9,-1.0,1.9,0.3,2015-2016
879,55,Channing Frye,C,32,CLE,17,237,20.5,.791,.667,.101,2.5,17.7,10.2,3.4,1.3,3.7,6.5,15.0,,0.9,0.3,1.2,.247,,4.1,2.2,6.3,0.5,2015-2016
880,56,Paul George,SF,25,IND,7,275,27.5,.632,.350,.520,4.0,17.1,11.1,22.5,2.8,1.5,13.2,30.5,,1.1,0.5,1.6,.284,,7.0,3.1,10.1,0.8,2015-2016
881,57,Manu Ginóbili,SG,38,SAS,10,192,16.0,.586,.447,.489,3.8,11.9,8.1,18.5,2.2,1.2,10.9,15.5,,0.5,0.3,0.8,.191,,0.1,2.4,2.5,0.2,2015-2016
882,58,Andrew Goudelock,PG,27,HOU,2,11,0.2,.500,.167,.000,0.0,20.4,9.6,0.0,0.0,0.0,33.3,33.7,,-0.1,0.0,-0.1,-0.360,,-7.5,-4.4,-12.0,0.0,2015-2016
883,59,Danny Green,SG,28,SAS,10,267,15.3,.658,.734,.047,0.0,12.6,6.7,3.8,4.1,2.4,8.4,12.4,,0.4,0.6,0.9,.170,,1.7,5.0,6.8,0.6,2015-2016
884,60,Draymond Green,PF,25,GSW,23,879,18.6,.549,.377,.388,4.8,23.1,14.0,23.4,2.1,3.8,14.8,18.9,,1.6,1.5,3.1,.171,,2.6,3.2,5.7,1.7,2015-2016
885,61,Gerald Green,SG,30,MIA,12,110,6.7,.391,.286,.102,2.3,15.3,9.1,1.5,1.9,0.7,3.8,23.0,,-0.2,0.2,0.0,-0.007,,-5.3,0.0,-5.3,-0.1,2015-2016
886,62,JaMychal Green,PF,25,MEM,4,72,16.4,.548,.045,.273,7.0,18.9,12.0,8.3,2.2,6.1,14.0,18.3,,0.0,0.0,0.1,.056,,-0.9,2.2,1.3,0.1,2015-2016
887,63,Jeff Green,SF,29,LAC,6,159,13.2,.535,.217,.543,1.9,9.9,5.9,3.9,1.9,1.1,5.0,16.8,,0.2,0.2,0.4,.106,,-0.8,0.8,0.0,0.1,2015-2016
888,64,Blake Griffin,PF,26,LAC,4,127,16.5,.469,.038,.472,5.5,21.7,13.6,20.4,1.2,1.3,12.3,25.6,,0.0,0.2,0.2,.074,,0.9,0.9,1.8,0.1,2015-2016
889,65,Jorge Gutiérrez,PG,27,CHO,3,12,-7.0,.000,.000,.000,0.0,20.4,9.5,25.1,0.0,0.0,25.0,15.9,,-0.1,0.0,-0.1,-0.357,,-12.0,-6.6,-18.6,0.0,2015-2016
890,66,P.J. Hairston,SF,23,MEM,2,22,0.3,.363,.500,.333,0.0,0.0,0.0,0.0,2.4,0.0,12.7,16.5,,-0.1,0.0,-0.1,-0.165,,-5.5,-2.3,-7.8,0.0,2015-2016
891,67,Tyler Hansbrough,PF,30,CHO,2,6,0.0,0,0,0,0.0,0.0,0.0,0.0,0.0,0.0,0,0.0,,0.0,0.0,0.0,-0.011,,-3.0,-3.5,-6.5,0.0,2015-2016
892,68,Tim Hardaway Jr.,SG,23,ATL,9,87,3.1,.349,.538,.231,0.0,10.6,5.6,11.9,0.0,1.0,9.5,16.3,,-0.2,0.0,-0.1,-0.078,,-5.3,-2.3,-7.5,-0.1,2015-2016
893,69,James Harden,SG,26,HOU,5,193,21.8,.555,.420,.450,3.6,11.0,7.1,41.4,3.0,0.4,17.8,31.1,,0.3,0.1,0.4,.106,,7.5,1.3,8.8,0.5,2015-2016
894,70,Maurice Harkless,SF,22,POR,11,272,12.8,.500,.400,.227,8.1,13.2,10.6,4.3,1.8,0.9,8.3,20.7,,0.1,0.2,0.3,.055,,-0.7,-0.7,-1.4,0.0,2015-2016
895,71,Montrezl Harrell,PF,22,HOU,2,12,-1.0,.387,.333,.667,0.0,18.7,8.8,0.0,0.0,0.0,20.5,16.7,,0.0,0.0,0.0,-0.157,,-8.6,-4.4,-13.0,0.0,2015-2016
896,72,Devin Harris,PG,32,DAL,5,121,10.4,.567,.433,.333,0.9,13.1,6.8,10.8,1.3,0.0,8.0,14.3,,0.1,-0.1,0.0,.007,,-2.3,0.1,-2.2,0.0,2015-2016
897,73,Tobias Harris,PF,23,DET,4,156,16.5,.561,.261,.283,4.9,24.2,14.8,12.5,1.1,1.9,10.4,18.6,,0.3,0.0,0.2,.071,,1.1,0.3,1.4,0.1,2015-2016
898,74,Aaron Harrison,SG,21,CHO,2,7,-0.6,0,0,0,0.0,17.5,8.2,0.0,0.0,0.0,0,0.0,,0.0,0.0,0.0,.018,,-9.6,1.1,-8.5,0.0,2015-2016
899,75,Udonis Haslem,PF,35,MIA,9,85,11.4,.581,.000,.467,16.1,26.5,21.5,7.2,0.0,0.9,27.9,14.1,,0.1,0.1,0.2,.112,,-2.4,0.6,-1.9,0.0,2015-2016
900,76,Spencer Hawes,PF,27,CHO,5,53,14.9,.575,.308,.462,6.1,30.1,17.3,10.3,1.0,3.0,20.4,17.6,,0.0,0.1,0.1,.084,,-1.0,2.2,1.2,0.0,2015-2016
901,77,Gerald Henderson,SG,28,POR,11,234,9.3,.435,.232,.146,2.6,13.1,7.7,11.4,1.3,1.0,5.4,16.8,,0.0,0.1,0.1,.023,,-2.1,-0.5,-2.6,0.0,2015-2016
902,78,George Hill,PG,29,IND,7,235,17.0,.712,.474,.386,3.2,5.9,4.6,11.6,1.4,0.4,10.7,15.3,,0.8,0.2,0.9,.191,,3.0,1.3,4.2,0.4,2015-2016
903,79,Jordan Hill,C,28,IND,5,15,4.5,.000,.000,.000,16.5,28.5,22.9,19.4,0.0,0.0,0.0,9.6,,0.0,0.0,0.0,-0.013,,-2.5,-1.6,-4.1,0.0,2015-2016
904,80,Solomon Hill,SF,24,IND,7,198,11.5,.710,.613,.516,3.1,12.4,8.1,6.6,0.5,0.0,7.3,10.0,,0.5,0.2,0.7,.170,,0.7,0.9,1.5,0.2,2015-2016
905,81,Kirk Hinrich,PG,35,ATL,6,27,5.1,.357,.429,.000,0.0,15.2,8.0,16.3,0.0,0.0,0.0,11.6,,0.0,0.0,0.0,.012,,-5.4,-0.8,-6.2,0.0,2015-2016
906,82,John Holland,SF,27,BOS,1,1,-39.1,.000,1.000,.000,0.0,0.0,0.0,0.0,0.0,0.0,0.0,43.1,,0.0,0.0,0.0,-1.042,,-17.4,-9.2,-26.6,0.0,2015-2016
907,83,Al Horford,C,29,ATL,10,327,17.5,.545,.241,.138,4.5,16.3,10.7,15.6,1.8,6.6,12.1,19.2,,0.3,0.5,0.9,.127,,0.9,2.8,3.7,0.5,2015-2016
908,84,Dwight Howard,C,30,HOU,5,180,15.7,.510,.021,.792,14.4,27.4,20.5,8.2,1.1,3.4,15.6,17.5,,0.0,0.1,0.2,.046,,0.4,-0.9,-0.4,0.1,2015-2016
909,85,Josh Huestis,PF,24,OKC,2,10,10.6,.500,.667,.000,11.4,21.9,16.7,0.0,0.0,0.0,0.0,13.0,,0.0,0.0,0.0,.119,,0.8,-0.9,-0.1,0.0,2015-2016
910,86,Kris Humphries,PF,30,ATL,4,56,30.8,.604,.357,.214,16.1,29.4,23.0,13.7,1.8,8.0,6.1,26.1,,0.2,0.1,0.4,.319,,6.3,2.6,8.9,0.2,2015-2016
911,87,R.J. Hunter,SG,22,BOS,5,41,1.9,.278,.556,.000,2.4,13.6,7.6,11.2,0.0,2.2,10.0,10.5,,-0.1,0.1,0.0,-0.027,,-5.4,-0.2,-5.6,0.0,2015-2016
912,88,Serge Ibaka,PF,26,OKC,18,602,15.3,.629,.423,.123,4.3,16.4,10.5,2.5,1.2,3.1,5.0,13.0,,1.4,0.7,2.0,.163,,2.1,1.5,3.6,0.9,2015-2016
913,89,Andre Iguodala,SF,32,GSW,24,767,13.8,.563,.396,.348,5.0,9.7,7.4,16.6,1.9,1.0,10.8,12.1,,1.5,0.7,2.1,.133,,1.2,1.8,3.0,1.0,2015-2016
914,90,Kyrie Irving,PG,23,CLE,21,774,24.4,.574,.274,.208,2.3,7.1,4.7,23.5,2.5,1.6,9.4,30.4,,2.6,0.8,3.4,.210,,5.4,0.6,6.0,1.6,2015-2016
915,91,Reggie Jackson,PG,25,DET,4,147,18.1,.502,.327,.073,1.7,8.8,5.4,43.4,2.3,1.3,15.0,22.8,,0.2,-0.1,0.1,.047,,2.1,0.0,2.1,0.2,2015-2016
916,92,LeBron James,SF,31,CLE,21,822,30.0,.585,.225,.297,6.1,22.4,14.4,36.6,3.2,3.2,13.7,30.7,,3.2,1.5,4.7,.274,,7.4,3.6,11.0,2.7,2015-2016
917,93,Al Jefferson,C,31,CHO,7,168,21.8,.524,.000,.157,8.9,21.2,14.6,11.5,1.3,1.4,6.3,26.8,,0.2,0.2,0.4,.108,,2.7,-0.2,2.5,0.2,2015-2016
918,94,Richard Jefferson,SF,35,CLE,21,381,12.5,.614,.333,.238,5.0,17.7,11.5,5.4,1.4,0.3,12.3,12.8,,0.6,0.4,1.0,.124,,-0.9,0.9,0.0,0.2,2015-2016
919,95,Jonas Jerebko,PF,28,BOS,6,162,13.3,.571,.478,.109,4.2,23.4,13.2,10.9,0.6,2.2,9.4,14.1,,0.2,0.3,0.5,.138,,0.3,1.6,2.0,0.2,2015-2016
920,96,Amir Johnson,PF,28,BOS,6,134,16.7,.690,.061,.273,8.1,26.6,16.8,5.5,0.4,5.3,21.3,15.1,,0.2,0.3,0.4,.158,,-0.4,1.8,1.4,0.1,2015-2016
921,97,James Johnson,PF,28,TOR,10,98,9.5,.570,.360,.120,3.5,15.6,9.2,10.6,1.6,0.0,21.0,15.8,,0.0,0.1,0.1,.041,,-1.9,0.1,-1.9,0.0,2015-2016
922,98,Joe Johnson,SF,34,MIA,14,492,11.6,.504,.291,.152,1.8,13.5,7.9,11.6,0.9,0.5,9.6,18.1,,0.3,0.6,0.9,.090,,-1.1,-0.2,-1.3,0.1,2015-2016
923,99,Stanley Johnson,SF,19,DET,4,81,12.2,.670,.435,.087,0.0,23.3,12.0,0.0,0.7,0.0,11.2,16.7,,0.1,0.0,0.1,.030,,-1.1,0.0,-1.1,0.0,2015-2016
924,100,Tyler Johnson,SG,23,MIA,5,61,15.8,.663,.545,1.000,4.1,9.2,6.8,19.6,0.9,0.0,11.2,13.9,,0.2,0.1,0.3,.230,,2.2,1.0,3.2,0.1,2015-2016
925,101,Wesley Johnson,SF,28,LAC,6,77,10.8,.522,.643,.214,6.5,16.6,11.6,3.7,0.7,4.4,11.5,10.0,,0.1,0.1,0.2,.102,,-1.1,1.5,0.4,0.0,2015-2016
926,102,Dahntay Jones,SF,35,CLE,15,50,12.6,.559,.231,.385,0.0,16.3,8.3,5.9,1.1,1.9,6.2,15.0,,0.1,0.0,0.1,.116,,-0.6,1.0,0.4,0.0,2015-2016
927,103,James Jones,SF,35,CLE,12,55,-0.7,.255,.700,.400,2.2,6.3,4.3,7.2,0.0,0.0,7.8,10.7,,-0.1,0.0,-0.1,-0.079,,-5.5,-3.1,-8.6,-0.1,2015-2016
928,104,DeAndre Jordan,C,27,LAC,6,198,24.0,.547,.000,1.553,15.1,33.8,24.5,8.5,1.8,6.8,9.9,16.0,,0.4,0.5,1.0,.231,,2.7,2.6,5.3,0.4,2015-2016
929,105,Cory Joseph,SG,24,TOR,20,452,13.8,.524,.162,.216,2.8,8.5,5.4,18.9,2.1,0.4,12.0,18.9,,0.4,0.3,0.8,.082,,-0.3,1.2,0.8,0.3,2015-2016
930,106,Chris Kaman,C,33,POR,4,32,-1.2,.389,.000,.000,6.3,19.8,12.8,5.7,3.1,0.0,25.0,32.0,,-0.2,0.0,-0.2,-0.260,,-13.6,-0.5,-14.1,-0.1,2015-2016
931,107,Frank Kaminsky,C,22,CHO,7,190,10.3,.453,.370,.457,1.7,17.4,9.0,7.1,1.7,2.1,3.5,14.3,,0.0,0.2,0.2,.048,,-1.4,1.6,0.2,0.1,2015-2016
932,108,Kyle Korver,SG,34,ATL,10,316,12.3,.652,.720,.120,1.1,14.6,8.2,4.9,1.6,1.1,9.2,12.3,,0.5,0.4,0.8,.122,,-0.6,1.4,0.9,0.2,2015-2016
933,109,Jeremy Lamb,SG,23,CHO,3,12,39.5,.611,.111,.000,8.9,30.7,19.0,33.7,0.0,0.0,0.0,35.7,,0.1,0.0,0.1,.255,,17.0,1.0,18.0,0.1,2015-2016
934,110,Ty Lawson,PG,28,IND,7,74,5.0,.388,.167,.333,1.7,8.7,5.4,22.3,2.2,0.0,22.5,17.3,,-0.1,0.1,-0.1,-0.045,,-6.5,-0.6,-7.0,-0.1,2015-2016
935,111,Courtney Lee,SG,30,CHO,7,257,8.5,.521,.176,.294,2.1,7.2,4.4,6.0,1.2,0.9,8.0,11.6,,0.1,0.1,0.2,.045,,-2.8,0.6,-2.2,0.0,2015-2016
936,112,David Lee,PF,32,DAL,2,33,14.1,.750,.000,.000,3.4,18.5,10.6,5.5,0.0,0.0,0.0,11.2,,0.1,0.0,0.1,.104,,-0.8,-2.4,-3.2,0.0,2015-2016
937,113,Kawhi Leonard,SF,24,SAS,10,339,28.6,.597,.235,.307,5.1,15.7,10.7,14.7,4.0,3.2,7.8,28.1,,1.1,0.8,1.9,.271,,7.1,4.4,11.5,1.2,2015-2016
938,114,Damian Lillard,PG,25,POR,11,437,19.8,.527,.442,.322,2.7,8.4,5.5,28.1,1.6,0.5,10.7,30.2,,0.9,0.1,1.1,.118,,5.7,-1.2,4.5,0.7,2015-2016
939,115,Jeremy Lin,SG,27,CHO,7,189,14.5,.543,.222,.619,1.7,8.4,4.8,18.1,1.4,0.0,12.1,23.0,,0.2,0.1,0.3,.069,,-0.7,0.2,-0.5,0.1,2015-2016
940,116,Shaun Livingston,PG,30,GSW,24,514,14.0,.532,.006,.220,2.8,13.1,8.0,24.0,1.2,0.8,13.6,18.2,,0.7,0.4,1.2,.108,,-1.2,1.0,-0.3,0.2,2015-2016
941,117,Kevin Love,PF,27,CLE,20,613,17.9,.539,.464,.314,6.6,26.8,16.9,10.6,0.8,1.3,9.0,22.5,,1.3,0.7,2.0,.157,,3.1,-0.8,2.4,0.7,2015-2016
942,118,Kyle Lowry,PG,29,TOR,20,766,16.6,.508,.418,.315,2.7,12.6,7.4,29.2,2.2,0.3,14.4,26.5,,0.6,0.7,1.2,.077,,2.5,0.0,2.5,0.9,2015-2016
943,119,Ian Mahinmi,C,29,IND,7,172,11.6,.538,.000,.595,8.6,14.9,12.0,8.2,1.6,2.9,20.9,18.7,,0.0,0.3,0.2,.066,,-3.5,1.1,-2.4,0.0,2015-2016
944,120,Boban Marjanović,C,27,SAS,7,42,25.3,.752,.000,.750,11.7,25.9,19.3,11.6,0.0,3.7,15.8,21.0,,0.2,0.1,0.3,.336,,0.3,2.5,2.8,0.1,2015-2016
945,121,Jarell Martin,PF,21,MEM,2,46,7.1,.423,.000,.750,8.7,8.9,8.8,3.6,3.5,0.0,22.0,13.6,,-0.1,0.0,-0.1,-0.065,,-4.6,-1.3,-6.0,0.0,2015-2016
946,122,Kevin Martin,SG,32,SAS,5,49,6.0,.516,.400,.150,0.0,8.9,4.7,9.5,1.1,0.0,22.0,26.0,,-0.1,0.0,-0.1,-0.067,,-5.6,-1.7,-7.3,-0.1,2015-2016
947,123,Wesley Matthews,SF,29,DAL,5,173,9.7,.475,.583,.317,2.6,9.9,6.1,5.6,1.8,0.0,5.5,19.4,,0.0,-0.2,-0.1,-0.039,,-1.7,-1.1,-2.9,0.0,2015-2016
948,124,Luc Mbah a Moute,PF,29,LAC,5,78,5.7,.699,.000,.167,2.6,10.1,6.3,1.8,2.0,0.0,23.7,4.8,,0.0,0.1,0.1,.074,,-4.7,2.3,-2.4,0.0,2015-2016
949,125,James Michael McAdoo,PF,23,GSW,8,38,8.5,.434,.000,1.000,0.0,22.5,11.4,7.0,3.9,4.2,14.8,7.8,,0.0,0.1,0.1,.079,,-4.9,4.9,0.0,0.0,2015-2016
950,126,CJ McCollum,SG,24,POR,11,442,14.0,.518,.294,.234,1.6,7.9,4.6,14.2,1.1,0.9,8.4,22.9,,0.5,0.1,0.6,.062,,0.6,-1.4,-0.8,0.1,2015-2016
951,127,K.J. McDaniels,SF,22,HOU,4,34,7.3,.346,.231,.000,2.9,19.8,10.9,5.2,0.0,7.6,0.0,15.7,,0.0,0.0,0.0,-0.026,,-1.4,0.2,-1.2,0.0,2015-2016
952,128,JaVale McGee,C,28,DAL,2,14,-0.5,.431,.000,3.000,16.0,8.7,12.5,0.0,3.7,0.0,39.3,25.3,,-0.1,0.0,-0.1,-0.300,,-12.4,-2.3,-14.7,0.0,2015-2016
953,129,Jordan McRae,PG,24,CLE,2,4,110.5,1.125,.250,.000,0.0,58.2,29.5,0.0,0.0,0.0,0.0,46.2,,0.2,0.0,0.2,1.896,,42.8,15.0,57.8,0.1,2015-2016
954,130,Josh McRoberts,PF,28,MIA,10,134,13.7,.519,.206,.176,6.5,15.9,11.5,10.6,2.0,2.9,9.8,14.4,,0.2,0.3,0.4,.153,,-1.6,3.0,1.4,0.1,2015-2016
955,131,Jodie Meeks,SG,28,DET,1,2,46.3,1.000,.000,.000,0.0,0.0,0.0,0.0,0.0,0.0,0.0,25.1,,0.0,0.0,0.0,.312,,20.3,4.6,24.8,0.0,2015-2016
956,132,Salah Mejri,C,29,DAL,4,76,14.7,.622,.000,1.200,7.4,12.8,10.0,2.0,2.1,5.8,0.0,9.3,,0.2,0.0,0.1,.086,,-0.6,2.6,2.0,0.1,2015-2016
957,133,Jordan Mickey,PF,21,BOS,2,10,24.1,.500,.000,.000,9.8,11.1,10.4,39.8,0.0,8.9,0.0,17.2,,0.0,0.0,0.0,.229,,7.0,5.0,12.0,0.0,2015-2016
958,134,C.J. Miles,SF,28,IND,7,92,3.2,.305,.526,.079,5.4,23.3,15.0,7.5,0.6,0.9,7.1,22.1,,-0.3,0.1,-0.2,-0.091,,-6.3,-2.7,-8.9,-0.2,2015-2016
959,135,Andre Miller,PG,39,SAS,5,35,15.8,.571,.429,.286,7.0,9.3,8.3,27.8,0.0,0.0,0.0,10.5,,0.1,0.0,0.2,.231,,1.7,1.0,2.7,0.0,2015-2016
960,136,Patty Mills,PG,27,SAS,10,167,15.2,.571,.679,.208,0.0,9.1,4.8,17.9,2.2,0.0,12.2,18.4,,0.2,0.2,0.4,.124,,1.4,1.1,2.5,0.2,2015-2016
961,137,Paul Millsap,PF,30,ATL,10,365,17.6,.518,.241,.401,8.7,18.6,13.8,12.5,1.8,5.7,13.9,23.0,,0.2,0.6,0.8,.109,,0.5,1.5,2.1,0.4,2015-2016
962,138,Nazr Mohammed,C,38,OKC,5,10,8.2,.500,.000,.000,11.4,21.9,16.7,0.0,0.0,7.9,33.3,13.0,,0.0,0.0,0.0,-0.004,,-5.0,0.5,-4.6,0.0,2015-2016
963,139,Luis Montero,SG,22,POR,6,8,42.2,1.333,.667,.000,0.0,0.0,0.0,0.0,0.0,0.0,0.0,16.0,,0.0,0.0,0.0,.265,,21.8,4.9,26.7,0.1,2015-2016
964,140,Marcus Morris,SF,26,DET,4,144,16.7,.621,.383,.489,1.8,9.0,5.5,11.6,0.8,0.0,8.0,21.7,,0.4,-0.1,0.3,.096,,1.1,-0.6,0.4,0.1,2015-2016
965,141,Anthony Morrow,SG,30,OKC,14,76,12.7,.651,.583,.417,0.0,2.9,1.5,2.0,0.7,0.0,12.3,18.5,,0.2,0.0,0.2,.120,,1.1,-0.2,0.9,0.1,2015-2016
966,142,Donatas Motiejūnas,PF,25,HOU,5,98,11.6,.495,.243,.459,10.2,18.3,14.0,9.7,2.0,1.8,21.2,23.7,,-0.1,0.1,-0.1,-0.044,,-1.1,-0.7,-1.7,0.0,2015-2016
967,143,Timofey Mozgov,C,29,CLE,13,76,4.7,.447,.000,.267,7.9,24.5,16.3,3.7,2.1,3.8,32.3,15.1,,-0.2,0.1,0.0,-0.023,,-8.4,0.8,-7.6,-0.1,2015-2016
968,144,Xavier Munford,SG,23,MEM,4,89,6.7,.329,.286,.071,1.1,12.2,5.8,19.9,3.6,3.0,14.8,17.5,,-0.2,0.0,-0.2,-0.106,,-4.0,1.8,-2.2,0.0,2015-2016
969,145,Mike Muscala,C,24,ATL,9,67,13.7,.575,.300,.100,11.8,15.3,13.6,7.4,0.0,1.3,12.6,16.0,,0.1,0.0,0.2,.109,,0.2,-1.0,-0.8,0.0,2015-2016
970,146,Lucas Nogueira,C,23,TOR,5,29,11.3,.750,.000,.000,3.9,30.8,16.5,0.0,0.0,0.0,0.0,6.4,,0.1,0.0,0.1,.138,,-0.8,0.1,-0.7,0.0,2015-2016
971,147,Dirk Nowitzki,PF,37,DAL,5,170,18.7,.564,.133,.205,2.0,15.0,8.2,9.5,0.6,1.5,7.2,26.6,,0.3,-0.2,0.1,.034,,3.2,-1.0,2.2,0.2,2015-2016
972,148,Kelly Olynyk,C,24,BOS,4,32,-8.3,.111,.333,.000,6.1,7.0,6.5,14.0,1.5,0.0,30.8,17.5,,-0.2,0.0,-0.2,-0.275,,-12.6,-3.3,-16.0,-0.1,2015-2016
973,149,Zaza Pachulia,C,31,DAL,5,112,17.2,.524,.000,.708,10.0,18.5,14.1,21.7,1.4,0.8,6.0,13.8,,0.3,-0.1,0.3,.109,,2.4,2.0,4.5,0.2,2015-2016
974,150,Tony Parker,PG,33,SAS,10,264,14.3,.499,.163,.143,0.5,8.7,4.8,31.4,1.2,0.6,14.7,21.5,,0.2,0.3,0.4,.080,,-0.4,-0.3,-0.7,0.1,2015-2016
975,151,Lamar Patterson,SG,24,ATL,4,20,2.7,.403,.429,.143,0.0,25.7,13.4,22.9,2.5,0.0,35.0,25.6,,-0.1,0.0,-0.1,-0.183,,-7.8,0.5,-7.3,0.0,2015-2016
976,152,Patrick Patterson,PF,26,TOR,20,583,10.1,.519,.515,.191,5.6,10.5,7.9,6.8,0.6,1.4,10.9,13.2,,0.5,0.3,0.7,.061,,0.4,-0.5,-0.1,0.3,2015-2016
977,153,Chris Paul,PG,30,LAC,4,125,33.2,.575,.263,.197,3.2,9.4,6.3,48.5,3.7,0.0,4.6,30.9,,0.7,0.2,0.8,.322,,9.1,4.9,14.0,0.5,2015-2016
978,154,Cameron Payne,PG,21,OKC,10,64,-0.6,.324,.385,.154,0.0,6.9,3.5,18.2,1.6,2.5,22.4,24.3,,-0.3,0.1,-0.3,-0.189,,-7.6,-3.6,-11.1,-0.1,2015-2016
979,155,Paul Pierce,SF,38,LAC,5,54,-3.4,.218,.417,.333,0.0,10.9,5.5,2.5,1.9,0.0,12.7,13.0,,-0.2,0.1,-0.2,-0.141,,-9.2,-1.7,-10.9,-0.1,2015-2016
980,156,Mason Plumlee,C,25,POR,11,306,15.3,.456,.000,.471,12.1,32.0,21.8,25.7,1.1,2.8,22.8,15.3,,0.2,0.4,0.6,.090,,-0.4,2.6,2.2,0.3,2015-2016
981,157,Dwight Powell,PF,24,DAL,4,64,17.1,.503,.053,.579,15.8,15.2,15.5,10.5,0.8,0.0,4.0,18.0,,0.1,-0.1,0.1,.063,,3.2,-1.9,1.2,0.1,2015-2016
982,158,Norman Powell,SG,22,TOR,18,206,11.4,.462,.371,.114,2.2,14.2,7.9,5.1,3.4,0.9,6.4,17.7,,0.0,0.3,0.2,.055,,-0.8,1.5,0.7,0.1,2015-2016
983,159,Pablo Prigioni,PG,38,LAC,5,26,-6.3,.000,.400,.000,7.7,3.8,5.7,34.8,0.0,0.0,37.5,13.7,,-0.1,0.0,-0.1,-0.222,,-12.2,-3.4,-15.6,-0.1,2015-2016
984,160,Zach Randolph,PF,34,MEM,4,120,11.6,.400,.000,.113,12.6,22.7,16.9,12.3,0.4,0.0,9.7,27.6,,-0.2,0.0,-0.2,-0.091,,-0.2,-3.8,-4.0,-0.1,2015-2016
985,161,JJ Redick,SG,31,LAC,6,166,11.1,.504,.392,.038,0.6,6.5,3.6,5.3,0.3,0.5,5.9,22.9,,0.0,0.1,0.1,.026,,-0.2,-2.3,-2.5,0.0,2015-2016
986,162,Josh Richardson,SG,22,MIA,14,387,8.8,.489,.517,.157,3.2,11.6,7.6,8.5,0.8,2.6,11.2,13.2,,0.1,0.6,0.7,.085,,-1.6,0.9,-0.8,0.1,2015-2016
987,163,Austin Rivers,SG,23,LAC,6,144,12.4,.477,.279,.148,2.8,8.2,5.5,18.7,1.1,0.0,9.7,22.3,,0.0,0.1,0.1,.037,,-1.3,-0.4,-1.8,0.0,2015-2016
988,164,Andre Roberson,SG,24,OKC,18,471,11.6,.527,.430,.233,6.0,17.7,12.0,4.2,2.5,3.2,10.4,9.8,,0.4,0.7,1.1,.111,,-0.5,3.2,2.7,0.6,2015-2016
989,165,Brian Roberts,PG,30,POR,10,36,1.1,.344,.444,.667,2.8,0.0,1.4,11.7,0.0,0.0,7.9,15.0,,0.0,0.0,-0.1,-0.075,,-7.4,-4.7,-12.1,-0.1,2015-2016
990,166,Glenn Robinson III,SF,22,IND,4,10,32.4,.788,.000,.250,0.0,0.0,0.0,0.0,0.0,8.4,0.0,21.4,,0.1,0.0,0.1,.284,,10.2,4.1,14.2,0.0,2015-2016
991,167,Terrence Ross,SF,24,TOR,20,335,10.0,.493,.538,.168,1.4,10.7,5.7,5.8,2.1,1.3,11.1,19.9,,-0.1,0.3,0.2,.023,,-0.4,0.2,-0.2,0.1,2015-2016
992,168,Terry Rozier,PG,21,BOS,5,99,9.6,.503,.478,.087,3.0,15.8,9.0,9.9,0.5,2.7,7.7,11.3,,0.0,0.2,0.2,.096,,-0.9,1.6,0.7,0.1,2015-2016
993,169,Brandon Rush,SG,30,GSW,14,110,7.8,.551,.600,.100,0.0,22.3,11.3,3.8,0.9,1.5,8.7,9.1,,0.0,0.1,0.2,.073,,-2.8,0.7,-2.1,0.0,2015-2016
994,170,Dennis Schröder,PG,22,ATL,10,191,16.1,.533,.337,.125,3.5,7.0,5.3,37.1,1.1,0.5,16.1,30.7,,0.1,0.1,0.2,.050,,1.5,-1.3,0.2,0.1,2015-2016
995,171,Luis Scola,PF,35,TOR,11,140,2.7,.391,.677,.355,1.6,14.6,7.7,7.7,1.2,0.0,12.2,13.5,,-0.2,0.1,-0.1,-0.026,,-5.1,-0.5,-5.6,-0.1,2015-2016
996,172,Mike Scott,PF,27,ATL,10,161,15.1,.747,.400,.200,3.5,17.2,10.7,5.2,0.9,1.7,15.5,14.3,,0.3,0.2,0.5,.153,,0.1,1.6,1.7,0.2,2015-2016
997,173,Thabo Sefolosha,SF,31,ATL,10,203,13.5,.561,.413,.326,4.4,16.7,10.9,13.0,2.5,2.7,16.0,13.8,,0.1,0.3,0.5,.110,,-0.7,2.9,2.2,0.2,2015-2016
998,174,Iman Shumpert,SG,25,CLE,21,367,7.1,.540,.567,.183,3.3,11.7,7.6,6.3,1.4,0.8,16.7,9.8,,0.2,0.3,0.5,.062,,-2.7,0.9,-1.9,0.0,2015-2016
999,175,Jonathon Simmons,SG,26,SAS,3,26,16.7,.506,.300,.200,14.2,4.2,8.9,11.8,4.0,0.0,8.4,21.3,,0.0,0.0,0.1,.156,,0.4,0.6,1.0,0.0,2015-2016
1000,176,Kyle Singler,SF,27,OKC,6,51,3.6,.405,.444,.222,2.2,12.9,7.7,0.0,1.0,0.0,0.0,8.4,,0.0,0.0,0.0,.020,,-3.7,-0.2,-3.9,0.0,2015-2016
1001,177,Marcus Smart,PG,21,BOS,6,193,12.1,.520,.533,.350,4.1,11.0,7.3,15.8,2.5,2.3,17.8,18.8,,0.0,0.4,0.3,.083,,-0.4,2.4,2.0,0.2,2015-2016
1002,178,J.R. Smith,SG,30,CLE,21,730,12.5,.613,.803,.112,1.1,9.6,5.4,5.8,1.9,0.7,5.3,13.2,,1.4,0.6,2.1,.135,,0.8,0.9,1.8,0.7,2015-2016
1003,179,Josh Smith,PF,30,HOU,4,38,7.6,.576,.615,.154,2.6,3.0,2.8,19.9,1.3,2.3,26.5,20.4,,0.0,0.0,0.0,-0.045,,-0.2,0.3,0.1,0.0,2015-2016
1004,180,Marreese Speights,C,28,GSW,24,201,14.2,.509,.364,.263,8.2,17.0,12.7,9.5,0.7,3.2,13.2,33.1,,-0.1,0.2,0.2,.040,,-2.7,-1.0,-3.7,-0.1,2015-2016
1005,181,Lance Stephenson,SF,25,MEM,4,95,16.8,.563,.114,.114,1.1,7.2,3.7,17.4,0.6,0.0,6.1,23.8,,0.2,-0.1,0.1,.066,,2.9,-1.7,1.2,0.1,2015-2016
1006,182,Amar'e Stoudemire,C,33,MIA,9,82,12.4,.666,.000,.421,4.6,13.7,9.4,0.0,3.2,2.8,28.6,18.3,,0.0,0.2,0.2,.103,,-5.6,1.9,-3.7,0.0,2015-2016
1007,183,Rodney Stuckey,PG,29,IND,7,125,11.1,.468,.233,.209,1.0,12.0,6.9,20.3,1.7,0.7,11.3,20.4,,0.0,0.1,0.1,.047,,-1.4,0.6,-0.8,0.0,2015-2016
1008,184,Jared Sullinger,PF,23,BOS,6,81,5.6,.354,.095,.095,12.1,23.4,17.4,15.9,0.6,0.0,12.1,26.5,,-0.3,0.1,-0.1,-0.077,,-5.3,-2.0,-7.4,-0.1,2015-2016
1009,185,Jeff Teague,PG,27,ATL,10,279,14.9,.504,.298,.430,1.2,5.9,3.7,37.7,1.1,0.6,14.8,27.1,,0.3,0.2,0.4,.071,,0.0,-1.6,-1.5,0.0,2015-2016
1010,186,Jason Terry,SG,38,HOU,5,124,5.5,.445,.500,.079,0.8,9.0,4.7,8.3,0.8,0.7,7.1,14.0,,0.0,0.0,0.0,-0.011,,-3.1,-1.3,-4.4,-0.1,2015-2016
1011,187,Isaiah Thomas,PG,26,BOS,6,220,17.4,.519,.387,.395,0.9,8.1,4.3,27.9,0.9,2.0,9.1,30.1,,0.2,0.3,0.5,.118,,3.9,-0.2,3.7,0.3,2015-2016
1012,188,Jason Thompson,C,29,TOR,10,55,6.2,.388,.111,.333,12.4,11.6,12.0,2.9,0.0,1.6,8.8,9.5,,0.0,0.0,0.0,.014,,-2.7,-3.3,-6.1,-0.1,2015-2016
1013,189,Klay Thompson,SG,25,GSW,24,849,19.5,.588,.510,.212,1.9,9.2,5.6,11.1,1.5,0.9,8.7,28.0,,1.9,0.6,2.5,.143,,4.6,-0.4,4.2,1.3,2015-2016
1014,190,Tristan Thompson,PF,24,CLE,21,622,14.2,.559,.000,.785,16.6,19.1,17.8,3.4,0.7,2.8,12.0,10.6,,1.4,0.6,2.0,.155,,0.0,-1.1,-1.1,0.1,2015-2016
1015,191,Anthony Tolliver,PF,30,DET,3,26,10.2,.500,.500,.000,4.9,13.6,9.4,5.7,0.0,3.8,0.0,7.7,,0.0,0.0,0.0,.014,,0.0,-0.5,-0.5,0.0,2015-2016
1016,192,Evan Turner,SG,27,BOS,6,214,9.8,.425,.165,.212,3.7,13.5,8.3,22.6,1.8,2.5,15.5,22.1,,-0.4,0.4,0.0,.005,,-2.4,0.8,-1.6,0.0,2015-2016
1017,193,Myles Turner,C,19,IND,7,197,14.2,.480,.028,.127,10.0,15.8,13.1,2.9,0.5,9.8,13.8,21.2,,-0.1,0.3,0.2,.050,,-3.6,1.4,-2.2,0.0,2015-2016
1018,194,Jonas Valančiūnas,C,23,TOR,12,321,26.8,.601,.000,.325,16.9,32.2,24.1,7.0,1.7,3.9,11.6,22.4,,1.0,0.5,1.5,.226,,4.9,0.8,5.7,0.6,2015-2016
1019,195,Anderson Varejão,C,33,GSW,17,93,12.4,.447,.000,1.357,14.2,10.3,12.2,18.6,1.1,1.7,8.2,11.5,,0.2,0.1,0.3,.149,,-1.1,1.9,0.8,0.1,2015-2016
1020,196,Charlie Villanueva,PF,31,DAL,4,20,0.5,.349,.417,.167,0.0,12.2,5.8,8.5,0.0,0.0,7.2,32.1,,-0.1,0.0,-0.1,-0.287,,-4.5,-3.5,-8.0,0.0,2015-2016
1021,197,Noah Vonleh,PF,20,POR,6,12,9.6,.000,.000,.000,8.3,26.3,17.1,21.8,8.3,0.0,0.0,10.7,,0.0,0.0,0.0,-0.013,,-2.0,5.8,3.8,0.0,2015-2016
1022,198,Dwyane Wade,SG,34,MIA,14,473,22.3,.532,.091,.252,3.2,15.9,9.9,25.4,1.2,2.1,11.9,32.2,,0.7,0.8,1.5,.148,,4.2,0.7,4.9,0.8,2015-2016
1023,199,Dion Waiters,SG,24,OKC,18,491,9.3,.520,.424,.227,1.4,9.2,5.3,12.5,1.0,0.5,12.1,14.6,,0.4,0.3,0.7,.065,,-1.7,0.6,-1.1,0.1,2015-2016
1024,200,Kemba Walker,PG,25,CHO,7,260,18.2,.472,.281,.229,1.2,8.5,4.6,24.0,1.8,1.2,6.7,33.0,,-0.1,0.2,0.1,.016,,3.8,-0.4,3.4,0.4,2015-2016
1025,201,Briante Weber,PG,23,MIA,2,6,5.4,.000,.000,.000,0.0,0.0,0.0,22.2,8.9,0.0,0.0,7.9,,0.0,0.0,0.0,.024,,-6.2,9.6,3.4,0.0,2015-2016
1026,202,David West,PF,35,SAS,10,176,14.4,.492,.109,.164,9.1,14.8,12.1,11.1,1.8,3.1,10.6,17.4,,0.1,0.3,0.4,.116,,-0.4,1.4,0.9,0.1,2015-2016
1027,203,Russell Westbrook,PG,27,OKC,18,674,26.9,.515,.267,.356,6.9,13.5,10.3,52.4,3.4,0.2,14.6,34.3,,2.0,0.9,2.9,.208,,7.4,1.7,9.1,1.9,2015-2016
1028,204,Hassan Whiteside,C,26,MIA,10,291,24.3,.679,.000,.638,11.1,32.1,22.1,1.7,1.5,7.5,12.8,16.6,,0.8,0.8,1.7,.275,,2.1,3.7,5.8,0.6,2015-2016
1029,205,C.J. Wilcox,SG,25,LAC,2,7,-1.4,.000,.000,.000,0.0,14.0,7.1,18.4,0.0,0.0,0.0,6.4,,0.0,0.0,0.0,-0.066,,-8.2,-0.9,-9.1,0.0,2015-2016
1030,206,Deron Williams,PG,31,DAL,3,49,1.2,.417,.389,.000,0.0,5.0,2.4,26.5,1.1,0.0,28.0,23.6,,-0.2,-0.1,-0.3,-0.254,,-4.3,-1.4,-5.8,0.0,2015-2016
1031,207,Marvin Williams,PF,29,CHO,7,228,6.0,.341,.333,.078,3.3,22.1,12.0,4.4,1.4,1.0,3.7,11.4,,-0.3,0.2,-0.1,-0.021,,-3.3,-0.9,-4.2,-0.1,2015-2016
1032,208,Mo Williams,PG,33,CLE,13,68,-3.3,.346,.464,.071,0.0,10.3,5.2,6.5,3.1,0.0,25.7,26.4,,-0.4,0.1,-0.3,-0.245,,-10.7,-2.8,-13.5,-0.2,2015-2016
1033,209,Justise Winslow,SF,19,MIA,13,330,10.1,.516,.243,.405,6.4,15.7,11.3,3.7,1.3,0.9,12.1,14.3,,0.2,0.5,0.7,.101,,-2.2,0.8,-1.4,0.1,2015-2016
1034,210,Delon Wright,PG,23,TOR,9,41,12.0,.445,.100,1.300,2.8,9.3,5.9,11.6,3.9,0.0,11.3,20.0,,0.0,0.0,0.0,.035,,-1.0,0.3,-0.7,0.0,2015-2016
1035,211,Dorell Wright,SF,30,MIA,5,19,36.1,.680,.500,.400,0.0,35.5,18.7,21.6,0.0,0.0,0.0,29.5,,0.2,0.0,0.2,.479,,9.1,4.6,13.6,0.1,2015-2016
1036,212,James Young,SG,20,BOS,3,10,-6.5,.333,.333,.000,0.0,0.0,0.0,0.0,0.0,0.0,25.0,17.2,,0.0,0.0,0.0,-0.201,,-11.1,-4.0,-15.1,0.0,2015-2016
1037,213,Joe Young,PG,23,IND,4,10,9.7,.507,.500,.250,0.0,10.7,5.7,25.8,0.0,0.0,18.4,52.3,,0.0,0.0,0.0,-0.126,,-6.1,-4.3,-10.4,0.0,2015-2016
1038,214,Cody Zeller,C,23,CHO,7,137,16.8,.624,.000,.553,7.0,25.1,15.4,2.9,0.4,1.7,12.9,18.9,,0.3,0.1,0.4,.141,,-0.9,0.5,-0.4,0.1,2015-2016
1039,215,Tyler Zeller,C,26,BOS,3,38,18.8,.510,.000,.400,10.3,32.2,20.6,10.1,0.0,4.7,10.2,22.3,,0.0,0.1,0.1,.130,,2.9,1.1,4.0,0.1,2015-2016
1040,1,Álex Abrines,SG,23,OKC,5,80,7.0,.485,.739,.174,2.6,10.0,6.1,7.1,0.0,0.0,0.0,13.3,,0.1,0.0,0.1,.033,,-2.8,-1.9,-4.7,-0.1,2016-2017
1041,2,Steven Adams,C,23,OKC,5,157,15.4,.609,.000,.393,11.1,12.4,11.7,6.5,1.9,5.5,10.9,10.0,,0.3,0.1,0.4,.116,,-0.5,0.9,0.5,0.1,2016-2017
1042,3,LaMarcus Aldridge,PF,31,SAS,16,537,15.2,.500,.058,.229,8.9,17.0,12.8,7.2,1.0,2.9,9.6,24.1,,0.2,0.4,0.6,.058,,-0.9,-0.8,-1.7,0.0,2016-2017
1043,4,Lavoy Allen,PF,27,IND,3,11,-2.6,0,0,0,0.0,21.7,10.7,0.0,0.0,0.0,100.0,4.0,,0.0,0.0,0.0,-0.145,,-6.8,-1.9,-8.8,0.0,2016-2017
1044,5,Al-Farouq Aminu,PF,26,POR,4,113,12.4,.574,.459,.297,4.4,21.2,12.2,6.0,1.2,3.0,17.7,18.7,,0.0,0.1,0.0,.016,,-0.2,0.1,-0.1,0.1,2016-2017
1045,6,Kyle Anderson,SF,23,SAS,15,195,21.6,.603,.156,.172,6.8,21.0,13.6,20.1,2.6,1.0,9.2,17.2,,0.5,0.2,0.8,.187,,3.5,3.3,6.8,0.4,2016-2017
1046,7,Ryan Anderson,PF,28,HOU,11,336,8.5,.520,.652,.174,4.9,13.2,9.2,3.1,0.6,0.5,8.3,14.1,,0.1,0.3,0.4,.058,,-0.8,-2.0,-2.7,-0.1,2016-2017
1047,8,Giannis Antetokounmpo,SF,22,MIL,6,243,21.9,.563,.089,.411,4.6,25.1,14.1,20.6,2.8,4.0,13.1,29.9,,0.1,0.6,0.7,.138,,3.8,2.8,6.6,0.5,2016-2017
1048,9,Joel Anthony,C,34,SAS,3,15,19.6,.676,.000,.250,14.8,16.1,15.4,0.0,0.0,13.2,18.4,16.1,,0.0,0.0,0.0,.119,,-1.9,1.0,-0.8,0.0,2016-2017
1049,10,Trevor Ariza,SF,31,HOU,11,413,10.5,.572,.629,.144,2.1,12.2,7.3,8.3,1.7,0.4,8.0,11.9,,0.4,0.4,0.9,.101,,0.3,0.7,1.0,0.3,2016-2017
1050,11,Wade Baldwin,PG,20,MEM,3,12,13.1,.532,.000,2.000,10.8,32.4,21.6,23.5,0.0,0.0,0.0,7.9,,0.0,0.0,0.0,.182,,-4.4,1.1,-3.3,0.0,2016-2017
1051,12,Matt Barnes,SF,36,GSW,12,61,0.8,.300,.533,.000,0.0,14.9,8.0,13.8,1.6,0.0,16.7,12.7,,-0.1,0.1,-0.1,-0.040,,-6.6,-0.5,-7.1,-0.1,2016-2017
1052,13,Brandon Bass,PF,31,LAC,1,4,25.5,.333,.000,.000,31.0,0.0,15.9,0.0,13.4,0.0,0.0,36.1,,0.0,0.0,0.0,.029,,4.3,1.3,5.6,0.0,2016-2017
1053,14,Kent Bazemore,SF,27,ATL,6,150,9.4,.499,.453,.264,3.0,14.3,8.6,20.8,1.3,2.7,21.3,21.2,,-0.2,0.2,0.0,.007,,-2.6,1.5,-1.1,0.0,2016-2017
1054,15,Bradley Beal,SG,23,WAS,13,505,18.0,.565,.390,.236,3.4,6.7,5.0,11.8,2.1,1.4,8.6,26.7,,0.8,0.4,1.2,.112,,3.3,-0.8,2.5,0.6,2016-2017
1055,16,Michael Beasley,PF,28,MIL,4,48,3.3,.391,.250,.200,4.7,18.9,11.3,3.6,1.1,2.0,8.4,23.6,,-0.2,0.1,-0.1,-0.083,,-5.1,-1.3,-6.4,-0.1,2016-2017
1056,17,Dāvis Bertāns,PF,24,SAS,13,112,11.7,.607,.741,.222,5.0,16.1,10.3,3.7,1.4,3.5,16.8,14.1,,0.1,0.1,0.2,.076,,0.0,0.0,0.0,0.1,2016-2017
1057,18,Patrick Beverley,SG,28,HOU,11,325,13.2,.530,.477,.128,7.2,13.0,10.1,16.1,2.5,0.5,13.5,18.0,,0.2,0.4,0.7,.099,,0.9,0.6,1.5,0.3,2016-2017
1058,19,Bojan Bogdanović,SF,27,WAS,13,264,13.6,.569,.517,.368,4.4,20.2,12.3,4.9,1.1,0.3,7.3,17.8,,0.4,0.2,0.6,.113,,1.3,-1.3,0.0,0.1,2016-2017
1059,20,Joel Bolomboy,PF,23,UTA,2,9,21.8,.667,.000,.000,0.0,26.8,13.3,0.0,0.0,9.9,0.0,15.9,,0.0,0.0,0.0,.164,,3.9,2.8,6.6,0.0,2016-2017
1060,21,Avery Bradley,SG,26,BOS,18,645,12.0,.530,.419,.099,3.2,10.0,6.4,10.4,1.8,0.4,9.8,22.1,,-0.1,0.3,0.2,.016,,-0.5,-1.6,-2.1,0.0,2016-2017
1061,22,Malcolm Brogdon,SG,24,MIL,6,183,8.1,.491,.382,.000,1.8,16.3,8.5,19.0,0.9,1.1,17.9,17.5,,-0.2,0.3,0.1,.020,,-2.5,-0.8,-3.3,-0.1,2016-2017
1062,23,Aaron Brooks,PG,32,IND,1,7,23.5,.833,.667,.000,0.0,17.0,8.4,25.6,0.0,0.0,25.0,25.0,,0.0,0.0,0.0,.109,,8.3,-0.2,8.1,0.0,2016-2017
1063,24,Bobby Brown,PG,32,HOU,5,22,31.7,.625,.550,.000,0.0,9.6,4.9,14.4,0.0,0.0,0.0,39.9,,0.1,0.0,0.1,.158,,12.0,-1.7,10.3,0.1,2016-2017
1064,25,Jaylen Brown,SF,20,BOS,17,215,10.6,.539,.324,.254,6.3,13.5,9.8,9.5,1.4,0.8,14.1,19.4,,0.0,0.1,0.1,.022,,-2.8,-1.0,-3.8,-0.1,2016-2017
1065,26,Trey Burke,PG,24,WAS,3,20,-1.6,.000,.500,.000,0.0,0.0,0.0,30.2,0.0,0.0,0.0,8.6,,0.0,0.0,0.0,-0.108,,-6.9,-3.1,-10.0,0.0,2016-2017
1066,27,Jimmy Butler,SF,27,CHI,6,239,19.4,.528,.213,.435,4.3,16.2,10.3,19.3,2.2,2.2,10.4,27.1,,0.3,0.3,0.6,.116,,2.7,0.6,3.3,0.3,2016-2017
1067,28,José Calderón,PG,35,ATL,6,75,12.4,.565,.522,.000,3.0,9.0,6.0,27.3,1.3,1.1,14.8,15.3,,0.1,0.1,0.2,.111,,-0.5,2.3,1.7,0.1,2016-2017
1068,29,Isaiah Canaan,SG,25,CHI,3,95,9.7,.611,.538,.231,0.0,4.6,2.4,6.8,1.6,0.0,14.9,16.0,,0.1,0.0,0.1,.047,,-1.7,0.0,-1.7,0.0,2016-2017
1069,30,Clint Capela,C,22,HOU,11,286,21.1,.585,.012,.476,10.1,25.8,18.1,6.9,1.4,7.5,7.5,16.5,,0.6,0.6,1.2,.199,,2.4,2.1,4.4,0.5,2016-2017
1070,31,DeMarre Carroll,SF,30,TOR,10,155,10.4,.513,.595,.243,3.2,17.8,10.5,5.1,2.7,2.9,10.9,13.9,,-0.1,0.2,0.2,.060,,-1.3,2.2,0.9,0.1,2016-2017
1071,32,Vince Carter,SF,40,MEM,6,195,8.1,.610,.476,.167,2.6,10.6,6.6,7.6,0.6,0.0,18.2,14.2,,0.1,-0.1,0.0,-0.001,,-1.2,-1.4,-2.6,0.0,2016-2017
1072,33,Michael Carter-Williams,PG,25,CHI,5,53,3.4,.418,.067,.267,2.1,6.2,4.2,17.6,2.0,1.9,26.4,19.3,,-0.2,0.0,-0.1,-0.111,,-6.9,-0.4,-7.3,-0.1,2016-2017
1073,34,Semaj Christon,PG,24,OKC,2,21,15.2,.500,.600,.000,0.0,16.3,7.7,33.6,2.3,0.0,0.0,10.2,,0.0,0.0,0.1,.140,,0.3,2.8,3.1,0.0,2016-2017
1074,35,Ian Clark,SG,25,GSW,16,219,13.6,.630,.456,.215,2.1,10.1,6.4,7.1,1.3,0.0,11.3,19.1,,0.3,0.3,0.6,.122,,-0.6,-0.3,-0.9,0.1,2016-2017
1075,36,Norris Cole,PG,28,OKC,4,25,-4.6,.313,.500,.000,0.0,4.6,2.2,5.5,0.0,3.8,20.0,17.1,,-0.1,0.0,-0.1,-0.203,,-10.4,-3.8,-14.2,-0.1,2016-2017
1076,37,Mike Conley,PG,29,MEM,6,224,27.4,.620,.369,.359,0.6,11.0,5.8,38.5,2.5,1.2,9.1,29.4,,0.9,0.1,1.0,.204,,9.3,1.7,11.0,0.7,2016-2017
1077,38,Pat Connaughton,SG,24,POR,3,24,10.4,.339,.667,.333,4.1,28.6,15.5,25.4,0.0,0.0,0.0,17.9,,0.0,0.0,0.0,-0.034,,-0.5,-1.2,-1.7,0.0,2016-2017
1078,39,Allen Crabbe,SG,24,POR,4,92,3.7,.434,.542,.125,0.0,14.9,6.9,3.4,0.5,0.0,3.8,11.9,,-0.1,0.0,-0.1,-0.043,,-4.4,-1.7,-6.2,-0.1,2016-2017
1079,40,Jamal Crawford,SG,36,LAC,7,196,10.6,.498,.301,.145,1.3,4.7,2.9,11.4,1.1,0.5,9.3,23.9,,-0.1,0.2,0.1,.012,,-0.8,-1.2,-2.0,0.0,2016-2017
1080,41,Jae Crowder,SF,26,BOS,18,596,14.5,.554,.440,.240,3.8,19.3,11.3,12.4,1.6,0.9,5.1,17.7,,0.9,0.4,1.3,.108,,0.4,-0.1,0.3,0.3,2016-2017
1081,42,Stephen Curry,PG,28,GSW,17,601,27.1,.659,.551,.365,4.2,14.1,9.5,29.5,2.7,0.5,13.8,30.0,,2.3,1.1,3.4,.272,,8.3,1.4,9.7,1.8,2016-2017
1082,43,Troy Daniels,SG,25,MEM,6,68,4.7,.500,1.000,.000,1.9,7.6,4.8,4.4,1.6,0.0,18.2,8.1,,0.0,0.0,0.0,-0.033,,-1.5,-1.2,-2.7,0.0,2016-2017
1083,44,Deyonta Davis,C,20,MEM,3,11,27.7,.595,.000,.400,23.5,35.4,29.4,0.0,0.0,0.0,0.0,26.8,,0.0,0.0,0.0,.215,,3.7,-4.6,-0.8,0.0,2016-2017
1084,45,Dewayne Dedmon,C,27,SAS,12,97,21.7,.607,.000,1.391,24.0,32.3,28.0,4.6,1.1,3.1,17.7,20.6,,0.2,0.1,0.3,.170,,0.8,-0.5,0.2,0.1,2016-2017
1085,46,Sam Dekker,PF,22,HOU,4,31,12.4,.375,.500,.000,17.9,17.0,17.4,4.8,1.6,2.5,0.0,17.0,,0.0,0.0,0.1,.078,,2.3,-2.3,0.0,0.0,2016-2017
1086,47,Malcolm Delaney,PG,27,ATL,1,3,105.5,1.031,.333,.667,0.0,37.5,18.7,0.0,0.0,0.0,0.0,54.8,,0.1,0.0,0.1,1.801,,39.0,13.0,52.0,0.0,2016-2017
1087,48,Matthew Dellavedova,PG,26,MIL,6,159,6.9,.507,.390,.244,0.7,9.0,4.5,12.1,0.3,0.0,13.4,15.7,,-0.1,0.2,0.1,.029,,-2.8,-1.8,-4.6,-0.1,2016-2017
1088,49,DeMar DeRozan,SG,27,TOR,10,373,16.6,.533,.086,.457,1.3,14.5,8.0,17.1,1.9,0.0,10.6,29.6,,0.1,0.4,0.5,.062,,0.7,-0.5,0.2,0.2,2016-2017
1089,50,Boris Diaw,PF,34,UTA,11,203,11.9,.601,.292,.208,1.8,10.7,6.2,17.4,1.8,1.8,21.1,15.6,,0.1,0.2,0.3,.061,,-0.1,1.8,1.7,0.2,2016-2017
1090,51,Mike Dunleavy,SF,36,ATL,6,53,3.5,.685,.714,.571,2.1,8.5,5.3,5.2,0.9,0.0,40.7,11.8,,-0.1,0.0,0.0,-0.012,,-4.8,0.0,-4.8,0.0,2016-2017
1091,52,Kevin Durant,PF,28,GSW,15,533,27.5,.683,.321,.384,3.5,19.5,12.0,19.5,1.1,3.0,10.8,28.3,,2.2,0.9,3.1,.280,,8.2,1.7,9.9,1.6,2016-2017
1092,53,Monta Ellis,SG,31,IND,4,76,7.4,.495,.400,.250,1.5,11.0,6.2,8.9,1.3,1.3,15.3,15.1,,0.0,0.0,0.0,-0.024,,-3.9,-0.9,-4.8,-0.1,2016-2017
1093,54,James Ennis III,SF,26,MEM,6,159,11.3,.566,.500,.368,6.5,13.9,10.2,7.2,1.8,1.2,13.7,16.1,,0.1,0.0,0.2,.046,,-0.8,0.2,-0.6,0.1,2016-2017
1094,55,Danté Exum,PG,21,UTA,7,84,13.3,.540,.444,.222,2.8,5.7,4.3,17.5,3.1,0.0,9.2,18.5,,0.1,0.1,0.2,.097,,0.7,2.3,3.0,0.1,2016-2017
1095,56,Derrick Favors,PF,25,UTA,11,225,17.0,.575,.000,.371,8.0,24.1,16.0,7.6,1.9,2.4,5.3,16.1,,0.4,0.3,0.7,.145,,0.8,2.0,2.8,0.3,2016-2017
1096,57,Cristiano Felício,C,24,CHI,6,82,8.9,.598,.000,.133,9.7,25.6,17.8,3.8,1.9,2.5,30.6,12.6,,-0.1,0.1,0.1,.034,,-6.6,0.7,-5.9,-0.1,2016-2017
1097,58,Raymond Felton,PG,32,LAC,7,127,12.4,.570,.281,.156,2.0,8.2,5.0,12.3,2.5,0.0,8.1,14.1,,0.2,0.1,0.3,.115,,0.3,2.1,2.5,0.1,2016-2017
1098,59,Bryn Forbes,SG,23,SAS,6,73,3.8,.423,.429,.286,0.0,9.9,4.7,5.6,0.0,1.4,7.8,15.5,,-0.1,0.0,0.0,-0.026,,-6.1,-2.6,-8.7,-0.1,2016-2017
1099,60,Enes Freedom,C,24,OKC,5,45,10.9,.432,.000,.154,6.8,15.2,10.8,3.8,0.0,8.5,6.7,28.3,,-0.1,0.0,0.0,-0.045,,-4.9,-2.9,-7.8,-0.1,2016-2017
1100,61,Channing Frye,C,33,CLE,12,154,21.3,.698,.650,.117,0.0,15.8,8.3,13.0,1.0,2.2,3.1,18.8,,0.6,0.1,0.7,.230,,6.3,1.0,7.3,0.4,2016-2017
1101,62,Marc Gasol,C,32,MEM,6,240,17.1,.595,.145,.398,3.8,17.3,10.5,19.0,0.5,1.5,13.3,23.5,,0.4,0.0,0.4,.085,,3.2,-0.5,2.7,0.3,2016-2017
1102,63,Pau Gasol,C,36,SAS,16,365,15.1,.494,.158,.211,11.9,24.7,18.0,12.4,1.0,4.1,12.6,17.3,,0.3,0.4,0.7,.093,,-0.2,0.5,0.3,0.2,2016-2017
1103,64,Paul George,SF,26,IND,4,172,21.0,.553,.477,.341,3.4,20.8,11.9,26.1,2.1,1.1,11.4,29.0,,0.4,0.1,0.5,.131,,5.2,0.9,6.1,0.4,2016-2017
1104,65,Taj Gibson,PF,31,OKC,5,118,10.5,.636,.000,.229,2.6,14.5,8.2,4.1,0.4,0.0,17.2,16.9,,0.1,0.0,0.1,.033,,-3.8,-1.4,-5.2,-0.1,2016-2017
1105,66,Manu Ginóbili,SG,39,SAS,16,284,14.1,.495,.412,.237,3.9,12.3,7.9,20.1,2.9,0.7,10.1,18.6,,0.3,0.3,0.5,.092,,-1.2,2.2,1.0,0.2,2016-2017
1106,67,Rudy Gobert,C,24,UTA,9,246,21.0,.612,.000,.794,10.7,32.8,21.7,7.7,1.9,4.3,9.6,18.2,,0.5,0.4,0.9,.185,,1.9,2.4,4.3,0.4,2016-2017
1107,68,Eric Gordon,SG,28,HOU,11,358,11.5,.551,.579,.149,1.5,11.2,6.5,9.8,1.1,1.3,9.8,17.5,,0.2,0.3,0.5,.072,,1.0,-0.6,0.4,0.2,2016-2017
1108,69,Marcin Gortat,C,32,WAS,13,409,14.0,.520,.000,.194,14.6,25.8,20.2,8.2,0.6,4.4,14.4,12.4,,0.4,0.5,0.9,.107,,-0.6,-0.5,-1.1,0.1,2016-2017
1109,70,Jerami Grant,PF,22,OKC,5,111,16.2,.675,.194,.226,6.4,12.4,9.2,5.7,0.4,1.7,8.1,14.3,,0.3,0.0,0.3,.129,,1.2,-0.3,0.9,0.1,2016-2017
1110,71,Jerian Grant,PG,24,CHI,5,52,-2.5,.329,.391,.130,0.0,8.5,4.3,15.0,2.0,0.0,22.3,27.1,,-0.3,0.0,-0.3,-0.253,,-10.2,-3.7,-13.9,-0.2,2016-2017
1111,72,Danny Green,SG,29,SAS,16,436,9.6,.529,.685,.126,3.3,12.2,7.6,7.3,1.2,3.4,12.7,13.6,,0.1,0.3,0.5,.051,,-0.4,1.3,0.9,0.3,2016-2017
1112,73,Draymond Green,PF,26,GSW,17,593,17.9,.583,.484,.416,3.9,23.0,14.1,24.0,2.5,3.8,15.9,16.4,,1.1,1.4,2.4,.196,,2.6,4.2,6.8,1.3,2016-2017
1113,74,Gerald Green,SF,31,BOS,13,192,13.3,.638,.625,.125,1.2,11.4,6.1,7.6,0.8,0.4,8.4,19.6,,0.3,0.0,0.3,.076,,1.3,-1.2,0.1,0.1,2016-2017
1114,75,JaMychal Green,PF,26,MEM,6,118,8.8,.589,.444,.083,3.3,18.7,11.0,3.0,0.0,0.0,9.7,17.5,,0.1,0.0,0.0,.020,,-2.4,-1.9,-4.3,-0.1,2016-2017
1115,76,Blake Griffin,PF,27,LAC,3,99,20.1,.564,.118,.137,3.8,19.8,11.6,14.0,1.1,1.0,10.0,29.2,,0.1,0.1,0.2,.092,,4.8,-0.6,4.2,0.2,2016-2017
1116,77,Tim Hardaway Jr.,SG,24,ATL,6,200,3.8,.426,.512,.232,1.7,7.3,4.5,5.4,0.7,0.0,10.0,21.3,,-0.4,0.2,-0.2,-0.052,,-4.4,-2.6,-7.0,-0.3,2016-2017
1117,78,James Harden,PG,27,HOU,11,407,23.0,.583,.528,.528,1.9,13.7,8.0,41.7,2.6,0.9,18.0,35.3,,0.8,0.6,1.3,.157,,6.0,1.0,7.0,0.9,2016-2017
1118,79,Maurice Harkless,SF,23,POR,4,99,8.6,.386,.353,.235,7.0,6.9,7.0,4.7,2.4,4.3,2.6,16.2,,-0.1,0.1,0.0,-0.011,,-2.2,0.1,-2.0,0.0,2016-2017
1119,80,Montrezl Harrell,C,23,HOU,5,21,0.9,.443,.000,2.000,5.3,25.1,15.4,13.2,0.0,0.0,26.2,16.0,,0.0,0.0,0.0,-0.024,,-8.8,-0.8,-9.6,0.0,2016-2017
1120,81,Andrew Harrison,PG,22,MEM,6,119,13.8,.592,.448,.310,4.3,7.6,6.0,18.2,1.4,0.8,8.3,15.1,,0.3,0.0,0.2,.099,,0.7,0.4,1.1,0.1,2016-2017
1121,82,Spencer Hawes,PF,28,MIL,3,17,10.2,.500,.400,.000,13.2,15.3,14.1,9.7,0.0,5.7,16.7,16.8,,0.0,0.0,0.0,.074,,-1.9,-0.1,-2.0,0.0,2016-2017
1122,83,Gordon Hayward,SF,26,UTA,11,411,20.7,.598,.362,.404,2.0,17.6,9.8,16.7,1.3,0.6,9.8,28.5,,0.8,0.4,1.2,.142,,5.2,0.4,5.6,0.8,2016-2017
1123,84,John Henson,C,26,MIL,2,12,8.1,.338,.000,.250,18.7,21.6,20.0,0.0,4.4,0.0,18.4,21.6,,0.0,0.0,0.0,-0.044,,-6.2,-5.1,-11.3,0.0,2016-2017
1124,85,Nenê,C,34,HOU,9,161,21.5,.696,.020,.608,7.6,20.3,14.1,5.7,1.9,1.9,12.2,20.1,,0.4,0.3,0.7,.206,,2.1,1.2,3.4,0.2,2016-2017
1125,86,George Hill,PG,30,UTA,8,281,13.4,.564,.316,.296,3.4,10.7,7.0,17.8,0.4,0.3,10.5,21.0,,0.3,0.1,0.4,.075,,0.7,-1.6,-0.9,0.1,2016-2017
1126,87,Rodney Hood,SG,24,UTA,11,277,4.7,.434,.476,.171,0.4,12.6,6.5,7.1,0.9,0.0,8.1,21.1,,-0.6,0.2,-0.4,-0.069,,-4.4,-1.7,-6.1,-0.3,2016-2017
1127,88,Al Horford,C,30,BOS,18,610,20.1,.668,.274,.153,5.8,17.3,11.3,25.9,1.3,2.0,14.0,17.5,,1.7,0.4,2.1,.165,,4.4,1.5,5.9,1.2,2016-2017
1128,89,Dwight Howard,C,31,ATL,6,157,13.9,.541,.000,.528,12.8,33.0,22.8,7.6,1.9,2.5,19.9,14.9,,0.0,0.3,0.4,.114,,-2.5,1.5,-1.0,0.0,2016-2017
1129,90,Kris Humphries,PF,31,ATL,1,3,13.2,0,0,0,0.0,0.0,0.0,0.0,0.0,26.6,0,0.0,,0.0,0.0,0.0,.133,,-3.8,9.7,5.9,0.0,2016-2017
1130,91,Serge Ibaka,PF,27,TOR,10,307,14.4,.527,.292,.100,3.6,21.9,12.8,8.4,0.7,5.1,7.5,22.4,,0.0,0.4,0.4,.065,,-0.5,0.8,0.3,0.2,2016-2017
1131,92,Andre Iguodala,SF,33,GSW,16,419,10.5,.511,.416,.257,2.5,13.5,8.4,15.5,1.6,1.4,12.5,13.2,,0.2,0.6,0.9,.099,,-1.2,1.3,0.1,0.2,2016-2017
1132,93,Ersan İlyasova,PF,29,ATL,6,90,9.3,.445,.217,.391,17.4,21.3,19.3,3.2,0.5,0.0,15.6,15.0,,0.0,0.1,0.1,.049,,-2.7,-1.8,-4.5,-0.1,2016-2017
1133,94,Joe Ingles,SF,29,UTA,11,334,10.2,.538,.661,.145,0.7,14.1,7.4,16.1,3.4,1.3,19.5,11.7,,0.0,0.5,0.4,.064,,-1.6,3.3,1.7,0.3,2016-2017
1134,95,Kyrie Irving,PG,24,CLE,18,653,21.3,.573,.319,.227,2.4,6.5,4.6,24.7,1.7,1.0,10.6,31.1,,1.6,0.4,2.0,.147,,4.0,-1.8,2.2,0.7,2016-2017
1135,96,LeBron James,SF,32,CLE,18,744,30.1,.649,.279,.422,3.1,21.6,12.8,33.8,2.3,2.6,13.7,31.6,,3.2,1.1,4.3,.275,,7.7,2.1,9.8,2.2,2016-2017
1136,97,Richard Jefferson,SF,36,CLE,14,179,7.6,.547,.500,.737,6.9,9.3,8.1,5.1,0.6,1.4,13.7,14.5,,0.1,0.1,0.2,.059,,-3.5,-1.5,-5.0,-0.1,2016-2017
1137,98,Brandon Jennings,PG,27,WAS,13,178,6.9,.468,.361,.222,3.2,9.1,6.2,18.0,0.6,0.0,16.8,11.5,,0.0,0.1,0.1,.025,,-3.7,-2.3,-6.0,-0.2,2016-2017
1138,99,Jonas Jerebko,PF,29,BOS,12,128,15.1,.623,.484,.258,6.2,20.8,13.3,13.8,2.0,2.0,14.8,14.4,,0.2,0.1,0.3,.127,,0.0,2.1,2.1,0.1,2016-2017
1139,100,Amir Johnson,PF,29,BOS,14,142,10.3,.537,.100,.267,13.6,11.1,12.4,3.1,1.4,3.6,15.2,12.6,,0.1,0.1,0.2,.063,,-3.9,-1.5,-5.4,-0.1,2016-2017
1140,101,Joe Johnson,SF,35,UTA,11,326,12.1,.509,.338,.113,2.9,12.9,7.9,14.7,1.0,0.3,8.5,22.3,,-0.1,0.2,0.2,.025,,0.0,-0.7,-0.6,0.1,2016-2017
1141,102,Wesley Johnson,SF,29,LAC,3,11,6.7,.568,0,0,0.0,23.8,11.6,0.0,4.9,0.0,0.0,3.9,,0.0,0.0,0.0,.124,,-3.8,4.0,0.2,0.0,2016-2017
1142,103,Dahntay Jones,SF,36,CLE,10,33,14.9,.656,.200,.500,3.7,20.2,12.4,4.3,0.0,2.5,7.6,17.8,,0.1,0.0,0.1,.177,,-2.0,0.3,-1.7,0.0,2016-2017
1143,104,Damian Jones,C,21,GSW,4,21,17.3,.444,.000,.286,22.1,9.6,15.4,0.0,4.6,3.9,0.0,16.1,,0.0,0.1,0.1,.185,,-2.8,-0.8,-3.6,0.0,2016-2017
1144,105,James Jones,SF,36,CLE,8,30,-5.3,.200,.600,.000,4.1,11.1,7.8,0.0,0.0,0.0,28.6,10.4,,-0.1,0.0,-0.1,-0.163,,-9.8,-4.6,-14.4,-0.1,2016-2017
1145,106,DeAndre Jordan,C,28,LAC,7,264,17.3,.631,.016,.918,11.7,37.6,24.3,3.2,0.6,2.2,16.6,18.7,,0.3,0.4,0.7,.128,,0.8,-0.1,0.7,0.2,2016-2017
1146,107,Cory Joseph,PG,25,TOR,10,212,11.4,.530,.310,.113,2.3,9.6,6.0,24.8,1.0,0.9,15.8,19.6,,0.0,0.2,0.2,.035,,-0.8,-1.1,-1.9,0.0,2016-2017
1147,108,Kyle Korver,SG,35,CLE,18,326,10.2,.622,.863,.125,0.8,9.5,5.4,5.3,1.1,1.3,7.7,12.5,,0.4,0.2,0.6,.094,,0.6,-1.0,-0.4,0.1,2016-2017
1148,109,Joffrey Lauvergne,C,25,CHI,3,26,24.1,.513,.182,.545,21.9,17.0,19.4,31.9,0.0,0.0,12.8,27.1,,0.1,0.0,0.1,.161,,6.2,-0.1,6.1,0.1,2016-2017
1149,110,Jake Layman,SF,22,POR,2,16,13.3,.615,.250,.500,0.0,7.1,3.3,10.2,2.9,0.0,0.0,12.7,,0.0,0.0,0.0,.121,,-0.5,2.8,2.3,0.0,2016-2017
1150,111,David Lee,PF,33,SAS,15,245,12.1,.550,.021,.354,9.1,18.2,13.4,6.2,0.8,2.0,9.8,11.1,,0.3,0.2,0.5,.098,,-0.5,-0.1,-0.6,0.1,2016-2017
1151,112,Kawhi Leonard,SF,25,SAS,12,429,31.5,.672,.272,.505,4.9,20.8,12.5,22.3,2.4,1.4,9.5,28.2,,2.3,0.5,2.8,.314,,10.5,3.7,14.2,1.7,2016-2017
1152,113,Meyers Leonard,PF,24,POR,3,31,-6.1,.200,.800,.000,6.4,22.1,13.7,4.6,0.0,0.0,44.4,12.1,,-0.1,0.0,-0.1,-0.231,,-12.3,-3.3,-15.7,-0.1,2016-2017
1153,114,Damian Lillard,PG,26,POR,4,151,18.4,.550,.356,.278,2.6,10.6,6.3,17.9,1.6,1.1,11.4,31.4,,0.1,0.0,0.1,.041,,4.0,-1.4,2.6,0.2,2016-2017
1154,115,Shaun Livingston,PG,31,GSW,14,220,11.0,.588,.000,.119,5.3,8.7,7.1,12.3,1.1,0.7,13.9,14.1,,0.2,0.3,0.5,.109,,-1.6,0.3,-1.3,0.0,2016-2017
1155,116,Robin Lopez,C,28,CHI,6,162,23.4,.684,.000,.154,19.7,10.2,14.9,5.6,1.0,3.8,12.6,17.7,,0.5,0.1,0.7,.195,,3.0,-0.4,2.6,0.2,2016-2017
1156,117,Kevin Love,PF,28,CLE,18,578,19.7,.604,.509,.344,7.6,29.7,19.3,7.5,1.8,2.3,11.0,21.8,,1.3,0.9,2.1,.178,,3.5,-0.3,3.2,0.8,2016-2017
1157,118,Kyle Lowry,PG,30,TOR,8,300,15.7,.586,.409,.355,1.2,8.8,5.0,26.5,2.1,1.2,13.7,19.5,,0.4,0.3,0.7,.116,,1.6,0.6,2.2,0.3,2016-2017
1158,119,Trey Lyles,PF,21,UTA,2,10,17.9,.500,.429,.000,0.0,24.1,12.0,22.6,5.2,0.0,12.5,38.1,,0.0,0.0,0.0,-0.052,,2.3,3.9,6.3,0.0,2016-2017
1159,120,Sheldon Mac,SG,24,WAS,7,17,22.3,.709,.556,.222,0.0,13.6,6.8,0.0,0.0,0.0,9.2,27.6,,0.0,0.0,0.1,.155,,6.0,-0.5,5.5,0.0,2016-2017
1160,121,Shelvin Mack,PG,26,UTA,9,155,9.7,.486,.306,.306,2.3,17.1,9.7,18.4,1.3,0.0,13.9,19.9,,-0.1,0.1,0.0,.014,,-2.1,0.4,-1.7,0.0,2016-2017
1161,122,Ian Mahinmi,C,30,WAS,5,63,8.6,.506,.000,1.222,5.5,14.7,10.1,12.7,0.8,8.7,17.8,11.5,,0.0,0.1,0.1,.066,,-5.6,4.4,-1.2,0.0,2016-2017
1162,123,Thon Maker,C,19,MIL,6,116,13.6,.488,.323,.355,7.7,12.3,9.8,16.6,2.3,9.1,18.2,18.0,,0.0,0.3,0.2,.100,,-2.7,4.5,1.8,0.1,2016-2017
1163,124,Jarell Martin,PF,22,MEM,3,10,14.1,.333,.000,.000,25.8,25.9,25.9,0.0,5.6,0.0,0.0,15.0,,0.0,0.0,0.0,.077,,-4.1,-3.2,-7.3,0.0,2016-2017
1164,125,Luc Mbah a Moute,SF,30,LAC,7,224,10.5,.512,.372,.465,5.5,14.6,9.9,4.6,1.9,1.7,5.5,11.8,,0.2,0.3,0.5,.098,,-0.4,1.8,1.3,0.2,2016-2017
1165,126,James Michael McAdoo,PF,24,GSW,13,56,16.5,.611,.294,.353,10.3,14.4,12.5,0.0,1.7,2.9,4.8,15.8,,0.1,0.1,0.2,.182,,0.2,0.3,0.5,0.0,2016-2017
1166,127,Patrick McCaw,SG,21,GSW,15,181,14.8,.568,.479,.271,6.4,12.8,9.8,11.4,2.4,1.3,5.3,13.5,,0.4,0.3,0.7,.180,,0.3,2.3,2.6,0.2,2016-2017
1167,128,CJ McCollum,SG,25,POR,4,140,13.0,.517,.275,.200,5.7,13.1,9.1,5.6,1.3,1.2,14.7,30.3,,-0.2,0.0,-0.2,-0.054,,1.2,-2.8,-1.6,0.0,2016-2017
1168,129,Doug McDermott,SF,25,OKC,5,66,12.1,.694,.722,.000,0.0,8.7,4.1,2.3,0.7,1.5,5.3,12.3,,0.1,0.0,0.1,.091,,1.9,-0.6,1.3,0.1,2016-2017
1169,130,JaVale McGee,C,29,GSW,16,149,26.9,.743,.000,.321,17.1,17.6,17.4,4.3,0.6,8.2,11.1,20.7,,0.6,0.3,0.9,.295,,2.3,1.7,4.0,0.2,2016-2017
1170,131,Jordan Mickey,PF,22,BOS,2,18,1.8,.400,.000,.000,0.0,33.7,16.3,0.0,0.0,4.8,16.7,15.1,,-0.1,0.0,0.0,-0.093,,-9.2,-1.7,-10.9,0.0,2016-2017
1171,132,Khris Middleton,SF,25,MIL,6,231,12.8,.496,.244,.282,0.0,15.7,7.3,23.4,2.8,0.0,11.1,20.4,,0.0,0.4,0.4,.088,,-0.9,1.8,1.0,0.2,2016-2017
1172,133,C.J. Miles,SF,29,IND,4,82,9.6,.583,.667,.083,5.6,5.8,5.7,1.7,1.2,1.2,7.4,14.3,,0.1,0.0,0.1,.048,,-2.3,-1.2,-3.5,0.0,2016-2017
1173,134,Patty Mills,PG,28,SAS,16,416,11.6,.551,.636,.157,1.3,8.4,4.7,15.1,1.6,0.2,12.3,18.2,,0.4,0.2,0.6,.070,,-0.4,-0.3,-0.7,0.1,2016-2017
1174,135,Paul Millsap,PF,31,ATL,6,219,21.3,.597,.172,.535,4.6,24.1,14.3,21.5,2.2,1.5,15.8,28.1,,0.3,0.4,0.7,.162,,2.0,3.2,5.3,0.4,2016-2017
1175,136,Nikola Mirotić,PF,25,CHI,6,162,9.5,.478,.700,.200,2.8,17.7,10.4,8.5,1.3,1.9,6.8,16.2,,0.0,0.2,0.2,.058,,-1.7,-0.2,-1.9,0.0,2016-2017
1176,137,Greg Monroe,C,26,MIL,6,141,24.3,.615,.000,.588,13.5,24.8,18.8,13.3,3.0,2.0,14.6,25.4,,0.3,0.3,0.7,.229,,3.1,2.3,5.4,0.3,2016-2017
1177,138,Markieff Morris,PF,27,WAS,13,373,12.3,.495,.262,.214,5.6,20.2,12.9,8.8,1.6,4.1,11.7,20.8,,-0.1,0.5,0.4,.052,,-1.4,0.2,-1.2,0.1,2016-2017
1178,139,Anthony Morrow,SG,31,CHI,3,29,14.5,.607,.000,.222,0.0,11.4,5.8,11.8,0.0,0.0,0.0,15.3,,0.1,0.0,0.1,.141,,-1.3,-0.7,-2.0,0.0,2016-2017
1179,140,Dejounte Murray,PG,20,SAS,11,168,12.7,.438,.049,.410,2.6,16.5,9.3,23.4,4.9,0.6,18.2,23.2,,-0.3,0.3,0.0,.004,,-4.0,2.6,-1.4,0.0,2016-2017
1180,141,Mike Muscala,C,25,ATL,6,81,6.2,.395,.222,.444,8.3,13.9,11.1,3.4,0.6,3.0,4.4,11.8,,0.0,0.1,0.1,.055,,-5.1,-0.1,-5.2,-0.1,2016-2017
1181,142,Shabazz Napier,PG,25,POR,4,47,17.7,.599,.579,.421,2.1,7.3,4.5,11.2,2.0,0.0,0.0,19.9,,0.1,0.0,0.2,.159,,3.2,1.0,4.2,0.1,2016-2017
1182,143,Raul Neto,PG,24,UTA,9,60,13.8,.779,.462,.308,0.0,14.1,7.0,10.9,0.9,1.5,16.9,14.1,,0.1,0.0,0.2,.143,,-0.9,2.1,1.2,0.0,2016-2017
1183,144,Lucas Nogueira,C,24,TOR,3,7,24.6,.521,.000,1.000,34.9,51.4,43.2,0.0,0.0,0.0,0.0,19.3,,0.0,0.0,0.0,.254,,7.4,-3.4,4.0,0.0,2016-2017
1184,145,Jusuf Nurkić,C,22,POR,1,17,7.4,.333,.333,.000,0.0,73.9,34.3,34.6,0.0,5.0,50.0,14.7,,-0.1,0.0,0.0,-0.133,,-4.0,5.0,1.0,0.0,2016-2017
1185,146,Daniel Ochefu,C,23,WAS,4,5,-19.4,.000,.000,.000,0.0,23.2,11.6,0.0,0.0,0.0,50.0,17.2,,-0.1,0.0,0.0,-0.454,,-18.6,-4.3,-23.0,0.0,2016-2017
1186,147,Victor Oladipo,SG,24,OKC,5,181,6.9,.424,.410,.098,1.1,16.4,8.3,8.0,1.9,1.6,8.6,16.5,,-0.2,0.1,-0.1,-0.021,,-4.7,-0.5,-5.2,-0.1,2016-2017
1187,148,Kelly Olynyk,C,25,BOS,18,346,16.2,.597,.376,.240,4.6,15.1,9.6,16.1,1.9,3.5,13.7,21.0,,0.4,0.3,0.7,.093,,-0.1,1.1,1.0,0.3,2016-2017
1188,149,Kelly Oubre Jr.,SF,21,WAS,12,184,10.3,.535,.492,.164,5.6,12.0,8.8,3.2,2.7,2.5,9.7,17.0,,0.1,0.2,0.3,.078,,-2.7,0.8,-2.0,0.0,2016-2017
1189,150,Zaza Pachulia,C,32,GSW,15,212,12.5,.571,.017,.283,9.8,18.6,14.5,7.6,1.8,1.5,17.2,16.5,,0.1,0.4,0.5,.120,,-2.5,0.7,-1.9,0.0,2016-2017
1190,151,Tony Parker,PG,34,SAS,8,211,19.5,.616,.196,.144,1.1,10.3,5.5,20.4,1.0,0.0,10.4,24.2,,0.5,0.1,0.6,.139,,3.4,0.1,3.4,0.3,2016-2017
1191,152,Patrick Patterson,PF,27,TOR,10,185,7.9,.440,.722,.167,0.7,12.3,6.5,15.9,2.0,1.0,13.4,11.3,,-0.1,0.2,0.1,.027,,-0.6,1.2,0.6,0.1,2016-2017
1192,153,Chris Paul,PG,31,LAC,7,260,27.8,.592,.281,.244,1.9,15.6,8.6,52.9,2.5,0.4,11.3,31.2,,1.0,0.4,1.3,.246,,8.0,2.3,10.4,0.8,2016-2017
1193,154,Cameron Payne,PG,22,CHI,1,4,12.8,.750,.500,.000,0.0,27.6,14.0,0.0,0.0,0.0,33.3,33.8,,0.0,0.0,0.0,-0.132,,2.8,-2.1,0.7,0.0,2016-2017
1194,155,Paul Pierce,SF,39,LAC,7,101,7.0,.569,.556,.056,2.5,15.5,8.8,10.2,1.1,0.0,17.8,10.7,,0.0,0.1,0.1,.059,,-1.1,1.4,0.3,0.1,2016-2017
1195,156,Jakob Poeltl,C,21,TOR,6,26,19.3,.421,.000,.182,28.2,27.7,27.9,0.0,2.0,3.5,0.0,21.4,,0.0,0.0,0.1,.106,,2.1,-2.8,-0.7,0.0,2016-2017
1196,157,Otto Porter Jr.,SF,23,WAS,13,428,16.5,.635,.358,.321,4.0,20.3,12.1,7.8,2.4,1.5,7.4,13.5,,0.9,0.6,1.5,.166,,1.8,1.5,3.3,0.6,2016-2017
1197,158,Bobby Portis,PF,21,CHI,6,121,14.1,.606,.394,.000,4.7,28.3,16.7,9.4,1.3,2.6,15.4,14.5,,0.1,0.2,0.3,.101,,0.1,1.5,1.6,0.1,2016-2017
1198,159,Norman Powell,SG,23,TOR,9,227,13.0,.567,.415,.293,2.7,12.2,7.5,10.6,2.3,1.2,13.9,22.2,,0.0,0.3,0.3,.061,,-0.1,0.5,0.4,0.1,2016-2017
1199,160,Taurean Prince,SF,22,ATL,6,187,11.9,.618,.269,.096,4.2,15.0,9.6,6.8,0.5,0.4,11.4,13.9,,0.2,0.2,0.4,.105,,-0.6,0.9,0.3,0.1,2016-2017
1200,161,Tim Quarterman,SG,22,POR,2,7,14.6,.750,1.000,.000,0.0,0.0,0.0,23.9,0.0,0.0,0.0,11.9,,0.0,0.0,0.0,.184,,4.0,-0.1,3.9,0.0,2016-2017
1201,162,Zach Randolph,PF,35,MEM,6,191,11.6,.450,.084,.133,6.1,27.2,16.6,4.0,1.5,1.0,7.4,24.9,,-0.3,0.1,-0.2,-0.049,,-1.6,-2.3,-4.0,-0.1,2016-2017
1202,163,JJ Redick,SG,32,LAC,7,206,4.8,.544,.520,.400,0.0,7.6,3.7,4.4,0.5,0.0,18.1,16.8,,-0.2,0.1,0.0,-0.010,,-3.3,-2.1,-5.4,-0.2,2016-2017
1203,164,Austin Rivers,SG,24,LAC,3,90,3.1,.446,.500,.077,1.4,10.2,5.7,3.4,0.6,1.1,15.7,17.1,,-0.2,0.1,-0.1,-0.062,,-3.6,-1.2,-4.8,-0.1,2016-2017
1204,165,Andre Roberson,SF,25,OKC,5,185,16.2,.525,.370,.457,9.9,8.0,9.0,7.2,3.2,8.8,11.2,14.4,,0.1,0.2,0.3,.080,,1.1,3.1,4.2,0.3,2016-2017
1205,166,Glenn Robinson III,SF,23,IND,3,31,21.0,1.090,.333,.333,0.0,11.5,5.7,5.0,0.0,0.0,0.0,9.7,,0.1,0.0,0.1,.199,,5.3,1.7,7.0,0.1,2016-2017
1206,167,Rajon Rondo,PG,30,CHI,2,67,22.9,.428,.231,.077,11.9,16.5,14.2,50.4,5.4,1.5,13.0,20.8,,0.1,0.1,0.2,.146,,1.8,4.8,6.6,0.1,2016-2017
1207,168,Terry Rozier,PG,22,BOS,17,277,13.4,.529,.463,.244,4.9,14.0,9.3,17.1,2.0,1.2,9.9,16.5,,0.3,0.2,0.5,.085,,0.0,0.5,0.5,0.2,2016-2017
1208,169,Domantas Sabonis,PF,20,OKC,2,6,17.5,.420,.333,1.333,0.0,38.1,18.0,0.0,8.1,16.0,0.0,34.0,,0.0,0.0,0.0,.189,,-11.8,11.3,-0.5,0.0,2016-2017
1209,170,Tomáš Satoranský,SG,25,WAS,10,36,8.6,.488,.000,.833,3.2,12.9,8.0,22.4,1.4,0.0,19.6,12.2,,0.0,0.0,0.0,.040,,-3.5,0.8,-2.7,0.0,2016-2017
1210,171,Dennis Schröder,PG,23,ATL,6,211,22.6,.586,.364,.336,2.1,5.3,3.7,40.1,1.4,0.0,7.3,27.4,,0.8,0.2,1.0,.226,,6.7,1.0,7.7,0.5,2016-2017
1211,172,Thabo Sefolosha,SF,32,ATL,4,9,-8.0,.181,.000,4.000,0.0,0.0,0.0,0.0,0.0,0.0,0.0,13.0,,0.0,0.0,0.0,-0.189,,-11.0,-3.5,-14.4,0.0,2016-2017
1212,173,Wayne Selden,SG,22,MEM,6,106,5.6,.414,.423,.154,3.7,7.3,5.5,10.6,0.5,0.9,6.7,14.1,,-0.1,0.0,-0.1,-0.048,,-3.5,-1.4,-4.9,-0.1,2016-2017
1213,174,Kevin Séraphin,PF,27,IND,4,59,14.0,.499,.000,.269,15.7,12.1,13.9,10.6,0.0,3.3,12.1,24.5,,0.0,0.0,0.0,.022,,-3.3,-2.0,-5.4,-0.1,2016-2017
1214,175,Iman Shumpert,SG,26,CLE,17,275,9.9,.548,.433,.283,2.7,16.5,10.0,7.6,1.8,0.9,8.2,11.9,,0.3,0.3,0.6,.098,,-2.2,1.3,-0.9,0.1,2016-2017
1215,176,Pascal Siakam,PF,22,TOR,2,10,8.4,.000,.000,.000,24.4,12.0,18.2,13.6,5.2,0.0,0.0,9.4,,0.0,0.0,0.0,.005,,-2.4,-0.4,-2.9,0.0,2016-2017
1216,177,Jonathon Simmons,SG,27,SAS,15,306,15.0,.528,.272,.228,3.3,7.5,5.3,15.3,1.5,0.6,6.8,23.2,,0.4,0.2,0.6,.090,,0.2,0.4,0.6,0.2,2016-2017
1217,178,Kyle Singler,SF,28,OKC,1,10,-6.0,.000,.000,.000,0.0,11.4,5.4,0.0,0.0,0.0,0.0,4.3,,0.0,0.0,0.0,-0.103,,-12.3,-3.2,-15.5,0.0,2016-2017
1218,179,Marcus Smart,SG,22,BOS,18,538,11.8,.497,.545,.373,4.8,14.0,9.3,22.3,2.6,2.6,19.6,16.4,,0.0,0.5,0.5,.046,,-1.3,1.3,0.0,0.3,2016-2017
1219,180,J.R. Smith,SG,31,CLE,18,487,9.9,.698,.808,.111,1.3,8.4,5.0,3.6,1.3,1.0,10.4,10.6,,0.7,0.3,1.0,.095,,-0.1,0.6,0.5,0.3,2016-2017
1220,181,Jason Smith,C,30,WAS,13,157,8.6,.565,.256,.359,7.3,14.0,10.7,3.6,0.6,4.1,18.1,15.1,,0.0,0.1,0.2,.047,,-4.5,-1.0,-5.5,-0.1,2016-2017
1221,182,Tony Snell,SG,25,MIL,6,185,10.8,.682,.705,.000,1.2,8.4,4.6,8.0,0.3,0.5,4.3,11.9,,0.3,0.2,0.5,.140,,1.2,0.4,1.5,0.2,2016-2017
1222,183,Marreese Speights,C,29,LAC,7,98,15.1,.556,.541,.270,5.1,21.3,13.0,5.1,1.1,2.9,6.8,21.8,,0.1,0.1,0.2,.115,,1.8,-0.2,1.6,0.1,2016-2017
1223,184,Lance Stephenson,SG,26,IND,4,107,18.4,.584,.340,.075,1.1,22.3,11.5,17.4,0.9,0.0,6.8,24.0,,0.2,0.0,0.2,.109,,1.3,0.4,1.7,0.1,2016-2017
1224,185,Isaiah Taylor,PG,22,HOU,3,10,-1.2,.000,.500,.000,11.1,10.5,10.8,13.0,0.0,0.0,0.0,8.8,,0.0,0.0,0.0,-0.090,,-6.3,-3.0,-9.3,0.0,2016-2017
1225,186,Jeff Teague,PG,28,IND,4,142,18.3,.642,.378,.400,0.0,10.9,5.4,25.6,1.4,2.1,13.1,18.8,,0.4,0.0,0.4,.143,,2.5,0.1,2.6,0.2,2016-2017
1226,187,Mirza Teletović,PF,31,MIL,3,27,-3.5,.250,.667,.000,0.0,14.4,6.7,0.0,2.0,0.0,14.3,12.4,,-0.1,0.0,-0.1,-0.106,,-9.5,-2.6,-12.2,-0.1,2016-2017
1227,188,Jason Terry,SG,39,MIL,6,68,6.7,.407,.556,.056,3.3,11.4,7.1,11.5,2.3,1.4,9.8,14.3,,-0.1,0.1,0.0,.032,,-3.7,2.0,-1.7,0.0,2016-2017
1228,189,Isaiah Thomas,PG,27,BOS,15,521,18.1,.563,.414,.425,1.1,9.8,5.3,33.0,1.3,0.3,13.9,31.3,,0.7,0.1,0.8,.077,,2.9,-2.3,0.6,0.3,2016-2017
1229,190,Klay Thompson,SG,26,GSW,17,596,9.3,.507,.447,.139,2.1,9.3,6.0,8.0,1.1,0.7,8.7,19.8,,-0.1,0.7,0.6,.049,,-1.4,-1.8,-3.3,-0.2,2016-2017
1230,191,Tristan Thompson,C,25,CLE,18,562,14.5,.625,.000,.652,15.1,16.0,15.5,6.1,0.8,1.9,15.1,11.1,,1.3,0.4,1.8,.150,,0.7,-0.9,-0.1,0.3,2016-2017
1231,192,P.J. Tucker,SF,31,TOR,10,251,7.6,.476,.571,.163,7.3,20.1,13.7,6.6,1.2,1.1,13.2,11.3,,0.0,0.3,0.2,.045,,-2.6,0.4,-2.2,0.0,2016-2017
1232,193,Evan Turner,SF,28,POR,4,124,12.8,.512,.455,.485,2.4,18.4,9.8,18.8,2.6,1.4,14.9,15.8,,0.0,0.1,0.1,.041,,-0.1,1.7,1.5,0.1,2016-2017
1233,194,Myles Turner,C,20,IND,4,133,9.8,.452,.136,.182,5.2,18.8,11.9,3.2,2.7,3.7,11.2,17.6,,-0.1,0.1,0.0,-0.014,,-4.8,-0.3,-5.1,-0.1,2016-2017
1234,195,Jonas Valančiūnas,C,24,TOR,10,226,15.6,.586,.012,.407,4.9,30.8,17.9,1.6,0.5,2.4,12.0,22.5,,0.1,0.3,0.4,.081,,-1.0,-0.8,-1.8,0.0,2016-2017
1235,196,Denzel Valentine,SG,23,CHI,4,22,6.2,.417,.667,.000,0.0,40.1,20.4,13.6,0.0,4.7,25.0,16.4,,-0.1,0.0,0.0,-0.053,,-4.5,1.4,-3.2,0.0,2016-2017
1236,197,Fred VanVleet,PG,22,TOR,7,29,19.9,.778,.556,.000,0.0,4.1,2.1,26.1,1.8,0.0,10.0,16.2,,0.1,0.0,0.1,.213,,3.4,1.9,5.2,0.1,2016-2017
1237,198,Rashad Vaughn,SG,20,MIL,3,10,18.8,.750,.500,.000,0.0,0.0,0.0,0.0,0.0,0.0,0.0,19.1,,0.0,0.0,0.0,.174,,7.7,-1.2,6.6,0.0,2016-2017
1238,199,Noah Vonleh,PF,21,POR,4,100,7.9,.446,.000,.278,8.9,22.9,15.4,12.1,0.5,2.6,22.9,10.9,,-0.1,0.0,0.0,-0.013,,-3.1,0.1,-2.9,0.0,2016-2017
1239,200,Dwyane Wade,SG,35,CHI,6,190,15.5,.472,.198,.244,3.6,13.9,8.8,21.5,1.4,4.3,9.5,25.0,,0.1,0.2,0.2,.063,,1.0,0.0,1.0,0.1,2016-2017
1240,201,John Wall,PG,26,WAS,13,507,23.0,.548,.217,.331,1.6,9.4,5.5,45.7,2.2,2.7,14.6,32.1,,0.9,0.5,1.4,.136,,6.2,-0.4,5.7,1.0,2016-2017
1241,202,David West,C,36,GSW,17,221,16.6,.604,.034,.153,3.7,17.8,11.2,22.0,1.5,4.8,13.7,14.2,,0.4,0.4,0.9,.185,,1.1,3.9,5.0,0.4,2016-2017
1242,203,Russell Westbrook,PG,28,OKC,5,194,27.7,.511,.322,.461,4.7,28.9,16.1,55.7,3.0,1.0,14.1,47.0,,0.2,0.3,0.4,.103,,7.5,2.2,9.7,0.6,2016-2017
1243,204,Deron Williams,PG,32,CLE,18,262,10.0,.567,.484,.172,1.4,8.5,5.1,19.4,1.9,0.3,19.8,14.6,,0.2,0.2,0.4,.073,,-1.9,-0.5,-2.4,0.0,2016-2017
1244,205,Derrick Williams,PF,25,CLE,8,38,17.9,.661,.333,.133,3.2,5.8,4.6,16.4,0.0,2.2,15.9,22.2,,0.1,0.0,0.1,.118,,4.2,-0.8,3.4,0.1,2016-2017
1245,206,Lou Williams,SG,30,HOU,11,272,12.6,.528,.331,.246,2.9,8.9,6.0,8.8,1.3,0.3,9.7,23.4,,0.1,0.2,0.3,.052,,0.0,-1.8,-1.7,0.0,2016-2017
1246,207,Troy Williams,SF,22,HOU,5,19,-14.2,.051,.556,.222,11.7,27.7,19.9,6.8,0.0,0.0,16.8,27.5,,-0.2,0.0,-0.2,-0.514,,-15.3,-9.5,-24.9,-0.1,2016-2017
1247,208,Kyle Wiltjer,PF,24,HOU,1,5,26.1,1.500,1.000,.000,0.0,0.0,0.0,0.0,0.0,0.0,0.0,8.8,,0.0,0.0,0.0,.247,,11.9,0.9,12.8,0.0,2016-2017
1248,209,Jeff Withey,C,26,UTA,3,21,14.1,.512,.000,.500,17.1,5.7,11.4,7.4,2.5,4.2,0.0,11.1,,0.0,0.0,0.1,.178,,-1.6,2.6,1.0,0.0,2016-2017
1249,210,Brandan Wright,PF,29,MEM,2,12,11.4,.400,.000,.000,10.8,10.8,10.8,0.0,0.0,15.3,16.7,25.1,,0.0,0.0,0.0,-0.151,,-2.2,-0.7,-2.9,0.0,2016-2017
1250,211,Delon Wright,PG,24,TOR,9,92,14.7,.623,.353,.412,5.3,11.7,8.6,22.2,2.2,1.0,19.9,12.8,,0.1,0.1,0.2,.123,,1.4,1.8,3.1,0.1,2016-2017
1251,212,James Young,SG,21,BOS,10,39,9.1,.500,.933,.000,2.9,18.6,10.5,11.5,0.0,0.0,6.3,18.6,,0.0,0.0,0.0,.014,,0.2,-2.4,-2.2,0.0,2016-2017
1252,213,Thaddeus Young,PF,28,IND,4,140,18.0,.553,.103,.256,18.2,11.9,15.1,10.3,2.9,0.7,12.1,15.4,,0.3,0.0,0.3,.113,,1.6,0.6,2.2,0.1,2016-2017
1253,214,Tyler Zeller,C,27,BOS,11,78,15.8,.561,.000,.320,11.6,17.1,14.3,16.3,0.0,2.2,12.3,18.9,,0.1,0.0,0.2,.099,,-0.2,-1.0,-1.2,0.0,2016-2017
1254,215,Paul Zipser,SF,22,CHI,6,136,8.5,.602,.485,.242,2.5,14.6,8.7,3.4,0.4,0.8,16.1,14.4,,0.1,0.1,0.1,.048,,-2.9,-0.7,-3.6,-0.1,2016-2017
1255,1,Álex Abrines,SG,24,OKC,6,110,9.5,.575,.650,.100,2.9,12.3,7.7,2.6,2.2,1.7,4.6,8.7,,0.1,0.1,0.2,.107,,-1.3,1.9,0.5,0.1,2017-2018
1256,2,Steven Adams,C,24,OKC,6,200,16.0,.609,.000,.283,10.2,13.6,11.9,7.0,1.0,1.8,7.2,12.2,,0.5,0.2,0.7,.158,,1.6,-0.3,1.3,0.2,2017-2018
1257,3,Bam Adebayo,C,20,MIA,5,77,6.1,.402,.067,.933,12.1,15.4,13.7,0.0,0.0,2.2,8.6,13.0,,-0.1,0.0,-0.1,-0.036,,-4.3,-4.5,-8.8,-0.1,2017-2018
1258,4,LaMarcus Aldridge,C,32,SAS,5,177,24.8,.599,.063,.525,7.8,22.6,14.7,13.2,0.9,1.0,8.4,27.8,,0.6,0.1,0.7,.189,,5.6,0.1,5.7,0.3,2017-2018
1259,5,Al-Farouq Aminu,PF,27,POR,4,131,21.3,.652,.577,.038,9.4,22.1,15.2,5.8,1.5,1.2,10.2,19.2,,0.4,0.0,0.4,.152,,4.4,0.3,4.7,0.2,2017-2018
1260,6,Justin Anderson,SF,24,PHI,7,33,2.5,.500,.875,.000,3.2,26.3,14.6,0.0,1.5,0.0,20.0,12.7,,0.0,0.0,0.0,.014,,-6.9,-0.6,-7.5,0.0,2017-2018
1261,7,Kyle Anderson,SF,24,SAS,5,73,17.5,.620,.200,.200,7.2,13.3,10.1,7.4,4.2,1.2,12.1,15.5,,0.1,0.1,0.2,.130,,-0.8,3.7,2.9,0.1,2017-2018
1262,8,Ryan Anderson,PF,29,HOU,11,95,7.0,.475,.750,.000,4.6,10.6,7.6,9.0,1.6,0.9,13.0,10.8,,0.0,0.1,0.1,.049,,-2.3,0.1,-2.2,0.0,2017-2018
1263,9,Giannis Antetokounmpo,PF,23,MIL,7,280,26.6,.620,.116,.455,3.7,23.5,14.3,28.2,1.9,1.9,10.5,28.2,,1.0,0.4,1.4,.239,,5.6,1.4,7.1,0.6,2017-2018
1264,10,Carmelo Anthony,PF,33,OKC,6,194,9.7,.452,.389,.208,1.7,16.7,9.3,1.6,2.5,1.9,7.1,19.1,,-0.2,0.3,0.1,.018,,-2.0,-0.1,-2.2,0.0,2017-2018
1265,11,OG Anunoby,SF,20,TOR,10,238,12.7,.695,.558,.212,4.5,6.3,5.4,4.3,1.3,1.3,9.5,12.0,,0.5,0.0,0.5,.094,,0.7,0.5,1.2,0.2,2017-2018
1266,12,Trevor Ariza,SF,32,HOU,17,582,7.6,.488,.655,.223,1.7,10.8,6.2,5.5,1.6,0.3,6.1,12.5,,0.1,0.5,0.6,.049,,-2.5,0.5,-2.1,0.0,2017-2018
1267,13,Luke Babbitt,SF,28,MIA,2,3,-13.5,.000,.000,.000,0.0,0.0,0.0,0.0,0.0,0.0,0.0,14.4,,0.0,0.0,0.0,-0.392,,-12.5,-9.0,-21.5,0.0,2017-2018
1268,14,Wade Baldwin,PG,21,POR,4,19,4.7,.410,.250,.500,0.0,19.1,8.7,19.6,2.6,4.3,38.1,17.7,,-0.1,0.0,-0.1,-0.140,,-4.7,-0.1,-4.8,0.0,2017-2018
1269,15,Jerryd Bayless,SG,29,PHI,1,2,0.0,0,0,0,0.0,0.0,0.0,0.0,0.0,0.0,0,0.0,,0.0,0.0,0.0,.013,,-4.7,-3.4,-8.1,0.0,2017-2018
1270,16,Aron Baynes,C,31,BOS,19,389,15.6,.588,.258,.202,13.0,22.0,17.4,7.7,0.5,2.5,7.6,12.4,,0.9,0.5,1.4,.174,,0.0,0.6,0.7,0.3,2017-2018
1271,17,Bradley Beal,SG,24,WAS,6,216,17.0,.588,.417,.213,1.1,9.9,5.5,13.1,1.6,0.8,11.3,27.2,,0.3,0.1,0.4,.078,,3.1,-0.6,2.5,0.2,2017-2018
1272,18,Marco Belinelli,SG,31,PHI,10,273,12.8,.539,.434,.292,0.4,7.9,4.1,11.4,1.3,0.0,3.2,19.0,,0.5,0.2,0.7,.129,,0.3,-0.6,-0.3,0.1,2017-2018
1273,19,Jordan Bell,C,23,GSW,17,173,14.6,.537,.031,.438,10.0,19.3,14.9,11.5,1.7,4.6,13.6,11.4,,0.2,0.3,0.6,.165,,-0.3,2.5,2.2,0.2,2017-2018
1274,20,Dāvis Bertāns,PF,25,SAS,5,82,4.1,.372,.889,.611,1.3,14.8,7.6,10.7,1.3,0.0,4.2,13.3,,-0.1,0.0,-0.1,-0.029,,-4.6,-1.4,-6.0,-0.1,2017-2018
1275,21,Nemanja Bjelica,PF,29,MIN,5,47,21.6,.603,.438,.438,9.5,24.6,17.3,9.9,3.2,0.0,5.0,19.5,,0.1,0.0,0.2,.195,,5.3,3.4,8.7,0.1,2017-2018
1276,22,Tarik Black,C,26,HOU,7,19,3.4,.250,.000,.000,11.5,23.6,17.5,14.6,0.0,4.6,20.0,11.8,,0.0,0.0,0.0,-0.015,,-8.1,0.8,-7.3,0.0,2017-2018
1277,23,Eric Bledsoe,PG,28,MIL,7,225,12.9,.512,.262,.238,1.7,10.9,6.6,18.1,1.6,2.4,13.9,23.3,,-0.1,0.2,0.1,.027,,-0.7,-2.1,-2.8,0.0,2017-2018
1278,24,Bojan Bogdanović,SF,28,IND,7,238,7.5,.509,.556,.123,0.5,11.3,6.1,8.2,1.3,0.0,13.2,19.5,,-0.2,0.3,0.1,.023,,-2.7,-0.5,-3.2,-0.1,2017-2018
1279,25,Trevor Booker,PF,30,IND,7,64,13.3,.688,.100,.700,9.9,23.8,17.2,0.0,0.8,1.7,7.1,10.4,,0.2,0.1,0.3,.206,,-2.4,0.8,-1.6,0.0,2017-2018
1280,26,Tony Bradley,C,20,UTA,1,2,41.9,.500,.000,.000,53.2,0.0,26.9,0.0,0.0,0.0,0.0,44.1,,0.0,0.0,0.0,.223,,13.4,-8.8,4.7,0.0,2017-2018
1281,27,Corey Brewer,SG,31,OKC,6,151,11.8,.669,.440,.240,2.8,6.2,4.5,4.8,2.3,3.0,6.7,8.6,,0.3,0.2,0.4,.140,,-0.5,2.4,1.8,0.1,2017-2018
1282,28,Malcolm Brogdon,PG,25,MIL,7,186,7.9,.513,.345,.182,2.1,12.6,7.7,13.6,0.3,0.0,16.8,18.7,,-0.1,0.1,0.0,-0.008,,-2.9,-3.7,-6.6,-0.2,2017-2018
1283,29,Aaron Brooks,PG,33,MIN,2,3,27.9,.515,.333,.667,0.0,0.0,0.0,0.0,0.0,0.0,0.0,59.0,,0.0,0.0,0.0,-0.200,,5.5,-5.3,0.2,0.0,2017-2018
1284,30,Jaylen Brown,SG,21,BOS,18,583,16.0,.563,.421,.188,3.1,14.3,8.6,8.3,1.2,1.5,7.4,24.6,,0.6,0.7,1.3,.105,,0.6,0.6,1.2,0.5,2017-2018
1285,31,Lorenzo Brown,PG,27,TOR,4,29,7.2,.414,.500,.200,4.1,21.6,12.7,9.9,0.0,2.7,8.4,18.6,,0.0,0.0,0.0,-0.045,,-2.7,-2.2,-4.9,0.0,2017-2018
1286,32,Sterling Brown,SG,22,MIL,3,13,23.6,.700,.600,.000,9.9,8.6,9.2,0.0,4.0,0.0,0.0,18.7,,0.0,0.0,0.1,.236,,4.8,0.2,5.0,0.0,2017-2018
1287,33,Alec Burks,SG,26,UTA,9,120,22.3,.581,.313,.234,1.8,20.0,10.8,26.4,1.6,0.7,10.2,28.9,,0.3,0.2,0.4,.169,,4.2,2.8,7.0,0.3,2017-2018
1288,34,Jimmy Butler,SG,28,MIN,5,170,16.9,.557,.270,.286,2.0,16.7,9.6,18.8,1.2,0.6,6.6,20.4,,0.3,0.0,0.3,.098,,2.3,0.3,2.6,0.2,2017-2018
1289,35,José Calderón,PG,36,CLE,13,104,6.0,.446,.692,.077,2.2,10.5,6.3,12.8,2.5,0.0,15.7,14.2,,-0.1,0.1,0.0,.005,,-4.8,0.3,-4.4,-0.1,2017-2018
1290,36,Clint Capela,C,23,HOU,17,520,24.1,.642,.000,.382,12.8,29.4,21.0,7.1,1.4,6.1,8.2,15.8,,1.6,0.9,2.6,.238,,3.6,1.8,5.5,1.0,2017-2018
1291,37,Ian Clark,SG,26,NOP,9,190,8.1,.517,.424,.061,1.1,4.2,2.7,7.8,2.0,0.8,11.7,17.3,,-0.1,0.2,0.1,.015,,-2.9,0.6,-2.3,0.0,2017-2018
1292,38,Jordan Clarkson,SG,25,CLE,19,286,3.2,.358,.374,.049,3.7,9.8,6.7,7.2,1.5,1.0,9.4,22.4,,-0.9,0.2,-0.7,-0.116,,-5.3,-3.3,-8.6,-0.5,2017-2018
1293,39,Zach Collins,C,20,POR,4,70,11.7,.441,.467,.133,4.4,15.5,9.5,12.2,2.1,2.3,5.9,20.6,,0.0,0.0,0.0,.016,,-2.4,1.3,-1.1,0.0,2017-2018
1294,40,Darren Collison,PG,30,IND,7,214,14.8,.539,.338,.176,0.6,10.9,6.0,23.4,1.7,0.0,10.9,18.1,,0.3,0.3,0.6,.126,,0.5,0.4,0.9,0.2,2017-2018
1295,41,Pat Connaughton,SG,25,POR,4,59,9.0,.504,.667,.133,3.5,4.1,3.8,13.4,0.8,1.4,5.9,12.2,,0.1,0.0,0.1,.051,,-2.0,0.6,-1.4,0.0,2017-2018
1296,42,Quinn Cook,PG,24,GSW,17,175,13.3,.544,.463,.254,1.3,12.5,7.2,9.2,1.1,1.0,6.3,20.3,,0.2,0.2,0.4,.114,,-1.4,-0.3,-1.7,0.0,2017-2018
1297,43,Robert Covington,SF,27,PHI,10,281,9.6,.450,.578,.193,4.5,15.8,10.1,12.7,1.9,2.9,10.9,15.1,,0.0,0.4,0.4,.073,,-1.2,1.1,-0.2,0.1,2017-2018
1298,44,Jamal Crawford,SG,37,MIN,5,123,15.6,.560,.362,.277,0.9,10.3,5.7,15.7,2.1,0.0,8.7,21.4,,0.2,0.0,0.2,.065,,1.6,0.9,2.5,0.1,2017-2018
1299,45,Jordan Crawford,SG,29,NOP,2,15,34.7,.731,.615,.000,0.0,26.8,13.9,18.5,3.1,0.0,18.8,45.6,,0.0,0.0,0.0,.071,,9.6,2.2,11.8,0.1,2017-2018
1300,46,Jae Crowder,SF,27,UTA,11,323,8.4,.457,.611,.259,1.3,17.5,9.3,8.7,2.3,0.5,10.4,18.3,,-0.3,0.4,0.1,.020,,-2.3,1.5,-0.7,0.1,2017-2018
1301,47,Stephen Curry,PG,29,GSW,15,555,22.3,.590,.533,.155,1.9,15.4,9.0,24.0,2.3,1.7,11.7,29.6,,1.1,1.0,2.1,.182,,5.8,1.2,7.1,1.3,2017-2018
1302,48,Anthony Davis,PF,24,NOP,9,358,25.8,.584,.108,.314,7.2,27.2,17.6,7.0,2.3,4.6,9.0,30.5,,0.7,0.7,1.4,.184,,3.5,1.4,4.8,0.6,2017-2018
1303,49,Ed Davis,C,28,POR,4,71,6.1,.468,.000,.400,7.2,45.9,24.9,0.0,0.0,1.2,25.4,9.5,,-0.1,0.0,-0.1,-0.035,,-4.6,-1.3,-5.9,-0.1,2017-2018
1304,50,Matthew Dellavedova,PG,27,MIL,6,78,6.8,.466,.750,.167,1.6,5.7,3.8,27.3,1.3,0.0,31.8,11.8,,0.0,0.0,0.0,.009,,-2.7,-2.4,-5.1,-0.1,2017-2018
1305,51,DeMar DeRozan,SG,28,TOR,10,354,16.3,.511,.176,.266,2.0,10.6,6.2,20.3,0.7,1.3,9.4,31.5,,0.2,-0.1,0.2,.023,,0.6,-2.5,-1.8,0.0,2017-2018
1306,52,Cheick Diallo,PF,21,NOP,7,48,4.7,.417,.000,.000,9.0,10.5,9.7,0.0,1.0,1.7,7.7,11.6,,0.0,0.0,0.0,.014,,-6.4,-2.2,-8.5,-0.1,2017-2018
1307,53,Gorgui Dieng,C,28,MIN,5,70,11.2,.430,.278,.222,4.8,22.6,14.0,8.1,1.4,6.1,4.8,13.5,,0.0,0.1,0.1,.037,,-0.6,1.8,1.1,0.1,2017-2018
1308,54,Goran Dragić,PG,31,MIA,5,156,14.3,.549,.280,.293,2.0,6.9,4.4,27.4,1.5,0.0,15.0,27.5,,0.0,0.0,0.0,.010,,0.9,-1.8,-0.9,0.0,2017-2018
1309,55,Kevin Durant,SF,29,GSW,21,807,25.1,.606,.317,.349,1.9,19.4,11.1,20.7,0.9,2.7,9.1,30.6,,2.7,1.3,4.0,.237,,6.7,0.9,7.6,2.0,2017-2018
1310,56,Wayne Ellington,SG,30,MIA,5,101,8.1,.537,.857,.086,1.0,7.5,4.2,4.6,0.9,1.7,7.6,16.8,,0.0,0.0,0.0,.000,,-0.2,-1.8,-2.0,0.0,2017-2018
1311,57,Joel Embiid,C,23,PHI,8,278,18.1,.519,.210,.442,8.7,30.4,19.4,14.8,1.2,4.6,15.0,29.3,,0.0,0.5,0.6,.096,,1.4,0.4,1.8,0.3,2017-2018
1312,58,Danté Exum,PG,22,UTA,10,114,8.0,.551,.171,.293,3.7,9.5,6.6,14.4,0.4,0.8,24.5,23.7,,-0.2,0.1,-0.1,-0.032,,-4.4,-1.8,-6.2,-0.1,2017-2018
1313,59,Derrick Favors,C,26,UTA,11,286,16.4,.618,.074,.485,7.4,14.1,10.7,7.1,1.4,3.4,10.8,14.3,,0.5,0.4,0.9,.146,,1.0,1.9,2.9,0.4,2017-2018
1314,60,Raymond Felton,PG,33,OKC,6,79,12.4,.486,.452,.065,2.7,14.5,8.7,18.3,2.5,2.3,13.6,20.4,,0.0,0.1,0.1,.045,,0.6,0.9,1.5,0.1,2017-2018
1315,61,Terrance Ferguson,SG,19,OKC,3,6,29.9,1.500,1.000,.000,17.8,0.0,8.8,27.4,0.0,0.0,0.0,7.3,,0.1,0.0,0.1,.507,,11.9,3.2,15.1,0.0,2017-2018
1316,62,Bryn Forbes,SG,24,SAS,4,54,5.5,.423,.529,.412,2.0,4.5,3.1,5.9,0.0,0.0,0.0,17.0,,0.0,0.0,0.0,-0.039,,-3.2,-3.3,-6.5,-0.1,2017-2018
1317,63,Tim Frazier,PG,27,WAS,2,6,15.1,.000,.000,.000,0.0,19.8,9.9,60.5,8.2,0.0,0.0,7.3,,0.0,0.0,0.0,.136,,-4.2,9.6,5.4,0.0,2017-2018
1318,64,Markelle Fultz,SG,19,PHI,3,23,5.7,.285,.000,.571,0.0,14.2,7.0,28.8,4.3,0.0,10.2,17.8,,0.0,0.0,0.0,-0.003,,-7.6,2.0,-5.6,0.0,2017-2018
1319,65,Pau Gasol,C,37,SAS,5,90,15.0,.615,.150,.500,2.3,29.6,15.1,25.5,0.0,1.0,19.7,15.5,,0.1,0.0,0.2,.094,,1.1,2.3,3.4,0.1,2017-2018
1320,66,Rudy Gay,PF,31,SAS,5,160,11.3,.442,.277,.138,5.9,14.4,9.9,12.3,2.6,0.5,8.0,21.4,,-0.1,0.1,0.0,-0.012,,-1.8,-0.1,-1.9,0.0,2017-2018
1321,67,Paul George,SF,27,OKC,6,251,14.6,.545,.433,.300,1.7,13.3,7.6,11.0,1.6,1.5,15.0,27.8,,0.0,0.3,0.2,.045,,1.3,-1.0,0.3,0.1,2017-2018
1322,68,Marcus Georges-Hunt,SG,23,MIN,2,3,0.0,.000,.000,.000,37.4,0.0,18.1,0.0,0.0,0.0,0.0,15.2,,0.0,0.0,0.0,-0.223,,-2.5,-8.4,-10.9,0.0,2017-2018
1323,69,Taj Gibson,PF,32,MIN,5,123,10.5,.665,.000,.136,6.4,11.1,8.8,2.4,0.4,1.7,14.6,10.1,,0.2,0.0,0.1,.052,,-0.9,-0.5,-1.4,0.0,2017-2018
1324,70,Manu Ginóbili,SG,40,SAS,5,107,15.3,.538,.486,.297,1.0,15.9,7.9,25.8,3.4,0.8,14.3,20.9,,0.1,0.1,0.2,.069,,-0.3,3.0,2.8,0.1,2017-2018
1325,71,Rudy Gobert,C,25,UTA,11,383,19.4,.662,.000,.690,12.0,21.3,16.6,4.5,1.3,5.8,16.1,15.0,,0.8,0.6,1.5,.184,,0.9,2.0,2.9,0.5,2017-2018
1326,72,Eric Gordon,SG,29,HOU,17,549,12.1,.529,.588,.276,1.8,7.4,4.5,8.2,0.9,1.3,8.8,22.2,,0.3,0.4,0.6,.056,,0.8,-1.3,-0.5,0.2,2017-2018
1327,73,Marcin Gortat,C,33,WAS,6,160,11.6,.564,.000,.163,9.7,18.6,14.2,5.5,0.0,1.1,11.5,14.3,,0.2,0.0,0.2,.060,,-1.5,-1.2,-2.7,0.0,2017-2018
1328,74,Jerami Grant,PF,23,OKC,6,133,11.3,.540,.229,.314,6.4,9.4,7.9,7.1,1.5,2.1,13.1,15.1,,0.1,0.1,0.2,.069,,-1.4,-0.2,-1.6,0.0,2017-2018
1329,75,Danny Green,SG,30,SAS,5,103,2.7,.350,.667,.000,4.1,8.2,6.0,1.5,0.5,3.4,6.3,14.2,,-0.2,0.0,-0.2,-0.092,,-4.3,-2.2,-6.5,-0.1,2017-2018
1330,76,Draymond Green,PF,27,GSW,21,819,16.2,.529,.411,.255,5.9,23.0,14.9,27.7,2.5,3.3,22.8,15.1,,0.9,1.8,2.8,.162,,1.1,3.9,5.0,1.4,2017-2018
1331,77,Gerald Green,SG,32,HOU,17,272,10.1,.551,.766,.074,2.4,18.2,10.2,0.6,0.7,2.3,9.3,17.6,,0.0,0.3,0.3,.054,,-0.3,-0.3,-0.6,0.1,2017-2018
1332,78,Jeff Green,PF,31,CLE,22,523,10.3,.524,.493,.324,1.6,10.7,6.0,9.4,0.7,2.6,9.5,15.9,,0.3,0.3,0.6,.053,,-0.5,-0.7,-1.1,0.1,2017-2018
1333,79,James Harden,SG,28,HOU,17,621,24.9,.548,.452,.345,2.5,13.6,7.9,35.9,3.1,1.6,12.8,36.7,,1.2,0.9,2.1,.163,,6.3,1.8,8.1,1.6,2017-2018
1334,80,Maurice Harkless,SF,24,POR,2,53,13.0,.615,.462,.000,5.8,11.4,8.4,10.4,0.0,1.5,7.1,11.3,,0.1,0.0,0.1,.089,,1.0,0.0,0.9,0.0,2017-2018
1335,81,John Henson,C,27,MIL,2,74,15.0,.684,.000,.154,6.9,12.0,9.7,9.9,0.0,8.4,22.4,11.8,,0.1,0.1,0.2,.110,,1.3,1.0,2.3,0.1,2017-2018
1336,82,Nenê,C,35,HOU,11,107,11.3,.624,.000,.550,6.1,23.1,14.5,7.1,0.9,4.1,24.4,13.8,,0.1,0.1,0.2,.089,,-4.4,1.2,-3.2,0.0,2017-2018
1337,83,George Hill,PG,31,CLE,19,557,10.5,.567,.389,.405,2.7,6.1,4.4,11.5,0.9,1.3,12.5,14.6,,0.6,0.2,0.8,.072,,-1.4,-0.6,-2.0,0.0,2017-2018
1338,84,Solomon Hill,SF,26,NOP,9,114,7.2,.561,.640,.400,5.7,9.7,7.8,7.5,0.4,0.7,16.9,13.3,,0.1,0.1,0.1,.056,,-2.8,-0.1,-2.9,0.0,2017-2018
1339,85,Jrue Holiday,SG,27,NOP,9,348,19.7,.581,.294,.176,2.8,12.1,7.6,25.6,1.3,1.1,11.2,25.3,,0.6,0.3,1.0,.132,,2.6,0.6,3.2,0.5,2017-2018
1340,86,Richaun Holmes,C,24,PHI,3,11,-4.1,.000,.000,.000,0.0,9.9,4.9,11.4,0.0,0.0,0.0,3.8,,0.0,0.0,0.0,-0.020,,-10.2,-1.2,-11.3,0.0,2017-2018
1341,87,Rodney Hood,SG,25,CLE,17,260,8.4,.468,.261,.130,3.1,11.2,7.1,11.3,1.0,1.4,11.8,19.6,,-0.2,0.1,0.0,-0.007,,-3.2,-0.6,-3.8,-0.1,2017-2018
1342,88,Al Horford,C,31,BOS,19,679,20.1,.631,.211,.368,5.3,21.6,13.3,15.8,1.4,2.9,11.9,18.3,,1.7,1.0,2.7,.192,,2.1,2.3,4.4,1.1,2017-2018
1343,89,Josh Huestis,PF,26,OKC,4,19,8.0,.521,.000,1.000,0.0,16.5,8.3,0.0,2.6,4.8,0.0,6.6,,0.0,0.0,0.0,.098,,-4.9,3.7,-1.2,0.0,2017-2018
1344,90,Serge Ibaka,PF,28,TOR,10,260,10.9,.533,.333,.306,6.0,22.1,13.9,6.2,0.2,3.9,16.4,17.1,,0.0,0.0,0.1,.014,,-1.7,-0.4,-2.2,0.0,2017-2018
1345,91,Andre Iguodala,SF,34,GSW,15,401,14.7,.610,.435,.400,3.2,14.8,9.3,13.6,2.6,1.5,12.3,12.7,,0.7,0.7,1.4,.171,,0.0,2.8,2.9,0.5,2017-2018
1346,92,Ersan İlyasova,PF,30,PHI,10,233,14.4,.499,.369,.250,11.8,23.3,17.4,8.7,1.5,1.6,9.7,18.6,,0.2,0.3,0.5,.112,,0.4,-0.4,0.0,0.1,2017-2018
1347,93,Joe Ingles,SF,30,UTA,11,382,12.3,.623,.636,.140,1.4,12.3,6.8,15.2,0.8,0.5,16.8,17.8,,0.4,0.3,0.7,.085,,0.7,0.3,0.9,0.3,2017-2018
1348,94,Aaron Jackson,PG,31,HOU,7,17,8.7,.512,.500,.500,12.9,13.2,13.0,17.9,0.0,0.0,29.1,18.1,,0.0,0.0,0.0,.002,,-4.8,-0.9,-5.7,0.0,2017-2018
1349,95,LeBron James,PF,33,CLE,22,922,32.2,.619,.224,.418,3.9,22.3,12.9,46.4,1.7,2.3,13.5,35.0,,4.2,1.0,5.2,.269,,10.1,2.6,12.7,3.4,2017-2018
1350,96,Brandon Jennings,PG,28,MIL,1,5,-9.8,.347,1.000,1.000,0.0,0.0,0.0,0.0,0.0,0.0,25.8,37.7,,0.0,0.0,0.0,-0.468,,-17.5,-14.7,-32.2,0.0,2017-2018
1351,97,Jonas Jerebko,PF,30,UTA,10,79,9.1,.478,.316,.105,5.4,16.5,10.9,5.5,1.9,0.0,4.8,11.7,,0.0,0.1,0.1,.080,,-2.3,1.4,-0.9,0.0,2017-2018
1352,98,Amir Johnson,C,30,PHI,8,94,15.2,.560,.000,.238,15.7,10.4,13.1,14.1,1.0,1.0,11.5,11.7,,0.2,0.1,0.3,.160,,0.6,-0.6,0.0,0.0,2017-2018
1353,99,Dakari Johnson,C,22,OKC,2,3,0.0,0,0,0,0.0,0.0,0.0,0.0,0.0,0.0,0,0.0,,0.0,0.0,0.0,-0.001,,-3.0,-3.3,-6.3,0.0,2017-2018
1354,100,James Johnson,PF,30,MIA,5,161,16.3,.644,.310,.333,1.9,18.0,9.8,24.1,1.8,3.2,17.2,15.6,,0.3,0.1,0.4,.113,,1.8,2.0,3.8,0.2,2017-2018
1355,101,Joe Johnson,SF,36,HOU,8,54,1.5,.353,.176,.000,0.0,20.8,10.3,8.4,0.0,1.6,15.0,16.6,,-0.2,0.0,-0.1,-0.109,,-7.7,-0.6,-8.2,-0.1,2017-2018
1356,102,Tyler Johnson,PG,25,MIA,5,81,14.4,.688,.385,.269,1.3,9.3,5.2,8.4,1.2,0.0,6.4,16.5,,0.2,0.0,0.2,.122,,0.7,0.0,0.7,0.1,2017-2018
1357,103,Damian Jones,C,22,GSW,4,11,-4.7,.602,.000,1.500,10.5,19.0,14.9,0.0,0.0,0.0,47.5,25.7,,-0.1,0.0,0.0,-0.177,,-18.4,-2.9,-21.4,-0.1,2017-2018
1358,104,Tyus Jones,PG,21,MIN,4,55,6.1,.286,.286,.000,0.0,17.2,8.9,19.3,0.9,0.0,12.5,6.6,,0.0,0.0,0.0,-0.021,,-4.1,0.4,-3.7,0.0,2017-2018
1359,105,Cory Joseph,PG,26,IND,7,143,12.7,.463,.333,.182,1.8,12.3,7.2,20.4,3.3,1.5,10.1,13.1,,0.1,0.3,0.4,.125,,-1.2,3.9,2.7,0.2,2017-2018
1360,106,Furkan Korkmaz,SG,20,PHI,1,2,56.7,1.500,1.000,.000,0.0,0.0,0.0,0.0,0.0,0.0,0.0,21.0,,0.0,0.0,0.0,.349,,33.6,10.0,43.7,0.0,2017-2018
1361,107,Kyle Korver,SG,36,CLE,22,505,11.4,.604,.773,.156,1.4,11.1,6.1,5.8,0.9,1.6,8.5,15.1,,0.7,0.3,1.0,.092,,1.1,-0.9,0.2,0.3,2017-2018
1362,108,Shane Larkin,PG,25,BOS,11,154,10.1,.551,.371,.143,0.7,7.6,4.1,20.1,1.7,0.0,13.9,12.9,,0.1,0.1,0.3,.090,,-3.8,1.2,-2.6,0.0,2017-2018
1363,109,Joffrey Lauvergne,C,26,SAS,1,6,16.5,1.000,.000,.000,0.0,20.2,9.4,0.0,0.0,0.0,0.0,7.6,,0.0,0.0,0.0,.153,,2.2,-1.2,1.0,0.0,2017-2018
1364,110,Ty Lawson,PG,30,WAS,5,96,12.1,.506,.308,.231,2.5,13.6,8.1,21.3,1.5,0.0,9.5,14.5,,0.1,0.0,0.2,.076,,-1.8,-1.5,-3.3,0.0,2017-2018
1365,111,Jake Layman,SF,23,POR,1,8,50.8,1.000,.000,.000,0.0,15.1,6.9,25.8,12.2,0.0,0.0,16.0,,0.1,0.0,0.1,.533,,13.8,16.6,30.4,0.1,2017-2018
1366,112,T.J. Leaf,PF,20,IND,1,4,0.0,0,0,0,0.0,0.0,0.0,0.0,0.0,0.0,0,0.0,,0.0,0.0,0.0,.018,,-3.7,-0.6,-4.3,0.0,2017-2018
1367,113,Meyers Leonard,C,25,POR,2,8,48.4,1.000,.000,.000,0.0,60.4,27.7,0.0,0.0,0.0,0.0,21.3,,0.1,0.0,0.1,.348,,14.6,4.1,18.7,0.0,2017-2018
1368,114,DeAndre Liggins,SG,29,NOP,3,14,-7.7,.266,.000,2.000,0.0,7.2,3.7,0.0,0.0,0.0,51.5,11.8,,-0.1,0.0,-0.1,-0.237,,-11.0,-3.8,-14.8,0.0,2017-2018
1369,115,Damian Lillard,PG,27,POR,4,162,9.5,.471,.423,.239,1.9,11.2,6.1,16.6,1.5,0.0,16.9,24.9,,-0.2,0.0,-0.2,-0.062,,-1.9,-2.8,-4.7,-0.1,2017-2018
1370,116,Shaun Livingston,PG,32,GSW,21,362,12.6,.579,.009,.227,3.5,10.4,7.1,12.4,1.0,0.2,11.7,16.9,,0.5,0.4,0.9,.118,,-2.1,0.3,-1.8,0.0,2017-2018
1371,117,Kevon Looney,C,21,GSW,21,387,12.1,.529,.028,.292,12.5,12.7,12.6,6.5,1.8,1.8,9.0,10.3,,0.6,0.6,1.2,.150,,-1.5,0.8,-0.7,0.1,2017-2018
1372,118,Kevin Love,C,29,CLE,21,660,15.5,.511,.381,.230,8.6,30.6,19.4,8.6,1.2,1.1,11.8,24.3,,0.3,0.7,1.0,.073,,1.1,-2.0,-0.9,0.2,2017-2018
1373,119,Kyle Lowry,PG,31,TOR,10,361,19.9,.659,.534,.271,0.7,14.2,7.3,37.0,2.1,0.0,19.0,20.5,,1.1,0.0,1.1,.150,,4.6,1.1,5.8,0.7,2017-2018
1374,120,Ian Mahinmi,C,31,WAS,6,52,30.3,.796,.000,.786,9.2,16.0,12.6,3.0,3.8,8.2,5.0,16.8,,0.3,0.1,0.4,.358,,3.4,5.4,8.8,0.1,2017-2018
1375,121,Thon Maker,C,20,MIL,6,130,11.2,.531,.714,.250,5.9,14.6,10.5,5.4,0.8,7.6,11.4,13.1,,0.1,0.2,0.2,.081,,-1.7,0.7,-1.1,0.0,2017-2018
1376,122,Luc Mbah a Moute,PF,31,HOU,9,149,2.6,.320,.417,.194,2.2,14.3,8.2,2.8,2.0,2.4,13.3,13.6,,-0.4,0.2,-0.2,-0.071,,-5.3,-0.5,-5.8,-0.1,2017-2018
1377,123,Patrick McCaw,SG,22,GSW,6,16,17.9,.694,.500,1.000,7.2,13.1,10.3,0.0,6.2,0.0,0.0,8.1,,0.0,0.0,0.1,.263,,-0.6,7.4,6.8,0.0,2017-2018
1378,124,CJ McCollum,SG,26,POR,4,155,19.6,.610,.338,.169,0.0,6.2,2.9,15.0,1.6,0.5,9.8,25.3,,0.4,0.0,0.4,.111,,3.0,-0.3,2.8,0.2,2017-2018
1379,125,T.J. McConnell,PG,25,PHI,10,155,17.8,.720,.083,.139,4.1,14.0,9.0,23.3,1.9,0.0,13.6,12.0,,0.4,0.2,0.6,.194,,1.7,2.7,4.4,0.3,2017-2018
1380,126,JaVale McGee,C,30,GSW,13,158,23.6,.678,.017,.155,11.7,17.2,14.6,4.2,0.9,6.1,7.5,19.0,,0.5,0.3,0.8,.243,,1.9,0.8,2.7,0.2,2017-2018
1381,127,Rodney McGruder,SG,26,MIA,4,16,-2.9,.250,.500,.000,0.0,26.9,13.2,0.0,0.0,0.0,0.0,10.8,,0.0,0.0,0.0,-0.109,,-11.4,-2.0,-13.5,0.0,2017-2018
1382,128,Khris Middleton,SF,26,MIL,7,275,22.5,.719,.366,.170,0.5,14.2,7.8,14.3,1.1,1.6,11.7,24.1,,0.9,0.2,1.1,.195,,5.0,-0.2,4.9,0.5,2017-2018
1383,129,C.J. Miles,SF,30,TOR,10,227,13.1,.615,.634,.225,3.2,9.9,6.5,5.3,1.6,1.0,10.3,17.4,,0.4,0.0,0.3,.073,,1.2,-0.2,1.0,0.2,2017-2018
1384,130,Darius Miller,SF,27,NOP,9,162,8.6,.587,.706,.176,1.3,11.2,6.4,8.4,1.4,0.0,14.1,11.3,,0.1,0.1,0.2,.067,,-1.6,0.5,-1.1,0.0,2017-2018
1385,131,Patty Mills,PG,29,SAS,5,165,10.4,.566,.614,.088,1.3,5.9,3.4,13.8,0.9,0.5,13.2,18.9,,0.0,0.0,0.0,.011,,-0.7,-0.8,-1.5,0.0,2017-2018
1386,132,Nikola Mirotić,PF,26,NOP,9,320,15.8,.612,.500,.186,3.0,24.2,14.0,6.3,1.5,3.0,8.3,16.1,,0.4,0.5,0.9,.137,,1.6,1.9,3.5,0.4,2017-2018
1387,133,Donovan Mitchell,SG,21,UTA,11,411,16.8,.512,.329,.177,2.3,14.8,8.5,20.8,1.9,0.9,10.9,31.5,,0.0,0.5,0.5,.062,,1.1,0.9,2.0,0.4,2017-2018
1388,134,Greg Monroe,C,27,BOS,11,105,15.9,.556,.000,.579,14.9,23.5,19.1,8.4,1.0,1.7,22.7,27.1,,0.0,0.1,0.1,.047,,-1.9,-1.8,-3.7,0.0,2017-2018
1389,135,E'Twaun Moore,SG,28,NOP,9,284,8.7,.537,.284,.182,2.3,6.0,4.2,7.1,1.0,0.3,10.4,16.0,,0.0,0.2,0.2,.034,,-2.7,-0.6,-3.3,-0.1,2017-2018
1390,136,Marcus Morris,PF,28,BOS,19,562,9.3,.474,.323,.265,4.0,17.3,10.5,6.2,0.6,0.8,7.1,22.0,,-0.2,0.6,0.3,.029,,-3.0,-1.1,-4.1,-0.3,2017-2018
1391,137,Markieff Morris,PF,28,WAS,6,181,13.5,.552,.245,.204,9.2,20.4,14.8,8.0,1.1,2.4,10.1,14.5,,0.2,0.1,0.4,.096,,-0.6,0.4,-0.2,0.1,2017-2018
1392,138,Shabazz Muhammad,SG,25,MIL,4,29,23.3,.563,.250,.250,0.0,15.4,8.2,0.0,3.6,3.1,8.3,40.6,,0.0,0.0,0.0,.025,,6.6,-1.0,5.6,0.1,2017-2018
1393,139,Dejounte Murray,PG,21,SAS,5,96,16.3,.558,.194,.290,4.4,21.5,12.4,16.3,2.7,1.8,12.5,19.0,,0.1,0.1,0.2,.094,,0.6,2.7,3.3,0.1,2017-2018
1394,140,Abdel Nader,SF,24,BOS,11,33,5.2,.358,.267,.267,3.4,7.1,5.2,15.2,1.6,2.7,10.7,26.2,,-0.1,0.0,-0.1,-0.122,,-6.2,-0.6,-6.8,0.0,2017-2018
1395,141,Larry Nance Jr.,C,25,CLE,20,307,20.3,.652,.017,.517,13.3,21.8,17.4,9.3,2.7,4.2,14.0,12.9,,0.8,0.5,1.2,.193,,1.8,2.2,3.9,0.5,2017-2018
1396,142,Shabazz Napier,PG,26,POR,2,35,4.3,.463,.364,.182,0.0,6.9,3.2,12.0,4.2,0.0,33.6,21.8,,-0.2,0.0,-0.1,-0.183,,-7.1,0.2,-6.9,0.0,2017-2018
1397,143,Raul Neto,PG,25,UTA,8,72,7.4,.417,.304,.217,3.0,12.1,7.5,20.2,1.4,0.0,13.7,17.9,,-0.1,0.1,0.0,.004,,-3.4,0.2,-3.2,0.0,2017-2018
1398,144,Lucas Nogueira,C,25,TOR,5,24,-9.8,.266,.000,2.000,0.0,5.2,2.5,5.2,0.0,0.0,61.5,9.2,,-0.1,0.0,-0.1,-0.227,,-13.0,-2.2,-15.2,-0.1,2017-2018
1399,145,Jusuf Nurkić,C,23,POR,4,94,23.0,.536,.000,.282,13.0,25.7,18.8,6.5,3.1,4.3,6.4,21.3,,0.2,0.1,0.3,.160,,1.2,0.7,2.0,0.1,2017-2018
1400,146,Royce O'Neale,SF,24,UTA,11,259,9.5,.606,.500,.339,1.2,14.7,7.9,8.5,1.9,1.4,19.9,13.7,,0.0,0.3,0.4,.069,,-2.3,2.5,0.2,0.1,2017-2018
1401,147,Semi Ojeleye,PF,23,BOS,17,230,2.9,.443,.667,.212,1.9,12.3,7.0,1.2,0.7,0.0,5.3,7.6,,-0.1,0.2,0.1,.028,,-5.4,0.3,-5.2,-0.2,2017-2018
1402,148,Emeka Okafor,C,35,NOP,1,4,-13.8,.000,.000,.000,0.0,0.0,0.0,0.0,0.0,0.0,0.0,10.7,,0.0,0.0,0.0,-0.263,,-17.0,-6.2,-23.2,0.0,2017-2018
1403,149,Victor Oladipo,SG,25,IND,7,261,22.0,.548,.449,.323,1.5,24.7,13.6,26.8,3.4,1.3,14.2,30.5,,0.3,0.6,0.9,.160,,4.5,3.2,7.6,0.6,2017-2018
1404,150,Kelly Olynyk,PF,26,MIA,5,146,17.4,.606,.432,.455,5.0,11.8,8.3,21.0,2.3,3.5,13.2,17.9,,0.3,0.1,0.4,.125,,2.7,1.5,4.2,0.2,2017-2018
1405,151,Chinanu Onuaku,C,21,HOU,1,3,38.2,0,0,0,36.5,0.0,18.5,43.0,16.7,0.0,0,0.0,,0.0,0.0,0.0,.578,,4.7,17.3,21.9,0.0,2017-2018
1406,152,Cedi Osman,SF,22,CLE,14,62,5.6,.354,.389,.222,1.9,11.8,6.7,7.3,2.5,0.0,0.0,14.7,,-0.1,0.0,0.0,-0.020,,-3.6,-1.1,-4.6,0.0,2017-2018
1407,153,Kelly Oubre Jr.,SF,22,WAS,6,148,9.8,.501,.396,.375,0.8,17.7,9.3,3.8,2.0,1.7,8.2,18.1,,0.0,0.1,0.1,.030,,-3.2,0.5,-2.7,0.0,2017-2018
1408,154,Zaza Pachulia,C,33,GSW,7,26,35.6,.692,.000,1.714,26.6,24.1,25.3,5.5,5.7,3.4,19.6,26.3,,0.1,0.1,0.2,.395,,6.3,2.8,9.0,0.1,2017-2018
1409,155,Jabari Parker,PF,22,MIL,7,167,15.9,.517,.306,.210,6.1,23.4,15.4,9.4,2.2,2.1,8.1,21.5,,0.1,0.2,0.3,.091,,0.3,-0.6,-0.2,0.1,2017-2018
1410,156,Tony Parker,PG,35,SAS,5,67,7.8,.412,.135,.189,0.0,7.2,3.4,17.5,1.5,0.0,9.1,30.1,,-0.2,0.0,-0.2,-0.151,,-4.1,-2.4,-6.5,-0.1,2017-2018
1411,157,Patrick Patterson,PF,28,OKC,6,58,4.4,.667,.667,.000,1.8,18.0,10.0,7.2,0.8,0.0,33.3,6.8,,0.0,0.1,0.1,.043,,-3.7,0.3,-3.4,0.0,2017-2018
1412,158,Brandon Paul,SG,26,SAS,1,3,15.5,0,0,0,0.0,40.4,18.8,46.2,0.0,0.0,0,0.0,,0.0,0.0,0.0,.168,,3.2,6.2,9.4,0.0,2017-2018
1413,159,Chris Paul,PG,32,HOU,15,517,22.8,.565,.385,.206,1.9,17.4,9.5,30.8,2.9,0.7,9.1,26.7,,1.4,0.7,2.1,.193,,4.2,2.5,6.6,1.1,2017-2018
1414,160,Jakob Poeltl,C,22,TOR,9,140,14.6,.622,.032,.613,12.8,18.8,15.7,6.3,1.1,2.2,16.9,15.4,,0.3,0.0,0.3,.108,,-1.7,0.0,-1.7,0.0,2017-2018
1415,161,Otto Porter Jr.,SF,24,WAS,5,158,12.9,.562,.293,.195,0.8,18.1,9.4,7.2,1.9,2.7,6.3,13.3,,0.1,0.1,0.3,.078,,0.2,1.0,1.2,0.1,2017-2018
1416,162,Norman Powell,SG,24,TOR,6,40,1.3,.381,.500,.286,0.0,6.3,3.1,7.1,0.0,0.0,6.0,19.0,,-0.1,0.0,-0.1,-0.115,,-6.3,-4.2,-10.4,-0.1,2017-2018
1417,163,Zhou Qi,C,22,HOU,3,6,16.3,1.000,.000,.000,0.0,18.7,9.2,0.0,0.0,0.0,0.0,7.5,,0.0,0.0,0.0,.179,,2.1,2.5,4.6,0.0,2017-2018
1418,164,JJ Redick,SG,33,PHI,10,342,14.9,.593,.556,.311,0.9,3.8,2.3,12.2,1.2,0.3,6.7,20.2,,0.8,0.2,1.1,.148,,2.7,-1.1,1.6,0.3,2017-2018
1419,165,Josh Richardson,SF,24,MIA,5,130,12.8,.487,.475,.175,3.2,9.1,6.1,16.6,4.0,3.3,10.4,15.9,,0.0,0.1,0.2,.057,,-1.1,2.5,1.4,0.1,2017-2018
1420,166,Glenn Robinson III,SF,24,IND,2,6,17.0,1.000,.000,.000,0.0,19.5,10.2,0.0,0.0,0.0,0.0,7.9,,0.0,0.0,0.0,.204,,1.2,2.4,3.6,0.0,2017-2018
1421,167,Rajon Rondo,PG,31,NOP,9,302,15.6,.474,.207,.152,3.2,19.6,11.7,47.4,2.0,0.5,25.2,18.6,,0.1,0.4,0.5,.082,,0.3,0.8,1.1,0.2,2017-2018
1422,168,Derrick Rose,PG,29,MIN,5,119,16.6,.591,.175,.123,0.9,7.1,4.1,19.9,0.8,0.0,11.8,26.1,,0.1,0.0,0.1,.044,,1.1,-0.4,0.7,0.1,2017-2018
1423,169,Terry Rozier,PG,23,BOS,19,696,17.3,.538,.553,.211,1.3,15.5,8.2,26.3,1.8,0.8,7.0,20.7,,1.3,0.9,2.2,.149,,2.2,2.2,4.5,1.1,2017-2018
1424,170,Ricky Rubio,PG,27,UTA,6,181,15.9,.471,.405,.291,2.9,23.5,13.1,36.8,2.2,1.5,16.8,26.1,,0.0,0.3,0.2,.063,,0.4,2.0,2.5,0.2,2017-2018
1425,171,Domantas Sabonis,C,21,IND,7,166,18.7,.622,.113,.290,10.7,12.7,11.8,5.1,0.3,1.3,9.1,21.9,,0.5,0.2,0.6,.183,,0.4,-0.9,-0.5,0.1,2017-2018
1426,172,Dario Šarić,PF,23,PHI,10,329,18.6,.546,.371,.286,10.3,13.5,11.9,17.2,1.5,1.1,8.7,22.0,,0.8,0.4,1.2,.173,,4.1,-0.1,3.9,0.5,2017-2018
1427,173,Tomáš Satoranský,SG,26,WAS,6,60,-0.8,.237,.231,.308,10.0,7.9,8.9,6.3,0.0,0.0,16.9,13.0,,-0.2,0.0,-0.2,-0.140,,-6.9,-5.1,-12.0,-0.2,2017-2018
1428,174,Mike Scott,PF,29,WAS,6,126,19.1,.745,.268,.146,5.7,14.2,9.9,5.1,0.8,0.7,10.3,17.0,,0.4,0.0,0.4,.162,,3.6,-0.3,3.3,0.2,2017-2018
1429,175,Pascal Siakam,PF,23,TOR,10,179,14.0,.663,.098,.488,6.0,18.9,12.3,6.7,0.3,2.6,12.3,14.4,,0.4,0.0,0.4,.103,,-0.6,0.5,-0.1,0.1,2017-2018
1430,176,Ben Simmons,PG,21,PHI,10,369,16.6,.541,.008,.464,4.6,22.9,13.6,33.0,2.3,2.0,22.6,22.1,,0.2,0.6,0.8,.103,,0.3,1.8,2.1,0.4,2017-2018
1431,177,Marcus Smart,SG,23,BOS,15,449,11.7,.447,.476,.343,3.5,11.0,7.2,27.7,3.0,2.0,17.9,20.6,,-0.3,0.7,0.4,.038,,-2.7,2.3,-0.4,0.2,2017-2018
1432,178,J.R. Smith,SG,32,CLE,22,706,6.7,.486,.642,.118,1.6,8.6,5.1,5.3,1.6,0.5,8.8,14.1,,-0.1,0.4,0.3,.017,,-2.3,-0.6,-2.8,-0.2,2017-2018
1433,179,Jason Smith,C,31,WAS,1,2,0.0,0,0,0,0.0,0.0,0.0,0.0,0.0,0.0,0,0.0,,0.0,0.0,0.0,-0.021,,-2.4,-2.2,-4.7,0.0,2017-2018
1434,180,Tony Snell,SG,26,MIL,7,134,3.5,.396,.875,.000,1.0,10.0,5.8,4.0,1.2,2.7,11.1,9.8,,-0.2,0.1,-0.1,-0.025,,-3.3,-1.0,-4.3,-0.1,2017-2018
1435,181,Lance Stephenson,SG,27,IND,7,149,13.8,.529,.400,.138,2.6,12.6,7.8,22.3,0.7,0.7,11.5,24.7,,0.1,0.2,0.3,.090,,-0.3,0.6,0.3,0.1,2017-2018
1436,182,David Stockton,PG,26,UTA,2,6,-0.7,.333,.333,.000,0.0,18.1,9.0,0.0,0.0,0.0,0.0,22.1,,0.0,0.0,0.0,-0.136,,-10.5,-1.4,-11.9,0.0,2017-2018
1437,183,Caleb Swanigan,PF,20,POR,1,8,2.6,.399,.500,2.000,0.0,30.2,13.8,14.5,0.0,0.0,21.0,25.4,,0.0,0.0,0.0,-0.162,,-8.1,-1.3,-9.4,0.0,2017-2018
1438,184,Jayson Tatum,SF,19,BOS,19,683,16.2,.578,.272,.372,1.6,12.6,7.0,13.3,1.7,1.3,11.9,23.3,,0.8,0.8,1.6,.116,,0.0,1.5,1.5,0.6,2017-2018
1439,185,Jeff Teague,PG,29,MIN,5,153,13.2,.556,.353,.333,2.2,10.3,6.4,29.6,1.0,1.4,19.3,21.6,,0.1,0.0,0.1,.028,,-0.1,-1.1,-1.2,0.0,2017-2018
1440,186,Jason Terry,SG,40,MIL,3,44,5.5,.600,1.000,.000,2.9,2.5,2.7,6.0,1.2,0.0,16.7,6.6,,0.0,0.0,0.0,.038,,-0.7,-1.2,-2.0,0.0,2017-2018
1441,187,Klay Thompson,SG,27,GSW,21,794,13.9,.579,.459,.091,1.6,9.9,5.9,7.3,1.0,0.7,8.0,21.8,,0.9,0.9,1.8,.107,,1.1,-1.0,0.1,0.4,2017-2018
1442,188,Tristan Thompson,C,26,CLE,19,416,15.0,.622,.012,.325,12.3,19.9,16.0,4.1,0.3,1.8,10.4,11.8,,0.9,0.2,1.2,.135,,1.0,-1.2,-0.2,0.2,2017-2018
1443,189,Karl-Anthony Towns,C,22,MIN,5,170,16.9,.542,.183,.383,9.9,32.2,21.4,10.3,0.6,3.2,14.6,22.0,,0.1,0.1,0.2,.066,,1.3,-0.6,0.8,0.1,2017-2018
1444,190,P.J. Tucker,PF,32,HOU,17,569,11.8,.651,.694,.167,4.4,17.4,10.8,5.7,1.0,2.0,10.8,10.2,,0.9,0.6,1.5,.125,,0.7,1.7,2.4,0.6,2017-2018
1445,191,Evan Turner,SF,29,POR,3,87,8.3,.413,.212,.061,5.9,9.7,7.6,15.9,1.7,0.9,15.0,19.6,,-0.1,0.0,-0.1,-0.058,,-3.3,-0.9,-4.2,0.0,2017-2018
1446,192,Myles Turner,C,21,IND,7,196,15.3,.698,.241,.352,3.9,17.9,11.2,3.2,0.5,2.2,15.0,17.7,,0.4,0.3,0.6,.159,,-0.6,1.0,0.4,0.1,2017-2018
1447,193,Ekpe Udoh,C,30,UTA,6,21,3.1,.362,.000,4.000,5.1,10.4,7.7,0.0,0.0,8.4,26.6,7.9,,0.0,0.0,0.0,-0.044,,-5.7,1.2,-4.5,0.0,2017-2018
1448,194,Jonas Valančiūnas,C,25,TOR,10,244,25.2,.599,.047,.318,14.7,38.4,26.3,8.7,0.8,4.8,13.5,26.2,,0.6,0.2,0.8,.155,,3.1,0.2,3.3,0.3,2017-2018
1449,195,Fred VanVleet,PG,23,TOR,6,114,8.1,.482,.718,.205,0.0,11.0,5.4,16.6,0.0,0.0,8.6,18.5,,0.0,-0.1,0.0,-0.006,,-1.1,-3.0,-4.1,-0.1,2017-2018
1450,196,Dwyane Wade,SG,36,MIA,5,127,17.4,.510,.057,.371,2.4,15.3,8.7,27.3,2.6,0.7,11.9,31.4,,0.0,0.1,0.1,.032,,0.1,0.6,0.6,0.1,2017-2018
1451,197,John Wall,PG,27,WAS,6,234,24.2,.528,.165,.370,1.5,15.8,8.7,50.2,3.0,2.9,15.5,32.9,,0.4,0.2,0.6,.125,,4.8,1.9,6.7,0.5,2017-2018
1452,198,David West,C,37,GSW,18,175,19.2,.631,.044,.089,7.2,15.5,11.6,26.1,1.7,5.0,17.6,14.5,,0.5,0.3,0.8,.217,,1.7,4.1,5.8,0.3,2017-2018
1453,199,Russell Westbrook,PG,29,OKC,6,235,20.3,.493,.261,.248,5.0,27.1,16.2,38.1,1.9,0.0,14.8,39.0,,-0.1,0.3,0.3,.052,,3.9,0.1,4.1,0.4,2017-2018
1454,200,Derrick White,PG,23,SAS,3,18,20.0,.583,.333,.000,0.0,0.0,0.0,10.0,2.9,9.7,0.0,15.2,,0.0,0.0,0.0,.125,,5.2,3.1,8.3,0.0,2017-2018
1455,201,Hassan Whiteside,C,28,MIA,5,77,6.9,.505,.000,.650,13.4,28.0,20.6,2.0,0.0,6.7,31.8,21.1,,-0.2,0.1,-0.1,-0.082,,-7.9,-1.9,-9.8,-0.2,2017-2018
1456,202,Andrew Wiggins,SF,22,MIN,5,164,11.7,.514,.309,.294,3.4,13.5,8.6,10.0,0.6,1.3,10.5,23.9,,0.0,0.0,0.0,-0.012,,-0.8,-1.0,-1.7,0.0,2017-2018
1457,203,Justise Winslow,PF,21,MIA,5,125,12.1,.495,.452,.405,5.8,22.4,13.9,16.2,1.5,2.7,13.9,19.8,,0.0,0.1,0.1,.037,,-1.0,0.5,-0.5,0.0,2017-2018
1458,204,Delon Wright,PG,25,TOR,10,215,18.0,.573,.309,.235,1.7,11.0,6.3,16.3,3.5,3.3,10.7,17.7,,0.4,0.2,0.5,.114,,2.1,3.0,5.2,0.4,2017-2018
1459,205,Guerschon Yabusele,PF,22,BOS,12,48,1.2,.179,.667,.556,7.0,19.6,13.1,8.6,2.1,0.0,0.0,10.8,,-0.1,0.1,0.0,-0.032,,-8.6,-0.4,-9.0,-0.1,2017-2018
1460,206,Joe Young,PG,25,IND,1,3,-5.8,0,0,0,0.0,0.0,0.0,0.0,0.0,0.0,0,0.0,,0.0,0.0,0.0,.024,,-13.1,0.5,-12.6,0.0,2017-2018
1461,207,Nick Young,SG,32,GSW,20,205,3.1,.460,.887,.151,0.6,5.6,3.2,2.5,0.2,0.0,3.4,12.8,,-0.1,0.2,0.1,.021,,-4.2,-2.0,-6.3,-0.2,2017-2018
1462,208,Thaddeus Young,PF,29,IND,7,237,17.9,.601,.117,.217,11.8,15.8,13.9,6.5,2.7,2.8,9.6,14.5,,0.5,0.4,0.9,.188,,1.1,2.9,4.0,0.4,2017-2018
1463,209,Tyler Zeller,C,28,MIL,7,66,13.4,.814,.000,.800,3.9,20.3,12.6,6.1,3.2,4.1,12.9,5.7,,0.1,0.1,0.3,.183,,-1.6,2.5,0.8,0.0,2017-2018
1464,210,Ante Žižić,C,21,CLE,8,23,14.9,.514,.000,.600,5.1,26.5,15.5,8.0,0.0,4.0,13.7,29.5,,0.0,0.0,0.0,-0.001,,-2.2,-2.2,-4.4,0.0,2017-2018
1465,1,Steven Adams,C,25,OKC,5,159,15.6,.648,.024,.190,8.1,16.6,12.3,7.2,1.5,2.6,16.5,14.6,,0.2,0.2,0.3,.101,,-0.1,1.9,1.8,0.2,2018-2019
1466,2,LaMarcus Aldridge,C,33,SAS,7,244,21.8,.517,.091,.273,8.4,21.1,14.8,13.1,1.1,2.3,4.9,27.2,,0.5,0.2,0.6,.126,,2.5,-0.2,2.3,0.3,2018-2019
1467,3,Grayson Allen,SG,23,UTA,2,14,10.4,.446,.429,1.000,0.0,7.8,3.8,0.0,0.0,0.0,0.0,30.8,,0.0,0.0,0.0,-0.002,,-1.6,-3.5,-5.1,0.0,2018-2019
1468,4,Jarrett Allen,C,20,BRK,5,110,22.5,.674,.000,.625,13.0,19.3,15.9,15.9,1.3,2.0,16.4,18.1,,0.4,0.0,0.4,.180,,2.0,1.4,3.4,0.2,2018-2019
1469,5,Al-Farouq Aminu,PF,28,POR,16,399,11.0,.473,.468,.330,7.7,18.9,13.3,7.5,1.1,2.1,11.4,15.4,,0.1,0.3,0.4,.051,,-0.8,-0.1,-0.9,0.1,2018-2019
1470,6,Giannis Antetokounmpo,PF,24,MIL,15,514,26.5,.572,.211,.644,7.3,27.7,17.9,25.1,1.7,5.3,13.0,32.2,,1.0,1.3,2.3,.216,,5.0,3.4,8.3,1.4,2018-2019
1471,7,D.J. Augustin,PG,31,ORL,5,141,16.6,.666,.512,.390,0.7,5.8,3.1,25.5,0.7,0.7,12.7,17.3,,0.4,0.0,0.4,.137,,3.2,0.4,3.5,0.2,2018-2019
1472,8,Will Barton,SF,28,DEN,14,328,10.2,.434,.407,.193,4.7,16.9,10.7,11.0,0.6,2.2,8.7,21.9,,-0.3,0.2,-0.1,-0.009,,-1.9,-1.2,-3.1,-0.1,2018-2019
1473,9,Aron Baynes,C,32,BOS,9,115,6.4,.638,.429,.143,5.6,16.1,11.1,3.9,1.3,1.6,25.2,7.6,,0.0,0.2,0.2,.095,,-4.4,2.1,-2.3,0.0,2018-2019
1474,10,Malik Beasley,SG,22,DEN,14,281,12.0,.530,.505,.333,4.0,14.1,9.0,7.3,0.6,0.3,6.2,18.1,,0.3,0.1,0.4,.073,,-0.8,-1.1,-1.9,0.0,2018-2019
1475,11,Marco Belinelli,SG,32,SAS,7,131,8.7,.504,.553,.158,0.0,10.6,5.3,8.5,0.0,1.2,4.7,15.1,,0.1,0.0,0.1,.024,,-1.4,-1.4,-2.8,0.0,2018-2019
1476,12,Jordan Bell,C,24,GSW,15,106,18.8,.579,.000,.323,7.8,12.7,10.3,15.1,1.9,6.4,5.3,15.3,,0.3,0.1,0.4,.171,,0.4,3.0,3.4,0.1,2018-2019
1477,13,Dāvis Bertāns,PF,26,SAS,5,79,4.5,.465,.733,.333,0.0,10.8,5.5,8.3,0.0,1.0,5.5,10.7,,0.0,0.0,0.0,.006,,-3.8,-1.0,-4.8,-0.1,2018-2019
1478,14,Patrick Beverley,PG,30,LAC,6,195,13.7,.584,.638,.170,4.3,24.3,13.7,19.7,1.4,2.6,16.5,12.9,,0.2,0.0,0.2,.056,,0.9,1.4,2.3,0.2,2018-2019
1479,15,Khem Birch,C,26,ORL,5,92,14.7,.617,.000,.389,9.9,28.1,18.4,7.7,0.5,5.0,22.2,13.1,,0.1,0.1,0.2,.092,,-1.1,1.5,0.4,0.1,2018-2019
1480,16,Eric Bledsoe,PG,29,MIL,15,423,14.2,.494,.389,.276,4.9,8.2,6.6,23.7,1.8,1.3,13.4,24.4,,0.0,0.7,0.7,.080,,-0.2,0.0,-0.2,0.2,2018-2019
1481,17,Bojan Bogdanović,SF,29,IND,4,148,15.2,.511,.349,.270,2.0,16.3,8.5,14.1,2.7,0.0,7.8,23.9,,0.0,0.3,0.2,.079,,0.4,1.4,1.9,0.1,2018-2019
1482,18,Andrew Bogut,C,34,GSW,19,179,17.4,.663,.000,.135,15.2,31.9,23.8,16.4,1.4,3.3,20.3,12.0,,0.5,0.2,0.7,.183,,-1.0,2.8,1.8,0.2,2018-2019
1483,19,Jonah Bolden,PF,23,PHI,10,79,-1.0,.385,.842,.211,5.8,13.0,9.6,5.0,1.2,1.1,30.2,16.0,,-0.3,0.1,-0.2,-0.106,,-7.7,-1.4,-9.0,-0.1,2018-2019
1484,20,Chris Boucher,PF,26,TOR,2,4,31.5,.460,.600,.200,0.0,27.6,13.8,0.0,0.0,24.5,0.0,61.8,,0.0,0.0,0.0,-0.104,,7.6,-0.6,7.0,0.0,2018-2019
1485,21,Malcolm Brogdon,SG,26,MIL,7,198,14.3,.549,.474,.141,3.2,13.7,8.6,18.9,1.2,0.5,10.8,20.2,,0.2,0.3,0.5,.119,,1.4,0.9,2.4,0.2,2018-2019
1486,22,Bruce Brown,SG,22,DET,4,57,4.6,.437,.357,.143,1.6,14.3,7.1,5.1,1.7,1.6,11.8,12.5,,-0.1,0.0,-0.1,-0.067,,-6.2,-0.3,-6.4,-0.1,2018-2019
1487,23,Jaylen Brown,SG,22,BOS,9,274,13.0,.624,.460,.345,2.3,16.4,9.7,6.3,1.1,0.7,13.8,18.7,,0.2,0.4,0.6,.113,,-0.5,1.2,0.7,0.2,2018-2019
1488,24,Sterling Brown,SG,23,MIL,11,162,10.6,.525,.553,.289,2.6,15.5,9.3,16.2,1.8,1.7,15.7,13.5,,0.1,0.3,0.4,.111,,-2.3,2.5,0.2,0.1,2018-2019
1489,25,Deonte Burton,SG,25,OKC,3,4,-7.3,.200,.400,.000,26.7,27.5,27.1,0.0,0.0,0.0,0.0,53.4,,-0.1,0.0,0.0,-0.596,,-9.5,-10.4,-19.9,0.0,2018-2019
1490,26,Jimmy Butler,SF,29,PHI,12,421,21.3,.564,.257,.411,6.0,12.2,9.3,23.2,2.1,1.5,9.6,23.1,,1.1,0.6,1.7,.192,,4.4,1.8,6.2,0.9,2018-2019
1491,27,José Calderón,PG,37,DET,3,10,21.4,0,0,0,0.0,0.0,0.0,64.0,4.8,0.0,0,0.0,,0.0,0.0,0.0,.181,,5.0,5.8,10.8,0.0,2018-2019
1492,28,Clint Capela,C,24,HOU,11,331,15.8,.549,.000,.427,14.4,23.8,19.2,7.7,0.5,3.4,14.1,15.2,,0.5,0.4,0.9,.128,,0.3,-1.0,-0.6,0.1,2018-2019
1493,29,DeMarre Carroll,PF,32,BRK,5,119,5.4,.397,.632,.211,4.8,13.1,8.6,2.3,1.6,0.0,6.7,15.2,,-0.1,0.0,-0.1,-0.049,,-3.4,-2.0,-5.4,-0.1,2018-2019
1494,30,Michael Carter-Williams,PG,27,ORL,5,92,9.2,.478,.258,.258,2.2,23.0,11.9,24.1,1.6,0.0,18.8,20.5,,-0.1,0.1,0.0,-0.020,,-3.9,1.8,-2.1,0.0,2018-2019
1495,31,Wilson Chandler,SF,31,LAC,4,52,2.6,.422,.625,.250,0.0,13.7,6.4,5.2,1.8,0.0,14.5,16.6,,-0.1,0.0,-0.1,-0.119,,-7.0,-1.4,-8.4,-0.1,2018-2019
1496,32,Gary Clark,PF,24,HOU,2,4,3.1,0,0,0,0.0,27.3,14.1,0.0,0.0,0.0,0,0.0,,0.0,0.0,0.0,.048,,-1.6,1.0,-0.6,0.0,2018-2019
1497,33,Zach Collins,C,21,POR,16,275,14.4,.592,.259,.309,6.5,15.8,11.2,7.9,1.3,6.4,17.9,17.7,,0.2,0.3,0.5,.090,,-2.0,2.7,0.7,0.2,2018-2019
1498,34,Darren Collison,PG,31,IND,4,117,9.9,.504,.244,.133,3.4,8.3,5.6,25.5,0.9,0.0,17.3,22.8,,-0.1,0.1,0.0,.002,,-2.6,-1.5,-4.1,-0.1,2018-2019
1499,35,Pat Connaughton,SG,26,MIL,15,324,13.5,.577,.545,.104,3.2,24.8,14.4,9.2,0.9,3.6,10.1,11.9,,0.3,0.7,1.0,.142,,0.3,2.7,3.0,0.4,2018-2019
1500,36,Quinn Cook,PG,25,GSW,17,193,8.0,.495,.486,.057,1.2,9.3,5.4,8.8,0.8,0.5,7.7,17.5,,0.0,0.0,0.0,.001,,-2.7,-2.3,-5.0,-0.1,2018-2019
1501,37,DeMarcus Cousins,C,28,GSW,8,133,11.0,.477,.226,.472,8.0,25.2,16.9,20.7,1.9,4.4,22.9,27.1,,-0.2,0.2,-0.1,-0.029,,-4.9,1.4,-3.5,-0.1,2018-2019
1502,38,Torrey Craig,SF,28,DEN,14,330,12.2,.605,.522,.232,6.6,16.5,11.5,5.1,1.1,1.2,7.3,11.1,,0.6,0.2,0.8,.113,,-0.9,0.9,0.0,0.2,2018-2019
1503,39,Jae Crowder,SF,28,UTA,5,130,14.0,.524,.652,.413,3.1,21.0,11.7,5.2,1.9,0.0,1.8,18.2,,0.2,0.1,0.3,.109,,1.1,2.0,3.1,0.2,2018-2019
1504,40,Dante Cunningham,PF,31,SAS,5,13,29.5,1.000,.667,.000,16.7,32.9,24.9,0.0,0.0,0.0,0.0,10.7,,0.1,0.0,0.1,.314,,12.1,0.0,12.1,0.0,2018-2019
1505,41,Seth Curry,SG,28,POR,16,326,8.3,.518,.634,.134,1.6,6.5,4.1,5.7,1.8,1.0,7.5,12.5,,0.1,0.1,0.3,.043,,-1.6,0.2,-1.4,0.1,2018-2019
1506,42,Stephen Curry,PG,30,GSW,22,846,22.6,.620,.566,.364,2.4,15.2,9.0,23.9,1.4,0.5,11.7,29.1,,2.7,0.4,3.2,.179,,5.6,-0.5,5.2,1.5,2018-2019
1507,43,Ed Davis,C,29,BRK,3,41,19.7,.735,.000,.200,9.3,40.8,23.8,7.8,0.0,1.8,0.0,10.8,,0.2,0.0,0.2,.228,,1.7,2.1,3.8,0.1,2018-2019
1508,44,DeMar DeRozan,SG,29,SAS,7,251,23.2,.557,.008,.370,4.3,15.8,10.1,21.6,1.7,0.3,8.0,27.8,,0.6,0.1,0.8,.145,,3.0,0.8,3.8,0.4,2018-2019
1509,45,Spencer Dinwiddie,PG,25,BRK,5,131,12.3,.536,.387,.226,2.9,7.7,5.1,10.3,0.7,0.0,10.5,23.7,,0.0,0.0,0.0,-0.005,,-0.4,-2.7,-3.2,0.0,2018-2019
1510,46,Andre Drummond,C,25,DET,4,127,15.6,.451,.019,.389,13.9,29.3,20.6,12.0,2.3,3.6,14.8,24.6,,-0.2,0.1,-0.1,-0.048,,-1.9,-1.0,-2.9,0.0,2018-2019
1511,47,Jared Dudley,PF,33,BRK,4,82,4.7,.470,.818,.364,0.0,2.7,1.3,17.6,1.7,0.9,23.9,8.3,,0.0,0.0,0.0,-0.019,,-4.0,2.0,-2.0,0.0,2018-2019
1512,48,Kevin Durant,SF,30,GSW,12,442,26.8,.661,.329,.465,0.3,14.7,7.7,21.6,1.5,2.6,12.8,33.0,,1.5,0.3,1.8,.199,,6.8,0.8,7.6,1.1,2018-2019
1513,49,Wayne Ellington,SG,31,DET,4,131,5.7,.432,.629,.057,2.0,10.7,5.8,5.5,1.1,0.0,5.3,12.2,,-0.1,-0.1,-0.2,-0.064,,-3.5,-2.2,-5.7,-0.1,2018-2019
1514,50,Joel Embiid,C,24,PHI,11,334,21.8,.559,.245,.566,7.2,29.0,18.7,17.9,1.2,6.7,16.8,30.4,,0.3,0.7,1.0,.143,,2.5,2.6,5.1,0.6,2018-2019
1515,51,James Ennis III,SF,28,PHI,11,232,11.3,.574,.500,.297,7.9,11.5,9.8,7.5,0.8,1.2,12.1,15.1,,0.3,0.2,0.5,.102,,-0.7,0.5,-0.2,0.1,2018-2019
1516,52,Jacob Evans,SG,21,GSW,7,18,0.3,.500,.400,.000,0.0,6.2,3.2,7.5,0.0,0.0,28.6,16.9,,0.0,0.0,-0.1,-0.137,,-6.5,-3.2,-9.7,0.0,2018-2019
1517,53,Tyreke Evans,SG,29,IND,4,84,17.7,.563,.417,.292,0.0,24.4,11.0,8.0,1.8,1.1,10.0,33.1,,-0.1,0.1,0.1,.046,,2.4,1.1,3.5,0.1,2018-2019
1518,54,Kenneth Faried,C,29,HOU,6,56,23.0,.767,.077,.462,6.2,35.1,21.1,5.9,1.8,0.0,0.0,12.4,,0.3,0.1,0.4,.302,,4.2,2.0,6.3,0.1,2018-2019
1519,55,Derrick Favors,C,27,UTA,5,103,27.9,.665,.083,.528,14.7,23.3,18.9,7.8,1.9,10.0,10.1,20.5,,0.3,0.2,0.5,.245,,4.1,3.7,7.9,0.3,2018-2019
1520,56,Raymond Felton,PG,34,OKC,5,57,4.2,.396,.615,.154,0.0,5.8,2.9,7.3,3.4,1.5,12.6,11.9,,-0.1,0.1,0.0,-0.022,,-6.3,2.5,-3.8,0.0,2018-2019
1521,57,Terrance Ferguson,SG,20,OKC,5,128,2.6,.500,.720,.000,1.7,8.6,5.1,6.5,0.8,0.0,16.7,10.0,,-0.1,0.0,0.0,-0.010,,-5.3,0.5,-4.8,-0.1,2018-2019
1522,58,Bryn Forbes,SG,25,SAS,7,212,11.5,.625,.554,.161,0.5,12.1,6.3,4.8,0.2,0.4,4.8,13.8,,0.3,0.0,0.4,.080,,-0.2,-0.6,-0.8,0.1,2018-2019
1523,59,Evan Fournier,SG,26,ORL,5,175,5.0,.427,.493,.116,1.7,8.7,5.0,10.7,2.0,0.0,14.2,21.4,,-0.5,0.1,-0.3,-0.092,,-4.4,-0.5,-4.8,-0.1,2018-2019
1524,60,Melvin Frazier,SG,22,ORL,3,15,13.5,.425,.000,.400,6.8,23.5,14.5,0.0,3.4,0.0,0.0,17.4,,0.0,0.0,0.0,.036,,-1.6,3.1,1.5,0.0,2018-2019
1525,61,Tim Frazier,PG,28,MIL,11,40,22.9,.756,.462,.154,0.0,21.8,11.3,40.5,1.2,0.0,17.8,18.2,,0.2,0.1,0.2,.284,,2.5,4.1,6.6,0.1,2018-2019
1526,62,Enes Freedom,C,26,POR,16,461,16.9,.555,.027,.281,11.9,23.5,17.7,6.5,1.2,1.6,13.7,17.9,,0.6,0.5,1.0,.106,,1.0,-1.3,-0.3,0.2,2018-2019
1527,63,Danilo Gallinari,SF,30,LAC,6,201,13.6,.474,.387,.297,4.7,16.5,10.3,12.5,1.9,0.4,8.1,28.3,,-0.1,-0.1,-0.1,-0.035,,0.6,-3.0,-2.4,0.0,2018-2019
1528,64,Langston Galloway,SG,27,DET,4,110,6.8,.456,.735,.000,1.6,13.8,6.9,5.3,0.9,3.3,5.6,13.8,,-0.1,0.0,-0.1,-0.051,,-2.5,-1.0,-3.5,0.0,2018-2019
1529,65,Marc Gasol,C,34,TOR,24,735,13.5,.564,.494,.256,2.4,20.7,11.6,14.7,1.4,3.5,9.5,13.7,,0.9,1.3,2.3,.149,,0.3,3.1,3.4,1.0,2018-2019
1530,66,Rudy Gay,PF,32,SAS,7,179,15.5,.503,.271,.243,7.9,22.1,15.0,10.1,0.9,2.2,11.4,22.7,,0.1,0.1,0.2,.052,,0.9,-0.5,0.3,0.1,2018-2019
1531,67,Paul George,SF,28,OKC,5,204,18.4,.583,.465,.485,3.1,20.0,11.4,15.4,1.7,0.4,14.6,30.1,,0.2,0.2,0.4,.096,,2.6,0.6,3.2,0.3,2018-2019
1532,68,Shai Gilgeous-Alexander,PG,20,LAC,6,173,16.6,.596,.300,.333,2.4,8.2,5.2,16.4,1.6,2.4,6.8,17.8,,0.4,-0.1,0.3,.086,,2.1,0.8,2.9,0.2,2018-2019
1533,69,Rudy Gobert,C,26,UTA,5,152,20.6,.665,.000,.719,15.3,20.1,17.6,7.7,1.0,9.8,17.6,14.4,,0.3,0.2,0.6,.183,,0.8,2.2,3.0,0.2,2018-2019
1534,70,Aaron Gordon,PF,23,ORL,5,164,15.3,.540,.323,.306,6.8,17.9,12.0,22.2,1.8,0.6,15.6,22.6,,0.0,0.1,0.2,.047,,1.7,1.8,3.5,0.2,2018-2019
1535,71,Eric Gordon,SG,30,HOU,11,410,12.7,.604,.633,.187,1.4,6.1,3.8,5.7,0.9,2.5,14.3,20.5,,0.3,0.3,0.6,.069,,1.3,-0.8,0.5,0.3,2018-2019
1536,72,Treveon Graham,SG,25,BRK,5,79,0.7,.277,.700,.600,2.4,11.3,6.5,4.9,1.8,0.9,19.2,8.1,,-0.1,0.0,-0.1,-0.082,,-7.3,-0.4,-7.7,-0.1,2018-2019
1537,73,Jerami Grant,PF,24,OKC,5,176,13.1,.634,.500,.325,3.6,13.1,8.3,3.4,0.8,4.8,8.0,12.1,,0.3,0.1,0.4,.108,,0.6,1.9,2.5,0.2,2018-2019
1538,74,Jerian Grant,PG,26,ORL,3,14,-3.2,.239,.700,.100,0.0,33.6,15.6,40.6,0.0,0.0,8.7,36.3,,-0.1,0.0,-0.1,-0.389,,-10.8,-3.9,-14.7,0.0,2018-2019
1539,75,Danny Green,SG,31,TOR,24,684,7.7,.503,.768,.148,2.7,11.3,7.0,5.4,2.4,1.6,13.6,12.7,,-0.3,1.1,0.8,.058,,-2.2,1.5,-0.7,0.2,2018-2019
1540,76,Draymond Green,PF,28,GSW,22,851,16.6,.561,.249,.310,5.7,23.9,15.1,30.8,1.9,3.8,24.2,17.5,,0.9,1.0,1.9,.106,,0.3,3.2,3.6,1.2,2018-2019
1541,77,Gerald Green,SG,33,HOU,11,97,7.2,.462,.725,.125,0.0,13.5,7.0,1.6,1.5,2.9,6.6,20.7,,-0.1,0.1,0.0,.009,,-2.7,-0.7,-3.3,0.0,2018-2019
1542,78,JaMychal Green,PF,28,LAC,6,141,13.0,.696,.535,.233,4.5,21.9,12.6,5.3,1.3,0.0,18.8,17.2,,0.2,-0.1,0.1,.034,,-0.2,-0.5,-0.6,0.0,2018-2019
1543,79,Blake Griffin,PF,29,DET,2,58,25.3,.582,.333,.179,6.1,16.1,10.4,43.9,1.6,0.0,12.5,34.9,,0.1,0.0,0.1,.082,,9.5,0.4,10.0,0.2,2018-2019
1544,80,James Harden,PG,29,HOU,11,424,25.2,.567,.519,.371,2.5,17.0,10.0,33.7,2.8,2.2,14.2,37.5,,0.9,0.7,1.6,.182,,6.4,1.7,8.1,1.1,2018-2019
1545,81,Maurice Harkless,SF,25,POR,16,388,14.4,.537,.257,.330,7.9,13.4,10.7,9.0,2.3,3.4,12.0,15.9,,0.4,0.4,0.8,.097,,-0.6,2.2,1.6,0.3,2018-2019
1546,82,Montrezl Harrell,C,25,LAC,6,158,26.7,.739,.016,.413,8.0,15.8,11.6,15.3,0.9,2.1,9.7,21.7,,0.7,-0.1,0.6,.191,,5.2,0.5,5.7,0.3,2018-2019
1547,83,Gary Harris,SG,24,DEN,14,517,13.5,.569,.361,.241,1.8,10.1,5.9,9.3,1.2,1.2,5.9,16.1,,0.8,0.2,1.1,.099,,-1.1,0.8,-0.3,0.2,2018-2019
1548,84,Joe Harris,SG,27,BRK,5,149,5.1,.473,.488,.186,3.8,11.2,7.2,2.9,0.9,0.0,16.2,15.2,,-0.2,0.0,-0.2,-0.061,,-4.8,-2.5,-7.3,-0.2,2018-2019
1549,85,Tobias Harris,PF,26,PHI,12,443,14.5,.521,.377,.156,3.1,22.8,13.5,16.4,1.4,1.2,10.1,19.0,,0.4,0.7,1.0,.111,,1.2,1.3,2.5,0.5,2018-2019
1550,86,Isaiah Hartenstein,PF,20,HOU,2,2,98.5,1.000,.000,.000,58.2,0.0,28.2,0.0,0.0,0.0,0.0,44.4,,0.1,0.0,0.1,1.591,,23.6,2.2,25.8,0.0,2018-2019
1551,87,Gordon Hayward,PF,28,BOS,9,267,9.9,.549,.343,.271,1.2,12.1,6.9,13.0,1.1,1.1,15.2,15.3,,0.0,0.4,0.4,.075,,-1.4,0.6,-0.8,0.1,2018-2019
1552,88,Juancho Hernangómez,PF,23,DEN,5,15,-0.2,.500,.667,.000,0.0,21.4,10.5,0.0,0.0,0.0,25.0,11.9,,0.0,0.0,0.0,-0.067,,-7.8,-1.7,-9.5,0.0,2018-2019
1553,89,Nenê,C,36,HOU,7,53,31.1,.967,.000,.900,19.8,10.3,14.9,9.8,2.8,3.5,17.7,14.2,,0.3,0.1,0.4,.373,,7.0,4.0,11.0,0.2,2018-2019
1554,90,George Hill,PG,32,MIL,15,395,18.2,.653,.407,.280,4.0,9.3,6.7,16.2,1.5,0.9,4.3,15.1,,1.3,0.6,1.9,.227,,2.0,3.1,5.2,0.7,2018-2019
1555,91,Aaron Holiday,PG,22,IND,3,13,-1.3,.500,.400,.000,0.0,0.0,0.0,0.0,0.0,0.0,16.7,21.3,,0.0,0.0,0.0,-0.109,,-7.7,-2.9,-10.6,0.0,2018-2019
1556,92,Rondae Hollis-Jefferson,SF,24,BRK,4,62,29.2,.602,.030,.758,4.6,16.2,9.9,17.9,0.7,5.8,6.4,30.9,,0.3,0.0,0.3,.214,,4.2,2.6,6.8,0.1,2018-2019
1557,93,Rodney Hood,SG,26,POR,16,373,14.0,.606,.459,.396,2.6,7.7,5.1,5.7,0.8,0.7,5.1,16.0,,0.8,0.1,0.9,.115,,0.5,0.2,0.8,0.2,2018-2019
1558,94,Al Horford,C,32,BOS,9,310,14.2,.530,.400,.164,4.5,21.4,13.3,21.7,0.6,2.1,13.9,19.5,,0.1,0.5,0.6,.100,,1.5,1.3,2.8,0.4,2018-2019
1559,95,Danuel House Jr.,SF,25,HOU,7,141,4.0,.420,.838,.216,1.7,15.5,8.8,1.0,1.1,1.3,9.0,14.0,,-0.2,0.1,0.0,-0.016,,-3.9,-1.5,-5.4,-0.1,2018-2019
1560,96,Serge Ibaka,C,29,TOR,24,500,15.1,.532,.197,.218,7.7,23.9,15.8,7.4,1.1,4.5,10.6,21.5,,0.2,1.0,1.2,.113,,-1.6,1.2,-0.4,0.2,2018-2019
1561,97,Andre Iguodala,SF,35,GSW,21,629,15.3,.565,.482,.223,5.1,11.4,8.3,18.4,1.9,3.6,10.3,14.1,,1.0,0.5,1.5,.113,,1.7,2.0,3.7,0.9,2018-2019
1562,98,Ersan İlyasova,PF,31,MIL,15,272,15.2,.554,.494,.309,7.7,18.1,13.1,11.2,1.8,2.0,7.1,15.7,,0.5,0.5,1.0,.183,,0.0,2.8,2.8,0.3,2018-2019
1563,99,Joe Ingles,PF,31,UTA,5,151,9.6,.432,.784,.000,2.0,15.2,8.3,25.8,3.6,0.0,17.8,12.7,,-0.1,0.2,0.1,.039,,-2.9,3.4,0.5,0.1,2018-2019
1564,100,Kyrie Irving,PG,26,BOS,9,330,15.5,.488,.324,.223,1.6,10.1,6.0,35.8,1.9,1.1,12.5,30.1,,-0.2,0.5,0.4,.055,,2.1,0.3,2.5,0.4,2018-2019
1565,101,Jonathan Isaac,PF,21,ORL,5,137,6.2,.379,.500,.200,7.4,18.0,12.3,2.5,0.7,3.4,10.3,15.7,,-0.2,0.1,-0.1,-0.043,,-3.6,-0.5,-4.1,-0.1,2018-2019
1566,102,Wes Iwundu,SF,24,ORL,5,60,12.9,.546,.500,.500,0.0,13.7,6.4,11.7,2.5,0.0,8.3,17.7,,0.1,0.1,0.1,.089,,-0.1,2.6,2.6,0.1,2018-2019
1567,103,Reggie Jackson,PG,28,DET,4,108,21.4,.521,.323,.108,4.1,8.6,6.1,49.7,1.3,0.0,6.8,28.5,,0.2,-0.1,0.1,.066,,6.7,-0.3,6.4,0.2,2018-2019
1568,104,Jonas Jerebko,PF,31,GSW,16,121,10.6,.381,.452,.143,14.7,17.6,16.2,13.2,0.4,1.6,4.3,16.8,,0.1,0.0,0.1,.043,,-0.7,-2.4,-3.1,0.0,2018-2019
1569,105,Amir Johnson,C,31,PHI,4,20,24.3,1.000,.000,.000,17.1,10.3,13.5,16.1,2.4,0.0,20.0,10.6,,0.1,0.0,0.1,.274,,5.5,3.1,8.5,0.1,2018-2019
1570,106,Nikola Jokić,C,23,DEN,14,557,29.6,.596,.215,.299,10.0,24.5,17.2,37.1,1.5,1.8,10.9,26.6,,2.4,0.6,3.0,.259,,8.3,3.3,11.6,1.9,2018-2019
1571,107,Damian Jones,C,23,GSW,4,8,2.7,.798,.000,2.000,0.0,28.0,14.4,0.0,0.0,0.0,34.7,15.7,,0.0,0.0,0.0,-0.025,,-12.3,-0.4,-12.7,0.0,2018-2019
1572,108,Cory Joseph,PG,27,IND,4,85,12.9,.603,.375,.083,1.2,8.5,4.5,8.5,1.8,0.0,0.0,13.5,,0.1,0.1,0.2,.137,,-0.7,2.8,2.1,0.1,2018-2019
1573,109,Luke Kennard,SG,22,DET,4,133,14.0,.604,.319,.128,0.0,14.0,6.0,8.7,1.1,0.7,5.7,16.7,,0.2,-0.1,0.1,.035,,1.3,-0.7,0.6,0.1,2018-2019
1574,110,Furkan Korkmaz,SG,21,PHI,4,36,12.2,.470,.444,.278,0.0,17.2,9.0,21.2,0.0,2.5,4.7,25.0,,0.0,0.0,0.1,.088,,-1.3,-0.1,-1.4,0.0,2018-2019
1575,111,Kyle Korver,SG,37,UTA,4,30,4.4,.536,.750,.375,3.4,14.5,8.8,0.0,0.0,0.0,9.7,14.7,,0.0,0.0,0.0,.022,,-5.1,-1.0,-6.1,0.0,2018-2019
1576,112,Rodions Kurucs,SF,20,BRK,4,68,12.5,.522,.400,.450,8.4,23.0,15.1,6.5,1.4,0.0,7.7,15.5,,0.1,0.0,0.1,.076,,-1.9,-0.3,-2.2,0.0,2018-2019
1577,113,Skal Labissière,PF,22,POR,3,11,-7.1,.225,.500,.250,0.0,0.0,0.0,0.0,0.0,0.0,0.0,17.6,,-0.1,0.0,-0.1,-0.247,,-9.6,-6.3,-15.8,0.0,2018-2019
1578,114,Jake Layman,SF,24,POR,6,20,-1.1,.285,.714,.571,5.3,15.9,10.6,0.0,0.0,0.0,0.0,19.1,,-0.1,0.0,-0.1,-0.124,,-8.2,-3.7,-11.9,-0.1,2018-2019
1579,115,T.J. Leaf,PF,21,IND,1,10,3.2,.258,.333,.667,9.9,24.2,16.4,0.0,0.0,0.0,0.0,17.9,,0.0,0.0,0.0,-0.088,,-4.2,-2.4,-6.7,0.0,2018-2019
1580,116,Kawhi Leonard,SF,27,TOR,24,939,27.9,.619,.292,.435,6.4,19.3,12.8,19.3,2.1,1.8,11.1,32.2,,3.1,1.7,4.8,.244,,7.6,2.4,10.1,2.9,2018-2019
1581,117,Meyers Leonard,C,26,POR,11,170,17.4,.616,.508,.138,3.7,21.3,12.5,11.8,0.9,0.5,5.5,18.7,,0.4,0.1,0.6,.156,,2.3,0.2,2.5,0.2,2018-2019
1582,118,Jon Leuer,PF,29,DET,1,5,0.5,.410,.000,.500,0.0,0.0,0.0,0.0,0.0,0.0,0.0,20.5,,0.0,0.0,0.0,-0.180,,-7.6,-3.8,-11.3,0.0,2018-2019
1583,119,Caris LeVert,SF,24,BRK,5,144,23.1,.612,.356,.397,4.0,13.2,8.2,18.9,1.6,1.0,10.4,27.1,,0.4,0.0,0.4,.133,,4.9,0.9,5.7,0.3,2018-2019
1584,120,Damian Lillard,PG,28,POR,16,650,20.5,.566,.479,.345,1.3,11.1,6.2,28.0,2.1,0.6,13.6,29.5,,1.1,0.4,1.6,.115,,4.9,-0.2,4.6,1.1,2018-2019
1585,121,Jeremy Lin,PG,30,TOR,8,27,0.9,.418,.222,.444,0.0,12.3,6.1,21.0,1.9,0.0,31.7,26.5,,-0.1,0.0,-0.1,-0.174,,-8.3,-0.9,-9.2,0.0,2018-2019
1586,122,Shaun Livingston,PG,33,GSW,22,322,10.1,.517,.027,.333,4.0,6.9,5.5,13.0,1.5,1.2,8.5,12.7,,0.4,0.1,0.5,.071,,-2.8,0.6,-2.2,0.0,2018-2019
1587,123,Kevon Looney,C,22,GSW,21,432,16.6,.704,.000,.312,11.2,13.7,12.5,6.6,1.4,2.5,10.9,12.0,,1.2,0.3,1.4,.159,,0.2,0.5,0.7,0.3,2018-2019
1588,124,Brook Lopez,C,30,MIL,15,438,13.9,.572,.560,.216,2.9,15.5,9.4,7.1,0.7,5.8,6.4,15.4,,0.5,0.8,1.4,.151,,0.0,2.4,2.4,0.5,2018-2019
1589,125,Kyle Lowry,PG,32,TOR,24,901,15.4,.577,.523,.292,2.6,11.8,7.2,27.5,1.7,0.8,14.7,18.5,,1.5,1.3,2.7,.146,,1.0,1.3,2.3,1.0,2018-2019
1590,126,Trey Lyles,PF,23,DEN,3,8,-4.4,.000,.333,.000,12.9,0.0,6.6,30.9,0.0,0.0,0.0,16.8,,0.0,0.0,0.0,-0.237,,-6.6,-4.1,-10.7,0.0,2018-2019
1591,127,Thon Maker,PF,21,DET,4,69,3.5,.367,.462,.346,5.1,8.4,6.6,8.5,0.0,5.3,9.1,20.1,,-0.2,0.0,-0.2,-0.136,,-7.8,-1.6,-9.4,-0.1,2018-2019
1592,128,Boban Marjanović,C,30,PHI,11,105,21.8,.662,.075,.475,14.1,22.6,18.6,17.7,0.9,2.6,22.5,25.2,,0.2,0.2,0.4,.168,,0.2,0.6,0.8,0.1,2018-2019
1593,129,Jarell Martin,PF,24,ORL,3,18,16.7,.506,.778,.222,5.6,6.5,6.1,12.4,0.0,5.1,0.0,24.4,,0.0,0.0,0.0,.048,,5.9,0.4,6.3,0.0,2018-2019
1594,130,Wesley Matthews,SG,32,IND,4,119,3.5,.447,.700,.100,0.0,10.1,4.6,10.8,1.3,0.8,20.3,15.3,,-0.3,0.1,-0.1,-0.045,,-4.7,0.0,-4.7,-0.1,2018-2019
1595,131,Patrick McCaw,SG,23,TOR,11,48,5.7,.425,.600,.400,4.6,2.3,3.5,11.0,2.1,0.0,14.5,6.5,,0.0,0.1,0.1,.075,,-2.8,1.7,-1.1,0.0,2018-2019
1596,132,CJ McCollum,SG,27,POR,16,635,17.8,.527,.334,.160,2.3,11.0,6.7,16.8,1.0,1.3,7.4,27.7,,0.7,0.3,1.0,.075,,3.4,-0.7,2.6,0.7,2018-2019
1597,133,T.J. McConnell,PG,26,PHI,9,75,11.3,.444,.000,.000,1.5,6.9,4.3,22.2,1.3,1.2,3.6,15.9,,0.0,0.1,0.1,.072,,-2.3,-0.7,-3.0,0.0,2018-2019
1598,134,Doug McDermott,SF,27,IND,3,29,6.0,.255,.700,.400,10.3,8.3,9.4,21.9,0.0,3.3,0.0,18.8,,-0.1,0.0,0.0,-0.062,,-2.5,-0.9,-3.4,0.0,2018-2019
1599,135,Alfonzo McKinnie,SF,26,GSW,22,235,7.5,.521,.542,.169,8.6,15.7,12.2,2.3,0.4,0.4,8.6,12.8,,0.1,0.1,0.2,.036,,-3.1,-1.8,-4.9,-0.2,2018-2019
1600,136,Jodie Meeks,SG,31,TOR,14,66,3.1,.363,.448,.103,0.0,15.1,7.5,2.4,3.0,1.5,9.0,23.0,,-0.3,0.1,-0.1,-0.104,,-7.5,0.0,-7.6,-0.1,2018-2019
1601,137,Khris Middleton,SF,27,MIL,15,515,14.7,.567,.458,.259,1.8,16.1,9.3,19.6,0.8,0.0,11.5,21.1,,0.7,0.8,1.5,.136,,0.7,0.6,1.3,0.5,2018-2019
1602,138,Malcolm Miller,SF,25,TOR,10,28,4.0,.410,.750,.500,0.0,19.7,9.9,5.1,0.0,3.5,9.3,17.5,,-0.1,0.0,0.0,-0.019,,-5.1,-0.7,-5.8,0.0,2018-2019
1603,139,Patty Mills,PG,30,SAS,7,152,10.3,.390,.512,.233,0.7,9.9,5.3,22.6,2.4,0.5,6.0,15.4,,0.0,0.1,0.0,.013,,-2.7,0.9,-1.7,0.0,2018-2019
1604,140,Paul Millsap,PF,33,DEN,14,469,15.0,.561,.244,.391,5.3,15.9,10.5,3.6,1.3,2.5,9.0,19.2,,0.6,0.4,1.0,.098,,-1.4,-0.1,-1.5,0.0,2018-2019
1605,141,Nikola Mirotić,PF,27,MIL,14,298,11.9,.514,.650,.239,5.9,14.0,10.1,5.0,1.6,0.9,9.8,20.7,,0.0,0.5,0.5,.086,,-0.8,-0.1,-0.9,0.1,2018-2019
1606,142,Donovan Mitchell,SG,22,UTA,5,193,6.7,.423,.384,.295,3.7,10.2,6.8,15.5,2.0,0.6,14.2,32.7,,-0.7,0.2,-0.5,-0.125,,-3.3,-1.3,-4.6,-0.1,2018-2019
1607,143,Greg Monroe,C,28,PHI,10,90,17.0,.455,.100,.225,17.8,19.5,18.7,6.9,2.7,3.0,8.3,22.6,,0.0,0.2,0.2,.110,,0.4,-0.8,-0.4,0.0,2018-2019
1608,144,Eric Moreland,PF,27,TOR,8,28,10.3,.500,.000,.000,7.9,47.3,27.6,14.4,0.0,0.0,0.0,3.2,,0.1,0.1,0.1,.193,,-2.2,3.7,1.4,0.0,2018-2019
1609,145,Marcus Morris,PF,29,BOS,9,254,18.2,.664,.506,.392,5.1,23.5,14.7,7.4,0.2,1.8,7.0,17.3,,0.6,0.4,1.1,.202,,3.4,1.6,5.0,0.5,2018-2019
1610,146,Markieff Morris,PF,29,OKC,5,59,11.4,.476,.438,.563,7.2,16.8,11.9,12.1,0.8,4.3,9.1,15.9,,0.0,0.1,0.1,.077,,-2.5,2.1,-0.4,0.0,2018-2019
1611,147,Monte Morris,PG,23,DEN,14,224,9.8,.409,.151,.151,1.4,7.6,4.5,24.3,1.2,0.3,6.1,19.5,,-0.1,0.1,0.0,-0.002,,-3.6,-1.1,-4.7,-0.1,2018-2019
1612,148,Donatas Motiejūnas,PF,28,SAS,5,19,33.0,.597,.100,.200,17.1,22.5,19.8,20.8,0.0,0.0,0.0,26.6,,0.1,0.0,0.1,.268,,9.2,-0.6,8.6,0.0,2018-2019
1613,149,Jamal Murray,PG,21,DEN,14,508,19.4,.534,.329,.246,3.9,8.8,6.3,21.8,1.4,0.3,7.3,26.5,,1.0,0.2,1.2,.116,,3.2,-0.4,2.8,0.6,2018-2019
1614,150,Džanan Musa,SG,19,BRK,2,15,0.4,.667,.333,.000,0.0,0.0,0.0,0.0,6.2,0.0,50.0,16.3,,-0.1,0.0,-0.1,-0.163,,-13.0,2.4,-10.7,0.0,2018-2019
1615,151,Abdel Nader,SF,25,OKC,3,5,16.1,.500,.000,.000,0.0,0.0,0.0,0.0,0.0,16.7,0.0,17.1,,0.0,0.0,0.0,.047,,2.1,4.4,6.5,0.0,2018-2019
1616,152,Shabazz Napier,PG,27,BRK,3,28,47.6,.826,.455,.727,6.8,19.9,12.8,71.4,1.6,0.0,0.0,21.1,,0.4,0.0,0.4,.626,,17.3,5.5,22.9,0.2,2018-2019
1617,153,Raul Neto,PG,26,UTA,3,20,-4.6,.167,.167,.000,0.0,16.4,7.9,7.5,0.0,0.0,0.0,12.8,,-0.1,0.0,-0.1,-0.156,,-10.3,-3.2,-13.4,-0.1,2018-2019
1618,154,Georges Niang,PF,25,UTA,5,55,11.2,.500,.591,.000,0.0,27.8,13.4,16.3,0.9,2.1,8.3,18.7,,0.0,0.1,0.0,.044,,-0.9,2.1,1.2,0.0,2018-2019
1619,155,Nerlens Noel,C,24,OKC,5,60,16.8,.575,.000,.100,19.6,14.7,17.2,0.0,1.6,4.2,16.1,17.7,,0.0,0.1,0.1,.086,,-2.3,-0.4,-2.7,0.0,2018-2019
1620,156,Royce O'Neale,SF,25,UTA,5,137,8.7,.567,.511,.089,1.5,16.7,8.8,10.3,0.7,1.7,17.6,17.7,,-0.1,0.1,0.0,.011,,-2.7,1.6,-1.1,0.0,2018-2019
1621,157,Kyle O'Quinn,C,28,IND,1,2,-27.8,0,0,0,0.0,0.0,0.0,0.0,0.0,0.0,100.0,23.1,,0.0,0.0,0.0,-0.697,,-35.8,-3.7,-39.6,0.0,2018-2019
1622,158,Semi Ojeleye,PF,24,BOS,6,34,9.9,.658,.556,.222,3.1,2.9,3.0,9.4,0.0,0.0,9.2,14.1,,0.1,0.0,0.1,.133,,-0.2,-0.7,-1.0,0.0,2018-2019
1623,159,Zaza Pachulia,C,34,DET,2,22,2.4,.363,.000,.333,4.0,42.3,20.6,0.0,0.0,0.0,12.7,15.1,,-0.1,0.0,-0.1,-0.131,,-7.7,-3.3,-11.0,0.0,2018-2019
1624,160,Chris Paul,PG,33,HOU,11,397,17.6,.557,.426,.304,4.1,15.4,9.9,25.1,3.0,1.6,18.1,22.9,,0.5,0.6,1.1,.128,,0.7,1.7,2.5,0.4,2018-2019
1625,161,Theo Pinson,SG,23,BRK,3,22,16.5,.563,.875,.000,0.0,15.2,7.0,20.5,4.2,0.0,11.1,16.7,,0.0,0.0,0.0,.089,,2.9,2.5,5.4,0.0,2018-2019
1626,162,Mason Plumlee,C,28,DEN,14,218,16.4,.539,.021,.596,12.3,17.6,14.9,13.8,1.7,3.6,11.9,13.8,,0.4,0.2,0.7,.144,,-1.2,1.7,0.5,0.1,2018-2019
1627,163,Jakob Poeltl,C,23,SAS,7,177,18.3,.638,.028,.250,15.3,17.5,16.4,9.8,0.6,2.3,7.0,11.3,,0.6,0.1,0.7,.182,,0.9,0.0,0.9,0.1,2018-2019
1628,164,Quincy Pondexter,SF,30,SAS,5,12,1.3,.000,.500,.000,0.0,8.9,4.5,20.3,4.4,0.0,0.0,7.7,,0.0,0.0,0.0,-0.069,,-7.5,2.5,-5.0,0.0,2018-2019
1629,165,Norman Powell,SG,25,TOR,23,366,12.2,.558,.492,.151,1.5,13.9,7.7,11.4,1.2,0.0,8.2,18.2,,0.3,0.5,0.7,.097,,-0.4,0.8,0.4,0.2,2018-2019
1630,166,JJ Redick,SG,34,PHI,12,376,8.9,.606,.702,.161,0.6,4.4,2.6,7.5,0.1,0.7,14.2,17.5,,0.3,0.2,0.4,.056,,-0.1,-2.0,-2.1,0.0,2018-2019
1631,167,Austin Rivers,SG,26,HOU,10,215,8.4,.572,.565,.097,1.1,9.7,5.5,7.2,1.2,0.4,11.0,15.0,,0.1,0.2,0.3,.069,,-2.5,0.4,-2.0,0.0,2018-2019
1632,168,Glenn Robinson III,SF,25,DET,3,36,7.5,.388,.533,.267,4.9,16.2,9.8,8.3,2.7,0.0,5.6,20.8,,-0.1,0.0,-0.1,-0.083,,-4.7,-0.4,-5.1,0.0,2018-2019
1633,169,Jerome Robinson,SG,21,LAC,5,46,15.7,.556,.429,.357,4.6,10.3,7.3,21.1,2.0,0.0,5.8,15.6,,0.1,0.0,0.1,.097,,2.6,1.6,4.2,0.1,2018-2019
1634,170,Terrence Ross,SG,27,ORL,5,146,11.2,.537,.648,.315,0.7,13.7,6.7,9.0,2.1,1.3,14.0,21.7,,-0.1,0.1,0.0,.015,,-0.2,1.1,0.9,0.1,2018-2019
1635,171,Terry Rozier,PG,24,BOS,9,162,8.7,.439,.576,.271,2.6,21.1,12.3,16.8,1.2,1.2,13.2,20.7,,-0.3,0.3,0.0,.012,,-2.7,1.2,-1.5,0.0,2018-2019
1636,172,Ricky Rubio,PG,28,UTA,5,168,17.3,.515,.303,.303,1.8,8.4,5.0,46.2,3.5,0.7,16.7,22.9,,0.1,0.2,0.3,.090,,1.3,3.6,4.8,0.3,2018-2019
1637,173,D'Angelo Russell,PG,22,BRK,5,148,11.5,.446,.359,.126,1.3,12.1,6.3,22.1,2.2,0.5,11.4,33.8,,-0.4,0.0,-0.3,-0.105,,-1.1,-2.0,-3.1,0.0,2018-2019
1638,174,Domantas Sabonis,C,22,IND,4,96,15.6,.484,.138,.483,7.3,27.7,16.5,29.1,1.6,1.0,12.5,19.4,,0.1,0.2,0.2,.113,,0.2,3.0,3.2,0.1,2018-2019
1639,175,Dennis Schröder,PG,25,OKC,5,151,13.7,.548,.364,.327,1.4,10.2,5.7,18.1,1.3,0.0,8.7,19.5,,0.2,0.1,0.3,.080,,-0.2,0.6,0.4,0.1,2018-2019
1640,176,Mike Scott,PF,30,PHI,10,193,7.3,.585,.723,.043,2.4,16.0,9.5,3.6,0.8,0.0,12.8,12.1,,0.1,0.2,0.3,.067,,-2.1,-0.4,-2.5,0.0,2018-2019
1641,177,Thabo Sefolosha,SF,34,UTA,4,42,-4.7,.179,.571,.000,2.4,18.2,10.0,7.1,0.0,0.0,6.7,15.3,,-0.2,0.0,-0.2,-0.189,,-8.8,-2.3,-11.1,-0.1,2018-2019
1642,178,Landry Shamet,SG,21,LAC,6,174,6.4,.542,.816,.263,0.6,7.5,3.8,7.6,1.6,0.0,14.2,11.8,,0.0,-0.1,-0.1,-0.029,,-2.9,-1.2,-4.1,-0.1,2018-2019
1643,179,Iman Shumpert,SG,28,HOU,8,109,5.0,.522,.846,.154,1.1,11.0,6.2,2.7,0.5,0.0,9.8,12.5,,0.0,0.1,0.1,.022,,-2.5,-0.7,-3.2,0.0,2018-2019
1644,180,Pascal Siakam,PF,24,TOR,24,891,17.1,.540,.272,.227,5.0,16.2,10.6,12.9,1.4,1.9,7.3,23.2,,1.0,1.4,2.4,.127,,1.8,0.8,2.6,1.0,2018-2019
1645,181,Ben Simmons,PG,22,PHI,12,421,18.0,.625,.000,.345,6.2,14.9,10.8,26.3,1.7,2.6,19.3,16.7,,0.8,0.6,1.4,.156,,1.6,2.0,3.7,0.6,2018-2019
1646,182,Jonathon Simmons,SF,29,PHI,7,52,2.5,.394,.333,.133,4.4,13.9,9.4,6.1,0.9,0.0,15.9,30.9,,-0.2,0.0,-0.2,-0.174,,-7.1,-5.2,-12.3,-0.1,2018-2019
1647,183,Anfernee Simons,SG,19,POR,5,12,-9.2,.217,.286,.714,0.0,0.0,0.0,0.0,4.2,0.0,0.0,33.4,,-0.1,0.0,-0.1,-0.364,,-14.2,-4.2,-18.5,-0.1,2018-2019
1648,184,Marcus Smart,SG,24,BOS,2,32,3.2,.257,1.000,.545,13.4,0.0,6.4,17.6,4.5,0.0,18.0,23.0,,-0.1,0.1,-0.1,-0.128,,-5.2,0.6,-4.6,0.0,2018-2019
1649,185,Ish Smith,PG,30,DET,4,81,3.6,.302,.184,.105,1.1,14.4,6.8,26.3,1.8,1.1,9.1,22.7,,-0.3,0.0,-0.3,-0.201,,-5.9,-1.9,-7.8,-0.1,2018-2019
1650,186,Zhaire Smith,SG,19,PHI,2,5,10.6,0,0,0,0.0,0.0,0.0,0.0,9.8,0.0,0,0.0,,0.0,0.0,0.0,.135,,-3.6,7.7,4.1,0.0,2018-2019
1651,187,Tony Snell,SF,27,MIL,9,28,4.6,.417,.333,.000,7.4,3.5,5.4,0.0,1.7,3.2,14.3,10.8,,0.0,0.0,0.0,.033,,-4.2,0.6,-3.6,0.0,2018-2019
1652,188,Edmond Sumner,PG,23,IND,1,2,12.6,0,0,0,0.0,100.0,54.5,0.0,0.0,0.0,0,0.0,,0.0,0.0,0.0,.173,,-9.9,12.1,2.1,0.0,2018-2019
1653,189,Jayson Tatum,SF,20,BOS,9,295,13.5,.530,.277,.348,2.5,17.6,10.4,10.0,1.6,2.2,12.2,22.0,,-0.1,0.6,0.5,.075,,-0.5,1.6,1.0,0.2,2018-2019
1654,190,Garrett Temple,SG,32,LAC,6,63,5.3,.455,.636,.909,1.7,11.3,6.2,4.1,2.2,1.3,11.5,11.5,,0.0,0.0,-0.1,-0.039,,-5.5,0.5,-5.0,0.0,2018-2019
1655,191,Daniel Theis,C,26,BOS,7,42,8.0,.403,.143,.143,10.2,14.0,12.2,0.0,1.2,2.2,6.3,16.7,,0.0,0.1,0.0,.026,,-3.0,-1.2,-4.2,0.0,2018-2019
1656,192,Khyri Thomas,SG,22,DET,3,15,30.4,.563,.333,.083,0.0,15.5,6.7,0.0,6.4,0.0,0.0,34.9,,0.0,0.0,0.0,.088,,6.9,4.6,11.5,0.1,2018-2019
1657,193,Klay Thompson,SG,28,GSW,21,818,14.5,.575,.439,.114,1.7,10.1,6.0,8.3,1.7,1.8,9.1,22.1,,0.7,0.4,1.1,.067,,0.6,-0.4,0.2,0.5,2018-2019
1658,194,Sindarius Thornwell,SG,24,LAC,4,12,9.1,.417,.500,.000,0.0,39.5,18.6,0.0,3.9,0.0,0.0,20.8,,0.0,0.0,0.0,-0.048,,-4.8,2.5,-2.3,0.0,2018-2019
1659,195,P.J. Tucker,PF,33,HOU,11,426,14.3,.637,.648,.261,5.2,16.2,10.8,6.6,2.2,1.7,7.5,11.1,,0.9,0.6,1.5,.165,,1.8,2.7,4.5,0.7,2018-2019
1660,196,Evan Turner,PG,30,POR,16,245,9.0,.409,.022,.326,5.6,25.6,15.6,19.4,0.6,1.0,19.8,11.7,,0.0,0.2,0.2,.033,,-3.1,0.6,-2.6,0.0,2018-2019
1661,197,Myles Turner,C,22,IND,4,126,9.8,.479,.400,.371,3.2,20.1,10.8,8.1,0.0,5.3,6.9,16.1,,0.0,0.2,0.2,.060,,-3.2,0.9,-2.2,0.0,2018-2019
1662,198,Ekpe Udoh,C,31,UTA,2,6,-6.9,.000,.000,.000,0.0,0.0,0.0,0.0,0.0,0.0,0.0,7.1,,0.0,0.0,0.0,-0.174,,-8.4,-5.3,-13.7,0.0,2018-2019
1663,199,Jarred Vanderbilt,PF,19,DEN,3,5,11.3,0,0,0,0.0,21.4,10.5,0.0,0.0,15.7,0,0.0,,0.0,0.0,0.0,.086,,-1.3,4.8,3.5,0.0,2018-2019
1664,200,Fred VanVleet,PG,24,TOR,24,592,10.4,.534,.590,.187,1.3,6.2,3.7,15.7,1.5,1.0,10.5,15.4,,0.4,0.7,1.1,.085,,-0.7,0.8,0.1,0.3,2018-2019
1665,201,Nikola Vučević,C,28,ORL,5,147,10.1,.436,.224,.241,6.2,24.8,14.8,19.3,0.7,3.2,16.8,23.3,,-0.3,0.1,-0.2,-0.053,,-1.9,0.4,-1.5,0.0,2018-2019
1666,202,Lonnie Walker IV,SG,20,SAS,6,21,8.6,.375,.125,.000,0.0,10.2,5.1,21.1,0.0,0.0,0.0,17.7,,0.0,0.0,0.0,-0.036,,-3.0,-2.1,-5.1,0.0,2018-2019
1667,203,Tyrone Wallace,PG,24,LAC,2,11,4.3,.376,.000,.750,0.0,10.8,5.1,36.9,0.0,0.0,15.8,23.9,,0.0,0.0,0.0,-0.146,,-5.6,-0.8,-6.4,0.0,2018-2019
1668,204,Brad Wanamaker,PG,29,BOS,4,17,20.1,.571,.143,.571,0.0,0.0,0.0,31.1,5.7,0.0,18.6,28.0,,0.0,0.0,0.0,.118,,2.7,1.5,4.2,0.0,2018-2019
1669,205,Russell Westbrook,PG,30,OKC,5,197,16.0,.466,.306,.234,3.8,21.2,12.4,46.0,1.2,1.3,15.8,31.5,,-0.1,0.2,0.1,.023,,1.5,0.4,1.9,0.2,2018-2019
1670,206,Derrick White,PG,24,SAS,7,191,18.9,.613,.227,.347,0.6,11.2,5.9,18.1,1.4,2.1,14.8,24.7,,0.3,0.1,0.4,.090,,1.1,1.0,2.1,0.2,2018-2019
1671,207,Lou Williams,SG,32,LAC,6,176,21.1,.533,.173,.394,3.6,7.4,5.4,45.5,1.3,0.5,12.9,33.1,,0.3,-0.1,0.2,.050,,4.0,-2.7,1.3,0.1,2018-2019
1672,208,Robert Williams,C,21,BOS,3,13,17.3,.694,.000,1.000,8.2,45.1,27.5,0.0,0.0,0.0,0.0,9.8,,0.0,0.0,0.1,.256,,2.5,0.1,2.6,0.0,2018-2019
1673,209,D.J. Wilson,PF,22,MIL,8,43,6.6,.563,.313,.125,2.4,20.2,11.7,14.7,0.0,2.1,29.3,23.9,,-0.1,0.1,0.0,-0.040,,-7.9,0.7,-7.1,-0.1,2018-2019
1674,210,Guerschon Yabusele,PF,23,BOS,4,14,15.7,.565,.250,1.750,7.6,7.0,7.3,11.9,0.0,6.7,12.4,25.5,,0.0,0.0,0.0,.143,,-0.6,2.5,1.9,0.0,2018-2019
1675,211,Thaddeus Young,PF,30,IND,4,130,16.5,.466,.190,.167,6.9,17.6,11.7,20.6,4.3,2.2,10.0,17.8,,0.0,0.3,0.3,.112,,0.1,4.2,4.3,0.2,2018-2019
1676,212,Ivica Zubac,C,21,LAC,4,39,23.0,.518,.000,.167,29.6,33.4,31.4,4.3,2.4,4.3,17.2,24.9,,0.0,0.0,0.1,.065,,2.2,-2.4,-0.2,0.0,2018-2019
1677,1,Jaylen Adams,PG,23,POR,3,21,7.7,.333,.444,.000,5.0,10.1,7.5,14.9,2.2,0.0,0.0,17.9,,0.0,0.0,0.0,-0.051,,-3.6,-2.6,-6.1,0.0,2019-2020
1678,2,Steven Adams,C,26,OKC,7,210,16.3,.584,.019,.385,17.6,22.6,20.2,7.1,0.9,1.2,20.8,15.8,,0.2,0.3,0.5,.109,,0.6,-0.7,-0.1,0.1,2019-2020
1679,3,Bam Adebayo,PF,22,MIA,19,687,20.8,.625,.005,.523,8.2,24.2,16.5,20.5,1.4,2.3,14.8,21.0,,1.7,0.9,2.6,.180,,2.3,1.8,4.1,1.0,2019-2020
1680,4,Jarrett Allen,C,21,BRK,4,132,17.1,.660,.000,.667,12.1,34.5,22.5,10.5,0.7,5.1,26.2,13.1,,0.2,0.1,0.2,.078,,-0.3,0.3,-0.1,0.1,2019-2020
1681,5,Justin Anderson,SG,26,BRK,3,28,20.6,.690,.917,.333,0.0,31.0,14.4,18.6,0.0,3.4,12.7,23.2,,0.1,0.0,0.1,.112,,5.1,2.0,7.0,0.1,2019-2020
1682,6,Giannis Antetokounmpo,PF,25,MIL,9,277,31.3,.610,.248,.503,10.3,38.2,24.0,36.7,1.0,3.1,13.2,35.2,,0.9,0.5,1.4,.238,,7.8,3.4,11.2,0.9,2019-2020
1683,7,Carmelo Anthony,PF,35,POR,5,176,8.4,.512,.279,.206,0.6,14.4,7.5,9.1,1.3,1.0,14.9,20.6,,-0.2,0.1,-0.1,-0.021,,-2.3,-0.7,-2.9,0.0,2019-2020
1684,8,OG Anunoby,SF,22,TOR,11,393,11.5,.573,.466,.318,7.0,14.0,10.4,4.7,1.4,3.5,13.8,13.1,,0.2,0.7,0.9,.116,,-0.6,1.5,0.9,0.3,2019-2020
1685,9,D.J. Augustin,PG,32,ORL,5,128,15.0,.588,.370,.500,0.0,8.4,4.0,36.9,0.4,0.0,17.6,22.7,,0.2,0.1,0.2,.089,,1.6,-1.7,0.0,0.1,2019-2020
1686,10,J.J. Barea,PG,35,DAL,1,5,4.4,.647,.000,3.000,0.0,0.0,0.0,0.0,0.0,0.0,30.1,28.6,,0.0,0.0,0.0,-0.097,,-7.9,-5.9,-13.8,0.0,2019-2020
1687,11,Keita Bates-Diop,SF,24,DEN,5,24,5.7,.255,.000,.400,15.0,14.8,14.9,5.5,0.0,0.0,0.0,11.2,,0.0,0.0,0.0,-0.031,,-2.0,-4.7,-6.8,0.0,2019-2020
1688,12,Darius Bazley,PF,19,OKC,7,126,14.3,.650,.710,.323,1.7,36.0,19.5,7.3,0.0,2.9,14.5,14.2,,0.2,0.2,0.3,.133,,2.7,3.0,5.7,0.2,2019-2020
1689,13,Patrick Beverley,PG,31,LAC,8,166,13.7,.613,.564,.103,6.0,16.3,11.1,15.8,2.4,1.7,14.7,12.6,,0.3,0.2,0.5,.146,,-1.1,3.6,2.5,0.2,2019-2020
1690,14,Khem Birch,C,27,ORL,5,89,11.6,.637,.000,.786,9.9,19.4,14.4,11.3,0.5,0.0,21.0,11.4,,0.2,0.1,0.2,.121,,-2.0,0.5,-1.4,0.0,2019-2020
1691,15,Eric Bledsoe,PG,30,MIL,9,267,12.6,.480,.327,.265,2.0,14.7,8.2,29.0,2.0,2.4,17.4,21.3,,-0.1,0.4,0.3,.051,,-1.4,1.2,-0.2,0.1,2019-2020
1692,16,Bol Bol,PF,20,DEN,4,21,42.6,.759,.333,.889,17.1,11.3,14.2,0.0,4.9,9.3,13.8,31.5,,0.1,0.0,0.2,.379,,13.6,4.0,17.6,0.1,2019-2020
1693,17,Chris Boucher,C,27,TOR,7,43,4.3,.350,.455,.091,7.4,23.1,15.0,3.2,0.0,5.0,8.0,12.8,,-0.1,0.1,0.0,.013,,-5.0,-2.2,-7.2,-0.1,2019-2020
1694,18,Tony Bradley,C,22,UTA,6,48,12.8,.373,.000,.778,24.9,31.1,28.1,2.7,2.2,4.0,24.9,15.7,,0.0,0.1,0.0,.031,,-3.7,-3.3,-7.0,-0.1,2019-2020
1695,19,Jarrell Brantley,PF,23,UTA,2,13,-5.3,.085,.600,.400,27.6,8.8,18.0,18.8,0.0,7.5,14.5,24.8,,-0.1,0.0,-0.1,-0.287,,-16.9,-4.8,-21.7,-0.1,2019-2020
1696,20,Malcolm Brogdon,PG,27,IND,4,160,18.9,.556,.369,.431,0.0,12.8,6.2,41.8,1.2,0.0,11.5,25.1,,0.3,0.0,0.4,.109,,3.5,-0.8,2.6,0.2,2019-2020
1697,21,Jaylen Brown,SG,23,BOS,17,672,17.1,.586,.417,.219,4.2,16.5,10.6,9.9,1.9,1.3,11.5,23.7,,0.7,1.1,1.8,.130,,2.2,1.1,3.3,0.9,2019-2020
1698,22,Sterling Brown,SF,24,MIL,1,4,-7.9,.000,1.000,.000,0.0,27.2,13.4,0.0,0.0,0.0,0.0,10.8,,0.0,0.0,0.0,-0.217,,-11.6,-4.7,-16.3,0.0,2019-2020
1699,23,Trey Burke,PG,27,DAL,6,156,15.6,.584,.288,.169,1.4,12.0,6.6,11.5,2.4,1.1,8.6,19.1,,0.2,0.0,0.2,.050,,-0.6,0.8,0.2,0.1,2019-2020
1700,24,Alec Burks,SG,28,PHI,4,95,9.4,.397,.327,.184,7.7,9.3,8.5,14.1,0.5,3.0,5.4,25.7,,-0.1,0.0,-0.1,-0.065,,-0.8,-2.7,-3.5,0.0,2019-2020
1701,25,Deonte Burton,SF,26,OKC,1,2,0.0,0,0,0,0.0,0.0,0.0,0.0,0.0,0.0,0,0.0,,0.0,0.0,0.0,.020,,-3.5,-1.4,-4.9,0.0,2019-2020
1702,26,Jimmy Butler,SF,30,MIA,21,806,23.8,.616,.146,.647,6.8,12.5,9.7,26.3,2.5,1.7,13.5,24.7,,2.5,1.0,3.5,.209,,4.4,1.5,5.9,1.6,2019-2020
1703,27,Bruno Caboclo,C,24,HOU,2,7,13.4,.500,.500,.000,0.0,50.3,23.9,0.0,7.0,0.0,0.0,12.8,,0.0,0.0,0.0,.157,,-4.7,4.6,-0.1,0.0,2019-2020
1704,28,Kentavious Caldwell-Pope,SG,26,LAL,21,608,10.5,.560,.630,.143,1.6,6.9,4.3,6.4,1.7,0.6,6.9,15.5,,0.5,0.6,1.1,.089,,-0.9,0.1,-0.8,0.2,2019-2020
1705,29,DeMarre Carroll,C,33,HOU,2,6,14.9,.500,.000,.000,0.0,58.7,27.9,27.5,0.0,0.0,0.0,14.9,,0.0,0.0,0.0,.170,,-3.6,4.5,0.9,0.0,2019-2020
1706,30,Alex Caruso,PG,25,LAL,21,510,9.9,.543,.540,.265,3.5,7.6,5.6,15.2,2.2,2.3,19.7,13.4,,0.2,0.6,0.8,.080,,-2.4,1.9,-0.5,0.2,2019-2020
1707,31,Tyson Chandler,C,37,HOU,1,0,,.000,0,0,,,,,,,0.0,,,0.0,0.0,0.0,,,0.0,0.0,0.0,0.0,2019-2020
1708,32,Chris Chiozza,PG,24,BRK,4,65,13.0,.446,.667,.167,1.4,8.3,4.7,41.4,3.6,0.0,10.4,18.2,,0.0,0.0,0.0,.016,,-0.2,1.5,1.3,0.1,2019-2020
1709,33,Gary Clark,SF,25,ORL,5,144,9.6,.526,.970,.152,2.7,18.0,10.0,7.0,1.6,1.4,5.4,11.0,,0.0,0.2,0.2,.070,,-0.2,1.1,0.9,0.1,2019-2020
1710,34,Jordan Clarkson,SG,27,UTA,7,200,18.0,.577,.505,.103,1.2,12.6,7.0,12.6,1.6,0.0,6.5,25.4,,0.4,0.0,0.4,.093,,0.9,-0.9,0.0,0.1,2019-2020
1711,35,Chris Clemons,SG,22,HOU,2,8,22.8,.595,1.000,.400,0.0,29.3,13.9,0.0,0.0,0.0,0.0,32.9,,0.0,0.0,0.0,.121,,11.0,0.6,11.6,0.0,2019-2020
1712,36,Antonius Cleveland,SG,25,DAL,2,9,13.0,.400,.000,.000,12.0,0.0,6.1,0.0,5.2,0.0,0.0,23.9,,0.0,0.0,0.0,-0.050,,-3.4,-3.1,-6.5,0.0,2019-2020
1713,37,Amir Coffey,SG,22,LAC,3,7,21.4,.258,.333,.667,0.0,0.0,0.0,67.6,7.0,0.0,0.0,24.3,,0.0,0.0,0.0,.099,,3.4,7.1,10.5,0.0,2019-2020
1714,38,Mike Conley,PG,32,UTA,5,165,26.3,.672,.531,.344,2.2,7.7,5.0,25.0,2.5,0.6,6.4,22.3,,0.8,0.0,0.9,.255,,6.8,2.4,9.2,0.5,2019-2020
1715,39,Pat Connaughton,SG,27,MIL,10,171,8.8,.557,.657,.057,3.1,21.7,12.2,8.7,0.6,1.3,12.2,10.3,,0.1,0.2,0.3,.082,,-1.6,1.3,-0.3,0.1,2019-2020
1716,40,Quinn Cook,PG,26,LAL,6,24,18.6,.623,.400,.100,0.0,4.9,2.5,32.2,0.0,0.0,8.7,20.8,,0.1,0.0,0.1,.186,,3.5,-0.4,3.1,0.0,2019-2020
1717,41,Tyler Cook,SF,22,DEN,1,4,5.8,0,0,0,0.0,59.1,29.8,0.0,0.0,0.0,0,0.0,,0.0,0.0,0.0,.059,,-5.0,-0.2,-5.2,0.0,2019-2020
1718,42,Robert Covington,C,29,HOU,12,379,15.8,.683,.716,.074,2.2,16.1,8.8,6.5,3.9,3.4,10.9,13.0,,0.5,0.8,1.3,.169,,1.2,3.8,5.0,0.7,2019-2020
1719,43,Torrey Craig,SF,29,DEN,19,375,7.4,.514,.538,.167,4.2,15.4,9.8,4.8,1.0,1.8,9.7,11.3,,0.1,0.2,0.3,.033,,-3.0,-0.2,-3.2,-0.1,2019-2020
1720,44,Jae Crowder,PF,29,MIA,21,660,12.2,.570,.801,.229,2.0,17.9,10.2,9.0,1.1,1.8,6.3,16.2,,0.6,0.7,1.3,.095,,1.0,0.0,0.9,0.5,2019-2020
1721,45,Seth Curry,SG,29,DAL,6,173,14.1,.697,.396,.094,1.2,5.8,3.5,6.8,1.6,0.0,12.7,15.7,,0.3,-0.1,0.2,.058,,0.7,-0.8,-0.1,0.1,2019-2020
1722,46,Troy Daniels,SG,28,DEN,6,30,17.7,.621,.500,.167,4.0,7.9,6.0,11.0,0.0,0.0,0.0,19.6,,0.1,0.0,0.1,.141,,3.6,-1.7,2.0,0.0,2019-2020
1723,47,Anthony Davis,PF,26,LAL,21,769,29.6,.665,.167,.499,8.5,22.7,15.6,16.1,1.7,3.8,10.8,27.8,,3.3,1.2,4.5,.284,,6.5,2.1,8.7,2.1,2019-2020
1724,48,Terence Davis,SG,22,TOR,6,84,14.0,.670,.655,.241,2.5,14.4,8.3,13.2,0.6,0.0,15.8,20.0,,0.1,0.1,0.2,.140,,-0.4,-0.8,-1.2,0.0,2019-2020
1725,49,Hamidou Diallo,SF,21,OKC,3,25,13.8,.462,.455,.636,8.7,16.1,12.6,6.7,0.0,9.8,12.4,27.7,,0.0,0.0,0.0,-0.005,,0.6,-0.3,0.3,0.0,2019-2020
1726,50,Donte DiVincenzo,SG,23,MIL,10,165,12.4,.552,.412,.392,5.1,15.9,10.4,10.6,2.0,2.0,14.3,18.2,,0.1,0.2,0.3,.088,,-2.1,2.1,-0.1,0.1,2019-2020
1727,51,Luka Dončić,PG,20,DAL,6,215,26.9,.596,.344,.500,2.0,28.3,15.0,42.7,1.5,1.2,16.6,37.5,,0.4,0.0,0.5,.101,,6.9,1.0,7.9,0.5,2019-2020
1728,52,Luguentz Dort,SF,20,OKC,6,175,4.4,.454,.658,.197,3.1,9.8,6.6,5.7,0.5,4.2,15.4,24.0,,-0.5,0.2,-0.3,-0.072,,-4.9,0.0,-5.0,-0.1,2019-2020
1729,53,PJ Dozier,SG,23,DEN,12,125,7.3,.485,.242,.424,1.9,15.1,8.6,13.9,0.8,1.6,17.0,17.2,,-0.1,0.0,0.0,-0.019,,-3.9,-1.4,-5.3,-0.1,2019-2020
1730,54,Goran Dragić,PG,33,MIA,17,553,15.9,.549,.399,.228,2.8,11.3,7.2,24.1,1.5,0.4,11.7,27.4,,0.4,0.4,0.8,.070,,1.1,-0.8,0.3,0.3,2019-2020
1731,55,Jared Dudley,PF,34,LAL,9,31,-1.1,.000,.750,.000,0.0,7.6,3.8,0.0,6.4,3.2,33.3,8.4,,-0.1,0.1,-0.1,-0.106,,-9.1,3.5,-5.5,0.0,2019-2020
1732,56,Carsen Edwards,SG,21,BOS,1,3,3.8,0,0,0,0.0,36.0,18.7,0.0,0.0,0.0,0,0.0,,0.0,0.0,0.0,.079,,-2.9,3.0,0.1,0.0,2019-2020
1733,57,Joel Embiid,C,25,PHI,4,145,26.6,.600,.216,.797,8.0,28.9,18.2,7.5,2.1,3.2,13.0,34.6,,0.3,0.2,0.5,.165,,5.1,1.0,6.2,0.3,2019-2020
1734,58,James Ennis III,SG,29,ORL,5,119,6.9,.449,.457,.257,4.9,20.9,12.5,7.5,1.9,1.7,13.3,16.1,,-0.1,0.2,0.0,.005,,-4.4,0.9,-3.5,0.0,2019-2020
1735,59,Tacko Fall,C,24,BOS,2,3,39.8,.798,.000,2.000,0.0,36.0,18.7,0.0,0.0,0.0,0.0,28.0,,0.0,0.0,0.0,.364,,11.4,1.3,12.7,0.0,2019-2020
1736,60,Terrance Ferguson,SF,21,OKC,4,42,-1.4,.273,.909,.000,2.6,7.2,5.0,3.4,1.1,0.0,8.3,12.3,,-0.1,0.0,-0.1,-0.086,,-6.8,-0.2,-7.0,-0.1,2019-2020
1737,61,Dorian Finney-Smith,PF,26,DAL,6,191,12.4,.563,.577,.096,6.8,12.7,9.7,13.4,1.7,1.4,14.2,14.2,,0.2,0.0,0.2,.044,,0.6,0.6,1.2,0.2,2019-2020
1738,62,Evan Fournier,SF,27,ORL,5,171,8.9,.496,.614,.298,1.7,10.7,6.0,11.6,1.6,1.8,12.2,18.3,,-0.2,0.2,0.0,.006,,-1.5,-0.6,-2.1,0.0,2019-2020
1739,63,Michael Frazier,SG,25,HOU,4,12,7.7,.375,.500,.000,8.9,29.3,18.6,24.2,0.0,0.0,20.0,18.7,,0.0,0.0,0.0,-0.021,,-0.5,0.3,-0.2,0.0,2019-2020
1740,64,Enes Freedom,C,27,BOS,11,102,18.9,.539,.024,.238,21.8,25.4,23.7,12.0,0.0,0.0,7.9,22.0,,0.2,0.1,0.4,.178,,0.7,-1.9,-1.2,0.0,2019-2020
1741,65,Markelle Fultz,PG,21,ORL,5,147,8.2,.476,.267,.117,0.0,8.1,3.8,28.9,1.6,2.1,17.1,22.1,,-0.2,0.1,-0.1,-0.026,,-3.5,-0.5,-3.9,-0.1,2019-2020
1742,66,Wenyen Gabriel,PF,22,POR,4,53,13.8,.661,.333,.133,13.8,6.0,9.9,12.3,1.8,3.4,23.9,16.4,,0.1,0.0,0.1,.093,,-1.6,2.0,0.4,0.0,2019-2020
1743,67,Danilo Gallinari,PF,31,OKC,7,212,12.7,.569,.468,.380,2.6,15.7,9.4,5.5,1.1,0.6,14.0,21.8,,0.1,0.3,0.3,.070,,-0.2,-0.5,-0.6,0.1,2019-2020
1744,68,Marc Gasol,C,35,TOR,11,228,7.8,.467,.422,.234,1.9,21.3,11.3,18.4,1.1,3.3,18.5,16.8,,-0.2,0.4,0.2,.043,,-4.5,2.6,-1.9,0.0,2019-2020
1745,69,Paul George,SF,29,LAC,13,479,14.7,.536,.502,.249,3.2,15.3,9.2,15.5,1.9,1.4,14.0,26.1,,0.1,0.5,0.6,.063,,0.4,0.0,0.4,0.3,2019-2020
1746,70,Shai Gilgeous-Alexander,SG,21,OKC,7,279,13.1,.569,.389,.256,1.2,12.3,6.9,16.9,1.2,1.3,13.0,17.8,,0.3,0.3,0.6,.100,,0.6,1.2,1.8,0.3,2019-2020
1747,71,Rudy Gobert,C,27,UTA,7,270,20.4,.638,.000,.568,10.6,23.8,17.4,4.6,0.8,3.6,8.9,17.6,,0.7,0.1,0.9,.156,,0.6,-0.5,0.1,0.1,2019-2020
1748,72,Eric Gordon,SF,31,HOU,12,410,12.8,.537,.511,.227,1.6,7.4,4.4,14.7,1.2,1.7,11.0,23.8,,0.0,0.4,0.4,.053,,-0.4,-0.6,-1.0,0.1,2019-2020
1749,73,Jerami Grant,PF,25,DEN,19,653,9.0,.556,.543,.309,1.5,10.0,5.7,5.5,0.9,2.2,11.2,15.6,,0.3,0.2,0.5,.033,,-1.7,-1.0,-2.8,-0.1,2019-2020
1750,74,Danny Green,SG,32,LAL,21,525,9.6,.473,.676,.088,5.7,9.2,7.4,6.7,1.9,3.0,6.4,15.6,,0.1,0.7,0.8,.070,,-1.2,0.5,-0.7,0.2,2019-2020
1751,75,JaMychal Green,PF,29,LAC,13,222,13.7,.670,.418,.164,6.5,18.3,12.3,4.5,0.4,1.3,7.8,12.6,,0.5,0.2,0.7,.146,,0.6,0.9,1.5,0.2,2019-2020
1752,76,Javonte Green,SG,26,BOS,1,6,14.1,.750,1.000,.000,0.0,18.0,9.4,0.0,0.0,0.0,0.0,14.9,,0.0,0.0,0.0,.181,,2.4,0.3,2.7,0.0,2019-2020
1753,77,Jeff Green,C,33,HOU,12,341,13.1,.629,.524,.165,1.6,18.9,9.8,8.9,0.9,1.7,12.0,16.5,,0.3,0.4,0.8,.109,,0.4,-0.3,0.1,0.2,2019-2020
1754,78,Donta Hall,C,22,BRK,3,20,14.2,.518,.000,.800,14.1,10.8,12.6,0.0,0.0,9.6,12.9,16.0,,0.0,0.0,0.0,-0.011,,-2.5,-3.1,-5.6,0.0,2019-2020
1755,79,Tim Hardaway Jr.,SG,27,DAL,6,204,12.5,.536,.568,.116,1.6,9.8,5.6,8.1,0.5,0.0,2.9,21.7,,0.2,-0.1,0.0,.007,,0.8,-2.7,-1.8,0.0,2019-2020
1756,80,James Harden,SG,30,HOU,12,448,27.5,.636,.513,.509,2.8,14.4,8.3,38.8,2.0,2.2,13.9,32.4,,1.7,0.7,2.4,.253,,7.5,1.9,9.4,1.3,2019-2020
1757,81,Montrezl Harrell,C,26,LAC,13,243,17.4,.608,.061,.829,5.0,12.5,8.7,3.2,1.0,2.8,9.7,22.3,,0.4,0.2,0.6,.126,,-0.2,-0.3,-0.5,0.1,2019-2020
1758,82,Gary Harris,SG,25,DEN,14,379,6.8,.522,.578,.244,2.2,6.5,4.4,8.9,2.2,1.0,17.4,14.5,,-0.1,0.2,0.0,.003,,-3.4,1.0,-2.3,0.0,2019-2020
1759,83,Joe Harris,SF,28,BRK,2,72,12.7,.666,.522,.174,2.6,27.1,14.0,4.7,0.6,0.0,10.8,15.9,,0.1,0.0,0.0,.030,,0.4,0.0,0.4,0.0,2019-2020
1760,84,Tobias Harris,PF,27,PHI,4,149,14.7,.461,.250,.317,9.9,17.8,13.7,19.9,0.7,0.6,6.8,21.5,,0.1,0.0,0.1,.043,,1.5,-1.0,0.5,0.1,2019-2020
1761,85,Gordon Hayward,SF,29,BOS,5,157,11.0,.504,.480,.160,2.2,11.7,7.2,13.5,2.2,1.3,11.6,17.2,,0.0,0.3,0.2,.076,,-0.5,0.3,-0.1,0.1,2019-2020
1762,86,Tyler Herro,SG,20,MIA,21,706,12.9,.557,.462,.195,1.2,15.8,8.7,17.9,0.6,0.3,12.3,22.0,,0.3,0.5,0.8,.053,,0.6,-0.8,-0.2,0.3,2019-2020
1763,87,Mario Hezonja,PF,24,POR,5,68,10.4,.484,.318,.182,3.1,21.8,12.4,13.6,2.1,0.0,11.2,16.4,,0.0,0.1,0.0,.035,,-1.1,0.8,-0.3,0.0,2019-2020
1764,88,George Hill,PG,33,MIL,10,268,11.3,.606,.418,.388,2.0,7.7,4.8,16.4,1.1,0.0,16.9,15.2,,0.3,0.2,0.5,.091,,-1.4,-0.2,-1.6,0.0,2019-2020
1765,89,Solomon Hill,PF,28,MIA,7,42,12.4,.667,.667,.000,2.8,15.9,9.6,10.8,1.2,0.0,0.0,9.7,,0.1,0.0,0.1,.147,,0.2,2.3,2.5,0.0,2019-2020
1766,90,Jaylen Hoard,PF,20,POR,3,41,11.4,.583,.000,.000,12.8,10.3,11.6,4.0,0.0,0.0,14.3,14.2,,0.0,0.0,0.0,.048,,-0.8,-3.4,-4.2,0.0,2019-2020
1767,91,Aaron Holiday,PG,23,IND,4,72,16.0,.668,.429,.238,1.6,6.7,4.1,23.4,2.8,0.0,14.7,17.4,,0.1,0.0,0.2,.108,,0.2,1.4,1.6,0.1,2019-2020
1768,92,Justin Holiday,SF,30,IND,4,131,10.7,.650,.762,.143,3.5,10.1,6.7,3.3,2.3,3.9,11.8,8.9,,0.1,0.1,0.2,.060,,-0.2,1.3,1.1,0.1,2019-2020
1769,93,Rondae Hollis-Jefferson,PF,25,TOR,5,39,17.2,.518,.100,.800,13.5,14.1,13.8,11.0,2.5,2.7,6.9,16.4,,0.1,0.1,0.2,.202,,-1.3,0.5,-0.8,0.0,2019-2020
1770,94,Al Horford,C,33,PHI,4,129,10.7,.499,.160,.280,7.3,17.1,12.1,11.6,0.4,3.6,9.7,10.5,,0.1,0.0,0.1,.049,,-1.8,0.4,-1.3,0.0,2019-2020
1771,95,Talen Horton-Tucker,SG,19,LAL,2,17,25.3,.583,.417,.000,0.0,34.5,17.3,0.0,5.8,0.0,0.0,30.7,,0.0,0.0,0.1,.190,,-2.4,7.0,4.7,0.0,2019-2020
1772,96,Danuel House Jr.,SF,26,HOU,9,279,12.0,.568,.624,.153,3.8,17.7,10.4,7.3,1.4,0.0,7.2,15.7,,0.2,0.4,0.6,.103,,-0.4,0.5,0.1,0.2,2019-2020
1773,97,Dwight Howard,C,34,LAL,18,282,15.7,.677,.035,.789,13.5,21.2,17.4,4.5,1.4,2.8,17.2,14.3,,0.6,0.4,1.0,.162,,-2.3,0.3,-2.1,0.0,2019-2020
1774,98,Serge Ibaka,C,30,TOR,11,251,25.2,.702,.409,.127,7.1,29.9,18.3,9.4,0.4,6.0,9.4,22.5,,0.8,0.5,1.3,.250,,5.2,2.6,7.7,0.6,2019-2020
1775,99,Andre Iguodala,SF,36,MIA,21,410,9.3,.580,.600,.108,3.2,11.7,7.6,10.7,2.1,3.1,17.1,9.1,,0.2,0.5,0.7,.082,,-1.6,2.2,0.6,0.3,2019-2020
1776,100,Ersan İlyasova,PF,32,MIL,3,23,7.4,.455,.556,.222,0.0,19.0,9.3,0.0,4.2,0.0,9.2,20.4,,0.0,0.0,0.0,.006,,-5.9,1.1,-4.8,0.0,2019-2020
1777,101,Joe Ingles,PF,32,UTA,7,234,12.0,.565,.741,.111,0.5,11.3,6.0,19.5,0.9,0.4,6.6,12.1,,0.5,0.0,0.5,.093,,-0.1,-0.2,-0.3,0.1,2019-2020
1778,102,Wes Iwundu,SF,25,ORL,5,76,6.6,.446,.350,.400,1.3,14.2,7.4,7.6,1.8,2.7,11.3,14.9,,-0.1,0.1,0.0,-0.006,,-2.9,0.7,-2.1,0.0,2019-2020
1779,103,Justin Jackson,PF,24,DAL,3,16,-4.0,.258,.500,.667,0.0,20.7,10.2,0.0,0.0,0.0,0.0,20.9,,-0.1,0.0,-0.1,-0.272,,-9.3,-6.9,-16.2,-0.1,2019-2020
1780,104,Reggie Jackson,PG,29,LAC,12,170,10.0,.615,.667,.000,1.3,12.6,6.9,9.0,0.6,0.6,9.4,13.7,,0.2,0.1,0.3,.089,,0.0,-0.2,-0.2,0.1,2019-2020
1781,105,LeBron James,PG,35,LAL,21,762,30.2,.647,.312,.393,4.4,30.5,17.5,42.0,1.7,2.3,15.8,30.4,,3.0,1.2,4.3,.269,,7.6,3.1,10.7,2.4,2019-2020
1782,106,Alize Johnson,PF,23,IND,1,0,,0,0,0,,,,,,,0,,,0.0,0.0,0.0,,,-4.2,-2.9,-7.1,0.0,2019-2020
1783,107,B.J. Johnson,SF,24,ORL,1,4,26.1,.750,.500,.000,0.0,54.1,25.7,0.0,0.0,0.0,0.0,21.3,,0.0,0.0,0.0,.174,,10.7,2.1,12.8,0.0,2019-2020
1784,108,Stanley Johnson,PF,23,TOR,3,20,22.9,.568,.455,.091,5.3,16.5,10.8,54.6,0.0,0.0,8.0,27.4,,0.1,0.0,0.1,.249,,2.4,0.7,3.2,0.0,2019-2020
1785,109,Tyler Johnson,SG,27,BRK,4,93,13.1,.587,.609,.043,0.0,8.2,3.8,18.3,0.0,1.0,6.0,22.1,,0.1,-0.1,0.0,.006,,1.9,-1.5,0.3,0.1,2019-2020
1786,110,Nikola Jokić,C,24,DEN,19,694,24.8,.614,.286,.230,6.4,25.5,16.0,28.6,1.5,2.1,14.1,28.9,,1.9,0.6,2.5,.172,,6.1,1.3,7.4,1.7,2019-2020
1787,111,Derrick Jones Jr.,SF,22,MIA,15,97,13.4,.573,.529,.294,7.4,6.9,7.1,10.4,3.1,5.1,9.4,9.9,,0.1,0.1,0.3,.135,,-0.1,3.2,3.1,0.1,2019-2020
1788,112,Michael Kidd-Gilchrist,PF,26,DAL,6,55,5.0,.421,.643,.429,3.9,8.0,6.0,6.9,0.9,1.6,5.7,13.8,,0.0,0.0,-0.1,-0.045,,-3.6,-1.4,-5.0,0.0,2019-2020
1789,113,Maxi Kleber,PF,28,DAL,6,203,7.1,.452,.667,.308,5.3,15.8,10.5,5.5,0.5,3.0,8.3,10.2,,0.0,-0.1,0.0,-0.009,,-2.2,-1.1,-3.3,-0.1,2019-2020
1790,114,Furkan Korkmaz,SG,22,PHI,4,40,-4.6,.163,.857,.714,0.0,16.6,8.1,7.2,1.3,0.0,17.9,12.2,,-0.2,0.0,-0.2,-0.193,,-9.8,-2.0,-11.8,-0.1,2019-2020
1791,115,Kyle Korver,SF,38,MIL,10,119,12.2,.619,.787,.149,0.9,6.4,3.6,1.3,1.2,0.9,9.1,19.9,,0.1,0.1,0.2,.082,,0.4,-0.4,0.0,0.1,2019-2020
1792,116,Rodions Kurucs,PF,21,BRK,4,58,9.9,.527,.400,.100,4.9,18.7,11.3,9.1,0.8,3.3,12.6,17.0,,0.0,0.0,0.0,-0.036,,-4.1,-0.3,-4.4,0.0,2019-2020
1793,117,Kyle Kuzma,PF,24,LAL,21,484,10.0,.535,.464,.207,4.4,11.4,7.9,5.0,0.6,1.4,9.7,19.5,,0.2,0.4,0.6,.059,,-2.2,-1.5,-3.6,-0.2,2019-2020
1794,118,Romeo Langford,SG,20,BOS,7,46,2.7,.460,.200,.200,0.0,7.0,3.7,6.2,1.1,0.0,15.5,12.5,,-0.1,0.0,0.0,-0.009,,-4.8,0.6,-4.2,0.0,2019-2020
1795,119,Vic Law,PF,24,ORL,1,4,44.2,1.500,1.000,.000,0.0,54.1,25.7,47.6,0.0,0.0,0.0,10.7,,0.0,0.0,0.0,.559,,25.4,11.5,36.8,0.0,2019-2020
1796,120,Kawhi Leonard,SF,28,LAC,13,511,27.8,.593,.272,.351,5.2,21.4,13.2,23.9,2.9,2.1,9.6,29.3,,1.6,0.8,2.4,.228,,6.4,2.9,9.4,1.5,2019-2020
1797,121,Meyers Leonard,C,27,MIA,3,31,18.4,.788,.500,.250,0.0,3.6,1.9,15.7,1.6,0.0,0.0,13.0,,0.1,0.0,0.1,.230,,3.9,2.4,6.2,0.1,2019-2020
1798,122,Caris LeVert,SG,25,BRK,4,140,17.1,.482,.288,.342,5.4,12.4,8.6,48.3,1.7,0.7,13.4,28.5,,0.0,0.0,0.0,.000,,3.2,-0.7,2.6,0.2,2019-2020
1799,123,Damian Lillard,PG,29,POR,4,143,18.7,.618,.516,.516,0.7,9.6,5.2,19.8,0.7,0.6,15.1,27.0,,0.3,0.0,0.3,.102,,5.9,-1.5,4.5,0.2,2019-2020
1800,124,Brook Lopez,C,31,MIL,10,328,17.1,.643,.465,.175,6.1,12.0,9.0,2.4,1.5,4.3,8.9,17.7,,0.6,0.5,1.0,.149,,1.8,1.4,3.2,0.4,2019-2020
1801,125,Robin Lopez,C,31,MIL,3,21,10.0,.750,.000,.000,0.0,20.8,10.2,0.0,0.0,0.0,0.0,8.2,,0.0,0.0,0.1,.118,,-2.3,1.1,-1.2,0.0,2019-2020
1802,126,Kyle Lowry,PG,33,TOR,11,413,16.1,.559,.486,.405,2.0,17.1,9.4,23.9,2.2,2.1,13.8,21.6,,0.4,0.8,1.3,.146,,0.9,2.6,3.5,0.5,2019-2020
1803,127,Timothé Luwawu-Cabarrot,SF,24,BRK,4,131,6.5,.498,.661,.203,0.7,11.6,5.8,7.6,1.1,0.0,11.1,22.7,,-0.2,-0.1,-0.3,-0.093,,-2.4,-2.2,-4.6,-0.1,2019-2020
1804,128,Terance Mann,SF,23,LAC,13,27,1.0,.400,.400,.000,0.0,29.3,14.5,4.8,1.8,0.0,28.6,11.4,,-0.1,0.0,0.0,-0.060,,-8.1,1.3,-6.8,0.0,2019-2020
1805,129,Boban Marjanović,C,31,DAL,6,82,19.8,.604,.033,.300,7.9,39.1,23.3,9.3,0.0,2.1,8.1,19.4,,0.2,0.0,0.2,.110,,1.9,-1.1,0.8,0.1,2019-2020
1806,130,Jeremiah Martin,PG,23,BRK,3,27,5.1,.416,.357,.071,0.0,12.1,5.6,24.4,0.0,3.6,12.2,25.1,,-0.1,0.0,-0.1,-0.157,,-2.4,-4.4,-6.9,0.0,2019-2020
1807,131,Frank Mason III,PG,25,MIL,2,2,16.4,0,0,0,0.0,0.0,0.0,60.5,0.0,0.0,0,0.0,,0.0,0.0,0.0,.237,,4.4,0.0,4.4,0.0,2019-2020
1808,132,Wesley Matthews,SG,33,MIL,10,246,9.1,.586,.754,.175,2.6,5.3,3.9,5.0,1.8,1.8,10.2,12.0,,0.1,0.3,0.4,.084,,-1.6,1.7,0.2,0.1,2019-2020
1809,133,CJ McCollum,SG,28,POR,5,196,14.9,.534,.354,.222,2.7,12.9,7.8,14.6,1.4,0.9,12.1,26.3,,0.0,0.1,0.1,.021,,2.4,-1.4,1.0,0.1,2019-2020
1810,134,T.J. McConnell,PG,27,IND,3,28,6.4,.394,.000,.250,0.0,25.7,12.5,38.3,0.0,0.0,18.4,17.9,,0.0,0.0,0.0,-0.056,,-6.2,-2.9,-9.1,-0.1,2019-2020
1811,135,Doug McDermott,PF,28,IND,4,54,-0.6,.333,.667,.000,0.0,6.7,3.3,2.7,0.9,0.0,6.3,13.6,,-0.2,0.0,-0.2,-0.142,,-5.5,-4.4,-9.9,-0.1,2019-2020
1812,136,JaVale McGee,C,32,LAL,14,135,15.3,.623,.063,.063,14.1,24.3,19.2,7.3,0.7,7.3,21.5,13.5,,0.1,0.2,0.4,.132,,-2.6,1.6,-1.1,0.0,2019-2020
1813,137,Rodney McGruder,SG,28,LAC,5,16,25.8,.800,.600,.000,6.9,21.2,13.9,19.0,0.0,0.0,0.0,13.7,,0.1,0.0,0.1,.304,,9.3,2.5,11.8,0.1,2019-2020
1814,138,Ben McLemore,SF,26,HOU,11,130,9.0,.550,.900,.000,1.6,8.1,4.7,7.0,1.5,0.0,7.0,14.8,,0.0,0.1,0.2,.061,,0.1,-0.7,-0.6,0.0,2019-2020
1815,139,Khris Middleton,SF,28,MIL,10,355,13.5,.507,.361,.256,1.5,19.6,10.4,27.0,1.5,0.6,14.5,28.4,,-0.1,0.5,0.3,.043,,-0.4,0.4,0.0,0.2,2019-2020
1816,140,Malcolm Miller,SF,26,TOR,1,5,2.1,.500,.333,.000,0.0,0.0,0.0,0.0,0.0,0.0,0.0,26.5,,0.0,0.0,0.0,-0.007,,-7.9,-2.9,-10.8,0.0,2019-2020
1817,141,Paul Millsap,PF,34,DEN,19,459,10.7,.536,.373,.458,6.8,16.2,11.5,7.1,1.3,1.9,15.0,16.6,,0.2,0.3,0.4,.046,,-1.8,-0.9,-2.7,-0.1,2019-2020
1818,142,Shake Milton,SG,23,PHI,4,126,13.3,.616,.568,.159,0.8,10.5,5.5,16.6,0.8,0.0,11.3,18.4,,0.2,0.0,0.2,.071,,1.4,-0.2,1.3,0.1,2019-2020
1819,143,Donovan Mitchell,SG,23,UTA,7,264,33.7,.696,.408,.369,2.7,12.6,7.8,25.6,1.4,0.7,13.7,37.5,,1.4,0.0,1.4,.260,,9.3,0.2,9.5,0.7,2019-2020
1820,144,Juwan Morgan,PF,22,UTA,7,86,5.4,.342,.833,.500,8.3,20.0,14.3,7.4,1.2,0.0,6.4,8.5,,0.0,0.0,0.0,.016,,-3.8,-0.3,-4.1,0.0,2019-2020
1821,145,Marcus Morris,PF,30,LAC,13,388,14.4,.653,.532,.126,3.1,15.1,9.1,7.7,1.4,0.2,7.1,14.2,,0.8,0.3,1.2,.146,,1.5,1.6,3.1,0.5,2019-2020
1822,146,Markieff Morris,PF,30,LAL,21,385,8.8,.608,.704,.092,3.7,15.8,9.8,7.0,0.8,0.8,14.3,13.5,,0.3,0.4,0.7,.083,,-2.0,0.3,-1.6,0.0,2019-2020
1823,147,Monte Morris,PG,24,DEN,19,406,16.3,.581,.301,.256,1.2,7.3,4.3,19.9,1.5,0.5,6.3,17.7,,0.9,0.1,1.0,.119,,1.2,-0.1,1.1,0.3,2019-2020
1824,148,Emmanuel Mudiay,PG,23,UTA,3,34,9.8,.437,.214,.143,3.5,16.9,10.3,8.8,0.0,2.9,6.3,21.9,,0.0,0.0,0.0,-0.043,,-3.0,-3.6,-6.6,0.0,2019-2020
1825,149,Jamal Murray,PG,22,DEN,19,753,23.7,.626,.372,.212,3.2,11.3,7.3,30.0,1.2,0.8,11.6,27.6,,2.5,0.2,2.7,.174,,6.1,-0.2,5.9,1.5,2019-2020
1826,150,Džanan Musa,SF,20,BRK,3,39,4.1,.408,.545,1.273,2.4,5.6,3.9,14.6,0.0,2.5,14.9,21.3,,-0.1,0.0,-0.1,-0.137,,-5.8,-3.7,-9.5,-0.1,2019-2020
1827,151,Mike Muscala,C,28,OKC,2,20,6.7,.750,.500,.000,0.0,20.2,10.5,7.1,0.0,0.0,0.0,4.3,,0.0,0.0,0.0,.116,,-2.4,0.8,-1.6,0.0,2019-2020
1828,152,Abdel Nader,SF,26,OKC,3,25,3.5,.254,.714,.286,4.3,8.1,6.3,0.0,1.9,9.8,0.0,13.6,,-0.1,0.0,0.0,-0.044,,-3.1,1.4,-1.7,0.0,2019-2020
1829,153,Raul Neto,PG,27,PHI,2,26,8.9,.444,.556,.000,0.0,12.7,6.2,20.0,1.9,0.0,10.0,16.8,,0.0,0.0,0.0,-0.018,,-0.1,-1.5,-1.6,0.0,2019-2020
1830,154,Georges Niang,PF,26,UTA,7,114,16.9,.646,.659,.045,4.2,11.1,7.7,5.6,0.0,0.9,4.3,19.2,,0.3,0.0,0.3,.114,,2.4,-2.1,0.3,0.1,2019-2020
1831,155,Joakim Noah,C,34,LAC,2,2,0.0,0,0,0,0.0,0.0,0.0,0.0,0.0,0.0,0,0.0,,0.0,0.0,0.0,.004,,-3.2,-2.6,-5.8,0.0,2019-2020
1832,156,Nerlens Noel,C,25,OKC,7,97,9.8,.491,.059,.588,5.6,25.0,15.6,4.6,1.0,6.3,8.5,10.4,,0.0,0.2,0.2,.099,,-3.4,1.7,-1.6,0.0,2019-2020
1833,157,Kendrick Nunn,PG,24,MIA,15,239,7.8,.482,.467,.087,1.5,13.5,7.7,13.3,0.6,1.2,11.2,20.4,,-0.2,0.2,-0.1,-0.013,,-2.9,-1.5,-4.4,-0.1,2019-2020
1834,158,Jusuf Nurkić,C,25,POR,5,161,15.7,.529,.193,.404,9.1,25.0,17.0,17.8,2.0,0.6,16.2,20.7,,0.1,0.2,0.3,.077,,0.9,0.2,1.1,0.1,2019-2020
1835,159,Royce O'Neale,SF,26,UTA,7,249,6.2,.563,.688,.188,1.4,16.1,8.9,10.0,1.9,0.8,27.3,9.0,,0.0,0.1,0.0,.009,,-3.3,1.6,-1.7,0.0,2019-2020
1836,160,Kyle O'Quinn,C,29,PHI,1,6,-19.7,0,0,0,0.0,18.4,9.0,24.1,0.0,0.0,100.0,14.5,,-0.1,0.0,-0.1,-0.419,,-27.0,0.9,-26.1,0.0,2019-2020
1837,161,Semi Ojeleye,PF,25,BOS,13,122,1.6,.364,.821,.071,1.9,8.8,5.5,1.1,1.2,0.0,3.3,10.9,,-0.2,0.1,0.0,-0.006,,-4.0,-0.1,-4.1,-0.1,2019-2020
1838,162,Victor Oladipo,SG,27,IND,4,123,12.8,.563,.589,.286,0.0,12.7,6.2,14.0,3.6,0.0,18.2,28.8,,-0.2,0.1,-0.1,-0.029,,-1.4,0.7,-0.7,0.0,2019-2020
1839,163,Kelly Olynyk,C,28,MIA,17,258,17.5,.606,.516,.295,6.0,28.6,17.7,12.2,0.8,3.1,10.8,21.2,,0.4,0.3,0.8,.144,,1.4,0.7,2.1,0.3,2019-2020
1840,164,Miye Oni,SF,22,UTA,2,14,22.3,.583,.667,.000,17.1,16.4,16.7,0.0,3.7,6.9,14.3,23.4,,0.0,0.0,0.0,.113,,-0.8,2.7,1.8,0.0,2019-2020
1841,165,Patrick Patterson,PF,30,LAC,2,10,53.4,1.500,1.000,.000,0.0,11.3,5.6,73.3,0.0,0.0,0.0,13.1,,0.2,0.0,0.2,.906,,28.1,11.3,39.4,0.1,2019-2020
1842,166,Chris Paul,PG,34,OKC,7,261,19.3,.604,.384,.232,1.2,18.9,10.4,26.1,2.0,1.4,15.7,24.2,,0.4,0.4,0.8,.141,,1.9,2.2,4.1,0.4,2019-2020
1843,167,Norvel Pelle,C,26,PHI,1,7,14.3,0,0,0,0.0,0.0,0.0,0.0,7.2,13.4,0,0.0,,0.0,0.0,0.0,.111,,-0.6,6.6,6.0,0.0,2019-2020
1844,168,Mason Plumlee,C,29,DEN,19,206,14.1,.519,.026,.308,18.0,17.2,17.6,17.0,1.0,3.8,19.9,12.2,,0.4,0.1,0.5,.117,,-1.3,0.2,-1.2,0.0,2019-2020
1845,169,Vincent Poirier,C,26,BOS,1,2,44.6,0,0,0,0.0,0.0,0.0,63.3,24.9,0.0,0,0.0,,0.0,0.0,0.0,.564,,17.4,33.0,50.4,0.0,2019-2020
1846,170,Michael Porter Jr.,SF,21,DEN,19,451,16.0,.602,.543,.213,5.6,27.8,16.8,5.6,1.5,1.3,12.2,20.7,,0.5,0.4,0.9,.092,,1.8,-0.8,1.0,0.3,2019-2020
1847,171,Kristaps Porziņģis,C,24,DAL,3,94,26.0,.708,.425,.575,3.4,27.1,15.1,3.3,0.0,2.8,5.6,24.3,,0.4,0.0,0.4,.205,,6.2,-0.6,5.7,0.2,2019-2020
1848,172,Norman Powell,SG,26,TOR,11,273,14.5,.629,.500,.279,1.5,8.9,5.1,6.6,1.1,1.2,8.6,20.6,,0.4,0.4,0.8,.136,,1.0,0.5,1.5,0.2,2019-2020
1849,173,Josh Reaves,SF,22,DAL,2,9,12.6,.515,.333,.667,0.0,24.6,12.1,14.8,0.0,9.8,20.5,23.3,,0.0,0.0,0.0,-0.038,,-3.1,-0.8,-3.9,0.0,2019-2020
1850,174,Josh Richardson,SG,26,PHI,4,144,11.8,.524,.500,.321,2.9,8.4,5.6,16.3,0.7,1.3,11.1,21.8,,0.1,0.0,0.1,.027,,0.5,-0.7,-0.1,0.1,2019-2020
1851,175,Austin Rivers,SG,27,HOU,12,211,5.4,.427,.574,.213,1.0,15.6,7.9,11.1,1.6,0.5,10.7,15.9,,-0.3,0.3,0.0,-0.001,,-4.9,0.1,-4.8,-0.1,2019-2020
1852,176,Andre Roberson,SF,28,OKC,1,3,-19.8,.000,1.000,.000,0.0,0.0,0.0,0.0,0.0,0.0,0.0,14.4,,0.0,0.0,0.0,-0.334,,-17.7,-5.3,-22.9,0.0,2019-2020
1853,177,Duncan Robinson,SG,25,MIA,21,600,12.3,.636,.886,.216,1.0,9.9,5.6,9.7,1.2,1.0,7.7,15.8,,1.0,0.4,1.4,.111,,1.2,0.0,1.2,0.5,2019-2020
1854,178,Rajon Rondo,PG,33,LAL,16,395,16.8,.553,.413,.157,3.9,16.6,10.3,37.1,2.7,0.5,20.8,18.0,,0.6,0.6,1.2,.144,,1.4,2.1,3.5,0.5,2019-2020
1855,179,Terrence Ross,SG,28,ORL,5,135,13.9,.584,.469,.219,0.7,16.8,8.4,6.7,1.4,0.8,10.2,24.7,,0.0,0.1,0.1,.046,,-0.6,0.1,-0.4,0.1,2019-2020
1856,180,JaKarr Sampson,PF,26,IND,4,50,14.2,.625,.000,.000,2.3,28.8,15.2,14.3,2.0,0.0,11.1,16.6,,0.1,0.0,0.1,.089,,-2.7,1.9,-0.8,0.0,2019-2020
1857,181,Dennis Schröder,PG,26,OKC,7,227,11.6,.504,.413,.229,1.0,10.7,6.0,19.7,0.8,0.5,12.4,26.0,,-0.1,0.2,0.1,.019,,-0.4,-0.9,-1.3,0.0,2019-2020
1858,182,Mike Scott,PF,31,PHI,4,20,12.6,.444,.400,.800,10.5,33.1,21.5,7.8,0.0,0.0,0.0,14.7,,0.0,0.0,0.0,.092,,-1.2,-0.9,-2.2,0.0,2019-2020
1859,183,Landry Shamet,SG,22,LAC,13,243,7.1,.548,.712,.119,0.0,10.2,5.0,9.4,1.2,1.2,17.3,13.5,,-0.1,0.2,0.1,.023,,-2.4,0.6,-1.8,0.0,2019-2020
1860,184,Pascal Siakam,PF,25,TOR,11,418,11.0,.462,.291,.253,3.5,18.2,10.7,16.0,1.4,1.0,9.8,23.7,,-0.4,0.7,0.4,.040,,-2.1,0.1,-2.0,0.0,2019-2020
1861,185,Anfernee Simons,SG,20,POR,4,82,10.5,.471,.538,.231,1.3,12.9,7.1,17.8,3.4,0.0,12.3,16.6,,0.0,0.1,0.1,.034,,0.1,0.8,0.9,0.1,2019-2020
1862,186,Marcus Smart,SG,25,BOS,17,648,11.6,.552,.621,.283,1.8,13.2,7.7,18.0,1.6,1.2,16.8,18.4,,0.2,1.0,1.2,.088,,-0.8,1.3,0.4,0.4,2019-2020
1863,187,J.R. Smith,SG,34,LAL,10,75,-3.7,.385,.846,.000,0.0,4.7,2.4,5.3,1.3,0.0,21.2,19.2,,-0.3,0.1,-0.2,-0.142,,-9.6,-2.1,-11.7,-0.2,2019-2020
1864,188,Edmond Sumner,SG,24,IND,3,41,-1.4,.381,.429,.286,2.8,14.6,8.6,0.0,0.0,0.0,20.2,11.1,,-0.1,0.0,-0.1,-0.113,,-9.6,-3.3,-12.9,-0.1,2019-2020
1865,189,Jayson Tatum,PF,21,BOS,17,690,20.7,.563,.377,.368,3.7,23.1,13.8,21.3,1.2,2.9,11.0,28.2,,1.1,1.3,2.3,.163,,4.5,1.8,6.3,1.4,2019-2020
1866,190,Garrett Temple,SG,33,BRK,4,137,4.6,.465,.735,.122,0.0,8.7,4.0,9.3,1.0,0.7,10.4,17.3,,-0.2,-0.1,-0.3,-0.095,,-4.2,-1.8,-6.1,-0.1,2019-2020
1867,191,Daniel Theis,C,27,BOS,17,482,13.4,.578,.222,.282,7.8,19.9,14.1,7.8,0.6,4.3,10.2,13.6,,0.7,0.8,1.5,.148,,-1.0,1.5,0.5,0.3,2019-2020
1868,192,Lance Thomas,PF,31,BRK,3,17,1.5,.296,.400,.800,5.5,12.8,8.9,0.0,0.0,5.6,0.0,16.4,,0.0,0.0,-0.1,-0.146,,-8.1,-3.7,-11.8,0.0,2019-2020
1869,193,Matt Thomas,SG,25,TOR,10,84,15.6,.738,.571,.000,1.3,17.1,9.0,12.9,0.6,1.3,4.5,11.5,,0.2,0.1,0.3,.196,,1.7,1.3,2.9,0.1,2019-2020
1870,194,Matisse Thybulle,SG,22,PHI,4,75,4.1,.500,.571,.000,1.4,8.8,5.0,4.1,2.0,1.2,22.2,5.2,,0.0,0.0,0.0,-0.006,,-4.5,1.5,-3.1,0.0,2019-2020
1871,195,Gary Trent Jr.,SF,21,POR,5,153,5.8,.499,.533,.156,3.4,3.5,3.4,2.9,1.2,0.0,9.4,14.5,,0.0,0.0,0.0,-0.007,,-2.1,-2.1,-4.2,-0.1,2019-2020
1872,196,P.J. Tucker,PF,34,HOU,12,414,8.6,.540,.761,.000,5.9,17.9,11.6,6.3,1.5,0.7,12.0,10.8,,0.2,0.6,0.7,.086,,-1.8,0.7,-1.2,0.1,2019-2020
1873,197,Rayjon Tucker,SG,22,UTA,2,11,1.6,.500,.600,.000,0.0,0.0,0.0,0.0,0.0,0.0,16.7,25.5,,0.0,0.0,0.0,-0.181,,-8.1,-5.1,-13.2,0.0,2019-2020
1874,198,Myles Turner,C,23,IND,4,146,18.6,.617,.318,.364,8.6,26.3,17.2,3.5,0.7,11.1,15.0,18.9,,0.1,0.2,0.3,.084,,0.4,1.4,1.8,0.1,2019-2020
1875,199,Fred VanVleet,SG,25,TOR,11,430,16.4,.537,.579,.132,1.2,11.0,6.0,28.4,2.0,1.7,9.9,22.9,,0.4,0.8,1.2,.134,,2.9,1.9,4.7,0.7,2019-2020
1876,200,Gabe Vincent,PG,23,MIA,1,0,,0,0,0,,,,,,,0,,,0.0,0.0,0.0,,,-4.7,0.7,-4.0,0.0,2019-2020
1877,201,Noah Vonleh,C,24,DEN,1,3,-15.1,.000,.000,.000,0.0,0.0,0.0,0.0,0.0,0.0,0.0,15.2,,0.0,0.0,0.0,-0.386,,-12.2,-8.8,-21.0,0.0,2019-2020
1878,202,Nikola Vučević,C,29,ORL,5,185,22.9,.604,.396,.099,4.8,26.9,15.3,22.9,1.0,1.7,10.1,29.7,,0.3,0.2,0.5,.126,,6.2,1.1,7.3,0.4,2019-2020
1879,203,Dion Waiters,SG,28,LAL,5,38,4.4,.388,.333,.167,0.0,6.2,3.1,7.0,1.3,2.6,7.2,15.9,,-0.1,0.0,0.0,-0.022,,-6.4,-1.0,-7.3,-0.1,2019-2020
1880,204,Kemba Walker,PG,29,BOS,17,628,16.9,.573,.492,.316,1.1,10.8,6.2,22.5,1.2,1.1,9.9,23.0,,1.1,0.8,1.9,.148,,2.6,0.4,3.0,0.8,2019-2020
1881,205,Brad Wanamaker,PG,30,BOS,17,273,11.1,.626,.450,.267,0.9,12.7,7.0,16.1,2.2,1.5,21.2,13.9,,0.2,0.5,0.6,.111,,-1.7,2.9,1.2,0.2,2019-2020
1882,206,T.J. Warren,SF,26,IND,4,156,15.1,.556,.279,.132,3.7,15.4,9.4,13.9,2.9,0.6,13.3,24.4,,0.0,0.1,0.1,.025,,-0.4,0.0,-0.4,0.1,2019-2020
1883,207,Tremont Waters,PG,22,BOS,1,2,0.6,.000,1.000,.000,0.0,54.0,28.1,63.3,0.0,0.0,0.0,22.3,,0.0,0.0,0.0,-0.222,,-8.7,0.4,-8.3,0.0,2019-2020
1884,208,Paul Watson,SF,25,TOR,2,9,13.9,.500,.000,.000,0.0,0.0,0.0,16.1,5.4,0.0,0.0,9.8,,0.0,0.0,0.0,.151,,-1.2,1.7,0.5,0.0,2019-2020
1885,209,Russell Westbrook,PG,31,HOU,8,262,12.1,.464,.236,.229,4.5,20.2,11.9,25.8,2.2,0.8,16.3,31.5,,-0.7,0.4,-0.2,-0.043,,-1.9,-1.2,-3.2,-0.1,2019-2020
1886,210,Hassan Whiteside,C,30,POR,5,106,12.9,.564,.042,.583,6.9,27.9,17.4,2.9,0.4,8.5,16.6,14.2,,0.0,0.1,0.1,.066,,-1.9,0.8,-1.1,0.0,2019-2020
1887,211,Grant Williams,PF,21,BOS,17,170,10.6,.773,.654,.385,4.8,12.1,8.6,5.0,0.6,2.9,11.6,9.0,,0.4,0.2,0.6,.165,,-0.6,2.7,2.1,0.2,2019-2020
1888,212,Lou Williams,PG,33,LAC,13,341,15.1,.511,.349,.253,2.3,11.3,6.7,24.3,1.4,0.6,11.5,23.5,,0.2,0.3,0.5,.072,,0.7,-0.5,0.2,0.2,2019-2020
1889,213,Marvin Williams,PF,33,MIL,10,179,13.7,.569,.489,.064,7.7,21.3,14.4,7.1,1.3,1.8,5.8,12.3,,0.3,0.3,0.5,.139,,0.8,2.0,2.9,0.2,2019-2020
1890,214,Robert Williams,C,22,BOS,13,149,19.8,.713,.032,.194,17.3,21.0,19.2,10.6,1.0,4.0,17.2,12.2,,0.4,0.3,0.7,.221,,1.7,1.6,3.3,0.2,2019-2020
1891,215,Nigel Williams-Goss,PG,25,UTA,1,2,17.9,0,0,0,0.0,0.0,0.0,61.1,0.0,0.0,0,0.0,,0.0,0.0,0.0,.233,,4.8,1.0,5.8,0.0,2019-2020
1892,216,Delon Wright,PG,27,DAL,4,53,13.6,.656,.200,.500,2.0,4.2,3.1,17.6,4.4,0.0,29.1,14.0,,0.0,0.0,0.0,.030,,-0.3,0.9,0.5,0.0,2019-2020
1893,217,Ivica Zubac,C,22,LAC,13,320,16.0,.626,.000,.474,10.7,21.9,16.2,3.5,0.3,3.0,11.3,14.5,,0.7,0.3,1.0,.151,,0.0,-0.5,-0.5,0.1,2019-2020
1894,1,Precious Achiuwa,PF,21,MIA,3,12,8.1,.608,.000,1.000,0.0,50.8,24.3,0.0,0.0,15.2,41.0,35.7,,-0.1,0.0,-0.1,-0.309,,-11.3,2.8,-8.5,0.0,2020-2021
1895,2,Bam Adebayo,C,23,MIA,4,136,14.9,.494,.000,.228,9.6,17.2,13.2,23.8,1.8,1.3,14.9,23.8,,-0.1,0.1,0.0,.011,,0.4,0.5,0.9,0.1,2020-2021
1896,3,Ty-Shon Alexander,SG,22,PHO,1,1,79.0,1.000,.000,.000,0.0,0.0,0.0,0.0,0.0,0.0,0.0,45.7,,0.0,0.0,0.0,1.248,,23.7,5.9,29.5,0.0,2020-2021
1897,4,Grayson Allen,SG,25,MEM,5,116,5.3,.478,.636,.030,2.6,10.4,6.2,1.1,0.8,0.9,2.9,12.5,,0.0,-0.1,-0.1,-0.035,,-3.7,-2.1,-5.7,-0.1,2020-2021
1898,5,Kyle Anderson,PF,27,MEM,5,142,13.7,.480,.286,.095,2.9,17.8,9.7,14.2,4.8,0.0,8.4,14.2,,0.0,0.1,0.1,.042,,0.0,2.4,2.4,0.2,2020-2021
1899,6,Giannis Antetokounmpo,PF,26,MIL,21,800,27.6,.599,.159,.469,7.8,28.7,18.0,24.3,1.3,2.9,10.8,31.8,,2.0,1.7,3.7,.224,,6.7,3.2,9.9,2.4,2020-2021
1900,7,Thanasis Antetokounmpo,SF,28,MIL,13,45,10.0,.467,.000,.857,7.0,17.0,11.9,8.1,5.5,4.1,23.7,12.0,,0.0,0.1,0.1,.116,,-7.5,6.4,-1.1,0.0,2020-2021
1901,8,Carmelo Anthony,PF,36,POR,6,143,12.2,.571,.617,.183,1.7,13.4,7.7,9.4,0.7,0.6,9.7,22.7,,0.1,0.0,0.1,.023,,0.3,-2.1,-1.8,0.0,2020-2021
1902,9,Trevor Ariza,SF,35,MIA,4,96,4.0,.413,.739,.000,1.9,22.2,11.7,3.2,1.5,1.0,11.5,11.9,,-0.2,0.1,-0.1,-0.031,,-5.7,1.0,-4.7,-0.1,2020-2021
1903,10,Deandre Ayton,C,22,PHO,22,801,19.5,.674,.000,.226,9.9,25.3,18.1,4.7,1.1,2.8,9.8,16.3,,1.9,1.5,3.4,.203,,2.1,0.9,3.0,1.0,2020-2021
1904,11,Udoka Azubuike,C,21,UTA,1,1,12.0,0,0,0,0.0,100.0,58.1,0.0,0.0,0.0,0,0.0,,0.0,0.0,0.0,.116,,2.2,1.8,3.9,0.0,2020-2021
1905,12,Desmond Bane,SG,22,MEM,5,99,14.2,.737,.632,.000,2.1,18.3,9.5,12.5,1.9,2.2,13.6,9.4,,0.2,0.0,0.2,.093,,1.8,1.9,3.7,0.1,2020-2021
1906,13,RJ Barrett,SG,20,NYK,5,162,14.2,.489,.418,.224,2.5,22.3,11.8,16.6,1.3,1.2,2.6,20.7,,0.1,0.3,0.3,.104,,0.5,2.6,3.2,0.2,2020-2021
1907,14,Will Barton,SF,30,DEN,3,83,15.7,.547,.488,.093,1.3,17.7,8.8,15.3,1.2,1.1,8.2,25.6,,0.0,0.0,0.1,.030,,1.9,0.4,2.3,0.1,2020-2021
1908,15,Nicolas Batum,SF,32,LAC,19,555,14.9,.642,.661,.211,4.0,17.7,10.9,9.8,2.2,1.8,4.8,10.5,,1.2,0.6,1.8,.155,,2.0,2.2,4.3,0.9,2020-2021
1909,16,Bradley Beal,SG,27,WAS,5,195,17.5,.540,.260,.293,3.2,14.5,8.7,19.3,1.0,1.2,12.6,34.1,,-0.1,0.0,0.0,-0.010,,3.9,-2.3,1.6,0.2,2020-2021
1910,17,Dāvis Bertāns,PF,28,WAS,4,106,8.5,.615,.852,.259,0.0,11.7,5.6,1.3,0.4,1.5,3.2,12.3,,0.1,0.0,0.1,.057,,-1.6,-1.1,-2.7,0.0,2020-2021
1911,18,Patrick Beverley,PG,32,LAC,17,323,12.0,.560,.544,.206,4.0,10.6,7.3,10.3,1.9,3.6,5.1,11.3,,0.5,0.3,0.8,.116,,-0.4,1.9,1.6,0.3,2020-2021
1912,19,Nemanja Bjelica,PF,32,MIA,2,30,22.1,.660,.727,.545,3.1,13.5,8.1,12.1,3.2,3.0,0.0,20.0,,0.1,0.0,0.1,.221,,6.4,3.7,10.1,0.1,2020-2021
1913,20,Keljin Blevins,SF,25,POR,2,4,5.8,.500,.500,.000,0.0,0.0,0.0,0.0,0.0,0.0,0.0,22.5,,0.0,0.0,0.0,-0.070,,-9.3,-3.2,-12.5,0.0,2020-2021
1914,21,Bogdan Bogdanović,SG,28,ATL,18,598,10.9,.493,.574,.068,2.0,11.6,6.8,13.4,2.4,0.7,9.5,21.0,,-0.4,0.9,0.5,.037,,-0.1,0.5,0.4,0.4,2020-2021
1915,22,Bojan Bogdanović,SF,31,UTA,11,390,13.8,.642,.555,.299,1.9,11.7,7.0,6.2,1.3,0.0,12.9,20.2,,0.6,0.0,0.5,.067,,1.1,-0.6,0.5,0.2,2020-2021
1916,23,Bol Bol,PF,21,DEN,3,6,5.7,.000,1.000,.000,0.0,20.4,9.4,38.8,0.0,0.0,0.0,7.3,,0.0,0.0,0.0,-0.042,,-0.5,3.3,2.8,0.0,2020-2021
1917,24,Isaac Bonga,SF,21,WAS,4,10,-15.3,.000,.600,.000,0.0,0.0,0.0,0.0,0.0,8.1,0.0,20.9,,-0.1,0.0,-0.1,-0.497,,-13.8,-6.2,-20.0,0.0,2020-2021
1918,25,Devin Booker,SG,24,PHO,22,889,16.1,.558,.289,.310,2.0,12.9,7.8,18.3,1.0,0.4,13.1,31.8,,0.1,1.1,1.2,.066,,0.7,-1.1,-0.4,0.4,2020-2021
1919,26,Jarrell Brantley,PF,24,UTA,2,3,-19.3,.266,.000,2.000,0.0,37.2,19.4,0.0,0.0,0.0,34.7,42.5,,0.0,0.0,0.0,-0.754,,-19.3,-8.8,-28.1,0.0,2020-2021
1920,27,Mikal Bridges,SF,24,PHO,22,707,12.9,.603,.500,.147,3.3,11.0,7.4,7.1,1.6,2.0,7.3,14.1,,0.8,1.0,1.8,.125,,0.8,0.9,1.7,0.7,2020-2021
1921,28,Dillon Brooks,SF,25,MEM,5,175,20.6,.595,.206,.268,2.9,11.0,6.6,9.9,1.9,1.2,7.7,28.3,,0.3,0.0,0.3,.080,,2.3,0.3,2.6,0.2,2020-2021
1922,29,Bruce Brown,PG,24,BRK,12,277,14.0,.552,.139,.203,9.6,14.5,12.2,13.0,1.4,1.6,11.3,15.9,,0.4,0.4,0.8,.137,,-0.3,1.0,0.7,0.2,2020-2021
1923,30,Jalen Brunson,PG,24,DAL,7,114,15.3,.563,.295,.295,5.8,12.9,9.2,13.7,0.0,0.0,7.4,21.4,,0.2,0.0,0.2,.071,,2.2,-2.1,0.1,0.1,2020-2021
1924,31,Elijah Bryant,SG,25,MIL,11,50,7.5,.350,.400,.000,4.2,21.9,12.9,11.0,2.0,1.8,9.1,18.9,,-0.1,0.1,0.0,-0.018,,-4.6,1.0,-3.6,0.0,2020-2021
1925,32,Reggie Bullock,SF,29,NYK,5,162,7.5,.534,.744,.128,3.1,8.3,5.6,5.9,0.9,0.6,8.8,12.4,,0.0,0.2,0.2,.061,,-2.4,1.1,-1.2,0.0,2020-2021
1926,33,Trey Burke,PG,28,DAL,2,17,-12.6,.063,.429,.286,6.5,0.0,3.4,7.2,0.0,0.0,0.0,21.0,,-0.1,0.0,-0.1,-0.417,,-11.9,-6.8,-18.7,-0.1,2020-2021
1927,34,Alec Burks,SG,29,NYK,5,128,16.0,.544,.429,.339,3.9,17.6,10.3,19.2,0.4,0.0,5.9,23.7,,0.2,0.1,0.3,.120,,2.3,1.6,3.9,0.2,2020-2021
1928,35,Jimmy Butler,SF,31,MIA,4,154,9.7,.394,.234,.344,3.6,15.8,9.5,30.7,1.6,0.6,10.9,23.6,,-0.3,0.1,-0.2,-0.064,,-0.9,-0.5,-1.4,0.0,2020-2021
1929,36,Kentavious Caldwell-Pope,SG,27,LAL,5,146,5.9,.497,.655,.172,1.5,9.7,5.4,5.4,1.8,0.0,6.0,10.1,,0.0,0.2,0.2,.057,,-4.7,1.1,-3.6,-0.1,2020-2021
1930,37,Facundo Campazzo,PG,29,DEN,10,270,12.4,.565,.649,.257,2.7,10.4,6.3,20.2,2.6,1.4,15.4,15.7,,0.3,0.1,0.4,.064,,-1.8,1.5,-0.3,0.1,2020-2021
1931,38,Vlatko Čančar,PF,23,DEN,5,21,25.5,1.058,.333,1.667,0.0,17.5,8.1,6.6,2.4,4.5,16.1,12.8,,0.1,0.0,0.1,.241,,6.6,5.4,12.0,0.1,2020-2021
1932,39,Clint Capela,C,26,ATL,18,569,15.8,.591,.000,.287,11.8,26.6,19.3,4.5,1.0,2.9,10.5,13.3,,0.8,1.0,1.7,.147,,0.8,0.5,1.3,0.5,2020-2021
1933,40,Jevon Carter,PG,25,PHO,7,22,6.5,.338,.250,.250,0.0,9.6,5.1,25.4,0.0,0.0,0.0,18.4,,0.0,0.0,0.0,-0.041,,-3.4,-0.9,-4.2,0.0,2020-2021
1934,41,Alex Caruso,PG,26,LAL,6,121,3.0,.450,.447,.053,1.8,5.9,3.7,4.1,0.4,3.2,15.3,16.9,,-0.3,0.1,-0.1,-0.055,,-5.4,-0.3,-5.7,-0.1,2020-2021
1935,42,Willie Cauley-Stein,C,27,DAL,6,63,14.0,.727,.000,.333,5.3,25.3,14.8,6.6,1.7,6.9,22.5,9.6,,0.1,0.1,0.1,.107,,-2.5,3.4,0.8,0.0,2020-2021
1936,43,Chris Chiozza,PG,25,BRK,6,19,0.7,.357,.429,.000,0.0,5.6,2.9,7.2,2.6,0.0,12.5,19.1,,-0.1,0.0,0.0,-0.106,,-7.5,-0.6,-8.1,0.0,2020-2021
1937,44,Brandon Clarke,PF,24,MEM,2,9,9.9,.500,.000,.000,0.0,13.4,6.1,0.0,0.0,11.9,0.0,9.4,,0.0,0.0,0.0,-0.001,,-2.9,0.3,-2.6,0.0,2020-2021
1938,45,Jordan Clarkson,SG,28,UTA,11,298,14.1,.547,.588,.158,2.4,10.5,6.6,9.5,1.2,0.9,11.5,29.7,,0.0,0.0,0.0,-0.003,,0.9,-2.4,-1.5,0.0,2020-2021
1939,46,Nic Claxton,C,21,BRK,12,130,13.5,.495,.000,.103,12.4,15.5,14.0,7.4,1.5,8.3,11.7,12.0,,0.1,0.3,0.4,.136,,-2.6,2.2,-0.4,0.1,2020-2021
1940,47,Amir Coffey,SG,23,LAC,10,16,18.1,.788,.250,.250,0.0,14.3,7.2,10.0,3.2,0.0,18.4,15.8,,0.0,0.0,0.0,.117,,3.1,3.7,6.7,0.0,2020-2021
1941,48,John Collins,PF,23,ATL,18,576,15.3,.632,.308,.198,6.9,22.7,14.9,4.4,0.7,1.6,10.4,17.0,,0.9,0.8,1.7,.140,,1.1,-0.2,0.9,0.4,2020-2021
1942,49,Mike Conley,PG,33,UTA,6,176,18.5,.613,.544,.235,2.1,11.4,6.9,39.4,0.3,1.5,15.7,22.4,,0.6,0.0,0.6,.153,,4.2,-1.2,3.0,0.2,2020-2021
1943,50,Pat Connaughton,SG,28,MIL,23,546,11.2,.633,.798,.109,5.6,14.4,9.9,4.8,0.9,1.0,8.8,10.7,,0.8,0.8,1.6,.143,,-0.1,0.9,0.8,0.4,2020-2021
1944,51,DeMarcus Cousins,C,30,LAC,7,58,25.6,.550,.238,.333,12.2,15.7,14.0,17.7,1.8,5.0,9.4,42.7,,0.1,0.1,0.1,.115,,0.6,-0.3,0.4,0.0,2020-2021
1945,52,Robert Covington,PF,30,POR,6,228,11.5,.693,.611,.278,4.7,18.8,11.9,4.0,2.0,2.4,16.5,9.6,,0.3,0.1,0.4,.078,,0.0,1.3,1.3,0.2,2020-2021
1946,53,Torrey Craig,SF,30,PHO,22,266,10.0,.539,.493,.173,8.4,17.4,13.2,4.6,0.2,2.8,11.0,15.6,,0.1,0.4,0.4,.081,,-1.8,-0.8,-2.6,0.0,2020-2021
1947,54,Jae Crowder,PF,30,PHO,22,729,11.4,.594,.772,.190,1.6,17.9,10.2,7.5,1.3,2.3,8.7,13.7,,0.6,1.2,1.8,.119,,0.2,1.7,1.9,0.7,2020-2021
1948,55,Seth Curry,SG,30,PHI,12,381,18.8,.727,.551,.129,1.2,6.7,4.0,11.1,1.1,0.6,6.0,18.7,,1.2,0.4,1.6,.206,,3.9,1.4,5.3,0.7,2020-2021
1949,56,Anthony Davis,PF,27,LAL,5,144,20.9,.541,.177,.677,5.3,21.3,12.9,16.7,1.1,5.4,6.9,26.8,,0.2,0.2,0.5,.159,,3.2,2.8,6.0,0.3,2020-2021
1950,57,Dewayne Dedmon,C,31,MIA,4,57,13.6,.619,.167,.278,13.1,17.8,15.4,9.7,0.0,3.2,22.9,20.2,,0.0,0.0,0.0,.037,,-2.4,-1.0,-3.4,0.0,2020-2021
1951,58,Mamadi Diakite,PF,24,MIL,7,35,3.4,.322,.200,.200,3.0,18.8,10.7,0.0,4.2,2.6,8.4,14.6,,-0.1,0.1,0.0,.008,,-9.1,2.4,-6.7,0.0,2020-2021
1952,59,Donte DiVincenzo,SG,24,MIL,3,70,2.3,.250,.750,.000,3.0,26.6,14.6,13.8,2.1,1.3,27.3,13.5,,-0.2,0.1,-0.1,-0.064,,-6.7,2.2,-4.5,0.0,2020-2021
1953,60,Luka Dončić,PG,21,DAL,7,281,27.5,.572,.388,.260,1.6,22.3,11.4,54.1,1.7,1.2,12.8,40.4,,0.6,0.1,0.7,.127,,10.0,1.8,11.8,1.0,2020-2021
1954,61,Goran Dragić,PG,34,MIA,4,117,12.7,.540,.481,.222,0.8,5.2,2.9,18.1,1.7,1.6,9.2,24.5,,0.0,0.1,0.0,.005,,1.0,0.6,1.6,0.1,2020-2021
1955,62,Andre Drummond,C,27,LAL,5,105,19.2,.618,.000,.313,19.6,40.5,29.6,0.0,1.9,2.8,23.2,20.1,,0.0,0.2,0.2,.112,,-0.5,0.7,0.2,0.1,2020-2021
1956,63,Jared Dudley,PF,35,LAL,2,5,0.0,0,0,0,0.0,0.0,0.0,0.0,0.0,0.0,0,0.0,,0.0,0.0,0.0,.022,,-5.2,0.0,-5.2,0.0,2020-2021
1957,64,Kris Dunn,PG,26,ATL,5,33,6.2,.444,.200,.800,0.0,16.4,8.3,19.4,3.0,5.2,37.2,14.4,,-0.1,0.1,0.0,-0.019,,-6.7,4.9,-1.8,0.0,2020-2021
1958,65,Kevin Durant,PF,32,BRK,12,485,26.9,.630,.291,.358,1.2,23.1,12.6,20.2,1.9,3.5,11.4,34.5,,1.2,1.0,2.2,.214,,7.8,2.2,10.0,1.5,2020-2021
1959,66,Carsen Edwards,SG,22,BOS,2,5,34.9,.833,.667,.000,0.0,24.5,11.6,0.0,0.0,0.0,0.0,25.4,,0.0,0.0,0.0,.186,,12.6,0.6,13.2,0.0,2020-2021
1960,67,CJ Elleby,SF,20,POR,2,8,0.4,.000,.000,.000,14.8,28.2,21.7,14.8,0.0,0.0,50.0,11.3,,0.0,0.0,0.0,-0.177,,-4.6,-2.3,-6.8,0.0,2020-2021
1961,68,Joel Embiid,C,26,PHI,11,357,26.2,.631,.208,.553,5.1,29.7,17.8,17.2,1.5,3.6,14.6,34.6,,0.7,0.8,1.5,.197,,4.7,2.8,7.5,0.9,2020-2021
1962,69,Tacko Fall,C,25,BOS,1,1,11.9,0,0,0,0.0,100.0,57.8,0.0,0.0,0.0,0,0.0,,0.0,0.0,0.0,.092,,1.2,-0.5,0.7,0.0,2020-2021
1963,70,Derrick Favors,C,29,UTA,11,145,14.7,.686,.000,.391,15.9,20.8,18.4,2.9,0.7,6.2,18.2,10.1,,0.3,0.1,0.4,.125,,-1.8,1.0,-0.7,0.0,2020-2021
1964,71,Bruno Fernando,C,22,ATL,6,12,20.2,.773,.000,.667,9.2,0.0,4.5,0.0,0.0,0.0,0.0,14.3,,0.1,0.0,0.1,.248,,5.7,-1.7,4.0,0.0,2020-2021
1965,72,Yogi Ferrell,PG,27,LAC,9,15,11.5,.400,.200,.000,0.0,22.8,11.6,29.4,0.0,0.0,0.0,15.5,,0.0,0.0,0.0,.049,,-2.2,0.0,-2.2,0.0,2020-2021
1966,73,Dorian Finney-Smith,PF,27,DAL,7,271,9.5,.544,.578,.078,6.9,13.1,9.9,7.7,1.5,0.8,15.3,13.1,,0.1,0.1,0.2,.027,,-0.9,0.0,-0.9,0.1,2020-2021
1967,74,Bryn Forbes,SG,27,MIL,20,273,10.5,.567,.795,.071,0.8,10.4,5.5,3.1,0.4,0.7,5.7,19.2,,0.2,0.3,0.5,.093,,-0.1,-0.6,-0.7,0.1,2020-2021
1968,75,Trent Forrest,PG,22,UTA,4,10,7.9,.500,.000,.000,0.0,0.0,0.0,0.0,0.0,0.0,0.0,17.7,,0.0,0.0,0.0,-0.046,,-2.7,-4.2,-6.9,0.0,2020-2021
1969,76,Evan Fournier,SF,28,BOS,5,167,11.8,.564,.476,.190,3.3,9.5,6.2,6.6,1.8,0.0,6.8,18.6,,0.2,-0.1,0.1,.015,,-1.4,-0.8,-2.3,0.0,2020-2021
1970,77,Enes Freedom,C,28,POR,5,56,6.4,.563,.000,.250,12.7,14.1,13.4,0.0,0.0,3.3,25.3,9.6,,0.0,0.0,0.0,.004,,-5.3,-3.0,-8.3,-0.1,2020-2021
1971,78,Daniel Gafford,C,22,WAS,5,117,25.1,.807,.000,.923,12.5,14.5,13.5,3.9,2.0,6.9,7.6,14.1,,0.5,0.1,0.6,.244,,4.2,1.9,6.1,0.2,2020-2021
1972,79,Danilo Gallinari,PF,32,ATL,18,442,13.3,.587,.483,.299,2.0,15.2,8.6,4.9,0.7,0.6,7.1,21.2,,0.5,0.5,1.0,.108,,1.2,-0.6,0.7,0.3,2020-2021
1973,80,Langston Galloway,SG,29,PHO,2,15,-7.1,.134,.286,.143,0.0,14.0,7.4,8.5,0.0,6.1,0.0,22.6,,-0.1,0.0,-0.1,-0.318,,-12.2,-2.5,-14.6,0.0,2020-2021
1974,81,Marc Gasol,C,36,LAL,5,87,18.7,.881,.846,.308,5.0,20.4,12.3,27.7,2.4,4.5,21.3,9.6,,0.3,0.2,0.4,.245,,2.9,7.8,10.7,0.3,2020-2021
1975,82,Paul George,SF,30,LAC,19,776,20.0,.578,.406,.412,2.6,24.4,13.6,21.8,1.3,1.3,13.2,30.5,,1.1,0.8,1.9,.116,,2.5,0.0,2.5,0.9,2020-2021
1976,83,Taj Gibson,C,35,NYK,5,138,14.4,.612,.000,.050,11.6,15.5,13.4,4.6,3.0,3.5,12.8,7.5,,0.2,0.3,0.5,.159,,-1.5,3.6,2.1,0.1,2020-2021
1977,84,Harry Giles,C,22,POR,1,4,-26.5,.000,.000,.000,59.1,28.2,43.3,0.0,0.0,0.0,75.0,45.1,,-0.1,0.0,-0.1,-1.045,,-33.2,-16.6,-49.8,0.0,2020-2021
1978,85,Anthony Gill,PF,28,WAS,4,33,-8.8,.000,.333,.000,3.2,10.3,6.6,0.0,0.0,0.0,50.0,7.6,,-0.1,0.0,-0.1,-0.209,,-13.1,-4.0,-17.1,-0.1,2020-2021
1979,86,Rudy Gobert,C,28,UTA,11,376,21.4,.736,.012,.815,13.9,27.3,20.9,3.6,0.8,5.5,13.4,15.0,,1.2,0.3,1.5,.192,,1.6,1.0,2.6,0.4,2020-2021
1980,87,Aaron Gordon,PF,25,DEN,10,299,10.5,.505,.232,.253,7.4,13.5,10.2,9.4,0.8,0.9,11.3,18.0,,0.0,0.0,0.0,-0.001,,-2.2,-1.8,-4.0,-0.2,2020-2021
1981,88,Danny Green,SF,33,PHI,8,199,13.0,.583,.771,.000,5.1,6.4,5.8,13.5,2.2,3.3,9.4,11.5,,0.3,0.3,0.6,.143,,1.4,2.0,3.5,0.3,2020-2021
1982,89,JaMychal Green,PF,30,DEN,10,190,12.8,.551,.444,.200,9.4,22.5,15.4,7.7,0.5,1.0,5.8,11.9,,0.3,0.0,0.3,.080,,-0.1,-1.2,-1.3,0.0,2020-2021
1983,90,Jeff Green,PF,34,BRK,6,148,12.3,.671,.545,.242,3.1,9.3,6.3,9.2,1.0,1.2,7.6,12.1,,0.3,0.2,0.5,.156,,1.5,1.1,2.6,0.2,2020-2021
1984,91,Josh Green,SG,20,DAL,1,4,0.0,0,0,0,0.0,0.0,0.0,0.0,0.0,0.0,0,0.0,,0.0,0.0,0.0,-0.029,,-6.2,-0.5,-6.8,0.0,2020-2021
1985,92,Blake Griffin,PF,31,BRK,12,318,14.6,.634,.456,.177,5.4,18.6,12.3,9.3,1.6,1.7,5.5,12.9,,0.7,0.5,1.2,.181,,0.9,1.6,2.4,0.4,2020-2021
1986,93,Rui Hachimura,PF,22,WAS,5,173,13.7,.708,.319,.255,3.0,20.3,11.3,4.3,0.5,0.5,8.7,13.8,,0.3,0.0,0.3,.095,,1.0,-0.2,0.8,0.1,2020-2021
1987,94,Tim Hardaway Jr.,SG,28,DAL,7,262,11.1,.551,.564,.158,2.1,8.4,5.1,5.8,0.6,0.0,5.3,19.7,,0.2,-0.1,0.2,.028,,0.3,-2.3,-1.9,0.0,2020-2021
1988,95,James Harden,PG,31,BRK,9,322,23.9,.673,.611,.574,2.5,16.4,9.8,35.1,2.3,1.7,16.1,22.7,,1.2,0.6,1.8,.263,,7.0,2.0,9.1,0.9,2020-2021
1989,96,Montrezl Harrell,C,27,LAL,4,39,22.5,.640,.000,.643,13.9,15.1,14.5,0.0,2.6,0.0,10.0,22.8,,0.1,0.1,0.2,.193,,3.7,0.4,4.1,0.1,2020-2021
1990,97,Joe Harris,SF,29,BRK,12,434,7.1,.537,.667,.033,1.3,9.3,5.5,6.0,0.5,0.4,6.7,14.0,,0.0,0.4,0.5,.053,,-1.5,-1.7,-3.2,-0.1,2020-2021
1991,98,Tobias Harris,PF,28,PHI,12,438,17.8,.561,.200,.186,2.6,22.3,12.8,14.9,1.3,0.9,7.2,24.6,,0.5,0.7,1.2,.135,,1.6,0.7,2.3,0.5,2020-2021
1992,99,Shaquille Harrison,SG,27,DEN,9,40,11.6,.846,.250,.750,0.0,24.4,11.3,9.6,3.7,7.1,48.4,11.2,,0.0,0.1,0.0,.009,,-3.6,6.3,2.6,0.0,2020-2021
1993,100,Tyler Herro,SG,21,MIA,4,93,7.9,.450,.500,.184,1.0,13.1,6.8,12.8,0.5,1.0,6.8,20.8,,-0.1,0.0,-0.1,-0.050,,-0.8,-1.3,-2.2,0.0,2020-2021
1994,101,George Hill,PG,34,PHI,12,205,8.8,.575,.442,.302,2.8,5.7,4.3,11.1,1.9,1.2,17.0,12.3,,0.1,0.3,0.4,.083,,-2.7,1.6,-1.1,0.0,2020-2021
1995,102,Solomon Hill,PF,29,ATL,14,145,1.1,.330,.750,.167,2.3,11.9,7.1,2.7,0.7,0.6,3.7,8.2,,-0.2,0.1,0.0,-0.006,,-5.5,-0.4,-5.9,-0.1,2020-2021
1996,103,Jrue Holiday,PG,30,MIL,23,912,15.2,.482,.365,.144,3.7,12.0,7.8,31.4,2.1,1.0,11.9,22.1,,0.5,1.6,2.1,.111,,1.2,1.2,2.4,1.0,2020-2021
1997,104,Rondae Hollis-Jefferson,PF,26,POR,5,36,15.1,.791,.000,.600,9.9,15.7,12.8,0.0,1.4,2.6,0.0,7.9,,0.1,0.0,0.1,.159,,0.1,-0.3,-0.2,0.0,2020-2021
1998,105,Talen Horton-Tucker,SG,20,LAL,4,48,12.9,.496,.208,.208,4.5,29.5,16.5,8.6,1.1,0.0,10.3,27.1,,-0.1,0.1,0.0,-0.002,,-2.1,0.2,-1.9,0.0,2020-2021
1999,106,Dwight Howard,C,35,PHI,12,149,16.2,.588,.033,1.333,19.9,34.9,27.6,6.9,0.6,3.3,20.1,17.2,,0.2,0.3,0.5,.171,,-2.7,0.2,-2.5,0.0,2020-2021
2000,107,Markus Howard,SG,21,DEN,9,112,8.3,.554,.703,.054,0.9,6.5,3.5,4.9,0.0,0.8,0.0,14.7,,0.1,-0.1,0.1,.023,,-1.1,-1.9,-2.9,0.0,2020-2021
2001,108,Kevin Huerter,SG,22,ATL,18,558,11.2,.531,.528,.094,2.2,11.2,6.7,13.6,1.2,2.5,9.2,16.4,,0.2,0.7,0.9,.076,,-0.2,1.3,1.2,0.4,2020-2021
2002,109,De'Andre Hunter,SF,23,ATL,5,152,7.1,.519,.356,.356,1.4,12.8,7.2,2.8,0.3,1.7,11.9,17.2,,-0.1,0.2,0.0,.012,,-2.5,-0.7,-3.2,0.0,2020-2021
2003,110,Chandler Hutchison,SF,24,WAS,2,18,6.3,.510,.000,.400,0.0,18.9,9.1,7.6,0.0,0.0,14.5,16.0,,0.0,0.0,0.0,-0.040,,-3.7,-0.2,-3.9,0.0,2020-2021
2004,111,Serge Ibaka,C,31,LAC,2,18,30.7,.644,.333,.667,6.5,19.0,12.9,17.1,2.9,16.2,11.4,22.7,,0.1,0.0,0.1,.285,,5.0,7.0,12.0,0.1,2020-2021
2005,112,Andre Iguodala,SF,37,MIA,4,71,9.5,.682,.636,.000,3.9,12.9,8.2,11.2,2.7,2.6,31.3,9.9,,0.0,0.1,0.1,.043,,-2.7,3.3,0.6,0.0,2020-2021
2006,113,Ersan İlyasova,PF,33,UTA,1,3,41.9,.694,.500,1.000,0.0,0.0,0.0,0.0,0.0,0.0,0.0,42.5,,0.0,0.0,0.0,.419,,9.5,-2.4,7.2,0.0,2020-2021
2007,114,Joe Ingles,SF,33,UTA,11,306,13.8,.661,.734,.165,0.4,12.0,6.5,17.7,1.1,0.0,9.6,13.6,,0.8,0.0,0.7,.115,,2.1,0.2,2.2,0.3,2020-2021
2008,115,Kyrie Irving,PG,28,BRK,9,325,20.0,.582,.399,.172,4.3,13.0,8.8,15.8,1.4,1.4,5.9,26.0,,0.6,0.5,1.1,.164,,4.1,-0.6,3.5,0.5,2020-2021
2009,116,Jaren Jackson Jr.,C,21,MEM,5,137,15.9,.557,.519,.296,6.7,16.7,11.3,4.8,1.8,4.7,6.2,20.0,,0.2,0.0,0.2,.076,,-0.1,-0.4,-0.4,0.1,2020-2021
2010,117,Justin Jackson,SF,25,MIL,5,15,15.8,.600,.400,.000,7.0,7.3,7.1,10.0,3.3,0.0,16.7,17.1,,0.0,0.0,0.0,.112,,1.2,2.9,4.1,0.0,2020-2021
2011,118,Reggie Jackson,SG,30,LAC,19,622,17.3,.626,.563,.163,1.3,9.7,5.6,16.9,1.5,0.5,9.4,22.3,,1.3,0.4,1.7,.129,,2.6,0.3,2.9,0.8,2020-2021
2012,119,LeBron James,PG,36,LAL,6,224,20.1,.564,.421,.202,3.4,19.0,10.8,45.2,2.1,0.9,16.8,29.7,,0.1,0.3,0.4,.092,,6.5,2.7,9.2,0.6,2020-2021
2013,120,Mike James,PG,30,BRK,9,103,6.2,.384,.372,.000,2.2,14.4,8.6,16.5,1.0,0.0,6.5,20.3,,-0.2,0.1,-0.1,-0.029,,-4.9,-0.9,-5.9,-0.1,2020-2021
2014,121,Isaiah Joe,SG,21,PHI,4,9,-0.3,.333,.667,.000,0.0,0.0,0.0,14.3,0.0,0.0,0.0,14.4,,0.0,0.0,0.0,-0.038,,-9.0,-2.2,-11.2,0.0,2020-2021
2015,122,Alize Johnson,PF,24,BRK,5,23,18.2,.571,.000,.000,15.1,46.0,31.2,0.0,6.5,0.0,30.0,19.7,,0.0,0.1,0.0,.098,,-1.3,2.3,1.0,0.0,2020-2021
2016,123,Cameron Johnson,PF,24,PHO,21,443,14.8,.693,.673,.291,4.3,11.9,8.3,5.0,2.2,0.8,10.8,14.3,,0.8,0.7,1.5,.163,,2.4,1.9,4.3,0.7,2020-2021
2017,124,Tyler Johnson,SG,28,BRK,8,69,6.6,.475,.647,.118,3.3,6.1,4.8,9.6,1.4,0.0,5.3,12.4,,0.0,0.1,0.1,.067,,-2.9,-1.0,-3.9,0.0,2020-2021
2018,125,Nikola Jokić,C,25,DEN,10,345,29.6,.591,.232,.241,11.3,28.0,19.0,27.7,0.9,2.5,8.7,34.8,,1.2,0.1,1.3,.181,,8.8,0.2,9.0,0.9,2020-2021
2019,126,Derrick Jones Jr.,SF,23,POR,2,10,5.8,.400,.400,.000,0.0,0.0,0.0,0.0,5.1,0.0,0.0,22.5,,0.0,0.0,0.0,-0.099,,-7.9,-0.7,-8.6,0.0,2020-2021
2020,127,Tyus Jones,PG,24,MEM,5,47,10.4,.419,.235,.118,2.2,15.4,8.2,16.1,1.0,0.0,0.0,16.0,,0.0,0.0,0.0,-0.011,,-2.1,-1.0,-3.2,0.0,2020-2021
2021,128,Frank Kaminsky,C,27,PHO,10,68,13.8,.490,.227,.045,3.5,18.6,11.5,29.2,1.5,4.1,15.1,17.8,,0.0,0.1,0.1,.100,,-0.5,5.4,4.9,0.1,2020-2021
2022,129,Luke Kennard,SG,24,LAC,15,219,11.0,.638,.785,.031,2.7,4.7,3.7,4.7,0.5,0.0,4.4,14.6,,0.4,0.0,0.4,.084,,1.3,-1.5,-0.2,0.1,2020-2021
2023,130,Maxi Kleber,PF,29,DAL,7,187,7.5,.559,.667,.233,3.0,13.1,7.8,7.1,0.8,0.0,2.9,8.3,,0.2,0.0,0.2,.055,,-1.9,0.2,-1.7,0.0,2020-2021
2024,131,Nathan Knight,PF,23,ATL,6,14,2.7,.254,.286,.286,0.0,46.3,23.4,0.0,0.0,12.3,0.0,24.9,,-0.1,0.0,-0.1,-0.181,,-10.4,-0.4,-10.8,0.0,2020-2021
2025,132,Kevin Knox,SF,21,NYK,1,4,43.4,1.136,0,0,0.0,28.2,13.2,34.9,0.0,24.4,0.0,9.8,,0.0,0.0,0.1,.627,,19.3,17.1,36.4,0.0,2020-2021
2026,133,John Konchar,SG,24,MEM,1,3,3.9,.000,1.000,.000,0.0,40.2,18.4,0.0,0.0,35.6,0.0,14.1,,0.0,0.0,0.0,-0.230,,-7.2,4.6,-2.6,0.0,2020-2021
2027,134,Furkan Korkmaz,SG,23,PHI,12,195,11.3,.531,.603,.192,2.3,10.9,6.8,4.9,1.7,1.3,5.9,18.6,,0.0,0.3,0.3,.076,,-1.0,0.6,-0.4,0.1,2020-2021
2028,135,Luke Kornet,C,25,BOS,2,5,27.3,.798,.000,2.000,0.0,73.5,34.7,0.0,0.0,0.0,0.0,15.9,,0.0,0.0,0.0,.212,,5.8,0.2,6.0,0.0,2020-2021
2029,136,Kyle Kuzma,SF,25,LAL,6,129,3.3,.366,.479,.188,3.4,17.4,10.1,8.9,0.8,0.8,10.4,20.0,,-0.4,0.2,-0.2,-0.086,,-5.1,-0.8,-5.9,-0.1,2020-2021
2030,137,Romeo Langford,SG,21,BOS,4,109,11.7,.533,.531,.125,5.0,5.6,5.3,6.7,1.4,1.7,2.9,13.5,,0.1,-0.1,0.0,.016,,0.6,-0.8,-0.1,0.1,2020-2021
2031,138,T.J. Leaf,PF,23,POR,3,7,41.6,.750,.000,.000,33.8,16.1,24.8,0.0,0.0,0.0,0.0,25.8,,0.1,0.0,0.0,.332,,13.2,-2.5,10.6,0.0,2020-2021
2032,139,Alex Len,C,27,WAS,5,42,15.3,.585,.000,.500,10.0,18.9,14.3,7.3,1.1,0.0,5.5,18.0,,0.1,0.0,0.1,.102,,-0.6,-1.2,-1.8,0.0,2020-2021
2033,140,Kawhi Leonard,SF,29,LAC,11,432,30.6,.679,.286,.352,6.0,16.6,11.4,20.9,2.8,2.0,8.9,29.1,,2.0,0.5,2.5,.277,,8.1,2.6,10.7,1.4,2020-2021
2034,141,Damian Lillard,PG,30,POR,6,248,30.4,.660,.582,.373,0.5,11.4,6.1,41.3,1.2,1.5,7.7,30.7,,1.5,0.0,1.5,.286,,12.2,0.0,12.2,0.8,2020-2021
2035,142,Nassir Little,PF,20,POR,3,9,5.5,.434,1.000,1.000,0.0,12.5,6.4,0.0,0.0,10.3,14.8,33.9,,0.0,0.0,0.0,-0.228,,-4.6,-3.7,-8.3,0.0,2020-2021
2036,143,Brook Lopez,C,32,MIL,23,667,16.9,.632,.332,.198,7.6,14.3,10.9,1.3,1.3,4.7,9.6,16.8,,1.1,1.3,2.4,.170,,0.6,1.5,2.1,0.7,2020-2021
2037,144,Robin Lopez,C,32,WAS,5,73,17.3,.691,.000,.160,5.7,7.8,6.7,0.0,0.0,4.4,3.6,15.9,,0.2,0.0,0.2,.106,,1.4,-1.2,0.2,0.0,2020-2021
2038,145,Timothé Luwawu-Cabarrot,SF,25,BRK,7,25,3.1,.400,.600,.000,0.0,12.7,6.6,11.1,0.0,0.0,9.1,20.0,,-0.1,0.0,0.0,-0.070,,-3.6,-2.0,-5.7,0.0,2020-2021
2039,146,Terance Mann,SG,24,LAC,19,378,14.1,.619,.356,.269,5.3,10.6,8.0,5.5,1.4,1.3,3.3,14.8,,0.8,0.2,1.0,.133,,-0.2,0.0,-0.2,0.2,2020-2021
2040,147,Boban Marjanović,C,32,DAL,4,83,20.4,.547,.000,.231,18.6,26.6,22.4,8.4,0.0,1.3,8.5,25.7,,0.2,0.0,0.2,.102,,1.8,-1.5,0.3,0.0,2020-2021
2041,148,Garrison Mathews,SG,24,WAS,3,17,-2.6,.323,1.000,1.250,0.0,13.3,6.4,0.0,0.0,0.0,0.0,15.3,,0.0,0.0,0.0,-0.110,,-11.1,-2.7,-13.7,-0.1,2020-2021
2042,149,Wesley Matthews,SG,34,LAL,6,110,6.2,.463,.758,.182,4.9,5.4,5.1,2.9,0.9,0.0,0.0,14.5,,0.0,0.1,0.1,.051,,-3.4,0.4,-3.0,0.0,2020-2021
2043,150,Tyrese Maxey,SG,20,PHI,12,156,12.7,.502,.182,.333,0.7,14.3,7.7,14.7,0.9,3.1,6.2,22.3,,0.0,0.2,0.2,.074,,-2.0,0.8,-1.2,0.0,2020-2021
2044,151,Skylar Mays,SG,23,ATL,7,17,21.6,.800,.000,.000,0.0,12.7,6.4,10.2,5.8,0.0,16.7,15.6,,0.0,0.0,0.1,.195,,0.8,6.0,6.8,0.0,2020-2021
2045,152,CJ McCollum,SG,29,POR,6,240,12.8,.518,.368,.114,3.0,14.1,8.7,17.0,0.4,1.5,9.1,24.7,,0.1,0.0,0.0,.007,,-0.4,-2.9,-3.3,-0.1,2020-2021
2046,153,JaVale McGee,C,33,DEN,4,34,12.3,.316,.200,.600,9.3,32.3,19.9,11.4,1.5,13.9,7.3,17.5,,-0.1,0.1,0.0,-0.022,,-4.5,3.5,-1.0,0.0,2020-2021
2047,154,Alfonzo McKinnie,SF,28,LAL,2,12,-10.6,.000,.667,.000,0.0,9.8,4.7,0.0,0.0,0.0,0.0,11.2,,-0.1,0.0,-0.1,-0.239,,-12.5,-3.6,-16.0,0.0,2020-2021
2048,155,Ben McLemore,SG,27,LAL,4,36,1.0,.333,.667,.000,3.0,19.7,11.0,4.2,1.4,0.0,10.0,12.4,,-0.1,0.0,0.0,-0.039,,-6.6,1.4,-5.2,0.0,2020-2021
2049,156,Nicolò Melli,PF,30,DAL,3,19,-1.4,.000,.500,.000,11.6,25.8,18.4,0.0,2.8,0.0,0.0,9.6,,-0.1,0.0,-0.1,-0.137,,-8.6,-1.4,-10.1,0.0,2020-2021
2050,157,De'Anthony Melton,PG,22,MEM,5,83,9.9,.467,.645,.161,4.9,17.4,10.7,7.6,0.6,5.1,8.3,18.4,,0.0,0.0,-0.1,-0.030,,-1.2,-1.7,-2.9,0.0,2020-2021
2051,158,Sam Merrill,SG,24,MIL,8,30,8.3,.357,.714,.000,3.5,14.6,8.9,4.2,6.6,0.0,12.5,11.4,,0.0,0.1,0.0,.062,,-5.8,5.2,-0.5,0.0,2020-2021
2052,159,Khris Middleton,SF,29,MIL,23,922,16.5,.548,.387,.215,2.8,17.7,10.1,19.6,1.9,0.4,13.0,26.4,,0.6,1.6,2.2,.115,,1.5,1.1,2.6,1.1,2020-2021
2053,160,Paul Millsap,PF,35,DEN,9,109,18.3,.520,.460,.260,8.7,29.1,18.1,20.9,1.4,5.2,12.6,25.4,,0.1,0.1,0.1,.060,,0.4,1.7,2.1,0.1,2020-2021
2054,161,Shake Milton,SG,24,PHI,12,121,4.4,.485,.404,.319,0.0,7.9,4.1,9.8,1.2,0.7,17.0,23.0,,-0.2,0.1,-0.1,-0.039,,-5.9,-1.8,-7.7,-0.2,2020-2021
2055,162,Donovan Mitchell,PG,24,UTA,10,346,26.4,.602,.489,.323,1.1,12.6,7.1,30.3,1.6,0.5,9.4,38.0,,1.2,0.0,1.2,.173,,8.2,-0.4,7.8,0.9,2020-2021
2056,163,E'Twaun Moore,SG,31,PHO,7,46,11.4,.472,.278,.000,0.0,22.9,12.1,28.8,1.1,0.0,14.3,20.8,,0.0,0.1,0.0,.034,,-2.6,1.8,-0.7,0.0,2020-2021
2057,164,Ja Morant,PG,21,MEM,5,203,21.5,.578,.274,.354,3.5,10.1,6.5,31.1,0.5,0.0,11.5,30.7,,0.5,-0.1,0.3,.074,,5.1,-2.3,2.8,0.2,2020-2021
2058,165,Juwan Morgan,PF,23,UTA,2,6,11.4,0,0,0,20.2,18.6,19.4,20.1,0.0,0.0,0,0.0,,0.0,0.0,0.0,.178,,1.0,1.7,2.7,0.0,2020-2021
2059,166,Marcus Morris,PF,31,LAC,19,604,11.6,.542,.480,.160,2.5,12.8,7.8,6.9,0.9,1.6,3.2,17.0,,0.6,0.4,0.9,.074,,-0.4,-0.8,-1.2,0.1,2020-2021
2060,167,Markieff Morris,PF,31,LAL,4,38,4.1,.387,.444,.667,11.4,0.0,5.9,11.9,0.0,2.6,14.7,16.0,,0.0,0.0,0.0,-0.025,,-5.8,-1.3,-7.1,0.0,2020-2021
2061,168,Monte Morris,PG,25,DEN,10,286,17.3,.532,.345,.250,2.6,7.3,4.7,28.1,1.7,0.7,5.2,20.7,,0.6,0.0,0.6,.101,,2.2,0.3,2.5,0.3,2020-2021
2062,169,Abdel Nader,SF,27,PHO,5,29,0.3,.333,.333,.000,0.0,18.1,9.6,0.0,0.0,0.0,0.0,9.4,,0.0,0.0,0.0,-0.027,,-6.7,-1.3,-8.0,0.0,2020-2021
2063,170,Aaron Nesmith,SF,21,BOS,5,75,3.5,.424,.778,.111,2.9,18.0,10.0,1.8,0.7,1.3,9.6,11.8,,-0.1,-0.1,-0.1,-0.082,,-4.9,-2.1,-7.0,-0.1,2020-2021
2064,171,Raul Neto,PG,28,WAS,5,112,5.5,.442,.441,.147,2.8,8.1,5.3,6.0,0.8,0.0,2.7,13.9,,0.0,0.0,-0.1,-0.023,,-3.7,-2.1,-5.8,-0.1,2020-2021
2065,172,Georges Niang,PF,27,UTA,11,129,1.6,.429,.769,.103,1.9,14.7,8.6,8.4,0.0,0.7,16.4,16.8,,-0.2,0.0,-0.3,-0.094,,-6.1,-2.2,-8.2,-0.2,2020-2021
2066,173,Zeke Nnaji,PF,20,DEN,5,18,25.7,.676,.875,.250,5.8,6.8,6.3,17.4,2.8,0.0,0.0,21.5,,0.1,0.0,0.1,.235,,10.2,2.2,12.3,0.1,2020-2021
2067,174,Nerlens Noel,C,26,NYK,5,92,12.7,.675,.000,1.600,10.9,12.2,11.5,1.6,2.2,3.2,19.0,10.1,,0.1,0.2,0.3,.158,,-3.6,3.1,-0.5,0.0,2020-2021
2068,175,Frank Ntilikina,PG,22,NYK,3,4,-10.4,.000,1.000,.000,0.0,0.0,0.0,0.0,0.0,0.0,0.0,11.1,,0.0,0.0,0.0,-0.246,,-13.7,-5.9,-19.6,0.0,2020-2021
2069,176,Kendrick Nunn,PG,25,MIA,4,93,7.5,.467,.419,.047,0.0,6.6,3.1,12.1,1.0,0.0,6.4,22.1,,-0.2,0.0,-0.1,-0.071,,-2.2,-1.6,-3.8,0.0,2020-2021
2070,177,Jusuf Nurkić,C,26,POR,6,173,17.7,.598,.091,.455,12.3,28.7,20.7,13.8,0.9,3.7,17.5,20.9,,0.3,0.1,0.4,.105,,-0.8,0.1,-0.8,0.1,2020-2021
2071,178,Jordan Nwora,SF,22,MIL,5,31,8.7,.356,.444,.389,17.0,14.1,15.6,4.4,0.0,2.9,4.5,30.5,,-0.1,0.0,0.0,-0.043,,-2.8,-5.1,-8.0,0.0,2020-2021
2072,179,Royce O'Neale,SF,27,UTA,11,404,13.1,.687,.706,.141,4.8,17.7,11.5,7.9,1.5,0.7,8.1,10.8,,0.9,0.1,1.0,.120,,1.4,1.6,3.1,0.5,2020-2021
2073,180,Semi Ojeleye,PF,26,BOS,2,12,-3.8,.102,.750,.500,0.0,0.0,0.0,0.0,4.2,7.9,0.0,17.2,,-0.1,0.0,-0.1,-0.314,,-10.9,-3.0,-13.9,0.0,2020-2021
2074,181,Onyeka Okongwu,C,20,ATL,18,166,15.8,.596,.032,.677,13.9,17.6,15.8,1.7,1.5,6.7,9.0,11.8,,0.3,0.3,0.6,.178,,-1.1,1.4,0.3,0.1,2020-2021
2075,182,KZ Okpala,PF,21,MIA,2,6,-6.6,.000,1.000,.000,0.0,0.0,0.0,0.0,0.0,0.0,0.0,7.3,,0.0,0.0,0.0,-0.203,,-9.6,-5.3,-14.8,0.0,2020-2021
2076,183,Miye Oni,SG,23,UTA,8,41,-3.6,.000,1.000,.000,8.9,0.0,4.3,0.0,1.2,0.0,0.0,5.4,,-0.1,0.0,-0.1,-0.104,,-8.8,-1.9,-10.7,-0.1,2020-2021
2077,184,Daniel Oturu,C,21,LAC,8,15,12.1,.425,.200,.400,15.7,15.2,15.4,0.0,0.0,6.5,0.0,18.3,,0.0,0.0,0.0,.056,,-3.8,-2.2,-6.0,0.0,2020-2021
2078,185,Jabari Parker,PF,25,BOS,4,59,17.0,.693,.238,.381,3.7,27.0,14.7,5.8,0.0,4.8,19.7,21.9,,0.1,0.0,0.0,.020,,-0.9,0.5,-0.4,0.0,2020-2021
2079,186,Chris Paul,PG,35,PHO,20,683,20.7,.584,.217,.217,1.6,9.4,5.7,39.5,1.7,0.4,11.6,24.8,,1.7,0.9,2.5,.178,,4.3,0.7,5.0,1.2,2020-2021
2080,187,Cameron Payne,PG,26,PHO,22,418,15.1,.510,.358,.093,1.7,12.3,7.3,25.5,2.1,2.4,10.7,24.6,,0.0,0.7,0.7,.078,,1.1,1.1,2.2,0.4,2020-2021
2081,188,Elfrid Payton,PG,26,NYK,2,13,-8.8,.085,.000,.400,0.0,0.0,0.0,10.7,3.9,0.0,0.0,20.1,,-0.1,0.0,-0.1,-0.298,,-13.1,0.0,-13.0,0.0,2020-2021
2082,189,Reggie Perry,PF,20,BRK,5,22,20.5,.615,.385,.000,21.0,9.6,15.1,8.7,2.3,0.0,18.8,33.0,,0.0,0.0,0.0,.078,,0.2,-1.1,-0.9,0.0,2020-2021
2083,190,Michael Porter Jr.,SF,22,DEN,10,332,14.9,.603,.541,.156,3.8,18.4,10.5,5.9,1.7,0.9,10.0,21.0,,0.3,0.1,0.4,.058,,0.6,-1.2,-0.6,0.1,2020-2021
2084,191,Bobby Portis,C,25,MIL,20,366,17.1,.543,.344,.166,9.5,20.0,14.6,4.8,1.9,1.7,5.3,20.0,,0.5,0.7,1.2,.159,,0.9,0.0,1.0,0.3,2020-2021
2085,192,Kristaps Porziņģis,C,25,DAL,7,233,14.9,.572,.375,.264,3.3,16.3,9.5,5.8,2.0,2.3,3.6,16.2,,0.4,0.1,0.5,.099,,0.6,0.1,0.7,0.2,2020-2021
2086,193,Dwight Powell,C,29,DAL,7,52,22.7,.893,.000,.750,10.6,18.9,14.5,16.9,2.0,0.0,8.6,10.2,,0.3,0.0,0.3,.274,,4.1,4.1,8.2,0.1,2020-2021
2087,194,Norman Powell,SF,27,POR,6,216,14.3,.608,.342,.237,1.6,5.2,3.5,8.3,1.2,2.6,7.7,19.0,,0.3,0.0,0.3,.064,,0.4,-0.7,-0.3,0.1,2020-2021
2088,195,Payton Pritchard,SG,23,BOS,5,67,10.1,.475,.588,.118,3.3,12.8,7.8,25.2,1.5,0.0,14.4,13.2,,0.0,-0.1,0.0,-0.010,,-1.4,-0.8,-2.1,0.0,2020-2021
2089,196,Immanuel Quickley,PG,21,NYK,5,77,2.4,.402,.333,.212,0.0,10.2,4.8,11.1,2.0,0.0,14.3,24.2,,-0.3,0.1,-0.2,-0.112,,-6.5,-0.1,-6.6,-0.1,2020-2021
2090,197,Julius Randle,PF,26,NYK,5,180,7.2,.425,.351,.287,6.1,29.4,17.1,19.8,0.9,0.0,17.8,31.8,,-0.7,0.3,-0.4,-0.109,,-2.8,-0.7,-3.5,-0.1,2020-2021
2091,198,Cam Reddish,SF,21,ATL,4,92,19.2,.668,.389,.139,1.2,15.3,8.3,12.6,3.2,1.9,11.6,20.8,,0.2,0.2,0.3,.173,,2.6,3.9,6.5,0.2,2020-2021
2092,199,Paul Reed,PF,21,PHI,3,11,24.5,.500,.000,.000,31.0,48.2,39.9,0.0,0.0,7.4,0.0,15.7,,0.0,0.0,0.1,.256,,2.7,-1.9,0.8,0.0,2020-2021
2093,200,Josh Richardson,SG,27,DAL,7,94,8.4,.532,.357,.321,3.5,10.4,6.8,7.6,1.1,0.0,15.8,18.3,,0.0,0.0,0.0,-0.017,,-3.6,-1.1,-4.7,-0.1,2020-2021
2094,201,Austin Rivers,SG,28,DEN,10,305,7.5,.605,.667,.232,0.3,6.4,3.1,9.0,0.3,0.9,10.6,12.1,,0.3,-0.1,0.1,.022,,-3.4,-1.0,-4.4,-0.2,2020-2021
2095,202,Duncan Robinson,SF,26,MIA,4,100,9.0,.614,.931,.345,0.0,11.2,5.4,5.0,1.5,0.0,10.7,16.4,,0.0,0.1,0.1,.045,,-1.6,0.8,-0.8,0.0,2020-2021
2096,203,Rajon Rondo,PG,34,LAC,13,220,10.6,.472,.528,.226,2.1,15.5,8.9,31.0,1.2,1.3,19.4,15.3,,0.1,0.2,0.2,.054,,-1.6,-1.1,-2.7,0.0,2020-2021
2097,204,Derrick Rose,PG,32,NYK,5,175,17.1,.551,.202,.107,2.3,10.3,6.1,29.3,0.6,0.6,8.3,24.3,,0.2,0.2,0.4,.108,,3.2,1.1,4.3,0.3,2020-2021
2098,205,Dario Šarić,C,26,PHO,14,147,15.2,.616,.400,.311,7.2,18.6,13.2,13.4,0.7,0.6,10.5,17.8,,0.3,0.2,0.5,.169,,0.5,1.2,1.7,0.1,2020-2021
2099,206,Dennis Schröder,SG,27,LAL,6,196,11.1,.528,.371,.371,0.6,10.2,5.2,15.2,1.6,0.5,10.9,20.8,,0.0,0.2,0.2,.056,,-1.6,0.7,-0.9,0.1,2020-2021
2100,207,Mike Scott,PF,32,PHI,5,34,4.9,.333,.778,.000,3.3,6.2,4.8,10.7,1.4,2.4,0.0,11.4,,0.0,0.0,0.0,.029,,-3.4,0.2,-3.2,0.0,2020-2021
2101,208,Jay Scrubb,SG,20,LAC,6,8,1.6,0,0,0,0.0,14.3,7.2,0.0,0.0,0.0,0,0.0,,0.0,0.0,0.0,.013,,-4.6,-0.4,-5.0,0.0,2020-2021
2102,209,Landry Shamet,SG,23,BRK,12,206,6.6,.579,.634,.122,1.7,9.2,5.6,4.5,1.2,0.4,12.2,10.8,,0.0,0.2,0.3,.066,,-3.2,-0.1,-3.3,-0.1,2020-2021
2103,210,Ben Simmons,PG,24,PHI,12,402,18.1,.562,.011,.768,7.1,18.5,13.0,35.7,1.8,2.0,17.5,16.5,,0.7,0.7,1.4,.173,,1.5,2.8,4.3,0.6,2020-2021
2104,211,Anfernee Simons,SG,21,POR,6,107,15.2,.780,.720,.000,3.3,13.7,8.6,6.5,0.9,0.9,3.8,11.0,,0.3,0.0,0.3,.132,,3.8,-0.2,3.6,0.2,2020-2021
2105,212,Marcus Smart,PG,26,BOS,5,183,14.8,.591,.652,.318,2.4,12.0,7.0,25.6,1.4,0.5,15.7,20.7,,0.3,-0.2,0.1,.027,,1.3,-0.6,0.7,0.1,2020-2021
2106,213,Ish Smith,PG,32,WAS,5,111,7.9,.395,.163,.000,0.9,15.3,7.8,18.0,3.0,1.5,10.4,18.1,,-0.2,0.1,-0.1,-0.059,,-3.6,0.9,-2.6,0.0,2020-2021
2107,214,Jalen Smith,PF,20,PHO,6,18,10.6,.625,.250,.000,13.1,17.5,15.5,7.5,0.0,0.0,20.0,12.7,,0.0,0.0,0.0,.108,,-1.3,0.2,-1.0,0.0,2020-2021
2108,215,Tony Snell,SG,29,ATL,9,66,-5.7,.156,.688,.000,0.0,8.2,4.1,3.9,1.5,1.3,20.0,13.4,,-0.3,0.1,-0.3,-0.200,,-9.4,-2.3,-11.7,-0.2,2020-2021
2109,216,Max Strus,SF,24,MIA,2,6,-6.6,.000,.000,.000,0.0,0.0,0.0,0.0,0.0,0.0,0.0,7.3,,0.0,0.0,0.0,-0.203,,-10.2,-6.2,-16.4,0.0,2020-2021
2110,217,Jayson Tatum,SF,22,BOS,5,185,24.1,.577,.324,.441,1.8,17.2,9.1,22.8,1.6,4.1,8.9,33.3,,0.5,-0.1,0.4,.114,,5.7,0.7,6.5,0.4,2020-2021
2111,218,Jeff Teague,PG,32,MIL,16,119,5.6,.446,.355,.355,1.8,5.5,3.6,13.8,1.2,0.0,14.3,15.1,,-0.1,0.2,0.1,.032,,-5.0,-1.3,-6.3,-0.1,2020-2021
2112,219,Matt Thomas,SG,26,UTA,3,7,-12.0,.000,.000,.000,0.0,15.9,8.3,0.0,0.0,0.0,0.0,12.7,,0.0,0.0,0.0,-0.317,,-15.3,-5.6,-20.9,0.0,2020-2021
2113,220,Tristan Thompson,C,29,BOS,5,132,22.6,.627,.000,.500,24.1,18.6,21.5,5.8,1.5,4.3,10.8,14.9,,0.4,0.0,0.4,.140,,2.3,-0.9,1.4,0.1,2020-2021
2114,221,Matisse Thybulle,SG,23,PHI,12,220,11.1,.581,.654,.096,2.1,6.3,4.2,1.8,3.5,4.1,3.6,11.0,,0.1,0.5,0.6,.126,,-2.2,4.6,2.4,0.2,2020-2021
2115,222,Xavier Tillman Sr.,PF,22,MEM,3,18,-0.9,.200,.200,.000,5.7,13.4,9.2,6.4,2.7,0.0,16.7,14.1,,-0.1,0.0,-0.1,-0.194,,-8.3,-2.7,-11.0,0.0,2020-2021
2116,223,Anthony Tolliver,PF,35,PHI,1,2,-7.3,0,0,0,0.0,0.0,0.0,0.0,0.0,0.0,0,0.0,,0.0,0.0,0.0,.037,,-16.7,0.8,-15.9,0.0,2020-2021
2117,224,Obi Toppin,PF,22,NYK,5,65,15.1,.624,.391,.261,6.2,15.6,10.6,5.8,0.0,1.5,10.5,19.5,,0.1,0.1,0.2,.120,,0.5,1.0,1.6,0.1,2020-2021
2118,225,Axel Toupane,SF,28,MIL,4,10,22.7,.625,.500,.000,21.0,21.9,21.4,0.0,0.0,0.0,0.0,17.1,,0.0,0.0,0.1,.241,,5.9,-1.2,4.8,0.0,2020-2021
2119,226,P.J. Tucker,PF,35,MIL,23,681,6.8,.491,.602,.041,7.4,10.1,8.7,4.5,1.6,0.4,9.1,6.9,,0.4,1.0,1.4,.101,,-3.4,1.7,-1.7,0.0,2020-2021
2120,227,Rayjon Tucker,PG,23,PHI,1,2,3.5,.568,0,0,0.0,0.0,0.0,0.0,0.0,0.0,0.0,18.9,,0.0,0.0,0.0,.125,,-14.1,-2.3,-16.4,0.0,2020-2021
2121,228,Jonas Valančiūnas,C,28,MEM,5,166,17.7,.610,.138,.138,12.3,21.1,16.3,10.8,0.9,1.9,14.0,18.2,,0.3,0.0,0.3,.081,,1.0,-1.2,-0.2,0.1,2020-2021
2122,229,Gabe Vincent,PG,24,MIA,3,14,12.7,.833,.667,.000,0.0,7.3,3.5,24.9,0.0,0.0,25.0,12.5,,0.0,0.0,0.0,.073,,2.3,-0.5,1.8,0.0,2020-2021
2123,230,Kemba Walker,PG,30,BOS,3,91,4.3,.419,.415,.244,0.0,16.1,7.6,20.1,0.6,0.0,15.0,24.9,,-0.2,-0.1,-0.3,-0.163,,-6.0,-3.0,-9.1,-0.2,2020-2021
2124,231,Tremont Waters,PG,23,BOS,3,6,5.4,.376,.500,.750,0.0,0.0,0.0,52.6,8.3,0.0,27.3,51.7,,-0.1,0.0,-0.1,-0.460,,-6.1,-3.0,-9.1,0.0,2020-2021
2125,232,Russell Westbrook,PG,32,WAS,5,186,15.7,.462,.238,.512,7.9,23.1,15.2,45.6,0.5,0.4,16.9,27.9,,-0.1,0.0,0.0,-0.006,,2.9,-1.2,1.7,0.2,2020-2021
2126,233,Grant Williams,PF,22,BOS,5,57,14.6,.638,.333,.250,5.8,15.0,10.1,10.1,0.9,6.6,7.0,10.6,,0.1,0.0,0.1,.084,,0.4,1.7,2.1,0.1,2020-2021
2127,234,Lou Williams,PG,34,ATL,18,277,14.7,.570,.273,.245,0.8,9.4,5.1,22.3,2.1,0.3,15.3,23.0,,0.1,0.3,0.5,.079,,0.9,1.0,1.9,0.3,2020-2021
2128,235,Robert Williams,C,23,BOS,3,46,27.2,.638,.000,.143,19.1,18.6,18.9,7.2,1.1,18.5,6.3,14.6,,0.1,0.0,0.2,.180,,3.1,4.8,7.9,0.1,2020-2021
2129,236,Justise Winslow,SF,24,MEM,1,3,14.0,0,0,0,0.0,40.2,18.4,36.2,0.0,0.0,0,0.0,,0.0,0.0,0.0,.126,,3.6,7.3,10.9,0.0,2020-2021
2130,237,Cassius Winston,PG,22,WAS,1,5,-7.3,.333,.333,.000,21.0,22.6,21.8,31.0,0.0,0.0,40.0,41.8,,-0.1,0.0,-0.1,-0.568,,-11.8,-6.3,-18.1,0.0,2020-2021
2131,238,Trae Young,PG,22,ATL,16,603,21.2,.551,.401,.373,1.3,6.8,4.1,44.8,1.6,0.0,13.3,35.4,,0.8,0.6,1.4,.114,,6.8,-0.5,6.3,1.3,2020-2021
2132,239,Ivica Zubac,C,23,LAC,17,301,17.6,.681,.000,.860,16.8,21.2,19.0,3.3,0.3,3.9,16.9,14.6,,0.8,0.3,1.1,.177,,0.2,-0.4,-0.3,0.1,2020-2021
2133,1,Precious Achiuwa,C,22,TOR,6,167,10.9,.541,.308,.192,5.4,17.1,10.7,5.7,0.3,3.3,13.8,18.2,,0.0,0.0,0.0,-0.014,,-2.4,-1.0,-3.3,-0.1,2021-2022
2134,2,Steven Adams,C,28,MEM,7,114,12.8,.464,.000,.524,13.1,29.4,20.8,17.6,0.4,0.9,13.4,10.7,,0.2,0.2,0.3,.128,,-1.6,0.5,-1.1,0.0,2021-2022
2135,3,Bam Adebayo,C,24,MIA,18,614,17.9,.638,.006,.434,6.9,21.3,13.8,12.6,1.5,2.3,15.4,17.9,,1.2,1.0,2.2,.169,,0.9,2.0,2.9,0.8,2021-2022
2136,4,Nickeil Alexander-Walker,SG,23,UTA,1,5,66.5,1.025,.000,.500,0.0,23.1,11.6,60.8,10.6,0.0,0.0,22.9,,0.1,0.0,0.1,.810,,27.8,22.3,50.1,0.1,2021-2022
2137,5,Grayson Allen,SG,26,MIL,12,305,10.3,.576,.585,.134,1.7,9.7,5.9,7.2,1.3,1.3,9.4,13.6,,0.2,0.5,0.7,.115,,-1.0,1.2,0.2,0.2,2021-2022
2138,6,Jose Alvarado,PG,23,NOP,6,117,13.3,.620,.485,.394,1.9,6.5,4.0,11.4,3.1,0.7,15.3,16.8,,0.2,0.0,0.2,.090,,-1.8,1.7,-0.1,0.1,2021-2022
2139,7,Kyle Anderson,PF,28,MEM,12,221,15.0,.611,.235,.353,4.5,21.2,12.4,13.6,2.3,3.1,14.5,12.8,,0.3,0.4,0.7,.147,,-0.7,3.5,2.8,0.3,2021-2022
2140,8,Giannis Antetokounmpo,PF,27,MIL,12,448,26.8,.552,.144,.470,6.2,31.8,19.4,36.9,0.9,3.4,13.6,38.5,,0.6,1.1,1.7,.178,,6.5,4.0,10.4,1.4,2021-2022
2141,9,Thanasis Antetokounmpo,SF,29,MIL,8,20,11.2,.579,.000,1.000,5.3,14.8,10.2,7.1,2.4,0.0,0.0,9.4,,0.0,0.0,0.1,.178,,-3.9,3.2,-0.7,0.0,2021-2022
2142,10,OG Anunoby,SF,24,TOR,6,217,15.2,.584,.500,.195,3.6,10.7,6.8,11.4,1.5,0.5,10.1,21.2,,0.3,-0.1,0.2,.051,,1.2,-0.4,0.8,0.1,2021-2022
2143,11,Deandre Ayton,C,23,PHO,13,397,23.5,.653,.024,.201,10.2,24.1,17.4,9.3,0.6,2.4,9.6,22.9,,1.2,0.2,1.4,.167,,3.4,0.2,3.6,0.6,2021-2022
2144,12,Desmond Bane,SG,23,MEM,12,428,16.0,.645,.553,.220,1.2,10.4,5.5,9.3,1.2,2.1,8.4,18.2,,0.9,0.5,1.3,.150,,2.9,0.6,3.5,0.6,2021-2022
2145,13,Dalano Banton,PG,22,TOR,4,8,46.9,.754,.000,3.000,28.1,0.0,15.4,23.4,6.6,0.0,17.7,32.7,,0.1,0.0,0.1,.373,,16.8,4.6,21.4,0.0,2021-2022
2146,14,Scottie Barnes,PF,20,TOR,4,133,16.8,.520,.286,.381,5.9,29.7,16.7,19.7,1.6,0.8,9.3,18.9,,0.2,0.0,0.2,.082,,0.7,1.0,1.7,0.1,2021-2022
2147,15,Will Barton,SG,31,DEN,5,172,9.9,.503,.424,.091,3.5,17.1,10.1,12.3,1.2,0.6,12.7,19.9,,0.0,-0.1,-0.1,-0.027,,-0.5,-2.3,-2.8,0.0,2021-2022
2148,16,Charles Bassey,C,21,PHI,3,12,14.6,.410,.000,.500,10.7,39.0,25.5,12.5,0.0,7.7,0.0,9.6,,0.0,0.0,0.0,.130,,0.2,1.6,1.8,0.0,2021-2022
2149,17,Malik Beasley,SG,25,MIN,6,119,9.0,.547,.568,.136,2.0,16.0,9.3,5.6,0.8,0.7,13.0,19.3,,-0.1,0.1,0.0,-0.001,,-1.7,-0.9,-2.6,0.0,2021-2022
2150,18,Dāvis Bertāns,PF,29,DAL,18,192,13.0,.606,.927,.218,2.4,13.7,8.0,4.9,2.2,0.9,4.7,15.6,,0.3,0.2,0.4,.112,,0.0,0.9,0.9,0.1,2021-2022
2151,19,Patrick Beverley,PG,33,MIN,6,194,11.5,.562,.531,.449,2.4,8.2,5.4,23.0,1.7,3.1,17.0,15.6,,0.2,0.2,0.3,.076,,-0.5,1.5,1.0,0.1,2021-2022
2152,20,Khem Birch,C,29,TOR,6,63,8.1,.563,.250,.000,7.1,10.8,8.8,7.2,0.8,1.7,15.8,14.0,,0.0,0.0,0.0,.003,,-5.1,-0.1,-5.2,0.0,2021-2022
2153,21,Bismack Biyombo,C,29,PHO,9,86,11.4,.636,.000,.353,11.4,14.8,13.1,8.0,0.6,2.3,23.4,13.7,,0.1,0.0,0.1,.054,,-2.8,0.5,-2.3,0.0,2021-2022
2154,22,Nemanja Bjelica,C,33,GSW,15,150,11.4,.580,.235,.206,4.6,18.2,11.6,15.3,1.3,1.3,15.9,12.9,,0.2,0.2,0.3,.107,,-2.6,1.1,-1.5,0.0,2021-2022
2155,23,Bogdan Bogdanović,SG,29,ATL,4,107,15.6,.534,.531,.204,4.4,17.3,10.7,21.2,0.5,1.0,7.0,24.7,,0.2,0.0,0.2,.090,,1.6,-0.5,1.1,0.1,2021-2022
2156,24,Bojan Bogdanović,PF,32,UTA,6,214,13.1,.590,.407,.296,1.6,11.9,6.8,8.5,0.5,0.0,11.6,22.7,,0.2,0.0,0.3,.057,,0.2,-0.7,-0.5,0.1,2021-2022
2157,25,Isaac Bonga,SF,22,TOR,1,3,30.3,1.136,0,0,0.0,45.4,20.5,0.0,0.0,0.0,0.0,13.6,,0.0,0.0,0.0,.551,,-0.1,4.4,4.3,0.0,2021-2022
2158,26,Devin Booker,SG,25,PHO,10,366,18.0,.587,.371,.303,3.3,12.0,7.8,18.7,0.7,1.1,13.9,28.9,,0.5,0.0,0.6,.072,,3.3,-1.3,1.9,0.4,2021-2022
2159,27,Chris Boucher,SF,29,TOR,6,130,24.5,.722,.357,.238,10.4,24.1,16.6,1.3,0.4,5.9,4.1,17.3,,0.5,0.0,0.6,.209,,4.8,0.4,5.3,0.2,2021-2022
2160,28,Tony Bradley,C,24,CHI,2,8,58.6,1.000,.000,.000,0.0,54.5,25.1,93.8,0.0,0.0,0.0,27.4,,0.1,0.0,0.1,.513,,25.5,10.6,36.1,0.1,2021-2022
2161,29,Mikal Bridges,SF,25,PHO,13,500,13.8,.572,.239,.217,2.9,11.3,7.3,10.2,1.4,2.5,6.8,14.9,,0.8,0.2,0.9,.091,,0.4,1.0,1.4,0.4,2021-2022
2162,30,Armoni Brooks,PG,23,TOR,4,8,-18.9,.000,1.000,.000,0.0,34.1,15.4,0.0,0.0,0.0,0.0,23.2,,-0.1,0.0,-0.1,-0.577,,-20.8,-9.5,-30.3,-0.1,2021-2022
2163,31,Dillon Brooks,SF,26,MEM,11,335,6.9,.440,.419,.145,2.4,7.3,4.7,13.8,1.5,0.9,10.7,25.1,,-0.6,0.3,-0.3,-0.036,,-3.3,-1.3,-4.6,-0.2,2021-2022
2164,32,Bruce Brown,SF,25,BRK,4,139,15.4,.676,.378,.270,5.6,12.3,8.9,11.9,1.8,2.1,17.9,16.6,,0.3,0.0,0.2,.078,,2.1,0.3,2.4,0.2,2021-2022
2165,33,Jaylen Brown,SF,25,BOS,24,920,17.2,.581,.384,.313,4.2,15.7,10.2,16.8,1.5,1.0,13.4,26.9,,0.9,1.3,2.2,.115,,1.8,0.8,2.6,1.1,2021-2022
2166,34,Sterling Brown,SG,26,DAL,9,26,20.3,.420,.400,.700,4.5,32.2,18.1,18.0,8.0,7.0,18.7,29.3,,-0.1,0.1,0.0,.001,,-0.9,7.9,7.0,0.1,2021-2022
2167,35,Troy Brown Jr.,SF,22,CHI,3,37,3.6,.353,.647,.000,2.5,20.6,10.8,13.0,2.6,0.0,15.0,23.7,,-0.2,0.1,-0.1,-0.157,,-6.2,-0.8,-7.0,0.0,2021-2022
2168,36,Jalen Brunson,SG,25,DAL,18,629,20.1,.553,.241,.289,2.8,12.9,7.8,20.0,1.2,0.1,5.1,27.8,,1.3,0.3,1.6,.123,,2.0,-0.5,1.5,0.6,2021-2022
2169,37,Reggie Bullock,SF,30,DAL,18,707,10.1,.598,.868,.119,1.3,12.5,6.8,6.3,1.6,0.1,4.8,11.2,,0.8,0.4,1.2,.081,,-0.5,0.9,0.4,0.4,2021-2022
2170,38,Trey Burke,PG,29,DAL,10,37,29.6,.649,.455,.273,0.0,9.7,4.8,23.6,1.4,0.0,3.9,32.8,,0.2,0.0,0.2,.246,,7.3,1.8,9.0,0.1,2021-2022
2171,39,Jared Butler,SG,21,UTA,1,5,-15.2,.000,.000,.000,0.0,23.1,11.6,0.0,0.0,0.0,0.0,18.7,,0.0,0.0,0.0,-0.445,,-13.3,-5.4,-18.6,0.0,2021-2022
2172,40,Jimmy Butler,SF,32,MIA,17,629,29.9,.604,.207,.402,7.4,16.3,11.7,23.5,2.8,1.9,6.1,29.1,,2.7,1.1,3.8,.291,,8.3,3.5,11.8,2.2,2021-2022
2173,41,Facundo Campazzo,PG,30,DEN,4,13,-10.5,.000,1.000,.000,0.0,29.5,14.3,18.7,0.0,0.0,50.0,13.4,,-0.1,0.0,-0.1,-0.323,,-15.7,-3.6,-19.4,-0.1,2021-2022
2174,42,Vlatko Čančar,PF,24,DEN,2,9,13.1,.833,.667,.000,0.0,28.4,13.7,18.6,0.0,0.0,40.0,24.2,,0.0,0.0,0.0,-0.100,,1.9,-1.3,0.6,0.0,2021-2022
2175,43,Clint Capela,C,27,ATL,2,40,7.8,.333,.000,.000,11.9,33.8,22.7,0.0,1.3,2.5,14.3,8.1,,0.0,0.0,0.0,.021,,-2.2,-1.0,-3.1,0.0,2021-2022
2176,44,Jevon Carter,PG,26,MIL,11,126,8.6,.578,.368,.105,2.5,10.2,6.5,10.9,3.1,0.0,23.2,8.9,,0.0,0.3,0.3,.109,,-4.2,3.0,-1.2,0.0,2021-2022
2177,45,Alex Caruso,SG,27,CHI,4,113,12.4,.543,.783,.000,1.6,8.7,4.9,22.2,2.1,3.5,4.2,9.3,,0.1,0.2,0.3,.128,,-0.6,3.9,3.3,0.2,2021-2022
2178,46,Marquese Chriss,PF,24,DAL,8,30,19.0,.658,.250,.750,15.5,19.9,17.7,0.0,0.0,0.0,8.6,18.4,,0.1,0.0,0.1,.198,,1.3,-2.4,-1.1,0.0,2021-2022
2179,47,Brandon Clarke,PF,25,MEM,12,296,22.4,.645,.011,.593,12.5,17.3,14.8,12.7,1.4,3.3,9.5,17.5,,1.0,0.4,1.4,.226,,3.5,1.4,4.8,0.5,2021-2022
2180,48,Jordan Clarkson,SG,29,UTA,6,170,19.8,.649,.329,.247,3.4,9.5,6.5,9.5,0.9,0.7,11.0,25.0,,0.4,0.1,0.5,.133,,3.6,0.7,4.3,0.3,2021-2022
2181,49,Nic Claxton,C,22,BRK,4,98,24.1,.624,.000,.917,9.3,24.2,16.7,9.8,2.6,8.9,5.6,16.7,,0.2,0.1,0.3,.143,,4.4,2.3,6.6,0.2,2021-2022
2182,50,John Collins,PF,24,ATL,5,122,10.7,.541,.282,.256,1.9,21.2,11.4,8.8,0.8,0.8,10.3,18.3,,0.0,0.1,0.1,.034,,-0.8,0.0,-0.9,0.0,2021-2022
2183,51,Mike Conley,PG,34,UTA,6,174,8.2,.432,.439,.263,1.3,11.3,6.4,26.9,1.5,1.4,17.0,20.6,,-0.2,0.1,-0.1,-0.037,,-3.3,-0.6,-3.9,-0.1,2021-2022
2184,52,Pat Connaughton,SF,29,MIL,12,318,12.2,.632,.727,.057,1.0,14.9,8.2,5.2,0.8,1.3,7.2,13.2,,0.4,0.6,1.0,.144,,1.0,1.2,2.2,0.3,2021-2022
2185,53,DeMarcus Cousins,C,31,DEN,5,57,32.9,.744,.207,.517,6.3,31.4,18.4,21.6,2.6,1.8,16.4,32.5,,0.2,0.0,0.3,.216,,8.2,3.5,11.8,0.2,2021-2022
2186,54,Torrey Craig,SF,31,PHO,9,69,10.7,.437,.455,.091,8.9,16.7,12.9,9.8,3.0,2.8,14.9,17.9,,-0.1,0.1,0.0,.000,,-1.2,1.4,0.3,0.0,2021-2022
2187,55,Jae Crowder,PF,31,PHO,13,383,9.8,.524,.600,.248,2.6,16.0,9.5,10.8,1.8,1.8,14.0,16.3,,0.0,0.2,0.2,.029,,-2.2,1.4,-0.9,0.1,2021-2022
2188,56,Jarrett Culver,SG,22,MEM,3,22,3.6,.322,.200,.200,9.1,25.4,16.8,6.6,4.3,0.0,15.5,24.0,,-0.1,0.0,-0.1,-0.111,,-12.4,0.8,-11.5,-0.1,2021-2022
2189,57,Seth Curry,SG,31,BRK,4,132,16.4,.719,.590,.077,2.0,8.0,4.9,14.0,0.4,2.2,6.9,15.1,,0.4,-0.1,0.3,.120,,4.0,-1.0,3.0,0.2,2021-2022
2190,58,Stephen Curry,PG,33,GSW,22,764,24.4,.606,.520,.293,1.7,14.9,8.4,28.3,1.9,1.1,10.3,31.8,,2.4,0.9,3.2,.203,,6.7,1.1,7.7,1.9,2021-2022
2191,59,Dewayne Dedmon,C,32,MIA,14,138,11.2,.527,.222,.267,12.4,23.9,17.9,5.7,0.4,2.4,12.2,18.5,,0.1,0.2,0.3,.104,,-5.8,-0.4,-6.2,-0.1,2021-2022
2192,60,DeMar DeRozan,PF,32,CHI,5,203,13.4,.481,.095,.316,0.5,14.0,6.7,20.9,2.1,1.0,9.2,25.7,,-0.2,0.3,0.1,.019,,-1.3,0.5,-0.8,0.1,2021-2022
2193,61,Gorgui Dieng,C,32,ATL,2,10,15.4,.615,.500,.500,11.9,24.6,18.1,0.0,0.0,0.0,0.0,11.2,,0.0,0.0,0.0,.149,,1.9,-3.2,-1.3,0.0,2021-2022
2194,62,Spencer Dinwiddie,PG,28,DAL,18,501,16.6,.576,.500,.349,1.9,8.6,5.2,21.8,1.6,1.1,11.6,23.7,,0.8,0.2,1.1,.101,,1.8,-0.5,1.3,0.4,2021-2022
2195,63,Luka Dončić,PG,22,DAL,15,552,28.6,.577,.420,.384,2.1,29.7,15.7,37.3,2.5,1.5,12.5,40.4,,1.1,0.8,1.9,.164,,6.8,2.5,9.3,1.6,2021-2022
2196,64,Ayo Dosunmu,SG,22,CHI,5,86,6.0,.378,.500,.038,4.3,11.4,7.6,19.2,0.6,0.0,10.2,15.0,,-0.1,0.1,-0.1,-0.029,,-3.9,-1.4,-5.3,-0.1,2021-2022
2197,65,Goran Dragić,PG,35,BRK,4,79,19.3,.639,.375,.063,9.9,20.0,14.9,12.9,1.9,0.0,13.2,22.0,,0.2,0.0,0.2,.106,,1.1,-0.1,1.1,0.1,2021-2022
2198,66,Andre Drummond,C,28,BRK,4,60,10.0,.568,.000,.455,6.5,19.7,13.1,7.0,4.3,4.8,31.3,14.7,,-0.1,0.1,0.0,-0.012,,-4.9,1.7,-3.2,0.0,2021-2022
2199,67,Kevin Durant,PF,33,BRK,4,176,13.6,.526,.253,.458,1.5,15.7,8.5,22.3,1.2,0.5,17.4,31.5,,0.0,-0.1,-0.1,-0.026,,0.4,-3.3,-2.9,0.0,2021-2022
2200,68,Anthony Edwards,SG,20,MIN,6,227,17.8,.604,.518,.309,2.1,9.8,6.1,14.8,1.4,2.6,10.7,26.4,,0.3,0.2,0.5,.102,,3.2,0.2,3.5,0.3,2021-2022
2201,69,Kessler Edwards,SF,21,BRK,2,7,-2.2,0,0,0,0.0,0.0,0.0,17.5,7.3,0.0,100.0,6.6,,0.0,0.0,0.0,-0.104,,-10.8,6.4,-4.4,0.0,2021-2022
2202,70,Joel Embiid,C,27,PHI,10,385,19.1,.590,.205,.553,7.0,26.2,17.0,9.9,0.5,1.9,13.8,28.4,,0.5,0.4,0.9,.117,,1.1,-1.0,0.1,0.2,2021-2022
2203,71,Dorian Finney-Smith,PF,28,DAL,18,688,12.6,.630,.688,.153,5.4,11.6,8.5,7.8,1.3,0.9,9.7,12.8,,1.2,0.3,1.5,.106,,0.5,0.5,1.0,0.5,2021-2022
2204,72,Malik Fitts,PF,24,BOS,9,16,20.2,1.000,.500,.000,0.0,13.6,7.0,0.0,0.0,0.0,0.0,11.3,,0.1,0.0,0.1,.201,,6.9,1.5,8.3,0.0,2021-2022
2205,73,Malachi Flynn,PG,23,TOR,6,36,-5.7,.000,.429,.000,6.2,3.8,5.1,10.6,1.5,0.0,12.5,10.3,,-0.1,0.0,-0.2,-0.219,,-11.5,-2.9,-14.4,-0.1,2021-2022
2206,74,Bryn Forbes,SG,28,DEN,5,76,7.8,.581,.733,.333,1.6,3.4,2.4,12.4,0.7,0.0,10.4,11.0,,0.1,-0.1,0.0,.028,,-0.8,-1.9,-2.8,0.0,2021-2022
2207,75,Danilo Gallinari,PF,33,ATL,5,112,10.8,.512,.333,.244,2.1,20.9,11.3,6.4,0.5,0.0,9.1,22.5,,0.0,0.0,0.0,.011,,-0.6,-1.3,-1.8,0.0,2021-2022
2208,76,Rudy Gobert,C,29,UTA,6,197,19.4,.688,.000,1.333,12.5,34.1,23.3,2.4,0.3,3.8,13.3,14.3,,0.6,0.2,0.7,.182,,2.2,0.1,2.3,0.2,2021-2022
2209,77,Aaron Gordon,PF,26,DEN,5,160,15.7,.520,.278,.519,13.5,14.4,13.9,12.0,0.6,3.9,10.8,20.2,,0.3,0.0,0.2,.063,,0.9,-2.2,-1.3,0.0,2021-2022
2210,78,Devonte' Graham,PG,26,NOP,6,60,11.5,.558,.778,.444,3.7,14.7,8.9,9.4,0.9,1.4,15.7,18.3,,0.1,0.0,0.1,.049,,-0.2,-1.0,-1.1,0.0,2021-2022
2211,79,Danny Green,SF,34,PHI,12,319,9.9,.576,.854,.011,3.6,10.3,7.1,4.9,2.0,1.2,12.7,15.1,,0.0,0.3,0.3,.049,,0.4,0.9,1.3,0.3,2021-2022
2212,80,Draymond Green,PF,31,GSW,22,703,12.3,.534,.271,.326,4.3,20.6,12.7,25.7,1.8,3.2,26.4,14.0,,0.4,1.0,1.4,.094,,-2.0,2.9,0.9,0.5,2021-2022
2213,81,JaMychal Green,PF,31,DEN,5,69,6.7,.524,.313,.438,5.2,16.7,10.8,3.9,0.0,1.5,9.5,13.3,,0.1,0.0,0.0,.012,,-4.4,-2.7,-7.1,-0.1,2021-2022
2214,82,Javonte Green,SF,28,CHI,5,72,4.1,.196,.353,.118,10.3,10.6,10.4,3.9,6.0,0.0,18.3,13.3,,-0.3,0.2,-0.1,-0.075,,-7.8,1.5,-6.3,-0.1,2021-2022
2215,83,Jeff Green,PF,35,DEN,5,113,7.6,.495,.471,.294,7.4,12.4,9.9,2.3,1.3,1.9,9.4,8.2,,0.1,0.0,0.0,.012,,-1.4,-1.9,-3.3,0.0,2021-2022
2216,84,Josh Green,SG,21,DAL,16,121,4.0,.365,.786,.286,1.0,10.9,5.8,8.4,2.1,0.0,0.0,12.3,,-0.1,0.1,-0.1,-0.021,,-5.3,0.3,-5.0,-0.1,2021-2022
2217,85,Blake Griffin,C,32,BRK,2,25,15.5,.508,.714,.286,10.4,10.5,10.4,21.7,2.0,3.9,11.3,16.3,,0.1,0.0,0.1,.099,,2.9,1.0,3.9,0.0,2021-2022
2218,86,James Harden,PG,32,PHI,12,479,16.8,.584,.481,.475,3.0,13.9,8.7,34.8,1.0,1.5,20.7,23.7,,0.7,0.4,1.1,.112,,2.5,-0.6,1.9,0.5,2021-2022
2219,87,Tobias Harris,PF,29,PHI,12,466,16.2,.591,.352,.136,2.8,20.4,12.0,13.0,1.5,2.0,9.5,19.1,,0.7,0.5,1.2,.122,,1.6,1.4,3.0,0.6,2021-2022
2220,88,Sam Hauser,SF,24,BOS,7,15,11.4,.512,.750,.500,0.0,7.3,3.8,19.1,0.0,0.0,0.0,14.6,,0.0,0.0,0.0,.135,,1.5,0.4,1.9,0.0,2021-2022
2221,89,Jaxson Hayes,C,21,NOP,6,83,11.9,.586,.120,.440,5.3,16.7,10.7,1.9,0.0,2.1,11.8,17.5,,0.1,0.0,0.1,.044,,-3.0,-1.9,-4.9,-0.1,2021-2022
2222,90,Juancho Hernangómez,PF,26,UTA,6,56,7.3,.389,.667,.000,4.2,20.7,12.5,14.0,1.9,0.0,10.0,16.7,,-0.1,0.0,0.0,-0.026,,-0.5,0.9,0.4,0.0,2021-2022
2223,91,Willy Hernangómez,C,27,NOP,1,2,13.0,.250,.250,.000,100.0,0.0,59.0,0.0,0.0,0.0,0.0,86.1,,0.0,0.0,0.0,-0.383,,-13.3,-34.4,-47.7,0.0,2021-2022
2224,92,Tyler Herro,SG,22,MIA,15,381,12.6,.490,.387,.149,2.1,16.3,9.0,18.5,1.2,1.7,12.3,25.7,,-0.3,0.5,0.2,.030,,-0.5,-0.5,-1.0,0.1,2021-2022
2225,93,Haywood Highsmith,SF,25,MIA,8,31,8.3,.643,.714,.000,7.3,11.8,9.5,13.9,0.0,0.0,30.0,14.4,,0.0,0.0,0.0,.044,,-0.2,0.6,0.4,0.0,2021-2022
2226,94,George Hill,PG,35,MIL,5,76,0.5,.425,.400,.400,1.4,6.5,4.0,5.0,0.0,0.0,14.5,3.9,,0.0,0.1,0.1,.056,,-7.3,-0.7,-8.0,-0.1,2021-2022
2227,95,Aaron Holiday,PG,25,PHO,6,20,63.8,.727,.500,.071,18.4,0.0,8.9,98.4,7.7,4.9,0.0,33.2,,0.3,0.0,0.3,.819,,35.3,14.2,49.5,0.3,2021-2022
2228,96,Jrue Holiday,PG,31,MIL,12,463,13.8,.461,.336,.132,2.8,11.8,7.4,27.6,2.2,1.5,12.0,26.4,,-0.4,1.0,0.6,.058,,0.9,0.7,1.6,0.4,2021-2022
2229,97,Al Horford,C,35,BOS,23,815,16.6,.663,.508,.187,5.0,23.9,14.8,14.6,1.2,3.5,12.2,13.1,,1.7,1.5,3.2,.187,,2.2,3.8,6.0,1.7,2021-2022
2230,98,Danuel House Jr.,SF,28,UTA,6,112,5.2,.509,.455,.364,2.1,15.5,8.8,5.5,0.0,1.1,19.0,13.2,,-0.1,0.0,-0.1,-0.027,,-2.7,-0.7,-3.4,0.0,2021-2022
2231,99,Kevin Huerter,SF,23,ATL,5,154,7.7,.472,.660,.085,0.8,11.2,5.9,20.3,2.0,2.0,18.4,17.9,,-0.2,0.1,-0.1,-0.017,,-1.9,1.1,-0.8,0.0,2021-2022
2232,100,De'Andre Hunter,SF,24,ATL,5,175,16.8,.673,.371,.286,1.4,12.0,6.6,3.5,1.2,0.6,12.2,23.6,,0.3,0.1,0.4,.108,,2.1,0.8,2.9,0.2,2021-2022
2233,101,Bones Hyland,SG,21,DEN,5,87,13.6,.546,.639,.389,1.4,13.2,7.1,27.4,0.6,0.0,12.5,24.1,,0.2,-0.1,0.1,.058,,0.9,-2.1,-1.1,0.0,2021-2022
2234,102,Serge Ibaka,C,32,MIL,6,22,-3.9,.267,.188,.125,9.7,36.0,23.3,0.0,0.0,0.0,10.6,37.2,,-0.2,0.0,-0.2,-0.355,,-13.3,-7.7,-21.1,-0.1,2021-2022
2235,103,Andre Iguodala,SF,38,GSW,7,61,8.0,.533,.333,.333,5.7,7.2,6.4,24.7,0.0,3.3,27.9,10.3,,0.1,0.0,0.1,.077,,-2.7,0.5,-2.2,0.0,2021-2022
2236,104,Brandon Ingram,SF,24,NOP,6,236,21.3,.584,.229,.398,1.9,17.7,9.3,27.3,0.9,0.7,14.2,29.5,,0.6,0.0,0.6,.120,,4.5,-0.5,3.9,0.4,2021-2022
2237,105,Kyrie Irving,PG,29,BRK,4,170,19.2,.588,.333,.333,4.6,11.6,8.1,18.9,2.1,2.8,11.1,21.9,,0.4,0.0,0.4,.115,,3.4,-0.7,2.8,0.2,2021-2022
2238,106,Jaren Jackson Jr.,PF,22,MEM,12,332,15.9,.516,.462,.340,7.8,18.5,12.9,5.1,1.3,8.9,8.7,24.2,,0.2,0.6,0.8,.111,,-0.4,1.2,0.7,0.2,2021-2022
2239,107,Isaiah Joe,SG,22,PHI,7,15,-4.6,.500,.600,.000,0.0,15.6,8.2,0.0,0.0,0.0,37.5,25.1,,-0.1,0.0,-0.1,-0.289,,-10.4,-4.6,-15.0,0.0,2021-2022
2240,108,Cameron Johnson,PF,25,PHO,13,320,13.8,.619,.596,.323,3.4,13.3,8.5,8.8,0.8,0.3,9.6,18.0,,0.6,0.0,0.6,.094,,0.9,-0.5,0.4,0.2,2021-2022
2241,109,Jalen Johnson,PF,20,ATL,2,9,-20.1,.000,.333,.000,0.0,0.0,0.0,0.0,0.0,0.0,25.0,20.5,,-0.1,0.0,-0.1,-0.545,,-17.0,-8.3,-25.2,-0.1,2021-2022
2242,110,Nikola Jokić,C,26,DEN,5,171,33.1,.643,.170,.311,11.9,36.6,23.9,36.5,2.3,3.1,16.6,36.8,,0.6,0.1,0.7,.202,,8.1,2.5,10.7,0.6,2021-2022
2243,111,Derrick Jones Jr.,PF,24,CHI,5,59,6.0,.519,.647,.176,4.7,7.4,5.9,5.3,0.8,0.0,14.1,15.8,,0.0,0.0,0.0,.002,,-4.7,-1.1,-5.8,-0.1,2021-2022
2244,112,Herbert Jones,PF,23,NOP,6,226,11.6,.596,.273,.500,3.9,6.7,5.2,6.8,2.5,1.9,13.0,11.7,,0.3,0.1,0.4,.077,,-1.1,1.5,0.4,0.1,2021-2022
2245,113,Tyus Jones,PG,25,MEM,12,262,16.2,.521,.455,.152,1.5,14.9,7.8,30.3,2.5,0.7,11.0,18.5,,0.4,0.4,0.7,.134,,1.1,1.9,3.0,0.3,2021-2022
2246,114,DeAndre Jordan,C,33,PHI,3,31,15.7,1.000,.000,.000,4.1,22.7,13.8,5.5,0.0,6.0,28.6,10.6,,0.1,0.0,0.1,.136,,-1.3,2.3,1.0,0.0,2021-2022
2247,115,Maxi Kleber,PF,30,DAL,18,457,14.0,.681,.736,.198,3.8,17.5,10.6,6.9,0.5,3.0,8.7,13.1,,1.0,0.3,1.2,.131,,0.9,1.3,2.2,0.5,2021-2022
2248,116,Kevin Knox,SF,22,ATL,2,9,86.7,.926,.909,.182,0.0,27.4,13.4,0.0,11.2,0.0,20.2,76.1,,0.2,0.0,0.2,1.240,,47.5,15.1,62.6,0.2,2021-2022
2249,117,John Konchar,SG,25,MEM,8,56,9.5,.379,.545,.182,5.3,31.9,17.9,11.5,2.5,1.7,7.8,9.4,,0.0,0.1,0.1,.100,,-4.1,2.8,-1.3,0.0,2021-2022
2250,118,Furkan Korkmaz,SG,24,PHI,9,61,14.8,.586,.435,.087,2.1,21.1,12.1,11.5,0.9,1.5,7.7,19.9,,0.1,0.1,0.1,.107,,1.1,1.5,2.6,0.1,2021-2022
2251,119,Luke Kornet,C,26,BOS,9,19,15.9,.875,.250,.000,6.1,22.9,14.8,8.7,0.0,0.0,20.0,11.8,,0.0,0.0,0.1,.163,,1.9,1.9,3.8,0.0,2021-2022
2252,120,Jonathan Kuminga,SF,19,GSW,16,138,16.1,.581,.217,.433,3.3,18.2,11.0,9.0,1.1,1.5,13.3,26.2,,0.1,0.1,0.2,.080,,-1.3,-0.7,-2.0,0.0,2021-2022
2253,121,Zach LaVine,SG,26,CHI,4,153,13.8,.553,.381,.238,0.0,15.0,6.9,27.0,0.9,0.6,14.7,23.4,,0.0,0.2,0.1,.045,,1.3,0.6,1.8,0.1,2021-2022
2254,122,Damion Lee,SG,29,GSW,16,124,5.8,.453,.471,.088,4.7,18.5,11.8,7.5,0.4,0.0,14.5,14.6,,-0.1,0.1,0.0,-0.005,,-4.1,-1.1,-5.2,-0.1,2021-2022
2255,123,Kevon Looney,C,25,GSW,22,448,18.3,.662,.000,.205,16.2,25.6,21.0,14.6,1.0,2.2,16.5,11.3,,1.3,0.6,1.9,.205,,1.1,2.0,3.1,0.6,2021-2022
2256,124,Brook Lopez,C,33,MIL,12,332,15.0,.566,.275,.225,8.6,13.1,11.0,3.7,0.9,5.5,8.9,16.1,,0.4,0.7,1.1,.159,,-0.4,1.4,1.0,0.2,2021-2022
2257,125,Kyle Lowry,PG,35,MIA,10,295,7.8,.413,.628,.221,1.2,13.7,7.2,22.5,2.1,2.6,16.8,17.1,,-0.4,0.5,0.1,.018,,-3.4,0.7,-2.7,0.0,2021-2022
2258,126,Timothé Luwawu-Cabarrot,SF,26,ATL,4,22,3.9,.625,.750,.000,0.0,16.8,8.2,14.5,0.0,0.0,20.0,10.5,,0.0,0.0,0.0,.037,,-5.5,1.0,-4.5,0.0,2021-2022
2259,127,Boban Marjanović,C,33,DAL,3,6,5.4,.410,.000,.500,0.0,59.8,29.4,0.0,8.6,0.0,29.1,54.3,,-0.1,0.0,-0.1,-0.456,,-15.9,-0.4,-16.3,0.0,2021-2022
2260,128,Naji Marshall,SF,24,NOP,6,56,15.0,.765,.000,.400,5.9,6.8,6.3,13.0,0.9,1.5,20.3,11.3,,0.1,0.0,0.1,.113,,1.4,1.6,3.0,0.1,2021-2022
2261,129,Caleb Martin,SF,26,MIA,17,209,9.3,.460,.413,.075,6.5,14.6,10.4,3.7,2.4,1.0,10.8,19.7,,-0.3,0.3,0.1,.016,,-2.4,0.1,-2.3,0.0,2021-2022
2262,130,Wesley Matthews,SG,35,MIL,12,345,7.3,.544,.703,.141,2.8,8.0,5.5,5.6,1.3,0.9,8.1,9.3,,0.2,0.6,0.8,.105,,-2.1,1.8,-0.3,0.1,2021-2022
2263,131,Tyrese Maxey,PG,21,PHI,12,485,16.9,.610,.379,.275,1.6,8.7,5.3,17.0,1.0,0.4,9.3,21.8,,1.1,0.2,1.3,.132,,2.4,-0.3,2.1,0.5,2021-2022
2264,132,Skylar Mays,SG,24,ATL,2,9,18.6,1.000,.000,.000,0.0,13.7,6.7,18.3,5.6,0.0,0.0,5.1,,0.0,0.0,0.0,.240,,0.1,8.1,8.2,0.0,2021-2022
2265,133,CJ McCollum,PG,30,NOP,6,234,15.5,.487,.408,.208,5.2,15.7,10.1,20.5,0.9,1.8,9.9,27.9,,0.2,0.0,0.2,.047,,2.6,-2.0,0.6,0.2,2021-2022
2266,134,Jaden McDaniels,PF,21,MIN,6,130,15.3,.713,.588,.353,4.5,9.7,7.3,5.0,0.7,7.2,13.3,14.9,,0.2,0.1,0.4,.130,,1.8,2.3,4.1,0.2,2021-2022
2267,135,JaVale McGee,C,34,PHO,12,133,26.3,.727,.020,.260,14.7,27.8,21.4,8.9,1.2,3.6,13.9,22.4,,0.5,0.1,0.6,.226,,2.1,1.5,3.5,0.2,2021-2022
2268,136,Jordan McLaughlin,PG,25,MIN,5,83,21.0,.826,.412,.235,0.0,15.3,8.0,33.4,2.8,0.0,9.6,10.7,,0.3,0.1,0.4,.252,,3.4,4.4,7.7,0.2,2021-2022
2269,137,De'Anthony Melton,SG,23,MEM,10,170,8.5,.419,.677,.062,5.3,14.4,9.6,13.4,2.8,2.9,17.3,19.4,,-0.3,0.3,0.0,-0.014,,-2.8,0.3,-2.4,0.0,2021-2022
2270,138,Khris Middleton,SF,30,MIL,2,72,10.5,.573,.583,.125,1.5,12.4,7.1,29.3,2.0,0.0,30.3,21.8,,-0.1,0.1,0.1,.035,,-0.9,1.9,0.9,0.1,2021-2022
2271,139,Patty Mills,SG,33,BRK,4,72,10.7,.781,.813,.000,0.0,7.3,3.6,0.0,0.0,1.3,5.9,10.8,,0.1,-0.1,0.1,.046,,2.3,-1.7,0.6,0.0,2021-2022
2272,140,Paul Millsap,C,36,PHI,1,6,5.0,0,0,0,0.0,19.5,10.2,22.2,0.0,0.0,0,0.0,,0.0,0.0,0.0,.111,,-3.3,4.4,1.1,0.0,2021-2022
2273,141,Shake Milton,SG,25,PHI,12,158,15.4,.641,.395,.526,3.3,11.1,7.4,10.9,2.0,1.8,9.7,15.4,,0.4,0.2,0.5,.153,,1.5,2.3,3.7,0.2,2021-2022
2274,142,Donovan Mitchell,SG,25,UTA,6,229,19.0,.505,.361,.316,3.1,10.1,6.6,29.8,0.9,1.6,9.6,34.3,,0.2,0.1,0.3,.054,,3.9,-1.1,2.8,0.3,2021-2022
2275,143,Greg Monroe,C,31,MIN,2,7,21.5,.400,.000,.000,16.8,15.1,15.9,30.3,13.4,0.0,16.7,36.7,,0.0,0.0,0.0,-0.033,,-2.4,5.9,3.5,0.0,2021-2022
2276,144,Moses Moody,SG,19,GSW,13,105,14.0,.669,.464,.214,2.2,6.2,4.3,5.3,1.4,2.9,8.9,14.1,,0.2,0.1,0.3,.119,,1.4,0.4,1.7,0.1,2021-2022
2277,145,Ja Morant,PG,22,MEM,9,338,24.3,.549,.272,.473,3.8,19.5,11.2,44.2,2.5,1.2,12.6,30.8,,0.8,0.5,1.3,.191,,6.0,2.4,8.4,0.9,2021-2022
2278,146,Juwan Morgan,PF,24,BOS,9,15,4.1,.266,1.000,2.000,15.6,7.3,11.3,0.0,0.0,0.0,0.0,5.6,,0.0,0.0,0.0,.050,,-4.3,-2.7,-6.9,0.0,2021-2022
2279,147,Markieff Morris,PF,32,MIA,1,3,-39.3,.000,.000,.000,0.0,40.7,19.6,0.0,0.0,0.0,50.0,29.7,,-0.1,0.0,0.0,-0.772,,-33.7,-6.6,-40.3,0.0,2021-2022
2280,148,Monte Morris,PG,26,DEN,5,156,16.1,.622,.510,.235,0.8,8.2,4.4,26.2,1.9,0.0,12.4,17.9,,0.4,-0.1,0.3,.101,,2.2,-0.2,2.0,0.2,2021-2022
2281,149,Trey Murphy III,SF,21,NOP,6,120,10.2,.640,.864,.227,2.8,12.6,7.4,3.4,1.3,0.7,4.0,9.0,,0.2,0.0,0.2,.090,,0.5,0.1,0.5,0.1,2021-2022
2282,150,Svi Mykhailiuk,SF,24,TOR,3,5,-9.0,.205,1.000,.500,0.0,27.3,12.3,0.0,0.0,0.0,0.0,22.6,,0.0,0.0,0.0,-0.307,,-16.4,-5.0,-21.4,0.0,2021-2022
2283,151,Larry Nance Jr.,PF,29,NOP,6,130,20.7,.627,.231,.282,16.2,15.5,15.9,13.2,1.2,1.3,12.0,16.5,,0.4,0.0,0.4,.162,,2.9,0.3,3.2,0.2,2021-2022
2284,152,Aaron Nesmith,SF,22,BOS,15,52,8.9,.320,.647,.235,9.0,23.0,16.2,8.4,1.9,7.0,5.1,17.1,,-0.1,0.1,0.0,.026,,-4.5,2.7,-1.7,0.0,2021-2022
2285,153,Georges Niang,PF,28,PHI,12,198,7.1,.593,.896,.042,2.6,8.3,5.6,8.5,0.8,0.0,12.5,13.3,,0.1,0.1,0.2,.053,,-1.8,-0.4,-2.2,0.0,2021-2022
2286,154,Zeke Nnaji,PF,21,DEN,2,9,10.8,1.500,1.000,.000,0.0,0.0,0.0,0.0,0.0,0.0,0.0,4.8,,0.0,0.0,0.0,.082,,1.2,-1.0,0.2,0.0,2021-2022
2287,155,Jaylen Nowell,SG,22,MIN,1,12,1.6,.300,.500,.000,0.0,0.0,0.0,16.4,3.9,0.0,0.0,35.7,,-0.1,0.0,-0.1,-0.293,,-5.8,-3.8,-9.6,0.0,2021-2022
2288,156,Frank Ntilikina,SG,23,DAL,12,125,5.7,.471,.833,.042,1.9,9.6,5.7,10.4,3.3,0.7,19.7,11.5,,-0.1,0.1,0.0,.007,,-5.7,2.0,-3.7,-0.1,2021-2022
2289,157,Jordan Nwora,SF,23,MIL,8,20,-3.2,.202,.444,.222,0.0,14.8,7.7,14.2,0.0,0.0,0.0,21.4,,-0.1,0.0,-0.1,-0.206,,-8.2,-2.9,-11.1,0.0,2021-2022
2290,158,Royce O'Neale,SF,28,UTA,6,188,8.0,.516,.714,.057,3.7,17.2,10.5,7.3,0.8,0.7,7.7,9.7,,0.1,0.1,0.2,.049,,-0.9,1.0,0.1,0.1,2021-2022
2291,159,Josh Okogie,SG,23,MIN,1,2,0.0,0,0,0,0.0,0.0,0.0,0.0,0.0,0.0,0,0.0,,0.0,0.0,0.0,-0.010,,-2.6,-2.3,-4.8,0.0,2021-2022
2292,160,Onyeka Okongwu,C,21,ATL,5,108,12.7,.637,.000,.625,12.1,18.2,15.1,2.9,1.9,3.8,16.4,10.4,,0.2,0.1,0.3,.126,,-2.2,0.7,-1.5,0.0,2021-2022
2293,161,Victor Oladipo,SG,29,MIA,15,368,11.5,.499,.456,.390,1.2,15.6,8.2,12.8,2.6,1.2,13.6,22.3,,-0.2,0.6,0.4,.051,,-1.6,1.3,-0.3,0.2,2021-2022
2294,162,Eric Paschall,PF,25,UTA,4,24,14.1,.621,.333,.167,4.9,19.3,12.1,0.0,2.2,0.0,0.0,12.6,,0.1,0.0,0.1,.142,,0.2,0.6,0.8,0.0,2021-2022
2295,163,Chris Paul,PG,36,PHO,13,448,22.8,.666,.316,.239,1.9,12.1,7.2,36.4,2.2,0.4,15.3,20.8,,1.6,0.2,1.8,.196,,3.7,1.2,4.9,0.8,2021-2022
2296,164,Cameron Payne,PG,27,PHO,13,172,3.4,.352,.405,.081,1.4,12.1,6.9,21.5,2.1,0.6,14.5,24.0,,-0.6,0.1,-0.5,-0.134,,-7.2,-1.8,-9.0,-0.3,2021-2022
2297,165,Elfrid Payton,PG,27,PHO,2,8,28.3,.667,.000,.000,0.0,0.0,0.0,61.7,0.0,0.0,0.0,17.2,,0.1,0.0,0.1,.303,,10.9,2.2,13.1,0.0,2021-2022
2298,166,Gary Payton II,SG,29,GSW,12,203,20.6,.751,.341,.409,7.4,12.9,10.2,11.0,3.4,3.5,10.4,12.5,,0.7,0.3,1.0,.235,,2.7,4.7,7.4,0.5,2021-2022
2299,167,Jordan Poole,SG,22,GSW,22,606,18.8,.654,.504,.280,1.9,9.4,5.7,21.1,1.4,1.3,15.7,24.5,,1.4,0.5,1.9,.151,,2.4,0.4,2.8,0.7,2021-2022
2300,168,Otto Porter Jr.,PF,28,GSW,19,371,13.0,.630,.610,.117,3.7,15.6,9.8,12.1,2.3,1.6,12.9,11.0,,0.6,0.5,1.0,.135,,0.1,2.6,2.7,0.4,2021-2022
2301,169,Bobby Portis,C,26,MIL,12,298,13.7,.509,.409,.191,8.9,31.6,20.6,4.7,0.8,1.0,11.4,20.4,,0.0,0.7,0.6,.101,,-0.2,-0.3,-0.5,0.1,2021-2022
2302,170,Dwight Powell,C,30,DAL,18,249,9.3,.643,.057,.657,7.9,14.4,11.1,2.4,0.6,2.2,16.6,10.3,,0.3,0.1,0.4,.086,,-4.0,-0.4,-4.4,-0.2,2021-2022
2303,171,Taurean Prince,PF,27,MIN,5,65,10.4,.499,.519,.259,1.8,11.4,6.8,15.3,1.4,1.3,11.7,22.5,,0.0,0.0,0.0,.000,,-0.7,-0.3,-1.0,0.0,2021-2022
2304,172,Payton Pritchard,PG,24,BOS,24,309,12.8,.545,.706,.059,3.8,12.7,8.4,19.7,1.0,0.6,7.9,16.6,,0.4,0.4,0.8,.120,,0.7,0.8,1.5,0.3,2021-2022
2305,173,Paul Reed,C,22,PHI,12,140,17.7,.563,.083,.194,20.2,20.1,20.1,11.6,3.3,4.0,18.7,16.1,,0.2,0.3,0.5,.161,,-0.8,2.9,2.0,0.1,2021-2022
2306,174,Naz Reid,C,22,MIN,5,54,11.2,.598,.412,.412,4.4,23.4,14.4,0.0,0.9,9.5,19.9,19.9,,0.0,0.1,0.1,.051,,-4.0,2.1,-1.9,0.0,2021-2022
2307,175,Austin Rivers,SG,29,DEN,5,108,6.1,.569,.667,.056,0.0,3.5,1.7,7.4,3.2,1.0,17.8,9.0,,0.0,0.0,0.0,.003,,-3.5,1.1,-2.4,0.0,2021-2022
2308,176,Duncan Robinson,SG,27,MIA,13,159,13.2,.612,.825,.105,1.4,16.1,8.5,5.0,1.3,0.7,4.8,17.5,,0.3,0.2,0.5,.142,,0.8,2.0,2.8,0.2,2021-2022
2309,177,D'Angelo Russell,PG,25,MIN,6,196,8.5,.455,.431,.222,0.0,8.1,4.3,32.2,2.1,0.0,17.7,21.0,,-0.2,0.1,-0.1,-0.022,,-1.8,-1.1,-2.9,0.0,2021-2022
2310,178,Landry Shamet,SG,24,PHO,12,192,8.4,.509,.542,.146,1.9,10.2,6.2,10.3,1.6,0.0,12.1,13.9,,0.0,0.0,0.0,.011,,-1.6,0.1,-1.5,0.0,2021-2022
2311,179,Day'Ron Sharpe,PF,20,BRK,1,0,,0,0,0,,,,,,,0,,,0.0,0.0,0.0,,,-1.8,-3.9,-5.7,0.0,2021-2022
2312,180,Pascal Siakam,PF,27,TOR,6,260,19.7,.558,.159,.336,3.5,18.3,10.2,22.9,1.4,2.5,9.6,24.2,,0.5,0.0,0.5,.098,,2.3,0.7,3.0,0.3,2021-2022
2313,181,Marcus Smart,PG,27,BOS,21,760,13.1,.529,.491,.222,3.1,10.7,7.0,26.3,1.7,0.6,14.5,21.2,,0.5,1.0,1.5,.094,,-0.8,1.1,0.3,0.4,2021-2022
2314,182,Jaden Springer,SG,19,PHI,5,13,17.4,.500,.167,.000,0.0,36.0,18.9,29.5,0.0,0.0,0.0,21.7,,0.0,0.0,0.0,.126,,-1.1,1.5,0.4,0.0,2021-2022
2315,183,Nik Stauskas,SG,28,BOS,13,24,15.5,.472,.833,.333,0.0,18.1,9.4,26.1,0.0,0.0,0.0,25.8,,0.0,0.0,0.1,.139,,2.3,0.3,2.6,0.0,2021-2022
2316,184,Max Strus,SF,25,MIA,18,523,10.4,.516,.780,.099,3.3,13.5,8.2,11.0,1.4,1.7,9.5,17.9,,0.1,0.7,0.8,.076,,-0.2,0.7,0.5,0.3,2021-2022
2317,185,Jayson Tatum,SF,23,BOS,24,983,17.6,.562,.415,.360,2.8,15.2,9.2,26.9,1.5,2.0,15.5,29.6,,0.8,1.5,2.2,.110,,3.1,1.4,4.5,1.6,2021-2022
2318,186,Garrett Temple,SG,35,NOP,1,2,6.2,0,0,0,0.0,63.2,29.5,0.0,0.0,0.0,0,0.0,,0.0,0.0,0.0,.024,,-4.7,2.5,-2.2,0.0,2021-2022
2319,187,Daniel Theis,C,29,BOS,16,200,14.2,.633,.275,.157,7.6,21.2,14.6,8.9,1.0,3.7,16.8,14.7,,0.2,0.3,0.6,.134,,-1.3,1.8,0.4,0.1,2021-2022
2320,188,Cam Thomas,SG,20,BRK,1,0,,0,0,0,,,,,,,0,,,0.0,0.0,0.0,,,-2.0,-3.4,-5.4,0.0,2021-2022
2321,189,Klay Thompson,SG,31,GSW,22,792,14.1,.550,.543,.082,1.0,10.9,6.1,9.5,1.5,1.9,6.8,22.7,,0.6,0.7,1.3,.079,,1.1,-0.4,0.7,0.6,2021-2022
2322,190,Tristan Thompson,C,30,CHI,5,38,-0.6,.400,.000,.000,4.9,17.2,10.5,7.5,1.3,0.0,50.0,11.5,,-0.1,0.0,-0.1,-0.115,,-9.8,-0.1,-9.9,-0.1,2021-2022
2323,191,Matisse Thybulle,SG,24,PHI,9,137,8.9,.533,.583,.125,1.9,6.0,4.0,4.3,2.7,4.7,7.3,9.4,,0.0,0.2,0.2,.069,,-2.0,3.6,1.6,0.1,2021-2022
2324,192,Xavier Tillman Sr.,PF,23,MEM,9,139,12.1,.724,.080,.240,9.3,13.7,11.4,6.2,2.0,0.7,26.6,11.1,,0.1,0.2,0.3,.104,,-1.9,1.6,-0.3,0.1,2021-2022
2325,193,Juan Toscano-Anderson,SF,28,GSW,14,49,4.6,.486,.500,.300,0.0,22.3,11.4,20.9,2.0,2.1,41.4,17.3,,-0.2,0.1,-0.1,-0.084,,-5.5,1.1,-4.4,0.0,2021-2022
2326,194,Karl-Anthony Towns,C,26,MIN,6,222,17.3,.642,.275,.625,5.8,25.7,16.3,10.1,0.8,4.6,20.9,24.9,,0.2,0.3,0.5,.098,,0.2,0.2,0.4,0.1,2021-2022
2327,195,Gary Trent Jr.,SG,23,TOR,6,199,12.4,.509,.476,.232,0.6,6.2,3.1,6.4,1.6,1.6,3.2,21.8,,0.1,-0.1,0.1,.014,,-0.7,-0.7,-1.4,0.0,2021-2022
2328,196,P.J. Tucker,PF,36,MIA,18,509,12.9,.612,.468,.147,7.8,16.1,11.8,9.2,1.4,1.1,10.1,11.3,,0.9,0.7,1.6,.149,,0.4,1.8,2.2,0.5,2021-2022
2329,197,Rayjon Tucker,SG,24,MIL,8,19,1.7,.333,.333,.000,5.6,10.4,8.1,0.0,0.0,0.0,0.0,6.8,,0.0,0.0,0.0,.035,,-7.3,-0.6,-7.8,0.0,2021-2022
2330,198,Jonas Valančiūnas,C,29,NOP,6,175,23.9,.548,.088,.382,20.9,38.3,29.0,16.5,1.2,0.5,13.1,22.5,,0.5,0.1,0.6,.154,,4.6,-0.9,3.7,0.3,2021-2022
2331,199,Jarred Vanderbilt,PF,22,MIN,6,129,12.0,.525,.000,.370,10.9,25.4,18.5,4.7,2.5,1.3,13.7,12.1,,0.1,0.2,0.3,.098,,-1.8,1.2,-0.5,0.0,2021-2022
2332,200,Fred VanVleet,PG,27,TOR,4,140,15.7,.486,.667,.111,1.6,9.7,5.3,27.5,2.6,3.1,6.6,20.1,,0.1,0.0,0.2,.060,,2.6,0.9,3.5,0.2,2021-2022
2333,201,Luca Vildoza,PG,26,MIL,7,17,17.9,.417,.833,.000,6.3,5.8,6.0,34.4,5.7,0.0,0.0,15.3,,0.0,0.0,0.1,.210,,0.6,5.0,5.5,0.0,2021-2022
2334,202,Gabe Vincent,PG,25,MIA,18,423,10.0,.515,.618,.153,0.8,9.2,4.9,20.0,1.7,1.3,15.2,17.4,,0.0,0.5,0.6,.065,,-1.7,1.4,-0.3,0.2,2021-2022
2335,203,Nikola Vučević,C,31,CHI,5,181,17.6,.520,.462,.055,7.2,28.9,17.2,16.5,0.5,3.2,7.9,24.5,,0.0,0.3,0.3,.075,,3.0,1.0,4.0,0.3,2021-2022
2336,204,Ish Wainright,PF,27,PHO,7,26,21.3,.542,.500,.000,33.0,17.7,25.1,5.8,2.0,3.7,20.0,26.5,,0.0,0.0,0.0,.076,,7.0,-0.4,6.6,0.1,2021-2022
2337,205,Yuta Watanabe,SF,27,TOR,4,10,-5.7,.333,.167,.000,0.0,0.0,0.0,0.0,0.0,0.0,14.3,32.5,,-0.1,0.0,-0.1,-0.419,,-11.0,-9.0,-19.9,0.0,2021-2022
2338,206,Coby White,PG,21,CHI,5,98,6.5,.445,.644,.111,0.0,18.9,8.7,15.2,0.5,0.0,11.3,23.8,,-0.2,0.1,-0.2,-0.078,,-3.2,-1.3,-4.5,-0.1,2021-2022
2339,207,Derrick White,SG,27,BOS,23,585,10.1,.494,.472,.290,1.6,11.5,6.7,15.9,1.8,2.0,12.8,17.5,,-0.1,0.9,0.8,.065,,-2.0,1.8,-0.1,0.3,2021-2022
2340,208,Hassan Whiteside,C,32,UTA,6,65,16.7,.400,.000,.333,14.4,40.9,27.7,0.0,1.6,15.2,0.0,9.9,,0.0,0.2,0.2,.139,,-0.6,2.8,2.2,0.1,2021-2022
2341,209,Andrew Wiggins,SF,26,GSW,22,767,16.0,.544,.344,.213,8.1,15.8,12.1,7.7,1.4,3.0,8.3,20.8,,0.8,0.9,1.7,.108,,0.5,0.3,0.8,0.5,2021-2022
2342,210,Grant Williams,PF,23,BOS,24,654,9.5,.599,.593,.347,4.1,11.3,7.8,4.4,0.6,2.5,10.4,13.3,,0.6,0.8,1.4,.104,,-2.0,1.2,-0.8,0.2,2021-2022
2343,211,Patrick Williams,PF,20,CHI,5,153,11.3,.569,.447,.234,3.6,15.0,8.8,4.3,1.6,1.9,11.9,16.9,,0.0,0.2,0.2,.061,,-2.3,0.7,-1.6,0.0,2021-2022
2344,212,Robert Williams,C,24,BOS,17,394,21.7,.725,.013,.359,12.7,17.1,15.0,6.8,1.5,8.8,10.0,11.5,,1.3,0.8,2.1,.254,,2.2,3.8,5.9,0.8,2021-2022
2345,213,Ziaire Williams,SF,20,MEM,10,168,11.8,.598,.692,.250,2.4,8.0,5.0,4.3,1.4,0.0,3.3,14.6,,0.3,0.1,0.4,.126,,-0.9,0.4,-0.6,0.1,2021-2022
2346,214,Delon Wright,SG,29,ATL,5,137,15.9,.622,.448,.310,9.5,11.7,10.6,16.8,1.5,0.7,13.2,12.8,,0.3,0.1,0.4,.130,,3.3,1.5,4.8,0.2,2021-2022
2347,215,Thaddeus Young,PF,33,TOR,6,87,14.3,.506,.389,.222,9.0,17.2,12.7,16.9,3.0,1.3,13.2,12.1,,0.1,0.0,0.1,.067,,-0.6,2.3,1.7,0.1,2021-2022
2348,216,Trae Young,PG,23,ATL,5,186,5.3,.461,.551,.478,3.2,13.2,8.1,27.0,0.8,0.0,27.1,28.3,,-0.6,0.1,-0.5,-0.139,,-4.0,-4.1,-8.1,-0.3,2021-2022
2349,217,Omer Yurtseven,C,23,MIA,9,38,25.8,.647,.111,.167,3.0,19.3,10.8,16.6,0.0,2.9,0.0,22.6,,0.1,0.0,0.2,.228,,5.1,2.8,8.0,0.1,2021-2022
2350,1,Bam Adebayo,C,25,MIA,23,850,15.8,.530,.009,.274,8.3,22.5,15.3,15.9,1.1,1.8,13.8,23.8,,0.3,1.1,1.4,.077,,-1.2,0.5,-0.7,0.3,2022-2023
2351,2,Santi Aldama,PF,22,MEM,6,101,15.0,.576,.455,.061,6.6,20.6,13.1,10.9,1.4,0.0,5.6,14.9,,0.2,0.1,0.3,.139,,2.3,1.7,4.0,0.2,2022-2023
2352,3,Nickeil Alexander-Walker,SG,24,MIN,5,148,7.7,.578,.714,.086,0.8,7.3,3.9,7.1,1.0,0.6,9.9,12.6,,0.0,0.0,0.0,.011,,-1.9,0.0,-1.9,0.0,2022-2023
2353,4,Grayson Allen,SG,27,MIL,5,149,11.0,.658,.707,.171,0.7,8.7,4.5,7.8,0.6,0.0,8.3,13.6,,0.2,0.0,0.2,.073,,-0.2,-1.0,-1.1,0.0,2022-2023
2354,5,Jarrett Allen,C,24,CLE,5,191,13.9,.608,.000,.167,9.5,12.9,11.3,10.2,1.1,2.3,7.2,10.2,,0.3,0.3,0.6,.150,,0.6,1.8,2.4,0.2,2022-2023
2355,6,Kyle Anderson,PF,29,MIN,4,104,14.9,.551,.200,.067,3.3,14.9,9.0,27.6,3.4,1.7,16.3,16.4,,0.1,0.1,0.2,.079,,-0.5,4.2,3.7,0.1,2022-2023
2356,7,Giannis Antetokounmpo,PF,28,MIL,3,91,18.8,.525,.057,.585,9.5,32.4,20.4,29.8,0.5,1.9,17.4,37.3,,-0.1,0.1,0.0,-0.026,,1.3,0.6,2.0,0.1,2022-2023
2357,8,Thanasis Antetokounmpo,PF,30,MIL,2,5,0.0,0,0,0,0.0,0.0,0.0,0.0,0.0,0.0,0,0.0,,0.0,0.0,0.0,-0.017,,-5.2,-2.3,-7.5,0.0,2022-2023
2358,9,Deandre Ayton,C,24,PHO,10,319,13.9,.553,.000,.207,10.9,24.4,17.8,4.4,0.9,1.8,12.3,19.0,,0.1,0.2,0.3,.047,,-1.9,-1.6,-3.5,-0.1,2022-2023
2359,10,Patrick Baldwin Jr.,SF,20,GSW,3,11,-4.3,.000,1.000,.000,0.0,28.6,14.1,10.4,0.0,0.0,0.0,11.2,,-0.1,0.0,0.0,-0.176,,-9.8,-2.5,-12.3,0.0,2022-2023
2360,11,Mo Bamba,C,24,LAL,3,10,2.9,.000,.500,.000,0.0,30.2,15.9,11.8,0.0,9.0,0.0,8.8,,0.0,0.0,0.0,-0.083,,-6.2,3.1,-3.1,0.0,2022-2023
2361,12,Desmond Bane,SG,24,MEM,6,231,13.3,.548,.431,.250,2.9,13.7,7.9,14.4,0.6,0.0,11.7,26.4,,0.1,0.2,0.3,.056,,1.1,-0.2,0.8,0.2,2022-2023
2362,13,Harrison Barnes,PF,30,SAC,7,196,12.0,.525,.417,.433,5.1,7.5,6.2,3.5,1.9,1.0,4.0,15.1,,0.2,0.2,0.4,.091,,0.0,0.0,0.0,0.1,2022-2023
2363,14,RJ Barrett,SG,22,NYK,11,377,14.6,.550,.372,.396,1.5,13.3,7.4,15.0,1.2,0.5,11.5,25.7,,0.3,0.5,0.8,.105,,0.9,0.4,1.3,0.3,2022-2023
2364,15,Nicolas Batum,PF,34,LAC,5,92,7.9,.579,.895,.000,1.2,13.4,6.9,8.5,1.1,1.7,9.5,9.6,,0.1,0.0,0.1,.028,,-1.5,1.1,-0.4,0.0,2022-2023
2365,16,Malik Beasley,SG,26,LAL,11,91,5.4,.450,.765,.176,3.7,5.5,4.7,3.0,0.5,0.0,5.2,18.7,,-0.1,0.0,0.0,-0.019,,-3.6,-2.1,-5.7,-0.1,2022-2023
2366,17,MarJon Beauchamp,SF,22,MIL,2,5,32.9,.833,.333,.000,0.0,23.6,11.3,0.0,0.0,0.0,0.0,25.3,,0.0,0.0,0.0,.210,,13.4,1.2,14.6,0.0,2022-2023
2367,18,Saddiq Bey,SF,23,ATL,6,133,10.9,.512,.450,.225,5.2,15.2,9.8,5.6,1.1,0.0,4.4,14.2,,0.1,0.0,0.1,.038,,-0.6,-1.5,-2.1,0.0,2022-2023
2368,19,Bismack Biyombo,C,30,PHO,8,78,15.4,.564,.000,1.125,15.3,24.9,20.2,9.8,0.0,10.6,20.1,16.9,,0.1,0.1,0.1,.088,,-4.4,2.9,-1.5,0.0,2022-2023
2369,20,Bogdan Bogdanović,SG,30,ATL,6,157,19.1,.701,.611,.130,1.3,12.1,6.2,13.2,1.8,3.0,5.0,15.7,,0.5,0.0,0.5,.165,,3.3,2.7,6.0,0.3,2022-2023
2370,21,Devin Booker,SG,26,PHO,11,459,28.6,.686,.253,.278,3.1,10.2,6.7,29.1,2.0,1.6,10.6,29.0,,2.1,0.2,2.3,.236,,8.7,2.0,10.7,1.5,2022-2023
2371,22,Brandon Boston Jr.,SF,21,LAC,1,1,-50.5,0,0,0,0.0,0.0,0.0,0.0,0.0,0.0,100.0,42.0,,0.0,0.0,0.0,-1.438,,-40.9,-17.3,-58.2,0.0,2022-2023
2372,23,Christian Braun,SG,21,DEN,19,247,9.5,.572,.222,.422,5.9,12.3,9.2,5.7,2.3,1.4,15.8,11.5,,0.1,0.4,0.5,.091,,-3.3,2.0,-1.4,0.0,2022-2023
2373,24,Mikal Bridges,SG,26,BRK,4,157,16.3,.539,.325,.299,1.5,13.7,7.7,20.5,0.7,1.2,8.4,29.8,,0.0,0.1,0.1,.027,,2.2,-0.8,1.4,0.1,2022-2023
2374,25,Malcolm Brogdon,PG,30,BOS,19,474,13.4,.535,.444,.179,3.2,12.4,8.0,17.2,0.3,0.9,8.2,22.0,,0.5,0.3,0.7,.076,,-0.2,-1.5,-1.6,0.0,2022-2023
2375,26,Dillon Brooks,SF,27,MEM,6,167,2.4,.393,.545,.091,1.7,9.8,5.5,10.3,0.3,0.0,8.0,21.8,,-0.4,0.1,-0.3,-0.082,,-6.1,-1.4,-7.5,-0.2,2022-2023
2376,27,Bruce Brown,SF,26,DEN,20,530,15.5,.607,.324,.278,3.4,13.8,8.8,10.2,2.0,1.5,10.4,18.7,,0.8,0.7,1.6,.141,,-0.3,1.4,1.1,0.4,2022-2023
2377,28,Jaylen Brown,SF,26,BOS,20,751,15.5,.570,.310,.203,3.9,12.9,8.5,15.0,1.4,0.9,14.2,27.9,,0.2,0.6,0.8,.051,,-0.4,-0.6,-0.9,0.2,2022-2023
2378,29,Troy Brown Jr.,SF,23,LAL,12,124,7.8,.393,.536,.000,3.6,16.2,10.3,11.5,0.8,0.7,0.0,9.9,,0.0,0.1,0.1,.050,,-2.5,1.1,-1.4,0.0,2022-2023
2379,30,Jalen Brunson,PG,26,NYK,11,443,22.8,.589,.348,.296,2.3,11.5,7.0,28.6,1.9,0.2,8.1,28.4,,1.4,0.6,2.1,.225,,6.1,1.5,7.6,1.1,2022-2023
2380,31,Thomas Bryant,C,25,DEN,1,0,,0,0,0,,,,,,,0,,,0.0,0.0,0.0,,,-3.7,-0.7,-4.3,0.0,2022-2023
2381,32,Jimmy Butler,PF,33,MIA,22,874,24.0,.565,.176,.421,6.0,12.6,9.3,25.1,2.3,1.6,7.3,29.1,,2.4,1.1,3.5,.190,,5.0,1.5,6.6,1.9,2022-2023
2382,33,Kentavious Caldwell-Pope,SG,29,DEN,20,671,11.3,.598,.568,.216,2.5,8.5,5.6,6.0,2.0,1.7,7.8,12.9,,0.8,0.9,1.6,.117,,-1.4,1.3,-0.1,0.3,2022-2023
2383,34,Vlatko Čančar,PF,25,DEN,5,10,-13.1,.000,.800,.000,0.0,33.7,17.5,11.4,0.0,0.0,0.0,22.5,,-0.1,0.0,-0.1,-0.427,,-15.2,-5.7,-20.9,0.0,2022-2023
2384,35,Clint Capela,C,28,ATL,6,151,16.5,.615,.000,.158,9.8,27.6,17.9,2.6,1.9,1.9,9.0,12.2,,0.2,0.1,0.3,.103,,0.4,-0.6,-0.2,0.1,2022-2023
2385,36,Jevon Carter,PG,27,MIL,4,49,2.6,.278,.778,.000,0.0,9.6,4.6,9.5,1.0,0.0,0.0,7.7,,0.0,0.0,0.0,-0.040,,-6.0,-1.8,-7.7,-0.1,2022-2023
2386,37,Justin Champagnie,SF,21,BOS,4,10,-7.4,.250,.750,.000,0.0,0.0,0.0,0.0,0.0,0.0,0.0,18.1,,0.0,0.0,0.0,-0.213,,-15.3,-4.0,-19.2,0.0,2022-2023
2387,38,Max Christie,SG,19,LAL,9,33,15.6,.553,.400,.400,3.4,18.3,11.3,13.0,0.0,2.7,0.0,15.7,,0.1,0.0,0.1,.133,,0.9,1.1,2.0,0.0,2022-2023
2388,39,Nic Claxton,C,23,BRK,4,117,18.5,.714,.000,.400,5.0,26.1,15.7,9.2,0.5,5.5,9.3,13.6,,0.3,0.2,0.4,.172,,0.9,2.5,3.5,0.2,2022-2023
2389,40,Amir Coffey,SF,25,LAC,1,1,0.0,0,0,0,0.0,0.0,0.0,0.0,0.0,0.0,0,0.0,,0.0,0.0,0.0,-0.048,,-3.7,-1.8,-5.5,0.0,2022-2023
2390,41,John Collins,PF,25,ATL,6,164,10.1,.543,.533,.100,4.2,13.8,8.6,4.0,0.6,3.4,12.6,18.0,,0.0,0.0,0.0,-0.007,,-2.3,-1.1,-3.5,-0.1,2022-2023
2391,42,Mike Conley,PG,35,MIN,5,183,13.3,.640,.524,.262,1.2,7.2,4.1,26.4,0.8,0.0,13.0,13.6,,0.4,0.0,0.4,.097,,0.7,-0.1,0.6,0.1,2022-2023
2392,43,Pat Connaughton,SF,30,MIL,4,88,21.3,.756,.767,.133,4.9,21.4,12.8,11.3,2.1,1.0,5.9,16.1,,0.3,0.1,0.4,.209,,4.4,2.9,7.3,0.2,2022-2023
2393,44,Robert Covington,PF,32,LAC,2,12,-1.9,.000,.667,.000,0.0,20.6,9.7,19.6,0.0,6.3,0.0,10.5,,0.0,0.0,0.0,-0.174,,-9.0,1.4,-7.6,0.0,2022-2023
2394,45,Torrey Craig,PF,32,PHO,11,183,14.1,.725,.556,.200,4.6,11.2,8.0,4.3,1.3,0.9,5.8,12.5,,0.5,0.0,0.5,.131,,1.0,0.9,1.8,0.2,2022-2023
2395,46,Jae Crowder,PF,32,MIL,4,41,0.0,.252,.462,.154,2.6,8.6,5.5,8.9,2.3,0.0,6.7,15.3,,-0.1,0.0,-0.1,-0.132,,-9.3,-2.5,-11.8,-0.1,2022-2023
2396,47,Seth Curry,SG,32,BRK,3,58,13.8,.615,.474,.158,0.0,5.8,3.0,19.3,0.0,0.0,4.7,18.1,,0.1,0.0,0.1,.075,,1.3,-0.4,0.9,0.0,2022-2023
2397,48,Stephen Curry,PG,34,GSW,13,493,20.4,.588,.505,.186,1.9,12.3,7.0,27.7,1.3,1.0,11.1,31.6,,0.9,0.5,1.3,.131,,6.1,0.4,6.5,1.1,2022-2023
2398,49,Anthony Davis,C,29,LAL,16,608,24.0,.599,.059,.425,7.0,30.9,19.7,10.7,1.8,7.4,10.1,24.2,,1.1,1.4,2.6,.202,,2.8,3.0,5.7,1.2,2022-2023
2399,50,Terence Davis,SG,25,SAC,4,58,10.2,.575,.850,.100,3.4,12.7,7.9,14.4,0.8,0.0,8.7,15.6,,0.1,0.0,0.1,.114,,-0.9,1.6,0.7,0.0,2022-2023
2400,51,Dewayne Dedmon,C,33,PHI,1,5,-20.0,.000,1.000,.000,0.0,23.9,11.7,0.0,0.0,0.0,50.0,18.5,,-0.1,0.0,-0.1,-0.494,,-21.7,-5.9,-27.6,0.0,2022-2023
2401,52,Spencer Dinwiddie,PG,29,BRK,4,159,12.8,.544,.353,.431,0.7,8.5,4.7,28.7,1.7,0.6,16.5,22.5,,0.0,0.1,0.1,.018,,-0.8,-0.5,-1.3,0.0,2022-2023
2402,53,Donte DiVincenzo,SG,26,GSW,13,235,10.4,.512,.688,.188,4.8,12.5,8.6,19.9,2.2,1.1,19.7,15.1,,0.0,0.3,0.3,.060,,-1.8,1.9,0.1,0.1,2022-2023
2403,54,PJ Dozier,SF,26,SAC,3,6,40.9,.667,.667,.000,16.5,17.5,17.0,0.0,0.0,0.0,0.0,39.7,,0.0,0.0,0.0,.281,,23.1,1.1,24.1,0.0,2022-2023
2404,55,Goran Dragić,PG,36,MIL,2,7,16.4,.532,.500,2.000,0.0,0.0,0.0,15.9,0.0,0.0,0.0,22.6,,0.0,0.0,0.0,.156,,-0.4,-3.1,-3.5,0.0,2022-2023
2405,56,David Duke Jr.,SG,23,BRK,1,5,-15.4,.333,.333,.000,0.0,0.0,0.0,0.0,0.0,0.0,25.0,39.4,,-0.1,0.0,-0.1,-0.614,,-24.8,-12.5,-37.3,0.0,2022-2023
2406,57,Kevin Durant,PF,34,PHO,11,466,21.1,.599,.228,.429,1.8,21.8,12.0,19.6,1.0,2.7,12.8,28.8,,0.9,0.2,1.1,.114,,3.7,0.9,4.6,0.8,2022-2023
2407,58,Anthony Edwards,SG,21,MIN,5,199,27.5,.602,.377,.342,1.7,13.2,7.3,26.4,2.3,4.4,5.7,32.3,,0.6,0.2,0.8,.190,,7.3,3.2,10.4,0.6,2022-2023
2408,59,Kessler Edwards,SF,22,SAC,6,7,1.7,0,0,0,0.0,15.0,7.3,0.0,0.0,0.0,0,0.0,,0.0,0.0,0.0,.026,,-5.8,-0.3,-6.2,0.0,2022-2023
2409,60,Joel Embiid,C,28,PHI,9,336,20.3,.561,.183,.549,5.4,25.6,15.3,12.7,0.9,8.1,15.6,31.0,,0.1,0.5,0.6,.090,,0.9,1.0,1.9,0.3,2022-2023
2410,61,Dorian Finney-Smith,PF,29,BRK,4,101,8.5,.543,.739,.000,7.0,13.4,10.2,4.8,1.6,1.8,17.9,13.6,,-0.1,0.1,0.0,.009,,-2.1,0.9,-1.2,0.0,2022-2023
2411,62,De'Aaron Fox,PG,25,SAC,7,270,18.9,.524,.382,.248,4.4,10.1,7.2,33.6,2.6,1.4,13.3,31.0,,0.2,0.3,0.5,.092,,4.0,1.0,5.0,0.5,2022-2023
2412,63,Wenyen Gabriel,C,25,LAL,10,37,12.0,.442,.000,.300,24.4,2.7,12.9,0.0,2.6,7.3,15.0,15.8,,0.0,0.1,0.1,.077,,-6.2,-0.3,-6.4,0.0,2022-2023
2413,64,Darius Garland,PG,23,CLE,5,189,13.3,.566,.388,.313,0.0,5.3,2.8,24.1,2.2,0.5,16.5,27.0,,0.0,0.2,0.2,.056,,0.7,0.5,1.2,0.2,2022-2023
2414,65,Rudy Gobert,C,30,MIN,5,177,18.2,.648,.000,.587,11.6,29.0,20.1,9.3,0.6,2.5,12.1,17.2,,0.4,0.1,0.5,.145,,-0.3,0.7,0.3,0.1,2022-2023
2415,66,Aaron Gordon,PF,27,DEN,20,713,14.1,.588,.236,.354,8.3,11.2,9.8,9.9,0.8,1.6,8.2,15.5,,1.4,0.7,2.1,.142,,0.4,-0.6,-0.2,0.3,2022-2023
2416,67,Eric Gordon,SG,34,LAC,5,149,9.2,.547,.659,.136,0.7,5.0,2.7,12.0,1.0,1.0,7.9,14.3,,0.1,-0.1,0.1,.019,,-0.9,-0.4,-1.3,0.0,2022-2023
2417,68,Danny Green,SG,35,CLE,4,40,1.7,.300,.800,.000,6.1,14.0,10.2,3.5,2.6,2.2,28.6,8.2,,-0.1,0.1,0.0,-0.003,,-7.8,3.1,-4.8,0.0,2022-2023
2418,69,Draymond Green,PF,32,GSW,12,367,14.6,.535,.220,.363,5.3,18.3,11.7,29.4,2.3,2.8,20.4,14.9,,0.4,0.6,1.0,.126,,-1.2,4.1,2.8,0.5,2022-2023
2419,70,JaMychal Green,PF,32,GSW,7,49,5.6,.500,.783,.000,0.0,10.7,5.3,8.9,0.0,1.7,8.0,21.0,,0.0,0.0,0.0,-0.004,,-5.4,-0.7,-6.1,-0.1,2022-2023
2420,71,Jeff Green,PF,36,DEN,20,343,6.8,.583,.452,.306,2.1,8.2,5.3,5.1,0.7,1.8,11.3,10.4,,0.2,0.3,0.6,.078,,-3.7,-0.1,-3.8,-0.2,2022-2023
2421,72,Blake Griffin,C,33,BOS,1,6,-3.3,.000,.000,.000,19.6,18.6,19.1,0.0,0.0,0.0,0.0,7.5,,0.0,0.0,0.0,-0.054,,-13.3,-4.9,-18.1,0.0,2022-2023
2422,73,Quentin Grimes,SG,22,NYK,9,242,5.5,.452,.804,.239,1.4,10.3,5.9,7.9,1.9,2.1,16.4,11.2,,-0.2,0.4,0.2,.040,,-3.4,1.0,-2.4,0.0,2022-2023
2423,74,Rui Hachimura,PF,24,LAL,16,388,16.0,.668,.298,.260,2.6,12.7,7.9,3.9,1.0,0.9,6.4,17.7,,0.8,0.4,1.2,.146,,1.3,0.9,2.2,0.4,2022-2023
2424,75,James Harden,PG,33,PHI,11,427,18.5,.538,.448,.301,1.6,17.4,9.3,36.2,2.5,1.0,14.5,26.2,,0.5,0.5,1.0,.111,,3.0,1.1,4.1,0.6,2022-2023
2425,76,Montrezl Harrell,C,29,PHI,2,7,-16.0,.000,.000,.000,0.0,17.1,8.3,0.0,0.0,0.0,0.0,19.8,,-0.1,0.0,-0.1,-0.461,,-16.8,-8.1,-25.0,0.0,2022-2023
2426,77,Joe Harris,SF,31,BRK,4,44,-5.4,.252,.923,.154,0.0,12.8,6.5,0.0,2.4,0.0,17.8,18.9,,-0.3,0.0,-0.2,-0.262,,-13.1,-2.5,-15.6,-0.2,2022-2023
2427,78,Tobias Harris,SF,30,PHI,11,392,16.1,.597,.306,.112,4.9,19.2,11.9,7.9,0.9,1.7,5.4,17.5,,0.7,0.4,1.1,.131,,1.0,0.3,1.4,0.3,2022-2023
2428,79,Shaquille Harrison,SG,29,LAL,8,28,22.2,.635,.143,.286,0.0,10.8,5.7,45.5,3.5,0.0,0.0,12.4,,0.1,0.0,0.2,.286,,0.7,2.1,2.8,0.0,2022-2023
2429,80,Josh Hart,SF,27,NYK,11,353,10.8,.550,.340,.234,5.8,20.3,13.1,11.2,1.3,0.9,16.8,15.7,,0.1,0.6,0.6,.088,,-1.9,1.0,-0.9,0.1,2022-2023
2430,81,Isaiah Hartenstein,C,24,NYK,11,220,13.5,.566,.000,.696,12.0,14.5,13.2,9.3,2.1,6.9,14.3,7.1,,0.3,0.5,0.8,.170,,-1.4,3.9,2.5,0.2,2022-2023
2431,82,Udonis Haslem,C,42,MIA,2,3,-36.0,.000,.333,.000,0.0,38.8,19.0,0.0,0.0,0.0,0.0,45.0,,-0.1,0.0,-0.1,-1.055,,-33.2,-18.0,-51.1,0.0,2022-2023
2432,83,Sam Hauser,SF,25,BOS,15,104,9.3,.502,.828,.069,5.7,12.8,9.4,5.1,0.5,1.7,0.0,13.0,,0.1,0.1,0.2,.079,,-1.2,-1.0,-2.2,0.0,2022-2023
2433,84,Tyler Herro,SG,23,MIA,1,19,20.4,.667,.444,.000,0.0,12.2,6.0,18.8,0.0,5.3,10.0,23.7,,0.0,0.0,0.1,.136,,3.4,-0.6,2.8,0.0,2022-2023
2434,85,Haywood Highsmith,PF,26,MIA,18,161,17.0,.728,.410,.128,7.0,10.1,8.5,4.6,3.2,1.2,4.6,12.1,,0.4,0.2,0.7,.198,,1.2,3.5,4.7,0.3,2022-2023
2435,86,Aaron Holiday,PG,26,ATL,1,4,-4.9,0,0,0,0.0,0.0,0.0,27.3,0.0,0.0,100.0,10.3,,0.0,0.0,0.0,-0.273,,-8.4,-3.3,-11.6,0.0,2022-2023
2436,87,Jrue Holiday,PG,32,MIL,5,191,13.7,.491,.494,.153,2.3,17.9,9.7,29.1,1.2,0.9,11.7,22.6,,0.1,0.1,0.2,.040,,-0.2,-1.2,-1.4,0.0,2022-2023
2437,88,Al Horford,C,36,BOS,20,617,12.8,.497,.712,.030,5.7,20.4,13.3,12.5,1.8,4.9,7.6,10.6,,0.6,0.9,1.5,.118,,-0.4,3.2,2.8,0.7,2022-2023
2438,89,Danuel House Jr.,SF,29,PHI,7,42,9.9,.466,.476,.048,0.0,34.1,16.6,4.4,0.0,0.0,4.5,24.7,,-0.1,0.0,0.0,-0.025,,-4.2,-1.1,-5.3,0.0,2022-2023
2439,90,Kevin Huerter,SG,24,SAC,7,183,6.6,.424,.542,.111,0.5,17.2,8.6,6.1,0.8,4.7,5.0,17.2,,-0.2,0.2,0.0,.008,,-4.6,0.5,-4.1,-0.1,2022-2023
2440,91,De'Andre Hunter,SF,25,ATL,6,224,10.8,.559,.447,.118,3.1,14.3,8.2,4.2,0.9,0.8,9.1,18.1,,0.1,0.0,0.1,.016,,-1.9,-1.2,-3.1,-0.1,2022-2023
2441,92,Bones Hyland,PG,22,LAC,5,82,8.0,.444,.455,.227,1.3,4.5,2.8,7.3,2.4,0.9,7.6,26.9,,-0.1,0.0,-0.1,-0.086,,-4.7,-2.2,-6.8,-0.1,2022-2023
2442,93,Joe Ingles,SF,35,MIL,5,89,12.2,.739,.870,.000,1.2,6.6,3.8,14.7,1.6,1.0,20.7,13.7,,0.1,0.0,0.1,.078,,0.2,0.0,0.2,0.1,2022-2023
2443,94,Jaren Jackson Jr.,C,23,MEM,6,220,14.1,.546,.301,.434,8.6,13.4,10.8,6.5,1.3,4.8,15.4,22.2,,0.0,0.3,0.3,.072,,-1.5,1.4,-0.1,0.1,2022-2023
2444,95,Reggie Jackson,PG,32,DEN,6,18,9.7,.750,1.000,.000,0.0,12.5,6.5,13.5,2.8,0.0,33.3,7.5,,0.0,0.0,0.0,.091,,-1.8,3.6,1.7,0.0,2022-2023
2445,96,LeBron James,PF,38,LAL,16,619,22.6,.584,.359,.312,4.6,21.6,13.6,27.4,1.3,2.6,10.7,26.6,,1.3,0.9,2.2,.171,,5.5,2.0,7.6,1.5,2022-2023
2446,97,DaQuan Jeffries,SG,25,NYK,2,5,-6.7,0,0,0,0.0,0.0,0.0,0.0,0.0,0.0,0,0.0,,0.0,0.0,0.0,.030,,-19.0,-1.0,-20.1,0.0,2022-2023
2447,98,Cameron Johnson,PF,26,BRK,4,152,16.4,.637,.509,.127,2.3,14.9,8.7,13.8,1.1,0.6,7.9,20.4,,0.2,0.1,0.3,.105,,2.2,1.0,3.2,0.2,2022-2023
2448,99,Jalen Johnson,SF,21,ATL,6,56,13.9,.523,.458,.083,3.5,27.6,14.5,19.4,2.6,0.0,16.7,22.0,,0.0,0.0,0.0,.013,,-0.4,2.2,1.8,0.1,2022-2023
2449,100,Nikola Jokić,C,27,DEN,20,789,31.2,.631,.184,.336,10.6,28.4,19.8,41.0,1.4,2.2,12.8,31.1,,3.7,1.3,5.0,.305,,9.1,3.7,12.8,3.0,2022-2023
2450,101,Tyus Jones,PG,26,MEM,6,120,7.9,.362,.528,.083,2.4,13.7,7.6,26.4,3.2,0.0,17.7,15.8,,-0.2,0.2,0.0,-0.013,,-4.5,2.2,-2.3,0.0,2022-2023
2451,102,DeAndre Jordan,C,34,DEN,4,14,8.8,.644,.000,.667,0.0,32.1,16.6,9.7,0.0,6.2,34.0,18.9,,0.0,0.0,0.0,-0.011,,-7.2,4.6,-2.6,0.0,2022-2023
2452,103,Nikola Jović,PF,19,MIA,7,13,3.8,.250,.500,.000,8.6,35.8,22.0,0.0,0.0,0.0,0.0,13.8,,0.0,0.0,0.0,-0.067,,-6.4,-3.2,-9.6,0.0,2022-2023
2453,104,Luke Kennard,SG,26,MEM,5,107,15.1,.727,.696,.174,4.4,15.3,9.5,9.7,1.8,0.0,3.9,10.1,,0.3,0.1,0.4,.190,,1.8,3.1,4.8,0.2,2022-2023
2454,105,Nathan Knight,C,25,MIN,2,5,-11.0,.250,.500,.000,22.8,0.0,11.7,0.0,0.0,0.0,20.0,46.2,,-0.1,0.0,-0.1,-0.670,,-13.9,-12.1,-25.9,0.0,2022-2023
2455,106,John Konchar,SF,26,MEM,5,49,5.3,.222,.444,.000,7.7,13.4,10.4,11.0,2.0,3.6,10.0,8.5,,-0.1,0.1,0.0,.012,,-5.4,3.4,-2.0,0.0,2022-2023
2456,107,Furkan Korkmaz,SG,25,PHI,3,11,-0.1,.347,.500,1.000,0.0,10.9,5.3,12.0,0.0,0.0,25.8,16.3,,0.0,0.0,0.0,-0.145,,-6.7,-3.1,-9.8,0.0,2022-2023
2457,108,Luke Kornet,C,27,BOS,8,32,28.5,.957,.125,.250,18.4,17.4,17.9,0.0,0.0,2.8,0.0,12.5,,0.2,0.0,0.2,.337,,7.6,0.6,8.2,0.1,2022-2023
2458,109,Jonathan Kuminga,PF,20,GSW,10,61,15.6,.608,.292,.375,6.7,8.6,7.6,12.4,1.6,0.0,12.5,21.6,,0.1,0.1,0.1,.099,,0.5,0.2,0.7,0.0,2022-2023
2459,110,Anthony Lamb,SF,25,GSW,6,31,3.7,.500,.800,.000,3.3,16.9,10.0,0.0,1.5,2.7,28.6,9.3,,0.0,0.0,0.0,-0.010,,-6.7,0.7,-6.0,0.0,2022-2023
2460,111,Jock Landale,C,27,PHO,7,113,16.2,.648,.037,.519,10.6,18.2,14.5,3.6,1.3,2.2,5.7,13.7,,0.3,0.1,0.3,.144,,-0.1,0.1,0.1,0.1,2022-2023
2461,112,Damion Lee,SG,30,PHO,8,89,5.2,.407,.750,.100,5.4,9.0,7.2,6.8,1.1,0.0,4.6,10.8,,0.0,0.0,0.0,-0.009,,-3.6,-0.8,-4.5,-0.1,2022-2023
2462,113,Alex Len,C,29,SAC,7,54,11.2,.816,.000,.667,12.8,25.3,18.9,2.6,0.0,5.3,37.6,13.7,,0.0,0.1,0.1,.084,,-6.3,1.3,-5.0,0.0,2022-2023
2463,114,Kawhi Leonard,SF,31,LAC,2,80,29.9,.670,.227,.386,4.1,15.5,9.4,27.3,2.4,1.0,10.4,30.2,,0.4,0.0,0.4,.227,,10.1,3.7,13.8,0.3,2022-2023
2464,115,Meyers Leonard,C,30,MIL,2,5,-5.1,.000,.000,.000,0.0,23.6,11.3,0.0,0.0,0.0,0.0,8.4,,0.0,0.0,0.0,-0.201,,-10.4,-5.3,-15.7,0.0,2022-2023
2465,116,Caris LeVert,SG,28,CLE,5,170,12.4,.546,.571,.206,2.9,12.5,7.9,13.3,0.6,0.5,6.8,20.3,,0.1,0.2,0.3,.092,,1.2,0.8,2.1,0.2,2022-2023
2466,117,Kenneth Lofton Jr.,PF,20,MEM,4,12,12.2,.394,.250,.250,7.9,18.2,12.7,15.6,0.0,0.0,0.0,30.9,,0.0,0.0,0.0,-0.042,,2.4,-2.6,-0.2,0.0,2022-2023
2467,118,Kevon Looney,C,26,GSW,13,325,18.8,.584,.000,.281,19.1,35.1,27.0,17.4,1.2,1.3,15.3,10.8,,0.8,0.6,1.4,.206,,1.4,1.8,3.1,0.4,2022-2023
2468,119,Brook Lopez,C,34,MIL,5,182,18.4,.653,.254,.194,8.3,11.6,9.9,4.8,1.8,4.4,13.1,19.4,,0.3,0.1,0.4,.113,,1.0,0.4,1.4,0.2,2022-2023
2469,120,Robin Lopez,C,34,CLE,2,6,46.9,1.031,.000,.667,20.2,0.0,9.7,0.0,0.0,0.0,20.5,38.1,,0.1,0.0,0.1,.443,,10.8,5.6,16.4,0.0,2022-2023
2470,121,Kevin Love,PF,34,MIA,20,359,13.7,.543,.739,.134,4.4,31.4,17.7,9.6,1.3,2.0,7.4,17.0,,0.3,0.6,0.9,.115,,0.1,1.1,1.3,0.3,2022-2023
2471,122,Kyle Lowry,PG,36,MIA,23,599,13.4,.562,.506,.190,2.2,13.4,7.7,24.1,2.0,2.3,17.5,17.2,,0.4,0.8,1.2,.095,,-0.6,2.4,1.8,0.6,2022-2023
2472,123,Trey Lyles,PF,27,SAC,7,118,12.6,.545,.675,.125,7.6,27.6,17.3,6.0,0.8,0.0,6.6,15.2,,0.1,0.1,0.3,.114,,0.4,-0.1,0.3,0.1,2022-2023
2473,124,Terance Mann,SG,26,LAC,5,133,13.2,.717,.576,.273,5.7,8.4,7.0,11.7,1.5,0.6,19.6,14.5,,0.2,0.0,0.2,.070,,0.8,0.7,1.5,0.1,2022-2023
2474,125,Caleb Martin,SF,27,MIA,23,694,15.3,.657,.505,.170,4.4,16.4,10.3,7.8,1.5,1.3,9.8,15.9,,1.2,0.8,2.0,.140,,0.6,1.7,2.3,0.8,2022-2023
2475,126,Wesley Matthews,SF,36,MIL,2,41,11.3,.667,.778,.000,2.6,5.7,4.1,3.0,2.3,2.1,0.0,9.2,,0.1,0.0,0.1,.106,,1.6,3.2,4.8,0.1,2022-2023
2476,127,Tyrese Maxey,SG,22,PHI,11,423,16.8,.550,.443,.161,2.4,12.4,7.3,10.5,1.9,1.3,3.7,23.4,,0.6,0.4,1.0,.117,,1.9,0.4,2.2,0.5,2022-2023
2477,128,Miles McBride,PG,22,NYK,8,20,4.5,.375,.750,.000,0.0,11.4,5.7,7.3,0.0,5.0,0.0,8.9,,0.0,0.0,0.0,.048,,-2.7,1.8,-0.9,0.0,2022-2023
2478,129,Jalen McDaniels,SF,25,PHI,8,102,5.2,.475,.450,.000,3.3,15.2,9.1,7.2,0.5,0.0,13.0,10.4,,0.0,0.1,0.0,.011,,-4.3,-0.8,-5.0,-0.1,2022-2023
2479,130,Jordan McLaughlin,PG,26,MIN,2,14,-7.5,.000,.500,.000,0.0,17.1,8.3,18.5,0.0,0.0,0.0,13.2,,-0.1,0.0,-0.1,-0.269,,-15.3,-2.9,-18.1,-0.1,2022-2023
2480,131,De'Anthony Melton,SG,24,PHI,11,274,12.6,.515,.605,.099,5.8,9.6,7.7,10.2,2.5,3.6,8.6,15.6,,0.2,0.3,0.5,.086,,0.2,1.7,1.9,0.3,2022-2023
2481,132,Chimezie Metu,PF,25,SAC,3,6,2.1,.431,.000,3.000,16.5,0.0,8.5,0.0,0.0,0.0,30.1,21.9,,0.0,0.0,0.0,-0.161,,-7.2,-5.6,-12.7,0.0,2022-2023
2482,133,Khris Middleton,SF,31,MIL,5,173,19.1,.600,.372,.349,4.4,17.0,10.4,26.9,0.8,0.0,14.6,28.3,,0.3,0.0,0.4,.105,,2.5,-0.9,1.6,0.2,2022-2023
2483,134,Patty Mills,PG,34,BRK,1,5,-20.4,.000,1.000,.000,0.0,0.0,0.0,0.0,0.0,0.0,0.0,19.7,,-0.1,0.0,-0.1,-0.534,,-20.0,-6.0,-26.0,0.0,2022-2023
2484,135,Shake Milton,SG,26,PHI,6,21,17.5,.680,.200,.400,0.0,17.1,8.3,15.5,5.0,0.0,14.5,15.2,,0.0,0.0,0.1,.181,,-2.4,5.6,3.2,0.0,2022-2023
2485,136,Josh Minott,SF,20,MIN,1,6,6.1,.000,1.000,.000,0.0,0.0,0.0,0.0,17.0,14.7,50.0,15.4,,-0.1,0.0,0.0,-0.193,,-14.8,12.9,-1.9,0.0,2022-2023
2486,137,Davion Mitchell,PG,24,SAC,7,140,9.6,.514,.587,.130,2.1,4.5,3.3,11.9,2.0,0.7,11.0,15.5,,0.0,0.1,0.1,.047,,-1.6,0.7,-0.9,0.0,2022-2023
2487,138,Donovan Mitchell,SG,26,CLE,5,207,15.7,.518,.433,.173,1.8,11.9,7.0,33.7,2.5,1.3,14.5,29.7,,-0.1,0.3,0.3,.059,,2.7,2.0,4.8,0.4,2022-2023
2488,139,Evan Mobley,PF,21,CLE,5,188,9.5,.476,.021,.167,9.7,20.8,15.5,8.6,0.8,2.8,18.9,15.8,,-0.2,0.3,0.1,.036,,-3.0,0.8,-2.2,0.0,2022-2023
2489,140,Malik Monk,SG,24,SAC,7,205,18.3,.580,.419,.527,2.9,16.4,9.5,18.2,1.1,1.4,10.9,24.9,,0.4,0.2,0.6,.152,,2.5,0.8,3.3,0.3,2022-2023
2490,141,Moses Moody,SG,20,GSW,12,161,16.7,.725,.512,.279,4.4,15.6,9.9,6.8,1.5,2.1,4.0,12.8,,0.5,0.2,0.7,.202,,1.5,3.2,4.8,0.3,2022-2023
2491,142,Wendell Moore Jr.,SG,21,MIN,1,2,-26.6,0,0,0,0.0,0.0,0.0,0.0,0.0,0.0,100.0,23.1,,0.0,0.0,0.0,-0.757,,-24.9,-9.0,-33.9,0.0,2022-2023
2492,143,Ja Morant,PG,23,MEM,5,187,18.4,.524,.292,.245,4.1,15.2,9.2,34.4,2.3,0.5,12.6,30.1,,0.0,0.3,0.3,.082,,4.2,2.1,6.3,0.4,2022-2023
2493,144,Marcus Morris,PF,33,LAC,3,68,6.1,.423,.414,.138,1.6,20.0,10.2,0.0,0.7,1.1,3.1,19.6,,-0.1,0.0,-0.1,-0.072,,-5.2,-2.3,-7.4,-0.1,2022-2023
2494,145,Dejounte Murray,SG,26,ATL,5,190,20.5,.538,.359,.087,4.7,16.9,10.2,26.5,2.5,0.5,8.5,25.3,,0.3,0.1,0.4,.100,,3.9,1.3,5.1,0.3,2022-2023
2495,146,Jamal Murray,PG,25,DEN,20,799,21.6,.586,.363,.198,2.3,13.8,8.2,28.1,1.9,0.5,10.1,27.9,,2.0,1.0,3.0,.181,,4.1,0.7,4.8,1.4,2022-2023
2496,147,Keegan Murray,SF,22,SAC,7,194,11.4,.561,.552,.103,7.7,15.7,11.6,3.6,1.0,1.0,6.2,13.2,,0.2,0.2,0.4,.102,,-0.3,0.3,0.0,0.1,2022-2023
2497,148,Mike Muscala,C,31,BOS,6,21,17.9,.781,1.000,1.000,16.8,5.3,10.9,6.3,0.0,0.0,14.8,14.6,,0.1,0.0,0.1,.210,,5.5,-0.6,4.9,0.0,2022-2023
2498,149,Raul Neto,PG,30,CLE,2,7,-18.2,.266,1.000,2.000,0.0,0.0,0.0,19.5,0.0,0.0,51.5,26.0,,-0.1,0.0,-0.1,-0.480,,-19.1,-4.8,-23.9,0.0,2022-2023
2499,150,Georges Niang,PF,29,PHI,11,157,6.4,.667,.722,.000,0.0,3.0,1.5,2.0,0.0,1.4,12.2,12.1,,0.1,0.0,0.1,.040,,-2.2,-1.7,-3.9,-0.1,2022-2023
2500,151,Zeke Nnaji,PF,22,DEN,5,12,12.4,.625,.750,.000,0.0,18.7,9.7,0.0,4.2,0.0,20.0,18.7,,0.0,0.0,0.0,.036,,-0.2,2.4,2.2,0.0,2022-2023
2501,152,Jaylen Nowell,SG,23,MIN,5,62,-1.1,.298,.346,.077,7.4,1.9,4.7,7.2,0.0,0.0,6.9,21.5,,-0.2,0.0,-0.3,-0.213,,-6.5,-5.7,-12.2,-0.2,2022-2023
2502,153,Royce O'Neale,SF,29,BRK,4,118,5.5,.335,.759,.069,4.0,12.4,8.3,18.3,2.3,0.8,11.8,14.1,,-0.2,0.1,-0.1,-0.045,,-4.7,1.0,-3.7,-0.1,2022-2023
2503,154,Josh Okogie,SG,24,PHO,10,175,9.3,.480,.378,.351,8.2,5.9,7.0,9.1,1.7,0.9,6.6,11.5,,0.2,0.0,0.2,.048,,-2.2,-0.1,-2.3,0.0,2022-2023
2504,155,Onyeka Okongwu,C,22,ATL,6,131,14.0,.612,.040,.400,14.4,17.3,15.7,6.7,0.7,5.7,19.2,11.4,,0.2,0.0,0.2,.084,,-2.0,0.1,-1.9,0.0,2022-2023
2505,156,Isaac Okoro,SF,22,CLE,5,75,12.8,.624,.565,.261,4.8,6.0,5.4,9.1,1.4,2.4,13.5,18.5,,0.1,0.1,0.2,.111,,0.0,2.4,2.4,0.1,2022-2023
2506,157,Victor Oladipo,SG,30,MIA,2,45,14.7,.566,.263,.158,2.5,15.5,8.9,7.4,2.3,2.2,9.0,22.3,,0.0,0.1,0.1,.065,,-4.4,-0.9,-5.3,0.0,2022-2023
2507,158,Cedi Osman,SF,27,CLE,5,93,6.7,.518,.800,.360,1.3,16.8,9.4,8.4,1.1,1.0,14.7,17.1,,-0.1,0.1,0.1,.038,,-4.1,1.4,-2.8,0.0,2022-2023
2508,159,Chris Paul,PG,37,PHO,7,250,14.7,.469,.308,.044,2.4,13.7,8.2,27.9,2.4,1.7,7.0,17.5,,0.2,0.1,0.3,.064,,0.2,0.7,0.8,0.2,2022-2023
2509,160,Cameron Payne,PG,28,PHO,7,152,10.3,.578,.563,.063,0.0,10.5,5.4,17.6,1.0,1.1,15.4,16.9,,0.0,0.0,0.1,.017,,-1.3,-0.4,-1.7,0.0,2022-2023
2510,161,Gary Payton II,SG,30,GSW,12,192,17.7,.707,.278,.167,11.7,12.0,11.8,6.8,2.0,2.6,16.0,14.8,,0.4,0.2,0.6,.154,,0.9,2.0,2.9,0.2,2022-2023
2511,162,Mason Plumlee,C,32,LAC,5,91,26.6,.925,.000,.875,19.2,24.5,21.7,14.2,1.1,1.7,11.9,11.6,,0.6,0.0,0.6,.303,,5.3,2.3,7.6,0.2,2022-2023
2512,163,Jordan Poole,PG,23,GSW,13,284,9.6,.447,.467,.252,1.4,8.8,5.1,22.8,1.7,0.9,9.1,23.9,,-0.2,0.3,0.1,.018,,-3.3,-0.6,-3.9,-0.1,2022-2023
2513,164,Michael Porter Jr.,SF,24,DEN,20,654,13.4,.541,.560,.124,3.7,24.4,14.4,6.5,0.8,1.5,3.5,17.6,,0.7,0.9,1.6,.117,,0.3,-0.6,-0.3,0.3,2022-2023
2514,165,Bobby Portis,PF,27,MIL,5,107,16.2,.567,.439,.073,10.1,34.1,21.6,7.9,1.3,1.6,8.6,18.2,,0.1,0.1,0.2,.103,,-0.5,-0.3,-0.8,0.0,2022-2023
2515,166,Norman Powell,SG,29,LAC,5,167,17.6,.608,.421,.408,2.6,8.1,5.2,10.4,1.2,0.9,8.2,24.6,,0.4,-0.1,0.3,.093,,2.0,-0.8,1.2,0.1,2022-2023
2516,167,Jason Preston,PG,23,LAC,1,1,0.0,0,0,0,0.0,0.0,0.0,0.0,0.0,0.0,0,0.0,,0.0,0.0,0.0,-0.048,,-4.9,-2.8,-7.6,0.0,2022-2023
2517,168,Taurean Prince,PF,28,MIN,5,100,8.3,.528,.636,.273,3.4,4.8,4.1,6.1,1.5,0.9,11.9,19.4,,0.0,0.0,0.0,-0.020,,-2.7,-1.3,-4.0,0.0,2022-2023
2518,169,Payton Pritchard,PG,25,BOS,10,57,18.4,.661,.455,.227,0.0,11.7,6.0,30.3,0.9,0.0,17.1,23.2,,0.1,0.0,0.2,.140,,3.1,1.8,5.0,0.1,2022-2023
2519,170,Immanuel Quickley,SG,23,NYK,8,175,7.4,.481,.561,.303,1.3,7.1,4.2,7.6,1.2,0.0,10.7,21.3,,-0.1,0.2,0.1,.024,,-2.6,-1.2,-3.7,-0.1,2022-2023
2520,171,Julius Randle,PF,28,NYK,10,330,11.5,.485,.449,.374,5.9,22.7,14.3,19.2,0.8,0.9,17.0,27.8,,-0.4,0.5,0.1,.017,,-0.2,-0.6,-0.8,0.1,2022-2023
2521,172,Austin Reaves,SG,24,LAL,16,579,15.4,.616,.454,.294,3.9,8.9,6.5,18.2,0.8,0.5,10.2,18.5,,1.2,0.4,1.6,.135,,2.0,0.2,2.2,0.6,2022-2023
2522,173,Paul Reed,C,23,PHI,11,157,20.3,.621,.000,.184,19.5,25.1,22.3,7.2,2.0,2.8,12.7,13.9,,0.4,0.2,0.6,.196,,1.4,0.2,1.7,0.1,2022-2023
2523,174,Austin Rivers,SG,30,MIN,4,46,7.8,.625,.750,.000,2.5,10.4,6.3,3.2,1.1,0.0,11.1,9.0,,0.0,0.0,0.0,.024,,-2.8,0.5,-2.2,0.0,2022-2023
2524,175,Duncan Robinson,SF,28,MIA,23,418,14.0,.641,.715,.051,0.3,9.2,4.6,14.5,1.0,0.7,11.0,19.5,,0.6,0.3,0.9,.101,,1.4,0.9,2.3,0.5,2022-2023
2525,176,Mitchell Robinson,C,24,NYK,11,298,16.8,.568,.000,.688,21.1,17.9,19.5,4.7,1.4,5.4,13.8,10.8,,0.5,0.6,1.0,.167,,0.6,0.8,1.4,0.3,2022-2023
2526,177,David Roddy,PF,21,MEM,6,76,6.2,.391,.690,.034,5.0,18.7,11.4,7.7,0.0,2.3,3.3,16.8,,-0.1,0.1,0.0,.002,,-2.0,0.3,-1.6,0.0,2022-2023
2527,178,Derrick Rose,PG,34,NYK,1,3,-43.9,.000,.250,.000,0.0,0.0,0.0,45.4,0.0,0.0,0.0,59.3,,-0.1,0.0,-0.1,-1.176,,-35.3,-20.9,-56.2,0.0,2022-2023
2528,179,Terrence Ross,SG,31,PHO,6,69,3.8,.407,.815,.000,0.0,13.3,6.8,1.9,0.7,2.4,3.6,17.8,,-0.1,0.0,-0.1,-0.082,,-4.3,-2.5,-6.8,-0.1,2022-2023
2529,180,Ricky Rubio,PG,32,CLE,3,17,-6.5,.000,.000,.000,14.3,26.3,20.5,24.1,3.1,0.0,83.3,16.5,,-0.1,0.0,-0.1,-0.254,,-16.4,1.7,-14.7,-0.1,2022-2023
2530,181,D'Angelo Russell,PG,26,LAL,16,473,12.2,.516,.446,.133,2.4,7.9,5.3,23.2,1.1,1.0,12.3,21.9,,0.0,0.4,0.4,.039,,-0.6,-1.1,-1.7,0.0,2022-2023
2531,182,Domantas Sabonis,C,26,SAC,7,243,15.9,.517,.051,.283,12.6,19.9,16.2,20.8,1.9,2.3,18.9,22.4,,0.0,0.3,0.3,.064,,0.1,0.7,0.7,0.2,2022-2023
2532,183,Dennis Schröder,PG,29,LAL,16,417,7.9,.512,.379,.272,0.8,6.7,3.9,14.7,1.9,0.6,14.8,14.3,,-0.1,0.4,0.3,.036,,-4.1,0.8,-3.4,-0.1,2022-2023
2533,184,Landry Shamet,SG,25,PHO,10,184,6.3,.513,.644,.089,1.9,8.7,5.4,7.4,0.5,0.4,7.9,12.1,,0.0,0.0,0.0,.002,,-2.9,-1.4,-4.3,-0.1,2022-2023
2534,185,Day'Ron Sharpe,C,21,BRK,2,20,19.8,.773,.000,.667,11.7,22.6,17.2,41.1,0.0,4.6,34.0,14.5,,0.1,0.0,0.1,.206,,1.4,5.8,7.2,0.0,2022-2023
2535,186,Marcus Smart,PG,28,BOS,20,679,15.4,.592,.547,.291,3.6,9.7,6.7,21.3,1.9,0.7,15.2,19.8,,1.0,0.6,1.6,.112,,0.0,0.7,0.8,0.5,2022-2023
2536,187,Ish Smith,PG,34,DEN,4,12,4.2,.500,.000,.000,0.0,9.4,4.9,10.5,0.0,0.0,0.0,7.5,,0.0,0.0,0.0,.069,,-7.4,0.5,-6.9,0.0,2022-2023
2537,188,Jaden Springer,SG,20,PHI,4,17,19.1,.922,.000,.500,0.0,0.0,0.0,0.0,3.1,0.0,17.0,16.0,,0.0,0.0,0.1,.154,,0.8,2.7,3.5,0.0,2022-2023
2538,189,Lamar Stevens,SF,25,CLE,2,9,23.9,.868,.500,1.000,0.0,37.2,19.4,0.0,0.0,0.0,0.0,15.0,,0.0,0.0,0.1,.366,,9.8,4.1,13.8,0.0,2022-2023
2539,190,Max Strus,SF,26,MIA,23,648,9.8,.538,.714,.132,2.4,12.4,7.3,7.2,0.6,1.1,2.9,14.3,,0.5,0.5,1.0,.077,,-1.4,-0.1,-1.4,0.1,2022-2023
2540,191,Edmond Sumner,SG,27,BRK,1,4,8.4,0,0,0,0.0,0.0,0.0,35.3,0.0,0.0,0,0.0,,0.0,0.0,0.0,.100,,1.3,-1.1,0.2,0.0,2022-2023
2541,192,Jayson Tatum,SF,24,BOS,20,799,22.6,.585,.406,.339,3.8,25.6,15.0,21.4,1.3,2.3,10.8,29.4,,1.7,1.1,2.8,.168,,4.0,1.3,5.3,1.5,2022-2023
2542,193,Cam Thomas,SG,21,BRK,2,16,1.9,.429,.286,.000,0.0,7.1,3.6,12.0,0.0,0.0,12.5,24.6,,-0.1,0.0,-0.1,-0.182,,-9.2,-4.0,-13.2,0.0,2022-2023
2543,194,Klay Thompson,SF,32,GSW,13,468,9.3,.525,.621,.110,0.2,11.9,6.0,9.0,0.7,0.7,10.2,22.5,,-0.2,0.4,0.2,.016,,-1.3,-1.3,-2.6,-0.1,2022-2023
2544,195,Tristan Thompson,C,31,LAL,6,32,10.3,.417,.000,.455,14.1,18.8,16.6,9.0,0.0,0.0,7.0,19.5,,0.0,0.0,0.0,.003,,-3.8,-3.0,-6.8,0.0,2022-2023
2545,196,Xavier Tillman Sr.,C,24,MEM,6,183,14.2,.551,.089,.111,8.8,18.5,13.3,15.9,1.1,1.9,7.8,11.7,,0.3,0.2,0.5,.138,,0.1,3.1,3.2,0.2,2022-2023
2546,197,Obi Toppin,PF,24,NYK,11,175,14.6,.533,.614,.071,6.5,18.8,12.7,7.1,2.4,1.7,10.0,20.4,,0.1,0.3,0.4,.115,,1.6,1.6,3.2,0.2,2022-2023
2547,198,Karl-Anthony Towns,PF,27,MIN,5,180,12.2,.553,.343,.400,3.8,29.9,16.5,9.4,0.9,2.0,17.9,25.8,,-0.2,0.1,-0.1,-0.020,,-3.1,-0.7,-3.8,-0.1,2022-2023
2548,199,P.J. Tucker,PF,37,PHI,11,294,9.5,.516,.784,.059,7.0,13.0,9.9,7.8,2.3,1.1,8.7,9.0,,0.2,0.3,0.6,.092,,-1.1,2.1,1.0,0.2,2022-2023
2549,200,Jarred Vanderbilt,PF,23,LAL,15,247,10.3,.501,.483,.333,8.7,11.8,10.3,6.5,2.2,4.4,15.9,14.5,,-0.1,0.4,0.3,.061,,-3.1,1.9,-1.2,0.0,2022-2023
2550,201,Gabe Vincent,PG,26,MIA,22,672,10.5,.535,.549,.138,1.3,4.0,2.6,17.1,1.4,0.6,10.6,19.5,,0.3,0.5,0.7,.051,,-1.9,0.4,-1.5,0.1,2022-2023
2551,202,Dean Wade,PF,26,CLE,2,11,7.8,.532,1.000,2.000,0.0,30.4,15.8,0.0,0.0,0.0,0.0,8.0,,0.0,0.0,0.0,.129,,-3.2,1.6,-1.6,0.0,2022-2023
2552,203,Ish Wainright,SF,28,PHO,6,21,1.2,.375,1.000,.000,0.0,5.4,2.8,0.0,0.0,3.9,0.0,8.4,,0.0,0.0,0.0,-0.054,,-4.6,-1.0,-5.6,0.0,2022-2023
2553,204,Lonnie Walker IV,SG,24,LAL,13,179,13.1,.613,.567,.200,0.6,6.2,3.6,8.9,1.9,0.5,5.8,17.0,,0.2,0.2,0.4,.110,,-0.2,1.2,1.0,0.1,2022-2023
2554,205,T.J. Warren,SF,29,PHO,6,81,4.6,.385,.368,.211,2.9,7.1,5.0,4.5,0.6,3.1,4.6,11.8,,-0.1,0.0,-0.1,-0.044,,-3.9,-0.6,-4.5,-0.1,2022-2023
2555,206,Yuta Watanabe,SF,28,BRK,1,5,0.8,.521,1.000,1.000,0.0,22.6,11.5,0.0,0.0,0.0,25.8,38.2,,0.0,0.0,0.0,-0.417,,-6.3,-8.9,-15.1,0.0,2022-2023
2556,207,Peyton Watson,SG,20,DEN,5,14,10.6,.500,.400,.000,8.6,24.0,16.6,9.7,0.0,6.2,16.7,19.3,,0.0,0.0,0.0,.046,,-3.5,1.3,-2.1,0.0,2022-2023
2557,208,Russell Westbrook,PG,34,LAC,5,192,17.6,.509,.267,.238,5.1,18.7,11.5,30.8,1.5,2.8,14.7,29.8,,0.1,0.0,0.1,.021,,2.2,-0.1,2.1,0.2,2022-2023
2558,209,Derrick White,SG,28,BOS,20,593,16.2,.671,.598,.185,2.6,8.6,5.7,10.3,1.0,3.0,8.3,16.5,,1.4,0.5,1.9,.151,,2.2,0.8,3.0,0.8,2022-2023
2559,210,Andrew Wiggins,SF,27,GSW,13,442,13.3,.538,.354,.260,5.5,11.6,8.5,8.2,1.2,2.9,7.8,20.4,,0.3,0.5,0.8,.085,,-1.3,0.4,-0.9,0.1,2022-2023
2560,211,Grant Williams,PF,24,BOS,15,265,12.0,.662,.755,.189,4.9,9.2,7.1,9.0,1.0,2.0,6.5,10.5,,0.6,0.2,0.8,.137,,0.1,1.0,1.1,0.2,2022-2023
2561,212,Robert Williams,C,25,BOS,20,417,19.6,.786,.012,.329,10.2,22.2,16.3,6.6,1.1,5.3,14.1,12.3,,1.2,0.6,1.8,.208,,0.6,2.7,3.4,0.6,2022-2023
2562,213,Ziaire Williams,SF,21,MEM,4,12,-2.4,.357,.429,.000,0.0,18.2,8.5,27.0,0.0,0.0,22.2,31.4,,-0.1,0.0,-0.1,-0.275,,-6.3,-1.9,-8.2,0.0,2022-2023
2563,214,Trae Young,PG,24,ATL,6,230,21.1,.521,.362,.289,2.2,8.8,5.2,40.4,2.1,1.6,12.5,34.3,,0.3,0.0,0.3,.066,,4.7,-1.1,3.6,0.3,2022-2023
2564,215,Omer Yurtseven,C,24,MIA,8,16,5.5,.286,.286,.000,21.0,14.5,17.9,8.9,0.0,6.3,12.5,22.5,,-0.1,0.0,0.0,-0.113,,-8.6,-4.5,-13.1,0.0,2022-2023
2565,216,Cody Zeller,C,30,MIA,21,174,7.5,.553,.000,.429,7.1,24.7,15.8,5.7,0.6,2.3,23.8,14.1,,-0.1,0.2,0.1,.024,,-6.7,-0.1,-6.8,-0.2,2022-2023
2566,217,Ivica Zubac,C,25,LAC,5,130,14.1,.621,.000,.533,13.4,30.5,21.4,3.2,1.1,0.6,22.9,15.5,,0.1,0.0,0.1,.041,,-1.2,-1.0,-2.3,0.0,2022-2023
2567,1,Precious Achiuwa,PF,24,NYK,9,184,12.4,.482,.070,.302,13.5,10.6,12.1,3.8,1.1,6.0,7.6,12.6,,0.1,0.1,0.2,.053,,-3.4,-0.1,-3.5,-0.1,2023-2024
2568,2,Bam Adebayo,C,26,MIA,5,192,18.2,.532,.103,.216,6.5,22.7,14.4,20.1,0.6,0.0,7.0,29.1,,0.1,0.1,0.2,.047,,1.7,0.4,2.1,0.2,2023-2024
2569,3,Nickeil Alexander-Walker,SG,25,MIN,16,378,8.7,.498,.723,.089,1.6,7.2,4.4,14.0,1.4,1.8,11.4,15.8,,0.0,0.3,0.3,.042,,-2.1,0.8,-1.3,0.1,2023-2024
2570,4,Grayson Allen,SG,28,PHO,2,43,4.5,.518,1.000,.800,5.6,17.2,11.3,6.5,1.2,0.0,30.7,10.6,,0.0,0.0,-0.1,-0.062,,-4.3,-1.2,-5.5,0.0,2023-2024
2571,5,Jarrett Allen,C,25,CLE,4,127,27.2,.702,.000,.703,13.7,35.9,24.9,6.8,2.0,3.2,9.4,19.6,,0.5,0.3,0.8,.285,,5.8,2.5,8.4,0.3,2023-2024
2572,6,Jose Alvarado,PG,25,NOP,4,62,-0.2,.175,.700,.000,0.0,7.6,3.5,22.3,4.1,1.6,16.7,17.0,,-0.3,0.1,-0.2,-0.177,,-7.8,1.9,-6.0,-0.1,2023-2024
2573,7,Kyle Anderson,PF,30,MIN,15,231,14.5,.514,.140,.211,9.2,11.3,10.3,23.7,2.3,2.1,13.8,14.2,,0.4,0.3,0.6,.132,,-0.7,3.0,2.3,0.3,2023-2024
2574,8,Thanasis Antetokounmpo,PF,31,MIL,2,5,15.7,0,0,0,0.0,0.0,0.0,0.0,10.3,19.7,0,0.0,,0.0,0.0,0.0,.180,,-3.6,15.8,12.1,0.0,2023-2024
2575,9,Cole Anthony,PG,23,ORL,7,103,5.9,.400,.317,.220,2.1,14.7,8.1,14.4,2.0,0.9,10.0,21.3,,-0.2,0.2,0.0,.021,,-6.0,1.2,-4.8,-0.1,2023-2024
2576,10,OG Anunoby,SF,26,NYK,9,324,13.9,.583,.351,.117,2.4,17.7,9.8,4.8,1.3,2.5,7.9,17.2,,0.3,0.1,0.4,.064,,-0.7,1.1,0.4,0.2,2023-2024
2577,11,Paolo Banchero,PF,21,ORL,7,262,18.9,.554,.268,.329,5.7,20.5,12.8,22.5,1.5,1.4,15.8,33.9,,0.0,0.6,0.6,.109,,3.3,1.4,4.7,0.4,2023-2024
2578,12,Nicolas Batum,PF,35,PHI,6,170,9.4,.584,.759,.276,6.2,16.6,11.6,6.8,0.3,2.5,13.3,10.2,,0.2,0.1,0.2,.068,,-0.5,0.2,-0.4,0.1,2023-2024
2579,13,Bradley Beal,SG,30,PHO,4,154,9.9,.539,.390,.085,4.7,4.0,4.4,20.7,1.0,0.6,17.5,22.6,,-0.1,-0.2,-0.3,-0.078,,-0.3,-3.5,-3.8,-0.1,2023-2024
2580,14,Malik Beasley,SG,27,MIL,6,131,12.8,.646,.610,.000,0.9,12.0,6.5,4.5,1.6,0.0,6.8,15.4,,0.2,0.0,0.2,.077,,-1.1,0.6,-0.5,0.1,2023-2024
2581,15,MarJon Beauchamp,SF,23,MIL,4,10,-0.9,.307,.500,.500,0.0,11.2,5.6,27.2,0.0,0.0,17.0,27.0,,-0.1,0.0,-0.1,-0.263,,-11.2,-3.6,-14.8,0.0,2023-2024
2582,16,Patrick Beverley,PG,35,MIL,6,210,11.5,.537,.282,.385,2.2,8.6,5.4,20.7,1.5,1.9,11.6,11.3,,0.3,0.1,0.4,.081,,-1.4,2.1,0.8,0.1,2023-2024
2583,17,Goga Bitadze,C,24,ORL,2,10,-0.4,.000,.000,.000,10.7,23.3,16.7,27.2,0.0,0.0,33.3,13.2,,0.0,0.0,0.0,-0.136,,-6.5,1.2,-5.3,0.0,2023-2024
2584,18,Anthony Black,PG,20,ORL,2,11,16.2,.429,.286,.000,9.7,10.6,10.1,39.3,4.6,0.0,12.5,31.9,,0.0,0.0,0.0,.039,,-4.1,3.0,-1.1,0.0,2023-2024
2585,19,Bojan Bogdanović,SF,34,NYK,4,51,10.3,.443,.625,.292,2.2,26.3,13.8,11.5,0.0,1.8,3.6,24.3,,0.0,0.0,0.0,.006,,-0.5,-1.0,-1.5,0.0,2023-2024
2586,20,Bol Bol,PF,24,PHO,3,13,5.6,.333,.000,.000,0.0,37.9,18.8,0.0,3.9,0.0,0.0,10.8,,0.0,0.0,0.0,-0.044,,-5.6,-1.2,-6.8,0.0,2023-2024
2587,21,Devin Booker,PG,27,PHO,4,166,22.2,.662,.308,.631,0.7,8.9,4.8,26.7,2.2,0.6,11.7,26.6,,0.6,-0.1,0.5,.145,,4.7,-0.3,4.5,0.3,2023-2024
2588,22,Brandon Boston Jr.,SF,22,LAC,3,10,16.0,.512,.000,.500,11.6,11.2,11.4,18.4,0.0,0.0,0.0,22.3,,0.0,0.0,0.0,.121,,-0.7,-0.1,-0.8,0.0,2023-2024
2589,23,Christian Braun,SG,22,DEN,12,204,10.0,.500,.333,.296,4.9,13.2,8.9,6.3,0.5,2.3,1.6,14.0,,0.1,0.2,0.3,.076,,-1.9,-0.3,-2.2,0.0,2023-2024
2590,24,Oshae Brissett,SF,25,BOS,10,55,15.3,.627,.182,.364,6.4,23.3,14.9,0.0,2.8,3.3,7.3,11.6,,0.1,0.1,0.2,.164,,0.2,2.5,2.7,0.1,2023-2024
2591,25,Jaylen Brown,SF,27,BOS,19,707,19.1,.591,.324,.304,3.7,15.0,9.4,15.5,1.7,1.6,11.7,28.6,,0.9,1.1,2.0,.133,,1.0,0.8,1.8,0.7,2023-2024
2592,26,Kendall Brown,SG,20,IND,7,25,-2.2,.333,.000,.000,0.0,13.8,7.0,9.5,0.0,3.7,33.3,16.3,,-0.1,0.0,-0.1,-0.212,,-9.7,-2.5,-12.2,-0.1,2023-2024
2593,27,Kobe Brown,PF,24,LAC,3,10,3.9,0,0,0,11.6,11.2,11.4,0.0,0.0,0.0,0,0.0,,0.0,0.0,0.0,.051,,-3.9,-0.8,-4.7,0.0,2023-2024
2594,28,Jalen Brunson,PG,27,NYK,13,518,22.1,.536,.247,.353,1.7,8.3,4.9,35.3,1.0,0.4,8.2,36.4,,1.4,-0.1,1.2,.115,,5.0,-1.2,3.8,0.8,2023-2024
2595,29,Thomas Bryant,C,26,MIA,2,18,23.4,.721,.286,.429,12.6,20.2,16.3,12.0,0.0,0.0,19.4,28.1,,0.0,0.0,0.0,.107,,3.9,0.5,4.4,0.0,2023-2024
2596,30,Alec Burks,SG,32,NYK,6,121,26.5,.694,.560,.640,3.7,16.2,9.7,8.1,0.4,0.8,0.0,23.3,,0.7,0.0,0.7,.285,,6.6,1.7,8.3,0.3,2023-2024
2597,31,Kentavious Caldwell-Pope,SG,30,DEN,12,420,8.4,.534,.640,.128,1.3,8.4,4.7,10.1,2.1,1.1,9.9,11.0,,0.1,0.4,0.6,.067,,-3.1,1.7,-1.4,0.1,2023-2024
2598,32,Wendell Carter Jr.,C,24,ORL,7,185,10.5,.511,.532,.234,5.2,22.1,13.3,7.7,1.4,2.0,8.8,13.5,,0.1,0.5,0.5,.138,,-2.0,1.8,-0.2,0.1,2023-2024
2599,33,Amir Coffey,SF,26,LAC,6,112,1.2,.386,.500,.000,2.1,8.0,5.1,2.6,0.9,0.9,18.5,11.0,,-0.2,0.0,-0.2,-0.084,,-6.1,-1.0,-7.1,-0.1,2023-2024
2600,34,Mike Conley,PG,36,MIN,15,474,15.0,.553,.524,.193,2.5,12.0,7.3,26.8,2.3,0.6,11.3,17.0,,0.8,0.5,1.3,.134,,0.5,2.3,2.8,0.6,2023-2024
2601,35,Pat Connaughton,SF,31,MIL,6,124,11.7,.522,.440,.080,2.7,18.1,10.5,14.0,2.5,0.8,10.4,10.7,,0.1,0.1,0.2,.073,,-2.2,2.7,0.5,0.1,2023-2024
2602,36,Jae Crowder,PF,33,MIL,4,42,5.5,.349,.583,.167,5.4,10.7,8.1,6.2,0.0,4.7,0.0,14.1,,0.0,0.0,0.0,-0.033,,-6.1,-1.7,-7.8,-0.1,2023-2024
2603,37,Dyson Daniels,PG,20,NOP,3,17,4.4,.333,.333,.000,0.0,13.9,6.4,0.0,6.0,0.0,14.3,18.0,,-0.1,0.0,0.0,-0.107,,-6.8,2.3,-4.6,0.0,2023-2024
2604,38,Anthony Davis,C,30,LAL,5,208,26.9,.665,.054,.280,8.2,32.7,20.8,16.5,0.5,3.3,9.5,25.6,,0.7,0.3,1.0,.239,,4.6,2.7,7.3,0.5,2023-2024
2605,39,Mamadi Diakite,PF,27,NYK,4,15,2.1,.258,.667,.667,0.0,24.4,11.7,8.1,3.5,6.1,20.5,14.3,,-0.1,0.0,0.0,-0.101,,-12.0,4.0,-8.0,0.0,2023-2024
2606,40,Ousmane Dieng,PF,20,OKC,4,7,5.4,.500,.500,.000,0.0,0.0,0.0,0.0,0.0,0.0,0.0,13.0,,0.0,0.0,0.0,.021,,-3.1,-1.7,-4.8,0.0,2023-2024
2607,41,Spencer Dinwiddie,PG,30,LAL,5,73,7.5,.451,.571,.429,1.6,8.9,5.3,13.7,1.4,1.2,5.7,11.2,,0.0,0.1,0.1,.041,,-3.3,1.7,-1.5,0.0,2023-2024
2608,42,Donte DiVincenzo,SG,27,NYK,13,466,15.7,.566,.555,.157,3.1,10.2,6.5,11.2,1.8,2.4,7.3,20.8,,0.8,0.1,0.9,.093,,1.7,0.4,2.0,0.5,2023-2024
2609,43,Luka Dončić,PG,24,DAL,22,900,22.5,.556,.419,.304,2.1,24.2,13.2,35.3,2.4,0.9,13.6,33.4,,1.3,1.5,2.8,.149,,5.1,2.4,7.6,2.2,2023-2024
2610,44,Luguentz Dort,SF,24,OKC,10,350,9.6,.538,.703,.209,6.2,8.2,7.3,7.9,1.9,0.5,10.0,14.4,,0.2,0.6,0.8,.111,,-1.8,1.3,-0.5,0.1,2023-2024
2611,45,Kevin Durant,PF,35,PHO,4,168,20.9,.653,.179,.507,0.7,18.3,9.4,15.1,0.6,3.3,10.9,25.7,,0.4,-0.1,0.3,.093,,4.9,-1.0,3.8,0.2,2023-2024
2612,46,Anthony Edwards,SG,22,MIN,16,649,22.5,.598,.355,.315,3.3,17.1,10.2,28.3,1.9,1.3,12.4,29.5,,1.5,0.8,2.3,.172,,4.6,2.1,6.7,1.4,2023-2024
2613,47,Joel Embiid,C,29,PHI,6,248,26.3,.592,.293,.586,9.0,20.1,14.8,26.4,1.5,3.1,13.0,35.7,,0.7,0.3,1.0,.193,,6.8,1.6,8.4,0.7,2023-2024
2614,48,Drew Eubanks,C,26,PHO,3,37,13.1,.638,.000,.250,0.0,13.3,6.6,0.0,2.8,2.5,13.1,19.4,,0.0,0.0,0.0,.007,,-2.8,1.1,-1.7,0.0,2023-2024
2615,49,Danté Exum,PG,28,DAL,21,144,7.7,.461,.455,.136,2.4,11.1,6.8,11.9,1.1,0.7,9.7,16.3,,-0.1,0.1,0.1,.024,,-2.6,-0.5,-3.1,0.0,2023-2024
2616,50,Markelle Fultz,PG,25,ORL,7,106,12.6,.593,.029,.265,7.0,7.7,7.4,13.8,1.4,0.0,17.4,19.0,,0.0,0.2,0.2,.113,,-3.1,1.5,-1.6,0.0,2023-2024
2617,51,Daniel Gafford,PF,25,DAL,22,445,20.4,.650,.000,.528,10.9,20.4,15.7,5.3,0.7,7.1,11.1,17.4,,1.0,0.7,1.7,.187,,1.5,1.2,2.7,0.5,2023-2024
2618,52,Danilo Gallinari,SF,35,MIL,3,37,11.5,.564,.250,.500,3.1,24.3,13.7,7.4,0.0,0.0,9.3,13.4,,0.0,0.0,0.0,.054,,-3.6,-0.5,-4.0,0.0,2023-2024
2619,53,Darius Garland,PG,24,CLE,12,432,12.4,.522,.415,.123,0.3,11.1,5.7,26.2,1.6,0.5,13.0,22.3,,-0.1,0.4,0.3,.037,,-0.9,0.0,-0.9,0.1,2023-2024
2620,54,Luka Garza,C,25,MIN,7,26,48.4,.934,.250,.667,9.1,18.2,13.7,9.1,0.0,0.0,0.0,27.2,,0.3,0.0,0.3,.518,,19.7,4.6,24.3,0.2,2023-2024
2621,55,Paul George,PF,33,LAC,6,222,16.1,.552,.516,.263,1.6,19.2,10.5,23.0,1.7,1.4,11.7,24.7,,0.2,0.2,0.4,.092,,1.8,1.4,3.2,0.3,2023-2024
2622,56,Josh Giddey,SG,21,OKC,10,181,14.8,.554,.453,.107,4.4,17.1,11.0,18.3,0.6,2.1,13.3,22.8,,0.1,0.3,0.4,.101,,1.4,0.9,2.3,0.2,2023-2024
2623,57,Shai Gilgeous-Alexander,PG,25,OKC,10,399,25.5,.582,.165,.362,2.3,17.1,10.0,29.6,1.7,4.0,7.8,32.2,,1.1,0.9,1.9,.233,,5.9,3.3,9.2,1.1,2023-2024
2624,58,Rudy Gobert,C,31,MIN,15,512,16.2,.652,.000,.760,9.3,24.7,17.0,6.9,1.4,2.8,14.2,14.4,,1.0,0.7,1.7,.160,,-1.0,2.1,1.1,0.4,2023-2024
2625,59,Aaron Gordon,PF,28,DEN,12,445,18.2,.660,.229,.237,8.9,13.4,11.1,18.2,1.2,1.5,12.1,15.3,,1.2,0.4,1.6,.175,,3.1,1.4,4.5,0.7,2023-2024
2626,60,Eric Gordon,SG,35,PHO,4,118,7.6,.508,.607,.286,1.0,6.3,3.6,6.4,2.2,1.6,11.3,14.1,,-0.1,-0.1,-0.1,-0.053,,-1.2,-1.1,-2.3,0.0,2023-2024
2627,61,A.J. Green,SG,24,MIL,6,67,4.4,.491,.688,.188,0.0,15.1,7.6,4.0,0.0,0.0,5.5,12.6,,0.0,0.0,0.0,-0.009,,-7.4,-2.1,-9.5,-0.1,2023-2024
2628,62,Josh Green,SG,23,DAL,22,399,12.0,.584,.694,.224,6.1,10.0,8.0,8.0,2.2,0.7,7.0,11.4,,0.6,0.4,1.1,.130,,0.3,2.1,2.4,0.4,2023-2024
2629,63,Rui Hachimura,PF,25,LAL,5,152,5.8,.470,.368,.211,4.5,9.2,6.9,3.4,0.0,0.0,4.6,13.2,,0.0,0.0,0.0,.000,,-3.3,-2.3,-5.6,-0.1,2023-2024
2630,64,Tyrese Haliburton,PG,23,IND,15,522,22.0,.626,.651,.093,2.8,13.2,8.1,32.7,1.9,1.8,12.2,22.1,,1.6,0.3,1.8,.169,,6.4,-0.3,6.2,1.1,2023-2024
2631,65,Tim Hardaway Jr.,SF,31,DAL,14,178,9.1,.496,.638,.138,1.3,14.7,8.0,4.1,1.5,0.5,3.1,16.2,,0.0,0.2,0.2,.056,,-2.1,0.4,-1.7,0.0,2023-2024
2632,66,James Harden,PG,34,LAC,6,242,20.5,.616,.528,.360,1.4,11.1,6.4,34.3,1.3,2.5,12.0,22.1,,0.8,0.1,0.9,.173,,6.0,1.6,7.7,0.6,2023-2024
2633,67,Jaden Hardy,SG,21,DAL,19,129,16.1,.536,.397,.221,1.8,11.5,6.7,22.5,1.2,0.0,8.6,28.8,,0.1,0.1,0.3,.095,,1.0,0.0,1.0,0.1,2023-2024
2634,68,Gary Harris,SG,29,ORL,6,159,4.9,.433,.786,.071,3.4,5.1,4.2,3.7,2.2,1.8,6.5,8.5,,0.0,0.4,0.3,.096,,-4.7,2.7,-2.0,0.0,2023-2024
2635,69,Tobias Harris,PF,31,PHI,6,218,9.0,.512,.353,.078,4.8,16.9,11.1,6.3,0.2,1.2,5.4,11.8,,0.1,0.1,0.2,.051,,-1.5,-1.4,-2.9,-0.1,2023-2024
2636,70,Josh Hart,SF,28,NYK,13,548,14.1,.552,.393,.320,7.6,25.2,16.0,15.3,1.2,1.7,16.6,16.5,,0.5,0.2,0.8,.069,,-0.6,1.5,0.9,0.4,2023-2024
2637,71,Isaiah Hartenstein,C,25,NYK,13,388,16.4,.642,.026,.289,14.2,16.7,15.4,16.8,0.5,2.8,18.2,11.9,,1.0,0.0,1.0,.126,,-0.1,1.4,1.3,0.3,2023-2024
2638,72,Sam Hauser,SF,26,BOS,19,283,12.1,.601,.845,.048,3.3,13.6,8.5,5.7,0.9,1.0,3.4,14.6,,0.4,0.4,0.8,.136,,0.7,0.4,1.1,0.2,2023-2024
2639,73,Jordan Hawkins,SG,21,NOP,3,12,-12.4,.000,.750,.000,0.0,19.6,9.0,0.0,0.0,0.0,0.0,14.6,,-0.1,0.0,-0.1,-0.322,,-14.8,-5.4,-20.2,-0.1,2023-2024
2640,74,Jaxson Hayes,C,23,LAL,4,24,0.0,.174,.000,1.000,14.2,40.5,27.7,4.8,0.0,0.0,41.0,9.4,,-0.1,0.0,0.0,-0.050,,-11.6,-0.7,-12.3,-0.1,2023-2024
2641,75,Gordon Hayward,SF,33,OKC,7,46,5.0,.000,.000,.000,2.5,27.8,15.6,7.9,1.1,2.1,0.0,3.0,,0.0,0.1,0.1,.078,,-5.3,3.4,-1.9,0.0,2023-2024
2642,76,Tyler Herro,SG,24,MIA,5,185,10.2,.510,.551,.128,0.0,11.8,5.7,25.2,0.6,0.0,14.5,25.5,,-0.3,0.0,-0.2,-0.059,,-0.6,-0.8,-1.4,0.0,2023-2024
2643,77,Buddy Hield,SG,31,PHI,4,51,11.4,.615,.765,.118,4.6,6.4,5.5,6.3,0.0,1.7,10.1,18.0,,0.1,0.0,0.1,.058,,1.5,-2.8,-1.3,0.0,2023-2024
2644,78,Haywood Highsmith,PF,27,MIA,5,126,3.4,.422,.571,.036,1.8,11.5,6.5,9.6,0.4,0.9,12.3,12.6,,-0.2,0.0,-0.2,-0.060,,-6.4,0.0,-6.4,-0.1,2023-2024
2645,79,Jrue Holiday,PG,33,BOS,19,720,15.4,.617,.451,.114,6.1,12.8,9.5,17.0,1.5,1.5,12.5,15.0,,1.5,1.0,2.5,.167,,1.1,1.6,2.8,0.9,2023-2024
2646,80,Justin Holiday,SG,34,DEN,12,150,5.3,.476,.829,.114,0.7,14.8,7.6,3.6,2.1,0.0,7.5,12.2,,-0.1,0.2,0.1,.021,,-4.8,0.9,-3.9,-0.1,2023-2024
2647,81,Chet Holmgren,C,21,OKC,10,345,16.4,.584,.420,.277,4.7,17.9,11.5,9.4,1.0,6.8,12.5,20.2,,0.2,0.8,1.0,.140,,-0.3,2.5,2.1,0.4,2023-2024
2648,82,Al Horford,C,37,BOS,19,575,15.0,.609,.688,.080,7.2,19.9,13.6,9.9,1.4,2.6,7.7,12.5,,1.1,1.0,2.0,.170,,1.4,1.6,3.1,0.7,2023-2024
2649,83,Caleb Houstan,SF,21,ORL,3,14,9.9,.750,1.000,.000,7.6,8.3,8.0,0.0,0.0,0.0,0.0,6.3,,0.0,0.0,0.1,.173,,1.4,0.6,1.9,0.0,2023-2024
2650,84,Jett Howard,SF,20,ORL,2,10,9.0,.833,.333,.000,0.0,11.7,5.6,18.7,0.0,0.0,40.0,21.9,,0.0,0.0,0.0,.012,,-2.5,1.3,-1.2,0.0,2023-2024
2651,85,Bones Hyland,PG,23,LAC,3,12,34.0,.628,.714,.571,0.0,18.7,9.5,67.6,0.0,0.0,10.2,37.1,,0.1,0.0,0.1,.346,,14.0,2.4,16.3,0.1,2023-2024
2652,86,Joe Ingles,SF,36,ORL,7,68,12.1,.427,.583,.167,3.1,18.9,10.7,26.1,2.2,0.0,0.0,8.3,,0.1,0.2,0.3,.181,,-1.3,4.0,2.6,0.1,2023-2024
2653,87,Brandon Ingram,SF,26,NOP,4,145,9.1,.450,.145,.345,0.7,13.8,6.7,15.8,1.4,3.5,12.4,21.9,,-0.2,0.2,-0.1,-0.017,,-1.9,0.7,-1.3,0.0,2023-2024
2654,88,Kyrie Irving,SG,31,DAL,22,879,16.6,.566,.342,.183,2.9,7.6,5.3,21.5,1.4,0.8,10.6,24.9,,1.4,0.7,2.1,.116,,2.6,-0.2,2.4,1.0,2023-2024
2655,89,Jonathan Isaac,PF,26,ORL,7,147,13.6,.552,.692,.051,7.3,19.0,12.9,3.3,1.7,5.7,9.1,13.1,,0.1,0.4,0.5,.165,,0.4,2.2,2.6,0.2,2023-2024
2656,90,Andre Jackson Jr.,SG,22,MIL,5,60,14.2,.545,.545,.000,9.5,11.2,10.4,22.1,4.3,1.6,21.4,10.7,,0.1,0.1,0.2,.123,,-1.7,4.2,2.5,0.1,2023-2024
2657,91,Isaiah Jackson,C,22,IND,15,154,18.1,.560,.000,.419,16.4,20.2,18.3,5.9,1.0,7.7,7.3,16.1,,0.3,0.2,0.5,.149,,-0.9,-0.3,-1.2,0.0,2023-2024
2658,92,Reggie Jackson,PG,33,DEN,12,117,5.1,.430,.479,.042,1.9,13.0,7.3,15.2,0.9,0.8,14.1,22.3,,-0.3,0.1,-0.2,-0.074,,-5.0,-1.9,-7.0,-0.1,2023-2024
2659,93,LeBron James,PF,39,LAL,5,204,26.0,.637,.263,.232,2.2,15.9,9.2,36.4,3.0,2.1,14.8,29.0,,0.5,0.3,0.8,.185,,6.6,4.0,10.6,0.7,2023-2024
2660,94,Jaime Jaquez Jr.,SF,22,MIA,4,123,9.8,.463,.250,.135,1.8,10.8,6.2,17.1,1.3,1.8,11.3,24.7,,-0.3,0.1,-0.2,-0.079,,-3.7,-0.2,-3.9,-0.1,2023-2024
2661,95,DaQuan Jeffries,SG,26,NYK,4,20,11.8,.500,.625,.000,5.6,18.3,11.7,0.0,2.6,0.0,0.0,17.6,,0.0,0.0,0.0,.064,,-1.2,1.7,0.5,0.0,2023-2024
2662,96,Isaiah Joe,SG,24,OKC,10,173,11.5,.593,.722,.000,2.7,11.1,7.0,8.5,1.5,0.0,8.5,15.6,,0.1,0.3,0.4,.116,,0.2,0.7,0.9,0.1,2023-2024
2663,97,James Johnson,PF,36,IND,1,1,-30.4,.568,0,0,0.0,0.0,0.0,0.0,0.0,0.0,53.2,85.0,,0.0,0.0,0.0,-1.300,,-32.9,-18.6,-51.6,0.0,2023-2024
2664,98,Nikola Jokić,C,28,DEN,12,482,30.0,.625,.217,.291,9.9,28.7,19.0,40.3,1.8,1.5,12.7,30.0,,1.9,0.7,2.6,.259,,9.0,3.8,12.8,1.8,2023-2024
2665,99,Damian Jones,C,28,CLE,2,9,5.7,0,0,0,12.9,12.6,12.8,28.5,0.0,11.1,100.0,10.3,,0.0,0.0,0.0,-0.111,,-5.9,4.1,-1.7,0.0,2023-2024
2666,100,Derrick Jones Jr.,SF,26,DAL,22,647,11.2,.577,.406,.188,5.9,7.6,6.7,6.0,0.9,3.1,9.4,13.4,,0.7,0.6,1.3,.095,,-0.5,0.9,0.4,0.4,2023-2024
2667,101,Herbert Jones,SF,25,NOP,4,141,9.8,.562,.585,.293,4.3,11.7,7.7,12.1,1.8,0.7,19.2,17.8,,0.0,0.1,0.1,.036,,-1.5,1.3,-0.2,0.1,2023-2024
2668,102,DeAndre Jordan,C,35,DEN,2,13,17.3,.694,.000,1.000,8.5,18.0,13.1,0.0,4.0,7.2,0.0,10.2,,0.0,0.0,0.1,.268,,-5.0,4.7,-0.3,0.0,2023-2024
2669,103,Nikola Jović,PF,20,MIA,5,128,15.2,.601,.611,.194,1.8,29.4,15.1,13.9,2.1,2.7,13.3,17.2,,0.1,0.2,0.2,.082,,0.4,3.4,3.9,0.2,2023-2024
2670,104,Maxi Kleber,C,32,DAL,13,219,7.7,.576,.718,.154,2.1,10.9,6.5,8.1,0.7,1.8,10.7,9.7,,0.2,0.2,0.4,.079,,-1.8,1.5,-0.3,0.1,2023-2024
2671,105,Luke Kornet,C,28,BOS,13,133,17.5,.730,.000,.619,16.9,19.3,18.1,7.4,0.4,3.5,18.3,11.4,,0.4,0.2,0.6,.220,,0.8,0.8,1.7,0.1,2023-2024
2672,106,A.J. Lawson,SG,23,DAL,10,30,11.1,.557,.667,.222,3.9,7.6,5.7,0.0,0.0,3.2,0.0,15.0,,0.0,0.0,0.1,.087,,0.3,-0.3,0.1,0.0,2023-2024
2673,107,Kawhi Leonard,SF,32,LAC,2,59,14.3,.474,.208,.125,5.9,24.7,15.4,12.2,3.6,1.7,13.6,22.7,,-0.1,0.1,0.0,.011,,-0.6,3.1,2.6,0.1,2023-2024
2674,108,Caris LeVert,SG,29,CLE,11,278,11.9,.489,.324,.255,3.3,13.1,8.3,14.5,1.7,2.2,11.0,21.4,,-0.2,0.3,0.1,.019,,-1.7,0.7,-1.0,0.1,2023-2024
2675,109,E.J. Liddell,PF,23,NOP,1,3,4.2,0,0,0,0.0,39.3,18.1,0.0,0.0,0.0,0,0.0,,0.0,0.0,0.0,.051,,-4.3,1.3,-3.1,0.0,2023-2024
2676,110,Damian Lillard,PG,33,MIL,4,156,24.8,.640,.593,.469,1.5,7.9,4.7,20.7,1.3,0.0,8.4,31.4,,0.6,0.0,0.6,.200,,7.5,-0.2,7.3,0.4,2023-2024
2677,111,Nassir Little,SF,23,PHO,4,14,13.4,.700,.600,.000,0.0,8.8,4.4,0.0,0.0,0.0,0.0,16.8,,0.0,0.0,0.0,.042,,1.9,-2.1,-0.2,0.0,2023-2024
2678,112,Dereck Lively II,C,19,DAL,21,462,19.3,.677,.011,.642,14.3,24.4,19.3,8.7,1.0,4.2,14.7,14.1,,1.2,0.7,1.9,.200,,1.3,1.9,3.2,0.6,2023-2024
2679,113,Chris Livingston,SF,20,MIL,2,6,3.3,.431,.000,3.000,0.0,0.0,0.0,0.0,0.0,0.0,0.0,17.8,,0.0,0.0,0.0,-0.179,,-4.9,-4.3,-9.3,0.0,2023-2024
2680,114,Brook Lopez,C,35,MIL,6,200,18.2,.650,.307,.200,6.2,8.4,7.3,8.9,0.0,3.9,9.9,20.8,,0.4,0.0,0.4,.106,,1.6,-0.2,1.4,0.2,2023-2024
2681,115,Kevin Love,PF,35,MIA,5,32,11.6,.500,.444,.000,3.6,49.2,25.7,20.3,0.0,0.0,18.2,16.8,,0.0,0.0,0.0,.008,,-1.0,1.4,0.4,0.0,2023-2024
2682,116,Kyle Lowry,PG,37,PHI,6,175,11.4,.544,.750,.469,4.0,9.3,6.8,19.7,1.8,1.9,9.4,11.2,,0.3,0.1,0.4,.111,,-1.1,1.7,0.6,0.1,2023-2024
2683,117,Terance Mann,SG,27,LAC,6,187,10.4,.565,.478,.174,10.5,7.8,9.1,9.2,0.0,0.0,9.2,13.3,,0.3,0.0,0.3,.075,,0.1,-1.3,-1.2,0.0,2023-2024
2684,118,Naji Marshall,SF,26,NOP,4,84,13.9,.587,.536,.214,3.6,11.2,7.1,10.7,1.2,2.4,6.1,17.0,,0.1,0.1,0.2,.124,,1.9,1.8,3.7,0.1,2023-2024
2685,119,Caleb Martin,SF,28,MIA,5,176,10.6,.614,.556,.111,3.2,9.0,6.0,6.4,0.9,0.0,6.0,14.0,,0.2,0.0,0.2,.059,,-1.2,0.3,-0.9,0.0,2023-2024
2686,120,Tyrese Maxey,PG,23,PHI,6,267,20.7,.595,.399,.203,0.4,12.2,6.5,30.1,1.0,0.6,8.0,28.2,,0.8,0.1,0.9,.155,,5.2,-0.2,5.0,0.5,2023-2024
2687,121,Miles McBride,PG,23,NYK,13,347,11.2,.553,.548,.097,2.3,7.7,4.9,10.8,1.1,0.5,7.8,17.8,,0.4,-0.1,0.3,.047,,-1.4,-0.2,-1.6,0.0,2023-2024
2688,122,CJ McCollum,PG,32,NOP,4,148,9.9,.474,.392,.027,1.4,13.5,7.0,26.3,2.4,2.0,17.6,26.9,,-0.4,0.2,-0.2,-0.059,,-1.4,1.5,0.2,0.1,2023-2024
2689,123,T.J. McConnell,PG,31,IND,17,348,20.0,.522,.141,.081,3.8,13.6,8.8,37.3,2.2,0.5,9.9,27.6,,0.6,0.2,0.8,.104,,2.2,-0.5,1.7,0.3,2023-2024
2690,124,Jaden McDaniels,SF,23,MIN,16,537,13.1,.627,.400,.250,6.2,7.3,6.7,5.0,1.4,3.2,9.9,14.6,,0.8,0.5,1.4,.121,,-0.4,2.0,1.6,0.5,2023-2024
2691,125,Doug McDermott,SF,32,IND,10,64,8.6,.591,.727,.000,3.8,1.8,2.8,13.0,0.0,2.9,8.3,8.5,,0.1,0.0,0.1,.063,,0.1,0.3,0.5,0.0,2023-2024
2692,126,Jordan McLaughlin,PG,27,MIN,6,30,-5.8,.202,.556,.222,0.0,15.8,7.9,9.0,0.0,0.0,16.8,18.0,,-0.2,0.0,-0.2,-0.254,,-12.6,-3.7,-16.3,-0.1,2023-2024
2693,127,De'Anthony Melton,SG,25,PHI,1,7,-7.3,.000,1.000,.000,0.0,15.5,8.0,18.9,0.0,0.0,0.0,13.2,,0.0,0.0,0.0,-0.234,,-12.2,-1.7,-13.9,0.0,2023-2024
2694,128,Sam Merrill,SG,27,CLE,10,125,8.0,.544,.931,.103,1.9,9.1,5.5,10.3,0.0,0.0,0.0,11.3,,0.1,0.1,0.2,.079,,-1.2,-1.5,-2.6,0.0,2023-2024
2695,129,Khris Middleton,SF,32,MIL,6,230,20.4,.582,.272,.263,5.9,21.0,13.5,20.4,0.7,0.4,9.9,28.2,,0.5,0.1,0.6,.123,,1.1,-0.6,0.5,0.1,2023-2024
2696,130,Leonard Miller,SF,20,MIN,3,7,5.6,.000,1.000,.000,17.0,50.7,33.9,0.0,0.0,0.0,0.0,6.5,,0.0,0.0,0.0,-0.002,,-5.4,-3.9,-9.3,0.0,2023-2024
2697,131,Patty Mills,PG,35,MIA,3,52,7.7,.480,.647,.235,2.2,0.0,1.1,9.2,1.0,0.0,5.1,18.6,,0.0,0.0,0.0,-0.036,,-2.3,0.2,-2.1,0.0,2023-2024
2698,132,Shake Milton,SG,27,NYK,4,22,3.9,.289,.333,1.000,0.0,5.6,2.7,11.1,2.4,0.0,0.0,17.3,,0.0,0.0,0.0,-0.082,,-6.1,-0.8,-6.8,0.0,2023-2024
2699,133,Josh Minott,SF,21,MIN,5,18,7.2,.333,.556,.000,6.6,26.3,16.5,23.9,0.0,0.0,0.0,22.8,,0.0,0.0,0.0,-0.005,,-1.6,-0.7,-2.3,0.0,2023-2024
2700,134,Donovan Mitchell,SG,27,CLE,10,382,22.2,.584,.364,.289,1.8,14.3,8.1,24.6,1.8,0.8,9.9,34.3,,0.5,0.4,1.0,.120,,5.8,1.4,7.2,0.9,2023-2024
2701,135,Evan Mobley,PF,22,CLE,12,422,18.9,.593,.123,.247,8.3,21.8,15.1,11.3,1.2,6.2,12.0,20.3,,0.5,0.7,1.2,.136,,1.2,2.1,3.3,0.6,2023-2024
2702,136,Wendell Moore Jr.,SG,22,MIN,6,18,9.3,.500,.571,.000,0.0,13.1,6.6,17.3,2.9,0.0,12.5,20.2,,0.0,0.0,0.0,.031,,-5.6,4.2,-1.4,0.0,2023-2024
2703,137,Marcus Morris,PF,34,CLE,9,138,11.7,.558,.479,.063,1.7,19.0,10.4,3.5,1.5,0.0,5.7,17.7,,0.0,0.2,0.2,.064,,-0.2,0.1,-0.1,0.1,2023-2024
2704,138,Markieff Morris,PF,34,DAL,1,12,-4.2,.300,.600,.000,0.0,37.9,19.1,0.0,0.0,0.0,16.7,22.7,,-0.1,0.0,-0.1,-0.217,,-11.6,-1.4,-12.9,0.0,2023-2024
2705,139,Monte Morris,PG,28,MIN,9,67,6.6,.340,.467,.067,1.8,8.8,5.3,20.0,1.6,1.4,0.0,21.0,,-0.1,0.1,0.0,-0.027,,-6.0,0.4,-5.7,-0.1,2023-2024
2706,140,Trey Murphy III,SF,23,NOP,4,168,7.7,.479,.625,.000,1.8,16.1,8.4,9.1,1.5,3.6,14.3,14.6,,-0.2,0.2,0.0,.008,,-1.9,1.5,-0.4,0.1,2023-2024
2707,141,Jamal Murray,PG,26,DEN,12,462,12.2,.474,.293,.104,2.2,10.9,6.4,24.4,1.1,1.2,10.6,29.0,,-0.5,0.4,-0.1,-0.012,,0.2,-1.7,-1.4,0.1,2023-2024
2708,142,Svi Mykhailiuk,SF,26,BOS,8,32,-0.2,.333,.750,.000,3.7,14.6,9.2,4.3,1.6,0.0,14.3,20.3,,-0.1,0.0,-0.1,-0.125,,-7.9,-1.6,-9.5,-0.1,2023-2024
2709,143,Larry Nance Jr.,C,31,NOP,4,84,15.9,.636,.235,.353,18.0,25.2,21.3,14.4,1.2,0.0,26.3,13.9,,0.1,0.1,0.2,.097,,0.4,1.3,1.7,0.1,2023-2024
2710,144,Andrew Nembhard,PG,24,IND,17,554,16.6,.654,.330,.143,3.0,8.7,5.9,23.0,0.6,0.7,10.6,17.7,,1.6,0.0,1.6,.135,,1.5,-0.3,1.2,0.5,2023-2024
2711,145,Aaron Nesmith,SF,24,IND,17,559,9.6,.566,.560,.262,4.1,13.4,8.8,8.1,1.0,1.5,12.8,14.6,,0.4,0.2,0.6,.049,,-2.6,-0.6,-3.2,-0.2,2023-2024
2712,146,Georges Niang,PF,30,CLE,10,121,-1.1,.314,.561,.195,2.9,8.5,5.7,4.7,1.7,1.7,13.6,19.8,,-0.5,0.1,-0.4,-0.164,,-9.3,-1.4,-10.8,-0.3,2023-2024
2713,147,Zeke Nnaji,PF,23,DEN,3,14,9.9,.644,.000,.667,15.8,0.0,8.1,0.0,0.0,6.7,34.0,19.3,,0.0,0.0,0.0,-0.029,,-4.0,-1.2,-5.2,0.0,2023-2024
2714,148,Jusuf Nurkić,C,29,PHO,4,104,16.7,.503,.077,.423,15.1,23.7,19.3,17.4,3.0,5.3,16.3,16.6,,0.1,0.1,0.1,.056,,0.1,1.7,1.7,0.1,2023-2024
2715,149,Royce O'Neale,SF,30,PHO,4,104,5.1,.455,.818,.000,5.8,16.6,11.1,5.8,0.5,0.0,8.3,10.8,,0.0,-0.1,-0.1,-0.047,,-2.3,-3.2,-5.5,-0.1,2023-2024
2716,150,Chuma Okeke,SF,25,ORL,2,10,23.9,.872,.667,.333,0.0,0.0,0.0,18.7,0.0,0.0,0.0,15.1,,0.1,0.0,0.1,.362,,9.3,4.1,13.4,0.0,2023-2024
2717,151,Josh Okogie,SG,25,PHO,4,29,12.5,.601,.333,.667,0.0,17.0,8.4,12.3,3.5,0.0,14.7,22.1,,0.0,0.0,0.0,.006,,-4.6,1.1,-3.6,0.0,2023-2024
2718,152,Isaac Okoro,SF,23,CLE,12,263,5.4,.446,.500,.129,2.2,6.9,4.6,7.2,2.2,1.5,12.9,15.0,,-0.4,0.3,-0.1,-0.020,,-5.0,0.8,-4.2,-0.1,2023-2024
2719,153,Kelly Oubre Jr.,SF,28,PHI,6,224,12.5,.574,.359,.172,4.7,7.3,6.0,7.2,2.6,2.7,10.4,15.8,,0.2,0.2,0.3,.071,,-0.6,1.5,0.8,0.2,2023-2024
2720,154,Cameron Payne,PG,29,PHI,5,61,12.7,.560,.720,.000,0.0,10.7,5.5,19.3,0.9,5.6,10.7,21.1,,0.0,0.0,0.1,.059,,0.7,0.9,1.6,0.1,2023-2024
2721,155,Jalen Pickett,SG,24,DEN,3,11,17.0,.667,.333,.000,0.0,10.6,5.2,14.5,0.0,8.5,0.0,12.5,,0.0,0.0,0.0,.173,,2.9,4.3,7.2,0.0,2023-2024
2722,156,Mason Plumlee,C,33,LAC,6,66,12.1,.441,.000,.444,12.3,22.1,17.2,9.5,2.4,3.1,8.5,16.3,,0.0,0.1,0.1,.070,,-3.7,1.3,-2.4,0.0,2023-2024
2723,157,Michael Porter Jr.,SF,25,DEN,12,443,13.1,.600,.555,.178,2.0,19.6,10.5,4.5,1.3,2.1,10.3,18.2,,0.2,0.5,0.8,.081,,0.3,0.3,0.6,0.3,2023-2024
2724,158,Bobby Portis,PF,28,MIL,6,187,16.3,.512,.132,.143,9.7,31.2,20.5,5.3,0.8,0.5,8.5,26.0,,0.0,0.1,0.1,.032,,-1.6,-1.9,-3.4,-0.1,2023-2024
2725,159,Kristaps Porziņģis,C,28,BOS,7,165,19.6,.617,.483,.367,2.9,19.1,11.0,7.5,1.6,6.1,6.7,21.0,,0.4,0.3,0.7,.204,,2.0,2.5,4.6,0.3,2023-2024
2726,160,Dwight Powell,C,32,DAL,13,44,5.1,.532,.000,2.000,7.9,23.3,15.6,8.7,1.2,0.0,34.7,8.9,,0.0,0.1,0.0,.049,,-7.0,1.0,-6.0,0.0,2023-2024
2727,161,Norman Powell,SG,30,LAC,6,179,9.1,.570,.475,.246,1.9,8.8,5.4,1.9,0.9,0.0,9.4,19.0,,0.1,0.0,0.1,.029,,-1.6,-1.0,-2.6,0.0,2023-2024
2728,162,Taurean Prince,PF,29,LAL,5,111,9.5,.569,.586,.276,1.0,10.7,6.0,3.6,0.5,1.5,3.0,14.0,,0.1,0.1,0.2,.070,,-2.0,0.6,-1.5,0.0,2023-2024
2729,163,Payton Pritchard,PG,26,BOS,19,355,10.9,.553,.571,.114,4.7,7.5,6.1,16.3,0.6,0.0,11.3,16.3,,0.4,0.3,0.8,.103,,-0.5,-1.0,-1.5,0.0,2023-2024
2730,164,Olivier-Maxence Prosper,PF,21,DAL,3,9,-1.1,.000,.000,.000,0.0,37.9,19.1,13.7,0.0,0.0,0.0,10.1,,0.0,0.0,0.0,-0.121,,-7.5,0.9,-6.6,0.0,2023-2024
2731,165,Neemias Queta,C,24,BOS,3,13,17.4,.667,.000,.000,9.1,17.9,13.5,0.0,0.0,7.1,0.0,10.7,,0.0,0.0,0.1,.189,,1.0,-0.5,0.5,0.0,2023-2024
2732,166,Austin Reaves,SG,25,LAL,5,174,18.0,.589,.413,.302,3.3,8.7,6.1,14.9,2.0,1.5,5.3,20.0,,0.4,0.2,0.5,.144,,2.2,1.6,3.8,0.3,2023-2024
2733,167,Paul Reed,C,24,PHI,6,43,13.2,.455,.000,.222,24.5,17.7,21.0,7.0,1.2,5.9,23.3,13.8,,0.0,0.0,0.1,.067,,-3.3,-1.1,-4.3,0.0,2023-2024
2734,168,Naz Reid,PF,24,MIN,16,361,14.4,.569,.486,.218,3.0,16.4,9.7,7.1,1.2,3.2,8.3,21.4,,0.3,0.4,0.7,.095,,-0.2,1.0,0.8,0.3,2023-2024
2735,169,Duncan Robinson,SF,29,MIA,5,60,1.7,.406,.813,.000,0.0,10.1,4.9,15.2,1.8,0.0,23.8,17.1,,-0.2,0.0,-0.2,-0.141,,-8.4,-1.3,-9.7,-0.1,2023-2024
2736,170,Mitchell Robinson,C,25,NYK,6,115,15.5,.485,.000,.571,22.5,19.1,20.9,3.4,2.7,5.6,14.6,7.9,,0.2,0.1,0.3,.118,,-1.6,1.6,0.0,0.1,2023-2024
2737,171,Orlando Robinson,C,23,MIA,1,2,2.3,.000,1.000,.000,0.0,60.6,29.3,67.4,0.0,0.0,0.0,24.5,,0.0,0.0,0.0,-0.362,,-3.8,5.8,2.0,0.0,2023-2024
2738,172,Jeremiah Robinson-Earl,PF,23,NOP,1,5,14.0,.347,.000,1.000,20.1,0.0,10.8,40.2,0.0,0.0,0.0,25.2,,0.0,0.0,0.0,-0.066,,4.4,-4.5,-0.1,0.0,2023-2024
2739,173,David Roddy,PF,22,PHO,2,3,0.0,0,0,0,0.0,0.0,0.0,0.0,0.0,0.0,0,0.0,,0.0,0.0,0.0,-0.073,,-2.8,-1.2,-4.0,0.0,2023-2024
2740,174,D'Angelo Russell,PG,27,LAL,5,185,8.8,.481,.603,.027,0.6,7.6,4.2,15.9,1.1,0.5,10.9,20.7,,-0.2,0.1,-0.1,-0.028,,-1.7,-1.6,-3.3,-0.1,2023-2024
2741,175,Matt Ryan,SF,26,NOP,1,3,-9.1,.000,1.000,.000,0.0,39.3,18.1,0.0,17.0,0.0,50.0,29.2,,-0.1,0.0,0.0,-0.575,,-23.8,10.5,-13.3,0.0,2023-2024
2742,176,Ben Sheppard,SG,22,IND,17,335,8.3,.587,.704,.127,3.6,14.1,8.9,6.1,1.2,0.3,12.8,11.6,,0.2,0.1,0.3,.042,,-2.5,0.0,-2.5,0.0,2023-2024
2743,177,Pascal Siakam,PF,29,IND,17,603,20.7,.578,.162,.217,8.4,16.4,12.5,16.1,1.1,1.1,5.6,25.2,,1.5,0.2,1.8,.140,,3.1,-0.8,2.3,0.7,2023-2024
2744,178,Jericho Sims,C,25,NYK,5,27,23.0,.931,.000,2.000,12.5,22.6,17.4,5.0,3.9,3.4,0.0,6.1,,0.1,0.0,0.1,.258,,2.5,4.3,6.7,0.1,2023-2024
2745,179,Jalen Smith,C,23,IND,7,42,12.5,.564,.500,1.000,20.0,19.2,19.6,5.6,2.4,2.2,25.8,16.7,,0.0,0.0,0.1,.072,,-3.4,-1.0,-4.4,0.0,2023-2024
2746,180,Jaden Springer,SG,21,BOS,4,22,4.9,.667,.000,.000,0.0,15.9,8.0,6.3,0.0,4.2,40.0,10.6,,0.0,0.0,0.0,-0.006,,-5.3,1.4,-3.9,0.0,2023-2024
2747,181,Julian Strawther,SF,21,DEN,3,16,4.3,.451,.667,.667,0.0,14.6,7.1,0.0,3.2,0.0,11.4,25.1,,0.0,0.0,0.0,-0.077,,-7.1,0.9,-6.2,0.0,2023-2024
2748,182,Max Strus,SF,27,CLE,12,434,8.1,.542,.699,.049,2.1,14.7,8.5,11.8,1.1,0.0,12.5,12.9,,0.0,0.4,0.5,.051,,-2.5,0.6,-1.9,0.0,2023-2024
2749,183,Jalen Suggs,SG,22,ORL,7,232,12.6,.541,.585,.366,5.1,12.6,8.6,16.7,2.0,1.2,17.4,21.8,,0.0,0.5,0.5,.104,,-0.3,1.8,1.5,0.2,2023-2024
2750,184,Jayson Tatum,PF,25,BOS,19,768,20.1,.549,.371,.368,2.6,25.3,14.1,25.5,1.4,1.6,10.4,29.2,,1.3,1.3,2.7,.167,,2.3,1.4,3.7,1.1,2023-2024
2751,185,Daniel Theis,C,31,LAC,1,4,35.8,1.500,1.000,.000,0.0,28.0,14.2,0.0,0.0,0.0,0.0,11.4,,0.0,0.0,0.0,.267,,17.6,3.4,21.0,0.0,2023-2024
2752,186,Isaiah Thomas,PG,34,PHO,1,4,-33.0,.000,.500,.000,0.0,0.0,0.0,0.0,0.0,0.0,33.3,35.2,,-0.1,0.0,-0.1,-1.032,,-27.1,-16.6,-43.7,0.0,2023-2024
2753,187,Tristan Thompson,C,32,CLE,10,87,12.5,.444,.000,.125,13.4,13.1,13.2,16.4,0.6,5.8,10.6,10.1,,0.1,0.1,0.2,.106,,-1.4,1.9,0.5,0.1,2023-2024
2754,188,Xavier Tillman Sr.,PF,25,BOS,8,69,11.2,.711,.125,.125,6.9,16.9,11.9,5.9,2.3,4.0,26.2,7.7,,0.1,0.1,0.2,.138,,-2.6,3.2,0.6,0.0,2023-2024
2755,189,Obi Toppin,PF,25,IND,17,343,18.5,.634,.415,.185,3.5,21.8,12.8,11.9,0.9,1.6,8.8,21.1,,0.7,0.2,0.9,.125,,2.7,0.0,2.6,0.4,2023-2024
2756,190,Karl-Anthony Towns,PF,28,MIN,16,522,19.2,.581,.358,.297,8.0,24.7,16.3,13.4,1.2,0.5,9.3,25.2,,1.1,0.6,1.7,.155,,2.2,0.6,2.8,0.6,2023-2024
2757,191,P.J. Tucker,PF,38,LAC,2,31,8.3,.917,.667,.000,11.2,0.0,5.5,0.0,0.0,0.0,33.3,13.2,,0.0,0.0,0.0,.019,,-1.9,-1.7,-3.6,0.0,2023-2024
2758,192,Myles Turner,C,27,IND,17,550,17.5,.637,.420,.244,5.7,18.2,12.1,9.0,0.7,4.2,12.7,21.4,,0.9,0.3,1.2,.104,,1.8,0.0,1.8,0.5,2023-2024
2759,193,Hunter Tyson,PF,23,DEN,3,14,-6.8,.102,.750,.500,7.9,16.7,12.2,8.8,0.0,0.0,17.0,19.3,,-0.1,0.0,-0.1,-0.315,,-11.0,-5.5,-16.5,-0.1,2023-2024
2760,194,Jonas Valančiūnas,C,31,NOP,4,90,23.6,.586,.024,.405,20.1,34.0,26.5,12.3,1.1,0.0,16.8,29.0,,0.1,0.1,0.2,.107,,3.4,-0.2,3.2,0.1,2023-2024
2761,195,Gabe Vincent,PG,27,LAL,5,69,-0.4,.292,.583,.000,1.6,11.0,6.4,5.3,1.5,0.0,20.0,10.0,,-0.2,0.1,-0.1,-0.085,,-9.6,1.3,-8.3,-0.1,2023-2024
2762,196,Dean Wade,PF,27,CLE,3,63,5.3,.423,.769,.000,1.8,9.0,5.5,11.1,0.8,3.2,13.3,11.1,,-0.1,0.1,0.0,-0.003,,-3.9,0.9,-3.1,0.0,2023-2024
2763,197,Franz Wagner,SF,22,ORL,7,259,17.7,.539,.330,.427,4.1,17.1,10.3,20.9,1.0,3.3,6.9,22.2,,0.5,0.6,1.1,.203,,2.3,2.6,4.9,0.5,2023-2024
2764,198,Moritz Wagner,C,26,ORL,7,105,12.4,.506,.250,.472,11.2,22.2,16.5,3.3,2.9,2.7,15.5,21.5,,-0.1,0.3,0.2,.102,,-4.0,1.5,-2.5,0.0,2023-2024
2765,199,Jarace Walker,PF,20,IND,9,31,0.6,.353,.300,.300,3.9,11.1,7.6,15.6,3.3,3.0,34.6,25.3,,-0.2,0.0,-0.2,-0.262,,-10.1,-0.8,-10.9,-0.1,2023-2024
2766,200,Cason Wallace,SG,20,OKC,10,198,7.6,.501,.683,.049,4.1,3.2,3.6,6.8,2.3,1.0,8.7,10.6,,0.0,0.3,0.3,.082,,-2.9,1.5,-1.4,0.0,2023-2024
2767,201,Jordan Walsh,SF,19,BOS,3,11,2.2,.333,.333,.000,0.0,21.2,10.7,0.0,0.0,0.0,0.0,12.7,,0.0,0.0,0.0,-0.046,,-6.0,-2.6,-8.6,0.0,2023-2024
2768,202,T.J. Warren,SF,30,MIN,3,11,4.1,.000,.500,.000,21.6,10.8,16.2,11.3,0.0,0.0,0.0,8.3,,0.0,0.0,0.0,-0.033,,-2.0,-2.7,-4.6,0.0,2023-2024
2769,203,P.J. Washington,PF,25,DAL,22,785,11.3,.554,.577,.235,4.9,16.2,10.6,5.8,1.1,2.1,11.0,16.8,,0.4,0.9,1.3,.081,,-0.9,0.9,0.1,0.4,2023-2024
2770,204,Lindy Waters III,SG,26,OKC,3,9,-3.0,.000,1.000,.000,0.0,11.9,6.1,0.0,0.0,0.0,0.0,5.1,,0.0,0.0,0.0,-0.067,,-9.2,-2.8,-12.0,0.0,2023-2024
2771,205,Peyton Watson,SF,21,DEN,10,90,3.1,.338,.500,.250,2.5,16.9,9.5,6.0,0.0,6.2,10.1,15.1,,-0.2,0.1,-0.1,-0.065,,-6.5,-0.1,-6.6,-0.1,2023-2024
2772,206,Russell Westbrook,PG,35,LAC,6,114,5.2,.341,.340,.260,6.1,18.7,12.5,13.9,3.2,2.7,15.2,26.3,,-0.5,0.1,-0.3,-0.146,,-5.8,0.2,-5.7,-0.1,2023-2024
2773,207,Derrick White,SG,29,BOS,19,676,18.3,.617,.668,.158,3.3,10.7,7.0,17.4,1.4,3.1,5.8,18.8,,1.9,1.0,2.9,.205,,3.6,1.7,5.3,1.3,2023-2024
2774,208,Aaron Wiggins,SG,25,OKC,10,157,14.9,.598,.426,.234,6.6,15.6,11.3,9.4,1.9,1.8,14.8,17.7,,0.1,0.3,0.5,.139,,0.1,2.1,2.2,0.2,2023-2024
2775,209,Jalen Williams,PF,22,OKC,10,377,17.8,.544,.244,.169,4.0,15.6,10.0,23.0,2.3,1.3,10.0,23.1,,0.4,0.8,1.2,.152,,1.4,2.3,3.8,0.6,2023-2024
2776,210,Jaylin Williams,C,21,OKC,10,127,16.5,.633,.667,.121,3.6,23.5,13.9,17.0,1.6,2.2,7.9,13.6,,0.3,0.3,0.6,.214,,2.4,4.1,6.5,0.3,2023-2024
2777,211,Kenrich Williams,PF,29,OKC,7,32,4.6,.250,.625,.000,3.6,23.3,13.8,12.4,1.6,0.0,0.0,11.4,,-0.1,0.1,0.0,.023,,-6.5,1.8,-4.7,0.0,2023-2024
2778,212,Delon Wright,PG,31,MIA,4,107,15.5,.766,.500,.100,2.1,11.3,6.6,10.4,2.0,1.1,0.0,9.6,,0.3,0.1,0.4,.158,,0.1,3.8,3.9,0.2,2023-2024
2779,213,Thaddeus Young,PF,35,PHO,1,4,0.0,0,0,0,0.0,0.0,0.0,0.0,0.0,0.0,0,0.0,,0.0,0.0,0.0,-0.073,,-3.2,-3.1,-6.3,0.0,2023-2024
2780,214,Ivica Zubac,C,26,LAC,6,192,19.6,.615,.000,.286,10.8,22.2,16.6,6.0,1.4,1.6,9.2,20.6,,0.4,0.2,0.6,.141,,1.2,0.3,1.4,0.2,2023-2024
2781,1,Precious Achiuwa,C,25,NYK,8,34,11.2,.444,.071,.286,10.0,20.9,15.3,0.0,1.5,0.0,6.0,21.4,,0.0,0.0,0.0,.007,,-3.0,-1.7,-4.7,0.0,2024-2025
2782,2,Steven Adams,C,31,HOU,7,155,16.2,.602,.000,1.500,16.7,16.2,16.5,3.8,1.0,5.7,13.1,10.9,,0.3,0.2,0.5,.146,,0.5,0.3,0.8,0.1,2024-2025
2783,3,Bam Adebayo,C,27,MIA,4,153,15.9,.508,.328,.172,11.7,23.4,17.1,19.4,1.4,0.8,14.8,24.5,,0.0,-0.2,-0.2,-0.066,,0.7,-1.5,-0.9,0.0,2024-2025
2784,4,Santi Aldama,PF,24,MEM,4,122,11.4,.591,.545,.000,1.8,18.4,10.4,9.9,0.0,0.7,10.2,16.8,,0.1,0.0,0.1,.031,,1.8,-0.5,1.3,0.1,2024-2025
2785,5,Nickeil Alexander-Walker,SG,26,MIN,15,310,9.5,.519,.558,.150,3.0,7.0,5.1,16.6,1.0,1.6,16.0,20.1,,0.0,0.2,0.2,.028,,-1.2,-0.2,-1.4,0.0,2024-2025
2786,6,Jarrett Allen,C,26,CLE,9,261,22.4,.792,.000,.574,8.8,24.9,16.6,6.7,2.5,3.1,18.2,15.3,,0.9,0.4,1.3,.239,,2.4,2.2,4.7,0.4,2024-2025
2787,7,Kyle Anderson,SF,31,MIA,2,14,-7.4,.000,.000,.000,0.0,9.1,4.3,9.5,0.0,0.0,33.3,10.0,,-0.1,0.0,-0.1,-0.344,,-11.9,-4.4,-16.2,-0.1,2024-2025
2788,8,Giannis Antetokounmpo,PF,30,MIL,5,188,33.2,.651,.051,.636,11.0,38.0,23.6,35.6,1.3,2.6,15.4,35.3,,0.8,0.1,0.9,.232,,8.2,3.2,11.4,0.6,2024-2025
2789,9,Cole Anthony,PG,24,ORL,5,51,-4.4,.349,.429,.286,6.3,10.1,8.0,17.7,0.0,2.0,36.3,22.2,,-0.3,0.0,-0.3,-0.276,,-13.4,-3.0,-16.4,-0.2,2024-2025
2790,10,OG Anunoby,PF,27,NYK,18,705,13.1,.539,.490,.235,3.9,9.9,6.8,5.1,2.6,3.1,9.9,18.7,,0.3,0.8,1.1,.077,,-0.1,1.2,1.0,0.5,2024-2025
2791,11,Marvin Bagley III,PF,25,MEM,2,28,23.5,.944,.111,.000,7.9,14.6,11.4,0.0,3.4,3.2,25.0,17.9,,0.0,0.0,0.1,.117,,3.7,5.4,9.2,0.1,2024-2025
2792,12,Paolo Banchero,PF,22,ORL,5,197,20.3,.517,.218,.331,6.5,19.6,12.5,22.8,0.8,2.1,9.6,36.4,,0.1,0.1,0.2,.039,,5.0,0.4,5.3,0.4,2024-2025
2793,13,Desmond Bane,SG,26,MEM,4,139,6.9,.438,.508,.238,4.0,16.2,10.3,15.4,1.0,1.3,17.7,25.4,,-0.4,0.0,-0.3,-0.120,,-2.4,-1.8,-4.2,-0.1,2024-2025
2794,14,Nicolas Batum,PF,36,LAC,7,172,12.9,.591,1.000,.000,2.7,16.0,9.2,10.6,1.8,6.0,8.3,9.7,,0.2,0.2,0.4,.110,,0.5,4.4,4.9,0.3,2024-2025
2795,15,Malik Beasley,SG,28,DET,6,163,10.8,.535,.787,.107,0.7,9.5,5.3,7.1,0.9,0.5,8.2,22.6,,0.1,0.1,0.2,.052,,0.2,-0.8,-0.6,0.1,2024-2025
2796,16,Goga Bitadze,C,25,ORL,3,11,9.0,1.000,.000,.000,0.0,35.2,16.0,14.0,0.0,9.3,0.0,4.2,,0.0,0.0,0.0,.191,,-10.7,6.3,-4.4,0.0,2024-2025
2797,17,Anthony Black,PG,21,ORL,5,89,15.4,.480,.351,.351,12.0,17.4,14.5,0.0,2.4,1.2,4.5,23.0,,0.0,0.1,0.1,.052,,-1.2,0.8,-0.5,0.0,2024-2025
2798,18,Bogdan Bogdanović,SG,32,LAC,7,117,6.8,.478,.545,.159,5.0,15.3,10.1,18.1,1.3,0.0,18.9,23.0,,-0.2,0.1,-0.1,-0.037,,-7.0,-0.9,-7.9,-0.2,2024-2025
2799,19,Tony Bradley,C,27,IND,11,78,9.4,.595,.111,1.333,17.3,14.0,15.6,4.9,0.0,1.2,21.9,10.4,,0.1,0.0,0.2,.100,,-2.3,-2.1,-4.4,0.0,2024-2025
2800,20,Christian Braun,SG,23,DEN,14,544,11.9,.548,.473,.209,5.1,12.9,9.0,9.3,1.6,1.7,8.0,14.0,,0.6,0.4,1.0,.086,,0.2,0.8,1.0,0.4,2024-2025
2801,21,Mikal Bridges,SF,28,NYK,18,706,12.3,.518,.319,.061,3.2,10.2,6.6,11.7,2.1,2.4,12.3,19.0,,0.0,0.7,0.7,.045,,-0.9,1.2,0.3,0.4,2024-2025
2802,22,Dillon Brooks,SF,29,HOU,7,206,11.7,.585,.460,.381,4.9,6.9,5.9,6.9,1.3,1.1,10.9,17.7,,0.3,0.1,0.4,.100,,-2.1,0.4,-1.7,0.0,2024-2025
2803,23,Jaylen Brown,SF,28,BOS,11,402,16.1,.542,.323,.338,3.8,17.6,10.9,19.7,1.4,0.7,14.8,29.9,,0.1,0.6,0.7,.083,,-0.1,0.3,0.2,0.2,2024-2025
2804,24,Kobe Brown,PF,25,LAC,3,15,49.9,.948,.125,.125,0.0,8.0,3.9,70.6,0.0,0.0,0.0,26.1,,0.2,0.0,0.2,.554,,20.7,8.7,29.4,0.1,2024-2025
2805,25,Jalen Brunson,PG,28,NYK,18,680,22.2,.582,.341,.359,2.0,8.7,5.3,34.0,0.6,0.7,10.8,32.6,,2.1,0.3,2.3,.164,,5.7,-0.8,4.9,1.2,2024-2025
2806,26,Thomas Bryant,C,27,IND,20,167,10.1,.664,.545,.424,5.1,13.1,9.4,3.2,1.2,3.3,15.2,12.2,,0.2,0.2,0.3,.093,,-2.5,0.3,-2.3,0.0,2024-2025
2807,27,Alec Burks,SG,33,MIA,1,15,20.8,1.000,1.000,.000,0.0,17.1,8.0,21.4,0.0,0.0,0.0,9.3,,0.1,0.0,0.0,.149,,8.7,1.0,9.8,0.0,2024-2025
2808,28,Jimmy Butler,SF,35,GSW,11,397,20.7,.564,.237,.526,7.1,14.2,10.5,24.1,1.8,0.7,6.5,22.2,,1.2,0.4,1.6,.191,,3.8,1.3,5.1,0.7,2024-2025
2809,29,Kentavious Caldwell-Pope,SG,31,ORL,5,163,5.7,.394,.767,.133,0.7,11.1,5.4,8.0,2.3,1.9,5.9,9.5,,-0.1,0.1,0.0,.001,,-5.4,2.4,-3.0,0.0,2024-2025
2810,30,Vlatko Čančar,PF,27,DEN,3,11,-6.9,0,0,0,0.0,19.6,9.9,0.0,0.0,0.0,100.0,7.9,,-0.1,0.0,-0.1,-0.243,,-10.2,-3.2,-13.4,0.0,2024-2025
2811,31,Wendell Carter Jr.,C,25,ORL,5,162,14.3,.574,.275,.250,12.6,27.9,19.5,6.1,0.7,1.3,15.3,14.8,,0.1,0.1,0.2,.072,,-1.0,-0.1,-1.1,0.0,2024-2025
2812,32,Alex Caruso,SG,30,OKC,23,562,15.1,.598,.563,.244,3.3,8.8,6.0,12.6,3.9,2.3,9.7,14.8,,0.9,1.1,2.0,.169,,0.4,4.7,5.0,1.0,2024-2025
2813,33,Cam Christie,SG,19,LAC,3,13,15.0,.833,.667,.000,0.0,18.4,9.1,0.0,4.0,0.0,25.0,14.3,,0.0,0.0,0.0,.064,,-1.0,3.9,2.9,0.0,2024-2025
2814,34,Jaylen Clark,SG,23,MIN,5,28,20.3,.814,.200,.800,8.4,20.5,14.6,5.3,3.6,0.0,12.9,12.0,,0.1,0.0,0.1,.237,,0.8,6.1,6.8,0.1,2024-2025
2815,35,Mike Conley,PG,37,MIN,15,356,8.9,.442,.625,.135,4.0,10.3,7.2,19.0,1.3,0.8,10.6,13.8,,0.2,0.3,0.5,.061,,-2.0,0.1,-1.9,0.0,2024-2025
2816,36,Pat Connaughton,SG,32,MIL,3,14,-1.0,.338,.500,.250,0.0,17.6,8.2,10.7,0.0,0.0,10.1,31.3,,-0.1,0.0,-0.1,-0.285,,-8.9,-6.7,-15.6,0.0,2024-2025
2817,37,Torrey Craig,SF,34,BOS,5,21,17.4,.750,.750,.000,11.1,15.5,13.4,21.6,2.5,0.0,20.0,10.9,,0.1,0.0,0.1,.238,,4.2,4.4,8.6,0.1,2024-2025
2818,38,Cade Cunningham,PG,23,DET,6,248,17.5,.509,.217,.326,2.9,19.6,11.5,37.9,2.2,2.7,17.8,31.2,,-0.1,0.4,0.3,.061,,1.1,2.0,3.1,0.3,2024-2025
2819,39,Stephen Curry,PG,36,GSW,8,281,20.0,.636,.615,.215,0.8,17.0,8.5,26.7,1.5,2.0,15.9,26.6,,0.5,0.3,0.8,.131,,5.4,1.0,6.4,0.6,2024-2025
2820,40,Tristan Da Silva,SF,23,ORL,2,5,-11.8,.000,1.000,.000,0.0,100.0,46.8,27.0,0.0,0.0,66.7,27.4,,-0.1,0.0,-0.1,-0.629,,-22.2,-0.5,-22.6,0.0,2024-2025
2821,41,Pacôme Dadiet,SG,19,NYK,2,4,19.8,1.000,.000,.000,0.0,0.0,0.0,0.0,0.0,0.0,0.0,10.9,,0.0,0.0,0.0,.190,,3.9,0.1,4.0,0.0,2024-2025
2822,42,JD Davison,PG,22,BOS,4,13,-0.9,.225,.250,.250,9.0,16.7,13.0,33.9,0.0,0.0,10.1,34.7,,-0.1,0.0,-0.1,-0.281,,-7.8,-6.6,-14.4,0.0,2024-2025
2823,43,Ousmane Dieng,C,21,OKC,9,32,16.2,.643,.700,.200,0.0,13.7,6.8,12.9,0.0,3.1,0.0,14.4,,0.1,0.0,0.1,.202,,4.9,1.3,6.3,0.1,2024-2025
2824,44,Rob Dillingham,PG,20,MIN,3,16,21.1,.450,.250,.250,0.0,14.4,7.3,68.9,0.0,0.0,0.0,24.1,,0.1,0.0,0.1,.230,,5.3,1.1,6.4,0.0,2024-2025
2825,45,Donte DiVincenzo,SG,28,MIN,15,377,9.8,.493,.698,.103,3.8,10.4,7.1,18.9,2.8,1.1,17.5,18.4,,-0.1,0.5,0.4,.046,,-2.1,1.5,-0.5,0.1,2024-2025
2826,46,Luka Dončić,PG,25,LAL,5,208,21.5,.608,.442,.442,1.1,18.0,9.8,28.2,1.3,1.4,13.9,32.4,,0.5,0.1,0.6,.136,,4.8,0.5,5.3,0.4,2024-2025
2827,47,Luguentz Dort,SF,25,OKC,23,666,8.1,.524,.854,.134,5.2,9.4,7.3,4.0,2.1,1.5,10.3,12.3,,0.2,1.0,1.1,.081,,-2.3,1.4,-0.9,0.2,2024-2025
2828,48,Kris Dunn,PG,30,LAC,7,153,12.3,.500,.636,.000,7.6,10.9,9.2,8.0,2.7,2.3,2.2,13.6,,0.2,0.1,0.3,.095,,-1.6,2.7,1.1,0.1,2024-2025
2829,49,Jalen Duren,C,21,DET,6,203,19.0,.708,.000,.575,15.2,20.7,18.1,16.0,0.5,4.1,16.6,12.8,,0.6,0.3,0.9,.216,,1.6,2.5,4.2,0.3,2024-2025
2830,50,Tari Eason,PF,23,HOU,7,132,14.7,.558,.432,.182,6.0,19.1,12.6,6.3,3.1,5.8,17.4,19.3,,0.0,0.2,0.2,.078,,-0.8,3.1,2.3,0.1,2024-2025
2831,51,Zach Edey,C,22,MEM,4,108,13.5,.691,.000,.467,11.2,18.9,15.2,9.9,0.0,8.2,24.9,9.3,,0.1,0.1,0.2,.084,,-0.3,2.9,2.6,0.1,2024-2025
2832,52,Anthony Edwards,SG,23,MIN,15,585,20.2,.564,.436,.299,3.6,19.5,11.7,23.7,1.5,1.9,10.4,27.9,,1.1,0.7,1.9,.154,,4.8,1.2,6.0,1.2,2024-2025
2833,53,Drew Eubanks,C,27,LAC,3,13,2.8,.431,.000,3.000,0.0,9.2,4.5,0.0,0.0,0.0,0.0,16.5,,0.0,0.0,0.0,-0.018,,-8.9,-3.3,-12.3,0.0,2024-2025
2834,54,Dorian Finney-Smith,PF,31,LAL,5,170,6.9,.534,.655,.000,7.0,7.3,7.2,11.8,0.3,1.1,14.7,9.3,,0.1,0.0,0.1,.033,,-2.0,-0.2,-2.3,0.0,2024-2025
2835,55,Johnny Furphy,SG,20,IND,11,35,-0.8,.225,.500,.250,3.5,15.6,9.9,3.5,0.0,2.6,18.4,6.9,,-0.1,0.0,0.0,-0.057,,-8.5,-0.3,-8.8,-0.1,2024-2025
2836,56,Darius Garland,PG,25,CLE,5,148,14.4,.566,.507,.348,0.7,8.0,4.2,26.8,0.7,0.0,15.9,27.3,,0.2,0.1,0.3,.088,,0.6,-2.4,-1.9,0.0,2024-2025
2837,57,Luka Garza,C,26,MIN,5,19,31.7,1.083,.167,.000,18.6,0.0,9.2,0.0,0.0,0.0,0.0,13.7,,0.1,0.0,0.1,.294,,11.1,0.0,11.1,0.1,2024-2025
2838,58,Shai Gilgeous-Alexander,PG,26,OKC,23,851,25.3,.574,.224,.431,2.9,12.9,7.9,30.6,2.2,2.4,9.1,32.9,,2.6,1.4,3.9,.222,,5.7,2.6,8.3,2.2,2024-2025
2839,59,Rudy Gobert,C,32,MIN,15,411,14.4,.584,.000,.633,13.5,22.9,18.3,3.8,1.0,4.3,11.4,12.0,,0.6,0.6,1.2,.138,,-0.8,0.4,-0.3,0.2,2024-2025
2840,60,Jordan Goodwin,PG,26,LAL,4,31,1.8,.255,.400,.400,7.7,11.0,9.4,9.4,1.7,3.1,14.5,10.4,,-0.1,0.0,0.0,-0.050,,-9.1,0.3,-8.8,-0.1,2024-2025
2841,61,Aaron Gordon,PF,29,DEN,14,522,15.8,.601,.347,.299,10.6,11.6,11.1,11.4,0.8,0.9,12.1,17.8,,1.0,0.2,1.3,.116,,3.1,-0.9,2.2,0.5,2024-2025
2842,62,A.J. Green,SG,25,MIL,5,135,13.5,.690,.897,.051,1.6,10.9,6.0,10.9,0.0,0.7,0.0,13.1,,0.4,0.0,0.3,.124,,2.6,0.0,2.6,0.2,2024-2025
2843,63,Draymond Green,PF,34,GSW,12,389,7.8,.479,.556,.120,2.5,17.5,9.6,17.9,2.2,2.6,24.0,17.0,,-0.6,0.5,-0.1,-0.009,,-4.3,1.8,-2.5,0.0,2024-2025
2844,64,Jalen Green,SG,22,HOU,7,219,11.6,.482,.512,.279,1.5,17.5,9.6,14.8,0.9,1.0,9.4,21.5,,0.0,0.2,0.2,.045,,-1.1,-0.5,-1.5,0.0,2024-2025
2845,65,Javonte Green,SG,31,CLE,6,39,16.8,.593,.500,.600,2.8,24.2,13.1,6.8,5.1,0.0,13.7,16.1,,0.1,0.1,0.1,.164,,-1.9,4.4,2.4,0.0,2024-2025
2846,66,Jeff Green,PF,38,HOU,3,5,17.9,.500,.333,.000,22.6,0.0,11.1,0.0,0.0,0.0,0.0,26.6,,0.0,0.0,0.0,.117,,6.4,-7.1,-0.7,0.0,2024-2025
2847,67,Rui Hachimura,PF,26,LAL,5,182,12.2,.634,.544,.053,2.6,11.8,7.3,4.8,0.9,1.6,10.7,16.8,,0.2,0.1,0.2,.060,,0.7,-0.3,0.4,0.1,2024-2025
2848,68,Tyrese Haliburton,PG,24,IND,23,772,20.0,.581,.505,.203,1.1,16.5,9.2,39.1,1.9,1.8,13.4,22.7,,1.7,0.8,2.5,.158,,3.9,0.8,4.7,1.3,2024-2025
2849,69,Tim Hardaway Jr.,SG,32,DET,6,188,5.8,.477,.732,.141,1.3,8.8,5.2,5.8,0.5,0.0,10.7,19.3,,-0.2,0.1,-0.1,-0.015,,-3.0,-1.5,-4.5,-0.1,2024-2025
2850,70,James Harden,PG,35,LAC,7,276,18.6,.567,.436,.327,1.7,14.7,8.1,33.8,1.7,2.2,15.4,22.9,,0.5,0.2,0.7,.122,,2.5,1.5,4.1,0.4,2024-2025
2851,71,Gary Harris,SG,30,ORL,5,83,4.6,.438,.750,.000,1.3,6.2,3.5,5.1,1.9,1.2,0.0,4.4,,0.0,0.0,0.0,.027,,-5.8,2.7,-3.1,0.0,2024-2025
2852,72,Tobias Harris,PF,32,DET,6,233,14.0,.602,.324,.225,4.1,18.0,11.3,2.0,1.3,2.5,7.1,15.5,,0.3,0.3,0.6,.132,,0.4,1.6,2.0,0.2,2024-2025
2853,73,Josh Hart,SG,29,NYK,18,642,15.1,.599,.375,.465,7.8,21.0,14.2,17.7,1.6,1.6,16.8,14.1,,1.1,0.7,1.8,.138,,1.1,2.3,3.4,0.9,2024-2025
2854,74,Isaiah Hartenstein,C,26,OKC,23,516,18.3,.632,.000,.224,13.2,23.4,18.2,14.3,1.8,2.3,15.5,14.3,,1.1,1.0,2.1,.199,,0.9,2.6,3.5,0.7,2024-2025
2855,75,Sam Hauser,PF,27,BOS,8,108,6.4,.573,.875,.042,0.0,12.1,6.2,5.6,0.5,0.8,10.9,11.6,,0.0,0.1,0.2,.069,,-2.5,0.0,-2.5,0.0,2024-2025
2856,76,Jaxson Hayes,C,24,LAL,4,31,6.2,.394,.000,.250,19.2,11.0,15.0,5.2,0.0,3.1,10.1,14.9,,0.0,0.0,0.0,.002,,-7.7,-3.0,-10.7,-0.1,2024-2025
2857,77,Tyler Herro,SG,25,MIA,4,144,9.7,.512,.446,.154,0.0,12.4,5.8,13.5,0.7,0.0,11.5,25.3,,-0.1,-0.3,-0.4,-0.135,,-2.9,-3.7,-6.6,-0.2,2024-2025
2858,78,Buddy Hield,SG,32,GSW,12,327,14.7,.572,.616,.112,6.0,8.8,7.3,10.6,2.2,1.4,9.0,19.4,,0.4,0.3,0.7,.105,,2.2,1.1,3.3,0.4,2024-2025
2859,79,Haywood Highsmith,SF,28,MIA,4,84,14.0,.763,.789,.000,5.3,13.7,9.2,7.6,1.9,2.7,17.4,12.7,,0.1,-0.1,0.0,.010,,0.5,1.6,2.0,0.1,2024-2025
2860,80,Aaron Holiday,PG,28,HOU,3,27,10.4,.510,.500,.400,4.2,4.1,4.1,18.0,0.0,0.0,7.8,20.9,,0.0,0.0,0.0,.059,,-2.2,-4.0,-6.2,0.0,2024-2025
2861,81,Jrue Holiday,PG,34,BOS,8,264,10.8,.578,.433,.217,5.3,8.6,7.0,18.7,1.4,0.3,19.6,14.1,,0.2,0.3,0.6,.100,,-1.6,1.5,-0.1,0.1,2024-2025
2862,82,Ron Holland,SF,19,DET,5,34,-0.6,.479,.600,2.000,10.5,9.7,10.1,0.0,0.0,2.4,39.0,19.5,,-0.1,0.0,-0.1,-0.140,,-10.1,-2.6,-12.7,-0.1,2024-2025
2863,83,Chet Holmgren,C,22,OKC,23,686,18.1,.565,.342,.365,6.6,25.1,15.8,4.8,1.2,6.3,8.3,20.8,,0.9,1.4,2.3,.161,,0.9,1.5,2.4,0.8,2024-2025
2864,84,Al Horford,C,38,BOS,11,348,12.3,.586,.486,.097,6.0,15.0,10.7,8.7,1.1,3.7,8.5,10.8,,0.5,0.5,1.1,.145,,0.3,2.4,2.7,0.4,2024-2025
2865,85,Caleb Houstan,SF,22,ORL,5,47,-4.1,.214,.714,.000,4.6,5.5,5.0,3.0,0.0,2.2,12.5,15.6,,-0.2,0.0,-0.2,-0.215,,-9.0,-3.6,-12.6,-0.1,2024-2025
2866,86,Jett Howard,SF,21,ORL,1,4,61.8,1.500,1.000,.000,0.0,0.0,0.0,0.0,0.0,0.0,0.0,22.8,,0.0,0.0,0.0,.319,,38.1,9.4,47.5,0.0,2024-2025
2867,87,Jay Huff,C,26,MEM,2,18,20.4,.694,.250,1.000,6.1,11.3,8.8,8.7,0.0,14.7,14.8,15.7,,0.0,0.0,0.1,.162,,4.1,5.0,9.2,0.1,2024-2025
2868,88,Ariel Hukporti,C,22,NYK,3,5,29.2,.694,.000,1.000,0.0,47.3,23.1,0.0,0.0,0.0,0.0,25.0,,0.0,0.0,0.0,.085,,9.5,1.8,11.3,0.0,2024-2025
2869,89,De'Andre Hunter,SF,27,CLE,8,185,13.7,.591,.413,.413,3.6,14.7,8.9,6.1,1.1,0.5,8.6,18.8,,0.3,0.2,0.5,.127,,-0.6,-0.4,-1.0,0.0,2024-2025
2870,90,Jonathan Isaac,PF,27,ORL,5,69,12.3,.634,.333,.417,7.8,9.4,8.5,4.5,1.5,1.5,12.3,10.7,,0.1,0.0,0.1,.080,,-1.1,1.2,0.1,0.0,2024-2025
2871,91,Andre Jackson Jr.,SG,23,MIL,2,5,-7.6,.000,1.000,.000,0.0,0.0,0.0,0.0,0.0,0.0,0.0,8.9,,0.0,0.0,0.0,-0.240,,-11.2,-6.9,-18.1,0.0,2024-2025
2872,92,Jaren Jackson Jr.,C,25,MEM,4,137,9.0,.479,.190,.345,7.2,8.2,7.7,7.4,1.4,1.3,14.1,23.7,,-0.2,0.0,-0.2,-0.060,,-2.0,-1.5,-3.5,-0.1,2024-2025
2873,93,Trayce Jackson-Davis,C,24,GSW,9,80,21.5,.780,.000,.722,12.2,18.0,14.9,4.4,1.9,2.3,4.0,13.6,,0.3,0.1,0.4,.233,,1.6,1.3,2.9,0.1,2024-2025
2874,94,Bronny James,SG,20,LAL,2,4,-19.8,.000,1.000,.000,0.0,0.0,0.0,0.0,0.0,0.0,0.0,23.4,,0.0,0.0,0.0,-0.587,,-21.1,-11.4,-32.5,0.0,2024-2025
2875,95,LeBron James,SF,40,LAL,5,204,25.5,.601,.318,.455,7.0,18.3,12.8,26.9,2.6,4.3,11.0,27.2,,0.6,0.2,0.8,.198,,6.9,2.7,9.5,0.6,2024-2025
2876,96,Jaime Jaquez Jr.,SF,23,MIA,3,19,3.5,.291,.333,.333,17.6,6.7,12.6,7.5,0.0,0.0,12.7,19.3,,0.0,0.0,-0.1,-0.236,,-5.0,-5.8,-10.8,0.0,2024-2025
2877,97,Ty Jerome,SG,27,CLE,9,191,15.5,.521,.391,.217,2.9,10.5,6.6,25.5,1.3,0.5,9.8,25.1,,0.3,0.2,0.4,.111,,1.0,-1.2,-0.2,0.1,2024-2025
2878,98,Isaiah Joe,SG,25,OKC,21,211,17.4,.676,.767,.192,3.6,11.4,7.5,9.8,1.6,0.9,8.1,17.3,,0.6,0.3,0.8,.192,,3.5,2.1,5.6,0.4,2024-2025
2879,99,James Johnson,PF,37,IND,5,18,17.8,.595,.200,.400,0.0,6.1,3.2,16.5,5.4,10.2,14.5,16.9,,0.0,0.0,0.0,.133,,-1.5,8.2,6.7,0.0,2024-2025
2880,100,Keshad Johnson,SF,23,MIA,2,8,6.3,1.000,.000,.000,14.0,0.0,7.5,0.0,0.0,0.0,50.0,11.6,,0.0,0.0,0.0,-0.142,,-6.5,-3.5,-10.0,0.0,2024-2025
2881,101,Nikola Jokić,C,29,DEN,14,563,24.7,.587,.265,.377,5.7,28.6,17.3,35.6,2.5,1.9,15.0,28.2,,1.3,0.8,2.1,.181,,6.9,3.8,10.7,1.8,2024-2025
2882,102,Derrick Jones Jr.,SF,27,LAC,7,129,12.7,.495,.417,.167,4.5,7.4,5.9,2.3,1.6,6.0,5.5,19.6,,-0.1,0.1,0.0,.016,,-1.0,0.9,-0.1,0.1,2024-2025
2883,103,Dillon Jones,SF,23,OKC,10,46,19.2,.968,.364,.182,7.0,14.3,10.6,16.6,1.1,2.2,33.6,16.5,,0.1,0.1,0.2,.179,,3.4,4.0,7.5,0.1,2024-2025
2884,104,DeAndre Jordan,C,36,DEN,7,36,4.3,.630,.000,1.333,3.1,24.0,13.7,7.8,0.0,2.5,29.6,8.1,,0.0,0.0,0.0,.004,,-6.8,1.0,-5.8,0.0,2024-2025
2885,105,Cory Joseph,PG,33,ORL,5,124,9.9,.521,.667,.000,0.9,8.3,4.2,18.3,2.1,1.7,7.7,9.6,,0.1,0.1,0.2,.065,,-2.6,3.0,0.3,0.1,2024-2025
2886,106,Nikola Jović,PF,21,MIA,4,75,15.4,.505,.686,.171,6.0,20.5,12.7,13.7,2.1,1.5,11.7,26.4,,0.0,-0.1,-0.1,-0.080,,0.9,-0.9,0.0,0.0,2024-2025
2887,107,Luke Kennard,SG,28,MEM,4,80,8.3,.500,.500,.000,2.8,15.3,9.3,15.4,2.4,1.1,25.0,12.5,,-0.1,0.0,0.0,-0.025,,-2.2,1.6,-0.6,0.0,2024-2025
2888,108,Braxton Key,SF,27,GSW,5,23,2.0,.125,.125,.000,23.5,20.8,22.2,6.0,4.4,8.0,27.3,21.1,,-0.2,0.1,-0.1,-0.215,,-10.3,0.2,-10.0,0.0,2024-2025
2889,109,Maxi Kleber,PF,33,LAL,1,5,-4.4,.532,1.000,2.000,0.0,0.0,0.0,0.0,0.0,0.0,34.7,26.9,,0.0,0.0,0.0,-0.233,,-12.2,-6.5,-18.6,0.0,2024-2025
2890,110,Dalton Knecht,SF,23,LAL,2,4,45.4,.500,.800,.000,59.4,28.3,43.5,0.0,0.0,0.0,0.0,58.4,,0.0,0.0,0.0,.208,,27.4,-9.2,18.2,0.0,2024-2025
2891,111,Kevin Knox,SF,25,GSW,5,38,14.4,.473,.300,.250,8.5,12.6,10.5,18.9,0.0,2.4,8.3,28.1,,0.0,0.0,0.0,.026,,0.3,-2.5,-2.1,0.0,2024-2025
2892,112,Tyler Kolek,PG,23,NYK,3,6,38.7,1.500,1.000,.000,0.0,19.7,9.6,77.6,0.0,0.0,0.0,7.2,,0.1,0.0,0.1,.648,,17.4,5.6,23.1,0.0,2024-2025
2893,113,John Konchar,SG,28,MEM,4,69,8.3,.511,.667,.444,4.8,14.8,10.0,12.3,1.4,2.6,15.7,7.7,,0.0,0.0,0.1,.046,,-1.9,2.8,0.9,0.1,2024-2025
2894,114,Luke Kornet,C,29,BOS,11,180,17.5,.769,.000,.276,10.3,16.3,13.4,4.3,1.7,6.6,13.3,9.5,,0.5,0.4,0.8,.221,,0.3,3.3,3.6,0.3,2024-2025
2895,115,Jonathan Kuminga,PF,22,GSW,8,187,16.5,.572,.269,.333,4.1,8.3,6.1,10.2,1.1,2.0,10.9,28.2,,0.1,0.1,0.2,.061,,1.2,-0.4,0.8,0.1,2024-2025
2896,116,Kyle Kuzma,PF,29,MIL,5,102,2.4,.385,.286,.171,3.2,9.7,6.2,5.6,0.0,0.9,7.4,17.6,,-0.2,0.0,-0.2,-0.107,,-7.4,-3.4,-10.9,-0.2,2024-2025
2897,117,Jock Landale,C,29,HOU,1,5,8.3,.500,.000,.000,0.0,0.0,0.0,0.0,0.0,0.0,0.0,17.7,,0.0,0.0,0.0,.007,,-3.3,-6.2,-9.5,0.0,2024-2025
2898,118,Pelle Larsson,SG,23,MIA,4,52,12.9,.613,.533,.200,4.3,17.2,10.3,12.8,1.0,0.0,10.9,16.4,,0.1,-0.1,0.0,-0.024,,-0.9,0.4,-0.5,0.0,2024-2025
2899,119,Alex Len,C,31,LAL,2,4,23.2,.000,.000,.000,89.1,28.3,58.0,0.0,0.0,0.0,0.0,11.7,,0.0,0.0,0.0,.167,,7.9,-16.4,-8.5,0.0,2024-2025
2900,120,Kawhi Leonard,SF,33,LAC,7,265,24.3,.630,.301,.293,4.8,19.0,11.8,20.9,1.6,1.6,9.8,26.9,,0.8,0.2,1.0,.185,,5.0,2.1,7.0,0.6,2024-2025
2901,121,Damian Lillard,PG,34,MIL,3,75,6.7,.349,.593,.259,1.4,11.5,6.1,25.5,1.3,2.6,9.1,19.5,,-0.1,0.0,-0.1,-0.058,,-4.8,-2.0,-6.8,-0.1,2024-2025
2902,122,Chris Livingston,SF,21,MIL,2,5,-4.9,.000,1.000,.000,0.0,24.6,11.5,0.0,0.0,0.0,0.0,8.9,,0.0,0.0,0.0,-0.219,,-11.3,-5.4,-16.6,0.0,2024-2025
2903,123,Kevon Looney,C,28,GSW,12,120,12.5,.490,.000,.348,15.3,25.9,20.4,4.9,2.1,3.1,7.0,10.5,,0.2,0.2,0.4,.144,,-4.4,1.1,-3.3,0.0,2024-2025
2904,124,Brook Lopez,C,36,MIL,5,74,8.8,.517,.682,.227,4.4,8.3,6.2,7.7,0.7,6.5,14.2,16.9,,0.0,0.0,0.0,.010,,-3.8,0.2,-3.6,0.0,2024-2025
2905,125,Bennedict Mathurin,SF,22,IND,22,385,18.5,.628,.405,.696,8.3,13.4,11.0,7.4,1.1,1.7,11.9,25.2,,0.9,0.3,1.2,.152,,1.6,-0.2,1.4,0.3,2024-2025
2906,126,Miles McBride,SG,24,NYK,18,341,7.7,.533,.656,.189,1.0,6.2,3.6,7.4,1.2,0.6,10.1,13.8,,0.1,0.2,0.3,.040,,-1.9,0.1,-1.8,0.0,2024-2025
2907,127,T.J. McConnell,PG,32,IND,23,402,19.0,.583,.109,.154,3.7,17.2,10.8,38.0,2.4,0.5,19.1,25.4,,0.4,0.5,0.9,.103,,1.3,1.3,2.6,0.5,2024-2025
2908,128,Jaden McDaniels,PF,24,MIN,15,497,15.6,.607,.325,.166,6.4,13.2,9.8,7.2,1.9,2.6,9.0,17.4,,0.9,0.6,1.5,.143,,0.6,2.0,2.6,0.6,2024-2025
2909,129,Sam Merrill,SG,28,CLE,8,159,10.6,.557,.975,.075,4.8,9.7,7.2,11.6,1.2,1.3,4.6,11.7,,0.3,0.1,0.4,.130,,-0.4,0.9,0.5,0.1,2024-2025
2910,130,Jordan Miller,SF,25,LAC,3,13,32.2,.444,.143,.286,0.0,18.4,9.1,50.1,12.0,0.0,0.0,28.1,,0.0,0.0,0.1,.248,,3.0,11.6,14.6,0.1,2024-2025
2911,131,Leonard Miller,SF,21,MIN,3,13,39.8,.813,.125,.000,27.2,17.7,22.4,0.0,0.0,0.0,11.1,30.0,,0.1,0.0,0.1,.281,,10.8,-1.3,9.6,0.0,2024-2025
2912,132,Patty Mills,PG,36,LAC,1,4,4.6,.750,.500,.000,0.0,0.0,0.0,0.0,0.0,0.0,33.3,34.7,,0.0,0.0,0.0,-0.227,,-4.6,-2.9,-7.5,0.0,2024-2025
2913,133,Shake Milton,SG,28,LAL,2,4,-13.9,.000,.000,.000,0.0,0.0,0.0,0.0,0.0,0.0,0.0,11.7,,0.0,0.0,0.0,-0.303,,-19.8,-6.3,-26.1,0.0,2024-2025
2914,134,Josh Minott,SF,22,MIN,5,23,-2.0,.313,.750,.000,0.0,0.0,0.0,11.8,0.0,4.3,20.0,18.8,,-0.1,0.0,-0.1,-0.181,,-7.8,-2.7,-10.4,0.0,2024-2025
2915,135,Ajay Mitchell,SG,22,OKC,12,84,12.2,.551,.371,.143,3.8,7.8,5.8,16.2,1.2,0.0,13.9,21.8,,0.0,0.1,0.1,.067,,-1.3,-0.1,-1.4,0.0,2024-2025
2916,136,Davion Mitchell,PG,26,MIA,4,142,16.6,.681,.341,.171,1.6,6.3,3.8,30.4,1.1,0.8,15.4,17.0,,0.4,-0.3,0.1,.026,,1.6,0.0,1.5,0.1,2024-2025
2917,137,Donovan Mitchell,SG,28,CLE,9,288,27.5,.570,.433,.459,4.2,12.7,8.3,22.0,2.9,1.1,6.8,37.2,,1.0,0.4,1.4,.228,,6.5,1.4,7.9,0.7,2024-2025
2918,138,Evan Mobley,PF,23,CLE,8,257,22.7,.699,.356,.287,9.0,20.2,14.4,7.7,1.7,3.2,10.1,18.2,,0.9,0.4,1.2,.232,,4.7,0.9,5.7,0.5,2024-2025
2919,139,Moses Moody,SG,22,GSW,12,193,12.4,.486,.563,.213,5.0,10.5,7.7,11.7,1.6,1.4,4.4,20.9,,0.1,0.2,0.3,.071,,-0.2,-0.2,-0.5,0.1,2024-2025
2920,140,Ja Morant,PG,25,MEM,3,82,15.2,.475,.302,.208,1.3,6.2,3.9,38.0,1.2,2.2,9.4,32.5,,-0.1,0.0,-0.1,-0.042,,4.7,-0.2,4.5,0.1,2024-2025
2921,141,Jamal Murray,PG,27,DEN,14,578,15.1,.555,.384,.224,1.7,11.0,6.4,21.1,1.5,1.7,13.8,23.8,,0.4,0.4,0.8,.065,,1.9,0.2,2.1,0.6,2024-2025
2922,142,Andrew Nembhard,SG,25,IND,23,769,12.9,.590,.386,.206,2.2,8.5,5.6,19.7,2.2,0.6,14.7,16.4,,0.8,0.6,1.5,.091,,-0.3,1.3,1.0,0.6,2024-2025
2923,143,Aaron Nesmith,SF,25,IND,23,650,14.3,.639,.575,.170,5.1,17.4,11.6,5.8,1.5,2.5,9.2,17.1,,1.0,0.7,1.7,.125,,0.8,1.0,1.7,0.6,2024-2025
2924,144,Zeke Nnaji,PF,24,DEN,6,34,3.8,.316,.750,.875,9.8,12.7,11.2,7.7,1.5,5.4,15.3,16.6,,-0.1,0.0,0.0,-0.068,,-5.8,-0.7,-6.5,0.0,2024-2025
2925,145,Chuma Okeke,PF,26,CLE,3,13,7.1,.375,1.000,.000,0.0,0.0,0.0,9.9,3.8,0.0,0.0,13.2,,0.0,0.0,0.0,.035,,-2.1,0.3,-1.8,0.0,2024-2025
2926,146,Isaac Okoro,SG,24,CLE,9,128,10.6,.612,.533,.267,3.4,6.5,4.9,5.3,2.3,0.8,10.7,12.5,,0.1,0.1,0.3,.106,,-2.0,0.8,-1.2,0.0,2024-2025
2927,147,Cameron Payne,PG,30,NYK,14,102,2.1,.391,.568,.081,0.0,9.3,4.5,12.7,2.5,1.0,15.4,19.3,,-0.3,0.1,-0.2,-0.080,,-9.4,-0.4,-9.8,-0.2,2024-2025
2928,148,Gary Payton II,SG,32,GSW,11,180,11.1,.543,.489,.000,6.0,9.3,7.6,13.7,2.8,0.0,11.3,13.0,,0.2,0.2,0.3,.091,,-1.4,1.7,0.3,0.1,2024-2025
2929,149,Jalen Pickett,SG,25,DEN,8,57,1.4,.433,.600,.000,0.0,13.3,6.7,12.5,0.0,1.6,28.6,15.9,,-0.2,0.0,-0.1,-0.122,,-5.4,-2.7,-8.1,-0.1,2024-2025
2930,150,Scotty Pippen Jr.,PG,24,MEM,4,129,12.1,.550,.483,.328,3.4,14.3,9.0,18.7,1.5,0.7,17.4,26.0,,0.0,0.0,0.0,.000,,-0.7,-0.1,-0.8,0.0,2024-2025
2931,151,Brandin Podziemski,SG,21,GSW,12,385,10.6,.473,.508,.182,4.5,13.7,8.9,15.0,2.0,0.5,11.2,18.4,,-0.1,0.4,0.3,.036,,-1.2,0.2,-1.1,0.1,2024-2025
2932,152,Craig Porter Jr.,PG,24,CLE,6,35,21.8,.500,.250,.000,9.4,10.1,9.8,37.8,4.3,5.8,14.3,17.1,,0.1,0.1,0.1,.202,,3.0,5.4,8.4,0.1,2024-2025
2933,153,Kevin Porter Jr.,SG,24,MIL,5,151,12.0,.521,.313,.271,2.2,12.2,6.9,26.0,1.3,0.0,14.3,18.4,,0.1,0.0,0.1,.040,,-1.2,-1.0,-2.2,0.0,2024-2025
2934,154,Michael Porter Jr.,SF,26,DEN,14,435,8.2,.507,.583,.117,3.6,15.6,9.7,3.0,1.0,1.3,9.3,13.8,,0.0,0.3,0.2,.025,,-1.1,-1.1,-2.2,0.0,2024-2025
2935,155,Bobby Portis,PF,29,MIL,5,158,12.7,.511,.412,.015,5.5,25.7,15.0,7.1,0.6,1.2,8.1,20.9,,0.0,0.0,0.0,.002,,-0.8,-1.9,-2.7,0.0,2024-2025
2936,156,Kristaps Porziņģis,C,29,BOS,11,231,11.3,.430,.329,.570,10.6,14.1,12.4,5.3,2.3,3.6,9.2,21.5,,-0.2,0.4,0.3,.054,,-3.2,-0.9,-4.0,-0.1,2024-2025
2937,157,Quinten Post,PF,24,GSW,12,146,7.7,.452,.667,.083,4.4,18.0,10.9,12.5,1.0,1.9,10.8,16.8,,-0.1,0.1,0.1,.023,,-3.4,-0.2,-3.6,-0.1,2024-2025
2938,158,Norman Powell,SG,31,LAC,7,238,13.0,.578,.449,.202,0.5,8.0,4.2,10.7,1.7,0.7,11.0,21.2,,0.1,0.1,0.2,.047,,-1.1,0.1,-1.0,0.1,2024-2025
2939,159,Taurean Prince,SF,30,MIL,5,61,1.6,.300,.900,.000,0.0,10.1,4.7,16.8,1.6,1.6,33.3,10.9,,-0.2,0.0,-0.1,-0.111,,-6.4,-0.4,-6.8,-0.1,2024-2025
2940,160,Payton Pritchard,PG,27,BOS,11,302,13.4,.615,.677,.172,3.5,5.8,4.6,9.2,1.0,0.0,7.8,17.5,,0.6,0.3,0.9,.137,,1.5,-0.6,0.9,0.2,2024-2025
2941,161,Neemias Queta,C,25,BOS,4,13,40.9,.833,.000,.000,17.9,0.0,8.6,41.2,4.0,0.0,0.0,21.1,,0.1,0.0,0.1,.498,,11.7,6.4,18.1,0.1,2024-2025
2942,162,Julius Randle,PF,30,MIN,15,533,18.9,.622,.341,.328,6.0,13.2,9.6,22.9,1.1,0.4,15.8,25.3,,1.2,0.5,1.7,.152,,3.4,0.8,4.2,0.8,2024-2025
2943,163,Austin Reaves,SG,26,LAL,5,196,9.4,.532,.644,.096,2.4,13.3,8.0,16.2,0.3,1.5,15.5,21.5,,-0.1,0.0,0.0,-0.011,,-1.7,-2.0,-3.7,-0.1,2024-2025
2944,164,Paul Reed,C,25,DET,5,53,14.8,.658,.000,.750,15.7,16.7,16.2,2.8,4.7,4.7,32.0,12.7,,0.0,0.1,0.1,.120,,-2.2,4.3,2.0,0.1,2024-2025
2945,165,Naz Reid,C,25,MIN,15,375,13.8,.645,.573,.227,5.0,16.9,11.0,9.9,1.5,3.7,18.8,17.2,,0.3,0.5,0.8,.107,,0.3,2.2,2.5,0.4,2024-2025
2946,166,Duncan Robinson,SF,30,MIA,4,59,0.4,.539,.857,.286,0.0,8.7,4.0,2.5,0.0,0.0,27.6,17.1,,-0.1,-0.1,-0.3,-0.228,,-7.3,-4.3,-11.6,-0.1,2024-2025
2947,167,Mitchell Robinson,C,26,NYK,18,370,15.3,.555,.000,1.098,20.5,19.2,19.9,2.6,2.3,3.8,14.7,10.4,,0.5,0.5,1.1,.138,,0.0,0.2,0.2,0.2,2024-2025
2948,168,Ryan Rollins,PG,22,MIL,3,30,7.4,.385,.538,.000,3.6,4.1,3.8,19.6,1.7,0.0,0.0,19.2,,0.0,0.0,0.0,-0.021,,-2.6,-1.3,-4.0,0.0,2024-2025
2949,169,Gui Santos,PF,22,GSW,10,72,12.7,.662,.588,.353,4.5,15.0,9.5,17.3,2.1,1.3,23.4,15.7,,0.1,0.1,0.1,.097,,-1.6,2.0,0.4,0.0,2024-2025
2950,170,Baylor Scheierman,SG,24,BOS,4,22,2.7,.400,.500,.000,5.3,14.8,10.2,0.0,0.0,0.0,9.1,22.8,,-0.1,0.0,0.0,-0.080,,-6.3,-3.3,-9.6,0.0,2024-2025
2951,171,Dennis Schröder,PG,31,DET,6,164,16.7,.625,.396,.302,2.9,6.7,4.9,21.8,2.1,0.5,10.4,17.6,,0.4,0.2,0.6,.166,,2.4,2.2,4.6,0.3,2024-2025
2952,172,Alperen Şengün,C,22,HOU,7,256,20.8,.491,.061,.305,9.2,26.5,18.0,27.0,2.6,1.3,9.2,28.3,,0.3,0.4,0.7,.139,,2.3,2.4,4.7,0.4,2024-2025
2953,173,Landry Shamet,SG,27,NYK,11,83,8.1,.597,.750,.200,0.0,5.7,2.8,13.7,0.6,0.0,15.5,13.5,,0.1,0.0,0.1,.043,,-0.5,-0.2,-0.7,0.0,2024-2025
2954,174,Terrence Shannon Jr.,SG,24,MIN,9,57,22.2,.635,.296,.444,2.1,18.2,10.2,8.9,3.5,0.0,8.5,26.8,,0.2,0.1,0.3,.229,,0.5,3.5,4.0,0.1,2024-2025
2955,175,Ben Sheppard,SG,23,IND,21,293,6.4,.635,.745,.078,3.3,11.6,7.7,3.6,1.3,0.3,17.3,9.6,,0.1,0.2,0.3,.047,,-3.0,0.5,-2.5,0.0,2024-2025
2956,176,Reed Sheppard,PG,20,HOU,3,10,4.3,.000,1.000,.000,0.0,10.9,5.6,13.1,10.3,11.0,33.3,13.3,,-0.1,0.0,0.0,-0.116,,-7.8,9.1,1.3,0.0,2024-2025
2957,177,Pascal Siakam,PF,30,IND,23,771,20.3,.598,.240,.358,4.8,16.5,11.0,16.4,1.8,1.9,7.1,24.4,,1.8,0.8,2.6,.161,,3.1,1.1,4.3,1.2,2024-2025
2958,178,Ben Simmons,PG,28,LAC,5,42,5.5,.333,.000,.000,8.3,11.4,9.8,12.0,1.2,8.2,25.0,8.8,,0.0,0.0,0.0,.017,,-7.4,4.5,-2.9,0.0,2024-2025
2959,179,Jericho Sims,C,26,MIL,5,58,13.7,.956,.000,.500,20.6,19.1,19.9,2.4,0.0,1.7,40.6,9.4,,0.1,0.0,0.1,.088,,-1.6,-1.8,-3.3,0.0,2024-2025
2960,180,Jabari Smith Jr.,PF,21,HOU,7,143,12.6,.677,.647,.294,5.5,15.3,10.5,4.3,0.4,3.9,20.7,15.0,,0.1,0.1,0.3,.085,,0.1,0.8,1.0,0.1,2024-2025
2961,181,Pat Spencer,PG,28,GSW,8,63,19.4,.684,.120,.120,8.6,11.4,9.9,18.6,2.4,0.0,18.6,22.6,,0.1,0.1,0.2,.131,,-0.2,2.0,1.8,0.1,2024-2025
2962,182,Lamar Stevens,PF,27,MEM,2,12,-7.3,.222,.333,.000,0.0,34.0,17.7,14.3,0.0,0.0,10.0,34.8,,-0.1,0.0,-0.1,-0.461,,-10.1,-3.3,-13.3,0.0,2024-2025
2963,183,Isaiah Stewart,C,23,DET,1,19,8.3,.500,.000,.000,6.3,23.2,15.1,7.3,0.0,8.8,0.0,4.5,,0.0,0.0,0.1,.130,,-5.8,3.0,-2.8,0.0,2024-2025
2964,184,Julian Strawther,SG,22,DEN,9,88,9.8,.574,.400,.233,5.0,6.1,5.6,3.5,1.1,1.0,13.1,18.7,,0.0,0.0,0.1,.036,,-1.3,-0.7,-2.0,0.0,2024-2025
2965,185,Max Strus,SF,28,CLE,9,253,16.2,.573,.753,.067,7.0,16.3,11.5,19.6,1.2,0.8,7.1,16.7,,0.7,0.2,0.9,.176,,3.2,1.0,4.2,0.4,2024-2025
2966,186,Jayson Tatum,PF,26,BOS,8,322,24.1,.566,.446,.309,3.3,28.0,16.0,25.3,2.8,1.7,11.6,31.9,,0.6,0.8,1.4,.202,,5.4,3.2,8.6,0.9,2024-2025
2967,187,Amen Thompson,SF,22,HOU,7,231,19.3,.545,.047,.424,9.3,13.7,11.5,17.1,2.7,2.9,10.6,21.6,,0.4,0.3,0.7,.148,,1.5,2.2,3.7,0.3,2024-2025
2968,188,Ausar Thompson,SF,22,DET,6,135,15.9,.596,.048,.857,7.1,18.8,13.1,7.5,2.6,3.1,16.0,22.0,,0.1,0.2,0.3,.114,,-2.6,3.1,0.5,0.1,2024-2025
2969,189,Tristan Thompson,C,33,CLE,3,29,13.5,.478,.000,.500,7.6,52.9,29.4,4.6,1.7,7.0,21.5,13.8,,0.0,0.1,0.0,.067,,-3.3,2.5,-0.9,0.0,2024-2025
2970,190,Xavier Tillman Sr.,C,26,BOS,1,8,3.7,.250,.500,.000,14.5,27.1,21.1,0.0,0.0,0.0,0.0,22.8,,0.0,0.0,0.0,-0.117,,-5.2,-4.0,-9.2,0.0,2024-2025
2971,191,Obi Toppin,PF,26,IND,23,440,14.3,.578,.456,.211,3.6,18.7,11.6,10.4,1.7,1.7,11.4,21.2,,0.2,0.5,0.7,.076,,0.1,0.3,0.4,0.3,2024-2025
2972,192,Karl-Anthony Towns,C,29,NYK,18,639,19.1,.589,.260,.340,6.7,31.6,18.9,6.3,1.0,1.9,10.9,25.0,,1.0,0.8,1.9,.142,,1.6,-0.2,1.4,0.5,2024-2025
2973,193,Gary Trent Jr.,SG,26,MIL,5,171,19.7,.708,.710,.161,0.6,7.2,3.7,5.6,3.8,0.0,4.3,18.0,,0.5,0.1,0.6,.164,,3.5,2.9,6.4,0.4,2024-2025
2974,194,P.J. Tucker,SF,39,NYK,1,4,-3.9,0,0,0,0.0,0.0,0.0,0.0,0.0,0.0,0,0.0,,0.0,0.0,0.0,-0.002,,-8.6,2.2,-6.4,0.0,2024-2025
2975,195,Myles Turner,C,28,IND,23,675,14.9,.607,.411,.438,5.1,13.3,9.4,6.9,0.9,6.2,12.7,19.6,,0.7,0.7,1.4,.097,,-0.4,1.0,0.6,0.4,2024-2025
2976,196,Hunter Tyson,PF,24,DEN,5,30,21.0,.638,.500,.400,14.7,14.4,14.6,10.7,1.7,0.0,7.8,18.4,,0.1,0.0,0.1,.210,,4.1,-0.1,4.0,0.0,2024-2025
2977,197,Jaylon Tyson,SG,22,CLE,4,31,32.8,.680,.600,.400,10.6,15.2,12.9,36.1,3.2,3.3,10.2,27.1,,0.2,0.1,0.3,.406,,10.3,5.4,15.6,0.1,2024-2025
2978,198,Jarred Vanderbilt,PF,25,LAL,5,60,8.9,.451,.167,.667,7.9,28.3,18.4,12.1,2.6,1.6,27.9,8.4,,0.0,0.1,0.1,.068,,-4.2,3.4,-0.7,0.0,2024-2025
2979,199,Fred VanVleet,PG,30,HOU,7,280,16.0,.632,.667,.258,1.2,10.2,5.8,17.8,1.3,0.8,11.2,18.4,,0.7,0.2,0.9,.158,,1.9,1.2,3.2,0.4,2024-2025
2980,200,Gabe Vincent,PG,28,LAL,5,99,4.2,.500,.929,.000,0.0,5.7,2.9,7.5,0.5,1.9,6.7,7.1,,0.0,0.0,0.0,.007,,-4.0,0.6,-3.4,0.0,2024-2025
2981,201,Dean Wade,PF,28,CLE,9,142,6.8,.417,.778,.000,7.7,23.3,15.2,5.2,1.0,0.7,14.3,6.3,,0.0,0.2,0.2,.067,,-3.0,0.8,-2.2,0.0,2024-2025
2982,202,Franz Wagner,SF,23,ORL,5,195,19.1,.510,.322,.226,1.6,13.9,7.2,29.9,1.6,1.1,7.3,32.0,,0.1,0.1,0.2,.058,,3.3,1.3,4.6,0.3,2024-2025
2983,203,Jarace Walker,PF,21,IND,12,117,7.0,.503,.588,.118,2.1,17.8,10.4,9.4,0.8,1.6,16.4,16.2,,-0.1,0.1,0.0,-0.009,,-3.3,-0.6,-3.9,-0.1,2024-2025
2984,204,Cason Wallace,SG,21,OKC,23,516,10.8,.520,.521,.076,4.8,8.1,6.4,12.4,3.0,1.9,11.5,11.4,,0.3,0.8,1.2,.111,,-1.7,3.7,2.0,0.5,2024-2025
2985,205,Jordan Walsh,PF,20,BOS,5,15,0.4,.000,1.000,.000,0.0,7.2,3.7,8.8,0.0,0.0,0.0,3.0,,0.0,0.0,0.0,-0.007,,-4.6,-0.3,-5.0,0.0,2024-2025
2986,206,Kel'el Ware,C,20,MIA,4,73,11.9,.528,.611,.000,6.1,26.3,15.5,8.5,0.7,3.1,10.0,12.7,,0.0,-0.1,-0.1,-0.044,,-0.4,-0.5,-0.8,0.0,2024-2025
2987,207,Peyton Watson,SF,22,DEN,14,199,11.1,.477,.322,.271,7.8,14.6,11.3,3.0,2.8,4.1,10.8,16.1,,-0.1,0.3,0.2,.039,,-1.6,1.5,-0.1,0.1,2024-2025
2988,208,Russell Westbrook,PG,36,DEN,13,313,11.0,.505,.474,.301,6.7,10.0,8.4,17.4,1.9,0.3,16.6,25.0,,-0.2,0.2,0.0,-0.001,,-1.2,-0.8,-2.0,0.0,2024-2025
2989,209,Derrick White,SG,30,BOS,11,415,18.8,.636,.707,.245,3.9,11.0,7.6,15.8,0.9,2.7,7.4,19.3,,1.3,0.5,1.8,.208,,5.1,1.4,6.6,0.9,2024-2025
2990,210,Cam Whitmore,SF,20,HOU,3,5,-12.9,.000,.500,.000,0.0,21.9,11.1,0.0,0.0,0.0,0.0,17.7,,0.0,0.0,0.0,-0.357,,-14.0,-7.2,-21.2,0.0,2024-2025
2991,211,Aaron Wiggins,SG,26,OKC,22,303,11.8,.522,.580,.143,5.0,13.0,9.0,9.5,1.6,2.0,11.8,20.1,,0.0,0.4,0.4,.071,,-0.5,0.6,0.1,0.2,2024-2025
2992,212,Andrew Wiggins,SF,29,MIA,4,122,7.8,.485,.465,.233,3.7,9.4,6.4,11.8,0.4,4.7,18.8,22.2,,-0.2,-0.2,-0.5,-0.177,,-2.7,-2.8,-5.5,-0.1,2024-2025
2993,213,Jalen Williams,SG,23,OKC,23,796,19.1,.544,.290,.323,3.2,14.2,8.7,22.3,2.0,1.1,8.3,26.3,,1.3,1.2,2.5,.153,,2.5,1.7,4.2,1.2,2024-2025
2994,214,Jaylin Williams,PF,22,OKC,17,141,9.7,.565,.714,.314,3.1,21.8,12.3,16.2,2.8,1.4,23.1,15.6,,0.0,0.3,0.3,.091,,-4.0,4.4,0.4,0.1,2024-2025
2995,215,Kenrich Williams,PF,30,OKC,16,137,9.9,.457,.500,.150,6.3,21.6,13.9,7.0,2.5,0.7,14.1,15.4,,-0.1,0.3,0.1,.052,,-2.6,0.8,-1.8,0.0,2024-2025
2996,216,Nate Williams,SG,25,HOU,3,5,-21.6,.000,1.000,.000,0.0,0.0,0.0,0.0,0.0,0.0,50.0,17.7,,-0.1,0.0,-0.1,-0.493,,-22.2,-7.7,-29.9,0.0,2024-2025
2997,217,Vince Williams Jr.,SG,24,MEM,3,38,16.1,.888,1.000,.286,2.9,16.1,9.8,16.3,2.5,2.3,27.6,11.9,,0.1,0.0,0.1,.131,,3.9,4.5,8.4,0.1,2024-2025
2998,218,Delon Wright,PG,32,NYK,6,48,7.7,.354,.667,.222,2.4,2.5,2.4,13.5,3.1,2.1,9.2,9.9,,0.0,0.0,0.0,.025,,-1.8,2.1,0.3,0.0,2024-2025
2999,219,Ivica Zubac,C,27,LAC,7,256,20.9,.653,.000,.317,12.2,20.6,16.3,9.9,1.0,2.4,10.5,18.9,,0.7,0.2,0.9,.169,,1.4,0.7,2.1,0.3,2024-2025
3000,1,Nickeil Alexander-Walker,SG,27,ATL,6,213,7.7,.528,.606,.211,1.5,6.5,3.8,11.9,0.7,2.1,18.0,19.7,,-0.2,-0.1,-0.4,-0.083,,-1.7,-2.2,-3.9,-0.1,2025-2026
3001,2,Grayson Allen,SG,30,PHO,2,38,19.4,.644,.846,.308,2.9,9.2,6.0,16.3,0.0,5.1,0.0,16.8,,0.2,0.0,0.1,.137,,6.1,-0.8,5.3,0.1,2025-2026
3002,3,Jarrett Allen,C,27,CLE,18,529,20.7,.640,.000,.693,12.7,16.1,14.4,6.0,1.7,5.2,8.7,16.3,,1.4,0.5,2.0,.179,,2.7,1.1,3.7,0.8,2025-2026
3003,4,Jose Alvarado,PG,27,NYK,18,170,14.0,.538,.507,.090,1.5,14.9,8.6,17.8,3.0,1.2,12.6,20.6,,0.1,0.4,0.5,.131,,-2.2,2.8,0.6,0.1,2025-2026
3004,5,Kyle Anderson,SF,32,MIN,8,61,6.3,.365,.059,.471,3.3,9.2,6.1,33.6,1.6,0.0,22.6,18.1,,-0.1,0.0,-0.1,-0.077,,-3.8,1.3,-2.6,0.0,2025-2026
3005,6,OG Anunoby,PF,28,NYK,17,586,23.8,.721,.455,.449,3.2,17.3,10.6,7.1,2.2,3.4,4.0,18.5,,2.5,1.2,3.8,.308,,5.4,4.0,9.4,1.7,2025-2026
3006,7,Deni Avdija,SF,25,POR,5,174,16.4,.562,.256,.603,1.8,19.0,9.7,24.3,0.6,1.6,14.7,28.7,,0.1,0.0,0.2,.049,,1.8,0.2,2.1,0.2,2025-2026
3007,8,Deandre Ayton,C,27,LAL,10,285,14.8,.557,.000,.155,16.3,24.5,20.5,5.3,0.4,2.6,12.7,16.4,,0.3,0.2,0.6,.093,,-0.9,-1.7,-2.6,0.0,2025-2026
3008,9,Paolo Banchero,PF,23,ORL,7,273,20.1,.524,.294,.517,3.4,22.3,12.5,34.2,1.8,1.7,12.0,31.8,,0.2,0.5,0.6,.109,,4.2,2.3,6.5,0.6,2025-2026
3009,10,Desmond Bane,SG,27,ORL,7,253,13.6,.535,.527,.182,4.1,10.3,7.1,9.9,2.6,0.7,8.5,22.3,,0.1,0.3,0.5,.087,,1.2,0.8,2.0,0.3,2025-2026
3010,11,Dalano Banton,PG,26,BOS,2,4,19.7,1.000,.000,.000,0.0,0.0,0.0,0.0,0.0,0.0,0.0,11.1,,0.0,0.0,0.0,.186,,3.7,2.9,6.7,0.0,2025-2026
3011,12,Dominick Barlow,PF,22,PHI,9,96,12.2,.647,.059,.412,7.1,10.9,9.0,1.6,1.1,4.5,9.1,10.5,,0.2,0.0,0.2,.080,,-1.3,0.5,-0.8,0.0,2025-2026
3012,13,Harrison Barnes,PF,33,SAS,20,183,8.0,.495,.667,.436,9.8,5.7,7.7,3.7,0.5,0.5,9.7,12.1,,0.1,0.1,0.3,.074,,-1.9,-0.9,-2.8,0.0,2025-2026
3013,14,Scottie Barnes,PF,24,TOR,7,273,22.9,.605,.181,.466,4.5,13.7,9.0,36.0,1.4,4.7,14.7,25.7,,0.8,0.2,1.0,.175,,4.2,3.8,8.1,0.7,2025-2026
3014,15,RJ Barrett,SF,25,TOR,7,271,16.6,.563,.333,.311,5.8,15.1,10.4,17.4,1.6,0.8,14.3,27.7,,0.1,0.2,0.3,.058,,0.8,0.0,0.8,0.2,2025-2026
3015,16,Jamison Battle,SF,24,TOR,6,71,13.5,.763,.579,.000,4.8,13.2,8.9,2.1,0.0,0.0,5.0,12.1,,0.2,0.0,0.2,.124,,1.1,-0.7,0.4,0.0,2025-2026
3016,17,Joan Beringer,PF,19,MIN,5,23,31.3,.639,.000,.889,22.2,29.3,25.6,0.0,4.2,8.0,19.3,28.0,,0.0,0.1,0.1,.209,,5.3,1.6,6.8,0.1,2025-2026
3017,18,Goga Bitadze,C,26,ORL,6,83,12.8,.470,.000,.467,16.3,14.9,15.7,3.9,1.2,11.2,18.1,11.6,,0.0,0.2,0.2,.099,,-3.7,1.7,-2.0,0.0,2025-2026
3018,19,Bismack Biyombo,C,33,SAS,9,25,2.2,.429,.000,.000,4.5,8.3,6.5,0.0,0.0,7.2,22.2,15.5,,-0.1,0.0,0.0,-0.067,,-9.4,-0.1,-9.4,0.0,2025-2026
3019,20,Anthony Black,PG,22,ORL,7,196,10.5,.474,.407,.389,1.1,11.5,6.1,8.7,3.9,2.4,7.3,15.2,,-0.1,0.4,0.3,.072,,-3.0,2.9,-0.1,0.1,2025-2026
3020,21,Adem Bona,C,22,PHI,10,96,6.5,.564,.000,1.000,13.1,12.1,12.6,1.5,0.5,7.9,32.3,16.2,,-0.1,0.0,-0.1,-0.046,,-9.4,0.4,-9.0,-0.2,2025-2026
3021,22,Devin Booker,SG,29,PHO,4,153,14.1,.564,.317,.444,7.3,5.3,6.3,20.3,0.3,0.6,17.5,25.8,,0.1,-0.2,-0.1,-0.028,,1.3,-3.5,-2.2,0.0,2025-2026
3022,23,Jamaree Bouyea,PG,26,PHO,4,10,25.3,.512,.000,.500,11.2,23.3,17.1,16.6,5.0,0.0,0.0,21.1,,0.0,0.0,0.0,.141,,5.7,5.7,11.4,0.0,2025-2026
3023,24,Tony Bradley,C,28,ATL,4,41,16.9,.828,.250,1.500,2.6,30.7,15.6,10.6,2.4,6.6,13.1,8.3,,0.1,0.0,0.1,.164,,-0.5,5.4,4.9,0.1,2025-2026
3024,25,Christian Braun,SG,24,DEN,6,187,9.6,.564,.389,.528,1.2,11.3,6.3,7.9,1.6,2.2,8.3,11.4,,0.1,0.1,0.2,.063,,-1.3,0.4,-1.0,0.0,2025-2026
3025,26,Mikal Bridges,SF,29,NYK,19,608,15.5,.643,.335,.133,1.4,9.8,5.8,12.4,1.6,1.0,7.9,15.6,,1.4,0.9,2.3,.182,,0.8,2.0,2.8,0.7,2025-2026
3026,27,Dillon Brooks,SF,30,PHO,4,149,17.9,.576,.376,.141,3.7,14.8,9.2,8.7,0.3,0.6,6.2,28.0,,0.3,-0.2,0.1,.045,,2.7,-1.9,0.9,0.1,2025-2026
3027,28,Johni Broome,C,23,PHI,2,8,32.2,.583,.667,.000,14.3,14.5,14.4,31.3,0.0,0.0,0.0,34.3,,0.0,0.0,0.0,.175,,11.7,-3.2,8.5,0.0,2025-2026
3028,29,Bruce Brown,SG,29,DEN,6,116,9.2,.501,.324,.265,2.9,12.4,7.7,13.7,4.2,0.0,19.2,17.9,,-0.2,0.2,0.0,-0.008,,-4.4,2.0,-2.4,0.0,2025-2026
3029,30,Jaylen Brown,SF,29,BOS,7,249,18.6,.551,.294,.322,4.7,13.0,8.8,17.3,1.2,2.9,13.3,33.4,,0.1,0.3,0.4,.079,,2.7,0.3,2.9,0.3,2025-2026
3030,31,Jalen Brunson,PG,29,NYK,19,702,22.2,.573,.300,.315,1.9,7.7,5.0,27.7,1.6,0.0,9.8,32.6,,2.0,1.0,3.0,.203,,4.5,0.1,4.6,1.2,2025-2026
3031,32,Carter Bryant,PF,20,SAS,22,187,8.8,.622,.659,.136,5.4,16.1,11.0,11.5,0.8,2.9,23.1,14.0,,0.1,0.3,0.3,.085,,-3.3,2.8,-0.5,0.1,2025-2026
3032,33,Thomas Bryant,C,28,CLE,9,41,9.4,.381,.571,.143,8.6,23.1,15.8,7.9,2.5,2.1,8.2,26.1,,-0.1,0.1,0.0,-0.043,,-3.7,-2.1,-5.8,0.0,2025-2026
3033,34,Jamal Cain,SF,26,ORL,7,123,7.3,.473,.414,.379,5.9,15.6,10.6,5.5,0.8,2.3,12.9,13.8,,-0.1,0.2,0.1,.028,,-3.8,-0.2,-4.0,-0.1,2025-2026
3034,35,Toumani Camara,PF,25,POR,5,165,6.5,.431,.711,.158,5.1,14.1,9.2,5.4,2.1,1.6,14.7,12.5,,-0.2,0.1,-0.1,-0.019,,-3.9,0.4,-3.4,-0.1,2025-2026
3035,36,Clint Capela,C,31,HOU,4,22,12.5,.375,.000,.000,24.6,11.7,18.7,7.8,0.0,4.4,11.1,18.1,,0.0,0.0,0.0,.013,,-3.0,-3.9,-6.9,0.0,2025-2026
3036,37,Jevon Carter,PG,30,ORL,3,17,7.6,.250,.500,.000,6.1,6.6,6.4,18.6,3.0,0.0,0.0,10.2,,0.0,0.0,0.0,.016,,-2.5,0.1,-2.4,0.0,2025-2026
3037,38,Wendell Carter Jr.,C,26,ORL,7,237,15.0,.625,.375,.646,8.8,13.8,11.2,14.4,0.8,4.7,14.0,13.2,,0.5,0.3,0.8,.155,,0.2,2.4,2.6,0.3,2025-2026
3038,39,Alex Caruso,SG,31,OKC,15,353,17.6,.650,.643,.235,2.0,12.5,7.4,12.6,3.0,2.0,9.9,17.5,,0.8,0.4,1.2,.168,,1.8,3.6,5.4,0.6,2025-2026
3039,40,Stephon Castle,PG,21,SAS,23,760,16.8,.587,.338,.459,4.9,11.4,8.2,29.1,1.4,0.9,18.4,24.7,,1.2,1.0,2.2,.139,,1.1,0.7,1.8,0.7,2025-2026
3040,41,Julian Champagnie,SF,24,SAS,23,705,14.3,.617,.786,.153,3.3,16.2,10.0,7.4,2.1,1.5,5.9,13.6,,1.3,1.2,2.4,.166,,1.9,2.7,4.6,1.2,2025-2026
3041,42,Sidy Cissoko,SF,21,POR,4,26,17.6,.527,.500,.100,8.1,14.1,10.9,6.5,7.7,0.0,8.7,19.0,,0.0,0.0,0.1,.117,,0.1,6.6,6.7,0.1,2025-2026
3042,43,Jaylen Clark,SG,24,MIN,6,57,5.2,.388,.667,.167,3.6,9.8,6.6,6.8,0.8,1.6,0.0,9.4,,0.0,0.0,0.0,.025,,-3.8,0.6,-3.2,0.0,2025-2026
3043,44,Jordan Clarkson,SG,33,NYK,18,195,10.9,.521,.247,.247,11.4,7.3,9.2,8.2,1.0,0.5,15.8,22.8,,0.0,0.2,0.3,.063,,-3.3,-1.0,-4.4,-0.1,2025-2026
3044,45,Donovan Clingan,C,21,POR,5,107,10.8,.366,.543,.087,13.7,28.6,20.6,16.7,0.5,2.5,5.9,20.5,,-0.1,0.1,0.0,-0.015,,-1.7,-1.0,-2.7,0.0,2025-2026
3045,46,Amir Coffey,SG,28,PHO,4,6,-17.1,0,0,0,0.0,0.0,0.0,0.0,0.0,0.0,100.0,14.4,,-0.1,0.0,-0.1,-0.570,,-17.2,-6.7,-23.9,0.0,2025-2026
3046,47,Mike Conley,PG,38,MIN,12,168,15.0,.682,.684,.053,0.6,9.4,4.8,26.6,2.3,0.0,11.4,10.8,,0.4,0.1,0.6,.158,,1.5,4.1,5.6,0.3,2025-2026
3047,48,Cade Cunningham,PG,24,DET,14,572,18.3,.572,.347,.391,2.6,11.8,7.2,33.3,1.3,1.4,18.6,32.4,,0.6,0.6,1.2,.098,,3.4,0.1,3.4,0.8,2025-2026
3048,49,Tristan Da Silva,SF,24,ORL,7,107,5.6,.471,.552,.138,6.8,13.7,10.1,1.6,0.5,0.0,14.0,14.6,,-0.1,0.1,0.0,-0.004,,-3.5,-1.6,-5.1,-0.1,2025-2026
3049,50,Pacôme Dadiet,SG,20,NYK,7,40,17.6,.592,.500,.125,6.2,13.7,10.2,11.3,2.5,0.0,10.6,20.7,,0.1,0.1,0.1,.159,,0.4,0.3,0.8,0.0,2025-2026
3050,51,Dyson Daniels,SG,22,ATL,6,166,14.3,.504,.341,.146,5.8,21.2,12.9,27.7,3.3,1.1,20.1,14.6,,0.1,0.1,0.1,.036,,-0.7,3.4,2.7,0.2,2025-2026
3051,52,JD Davison,PG,23,HOU,2,5,2.0,1.136,0,0,0.0,51.6,23.5,0.0,0.0,0.0,69.4,25.4,,0.0,0.0,0.0,-0.203,,-13.3,-2.5,-15.8,0.0,2025-2026
3052,53,Mohamed Diawara,SF,20,NYK,6,43,2.0,.269,.462,.000,2.9,20.5,12.2,17.6,1.2,0.0,18.8,16.3,,-0.1,0.1,-0.1,-0.066,,-8.2,-1.6,-9.8,-0.1,2025-2026
3053,54,Gradey Dick,SG,22,TOR,3,4,3.3,0,0,0,0.0,29.2,14.3,0.0,0.0,0.0,0,0.0,,0.0,0.0,0.0,.035,,-4.2,0.3,-3.9,0.0,2025-2026
3054,55,Donte DiVincenzo,SG,29,MIN,4,96,18.3,.654,.719,.063,0.0,17.5,8.4,25.1,3.5,0.0,10.8,16.0,,0.2,0.1,0.3,.171,,2.5,6.0,8.5,0.3,2025-2026
3055,56,Luguentz Dort,SF,26,OKC,15,335,6.4,.489,.793,.049,3.5,10.2,6.9,7.8,1.1,0.6,8.7,12.0,,0.1,0.2,0.3,.037,,-3.3,0.6,-2.8,-0.1,2025-2026
3056,57,Ayo Dosunmu,SG,26,MIN,10,292,18.0,.620,.351,.237,2.4,11.2,6.6,22.1,1.5,1.3,10.6,20.0,,0.7,0.2,0.9,.146,,2.7,2.6,5.4,0.5,2025-2026
3057,58,Andre Drummond,C,32,PHI,11,142,14.2,.785,.348,.435,9.6,28.6,19.0,7.4,1.4,1.5,24.7,11.7,,0.3,0.1,0.3,.117,,-1.8,2.5,0.7,0.1,2025-2026
3058,59,Ryan Dunn,SF,23,PHO,4,34,-5.7,.000,1.000,.000,0.0,20.5,10.1,7.3,0.0,0.0,42.9,8.9,,-0.2,0.0,-0.2,-0.273,,-11.1,-2.0,-13.1,-0.1,2025-2026
3059,60,Kevin Durant,SF,37,HOU,1,41,13.8,.721,.333,.750,5.3,12.6,8.6,17.8,1.3,2.4,36.1,26.9,,0.0,0.0,0.0,.005,,-1.3,-0.5,-1.7,0.0,2025-2026
3060,61,Jalen Duren,C,22,DET,14,422,13.8,.553,.000,.422,12.5,19.7,16.1,11.1,1.1,4.2,19.8,16.7,,0.2,0.6,0.8,.094,,-2.2,0.5,-1.7,0.0,2025-2026
3061,62,Tari Eason,PF,24,HOU,6,195,18.7,.587,.462,.200,6.7,18.5,12.1,9.1,4.0,2.0,6.6,17.1,,0.4,0.4,0.8,.188,,0.6,3.4,4.0,0.3,2025-2026
3062,63,VJ Edgecombe,SG,20,PHI,11,407,12.3,.504,.497,.124,6.4,12.5,9.5,14.5,1.4,1.1,10.5,19.2,,0.1,0.0,0.1,.008,,-0.4,-0.2,-0.6,0.1,2025-2026
3063,64,Anthony Edwards,SG,24,MIN,10,324,15.4,.533,.350,.283,1.6,18.0,9.4,14.1,0.7,2.0,11.0,29.1,,0.0,0.2,0.2,.037,,1.2,0.1,1.3,0.3,2025-2026
3064,65,Justin Edwards,SF,22,PHI,9,109,3.8,.428,.563,.219,6.3,14.9,10.6,5.4,0.0,1.0,14.6,17.2,,-0.2,0.0,-0.2,-0.098,,-6.8,-2.4,-9.3,-0.2,2025-2026
3065,66,Keon Ellis,SG,26,CLE,12,89,8.0,.552,.933,.333,4.0,14.6,9.3,4.7,4.0,1.0,25.9,11.5,,-0.1,0.1,0.1,.033,,-3.3,2.3,-0.9,0.0,2025-2026
3066,67,Joel Embiid,C,31,PHI,7,233,23.9,.560,.226,.476,3.9,21.4,12.6,30.8,0.4,2.8,9.1,32.4,,0.5,0.0,0.6,.117,,4.9,1.1,6.0,0.5,2025-2026
3067,68,Dorian Finney-Smith,PF,32,HOU,4,49,-1.3,.269,.786,.143,2.2,18.4,9.6,3.0,1.1,2.0,11.8,15.2,,-0.2,0.1,-0.1,-0.104,,-9.7,-1.7,-11.4,-0.1,2025-2026
3068,69,Rasheer Fleming,PF,21,PHO,4,18,22.1,.900,1.000,.000,6.2,0.0,3.2,0.0,5.6,5.3,16.7,14.4,,0.0,0.0,0.0,.121,,7.6,4.3,11.9,0.1,2025-2026
3069,70,De'Aaron Fox,PG,28,SAS,21,704,14.0,.497,.338,.205,1.9,9.9,6.1,27.8,1.9,1.1,11.6,22.8,,0.4,1.0,1.4,.094,,-0.4,0.9,0.5,0.4,2025-2026
3070,71,Luka Garza,C,27,BOS,7,59,19.9,.659,.650,.400,12.7,9.5,11.1,16.3,0.0,1.6,4.1,18.4,,0.3,0.0,0.3,.270,,2.1,1.7,3.8,0.1,2025-2026
3071,72,Paul George,PF,35,PHI,11,394,14.3,.597,.500,.141,1.7,10.9,6.3,13.7,1.8,1.4,12.7,20.1,,0.3,0.0,0.3,.038,,1.5,0.7,2.2,0.4,2025-2026
3072,73,Shai Gilgeous-Alexander,PG,27,OKC,15,544,24.9,.591,.207,.519,1.3,7.9,4.7,35.8,1.8,2.4,11.6,31.9,,2.0,0.4,2.4,.212,,5.2,1.3,6.5,1.2,2025-2026
3073,74,Collin Gillespie,PG,26,PHO,4,114,15.3,.576,.694,.028,5.9,14.3,10.0,19.9,2.2,0.8,9.9,15.3,,0.2,-0.1,0.1,.061,,2.0,0.8,2.8,0.1,2025-2026
3074,75,Rudy Gobert,C,33,MIN,12,372,13.0,.502,.029,.551,11.5,21.1,16.1,10.2,1.8,3.2,14.9,11.2,,0.2,0.4,0.7,.089,,-1.3,2.4,1.1,0.3,2025-2026
3075,76,Hugo González,SF,19,BOS,4,19,-4.6,.000,1.000,.667,5.6,17.6,11.5,13.2,0.0,4.8,20.5,11.4,,-0.1,0.0,-0.1,-0.168,,-12.6,0.9,-11.7,0.0,2025-2026
3076,77,Jordan Goodwin,PG,27,PHO,1,5,-13.2,.250,.750,.000,0.0,0.0,0.0,0.0,0.0,0.0,0.0,34.6,,0.0,0.0,0.0,-0.466,,-18.6,-6.6,-25.2,0.0,2025-2026
3077,78,Aaron Gordon,PF,30,DEN,3,89,10.8,.494,.467,.333,5.1,14.9,10.1,12.6,0.0,0.9,2.8,17.6,,0.1,0.0,0.1,.047,,-0.6,-1.5,-2.1,0.0,2025-2026
3078,79,Jerami Grant,PF,31,POR,5,112,11.1,.511,.349,.419,1.9,7.7,4.5,2.9,2.2,0.8,5.6,20.8,,0.1,0.0,0.1,.037,,-1.4,-0.2,-1.6,0.0,2025-2026
3079,80,Jalen Green,SG,23,PHO,4,151,13.4,.474,.410,.241,3.7,12.3,7.9,15.7,2.7,0.6,12.4,30.0,,-0.2,-0.1,-0.3,-0.083,,-1.0,-1.4,-2.4,0.0,2025-2026
3080,81,Javonte Green,SG,32,DET,11,132,7.4,.460,.900,.200,1.7,15.5,8.7,3.2,2.3,3.9,8.4,11.8,,0.0,0.2,0.2,.063,,-3.8,2.8,-1.0,0.0,2025-2026
3081,82,Jeff Green,PF,39,HOU,2,11,-13.5,.000,.500,.000,0.0,0.0,0.0,0.0,0.0,0.0,33.3,12.0,,-0.1,0.0,-0.1,-0.311,,-16.4,-5.8,-22.2,0.0,2025-2026
3082,83,Quentin Grimes,SG,25,PHI,11,243,11.1,.569,.603,.276,0.9,13.4,7.1,15.1,0.6,2.2,8.4,13.4,,0.3,0.0,0.3,.053,,-0.7,0.6,-0.1,0.1,2025-2026
3083,84,Mouhamed Gueye,PF,23,ATL,6,50,4.9,.336,.714,.143,10.8,12.6,11.6,11.8,1.0,0.0,6.3,14.1,,0.0,0.0,-0.1,-0.068,,-6.1,-1.2,-7.3,-0.1,2025-2026
3084,85,Rui Hachimura,PF,27,LAL,10,386,15.7,.690,.475,.090,1.9,10.4,6.3,7.6,1.2,1.4,6.6,16.1,,0.9,0.2,1.1,.133,,2.7,0.8,3.6,0.5,2025-2026
3085,86,Yang Hansen,C,20,POR,4,5,-12.4,.000,1.000,.000,0.0,24.5,11.3,0.0,0.0,0.0,0.0,17.3,,0.0,0.0,0.0,-0.405,,-13.4,-6.3,-19.6,0.0,2025-2026
3086,87,Tim Hardaway Jr.,SG,33,DEN,6,140,14.1,.585,.511,.533,4.9,11.1,8.0,5.7,1.4,1.2,6.7,18.8,,0.2,0.1,0.3,.095,,1.1,-0.2,0.9,0.1,2025-2026
3087,88,James Harden,PG,36,CLE,18,672,14.8,.568,.510,.498,2.3,13.9,8.1,24.0,2.3,1.6,21.7,25.4,,0.1,0.6,0.7,.050,,0.6,0.2,0.8,0.5,2025-2026
3088,89,Dylan Harper,SG,19,SAS,23,615,18.4,.611,.296,.322,5.3,16.8,11.2,16.2,1.8,0.7,11.6,21.1,,1.3,1.0,2.3,.180,,1.4,2.2,3.7,0.9,2025-2026
3089,90,Ron Harper Jr.,SF,25,BOS,6,25,20.8,.611,.667,.000,4.3,13.4,8.7,6.3,6.1,0.0,0.0,15.9,,0.1,0.1,0.1,.221,,3.9,6.0,9.9,0.1,2025-2026
3090,91,Tobias Harris,PF,33,DET,14,485,16.6,.523,.304,.294,3.8,20.0,11.9,8.1,2.2,2.3,5.8,23.1,,0.6,0.8,1.4,.134,,0.2,1.9,2.1,0.5,2025-2026
3091,92,Josh Hart,SF,30,NYK,19,614,14.2,.525,.494,.190,4.4,26.5,16.1,19.1,2.6,0.7,16.0,16.1,,0.5,1.4,1.9,.146,,-0.3,3.1,2.8,0.7,2025-2026
3092,93,Isaiah Hartenstein,C,27,OKC,15,350,20.0,.664,.011,.333,16.9,24.3,20.7,16.1,1.7,2.8,20.1,16.2,,1.0,0.5,1.4,.197,,0.8,2.2,3.0,0.4,2025-2026
3093,94,Sam Hauser,PF,28,BOS,7,164,11.5,.587,.826,.000,5.9,14.3,10.0,5.4,0.3,0.6,4.2,12.9,,0.3,0.1,0.4,.114,,0.4,0.0,0.4,0.1,2025-2026
3094,95,Jaxson Hayes,C,25,LAL,10,163,14.5,.715,.036,.964,11.5,12.4,12.0,6.7,1.0,4.6,20.0,14.0,,0.3,0.1,0.4,.131,,-2.3,0.9,-1.4,0.0,2025-2026
3095,96,Scoot Henderson,PG,21,POR,5,145,11.6,.600,.475,.136,1.4,5.1,3.1,7.5,1.4,0.6,12.6,21.3,,0.1,0.0,0.1,.022,,-0.7,-0.4,-1.1,0.0,2025-2026
3096,97,Buddy Hield,SG,33,ATL,2,13,22.2,1.000,.400,.000,0.0,19.3,8.9,0.0,0.0,0.0,28.6,23.9,,0.0,0.0,0.0,-0.035,,6.5,-2.1,4.4,0.0,2025-2026
3097,98,Haywood Highsmith,SF,29,PHO,2,11,-7.5,.000,1.000,.000,10.1,21.2,15.5,11.3,0.0,0.0,50.0,15.7,,-0.1,0.0,-0.1,-0.414,,-11.1,-5.0,-16.1,0.0,2025-2026
3098,99,Aaron Holiday,PG,29,HOU,6,67,1.0,.364,.682,.000,0.0,3.9,1.8,7.1,1.6,1.4,12.0,16.5,,-0.2,0.1,-0.1,-0.078,,-8.2,-2.2,-10.4,-0.1,2025-2026
3099,100,Jrue Holiday,PG,35,POR,5,192,13.6,.506,.442,.117,4.4,12.1,7.9,32.1,1.8,0.9,16.5,21.8,,0.0,0.1,0.1,.021,,0.9,0.3,1.2,0.2,2025-2026
3100,101,Ron Holland,SF,20,DET,9,58,6.7,.428,.615,.385,2.0,25.5,13.8,2.4,3.5,3.6,16.5,13.7,,-0.1,0.1,0.0,.033,,-6.5,3.8,-2.7,0.0,2025-2026
3101,102,DaRon Holmes,PF,23,DEN,2,4,6.6,0,0,0,0.0,55.4,28.1,0.0,0.0,0.0,0,0.0,,0.0,0.0,0.0,.080,,-4.2,0.7,-3.6,0.0,2025-2026
3102,103,Chet Holmgren,PF,23,OKC,15,459,20.4,.663,.288,.356,7.7,23.0,15.5,5.5,1.8,4.8,10.6,18.0,,1.2,0.7,1.8,.191,,1.6,1.4,3.1,0.6,2025-2026
3103,104,Jett Howard,SF,22,ORL,1,3,-25.3,.000,1.000,.000,0.0,0.0,0.0,0.0,0.0,0.0,0.0,29.0,,0.0,0.0,0.0,-0.695,,-17.8,-10.0,-27.8,0.0,2025-2026
3104,105,Kevin Huerter,SG,27,DET,5,46,7.0,.429,.714,.000,0.0,12.4,6.2,20.8,2.2,0.0,22.2,8.6,,0.0,0.1,0.0,.051,,-2.9,2.3,-0.6,0.0,2025-2026
3105,106,Ariel Hukporti,C,23,NYK,10,76,13.2,.483,.091,1.364,22.7,26.0,24.5,4.9,1.3,9.7,22.1,13.1,,0.0,0.2,0.2,.158,,-5.4,1.1,-4.3,0.0,2025-2026
3106,107,Bones Hyland,PG,25,MIN,10,116,7.7,.430,.680,.160,2.6,9.7,6.0,18.5,1.7,0.8,13.0,22.0,,-0.2,0.1,-0.1,-0.039,,-3.0,-0.3,-3.2,0.0,2025-2026
3107,108,Oso Ighodaro,PF,23,PHO,4,129,11.9,.563,.000,.250,10.4,14.4,12.4,17.7,0.8,2.2,20.8,11.3,,0.2,-0.1,0.0,.013,,-0.9,0.5,-0.4,0.1,2025-2026
3108,109,Joe Ingles,SF,38,MIN,3,14,23.2,.902,1.000,.667,7.3,8.0,7.6,0.0,6.9,0.0,20.5,14.5,,0.0,0.0,0.1,.192,,7.3,6.3,13.6,0.1,2025-2026
3109,110,Brandon Ingram,SF,28,TOR,5,148,7.0,.440,.224,.397,1.5,11.0,6.2,10.6,1.0,2.9,12.8,22.6,,-0.3,0.1,-0.2,-0.059,,-3.6,-0.9,-4.5,-0.1,2025-2026
3110,111,Trayce Jackson-Davis,C,25,TOR,3,4,0.5,.532,.000,2.000,28.1,0.0,14.3,0.0,0.0,0.0,34.7,30.8,,0.0,0.0,0.0,-0.115,,-20.2,-6.5,-26.7,0.0,2025-2026
3111,112,Bronny James,SG,21,LAL,8,42,9.5,.600,.600,.000,9.0,0.0,4.4,26.2,1.2,0.0,28.6,15.2,,0.0,0.0,0.0,.030,,-1.4,-1.3,-2.8,0.0,2025-2026
3112,113,LeBron James,SF,41,LAL,10,384,18.8,.550,.284,.344,1.3,19.5,10.6,35.5,1.8,0.7,15.3,29.5,,0.4,0.3,0.7,.089,,2.8,0.3,3.0,0.5,2025-2026
3113,114,Daniss Jenkins,PG,24,DET,14,318,12.3,.472,.484,.254,4.7,8.6,6.7,20.8,1.0,1.6,6.9,20.0,,0.3,0.3,0.6,.086,,-0.4,0.0,-0.4,0.1,2025-2026
3114,115,Isaiah Joe,SG,26,OKC,13,143,14.2,.568,.836,.018,4.1,10.3,7.3,14.1,2.5,0.7,8.3,18.5,,0.2,0.1,0.4,.118,,0.8,1.4,2.1,0.1,2025-2026
3115,116,Cameron Johnson,SF,29,DEN,6,186,13.9,.612,.565,.274,1.8,9.5,5.7,12.8,1.6,0.9,7.9,17.9,,0.2,0.1,0.3,.089,,0.9,0.0,0.9,0.1,2025-2026
3116,117,Jalen Johnson,SF,24,ATL,6,214,17.2,.551,.337,.348,3.0,23.5,12.5,25.3,1.2,0.8,11.7,24.9,,0.2,0.0,0.2,.051,,1.6,0.4,2.0,0.2,2025-2026
3117,118,Keldon Johnson,SF,26,SAS,23,411,10.4,.492,.358,.265,7.9,11.9,10.0,7.4,1.8,0.7,11.7,21.5,,-0.1,0.6,0.4,.050,,-2.4,-0.4,-2.9,-0.1,2025-2026
3118,119,Nikola Jokić,C,30,DEN,6,237,22.8,.554,.298,.355,4.3,32.7,18.7,45.5,1.2,1.7,14.1,30.4,,0.3,0.3,0.7,.134,,5.5,2.5,8.0,0.6,2025-2026
3119,120,Spencer Jones,SF,24,DEN,6,145,10.6,.920,.684,.263,2.4,6.9,4.6,2.1,1.3,4.0,15.9,7.7,,0.2,0.1,0.3,.107,,-0.4,1.2,0.8,0.1,2025-2026
3120,121,Tyus Jones,PG,29,DEN,3,30,12.6,.507,.125,.250,0.0,0.0,0.0,26.7,3.2,0.0,0.0,13.1,,0.0,0.0,0.1,.093,,-0.6,1.2,0.6,0.0,2025-2026
3121,122,Luke Kennard,SG,29,LAL,10,326,12.0,.638,.475,.288,1.2,11.6,6.5,11.1,1.4,0.3,13.4,14.6,,0.4,0.2,0.6,.085,,-0.7,0.0,-0.7,0.1,2025-2026
3122,123,Corey Kispert,SF,26,ATL,5,54,-1.2,.236,.545,.136,6.0,11.6,8.6,16.2,1.8,0.0,11.4,21.6,,-0.3,0.0,-0.3,-0.256,,-9.3,-3.4,-12.8,-0.1,2025-2026
3123,124,Maxi Kleber,PF,34,LAL,3,14,5.4,.266,.000,2.000,17.9,0.0,8.7,28.4,3.7,0.0,51.5,12.6,,0.0,0.0,0.0,-0.069,,-5.1,1.4,-3.8,0.0,2025-2026
3124,125,Dalton Knecht,SF,24,LAL,5,18,19.6,.563,.625,.250,0.0,39.5,20.3,28.3,0.0,0.0,10.1,25.0,,0.0,0.0,0.1,.153,,4.3,1.2,5.5,0.0,2025-2026
3125,126,Tyler Kolek,PG,24,NYK,8,53,17.3,.541,.360,.080,2.3,10.4,6.6,34.4,0.0,2.0,10.4,23.9,,0.1,0.1,0.2,.169,,1.0,-1.9,-1.0,0.0,2025-2026
3126,127,Luke Kornet,C,30,SAS,23,296,16.6,.621,.017,.379,15.2,17.6,16.4,7.7,2.3,4.8,15.1,11.6,,0.6,0.6,1.2,.199,,-0.4,2.6,2.2,0.3,2025-2026
3127,128,Vít Krejčí,PG,25,POR,4,16,-0.4,.250,.750,.000,0.0,7.7,3.5,18.3,0.0,0.0,0.0,10.8,,0.0,0.0,0.0,-0.086,,-8.9,-0.9,-9.8,0.0,2025-2026
3128,129,Jonathan Kuminga,PF,23,ATL,6,156,14.6,.574,.400,.433,4.1,11.3,7.4,6.7,1.0,1.7,7.7,22.0,,0.2,-0.1,0.1,.035,,-0.6,-0.7,-1.4,0.0,2025-2026
3129,130,Chaz Lanier,SG,24,DET,3,8,4.2,.333,.333,.000,0.0,0.0,0.0,19.3,0.0,0.0,0.0,16.4,,0.0,0.0,0.0,-0.044,,-3.9,-1.7,-5.6,0.0,2025-2026
3130,131,Jake LaRavia,PF,24,LAL,8,114,5.5,.439,.259,.222,9.9,8.3,9.1,7.8,1.8,4.9,27.1,16.3,,-0.2,0.1,-0.1,-0.054,,-5.9,0.3,-5.6,-0.1,2025-2026
3131,132,A.J. Lawson,SG,25,TOR,7,51,0.9,.355,.500,.125,0.0,6.9,3.4,10.5,0.0,4.2,10.6,15.8,,-0.1,0.0,-0.1,-0.090,,-7.6,-1.4,-9.0,-0.1,2025-2026
3132,133,Caris LeVert,SG,31,DET,13,216,12.6,.555,.415,.154,3.2,12.1,7.7,11.6,1.9,2.9,10.3,15.7,,0.2,0.3,0.5,.110,,-0.9,2.6,1.7,0.2,2025-2026
3133,134,Kyle Lowry,PG,39,PHI,2,3,-0.7,0,0,0,0.0,38.7,19.2,0.0,0.0,0.0,0,0.0,,0.0,0.0,0.0,.028,,-14.1,6.0,-8.1,0.0,2025-2026
3134,135,Khaman Maluach,C,19,PHO,4,45,2.6,.500,.125,.000,5.0,18.1,11.4,0.0,0.0,0.0,27.3,10.6,,-0.1,-0.1,-0.1,-0.128,,-6.2,-2.3,-8.6,-0.1,2025-2026
3135,136,Sandro Mamukelashvili,C,26,TOR,7,104,13.7,.460,.400,.200,11.9,26.9,19.3,9.7,2.4,3.1,9.5,17.3,,0.0,0.2,0.2,.074,,-1.6,0.8,-0.8,0.0,2025-2026
3136,137,Tyrese Maxey,PG,25,PHI,11,437,18.7,.562,.351,.227,1.0,10.6,5.8,26.8,1.1,1.0,9.0,26.7,,0.7,-0.1,0.6,.070,,3.4,-0.6,2.8,0.5,2025-2026
3137,138,Miles McBride,SG,25,NYK,19,334,7.6,.493,.762,.076,3.3,4.6,4.0,9.1,1.2,1.3,8.4,15.6,,0.1,0.4,0.6,.079,,-2.3,-0.4,-2.7,-0.1,2025-2026
3138,139,Jared McCain,SG,21,OKC,15,258,13.3,.526,.515,.110,4.1,8.3,6.3,9.1,1.0,0.0,7.2,26.1,,0.2,0.1,0.2,.045,,0.0,-1.7,-1.7,0.0,2025-2026
3139,140,CJ McCollum,PG,34,ATL,6,192,12.6,.525,.333,.242,3.9,7.2,5.4,12.0,1.6,3.3,16.1,30.2,,-0.4,0.0,-0.4,-0.104,,-1.3,-1.5,-2.7,0.0,2025-2026
3140,141,Jaden McDaniels,PF,25,MIN,12,406,13.0,.512,.239,.199,7.0,11.3,9.1,11.2,0.7,1.8,8.2,21.3,,0.3,0.2,0.5,.058,,-1.1,0.4,-0.7,0.1,2025-2026
3141,142,Jordan McLaughlin,PG,29,SAS,10,46,22.2,.800,.455,.182,4.9,13.6,9.4,32.7,2.1,0.0,14.4,13.0,,0.2,0.1,0.3,.296,,5.0,4.9,9.9,0.1,2025-2026
3142,143,Sam Merrill,SG,29,CLE,17,338,11.1,.617,.813,.260,2.8,4.5,3.7,8.7,1.2,0.0,7.8,15.1,,0.7,0.0,0.7,.100,,0.0,-0.3,-0.3,0.1,2025-2026
3143,144,Ajay Mitchell,SG,23,OKC,11,317,18.7,.553,.292,.219,4.9,10.0,7.5,22.6,2.7,0.3,9.1,22.8,,0.7,0.3,1.0,.146,,0.6,1.1,1.8,0.3,2025-2026
3144,145,Donovan Mitchell,SG,29,CLE,18,652,18.6,.558,.412,.243,2.7,13.0,7.9,16.7,1.6,0.7,10.1,31.5,,0.9,0.4,1.2,.091,,2.9,-0.9,2.0,0.7,2025-2026
3145,146,Evan Mobley,PF,24,CLE,18,640,19.4,.609,.333,.408,6.8,19.9,13.4,18.6,1.3,4.4,14.0,20.1,,1.3,0.6,1.9,.143,,2.8,2.6,5.4,1.2,2025-2026
3146,147,Jonathan Mogbo,PF,24,TOR,3,4,33.7,1.000,.000,.000,0.0,0.0,0.0,0.0,0.0,0.0,0.0,21.4,,0.0,0.0,0.0,.298,,5.1,2.4,7.5,0.0,2025-2026
3147,148,Jamal Murray,PG,28,DEN,6,238,14.8,.484,.326,.310,3.3,10.7,7.1,25.3,1.0,0.7,8.1,29.6,,-0.1,0.1,0.0,.010,,1.9,-2.8,-0.8,0.1,2025-2026
3148,149,Kris Murray,SF,25,POR,5,25,-1.3,.512,.500,.500,4.2,9.8,6.8,0.0,0.0,0.0,38.1,13.6,,-0.1,0.0,-0.1,-0.158,,-9.1,-1.8,-10.9,-0.1,2025-2026
3149,150,Collin Murray-Boyles,PF,20,TOR,7,191,23.1,.685,.047,.344,12.4,14.7,13.5,14.7,2.3,4.5,15.0,19.4,,0.6,0.2,0.8,.191,,2.4,3.2,5.6,0.4,2025-2026
3150,151,Larry Nance Jr.,PF,33,CLE,2,5,-10.3,0,0,0,0.0,0.0,0.0,0.0,0.0,0.0,100.0,8.8,,0.0,0.0,0.0,-0.306,,-11.1,-4.4,-15.5,0.0,2025-2026
3151,152,Asa Newell,PF,20,ATL,2,11,13.1,.500,.000,.000,0.0,0.0,0.0,13.6,4.5,8.2,0.0,8.1,,0.0,0.0,0.0,.067,,-1.5,4.9,3.4,0.0,2025-2026
3152,153,Zeke Nnaji,PF,25,DEN,2,19,25.1,1.078,.500,3.000,6.0,11.7,8.9,8.1,2.6,0.0,0.0,10.8,,0.1,0.0,0.1,.374,,7.0,5.4,12.4,0.1,2025-2026
3153,154,Royce O'Neale,SF,32,PHO,4,97,16.1,.931,.929,.429,4.6,25.2,14.7,13.1,1.0,1.0,19.4,9.2,,0.3,-0.1,0.2,.119,,2.8,2.3,5.1,0.2,2025-2026
3154,155,Josh Okogie,SG,27,HOU,6,104,11.6,.560,.520,.080,6.2,9.9,7.9,7.8,3.5,0.0,10.4,12.3,,0.1,0.1,0.2,.114,,-2.9,2.3,-0.6,0.0,2025-2026
3155,156,Onyeka Okongwu,C,25,ATL,6,199,16.2,.704,.458,.250,4.3,20.2,11.7,11.4,1.7,2.3,11.6,13.5,,0.4,0.0,0.4,.108,,1.0,1.9,2.9,0.2,2025-2026
3156,157,Kelly Olynyk,C,34,SAS,9,35,23.6,.691,.533,.467,0.0,20.8,10.8,14.6,5.6,0.0,18.1,27.2,,0.0,0.1,0.1,.192,,3.7,5.3,9.0,0.1,2025-2026
3157,158,Kelly Oubre Jr.,SF,30,PHI,11,364,11.3,.543,.368,.255,3.8,16.6,10.1,5.1,0.7,1.5,6.4,15.8,,0.2,0.0,0.2,.030,,-1.5,-0.1,-1.7,0.0,2025-2026
3158,159,Noah Penda,SF,21,ORL,1,3,4.5,0,0,0,0.0,37.6,18.1,0.0,0.0,0.0,0,0.0,,0.0,0.0,0.0,.081,,-5.2,0.8,-4.4,0.0,2025-2026
3159,160,Julian Phillips,SF,22,MIN,5,25,8.1,.500,.667,.000,0.0,4.5,2.1,10.7,3.8,0.0,14.3,11.6,,0.0,0.0,0.0,.032,,-1.6,2.3,0.6,0.0,2025-2026
3160,161,Jalen Pickett,SG,26,DEN,2,4,13.2,.568,0,0,0.0,0.0,0.0,33.0,0.0,0.0,0.0,9.7,,0.0,0.0,0.0,.141,,2.9,1.8,4.7,0.0,2025-2026
3161,162,Mason Plumlee,C,35,SAS,6,18,12.7,.667,.000,.000,0.0,23.1,12.0,15.8,0.0,14.9,25.0,9.6,,0.0,0.0,0.1,.142,,-4.0,7.2,3.2,0.0,2025-2026
3162,163,Jakob Poeltl,C,30,TOR,7,134,18.3,.659,.000,.452,10.1,26.1,18.0,11.0,2.2,4.8,13.9,13.8,,0.3,0.2,0.5,.174,,-0.6,3.1,2.5,0.2,2025-2026
3163,164,Craig Porter Jr.,PG,25,CLE,7,21,-2.5,.333,.333,.000,0.0,16.9,8.4,26.5,0.0,0.0,57.1,14.7,,-0.1,0.0,-0.1,-0.217,,-8.8,-2.4,-11.2,0.0,2025-2026
3164,165,Payton Pritchard,PG,28,BOS,7,231,15.9,.534,.598,.087,4.2,8.2,6.1,24.9,0.7,0.0,5.0,19.2,,0.5,0.1,0.7,.143,,2.3,-0.3,2.0,0.2,2025-2026
3165,166,Tyrese Proctor,PG,21,CLE,4,13,-2.5,.347,1.000,1.000,0.0,9.1,4.5,20.1,0.0,0.0,41.0,16.5,,-0.1,0.0,-0.1,-0.191,,-9.4,-4.8,-14.3,0.0,2025-2026
3166,167,Neemias Queta,C,26,BOS,7,152,19.5,.767,.000,.559,8.4,35.3,21.5,4.2,0.3,3.6,12.4,14.1,,0.5,0.3,0.7,.230,,-1.4,2.5,1.2,0.1,2025-2026
3167,168,Julius Randle,PF,31,MIN,12,400,10.6,.479,.238,.378,7.7,16.8,12.0,12.8,0.7,0.2,14.5,24.4,,-0.3,0.2,-0.1,-0.015,,-2.5,-1.4,-3.8,-0.2,2025-2026
3168,169,Austin Reaves,SG,27,LAL,6,221,12.6,.546,.385,.473,1.7,11.3,6.6,27.0,0.0,2.9,19.7,28.3,,0.0,0.1,0.0,.007,,0.0,-1.7,-1.7,0.0,2025-2026
3169,170,Paul Reed,C,26,DET,9,86,33.6,.709,.119,.286,24.1,23.9,24.0,13.0,0.6,7.2,12.9,27.6,,0.4,0.1,0.5,.294,,7.1,2.2,9.3,0.2,2025-2026
3170,171,Naz Reid,C,26,MIN,12,323,14.6,.583,.451,.139,4.4,25.7,14.6,12.0,0.7,1.1,11.0,18.7,,0.3,0.3,0.6,.092,,0.4,1.7,2.1,0.3,2025-2026
3171,172,Jase Richardson,SG,20,ORL,1,3,83.4,1.500,1.000,.000,0.0,0.0,0.0,0.0,0.0,0.0,0.0,29.0,,0.0,0.0,0.0,.441,,57.5,12.6,70.1,0.1,2025-2026
3172,173,Zaccharie Risacher,SF,20,ATL,3,23,12.2,.393,.357,.000,18.8,27.3,22.7,0.0,0.0,0.0,0.0,27.0,,0.0,0.0,0.0,-0.085,,-0.9,-6.0,-6.9,0.0,2025-2026
3173,174,Duncan Robinson,SG,31,DET,13,383,13.3,.632,.789,.158,1.2,8.0,4.6,12.2,2.3,0.8,9.6,15.4,,0.7,0.4,1.1,.138,,1.3,2.6,3.9,0.6,2025-2026
3174,175,Mitchell Robinson,C,27,NYK,18,251,18.6,.561,.000,1.115,23.1,22.8,22.9,3.8,1.4,4.6,9.4,15.0,,0.5,0.5,1.1,.202,,0.4,0.3,0.8,0.2,2025-2026
3175,176,Marcus Sasser,PG,25,DET,6,61,14.3,.587,.609,.000,5.7,3.7,4.7,8.3,2.5,0.0,8.0,17.9,,0.1,0.1,0.1,.114,,1.0,1.4,2.4,0.1,2025-2026
3176,177,Baylor Scheierman,SG,25,BOS,7,99,13.9,.577,.808,.000,7.5,14.7,11.0,5.9,3.1,0.9,7.1,12.5,,0.1,0.2,0.3,.143,,0.0,2.9,2.9,0.1,2025-2026
3177,178,Dennis Schröder,PG,32,CLE,17,271,8.6,.497,.393,.286,1.7,9.2,5.4,23.3,1.1,1.0,20.2,19.2,,-0.1,0.1,0.0,-0.006,,-2.9,-0.7,-3.6,-0.1,2025-2026
3178,179,Alperen Şengün,C,23,HOU,6,232,19.9,.519,.081,.424,9.8,22.3,15.5,23.1,2.5,3.3,13.3,25.8,,0.2,0.4,0.6,.121,,1.5,1.6,3.1,0.3,2025-2026
3179,180,Landry Shamet,SG,28,NYK,19,310,10.0,.634,.709,.105,2.0,5.7,3.9,6.1,0.6,0.7,8.2,13.9,,0.5,0.4,0.8,.130,,-0.7,0.5,-0.2,0.1,2025-2026
3180,181,Terrence Shannon Jr.,SG,25,MIN,9,203,11.3,.507,.340,.255,2.5,10.0,6.1,9.2,0.9,0.0,7.1,23.0,,0.1,0.1,0.1,.032,,-2.4,-0.2,-2.5,0.0,2025-2026
3181,182,Shaedon Sharpe,SG,22,POR,5,67,14.9,.480,.324,.235,4.7,9.1,6.7,8.3,1.5,2.7,0.0,24.2,,0.0,0.0,0.1,.042,,1.1,0.1,1.2,0.1,2025-2026
3182,183,Jamal Shead,PG,23,TOR,7,224,7.7,.466,.646,.092,1.5,5.7,3.6,21.6,2.2,0.5,17.1,15.6,,-0.1,0.1,0.0,-0.002,,-4.0,0.2,-3.8,-0.1,2025-2026
3183,184,Reed Sheppard,SG,21,HOU,6,192,9.1,.407,.614,.045,0.6,3.4,1.8,25.2,3.5,2.5,11.8,23.4,,-0.3,0.3,-0.1,-0.017,,-2.1,0.6,-1.5,0.0,2025-2026
3184,185,Max Shulga,SG,23,BOS,2,5,14.5,.750,1.000,.000,0.0,0.0,0.0,0.0,0.0,0.0,0.0,17.7,,0.0,0.0,0.0,.162,,2.6,0.4,2.9,0.0,2025-2026
3185,186,Marcus Smart,SG,31,LAL,10,345,13.2,.547,.505,.434,3.6,8.6,6.2,23.0,3.6,2.7,22.9,20.2,,0.0,0.4,0.3,.048,,-1.1,2.8,1.8,0.3,2025-2026
3186,187,Jabari Smith Jr.,PF,22,HOU,6,252,14.2,.544,.600,.306,5.1,20.0,11.9,7.4,1.2,1.5,5.9,17.9,,0.4,0.3,0.7,.127,,0.3,-0.1,0.2,0.1,2025-2026
3187,188,Nick Smith Jr.,SG,21,LAL,6,18,23.0,.538,.500,.143,0.0,6.6,3.4,13.2,2.9,5.2,6.3,40.2,,0.0,0.0,0.0,.014,,6.3,0.3,6.5,0.0,2025-2026
3188,189,Tolu Smith,PF,25,DET,3,7,26.4,1.000,.000,.000,0.0,32.6,16.4,0.0,7.3,0.0,33.3,18.7,,0.0,0.0,0.0,.138,,3.2,6.7,9.9,0.0,2025-2026
3189,190,Jeremy Sochan,PF,22,NYK,8,26,32.0,.799,.222,.889,4.7,16.9,11.2,12.9,1.9,4.0,7.4,22.8,,0.1,0.1,0.2,.374,,6.7,3.3,10.0,0.1,2025-2026
3190,191,Isaiah Stewart,C,24,DET,14,165,12.6,.675,.235,.500,9.1,14.5,11.8,2.8,0.3,8.8,17.8,13.4,,0.2,0.2,0.4,.130,,-3.7,2.3,-1.3,0.0,2025-2026
3191,192,Julian Strawther,SG,23,DEN,2,18,-2.0,.381,.429,.286,6.3,12.3,9.4,0.0,0.0,0.0,20.2,24.3,,-0.1,0.0,-0.1,-0.237,,-7.0,-4.4,-11.5,0.0,2025-2026
3192,193,Max Strus,SF,29,CLE,18,481,12.1,.579,.768,.174,6.9,14.5,10.7,12.1,1.6,0.7,13.9,15.8,,0.6,0.3,0.9,.093,,0.3,0.6,0.9,0.3,2025-2026
3193,194,Jalen Suggs,PG,24,ORL,7,248,6.4,.419,.621,.161,2.1,10.5,6.1,20.0,2.6,1.5,18.4,20.0,,-0.6,0.4,-0.2,-0.039,,-4.3,0.4,-3.8,-0.1,2025-2026
3194,195,Jae'Sean Tate,SF,30,HOU,5,30,10.7,.396,.400,.600,21.6,17.2,19.6,0.0,1.7,0.0,0.0,18.6,,0.0,0.0,0.1,.092,,-5.7,-1.8,-7.5,0.0,2025-2026
3195,196,Jayson Tatum,PF,27,BOS,6,218,24.1,.608,.515,.317,2.9,29.7,16.0,32.7,1.6,0.0,12.9,26.8,,0.6,0.3,1.0,.213,,5.5,3.5,8.9,0.6,2025-2026
3196,197,Garrett Temple,SG,39,TOR,2,2,-3.1,.000,.000,.000,0.0,0.0,0.0,60.5,0.0,0.0,0.0,21.4,,0.0,0.0,0.0,-0.317,,-9.0,-4.6,-13.5,0.0,2025-2026
3197,198,Dalen Terry,SG,23,PHI,7,39,13.1,.404,.385,.538,0.0,11.9,5.9,26.7,6.6,0.0,11.1,21.2,,-0.1,0.0,0.0,-0.015,,-1.8,3.6,1.8,0.0,2025-2026
3198,199,Adou Thiero,SF,21,LAL,6,34,6.6,.521,.333,1.000,18.4,24.4,21.5,4.4,0.0,0.0,31.6,17.0,,0.0,0.0,0.0,-0.036,,-5.9,-3.2,-9.1,-0.1,2025-2026
3199,200,Amen Thompson,PG,23,HOU,6,264,17.8,.553,.093,.477,6.1,13.2,9.4,23.0,2.4,2.6,12.6,19.9,,0.4,0.4,0.8,.139,,0.5,1.7,2.3,0.3,2025-2026
3200,201,Ausar Thompson,SF,23,DET,14,427,16.5,.520,.072,.320,12.1,17.3,14.7,15.6,3.3,6.1,17.2,13.7,,0.4,0.9,1.2,.138,,0.3,5.0,5.3,0.8,2025-2026
3201,202,Matisse Thybulle,SG,28,POR,4,53,5.9,.235,.786,.143,2.0,16.2,8.5,10.7,2.8,5.1,0.0,12.1,,-0.1,0.1,-0.1,-0.049,,-5.8,3.1,-2.7,0.0,2025-2026
3202,203,Nae'Qwan Tomlin,PF,25,CLE,7,19,23.4,.654,.000,.333,24.8,6.2,15.5,18.9,2.7,0.0,12.7,18.2,,0.1,0.0,0.1,.221,,3.9,1.1,5.0,0.0,2025-2026
3203,204,Nikola Topić,PG,20,OKC,9,22,4.9,.333,.333,.000,0.0,10.3,5.3,17.9,4.6,0.0,25.0,15.9,,-0.1,0.0,0.0,-0.082,,-8.3,2.0,-6.3,0.0,2025-2026
3204,205,Karl-Anthony Towns,C,30,NYK,19,578,24.4,.684,.305,.412,10.2,29.1,20.2,23.7,2.1,4.4,18.5,20.6,,2.1,1.5,3.5,.293,,3.9,5.5,9.4,1.7,2025-2026
3205,206,Jaylon Tyson,SG,23,CLE,17,216,8.9,.456,.551,.217,7.1,18.6,12.8,15.6,0.7,0.4,12.7,17.6,,0.0,0.1,0.1,.022,,-2.2,-0.7,-2.9,0.0,2025-2026
3206,207,Jonas Valančiūnas,C,33,DEN,4,25,6.3,.698,.000,.286,13.7,26.6,20.2,7.2,0.0,3.3,38.8,22.8,,-0.1,0.0,0.0,-0.051,,-12.3,-1.7,-14.1,-0.1,2025-2026
3207,208,Jarred Vanderbilt,PF,26,LAL,7,75,8.5,.429,.409,.136,8.4,30.0,19.5,4.2,1.4,0.0,4.1,14.8,,0.0,0.1,0.1,.040,,-5.0,-0.9,-6.0,-0.1,2025-2026
3208,209,Devin Vassell,SG,25,SAS,23,801,13.6,.573,.609,.160,2.7,13.4,8.2,11.3,1.8,1.9,7.8,15.2,,1.1,1.2,2.3,.139,,0.9,2.5,3.4,1.1,2025-2026
3209,210,Gabe Vincent,PG,29,ATL,6,93,7.4,.537,.818,.227,3.5,0.0,1.9,11.2,1.1,1.0,11.0,13.0,,0.0,-0.1,0.0,-0.011,,-2.7,-0.7,-3.3,0.0,2025-2026
3210,211,Nikola Vučević,C,35,BOS,6,114,9.2,.477,.649,.108,4.7,20.6,12.4,18.3,0.4,2.4,17.1,18.1,,-0.1,0.1,0.1,.032,,-3.4,1.9,-1.6,0.0,2025-2026
3211,212,Dean Wade,PF,29,CLE,18,407,9.2,.596,.738,.046,7.0,13.4,10.2,5.0,1.6,0.2,13.1,8.2,,0.4,0.2,0.6,.070,,-0.3,0.8,0.5,0.2,2025-2026
3212,213,Franz Wagner,SF,24,ORL,4,122,20.1,.527,.158,.263,3.4,16.6,9.8,23.6,4.5,0.8,8.6,24.8,,0.1,0.3,0.4,.145,,2.6,4.6,7.2,0.3,2025-2026
3213,214,Moritz Wagner,C,28,ORL,2,13,4.9,.512,.250,.500,8.0,17.3,12.5,0.0,0.0,0.0,17.0,19.7,,0.0,0.0,0.0,.017,,-6.0,-4.4,-10.5,0.0,2025-2026
3214,215,Jabari Walker,PF,23,PHI,6,29,-5.1,.184,.500,.200,7.9,16.0,11.9,0.0,0.0,0.0,8.4,18.7,,-0.2,0.0,-0.2,-0.285,,-11.4,-7.5,-18.8,-0.1,2025-2026
3215,216,Cason Wallace,SG,22,OKC,15,374,17.6,.648,.646,.083,6.3,11.2,8.8,13.2,4.3,1.9,10.0,12.9,,0.9,0.5,1.4,.185,,2.0,5.4,7.4,0.9,2025-2026
3216,217,Keaton Wallace,PG,26,ATL,3,15,12.1,.338,.375,.250,0.0,25.2,11.6,31.9,3.3,0.0,0.0,26.3,,0.0,0.0,0.0,-0.077,,-4.2,0.6,-3.6,0.0,2025-2026
3217,218,Jordan Walsh,PF,21,BOS,7,89,7.5,.277,.632,.316,7.2,15.1,11.0,10.5,2.3,2.1,0.0,10.8,,-0.1,0.1,0.1,.039,,-3.9,1.6,-2.2,0.0,2025-2026
3218,219,Ja'Kobe Walter,SG,21,TOR,7,224,11.0,.540,.776,.179,1.0,10.4,5.6,6.2,3.1,1.0,5.2,14.6,,0.2,0.2,0.4,.080,,-1.9,2.1,0.2,0.1,2025-2026
3219,220,Lindy Waters III,SG,28,SAS,9,34,18.5,.577,.615,.000,9.9,9.2,9.5,18.4,2.9,0.0,7.1,17.8,,0.1,0.1,0.1,.193,,1.7,1.5,3.2,0.0,2025-2026
3220,221,Trendon Watford,PF,25,PHI,7,40,19.7,.689,.091,.727,0.0,8.7,4.3,12.5,3.8,0.0,12.1,18.9,,0.1,0.0,0.1,.135,,2.5,1.8,4.3,0.1,2025-2026
3221,222,Victor Wembanyama,C,22,SAS,22,750,26.3,.606,.314,.433,8.2,25.5,17.2,13.5,1.4,9.3,12.0,28.2,,1.9,1.8,3.7,.236,,5.2,3.7,8.9,2.0,2025-2026
3222,223,Blake Wesley,SG,22,POR,4,5,-5.6,.568,0,0,0.0,0.0,0.0,0.0,0.0,0.0,53.2,16.2,,0.0,0.0,0.0,-0.274,,-11.2,-5.8,-16.9,0.0,2025-2026
3223,224,Derrick White,SG,31,BOS,7,251,9.1,.450,.679,.160,4.2,5.8,5.0,12.7,1.2,3.7,11.3,17.2,,-0.1,0.3,0.2,.035,,-1.8,0.2,-1.6,0.0,2025-2026
3224,225,Aaron Wiggins,SG,27,OKC,13,75,2.7,.380,.360,.000,1.6,6.0,3.9,9.1,0.7,1.3,13.8,16.9,,-0.2,0.0,-0.1,-0.095,,-5.2,-0.8,-6.0,-0.1,2025-2026
3225,226,Amari Williams,PF,24,BOS,1,2,11.8,.266,.000,2.000,53.3,0.0,27.3,0.0,0.0,0.0,0.0,41.6,,0.0,0.0,0.0,-0.143,,0.8,-17.8,-17.0,0.0,2025-2026
3226,227,Jalen Williams,SG,24,OKC,5,107,23.3,.587,.214,.214,5.5,11.7,8.7,22.5,2.3,1.9,8.9,27.5,,0.3,0.1,0.4,.167,,4.8,2.0,6.8,0.2,2025-2026
3227,228,Jaylin Williams,PF,23,OKC,15,240,12.2,.547,.769,.092,3.5,26.0,15.0,12.3,1.7,1.2,8.1,13.4,,0.3,0.3,0.6,.123,,-0.7,2.2,1.5,0.2,2025-2026
3228,229,Kenrich Williams,PF,31,OKC,11,72,15.3,.519,.613,.129,9.9,22.0,16.1,12.1,0.7,0.0,5.8,21.1,,0.1,0.1,0.2,.125,,1.5,0.3,1.8,0.1,2025-2026
3229,230,Robert Williams,C,28,POR,5,108,26.3,.661,.257,.086,15.5,23.8,19.3,22.2,1.4,5.0,5.2,15.3,,0.4,0.1,0.5,.232,,7.3,3.5,10.8,0.4,2025-2026
