,Rk,Player,Pos,Age,Tm,Games,Games Started,Minutes Played Per Game,Field Goals Per Game,Field Goal Attempts Per Game,Field Goal Percentage,3-Point Field Goals Per Game,3-Point Field Goal Attempts Per Game,3-Point Field Goal Percentage,2-Point Field Goals Per Game,2-Point Field Goal Attempts Per Game,2-Point Field Goal Percentage,Effective Field Goal Percentage,Free Throws Per Game,Free Throw Attempts Per Game,Free Throw Percentage,Offensive Rebounds Per Game,Defensive Rebounds Per Game,Total Rebounds Per Game,Assists Per Game,Steals Per Game,Blocks Per Game,Turnovers Per Game,Personal Fouls Per Game,Points Per Game,Season
0,1,Arron Afflalo,SG,26,DEN,7,7,32.7,4.3,10.6,.405,0.6,2.9,.200,3.7,7.7,.481,.432,1.7,2.1,.800,0.7,2.9,3.6,2.7,0.7,0.3,1.3,2.0,10.9,2011-2012
1,2,Blake Ahearn,PG,27,UTA,3,0,2.7,0.7,1.0,.667,0.3,0.3,1.000,0.3,0.7,.500,.833,0.0,0.0,0,0.0,0.0,0.0,0.7,0.0,0.0,0.0,0.0,1.7,2011-2012
2,3,Cole Aldrich,C,23,OKC,5,0,5.0,0.8,1.8,.444,0.0,0.0,0,0.8,1.8,.444,.444,0.4,0.8,.500,1.0,1.6,2.6,0.0,0.0,0.0,0.0,0.6,2.0,2011-2012
3,4,Lavoy Allen,PF,22,PHI,12,1,19.7,2.8,5.1,.557,0.0,0.0,0,2.8,5.1,.557,.557,0.6,1.0,.583,1.8,3.2,4.9,0.3,0.8,0.9,0.4,2.5,6.3,2011-2012
4,5,Ray Allen,SG,36,BOS,18,10,34.2,3.7,9.3,.395,1.6,5.1,.304,2.1,4.2,.507,.479,1.8,2.5,.711,0.4,3.7,4.1,1.0,0.9,0.1,0.9,2.3,10.7,2011-2012
5,6,Tony Allen,SG,30,MEM,7,7,24.3,2.6,6.4,.400,0.0,0.7,.000,2.6,5.7,.450,.400,1.7,2.4,.706,1.1,2.0,3.1,0.7,1.3,1.0,1.4,3.0,6.9,2011-2012
6,7,Lou Amundson,PF,29,IND,11,0,8.5,1.1,2.1,.522,0.0,0.0,0,1.1,2.1,.522,.522,0.3,0.5,.500,0.5,1.5,2.1,0.2,0.2,0.5,0.4,1.5,2.5,2011-2012
7,8,James Anderson,SG,22,SAS,8,0,3.9,0.5,1.1,.444,0.3,0.5,.500,0.3,0.6,.400,.556,0.1,0.3,.500,0.0,0.6,0.6,0.4,0.1,0.0,0.0,0.1,1.4,2011-2012
8,9,Ryan Anderson,PF,23,ORL,5,5,34.4,3.0,8.8,.341,2.4,6.0,.400,0.6,2.8,.214,.477,1.2,1.4,.857,1.8,2.8,4.6,0.8,0.6,0.4,1.8,4.4,9.6,2011-2012
9,10,Carmelo Anthony,SF,27,NYK,5,5,40.8,10.4,24.8,.419,0.8,3.6,.222,9.6,21.2,.453,.435,6.2,8.2,.756,2.6,5.6,8.2,2.2,1.2,0.2,2.8,4.2,27.8,2011-2012
10,11,Joel Anthony,C,29,MIA,17,1,19.4,1.0,1.7,.586,0.0,0.0,0,1.0,1.7,.586,.586,1.2,1.5,.800,1.3,1.9,3.2,0.1,0.3,0.9,0.5,2.4,3.2,2011-2012
11,12,Gilbert Arenas,PG,30,MEM,6,0,3.8,0.3,1.3,.250,0.0,0.7,.000,0.3,0.7,.500,.250,0.0,0.0,0,0.0,0.2,0.2,0.2,0.0,0.0,0.2,1.0,0.7,2011-2012
12,13,Ömer Aşık,C,25,CHI,6,3,21.3,1.2,2.3,.500,0.0,0.0,0,1.2,2.3,.500,.500,1.0,2.8,.353,1.3,3.3,4.7,1.3,0.2,1.7,1.3,2.3,3.3,2011-2012
13,14,Jeff Ayres,C,24,IND,4,0,2.3,0.3,0.8,.333,0.0,0.0,0,0.3,0.8,.333,.333,0.0,0.0,0,0.0,0.5,0.5,0.0,0.0,0.0,0.0,0.5,0.5,2011-2012
14,15,Kelenna Azubuike,SG,28,DAL,1,0,5.0,1.0,3.0,.333,1.0,1.0,1.000,0.0,2.0,.000,.500,0.0,0.0,0,1.0,0.0,1.0,0.0,1.0,0.0,1.0,0.0,3.0,2011-2012
15,16,Leandro Barbosa,SG,29,IND,11,0,20.3,2.5,6.6,.370,0.3,1.8,.150,2.2,4.8,.453,.390,0.5,1.1,.500,0.5,1.7,2.2,1.3,0.5,0.1,1.2,2.1,5.7,2011-2012
16,17,Matt Barnes,SF,31,LAL,11,0,16.8,1.5,5.4,.271,0.5,2.8,.161,1.0,2.5,.393,.314,0.2,0.4,.500,0.8,2.5,3.3,1.5,0.9,0.5,1.4,2.6,3.5,2011-2012
17,18,Brandon Bass,PF,26,BOS,20,20,30.4,4.1,8.8,.463,0.0,0.0,0,4.1,8.8,.463,.463,3.0,3.2,.922,1.3,4.0,5.3,0.8,0.7,0.5,0.8,2.5,11.1,2011-2012
18,19,Shane Battier,SF,33,MIA,23,16,33.4,2.3,6.1,.379,1.8,4.8,.382,0.5,1.3,.367,.529,0.6,0.7,.813,0.7,2.6,3.2,1.2,1.0,0.6,0.7,3.0,7.0,2011-2012
19,20,Rodrigue Beaubois,PG,23,DAL,2,0,6.0,0.0,1.0,.000,0.0,0.5,.000,0.0,0.5,.000,.000,0.0,0.0,0,0.0,0.5,0.5,1.0,0.0,0.0,0.5,0.5,0.0,2011-2012
20,21,Mike Bibby,PG,33,NYK,5,1,23.6,1.8,4.6,.391,1.4,3.4,.412,0.4,1.2,.333,.543,0.4,0.6,.667,0.6,3.6,4.2,2.6,0.2,0.0,0.8,1.4,5.4,2011-2012
21,22,DeJuan Blair,PF,22,SAS,10,0,7.6,1.7,2.7,.630,0.0,0.0,0,1.7,2.7,.630,.630,0.3,0.6,.500,0.7,1.6,2.3,0.2,0.3,0.1,0.1,1.0,3.7,2011-2012
22,23,Steve Blake,PG,31,LAL,12,0,25.5,2.2,5.2,.419,1.5,3.6,.419,0.7,1.6,.421,.565,0.4,0.6,.714,0.7,2.2,2.8,2.3,0.7,0.2,1.3,1.8,6.3,2011-2012
23,24,Eric Bledsoe,PG,22,LAC,11,0,17.2,3.4,5.7,.587,0.3,0.6,.429,3.1,5.1,.607,.611,0.9,1.5,.625,1.1,1.3,2.4,2.1,1.2,0.4,1.4,2.1,7.9,2011-2012
24,25,Matt Bonner,PF,31,SAS,13,0,12.7,0.8,2.5,.313,0.6,1.8,.348,0.2,0.7,.222,.438,0.2,0.4,.600,0.2,1.8,1.9,0.7,0.2,0.3,0.2,1.8,2.4,2011-2012
25,26,Carlos Boozer,PF,30,CHI,6,6,33.3,6.3,15.0,.422,0.0,0.0,0,6.3,15.0,.422,.422,0.8,1.2,.714,1.7,8.2,9.8,3.0,0.8,0.3,3.8,3.3,13.5,2011-2012
26,27,Chris Bosh,PF,27,MIA,14,10,31.4,5.2,10.6,.493,0.5,0.9,.538,4.7,9.6,.489,.517,3.1,3.7,.827,2.6,5.2,7.8,0.6,0.4,1.0,1.4,1.4,14.0,2011-2012
27,28,Avery Bradley,PG,21,BOS,10,10,24.8,2.5,6.8,.368,0.5,2.2,.227,2.0,4.6,.435,.404,1.2,1.8,.667,0.3,1.7,2.0,0.8,0.8,0.6,1.0,2.0,6.7,2011-2012
28,29,Elton Brand,C,32,PHI,13,13,27.4,3.5,7.6,.465,0.0,0.0,0,3.5,7.6,.465,.465,1.5,2.5,.625,1.7,3.2,4.8,0.5,0.8,1.5,0.5,2.8,8.6,2011-2012
29,30,Corey Brewer,SF,25,DEN,7,0,16.6,3.3,7.7,.426,0.9,2.9,.300,2.4,4.9,.500,.481,0.9,1.1,.750,0.9,1.1,2.0,0.9,1.0,0.3,0.3,1.6,8.3,2011-2012
30,31,Ronnie Brewer,SG,26,CHI,5,0,16.6,0.8,3.2,.250,0.0,0.0,0,0.8,3.2,.250,.250,0.0,0.6,.000,0.8,3.0,3.8,1.8,0.8,0.2,1.2,1.0,1.6,2011-2012
31,32,Kobe Bryant,SG,33,LAL,12,12,39.7,11.0,25.1,.439,1.4,5.0,.283,9.6,20.1,.477,.467,6.6,7.9,.832,1.3,3.5,4.8,4.3,1.3,0.2,2.8,2.8,30.0,2011-2012
32,33,Alec Burks,SG,20,UTA,4,0,15.8,1.8,7.0,.250,0.0,0.5,.000,1.8,6.5,.269,.250,3.0,3.5,.857,1.3,1.5,2.8,0.8,0.5,0.0,0.8,1.0,6.5,2011-2012
33,34,Caron Butler,SF,31,LAC,10,10,26.8,3.3,9.2,.359,0.8,3.1,.258,2.5,6.1,.410,.402,1.2,1.6,.750,0.4,2.6,3.0,1.0,0.6,0.2,1.6,2.2,8.6,2011-2012
34,35,Jimmy Butler,SG,22,CHI,3,0,1.3,0.0,0.0,0,0.0,0.0,0,0.0,0.0,0,0,0.0,0.0,0,0.0,0.0,0.0,0.0,0.0,0.0,0.0,0.3,0.0,2011-2012
35,36,Andrew Bynum,C,24,LAL,12,12,37.6,6.1,12.8,.477,0.0,0.0,0,6.1,12.8,.477,.477,4.5,5.8,.783,3.8,7.3,11.1,1.5,0.4,3.1,1.3,1.8,16.7,2011-2012
36,37,Brian Cardinal,SF,34,DAL,2,0,4.5,0.5,1.0,.500,0.5,0.5,1.000,0.0,0.5,.000,.750,0.0,0.0,0,0.0,1.5,1.5,0.0,0.0,0.0,0.0,0.0,1.5,2011-2012
37,38,DeMarre Carroll,SF,25,UTA,4,0,18.3,2.3,4.8,.474,0.3,1.3,.200,2.0,3.5,.571,.500,0.0,0.0,0,1.8,2.0,3.8,0.8,0.5,0.3,0.8,2.3,4.8,2011-2012
38,39,Vince Carter,SG,35,DAL,4,0,26.8,3.0,10.3,.293,0.8,2.5,.300,2.3,7.8,.290,.329,1.5,2.0,.750,1.3,4.3,5.5,0.3,1.3,0.5,1.5,2.8,8.3,2011-2012
39,40,Mario Chalmers,PG,25,MIA,23,23,35.6,4.0,9.0,.442,1.4,4.0,.359,2.6,5.0,.509,.522,1.9,2.6,.717,0.5,3.1,3.7,3.9,1.2,0.3,1.8,3.0,11.3,2011-2012
40,41,Tyson Chandler,C,29,NYK,5,5,33.4,2.2,5.0,.440,0.0,0.0,0,2.2,5.0,.440,.440,1.8,3.0,.600,3.6,5.4,9.0,0.8,1.4,1.4,3.0,3.6,6.2,2011-2012
41,42,Earl Clark,PF,24,ORL,5,0,17.6,1.6,3.6,.444,0.0,0.0,0,1.6,3.6,.444,.444,0.8,1.4,.571,1.6,5.0,6.6,0.2,0.4,1.0,0.8,1.2,4.0,2011-2012
42,43,Norris Cole,PG,23,MIA,19,0,8.9,0.6,1.9,.324,0.2,0.6,.250,0.5,1.3,.360,.365,0.4,0.5,.778,0.1,0.5,0.5,0.6,0.4,0.0,0.3,1.3,1.8,2011-2012
43,44,Jason Collins,C,33,ATL,5,4,17.0,1.2,2.2,.545,0.0,0.0,0,1.2,2.2,.545,.545,0.0,0.0,0,0.8,1.6,2.4,0.0,0.2,0.0,2.0,3.2,2.4,2011-2012
44,45,Darren Collison,PG,24,IND,11,0,18.6,3.3,6.4,.514,0.4,1.0,.364,2.9,5.4,.542,.543,1.8,2.1,.870,0.3,1.0,1.3,3.0,1.3,0.0,1.0,1.0,8.7,2011-2012
45,46,Nick Collison,PF,31,OKC,20,0,16.6,1.7,2.6,.647,0.0,0.0,0,1.7,2.6,.647,.647,0.2,0.4,.429,1.5,1.9,3.4,1.0,0.6,0.3,0.6,2.6,3.5,2011-2012
46,47,Mike Conley,PG,24,MEM,7,7,39.6,4.6,10.9,.421,1.6,3.1,.500,3.0,7.7,.389,.493,3.4,4.6,.750,0.6,2.7,3.3,7.1,0.9,0.0,2.3,2.7,14.1,2011-2012
47,48,Daequan Cook,SG,24,OKC,16,0,6.8,0.9,2.3,.378,0.5,1.5,.333,0.4,0.8,.462,.486,0.0,0.1,.000,0.0,0.6,0.6,0.3,0.2,0.0,0.0,0.4,2.3,2011-2012
48,49,Dante Cunningham,PF,24,MEM,7,0,7.0,0.6,1.6,.364,0.0,0.0,0,0.6,1.6,.364,.364,0.0,0.0,0,0.9,0.7,1.6,0.0,0.1,0.3,0.1,0.4,1.1,2011-2012
49,50,Erick Dampier,C,36,ATL,4,0,13.8,1.8,3.3,.538,0.0,0.0,0,1.8,3.3,.538,.538,0.5,0.8,.667,1.8,1.8,3.5,0.0,0.0,0.3,0.8,1.5,4.0,2011-2012
50,51,Marquis Daniels,SG,31,BOS,15,0,6.1,0.7,1.3,.579,0.0,0.1,.000,0.7,1.1,.647,.579,0.5,0.7,.800,0.1,0.6,0.7,0.2,0.1,0.1,0.1,0.9,2.0,2011-2012
51,52,Baron Davis,PG,32,NYK,4,4,24.3,2.8,5.8,.478,1.0,3.5,.286,1.8,2.3,.778,.565,1.3,1.3,1.000,0.0,0.8,0.8,3.3,0.0,0.0,3.3,3.8,7.8,2011-2012
52,53,Glen Davis,PF,26,ORL,5,5,38.0,7.8,17.8,.438,0.0,0.0,0,7.8,17.8,.438,.438,3.4,4.4,.773,4.6,4.6,9.2,0.8,0.6,1.2,1.8,2.0,19.0,2011-2012
53,54,Luol Deng,SF,26,CHI,6,6,38.0,6.0,13.2,.456,1.3,3.7,.364,4.7,9.5,.491,.506,0.7,1.2,.571,1.3,7.0,8.3,1.5,0.8,1.5,1.7,1.7,14.0,2011-2012
54,55,Boris Diaw,PF,29,SAS,14,14,24.7,2.6,5.0,.514,0.6,1.3,.500,1.9,3.7,.519,.579,0.4,0.6,.750,2.0,3.2,5.2,2.5,0.8,0.3,1.1,2.1,6.2,2011-2012
55,56,Keyon Dooling,SG,31,BOS,20,0,10.6,1.1,2.4,.438,0.6,1.4,.393,0.5,1.0,.500,.552,0.1,0.2,.667,0.1,0.7,0.8,0.7,0.3,0.2,0.2,1.5,2.8,2011-2012
56,57,Toney Douglas,PG,25,NYK,1,0,8.0,1.0,1.0,1.000,0.0,0.0,0,1.0,1.0,1.000,1.000,0.0,0.0,0,0.0,0.0,0.0,1.0,0.0,0.0,0.0,0.0,2.0,2011-2012
57,58,Chris Duhon,PG,29,ORL,5,0,12.2,0.2,1.0,.200,0.2,0.6,.333,0.0,0.4,.000,.300,0.0,0.4,.000,0.0,1.4,1.4,1.8,1.0,0.2,1.4,1.0,0.6,2011-2012
58,59,Tim Duncan,C,35,SAS,14,14,33.1,7.2,14.6,.495,0.0,0.1,.000,7.2,14.5,.498,.495,2.9,4.1,.707,2.3,7.1,9.4,2.8,0.7,2.1,1.5,2.1,17.4,2011-2012
59,60,Kevin Durant,SF,23,OKC,20,20,41.9,9.9,19.2,.517,2.1,5.5,.373,7.9,13.7,.575,.570,6.7,7.7,.864,0.7,6.8,7.4,3.7,1.5,1.2,3.2,2.6,28.5,2011-2012
60,61,Devin Ebanks,SG,22,LAL,9,6,14.0,1.8,4.3,.410,0.0,0.3,.000,1.8,4.0,.444,.410,0.6,0.9,.625,0.8,1.4,2.2,0.7,0.3,0.8,0.2,1.4,4.1,2011-2012
61,62,Jeremy Evans,SF,24,UTA,2,0,3.5,0.0,0.5,.000,0.0,0.0,0,0.0,0.5,.000,.000,1.0,1.0,1.000,0.0,1.5,1.5,0.5,0.5,0.0,0.0,0.5,1.0,2011-2012
62,63,Reggie Evans,PF,31,LAC,11,0,18.0,0.7,1.4,.533,0.0,0.0,0,0.7,1.4,.533,.533,1.5,3.6,.425,1.8,5.5,7.3,0.1,0.8,0.5,0.8,2.8,3.0,2011-2012
63,64,Christian Eyenga,SF,22,LAL,3,0,3.0,0.7,1.0,.667,0.0,0.0,0,0.7,1.0,.667,.667,0.0,0.3,.000,0.3,0.3,0.7,0.3,0.3,0.3,0.3,1.0,1.3,2011-2012
64,65,Kenneth Faried,PF,22,DEN,7,7,27.4,4.6,8.6,.533,0.0,0.0,0,4.6,8.6,.533,.533,1.3,1.7,.750,3.6,6.4,10.0,0.6,0.7,1.1,2.0,2.9,10.4,2011-2012
65,66,Derrick Favors,PF,20,UTA,4,1,29.0,3.8,9.0,.417,0.0,0.0,0,3.8,9.0,.417,.417,4.3,7.3,.586,3.5,6.0,9.5,0.5,1.3,1.5,1.3,2.8,11.8,2011-2012
66,67,Landry Fields,SG,23,NYK,5,4,23.0,3.0,6.2,.484,0.2,1.0,.200,2.8,5.2,.538,.500,1.0,1.4,.714,0.8,2.2,3.0,1.4,0.6,0.0,1.8,1.0,7.2,2011-2012
67,68,Derek Fisher,PG,37,OKC,20,0,22.3,2.5,5.9,.415,0.9,2.4,.375,1.6,3.5,.443,.492,0.5,0.5,1.000,0.1,1.5,1.6,1.3,0.9,0.1,0.3,1.9,6.3,2011-2012
68,69,Randy Foye,SG,28,LAC,11,11,26.5,2.6,6.7,.392,1.3,2.9,.438,1.4,3.8,.357,.486,1.0,1.2,.846,0.4,1.6,2.0,1.5,0.5,0.3,1.1,1.7,7.5,2011-2012
69,70,Enes Freedom,C,19,UTA,4,0,10.8,1.8,4.0,.438,0.0,0.0,0,1.8,4.0,.438,.438,0.0,0.3,.000,2.0,2.0,4.0,0.3,0.0,1.0,1.0,1.8,3.5,2011-2012
70,71,Danilo Gallinari,SF,23,DEN,7,7,31.7,4.9,13.4,.362,0.6,3.3,.174,4.3,10.1,.423,.383,3.1,3.4,.917,1.3,3.9,5.1,2.4,0.7,0.6,1.3,2.1,13.4,2011-2012
71,72,Kevin Garnett,C,35,BOS,20,20,36.9,8.0,16.0,.497,0.1,0.2,.250,7.9,15.8,.500,.498,3.3,4.0,.813,1.6,8.8,10.3,1.5,1.2,1.5,2.2,3.0,19.2,2011-2012
72,73,Marc Gasol,C,27,MEM,7,7,37.3,5.1,9.9,.522,0.0,0.1,.000,5.1,9.7,.529,.522,4.9,6.1,.791,2.3,4.4,6.7,3.1,0.3,1.9,1.9,3.6,15.1,2011-2012
73,74,Pau Gasol,PF,31,LAL,12,12,37.0,5.2,11.9,.434,0.2,0.4,.400,5.0,11.5,.435,.441,2.0,2.4,.828,3.2,6.3,9.5,3.7,0.5,2.1,1.7,3.0,12.5,2011-2012
74,75,Rudy Gay,SF,25,MEM,7,7,39.9,6.9,16.3,.421,0.6,2.7,.211,6.3,13.6,.463,.439,4.7,5.7,.825,1.4,5.1,6.6,1.4,1.3,0.3,3.0,2.1,19.0,2011-2012
75,76,Paul George,SG,21,IND,11,11,33.7,3.4,8.6,.389,1.0,3.7,.268,2.4,4.9,.481,.447,2.0,2.5,.786,1.4,5.3,6.6,2.4,1.6,0.4,1.9,2.9,9.7,2011-2012
76,77,Taj Gibson,PF,26,CHI,6,0,22.8,3.5,7.7,.457,0.0,0.0,0,3.5,7.7,.457,.457,2.5,3.7,.682,2.5,4.0,6.5,0.7,0.7,1.7,0.5,3.2,9.5,2011-2012
77,78,Manu Ginóbili,SG,34,SAS,14,2,27.9,4.6,10.4,.448,1.6,4.9,.338,3.0,5.5,.545,.528,3.4,4.0,.857,0.6,2.9,3.5,4.0,0.7,0.3,3.0,2.6,14.4,2011-2012
78,79,Andrew Goudelock,SG,23,LAL,4,0,2.5,0.5,0.8,.667,0.3,0.3,1.000,0.3,0.5,.500,.833,0.0,0.0,0,0.0,0.3,0.3,0.0,0.0,0.0,0.0,0.3,1.3,2011-2012
79,80,Danny Granger,SF,28,IND,11,11,38.2,6.3,15.8,.397,2.4,6.6,.356,3.9,9.2,.426,.471,2.1,2.5,.821,1.4,4.3,5.6,2.5,0.5,0.4,2.6,2.8,17.0,2011-2012
80,81,Danny Green,SG,24,SAS,14,12,20.6,2.7,6.5,.418,1.4,4.1,.345,1.3,2.4,.545,.527,0.5,0.7,.700,0.2,3.0,3.2,1.1,0.5,0.7,1.1,1.7,7.4,2011-2012
81,82,Willie Green,SG,30,ATL,5,0,12.6,1.2,2.6,.462,0.2,0.8,.250,1.0,1.8,.556,.500,0.0,0.0,0,0.2,1.4,1.6,0.6,0.0,0.0,0.4,1.2,2.6,2011-2012
82,83,Blake Griffin,PF,22,LAC,11,11,35.7,7.6,15.3,.500,0.0,0.1,.000,7.6,15.2,.503,.500,3.8,6.0,.636,1.7,5.2,6.9,2.5,1.8,0.9,2.3,3.7,19.1,2011-2012
83,84,Hamed Haddadi,C,26,MEM,4,0,5.3,0.5,0.5,1.000,0.0,0.0,0,0.5,0.5,1.000,1.000,0.3,0.5,.500,1.3,1.0,2.3,0.3,0.0,0.5,0.3,1.3,1.3,2011-2012
84,85,Jordan Hamilton,SF,21,DEN,2,0,2.5,1.0,1.5,.667,0.0,0.0,0,1.0,1.5,.667,.667,0.0,0.0,0,0.0,0.0,0.0,0.0,0.5,0.0,0.5,0.5,2.0,2011-2012
85,86,Richard Hamilton,SG,33,CHI,6,6,28.5,4.8,11.7,.414,0.3,1.0,.333,4.5,10.7,.422,.429,3.0,3.7,.818,1.3,1.8,3.2,3.0,0.2,0.0,1.3,2.5,13.0,2011-2012
86,87,Tyler Hansbrough,PF,26,IND,11,0,14.9,1.5,4.5,.340,0.0,0.0,0,1.5,4.5,.340,.340,1.3,1.9,.667,1.1,2.1,3.2,0.5,0.5,0.3,0.7,2.0,4.4,2011-2012
87,88,James Harden,SG,22,OKC,20,0,31.5,4.7,10.7,.435,1.6,3.9,.410,3.1,6.8,.449,.509,5.4,6.3,.857,0.7,4.5,5.1,3.4,1.6,0.1,2.1,3.4,16.3,2011-2012
88,89,Justin Harper,PF,22,ORL,1,0,5.0,0.0,1.0,.000,0.0,0.0,0,0.0,1.0,.000,.000,0.0,0.0,0,0.0,0.0,0.0,0.0,0.0,0.0,0.0,0.0,0.0,2011-2012
89,90,Josh Harrellson,PF,22,NYK,4,0,6.3,1.0,2.3,.444,0.0,0.3,.000,1.0,2.0,.500,.444,0.5,0.5,1.000,0.8,1.3,2.0,0.0,0.0,0.0,0.5,1.5,2.5,2011-2012
90,91,Al Harrington,PF,31,DEN,7,0,23.3,3.4,10.7,.320,1.4,5.0,.286,2.0,5.7,.350,.387,1.4,2.1,.667,1.0,3.3,4.3,0.9,0.4,0.1,0.4,1.9,9.7,2011-2012
91,92,Devin Harris,PG,28,UTA,4,4,30.0,4.8,12.0,.396,1.0,3.8,.267,3.8,8.3,.455,.438,2.5,3.5,.714,0.0,1.5,1.5,3.8,0.8,0.5,3.0,3.5,13.0,2011-2012
92,93,Terrel Harris,SG,24,MIA,4,0,2.5,0.3,0.5,.500,0.0,0.3,.000,0.3,0.3,1.000,.500,0.8,1.0,.750,0.0,0.8,0.8,0.0,0.0,0.0,0.0,0.0,1.3,2011-2012
93,94,Udonis Haslem,PF,31,MIA,22,11,20.5,1.8,4.0,.455,0.0,0.0,0,1.8,4.0,.455,.455,1.2,1.6,.743,1.7,4.7,6.4,0.6,0.2,0.3,0.9,2.7,4.8,2011-2012
94,95,Spencer Hawes,C,23,PHI,13,12,25.5,3.8,8.3,.463,0.2,0.4,.400,3.7,7.9,.466,.472,1.5,2.0,.731,1.4,5.2,6.6,1.6,0.3,0.8,1.7,2.5,9.3,2011-2012
95,96,Gordon Hayward,SF,21,UTA,4,4,30.8,1.5,8.3,.182,0.3,3.0,.083,1.3,5.3,.238,.197,4.0,4.0,1.000,0.5,2.3,2.8,3.0,0.8,0.0,0.8,1.0,7.3,2011-2012
96,97,Lazar Hayward,SF,25,OKC,5,0,3.6,0.4,0.6,.667,0.0,0.0,0,0.4,0.6,.667,.667,0.0,0.0,0,0.0,0.8,0.8,0.0,0.0,0.0,0.2,0.4,0.8,2011-2012
97,98,Brendan Haywood,C,32,DAL,4,4,15.3,1.0,3.5,.286,0.0,0.0,0,1.0,3.5,.286,.286,1.3,2.0,.625,1.8,1.5,3.3,0.3,0.3,0.5,0.5,2.0,3.3,2011-2012
98,99,Roy Hibbert,C,25,IND,11,11,30.9,4.7,9.5,.500,0.1,0.1,1.000,4.6,9.4,.495,.505,2.2,3.3,.667,4.1,7.1,11.2,1.1,0.4,3.1,2.0,3.5,11.7,2011-2012
99,100,George Hill,PG,25,IND,11,11,31.5,4.3,9.5,.448,1.4,3.6,.375,2.9,5.9,.492,.519,3.5,4.2,.848,0.8,1.5,2.3,2.9,1.2,0.3,2.0,1.9,13.5,2011-2012
100,101,Jordan Hill,C,24,LAL,12,0,18.1,1.9,4.4,.434,0.0,0.0,0,1.9,4.4,.434,.434,0.9,1.3,.688,3.3,3.1,6.3,0.1,0.3,0.7,0.6,2.7,4.8,2011-2012
101,102,Kirk Hinrich,SG,31,ATL,6,4,23.5,2.2,5.0,.433,1.0,2.7,.375,1.2,2.3,.500,.533,0.3,0.3,1.000,0.7,1.3,2.0,1.0,0.7,0.0,0.3,1.5,5.7,2011-2012
102,103,Jrue Holiday,PG,21,PHI,13,13,38.0,5.7,13.8,.413,1.5,3.8,.408,4.2,10.0,.415,.469,2.9,3.4,.864,1.3,3.4,4.7,5.2,1.5,0.6,2.0,1.8,15.8,2011-2012
103,104,Ryan Hollins,C,27,BOS,17,0,10.0,0.6,1.5,.423,0.0,0.0,0,0.6,1.5,.423,.423,0.2,0.5,.444,0.9,0.6,1.6,0.5,0.0,0.5,0.4,1.7,1.5,2011-2012
104,105,Al Horford,C,25,ATL,3,2,36.0,6.7,11.3,.588,0.0,0.0,0,6.7,11.3,.588,.588,2.0,2.7,.750,1.7,6.7,8.3,2.7,1.3,1.3,4.0,3.7,15.3,2011-2012
105,106,Josh Howard,SF,31,UTA,4,3,15.8,1.3,4.3,.294,0.3,0.5,.500,1.0,3.8,.267,.324,1.0,1.3,.800,1.0,2.5,3.5,1.0,0.5,0.3,0.5,0.8,3.8,2011-2012
106,107,Juwan Howard,PF,38,MIA,9,0,2.7,0.2,0.8,.286,0.0,0.0,0,0.2,0.8,.286,.286,0.3,0.4,.750,0.0,0.1,0.1,0.0,0.0,0.0,0.0,0.0,0.8,2011-2012
107,108,Serge Ibaka,PF,22,OKC,20,20,28.5,4.2,8.0,.528,0.1,0.2,.250,4.2,7.8,.535,.531,1.3,1.8,.722,2.4,3.4,5.8,0.6,0.6,3.0,0.6,2.9,9.8,2011-2012
108,109,Andre Iguodala,SF,28,PHI,13,13,38.8,4.5,11.6,.384,1.5,3.8,.388,3.0,7.8,.382,.447,2.5,4.3,.589,1.3,4.4,5.7,3.7,1.5,0.4,1.5,2.5,12.9,2011-2012
109,110,Royal Ivey,SG,30,OKC,5,0,4.2,0.8,2.2,.364,0.4,1.0,.400,0.4,1.2,.333,.455,0.2,0.4,.500,0.2,0.4,0.6,0.2,0.4,0.0,0.2,0.4,2.2,2011-2012
110,111,Stephen Jackson,SF,33,SAS,14,0,21.4,2.7,5.1,.535,1.9,3.1,.605,0.9,2.0,.429,.718,1.0,1.1,.933,0.4,1.6,2.0,1.7,0.6,0.2,1.3,2.7,8.3,2011-2012
111,112,LeBron James,SF,27,MIA,23,23,42.7,10.9,21.8,.500,1.0,3.7,.259,10.0,18.1,.549,.522,7.5,10.2,.739,2.3,7.4,9.7,5.6,1.9,0.7,3.5,2.0,30.3,2011-2012
112,113,Al Jefferson,C,27,UTA,4,4,35.3,9.0,17.0,.529,0.0,0.3,.000,9.0,16.8,.537,.529,0.3,1.0,.250,1.8,6.8,8.5,2.5,1.3,0.8,1.3,2.5,18.3,2011-2012
113,114,Jared Jeffries,PF,30,NYK,5,0,6.8,0.2,1.2,.167,0.0,0.0,0,0.2,1.2,.167,.167,0.0,0.0,0,1.2,1.2,2.4,0.0,0.2,0.0,0.2,1.0,0.4,2011-2012
114,115,Yi Jianlian,PF,24,DAL,1,0,5.0,1.0,3.0,.333,0.0,1.0,.000,1.0,2.0,.500,.333,0.0,1.0,.000,0.0,2.0,2.0,0.0,1.0,0.0,0.0,0.0,2.0,2011-2012
115,116,Ivan Johnson,PF,27,ATL,5,0,10.8,1.0,3.2,.313,0.0,0.2,.000,1.0,3.0,.333,.313,0.6,1.0,.600,1.4,2.0,3.4,0.0,0.6,0.0,0.6,1.4,2.6,2011-2012
116,117,Joe Johnson,SG,30,ATL,6,6,40.5,6.3,17.0,.373,1.5,6.0,.250,4.8,11.0,.439,.417,3.0,4.0,.750,1.0,2.5,3.5,3.5,1.3,0.2,2.7,1.8,17.2,2011-2012
117,118,Dahntay Jones,SF,31,IND,7,0,8.3,0.6,2.6,.222,0.3,1.3,.222,0.3,1.3,.222,.278,1.0,1.0,1.000,0.6,0.4,1.0,0.4,0.1,0.0,0.4,1.6,2.4,2011-2012
118,119,James Jones,SG,31,MIA,20,0,8.7,0.8,2.2,.372,0.5,1.5,.300,0.4,0.7,.538,.477,0.5,0.5,1.000,0.3,0.8,1.0,0.1,0.2,0.1,0.2,0.6,2.6,2011-2012
119,120,DeAndre Jordan,C,23,LAC,11,11,22.6,1.9,3.6,.525,0.0,0.0,0,1.9,3.6,.525,.525,0.7,2.2,.333,1.6,3.6,5.3,0.4,0.6,1.6,0.6,1.8,4.5,2011-2012
120,121,Jerome Jordan,C,25,NYK,1,0,4.0,1.0,2.0,.500,0.0,0.0,0,1.0,2.0,.500,.500,0.0,0.0,0,2.0,0.0,2.0,0.0,0.0,0.0,0.0,0.0,2.0,2011-2012
121,122,Jason Kidd,PG,38,DAL,4,4,36.0,3.5,10.3,.341,2.3,6.5,.346,1.3,3.8,.333,.451,2.3,2.5,.900,0.8,5.3,6.0,6.0,3.0,0.3,2.8,1.8,11.5,2011-2012
122,123,Kyle Korver,SG,30,CHI,6,0,15.7,1.5,3.7,.409,0.7,2.2,.308,0.8,1.5,.556,.500,0.2,0.3,.500,0.2,1.5,1.7,1.5,0.5,0.5,0.8,1.7,3.8,2011-2012
123,124,Kosta Koufos,C,22,DEN,3,2,8.7,0.3,1.0,.333,0.0,0.0,0,0.3,1.0,.333,.333,0.0,0.0,0,1.3,2.3,3.7,0.0,0.0,0.3,1.0,1.7,0.7,2011-2012
124,125,Ty Lawson,PG,24,DEN,7,7,34.6,8.0,15.6,.514,1.3,4.0,.321,6.7,11.6,.580,.555,1.7,2.7,.632,0.6,2.0,2.6,6.0,1.0,0.1,1.1,1.7,19.0,2011-2012
125,126,Kawhi Leonard,SF,20,SAS,14,14,27.1,3.2,6.4,.500,1.3,2.9,.450,1.9,3.6,.540,.600,0.9,1.1,.813,1.3,4.6,5.9,0.6,1.2,0.4,0.9,1.6,8.6,2011-2012
126,127,John Lucas III,PG,29,CHI,5,0,18.8,3.6,8.0,.450,1.0,2.6,.385,2.6,5.4,.481,.513,0.4,0.4,1.000,0.4,1.0,1.4,1.8,0.0,0.0,1.2,1.4,8.6,2011-2012
127,128,Ian Mahinmi,C,25,DAL,4,0,17.5,2.3,3.5,.643,0.0,0.0,0,2.3,3.5,.643,.643,2.8,3.3,.846,2.3,2.3,4.5,0.0,0.8,0.8,0.3,3.3,7.3,2011-2012
128,129,Shawn Marion,SF,33,DAL,4,4,35.0,4.3,10.0,.425,1.0,3.5,.286,3.3,6.5,.500,.475,2.3,2.5,.900,2.3,5.8,8.0,1.0,0.3,1.3,2.5,3.5,11.8,2011-2012
129,130,Kenyon Martin,PF,34,LAC,11,0,17.5,2.0,3.8,.524,0.0,0.0,0,2.0,3.8,.524,.524,0.5,0.7,.625,1.0,2.2,3.2,0.3,0.4,1.7,0.4,3.3,4.5,2011-2012
130,131,O.J. Mayo,SG,24,MEM,7,0,23.3,2.4,8.9,.274,1.0,3.4,.292,1.4,5.4,.263,.331,3.0,3.9,.778,0.3,3.3,3.6,2.1,1.3,0.1,2.6,2.6,8.9,2011-2012
131,132,JaVale McGee,C,24,DEN,7,0,25.9,3.3,7.6,.434,0.0,0.0,0,3.3,7.6,.434,.434,2.0,3.7,.538,3.3,6.3,9.6,0.7,0.7,3.1,0.6,3.0,8.6,2011-2012
132,133,Tracy McGrady,SF,32,ATL,6,0,15.0,1.7,4.3,.385,0.0,0.7,.000,1.7,3.7,.455,.385,0.8,1.0,.833,1.0,1.8,2.8,1.0,0.0,0.3,1.7,0.7,4.2,2011-2012
133,134,Josh McRoberts,PF,24,LAL,6,0,2.7,0.2,0.7,.250,0.0,0.2,.000,0.2,0.5,.333,.250,0.0,0.0,0,0.0,0.7,0.7,0.2,0.0,0.2,0.3,0.2,0.3,2011-2012
134,135,Jodie Meeks,SG,24,PHI,13,1,7.8,0.7,2.0,.346,0.2,1.0,.231,0.5,1.0,.462,.404,1.1,1.1,1.000,0.2,0.2,0.3,0.3,0.2,0.1,0.3,0.8,2.7,2011-2012
135,136,Andre Miller,SG,35,DEN,7,0,28.6,4.4,10.4,.425,0.6,1.0,.571,3.9,9.4,.409,.452,1.9,2.1,.867,2.0,3.6,5.6,6.0,1.3,0.1,2.4,2.7,11.3,2011-2012
136,137,Mike Miller,SG,31,MIA,23,0,16.0,1.7,4.3,.404,1.3,3.3,.413,0.4,1.0,.375,.561,0.4,0.5,.818,0.4,2.1,2.5,0.7,0.4,0.1,0.5,1.8,5.2,2011-2012
137,138,Patty Mills,PG,23,SAS,8,0,3.9,0.8,1.4,.545,0.4,0.6,.600,0.4,0.8,.500,.682,0.0,0.0,0,0.1,0.3,0.4,0.6,0.1,0.0,0.4,0.3,1.9,2011-2012
138,139,Paul Millsap,PF,26,UTA,4,4,34.8,5.0,13.5,.370,0.0,0.8,.000,5.0,12.8,.392,.370,2.0,4.0,.500,4.3,6.8,11.0,0.5,0.3,2.5,2.3,2.8,12.0,2011-2012
139,140,Nazr Mohammed,C,34,OKC,8,0,10.4,1.0,2.0,.500,0.0,0.0,0,1.0,2.0,.500,.500,0.3,0.5,.500,0.9,1.1,2.0,0.1,0.0,0.4,0.3,2.4,2.3,2011-2012
140,141,E'Twaun Moore,PG,22,BOS,9,0,2.3,0.2,0.9,.250,0.0,0.2,.000,0.2,0.7,.333,.250,0.1,0.2,.500,0.0,0.3,0.3,0.3,0.0,0.1,0.1,0.2,0.6,2011-2012
141,142,Darius Morris,PG,21,LAL,4,0,2.0,0.8,0.8,1.000,0.3,0.3,1.000,0.5,0.5,1.000,1.167,0.8,1.0,.750,0.0,0.0,0.0,0.8,0.0,0.0,0.3,0.3,2.5,2011-2012
142,143,Timofey Mozgov,C,25,DEN,7,5,14.1,1.7,3.6,.480,0.0,0.0,0,1.7,3.6,.480,.480,0.6,1.1,.500,1.4,1.9,3.3,0.4,0.3,0.9,0.7,2.3,4.0,2011-2012
143,144,Troy Murphy,PF,31,LAL,4,0,3.8,0.3,0.3,1.000,0.3,0.3,1.000,0.0,0.0,0,1.500,0.0,0.0,0,0.0,0.8,0.8,0.0,0.0,0.0,0.5,0.0,0.8,2011-2012
144,145,Gary Neal,SG,27,SAS,14,0,15.5,2.8,5.9,.476,1.1,2.6,.444,1.6,3.3,.500,.573,0.8,0.9,.846,0.1,1.2,1.3,1.4,0.1,0.0,0.8,1.5,7.5,2011-2012
145,146,Jameer Nelson,PG,29,ORL,5,5,36.4,5.8,14.8,.392,1.6,5.0,.320,4.2,9.8,.429,.446,2.4,3.2,.750,0.2,3.6,3.8,6.6,0.8,0.2,2.0,2.6,15.6,2011-2012
146,147,Joakim Noah,C,26,CHI,3,3,33.0,6.3,8.7,.731,0.0,0.0,0,6.3,8.7,.731,.731,2.3,3.7,.636,3.0,6.3,9.3,3.0,0.7,1.3,0.3,1.7,15.0,2011-2012
147,148,Steve Novak,PF,28,NYK,5,1,19.0,0.8,1.8,.444,0.8,1.4,.571,0.0,0.4,.000,.667,0.0,0.0,0,0.6,2.4,3.0,0.0,0.0,0.2,0.6,1.4,2.4,2011-2012
148,149,Dirk Nowitzki,PF,33,DAL,4,4,38.5,8.5,19.3,.442,0.3,1.5,.167,8.3,17.8,.465,.448,9.5,10.5,.905,0.8,5.5,6.3,1.8,0.8,0.0,2.5,2.3,26.8,2011-2012
149,150,Daniel Orton,PF,21,ORL,4,0,2.3,0.0,0.0,0,0.0,0.0,0,0.0,0.0,0,0,1.0,1.0,1.000,0.0,0.5,0.5,0.0,0.0,0.0,0.0,0.8,1.0,2011-2012
150,151,Jannero Pargo,PG,32,ATL,5,0,9.2,1.2,4.2,.286,0.8,2.4,.333,0.4,1.8,.222,.381,0.0,0.0,0,0.2,0.8,1.0,1.2,0.4,0.0,0.6,1.0,3.2,2011-2012
151,152,Tony Parker,PG,29,SAS,14,14,36.1,7.3,16.1,.453,0.5,1.5,.333,6.8,14.6,.466,.469,5.1,6.3,.807,0.6,3.0,3.6,6.8,0.9,0.0,3.1,1.6,20.1,2011-2012
152,153,Chris Paul,PG,26,LAC,11,11,38.5,6.4,14.9,.427,1.2,3.5,.333,5.2,11.4,.456,.466,3.7,4.3,.872,0.5,4.5,5.1,7.9,2.7,0.1,3.9,2.7,17.6,2011-2012
153,154,Sasha Pavlović,SF,28,BOS,10,0,4.0,0.3,0.9,.333,0.1,0.5,.200,0.2,0.4,.500,.389,0.0,0.0,0,0.2,0.3,0.5,0.1,0.1,0.1,0.4,0.4,0.7,2011-2012
154,155,Kendrick Perkins,C,27,OKC,20,20,25.9,1.9,4.5,.416,0.0,0.0,0,1.9,4.5,.416,.416,1.0,1.3,.800,1.8,4.5,6.2,0.7,0.4,1.3,1.5,3.0,4.7,2011-2012
155,156,Paul Pierce,SF,34,BOS,20,20,38.9,6.0,15.6,.386,1.4,4.4,.310,4.7,11.2,.415,.429,5.5,6.2,.894,0.7,5.4,6.1,3.1,1.5,0.9,2.8,3.4,18.9,2011-2012
156,157,Mickaël Piétrus,SG,29,BOS,20,1,19.7,1.2,3.7,.329,0.6,2.7,.222,0.6,1.0,.632,.411,0.5,0.8,.563,0.6,1.5,2.1,0.1,0.7,0.3,0.5,2.5,3.5,2011-2012
157,158,Dexter Pittman,C,23,MIA,3,1,2.7,0.0,0.7,.000,0.0,0.0,0,0.0,0.7,.000,.000,0.0,0.0,0,0.0,0.0,0.0,0.3,0.0,0.3,0.0,0.7,0.0,2011-2012
158,159,Quincy Pondexter,SF,23,MEM,7,0,16.3,1.7,2.6,.667,0.3,0.6,.500,1.4,2.0,.714,.722,1.0,1.3,.778,0.4,1.9,2.3,0.3,0.6,0.0,0.7,1.9,4.7,2011-2012
159,160,A.J. Price,PG,25,IND,4,0,1.8,0.3,0.5,.500,0.0,0.0,0,0.3,0.5,.500,.500,0.0,0.0,0,0.3,0.3,0.5,0.3,0.0,0.0,0.0,0.0,0.5,2011-2012
160,161,Vladimir Radmanović,SF,31,ATL,2,0,7.5,0.0,2.0,.000,0.0,1.5,.000,0.0,0.5,.000,.000,0.0,0.0,0,0.0,0.5,0.5,0.5,0.0,0.0,0.0,1.5,0.0,2011-2012
161,162,Zach Randolph,PF,30,MEM,7,7,35.4,5.3,12.6,.420,0.0,0.6,.000,5.3,12.0,.440,.420,3.1,5.0,.629,3.9,6.0,9.9,0.9,1.0,0.6,1.6,3.6,13.7,2011-2012
162,163,JJ Redick,SG,27,ORL,5,0,24.6,3.8,8.8,.432,0.8,3.8,.211,3.0,5.0,.600,.477,2.4,2.8,.857,0.0,1.0,1.0,3.2,0.2,0.0,1.2,0.8,10.8,2011-2012
163,164,Jason Richardson,SG,31,ORL,5,5,29.6,4.2,10.6,.396,2.0,5.4,.370,2.2,5.2,.423,.491,1.0,2.4,.417,0.8,3.0,3.8,1.0,1.2,0.4,1.2,1.4,11.4,2011-2012
164,165,Quentin Richardson,SF,31,ORL,5,0,14.8,1.0,3.0,.333,0.4,1.4,.286,0.6,1.6,.375,.400,0.0,0.0,0,0.0,4.4,4.4,0.4,0.2,0.0,1.2,1.2,2.4,2011-2012
165,166,Rajon Rondo,PG,25,BOS,19,19,42.6,7.4,15.8,.468,0.4,1.6,.267,7.0,14.3,.491,.482,2.1,2.9,.696,1.8,4.9,6.7,11.9,2.4,0.1,3.8,2.1,17.3,2011-2012
166,167,Derrick Rose,PG,23,CHI,1,1,37.0,9.0,23.0,.391,3.0,6.0,.500,6.0,17.0,.353,.457,2.0,2.0,1.000,3.0,6.0,9.0,9.0,1.0,1.0,5.0,1.0,23.0,2011-2012
167,168,Thabo Sefolosha,SG,27,OKC,20,20,22.3,2.1,5.1,.402,0.8,2.5,.327,1.3,2.7,.472,.480,0.4,0.5,.889,0.6,2.1,2.7,1.3,1.5,0.5,0.6,2.2,5.3,2011-2012
168,169,Josh Selby,PG,20,MEM,1,0,0.0,0.0,0.0,0,0.0,0.0,0,0.0,0.0,0,0,0.0,0.0,0,0.0,0.0,0.0,0.0,0.0,0.0,0.0,0.0,0.0,2011-2012
169,170,Ramon Sessions,PG,25,LAL,12,12,31.7,3.6,9.5,.377,0.3,2.1,.160,3.3,7.4,.438,.395,2.2,2.9,.743,0.3,2.8,3.0,3.6,0.3,0.1,1.8,2.3,9.7,2011-2012
170,171,Iman Shumpert,PG,21,NYK,1,1,19.0,0.0,2.0,.000,0.0,1.0,.000,0.0,1.0,.000,.000,0.0,0.0,0,0.0,1.0,1.0,0.0,1.0,0.0,1.0,2.0,0.0,2011-2012
171,172,Xavier Silas,SG,24,PHI,2,0,2.0,0.5,0.5,1.000,0.0,0.0,0,0.5,0.5,1.000,1.000,0.0,0.0,0,0.5,0.5,1.0,0.0,0.0,0.0,0.0,0.0,1.0,2011-2012
172,173,Bobby Simmons,SF,31,LAC,4,1,8.0,1.3,2.3,.556,0.3,1.0,.250,1.0,1.3,.800,.611,0.0,0.0,0,0.0,0.3,0.3,0.0,0.0,0.0,0.3,1.8,2.8,2011-2012
173,174,Ish Smith,PG,23,ORL,1,0,5.0,0.0,0.0,0,0.0,0.0,0,0.0,0.0,0,0,0.0,0.0,0,0.0,1.0,1.0,0.0,0.0,1.0,0.0,0.0,0.0,2011-2012
174,175,J.R. Smith,SG,26,NYK,5,0,35.0,4.8,15.2,.316,1.0,5.6,.179,3.8,9.6,.396,.349,1.6,1.6,1.000,0.4,2.2,2.6,2.2,1.2,0.2,2.2,3.8,12.2,2011-2012
175,176,Josh Smith,PF,26,ATL,5,5,39.2,6.8,17.6,.386,0.0,0.8,.000,6.8,16.8,.405,.386,3.2,4.2,.762,2.0,11.6,13.6,4.8,0.6,1.0,3.0,2.8,16.8,2011-2012
176,177,Marreese Speights,PF,24,MEM,7,0,14.3,2.9,5.9,.488,0.0,0.0,0,2.9,5.9,.488,.488,0.9,1.4,.600,1.9,2.4,4.3,0.3,0.4,0.4,0.7,1.9,6.6,2011-2012
177,178,Tiago Splitter,C,27,SAS,13,0,12.9,2.3,3.6,.638,0.0,0.0,0,2.3,3.6,.638,.638,1.2,3.3,.372,0.6,2.2,2.8,0.8,0.4,0.3,0.7,1.8,5.8,2011-2012
178,179,Lance Stephenson,SG,21,IND,4,0,3.0,0.5,2.3,.222,0.3,0.5,.500,0.3,1.8,.143,.278,0.3,0.5,.500,0.0,0.0,0.0,0.3,0.0,0.0,0.5,0.5,1.5,2011-2012
179,180,Greg Stiemsma,C,26,BOS,19,0,7.5,0.6,0.9,.667,0.0,0.0,0,0.6,0.9,.667,.667,0.2,0.3,.667,0.5,1.7,2.2,0.3,0.2,0.6,0.2,1.4,1.5,2011-2012
180,181,Julyan Stone,SG,23,DEN,2,0,2.5,0.5,1.0,.500,0.0,0.0,0,0.5,1.0,.500,.500,0.0,0.0,0,0.5,0.0,0.5,1.0,0.0,0.0,0.0,0.0,1.0,2011-2012
181,182,Amar'e Stoudemire,PF,29,NYK,4,4,34.8,5.0,9.0,.556,0.0,0.0,0,5.0,9.0,.556,.556,5.3,7.0,.750,2.0,4.5,6.5,0.8,1.3,0.3,3.0,4.0,15.3,2011-2012
182,183,Jeff Teague,PG,23,ATL,6,6,37.5,5.0,12.2,.411,1.2,2.8,.412,3.8,9.3,.411,.459,2.8,3.2,.895,0.7,3.0,3.7,4.2,0.8,0.8,1.7,3.0,14.0,2011-2012
183,184,Jason Terry,SG,34,DAL,4,1,34.8,5.0,11.0,.455,2.5,5.0,.500,2.5,6.0,.417,.568,1.3,2.0,.625,0.3,2.0,2.3,3.8,0.3,0.0,2.0,2.8,13.8,2011-2012
184,185,Jamaal Tinsley,PG,33,UTA,4,0,16.3,1.3,5.0,.250,0.3,1.0,.250,1.0,4.0,.250,.275,1.0,1.0,1.000,0.0,0.5,0.5,3.0,0.5,0.0,1.5,1.8,3.8,2011-2012
185,186,Ronny Turiaf,C,29,MIA,12,7,10.1,0.8,1.5,.556,0.0,0.0,0,0.8,1.5,.556,.556,0.3,0.9,.273,0.9,1.7,2.6,0.1,0.1,0.7,0.5,1.9,1.9,2011-2012
186,187,Hedo Türkoğlu,SF,32,ORL,5,5,32.4,3.0,8.2,.366,1.0,2.4,.417,2.0,5.8,.345,.427,1.4,2.2,.636,0.8,2.0,2.8,2.4,1.0,0.8,1.8,3.6,8.4,2011-2012
187,188,Evan Turner,SF,23,PHI,13,12,34.5,4.3,11.8,.364,0.0,0.5,.000,4.3,11.4,.378,.364,2.5,3.7,.688,1.1,6.5,7.5,2.5,0.9,0.5,2.3,2.8,11.2,2011-2012
188,189,Nikola Vučević,C,21,PHI,1,0,3.0,0.0,1.0,.000,0.0,0.0,0,0.0,1.0,.000,.000,1.0,2.0,.500,0.0,1.0,1.0,0.0,0.0,0.0,0.0,0.0,1.0,2011-2012
189,190,Dwyane Wade,SG,30,MIA,23,23,39.4,8.6,18.5,.462,0.4,1.5,.294,8.1,17.0,.477,.474,5.3,7.2,.729,1.4,3.8,5.2,4.3,1.7,1.3,3.0,2.8,22.8,2011-2012
190,191,Von Wafer,SG,26,ORL,1,0,6.0,3.0,5.0,.600,0.0,0.0,0,3.0,5.0,.600,.600,0.0,0.0,0,0.0,1.0,1.0,0.0,0.0,0.0,1.0,1.0,6.0,2011-2012
191,192,C.J. Watson,PG,27,CHI,6,5,27.3,2.3,9.7,.241,0.7,2.7,.250,1.7,7.0,.238,.276,2.0,2.7,.750,0.2,2.0,2.2,5.5,0.8,0.0,1.2,2.7,7.3,2011-2012
192,193,David West,PF,31,IND,11,11,37.8,6.0,13.5,.446,0.0,0.0,0,6.0,13.5,.446,.446,3.3,4.0,.818,1.9,6.6,8.5,2.0,0.7,0.5,1.5,3.0,15.3,2011-2012
193,194,Delonte West,PG,28,DAL,4,3,22.0,2.8,6.5,.423,0.8,1.5,.500,2.0,5.0,.400,.481,1.3,1.3,1.000,0.5,1.3,1.8,2.0,0.8,0.0,0.8,1.3,7.5,2011-2012
194,195,Russell Westbrook,PG,23,OKC,20,20,38.4,8.9,20.4,.435,0.9,3.3,.277,8.0,17.1,.465,.457,4.5,5.6,.802,1.1,4.4,5.5,5.9,1.6,0.4,2.3,2.5,23.1,2011-2012
195,196,Lou Williams,PG,25,PHI,13,0,27.5,3.8,10.9,.352,0.6,3.7,.167,3.2,7.2,.447,.380,3.2,4.0,.788,0.2,1.8,2.1,3.0,1.0,0.0,1.2,1.3,11.5,2011-2012
196,197,Marvin Williams,SF,25,ATL,6,3,24.2,2.7,7.5,.356,1.3,2.7,.500,1.3,4.8,.276,.444,1.2,1.5,.778,0.8,4.7,5.5,0.8,0.5,0.3,0.5,1.5,7.8,2011-2012
197,198,Mo Williams,SG,29,LAC,11,0,20.8,3.7,8.5,.436,1.1,3.0,.364,2.6,5.5,.475,.500,1.1,1.2,.923,0.1,0.7,0.8,1.4,0.5,0.5,1.1,1.5,9.6,2011-2012
198,199,Sean Williams,C,25,BOS,2,0,3.0,0.0,0.0,0,0.0,0.0,0,0.0,0.0,0,0,0.0,0.0,0,0.0,0.5,0.5,0.0,0.0,0.0,0.5,0.5,0.0,2011-2012
199,200,Metta World Peace,SF,32,LAL,6,6,39.3,3.7,10.0,.367,2.3,6.0,.389,1.3,4.0,.333,.483,2.0,2.7,.750,0.5,3.0,3.5,2.3,2.2,0.7,0.8,3.0,11.7,2011-2012
200,201,Brandan Wright,C,24,DAL,4,0,6.8,0.5,1.3,.400,0.0,0.0,0,0.5,1.3,.400,.400,0.3,0.5,.500,0.5,0.8,1.3,0.0,0.3,0.3,0.8,1.0,1.3,2011-2012
201,202,Nick Young,SG,26,LAC,11,0,18.2,2.6,6.1,.433,1.5,3.0,.515,1.1,3.1,.353,.560,1.5,1.6,.889,0.1,1.0,1.1,0.3,0.3,0.4,0.6,1.8,8.3,2011-2012
202,203,Sam Young,SF,26,PHI,2,0,2.0,0.0,1.0,.000,0.0,0.5,.000,0.0,0.5,.000,.000,0.0,0.0,0,0.0,0.0,0.0,0.0,0.0,0.0,0.0,0.0,0.0,2011-2012
203,204,Thaddeus Young,PF,23,PHI,13,0,21.3,3.0,7.0,.429,0.0,0.0,0,3.0,7.0,.429,.429,1.7,2.4,.710,1.9,3.3,5.2,1.2,0.5,0.5,1.2,1.9,7.7,2011-2012
204,1,Ray Allen,SG,37,MIA,23,0,24.9,3.2,7.5,.430,1.7,4.2,.406,1.5,3.3,.461,.544,2.0,2.3,.870,0.6,2.2,2.8,1.3,0.5,0.1,1.2,1.8,10.2,2012-2013
205,2,Tony Allen,SG,31,MEM,15,15,28.1,3.6,8.3,.432,0.1,0.5,.250,3.5,7.8,.444,.440,2.9,3.9,.759,2.5,3.6,6.1,1.8,2.0,0.3,1.3,3.2,10.3,2012-2013
206,3,Chris Andersen,C,34,MIA,20,0,15.2,2.3,2.9,.807,0.0,0.0,0,2.3,2.9,.807,.807,1.8,2.5,.735,1.6,2.2,3.8,0.2,0.5,1.1,0.6,2.7,6.4,2012-2013
207,4,James Anderson,SG,23,HOU,2,0,9.0,0.5,2.5,.200,0.0,1.5,.000,0.5,1.0,.500,.200,0.0,0.0,0,0.5,1.5,2.0,0.0,0.0,0.0,0.0,1.0,1.0,2012-2013
208,5,Carmelo Anthony,PF,28,NYK,12,12,40.1,10.5,25.8,.406,1.4,4.8,.298,9.1,21.1,.431,.434,6.4,7.3,.885,0.9,5.7,6.6,1.6,1.1,0.2,2.6,3.8,28.8,2012-2013
209,6,Joel Anthony,C,30,MIA,14,0,5.1,0.2,0.7,.300,0.0,0.0,0,0.2,0.7,.300,.300,0.0,0.0,0,0.7,0.8,1.5,0.0,0.1,0.3,0.2,0.9,0.4,2012-2013
210,7,Darrell Arthur,PF,24,MEM,15,0,11.7,1.7,3.5,.472,0.0,0.1,.000,1.7,3.4,.490,.472,0.5,0.6,.889,0.9,1.6,2.5,0.4,0.1,0.3,0.5,2.4,3.9,2012-2013
211,8,Ömer Aşık,C,26,HOU,6,6,34.7,3.7,6.5,.564,0.0,0.0,0,3.7,6.5,.564,.564,5.0,7.8,.638,3.5,7.7,11.2,0.5,0.5,1.7,2.0,3.7,12.3,2012-2013
212,9,D.J. Augustin,PG,25,IND,19,1,16.6,1.4,3.7,.380,1.0,2.5,.396,0.4,1.2,.348,.514,1.3,1.6,.806,0.1,0.7,0.8,0.7,0.4,0.0,0.5,1.4,5.2,2012-2013
213,10,Gustavo Ayón,C,27,MIL,3,0,2.3,0.7,1.3,.500,0.0,0.0,0,0.7,1.3,.500,.500,0.0,0.0,0,0.0,0.0,0.0,0.0,0.0,0.0,0.0,0.0,1.3,2012-2013
214,11,Jeff Ayres,PF,25,IND,9,0,7.9,0.9,2.7,.333,0.0,0.1,.000,0.9,2.6,.348,.333,0.0,0.0,0,0.4,1.6,2.0,0.1,0.0,0.2,0.3,1.6,1.8,2012-2013
215,12,Harrison Barnes,SF,20,GSW,12,12,38.4,6.0,13.5,.444,1.6,4.3,.365,4.4,9.2,.482,.503,2.5,2.9,.857,1.5,4.9,6.4,1.3,0.6,0.4,1.3,2.8,16.1,2012-2013
216,13,Matt Barnes,SF,32,LAC,6,0,27.0,4.0,7.3,.545,1.2,2.8,.412,2.8,4.5,.630,.625,2.7,3.2,.842,1.2,3.8,5.0,0.5,0.7,0.3,0.8,3.8,11.8,2012-2013
217,14,Brandon Bass,PF,27,BOS,6,5,34.0,2.3,4.8,.483,0.0,0.0,0,2.3,4.8,.483,.483,2.0,2.5,.800,1.3,5.3,6.7,1.2,0.3,0.2,0.8,2.8,6.7,2012-2013
218,15,Shane Battier,SF,34,MIA,22,0,17.8,1.2,4.2,.290,1.2,4.0,.295,0.0,0.2,.200,.430,1.0,1.3,.821,0.4,1.3,1.7,0.5,0.2,0.3,0.2,2.2,4.7,2012-2013
219,16,Jerryd Bayless,PG,24,MEM,15,0,21.3,3.3,9.1,.358,1.2,3.9,.305,2.1,5.2,.397,.423,1.5,1.7,.885,0.1,1.9,2.0,2.1,0.5,0.3,1.1,2.3,9.3,2012-2013
220,17,Aron Baynes,C,26,SAS,4,1,5.8,1.0,1.8,.571,0.0,0.0,0,1.0,1.8,.571,.571,0.0,0.0,0,0.5,0.8,1.3,0.0,0.0,0.0,0.3,1.0,2.0,2012-2013
221,18,Kent Bazemore,SG,23,GSW,9,0,1.8,0.1,0.9,.125,0.0,0.1,.000,0.1,0.8,.143,.125,0.0,0.4,.000,0.1,0.4,0.6,0.2,0.1,0.0,0.2,0.3,0.2,2012-2013
222,19,Marco Belinelli,SG,26,CHI,12,7,27.1,3.7,8.9,.411,1.3,3.9,.340,2.3,5.0,.467,.486,2.4,2.8,.879,0.0,2.9,2.9,2.6,0.4,0.0,1.3,2.2,11.1,2012-2013
223,20,Patrick Beverley,PG,24,HOU,6,5,33.3,4.7,10.8,.431,1.3,4.0,.333,3.3,6.8,.488,.492,1.2,1.2,1.000,1.8,3.7,5.5,2.8,1.2,0.7,1.0,4.0,11.8,2012-2013
224,21,Andris Biedriņš,C,26,GSW,3,0,5.7,0.0,0.0,0,0.0,0.0,0,0.0,0.0,0,0,0.0,0.0,0,0.7,1.7,2.3,0.3,0.0,0.7,0.3,2.0,0.0,2012-2013
225,22,Chauncey Billups,SG,36,LAC,6,6,19.2,1.8,6.0,.306,1.0,2.8,.353,0.8,3.2,.263,.389,1.5,1.8,.818,0.3,1.7,2.0,1.0,0.2,0.2,1.3,1.7,6.2,2012-2013
226,23,DeJuan Blair,PF,23,SAS,12,0,6.3,1.8,2.8,.618,0.0,0.0,0,1.8,2.8,.618,.618,0.4,0.8,.556,0.5,1.5,2.0,0.6,0.4,0.1,0.1,1.2,3.9,2012-2013
227,24,Steve Blake,PG,32,LAL,2,2,37.5,5.5,14.0,.393,2.5,6.0,.417,3.0,8.0,.375,.482,0.5,0.5,1.000,0.0,4.0,4.0,2.5,2.0,1.5,2.0,4.0,14.0,2012-2013
228,25,Andray Blatche,C,26,BRK,7,0,19.7,4.1,8.3,.500,0.0,0.0,0,4.1,8.3,.500,.500,2.0,2.4,.824,1.4,3.4,4.9,1.3,0.3,0.4,0.7,2.0,10.3,2012-2013
229,26,Eric Bledsoe,PG,23,LAC,6,0,16.2,2.5,5.0,.500,0.2,1.5,.111,2.3,3.5,.667,.517,1.3,2.0,.667,0.3,2.2,2.5,3.0,0.3,0.5,0.8,1.7,6.5,2012-2013
230,27,Keith Bogans,SG,32,BRK,2,0,11.5,0.0,0.5,.000,0.0,0.5,.000,0.0,0.0,0,.000,0.0,0.0,0,0.0,1.0,1.0,1.0,0.0,0.0,0.5,1.5,0.0,2012-2013
231,28,Andrew Bogut,C,28,GSW,12,12,27.3,3.3,5.6,.582,0.0,0.0,0,3.3,5.6,.582,.582,0.7,1.9,.348,3.3,7.7,10.9,1.8,0.5,1.5,1.8,3.3,7.2,2012-2013
232,29,Matt Bonner,PF,32,SAS,20,1,13.4,1.4,3.0,.475,0.8,1.6,.469,0.7,1.4,.481,.602,0.5,0.6,.833,0.5,1.5,2.0,0.3,0.3,0.3,0.1,1.8,4.1,2012-2013
233,30,Carlos Boozer,PF,31,CHI,12,12,35.9,6.9,14.0,.494,0.0,0.1,.000,6.9,13.9,.497,.494,2.6,3.8,.689,2.9,6.7,9.6,1.5,0.8,0.1,2.4,3.0,16.4,2012-2013
234,31,Chris Bosh,C,28,MIA,23,23,32.7,4.8,10.4,.458,0.7,1.6,.405,4.1,8.8,.468,.490,1.9,2.6,.733,1.7,5.6,7.3,1.5,1.0,1.6,1.2,2.9,12.1,2012-2013
235,32,Avery Bradley,PG,22,BOS,6,6,31.8,2.8,7.0,.405,0.3,1.3,.250,2.5,5.7,.441,.429,0.7,0.7,1.000,0.5,1.7,2.2,1.3,1.8,0.2,1.8,1.8,6.7,2012-2013
236,33,Corey Brewer,SF,26,DEN,6,0,24.3,3.5,11.3,.309,1.5,6.0,.250,2.0,5.3,.375,.375,2.3,3.5,.667,0.5,1.3,1.8,1.2,1.0,0.2,1.2,3.2,10.8,2012-2013
237,34,Ronnie Brewer,SF,27,OKC,1,0,8.0,0.0,0.0,0,0.0,0.0,0,0.0,0.0,0,0,0.0,0.0,0,0.0,1.0,1.0,0.0,0.0,0.0,0.0,1.0,0.0,2012-2013
238,35,Aaron Brooks,PG,28,HOU,6,0,11.2,2.2,5.7,.382,0.2,1.5,.111,2.0,4.2,.480,.397,0.5,0.8,.600,0.5,1.0,1.5,1.8,0.2,0.2,1.0,0.5,5.0,2012-2013
239,36,MarShon Brooks,SG,24,BRK,7,0,5.7,0.4,1.1,.375,0.0,0.1,.000,0.4,1.0,.429,.375,0.3,0.3,1.000,0.1,0.6,0.7,0.4,0.0,0.0,0.4,0.4,1.1,2012-2013
240,37,Caron Butler,SF,32,LAC,6,6,22.7,3.7,7.7,.478,0.7,2.7,.250,3.0,5.0,.600,.522,0.5,0.5,1.000,0.2,2.5,2.7,0.0,0.3,0.3,1.0,1.8,8.5,2012-2013
241,38,Jimmy Butler,SF,23,CHI,12,12,40.8,4.2,9.6,.435,1.3,3.1,.405,2.9,6.5,.449,.500,3.8,4.6,.818,0.8,4.4,5.2,2.7,1.3,0.5,1.3,2.2,13.3,2012-2013
242,39,Marcus Camby,PF,38,NYK,3,0,1.0,0.3,0.3,1.000,0.0,0.0,0,0.3,0.3,1.000,1.000,0.0,0.0,0,0.3,0.3,0.7,0.0,0.0,0.0,0.3,0.3,0.7,2012-2013
243,40,Mario Chalmers,PG,26,MIA,23,23,28.3,3.3,8.0,.415,1.0,3.0,.353,2.3,5.0,.452,.481,1.7,2.3,.755,0.4,1.9,2.3,3.1,0.9,0.0,1.7,3.0,9.4,2012-2013
244,41,Tyson Chandler,C,30,NYK,12,12,29.2,2.3,4.3,.538,0.0,0.0,0,2.3,4.3,.538,.538,1.0,1.3,.750,3.3,4.0,7.3,0.3,0.7,1.2,0.9,4.0,5.7,2012-2013
245,42,Wilson Chandler,PF,25,DEN,6,6,34.2,4.5,12.7,.355,1.5,4.8,.310,3.0,7.8,.383,.414,1.5,2.0,.750,0.8,4.7,5.5,1.3,1.3,0.5,1.2,4.2,12.0,2012-2013
246,43,Earl Clark,PF,25,LAL,4,1,20.5,1.8,4.8,.368,0.0,1.0,.000,1.8,3.8,.467,.368,0.0,0.0,0,0.5,2.5,3.0,0.3,0.3,0.3,1.5,1.0,3.5,2012-2013
247,44,Norris Cole,PG,24,MIA,21,0,19.9,2.3,4.9,.480,0.8,1.5,.531,1.5,3.3,.457,.564,0.7,0.9,.737,0.3,1.6,1.9,2.0,0.7,0.1,1.1,1.9,6.1,2012-2013
248,45,Nick Collison,C,32,OKC,11,0,16.2,2.0,4.3,.468,0.0,0.0,0,2.0,4.3,.468,.468,1.0,1.1,.917,2.3,2.4,4.6,1.1,0.5,1.0,0.9,3.4,5.0,2012-2013
249,46,Mike Conley,PG,25,MEM,15,15,38.3,5.5,14.4,.384,1.2,4.3,.281,4.3,10.1,.428,.426,4.7,6.2,.763,0.8,3.9,4.7,7.1,1.7,0.3,2.3,2.3,17.0,2012-2013
250,47,Daequan Cook,SG,25,CHI,6,0,6.0,0.2,1.7,.100,0.2,1.3,.125,0.0,0.3,.000,.150,0.0,0.0,0,0.0,0.5,0.5,0.7,0.2,0.0,0.7,1.0,0.5,2012-2013
251,48,Chris Copeland,PF,28,NYK,9,1,10.3,1.3,3.3,.400,1.2,2.6,.478,0.1,0.8,.143,.583,0.2,0.2,1.000,0.2,0.8,1.0,0.1,0.6,0.0,0.4,1.0,4.1,2012-2013
252,49,Jamal Crawford,SG,32,LAC,6,0,26.8,4.0,10.3,.387,1.0,3.7,.273,3.0,6.7,.450,.435,1.8,1.8,1.000,0.3,1.7,2.0,1.7,0.5,0.2,0.7,1.5,10.8,2012-2013
253,50,Jordan Crawford,SG,24,BOS,5,0,11.8,1.4,4.6,.304,0.6,2.4,.250,0.8,2.2,.364,.370,0.2,0.4,.500,0.0,0.6,0.6,0.0,0.4,0.0,0.6,0.6,3.6,2012-2013
254,51,Stephen Curry,PG,24,GSW,12,12,41.4,8.5,19.6,.434,3.5,8.8,.396,5.0,10.8,.465,.523,2.9,3.2,.921,0.4,3.4,3.8,8.1,1.7,0.2,3.3,2.9,23.4,2012-2013
255,52,Samuel Dalembert,C,31,MIL,1,0,9.0,0.0,2.0,.000,0.0,0.0,0,0.0,2.0,.000,.000,1.0,4.0,.250,1.0,2.0,3.0,0.0,1.0,0.0,2.0,3.0,1.0,2012-2013
256,53,Marquis Daniels,SF,32,MIL,3,0,11.0,2.0,3.7,.545,0.0,0.7,.000,2.0,3.0,.667,.545,0.0,0.0,0,0.0,1.3,1.3,1.3,0.3,0.0,0.3,1.0,4.0,2012-2013
257,54,Ed Davis,PF,23,MEM,8,0,6.0,0.6,1.5,.417,0.0,0.0,0,0.6,1.5,.417,.417,0.4,0.5,.750,0.5,0.9,1.4,0.0,0.0,0.1,0.3,0.9,1.6,2012-2013
258,55,Austin Daye,SF,24,MEM,4,0,5.0,0.8,2.0,.375,0.0,0.3,.000,0.8,1.8,.429,.375,0.3,0.3,1.000,0.0,0.3,0.3,0.0,0.0,0.3,0.3,0.5,1.8,2012-2013
259,56,Nando De Colo,SG,25,SAS,5,0,2.8,0.2,0.8,.250,0.0,0.6,.000,0.2,0.2,1.000,.250,0.4,0.4,1.000,0.4,0.4,0.8,0.4,0.0,0.0,0.0,0.2,0.8,2012-2013
260,57,Carlos Delfino,SF,30,HOU,5,0,24.0,3.0,8.0,.375,2.2,6.2,.355,0.8,1.8,.444,.513,0.8,0.8,1.000,0.2,2.2,2.4,2.0,0.6,0.2,1.0,2.0,9.0,2012-2013
261,58,Luol Deng,SF,27,CHI,5,5,44.8,6.4,16.8,.381,0.2,3.6,.056,6.2,13.2,.470,.387,0.8,2.0,.400,1.0,6.6,7.6,3.8,1.0,0.6,2.4,2.4,13.8,2012-2013
262,59,Boris Diaw,PF,30,SAS,16,1,17.1,1.5,3.4,.444,0.3,0.8,.385,1.2,2.6,.463,.491,0.8,0.9,.857,0.5,2.0,2.5,1.8,0.3,0.2,0.8,1.8,4.1,2012-2013
263,60,Keyon Dooling,PG,32,MEM,14,0,8.1,0.6,1.7,.333,0.4,0.9,.385,0.2,0.8,.273,.438,0.4,0.4,1.000,0.0,0.4,0.4,0.3,0.1,0.0,0.2,1.0,1.9,2012-2013
264,61,Chris Duhon,PG,30,LAL,2,0,34.0,2.0,5.5,.364,1.5,4.0,.375,0.5,1.5,.333,.500,0.0,0.0,0,0.5,1.0,1.5,3.5,1.0,0.5,2.5,2.0,5.5,2012-2013
265,62,Tim Duncan,C,36,SAS,21,21,35.0,7.2,15.3,.470,0.0,0.0,.000,7.2,15.2,.472,.470,3.8,4.7,.806,2.6,7.6,10.2,1.9,0.9,1.6,2.0,2.5,18.1,2012-2013
266,63,Mike Dunleavy,SF,32,MIL,4,0,22.8,4.3,7.5,.567,1.8,4.0,.438,2.5,3.5,.714,.683,2.0,2.3,.889,0.8,3.3,4.0,2.0,0.5,0.0,0.8,1.3,12.3,2012-2013
267,64,Kevin Durant,SF,24,OKC,11,11,44.1,10.2,22.4,.455,2.0,6.4,.314,8.2,16.0,.511,.500,8.5,10.2,.830,0.6,8.4,9.0,6.3,1.3,1.1,3.9,2.4,30.8,2012-2013
268,65,Monta Ellis,SG,27,MIL,4,4,38.0,6.0,13.8,.436,0.8,4.8,.158,5.3,9.0,.583,.464,1.5,4.0,.375,0.5,2.8,3.3,5.5,2.5,0.3,3.5,2.0,14.3,2012-2013
269,66,Reggie Evans,PF,32,BRK,7,7,29.9,1.6,3.3,.478,0.0,0.0,0,1.6,3.3,.478,.478,1.4,2.6,.556,2.3,10.0,12.3,0.9,1.0,0.3,0.9,3.0,4.6,2012-2013
270,67,Festus Ezeli,C,23,GSW,12,3,11.2,0.5,1.1,.462,0.0,0.0,0,0.5,1.1,.462,.462,1.0,1.8,.571,1.1,1.4,2.5,0.2,0.3,0.6,1.0,2.0,2.0,2012-2013
271,68,Kenneth Faried,PF,23,DEN,5,4,29.0,4.0,6.4,.625,0.0,0.0,0,4.0,6.4,.625,.625,2.2,3.0,.733,2.4,6.0,8.4,0.2,1.0,0.2,1.0,4.4,10.2,2012-2013
272,69,Raymond Felton,PG,28,NYK,12,12,37.8,6.0,13.5,.444,0.8,2.3,.321,5.3,11.2,.470,.472,1.3,2.0,.667,1.4,2.0,3.4,4.7,1.7,0.4,1.7,2.2,14.1,2012-2013
273,70,Derek Fisher,SG,38,OKC,11,0,23.7,2.9,6.4,.457,2.2,4.6,.471,0.7,1.7,.421,.629,0.7,1.1,.667,0.1,1.5,1.5,0.7,0.6,0.1,0.7,3.0,8.7,2012-2013
274,71,Evan Fournier,SG,20,DEN,4,4,13.3,1.5,4.3,.353,0.0,2.0,.000,1.5,2.3,.667,.353,1.8,2.0,.875,0.0,0.0,0.0,1.0,0.5,0.0,1.5,1.5,4.8,2012-2013
275,72,Francisco García,SF,31,HOU,6,3,27.3,3.7,8.3,.440,2.8,6.2,.459,0.8,2.2,.385,.610,0.5,0.8,.600,0.5,2.8,3.3,1.5,0.7,0.8,0.7,3.5,10.7,2012-2013
276,73,Kevin Garnett,C,36,BOS,6,6,35.3,5.0,10.0,.500,0.0,0.3,.000,5.0,9.7,.517,.500,2.7,2.8,.941,1.5,12.2,13.7,3.5,0.8,1.0,3.2,3.8,12.7,2012-2013
277,74,Marc Gasol,C,28,MEM,15,15,40.6,6.2,13.7,.454,0.0,0.0,0,6.2,13.7,.454,.454,4.8,6.0,.800,1.7,6.8,8.5,3.2,0.9,2.2,1.2,3.5,17.2,2012-2013
278,75,Pau Gasol,PF,32,LAL,4,4,36.5,6.3,13.0,.481,0.0,0.0,0,6.3,13.0,.481,.481,1.5,2.8,.545,1.8,9.8,11.5,6.5,0.5,0.8,3.3,1.0,14.0,2012-2013
279,76,Paul George,SF,22,IND,19,19,41.1,6.3,14.6,.430,1.8,5.5,.327,4.5,9.1,.491,.491,4.9,6.7,.727,0.8,6.6,7.4,5.1,1.3,0.5,3.9,3.8,19.2,2012-2013
280,77,Taj Gibson,PF,27,CHI,12,0,17.2,2.6,5.5,.470,0.0,0.2,.000,2.6,5.3,.484,.470,1.3,1.8,.727,1.3,1.8,3.0,0.3,0.3,0.5,0.8,3.1,6.5,2012-2013
281,78,Manu Ginóbili,SG,35,SAS,21,3,26.7,3.7,9.2,.399,1.4,4.6,.302,2.3,4.6,.495,.474,2.8,3.8,.738,0.4,3.3,3.7,5.0,1.1,0.3,2.6,2.5,11.5,2012-2013
282,79,Andrew Goudelock,SG,24,LAL,3,2,26.7,5.3,12.0,.444,0.7,3.3,.200,4.7,8.7,.538,.472,0.7,0.7,1.000,0.3,1.3,1.7,1.0,1.7,0.0,1.3,2.3,12.0,2012-2013
283,80,Danny Green,SG,25,SAS,21,21,31.9,4.0,8.9,.446,2.6,5.4,.482,1.3,3.4,.389,.594,0.6,0.7,.800,0.9,3.3,4.1,1.5,1.0,1.1,0.9,2.4,11.1,2012-2013
284,81,Draymond Green,SF,22,GSW,12,1,18.6,2.0,4.7,.429,0.8,1.9,.391,1.3,2.8,.455,.509,1.1,1.4,.765,1.2,3.1,4.3,1.6,0.5,0.8,1.0,2.9,5.8,2012-2013
285,82,Gerald Green,SF,27,IND,9,0,11.7,2.3,5.6,.420,1.2,3.7,.333,1.1,1.9,.588,.530,0.2,0.2,1.000,0.2,1.1,1.3,0.3,0.0,0.1,0.7,1.1,6.1,2012-2013
286,83,Jeff Green,PF,26,BOS,6,6,43.0,6.2,14.2,.435,1.7,3.7,.455,4.5,10.5,.429,.494,6.3,7.5,.844,1.0,4.3,5.3,2.3,0.3,0.7,3.2,3.7,20.3,2012-2013
287,84,Willie Green,SG,31,LAC,3,0,6.7,0.7,1.0,.667,0.0,0.3,.000,0.7,0.7,1.000,.667,0.7,0.7,1.000,0.0,1.0,1.0,0.7,0.3,0.0,0.0,0.0,2.0,2012-2013
288,85,Blake Griffin,PF,23,LAC,6,5,26.3,4.8,10.7,.453,0.0,0.0,0,4.8,10.7,.453,.453,3.5,4.3,.808,1.3,4.2,5.5,2.5,0.0,0.8,2.2,4.0,13.2,2012-2013
289,86,Jordan Hamilton,SF,22,DEN,1,0,2.0,0.0,1.0,.000,0.0,0.0,0,0.0,1.0,.000,.000,0.0,0.0,0,0.0,0.0,0.0,0.0,0.0,0.0,0.0,0.0,0.0,2012-2013
290,87,Richard Hamilton,SG,34,CHI,4,0,17.0,2.5,6.8,.370,0.8,1.8,.429,1.8,5.0,.350,.426,0.8,1.0,.750,0.0,0.8,0.8,1.3,0.3,0.5,1.3,1.3,6.5,2012-2013
291,88,Ben Hansbrough,PG,25,IND,6,0,3.7,0.0,0.8,.000,0.0,0.5,.000,0.0,0.3,.000,.000,0.0,0.0,0,0.2,0.3,0.5,0.5,0.0,0.2,0.3,0.3,0.0,2012-2013
292,89,Tyler Hansbrough,PF,27,IND,19,0,12.7,1.4,3.3,.419,0.0,0.0,0,1.4,3.3,.419,.419,1.4,2.3,.591,1.9,1.3,3.2,0.3,0.3,0.0,0.8,2.2,4.1,2012-2013
293,90,James Harden,SG,23,HOU,6,6,40.5,7.5,19.2,.391,2.5,7.3,.341,5.0,11.8,.423,.457,8.8,11.0,.803,0.8,5.8,6.7,4.5,2.0,1.0,4.5,3.0,26.3,2012-2013
294,91,Devin Harris,SG,29,ATL,6,6,37.5,3.8,10.5,.365,0.8,4.2,.200,3.0,6.3,.474,.405,2.8,4.2,.680,0.3,2.5,2.8,3.7,1.7,0.2,2.0,3.0,11.3,2012-2013
295,92,Udonis Haslem,PF,32,MIA,22,19,16.2,2.3,3.9,.593,0.0,0.0,0,2.3,3.9,.593,.593,0.4,0.6,.571,1.2,2.5,3.6,0.3,0.7,0.2,0.6,2.5,5.0,2012-2013
296,93,John Henson,PF,22,MIL,4,0,8.3,0.8,2.8,.273,0.0,0.3,.000,0.8,2.5,.300,.273,0.0,0.0,0,0.0,2.0,2.0,0.3,0.5,0.0,0.5,1.3,1.5,2012-2013
297,94,Roy Hibbert,C,26,IND,19,19,36.5,6.3,12.4,.511,0.0,0.0,0,6.3,12.4,.511,.511,4.4,5.4,.806,4.7,5.2,9.9,1.4,0.2,1.9,2.3,3.9,17.0,2012-2013
298,95,George Hill,PG,26,IND,18,18,38.1,4.6,11.5,.401,1.9,5.3,.358,2.7,6.2,.438,.483,3.5,4.2,.829,0.3,3.4,3.7,4.3,1.2,0.2,2.2,2.3,14.6,2012-2013
299,96,Grant Hill,SF,40,LAC,1,0,20.0,2.0,4.0,.500,0.0,0.0,0,2.0,4.0,.500,.500,0.0,0.0,0,2.0,2.0,4.0,2.0,0.0,0.0,1.0,5.0,4.0,2012-2013
300,97,Jordan Hill,PF,25,LAL,3,0,10.3,1.7,3.3,.500,0.0,0.0,0,1.7,3.3,.500,.500,0.0,0.0,0,0.7,3.0,3.7,0.3,0.0,0.7,0.0,0.7,3.3,2012-2013
301,98,Kirk Hinrich,PG,32,CHI,4,4,40.5,4.0,9.3,.432,1.0,2.8,.364,3.0,6.5,.462,.486,2.3,3.5,.643,0.3,2.5,2.8,5.8,2.0,0.3,2.0,3.5,11.3,2012-2013
302,99,Ryan Hollins,C,28,LAC,5,0,7.4,1.0,1.8,.556,0.0,0.0,0,1.0,1.8,.556,.556,0.2,0.4,.500,0.6,0.4,1.0,0.4,0.0,0.4,0.4,2.0,2.2,2012-2013
303,100,Al Horford,C,26,ATL,6,6,36.3,6.8,13.8,.494,0.0,0.0,0,6.8,13.8,.494,.494,3.0,4.5,.667,2.0,6.8,8.8,3.0,1.0,0.8,1.5,2.8,16.7,2012-2013
304,101,Dwight Howard,C,27,LAL,4,4,31.5,6.5,10.5,.619,0.0,0.0,0,6.5,10.5,.619,.619,4.0,9.0,.444,2.5,8.3,10.8,1.0,0.5,2.0,4.0,4.3,17.0,2012-2013
305,102,Kris Humphries,PF,27,BRK,7,0,11.9,2.0,4.4,.452,0.0,0.0,0,2.0,4.4,.452,.452,0.4,1.0,.429,1.4,1.9,3.3,0.1,0.1,0.4,0.3,2.1,4.4,2012-2013
306,103,Serge Ibaka,PF,23,OKC,11,11,33.3,5.4,12.3,.437,0.4,0.8,.444,5.0,11.5,.437,.452,1.7,2.2,.792,3.5,4.8,8.4,0.7,0.0,3.0,0.6,3.5,12.8,2012-2013
307,104,Andre Iguodala,SG,29,DEN,6,6,40.5,6.3,12.7,.500,2.3,4.8,.483,4.0,7.8,.511,.592,3.0,4.2,.720,1.5,6.5,8.0,5.3,2.0,0.3,2.8,1.5,18.0,2012-2013
308,105,Ersan İlyasova,PF,25,MIL,4,4,29.3,5.0,11.5,.435,1.0,2.5,.400,4.0,9.0,.444,.478,0.5,0.5,1.000,2.5,4.8,7.3,1.8,1.3,0.3,1.5,2.0,11.5,2012-2013
309,106,Jarrett Jack,SG,29,GSW,12,4,35.5,6.5,12.8,.506,0.6,2.0,.292,5.9,10.8,.546,.529,3.6,4.0,.896,0.6,3.8,4.4,4.7,0.9,0.3,3.2,2.2,17.2,2012-2013
310,107,Reggie Jackson,PG,22,OKC,11,9,33.5,5.2,10.8,.479,1.2,3.9,.302,4.0,6.9,.579,.534,2.4,2.6,.897,0.4,4.5,4.9,3.6,0.5,0.5,1.9,3.1,13.9,2012-2013
311,108,LeBron James,PF,28,MIA,23,23,41.7,9.2,18.8,.491,1.6,4.2,.375,7.7,14.6,.524,.532,5.9,7.6,.777,1.6,6.8,8.4,6.6,1.8,0.8,3.0,1.9,25.9,2012-2013
312,109,Antawn Jamison,PF,36,LAL,4,0,19.8,2.5,5.8,.435,1.3,3.0,.417,1.3,2.8,.455,.543,1.0,1.5,.667,0.3,1.5,1.8,0.3,0.3,0.5,0.8,2.3,7.3,2012-2013
313,110,Richard Jefferson,SF,32,GSW,7,0,5.6,0.6,1.3,.444,0.3,0.4,.667,0.3,0.9,.333,.556,0.4,1.3,.333,0.3,0.7,1.0,0.1,0.1,0.1,0.0,0.7,1.9,2012-2013
314,111,John Jenkins,SG,21,ATL,4,0,6.0,0.0,0.8,.000,0.0,0.3,.000,0.0,0.5,.000,.000,0.0,0.0,0,0.0,0.5,0.5,0.8,0.0,0.0,0.5,0.5,0.0,2012-2013
315,112,Brandon Jennings,PG,23,MIL,4,4,33.3,4.3,14.3,.298,1.5,7.0,.214,2.8,7.3,.379,.351,3.3,4.5,.722,0.3,2.0,2.3,4.0,2.3,0.3,2.8,1.5,13.3,2012-2013
316,113,Ivan Johnson,PF,28,ATL,6,0,18.0,2.0,4.3,.462,0.0,0.0,0,2.0,4.3,.462,.462,2.0,3.0,.667,1.5,1.8,3.3,0.5,0.7,0.5,1.0,3.8,6.0,2012-2013
317,114,Joe Johnson,SG,31,BRK,7,7,38.7,6.1,14.7,.417,1.4,5.6,.256,4.7,9.1,.516,.466,1.1,1.3,.889,0.6,2.6,3.1,2.7,1.1,0.0,1.7,1.9,14.9,2012-2013
318,115,Orlando Johnson,SG,23,IND,12,0,2.3,0.2,0.9,.182,0.1,0.3,.333,0.1,0.7,.125,.227,0.4,0.8,.556,0.0,0.3,0.3,0.1,0.0,0.0,0.1,0.0,0.8,2012-2013
319,116,Dahntay Jones,SF,32,ATL,5,0,3.8,0.2,0.8,.250,0.0,0.0,0,0.2,0.8,.250,.250,0.4,0.4,1.000,0.0,0.2,0.2,0.0,0.0,0.0,0.2,0.2,0.8,2012-2013
320,117,Dwayne Jones,PF,29,GSW,2,0,1.0,0.0,0.0,0,0.0,0.0,0,0.0,0.0,0,0,0.0,0.0,0,0.0,0.0,0.0,0.0,0.0,0.0,0.0,0.0,0.0,2012-2013
321,118,James Jones,SF,32,MIA,9,0,3.7,0.3,0.8,.429,0.3,0.4,.750,0.0,0.3,.000,.643,0.0,0.0,0,0.0,0.3,0.3,0.0,0.0,0.1,0.2,0.3,1.0,2012-2013
322,119,Perry Jones,SF,21,OKC,1,0,5.0,0.0,1.0,.000,0.0,0.0,0,0.0,1.0,.000,.000,0.0,0.0,0,0.0,1.0,1.0,0.0,0.0,0.0,0.0,0.0,0.0,2012-2013
323,120,Terrence Jones,PF,21,HOU,2,0,17.5,2.0,5.0,.400,0.0,1.0,.000,2.0,4.0,.500,.400,0.0,1.5,.000,2.5,5.0,7.5,0.5,0.0,0.5,0.5,1.0,4.0,2012-2013
324,121,DeAndre Jordan,C,24,LAC,6,6,24.0,1.7,3.7,.455,0.0,0.0,0,1.7,3.7,.455,.455,0.3,1.5,.222,2.5,3.8,6.3,0.2,0.2,1.7,1.5,3.0,3.7,2012-2013
325,122,Cory Joseph,PG,21,SAS,20,0,9.6,1.3,2.8,.464,0.1,0.6,.182,1.2,2.3,.533,.482,0.3,0.6,.455,0.4,1.2,1.6,1.2,0.3,0.1,0.5,0.8,3.0,2012-2013
326,123,Jason Kidd,SG,39,NYK,12,0,20.6,0.3,2.1,.120,0.3,1.4,.176,0.0,0.7,.000,.180,0.2,0.2,1.000,0.6,2.9,3.5,2.0,1.0,0.3,1.1,1.0,0.9,2012-2013
327,124,Kyle Korver,SF,31,ATL,6,2,29.5,3.2,8.2,.388,2.0,5.7,.353,1.2,2.5,.467,.510,1.8,2.0,.917,0.0,3.3,3.3,0.7,0.3,0.7,1.0,2.3,10.2,2012-2013
328,125,Kosta Koufos,C,23,DEN,6,2,16.7,1.2,3.2,.368,0.2,0.2,1.000,1.0,3.0,.333,.395,0.8,1.0,.833,1.5,2.0,3.5,0.5,0.5,0.7,0.3,2.2,3.3,2012-2013
329,126,Carl Landry,PF,29,GSW,12,3,20.5,4.3,8.3,.520,0.0,0.0,0,4.3,8.3,.520,.520,3.2,4.3,.731,1.8,3.3,5.2,1.4,0.6,0.2,1.6,2.4,11.8,2012-2013
330,127,Ty Lawson,PG,25,DEN,6,6,39.3,8.0,18.2,.440,0.7,3.5,.190,7.3,14.7,.500,.459,4.7,5.5,.848,0.8,2.5,3.3,8.0,1.7,0.0,2.2,2.2,21.3,2012-2013
331,128,Courtney Lee,SG,27,BOS,4,0,9.8,0.3,1.3,.200,0.0,0.5,.000,0.3,0.8,.333,.200,1.0,1.0,1.000,0.0,0.5,0.5,0.3,0.5,0.0,0.0,0.8,1.5,2012-2013
332,129,David Lee,PF,29,GSW,6,1,10.8,2.2,5.5,.394,0.0,0.0,0,2.2,5.5,.394,.394,0.7,1.0,.667,1.0,3.7,4.7,0.8,0.5,0.2,0.8,0.8,5.0,2012-2013
333,130,Kawhi Leonard,SF,21,SAS,21,21,36.9,5.5,10.0,.545,1.1,2.8,.390,4.4,7.2,.605,.600,1.5,2.3,.633,2.4,6.7,9.0,1.0,1.8,0.5,1.1,1.9,13.5,2012-2013
334,131,Jon Leuer,PF,23,MEM,5,0,2.2,0.2,0.4,.500,0.0,0.0,0,0.2,0.4,.500,.500,0.0,0.0,0,0.4,0.2,0.6,0.0,0.2,0.2,0.0,0.2,0.4,2012-2013
335,132,Rashard Lewis,PF,33,MIA,11,0,4.3,0.7,1.8,.400,0.0,0.4,.000,0.7,1.5,.500,.400,0.1,0.2,.500,0.1,0.5,0.6,0.4,0.2,0.2,0.5,0.5,1.5,2012-2013
336,133,DeAndre Liggins,SG,24,OKC,8,0,8.5,0.4,1.1,.333,0.1,0.6,.200,0.3,0.5,.500,.389,0.1,0.5,.250,0.0,1.8,1.8,0.5,0.1,0.1,0.3,1.3,1.0,2012-2013
337,134,Jeremy Lin,PG,24,HOU,4,3,21.0,1.5,6.0,.250,0.5,3.0,.167,1.0,3.0,.333,.292,0.5,0.5,1.000,0.0,2.0,2.0,2.0,0.5,0.3,2.0,2.3,4.0,2012-2013
338,135,Brook Lopez,C,24,BRK,7,7,37.6,8.3,17.6,.472,0.1,0.1,1.000,8.1,17.4,.467,.476,5.6,6.3,.886,4.1,3.3,7.4,1.4,0.9,3.0,2.3,2.9,22.3,2012-2013
339,136,Scott Machado,PG,22,GSW,5,0,1.6,0.2,0.4,.500,0.0,0.0,0,0.2,0.4,.500,.500,0.2,0.4,.500,0.0,0.2,0.2,0.2,0.0,0.0,0.2,0.2,0.6,2012-2013
340,137,Shelvin Mack,PG,22,ATL,4,0,5.5,1.0,2.3,.444,0.5,1.3,.400,0.5,1.0,.500,.556,0.0,0.0,0,0.8,1.0,1.8,1.8,0.0,0.0,0.0,0.0,2.5,2012-2013
341,138,Ian Mahinmi,C,26,IND,18,0,8.3,0.7,1.6,.448,0.0,0.0,0,0.7,1.6,.448,.448,0.2,0.6,.300,1.1,1.2,2.3,0.1,0.0,0.7,0.7,1.6,1.6,2012-2013
342,139,Kenyon Martin,C,35,NYK,12,1,21.1,2.4,4.2,.580,0.0,0.0,0,2.4,4.2,.580,.580,0.9,1.7,.550,1.3,3.2,4.5,0.9,0.8,1.4,0.7,3.5,5.8,2012-2013
343,140,Kevin Martin,SG,29,OKC,11,0,29.4,4.5,11.7,.380,1.5,4.2,.370,2.9,7.5,.386,.446,3.5,3.9,.907,0.2,2.9,3.1,1.3,0.6,0.3,1.0,1.6,14.0,2012-2013
344,141,Luc Mbah a Moute,SF,26,MIL,4,4,34.0,2.5,5.8,.435,0.0,1.0,.000,2.5,4.8,.526,.435,3.3,4.5,.722,1.0,2.5,3.5,1.8,1.0,0.0,1.3,2.3,8.3,2012-2013
345,142,JaVale McGee,C,25,DEN,6,2,18.7,3.0,5.2,.581,0.0,0.0,0,3.0,5.2,.581,.581,1.2,3.0,.389,2.8,2.3,5.2,0.0,0.7,1.0,1.8,2.8,7.2,2012-2013
346,143,Tracy McGrady,SF,33,SAS,6,0,5.2,0.0,1.2,.000,0.0,0.5,.000,0.0,0.7,.000,.000,0.0,0.0,0,0.2,1.2,1.3,1.2,0.3,0.5,0.3,0.2,0.0,2012-2013
347,144,Jodie Meeks,SG,25,LAL,1,0,20.0,1.0,4.0,.250,0.0,2.0,.000,1.0,2.0,.500,.250,2.0,2.0,1.000,1.0,1.0,2.0,0.0,1.0,0.0,2.0,2.0,4.0,2012-2013
348,145,Andre Miller,PG,36,DEN,6,0,25.7,4.8,11.5,.420,0.8,1.8,.455,4.0,9.7,.414,.457,3.5,4.5,.778,1.8,1.5,3.3,3.8,0.3,0.0,2.7,1.3,14.0,2012-2013
349,146,Mike Miller,SF,32,MIA,17,5,13.6,1.2,2.6,.467,0.9,2.1,.444,0.3,0.5,.556,.644,0.0,0.0,0,0.2,1.8,1.9,0.9,0.5,0.1,0.3,1.5,3.4,2012-2013
350,147,Patty Mills,PG,24,SAS,9,0,3.4,0.6,1.1,.500,0.2,0.8,.286,0.3,0.3,1.000,.600,0.0,0.0,0,0.1,0.2,0.3,0.2,0.0,0.0,0.1,0.2,1.3,2012-2013
351,148,Nazr Mohammed,C,35,CHI,12,0,9.5,1.8,3.4,.512,0.0,0.0,0,1.8,3.4,.512,.512,0.3,0.6,.571,1.2,1.5,2.7,0.3,0.2,0.6,0.3,1.3,3.8,2012-2013
352,149,Darius Morris,PG,22,LAL,4,2,26.3,4.0,8.8,.457,0.8,2.3,.333,3.3,6.5,.500,.500,1.8,2.3,.778,0.3,1.0,1.3,3.0,0.5,0.0,1.5,1.5,10.5,2012-2013
353,150,Donatas Motiejūnas,PF,22,HOU,1,0,5.0,2.0,2.0,1.000,0.0,0.0,0,2.0,2.0,1.000,1.000,1.0,1.0,1.000,1.0,0.0,1.0,0.0,0.0,0.0,0.0,0.0,5.0,2012-2013
354,151,Steve Nash,PG,38,LAL,2,2,30.5,5.0,11.5,.435,0.0,1.5,.000,5.0,10.0,.500,.435,2.5,2.5,1.000,1.0,1.5,2.5,4.5,0.0,0.0,1.5,1.0,12.5,2012-2013
355,152,Gary Neal,SG,28,SAS,21,0,18.6,2.5,6.4,.385,1.1,3.1,.348,1.4,3.3,.420,.470,0.8,0.8,1.000,0.0,2.1,2.1,0.7,0.1,0.0,0.6,1.6,6.8,2012-2013
356,153,Joakim Noah,C,27,CHI,12,12,34.1,4.3,9.9,.437,0.0,0.0,0,4.3,9.9,.437,.437,2.1,3.3,.641,4.3,5.3,9.6,2.3,0.8,2.2,2.0,3.6,10.8,2012-2013
357,154,Steve Novak,SF,29,NYK,9,0,5.6,0.8,1.4,.538,0.4,1.0,.444,0.3,0.4,.750,.692,0.0,0.0,0,0.2,0.2,0.4,0.0,0.1,0.0,0.0,0.6,2.0,2012-2013
358,155,Lamar Odom,PF,33,LAC,6,1,17.8,1.8,5.0,.367,0.8,2.3,.357,1.0,2.7,.375,.450,0.5,1.0,.500,0.7,3.2,3.8,1.8,0.8,0.8,1.7,2.7,5.0,2012-2013
359,156,Tony Parker,PG,30,SAS,21,21,36.4,8.0,17.4,.458,0.5,1.5,.355,7.4,15.9,.467,.473,4.1,5.3,.777,0.7,2.6,3.2,7.0,1.1,0.1,2.5,1.2,20.6,2012-2013
360,157,Chandler Parsons,SF,24,HOU,6,6,39.7,7.0,15.5,.452,2.7,6.7,.400,4.3,8.8,.491,.538,1.5,2.3,.643,1.2,5.3,6.5,3.7,0.2,0.3,3.0,3.2,18.2,2012-2013
361,158,Chris Paul,PG,27,LAC,6,6,37.3,8.2,15.3,.533,1.0,3.2,.316,7.2,12.2,.589,.565,5.5,6.2,.892,0.5,3.5,4.0,6.3,1.8,0.0,1.5,2.8,22.8,2012-2013
362,159,Kendrick Perkins,C,28,OKC,11,11,19.1,0.9,3.5,.263,0.0,0.1,.000,0.9,3.4,.270,.263,0.4,0.4,1.000,1.4,2.4,3.7,0.6,0.7,0.5,2.1,3.5,2.2,2012-2013
363,160,Johan Petro,C,27,ATL,6,4,16.8,2.3,4.5,.519,0.0,0.0,0,2.3,4.5,.519,.519,0.2,0.3,.500,0.7,3.0,3.7,0.7,0.2,0.7,0.5,3.0,4.8,2012-2013
364,161,Paul Pierce,SF,35,BOS,6,6,42.5,6.5,17.7,.368,1.8,6.8,.268,4.7,10.8,.431,.420,4.3,4.8,.897,0.7,5.0,5.7,5.3,0.8,0.5,5.3,3.5,19.2,2012-2013
365,162,Quincy Pondexter,SF,24,MEM,15,0,23.8,3.1,6.3,.489,1.6,3.5,.453,1.5,2.7,.537,.617,1.1,1.9,.607,0.6,1.9,2.5,0.7,0.7,0.1,0.6,2.1,8.9,2012-2013
366,163,Pablo Prigioni,PG,35,NYK,11,10,20.9,1.5,3.9,.395,1.2,2.7,.433,0.4,1.2,.308,.547,0.2,0.4,.500,0.2,1.4,1.5,3.2,1.3,0.1,0.5,1.9,4.5,2012-2013
367,164,Tayshaun Prince,SF,32,MEM,15,15,30.3,2.9,8.1,.355,0.3,1.3,.263,2.5,6.8,.373,.376,0.9,1.5,.609,0.8,3.0,3.8,1.9,0.5,0.3,0.7,1.2,7.0,2012-2013
368,165,Vladimir Radmanović,PF,32,CHI,1,0,10.0,3.0,3.0,1.000,3.0,3.0,1.000,0.0,0.0,0,1.500,0.0,0.0,0,0.0,0.0,0.0,1.0,2.0,0.0,1.0,1.0,9.0,2012-2013
369,166,Anthony Randolph,PF,23,DEN,5,0,6.0,1.8,2.2,.818,0.0,0.0,0,1.8,2.2,.818,.818,1.6,2.2,.727,0.0,1.2,1.2,0.0,0.4,0.0,0.4,0.8,5.2,2012-2013
370,167,Shavlik Randolph,PF,29,BOS,1,0,3.0,0.0,0.0,0,0.0,0.0,0,0.0,0.0,0,0,0.0,0.0,0,0.0,3.0,3.0,0.0,0.0,0.0,0.0,1.0,0.0,2012-2013
371,168,Zach Randolph,PF,31,MEM,15,15,36.9,6.6,14.3,.460,0.0,0.1,.000,6.6,14.3,.463,.460,4.2,6.3,.670,3.9,6.1,10.0,1.6,0.7,0.5,2.1,3.5,17.4,2012-2013
372,169,JJ Redick,SG,28,MIL,4,0,17.3,2.8,6.3,.440,1.0,3.0,.333,1.8,3.3,.538,.520,0.8,0.8,1.000,0.0,0.8,0.8,1.3,0.3,0.0,1.5,2.3,7.3,2012-2013
373,170,Quentin Richardson,SF,32,NYK,5,0,2.8,0.4,1.2,.333,0.4,1.0,.400,0.0,0.2,.000,.500,0.0,0.0,0,0.2,0.4,0.6,0.0,0.0,0.0,0.0,0.4,1.2,2012-2013
374,171,Nate Robinson,PG,28,CHI,12,8,33.7,5.9,13.6,.436,1.8,5.4,.338,4.1,8.2,.500,.503,2.6,3.4,.756,0.5,2.2,2.7,4.4,1.0,0.2,2.7,3.2,16.3,2012-2013
375,172,Robert Sacre,C,23,LAL,2,0,2.0,0.0,0.5,.000,0.0,0.0,0,0.0,0.5,.000,.000,0.0,0.0,0,0.0,1.0,1.0,0.0,0.5,0.0,0.0,0.0,0.0,2012-2013
376,173,Larry Sanders,C,24,MIL,4,4,28.3,4.8,8.3,.576,0.0,0.0,0,4.8,8.3,.576,.576,1.3,2.8,.455,2.8,5.5,8.3,1.3,0.8,1.3,3.0,4.5,10.8,2012-2013
377,174,Mike Scott,PF,24,ATL,4,0,5.0,1.3,2.5,.500,0.0,0.3,.000,1.3,2.3,.556,.500,0.8,1.0,.750,0.3,1.5,1.8,0.3,0.0,0.0,0.0,0.5,3.3,2012-2013
378,175,Thabo Sefolosha,SG,28,OKC,11,11,27.3,1.9,5.5,.344,1.1,3.5,.316,0.8,2.1,.391,.443,0.8,1.0,.818,1.2,3.3,4.5,2.1,1.1,0.5,0.7,2.4,5.7,2012-2013
379,176,Iman Shumpert,SG,22,NYK,12,12,28.1,3.4,8.3,.410,1.5,3.5,.429,1.9,4.8,.397,.500,1.0,1.2,.857,1.5,4.5,6.0,1.3,1.1,0.3,1.2,3.0,9.3,2012-2013
380,177,Greg Smith,C,22,HOU,5,1,11.8,1.2,1.8,.667,0.0,0.0,0,1.2,1.8,.667,.667,1.2,2.4,.500,1.4,1.2,2.6,0.0,0.4,0.4,0.8,1.8,3.6,2012-2013
381,178,Ish Smith,PG,24,MIL,4,0,2.8,0.0,0.3,.000,0.0,0.0,0,0.0,0.3,.000,.000,0.0,0.0,0,0.0,0.3,0.3,0.8,0.0,0.0,0.3,0.3,0.0,2012-2013
382,179,J.R. Smith,SG,27,NYK,11,0,31.9,4.9,14.8,.331,1.6,6.0,.273,3.3,8.8,.371,.387,2.8,3.9,.721,0.5,4.2,4.7,1.4,1.0,0.5,1.8,2.5,14.3,2012-2013
383,180,Josh Smith,PF,27,ATL,6,6,33.2,6.5,15.0,.433,0.8,3.3,.250,5.7,11.7,.486,.461,3.2,6.0,.528,1.7,5.8,7.5,3.5,1.8,0.5,2.7,3.5,17.0,2012-2013
384,181,Tiago Splitter,PF,28,SAS,19,15,20.4,2.4,4.4,.536,0.0,0.1,.000,2.4,4.4,.542,.536,1.4,1.7,.788,1.1,1.9,3.1,1.2,0.8,0.7,1.3,2.4,6.1,2012-2013
385,182,Jerry Stackhouse,SF,38,BRK,4,0,7.0,0.3,2.5,.100,0.0,1.8,.000,0.3,0.8,.333,.100,0.8,1.0,.750,0.3,0.8,1.0,0.0,0.0,0.0,0.5,0.5,1.3,2012-2013
386,183,Lance Stephenson,SG,22,IND,19,19,35.4,3.6,8.9,.408,0.9,3.4,.281,2.7,5.5,.486,.462,1.2,1.9,.622,0.7,6.8,7.6,3.3,1.2,0.1,1.9,2.5,9.4,2012-2013
387,184,DeShawn Stevenson,SG,31,ATL,4,0,11.3,0.8,1.3,.600,0.8,1.3,.600,0.0,0.0,0,.900,0.0,0.0,0,0.8,1.8,2.5,0.3,0.0,0.0,0.5,1.3,2.3,2012-2013
388,185,Julyan Stone,PG,24,DEN,2,0,6.5,0.0,0.0,0,0.0,0.0,0,0.0,0.0,0,0,1.0,1.0,1.000,0.0,0.0,0.0,0.5,0.0,0.0,0.0,1.5,1.0,2012-2013
389,186,Amar'e Stoudemire,PF,30,NYK,4,0,8.3,1.3,3.3,.385,0.3,0.3,1.000,1.0,3.0,.333,.423,1.0,1.0,1.000,1.0,1.3,2.3,0.0,0.0,0.0,0.8,2.3,3.8,2012-2013
390,187,Tyshawn Taylor,PG,22,BRK,2,0,1.0,0.0,0.5,.000,0.0,0.0,0,0.0,0.5,.000,.000,0.0,0.0,0,0.0,0.0,0.0,0.0,0.0,0.0,0.0,0.0,0.0,2012-2013
391,188,Jeff Teague,PG,24,ATL,6,6,35.5,4.5,13.5,.333,0.5,1.7,.300,4.0,11.8,.338,.352,3.8,4.7,.821,0.5,2.3,2.8,5.0,1.5,0.3,2.3,2.8,13.3,2012-2013
392,189,Marquis Teague,PG,19,CHI,8,0,9.0,0.6,2.1,.294,0.0,0.6,.000,0.6,1.5,.417,.294,0.0,0.0,0,0.0,0.4,0.4,1.5,0.3,0.1,0.3,1.3,1.3,2012-2013
393,190,Mirza Teletović,PF,27,BRK,1,0,1.0,0.0,0.0,0,0.0,0.0,0,0.0,0.0,0,0,0.0,0.0,0,0.0,0.0,0.0,0.0,0.0,0.0,0.0,0.0,0.0,2012-2013
394,191,Jason Terry,SG,35,BOS,6,1,31.5,4.0,9.0,.444,2.5,5.7,.441,1.5,3.3,.450,.583,1.5,1.8,.818,0.0,2.2,2.2,2.0,0.7,0.3,0.8,1.5,12.0,2012-2013
395,192,Hasheem Thabeet,C,25,OKC,4,0,6.5,0.3,0.5,.500,0.0,0.0,0,0.3,0.5,.500,.500,0.0,0.0,0,0.3,1.3,1.5,0.0,0.3,0.0,0.5,1.8,0.5,2012-2013
396,193,Malcolm Thomas,PF,24,CHI,3,0,2.0,0.3,0.7,.500,0.0,0.0,0,0.3,0.7,.500,.500,0.3,1.7,.200,1.3,0.0,1.3,0.0,0.0,0.0,0.0,0.0,1.0,2012-2013
397,194,Klay Thompson,SG,22,GSW,12,12,41.3,6.3,14.5,.437,2.1,4.9,.424,4.3,9.6,.443,.509,0.4,0.5,.833,0.8,3.8,4.6,1.8,1.0,0.6,2.0,3.7,15.2,2012-2013
398,195,Anthony Tolliver,SF,27,ATL,6,0,11.3,1.3,2.3,.571,1.2,1.8,.636,0.2,0.5,.333,.821,0.2,0.5,.333,0.5,1.0,1.5,0.2,0.2,0.2,0.2,1.2,4.0,2012-2013
399,196,Ronny Turiaf,C,30,LAC,5,0,11.8,1.4,2.0,.700,0.0,0.0,0,1.4,2.0,.700,.700,0.4,0.8,.500,0.8,0.8,1.6,0.0,0.2,0.6,0.4,2.8,3.2,2012-2013
400,197,Ekpe Udoh,C,25,MIL,4,0,13.5,1.0,2.3,.444,0.0,0.0,0,1.0,2.3,.444,.444,0.0,0.0,0,0.8,0.8,1.5,0.3,0.5,0.5,0.0,1.0,2.0,2012-2013
401,198,Dwyane Wade,SG,31,MIA,22,22,35.5,6.5,14.3,.457,0.0,0.2,.250,6.5,14.1,.460,.459,2.7,3.6,.750,1.7,2.9,4.6,4.8,1.7,1.0,2.6,2.0,15.9,2012-2013
402,199,Gerald Wallace,SF,30,BRK,7,7,34.7,4.4,9.6,.463,1.6,4.1,.379,2.9,5.4,.526,.545,1.6,2.9,.550,0.7,3.3,4.0,2.4,1.1,0.7,1.3,2.9,12.0,2012-2013
403,200,C.J. Watson,PG,28,BRK,7,0,23.0,3.4,7.9,.436,0.6,2.1,.267,2.9,5.7,.500,.473,1.1,1.7,.667,0.7,1.7,2.4,1.9,0.7,0.1,0.1,1.6,8.6,2012-2013
404,201,David West,PF,32,IND,19,19,36.3,6.1,13.1,.462,0.0,0.2,.000,6.1,12.9,.467,.462,3.8,4.9,.766,2.2,5.4,7.6,2.1,0.7,0.8,2.4,2.8,15.9,2012-2013
405,202,Russell Westbrook,PG,24,OKC,2,2,34.0,8.5,20.5,.415,1.0,4.5,.222,7.5,16.0,.469,.439,6.0,7.0,.857,0.5,6.0,6.5,7.0,3.0,0.0,4.0,2.5,24.0,2012-2013
406,203,James White,SF,30,NYK,4,0,2.3,0.5,1.0,.500,0.0,0.5,.000,0.5,0.5,1.000,.500,0.0,0.0,0,0.3,0.3,0.5,0.0,0.0,0.0,0.0,0.3,1.0,2012-2013
407,204,Chris Wilcox,C,30,BOS,2,0,3.0,0.0,0.0,0,0.0,0.0,0,0.0,0.0,0,0,0.0,0.0,0,0.0,1.0,1.0,0.0,0.0,0.0,0.0,0.0,0.0,2012-2013
408,205,Deron Williams,PG,28,BRK,7,7,41.7,6.4,15.1,.425,2.4,6.1,.395,4.0,9.0,.444,.505,5.3,6.4,.822,0.1,3.0,3.1,8.4,1.0,0.6,3.0,2.4,20.6,2012-2013
409,206,Terrence Williams,SF,25,BOS,5,0,9.6,0.4,2.0,.200,0.0,0.6,.000,0.4,1.4,.286,.200,0.2,0.4,.500,0.2,1.8,2.0,1.2,0.0,0.2,0.8,0.6,1.0,2012-2013
410,207,Metta World Peace,SF,33,LAL,3,3,28.0,2.3,9.3,.250,0.7,4.7,.143,1.7,4.7,.357,.286,0.7,0.7,1.000,2.0,1.7,3.7,1.7,0.7,0.3,1.0,1.7,6.0,2012-2013
411,208,Tony Wroten,SG,19,MEM,6,0,2.8,0.3,1.8,.182,0.0,0.3,.000,0.3,1.5,.222,.182,0.7,0.7,1.000,0.2,0.5,0.7,0.3,0.2,0.0,0.3,0.2,1.3,2012-2013
412,209,Sam Young,SG,27,IND,15,0,8.7,0.6,1.6,.375,0.1,0.7,.200,0.5,0.9,.500,.417,0.4,0.5,.750,0.7,1.2,1.9,0.3,0.3,0.1,0.5,1.1,1.7,2012-2013
413,1,Steven Adams,C,20,OKC,18,0,18.4,1.7,2.5,.689,0.0,0.0,0,1.7,2.5,.689,.689,0.4,1.3,.348,1.2,2.9,4.1,0.2,0.1,1.3,0.6,2.7,3.9,2013-2014
414,2,LaMarcus Aldridge,PF,28,POR,11,11,40.1,10.3,22.7,.452,0.2,0.3,.667,10.1,22.5,.449,.456,5.5,6.8,.800,2.7,7.9,10.6,1.5,0.6,1.6,1.7,3.6,26.2,2013-2014
415,3,Lavoy Allen,PF,24,IND,4,0,3.8,0.5,1.0,.500,0.0,0.0,0,0.5,1.0,.500,.500,0.0,0.0,0,0.3,1.0,1.3,0.3,0.0,0.0,0.0,0.3,1.0,2013-2014
416,4,Ray Allen,SG,38,MIA,20,1,26.4,3.0,7.2,.413,1.7,4.3,.388,1.3,2.9,.448,.528,1.7,1.9,.919,0.7,2.7,3.4,1.6,0.7,0.2,1.2,2.1,9.3,2013-2014
417,5,Tony Allen,SG,32,MEM,7,1,32.9,5.0,10.3,.486,0.0,1.0,.000,5.0,9.3,.538,.486,2.3,3.0,.762,3.3,4.4,7.7,1.4,1.7,0.1,1.7,3.3,12.3,2013-2014
418,6,Chris Andersen,C,35,MIA,18,0,17.6,1.8,3.2,.579,0.0,0.1,.000,1.8,3.1,.589,.579,1.4,2.1,.684,1.4,4.5,5.9,0.3,0.3,1.0,0.5,1.9,5.1,2013-2014
419,7,Alan Anderson,SF,31,BRK,12,2,21.8,2.1,5.2,.403,0.8,2.6,.290,1.3,2.6,.516,.476,1.0,1.5,.667,0.8,1.8,2.7,1.3,0.8,0.0,0.8,2.7,5.9,2013-2014
420,8,Pero Antić,C,31,ATL,7,7,24.3,1.0,6.0,.167,0.4,3.6,.120,0.6,2.4,.235,.202,0.7,1.1,.625,1.4,2.4,3.9,0.7,0.7,0.4,1.1,3.7,3.1,2013-2014
421,9,Trevor Ariza,SF,28,WAS,11,11,37.0,4.7,9.8,.481,2.3,5.1,.446,2.5,4.7,.519,.597,1.9,2.5,.778,1.9,7.0,8.9,1.7,1.5,0.4,1.3,2.4,13.6,2013-2014
422,10,Hilton Armstrong,C,29,GSW,7,0,2.4,0.6,1.1,.500,0.0,0.1,.000,0.6,1.0,.571,.500,0.0,0.3,.000,0.4,0.1,0.6,0.3,0.0,0.3,0.6,0.9,1.1,2013-2014
423,11,Ömer Aşık,C,27,HOU,6,4,27.2,2.7,5.5,.485,0.0,0.0,0,2.7,5.5,.485,.485,0.5,0.5,1.000,3.5,4.7,8.2,0.7,0.5,0.7,1.8,4.8,5.8,2013-2014
424,12,D.J. Augustin,PG,26,CHI,5,0,28.2,4.2,14.4,.292,1.4,5.2,.269,2.8,9.2,.304,.340,3.4,3.8,.895,0.8,0.8,1.6,4.8,0.6,0.0,1.8,3.2,13.2,2013-2014
425,13,Jeff Ayres,PF,26,SAS,17,0,3.8,0.4,0.8,.462,0.0,0.0,0,0.4,0.8,.462,.462,0.3,0.5,.625,0.4,0.8,1.1,0.3,0.0,0.0,0.1,0.4,1.0,2013-2014
426,14,Harrison Barnes,SF,21,GSW,7,0,22.3,2.7,6.9,.396,1.1,3.0,.381,1.6,3.9,.407,.479,1.3,2.3,.563,1.0,3.0,4.0,1.1,0.1,0.4,0.7,1.9,7.9,2013-2014
427,15,Matt Barnes,SF,33,LAC,13,13,31.1,3.5,8.2,.421,1.5,4.6,.317,2.0,3.6,.553,.509,1.0,1.5,.684,1.7,2.8,4.5,1.8,0.9,0.2,1.3,3.2,9.4,2013-2014
428,16,Will Barton,SG,23,POR,7,0,11.6,2.4,4.9,.500,0.9,1.6,.545,1.6,3.3,.478,.588,0.7,0.9,.833,0.7,1.0,1.7,0.4,0.1,0.3,0.9,1.0,6.4,2013-2014
429,17,Shane Battier,SF,35,MIA,16,6,12.6,0.8,1.6,.462,0.6,1.3,.450,0.2,0.4,.500,.635,0.3,0.3,.800,0.1,0.6,0.6,0.3,0.3,0.1,0.3,1.4,2.3,2013-2014
430,18,Nicolas Batum,SF,25,POR,11,11,41.7,6.1,12.9,.472,1.9,5.5,.350,4.2,7.5,.561,.546,1.1,1.4,.800,0.9,6.7,7.6,4.8,1.3,0.5,2.5,1.9,15.2,2013-2014
431,19,Aron Baynes,C,27,SAS,14,0,7.2,0.9,1.7,.500,0.0,0.1,.000,0.9,1.6,.522,.500,0.6,0.7,.800,0.9,1.4,2.2,0.0,0.2,0.0,0.5,1.1,2.3,2013-2014
432,20,Bradley Beal,SG,20,WAS,11,11,41.6,6.8,16.1,.424,2.0,4.8,.415,4.8,11.3,.427,.486,3.5,4.5,.796,1.4,3.6,5.0,4.5,1.6,0.6,2.1,2.8,19.2,2013-2014
433,21,Michael Beasley,SF,25,MIA,4,0,5.8,1.3,2.5,.500,0.0,0.0,0,1.3,2.5,.500,.500,0.3,0.8,.333,0.5,0.5,1.0,0.5,0.0,0.0,0.3,0.8,2.8,2013-2014
434,22,Marco Belinelli,SF,27,SAS,23,0,15.5,1.9,4.3,.444,0.7,1.7,.421,1.2,2.7,.459,.525,0.9,1.0,.955,0.2,2.1,2.3,0.8,0.1,0.0,0.5,1.0,5.4,2013-2014
435,23,Patrick Beverley,PG,25,HOU,6,6,33.7,3.2,8.3,.380,1.2,3.7,.318,2.0,4.7,.429,.450,1.2,1.7,.700,2.2,2.0,4.2,1.8,0.5,0.3,0.7,3.5,8.7,2013-2014
436,24,Bismack Biyombo,C,21,CHA,3,1,16.0,1.0,1.7,.600,0.0,0.0,0,1.0,1.7,.600,.600,0.7,2.0,.333,1.7,2.0,3.7,0.3,0.0,0.7,0.0,1.3,2.7,2013-2014
437,25,DeJuan Blair,PF,24,DAL,6,0,13.5,2.7,4.5,.593,0.0,0.0,0,2.7,4.5,.593,.593,1.3,2.2,.615,2.3,3.8,6.2,0.2,2.0,0.0,0.8,2.3,6.7,2013-2014
438,26,Steve Blake,PG,33,GSW,6,0,7.5,0.7,2.0,.333,0.5,1.7,.300,0.2,0.3,.500,.458,0.0,0.2,.000,0.2,0.5,0.7,0.3,0.0,0.0,0.3,0.3,1.8,2013-2014
439,27,Andray Blatche,PF,27,BRK,12,0,14.3,2.2,4.8,.448,0.0,0.2,.000,2.2,4.7,.464,.448,2.1,2.5,.833,2.1,2.9,5.0,0.3,0.5,0.2,0.8,1.8,6.4,2013-2014
440,28,Matt Bonner,PF,33,SAS,22,2,6.2,0.5,1.0,.476,0.2,0.5,.333,0.3,0.4,.667,.571,0.1,0.2,.750,0.1,0.5,0.6,0.5,0.1,0.0,0.1,0.5,1.2,2013-2014
441,29,Trevor Booker,PF,26,WAS,9,1,16.2,1.4,3.2,.448,0.0,0.2,.000,1.4,3.0,.481,.448,0.4,0.7,.667,1.8,2.6,4.3,0.9,0.2,1.0,0.3,2.8,3.3,2013-2014
442,30,Carlos Boozer,PF,32,CHI,5,5,24.2,4.0,9.4,.426,0.0,0.0,0,4.0,9.4,.426,.426,1.6,1.8,.889,1.6,6.2,7.8,1.0,0.2,0.0,1.4,2.6,9.6,2013-2014
443,31,Chris Bosh,C,29,MIA,20,20,34.3,5.8,11.5,.507,1.5,3.7,.405,4.3,7.8,.555,.572,1.8,2.4,.750,1.2,4.4,5.6,1.1,0.9,1.0,0.7,2.6,14.9,2013-2014
444,32,Elton Brand,C,34,ATL,7,0,11.6,0.3,1.7,.167,0.0,0.0,0,0.3,1.7,.167,.167,0.6,0.7,.800,1.0,2.3,3.3,0.9,0.1,0.9,0.0,1.4,1.1,2013-2014
445,33,Reggie Bullock,SF,22,LAC,2,0,2.5,0.5,0.5,1.000,0.0,0.0,0,0.5,0.5,1.000,1.000,0.0,0.0,0,0.0,0.0,0.0,0.5,0.0,0.0,0.0,0.0,1.0,2013-2014
446,34,Caron Butler,SF,33,OKC,18,2,23.3,1.9,6.0,.324,1.2,3.3,.356,0.8,2.7,.286,.421,1.2,1.6,.786,0.6,2.6,3.2,0.8,0.3,0.1,0.6,1.8,6.3,2013-2014
447,35,Jimmy Butler,SG,24,CHI,5,5,43.6,4.4,11.4,.386,1.2,4.0,.300,3.2,7.4,.432,.439,3.6,4.6,.783,1.2,4.0,5.2,2.2,1.2,0.0,0.6,2.6,13.6,2013-2014
448,36,Rasual Butler,SG,34,IND,11,0,6.4,0.5,1.4,.400,0.5,1.1,.417,0.1,0.3,.333,.567,0.2,0.2,1.000,0.0,0.5,0.5,0.1,0.1,0.1,0.1,0.3,1.7,2013-2014
449,37,José Calderón,PG,32,DAL,7,7,27.3,4.3,9.3,.462,1.6,3.3,.478,2.7,6.0,.452,.546,0.1,0.1,1.000,0.3,1.0,1.3,4.4,0.1,0.0,1.0,2.3,10.3,2013-2014
450,38,DeMarre Carroll,SF,27,ATL,7,7,35.1,3.3,7.0,.469,1.3,3.1,.409,2.0,3.9,.519,.561,1.0,1.6,.636,1.7,3.1,4.9,1.6,0.7,0.4,1.1,3.0,8.9,2013-2014
451,39,Vince Carter,SG,37,DAL,7,0,27.1,4.4,9.7,.456,2.1,4.4,.484,2.3,5.3,.432,.566,1.6,2.0,.786,1.0,2.6,3.6,2.4,0.4,0.3,0.9,1.7,12.6,2013-2014
452,40,Mario Chalmers,PG,27,MIA,20,19,26.8,2.4,5.6,.423,0.8,2.2,.349,1.6,3.4,.471,.491,1.0,1.3,.760,0.1,2.2,2.3,3.6,1.0,0.3,1.5,2.4,6.4,2013-2014
453,41,Victor Claver,SF,25,POR,2,0,3.5,0.0,0.0,0,0.0,0.0,0,0.0,0.0,0,0,0.0,2.0,.000,0.0,2.5,2.5,0.0,0.0,0.0,0.5,0.0,0.0,2013-2014
454,42,Norris Cole,PG,25,MIA,20,0,20.2,1.6,3.9,.410,0.8,2.0,.375,0.9,1.9,.447,.506,0.7,0.8,.867,0.1,1.1,1.1,1.8,0.5,0.1,1.0,1.7,4.6,2013-2014
455,43,Darren Collison,PG,26,LAC,13,0,19.2,2.7,6.9,.389,0.1,0.9,.083,2.6,6.0,.436,.394,3.0,3.5,.867,0.8,1.3,2.1,2.4,0.5,0.1,0.9,1.3,8.5,2013-2014
456,44,Nick Collison,PF,33,OKC,17,2,10.8,0.7,1.7,.414,0.1,0.3,.400,0.6,1.4,.417,.448,0.4,0.6,.700,0.7,1.5,2.2,0.8,0.2,0.4,0.4,1.6,1.9,2013-2014
457,45,Mike Conley,PG,26,MEM,7,7,38.1,6.3,14.6,.431,0.4,3.9,.111,5.9,10.7,.547,.446,2.9,3.7,.769,0.7,3.9,4.6,7.9,2.0,0.1,2.1,2.0,15.9,2013-2014
458,46,Chris Copeland,SF,29,IND,12,0,6.8,1.0,2.3,.429,0.5,1.3,.375,0.5,1.0,.500,.536,0.5,0.8,.667,0.1,0.3,0.4,0.1,0.3,0.3,0.4,1.1,3.0,2013-2014
459,47,Jamal Crawford,SG,33,LAC,13,0,24.1,5.2,13.2,.398,2.1,6.1,.342,3.2,7.1,.446,.477,3.0,3.4,.886,0.4,1.1,1.5,2.0,0.9,0.2,1.2,1.8,15.5,2013-2014
460,48,Jordan Crawford,SG,25,GSW,6,0,9.5,2.0,5.5,.364,0.3,1.2,.286,1.7,4.3,.385,.394,1.8,2.3,.786,0.7,0.8,1.5,0.3,0.2,0.0,0.8,1.2,6.2,2013-2014
461,49,Jae Crowder,SF,23,DAL,7,0,11.6,1.1,2.6,.444,0.4,1.0,.429,0.7,1.6,.455,.528,0.0,0.0,0,0.6,1.1,1.7,0.3,0.3,0.1,0.4,1.9,2.7,2013-2014
462,50,Stephen Curry,PG,25,GSW,7,7,42.3,7.3,16.6,.440,3.1,8.1,.386,4.1,8.4,.492,.534,5.3,6.0,.881,0.6,3.0,3.6,8.4,1.7,0.1,3.7,2.6,23.0,2013-2014
463,51,Samuel Dalembert,C,32,DAL,7,7,19.3,1.6,3.4,.458,0.0,0.0,0,1.6,3.4,.458,.458,1.4,2.1,.667,3.3,5.1,8.4,0.0,0.3,1.4,0.6,2.1,4.6,2013-2014
464,52,Troy Daniels,SG,22,HOU,4,0,17.0,2.3,4.3,.529,2.0,3.8,.533,0.3,0.5,.500,.765,1.3,1.3,1.000,0.8,1.5,2.3,0.3,0.5,0.0,0.5,2.5,7.8,2013-2014
465,53,Ed Davis,PF,24,MEM,7,0,3.6,0.4,1.4,.300,0.0,0.0,0,0.4,1.4,.300,.300,0.0,0.1,.000,1.1,1.0,2.1,0.0,0.1,0.4,0.3,0.3,0.9,2013-2014
466,54,Glen Davis,PF,28,LAC,13,0,12.2,1.9,3.2,.610,0.0,0.0,0,1.9,3.2,.610,.610,0.0,0.0,0,1.1,1.7,2.8,0.7,0.2,0.2,0.5,1.8,3.8,2013-2014
467,55,Austin Daye,SF,25,SAS,1,0,6.0,0.0,2.0,.000,0.0,0.0,0,0.0,2.0,.000,.000,0.0,0.0,0,0.0,1.0,1.0,0.0,0.0,0.0,0.0,0.0,0.0,2013-2014
468,56,Nando De Colo,SG,26,TOR,1,0,4.0,0.0,0.0,0,0.0,0.0,0,0.0,0.0,0,0,0.0,0.0,0,0.0,1.0,1.0,0.0,0.0,0.0,0.0,2.0,0.0,2013-2014
469,57,DeMar DeRozan,SG,24,TOR,7,7,40.3,6.4,16.7,.385,0.9,2.6,.333,5.6,14.1,.394,.410,10.1,11.3,.899,0.4,3.7,4.1,3.6,1.1,0.3,2.6,3.3,23.9,2013-2014
470,58,Boris Diaw,PF,31,SAS,23,3,26.3,3.5,7.0,.500,0.8,2.0,.400,2.7,5.0,.539,.556,1.4,2.1,.688,1.1,3.7,4.8,3.4,0.6,0.1,1.3,1.9,9.2,2013-2014
471,59,Toney Douglas,PG,27,MIA,10,0,2.9,0.3,0.9,.333,0.3,0.6,.500,0.0,0.3,.000,.500,0.1,0.2,.500,0.1,0.3,0.4,0.5,0.0,0.0,0.1,0.3,1.0,2013-2014
472,60,Chris Douglas-Roberts,SF,27,CHA,4,0,17.5,2.8,4.0,.688,1.0,2.0,.500,1.8,2.0,.875,.813,3.0,3.5,.857,0.5,1.5,2.0,0.5,0.0,0.0,1.0,2.8,9.5,2013-2014
473,61,Jared Dudley,SF,28,LAC,7,0,6.4,0.4,1.6,.273,0.4,0.9,.500,0.0,0.7,.000,.409,0.0,0.0,0,0.0,0.9,0.9,0.3,0.1,0.0,0.0,0.7,1.3,2013-2014
474,62,Tim Duncan,C,37,SAS,23,23,32.7,6.5,12.4,.523,0.0,0.1,.000,6.5,12.3,.527,.523,3.3,4.3,.760,2.8,6.3,9.2,2.0,0.3,1.3,1.1,2.3,16.3,2013-2014
475,63,Mike Dunleavy,SF,33,CHI,5,5,32.6,5.0,10.6,.472,2.4,5.2,.462,2.6,5.4,.481,.585,0.8,1.2,.667,1.0,2.6,3.6,2.4,0.6,0.2,1.0,1.4,13.2,2013-2014
476,64,Kevin Durant,SF,25,OKC,19,19,42.9,10.2,22.2,.460,2.3,6.6,.344,7.9,15.6,.508,.511,6.9,8.6,.810,1.3,7.6,8.9,3.9,1.0,1.3,3.8,2.2,29.6,2013-2014
477,65,Wayne Ellington,SG,26,DAL,2,0,7.0,1.0,3.0,.333,1.0,3.0,.333,0.0,0.0,0,.500,1.0,1.0,1.000,0.0,1.0,1.0,1.0,0.0,0.0,1.0,0.5,4.0,2013-2014
478,66,Monta Ellis,SG,28,DAL,7,7,35.6,7.4,18.1,.409,1.7,4.9,.353,5.7,13.3,.430,.457,3.9,4.4,.871,0.9,1.6,2.4,2.9,1.3,0.1,2.1,2.7,20.4,2013-2014
479,67,Landry Fields,SF,25,TOR,3,0,8.7,0.0,0.7,.000,0.0,0.0,0,0.0,0.7,.000,.000,0.0,0.0,0,0.7,1.7,2.3,0.3,1.3,0.3,0.3,0.7,0.0,2013-2014
480,68,Derek Fisher,SG,39,OKC,19,0,15.7,1.2,3.8,.315,0.6,2.2,.293,0.6,1.7,.344,.397,0.8,0.8,1.000,0.3,1.4,1.7,0.8,0.7,0.0,0.3,1.4,3.8,2013-2014
481,69,Jamaal Franklin,SG,22,MEM,2,0,2.0,0.0,1.0,.000,0.0,0.0,0,0.0,1.0,.000,.000,0.5,1.0,.500,0.0,0.5,0.5,0.0,0.0,0.0,0.0,0.0,0.5,2013-2014
482,70,Joel Freeland,C,26,POR,9,0,2.7,0.0,0.3,.000,0.0,0.0,0,0.0,0.3,.000,.000,0.1,0.2,.500,0.4,0.4,0.9,0.1,0.1,0.1,0.4,0.8,0.1,2013-2014
483,71,Francisco García,SF,32,HOU,2,0,11.0,1.0,3.0,.333,0.0,1.5,.000,1.0,1.5,.667,.333,1.5,2.0,.750,0.5,0.5,1.0,0.0,0.0,0.0,0.0,1.5,3.5,2013-2014
484,72,Kevin Garnett,C,37,BRK,12,12,20.8,2.8,5.3,.524,0.0,0.2,.000,2.8,5.1,.541,.524,1.4,1.9,.739,1.6,4.8,6.3,1.3,0.8,0.4,1.1,2.1,6.9,2013-2014
485,73,Marc Gasol,C,29,MEM,7,7,42.7,6.7,16.6,.405,0.0,0.1,.000,6.7,16.4,.409,.405,3.9,4.9,.794,1.9,5.9,7.7,4.4,1.7,0.9,1.7,3.9,17.3,2013-2014
486,74,Paul George,SF,23,IND,19,19,41.1,7.3,16.6,.438,2.7,6.8,.403,4.5,9.8,.462,.521,5.3,6.7,.789,0.7,6.9,7.6,3.8,2.2,0.4,2.6,2.9,22.6,2013-2014
487,75,Taj Gibson,PF,28,CHI,5,0,30.8,6.4,11.4,.561,0.0,0.0,0,6.4,11.4,.561,.561,5.4,7.2,.750,4.2,2.0,6.2,0.4,0.4,2.4,1.6,2.4,18.2,2013-2014
488,76,Manu Ginóbili,SG,36,SAS,23,0,25.5,4.5,10.3,.439,1.8,4.6,.390,2.7,5.7,.477,.525,3.5,4.1,.862,0.4,2.9,3.3,4.1,1.6,0.1,2.3,2.6,14.3,2013-2014
489,77,Drew Gooden,C,32,WAS,10,0,14.6,1.4,3.8,.368,0.0,0.4,.000,1.4,3.4,.412,.368,0.6,0.8,.750,2.0,2.2,4.2,0.4,0.3,0.4,0.4,3.0,3.4,2013-2014
490,78,Marcin Gortat,C,29,WAS,11,11,34.7,5.3,10.7,.492,0.0,0.0,0,5.3,10.7,.492,.492,2.5,3.7,.659,3.3,6.6,9.9,1.5,0.5,1.3,1.8,2.0,13.0,2013-2014
491,79,Danny Granger,SF,30,LAC,13,0,10.3,0.8,3.1,.275,0.4,1.7,.227,0.5,1.4,.333,.338,0.5,0.7,.778,0.2,1.4,1.5,0.2,0.5,0.1,0.2,1.8,2.6,2013-2014
492,80,Danny Green,SG,26,SAS,23,23,23.0,3.4,6.9,.491,2.1,4.4,.475,1.3,2.5,.517,.642,0.4,0.5,.818,0.4,2.6,3.0,0.9,1.4,0.7,0.9,2.2,9.3,2013-2014
493,81,Draymond Green,SF,23,GSW,7,4,32.6,4.0,8.6,.467,1.1,4.1,.276,2.9,4.4,.645,.533,2.7,3.4,.792,2.6,5.7,8.3,2.9,1.7,1.7,2.4,4.7,11.9,2013-2014
494,82,Willie Green,SG,32,LAC,5,0,3.8,0.2,1.0,.200,0.2,0.8,.250,0.0,0.2,.000,.300,0.4,0.4,1.000,0.0,1.4,1.4,0.2,0.6,0.0,0.2,0.6,1.0,2013-2014
495,83,Blake Griffin,PF,24,LAC,13,13,36.8,9.0,18.0,.500,0.1,0.5,.143,8.9,17.5,.511,.502,5.5,7.4,.740,2.7,4.7,7.4,3.8,1.2,1.1,2.4,4.2,23.5,2013-2014
496,84,Jorge Gutiérrez,PG,25,BRK,2,0,1.5,0.0,0.0,0,0.0,0.0,0,0.0,0.0,0,0,1.0,2.0,.500,0.5,0.0,0.5,0.0,0.0,0.0,0.0,0.0,1.0,2013-2014
497,85,Tyler Hansbrough,PF,28,TOR,3,0,9.7,0.3,1.0,.333,0.0,0.0,0,0.3,1.0,.333,.333,1.7,2.0,.833,0.7,1.3,2.0,0.3,0.0,0.0,0.7,2.7,2.3,2013-2014
498,86,James Harden,SG,24,HOU,6,6,43.8,8.3,22.2,.376,2.7,9.0,.296,5.7,13.2,.430,.436,7.5,8.3,.900,0.8,3.8,4.7,5.8,2.0,0.2,3.5,3.5,26.8,2013-2014
499,87,Al Harrington,PF,33,WAS,7,0,8.4,0.9,2.1,.400,0.0,1.0,.000,0.9,1.1,.750,.400,0.7,1.0,.714,0.1,2.1,2.3,0.0,0.4,0.0,0.6,2.0,2.4,2013-2014
500,88,Devin Harris,PG,30,DAL,7,0,25.1,4.4,9.4,.470,1.6,3.6,.440,2.9,5.9,.488,.553,1.0,1.1,.875,0.1,2.3,2.4,3.9,0.3,0.3,1.6,1.9,11.4,2013-2014
501,89,Udonis Haslem,PF,33,MIA,16,6,10.6,1.1,2.3,.459,0.0,0.0,0,1.1,2.3,.459,.459,0.4,0.6,.600,0.8,1.8,2.6,0.3,0.1,0.2,0.1,1.8,2.5,2013-2014
502,90,Chuck Hayes,C,30,TOR,5,0,7.6,0.4,1.6,.250,0.0,0.0,0,0.4,1.6,.250,.250,0.4,0.4,1.000,0.8,0.8,1.6,0.4,0.6,0.0,0.2,1.0,1.2,2013-2014
503,91,Gerald Henderson,SG,26,CHA,4,4,29.8,3.5,9.3,.378,0.0,2.3,.000,3.5,7.0,.500,.378,2.8,4.3,.647,0.3,3.8,4.0,2.3,1.0,0.3,1.5,3.0,9.8,2013-2014
504,92,Roy Hibbert,C,27,IND,19,19,28.5,3.5,7.7,.449,0.0,0.1,.000,3.5,7.7,.452,.449,2.3,3.0,.772,2.3,3.2,5.5,0.9,0.2,1.4,1.3,3.3,9.3,2013-2014
505,93,Nenê,PF,31,WAS,10,10,32.5,6.4,13.8,.464,0.0,0.0,0,6.4,13.8,.464,.464,0.9,2.6,.346,0.8,4.5,5.3,2.6,0.9,1.1,1.7,3.6,13.7,2013-2014
506,94,George Hill,PG,27,IND,19,19,36.2,4.2,9.4,.444,1.5,4.1,.364,2.7,5.3,.505,.522,2.3,3.2,.721,0.7,3.1,3.7,3.0,1.2,0.2,1.5,2.3,12.1,2013-2014
507,95,Solomon Hill,SF,22,IND,1,0,1.0,0.0,0.0,0,0.0,0.0,0,0.0,0.0,0,0,0.0,0.0,0,0.0,0.0,0.0,0.0,0.0,0.0,0.0,0.0,0.0,2013-2014
508,96,Kirk Hinrich,PG,33,CHI,5,5,33.4,4.6,11.2,.411,1.4,3.8,.368,3.2,7.4,.432,.473,0.4,0.8,.500,0.2,2.8,3.0,4.4,0.8,0.2,2.2,4.4,11.0,2013-2014
509,97,Ryan Hollins,PF,29,LAC,5,0,1.8,0.2,0.8,.250,0.0,0.0,0,0.2,0.8,.250,.250,0.2,0.2,1.000,0.2,0.4,0.6,0.0,0.0,0.0,0.2,0.6,0.6,2013-2014
510,98,Dwight Howard,C,28,HOU,6,6,38.5,9.7,17.7,.547,0.0,0.0,0,9.7,17.7,.547,.547,6.7,10.7,.625,4.5,9.2,13.7,1.8,0.7,2.8,3.2,4.2,26.0,2013-2014
511,99,Serge Ibaka,PF,24,OKC,17,17,34.2,5.1,8.6,.592,0.3,0.8,.385,4.8,7.9,.612,.609,1.5,2.0,.765,1.8,5.0,6.8,0.7,0.6,2.5,1.2,3.2,12.1,2013-2014
512,100,Andre Iguodala,SF,30,GSW,7,7,35.4,4.6,8.9,.516,1.1,2.1,.533,3.4,6.7,.511,.581,2.9,4.7,.606,0.7,4.0,4.7,4.4,1.3,0.3,3.0,2.7,13.1,2013-2014
513,101,Reggie Jackson,PG,23,OKC,19,4,27.9,3.9,8.5,.466,1.1,2.8,.396,2.8,5.7,.500,.531,2.1,2.3,.886,0.7,3.1,3.8,2.4,0.3,0.2,2.0,2.6,11.1,2013-2014
514,102,Bernard James,C,28,DAL,2,0,4.0,0.0,0.0,0,0.0,0.0,0,0.0,0.0,0,0,0.0,0.0,0,0.5,0.0,0.5,0.0,0.5,0.0,0.0,0.0,0.0,2013-2014
515,103,LeBron James,PF,29,MIA,20,20,38.2,9.6,17.0,.565,1.8,4.3,.407,7.9,12.7,.618,.616,6.5,8.0,.806,0.7,6.4,7.1,4.8,1.8,0.6,3.1,2.3,27.4,2013-2014
516,104,Al Jefferson,C,29,CHA,3,3,35.3,8.7,17.7,.491,0.0,0.0,0,8.7,17.7,.491,.491,1.3,1.7,.800,2.0,7.3,9.3,0.7,0.3,1.7,0.3,2.3,18.7,2013-2014
517,105,Amir Johnson,PF,26,TOR,7,7,27.3,4.9,7.4,.654,0.0,0.3,.000,4.9,7.1,.680,.654,1.3,1.7,.750,2.3,3.7,6.0,1.0,0.4,0.6,1.7,4.1,11.0,2013-2014
518,106,James Johnson,SF,26,MEM,3,0,9.3,1.7,5.0,.333,0.7,1.7,.400,1.0,3.3,.300,.400,2.3,3.3,.700,1.3,0.7,2.0,0.0,0.3,0.0,0.0,1.0,6.3,2013-2014
519,107,Joe Johnson,SG,32,BRK,12,12,39.1,8.2,15.3,.533,1.8,4.4,.415,6.3,10.9,.580,.592,3.0,3.6,.837,0.8,3.1,3.8,2.9,0.5,0.3,1.6,1.7,21.2,2013-2014
520,108,James Jones,SF,33,MIA,15,0,8.4,1.2,2.7,.450,1.0,2.1,.469,0.2,0.5,.375,.638,0.1,0.2,.667,0.2,0.5,0.7,0.3,0.2,0.1,0.0,1.1,3.5,2013-2014
521,109,Perry Jones,PF,22,OKC,11,0,5.0,0.6,1.6,.389,0.3,0.9,.300,0.4,0.7,.500,.472,0.0,0.0,0,0.3,0.5,0.8,0.1,0.0,0.1,0.1,0.8,1.5,2013-2014
522,110,Terrence Jones,PF,22,HOU,6,2,23.0,3.3,6.5,.513,0.0,0.2,.000,3.3,6.3,.526,.513,1.0,2.0,.500,2.8,3.3,6.2,1.3,0.8,0.5,0.3,2.2,7.7,2013-2014
523,111,DeAndre Jordan,C,25,LAC,13,13,34.0,3.5,4.8,.730,0.0,0.0,0,3.5,4.8,.730,.730,2.5,5.8,.434,3.3,9.2,12.5,0.8,0.9,2.5,1.8,3.5,9.6,2013-2014
524,112,Cory Joseph,SG,22,SAS,17,0,5.1,1.0,2.1,.486,0.0,0.2,.000,1.0,1.9,.531,.486,0.8,1.1,.778,0.1,0.5,0.5,0.5,0.2,0.0,0.2,0.4,2.8,2013-2014
525,113,Michael Kidd-Gilchrist,SF,20,CHA,4,4,22.8,3.5,6.8,.519,0.0,0.3,.000,3.5,6.5,.538,.519,1.5,2.5,.600,2.0,4.5,6.5,1.5,0.0,0.5,2.0,3.3,8.5,2013-2014
526,114,Andrei Kirilenko,PF,32,BRK,10,0,14.4,0.7,1.5,.467,0.0,0.0,0,0.7,1.5,.467,.467,1.1,1.7,.647,1.0,1.3,2.3,1.0,1.0,0.3,0.3,1.1,2.5,2013-2014
527,115,Kyle Korver,SG,32,ATL,7,7,35.7,4.3,9.4,.455,3.3,7.7,.426,1.0,1.7,.583,.629,1.6,1.7,.917,0.3,5.0,5.3,0.7,0.6,0.3,1.6,2.1,13.4,2013-2014
528,116,Kosta Koufos,C,24,MEM,7,0,6.4,1.0,2.3,.438,0.0,0.0,0,1.0,2.3,.438,.438,0.6,0.6,1.000,1.0,1.1,2.1,0.3,0.3,0.4,0.4,1.0,2.6,2013-2014
529,117,Ognjen Kuzmić,C,23,GSW,3,0,2.7,0.0,0.0,0,0.0,0.0,0,0.0,0.0,0,0,0.0,0.0,0,0.3,1.0,1.3,0.0,0.0,0.0,0.0,0.7,0.0,2013-2014
530,118,Jeremy Lamb,SG,21,OKC,11,0,9.1,1.5,3.8,.405,0.2,1.3,.143,1.4,2.5,.536,.429,0.4,0.4,1.000,0.4,1.1,1.5,0.6,0.6,0.1,0.3,0.7,3.6,2013-2014
531,119,Shane Larkin,PG,21,DAL,2,0,5.0,0.0,1.5,.000,0.0,0.5,.000,0.0,1.0,.000,.000,0.0,0.0,0,0.0,0.5,0.5,1.0,0.0,0.0,0.5,0.0,0.0,2013-2014
532,120,Courtney Lee,SG,28,MEM,7,7,32.0,3.6,8.6,.417,0.9,2.7,.316,2.7,5.9,.463,.467,2.0,2.6,.778,0.4,1.6,2.0,1.6,0.7,0.3,0.9,2.9,10.0,2013-2014
533,121,David Lee,PF,30,GSW,7,7,31.0,5.9,11.0,.532,0.0,0.0,0,5.9,11.0,.532,.532,2.1,2.7,.789,3.4,5.7,9.1,2.6,0.6,0.0,2.4,4.0,13.9,2013-2014
534,122,Kawhi Leonard,SF,22,SAS,23,23,32.0,5.3,10.4,.510,1.3,3.2,.419,4.0,7.2,.552,.575,2.3,3.1,.736,1.3,5.4,6.7,1.7,1.7,0.6,1.3,2.9,14.3,2013-2014
535,123,Meyers Leonard,C,21,POR,4,0,2.3,0.0,0.5,.000,0.0,0.0,0,0.0,0.5,.000,.000,0.0,0.0,0,0.0,0.5,0.5,0.0,0.0,0.0,0.0,0.3,0.0,2013-2014
536,124,Jon Leuer,PF,24,MEM,3,0,7.7,1.0,2.3,.429,0.3,0.7,.500,0.7,1.7,.400,.500,0.7,0.7,1.000,0.7,2.0,2.7,0.7,0.3,0.0,0.0,0.7,3.0,2013-2014
537,125,Rashard Lewis,SF,34,MIA,18,8,17.7,1.9,4.7,.412,1.2,3.3,.373,0.7,1.4,.500,.541,0.2,0.2,.750,0.2,1.8,2.1,0.3,0.4,0.3,0.3,1.6,5.3,2013-2014
538,126,Damian Lillard,PG,23,POR,11,11,42.4,7.5,17.2,.439,2.5,6.4,.386,5.1,10.8,.471,.511,5.4,6.0,.894,1.1,4.0,5.1,6.5,1.0,0.1,2.7,2.6,22.9,2013-2014
539,127,Jeremy Lin,PG,25,HOU,6,0,29.5,4.2,10.2,.410,0.8,3.8,.217,3.3,6.3,.526,.451,2.2,2.7,.813,1.2,2.5,3.7,4.3,0.5,0.2,2.2,2.5,11.3,2013-2014
540,128,Shaun Livingston,PG,28,BRK,12,10,27.1,3.7,7.2,.512,0.1,0.1,1.000,3.6,7.1,.506,.517,2.3,3.1,.730,0.7,2.8,3.5,3.3,0.4,0.4,1.8,3.4,9.7,2013-2014
541,129,Robin Lopez,C,25,POR,11,11,33.4,3.9,8.0,.489,0.0,0.0,0,3.9,8.0,.489,.489,2.2,3.3,.667,4.3,4.9,9.2,0.8,0.5,1.8,1.0,3.6,10.0,2013-2014
542,130,Kyle Lowry,PG,27,TOR,7,7,38.7,6.3,15.6,.404,2.4,6.1,.395,3.9,9.4,.409,.482,6.1,7.0,.878,1.3,3.4,4.7,4.7,0.9,0.0,2.9,3.9,21.1,2013-2014
543,131,Shelvin Mack,PG,23,ATL,7,0,16.9,2.7,6.7,.404,1.4,3.9,.370,1.3,2.9,.450,.511,1.3,1.7,.750,0.4,1.4,1.9,3.6,0.6,0.0,0.9,1.4,8.1,2013-2014
544,132,Ian Mahinmi,C,27,IND,19,0,12.7,0.7,1.4,.481,0.0,0.0,0,0.7,1.4,.481,.481,0.6,0.9,.611,1.2,1.2,2.4,0.2,0.3,0.8,0.5,2.0,1.9,2013-2014
545,133,Shawn Marion,SF,35,DAL,7,7,27.6,3.4,8.4,.407,0.6,2.6,.222,2.9,5.9,.488,.441,1.0,1.6,.636,2.0,3.3,5.3,1.9,0.9,0.1,0.7,1.6,8.4,2013-2014
546,134,Cartier Martin,SF,29,ATL,3,0,5.0,0.7,1.0,.667,0.0,0.0,0,0.7,1.0,.667,.667,0.0,0.0,0,0.3,0.7,1.0,0.0,0.7,0.0,0.3,0.7,1.3,2013-2014
547,135,Wesley Matthews,SG,27,POR,11,11,38.7,5.1,12.4,.412,2.0,6.2,.324,3.1,6.2,.500,.493,2.4,2.9,.813,0.6,3.3,3.9,1.3,1.3,0.5,2.0,4.1,14.5,2013-2014
548,136,CJ McCollum,SG,22,POR,6,0,4.0,0.2,1.8,.091,0.0,0.8,.000,0.2,1.0,.167,.091,0.3,0.3,1.000,0.0,0.2,0.2,0.0,0.0,0.0,0.2,0.3,0.7,2013-2014
549,137,Josh McRoberts,PF,26,CHA,4,4,38.5,3.8,8.3,.455,2.0,4.3,.471,1.8,4.0,.438,.576,2.0,2.5,.800,0.3,6.5,6.8,3.8,1.0,0.3,1.5,3.3,11.5,2013-2014
550,138,Andre Miller,SG,37,WAS,11,0,9.8,1.7,3.7,.463,0.1,0.3,.333,1.6,3.5,.474,.476,0.5,0.8,.556,0.2,0.8,1.0,0.8,0.3,0.0,0.7,1.1,4.0,2013-2014
551,139,Mike Miller,SF,33,MEM,7,1,24.7,2.1,6.0,.357,2.0,4.1,.483,0.1,1.9,.077,.524,1.0,1.3,.778,0.3,3.4,3.7,1.3,0.9,0.0,0.7,2.3,7.3,2013-2014
552,140,Patty Mills,PG,25,SAS,23,0,15.3,2.7,6.1,.447,1.4,3.4,.405,1.3,2.7,.500,.560,0.4,0.6,.769,0.1,1.4,1.5,1.4,0.7,0.0,0.6,1.3,7.3,2013-2014
553,141,Paul Millsap,PF,28,ATL,7,7,38.1,5.9,14.7,.398,1.3,3.9,.333,4.6,10.9,.421,.442,6.4,8.0,.804,3.0,7.9,10.9,2.9,1.4,1.9,2.9,3.6,19.4,2013-2014
554,142,Nazr Mohammed,C,36,CHI,2,0,2.5,0.0,0.5,.000,0.0,0.0,0,0.0,0.5,.000,.000,0.0,0.0,0,0.5,0.5,1.0,0.0,0.0,0.0,0.0,1.5,0.0,2013-2014
555,143,Mike Muscala,PF,22,ATL,2,0,2.5,0.0,1.0,.000,0.0,0.0,0,0.0,1.0,.000,.000,0.0,0.0,0,0.0,0.0,0.0,0.0,0.0,0.0,0.0,0.0,0.0,2013-2014
556,144,Gary Neal,SG,29,CHA,4,0,26.0,4.5,12.8,.353,1.0,4.5,.222,3.5,8.3,.424,.392,1.3,1.8,.714,0.8,1.3,2.0,1.0,0.0,0.0,2.0,2.3,11.3,2013-2014
557,145,Nemanja Nedović,SG,22,GSW,1,0,0.0,0.0,0.0,0,0.0,0.0,0,0.0,0.0,0,0,0.0,0.0,0,0.0,0.0,0.0,0.0,0.0,0.0,0.0,1.0,0.0,2013-2014
558,146,Joakim Noah,C,28,CHI,5,5,42.0,4.2,8.2,.512,0.0,0.0,0,4.2,8.2,.512,.512,2.0,3.4,.588,3.0,9.8,12.8,4.6,1.0,1.4,3.8,3.8,10.4,2013-2014
559,147,Steve Novak,PF,30,TOR,4,0,3.8,0.0,0.8,.000,0.0,0.8,.000,0.0,0.0,0,.000,0.0,0.0,0,0.0,1.3,1.3,0.3,0.0,0.0,0.0,0.0,0.0,2013-2014
560,148,Dirk Nowitzki,PF,35,DAL,7,7,37.6,7.7,18.0,.429,0.1,1.7,.083,7.6,16.3,.465,.433,3.6,4.4,.806,0.7,7.3,8.0,1.6,0.9,0.9,2.1,2.9,19.1,2013-2014
561,149,Jermaine O'Neal,PF,35,GSW,7,3,12.0,2.6,4.6,.563,0.0,0.0,0,2.6,4.6,.563,.563,0.9,1.1,.750,1.7,1.7,3.4,0.1,0.1,0.4,0.6,1.7,6.0,2013-2014
562,150,Greg Oden,C,26,MIA,3,0,2.3,0.0,0.0,0,0.0,0.0,0,0.0,0.0,0,0,0.0,0.0,0,0.0,0.3,0.3,0.3,0.3,0.0,0.0,0.7,0.0,2013-2014
563,151,Jannero Pargo,PG,34,CHA,1,0,3.0,0.0,0.0,0,0.0,0.0,0,0.0,0.0,0,0,0.0,0.0,0,0.0,1.0,1.0,1.0,0.0,0.0,1.0,0.0,0.0,2013-2014
564,152,Tony Parker,PG,31,SAS,23,23,31.3,7.3,15.0,.486,0.6,1.5,.371,6.7,13.5,.498,.504,2.2,3.0,.729,0.2,1.7,2.0,4.8,0.7,0.1,2.7,1.6,17.4,2013-2014
565,153,Chandler Parsons,SF,25,HOU,6,6,41.7,7.7,17.5,.438,2.2,6.0,.361,5.5,11.5,.478,.500,1.8,2.5,.733,1.0,5.8,6.8,2.3,0.7,0.3,0.8,3.2,19.3,2013-2014
566,154,Patrick Patterson,PF,24,TOR,7,0,28.4,3.7,6.9,.542,1.0,2.6,.389,2.7,4.3,.633,.615,2.0,2.6,.778,1.7,5.0,6.7,1.3,0.4,0.4,0.9,1.9,10.4,2013-2014
567,155,Chris Paul,PG,28,LAC,13,13,36.3,7.1,15.2,.467,2.5,5.4,.457,4.6,9.8,.472,.548,3.2,4.1,.774,0.9,3.3,4.2,10.3,2.8,0.0,3.0,3.8,19.8,2013-2014
568,156,Kendrick Perkins,C,29,OKC,19,19,20.2,1.3,2.4,.533,0.0,0.0,0,1.3,2.4,.533,.533,0.6,0.8,.800,1.7,3.6,5.4,0.7,0.2,0.3,1.3,3.4,3.2,2013-2014
569,157,Paul Pierce,SF,36,BRK,12,12,30.7,5.0,10.8,.465,1.6,4.4,.358,3.4,6.3,.539,.539,2.1,2.7,.781,0.3,4.2,4.5,2.0,1.2,0.3,1.7,3.7,13.7,2013-2014
570,158,Mason Plumlee,C,23,BRK,10,0,11.4,0.7,1.6,.438,0.0,0.0,0,0.7,1.6,.438,.438,0.8,1.8,.444,0.5,1.8,2.3,0.2,0.3,0.7,0.9,2.4,2.2,2013-2014
571,159,Otto Porter Jr.,SF,20,WAS,3,0,2.0,0.3,1.0,.333,0.0,0.3,.000,0.3,0.7,.500,.333,0.0,0.0,0,0.0,0.0,0.0,0.0,0.0,0.0,0.0,0.0,0.7,2013-2014
572,160,Tayshaun Prince,SF,33,MEM,7,6,16.1,1.4,3.7,.385,0.1,0.6,.250,1.3,3.1,.409,.404,0.0,0.0,0,0.6,0.9,1.4,0.9,0.1,0.0,0.1,1.1,3.0,2013-2014
573,161,Zach Randolph,PF,32,MEM,6,6,39.0,7.0,17.3,.404,0.0,0.2,.000,7.0,17.2,.408,.404,4.2,6.8,.610,2.8,5.8,8.7,2.3,0.8,0.2,1.7,2.2,18.2,2013-2014
574,162,JJ Redick,SG,29,LAC,13,13,27.0,4.7,10.2,.459,2.0,5.0,.400,2.7,5.2,.515,.556,1.9,2.0,.962,0.3,1.4,1.7,1.5,0.8,0.0,1.0,1.8,13.3,2013-2014
575,163,Luke Ridnour,PG,32,CHA,4,0,9.0,1.0,3.3,.308,0.5,1.5,.333,0.5,1.8,.286,.385,0.0,0.0,0,0.0,1.0,1.0,3.0,0.0,0.3,1.0,0.3,2.5,2013-2014
576,164,Andre Roberson,SG,22,OKC,2,0,4.5,0.0,1.5,.000,0.0,0.0,0,0.0,1.5,.000,.000,0.0,0.0,0,0.0,1.0,1.0,0.0,0.0,0.0,0.0,0.0,0.0,2013-2014
577,165,Thomas Robinson,PF,22,POR,11,0,11.1,1.2,2.8,.419,0.0,0.0,0,1.2,2.8,.419,.419,0.5,0.6,.857,0.9,1.6,2.5,0.5,0.5,0.5,0.5,2.1,2.9,2013-2014
578,166,Terrence Ross,SG,22,TOR,7,7,22.6,2.0,6.7,.298,0.6,3.4,.167,1.4,3.3,.435,.340,0.4,0.7,.600,0.1,1.9,2.0,0.3,0.9,0.4,1.1,2.7,5.0,2013-2014
579,167,John Salmons,SG,34,TOR,6,0,12.8,0.8,2.8,.294,0.3,2.0,.167,0.5,0.8,.600,.353,0.2,0.2,1.000,0.0,1.0,1.0,0.8,0.3,0.0,0.2,1.5,2.2,2013-2014
580,168,Dennis Schröder,PG,20,ATL,2,0,3.5,1.0,1.0,1.000,0.5,0.5,1.000,0.5,0.5,1.000,1.250,0.0,0.0,0,0.0,1.0,1.0,0.0,0.0,0.0,0.0,0.5,2.5,2013-2014
581,169,Luis Scola,PF,33,IND,18,0,13.5,2.7,5.8,.457,0.1,0.2,.333,2.6,5.7,.461,.462,0.7,1.2,.591,0.6,1.7,2.3,0.5,0.3,0.2,0.4,1.6,6.1,2013-2014
582,170,Mike Scott,PF,25,ATL,7,0,20.9,3.3,9.0,.365,1.4,4.4,.323,1.9,4.6,.406,.444,1.4,2.0,.714,0.4,2.1,2.6,0.4,0.1,0.0,0.3,1.6,9.4,2013-2014
583,171,Thabo Sefolosha,SG,29,OKC,15,13,15.7,1.5,3.7,.418,0.4,1.5,.261,1.1,2.1,.531,.473,0.3,0.3,.800,0.5,1.6,2.1,0.7,0.7,0.0,0.5,0.7,3.7,2013-2014
584,172,Kevin Séraphin,C,24,WAS,4,0,1.5,0.0,0.8,.000,0.0,0.0,0,0.0,0.8,.000,.000,0.0,0.0,0,0.3,0.3,0.5,0.0,0.0,0.0,0.3,0.3,0.0,2013-2014
585,173,Donald Sloan,SG,26,IND,4,0,3.8,0.5,1.8,.286,0.3,1.0,.250,0.3,0.8,.333,.357,0.5,1.0,.500,0.0,0.3,0.3,0.8,0.3,0.0,0.5,0.0,1.8,2013-2014
586,174,Tony Snell,SG,22,CHI,5,0,9.2,0.4,1.8,.222,0.0,1.0,.000,0.4,0.8,.500,.222,0.0,0.0,0,0.0,1.2,1.2,0.4,0.2,0.2,0.2,1.0,0.8,2013-2014
587,175,Marreese Speights,C,26,GSW,7,0,9.7,2.7,5.1,.528,0.0,0.0,0,2.7,5.1,.528,.528,0.9,1.7,.500,1.3,1.9,3.1,0.4,0.3,0.6,0.3,1.7,6.3,2013-2014
588,176,Tiago Splitter,C,29,SAS,23,18,22.4,2.7,4.3,.610,0.0,0.0,.000,2.7,4.3,.616,.610,2.2,3.1,.718,2.0,4.1,6.1,2.0,0.7,0.5,0.8,2.3,7.5,2013-2014
589,177,Lance Stephenson,SG,23,IND,19,19,37.1,5.3,11.6,.455,1.3,3.5,.358,4.0,8.1,.497,.509,1.8,2.6,.714,1.3,5.6,6.9,4.2,0.8,0.2,2.4,2.9,13.6,2013-2014
590,178,Jeff Teague,PG,25,ATL,7,7,34.6,6.3,16.0,.393,1.3,3.9,.333,5.0,12.1,.412,.433,5.4,5.7,.950,0.7,3.0,3.7,5.0,1.0,0.6,3.0,2.1,19.3,2013-2014
591,179,Mirza Teletović,SF,28,BRK,12,0,18.3,3.0,6.8,.439,1.6,4.7,.339,1.4,2.2,.654,.555,0.7,1.0,.667,1.3,2.1,3.3,0.3,0.4,0.2,0.4,1.2,8.3,2013-2014
592,180,Garrett Temple,SG,27,WAS,10,0,0.9,0.2,0.2,1.000,0.1,0.1,1.000,0.1,0.1,1.000,1.250,0.0,0.0,0,0.0,0.0,0.0,0.0,0.0,0.0,0.1,0.5,0.5,2013-2014
593,181,Hasheem Thabeet,C,26,OKC,2,0,3.5,0.0,0.0,0,0.0,0.0,0,0.0,0.0,0,0,0.0,0.0,0,0.0,0.0,0.0,0.0,0.0,0.0,0.0,2.0,0.0,2013-2014
594,182,Klay Thompson,SG,23,GSW,7,7,36.7,5.7,14.0,.408,2.3,6.3,.364,3.4,7.7,.444,.490,2.7,3.4,.792,0.6,2.9,3.4,3.6,1.0,0.7,2.1,3.4,16.4,2013-2014
595,183,Marcus Thornton,SG,26,BRK,10,0,12.4,2.1,5.4,.389,0.5,2.1,.238,1.6,3.3,.485,.435,1.2,1.8,.667,0.7,1.2,1.9,0.1,0.2,0.1,0.2,0.4,5.9,2013-2014
596,184,Anthony Tolliver,PF,28,CHA,4,0,5.3,0.3,0.5,.500,0.3,0.5,.500,0.0,0.0,0,.750,0.8,0.8,1.000,0.3,0.8,1.0,0.3,0.0,0.0,0.0,0.5,1.5,2013-2014
597,185,Hedo Türkoğlu,SF,34,LAC,5,0,8.2,1.2,2.6,.462,0.8,2.0,.400,0.4,0.6,.667,.615,0.0,0.0,0,0.0,1.0,1.0,0.2,0.6,0.0,0.0,0.6,3.2,2013-2014
598,186,Evan Turner,SF,25,IND,12,0,12.4,1.3,2.9,.429,0.3,0.6,.571,0.9,2.3,.393,.486,0.4,0.4,1.000,0.0,2.2,2.2,1.6,0.3,0.0,0.9,0.8,3.3,2013-2014
599,187,Beno Udrih,SG,31,MEM,7,0,16.4,3.0,6.4,.467,0.6,1.7,.333,2.4,4.7,.515,.511,1.3,1.9,.692,0.3,1.4,1.7,1.7,0.4,0.0,1.3,1.6,7.9,2013-2014
600,188,Jonas Valančiūnas,C,21,TOR,7,7,28.6,4.4,7.0,.633,0.0,0.0,0,4.4,7.0,.633,.633,2.0,3.1,.636,2.7,7.0,9.7,0.3,0.0,1.0,2.7,3.1,10.9,2013-2014
601,189,Greivis Vásquez,PG,27,TOR,7,0,27.1,3.9,9.1,.422,1.4,3.9,.370,2.4,5.3,.459,.500,1.0,1.3,.778,0.4,3.3,3.7,5.1,0.6,0.1,1.4,3.1,10.1,2013-2014
602,190,Dwyane Wade,SG,32,MIA,20,20,34.7,7.0,13.9,.500,0.5,1.2,.375,6.5,12.7,.512,.516,3.5,4.5,.767,0.8,3.1,3.9,3.9,1.5,0.3,2.7,2.8,17.8,2013-2014
603,191,Kemba Walker,PG,23,CHA,4,4,38.3,6.5,13.8,.473,3.0,6.0,.500,3.5,7.8,.452,.582,3.5,4.5,.778,0.3,3.5,3.8,6.0,2.0,0.8,3.8,1.5,19.5,2013-2014
604,192,John Wall,PG,23,WAS,11,11,38.2,5.5,14.9,.366,0.6,2.9,.219,4.8,12.0,.402,.387,4.7,6.2,.765,0.5,3.5,4.0,7.1,1.6,0.7,3.3,2.6,16.3,2013-2014
605,193,C.J. Watson,PG,29,IND,19,0,18.0,1.9,4.7,.411,0.8,2.1,.400,1.1,2.6,.420,.500,0.9,1.5,.607,0.2,1.9,2.1,0.9,0.8,0.1,0.7,1.5,5.6,2013-2014
606,194,Earl Watson,PG,34,POR,4,0,3.5,0.0,0.3,.000,0.0,0.3,.000,0.0,0.0,0,.000,0.0,0.0,0,0.0,0.3,0.3,0.3,0.0,0.0,0.3,0.3,0.0,2013-2014
607,195,Martell Webster,SF,27,WAS,11,0,17.7,1.4,3.7,.366,0.5,2.4,.231,0.8,1.4,.600,.439,0.5,0.8,.667,0.4,1.9,2.3,0.5,0.4,0.5,0.4,1.3,3.8,2013-2014
608,196,David West,PF,33,IND,19,19,36.2,6.4,12.9,.494,0.1,0.5,.200,6.3,12.4,.506,.498,2.3,3.2,.705,1.3,5.5,6.7,3.9,0.7,0.8,2.3,3.0,15.1,2013-2014
609,197,Russell Westbrook,PG,25,OKC,19,19,38.7,8.8,20.9,.420,1.5,5.3,.280,7.3,15.7,.466,.455,7.6,8.6,.884,2.4,4.9,7.3,8.1,2.2,0.3,4.4,3.3,26.7,2013-2014
610,198,D.J. White,PF,27,CHA,1,0,3.0,0.0,0.0,0,0.0,0.0,0,0.0,0.0,0,0,0.0,0.0,0,0.0,2.0,2.0,0.0,0.0,0.0,1.0,0.0,0.0,2013-2014
611,199,Deron Williams,PG,29,BRK,12,12,35.7,5.0,12.7,.395,1.5,4.4,.340,3.5,8.3,.424,.454,3.0,3.8,.800,0.6,2.6,3.2,5.8,1.1,0.2,2.3,2.6,14.5,2013-2014
612,200,Lou Williams,PG,27,ATL,7,0,19.0,2.7,7.1,.380,0.7,2.3,.313,2.0,4.9,.412,.430,2.1,2.3,.938,0.0,2.3,2.3,1.1,1.0,0.1,1.9,1.4,8.3,2013-2014
613,201,Mo Williams,PG,31,POR,8,0,23.4,2.8,7.4,.373,0.6,2.6,.238,2.1,4.8,.447,.415,1.3,1.4,.909,0.3,1.3,1.5,1.9,0.4,0.0,1.8,3.0,7.4,2013-2014
614,202,Brandan Wright,C,26,DAL,6,0,15.0,2.5,3.0,.833,0.0,0.0,0,2.5,3.0,.833,.833,0.5,1.0,.500,0.8,1.2,2.0,1.3,0.3,1.0,0.3,1.3,5.5,2013-2014
615,203,Dorell Wright,SF,28,POR,8,0,11.0,0.9,2.4,.368,0.5,1.5,.333,0.4,0.9,.429,.474,1.4,1.9,.733,0.3,1.8,2.0,0.4,0.4,1.1,0.6,1.0,3.6,2013-2014
616,204,Cody Zeller,C,21,CHA,4,0,13.3,0.8,2.3,.333,0.0,0.0,0,0.8,2.3,.333,.333,0.5,1.0,.500,1.3,1.0,2.3,0.5,0.0,0.8,0.5,0.8,2.0,2013-2014
617,1,Jordan Adams,SG,20,MEM,4,0,2.5,0.5,0.8,.667,0.3,0.3,1.000,0.3,0.5,.500,.833,0.5,1.0,.500,0.0,0.3,0.3,0.0,0.3,0.0,0.0,0.0,1.8,2014-2015
618,2,Arron Afflalo,SG,29,POR,3,3,20.0,0.7,4.0,.167,0.3,1.3,.250,0.3,2.7,.125,.208,0.0,0.3,.000,0.0,2.3,2.3,0.7,0.0,0.0,1.0,2.0,1.7,2014-2015
619,3,Alexis Ajinça,C,26,NOP,3,0,3.3,1.3,1.3,1.000,0.0,0.0,0,1.3,1.3,1.000,1.000,0.0,0.0,0,0.0,0.3,0.3,0.3,0.3,0.0,0.0,0.7,2.7,2014-2015
620,4,LaMarcus Aldridge,PF,29,POR,5,5,41.6,7.4,22.4,.330,0.6,2.2,.273,6.8,20.2,.337,.344,6.4,7.2,.889,4.2,7.0,11.2,1.8,0.4,2.4,1.6,3.2,21.8,2014-2015
621,5,Tony Allen,SG,33,MEM,10,9,27.9,2.8,5.7,.491,0.1,0.7,.143,2.7,5.0,.540,.500,0.9,1.2,.750,1.4,3.8,5.2,1.5,2.4,1.1,1.3,2.7,6.6,2014-2015
622,6,Al-Farouq Aminu,SF,24,DAL,5,2,30.0,3.4,6.2,.548,1.4,2.2,.636,2.0,4.0,.500,.661,3.0,3.8,.789,2.8,4.4,7.2,1.2,2.0,1.6,1.2,3.0,11.2,2014-2015
623,7,Alan Anderson,SG,32,BRK,6,0,23.7,4.2,6.8,.610,1.7,2.7,.625,2.5,4.2,.600,.732,1.0,1.5,.667,0.3,3.2,3.5,1.2,0.7,0.2,1.3,1.5,11.0,2014-2015
624,8,Ryan Anderson,PF,26,NOP,4,0,23.8,4.0,9.0,.444,1.3,3.0,.417,2.8,6.0,.458,.514,1.5,1.5,1.000,1.8,2.5,4.3,2.3,0.0,0.5,1.0,3.0,10.8,2014-2015
625,9,Giannis Antetokounmpo,SG,20,MIL,6,6,33.5,4.3,11.8,.366,0.0,0.2,.000,4.3,11.7,.371,.366,2.8,3.8,.739,2.0,5.0,7.0,2.7,0.5,1.5,1.8,3.0,11.5,2014-2015
626,10,Pero Antić,C,32,ATL,15,1,13.3,1.1,3.3,.320,0.7,2.1,.344,0.3,1.2,.278,.430,1.3,1.7,.800,0.6,2.3,2.9,0.3,0.1,0.2,0.3,2.5,4.2,2014-2015
627,11,Trevor Ariza,SF,29,HOU,17,17,38.5,4.4,10.4,.426,2.1,5.6,.375,2.3,4.7,.488,.528,2.2,2.5,.905,1.1,5.4,6.4,2.6,1.8,0.1,1.4,3.0,13.2,2014-2015
628,12,Ömer Aşık,C,28,NOP,4,4,19.8,0.5,2.5,.200,0.0,0.0,0,0.5,2.5,.200,.200,1.0,1.8,.571,3.0,4.3,7.3,1.5,1.3,0.0,1.3,2.5,2.0,2014-2015
629,13,Jeff Ayres,PF,27,SAS,3,0,4.0,0.0,0.3,.000,0.0,0.0,0,0.0,0.3,.000,.000,0.0,0.0,0,0.0,1.0,1.0,0.7,0.0,0.0,0.0,0.0,0.0,2014-2015
630,14,Leandro Barbosa,SG,32,GSW,21,0,10.9,1.9,4.2,.443,0.4,1.1,.348,1.5,3.1,.477,.489,0.9,1.0,.818,0.4,0.9,1.3,0.9,0.3,0.0,0.6,1.1,5.0,2014-2015
631,15,J.J. Barea,PG,30,DAL,5,2,30.8,5.0,11.4,.439,0.8,3.2,.250,4.2,8.2,.512,.474,1.0,1.2,.833,1.0,3.8,4.8,7.4,0.8,0.0,2.8,3.4,11.8,2014-2015
632,16,Harrison Barnes,SF,22,GSW,21,21,32.4,4.2,9.5,.440,1.0,3.0,.355,3.1,6.6,.478,.495,1.2,1.6,.735,2.1,3.1,5.2,1.5,0.8,0.5,1.0,2.1,10.6,2014-2015
633,17,Matt Barnes,SF,34,LAC,14,14,29.2,2.7,7.1,.380,1.1,4.3,.267,1.6,2.9,.550,.460,1.1,1.4,.750,1.1,3.9,5.1,1.6,1.4,0.7,1.1,3.9,7.6,2014-2015
634,18,Brandon Bass,PF,29,BOS,4,4,21.5,1.8,5.0,.350,0.0,0.0,0,1.8,5.0,.350,.350,1.5,2.5,.600,0.8,1.3,2.0,2.5,0.3,0.8,0.8,1.0,5.0,2014-2015
635,19,Nicolas Batum,SF,26,POR,5,5,41.8,4.8,14.0,.343,2.6,7.8,.333,2.2,6.2,.355,.436,2.0,2.6,.769,1.2,7.4,8.6,5.2,0.2,0.2,2.4,2.2,14.2,2014-2015
636,20,Jerryd Bayless,PG,26,MIL,6,0,20.0,2.0,5.8,.343,0.3,1.2,.286,1.7,4.7,.357,.371,2.2,2.8,.765,0.7,1.8,2.5,3.0,0.3,0.3,0.7,2.0,6.5,2014-2015
637,21,Aron Baynes,C,28,SAS,4,0,10.0,0.8,2.5,.300,0.0,0.0,0,0.8,2.5,.300,.300,0.8,0.8,1.000,0.8,1.8,2.5,0.3,0.0,0.0,0.8,2.3,2.3,2014-2015
638,22,Kent Bazemore,SG,25,ATL,16,2,18.9,1.9,4.4,.423,0.4,1.8,.214,1.5,2.7,.558,.465,1.3,1.9,.677,0.2,3.1,3.3,0.8,0.7,0.6,0.7,1.6,5.4,2014-2015
639,23,Bradley Beal,SG,21,WAS,10,10,41.8,8.1,20.0,.405,2.3,6.3,.365,5.8,13.7,.423,.463,4.9,5.9,.831,1.4,4.1,5.5,4.6,1.6,0.7,2.6,1.9,23.4,2014-2015
640,24,Marco Belinelli,SG,28,SAS,7,0,16.6,2.9,5.6,.513,2.0,4.3,.467,0.9,1.3,.667,.692,1.6,1.9,.846,0.3,1.6,1.9,1.4,0.3,0.0,0.7,1.4,9.3,2014-2015
641,25,Steve Blake,PG,34,POR,5,0,8.6,0.4,2.2,.182,0.2,1.6,.125,0.2,0.6,.333,.227,0.4,0.4,1.000,0.0,0.2,0.2,1.6,0.0,0.2,0.4,0.8,1.4,2014-2015
642,26,Bojan Bogdanović,SF,25,BRK,6,5,34.3,3.8,9.8,.390,1.8,5.5,.333,2.0,4.3,.462,.483,0.8,1.2,.714,0.5,3.3,3.8,1.7,0.7,0.3,1.3,2.0,10.3,2014-2015
643,27,Andrew Bogut,C,30,GSW,19,18,23.2,2.2,3.9,.560,0.0,0.1,.000,2.2,3.9,.568,.560,0.3,0.7,.385,2.2,5.9,8.1,1.9,0.6,1.8,1.4,3.6,4.7,2014-2015
644,28,Matt Bonner,PF,34,SAS,7,0,5.1,0.3,1.4,.200,0.3,1.3,.222,0.0,0.1,.000,.300,0.0,0.0,0,0.0,0.9,0.9,0.1,0.0,0.1,0.1,1.1,0.9,2014-2015
645,29,Avery Bradley,SG,24,BOS,4,4,33.3,4.8,12.5,.380,1.3,4.8,.263,3.5,7.8,.452,.430,1.5,1.8,.857,0.8,3.0,3.8,0.8,0.8,0.0,0.8,3.3,12.3,2014-2015
646,30,Elton Brand,C,35,ATL,3,0,1.3,0.0,0.3,.000,0.0,0.0,0,0.0,0.3,.000,.000,0.3,0.7,.500,0.0,0.3,0.3,0.0,0.0,0.0,0.0,1.0,0.3,2014-2015
647,31,Corey Brewer,SF,28,HOU,17,0,25.2,4.2,9.8,.431,0.7,2.5,.286,3.5,7.4,.480,.467,2.1,3.2,.636,0.6,2.1,2.8,1.1,0.6,0.2,0.9,2.8,11.2,2014-2015
648,32,Aaron Brooks,PG,30,CHI,12,0,11.0,1.8,5.1,.344,0.7,2.2,.308,1.1,2.9,.371,.410,0.3,0.6,.571,0.3,1.3,1.5,0.9,0.3,0.1,0.8,1.3,4.5,2014-2015
649,33,Markel Brown,SG,23,BRK,2,1,5.0,1.0,2.5,.400,0.0,1.0,.000,1.0,1.5,.667,.400,1.0,1.0,1.000,1.0,0.0,1.0,0.5,0.0,0.0,1.0,0.0,3.0,2014-2015
650,34,Jimmy Butler,SG,25,CHI,12,12,42.2,7.8,17.8,.441,2.3,6.0,.389,5.5,11.8,.468,.507,4.9,6.0,.819,1.5,4.1,5.6,3.2,2.4,0.8,1.8,2.3,22.9,2014-2015
651,35,Rasual Butler,SF,35,WAS,2,0,3.5,0.0,0.5,.000,0.0,0.5,.000,0.0,0.0,0,.000,0.0,0.0,0,0.0,0.5,0.5,0.5,0.0,0.0,0.0,1.0,0.0,2014-2015
652,36,Will Bynum,SG,32,WAS,3,0,10.3,2.3,4.7,.500,0.3,0.7,.500,2.0,4.0,.500,.536,1.3,1.7,.800,0.7,0.3,1.0,1.0,0.7,0.3,1.7,2.0,6.3,2014-2015
653,37,Nick Calathes,SG,25,MEM,9,3,14.0,1.3,4.0,.333,0.7,1.4,.462,0.7,2.6,.261,.417,0.3,0.9,.375,0.1,1.7,1.8,1.8,1.0,0.1,1.1,1.7,3.7,2014-2015
654,38,Clint Capela,C,20,HOU,17,0,7.5,1.2,1.8,.677,0.0,0.0,0,1.2,1.8,.677,.677,0.9,1.7,.517,0.8,1.7,2.5,0.3,0.2,0.5,0.2,1.1,3.4,2014-2015
655,39,DeMarre Carroll,SF,28,ATL,16,16,34.9,5.4,11.1,.486,1.8,4.5,.403,3.6,6.6,.543,.568,2.0,2.6,.780,1.6,4.4,6.1,2.0,1.1,0.3,0.9,2.3,14.6,2014-2015
656,40,Vince Carter,SG,38,MEM,11,0,17.8,2.5,6.1,.403,0.6,2.5,.250,1.8,3.5,.513,.455,0.7,0.8,.889,1.2,3.1,4.3,1.0,0.6,0.2,0.6,1.5,6.3,2014-2015
657,41,Michael Carter-Williams,PG,23,MIL,6,6,31.8,5.5,13.0,.423,0.0,0.8,.000,5.5,12.2,.452,.423,1.2,2.0,.583,0.2,4.3,4.5,4.8,1.2,1.0,2.7,2.3,12.2,2014-2015
658,42,Tyson Chandler,C,32,DAL,5,5,32.0,3.8,5.8,.655,0.0,0.0,0,3.8,5.8,.655,.655,2.6,5.2,.500,5.4,5.4,10.8,0.2,0.6,1.2,1.0,3.2,10.2,2014-2015
659,43,Earl Clark,PF,27,BRK,2,0,6.5,1.0,5.0,.200,1.0,1.5,.667,0.0,3.5,.000,.300,0.0,0.0,0,0.0,1.0,1.0,0.0,0.5,0.0,0.0,0.5,3.0,2014-2015
660,44,Norris Cole,PG,26,NOP,4,0,26.5,3.8,9.0,.417,0.8,3.5,.214,3.0,5.5,.545,.458,0.5,0.8,.667,0.3,1.5,1.8,1.8,0.0,0.3,2.0,3.8,8.8,2014-2015
661,45,Mike Conley,PG,27,MEM,8,8,30.4,5.1,12.0,.427,1.3,4.1,.303,3.9,7.9,.492,.479,2.9,3.5,.821,0.0,1.1,1.1,5.0,1.4,0.0,1.5,1.3,14.4,2014-2015
662,46,Allen Crabbe,SG,22,POR,2,1,19.5,2.0,2.5,.800,1.0,1.0,1.000,1.0,1.5,.667,1.000,0.0,0.0,0,0.0,1.5,1.5,0.5,1.0,0.5,0.5,0.5,5.0,2014-2015
663,47,Jamal Crawford,SG,34,LAC,14,0,27.1,4.8,13.3,.360,1.3,5.3,.243,3.5,8.0,.438,.409,1.9,2.1,.867,0.4,1.7,2.1,1.9,0.9,0.2,1.2,2.4,12.7,2014-2015
664,48,Jae Crowder,SF,24,BOS,4,1,25.0,3.8,7.3,.517,0.8,2.5,.300,3.0,4.8,.632,.569,2.5,3.3,.769,2.0,3.0,5.0,2.0,1.0,0.8,1.3,3.5,10.8,2014-2015
665,49,Dante Cunningham,PF,27,NOP,4,0,18.8,2.3,2.8,.818,0.0,0.0,0,2.3,2.8,.818,.818,0.8,0.8,1.000,1.0,3.5,4.5,0.5,0.8,1.0,0.0,1.8,5.3,2014-2015
666,50,Stephen Curry,PG,26,GSW,21,21,39.3,9.5,20.9,.456,4.7,11.0,.422,4.9,9.9,.493,.567,4.6,5.5,.835,1.0,4.0,5.0,6.4,1.9,0.1,3.9,2.2,28.3,2014-2015
667,51,Gigi Datome,SF,27,BOS,3,0,4.7,0.7,2.0,.333,0.0,0.7,.000,0.7,1.3,.500,.333,0.0,0.0,0,0.0,0.3,0.3,0.3,0.0,0.0,0.0,1.3,1.3,2014-2015
668,52,Anthony Davis,PF,21,NOP,4,4,43.0,11.8,21.8,.540,0.0,0.5,.000,11.8,21.3,.553,.540,8.0,9.0,.889,2.3,8.8,11.0,2.0,1.3,3.0,3.3,3.0,31.5,2014-2015
669,53,Glen Davis,PF,29,LAC,14,0,10.3,1.2,2.7,.447,0.0,0.1,.000,1.2,2.6,.459,.447,0.5,0.6,.778,0.6,1.3,1.9,0.2,0.4,0.4,0.6,2.4,2.9,2014-2015
670,54,Matthew Dellavedova,SG,24,CLE,20,7,24.9,2.4,6.8,.346,1.2,3.8,.316,1.2,3.0,.383,.434,1.3,1.6,.781,0.5,1.6,2.1,2.7,0.5,0.0,1.8,2.6,7.2,2014-2015
671,55,DeMar DeRozan,SG,25,TOR,4,4,39.8,8.0,20.0,.400,0.8,2.0,.375,7.3,18.0,.403,.419,3.5,4.3,.824,1.3,5.0,6.3,5.8,1.5,0.0,2.5,3.0,20.3,2014-2015
672,56,Boris Diaw,PF,32,SAS,7,0,28.3,4.9,10.1,.479,0.6,2.6,.222,4.3,7.6,.566,.507,1.3,1.9,.692,1.9,4.3,6.1,3.6,0.7,0.4,1.3,3.4,11.6,2014-2015
673,57,Joey Dorsey,PF,31,HOU,6,0,2.2,0.0,0.3,.000,0.0,0.0,0,0.0,0.3,.000,.000,0.2,0.3,.500,0.2,0.5,0.7,0.3,0.0,0.0,0.2,0.3,0.2,2014-2015
674,58,Jared Dudley,SG,29,MIL,6,0,18.3,2.3,5.0,.467,1.3,2.3,.571,1.0,2.7,.375,.600,0.7,1.2,.571,0.5,1.3,1.8,1.3,2.0,0.3,0.8,2.0,6.7,2014-2015
675,59,Tim Duncan,C,38,SAS,7,7,35.7,7.6,12.9,.589,0.0,0.1,.000,7.6,12.7,.596,.589,2.7,4.9,.559,2.7,8.4,11.1,3.3,1.3,1.4,1.0,3.7,17.9,2014-2015
676,60,Mike Dunleavy,SF,34,CHI,12,12,32.4,3.6,7.3,.489,2.3,4.7,.482,1.3,2.7,.500,.642,1.5,1.6,.947,0.6,3.4,4.0,2.6,0.8,0.4,1.3,2.6,10.9,2014-2015
677,61,Monta Ellis,SG,29,DAL,5,5,39.4,10.4,22.2,.468,2.2,6.0,.367,8.2,16.2,.506,.518,3.0,4.0,.750,0.8,2.4,3.2,5.2,2.0,0.6,3.2,3.6,26.0,2014-2015
678,62,Tyler Ennis,PG,20,MIL,1,0,16.0,2.0,9.0,.222,1.0,5.0,.200,1.0,4.0,.250,.278,0.0,0.0,0,3.0,1.0,4.0,3.0,0.0,0.0,0.0,1.0,5.0,2014-2015
679,63,Tyreke Evans,SG,25,NOP,4,4,31.3,3.5,10.8,.326,0.5,2.8,.182,3.0,8.0,.375,.349,2.5,4.3,.588,0.8,4.3,5.0,5.0,1.3,0.3,1.5,2.5,10.0,2014-2015
680,64,Festus Ezeli,C,25,GSW,20,0,9.2,1.4,2.5,.540,0.0,0.0,0,1.4,2.5,.540,.540,0.8,1.5,.552,1.2,1.9,3.1,0.3,0.1,0.5,0.6,1.3,3.5,2014-2015
681,65,Raymond Felton,PG,30,DAL,3,1,12.0,1.3,5.0,.267,0.0,1.3,.000,1.3,3.7,.364,.267,1.0,1.0,1.000,0.3,2.0,2.3,1.3,0.0,0.0,0.0,0.3,3.7,2014-2015
682,66,Tim Frazier,PG,24,POR,2,0,1.5,0.0,0.5,.000,0.0,0.0,0,0.0,0.5,.000,.000,0.0,0.0,0,0.0,0.0,0.0,0.0,0.0,0.0,0.5,0.0,0.0,2014-2015
683,67,Joel Freeland,C,27,POR,2,0,3.5,0.0,0.0,0,0.0,0.0,0,0.0,0.0,0,0,0.0,0.0,0,0.0,0.5,0.5,0.0,0.5,0.0,0.0,0.0,0.0,2014-2015
684,68,Marc Gasol,C,30,MEM,11,11,37.8,6.5,16.4,.394,0.0,0.2,.000,6.5,16.2,.399,.394,6.8,8.0,.852,1.7,8.5,10.3,4.5,0.9,1.7,1.5,3.0,19.7,2014-2015
685,69,Pau Gasol,PF,34,CHI,10,10,31.7,5.6,11.5,.487,0.0,0.4,.000,5.6,11.1,.505,.487,3.2,4.2,.762,1.7,7.7,9.4,3.1,0.5,2.1,2.1,1.8,14.4,2014-2015
686,70,Alonzo Gee,SF,27,POR,1,0,3.0,0.0,0.0,0,0.0,0.0,0,0.0,0.0,0,0,0.0,0.0,0,0.0,1.0,1.0,1.0,0.0,0.0,0.0,0.0,0.0,2014-2015
687,71,Taj Gibson,PF,29,CHI,12,2,23.0,2.8,6.0,.472,0.0,0.0,0,2.8,6.0,.472,.472,1.8,2.5,.700,2.1,3.4,5.5,1.0,0.3,1.0,0.9,2.1,7.4,2014-2015
688,72,Manu Ginóbili,SG,37,SAS,7,0,18.7,2.1,6.1,.349,1.1,3.1,.364,1.0,3.0,.333,.442,2.6,3.3,.783,0.6,2.9,3.4,4.6,0.6,0.9,2.0,2.7,8.0,2014-2015
689,73,Drew Gooden,PF,33,WAS,10,0,17.8,2.3,6.1,.377,1.2,2.6,.462,1.1,3.5,.314,.475,1.0,1.3,.769,1.3,4.2,5.5,0.8,0.2,1.0,1.4,2.1,6.8,2014-2015
690,74,Eric Gordon,SG,26,NOP,4,4,35.8,7.0,16.0,.438,3.3,8.0,.406,3.8,8.0,.469,.539,1.3,1.5,.833,0.8,1.8,2.5,3.8,0.5,0.5,2.5,2.8,18.5,2014-2015
691,75,Marcin Gortat,C,30,WAS,10,10,30.7,5.4,8.6,.628,0.0,0.0,0,5.4,8.6,.628,.628,1.6,2.4,.667,2.7,6.1,8.8,2.2,0.6,1.1,1.6,2.9,12.4,2014-2015
692,76,Danny Green,SG,27,SAS,7,7,29.1,3.0,8.7,.344,1.7,5.7,.300,1.3,3.0,.429,.443,0.6,0.9,.667,1.0,2.1,3.1,2.1,1.0,1.0,0.7,1.7,8.3,2014-2015
693,77,Draymond Green,PF,24,GSW,21,21,37.3,4.8,11.4,.417,1.1,4.3,.264,3.6,7.1,.510,.467,3.0,4.1,.736,2.2,7.9,10.1,5.2,1.8,1.2,2.8,4.2,13.7,2014-2015
694,78,JaMychal Green,PF,24,MEM,5,0,1.6,0.0,0.4,.000,0.0,0.2,.000,0.0,0.2,.000,.000,0.4,0.4,1.000,0.0,0.6,0.6,0.0,0.2,0.2,0.0,0.2,0.4,2014-2015
695,79,Jeff Green,SF,28,MEM,11,2,27.1,3.3,9.8,.333,0.4,1.6,.222,2.9,8.2,.356,.352,2.0,2.4,.846,0.8,3.9,4.7,1.7,0.5,0.5,1.5,1.6,8.9,2014-2015
696,80,Blake Griffin,PF,25,LAC,14,14,39.8,10.0,19.6,.511,0.1,0.5,.143,9.9,19.1,.521,.513,5.4,7.6,.717,2.7,10.0,12.7,6.1,1.0,1.0,3.2,3.1,25.5,2014-2015
697,81,Jorge Gutiérrez,PG,26,MIL,1,0,12.0,1.0,2.0,.500,0.0,0.0,0,1.0,2.0,.500,.500,0.0,0.0,0,0.0,1.0,1.0,1.0,0.0,0.0,0.0,1.0,2.0,2014-2015
698,82,Tyler Hansbrough,PF,29,TOR,4,2,12.0,0.3,1.3,.200,0.0,0.0,0,0.3,1.3,.200,.200,0.8,1.0,.750,0.3,1.3,1.5,0.8,0.5,0.3,0.5,2.0,1.3,2014-2015
699,83,James Harden,SG,25,HOU,17,17,37.4,7.6,17.3,.439,2.4,6.3,.383,5.2,11.0,.471,.509,9.6,10.5,.916,0.7,5.0,5.7,7.5,1.6,0.4,4.5,2.9,27.2,2014-2015
700,84,Devin Harris,PG,31,DAL,4,0,18.5,2.0,5.8,.348,0.0,2.8,.000,2.0,3.0,.667,.348,2.0,2.3,.889,0.3,1.8,2.0,1.0,0.5,0.0,1.0,2.5,6.0,2014-2015
701,85,Joe Harris,SG,23,CLE,6,0,2.7,0.3,1.0,.333,0.2,0.5,.333,0.2,0.5,.333,.417,0.5,0.7,.750,0.0,0.2,0.2,0.2,0.0,0.0,0.2,0.2,1.3,2014-2015
702,86,Spencer Hawes,PF,26,LAC,8,0,7.1,1.1,2.1,.529,0.4,0.8,.500,0.8,1.4,.545,.618,0.3,0.3,1.000,0.4,1.3,1.6,0.6,0.3,0.4,0.1,1.5,2.9,2014-2015
703,87,Brendan Haywood,C,35,CLE,1,0,2.0,0.0,1.0,.000,0.0,0.0,0,0.0,1.0,.000,.000,0.0,0.0,0,0.0,0.0,0.0,0.0,0.0,0.0,0.0,0.0,0.0,2014-2015
704,88,John Henson,C,24,MIL,6,0,25.5,4.0,6.8,.585,0.0,0.2,.000,4.0,6.7,.600,.585,0.8,2.3,.357,3.5,4.5,8.0,0.7,0.8,1.7,1.8,2.3,8.8,2014-2015
705,89,Nenê,PF,32,WAS,10,10,25.7,3.4,7.6,.447,0.0,0.0,0,3.4,7.6,.447,.447,1.1,2.3,.478,2.5,4.1,6.6,1.5,0.9,0.3,1.4,3.2,7.9,2014-2015
706,90,Kirk Hinrich,SG,34,CHI,10,0,12.6,0.9,1.9,.474,0.6,1.0,.600,0.3,0.9,.333,.632,0.2,0.3,.667,0.0,0.5,0.5,1.1,0.3,0.1,0.1,1.4,2.6,2014-2015
707,91,Jrue Holiday,PG,24,NOP,3,0,18.3,2.3,6.3,.368,0.3,1.3,.250,2.0,5.0,.400,.395,1.3,1.3,1.000,0.7,0.3,1.0,4.3,0.7,0.3,1.7,1.0,6.3,2014-2015
708,92,Justin Holiday,SG,25,GSW,5,0,2.2,0.2,0.4,.500,0.2,0.2,1.000,0.0,0.2,.000,.750,0.0,0.0,0,0.0,0.2,0.2,0.2,0.0,0.0,0.4,0.2,0.6,2014-2015
709,93,Al Horford,C,28,ATL,16,16,32.6,6.7,13.2,.507,0.1,0.6,.222,6.6,12.6,.520,.512,0.9,1.3,.750,2.5,6.1,8.6,3.7,0.8,1.4,1.6,2.1,14.4,2014-2015
710,94,Dwight Howard,C,29,HOU,17,17,33.8,6.2,10.7,.577,0.0,0.0,0,6.2,10.7,.577,.577,4.0,9.7,.412,3.6,10.4,14.0,1.2,1.4,2.3,2.2,3.5,16.4,2014-2015
711,95,Lester Hudson,SG,30,LAC,7,0,5.4,0.9,2.0,.429,0.3,1.0,.286,0.6,1.0,.571,.500,0.0,0.0,0,0.0,0.1,0.1,1.0,0.3,0.1,0.4,1.1,2.0,2014-2015
712,96,Kris Humphries,PF,29,WAS,1,0,5.0,1.0,1.0,1.000,0.0,0.0,0,1.0,1.0,1.000,1.000,0.0,0.0,0,0.0,3.0,3.0,0.0,0.0,0.0,0.0,1.0,2.0,2014-2015
713,97,Andre Iguodala,SF,31,GSW,21,3,30.2,3.9,8.1,.474,1.4,3.9,.354,2.5,4.2,.584,.558,1.3,3.1,.415,0.8,3.7,4.5,3.6,1.2,0.3,0.7,2.0,10.4,2014-2015
714,98,Ersan İlyasova,PF,27,MIL,6,6,23.7,3.3,10.2,.328,0.8,3.8,.217,2.5,6.3,.395,.369,1.2,1.7,.700,1.0,2.8,3.8,0.5,0.8,0.5,0.8,1.7,8.7,2014-2015
715,99,Kyrie Irving,PG,22,CLE,13,13,35.7,6.2,14.2,.438,2.1,4.6,.450,4.2,9.6,.432,.511,4.5,5.3,.841,0.8,2.8,3.6,3.8,1.3,0.8,1.5,2.2,19.0,2014-2015
716,100,Jarrett Jack,PG,31,BRK,6,0,25.5,4.7,9.0,.519,0.8,2.5,.333,3.8,6.5,.590,.565,2.2,2.2,1.000,0.3,3.8,4.2,4.5,1.2,0.2,3.3,2.3,12.3,2014-2015
717,101,Bernard James,C,29,DAL,1,0,2.0,0.0,0.0,0,0.0,0.0,0,0.0,0.0,0,0,0.0,0.0,0,0.0,0.0,0.0,0.0,0.0,0.0,0.0,0.0,0.0,2014-2015
718,102,LeBron James,SF,30,CLE,20,20,42.2,11.4,27.2,.417,1.3,5.5,.227,10.1,21.7,.465,.440,6.1,8.4,.731,1.9,9.5,11.3,8.5,1.7,1.1,4.1,2.9,30.1,2014-2015
719,103,Richard Jefferson,SF,34,DAL,4,2,12.8,1.3,3.5,.357,0.8,2.0,.375,0.5,1.5,.333,.464,0.5,0.5,1.000,0.0,0.5,0.5,0.3,0.5,0.0,0.8,2.3,3.8,2014-2015
720,104,John Jenkins,SG,23,ATL,4,0,5.3,1.0,1.5,.667,0.5,1.0,.500,0.5,0.5,1.000,.833,0.0,0.0,0,0.3,0.5,0.8,0.0,0.0,0.0,0.0,0.5,2.5,2014-2015
721,105,Jonas Jerebko,PF,27,BOS,4,0,17.0,1.3,3.8,.333,0.0,1.0,.000,1.3,2.8,.455,.333,0.3,0.5,.500,1.0,2.5,3.5,0.3,0.5,0.3,0.8,2.3,2.8,2014-2015
722,106,Amir Johnson,PF,27,TOR,4,2,28.0,5.0,7.3,.690,0.0,0.3,.000,5.0,7.0,.714,.690,1.5,3.0,.500,1.8,5.3,7.0,1.0,0.3,0.8,1.8,4.0,11.5,2014-2015
723,107,James Johnson,PF,27,TOR,2,0,6.0,1.0,3.0,.333,0.0,0.0,0,1.0,3.0,.333,.333,0.0,3.0,.000,0.0,1.0,1.0,0.5,0.0,0.0,0.0,0.0,2.0,2014-2015
724,108,Joe Johnson,SG,33,BRK,6,6,41.5,5.7,15.7,.362,2.0,6.8,.293,3.7,8.8,.415,.426,3.2,4.0,.792,0.8,6.8,7.7,4.8,1.2,0.0,0.8,2.7,16.5,2014-2015
725,109,Nick Johnson,SG,22,HOU,9,0,5.4,0.4,1.9,.235,0.1,0.8,.143,0.3,1.1,.300,.265,0.3,0.3,1.000,0.1,0.3,0.4,0.4,0.0,0.1,0.4,0.8,1.3,2014-2015
726,110,Dahntay Jones,SF,34,LAC,11,0,1.6,0.2,0.2,1.000,0.0,0.0,0,0.2,0.2,1.000,1.000,0.0,0.0,0,0.0,0.1,0.1,0.0,0.2,0.0,0.0,0.6,0.4,2014-2015
727,111,James Jones,SF,34,CLE,20,0,15.6,1.3,3.8,.347,1.1,3.2,.344,0.2,0.6,.364,.493,0.7,0.7,.929,0.1,1.4,1.5,0.5,0.4,0.2,0.3,2.1,4.4,2014-2015
728,112,Terrence Jones,PF,23,HOU,17,9,23.6,3.9,9.4,.421,0.2,1.1,.158,3.8,8.2,.457,.431,2.1,3.2,.667,1.7,3.1,4.8,1.0,0.5,0.7,0.9,1.8,10.2,2014-2015
729,113,DeAndre Jordan,C,26,LAC,14,14,34.4,4.1,5.8,.716,0.0,0.0,0,4.1,5.8,.716,.716,4.8,11.2,.427,3.5,9.9,13.4,1.1,1.1,2.4,1.2,3.0,13.1,2014-2015
730,114,Jerome Jordan,C,28,BRK,1,0,5.0,0.0,2.0,.000,0.0,0.0,0,0.0,2.0,.000,.000,0.0,0.0,0,1.0,1.0,2.0,0.0,0.0,0.0,1.0,0.0,0.0,2014-2015
731,115,Cory Joseph,PG,23,SAS,4,0,5.5,1.3,1.5,.833,0.0,0.0,0,1.3,1.5,.833,.833,0.3,0.5,.500,0.0,0.3,0.3,0.0,0.0,0.3,0.3,0.5,2.8,2014-2015
732,116,Chris Kaman,C,32,POR,3,0,12.3,1.3,2.7,.500,0.0,0.0,0,1.3,2.7,.500,.500,0.3,0.3,1.000,1.7,3.0,4.7,1.0,0.0,0.0,1.0,1.7,3.0,2014-2015
733,117,Kyle Korver,SG,33,ATL,14,14,37.6,3.7,9.5,.391,2.8,7.9,.355,0.9,1.6,.565,.538,0.9,1.1,.813,0.1,4.9,5.0,2.4,1.4,1.1,1.5,1.9,11.1,2014-2015
734,118,Kosta Koufos,C,25,MEM,11,0,11.5,1.5,2.8,.548,0.0,0.0,0,1.5,2.8,.548,.548,0.3,0.5,.600,1.7,1.8,3.5,0.4,0.4,0.5,0.1,1.3,3.4,2014-2015
735,119,Courtney Lee,SG,29,MEM,11,11,33.4,5.0,9.1,.550,1.3,2.7,.467,3.7,6.4,.586,.620,2.0,2.1,.957,0.3,2.3,2.5,2.2,1.1,0.0,1.2,2.2,13.3,2014-2015
736,120,David Lee,PF,31,GSW,13,0,8.2,1.2,3.1,.400,0.0,0.0,0,1.2,3.1,.400,.400,0.6,1.2,.533,0.8,1.8,2.6,0.6,0.2,0.2,0.2,1.3,3.1,2014-2015
737,121,Kawhi Leonard,SF,23,SAS,7,7,35.7,7.4,15.6,.477,1.6,3.7,.423,5.9,11.9,.494,.528,3.9,5.0,.771,1.9,5.6,7.4,2.6,1.1,0.6,2.1,2.6,20.3,2014-2015
738,122,Meyers Leonard,C,22,POR,5,0,21.2,2.8,4.2,.667,2.0,2.6,.769,0.8,1.6,.500,.905,0.2,0.4,.500,1.2,5.4,6.6,1.0,0.4,0.4,0.6,3.4,7.8,2014-2015
739,123,Jon Leuer,PF,25,MEM,4,0,2.3,0.5,1.0,.500,0.0,0.0,0,0.5,1.0,.500,.500,0.0,0.0,0,0.5,0.8,1.3,0.0,0.0,0.0,0.0,0.3,1.0,2014-2015
740,124,Damian Lillard,PG,24,POR,5,5,40.2,7.8,19.2,.406,1.0,6.2,.161,6.8,13.0,.523,.432,5.0,6.4,.781,0.4,3.6,4.0,4.6,0.4,0.6,2.4,3.0,21.6,2014-2015
741,125,Shaun Livingston,PG,29,GSW,21,0,17.9,2.0,3.8,.532,0.0,0.0,.000,2.0,3.7,.538,.532,1.0,1.2,.840,0.6,1.8,2.4,1.8,0.4,0.2,1.0,1.5,5.0,2014-2015
742,126,Brook Lopez,C,26,BRK,6,6,39.0,7.2,14.5,.494,0.0,0.0,0,7.2,14.5,.494,.494,5.5,6.7,.825,3.3,5.7,9.0,0.8,0.7,2.2,1.0,3.0,19.8,2014-2015
743,127,Robin Lopez,C,26,POR,5,5,23.4,1.8,3.0,.600,0.0,0.0,0,1.8,3.0,.600,.600,1.6,1.6,1.000,1.8,2.6,4.4,0.6,0.2,1.0,1.0,3.0,5.2,2014-2015
744,128,Kevin Love,PF,26,CLE,4,4,26.8,4.3,10.3,.415,2.3,5.3,.429,2.0,5.0,.400,.524,3.5,4.8,.737,1.5,5.5,7.0,2.5,0.3,0.5,1.5,3.0,14.3,2014-2015
745,129,Kyle Lowry,PG,28,TOR,4,4,32.8,4.5,14.3,.316,1.3,5.8,.217,3.3,8.5,.382,.360,2.0,2.8,.727,1.8,3.8,5.5,4.8,1.3,0.0,3.0,4.5,12.3,2014-2015
746,130,Shelvin Mack,PG,24,ATL,10,0,9.9,1.5,3.9,.385,0.6,2.1,.286,0.9,1.8,.500,.462,0.3,0.6,.500,0.2,0.9,1.1,1.0,0.8,0.0,0.2,0.7,3.9,2014-2015
747,131,Shawn Marion,SF,36,CLE,6,0,4.2,0.2,1.0,.167,0.0,0.0,0,0.2,1.0,.167,.167,0.0,0.0,0,0.3,0.7,1.0,0.2,0.3,0.0,0.0,0.2,0.3,2014-2015
748,132,O.J. Mayo,SG,27,MIL,6,0,26.0,3.0,9.0,.333,1.0,3.2,.316,2.0,5.8,.343,.389,2.0,2.0,1.000,0.2,3.2,3.3,3.0,1.2,0.2,1.5,2.3,9.0,2014-2015
749,133,James Michael McAdoo,PF,22,GSW,5,0,2.0,0.4,0.6,.667,0.0,0.0,0,0.4,0.6,.667,.667,0.0,0.0,0,0.2,0.6,0.8,0.0,0.0,0.2,0.2,0.0,0.8,2014-2015
750,134,CJ McCollum,SG,23,POR,5,1,33.2,6.4,13.4,.478,2.2,4.6,.478,4.2,8.8,.477,.560,2.0,2.6,.769,0.2,3.8,4.0,0.4,1.2,0.2,1.2,2.6,17.0,2014-2015
751,135,Doug McDermott,SF,23,CHI,3,0,3.3,0.3,1.0,.333,0.3,0.7,.500,0.0,0.3,.000,.500,0.7,0.7,1.000,0.3,0.3,0.7,0.3,0.0,0.0,0.3,0.0,1.7,2014-2015
752,136,Khris Middleton,SF,23,MIL,6,6,38.7,5.8,15.3,.380,1.8,5.7,.324,4.0,9.7,.414,.440,2.3,2.5,.933,1.2,2.5,3.7,2.0,2.3,0.5,1.7,2.3,15.8,2014-2015
753,137,Mike Miller,SF,34,CLE,9,1,7.2,0.3,0.6,.600,0.3,0.6,.600,0.0,0.0,0,.900,0.0,0.0,0,0.0,1.1,1.1,0.0,0.1,0.1,0.1,0.7,1.0,2014-2015
754,138,Patty Mills,PG,26,SAS,7,0,16.0,3.0,6.0,.500,2.3,4.0,.571,0.7,2.0,.357,.690,1.9,1.9,1.000,0.6,2.1,2.7,1.1,0.3,0.0,0.7,2.1,10.1,2014-2015
755,139,Paul Millsap,PF,29,ATL,16,15,35.4,5.3,13.1,.407,0.9,3.1,.306,4.4,10.0,.438,.443,3.6,4.9,.744,2.3,6.4,8.7,3.4,1.6,0.9,2.1,3.3,15.2,2014-2015
756,140,Nikola Mirotić,PF,23,CHI,11,0,14.9,1.8,6.0,.303,0.6,2.7,.233,1.2,3.3,.361,.356,1.5,1.8,.800,0.6,2.1,2.7,0.8,0.5,0.5,0.7,2.0,5.7,2014-2015
757,141,Nazr Mohammed,C,37,CHI,3,0,4.7,0.7,2.3,.286,0.0,0.3,.000,0.7,2.0,.333,.286,0.0,0.0,0,1.0,0.7,1.7,0.0,0.0,0.3,0.0,0.0,1.3,2014-2015
758,142,E'Twaun Moore,SG,25,CHI,3,0,3.0,0.7,2.0,.333,0.3,0.3,1.000,0.3,1.7,.200,.417,0.0,0.0,0,0.0,1.0,1.0,0.0,0.7,0.0,0.0,0.3,1.7,2014-2015
759,143,Darius Morris,PG,24,BRK,1,0,5.0,0.0,1.0,.000,0.0,0.0,0,0.0,1.0,.000,.000,0.0,0.0,0,0.0,0.0,0.0,0.0,0.0,0.0,0.0,0.0,0.0,2014-2015
760,144,Timofey Mozgov,C,28,CLE,20,20,26.5,3.7,7.4,.500,0.0,0.0,0,3.7,7.4,.500,.500,3.2,4.1,.790,2.9,4.5,7.3,0.7,0.4,1.8,1.9,2.9,10.6,2014-2015
761,145,Mike Muscala,PF,23,ATL,10,0,10.2,2.0,3.3,.606,0.2,0.8,.250,1.8,2.5,.720,.636,0.0,0.0,0,0.8,1.0,1.8,0.1,0.1,0.3,0.4,1.3,4.2,2014-2015
762,146,Joakim Noah,C,29,CHI,12,12,32.9,2.6,6.3,.408,0.0,0.0,0,2.6,6.3,.408,.408,0.6,1.7,.350,3.8,7.3,11.0,3.2,0.8,1.2,1.7,3.1,5.8,2014-2015
763,147,Dirk Nowitzki,PF,36,DAL,5,5,36.2,7.6,16.8,.452,0.8,3.4,.235,6.8,13.4,.507,.476,5.2,5.6,.929,0.8,9.6,10.4,2.4,0.4,0.4,2.0,3.2,21.2,2014-2015
764,148,Johnny O'Bryant,PF,21,MIL,1,0,12.0,3.0,8.0,.375,0.0,0.0,0,3.0,8.0,.375,.375,0.0,0.0,0,1.0,2.0,3.0,0.0,0.0,0.0,0.0,1.0,6.0,2014-2015
765,149,Kelly Olynyk,C,23,BOS,4,0,13.3,1.8,3.3,.538,0.8,1.5,.500,1.0,1.8,.571,.654,0.3,0.5,.500,0.5,0.8,1.3,0.5,0.5,0.5,1.0,3.0,4.5,2014-2015
766,150,Zaza Pachulia,C,30,MIL,6,6,21.5,2.7,6.7,.400,0.0,0.0,0,2.7,6.7,.400,.400,1.3,2.2,.615,1.8,4.8,6.7,1.5,1.7,0.5,0.8,2.5,6.7,2014-2015
767,151,Kostas Papanikolaou,SF,24,HOU,8,0,2.6,0.1,0.5,.250,0.0,0.4,.000,0.1,0.1,1.000,.250,0.1,0.3,.500,0.0,0.3,0.3,0.0,0.0,0.0,0.6,0.5,0.4,2014-2015
768,152,Tony Parker,PG,32,SAS,7,7,30.0,4.7,13.0,.363,0.0,1.3,.000,4.7,11.7,.402,.363,1.4,2.4,.588,0.6,2.7,3.3,3.6,0.3,0.0,1.6,2.0,10.9,2014-2015
769,153,Chandler Parsons,SF,26,DAL,1,1,37.0,5.0,15.0,.333,0.0,4.0,.000,5.0,11.0,.455,.333,0.0,0.0,0,0.0,6.0,6.0,2.0,0.0,0.0,1.0,1.0,10.0,2014-2015
770,154,Patrick Patterson,PF,25,TOR,4,0,26.5,3.8,6.8,.556,1.8,3.8,.467,2.0,3.0,.667,.685,1.0,1.0,1.000,1.0,2.5,3.5,1.3,0.8,0.0,0.8,1.3,10.3,2014-2015
771,155,Chris Paul,PG,29,LAC,12,12,37.1,7.9,15.8,.503,2.3,5.4,.415,5.7,10.3,.548,.574,4.0,4.3,.941,0.6,3.8,4.4,8.8,1.8,0.3,2.2,3.1,22.1,2014-2015
772,156,Kendrick Perkins,C,30,CLE,8,0,4.1,0.3,1.0,.250,0.0,0.0,0,0.3,1.0,.250,.250,0.8,1.3,.600,0.3,0.9,1.1,0.0,0.0,0.4,0.5,0.8,1.3,2014-2015
773,157,Paul Pierce,SF,37,WAS,10,10,29.8,4.8,9.9,.485,3.3,6.3,.524,1.5,3.6,.417,.652,1.7,2.0,.850,0.0,4.2,4.2,0.9,0.6,0.7,1.0,3.3,14.6,2014-2015
774,158,Mason Plumlee,C,24,BRK,6,0,8.2,0.7,1.0,.667,0.0,0.0,0,0.7,1.0,.667,.667,0.7,1.8,.364,0.3,1.0,1.3,0.3,0.7,0.3,0.5,1.7,2.0,2014-2015
775,159,Miles Plumlee,C,26,MIL,1,0,16.0,1.0,8.0,.125,0.0,0.0,0,1.0,8.0,.125,.125,1.0,2.0,.500,3.0,3.0,6.0,1.0,0.0,1.0,1.0,1.0,3.0,2014-2015
776,160,Quincy Pondexter,SF,26,NOP,4,4,31.0,2.5,7.0,.357,0.8,2.5,.300,1.8,4.5,.389,.411,1.5,1.8,.857,0.8,4.3,5.0,3.0,1.8,0.0,0.3,3.3,7.3,2014-2015
777,161,Otto Porter Jr.,SF,21,WAS,10,0,33.1,3.9,8.8,.443,1.2,3.2,.375,2.7,5.6,.482,.511,1.0,2.1,.476,2.4,5.6,8.0,1.8,1.2,0.2,0.6,1.6,10.0,2014-2015
778,162,Dwight Powell,PF,23,DAL,2,0,1.5,0.0,0.5,.000,0.0,0.0,0,0.0,0.5,.000,.000,0.0,0.0,0,0.0,0.5,0.5,0.5,0.0,0.0,0.0,0.5,0.0,2014-2015
779,163,Phil Pressey,PG,23,BOS,2,0,2.5,0.0,1.5,.000,0.0,0.5,.000,0.0,1.0,.000,.000,0.0,0.0,0,0.5,0.0,0.5,0.0,0.0,0.5,0.0,0.5,0.0,2014-2015
780,164,Pablo Prigioni,PG,37,HOU,17,0,17.2,1.1,3.4,.333,0.7,2.4,.293,0.4,0.9,.438,.439,0.2,0.2,.750,0.4,0.8,1.1,2.3,0.9,0.0,0.7,2.4,3.1,2014-2015
781,165,Zach Randolph,PF,33,MEM,11,11,34.7,6.5,15.3,.423,0.1,0.5,.200,6.4,14.8,.429,.426,2.6,3.0,.879,2.9,5.5,8.5,2.1,0.5,0.0,2.1,3.4,15.6,2014-2015
782,166,JJ Redick,SG,30,LAC,14,14,38.6,5.0,11.5,.435,2.5,6.3,.398,2.5,5.2,.479,.543,2.4,2.5,.943,0.0,2.1,2.1,1.7,0.7,0.4,1.9,2.6,14.9,2014-2015
783,167,Austin Rivers,SG,22,LAC,14,2,17.9,3.3,7.5,.438,0.9,2.5,.371,2.4,5.0,.471,.500,0.9,1.4,.632,0.4,1.3,1.7,1.1,0.7,0.3,0.9,2.0,8.4,2014-2015
784,168,Rajon Rondo,PG,28,DAL,2,2,18.5,4.5,10.0,.450,0.5,1.0,.500,4.0,9.0,.444,.475,0.0,0.0,0,0.5,0.5,1.0,3.0,0.0,0.0,1.0,3.0,9.5,2014-2015
785,169,Derrick Rose,PG,26,CHI,12,12,37.8,7.8,19.6,.396,1.9,5.5,.348,5.8,14.1,.414,.445,2.9,3.3,.897,1.1,3.8,4.8,6.5,1.2,0.5,3.2,1.8,20.3,2014-2015
786,170,Terrence Ross,SF,23,TOR,4,4,26.8,2.8,7.3,.379,1.5,4.5,.333,1.3,2.8,.455,.483,0.0,0.0,0,0.0,1.5,1.5,1.0,0.8,1.0,0.5,2.5,7.0,2014-2015
787,171,Brandon Rush,SG,29,GSW,3,0,2.3,0.3,2.0,.167,0.3,0.7,.500,0.0,1.3,.000,.250,0.0,0.0,0,0.3,0.7,1.0,0.0,0.0,0.0,0.0,0.7,1.0,2014-2015
788,172,Dennis Schröder,PG,21,ATL,16,0,18.1,3.5,9.1,.386,0.5,2.1,.235,3.0,6.9,.432,.414,1.5,1.8,.857,0.3,1.5,1.8,3.9,0.6,0.0,1.7,1.8,9.0,2014-2015
789,173,Mike Scott,PF,26,ATL,11,0,15.6,1.9,5.0,.382,0.4,2.4,.154,1.5,2.6,.586,.418,0.4,0.4,1.000,1.5,2.7,4.2,0.5,0.5,0.0,0.6,1.5,4.5,2014-2015
790,174,Kevin Séraphin,C,25,WAS,6,0,12.0,2.5,5.2,.484,0.0,0.0,0,2.5,5.2,.484,.484,0.5,1.0,.500,0.5,2.7,3.2,0.3,0.3,0.2,0.7,1.7,5.5,2014-2015
791,175,Ramon Sessions,PG,28,WAS,10,3,21.8,2.6,7.0,.371,1.0,2.5,.400,1.6,4.5,.356,.443,1.3,1.9,.684,0.2,2.2,2.4,2.3,0.4,0.1,1.0,1.4,7.5,2014-2015
792,176,Iman Shumpert,SG,24,CLE,20,16,34.8,3.0,8.2,.360,1.7,4.7,.355,1.3,3.6,.366,.460,1.5,2.0,.750,1.2,3.8,4.9,1.2,1.3,0.8,0.7,2.5,9.1,2014-2015
793,177,Marcus Smart,PG,20,BOS,4,3,22.5,3.5,7.3,.483,0.8,3.3,.231,2.8,4.0,.688,.534,2.0,3.8,.533,1.3,1.5,2.8,1.3,0.3,0.3,1.0,3.0,9.8,2014-2015
794,178,Greg Smith,PF,24,DAL,1,0,1.0,0.0,0.0,0,0.0,0.0,0,0.0,0.0,0,0,0.0,0.0,0,0.0,0.0,0.0,0.0,0.0,0.0,0.0,0.0,0.0,2014-2015
795,179,J.R. Smith,SG,29,CLE,18,4,31.1,4.6,11.4,.403,2.8,7.9,.359,1.8,3.6,.500,.527,0.8,1.1,.700,0.5,4.2,4.7,1.2,0.9,0.6,0.8,3.0,12.8,2014-2015
796,180,Josh Smith,PF,29,HOU,17,8,23.3,5.0,11.4,.438,1.6,4.2,.380,3.4,7.2,.472,.508,1.9,4.4,.432,1.5,4.1,5.6,2.7,0.5,1.0,2.2,2.4,13.5,2014-2015
797,181,Russ Smith,PG,23,MEM,2,0,1.5,0.0,0.0,0,0.0,0.0,0,0.0,0.0,0,0,0.0,0.0,0,0.0,0.0,0.0,1.0,0.0,0.0,0.0,0.0,0.0,2014-2015
798,182,Tony Snell,SF,23,CHI,11,0,12.7,1.4,4.0,.341,0.8,2.5,.333,0.5,1.5,.353,.443,0.4,0.4,1.000,0.1,1.5,1.5,0.5,0.0,0.3,0.5,1.2,3.9,2014-2015
799,183,Marreese Speights,C,27,GSW,10,0,6.7,1.4,4.2,.333,0.0,0.0,0,1.4,4.2,.333,.333,0.9,1.5,.600,0.8,1.3,2.1,0.4,0.4,0.3,0.4,1.4,3.7,2014-2015
800,184,Tiago Splitter,C,30,SAS,7,7,17.6,1.3,3.4,.375,0.0,0.0,0,1.3,3.4,.375,.375,0.9,2.7,.316,1.9,2.6,4.4,1.3,0.6,0.1,1.0,2.4,3.4,2014-2015
801,185,Greg Stiemsma,C,29,TOR,1,0,2.0,2.0,2.0,1.000,0.0,0.0,0,2.0,2.0,1.000,1.000,1.0,2.0,.500,0.0,0.0,0.0,0.0,0.0,0.0,0.0,0.0,5.0,2014-2015
802,186,Amar'e Stoudemire,PF,32,DAL,5,0,15.0,3.0,7.0,.429,0.0,0.0,0,3.0,7.0,.429,.429,1.8,2.6,.692,1.4,1.8,3.2,0.6,0.2,0.6,1.4,3.2,7.8,2014-2015
803,187,Jared Sullinger,PF,22,BOS,4,0,20.0,5.3,9.5,.553,0.8,2.3,.333,4.5,7.3,.621,.592,1.0,1.8,.571,2.3,4.8,7.0,0.3,0.0,0.8,1.3,3.0,12.3,2014-2015
804,188,Jeff Teague,PG,26,ATL,16,16,33.1,6.1,14.9,.410,1.3,4.1,.323,4.8,10.9,.443,.454,3.3,3.8,.867,0.6,2.6,3.2,6.7,1.5,0.4,2.7,2.1,16.8,2014-2015
805,189,Mirza Teletović,PF,29,BRK,3,0,5.3,0.0,1.7,.000,0.0,1.3,.000,0.0,0.3,.000,.000,0.0,0.0,0,0.0,1.3,1.3,0.0,0.3,0.0,0.3,0.3,0.0,2014-2015
806,190,Garrett Temple,SG,28,WAS,4,0,6.5,0.3,1.5,.167,0.0,0.8,.000,0.3,0.8,.333,.167,1.3,2.0,.625,0.3,0.5,0.8,0.3,0.5,0.0,0.8,1.0,1.8,2014-2015
807,191,Jason Terry,SG,37,HOU,17,17,28.6,3.4,7.9,.425,1.7,4.8,.354,1.6,3.1,.538,.534,0.8,0.9,.813,0.4,1.9,2.2,2.8,0.9,0.1,1.2,2.7,9.2,2014-2015
808,192,Isaiah Thomas,PG,25,BOS,4,0,29.8,4.5,13.5,.333,0.8,4.5,.167,3.8,9.0,.417,.361,7.8,8.0,.969,0.3,2.8,3.0,7.0,0.8,0.0,3.5,2.5,17.5,2014-2015
809,193,Klay Thompson,SG,24,GSW,21,21,36.2,7.1,15.9,.446,2.7,7.0,.390,4.4,9.0,.489,.531,1.7,2.1,.800,0.4,3.4,3.9,2.6,0.8,0.9,2.0,3.0,18.6,2014-2015
810,194,Tristan Thompson,PF,23,CLE,20,15,36.4,3.6,6.5,.558,0.0,0.0,0,3.6,6.5,.558,.558,2.4,4.1,.585,4.4,6.4,10.8,0.5,0.3,1.2,0.8,2.5,9.6,2014-2015
811,195,Hedo Türkoğlu,SF,35,LAC,11,0,5.0,0.4,1.5,.235,0.2,1.2,.154,0.2,0.4,.500,.294,0.0,0.0,0,0.1,0.5,0.6,0.4,0.4,0.1,0.2,0.9,0.9,2014-2015
812,196,Evan Turner,SG,26,BOS,4,4,29.5,4.0,11.0,.364,0.5,1.0,.500,3.5,10.0,.350,.386,2.0,2.3,.889,0.5,6.8,7.3,4.8,0.8,0.0,2.3,2.8,10.5,2014-2015
813,197,Ekpe Udoh,PF,27,LAC,4,0,3.0,0.3,0.8,.333,0.0,0.0,0,0.3,0.8,.333,.333,0.0,0.0,0,0.0,0.8,0.8,0.0,0.0,0.0,0.0,0.8,0.5,2014-2015
814,198,Beno Udrih,PG,32,MEM,10,0,17.5,3.1,7.3,.425,0.4,1.6,.250,2.7,5.7,.474,.452,1.0,1.2,.833,0.4,1.6,2.0,2.1,0.5,0.0,0.4,1.6,7.6,2014-2015
815,199,Jonas Valančiūnas,C,22,TOR,4,4,26.5,4.8,9.5,.500,0.0,0.0,0,4.8,9.5,.500,.500,1.8,2.0,.875,2.3,7.0,9.3,0.5,0.5,0.3,1.0,1.8,11.3,2014-2015
816,200,Greivis Vásquez,PG,28,TOR,4,0,25.3,2.8,7.3,.379,1.3,3.5,.357,1.5,3.8,.400,.466,0.8,0.8,1.000,0.0,1.8,1.8,3.0,0.5,0.0,1.0,3.8,7.5,2014-2015
817,201,Charlie Villanueva,PF,30,DAL,5,0,8.6,2.2,5.0,.440,1.6,3.8,.421,0.6,1.2,.500,.600,0.0,0.0,0,0.8,1.8,2.6,0.6,0.2,0.2,0.0,2.0,6.0,2014-2015
818,202,John Wall,PG,24,WAS,7,7,39.0,6.1,15.7,.391,0.4,2.4,.176,5.7,13.3,.430,.405,4.7,5.6,.846,0.7,4.0,4.7,11.9,1.4,1.4,3.9,1.9,17.4,2014-2015
819,203,Gerald Wallace,SF,32,BOS,1,0,4.0,0.0,1.0,.000,0.0,0.0,0,0.0,1.0,.000,.000,0.0,0.0,0,0.0,1.0,1.0,0.0,0.0,0.0,0.0,0.0,0.0,2014-2015
820,204,Martell Webster,SF,28,WAS,1,0,4.0,1.0,2.0,.500,0.0,1.0,.000,1.0,1.0,1.000,.500,0.0,0.0,0,0.0,0.0,0.0,0.0,0.0,0.0,0.0,0.0,2.0,2014-2015
821,205,Deron Williams,PG,30,BRK,6,6,32.0,4.5,11.5,.391,1.8,4.3,.423,2.7,7.2,.372,.471,1.0,1.2,.857,0.5,5.7,6.2,5.5,1.3,0.0,2.7,3.0,11.8,2014-2015
822,206,Lou Williams,SG,28,TOR,4,0,25.5,4.0,12.8,.314,1.0,5.3,.190,3.0,7.5,.400,.353,3.8,4.5,.833,0.5,1.3,1.8,1.3,1.5,0.0,0.8,2.3,12.8,2014-2015
823,207,Thaddeus Young,PF,26,BRK,6,6,31.7,4.8,11.0,.439,0.0,0.7,.000,4.8,10.3,.468,.439,0.8,2.0,.417,2.8,4.3,7.2,2.7,0.8,0.2,2.3,2.5,10.5,2014-2015
824,208,Tyler Zeller,C,25,BOS,4,4,22.5,3.8,7.3,.517,0.0,0.0,0,3.8,7.3,.517,.517,1.0,1.3,.800,0.5,4.0,4.5,0.5,0.5,0.3,1.0,1.3,8.5,2014-2015
825,1,Steven Adams,C,22,OKC,18,18,30.7,3.8,6.2,.613,0.0,0.1,.000,3.8,6.1,.618,.613,2.6,4.1,.630,3.4,6.1,9.5,0.7,0.5,0.8,0.9,3.1,10.1,2015-2016
826,2,Cole Aldrich,C,27,LAC,6,0,12.8,1.7,2.5,.667,0.0,0.0,0,1.7,2.5,.667,.667,0.5,1.0,.500,1.3,3.7,5.0,0.5,1.0,0.5,0.3,1.8,3.8,2015-2016
827,3,LaMarcus Aldridge,PF,30,SAS,10,10,33.7,8.8,16.9,.521,0.2,0.2,1.000,8.6,16.7,.515,.527,4.1,4.6,.891,2.2,6.1,8.3,1.0,0.4,1.4,1.1,1.8,21.9,2015-2016
828,4,Lavoy Allen,PF,26,IND,6,3,8.5,0.5,1.7,.300,0.0,0.0,0,0.5,1.7,.300,.300,0.0,0.0,0,0.7,1.7,2.3,0.3,0.2,0.2,0.2,0.3,1.0,2015-2016
829,5,Tony Allen,SG,34,MEM,4,2,23.5,2.5,8.3,.303,0.3,1.8,.143,2.3,6.5,.346,.318,2.3,3.3,.692,1.5,1.3,2.8,0.8,1.3,0.5,1.5,2.8,7.5,2015-2016
830,6,Al-Farouq Aminu,SF,25,POR,11,11,33.8,5.1,11.6,.438,2.5,6.4,.400,2.5,5.3,.483,.547,1.9,2.6,.724,2.1,6.5,8.6,1.8,0.7,0.9,1.9,2.8,14.6,2015-2016
831,7,Chris Andersen,C,37,MEM,4,2,19.8,1.3,3.0,.417,0.0,0.0,0,1.3,3.0,.417,.417,1.3,2.0,.625,3.3,4.5,7.8,0.8,0.5,0.8,1.3,1.0,3.8,2015-2016
832,8,Justin Anderson,SF,22,DAL,5,1,19.0,3.4,7.4,.459,0.8,2.6,.308,2.6,4.8,.542,.514,1.8,2.8,.643,1.8,2.2,4.0,1.4,0.8,0.6,1.0,2.4,9.4,2015-2016
833,9,Kyle Anderson,SF,22,SAS,10,0,12.9,0.8,2.5,.320,0.1,0.3,.333,0.7,2.2,.318,.340,0.6,0.7,.857,0.2,2.2,2.4,0.7,0.6,0.3,0.4,1.1,2.3,2015-2016
834,10,Trevor Ariza,SF,30,HOU,5,5,36.2,2.6,10.2,.255,0.8,5.6,.143,1.8,4.6,.391,.294,0.6,0.8,.750,1.4,2.8,4.2,0.8,2.6,0.2,2.4,3.2,6.6,2015-2016
835,11,Jeff Ayres,C,28,LAC,2,0,1.0,0.5,0.5,1.000,0.0,0.0,0,0.5,0.5,1.000,1.000,0.5,0.5,1.000,0.0,0.0,0.0,0.0,0.0,0.0,0.0,0.0,1.5,2015-2016
836,12,Leandro Barbosa,SG,33,GSW,23,0,11.0,2.2,3.8,.580,0.5,1.2,.393,1.7,2.6,.667,.642,0.7,0.9,.762,0.5,0.7,1.2,0.7,0.5,0.0,0.5,1.0,5.6,2015-2016
837,13,J.J. Barea,PG,31,DAL,4,2,25.0,2.8,8.5,.324,0.3,2.0,.125,2.5,6.5,.385,.338,0.5,0.5,1.000,0.0,1.5,1.5,5.0,0.0,0.0,2.8,2.0,6.3,2015-2016
838,14,Harrison Barnes,SF,23,GSW,24,23,31.0,3.4,8.9,.385,1.1,3.2,.342,2.3,5.7,.409,.446,1.1,1.4,.765,1.1,3.5,4.7,1.3,0.7,0.2,0.8,1.9,9.0,2015-2016
839,15,Matt Barnes,SF,35,MEM,4,4,34.8,4.0,11.5,.348,0.8,4.5,.167,3.3,7.0,.464,.380,2.0,2.5,.800,1.3,6.0,7.3,2.8,1.0,0.3,3.3,3.3,10.8,2015-2016
840,16,Nicolas Batum,SF,27,CHO,5,2,28.8,3.4,9.0,.378,1.2,4.4,.273,2.2,4.6,.478,.444,3.4,4.0,.850,0.4,3.2,3.6,2.0,0.4,0.0,1.6,1.2,11.4,2015-2016
841,17,Aron Baynes,C,29,DET,4,0,11.0,1.0,2.3,.444,0.0,0.0,0,1.0,2.3,.444,.444,0.5,0.8,.667,0.8,1.3,2.0,0.5,0.0,0.0,0.8,1.0,2.5,2015-2016
842,18,Kent Bazemore,SF,26,ATL,10,10,32.5,4.4,12.1,.364,1.6,6.1,.262,2.8,6.0,.467,.430,1.5,2.2,.682,0.8,5.8,6.6,1.9,1.4,0.6,1.0,1.4,11.9,2015-2016
843,19,Michael Beasley,PF,27,HOU,5,0,16.0,4.4,9.2,.478,0.4,1.2,.333,4.0,8.0,.500,.500,1.2,1.4,.857,0.8,3.4,4.2,0.6,0.2,0.0,1.4,1.6,10.4,2015-2016
844,20,Patrick Beverley,PG,27,HOU,5,5,25.8,2.0,7.4,.270,0.6,2.8,.214,1.4,4.6,.304,.311,1.2,1.2,1.000,0.8,3.6,4.4,2.2,0.4,0.4,0.8,3.4,5.8,2015-2016
845,21,Bismack Biyombo,C,23,TOR,20,10,25.3,2.0,3.5,.580,0.0,0.0,0,2.0,3.5,.580,.580,2.2,3.6,.597,2.7,6.7,9.4,0.4,0.4,1.4,1.1,2.4,6.2,2015-2016
846,22,Steve Blake,PG,35,DET,4,0,10.8,0.3,1.3,.200,0.3,0.5,.500,0.0,0.8,.000,.300,0.3,0.5,.500,0.0,1.0,1.0,2.5,0.0,0.0,1.3,1.8,1.0,2015-2016
847,23,Andrew Bogut,C,31,GSW,22,22,16.6,2.2,3.5,.623,0.0,0.1,.000,2.2,3.4,.640,.623,0.2,0.6,.357,2.1,3.5,5.7,1.4,0.6,1.6,0.9,3.3,4.6,2015-2016
848,24,Avery Bradley,SG,25,BOS,1,1,33.0,7.0,16.0,.438,1.0,7.0,.143,6.0,9.0,.667,.469,3.0,3.0,1.000,2.0,1.0,3.0,1.0,1.0,1.0,1.0,2.0,18.0,2015-2016
849,25,Corey Brewer,SF,29,HOU,5,1,15.4,1.4,5.4,.259,0.2,2.0,.100,1.2,3.4,.353,.278,1.4,1.6,.875,0.6,0.8,1.4,1.6,0.0,0.2,1.2,2.6,4.4,2015-2016
850,26,Reggie Bullock,SF,24,DET,2,0,11.0,2.5,3.0,.833,1.0,1.5,.667,1.5,1.5,1.000,1.000,0.0,0.0,0,0.0,1.0,1.0,1.5,0.5,0.0,0.0,1.0,6.0,2015-2016
851,27,Kentavious Caldwell-Pope,SG,22,DET,4,4,40.3,5.5,12.5,.440,3.0,6.8,.444,2.5,5.8,.435,.560,1.3,1.8,.714,0.5,3.8,4.3,2.8,1.8,0.3,0.5,1.8,15.3,2015-2016
852,28,Clint Capela,C,21,HOU,5,0,8.6,0.6,1.8,.333,0.0,0.0,0,0.6,1.8,.333,.333,0.4,1.0,.400,1.6,2.4,4.0,0.4,0.6,0.4,0.6,1.0,1.6,2015-2016
853,29,DeMarre Carroll,SF,29,TOR,20,19,29.8,3.1,8.0,.390,1.3,4.0,.329,1.8,4.0,.450,.472,1.4,1.8,.750,1.2,2.9,4.1,0.9,0.9,0.4,0.9,3.1,8.9,2015-2016
854,30,Vince Carter,SG,39,MEM,4,4,22.8,3.8,8.3,.455,1.8,2.5,.700,2.0,5.8,.348,.561,2.0,2.0,1.000,1.3,2.5,3.8,1.3,0.5,0.3,0.8,2.3,11.3,2015-2016
855,31,Ian Clark,SG,24,GSW,16,0,9.6,1.6,3.3,.491,0.4,1.1,.333,1.3,2.2,.571,.547,0.5,0.6,.800,0.1,0.9,1.1,1.0,0.5,0.0,0.6,1.1,4.1,2015-2016
856,32,Nick Collison,PF,35,OKC,9,0,8.8,0.4,0.7,.667,0.0,0.0,0,0.4,0.7,.667,.667,0.1,0.2,.500,0.3,0.9,1.2,0.6,0.9,0.0,0.1,1.9,1.0,2015-2016
857,33,Pat Connaughton,SG,23,POR,6,0,1.3,0.5,0.8,.600,0.3,0.5,.667,0.2,0.3,.500,.800,0.0,0.0,0,0.0,0.2,0.2,0.0,0.0,0.0,0.0,0.0,1.3,2015-2016
858,34,Allen Crabbe,SG,23,POR,11,0,27.5,3.5,6.6,.521,1.4,3.2,.429,2.1,3.5,.605,.623,1.3,1.7,.737,0.5,2.5,2.9,1.4,0.6,0.1,0.5,2.1,9.5,2015-2016
859,35,Jamal Crawford,SG,35,LAC,6,1,33.2,6.5,17.2,.379,0.7,3.5,.190,5.8,13.7,.427,.398,3.7,4.2,.880,0.3,1.8,2.2,2.2,1.7,0.0,1.5,1.5,17.3,2015-2016
860,36,Jae Crowder,SF,25,BOS,6,6,32.8,3.3,12.0,.278,1.7,6.8,.244,1.7,5.2,.323,.347,1.2,1.8,.636,0.8,5.7,6.5,2.2,1.5,0.5,1.2,2.8,9.5,2015-2016
861,37,Stephen Curry,PG,27,GSW,18,17,34.1,8.2,18.8,.438,4.4,11.0,.404,3.8,7.8,.486,.556,4.2,4.6,.916,0.8,4.7,5.5,5.2,1.4,0.3,4.2,2.2,25.1,2015-2016
862,38,Troy Daniels,SG,24,CHO,4,0,4.5,0.3,2.0,.125,0.0,0.8,.000,0.3,1.3,.200,.125,0.0,0.0,0,0.0,0.5,0.5,0.0,0.0,0.0,0.0,0.5,0.5,2015-2016
863,39,Ed Davis,PF,26,POR,11,0,18.6,1.9,3.6,.525,0.0,0.2,.000,1.9,3.5,.553,.525,1.7,3.0,.576,2.4,4.5,6.8,1.3,0.2,0.6,0.9,3.0,5.5,2015-2016
864,40,Matthew Dellavedova,PG,25,CLE,20,0,12.1,1.3,3.7,.351,0.4,1.6,.258,0.9,2.2,.419,.405,0.9,1.2,.750,0.2,0.6,0.8,2.8,0.1,0.1,0.7,1.6,3.9,2015-2016
865,41,Luol Deng,PF,30,MIA,14,14,35.4,4.6,9.9,.471,1.7,4.1,.421,2.9,5.8,.506,.558,2.3,2.7,.842,1.4,4.6,5.9,1.6,0.9,0.6,1.6,1.7,13.3,2015-2016
866,42,DeMar DeRozan,SG,26,TOR,20,20,37.3,7.9,19.9,.394,0.2,1.3,.154,7.7,18.6,.411,.399,5.0,6.2,.813,0.7,3.5,4.2,2.7,1.1,0.2,2.3,2.6,20.9,2015-2016
867,43,Boris Diaw,PF,33,SAS,9,0,17.7,2.3,5.1,.457,0.2,0.7,.333,2.1,4.4,.475,.478,0.3,0.4,.750,0.2,1.9,2.1,2.3,0.2,0.4,0.7,1.0,5.2,2015-2016
868,44,Spencer Dinwiddie,PG,22,DET,1,0,2.0,1.0,1.0,1.000,0.0,0.0,0,1.0,1.0,1.000,1.000,0.0,0.0,0,0.0,0.0,0.0,1.0,0.0,0.0,0.0,0.0,2.0,2015-2016
869,45,Goran Dragić,PG,29,MIA,14,14,33.7,6.5,14.7,.442,1.1,3.3,.348,5.4,11.4,.469,.481,2.4,3.1,.767,0.8,4.1,4.9,3.9,0.4,0.2,2.2,3.3,16.5,2015-2016
870,46,Andre Drummond,C,22,DET,4,4,32.8,7.0,13.5,.519,0.0,0.3,.000,7.0,13.3,.528,.519,2.8,8.5,.324,3.0,6.0,9.0,0.0,0.3,1.5,1.0,2.0,16.8,2015-2016
871,47,Tim Duncan,C,39,SAS,10,10,21.8,2.2,5.2,.423,0.0,0.0,0,2.2,5.2,.423,.423,1.5,2.1,.714,1.0,3.8,4.8,1.4,0.2,1.3,1.0,1.8,5.9,2015-2016
872,48,Kevin Durant,SF,27,OKC,18,18,40.3,9.7,22.6,.430,1.7,6.1,.282,8.0,16.5,.485,.468,7.2,8.1,.890,0.7,6.4,7.1,3.3,1.0,1.0,3.6,2.1,28.4,2015-2016
873,49,Monta Ellis,SG,30,IND,7,7,32.1,4.7,10.9,.434,1.0,3.0,.333,3.7,7.9,.473,.480,1.1,1.4,.800,0.6,3.3,3.9,4.3,2.1,0.0,2.4,2.4,11.6,2015-2016
874,50,Festus Ezeli,C,26,GSW,23,1,8.8,1.6,3.0,.536,0.0,0.0,0,1.6,3.0,.536,.536,0.8,1.9,.432,1.0,1.7,2.7,0.3,0.0,0.3,0.6,1.5,4.0,2015-2016
875,51,Jordan Farmar,PG,29,MEM,4,4,28.3,2.5,7.8,.323,1.0,3.0,.333,1.5,4.8,.316,.387,0.8,0.8,1.000,0.0,1.5,1.5,4.0,0.8,0.3,2.5,1.0,6.8,2015-2016
876,52,Raymond Felton,PG,31,DAL,5,4,34.4,6.4,13.8,.464,0.8,2.8,.286,5.6,11.0,.509,.493,1.4,2.2,.636,0.4,4.2,4.6,4.6,1.2,0.0,2.4,2.8,15.0,2015-2016
877,53,Randy Foye,SG,32,OKC,16,0,11.9,0.9,2.6,.341,0.5,1.6,.308,0.4,0.9,.400,.439,0.3,0.3,1.000,0.1,1.1,1.3,0.8,0.1,0.2,0.7,1.1,2.5,2015-2016
878,54,Enes Freedom,C,23,OKC,18,0,17.9,3.6,6.6,.551,0.1,0.8,.143,3.5,5.8,.606,.559,2.1,2.5,.844,2.6,3.6,6.2,0.3,0.3,0.6,0.9,2.2,9.4,2015-2016
879,55,Channing Frye,C,32,CLE,17,0,13.9,2.4,4.1,.594,1.5,2.7,.565,0.9,1.4,.652,.783,0.4,0.4,.857,0.3,2.1,2.4,0.3,0.4,0.5,0.3,2.2,6.7,2015-2016
880,56,Paul George,SF,25,IND,7,7,39.3,8.0,17.6,.455,2.6,6.1,.419,5.4,11.4,.475,.528,8.7,9.1,.953,1.3,6.3,7.6,4.3,2.0,0.7,3.3,3.4,27.3,2015-2016
881,57,Manu Ginóbili,SG,38,SAS,10,0,19.2,2.0,4.7,.426,0.9,2.1,.429,1.1,2.6,.423,.521,1.8,2.3,.783,0.6,2.1,2.7,2.5,0.8,0.3,0.7,2.5,6.7,2015-2016
882,58,Andrew Goudelock,PG,27,HOU,2,0,5.5,1.5,3.0,.500,0.0,0.5,.000,1.5,2.5,.600,.500,0.0,0.0,0,0.0,1.0,1.0,0.0,0.0,0.0,1.5,0.0,3.0,2015-2016
883,59,Danny Green,SG,28,SAS,10,10,26.7,3.0,6.4,.469,2.4,4.7,.511,0.6,1.7,.353,.656,0.2,0.3,.667,0.0,3.1,3.1,0.7,2.1,0.8,0.6,2.0,8.6,2015-2016
884,60,Draymond Green,PF,25,GSW,23,23,38.2,5.2,12.0,.431,1.7,4.5,.365,3.5,7.5,.471,.500,3.4,4.7,.738,1.7,8.3,9.9,6.0,1.6,1.8,2.4,3.5,15.4,2015-2016
885,61,Gerald Green,SG,30,MIA,12,0,9.2,1.3,4.1,.327,0.3,1.2,.286,1.0,2.9,.343,.367,0.3,0.4,.800,0.2,1.3,1.4,0.1,0.3,0.1,0.2,1.2,3.3,2015-2016
886,62,JaMychal Green,PF,25,MEM,4,0,18.0,3.0,5.5,.545,0.0,0.3,.000,3.0,5.3,.571,.545,0.8,1.5,.500,1.3,2.5,3.8,0.8,0.8,1.3,1.0,3.0,6.8,2015-2016
887,63,Jeff Green,SF,29,LAC,6,1,26.5,3.5,7.7,.457,0.7,1.7,.400,2.8,6.0,.472,.500,2.5,4.2,.600,0.5,2.7,3.2,0.7,1.0,0.3,0.5,2.0,10.2,2015-2016
888,64,Blake Griffin,PF,26,LAC,4,4,31.8,5.0,13.3,.377,0.3,0.5,.500,4.8,12.8,.373,.387,4.8,6.3,.760,1.8,7.0,8.8,4.0,0.8,0.5,2.3,2.3,15.0,2015-2016
889,65,Jorge Gutiérrez,PG,27,CHO,3,0,4.0,0.0,1.0,.000,0.0,0.0,0,0.0,1.0,.000,.000,0.0,0.0,0,0.0,0.7,0.7,0.7,0.0,0.0,0.3,0.0,0.0,2015-2016
890,66,P.J. Hairston,SF,23,MEM,2,0,11.0,1.0,3.0,.333,0.5,1.5,.333,0.5,1.5,.333,.417,0.0,1.0,.000,0.0,0.0,0.0,0.0,0.5,0.0,0.5,0.5,2.5,2015-2016
891,67,Tyler Hansbrough,PF,30,CHO,2,0,3.0,0.0,0.0,0,0.0,0.0,0,0.0,0.0,0,0,0.0,0.0,0,0.0,0.0,0.0,0.0,0.0,0.0,0.0,0.0,0.0,2015-2016
892,68,Tim Hardaway Jr.,SG,23,ATL,9,0,9.7,0.8,2.9,.269,0.2,1.6,.143,0.6,1.3,.417,.308,0.4,0.7,.667,0.0,1.0,1.0,0.8,0.0,0.1,0.3,0.2,2.2,2015-2016
893,69,James Harden,SG,26,HOU,5,5,38.6,8.2,20.0,.410,2.6,8.4,.310,5.6,11.6,.483,.475,7.6,9.0,.844,1.4,3.8,5.2,7.6,2.4,0.2,5.2,2.6,26.6,2015-2016
894,70,Maurice Harkless,SF,22,POR,11,11,24.7,4.3,10.0,.427,1.4,4.0,.341,2.9,6.0,.485,.495,1.1,2.3,.480,2.0,3.1,5.1,0.6,0.9,0.3,1.0,3.5,11.0,2015-2016
895,71,Montrezl Harrell,PF,22,HOU,2,0,6.0,0.5,1.5,.333,0.0,0.5,.000,0.5,1.0,.500,.333,0.5,1.0,.500,0.0,1.0,1.0,0.0,0.0,0.0,0.5,0.5,1.5,2015-2016
896,72,Devin Harris,PG,32,DAL,5,0,24.2,3.0,6.0,.500,0.8,2.6,.308,2.2,3.4,.647,.567,1.0,2.0,.500,0.2,2.6,2.8,1.6,0.6,0.0,0.6,3.2,7.8,2015-2016
897,73,Tobias Harris,PF,23,DET,4,4,39.0,5.3,11.5,.457,1.0,3.0,.333,4.3,8.5,.500,.500,3.0,3.3,.923,1.5,8.0,9.5,3.0,0.8,0.8,1.5,2.8,14.5,2015-2016
898,74,Aaron Harrison,SG,21,CHO,2,0,3.5,0.0,0.0,0,0.0,0.0,0,0.0,0.0,0,0,0.0,0.0,0,0.0,0.5,0.5,0.0,0.0,0.0,0.0,0.5,0.0,2015-2016
899,75,Udonis Haslem,PF,35,MIA,9,0,9.4,0.9,1.7,.533,0.0,0.0,0,0.9,1.7,.533,.533,0.6,0.8,.714,1.2,2.2,3.4,0.4,0.0,0.1,0.8,1.4,2.3,2015-2016
900,76,Spencer Hawes,PF,27,CHO,5,0,10.6,1.2,2.6,.462,0.2,0.8,.250,1.0,1.8,.556,.500,1.0,1.2,.833,0.6,2.6,3.2,0.6,0.2,0.4,0.8,1.0,3.6,2015-2016
901,77,Gerald Henderson,SG,28,POR,11,0,21.3,2.7,7.5,.366,0.6,1.7,.368,2.1,5.7,.365,.409,0.8,1.1,.750,0.5,2.6,3.2,1.5,0.5,0.3,0.5,1.9,6.9,2015-2016
902,78,George Hill,PG,29,IND,7,7,33.6,4.6,8.1,.561,1.9,3.9,.481,2.7,4.3,.633,.675,2.6,3.1,.818,0.9,1.9,2.7,2.1,0.9,0.1,1.1,2.3,13.6,2015-2016
903,79,Jordan Hill,C,28,IND,5,0,3.0,0.0,0.6,.000,0.0,0.0,0,0.0,0.6,.000,.000,0.0,0.0,0,0.4,0.8,1.2,0.4,0.0,0.0,0.0,0.2,0.0,2015-2016
904,80,Solomon Hill,SF,24,IND,7,0,28.3,2.0,4.4,.452,1.6,2.7,.579,0.4,1.7,.250,.629,2.1,2.3,.938,0.7,3.3,4.0,1.1,0.3,0.0,0.4,2.9,7.7,2015-2016
905,81,Kirk Hinrich,PG,35,ATL,6,0,4.5,0.3,1.2,.286,0.2,0.5,.333,0.2,0.7,.250,.357,0.0,0.0,0,0.0,0.7,0.7,0.5,0.0,0.0,0.0,0.3,0.8,2015-2016
906,82,John Holland,SF,27,BOS,1,0,1.0,0.0,1.0,.000,0.0,1.0,.000,0.0,0.0,0,.000,0.0,0.0,0,0.0,0.0,0.0,0.0,0.0,0.0,0.0,0.0,0.0,2015-2016
907,83,Al Horford,C,29,ATL,10,10,32.7,5.4,11.6,.466,1.1,2.8,.393,4.3,8.8,.489,.513,1.5,1.6,.938,1.3,5.2,6.5,3.0,1.2,2.4,1.7,2.5,13.4,2015-2016
908,84,Dwight Howard,C,30,HOU,5,5,36.0,5.2,9.6,.542,0.0,0.2,.000,5.2,9.4,.553,.542,2.8,7.6,.368,5.2,8.8,14.0,1.6,0.8,1.4,2.4,4.2,13.2,2015-2016
909,85,Josh Huestis,PF,24,OKC,2,0,5.0,0.5,1.5,.333,0.5,1.0,.500,0.0,0.5,.000,.500,0.0,0.0,0,0.5,1.0,1.5,0.0,0.0,0.0,0.0,0.5,1.5,2015-2016
910,86,Kris Humphries,PF,30,ATL,4,0,14.0,3.3,7.0,.464,1.3,2.5,.500,2.0,4.5,.444,.554,1.5,1.5,1.000,2.0,4.0,6.0,1.0,0.5,1.3,0.5,2.3,9.3,2015-2016
911,87,R.J. Hunter,SG,22,BOS,5,0,8.2,0.4,1.8,.222,0.2,1.0,.200,0.2,0.8,.250,.278,0.0,0.0,0,0.2,1.0,1.2,0.6,0.0,0.2,0.2,0.6,1.0,2015-2016
912,88,Serge Ibaka,PF,26,OKC,18,18,33.4,4.7,9.1,.521,1.7,3.8,.449,3.0,5.2,.574,.617,0.8,1.1,.750,1.3,5.0,6.3,0.6,0.8,1.3,0.5,2.8,12.0,2015-2016
913,89,Andre Iguodala,SF,32,GSW,24,3,32.0,3.3,6.8,.476,1.0,2.7,.385,2.2,4.1,.535,.552,1.3,2.4,.561,1.5,2.9,4.4,3.8,1.2,0.4,1.0,1.5,8.9,2015-2016
914,90,Kyrie Irving,PG,23,CLE,21,21,36.9,9.6,20.1,.475,2.4,5.5,.440,7.1,14.6,.489,.535,3.7,4.2,.875,0.7,2.2,3.0,4.7,1.7,0.6,2.3,2.2,25.2,2015-2016
915,91,Reggie Jackson,PG,25,DET,4,4,36.8,6.3,13.8,.455,0.8,4.5,.167,5.5,9.3,.595,.482,1.0,1.0,1.000,0.5,2.8,3.3,9.3,1.5,0.5,2.5,2.5,14.3,2015-2016
916,92,LeBron James,SF,31,CLE,21,21,39.1,10.4,19.9,.525,1.5,4.5,.340,8.9,15.4,.579,.564,3.9,5.9,.661,2.0,7.5,9.5,7.6,2.3,1.3,3.6,2.6,26.3,2015-2016
917,93,Al Jefferson,C,31,CHO,7,5,24.0,6.0,11.9,.506,0.0,0.0,0,6.0,11.9,.506,.506,1.3,1.9,.692,2.0,4.1,6.1,1.1,0.6,0.4,0.9,1.7,13.3,2015-2016
918,94,Richard Jefferson,SF,35,CLE,21,2,18.1,2.1,4.0,.524,0.5,1.3,.393,1.6,2.7,.589,.589,0.7,1.0,.750,0.8,2.8,3.5,0.7,0.5,0.0,0.6,1.6,5.4,2015-2016
919,95,Jonas Jerebko,PF,28,BOS,6,4,27.0,3.7,7.7,.478,1.2,3.7,.318,2.5,4.0,.625,.554,0.7,0.8,.800,1.2,5.7,6.8,1.7,0.3,0.7,0.8,2.5,9.2,2015-2016
920,96,Amir Johnson,PF,28,BOS,6,6,22.3,3.7,5.5,.667,0.0,0.3,.000,3.7,5.2,.710,.667,1.2,1.5,.778,1.8,5.3,7.2,0.7,0.2,1.3,1.7,2.2,8.5,2015-2016
921,97,James Johnson,PF,28,TOR,10,0,9.8,1.2,2.5,.480,0.4,0.9,.444,0.8,1.6,.500,.560,0.2,0.3,.667,0.3,1.2,1.5,0.6,0.3,0.0,0.7,1.3,3.0,2015-2016
922,98,Joe Johnson,SF,34,MIA,14,14,35.1,4.9,11.3,.430,0.9,3.3,.283,3.9,8.0,.491,.472,1.5,1.7,.875,0.5,4.2,4.7,2.5,0.6,0.2,1.3,1.9,12.1,2015-2016
923,99,Stanley Johnson,SF,19,DET,4,0,20.3,3.0,5.8,.522,1.5,2.5,.600,1.5,3.3,.462,.652,0.5,0.5,1.000,0.0,4.0,4.0,0.0,0.3,0.0,0.8,2.5,8.0,2015-2016
924,100,Tyler Johnson,SG,23,MIA,5,0,12.2,1.0,2.2,.455,0.6,1.2,.500,0.4,1.0,.400,.591,1.6,2.2,.727,0.4,1.0,1.4,1.6,0.2,0.0,0.4,1.6,4.2,2015-2016
925,101,Wesley Johnson,SF,28,LAC,6,0,12.8,0.8,2.3,.357,0.5,1.5,.333,0.3,0.8,.400,.464,0.5,0.5,1.000,0.8,2.2,3.0,0.3,0.2,0.7,0.3,1.0,2.7,2015-2016
926,102,Dahntay Jones,SF,35,CLE,15,0,3.3,0.4,0.9,.462,0.1,0.2,.333,0.3,0.7,.500,.500,0.3,0.3,.800,0.0,0.5,0.5,0.1,0.1,0.1,0.1,0.2,1.1,2015-2016
927,103,James Jones,SF,35,CLE,12,0,4.6,0.2,0.8,.200,0.1,0.6,.143,0.1,0.3,.333,.250,0.1,0.3,.250,0.1,0.3,0.3,0.3,0.0,0.0,0.1,0.3,0.5,2015-2016
928,104,DeAndre Jordan,C,27,LAC,6,6,33.0,4.0,6.3,.632,0.0,0.0,0,4.0,6.3,.632,.632,3.7,9.8,.373,5.0,11.3,16.3,1.8,1.2,2.7,1.2,2.8,11.7,2015-2016
929,105,Cory Joseph,SG,24,TOR,20,0,22.6,3.5,7.4,.466,0.4,1.2,.333,3.1,6.2,.492,.493,1.2,1.6,.750,0.6,1.5,2.1,2.4,0.9,0.1,1.1,2.4,8.5,2015-2016
930,106,Chris Kaman,C,33,POR,4,0,8.0,1.8,4.5,.389,0.0,0.0,0,1.8,4.5,.389,.389,0.0,0.0,0,0.5,1.5,2.0,0.3,0.5,0.0,1.5,2.5,3.5,2015-2016
931,107,Frank Kaminsky,C,22,CHO,7,5,27.1,2.0,6.6,.304,0.7,2.4,.294,1.3,4.1,.310,.359,2.4,3.0,.810,0.4,3.9,4.3,1.1,0.9,0.7,0.3,2.1,7.1,2015-2016
932,108,Kyle Korver,SG,34,ATL,10,8,31.6,3.5,7.5,.467,2.4,5.4,.444,1.1,2.1,.524,.627,0.9,0.9,1.000,0.3,4.5,4.8,1.0,1.0,0.4,0.8,2.3,10.3,2015-2016
933,109,Jeremy Lamb,SG,23,CHO,3,0,4.0,1.7,3.0,.556,0.3,0.3,1.000,1.3,2.7,.500,.611,0.0,0.0,0,0.3,1.0,1.3,0.3,0.0,0.0,0.0,0.0,3.7,2015-2016
934,110,Ty Lawson,PG,28,IND,7,0,10.6,0.9,2.6,.333,0.0,0.4,.000,0.9,2.1,.400,.333,0.6,0.9,.667,0.1,0.9,1.0,1.4,0.4,0.0,0.9,1.1,2.3,2015-2016
935,111,Courtney Lee,SG,30,CHO,7,7,36.7,3.0,7.3,.412,0.6,1.3,.444,2.4,6.0,.405,.451,2.0,2.1,.933,0.7,2.1,2.9,1.3,0.9,0.4,0.7,2.7,8.6,2015-2016
936,112,David Lee,PF,32,DAL,2,0,16.5,3.0,4.0,.750,0.0,0.0,0,3.0,4.0,.750,.750,0.0,0.0,0,0.5,2.5,3.0,0.5,0.0,0.0,0.0,3.5,6.0,2015-2016
937,113,Kawhi Leonard,SF,24,SAS,10,10,33.9,8.3,16.6,.500,1.7,3.9,.436,6.6,12.7,.520,.551,4.2,5.1,.824,1.4,4.9,6.3,2.8,2.6,1.4,1.6,2.1,22.5,2015-2016
938,114,Damian Lillard,PG,25,POR,11,11,39.7,8.1,22.0,.368,3.8,9.7,.393,4.3,12.3,.348,.455,6.5,7.1,.910,1.1,3.2,4.3,6.3,1.3,0.3,3.0,2.1,26.5,2015-2016
939,115,Jeremy Lin,SG,27,CHO,7,0,27.0,3.7,9.0,.413,0.4,2.0,.214,3.3,7.0,.469,.437,4.6,5.6,.821,0.4,1.9,2.3,2.6,0.7,0.0,1.6,3.0,12.4,2015-2016
940,116,Shaun Livingston,PG,30,GSW,24,7,21.4,3.4,7.0,.488,0.0,0.0,.000,3.4,7.0,.491,.488,1.3,1.5,.865,0.5,2.6,3.2,3.3,0.5,0.2,1.2,2.0,8.2,2015-2016
941,117,Kevin Love,PF,27,CLE,20,19,30.7,4.6,12.0,.385,2.3,5.6,.414,2.3,6.4,.359,.481,3.2,3.8,.840,1.7,7.1,8.8,2.1,0.5,0.4,1.4,1.7,14.7,2015-2016
942,118,Kyle Lowry,PG,29,TOR,20,20,38.3,6.6,16.5,.397,2.1,6.9,.304,4.5,9.6,.464,.461,3.9,5.2,.750,0.9,3.8,4.7,6.0,1.6,0.2,3.2,3.7,19.1,2015-2016
943,119,Ian Mahinmi,C,29,IND,7,7,24.6,3.0,6.0,.500,0.0,0.0,0,3.0,6.0,.500,.500,2.1,3.6,.600,1.7,3.4,5.1,1.1,0.7,0.9,2.0,3.6,8.1,2015-2016
944,120,Boban Marjanović,C,27,SAS,7,0,6.0,1.1,1.7,.667,0.0,0.0,0,1.1,1.7,.667,.667,1.1,1.3,.889,0.6,1.4,2.0,0.4,0.0,0.3,0.4,1.4,3.4,2015-2016
945,121,Jarell Martin,PF,21,MEM,2,0,23.0,1.5,4.0,.375,0.0,0.0,0,1.5,4.0,.375,.375,1.5,3.0,.500,2.0,1.5,3.5,0.5,1.5,0.0,1.5,2.0,4.5,2015-2016
946,122,Kevin Martin,SG,32,SAS,5,0,9.8,1.6,4.0,.400,0.8,1.6,.500,0.8,2.4,.333,.500,0.4,0.6,.667,0.0,0.8,0.8,0.6,0.2,0.0,1.2,1.0,4.4,2015-2016
947,123,Wesley Matthews,SF,29,DAL,5,5,34.6,4.0,12.0,.333,2.0,7.0,.286,2.0,5.0,.400,.417,3.0,3.8,.789,0.8,2.8,3.6,1.2,1.2,0.0,0.8,2.8,13.0,2015-2016
948,124,Luc Mbah a Moute,PF,29,LAC,5,5,15.6,0.8,1.2,.667,0.0,0.0,0,0.8,1.2,.667,.667,0.2,0.2,1.000,0.4,1.6,2.0,0.2,0.6,0.0,0.4,1.8,1.8,2015-2016
949,125,James Michael McAdoo,PF,23,GSW,8,0,4.8,0.3,0.5,.500,0.0,0.0,0,0.3,0.5,.500,.500,0.1,0.5,.250,0.0,1.0,1.0,0.3,0.4,0.3,0.1,0.8,0.6,2015-2016
950,126,CJ McCollum,SG,24,POR,11,11,40.2,7.6,17.9,.426,1.8,5.3,.345,5.8,12.6,.460,.477,3.4,4.2,.804,0.6,3.0,3.6,3.3,0.9,0.5,1.8,2.7,20.5,2015-2016
951,127,K.J. McDaniels,SF,22,HOU,4,0,8.5,1.0,3.3,.308,0.3,0.8,.333,0.8,2.5,.300,.346,0.0,0.0,0,0.3,1.5,1.8,0.3,0.0,0.8,0.0,0.8,2.3,2015-2016
952,128,JaVale McGee,C,28,DAL,2,0,7.0,0.5,1.0,.500,0.0,0.0,0,0.5,1.0,.500,.500,1.0,3.0,.333,1.0,0.5,1.5,0.0,0.5,0.0,1.5,1.5,2.0,2015-2016
953,129,Jordan McRae,PG,24,CLE,2,0,2.0,2.0,2.0,1.000,0.5,0.5,1.000,1.5,1.5,1.000,1.125,0.0,0.0,0,0.0,1.0,1.0,0.0,0.0,0.0,0.0,0.0,4.5,2015-2016
954,130,Josh McRoberts,PF,28,MIA,10,0,13.4,1.6,3.4,.471,0.0,0.7,.000,1.6,2.7,.593,.471,0.6,0.6,1.000,0.7,1.9,2.6,0.9,0.5,0.5,0.4,2.0,3.8,2015-2016
955,131,Jodie Meeks,SG,28,DET,1,0,2.0,1.0,1.0,1.000,0.0,0.0,0,1.0,1.0,1.000,1.000,0.0,0.0,0,0.0,0.0,0.0,0.0,0.0,0.0,0.0,0.0,2.0,2015-2016
956,132,Salah Mejri,C,29,DAL,4,1,19.0,1.8,2.5,.700,0.0,0.0,0,1.8,2.5,.700,.700,1.3,3.0,.417,1.3,2.0,3.3,0.3,0.8,1.3,0.0,2.8,4.8,2015-2016
957,133,Jordan Mickey,PF,21,BOS,2,0,5.0,1.0,2.0,.500,0.0,0.0,0,1.0,2.0,.500,.500,0.0,0.0,0,0.5,0.5,1.0,1.0,0.0,0.5,0.0,0.0,2.0,2015-2016
958,134,C.J. Miles,SF,28,IND,7,0,13.1,1.4,5.4,.263,0.3,2.9,.100,1.1,2.6,.444,.289,0.3,0.4,.667,0.6,2.9,3.4,0.6,0.1,0.1,0.4,1.0,3.4,2015-2016
959,135,Andre Miller,PG,39,SAS,5,0,7.0,0.6,1.4,.429,0.2,0.6,.333,0.4,0.8,.500,.500,0.4,0.4,1.000,0.4,0.6,1.0,1.4,0.0,0.0,0.0,0.8,1.8,2015-2016
960,136,Patty Mills,PG,27,SAS,10,0,16.7,2.3,5.3,.434,1.3,3.6,.361,1.0,1.7,.588,.557,0.7,1.1,.636,0.0,1.4,1.4,2.0,0.7,0.0,0.8,0.3,6.6,2015-2016
961,137,Paul Millsap,PF,30,ATL,10,10,36.5,5.9,13.7,.431,0.8,3.3,.242,5.1,10.4,.490,.460,4.1,5.5,.745,2.8,6.6,9.4,2.7,1.3,2.3,2.6,2.9,16.7,2015-2016
962,138,Nazr Mohammed,C,38,OKC,5,0,2.0,0.2,0.4,.500,0.0,0.0,0,0.2,0.4,.500,.500,0.0,0.0,0,0.2,0.4,0.6,0.0,0.0,0.2,0.2,0.2,0.4,2015-2016
963,139,Luis Montero,SG,22,POR,6,0,1.3,0.5,0.5,1.000,0.3,0.3,1.000,0.2,0.2,1.000,1.333,0.0,0.0,0,0.0,0.0,0.0,0.0,0.0,0.0,0.0,0.2,1.3,2015-2016
964,140,Marcus Morris,SF,26,DET,4,4,36.0,5.5,11.8,.468,1.8,4.5,.389,3.8,7.3,.517,.543,5.0,5.8,.870,0.5,2.8,3.3,2.5,0.5,0.0,1.3,4.3,17.8,2015-2016
965,141,Anthony Morrow,SG,30,OKC,14,0,5.4,0.8,1.7,.458,0.4,1.0,.357,0.4,0.7,.600,.563,0.7,0.7,1.000,0.0,0.1,0.1,0.1,0.1,0.0,0.3,0.4,2.6,2015-2016
966,142,Donatas Motiejūnas,PF,25,HOU,5,4,19.6,3.2,7.4,.432,0.8,1.8,.444,2.4,5.6,.429,.486,1.6,3.4,.471,2.0,3.2,5.2,1.0,0.8,0.4,2.4,2.2,8.8,2015-2016
967,143,Timofey Mozgov,C,29,CLE,13,0,5.8,0.5,1.2,.400,0.0,0.0,0,0.5,1.2,.400,.400,0.2,0.3,.750,0.4,1.2,1.6,0.2,0.2,0.2,0.6,1.2,1.2,2015-2016
968,144,Xavier Munford,SG,23,MEM,4,0,22.3,2.3,7.0,.321,0.3,2.0,.125,2.0,5.0,.400,.339,0.0,0.5,.000,0.3,2.0,2.3,2.5,1.5,0.8,1.3,2.0,4.8,2015-2016
969,145,Mike Muscala,C,24,ATL,9,0,7.4,1.1,2.2,.500,0.2,0.7,.333,0.9,1.6,.571,.550,0.2,0.2,1.000,0.8,1.1,1.9,0.3,0.0,0.1,0.3,0.7,2.7,2015-2016
970,146,Lucas Nogueira,C,23,TOR,5,0,5.8,0.6,0.8,.750,0.0,0.0,0,0.6,0.8,.750,.750,0.0,0.0,0,0.2,1.4,1.6,0.0,0.0,0.0,0.0,0.6,1.2,2015-2016
971,147,Dirk Nowitzki,PF,37,DAL,5,5,34.0,8.2,16.6,.494,0.8,2.2,.364,7.4,14.4,.514,.518,3.2,3.4,.941,0.6,4.2,4.8,1.6,0.4,0.6,1.4,1.8,20.4,2015-2016
972,148,Kelly Olynyk,C,24,BOS,4,0,8.0,0.3,2.3,.111,0.0,0.8,.000,0.3,1.5,.167,.111,0.0,0.0,0,0.5,0.5,1.0,0.8,0.3,0.0,1.0,1.3,0.5,2015-2016
973,149,Zaza Pachulia,C,31,DAL,5,4,22.4,1.8,4.8,.375,0.0,0.0,0,1.8,4.8,.375,.375,3.0,3.4,.882,2.0,3.4,5.4,3.2,0.6,0.2,0.4,2.6,6.6,2015-2016
974,150,Tony Parker,PG,33,SAS,10,10,26.4,4.4,9.8,.449,0.4,1.6,.250,4.0,8.2,.488,.469,1.2,1.4,.857,0.1,2.1,2.2,5.3,0.6,0.2,1.8,1.5,10.4,2015-2016
975,151,Lamar Patterson,SG,24,ATL,4,0,5.0,0.5,1.8,.286,0.3,0.8,.333,0.3,1.0,.250,.357,0.3,0.3,1.000,0.0,1.3,1.3,0.8,0.3,0.0,1.0,0.3,1.5,2015-2016
976,152,Patrick Patterson,PF,26,TOR,20,9,29.2,2.8,6.8,.404,1.1,3.5,.300,1.7,3.3,.515,.482,1.1,1.3,.846,1.5,2.4,3.9,1.2,0.4,0.5,0.9,1.6,7.7,2015-2016
977,153,Chris Paul,PG,30,LAC,4,4,31.3,9.3,19.0,.487,1.5,5.0,.300,7.8,14.0,.554,.526,3.8,3.8,1.000,1.0,3.0,4.0,7.3,2.3,0.0,1.0,3.0,23.8,2015-2016
978,154,Cameron Payne,PG,21,OKC,10,0,6.4,0.7,2.6,.269,0.2,1.0,.200,0.5,1.6,.313,.308,0.2,0.4,.500,0.0,0.4,0.4,0.8,0.2,0.2,0.8,0.7,1.8,2015-2016
979,155,Paul Pierce,SF,38,LAC,5,1,10.8,0.4,2.4,.167,0.2,1.0,.200,0.2,1.4,.143,.208,0.2,0.8,.250,0.0,1.2,1.2,0.2,0.4,0.0,0.4,1.2,1.2,2015-2016
980,156,Mason Plumlee,C,25,POR,11,11,27.8,2.5,6.4,.400,0.0,0.0,0,2.5,6.4,.400,.400,1.9,3.0,.636,3.4,8.5,11.8,4.8,0.6,1.0,2.3,3.8,7.0,2015-2016
981,157,Dwight Powell,PF,24,DAL,4,0,16.0,2.3,4.8,.474,0.0,0.3,.000,2.3,4.5,.500,.474,1.5,2.8,.545,2.3,2.0,4.3,1.0,0.3,0.0,0.3,1.3,6.0,2015-2016
982,158,Norman Powell,SG,22,TOR,18,3,11.4,1.5,3.9,.386,0.4,1.4,.269,1.1,2.4,.455,.436,0.4,0.4,.875,0.2,1.3,1.5,0.3,0.7,0.1,0.3,1.0,3.8,2015-2016
983,159,Pablo Prigioni,PG,38,LAC,5,0,5.2,0.0,1.0,.000,0.0,0.4,.000,0.0,0.6,.000,.000,0.0,0.0,0,0.4,0.2,0.6,1.4,0.0,0.0,0.6,1.6,0.0,2015-2016
984,160,Zach Randolph,PF,34,MEM,4,4,30.0,5.8,15.5,.371,0.0,0.0,0,5.8,15.5,.371,.371,1.5,1.8,.857,3.8,5.0,8.8,1.8,0.3,0.0,1.8,2.5,13.0,2015-2016
985,161,JJ Redick,SG,31,LAC,6,6,27.7,5.7,13.2,.430,1.8,5.2,.355,3.8,8.0,.479,.500,0.3,0.5,.667,0.2,1.8,2.0,0.8,0.2,0.2,0.8,1.8,13.5,2015-2016
986,162,Josh Richardson,SG,22,MIA,14,0,27.6,2.4,6.4,.371,1.2,3.3,.370,1.1,3.1,.372,.466,0.7,1.0,.714,0.7,2.9,3.6,1.6,0.4,0.9,0.9,2.6,6.6,2015-2016
987,163,Austin Rivers,SG,23,LAC,6,2,24.0,4.3,10.2,.426,0.7,2.8,.235,3.7,7.3,.500,.459,1.0,1.5,.667,0.7,2.0,2.7,2.7,0.5,0.0,1.2,2.0,10.3,2015-2016
988,164,Andre Roberson,SG,24,OKC,18,18,26.2,2.2,4.8,.465,0.7,2.1,.324,1.6,2.7,.571,.535,0.4,1.1,.400,1.4,4.2,5.6,0.8,1.3,1.1,0.6,2.5,5.6,2015-2016
989,165,Brian Roberts,PG,30,POR,10,0,3.6,0.2,0.9,.222,0.0,0.4,.000,0.2,0.5,.400,.222,0.4,0.6,.667,0.1,0.0,0.1,0.3,0.0,0.0,0.1,0.5,0.8,2015-2016
990,166,Glenn Robinson III,SF,22,IND,4,0,2.5,0.8,1.0,.750,0.0,0.0,0,0.8,1.0,.750,.750,0.3,0.3,1.000,0.0,0.0,0.0,0.0,0.0,0.3,0.0,0.0,1.8,2015-2016
991,167,Terrence Ross,SF,24,TOR,20,0,16.8,2.3,6.0,.387,1.1,3.2,.328,1.3,2.8,.455,.475,0.7,1.0,.650,0.2,1.4,1.6,0.6,0.7,0.3,0.8,1.4,6.3,2015-2016
992,168,Terry Rozier,PG,21,BOS,5,0,19.8,1.8,4.6,.391,0.8,2.2,.364,1.0,2.4,.417,.478,0.4,0.4,1.000,0.6,2.8,3.4,1.2,0.2,0.6,0.4,1.0,4.8,2015-2016
993,169,Brandon Rush,SG,30,GSW,14,0,7.9,0.6,1.4,.450,0.3,0.9,.333,0.4,0.6,.625,.550,0.1,0.1,.500,0.0,1.6,1.6,0.2,0.1,0.1,0.1,0.6,1.6,2015-2016
994,170,Dennis Schröder,PG,22,ATL,10,0,19.1,4.7,10.4,.452,1.2,3.5,.343,3.5,6.9,.507,.510,1.1,1.3,.846,0.6,1.3,1.9,3.6,0.4,0.1,2.1,2.4,11.7,2015-2016
995,171,Luis Scola,PF,35,TOR,11,9,12.7,0.7,2.8,.258,0.4,1.9,.190,0.4,0.9,.400,.323,0.7,1.0,.727,0.2,1.5,1.6,0.6,0.3,0.0,0.5,2.0,2.5,2015-2016
996,172,Mike Scott,PF,27,ATL,10,0,16.1,2.5,4.0,.625,0.8,1.6,.500,1.7,2.4,.708,.725,0.7,0.8,.875,0.5,2.7,3.2,0.5,0.3,0.3,0.8,2.0,6.5,2015-2016
997,173,Thabo Sefolosha,SF,31,ATL,10,2,20.3,2.2,4.6,.478,0.7,1.9,.368,1.5,2.7,.556,.554,0.8,1.5,.533,0.8,3.3,4.1,1.7,1.0,0.6,1.0,1.7,5.9,2015-2016
998,174,Iman Shumpert,SG,25,CLE,21,0,17.5,1.2,2.9,.417,0.6,1.6,.382,0.6,1.2,.462,.525,0.3,0.5,.636,0.5,1.8,2.2,0.8,0.5,0.1,0.6,1.7,3.3,2015-2016
999,175,Jonathon Simmons,SG,26,SAS,3,0,8.7,1.3,3.3,.400,0.7,1.0,.667,0.7,2.3,.286,.500,0.3,0.7,.500,1.0,0.3,1.3,0.7,0.7,0.0,0.3,1.3,3.7,2015-2016
1000,176,Kyle Singler,SF,27,OKC,6,0,8.5,0.5,1.5,.333,0.3,0.7,.500,0.2,0.8,.200,.444,0.0,0.3,.000,0.2,1.0,1.2,0.0,0.2,0.0,0.0,0.7,1.3,2015-2016
1001,177,Marcus Smart,PG,21,BOS,6,1,32.2,3.7,10.0,.367,1.8,5.3,.344,1.8,4.7,.393,.458,2.8,3.5,.810,1.3,3.2,4.5,3.0,1.7,0.8,2.5,2.8,12.0,2015-2016
1002,178,J.R. Smith,SG,30,CLE,21,21,34.8,3.9,9.0,.436,3.1,7.2,.430,0.8,1.8,.459,.609,0.6,1.0,.619,0.3,2.9,3.2,1.4,1.2,0.2,0.5,2.6,11.5,2015-2016
1003,179,Josh Smith,PF,30,HOU,4,0,9.5,1.5,3.3,.462,1.0,2.0,.500,0.5,1.3,.400,.615,0.0,0.5,.000,0.3,0.3,0.5,1.0,0.3,0.3,1.3,1.8,4.0,2015-2016
1004,180,Marreese Speights,C,28,GSW,24,0,8.4,1.9,4.9,.390,0.8,1.8,.419,1.2,3.1,.373,.466,1.0,1.3,.774,0.6,1.3,2.0,0.5,0.1,0.3,0.8,1.8,5.6,2015-2016
1005,181,Lance Stephenson,SF,25,MEM,4,0,23.8,5.8,11.0,.523,0.5,1.3,.400,5.3,9.8,.538,.545,1.0,1.3,.800,0.3,1.3,1.5,1.8,0.3,0.0,0.8,2.5,13.0,2015-2016
1006,182,Amar'e Stoudemire,C,33,MIA,9,2,9.1,1.2,2.1,.579,0.0,0.0,0,1.2,2.1,.579,.579,0.9,0.9,1.000,0.3,1.1,1.4,0.0,0.6,0.3,1.0,1.6,3.3,2015-2016
1007,183,Rodney Stuckey,PG,29,IND,7,0,17.9,2.4,6.1,.395,0.7,1.4,.500,1.7,4.7,.364,.453,0.7,1.3,.556,0.1,2.0,2.1,2.0,0.6,0.1,0.9,1.3,6.3,2015-2016
1008,184,Jared Sullinger,PF,23,BOS,6,2,13.5,2.2,7.0,.310,0.3,0.7,.500,1.8,6.3,.289,.333,0.5,0.7,.750,1.7,2.8,4.5,1.2,0.2,0.0,1.0,2.7,5.2,2015-2016
1009,185,Jeff Teague,PG,27,ATL,10,10,27.9,4.6,12.1,.380,0.9,3.6,.250,3.7,8.5,.435,.417,4.4,5.2,.846,0.3,1.6,1.9,6.2,0.6,0.2,2.5,3.0,14.5,2015-2016
1010,186,Jason Terry,SG,38,HOU,5,0,24.8,2.6,7.6,.342,1.2,3.8,.316,1.4,3.8,.368,.421,0.6,0.6,1.000,0.2,2.0,2.2,1.2,0.4,0.2,0.6,2.6,7.0,2015-2016
1011,187,Isaiah Thomas,PG,26,BOS,6,6,36.7,7.8,19.8,.395,2.2,7.7,.283,5.7,12.2,.466,.450,6.3,7.8,.809,0.3,2.7,3.0,5.0,0.7,0.8,2.3,3.0,24.2,2015-2016
1012,188,Jason Thompson,C,29,TOR,10,0,5.5,0.4,0.9,.444,0.0,0.1,.000,0.4,0.8,.500,.444,0.0,0.3,.000,0.6,0.5,1.1,0.1,0.0,0.1,0.1,0.6,0.8,2015-2016
1013,189,Klay Thompson,SG,25,GSW,24,24,35.4,8.4,18.9,.444,4.1,9.6,.424,4.3,9.3,.464,.552,3.4,4.0,.854,0.6,3.0,3.7,2.3,1.1,0.4,2.0,2.2,24.3,2015-2016
1014,190,Tristan Thompson,PF,24,CLE,21,21,29.6,2.3,4.4,.527,0.0,0.0,0,2.3,4.4,.527,.527,2.0,3.5,.575,4.1,4.9,9.0,0.7,0.4,0.9,0.8,2.6,6.7,2015-2016
1015,191,Anthony Tolliver,PF,30,DET,3,0,8.7,0.7,1.3,.500,0.0,0.7,.000,0.7,0.7,1.000,.500,0.0,0.0,0,0.3,1.0,1.3,0.3,0.0,0.3,0.0,0.0,1.3,2015-2016
1016,192,Evan Turner,SG,27,BOS,6,4,35.7,5.2,14.2,.365,0.5,2.3,.214,4.7,11.8,.394,.382,2.3,3.0,.778,1.3,4.3,5.7,4.5,1.3,1.0,2.8,3.2,13.2,2015-2016
1017,193,Myles Turner,C,19,IND,7,4,28.1,4.7,10.1,.465,0.0,0.3,.000,4.7,9.9,.478,.465,0.9,1.3,.667,2.3,4.1,6.4,0.4,0.3,3.3,1.7,3.4,10.3,2015-2016
1018,194,Jonas Valančiūnas,C,23,TOR,12,10,26.8,5.7,10.0,.567,0.0,0.0,0,5.7,10.0,.567,.567,2.4,3.3,.744,4.0,6.8,10.8,0.9,0.8,1.2,1.5,2.7,13.8,2015-2016
1019,195,Anderson Varejão,C,33,GSW,17,0,5.5,0.3,0.8,.357,0.0,0.0,0,0.3,0.8,.357,.357,0.6,1.1,.526,0.7,0.5,1.2,0.8,0.1,0.1,0.1,1.0,1.2,2015-2016
1020,196,Charlie Villanueva,PF,31,DAL,4,0,5.0,0.8,3.0,.250,0.3,1.3,.200,0.5,1.8,.286,.292,0.5,0.5,1.000,0.0,0.5,0.5,0.3,0.0,0.0,0.3,0.5,2.3,2015-2016
1021,197,Noah Vonleh,PF,20,POR,6,0,2.0,0.0,0.5,.000,0.0,0.0,0,0.0,0.5,.000,.000,0.0,0.0,0,0.2,0.5,0.7,0.3,0.3,0.0,0.0,0.2,0.0,2015-2016
1022,198,Dwyane Wade,SG,34,MIA,14,14,33.8,8.5,18.1,.469,0.9,1.6,.522,7.6,16.5,.463,.492,3.6,4.6,.781,0.9,4.8,5.6,4.3,0.8,0.9,2.7,1.6,21.4,2015-2016
1023,199,Dion Waiters,SG,24,OKC,18,0,27.3,3.1,7.3,.417,1.2,3.1,.375,1.9,4.2,.447,.496,1.1,1.7,.667,0.3,2.3,2.6,2.3,0.6,0.2,1.1,2.3,8.4,2015-2016
1024,200,Kemba Walker,PG,25,CHO,7,7,37.1,8.0,21.9,.366,2.0,6.1,.326,6.0,15.7,.382,.412,4.7,5.0,.943,0.4,2.6,3.0,4.0,1.3,0.6,1.7,1.4,22.7,2015-2016
1025,201,Briante Weber,PG,23,MIA,2,0,3.0,0.0,0.5,.000,0.0,0.0,0,0.0,0.5,.000,.000,0.0,0.0,0,0.0,0.0,0.0,0.5,0.5,0.0,0.0,0.5,0.0,2015-2016
1026,202,David West,PF,35,SAS,10,0,17.6,2.5,5.5,.455,0.3,0.6,.500,2.2,4.9,.449,.482,0.5,0.9,.556,1.3,2.4,3.7,1.3,0.6,0.7,0.7,1.9,5.8,2015-2016
1027,203,Russell Westbrook,PG,27,OKC,18,18,37.4,8.8,21.8,.405,1.9,5.8,.324,6.9,16.0,.434,.448,6.4,7.8,.829,2.3,4.6,6.9,11.0,2.6,0.1,4.3,2.4,26.0,2015-2016
1028,204,Hassan Whiteside,C,26,MIA,10,10,29.1,4.7,6.9,.681,0.0,0.0,0,4.7,6.9,.681,.681,2.6,4.4,.591,2.6,8.3,10.9,0.3,0.8,2.8,1.3,3.4,12.0,2015-2016
1029,205,C.J. Wilcox,SG,25,LAC,2,0,3.5,0.0,0.5,.000,0.0,0.0,0,0.0,0.5,.000,.000,0.0,0.0,0,0.0,0.5,0.5,0.5,0.0,0.0,0.0,0.5,0.0,2015-2016
1030,206,Deron Williams,PG,31,DAL,3,3,16.3,2.0,6.0,.333,1.0,2.3,.429,1.0,3.7,.273,.417,0.0,0.0,0,0.0,0.7,0.7,2.7,0.3,0.0,2.3,2.0,5.0,2015-2016
1031,207,Marvin Williams,PF,29,CHO,7,7,32.6,2.0,7.3,.275,0.9,2.4,.353,1.1,4.9,.235,.333,0.3,0.6,.500,1.0,5.9,6.9,0.9,0.9,0.4,0.3,1.6,5.1,2015-2016
1032,208,Mo Williams,PG,33,CLE,13,0,5.2,0.6,2.2,.286,0.2,1.0,.231,0.4,1.2,.333,.339,0.1,0.2,.500,0.0,0.5,0.5,0.2,0.3,0.0,0.8,0.6,1.5,2015-2016
1033,209,Justise Winslow,SF,19,MIA,13,2,25.4,2.5,5.7,.432,0.4,1.4,.278,2.1,4.3,.482,.466,1.6,2.3,.700,1.3,3.5,4.8,0.6,0.6,0.3,0.9,2.7,6.9,2015-2016
1034,210,Delon Wright,PG,23,TOR,9,0,4.6,0.3,1.1,.300,0.0,0.1,.000,0.3,1.0,.333,.300,0.9,1.4,.615,0.1,0.3,0.4,0.3,0.3,0.0,0.2,0.2,1.6,2015-2016
1035,211,Dorell Wright,SF,30,MIA,5,0,3.8,1.0,2.0,.500,0.4,1.0,.400,0.6,1.0,.600,.600,0.8,0.8,1.000,0.0,1.2,1.2,0.4,0.0,0.0,0.0,0.4,3.2,2015-2016
1036,212,James Young,SG,20,BOS,3,0,3.3,0.3,1.0,.333,0.0,0.3,.000,0.3,0.7,.500,.333,0.0,0.0,0,0.0,0.0,0.0,0.0,0.0,0.0,0.3,0.3,0.7,2015-2016
1037,213,Joe Young,PG,23,IND,4,0,2.5,0.8,2.0,.375,0.3,1.0,.250,0.5,1.0,.500,.438,0.5,0.5,1.000,0.0,0.3,0.3,0.3,0.0,0.0,0.5,0.8,2.3,2015-2016
1038,214,Cody Zeller,C,23,CHO,7,2,19.6,3.0,5.4,.553,0.0,0.0,0,3.0,5.4,.553,.553,2.4,3.0,.810,1.3,4.0,5.3,0.3,0.1,0.4,1.0,2.9,8.4,2015-2016
1039,215,Tyler Zeller,C,26,BOS,3,0,12.7,2.3,5.0,.467,0.0,0.0,0,2.3,5.0,.467,.467,1.3,2.0,.667,1.3,3.7,5.0,0.7,0.0,0.7,0.7,0.3,6.0,2015-2016
1040,1,Álex Abrines,SG,23,OKC,5,0,16.0,1.6,4.6,.348,1.0,3.4,.294,0.6,1.2,.500,.457,0.6,0.8,.750,0.4,1.4,1.8,0.8,0.0,0.0,0.0,1.6,4.8,2016-2017
1041,2,Steven Adams,C,23,OKC,5,5,31.4,3.6,5.6,.643,0.0,0.0,0,3.6,5.6,.643,.643,0.8,2.2,.364,3.4,3.4,6.8,1.4,1.2,1.8,0.8,2.8,8.0,2016-2017
1042,3,LaMarcus Aldridge,PF,31,SAS,16,16,33.6,6.9,15.0,.458,0.1,0.9,.143,6.8,14.1,.478,.463,2.6,3.4,.764,2.7,4.8,7.4,1.5,0.6,1.0,1.8,2.6,16.5,2016-2017
1043,4,Lavoy Allen,PF,27,IND,3,0,3.7,0.0,0.0,0,0.0,0.0,0,0.0,0.0,0,0,0.0,0.0,0,0.0,0.7,0.7,0.0,0.0,0.0,0.3,0.0,0.0,2016-2017
1044,5,Al-Farouq Aminu,PF,26,POR,4,0,28.3,4.3,9.3,.459,1.8,4.3,.412,2.5,5.0,.500,.554,1.8,2.8,.636,1.3,5.3,6.5,1.0,0.8,1.0,2.3,2.3,12.0,2016-2017
1045,6,Kyle Anderson,SF,23,SAS,15,1,13.0,2.4,4.3,.563,0.2,0.7,.300,2.2,3.6,.611,.586,0.5,0.7,.727,0.8,2.3,3.1,1.7,0.7,0.1,0.5,0.5,5.5,2016-2017
1046,7,Ryan Anderson,PF,28,HOU,11,9,30.5,3.3,8.4,.391,1.5,5.5,.283,1.7,2.9,.594,.484,1.3,1.5,.875,1.4,3.8,5.2,0.6,0.4,0.2,0.8,2.2,9.4,2016-2017
1047,8,Giannis Antetokounmpo,SF,22,MIL,6,6,40.5,10.0,18.7,.536,0.7,1.7,.400,9.3,17.0,.549,.554,4.2,7.7,.543,1.7,7.8,9.5,4.0,2.2,1.7,3.3,3.5,24.8,2016-2017
1048,9,Joel Anthony,C,34,SAS,3,0,5.0,1.0,1.3,.750,0.0,0.0,0,1.0,1.3,.750,.750,0.0,0.3,.000,0.7,0.7,1.3,0.0,0.0,0.7,0.3,0.7,2.0,2016-2017
1049,10,Trevor Ariza,SF,31,HOU,11,11,37.5,3.7,8.8,.423,2.1,5.5,.377,1.6,3.3,.500,.541,1.2,1.3,.929,0.7,4.4,5.1,2.1,1.3,0.2,0.8,2.3,10.7,2016-2017
1050,11,Wade Baldwin,PG,20,MEM,3,0,4.0,0.0,0.3,.000,0.0,0.0,0,0.0,0.3,.000,.000,0.7,0.7,1.000,0.3,1.0,1.3,0.7,0.0,0.0,0.0,1.0,0.7,2016-2017
1051,12,Matt Barnes,SF,36,GSW,12,0,5.1,0.3,1.3,.267,0.1,0.7,.125,0.3,0.6,.429,.300,0.0,0.0,0,0.0,0.8,0.8,0.6,0.2,0.0,0.3,0.8,0.8,2016-2017
1052,13,Brandon Bass,PF,31,LAC,1,0,4.0,1.0,3.0,.333,0.0,0.0,0,1.0,3.0,.333,.333,0.0,0.0,0,1.0,0.0,1.0,0.0,1.0,0.0,0.0,0.0,2.0,2016-2017
1053,14,Kent Bazemore,SF,27,ATL,6,0,25.0,3.5,8.8,.396,1.2,4.0,.292,2.3,4.8,.483,.462,1.7,2.3,.714,0.7,3.2,3.8,3.3,0.7,0.8,2.7,2.5,9.8,2016-2017
1054,15,Bradley Beal,SG,23,WAS,13,13,38.8,9.4,19.9,.471,2.2,7.8,.287,7.2,12.2,.589,.527,3.8,4.7,.820,1.2,2.2,3.4,2.7,1.6,0.6,2.1,2.9,24.8,2016-2017
1055,16,Michael Beasley,PF,28,MIL,4,0,12.0,1.8,5.0,.350,0.8,1.3,.600,1.0,3.8,.267,.425,0.0,1.0,.000,0.5,1.8,2.3,0.3,0.3,0.3,0.5,2.0,4.3,2016-2017
1056,17,Dāvis Bertāns,PF,24,SAS,13,0,8.6,0.9,2.1,.444,0.6,1.5,.400,0.3,0.5,.571,.593,0.3,0.5,.667,0.4,1.2,1.5,0.2,0.2,0.3,0.5,0.5,2.8,2016-2017
1057,18,Patrick Beverley,SG,28,HOU,11,11,29.5,4.1,9.9,.413,1.9,4.7,.404,2.2,5.2,.421,.509,1.0,1.3,.786,1.9,3.6,5.5,3.0,1.5,0.2,1.6,3.5,11.1,2016-2017
1058,19,Bojan Bogdanović,SF,27,WAS,13,0,20.3,2.8,6.7,.414,1.2,3.5,.356,1.5,3.2,.476,.506,2.1,2.5,.844,0.8,3.5,4.3,0.7,0.5,0.1,0.6,1.3,8.8,2016-2017
1059,20,Joel Bolomboy,PF,23,UTA,2,0,4.5,1.0,1.5,.667,0.0,0.0,0,1.0,1.5,.667,.667,0.0,0.0,0,0.0,1.0,1.0,0.0,0.0,0.5,0.0,0.0,2.0,2016-2017
1060,21,Avery Bradley,SG,26,BOS,18,18,35.8,6.7,15.1,.441,2.2,6.3,.351,4.4,8.8,.506,.515,1.2,1.5,.778,1.0,2.9,3.9,2.3,1.3,0.2,1.7,2.2,16.7,2016-2017
1061,22,Malcolm Brogdon,SG,24,MIL,6,6,30.5,3.7,9.2,.400,1.7,3.5,.476,2.0,5.7,.353,.491,0.0,0.0,0,0.5,3.8,4.3,3.5,0.5,0.3,2.0,2.0,9.0,2016-2017
1062,23,Aaron Brooks,PG,32,IND,1,0,7.0,2.0,3.0,.667,1.0,2.0,.500,1.0,1.0,1.000,.833,0.0,0.0,0,0.0,1.0,1.0,1.0,0.0,0.0,1.0,0.0,5.0,2016-2017
1063,24,Bobby Brown,PG,32,HOU,5,0,4.4,2.0,4.0,.500,1.0,2.2,.455,1.0,1.8,.556,.625,0.0,0.0,0,0.0,0.4,0.4,0.2,0.0,0.0,0.0,0.2,5.0,2016-2017
1064,25,Jaylen Brown,SF,20,BOS,17,0,12.6,2.0,4.2,.479,0.3,1.4,.217,1.7,2.8,.604,.514,0.7,1.1,.667,0.7,1.4,2.1,0.8,0.4,0.1,0.8,1.5,5.0,2016-2017
1065,26,Trey Burke,PG,24,WAS,3,0,6.7,0.0,1.3,.000,0.0,0.7,.000,0.0,0.7,.000,.000,0.0,0.0,0,0.0,0.0,0.0,1.7,0.0,0.0,0.0,0.7,0.0,2016-2017
1066,27,Jimmy Butler,SF,27,CHI,6,6,39.8,7.7,18.0,.426,1.0,3.8,.261,6.7,14.2,.471,.454,6.3,7.8,.809,1.5,5.8,7.3,4.3,1.7,0.8,2.5,1.7,22.7,2016-2017
1067,28,José Calderón,PG,35,ATL,6,0,12.5,1.8,3.8,.478,0.7,2.0,.333,1.2,1.8,.636,.565,0.0,0.0,0,0.3,1.0,1.3,2.2,0.3,0.2,0.7,1.5,4.3,2016-2017
1068,29,Isaiah Canaan,SG,25,CHI,3,2,31.7,4.3,8.7,.500,1.7,4.7,.357,2.7,4.0,.667,.596,1.3,2.0,.667,0.0,1.3,1.3,1.3,1.0,0.0,1.7,2.0,11.7,2016-2017
1069,30,Clint Capela,C,22,HOU,11,11,26.0,4.2,7.5,.561,0.0,0.1,.000,4.2,7.4,.568,.561,2.2,3.5,.615,2.4,6.4,8.7,1.1,0.7,2.5,0.7,2.5,10.5,2016-2017
1070,31,DeMarre Carroll,SF,30,TOR,10,7,15.5,1.5,3.7,.405,0.7,2.2,.318,0.8,1.5,.533,.500,0.5,0.9,.556,0.4,2.3,2.7,0.5,0.8,0.5,0.5,1.3,4.2,2016-2017
1071,32,Vince Carter,SF,40,MEM,6,6,32.5,3.3,7.0,.476,1.3,3.3,.400,2.0,3.7,.545,.571,1.2,1.2,1.000,0.7,2.7,3.3,1.5,0.3,0.0,1.7,2.5,9.2,2016-2017
1072,33,Michael Carter-Williams,PG,25,CHI,5,0,10.6,1.2,3.0,.400,0.0,0.2,.000,1.2,2.8,.429,.400,0.4,0.8,.500,0.2,0.6,0.8,1.2,0.4,0.2,1.2,1.2,2.8,2016-2017
1073,34,Semaj Christon,PG,24,OKC,2,0,10.5,1.0,2.5,.400,0.5,1.5,.333,0.5,1.0,.500,.500,0.0,0.0,0,0.0,1.5,1.5,2.5,0.5,0.0,0.0,0.5,2.5,2016-2017
1074,35,Ian Clark,SG,25,GSW,16,0,13.7,2.5,4.9,.506,0.8,2.3,.361,1.7,2.7,.628,.589,1.0,1.1,.941,0.3,1.4,1.6,0.7,0.4,0.0,0.7,1.1,6.8,2016-2017
1075,36,Norris Cole,PG,28,OKC,4,0,6.3,0.5,2.0,.250,0.3,1.0,.250,0.3,1.0,.250,.313,0.0,0.0,0,0.0,0.3,0.3,0.3,0.0,0.3,0.5,1.0,1.3,2016-2017
1076,37,Mike Conley,PG,29,MEM,6,6,37.3,8.3,17.2,.485,2.8,6.3,.447,5.5,10.8,.508,.568,5.2,6.2,.838,0.2,3.2,3.3,7.0,1.7,0.5,2.0,1.8,24.7,2016-2017
1077,38,Pat Connaughton,SG,24,POR,3,0,8.0,0.7,3.0,.222,0.0,2.0,.000,0.7,1.0,.667,.222,1.0,1.0,1.000,0.3,2.0,2.3,1.3,0.0,0.0,0.0,0.0,2.3,2016-2017
1078,39,Allen Crabbe,SG,24,POR,4,0,23.0,2.3,6.0,.375,0.8,3.3,.231,1.5,2.8,.545,.438,0.3,0.8,.333,0.0,3.0,3.0,0.5,0.3,0.0,0.3,2.3,5.5,2016-2017
1079,40,Jamal Crawford,SG,36,LAC,7,0,28.0,5.0,11.9,.422,0.9,3.6,.240,4.1,8.3,.500,.458,1.7,1.7,1.000,0.3,1.0,1.3,1.9,0.6,0.1,1.3,1.7,12.6,2016-2017
1080,41,Jae Crowder,SF,26,BOS,18,18,33.1,4.8,11.1,.435,1.7,4.9,.352,3.1,6.2,.500,.513,2.2,2.7,.833,1.1,5.3,6.4,2.7,1.1,0.3,0.7,2.9,13.6,2016-2017
1081,42,Stephen Curry,PG,28,GSW,17,17,35.4,8.9,18.4,.484,4.2,10.1,.419,4.6,8.2,.564,.599,6.1,6.7,.904,1.3,4.9,6.2,6.7,2.0,0.2,3.4,2.2,28.1,2016-2017
1082,43,Troy Daniels,SG,25,MEM,6,0,11.3,0.5,1.5,.333,0.5,1.5,.333,0.0,0.0,0,.500,0.0,0.0,0,0.2,0.7,0.8,0.3,0.3,0.0,0.3,0.2,1.5,2016-2017
1083,44,Deyonta Davis,C,20,MEM,3,0,3.7,1.0,1.7,.600,0.0,0.0,0,1.0,1.7,.600,.600,0.3,0.7,.500,0.7,1.0,1.7,0.0,0.0,0.0,0.0,0.7,2.3,2016-2017
1084,45,Dewayne Dedmon,C,27,SAS,12,3,8.1,1.2,1.9,.609,0.0,0.0,0,1.2,1.9,.609,.609,1.4,2.7,.531,1.8,2.2,3.9,0.3,0.2,0.3,0.7,1.3,3.8,2016-2017
1085,46,Sam Dekker,PF,22,HOU,4,0,7.8,0.8,3.0,.250,0.8,1.5,.500,0.0,1.5,.000,.375,0.0,0.0,0,1.3,1.3,2.5,0.3,0.3,0.3,0.0,0.5,2.3,2016-2017
1086,47,Malcolm Delaney,PG,27,ATL,1,0,3.0,3.0,3.0,1.000,1.0,1.0,1.000,2.0,2.0,1.000,1.167,1.0,2.0,.500,0.0,1.0,1.0,0.0,0.0,0.0,0.0,0.0,8.0,2016-2017
1087,48,Matthew Dellavedova,PG,26,MIL,6,0,26.5,2.7,6.8,.390,1.0,2.7,.375,1.7,4.2,.400,.463,1.3,1.7,.800,0.2,1.8,2.0,2.0,0.2,0.0,1.2,0.8,7.7,2016-2017
1088,49,DeMar DeRozan,SG,27,TOR,10,10,37.3,7.6,17.5,.434,0.1,1.5,.067,7.5,16.0,.469,.437,7.1,8.0,.888,0.4,4.5,4.9,3.4,1.4,0.0,2.5,2.6,22.4,2016-2017
1089,50,Boris Diaw,PF,34,UTA,11,9,18.5,2.2,4.4,.500,0.5,1.3,.429,1.6,3.1,.529,.563,0.8,0.9,.900,0.3,1.6,1.9,2.0,0.6,0.4,1.3,1.1,5.7,2016-2017
1090,51,Mike Dunleavy,SF,36,ATL,6,0,8.8,0.5,1.2,.429,0.3,0.8,.400,0.2,0.3,.500,.571,0.7,0.7,1.000,0.2,0.7,0.8,0.3,0.2,0.0,1.0,0.5,2.0,2016-2017
1091,52,Kevin Durant,PF,28,GSW,15,15,35.5,9.9,17.9,.556,2.5,5.7,.442,7.4,12.1,.610,.627,6.1,6.9,.893,1.1,6.9,7.9,4.3,0.8,1.3,2.5,2.6,28.5,2016-2017
1092,53,Monta Ellis,SG,31,IND,4,2,19.0,2.0,5.0,.400,0.5,2.0,.250,1.5,3.0,.500,.450,1.0,1.3,.800,0.3,1.8,2.0,1.3,0.5,0.3,1.0,1.3,5.5,2016-2017
1093,54,James Ennis III,SF,26,MEM,6,4,26.5,2.7,6.3,.421,1.0,3.2,.316,1.7,3.2,.526,.500,2.0,2.3,.857,1.3,2.8,4.2,1.2,0.8,0.3,1.2,3.3,8.3,2016-2017
1094,55,Danté Exum,PG,21,UTA,7,0,12.0,1.6,3.9,.407,0.6,1.7,.333,1.0,2.1,.467,.481,0.9,0.9,1.000,0.3,0.6,0.9,1.3,0.7,0.0,0.4,1.4,4.6,2016-2017
1095,56,Derrick Favors,PF,25,UTA,11,2,20.5,3.3,5.6,.581,0.0,0.0,0,3.3,5.6,.581,.581,1.0,2.1,.478,1.4,4.1,5.5,0.9,0.7,0.5,0.4,2.3,7.5,2016-2017
1096,57,Cristiano Felício,C,24,CHI,6,0,13.7,1.5,2.5,.600,0.0,0.0,0,1.5,2.5,.600,.600,0.2,0.3,.500,1.2,3.2,4.3,0.3,0.5,0.3,1.2,2.7,3.2,2016-2017
1097,58,Raymond Felton,PG,32,LAC,7,0,18.1,2.1,4.6,.469,0.6,1.3,.444,1.6,3.3,.478,.531,0.7,0.7,1.000,0.3,1.1,1.4,1.4,0.9,0.0,0.4,1.4,5.6,2016-2017
1098,59,Bryn Forbes,SG,23,SAS,6,0,12.2,1.0,3.5,.286,0.3,1.5,.222,0.7,2.0,.333,.333,1.0,1.0,1.000,0.0,1.0,1.0,0.5,0.0,0.2,0.3,0.8,3.3,2016-2017
1099,60,Enes Freedom,C,24,OKC,5,0,9.0,2.0,5.2,.385,0.0,0.0,0,2.0,5.2,.385,.385,0.8,0.8,1.000,0.6,1.2,1.8,0.2,0.0,0.8,0.4,1.6,4.8,2016-2017
1100,61,Channing Frye,C,33,CLE,12,0,12.8,2.6,5.0,.517,1.7,3.3,.513,0.9,1.8,.524,.683,0.5,0.6,.857,0.0,1.8,1.8,1.1,0.3,0.3,0.2,0.9,7.3,2016-2017
1101,62,Marc Gasol,C,32,MEM,6,6,40.0,6.5,13.8,.470,1.2,2.0,.583,5.3,11.8,.451,.512,5.2,5.5,.939,1.2,5.3,6.5,4.2,0.3,0.7,2.5,3.7,19.3,2016-2017
1102,63,Pau Gasol,C,36,SAS,16,7,22.8,3.1,7.1,.439,0.4,1.1,.333,2.8,6.0,.458,.465,1.1,1.5,.708,2.4,4.7,7.1,1.9,0.4,0.9,1.1,2.2,7.7,2016-2017
1103,64,Paul George,SF,26,IND,4,4,43.0,8.5,22.0,.386,4.5,10.5,.429,4.0,11.5,.348,.489,6.5,7.5,.867,1.3,7.5,8.8,7.3,1.8,0.5,3.3,3.3,28.0,2016-2017
1104,65,Taj Gibson,PF,31,OKC,5,5,23.6,4.2,7.0,.600,0.0,0.0,0,4.2,7.0,.600,.600,1.4,1.6,.875,0.6,3.0,3.6,0.6,0.2,0.0,1.6,2.6,9.8,2016-2017
1105,66,Manu Ginóbili,SG,39,SAS,16,1,17.8,2.5,6.1,.412,0.6,2.5,.225,1.9,3.6,.544,.459,1.1,1.4,.739,0.6,1.8,2.4,2.4,1.0,0.1,0.8,1.8,6.6,2016-2017
1106,67,Rudy Gobert,C,24,UTA,9,9,27.3,4.4,7.0,.635,0.0,0.0,0,4.4,7.0,.635,.635,2.7,5.6,.480,2.4,7.4,9.9,1.2,1.0,1.3,1.0,3.3,11.6,2016-2017
1107,68,Eric Gordon,SG,28,HOU,11,2,32.5,4.6,11.0,.421,2.5,6.4,.386,2.2,4.6,.471,.533,1.2,1.6,.722,0.5,3.5,3.9,2.0,0.7,0.5,1.3,1.8,12.9,2016-2017
1108,69,Marcin Gortat,C,32,WAS,13,13,31.5,3.6,7.2,.505,0.0,0.0,0,3.6,7.2,.505,.505,0.8,1.4,.611,4.0,7.0,11.0,1.8,0.4,1.5,1.3,3.1,8.1,2016-2017
1109,70,Jerami Grant,PF,22,OKC,5,0,22.2,3.8,6.2,.613,0.4,1.2,.333,3.4,5.0,.680,.645,1.2,1.4,.857,1.4,2.4,3.8,0.8,0.2,0.4,0.6,1.4,9.2,2016-2017
1110,71,Jerian Grant,PG,24,CHI,5,2,10.4,1.2,4.6,.261,0.2,1.8,.111,1.0,2.8,.357,.283,0.6,0.6,1.000,0.0,0.8,0.8,1.0,0.4,0.0,1.4,0.6,3.2,2016-2017
1111,72,Danny Green,SG,29,SAS,16,16,27.3,2.8,6.9,.405,1.6,4.8,.342,1.2,2.2,.543,.523,0.5,0.9,.571,0.8,2.8,3.6,1.4,0.6,0.9,1.1,1.9,7.8,2016-2017
1112,73,Draymond Green,PF,26,GSW,17,17,34.9,4.2,9.5,.447,1.9,4.6,.410,2.4,4.9,.482,.547,2.7,3.9,.687,1.2,7.9,9.1,6.5,1.8,1.6,2.1,3.5,13.1,2016-2017
1113,74,Gerald Green,SF,31,BOS,13,7,14.8,2.6,5.5,.472,1.6,3.5,.467,1.0,2.1,.481,.618,0.6,0.7,.889,0.2,1.4,1.5,0.7,0.2,0.1,0.5,1.6,7.5,2016-2017
1114,75,JaMychal Green,PF,26,MEM,6,2,19.7,2.8,6.0,.472,1.2,2.7,.438,1.7,3.3,.500,.569,0.5,0.5,1.000,0.5,2.8,3.3,0.3,0.0,0.0,0.7,3.5,7.3,2016-2017
1115,76,Blake Griffin,PF,27,LAC,3,3,33.0,8.3,17.0,.490,1.3,2.0,.667,7.0,15.0,.467,.529,2.3,2.3,1.000,1.0,5.0,6.0,2.3,0.7,0.3,2.0,0.7,20.3,2016-2017
1116,77,Tim Hardaway Jr.,SG,24,ATL,6,6,33.3,4.5,13.7,.329,1.8,7.0,.262,2.7,6.7,.400,.396,2.0,3.2,.632,0.5,2.2,2.7,1.2,0.5,0.0,1.7,2.2,12.8,2016-2017
1117,78,James Harden,PG,27,HOU,11,11,37.0,8.2,19.8,.413,2.9,10.5,.278,5.3,9.4,.563,.486,9.2,10.5,.878,0.6,4.8,5.5,8.5,1.9,0.5,5.4,3.9,28.5,2016-2017
1118,79,Maurice Harkless,SF,23,POR,4,4,24.8,2.5,8.5,.294,0.5,3.0,.167,2.0,5.5,.364,.324,1.8,2.0,.875,1.8,1.5,3.3,0.8,1.3,1.3,0.3,3.5,7.3,2016-2017
1119,80,Montrezl Harrell,C,23,HOU,5,0,4.2,0.2,0.6,.333,0.0,0.0,0,0.2,0.6,.333,.333,0.6,1.2,.500,0.2,1.0,1.2,0.4,0.0,0.0,0.4,1.4,1.0,2016-2017
1120,81,Andrew Harrison,PG,22,MEM,6,0,19.8,2.2,4.8,.448,0.8,2.2,.385,1.3,2.7,.500,.534,1.3,1.5,.889,0.7,1.2,1.8,2.2,0.5,0.2,0.5,2.3,6.5,2016-2017
1121,82,Spencer Hawes,PF,28,MIL,3,0,5.7,0.7,1.7,.400,0.3,0.7,.500,0.3,1.0,.333,.500,0.0,0.0,0,0.7,0.7,1.3,0.3,0.0,0.3,0.3,1.0,1.7,2016-2017
1122,83,Gordon Hayward,SF,26,UTA,11,11,37.4,7.5,17.1,.441,2.5,6.2,.412,5.0,10.9,.458,.516,6.5,6.9,.934,0.6,5.5,6.1,3.4,0.9,0.3,2.2,2.1,24.1,2016-2017
1123,84,John Henson,C,26,MIL,2,0,6.0,0.5,2.0,.250,0.0,0.0,0,0.5,2.0,.250,.250,0.5,0.5,1.000,1.0,1.0,2.0,0.0,0.5,0.0,0.5,0.5,1.5,2016-2017
1124,85,Nenê,C,34,HOU,9,0,17.9,4.0,5.7,.706,0.0,0.1,.000,4.0,5.6,.720,.706,2.0,3.4,.581,1.2,3.4,4.7,0.6,0.7,0.4,1.0,2.7,10.0,2016-2017
1125,86,George Hill,PG,30,UTA,8,8,35.1,5.8,12.3,.469,1.5,3.9,.387,4.3,8.4,.507,.531,2.6,3.6,.724,1.0,3.1,4.1,3.6,0.3,0.1,1.6,3.1,15.6,2016-2017
1126,87,Rodney Hood,SG,24,UTA,11,0,25.2,3.4,9.5,.352,1.2,4.5,.260,2.2,5.0,.436,.414,1.0,1.6,.611,0.1,2.6,2.7,1.1,0.5,0.0,0.9,2.7,8.9,2016-2017
1127,88,Al Horford,C,30,BOS,18,18,33.9,6.2,10.6,.584,1.5,2.9,.519,4.7,7.7,.609,.655,1.2,1.6,.759,1.7,4.8,6.6,5.4,0.8,0.8,1.8,1.8,15.1,2016-2017
1128,89,Dwight Howard,C,31,ATL,6,6,26.2,3.0,6.0,.500,0.0,0.0,0,3.0,6.0,.500,.500,2.0,3.2,.632,3.0,7.7,10.7,1.3,1.0,0.8,1.8,3.5,8.0,2016-2017
1129,90,Kris Humphries,PF,31,ATL,1,0,3.0,0.0,0.0,0,0.0,0.0,0,0.0,0.0,0,0,0.0,0.0,0,0.0,0.0,0.0,0.0,0.0,1.0,0.0,0.0,0.0,2016-2017
1130,91,Serge Ibaka,PF,27,TOR,10,10,30.7,6.0,13.0,.462,1.2,3.8,.316,4.8,9.2,.522,.508,1.1,1.3,.846,0.9,5.6,6.5,1.4,0.4,1.7,1.1,3.7,14.3,2016-2017
1131,92,Andre Iguodala,SF,33,GSW,16,0,26.2,2.9,6.3,.455,0.5,2.6,.190,2.4,3.7,.644,.495,0.9,1.6,.577,0.6,3.5,4.1,3.2,0.9,0.4,1.0,1.8,7.2,2016-2017
1132,93,Ersan İlyasova,PF,29,ATL,6,0,15.0,1.3,3.8,.348,0.2,0.8,.200,1.2,3.0,.389,.370,1.2,1.5,.778,2.3,2.8,5.2,0.3,0.2,0.0,0.8,1.2,4.0,2016-2017
1133,94,Joe Ingles,SF,29,UTA,11,11,30.4,2.3,5.6,.403,1.4,3.7,.366,0.9,1.9,.476,.524,0.5,0.8,.667,0.2,3.5,3.7,3.3,2.0,0.5,1.5,2.5,6.5,2016-2017
1134,95,Kyrie Irving,PG,24,CLE,18,18,36.3,9.6,20.6,.468,2.4,6.6,.373,7.2,14.0,.512,.527,4.2,4.7,.905,0.7,2.1,2.8,5.3,1.3,0.4,2.7,2.1,25.9,2016-2017
1135,96,LeBron James,SF,32,CLE,18,18,41.3,12.1,21.3,.565,2.4,5.9,.411,9.6,15.4,.625,.622,6.3,9.0,.698,1.1,8.1,9.1,7.8,1.9,1.3,4.0,2.4,32.8,2016-2017
1136,97,Richard Jefferson,SF,36,CLE,14,0,12.8,1.1,2.7,.421,0.4,1.4,.263,0.8,1.4,.579,.487,1.3,2.0,.643,0.7,1.1,1.8,0.5,0.1,0.2,0.6,2.1,3.9,2016-2017
1137,98,Brandon Jennings,PG,27,WAS,13,0,13.7,1.1,2.8,.389,0.2,1.0,.154,0.9,1.8,.522,.417,0.5,0.6,.875,0.4,1.1,1.5,1.8,0.2,0.0,0.6,1.0,2.8,2016-2017
1138,99,Jonas Jerebko,PF,29,BOS,12,0,10.7,1.3,2.6,.484,0.4,1.3,.333,0.8,1.3,.625,.565,0.7,0.7,1.000,0.6,1.8,2.4,1.0,0.4,0.3,0.5,1.1,3.6,2016-2017
1139,100,Amir Johnson,PF,29,BOS,14,9,10.1,1.1,2.1,.500,0.1,0.2,.333,1.0,1.9,.519,.517,0.4,0.6,.625,1.2,0.9,2.1,0.2,0.3,0.4,0.4,1.7,2.6,2016-2017
1140,101,Joe Johnson,SF,35,UTA,11,2,29.6,5.3,12.1,.436,1.4,4.1,.333,3.9,8.0,.489,.492,1.0,1.4,.733,0.7,3.2,3.9,2.5,0.5,0.1,1.2,1.9,12.9,2016-2017
1141,102,Wesley Johnson,SF,29,LAC,3,0,3.7,0.0,0.0,0,0.0,0.0,0,0.0,0.0,0,0,0.3,0.7,.500,0.0,0.7,0.7,0.0,0.3,0.0,0.0,0.7,0.3,2016-2017
1142,103,Dahntay Jones,SF,36,CLE,10,0,3.3,0.5,1.0,.500,0.1,0.2,.500,0.4,0.8,.500,.550,0.5,0.5,1.000,0.1,0.6,0.7,0.1,0.0,0.1,0.1,0.7,1.6,2016-2017
1143,104,Damian Jones,C,21,GSW,4,0,5.3,0.8,1.8,.429,0.0,0.0,0,0.8,1.8,.429,.429,0.3,0.5,.500,1.0,0.5,1.5,0.0,0.5,0.3,0.0,0.8,1.8,2016-2017
1144,105,James Jones,SF,36,CLE,8,0,3.8,0.1,0.6,.200,0.0,0.4,.000,0.1,0.3,.500,.200,0.0,0.0,0,0.1,0.4,0.5,0.0,0.0,0.0,0.3,0.4,0.3,2016-2017
1145,106,DeAndre Jordan,C,28,LAC,7,7,37.7,6.1,8.7,.705,0.0,0.1,.000,6.1,8.6,.717,.705,3.1,8.0,.393,3.6,10.9,14.4,0.7,0.4,0.9,2.4,4.1,15.4,2016-2017
1146,107,Cory Joseph,PG,25,TOR,10,2,21.2,3.1,7.1,.437,0.9,2.2,.409,2.2,4.9,.449,.500,0.8,0.8,1.000,0.4,1.7,2.1,3.1,0.4,0.2,1.4,1.7,7.9,2016-2017
1147,108,Kyle Korver,SG,35,CLE,18,0,18.1,1.9,4.4,.425,1.5,3.8,.391,0.4,0.6,.636,.594,0.6,0.6,1.000,0.1,1.6,1.7,0.7,0.4,0.3,0.4,1.2,5.8,2016-2017
1148,109,Joffrey Lauvergne,C,25,CHI,3,0,8.7,1.3,3.7,.364,0.0,0.7,.000,1.3,3.0,.444,.364,2.0,2.0,1.000,1.7,1.3,3.0,1.7,0.0,0.0,0.7,0.3,4.7,2016-2017
1149,110,Jake Layman,SF,22,POR,2,0,8.0,1.0,2.0,.500,0.5,0.5,1.000,0.5,1.5,.333,.625,0.5,1.0,.500,0.0,0.5,0.5,0.5,0.5,0.0,0.0,1.0,3.0,2016-2017
1150,111,David Lee,PF,33,SAS,15,4,16.3,1.7,3.2,.521,0.0,0.1,.000,1.7,3.1,.532,.521,0.7,1.1,.647,1.3,2.5,3.8,0.7,0.3,0.3,0.4,1.3,4.1,2016-2017
1151,112,Kawhi Leonard,SF,25,SAS,12,12,35.8,8.8,16.8,.525,2.1,4.6,.455,6.8,12.3,.551,.587,7.9,8.5,.931,1.6,6.2,7.8,4.6,1.7,0.5,2.2,1.8,27.7,2016-2017
1152,113,Meyers Leonard,PF,24,POR,3,1,10.3,0.3,1.7,.200,0.0,1.3,.000,0.3,0.3,1.000,.200,0.0,0.0,0,0.7,2.0,2.7,0.3,0.0,0.0,1.3,2.0,0.7,2016-2017
1153,114,Damian Lillard,PG,26,POR,4,4,37.8,9.8,22.5,.433,2.3,8.0,.281,7.5,14.5,.517,.483,6.0,6.3,.960,1.0,3.5,4.5,3.3,1.3,0.5,3.3,2.8,27.8,2016-2017
1154,115,Shaun Livingston,PG,31,GSW,14,0,15.7,2.4,4.2,.576,0.0,0.0,0,2.4,4.2,.576,.576,0.4,0.5,.714,0.7,1.4,2.1,1.4,0.4,0.1,0.7,1.7,5.2,2016-2017
1155,116,Robin Lopez,C,28,CHI,6,6,27.0,5.7,8.7,.654,0.0,0.0,0,5.7,8.7,.654,.654,1.3,1.3,1.000,4.7,2.5,7.2,0.8,0.5,1.0,1.3,2.2,12.7,2016-2017
1156,117,Kevin Love,PF,28,CLE,18,18,32.1,5.3,12.1,.436,2.8,6.2,.450,2.5,5.9,.421,.550,3.5,4.2,.840,2.0,8.6,10.6,1.7,1.2,0.9,1.7,2.6,16.8,2016-2017
1157,118,Kyle Lowry,PG,30,TOR,8,8,37.5,5.4,11.6,.462,1.6,4.8,.342,3.8,6.9,.545,.532,3.4,4.1,.818,0.4,2.8,3.1,5.9,1.5,0.5,2.1,3.3,15.8,2016-2017
1158,119,Trey Lyles,PF,21,UTA,2,0,5.0,1.5,3.5,.429,0.5,1.5,.333,1.0,2.0,.500,.500,0.0,0.0,0,0.0,1.0,1.0,0.5,0.5,0.0,0.5,0.5,3.5,2016-2017
1159,120,Sheldon Mac,SG,24,WAS,7,0,2.4,0.7,1.3,.556,0.3,0.7,.400,0.4,0.6,.750,.667,0.3,0.3,1.000,0.0,0.3,0.3,0.0,0.0,0.0,0.1,0.1,2.0,2016-2017
1160,121,Shelvin Mack,PG,26,UTA,9,3,17.2,1.9,5.4,.347,0.8,1.7,.467,1.1,3.8,.294,.418,1.4,1.7,.867,0.3,2.4,2.8,2.0,0.4,0.0,1.0,1.6,6.0,2016-2017
1161,122,Ian Mahinmi,C,30,WAS,5,0,12.6,1.0,1.8,.556,0.0,0.0,0,1.0,1.8,.556,.556,0.8,2.2,.364,0.6,1.6,2.2,1.2,0.2,1.2,0.6,3.4,2.8,2016-2017
1162,123,Thon Maker,C,19,MIL,6,6,19.3,2.0,5.2,.387,0.3,1.7,.200,1.7,3.5,.476,.419,1.5,1.8,.818,1.3,1.8,3.2,2.0,0.8,1.8,1.3,3.0,5.8,2016-2017
1163,124,Jarell Martin,PF,22,MEM,3,0,3.3,0.3,1.0,.333,0.0,0.0,0,0.3,1.0,.333,.333,0.0,0.0,0,0.7,0.7,1.3,0.0,0.3,0.0,0.0,0.7,0.7,2016-2017
1164,125,Luc Mbah a Moute,SF,30,LAC,7,7,32.0,2.4,6.1,.395,0.7,2.3,.313,1.7,3.9,.444,.453,2.0,2.9,.700,1.4,3.6,5.0,1.0,1.1,0.6,0.4,2.3,7.6,2016-2017
1165,126,James Michael McAdoo,PF,24,GSW,13,0,4.3,0.7,1.3,.529,0.2,0.4,.400,0.5,0.9,.583,.588,0.3,0.5,.667,0.4,0.6,1.0,0.0,0.2,0.2,0.1,0.4,1.8,2016-2017
1166,127,Patrick McCaw,SG,21,GSW,15,3,12.1,1.4,3.2,.438,0.5,1.5,.348,0.9,1.7,.520,.521,0.7,0.9,.846,0.7,1.5,2.2,1.1,0.6,0.2,0.2,0.9,4.1,2016-2017
1167,128,CJ McCollum,SG,25,POR,4,4,35.0,8.0,20.0,.400,2.8,5.5,.500,5.3,14.5,.362,.469,3.8,4.0,.938,2.0,4.0,6.0,1.0,1.0,0.5,3.8,2.5,22.5,2016-2017
1168,129,Doug McDermott,SF,25,OKC,5,0,13.2,1.8,3.6,.500,1.4,2.6,.538,0.4,1.0,.400,.694,0.0,0.0,0,0.0,1.0,1.0,0.2,0.2,0.2,0.2,0.4,5.0,2016-2017
1169,130,JaVale McGee,C,29,GSW,16,1,9.3,2.6,3.5,.732,0.0,0.0,0,2.6,3.5,.732,.732,0.8,1.1,.722,1.4,1.6,3.0,0.3,0.1,0.9,0.5,1.9,5.9,2016-2017
1170,131,Jordan Mickey,PF,22,BOS,2,0,9.0,1.0,2.5,.400,0.0,0.0,0,1.0,2.5,.400,.400,0.0,0.0,0,0.0,2.5,2.5,0.0,0.0,0.5,0.5,1.5,2.0,2016-2017
1171,132,Khris Middleton,SF,25,MIL,6,6,38.5,5.2,13.0,.397,1.2,3.2,.368,4.0,9.8,.407,.442,3.0,3.7,.818,0.0,4.7,4.7,5.3,2.0,0.0,1.8,2.8,14.5,2016-2017
1172,133,C.J. Miles,SF,29,IND,4,2,20.5,2.8,6.0,.458,1.3,4.0,.313,1.5,2.0,.750,.563,0.5,0.5,1.000,1.0,1.0,2.0,0.3,0.5,0.3,0.5,3.0,7.3,2016-2017
1173,134,Patty Mills,PG,28,SAS,16,6,26.0,3.6,8.8,.407,2.0,5.6,.360,1.6,3.2,.490,.521,1.2,1.4,.864,0.3,1.8,2.1,2.7,0.8,0.1,1.3,2.1,10.3,2016-2017
1174,135,Paul Millsap,PF,31,ATL,6,6,36.5,8.3,16.5,.505,0.5,2.8,.176,7.8,13.7,.573,.520,7.2,8.8,.811,1.5,7.8,9.3,4.3,1.7,0.7,3.8,3.2,24.3,2016-2017
1175,136,Nikola Mirotić,PF,25,CHI,6,6,27.0,2.8,8.3,.340,1.7,5.8,.286,1.2,2.5,.467,.440,1.3,1.7,.800,0.7,4.3,5.0,1.5,0.7,0.5,0.7,2.7,8.7,2016-2017
1176,137,Greg Monroe,C,26,MIL,6,0,23.5,4.5,8.5,.529,0.0,0.0,0,4.5,8.5,.529,.529,4.2,5.0,.833,2.8,4.5,7.3,1.7,1.3,0.5,1.8,2.7,13.2,2016-2017
1177,138,Markieff Morris,PF,27,WAS,13,13,28.7,4.5,11.2,.407,1.1,2.9,.368,3.5,8.2,.421,.455,1.9,2.4,.806,1.4,5.0,6.4,1.7,0.9,1.3,1.6,3.5,12.1,2016-2017
1178,139,Anthony Morrow,SG,31,CHI,3,0,9.7,1.7,3.0,.556,0.0,0.0,0,1.7,3.0,.556,.556,0.7,0.7,1.000,0.0,1.0,1.0,0.7,0.0,0.0,0.0,0.7,4.0,2016-2017
1179,140,Dejounte Murray,PG,20,SAS,11,2,15.3,2.1,5.5,.377,0.0,0.3,.000,2.1,5.3,.397,.377,1.5,2.3,.680,0.4,2.1,2.5,2.5,1.5,0.1,1.5,1.3,5.7,2016-2017
1180,141,Mike Muscala,C,25,ATL,6,0,13.5,0.8,3.0,.278,0.0,0.7,.000,0.8,2.3,.357,.278,1.2,1.3,.875,1.0,1.7,2.7,0.3,0.2,0.5,0.2,2.0,2.8,2016-2017
1181,142,Shabazz Napier,PG,25,POR,4,0,11.8,2.0,4.8,.421,1.3,2.8,.455,0.8,2.0,.375,.553,1.5,2.0,.750,0.3,0.8,1.0,0.8,0.5,0.0,0.0,1.5,6.8,2016-2017
1182,143,Raul Neto,PG,24,UTA,9,0,6.7,0.9,1.4,.615,0.3,0.7,.500,0.6,0.8,.714,.731,0.4,0.4,1.000,0.0,0.8,0.8,0.4,0.1,0.1,0.3,0.9,2.6,2016-2017
1183,144,Lucas Nogueira,C,24,TOR,3,0,2.3,0.3,0.7,.500,0.0,0.0,0,0.3,0.7,.500,.500,0.3,0.7,.500,0.7,1.0,1.7,0.0,0.0,0.0,0.0,0.3,1.0,2016-2017
1184,145,Jusuf Nurkić,C,22,POR,1,1,17.0,1.0,3.0,.333,0.0,1.0,.000,1.0,2.0,.500,.333,0.0,0.0,0,0.0,11.0,11.0,4.0,0.0,1.0,3.0,1.0,2.0,2016-2017
1185,146,Daniel Ochefu,C,23,WAS,4,0,1.3,0.0,0.3,.000,0.0,0.0,0,0.0,0.3,.000,.000,0.0,0.0,0,0.0,0.3,0.3,0.0,0.0,0.0,0.3,0.3,0.0,2016-2017
1186,147,Victor Oladipo,SG,24,OKC,5,5,36.2,4.2,12.2,.344,1.2,5.0,.240,3.0,7.2,.417,.393,1.2,1.2,1.000,0.4,5.2,5.6,2.0,1.4,0.6,1.2,3.4,10.8,2016-2017
1187,148,Kelly Olynyk,C,25,BOS,18,2,19.2,3.6,6.9,.512,0.8,2.6,.319,2.7,4.3,.628,.572,1.2,1.7,.733,0.8,2.4,3.2,1.9,0.7,0.8,1.2,2.6,9.2,2016-2017
1188,149,Kelly Oubre Jr.,SF,21,WAS,12,0,15.3,2.2,5.1,.426,0.9,2.5,.367,1.3,2.6,.484,.516,0.6,0.8,.700,0.8,1.6,2.3,0.3,0.8,0.4,0.6,3.2,5.8,2016-2017
1189,150,Zaza Pachulia,C,32,GSW,15,15,14.1,2.1,4.0,.533,0.0,0.1,.000,2.1,3.9,.542,.533,0.9,1.1,.765,1.2,2.6,3.8,0.8,0.5,0.3,0.9,2.1,5.1,2016-2017
1190,151,Tony Parker,PG,34,SAS,8,8,26.4,6.4,12.1,.526,1.4,2.4,.579,5.0,9.8,.513,.582,1.8,1.8,1.000,0.3,2.3,2.5,3.1,0.5,0.0,1.5,1.3,15.9,2016-2017
1191,152,Patrick Patterson,PF,27,TOR,10,1,18.5,1.0,3.6,.278,0.8,2.6,.308,0.2,1.0,.200,.389,0.6,0.6,1.000,0.1,1.9,2.0,2.0,0.7,0.2,0.6,0.4,3.4,2016-2017
1192,153,Chris Paul,PG,31,LAC,7,7,37.1,9.6,19.3,.496,2.0,5.4,.368,7.6,13.9,.546,.548,4.1,4.7,.879,0.6,4.4,5.0,9.9,1.7,0.1,2.7,3.4,25.3,2016-2017
1193,154,Cameron Payne,PG,22,CHI,1,0,4.0,1.0,2.0,.500,1.0,1.0,1.000,0.0,1.0,.000,.750,0.0,0.0,0,0.0,1.0,1.0,0.0,0.0,0.0,1.0,0.0,3.0,2016-2017
1194,155,Paul Pierce,SF,39,LAC,7,0,14.4,1.1,2.6,.444,0.6,1.4,.400,0.6,1.1,.500,.556,0.1,0.1,1.000,0.3,1.7,2.0,1.0,0.3,0.0,0.6,1.6,3.0,2016-2017
1195,156,Jakob Poeltl,C,21,TOR,6,0,4.3,0.8,1.8,.455,0.0,0.0,0,0.8,1.8,.455,.455,0.0,0.3,.000,1.0,1.0,2.0,0.0,0.2,0.2,0.0,0.5,1.7,2016-2017
1196,157,Otto Porter Jr.,SF,23,WAS,13,13,32.9,4.5,8.4,.532,0.8,3.0,.282,3.6,5.4,.671,.583,2.4,2.7,.886,1.2,5.8,6.9,1.8,1.6,0.5,0.8,2.0,12.2,2016-2017
1197,158,Bobby Portis,PF,21,CHI,6,0,20.2,2.8,5.5,.515,1.0,2.2,.462,1.8,3.3,.550,.606,0.0,0.0,0,0.8,5.2,6.0,1.2,0.5,0.5,1.0,1.7,6.7,2016-2017
1198,159,Norman Powell,SG,23,TOR,9,5,25.2,3.9,9.1,.427,1.7,3.8,.441,2.2,5.3,.417,.518,2.2,2.7,.833,0.6,2.6,3.1,1.6,1.1,0.3,1.7,2.8,11.7,2016-2017
1199,160,Taurean Prince,SF,22,ATL,6,6,31.2,4.8,8.7,.558,0.7,2.3,.286,4.2,6.3,.658,.596,0.8,0.8,1.000,1.2,4.2,5.3,1.3,0.3,0.2,1.2,1.5,11.2,2016-2017
1200,161,Tim Quarterman,SG,22,POR,2,0,3.5,0.5,1.0,.500,0.5,1.0,.500,0.0,0.0,0,.750,0.0,0.0,0,0.0,0.0,0.0,0.5,0.0,0.0,0.0,0.5,1.5,2016-2017
1201,162,Zach Randolph,PF,35,MEM,6,4,31.8,5.8,13.8,.422,0.2,1.2,.143,5.7,12.7,.447,.428,1.3,1.8,.727,1.5,6.7,8.2,0.7,0.8,0.3,1.2,2.3,13.2,2016-2017
1202,163,JJ Redick,SG,32,LAC,7,7,29.4,2.7,7.1,.380,1.3,3.7,.346,1.4,3.4,.417,.470,2.4,2.9,.850,0.0,1.7,1.7,0.9,0.3,0.0,1.9,2.4,9.1,2016-2017
1203,164,Austin Rivers,SG,24,LAC,3,2,30.0,3.0,8.7,.346,1.3,4.3,.308,1.7,4.3,.385,.423,0.7,0.7,1.000,0.3,2.3,2.7,0.7,0.3,0.3,1.7,2.0,8.0,2016-2017
1204,165,Andre Roberson,SF,25,OKC,5,5,37.0,4.8,9.2,.522,1.4,3.4,.412,3.4,5.8,.586,.598,0.6,4.2,.143,3.6,2.6,6.2,1.8,2.4,3.4,1.4,3.0,11.6,2016-2017
1205,166,Glenn Robinson III,SF,23,IND,3,0,10.3,2.0,2.0,1.000,0.7,0.7,1.000,1.3,1.3,1.000,1.167,0.3,0.7,.500,0.0,1.0,1.0,0.3,0.0,0.0,0.0,0.7,5.0,2016-2017
1206,167,Rajon Rondo,PG,30,CHI,2,2,33.5,5.5,13.0,.423,0.0,3.0,.000,5.5,10.0,.550,.423,0.5,1.0,.500,3.5,5.0,8.5,10.0,3.5,0.5,2.0,3.0,11.5,2016-2017
1207,168,Terry Rozier,PG,22,BOS,17,0,16.3,1.9,4.8,.402,0.8,2.2,.368,1.1,2.6,.432,.488,0.9,1.2,.800,0.7,1.9,2.6,1.9,0.6,0.2,0.6,1.2,5.6,2016-2017
1208,169,Domantas Sabonis,PF,20,OKC,2,0,3.0,0.0,1.5,.000,0.0,0.5,.000,0.0,1.0,.000,.000,2.0,2.0,1.000,0.0,1.0,1.0,0.0,0.5,0.5,0.0,2.0,2.0,2016-2017
1209,170,Tomáš Satoranský,SG,25,WAS,10,0,3.6,0.3,0.6,.500,0.0,0.0,0,0.3,0.6,.500,.500,0.2,0.5,.400,0.1,0.4,0.5,0.6,0.1,0.0,0.2,0.4,0.8,2016-2017
1210,171,Dennis Schröder,PG,23,ATL,6,6,35.2,8.3,18.3,.455,2.8,6.7,.425,5.5,11.7,.471,.532,5.2,6.2,.838,0.7,1.7,2.3,7.7,1.0,0.0,1.7,3.2,24.7,2016-2017
1211,172,Thabo Sefolosha,SF,32,ATL,4,0,2.3,0.0,0.3,.000,0.0,0.0,0,0.0,0.3,.000,.000,0.3,1.0,.250,0.0,0.0,0.0,0.0,0.0,0.0,0.0,0.3,0.3,2016-2017
1212,173,Wayne Selden,SG,22,MEM,6,2,17.7,1.5,4.3,.346,0.3,1.8,.182,1.2,2.5,.467,.385,0.5,0.7,.750,0.5,1.0,1.5,1.2,0.2,0.2,0.3,1.3,3.8,2016-2017
1213,174,Kevin Séraphin,PF,27,IND,4,0,14.8,3.0,6.5,.462,0.0,0.0,0,3.0,6.5,.462,.462,1.3,1.8,.714,2.0,1.5,3.5,1.0,0.0,0.5,1.0,2.5,7.3,2016-2017
1214,175,Iman Shumpert,SG,26,CLE,17,0,16.2,1.5,3.5,.417,0.6,1.5,.385,0.9,2.0,.441,.500,0.8,1.0,.824,0.4,2.4,2.8,0.9,0.6,0.2,0.4,1.9,4.4,2016-2017
1215,176,Pascal Siakam,PF,22,TOR,2,0,5.0,0.0,1.0,.000,0.0,0.0,0,0.0,1.0,.000,.000,0.0,0.0,0,1.0,0.5,1.5,0.5,0.5,0.0,0.0,0.5,0.0,2016-2017
1216,177,Jonathon Simmons,SG,27,SAS,15,4,20.4,4.1,9.1,.456,0.9,2.5,.351,3.3,6.6,.495,.504,1.4,2.1,.677,0.6,1.3,1.9,1.9,0.6,0.1,0.7,2.0,10.5,2016-2017
1217,178,Kyle Singler,SF,28,OKC,1,0,10.0,0.0,1.0,.000,0.0,0.0,0,0.0,1.0,.000,.000,0.0,0.0,0,0.0,1.0,1.0,0.0,0.0,0.0,0.0,2.0,0.0,2016-2017
1218,179,Marcus Smart,SG,22,BOS,18,3,29.9,2.6,7.4,.351,1.6,4.1,.397,1.0,3.4,.295,.459,1.8,2.8,.640,1.3,3.4,4.7,4.7,1.5,0.9,2.1,2.8,8.6,2016-2017
1219,180,J.R. Smith,SG,31,CLE,18,18,27.1,2.8,5.5,.505,2.2,4.4,.500,0.6,1.1,.526,.707,0.3,0.6,.455,0.3,2.1,2.3,0.7,0.7,0.3,0.7,2.3,8.1,2016-2017
1220,181,Jason Smith,C,30,WAS,13,0,12.1,1.5,3.0,.487,0.2,0.8,.300,1.2,2.2,.552,.526,0.8,1.1,.714,0.8,1.5,2.2,0.3,0.2,0.5,0.8,2.3,3.9,2016-2017
1221,182,Tony Snell,SG,25,MIL,6,6,30.8,3.7,7.3,.500,2.7,5.2,.516,1.0,2.2,.462,.682,0.0,0.0,0,0.3,2.0,2.3,1.5,0.2,0.2,0.3,2.8,10.0,2016-2017
1222,183,Marreese Speights,C,29,LAC,7,2,14.0,2.3,5.3,.432,1.0,2.9,.350,1.3,2.4,.529,.527,1.0,1.4,.700,0.6,2.3,2.9,0.4,0.3,0.4,0.4,1.9,6.6,2016-2017
1223,184,Lance Stephenson,SG,26,IND,4,0,26.8,6.8,13.3,.509,1.8,4.5,.389,5.0,8.8,.571,.575,0.8,1.0,.750,0.3,5.0,5.3,2.8,0.5,0.0,1.0,2.8,16.0,2016-2017
1224,185,Isaiah Taylor,PG,22,HOU,3,0,3.3,0.0,0.7,.000,0.0,0.3,.000,0.0,0.3,.000,.000,0.0,0.0,0,0.3,0.3,0.7,0.3,0.0,0.0,0.0,0.3,0.0,2016-2017
1225,186,Jeff Teague,PG,28,IND,4,4,35.5,5.5,11.3,.489,2.3,4.3,.529,3.3,7.0,.464,.589,3.8,4.5,.833,0.0,3.3,3.3,6.3,1.0,0.8,2.0,3.0,17.0,2016-2017
1226,187,Mirza Teletović,PF,31,MIL,3,0,9.0,0.3,2.0,.167,0.3,1.3,.250,0.0,0.7,.000,.250,0.0,0.0,0,0.0,1.0,1.0,0.0,0.3,0.0,0.3,1.0,1.0,2016-2017
1227,188,Jason Terry,SG,39,MIL,6,0,11.3,1.0,3.0,.333,0.3,1.7,.200,0.7,1.3,.500,.389,0.2,0.2,1.000,0.3,1.0,1.3,0.8,0.5,0.2,0.3,1.2,2.5,2016-2017
1228,189,Isaiah Thomas,PG,27,BOS,15,15,34.7,7.4,17.4,.425,2.4,7.2,.333,5.0,10.2,.490,.494,6.1,7.4,.820,0.3,2.8,3.1,6.7,0.9,0.1,3.3,2.3,23.3,2016-2017
1229,190,Klay Thompson,SG,26,GSW,17,17,35.1,5.5,13.9,.397,2.4,6.2,.387,3.1,7.7,.405,.483,1.5,1.9,.788,0.6,3.2,3.9,2.1,0.8,0.3,1.4,2.6,15.0,2016-2017
1230,191,Tristan Thompson,C,25,CLE,18,18,31.2,3.0,5.1,.587,0.0,0.0,0,3.0,5.1,.587,.587,2.2,3.3,.667,3.8,4.5,8.3,1.4,0.5,0.7,1.2,2.0,8.2,2016-2017
1231,192,P.J. Tucker,SF,31,TOR,10,1,25.1,1.8,4.9,.367,0.9,2.8,.321,0.9,2.1,.429,.459,0.5,0.8,.625,1.5,4.2,5.7,1.1,0.6,0.3,0.8,2.7,5.0,2016-2017
1232,193,Evan Turner,SF,28,POR,4,4,31.0,3.0,8.3,.364,1.3,3.8,.333,1.8,4.5,.389,.439,3.0,4.0,.750,0.8,5.0,5.8,3.8,1.8,0.5,1.8,1.8,10.3,2016-2017
1233,194,Myles Turner,C,20,IND,4,4,33.3,4.8,11.0,.432,0.0,1.5,.000,4.8,9.5,.500,.432,1.3,2.0,.625,1.5,5.3,6.8,0.8,1.8,1.3,1.5,3.8,10.8,2016-2017
1234,195,Jonas Valančiūnas,C,24,TOR,10,6,22.6,4.4,8.1,.543,0.0,0.1,.000,4.4,8.0,.550,.543,2.4,3.3,.727,0.9,5.8,6.7,0.2,0.2,0.6,1.3,2.2,11.2,2016-2017
1235,196,Denzel Valentine,SG,23,CHI,4,0,5.5,0.5,1.5,.333,0.3,1.0,.250,0.3,0.5,.500,.417,0.0,0.0,0,0.0,2.0,2.0,0.5,0.0,0.3,0.5,0.3,1.3,2016-2017
1236,197,Fred VanVleet,PG,22,TOR,7,0,4.1,0.9,1.3,.667,0.3,0.7,.400,0.6,0.6,1.000,.778,0.0,0.0,0,0.0,0.1,0.1,0.6,0.1,0.0,0.1,0.4,2.0,2016-2017
1237,198,Rashad Vaughn,SG,20,MIL,3,0,3.3,0.7,1.3,.500,0.7,0.7,1.000,0.0,0.7,.000,.750,0.0,0.0,0,0.0,0.0,0.0,0.0,0.0,0.0,0.0,0.0,2.0,2016-2017
1238,199,Noah Vonleh,PF,21,POR,4,2,25.0,2.0,4.5,.444,0.0,0.0,0,2.0,4.5,.444,.444,0.5,1.3,.400,2.3,5.0,7.3,2.0,0.3,0.8,1.5,2.8,4.5,2016-2017
1239,200,Dwyane Wade,SG,35,CHI,6,6,31.7,5.3,14.3,.372,1.0,2.8,.353,4.3,11.5,.377,.407,3.3,3.5,.952,1.0,4.0,5.0,4.0,0.8,1.3,1.7,1.3,15.0,2016-2017
1240,201,John Wall,PG,26,WAS,13,13,39.0,9.8,21.6,.452,1.6,4.7,.344,8.2,16.9,.482,.489,6.0,7.2,.839,0.5,3.2,3.7,10.3,1.7,1.2,4.2,2.0,27.2,2016-2017
1241,202,David West,C,36,GSW,17,0,13.0,2.0,3.5,.576,0.1,0.1,.500,1.9,3.4,.579,.585,0.4,0.5,.778,0.4,2.3,2.7,2.1,0.4,0.8,0.6,1.5,4.5,2016-2017
1242,203,Russell Westbrook,PG,28,OKC,5,5,38.8,11.8,30.4,.388,2.6,9.8,.265,9.2,20.6,.447,.431,11.2,14.0,.800,1.8,9.8,11.6,10.8,2.4,0.4,6.0,3.2,37.4,2016-2017
1243,204,Deron Williams,PG,32,CLE,18,0,14.6,1.6,3.6,.438,0.7,1.7,.387,0.9,1.8,.485,.531,0.6,0.6,.909,0.2,1.1,1.3,2.1,0.6,0.1,0.9,1.6,4.3,2016-2017
1244,205,Derrick Williams,PF,25,CLE,8,0,4.8,1.0,1.9,.533,0.4,0.6,.600,0.6,1.3,.500,.633,0.3,0.3,1.000,0.1,0.3,0.4,0.5,0.0,0.1,0.4,0.0,2.6,2016-2017
1245,206,Lou Williams,SG,30,HOU,11,0,24.7,4.5,10.7,.424,1.1,3.5,.308,3.5,7.2,.481,.475,2.4,2.6,.897,0.6,2.1,2.7,1.3,0.6,0.1,1.3,1.5,12.5,2016-2017
1246,207,Troy Williams,SF,22,HOU,5,0,3.8,0.0,1.8,.000,0.0,1.0,.000,0.0,0.8,.000,.000,0.2,0.4,.500,0.4,1.0,1.4,0.2,0.0,0.0,0.4,0.0,0.2,2016-2017
1247,208,Kyle Wiltjer,PF,24,HOU,1,0,5.0,1.0,1.0,1.000,1.0,1.0,1.000,0.0,0.0,0,1.500,0.0,0.0,0,0.0,0.0,0.0,0.0,0.0,0.0,0.0,0.0,3.0,2016-2017
1248,209,Jeff Withey,C,26,UTA,3,0,7.0,0.7,1.3,.500,0.0,0.0,0,0.7,1.3,.500,.500,0.3,0.7,.500,1.0,0.3,1.3,0.3,0.3,0.3,0.0,1.7,1.7,2016-2017
1249,210,Brandan Wright,PF,29,MEM,2,0,6.0,1.0,2.5,.400,0.0,0.0,0,1.0,2.5,.400,.400,0.0,0.0,0,0.5,0.5,1.0,0.0,0.0,1.0,0.5,0.0,2.0,2016-2017
1250,211,Delon Wright,PG,24,TOR,9,0,10.2,1.0,1.9,.529,0.2,0.7,.333,0.8,1.2,.636,.588,0.6,0.8,.714,0.4,1.0,1.4,1.4,0.4,0.1,0.6,0.4,2.8,2016-2017
1251,212,James Young,SG,21,BOS,10,0,3.9,0.5,1.5,.333,0.5,1.4,.357,0.0,0.1,.000,.500,0.0,0.0,0,0.1,0.6,0.7,0.3,0.0,0.0,0.1,0.2,1.5,2016-2017
1252,213,Thaddeus Young,PF,28,IND,4,4,35.0,5.3,9.8,.538,0.3,1.0,.250,5.0,8.8,.571,.551,1.3,2.5,.500,5.5,3.5,9.0,2.5,2.0,0.3,1.5,2.8,12.0,2016-2017
1253,214,Tyler Zeller,C,27,BOS,11,0,7.1,1.2,2.3,.520,0.0,0.0,0,1.2,2.3,.520,.520,0.5,0.7,.750,0.7,1.0,1.7,0.7,0.0,0.2,0.4,0.6,2.9,2016-2017
1254,215,Paul Zipser,SF,22,CHI,6,0,22.7,2.5,5.5,.455,1.0,2.7,.375,1.5,2.8,.529,.545,1.3,1.3,1.000,0.5,3.0,3.5,0.5,0.2,0.2,1.2,2.0,7.3,2016-2017
1255,1,Álex Abrines,SG,24,OKC,6,0,18.3,1.3,3.3,.400,1.0,2.2,.462,0.3,1.2,.286,.550,0.3,0.3,1.000,0.5,2.2,2.7,0.3,0.8,0.3,0.2,1.8,4.0,2017-2018
1256,2,Steven Adams,C,24,OKC,6,6,33.3,4.5,7.7,.587,0.0,0.0,0,4.5,7.7,.587,.587,1.5,2.2,.692,3.2,4.3,7.5,1.5,0.7,0.7,0.7,2.5,10.5,2017-2018
1257,3,Bam Adebayo,C,20,MIA,5,0,15.4,1.4,3.0,.467,0.0,0.2,.000,1.4,2.8,.500,.467,0.6,2.8,.214,1.8,2.2,4.0,0.0,0.0,0.4,0.4,1.6,3.4,2017-2018
1258,4,LaMarcus Aldridge,C,32,SAS,5,5,35.4,7.4,16.0,.463,0.6,1.0,.600,6.8,15.0,.453,.481,8.2,8.4,.976,2.6,6.6,9.2,2.4,0.6,0.4,1.8,1.8,23.6,2017-2018
1259,5,Al-Farouq Aminu,PF,27,POR,4,4,32.8,6.8,13.0,.519,3.3,7.5,.433,3.5,5.5,.636,.644,0.5,0.5,1.000,3.0,6.0,9.0,1.3,1.0,0.5,1.5,2.0,17.3,2017-2018
1260,6,Justin Anderson,SF,24,PHI,7,0,4.7,0.4,1.1,.375,0.3,1.0,.286,0.1,0.1,1.000,.500,0.0,0.0,0,0.1,1.1,1.3,0.0,0.1,0.0,0.3,1.1,1.1,2017-2018
1261,7,Kyle Anderson,SF,24,SAS,5,1,14.6,2.4,4.0,.600,0.0,0.8,.000,2.4,3.2,.750,.600,0.6,0.8,.750,1.0,1.6,2.6,0.6,1.2,0.2,0.6,2.0,5.4,2017-2018
1262,8,Ryan Anderson,PF,29,HOU,11,0,8.6,0.6,1.8,.350,0.5,1.4,.333,0.2,0.5,.400,.475,0.0,0.0,0,0.4,0.8,1.2,0.5,0.3,0.1,0.3,0.9,1.7,2017-2018
1263,9,Giannis Antetokounmpo,PF,23,MIL,7,7,40.0,9.9,17.3,.570,0.6,2.0,.286,9.3,15.3,.607,.587,5.4,7.9,.691,1.1,8.4,9.6,6.3,1.4,0.9,2.4,4.0,25.7,2017-2018
1264,10,Carmelo Anthony,PF,33,OKC,6,6,32.3,4.5,12.0,.375,1.0,4.7,.214,3.5,7.3,.477,.417,1.8,2.5,.733,0.5,5.2,5.7,0.3,1.7,0.7,1.0,2.3,11.8,2017-2018
1265,11,OG Anunoby,SF,20,TOR,10,10,23.8,2.9,5.2,.558,1.3,2.9,.448,1.6,2.3,.696,.683,0.8,1.1,.727,0.9,1.2,2.1,0.7,0.6,0.4,0.6,2.3,7.9,2017-2018
1266,12,Trevor Ariza,SF,32,HOU,17,17,34.2,2.9,8.2,.360,1.5,5.4,.286,1.4,2.8,.500,.453,1.4,1.8,.742,0.5,3.3,3.8,1.3,1.1,0.1,0.6,2.6,8.8,2017-2018
1267,13,Luke Babbitt,SF,28,MIA,2,0,1.5,0.0,0.5,.000,0.0,0.0,0,0.0,0.5,.000,.000,0.0,0.0,0,0.0,0.0,0.0,0.0,0.0,0.0,0.0,0.0,0.0,2017-2018
1268,14,Wade Baldwin,PG,21,POR,4,0,4.8,0.3,1.0,.250,0.3,0.3,1.000,0.0,0.8,.000,.375,0.3,0.5,.500,0.0,0.8,0.8,0.8,0.3,0.3,0.8,0.3,1.0,2017-2018
1269,15,Jerryd Bayless,SG,29,PHI,1,0,2.0,0.0,0.0,0,0.0,0.0,0,0.0,0.0,0,0,0.0,0.0,0,0.0,0.0,0.0,0.0,0.0,0.0,0.0,0.0,0.0,2017-2018
1270,16,Aron Baynes,C,31,BOS,19,12,20.5,2.4,4.7,.506,0.6,1.2,.478,1.8,3.5,.515,.567,0.7,0.9,.722,2.4,3.8,6.2,1.0,0.2,0.6,0.4,2.3,6.0,2017-2018
1271,17,Bradley Beal,SG,24,WAS,6,6,36.0,8.2,18.0,.454,3.5,7.5,.467,4.7,10.5,.444,.551,3.3,3.8,.870,0.3,3.0,3.3,2.8,1.2,0.3,2.5,3.2,23.2,2017-2018
1272,18,Marco Belinelli,SG,31,PHI,10,0,27.3,4.3,10.6,.406,1.6,4.6,.348,2.7,6.0,.450,.481,2.7,3.1,.871,0.1,2.0,2.1,2.0,0.7,0.0,0.4,2.0,12.9,2017-2018
1273,19,Jordan Bell,C,23,GSW,17,0,10.2,1.0,1.9,.531,0.0,0.1,.000,1.0,1.8,.548,.531,0.4,0.8,.500,0.9,1.9,2.8,0.9,0.4,0.5,0.4,1.1,2.4,2017-2018
1274,20,Dāvis Bertāns,PF,25,SAS,5,0,16.4,0.6,3.6,.167,0.6,3.2,.188,0.0,0.4,.000,.250,1.6,2.2,.727,0.2,2.0,2.2,1.2,0.4,0.0,0.2,2.0,3.4,2017-2018
1275,21,Nemanja Bjelica,PF,29,MIN,5,0,9.4,1.4,3.2,.438,0.8,1.4,.571,0.6,1.8,.333,.563,1.0,1.4,.714,0.8,2.2,3.0,0.6,0.6,0.0,0.2,1.2,4.6,2017-2018
1276,22,Tarik Black,C,26,HOU,7,0,2.7,0.1,0.6,.250,0.0,0.0,0,0.1,0.6,.250,.250,0.0,0.0,0,0.3,0.6,0.9,0.3,0.0,0.1,0.1,0.7,0.3,2017-2018
1277,23,Eric Bledsoe,PG,28,MIL,7,7,32.1,5.3,12.0,.440,1.0,3.1,.318,4.3,8.9,.484,.482,2.0,2.9,.700,0.4,3.1,3.6,3.7,1.0,0.9,2.1,2.7,13.6,2017-2018
1278,24,Bojan Bogdanović,SF,28,IND,7,7,34.0,4.6,11.6,.395,2.4,6.4,.378,2.1,5.1,.417,.500,0.9,1.4,.600,0.1,3.3,3.4,1.9,0.9,0.0,1.9,3.3,12.4,2017-2018
1279,25,Trevor Booker,PF,30,IND,7,0,9.1,0.9,1.4,.600,0.0,0.1,.000,0.9,1.3,.667,.600,0.9,1.0,.857,0.7,1.9,2.6,0.0,0.1,0.1,0.1,1.7,2.6,2017-2018
1280,26,Tony Bradley,C,20,UTA,1,0,2.0,1.0,2.0,.500,0.0,0.0,0,1.0,2.0,.500,.500,0.0,0.0,0,1.0,0.0,1.0,0.0,0.0,0.0,0.0,0.0,2.0,2017-2018
1281,27,Corey Brewer,SG,31,OKC,6,6,25.2,2.2,4.2,.520,0.8,1.8,.455,1.3,2.3,.571,.620,1.0,1.0,1.000,0.7,1.5,2.2,0.8,1.2,0.8,0.3,2.8,6.2,2017-2018
1282,28,Malcolm Brogdon,PG,25,MIL,7,5,26.6,3.4,7.9,.436,0.7,2.7,.263,2.7,5.1,.528,.482,1.1,1.4,.800,0.4,3.0,3.4,2.4,0.1,0.0,1.7,2.0,8.7,2017-2018
1283,29,Aaron Brooks,PG,33,MIN,2,0,1.5,1.0,1.5,.667,0.0,0.5,.000,1.0,1.0,1.000,.667,0.0,1.0,.000,0.0,0.0,0.0,0.0,0.0,0.0,0.0,0.0,2.0,2017-2018
1284,30,Jaylen Brown,SG,21,BOS,18,15,32.4,6.9,14.8,.466,2.4,6.2,.393,4.4,8.6,.519,.549,1.8,2.8,.640,0.9,3.9,4.8,1.4,0.8,0.6,1.3,3.2,18.0,2017-2018
1285,31,Lorenzo Brown,PG,27,TOR,4,0,7.3,0.8,2.5,.300,0.5,1.3,.400,0.3,1.3,.200,.400,0.3,0.5,.500,0.3,1.3,1.5,0.5,0.0,0.3,0.3,0.5,2.3,2017-2018
1286,32,Sterling Brown,SG,22,MIL,3,0,4.3,1.0,1.7,.600,0.3,1.0,.333,0.7,0.7,1.000,.700,0.0,0.0,0,0.3,0.3,0.7,0.0,0.3,0.0,0.0,0.7,2.3,2017-2018
1287,33,Alec Burks,SG,26,UTA,9,0,13.3,3.3,7.1,.469,1.0,2.2,.450,2.3,4.9,.477,.539,1.4,1.7,.867,0.2,2.4,2.7,1.9,0.4,0.1,0.9,1.0,9.1,2017-2018
1288,34,Jimmy Butler,SG,28,MIN,5,5,34.0,5.6,12.6,.444,1.6,3.4,.471,4.0,9.2,.435,.508,3.0,3.6,.833,0.6,5.4,6.0,4.0,0.8,0.2,1.0,1.8,15.8,2017-2018
1289,35,José Calderón,PG,36,CLE,13,3,8.0,0.7,2.0,.346,0.3,1.4,.222,0.4,0.6,.625,.423,0.2,0.2,1.000,0.2,0.7,0.8,0.7,0.4,0.0,0.4,1.2,1.8,2017-2018
1290,36,Clint Capela,C,23,HOU,17,17,30.6,5.6,8.5,.660,0.0,0.0,0,5.6,8.5,.660,.660,1.5,3.2,.473,3.6,8.0,11.6,1.3,0.8,2.1,0.9,2.2,12.7,2017-2018
1291,37,Ian Clark,SG,26,NOP,9,0,21.1,3.1,7.3,.424,1.1,3.1,.357,2.0,4.2,.474,.500,0.4,0.4,1.000,0.2,0.9,1.1,1.2,0.9,0.2,1.0,2.2,7.8,2017-2018
1292,38,Jordan Clarkson,SG,25,CLE,19,0,15.1,1.9,6.5,.301,0.6,2.4,.239,1.4,4.1,.338,.346,0.3,0.3,.833,0.5,1.2,1.7,0.7,0.4,0.2,0.7,1.1,4.7,2017-2018
1293,39,Zach Collins,C,20,POR,4,0,17.5,2.8,7.5,.367,0.8,3.5,.214,2.0,4.0,.500,.417,0.8,1.0,.750,0.8,2.3,3.0,1.5,0.8,0.5,0.5,2.5,7.0,2017-2018
1294,40,Darren Collison,PG,30,IND,7,7,30.6,4.4,9.7,.456,1.1,3.3,.348,3.3,6.4,.511,.515,1.3,1.7,.750,0.1,2.9,3.0,4.7,1.0,0.0,1.3,1.0,11.3,2017-2018
1295,41,Pat Connaughton,SG,25,POR,4,0,14.8,1.5,3.8,.400,0.5,2.5,.200,1.0,1.3,.800,.467,0.5,0.5,1.000,0.5,0.5,1.0,1.5,0.3,0.3,0.3,2.3,4.0,2017-2018
1296,42,Quinn Cook,PG,24,GSW,17,0,10.3,1.8,3.9,.448,0.4,1.8,.226,1.4,2.1,.639,.500,0.8,1.0,.824,0.1,1.2,1.4,0.6,0.2,0.1,0.3,0.8,4.8,2017-2018
1297,43,Robert Covington,SF,27,PHI,10,8,28.1,2.7,8.3,.325,1.5,4.8,.313,1.2,3.5,.343,.416,1.2,1.6,.750,1.2,4.1,5.3,2.5,1.1,0.9,1.1,3.0,8.1,2017-2018
1298,44,Jamal Crawford,SG,37,MIN,5,0,24.6,4.2,9.4,.447,1.4,3.4,.412,2.8,6.0,.467,.521,2.0,2.6,.769,0.2,2.4,2.6,2.4,1.0,0.0,1.0,1.2,11.8,2017-2018
1299,45,Jordan Crawford,SG,29,NOP,2,0,7.5,4.0,6.5,.615,1.5,4.0,.375,2.5,2.5,1.000,.731,0.0,0.0,0,0.0,2.0,2.0,0.5,0.5,0.0,1.5,0.5,9.5,2017-2018
1300,46,Jae Crowder,SF,27,UTA,11,2,29.4,3.2,9.8,.324,2.0,6.0,.333,1.2,3.8,.310,.426,1.6,2.5,.643,0.4,4.7,5.1,1.7,1.4,0.2,1.3,2.3,10.0,2017-2018
1301,47,Stephen Curry,PG,29,GSW,15,14,37.0,9.1,20.3,.451,4.3,10.8,.395,4.9,9.5,.514,.556,3.0,3.1,.957,0.6,5.5,6.1,5.4,1.7,0.7,2.9,2.5,25.5,2017-2018
1302,48,Anthony Davis,PF,24,NOP,9,9,39.8,11.8,22.7,.520,0.7,2.4,.273,11.1,20.2,.549,.534,5.9,7.1,.828,2.7,10.8,13.4,1.7,2.0,2.3,2.6,3.3,30.1,2017-2018
1303,49,Ed Davis,C,28,POR,4,0,17.8,1.3,2.5,.500,0.0,0.0,0,1.3,2.5,.500,.500,0.3,1.0,.250,1.3,6.8,8.0,0.0,0.0,0.3,1.0,1.8,2.8,2017-2018
1304,50,Matthew Dellavedova,PG,27,MIL,6,0,13.0,0.7,2.0,.333,0.3,1.5,.222,0.3,0.5,.667,.417,0.3,0.3,1.000,0.2,0.7,0.8,2.7,0.3,0.0,1.0,1.0,2.0,2017-2018
1305,51,DeMar DeRozan,SG,28,TOR,10,10,35.4,8.7,19.9,.437,1.0,3.5,.286,7.7,16.4,.470,.462,4.3,5.3,.811,0.6,3.0,3.6,4.0,0.5,0.6,2.3,2.4,22.7,2017-2018
1306,52,Cheick Diallo,PF,21,NOP,7,0,6.9,0.7,1.7,.417,0.0,0.0,0,0.7,1.7,.417,.417,0.0,0.0,0,0.6,0.7,1.3,0.0,0.1,0.1,0.1,1.3,1.4,2017-2018
1307,53,Gorgui Dieng,C,28,MIN,5,0,14.0,1.2,3.6,.333,0.4,1.0,.400,0.8,2.6,.308,.389,0.6,0.8,.750,0.6,3.0,3.6,0.8,0.4,0.8,0.2,1.2,3.4,2017-2018
1308,54,Goran Dragić,PG,31,MIA,5,5,31.2,7.0,15.0,.467,1.6,4.2,.381,5.4,10.8,.500,.520,3.0,4.4,.682,0.6,2.0,2.6,4.6,1.0,0.0,3.0,3.0,18.6,2017-2018
1309,55,Kevin Durant,SF,29,GSW,21,21,38.4,10.1,20.7,.487,2.2,6.6,.341,7.9,14.1,.556,.541,6.5,7.2,.901,0.6,7.1,7.8,4.7,0.7,1.2,2.4,2.0,29.0,2017-2018
1310,56,Wayne Ellington,SG,30,MIA,5,0,20.2,2.4,7.0,.343,2.4,6.0,.400,0.0,1.0,.000,.514,0.6,0.6,1.000,0.2,1.4,1.6,0.6,0.4,0.4,0.6,1.8,7.8,2017-2018
1311,57,Joel Embiid,C,23,PHI,8,8,34.8,7.5,17.3,.435,1.0,3.6,.276,6.5,13.6,.477,.464,5.4,7.6,.705,2.9,9.8,12.6,3.0,0.9,1.8,3.6,3.9,21.4,2017-2018
1312,58,Danté Exum,PG,22,UTA,10,0,11.4,2.0,4.1,.488,0.2,0.7,.286,1.8,3.4,.529,.512,0.9,1.2,.750,0.4,1.0,1.4,1.0,0.1,0.1,1.5,1.5,5.1,2017-2018
1313,59,Derrick Favors,C,26,UTA,11,9,26.0,3.8,6.2,.618,0.2,0.5,.400,3.6,5.7,.635,.632,1.5,3.0,.485,1.8,3.4,5.2,1.2,0.7,1.0,0.9,1.5,9.3,2017-2018
1314,60,Raymond Felton,PG,33,OKC,6,0,13.2,2.0,5.2,.387,1.2,2.3,.500,0.8,2.8,.294,.500,0.0,0.3,.000,0.3,1.8,2.2,1.5,0.7,0.3,0.8,1.2,5.2,2017-2018
1315,61,Terrance Ferguson,SG,19,OKC,3,0,2.0,0.3,0.3,1.000,0.3,0.3,1.000,0.0,0.0,0,1.500,0.0,0.0,0,0.3,0.0,0.3,0.3,0.0,0.0,0.0,0.7,1.0,2017-2018
1316,62,Bryn Forbes,SG,24,SAS,4,0,13.5,1.3,4.3,.294,0.5,2.3,.222,0.8,2.0,.375,.353,1.3,1.8,.714,0.3,0.5,0.8,0.5,0.0,0.0,0.0,0.8,4.3,2017-2018
1317,63,Tim Frazier,PG,27,WAS,2,0,3.0,0.0,0.5,.000,0.0,0.0,0,0.0,0.5,.000,.000,0.0,0.0,0,0.0,0.5,0.5,1.5,0.5,0.0,0.0,1.0,0.0,2017-2018
1318,64,Markelle Fultz,SG,19,PHI,3,0,7.7,0.3,2.3,.143,0.0,0.0,0,0.3,2.3,.143,.143,1.0,1.3,.750,0.0,1.0,1.0,1.7,0.7,0.0,0.3,1.3,1.7,2017-2018
1319,65,Pau Gasol,C,37,SAS,5,0,18.0,2.0,4.0,.500,0.2,0.6,.333,1.8,3.4,.529,.525,1.8,2.0,.900,0.4,4.4,4.8,2.8,0.0,0.2,1.2,1.0,6.0,2017-2018
1320,66,Rudy Gay,PF,31,SAS,5,4,32.0,5.2,13.0,.400,0.8,3.6,.222,4.4,9.4,.468,.431,1.0,1.8,.556,1.8,3.8,5.6,2.2,1.6,0.2,1.2,3.2,12.2,2017-2018
1321,67,Paul George,SF,27,OKC,6,6,41.8,8.2,20.0,.408,3.2,8.7,.365,5.0,11.3,.441,.488,5.2,6.0,.861,0.7,5.3,6.0,2.7,1.3,0.7,4.0,2.8,24.7,2017-2018
1322,68,Marcus Georges-Hunt,SG,23,MIN,2,0,1.5,0.0,0.5,.000,0.0,0.0,0,0.0,0.5,.000,.000,0.0,0.0,0,0.5,0.0,0.5,0.0,0.0,0.0,0.0,0.0,0.0,2017-2018
1323,69,Taj Gibson,PF,32,MIN,5,5,24.6,2.8,4.4,.636,0.0,0.0,0,2.8,4.4,.636,.636,0.6,0.6,1.000,1.4,2.6,4.0,0.4,0.2,0.4,0.8,1.6,6.2,2017-2018
1324,70,Manu Ginóbili,SG,40,SAS,5,0,21.4,3.0,7.4,.405,1.2,3.6,.333,1.8,3.8,.474,.486,1.8,2.2,.818,0.2,2.8,3.0,3.2,1.4,0.2,1.4,2.6,9.0,2017-2018
1325,71,Rudy Gobert,C,25,UTA,11,11,34.8,5.0,7.6,.655,0.0,0.0,0,5.0,7.6,.655,.655,3.2,5.3,.603,3.9,6.8,10.7,1.0,0.9,2.3,1.9,3.1,13.2,2017-2018
1326,72,Eric Gordon,SG,29,HOU,17,2,32.3,4.9,13.0,.380,2.5,7.6,.331,2.4,5.4,.451,.477,3.0,3.6,.836,0.5,2.1,2.6,1.6,0.6,0.5,1.4,1.7,15.4,2017-2018
1327,73,Marcin Gortat,C,33,WAS,6,6,26.7,4.0,7.2,.558,0.0,0.0,0,4.0,7.2,.558,.558,0.7,1.2,.571,2.2,4.2,6.3,1.0,0.0,0.3,1.0,2.5,8.7,2017-2018
1328,74,Jerami Grant,PF,23,OKC,6,0,22.2,3.0,5.8,.514,0.3,1.3,.250,2.7,4.5,.593,.543,0.8,1.8,.455,1.3,2.0,3.3,1.0,0.7,0.5,1.0,2.5,7.2,2017-2018
1329,75,Danny Green,SG,30,SAS,5,5,20.6,1.6,6.0,.267,1.0,4.0,.250,0.6,2.0,.300,.350,0.0,0.0,0,0.8,1.4,2.2,0.2,0.2,0.8,0.4,1.6,4.2,2017-2018
1330,76,Draymond Green,PF,27,GSW,21,21,39.0,4.0,9.1,.432,1.0,3.8,.266,3.0,5.4,.549,.487,1.9,2.3,.796,2.0,8.6,10.6,8.1,2.0,1.5,3.0,3.6,10.8,2017-2018
1331,77,Gerald Green,SG,32,HOU,17,0,16.0,2.2,5.5,.394,1.6,4.2,.375,0.6,1.3,.455,.537,0.4,0.4,.857,0.4,2.6,2.9,0.1,0.2,0.4,0.6,1.6,6.3,2017-2018
1332,78,Jeff Green,PF,31,CLE,22,2,23.8,2.6,6.5,.408,1.0,3.2,.300,1.7,3.3,.514,.482,1.5,2.1,.717,0.3,2.1,2.4,1.5,0.3,0.7,0.8,1.6,7.7,2017-2018
1333,79,James Harden,SG,28,HOU,17,17,36.5,9.3,22.6,.410,3.1,10.2,.299,6.2,12.4,.502,.478,6.9,7.8,.887,0.8,4.4,5.2,6.8,2.2,0.6,3.8,2.7,28.6,2017-2018
1334,80,Maurice Harkless,SF,24,POR,2,1,26.5,3.5,6.5,.538,1.0,3.0,.333,2.5,3.5,.714,.615,0.0,0.0,0,1.5,2.5,4.0,2.0,0.0,0.5,0.5,2.0,8.0,2017-2018
1335,81,John Henson,C,27,MIL,2,2,37.0,4.5,6.5,.692,0.0,0.0,0,4.5,6.5,.692,.692,0.5,1.0,.500,2.0,4.0,6.0,2.5,0.0,3.5,2.0,2.0,9.5,2017-2018
1336,82,Nenê,C,35,HOU,11,0,9.7,1.1,1.8,.600,0.0,0.0,0,1.1,1.8,.600,.600,0.6,1.0,.636,0.5,2.0,2.5,0.5,0.2,0.5,0.7,1.6,2.8,2017-2018
1337,83,George Hill,PG,31,CLE,19,18,29.3,3.1,6.9,.450,0.8,2.7,.314,2.3,4.2,.538,.511,2.2,2.8,.774,0.7,1.5,2.2,2.2,0.5,0.4,1.2,2.7,9.2,2017-2018
1338,84,Solomon Hill,SF,26,NOP,9,0,12.7,1.0,2.8,.360,0.7,1.8,.375,0.3,1.0,.333,.480,1.0,1.1,.900,0.7,1.2,1.9,0.8,0.1,0.1,0.7,1.9,3.7,2017-2018
1339,85,Jrue Holiday,SG,27,NOP,9,9,38.7,9.8,18.9,.518,1.8,5.6,.320,8.0,13.3,.600,.565,2.3,3.3,.700,1.0,4.7,5.7,6.3,1.1,0.6,2.6,2.4,23.7,2017-2018
1340,86,Richaun Holmes,C,24,PHI,3,0,3.7,0.0,0.3,.000,0.0,0.0,0,0.0,0.3,.000,.000,0.0,0.0,0,0.0,0.3,0.3,0.3,0.0,0.0,0.0,1.0,0.0,2017-2018
1341,87,Rodney Hood,SG,25,CLE,17,1,15.3,2.3,5.4,.424,0.2,1.4,.167,2.1,4.0,.515,.446,0.5,0.7,.750,0.4,1.4,1.8,1.1,0.3,0.2,0.8,1.8,5.4,2017-2018
1342,88,Al Horford,C,31,BOS,19,19,35.7,5.8,10.7,.544,0.8,2.3,.349,5.1,8.5,.596,.581,3.3,3.9,.827,1.7,6.6,8.3,3.3,1.0,1.2,1.7,2.1,15.7,2017-2018
1343,89,Josh Huestis,PF,26,OKC,4,0,4.8,0.3,0.5,.500,0.0,0.0,0,0.3,0.5,.500,.500,0.3,0.5,.500,0.0,0.8,0.8,0.0,0.3,0.3,0.0,0.8,0.8,2017-2018
1344,90,Serge Ibaka,PF,28,TOR,10,9,26.0,3.0,7.2,.417,0.9,2.4,.375,2.1,4.8,.438,.479,1.8,2.2,.818,1.3,4.6,5.9,1.1,0.1,1.3,1.6,2.1,8.7,2017-2018
1345,91,Andre Iguodala,SF,34,GSW,15,12,26.7,2.8,5.7,.494,0.9,2.5,.378,1.9,3.2,.583,.576,1.6,2.3,.706,0.7,3.8,4.5,2.7,1.4,0.5,0.9,1.9,8.1,2017-2018
1346,92,Ersan İlyasova,PF,30,PHI,10,1,23.3,3.6,8.4,.429,0.9,3.1,.290,2.7,5.3,.509,.482,1.2,2.1,.571,2.6,5.0,7.6,1.3,0.7,0.4,1.0,2.5,9.3,2017-2018
1347,93,Joe Ingles,SF,30,UTA,11,11,34.7,5.2,11.0,.471,3.2,7.0,.455,2.0,4.0,.500,.616,1.0,1.5,.647,0.5,3.9,4.4,3.4,0.5,0.2,2.4,2.6,14.5,2017-2018
1348,94,Aaron Jackson,PG,31,HOU,7,0,2.4,0.3,0.6,.500,0.0,0.3,.000,0.3,0.3,1.000,.500,0.1,0.3,.500,0.3,0.3,0.6,0.3,0.0,0.0,0.3,0.3,0.7,2017-2018
1349,95,LeBron James,PF,33,CLE,22,22,41.9,12.5,23.2,.539,1.8,5.2,.342,10.7,18.0,.596,.577,7.2,9.7,.746,1.4,7.7,9.1,9.0,1.4,1.0,4.3,2.4,34.0,2017-2018
1350,96,Brandon Jennings,PG,28,MIL,1,0,5.0,0.0,2.0,.000,0.0,2.0,.000,0.0,0.0,0,.000,2.0,2.0,1.000,0.0,0.0,0.0,0.0,0.0,0.0,1.0,0.0,2.0,2017-2018
1351,97,Jonas Jerebko,PF,30,UTA,10,0,7.9,0.8,1.9,.421,0.1,0.6,.167,0.7,1.3,.538,.447,0.2,0.2,1.000,0.4,1.2,1.6,0.3,0.3,0.0,0.1,0.9,1.9,2017-2018
1352,98,Amir Johnson,C,30,PHI,8,1,11.8,1.4,2.6,.524,0.0,0.0,0,1.4,2.6,.524,.524,0.5,0.6,.800,1.8,1.1,2.9,1.1,0.3,0.1,0.4,1.3,3.3,2017-2018
1353,99,Dakari Johnson,C,22,OKC,2,0,1.5,0.0,0.0,0,0.0,0.0,0,0.0,0.0,0,0,0.0,0.0,0,0.0,0.0,0.0,0.0,0.0,0.0,0.0,0.0,0.0,2017-2018
1354,100,James Johnson,PF,30,MIA,5,5,32.2,4.6,8.4,.548,1.4,2.6,.538,3.2,5.8,.552,.631,1.8,2.8,.643,0.6,5.4,6.0,4.8,1.2,1.2,2.0,3.4,12.4,2017-2018
1355,101,Joe Johnson,SF,36,HOU,8,0,6.8,0.8,2.1,.353,0.0,0.4,.000,0.8,1.8,.429,.353,0.0,0.0,0,0.0,1.3,1.3,0.4,0.0,0.1,0.4,0.5,1.5,2017-2018
1356,102,Tyler Johnson,PG,25,MIA,5,5,16.2,2.8,5.2,.538,1.2,2.0,.600,1.6,3.2,.500,.654,1.2,1.4,.857,0.2,1.4,1.6,0.8,0.4,0.0,0.4,2.8,8.0,2017-2018
1357,103,Damian Jones,C,22,GSW,4,0,2.8,0.3,0.5,.500,0.0,0.0,0,0.3,0.5,.500,.500,0.5,0.8,.667,0.3,0.5,0.8,0.0,0.0,0.0,0.8,1.0,1.0,2017-2018
1358,104,Tyus Jones,PG,21,MIN,4,0,13.8,0.5,1.8,.286,0.0,0.5,.000,0.5,1.3,.400,.286,0.0,0.0,0,0.0,2.3,2.3,2.0,0.3,0.0,0.3,0.0,1.0,2017-2018
1359,105,Cory Joseph,PG,26,IND,7,0,20.4,1.7,4.7,.364,0.4,1.6,.273,1.3,3.1,.409,.409,0.9,0.9,1.000,0.3,2.1,2.4,3.0,1.3,0.3,0.6,1.4,4.7,2017-2018
1360,106,Furkan Korkmaz,SG,20,PHI,1,0,2.0,1.0,1.0,1.000,1.0,1.0,1.000,0.0,0.0,0,1.500,0.0,0.0,0,0.0,0.0,0.0,0.0,0.0,0.0,0.0,1.0,3.0,2017-2018
1361,107,Kyle Korver,SG,36,CLE,22,11,23.0,2.7,6.4,.418,2.0,5.0,.413,0.6,1.5,.438,.578,0.9,1.0,.864,0.3,2.1,2.4,0.9,0.4,0.4,0.6,2.0,8.3,2017-2018
1362,108,Shane Larkin,PG,25,BOS,11,0,14.0,1.5,3.2,.457,0.4,1.2,.308,1.1,2.0,.545,.514,0.5,0.5,1.000,0.1,0.9,1.0,1.8,0.5,0.0,0.5,1.4,3.7,2017-2018
1363,109,Joffrey Lauvergne,C,26,SAS,1,0,6.0,1.0,1.0,1.000,0.0,0.0,0,1.0,1.0,1.000,1.000,0.0,0.0,0,0.0,1.0,1.0,0.0,0.0,0.0,0.0,0.0,2.0,2017-2018
1364,110,Ty Lawson,PG,30,WAS,5,0,19.2,1.8,5.2,.346,1.0,1.6,.625,0.8,3.6,.222,.442,1.2,1.2,1.000,0.4,2.2,2.6,3.0,0.6,0.0,0.6,1.2,5.8,2017-2018
1365,111,Jake Layman,SF,23,POR,1,0,8.0,3.0,3.0,1.000,0.0,0.0,0,3.0,3.0,1.000,1.000,0.0,0.0,0,0.0,1.0,1.0,1.0,2.0,0.0,0.0,0.0,6.0,2017-2018
1366,112,T.J. Leaf,PF,20,IND,1,0,4.0,0.0,0.0,0,0.0,0.0,0,0.0,0.0,0,0,0.0,0.0,0,0.0,0.0,0.0,0.0,0.0,0.0,0.0,0.0,0.0,2017-2018
1367,113,Meyers Leonard,C,25,POR,2,0,4.0,2.0,2.0,1.000,0.0,0.0,0,2.0,2.0,1.000,1.000,0.0,0.0,0,0.0,2.0,2.0,0.0,0.0,0.0,0.0,0.0,4.0,2017-2018
1368,114,DeAndre Liggins,SG,29,NOP,3,0,4.7,0.0,0.3,.000,0.0,0.0,0,0.0,0.3,.000,.000,0.3,0.7,.500,0.0,0.3,0.3,0.0,0.0,0.0,0.7,0.0,0.3,2017-2018
1369,115,Damian Lillard,PG,27,POR,4,4,40.5,6.3,17.8,.352,2.3,7.5,.300,4.0,10.3,.390,.415,3.8,4.3,.882,0.8,3.8,4.5,4.8,1.3,0.0,4.0,2.0,18.5,2017-2018
1370,116,Shaun Livingston,PG,32,GSW,21,0,17.2,2.8,5.2,.536,0.0,0.0,.000,2.8,5.2,.541,.536,1.0,1.2,.880,0.5,1.7,2.2,1.5,0.3,0.0,0.8,1.6,6.7,2017-2018
1371,117,Kevon Looney,C,21,GSW,21,5,18.4,1.9,3.4,.542,0.0,0.1,.000,1.9,3.3,.557,.542,0.4,1.0,.381,2.0,2.2,4.2,0.9,0.7,0.4,0.4,2.4,4.1,2017-2018
1372,118,Kevin Love,C,29,CLE,21,21,31.4,5.2,13.2,.392,1.7,5.0,.340,3.5,8.2,.424,.457,2.8,3.0,.922,2.3,7.9,10.2,1.6,0.7,0.4,2.0,2.8,14.9,2017-2018
1373,119,Kyle Lowry,PG,31,TOR,10,10,36.1,6.0,11.8,.508,2.8,6.3,.444,3.2,5.5,.582,.627,2.6,3.2,.813,0.2,4.1,4.3,8.5,1.5,0.0,3.1,3.3,17.4,2017-2018
1374,120,Ian Mahinmi,C,31,WAS,6,0,8.7,1.7,2.3,.714,0.0,0.0,0,1.7,2.3,.714,.714,1.7,1.8,.909,0.7,1.2,1.8,0.2,0.7,0.8,0.2,1.7,5.0,2017-2018
1375,121,Thon Maker,C,20,MIL,6,2,21.7,1.8,4.7,.393,1.0,3.3,.300,0.8,1.3,.625,.500,0.8,1.2,.714,1.0,2.8,3.8,0.8,0.3,1.8,0.7,2.8,5.5,2017-2018
1376,122,Luc Mbah a Moute,PF,31,HOU,9,0,16.6,1.0,4.0,.250,0.3,1.7,.200,0.7,2.3,.286,.292,0.4,0.8,.571,0.3,2.1,2.4,0.3,0.7,0.4,0.7,0.9,2.8,2017-2018
1377,123,Patrick McCaw,SG,22,GSW,6,0,2.7,0.2,0.3,.500,0.0,0.2,.000,0.2,0.2,1.000,.500,0.3,0.3,1.000,0.2,0.3,0.5,0.0,0.3,0.0,0.0,0.2,0.7,2017-2018
1378,124,CJ McCollum,SG,26,POR,4,4,38.8,10.0,19.3,.519,2.8,6.5,.423,7.3,12.8,.569,.591,2.5,3.3,.769,0.0,2.0,2.0,3.5,1.3,0.3,2.3,2.8,25.3,2017-2018
1379,125,T.J. McConnell,PG,25,PHI,10,2,15.5,2.5,3.6,.694,0.2,0.3,.667,2.3,3.3,.697,.722,0.3,0.5,.600,0.6,2.0,2.6,2.3,0.6,0.0,0.6,1.3,5.5,2017-2018
1380,126,JaVale McGee,C,30,GSW,13,9,12.2,3.0,4.5,.672,0.0,0.1,.000,3.0,4.4,.684,.672,0.5,0.7,.667,1.2,2.0,3.2,0.3,0.2,0.8,0.4,1.5,6.5,2017-2018
1381,127,Rodney McGruder,SG,26,MIA,4,0,4.0,0.3,1.0,.250,0.0,0.5,.000,0.3,0.5,.500,.250,0.0,0.0,0,0.0,1.0,1.0,0.0,0.0,0.0,0.0,0.8,0.5,2017-2018
1382,128,Khris Middleton,SF,26,MIL,7,7,39.3,9.6,16.0,.598,3.6,5.9,.610,6.0,10.1,.592,.710,2.0,2.7,.737,0.1,5.0,5.1,3.1,0.9,0.7,2.3,4.3,24.7,2017-2018
1383,129,C.J. Miles,SF,30,TOR,10,1,22.7,3.2,7.1,.451,1.9,4.5,.422,1.3,2.6,.500,.585,1.3,1.6,.813,0.6,1.8,2.4,0.8,0.7,0.3,0.9,2.1,9.6,2017-2018
1384,130,Darius Miller,SF,27,NOP,9,0,18.0,1.6,3.8,.412,1.0,2.7,.375,0.6,1.1,.500,.544,0.7,0.7,1.000,0.2,2.0,2.2,1.2,0.6,0.0,0.7,1.1,4.8,2017-2018
1385,131,Patty Mills,PG,29,SAS,5,5,33.0,5.0,11.4,.439,2.6,7.0,.371,2.4,4.4,.545,.553,0.8,1.0,.800,0.4,1.6,2.0,2.6,0.6,0.2,1.8,3.0,13.4,2017-2018
1386,132,Nikola Mirotić,PF,26,NOP,9,9,35.6,5.4,11.3,.480,2.4,5.7,.431,3.0,5.7,.529,.588,1.7,2.1,.789,1.0,8.6,9.6,1.7,1.1,1.3,1.1,2.7,15.0,2017-2018
1387,133,Donovan Mitchell,SG,21,UTA,11,11,37.4,9.3,22.1,.420,2.3,7.3,.313,7.0,14.8,.472,.471,3.5,3.9,.907,0.8,5.1,5.9,4.2,1.5,0.4,2.9,3.2,24.4,2017-2018
1388,134,Greg Monroe,C,27,BOS,11,0,9.5,1.7,3.5,.500,0.0,0.0,0,1.7,3.5,.500,.500,1.4,2.0,.682,1.3,1.9,3.2,0.5,0.2,0.2,1.3,0.8,4.8,2017-2018
1389,135,E'Twaun Moore,SG,28,NOP,9,9,31.6,4.6,9.8,.466,1.0,2.8,.360,3.6,7.0,.508,.517,1.2,1.8,.688,0.7,1.9,2.6,1.7,0.7,0.1,1.2,2.2,11.3,2017-2018
1390,136,Marcus Morris,PF,28,BOS,19,4,29.6,4.3,11.7,.368,1.6,3.8,.417,2.7,7.9,.344,.435,2.2,3.1,.712,1.1,4.4,5.4,1.1,0.4,0.3,1.0,3.2,12.4,2017-2018
1391,137,Markieff Morris,PF,28,WAS,6,6,30.2,4.0,8.2,.490,0.3,2.0,.167,3.7,6.2,.595,.510,1.5,1.7,.900,2.3,5.2,7.5,1.7,0.7,0.8,1.0,3.7,9.8,2017-2018
1392,138,Shabazz Muhammad,SG,25,MIL,4,0,7.3,2.3,5.0,.450,1.0,1.3,.800,1.3,3.8,.333,.550,0.8,1.3,.600,0.0,1.0,1.0,0.0,0.5,0.3,0.5,0.5,6.3,2017-2018
1393,139,Dejounte Murray,PG,21,SAS,5,5,19.2,2.8,6.2,.452,0.8,1.2,.667,2.0,5.0,.400,.516,1.4,1.8,.778,0.8,3.4,4.2,1.8,1.0,0.4,1.0,2.2,7.8,2017-2018
1394,140,Abdel Nader,SF,24,BOS,11,0,3.0,0.5,1.4,.333,0.0,0.4,.000,0.5,1.0,.455,.333,0.2,0.4,.500,0.1,0.2,0.3,0.3,0.1,0.1,0.2,0.2,1.1,2017-2018
1395,141,Larry Nance Jr.,C,25,CLE,20,0,15.4,2.1,3.0,.683,0.0,0.1,.000,2.1,3.0,.695,.683,0.7,1.6,.452,1.8,2.8,4.5,0.9,0.8,0.7,0.6,1.8,4.8,2017-2018
1396,142,Shabazz Napier,PG,26,POR,2,0,17.5,2.5,5.5,.455,0.0,2.0,.000,2.5,3.5,.714,.455,0.5,1.0,.500,0.0,1.0,1.0,1.5,1.5,0.0,3.0,0.5,5.5,2017-2018
1397,143,Raul Neto,PG,25,UTA,8,0,9.0,0.9,2.9,.304,0.3,0.9,.286,0.6,2.0,.313,.348,0.6,0.6,1.000,0.3,1.0,1.3,1.3,0.3,0.0,0.5,0.9,2.6,2017-2018
1398,144,Lucas Nogueira,C,25,TOR,5,0,4.8,0.0,0.2,.000,0.0,0.0,0,0.0,0.2,.000,.000,0.2,0.4,.500,0.0,0.2,0.2,0.2,0.0,0.0,0.6,1.2,0.2,2017-2018
1399,145,Jusuf Nurkić,C,23,POR,4,4,23.5,4.8,9.8,.487,0.0,0.0,0,4.8,9.8,.487,.487,2.3,2.8,.818,3.0,5.0,8.0,1.0,1.5,1.3,0.8,3.5,11.8,2017-2018
1400,146,Royce O'Neale,SF,24,UTA,11,5,23.5,2.5,5.1,.500,0.9,2.5,.357,1.6,2.5,.643,.589,1.1,1.7,.632,0.3,3.2,3.5,1.4,0.9,0.4,1.5,2.7,7.1,2017-2018
1401,147,Semi Ojeleye,PF,23,BOS,17,3,13.5,0.6,1.9,.303,0.4,1.3,.273,0.2,0.6,.364,.394,0.4,0.4,.857,0.2,1.4,1.6,0.1,0.2,0.0,0.1,1.2,1.9,2017-2018
1402,148,Emeka Okafor,C,35,NOP,1,0,4.0,0.0,1.0,.000,0.0,0.0,0,0.0,1.0,.000,.000,0.0,0.0,0,0.0,0.0,0.0,0.0,0.0,0.0,0.0,1.0,0.0,2017-2018
1403,149,Victor Oladipo,SG,25,IND,7,7,37.3,7.6,18.1,.417,3.3,8.1,.404,4.3,10.0,.429,.508,4.3,5.9,.732,0.4,7.9,8.3,6.0,2.4,0.4,3.4,1.6,22.7,2017-2018
1404,150,Kelly Olynyk,PF,26,MIA,5,0,29.2,4.2,8.8,.477,1.6,3.8,.421,2.6,5.0,.520,.568,2.8,4.0,.700,1.4,3.2,4.6,3.8,1.4,1.2,1.6,3.8,12.8,2017-2018
1405,151,Chinanu Onuaku,C,21,HOU,1,0,3.0,0.0,0.0,0,0.0,0.0,0,0.0,0.0,0,0,0.0,0.0,0,1.0,0.0,1.0,1.0,1.0,0.0,0.0,1.0,0.0,2017-2018
1406,152,Cedi Osman,SF,22,CLE,14,0,4.4,0.4,1.3,.333,0.1,0.5,.143,0.4,0.8,.455,.361,0.1,0.3,.250,0.1,0.4,0.5,0.2,0.2,0.0,0.0,0.4,1.0,2017-2018
1407,153,Kelly Oubre Jr.,SF,22,WAS,6,1,24.7,3.0,8.0,.375,0.7,3.2,.211,2.3,4.8,.483,.417,2.7,3.0,.889,0.2,3.7,3.8,0.7,1.0,0.5,0.8,2.7,9.3,2017-2018
1408,154,Zaza Pachulia,C,33,GSW,7,0,3.7,0.6,1.0,.571,0.0,0.0,0,0.6,1.0,.571,.571,1.3,1.7,.750,0.9,0.9,1.7,0.1,0.4,0.1,0.4,0.1,2.4,2017-2018
1409,155,Jabari Parker,PF,22,MIL,7,0,23.9,4.0,8.9,.452,0.9,2.7,.316,3.1,6.1,.512,.500,1.1,1.9,.615,1.1,5.0,6.1,1.4,1.0,0.6,0.9,2.1,10.0,2017-2018
1410,156,Tony Parker,PG,35,SAS,5,0,13.4,2.8,7.4,.378,0.0,1.0,.000,2.8,6.4,.438,.378,1.0,1.4,.714,0.0,0.8,0.8,1.2,0.4,0.0,0.8,0.4,6.6,2017-2018
1411,157,Patrick Patterson,PF,28,OKC,6,0,9.7,0.5,1.0,.500,0.3,0.7,.500,0.2,0.3,.500,.667,0.0,0.0,0,0.2,1.7,1.8,0.5,0.2,0.0,0.5,1.3,1.3,2017-2018
1412,158,Brandon Paul,SG,26,SAS,1,0,3.0,0.0,0.0,0,0.0,0.0,0,0.0,0.0,0,0,0.0,0.0,0,0.0,1.0,1.0,1.0,0.0,0.0,0.0,0.0,0.0,2017-2018
1413,159,Chris Paul,PG,32,HOU,15,15,34.5,7.9,17.1,.459,2.5,6.6,.374,5.4,10.5,.513,.531,2.9,3.5,.830,0.6,5.3,5.9,5.8,2.0,0.3,1.9,3.1,21.1,2017-2018
1414,160,Jakob Poeltl,C,22,TOR,9,0,15.6,1.9,3.4,.548,0.0,0.1,.000,1.9,3.3,.567,.548,1.7,2.1,.789,1.7,2.3,4.0,0.7,0.3,0.4,0.9,2.8,5.4,2017-2018
1415,161,Otto Porter Jr.,SF,24,WAS,5,5,31.6,4.0,8.2,.488,1.0,2.4,.417,3.0,5.8,.517,.549,1.0,1.6,.625,0.2,4.8,5.0,1.6,1.2,1.0,0.6,1.2,10.0,2017-2018
1416,162,Norman Powell,SG,24,TOR,6,0,6.7,0.7,2.3,.286,0.2,1.2,.143,0.5,1.2,.429,.321,0.5,0.7,.750,0.0,0.3,0.3,0.3,0.0,0.0,0.2,0.7,2.0,2017-2018
1417,163,Zhou Qi,C,22,HOU,3,0,2.0,0.3,0.3,1.000,0.0,0.0,0,0.3,0.3,1.000,1.000,0.0,0.0,0,0.0,0.3,0.3,0.0,0.0,0.0,0.0,0.0,0.7,2017-2018
1418,164,JJ Redick,SG,33,PHI,10,10,34.2,6.0,13.5,.444,2.6,7.5,.347,3.4,6.0,.567,.541,3.6,4.2,.857,0.3,1.2,1.5,2.6,0.8,0.1,1.1,2.1,18.2,2017-2018
1419,165,Josh Richardson,SF,24,MIA,5,5,26.0,3.0,8.0,.375,1.2,3.8,.316,1.8,4.2,.429,.450,1.2,1.4,.857,0.8,2.2,3.0,2.8,2.2,1.0,1.0,3.4,8.4,2017-2018
1420,166,Glenn Robinson III,SF,24,IND,2,0,3.0,0.5,0.5,1.000,0.0,0.0,0,0.5,0.5,1.000,1.000,0.0,0.0,0,0.0,0.5,0.5,0.0,0.0,0.0,0.0,0.0,1.0,2017-2018
1421,167,Rajon Rondo,PG,31,NOP,9,9,33.6,4.2,10.2,.413,0.9,2.1,.421,3.3,8.1,.411,.457,1.0,1.6,.643,1.0,6.6,7.6,12.2,1.4,0.2,3.7,2.2,10.3,2017-2018
1422,168,Derrick Rose,PG,29,MIN,5,0,23.8,5.8,11.4,.509,1.4,2.0,.700,4.4,9.4,.468,.570,1.2,1.4,.857,0.2,1.6,1.8,2.6,0.4,0.0,1.6,1.8,14.2,2017-2018
1423,169,Terry Rozier,PG,23,BOS,19,19,36.6,5.7,14.0,.406,2.7,7.7,.347,3.0,6.3,.479,.502,2.4,2.9,.821,0.4,4.8,5.3,5.7,1.3,0.3,1.2,2.0,16.5,2017-2018
1424,170,Ricky Rubio,PG,27,UTA,6,6,30.2,4.7,13.2,.354,1.7,5.3,.313,3.0,7.8,.383,.418,3.0,3.8,.783,0.8,6.5,7.3,7.0,1.3,0.5,3.0,2.2,14.0,2017-2018
1425,171,Domantas Sabonis,C,21,IND,7,0,23.7,5.1,8.9,.581,0.1,1.0,.143,5.0,7.9,.636,.589,2.0,2.6,.778,2.0,2.6,4.6,0.7,0.1,0.3,1.0,3.1,12.4,2017-2018
1426,172,Dario Šarić,PF,23,PHI,10,10,32.9,5.9,14.0,.421,2.0,5.2,.385,3.9,8.8,.443,.493,3.4,4.0,.850,3.2,4.1,7.3,3.5,1.0,0.4,1.5,2.8,17.2,2017-2018
1427,173,Tomáš Satoranský,SG,26,WAS,6,0,10.0,0.3,2.2,.154,0.0,0.5,.000,0.3,1.7,.200,.154,0.5,0.7,.750,0.8,0.7,1.5,0.5,0.0,0.0,0.5,0.7,1.2,2017-2018
1428,174,Mike Scott,PF,29,WAS,6,0,21.0,4.3,6.8,.634,1.2,1.8,.636,3.2,5.0,.633,.720,1.0,1.0,1.000,1.0,2.5,3.5,0.7,0.3,0.2,0.8,1.7,10.8,2017-2018
1429,175,Pascal Siakam,PF,23,TOR,10,0,17.9,2.5,4.1,.610,0.3,0.4,.750,2.2,3.7,.595,.646,1.3,2.0,.650,0.9,2.7,3.6,0.8,0.1,0.6,0.7,2.7,6.6,2017-2018
1430,176,Ben Simmons,PG,21,PHI,10,10,36.9,6.1,12.5,.488,0.0,0.1,.000,6.1,12.4,.492,.488,4.1,5.8,.707,1.6,7.8,9.4,7.7,1.7,0.8,4.4,3.4,16.3,2017-2018
1431,177,Marcus Smart,SG,23,BOS,15,4,29.9,3.2,9.5,.336,1.0,4.5,.221,2.2,5.0,.440,.388,2.4,3.3,.735,0.9,2.8,3.7,5.3,1.7,0.7,2.4,2.9,9.8,2017-2018
1432,178,J.R. Smith,SG,32,CLE,22,21,32.1,3.0,8.5,.348,2.0,5.5,.367,1.0,3.0,.313,.465,0.8,1.0,.773,0.5,2.3,2.7,1.1,1.0,0.2,0.9,2.5,8.7,2017-2018
1433,179,Jason Smith,C,31,WAS,1,0,2.0,0.0,0.0,0,0.0,0.0,0,0.0,0.0,0,0,0.0,0.0,0,0.0,0.0,0.0,0.0,0.0,0.0,0.0,0.0,0.0,2017-2018
1434,180,Tony Snell,SG,26,MIL,7,2,19.1,1.0,3.4,.292,0.7,3.0,.238,0.3,0.4,.667,.396,0.0,0.0,0,0.1,1.7,1.9,0.6,0.4,0.6,0.4,1.4,2.7,2017-2018
1435,181,Lance Stephenson,SG,27,IND,7,0,21.3,4.3,9.3,.462,1.1,3.7,.308,3.1,5.6,.564,.523,0.7,1.3,.556,0.4,2.3,2.7,2.9,0.3,0.1,1.3,2.9,10.4,2017-2018
1436,182,David Stockton,PG,26,UTA,2,0,3.0,0.5,1.5,.333,0.0,0.5,.000,0.5,1.0,.500,.333,0.0,0.0,0,0.0,0.5,0.5,0.0,0.0,0.0,0.0,0.5,1.0,2017-2018
1437,183,Caleb Swanigan,PF,20,POR,1,0,8.0,0.0,2.0,.000,0.0,1.0,.000,0.0,1.0,.000,.000,3.0,4.0,.750,0.0,2.0,2.0,1.0,0.0,0.0,1.0,1.0,3.0,2017-2018
1438,184,Jayson Tatum,SF,19,BOS,19,19,35.9,6.5,13.7,.471,1.2,3.7,.324,5.3,10.0,.526,.515,4.3,5.1,.845,0.5,3.8,4.4,2.7,1.2,0.5,2.2,2.6,18.5,2017-2018
1439,185,Jeff Teague,PG,29,MIN,5,5,30.6,4.6,10.2,.451,1.4,3.6,.389,3.2,6.6,.485,.520,2.4,3.4,.706,0.6,3.0,3.6,5.8,0.6,0.4,2.8,3.8,13.0,2017-2018
1440,186,Jason Terry,SG,40,MIL,3,0,14.7,0.7,1.7,.400,0.7,1.7,.400,0.0,0.0,0,.600,0.0,0.0,0,0.3,0.3,0.7,0.7,0.3,0.0,0.3,0.7,2.0,2017-2018
1441,187,Klay Thompson,SG,27,GSW,21,21,37.8,7.6,16.3,.465,3.2,7.5,.427,4.4,8.8,.497,.563,1.3,1.5,.871,0.5,3.6,4.1,1.8,0.8,0.3,1.5,2.3,19.6,2017-2018
1442,188,Tristan Thompson,C,26,CLE,19,11,21.9,2.6,4.4,.590,0.0,0.1,.000,2.6,4.3,.598,.590,1.1,1.4,.741,2.3,3.6,5.9,0.6,0.1,0.4,0.6,1.4,6.2,2017-2018
1443,189,Karl-Anthony Towns,C,22,MIN,5,5,34.0,5.6,12.0,.467,0.6,2.2,.273,5.0,9.8,.510,.492,3.4,4.6,.739,3.0,10.4,13.4,2.2,0.4,1.0,2.4,2.8,15.2,2017-2018
1444,190,P.J. Tucker,PF,32,HOU,17,17,33.5,3.1,6.4,.481,2.1,4.4,.467,1.0,1.9,.515,.644,0.7,1.1,.667,1.4,5.2,6.5,1.3,0.6,0.8,0.8,2.7,8.9,2017-2018
1445,191,Evan Turner,SF,29,POR,3,3,29.0,4.0,11.0,.364,0.7,2.3,.286,3.3,8.7,.385,.394,0.7,0.7,1.000,1.7,2.3,4.0,3.3,1.0,0.3,2.0,2.7,9.3,2017-2018
1446,192,Myles Turner,C,21,IND,7,7,28.0,4.7,7.7,.611,0.9,1.9,.462,3.9,5.9,.659,.667,2.1,2.7,.789,0.9,4.3,5.1,0.6,0.3,0.6,1.6,3.6,12.4,2017-2018
1447,193,Ekpe Udoh,C,30,UTA,6,0,3.5,0.2,0.2,1.000,0.0,0.0,0,0.2,0.2,1.000,1.000,0.0,0.7,.000,0.2,0.3,0.5,0.0,0.0,0.3,0.2,0.3,0.3,2017-2018
1448,194,Jonas Valančiūnas,C,25,TOR,10,9,24.4,5.8,10.7,.542,0.2,0.5,.400,5.6,10.2,.549,.551,2.8,3.4,.824,3.0,7.5,10.5,1.2,0.4,1.5,1.9,2.2,14.6,2017-2018
1449,195,Fred VanVleet,PG,23,TOR,6,1,19.0,2.2,6.5,.333,1.3,4.7,.286,0.8,1.8,.455,.436,1.2,1.3,.875,0.0,1.7,1.7,2.2,0.0,0.0,0.7,1.3,6.8,2017-2018
1450,196,Dwyane Wade,SG,36,MIA,5,0,25.4,6.2,14.0,.443,0.0,0.8,.000,6.2,13.2,.470,.443,4.2,5.2,.808,0.6,3.6,4.2,3.6,1.4,0.2,2.2,2.2,16.6,2017-2018
1451,197,John Wall,PG,27,WAS,6,6,39.0,9.3,21.2,.441,0.7,3.5,.190,8.7,17.7,.491,.457,6.7,7.8,.851,0.5,5.2,5.7,11.5,2.3,1.3,4.5,2.7,26.0,2017-2018
1452,198,David West,C,37,GSW,18,0,9.7,1.5,2.5,.600,0.1,0.1,.500,1.4,2.4,.605,.611,0.2,0.2,1.000,0.6,1.4,2.1,1.8,0.3,0.6,0.6,1.3,3.3,2017-2018
1453,199,Russell Westbrook,PG,29,OKC,6,6,39.2,10.7,26.8,.398,2.5,7.0,.357,8.2,19.8,.412,.444,5.5,6.7,.825,1.8,10.2,12.0,7.5,1.5,0.0,5.2,3.5,29.3,2017-2018
1454,200,Derrick White,PG,23,SAS,3,0,6.0,1.0,2.0,.500,0.3,0.7,.500,0.7,1.3,.500,.583,0.0,0.0,0,0.0,0.0,0.0,0.3,0.3,0.7,0.0,0.0,2.3,2017-2018
1455,201,Hassan Whiteside,C,28,MIA,5,5,15.4,1.8,4.0,.450,0.0,0.0,0,1.8,4.0,.450,.450,1.6,2.6,.615,2.0,4.0,6.0,0.2,0.0,1.2,2.4,3.2,5.2,2017-2018
1456,202,Andrew Wiggins,SF,22,MIN,5,5,32.8,6.0,13.6,.441,1.4,4.2,.333,4.6,9.4,.489,.493,2.4,4.0,.600,1.0,4.2,5.2,2.0,0.4,0.4,1.8,2.8,15.8,2017-2018
1457,203,Justise Winslow,PF,21,MIA,5,0,25.0,3.0,8.4,.357,1.4,3.8,.368,1.6,4.6,.348,.440,2.4,3.4,.706,1.4,5.2,6.6,2.6,0.8,0.8,1.6,3.4,9.8,2017-2018
1458,204,Delon Wright,PG,25,TOR,10,0,21.5,3.1,6.8,.456,0.9,2.1,.429,2.2,4.7,.468,.522,1.5,1.6,.938,0.3,1.9,2.2,2.3,1.5,0.9,0.9,1.0,8.6,2017-2018
1459,205,Guerschon Yabusele,PF,22,BOS,12,0,4.0,0.1,0.8,.111,0.0,0.5,.000,0.1,0.3,.333,.111,0.2,0.4,.400,0.3,0.7,0.9,0.3,0.2,0.0,0.0,0.8,0.3,2017-2018
1460,206,Joe Young,PG,25,IND,1,0,3.0,0.0,0.0,0,0.0,0.0,0,0.0,0.0,0,0,0.0,0.0,0,0.0,0.0,0.0,0.0,0.0,0.0,0.0,1.0,0.0,2017-2018
1461,207,Nick Young,SG,32,GSW,20,2,10.3,0.8,2.7,.302,0.7,2.4,.298,0.1,0.3,.333,.434,0.3,0.4,.750,0.1,0.6,0.6,0.2,0.1,0.0,0.1,0.9,2.6,2017-2018
1462,208,Thaddeus Young,PF,29,IND,7,7,33.9,5.1,8.6,.600,0.3,1.0,.286,4.9,7.6,.642,.617,0.7,1.9,.385,3.1,4.6,7.7,1.4,1.7,0.9,1.0,3.1,11.3,2017-2018
1463,209,Tyler Zeller,C,28,MIL,7,3,9.4,0.6,0.7,.800,0.0,0.0,0,0.6,0.7,.800,.800,0.4,0.6,.750,0.3,1.7,2.0,0.4,0.6,0.4,0.1,1.6,1.6,2017-2018
1464,210,Ante Žižić,C,21,CLE,8,0,2.9,0.6,1.3,.500,0.0,0.0,0,0.6,1.3,.500,.500,0.4,0.8,.500,0.1,0.6,0.8,0.1,0.0,0.1,0.3,0.3,1.6,2017-2018
1465,1,Steven Adams,C,25,OKC,5,5,31.8,5.6,8.4,.667,0.0,0.2,.000,5.6,8.2,.683,.667,0.6,1.6,.375,2.4,4.8,7.2,1.4,1.0,1.0,1.8,2.6,11.8,2018-2019
1466,2,LaMarcus Aldridge,C,33,SAS,7,7,34.9,7.9,17.3,.455,0.4,1.6,.273,7.4,15.7,.473,.467,3.9,4.7,.818,2.7,6.9,9.6,2.7,0.7,1.0,1.0,3.0,20.0,2018-2019
1467,3,Grayson Allen,SG,23,UTA,2,0,7.0,1.0,3.5,.286,0.0,1.5,.000,1.0,2.0,.500,.286,2.5,3.5,.714,0.0,0.5,0.5,0.0,0.0,0.0,0.0,0.0,4.5,2018-2019
1468,4,Jarrett Allen,C,20,BRK,5,5,22.0,3.8,6.4,.594,0.0,0.0,0,3.8,6.4,.594,.594,3.4,4.0,.850,3.0,3.8,6.8,2.2,0.6,0.6,1.6,2.6,11.0,2018-2019
1469,5,Al-Farouq Aminu,PF,28,POR,16,16,24.9,2.4,6.8,.349,0.9,3.2,.294,1.4,3.6,.397,.417,1.7,2.3,.750,1.8,4.4,6.3,1.3,0.6,0.6,1.0,2.1,7.4,2018-2019
1470,6,Giannis Antetokounmpo,PF,24,MIL,15,15,34.3,8.6,17.4,.494,1.2,3.7,.327,7.4,13.7,.539,.529,7.1,11.2,.637,2.4,9.8,12.2,4.9,1.2,2.0,3.3,3.2,25.5,2018-2019
1471,7,D.J. Augustin,PG,31,ORL,5,5,28.2,4.0,8.2,.488,2.0,4.2,.476,2.0,4.0,.500,.610,2.8,3.2,.875,0.2,1.4,1.6,3.8,0.4,0.2,1.4,1.4,12.8,2018-2019
1472,8,Will Barton,SF,28,DEN,14,3,23.4,3.4,9.6,.348,1.1,3.9,.273,2.3,5.7,.400,.404,1.3,1.9,.692,1.1,3.7,4.8,1.7,0.3,0.6,1.0,1.4,9.1,2018-2019
1473,9,Aron Baynes,C,32,BOS,9,5,12.8,0.9,1.6,.571,0.2,0.7,.333,0.7,0.9,.750,.643,0.1,0.2,.500,0.7,2.1,2.8,0.3,0.3,0.2,0.6,2.2,2.1,2018-2019
1474,10,Malik Beasley,SG,22,DEN,14,0,20.1,2.6,6.6,.387,1.4,3.4,.404,1.2,3.3,.370,.489,1.6,2.2,.710,0.8,2.6,3.4,1.0,0.2,0.1,0.5,1.4,8.1,2018-2019
1475,11,Marco Belinelli,SG,32,SAS,7,0,18.7,2.0,5.4,.368,1.1,3.0,.381,0.9,2.4,.353,.474,0.7,0.9,.833,0.0,1.9,1.9,1.1,0.0,0.3,0.3,1.0,5.9,2018-2019
1476,12,Jordan Bell,C,24,GSW,15,2,7.1,1.1,2.1,.548,0.0,0.0,0,1.1,2.1,.548,.548,0.5,0.7,.700,0.5,0.8,1.3,0.7,0.3,0.5,0.1,0.9,2.7,2018-2019
1477,13,Dāvis Bertāns,PF,26,SAS,5,0,15.8,1.0,3.0,.333,0.6,2.2,.273,0.4,0.8,.500,.433,0.6,1.0,.600,0.0,1.6,1.6,1.0,0.0,0.2,0.2,2.0,3.2,2018-2019
1478,14,Patrick Beverley,PG,30,LAC,6,6,32.5,3.3,7.8,.426,2.2,5.0,.433,1.2,2.8,.412,.564,1.0,1.3,.750,1.3,6.7,8.0,4.7,1.0,1.0,1.7,3.5,9.8,2018-2019
1479,15,Khem Birch,C,26,ORL,5,0,18.4,2.0,3.6,.556,0.0,0.0,0,2.0,3.6,.556,.556,1.2,1.4,.857,1.8,4.4,6.2,0.8,0.2,1.0,1.2,1.6,5.2,2018-2019
1480,16,Eric Bledsoe,PG,29,MIL,15,15,28.2,5.1,12.3,.411,1.1,4.8,.236,3.9,7.5,.522,.457,2.4,3.4,.706,1.3,2.4,3.7,4.3,1.1,0.4,2.1,1.9,13.7,2018-2019
1481,17,Bojan Bogdanović,SF,29,IND,4,4,37.0,6.3,15.8,.397,1.8,5.5,.318,4.5,10.3,.439,.452,3.8,4.3,.882,0.8,5.0,5.8,2.8,2.0,0.0,1.5,1.8,18.0,2018-2019
1482,18,Andrew Bogut,C,34,GSW,19,6,9.4,1.3,1.9,.649,0.0,0.0,0,1.3,1.9,.649,.649,0.2,0.3,.800,1.2,2.7,3.9,1.1,0.3,0.3,0.5,2.0,2.7,2018-2019
1483,19,Jonah Bolden,PF,23,PHI,10,0,7.9,0.5,1.9,.263,0.4,1.6,.250,0.1,0.3,.333,.368,0.2,0.4,.500,0.4,1.0,1.4,0.3,0.2,0.1,0.9,1.2,1.6,2018-2019
1484,20,Chris Boucher,PF,26,TOR,2,0,2.0,1.0,2.5,.400,0.5,1.5,.333,0.5,1.0,.500,.500,0.0,0.5,.000,0.0,0.5,0.5,0.0,0.0,0.5,0.0,0.0,2.5,2018-2019
1485,21,Malcolm Brogdon,SG,26,MIL,7,2,28.3,5.0,11.1,.449,2.0,5.3,.378,3.0,5.9,.512,.538,1.0,1.6,.636,0.9,4.0,4.9,3.4,0.7,0.1,1.4,2.3,13.0,2018-2019
1486,22,Bruce Brown,SG,22,DET,4,2,14.3,1.3,3.5,.357,0.3,1.3,.200,1.0,2.3,.444,.393,0.5,0.5,1.000,0.3,1.8,2.0,0.5,0.5,0.3,0.5,2.0,3.3,2018-2019
1487,23,Jaylen Brown,SG,22,BOS,9,9,30.4,4.9,9.7,.506,1.6,4.4,.350,3.3,5.2,.638,.586,2.6,3.3,.767,0.7,5.1,5.8,1.1,0.7,0.2,1.8,3.3,13.9,2018-2019
1488,24,Sterling Brown,SG,23,MIL,11,5,14.7,1.4,3.5,.395,0.6,1.9,.333,0.7,1.5,.471,.487,0.7,1.0,.727,0.4,2.4,2.7,1.7,0.5,0.3,0.7,1.5,4.1,2018-2019
1489,25,Deonte Burton,SG,25,OKC,3,0,1.3,0.3,1.7,.200,0.0,0.7,.000,0.3,1.0,.333,.200,0.0,0.0,0,0.3,0.3,0.7,0.0,0.0,0.0,0.0,0.0,0.7,2018-2019
1490,26,Jimmy Butler,SF,29,PHI,12,12,35.1,6.6,14.6,.451,1.0,3.8,.267,5.6,10.8,.515,.486,5.3,6.0,.875,1.8,4.2,6.0,5.2,1.5,0.6,1.8,1.7,19.4,2018-2019
1491,27,José Calderón,PG,37,DET,3,0,3.3,0.0,0.0,0,0.0,0.0,0,0.0,0.0,0,0,0.0,0.0,0,0.0,0.0,0.0,1.7,0.3,0.0,0.0,0.0,0.0,2018-2019
1492,28,Clint Capela,C,24,HOU,11,11,30.1,4.2,7.5,.561,0.0,0.0,0,4.2,7.5,.561,.561,1.4,3.2,.429,3.7,6.5,10.3,1.5,0.3,1.1,1.5,2.4,9.7,2018-2019
1493,29,DeMarre Carroll,PF,32,BRK,5,3,23.8,1.8,7.6,.237,1.4,4.8,.292,0.4,2.8,.143,.329,1.6,1.6,1.000,1.2,2.8,4.0,0.4,0.8,0.0,0.6,1.6,6.6,2018-2019
1494,30,Michael Carter-Williams,PG,27,ORL,5,0,18.4,2.4,6.2,.387,0.4,1.6,.250,2.0,4.6,.435,.419,1.4,1.6,.875,0.4,3.6,4.0,2.4,0.6,0.0,1.6,2.4,6.6,2018-2019
1495,31,Wilson Chandler,SF,31,LAC,4,0,13.0,1.3,4.0,.313,0.3,2.5,.100,1.0,1.5,.667,.344,1.0,1.0,1.000,0.0,1.5,1.5,0.5,0.5,0.0,0.8,1.8,3.8,2018-2019
1496,32,Gary Clark,PF,24,HOU,2,0,2.0,0.0,0.0,0,0.0,0.0,0,0.0,0.0,0,0,0.0,0.0,0,0.0,0.5,0.5,0.0,0.0,0.0,0.0,0.0,0.0,2018-2019
1497,33,Zach Collins,C,21,POR,16,0,17.2,2.6,5.1,.506,0.4,1.3,.333,2.1,3.8,.567,.549,1.3,1.6,.800,1.1,2.6,3.6,0.9,0.4,1.3,1.3,3.4,6.8,2018-2019
1498,34,Darren Collison,PG,31,IND,4,4,29.3,4.8,11.3,.422,1.0,2.8,.364,3.8,8.5,.441,.467,1.5,1.5,1.000,1.0,2.0,3.0,4.0,0.5,0.0,2.5,2.8,12.0,2018-2019
1499,35,Pat Connaughton,SG,26,MIL,15,0,21.6,2.5,5.1,.481,1.0,2.8,.357,1.5,2.3,.629,.578,0.3,0.5,.500,0.7,5.5,6.2,1.4,0.4,0.9,0.6,0.9,6.2,2018-2019
1500,36,Quinn Cook,PG,25,GSW,17,0,11.4,1.6,4.1,.400,0.6,2.0,.324,1.0,2.1,.472,.479,0.2,0.2,1.000,0.1,0.9,1.1,0.7,0.2,0.1,0.4,0.8,4.2,2018-2019
1501,37,DeMarcus Cousins,C,28,GSW,8,5,16.6,2.6,6.6,.396,0.4,1.5,.250,2.3,5.1,.439,.425,2.0,3.1,.640,1.1,3.8,4.9,2.4,0.6,0.8,2.4,3.0,7.6,2018-2019
1502,38,Torrey Craig,SF,28,DEN,14,11,23.6,2.4,4.9,.478,1.2,2.6,.472,1.1,2.4,.485,.601,0.6,1.1,.563,1.5,3.6,5.1,0.9,0.5,0.4,0.4,2.7,6.6,2018-2019
1503,39,Jae Crowder,SF,28,UTA,5,3,26.0,3.4,9.2,.370,1.8,6.0,.300,1.6,3.2,.500,.467,2.8,3.8,.737,0.8,5.0,5.8,0.8,1.0,0.0,0.2,1.4,11.4,2018-2019
1504,40,Dante Cunningham,PF,31,SAS,5,0,2.6,0.4,0.6,.667,0.4,0.4,1.000,0.0,0.2,.000,1.000,0.0,0.0,0,0.4,0.8,1.2,0.0,0.0,0.0,0.0,0.0,1.2,2018-2019
1505,41,Seth Curry,SG,28,POR,16,0,20.4,1.9,5.1,.366,1.3,3.3,.404,0.6,1.9,.300,.494,0.6,0.7,.818,0.3,1.3,1.6,0.8,0.8,0.3,0.4,1.7,5.6,2018-2019
1506,42,Stephen Curry,PG,30,GSW,22,22,38.5,8.6,19.6,.441,4.2,11.1,.377,4.5,8.5,.524,.548,6.7,7.1,.943,0.8,5.2,6.0,5.7,1.1,0.2,3.0,3.1,28.2,2018-2019
1507,43,Ed Davis,C,29,BRK,3,0,13.7,2.3,3.3,.700,0.0,0.0,0,2.3,3.3,.700,.700,0.7,0.7,1.000,1.3,5.0,6.3,0.7,0.0,0.3,0.0,3.0,5.3,2018-2019
1508,44,DeMar DeRozan,SG,29,SAS,7,7,35.9,8.3,17.0,.487,0.0,0.1,.000,8.3,16.9,.492,.487,5.4,6.3,.864,1.4,5.3,6.7,4.6,1.1,0.1,1.7,2.3,22.0,2018-2019
1509,45,Spencer Dinwiddie,PG,25,BRK,5,0,26.2,5.4,12.4,.435,1.8,4.8,.375,3.6,7.6,.474,.508,2.0,2.8,.714,0.8,1.8,2.6,1.6,0.4,0.0,1.6,2.0,14.6,2018-2019
1510,46,Andre Drummond,C,25,DET,4,4,31.8,6.0,13.5,.444,0.0,0.3,.000,6.0,13.3,.453,.444,2.3,5.3,.429,5.0,8.0,13.0,2.3,1.5,1.3,2.8,4.3,14.3,2018-2019
1511,47,Jared Dudley,PF,33,BRK,4,2,20.5,0.8,2.8,.273,0.5,2.3,.222,0.3,0.5,.500,.364,1.0,1.0,1.000,0.0,0.5,0.5,2.8,0.8,0.3,1.0,2.5,3.0,2018-2019
1512,48,Kevin Durant,SF,30,GSW,12,12,36.8,10.4,20.3,.514,2.9,6.7,.438,7.5,13.6,.552,.586,8.5,9.4,.903,0.1,4.8,4.9,4.5,1.1,1.0,3.6,3.2,32.3,2018-2019
1513,49,Wayne Ellington,SG,31,DET,4,4,32.8,2.8,8.8,.314,1.8,5.5,.318,1.0,3.3,.308,.414,0.5,0.5,1.000,0.8,3.0,3.8,1.3,0.8,0.0,0.5,1.0,7.8,2018-2019
1514,50,Joel Embiid,C,24,PHI,11,11,30.4,6.2,14.5,.428,1.1,3.5,.308,5.1,10.9,.467,.465,6.7,8.2,.822,1.9,8.5,10.5,3.4,0.7,2.3,3.6,3.1,20.2,2018-2019
1515,51,James Ennis III,SF,28,PHI,11,0,21.1,2.8,5.8,.484,0.8,2.9,.281,2.0,2.9,.688,.555,1.1,1.7,.632,1.5,2.4,3.8,1.1,0.4,0.3,0.9,2.8,7.5,2018-2019
1516,52,Jacob Evans,SG,21,GSW,7,0,2.6,0.3,0.7,.400,0.1,0.3,.500,0.1,0.4,.333,.500,0.0,0.0,0,0.0,0.1,0.1,0.1,0.0,0.0,0.3,0.1,0.7,2018-2019
1517,53,Tyreke Evans,SG,29,IND,4,0,21.0,5.3,12.0,.438,2.8,5.0,.550,2.5,7.0,.357,.552,2.0,3.5,.571,0.0,4.3,4.3,0.8,0.8,0.3,1.5,2.0,15.3,2018-2019
1518,54,Kenneth Faried,C,29,HOU,6,0,9.3,1.5,2.2,.692,0.2,0.2,1.000,1.3,2.0,.667,.731,0.8,1.0,.833,0.5,3.0,3.5,0.3,0.3,0.0,0.0,1.0,4.0,2018-2019
1519,55,Derrick Favors,C,27,UTA,5,2,20.6,4.6,7.2,.639,0.0,0.6,.000,4.6,6.6,.697,.639,2.6,3.8,.684,3.0,4.4,7.4,0.8,0.8,1.8,1.0,2.4,11.8,2018-2019
1520,56,Raymond Felton,PG,34,OKC,5,0,11.4,0.8,2.6,.308,0.4,1.6,.250,0.4,1.0,.400,.385,0.2,0.4,.500,0.0,0.6,0.6,0.6,0.8,0.2,0.4,1.4,2.2,2018-2019
1521,57,Terrance Ferguson,SG,20,OKC,5,5,25.6,1.8,5.0,.360,1.4,3.6,.389,0.4,1.4,.286,.500,0.0,0.0,0,0.4,2.0,2.4,1.2,0.4,0.0,1.0,3.8,5.0,2018-2019
1522,58,Bryn Forbes,SG,25,SAS,7,7,30.3,3.9,8.0,.482,2.1,4.4,.484,1.7,3.6,.480,.616,0.9,1.3,.667,0.1,3.4,3.6,1.0,0.1,0.1,0.4,2.0,10.7,2018-2019
1523,59,Evan Fournier,SG,26,ORL,5,5,35.0,4.8,13.8,.348,1.6,6.8,.235,3.2,7.0,.457,.406,1.2,1.6,.750,0.6,2.6,3.2,2.0,1.4,0.0,2.4,2.8,12.4,2018-2019
1524,60,Melvin Frazier,SG,22,ORL,3,0,5.0,0.7,1.7,.400,0.0,0.0,0,0.7,1.7,.400,.400,0.3,0.7,.500,0.3,1.0,1.3,0.0,0.3,0.0,0.0,0.0,1.7,2018-2019
1525,61,Tim Frazier,PG,28,MIL,11,0,3.6,0.7,1.2,.615,0.3,0.5,.500,0.5,0.6,.714,.731,0.2,0.2,1.000,0.0,0.8,0.8,0.9,0.1,0.0,0.3,0.5,1.9,2018-2019
1526,62,Enes Freedom,C,26,POR,16,14,28.8,4.7,9.1,.514,0.1,0.3,.250,4.6,8.9,.521,.517,1.9,2.6,.756,3.3,6.4,9.6,1.2,0.7,0.6,1.6,2.3,11.4,2018-2019
1527,63,Danilo Gallinari,SF,30,LAC,6,6,33.5,6.5,18.5,.351,2.2,7.2,.302,4.3,11.3,.382,.410,4.7,5.5,.848,1.5,4.7,6.2,2.7,1.3,0.2,1.8,2.3,19.8,2018-2019
1528,64,Langston Galloway,SG,27,DET,4,0,27.5,2.8,8.5,.324,2.3,6.3,.360,0.5,2.3,.222,.456,0.0,0.0,0,0.5,3.3,3.8,1.0,0.5,1.0,0.5,2.5,7.8,2018-2019
1529,65,Marc Gasol,C,34,TOR,24,24,30.6,3.2,7.5,.422,1.4,3.7,.382,1.8,3.8,.462,.517,1.7,1.9,.870,0.7,5.8,6.4,3.0,0.9,1.1,0.9,3.5,9.4,2018-2019
1530,66,Rudy Gay,PF,32,SAS,7,0,25.6,4.0,10.0,.400,1.1,2.7,.421,2.9,7.3,.392,.457,2.0,2.4,.824,1.9,5.3,7.1,1.7,0.4,0.7,1.4,1.9,11.1,2018-2019
1531,67,Paul George,SF,28,OKC,5,5,40.8,8.8,20.2,.436,3.0,9.4,.319,5.8,10.8,.537,.510,8.0,9.8,.816,1.2,7.4,8.6,3.6,1.4,0.2,4.2,4.2,28.6,2018-2019
1532,68,Shai Gilgeous-Alexander,PG,20,LAC,6,6,28.8,4.7,10.0,.467,1.5,3.0,.500,3.2,7.0,.452,.542,2.8,3.3,.850,0.7,2.0,2.7,3.2,1.0,0.8,0.8,2.8,13.7,2018-2019
1533,69,Rudy Gobert,C,26,UTA,5,5,30.4,3.8,6.4,.594,0.0,0.0,0,3.8,6.4,.594,.594,3.6,4.6,.783,4.6,5.6,10.2,1.4,0.6,2.6,1.8,3.2,11.2,2018-2019
1534,70,Aaron Gordon,PF,23,ORL,5,5,32.8,5.8,12.4,.468,1.6,4.0,.400,4.2,8.4,.500,.532,2.0,3.8,.526,2.2,5.0,7.2,3.6,1.2,0.2,2.6,3.2,15.2,2018-2019
1535,71,Eric Gordon,SG,30,HOU,11,11,37.3,6.1,13.6,.447,3.5,8.6,.400,2.6,5.0,.527,.573,2.2,2.5,.857,0.5,2.1,2.5,1.3,0.6,1.0,2.5,2.0,17.8,2018-2019
1536,72,Treveon Graham,SG,25,BRK,5,0,15.8,0.4,2.0,.200,0.0,1.4,.000,0.4,0.6,.667,.200,0.6,1.2,.500,0.4,1.6,2.0,0.6,0.6,0.2,0.6,2.0,1.4,2018-2019
1537,73,Jerami Grant,PF,24,OKC,5,5,35.2,4.0,8.0,.500,1.8,4.0,.450,2.2,4.0,.550,.613,1.8,2.6,.692,1.2,4.2,5.4,0.8,0.6,2.0,0.8,2.6,11.6,2018-2019
1538,74,Jerian Grant,PG,26,ORL,3,0,4.7,0.7,3.3,.200,0.0,2.3,.000,0.7,1.0,.667,.200,0.3,0.3,1.000,0.0,1.3,1.3,1.0,0.0,0.0,0.3,0.3,1.7,2018-2019
1539,75,Danny Green,SG,31,TOR,24,24,28.5,2.2,6.5,.342,1.6,5.0,.328,0.6,1.5,.389,.468,0.9,1.0,.913,0.7,2.9,3.6,1.1,1.3,0.5,1.1,2.5,6.9,2018-2019
1540,76,Draymond Green,PF,28,GSW,22,22,38.7,5.2,10.4,.498,0.6,2.6,.228,4.6,7.8,.587,.526,2.3,3.2,.718,1.9,8.3,10.1,8.5,1.5,1.5,3.8,3.9,13.3,2018-2019
1541,77,Gerald Green,SG,33,HOU,11,0,8.8,1.1,3.6,.300,0.9,2.6,.345,0.2,1.0,.182,.425,0.5,0.5,1.000,0.0,1.1,1.1,0.1,0.3,0.3,0.3,1.1,3.5,2018-2019
1542,78,JaMychal Green,PF,28,LAC,6,3,23.5,3.8,7.2,.535,2.0,3.8,.522,1.8,3.3,.550,.674,1.3,1.7,.800,1.0,4.3,5.3,0.8,0.7,0.0,1.8,3.7,11.0,2018-2019
1543,79,Blake Griffin,PF,29,DET,2,2,29.0,9.0,19.5,.462,3.0,6.5,.462,6.0,13.0,.462,.538,3.5,3.5,1.000,2.0,4.0,6.0,6.0,1.0,0.0,3.0,4.5,24.5,2018-2019
1544,80,James Harden,PG,29,HOU,11,11,38.5,9.9,24.0,.413,4.4,12.5,.350,5.5,11.5,.480,.504,7.5,8.9,.837,0.8,6.0,6.8,6.6,2.2,0.9,4.6,3.7,31.6,2018-2019
1545,81,Maurice Harkless,SF,25,POR,16,16,24.3,3.3,6.8,.477,0.4,1.8,.250,2.8,5.1,.556,.509,1.4,2.3,.639,1.8,3.1,4.9,1.4,1.1,1.0,1.1,3.5,8.4,2018-2019
1546,82,Montrezl Harrell,C,25,LAC,6,0,26.3,7.7,10.5,.730,0.0,0.2,.000,7.7,10.3,.742,.730,3.0,4.3,.692,2.0,3.5,5.5,2.2,0.5,0.7,1.3,3.2,18.3,2018-2019
1547,83,Gary Harris,SG,24,DEN,14,14,36.9,5.2,11.3,.462,1.4,4.1,.351,3.8,7.2,.525,.525,2.4,2.7,.868,0.6,3.5,4.1,2.3,0.9,0.6,0.8,2.7,14.2,2018-2019
1548,84,Joe Harris,SG,27,BRK,5,5,29.8,3.2,8.6,.372,0.8,4.2,.190,2.4,4.4,.545,.419,1.6,1.6,1.000,1.2,3.0,4.2,0.6,0.6,0.0,1.8,2.4,8.8,2018-2019
1549,85,Tobias Harris,PF,26,PHI,12,12,36.9,5.9,13.9,.425,1.8,5.3,.349,4.1,8.7,.471,.491,1.8,2.2,.846,1.0,8.2,9.2,4.0,1.1,0.5,1.7,2.5,15.5,2018-2019
1550,86,Isaiah Hartenstein,PF,20,HOU,2,0,1.0,1.0,1.0,1.000,0.0,0.0,0,1.0,1.0,1.000,1.000,0.0,0.0,0,0.5,0.0,0.5,0.0,0.0,0.0,0.0,0.5,2.0,2018-2019
1551,87,Gordon Hayward,PF,28,BOS,9,0,29.7,3.2,7.8,.414,1.0,2.7,.375,2.2,5.1,.435,.479,2.1,2.1,1.000,0.3,3.7,4.0,2.4,0.7,0.3,1.6,1.8,9.6,2018-2019
1552,88,Juancho Hernangómez,PF,23,DEN,5,0,3.0,0.2,0.6,.333,0.2,0.4,.500,0.0,0.2,.000,.500,0.0,0.0,0,0.0,0.6,0.6,0.0,0.0,0.0,0.2,0.4,0.6,2018-2019
1553,89,Nenê,C,36,HOU,7,0,7.6,1.4,1.4,1.000,0.0,0.0,0,1.4,1.4,1.000,1.000,1.0,1.3,.778,1.3,0.7,2.0,0.4,0.4,0.3,0.4,1.0,3.9,2018-2019
1554,90,George Hill,PG,32,MIL,15,0,26.3,4.2,7.9,.534,1.3,3.2,.417,2.9,4.7,.614,.619,1.8,2.2,.818,1.0,2.5,3.5,2.8,0.8,0.3,0.4,2.3,11.5,2018-2019
1555,91,Aaron Holiday,PG,22,IND,3,0,4.3,0.7,1.7,.400,0.3,0.7,.500,0.3,1.0,.333,.500,0.0,0.0,0,0.0,0.0,0.0,0.0,0.0,0.0,0.3,1.0,1.7,2018-2019
1556,92,Rondae Hollis-Jefferson,SF,24,BRK,4,0,15.5,4.0,8.3,.485,0.3,0.3,1.000,3.8,8.0,.469,.500,5.0,6.3,.800,0.8,2.3,3.0,1.5,0.3,1.3,0.8,1.8,13.3,2018-2019
1557,93,Rodney Hood,SG,26,POR,16,0,23.3,3.3,6.9,.468,1.1,3.2,.353,2.1,3.8,.567,.550,2.3,2.8,.818,0.6,1.7,2.3,0.9,0.4,0.2,0.4,1.8,9.9,2018-2019
1558,94,Al Horford,C,32,BOS,9,9,34.4,5.1,12.2,.418,2.0,4.9,.409,3.1,7.3,.424,.500,1.7,2.0,.833,1.4,7.6,9.0,4.4,0.4,0.8,2.1,2.3,13.9,2018-2019
1559,95,Danuel House Jr.,SF,25,HOU,7,0,20.1,1.6,5.3,.297,1.1,4.4,.258,0.4,0.9,.500,.405,0.6,1.1,.500,0.3,2.9,3.1,0.1,0.4,0.3,0.6,1.6,4.9,2018-2019
1560,96,Serge Ibaka,C,29,TOR,24,0,20.8,3.8,8.0,.477,0.4,1.6,.237,3.5,6.5,.535,.500,1.3,1.8,.762,1.5,4.5,6.0,0.9,0.5,1.0,1.0,3.3,9.4,2018-2019
1561,97,Andre Iguodala,SF,35,GSW,21,15,30.0,3.9,7.9,.494,1.3,3.8,.350,2.6,4.1,.628,.578,0.7,1.8,.378,1.3,3.0,4.3,4.0,1.1,1.1,1.0,2.0,9.8,2018-2019
1562,98,Ersan İlyasova,PF,31,MIL,15,0,18.1,2.3,5.4,.432,0.8,2.7,.300,1.5,2.7,.561,.506,1.3,1.7,.800,1.3,3.4,4.7,1.4,0.7,0.4,0.5,2.7,6.8,2018-2019
1563,99,Joe Ingles,PF,31,UTA,5,5,30.2,2.4,7.4,.324,1.6,5.8,.276,0.8,1.6,.500,.432,0.0,0.0,0,0.6,4.2,4.8,5.0,2.2,0.0,1.6,2.8,6.4,2018-2019
1564,100,Kyrie Irving,PG,26,BOS,9,9,36.7,7.7,19.9,.385,2.0,6.4,.310,5.7,13.4,.421,.436,4.0,4.4,.900,0.6,3.8,4.3,7.0,1.4,0.4,3.1,2.9,21.3,2018-2019
1565,101,Jonathan Isaac,PF,21,ORL,5,5,27.4,2.2,8.0,.275,0.8,4.0,.200,1.4,4.0,.350,.325,1.4,1.6,.875,2.0,4.2,6.2,0.4,0.4,1.0,1.0,1.8,6.6,2018-2019
1566,102,Wes Iwundu,SF,24,ORL,5,0,12.0,1.2,3.6,.333,0.6,1.8,.333,0.6,1.8,.333,.417,1.8,1.8,1.000,0.0,1.4,1.4,0.8,0.6,0.0,0.4,0.8,4.8,2018-2019
1567,103,Reggie Jackson,PG,28,DET,4,4,27.0,7.0,16.3,.431,2.3,5.3,.429,4.8,11.0,.432,.500,1.5,1.8,.857,1.3,2.0,3.3,7.0,0.8,0.0,1.3,3.0,17.8,2018-2019
1568,104,Jonas Jerebko,PF,31,GSW,16,0,7.6,0.8,2.6,.286,0.3,1.2,.263,0.4,1.4,.304,.345,0.3,0.4,.833,0.9,1.2,2.1,0.8,0.1,0.1,0.1,0.6,2.1,2018-2019
1569,105,Amir Johnson,C,31,PHI,4,0,5.0,1.0,1.0,1.000,0.0,0.0,0,1.0,1.0,1.000,1.000,0.0,0.0,0,0.8,0.5,1.3,0.5,0.3,0.0,0.3,0.8,2.0,2018-2019
1570,106,Nikola Jokić,C,23,DEN,14,14,39.8,9.4,18.6,.506,1.6,4.0,.393,7.9,14.6,.537,.548,4.7,5.6,.846,3.9,9.1,13.0,8.4,1.1,0.9,2.6,3.9,25.1,2018-2019
1571,107,Damian Jones,C,23,GSW,4,1,2.0,0.3,0.3,1.000,0.0,0.0,0,0.3,0.3,1.000,1.000,0.3,0.5,.500,0.0,0.5,0.5,0.0,0.0,0.0,0.3,0.8,0.8,2018-2019
1572,108,Cory Joseph,PG,27,IND,4,0,21.3,3.0,6.0,.500,1.0,2.3,.444,2.0,3.8,.533,.583,0.5,0.5,1.000,0.3,1.5,1.8,1.0,0.8,0.0,0.0,1.8,7.5,2018-2019
1573,109,Luke Kennard,SG,22,DET,4,2,33.3,5.8,11.8,.489,2.3,3.8,.600,3.5,8.0,.438,.585,1.3,1.5,.833,0.0,4.0,4.0,1.8,0.8,0.3,0.8,1.5,15.0,2018-2019
1574,110,Furkan Korkmaz,SG,21,PHI,4,0,9.0,1.5,4.5,.333,0.8,2.0,.375,0.8,2.5,.300,.417,1.0,1.3,.800,0.0,1.5,1.5,1.3,0.0,0.3,0.3,1.3,4.8,2018-2019
1575,111,Kyle Korver,SG,37,UTA,4,0,7.5,0.8,2.0,.375,0.5,1.5,.333,0.3,0.5,.500,.500,0.5,0.8,.667,0.3,1.0,1.3,0.0,0.0,0.0,0.3,1.5,2.5,2018-2019
1576,112,Rodions Kurucs,SF,20,BRK,4,3,17.0,2.0,5.0,.400,0.5,2.0,.250,1.5,3.0,.500,.450,1.8,2.3,.778,1.5,3.5,5.0,0.8,0.5,0.0,0.5,2.5,6.3,2018-2019
1577,113,Skal Labissière,PF,22,POR,3,0,3.7,0.3,1.3,.250,0.0,0.7,.000,0.3,0.7,.500,.250,0.0,0.3,.000,0.0,0.0,0.0,0.0,0.0,0.0,0.0,0.3,0.7,2018-2019
1578,114,Jake Layman,SF,24,POR,6,0,3.3,0.2,1.2,.143,0.0,0.8,.000,0.2,0.3,.500,.143,0.5,0.7,.750,0.2,0.5,0.7,0.0,0.0,0.0,0.0,0.5,0.8,2018-2019
1579,115,T.J. Leaf,PF,21,IND,1,0,10.0,0.0,3.0,.000,0.0,1.0,.000,0.0,2.0,.000,.000,2.0,2.0,1.000,1.0,2.0,3.0,0.0,0.0,0.0,0.0,0.0,2.0,2018-2019
1580,116,Kawhi Leonard,SF,27,TOR,24,24,39.1,10.1,20.7,.490,2.3,6.0,.379,7.8,14.6,.536,.545,8.0,9.0,.884,2.3,6.8,9.1,3.9,1.7,0.7,3.1,2.3,30.5,2018-2019
1581,117,Meyers Leonard,C,26,POR,11,2,15.5,3.1,5.9,.523,1.3,3.0,.424,1.8,2.9,.625,.631,0.3,0.8,.333,0.5,3.1,3.6,1.1,0.3,0.1,0.4,2.5,7.7,2018-2019
1582,118,Jon Leuer,PF,29,DET,1,0,5.0,1.0,2.0,.500,0.0,0.0,0,1.0,2.0,.500,.500,0.0,1.0,.000,0.0,0.0,0.0,0.0,0.0,0.0,0.0,1.0,2.0,2018-2019
1583,119,Caris LeVert,SF,24,BRK,5,2,28.8,7.2,14.6,.493,2.4,5.2,.462,4.8,9.4,.511,.575,4.2,5.8,.724,1.2,3.4,4.6,3.0,1.0,0.4,2.0,1.6,21.0,2018-2019
1584,120,Damian Lillard,PG,28,POR,16,16,40.6,8.6,20.6,.418,3.7,9.9,.373,4.9,10.8,.459,.508,5.9,7.1,.833,0.5,4.3,4.8,6.6,1.7,0.3,3.8,2.5,26.9,2018-2019
1585,121,Jeremy Lin,PG,30,TOR,8,0,3.4,0.3,1.1,.222,0.1,0.3,.500,0.1,0.9,.143,.278,0.5,0.5,1.000,0.0,0.4,0.4,0.5,0.1,0.0,0.6,0.3,1.1,2018-2019
1586,122,Shaun Livingston,PG,33,GSW,22,2,14.6,1.5,3.4,.453,0.0,0.1,.000,1.5,3.3,.466,.453,1.0,1.1,.840,0.5,0.9,1.4,1.4,0.5,0.2,0.4,1.6,4.0,2018-2019
1587,123,Kevon Looney,C,22,GSW,21,1,20.6,3.0,4.4,.688,0.0,0.0,0,3.0,4.4,.688,.688,1.0,1.4,.724,2.0,2.5,4.5,1.0,0.6,0.5,0.6,2.4,7.1,2018-2019
1588,124,Brook Lopez,C,30,MIL,15,15,29.2,4.1,8.9,.455,1.5,5.0,.293,2.6,3.9,.661,.537,1.6,1.9,.828,0.8,4.7,5.5,1.4,0.4,1.9,0.7,3.1,11.2,2018-2019
1589,125,Kyle Lowry,PG,32,TOR,24,24,37.5,5.1,11.5,.440,2.2,6.0,.359,2.9,5.5,.530,.534,2.7,3.4,.802,0.9,4.0,4.9,6.6,1.3,0.3,2.3,4.0,15.0,2018-2019
1590,126,Trey Lyles,PF,23,DEN,3,0,2.7,0.0,1.0,.000,0.0,0.3,.000,0.0,0.7,.000,.000,0.0,0.0,0,0.3,0.0,0.3,0.7,0.0,0.0,0.0,0.3,0.0,2018-2019
1591,127,Thon Maker,PF,21,DET,4,2,17.3,1.8,6.5,.269,0.0,3.0,.000,1.8,3.5,.500,.269,2.0,2.3,.889,1.0,1.3,2.3,1.0,0.0,1.0,0.8,3.5,5.5,2018-2019
1592,128,Boban Marjanović,C,30,PHI,11,0,9.5,2.2,3.6,.600,0.0,0.3,.000,2.2,3.4,.649,.600,1.5,1.7,.842,1.2,2.1,3.3,1.0,0.2,0.3,1.3,1.6,5.8,2018-2019
1593,129,Jarell Martin,PF,24,ORL,3,0,6.0,1.3,3.0,.444,0.7,2.3,.286,0.7,0.7,1.000,.556,0.0,0.7,.000,0.3,0.3,0.7,0.3,0.0,0.3,0.0,0.3,3.3,2018-2019
1594,130,Wesley Matthews,SG,32,IND,4,4,29.8,2.3,7.5,.300,1.8,5.3,.333,0.5,2.3,.222,.417,0.8,0.8,1.000,0.0,2.5,2.5,2.0,0.8,0.3,2.0,1.5,7.0,2018-2019
1595,131,Patrick McCaw,SG,23,TOR,11,0,4.4,0.1,0.5,.200,0.1,0.3,.333,0.0,0.2,.000,.300,0.2,0.2,1.000,0.2,0.1,0.3,0.4,0.2,0.0,0.1,0.4,0.5,2018-2019
1596,132,CJ McCollum,SG,27,POR,16,16,39.7,9.6,21.9,.440,2.9,7.3,.393,6.8,14.6,.464,.506,2.6,3.5,.732,0.9,4.1,5.0,3.7,0.8,0.6,1.9,2.1,24.7,2018-2019
1597,133,T.J. McConnell,PG,26,PHI,9,0,8.3,1.3,3.0,.444,0.0,0.0,0,1.3,3.0,.444,.444,0.0,0.0,0,0.1,0.6,0.7,1.2,0.2,0.1,0.1,0.4,2.7,2018-2019
1598,134,Doug McDermott,SF,27,IND,3,0,9.7,0.7,3.3,.200,0.0,2.3,.000,0.7,1.0,.667,.200,0.7,1.3,.500,1.0,0.7,1.7,1.3,0.0,0.3,0.0,0.7,2.0,2018-2019
1599,135,Alfonzo McKinnie,SF,26,GSW,22,1,10.7,1.2,2.7,.441,0.5,1.5,.313,0.7,1.2,.593,.525,0.2,0.5,.400,0.8,1.5,2.3,0.2,0.1,0.0,0.3,1.5,3.0,2018-2019
1600,136,Jodie Meeks,SG,31,TOR,14,0,4.7,0.6,2.1,.310,0.1,0.9,.154,0.5,1.1,.438,.345,0.1,0.2,.667,0.0,0.6,0.6,0.1,0.3,0.1,0.2,0.5,1.6,2018-2019
1601,137,Khris Middleton,SF,27,MIL,15,15,34.3,5.6,13.4,.418,2.7,6.1,.435,2.9,7.3,.404,.517,3.1,3.5,.885,0.6,5.7,6.3,4.4,0.6,0.0,1.9,2.9,16.9,2018-2019
1602,138,Malcolm Miller,SF,25,TOR,10,0,2.8,0.2,0.8,.250,0.1,0.6,.167,0.1,0.2,.500,.313,0.3,0.4,.750,0.0,0.5,0.5,0.1,0.0,0.1,0.1,0.3,0.8,2018-2019
1603,139,Patty Mills,PG,30,SAS,7,0,21.7,2.0,6.1,.326,0.4,3.1,.136,1.6,3.0,.524,.360,0.9,1.4,.600,0.1,2.0,2.1,3.6,1.0,0.1,0.4,1.3,5.3,2018-2019
1604,140,Paul Millsap,PF,33,DEN,14,14,33.5,5.2,11.1,.468,0.9,2.7,.316,4.4,8.4,.517,.506,3.4,4.4,.770,1.7,5.0,6.7,0.8,0.9,1.1,1.3,3.4,14.6,2018-2019
1605,141,Nikola Mirotić,PF,27,MIL,14,8,21.3,3.1,8.4,.376,1.6,5.4,.289,1.6,2.9,.537,.470,1.6,2.0,.821,1.2,3.1,4.3,0.7,0.7,0.2,1.0,1.8,9.5,2018-2019
1606,142,Donovan Mitchell,SG,22,UTA,5,5,38.6,7.2,22.4,.321,2.2,8.6,.256,5.0,13.8,.362,.371,4.8,6.6,.727,1.4,3.6,5.0,3.2,1.6,0.2,4.2,3.0,21.4,2018-2019
1607,143,Greg Monroe,C,28,PHI,10,1,9.0,1.6,4.0,.400,0.1,0.4,.250,1.5,3.6,.417,.413,0.7,0.9,.778,1.4,1.7,3.1,0.4,0.5,0.3,0.4,1.1,4.0,2018-2019
1608,144,Eric Moreland,PF,27,TOR,8,0,3.5,0.1,0.3,.500,0.0,0.0,0,0.1,0.3,.500,.500,0.0,0.0,0,0.3,1.5,1.8,0.4,0.0,0.0,0.0,0.6,0.3,2018-2019
1609,145,Marcus Morris,PF,29,BOS,9,4,28.2,4.6,8.8,.519,2.0,4.4,.450,2.6,4.3,.590,.633,2.6,3.4,.742,1.3,6.8,8.1,1.2,0.1,0.6,0.8,2.4,13.7,2018-2019
1610,146,Markieff Morris,PF,29,OKC,5,0,11.8,1.0,3.2,.313,0.4,1.4,.286,0.6,1.8,.333,.375,1.4,1.8,.778,0.8,1.8,2.6,1.0,0.2,0.6,0.4,1.8,3.8,2018-2019
1611,147,Monte Morris,PG,23,DEN,14,0,16.0,2.4,6.1,.384,0.0,0.9,.000,2.4,5.2,.452,.384,0.6,0.9,.692,0.2,1.1,1.4,2.6,0.4,0.1,0.4,1.1,5.4,2018-2019
1612,148,Donatas Motiejūnas,PF,28,SAS,5,0,3.8,1.2,2.0,.600,0.0,0.2,.000,1.2,1.8,.667,.600,0.2,0.4,.500,0.6,0.8,1.4,0.4,0.0,0.0,0.0,0.2,2.6,2018-2019
1613,149,Jamal Murray,PG,21,DEN,14,14,36.3,7.6,18.0,.425,2.0,5.9,.337,5.6,12.1,.467,.480,4.0,4.4,.903,1.4,3.0,4.4,4.7,1.0,0.1,1.6,1.7,21.3,2018-2019
1614,150,Džanan Musa,SG,19,BRK,2,0,7.5,1.0,1.5,.667,0.0,0.5,.000,1.0,1.0,1.000,.667,0.0,0.0,0,0.0,0.0,0.0,0.0,1.0,0.0,1.5,2.0,2.0,2018-2019
1615,151,Abdel Nader,SF,25,OKC,3,0,1.7,0.3,0.7,.500,0.0,0.0,0,0.3,0.7,.500,.500,0.0,0.0,0,0.0,0.0,0.0,0.0,0.0,0.3,0.0,0.0,0.7,2018-2019
1616,152,Shabazz Napier,PG,27,BRK,3,0,9.3,2.3,3.7,.636,1.0,1.7,.600,1.3,2.0,.667,.773,2.3,2.7,.875,0.7,1.7,2.3,3.7,0.3,0.0,0.0,0.3,8.0,2018-2019
1617,153,Raul Neto,PG,26,UTA,3,0,6.7,0.3,2.0,.167,0.0,0.3,.000,0.3,1.7,.200,.167,0.0,0.0,0,0.0,1.0,1.0,0.3,0.0,0.0,0.0,0.7,0.7,2018-2019
1618,154,Georges Niang,PF,25,UTA,5,0,11.0,1.8,4.4,.409,0.8,2.6,.308,1.0,1.8,.556,.500,0.0,0.0,0,0.0,2.8,2.8,1.0,0.2,0.2,0.4,1.0,4.4,2018-2019
1619,155,Nerlens Noel,C,24,OKC,5,0,12.0,2.4,4.0,.600,0.0,0.0,0,2.4,4.0,.600,.600,0.0,0.4,.000,2.2,1.6,3.8,0.0,0.4,0.6,0.8,1.8,4.8,2018-2019
1620,156,Royce O'Neale,SF,25,UTA,5,0,27.4,4.2,9.0,.467,1.6,4.6,.348,2.6,4.4,.591,.556,0.6,0.8,.750,0.4,4.2,4.6,1.6,0.4,0.4,2.0,3.0,10.6,2018-2019
1621,157,Kyle O'Quinn,C,28,IND,1,0,2.0,0.0,0.0,0,0.0,0.0,0,0.0,0.0,0,0,0.0,0.0,0,0.0,0.0,0.0,0.0,0.0,0.0,1.0,0.0,0.0,2018-2019
1622,158,Semi Ojeleye,PF,24,BOS,6,0,5.7,0.7,1.5,.444,0.5,0.8,.600,0.2,0.7,.250,.611,0.3,0.3,1.000,0.2,0.2,0.3,0.3,0.0,0.0,0.2,0.8,2.2,2018-2019
1623,159,Zaza Pachulia,C,34,DET,2,0,11.0,1.0,3.0,.333,0.0,0.0,0,1.0,3.0,.333,.333,0.5,1.0,.500,0.5,4.0,4.5,0.0,0.0,0.0,0.5,1.5,2.5,2018-2019
1624,160,Chris Paul,PG,33,HOU,11,11,36.1,6.0,13.5,.446,1.5,5.7,.270,4.5,7.7,.576,.503,3.5,4.1,.844,1.3,5.1,6.4,5.5,2.2,0.6,3.4,3.3,17.0,2018-2019
1625,161,Theo Pinson,SG,23,BRK,3,0,7.3,1.0,2.7,.375,1.0,2.3,.429,0.0,0.3,.000,.563,0.0,0.0,0,0.0,1.0,1.0,1.0,0.7,0.0,0.3,0.0,3.0,2018-2019
1626,162,Mason Plumlee,C,28,DEN,14,0,15.6,1.7,3.4,.511,0.0,0.1,.000,1.7,3.3,.522,.511,1.1,2.0,.571,1.9,2.6,4.4,1.5,0.5,0.7,0.6,2.8,4.6,2018-2019
1627,163,Jakob Poeltl,C,23,SAS,7,7,25.3,3.3,5.1,.639,0.0,0.1,.000,3.3,5.0,.657,.639,0.7,1.3,.556,3.6,4.1,7.7,1.7,0.3,0.7,0.4,3.7,7.3,2018-2019
1628,164,Quincy Pondexter,SF,30,SAS,5,0,2.4,0.0,0.4,.000,0.0,0.2,.000,0.0,0.2,.000,.000,0.0,0.0,0,0.0,0.2,0.2,0.4,0.2,0.0,0.0,0.4,0.0,2018-2019
1629,165,Norman Powell,SG,25,TOR,23,0,15.9,2.4,5.5,.444,1.0,2.7,.387,1.4,2.8,.500,.540,0.6,0.8,.737,0.2,2.0,2.2,1.1,0.4,0.0,0.5,1.3,6.5,2018-2019
1630,166,JJ Redick,SG,34,PHI,12,12,31.3,4.5,10.3,.435,3.0,7.3,.414,1.5,3.1,.486,.581,1.4,1.7,.850,0.2,1.3,1.5,1.6,0.1,0.3,1.8,2.7,13.4,2018-2019
1631,167,Austin Rivers,SG,26,HOU,10,0,21.5,2.7,6.2,.435,1.6,3.5,.457,1.1,2.7,.407,.565,0.4,0.6,.667,0.2,1.9,2.1,1.0,0.5,0.1,0.8,3.1,7.4,2018-2019
1632,168,Glenn Robinson III,SF,25,DET,3,0,12.0,1.3,5.0,.267,0.3,2.7,.125,1.0,2.3,.429,.300,1.3,1.3,1.000,0.7,1.7,2.3,0.7,0.7,0.0,0.3,1.7,4.3,2018-2019
1633,169,Jerome Robinson,SG,21,LAC,5,0,9.2,1.0,2.8,.357,0.6,1.2,.500,0.4,1.6,.250,.464,1.0,1.0,1.000,0.4,0.8,1.2,1.4,0.4,0.0,0.2,0.8,3.6,2018-2019
1634,170,Terrence Ross,SG,27,ORL,5,0,29.2,4.0,10.8,.370,2.4,7.0,.343,1.6,3.8,.421,.481,2.8,3.4,.824,0.2,3.4,3.6,1.4,1.2,0.4,2.0,2.0,13.2,2018-2019
1635,171,Terry Rozier,PG,24,BOS,9,0,18.0,2.1,6.6,.322,0.9,3.8,.235,1.2,2.8,.440,.390,1.3,1.8,.750,0.4,3.9,4.3,1.9,0.4,0.2,1.1,1.7,6.4,2018-2019
1636,172,Ricky Rubio,PG,28,UTA,5,5,33.6,5.6,13.2,.424,0.8,4.0,.200,4.8,9.2,.522,.455,3.4,4.0,.850,0.6,2.6,3.2,8.6,2.4,0.2,3.0,2.8,15.4,2018-2019
1637,173,D'Angelo Russell,PG,22,BRK,5,5,29.6,7.4,20.6,.359,2.4,7.4,.324,5.0,13.2,.379,.417,2.2,2.6,.846,0.4,3.2,3.6,3.6,1.4,0.2,2.8,2.4,19.4,2018-2019
1638,174,Domantas Sabonis,C,22,IND,4,0,24.0,3.0,7.3,.414,0.3,1.0,.250,2.8,6.3,.440,.431,2.3,3.5,.643,1.8,5.5,7.3,4.0,0.8,0.3,1.3,3.0,8.5,2018-2019
1639,175,Dennis Schröder,PG,25,OKC,5,0,30.2,5.0,11.0,.455,1.2,4.0,.300,3.8,7.0,.543,.509,2.6,3.6,.722,0.4,2.8,3.2,3.4,0.8,0.0,1.2,2.2,13.8,2018-2019
1640,176,Mike Scott,PF,30,PHI,10,0,19.3,2.1,4.7,.447,1.2,3.4,.353,0.9,1.3,.692,.574,0.2,0.2,1.000,0.4,3.0,3.4,0.5,0.3,0.0,0.7,2.2,5.6,2018-2019
1641,177,Thabo Sefolosha,SF,34,UTA,4,0,10.5,0.5,3.5,.143,0.3,2.0,.125,0.3,1.5,.167,.179,0.0,0.0,0,0.3,1.8,2.0,0.5,0.0,0.0,0.3,0.8,1.3,2018-2019
1642,178,Landry Shamet,SG,21,LAC,6,6,29.0,2.2,6.3,.342,1.7,5.2,.323,0.5,1.2,.429,.474,1.7,1.7,1.000,0.2,1.8,2.0,1.7,1.0,0.0,1.2,2.5,7.7,2018-2019
1643,179,Iman Shumpert,SG,28,HOU,8,0,13.6,1.3,3.3,.385,1.0,2.8,.364,0.3,0.5,.500,.538,0.1,0.5,.250,0.1,1.4,1.5,0.3,0.1,0.0,0.4,1.3,3.6,2018-2019
1644,180,Pascal Siakam,PF,24,TOR,24,24,37.1,7.5,16.0,.470,1.2,4.3,.279,6.3,11.6,.541,.508,2.8,3.6,.759,1.7,5.5,7.1,2.8,1.0,0.7,1.4,2.8,19.0,2018-2019
1645,181,Ben Simmons,PG,22,PHI,12,12,35.1,6.0,9.7,.621,0.0,0.0,0,6.0,9.7,.621,.621,1.9,3.3,.575,1.9,5.1,7.0,6.0,1.3,1.0,2.7,3.8,13.9,2018-2019
1646,182,Jonathon Simmons,SF,29,PHI,7,0,7.4,1.4,4.3,.333,0.3,1.4,.200,1.1,2.9,.400,.367,0.4,0.6,.750,0.3,1.0,1.3,0.3,0.1,0.0,0.9,0.3,3.6,2018-2019
1647,183,Anfernee Simons,SG,19,POR,5,0,2.4,0.0,1.4,.000,0.0,0.4,.000,0.0,1.0,.000,.000,0.8,1.0,.800,0.0,0.0,0.0,0.0,0.2,0.0,0.0,0.4,0.8,2018-2019
1648,184,Marcus Smart,SG,24,BOS,2,0,16.0,0.5,5.5,.091,0.5,5.5,.091,0.0,0.0,0,.136,2.0,3.0,.667,2.0,0.0,2.0,2.0,1.5,0.0,1.5,1.5,3.5,2018-2019
1649,185,Ish Smith,PG,30,DET,4,0,20.3,2.5,9.5,.263,0.3,1.8,.143,2.3,7.8,.290,.276,0.8,1.0,.750,0.3,2.5,2.8,3.5,0.8,0.3,1.0,2.0,6.0,2018-2019
1650,186,Zhaire Smith,SG,19,PHI,2,0,2.5,0.0,0.0,0,0.0,0.0,0,0.0,0.0,0,0,0.0,0.0,0,0.0,0.0,0.0,0.0,0.5,0.0,0.0,0.0,0.0,2018-2019
1651,187,Tony Snell,SF,27,MIL,9,0,3.1,0.2,0.7,.333,0.1,0.2,.500,0.1,0.4,.250,.417,0.0,0.0,0,0.2,0.1,0.3,0.0,0.1,0.1,0.1,0.3,0.6,2018-2019
1652,188,Edmond Sumner,PG,23,IND,1,0,2.0,0.0,0.0,0,0.0,0.0,0,0.0,0.0,0,0,0.0,0.0,0,0.0,2.0,2.0,0.0,0.0,0.0,0.0,0.0,0.0,2018-2019
1653,189,Jayson Tatum,SF,20,BOS,9,9,32.8,5.4,12.4,.438,1.1,3.4,.323,4.3,9.0,.481,.482,3.2,4.3,.744,0.8,5.9,6.7,1.9,1.1,0.8,2.0,2.3,15.2,2018-2019
1654,190,Garrett Temple,SG,32,LAC,6,0,10.5,0.5,1.8,.273,0.2,1.2,.143,0.3,0.7,.500,.318,1.2,1.7,.700,0.2,1.0,1.2,0.3,0.5,0.2,0.3,1.3,2.3,2018-2019
1655,191,Daniel Theis,C,26,BOS,7,0,6.0,0.7,2.0,.357,0.0,0.3,.000,0.7,1.7,.417,.357,0.3,0.3,1.000,0.6,0.9,1.4,0.0,0.1,0.1,0.1,0.6,1.7,2018-2019
1656,192,Khyri Thomas,SG,22,DET,3,0,5.0,2.0,4.0,.500,0.3,1.3,.250,1.7,2.7,.625,.542,0.3,0.3,1.000,0.0,0.7,0.7,0.0,0.7,0.0,0.0,0.0,4.7,2018-2019
1657,193,Klay Thompson,SG,28,GSW,21,21,39.0,7.8,17.1,.456,3.3,7.5,.443,4.5,9.6,.465,.553,1.8,2.0,.902,0.6,3.5,4.1,2.1,1.3,0.7,1.8,2.8,20.7,2018-2019
1658,194,Sindarius Thornwell,SG,24,LAC,4,0,3.0,0.5,1.5,.333,0.3,0.8,.333,0.3,0.8,.333,.417,0.0,0.0,0,0.0,1.0,1.0,0.0,0.3,0.0,0.0,0.5,1.3,2018-2019
1659,195,P.J. Tucker,PF,33,HOU,11,11,38.7,3.6,8.0,.455,2.4,5.2,.456,1.3,2.8,.452,.602,1.7,2.1,.826,1.7,5.7,7.5,1.7,1.7,0.7,0.7,3.2,11.4,2018-2019
1660,196,Evan Turner,PG,30,POR,16,0,15.3,0.9,2.9,.326,0.1,0.1,1.000,0.9,2.8,.311,.337,0.8,0.9,.800,0.8,3.7,4.5,2.2,0.2,0.2,0.8,1.4,2.7,2018-2019
1661,197,Myles Turner,C,22,IND,4,4,31.5,3.5,8.8,.400,0.8,3.5,.214,2.8,5.3,.524,.443,2.0,3.3,.615,1.0,5.3,6.3,1.5,0.0,1.8,0.8,3.5,9.8,2018-2019
1662,198,Ekpe Udoh,C,31,UTA,2,0,3.0,0.0,0.5,.000,0.0,0.0,0,0.0,0.5,.000,.000,0.0,0.0,0,0.0,0.0,0.0,0.0,0.0,0.0,0.0,0.0,0.0,2018-2019
1663,199,Jarred Vanderbilt,PF,19,DEN,3,0,1.7,0.0,0.0,0,0.0,0.0,0,0.0,0.0,0,0,0.0,0.0,0,0.0,0.3,0.3,0.0,0.0,0.3,0.0,0.0,0.0,2018-2019
1664,200,Fred VanVleet,PG,24,TOR,24,0,24.7,2.7,6.9,.392,1.6,4.1,.388,1.1,2.8,.397,.506,1.0,1.3,.774,0.3,1.4,1.7,2.6,0.8,0.3,0.9,2.0,8.0,2018-2019
1665,201,Nikola Vučević,C,28,ORL,5,5,29.4,4.2,11.6,.362,0.6,2.6,.231,3.6,9.0,.400,.388,2.2,2.8,.786,1.8,6.2,8.0,3.0,0.4,1.0,2.6,2.4,11.2,2018-2019
1666,202,Lonnie Walker IV,SG,20,SAS,6,0,3.5,0.5,1.3,.375,0.0,0.2,.000,0.5,1.2,.429,.375,0.0,0.0,0,0.0,0.3,0.3,0.5,0.0,0.0,0.0,0.0,1.0,2018-2019
1667,203,Tyrone Wallace,PG,24,LAC,2,0,5.5,0.5,2.0,.250,0.0,0.0,0,0.5,2.0,.250,.250,1.0,1.5,.667,0.0,0.5,0.5,1.5,0.0,0.0,0.5,1.0,2.0,2018-2019
1668,204,Brad Wanamaker,PG,29,BOS,4,0,4.3,0.8,1.8,.429,0.3,0.3,1.000,0.5,1.5,.333,.500,0.8,1.0,.750,0.0,0.0,0.0,0.8,0.5,0.0,0.5,0.0,2.5,2018-2019
1669,205,Russell Westbrook,PG,30,OKC,5,5,39.4,8.0,22.2,.360,2.2,6.8,.324,5.8,15.4,.377,.410,4.6,5.2,.885,1.4,7.6,9.0,10.6,1.0,0.6,4.6,3.8,22.8,2018-2019
1670,206,Derrick White,PG,24,SAS,7,7,27.3,5.9,10.7,.547,0.7,2.4,.294,5.1,8.3,.621,.580,2.7,3.7,.731,0.1,2.9,3.0,3.0,0.7,0.7,2.1,2.4,15.1,2018-2019
1671,207,Lou Williams,SG,32,LAC,6,0,29.3,7.5,17.3,.433,1.0,3.0,.333,6.5,14.3,.453,.462,5.7,6.8,.829,1.0,1.8,2.8,7.7,0.8,0.2,3.0,2.3,21.7,2018-2019
1672,208,Robert Williams,C,21,BOS,3,0,4.3,0.3,0.7,.500,0.0,0.0,0,0.3,0.7,.500,.500,0.7,0.7,1.000,0.3,2.0,2.3,0.0,0.0,0.0,0.0,0.3,1.3,2018-2019
1673,209,D.J. Wilson,PF,22,MIL,8,0,5.4,1.0,2.0,.500,0.1,0.6,.200,0.9,1.4,.636,.531,0.3,0.3,1.000,0.1,1.1,1.3,0.5,0.0,0.1,0.9,0.9,2.4,2018-2019
1674,210,Guerschon Yabusele,PF,23,BOS,4,0,3.5,0.5,1.0,.500,0.0,0.3,.000,0.5,0.8,.667,.500,1.0,1.8,.571,0.3,0.3,0.5,0.3,0.0,0.3,0.3,0.8,2.0,2018-2019
1675,211,Thaddeus Young,PF,30,IND,4,4,32.5,4.5,10.5,.429,0.5,2.0,.250,4.0,8.5,.471,.452,1.0,1.8,.571,2.3,4.8,7.0,3.8,2.8,0.8,1.3,2.5,10.5,2018-2019
1676,212,Ivica Zubac,C,21,LAC,4,3,9.8,2.3,4.5,.500,0.0,0.0,0,2.3,4.5,.500,.500,0.5,0.8,.667,2.8,2.8,5.5,0.3,0.5,0.5,1.0,1.3,5.0,2018-2019
1677,1,Jaylen Adams,PG,23,POR,3,0,7.0,1.0,3.0,.333,0.0,1.3,.000,1.0,1.7,.600,.333,0.0,0.0,0,0.3,0.7,1.0,0.7,0.3,0.0,0.0,0.3,2.0,2019-2020
1678,2,Steven Adams,C,26,OKC,7,7,30.0,4.4,7.4,.596,0.0,0.1,.000,4.4,7.3,.608,.596,1.3,2.9,.450,4.9,6.7,11.6,1.3,0.6,0.3,2.3,1.4,10.1,2019-2020
1679,3,Bam Adebayo,PF,22,MIA,19,19,36.2,6.5,11.6,.564,0.0,0.1,.000,6.5,11.5,.566,.564,4.7,6.1,.783,2.5,7.8,10.3,4.4,1.0,0.8,2.5,3.1,17.8,2019-2020
1680,4,Jarrett Allen,C,21,BRK,4,4,33.0,3.5,6.0,.583,0.0,0.0,0,3.5,6.0,.583,.583,3.3,4.0,.813,4.3,10.5,14.8,2.3,0.5,1.8,2.8,1.8,10.3,2019-2020
1681,5,Justin Anderson,SG,26,BRK,3,0,9.3,1.7,4.0,.417,1.7,3.7,.455,0.0,0.3,.000,.625,1.3,1.3,1.000,0.0,2.7,2.7,1.0,0.0,0.3,0.7,0.7,6.3,2019-2020
1682,6,Giannis Antetokounmpo,PF,25,MIL,9,9,30.8,10.0,17.9,.559,1.4,4.4,.325,8.6,13.4,.636,.599,5.2,9.0,.580,3.0,10.8,13.8,5.7,0.7,0.9,3.3,3.4,26.7,2019-2020
1683,7,Carmelo Anthony,PF,35,POR,5,5,35.2,5.6,13.6,.412,1.6,3.8,.421,4.0,9.8,.408,.471,2.4,2.8,.857,0.2,4.8,5.0,2.0,1.0,0.4,2.6,4.0,15.2,2019-2020
1684,8,OG Anunoby,SF,22,TOR,11,11,35.7,3.6,8.0,.455,1.5,3.7,.415,2.1,4.3,.489,.551,1.6,2.5,.643,2.4,4.5,6.9,1.2,1.0,1.2,1.5,2.5,10.5,2019-2020
1685,9,D.J. Augustin,PG,32,ORL,5,0,25.6,3.6,9.2,.391,1.6,3.4,.471,2.0,5.8,.345,.478,4.4,4.6,.957,0.0,2.0,2.0,6.0,0.2,0.0,2.4,1.2,13.2,2019-2020
1686,10,J.J. Barea,PG,35,DAL,1,0,5.0,0.0,1.0,.000,0.0,0.0,0,0.0,1.0,.000,.000,3.0,3.0,1.000,0.0,0.0,0.0,0.0,0.0,0.0,1.0,1.0,3.0,2019-2020
1687,11,Keita Bates-Diop,SF,24,DEN,5,0,4.8,0.2,1.0,.200,0.0,0.0,0,0.2,1.0,.200,.200,0.2,0.4,.500,0.6,0.6,1.2,0.2,0.0,0.0,0.0,0.0,0.6,2019-2020
1688,12,Darius Bazley,PF,19,OKC,7,0,18.0,1.9,4.4,.419,1.6,3.1,.500,0.3,1.3,.222,.597,1.3,1.4,.900,0.3,6.4,6.7,0.9,0.0,0.4,0.9,0.3,6.6,2019-2020
1689,13,Patrick Beverley,PG,31,LAC,8,8,20.8,2.5,4.9,.513,1.0,2.8,.364,1.5,2.1,.706,.615,0.3,0.5,.500,1.1,3.0,4.1,2.4,1.0,0.4,0.9,3.9,6.3,2019-2020
1690,14,Khem Birch,C,27,ORL,5,0,17.8,1.4,2.8,.500,0.0,0.0,0,1.4,2.8,.500,.500,2.0,2.2,.909,1.8,3.2,5.0,1.4,0.2,0.0,1.0,2.2,4.8,2019-2020
1691,15,Eric Bledsoe,PG,30,MIL,9,9,29.7,4.2,10.9,.388,0.9,3.6,.250,3.3,7.3,.455,.429,2.3,2.9,.808,0.6,4.0,4.6,5.9,1.2,0.7,2.6,2.2,11.7,2019-2020
1692,16,Bol Bol,PF,20,DEN,4,0,5.3,1.3,2.3,.556,0.5,0.8,.667,0.8,1.5,.500,.667,1.8,2.0,.875,0.8,0.5,1.3,0.0,0.5,0.5,0.5,0.3,4.8,2019-2020
1693,17,Chris Boucher,C,27,TOR,7,0,6.1,0.4,1.6,.273,0.3,0.7,.400,0.1,0.9,.167,.364,0.0,0.1,.000,0.4,1.3,1.7,0.1,0.0,0.3,0.1,0.7,1.1,2019-2020
1694,18,Tony Bradley,C,22,UTA,6,0,8.0,0.3,1.5,.222,0.0,0.0,0,0.3,1.5,.222,.222,0.8,1.2,.714,1.7,2.2,3.8,0.2,0.3,0.3,0.7,0.7,1.5,2019-2020
1695,19,Jarrell Brantley,PF,23,UTA,2,0,6.5,0.0,2.5,.000,0.0,1.5,.000,0.0,1.0,.000,.000,0.5,1.0,.500,1.5,0.5,2.0,1.0,0.0,0.5,0.5,2.0,0.5,2019-2020
1696,20,Malcolm Brogdon,PG,27,IND,4,4,40.0,6.5,16.3,.400,2.3,6.0,.375,4.3,10.3,.415,.469,6.3,7.0,.893,0.0,4.3,4.3,10.0,1.0,0.0,2.5,2.5,21.5,2019-2020
1697,21,Jaylen Brown,SG,23,BOS,17,17,39.5,8.1,16.9,.476,2.5,7.1,.358,5.5,9.9,.560,.550,3.1,3.7,.841,1.4,6.1,7.5,2.3,1.5,0.5,2.4,2.8,21.8,2019-2020
1698,22,Sterling Brown,SF,24,MIL,1,0,4.0,0.0,1.0,.000,0.0,1.0,.000,0.0,0.0,0,.000,0.0,0.0,0,0.0,1.0,1.0,0.0,0.0,0.0,0.0,0.0,0.0,2019-2020
1699,23,Trey Burke,PG,27,DAL,6,3,26.0,5.0,9.8,.508,1.3,2.8,.471,3.7,7.0,.524,.576,1.0,1.7,.600,0.3,2.8,3.2,2.0,1.3,0.3,1.0,2.3,12.3,2019-2020
1700,24,Alec Burks,SG,28,PHI,4,0,23.8,4.0,12.3,.327,0.8,4.0,.188,3.3,8.3,.394,.357,1.8,2.3,.778,1.8,2.0,3.8,1.8,0.3,0.8,0.8,1.8,10.5,2019-2020
1701,25,Deonte Burton,SF,26,OKC,1,0,2.0,0.0,0.0,0,0.0,0.0,0,0.0,0.0,0,0,0.0,0.0,0,0.0,0.0,0.0,0.0,0.0,0.0,0.0,0.0,0.0,2019-2020
1702,26,Jimmy Butler,SF,30,MIA,21,21,38.4,6.9,14.0,.488,0.7,2.0,.349,6.1,12.0,.512,.514,7.8,9.1,.859,2.2,4.3,6.5,6.0,2.0,0.7,2.8,1.8,22.2,2019-2020
1703,27,Bruno Caboclo,C,24,HOU,2,0,3.5,0.5,1.0,.500,0.0,0.5,.000,0.5,0.5,1.000,.500,0.0,0.0,0,0.0,1.5,1.5,0.0,0.5,0.0,0.0,1.0,1.0,2019-2020
1704,28,Kentavious Caldwell-Pope,SG,26,LAL,21,21,29.0,3.8,9.0,.418,2.1,5.7,.378,1.6,3.3,.486,.537,1.0,1.3,.815,0.4,1.7,2.1,1.3,1.0,0.2,0.7,1.9,10.7,2019-2020
1705,29,DeMarre Carroll,C,33,HOU,2,0,3.0,0.5,1.0,.500,0.0,0.0,0,0.5,1.0,.500,.500,0.0,0.0,0,0.0,1.5,1.5,0.5,0.0,0.0,0.0,0.5,1.0,2019-2020
1706,30,Alex Caruso,PG,25,LAL,21,1,24.3,2.3,5.4,.425,0.8,2.9,.279,1.5,2.5,.596,.500,1.1,1.4,.800,0.7,1.6,2.3,2.8,1.1,0.6,1.5,2.6,6.5,2019-2020
1707,31,Tyson Chandler,C,37,HOU,1,0,0.0,0.0,0.0,0,0.0,0.0,0,0.0,0.0,0,0,0.0,2.0,.000,0.0,0.0,0.0,0.0,0.0,0.0,0.0,0.0,0.0,2019-2020
1708,32,Chris Chiozza,PG,24,BRK,4,0,16.3,2.0,6.0,.333,1.3,4.0,.313,0.8,2.0,.375,.438,0.5,1.0,.500,0.3,1.3,1.5,4.3,1.3,0.0,0.8,1.8,5.8,2019-2020
1709,33,Gary Clark,SF,25,ORL,5,5,28.8,2.2,6.6,.333,2.2,6.4,.344,0.0,0.2,.000,.500,0.8,1.0,.800,0.8,4.8,5.6,1.4,1.0,0.4,0.4,1.4,7.4,2019-2020
1710,34,Jordan Clarkson,SG,27,UTA,7,0,28.6,6.4,13.9,.464,2.4,7.0,.347,4.0,6.9,.583,.552,1.4,1.4,1.000,0.3,3.1,3.4,2.1,0.9,0.0,1.0,2.1,16.7,2019-2020
1711,35,Chris Clemons,SG,22,HOU,2,0,4.0,1.0,2.5,.400,1.0,2.5,.400,0.0,0.0,0,.600,0.5,1.0,.500,0.0,1.0,1.0,0.0,0.0,0.0,0.0,0.0,3.5,2019-2020
1712,36,Antonius Cleveland,SG,25,DAL,2,0,4.5,1.0,2.5,.400,0.0,0.0,0,1.0,2.5,.400,.400,0.0,0.0,0,0.5,0.0,0.5,0.0,0.5,0.0,0.0,0.5,2.0,2019-2020
1713,37,Amir Coffey,SG,22,LAC,3,0,2.3,0.0,1.0,.000,0.0,0.3,.000,0.0,0.7,.000,.000,0.7,0.7,1.000,0.0,0.0,0.0,1.3,0.3,0.0,0.0,0.0,0.7,2019-2020
1714,38,Mike Conley,PG,32,UTA,5,5,33.0,6.2,12.8,.484,3.6,6.8,.529,2.6,6.0,.433,.625,3.8,4.4,.864,0.6,2.2,2.8,5.2,1.6,0.2,1.0,2.0,19.8,2019-2020
1715,39,Pat Connaughton,SG,27,MIL,10,0,17.1,1.5,3.5,.429,0.8,2.3,.348,0.7,1.2,.583,.543,0.2,0.2,1.000,0.5,3.4,3.9,1.1,0.2,0.2,0.5,1.2,4.0,2019-2020
1716,40,Quinn Cook,PG,26,LAL,6,0,4.0,0.8,1.7,.500,0.3,0.7,.500,0.5,1.0,.500,.600,0.2,0.2,1.000,0.0,0.2,0.2,0.8,0.0,0.0,0.2,0.2,2.2,2019-2020
1717,41,Tyler Cook,SF,22,DEN,1,0,4.0,0.0,0.0,0,0.0,0.0,0,0.0,0.0,0,0,0.0,0.0,0,0.0,2.0,2.0,0.0,0.0,0.0,0.0,0.0,0.0,2019-2020
1718,42,Robert Covington,C,29,HOU,12,12,31.6,3.9,7.9,.495,2.8,5.7,.500,1.1,2.3,.481,.674,0.5,0.6,.857,0.7,4.3,5.0,1.3,2.5,1.1,1.0,3.8,11.2,2019-2020
1719,43,Torrey Craig,SF,29,DEN,19,3,19.7,1.7,4.1,.423,0.6,2.2,.262,1.2,1.9,.611,.494,0.5,0.7,.692,0.7,2.6,3.3,0.7,0.4,0.4,0.5,2.3,4.5,2019-2020
1720,44,Jae Crowder,PF,29,MIA,21,21,31.4,3.9,9.6,.403,2.6,7.7,.342,1.2,1.9,.650,.540,1.7,2.2,.761,0.5,5.0,5.6,1.9,0.7,0.6,0.7,2.6,12.0,2019-2020
1721,45,Seth Curry,SG,29,DAL,6,0,28.8,5.2,8.8,.585,1.7,3.5,.476,3.5,5.3,.656,.679,0.8,0.8,1.000,0.3,1.5,1.8,1.3,1.0,0.0,1.3,2.3,12.8,2019-2020
1722,46,Troy Daniels,SG,28,DEN,6,0,5.0,1.0,2.0,.500,0.5,1.0,.500,0.5,1.0,.500,.625,0.2,0.3,.500,0.2,0.3,0.5,0.3,0.0,0.0,0.0,0.3,2.7,2019-2020
1723,47,Anthony Davis,PF,26,LAL,21,21,36.6,9.8,17.1,.571,1.1,2.9,.383,8.7,14.2,.609,.603,7.1,8.5,.832,2.6,7.1,9.7,3.5,1.2,1.4,2.5,2.7,27.7,2019-2020
1724,48,Terence Davis,SG,22,TOR,6,0,14.0,2.3,4.8,.483,1.3,3.2,.421,1.0,1.7,.600,.621,1.2,1.2,1.000,0.3,1.8,2.2,1.2,0.2,0.0,1.0,1.8,7.2,2019-2020
1725,49,Hamidou Diallo,SF,21,OKC,3,0,8.3,1.3,3.7,.364,0.3,1.7,.200,1.0,2.0,.500,.409,1.3,2.3,.571,0.7,1.3,2.0,0.3,0.0,0.7,0.7,0.0,4.3,2019-2020
1726,50,Donte DiVincenzo,SG,23,MIL,10,1,16.5,2.3,5.1,.451,0.7,2.1,.333,1.6,3.0,.533,.520,1.3,2.0,.650,0.8,2.4,3.2,1.2,0.7,0.3,1.0,2.1,6.6,2019-2020
1727,51,Luka Dončić,PG,20,DAL,6,6,35.8,10.7,21.3,.500,2.7,7.3,.364,8.0,14.0,.571,.563,7.0,10.7,.656,0.7,9.2,9.8,8.7,1.2,0.5,5.2,2.8,31.0,2019-2020
1728,52,Luguentz Dort,SF,20,OKC,6,6,29.2,4.5,12.7,.355,2.2,8.3,.260,2.3,4.3,.538,.441,1.3,2.5,.533,0.8,2.8,3.7,1.0,0.3,1.0,2.5,4.2,12.5,2019-2020
1729,53,PJ Dozier,SG,23,DEN,12,0,10.4,1.2,2.8,.424,0.2,0.7,.250,1.0,2.1,.480,.455,0.7,1.2,.571,0.2,1.3,1.5,1.0,0.2,0.2,0.7,1.1,3.2,2019-2020
1730,54,Goran Dragić,PG,33,MIA,17,16,32.5,7.0,15.8,.444,2.2,6.3,.346,4.8,9.5,.509,.513,2.9,3.6,.803,0.8,3.3,4.1,4.4,1.0,0.1,2.3,2.9,19.1,2019-2020
1731,55,Jared Dudley,PF,34,LAL,9,0,3.4,0.0,0.4,.000,0.0,0.3,.000,0.0,0.1,.000,.000,0.0,0.0,0,0.0,0.2,0.2,0.0,0.4,0.1,0.2,0.2,0.0,2019-2020
1732,56,Carsen Edwards,SG,21,BOS,1,0,3.0,0.0,0.0,0,0.0,0.0,0,0.0,0.0,0,0,0.0,0.0,0,0.0,1.0,1.0,0.0,0.0,0.0,0.0,0.0,0.0,2019-2020
1733,57,Joel Embiid,C,25,PHI,4,4,36.3,8.5,18.5,.459,1.0,4.0,.250,7.5,14.5,.517,.486,12.0,14.8,.814,2.8,9.5,12.3,1.3,1.5,1.3,3.8,4.5,30.0,2019-2020
1734,58,James Ennis III,SG,29,ORL,5,5,23.8,2.4,7.0,.343,0.8,3.2,.250,1.6,3.8,.421,.400,1.4,1.8,.778,1.2,4.6,5.8,1.2,1.0,0.4,1.2,3.8,7.0,2019-2020
1735,59,Tacko Fall,C,24,BOS,2,0,1.5,0.5,0.5,1.000,0.0,0.0,0,0.5,0.5,1.000,1.000,0.5,1.0,.500,0.0,0.5,0.5,0.0,0.0,0.0,0.0,0.0,1.5,2019-2020
1736,60,Terrance Ferguson,SF,21,OKC,4,1,10.5,0.5,2.8,.182,0.5,2.5,.200,0.0,0.3,.000,.273,0.0,0.0,0,0.3,0.8,1.0,0.3,0.3,0.0,0.3,0.8,1.5,2019-2020
1737,61,Dorian Finney-Smith,PF,26,DAL,6,6,31.8,3.8,8.7,.442,1.8,5.0,.367,2.0,3.7,.545,.548,0.7,0.8,.800,2.0,3.7,5.7,3.2,1.2,0.5,1.5,3.7,10.2,2019-2020
1738,62,Evan Fournier,SF,27,ORL,5,5,34.2,4.0,11.4,.351,2.4,7.0,.343,1.6,4.4,.364,.456,2.4,3.4,.706,0.6,3.4,4.0,2.6,1.2,0.6,1.8,2.0,12.8,2019-2020
1739,63,Michael Frazier,SG,25,HOU,4,0,3.0,0.3,1.0,.250,0.3,0.5,.500,0.0,0.5,.000,.375,0.0,0.0,0,0.3,0.8,1.0,0.5,0.0,0.0,0.3,0.0,0.8,2019-2020
1740,64,Enes Freedom,C,27,BOS,11,0,9.3,2.0,3.8,.524,0.1,0.1,1.000,1.9,3.7,.512,.536,0.5,0.9,.500,1.7,2.2,3.9,0.6,0.0,0.0,0.4,1.7,4.5,2019-2020
1741,65,Markelle Fultz,PG,21,ORL,5,5,29.4,4.8,12.0,.400,1.2,3.2,.375,3.6,8.8,.409,.450,1.2,1.4,.857,0.0,2.2,2.2,5.2,1.0,0.6,2.6,4.0,12.0,2019-2020
1742,66,Wenyen Gabriel,PF,22,POR,4,2,13.3,2.3,3.8,.600,0.5,1.3,.400,1.8,2.5,.700,.667,0.3,0.5,.500,1.8,0.8,2.5,1.0,0.5,0.5,1.3,4.0,5.3,2019-2020
1743,67,Danilo Gallinari,PF,31,OKC,7,7,30.3,4.6,11.3,.405,1.7,5.3,.324,2.9,6.0,.476,.481,4.1,4.3,.967,0.7,4.7,5.4,1.0,0.7,0.1,2.1,1.6,15.0,2019-2020
1744,68,Marc Gasol,C,35,TOR,11,11,20.7,2.3,5.8,.391,0.5,2.5,.185,1.8,3.4,.541,.430,1.0,1.4,.733,0.4,4.0,4.4,2.6,0.5,0.6,1.5,2.9,6.0,2019-2020
1745,69,Paul George,SF,29,LAC,13,13,36.8,6.8,17.0,.398,2.8,8.5,.333,3.9,8.5,.464,.482,3.8,4.2,.909,1.1,5.0,6.1,3.8,1.5,0.5,3.1,3.8,20.2,2019-2020
1746,70,Shai Gilgeous-Alexander,SG,21,OKC,7,7,39.9,5.6,12.9,.433,2.0,5.0,.400,3.6,7.9,.455,.511,3.1,3.3,.957,0.4,4.9,5.3,4.1,1.0,0.4,2.1,2.4,16.3,2019-2020
1747,71,Rudy Gobert,C,27,UTA,7,7,38.6,6.9,10.6,.649,0.0,0.0,0,6.9,10.6,.649,.649,3.1,6.0,.524,3.4,8.0,11.4,1.1,0.6,1.4,1.3,3.7,16.9,2019-2020
1748,72,Eric Gordon,SF,31,HOU,12,12,34.2,6.0,14.7,.409,2.4,7.5,.322,3.6,7.2,.500,.491,2.9,3.3,.875,0.5,2.2,2.7,3.0,0.8,0.6,2.0,2.2,17.3,2019-2020
1749,73,Jerami Grant,PF,25,DEN,19,16,34.4,3.7,9.2,.406,1.6,5.0,.326,2.1,4.2,.500,.494,2.5,2.8,.889,0.4,2.9,3.3,1.3,0.6,0.8,1.3,3.1,11.6,2019-2020
1750,74,Danny Green,SG,32,LAL,21,21,25.0,2.8,8.1,.347,1.9,5.5,.339,1.0,2.6,.364,.462,0.5,0.7,.667,1.2,2.0,3.1,1.2,1.0,0.8,0.6,2.3,8.0,2019-2020
1751,75,JaMychal Green,PF,29,LAC,13,0,17.1,2.4,4.2,.564,0.8,1.8,.435,1.6,2.5,.656,.655,0.5,0.7,.778,1.0,2.8,3.8,0.5,0.2,0.2,0.4,2.2,6.1,2019-2020
1752,76,Javonte Green,SG,26,BOS,1,0,6.0,1.0,2.0,.500,1.0,2.0,.500,0.0,0.0,0,.750,0.0,0.0,0,0.0,1.0,1.0,0.0,0.0,0.0,0.0,1.0,3.0,2019-2020
1753,77,Jeff Green,C,33,HOU,12,0,28.4,4.3,8.6,.495,1.9,4.5,.426,2.3,4.1,.571,.607,1.2,1.4,.824,0.4,4.6,5.0,1.6,0.5,0.5,1.3,2.3,11.6,2019-2020
1754,78,Donta Hall,C,22,BRK,3,0,6.7,1.0,1.7,.600,0.0,0.0,0,1.0,1.7,.600,.600,0.3,1.3,.250,1.0,0.7,1.7,0.0,0.0,0.7,0.3,0.3,2.3,2019-2020
1755,79,Tim Hardaway Jr.,SG,27,DAL,6,6,34.0,6.7,15.8,.421,3.2,9.0,.352,3.5,6.8,.512,.521,1.3,1.8,.727,0.5,3.0,3.5,1.8,0.3,0.0,0.5,2.7,17.8,2019-2020
1756,80,James Harden,SG,30,HOU,12,12,37.3,9.1,19.0,.478,3.3,9.8,.333,5.8,9.3,.631,.564,8.2,9.7,.845,1.0,4.6,5.6,7.7,1.5,0.8,3.8,3.6,29.6,2019-2020
1757,81,Montrezl Harrell,C,26,LAC,13,0,18.7,3.6,6.3,.573,0.1,0.4,.200,3.5,5.9,.597,.579,3.2,5.2,.603,0.8,2.1,2.9,0.4,0.4,0.5,0.9,2.2,10.5,2019-2020
1758,82,Gary Harris,SG,25,DEN,14,12,27.1,2.4,6.4,.378,1.4,3.7,.365,1.1,2.7,.395,.483,1.2,1.6,.773,0.5,1.5,2.0,1.7,1.1,0.3,1.5,3.2,7.4,2019-2020
1759,83,Joe Harris,SF,28,BRK,2,2,36.0,6.0,11.5,.522,3.5,6.0,.583,2.5,5.5,.455,.674,1.0,2.0,.500,1.0,9.0,10.0,1.0,0.5,0.0,1.5,4.5,16.5,2019-2020
1760,84,Tobias Harris,PF,27,PHI,4,4,37.3,5.8,15.0,.383,0.5,3.8,.133,5.3,11.3,.467,.400,3.8,4.8,.789,3.5,6.0,9.5,4.0,0.5,0.3,1.3,2.8,15.8,2019-2020
1761,85,Gordon Hayward,SF,29,BOS,5,1,31.4,4.0,10.0,.400,1.4,4.8,.292,2.6,5.2,.500,.470,1.4,1.6,.875,0.6,3.4,4.0,2.8,1.4,0.4,1.4,2.0,10.8,2019-2020
1762,86,Tyler Herro,SG,20,MIA,21,5,33.6,5.7,13.2,.433,2.3,6.1,.375,3.4,7.1,.483,.520,2.2,2.6,.870,0.3,4.8,5.1,3.7,0.4,0.1,2.0,1.5,16.0,2019-2020
1763,87,Mario Hezonja,PF,24,POR,5,0,13.6,1.8,4.4,.409,0.4,1.4,.286,1.4,3.0,.467,.455,0.6,0.8,.750,0.4,2.8,3.2,1.2,0.6,0.0,0.6,1.6,4.6,2019-2020
1764,88,George Hill,PG,33,MIL,10,1,26.8,3.2,6.7,.478,1.0,2.8,.357,2.2,3.9,.564,.552,2.1,2.6,.808,0.5,1.9,2.4,3.1,0.6,0.0,1.6,1.7,9.5,2019-2020
1765,89,Solomon Hill,PF,28,MIA,7,0,6.0,0.7,1.3,.556,0.3,0.9,.333,0.4,0.4,1.000,.667,0.0,0.0,0,0.1,0.9,1.0,0.4,0.1,0.0,0.0,0.7,1.7,2019-2020
1766,90,Jaylen Hoard,PF,20,POR,3,0,13.7,2.3,4.0,.583,0.0,0.0,0,2.3,4.0,.583,.583,0.0,0.0,0,1.7,1.3,3.0,0.3,0.0,0.0,0.7,1.7,4.7,2019-2020
1767,91,Aaron Holiday,PG,23,IND,4,2,18.0,3.0,5.3,.571,1.0,2.3,.444,2.0,3.0,.667,.667,0.8,1.3,.600,0.3,1.0,1.3,2.5,1.0,0.0,1.0,2.5,7.8,2019-2020
1768,92,Justin Holiday,SF,30,IND,4,2,32.8,2.5,5.3,.476,2.0,4.0,.500,0.5,1.3,.400,.667,0.3,0.8,.333,1.0,2.8,3.8,0.8,1.5,1.3,0.8,2.0,7.3,2019-2020
1769,93,Rondae Hollis-Jefferson,PF,25,TOR,5,0,7.8,0.8,2.0,.400,0.0,0.2,.000,0.8,1.8,.444,.400,1.2,1.6,.750,1.0,1.0,2.0,0.6,0.4,0.2,0.2,1.0,2.8,2019-2020
1770,94,Al Horford,C,33,PHI,4,3,32.3,3.0,6.3,.480,0.0,1.0,.000,3.0,5.3,.571,.480,1.0,1.8,.571,2.3,5.0,7.3,2.3,0.3,1.3,0.8,3.5,7.0,2019-2020
1771,95,Talen Horton-Tucker,SG,19,LAL,2,0,8.5,3.0,6.0,.500,1.0,2.5,.400,2.0,3.5,.571,.583,0.0,0.0,0,0.0,2.5,2.5,0.0,1.0,0.0,0.0,2.0,7.0,2019-2020
1772,96,Danuel House Jr.,SF,26,HOU,9,4,31.0,4.1,9.4,.435,2.1,5.9,.358,2.0,3.6,.563,.547,1.1,1.4,.769,1.1,4.7,5.8,1.4,0.9,0.0,0.8,2.4,11.4,2019-2020
1773,97,Dwight Howard,C,34,LAL,18,7,15.7,2.2,3.2,.684,0.1,0.1,.500,2.1,3.1,.691,.693,1.4,2.5,.556,1.8,2.8,4.6,0.5,0.4,0.4,0.9,3.1,5.8,2019-2020
1774,98,Serge Ibaka,C,30,TOR,11,0,22.8,5.7,10.0,.573,2.1,4.1,.511,3.6,5.9,.615,.677,1.3,1.3,1.000,1.5,6.2,7.7,1.2,0.2,1.3,1.1,2.5,14.8,2019-2020
1775,99,Andre Iguodala,SF,36,MIA,21,0,19.5,1.4,3.1,.462,0.7,1.9,.359,0.8,1.2,.615,.569,0.2,0.3,.714,0.5,2.0,2.6,1.5,0.8,0.6,0.7,2.1,3.8,2019-2020
1776,100,Ersan İlyasova,PF,32,MIL,3,0,7.7,1.0,3.0,.333,0.3,1.7,.200,0.7,1.3,.500,.389,0.7,0.7,1.000,0.0,1.3,1.3,0.0,0.7,0.0,0.3,1.0,3.0,2019-2020
1777,101,Joe Ingles,PF,32,UTA,7,7,33.4,3.1,7.7,.407,2.0,5.7,.350,1.1,2.0,.571,.537,0.9,0.9,1.000,0.1,3.3,3.4,4.7,0.6,0.1,0.6,2.1,9.1,2019-2020
1778,102,Wes Iwundu,SF,25,ORL,5,0,15.2,1.2,4.0,.300,0.8,1.4,.571,0.4,2.6,.154,.400,1.0,1.6,.625,0.2,2.0,2.2,0.8,0.6,0.4,0.6,1.0,4.2,2019-2020
1779,103,Justin Jackson,PF,24,DAL,3,0,5.3,0.3,2.0,.167,0.0,1.0,.000,0.3,1.0,.333,.167,0.7,1.3,.500,0.0,1.0,1.0,0.0,0.0,0.0,0.0,0.3,1.3,2019-2020
1780,104,Reggie Jackson,PG,29,LAC,12,1,14.2,1.8,4.0,.438,1.4,2.7,.531,0.3,1.3,.250,.615,0.0,0.0,0,0.2,1.6,1.8,0.9,0.2,0.1,0.4,1.5,4.9,2019-2020
1781,105,LeBron James,PG,35,LAL,21,21,36.3,10.2,18.2,.560,2.1,5.7,.370,8.1,12.5,.646,.618,5.1,7.1,.720,1.3,9.4,10.8,8.8,1.2,0.9,4.0,1.9,27.6,2019-2020
1782,106,Alize Johnson,PF,23,IND,1,0,0.0,0.0,0.0,0,0.0,0.0,0,0.0,0.0,0,0,0.0,0.0,0,0.0,0.0,0.0,0.0,0.0,0.0,0.0,0.0,0.0,2019-2020
1783,107,B.J. Johnson,SF,24,ORL,1,0,4.0,1.0,2.0,.500,1.0,1.0,1.000,0.0,1.0,.000,.750,0.0,0.0,0,0.0,2.0,2.0,0.0,0.0,0.0,0.0,0.0,3.0,2019-2020
1784,108,Stanley Johnson,PF,23,TOR,3,0,6.7,1.7,3.7,.455,0.7,1.7,.400,1.0,2.0,.500,.545,0.3,0.3,1.000,0.3,1.0,1.3,2.0,0.0,0.0,0.3,1.0,4.3,2019-2020
1785,109,Tyler Johnson,SG,27,BRK,4,2,23.3,5.3,11.5,.457,2.8,7.0,.393,2.5,4.5,.556,.576,0.5,0.5,1.000,0.0,1.8,1.8,2.3,0.0,0.3,0.8,2.8,13.8,2019-2020
1786,110,Nikola Jokić,C,24,DEN,19,19,36.5,9.4,18.1,.519,2.2,5.2,.429,7.2,12.9,.555,.580,3.5,4.2,.835,1.9,7.9,9.8,5.7,1.1,0.8,3.3,3.6,24.4,2019-2020
1787,111,Derrick Jones Jr.,SF,22,MIA,15,0,6.5,0.5,1.1,.471,0.3,0.6,.444,0.3,0.5,.500,.588,0.1,0.3,.400,0.4,0.4,0.8,0.5,0.4,0.3,0.1,0.8,1.5,2019-2020
1788,112,Michael Kidd-Gilchrist,PF,26,DAL,6,0,9.2,0.7,2.3,.286,0.3,1.5,.222,0.3,0.8,.400,.357,0.7,1.0,.667,0.3,0.7,1.0,0.5,0.2,0.2,0.2,1.3,2.3,2019-2020
1789,113,Maxi Kleber,PF,28,DAL,6,6,33.8,2.2,6.5,.333,0.8,4.3,.192,1.3,2.2,.615,.397,1.5,2.0,.750,1.7,4.8,6.5,1.5,0.3,1.2,0.7,3.3,6.7,2019-2020
1790,114,Furkan Korkmaz,SG,22,PHI,4,0,10.0,0.0,1.8,.000,0.0,1.5,.000,0.0,0.3,.000,.000,0.8,1.3,.600,0.0,1.5,1.5,0.5,0.3,0.0,0.5,0.8,0.8,2019-2020
1791,115,Kyle Korver,SF,38,MIL,10,0,11.9,2.0,4.7,.426,1.5,3.7,.405,0.5,1.0,.500,.585,0.7,0.7,1.000,0.1,0.7,0.8,0.1,0.3,0.1,0.5,0.9,6.2,2019-2020
1792,116,Rodions Kurucs,PF,21,BRK,4,1,14.5,2.8,5.0,.550,0.0,2.0,.000,2.8,3.0,.917,.550,0.0,0.5,.000,0.8,2.5,3.3,0.8,0.3,0.5,0.8,2.3,5.5,2019-2020
1793,117,Kyle Kuzma,PF,24,LAL,21,0,23.0,3.7,8.5,.430,1.2,4.0,.313,2.4,4.6,.531,.503,1.4,1.8,.784,0.9,2.2,3.1,0.8,0.3,0.3,1.0,2.4,10.0,2019-2020
1794,118,Romeo Langford,SG,20,BOS,7,0,6.6,0.6,1.4,.400,0.1,0.3,.500,0.4,1.1,.375,.450,0.1,0.3,.500,0.0,0.4,0.4,0.3,0.1,0.0,0.3,0.6,1.4,2019-2020
1795,119,Vic Law,PF,24,ORL,1,0,4.0,1.0,1.0,1.000,1.0,1.0,1.000,0.0,0.0,0,1.500,0.0,0.0,0,0.0,2.0,2.0,1.0,0.0,0.0,0.0,0.0,3.0,2019-2020
1796,120,Kawhi Leonard,SF,28,LAC,13,13,39.3,10.1,20.6,.489,1.8,5.6,.329,8.2,15.0,.549,.534,6.2,7.2,.862,1.8,7.5,9.3,5.5,2.3,0.8,2.5,2.2,28.2,2019-2020
1797,121,Meyers Leonard,C,27,MIA,3,2,10.3,1.7,2.7,.625,0.7,1.3,.500,1.0,1.3,.750,.750,0.7,0.7,1.000,0.0,0.3,0.3,1.0,0.3,0.0,0.0,1.3,4.7,2019-2020
1798,122,Caris LeVert,SG,25,BRK,4,4,35.0,6.8,18.3,.370,2.3,5.3,.429,4.5,13.0,.346,.432,4.5,6.3,.720,2.0,4.0,6.0,9.5,1.3,0.3,3.3,1.8,20.3,2019-2020
1799,123,Damian Lillard,PG,29,POR,4,4,35.8,6.5,16.0,.406,3.3,8.3,.394,3.3,7.8,.419,.508,8.0,8.3,.970,0.3,3.3,3.5,4.3,0.5,0.3,3.5,1.0,24.3,2019-2020
1800,124,Brook Lopez,C,31,MIL,10,10,32.8,6.1,11.4,.535,2.1,5.3,.396,4.0,6.1,.656,.627,1.5,2.0,.750,1.9,3.6,5.5,0.5,1.0,1.3,1.2,2.7,15.8,2019-2020
1801,125,Robin Lopez,C,31,MIL,3,0,7.0,1.0,1.3,.750,0.0,0.0,0,1.0,1.3,.750,.750,0.0,0.0,0,0.0,1.3,1.3,0.0,0.0,0.0,0.0,0.7,2.0,2019-2020
1802,126,Kyle Lowry,PG,33,TOR,11,11,37.5,5.6,13.5,.419,2.1,6.5,.319,3.5,6.9,.513,.497,4.4,5.5,.800,0.7,5.8,6.5,5.8,1.7,0.7,2.5,3.6,17.7,2019-2020
1803,127,Timothé Luwawu-Cabarrot,SF,24,BRK,4,3,32.8,5.0,14.8,.339,3.3,9.8,.333,1.8,5.0,.350,.449,2.8,3.0,.917,0.3,3.5,3.8,1.5,0.8,0.0,2.0,3.5,16.0,2019-2020
1804,128,Terance Mann,SF,23,LAC,13,0,2.1,0.2,0.4,.400,0.0,0.2,.000,0.2,0.2,.667,.400,0.0,0.0,0,0.0,0.5,0.5,0.1,0.1,0.0,0.2,0.3,0.3,2019-2020
1805,129,Boban Marjanović,C,31,DAL,6,0,13.7,2.8,5.0,.567,0.0,0.2,.000,2.8,4.8,.586,.567,1.2,1.5,.778,1.0,4.8,5.8,0.8,0.0,0.3,0.5,1.5,6.8,2019-2020
1806,130,Jeremiah Martin,PG,23,BRK,3,0,9.0,1.3,4.7,.286,1.0,1.7,.600,0.3,3.0,.111,.393,0.3,0.3,1.000,0.0,1.0,1.0,1.3,0.0,0.3,0.7,0.7,4.0,2019-2020
1807,131,Frank Mason III,PG,25,MIL,2,0,1.0,0.0,0.0,0,0.0,0.0,0,0.0,0.0,0,0,0.0,0.0,0,0.0,0.0,0.0,0.5,0.0,0.0,0.0,0.0,0.0,2019-2020
1808,132,Wesley Matthews,SG,33,MIL,10,10,24.6,2.4,5.7,.421,1.7,4.3,.395,0.7,1.4,.500,.570,0.7,1.0,.700,0.6,1.2,1.8,0.9,0.9,0.4,0.7,2.0,7.2,2019-2020
1809,133,CJ McCollum,SG,28,POR,5,5,39.2,8.8,19.8,.444,2.6,7.0,.371,6.2,12.8,.484,.510,3.0,4.4,.682,1.0,4.8,5.8,3.2,1.2,0.4,3.0,2.0,23.2,2019-2020
1810,134,T.J. McConnell,PG,27,IND,3,0,9.3,1.0,2.7,.375,0.0,0.0,0,1.0,2.7,.375,.375,0.3,0.7,.500,0.0,2.0,2.0,2.3,0.0,0.0,0.7,1.3,2.3,2019-2020
1811,135,Doug McDermott,PF,28,IND,4,0,13.5,1.0,3.8,.267,0.5,2.5,.200,0.5,1.3,.400,.333,0.0,0.0,0,0.0,0.8,0.8,0.3,0.3,0.0,0.3,0.8,2.5,2019-2020
1812,136,JaVale McGee,C,32,LAL,14,11,9.6,1.4,2.3,.625,0.0,0.1,.000,1.4,2.1,.667,.625,0.1,0.1,.500,1.1,2.0,3.1,0.5,0.1,0.7,0.6,1.6,2.9,2019-2020
1813,137,Rodney McGruder,SG,28,LAC,5,0,3.2,0.6,1.0,.600,0.4,0.6,.667,0.2,0.4,.500,.800,0.0,0.0,0,0.2,0.6,0.8,0.4,0.0,0.0,0.0,0.0,1.6,2019-2020
1814,138,Ben McLemore,SF,26,HOU,11,0,11.8,1.4,3.6,.375,1.3,3.3,.389,0.1,0.4,.250,.550,0.0,0.0,0,0.2,0.8,1.0,0.5,0.4,0.0,0.3,0.7,4.0,2019-2020
1815,139,Khris Middleton,SF,28,MIL,10,10,35.5,7.1,18.0,.394,2.3,6.5,.354,4.8,11.5,.417,.458,3.8,4.6,.826,0.5,6.4,6.9,6.0,1.1,0.2,3.4,4.1,20.3,2019-2020
1816,140,Malcolm Miller,SF,26,TOR,1,0,5.0,1.0,3.0,.333,1.0,1.0,1.000,0.0,2.0,.000,.500,0.0,0.0,0,0.0,0.0,0.0,0.0,0.0,0.0,0.0,2.0,3.0,2019-2020
1817,141,Paul Millsap,PF,34,DEN,19,19,24.2,2.5,6.2,.398,0.8,2.3,.341,1.7,3.9,.432,.462,2.3,2.8,.796,1.4,3.3,4.7,1.2,0.6,0.5,1.3,2.6,8.0,2019-2020
1818,142,Shake Milton,SG,23,PHI,4,4,31.5,5.3,11.0,.477,2.5,6.3,.400,2.8,4.8,.579,.591,1.5,1.8,.857,0.3,3.0,3.3,2.8,0.5,0.0,1.5,3.3,14.5,2019-2020
1819,143,Donovan Mitchell,SG,23,UTA,7,7,37.7,11.9,22.4,.529,4.7,9.1,.516,7.1,13.3,.538,.634,7.9,8.3,.948,0.9,4.1,5.0,4.9,1.0,0.3,4.1,1.6,36.3,2019-2020
1820,144,Juwan Morgan,PF,22,UTA,7,2,12.3,0.4,1.7,.250,0.3,1.4,.200,0.1,0.3,.500,.333,0.3,0.9,.333,0.9,2.1,3.0,0.7,0.3,0.0,0.1,1.6,1.4,2019-2020
1821,145,Marcus Morris,PF,30,LAC,13,13,29.8,4.3,8.5,.505,2.2,4.5,.475,2.2,4.0,.538,.631,1.0,1.1,.929,0.8,4.0,4.8,1.6,0.8,0.1,0.7,3.0,11.8,2019-2020
1822,146,Markieff Morris,PF,30,LAL,21,2,18.3,2.1,4.7,.449,1.4,3.3,.420,0.7,1.4,.517,.597,0.3,0.4,.778,0.6,2.5,3.0,1.0,0.3,0.1,0.8,2.6,5.9,2019-2020
1823,147,Monte Morris,PG,24,DEN,19,4,21.4,3.5,7.0,.496,0.6,2.1,.300,2.8,4.9,.581,.541,1.5,1.8,.824,0.2,1.3,1.5,2.7,0.6,0.1,0.5,1.1,9.1,2019-2020
1824,148,Emmanuel Mudiay,PG,23,UTA,3,0,11.3,1.7,4.7,.357,0.7,1.0,.667,1.0,3.7,.273,.429,0.3,0.7,.500,0.3,1.7,2.0,0.7,0.0,0.3,0.3,0.0,4.3,2019-2020
1825,149,Jamal Murray,PG,22,DEN,19,19,39.6,9.8,19.4,.505,3.3,7.2,.453,6.5,12.2,.537,.590,3.7,4.1,.897,1.1,3.8,4.8,6.6,0.9,0.3,2.8,2.2,26.5,2019-2020
1826,150,Džanan Musa,SF,20,BRK,3,0,13.0,0.7,3.7,.182,0.0,2.0,.000,0.7,1.7,.400,.182,3.3,4.7,.714,0.3,0.7,1.0,1.3,0.0,0.3,1.0,0.7,4.7,2019-2020
1827,151,Mike Muscala,C,28,OKC,2,0,10.0,0.5,1.0,.500,0.5,0.5,1.000,0.0,0.5,.000,.750,0.0,0.0,0,0.0,2.0,2.0,0.5,0.0,0.0,0.0,1.0,1.5,2019-2020
1828,152,Abdel Nader,SF,26,OKC,3,0,8.3,0.3,2.3,.143,0.3,1.7,.200,0.0,0.7,.000,.214,0.3,0.7,.500,0.3,0.7,1.0,0.0,0.3,0.7,0.0,0.3,1.3,2019-2020
1829,153,Raul Neto,PG,27,PHI,2,0,13.0,1.5,4.5,.333,1.0,2.5,.400,0.5,2.0,.250,.444,0.0,0.0,0,0.0,1.5,1.5,1.5,0.5,0.0,0.5,0.0,4.0,2019-2020
1830,154,Georges Niang,PF,26,UTA,7,0,16.3,3.1,6.3,.500,1.7,4.1,.414,1.4,2.1,.667,.636,0.3,0.3,1.000,0.6,1.6,2.1,0.6,0.0,0.1,0.3,1.3,8.3,2019-2020
1831,155,Joakim Noah,C,34,LAC,2,0,1.0,0.0,0.0,0,0.0,0.0,0,0.0,0.0,0,0,0.0,0.0,0,0.0,0.0,0.0,0.0,0.0,0.0,0.0,0.0,0.0,2019-2020
1832,156,Nerlens Noel,C,25,OKC,7,0,13.9,1.1,2.4,.471,0.0,0.1,.000,1.1,2.3,.500,.471,0.7,1.4,.500,0.7,3.4,4.1,0.4,0.3,0.7,0.3,2.1,3.0,2019-2020
1833,157,Kendrick Nunn,PG,24,MIA,15,0,15.9,2.4,6.1,.391,0.8,2.9,.279,1.6,3.3,.490,.457,0.5,0.5,1.000,0.2,1.9,2.1,1.3,0.2,0.2,0.8,1.4,6.1,2019-2020
1834,158,Jusuf Nurkić,C,25,POR,5,5,32.2,5.0,11.4,.439,0.6,2.2,.273,4.4,9.2,.478,.465,3.6,4.6,.783,2.8,7.6,10.4,3.6,1.4,0.2,2.6,4.2,14.2,2019-2020
1835,159,Royce O'Neale,SF,26,UTA,7,7,35.6,1.9,4.6,.406,1.4,3.1,.455,0.4,1.4,.300,.563,0.4,0.9,.500,0.4,5.0,5.4,2.7,1.3,0.3,1.9,3.6,5.6,2019-2020
1836,160,Kyle O'Quinn,C,29,PHI,1,0,6.0,0.0,0.0,0,0.0,0.0,0,0.0,0.0,0,0,0.0,0.0,0,0.0,1.0,1.0,1.0,0.0,0.0,2.0,3.0,0.0,2019-2020
1837,161,Semi Ojeleye,PF,25,BOS,13,0,9.4,0.5,2.2,.250,0.4,1.8,.217,0.2,0.4,.400,.339,0.2,0.2,1.000,0.2,0.8,0.9,0.1,0.2,0.0,0.1,0.7,1.6,2019-2020
1838,162,Victor Oladipo,SG,27,IND,4,4,30.8,5.5,14.0,.393,3.0,8.3,.364,2.5,5.8,.435,.500,3.8,4.0,.938,0.0,3.3,3.3,2.5,2.3,0.0,3.5,3.5,17.8,2019-2020
1839,163,Kelly Olynyk,C,28,MIA,17,0,15.2,2.6,5.6,.474,1.0,2.9,.347,1.6,2.7,.609,.563,1.4,1.6,.821,0.8,3.9,4.6,1.1,0.2,0.5,0.8,2.1,7.6,2019-2020
1840,164,Miye Oni,SF,22,UTA,2,0,7.0,1.5,3.0,.500,0.5,2.0,.250,1.0,1.0,1.000,.583,0.0,0.0,0,1.0,1.0,2.0,0.0,0.5,0.5,0.5,1.0,3.5,2019-2020
1841,165,Patrick Patterson,PF,30,LAC,2,0,5.0,1.5,1.5,1.000,1.5,1.5,1.000,0.0,0.0,0,1.500,0.0,0.0,0,0.0,0.5,0.5,2.0,0.0,0.0,0.0,0.5,4.5,2019-2020
1842,166,Chris Paul,PG,34,OKC,7,7,37.3,7.9,16.0,.491,2.3,6.1,.372,5.6,9.9,.565,.563,3.3,3.7,.885,0.4,7.0,7.4,5.3,1.6,0.4,3.3,2.6,21.3,2019-2020
1843,167,Norvel Pelle,C,26,PHI,1,0,7.0,0.0,0.0,0,0.0,0.0,0,0.0,0.0,0,0,0.0,0.0,0,0.0,0.0,0.0,0.0,1.0,1.0,0.0,0.0,0.0,2019-2020
1844,168,Mason Plumlee,C,29,DEN,19,0,10.8,1.0,2.1,.487,0.0,0.1,.000,1.0,2.0,.500,.487,0.4,0.6,.667,1.6,1.6,3.2,1.3,0.2,0.4,0.6,2.1,2.4,2019-2020
1845,169,Vincent Poirier,C,26,BOS,1,0,2.0,0.0,0.0,0,0.0,0.0,0,0.0,0.0,0,0,0.0,0.0,0,0.0,0.0,0.0,1.0,1.0,0.0,0.0,0.0,0.0,2019-2020
1846,170,Michael Porter Jr.,SF,21,DEN,19,3,23.7,4.1,8.6,.476,1.8,4.7,.382,2.3,3.9,.587,.579,1.4,1.8,.743,1.1,5.6,6.7,0.8,0.7,0.3,1.3,2.3,11.4,2019-2020
1847,171,Kristaps Porziņģis,C,24,DAL,3,3,31.3,7.0,13.3,.525,3.0,5.7,.529,4.0,7.7,.522,.638,6.7,7.7,.870,1.0,7.7,8.7,0.7,0.0,1.0,1.0,3.0,23.7,2019-2020
1848,172,Norman Powell,SG,26,TOR,11,0,24.8,4.6,9.5,.490,2.0,4.7,.423,2.6,4.7,.558,.596,2.1,2.6,.793,0.4,2.0,2.4,1.0,0.5,0.3,1.0,2.6,13.4,2019-2020
1849,173,Josh Reaves,SF,22,DAL,2,0,4.5,0.5,1.5,.333,0.0,0.5,.000,0.5,1.0,.500,.333,1.0,1.0,1.000,0.0,1.0,1.0,0.5,0.0,0.5,0.5,0.5,2.0,2019-2020
1850,174,Josh Richardson,SG,26,PHI,4,4,36.0,5.0,14.0,.357,2.5,7.0,.357,2.5,7.0,.357,.446,4.3,4.5,.944,1.0,2.8,3.8,3.3,0.5,0.5,2.0,3.0,16.8,2019-2020
1851,175,Austin Rivers,SG,27,HOU,12,0,17.6,1.6,5.1,.311,0.8,2.9,.257,0.8,2.2,.385,.385,0.8,1.1,.769,0.2,2.3,2.5,1.3,0.6,0.1,0.7,1.8,4.8,2019-2020
1852,176,Andre Roberson,SF,28,OKC,1,0,3.0,0.0,1.0,.000,0.0,1.0,.000,0.0,0.0,0,.000,0.0,0.0,0,0.0,0.0,0.0,0.0,0.0,0.0,0.0,1.0,0.0,2019-2020
1853,177,Duncan Robinson,SG,25,MIA,21,21,28.6,3.6,8.4,.426,3.0,7.4,.397,0.6,1.0,.650,.602,1.6,1.8,.868,0.2,2.5,2.8,1.8,0.7,0.3,0.8,3.1,11.7,2019-2020
1854,178,Rajon Rondo,PG,33,LAL,16,0,24.7,3.4,7.6,.455,1.3,3.1,.400,2.2,4.4,.493,.537,0.8,1.2,.684,0.8,3.5,4.3,6.6,1.4,0.1,2.1,2.3,8.9,2019-2020
1855,179,Terrence Ross,SG,28,ORL,5,0,27.0,6.0,12.8,.469,2.0,6.0,.333,4.0,6.8,.588,.547,2.4,2.8,.857,0.2,4.2,4.4,1.0,0.8,0.2,1.6,2.8,16.4,2019-2020
1856,180,JaKarr Sampson,PF,26,IND,4,0,12.5,2.5,4.0,.625,0.0,0.0,0,2.5,4.0,.625,.625,0.0,0.0,0,0.3,3.0,3.3,1.0,0.5,0.0,0.5,2.5,5.0,2019-2020
1857,181,Dennis Schröder,PG,26,OKC,7,0,32.4,6.3,15.6,.404,1.9,6.4,.289,4.4,9.1,.484,.463,2.9,3.6,.800,0.3,3.4,3.7,3.6,0.6,0.1,2.4,2.1,17.3,2019-2020
1858,182,Mike Scott,PF,31,PHI,4,0,5.0,0.3,1.3,.200,0.0,0.5,.000,0.3,0.8,.333,.200,1.0,1.0,1.000,0.5,1.5,2.0,0.3,0.0,0.0,0.0,0.5,1.5,2019-2020
1859,183,Landry Shamet,SG,22,LAC,13,4,18.7,1.8,4.5,.407,1.2,3.2,.357,0.7,1.3,.529,.534,0.4,0.5,.714,0.0,1.7,1.7,1.3,0.5,0.2,1.0,1.4,5.2,2019-2020
1860,184,Pascal Siakam,PF,25,TOR,11,11,38.0,6.5,16.5,.396,0.9,4.8,.189,5.6,11.7,.481,.423,3.0,4.2,.717,1.3,6.3,7.5,3.8,1.1,0.4,2.0,3.0,17.0,2019-2020
1861,185,Anfernee Simons,SG,20,POR,4,0,20.5,2.0,6.5,.308,1.5,3.5,.429,0.5,3.0,.167,.423,1.3,1.5,.833,0.3,2.5,2.8,2.5,1.5,0.0,1.0,1.8,6.8,2019-2020
1862,186,Marcus Smart,SG,25,BOS,17,16,38.1,4.6,11.6,.394,2.4,7.2,.333,2.2,4.4,.493,.497,2.9,3.3,.875,0.6,4.6,5.2,4.6,1.2,0.5,2.6,3.2,14.5,2019-2020
1863,187,J.R. Smith,SG,34,LAL,10,0,7.5,0.7,2.6,.269,0.6,2.2,.273,0.1,0.4,.250,.385,0.0,0.0,0,0.0,0.3,0.3,0.3,0.2,0.0,0.7,1.1,2.0,2019-2020
1864,188,Edmond Sumner,SG,24,IND,3,0,13.7,0.7,2.3,.286,0.0,1.0,.000,0.7,1.3,.500,.286,0.7,0.7,1.000,0.3,1.7,2.0,0.0,0.0,0.0,0.7,1.7,2.0,2019-2020
1865,189,Jayson Tatum,PF,21,BOS,17,17,40.6,8.5,19.6,.434,2.8,7.4,.373,5.8,12.2,.471,.504,5.9,7.2,.813,1.3,8.7,10.0,5.0,1.0,1.2,2.8,2.4,25.7,2019-2020
1866,190,Garrett Temple,SG,33,BRK,4,4,34.3,4.3,12.3,.347,2.3,9.0,.250,2.0,3.3,.615,.439,1.3,1.5,.833,0.0,2.8,2.8,2.0,0.8,0.3,1.5,3.0,12.0,2019-2020
1867,191,Daniel Theis,C,27,BOS,17,17,28.4,3.6,6.9,.521,0.2,1.5,.154,3.4,5.4,.626,.538,1.5,1.9,.788,1.9,5.2,7.1,1.5,0.4,1.2,0.9,3.9,8.9,2019-2020
1868,192,Lance Thomas,PF,31,BRK,3,0,5.7,0.3,1.7,.200,0.0,0.7,.000,0.3,1.0,.333,.200,0.7,1.3,.500,0.3,0.7,1.0,0.0,0.0,0.3,0.0,0.7,1.3,2019-2020
1869,193,Matt Thomas,SG,25,TOR,10,0,8.4,1.3,2.1,.619,0.5,1.2,.417,0.8,0.9,.889,.738,0.0,0.0,0,0.1,1.3,1.4,0.7,0.1,0.1,0.1,0.6,3.1,2019-2020
1870,194,Matisse Thybulle,SG,22,PHI,4,1,18.8,0.8,1.8,.429,0.3,1.0,.250,0.5,0.8,.667,.500,0.0,0.0,0,0.3,1.5,1.8,0.5,0.8,0.3,0.5,1.5,1.8,2019-2020
1871,195,Gary Trent Jr.,SF,21,POR,5,1,30.6,3.2,9.0,.356,2.0,4.8,.417,1.2,4.2,.286,.467,1.2,1.4,.857,1.0,1.0,2.0,0.6,0.8,0.0,1.0,3.2,9.6,2019-2020
1872,196,P.J. Tucker,PF,34,HOU,12,12,34.5,2.9,7.3,.398,2.1,5.6,.373,0.8,1.8,.476,.540,0.0,0.0,0,1.9,5.3,7.2,1.5,1.1,0.3,1.0,3.9,7.9,2019-2020
1873,197,Rayjon Tucker,SG,22,UTA,2,0,5.5,1.0,2.5,.400,0.5,1.5,.333,0.5,1.0,.500,.500,0.0,0.0,0,0.0,0.0,0.0,0.0,0.0,0.0,0.5,0.5,2.5,2019-2020
1874,198,Myles Turner,C,23,IND,4,4,36.5,6.3,11.0,.568,1.5,3.5,.429,4.8,7.5,.633,.636,1.8,4.0,.438,2.8,8.0,10.8,0.8,0.5,4.0,2.3,3.3,15.8,2019-2020
1875,199,Fred VanVleet,SG,25,TOR,11,11,39.1,6.9,17.3,.400,3.9,10.0,.391,3.0,7.3,.413,.513,1.9,2.3,.840,0.5,3.9,4.4,6.9,1.6,0.6,2.0,2.5,19.6,2019-2020
1876,200,Gabe Vincent,PG,23,MIA,1,0,0.0,0.0,0.0,0,0.0,0.0,0,0.0,0.0,0,0,0.0,0.0,0,0.0,0.0,0.0,0.0,0.0,0.0,0.0,0.0,0.0,2019-2020
1877,201,Noah Vonleh,C,24,DEN,1,0,3.0,0.0,1.0,.000,0.0,0.0,0,0.0,1.0,.000,.000,0.0,0.0,0,0.0,0.0,0.0,0.0,0.0,0.0,0.0,0.0,0.0,2019-2020
1878,202,Nikola Vučević,C,29,ORL,5,5,37.0,11.2,22.2,.505,3.6,8.8,.409,7.6,13.4,.567,.586,2.0,2.2,.909,1.8,9.2,11.0,4.0,0.8,0.6,2.6,2.6,28.0,2019-2020
1879,203,Dion Waiters,SG,28,LAL,5,0,7.6,0.8,2.4,.333,0.0,0.8,.000,0.8,1.6,.500,.333,0.4,0.4,1.000,0.0,0.4,0.4,0.4,0.2,0.2,0.2,0.4,2.0,2019-2020
1880,204,Kemba Walker,PG,29,BOS,17,17,36.9,6.6,15.1,.441,2.3,7.4,.310,4.4,7.6,.569,.518,4.1,4.8,.852,0.4,3.7,4.1,5.1,0.9,0.4,1.9,2.5,19.6,2019-2020
1881,205,Brad Wanamaker,PG,30,BOS,17,0,16.1,1.7,3.5,.483,0.7,1.6,.444,1.0,1.9,.515,.583,0.8,0.9,.875,0.1,1.9,2.0,1.8,0.7,0.2,1.1,1.9,4.9,2019-2020
1882,206,T.J. Warren,SF,26,IND,4,4,39.0,8.0,17.0,.471,1.8,4.8,.368,6.3,12.3,.510,.522,2.3,2.3,1.000,1.3,5.0,6.3,3.0,2.3,0.3,2.8,4.0,20.0,2019-2020
1883,207,Tremont Waters,PG,22,BOS,1,0,2.0,0.0,1.0,.000,0.0,1.0,.000,0.0,0.0,0,.000,0.0,0.0,0,0.0,1.0,1.0,1.0,0.0,0.0,0.0,0.0,0.0,2019-2020
1884,208,Paul Watson,SF,25,TOR,2,0,4.5,0.5,1.0,.500,0.0,0.0,0,0.5,1.0,.500,.500,0.0,0.0,0,0.0,0.0,0.0,0.5,0.5,0.0,0.0,0.0,1.0,2019-2020
1885,209,Russell Westbrook,PG,31,HOU,8,8,32.8,7.4,17.5,.421,1.0,4.1,.242,6.4,13.4,.477,.450,2.1,4.0,.531,1.4,5.6,7.0,4.6,1.5,0.3,3.8,2.9,17.9,2019-2020
1886,210,Hassan Whiteside,C,30,POR,5,3,21.2,2.6,4.8,.542,0.2,0.2,1.000,2.4,4.6,.522,.563,1.4,2.8,.500,1.4,5.6,7.0,0.4,0.2,2.0,1.2,3.4,6.8,2019-2020
1887,211,Grant Williams,PF,21,BOS,17,0,10.0,0.9,1.5,.577,0.6,1.0,.588,0.3,0.5,.556,.769,0.4,0.6,.700,0.4,1.1,1.5,0.4,0.1,0.3,0.2,1.9,2.8,2019-2020
1888,212,Lou Williams,PG,33,LAC,13,0,26.2,4.8,11.2,.425,0.9,3.9,.235,3.8,7.3,.526,.466,2.3,2.8,.811,0.5,2.6,3.2,4.2,0.8,0.2,1.6,1.4,12.8,2019-2020
1889,213,Marvin Williams,PF,33,MIL,10,0,17.9,2.1,4.7,.447,1.0,2.3,.435,1.1,2.4,.458,.553,0.3,0.3,1.000,1.3,3.5,4.8,0.9,0.5,0.3,0.3,1.4,5.5,2019-2020
1890,214,Robert Williams,C,22,BOS,13,0,11.5,1.8,2.4,.742,0.0,0.1,.000,1.8,2.3,.767,.742,0.2,0.5,.333,1.7,2.2,3.9,0.8,0.2,0.5,0.5,1.4,3.7,2019-2020
1891,215,Nigel Williams-Goss,PG,25,UTA,1,0,2.0,0.0,0.0,0,0.0,0.0,0,0.0,0.0,0,0,0.0,0.0,0,0.0,0.0,0.0,1.0,0.0,0.0,0.0,0.0,0.0,2019-2020
1892,216,Delon Wright,PG,27,DAL,4,0,13.3,1.5,2.5,.600,0.3,0.5,.500,1.3,2.0,.625,.650,0.8,1.3,.600,0.3,0.5,0.8,1.8,1.3,0.0,1.3,0.5,4.0,2019-2020
1893,217,Ivica Zubac,C,22,LAC,13,13,24.6,3.4,6.0,.564,0.0,0.0,0,3.4,6.0,.564,.564,2.3,2.8,.811,2.4,4.8,7.2,0.6,0.2,0.8,0.9,2.6,9.1,2019-2020
1894,1,Precious Achiuwa,PF,21,MIA,3,0,4.0,1.0,1.3,.750,0.0,0.0,0,1.0,1.3,.750,.750,0.3,1.3,.250,0.0,2.0,2.0,0.0,0.0,0.7,1.3,0.3,2.3,2020-2021
1895,2,Bam Adebayo,C,23,MIA,4,4,34.0,6.5,14.3,.456,0.0,0.0,0,6.5,14.3,.456,.456,2.5,3.3,.769,3.5,5.8,9.3,4.3,1.3,0.5,2.8,2.8,15.5,2020-2021
1896,3,Ty-Shon Alexander,SG,22,PHO,1,0,1.0,1.0,1.0,1.000,0.0,0.0,0,1.0,1.0,1.000,1.000,0.0,0.0,0,0.0,0.0,0.0,0.0,0.0,0.0,0.0,0.0,2.0,2020-2021
1897,4,Grayson Allen,SG,25,MEM,5,0,23.2,2.4,6.6,.364,1.6,4.2,.381,0.8,2.4,.333,.485,0.0,0.2,.000,0.6,2.0,2.6,0.2,0.4,0.2,0.2,2.6,6.4,2020-2021
1898,5,Kyle Anderson,PF,27,MEM,5,5,28.4,3.6,8.4,.429,0.6,2.4,.250,3.0,6.0,.500,.464,0.6,0.8,.750,0.8,4.2,5.0,3.2,2.8,0.0,0.8,1.8,8.4,2020-2021
1899,6,Giannis Antetokounmpo,PF,26,MIL,21,21,38.1,11.9,20.9,.569,0.6,3.3,.186,11.3,17.6,.642,.584,5.8,9.8,.587,2.8,10.0,12.8,5.1,1.0,1.2,3.0,2.9,30.2,2020-2021
1900,7,Thanasis Antetokounmpo,SF,28,MIL,13,0,3.5,0.2,0.5,.286,0.0,0.0,0,0.2,0.5,.286,.286,0.4,0.5,.833,0.2,0.5,0.8,0.2,0.4,0.2,0.2,0.9,0.7,2020-2021
1901,8,Carmelo Anthony,PF,36,POR,6,0,23.8,4.2,10.0,.417,2.3,6.2,.378,1.8,3.8,.478,.533,1.7,1.8,.909,0.3,2.8,3.2,1.5,0.3,0.2,1.2,2.5,12.3,2020-2021
1902,9,Trevor Ariza,SF,35,MIA,4,4,24.0,1.8,5.8,.304,1.3,4.3,.294,0.5,1.5,.333,.413,0.0,0.0,0,0.5,5.3,5.8,0.5,0.8,0.3,0.8,2.8,4.8,2020-2021
1903,10,Deandre Ayton,C,22,PHO,22,22,36.4,7.0,10.6,.658,0.0,0.0,0,7.0,10.6,.658,.658,1.8,2.4,.736,3.0,8.8,11.8,1.1,0.8,1.1,1.3,2.9,15.8,2020-2021
1904,11,Udoka Azubuike,C,21,UTA,1,0,1.0,0.0,0.0,0,0.0,0.0,0,0.0,0.0,0,0,0.0,0.0,0,0.0,1.0,1.0,0.0,0.0,0.0,0.0,0.0,0.0,2020-2021
1905,12,Desmond Bane,SG,22,MEM,5,0,19.8,2.2,3.8,.579,1.2,2.4,.500,1.0,1.4,.714,.737,0.0,0.0,0,0.4,3.0,3.4,2.0,0.8,0.4,0.6,1.2,5.6,2020-2021
1906,13,RJ Barrett,SG,20,NYK,5,5,32.4,5.2,13.4,.388,1.6,5.6,.286,3.6,7.8,.462,.448,2.4,3.0,.800,0.8,6.4,7.2,3.0,0.8,0.4,0.4,2.2,14.4,2020-2021
1907,14,Will Barton,SF,30,DEN,3,1,27.7,6.3,14.3,.442,2.3,7.0,.333,4.0,7.3,.545,.523,1.3,1.3,1.000,0.3,4.0,4.3,2.7,0.7,0.3,1.3,1.3,16.3,2020-2021
1908,15,Nicolas Batum,SF,32,LAC,19,10,29.2,2.8,5.7,.486,1.5,3.8,.389,1.3,1.9,.676,.615,1.0,1.2,.826,1.0,4.5,5.5,2.1,1.3,0.5,0.3,1.4,8.1,2020-2021
1909,16,Bradley Beal,SG,27,WAS,5,5,39.0,11.2,24.6,.455,1.4,6.4,.219,9.8,18.2,.538,.484,6.2,7.2,.861,1.2,5.0,6.2,4.2,0.8,0.6,4.0,1.2,30.0,2020-2021
1910,17,Dāvis Bertāns,PF,28,WAS,4,2,26.5,2.8,6.8,.407,2.0,5.8,.348,0.8,1.0,.750,.556,1.8,1.8,1.000,0.0,2.8,2.8,0.3,0.3,0.5,0.3,3.0,9.3,2020-2021
1911,18,Patrick Beverley,PG,32,LAC,17,7,19.0,1.7,4.0,.426,0.8,2.2,.351,0.9,1.8,.516,.522,0.7,0.8,.857,0.6,1.8,2.4,1.4,0.7,0.7,0.2,2.1,4.9,2020-2021
1912,19,Nemanja Bjelica,PF,32,MIA,2,0,15.0,2.5,5.5,.455,2.0,4.0,.500,0.5,1.5,.333,.636,2.0,3.0,.667,0.5,2.0,2.5,1.0,1.0,0.5,0.0,2.5,9.0,2020-2021
1913,20,Keljin Blevins,SF,25,POR,2,0,2.0,0.5,1.0,.500,0.0,0.5,.000,0.5,0.5,1.000,.500,0.0,0.0,0,0.0,0.0,0.0,0.0,0.0,0.0,0.0,0.5,1.0,2020-2021
1914,21,Bogdan Bogdanović,SG,28,ATL,18,18,33.2,5.4,13.8,.390,2.6,7.9,.329,2.8,5.9,.472,.484,0.7,0.9,.706,0.6,3.6,4.2,2.9,1.6,0.3,1.5,2.8,14.1,2020-2021
1915,22,Bojan Bogdanović,SF,31,UTA,11,11,35.5,5.8,12.5,.467,3.2,6.9,.461,2.6,5.5,.475,.595,3.3,3.7,.878,0.5,3.7,4.3,1.5,0.9,0.0,2.1,2.5,18.1,2020-2021
1916,23,Bol Bol,PF,21,DEN,3,0,2.0,0.0,0.3,.000,0.0,0.3,.000,0.0,0.0,0,.000,0.0,0.0,0,0.0,0.3,0.3,0.7,0.0,0.0,0.0,0.0,0.0,2020-2021
1917,24,Isaac Bonga,SF,21,WAS,4,0,2.5,0.0,1.3,.000,0.0,0.8,.000,0.0,0.5,.000,.000,0.0,0.0,0,0.0,0.0,0.0,0.0,0.0,0.3,0.0,0.0,0.0,2020-2021
1918,25,Devin Booker,SG,24,PHO,22,22,40.4,9.6,21.5,.447,2.0,6.2,.321,7.6,15.3,.499,.494,6.0,6.7,.905,0.7,5.0,5.6,4.5,0.8,0.2,3.7,3.5,27.3,2020-2021
1919,26,Jarrell Brantley,PF,24,UTA,2,0,1.5,0.0,0.5,.000,0.0,0.0,0,0.0,0.5,.000,.000,0.5,1.0,.500,0.0,0.5,0.5,0.0,0.0,0.0,0.5,0.0,0.5,2020-2021
1920,27,Mikal Bridges,SF,24,PHO,22,22,32.1,4.2,8.6,.484,1.6,4.3,.368,2.6,4.3,.600,.576,1.1,1.3,.893,0.9,3.4,4.3,1.6,1.0,0.7,0.7,1.9,11.1,2020-2021
1921,28,Dillon Brooks,SF,25,MEM,5,5,35.0,10.0,19.4,.515,1.6,4.0,.400,8.4,15.4,.545,.557,4.2,5.2,.808,1.0,3.2,4.2,2.2,1.4,0.4,1.8,3.4,25.8,2020-2021
1922,29,Bruce Brown,PG,24,BRK,12,5,23.1,3.3,6.6,.506,0.2,0.9,.182,3.2,5.7,.559,.519,1.1,1.3,.813,1.9,3.2,5.1,2.1,0.7,0.4,0.9,2.6,7.9,2020-2021
1923,30,Jalen Brunson,PG,24,DAL,7,0,16.3,2.9,6.3,.455,0.9,1.9,.462,2.0,4.4,.452,.523,1.4,1.9,.769,0.9,1.7,2.6,1.4,0.0,0.0,0.6,0.9,8.0,2020-2021
1924,31,Elijah Bryant,SG,25,MIL,11,0,4.5,0.6,1.8,.350,0.0,0.7,.000,0.6,1.1,.583,.350,0.0,0.0,0,0.2,0.9,1.1,0.4,0.2,0.1,0.2,0.1,1.3,2020-2021
1925,32,Reggie Bullock,SF,29,NYK,5,5,32.4,3.0,7.8,.385,2.0,5.8,.345,1.0,2.0,.500,.513,0.8,1.0,.800,1.0,2.4,3.4,1.2,0.6,0.2,0.8,2.2,8.8,2020-2021
1926,33,Trey Burke,PG,28,DAL,2,0,8.5,0.0,3.5,.000,0.0,1.5,.000,0.0,2.0,.000,.000,0.5,1.0,.500,0.5,0.0,0.5,0.5,0.0,0.0,0.0,0.5,0.5,2020-2021
1927,34,Alec Burks,SG,29,NYK,5,0,25.6,4.8,11.2,.429,1.6,4.8,.333,3.2,6.4,.500,.500,2.8,3.8,.737,1.0,4.0,5.0,2.6,0.2,0.0,0.8,2.2,14.0,2020-2021
1928,35,Jimmy Butler,SF,31,MIA,4,4,38.5,4.8,16.0,.297,1.0,3.8,.267,3.8,12.3,.306,.328,4.0,5.5,.727,1.5,6.0,7.5,7.0,1.3,0.3,2.3,1.5,14.5,2020-2021
1929,36,Kentavious Caldwell-Pope,SG,27,LAL,5,5,29.2,2.2,5.8,.379,0.8,3.8,.211,1.4,2.0,.700,.448,1.0,1.0,1.000,0.4,2.4,2.8,1.0,1.0,0.0,0.4,3.0,6.2,2020-2021
1930,37,Facundo Campazzo,PG,29,DEN,10,9,27.0,2.9,7.4,.392,1.9,4.8,.396,1.0,2.6,.385,.520,1.6,1.9,.842,0.7,2.3,3.0,4.1,1.4,0.4,1.5,3.5,9.3,2020-2021
1931,38,Vlatko Čančar,PF,23,DEN,5,0,4.2,0.6,0.6,1.000,0.2,0.2,1.000,0.4,0.4,1.000,1.167,0.8,1.0,.800,0.0,0.6,0.6,0.2,0.2,0.2,0.2,0.0,2.2,2020-2021
1932,39,Clint Capela,C,26,ATL,18,18,31.6,4.6,7.6,.603,0.0,0.0,0,4.6,7.6,.603,.603,0.9,2.2,.436,3.4,7.8,11.2,0.9,0.7,1.1,1.0,2.6,10.1,2020-2021
1933,40,Jevon Carter,PG,25,PHO,7,0,3.1,0.4,1.1,.375,0.0,0.3,.000,0.4,0.9,.500,.375,0.0,0.3,.000,0.0,0.3,0.3,0.6,0.0,0.0,0.0,0.0,0.9,2020-2021
1934,41,Alex Caruso,PG,26,LAL,6,0,20.2,2.3,6.3,.368,0.8,2.8,.294,1.5,3.5,.429,.434,0.3,0.3,1.000,0.3,1.0,1.3,0.5,0.2,0.7,1.2,2.0,5.8,2020-2021
1935,42,Willie Cauley-Stein,C,27,DAL,6,0,10.5,1.0,1.5,.667,0.0,0.0,0,1.0,1.5,.667,.667,0.5,0.5,1.000,0.5,2.2,2.7,0.5,0.3,0.7,0.5,1.3,2.5,2020-2021
1936,43,Chris Chiozza,PG,25,BRK,6,0,3.2,0.3,1.2,.286,0.2,0.5,.333,0.2,0.7,.250,.357,0.0,0.0,0,0.0,0.2,0.2,0.2,0.2,0.0,0.2,0.3,0.8,2020-2021
1937,44,Brandon Clarke,PF,24,MEM,2,0,4.5,0.5,1.0,.500,0.0,0.0,0,0.5,1.0,.500,.500,0.0,0.0,0,0.0,0.5,0.5,0.0,0.0,0.5,0.0,0.0,1.0,2020-2021
1938,45,Jordan Clarkson,SG,28,UTA,11,0,27.1,6.1,15.0,.406,3.1,8.8,.351,3.0,6.2,.485,.509,2.3,2.4,.962,0.5,2.5,3.1,1.5,0.6,0.3,2.1,1.4,17.5,2020-2021
1939,46,Nic Claxton,C,21,BRK,12,0,10.8,1.2,2.4,.483,0.0,0.0,0,1.2,2.4,.483,.483,0.2,0.3,.667,1.2,1.6,2.8,0.6,0.3,1.0,0.3,1.7,2.5,2020-2021
1940,47,Amir Coffey,SG,23,LAC,10,0,1.6,0.3,0.4,.750,0.1,0.1,1.000,0.2,0.3,.667,.875,0.0,0.1,.000,0.0,0.2,0.2,0.1,0.1,0.0,0.1,0.0,0.7,2020-2021
1941,48,John Collins,PF,23,ATL,18,18,32.0,5.6,10.1,.549,1.1,3.1,.357,4.4,7.0,.635,.604,1.7,2.0,.833,2.0,6.7,8.7,0.9,0.4,0.6,1.3,3.3,13.9,2020-2021
1942,49,Mike Conley,PG,33,UTA,6,6,29.3,4.8,11.3,.426,3.0,6.2,.486,1.8,5.2,.355,.559,2.7,2.7,1.000,0.5,3.0,3.5,7.7,0.2,0.5,2.3,2.5,15.3,2020-2021
1943,50,Pat Connaughton,SG,28,MIL,23,1,23.7,2.4,5.2,.462,1.6,4.1,.389,0.8,1.0,.750,.618,0.5,0.6,.846,1.3,3.1,4.4,0.9,0.4,0.3,0.5,1.7,6.9,2020-2021
1944,51,DeMarcus Cousins,C,30,LAC,7,0,8.3,2.7,6.0,.452,0.6,1.4,.400,2.1,4.6,.469,.500,1.6,2.0,.786,0.9,1.1,2.0,0.7,0.3,0.4,0.7,1.9,7.6,2020-2021
1945,52,Robert Covington,PF,30,POR,6,6,38.0,3.0,6.0,.500,1.8,3.7,.500,1.2,2.3,.500,.653,1.5,1.7,.900,1.5,6.3,7.8,1.2,1.5,1.0,1.3,3.3,9.3,2020-2021
1946,53,Torrey Craig,SF,30,PHO,22,0,12.1,1.5,3.4,.427,0.7,1.7,.405,0.8,1.7,.447,.527,0.4,0.6,.615,0.9,2.0,2.9,0.4,0.0,0.4,0.5,1.5,4.0,2020-2021
1947,54,Jae Crowder,PF,30,PHO,22,22,33.1,3.5,8.4,.413,2.5,6.5,.380,1.0,1.9,.524,.560,1.4,1.6,.886,0.5,5.6,6.1,1.9,0.9,0.8,0.9,3.0,10.8,2020-2021
1948,55,Seth Curry,SG,30,PHI,12,12,31.8,7.1,12.3,.578,3.4,6.8,.506,3.7,5.5,.667,.718,1.3,1.6,.789,0.3,2.0,2.3,2.3,0.8,0.3,0.8,2.8,18.8,2020-2021
1949,56,Anthony Davis,PF,27,LAL,5,5,28.8,5.0,12.4,.403,0.4,2.2,.182,4.6,10.2,.451,.419,7.0,8.4,.833,1.4,5.2,6.6,2.6,0.6,1.6,1.2,1.8,17.4,2020-2021
1950,57,Dewayne Dedmon,C,31,MIA,4,0,14.3,2.5,4.5,.556,0.3,0.8,.333,2.3,3.8,.600,.583,1.0,1.3,.800,2.0,2.5,4.5,0.8,0.0,0.5,1.5,2.5,6.3,2020-2021
1951,58,Mamadi Diakite,PF,24,MIL,7,0,5.0,0.3,1.4,.200,0.1,0.3,.500,0.1,1.1,.125,.250,0.3,0.3,1.000,0.1,0.9,1.0,0.0,0.4,0.1,0.1,1.0,1.0,2020-2021
1952,59,Donte DiVincenzo,SG,24,MIL,3,3,23.3,1.0,5.3,.188,0.7,4.0,.167,0.3,1.3,.250,.250,0.0,0.0,0,0.7,5.7,6.3,2.7,1.0,0.3,2.0,1.3,2.7,2020-2021
1953,60,Luka Dončić,PG,21,DAL,7,7,40.1,13.7,28.0,.490,4.4,10.9,.408,9.3,17.1,.542,.569,3.9,7.3,.529,0.6,7.3,7.9,10.3,1.3,0.4,4.6,2.4,35.7,2020-2021
1954,61,Goran Dragić,PG,34,MIA,4,2,29.3,5.8,13.5,.426,2.3,6.5,.346,3.5,7.0,.500,.509,2.3,3.0,.750,0.3,1.5,1.8,2.8,1.0,0.5,1.5,2.8,16.0,2020-2021
1955,62,Andre Drummond,C,27,LAL,5,5,21.0,3.8,6.4,.594,0.0,0.0,0,3.8,6.4,.594,.594,1.4,2.0,.700,3.8,7.2,11.0,0.0,0.8,0.6,2.2,2.4,9.0,2020-2021
1956,63,Jared Dudley,PF,35,LAL,2,0,2.5,0.0,0.0,0,0.0,0.0,0,0.0,0.0,0,0,0.0,0.0,0,0.0,0.0,0.0,0.0,0.0,0.0,0.0,0.0,0.0,2020-2021
1957,64,Kris Dunn,PG,26,ATL,5,0,6.6,0.2,1.0,.200,0.0,0.2,.000,0.2,0.8,.250,.200,0.8,0.8,1.000,0.0,1.0,1.0,1.0,0.4,0.4,0.8,1.0,1.2,2020-2021
1958,65,Kevin Durant,PF,32,BRK,12,12,40.4,12.1,23.5,.514,2.8,6.8,.402,9.3,16.7,.560,.573,7.3,8.4,.871,0.4,8.8,9.3,4.4,1.5,1.6,3.5,2.6,34.3,2020-2021
1959,66,Carsen Edwards,SG,22,BOS,2,0,2.5,1.0,1.5,.667,0.5,1.0,.500,0.5,0.5,1.000,.833,0.0,0.0,0,0.0,0.5,0.5,0.0,0.0,0.0,0.0,0.0,2.5,2020-2021
1960,67,CJ Elleby,SF,20,POR,2,0,4.0,0.0,0.5,.000,0.0,0.0,0,0.0,0.5,.000,.000,0.0,0.0,0,0.5,1.0,1.5,0.5,0.0,0.0,0.5,0.0,0.0,2020-2021
1961,68,Joel Embiid,C,26,PHI,11,11,32.5,9.2,17.9,.513,1.5,3.7,.390,7.7,14.2,.545,.553,8.3,9.9,.835,1.5,9.1,10.5,3.4,1.0,1.5,3.8,3.0,28.1,2020-2021
1962,69,Tacko Fall,C,25,BOS,1,0,1.0,0.0,0.0,0,0.0,0.0,0,0.0,0.0,0,0,0.0,0.0,0,0.0,1.0,1.0,0.0,0.0,0.0,0.0,0.0,0.0,2020-2021
1963,70,Derrick Favors,C,29,UTA,11,0,13.2,1.5,2.1,.696,0.0,0.0,0,1.5,2.1,.696,.696,0.5,0.8,.556,1.7,2.5,4.2,0.3,0.2,0.9,0.5,2.3,3.4,2020-2021
1964,71,Bruno Fernando,C,22,ATL,6,0,2.0,0.3,0.5,.667,0.0,0.0,0,0.3,0.5,.667,.667,0.3,0.3,1.000,0.2,0.0,0.2,0.0,0.0,0.0,0.0,0.0,1.0,2020-2021
1965,72,Yogi Ferrell,PG,27,LAC,9,0,1.7,0.2,0.6,.400,0.0,0.1,.000,0.2,0.4,.500,.400,0.0,0.0,0,0.0,0.3,0.3,0.3,0.0,0.0,0.0,0.0,0.4,2020-2021
1966,73,Dorian Finney-Smith,PF,27,DAL,7,7,38.7,3.7,9.1,.406,2.3,5.3,.432,1.4,3.9,.370,.531,0.6,0.7,.800,2.4,4.1,6.6,2.1,1.1,0.3,1.7,3.3,10.3,2020-2021
1967,74,Bryn Forbes,SG,27,MIL,20,0,13.7,2.3,5.6,.411,1.7,4.5,.371,0.7,1.2,.565,.558,0.3,0.4,.750,0.1,1.3,1.4,0.3,0.1,0.1,0.4,0.8,6.6,2020-2021
1968,75,Trent Forrest,PG,22,UTA,4,0,2.5,0.5,1.0,.500,0.0,0.0,0,0.5,1.0,.500,.500,0.0,0.0,0,0.0,0.0,0.0,0.0,0.0,0.0,0.0,0.0,1.0,2020-2021
1969,76,Evan Fournier,SF,28,BOS,5,5,33.4,5.4,12.6,.429,2.6,6.0,.433,2.8,6.6,.424,.532,2.0,2.4,.833,1.0,2.6,3.6,1.4,1.2,0.0,1.0,4.0,15.4,2020-2021
1970,77,Enes Freedom,C,28,POR,5,0,11.2,0.8,1.6,.500,0.0,0.0,0,0.8,1.6,.500,.500,0.4,0.4,1.000,1.2,1.4,2.6,0.0,0.0,0.4,0.6,1.8,2.0,2020-2021
1971,78,Daniel Gafford,C,22,WAS,5,2,23.4,4.4,5.2,.846,0.0,0.0,0,4.4,5.2,.846,.846,3.0,4.8,.625,2.8,3.0,5.8,0.6,1.0,2.0,0.6,3.4,11.8,2020-2021
1972,79,Danilo Gallinari,PF,32,ATL,18,0,24.6,4.1,9.7,.425,1.9,4.7,.405,2.2,5.0,.444,.523,2.7,2.9,.942,0.4,3.4,3.9,0.8,0.3,0.2,0.8,2.6,12.8,2020-2021
1973,80,Langston Galloway,SG,29,PHO,2,0,7.5,0.5,3.5,.143,0.0,1.0,.000,0.5,2.5,.200,.143,0.0,0.5,.000,0.0,1.0,1.0,0.5,0.0,0.5,0.0,0.5,1.0,2020-2021
1974,81,Marc Gasol,C,36,LAL,5,1,17.4,1.6,2.6,.615,1.4,2.2,.636,0.2,0.4,.500,.885,0.6,0.8,.750,0.8,3.0,3.8,3.0,0.8,0.8,0.8,3.2,5.2,2020-2021
1975,82,Paul George,SF,30,LAC,19,19,40.8,8.7,19.7,.441,2.7,8.0,.336,6.0,11.7,.514,.509,6.8,8.1,.844,0.9,8.7,9.6,5.4,1.0,0.5,3.5,3.1,26.9,2020-2021
1976,83,Taj Gibson,C,35,NYK,5,3,27.6,2.4,4.0,.600,0.0,0.0,0,2.4,4.0,.600,.600,0.2,0.2,1.000,3.2,3.8,7.0,0.8,1.6,1.0,0.6,2.6,5.0,2020-2021
1977,84,Harry Giles,C,22,POR,1,0,4.0,0.0,1.0,.000,0.0,0.0,0,0.0,1.0,.000,.000,0.0,0.0,0,2.0,1.0,3.0,0.0,0.0,0.0,3.0,0.0,0.0,2020-2021
1978,85,Anthony Gill,PF,28,WAS,4,0,8.3,0.0,0.8,.000,0.0,0.3,.000,0.0,0.5,.000,.000,0.0,0.0,0,0.3,0.8,1.0,0.0,0.0,0.0,0.8,1.8,0.0,2020-2021
1979,86,Rudy Gobert,C,28,UTA,11,11,34.2,5.5,7.4,.741,0.0,0.1,.000,5.5,7.3,.750,.741,3.8,6.0,.636,3.9,8.4,12.3,0.8,0.5,2.1,1.5,4.2,14.7,2020-2021
1980,87,Aaron Gordon,PF,25,DEN,10,10,29.9,4.3,9.9,.434,0.9,2.3,.391,3.4,7.6,.447,.480,1.6,2.5,.640,2.1,3.3,5.4,2.0,0.5,0.3,1.4,2.3,11.1,2020-2021
1981,88,Danny Green,SF,33,PHI,8,8,24.9,2.6,6.0,.438,1.8,4.6,.378,0.9,1.4,.636,.583,0.0,0.0,0,1.1,1.5,2.6,2.6,1.1,1.0,0.6,1.6,7.0,2020-2021
1982,89,JaMychal Green,PF,30,DEN,10,0,19.0,2.0,4.5,.444,0.6,2.0,.300,1.4,2.5,.560,.511,0.8,0.9,.889,1.7,3.5,5.2,1.1,0.2,0.2,0.3,1.2,5.4,2020-2021
1983,90,Jeff Green,PF,34,BRK,6,1,24.7,2.7,5.5,.485,1.7,3.0,.556,1.0,2.5,.400,.636,1.2,1.3,.875,0.7,2.2,2.8,1.7,0.5,0.3,0.5,2.3,8.2,2020-2021
1984,91,Josh Green,SG,20,DAL,1,0,4.0,0.0,0.0,0,0.0,0.0,0,0.0,0.0,0,0,0.0,0.0,0,0.0,0.0,0.0,0.0,0.0,0.0,0.0,0.0,0.0,2020-2021
1985,92,Blake Griffin,PF,31,BRK,12,12,26.5,3.5,6.6,.532,1.2,3.0,.389,2.3,3.6,.651,.620,0.8,1.2,.714,1.3,4.7,5.9,1.8,0.8,0.5,0.4,3.3,9.0,2020-2021
1986,93,Rui Hachimura,PF,22,WAS,5,5,34.6,5.8,9.4,.617,1.8,3.0,.600,4.0,6.4,.625,.713,1.4,2.4,.583,1.0,6.2,7.2,1.0,0.4,0.2,1.0,3.6,14.8,2020-2021
1987,94,Tim Hardaway Jr.,SG,28,DAL,7,7,37.4,6.0,14.4,.416,3.3,8.1,.404,2.7,6.3,.432,.530,1.7,2.3,.750,0.7,2.6,3.3,1.4,0.4,0.0,0.9,2.4,17.0,2020-2021
1988,95,James Harden,PG,31,BRK,9,9,35.8,5.7,12.0,.472,2.7,7.3,.364,3.0,4.7,.643,.583,6.2,6.9,.903,0.8,5.6,6.3,8.6,1.7,0.7,2.9,2.6,20.2,2020-2021
1989,96,Montrezl Harrell,C,27,LAL,4,0,9.8,2.0,3.5,.571,0.0,0.0,0,2.0,3.5,.571,.571,1.8,2.3,.778,1.3,1.3,2.5,0.0,0.5,0.0,0.5,0.8,5.8,2020-2021
1990,97,Joe Harris,SF,29,BRK,12,12,36.2,4.1,10.3,.398,2.8,6.8,.402,1.3,3.4,.390,.533,0.3,0.3,.750,0.4,3.2,3.6,1.6,0.3,0.2,0.8,2.8,11.2,2020-2021
1991,98,Tobias Harris,PF,28,PHI,12,12,36.5,8.8,17.9,.488,1.3,3.6,.372,7.4,14.3,.517,.526,2.9,3.3,.875,0.8,7.7,8.5,3.5,1.0,0.4,1.5,2.4,21.8,2020-2021
1992,99,Shaquille Harrison,SG,27,DEN,9,0,4.4,0.3,0.4,.750,0.1,0.1,1.000,0.2,0.3,.667,.875,0.2,0.3,.667,0.0,0.9,0.9,0.3,0.3,0.3,0.6,0.3,1.0,2020-2021
1993,100,Tyler Herro,SG,21,MIA,4,0,23.3,3.0,9.5,.316,1.5,4.8,.316,1.5,4.8,.316,.395,1.8,1.8,1.000,0.3,3.0,3.3,1.8,0.3,0.3,0.8,0.5,9.3,2020-2021
1994,101,George Hill,PG,34,PHI,12,0,17.1,1.6,3.6,.442,0.7,1.6,.421,0.9,2.0,.458,.535,0.8,1.1,.769,0.4,0.9,1.3,1.5,0.7,0.3,0.8,1.5,4.7,2020-2021
1995,102,Solomon Hill,PF,29,ATL,14,3,10.4,0.4,1.7,.250,0.2,1.3,.167,0.2,0.4,.500,.313,0.1,0.3,.500,0.2,1.1,1.4,0.2,0.1,0.1,0.1,1.3,1.2,2020-2021
1996,103,Jrue Holiday,PG,30,MIL,23,23,39.7,6.9,16.9,.406,1.9,6.2,.303,5.0,10.7,.466,.461,1.7,2.4,.714,1.4,4.3,5.7,8.7,1.7,0.4,2.4,2.1,17.3,2020-2021
1997,104,Rondae Hollis-Jefferson,PF,26,POR,5,0,7.2,0.8,1.0,.800,0.0,0.0,0,0.8,1.0,.800,.800,0.4,0.6,.667,0.6,1.0,1.6,0.0,0.2,0.2,0.0,1.0,2.0,2020-2021
1998,105,Talen Horton-Tucker,SG,20,LAL,4,0,12.0,2.8,6.0,.458,0.3,1.3,.200,2.5,4.8,.526,.479,0.8,1.3,.600,0.5,3.0,3.5,0.5,0.3,0.0,0.8,0.8,6.5,2020-2021
1999,106,Dwight Howard,C,35,PHI,12,0,12.4,1.3,2.5,.533,0.0,0.1,.000,1.3,2.4,.552,.533,2.0,3.3,.600,2.2,4.1,6.3,0.7,0.2,0.5,1.0,2.6,4.7,2020-2021
2000,107,Markus Howard,SG,21,DEN,9,0,12.4,1.7,4.1,.405,1.2,2.9,.423,0.4,1.2,.364,.554,0.1,0.2,.500,0.1,0.7,0.8,0.4,0.0,0.1,0.0,1.1,4.7,2020-2021
2001,108,Kevin Huerter,SG,22,ATL,18,10,31.0,4.3,10.0,.428,1.8,5.3,.347,2.4,4.7,.518,.519,0.7,0.9,.706,0.6,3.2,3.8,2.8,0.8,0.9,1.1,2.7,11.1,2020-2021
2002,109,De'Andre Hunter,SF,23,ATL,5,5,30.4,3.6,9.0,.400,1.2,3.2,.375,2.4,5.8,.414,.467,2.4,3.2,.750,0.4,3.6,4.0,0.6,0.2,0.6,1.4,2.2,10.8,2020-2021
2003,110,Chandler Hutchison,SF,24,WAS,2,0,9.0,1.0,2.5,.400,0.0,0.0,0,1.0,2.5,.400,.400,1.0,1.0,1.000,0.0,1.5,1.5,0.5,0.0,0.0,0.5,0.5,3.0,2020-2021
2004,111,Serge Ibaka,C,31,LAC,2,0,9.0,1.5,3.0,.500,0.0,1.0,.000,1.5,2.0,.750,.500,2.0,2.0,1.000,0.5,1.5,2.0,1.0,0.5,1.5,0.5,0.5,5.0,2020-2021
2005,112,Andre Iguodala,SF,37,MIA,4,0,17.8,1.5,2.8,.545,0.8,1.8,.429,0.8,1.0,.750,.682,0.0,0.0,0,0.8,2.3,3.0,1.3,1.0,0.5,1.3,2.0,3.8,2020-2021
2006,113,Ersan İlyasova,PF,33,UTA,1,0,3.0,1.0,2.0,.500,0.0,1.0,.000,1.0,1.0,1.000,.500,2.0,2.0,1.000,0.0,0.0,0.0,0.0,0.0,0.0,0.0,0.0,4.0,2020-2021
2007,114,Joe Ingles,SF,33,UTA,11,6,27.8,3.5,7.2,.494,2.2,5.3,.414,1.4,1.9,.714,.646,0.9,1.2,.769,0.1,3.0,3.1,3.5,0.6,0.0,0.8,1.7,10.2,2020-2021
2008,115,Kyrie Irving,PG,28,BRK,9,9,36.1,8.6,18.1,.472,2.7,7.2,.369,5.9,10.9,.541,.546,2.9,3.1,.929,1.3,4.4,5.8,3.4,1.0,0.6,1.2,2.1,22.7,2020-2021
2009,116,Jaren Jackson Jr.,C,21,MEM,5,5,27.4,4.6,10.8,.426,1.6,5.6,.286,3.0,5.2,.577,.500,2.8,3.2,.875,1.8,3.8,5.6,1.0,1.0,1.2,0.8,4.2,13.6,2020-2021
2010,117,Justin Jackson,SF,25,MIL,5,0,3.0,0.6,1.0,.600,0.0,0.4,.000,0.6,0.6,1.000,.600,0.0,0.0,0,0.2,0.2,0.4,0.2,0.2,0.0,0.2,0.0,1.2,2020-2021
2011,118,Reggie Jackson,SG,30,LAC,19,17,32.7,6.4,13.3,.484,3.1,7.5,.408,3.4,5.8,.582,.599,1.9,2.2,.878,0.4,2.8,3.2,3.4,0.9,0.2,1.5,2.6,17.8,2020-2021
2012,119,LeBron James,PG,36,LAL,6,6,37.3,9.0,19.0,.474,3.0,8.0,.375,6.0,11.0,.545,.553,2.3,3.8,.609,1.2,6.0,7.2,8.0,1.5,0.3,4.2,1.2,23.3,2020-2021
2013,120,Mike James,PG,30,BRK,9,0,11.4,1.6,4.8,.326,0.6,1.8,.313,1.0,3.0,.333,.384,0.0,0.0,0,0.2,1.6,1.8,1.3,0.2,0.0,0.3,0.7,3.7,2020-2021
2014,121,Isaiah Joe,SG,21,PHI,4,0,2.3,0.3,0.8,.333,0.0,0.5,.000,0.3,0.3,1.000,.333,0.0,0.0,0,0.0,0.0,0.0,0.3,0.0,0.0,0.0,0.5,0.5,2020-2021
2015,122,Alize Johnson,PF,24,BRK,5,0,4.6,0.8,1.4,.571,0.0,0.0,0,0.8,1.4,.571,.571,0.0,0.0,0,0.6,2.0,2.6,0.0,0.6,0.0,0.6,0.2,1.6,2020-2021
2016,123,Cameron Johnson,PF,24,PHO,21,0,21.1,2.6,5.2,.500,1.6,3.5,.446,1.0,1.7,.611,.650,1.4,1.5,.906,0.8,2.4,3.1,0.8,0.9,0.2,0.7,1.3,8.2,2020-2021
2017,124,Tyler Johnson,SG,28,BRK,8,0,8.6,0.8,2.1,.353,0.4,1.4,.273,0.4,0.8,.500,.441,0.3,0.3,1.000,0.3,0.5,0.8,0.6,0.3,0.0,0.1,1.1,2.1,2020-2021
2018,125,Nikola Jokić,C,25,DEN,10,10,34.5,11.6,22.8,.509,2.0,5.3,.377,9.6,17.5,.549,.553,4.6,5.5,.836,3.7,7.9,11.6,5.0,0.6,0.9,2.4,2.3,29.8,2020-2021
2019,126,Derrick Jones Jr.,SF,23,POR,2,0,5.0,1.0,2.5,.400,0.0,1.0,.000,1.0,1.5,.667,.400,0.0,0.0,0,0.0,0.0,0.0,0.0,0.5,0.0,0.0,1.0,2.0,2020-2021
2020,127,Tyus Jones,PG,24,MEM,5,0,9.4,1.2,3.4,.353,0.2,0.8,.250,1.0,2.6,.385,.382,0.4,0.4,1.000,0.2,1.2,1.4,1.2,0.2,0.0,0.0,0.2,3.0,2020-2021
2021,128,Frank Kaminsky,C,27,PHO,10,0,6.8,1.0,2.2,.455,0.1,0.5,.200,0.9,1.7,.529,.477,0.1,0.1,1.000,0.2,1.2,1.4,1.4,0.2,0.3,0.4,0.9,2.2,2020-2021
2022,129,Luke Kennard,SG,24,LAC,15,0,14.6,2.1,4.3,.477,1.4,3.4,.412,0.7,0.9,.714,.638,0.1,0.1,.500,0.3,0.6,0.9,0.5,0.1,0.0,0.2,1.0,5.6,2020-2021
2023,130,Maxi Kleber,PF,29,DAL,7,4,26.7,1.7,4.3,.400,1.1,2.9,.400,0.6,1.4,.400,.533,0.7,1.0,.714,0.7,2.9,3.6,1.4,0.4,0.0,0.1,2.7,5.3,2020-2021
2024,131,Nathan Knight,PF,23,ATL,6,0,2.3,0.3,1.2,.286,0.0,0.3,.000,0.3,0.8,.400,.286,0.0,0.3,.000,0.0,1.0,1.0,0.0,0.0,0.3,0.0,0.3,0.7,2020-2021
2025,132,Kevin Knox,SF,21,NYK,1,0,4.0,0.0,0.0,0,0.0,0.0,0,0.0,0.0,0,0,2.0,2.0,1.000,0.0,1.0,1.0,1.0,0.0,1.0,0.0,0.0,2.0,2020-2021
2026,133,John Konchar,SG,24,MEM,1,0,3.0,0.0,1.0,.000,0.0,1.0,.000,0.0,0.0,0,.000,0.0,0.0,0,0.0,1.0,1.0,0.0,0.0,1.0,0.0,0.0,0.0,2020-2021
2027,134,Furkan Korkmaz,SG,23,PHI,12,4,16.3,2.5,6.1,.411,1.2,3.7,.318,1.3,2.4,.552,.507,0.8,1.2,.714,0.3,1.7,2.0,0.6,0.6,0.3,0.4,0.8,7.0,2020-2021
2028,135,Luke Kornet,C,25,BOS,2,0,2.5,0.5,0.5,1.000,0.0,0.0,0,0.5,0.5,1.000,1.000,0.5,1.0,.500,0.0,1.5,1.5,0.0,0.0,0.0,0.0,0.0,1.5,2020-2021
2029,136,Kyle Kuzma,SF,25,LAL,6,0,21.5,2.3,8.0,.292,0.7,3.8,.174,1.7,4.2,.400,.333,1.0,1.5,.667,0.7,3.2,3.8,1.2,0.3,0.2,1.0,1.3,6.3,2020-2021
2030,137,Romeo Langford,SG,21,BOS,4,2,27.3,3.3,8.0,.406,1.5,4.3,.353,1.8,3.8,.467,.500,1.0,1.0,1.000,1.3,1.3,2.5,1.3,0.8,0.5,0.3,0.5,9.0,2020-2021
2031,138,T.J. Leaf,PF,23,POR,3,0,2.3,1.0,1.3,.750,0.0,0.0,0,1.0,1.3,.750,.750,0.0,0.0,0,0.7,0.3,1.0,0.0,0.0,0.0,0.0,0.0,2.0,2020-2021
2032,139,Alex Len,C,27,WAS,5,3,8.4,1.6,2.8,.571,0.0,0.0,0,1.6,2.8,.571,.571,0.8,1.4,.571,0.8,1.4,2.2,0.4,0.2,0.0,0.2,1.6,4.0,2020-2021
2033,140,Kawhi Leonard,SF,29,LAC,11,11,39.3,11.1,19.4,.573,2.2,5.5,.393,8.9,13.8,.645,.629,6.0,6.8,.880,2.0,5.7,7.7,4.4,2.1,0.8,2.2,2.6,30.4,2020-2021
2034,141,Damian Lillard,PG,30,POR,6,6,41.3,10.3,22.3,.463,5.8,13.0,.449,4.5,9.3,.482,.593,7.8,8.3,.940,0.2,4.2,4.3,10.2,1.0,0.7,2.2,1.5,34.3,2020-2021
2035,142,Nassir Little,PF,20,POR,3,0,3.0,0.3,1.3,.250,0.3,1.3,.250,0.0,0.0,0,.375,0.7,1.3,.500,0.0,0.3,0.3,0.0,0.0,0.3,0.3,0.0,1.7,2020-2021
2036,143,Brook Lopez,C,32,MIL,23,23,29.0,5.2,9.4,.548,1.0,3.1,.319,4.2,6.3,.662,.601,1.6,1.9,.860,2.1,3.8,5.9,0.3,0.7,1.5,1.1,2.1,13.0,2020-2021
2037,144,Robin Lopez,C,32,WAS,5,0,14.6,3.6,5.0,.720,0.0,0.0,0,3.6,5.0,.720,.720,0.2,0.8,.250,0.8,1.0,1.8,0.0,0.0,0.8,0.2,1.4,7.4,2020-2021
2038,145,Timothé Luwawu-Cabarrot,SF,25,BRK,7,0,3.6,0.4,1.4,.300,0.3,0.9,.333,0.1,0.6,.250,.400,0.0,0.0,0,0.0,0.4,0.4,0.3,0.0,0.0,0.1,0.1,1.1,2020-2021
2039,146,Terance Mann,SG,24,LAC,19,6,19.9,2.8,5.5,.519,0.8,1.9,.432,2.0,3.5,.567,.596,1.1,1.5,.714,0.9,1.8,2.7,0.7,0.5,0.3,0.2,2.2,7.6,2020-2021
2040,147,Boban Marjanović,C,32,DAL,4,3,20.8,5.0,9.8,.513,0.0,0.0,0,5.0,9.8,.513,.513,1.8,2.3,.778,3.5,4.5,8.0,1.0,0.0,0.3,1.0,3.3,11.8,2020-2021
2041,148,Garrison Mathews,SG,24,WAS,3,0,5.7,0.0,1.3,.000,0.0,1.3,.000,0.0,0.0,0,.000,1.3,1.7,.800,0.0,0.7,0.7,0.0,0.0,0.0,0.0,1.3,1.3,2020-2021
2042,149,Wesley Matthews,SG,34,LAL,6,1,18.3,1.7,5.5,.303,1.2,4.2,.280,0.5,1.3,.375,.409,1.0,1.0,1.000,0.8,0.8,1.7,0.3,0.3,0.0,0.0,2.2,5.5,2020-2021
2043,150,Tyrese Maxey,SG,20,PHI,12,0,13.0,2.4,5.5,.439,0.3,1.0,.333,2.1,4.5,.463,.470,1.2,1.8,.636,0.1,1.8,1.8,1.3,0.3,0.5,0.4,1.3,6.3,2020-2021
2044,151,Skylar Mays,SG,23,ATL,7,0,2.4,0.6,0.7,.800,0.0,0.0,0,0.6,0.7,.800,.800,0.0,0.0,0,0.0,0.3,0.3,0.1,0.3,0.0,0.1,0.1,1.1,2020-2021
2045,152,CJ McCollum,SG,29,POR,6,6,40.0,8.3,19.0,.439,2.3,7.0,.333,6.0,12.0,.500,.500,1.7,2.2,.769,1.0,5.0,6.0,4.3,0.3,0.7,2.0,4.2,20.7,2020-2021
2046,153,JaVale McGee,C,33,DEN,4,0,8.5,0.8,2.5,.300,0.0,0.5,.000,0.8,2.0,.375,.300,0.5,1.5,.333,0.8,2.3,3.0,0.8,0.3,1.3,0.3,1.0,2.0,2020-2021
2047,154,Alfonzo McKinnie,SF,28,LAL,2,0,6.0,0.0,1.5,.000,0.0,1.0,.000,0.0,0.5,.000,.000,0.0,0.0,0,0.0,0.5,0.5,0.0,0.0,0.0,0.0,0.5,0.0,2020-2021
2048,155,Ben McLemore,SG,27,LAL,4,0,9.0,0.5,2.3,.222,0.5,1.5,.333,0.0,0.8,.000,.333,0.0,0.0,0,0.3,1.5,1.8,0.3,0.3,0.0,0.3,1.3,1.5,2020-2021
2049,156,Nicolò Melli,PF,30,DAL,3,0,6.3,0.0,1.3,.000,0.0,0.7,.000,0.0,0.7,.000,.000,0.0,0.0,0,0.7,1.3,2.0,0.0,0.3,0.0,0.0,1.0,0.0,2020-2021
2050,157,De'Anthony Melton,PG,22,MEM,5,0,16.6,2.2,6.2,.355,1.2,4.0,.300,1.0,2.2,.455,.452,0.6,1.0,.600,0.8,2.4,3.2,1.0,0.2,0.8,0.6,1.4,6.2,2020-2021
2051,158,Sam Merrill,SG,24,MIL,8,0,3.8,0.3,0.9,.286,0.1,0.6,.200,0.1,0.3,.500,.357,0.0,0.0,0,0.1,0.5,0.6,0.1,0.5,0.0,0.1,0.3,0.6,2020-2021
2052,159,Khris Middleton,SF,29,MIL,23,23,40.1,8.6,19.7,.438,2.6,7.6,.343,6.0,12.0,.498,.504,3.7,4.2,.887,1.1,6.5,7.6,5.1,1.5,0.2,3.2,2.5,23.6,2020-2021
2053,160,Paul Millsap,PF,35,DEN,9,0,12.1,2.4,5.6,.440,0.7,2.6,.261,1.8,3.0,.593,.500,0.9,1.4,.615,1.0,2.9,3.9,1.7,0.3,0.7,0.9,1.6,6.4,2020-2021
2054,161,Shake Milton,SG,24,PHI,12,0,10.1,1.3,3.9,.319,0.7,1.6,.421,0.6,2.3,.250,.404,1.2,1.3,.933,0.0,0.8,0.8,0.8,0.3,0.1,0.9,1.5,4.3,2020-2021
2055,162,Donovan Mitchell,PG,24,UTA,10,10,34.6,10.5,23.5,.447,5.0,11.5,.435,5.5,12.0,.458,.553,6.3,7.6,.829,0.3,3.9,4.2,5.5,1.1,0.2,2.8,2.0,32.3,2020-2021
2056,163,E'Twaun Moore,SG,31,PHO,7,0,6.6,1.1,2.6,.444,0.1,0.7,.200,1.0,1.9,.538,.472,0.0,0.0,0,0.0,1.4,1.4,1.3,0.1,0.0,0.4,0.4,2.4,2020-2021
2057,164,Ja Morant,PG,21,MEM,5,5,40.6,11.0,22.6,.487,2.0,6.2,.323,9.0,16.4,.549,.531,6.2,8.0,.775,1.4,3.4,4.8,8.2,0.4,0.0,3.4,1.8,30.2,2020-2021
2058,165,Juwan Morgan,PF,23,UTA,2,0,3.0,0.0,0.0,0,0.0,0.0,0,0.0,0.0,0,0,0.0,0.0,0,0.5,0.5,1.0,0.5,0.0,0.0,0.0,0.5,0.0,2020-2021
2059,166,Marcus Morris,PF,31,LAC,19,18,31.8,4.5,10.5,.430,1.9,5.1,.375,2.6,5.5,.481,.520,1.3,1.7,.750,0.7,3.6,4.3,1.5,0.5,0.5,0.4,2.6,12.2,2020-2021
2060,167,Markieff Morris,PF,31,LAL,4,1,9.5,0.5,2.3,.222,0.3,1.0,.250,0.3,1.3,.200,.278,1.0,1.5,.667,1.0,0.0,1.0,0.8,0.0,0.3,0.5,1.5,2.3,2020-2021
2061,168,Monte Morris,PG,25,DEN,10,1,28.6,5.0,11.6,.431,1.6,4.0,.400,3.4,7.6,.447,.500,2.1,2.9,.724,0.7,1.7,2.4,5.5,1.0,0.2,0.7,1.2,13.7,2020-2021
2062,169,Abdel Nader,SF,27,PHO,5,0,5.8,0.4,1.2,.333,0.0,0.4,.000,0.4,0.8,.500,.333,0.0,0.0,0,0.0,1.0,1.0,0.0,0.0,0.0,0.0,0.6,0.8,2020-2021
2063,170,Aaron Nesmith,SF,21,BOS,5,0,15.0,1.0,3.6,.278,0.8,2.8,.286,0.2,0.8,.250,.389,0.4,0.4,1.000,0.4,2.2,2.6,0.2,0.2,0.2,0.4,1.4,3.2,2020-2021
2064,171,Raul Neto,PG,28,WAS,5,3,22.4,2.4,6.8,.353,0.8,3.0,.267,1.6,3.8,.421,.412,0.8,1.0,.800,0.6,1.6,2.2,1.0,0.4,0.0,0.2,2.2,6.4,2020-2021
2065,172,Georges Niang,PF,27,UTA,11,0,11.7,1.0,3.5,.282,0.8,2.7,.300,0.2,0.8,.222,.397,0.4,0.4,1.000,0.2,1.5,1.7,0.7,0.0,0.1,0.7,1.7,3.2,2020-2021
2066,173,Zeke Nnaji,PF,20,DEN,5,0,3.6,0.8,1.6,.500,0.6,1.4,.429,0.2,0.2,1.000,.688,0.2,0.4,.500,0.2,0.2,0.4,0.4,0.2,0.0,0.0,0.2,2.4,2020-2021
2067,174,Nerlens Noel,C,26,NYK,5,2,18.4,1.0,2.0,.500,0.0,0.0,0,1.0,2.0,.500,.500,2.6,3.2,.813,2.0,2.0,4.0,0.2,0.8,0.6,0.8,3.0,4.6,2020-2021
2068,175,Frank Ntilikina,PG,22,NYK,3,0,1.3,0.0,0.3,.000,0.0,0.3,.000,0.0,0.0,0,.000,0.0,0.0,0,0.0,0.0,0.0,0.0,0.0,0.0,0.0,0.0,0.0,2020-2021
2069,176,Kendrick Nunn,PG,25,MIA,4,2,23.3,4.3,10.8,.395,1.3,4.5,.278,3.0,6.3,.480,.453,0.5,0.5,1.000,0.0,1.5,1.5,1.5,0.5,0.0,0.8,1.0,10.3,2020-2021
2070,177,Jusuf Nurkić,C,26,POR,6,6,28.8,5.0,9.2,.545,0.2,0.8,.200,4.8,8.3,.580,.555,3.0,4.2,.720,3.0,7.3,10.3,2.7,0.5,1.2,2.3,5.0,13.2,2020-2021
2071,178,Jordan Nwora,SF,22,MIL,5,0,6.2,0.8,3.6,.222,0.4,1.6,.250,0.4,2.0,.200,.278,1.0,1.4,.714,1.0,0.8,1.8,0.2,0.0,0.2,0.2,0.2,3.0,2020-2021
2072,179,Royce O'Neale,SF,27,UTA,11,11,36.7,3.9,7.7,.506,2.5,5.5,.467,1.4,2.3,.600,.671,0.9,1.1,.833,1.5,5.8,7.3,2.1,1.1,0.3,0.7,3.7,11.3,2020-2021
2073,180,Semi Ojeleye,PF,26,BOS,2,0,6.0,0.0,2.0,.000,0.0,1.5,.000,0.0,0.5,.000,.000,0.5,1.0,.500,0.0,0.0,0.0,0.0,0.5,0.5,0.0,0.0,0.5,2020-2021
2074,181,Onyeka Okongwu,C,20,ATL,18,0,9.2,0.9,1.7,.548,0.0,0.1,.000,0.9,1.7,.567,.548,0.8,1.2,.667,1.2,1.5,2.7,0.1,0.3,0.7,0.2,1.6,2.7,2020-2021
2075,182,KZ Okpala,PF,21,MIA,2,0,3.0,0.0,0.5,.000,0.0,0.5,.000,0.0,0.0,0,.000,0.0,0.0,0,0.0,0.0,0.0,0.0,0.0,0.0,0.0,0.0,0.0,2020-2021
2076,183,Miye Oni,SG,23,UTA,8,0,5.1,0.0,0.6,.000,0.0,0.6,.000,0.0,0.0,0,.000,0.0,0.0,0,0.4,0.0,0.4,0.0,0.1,0.0,0.0,1.0,0.0,2020-2021
2077,184,Daniel Oturu,C,21,LAC,8,0,1.9,0.3,0.6,.400,0.0,0.1,.000,0.3,0.5,.500,.400,0.1,0.3,.500,0.3,0.3,0.5,0.0,0.0,0.1,0.0,0.3,0.6,2020-2021
2078,185,Jabari Parker,PF,25,BOS,4,0,14.8,3.3,5.3,.619,0.5,1.3,.400,2.8,4.0,.688,.667,1.5,2.0,.750,0.5,3.3,3.8,0.5,0.0,0.8,1.5,1.8,8.5,2020-2021
2079,186,Chris Paul,PG,35,PHO,20,20,34.2,7.5,15.0,.497,1.5,3.3,.446,6.0,11.8,.511,.545,2.9,3.3,.877,0.5,3.1,3.5,8.6,1.2,0.2,2.2,2.4,19.2,2020-2021
2080,187,Cameron Payne,PG,26,PHO,22,2,19.0,3.7,8.8,.425,1.1,3.1,.362,2.6,5.6,.460,.490,0.7,0.8,.889,0.3,2.2,2.5,3.2,0.8,0.5,1.1,1.8,9.3,2020-2021
2081,188,Elfrid Payton,PG,26,NYK,2,2,6.5,0.0,2.5,.000,0.0,0.0,0,0.0,2.5,.000,.000,0.5,1.0,.500,0.0,0.0,0.0,0.5,0.5,0.0,0.0,0.5,0.5,2020-2021
2082,189,Reggie Perry,PF,20,BRK,5,0,4.4,1.4,2.6,.538,0.4,1.0,.400,1.0,1.6,.625,.615,0.0,0.0,0,0.8,0.4,1.2,0.2,0.2,0.0,0.6,0.8,3.2,2020-2021
2083,190,Michael Porter Jr.,SF,22,DEN,10,10,33.2,6.4,13.5,.474,2.9,7.3,.397,3.5,6.2,.565,.581,1.7,2.1,.810,1.2,5.0,6.2,1.3,1.1,0.3,1.6,3.1,17.4,2020-2021
2084,191,Bobby Portis,C,25,MIL,20,2,18.3,3.5,7.6,.464,0.9,2.6,.346,2.6,5.0,.525,.523,0.9,1.3,.720,1.7,3.4,5.0,0.6,0.7,0.4,0.5,1.6,8.8,2020-2021
2085,192,Kristaps Porziņģis,C,25,DAL,7,7,33.3,4.9,10.3,.472,1.1,3.9,.296,3.7,6.4,.578,.528,2.3,2.7,.842,1.0,4.4,5.4,1.3,1.3,0.7,0.4,2.7,13.1,2020-2021
2086,193,Dwight Powell,C,29,DAL,7,0,7.4,1.0,1.1,.875,0.0,0.0,0,1.0,1.1,.875,.875,0.7,0.9,.833,0.7,1.1,1.9,0.9,0.3,0.0,0.1,1.1,2.7,2020-2021
2087,194,Norman Powell,SF,27,POR,6,6,36.0,6.3,12.7,.500,1.7,4.3,.385,4.7,8.3,.560,.566,2.7,3.0,.889,0.5,1.7,2.2,2.0,0.8,1.0,1.2,2.8,17.0,2020-2021
2088,195,Payton Pritchard,SG,23,BOS,5,0,13.4,1.2,3.4,.353,0.6,2.0,.300,0.6,1.4,.429,.441,0.4,0.4,1.000,0.4,1.4,1.8,2.4,0.4,0.0,0.6,0.8,3.4,2020-2021
2089,196,Immanuel Quickley,PG,21,NYK,5,0,15.4,2.0,6.6,.303,0.8,2.2,.364,1.2,4.4,.273,.364,1.0,1.4,.714,0.0,1.4,1.4,1.0,0.6,0.0,1.2,1.6,5.8,2020-2021
2090,197,Julius Randle,PF,26,NYK,5,5,36.0,5.6,18.8,.298,2.2,6.6,.333,3.4,12.2,.279,.356,4.6,5.4,.852,2.2,9.4,11.6,4.0,0.6,0.0,4.6,3.6,18.0,2020-2021
2091,198,Cam Reddish,SF,21,ATL,4,0,23.0,4.8,9.0,.528,2.3,3.5,.643,2.5,5.5,.455,.653,1.0,1.3,.800,0.3,3.3,3.5,1.8,1.5,0.5,1.3,2.8,12.8,2020-2021
2092,199,Paul Reed,PF,21,PHI,3,0,3.7,0.7,1.3,.500,0.0,0.0,0,0.7,1.3,.500,.500,0.0,0.0,0,1.0,1.7,2.7,0.0,0.0,0.3,0.0,0.3,1.3,2020-2021
2093,200,Josh Richardson,SG,27,DAL,7,0,13.4,1.6,4.0,.393,0.4,1.4,.300,1.1,2.6,.444,.446,1.3,1.3,1.000,0.4,1.1,1.6,0.7,0.3,0.0,0.9,1.1,4.9,2020-2021
2094,201,Austin Rivers,SG,28,DEN,10,9,30.5,3.0,6.9,.435,1.9,4.6,.413,1.1,2.3,.478,.572,1.3,1.6,.813,0.1,1.6,1.7,2.1,0.2,0.3,0.9,3.2,9.2,2020-2021
2095,202,Duncan Robinson,SF,26,MIA,4,4,25.0,2.8,7.3,.379,2.5,6.8,.370,0.3,0.5,.500,.552,2.3,2.5,.900,0.0,2.8,2.8,0.8,0.8,0.0,1.0,3.3,10.3,2020-2021
2096,203,Rajon Rondo,PG,34,LAC,13,0,16.9,1.4,4.1,.340,0.8,2.2,.393,0.5,1.9,.280,.443,0.6,0.9,.667,0.3,2.3,2.6,3.8,0.4,0.2,1.1,1.4,4.2,2020-2021
2097,204,Derrick Rose,PG,32,NYK,5,3,35.0,8.0,16.8,.476,1.6,3.4,.471,6.4,13.4,.478,.524,1.8,1.8,1.000,0.8,3.2,4.0,5.0,0.4,0.2,1.6,1.0,19.4,2020-2021
2098,205,Dario Šarić,C,26,PHO,14,0,10.5,1.5,3.2,.467,0.6,1.3,.444,0.9,1.9,.481,.556,0.9,1.0,.929,0.6,1.9,2.5,1.0,0.1,0.1,0.4,1.5,4.5,2020-2021
2099,206,Dennis Schröder,SG,27,LAL,6,6,32.7,4.7,11.7,.400,1.3,4.3,.308,3.3,7.3,.455,.457,3.7,4.3,.846,0.2,2.8,3.0,2.8,1.0,0.2,1.7,2.2,14.3,2020-2021
2100,207,Mike Scott,PF,32,PHI,5,0,6.8,0.4,1.8,.222,0.4,1.4,.286,0.0,0.4,.000,.333,0.0,0.0,0,0.2,0.4,0.6,0.6,0.2,0.2,0.0,0.6,1.2,2020-2021
2101,208,Jay Scrubb,SG,20,LAC,6,0,1.3,0.0,0.0,0,0.0,0.0,0,0.0,0.0,0,0,0.0,0.0,0,0.0,0.2,0.2,0.0,0.0,0.0,0.0,0.0,0.0,2020-2021
2102,209,Landry Shamet,SG,23,BRK,12,0,17.2,1.5,3.4,.439,0.8,2.2,.385,0.7,1.3,.533,.561,0.3,0.4,.800,0.3,1.5,1.8,0.6,0.4,0.1,0.5,1.6,4.2,2020-2021
2103,210,Ben Simmons,PG,24,PHI,12,12,33.5,4.9,7.9,.621,0.0,0.1,.000,4.9,7.8,.628,.621,2.1,6.1,.342,2.1,5.8,7.9,8.8,1.3,0.8,2.3,3.3,11.9,2020-2021
2104,211,Anfernee Simons,SG,21,POR,6,0,17.8,2.3,4.2,.560,1.8,3.0,.611,0.5,1.2,.429,.780,0.0,0.0,0,0.5,2.2,2.7,0.8,0.3,0.2,0.2,1.0,6.5,2020-2021
2105,212,Marcus Smart,PG,26,BOS,5,5,36.6,5.8,13.2,.439,3.2,8.6,.372,2.6,4.6,.565,.561,3.0,4.2,.714,0.8,3.6,4.4,6.0,1.0,0.2,2.8,2.8,17.8,2020-2021
2106,213,Ish Smith,PG,32,WAS,5,0,22.2,3.2,8.6,.372,0.4,1.4,.286,2.8,7.2,.389,.395,0.0,0.0,0,0.2,3.0,3.2,2.8,1.4,0.4,1.0,2.2,6.8,2020-2021
2107,214,Jalen Smith,PF,20,PHO,6,0,3.0,0.3,0.7,.500,0.2,0.2,1.000,0.2,0.5,.333,.625,0.0,0.0,0,0.3,0.5,0.8,0.2,0.0,0.0,0.2,0.3,0.8,2020-2021
2108,215,Tony Snell,SG,29,ATL,9,0,7.3,0.2,1.8,.125,0.1,1.2,.091,0.1,0.6,.200,.156,0.0,0.0,0,0.0,0.6,0.6,0.2,0.2,0.1,0.4,0.6,0.6,2020-2021
2109,216,Max Strus,SF,24,MIA,2,0,3.0,0.0,0.5,.000,0.0,0.0,0,0.0,0.5,.000,.000,0.0,0.0,0,0.0,0.0,0.0,0.0,0.0,0.0,0.0,0.0,0.0,2020-2021
2110,217,Jayson Tatum,SF,22,BOS,5,5,37.0,9.4,22.2,.423,2.8,7.2,.389,6.6,15.0,.440,.486,9.0,9.8,.918,0.6,5.2,5.8,4.6,1.2,1.6,2.6,3.0,30.6,2020-2021
2111,218,Jeff Teague,PG,32,MIL,16,0,7.4,0.6,1.9,.290,0.3,0.7,.455,0.3,1.3,.200,.371,0.6,0.7,.818,0.1,0.4,0.5,0.8,0.2,0.0,0.4,0.6,2.0,2020-2021
2112,219,Matt Thomas,SG,26,UTA,3,0,2.3,0.0,0.7,.000,0.0,0.0,0,0.0,0.7,.000,.000,0.0,0.0,0,0.0,0.3,0.3,0.0,0.0,0.0,0.0,0.3,0.0,2020-2021
2113,220,Tristan Thompson,C,29,BOS,5,5,26.4,4.0,6.8,.588,0.0,0.0,0,4.0,6.8,.588,.588,2.4,3.4,.706,5.8,4.0,9.8,1.0,0.8,1.2,1.0,2.4,10.4,2020-2021
2114,221,Matisse Thybulle,SG,23,PHI,12,1,18.3,2.1,4.3,.481,0.9,2.8,.324,1.2,1.5,.778,.587,0.2,0.4,.400,0.3,1.1,1.4,0.3,1.3,0.9,0.2,2.4,5.3,2020-2021
2115,222,Xavier Tillman Sr.,PF,22,MEM,3,0,6.0,0.3,1.7,.200,0.0,0.3,.000,0.3,1.3,.250,.200,0.0,0.0,0,0.3,0.7,1.0,0.3,0.3,0.0,0.3,0.7,0.7,2020-2021
2116,223,Anthony Tolliver,PF,35,PHI,1,0,2.0,0.0,0.0,0,0.0,0.0,0,0.0,0.0,0,0,0.0,0.0,0,0.0,0.0,0.0,0.0,0.0,0.0,0.0,1.0,0.0,2020-2021
2117,224,Obi Toppin,PF,22,NYK,5,0,13.0,2.4,4.6,.522,0.6,1.8,.333,1.8,2.8,.643,.587,1.0,1.2,.833,0.8,1.8,2.6,0.4,0.0,0.2,0.6,1.2,6.4,2020-2021
2118,225,Axel Toupane,SF,28,MIL,4,0,2.5,0.5,1.0,.500,0.3,0.5,.500,0.3,0.5,.500,.625,0.0,0.0,0,0.5,0.5,1.0,0.0,0.0,0.0,0.0,0.0,1.3,2020-2021
2119,226,P.J. Tucker,PF,35,MIL,23,19,29.6,1.7,4.3,.388,0.8,2.6,.322,0.8,1.7,.487,.485,0.1,0.2,.750,2.1,2.7,4.8,1.1,1.0,0.1,0.4,3.3,4.3,2020-2021
2120,227,Rayjon Tucker,PG,23,PHI,1,0,2.0,0.0,0.0,0,0.0,0.0,0,0.0,0.0,0,0,1.0,2.0,.500,0.0,0.0,0.0,0.0,0.0,0.0,0.0,1.0,1.0,2020-2021
2121,228,Jonas Valančiūnas,C,28,MEM,5,5,33.2,6.6,11.6,.569,0.4,1.6,.250,6.2,10.0,.620,.586,1.4,1.6,.875,4.0,5.8,9.8,2.6,0.6,0.6,2.0,3.6,15.0,2020-2021
2122,229,Gabe Vincent,PG,24,MIA,3,0,4.7,0.7,1.0,.667,0.3,0.7,.500,0.3,0.3,1.000,.833,0.0,0.0,0,0.0,0.3,0.3,0.7,0.0,0.0,0.3,0.0,1.7,2020-2021
2123,230,Kemba Walker,PG,30,BOS,3,3,30.3,4.3,13.7,.317,1.0,5.7,.176,3.3,8.0,.417,.354,3.0,3.3,.900,0.0,4.0,4.0,4.0,0.3,0.0,2.7,3.3,12.7,2020-2021
2124,231,Tremont Waters,PG,23,BOS,3,0,2.0,0.3,1.3,.250,0.0,0.7,.000,0.3,0.7,.500,.250,0.7,1.0,.667,0.0,0.0,0.0,0.7,0.3,0.0,0.7,0.0,1.3,2020-2021
2125,232,Russell Westbrook,PG,32,WAS,5,5,37.2,5.6,16.8,.333,1.0,4.0,.250,4.6,12.8,.359,.363,6.8,8.6,.791,2.8,7.6,10.4,11.8,0.4,0.2,4.2,3.4,19.0,2020-2021
2126,233,Grant Williams,PF,22,BOS,5,0,11.4,1.2,2.4,.500,0.4,0.8,.500,0.8,1.6,.500,.583,0.6,0.6,1.000,0.6,1.4,2.0,0.8,0.2,0.8,0.2,1.4,3.4,2020-2021
2127,234,Lou Williams,PG,34,ATL,18,2,15.4,2.8,6.1,.455,0.7,1.7,.433,2.1,4.4,.463,.514,1.4,1.5,.963,0.1,1.3,1.4,2.2,0.7,0.1,1.2,0.9,7.7,2020-2021
2128,235,Robert Williams,C,23,BOS,3,0,15.3,3.0,4.7,.643,0.0,0.0,0,3.0,4.7,.643,.643,0.3,0.7,.500,2.7,2.3,5.0,0.7,0.3,3.0,0.3,2.3,6.3,2020-2021
2129,236,Justise Winslow,SF,24,MEM,1,0,3.0,0.0,0.0,0,0.0,0.0,0,0.0,0.0,0,0,0.0,0.0,0,0.0,1.0,1.0,1.0,0.0,0.0,0.0,0.0,0.0,2020-2021
2130,237,Cassius Winston,PG,22,WAS,1,0,5.0,1.0,3.0,.333,0.0,1.0,.000,1.0,2.0,.500,.333,0.0,0.0,0,1.0,1.0,2.0,1.0,0.0,0.0,2.0,1.0,2.0,2020-2021
2131,238,Trae Young,PG,22,ATL,16,16,37.7,9.4,22.4,.418,2.8,9.0,.313,6.6,13.4,.488,.481,7.3,8.4,.866,0.4,2.4,2.8,9.5,1.3,0.0,4.0,2.2,28.8,2020-2021
2132,239,Ivica Zubac,C,23,LAC,17,7,17.7,2.0,3.4,.596,0.0,0.0,0,2.0,3.4,.596,.596,2.3,2.9,.796,2.5,3.3,5.8,0.4,0.1,0.7,0.9,1.9,6.3,2020-2021
2133,1,Precious Achiuwa,C,22,TOR,6,1,27.8,4.2,8.7,.481,0.8,2.7,.313,3.3,6.0,.556,.529,1.0,1.7,.600,1.3,3.5,4.8,1.0,0.2,0.8,1.5,2.3,10.2,2021-2022
2134,2,Steven Adams,C,28,MEM,7,5,16.3,1.3,3.0,.429,0.0,0.0,0,1.3,3.0,.429,.429,0.9,1.6,.545,2.1,4.3,6.4,2.1,0.1,0.1,0.6,1.7,3.4,2021-2022
2135,3,Bam Adebayo,C,24,MIA,18,18,34.1,5.8,9.7,.594,0.0,0.1,.000,5.8,9.7,.598,.594,3.2,4.2,.763,2.1,5.9,8.0,2.7,1.0,0.7,2.1,3.1,14.8,2021-2022
2136,4,Nickeil Alexander-Walker,SG,23,UTA,1,0,5.0,2.0,2.0,1.000,0.0,0.0,0,2.0,2.0,1.000,1.000,1.0,1.0,1.000,0.0,1.0,1.0,1.0,1.0,0.0,0.0,0.0,5.0,2021-2022
2137,5,Grayson Allen,SG,26,MIL,12,5,25.4,3.1,6.8,.451,1.6,4.0,.396,1.5,2.8,.529,.567,0.6,0.9,.636,0.4,2.5,2.9,1.3,0.7,0.3,0.8,1.8,8.3,2021-2022
2138,6,Jose Alvarado,PG,23,NOP,6,0,19.5,2.7,5.5,.485,1.0,2.7,.375,1.7,2.8,.588,.576,1.7,2.2,.769,0.3,1.0,1.3,1.5,1.2,0.2,1.2,3.0,8.0,2021-2022
2139,7,Kyle Anderson,PF,28,MEM,12,1,18.4,2.4,4.3,.569,0.3,1.0,.250,2.2,3.3,.667,.598,0.9,1.5,.611,0.8,3.5,4.3,1.8,0.9,0.6,0.8,1.8,6.0,2021-2022
2140,8,Giannis Antetokounmpo,PF,27,MIL,12,12,37.3,11.7,23.8,.491,0.8,3.4,.220,10.9,20.3,.537,.507,7.6,11.2,.679,2.2,12.0,14.2,6.8,0.7,1.3,4.5,3.6,31.7,2021-2022
2141,9,Thanasis Antetokounmpo,SF,29,MIL,8,0,2.5,0.3,0.4,.667,0.0,0.0,0,0.3,0.4,.667,.667,0.1,0.4,.333,0.1,0.4,0.5,0.1,0.1,0.0,0.0,0.5,0.6,2021-2022
2142,10,OG Anunoby,SF,24,TOR,6,6,36.2,6.5,13.7,.476,2.3,6.8,.341,4.2,6.8,.610,.561,2.0,2.7,.750,1.2,2.8,4.0,2.5,1.0,0.2,1.7,3.0,17.3,2021-2022
2143,11,Deandre Ayton,C,23,PHO,13,13,30.5,8.1,12.6,.640,0.2,0.3,.500,7.9,12.3,.644,.646,1.6,2.5,.636,2.5,6.4,8.9,1.7,0.4,0.8,1.5,2.6,17.9,2021-2022
2144,12,Desmond Bane,SG,23,MEM,12,12,35.7,6.3,13.3,.478,3.6,7.3,.489,2.8,5.9,.465,.613,2.5,2.9,.857,0.4,3.3,3.8,2.2,0.9,0.8,1.3,1.9,18.8,2021-2022
2145,13,Dalano Banton,PG,22,TOR,4,0,2.0,0.5,0.5,1.000,0.0,0.0,0,0.5,0.5,1.000,1.000,0.8,1.5,.500,0.5,0.0,0.5,0.3,0.3,0.0,0.3,0.0,1.8,2021-2022
2146,14,Scottie Barnes,PF,20,TOR,4,3,33.3,4.5,10.5,.429,0.5,3.0,.167,4.0,7.5,.533,.452,3.3,4.0,.813,1.8,7.3,9.0,4.3,1.0,0.3,1.3,3.0,12.8,2021-2022
2147,15,Will Barton,SG,31,DEN,5,5,34.4,5.4,13.2,.409,2.2,5.6,.393,3.2,7.6,.421,.492,0.8,1.2,.667,1.0,4.6,5.6,2.8,0.8,0.2,2.0,2.2,13.8,2021-2022
2148,16,Charles Bassey,C,21,PHI,3,0,4.0,0.3,0.7,.500,0.0,0.0,0,0.3,0.7,.500,.500,0.0,0.3,.000,0.3,1.3,1.7,0.3,0.0,0.3,0.0,0.3,0.7,2021-2022
2149,17,Malik Beasley,SG,25,MIN,6,0,19.8,3.2,7.3,.432,1.3,4.2,.320,1.8,3.2,.579,.523,0.8,1.0,.833,0.3,3.0,3.3,0.7,0.3,0.2,1.2,1.5,8.5,2021-2022
2150,18,Dāvis Bertāns,PF,29,DAL,18,0,10.7,1.2,3.1,.400,1.1,2.8,.373,0.2,0.2,.750,.573,0.6,0.7,.833,0.2,1.2,1.4,0.3,0.4,0.1,0.2,1.4,4.1,2021-2022
2151,19,Patrick Beverley,PG,33,MIN,6,6,32.3,3.5,8.2,.429,1.5,4.3,.346,2.0,3.8,.522,.520,2.5,3.7,.682,0.7,2.5,3.2,4.8,1.2,1.2,2.0,4.7,11.0,2021-2022
2152,20,Khem Birch,C,29,TOR,6,4,10.5,1.3,2.7,.500,0.3,0.7,.500,1.0,2.0,.500,.563,0.0,0.0,0,0.7,0.8,1.5,0.5,0.2,0.2,0.5,2.2,3.0,2021-2022
2153,21,Bismack Biyombo,C,29,PHO,9,0,9.6,1.2,1.9,.647,0.0,0.0,0,1.2,1.9,.647,.647,0.3,0.7,.500,0.9,1.2,2.1,0.6,0.1,0.2,0.7,1.4,2.8,2021-2022
2154,22,Nemanja Bjelica,C,33,GSW,15,0,10.0,1.2,2.3,.529,0.2,0.5,.375,1.0,1.7,.577,.574,0.3,0.5,.571,0.4,1.7,2.1,1.1,0.3,0.1,0.5,1.4,2.9,2021-2022
2155,23,Bogdan Bogdanović,SG,29,ATL,4,0,26.8,5.0,12.3,.408,2.3,6.5,.346,2.8,5.8,.478,.500,2.0,2.5,.800,1.0,3.8,4.8,3.0,0.3,0.3,1.0,3.0,14.3,2021-2022
2156,24,Bojan Bogdanović,PF,32,UTA,6,6,35.7,6.5,13.5,.481,1.8,5.5,.333,4.7,8.0,.583,.549,3.2,4.0,.792,0.5,3.7,4.2,1.7,0.3,0.0,2.0,4.0,18.0,2021-2022
2157,25,Isaac Bonga,SF,22,TOR,1,0,3.0,0.0,0.0,0,0.0,0.0,0,0.0,0.0,0,0,2.0,2.0,1.000,0.0,1.0,1.0,0.0,0.0,0.0,0.0,1.0,2.0,2021-2022
2158,26,Devin Booker,SG,25,PHO,10,10,36.6,7.9,17.5,.451,2.8,6.5,.431,5.1,11.0,.464,.531,4.7,5.3,.887,1.0,3.8,4.8,4.4,0.5,0.4,3.2,2.5,23.3,2021-2022
2159,27,Chris Boucher,SF,29,TOR,6,0,21.7,4.3,7.0,.619,1.0,2.5,.400,3.3,4.5,.741,.690,1.5,1.7,.900,2.0,3.8,5.8,0.2,0.2,1.2,0.3,2.2,11.2,2021-2022
2160,28,Tony Bradley,C,24,CHI,2,0,4.0,2.5,2.5,1.000,0.0,0.0,0,2.5,2.5,1.000,1.000,0.0,0.0,0,0.0,2.0,2.0,0.5,0.0,0.0,0.0,0.0,5.0,2021-2022
2161,29,Mikal Bridges,SF,25,PHO,13,13,38.5,5.1,10.6,.478,1.0,2.5,.394,4.1,8.1,.505,.525,2.2,2.3,.933,0.9,3.8,4.7,2.8,1.1,1.0,0.8,2.4,13.3,2021-2022
2162,30,Armoni Brooks,PG,23,TOR,4,0,2.0,0.0,1.0,.000,0.0,1.0,.000,0.0,0.0,0,.000,0.0,0.0,0,0.0,0.5,0.5,0.0,0.0,0.0,0.0,0.0,0.0,2021-2022
2163,31,Dillon Brooks,SF,26,MEM,11,11,30.5,5.5,15.6,.349,2.3,6.5,.347,3.2,9.1,.350,.422,1.5,2.3,.640,0.7,2.0,2.7,2.7,1.0,0.3,2.0,3.3,14.6,2021-2022
2164,32,Bruce Brown,SF,25,BRK,4,4,34.8,5.3,9.3,.568,1.5,3.5,.429,3.8,5.8,.652,.649,2.0,2.5,.800,1.5,3.3,4.8,2.8,1.3,0.8,2.3,4.0,14.0,2021-2022
2165,33,Jaylen Brown,SF,25,BOS,24,24,38.3,8.2,17.5,.470,2.5,6.7,.373,5.7,10.8,.531,.542,4.2,5.5,.763,1.4,5.5,6.9,3.5,1.1,0.4,3.1,3.0,23.1,2021-2022
2166,34,Sterling Brown,SG,26,DAL,9,0,2.9,0.3,1.1,.300,0.0,0.4,.000,0.3,0.7,.500,.300,0.6,0.8,.714,0.1,0.8,0.9,0.3,0.4,0.2,0.3,0.0,1.2,2021-2022
2167,35,Troy Brown Jr.,SF,22,CHI,3,0,12.3,1.7,5.7,.294,0.7,3.7,.182,1.0,2.0,.500,.353,0.0,0.0,0,0.3,2.3,2.7,1.0,0.7,0.0,1.0,0.7,4.0,2021-2022
2168,36,Jalen Brunson,SG,25,DAL,18,18,34.9,8.1,17.3,.466,1.4,4.2,.347,6.6,13.1,.504,.508,4.0,5.0,.800,0.8,3.8,4.6,3.7,0.8,0.1,1.1,2.1,21.6,2021-2022
2169,37,Reggie Bullock,SF,30,DAL,18,18,39.3,3.4,8.4,.404,2.9,7.3,.397,0.5,1.1,.450,.576,0.9,1.0,.889,0.4,4.1,4.6,1.7,1.2,0.1,0.4,2.7,10.6,2021-2022
2170,38,Trey Burke,PG,29,DAL,10,0,3.7,1.1,2.2,.500,0.4,1.0,.400,0.7,1.2,.583,.591,0.6,0.6,1.000,0.0,0.3,0.3,0.4,0.1,0.0,0.1,0.3,3.2,2021-2022
2171,39,Jared Butler,SG,21,UTA,1,0,5.0,0.0,2.0,.000,0.0,0.0,0,0.0,2.0,.000,.000,0.0,0.0,0,0.0,1.0,1.0,0.0,0.0,0.0,0.0,0.0,0.0,2021-2022
2172,40,Jimmy Butler,SF,32,MIA,17,17,37.0,9.8,19.3,.506,1.4,4.0,.338,8.4,15.3,.550,.541,6.5,7.8,.841,2.4,4.9,7.4,4.6,2.1,0.6,1.5,1.5,27.4,2021-2022
2173,41,Facundo Campazzo,PG,30,DEN,4,0,3.3,0.0,0.5,.000,0.0,0.5,.000,0.0,0.0,0,.000,0.0,0.0,0,0.0,0.8,0.8,0.5,0.0,0.0,0.5,0.8,0.0,2021-2022
2174,42,Vlatko Čančar,PF,24,DEN,2,0,4.5,1.0,1.5,.667,0.5,1.0,.500,0.5,0.5,1.000,.833,0.0,0.0,0,0.0,1.0,1.0,0.5,0.0,0.0,1.0,0.0,2.5,2021-2022
2175,43,Clint Capela,C,27,ATL,2,2,20.0,1.0,3.0,.333,0.0,0.0,0,1.0,3.0,.333,.333,0.0,0.0,0,2.0,5.5,7.5,0.0,0.5,0.5,0.5,1.0,2.0,2021-2022
2176,44,Jevon Carter,PG,26,MIL,11,0,11.5,0.8,1.7,.474,0.3,0.6,.429,0.5,1.1,.500,.553,0.2,0.2,1.000,0.3,1.2,1.5,0.9,0.7,0.0,0.5,1.1,2.1,2021-2022
2177,45,Alex Caruso,SG,27,CHI,4,4,28.3,2.3,5.8,.391,1.8,4.5,.389,0.5,1.3,.400,.543,0.0,0.0,0,0.5,2.3,2.8,4.3,1.3,1.0,0.3,2.8,6.3,2021-2022
2178,46,Marquese Chriss,PF,24,DAL,8,0,3.8,0.5,1.0,.500,0.1,0.3,.500,0.4,0.8,.500,.563,0.6,0.8,.833,0.5,0.6,1.1,0.0,0.0,0.0,0.1,0.4,1.8,2021-2022
2179,47,Brandon Clarke,PF,25,MEM,12,0,24.7,4.7,7.6,.615,0.0,0.1,.000,4.7,7.5,.622,.615,3.0,4.5,.667,3.1,3.8,6.9,2.0,0.8,0.8,1.0,1.9,12.3,2021-2022
2180,48,Jordan Clarkson,SG,29,UTA,6,0,28.3,6.7,12.2,.548,1.5,4.0,.375,5.2,8.2,.633,.610,2.7,3.0,.889,0.8,2.3,3.2,1.3,0.5,0.2,1.7,2.8,17.5,2021-2022
2181,49,Nic Claxton,C,22,BRK,4,0,24.5,4.8,6.0,.792,0.0,0.0,0,4.8,6.0,.792,.792,1.0,5.5,.182,1.8,4.5,6.3,1.5,1.3,2.3,0.5,1.5,10.5,2021-2022
2182,50,John Collins,PF,24,ATL,5,4,24.4,3.8,7.8,.487,0.8,2.2,.364,3.0,5.6,.536,.538,1.0,2.0,.500,0.4,4.2,4.6,1.2,0.4,0.2,1.0,2.4,9.4,2021-2022
2183,51,Mike Conley,PG,34,UTA,6,6,29.0,3.2,9.5,.333,0.8,4.2,.200,2.3,5.3,.438,.377,2.0,2.5,.800,0.3,2.8,3.2,4.8,0.8,0.3,2.2,3.2,9.2,2021-2022
2184,52,Pat Connaughton,SF,29,MIL,12,0,26.5,3.5,7.3,.477,2.1,5.3,.391,1.4,2.0,.708,.619,0.4,0.4,1.000,0.3,4.0,4.3,0.9,0.4,0.3,0.6,1.2,9.5,2021-2022
2185,53,DeMarcus Cousins,C,31,DEN,5,0,11.4,3.8,5.8,.655,0.8,1.2,.667,3.0,4.6,.652,.724,2.2,3.0,.733,0.6,2.8,3.4,1.2,0.6,0.2,1.4,1.8,10.6,2021-2022
2186,54,Torrey Craig,SF,31,PHO,9,0,7.7,0.9,2.4,.364,0.3,1.1,.300,0.6,1.3,.417,.432,0.1,0.2,.500,0.6,1.1,1.7,0.6,0.4,0.2,0.4,0.7,2.2,2021-2022
2187,55,Jae Crowder,PF,31,PHO,13,13,29.5,3.2,8.1,.400,1.5,4.8,.302,1.8,3.2,.548,.490,1.5,2.0,.731,0.6,4.1,4.7,2.4,1.0,0.5,1.5,3.6,9.4,2021-2022
2188,56,Jarrett Culver,SG,22,MEM,3,0,7.3,1.0,3.3,.300,0.0,0.7,.000,1.0,2.7,.375,.300,0.3,0.7,.500,0.7,1.7,2.3,0.3,0.7,0.0,0.7,1.3,2.3,2021-2022
2189,57,Seth Curry,SG,31,BRK,4,4,33.0,5.5,9.8,.564,3.0,5.8,.522,2.5,4.0,.625,.718,0.5,0.8,.667,0.5,2.0,2.5,3.0,0.3,0.8,0.8,3.8,14.5,2021-2022
2190,58,Stephen Curry,PG,33,GSW,22,18,34.7,9.2,20.0,.459,4.1,10.4,.397,5.0,9.6,.526,.563,4.9,5.9,.829,0.5,4.7,5.2,5.9,1.3,0.4,2.6,2.7,27.4,2021-2022
2191,59,Dewayne Dedmon,C,32,MIA,14,0,9.9,1.5,3.2,.467,0.1,0.7,.100,1.4,2.5,.571,.478,0.7,0.9,.833,1.1,1.9,3.0,0.4,0.1,0.2,0.5,2.6,3.8,2021-2022
2192,60,DeMar DeRozan,PF,32,CHI,5,5,40.6,7.8,19.0,.411,0.0,1.8,.000,7.8,17.2,.453,.411,5.2,6.0,.867,0.2,5.2,5.4,4.8,1.8,0.4,2.2,2.4,20.8,2021-2022
2193,61,Gorgui Dieng,C,32,ATL,2,0,5.0,0.5,1.0,.500,0.0,0.5,.000,0.5,0.5,1.000,.500,0.5,0.5,1.000,0.5,1.0,1.5,0.0,0.0,0.0,0.0,0.0,1.5,2021-2022
2194,62,Spencer Dinwiddie,PG,28,DAL,18,3,27.8,4.4,10.7,.417,2.2,5.3,.417,2.2,5.3,.417,.521,3.1,3.7,.821,0.4,2.0,2.4,3.6,0.8,0.3,1.6,2.3,14.2,2021-2022
2195,63,Luka Dončić,PG,22,DAL,15,15,36.8,10.7,23.5,.455,3.4,9.9,.345,7.3,13.6,.534,.527,6.9,9.0,.770,0.7,9.1,9.8,6.4,1.8,0.6,3.9,2.9,31.7,2021-2022
2196,64,Ayo Dosunmu,SG,22,CHI,5,1,17.2,1.6,5.2,.308,0.6,2.6,.231,1.0,2.6,.385,.365,0.2,0.2,1.000,0.8,1.8,2.6,2.2,0.2,0.0,0.6,1.0,4.0,2021-2022
2197,65,Goran Dragić,PG,35,BRK,4,0,19.8,4.5,8.0,.563,1.0,3.0,.333,3.5,5.0,.700,.625,0.5,0.5,1.000,1.5,3.0,4.5,1.5,0.8,0.0,1.3,2.8,10.5,2021-2022
2198,66,Andre Drummond,C,28,BRK,4,4,15.0,1.5,2.8,.545,0.0,0.0,0,1.5,2.8,.545,.545,0.8,1.3,.600,0.8,2.3,3.0,0.8,1.3,0.8,1.5,3.0,3.8,2021-2022
2199,67,Kevin Durant,PF,33,BRK,4,4,44.0,8.0,20.8,.386,1.8,5.3,.333,6.3,15.5,.403,.428,8.5,9.5,.895,0.5,5.3,5.8,6.3,1.0,0.3,5.3,3.8,26.3,2021-2022
2200,68,Anthony Edwards,SG,20,MIN,6,6,37.8,8.3,18.3,.455,3.8,9.5,.404,4.5,8.8,.509,.559,4.7,5.7,.824,0.7,3.5,4.2,3.0,1.2,1.2,2.5,3.7,25.2,2021-2022
2201,69,Kessler Edwards,SF,21,BRK,2,0,3.5,0.0,0.0,0,0.0,0.0,0,0.0,0.0,0,0,0.0,0.0,0,0.0,0.0,0.0,0.5,0.5,0.0,0.5,1.5,0.0,2021-2022
2202,70,Joel Embiid,C,27,PHI,10,10,38.5,7.8,16.1,.484,0.7,3.3,.212,7.1,12.8,.555,.506,7.3,8.9,.820,2.1,8.6,10.7,2.1,0.4,0.8,3.2,3.4,23.6,2021-2022
2203,71,Dorian Finney-Smith,PF,28,DAL,18,18,38.2,4.1,8.7,.471,2.6,6.0,.426,1.6,2.7,.571,.618,0.9,1.3,.708,1.8,3.7,5.5,1.9,0.9,0.4,1.0,2.9,11.7,2021-2022
2204,72,Malik Fitts,PF,24,BOS,9,0,1.8,0.3,0.4,.750,0.2,0.2,1.000,0.1,0.2,.500,1.000,0.0,0.0,0,0.0,0.2,0.2,0.0,0.0,0.0,0.0,0.0,0.9,2021-2022
2205,73,Malachi Flynn,PG,23,TOR,6,0,6.0,0.0,1.2,.000,0.0,0.5,.000,0.0,0.7,.000,.000,0.0,0.0,0,0.3,0.2,0.5,0.5,0.2,0.0,0.2,1.0,0.0,2021-2022
2206,74,Bryn Forbes,SG,28,DEN,5,0,15.2,1.2,3.0,.400,0.8,2.2,.364,0.4,0.8,.500,.533,0.8,1.0,.800,0.2,0.4,0.6,1.4,0.2,0.0,0.4,1.4,4.0,2021-2022
2207,75,Danilo Gallinari,PF,33,ATL,5,3,22.4,3.6,9.0,.400,0.8,3.0,.267,2.8,6.0,.467,.444,2.2,2.2,1.000,0.4,3.8,4.2,0.8,0.2,0.0,1.0,1.2,10.2,2021-2022
2208,76,Rudy Gobert,C,29,UTA,6,6,32.8,3.5,5.5,.636,0.0,0.0,0,3.5,5.5,.636,.636,5.0,7.3,.682,3.5,9.7,13.2,0.5,0.2,1.0,1.3,3.2,12.0,2021-2022
2209,77,Aaron Gordon,PF,26,DEN,5,5,32.0,4.6,10.8,.426,0.6,3.0,.200,4.0,7.8,.513,.454,4.0,5.6,.714,3.6,3.6,7.2,2.6,0.4,1.2,1.6,2.8,13.8,2021-2022
2210,78,Devonte' Graham,PG,26,NOP,6,0,10.0,1.0,3.0,.333,0.8,2.3,.357,0.2,0.7,.250,.472,1.2,1.3,.875,0.3,1.2,1.5,0.7,0.2,0.2,0.7,0.5,4.0,2021-2022
2211,79,Danny Green,SF,34,PHI,12,12,26.6,3.0,7.4,.404,2.6,6.3,.408,0.4,1.1,.385,.579,0.0,0.1,.000,0.8,2.3,3.1,0.8,1.0,0.3,1.1,1.9,8.6,2021-2022
2212,80,Draymond Green,PF,31,GSW,22,22,32.0,3.1,6.5,.479,0.4,1.8,.205,2.8,4.8,.581,.507,1.4,2.1,.638,1.2,6.0,7.2,6.3,1.1,1.0,2.7,4.0,8.0,2021-2022
2213,81,JaMychal Green,PF,31,DEN,5,0,13.8,1.2,3.2,.375,0.2,1.0,.200,1.0,2.2,.455,.406,1.4,1.4,1.000,0.6,1.8,2.4,0.4,0.0,0.2,0.4,2.4,4.0,2021-2022
2214,82,Javonte Green,SF,28,CHI,5,1,14.4,0.6,3.4,.176,0.0,1.2,.000,0.6,2.2,.273,.176,0.2,0.4,.500,1.6,1.4,3.0,0.4,1.8,0.0,0.8,1.6,1.4,2021-2022
2215,83,Jeff Green,PF,35,DEN,5,5,22.6,1.2,3.4,.353,0.6,1.6,.375,0.6,1.8,.333,.441,0.8,1.0,.800,1.4,2.2,3.6,0.4,0.6,0.4,0.4,1.2,3.8,2021-2022
2216,84,Josh Green,SG,21,DAL,16,0,7.6,0.5,1.8,.286,0.3,1.4,.227,0.2,0.4,.500,.375,0.1,0.5,.250,0.1,0.7,0.8,0.4,0.3,0.0,0.0,1.0,1.4,2021-2022
2217,85,Blake Griffin,C,32,BRK,2,0,12.5,1.0,3.5,.286,1.0,2.5,.400,0.0,1.0,.000,.429,1.0,1.0,1.000,1.0,1.0,2.0,2.0,0.5,0.5,0.5,1.5,4.0,2021-2022
2218,86,James Harden,PG,32,PHI,12,12,39.9,5.3,13.2,.405,2.3,6.3,.368,3.0,6.8,.439,.494,5.6,6.3,.893,0.9,4.8,5.7,8.6,0.8,0.7,4.2,2.4,18.6,2021-2022
2219,87,Tobias Harris,PF,29,PHI,12,12,38.8,6.8,13.5,.500,1.8,4.8,.386,4.9,8.8,.562,.568,1.6,1.8,.864,0.8,6.8,7.6,2.9,1.1,0.8,1.5,2.9,16.9,2021-2022
2220,88,Sam Hauser,SF,24,BOS,7,0,2.1,0.1,0.6,.250,0.1,0.4,.333,0.0,0.1,.000,.375,0.3,0.3,1.000,0.0,0.1,0.1,0.3,0.0,0.0,0.0,0.0,0.7,2021-2022
2221,89,Jaxson Hayes,C,21,NOP,6,6,13.8,2.3,4.2,.560,0.0,0.5,.000,2.3,3.7,.636,.560,1.2,1.8,.636,0.7,1.8,2.5,0.2,0.0,0.3,0.7,1.8,5.8,2021-2022
2222,90,Juancho Hernangómez,PF,26,UTA,6,0,9.3,0.8,3.0,.278,0.7,2.0,.333,0.2,1.0,.167,.389,0.0,0.0,0,0.3,1.7,2.0,0.8,0.3,0.0,0.3,0.7,2.3,2021-2022
2223,91,Willy Hernangómez,C,27,NOP,1,0,2.0,1.0,4.0,.250,0.0,1.0,.000,1.0,3.0,.333,.250,0.0,0.0,0,2.0,0.0,2.0,0.0,0.0,0.0,0.0,1.0,2.0,2021-2022
2224,92,Tyler Herro,SG,22,MIA,15,0,25.4,4.9,12.1,.409,1.1,4.7,.229,3.9,7.4,.523,.453,1.7,1.8,.926,0.5,3.4,3.9,2.8,0.6,0.4,1.8,1.4,12.6,2021-2022
2225,93,Haywood Highsmith,SF,25,MIA,8,0,3.9,0.4,0.9,.429,0.4,0.6,.600,0.0,0.3,.000,.643,0.0,0.0,0,0.3,0.4,0.6,0.4,0.0,0.0,0.4,0.3,1.1,2021-2022
2226,94,George Hill,PG,35,MIL,5,0,15.2,0.2,1.0,.200,0.2,0.4,.500,0.0,0.6,.000,.300,0.4,0.4,1.000,0.2,1.0,1.2,0.6,0.0,0.0,0.2,2.0,1.0,2021-2022
2227,95,Aaron Holiday,PG,25,PHO,6,0,3.3,1.3,2.3,.571,0.8,1.2,.714,0.5,1.2,.429,.750,0.0,0.2,.000,0.5,0.0,0.5,1.5,0.5,0.2,0.0,0.2,3.5,2021-2022
2228,96,Jrue Holiday,PG,31,MIL,12,12,38.6,7.4,19.6,.379,2.1,6.6,.316,5.3,13.0,.410,.432,2.2,2.6,.839,1.0,4.6,5.6,6.5,1.8,0.6,2.8,2.3,19.1,2021-2022
2229,97,Al Horford,C,35,BOS,23,23,35.4,4.4,8.4,.523,2.0,4.3,.480,2.3,4.1,.568,.645,1.2,1.6,.778,1.5,7.8,9.3,3.3,0.8,1.3,1.3,2.8,12.0,2021-2022
2230,98,Danuel House Jr.,SF,28,UTA,6,0,18.7,1.5,3.7,.409,0.3,1.7,.200,1.2,2.0,.583,.455,1.0,1.3,.750,0.3,2.5,2.8,0.7,0.0,0.2,1.0,1.2,4.3,2021-2022
2231,99,Kevin Huerter,SF,23,ATL,5,5,30.8,3.4,9.4,.362,1.8,6.2,.290,1.6,3.2,.500,.457,0.6,0.8,.750,0.2,2.8,3.0,3.8,1.2,0.6,2.2,3.0,9.2,2021-2022
2232,100,De'Andre Hunter,SF,24,ATL,5,5,35.0,7.8,14.0,.557,2.4,5.2,.462,5.4,8.8,.614,.643,3.2,4.0,.800,0.4,3.4,3.8,0.6,0.8,0.2,2.2,4.0,21.2,2021-2022
2233,101,Bones Hyland,SG,21,DEN,5,0,17.4,2.6,7.2,.361,1.6,4.6,.348,1.0,2.6,.385,.472,2.4,2.8,.857,0.2,1.8,2.0,3.2,0.2,0.0,1.2,2.4,9.2,2021-2022
2234,102,Serge Ibaka,C,32,MIL,6,0,3.7,0.7,2.7,.250,0.0,0.5,.000,0.7,2.2,.308,.250,0.2,0.3,.500,0.3,1.3,1.7,0.0,0.0,0.0,0.3,0.2,1.5,2021-2022
2235,103,Andre Iguodala,SF,38,GSW,7,0,8.7,0.6,1.3,.444,0.1,0.4,.333,0.4,0.9,.500,.500,0.3,0.4,.667,0.4,0.6,1.0,1.7,0.0,0.3,0.6,1.6,1.6,2021-2022
2236,104,Brandon Ingram,SF,24,NOP,6,6,39.3,9.3,19.7,.475,1.8,4.5,.407,7.5,15.2,.495,.521,6.5,7.8,.830,0.7,5.5,6.2,6.2,0.7,0.3,3.8,1.8,27.0,2021-2022
2237,105,Kyrie Irving,PG,29,BRK,4,4,42.5,7.0,15.8,.444,2.0,5.3,.381,5.0,10.5,.476,.508,5.3,5.3,1.000,1.5,3.8,5.3,5.3,1.8,1.3,2.3,3.3,21.3,2021-2022
2238,106,Jaren Jackson Jr.,PF,22,MEM,12,12,27.7,4.9,13.0,.378,2.3,6.0,.375,2.7,7.0,.381,.465,3.3,4.4,.755,2.2,4.6,6.8,0.9,0.8,2.5,1.4,4.4,15.4,2021-2022
2239,107,Isaiah Joe,SG,22,PHI,7,0,2.1,0.3,0.7,.400,0.1,0.4,.333,0.1,0.3,.500,.500,0.0,0.0,0,0.0,0.3,0.3,0.0,0.0,0.0,0.4,0.1,0.7,2021-2022
2240,108,Cameron Johnson,PF,25,PHO,13,3,24.6,3.5,7.6,.465,1.7,4.5,.373,1.8,3.1,.600,.576,2.0,2.5,.813,0.7,2.8,3.5,1.5,0.4,0.1,0.9,2.4,10.8,2021-2022
2241,109,Jalen Johnson,PF,20,ATL,2,0,4.5,0.0,1.5,.000,0.0,0.5,.000,0.0,1.0,.000,.000,0.0,0.0,0,0.0,0.0,0.0,0.0,0.0,0.0,0.5,0.0,0.0,2021-2022
2242,110,Nikola Jokić,C,26,DEN,5,5,34.2,12.2,21.2,.575,1.0,3.6,.278,11.2,17.6,.636,.599,5.6,6.6,.848,3.4,9.8,13.2,5.8,1.6,1.0,4.8,4.0,31.0,2021-2022
2243,111,Derrick Jones Jr.,PF,24,CHI,5,0,11.8,1.4,3.4,.412,0.6,2.2,.273,0.8,1.2,.667,.500,0.4,0.6,.667,0.6,0.8,1.4,0.4,0.2,0.0,0.6,1.6,3.8,2021-2022
2244,112,Herbert Jones,PF,23,NOP,6,6,37.7,3.5,7.3,.477,0.8,2.0,.417,2.7,5.3,.500,.534,2.8,3.7,.773,1.3,2.0,3.3,1.8,1.8,0.8,1.3,3.7,10.7,2021-2022
2245,113,Tyus Jones,PG,25,MEM,12,3,21.8,3.3,8.3,.394,1.5,3.8,.400,1.8,4.5,.389,.485,1.2,1.3,.933,0.3,2.9,3.3,4.5,1.2,0.2,1.1,0.7,9.2,2021-2022
2246,114,DeAndre Jordan,C,33,PHI,3,2,10.3,1.7,1.7,1.000,0.0,0.0,0,1.7,1.7,1.000,1.000,0.0,0.0,0,0.3,2.0,2.3,0.3,0.0,0.7,0.7,1.3,3.3,2021-2022
2247,115,Maxi Kleber,PF,30,DAL,18,0,25.4,3.0,5.9,.509,1.9,4.3,.436,1.1,1.6,.714,.670,0.8,1.2,.714,0.8,3.7,4.6,1.1,0.2,0.8,0.6,2.7,8.7,2021-2022
2248,116,Kevin Knox,SF,22,ATL,2,0,4.5,3.5,5.5,.636,3.0,5.0,.600,0.5,0.5,1.000,.909,1.0,1.0,1.000,0.0,1.0,1.0,0.0,1.0,0.0,1.5,0.0,11.0,2021-2022
2249,117,John Konchar,SG,25,MEM,8,0,7.0,0.4,1.4,.273,0.1,0.8,.167,0.3,0.6,.400,.318,0.3,0.3,1.000,0.4,2.0,2.4,0.6,0.4,0.1,0.1,0.9,1.1,2021-2022
2250,118,Furkan Korkmaz,SG,24,PHI,9,0,6.8,1.2,2.6,.478,0.4,1.1,.400,0.8,1.4,.538,.565,0.2,0.2,1.000,0.1,1.2,1.3,0.4,0.1,0.1,0.2,0.8,3.1,2021-2022
2251,119,Luke Kornet,C,26,BOS,9,0,2.1,0.3,0.4,.750,0.1,0.1,1.000,0.2,0.3,.667,.875,0.0,0.0,0,0.1,0.4,0.6,0.1,0.0,0.0,0.1,0.1,0.8,2021-2022
2252,120,Jonathan Kuminga,SF,19,GSW,16,3,8.6,1.9,3.8,.500,0.2,0.8,.231,1.7,2.9,.574,.525,1.3,1.6,.769,0.3,1.4,1.7,0.5,0.2,0.1,0.7,0.7,5.2,2021-2022
2253,121,Zach LaVine,SG,26,CHI,4,4,38.3,6.8,15.8,.429,2.3,6.0,.375,4.5,9.8,.462,.500,3.5,3.8,.933,0.0,5.3,5.3,6.0,0.8,0.3,3.0,2.3,19.3,2021-2022
2254,122,Damion Lee,SG,29,GSW,16,0,7.8,0.8,2.1,.382,0.3,1.0,.250,0.6,1.1,.500,.441,0.1,0.2,.667,0.3,1.3,1.6,0.4,0.1,0.0,0.4,0.5,2.0,2021-2022
2255,123,Kevon Looney,C,25,GSW,22,13,20.4,2.6,4.0,.659,0.0,0.0,0,2.6,4.0,.659,.659,0.5,0.8,.611,2.9,4.8,7.6,2.2,0.4,0.5,0.9,2.3,5.8,2021-2022
2256,124,Brook Lopez,C,33,MIL,12,12,27.7,4.2,8.5,.490,0.5,2.3,.214,3.7,6.2,.595,.520,1.8,1.9,.913,2.3,3.7,5.9,0.7,0.5,1.5,0.9,2.8,10.6,2021-2022
2257,125,Kyle Lowry,PG,35,MIA,10,10,29.5,2.5,8.6,.291,1.3,5.4,.241,1.2,3.2,.375,.366,1.5,1.9,.789,0.3,3.3,3.6,4.7,1.2,0.7,1.9,2.9,7.8,2021-2022
2258,126,Timothé Luwawu-Cabarrot,SF,26,ATL,4,0,5.5,0.5,1.0,.500,0.3,0.8,.333,0.3,0.3,1.000,.625,0.0,0.0,0,0.0,0.8,0.8,0.5,0.0,0.0,0.3,1.5,1.3,2021-2022
2259,127,Boban Marjanović,C,33,DAL,3,0,2.0,0.3,1.3,.250,0.0,0.0,0,0.3,1.3,.250,.250,0.7,0.7,1.000,0.0,1.0,1.0,0.0,0.3,0.0,0.7,0.0,1.3,2021-2022
2260,128,Naji Marshall,SF,24,NOP,6,0,9.3,1.2,1.7,.700,0.0,0.0,0,1.2,1.7,.700,.700,0.7,0.7,1.000,0.5,0.5,1.0,0.8,0.2,0.2,0.5,0.8,3.0,2021-2022
2261,129,Caleb Martin,SF,26,MIA,17,0,12.3,1.9,4.7,.400,0.6,1.9,.303,1.3,2.8,.468,.463,0.1,0.4,.333,0.7,1.5,2.2,0.3,0.6,0.1,0.6,1.0,4.5,2021-2022
2262,130,Wesley Matthews,SG,35,MIL,12,12,28.8,2.1,5.3,.391,1.5,3.8,.400,0.6,1.6,.368,.531,0.5,0.8,.667,0.8,2.3,3.1,1.2,0.8,0.3,0.5,2.3,6.2,2021-2022
2263,131,Tyrese Maxey,PG,21,PHI,12,12,40.4,7.3,15.2,.484,2.2,5.8,.377,5.2,9.4,.549,.555,3.9,4.2,.940,0.5,3.0,3.5,3.9,0.8,0.2,1.8,2.0,20.8,2021-2022
2264,132,Skylar Mays,SG,24,ATL,2,0,4.5,0.5,0.5,1.000,0.0,0.0,0,0.5,0.5,1.000,1.000,0.0,0.0,0,0.0,0.5,0.5,0.5,0.5,0.0,0.0,0.5,1.0,2021-2022
2265,133,CJ McCollum,PG,30,NOP,6,6,39.0,8.2,20.8,.392,2.8,8.5,.333,5.3,12.3,.432,.460,3.0,4.3,.692,1.8,4.8,6.7,4.8,0.7,0.8,2.5,2.5,22.2,2021-2022
2266,134,Jaden McDaniels,PF,21,MIN,6,0,21.7,3.0,5.7,.529,1.7,3.3,.500,1.3,2.3,.571,.676,1.7,2.0,.833,0.8,2.0,2.8,0.7,0.3,1.8,1.0,3.0,9.3,2021-2022
2267,135,JaVale McGee,C,34,PHO,12,0,11.1,2.9,4.2,.700,0.0,0.1,.000,2.9,4.1,.714,.700,0.9,1.1,.846,1.3,2.7,4.0,0.6,0.3,0.4,0.8,2.3,6.8,2021-2022
2268,136,Jordan McLaughlin,PG,25,MIN,5,0,16.6,2.4,3.4,.706,0.8,1.4,.571,1.6,2.0,.800,.824,0.6,0.8,.750,0.0,2.4,2.4,3.4,1.0,0.0,0.4,1.0,6.2,2021-2022
2269,137,De'Anthony Melton,SG,23,MEM,10,0,17.0,2.1,6.5,.323,1.1,4.4,.250,1.0,2.1,.476,.408,0.3,0.4,.750,0.9,2.2,3.1,1.6,1.0,0.5,1.4,0.9,5.6,2021-2022
2270,138,Khris Middleton,SF,30,MIL,2,2,36.0,5.0,12.0,.417,3.0,7.0,.429,2.0,5.0,.400,.542,1.5,1.5,1.000,0.5,4.5,5.0,7.0,1.5,0.0,5.5,3.0,14.5,2021-2022
2271,139,Patty Mills,SG,33,BRK,4,0,18.0,2.3,4.0,.563,1.8,3.3,.538,0.5,0.8,.667,.781,0.0,0.0,0,0.0,1.0,1.0,0.0,0.0,0.3,0.3,1.3,6.3,2021-2022
2272,140,Paul Millsap,C,36,PHI,1,0,6.0,0.0,0.0,0,0.0,0.0,0,0.0,0.0,0,0,0.0,0.0,0,0.0,1.0,1.0,1.0,0.0,0.0,0.0,1.0,0.0,2021-2022
2273,141,Shake Milton,SG,25,PHI,12,0,13.2,1.5,3.2,.474,0.7,1.3,.533,0.8,1.9,.435,.579,1.3,1.7,.800,0.3,1.3,1.6,0.9,0.5,0.3,0.4,1.1,5.0,2021-2022
2274,142,Donovan Mitchell,SG,25,UTA,6,6,38.2,8.8,22.2,.398,1.7,8.0,.208,7.2,14.2,.506,.436,6.2,7.0,.881,1.0,3.3,4.3,5.7,0.7,0.5,2.7,2.3,25.5,2021-2022
2275,143,Greg Monroe,C,31,MIN,2,0,3.5,1.0,2.5,.400,0.0,0.0,0,1.0,2.5,.400,.400,0.0,0.0,0,0.5,0.5,1.0,0.5,1.0,0.0,0.5,0.5,2.0,2021-2022
2276,144,Moses Moody,SG,19,GSW,13,0,8.1,1.2,2.2,.536,0.5,1.0,.538,0.6,1.2,.533,.661,0.3,0.5,.667,0.2,0.5,0.6,0.3,0.2,0.2,0.2,0.3,3.2,2021-2022
2277,145,Ja Morant,PG,22,MEM,9,9,37.6,9.0,20.4,.440,1.9,5.6,.340,7.1,14.9,.478,.486,7.2,9.7,.747,1.4,6.6,8.0,9.8,2.0,0.4,3.6,2.4,27.1,2021-2022
2278,146,Juwan Morgan,PF,24,BOS,9,0,1.7,0.0,0.1,.000,0.0,0.1,.000,0.0,0.0,0,.000,0.1,0.2,.500,0.2,0.1,0.3,0.0,0.0,0.0,0.0,0.1,0.1,2021-2022
2279,147,Markieff Morris,PF,32,MIA,1,0,3.0,0.0,1.0,.000,0.0,0.0,0,0.0,1.0,.000,.000,0.0,0.0,0,0.0,1.0,1.0,0.0,0.0,0.0,1.0,2.0,0.0,2021-2022
2280,148,Monte Morris,PG,26,DEN,5,5,31.2,5.0,10.2,.490,2.2,5.2,.423,2.8,5.0,.560,.598,1.8,2.4,.750,0.2,2.0,2.2,5.4,1.2,0.0,1.6,2.8,14.0,2021-2022
2281,149,Trey Murphy III,SF,21,NOP,6,0,20.0,1.5,3.7,.409,1.5,3.2,.474,0.0,0.5,.000,.614,0.7,0.8,.800,0.5,2.0,2.5,0.5,0.5,0.2,0.2,1.5,5.2,2021-2022
2282,150,Svi Mykhailiuk,SF,24,TOR,3,0,1.7,0.0,0.7,.000,0.0,0.7,.000,0.0,0.0,0,.000,0.3,0.3,1.000,0.0,0.3,0.3,0.0,0.0,0.0,0.0,0.3,0.3,2021-2022
2283,151,Larry Nance Jr.,PF,29,NOP,6,0,21.7,3.7,6.5,.564,0.3,1.5,.222,3.3,5.0,.667,.590,1.5,1.8,.818,3.2,2.7,5.8,1.8,0.5,0.3,1.0,2.5,9.2,2021-2022
2284,152,Aaron Nesmith,SF,22,BOS,15,0,3.5,0.3,1.1,.235,0.1,0.7,.091,0.2,0.4,.500,.265,0.2,0.3,.750,0.3,0.7,1.0,0.2,0.1,0.3,0.1,0.4,0.8,2021-2022
2285,153,Georges Niang,PF,28,PHI,12,0,16.5,1.7,4.0,.417,1.3,3.6,.372,0.3,0.4,.800,.583,0.2,0.2,1.000,0.3,1.2,1.5,0.9,0.3,0.0,0.6,2.5,4.8,2021-2022
2286,154,Zeke Nnaji,PF,21,DEN,2,0,4.5,0.5,0.5,1.000,0.5,0.5,1.000,0.0,0.0,0,1.500,0.0,0.0,0,0.0,0.0,0.0,0.0,0.0,0.0,0.0,1.0,1.5,2021-2022
2287,155,Jaylen Nowell,SG,22,MIN,1,0,12.0,3.0,10.0,.300,0.0,5.0,.000,3.0,5.0,.600,.300,0.0,0.0,0,0.0,0.0,0.0,1.0,1.0,0.0,0.0,1.0,6.0,2021-2022
2288,156,Frank Ntilikina,SG,23,DAL,12,0,10.4,0.7,2.0,.333,0.5,1.7,.300,0.2,0.3,.500,.458,0.1,0.1,1.000,0.2,0.8,1.0,0.8,0.7,0.1,0.5,1.6,1.9,2021-2022
2289,157,Jordan Nwora,SF,23,MIL,8,0,2.5,0.3,1.1,.222,0.0,0.5,.000,0.3,0.6,.400,.222,0.0,0.3,.000,0.0,0.4,0.4,0.3,0.0,0.0,0.0,0.0,0.5,2021-2022
2290,158,Royce O'Neale,SF,28,UTA,6,6,31.3,2.3,5.8,.400,1.2,4.2,.280,1.2,1.7,.700,.500,0.3,0.3,1.000,1.0,4.7,5.7,1.5,0.5,0.2,0.5,2.7,6.2,2021-2022
2291,159,Josh Okogie,SG,23,MIN,1,0,2.0,0.0,0.0,0,0.0,0.0,0,0.0,0.0,0,0,0.0,0.0,0,0.0,0.0,0.0,0.0,0.0,0.0,0.0,0.0,0.0,2021-2022
2292,160,Onyeka Okongwu,C,21,ATL,5,1,21.6,1.8,3.2,.563,0.0,0.0,0,1.8,3.2,.563,.563,1.6,2.0,.800,2.2,3.2,5.4,0.4,0.8,0.8,0.8,3.8,5.2,2021-2022
2293,161,Victor Oladipo,SG,29,MIA,15,1,24.5,3.3,9.1,.368,1.1,4.1,.274,2.2,4.9,.446,.430,2.8,3.5,.792,0.3,3.1,3.4,2.1,1.3,0.3,1.7,1.9,10.6,2021-2022
2294,162,Eric Paschall,PF,25,UTA,4,0,6.0,0.8,1.5,.500,0.3,0.5,.500,0.5,1.0,.500,.583,0.3,0.3,1.000,0.3,1.0,1.3,0.0,0.3,0.0,0.0,0.8,2.0,2021-2022
2295,163,Chris Paul,PG,36,PHO,13,13,34.5,6.7,11.9,.561,1.5,3.8,.388,5.2,8.2,.642,.623,2.7,2.8,.946,0.5,3.6,4.2,8.3,1.5,0.2,2.4,3.1,17.5,2021-2022
2296,164,Cameron Payne,PG,27,PHO,13,0,13.2,1.7,5.7,.297,0.4,2.3,.167,1.3,3.4,.386,.331,0.4,0.5,.833,0.2,1.4,1.5,2.1,0.5,0.1,1.0,1.9,4.2,2021-2022
2297,165,Elfrid Payton,PG,27,PHO,2,0,4.0,1.0,1.5,.667,0.0,0.0,0,1.0,1.5,.667,.667,0.0,0.0,0,0.0,0.0,0.0,1.5,0.0,0.0,0.0,0.0,2.0,2021-2022
2298,166,Gary Payton II,SG,29,GSW,12,2,16.9,2.4,3.7,.659,0.7,1.3,.533,1.8,2.4,.724,.750,1.0,1.5,.667,1.1,2.0,3.1,1.3,1.2,0.6,0.5,1.9,6.5,2021-2022
2299,167,Jordan Poole,SG,22,GSW,22,5,27.5,5.9,11.5,.508,2.3,5.8,.391,3.6,5.7,.627,.606,3.0,3.2,.915,0.5,2.4,2.8,3.8,0.8,0.4,2.4,2.8,17.0,2021-2022
2300,168,Otto Porter Jr.,PF,28,GSW,19,3,19.5,2.0,4.1,.494,1.0,2.5,.404,1.0,1.6,.633,.617,0.4,0.5,.778,0.6,2.8,3.4,1.8,0.9,0.3,0.6,1.8,5.4,2021-2022
2301,169,Bobby Portis,C,26,MIL,12,5,24.8,4.0,9.6,.417,1.2,3.9,.298,2.8,5.7,.500,.478,1.4,1.8,.773,2.1,7.9,10.0,0.8,0.4,0.3,1.3,2.2,10.6,2021-2022
2302,170,Dwight Powell,C,30,DAL,18,18,13.8,1.2,1.9,.629,0.0,0.1,.000,1.2,1.8,.667,.629,0.8,1.3,.609,0.9,1.7,2.6,0.2,0.2,0.3,0.5,2.2,3.2,2021-2022
2303,171,Taurean Prince,PF,27,MIN,5,0,13.0,2.0,5.4,.370,0.8,2.8,.286,1.2,2.6,.462,.444,1.2,1.4,.857,0.2,1.4,1.6,1.2,0.4,0.2,0.8,1.0,6.0,2021-2022
2304,172,Payton Pritchard,PG,24,BOS,24,0,12.9,1.8,4.3,.422,1.0,3.0,.333,0.8,1.3,.633,.539,0.2,0.3,.667,0.4,1.5,1.9,1.6,0.3,0.1,0.4,1.0,4.8,2021-2022
2305,173,Paul Reed,C,22,PHI,12,0,11.7,1.6,3.0,.528,0.2,0.3,.667,1.4,2.8,.515,.556,0.3,0.6,.571,1.8,2.0,3.8,0.8,0.8,0.5,0.8,2.4,3.7,2021-2022
2306,174,Naz Reid,C,22,MIN,5,0,10.8,1.4,3.4,.412,0.6,1.4,.429,0.8,2.0,.400,.500,1.4,1.4,1.000,0.4,2.4,2.8,0.0,0.2,1.2,1.0,2.8,4.8,2021-2022
2307,175,Austin Rivers,SG,29,DEN,5,0,21.6,1.6,3.6,.444,0.8,2.4,.333,0.8,1.2,.667,.556,0.2,0.2,1.000,0.0,0.6,0.6,1.2,1.4,0.2,0.8,3.0,4.2,2021-2022
2308,176,Duncan Robinson,SG,27,MIA,13,0,12.2,1.9,4.4,.439,1.4,3.6,.383,0.5,0.8,.700,.596,0.4,0.5,.833,0.2,1.6,1.8,0.4,0.3,0.1,0.2,1.7,5.6,2021-2022
2309,177,D'Angelo Russell,PG,25,MIN,6,6,32.7,4.0,12.0,.333,2.0,5.2,.387,2.0,6.8,.293,.417,2.0,2.7,.750,0.0,2.5,2.5,6.7,1.5,0.0,2.8,2.8,12.0,2021-2022
2310,178,Landry Shamet,SG,24,PHO,12,0,16.0,1.6,4.0,.396,0.8,2.2,.346,0.8,1.8,.455,.490,0.4,0.6,.714,0.3,1.4,1.7,1.3,0.5,0.0,0.6,0.8,4.3,2021-2022
2311,179,Day'Ron Sharpe,PF,20,BRK,1,0,0.0,0.0,0.0,0,0.0,0.0,0,0.0,0.0,0,0,0.0,0.0,0,0.0,0.0,0.0,0.0,0.0,0.0,0.0,0.0,0.0,2021-2022
2312,180,Pascal Siakam,PF,27,TOR,6,6,43.3,8.5,17.8,.477,0.7,2.8,.235,7.8,15.0,.522,.495,5.2,6.0,.861,1.3,5.8,7.2,5.8,1.2,1.0,2.2,4.0,22.8,2021-2022
2313,181,Marcus Smart,PG,27,BOS,21,21,36.2,5.4,13.3,.405,2.3,6.5,.350,3.1,6.8,.458,.491,2.4,3.0,.806,1.0,3.6,4.5,5.9,1.2,0.2,2.5,3.4,15.4,2021-2022
2314,182,Jaden Springer,SG,19,PHI,5,0,2.6,0.6,1.2,.500,0.0,0.2,.000,0.6,1.0,.600,.500,0.0,0.0,0,0.0,0.8,0.8,0.4,0.0,0.0,0.0,0.2,1.2,2021-2022
2315,183,Nik Stauskas,SG,28,BOS,13,0,1.8,0.2,0.9,.250,0.2,0.8,.300,0.0,0.2,.000,.375,0.3,0.3,1.000,0.0,0.3,0.3,0.3,0.0,0.0,0.0,0.0,1.0,2021-2022
2316,184,Max Strus,SF,25,MIA,18,18,29.1,3.8,10.1,.374,2.6,7.9,.331,1.2,2.2,.525,.503,0.7,1.0,.722,0.8,3.2,4.1,2.1,0.8,0.4,1.1,3.1,10.9,2021-2022
2317,185,Jayson Tatum,SF,23,BOS,24,24,41.0,8.4,19.7,.426,3.2,8.2,.393,5.2,11.5,.449,.507,5.7,7.1,.800,1.0,5.7,6.7,6.2,1.2,0.9,4.2,3.0,25.6,2021-2022
2318,186,Garrett Temple,SG,35,NOP,1,0,2.0,0.0,0.0,0,0.0,0.0,0,0.0,0.0,0,0,0.0,0.0,0,0.0,1.0,1.0,0.0,0.0,0.0,0.0,0.0,0.0,2021-2022
2319,187,Daniel Theis,C,29,BOS,16,5,12.5,1.9,3.2,.588,0.2,0.9,.214,1.7,2.3,.730,.618,0.4,0.5,.750,0.8,2.4,3.3,0.7,0.3,0.5,0.7,1.6,4.3,2021-2022
2320,188,Cam Thomas,SG,20,BRK,1,0,0.0,0.0,0.0,0,0.0,0.0,0,0.0,0.0,0,0,0.0,0.0,0,0.0,0.0,0.0,0.0,0.0,0.0,0.0,0.0,0.0,2021-2022
2321,189,Klay Thompson,SG,31,GSW,22,22,36.0,7.2,16.7,.429,3.5,9.1,.385,3.7,7.6,.482,.534,1.2,1.4,.867,0.3,3.6,3.9,2.3,1.1,0.7,1.3,2.1,19.0,2021-2022
2322,190,Tristan Thompson,C,30,CHI,5,0,7.6,0.4,1.0,.400,0.0,0.0,0,0.4,1.0,.400,.400,0.0,0.0,0,0.4,1.2,1.6,0.4,0.2,0.0,1.0,0.8,0.8,2021-2022
2323,191,Matisse Thybulle,SG,24,PHI,9,0,15.2,1.2,2.7,.458,0.4,1.6,.286,0.8,1.1,.700,.542,0.1,0.3,.333,0.2,0.8,1.0,0.4,0.8,0.8,0.2,1.7,3.0,2021-2022
2324,192,Xavier Tillman Sr.,PF,23,MEM,9,6,15.4,2.0,2.8,.720,0.1,0.2,.500,1.9,2.6,.739,.740,0.3,0.7,.500,1.4,1.9,3.3,0.7,0.7,0.1,1.1,1.8,4.4,2021-2022
2325,193,Juan Toscano-Anderson,SF,28,GSW,14,0,3.5,0.3,0.7,.400,0.1,0.4,.400,0.1,0.4,.400,.500,0.1,0.2,.333,0.0,0.7,0.7,0.6,0.1,0.1,0.6,0.2,0.8,2021-2022
2326,194,Karl-Anthony Towns,C,26,MIN,6,6,37.0,6.5,13.3,.488,1.7,3.7,.455,4.8,9.7,.500,.550,7.2,8.3,.860,1.8,9.0,10.8,2.2,0.7,2.0,4.5,4.2,21.8,2021-2022
2327,195,Gary Trent Jr.,SG,23,TOR,6,6,33.2,5.2,13.7,.378,2.2,6.5,.333,3.0,7.2,.419,.457,2.8,3.2,.895,0.2,1.5,1.7,1.3,1.0,0.5,0.5,1.8,15.3,2021-2022
2328,196,P.J. Tucker,PF,36,MIA,18,18,28.3,3.0,6.1,.495,1.3,2.8,.451,1.7,3.2,.534,.601,0.6,0.9,.688,1.9,3.7,5.7,1.8,0.8,0.3,0.7,2.8,7.9,2021-2022
2329,197,Rayjon Tucker,SG,24,MIL,8,0,2.4,0.1,0.4,.333,0.0,0.1,.000,0.1,0.3,.500,.333,0.0,0.0,0,0.1,0.3,0.4,0.0,0.0,0.0,0.0,0.3,0.3,2021-2022
2330,198,Jonas Valančiūnas,C,29,NOP,6,6,29.2,5.5,11.3,.485,0.2,1.0,.167,5.3,10.3,.516,.493,3.3,4.3,.769,5.5,8.8,14.3,3.0,0.7,0.2,2.0,2.8,14.5,2021-2022
2331,199,Jarred Vanderbilt,PF,22,MIN,6,6,21.5,2.2,4.5,.481,0.0,0.0,0,2.2,4.5,.481,.481,1.2,1.7,.700,2.0,5.2,7.2,0.7,1.2,0.3,0.8,2.7,5.5,2021-2022
2332,200,Fred VanVleet,PG,27,TOR,4,4,35.0,4.8,13.5,.352,3.0,9.0,.333,1.8,4.5,.389,.463,1.3,1.5,.833,0.5,2.5,3.0,6.3,1.8,1.0,1.0,3.0,13.8,2021-2022
2333,201,Luca Vildoza,PG,26,MIL,7,0,2.4,0.3,0.9,.333,0.1,0.7,.200,0.1,0.1,1.000,.417,0.0,0.0,0,0.1,0.1,0.3,0.6,0.3,0.0,0.0,0.3,0.7,2021-2022
2334,202,Gabe Vincent,PG,25,MIA,18,8,23.5,2.8,7.3,.382,1.4,4.5,.309,1.4,2.8,.500,.477,1.1,1.1,.950,0.2,1.8,1.9,3.2,0.8,0.3,1.4,2.3,8.0,2021-2022
2335,203,Nikola Vučević,C,31,CHI,5,5,36.2,8.0,18.2,.440,2.6,8.4,.310,5.4,9.8,.551,.511,0.8,1.0,.800,2.8,9.6,12.4,3.2,0.4,1.2,1.6,2.8,19.4,2021-2022
2336,204,Ish Wainright,PF,27,PHO,7,0,3.7,0.7,1.7,.417,0.4,0.9,.500,0.3,0.9,.333,.542,0.0,0.0,0,1.0,0.6,1.6,0.1,0.1,0.1,0.4,0.3,1.9,2021-2022
2337,205,Yuta Watanabe,SF,27,TOR,4,0,2.5,0.5,1.5,.333,0.0,0.3,.000,0.5,1.3,.400,.333,0.0,0.0,0,0.0,0.0,0.0,0.0,0.0,0.0,0.3,0.0,1.0,2021-2022
2338,206,Coby White,PG,21,CHI,5,0,19.6,3.0,9.0,.333,1.6,5.8,.276,1.4,3.2,.438,.422,0.8,1.0,.800,0.0,3.4,3.4,1.8,0.2,0.0,1.2,1.0,8.4,2021-2022
2339,207,Derrick White,SG,27,BOS,23,3,25.4,2.8,7.7,.364,1.1,3.6,.313,1.7,4.0,.409,.438,1.8,2.2,.824,0.3,2.7,3.0,2.7,0.9,0.6,1.3,2.0,8.5,2021-2022
2340,208,Hassan Whiteside,C,32,UTA,6,0,10.8,0.8,2.0,.417,0.0,0.0,0,0.8,2.0,.417,.417,0.2,0.7,.250,1.3,3.8,5.2,0.0,0.3,1.3,0.0,1.5,1.8,2021-2022
2341,209,Andrew Wiggins,SF,26,GSW,22,22,34.9,6.5,13.9,.469,1.6,4.8,.333,4.9,9.1,.540,.526,1.9,3.0,.646,2.5,5.0,7.5,1.8,1.0,1.0,1.4,2.5,16.5,2021-2022
2342,210,Grant Williams,PF,23,BOS,24,5,27.3,2.7,6.3,.433,1.5,3.7,.393,1.3,2.5,.492,.550,1.8,2.2,.808,1.0,2.8,3.8,0.8,0.3,0.8,0.8,3.5,8.6,2021-2022
2343,211,Patrick Williams,PF,20,CHI,5,5,30.6,4.4,9.4,.468,1.4,4.2,.333,3.0,5.2,.577,.543,1.6,2.2,.727,1.2,4.2,5.4,0.8,1.0,0.6,1.4,3.0,11.8,2021-2022
2344,212,Robert Williams,C,24,BOS,17,15,23.2,3.1,4.6,.679,0.0,0.1,.000,3.1,4.5,.688,.679,1.5,1.6,.893,2.5,3.6,6.2,1.0,0.7,2.2,0.6,2.0,7.7,2021-2022
2345,213,Ziaire Williams,SF,20,MEM,10,1,16.8,2.3,5.2,.442,1.1,3.6,.306,1.2,1.6,.750,.548,1.2,1.3,.923,0.4,1.2,1.6,0.5,0.5,0.0,0.2,1.4,6.9,2021-2022
2346,214,Delon Wright,SG,29,ATL,5,0,27.4,3.0,5.8,.517,1.0,2.6,.385,2.0,3.2,.625,.603,1.2,1.8,.667,2.2,2.6,4.8,2.8,0.8,0.2,1.0,0.4,8.2,2021-2022
2347,215,Thaddeus Young,PF,33,TOR,6,0,14.5,1.5,3.0,.500,0.2,1.2,.143,1.3,1.8,.727,.528,0.2,0.7,.250,1.2,1.8,3.0,1.7,0.8,0.2,0.5,1.3,3.3,2021-2022
2348,216,Trae Young,PG,23,ATL,5,5,37.2,4.4,13.8,.319,1.4,7.6,.184,3.0,6.2,.484,.370,5.2,6.6,.788,1.0,4.0,5.0,6.0,0.6,0.0,6.2,2.6,15.4,2021-2022
2349,217,Omer Yurtseven,C,23,MIA,9,0,4.2,1.3,2.0,.667,0.0,0.2,.000,1.3,1.8,.750,.667,0.1,0.3,.333,0.1,0.7,0.8,0.3,0.0,0.1,0.0,0.2,2.8,2021-2022
2350,1,Bam Adebayo,C,25,MIA,23,23,37.0,7.3,15.1,.481,0.0,0.1,.000,7.3,15.0,.485,.481,3.4,4.1,.821,2.7,7.1,9.9,3.7,0.8,0.7,2.7,3.1,17.9,2022-2023
2351,2,Santi Aldama,PF,22,MEM,6,0,16.8,2.5,5.5,.455,1.2,2.5,.467,1.3,3.0,.444,.561,0.3,0.3,1.000,1.2,3.2,4.3,1.2,0.5,0.0,0.3,0.8,6.5,2022-2023
2352,3,Nickeil Alexander-Walker,SG,24,MIN,5,4,29.6,3.0,7.0,.429,2.0,5.0,.400,1.0,2.0,.500,.571,0.4,0.6,.667,0.2,1.8,2.0,1.4,0.6,0.2,0.8,1.8,8.4,2022-2023
2353,4,Grayson Allen,SG,27,MIL,5,5,29.8,3.8,8.2,.463,2.8,5.8,.483,1.0,2.4,.417,.634,1.2,1.4,.857,0.2,2.2,2.4,1.8,0.4,0.0,0.8,1.4,11.6,2022-2023
2354,5,Jarrett Allen,C,24,CLE,5,5,38.2,4.4,7.2,.611,0.0,0.0,0,4.4,7.2,.611,.611,0.6,1.2,.500,3.0,4.4,7.4,2.4,0.8,1.0,0.6,2.0,9.4,2022-2023
2355,6,Kyle Anderson,PF,29,MIN,4,0,26.0,3.8,7.5,.500,0.5,1.5,.333,3.3,6.0,.542,.533,0.5,0.5,1.000,0.8,3.3,4.0,4.5,1.8,0.5,1.5,3.3,8.5,2022-2023
2356,7,Giannis Antetokounmpo,PF,28,MIL,3,3,30.3,9.3,17.7,.528,0.0,1.0,.000,9.3,16.7,.560,.528,4.7,10.3,.452,2.7,8.3,11.0,5.3,0.3,0.7,4.7,3.0,23.3,2022-2023
2357,8,Thanasis Antetokounmpo,PF,30,MIL,2,0,2.5,0.0,0.0,0,0.0,0.0,0,0.0,0.0,0,0,0.0,0.0,0,0.0,0.0,0.0,0.0,0.0,0.0,0.0,0.0,0.0,2022-2023
2358,9,Deandre Ayton,C,24,PHO,10,10,31.9,6.1,11.1,.550,0.0,0.0,0,6.1,11.1,.550,.550,1.2,2.3,.522,2.9,6.8,9.7,1.0,0.6,0.7,1.7,3.5,13.4,2022-2023
2359,10,Patrick Baldwin Jr.,SF,20,GSW,3,0,3.7,0.0,1.0,.000,0.0,1.0,.000,0.0,0.0,0,.000,0.0,0.0,0,0.0,1.0,1.0,0.3,0.0,0.0,0.0,0.0,0.0,2022-2023
2360,11,Mo Bamba,C,24,LAL,3,0,3.3,0.0,0.7,.000,0.0,0.3,.000,0.0,0.3,.000,.000,0.0,0.0,0,0.0,1.0,1.0,0.3,0.0,0.3,0.0,0.0,0.0,2022-2023
2361,12,Desmond Bane,SG,24,MEM,6,6,38.5,8.2,19.3,.422,2.7,8.3,.320,5.5,11.0,.500,.491,4.5,4.8,.931,1.2,4.8,6.0,3.2,0.5,0.0,2.8,3.2,23.5,2022-2023
2362,13,Harrison Barnes,PF,30,SAC,7,7,28.0,3.6,8.6,.417,0.9,3.6,.240,2.7,5.0,.543,.467,2.7,3.7,.731,1.4,2.0,3.4,0.7,1.1,0.3,0.4,0.7,10.7,2022-2023
2363,14,RJ Barrett,SG,22,NYK,11,11,34.3,6.5,14.9,.433,1.8,5.5,.328,4.6,9.4,.495,.494,4.5,5.9,.769,0.5,4.0,4.5,2.8,0.8,0.2,2.3,2.3,19.3,2022-2023
2364,15,Nicolas Batum,PF,34,LAC,5,3,18.4,1.6,3.8,.421,1.2,3.4,.353,0.4,0.4,1.000,.579,0.0,0.0,0,0.2,2.0,2.2,1.2,0.4,0.4,0.4,2.0,4.4,2022-2023
2365,16,Malik Beasley,SG,26,LAL,11,0,8.3,0.9,3.1,.294,0.6,2.4,.269,0.3,0.7,.375,.397,0.5,0.5,1.000,0.3,0.5,0.7,0.2,0.1,0.0,0.2,0.5,3.0,2022-2023
2366,17,MarJon Beauchamp,SF,22,MIL,2,0,2.5,1.0,1.5,.667,0.5,0.5,1.000,0.5,1.0,.500,.833,0.0,0.0,0,0.0,0.5,0.5,0.0,0.0,0.0,0.0,0.0,2.5,2022-2023
2367,18,Saddiq Bey,SF,23,ATL,6,0,22.2,2.5,6.7,.375,1.2,3.0,.389,1.3,3.7,.364,.463,1.3,1.5,.889,1.2,2.8,4.0,1.0,0.5,0.0,0.3,0.5,7.5,2022-2023
2368,19,Bismack Biyombo,C,30,PHO,8,0,9.8,1.1,2.0,.563,0.0,0.0,0,1.1,2.0,.563,.563,1.1,2.3,.500,1.3,2.1,3.4,0.8,0.0,1.3,0.8,2.3,3.4,2022-2023
2369,20,Bogdan Bogdanović,SG,30,ATL,6,1,26.2,5.0,9.0,.556,2.5,5.5,.455,2.5,3.5,.714,.694,0.8,1.2,.714,0.3,2.7,3.0,2.5,1.0,0.8,0.5,2.7,13.3,2022-2023
2370,21,Devin Booker,SG,26,PHO,11,11,41.7,12.8,21.9,.585,2.8,5.5,.508,10.0,16.4,.611,.649,5.3,6.1,.866,1.1,3.7,4.8,7.2,1.7,0.8,2.9,3.4,33.7,2022-2023
2371,22,Brandon Boston Jr.,SF,21,LAC,1,0,1.0,0.0,0.0,0,0.0,0.0,0,0.0,0.0,0,0,0.0,0.0,0,0.0,0.0,0.0,0.0,0.0,0.0,1.0,0.0,0.0,2022-2023
2372,23,Christian Braun,SG,21,DEN,19,0,13.0,1.3,2.4,.533,0.1,0.5,.200,1.2,1.8,.629,.556,0.6,1.0,.579,0.6,1.4,2.1,0.6,0.6,0.2,0.5,1.5,3.2,2022-2023
2373,24,Mikal Bridges,SG,26,BRK,4,4,39.3,8.3,19.3,.429,2.5,6.3,.400,5.8,13.0,.442,.494,4.5,5.8,.783,0.5,4.8,5.3,4.0,0.5,0.5,2.0,1.3,23.5,2022-2023
2374,25,Malcolm Brogdon,PG,30,BOS,19,0,24.9,4.3,10.3,.418,1.7,4.6,.379,2.6,5.7,.450,.503,1.5,1.8,.829,0.7,2.8,3.5,2.9,0.2,0.3,1.0,1.5,11.9,2022-2023
2375,26,Dillon Brooks,SF,27,MEM,6,6,27.8,4.0,12.8,.312,1.7,7.0,.238,2.3,5.8,.400,.377,0.8,1.2,.714,0.5,2.5,3.0,1.8,0.2,0.0,1.2,3.3,10.5,2022-2023
2376,27,Bruce Brown,SF,26,DEN,20,0,26.5,4.5,8.8,.511,0.9,2.9,.316,3.6,6.0,.605,.563,2.1,2.5,.857,0.8,3.3,4.0,1.9,1.1,0.5,1.2,2.5,12.0,2022-2023
2377,28,Jaylen Brown,SF,26,BOS,20,20,37.6,9.1,18.3,.496,2.0,5.7,.354,7.1,12.6,.560,.551,2.6,3.7,.689,1.3,4.4,5.6,3.4,1.1,0.4,3.3,3.1,22.7,2022-2023
2378,29,Troy Brown Jr.,SF,23,LAL,12,0,10.3,0.8,2.3,.357,0.2,1.3,.133,0.7,1.1,.615,.393,0.0,0.0,0,0.3,1.7,2.0,0.9,0.2,0.1,0.0,0.3,1.8,2022-2023
2379,30,Jalen Brunson,PG,26,NYK,11,11,40.3,9.9,20.9,.474,2.4,7.3,.325,7.5,13.6,.553,.530,5.6,6.2,.912,0.8,4.1,4.9,5.6,1.5,0.1,2.1,2.4,27.8,2022-2023
2380,31,Thomas Bryant,C,25,DEN,1,0,0.0,0.0,0.0,0,0.0,0.0,0,0.0,0.0,0,0,0.0,0.0,0,0.0,0.0,0.0,0.0,0.0,0.0,0.0,0.0,0.0,2022-2023
2381,32,Jimmy Butler,PF,33,MIA,22,22,39.7,9.4,20.1,.468,1.3,3.5,.359,8.1,16.5,.492,.500,6.8,8.5,.806,2.1,4.3,6.5,5.9,1.8,0.6,1.9,1.7,26.9,2022-2023
2382,33,Kentavious Caldwell-Pope,SG,29,DEN,20,20,33.6,3.7,8.1,.457,1.8,4.6,.380,2.0,3.5,.557,.565,1.5,1.8,.829,0.7,2.6,3.3,1.6,1.3,0.7,0.8,2.4,10.6,2022-2023
2383,34,Vlatko Čančar,PF,25,DEN,5,0,2.0,0.0,1.0,.000,0.0,0.8,.000,0.0,0.2,.000,.000,0.0,0.0,0,0.0,0.6,0.6,0.2,0.0,0.0,0.0,0.0,0.0,2022-2023
2384,35,Clint Capela,C,28,ATL,6,6,25.2,3.8,6.3,.605,0.0,0.0,0,3.8,6.3,.605,.605,0.7,1.0,.667,2.5,5.8,8.3,0.5,1.0,0.5,0.7,0.8,8.3,2022-2023
2385,36,Jevon Carter,PG,27,MIL,4,0,12.3,0.5,2.3,.222,0.3,1.8,.143,0.3,0.5,.500,.278,0.0,0.0,0,0.0,1.0,1.0,1.0,0.3,0.0,0.0,0.3,1.3,2022-2023
2386,37,Justin Champagnie,SF,21,BOS,4,0,2.5,0.3,1.0,.250,0.0,0.8,.000,0.3,0.3,1.000,.250,0.0,0.0,0,0.0,0.0,0.0,0.0,0.0,0.0,0.0,0.5,0.5,2022-2023
2387,38,Max Christie,SG,19,LAL,9,0,3.7,0.6,1.1,.500,0.1,0.4,.250,0.4,0.7,.667,.550,0.2,0.4,.500,0.1,0.7,0.8,0.3,0.0,0.1,0.0,0.0,1.4,2022-2023
2388,39,Nic Claxton,C,23,BRK,4,4,29.3,4.5,6.3,.720,0.0,0.0,0,4.5,6.3,.720,.720,1.5,2.5,.600,1.3,6.8,8.0,1.5,0.3,1.8,0.8,2.0,10.5,2022-2023
2389,40,Amir Coffey,SF,25,LAC,1,0,1.0,0.0,0.0,0,0.0,0.0,0,0.0,0.0,0,0,0.0,0.0,0,0.0,0.0,0.0,0.0,0.0,0.0,0.0,0.0,0.0,2022-2023
2390,41,John Collins,PF,25,ATL,6,6,27.3,4.3,10.0,.433,1.8,5.3,.344,2.5,4.7,.536,.525,0.8,1.0,.833,1.2,3.2,4.3,0.8,0.3,1.0,1.5,2.2,11.3,2022-2023
2391,42,Mike Conley,PG,35,MIN,5,5,36.6,4.0,8.4,.476,2.0,4.4,.455,2.0,4.0,.500,.595,2.0,2.2,.909,0.4,2.2,2.6,6.4,0.6,0.0,1.4,2.2,12.0,2022-2023
2392,43,Pat Connaughton,SF,30,MIL,4,0,22.0,4.3,7.5,.567,2.8,5.8,.478,1.5,1.8,.857,.750,0.8,1.0,.750,1.0,4.0,5.0,1.8,1.0,0.3,0.5,2.5,12.0,2022-2023
2393,44,Robert Covington,PF,32,LAC,2,0,6.0,0.0,1.5,.000,0.0,1.0,.000,0.0,0.5,.000,.000,0.0,0.0,0,0.0,1.0,1.0,1.0,0.0,0.5,0.0,1.0,0.0,2022-2023
2394,45,Torrey Craig,PF,32,PHO,11,5,16.6,2.4,4.1,.578,1.0,2.3,.440,1.4,1.8,.750,.700,0.7,0.8,.889,0.6,1.6,2.3,0.5,0.5,0.2,0.3,2.1,6.5,2022-2023
2395,46,Jae Crowder,PF,32,MIL,4,0,10.3,0.8,3.3,.231,0.0,1.5,.000,0.8,1.8,.429,.231,0.3,0.5,.500,0.3,0.8,1.0,0.8,0.5,0.0,0.3,1.3,1.8,2022-2023
2396,47,Seth Curry,SG,32,BRK,3,0,19.3,3.3,6.3,.526,1.0,3.0,.333,2.3,3.3,.700,.605,0.7,1.0,.667,0.0,1.0,1.0,2.0,0.0,0.0,0.3,0.7,8.3,2022-2023
2397,48,Stephen Curry,PG,34,GSW,13,13,37.9,11.2,23.9,.466,4.4,12.1,.363,6.8,11.8,.571,.558,3.8,4.5,.845,0.7,4.5,5.2,6.1,1.0,0.5,3.2,2.6,30.5,2022-2023
2398,49,Anthony Davis,C,29,LAL,16,16,38.0,8.3,15.9,.520,0.3,0.9,.333,7.9,14.9,.531,.530,5.8,6.8,.852,2.4,11.7,14.1,2.6,1.4,3.1,2.1,2.9,22.6,2022-2023
2399,50,Terence Davis,SG,25,SAC,4,0,14.5,2.0,5.0,.400,1.5,4.3,.353,0.5,0.8,.667,.550,0.5,0.5,1.000,0.5,1.8,2.3,1.5,0.3,0.0,0.5,3.0,6.0,2022-2023
2400,51,Dewayne Dedmon,C,33,PHI,1,0,5.0,0.0,1.0,.000,0.0,1.0,.000,0.0,0.0,0,.000,0.0,0.0,0,0.0,1.0,1.0,0.0,0.0,0.0,1.0,1.0,0.0,2022-2023
2401,52,Spencer Dinwiddie,PG,29,BRK,4,4,39.8,5.5,12.8,.431,1.8,4.5,.389,3.8,8.3,.455,.500,3.8,5.5,.682,0.3,3.0,3.3,6.5,1.3,0.3,3.0,1.8,16.5,2022-2023
2402,53,Donte DiVincenzo,SG,26,GSW,13,1,18.1,1.8,4.9,.375,1.2,3.4,.341,0.7,1.5,.450,.492,0.6,0.9,.667,0.8,2.2,3.0,2.8,0.8,0.2,1.3,1.5,5.5,2022-2023
2403,54,PJ Dozier,SF,26,SAC,3,0,2.0,1.0,2.0,.500,0.7,1.3,.500,0.3,0.7,.500,.667,0.0,0.0,0,0.3,0.3,0.7,0.0,0.0,0.0,0.0,0.0,2.7,2022-2023
2404,55,Goran Dragić,PG,36,MIL,2,0,3.5,0.0,1.0,.000,0.0,0.5,.000,0.0,0.5,.000,.000,2.0,2.0,1.000,0.0,0.0,0.0,0.5,0.0,0.0,0.0,0.0,2.0,2022-2023
2405,56,David Duke Jr.,SG,23,BRK,1,0,5.0,1.0,3.0,.333,0.0,1.0,.000,1.0,2.0,.500,.333,0.0,0.0,0,0.0,0.0,0.0,0.0,0.0,0.0,1.0,1.0,2.0,2022-2023
2406,57,Kevin Durant,PF,34,PHO,11,11,42.4,9.7,20.4,.478,1.5,4.6,.333,8.2,15.7,.520,.516,8.0,8.7,.917,0.6,8.1,8.7,5.5,0.8,1.4,3.5,2.6,29.0,2022-2023
2407,58,Anthony Edwards,SG,21,MIN,5,5,39.8,11.0,22.8,.482,3.0,8.6,.349,8.0,14.2,.563,.548,6.6,7.8,.846,0.6,4.4,5.0,5.2,1.8,2.0,1.6,2.6,31.6,2022-2023
2408,59,Kessler Edwards,SF,22,SAC,6,0,1.2,0.0,0.0,0,0.0,0.0,0,0.0,0.0,0,0,0.0,0.0,0,0.0,0.2,0.2,0.0,0.0,0.0,0.0,0.0,0.0,2022-2023
2409,60,Joel Embiid,C,28,PHI,9,9,37.3,7.3,17.0,.431,0.6,3.1,.179,6.8,13.9,.488,.448,8.4,9.3,.905,1.8,8.0,9.8,2.7,0.7,2.8,3.9,3.0,23.7,2022-2023
2410,61,Dorian Finney-Smith,PF,29,BRK,4,4,25.3,2.3,5.8,.391,1.8,4.3,.412,0.5,1.5,.333,.543,0.0,0.0,0,1.5,3.0,4.5,0.8,0.8,0.5,1.3,1.8,6.3,2022-2023
2411,62,De'Aaron Fox,PG,25,SAC,7,7,38.6,10.0,23.6,.424,3.0,9.0,.333,7.0,14.6,.480,.488,4.4,5.9,.756,1.7,3.7,5.4,7.7,2.1,0.6,4.0,3.3,27.4,2022-2023
2412,63,Wenyen Gabriel,C,25,LAL,10,0,3.7,0.4,1.0,.400,0.0,0.0,0,0.4,1.0,.400,.400,0.2,0.3,.667,0.8,0.1,0.9,0.0,0.2,0.3,0.2,0.8,1.0,2022-2023
2413,64,Darius Garland,PG,23,CLE,5,5,37.8,7.0,16.0,.438,2.4,6.2,.387,4.6,9.8,.469,.513,4.2,5.0,.840,0.0,1.8,1.8,5.0,1.6,0.2,3.6,3.4,20.6,2022-2023
2414,65,Rudy Gobert,C,30,MIN,5,5,35.4,5.8,9.2,.630,0.0,0.0,0,5.8,9.2,.630,.630,3.4,5.4,.630,3.6,8.6,12.2,2.0,0.4,1.0,1.6,4.8,15.0,2022-2023
2415,66,Aaron Gordon,PF,27,DEN,20,20,35.7,5.1,9.8,.518,0.9,2.3,.391,4.2,7.5,.557,.564,2.3,3.5,.652,2.5,3.6,6.0,2.6,0.6,0.7,1.0,2.9,13.3,2022-2023
2416,67,Eric Gordon,SG,34,LAC,5,5,29.8,3.6,8.8,.409,2.0,5.8,.345,1.6,3.0,.533,.523,1.0,1.2,.833,0.2,1.2,1.4,2.6,0.6,0.4,0.8,2.4,10.2,2022-2023
2417,68,Danny Green,SG,35,CLE,4,0,10.0,0.3,1.3,.200,0.3,1.0,.250,0.0,0.3,.000,.300,0.0,0.0,0,0.5,1.3,1.8,0.3,0.5,0.3,0.5,1.8,0.8,2022-2023
2418,69,Draymond Green,PF,32,GSW,12,9,30.6,3.5,7.6,.462,0.4,1.7,.250,3.1,5.9,.521,.489,2.0,2.8,.727,1.6,5.3,6.9,6.8,1.5,1.0,2.3,4.0,9.4,2022-2023
2419,70,JaMychal Green,PF,32,GSW,7,2,7.0,1.3,3.3,.391,0.7,2.6,.278,0.6,0.7,.800,.500,0.0,0.0,0,0.0,0.7,0.7,0.4,0.0,0.1,0.3,1.4,3.3,2022-2023
2420,71,Jeff Green,PF,36,DEN,20,0,17.2,1.4,3.1,.452,0.5,1.4,.321,1.0,1.7,.559,.524,0.9,1.0,.895,0.3,1.3,1.6,0.7,0.3,0.4,0.5,2.2,4.1,2022-2023
2421,72,Blake Griffin,C,33,BOS,1,0,6.0,0.0,1.0,.000,0.0,0.0,0,0.0,1.0,.000,.000,0.0,0.0,0,1.0,1.0,2.0,0.0,0.0,0.0,0.0,2.0,0.0,2022-2023
2422,73,Quentin Grimes,SG,22,NYK,9,6,26.9,1.6,5.1,.304,1.0,4.1,.243,0.6,1.0,.556,.402,1.0,1.2,.818,0.3,2.4,2.8,1.4,1.0,0.6,1.1,1.9,5.1,2022-2023
2423,74,Rui Hachimura,PF,24,LAL,16,1,24.3,4.6,8.2,.557,1.2,2.4,.487,3.4,5.8,.587,.630,1.9,2.1,.882,0.6,3.1,3.6,0.6,0.5,0.3,0.6,1.6,12.2,2022-2023
2424,75,James Harden,PG,33,PHI,11,11,38.8,6.5,16.6,.393,2.8,7.5,.378,3.7,9.2,.406,.478,4.4,5.0,.873,0.5,5.6,6.2,8.3,1.8,0.4,3.2,2.5,20.3,2022-2023
2425,76,Montrezl Harrell,C,29,PHI,2,0,3.5,0.0,1.5,.000,0.0,0.0,0,0.0,1.5,.000,.000,0.0,0.0,0,0.0,0.5,0.5,0.0,0.0,0.0,0.0,0.0,0.0,2022-2023
2426,77,Joe Harris,SF,31,BRK,4,0,11.0,0.5,3.3,.154,0.3,3.0,.083,0.3,0.3,1.000,.192,0.5,0.5,1.000,0.0,1.3,1.3,0.0,0.5,0.0,0.8,1.3,1.8,2022-2023
2427,78,Tobias Harris,SF,30,PHI,11,11,35.6,6.4,12.2,.522,1.4,3.7,.366,5.0,8.5,.591,.578,1.2,1.4,.867,1.5,5.7,7.3,1.6,0.6,0.5,0.7,2.5,15.3,2022-2023
2428,79,Shaquille Harrison,SG,29,LAL,8,0,3.5,0.5,0.9,.571,0.1,0.1,1.000,0.4,0.8,.500,.643,0.1,0.3,.500,0.0,0.4,0.4,1.1,0.3,0.0,0.0,0.4,1.3,2022-2023
2429,80,Josh Hart,SF,27,NYK,11,5,32.1,4.1,8.5,.479,0.9,2.9,.313,3.2,5.6,.565,.532,1.3,2.0,.636,1.6,5.7,7.4,2.2,0.8,0.3,1.9,3.5,10.4,2022-2023
2430,81,Isaiah Hartenstein,C,24,NYK,11,0,20.0,1.0,2.1,.478,0.0,0.0,0,1.0,2.1,.478,.478,1.1,1.5,.750,2.1,2.5,4.6,1.3,0.8,1.4,0.5,2.6,3.1,2022-2023
2431,82,Udonis Haslem,C,42,MIA,2,0,1.5,0.0,1.5,.000,0.0,0.5,.000,0.0,1.0,.000,.000,0.0,0.0,0,0.0,0.5,0.5,0.0,0.0,0.0,0.0,0.0,0.0,2022-2023
2432,83,Sam Hauser,SF,25,BOS,15,0,6.9,0.7,1.9,.345,0.5,1.6,.333,0.1,0.3,.400,.483,0.1,0.1,1.000,0.3,0.8,1.1,0.3,0.1,0.1,0.0,0.5,2.0,2022-2023
2433,84,Tyler Herro,SG,23,MIA,1,1,19.0,5.0,9.0,.556,2.0,4.0,.500,3.0,5.0,.600,.667,0.0,0.0,0,0.0,2.0,2.0,2.0,0.0,1.0,1.0,1.0,12.0,2022-2023
2434,85,Haywood Highsmith,PF,26,MIA,18,0,8.9,1.3,2.2,.615,0.4,0.9,.500,0.9,1.3,.696,.718,0.2,0.3,.800,0.6,0.8,1.3,0.3,0.6,0.1,0.1,1.1,3.3,2022-2023
2435,86,Aaron Holiday,PG,26,ATL,1,0,4.0,0.0,0.0,0,0.0,0.0,0,0.0,0.0,0,0,0.0,0.0,0,0.0,0.0,0.0,1.0,0.0,0.0,1.0,0.0,0.0,2022-2023
2436,87,Jrue Holiday,PG,32,MIL,5,5,38.2,6.8,17.0,.400,2.4,8.4,.286,4.4,8.6,.512,.471,1.8,2.6,.692,0.8,5.8,6.6,8.0,1.0,0.4,2.4,2.4,17.8,2022-2023
2437,88,Al Horford,C,36,BOS,20,20,30.9,2.6,6.6,.386,1.4,4.7,.298,1.2,1.9,.605,.492,0.2,0.2,.750,1.5,5.7,7.2,3.0,1.1,1.7,0.6,2.4,6.7,2022-2023
2438,89,Danuel House Jr.,SF,29,PHI,7,0,6.0,1.3,3.0,.429,0.1,1.4,.100,1.1,1.6,.727,.452,0.1,0.1,1.000,0.0,1.7,1.7,0.1,0.0,0.0,0.1,0.6,2.9,2022-2023
2439,90,Kevin Huerter,SG,24,SAC,7,7,26.1,3.6,10.3,.347,1.1,5.6,.205,2.4,4.7,.515,.403,0.9,1.1,.750,0.1,4.3,4.4,1.1,0.4,1.3,0.6,3.3,9.1,2022-2023
2440,91,De'Andre Hunter,SF,25,ATL,6,6,37.3,6.5,14.2,.459,2.3,6.3,.368,4.2,7.8,.532,.541,1.3,1.7,.800,1.2,4.5,5.7,1.2,0.7,0.3,1.5,3.3,16.7,2022-2023
2441,92,Bones Hyland,PG,22,LAC,5,0,16.4,3.0,8.8,.341,1.0,4.0,.250,2.0,4.8,.417,.398,1.6,2.0,.800,0.2,0.6,0.8,0.8,0.8,0.2,0.8,1.8,8.6,2022-2023
2442,93,Joe Ingles,SF,35,MIL,5,0,17.8,2.4,4.6,.522,2.0,4.0,.500,0.4,0.6,.667,.739,0.0,0.0,0,0.2,1.0,1.2,2.0,0.6,0.2,1.2,1.4,6.8,2022-2023
2443,94,Jaren Jackson Jr.,C,23,MEM,6,6,36.7,5.8,13.8,.422,1.2,4.2,.280,4.7,9.7,.483,.464,5.2,6.0,.861,3.3,4.5,7.8,1.5,1.0,2.0,3.0,4.0,18.0,2022-2023
2444,95,Reggie Jackson,PG,32,DEN,6,0,3.0,0.2,0.3,.500,0.2,0.3,.500,0.0,0.0,0,.750,0.0,0.0,0,0.0,0.3,0.3,0.3,0.2,0.0,0.2,0.0,0.5,2022-2023
2445,96,LeBron James,PF,38,LAL,16,16,38.7,9.2,18.4,.498,1.8,6.6,.264,7.4,11.8,.630,.546,4.4,5.8,.761,1.6,8.3,9.9,6.5,1.1,1.1,2.5,1.8,24.5,2022-2023
2446,97,DaQuan Jeffries,SG,25,NYK,2,0,2.5,0.0,0.0,0,0.0,0.0,0,0.0,0.0,0,0,0.0,0.0,0,0.0,0.0,0.0,0.0,0.0,0.0,0.0,1.0,0.0,2022-2023
2447,98,Cameron Johnson,PF,26,BRK,4,4,38.0,7.0,13.8,.509,3.0,7.0,.429,4.0,6.8,.593,.618,1.5,1.8,.857,0.8,5.0,5.8,2.8,0.8,0.3,1.3,2.5,18.5,2022-2023
2448,99,Jalen Johnson,SF,21,ATL,6,0,9.3,1.7,4.0,.417,0.7,1.8,.364,1.0,2.2,.462,.500,0.3,0.3,1.000,0.3,2.2,2.5,1.3,0.5,0.0,0.8,0.8,4.3,2022-2023
2449,100,Nikola Jokić,C,27,DEN,20,20,39.5,11.4,20.7,.548,1.8,3.8,.461,9.6,16.9,.568,.591,5.6,7.0,.799,3.5,10.0,13.5,9.5,1.1,1.0,3.5,3.5,30.0,2022-2023
2450,101,Tyus Jones,PG,26,MEM,6,1,20.0,1.8,6.0,.306,0.5,3.2,.158,1.3,2.8,.471,.347,0.3,0.5,.667,0.5,2.5,3.0,3.7,1.3,0.0,1.3,0.8,4.5,2022-2023
2451,102,DeAndre Jordan,C,34,DEN,4,0,3.5,0.5,0.8,.667,0.0,0.0,0,0.5,0.8,.667,.667,0.3,0.5,.500,0.0,1.0,1.0,0.3,0.0,0.3,0.5,0.5,1.3,2022-2023
2452,103,Nikola Jović,PF,19,MIA,7,0,1.9,0.1,0.6,.250,0.0,0.3,.000,0.1,0.3,.500,.250,0.0,0.0,0,0.1,0.6,0.7,0.0,0.0,0.0,0.0,0.0,0.3,2022-2023
2453,104,Luke Kennard,SG,26,MEM,5,0,21.4,2.4,4.6,.522,1.6,3.2,.500,0.8,1.4,.571,.696,0.8,0.8,1.000,1.0,3.0,4.0,1.4,0.8,0.0,0.2,1.6,7.2,2022-2023
2454,105,Nathan Knight,C,25,MIN,2,0,2.5,0.5,2.0,.250,0.0,1.0,.000,0.5,1.0,.500,.250,0.0,0.0,0,0.5,0.0,0.5,0.0,0.0,0.0,0.5,0.0,1.0,2022-2023
2455,106,John Konchar,SF,26,MEM,5,0,9.8,0.4,1.8,.222,0.0,0.8,.000,0.4,1.0,.400,.222,0.0,0.0,0,0.8,1.2,2.0,0.8,0.4,0.4,0.2,1.2,0.8,2022-2023
2456,107,Furkan Korkmaz,SG,25,PHI,3,0,3.7,0.0,0.7,.000,0.0,0.3,.000,0.0,0.3,.000,.000,0.7,0.7,1.000,0.0,0.3,0.3,0.3,0.0,0.0,0.3,0.0,0.7,2022-2023
2457,108,Luke Kornet,C,27,BOS,8,0,4.0,0.9,1.0,.875,0.1,0.1,1.000,0.8,0.9,.857,.938,0.3,0.3,1.000,0.6,0.6,1.3,0.0,0.0,0.1,0.0,0.3,2.1,2022-2023
2458,109,Jonathan Kuminga,PF,20,GSW,10,0,6.1,1.3,2.4,.542,0.3,0.7,.429,1.0,1.7,.588,.604,0.5,0.9,.556,0.4,0.5,0.9,0.5,0.2,0.0,0.4,0.5,3.4,2022-2023
2459,110,Anthony Lamb,SF,25,GSW,6,0,5.2,0.3,0.8,.400,0.2,0.7,.250,0.2,0.2,1.000,.500,0.0,0.0,0,0.2,0.8,1.0,0.0,0.2,0.2,0.3,0.5,0.8,2022-2023
2460,111,Jock Landale,C,27,PHO,7,1,16.1,2.4,3.9,.630,0.0,0.1,.000,2.4,3.7,.654,.630,1.3,2.0,.643,1.4,2.6,4.0,0.4,0.4,0.4,0.3,2.1,6.1,2022-2023
2461,112,Damion Lee,SG,30,PHO,8,0,11.1,0.8,2.5,.300,0.4,1.9,.200,0.4,0.6,.600,.375,0.3,0.3,1.000,0.5,0.9,1.4,0.6,0.3,0.0,0.1,1.0,2.1,2022-2023
2462,113,Alex Len,C,29,SAC,7,0,7.7,1.0,1.3,.778,0.0,0.0,0,1.0,1.3,.778,.778,0.7,0.9,.833,1.0,1.9,2.9,0.1,0.0,0.4,1.0,2.1,2.7,2022-2023
2463,114,Kawhi Leonard,SF,31,LAC,2,2,40.0,12.0,22.0,.545,3.0,5.0,.600,9.0,17.0,.529,.614,7.5,8.5,.882,1.5,5.0,6.5,6.0,2.0,0.5,3.0,2.5,34.5,2022-2023
2464,115,Meyers Leonard,C,30,MIL,2,0,2.5,0.0,0.5,.000,0.0,0.0,0,0.0,0.5,.000,.000,0.0,0.0,0,0.0,0.5,0.5,0.0,0.0,0.0,0.0,0.0,0.0,2022-2023
2465,116,Caris LeVert,SG,28,CLE,5,3,34.0,5.4,12.6,.429,2.6,7.2,.361,2.8,5.4,.519,.532,1.6,2.6,.615,0.8,3.8,4.6,2.6,0.4,0.2,1.0,2.0,15.0,2022-2023
2466,117,Kenneth Lofton Jr.,PF,20,MEM,4,0,3.0,0.8,2.0,.375,0.0,0.5,.000,0.8,1.5,.500,.375,0.3,0.5,.500,0.3,0.5,0.8,0.3,0.0,0.0,0.0,0.0,1.8,2022-2023
2467,118,Kevon Looney,C,26,GSW,13,8,25.0,2.8,4.9,.578,0.0,0.0,0,2.8,4.9,.578,.578,0.8,1.4,.556,4.7,8.4,13.1,3.3,0.6,0.4,1.0,2.8,6.5,2022-2023
2468,119,Brook Lopez,C,34,MIL,5,5,36.4,7.8,13.4,.582,1.4,3.4,.412,6.4,10.0,.640,.634,2.0,2.6,.769,2.8,3.6,6.4,1.2,1.4,1.8,2.2,2.0,19.0,2022-2023
2469,120,Robin Lopez,C,34,CLE,2,0,3.0,1.5,1.5,1.000,0.0,0.0,0,1.5,1.5,1.000,1.000,1.0,1.0,1.000,0.5,0.0,0.5,0.0,0.0,0.0,0.5,1.0,4.0,2022-2023
2470,121,Kevin Love,PF,34,MIA,20,18,18.0,2.3,6.0,.378,1.7,4.4,.375,0.6,1.6,.387,.517,0.7,0.8,.875,0.7,4.9,5.6,1.2,0.5,0.4,0.5,1.8,6.9,2022-2023
2471,122,Kyle Lowry,PG,36,MIA,23,1,26.0,3.2,7.6,.425,1.4,3.8,.375,1.8,3.7,.477,.520,1.3,1.4,.939,0.5,3.0,3.5,4.4,1.0,0.6,1.7,2.6,9.2,2022-2023
2472,123,Trey Lyles,PF,27,SAC,7,0,16.9,2.4,5.7,.425,1.3,3.9,.333,1.1,1.9,.615,.538,0.4,0.7,.600,1.3,4.4,5.7,0.7,0.3,0.0,0.4,1.7,6.6,2022-2023
2473,124,Terance Mann,SG,26,LAC,5,0,26.6,3.8,6.6,.576,1.8,3.8,.474,2.0,2.8,.714,.712,1.2,1.8,.667,1.4,1.8,3.2,2.2,0.8,0.2,1.8,3.4,10.6,2022-2023
2474,125,Caleb Martin,SF,27,MIA,23,4,30.2,4.7,9.0,.529,1.9,4.5,.423,2.8,4.4,.637,.636,1.3,1.5,.829,1.2,4.3,5.4,1.6,0.9,0.4,1.0,2.4,12.7,2022-2023
2475,126,Wesley Matthews,SF,36,MIL,2,0,20.5,2.0,4.5,.444,2.0,3.5,.571,0.0,1.0,.000,.667,0.0,0.0,0,0.5,1.0,1.5,0.5,1.0,0.5,0.0,1.5,6.0,2022-2023
2476,127,Tyrese Maxey,SG,22,PHI,11,11,38.5,7.5,17.5,.427,3.1,7.7,.400,4.4,9.7,.449,.516,2.5,2.8,.903,0.8,4.0,4.8,2.3,1.4,0.5,0.7,2.4,20.5,2022-2023
2477,128,Miles McBride,PG,22,NYK,8,0,2.5,0.1,0.5,.250,0.1,0.4,.333,0.0,0.1,.000,.375,0.0,0.0,0,0.0,0.3,0.3,0.1,0.0,0.1,0.0,0.1,0.4,2022-2023
2478,129,Jalen McDaniels,SF,25,PHI,8,0,12.8,1.0,2.5,.400,0.4,1.1,.333,0.6,1.4,.455,.475,0.0,0.0,0,0.4,1.6,2.0,0.6,0.1,0.0,0.4,1.0,2.4,2022-2023
2479,130,Jordan McLaughlin,PG,26,MIN,2,0,7.0,0.0,2.0,.000,0.0,1.0,.000,0.0,1.0,.000,.000,0.0,0.0,0,0.0,1.0,1.0,1.0,0.0,0.0,0.0,1.0,0.0,2022-2023
2480,131,De'Anthony Melton,SG,24,PHI,11,0,24.9,2.8,7.4,.383,1.7,4.5,.388,1.1,2.9,.375,.500,0.5,0.7,.750,1.3,2.0,3.3,1.6,1.2,0.8,0.7,1.8,7.9,2022-2023
2481,132,Chimezie Metu,PF,25,SAC,3,0,2.0,0.0,0.3,.000,0.0,0.0,0,0.0,0.3,.000,.000,0.7,1.0,.667,0.3,0.0,0.3,0.0,0.0,0.0,0.3,0.0,0.7,2022-2023
2482,133,Khris Middleton,SF,31,MIL,5,5,34.6,8.0,17.2,.465,2.6,6.4,.406,5.4,10.8,.500,.541,5.2,6.0,.867,1.4,5.0,6.4,6.2,0.6,0.0,3.4,3.0,23.8,2022-2023
2483,134,Patty Mills,PG,34,BRK,1,0,5.0,0.0,2.0,.000,0.0,2.0,.000,0.0,0.0,0,.000,0.0,0.0,0,0.0,0.0,0.0,0.0,0.0,0.0,0.0,1.0,0.0,2022-2023
2484,135,Shake Milton,SG,26,PHI,6,0,3.5,0.5,0.8,.600,0.0,0.2,.000,0.5,0.7,.750,.600,0.3,0.3,1.000,0.0,0.5,0.5,0.3,0.3,0.0,0.2,0.5,1.3,2022-2023
2485,136,Josh Minott,SF,20,MIN,1,0,6.0,0.0,1.0,.000,0.0,1.0,.000,0.0,0.0,0,.000,0.0,0.0,0,0.0,0.0,0.0,0.0,2.0,1.0,1.0,1.0,0.0,2022-2023
2486,137,Davion Mitchell,PG,24,SAC,7,0,20.0,2.7,6.6,.413,1.0,3.9,.259,1.7,2.7,.632,.489,0.7,0.9,.833,0.4,0.9,1.3,1.7,0.9,0.1,0.9,1.0,7.1,2022-2023
2487,138,Donovan Mitchell,SG,26,CLE,5,5,41.4,9.0,20.8,.433,2.6,9.0,.289,6.4,11.8,.542,.495,2.6,3.6,.722,0.6,4.4,5.0,7.2,2.0,0.6,3.8,2.8,23.2,2022-2023
2488,139,Evan Mobley,PF,21,CLE,5,5,37.6,4.4,9.6,.458,0.0,0.2,.000,4.4,9.4,.468,.458,1.0,1.6,.625,3.0,7.0,10.0,2.0,0.6,1.2,2.4,2.6,9.8,2022-2023
2489,140,Malik Monk,SG,24,SAC,7,0,29.3,5.4,13.3,.409,1.9,5.6,.333,3.6,7.7,.463,.478,6.3,7.0,.898,0.9,4.6,5.4,3.6,0.7,0.4,2.0,2.1,19.0,2022-2023
2490,141,Moses Moody,SG,20,GSW,12,0,13.4,1.9,3.6,.535,1.1,1.8,.591,0.8,1.8,.476,.686,0.9,1.0,.917,0.6,2.0,2.6,0.7,0.4,0.3,0.2,1.5,5.8,2022-2023
2491,142,Wendell Moore Jr.,SG,21,MIN,1,0,2.0,0.0,0.0,0,0.0,0.0,0,0.0,0.0,0,0,0.0,0.0,0,0.0,0.0,0.0,0.0,0.0,0.0,1.0,0.0,0.0,2022-2023
2492,143,Ja Morant,PG,23,MEM,5,5,37.4,9.0,21.2,.425,2.6,6.2,.419,6.4,15.0,.427,.486,4.0,5.2,.769,1.6,5.2,6.8,7.0,1.8,0.2,3.4,2.4,24.6,2022-2023
2493,144,Marcus Morris,PF,33,LAC,3,2,22.7,3.3,9.7,.345,0.7,4.0,.167,2.7,5.7,.471,.379,1.3,1.3,1.000,0.3,3.7,4.0,0.0,0.3,0.3,0.3,2.0,8.7,2022-2023
2494,145,Dejounte Murray,SG,26,ATL,5,5,38.0,9.2,20.6,.447,2.8,7.4,.378,6.4,13.2,.485,.515,1.8,1.8,1.000,1.8,5.4,7.2,6.8,2.0,0.2,2.0,1.4,23.0,2022-2023
2495,146,Jamal Murray,PG,25,DEN,20,20,40.0,9.7,20.5,.473,3.0,7.5,.396,6.8,13.1,.517,.545,3.8,4.1,.926,0.8,4.9,5.7,7.1,1.5,0.3,2.5,2.1,26.1,2022-2023
2496,147,Keegan Murray,SF,22,SAC,7,7,27.7,3.7,8.3,.448,1.7,4.6,.375,2.0,3.7,.538,.552,0.6,0.9,.667,2.1,4.1,6.3,0.7,0.6,0.3,0.6,2.6,9.7,2022-2023
2497,148,Mike Muscala,C,31,BOS,6,0,3.5,0.3,0.7,.500,0.3,0.7,.500,0.0,0.0,0,.750,0.5,0.7,.750,0.5,0.2,0.7,0.2,0.0,0.0,0.2,0.2,1.5,2022-2023
2498,149,Raul Neto,PG,30,CLE,2,0,3.5,0.0,0.5,.000,0.0,0.5,.000,0.0,0.0,0,.000,0.5,1.0,.500,0.0,0.0,0.0,0.5,0.0,0.0,1.0,1.0,0.5,2022-2023
2499,150,Georges Niang,PF,29,PHI,11,0,14.3,1.6,3.3,.500,1.1,2.4,.462,0.5,0.9,.600,.667,0.0,0.0,0,0.0,0.4,0.4,0.2,0.0,0.2,0.5,1.5,4.4,2022-2023
2500,151,Zeke Nnaji,PF,22,DEN,5,0,2.4,0.4,0.8,.500,0.2,0.6,.333,0.2,0.2,1.000,.625,0.0,0.0,0,0.0,0.4,0.4,0.0,0.2,0.0,0.2,0.0,1.0,2022-2023
2501,152,Jaylen Nowell,SG,23,MIN,5,0,12.4,1.2,5.2,.231,0.6,1.8,.333,0.6,3.4,.176,.288,0.2,0.4,.500,0.8,0.2,1.0,0.6,0.0,0.0,0.4,0.8,3.2,2022-2023
2502,153,Royce O'Neale,SF,29,BRK,4,0,29.5,1.8,7.3,.241,1.0,5.5,.182,0.8,1.8,.429,.310,0.5,0.5,1.000,1.0,3.3,4.3,3.5,1.3,0.3,1.0,2.8,5.0,2022-2023
2503,154,Josh Okogie,SG,24,PHO,10,5,17.5,1.4,3.7,.378,0.2,1.4,.143,1.2,2.3,.522,.405,1.1,1.3,.846,1.2,0.9,2.1,1.3,0.6,0.2,0.3,1.8,4.1,2022-2023
2504,155,Onyeka Okongwu,C,22,ATL,6,0,21.8,2.5,4.2,.600,0.2,0.2,1.000,2.3,4.0,.583,.620,0.8,1.7,.500,3.2,3.2,6.3,1.2,0.3,1.3,1.2,3.0,6.0,2022-2023
2505,156,Isaac Okoro,SF,22,CLE,5,2,15.0,2.2,4.6,.478,0.8,2.6,.308,1.4,2.0,.700,.565,1.2,1.2,1.000,0.6,0.8,1.4,0.8,0.4,0.4,0.8,2.0,6.4,2022-2023
2506,157,Victor Oladipo,SG,30,MIA,2,0,22.5,5.0,9.5,.526,1.0,2.5,.400,4.0,7.0,.571,.579,0.5,1.5,.333,0.5,3.0,3.5,1.0,1.0,0.5,1.0,2.5,11.5,2022-2023
2507,158,Cedi Osman,SF,27,CLE,5,0,18.6,1.8,5.0,.360,1.2,4.0,.300,0.6,1.0,.600,.480,1.2,1.8,.667,0.2,2.8,3.0,1.0,0.4,0.2,1.0,2.4,6.0,2022-2023
2508,159,Chris Paul,PG,37,PHO,7,7,35.7,5.4,13.0,.418,1.3,4.0,.321,4.1,9.0,.460,.467,0.3,0.6,.500,0.7,4.3,5.0,7.4,1.7,0.7,1.0,2.3,12.4,2022-2023
2509,160,Cameron Payne,PG,28,PHO,7,4,21.7,3.3,6.9,.479,1.6,3.9,.407,1.7,3.0,.571,.594,0.0,0.4,.000,0.0,2.0,2.0,2.9,0.4,0.3,1.3,2.1,8.1,2022-2023
2510,161,Gary Payton II,SG,30,GSW,12,3,16.0,3.0,4.5,.667,0.3,1.3,.267,2.7,3.3,.821,.704,0.5,0.8,.667,1.8,1.8,3.7,0.8,0.7,0.5,0.9,1.6,6.8,2022-2023
2511,162,Mason Plumlee,C,32,LAC,5,0,18.2,2.8,3.2,.875,0.0,0.0,0,2.8,3.2,.875,.875,2.6,2.8,.929,3.2,3.6,6.8,1.8,0.4,0.4,0.6,3.0,8.2,2022-2023
2512,163,Jordan Poole,PG,23,GSW,13,4,21.8,3.5,10.4,.341,1.2,4.8,.254,2.3,5.5,.417,.400,2.0,2.6,.765,0.3,1.8,2.2,3.5,0.8,0.2,1.2,2.5,10.3,2022-2023
2513,164,Michael Porter Jr.,SF,24,DEN,20,20,32.7,5.0,11.7,.423,2.3,6.6,.351,2.7,5.2,.515,.521,1.2,1.5,.793,1.0,7.1,8.1,1.6,0.5,0.6,0.5,2.1,13.4,2022-2023
2514,165,Bobby Portis,PF,27,MIL,5,2,21.4,4.0,8.2,.488,1.0,3.6,.278,3.0,4.6,.652,.549,0.6,0.6,1.000,2.0,6.2,8.2,1.2,0.6,0.4,0.8,3.0,9.6,2022-2023
2515,166,Norman Powell,SG,29,LAC,5,3,33.4,7.2,15.2,.474,2.6,6.4,.406,4.6,8.8,.523,.559,4.8,6.2,.774,0.8,2.2,3.0,2.2,0.8,0.4,1.6,3.2,21.8,2022-2023
2516,167,Jason Preston,PG,23,LAC,1,0,1.0,0.0,0.0,0,0.0,0.0,0,0.0,0.0,0,0,0.0,0.0,0,0.0,0.0,0.0,0.0,0.0,0.0,0.0,0.0,0.0,2022-2023
2517,168,Taurean Prince,PF,28,MIN,5,1,20.0,2.4,6.6,.364,1.6,4.2,.381,0.8,2.4,.333,.485,1.4,1.8,.778,0.6,0.8,1.4,0.8,0.6,0.2,1.0,1.8,7.8,2022-2023
2518,169,Payton Pritchard,PG,25,BOS,10,0,5.7,1.2,2.2,.545,0.4,1.0,.400,0.8,1.2,.667,.636,0.4,0.5,.800,0.0,0.6,0.6,1.1,0.1,0.0,0.5,0.3,3.2,2022-2023
2519,170,Immanuel Quickley,SG,23,NYK,8,0,21.9,2.9,8.3,.348,1.1,4.6,.243,1.8,3.6,.483,.417,2.1,2.5,.850,0.3,1.4,1.6,1.0,0.5,0.0,1.1,1.4,9.0,2022-2023
2520,171,Julius Randle,PF,28,NYK,10,10,33.0,5.5,14.7,.374,1.7,6.6,.258,3.8,8.1,.469,.432,3.9,5.5,.709,1.7,6.6,8.3,3.6,0.5,0.3,3.5,2.4,16.6,2022-2023
2521,172,Austin Reaves,SG,24,LAL,16,16,36.2,5.6,12.1,.464,2.4,5.5,.443,3.2,6.6,.481,.564,3.2,3.6,.895,1.3,3.2,4.4,4.6,0.6,0.2,1.6,2.4,16.9,2022-2023
2522,173,Paul Reed,C,23,PHI,11,2,14.3,2.0,3.5,.579,0.0,0.0,0,2.0,3.5,.579,.579,0.6,0.6,1.000,2.5,3.0,5.5,0.6,0.5,0.4,0.5,1.4,4.6,2022-2023
2523,174,Austin Rivers,SG,30,MIN,4,0,11.5,1.0,2.0,.500,0.5,1.5,.333,0.5,0.5,1.000,.625,0.0,0.0,0,0.3,1.0,1.3,0.3,0.3,0.0,0.3,0.3,2.5,2022-2023
2524,175,Duncan Robinson,SF,28,MIA,23,1,18.2,3.3,6.9,.475,2.2,4.9,.442,1.1,2.0,.556,.633,0.3,0.3,.875,0.0,1.4,1.5,1.7,0.3,0.1,0.9,1.6,9.0,2022-2023
2525,176,Mitchell Robinson,C,24,NYK,11,11,27.1,2.6,4.4,.604,0.0,0.0,0,2.6,4.4,.604,.604,1.2,3.0,.394,5.0,4.3,9.3,0.8,0.7,1.5,0.9,2.6,6.5,2022-2023
2526,177,David Roddy,PF,21,MEM,6,0,12.7,1.3,4.8,.276,1.0,3.3,.300,0.3,1.5,.222,.379,0.2,0.2,1.000,0.7,2.2,2.8,0.7,0.0,0.3,0.2,1.0,3.8,2022-2023
2527,178,Derrick Rose,PG,34,NYK,1,0,3.0,0.0,4.0,.000,0.0,1.0,.000,0.0,3.0,.000,.000,0.0,0.0,0,0.0,0.0,0.0,1.0,0.0,0.0,0.0,0.0,0.0,2022-2023
2528,179,Terrence Ross,SG,31,PHO,6,0,11.5,1.3,4.5,.296,1.0,3.7,.273,0.3,0.8,.400,.407,0.0,0.0,0,0.0,1.3,1.3,0.2,0.2,0.3,0.2,1.0,3.7,2022-2023
2529,180,Ricky Rubio,PG,32,CLE,3,0,5.7,0.0,0.3,.000,0.0,0.0,0,0.0,0.3,.000,.000,0.0,0.0,0,0.7,1.3,2.0,1.0,0.3,0.0,1.7,1.7,0.0,2022-2023
2530,181,D'Angelo Russell,PG,26,LAL,16,15,29.6,5.2,12.2,.426,1.7,5.4,.310,3.5,6.8,.519,.495,1.3,1.6,.769,0.6,2.3,2.9,4.6,0.7,0.3,1.8,2.0,13.3,2022-2023
2531,182,Domantas Sabonis,C,26,SAC,7,7,34.7,7.0,14.1,.495,0.1,0.7,.200,6.9,13.4,.511,.500,2.3,4.0,.571,4.4,6.6,11.0,4.7,1.4,0.9,3.7,4.0,16.4,2022-2023
2532,183,Dennis Schröder,PG,29,LAL,16,3,26.1,2.6,6.4,.398,0.8,2.4,.333,1.8,4.0,.438,.461,1.4,1.8,.821,0.2,1.8,1.9,2.9,1.0,0.2,1.3,2.5,7.4,2022-2023
2533,184,Landry Shamet,SG,25,PHO,10,1,18.4,1.7,4.5,.378,1.1,2.9,.379,0.6,1.6,.375,.500,0.3,0.4,.750,0.3,1.4,1.7,1.1,0.2,0.1,0.4,1.5,4.8,2022-2023
2534,185,Day'Ron Sharpe,C,21,BRK,2,0,10.0,1.0,1.5,.667,0.0,0.0,0,1.0,1.5,.667,.667,1.0,1.0,1.000,1.0,2.0,3.0,2.5,0.0,0.5,1.0,1.5,3.0,2022-2023
2535,186,Marcus Smart,PG,28,BOS,20,20,34.0,5.1,11.2,.453,2.2,6.1,.361,2.9,5.1,.564,.552,2.6,3.3,.800,1.1,3.0,4.0,5.1,1.3,0.3,2.3,1.9,14.9,2022-2023
2536,187,Ish Smith,PG,34,DEN,4,0,3.0,0.3,0.5,.500,0.0,0.0,0,0.3,0.5,.500,.500,0.0,0.0,0,0.0,0.3,0.3,0.3,0.0,0.0,0.0,0.5,0.5,2022-2023
2537,188,Jaden Springer,SG,20,PHI,4,0,4.3,1.0,1.0,1.000,0.0,0.0,0,1.0,1.0,1.000,1.000,0.3,0.5,.500,0.0,0.0,0.0,0.0,0.3,0.0,0.3,0.5,2.3,2022-2023
2538,189,Lamar Stevens,SF,25,CLE,2,0,4.5,0.5,1.0,.500,0.5,0.5,1.000,0.0,0.5,.000,.750,1.0,1.0,1.000,0.0,1.5,1.5,0.0,0.0,0.0,0.0,0.0,2.5,2022-2023
2539,190,Max Strus,SF,26,MIA,23,23,28.2,3.3,8.2,.402,1.9,5.9,.319,1.4,2.3,.611,.516,0.9,1.1,.800,0.6,3.0,3.6,1.4,0.3,0.3,0.3,2.0,9.3,2022-2023
2540,191,Edmond Sumner,SG,27,BRK,1,0,4.0,0.0,0.0,0,0.0,0.0,0,0.0,0.0,0,0,0.0,0.0,0,0.0,0.0,0.0,1.0,0.0,0.0,0.0,0.0,0.0,2022-2023
2541,192,Jayson Tatum,SF,24,BOS,20,20,40.0,9.3,20.2,.458,2.7,8.2,.323,6.6,12.0,.550,.524,6.0,6.9,.876,1.3,9.2,10.5,5.3,1.1,1.1,2.8,2.2,27.2,2022-2023
2542,193,Cam Thomas,SG,21,BRK,2,0,8.0,1.5,3.5,.429,0.0,1.0,.000,1.5,2.5,.600,.429,0.0,0.0,0,0.0,0.5,0.5,0.5,0.0,0.0,0.5,1.0,3.0,2022-2023
2543,194,Klay Thompson,SF,32,GSW,13,13,36.0,6.5,16.8,.388,3.8,10.5,.368,2.7,6.4,.422,.502,1.6,1.8,.875,0.1,4.1,4.2,2.2,0.5,0.3,2.0,2.2,18.5,2022-2023
2544,195,Tristan Thompson,C,31,LAL,6,0,5.3,0.8,1.8,.455,0.0,0.0,0,0.8,1.8,.455,.455,0.2,0.8,.200,0.7,1.0,1.7,0.3,0.0,0.0,0.2,0.2,1.8,2022-2023
2545,196,Xavier Tillman Sr.,C,24,MEM,6,6,30.5,4.0,7.5,.533,0.2,0.7,.250,3.8,6.8,.561,.544,0.5,0.8,.600,2.8,5.2,8.0,3.2,0.7,0.7,0.7,2.8,8.7,2022-2023
2546,197,Obi Toppin,PF,24,NYK,11,1,15.9,2.7,6.4,.429,1.2,3.9,.302,1.5,2.5,.630,.521,0.4,0.5,.800,0.9,2.6,3.5,0.6,0.7,0.3,0.7,1.1,7.0,2022-2023
2547,198,Karl-Anthony Towns,PF,27,MIN,5,5,36.0,6.4,14.0,.457,1.2,4.8,.250,5.2,9.2,.565,.500,4.2,5.6,.750,1.2,9.0,10.2,2.0,0.6,0.8,3.6,4.2,18.2,2022-2023
2548,199,P.J. Tucker,PF,37,PHI,11,11,26.7,1.7,4.6,.373,1.3,3.6,.350,0.5,1.0,.455,.510,0.2,0.3,.667,1.6,2.9,4.5,1.5,1.2,0.3,0.5,2.5,4.9,2022-2023
2549,200,Jarred Vanderbilt,PF,23,LAL,15,13,16.5,1.6,4.0,.400,0.5,1.9,.241,1.1,2.1,.548,.458,0.9,1.3,.700,1.3,1.9,3.2,0.8,0.7,0.8,0.9,2.1,4.6,2022-2023
2550,201,Gabe Vincent,PG,26,MIA,22,22,30.5,4.5,11.2,.402,2.3,6.1,.378,2.2,5.0,.432,.506,1.4,1.5,.882,0.4,1.0,1.4,3.5,0.9,0.2,1.4,3.0,12.7,2022-2023
2551,202,Dean Wade,PF,26,CLE,2,0,5.5,0.0,0.5,.000,0.0,0.5,.000,0.0,0.0,0,.000,1.0,1.0,1.000,0.0,1.5,1.5,0.0,0.0,0.0,0.0,0.0,1.0,2022-2023
2552,203,Ish Wainright,SF,28,PHO,6,0,3.5,0.2,0.7,.250,0.2,0.7,.250,0.0,0.0,0,.375,0.0,0.0,0,0.0,0.2,0.2,0.0,0.0,0.2,0.0,0.3,0.5,2022-2023
2553,204,Lonnie Walker IV,SG,24,LAL,13,0,13.8,2.2,4.6,.483,1.0,2.6,.382,1.2,2.0,.615,.592,0.7,0.9,.750,0.1,0.8,0.9,0.8,0.5,0.1,0.3,1.2,6.2,2022-2023
2554,205,T.J. Warren,SF,29,PHO,6,0,13.5,1.0,3.2,.316,0.2,1.2,.143,0.8,2.0,.417,.342,0.5,0.7,.750,0.3,0.8,1.2,0.5,0.2,0.5,0.2,0.8,2.7,2022-2023
2555,206,Yuta Watanabe,SF,28,BRK,1,0,5.0,1.0,2.0,.500,1.0,2.0,.500,0.0,0.0,0,.750,0.0,2.0,.000,0.0,1.0,1.0,0.0,0.0,0.0,1.0,0.0,3.0,2022-2023
2556,207,Peyton Watson,SG,20,DEN,5,0,2.8,0.4,1.0,.400,0.2,0.4,.500,0.2,0.6,.333,.500,0.0,0.0,0,0.2,0.6,0.8,0.2,0.0,0.2,0.2,0.4,1.0,2022-2023
2557,208,Russell Westbrook,PG,34,LAC,5,5,38.4,8.6,21.0,.410,2.0,5.6,.357,6.6,15.4,.429,.457,4.4,5.0,.880,1.8,5.8,7.6,7.4,1.2,1.4,4.0,3.0,23.6,2022-2023
2558,209,Derrick White,SG,28,BOS,20,16,29.7,4.7,9.2,.505,2.5,5.5,.455,2.2,3.7,.581,.641,1.6,1.7,.912,0.7,2.3,3.0,2.1,0.6,1.0,0.9,1.9,13.4,2022-2023
2559,210,Andrew Wiggins,SF,27,GSW,13,12,34.0,6.4,13.9,.459,1.5,4.9,.297,4.9,9.0,.547,.511,2.5,3.6,.681,1.8,3.8,5.6,1.9,0.8,1.2,1.3,3.5,16.7,2022-2023
2560,211,Grant Williams,PF,24,BOS,15,0,17.7,1.7,3.5,.472,1.2,2.7,.450,0.5,0.9,.538,.642,0.5,0.7,.800,0.7,1.5,2.2,1.2,0.3,0.4,0.3,1.7,5.1,2022-2023
2561,212,Robert Williams,C,25,BOS,20,4,20.9,3.4,4.3,.788,0.0,0.1,.000,3.4,4.2,.798,.788,1.0,1.4,.679,1.8,4.2,6.0,1.0,0.5,1.3,0.8,2.2,7.7,2022-2023
2562,213,Ziaire Williams,SF,21,MEM,4,0,3.0,0.5,1.8,.286,0.3,0.8,.333,0.3,1.0,.250,.357,0.0,0.0,0,0.0,0.5,0.5,0.5,0.0,0.0,0.5,0.3,1.3,2022-2023
2563,214,Trae Young,PG,24,ATL,6,6,38.3,10.0,24.8,.403,3.0,9.0,.333,7.0,15.8,.442,.463,6.2,7.2,.860,0.8,2.8,3.7,10.2,1.7,0.7,4.0,1.8,29.2,2022-2023
2564,215,Omer Yurtseven,C,24,MIA,8,0,2.0,0.3,0.9,.286,0.0,0.3,.000,0.3,0.6,.400,.286,0.0,0.0,0,0.4,0.3,0.6,0.1,0.0,0.1,0.1,0.3,0.5,2022-2023
2565,216,Cody Zeller,C,30,MIA,21,0,8.3,1.0,1.7,.571,0.0,0.0,0,1.0,1.7,.571,.571,0.3,0.7,.400,0.5,1.8,2.3,0.3,0.1,0.2,0.6,1.3,2.2,2022-2023
2566,217,Ivica Zubac,C,25,LAC,5,5,26.0,3.4,6.0,.567,0.0,0.0,0,3.4,6.0,.567,.567,2.4,3.2,.750,3.2,6.4,9.6,0.6,0.6,0.2,2.2,1.6,9.2,2022-2023
2567,1,Precious Achiuwa,PF,24,NYK,9,2,20.4,2.3,4.8,.488,0.0,0.3,.000,2.3,4.4,.525,.488,0.6,1.4,.385,2.4,1.8,4.2,0.6,0.4,1.3,0.4,2.2,5.2,2023-2024
2568,2,Bam Adebayo,C,26,MIA,5,5,38.4,9.6,19.4,.495,0.4,2.0,.200,9.2,17.4,.529,.505,3.0,4.2,.714,2.2,7.2,9.4,3.8,0.4,0.0,1.6,3.0,22.6,2023-2024
2569,3,Nickeil Alexander-Walker,SG,25,MIN,16,1,23.6,2.6,7.0,.366,1.5,5.1,.296,1.1,1.9,.548,.473,0.6,0.6,1.000,0.3,1.4,1.8,2.3,0.6,0.4,0.9,1.5,7.3,2023-2024
2570,4,Grayson Allen,SG,28,PHO,2,2,21.5,0.5,2.5,.200,0.5,2.5,.200,0.0,0.0,0,.300,2.0,2.0,1.000,1.0,3.0,4.0,1.0,0.5,0.0,1.5,2.0,3.5,2023-2024
2571,5,Jarrett Allen,C,25,CLE,4,4,31.8,6.3,9.3,.676,0.0,0.0,0,6.3,9.3,.676,.676,4.5,6.5,.692,3.8,10.0,13.8,1.3,1.3,1.0,1.3,2.0,17.0,2023-2024
2572,6,Jose Alvarado,PG,25,NOP,4,0,15.5,0.8,5.0,.150,0.3,3.5,.071,0.5,1.5,.333,.175,0.0,0.0,0,0.0,1.0,1.0,2.3,1.3,0.3,1.0,0.8,1.8,2023-2024
2573,7,Kyle Anderson,PF,30,MIN,15,1,15.4,1.7,3.8,.456,0.1,0.5,.250,1.6,3.3,.490,.474,0.7,0.8,.833,1.2,1.5,2.7,2.5,0.7,0.3,0.7,1.7,4.3,2023-2024
2574,8,Thanasis Antetokounmpo,PF,31,MIL,2,0,2.5,0.0,0.0,0,0.0,0.0,0,0.0,0.0,0,0,0.0,0.0,0,0.0,0.0,0.0,0.0,0.5,0.5,0.0,0.5,0.0,2023-2024
2575,9,Cole Anthony,PG,23,ORL,7,0,14.7,1.9,5.9,.317,0.3,1.9,.154,1.6,4.0,.393,.341,1.1,1.3,.889,0.3,1.9,2.1,1.3,0.6,0.1,0.7,2.3,5.1,2023-2024
2576,10,OG Anunoby,SF,26,NYK,9,9,36.0,6.2,12.3,.505,1.8,4.3,.410,4.4,8.0,.556,.577,0.9,1.4,.615,0.8,5.2,6.0,1.1,0.9,1.0,1.1,1.7,15.1,2023-2024
2577,11,Paolo Banchero,PF,21,ORL,7,7,37.4,9.7,21.3,.456,2.3,5.7,.400,7.4,15.6,.477,.510,5.3,7.0,.755,2.0,6.6,8.6,4.0,1.1,0.6,4.6,2.0,27.0,2023-2024
2578,12,Nicolas Batum,PF,35,PHI,6,0,28.3,2.0,4.8,.414,1.5,3.7,.409,0.5,1.2,.429,.569,0.8,1.3,.625,1.5,4.3,5.8,1.3,0.2,0.8,0.8,2.2,6.3,2023-2024
2579,13,Bradley Beal,SG,30,PHO,4,4,38.5,6.5,14.8,.441,2.5,5.8,.435,4.0,9.0,.444,.525,1.0,1.3,.800,1.5,1.3,2.8,4.5,0.8,0.3,3.3,3.8,16.5,2023-2024
2580,14,Malik Beasley,SG,27,MIL,6,2,21.8,3.5,6.8,.512,1.8,4.2,.440,1.7,2.7,.625,.646,0.0,0.0,0,0.2,2.3,2.5,0.7,0.7,0.0,0.5,1.5,8.8,2023-2024
2581,15,MarJon Beauchamp,SF,23,MIL,4,0,2.5,0.3,1.0,.250,0.0,0.5,.000,0.3,0.5,.500,.250,0.3,0.5,.500,0.0,0.3,0.3,0.5,0.0,0.0,0.3,0.3,0.8,2023-2024
2582,16,Patrick Beverley,PG,35,MIL,6,6,35.0,2.7,6.5,.410,0.7,1.8,.364,2.0,4.7,.429,.462,2.2,2.5,.867,0.7,2.7,3.3,5.5,1.0,0.7,1.0,2.7,8.2,2023-2024
2583,17,Goga Bitadze,C,24,ORL,2,0,5.0,0.0,1.0,.000,0.0,0.0,0,0.0,1.0,.000,.000,0.0,0.0,0,0.5,1.0,1.5,1.0,0.0,0.0,0.5,0.0,0.0,2023-2024
2584,18,Anthony Black,PG,20,ORL,2,0,5.5,1.5,3.5,.429,0.0,1.0,.000,1.5,2.5,.600,.429,0.0,0.0,0,0.5,0.5,1.0,1.0,0.5,0.0,0.5,0.5,3.0,2023-2024
2585,19,Bojan Bogdanović,SF,34,NYK,4,0,12.8,1.8,6.0,.292,1.5,3.8,.400,0.3,2.3,.111,.417,1.0,1.8,.571,0.3,2.8,3.0,1.0,0.0,0.3,0.3,0.8,6.0,2023-2024
2586,20,Bol Bol,PF,24,PHO,3,0,4.3,0.3,1.0,.333,0.0,0.0,0,0.3,1.0,.333,.333,0.0,0.0,0,0.0,1.3,1.3,0.0,0.3,0.0,0.0,0.7,0.7,2023-2024
2587,21,Devin Booker,PG,27,PHO,4,4,41.5,8.0,16.3,.492,1.8,5.0,.350,6.3,11.3,.556,.546,9.8,10.3,.951,0.3,3.0,3.3,6.0,1.8,0.3,2.8,4.5,27.5,2023-2024
2588,22,Brandon Boston Jr.,SF,22,LAC,3,0,3.3,0.7,1.3,.500,0.0,0.0,0,0.7,1.3,.500,.500,0.3,0.7,.500,0.3,0.3,0.7,0.3,0.0,0.0,0.0,0.7,1.7,2023-2024
2589,23,Christian Braun,SG,22,DEN,12,0,17.0,1.9,4.5,.426,0.3,1.5,.222,1.6,3.0,.528,.463,0.9,1.3,.688,0.8,1.9,2.7,0.8,0.2,0.4,0.1,1.5,5.1,2023-2024
2590,24,Oshae Brissett,SF,25,BOS,10,0,5.5,0.6,1.1,.545,0.2,0.2,1.000,0.4,0.9,.444,.636,0.2,0.4,.500,0.3,1.1,1.4,0.0,0.3,0.2,0.1,0.2,1.6,2023-2024
2591,25,Jaylen Brown,SF,27,BOS,19,19,37.2,9.2,17.8,.516,1.9,5.8,.327,7.3,12.1,.607,.569,3.6,5.4,.660,1.2,4.8,5.9,3.3,1.2,0.6,2.7,2.7,23.9,2023-2024
2592,26,Kendall Brown,SG,20,IND,7,0,3.6,0.3,0.9,.333,0.0,0.0,0,0.3,0.9,.333,.333,0.0,0.0,0,0.0,0.4,0.4,0.3,0.0,0.1,0.4,0.3,0.6,2023-2024
2593,27,Kobe Brown,PF,24,LAC,3,0,3.3,0.0,0.0,0,0.0,0.0,0,0.0,0.0,0,0,0.0,0.0,0,0.3,0.3,0.7,0.0,0.0,0.0,0.0,0.3,0.0,2023-2024
2594,28,Jalen Brunson,PG,27,NYK,13,13,39.8,11.6,26.2,.444,2.0,6.5,.310,9.6,19.7,.488,.482,7.2,9.2,.775,0.6,2.7,3.3,7.5,0.8,0.2,2.7,2.0,32.4,2023-2024
2595,29,Thomas Bryant,C,26,MIA,2,0,9.0,2.5,3.5,.714,0.0,1.0,.000,2.5,2.5,1.000,.714,1.0,1.5,.667,1.0,1.5,2.5,0.5,0.0,0.0,1.0,0.5,6.0,2023-2024
2596,30,Alec Burks,SG,32,NYK,6,0,20.2,4.2,8.3,.500,2.0,4.7,.429,2.2,3.7,.591,.620,4.5,5.3,.844,0.7,2.7,3.3,1.0,0.2,0.2,0.0,1.0,14.8,2023-2024
2597,31,Kentavious Caldwell-Pope,SG,30,DEN,12,12,35.0,2.8,7.2,.395,1.5,4.6,.327,1.3,2.6,.516,.500,0.9,0.9,1.000,0.4,2.5,2.9,2.6,1.4,0.4,0.8,3.1,8.1,2023-2024
2598,32,Wendell Carter Jr.,C,24,ORL,7,5,26.4,2.7,6.7,.404,1.0,3.6,.280,1.7,3.1,.545,.479,1.1,1.6,.727,1.3,5.0,6.3,1.3,0.7,0.6,0.7,2.9,7.6,2023-2024
2599,33,Amir Coffey,SF,26,LAC,6,3,18.7,1.2,3.7,.318,0.5,1.8,.273,0.7,1.8,.364,.386,0.0,0.0,0,0.3,1.3,1.7,0.3,0.3,0.2,0.8,1.0,2.8,2023-2024
2600,34,Mike Conley,PG,36,MIN,15,15,31.6,4.1,9.7,.428,2.0,5.1,.395,2.1,4.6,.464,.531,1.3,1.9,.714,0.7,3.2,3.9,5.7,1.4,0.2,1.3,2.5,11.6,2023-2024
2601,35,Pat Connaughton,SF,31,MIL,6,0,20.7,1.8,4.2,.440,0.5,1.8,.273,1.3,2.3,.571,.500,0.3,0.3,1.000,0.5,3.3,3.8,2.2,1.0,0.2,0.5,1.0,4.5,2023-2024
2602,36,Jae Crowder,PF,33,MIL,4,0,10.5,0.8,3.0,.250,0.3,1.8,.143,0.5,1.3,.400,.292,0.5,0.5,1.000,0.5,1.0,1.5,0.5,0.0,0.5,0.0,1.0,2.3,2023-2024
2603,37,Dyson Daniels,PG,20,NOP,3,0,5.7,0.7,2.0,.333,0.0,0.7,.000,0.7,1.3,.500,.333,0.0,0.0,0,0.0,0.7,0.7,0.0,0.7,0.0,0.3,0.0,1.3,2023-2024
2604,38,Anthony Davis,C,30,LAL,5,5,41.6,11.8,18.6,.634,0.0,1.0,.000,11.8,17.6,.670,.634,4.2,5.2,.808,3.0,12.6,15.6,4.0,0.4,1.6,2.2,3.8,27.8,2023-2024
2605,39,Mamadi Diakite,PF,27,NYK,4,0,3.8,0.0,0.8,.000,0.0,0.5,.000,0.0,0.3,.000,.000,0.5,0.5,1.000,0.0,0.8,0.8,0.3,0.3,0.3,0.3,0.8,0.5,2023-2024
2606,40,Ousmane Dieng,PF,20,OKC,4,0,1.8,0.3,0.5,.500,0.0,0.3,.000,0.3,0.3,1.000,.500,0.0,0.0,0,0.0,0.0,0.0,0.0,0.0,0.0,0.0,0.0,0.5,2023-2024
2607,41,Spencer Dinwiddie,PG,30,LAL,5,0,14.6,1.0,2.8,.357,0.4,1.6,.250,0.6,1.2,.500,.429,0.6,1.2,.500,0.2,1.2,1.4,1.6,0.4,0.2,0.2,1.4,3.0,2023-2024
2608,42,Donte DiVincenzo,SG,27,NYK,13,13,35.8,6.2,14.7,.419,3.5,8.2,.425,2.7,6.5,.412,.537,2.0,2.3,.867,1.0,3.0,4.0,2.6,1.2,0.9,1.2,2.2,17.8,2023-2024
2609,43,Luka Dončić,PG,24,DAL,22,22,40.9,10.2,22.9,.446,3.1,9.6,.322,7.1,13.3,.536,.514,5.3,7.0,.765,0.7,8.7,9.5,8.1,1.9,0.4,4.1,2.5,28.9,2023-2024
2610,44,Luguentz Dort,SF,24,OKC,10,10,35.0,3.3,9.1,.363,2.5,6.4,.391,0.8,2.7,.296,.500,1.6,1.9,.842,1.9,2.7,4.6,2.0,1.3,0.2,1.1,4.2,10.7,2023-2024
2611,45,Kevin Durant,PF,35,PHO,4,4,42.0,9.3,16.8,.552,1.3,3.0,.417,8.0,13.8,.582,.590,7.0,8.5,.824,0.3,6.3,6.5,3.3,0.5,1.5,2.5,2.0,26.8,2023-2024
2612,46,Anthony Edwards,SG,22,MIN,16,16,40.6,9.8,20.3,.481,2.9,7.2,.400,6.9,13.1,.526,.552,5.2,6.4,.814,1.1,5.9,7.0,6.5,1.5,0.6,3.3,2.3,27.6,2023-2024
2613,47,Joel Embiid,C,29,PHI,6,6,41.3,9.8,22.2,.444,2.2,6.5,.333,7.7,15.7,.489,.492,11.2,13.0,.859,3.2,7.7,10.8,5.7,1.2,1.5,4.2,3.3,33.0,2023-2024
2614,48,Drew Eubanks,C,26,PHO,3,0,12.3,2.3,4.0,.583,0.0,0.0,0,2.3,4.0,.583,.583,1.0,1.0,1.000,0.0,1.3,1.3,0.0,0.7,0.3,0.7,2.0,5.7,2023-2024
2615,49,Danté Exum,PG,28,DAL,21,0,6.9,0.8,2.1,.364,0.3,1.0,.350,0.4,1.1,.375,.443,0.2,0.3,.667,0.1,0.7,0.8,0.6,0.1,0.0,0.2,0.4,2.0,2023-2024
2616,50,Markelle Fultz,PG,25,ORL,7,0,15.1,2.9,4.9,.588,0.0,0.1,.000,2.9,4.7,.606,.588,0.7,1.3,.556,1.0,1.0,2.0,1.1,0.4,0.0,1.1,1.7,6.4,2023-2024
2617,51,Daniel Gafford,PF,25,DAL,22,22,20.2,3.5,5.6,.634,0.0,0.0,0,3.5,5.6,.634,.634,1.9,3.0,.631,1.9,3.6,5.5,0.7,0.3,1.5,0.9,1.7,9.0,2023-2024
2618,52,Danilo Gallinari,SF,35,MIL,3,0,12.3,1.3,2.7,.500,0.0,0.7,.000,1.3,2.0,.667,.500,1.0,1.3,.750,0.3,2.7,3.0,0.7,0.0,0.0,0.3,0.0,3.7,2023-2024
2619,53,Darius Garland,PG,24,CLE,12,12,36.0,6.1,14.3,.427,2.1,5.9,.352,4.0,8.3,.480,.500,1.4,1.8,.810,0.1,3.5,3.6,5.8,1.1,0.2,2.3,2.8,15.7,2023-2024
2620,54,Luka Garza,C,25,MIN,7,0,3.7,1.4,1.7,.833,0.3,0.4,.667,1.1,1.3,.889,.917,1.0,1.1,.875,0.3,0.6,0.9,0.1,0.0,0.0,0.0,0.0,4.1,2023-2024
2621,55,Paul George,PF,33,LAC,6,6,37.0,6.5,15.8,.411,3.0,8.2,.367,3.5,7.7,.457,.505,3.5,4.2,.840,0.5,6.3,6.8,4.8,1.2,0.5,2.3,3.7,19.5,2023-2024
2622,56,Josh Giddey,SG,21,OKC,10,8,18.1,3.4,7.5,.453,1.2,3.4,.353,2.2,4.1,.537,.533,0.7,0.8,.875,0.7,2.9,3.6,2.1,0.2,0.4,1.2,0.9,8.7,2023-2024
2623,57,Shai Gilgeous-Alexander,PG,25,OKC,10,10,39.9,11.1,22.4,.496,1.6,3.7,.432,9.5,18.7,.508,.531,6.4,8.1,.790,0.8,6.4,7.2,6.4,1.3,1.7,2.2,3.1,30.2,2023-2024
2624,58,Rudy Gobert,C,31,MIN,15,15,34.1,4.3,6.9,.615,0.0,0.0,0,4.3,6.9,.615,.615,3.5,5.3,.671,2.7,7.1,9.8,1.6,0.9,1.0,1.5,3.7,12.1,2023-2024
2625,59,Aaron Gordon,PF,28,DEN,12,12,37.1,5.8,9.8,.585,0.9,2.3,.407,4.8,7.6,.637,.631,1.9,2.3,.821,3.0,4.3,7.3,4.4,0.8,0.6,1.5,2.3,14.3,2023-2024
2626,60,Eric Gordon,SG,35,PHO,4,0,29.5,2.3,7.0,.321,1.8,4.3,.412,0.5,2.8,.182,.446,1.8,2.0,.875,0.3,1.5,1.8,1.3,1.3,0.5,1.0,1.3,8.0,2023-2024
2627,61,A.J. Green,SG,24,MIL,6,0,11.2,1.0,2.7,.375,0.3,1.8,.182,0.7,0.8,.800,.438,0.5,0.5,1.000,0.0,1.5,1.5,0.3,0.0,0.0,0.2,1.5,2.8,2023-2024
2628,62,Josh Green,SG,23,DAL,22,0,18.1,1.6,3.9,.424,1.0,2.7,.390,0.6,1.2,.500,.559,0.6,0.9,.737,1.0,1.6,2.5,1.0,0.8,0.1,0.3,1.3,5.0,2023-2024
2629,63,Rui Hachimura,PF,25,LAL,5,5,30.4,3.0,7.6,.395,1.0,2.8,.357,2.0,4.8,.417,.461,0.8,1.6,.500,1.2,2.6,3.8,0.8,0.0,0.0,0.4,1.6,7.8,2023-2024
2630,64,Tyrese Haliburton,PG,23,IND,15,15,34.8,7.0,14.3,.488,3.5,9.3,.379,3.5,5.0,.693,.612,1.1,1.3,.850,0.8,4.0,4.8,8.2,1.3,0.7,2.1,0.9,18.7,2023-2024
2631,65,Tim Hardaway Jr.,SF,31,DAL,14,0,12.7,1.6,4.1,.379,0.9,2.6,.351,0.6,1.5,.429,.491,0.3,0.6,.500,0.1,1.6,1.8,0.4,0.4,0.1,0.1,0.7,4.4,2023-2024
2632,66,James Harden,PG,34,LAC,6,6,40.3,6.7,14.8,.449,3.0,7.8,.383,3.7,7.0,.524,.551,4.8,5.3,.906,0.5,4.0,4.5,8.0,1.0,1.0,2.3,2.2,21.2,2023-2024
2633,67,Jaden Hardy,SG,21,DAL,19,0,6.8,1.5,3.6,.426,0.6,1.4,.407,0.9,2.2,.439,.507,0.6,0.8,.733,0.1,0.7,0.8,0.9,0.2,0.0,0.4,0.7,4.2,2023-2024
2634,68,Gary Harris,SG,29,ORL,6,6,26.5,1.3,4.7,.286,1.2,3.7,.318,0.2,1.0,.167,.411,0.3,0.3,1.000,0.8,1.2,2.0,0.7,1.2,0.5,0.3,3.0,4.2,2023-2024
2635,69,Tobias Harris,PF,31,PHI,6,6,36.3,3.7,8.5,.431,1.0,3.0,.333,2.7,5.5,.485,.490,0.7,0.7,1.000,1.5,5.7,7.2,1.5,0.2,0.5,0.5,1.8,9.0,2023-2024
2636,70,Josh Hart,SF,28,NYK,13,13,42.2,5.1,11.5,.440,1.7,4.5,.373,3.4,7.0,.484,.513,2.7,3.7,.729,2.8,8.7,11.5,4.5,1.0,0.8,2.6,3.2,14.5,2023-2024
2637,71,Isaiah Hartenstein,C,25,NYK,13,13,29.8,3.5,5.8,.592,0.1,0.2,.500,3.4,5.7,.595,.599,1.5,1.7,.864,3.8,4.1,7.8,3.5,0.3,0.9,1.5,3.2,8.5,2023-2024
2638,72,Sam Hauser,SF,26,BOS,19,0,14.9,1.9,4.4,.429,1.4,3.7,.380,0.5,0.7,.692,.589,0.2,0.2,1.000,0.4,1.7,2.2,0.6,0.3,0.2,0.2,1.1,5.4,2023-2024
2639,73,Jordan Hawkins,SG,21,NOP,3,0,4.0,0.0,1.3,.000,0.0,1.0,.000,0.0,0.3,.000,.000,0.0,0.0,0,0.0,0.7,0.7,0.0,0.0,0.0,0.0,0.3,0.0,2023-2024
2640,74,Jaxson Hayes,C,23,LAL,4,0,6.0,0.0,0.5,.000,0.0,0.0,0,0.0,0.5,.000,.000,0.3,0.5,.500,0.8,2.3,3.0,0.3,0.0,0.0,0.5,1.8,0.3,2023-2024
2641,75,Gordon Hayward,SF,33,OKC,7,0,6.6,0.0,0.4,.000,0.0,0.0,0,0.0,0.4,.000,.000,0.0,0.0,0,0.1,1.7,1.9,0.4,0.1,0.1,0.0,0.3,0.0,2023-2024
2642,76,Tyler Herro,SG,24,MIA,5,5,37.0,6.0,15.6,.385,3.0,8.6,.349,3.0,7.0,.429,.481,1.8,2.0,.900,0.0,3.6,3.6,5.4,0.4,0.0,2.8,2.0,16.8,2023-2024
2643,77,Buddy Hield,SG,31,PHI,4,0,12.8,1.8,4.3,.412,1.5,3.3,.462,0.3,1.0,.250,.588,0.5,0.5,1.000,0.5,0.8,1.3,0.5,0.0,0.3,0.5,1.0,5.5,2023-2024
2644,78,Haywood Highsmith,PF,27,MIA,5,0,25.2,2.0,5.6,.357,0.6,3.2,.188,1.4,2.4,.583,.411,0.2,0.2,1.000,0.4,2.4,2.8,1.6,0.2,0.2,0.8,2.8,4.8,2023-2024
2645,79,Jrue Holiday,PG,33,BOS,19,19,37.9,5.1,10.2,.503,1.8,4.6,.402,3.3,5.6,.585,.593,1.1,1.2,.955,1.9,4.2,6.1,4.4,1.1,0.6,1.5,2.1,13.2,2023-2024
2646,80,Justin Holiday,SG,34,DEN,12,0,12.5,0.9,2.9,.314,0.9,2.4,.379,0.0,0.5,.000,.471,0.2,0.3,.500,0.1,1.6,1.7,0.3,0.5,0.0,0.3,1.3,2.9,2023-2024
2647,81,Chet Holmgren,C,21,OKC,10,10,34.5,5.9,11.9,.496,1.3,5.0,.260,4.6,6.9,.667,.550,2.5,3.3,.758,1.4,5.8,7.2,2.1,0.7,2.5,1.9,2.6,15.6,2023-2024
2648,82,Al Horford,C,37,BOS,19,15,30.3,3.5,7.3,.478,1.8,5.0,.368,1.6,2.3,.721,.605,0.4,0.6,.636,1.8,5.2,7.0,2.1,0.8,0.8,0.6,1.5,9.2,2023-2024
2649,83,Caleb Houstan,SF,21,ORL,3,0,4.7,0.3,0.7,.500,0.3,0.7,.500,0.0,0.0,0,.750,0.0,0.0,0,0.3,0.3,0.7,0.0,0.0,0.0,0.0,0.0,1.0,2023-2024
2650,84,Jett Howard,SF,20,ORL,2,0,5.0,1.0,1.5,.667,0.5,0.5,1.000,0.5,1.0,.500,.833,0.0,0.0,0,0.0,0.5,0.5,0.5,0.0,0.0,1.0,0.5,2.5,2023-2024
2651,85,Bones Hyland,PG,23,LAC,3,0,4.0,1.0,2.3,.429,0.3,1.7,.200,0.7,0.7,1.000,.500,1.3,1.3,1.000,0.0,0.7,0.7,1.3,0.0,0.0,0.3,0.0,3.7,2023-2024
2652,86,Joe Ingles,SF,36,ORL,7,0,9.7,0.6,1.7,.333,0.3,1.0,.286,0.3,0.7,.400,.417,0.1,0.3,.500,0.3,1.6,1.9,1.7,0.4,0.0,0.0,0.4,1.6,2023-2024
2653,87,Brandon Ingram,SF,26,NOP,4,4,36.3,4.8,13.8,.345,0.5,2.0,.250,4.3,11.8,.362,.364,4.3,4.8,.895,0.3,4.3,4.5,3.3,1.0,1.3,2.3,2.0,14.3,2023-2024
2654,88,Kyrie Irving,SG,31,DAL,22,22,40.0,8.5,18.1,.467,2.4,6.2,.390,6.0,11.9,.508,.534,2.8,3.3,.849,1.0,2.7,3.7,5.1,1.0,0.3,2.3,2.8,22.1,2023-2024
2655,89,Jonathan Isaac,PF,26,ORL,7,3,21.0,2.3,5.6,.410,1.4,3.9,.370,0.9,1.7,.500,.538,0.3,0.3,1.000,1.4,3.4,4.9,0.4,0.7,1.3,0.6,1.0,6.3,2023-2024
2656,90,Andre Jackson Jr.,SG,22,MIL,5,0,12.0,1.0,2.2,.455,0.4,1.2,.333,0.6,1.0,.600,.545,0.0,0.0,0,1.0,1.2,2.2,2.0,1.0,0.2,0.6,2.0,2.4,2023-2024
2657,91,Isaiah Jackson,C,22,IND,15,0,10.3,1.5,2.9,.535,0.0,0.0,0,1.5,2.9,.535,.535,0.7,1.2,.611,1.4,1.8,3.2,0.5,0.2,0.9,0.3,1.6,3.8,2023-2024
2658,92,Reggie Jackson,PG,33,DEN,12,0,9.8,1.3,4.0,.333,0.7,1.9,.348,0.7,2.1,.320,.417,0.2,0.2,1.000,0.2,1.1,1.3,1.0,0.2,0.1,0.7,1.0,3.5,2023-2024
2659,93,LeBron James,PF,39,LAL,5,5,40.8,11.2,19.8,.566,2.0,5.2,.385,9.2,14.6,.630,.616,3.4,4.6,.739,0.8,6.0,6.8,8.8,2.4,1.0,3.8,2.2,27.8,2023-2024
2660,94,Jaime Jaquez Jr.,SF,22,MIA,4,4,30.8,5.3,13.0,.404,0.8,3.3,.231,4.5,9.8,.462,.433,1.5,1.8,.857,0.5,2.8,3.3,3.0,0.8,0.5,1.8,1.5,12.8,2023-2024
2661,95,DaQuan Jeffries,SG,26,NYK,4,0,5.0,0.8,2.0,.375,0.5,1.3,.400,0.3,0.8,.333,.500,0.0,0.0,0,0.3,0.8,1.0,0.0,0.3,0.0,0.0,0.5,2.0,2023-2024
2662,96,Isaiah Joe,SG,24,OKC,10,2,17.3,2.4,5.4,.444,1.6,3.9,.410,0.8,1.5,.533,.593,0.0,0.0,0,0.4,1.8,2.2,1.0,0.5,0.0,0.5,1.0,6.4,2023-2024
2663,97,James Johnson,PF,36,IND,1,0,1.0,0.0,0.0,0,0.0,0.0,0,0.0,0.0,0,0,1.0,2.0,.500,0.0,0.0,0.0,0.0,0.0,0.0,1.0,0.0,1.0,2023-2024
2664,98,Nikola Jokić,C,28,DEN,12,12,40.2,11.1,20.3,.545,1.2,4.4,.264,9.9,15.9,.623,.574,5.3,5.9,.901,3.6,9.8,13.4,8.7,1.4,0.7,3.3,2.7,28.7,2023-2024
2665,99,Damian Jones,C,28,CLE,2,0,4.5,0.0,0.0,0,0.0,0.0,0,0.0,0.0,0,0,0.0,0.0,0,0.5,0.5,1.0,1.0,0.0,0.5,1.0,0.0,0.0,2023-2024
2666,100,Derrick Jones Jr.,SF,26,DAL,22,22,29.4,3.5,7.3,.481,1.1,3.0,.369,2.4,4.3,.558,.556,1.0,1.4,.733,1.5,2.0,3.5,1.2,0.5,1.0,0.8,2.5,9.1,2023-2024
2667,101,Herbert Jones,SF,25,NOP,4,4,35.3,4.0,10.3,.390,2.0,6.0,.333,2.0,4.3,.471,.488,3.0,3.0,1.000,1.5,3.5,5.0,2.5,1.3,0.3,2.8,3.8,13.0,2023-2024
2668,102,DeAndre Jordan,C,35,DEN,2,0,6.5,0.5,1.0,.500,0.0,0.0,0,0.5,1.0,.500,.500,1.0,1.0,1.000,0.5,1.0,1.5,0.0,0.5,0.5,0.0,2.0,2.0,2023-2024
2669,103,Nikola Jović,PF,20,MIA,5,5,25.6,3.2,7.2,.444,1.8,4.4,.409,1.4,2.8,.500,.569,1.2,1.4,.857,0.4,6.2,6.6,2.2,1.0,0.6,1.2,1.8,9.4,2023-2024
2670,104,Maxi Kleber,C,32,DAL,13,0,16.8,1.2,3.0,.410,0.9,2.2,.429,0.3,0.8,.364,.564,0.3,0.5,.667,0.3,1.6,1.9,1.0,0.2,0.3,0.4,1.5,3.7,2023-2024
2671,105,Luke Kornet,C,28,BOS,13,0,10.2,1.1,1.6,.667,0.0,0.0,0,1.1,1.6,.667,.667,0.8,1.0,.846,1.5,1.7,3.2,0.5,0.1,0.4,0.5,0.8,3.0,2023-2024
2672,106,A.J. Lawson,SG,23,DAL,10,0,3.0,0.4,0.9,.444,0.2,0.6,.333,0.2,0.3,.667,.556,0.1,0.2,.500,0.1,0.2,0.3,0.0,0.0,0.1,0.0,0.1,1.1,2023-2024
2673,107,Kawhi Leonard,SF,32,LAC,2,2,29.5,5.5,12.0,.458,0.0,2.5,.000,5.5,9.5,.579,.458,1.0,1.5,.667,1.5,6.5,8.0,2.0,2.0,0.5,2.0,1.5,12.0,2023-2024
2674,108,Caris LeVert,SG,29,CLE,11,1,25.3,4.0,9.3,.431,0.5,3.0,.182,3.5,6.3,.551,.461,1.5,2.4,.654,0.7,2.9,3.6,2.3,0.8,0.5,1.3,1.3,10.1,2023-2024
2675,109,E.J. Liddell,PF,23,NOP,1,0,3.0,0.0,0.0,0,0.0,0.0,0,0.0,0.0,0,0,0.0,0.0,0,0.0,1.0,1.0,0.0,0.0,0.0,0.0,0.0,0.0,2023-2024
2676,110,Damian Lillard,PG,33,MIL,4,4,39.0,8.5,20.3,.420,5.0,12.0,.417,3.5,8.3,.424,.543,9.3,9.5,.974,0.5,2.8,3.3,5.0,1.0,0.0,2.3,2.0,31.3,2023-2024
2677,111,Nassir Little,SF,23,PHO,4,0,3.5,0.8,1.3,.600,0.3,0.8,.333,0.5,0.5,1.000,.700,0.0,0.0,0,0.0,0.3,0.3,0.0,0.0,0.0,0.0,0.5,1.8,2023-2024
2678,112,Dereck Lively II,C,19,DAL,21,0,22.0,3.0,4.5,.674,0.0,0.0,1.000,3.0,4.5,.670,.679,1.7,2.9,.590,2.7,4.7,7.4,1.3,0.4,1.0,1.0,2.3,7.9,2023-2024
2679,113,Chris Livingston,SF,20,MIL,2,0,3.0,0.5,0.5,1.000,0.0,0.0,0,0.5,0.5,1.000,1.000,0.0,1.5,.000,0.0,0.0,0.0,0.0,0.0,0.0,0.0,0.0,1.0,2023-2024
2680,114,Brook Lopez,C,35,MIL,6,6,33.3,7.3,12.5,.587,1.7,3.8,.435,5.7,8.7,.654,.653,1.3,2.5,.533,1.8,2.5,4.3,1.8,0.0,1.3,1.5,1.7,17.7,2023-2024
2681,115,Kevin Love,PF,35,MIA,5,0,6.4,0.8,1.8,.444,0.2,0.8,.250,0.6,1.0,.600,.500,0.0,0.0,0,0.2,2.6,2.8,0.8,0.0,0.0,0.4,0.4,1.8,2023-2024
2682,116,Kyle Lowry,PG,37,PHI,6,6,29.2,1.8,5.3,.344,1.3,4.0,.333,0.5,1.3,.375,.469,2.0,2.5,.800,1.0,2.5,3.5,4.0,1.0,0.7,0.7,3.8,7.0,2023-2024
2683,117,Terance Mann,SG,27,LAC,6,6,31.2,3.2,7.7,.413,1.7,3.7,.455,1.5,4.0,.375,.522,1.3,1.3,1.000,2.8,2.2,5.0,1.8,0.0,0.0,0.8,3.2,9.3,2023-2024
2684,118,Naji Marshall,SF,26,NOP,4,0,21.0,3.0,7.0,.429,1.5,3.8,.400,1.5,3.3,.462,.536,1.5,1.5,1.000,0.8,2.0,2.8,1.3,0.5,0.5,0.5,2.3,9.0,2023-2024
2685,119,Caleb Martin,SF,28,MIA,5,5,35.2,4.2,9.0,.467,2.2,5.0,.440,2.0,4.0,.500,.589,1.0,1.0,1.000,1.0,2.6,3.6,1.4,0.6,0.0,0.6,2.8,11.6,2023-2024
2686,120,Tyrese Maxey,PG,23,PHI,6,6,44.5,11.0,23.0,.478,3.7,9.2,.400,7.3,13.8,.530,.558,4.2,4.7,.893,0.2,5.0,5.2,6.8,0.8,0.3,2.2,2.7,29.8,2023-2024
2687,121,Miles McBride,PG,23,NYK,13,2,26.7,4.2,9.5,.435,1.9,5.2,.368,2.2,4.3,.518,.536,0.8,0.9,.833,0.5,1.7,2.2,1.9,0.5,0.2,0.8,2.3,11.0,2023-2024
2688,122,CJ McCollum,PG,32,NOP,4,4,37.0,7.8,18.5,.419,1.8,7.3,.241,6.0,11.3,.533,.466,0.5,0.5,1.000,0.5,4.3,4.8,4.8,1.8,0.8,4.0,3.5,17.8,2023-2024
2689,123,T.J. McConnell,PG,31,IND,17,0,20.5,5.3,10.9,.486,0.4,1.5,.269,4.9,9.4,.522,.505,0.8,0.9,.867,0.6,2.4,3.1,5.1,0.9,0.1,1.2,1.5,11.8,2023-2024
2690,124,Jaden McDaniels,SF,23,MIN,16,16,33.6,4.5,8.8,.514,1.5,3.5,.429,3.0,5.3,.571,.600,1.7,2.2,.771,1.8,2.1,3.8,1.1,0.9,1.1,1.1,3.4,12.2,2023-2024
2691,125,Doug McDermott,SF,32,IND,10,0,6.4,0.5,1.1,.455,0.3,0.8,.375,0.2,0.3,.667,.591,0.0,0.0,0,0.2,0.1,0.3,0.7,0.0,0.2,0.1,0.5,1.3,2023-2024
2692,126,Jordan McLaughlin,PG,27,MIN,6,0,5.0,0.3,1.5,.222,0.0,0.8,.000,0.3,0.7,.500,.222,0.0,0.3,.000,0.0,0.7,0.7,0.3,0.0,0.0,0.3,0.2,0.7,2023-2024
2693,127,De'Anthony Melton,SG,25,PHI,1,0,7.0,0.0,2.0,.000,0.0,2.0,.000,0.0,0.0,0,.000,0.0,0.0,0,0.0,1.0,1.0,1.0,0.0,0.0,0.0,1.0,0.0,2023-2024
2694,128,Sam Merrill,SG,27,CLE,10,0,12.5,1.0,2.9,.345,1.0,2.7,.370,0.0,0.2,.000,.517,0.3,0.3,1.000,0.2,1.0,1.2,0.9,0.0,0.0,0.0,0.9,3.3,2023-2024
2695,129,Khris Middleton,SF,32,MIL,6,6,38.3,9.2,19.0,.482,1.8,5.2,.355,7.3,13.8,.530,.531,4.5,5.0,.900,2.0,7.2,9.2,4.7,0.5,0.2,2.3,4.2,24.7,2023-2024
2696,130,Leonard Miller,SF,20,MIN,3,0,2.3,0.0,0.3,.000,0.0,0.3,.000,0.0,0.0,0,.000,0.0,0.0,0,0.3,1.0,1.3,0.0,0.0,0.0,0.0,0.0,0.0,2023-2024
2697,131,Patty Mills,PG,35,MIA,3,0,17.3,2.0,5.7,.353,1.0,3.7,.273,1.0,2.0,.500,.441,1.0,1.3,.750,0.3,0.0,0.3,1.0,0.3,0.0,0.3,0.7,6.0,2023-2024
2698,132,Shake Milton,SG,27,NYK,4,0,5.5,0.0,1.5,.000,0.0,0.5,.000,0.0,1.0,.000,.000,1.3,1.5,.833,0.0,0.3,0.3,0.5,0.3,0.0,0.0,0.0,1.3,2023-2024
2699,133,Josh Minott,SF,21,MIN,5,0,3.6,0.4,1.8,.222,0.4,1.0,.400,0.0,0.8,.000,.333,0.0,0.0,0,0.2,0.8,1.0,0.6,0.0,0.0,0.0,0.4,1.2,2023-2024
2700,134,Donovan Mitchell,SG,27,CLE,10,10,38.2,10.7,22.5,.476,2.9,8.2,.354,7.8,14.3,.545,.540,5.3,6.5,.815,0.6,4.8,5.4,4.7,1.3,0.3,2.8,2.9,29.6,2023-2024
2701,135,Evan Mobley,PF,22,CLE,12,12,35.2,6.8,12.2,.555,0.4,1.5,.278,6.3,10.7,.594,.572,2.1,3.0,.694,2.5,6.8,9.3,2.3,0.8,2.2,1.8,2.8,16.0,2023-2024
2702,136,Wendell Moore Jr.,SG,22,MIN,6,0,3.0,0.5,1.2,.429,0.2,0.7,.250,0.3,0.5,.667,.500,0.0,0.0,0,0.0,0.3,0.3,0.3,0.2,0.0,0.2,0.5,1.2,2023-2024
2703,137,Marcus Morris,PF,34,CLE,9,1,15.3,2.4,5.3,.458,1.0,2.6,.391,1.4,2.8,.520,.552,0.2,0.3,.667,0.2,2.6,2.8,0.3,0.4,0.0,0.3,0.9,6.1,2023-2024
2704,138,Markieff Morris,PF,34,DAL,1,0,12.0,1.0,5.0,.200,1.0,3.0,.333,0.0,2.0,.000,.300,0.0,0.0,0,0.0,4.0,4.0,0.0,0.0,0.0,1.0,1.0,3.0,2023-2024
2705,139,Monte Morris,PG,28,MIN,9,0,7.4,1.0,3.3,.300,0.1,1.6,.071,0.9,1.8,.500,.317,0.2,0.2,1.000,0.1,0.6,0.7,1.0,0.2,0.1,0.0,0.7,2.3,2023-2024
2706,140,Trey Murphy III,SF,23,NOP,4,4,42.0,4.5,12.0,.375,2.5,7.5,.333,2.0,4.5,.444,.479,0.0,0.0,0,0.8,5.8,6.5,2.3,1.3,1.5,2.0,3.0,11.5,2023-2024
2707,141,Jamal Murray,PG,26,DEN,12,12,38.5,8.3,20.8,.402,1.9,6.1,.315,6.4,14.7,.438,.448,2.0,2.2,.923,0.8,3.6,4.3,5.6,0.8,0.5,2.6,2.3,20.6,2023-2024
2708,142,Svi Mykhailiuk,SF,26,BOS,8,0,4.0,0.4,1.5,.250,0.3,1.1,.222,0.1,0.4,.333,.333,0.0,0.0,0,0.1,0.5,0.6,0.1,0.1,0.0,0.3,0.4,1.0,2023-2024
2709,143,Larry Nance Jr.,C,31,NOP,4,0,21.0,2.5,4.3,.588,0.3,1.0,.250,2.3,3.3,.692,.618,1.0,1.5,.667,3.8,4.5,8.3,1.8,0.5,0.0,1.8,2.3,6.3,2023-2024
2710,144,Andrew Nembhard,PG,24,IND,17,17,32.6,6.0,10.7,.560,1.7,3.5,.483,4.3,7.2,.598,.640,1.2,1.5,.769,0.8,2.5,3.3,5.5,0.4,0.2,1.4,3.3,14.9,2023-2024
2711,145,Aaron Nesmith,SF,24,IND,17,17,32.9,3.6,8.3,.433,1.3,4.6,.278,2.3,3.6,.629,.511,2.0,2.2,.919,1.1,3.8,4.9,2.2,0.6,0.5,1.4,3.9,10.5,2023-2024
2712,146,Georges Niang,PF,30,CLE,10,0,12.1,0.9,4.1,.220,0.3,2.3,.130,0.6,1.8,.333,.256,0.7,0.8,.875,0.3,0.9,1.2,0.4,0.4,0.2,0.7,1.8,2.8,2023-2024
2713,147,Zeke Nnaji,PF,23,DEN,3,0,4.7,0.7,1.0,.667,0.0,0.0,0,0.7,1.0,.667,.667,0.3,0.7,.500,0.7,0.0,0.7,0.0,0.0,0.3,0.7,0.3,1.7,2023-2024
2714,148,Jusuf Nurkić,C,29,PHO,4,4,26.0,3.3,6.5,.500,0.0,0.5,.000,3.3,6.0,.542,.500,1.3,2.8,.455,3.3,5.0,8.3,2.8,1.5,1.5,1.5,3.8,7.8,2023-2024
2715,149,Royce O'Neale,SF,30,PHO,4,2,26.0,1.8,5.5,.318,1.5,4.5,.333,0.3,1.0,.250,.455,0.0,0.0,0,1.3,3.5,4.8,1.0,0.3,0.0,0.5,2.8,5.0,2023-2024
2716,150,Chuma Okeke,SF,25,ORL,2,0,5.0,1.0,1.5,.667,0.5,1.0,.500,0.5,0.5,1.000,.833,0.5,0.5,1.000,0.0,0.0,0.0,0.5,0.0,0.0,0.0,0.0,3.0,2023-2024
2717,151,Josh Okogie,SG,25,PHO,4,0,7.3,1.3,2.3,.556,0.3,0.8,.333,1.0,1.5,.667,.611,0.8,1.5,.500,0.0,1.0,1.0,0.5,0.5,0.0,0.5,1.8,3.5,2023-2024
2718,152,Isaac Okoro,SF,23,CLE,12,7,21.9,2.1,5.8,.357,0.8,2.9,.257,1.3,2.9,.457,.421,0.6,0.8,.778,0.4,1.3,1.8,1.1,0.9,0.3,0.9,2.5,5.5,2023-2024
2719,153,Kelly Oubre Jr.,SF,28,PHI,6,6,37.3,5.2,10.7,.484,1.5,3.8,.391,3.7,6.8,.537,.555,1.3,1.8,.727,1.5,2.5,4.0,1.7,1.8,1.2,1.3,4.0,13.2,2023-2024
2720,154,Cameron Payne,PG,29,PHI,5,0,12.2,2.0,5.0,.400,1.6,3.6,.444,0.4,1.4,.286,.560,0.0,0.0,0,0.0,1.2,1.2,1.4,0.2,0.8,0.6,2.0,5.6,2023-2024
2721,155,Jalen Pickett,SG,24,DEN,3,0,3.7,0.7,1.0,.667,0.0,0.3,.000,0.7,0.7,1.000,.667,0.0,0.0,0,0.0,0.3,0.3,0.3,0.0,0.3,0.0,0.3,1.3,2023-2024
2722,156,Mason Plumlee,C,33,LAC,6,0,11.0,1.2,3.0,.389,0.0,0.0,0,1.2,3.0,.389,.389,0.8,1.3,.625,1.2,2.2,3.3,0.7,0.5,0.3,0.3,2.2,3.2,2023-2024
2723,157,Michael Porter Jr.,SF,25,DEN,12,12,36.9,5.7,12.2,.466,2.8,6.8,.407,2.9,5.4,.538,.579,1.7,2.2,.769,0.7,6.2,6.8,1.1,0.9,0.8,1.5,2.3,15.8,2023-2024
2724,158,Bobby Portis,PF,28,MIL,6,6,31.2,7.3,15.2,.484,0.5,2.0,.250,6.8,13.2,.519,.500,1.3,2.2,.615,2.7,8.7,11.3,1.0,0.5,0.2,1.5,2.2,16.5,2023-2024
2725,159,Kristaps Porziņģis,C,28,BOS,7,4,23.6,4.0,8.6,.467,1.4,4.1,.345,2.6,4.4,.581,.550,2.9,3.1,.909,0.6,3.9,4.4,1.1,0.7,1.6,0.7,2.1,12.3,2023-2024
2726,160,Dwight Powell,C,32,DAL,13,0,3.4,0.1,0.2,.333,0.0,0.0,0,0.1,0.2,.333,.333,0.3,0.5,.667,0.2,0.7,0.9,0.2,0.1,0.0,0.2,0.7,0.5,2023-2024
2727,161,Norman Powell,SG,30,LAC,6,0,29.8,4.3,10.2,.426,2.2,4.8,.448,2.2,5.3,.406,.533,2.0,2.5,.800,0.5,2.3,2.8,0.3,0.5,0.0,1.2,3.3,12.8,2023-2024
2728,162,Taurean Prince,PF,29,LAL,5,0,22.2,2.4,5.8,.414,1.0,3.4,.294,1.4,2.4,.583,.500,1.6,1.6,1.000,0.2,2.2,2.4,0.6,0.2,0.4,0.2,1.8,7.4,2023-2024
2729,163,Payton Pritchard,PG,26,BOS,19,0,18.7,2.3,5.5,.419,1.2,3.2,.383,1.1,2.4,.467,.529,0.6,0.6,.917,0.7,1.2,1.9,2.1,0.2,0.0,0.7,1.2,6.4,2023-2024
2730,164,Olivier-Maxence Prosper,PF,21,DAL,3,0,3.0,0.0,0.7,.000,0.0,0.0,0,0.0,0.7,.000,.000,0.0,0.0,0,0.0,1.0,1.0,0.3,0.0,0.0,0.0,0.0,0.0,2023-2024
2731,165,Neemias Queta,C,24,BOS,3,0,4.3,0.7,1.0,.667,0.0,0.0,0,0.7,1.0,.667,.667,0.0,0.0,0,0.3,0.7,1.0,0.0,0.0,0.3,0.0,0.0,1.3,2023-2024
2732,166,Austin Reaves,SG,25,LAL,5,5,34.8,6.0,12.6,.476,1.4,5.2,.269,4.6,7.4,.622,.532,3.4,3.8,.895,1.0,2.8,3.8,3.6,1.4,0.6,0.8,1.6,16.8,2023-2024
2733,167,Paul Reed,C,24,PHI,6,0,7.2,0.7,1.5,.444,0.0,0.0,0,0.7,1.5,.444,.444,0.2,0.3,.500,1.5,1.2,2.7,0.3,0.2,0.5,0.5,1.2,1.5,2023-2024
2734,168,Naz Reid,PF,24,MIN,16,0,22.6,4.1,8.9,.458,1.6,4.3,.362,2.5,4.6,.548,.546,1.4,1.9,.710,0.6,3.1,3.7,1.0,0.5,0.8,0.9,2.0,11.1,2023-2024
2735,169,Duncan Robinson,SF,29,MIA,5,0,12.0,1.0,3.2,.313,0.6,2.6,.231,0.4,0.6,.667,.406,0.0,0.0,0,0.0,1.0,1.0,1.2,0.4,0.0,1.0,1.2,2.6,2023-2024
2736,170,Mitchell Robinson,C,25,NYK,6,0,19.2,1.2,2.3,.500,0.0,0.0,0,1.2,2.3,.500,.500,0.5,1.3,.375,3.8,3.0,6.8,0.5,1.0,1.2,0.5,2.5,2.8,2023-2024
2737,171,Orlando Robinson,C,23,MIA,1,0,2.0,0.0,1.0,.000,0.0,1.0,.000,0.0,0.0,0,.000,0.0,0.0,0,0.0,1.0,1.0,1.0,0.0,0.0,0.0,0.0,0.0,2023-2024
2738,172,Jeremiah Robinson-Earl,PF,23,NOP,1,0,5.0,1.0,2.0,.500,0.0,0.0,0,1.0,2.0,.500,.500,0.0,2.0,.000,1.0,0.0,1.0,1.0,0.0,0.0,0.0,0.0,2.0,2023-2024
2739,173,David Roddy,PF,22,PHO,2,0,1.5,0.0,0.0,0,0.0,0.0,0,0.0,0.0,0,0,0.0,0.0,0,0.0,0.0,0.0,0.0,0.0,0.0,0.0,0.0,0.0,2023-2024
2740,174,D'Angelo Russell,PG,27,LAL,5,5,37.0,5.6,14.6,.384,2.8,8.8,.318,2.8,5.8,.483,.479,0.2,0.4,.500,0.2,2.6,2.8,4.2,0.8,0.2,1.8,1.2,14.2,2023-2024
2741,175,Matt Ryan,SF,26,NOP,1,0,3.0,0.0,1.0,.000,0.0,1.0,.000,0.0,0.0,0,.000,0.0,0.0,0,0.0,1.0,1.0,0.0,1.0,0.0,1.0,0.0,0.0,2023-2024
2742,176,Ben Sheppard,SG,22,IND,17,2,19.7,1.8,4.2,.437,1.1,2.9,.380,0.7,1.2,.571,.570,0.4,0.5,.778,0.6,2.4,3.0,1.0,0.5,0.1,0.6,1.9,5.2,2023-2024
2743,177,Pascal Siakam,PF,29,IND,17,17,35.5,9.2,17.1,.541,0.8,2.8,.298,8.4,14.3,.588,.566,2.3,3.7,.619,2.5,5.1,7.5,3.8,0.8,0.4,1.1,2.8,21.6,2023-2024
2744,178,Jericho Sims,C,25,NYK,5,0,5.4,0.4,0.4,1.000,0.0,0.0,0,0.4,0.4,1.000,1.000,0.6,0.8,.750,0.6,1.0,1.6,0.2,0.4,0.2,0.0,0.2,1.4,2023-2024
2745,179,Jalen Smith,C,23,IND,7,0,6.0,0.4,1.1,.375,0.3,0.6,.500,0.1,0.6,.250,.500,0.7,1.1,.625,1.0,1.0,2.0,0.3,0.3,0.1,0.6,1.1,1.9,2023-2024
2746,180,Jaden Springer,SG,21,BOS,4,0,5.5,0.5,0.8,.667,0.0,0.0,0,0.5,0.8,.667,.667,0.0,0.0,0,0.0,0.8,0.8,0.3,0.0,0.3,0.5,0.3,1.0,2023-2024
2747,181,Julian Strawther,SF,21,DEN,3,0,5.3,0.7,2.0,.333,0.3,1.3,.250,0.3,0.7,.500,.417,0.7,1.3,.500,0.0,0.7,0.7,0.0,0.3,0.0,0.3,1.0,2.3,2023-2024
2748,182,Max Strus,SF,27,CLE,12,12,36.2,3.5,8.6,.408,2.1,6.0,.347,1.4,2.6,.548,.529,0.4,0.4,1.000,0.7,4.7,5.3,2.9,0.8,0.0,1.3,3.4,9.5,2023-2024
2749,183,Jalen Suggs,SG,22,ORL,7,7,33.1,4.7,11.7,.402,2.0,6.9,.292,2.7,4.9,.559,.488,3.3,4.3,.767,1.6,3.6,5.1,3.3,1.3,0.4,2.9,2.6,14.7,2023-2024
2750,184,Jayson Tatum,PF,25,BOS,19,19,40.4,8.4,19.6,.427,2.1,7.3,.283,6.3,12.3,.513,.480,6.2,7.2,.861,0.9,8.8,9.7,6.3,1.1,0.7,2.6,2.8,25.0,2023-2024
2751,185,Daniel Theis,C,31,LAC,1,0,4.0,1.0,1.0,1.000,1.0,1.0,1.000,0.0,0.0,0,1.500,0.0,0.0,0,0.0,1.0,1.0,0.0,0.0,0.0,0.0,0.0,3.0,2023-2024
2752,186,Isaiah Thomas,PG,34,PHO,1,0,4.0,0.0,2.0,.000,0.0,1.0,.000,0.0,1.0,.000,.000,0.0,0.0,0,0.0,0.0,0.0,0.0,0.0,0.0,1.0,0.0,0.0,2023-2024
2753,187,Tristan Thompson,C,32,CLE,10,0,8.7,0.7,1.6,.438,0.0,0.0,0,0.7,1.6,.438,.438,0.1,0.2,.500,1.0,1.0,2.0,1.0,0.1,0.5,0.2,0.9,1.5,2023-2024
2754,188,Xavier Tillman Sr.,PF,25,BOS,8,0,8.6,0.6,1.0,.625,0.1,0.1,1.000,0.5,0.9,.571,.688,0.1,0.1,1.000,0.5,1.3,1.8,0.4,0.4,0.4,0.4,0.9,1.5,2023-2024
2755,189,Obi Toppin,PF,25,IND,17,0,20.2,4.3,7.9,.541,1.2,3.3,.357,3.1,4.6,.671,.615,1.1,1.5,.760,0.6,3.8,4.4,1.7,0.4,0.4,0.8,1.2,10.9,2023-2024
2756,190,Karl-Anthony Towns,PF,28,MIN,16,16,32.6,6.8,14.5,.466,1.9,5.2,.361,4.9,9.3,.523,.530,3.7,4.3,.855,2.2,6.8,9.0,2.6,0.8,0.2,1.7,3.4,19.1,2023-2024
2757,191,P.J. Tucker,PF,38,LAC,2,1,15.5,2.0,3.0,.667,1.5,2.0,.750,0.5,1.0,.500,.917,0.0,0.0,0,1.5,0.0,1.5,0.0,0.0,0.0,1.5,3.0,5.5,2023-2024
2758,192,Myles Turner,C,27,IND,17,17,32.4,6.2,12.1,.517,2.3,5.1,.453,3.9,7.0,.563,.612,2.2,2.9,.760,1.5,5.1,6.6,2.1,0.5,1.5,1.9,2.6,17.0,2023-2024
2759,193,Hunter Tyson,PF,23,DEN,3,0,4.7,0.0,1.3,.000,0.0,1.0,.000,0.0,0.3,.000,.000,0.3,0.7,.500,0.3,0.7,1.0,0.3,0.0,0.0,0.3,0.0,0.3,2023-2024
2760,194,Jonas Valančiūnas,C,31,NOP,4,4,22.5,5.5,10.5,.524,0.0,0.3,.000,5.5,10.3,.537,.524,3.5,4.3,.824,4.5,6.5,11.0,1.3,0.5,0.0,2.5,2.3,14.5,2023-2024
2761,195,Gabe Vincent,PG,27,LAL,5,0,13.8,0.6,2.4,.250,0.2,1.4,.143,0.4,1.0,.400,.292,0.0,0.0,0,0.2,1.4,1.6,0.6,0.4,0.0,0.6,1.6,1.4,2023-2024
2762,196,Dean Wade,PF,27,CLE,3,1,21.0,1.3,4.3,.308,1.0,3.3,.300,0.3,1.0,.333,.423,0.0,0.0,0,0.3,1.7,2.0,1.7,0.3,0.7,0.7,1.3,3.7,2023-2024
2763,197,Franz Wagner,SF,22,ORL,7,7,37.0,6.0,14.7,.408,1.3,4.9,.265,4.7,9.9,.478,.451,5.6,6.3,.886,1.4,5.4,6.9,4.4,0.7,1.3,1.3,2.9,18.9,2023-2024
2764,198,Moritz Wagner,C,26,ORL,7,0,15.0,2.3,5.1,.444,0.3,1.3,.222,2.0,3.9,.519,.472,1.4,2.4,.588,1.6,2.9,4.4,0.3,0.9,0.4,1.1,3.0,6.3,2023-2024
2765,199,Jarace Walker,PF,20,IND,9,0,3.4,0.3,1.1,.300,0.0,0.3,.000,0.3,0.8,.429,.300,0.2,0.3,.667,0.1,0.3,0.4,0.4,0.2,0.1,0.7,0.2,0.9,2023-2024
2766,200,Cason Wallace,SG,20,OKC,10,0,19.8,1.6,4.1,.390,0.9,2.8,.321,0.7,1.3,.538,.500,0.1,0.2,.500,0.7,0.6,1.3,1.0,0.9,0.2,0.4,1.4,4.2,2023-2024
2767,201,Jordan Walsh,SF,19,BOS,3,0,3.7,0.3,1.0,.333,0.0,0.3,.000,0.3,0.7,.500,.333,0.0,0.0,0,0.0,0.7,0.7,0.0,0.0,0.0,0.0,0.0,0.7,2023-2024
2768,202,T.J. Warren,SF,30,MIN,3,0,3.7,0.0,0.7,.000,0.0,0.3,.000,0.0,0.3,.000,.000,0.0,0.0,0,0.7,0.3,1.0,0.3,0.0,0.0,0.0,0.0,0.0,2023-2024
2769,203,P.J. Washington,PF,25,DAL,22,22,35.7,4.5,10.6,.427,2.1,6.1,.348,2.4,4.5,.535,.528,1.8,2.5,.709,1.5,5.1,6.6,1.4,0.7,0.8,1.5,3.0,13.0,2023-2024
2770,204,Lindy Waters III,SG,26,OKC,3,0,3.0,0.0,0.3,.000,0.0,0.3,.000,0.0,0.0,0,.000,0.0,0.0,0,0.0,0.3,0.3,0.0,0.0,0.0,0.0,0.0,0.0,2023-2024
2771,205,Peyton Watson,SF,21,DEN,10,0,9.0,0.6,2.4,.250,0.3,1.2,.250,0.3,1.2,.250,.313,0.3,0.6,.500,0.2,1.3,1.5,0.4,0.0,0.6,0.3,0.9,1.8,2023-2024
2772,206,Russell Westbrook,PG,35,LAC,6,0,19.0,2.2,8.3,.260,0.7,2.8,.235,1.5,5.5,.273,.300,1.3,2.2,.615,1.0,3.2,4.2,1.7,1.2,0.5,1.7,1.8,6.3,2023-2024
2773,207,Derrick White,SG,29,BOS,19,19,35.6,5.7,12.7,.452,3.4,8.5,.404,2.3,4.2,.550,.587,1.8,2.0,.921,1.0,3.3,4.3,4.1,0.9,1.2,0.8,2.3,16.7,2023-2024
2774,208,Aaron Wiggins,SG,25,OKC,10,0,15.7,2.3,4.7,.489,0.6,2.0,.300,1.7,2.7,.630,.553,1.0,1.1,.909,0.9,2.3,3.2,1.0,0.6,0.3,0.9,0.8,6.2,2023-2024
2775,209,Jalen Williams,PF,22,OKC,10,10,37.7,7.5,16.0,.469,1.5,3.9,.385,6.0,12.1,.496,.516,2.2,2.7,.815,1.3,5.5,6.8,5.4,1.7,0.5,1.9,2.1,18.7,2023-2024
2776,210,Jaylin Williams,C,21,OKC,10,0,12.7,1.6,3.3,.485,0.9,2.2,.409,0.7,1.1,.636,.621,0.3,0.4,.750,0.4,2.8,3.2,1.5,0.4,0.3,0.3,1.1,4.4,2023-2024
2777,211,Kenrich Williams,PF,29,OKC,7,0,4.6,0.3,1.1,.250,0.0,0.7,.000,0.3,0.4,.667,.250,0.0,0.0,0,0.1,1.0,1.1,0.4,0.1,0.0,0.0,0.4,0.6,2023-2024
2778,212,Delon Wright,PG,31,MIA,4,1,26.8,3.0,5.0,.600,1.5,2.5,.600,1.5,2.5,.600,.750,0.5,0.5,1.000,0.5,2.5,3.0,1.8,1.0,0.3,0.0,1.3,8.0,2023-2024
2779,213,Thaddeus Young,PF,35,PHO,1,0,4.0,0.0,0.0,0,0.0,0.0,0,0.0,0.0,0,0,0.0,0.0,0,0.0,0.0,0.0,0.0,0.0,0.0,0.0,0.0,0.0,2023-2024
2780,214,Ivica Zubac,C,26,LAC,6,6,32.0,7.0,11.7,.600,0.0,0.0,0,7.0,11.7,.600,.600,2.2,3.3,.650,3.0,6.3,9.3,1.0,0.8,0.5,1.3,3.5,16.2,2023-2024
2781,1,Precious Achiuwa,C,25,NYK,8,0,4.3,0.8,1.8,.429,0.0,0.1,.000,0.8,1.6,.462,.429,0.3,0.5,.500,0.4,0.8,1.1,0.0,0.1,0.0,0.1,0.3,1.8,2024-2025
2782,2,Steven Adams,C,31,HOU,7,0,22.1,1.7,2.9,.600,0.0,0.0,0,1.7,2.9,.600,.600,2.3,4.3,.533,3.3,3.3,6.6,0.6,0.4,1.1,0.7,1.0,5.7,2024-2025
2783,3,Bam Adebayo,C,27,MIA,4,4,38.3,7.0,16.0,.438,1.8,5.3,.333,5.3,10.8,.488,.492,1.8,2.8,.636,4.0,7.0,11.0,4.3,1.0,0.3,3.0,2.3,17.5,2024-2025
2784,4,Santi Aldama,PF,24,MEM,4,1,30.5,5.3,11.0,.477,2.5,6.0,.417,2.8,5.0,.550,.591,0.0,0.0,0,0.5,5.5,6.0,1.8,0.0,0.3,1.3,1.8,13.0,2024-2025
2785,5,Nickeil Alexander-Walker,SG,26,MIN,15,0,20.7,2.9,7.5,.389,1.5,4.2,.349,1.5,3.3,.440,.487,1.0,1.1,.882,0.5,1.3,1.8,2.3,0.4,0.3,1.5,1.6,8.3,2024-2025
2786,6,Jarrett Allen,C,26,CLE,9,9,29.0,4.9,6.8,.721,0.0,0.0,0,4.9,6.8,.721,.721,3.7,3.9,.943,2.3,6.1,8.4,1.3,1.4,0.9,1.9,1.7,13.4,2024-2025
2787,7,Kyle Anderson,SF,31,MIA,2,0,7.0,0.0,1.0,.000,0.0,0.0,0,0.0,1.0,.000,.000,0.0,0.0,0,0.0,0.5,0.5,0.5,0.0,0.0,0.5,0.5,0.0,2024-2025
2788,8,Giannis Antetokounmpo,PF,30,MIL,5,5,37.6,12.0,19.8,.606,0.2,1.0,.200,11.8,18.8,.628,.611,8.8,12.6,.698,3.8,11.6,15.4,6.6,1.0,1.0,4.6,2.4,33.0,2024-2025
2789,9,Cole Anthony,PG,24,ORL,5,0,10.2,0.8,2.8,.286,0.0,1.2,.000,0.8,1.6,.500,.286,0.6,0.8,.750,0.6,0.8,1.4,1.2,0.0,0.2,1.8,2.4,2.2,2024-2025
2790,10,OG Anunoby,PF,27,NYK,18,18,39.2,5.7,13.7,.417,2.3,6.7,.339,3.4,7.0,.492,.500,2.6,3.2,.810,1.3,3.3,4.6,1.3,2.0,1.2,1.7,2.7,16.3,2024-2025
2791,11,Marvin Bagley III,PF,25,MEM,2,0,14.0,4.0,4.5,.889,0.5,0.5,1.000,3.5,4.0,.875,.944,0.0,0.0,0,1.0,2.0,3.0,0.0,1.0,0.5,1.5,1.5,8.5,2024-2025
2792,12,Paolo Banchero,PF,22,ORL,5,5,39.4,10.8,24.8,.435,2.4,5.4,.444,8.4,19.4,.433,.484,5.4,8.2,.659,2.4,6.0,8.4,4.2,0.6,0.8,3.0,3.6,29.4,2024-2025
2793,13,Desmond Bane,SG,26,MEM,4,4,34.8,5.0,15.8,.317,1.8,8.0,.219,3.3,7.8,.419,.373,3.5,3.8,.933,1.3,5.5,6.8,3.3,0.8,0.5,3.8,2.3,15.3,2024-2025
2794,14,Nicolas Batum,PF,36,LAC,7,0,24.6,1.9,4.7,.394,1.9,4.7,.394,0.0,0.0,0,.591,0.0,0.0,0,0.6,3.3,3.9,2.0,0.9,1.7,0.4,1.9,5.6,2024-2025
2795,15,Malik Beasley,SG,28,DET,6,0,27.2,4.7,12.5,.373,3.3,9.8,.339,1.3,2.7,.500,.507,1.3,1.3,1.000,0.2,2.3,2.5,1.2,0.5,0.2,1.2,1.7,14.0,2024-2025
2796,16,Goga Bitadze,C,25,ORL,3,0,3.7,0.3,0.3,1.000,0.0,0.0,0,0.3,0.3,1.000,1.000,0.0,0.0,0,0.0,1.0,1.0,0.3,0.0,0.3,0.0,2.0,0.7,2024-2025
2797,17,Anthony Black,PG,21,ORL,5,0,17.8,3.0,7.4,.405,0.4,2.6,.154,2.6,4.8,.542,.432,1.8,2.6,.692,2.0,2.4,4.4,0.0,0.8,0.2,0.4,1.6,8.2,2024-2025
2798,18,Bogdan Bogdanović,SG,32,LAC,7,0,16.7,2.3,6.3,.364,1.0,3.4,.292,1.3,2.9,.450,.443,0.9,1.0,.857,0.7,2.1,2.9,2.1,0.4,0.0,1.6,3.6,6.4,2024-2025
2799,19,Tony Bradley,C,27,IND,11,0,7.1,0.4,0.8,.444,0.0,0.1,.000,0.4,0.7,.500,.444,0.8,1.1,.750,1.0,0.9,1.9,0.3,0.0,0.1,0.4,0.9,1.5,2024-2025
2800,20,Christian Braun,SG,23,DEN,14,14,38.9,4.8,10.6,.453,1.5,5.0,.300,3.3,5.6,.590,.524,1.6,2.2,.710,1.8,4.6,6.4,2.4,1.2,0.7,1.0,3.4,12.6,2024-2025
2801,21,Mikal Bridges,SF,28,NYK,18,18,39.2,6.7,14.6,.456,1.6,4.7,.333,5.1,9.9,.514,.510,0.7,0.9,.750,1.1,3.4,4.5,2.9,1.7,0.9,2.1,2.2,15.6,2024-2025
2802,22,Dillon Brooks,SF,29,HOU,7,7,29.4,4.0,9.0,.444,1.4,4.1,.345,2.6,4.9,.529,.524,2.9,3.4,.833,1.3,1.9,3.1,1.3,0.7,0.3,1.3,3.9,12.3,2024-2025
2803,23,Jaylen Brown,SF,28,BOS,11,11,36.5,7.8,17.7,.441,1.9,5.7,.333,5.9,12.0,.492,.495,4.5,6.0,.758,1.2,5.9,7.1,3.9,1.0,0.3,3.5,3.2,22.1,2024-2025
2804,24,Kobe Brown,PF,25,LAC,3,0,5.0,2.3,2.7,.875,0.3,0.3,1.000,2.0,2.3,.857,.938,0.3,0.3,1.000,0.0,0.3,0.3,1.3,0.0,0.0,0.0,0.0,5.3,2024-2025
2805,25,Jalen Brunson,PG,28,NYK,18,18,37.8,10.1,21.8,.461,2.7,7.4,.358,7.4,14.4,.514,.522,6.7,7.8,.851,0.7,2.8,3.4,7.0,0.4,0.3,3.1,3.3,29.4,2024-2025
2806,26,Thomas Bryant,C,27,IND,20,0,8.4,0.8,1.7,.485,0.5,0.9,.500,0.4,0.8,.467,.621,0.6,0.7,.786,0.4,1.0,1.4,0.2,0.2,0.3,0.4,1.3,2.6,2024-2025
2807,27,Alec Burks,SG,33,MIA,1,1,15.0,2.0,3.0,.667,2.0,3.0,.667,0.0,0.0,0,1.000,0.0,0.0,0,0.0,2.0,2.0,2.0,0.0,0.0,0.0,0.0,6.0,2024-2025
2808,28,Jimmy Butler,SF,35,GSW,11,11,36.1,6.2,13.8,.447,1.0,3.3,.306,5.2,10.5,.491,.484,5.8,7.3,.800,2.4,4.3,6.6,5.2,1.3,0.3,1.2,1.7,19.2,2024-2025
2809,29,Kentavious Caldwell-Pope,SG,31,ORL,5,5,32.6,1.6,6.0,.267,1.2,4.6,.261,0.4,1.4,.286,.367,0.6,0.8,.750,0.2,2.8,3.0,1.8,1.4,0.6,0.4,2.2,5.0,2024-2025
2810,30,Vlatko Čančar,PF,27,DEN,3,0,3.7,0.0,0.0,0,0.0,0.0,0,0.0,0.0,0,0,0.0,0.0,0,0.0,0.7,0.7,0.0,0.0,0.0,0.7,0.0,0.0,2024-2025
2811,31,Wendell Carter Jr.,C,25,ORL,5,5,32.4,4.2,8.0,.525,0.6,2.2,.273,3.6,5.8,.621,.563,1.2,2.0,.600,3.8,7.0,10.8,1.2,0.4,0.4,1.6,2.4,10.2,2024-2025
2812,32,Alex Caruso,SG,30,OKC,23,0,24.4,3.1,7.0,.450,1.6,3.9,.411,1.5,3.0,.500,.566,1.3,1.7,.795,0.7,2.0,2.7,2.2,2.0,0.6,0.8,2.7,9.2,2024-2025
2813,33,Cam Christie,SG,19,LAC,3,0,4.3,0.7,1.0,.667,0.3,0.7,.500,0.3,0.3,1.000,.833,0.0,0.0,0,0.0,0.7,0.7,0.0,0.3,0.0,0.3,0.0,1.7,2024-2025
2814,34,Jaylen Clark,SG,23,MIN,5,0,5.6,0.8,1.0,.800,0.0,0.2,.000,0.8,0.8,1.000,.800,0.6,0.8,.750,0.4,1.0,1.4,0.2,0.4,0.0,0.2,0.4,2.2,2024-2025
2815,35,Mike Conley,PG,37,MIN,15,15,23.7,1.9,6.4,.302,1.3,4.0,.333,0.6,2.4,.250,.406,0.8,0.9,.923,0.8,2.1,2.9,3.3,0.6,0.2,0.8,1.4,6.0,2024-2025
2816,36,Pat Connaughton,SG,32,MIL,3,0,4.7,0.7,2.7,.250,0.3,1.3,.250,0.3,1.3,.250,.313,0.3,0.7,.500,0.0,0.7,0.7,0.3,0.0,0.0,0.3,0.3,2.0,2024-2025
2817,37,Torrey Craig,SF,34,BOS,5,0,4.2,0.4,0.8,.500,0.4,0.6,.667,0.0,0.2,.000,.750,0.0,0.0,0,0.4,0.6,1.0,0.6,0.2,0.0,0.2,0.4,1.2,2024-2025
2818,38,Cade Cunningham,PG,23,DET,6,6,41.3,9.2,21.5,.426,0.8,4.7,.179,8.3,16.8,.495,.446,5.8,7.0,.833,1.0,7.3,8.3,8.7,1.8,1.3,5.3,3.3,25.0,2024-2025
2819,39,Stephen Curry,PG,36,GSW,8,8,35.1,7.8,16.3,.477,4.0,10.0,.400,3.8,6.3,.600,.600,3.1,3.5,.893,0.3,5.0,5.3,5.1,1.0,0.8,3.4,1.6,22.6,2024-2025
2820,40,Tristan Da Silva,SF,23,ORL,2,0,2.5,0.0,0.5,.000,0.0,0.5,.000,0.0,0.0,0,.000,0.0,0.0,0,0.0,2.0,2.0,0.5,0.0,0.0,1.0,0.0,0.0,2024-2025
2821,41,Pacôme Dadiet,SG,19,NYK,2,0,2.0,0.5,0.5,1.000,0.0,0.0,0,0.5,0.5,1.000,1.000,0.0,0.0,0,0.0,0.0,0.0,0.0,0.0,0.0,0.0,0.0,1.0,2024-2025
2822,42,JD Davison,PG,22,BOS,4,0,3.3,0.3,2.0,.125,0.3,0.5,.500,0.0,1.5,.000,.188,0.3,0.5,.500,0.3,0.5,0.8,0.8,0.0,0.0,0.3,0.0,1.0,2024-2025
2823,43,Ousmane Dieng,C,21,OKC,9,0,3.6,0.4,1.1,.400,0.4,0.8,.571,0.0,0.3,.000,.600,0.2,0.2,1.000,0.0,0.4,0.4,0.3,0.0,0.1,0.0,0.0,1.6,2024-2025
2824,44,Rob Dillingham,PG,20,MIN,3,0,5.3,1.0,2.7,.375,0.3,0.7,.500,0.7,2.0,.333,.438,0.3,0.7,.500,0.0,0.7,0.7,2.3,0.0,0.0,0.0,0.3,2.7,2024-2025
2825,45,Donte DiVincenzo,SG,28,MIN,15,0,25.1,3.1,8.4,.365,1.9,5.9,.318,1.2,2.5,.474,.476,0.7,0.9,.769,0.8,2.3,3.1,3.3,1.4,0.3,1.9,3.0,8.7,2024-2025
2826,46,Luka Dončić,PG,25,LAL,5,5,41.6,9.4,20.8,.452,3.2,9.2,.348,6.2,11.6,.534,.529,8.2,9.2,.891,0.4,6.6,7.0,5.8,1.0,0.6,4.0,3.2,30.2,2024-2025
2827,47,Luguentz Dort,SF,25,OKC,23,23,29.0,2.6,7.1,.366,2.1,6.1,.343,0.5,1.0,.500,.512,0.6,1.0,.636,1.4,2.5,3.9,0.9,1.3,0.4,0.9,3.3,7.9,2024-2025
2828,48,Kris Dunn,PG,30,LAC,7,6,21.9,2.4,6.3,.386,1.4,4.0,.357,1.0,2.3,.438,.500,0.0,0.0,0,1.4,2.0,3.4,1.3,1.1,0.6,0.1,2.6,6.3,2024-2025
2829,49,Jalen Duren,C,21,DET,6,6,33.8,4.3,6.7,.650,0.0,0.0,0,4.3,6.7,.650,.650,3.2,3.8,.826,4.3,6.3,10.7,3.5,0.3,1.7,1.7,4.3,11.8,2024-2025
2830,50,Tari Eason,PF,23,HOU,7,0,18.9,3.0,6.3,.477,1.0,2.7,.368,2.0,3.6,.560,.557,0.6,1.1,.500,1.0,3.3,4.3,0.7,1.1,1.0,1.4,1.9,7.6,2024-2025
2831,51,Zach Edey,C,22,MEM,4,4,27.0,2.5,3.8,.667,0.0,0.0,0,2.5,3.8,.667,.667,1.3,1.8,.714,2.8,5.0,7.8,1.8,0.0,2.5,1.5,3.0,6.3,2024-2025
2832,52,Anthony Edwards,SG,23,MIN,15,15,39.0,9.0,19.9,.453,3.1,8.7,.354,5.9,11.2,.530,.530,4.3,5.9,.719,1.2,6.6,7.8,5.5,1.1,0.7,2.6,2.1,25.3,2024-2025
2833,53,Drew Eubanks,C,27,LAC,3,0,4.3,0.0,0.7,.000,0.0,0.0,0,0.0,0.7,.000,.000,1.3,2.0,.667,0.0,0.3,0.3,0.0,0.0,0.0,0.0,0.7,1.3,2024-2025
2834,54,Dorian Finney-Smith,PF,31,LAL,5,1,34.0,2.4,5.8,.414,1.4,3.8,.368,1.0,2.0,.500,.534,0.0,0.0,0,2.0,2.2,4.2,2.6,0.2,0.4,1.0,3.4,6.2,2024-2025
2835,55,Johnny Furphy,SG,20,IND,11,0,3.2,0.1,0.4,.250,0.0,0.2,.000,0.1,0.2,.500,.250,0.0,0.1,.000,0.1,0.5,0.5,0.1,0.0,0.1,0.1,0.5,0.2,2024-2025
2836,56,Darius Garland,PG,25,CLE,5,5,29.6,5.8,13.8,.420,2.0,7.0,.286,3.8,6.8,.559,.493,4.4,4.8,.917,0.2,2.0,2.2,5.2,0.4,0.0,3.0,3.4,18.0,2024-2025
2837,57,Luka Garza,C,26,MIN,5,0,3.8,1.2,1.2,1.000,0.2,0.2,1.000,1.0,1.0,1.000,1.083,0.0,0.0,0,0.6,0.0,0.6,0.0,0.0,0.0,0.0,0.2,2.6,2024-2025
2838,58,Shai Gilgeous-Alexander,PG,26,OKC,23,23,37.0,10.1,21.9,.462,1.4,4.9,.283,8.7,17.0,.514,.494,8.3,9.4,.876,1.0,4.3,5.3,6.5,1.7,0.9,2.6,2.8,29.9,2024-2025
2839,59,Rudy Gobert,C,32,MIN,15,15,27.4,3.1,5.3,.582,0.0,0.0,0,3.1,5.3,.582,.582,1.7,3.3,.520,3.1,5.5,8.6,0.7,0.5,1.2,0.9,2.5,7.9,2024-2025
2840,60,Jordan Goodwin,PG,26,LAL,4,0,7.8,0.3,1.3,.200,0.0,0.5,.000,0.3,0.8,.333,.200,0.3,0.5,.500,0.5,0.8,1.3,0.5,0.3,0.3,0.3,1.8,0.8,2024-2025
2841,61,Aaron Gordon,PF,29,DEN,14,14,37.3,5.8,11.9,.485,1.6,4.1,.379,4.2,7.8,.541,.551,3.1,3.6,.860,3.6,4.0,7.6,2.7,0.6,0.4,1.9,2.4,16.2,2024-2025
2842,62,A.J. Green,SG,25,MIL,5,1,27.0,3.6,7.8,.462,3.6,7.0,.514,0.0,0.8,.000,.692,0.2,0.4,.500,0.4,2.4,2.8,2.0,0.0,0.2,0.0,2.6,11.0,2024-2025
2843,63,Draymond Green,PF,34,GSW,12,12,32.4,3.5,9.0,.389,1.3,5.0,.267,2.2,4.0,.542,.463,0.8,1.1,.692,0.8,4.8,5.5,3.8,1.4,0.9,3.0,3.7,9.1,2024-2025
2844,64,Jalen Green,SG,22,HOU,7,7,31.3,4.6,12.3,.372,1.9,6.3,.295,2.7,6.0,.452,.448,2.3,3.4,.667,0.4,5.0,5.4,2.9,0.6,0.3,1.4,0.9,13.3,2024-2025
2845,65,Javonte Green,SG,31,CLE,6,0,6.5,0.7,1.7,.400,0.2,0.8,.200,0.5,0.8,.600,.450,1.0,1.0,1.000,0.2,1.3,1.5,0.3,0.7,0.0,0.3,0.3,2.5,2024-2025
2846,66,Jeff Green,PF,38,HOU,3,0,1.7,0.3,1.0,.333,0.3,0.3,1.000,0.0,0.7,.000,.500,0.0,0.0,0,0.3,0.0,0.3,0.0,0.0,0.0,0.0,0.0,1.0,2024-2025
2847,67,Rui Hachimura,PF,26,LAL,5,5,36.4,5.6,11.4,.491,3.0,6.2,.484,2.6,5.2,.500,.623,0.6,0.6,1.000,0.8,3.8,4.6,1.0,0.6,0.6,1.4,2.4,14.8,2024-2025
2848,68,Tyrese Haliburton,PG,24,IND,23,23,33.6,6.3,13.7,.463,2.3,6.9,.340,4.0,6.8,.590,.549,2.3,2.8,.828,0.3,5.0,5.3,8.6,1.3,0.7,2.3,1.7,17.3,2024-2025
2849,69,Tim Hardaway Jr.,SG,32,DET,6,6,31.3,4.0,11.8,.338,2.7,8.7,.308,1.3,3.2,.421,.451,1.3,1.7,.800,0.3,2.5,2.8,1.2,0.3,0.0,1.5,1.7,12.0,2024-2025
2850,70,James Harden,PG,35,LAC,7,7,39.4,6.3,14.4,.436,2.3,6.3,.364,4.0,8.1,.491,.515,3.9,4.7,.818,0.6,4.9,5.4,9.1,1.3,1.0,3.0,2.3,18.7,2024-2025
2851,71,Gary Harris,SG,30,ORL,5,0,16.6,0.6,1.6,.375,0.2,1.2,.167,0.4,0.4,1.000,.438,0.0,0.0,0,0.2,0.8,1.0,0.6,0.6,0.2,0.0,1.4,1.4,2024-2025
2852,72,Tobias Harris,PF,32,DET,6,6,38.8,5.7,11.8,.479,1.7,3.8,.435,4.0,8.0,.500,.549,2.7,2.7,1.000,1.3,6.3,7.7,0.5,1.0,1.2,1.0,2.7,15.7,2024-2025
2853,73,Josh Hart,SG,29,NYK,18,14,35.7,3.8,8.0,.472,1.1,3.0,.370,2.7,5.0,.533,.542,2.9,3.7,.776,2.4,6.3,8.8,4.4,1.1,0.6,1.9,3.4,11.6,2024-2025
2854,74,Isaiah Hartenstein,C,26,OKC,23,20,22.4,3.6,5.8,.619,0.0,0.0,0,3.6,5.8,.619,.619,0.9,1.3,.667,2.7,4.8,7.5,2.2,0.8,0.5,1.2,2.5,8.1,2024-2025
2855,75,Sam Hauser,PF,27,BOS,8,0,13.5,1.3,3.0,.417,0.9,2.6,.333,0.4,0.4,1.000,.563,0.1,0.1,1.000,0.0,1.5,1.5,0.5,0.1,0.1,0.4,1.4,3.5,2024-2025
2856,76,Jaxson Hayes,C,24,LAL,4,4,7.8,0.8,2.0,.375,0.0,0.0,0,0.8,2.0,.375,.375,0.3,0.5,.500,1.3,0.8,2.0,0.3,0.0,0.3,0.3,2.0,1.8,2024-2025
2857,77,Tyler Herro,SG,25,MIA,4,4,36.0,6.8,16.3,.415,2.3,7.3,.310,4.5,9.0,.500,.485,2.0,2.5,.800,0.0,3.5,3.5,2.8,0.5,0.0,2.3,3.0,17.8,2024-2025
2858,78,Buddy Hield,SG,32,GSW,12,9,27.3,4.3,10.4,.416,2.8,6.4,.429,1.6,4.0,.396,.548,1.1,1.2,.929,1.5,2.0,3.5,1.8,1.2,0.4,1.1,2.0,12.5,2024-2025
2859,79,Haywood Highsmith,SF,28,MIA,4,0,21.0,2.8,4.8,.579,1.8,3.8,.467,1.0,1.0,1.000,.763,0.0,0.0,0,1.0,2.3,3.3,1.0,0.8,0.5,1.0,2.8,7.3,2024-2025
2860,80,Aaron Holiday,PG,28,HOU,3,0,9.0,1.3,3.3,.400,0.7,1.7,.400,0.7,1.7,.400,.500,0.7,1.3,.500,0.3,0.3,0.7,1.0,0.0,0.0,0.3,1.0,4.0,2024-2025
2861,81,Jrue Holiday,PG,34,BOS,8,8,33.0,3.6,7.5,.483,1.1,3.3,.346,2.5,4.3,.588,.558,1.1,1.6,.692,1.5,2.6,4.1,4.0,0.9,0.1,2.0,3.1,9.5,2024-2025
2862,82,Ron Holland,SF,19,DET,5,0,6.8,0.0,1.0,.000,0.0,0.6,.000,0.0,0.4,.000,.000,1.8,2.0,.900,0.6,0.6,1.2,0.0,0.0,0.2,1.2,1.0,1.8,2024-2025
2863,83,Chet Holmgren,C,22,OKC,23,23,29.8,5.3,11.6,.462,1.2,4.0,.297,4.2,7.6,.549,.513,3.3,4.2,.784,1.8,6.8,8.7,1.0,0.7,1.9,1.2,2.0,15.2,2024-2025
2864,84,Al Horford,C,38,BOS,11,9,31.6,3.1,6.5,.472,1.3,3.2,.400,1.8,3.4,.541,.569,0.5,0.6,.857,1.6,4.4,6.0,1.8,0.6,1.3,0.6,2.7,8.0,2024-2025
2865,85,Caleb Houstan,SF,22,ORL,5,0,9.4,0.4,2.8,.143,0.4,2.0,.200,0.0,0.8,.000,.214,0.0,0.0,0,0.4,0.4,0.8,0.2,0.0,0.2,0.4,0.6,1.2,2024-2025
2866,86,Jett Howard,SF,21,ORL,1,0,4.0,2.0,2.0,1.000,2.0,2.0,1.000,0.0,0.0,0,1.500,0.0,0.0,0,0.0,0.0,0.0,0.0,0.0,0.0,0.0,1.0,6.0,2024-2025
2867,87,Jay Huff,C,26,MEM,2,0,9.0,1.0,2.0,.500,0.0,0.5,.000,1.0,1.5,.667,.500,2.0,2.0,1.000,0.5,1.0,1.5,0.5,0.0,1.5,0.5,0.5,4.0,2024-2025
2868,88,Ariel Hukporti,C,22,NYK,3,0,1.7,0.7,0.7,1.000,0.0,0.0,0,0.7,0.7,1.000,1.000,0.0,0.7,.000,0.0,0.7,0.7,0.0,0.0,0.0,0.0,0.0,1.3,2024-2025
2869,89,De'Andre Hunter,SF,27,CLE,8,0,23.1,3.4,7.9,.429,1.5,3.3,.462,1.9,4.6,.405,.524,2.8,3.3,.846,0.8,2.9,3.6,1.0,0.5,0.1,0.9,2.1,11.0,2024-2025
2870,90,Jonathan Isaac,PF,27,ORL,5,0,13.8,1.4,2.4,.583,0.2,0.8,.250,1.2,1.6,.750,.625,0.6,1.0,.600,1.0,1.0,2.0,0.4,0.4,0.2,0.4,0.6,3.6,2024-2025
2871,91,Andre Jackson Jr.,SG,23,MIL,2,0,2.5,0.0,0.5,.000,0.0,0.5,.000,0.0,0.0,0,.000,0.0,0.0,0,0.0,0.0,0.0,0.0,0.0,0.0,0.0,0.0,0.0,2024-2025
2872,92,Jaren Jackson Jr.,C,25,MEM,4,4,34.3,5.5,14.5,.379,0.8,2.8,.273,4.8,11.8,.404,.405,4.3,5.0,.850,2.3,2.8,5.0,1.5,1.0,0.5,2.8,3.5,16.0,2024-2025
2873,93,Trayce Jackson-Davis,C,24,GSW,9,3,8.9,1.8,2.0,.889,0.0,0.0,0,1.8,2.0,.889,.889,0.6,1.4,.385,1.0,1.3,2.3,0.2,0.3,0.2,0.1,1.7,4.1,2024-2025
2874,94,Bronny James,SG,20,LAL,2,0,2.0,0.0,1.0,.000,0.0,1.0,.000,0.0,0.0,0,.000,0.0,0.0,0,0.0,0.0,0.0,0.0,0.0,0.0,0.0,0.0,0.0,2024-2025
2875,95,LeBron James,SF,40,LAL,5,5,40.8,8.6,17.6,.489,2.0,5.6,.357,6.6,12.0,.550,.545,6.2,8.0,.775,2.4,6.6,9.0,5.6,2.0,1.8,2.6,1.6,25.4,2024-2025
2876,96,Jaime Jaquez Jr.,SF,23,MIA,3,0,6.3,0.3,2.0,.167,0.0,0.7,.000,0.3,1.3,.250,.167,0.7,0.7,1.000,1.0,0.3,1.3,0.3,0.0,0.0,0.3,0.3,1.3,2024-2025
2877,97,Ty Jerome,SG,27,CLE,9,1,21.2,4.1,10.2,.402,1.6,4.0,.389,2.6,6.2,.411,.478,1.9,2.2,.850,0.6,1.9,2.4,3.6,0.6,0.1,1.2,1.8,11.7,2024-2025
2878,98,Isaiah Joe,SG,25,OKC,21,0,10.0,1.7,3.5,.493,1.1,2.7,.411,0.6,0.8,.765,.651,0.6,0.7,.857,0.3,1.0,1.4,0.7,0.3,0.1,0.3,0.6,5.1,2024-2025
2879,99,James Johnson,PF,37,IND,5,0,3.6,0.6,1.0,.600,0.0,0.2,.000,0.6,0.8,.750,.600,0.2,0.4,.500,0.0,0.2,0.2,0.4,0.4,0.4,0.2,0.6,1.4,2024-2025
2880,100,Keshad Johnson,SF,23,MIA,2,0,4.0,0.5,0.5,1.000,0.0,0.0,0,0.5,0.5,1.000,1.000,0.0,0.0,0,0.5,0.0,0.5,0.0,0.0,0.0,0.5,0.5,1.0,2024-2025
2881,101,Nikola Jokić,C,29,DEN,14,14,40.2,9.4,19.1,.489,1.9,5.1,.380,7.4,14.1,.528,.539,5.6,7.2,.772,2.1,10.6,12.7,8.0,2.0,0.9,3.9,3.4,26.2,2024-2025
2882,102,Derrick Jones Jr.,SF,27,LAC,7,1,18.4,3.0,6.9,.438,0.9,2.9,.300,2.1,4.0,.536,.500,0.4,1.1,.375,0.7,1.1,1.9,0.3,0.6,1.3,0.4,0.4,7.3,2024-2025
2883,103,Dillon Jones,SF,23,OKC,10,0,4.6,0.9,1.1,.818,0.3,0.4,.750,0.6,0.7,.857,.955,0.2,0.2,1.000,0.3,0.6,0.9,0.5,0.1,0.1,0.6,0.4,2.3,2024-2025
2884,104,DeAndre Jordan,C,36,DEN,7,0,5.1,0.4,0.4,1.000,0.0,0.0,0,0.4,0.4,1.000,1.000,0.0,0.6,.000,0.1,1.1,1.3,0.3,0.0,0.1,0.3,1.3,0.9,2024-2025
2885,105,Cory Joseph,PG,33,ORL,5,5,24.8,2.0,4.8,.417,1.0,3.2,.313,1.0,1.6,.625,.521,0.0,0.0,0,0.2,1.6,1.8,3.0,1.0,0.4,0.4,2.0,5.0,2024-2025
2886,106,Nikola Jović,PF,21,MIA,4,0,18.8,3.3,8.8,.371,1.5,6.0,.250,1.8,2.8,.636,.457,1.5,1.5,1.000,1.0,3.0,4.0,1.5,0.8,0.3,1.3,0.5,9.5,2024-2025
2887,107,Luke Kennard,SG,28,MEM,4,0,20.0,2.0,4.5,.444,0.5,2.3,.222,1.5,2.3,.667,.500,0.0,0.0,0,0.5,3.0,3.5,2.0,1.0,0.3,1.5,0.8,4.5,2024-2025
2888,108,Braxton Key,SF,27,GSW,5,0,4.6,0.2,1.6,.125,0.0,0.2,.000,0.2,1.4,.143,.125,0.0,0.0,0,1.0,0.8,1.8,0.2,0.4,0.4,0.6,0.8,0.4,2024-2025
2889,109,Maxi Kleber,PF,33,LAL,1,0,5.0,0.0,1.0,.000,0.0,1.0,.000,0.0,0.0,0,.000,2.0,2.0,1.000,0.0,0.0,0.0,0.0,0.0,0.0,1.0,1.0,2.0,2024-2025
2890,110,Dalton Knecht,SF,23,LAL,2,0,2.0,1.0,2.5,.400,0.5,2.0,.250,0.5,0.5,1.000,.500,0.0,0.0,0,1.0,0.5,1.5,0.0,0.0,0.0,0.0,0.0,2.5,2024-2025
2891,111,Kevin Knox,SF,25,GSW,5,0,7.6,1.6,4.0,.400,0.2,1.2,.167,1.4,2.8,.500,.425,0.8,1.0,.800,0.6,0.8,1.4,0.8,0.0,0.2,0.4,0.4,4.2,2024-2025
2892,112,Tyler Kolek,PG,23,NYK,3,0,2.0,0.3,0.3,1.000,0.3,0.3,1.000,0.0,0.0,0,1.500,0.0,0.0,0,0.0,0.3,0.3,1.0,0.0,0.0,0.0,0.0,1.0,2024-2025
2893,113,John Konchar,SG,28,MEM,4,0,17.3,0.8,2.3,.333,0.3,1.5,.167,0.5,0.8,.667,.389,1.0,1.0,1.000,0.8,2.5,3.3,1.5,0.5,0.5,0.5,2.0,2.8,2024-2025
2894,114,Luke Kornet,C,29,BOS,11,1,16.4,1.9,2.6,.724,0.0,0.0,0,1.9,2.6,.724,.724,0.7,0.7,1.000,1.5,2.5,3.9,0.5,0.5,1.2,0.5,1.8,4.5,2024-2025
2895,115,Jonathan Kuminga,PF,22,GSW,8,1,23.4,5.6,11.6,.484,1.3,3.1,.400,4.4,8.5,.515,.538,2.8,3.9,.710,0.9,1.6,2.5,1.3,0.5,0.5,1.6,1.6,15.3,2024-2025
2896,116,Kyle Kuzma,PF,29,MIL,5,4,20.4,2.4,7.0,.343,0.4,2.0,.200,2.0,5.0,.400,.371,0.6,1.2,.500,0.6,1.6,2.2,0.8,0.0,0.2,0.6,2.4,5.8,2024-2025
2897,117,Jock Landale,C,29,HOU,1,0,5.0,1.0,2.0,.500,0.0,0.0,0,1.0,2.0,.500,.500,0.0,0.0,0,0.0,0.0,0.0,0.0,0.0,0.0,0.0,0.0,2.0,2024-2025
2898,118,Pelle Larsson,SG,23,MIA,4,0,13.0,2.0,3.8,.533,0.8,2.0,.375,1.3,1.8,.714,.633,0.3,0.8,.333,0.5,1.8,2.3,1.0,0.3,0.0,0.5,1.5,5.0,2024-2025
2899,119,Alex Len,C,31,LAL,2,0,2.0,0.0,0.5,.000,0.0,0.0,0,0.0,0.5,.000,.000,0.0,0.0,0,1.5,0.5,2.0,0.0,0.0,0.0,0.0,0.0,0.0,2024-2025
2900,120,Kawhi Leonard,SF,33,LAC,7,7,37.9,9.4,17.6,.537,2.1,5.3,.405,7.3,12.3,.593,.598,4.0,5.1,.778,1.6,6.0,7.6,4.7,1.1,0.7,2.1,1.7,25.0,2024-2025
2901,121,Damian Lillard,PG,34,MIL,3,3,25.0,2.0,9.0,.222,1.0,5.3,.188,1.0,3.7,.273,.278,2.0,2.3,.857,0.3,2.3,2.7,4.7,0.7,0.7,1.0,2.7,7.0,2024-2025
2902,122,Chris Livingston,SF,21,MIL,2,0,2.5,0.0,0.5,.000,0.0,0.5,.000,0.0,0.0,0,.000,0.0,0.0,0,0.0,0.5,0.5,0.0,0.0,0.0,0.0,0.0,0.0,2024-2025
2903,123,Kevon Looney,C,28,GSW,12,0,10.0,0.8,1.9,.435,0.0,0.0,0,0.8,1.9,.435,.435,0.5,0.7,.750,1.4,2.2,3.6,0.3,0.4,0.3,0.2,2.3,2.2,2024-2025
2904,124,Brook Lopez,C,36,MIL,5,4,14.8,1.6,4.4,.364,0.8,3.0,.267,0.8,1.4,.571,.455,1.0,1.0,1.000,0.6,1.0,1.6,0.8,0.2,1.0,0.8,2.2,5.0,2024-2025
2905,125,Bennedict Mathurin,SF,22,IND,22,0,17.5,3.1,6.7,.459,0.8,2.7,.300,2.3,4.0,.568,.520,4.0,4.7,.864,1.2,2.1,3.3,0.9,0.4,0.3,1.2,1.9,11.0,2024-2025
2906,126,Miles McBride,SG,24,NYK,18,0,18.9,1.9,5.0,.378,1.2,3.3,.373,0.7,1.7,.387,.500,0.8,0.9,.824,0.2,1.0,1.2,1.0,0.4,0.1,0.6,1.2,5.8,2024-2025
2907,127,T.J. McConnell,PG,32,IND,23,0,17.5,4.1,7.6,.537,0.3,0.8,.421,3.7,6.8,.551,.560,1.0,1.2,.815,0.5,2.7,3.3,4.0,0.9,0.1,1.9,1.1,9.5,2024-2025
2908,128,Jaden McDaniels,PF,24,MIN,15,15,33.1,5.8,11.3,.515,1.4,3.7,.382,4.4,7.6,.579,.577,1.7,1.9,.893,1.8,3.8,5.6,1.5,1.3,0.9,1.2,3.3,14.7,2024-2025
2909,129,Sam Merrill,SG,28,CLE,8,3,19.9,1.9,5.0,.375,1.8,4.9,.359,0.1,0.1,1.000,.550,0.3,0.4,.667,0.9,1.6,2.5,1.8,0.5,0.3,0.3,2.3,5.8,2024-2025
2910,130,Jordan Miller,SF,25,LAC,3,0,4.3,1.0,2.3,.429,0.0,0.3,.000,1.0,2.0,.500,.429,0.3,0.7,.500,0.0,0.7,0.7,1.3,1.0,0.0,0.0,0.0,2.3,2024-2025
2911,131,Leonard Miller,SF,21,MIN,3,0,4.3,2.0,2.7,.750,0.3,0.3,1.000,1.7,2.3,.714,.813,0.0,0.0,0,1.0,0.7,1.7,0.0,0.0,0.0,0.3,0.0,4.3,2024-2025
2912,132,Patty Mills,PG,36,LAC,1,0,4.0,1.0,2.0,.500,1.0,1.0,1.000,0.0,1.0,.000,.750,0.0,0.0,0,0.0,0.0,0.0,0.0,0.0,0.0,1.0,1.0,3.0,2024-2025
2913,133,Shake Milton,SG,28,LAL,2,0,2.0,0.0,0.5,.000,0.0,0.0,0,0.0,0.5,.000,.000,0.0,0.0,0,0.0,0.0,0.0,0.0,0.0,0.0,0.0,0.5,0.0,2024-2025
2914,134,Josh Minott,SF,22,MIN,5,0,4.6,0.4,1.6,.250,0.2,1.2,.167,0.2,0.4,.500,.313,0.0,0.0,0,0.0,0.0,0.0,0.4,0.0,0.2,0.4,0.2,1.0,2024-2025
2915,135,Ajay Mitchell,SG,22,OKC,12,0,7.0,1.3,2.9,.457,0.4,1.1,.385,0.9,1.8,.500,.529,0.3,0.4,.800,0.3,0.5,0.8,0.8,0.2,0.0,0.5,0.6,3.4,2024-2025
2916,136,Davion Mitchell,PG,26,MIA,4,3,35.5,6.3,10.3,.610,1.8,3.5,.500,4.5,6.8,.667,.695,0.8,1.8,.429,0.5,1.8,2.3,6.3,0.8,0.3,2.0,2.8,15.0,2024-2025
2917,137,Donovan Mitchell,SG,28,CLE,9,9,32.0,9.6,21.6,.443,3.1,9.3,.333,6.4,12.2,.527,.515,7.3,9.9,.742,1.2,3.4,4.7,3.9,1.9,0.3,1.9,2.0,29.6,2024-2025
2918,138,Evan Mobley,PF,23,CLE,8,8,32.1,6.4,10.9,.586,1.8,3.9,.452,4.6,7.0,.661,.667,2.6,3.1,.840,2.6,5.5,8.1,1.6,1.1,1.0,1.4,1.3,17.1,2024-2025
2919,139,Moses Moody,SG,22,GSW,12,2,16.1,2.3,6.7,.350,1.3,3.8,.333,1.1,2.9,.371,.444,1.2,1.4,.824,0.8,1.4,2.2,1.2,0.5,0.3,0.3,1.3,7.1,2024-2025
2920,140,Ja Morant,PG,25,MEM,3,3,27.3,7.3,17.7,.415,1.3,5.3,.250,6.0,12.3,.486,.453,2.3,3.7,.636,0.3,1.7,2.0,5.0,0.7,0.7,2.0,1.0,18.3,2024-2025
2921,141,Jamal Murray,PG,27,DEN,14,14,41.3,7.9,17.9,.444,2.4,6.9,.354,5.5,11.0,.500,.512,3.5,4.0,.875,0.6,4.2,4.9,5.2,1.2,0.8,3.1,2.2,21.8,2024-2025
2922,142,Andrew Nembhard,SG,25,IND,23,23,33.4,4.6,9.7,.471,1.7,3.7,.465,2.8,6.0,.474,.561,1.6,2.0,.804,0.6,2.6,3.2,4.7,1.5,0.2,1.8,2.7,12.5,2024-2025
2923,143,Aaron Nesmith,SF,25,IND,23,23,28.3,4.3,9.2,.472,2.6,5.3,.492,1.7,3.9,.444,.613,1.3,1.6,.861,1.2,4.5,5.7,1.1,0.9,0.8,1.0,4.1,12.7,2024-2025
2924,144,Zeke Nnaji,PF,24,DEN,6,0,5.7,0.2,1.3,.125,0.2,1.0,.167,0.0,0.3,.000,.188,0.7,1.2,.571,0.5,0.7,1.2,0.3,0.2,0.3,0.3,1.0,1.2,2024-2025
2925,145,Chuma Okeke,PF,26,CLE,3,0,4.3,0.3,1.3,.250,0.3,1.3,.250,0.0,0.0,0,.375,0.0,0.0,0,0.0,0.0,0.0,0.3,0.3,0.0,0.0,0.0,1.0,2024-2025
2926,146,Isaac Okoro,SG,24,CLE,9,0,14.2,1.7,3.3,.500,0.7,1.8,.375,1.0,1.6,.643,.600,0.6,0.9,.625,0.4,0.8,1.2,0.6,0.7,0.1,0.4,1.4,4.6,2024-2025
2927,147,Cameron Payne,PG,30,NYK,14,0,7.3,0.9,2.6,.324,0.4,1.5,.238,0.5,1.1,.438,.392,0.1,0.2,.333,0.0,0.6,0.6,0.6,0.4,0.1,0.5,1.6,2.1,2024-2025
2928,148,Gary Payton II,SG,32,GSW,11,1,16.4,1.9,4.3,.447,0.8,2.1,.391,1.1,2.2,.500,.543,0.0,0.0,0,0.9,1.3,2.2,1.5,0.9,0.0,0.5,1.9,4.6,2024-2025
2929,149,Jalen Pickett,SG,25,DEN,8,0,7.1,0.6,1.9,.333,0.4,1.1,.333,0.3,0.8,.333,.433,0.0,0.0,0,0.0,0.9,0.9,0.6,0.0,0.1,0.8,0.4,1.6,2024-2025
2930,150,Scotty Pippen Jr.,PG,24,MEM,4,4,32.3,5.5,14.5,.379,2.5,7.0,.357,3.0,7.5,.400,.466,4.8,4.8,1.000,1.0,4.5,5.5,3.5,1.0,0.3,3.5,4.8,18.3,2024-2025
2931,151,Brandin Podziemski,SG,21,GSW,12,11,32.1,4.0,11.0,.364,1.8,5.6,.328,2.2,5.4,.400,.447,1.4,2.0,.708,1.3,3.7,5.0,3.1,1.3,0.2,1.5,1.5,11.3,2024-2025
2932,152,Craig Porter Jr.,PG,24,CLE,6,0,5.8,1.0,2.0,.500,0.0,0.5,.000,1.0,1.5,.667,.500,0.0,0.0,0,0.5,0.5,1.0,1.5,0.5,0.3,0.3,0.3,2.0,2024-2025
2933,153,Kevin Porter Jr.,SG,24,MIL,5,1,30.2,3.8,9.6,.396,1.4,3.0,.467,2.4,6.6,.364,.469,2.2,2.6,.846,0.6,3.0,3.6,5.4,0.8,0.0,1.8,2.4,11.2,2024-2025
2934,154,Michael Porter Jr.,SF,26,DEN,14,14,31.1,3.4,8.6,.392,1.7,5.0,.343,1.6,3.6,.460,.492,0.7,1.0,.714,1.0,4.5,5.5,0.6,0.6,0.4,0.9,1.9,9.1,2024-2025
2935,155,Bobby Portis,PF,29,MIL,5,1,31.6,6.0,13.6,.441,2.0,5.6,.357,4.0,8.0,.500,.515,0.0,0.2,.000,1.6,6.6,8.2,1.4,0.4,0.4,1.2,1.6,14.0,2024-2025
2936,156,Kristaps Porziņģis,C,29,BOS,11,7,21.0,2.3,7.2,.316,0.4,2.4,.154,1.9,4.8,.396,.342,2.8,4.1,.689,1.9,2.7,4.6,0.7,0.9,0.8,0.9,2.4,7.7,2024-2025
2937,157,Quinten Post,PF,24,GSW,12,2,12.2,1.3,4.0,.333,0.8,2.7,.313,0.5,1.3,.375,.438,0.3,0.3,.750,0.5,1.8,2.3,1.0,0.3,0.3,0.5,1.7,3.8,2024-2025
2938,158,Norman Powell,SG,31,LAC,7,7,34.0,6.0,12.7,.472,2.0,5.7,.350,4.0,7.0,.571,.551,2.0,2.6,.778,0.1,2.3,2.4,2.4,1.1,0.3,1.7,2.1,16.0,2024-2025
2939,159,Taurean Prince,SF,30,MIL,5,2,12.2,0.4,2.0,.200,0.4,1.8,.222,0.0,0.2,.000,.300,0.0,0.0,0,0.0,1.0,1.0,1.6,0.4,0.2,1.0,0.6,1.2,2024-2025
2940,160,Payton Pritchard,PG,27,BOS,11,0,27.5,4.1,9.0,.455,2.5,6.1,.403,1.6,2.9,.563,.591,1.3,1.5,.824,0.8,1.5,2.3,1.5,0.5,0.0,0.8,1.7,11.9,2024-2025
2941,161,Neemias Queta,C,25,BOS,4,0,3.3,1.3,1.5,.833,0.0,0.0,0,1.3,1.5,.833,.833,0.0,0.0,0,0.5,0.0,0.5,0.5,0.3,0.0,0.0,0.5,2.5,2024-2025
2942,162,Julius Randle,PF,30,MIN,15,15,35.5,7.7,15.3,.502,2.0,5.2,.385,5.7,10.1,.563,.568,4.4,5.0,.880,1.8,4.1,5.9,4.9,0.8,0.1,3.3,3.0,21.7,2024-2025
2943,163,Austin Reaves,SG,26,LAL,5,5,39.2,6.0,14.6,.411,3.0,9.4,.319,3.0,5.2,.577,.514,1.2,1.4,.857,0.8,4.6,5.4,3.6,0.2,0.6,2.8,3.6,16.2,2024-2025
2944,164,Paul Reed,C,25,DET,5,0,10.6,1.0,1.6,.625,0.0,0.0,0,1.0,1.6,.625,.625,0.8,1.2,.667,1.4,1.6,3.0,0.2,1.0,0.6,1.0,1.6,2.8,2024-2025
2945,165,Naz Reid,C,25,MIN,15,0,25.0,3.7,7.3,.509,1.7,4.2,.397,2.1,3.1,.660,.623,1.3,1.7,.760,1.1,3.7,4.7,1.7,0.7,0.9,1.9,2.9,10.4,2024-2025
2946,166,Duncan Robinson,SF,30,MIA,4,0,14.8,1.3,3.5,.357,1.0,3.0,.333,0.3,0.5,.500,.500,0.8,1.0,.750,0.0,1.0,1.0,0.3,0.0,0.0,1.5,1.5,4.3,2024-2025
2947,167,Mitchell Robinson,C,26,NYK,18,4,20.6,1.7,2.8,.608,0.0,0.0,0,1.7,2.8,.608,.608,1.2,3.1,.393,3.7,3.3,7.1,0.4,0.9,0.8,0.7,2.1,4.7,2024-2025
2948,168,Ryan Rollins,PG,22,MIL,3,1,10.0,1.3,4.3,.308,0.7,2.3,.286,0.7,2.0,.333,.385,0.0,0.0,0,0.3,0.3,0.7,1.3,0.3,0.0,0.0,1.3,3.3,2024-2025
2949,169,Gui Santos,PF,22,GSW,10,0,7.2,0.9,1.7,.529,0.4,1.0,.400,0.5,0.7,.714,.647,0.4,0.6,.667,0.3,0.9,1.2,0.8,0.3,0.1,0.6,1.0,2.6,2024-2025
2950,170,Baylor Scheierman,SG,24,BOS,4,0,5.5,0.8,2.5,.300,0.5,1.3,.400,0.3,1.3,.200,.400,0.0,0.0,0,0.3,0.8,1.0,0.0,0.0,0.0,0.3,0.5,2.0,2024-2025
2951,171,Dennis Schröder,PG,31,DET,6,0,27.3,4.3,8.8,.491,1.7,3.5,.476,2.7,5.3,.500,.585,2.2,2.7,.813,0.7,1.7,2.3,3.7,1.2,0.2,1.2,2.0,12.5,2024-2025
2952,172,Alperen Şengün,C,22,HOU,7,7,36.6,8.4,18.7,.450,0.4,1.1,.375,8.0,17.6,.455,.462,3.6,5.7,.625,3.0,8.9,11.9,5.3,1.9,0.4,2.1,3.7,20.9,2024-2025
2953,173,Landry Shamet,SG,27,NYK,11,0,7.5,0.8,1.8,.450,0.6,1.4,.467,0.2,0.5,.400,.625,0.1,0.4,.250,0.0,0.4,0.4,0.7,0.1,0.0,0.4,0.5,2.4,2024-2025
2954,174,Terrence Shannon Jr.,SG,24,MIN,9,0,6.3,1.4,3.0,.481,0.3,0.9,.375,1.1,2.1,.526,.537,1.3,1.3,1.000,0.1,1.0,1.1,0.3,0.4,0.0,0.3,1.0,4.6,2024-2025
2955,175,Ben Sheppard,SG,23,IND,21,0,14.0,1.1,2.4,.471,0.7,1.8,.395,0.4,0.6,.692,.618,0.2,0.2,1.000,0.4,1.5,1.9,0.4,0.4,0.0,0.5,1.8,3.2,2024-2025
2956,176,Reed Sheppard,PG,20,HOU,3,0,3.3,0.0,0.7,.000,0.0,0.7,.000,0.0,0.0,0,.000,0.0,0.0,0,0.0,0.3,0.3,0.3,0.7,0.3,0.3,0.3,0.0,2024-2025
2957,177,Pascal Siakam,PF,30,IND,23,23,33.5,7.6,14.8,.513,1.5,3.6,.427,6.1,11.3,.541,.565,3.8,5.3,.713,1.3,5.0,6.3,3.4,1.2,0.7,1.3,2.9,20.5,2024-2025
2958,178,Ben Simmons,PG,28,LAC,5,0,8.4,0.4,1.2,.333,0.0,0.0,0,0.4,1.2,.333,.333,0.0,0.0,0,0.6,0.8,1.4,0.8,0.2,0.8,0.4,2.2,0.8,2024-2025
2959,179,Jericho Sims,C,26,MIL,5,0,11.6,1.2,1.2,1.000,0.0,0.0,0,1.2,1.2,1.000,1.000,0.4,0.6,.667,2.2,1.8,4.0,0.2,0.0,0.2,1.0,1.0,2.8,2024-2025
2960,180,Jabari Smith Jr.,PF,21,HOU,7,0,20.4,2.4,4.9,.500,1.4,3.1,.455,1.0,1.7,.583,.647,1.1,1.4,.800,1.0,2.9,3.9,0.6,0.1,0.7,1.4,0.9,7.4,2024-2025
2961,181,Pat Spencer,PG,28,GSW,8,0,7.9,2.0,3.1,.640,0.1,0.4,.333,1.9,2.8,.682,.660,0.4,0.4,1.000,0.6,0.8,1.4,0.8,0.4,0.0,0.8,1.1,4.5,2024-2025
2962,182,Lamar Stevens,PF,27,MEM,2,0,6.0,1.0,4.5,.222,0.0,1.5,.000,1.0,3.0,.333,.222,0.0,0.0,0,0.0,2.0,2.0,0.5,0.0,0.0,0.5,0.5,2.0,2024-2025
2963,183,Isaiah Stewart,C,23,DET,1,0,19.0,1.0,2.0,.500,0.0,0.0,0,1.0,2.0,.500,.500,0.0,0.0,0,1.0,4.0,5.0,1.0,0.0,2.0,0.0,5.0,2.0,2024-2025
2964,184,Julian Strawther,SG,22,DEN,9,0,9.8,1.4,3.3,.433,0.7,1.3,.500,0.8,2.0,.389,.533,0.7,0.8,.857,0.4,0.6,1.0,0.2,0.2,0.1,0.6,1.2,4.2,2024-2025
2965,185,Max Strus,SF,28,CLE,9,9,28.1,4.1,9.9,.416,2.9,7.4,.388,1.2,2.4,.500,.562,0.6,0.7,.833,1.8,3.9,5.7,3.9,0.7,0.2,0.8,2.6,11.7,2024-2025
2966,186,Jayson Tatum,PF,26,BOS,8,8,40.3,9.3,21.9,.423,3.6,9.8,.372,5.6,12.1,.464,.506,6.0,6.8,.889,1.1,10.4,11.5,5.4,2.1,0.8,3.3,2.6,28.1,2024-2025
2967,187,Amen Thompson,SF,22,HOU,7,7,33.0,6.0,12.1,.494,0.1,0.6,.250,5.9,11.6,.506,.500,3.6,5.1,.694,2.7,4.1,6.9,3.3,1.7,0.9,1.7,2.6,15.7,2024-2025
2968,188,Ausar Thompson,SF,22,DET,6,6,22.5,4.0,7.0,.571,0.0,0.3,.000,4.0,6.7,.600,.571,3.5,6.0,.583,1.3,3.8,5.2,1.0,1.2,0.8,1.8,4.2,11.5,2024-2025
2969,189,Tristan Thompson,C,33,CLE,3,0,9.7,1.0,2.0,.500,0.0,0.0,0,1.0,2.0,.500,.500,0.3,1.0,.333,0.7,4.3,5.0,0.3,0.3,0.7,0.7,0.7,2.3,2024-2025
2970,190,Xavier Tillman Sr.,C,26,BOS,1,0,8.0,1.0,4.0,.250,0.0,2.0,.000,1.0,2.0,.500,.250,0.0,0.0,0,1.0,2.0,3.0,0.0,0.0,0.0,0.0,0.0,2.0,2024-2025
2971,191,Obi Toppin,PF,26,IND,23,0,19.1,3.6,7.4,.485,1.1,3.4,.321,2.5,4.0,.624,.558,1.1,1.6,.694,0.6,3.3,3.8,1.3,0.7,0.3,1.0,2.0,9.4,2024-2025
2972,192,Karl-Anthony Towns,C,29,NYK,18,18,35.5,7.7,15.8,.488,1.4,4.1,.351,6.3,11.7,.536,.533,4.6,5.4,.845,2.1,9.5,11.6,1.3,0.7,0.7,2.2,4.3,21.4,2024-2025
2973,193,Gary Trent Jr.,SG,26,MIL,5,3,34.2,6.4,12.4,.516,4.4,8.8,.500,2.0,3.6,.556,.694,1.6,2.0,.800,0.2,2.0,2.2,1.2,2.6,0.0,0.6,1.8,18.8,2024-2025
2974,194,P.J. Tucker,SF,39,NYK,1,0,4.0,0.0,0.0,0,0.0,0.0,0,0.0,0.0,0,0,0.0,0.0,0,0.0,0.0,0.0,0.0,0.0,0.0,0.0,1.0,0.0,2024-2025
2975,195,Myles Turner,C,28,IND,23,23,29.3,4.6,9.5,.484,1.3,3.9,.344,3.3,5.6,.581,.555,3.2,4.2,.771,1.2,3.6,4.8,1.4,0.5,2.0,1.7,3.0,13.8,2024-2025
2976,196,Hunter Tyson,PF,24,DEN,5,0,6.0,1.0,2.0,.500,0.2,1.0,.200,0.8,1.0,.800,.550,0.8,0.8,1.000,0.8,0.8,1.6,0.4,0.2,0.0,0.2,0.6,3.0,2024-2025
2977,197,Jaylon Tyson,SG,22,CLE,4,0,7.8,1.8,3.8,.467,1.3,2.3,.556,0.5,1.5,.333,.633,1.3,1.5,.833,0.8,1.0,1.8,1.8,0.5,0.3,0.5,1.0,6.0,2024-2025
2978,198,Jarred Vanderbilt,PF,25,LAL,5,0,12.0,0.4,1.2,.333,0.0,0.2,.000,0.4,1.0,.400,.333,0.6,0.8,.750,0.8,3.0,3.8,1.0,0.6,0.2,0.6,1.8,1.4,2024-2025
2979,199,Fred VanVleet,PG,30,HOU,7,7,40.0,5.7,13.3,.430,3.9,8.9,.435,1.9,4.4,.419,.575,3.4,3.4,1.000,0.4,3.7,4.1,4.4,1.0,0.3,1.9,2.3,18.7,2024-2025
2980,200,Gabe Vincent,PG,28,LAL,5,0,19.8,1.0,2.8,.357,0.8,2.6,.308,0.2,0.2,1.000,.500,0.0,0.0,0,0.0,1.0,1.0,1.0,0.2,0.4,0.2,1.6,2.8,2024-2025
2981,201,Dean Wade,PF,28,CLE,9,1,15.8,0.7,2.0,.333,0.3,1.6,.214,0.3,0.4,.750,.417,0.0,0.0,0,1.1,3.1,4.2,0.7,0.3,0.1,0.3,1.1,1.7,2024-2025
2982,202,Franz Wagner,SF,23,ORL,5,5,39.0,10.2,23.0,.443,1.4,7.4,.189,8.8,15.6,.564,.474,4.0,5.2,.769,0.6,4.2,4.8,5.6,1.2,0.4,2.0,3.2,25.8,2024-2025
2983,203,Jarace Walker,PF,21,IND,12,0,9.8,1.1,2.8,.382,0.7,1.7,.400,0.4,1.2,.357,.500,0.2,0.3,.500,0.2,1.6,1.8,0.7,0.2,0.2,0.6,0.8,3.0,2024-2025
2984,204,Cason Wallace,SG,21,OKC,23,3,22.4,2.2,5.2,.429,0.9,2.7,.323,1.3,2.5,.544,.513,0.3,0.4,.667,1.0,1.7,2.7,2.1,1.4,0.4,0.7,2.2,5.6,2024-2025
2985,205,Jordan Walsh,PF,20,BOS,5,0,3.0,0.0,0.2,.000,0.0,0.2,.000,0.0,0.0,0,.000,0.0,0.0,0,0.0,0.2,0.2,0.2,0.0,0.0,0.0,0.0,0.0,2024-2025
2986,206,Kel'el Ware,C,20,MIA,4,4,18.3,2.0,4.5,.444,0.8,2.8,.273,1.3,1.8,.714,.528,0.0,0.0,0,1.0,3.8,4.8,1.0,0.3,0.5,0.5,0.8,4.8,2024-2025
2987,207,Peyton Watson,SF,22,DEN,14,0,14.2,1.7,4.2,.407,0.5,1.4,.368,1.2,2.9,.425,.466,0.6,1.1,.500,1.0,1.9,2.9,0.3,0.8,0.6,0.6,1.5,4.5,2024-2025
2988,208,Russell Westbrook,PG,36,DEN,13,0,24.1,4.0,10.2,.391,1.5,4.8,.317,2.5,5.4,.457,.466,2.2,3.1,.700,1.5,2.2,3.7,2.6,0.9,0.1,2.3,3.2,11.7,2024-2025
2989,209,Derrick White,SG,30,BOS,11,11,37.7,6.2,13.4,.463,3.6,9.5,.385,2.5,3.9,.651,.599,2.8,3.3,.861,1.3,3.8,5.1,3.5,0.6,1.1,1.2,2.0,18.8,2024-2025
2990,210,Cam Whitmore,SF,20,HOU,3,0,1.7,0.0,0.7,.000,0.0,0.3,.000,0.0,0.3,.000,.000,0.0,0.0,0,0.0,0.3,0.3,0.0,0.0,0.0,0.0,0.0,0.0,2024-2025
2991,211,Aaron Wiggins,SG,26,OKC,22,0,13.8,2.1,5.4,.395,1.1,3.1,.362,1.0,2.3,.440,.500,0.6,0.8,.765,0.6,1.6,2.3,0.9,0.5,0.3,0.8,1.0,6.0,2024-2025
2992,212,Andrew Wiggins,SF,29,MIA,4,4,30.5,4.0,10.8,.372,1.8,5.0,.350,2.3,5.8,.391,.453,1.8,2.5,.700,1.0,2.3,3.3,2.3,0.3,1.3,2.8,1.5,11.5,2024-2025
2993,213,Jalen Williams,SG,23,OKC,23,23,34.6,7.7,17.2,.449,1.5,5.0,.304,6.2,12.2,.509,.494,4.4,5.6,.789,1.0,4.5,5.5,4.8,1.4,0.4,1.8,2.2,21.4,2024-2025
2994,214,Jaylin Williams,PF,22,OKC,17,0,8.3,0.9,2.1,.429,0.5,1.5,.360,0.4,0.6,.600,.557,0.4,0.6,.545,0.2,1.6,1.9,1.0,0.5,0.1,0.7,1.8,2.6,2024-2025
2995,215,Kenrich Williams,PF,30,OKC,16,0,8.6,1.0,2.5,.400,0.3,1.3,.200,0.8,1.3,.600,.450,0.2,0.4,.500,0.5,1.7,2.2,0.4,0.4,0.1,0.4,0.4,2.4,2024-2025
2996,216,Nate Williams,SG,25,HOU,3,0,1.7,0.0,0.3,.000,0.0,0.3,.000,0.0,0.0,0,.000,0.0,0.0,0,0.0,0.0,0.0,0.0,0.0,0.0,0.3,0.3,0.0,2024-2025
2997,217,Vince Williams Jr.,SG,24,MEM,3,0,12.7,1.3,2.3,.571,1.3,2.3,.571,0.0,0.0,0,.857,0.7,0.7,1.000,0.3,2.0,2.3,1.3,0.7,0.3,1.0,1.0,4.7,2024-2025
2998,218,Delon Wright,PG,32,NYK,6,0,8.0,0.3,1.5,.222,0.2,1.0,.167,0.2,0.5,.333,.278,0.3,0.3,1.000,0.2,0.2,0.3,0.8,0.5,0.2,0.2,0.0,1.2,2024-2025
2999,219,Ivica Zubac,C,27,LAC,7,7,36.6,7.7,11.7,.659,0.0,0.0,0,7.7,11.7,.659,.659,2.0,3.7,.538,3.9,6.3,10.1,2.3,0.7,1.0,1.6,2.7,17.4,2024-2025
3000,1,Nickeil Alexander-Walker,SG,27,ATL,6,6,35.5,4.5,11.8,.380,3.0,7.2,.419,1.5,4.7,.321,.507,1.7,2.5,.667,0.5,1.8,2.3,2.7,0.5,0.8,2.8,2.0,13.7,2025-2026
3001,2,Grayson Allen,SG,30,PHO,2,0,19.0,3.0,6.5,.462,2.0,5.5,.364,1.0,1.0,1.000,.615,1.5,2.0,.750,0.5,1.5,2.0,2.0,0.0,1.0,0.0,1.5,9.5,2025-2026
3002,3,Jarrett Allen,C,27,CLE,18,18,29.4,4.8,7.6,.635,0.0,0.0,0,4.8,7.6,.635,.635,3.1,5.3,.579,3.2,4.0,7.2,1.1,1.0,1.7,0.9,2.0,12.7,2025-2026
3003,4,Jose Alvarado,PG,27,NYK,18,0,9.4,1.6,3.7,.433,0.7,1.9,.353,0.9,1.8,.515,.522,0.3,0.3,.833,0.1,1.3,1.4,1.2,0.6,0.1,0.6,1.2,4.2,2025-2026
3004,5,Kyle Anderson,SF,32,MIN,8,0,7.6,0.8,2.1,.353,0.0,0.1,.000,0.8,2.0,.375,.353,0.4,1.0,.375,0.3,0.6,0.9,1.9,0.3,0.0,0.8,0.8,1.9,2025-2026
3005,6,OG Anunoby,PF,28,NYK,17,17,34.5,6.5,11.6,.561,2.6,5.3,.489,3.9,6.4,.620,.672,4.5,5.2,.854,0.9,5.4,6.3,1.6,1.5,1.1,0.6,2.6,20.1,2025-2026
3006,7,Deni Avdija,SF,25,POR,5,5,34.8,7.0,15.6,.449,1.4,4.0,.350,5.6,11.6,.483,.494,6.8,9.4,.723,0.6,5.4,6.0,4.6,0.4,0.6,3.4,3.8,22.2,2025-2026
3007,8,Deandre Ayton,C,27,LAL,10,10,28.5,4.6,8.4,.548,0.0,0.0,0,4.6,8.4,.548,.548,0.8,1.3,.615,3.7,5.9,9.6,0.9,0.2,0.8,1.3,2.8,10.0,2025-2026
3008,9,Paolo Banchero,PF,23,ORL,7,7,39.0,8.6,20.4,.420,2.0,6.0,.333,6.6,14.4,.455,.469,7.1,10.6,.676,1.3,7.7,9.0,6.3,1.4,0.7,3.4,2.6,26.3,2025-2026
3009,10,Desmond Bane,SG,27,ORL,7,7,36.1,6.1,15.7,.391,3.6,8.3,.431,2.6,7.4,.346,.505,2.3,2.9,.800,1.4,3.3,4.7,1.9,1.9,0.3,1.6,4.0,18.1,2025-2026
3010,11,Dalano Banton,PG,26,BOS,2,0,2.0,0.5,0.5,1.000,0.0,0.0,0,0.5,0.5,1.000,1.000,0.0,0.0,0,0.0,0.0,0.0,0.0,0.0,0.0,0.0,0.0,1.0,2025-2026
3011,12,Dominick Barlow,PF,22,PHI,9,0,10.7,1.1,1.9,.588,0.0,0.1,.000,1.1,1.8,.625,.588,0.7,0.8,.857,0.7,1.0,1.7,0.1,0.2,0.4,0.2,1.0,2.9,2025-2026
3012,13,Harrison Barnes,PF,33,SAS,20,0,9.2,0.7,2.0,.333,0.3,1.3,.231,0.4,0.7,.538,.410,0.7,0.9,.824,0.8,0.5,1.3,0.3,0.1,0.1,0.3,0.4,2.3,2025-2026
3013,14,Scottie Barnes,PF,24,TOR,7,7,39.0,8.4,16.6,.509,1.1,3.0,.381,7.3,13.6,.537,.543,6.1,7.7,.796,1.6,4.6,6.1,8.6,1.1,1.7,3.4,3.0,24.1,2025-2026
3014,15,RJ Barrett,SF,25,TOR,7,7,38.7,9.0,18.9,.477,2.4,6.3,.386,6.6,12.6,.523,.542,3.7,5.9,.634,2.0,5.0,7.0,4.0,1.3,0.3,3.6,3.4,24.1,2025-2026
3015,16,Jamison Battle,SF,24,TOR,6,0,11.8,1.8,3.2,.579,1.2,1.8,.636,0.7,1.3,.500,.763,0.0,0.0,0,0.5,1.3,1.8,0.2,0.0,0.0,0.2,1.0,4.8,2025-2026
3016,17,Joan Beringer,PF,19,MIN,5,0,4.6,1.0,1.8,.556,0.0,0.0,0,1.0,1.8,.556,.556,1.2,1.6,.750,1.0,1.2,2.2,0.0,0.4,0.4,0.6,0.0,3.2,2025-2026
3017,18,Goga Bitadze,C,26,ORL,6,0,13.8,1.0,2.5,.400,0.0,0.0,0,1.0,2.5,.400,.400,0.8,1.2,.714,2.2,1.8,4.0,0.3,0.3,1.7,0.7,2.3,2.8,2025-2026
3018,19,Bismack Biyombo,C,33,SAS,9,0,2.8,0.3,0.8,.429,0.0,0.0,0,0.3,0.8,.429,.429,0.0,0.0,0,0.1,0.2,0.3,0.0,0.0,0.2,0.2,0.4,0.7,2025-2026
3019,20,Anthony Black,PG,22,ORL,7,0,28.0,2.9,7.7,.370,1.0,3.1,.318,1.9,4.6,.406,.435,1.9,3.0,.619,0.3,2.9,3.1,1.4,2.1,0.7,0.7,2.7,8.6,2025-2026
3020,21,Adem Bona,C,22,PHI,10,3,9.6,0.8,1.6,.500,0.0,0.0,0,0.8,1.6,.500,.500,1.0,1.6,.625,1.1,1.0,2.1,0.1,0.1,0.7,1.1,2.3,2.6,2025-2026
3021,22,Devin Booker,SG,29,PHO,4,4,38.3,7.3,15.8,.460,1.3,5.0,.250,6.0,10.8,.558,.500,5.5,7.0,.786,2.5,1.8,4.3,4.8,0.3,0.3,4.0,3.8,21.3,2025-2026
3022,23,Jamaree Bouyea,PG,26,PHO,4,0,2.5,0.5,1.0,.500,0.0,0.0,0,0.5,1.0,.500,.500,0.3,0.5,.500,0.3,0.5,0.8,0.3,0.3,0.0,0.0,0.0,1.3,2025-2026
3023,24,Tony Bradley,C,28,ATL,4,0,10.3,0.8,1.0,.750,0.3,0.3,1.000,0.5,0.8,.667,.875,1.0,1.5,.667,0.3,2.5,2.8,0.8,0.5,0.8,0.3,1.8,2.8,2025-2026
3024,25,Christian Braun,SG,24,DEN,6,6,31.2,2.5,6.0,.417,1.0,2.3,.429,1.5,3.7,.409,.500,2.3,3.2,.737,0.3,3.2,3.5,1.7,1.0,0.8,0.7,2.2,8.3,2025-2026
3025,26,Mikal Bridges,SF,29,NYK,19,19,32.0,5.5,9.9,.559,1.2,3.3,.365,4.3,6.6,.656,.620,1.2,1.3,.920,0.4,2.8,3.2,2.7,1.0,0.3,0.9,1.9,13.5,2025-2026
3026,27,Dillon Brooks,SF,30,PHO,4,4,37.3,9.8,21.3,.459,3.5,8.0,.438,6.3,13.3,.472,.541,3.0,3.0,1.000,1.3,4.8,6.0,1.8,0.3,0.3,1.5,4.5,26.0,2025-2026
3027,28,Johni Broome,C,23,PHI,2,0,4.0,1.5,3.0,.500,0.5,2.0,.250,1.0,1.0,1.000,.583,0.0,0.0,0,0.5,0.5,1.0,0.5,0.0,0.0,0.0,0.0,3.5,2025-2026
3028,29,Bruce Brown,SG,29,DEN,6,0,19.3,2.5,5.7,.441,0.5,1.8,.273,2.0,3.8,.522,.485,0.8,1.5,.556,0.5,2.2,2.7,1.7,1.7,0.0,1.5,2.7,6.3,2025-2026
3029,30,Jaylen Brown,SF,29,BOS,7,7,35.6,9.3,20.4,.455,2.4,6.0,.405,6.9,14.4,.475,.514,4.7,6.6,.717,1.6,4.1,5.7,3.3,0.9,1.1,3.6,3.0,25.7,2025-2026
3030,31,Jalen Brunson,PG,29,NYK,19,19,36.9,10.1,21.7,.465,2.4,6.5,.363,7.7,15.2,.509,.519,5.8,6.8,.846,0.6,2.6,3.2,6.1,1.2,0.0,2.7,2.1,28.4,2025-2026
3031,32,Carter Bryant,PF,20,SAS,22,0,8.5,1.0,2.0,.500,0.5,1.3,.414,0.5,0.7,.667,.636,0.1,0.3,.333,0.4,1.3,1.7,0.7,0.1,0.3,0.6,1.8,2.6,2025-2026
3032,33,Thomas Bryant,C,28,CLE,9,0,4.6,0.7,2.3,.286,0.2,1.3,.167,0.4,1.0,.444,.333,0.3,0.3,1.000,0.3,0.9,1.2,0.2,0.2,0.1,0.2,0.4,1.9,2025-2026
3033,34,Jamal Cain,SF,26,ORL,7,3,17.6,1.7,4.1,.414,0.4,1.7,.250,1.3,2.4,.529,.466,0.7,1.6,.455,1.0,2.4,3.4,0.6,0.3,0.4,0.7,2.0,4.6,2025-2026
3034,35,Toumani Camara,PF,25,POR,5,5,33.0,2.2,7.6,.289,1.4,5.4,.259,0.8,2.2,.364,.382,1.2,1.2,1.000,1.6,3.8,5.4,1.2,1.4,0.6,1.4,2.6,7.0,2025-2026
3035,36,Clint Capela,C,31,HOU,4,0,5.5,0.8,2.0,.375,0.0,0.0,0,0.8,2.0,.375,.375,0.0,0.0,0,1.3,0.5,1.8,0.3,0.0,0.3,0.3,0.3,1.5,2025-2026
3036,37,Jevon Carter,PG,30,ORL,3,0,5.7,0.3,1.3,.250,0.0,0.7,.000,0.3,0.7,.500,.250,0.0,0.0,0,0.3,0.3,0.7,0.7,0.3,0.0,0.0,0.0,0.7,2025-2026
3037,38,Wendell Carter Jr.,C,26,ORL,7,7,33.9,3.6,6.9,.521,0.7,2.6,.278,2.9,4.3,.667,.573,3.1,4.4,.710,2.9,4.1,7.0,2.9,0.6,1.7,1.4,4.0,11.0,2025-2026
3038,39,Alex Caruso,SG,31,OKC,15,0,23.5,3.7,7.7,.478,2.2,4.9,.446,1.5,2.7,.537,.622,1.5,1.8,.815,0.4,2.6,3.0,2.1,1.4,0.5,0.9,2.1,11.0,2025-2026
3039,40,Stephon Castle,PG,21,SAS,23,23,33.0,5.9,12.9,.459,1.5,4.3,.350,4.4,8.5,.515,.519,4.8,5.9,.816,1.4,3.6,5.0,6.1,0.9,0.3,3.5,3.9,18.2,2025-2026
3040,41,Julian Champagnie,SF,24,SAS,23,23,30.7,3.8,8.5,.444,2.7,6.7,.396,1.1,1.8,.619,.599,1.0,1.3,.767,0.9,4.8,5.7,1.6,1.3,0.5,0.6,2.2,11.2,2025-2026
3041,42,Sidy Cissoko,SF,21,POR,4,0,6.5,1.0,2.5,.400,0.5,1.3,.400,0.5,1.3,.400,.500,0.3,0.3,1.000,0.5,0.8,1.3,0.3,1.0,0.0,0.3,1.0,2.8,2025-2026
3042,43,Jaylen Clark,SG,24,MIN,6,0,9.5,0.5,2.0,.250,0.3,1.3,.250,0.2,0.7,.250,.333,0.3,0.3,1.000,0.3,0.8,1.2,0.5,0.2,0.2,0.0,1.0,1.7,2025-2026
3043,44,Jordan Clarkson,SG,33,NYK,18,0,10.8,1.9,4.3,.455,0.2,1.1,.211,1.7,3.2,.534,.481,0.8,1.1,.789,1.0,0.7,1.7,0.6,0.2,0.1,0.9,1.4,4.9,2025-2026
3044,45,Donovan Clingan,C,21,POR,5,5,21.4,2.8,9.2,.304,1.0,5.0,.200,1.8,4.2,.429,.359,0.4,0.8,.500,2.8,5.0,7.8,2.2,0.2,0.6,0.6,2.8,7.0,2025-2026
3045,46,Amir Coffey,SG,28,PHO,4,0,1.5,0.0,0.0,0,0.0,0.0,0,0.0,0.0,0,0,0.0,0.0,0,0.0,0.0,0.0,0.0,0.0,0.0,0.5,0.0,0.0,2025-2026
3046,47,Mike Conley,PG,38,MIN,12,5,14.0,1.6,3.2,.500,1.1,2.2,.500,0.5,1.0,.500,.671,0.2,0.2,1.000,0.1,1.2,1.3,2.7,0.7,0.0,0.4,1.3,4.4,2025-2026
3047,48,Cade Cunningham,PG,24,DET,14,14,40.9,9.1,21.0,.432,2.9,7.3,.402,6.1,13.7,.448,.502,7.1,8.2,.861,0.9,4.2,5.1,7.5,1.1,0.6,5.6,3.1,28.1,2025-2026
3048,49,Tristan Da Silva,SF,24,ORL,7,0,15.3,1.6,4.1,.379,0.7,2.3,.313,0.9,1.9,.462,.466,0.3,0.6,.500,1.0,1.9,2.9,0.1,0.1,0.0,0.7,1.1,4.1,2025-2026
3049,50,Pacôme Dadiet,SG,20,NYK,7,0,5.7,1.1,2.3,.500,0.4,1.1,.375,0.7,1.1,.625,.594,0.1,0.3,.500,0.3,0.7,1.0,0.4,0.3,0.0,0.3,0.1,2.9,2025-2026
3050,51,Dyson Daniels,SG,22,ATL,6,6,27.7,3.0,6.8,.439,0.7,2.3,.286,2.3,4.5,.519,.488,0.7,1.0,.667,1.5,4.7,6.2,5.0,1.8,0.3,1.8,2.0,7.3,2025-2026
3051,52,JD Davison,PG,23,HOU,2,0,2.5,0.0,0.0,0,0.0,0.0,0,0.0,0.0,0,0,1.0,1.0,1.000,0.0,1.0,1.0,0.0,0.0,0.0,1.0,0.0,1.0,2025-2026
3052,53,Mohamed Diawara,SF,20,NYK,6,0,7.2,0.5,2.2,.231,0.2,1.0,.167,0.3,1.2,.286,.269,0.0,0.0,0,0.2,1.3,1.5,1.0,0.2,0.0,0.5,0.5,1.2,2025-2026
3053,54,Gradey Dick,SG,22,TOR,3,0,1.3,0.0,0.0,0,0.0,0.0,0,0.0,0.0,0,0,0.0,0.0,0,0.0,0.3,0.3,0.0,0.0,0.0,0.0,0.0,0.0,2025-2026
3054,55,Donte DiVincenzo,SG,29,MIN,4,4,24.0,4.0,8.0,.500,2.8,5.8,.478,1.3,2.3,.556,.672,0.0,0.5,.000,0.0,3.8,3.8,4.0,1.8,0.0,1.0,2.5,10.8,2025-2026
3055,56,Luguentz Dort,SF,26,OKC,15,15,22.3,2.0,5.5,.366,1.3,4.3,.308,0.7,1.1,.588,.488,0.1,0.3,.500,0.7,2.0,2.7,1.3,0.5,0.1,0.5,2.7,5.5,2025-2026
3056,57,Ayo Dosunmu,SG,26,MIN,10,4,29.2,5.7,11.4,.500,1.7,4.0,.425,4.0,7.4,.541,.575,2.5,2.7,.926,0.7,2.9,3.6,4.1,0.9,0.4,1.5,2.8,15.6,2025-2026
3057,58,Andre Drummond,C,32,PHI,11,1,12.9,1.5,2.1,.696,0.4,0.7,.500,1.1,1.4,.800,.783,0.6,0.9,.700,1.1,3.2,4.3,0.6,0.4,0.2,0.8,2.5,3.9,2025-2026
3058,59,Ryan Dunn,SF,23,PHO,4,0,8.5,0.0,1.0,.000,0.0,1.0,.000,0.0,0.0,0,.000,0.0,0.0,0,0.0,1.5,1.5,0.5,0.0,0.0,0.8,0.5,0.0,2025-2026
3059,60,Kevin Durant,SF,37,HOU,1,1,41.0,7.0,12.0,.583,1.0,4.0,.250,6.0,8.0,.750,.625,8.0,9.0,.889,2.0,4.0,6.0,4.0,1.0,1.0,9.0,4.0,23.0,2025-2026
3060,61,Jalen Duren,C,22,DET,14,14,30.1,4.0,7.8,.514,0.0,0.0,0,4.0,7.8,.514,.514,2.2,3.3,.674,3.3,5.2,8.5,2.1,0.6,1.2,2.3,3.4,10.2,2025-2026
3061,62,Tari Eason,PF,24,HOU,6,4,32.5,5.2,10.8,.477,1.7,5.0,.333,3.5,5.8,.600,.554,1.8,2.2,.846,2.0,4.7,6.7,1.7,2.5,0.7,0.8,3.7,13.8,2025-2026
3062,63,VJ Edgecombe,SG,20,PHI,11,11,37.0,5.5,13.2,.414,1.9,6.5,.292,3.5,6.6,.534,.486,1.2,1.6,.722,2.1,4.0,6.1,3.4,1.0,0.4,1.6,2.6,14.0,2025-2026
3063,64,Anthony Edwards,SG,24,MIN,10,8,32.4,7.7,18.0,.428,2.0,6.3,.317,5.7,11.7,.487,.483,4.2,5.1,.824,0.5,5.2,5.7,2.7,0.5,0.7,2.5,2.9,21.6,2025-2026
3064,65,Justin Edwards,SF,22,PHI,9,0,12.1,1.2,3.6,.344,0.4,2.0,.222,0.8,1.6,.500,.406,0.4,0.8,.571,0.7,1.6,2.2,0.4,0.0,0.1,0.7,1.7,3.3,2025-2026
3065,66,Keon Ellis,SG,26,CLE,12,0,7.4,0.4,1.3,.333,0.4,1.2,.357,0.0,0.1,.000,.500,0.3,0.4,.800,0.3,0.9,1.2,0.3,0.6,0.1,0.5,0.8,1.6,2025-2026
3066,67,Joel Embiid,C,31,PHI,7,7,33.3,8.1,17.7,.460,0.7,4.0,.179,7.4,13.7,.542,.480,7.0,8.4,.831,1.1,6.1,7.3,5.4,0.3,0.9,2.1,2.4,24.0,2025-2026
3067,68,Dorian Finney-Smith,PF,32,HOU,4,0,12.3,0.5,3.5,.143,0.5,2.8,.182,0.0,0.8,.000,.214,0.5,0.5,1.000,0.3,1.8,2.0,0.3,0.3,0.3,0.5,1.5,2.0,2025-2026
3068,69,Rasheer Fleming,PF,21,PHO,4,0,4.5,0.8,1.3,.600,0.8,1.3,.600,0.0,0.0,0,.900,0.0,0.0,0,0.3,0.0,0.3,0.0,0.5,0.3,0.3,0.5,2.3,2025-2026
3069,70,De'Aaron Fox,PG,28,SAS,21,21,33.5,6.0,14.4,.414,1.4,4.9,.294,4.5,9.5,.475,.464,2.2,3.0,.758,0.6,3.2,3.8,6.0,1.3,0.4,2.0,2.6,15.6,2025-2026
3070,71,Luka Garza,C,27,BOS,7,1,8.4,1.4,2.9,.500,0.6,1.9,.308,0.9,1.0,.857,.600,1.0,1.1,.875,1.0,0.7,1.7,0.9,0.0,0.1,0.1,2.0,4.4,2025-2026
3071,72,Paul George,PF,35,PHI,11,11,35.8,5.9,12.9,.458,3.2,6.5,.493,2.7,6.5,.423,.581,1.4,1.8,.750,0.5,3.4,3.9,3.0,1.3,0.5,2.0,2.5,16.4,2025-2026
3072,73,Shai Gilgeous-Alexander,PG,27,OKC,15,15,36.3,8.8,19.0,.463,1.2,3.9,.305,7.6,15.1,.504,.495,8.8,9.9,.892,0.4,2.5,2.9,7.9,1.3,0.9,3.1,2.3,27.6,2025-2026
3073,74,Collin Gillespie,PG,26,PHO,4,3,28.5,4.0,9.0,.444,2.5,6.3,.400,1.5,2.8,.545,.583,0.0,0.3,.000,1.5,3.5,5.0,3.8,1.3,0.3,1.0,3.0,10.5,2025-2026
3074,75,Rudy Gobert,C,33,MIN,12,12,31.0,2.8,5.8,.493,0.0,0.2,.000,2.8,5.6,.507,.493,1.5,3.2,.474,3.5,5.8,9.3,2.3,1.2,1.1,1.3,2.8,7.2,2025-2026
3075,76,Hugo González,SF,19,BOS,4,0,4.8,0.0,0.8,.000,0.0,0.8,.000,0.0,0.0,0,.000,0.0,0.5,.000,0.3,0.8,1.0,0.5,0.0,0.3,0.3,1.0,0.0,2025-2026
3076,77,Jordan Goodwin,PG,27,PHO,1,1,5.0,1.0,4.0,.250,0.0,3.0,.000,1.0,1.0,1.000,.250,0.0,0.0,0,0.0,0.0,0.0,0.0,0.0,0.0,0.0,2.0,2.0,2025-2026
3077,78,Aaron Gordon,PF,30,DEN,3,3,29.7,4.0,10.0,.400,1.0,4.7,.214,3.0,5.3,.563,.450,2.3,3.3,.700,1.3,4.0,5.3,2.3,0.0,0.3,0.3,3.0,11.3,2025-2026
3078,79,Jerami Grant,PF,31,POR,5,0,22.4,3.0,8.6,.349,1.0,3.0,.333,2.0,5.6,.357,.407,3.4,3.6,.944,0.4,1.4,1.8,0.4,1.0,0.2,0.6,2.2,10.4,2025-2026
3079,80,Jalen Green,SG,23,PHO,4,4,37.8,8.0,20.8,.386,1.8,8.5,.206,6.3,12.3,.510,.428,4.0,5.0,.800,1.3,4.0,5.3,3.5,2.0,0.3,3.3,2.0,21.8,2025-2026
3080,81,Javonte Green,SG,32,DET,11,0,12.0,0.8,2.7,.300,0.6,2.5,.259,0.2,0.3,.667,.417,0.5,0.5,.833,0.2,1.6,1.8,0.3,0.5,0.5,0.3,1.3,2.7,2025-2026
3081,82,Jeff Green,PF,39,HOU,2,0,5.5,0.0,1.0,.000,0.0,0.5,.000,0.0,0.5,.000,.000,0.0,0.0,0,0.0,0.0,0.0,0.0,0.0,0.0,0.5,0.5,0.0,2025-2026
3082,83,Quentin Grimes,SG,25,PHI,11,0,22.1,2.1,5.3,.397,1.3,3.2,.400,0.8,2.1,.391,.517,1.3,1.5,.875,0.2,2.5,2.7,2.3,0.3,0.5,0.5,1.9,6.7,2025-2026
3083,84,Mouhamed Gueye,PF,23,ATL,6,0,8.3,0.7,2.3,.286,0.2,1.7,.100,0.5,0.7,.750,.321,0.2,0.3,.500,0.8,0.8,1.7,0.7,0.2,0.0,0.2,1.5,1.7,2025-2026
3084,85,Rui Hachimura,PF,27,LAL,10,10,38.6,6.7,12.2,.549,3.3,5.8,.569,3.4,6.4,.531,.684,0.8,1.1,.727,0.6,3.4,4.0,1.7,0.9,0.6,0.9,2.8,17.5,2025-2026
3085,86,Yang Hansen,C,20,POR,4,0,1.3,0.0,0.5,.000,0.0,0.5,.000,0.0,0.0,0,.000,0.0,0.0,0,0.0,0.3,0.3,0.0,0.0,0.0,0.0,0.0,0.0,2025-2026
3086,87,Tim Hardaway Jr.,SG,33,DEN,6,0,23.3,3.2,7.5,.422,1.3,3.8,.348,1.8,3.7,.500,.511,3.2,4.0,.792,1.0,2.3,3.3,0.8,0.7,0.3,0.7,1.7,10.8,2025-2026
3087,88,James Harden,PG,36,CLE,18,18,37.3,5.7,13.8,.410,2.1,7.1,.299,3.6,6.8,.525,.486,5.7,6.9,.831,0.7,4.4,5.1,5.5,1.7,0.7,4.7,2.6,19.2,2025-2026
3088,89,Dylan Harper,SG,19,SAS,23,2,26.7,5.2,10.1,.515,1.0,3.0,.333,4.2,7.1,.591,.564,2.7,3.3,.827,1.3,4.3,5.6,2.7,1.0,0.2,1.5,2.3,14.1,2025-2026
3089,90,Ron Harper Jr.,SF,25,BOS,6,1,4.2,0.7,1.5,.444,0.5,1.0,.500,0.2,0.5,.333,.611,0.0,0.0,0,0.2,0.5,0.7,0.2,0.5,0.0,0.0,0.2,1.8,2025-2026
3090,91,Tobias Harris,PF,33,DET,14,14,34.6,6.5,15.3,.425,1.4,4.6,.292,5.1,10.6,.483,.470,3.7,4.5,.825,1.1,6.1,7.2,1.6,1.5,0.8,1.1,2.6,18.1,2025-2026
3091,92,Josh Hart,SF,30,NYK,19,19,32.3,3.9,9.2,.431,1.5,4.5,.326,2.5,4.6,.534,.511,1.1,1.7,.606,1.2,7.8,8.9,4.6,1.7,0.2,1.9,2.7,10.4,2025-2026
3092,93,Isaiah Hartenstein,C,27,OKC,15,15,23.3,3.8,6.0,.633,0.0,0.1,.000,3.8,5.9,.640,.633,1.5,2.0,.767,3.3,5.0,8.3,2.6,0.8,0.7,1.7,3.2,9.1,2025-2026
3093,94,Sam Hauser,PF,28,BOS,7,6,23.4,2.7,6.6,.413,2.3,5.4,.421,0.4,1.1,.375,.587,0.0,0.0,0,1.3,3.0,4.3,0.9,0.1,0.1,0.3,1.4,7.7,2025-2026
3094,95,Jaxson Hayes,C,25,LAL,10,0,16.3,1.9,2.8,.679,0.0,0.1,.000,1.9,2.7,.704,.679,1.9,2.7,.704,1.5,1.7,3.2,0.7,0.3,0.8,1.0,2.7,5.7,2025-2026
3095,96,Scoot Henderson,PG,21,POR,5,5,29.0,5.6,11.8,.475,2.6,5.6,.464,3.0,6.2,.484,.585,1.2,1.6,.750,0.4,1.2,1.6,1.2,0.8,0.2,1.8,3.4,15.0,2025-2026
3096,97,Buddy Hield,SG,33,ATL,2,0,6.5,2.0,2.5,.800,1.0,1.0,1.000,1.0,1.5,.667,1.000,0.0,0.0,0,0.0,1.0,1.0,0.0,0.0,0.0,1.0,0.0,5.0,2025-2026
3097,98,Haywood Highsmith,SF,29,PHO,2,0,5.5,0.0,1.0,.000,0.0,1.0,.000,0.0,0.0,0,.000,0.0,0.0,0,0.5,1.0,1.5,0.5,0.0,0.0,1.0,0.0,0.0,2025-2026
3098,99,Aaron Holiday,PG,29,HOU,6,0,11.2,1.0,3.7,.273,0.7,2.5,.267,0.3,1.2,.286,.364,0.0,0.0,0,0.0,0.3,0.3,0.5,0.3,0.2,0.5,1.0,2.7,2025-2026
3099,100,Jrue Holiday,PG,35,POR,5,5,38.4,6.2,15.4,.403,2.4,6.8,.353,3.8,8.6,.442,.481,1.6,1.8,.889,1.6,3.8,5.4,7.2,1.4,0.4,3.2,3.0,16.4,2025-2026
3100,101,Ron Holland,SF,20,DET,9,0,6.4,0.4,1.4,.308,0.2,0.9,.250,0.2,0.6,.400,.385,0.3,0.6,.600,0.1,1.4,1.6,0.1,0.4,0.2,0.3,1.0,1.4,2025-2026
3101,102,DaRon Holmes,PF,23,DEN,2,0,2.0,0.0,0.0,0,0.0,0.0,0,0.0,0.0,0,0,0.0,0.0,0,0.0,1.0,1.0,0.0,0.0,0.0,0.0,0.0,0.0,2025-2026
3102,103,Chet Holmgren,PF,23,OKC,15,15,30.6,5.5,9.7,.568,1.0,2.8,.357,4.5,6.9,.654,.620,2.9,3.5,.827,2.0,6.2,8.2,1.1,1.1,1.5,1.3,2.3,14.9,2025-2026
3103,104,Jett Howard,SF,22,ORL,1,0,3.0,0.0,2.0,.000,0.0,2.0,.000,0.0,0.0,0,.000,0.0,0.0,0,0.0,0.0,0.0,0.0,0.0,0.0,0.0,0.0,0.0,2025-2026
3104,105,Kevin Huerter,SG,27,DET,5,0,9.2,0.4,1.4,.286,0.4,1.0,.400,0.0,0.4,.000,.429,0.0,0.0,0,0.0,1.0,1.0,1.4,0.4,0.0,0.4,0.4,1.2,2025-2026
3105,106,Ariel Hukporti,C,23,NYK,10,0,7.6,0.5,1.1,.455,0.0,0.1,.000,0.5,1.0,.500,.455,0.7,1.5,.467,1.4,1.8,3.2,0.3,0.2,0.7,0.5,1.8,1.7,2025-2026
3106,107,Bones Hyland,PG,25,MIN,10,0,11.6,1.5,5.0,.300,0.9,3.4,.265,0.6,1.6,.375,.390,0.7,0.8,.875,0.3,1.0,1.3,1.5,0.4,0.1,0.8,1.1,4.6,2025-2026
3107,108,Oso Ighodaro,PF,23,PHO,4,4,32.3,3.3,6.0,.542,0.0,0.0,0,3.3,6.0,.542,.542,1.0,1.5,.667,3.0,4.0,7.0,4.0,0.5,0.8,1.8,3.8,7.5,2025-2026
3108,109,Joe Ingles,SF,38,MIN,3,0,4.7,0.7,1.0,.667,0.7,1.0,.667,0.0,0.0,0,1.000,0.3,0.7,.500,0.3,0.3,0.7,0.0,0.7,0.0,0.3,0.0,2.3,2025-2026
3109,110,Brandon Ingram,SF,28,TOR,5,5,29.6,3.8,11.6,.328,1.0,2.6,.385,2.8,9.0,.311,.371,3.4,4.6,.739,0.4,2.8,3.2,2.2,0.6,0.8,2.0,2.0,12.0,2025-2026
3110,111,Trayce Jackson-Davis,C,25,TOR,3,0,1.3,0.0,0.3,.000,0.0,0.0,0,0.0,0.3,.000,.000,0.7,0.7,1.000,0.3,0.0,0.3,0.0,0.0,0.0,0.3,0.7,0.7,2025-2026
3111,112,Bronny James,SG,21,LAL,8,0,5.3,0.6,1.3,.500,0.3,0.8,.333,0.4,0.5,.750,.600,0.0,0.0,0,0.4,0.0,0.4,0.9,0.1,0.0,0.5,0.6,1.5,2025-2026
3112,113,LeBron James,SF,41,LAL,10,10,38.4,8.4,18.3,.459,1.7,5.2,.327,6.7,13.1,.511,.505,4.7,6.3,.746,0.4,6.3,6.7,7.3,1.3,0.3,3.8,1.6,23.2,2025-2026
3113,114,Daniss Jenkins,PG,24,DET,14,3,22.7,3.1,8.7,.361,1.1,4.2,.271,2.0,4.5,.444,.426,1.7,2.2,.774,0.9,1.7,2.6,3.0,0.4,0.4,0.7,1.6,9.1,2025-2026
3114,115,Isaiah Joe,SG,26,OKC,13,0,11.0,1.8,4.2,.418,1.2,3.5,.348,0.5,0.7,.778,.564,0.1,0.1,1.000,0.4,1.0,1.4,1.1,0.5,0.1,0.4,1.3,4.8,2025-2026
3115,116,Cameron Johnson,SF,29,DEN,6,6,31.0,5.2,10.3,.500,1.8,5.8,.314,3.3,4.5,.741,.589,2.0,2.8,.706,0.5,2.7,3.2,2.3,1.0,0.3,1.0,3.0,14.2,2025-2026
3116,117,Jalen Johnson,SF,24,ATL,6,6,35.7,6.7,15.3,.435,1.5,5.2,.290,5.2,10.2,.508,.484,4.7,5.3,.875,1.0,6.7,7.7,5.2,0.8,0.3,2.3,3.3,19.5,2025-2026
3117,118,Keldon Johnson,SF,26,SAS,23,0,17.9,2.9,7.0,.407,0.9,2.5,.362,2.0,4.5,.433,.472,1.1,1.9,.581,1.3,2.0,3.3,0.9,0.7,0.1,1.0,2.3,7.7,2025-2026
3118,119,Nikola Jokić,C,30,DEN,6,6,39.5,9.0,20.2,.446,1.2,6.0,.194,7.8,14.2,.553,.475,6.7,7.2,.930,1.5,11.7,13.2,9.5,1.0,0.8,3.8,3.5,25.8,2025-2026
3119,120,Spencer Jones,SF,24,DEN,6,3,24.2,2.2,3.2,.684,1.5,2.2,.692,0.7,1.0,.667,.921,0.7,0.8,.800,0.5,1.5,2.0,0.3,0.7,1.2,0.7,3.3,6.5,2025-2026
3120,121,Tyus Jones,PG,29,DEN,3,0,10.0,1.3,2.7,.500,0.0,0.3,.000,1.3,2.3,.571,.500,0.3,0.7,.500,0.0,0.0,0.0,1.7,0.7,0.0,0.0,1.0,3.0,2025-2026
3121,122,Luke Kennard,SG,29,LAL,10,5,32.6,3.9,8.0,.488,1.8,3.8,.474,2.1,4.2,.500,.600,1.9,2.3,.826,0.3,3.2,3.5,2.3,0.9,0.1,1.4,1.6,11.5,2025-2026
3122,123,Corey Kispert,SF,26,ATL,5,0,10.8,0.8,4.4,.182,0.2,2.4,.083,0.6,2.0,.300,.205,0.4,0.6,.667,0.6,1.0,1.6,1.2,0.4,0.0,0.6,1.6,2.2,2025-2026
3123,124,Maxi Kleber,PF,34,LAL,3,0,4.7,0.0,0.3,.000,0.0,0.0,0,0.0,0.3,.000,.000,0.3,0.7,.500,0.7,0.0,0.7,1.0,0.3,0.0,0.7,0.7,0.3,2025-2026
3124,125,Dalton Knecht,SF,24,LAL,5,0,3.6,0.6,1.6,.375,0.4,1.0,.400,0.2,0.6,.333,.500,0.4,0.4,1.000,0.0,1.2,1.2,0.6,0.0,0.0,0.2,0.0,2.0,2025-2026
3125,126,Tyler Kolek,PG,24,NYK,8,0,6.6,1.4,3.1,.440,0.5,1.1,.444,0.9,2.0,.438,.520,0.3,0.3,1.000,0.1,0.6,0.8,1.5,0.0,0.1,0.4,0.4,3.5,2025-2026
3126,127,Luke Kornet,C,30,SAS,23,1,12.9,1.4,2.5,.569,0.0,0.0,1.000,1.4,2.5,.561,.578,0.7,1.0,.773,1.7,2.2,3.9,0.7,0.6,0.7,0.5,1.8,3.7,2025-2026
3127,128,Vít Krejčí,PG,25,POR,4,0,4.0,0.3,1.0,.250,0.0,0.8,.000,0.3,0.3,1.000,.250,0.0,0.0,0,0.0,0.3,0.3,0.5,0.0,0.0,0.0,0.8,0.5,2025-2026
3128,129,Jonathan Kuminga,PF,23,ATL,6,0,26.0,4.8,10.0,.483,0.8,4.0,.208,4.0,6.0,.667,.525,3.2,4.3,.731,1.0,2.3,3.3,1.0,0.5,0.5,1.0,2.7,13.7,2025-2026
3129,130,Chaz Lanier,SG,24,DET,3,0,2.7,0.3,1.0,.333,0.0,0.3,.000,0.3,0.7,.500,.333,0.0,0.0,0,0.0,0.0,0.0,0.3,0.0,0.0,0.0,0.0,0.7,2025-2026
3130,131,Jake LaRavia,PF,24,LAL,8,0,14.3,1.1,3.4,.333,0.3,0.9,.286,0.9,2.5,.350,.370,0.8,0.8,1.000,1.1,1.0,2.1,0.8,0.5,0.8,1.4,2.0,3.3,2025-2026
3131,132,A.J. Lawson,SG,25,TOR,7,0,7.3,0.6,2.3,.250,0.3,1.1,.250,0.3,1.1,.250,.313,0.3,0.3,1.000,0.0,0.4,0.4,0.6,0.0,0.3,0.3,1.1,1.7,2025-2026
3132,133,Caris LeVert,SG,31,DET,13,0,16.6,2.2,5.0,.446,0.8,2.1,.370,1.5,2.9,.500,.523,0.7,0.8,.900,0.5,1.8,2.2,1.2,0.6,0.5,0.6,1.5,5.9,2025-2026
3133,134,Kyle Lowry,PG,39,PHI,2,0,1.5,0.0,0.0,0,0.0,0.0,0,0.0,0.0,0,0,0.0,0.0,0,0.0,0.5,0.5,0.0,0.0,0.0,0.0,0.5,0.0,2025-2026
3134,135,Khaman Maluach,C,19,PHO,4,0,11.3,1.0,2.0,.500,0.0,0.3,.000,1.0,1.8,.571,.500,0.0,0.0,0,0.5,1.8,2.3,0.0,0.0,0.0,0.8,1.0,2.0,2025-2026
3135,136,Sandro Mamukelashvili,C,26,TOR,7,0,14.9,2.0,5.0,.400,0.6,2.0,.286,1.4,3.0,.476,.457,0.4,1.0,.429,1.6,3.4,5.0,1.0,0.7,0.4,0.6,1.7,5.0,2025-2026
3136,137,Tyrese Maxey,PG,25,PHI,11,11,39.7,8.7,19.2,.455,2.4,6.7,.351,6.4,12.5,.511,.517,3.9,4.4,.896,0.4,3.6,4.0,5.9,0.8,0.4,2.1,2.0,23.7,2025-2026
3137,138,Miles McBride,SG,25,NYK,19,2,17.6,1.8,5.5,.333,1.6,4.2,.375,0.3,1.3,.200,.476,0.4,0.4,.875,0.5,0.7,1.2,1.2,0.4,0.2,0.5,1.8,5.6,2025-2026
3138,139,Jared McCain,SG,21,OKC,15,2,17.2,3.7,9.1,.412,1.7,4.7,.371,2.0,4.4,.455,.507,0.8,1.0,.800,0.6,1.3,1.9,1.0,0.3,0.0,0.7,1.3,10.0,2025-2026
3139,140,CJ McCollum,PG,34,ATL,6,6,32.0,7.7,16.5,.465,1.7,5.5,.303,6.0,11.0,.545,.515,2.2,4.0,.542,1.2,1.8,3.0,2.0,1.0,1.2,3.5,2.3,19.2,2025-2026
3140,141,Jaden McDaniels,PF,25,MIN,12,12,33.8,6.5,14.7,.443,0.8,3.5,.238,5.7,11.2,.507,.472,2.5,2.9,.857,2.3,3.4,5.8,2.4,0.5,0.7,1.4,4.4,16.3,2025-2026
3141,142,Jordan McLaughlin,PG,29,SAS,10,0,4.6,0.7,1.1,.636,0.3,0.5,.600,0.4,0.6,.667,.773,0.2,0.2,1.000,0.2,0.6,0.8,1.0,0.2,0.0,0.2,0.3,1.9,2025-2026
3142,143,Sam Merrill,SG,29,CLE,17,0,19.9,2.4,5.6,.427,1.7,4.6,.372,0.7,1.1,.667,.578,1.2,1.5,.840,0.5,0.8,1.2,1.1,0.5,0.0,0.5,2.4,7.8,2025-2026
3143,144,Ajay Mitchell,SG,23,OKC,11,7,28.8,5.7,12.5,.460,1.2,3.6,.325,4.5,8.8,.515,.507,2.5,2.7,.900,1.2,2.5,3.7,4.3,1.5,0.1,1.4,1.8,15.1,2025-2026
3144,145,Donovan Mitchell,SG,29,CLE,18,18,36.2,9.5,21.1,.451,2.8,8.7,.327,6.7,12.4,.538,.518,4.2,5.1,.815,0.8,4.0,4.8,3.1,1.2,0.3,2.6,3.1,26.0,2025-2026
3145,146,Evan Mobley,PF,24,CLE,18,18,35.6,6.3,11.8,.535,1.3,3.9,.338,5.0,7.9,.634,.592,3.0,4.8,.621,2.1,6.0,8.1,3.9,0.9,1.8,2.3,2.4,17.0,2025-2026
3146,147,Jonathan Mogbo,PF,24,TOR,3,0,1.3,0.7,0.7,1.000,0.0,0.0,0,0.7,0.7,1.000,1.000,0.0,0.0,0,0.0,0.0,0.0,0.0,0.0,0.0,0.0,0.3,1.3,2025-2026
3147,148,Jamal Murray,PG,28,DEN,6,6,39.7,7.7,21.5,.357,1.8,7.0,.262,5.8,14.5,.402,.399,6.5,6.7,.975,1.2,3.8,5.0,5.7,0.8,0.3,2.2,1.7,23.7,2025-2026
3148,149,Kris Murray,SF,25,POR,5,0,5.0,0.4,0.8,.500,0.0,0.4,.000,0.4,0.4,1.000,.500,0.2,0.4,.500,0.2,0.4,0.6,0.0,0.0,0.0,0.6,0.6,1.0,2025-2026
3149,150,Collin Murray-Boyles,PF,20,TOR,7,0,27.3,6.0,9.1,.656,0.0,0.4,.000,6.0,8.7,.689,.656,2.4,3.1,.773,3.0,3.4,6.4,2.4,1.3,1.1,1.9,2.3,14.4,2025-2026
3150,151,Larry Nance Jr.,PF,33,CLE,2,0,2.5,0.0,0.0,0,0.0,0.0,0,0.0,0.0,0,0,0.0,0.0,0,0.0,0.0,0.0,0.0,0.0,0.0,0.5,0.0,0.0,2025-2026
3151,152,Asa Newell,PF,20,ATL,2,0,5.5,0.5,1.0,.500,0.0,0.0,0,0.5,1.0,.500,.500,0.0,0.0,0,0.0,0.0,0.0,0.5,0.5,0.5,0.0,0.5,1.0,2025-2026
3152,153,Zeke Nnaji,PF,25,DEN,2,0,9.5,1.0,1.0,1.000,0.5,0.5,1.000,0.5,0.5,1.000,1.250,2.5,3.0,.833,0.5,1.0,1.5,0.5,0.5,0.0,0.0,1.5,5.0,2025-2026
3153,154,Royce O'Neale,SF,32,PHO,4,0,24.3,2.3,3.5,.643,2.0,3.3,.615,0.3,0.3,1.000,.929,1.3,1.5,.833,1.0,5.3,6.3,2.3,0.5,0.3,1.0,3.0,7.8,2025-2026
3154,155,Josh Okogie,SG,27,HOU,6,2,17.3,1.8,4.2,.440,0.8,2.2,.385,1.0,2.0,.500,.540,0.3,0.3,1.000,1.0,1.3,2.3,0.8,1.2,0.0,0.5,2.0,4.8,2025-2026
3155,156,Onyeka Okongwu,C,25,ATL,6,6,33.2,4.7,8.0,.583,1.7,3.7,.455,3.0,4.3,.692,.688,1.5,2.0,.750,1.3,5.3,6.7,2.3,1.2,0.8,1.2,3.5,12.5,2025-2026
3156,157,Kelly Olynyk,C,34,SAS,9,0,3.9,0.9,1.7,.533,0.6,0.9,.625,0.3,0.8,.429,.700,0.4,0.8,.571,0.0,0.8,0.8,0.3,0.4,0.0,0.4,0.3,2.8,2025-2026
3157,158,Kelly Oubre Jr.,SF,30,PHI,11,11,33.1,4.4,9.6,.453,0.9,3.5,.256,3.5,6.1,.567,.500,2.0,2.5,.815,1.1,4.7,5.8,1.1,0.5,0.5,0.7,2.5,11.6,2025-2026
3158,159,Noah Penda,SF,21,ORL,1,0,3.0,0.0,0.0,0,0.0,0.0,0,0.0,0.0,0,0,0.0,0.0,0,0.0,1.0,1.0,0.0,0.0,0.0,0.0,0.0,0.0,2025-2026
3159,160,Julian Phillips,SF,22,MIN,5,0,5.0,0.4,1.2,.333,0.4,0.8,.500,0.0,0.4,.000,.500,0.0,0.0,0,0.0,0.2,0.2,0.4,0.4,0.0,0.2,0.2,1.2,2025-2026
3160,161,Jalen Pickett,SG,26,DEN,2,0,2.0,0.0,0.0,0,0.0,0.0,0,0.0,0.0,0,0,0.5,1.0,.500,0.0,0.0,0.0,0.5,0.0,0.0,0.0,0.0,0.5,2025-2026
3161,162,Mason Plumlee,C,35,SAS,6,0,3.0,0.3,0.5,.667,0.0,0.0,0,0.3,0.5,.667,.667,0.0,0.0,0,0.0,0.7,0.7,0.3,0.0,0.5,0.2,0.7,0.7,2025-2026
3162,163,Jakob Poeltl,C,30,TOR,7,7,19.1,2.9,4.4,.645,0.0,0.0,0,2.9,4.4,.645,.645,1.3,2.0,.643,1.7,4.3,6.0,1.4,0.9,0.9,0.9,2.7,7.0,2025-2026
3163,164,Craig Porter Jr.,PG,25,CLE,7,0,3.0,0.1,0.4,.333,0.0,0.1,.000,0.1,0.3,.500,.333,0.0,0.0,0,0.0,0.4,0.4,0.6,0.0,0.0,0.6,0.1,0.3,2025-2026
3164,165,Payton Pritchard,PG,28,BOS,7,0,33.0,5.6,13.1,.424,2.4,7.9,.309,3.1,5.3,.595,.516,1.0,1.1,.875,1.3,2.4,3.7,5.1,0.4,0.0,0.7,0.7,14.6,2025-2026
3165,166,Tyrese Proctor,PG,21,CLE,4,0,3.3,0.0,0.5,.000,0.0,0.5,.000,0.0,0.0,0,.000,0.5,0.5,1.000,0.0,0.3,0.3,0.5,0.0,0.0,0.5,0.3,0.5,2025-2026
3166,167,Neemias Queta,C,26,BOS,7,6,21.7,3.6,4.9,.735,0.0,0.0,0,3.6,4.9,.735,.735,2.1,2.7,.789,1.7,6.9,8.6,0.6,0.1,0.9,0.9,4.1,9.3,2025-2026
3167,168,Julius Randle,PF,31,MIN,12,12,33.3,5.6,14.3,.390,0.8,3.4,.244,4.8,10.9,.435,.419,4.0,5.4,.738,2.5,5.0,7.5,2.8,0.5,0.1,2.8,3.4,16.0,2025-2026
3168,169,Austin Reaves,SG,27,LAL,6,5,36.8,6.2,15.2,.407,1.5,5.8,.257,4.7,9.3,.500,.456,6.2,7.2,.860,0.5,3.5,4.0,5.8,0.0,1.2,4.5,3.5,20.0,2025-2026
3169,170,Paul Reed,C,26,DET,9,0,9.6,3.1,4.7,.667,0.2,0.6,.400,2.9,4.1,.703,.690,1.0,1.3,.750,2.0,2.0,4.0,0.6,0.1,0.7,0.8,1.6,7.4,2025-2026
3170,171,Naz Reid,C,26,MIN,12,0,26.9,4.9,10.2,.484,1.8,4.6,.400,3.1,5.6,.552,.574,0.9,1.4,.647,1.2,6.2,7.3,2.1,0.4,0.3,1.3,3.2,12.6,2025-2026
3171,172,Jase Richardson,SG,20,ORL,1,0,3.0,2.0,2.0,1.000,2.0,2.0,1.000,0.0,0.0,0,1.500,0.0,0.0,0,0.0,0.0,0.0,0.0,0.0,0.0,0.0,0.0,6.0,2025-2026
3172,173,Zaccharie Risacher,SF,20,ATL,3,0,7.7,1.7,4.7,.357,0.3,1.7,.200,1.3,3.0,.444,.393,0.0,0.0,0,1.3,1.7,3.0,0.0,0.0,0.0,0.0,0.7,3.7,2025-2026
3173,174,Duncan Robinson,SG,31,DET,13,11,29.5,3.9,8.8,.447,3.2,6.9,.456,0.8,1.8,.417,.627,0.8,1.4,.611,0.3,2.1,2.4,2.3,1.3,0.2,1.0,2.9,11.8,2025-2026
3174,175,Mitchell Robinson,C,27,NYK,18,0,13.9,1.9,2.9,.673,0.0,0.0,0,1.9,2.9,.673,.673,0.9,3.2,.293,2.6,2.9,5.5,0.4,0.4,0.6,0.4,1.5,4.8,2025-2026
3175,176,Marcus Sasser,PG,25,DET,6,0,10.2,1.8,3.8,.478,0.8,2.3,.357,1.0,1.5,.667,.587,0.0,0.0,0,0.5,0.3,0.8,0.5,0.5,0.0,0.3,0.7,4.5,2025-2026
3176,177,Baylor Scheierman,SG,25,BOS,7,1,14.1,1.6,3.7,.423,1.1,3.0,.381,0.4,0.7,.600,.577,0.0,0.0,0,1.0,1.9,2.9,0.6,0.9,0.1,0.3,1.1,4.3,2025-2026
3177,178,Dennis Schröder,PG,32,CLE,17,0,15.9,1.9,4.9,.381,0.6,1.9,.333,1.2,3.0,.412,.446,1.1,1.4,.792,0.2,1.2,1.5,2.4,0.4,0.2,1.4,1.4,5.5,2025-2026
3178,179,Alperen Şengün,C,23,HOU,6,6,38.7,7.7,16.5,.465,0.2,1.3,.125,7.5,15.2,.495,.470,4.8,7.0,.690,3.5,6.7,10.2,4.7,1.8,1.3,3.0,3.5,20.3,2025-2026
3179,180,Landry Shamet,SG,28,NYK,19,0,16.3,2.1,4.5,.453,1.5,3.2,.475,0.5,1.3,.400,.622,0.4,0.5,.778,0.3,0.8,1.1,0.7,0.2,0.1,0.4,1.7,6.0,2025-2026
3180,181,Terrence Shannon Jr.,SG,25,MIN,9,3,22.6,4.2,10.4,.404,0.9,3.6,.250,3.3,6.9,.484,.447,2.4,2.7,.917,0.6,2.0,2.6,1.3,0.4,0.0,0.9,2.4,11.8,2025-2026
3181,182,Shaedon Sharpe,SG,22,POR,5,0,13.4,2.8,6.8,.412,0.6,2.2,.273,2.2,4.6,.478,.456,1.0,1.6,.625,0.6,1.0,1.6,0.6,0.4,0.4,0.0,1.0,7.2,2025-2026
3182,183,Jamal Shead,PG,23,TOR,7,4,32.0,3.3,9.3,.354,2.0,6.0,.333,1.3,3.3,.391,.462,0.4,0.9,.500,0.4,1.6,2.0,5.0,1.4,0.1,2.0,3.1,9.0,2025-2026
3183,184,Reed Sheppard,SG,21,HOU,6,5,32.0,4.5,14.7,.307,2.7,9.0,.296,1.8,5.7,.324,.398,0.5,0.7,.750,0.2,0.8,1.0,4.7,2.2,0.8,2.0,2.3,12.2,2025-2026
3184,185,Max Shulga,SG,23,BOS,2,0,2.5,0.5,1.0,.500,0.5,1.0,.500,0.0,0.0,0,.750,0.0,0.0,0,0.0,0.0,0.0,0.0,0.0,0.0,0.0,0.5,1.5,2025-2026
3185,186,Marcus Smart,SG,31,LAL,10,10,34.5,3.9,9.9,.394,1.7,5.0,.340,2.2,4.9,.449,.480,3.4,4.3,.791,1.0,2.5,3.5,5.1,2.4,1.0,3.5,3.1,12.9,2025-2026
3186,187,Jabari Smith Jr.,PF,22,HOU,6,6,42.0,5.5,14.2,.388,3.2,8.5,.373,2.3,5.7,.412,.500,3.3,4.3,.769,2.0,6.5,8.5,1.8,1.0,0.7,1.0,2.8,17.5,2025-2026
3187,188,Nick Smith Jr.,SG,21,LAL,6,0,3.0,1.0,2.3,.429,0.5,1.2,.429,0.5,1.2,.429,.536,0.2,0.3,.500,0.0,0.2,0.2,0.2,0.2,0.2,0.2,0.0,2.7,2025-2026
3188,189,Tolu Smith,PF,25,DET,3,0,2.3,0.7,0.7,1.000,0.0,0.0,0,0.7,0.7,1.000,1.000,0.0,0.0,0,0.0,0.7,0.7,0.0,0.3,0.0,0.3,0.0,1.3,2025-2026
3189,190,Jeremy Sochan,PF,22,NYK,8,0,3.3,0.9,1.1,.778,0.1,0.3,.500,0.8,0.9,.857,.833,0.6,1.0,.625,0.1,0.5,0.6,0.3,0.1,0.1,0.1,0.3,2.5,2025-2026
3190,191,Isaiah Stewart,C,24,DET,14,0,11.8,1.4,2.4,.588,0.3,0.6,.500,1.1,1.9,.615,.647,0.9,1.2,.706,0.9,1.5,2.4,0.2,0.1,1.0,0.6,2.6,4.0,2025-2026
3191,192,Julian Strawther,SG,23,DEN,2,0,9.0,1.0,3.5,.286,0.5,1.5,.333,0.5,2.0,.250,.357,0.5,1.0,.500,0.5,1.0,1.5,0.0,0.0,0.0,1.0,1.0,3.0,2025-2026
3192,193,Max Strus,SF,29,CLE,18,4,26.7,3.1,7.7,.406,2.1,5.9,.358,1.0,1.8,.563,.543,1.2,1.3,.917,1.6,3.3,4.8,2.1,0.8,0.2,1.3,3.3,9.6,2025-2026
3193,194,Jalen Suggs,PG,24,ORL,7,7,35.4,3.7,12.4,.299,1.9,7.7,.241,1.9,4.7,.394,.374,1.9,2.0,.929,0.7,3.3,4.0,4.1,1.9,0.6,3.0,3.9,11.1,2025-2026
3194,195,Jae'Sean Tate,SF,30,HOU,5,0,6.0,0.6,2.0,.300,0.0,0.8,.000,0.6,1.2,.500,.300,0.8,1.2,.667,1.2,0.8,2.0,0.0,0.2,0.0,0.0,1.6,2.0,2025-2026
3195,196,Jayson Tatum,PF,27,BOS,6,6,36.3,8.0,16.8,.475,3.2,8.7,.365,4.8,8.2,.592,.569,4.2,5.3,.781,1.0,9.7,10.7,6.8,1.2,0.0,2.8,1.8,23.3,2025-2026
3196,197,Garrett Temple,SG,39,TOR,2,0,1.0,0.0,0.5,.000,0.0,0.0,0,0.0,0.5,.000,.000,0.0,0.0,0,0.0,0.0,0.0,0.5,0.0,0.0,0.0,0.0,0.0,2025-2026
3197,198,Dalen Terry,SG,23,PHI,7,0,5.6,0.6,1.9,.308,0.3,0.7,.400,0.3,1.1,.250,.385,0.4,1.0,.429,0.0,0.6,0.6,1.0,0.7,0.0,0.3,0.4,1.9,2025-2026
3198,199,Adou Thiero,SF,21,LAL,6,0,5.7,0.5,1.0,.500,0.0,0.3,.000,0.5,0.7,.750,.500,0.5,1.0,.500,0.8,1.2,2.0,0.2,0.0,0.0,0.7,0.8,1.5,2025-2026
3199,200,Amen Thompson,PG,23,HOU,6,6,44.0,7.0,14.3,.488,0.3,1.3,.250,6.7,13.0,.513,.500,4.8,6.8,.707,2.5,4.5,7.0,5.7,2.0,1.2,2.5,3.2,19.2,2025-2026
3200,201,Ausar Thompson,SF,23,DET,14,14,30.5,3.5,6.9,.505,0.1,0.5,.143,3.4,6.4,.533,.510,1.1,2.2,.516,3.2,4.6,7.9,3.1,2.0,1.8,1.6,2.9,8.2,2025-2026
3201,202,Matisse Thybulle,SG,28,POR,4,0,13.3,0.5,3.5,.143,0.3,2.8,.091,0.3,0.8,.333,.179,0.5,0.5,1.000,0.3,1.8,2.0,1.0,0.8,0.8,0.0,0.8,1.8,2025-2026
3202,203,Nae'Qwan Tomlin,PF,25,CLE,7,0,2.7,0.6,0.9,.667,0.0,0.0,0,0.6,0.9,.667,.667,0.1,0.3,.500,0.6,0.1,0.7,0.3,0.1,0.0,0.1,0.4,1.3,2025-2026
3203,204,Nikola Topić,PG,20,OKC,9,0,2.4,0.2,0.7,.333,0.0,0.2,.000,0.2,0.4,.500,.333,0.0,0.0,0,0.0,0.2,0.2,0.3,0.2,0.0,0.2,0.1,0.4,2025-2026
3204,205,Karl-Anthony Towns,C,30,NYK,19,19,30.4,5.4,9.8,.551,1.4,3.0,.456,4.1,6.8,.592,.620,3.7,4.1,.909,2.5,8.1,10.6,4.9,1.3,1.3,2.6,4.1,15.9,2025-2026
3205,206,Jaylon Tyson,SG,23,CLE,17,0,12.7,1.5,4.1,.362,0.5,2.2,.237,0.9,1.8,.516,.428,0.6,0.9,.667,0.8,2.0,2.8,1.3,0.2,0.1,0.6,1.5,4.1,2025-2026
3206,207,Jonas Valančiūnas,C,33,DEN,4,0,6.3,1.3,1.8,.714,0.0,0.0,0,1.3,1.8,.714,.714,0.3,0.5,.500,0.8,1.5,2.3,0.3,0.0,0.3,1.3,2.8,2.8,2025-2026
3207,208,Jarred Vanderbilt,PF,26,LAL,7,0,10.7,1.3,3.1,.409,0.1,1.3,.111,1.1,1.9,.615,.432,0.1,0.4,.333,0.7,2.7,3.4,0.3,0.3,0.0,0.1,1.7,2.9,2025-2026
3208,209,Devin Vassell,SG,25,SAS,23,23,34.8,4.6,10.6,.432,2.4,6.4,.378,2.1,4.1,.516,.547,1.4,1.7,.821,0.8,4.5,5.3,2.7,1.3,0.7,1.0,2.0,13.0,2025-2026
3209,210,Gabe Vincent,PG,29,ATL,6,0,15.5,1.3,3.7,.364,1.0,3.0,.333,0.3,0.7,.500,.500,0.7,0.8,.800,0.5,0.0,0.5,1.2,0.3,0.2,0.5,1.7,4.3,2025-2026
3210,211,Nikola Vučević,C,35,BOS,6,0,19.0,2.3,6.2,.378,1.2,4.0,.292,1.2,2.2,.538,.473,0.3,0.7,.500,0.8,3.5,4.3,2.3,0.2,0.5,1.3,2.5,6.2,2025-2026
3211,212,Dean Wade,PF,29,CLE,18,14,22.6,1.7,3.6,.462,1.0,2.7,.375,0.7,0.9,.706,.600,0.1,0.2,.333,1.3,2.6,3.9,0.8,0.7,0.1,0.6,1.2,4.4,2025-2026
3212,213,Franz Wagner,SF,24,ORL,4,4,30.5,6.3,14.3,.439,0.8,2.3,.333,5.5,12.0,.458,.465,3.5,3.8,.933,1.0,4.5,5.5,3.5,2.8,0.3,1.5,2.0,16.8,2025-2026
3213,214,Moritz Wagner,C,28,ORL,2,0,6.5,0.5,2.0,.250,0.5,0.5,1.000,0.0,1.5,.000,.375,1.0,1.0,1.000,0.5,1.0,1.5,0.0,0.0,0.0,0.5,1.5,2.5,2025-2026
3214,215,Jabari Walker,PF,23,PHI,6,0,4.8,0.2,1.7,.100,0.0,0.8,.000,0.2,0.8,.200,.100,0.3,0.3,1.000,0.3,0.7,1.0,0.0,0.0,0.0,0.2,0.5,0.7,2025-2026
3215,216,Cason Wallace,SG,22,OKC,15,2,24.9,3.1,6.4,.479,2.0,4.1,.484,1.1,2.3,.471,.635,0.5,0.5,.875,1.3,2.5,3.8,2.4,2.1,0.5,0.7,2.0,8.6,2025-2026
3216,217,Keaton Wallace,PG,26,ATL,3,0,5.0,0.7,2.7,.250,0.0,1.0,.000,0.7,1.7,.400,.250,0.7,0.7,1.000,0.0,1.0,1.0,1.0,0.3,0.0,0.0,0.3,2.0,2025-2026
3217,218,Jordan Walsh,PF,21,BOS,7,0,12.7,0.6,2.7,.211,0.3,1.7,.167,0.3,1.0,.286,.263,0.3,0.9,.333,0.9,1.7,2.6,1.0,0.6,0.3,0.0,0.7,1.7,2025-2026
3218,219,Ja'Kobe Walter,SG,21,TOR,7,5,32.0,3.6,9.6,.373,2.4,7.4,.327,1.1,2.1,.533,.500,1.6,1.7,.917,0.3,2.9,3.1,1.4,2.0,0.3,0.6,2.9,11.1,2025-2026
3219,220,Lindy Waters III,SG,28,SAS,9,0,3.8,0.7,1.4,.462,0.3,0.9,.375,0.3,0.6,.600,.577,0.0,0.0,0,0.3,0.3,0.7,0.4,0.1,0.0,0.1,0.2,1.7,2025-2026
3220,221,Trendon Watford,PF,25,PHI,7,0,5.7,1.0,1.6,.636,0.0,0.1,.000,1.0,1.4,.700,.636,0.9,1.1,.750,0.0,0.4,0.4,0.4,0.4,0.0,0.3,0.3,2.9,2025-2026
3221,222,Victor Wembanyama,C,22,SAS,22,22,34.1,8.0,16.5,.485,1.8,5.2,.342,6.2,11.3,.550,.539,6.0,7.1,.847,2.5,8.4,10.9,2.7,1.0,3.5,2.7,2.5,23.8,2025-2026
3222,223,Blake Wesley,SG,22,POR,4,0,1.3,0.0,0.0,0,0.0,0.0,0,0.0,0.0,0,0,0.3,0.5,.500,0.0,0.0,0.0,0.0,0.0,0.0,0.3,0.0,0.3,2025-2026
3223,224,Derrick White,SG,31,BOS,7,7,35.9,3.7,11.6,.321,2.1,7.9,.273,1.6,3.7,.423,.414,1.6,1.9,.846,1.4,1.9,3.3,3.1,0.9,1.4,1.6,1.7,11.1,2025-2026
3224,225,Aaron Wiggins,SG,27,OKC,13,0,5.8,0.7,1.9,.360,0.1,0.7,.111,0.6,1.2,.500,.380,0.0,0.0,0,0.1,0.3,0.4,0.4,0.1,0.1,0.3,0.3,1.5,2025-2026
3225,226,Amari Williams,PF,24,BOS,1,0,2.0,0.0,1.0,.000,0.0,0.0,0,0.0,1.0,.000,.000,1.0,2.0,.500,1.0,0.0,1.0,0.0,0.0,0.0,0.0,0.0,1.0,2025-2026
3226,227,Jalen Williams,SG,24,OKC,5,4,21.4,5.8,11.2,.518,1.0,2.4,.417,4.8,8.8,.545,.563,1.8,2.4,.750,1.0,2.2,3.2,2.8,1.0,0.4,1.2,1.0,14.4,2025-2026
3227,228,Jaylin Williams,PF,23,OKC,15,0,16.0,1.7,4.3,.400,1.2,3.3,.360,0.5,1.0,.533,.538,0.3,0.4,.667,0.5,3.7,4.1,1.5,0.5,0.2,0.4,2.1,4.9,2025-2026
3228,229,Kenrich Williams,PF,31,OKC,11,0,6.5,1.1,2.8,.387,0.5,1.7,.316,0.5,1.1,.500,.484,0.4,0.4,1.000,0.5,1.3,1.8,0.5,0.1,0.0,0.2,0.6,3.1,2025-2026
3229,230,Robert Williams,C,28,POR,5,0,21.6,4.4,7.0,.629,0.6,1.8,.333,3.8,5.2,.731,.671,0.2,0.6,.333,3.2,4.2,7.4,2.6,0.6,1.2,0.4,1.0,9.6,2025-2026
