,Unnamed: 0,Rk,Player,Age,Team,Pos,G,GS,MP,FG,FGA,FG%,3P,3PA,3P%,2P,2PA,2P%,eFG%,FT,FTA,FT%,ORB,DRB,TRB,AST,STL,BLK,TOV,PF,PTS,Awards,Images
0,0,1.0,Luka Dončić,26.0,LAL,PG,64.0,64.0,35.8,10.8,22.8,0.476,4.0,10.8,0.366,6.9,11.9,0.575,0.563,7.9,10.1,0.78,0.6,7.1,7.7,8.3,1.6,0.5,4.0,2.4,33.5,"MVP-4,CPOY-8,AS,NBA1",https://cdn.nba.com/headshots/nba/latest/1040x760/1629029.png
1,1,2.0,Shai Gilgeous-Alexander,27.0,OKC,PG,68.0,68.0,33.2,10.8,19.4,0.553,1.7,4.4,0.386,9.1,15.0,0.602,0.597,7.9,9.0,0.879,0.6,3.7,4.3,6.6,1.4,0.8,2.2,2.0,31.1,"MVP-1,CPOY-1,AS,NBA1",https://cdn.nba.com/headshots/nba/latest/1040x760/1628983.png
2,2,3.0,Anthony Edwards,24.0,MIN,SG,61.0,60.0,35.0,9.9,20.2,0.489,3.4,8.4,0.399,6.5,11.8,0.554,0.572,5.7,7.2,0.796,0.6,4.4,5.0,3.7,1.4,0.8,2.9,1.9,28.8,"CPOY-3,AS",https://cdn.nba.com/headshots/nba/latest/1040x760/1630162.png
3,3,4.0,Jaylen Brown,29.0,BOS,SF,71.0,71.0,34.4,10.4,21.7,0.477,2.0,5.7,0.347,8.4,16.0,0.523,0.522,6.0,7.5,0.795,1.1,5.8,6.9,5.1,1.0,0.4,3.6,2.7,28.7,"MVP-6,AS,NBA2",https://cdn.nba.com/headshots/nba/latest/1040x760/1627759.png
4,4,5.0,Tyrese Maxey,25.0,PHI,PG,70.0,70.0,38.0,9.9,21.4,0.462,3.1,8.6,0.367,6.8,12.9,0.525,0.536,5.3,6.0,0.892,0.3,3.8,4.1,6.6,1.9,0.8,2.4,2.2,28.3,"CPOY-7,AS,NBA3",https://cdn.nba.com/headshots/nba/latest/1040x760/1630178.png
5,5,6.0,Kawhi Leonard,34.0,LAC,SF,65.0,65.0,32.1,9.8,19.4,0.505,2.6,6.8,0.387,7.1,12.5,0.569,0.573,5.7,6.4,0.892,1.1,5.3,6.4,3.6,1.9,0.4,2.0,1.2,27.9,"MVP-7,CPOY-10,AS,NBA2",https://cdn.nba.com/headshots/nba/latest/1040x760/202695.png
6,6,7.0,Donovan Mitchell,29.0,CLE,SG,70.0,70.0,33.5,9.7,20.0,0.483,3.2,8.8,0.364,6.5,11.2,0.577,0.563,5.3,6.1,0.865,0.7,3.8,4.5,5.7,1.5,0.3,2.8,2.3,27.9,"MVP-7,AS,NBA2",https://cdn.nba.com/headshots/nba/latest/1040x760/1628378.png
7,7,8.0,Nikola Jokić,30.0,DEN,C,65.0,65.0,34.8,9.9,17.4,0.569,1.7,4.5,0.38,8.2,12.9,0.636,0.618,6.1,7.4,0.831,3.0,9.9,12.9,10.7,1.4,0.8,3.7,2.7,27.7,"MVP-2,CPOY-6,AS,NBA1",https://cdn.nba.com/headshots/nba/latest/1040x760/203999.png
8,8,9.0,Giannis Antetokounmpo,31.0,MIL,PF,36.0,36.0,28.9,10.4,16.6,0.624,0.4,1.3,0.333,9.9,15.4,0.647,0.636,6.4,9.9,0.65,2.7,7.1,9.8,5.4,0.9,0.7,3.2,2.4,27.6,AS,https://cdn.nba.com/headshots/nba/latest/1040x760/203507.png
9,9,10.0,Joel Embiid,31.0,PHI,C,38.0,38.0,31.6,9.0,18.3,0.489,1.4,4.2,0.333,7.6,14.2,0.535,0.527,7.5,8.8,0.854,2.0,5.7,7.7,3.9,0.6,1.2,2.9,2.2,26.9,,https://cdn.nba.com/headshots/nba/latest/1040x760/203954.png
10,10,11.0,Lauri Markkanen,28.0,UTA,PF,42.0,42.0,34.4,9.1,19.2,0.477,2.7,7.7,0.355,6.4,11.5,0.559,0.548,5.7,6.4,0.896,2.0,4.9,6.9,2.1,1.0,0.5,1.5,1.8,26.7,,https://cdn.nba.com/headshots/nba/latest/1040x760/1628374.png
11,11,12.0,Stephen Curry,37.0,GSW,PG,43.0,41.0,30.9,8.7,18.6,0.468,4.4,11.3,0.393,4.3,7.3,0.584,0.587,4.7,5.1,0.923,0.4,3.2,3.6,4.7,1.1,0.4,2.8,1.7,26.6,AS,https://cdn.nba.com/headshots/nba/latest/1040x760/201939.png
12,12,13.0,Devin Booker,29.0,PHO,SG,64.0,64.0,33.5,8.5,18.7,0.456,1.9,5.8,0.33,6.6,12.9,0.512,0.507,7.1,8.1,0.873,0.8,3.1,3.9,6.0,0.8,0.3,3.1,2.6,26.1,AS,https://cdn.nba.com/headshots/nba/latest/1040x760/1626164.png
13,13,14.0,Jalen Brunson,29.0,NYK,PG,74.0,74.0,35.0,9.3,19.9,0.467,2.6,7.1,0.369,6.7,12.8,0.522,0.533,4.8,5.7,0.841,0.4,2.9,3.3,6.8,0.8,0.1,2.4,2.3,26.0,"CPOY-5,AS,NBA2",https://cdn.nba.com/headshots/nba/latest/1040x760/1628973.png
14,14,15.0,Kevin Durant,37.0,HOU,SF,78.0,78.0,36.4,9.2,17.6,0.52,2.4,5.8,0.413,6.8,11.9,0.572,0.588,5.2,6.0,0.874,0.5,4.9,5.5,4.8,0.8,0.9,3.2,1.8,26.0,"CPOY-9,AS,NBA2",https://cdn.nba.com/headshots/nba/latest/1040x760/201142.png
15,15,16.0,Jamal Murray,28.0,DEN,PG,75.0,75.0,35.4,8.8,18.1,0.483,3.3,7.5,0.435,5.5,10.6,0.517,0.573,4.6,5.2,0.887,0.4,4.0,4.4,7.1,0.9,0.4,2.3,1.7,25.4,"CPOY-2,AS,NBA3",https://cdn.nba.com/headshots/nba/latest/1040x760/1627750.png
16,16,17.0,Victor Wembanyama,22.0,SAS,C,64.0,55.0,29.2,8.6,16.9,0.512,1.9,5.5,0.349,6.7,11.4,0.59,0.569,5.8,7.0,0.827,2.0,9.5,11.5,3.1,1.0,3.1,2.4,2.4,25.0,"MVP-3,DPOY-1,AS,NBA1,DEF1",https://cdn.nba.com/headshots/nba/latest/1040x760/1641705.png
17,17,18.0,Deni Avdija,25.0,POR,SF,66.0,66.0,33.3,7.5,16.1,0.462,1.9,6.0,0.318,5.6,10.2,0.547,0.521,7.4,9.2,0.802,1.1,5.8,6.9,6.7,0.8,0.6,3.8,2.5,24.2,AS,https://cdn.nba.com/headshots/nba/latest/1040x760/1630166.png
18,18,19.0,Michael Porter Jr.,27.0,BRK,SF,52.0,52.0,32.5,8.5,18.4,0.463,3.4,9.3,0.363,5.2,9.1,0.567,0.555,3.8,4.4,0.859,1.3,5.7,7.1,3.0,1.1,0.3,2.3,2.2,24.2,,https://cdn.nba.com/headshots/nba/latest/1040x760/1629008.png
19,19,20.0,Pascal Siakam,31.0,IND,PF,62.0,62.0,33.2,9.0,18.6,0.484,1.7,4.7,0.358,7.3,13.9,0.527,0.529,4.2,6.1,0.693,1.4,5.2,6.6,3.8,1.1,0.4,2.2,2.4,24.0,AS,https://cdn.nba.com/headshots/nba/latest/1040x760/1627783.png
20,20,21.0,Cade Cunningham,24.0,DET,PG,64.0,64.0,33.9,8.6,18.6,0.461,2.0,5.7,0.342,6.6,12.9,0.514,0.513,4.8,6.0,0.812,0.9,4.7,5.5,9.9,1.4,0.8,3.7,3.1,23.9,"MVP-5,CPOY-4,AS,NBA1",https://cdn.nba.com/headshots/nba/latest/1040x760/1630595.png
21,21,22.0,James Harden,36.0,2TM,PG,70.0,70.0,34.8,7.0,16.0,0.434,3.1,8.2,0.375,3.9,7.9,0.495,0.529,6.6,7.5,0.884,0.6,4.2,4.8,8.0,1.1,0.4,3.5,2.0,23.6,,https://cdn.nba.com/headshots/nba/latest/1040x760/201935.png
22,22,22.0,James Harden,36.0,LAC,PG,44.0,44.0,35.4,7.3,17.5,0.419,3.1,8.8,0.347,4.3,8.7,0.492,0.506,7.7,8.5,0.901,0.6,4.2,4.8,8.1,1.3,0.4,3.7,1.9,25.4,,https://cdn.nba.com/headshots/nba/latest/1040x760/201935.png
23,23,22.0,James Harden,36.0,CLE,PG,26.0,26.0,33.8,6.3,13.5,0.466,3.1,7.1,0.435,3.2,6.5,0.5,0.58,4.8,5.8,0.84,0.5,4.3,4.8,7.7,0.8,0.5,3.2,2.1,20.5,,https://cdn.nba.com/headshots/nba/latest/1040x760/201935.png
24,24,23.0,Keyonte George,22.0,UTA,PG,54.0,54.0,33.1,7.4,16.3,0.456,2.5,6.7,0.371,5.0,9.6,0.515,0.532,6.2,7.0,0.892,0.4,3.3,3.7,6.1,1.1,0.3,3.1,2.2,23.6,,https://cdn.nba.com/headshots/nba/latest/1040x760/1641718.png
25,25,24.0,Austin Reaves,27.0,LAL,SG,51.0,45.0,34.5,7.3,14.9,0.49,2.3,6.4,0.36,5.0,8.5,0.588,0.567,6.3,7.3,0.871,0.6,4.1,4.7,5.5,1.1,0.4,3.0,2.2,23.3,,https://cdn.nba.com/headshots/nba/latest/1040x760/1630559.png
26,26,25.0,Jalen Johnson,24.0,ATL,SF,72.0,72.0,35.2,8.3,17.1,0.489,1.7,4.7,0.352,6.7,12.3,0.541,0.537,4.2,5.3,0.788,1.4,8.9,10.3,7.9,1.2,0.4,3.4,2.1,22.5,"AS,NBA3",https://cdn.nba.com/headshots/nba/latest/1040x760/1630552.png
27,27,26.0,Paolo Banchero,23.0,ORL,PF,72.0,72.0,34.8,7.3,16.0,0.459,1.2,3.8,0.305,6.2,12.2,0.507,0.496,6.3,8.2,0.775,1.2,7.2,8.4,5.2,0.7,0.6,3.1,2.0,22.2,,https://cdn.nba.com/headshots/nba/latest/1040x760/1631094.png
28,28,27.0,Jayson Tatum,27.0,BOS,PF,16.0,16.0,32.6,7.4,17.9,0.411,2.9,8.9,0.329,4.4,9.0,0.493,0.493,4.1,4.9,0.823,0.5,9.5,10.0,5.3,1.4,0.2,2.4,1.6,21.8,,https://cdn.nba.com/headshots/nba/latest/1040x760/1628369.png
29,29,28.0,Norman Powell,32.0,MIA,SG,58.0,52.0,29.6,7.3,15.4,0.47,2.7,7.1,0.38,4.6,8.4,0.546,0.558,4.5,5.5,0.827,0.4,3.1,3.5,2.5,1.1,0.2,1.9,2.2,21.7,AS,https://cdn.nba.com/headshots/nba/latest/1040x760/1626181.png
30,30,29.0,Brandon Ingram,28.0,TOR,SF,77.0,77.0,33.8,8.0,16.7,0.477,1.8,4.6,0.382,6.2,12.1,0.512,0.529,3.8,4.6,0.82,0.8,4.8,5.6,3.7,0.8,0.7,2.4,1.9,21.5,AS,https://cdn.nba.com/headshots/nba/latest/1040x760/1627742.png
31,31,30.0,Trey Murphy III,25.0,NOP,SF,66.0,66.0,35.5,7.5,15.9,0.47,3.2,8.6,0.379,4.2,7.3,0.577,0.572,3.3,3.7,0.886,1.0,4.8,5.7,3.8,1.5,0.4,1.8,2.1,21.5,,https://cdn.nba.com/headshots/nba/latest/1040x760/1630530.png
32,32,31.0,Julius Randle,31.0,MIN,PF,79.0,79.0,33.0,7.3,15.3,0.481,1.4,4.4,0.315,6.0,10.9,0.547,0.526,5.0,6.3,0.802,1.7,5.1,6.7,5.0,1.1,0.2,2.7,2.8,21.1,,https://cdn.nba.com/headshots/nba/latest/1040x760/203944.png
33,33,32.0,Cooper Flagg,19.0,DAL,SF,70.0,70.0,33.5,8.0,17.1,0.468,1.0,3.5,0.295,7.0,13.6,0.513,0.498,4.0,4.9,0.827,1.2,5.4,6.7,4.5,1.2,0.9,2.3,2.0,21.0,ROY-1,https://cdn.nba.com/headshots/nba/latest/1040x760/1642843.png
34,34,33.0,Zion Williamson,25.0,NOP,PF,62.0,55.0,29.7,7.8,13.0,0.6,0.0,0.1,0.25,7.8,13.0,0.601,0.6,5.4,7.5,0.716,2.0,3.7,5.7,3.2,1.0,0.5,2.0,2.3,21.0,,https://cdn.nba.com/headshots/nba/latest/1040x760/1629627.png
35,35,34.0,LeBron James,41.0,LAL,SF,60.0,60.0,33.2,7.9,15.3,0.515,1.3,4.1,0.317,6.6,11.3,0.586,0.557,3.9,5.3,0.737,0.7,5.4,6.1,7.2,1.2,0.6,3.0,1.4,20.9,AS,https://cdn.nba.com/headshots/nba/latest/1040x760/2544.png
36,36,35.0,Nickeil Alexander-Walker,27.0,ATL,SG,78.0,71.0,33.4,7.0,15.3,0.459,3.2,8.1,0.399,3.8,7.3,0.525,0.564,3.6,3.9,0.902,0.7,2.8,3.4,3.7,1.3,0.5,2.1,2.2,20.8,MIP-1,https://cdn.nba.com/headshots/nba/latest/1040x760/1629638.png
37,37,36.0,Shaedon Sharpe,22.0,POR,SG,50.0,42.0,29.4,7.8,17.4,0.452,2.1,6.1,0.337,5.8,11.2,0.514,0.511,3.1,3.9,0.787,1.0,3.3,4.3,2.6,1.4,0.1,2.9,2.0,20.8,,https://cdn.nba.com/headshots/nba/latest/1040x760/1631101.png
38,38,37.0,Franz Wagner,24.0,ORL,SF,34.0,32.0,30.0,7.2,14.9,0.481,1.4,4.1,0.345,5.8,10.8,0.533,0.529,4.8,5.8,0.823,1.3,3.9,5.2,3.3,0.9,0.3,1.7,2.1,20.6,,https://cdn.nba.com/headshots/nba/latest/1040x760/1630532.png
39,39,38.0,Tyler Herro,26.0,MIA,SG,33.0,28.0,31.3,7.5,15.6,0.48,2.5,6.7,0.378,4.9,8.9,0.556,0.561,3.0,3.3,0.917,0.4,4.4,4.8,4.1,0.7,0.4,1.9,1.9,20.5,,https://cdn.nba.com/headshots/nba/latest/1040x760/1629639.png
40,40,39.0,Anthony Davis,32.0,DAL,PF,20.0,20.0,31.3,8.5,16.7,0.506,0.5,1.9,0.27,8.0,14.9,0.535,0.521,3.0,4.1,0.728,3.1,8.0,11.1,2.8,1.1,1.7,2.1,2.1,20.4,,https://cdn.nba.com/headshots/nba/latest/1040x760/203076.png
41,41,40.0,Alperen Şengün,23.0,HOU,C,72.0,72.0,33.3,8.1,15.6,0.519,0.6,1.8,0.305,7.5,13.8,0.547,0.537,3.6,5.2,0.691,3.0,5.9,8.9,6.2,1.2,1.1,3.2,3.3,20.4,AS,https://cdn.nba.com/headshots/nba/latest/1040x760/1630578.png
42,42,41.0,Dillon Brooks,30.0,PHO,SF,56.0,56.0,30.4,7.4,17.1,0.435,2.3,6.6,0.344,5.2,10.5,0.492,0.501,3.0,3.6,0.842,0.8,2.9,3.6,1.8,1.0,0.2,1.8,3.3,20.2,,https://cdn.nba.com/headshots/nba/latest/1040x760/1628415.png
43,43,42.0,Brandon Miller,23.0,CHO,SF,65.0,65.0,30.3,7.0,16.1,0.435,3.1,8.2,0.383,3.8,7.9,0.489,0.533,3.1,3.4,0.892,1.1,3.8,4.9,3.3,1.0,0.7,2.5,2.8,20.2,,https://cdn.nba.com/headshots/nba/latest/1040x760/1641706.png
44,44,43.0,Bam Adebayo,28.0,MIA,C,73.0,73.0,32.4,6.9,15.7,0.442,1.7,5.5,0.318,5.2,10.2,0.509,0.497,4.5,5.8,0.778,2.0,8.0,10.0,3.2,1.2,0.7,1.6,1.7,20.1,"DPOY-11,DEF2",https://cdn.nba.com/headshots/nba/latest/1040x760/1628389.png
45,45,44.0,LaMelo Ball,24.0,CHO,PG,72.0,69.0,28.0,7.0,17.3,0.407,3.8,10.3,0.368,3.3,7.0,0.464,0.516,2.2,2.5,0.899,0.9,3.9,4.8,7.1,1.2,0.2,2.8,2.7,20.1,,https://cdn.nba.com/headshots/nba/latest/1040x760/1630163.png
46,46,45.0,Desmond Bane,27.0,ORL,SG,82.0,82.0,33.6,7.1,14.7,0.484,2.0,5.2,0.391,5.1,9.5,0.535,0.553,3.8,4.2,0.908,1.2,2.9,4.1,4.1,1.0,0.5,2.0,3.1,20.1,,https://cdn.nba.com/headshots/nba/latest/1040x760/1630217.png
47,47,46.0,Karl-Anthony Towns,30.0,NYK,C,75.0,75.0,31.0,6.9,13.8,0.501,1.5,4.1,0.368,5.4,9.7,0.557,0.556,4.8,5.5,0.858,3.1,8.7,11.9,3.0,0.9,0.5,2.5,3.4,20.1,AS,https://cdn.nba.com/headshots/nba/latest/1040x760/1626157.png
48,48,47.0,Jimmy Butler,36.0,GSW,SF,38.0,38.0,31.1,6.3,12.2,0.519,0.8,2.2,0.376,5.5,9.9,0.552,0.554,6.5,7.6,0.864,2.3,3.2,5.6,4.9,1.4,0.2,1.6,1.2,20.0,,https://cdn.nba.com/headshots/nba/latest/1040x760/202710.png
49,49,48.0,Ty Jerome,28.0,MEM,SG,15.0,15.0,22.6,6.8,14.3,0.474,2.8,6.7,0.42,4.0,7.7,0.522,0.572,3.3,3.7,0.875,0.7,2.1,2.8,5.7,1.1,0.3,1.8,2.1,19.7,,https://cdn.nba.com/headshots/nba/latest/1040x760/1629660.png
50,50,49.0,Jalen Duren,22.0,DET,C,70.0,70.0,28.2,7.5,11.5,0.65,0.0,0.0,,7.5,11.5,0.65,0.65,4.6,6.1,0.747,3.8,6.7,10.5,2.0,0.8,0.8,1.9,2.8,19.5,"DPOY-11,AS,NBA3",https://cdn.nba.com/headshots/nba/latest/1040x760/1631105.png
51,51,50.0,Ja Morant,26.0,MEM,PG,20.0,20.0,28.5,6.6,16.1,0.41,1.0,4.3,0.235,5.6,11.9,0.473,0.441,5.3,5.9,0.897,0.4,2.9,3.3,8.1,1.0,0.3,3.6,2.0,19.5,,https://cdn.nba.com/headshots/nba/latest/1040x760/1629630.png
52,52,51.0,Jaren Jackson Jr.,26.0,2TM,C,48.0,48.0,30.3,7.1,15.0,0.476,1.8,4.9,0.357,5.4,10.1,0.533,0.534,3.4,4.2,0.803,0.9,4.8,5.7,2.0,1.1,1.4,2.2,3.7,19.4,,https://cdn.nba.com/headshots/nba/latest/1040x760/1628991.png
53,53,51.0,Jaren Jackson Jr.,26.0,MEM,C,45.0,45.0,30.7,7.1,14.9,0.475,1.8,4.9,0.359,5.3,10.0,0.531,0.534,3.3,4.2,0.797,0.9,4.8,5.8,1.9,1.0,1.5,2.2,3.8,19.2,,https://cdn.nba.com/headshots/nba/latest/1040x760/1628991.png
54,54,51.0,Jaren Jackson Jr.,26.0,UTA,C,3.0,3.0,24.0,8.0,16.3,0.49,1.7,5.0,0.333,6.3,11.3,0.559,0.541,4.7,5.3,0.875,0.3,4.0,4.3,2.7,2.0,0.3,2.3,3.0,22.3,,https://cdn.nba.com/headshots/nba/latest/1040x760/1628991.png
55,55,52.0,RJ Barrett,25.0,TOR,SF,57.0,57.0,30.3,7.0,14.3,0.491,1.7,5.0,0.339,5.4,9.4,0.572,0.55,3.5,4.9,0.717,1.0,4.3,5.3,3.3,0.7,0.3,1.7,2.6,19.3,,https://cdn.nba.com/headshots/nba/latest/1040x760/1629628.png
56,56,53.0,Zach LaVine,30.0,SAC,SG,39.0,37.0,31.4,6.7,14.0,0.479,2.5,6.5,0.39,4.2,7.5,0.556,0.569,3.2,3.6,0.88,0.2,2.6,2.8,2.3,0.7,0.3,1.9,2.1,19.2,,https://cdn.nba.com/headshots/nba/latest/1040x760/203897.png
57,57,54.0,Darius Garland,26.0,2TM,PG,45.0,43.0,29.9,6.9,14.9,0.46,2.7,6.8,0.396,4.2,8.1,0.514,0.551,2.3,2.7,0.861,0.4,2.0,2.4,6.7,1.0,0.2,2.9,1.9,18.8,,https://cdn.nba.com/headshots/nba/latest/1040x760/1629636.png
58,58,54.0,Darius Garland,26.0,CLE,PG,26.0,26.0,30.5,6.5,14.5,0.451,2.3,6.3,0.36,4.3,8.2,0.521,0.529,2.6,3.0,0.861,0.5,2.0,2.4,6.9,0.8,0.1,2.8,1.8,18.0,,https://cdn.nba.com/headshots/nba/latest/1040x760/1629636.png
59,59,54.0,Darius Garland,26.0,LAC,PG,19.0,17.0,29.1,7.3,15.5,0.471,3.3,7.6,0.438,4.0,7.9,0.503,0.578,1.9,2.3,0.86,0.3,2.0,2.3,6.4,1.2,0.3,3.0,1.9,19.9,,https://cdn.nba.com/headshots/nba/latest/1040x760/1629636.png
60,60,55.0,CJ McCollum,34.0,2TM,PG,76.0,60.0,29.8,6.9,15.2,0.455,2.5,6.7,0.375,4.4,8.5,0.519,0.538,2.4,3.1,0.772,0.8,2.5,3.3,3.9,0.8,0.5,1.8,1.9,18.7,,https://cdn.nba.com/headshots/nba/latest/1040x760/203468.png
61,61,55.0,CJ McCollum,34.0,WAS,SG,35.0,35.0,30.9,6.9,15.1,0.454,2.7,7.0,0.393,4.1,8.1,0.505,0.544,2.3,2.9,0.804,0.7,2.9,3.5,3.6,0.7,0.3,1.7,2.1,18.8,,https://cdn.nba.com/headshots/nba/latest/1040x760/203468.png
62,62,55.0,CJ McCollum,34.0,ATL,PG,41.0,25.0,28.8,7.0,15.2,0.456,2.3,6.5,0.357,4.6,8.8,0.529,0.532,2.5,3.3,0.748,1.0,2.2,3.1,4.1,1.0,0.6,1.9,1.7,18.7,,https://cdn.nba.com/headshots/nba/latest/1040x760/203468.png
63,63,56.0,De'Aaron Fox,28.0,SAS,PG,72.0,72.0,31.0,7.1,14.5,0.486,1.8,5.5,0.332,5.3,9.1,0.58,0.549,2.6,3.4,0.76,0.6,3.2,3.8,6.2,1.2,0.3,2.3,2.3,18.6,AS,https://cdn.nba.com/headshots/nba/latest/1040x760/1628368.png
64,64,57.0,Jerami Grant,31.0,POR,PF,57.0,38.0,29.7,5.8,12.8,0.453,2.4,6.1,0.389,3.4,6.7,0.513,0.547,4.6,5.6,0.814,1.0,2.5,3.5,2.1,0.7,0.6,2.1,2.5,18.6,,https://cdn.nba.com/headshots/nba/latest/1040x760/203924.png
65,65,58.0,Kon Knueppel,20.0,CHO,SF,81.0,80.0,31.5,6.4,13.4,0.475,3.4,7.9,0.425,3.0,5.5,0.548,0.601,2.4,2.8,0.863,1.2,4.1,5.3,3.4,0.7,0.2,2.0,2.1,18.5,ROY-2,https://cdn.nba.com/headshots/nba/latest/1040x760/1642851.png
66,66,59.0,DeMar DeRozan,36.0,SAC,PF,77.0,77.0,31.2,6.5,13.1,0.497,0.6,1.9,0.32,5.9,11.1,0.527,0.52,4.9,5.6,0.868,0.5,2.5,2.9,4.1,1.0,0.3,1.2,1.9,18.4,,https://cdn.nba.com/headshots/nba/latest/1040x760/201942.png
67,67,60.0,Amen Thompson,23.0,HOU,PG,79.0,79.0,37.4,7.1,13.2,0.534,0.3,1.5,0.216,6.7,11.7,0.573,0.545,3.8,4.9,0.779,3.0,4.8,7.8,5.3,1.5,0.6,2.4,2.2,18.3,DPOY-8,https://cdn.nba.com/headshots/nba/latest/1040x760/1641708.png
68,68,61.0,Evan Mobley,24.0,CLE,PF,65.0,63.0,31.9,7.2,13.2,0.546,1.0,3.2,0.297,6.3,10.0,0.626,0.582,2.8,4.6,0.606,2.4,6.6,9.0,3.6,0.7,1.7,1.9,2.4,18.2,,https://cdn.nba.com/headshots/nba/latest/1040x760/1630596.png
69,69,62.0,Scottie Barnes,24.0,TOR,PF,80.0,80.0,33.5,7.1,14.0,0.507,0.9,2.8,0.304,6.3,11.2,0.557,0.537,3.0,3.7,0.815,1.9,5.6,7.5,5.9,1.4,1.5,2.6,2.6,18.1,"DPOY-5,AS,DEF2",https://cdn.nba.com/headshots/nba/latest/1040x760/1630567.png
70,70,63.0,Trae Young,27.0,2TM,PG,15.0,15.0,25.6,5.4,11.8,0.458,1.8,5.3,0.338,3.6,6.5,0.557,0.534,5.3,6.5,0.825,0.3,1.7,2.0,8.0,0.9,0.1,2.6,2.2,17.9,,https://cdn.nba.com/headshots/nba/latest/1040x760/1629027.png
71,71,63.0,Trae Young,27.0,ATL,PG,10.0,10.0,28.0,5.6,13.5,0.415,1.8,5.9,0.305,3.8,7.6,0.5,0.481,6.3,7.3,0.863,0.0,1.5,1.5,8.9,1.0,0.1,2.6,2.0,19.3,,https://cdn.nba.com/headshots/nba/latest/1040x760/1629027.png
72,72,63.0,Trae Young,27.0,WAS,PG,5.0,5.0,20.8,5.0,8.4,0.595,1.8,4.2,0.429,3.2,4.2,0.762,0.702,3.4,4.8,0.708,0.8,2.2,3.0,6.2,0.6,0.2,2.6,2.6,15.2,,https://cdn.nba.com/headshots/nba/latest/1040x760/1629027.png
73,73,64.0,Jalen Green,23.0,PHO,SG,32.0,27.0,25.9,6.8,16.0,0.422,2.2,7.1,0.313,4.5,8.9,0.509,0.491,2.0,2.7,0.747,0.5,3.1,3.6,2.8,1.1,0.3,2.3,1.3,17.8,,https://cdn.nba.com/headshots/nba/latest/1040x760/1630224.png
74,74,65.0,Saddiq Bey,26.0,NOP,SF,72.0,64.0,31.2,6.1,13.4,0.451,2.1,5.7,0.367,4.0,7.7,0.514,0.529,3.4,4.1,0.841,1.7,3.9,5.6,2.5,0.9,0.1,0.9,1.3,17.7,,https://cdn.nba.com/headshots/nba/latest/1040x760/1630180.png
75,75,66.0,Bennedict Mathurin,23.0,2TM,SF,54.0,25.0,30.0,5.4,12.5,0.43,1.4,4.4,0.315,4.0,8.1,0.492,0.485,5.4,6.2,0.869,1.0,4.4,5.4,2.4,0.8,0.2,2.2,2.5,17.6,,https://cdn.nba.com/headshots/nba/latest/1040x760/1631097.png
76,76,66.0,Bennedict Mathurin,23.0,IND,SF,28.0,24.0,31.8,5.5,12.8,0.433,2.1,5.6,0.372,3.5,7.2,0.48,0.514,4.6,5.2,0.884,0.8,4.6,5.4,2.3,0.6,0.1,2.3,2.7,17.8,,https://cdn.nba.com/headshots/nba/latest/1040x760/1631097.png
77,77,66.0,Bennedict Mathurin,23.0,LAC,SF,26.0,1.0,28.0,5.2,12.3,0.426,0.7,3.2,0.207,4.6,9.1,0.502,0.453,6.3,7.3,0.858,1.3,4.2,5.5,2.5,1.0,0.3,2.1,2.3,17.4,,https://cdn.nba.com/headshots/nba/latest/1040x760/1631097.png
78,78,67.0,Coby White,25.0,2TM,SG,50.0,26.0,25.0,5.6,12.5,0.446,2.3,6.4,0.362,3.3,6.1,0.534,0.539,3.9,4.8,0.817,0.3,3.1,3.4,4.0,0.5,0.1,2.6,2.2,17.4,,https://cdn.nba.com/headshots/nba/latest/1040x760/1629632.png
79,79,67.0,Coby White,25.0,CHI,SG,29.0,26.0,29.1,5.9,13.6,0.438,2.5,7.2,0.346,3.4,6.4,0.541,0.529,4.3,5.3,0.805,0.2,3.5,3.7,4.7,0.7,0.1,3.0,2.4,18.6,,https://cdn.nba.com/headshots/nba/latest/1040x760/1629632.png
80,80,67.0,Coby White,25.0,CHO,SG,21.0,0.0,19.3,5.0,11.0,0.461,2.0,5.2,0.391,3.0,5.7,0.525,0.554,3.5,4.1,0.839,0.5,2.5,3.0,3.0,0.2,0.1,1.9,1.9,15.6,,https://cdn.nba.com/headshots/nba/latest/1040x760/1629632.png
81,81,68.0,Kevin Porter Jr.,25.0,MIL,PG,38.0,36.0,33.2,6.3,13.5,0.465,1.2,3.8,0.322,5.1,9.8,0.52,0.51,3.6,4.1,0.878,0.9,4.3,5.2,7.4,2.2,0.5,2.9,2.3,17.4,,https://cdn.nba.com/headshots/nba/latest/1040x760/1629645.png
82,82,69.0,Paul George,35.0,PHI,PF,37.0,37.0,30.7,6.1,13.9,0.439,2.7,6.9,0.392,3.4,7.0,0.484,0.536,2.5,3.0,0.82,0.5,4.8,5.3,3.6,1.7,0.4,1.7,2.3,17.3,,https://cdn.nba.com/headshots/nba/latest/1040x760/202331.png
83,83,70.0,Ryan Rollins,23.0,MIL,PG,74.0,67.0,32.1,6.6,13.9,0.472,2.5,6.1,0.406,4.1,7.8,0.523,0.561,1.7,2.1,0.796,0.7,3.8,4.6,5.6,1.5,0.4,2.7,2.6,17.3,,https://cdn.nba.com/headshots/nba/latest/1040x760/1631157.png
84,84,71.0,Miles Bridges,27.0,CHO,PF,77.0,77.0,31.0,6.2,13.5,0.46,1.9,5.8,0.333,4.3,7.8,0.554,0.531,2.7,3.3,0.822,1.0,4.9,5.8,3.2,0.6,0.4,1.4,1.7,17.1,,https://cdn.nba.com/headshots/nba/latest/1040x760/1628970.png
85,85,72.0,Chet Holmgren,23.0,OKC,PF,69.0,69.0,28.9,6.3,11.3,0.557,1.3,3.5,0.362,5.0,7.8,0.646,0.614,3.3,4.1,0.792,1.9,7.0,8.9,1.7,0.6,1.9,1.6,2.3,17.1,"DPOY-2,AS,NBA3,DEF1",https://cdn.nba.com/headshots/nba/latest/1040x760/1631096.png
86,86,73.0,Jalen Williams,24.0,OKC,SG,33.0,33.0,28.4,6.5,13.5,0.484,0.7,2.3,0.299,5.8,11.2,0.523,0.51,3.3,3.9,0.837,0.8,3.8,4.6,5.5,1.2,0.3,1.9,2.0,17.1,,https://cdn.nba.com/headshots/nba/latest/1040x760/1631114.png
87,87,74.0,Josh Giddey,23.0,CHI,PG,54.0,51.0,32.1,5.9,13.3,0.448,1.9,5.2,0.364,4.0,8.0,0.502,0.52,3.2,4.2,0.763,1.2,7.1,8.3,9.1,1.0,0.5,3.6,1.7,17.0,,https://cdn.nba.com/headshots/nba/latest/1040x760/1630581.png
88,88,75.0,Payton Pritchard,28.0,BOS,PG,79.0,50.0,32.4,6.4,13.8,0.464,2.7,7.1,0.377,3.7,6.7,0.556,0.561,1.5,1.7,0.89,0.9,3.1,3.9,5.2,0.7,0.1,1.4,1.5,17.0,,https://cdn.nba.com/headshots/nba/latest/1040x760/1630202.png
89,89,76.0,Andrew Nembhard,26.0,IND,PG,57.0,57.0,31.3,5.8,13.2,0.442,1.9,5.2,0.361,4.0,8.0,0.495,0.513,3.4,4.1,0.825,0.4,2.4,2.8,7.7,0.9,0.1,2.4,2.2,16.9,,https://cdn.nba.com/headshots/nba/latest/1040x760/1629614.png
90,90,77.0,Kristaps Porziņģis,30.0,2TM,C,32.0,23.0,24.0,5.4,12.1,0.446,1.7,5.0,0.338,3.7,7.1,0.522,0.515,4.2,4.9,0.842,1.3,4.0,5.2,2.5,0.6,1.2,1.3,2.9,16.7,,https://cdn.nba.com/headshots/nba/latest/1040x760/204001.png
91,91,77.0,Kristaps Porziņģis,30.0,ATL,C,17.0,12.0,24.3,5.6,12.4,0.457,1.8,5.1,0.36,3.8,7.3,0.524,0.531,4.0,4.8,0.84,1.2,3.9,5.1,2.7,0.5,1.3,0.9,3.2,17.1,,https://cdn.nba.com/headshots/nba/latest/1040x760/204001.png
92,92,77.0,Kristaps Porziņģis,30.0,GSW,C,15.0,11.0,23.7,5.1,11.9,0.433,1.5,4.9,0.311,3.6,6.9,0.519,0.497,4.3,5.1,0.844,1.3,4.1,5.3,2.3,0.6,1.1,1.7,2.5,16.1,,https://cdn.nba.com/headshots/nba/latest/1040x760/204001.png
93,93,78.0,OG Anunoby,28.0,NYK,PF,67.0,67.0,33.2,5.8,12.0,0.484,2.3,6.1,0.386,3.5,5.9,0.584,0.581,2.7,3.3,0.828,1.3,4.0,5.2,2.2,1.6,0.7,1.8,2.4,16.7,"DPOY-10,DEF2",https://cdn.nba.com/headshots/nba/latest/1040x760/1628384.png
94,94,79.0,Stephon Castle,21.0,SAS,PG,68.0,67.0,30.0,5.7,12.0,0.471,1.2,3.6,0.332,4.5,8.4,0.531,0.521,4.1,5.6,0.734,1.4,3.9,5.3,7.4,1.1,0.3,3.2,3.3,16.7,,https://cdn.nba.com/headshots/nba/latest/1040x760/1642264.png
95,95,80.0,Dejounte Murray,29.0,NOP,PG,14.0,14.0,27.8,6.3,13.0,0.484,1.4,4.4,0.306,4.9,8.6,0.575,0.536,2.8,3.2,0.867,0.3,5.1,5.4,6.4,1.6,0.2,3.4,2.4,16.7,,https://cdn.nba.com/headshots/nba/latest/1040x760/1627749.png
96,96,81.0,Grayson Allen,30.0,PHO,SG,51.0,27.0,28.8,5.3,13.1,0.403,3.1,8.9,0.349,2.2,4.2,0.519,0.522,2.8,3.3,0.857,0.7,2.3,3.0,3.8,1.4,0.3,1.6,2.3,16.5,,https://cdn.nba.com/headshots/nba/latest/1040x760/1628960.png
97,97,82.0,Derrick White,31.0,BOS,SG,77.0,77.0,34.1,5.7,14.4,0.394,2.7,8.3,0.327,3.0,6.1,0.487,0.489,2.4,2.6,0.902,1.1,3.3,4.4,5.4,1.1,1.3,1.7,1.5,16.5,"DPOY-6,DEF1",https://cdn.nba.com/headshots/nba/latest/1040x760/1628401.png
98,98,83.0,Immanuel Quickley,26.0,TOR,PG,70.0,70.0,31.9,5.7,12.9,0.443,2.5,6.8,0.374,3.2,6.1,0.52,0.541,2.4,3.0,0.821,0.5,3.5,4.0,5.9,1.3,0.1,1.5,2.0,16.4,,https://cdn.nba.com/headshots/nba/latest/1040x760/1630193.png
99,99,84.0,Matas Buzelis,21.0,CHI,PF,77.0,77.0,29.2,5.8,12.5,0.463,2.2,6.4,0.349,3.5,6.1,0.583,0.553,2.4,3.1,0.786,1.0,4.8,5.8,2.1,0.7,1.5,2.1,2.3,16.3,,https://cdn.nba.com/headshots/nba/latest/1040x760/1641824.png
100,100,85.0,Jrue Holiday,35.0,POR,PG,53.0,51.0,29.4,6.0,13.4,0.451,2.6,6.8,0.378,3.5,6.5,0.527,0.548,1.7,2.0,0.838,1.3,3.3,4.6,6.1,1.0,0.1,2.8,1.5,16.3,,https://cdn.nba.com/headshots/nba/latest/1040x760/201950.png
101,101,86.0,Alex Sarr,20.0,WAS,C,48.0,48.0,27.2,6.6,13.7,0.482,1.0,3.1,0.333,5.5,10.5,0.526,0.52,2.1,3.0,0.692,2.2,5.2,7.4,2.7,0.8,2.0,1.7,2.2,16.3,,https://cdn.nba.com/headshots/nba/latest/1040x760/1642259.png
102,102,87.0,Dariq Whitehead,21.0,MEM,SF,6.0,2.0,30.5,6.2,15.5,0.398,3.2,10.0,0.317,3.0,5.5,0.545,0.5,0.8,1.2,0.714,0.3,3.7,4.0,1.5,0.7,0.0,1.7,2.2,16.3,,https://cdn.nba.com/headshots/nba/latest/1040x760/1641727.png
103,103,88.0,Aaron Gordon,30.0,DEN,PF,36.0,33.0,27.9,5.5,11.1,0.497,1.7,4.4,0.389,3.8,6.7,0.568,0.574,3.5,4.5,0.767,1.4,4.4,5.8,2.7,0.6,0.3,1.1,1.7,16.2,,https://cdn.nba.com/headshots/nba/latest/1040x760/203932.png
104,104,89.0,VJ Edgecombe,20.0,PHI,SG,75.0,75.0,35.0,6.0,13.7,0.438,2.0,5.6,0.354,4.0,8.1,0.496,0.51,2.0,2.4,0.818,1.6,4.0,5.6,4.2,1.4,0.5,1.8,2.9,16.0,ROY-3,https://cdn.nba.com/headshots/nba/latest/1040x760/1642845.png
105,105,90.0,Domantas Sabonis,29.0,SAC,C,19.0,15.0,29.7,6.3,11.6,0.543,0.3,1.4,0.185,6.1,10.2,0.593,0.554,2.9,4.1,0.727,3.4,8.0,11.4,4.1,0.9,0.2,2.7,3.5,15.8,,https://cdn.nba.com/headshots/nba/latest/1040x760/1627734.png
106,106,91.0,Jabari Smith Jr.,22.0,HOU,PF,77.0,77.0,35.1,5.7,12.6,0.45,2.3,6.3,0.363,3.4,6.3,0.537,0.541,2.1,2.7,0.775,1.4,5.5,6.9,1.9,0.7,0.9,1.4,2.5,15.8,,https://cdn.nba.com/headshots/nba/latest/1040x760/1631095.png
107,107,92.0,Collin Sexton,27.0,2TM,SG,68.0,22.0,23.7,5.3,10.9,0.485,1.6,4.1,0.401,3.6,6.8,0.536,0.561,3.2,3.8,0.855,0.6,1.7,2.3,3.3,1.1,0.1,2.1,2.1,15.4,,https://cdn.nba.com/headshots/nba/latest/1040x760/1629012.png
108,108,92.0,Collin Sexton,27.0,CHO,SG,42.0,12.0,22.3,4.8,9.9,0.488,1.4,3.5,0.393,3.5,6.4,0.539,0.557,3.2,3.7,0.877,0.4,1.5,1.9,3.7,0.9,0.2,2.1,1.8,14.2,,https://cdn.nba.com/headshots/nba/latest/1040x760/1629012.png
109,109,92.0,Collin Sexton,27.0,CHI,SG,26.0,10.0,26.0,6.1,12.6,0.482,2.1,5.2,0.41,4.0,7.5,0.531,0.566,3.2,3.9,0.822,0.9,2.0,2.9,2.5,1.5,0.1,2.0,2.7,17.5,,https://cdn.nba.com/headshots/nba/latest/1040x760/1629012.png
110,110,93.0,Jarrett Allen,27.0,CLE,C,56.0,56.0,27.1,6.0,9.4,0.638,0.0,0.2,0.1,6.0,9.3,0.649,0.639,3.3,4.7,0.709,2.6,5.9,8.5,1.8,1.0,0.8,1.3,1.7,15.4,,https://cdn.nba.com/headshots/nba/latest/1040x760/1628386.png
111,111,94.0,Jaime Jaquez Jr.,24.0,MIA,SF,75.0,1.0,28.3,6.2,12.2,0.507,0.8,2.4,0.317,5.4,9.8,0.555,0.539,2.2,2.9,0.769,1.3,3.7,5.0,4.7,0.7,0.3,2.0,1.8,15.4,6MOY-2,https://cdn.nba.com/headshots/nba/latest/1040x760/1631170.png
112,112,95.0,Andrew Wiggins,30.0,MIA,SF,68.0,68.0,30.3,5.7,12.1,0.475,2.0,4.9,0.414,3.7,7.2,0.516,0.559,1.9,2.4,0.784,1.7,3.1,4.8,2.7,1.1,1.0,1.5,2.3,15.4,,https://cdn.nba.com/headshots/nba/latest/1040x760/203952.png
113,113,96.0,Naji Marshall,28.0,DAL,SF,74.0,47.0,29.5,5.7,11.1,0.51,0.8,2.9,0.291,4.8,8.2,0.587,0.548,3.1,4.1,0.76,0.9,3.8,4.7,3.3,1.1,0.1,1.6,1.9,15.2,,https://cdn.nba.com/headshots/nba/latest/1040x760/1630230.png
114,114,97.0,Onyeka Okongwu,25.0,ATL,C,74.0,63.0,31.0,5.6,11.6,0.48,1.9,5.2,0.376,3.6,6.4,0.564,0.564,2.1,2.7,0.757,1.9,5.7,7.6,3.1,1.1,1.1,1.7,3.3,15.2,,https://cdn.nba.com/headshots/nba/latest/1040x760/1630168.png
115,115,98.0,Russell Westbrook,37.0,SAC,SF,64.0,58.0,29.0,5.6,13.1,0.427,2.0,5.9,0.338,3.6,7.2,0.5,0.503,2.0,2.9,0.694,1.3,4.2,5.4,6.7,1.3,0.2,3.3,2.3,15.2,,https://cdn.nba.com/headshots/nba/latest/1040x760/201566.png
116,116,99.0,Nikola Vučević,35.0,2TM,C,64.0,49.0,28.4,6.2,12.5,0.493,1.6,4.2,0.369,4.6,8.3,0.557,0.556,1.2,1.5,0.828,2.0,6.4,8.4,3.3,0.6,0.6,1.3,2.0,15.1,,https://cdn.nba.com/headshots/nba/latest/1040x760/202696.png
117,117,99.0,Nikola Vučević,35.0,CHI,C,48.0,48.0,30.8,6.9,13.8,0.505,1.7,4.5,0.376,5.2,9.2,0.568,0.567,1.3,1.5,0.838,2.1,6.9,9.0,3.8,0.7,0.6,1.4,2.0,16.9,,https://cdn.nba.com/headshots/nba/latest/1040x760/202696.png
118,118,99.0,Nikola Vučević,35.0,BOS,C,16.0,1.0,21.1,3.8,8.7,0.439,1.1,3.3,0.34,2.7,5.4,0.5,0.504,0.9,1.2,0.789,1.6,5.1,6.6,2.0,0.4,0.6,1.0,1.9,9.7,,https://cdn.nba.com/headshots/nba/latest/1040x760/202696.png
119,119,100.0,Anthony Black,22.0,ORL,PG,64.0,40.0,29.8,5.4,12.1,0.447,1.6,4.7,0.333,3.8,7.4,0.519,0.512,2.6,3.6,0.732,0.7,3.1,3.8,3.7,1.4,0.7,2.1,2.7,15.0,,https://cdn.nba.com/headshots/nba/latest/1040x760/1641710.png
120,120,101.0,Kennedy Chandler,23.0,UTA,PG,11.0,2.0,32.3,5.5,12.5,0.445,1.4,3.5,0.395,4.2,9.0,0.465,0.5,2.5,3.9,0.651,0.5,2.8,3.4,6.7,1.0,0.2,2.1,2.1,15.0,,https://cdn.nba.com/headshots/nba/latest/1040x760/1631113.png
121,121,102.0,Brice Sensabaugh,22.0,UTA,SF,75.0,22.0,23.5,5.3,11.4,0.46,2.2,5.9,0.367,3.1,5.5,0.559,0.554,2.2,2.7,0.826,0.7,2.3,3.1,1.9,0.7,0.2,1.7,1.9,14.9,,https://cdn.nba.com/headshots/nba/latest/1040x760/1641729.png
122,122,103.0,Ayo Dosunmu,26.0,2TM,SG,69.0,19.0,27.3,5.6,10.8,0.517,1.8,4.1,0.439,3.8,6.8,0.563,0.599,1.8,2.1,0.876,0.7,2.8,3.4,3.6,0.8,0.3,1.4,1.9,14.8,6MOY-9,https://cdn.nba.com/headshots/nba/latest/1040x760/1630245.png
123,123,103.0,Ayo Dosunmu,26.0,CHI,SG,45.0,10.0,26.4,5.6,10.8,0.514,1.9,4.3,0.451,3.6,6.5,0.556,0.604,2.0,2.3,0.857,0.7,2.3,3.0,3.6,0.8,0.3,1.4,1.7,15.0,,https://cdn.nba.com/headshots/nba/latest/1040x760/1630245.png
124,124,103.0,Ayo Dosunmu,26.0,MIN,SG,24.0,9.0,28.9,5.7,10.9,0.521,1.5,3.6,0.414,4.2,7.3,0.575,0.59,1.5,1.7,0.925,0.6,3.6,4.2,3.5,1.0,0.3,1.5,2.2,14.4,,https://cdn.nba.com/headshots/nba/latest/1040x760/1630245.png
125,125,104.0,Kyshawn George,22.0,WAS,SF,48.0,48.0,29.0,5.3,12.0,0.438,2.1,5.4,0.381,3.2,6.6,0.486,0.524,2.2,2.7,0.802,0.9,4.2,5.1,4.5,1.0,0.9,2.6,3.5,14.8,,https://cdn.nba.com/headshots/nba/latest/1040x760/1642273.png
126,126,105.0,Jaden McDaniels,25.0,MIN,PF,73.0,73.0,31.7,5.7,11.1,0.515,1.4,3.4,0.412,4.3,7.7,0.562,0.579,2.0,2.4,0.835,1.0,3.2,4.2,2.7,1.1,1.0,1.8,3.3,14.8,,https://cdn.nba.com/headshots/nba/latest/1040x760/1630183.png
127,127,106.0,Peyton Watson,23.0,DEN,SF,54.0,40.0,29.6,5.3,10.8,0.491,1.5,3.6,0.411,3.8,7.1,0.531,0.56,2.6,3.5,0.73,0.9,4.0,4.9,2.1,0.9,1.1,1.7,2.5,14.6,,https://cdn.nba.com/headshots/nba/latest/1040x760/1631212.png
128,128,107.0,Mikal Bridges,29.0,NYK,SF,82.0,82.0,32.8,5.8,11.7,0.49,1.9,5.1,0.371,3.9,6.6,0.582,0.571,1.0,1.2,0.827,1.0,2.8,3.8,3.7,1.3,0.8,1.0,2.0,14.4,,https://cdn.nba.com/headshots/nba/latest/1040x760/1628969.png
129,129,108.0,Walker Kessler,24.0,UTA,C,5.0,5.0,30.8,5.2,7.4,0.703,1.2,1.6,0.75,4.0,5.8,0.69,0.784,2.8,4.0,0.7,4.6,6.2,10.8,3.0,1.4,1.8,3.2,4.4,14.4,,https://cdn.nba.com/headshots/nba/latest/1040x760/1631117.png
130,130,109.0,Anfernee Simons,26.0,2TM,SG,55.0,5.0,24.9,5.2,11.8,0.44,2.7,6.9,0.385,2.5,4.9,0.517,0.552,1.3,1.4,0.896,0.6,1.9,2.5,2.4,0.5,0.1,1.2,1.7,14.3,,https://cdn.nba.com/headshots/nba/latest/1040x760/1629014.png
131,131,109.0,Anfernee Simons,26.0,BOS,SG,49.0,0.0,24.5,5.1,11.6,0.44,2.7,6.7,0.395,2.4,4.9,0.502,0.555,1.3,1.5,0.889,0.5,1.9,2.4,2.4,0.6,0.1,1.1,1.7,14.2,,https://cdn.nba.com/headshots/nba/latest/1040x760/1629014.png
132,132,109.0,Anfernee Simons,26.0,CHI,SG,6.0,5.0,28.3,5.8,13.3,0.438,2.7,8.3,0.32,3.2,5.0,0.633,0.538,0.8,0.8,1.0,0.8,2.0,2.8,3.0,0.0,0.3,2.2,2.0,15.2,,https://cdn.nba.com/headshots/nba/latest/1040x760/1629014.png
133,133,110.0,Jeremiah Fears,19.0,NOP,PG,82.0,49.0,25.8,5.3,12.3,0.434,1.2,3.7,0.33,4.1,8.5,0.48,0.485,2.4,3.0,0.789,0.7,2.9,3.7,3.4,1.2,0.4,2.2,1.8,14.3,,https://cdn.nba.com/headshots/nba/latest/1040x760/1642847.png
134,134,111.0,Cormac Ryan,27.0,MIL,SG,11.0,2.0,24.6,4.8,9.3,0.52,2.5,5.4,0.458,2.4,3.9,0.605,0.652,2.2,2.4,0.923,0.7,1.8,2.5,1.7,1.0,0.3,1.5,2.5,14.3,,
135,135,112.0,Scoot Henderson,21.0,POR,PG,30.0,10.0,24.9,4.8,11.4,0.418,1.9,5.4,0.352,2.9,6.0,0.478,0.501,2.8,3.3,0.84,0.6,2.1,2.7,3.7,0.9,0.3,2.4,2.8,14.2,,https://cdn.nba.com/headshots/nba/latest/1040x760/1630703.png
136,136,113.0,P.J. Washington,27.0,DAL,PF,56.0,53.0,31.0,5.3,11.8,0.45,1.4,4.2,0.325,3.9,7.6,0.519,0.508,2.2,3.3,0.687,1.5,5.5,7.0,1.8,1.0,1.1,1.7,2.1,14.2,,https://cdn.nba.com/headshots/nba/latest/1040x760/1629023.png
137,137,114.0,Ivica Zubac,28.0,2TM,C,48.0,47.0,30.1,6.0,10.0,0.598,0.0,0.0,,6.0,10.0,0.598,0.598,2.1,3.0,0.711,3.4,7.2,10.6,2.2,0.4,0.8,1.8,2.3,14.1,,https://cdn.nba.com/headshots/nba/latest/1040x760/1627826.png
138,138,114.0,Ivica Zubac,28.0,LAC,C,43.0,42.0,30.9,6.1,10.0,0.613,0.0,0.0,,6.1,10.0,0.613,0.613,2.2,3.1,0.705,3.4,7.6,11.0,2.2,0.4,0.8,1.9,2.4,14.4,,https://cdn.nba.com/headshots/nba/latest/1040x760/1627826.png
139,139,114.0,Ivica Zubac,28.0,IND,C,5.0,5.0,23.6,5.0,10.6,0.472,0.0,0.0,,5.0,10.6,0.472,0.472,1.6,2.0,0.8,2.8,4.4,7.2,1.8,0.4,0.8,0.8,1.6,11.6,,https://cdn.nba.com/headshots/nba/latest/1040x760/1627826.png
140,140,115.0,Tre Jones,26.0,CHI,PG,65.0,41.0,27.0,5.2,9.5,0.553,0.6,2.0,0.315,4.6,7.5,0.616,0.586,2.9,3.5,0.841,0.6,2.6,3.1,5.4,1.2,0.2,1.4,1.4,14.1,,https://cdn.nba.com/headshots/nba/latest/1040x760/1630200.png
141,141,116.0,Kelly Oubre Jr.,30.0,PHI,SF,50.0,41.0,31.5,5.1,10.9,0.467,1.7,4.8,0.36,3.4,6.1,0.551,0.546,2.2,2.9,0.766,1.0,4.0,5.0,1.6,1.4,0.5,1.4,2.5,14.1,,https://cdn.nba.com/headshots/nba/latest/1040x760/1626162.png
142,142,117.0,Santi Aldama,25.0,MEM,PF,43.0,11.0,27.9,5.3,11.1,0.479,1.6,4.7,0.35,3.7,6.4,0.572,0.553,1.8,2.7,0.667,1.6,5.1,6.7,2.9,0.9,0.7,1.3,1.6,14.0,,https://cdn.nba.com/headshots/nba/latest/1040x760/1630583.png
143,143,118.0,Keegan Murray,25.0,SAC,PF,23.0,22.0,34.5,5.5,13.0,0.42,1.3,4.9,0.277,4.1,8.2,0.505,0.472,1.7,2.1,0.776,1.4,4.3,5.7,1.7,1.0,1.6,1.2,1.8,14.0,,https://cdn.nba.com/headshots/nba/latest/1040x760/1631099.png
144,144,119.0,Devin Vassell,25.0,SAS,SG,67.0,65.0,30.5,4.9,11.3,0.437,2.5,6.4,0.384,2.4,4.8,0.508,0.547,1.6,1.9,0.815,0.6,3.4,4.0,2.5,0.9,0.4,0.9,1.6,13.9,,https://cdn.nba.com/headshots/nba/latest/1040x760/1630170.png
145,145,120.0,Ace Bailey,19.0,UTA,SF,72.0,61.0,27.6,5.5,12.4,0.443,1.9,5.5,0.344,3.6,6.9,0.522,0.52,0.9,1.2,0.75,1.4,2.8,4.2,1.8,0.8,0.7,1.5,2.7,13.8,,https://cdn.nba.com/headshots/nba/latest/1040x760/1642846.png
146,146,121.0,Aaron Nesmith,26.0,IND,SF,45.0,42.0,29.7,4.7,11.4,0.414,2.3,6.2,0.379,2.4,5.2,0.455,0.517,2.0,2.5,0.829,1.1,3.1,4.2,1.9,0.6,0.5,1.4,2.8,13.8,,https://cdn.nba.com/headshots/nba/latest/1040x760/1630174.png
147,147,122.0,Brandin Podziemski,22.0,GSW,SG,82.0,43.0,28.5,4.8,10.6,0.455,1.9,5.0,0.371,2.9,5.5,0.531,0.543,2.3,2.9,0.797,0.9,4.2,5.1,3.7,1.1,0.2,1.6,1.7,13.8,,https://cdn.nba.com/headshots/nba/latest/1040x760/1641764.png
148,148,123.0,Jalen Suggs,24.0,ORL,PG,57.0,56.0,27.6,4.9,11.4,0.435,2.1,6.3,0.339,2.8,5.1,0.554,0.529,1.8,2.1,0.855,0.6,3.2,3.9,5.5,1.8,0.7,2.7,2.5,13.8,,https://cdn.nba.com/headshots/nba/latest/1040x760/1630591.png
149,149,124.0,De'Andre Hunter,28.0,2TM,SF,45.0,25.0,26.1,4.6,11.1,0.415,1.7,5.5,0.305,3.0,5.7,0.522,0.49,2.8,3.2,0.867,0.7,3.4,4.1,2.0,0.7,0.1,1.7,2.5,13.7,,https://cdn.nba.com/headshots/nba/latest/1040x760/1629631.png
150,150,124.0,De'Andre Hunter,28.0,CLE,SF,43.0,23.0,26.2,4.7,11.2,0.423,1.7,5.5,0.308,3.0,5.7,0.535,0.499,2.8,3.2,0.869,0.7,3.6,4.2,2.1,0.7,0.1,1.7,2.5,14.0,,https://cdn.nba.com/headshots/nba/latest/1040x760/1629631.png
151,151,124.0,De'Andre Hunter,28.0,SAC,SF,2.0,2.0,25.5,2.0,9.5,0.211,1.0,4.5,0.222,1.0,5.0,0.2,0.263,2.5,3.0,0.833,0.5,1.0,1.5,0.5,0.0,0.0,2.0,2.5,7.5,,https://cdn.nba.com/headshots/nba/latest/1040x760/1629631.png
152,152,125.0,Bobby Portis,30.0,MIL,PF,67.0,9.0,24.2,5.5,11.2,0.488,2.0,4.4,0.456,3.4,6.8,0.509,0.578,0.7,1.0,0.706,1.3,5.1,6.4,1.6,0.6,0.2,1.0,1.6,13.7,,https://cdn.nba.com/headshots/nba/latest/1040x760/1626171.png
153,153,126.0,John Collins,28.0,LAC,PF,69.0,56.0,27.1,5.3,9.6,0.552,1.3,3.2,0.406,4.0,6.4,0.625,0.62,1.7,2.2,0.766,1.6,3.7,5.3,1.0,0.9,0.7,1.4,2.7,13.6,,https://cdn.nba.com/headshots/nba/latest/1040x760/1628381.png
154,154,127.0,Cedric Coward,22.0,MEM,SG,62.0,47.0,25.8,4.9,10.5,0.471,1.5,4.4,0.338,3.4,6.0,0.568,0.542,2.3,2.7,0.843,1.3,4.5,5.9,2.8,0.6,0.4,1.7,2.0,13.6,ROY-5,https://cdn.nba.com/headshots/nba/latest/1040x760/1642907.png
155,155,128.0,Zach Edey,23.0,MEM,C,11.0,11.0,25.8,5.6,8.9,0.633,0.1,0.5,0.2,5.5,8.5,0.656,0.638,2.3,2.9,0.781,3.9,7.2,11.1,1.1,0.6,1.9,2.4,3.4,13.6,,https://cdn.nba.com/headshots/nba/latest/1040x760/1641744.png
156,156,129.0,Ajay Mitchell,23.0,OKC,SG,57.0,16.0,25.8,5.0,10.4,0.485,1.1,3.1,0.347,3.9,7.3,0.543,0.536,2.5,2.8,0.87,0.7,2.6,3.3,3.6,1.2,0.3,1.4,2.1,13.6,6MOY-5,https://cdn.nba.com/headshots/nba/latest/1040x760/1642349.png
157,157,130.0,Naz Reid,26.0,MIN,C,77.0,3.0,26.1,5.2,11.3,0.456,2.1,5.8,0.362,3.1,5.5,0.556,0.549,1.2,1.6,0.732,1.2,5.0,6.2,2.2,1.0,1.0,1.6,2.5,13.6,6MOY-4,https://cdn.nba.com/headshots/nba/latest/1040x760/1629675.png
158,158,131.0,Cam Thomas,24.0,2TM,SG,42.0,8.0,21.0,4.5,11.0,0.41,1.2,4.0,0.31,3.3,7.0,0.468,0.466,3.3,4.0,0.811,0.3,1.4,1.7,2.6,0.2,0.1,1.8,1.0,13.5,,https://cdn.nba.com/headshots/nba/latest/1040x760/1630560.png
159,159,131.0,Cam Thomas,24.0,BRK,SG,24.0,8.0,24.3,5.1,12.8,0.399,1.6,4.9,0.325,3.5,8.0,0.445,0.461,3.8,4.5,0.843,0.4,1.4,1.8,3.1,0.2,0.1,2.0,1.3,15.6,,https://cdn.nba.com/headshots/nba/latest/1040x760/1630560.png
160,160,131.0,Cam Thomas,24.0,MIL,SG,18.0,0.0,16.6,3.7,8.5,0.431,0.8,2.8,0.275,2.9,5.7,0.51,0.477,2.6,3.4,0.754,0.1,1.4,1.6,1.9,0.3,0.1,1.4,0.7,10.7,,https://cdn.nba.com/headshots/nba/latest/1040x760/1630560.png
161,161,132.0,Tim Hardaway Jr.,33.0,DEN,SG,80.0,6.0,26.6,4.4,9.7,0.447,2.8,6.9,0.407,1.6,2.9,0.541,0.591,2.0,2.5,0.811,0.2,2.4,2.6,1.4,0.5,0.1,0.5,1.3,13.5,6MOY-3,https://cdn.nba.com/headshots/nba/latest/1040x760/203501.png
162,162,133.0,Reed Sheppard,21.0,HOU,SG,82.0,21.0,26.2,5.0,11.5,0.43,2.8,7.0,0.394,2.2,4.5,0.486,0.55,0.8,1.0,0.802,0.3,2.6,2.9,3.4,1.5,0.7,1.5,2.0,13.5,6MOY-6,https://cdn.nba.com/headshots/nba/latest/1040x760/1642263.png
163,163,134.0,Toumani Camara,25.0,POR,PF,82.0,82.0,33.3,4.8,10.9,0.44,2.7,7.2,0.37,2.1,3.6,0.579,0.563,1.2,1.7,0.708,1.6,3.6,5.1,2.5,1.1,0.4,1.8,2.9,13.4,,https://cdn.nba.com/headshots/nba/latest/1040x760/1641739.png
164,164,135.0,Quentin Grimes,25.0,PHI,SG,75.0,19.0,29.4,4.5,10.1,0.45,1.7,5.1,0.334,2.8,5.0,0.568,0.534,2.7,3.2,0.84,0.6,3.0,3.6,3.3,0.9,0.4,1.8,2.1,13.4,,https://cdn.nba.com/headshots/nba/latest/1040x760/1629656.png
165,165,136.0,Jordan Poole,26.0,NOP,PG,39.0,8.0,23.9,4.2,11.4,0.372,2.5,7.4,0.333,1.8,4.0,0.442,0.48,2.5,2.9,0.86,0.2,1.7,2.0,3.1,0.6,0.4,1.8,2.3,13.4,,https://cdn.nba.com/headshots/nba/latest/1040x760/1629673.png
166,166,137.0,Tobias Harris,33.0,DET,PF,63.0,63.0,27.7,4.9,10.5,0.469,1.3,3.5,0.368,3.6,6.9,0.521,0.531,2.2,2.5,0.866,0.9,4.3,5.1,2.5,0.9,0.4,1.0,1.7,13.3,,https://cdn.nba.com/headshots/nba/latest/1040x760/202699.png
167,167,138.0,Keldon Johnson,26.0,SAS,SF,82.0,0.0,23.3,5.0,9.7,0.519,1.2,3.3,0.363,3.8,6.4,0.601,0.582,1.9,2.4,0.794,1.7,3.7,5.4,1.4,0.6,0.1,0.9,2.0,13.2,6MOY-1,https://cdn.nba.com/headshots/nba/latest/1040x760/1629640.png
168,168,139.0,Jaylon Tyson,23.0,CLE,SG,66.0,42.0,26.9,5.0,10.2,0.493,2.0,4.5,0.446,3.0,5.6,0.53,0.592,1.2,1.6,0.738,1.8,3.3,5.1,2.2,0.8,0.4,1.5,2.5,13.2,,https://cdn.nba.com/headshots/nba/latest/1040x760/1642281.png
169,169,140.0,Kyle Kuzma,30.0,MIL,PF,69.0,43.0,26.2,4.9,10.0,0.492,1.2,3.5,0.347,3.7,6.5,0.569,0.552,2.0,2.7,0.726,0.8,3.7,4.5,2.7,0.7,0.4,1.7,1.9,13.0,,https://cdn.nba.com/headshots/nba/latest/1040x760/1628398.png
170,170,141.0,Brandon Williams,26.0,DAL,PG,66.0,15.0,22.2,4.4,9.3,0.472,0.5,2.3,0.232,3.9,7.0,0.552,0.501,3.7,4.6,0.793,0.5,2.4,2.9,3.9,0.9,0.3,1.9,1.6,13.0,,https://cdn.nba.com/headshots/nba/latest/1040x760/1585.png
171,171,142.0,Sam Merrill,29.0,CLE,SG,52.0,38.0,26.5,4.3,9.3,0.461,3.0,7.2,0.421,1.3,2.1,0.596,0.624,1.1,1.3,0.855,0.5,2.0,2.6,2.4,0.6,0.1,0.8,2.4,12.8,,https://cdn.nba.com/headshots/nba/latest/1040x760/1630241.png
172,172,143.0,Collin Gillespie,26.0,PHO,PG,80.0,58.0,28.5,4.4,10.5,0.418,2.9,7.2,0.401,1.5,3.3,0.455,0.556,1.0,1.1,0.874,1.1,3.0,4.1,4.6,1.2,0.2,1.6,1.6,12.7,,https://cdn.nba.com/headshots/nba/latest/1040x760/1631221.png
173,173,144.0,Deandre Ayton,27.0,LAL,C,72.0,72.0,27.2,5.6,8.3,0.671,0.0,0.0,,5.6,8.3,0.671,0.671,1.3,2.0,0.645,2.6,5.4,8.0,0.8,0.6,1.0,1.2,2.2,12.5,,https://cdn.nba.com/headshots/nba/latest/1040x760/1629028.png
174,174,145.0,GG Jackson II,21.0,MEM,PF,55.0,28.0,21.4,4.6,9.3,0.496,1.2,3.5,0.332,3.5,5.8,0.595,0.558,2.0,2.7,0.742,0.9,3.4,4.3,1.5,0.6,0.8,1.5,1.4,12.5,,
175,175,146.0,Malik Monk,27.0,SAC,SG,62.0,3.0,22.0,4.5,10.2,0.438,2.0,5.1,0.395,2.5,5.1,0.481,0.536,1.5,1.7,0.879,0.2,1.6,1.9,3.0,0.6,0.4,1.5,1.6,12.5,,https://cdn.nba.com/headshots/nba/latest/1040x760/1628370.png
176,176,147.0,Maxime Raynaud,22.0,SAC,C,74.0,56.0,26.5,5.2,9.1,0.571,0.3,1.0,0.324,4.9,8.1,0.601,0.589,1.8,2.3,0.786,1.9,5.6,7.5,1.4,0.5,0.5,1.3,2.3,12.5,,https://cdn.nba.com/headshots/nba/latest/1040x760/1642875.png
177,177,148.0,Jaylen Wells,22.0,MEM,SG,69.0,69.0,26.4,4.4,10.1,0.431,1.9,5.3,0.353,2.5,4.8,0.517,0.524,1.9,2.5,0.784,0.9,2.3,3.2,1.6,0.9,0.1,1.1,2.1,12.5,,https://cdn.nba.com/headshots/nba/latest/1040x760/1642377.png
178,178,149.0,Max Christie,22.0,DAL,SG,77.0,68.0,29.1,4.2,9.4,0.441,2.3,5.8,0.404,1.8,3.6,0.502,0.566,1.6,1.8,0.899,0.2,3.0,3.2,2.0,0.6,0.4,1.2,1.3,12.3,,https://cdn.nba.com/headshots/nba/latest/1040x760/1631108.png
179,179,150.0,Noah Clowney,21.0,BRK,PF,66.0,60.0,27.0,3.8,9.6,0.396,2.0,5.9,0.329,1.8,3.6,0.506,0.498,2.7,3.4,0.804,0.8,3.3,4.1,1.6,0.8,0.7,1.5,2.5,12.3,,https://cdn.nba.com/headshots/nba/latest/1040x760/1641730.png
180,180,151.0,De'Anthony Melton,27.0,GSW,PG,49.0,24.0,23.0,4.4,10.8,0.407,1.5,5.0,0.294,2.9,5.8,0.505,0.475,2.0,2.5,0.826,0.8,2.4,3.2,2.6,1.6,0.4,1.9,1.9,12.3,,https://cdn.nba.com/headshots/nba/latest/1040x760/1629001.png
181,181,152.0,Jonathan Kuminga,23.0,2TM,PF,36.0,14.0,23.1,4.4,9.4,0.463,1.0,2.9,0.333,3.4,6.5,0.521,0.515,2.5,3.4,0.724,1.4,4.3,5.6,2.3,0.6,0.3,1.9,1.5,12.2,,https://cdn.nba.com/headshots/nba/latest/1040x760/1630228.png
182,182,152.0,Jonathan Kuminga,23.0,GSW,PF,20.0,13.0,23.8,4.4,9.7,0.454,0.9,2.7,0.321,3.6,7.1,0.504,0.497,2.5,3.3,0.742,1.5,4.4,5.9,2.5,0.4,0.3,2.3,1.7,12.1,,https://cdn.nba.com/headshots/nba/latest/1040x760/1630228.png
183,183,152.0,Jonathan Kuminga,23.0,ATL,PF,16.0,1.0,22.1,4.3,9.1,0.476,1.1,3.3,0.346,3.2,5.8,0.548,0.538,2.5,3.6,0.702,1.3,4.1,5.3,2.1,0.9,0.3,1.3,1.4,12.3,,https://cdn.nba.com/headshots/nba/latest/1040x760/1630228.png
184,184,153.0,Donte DiVincenzo,29.0,MIN,SG,82.0,82.0,30.4,4.1,10.2,0.406,3.0,7.9,0.379,1.2,2.3,0.497,0.552,1.0,1.3,0.743,0.8,3.3,4.1,3.8,1.3,0.4,1.4,2.4,12.2,,https://cdn.nba.com/headshots/nba/latest/1040x760/1628978.png
185,185,154.0,Cameron Johnson,29.0,DEN,SF,54.0,54.0,30.5,4.2,8.8,0.48,2.0,4.7,0.43,2.2,4.1,0.539,0.596,1.7,2.1,0.839,0.8,3.0,3.8,2.4,0.7,0.4,0.9,2.3,12.2,,https://cdn.nba.com/headshots/nba/latest/1040x760/1629661.png
186,186,155.0,Tre Johnson,19.0,WAS,SG,60.0,42.0,24.1,4.5,10.8,0.419,1.9,5.4,0.358,2.6,5.4,0.479,0.508,1.3,1.5,0.874,0.5,2.4,2.8,2.0,0.6,0.3,1.6,2.0,12.2,,https://cdn.nba.com/headshots/nba/latest/1040x760/1642848.png
187,187,156.0,Duncan Robinson,31.0,DET,SG,77.0,77.0,27.4,4.1,9.1,0.456,2.9,7.0,0.41,1.3,2.1,0.605,0.613,1.1,1.4,0.755,0.4,2.3,2.7,2.1,0.6,0.3,0.7,2.2,12.2,,https://cdn.nba.com/headshots/nba/latest/1040x760/1629130.png
188,188,157.0,Donovan Clingan,21.0,POR,C,77.0,77.0,27.2,4.6,8.9,0.52,1.1,3.2,0.341,3.5,5.7,0.621,0.582,1.8,2.6,0.68,4.5,7.1,11.6,2.1,0.6,1.7,1.2,2.4,12.1,,https://cdn.nba.com/headshots/nba/latest/1040x760/1642270.png
189,189,158.0,Moses Moody,23.0,GSW,SG,60.0,49.0,25.7,4.1,9.3,0.44,2.5,6.3,0.401,1.6,3.0,0.522,0.575,1.5,1.9,0.77,0.9,2.5,3.3,1.6,1.0,0.6,1.0,2.0,12.1,,https://cdn.nba.com/headshots/nba/latest/1040x760/1630541.png
190,190,159.0,Christian Braun,24.0,DEN,SG,44.0,44.0,31.8,4.6,8.8,0.519,1.0,3.3,0.301,3.6,5.6,0.646,0.575,1.8,2.3,0.782,1.4,3.4,4.8,2.7,0.7,0.3,1.0,2.3,12.0,,https://cdn.nba.com/headshots/nba/latest/1040x760/1631128.png
191,191,160.0,Josh Hart,30.0,NYK,SF,66.0,52.0,30.2,4.6,9.0,0.508,1.5,3.7,0.413,3.0,5.3,0.574,0.593,1.4,1.9,0.72,1.4,6.0,7.4,4.8,1.1,0.3,1.9,2.5,12.0,,https://cdn.nba.com/headshots/nba/latest/1040x760/1628404.png
192,192,161.0,Miles McBride,25.0,NYK,SG,41.0,15.0,26.3,4.2,9.9,0.423,2.7,6.6,0.413,1.4,3.2,0.444,0.562,0.9,1.1,0.787,0.6,1.9,2.4,2.6,0.9,0.2,0.8,1.7,12.0,,https://cdn.nba.com/headshots/nba/latest/1040x760/1630540.png
193,193,162.0,Tristen Newton,24.0,HOU,SG,1.0,0.0,12.0,4.0,9.0,0.444,2.0,5.0,0.4,2.0,4.0,0.5,0.556,2.0,3.0,0.667,2.0,1.0,3.0,0.0,1.0,0.0,0.0,0.0,12.0,,https://cdn.nba.com/headshots/nba/latest/1040x760/1641803.png
194,194,163.0,Dyson Daniels,22.0,ATL,SG,76.0,76.0,33.2,5.3,10.2,0.517,0.3,1.5,0.188,5.0,8.7,0.576,0.532,1.0,1.6,0.615,2.4,4.4,6.8,5.9,2.0,0.4,1.8,2.2,11.9,"DPOY-9,DEF2",https://cdn.nba.com/headshots/nba/latest/1040x760/1630700.png
195,195,164.0,Blake Hinson,26.0,UTA,SF,14.0,3.0,20.4,4.2,8.2,0.513,2.6,5.6,0.468,1.6,2.6,0.611,0.674,0.9,1.1,0.75,0.8,1.6,2.4,1.1,0.4,0.1,0.4,1.7,11.9,,
196,196,165.0,Myles Turner,29.0,MIL,C,71.0,71.0,26.9,4.0,9.1,0.44,2.1,5.4,0.383,1.9,3.7,0.523,0.553,1.8,2.5,0.74,1.1,4.3,5.3,1.5,0.7,1.6,1.2,2.6,11.9,,https://cdn.nba.com/headshots/nba/latest/1040x760/1626167.png
197,197,166.0,Wendell Carter Jr.,26.0,ORL,C,78.0,78.0,29.3,4.2,8.2,0.512,0.9,2.9,0.319,3.3,5.3,0.618,0.568,2.5,3.2,0.792,2.1,5.3,7.4,2.0,0.8,0.6,1.3,3.4,11.8,,https://cdn.nba.com/headshots/nba/latest/1040x760/1628976.png
198,198,167.0,Dylan Harper,19.0,SAS,SG,69.0,4.0,22.6,4.8,9.5,0.505,0.9,2.6,0.343,3.9,6.9,0.565,0.551,1.3,1.7,0.756,0.8,2.6,3.4,3.9,0.8,0.3,1.4,2.0,11.8,"ROY-4,6MOY-11",https://cdn.nba.com/headshots/nba/latest/1040x760/1642844.png
199,199,168.0,Julian Reese,22.0,WAS,PF,13.0,10.0,30.9,4.8,9.2,0.529,0.0,0.0,,4.8,9.2,0.529,0.529,2.2,3.4,0.636,4.2,6.3,10.5,1.8,1.4,0.6,2.5,3.2,11.8,,
200,200,169.0,Nic Claxton,26.0,BRK,C,69.0,68.0,27.8,4.8,8.4,0.571,0.0,0.3,0.158,4.8,8.2,0.585,0.574,2.0,3.3,0.616,2.4,4.5,6.9,3.7,0.7,1.1,1.4,2.3,11.7,,https://cdn.nba.com/headshots/nba/latest/1040x760/1629651.png
201,201,170.0,Isaiah Collier,21.0,UTA,PG,59.0,19.0,25.7,4.3,8.7,0.495,0.5,1.7,0.27,3.9,7.0,0.549,0.521,2.6,3.5,0.722,0.4,2.2,2.5,7.2,1.1,0.3,2.5,2.3,11.7,,https://cdn.nba.com/headshots/nba/latest/1040x760/1642268.png
202,202,171.0,Bilal Coulibaly,21.0,WAS,SG,56.0,56.0,26.2,4.1,9.7,0.425,1.2,3.6,0.319,2.9,6.0,0.49,0.485,2.4,3.2,0.746,0.9,3.5,4.3,2.6,1.3,1.0,1.4,2.3,11.7,,https://cdn.nba.com/headshots/nba/latest/1040x760/1641731.png
203,203,172.0,Derik Queen,21.0,NOP,C,81.0,48.0,25.0,4.4,9.2,0.473,0.3,1.1,0.261,4.1,8.1,0.502,0.489,2.7,3.4,0.795,1.7,5.4,7.1,3.7,1.0,0.9,2.3,2.7,11.7,,https://cdn.nba.com/headshots/nba/latest/1040x760/1642852.png
204,204,173.0,Klay Thompson,35.0,DAL,SF,69.0,8.0,21.7,4.1,10.6,0.393,2.9,7.6,0.383,1.2,2.9,0.418,0.532,0.5,0.7,0.766,0.3,1.8,2.1,1.4,0.5,0.3,0.9,1.0,11.7,,https://cdn.nba.com/headshots/nba/latest/1040x760/202691.png
205,205,174.0,Mark Williams,24.0,PHO,C,60.0,55.0,23.6,4.7,7.3,0.644,0.0,0.0,1.0,4.7,7.3,0.643,0.645,2.3,2.9,0.771,3.1,4.9,8.0,1.0,0.9,0.9,1.1,2.2,11.7,,https://cdn.nba.com/headshots/nba/latest/1040x760/1631109.png
206,206,175.0,Obi Toppin,27.0,IND,PF,24.0,3.0,17.7,4.2,8.3,0.503,1.5,4.4,0.352,2.6,3.9,0.67,0.595,1.8,1.9,0.913,0.5,3.9,4.4,2.3,0.5,0.0,1.2,1.2,11.6,,https://cdn.nba.com/headshots/nba/latest/1040x760/1630167.png
207,207,176.0,Jarace Walker,22.0,IND,PF,76.0,41.0,25.7,4.0,9.6,0.419,1.8,4.7,0.374,2.3,5.0,0.462,0.51,1.8,2.4,0.749,0.6,4.5,5.1,2.5,0.8,0.3,1.8,1.6,11.6,,https://cdn.nba.com/headshots/nba/latest/1040x760/1641716.png
208,208,177.0,Rui Hachimura,27.0,LAL,PF,68.0,41.0,28.3,4.5,8.8,0.514,1.7,3.9,0.443,2.8,4.9,0.57,0.611,0.7,1.1,0.694,0.6,2.7,3.3,0.8,0.6,0.3,0.6,1.6,11.5,,https://cdn.nba.com/headshots/nba/latest/1040x760/1629060.png
209,209,178.0,Kyle Filipowski,22.0,UTA,C,77.0,41.0,23.4,4.2,8.5,0.492,1.0,3.0,0.325,3.2,5.6,0.58,0.548,2.1,2.8,0.75,1.9,5.3,7.2,2.6,0.9,0.5,1.6,3.0,11.4,,https://cdn.nba.com/headshots/nba/latest/1040x760/1642271.png
210,210,179.0,Pelle Larsson,24.0,MIA,SG,70.0,54.0,26.4,4.0,8.0,0.496,0.9,2.7,0.323,3.1,5.2,0.586,0.551,2.6,3.3,0.797,1.0,2.5,3.5,3.4,0.7,0.2,1.4,2.1,11.4,,https://cdn.nba.com/headshots/nba/latest/1040x760/1641796.png
211,211,180.0,Scotty Pippen Jr.,25.0,MEM,PG,10.0,6.0,21.2,4.3,9.6,0.448,1.0,3.2,0.313,3.3,6.4,0.516,0.5,1.8,2.3,0.783,0.8,1.4,2.2,4.7,1.9,0.4,2.7,3.1,11.4,,https://cdn.nba.com/headshots/nba/latest/1040x760/1630590.png
212,212,181.0,Sandro Mamukelashvili,26.0,TOR,C,80.0,13.0,21.9,4.1,7.9,0.523,1.4,3.7,0.389,2.7,4.2,0.642,0.614,1.5,2.0,0.747,1.4,3.6,4.9,1.9,0.8,0.5,0.8,1.8,11.2,6MOY-10,https://cdn.nba.com/headshots/nba/latest/1040x760/1630572.png
213,213,182.0,Max Strus,29.0,CLE,SF,12.0,5.0,24.0,3.9,8.8,0.443,2.8,6.8,0.402,1.2,2.0,0.583,0.599,0.6,0.8,0.778,0.8,4.7,5.4,2.0,0.3,0.0,0.8,2.8,11.2,,https://cdn.nba.com/headshots/nba/latest/1040x760/1629622.png
214,214,183.0,Julian Champagnie,24.0,SAS,SF,82.0,68.0,27.6,3.7,8.4,0.437,2.4,6.2,0.381,1.3,2.2,0.599,0.578,1.4,1.6,0.844,0.9,4.9,5.8,1.5,0.8,0.5,0.8,1.6,11.1,,https://cdn.nba.com/headshots/nba/latest/1040x760/1630577.png
215,215,184.0,Isaiah Joe,26.0,OKC,SG,71.0,9.0,21.2,3.5,7.6,0.455,2.5,6.0,0.423,0.9,1.6,0.574,0.622,1.5,1.7,0.894,0.5,2.1,2.5,1.3,0.7,0.2,0.6,1.7,11.1,,https://cdn.nba.com/headshots/nba/latest/1040x760/1630198.png
216,216,185.0,Cam Spencer,25.0,MEM,SG,72.0,20.0,23.8,3.7,7.7,0.473,2.0,4.5,0.449,1.6,3.2,0.506,0.604,1.8,1.9,0.94,0.6,2.0,2.5,5.6,0.7,0.2,1.3,1.4,11.1,,https://cdn.nba.com/headshots/nba/latest/1040x760/1642285.png
217,217,186.0,Kel'el Ware,21.0,MIA,C,77.0,34.0,22.1,4.5,8.4,0.53,1.2,3.0,0.395,3.3,5.4,0.606,0.601,0.9,1.2,0.74,2.8,6.2,9.0,0.7,0.8,1.1,0.8,1.5,11.1,,https://cdn.nba.com/headshots/nba/latest/1040x760/1642276.png
218,218,187.0,Alondes Williams,26.0,WAS,SG,4.0,0.0,25.3,4.0,6.5,0.615,1.3,3.5,0.357,2.8,3.0,0.917,0.712,1.8,2.0,0.875,1.3,5.0,6.3,3.0,0.8,0.8,1.3,1.0,11.0,,https://cdn.nba.com/headshots/nba/latest/1040x760/1631214.png
219,219,188.0,Rudy Gobert,33.0,MIN,C,76.0,76.0,31.3,4.4,6.5,0.682,0.0,0.1,0.0,4.4,6.4,0.689,0.682,2.1,4.0,0.526,3.9,7.5,11.5,1.7,0.8,1.6,1.4,2.6,10.9,"DPOY-4,DEF1",https://cdn.nba.com/headshots/nba/latest/1040x760/203497.png
220,220,189.0,Jusuf Nurkić,31.0,UTA,C,41.0,36.0,26.4,4.4,8.7,0.503,0.6,1.7,0.352,3.8,7.0,0.54,0.538,1.5,2.8,0.549,2.6,7.8,10.4,4.8,1.3,0.5,2.5,3.3,10.9,,https://cdn.nba.com/headshots/nba/latest/1040x760/203994.png
221,221,190.0,Dennis Schröder,32.0,2TM,PG,70.0,17.0,24.2,3.6,9.0,0.405,1.1,3.3,0.329,2.6,5.7,0.449,0.465,2.4,2.9,0.834,0.5,2.2,2.7,4.9,0.8,0.2,1.8,1.6,10.8,,https://cdn.nba.com/headshots/nba/latest/1040x760/203471.png
222,222,190.0,Dennis Schröder,32.0,SAC,PG,40.0,14.0,26.4,4.3,10.6,0.408,1.4,4.2,0.343,2.9,6.4,0.449,0.475,2.7,3.3,0.82,0.6,2.5,3.1,5.3,0.8,0.2,2.0,1.7,12.8,,https://cdn.nba.com/headshots/nba/latest/1040x760/203471.png
223,223,190.0,Dennis Schröder,32.0,CLE,PG,30.0,3.0,21.4,2.8,6.9,0.401,0.6,2.1,0.29,2.2,4.8,0.448,0.444,2.1,2.4,0.861,0.4,1.9,2.3,4.3,0.8,0.2,1.5,1.4,8.2,,https://cdn.nba.com/headshots/nba/latest/1040x760/203471.png
224,224,191.0,Tyler Burton,25.0,MEM,SF,12.0,0.0,25.6,3.5,9.3,0.375,1.8,5.5,0.333,1.7,3.8,0.435,0.473,1.9,2.3,0.852,0.7,3.5,4.2,1.0,0.9,0.3,0.9,2.6,10.8,,
225,225,192.0,Daeqwon Plowden,27.0,SAC,SG,32.0,7.0,26.4,3.8,8.7,0.43,1.9,5.8,0.333,1.8,2.9,0.624,0.541,1.3,1.5,0.857,1.0,2.0,3.0,1.3,0.7,0.2,0.8,2.4,10.8,,https://cdn.nba.com/headshots/nba/latest/1040x760/1631342.png
226,226,193.0,Bub Carrington,20.0,WAS,PG,82.0,48.0,27.7,3.8,9.0,0.424,2.1,5.0,0.408,1.8,4.0,0.443,0.538,1.0,1.4,0.73,0.4,3.0,3.4,4.6,0.6,0.2,2.3,2.2,10.7,,https://cdn.nba.com/headshots/nba/latest/1040x760/1642267.png
227,227,194.0,Jakob Poeltl,30.0,TOR,C,46.0,44.0,25.0,4.7,6.7,0.7,0.0,0.0,,4.7,6.7,0.7,0.7,1.3,2.1,0.602,2.5,4.5,7.0,2.0,0.9,0.7,1.2,3.2,10.7,,https://cdn.nba.com/headshots/nba/latest/1040x760/1627751.png
228,228,195.0,Jock Landale,30.0,2TM,C,68.0,27.0,22.1,4.1,8.1,0.515,1.1,2.8,0.383,3.1,5.2,0.586,0.582,1.2,1.9,0.635,2.7,3.0,5.7,1.7,0.5,0.5,0.9,2.2,10.6,,https://cdn.nba.com/headshots/nba/latest/1040x760/1629111.png
229,229,195.0,Jock Landale,30.0,MEM,C,45.0,25.0,23.6,4.4,8.6,0.514,1.1,2.9,0.38,3.4,5.8,0.581,0.577,1.3,2.0,0.674,3.1,3.4,6.5,1.7,0.6,0.5,1.0,2.3,11.3,,https://cdn.nba.com/headshots/nba/latest/1040x760/1629111.png
230,230,195.0,Jock Landale,30.0,ATL,C,23.0,2.0,19.4,3.6,6.9,0.516,1.1,2.8,0.391,2.5,4.1,0.6,0.594,0.9,1.6,0.541,1.8,2.3,4.1,1.7,0.4,0.6,0.6,2.1,9.1,,https://cdn.nba.com/headshots/nba/latest/1040x760/1629111.png
231,231,196.0,Marvin Bagley III,26.0,2TM,PF,60.0,12.0,20.0,4.2,6.9,0.618,0.4,0.9,0.462,3.8,6.0,0.641,0.647,1.6,2.4,0.66,2.5,3.6,6.1,1.4,0.5,0.7,1.0,2.1,10.5,,https://cdn.nba.com/headshots/nba/latest/1040x760/1628963.png
232,232,196.0,Marvin Bagley III,26.0,WAS,PF,38.0,8.0,19.2,4.1,6.5,0.626,0.2,0.5,0.421,3.8,6.0,0.643,0.642,1.8,2.6,0.711,2.6,3.1,5.7,1.5,0.5,0.7,1.2,2.1,10.1,,https://cdn.nba.com/headshots/nba/latest/1040x760/1628963.png
233,233,196.0,Marvin Bagley III,26.0,DAL,PF,22.0,4.0,21.4,4.5,7.5,0.606,0.7,1.5,0.485,3.8,6.0,0.636,0.655,1.2,2.1,0.553,2.4,4.4,6.8,1.3,0.4,0.7,0.8,2.0,11.0,,https://cdn.nba.com/headshots/nba/latest/1040x760/1628963.png
234,234,197.0,Tari Eason,24.0,HOU,PF,60.0,34.0,25.8,4.0,9.7,0.416,1.6,4.3,0.358,2.5,5.3,0.463,0.496,0.9,1.1,0.776,2.1,4.2,6.3,1.5,1.2,0.5,1.4,2.3,10.5,,https://cdn.nba.com/headshots/nba/latest/1040x760/1631106.png
235,235,198.0,Adama-Alpha Bal,22.0,MEM,SG,8.0,1.0,30.1,3.5,8.5,0.412,2.3,5.5,0.409,1.3,3.0,0.417,0.544,1.1,1.3,0.9,0.8,2.4,3.1,2.4,1.1,0.1,0.8,3.4,10.4,,
236,236,199.0,A.J. Green,26.0,MIL,SG,78.0,68.0,29.1,3.4,7.9,0.424,3.0,7.1,0.419,0.4,0.8,0.469,0.612,0.7,0.8,0.855,0.4,2.4,2.7,1.9,0.5,0.1,1.0,2.3,10.4,,
237,237,200.0,Caleb Love,24.0,POR,SG,49.0,1.0,20.7,3.9,10.0,0.388,1.9,6.0,0.318,2.0,4.0,0.49,0.483,0.7,1.0,0.735,0.5,1.8,2.3,2.5,0.6,0.1,1.3,1.0,10.4,,https://cdn.nba.com/headshots/nba/latest/1040x760/1631126.png
238,238,201.0,Lucas Williamson,27.0,MEM,SG,7.0,2.0,32.0,3.6,10.7,0.333,2.1,7.6,0.283,1.4,3.1,0.455,0.433,1.1,1.1,1.0,1.6,3.9,5.4,2.6,1.6,0.1,1.4,3.7,10.4,,
239,239,202.0,Egor Dёmin,19.0,BRK,PG,52.0,45.0,25.2,3.4,8.6,0.399,2.4,6.2,0.385,1.1,2.4,0.433,0.537,1.0,1.3,0.831,0.4,2.8,3.2,3.3,0.8,0.3,1.7,1.8,10.3,,
240,240,203.0,DaQuan Jeffries,28.0,SAC,SG,3.0,0.0,20.0,3.7,6.3,0.579,1.3,3.0,0.444,2.3,3.3,0.7,0.684,1.7,1.7,1.0,1.0,0.7,1.7,0.3,0.7,0.0,0.0,3.0,10.3,,https://cdn.nba.com/headshots/nba/latest/1040x760/1629610.png
241,241,204.0,Will Riley,19.0,WAS,SF,74.0,18.0,22.1,3.7,8.4,0.439,1.1,3.3,0.316,2.6,5.0,0.52,0.502,1.9,2.4,0.8,0.8,2.1,2.9,2.0,0.7,0.1,1.3,1.2,10.3,,https://cdn.nba.com/headshots/nba/latest/1040x760/1642860.png
242,242,205.0,Khris Middleton,34.0,2TM,SF,63.0,50.0,22.8,3.6,8.6,0.42,1.1,3.0,0.36,2.5,5.6,0.452,0.482,1.9,2.2,0.875,0.8,2.9,3.7,2.8,0.7,0.1,1.7,2.3,10.2,,https://cdn.nba.com/headshots/nba/latest/1040x760/203114.png
243,243,205.0,Khris Middleton,34.0,WAS,SF,34.0,34.0,24.3,3.8,8.8,0.433,1.0,2.9,0.333,2.9,5.9,0.483,0.488,1.7,2.0,0.841,0.9,3.1,3.9,3.3,0.8,0.3,1.7,2.5,10.3,,https://cdn.nba.com/headshots/nba/latest/1040x760/203114.png
244,244,205.0,Khris Middleton,34.0,DAL,SF,29.0,16.0,21.1,3.3,8.3,0.404,1.2,3.0,0.391,2.2,5.3,0.412,0.475,2.1,2.3,0.91,0.7,2.6,3.3,2.2,0.5,0.0,1.8,2.0,10.0,,https://cdn.nba.com/headshots/nba/latest/1040x760/203114.png
245,245,206.0,Neemias Queta,26.0,BOS,C,76.0,75.0,25.3,4.3,6.6,0.653,0.0,0.1,0.125,4.3,6.5,0.662,0.654,1.6,2.3,0.703,3.0,5.3,8.4,1.7,0.8,1.3,1.0,2.8,10.2,,https://cdn.nba.com/headshots/nba/latest/1040x760/1629674.png
246,246,207.0,D'Angelo Russell,29.0,DAL,PG,26.0,3.0,19.0,3.6,8.9,0.405,1.3,4.3,0.295,2.3,4.6,0.508,0.476,1.7,2.3,0.717,0.3,2.0,2.3,4.0,0.5,0.1,1.9,1.2,10.2,,https://cdn.nba.com/headshots/nba/latest/1040x760/1626156.png
247,247,208.0,Jalen Smith,25.0,CHI,C,53.0,21.0,20.7,3.7,7.6,0.483,1.5,4.2,0.373,2.1,3.5,0.614,0.584,1.3,1.8,0.742,1.8,4.8,6.7,1.2,0.5,0.8,1.0,2.1,10.2,,https://cdn.nba.com/headshots/nba/latest/1040x760/1630188.png
248,248,209.0,Ziaire Williams,24.0,BRK,SF,56.0,13.0,22.9,3.3,7.7,0.425,1.5,4.5,0.343,1.8,3.3,0.538,0.524,2.1,2.5,0.85,0.5,1.9,2.4,1.1,1.4,0.4,1.1,2.1,10.2,,https://cdn.nba.com/headshots/nba/latest/1040x760/1630533.png
249,249,210.0,Precious Achiuwa,26.0,SAC,C,73.0,57.0,23.9,4.3,8.2,0.528,0.4,1.3,0.278,4.0,6.9,0.577,0.551,1.1,1.9,0.554,2.4,4.3,6.7,1.4,0.9,0.7,0.9,1.7,10.1,,https://cdn.nba.com/headshots/nba/latest/1040x760/1630173.png
250,250,211.0,Derrick Jones Jr.,28.0,LAC,SF,50.0,45.0,27.0,3.8,7.6,0.499,1.1,3.1,0.359,2.7,4.5,0.593,0.571,1.4,1.9,0.763,1.2,2.2,3.5,1.4,0.9,1.0,0.8,2.1,10.1,,https://cdn.nba.com/headshots/nba/latest/1040x760/1627884.png
251,251,212.0,Kevin Huerter,27.0,2TM,SF,69.0,14.0,22.4,3.9,8.6,0.451,1.4,4.7,0.308,2.4,3.9,0.624,0.535,0.8,1.0,0.775,0.5,3.0,3.5,2.6,0.9,0.5,1.0,1.7,10.0,,https://cdn.nba.com/headshots/nba/latest/1040x760/1628989.png
252,252,212.0,Kevin Huerter,27.0,CHI,SF,44.0,11.0,23.6,4.2,9.2,0.455,1.6,5.1,0.314,2.6,4.1,0.63,0.542,0.9,1.3,0.732,0.5,3.3,3.8,2.6,0.8,0.6,1.1,1.9,10.9,,https://cdn.nba.com/headshots/nba/latest/1040x760/1628989.png
253,253,212.0,Kevin Huerter,27.0,DET,SG,25.0,3.0,20.5,3.4,7.7,0.443,1.2,4.1,0.294,2.2,3.6,0.611,0.521,0.6,0.6,0.933,0.4,2.4,2.8,2.5,1.1,0.3,0.9,1.2,8.6,,https://cdn.nba.com/headshots/nba/latest/1040x760/1628989.png
254,254,213.0,Jordan Miller,26.0,LAC,SF,60.0,1.0,22.1,3.5,6.7,0.531,0.6,1.8,0.345,2.9,4.8,0.602,0.579,2.3,2.9,0.777,0.8,2.2,3.0,2.3,0.8,0.2,1.1,1.0,10.0,,https://cdn.nba.com/headshots/nba/latest/1040x760/1641757.png
255,255,214.0,Toby Okani,24.0,MEM,SG,6.0,4.0,36.2,4.2,11.7,0.357,1.5,5.2,0.29,2.7,6.5,0.41,0.421,0.2,1.3,0.125,1.5,2.0,3.5,1.0,0.7,0.5,0.5,3.3,10.0,,
256,256,215.0,Olivier-Maxence Prosper,23.0,MEM,PF,53.0,24.0,18.6,3.6,6.6,0.549,1.1,2.8,0.405,2.5,3.8,0.653,0.634,1.6,2.2,0.754,1.1,2.4,3.5,1.0,0.8,0.2,0.9,1.6,10.0,,https://cdn.nba.com/headshots/nba/latest/1040x760/1641765.png
257,257,216.0,Isaiah Stewart,24.0,DET,C,58.0,13.0,22.7,3.8,6.9,0.55,0.7,2.1,0.333,3.1,4.9,0.642,0.6,1.7,2.3,0.756,1.7,3.3,5.0,1.1,0.3,1.6,1.2,2.9,10.0,6MOY-7,https://cdn.nba.com/headshots/nba/latest/1040x760/1630191.png
258,258,217.0,Harrison Barnes,33.0,SAS,PF,77.0,52.0,25.8,3.4,7.5,0.456,1.8,4.6,0.388,1.6,2.8,0.567,0.577,1.3,1.6,0.829,0.8,2.0,2.8,1.9,0.6,0.2,0.8,1.1,9.9,,https://cdn.nba.com/headshots/nba/latest/1040x760/203084.png
259,259,218.0,Tristan Da Silva,24.0,ORL,SF,77.0,34.0,24.7,3.6,8.1,0.45,1.6,4.2,0.374,2.1,3.9,0.532,0.547,1.1,1.2,0.884,0.8,2.9,3.7,1.6,0.9,0.3,0.9,1.5,9.9,,https://cdn.nba.com/headshots/nba/latest/1040x760/1641783.png
260,260,219.0,Ausar Thompson,23.0,DET,SF,73.0,72.0,26.0,4.2,7.9,0.525,0.1,0.3,0.25,4.1,7.6,0.537,0.53,1.5,2.6,0.571,2.1,3.7,5.7,3.1,2.0,0.9,1.5,2.7,9.9,"DPOY-3,DEF1",https://cdn.nba.com/headshots/nba/latest/1040x760/1641709.png
261,261,220.0,Royce O'Neale,32.0,PHO,SF,78.0,67.0,28.4,3.4,8.0,0.421,2.7,6.7,0.408,0.7,1.3,0.486,0.59,0.3,0.5,0.711,0.8,4.0,4.8,2.7,1.1,0.4,1.3,2.3,9.8,,https://cdn.nba.com/headshots/nba/latest/1040x760/1626220.png
262,262,221.0,Zach Collins,28.0,CHI,C,10.0,0.0,18.4,3.7,6.4,0.578,0.9,2.1,0.429,2.8,4.3,0.651,0.648,1.4,2.0,0.7,1.6,4.0,5.6,1.5,0.2,0.4,1.0,1.8,9.7,,https://cdn.nba.com/headshots/nba/latest/1040x760/1628380.png
263,263,222.0,Micah Potter,27.0,IND,C,47.0,7.0,19.3,3.2,6.2,0.515,1.5,3.6,0.423,1.7,2.7,0.64,0.637,1.8,2.1,0.842,1.2,3.7,5.0,1.5,0.5,0.3,1.0,1.7,9.7,,https://cdn.nba.com/headshots/nba/latest/1040x760/1630695.png
264,264,223.0,Javon Small,23.0,MEM,PG,41.0,12.0,20.2,3.3,7.0,0.465,1.5,3.5,0.423,1.8,3.6,0.507,0.569,1.7,2.0,0.829,0.9,2.2,3.1,3.7,0.8,0.2,1.4,1.6,9.7,,https://cdn.nba.com/headshots/nba/latest/1040x760/1642914.png
265,265,224.0,Zaccharie Risacher,20.0,ATL,SF,67.0,46.0,22.4,3.6,8.0,0.455,1.4,3.9,0.368,2.2,4.1,0.536,0.544,0.9,1.3,0.644,1.1,2.8,3.8,1.1,0.9,0.5,0.9,2.2,9.6,,https://cdn.nba.com/headshots/nba/latest/1040x760/1642258.png
266,266,225.0,Daniel Gafford,27.0,DAL,C,55.0,44.0,21.7,3.8,5.7,0.655,0.0,0.0,,3.8,5.7,0.655,0.655,2.0,2.9,0.683,2.5,4.4,6.9,1.1,0.8,1.3,1.1,2.6,9.5,,https://cdn.nba.com/headshots/nba/latest/1040x760/1629655.png
267,267,226.0,Jay Huff,27.0,IND,C,82.0,47.0,21.0,3.5,7.5,0.476,1.5,4.5,0.319,2.1,2.9,0.723,0.574,1.0,1.2,0.828,0.9,3.1,4.0,1.5,0.5,1.9,0.9,2.4,9.5,,https://cdn.nba.com/headshots/nba/latest/1040x760/1630643.png
268,268,227.0,T.J. McConnell,33.0,IND,PG,56.0,4.0,17.2,4.3,8.0,0.538,0.3,0.9,0.32,4.0,7.1,0.565,0.556,0.4,0.5,0.862,0.4,1.8,2.2,5.1,1.0,0.2,1.1,1.1,9.4,,https://cdn.nba.com/headshots/nba/latest/1040x760/204456.png
269,269,228.0,Svi Mykhailiuk,28.0,UTA,SF,50.0,41.0,23.1,3.5,7.2,0.478,2.0,4.8,0.408,1.5,2.4,0.615,0.613,0.5,0.6,0.893,0.7,1.8,2.5,1.9,0.5,0.1,0.8,1.3,9.4,,https://cdn.nba.com/headshots/nba/latest/1040x760/1629004.png
270,270,229.0,Aaron Wiggins,27.0,OKC,SG,65.0,21.0,21.8,3.6,8.2,0.431,1.5,4.2,0.356,2.1,4.1,0.508,0.521,0.8,1.1,0.736,0.6,2.4,3.1,1.7,0.9,0.4,1.2,1.3,9.4,,https://cdn.nba.com/headshots/nba/latest/1040x760/1630598.png
271,271,230.0,Daniss Jenkins,24.0,DET,PG,72.0,19.0,20.2,3.2,7.9,0.408,1.0,2.7,0.374,2.2,5.2,0.426,0.473,1.9,2.2,0.832,0.7,1.6,2.3,3.9,0.9,0.2,1.6,1.5,9.3,,https://cdn.nba.com/headshots/nba/latest/1040x760/1642450.png
272,272,231.0,Davion Mitchell,27.0,MIA,PG,70.0,70.0,28.6,3.7,7.6,0.49,1.3,3.3,0.395,2.4,4.4,0.561,0.574,0.6,0.9,0.646,0.5,2.2,2.7,6.5,1.0,0.2,1.5,2.6,9.3,,https://cdn.nba.com/headshots/nba/latest/1040x760/1630558.png
273,273,232.0,Isaac Okoro,25.0,CHI,SG,63.0,62.0,26.9,3.3,7.3,0.46,1.2,3.5,0.33,2.2,3.8,0.58,0.539,1.4,1.8,0.795,1.1,1.7,2.7,1.6,0.7,0.5,0.7,2.6,9.3,,https://cdn.nba.com/headshots/nba/latest/1040x760/1630171.png
274,274,233.0,Landry Shamet,28.0,NYK,SG,51.0,12.0,23.0,3.1,7.1,0.437,2.0,5.2,0.392,1.1,2.0,0.554,0.578,1.1,1.5,0.711,0.5,1.4,1.8,1.4,0.6,0.2,0.6,1.5,9.3,,https://cdn.nba.com/headshots/nba/latest/1040x760/1629013.png
275,275,234.0,Marcus Smart,31.0,LAL,SG,62.0,54.0,28.5,3.0,7.7,0.395,1.6,4.7,0.331,1.5,3.0,0.497,0.497,1.7,2.1,0.822,0.6,2.2,2.8,3.0,1.4,0.4,1.5,2.6,9.3,,https://cdn.nba.com/headshots/nba/latest/1040x760/203935.png
276,276,235.0,Jaden Hardy,23.0,2TM,SG,57.0,4.0,15.8,3.2,7.5,0.424,1.8,4.6,0.397,1.4,2.9,0.467,0.545,1.0,1.3,0.733,0.3,1.2,1.5,1.0,0.3,0.1,1.1,1.6,9.2,,https://cdn.nba.com/headshots/nba/latest/1040x760/1630702.png
277,277,235.0,Jaden Hardy,23.0,DAL,SG,34.0,4.0,12.6,2.3,5.7,0.402,1.4,3.6,0.371,0.9,2.1,0.457,0.521,0.9,1.2,0.775,0.3,1.1,1.4,0.9,0.3,0.1,0.8,1.1,6.9,,https://cdn.nba.com/headshots/nba/latest/1040x760/1630702.png
278,278,235.0,Jaden Hardy,23.0,WAS,SG,23.0,0.0,20.4,4.5,10.2,0.443,2.5,6.0,0.42,2.0,4.2,0.474,0.566,1.0,1.5,0.686,0.2,1.5,1.7,1.3,0.3,0.2,1.5,2.2,12.6,,https://cdn.nba.com/headshots/nba/latest/1040x760/1630702.png
279,279,236.0,Isaiah Hartenstein,27.0,OKC,C,47.0,46.0,24.2,3.9,6.3,0.622,0.0,0.1,0.0,3.9,6.1,0.637,0.622,1.4,2.2,0.61,3.2,6.3,9.4,3.5,1.0,0.8,1.7,2.5,9.2,,https://cdn.nba.com/headshots/nba/latest/1040x760/1628392.png
280,280,237.0,Sam Hauser,28.0,BOS,PF,78.0,49.0,24.8,3.2,7.7,0.419,2.5,6.5,0.393,0.7,1.2,0.557,0.584,0.2,0.3,0.85,0.7,3.1,3.8,1.5,0.5,0.3,0.4,1.4,9.2,,https://cdn.nba.com/headshots/nba/latest/1040x760/1630573.png
281,281,238.0,Corey Kispert,26.0,2TM,SF,58.0,10.0,18.6,3.2,6.8,0.467,1.5,4.1,0.367,1.7,2.7,0.618,0.577,1.3,1.7,0.794,0.5,1.8,2.3,1.6,0.3,0.2,0.8,1.0,9.2,,https://cdn.nba.com/headshots/nba/latest/1040x760/1630557.png
282,282,238.0,Corey Kispert,26.0,WAS,SF,19.0,2.0,19.5,3.1,6.3,0.496,1.6,4.0,0.395,1.5,2.3,0.674,0.622,1.4,1.8,0.765,0.3,2.0,2.3,1.7,0.4,0.2,0.7,1.1,9.2,,https://cdn.nba.com/headshots/nba/latest/1040x760/1630557.png
283,283,238.0,Corey Kispert,26.0,ATL,SF,39.0,8.0,18.2,3.2,7.1,0.455,1.5,4.1,0.354,1.7,2.9,0.596,0.558,1.3,1.6,0.81,0.5,1.7,2.3,1.5,0.2,0.2,0.8,1.0,9.2,,https://cdn.nba.com/headshots/nba/latest/1040x760/1630557.png
284,284,239.0,Taurean Prince,31.0,MIL,SF,26.0,7.0,23.5,3.3,7.3,0.45,2.3,5.4,0.436,1.0,2.0,0.49,0.61,0.2,0.2,1.0,0.2,3.0,3.1,1.8,0.6,0.2,1.2,1.8,9.2,,https://cdn.nba.com/headshots/nba/latest/1040x760/1627752.png
285,285,240.0,Gui Santos,23.0,GSW,PF,68.0,30.0,20.5,3.4,6.8,0.5,1.1,3.3,0.351,2.2,3.5,0.639,0.585,1.3,1.8,0.725,1.1,2.8,3.9,2.3,0.9,0.3,1.5,2.1,9.2,,https://cdn.nba.com/headshots/nba/latest/1040x760/1630611.png
286,286,241.0,Cam Whitmore,21.0,WAS,SF,21.0,0.0,16.9,3.7,8.0,0.456,0.8,2.7,0.286,2.9,5.4,0.54,0.503,1.1,1.5,0.742,0.9,1.9,2.8,0.7,0.7,0.4,0.9,1.2,9.2,,https://cdn.nba.com/headshots/nba/latest/1040x760/1641715.png
287,287,242.0,Quenton Jackson,27.0,IND,PG,49.0,19.0,18.3,3.1,6.7,0.47,0.9,2.4,0.356,2.3,4.3,0.533,0.534,2.0,2.4,0.824,0.6,1.8,2.3,2.9,0.6,0.1,1.3,1.7,9.1,,https://cdn.nba.com/headshots/nba/latest/1040x760/1631245.png
288,288,243.0,Tristan Vukcevic,22.0,WAS,C,49.0,12.0,13.7,3.1,6.5,0.479,1.0,2.9,0.347,2.1,3.5,0.59,0.558,1.8,2.3,0.784,0.7,2.3,3.0,1.1,0.5,0.7,1.3,1.7,9.0,,https://cdn.nba.com/headshots/nba/latest/1040x760/1641774.png
289,289,244.0,Devin Carter,23.0,SAC,PG,38.0,12.0,18.4,3.2,7.7,0.414,0.8,3.0,0.263,2.4,4.7,0.511,0.466,1.8,2.5,0.713,0.9,2.3,3.3,2.7,0.9,0.2,1.4,1.3,8.9,,https://cdn.nba.com/headshots/nba/latest/1040x760/1642269.png
290,290,245.0,Herbert Jones,27.0,NOP,SF,56.0,56.0,28.4,3.3,8.5,0.383,1.4,4.6,0.309,1.8,3.9,0.47,0.467,0.9,1.1,0.806,0.8,2.6,3.4,2.8,1.6,0.5,1.3,3.2,8.9,,https://cdn.nba.com/headshots/nba/latest/1040x760/1630529.png
291,291,246.0,Nolan Traoré,19.0,BRK,PG,56.0,31.0,22.2,3.3,8.6,0.38,1.1,3.4,0.318,2.2,5.1,0.422,0.444,1.3,1.7,0.787,0.3,1.5,1.8,3.8,0.8,0.4,2.3,2.1,8.9,,https://cdn.nba.com/headshots/nba/latest/1040x760/1642849.png
292,292,247.0,Danny Wolf,21.0,BRK,PF,57.0,15.0,20.8,3.1,7.7,0.405,1.2,3.7,0.322,1.9,4.0,0.48,0.482,1.5,1.9,0.771,1.0,3.9,4.9,2.2,0.5,0.6,1.3,2.2,8.9,,https://cdn.nba.com/headshots/nba/latest/1040x760/1642874.png
293,293,248.0,John Poulakidas,22.0,DAL,SG,13.0,0.0,19.5,3.0,7.0,0.429,2.4,5.9,0.403,0.6,1.1,0.571,0.599,0.5,0.5,0.857,0.3,2.0,2.3,0.8,0.5,0.3,0.3,2.2,8.8,,
294,294,249.0,Payton Sandfort,23.0,OKC,SF,4.0,0.0,15.8,3.3,6.5,0.5,1.8,4.3,0.412,1.5,2.3,0.667,0.635,0.5,1.0,0.5,0.3,2.3,2.5,0.0,0.3,0.0,0.3,2.0,8.8,,
295,295,250.0,Cody Williams,21.0,UTA,SG,67.0,41.0,24.3,3.6,7.6,0.468,0.4,2.0,0.214,3.1,5.6,0.556,0.495,1.3,1.8,0.706,0.9,2.0,3.0,2.0,0.8,0.4,1.1,1.8,8.8,,https://cdn.nba.com/headshots/nba/latest/1040x760/1642262.png
296,296,251.0,Justin Champagnie,24.0,WAS,SF,69.0,19.0,20.0,3.4,6.7,0.502,0.8,2.4,0.319,2.6,4.3,0.605,0.56,1.2,1.5,0.784,2.1,3.5,5.6,1.2,0.9,0.6,0.7,1.7,8.7,,https://cdn.nba.com/headshots/nba/latest/1040x760/1630551.png
297,297,252.0,Jordan Goodwin,27.0,PHO,PG,70.0,10.0,22.5,3.3,7.9,0.413,1.6,4.3,0.371,1.7,3.6,0.462,0.514,0.6,0.8,0.696,2.0,2.9,4.9,2.2,1.5,0.2,1.0,1.9,8.7,,https://cdn.nba.com/headshots/nba/latest/1040x760/1630692.png
298,298,253.0,Day'Ron Sharpe,24.0,BRK,C,62.0,7.0,18.7,3.5,5.7,0.601,0.1,0.6,0.231,3.3,5.1,0.647,0.614,1.7,2.5,0.678,2.8,3.9,6.7,2.3,1.1,0.4,1.7,2.4,8.7,,https://cdn.nba.com/headshots/nba/latest/1040x760/1630549.png
299,299,254.0,Jonas Valančiūnas,33.0,DEN,C,65.0,6.0,13.4,3.5,6.0,0.582,0.1,0.4,0.308,3.4,5.6,0.602,0.592,1.6,2.1,0.772,1.6,3.4,5.1,1.2,0.2,0.6,1.1,2.0,8.7,,https://cdn.nba.com/headshots/nba/latest/1040x760/202685.png
300,300,255.0,Jordan Clarkson,33.0,NYK,SG,72.0,1.0,17.8,3.3,7.3,0.451,1.0,3.0,0.327,2.3,4.3,0.535,0.517,1.1,1.3,0.83,0.9,0.9,1.8,1.3,0.4,0.1,0.9,1.7,8.6,,https://cdn.nba.com/headshots/nba/latest/1040x760/203903.png
301,301,256.0,Nique Clifford,23.0,SAC,SG,75.0,28.0,25.1,3.3,7.9,0.418,1.0,3.1,0.333,2.3,4.9,0.471,0.482,0.9,1.3,0.722,0.9,2.9,3.8,2.4,0.9,0.3,1.5,2.1,8.6,,https://cdn.nba.com/headshots/nba/latest/1040x760/1642363.png
302,302,257.0,Cason Wallace,22.0,OKC,SG,77.0,58.0,26.6,3.3,7.6,0.432,1.3,3.7,0.351,2.0,3.8,0.51,0.518,0.7,0.9,0.809,0.8,2.3,3.1,2.6,1.9,0.4,0.9,2.0,8.6,"DPOY-7,DEF2",https://cdn.nba.com/headshots/nba/latest/1040x760/1641717.png
303,303,258.0,Jaden Ivey,23.0,2TM,SG,37.0,5.0,18.1,3.1,6.9,0.445,1.4,3.6,0.373,1.7,3.3,0.525,0.543,1.0,1.3,0.809,0.6,1.8,2.5,1.8,0.6,0.4,1.1,1.4,8.5,,https://cdn.nba.com/headshots/nba/latest/1040x760/1631093.png
304,304,258.0,Jaden Ivey,23.0,DET,SG,33.0,2.0,16.8,3.0,6.7,0.45,1.3,3.4,0.372,1.7,3.2,0.533,0.545,0.9,1.2,0.789,0.6,1.6,2.2,1.6,0.5,0.4,1.1,1.3,8.2,,https://cdn.nba.com/headshots/nba/latest/1040x760/1631093.png
305,305,258.0,Jaden Ivey,23.0,CHI,SG,4.0,3.0,28.8,3.8,9.0,0.417,2.0,5.3,0.381,1.8,3.8,0.467,0.528,2.0,2.3,0.889,1.3,3.5,4.8,4.0,2.0,0.5,1.5,2.3,11.5,,https://cdn.nba.com/headshots/nba/latest/1040x760/1631093.png
306,306,259.0,Vít Krejčí,25.0,2TM,PG,65.0,8.0,21.4,3.0,6.6,0.448,2.0,5.0,0.39,1.0,1.6,0.634,0.597,0.6,0.8,0.745,0.5,1.8,2.3,1.5,0.7,0.3,0.6,2.1,8.5,,https://cdn.nba.com/headshots/nba/latest/1040x760/1630249.png
307,307,259.0,Vít Krejčí,25.0,ATL,PG,46.0,8.0,22.3,3.1,6.7,0.464,2.2,5.2,0.423,0.9,1.5,0.609,0.628,0.6,0.8,0.75,0.4,1.7,2.1,1.5,0.8,0.3,0.7,2.3,9.0,,https://cdn.nba.com/headshots/nba/latest/1040x760/1630249.png
308,308,259.0,Vít Krejčí,25.0,POR,PG,19.0,0.0,19.2,2.6,6.4,0.405,1.4,4.7,0.303,1.2,1.7,0.688,0.517,0.6,0.8,0.733,0.6,2.1,2.7,1.7,0.5,0.3,0.6,1.6,7.2,,https://cdn.nba.com/headshots/nba/latest/1040x760/1630249.png
309,309,260.0,Simone Fontecchio,30.0,MIA,SF,70.0,9.0,16.8,2.8,6.7,0.412,1.8,4.7,0.375,1.0,2.0,0.497,0.542,1.2,1.5,0.843,0.8,2.2,3.0,1.4,0.5,0.1,0.7,1.5,8.5,,https://cdn.nba.com/headshots/nba/latest/1040x760/1631323.png
310,310,261.0,Bones Hyland,25.0,MIN,PG,71.0,3.0,16.6,3.0,6.6,0.453,1.6,4.2,0.388,1.4,2.4,0.568,0.577,0.9,1.2,0.78,0.3,1.5,1.8,2.6,0.6,0.2,1.0,1.7,8.5,,https://cdn.nba.com/headshots/nba/latest/1040x760/1630538.png
311,311,262.0,Brook Lopez,37.0,LAC,C,75.0,40.0,21.8,3.1,7.2,0.428,1.5,4.2,0.36,1.6,3.0,0.524,0.533,0.7,1.0,0.757,0.6,3.0,3.6,1.3,0.6,1.2,0.8,2.1,8.5,,https://cdn.nba.com/headshots/nba/latest/1040x760/201572.png
312,312,263.0,Collin Murray-Boyles,20.0,TOR,PF,57.0,22.0,21.9,3.5,6.0,0.579,0.3,0.9,0.34,3.2,5.1,0.62,0.604,1.2,1.9,0.657,2.3,2.7,5.0,1.9,0.9,0.9,1.0,2.6,8.5,,https://cdn.nba.com/headshots/nba/latest/1040x760/1642867.png
313,313,264.0,Luke Kennard,29.0,2TM,SG,78.0,6.0,21.6,3.0,5.7,0.533,1.5,3.1,0.478,1.5,2.5,0.601,0.665,0.8,0.9,0.913,0.4,1.9,2.3,2.2,0.7,0.1,0.8,1.3,8.4,,https://cdn.nba.com/headshots/nba/latest/1040x760/1628379.png
314,314,264.0,Luke Kennard,29.0,ATL,SG,46.0,0.0,20.5,2.8,5.2,0.538,1.6,3.2,0.497,1.2,2.0,0.604,0.692,0.7,0.8,0.914,0.4,1.7,2.2,2.1,0.7,0.1,0.7,1.2,7.9,,https://cdn.nba.com/headshots/nba/latest/1040x760/1628379.png
315,315,264.0,Luke Kennard,29.0,LAL,SG,32.0,6.0,23.0,3.3,6.3,0.527,1.3,3.0,0.448,2.0,3.3,0.598,0.633,1.0,1.1,0.912,0.4,2.2,2.6,2.4,0.7,0.1,0.9,1.5,9.0,,https://cdn.nba.com/headshots/nba/latest/1040x760/1628379.png
316,316,265.0,Kentavious Caldwell-Pope,32.0,MEM,SG,51.0,14.0,21.3,2.9,7.2,0.41,1.1,3.4,0.316,1.9,3.8,0.495,0.485,1.4,1.6,0.913,0.4,2.1,2.5,2.7,0.8,0.2,1.2,1.1,8.4,,https://cdn.nba.com/headshots/nba/latest/1040x760/203484.png
317,317,266.0,Draymond Green,35.0,GSW,PF,68.0,68.0,27.5,3.0,7.2,0.418,1.5,4.6,0.326,1.5,2.7,0.575,0.52,0.9,1.2,0.702,0.8,4.7,5.5,5.5,0.9,0.6,2.7,2.9,8.4,DPOY-11,https://cdn.nba.com/headshots/nba/latest/1040x760/203110.png
318,318,267.0,Jared McCain,21.0,2TM,SG,67.0,3.0,17.3,3.0,7.2,0.425,1.5,3.8,0.385,1.6,3.3,0.471,0.528,0.8,0.9,0.864,0.3,1.7,2.0,1.3,0.5,0.1,0.8,1.2,8.3,,https://cdn.nba.com/headshots/nba/latest/1040x760/1642272.png
319,319,267.0,Jared McCain,21.0,PHI,SG,37.0,1.0,16.8,2.4,6.2,0.385,1.2,3.2,0.378,1.2,3.0,0.393,0.483,0.6,0.7,0.88,0.2,1.9,2.0,1.7,0.6,0.1,0.8,1.2,6.6,,https://cdn.nba.com/headshots/nba/latest/1040x760/1642272.png
320,320,267.0,Jared McCain,21.0,OKC,SG,30.0,2.0,18.0,3.8,8.3,0.462,1.8,4.6,0.391,2.0,3.7,0.55,0.57,1.0,1.1,0.853,0.6,1.5,2.1,0.9,0.4,0.1,0.9,1.3,10.4,,https://cdn.nba.com/headshots/nba/latest/1040x760/1642272.png
321,321,268.0,Luguentz Dort,26.0,OKC,SF,69.0,69.0,26.8,2.9,7.6,0.385,1.9,5.4,0.344,1.1,2.2,0.487,0.508,0.6,0.8,0.759,0.8,2.7,3.6,1.2,0.9,0.4,0.8,2.6,8.3,,https://cdn.nba.com/headshots/nba/latest/1040x760/1629652.png
322,322,269.0,Al Horford,39.0,GSW,C,45.0,13.0,21.5,3.1,7.2,0.426,1.6,4.6,0.361,1.4,2.6,0.538,0.54,0.5,0.6,0.846,1.0,3.9,4.9,2.6,0.7,1.1,0.9,1.1,8.3,,https://cdn.nba.com/headshots/nba/latest/1040x760/201143.png
323,323,270.0,Josh Oduro,25.0,NOP,PF,3.0,1.0,27.3,3.7,5.7,0.647,0.0,0.7,0.0,3.7,5.0,0.733,0.647,1.0,2.0,0.5,3.7,4.0,7.7,1.3,0.0,0.0,0.7,4.7,8.3,,
324,324,271.0,Kadary Richmond,24.0,WAS,SG,3.0,0.0,22.3,3.3,5.3,0.625,0.7,1.3,0.5,2.7,4.0,0.667,0.688,1.0,1.0,1.0,0.3,3.0,3.3,2.7,2.7,0.3,0.7,0.7,8.3,,
325,325,272.0,Malachi Smith,26.0,BRK,SG,15.0,4.0,23.9,3.2,6.6,0.485,1.3,3.1,0.435,1.9,3.5,0.528,0.586,0.5,0.5,1.0,0.8,2.6,3.4,3.3,0.8,0.3,0.9,0.9,8.3,,
326,326,273.0,Bradley Beal,32.0,LAC,SG,6.0,6.0,20.2,3.0,8.0,0.375,1.2,3.2,0.368,1.8,4.8,0.379,0.448,1.0,1.3,0.75,0.3,0.5,0.8,1.7,0.5,0.0,1.5,2.3,8.2,,https://cdn.nba.com/headshots/nba/latest/1040x760/203078.png
327,327,274.0,LJ Cryer,24.0,GSW,PG,18.0,1.0,16.2,2.6,6.5,0.402,2.1,5.2,0.394,0.6,1.3,0.435,0.56,0.9,1.1,0.895,0.2,1.3,1.6,1.0,0.2,0.0,0.8,1.6,8.2,,
328,328,275.0,Ron Holland,20.0,DET,SF,78.0,5.0,19.9,3.0,7.0,0.432,0.6,2.5,0.253,2.4,4.4,0.535,0.478,1.5,1.9,0.805,1.1,3.0,4.0,1.2,1.2,0.3,1.2,2.3,8.2,,
329,329,276.0,Chaney Johnson,23.0,BRK,SF,17.0,1.0,20.5,3.0,5.5,0.543,0.5,1.8,0.3,2.5,3.8,0.656,0.59,1.6,2.1,0.8,1.9,2.7,4.6,2.1,0.9,0.5,1.2,3.0,8.2,,
330,330,277.0,Jake LaRavia,24.0,LAL,PF,82.0,43.0,25.1,2.9,6.4,0.459,1.0,3.0,0.321,2.0,3.4,0.579,0.533,1.4,1.9,0.763,1.4,2.6,4.0,1.8,1.3,0.5,1.1,2.4,8.2,,https://cdn.nba.com/headshots/nba/latest/1040x760/1631222.png
331,331,278.0,Sharife Cooper,24.0,WAS,PG,41.0,1.0,17.1,3.1,6.0,0.514,0.7,1.9,0.382,2.4,4.2,0.573,0.573,1.2,1.5,0.833,0.4,1.7,2.1,3.0,0.4,0.1,1.5,1.5,8.1,,https://cdn.nba.com/headshots/nba/latest/1040x760/1630536.png
332,332,279.0,Luka Garza,27.0,BOS,C,69.0,6.0,16.2,3.0,5.2,0.577,0.8,1.8,0.433,2.2,3.3,0.657,0.654,1.3,1.7,0.769,2.3,1.8,4.1,1.0,0.4,0.4,0.7,2.3,8.1,,https://cdn.nba.com/headshots/nba/latest/1040x760/1630568.png
333,333,280.0,Bez Mbeng,22.0,UTA,SG,15.0,5.0,32.8,3.3,6.7,0.5,0.4,2.1,0.194,2.9,4.6,0.638,0.53,1.1,1.7,0.64,1.2,2.6,3.8,4.1,2.3,0.3,1.5,3.1,8.1,,
334,334,281.0,Bryce McGowens,23.0,NOP,SG,42.0,13.0,21.0,2.7,5.6,0.481,0.9,2.2,0.409,1.8,3.4,0.528,0.561,1.8,2.3,0.779,0.3,1.8,2.1,1.5,0.6,0.2,0.4,2.1,8.1,,https://cdn.nba.com/headshots/nba/latest/1040x760/1631121.png
335,335,282.0,Gary Trent Jr.,27.0,MIL,SG,65.0,21.0,21.2,2.8,7.3,0.387,1.9,5.3,0.36,0.9,2.0,0.458,0.517,0.6,0.8,0.769,0.1,0.9,1.0,1.2,0.5,0.0,0.6,1.3,8.1,,https://cdn.nba.com/headshots/nba/latest/1040x760/1629018.png
336,336,283.0,Mouhamadou Gueye,27.0,CHI,PF,2.0,0.0,22.5,3.0,5.5,0.545,0.5,2.5,0.2,2.5,3.0,0.833,0.591,1.5,2.0,0.75,1.0,2.0,3.0,3.0,1.0,0.5,1.5,2.0,8.0,,https://cdn.nba.com/headshots/nba/latest/1040x760/1631338.png
337,337,284.0,DeJon Jarreau,28.0,MEM,SG,11.0,0.0,21.0,3.0,7.5,0.398,0.4,2.7,0.133,2.6,4.8,0.547,0.422,1.6,2.1,0.783,1.1,3.5,4.6,3.3,0.9,0.7,2.4,2.5,8.0,,https://cdn.nba.com/headshots/nba/latest/1040x760/1630610.png
338,338,285.0,David Roddy,24.0,DEN,PF,5.0,0.0,14.6,3.0,6.0,0.5,0.6,2.2,0.273,2.4,3.8,0.632,0.55,1.4,1.4,1.0,1.6,2.4,4.0,0.8,0.8,0.2,0.4,1.4,8.0,,https://cdn.nba.com/headshots/nba/latest/1040x760/1631223.png
339,339,286.0,Tre Scott,29.0,BRK,PF,6.0,4.0,30.3,3.2,8.3,0.38,1.0,3.2,0.316,2.2,5.2,0.419,0.44,0.7,1.0,0.667,1.7,3.5,5.2,1.7,1.3,0.8,0.7,2.0,8.0,,
340,340,287.0,Nate Williams,26.0,GSW,SG,14.0,2.0,17.1,3.1,6.3,0.489,0.9,2.1,0.433,2.1,4.1,0.517,0.563,0.9,1.1,0.867,1.4,0.7,2.1,1.0,0.4,0.0,1.1,1.9,8.0,,https://cdn.nba.com/headshots/nba/latest/1040x760/78561.png
341,341,288.0,Bruce Brown,29.0,DEN,SG,82.0,4.0,24.4,3.0,6.4,0.475,0.7,1.8,0.385,2.3,4.6,0.511,0.53,1.2,1.5,0.762,1.0,2.8,3.9,2.1,1.0,0.2,1.1,2.4,7.9,,https://cdn.nba.com/headshots/nba/latest/1040x760/1628971.png
342,342,289.0,Moussa Diabaté,24.0,CHO,C,73.0,47.0,26.0,3.1,5.0,0.631,0.0,0.0,0.5,3.1,4.9,0.632,0.632,1.6,2.4,0.659,3.7,5.0,8.7,1.9,0.8,1.0,1.0,2.4,7.9,,https://cdn.nba.com/headshots/nba/latest/1040x760/1631217.png
343,343,290.0,Tyson Etienne,26.0,BRK,PG,24.0,2.0,15.8,2.4,6.0,0.4,1.8,4.5,0.398,0.6,1.5,0.405,0.548,1.3,1.5,0.833,0.2,0.9,1.1,1.7,0.5,0.0,0.7,2.0,7.9,,https://cdn.nba.com/headshots/nba/latest/1040x760/1630623.png
344,344,291.0,Leonard Miller,22.0,2TM,SF,46.0,12.0,15.6,3.2,5.7,0.553,0.7,2.2,0.323,2.5,3.5,0.693,0.615,0.8,1.2,0.736,1.2,2.8,3.9,0.9,0.4,0.3,0.8,1.4,7.8,,https://cdn.nba.com/headshots/nba/latest/1040x760/1631159.png
345,345,291.0,Leonard Miller,22.0,MIN,SF,19.0,0.0,5.0,0.9,1.7,0.545,0.1,0.6,0.083,0.9,1.1,0.81,0.561,0.4,0.6,0.636,0.4,0.9,1.3,0.3,0.2,0.0,0.5,0.6,2.3,,https://cdn.nba.com/headshots/nba/latest/1040x760/1631159.png
346,346,291.0,Leonard Miller,22.0,CHI,SF,27.0,12.0,23.1,4.7,8.5,0.555,1.1,3.2,0.356,3.6,5.3,0.676,0.622,1.2,1.6,0.762,1.7,4.0,5.8,1.3,0.5,0.6,1.0,2.0,11.7,,https://cdn.nba.com/headshots/nba/latest/1040x760/1631159.png
347,347,292.0,Walter Clayton,22.0,2TM,PG,69.0,6.0,20.4,2.6,6.7,0.384,1.1,3.5,0.307,1.5,3.1,0.47,0.465,1.6,1.8,0.901,0.4,1.7,2.0,4.0,0.6,0.3,1.7,1.7,7.8,,https://cdn.nba.com/headshots/nba/latest/1040x760/1642383.png
348,348,292.0,Walter Clayton,22.0,UTA,PG,45.0,0.0,18.0,2.3,5.7,0.398,1.0,3.2,0.308,1.3,2.5,0.513,0.484,1.3,1.4,0.935,0.3,1.6,2.0,3.2,0.5,0.3,1.3,1.7,6.8,,https://cdn.nba.com/headshots/nba/latest/1040x760/1642383.png
349,349,292.0,Walter Clayton,22.0,MEM,PG,24.0,6.0,25.0,3.1,8.5,0.366,1.3,4.2,0.307,1.8,4.3,0.423,0.441,2.1,2.5,0.864,0.4,1.7,2.1,5.7,0.8,0.3,2.5,1.7,9.7,,https://cdn.nba.com/headshots/nba/latest/1040x760/1642383.png
350,350,293.0,Paul Reed,26.0,DET,C,65.0,11.0,13.9,3.2,5.2,0.617,0.2,0.6,0.325,3.0,4.6,0.656,0.636,1.1,1.7,0.664,2.0,2.5,4.5,1.2,0.9,0.9,0.9,1.8,7.8,,https://cdn.nba.com/headshots/nba/latest/1040x760/1630194.png
351,351,294.0,Oscar Tshiebwe,26.0,UTA,C,27.0,6.0,16.6,3.4,5.4,0.634,0.0,0.0,,3.4,5.4,0.634,0.634,1.0,1.8,0.551,2.9,3.8,6.6,1.2,0.6,0.2,0.8,1.4,7.8,,https://cdn.nba.com/headshots/nba/latest/1040x760/1631131.png
352,352,295.0,Dominick Barlow,22.0,PHI,PF,71.0,59.0,23.8,3.0,5.6,0.539,0.3,1.2,0.256,2.7,4.5,0.612,0.565,1.3,1.8,0.718,1.9,2.9,4.8,1.2,0.9,0.7,0.8,2.1,7.7,,https://cdn.nba.com/headshots/nba/latest/1040x760/1631230.png
353,353,296.0,Quinten Post,25.0,GSW,PF,67.0,35.0,17.3,2.9,6.6,0.44,1.4,4.1,0.336,1.5,2.4,0.617,0.546,0.5,0.6,0.791,1.0,3.0,4.0,1.4,0.4,0.5,0.8,1.9,7.7,,https://cdn.nba.com/headshots/nba/latest/1040x760/1642366.png
354,354,297.0,Ousmane Dieng,22.0,2TM,C,57.0,20.0,19.3,2.9,7.0,0.422,1.1,3.2,0.341,1.8,3.7,0.493,0.501,0.6,0.8,0.711,0.5,2.6,3.2,2.4,0.4,0.3,1.3,1.4,7.6,,https://cdn.nba.com/headshots/nba/latest/1040x760/1631172.png
355,355,297.0,Ousmane Dieng,22.0,OKC,C,27.0,0.0,10.9,1.4,3.4,0.418,0.7,1.8,0.367,0.7,1.6,0.476,0.516,0.2,0.2,1.0,0.3,1.3,1.6,1.0,0.1,0.3,0.3,0.8,3.7,,https://cdn.nba.com/headshots/nba/latest/1040x760/1631172.png
356,356,297.0,Ousmane Dieng,22.0,MIL,C,30.0,20.0,26.8,4.3,10.2,0.423,1.5,4.5,0.331,2.8,5.7,0.497,0.497,0.9,1.3,0.667,0.7,3.9,4.6,3.6,0.8,0.3,2.2,1.9,11.0,,https://cdn.nba.com/headshots/nba/latest/1040x760/1631172.png
357,357,298.0,Buddy Hield,33.0,2TM,SG,51.0,3.0,16.1,2.8,6.4,0.437,1.5,4.2,0.349,1.4,2.3,0.6,0.55,0.6,0.7,0.811,0.5,1.7,2.3,1.4,0.8,0.2,0.9,1.1,7.6,,https://cdn.nba.com/headshots/nba/latest/1040x760/1627741.png
358,358,298.0,Buddy Hield,33.0,GSW,SG,44.0,3.0,17.5,3.0,6.8,0.433,1.5,4.4,0.344,1.4,2.4,0.6,0.545,0.6,0.8,0.794,0.6,1.9,2.5,1.5,0.8,0.2,1.0,1.3,8.0,,https://cdn.nba.com/headshots/nba/latest/1040x760/1627741.png
359,359,298.0,Buddy Hield,33.0,ATL,SG,7.0,0.0,7.3,1.9,3.9,0.481,1.0,2.4,0.412,0.9,1.4,0.6,0.611,0.4,0.4,1.0,0.1,1.0,1.1,0.7,0.3,0.0,0.9,0.1,5.1,,https://cdn.nba.com/headshots/nba/latest/1040x760/1627741.png
360,360,299.0,Ryan Kalkbrenner,24.0,CHO,C,69.0,31.0,21.4,3.2,4.2,0.753,0.0,0.1,0.0,3.2,4.1,0.766,0.753,1.2,1.7,0.716,2.4,3.0,5.5,0.8,0.5,1.5,0.9,1.6,7.6,,https://cdn.nba.com/headshots/nba/latest/1040x760/1641750.png
361,361,300.0,Vince Williams Jr.,25.0,2TM,SG,40.0,12.0,20.5,2.6,7.3,0.353,1.4,4.4,0.311,1.2,2.9,0.417,0.447,1.0,1.3,0.78,1.0,2.9,3.9,4.2,0.7,0.4,1.8,2.0,7.5,,https://cdn.nba.com/headshots/nba/latest/1040x760/1631246.png
362,362,300.0,Vince Williams Jr.,25.0,MEM,PG,34.0,12.0,21.6,2.7,7.8,0.352,1.4,4.7,0.308,1.3,3.1,0.419,0.445,1.1,1.4,0.804,1.0,3.0,4.0,4.4,0.8,0.4,1.9,2.1,8.0,,https://cdn.nba.com/headshots/nba/latest/1040x760/1631246.png
363,363,300.0,Vince Williams Jr.,25.0,UTA,SG,6.0,0.0,14.0,1.7,4.7,0.357,1.0,3.0,0.333,0.7,1.7,0.4,0.464,0.3,0.7,0.5,0.8,2.3,3.2,2.7,0.3,0.3,1.2,1.5,4.7,,https://cdn.nba.com/headshots/nba/latest/1040x760/1631246.png
364,364,301.0,Jaxson Hayes,25.0,LAL,C,66.0,9.0,18.3,3.0,4.0,0.756,0.0,0.0,1.0,3.0,3.9,0.753,0.761,1.5,2.3,0.653,1.5,2.6,4.1,0.9,0.4,0.8,0.5,1.9,7.5,,https://cdn.nba.com/headshots/nba/latest/1040x760/1629637.png
365,365,302.0,Gary Payton II,33.0,GSW,SG,73.0,1.0,15.6,3.3,5.7,0.583,0.5,1.7,0.291,2.8,3.9,0.712,0.628,0.4,0.5,0.65,1.4,2.2,3.6,1.7,0.9,0.3,0.8,1.8,7.5,,https://cdn.nba.com/headshots/nba/latest/1040x760/1627780.png
366,366,303.0,Ben Saraf,19.0,BRK,SG,44.0,11.0,20.8,2.7,6.9,0.396,0.4,2.0,0.211,2.3,4.8,0.474,0.427,1.7,2.0,0.83,0.5,1.6,2.1,3.3,0.9,0.2,2.3,1.8,7.5,,https://cdn.nba.com/headshots/nba/latest/1040x760/1642879.png
367,367,304.0,Ja'Kobe Walter,21.0,TOR,SG,72.0,19.0,20.5,2.5,5.6,0.446,1.5,3.7,0.409,1.0,1.9,0.519,0.582,1.0,1.3,0.789,0.8,1.8,2.6,1.2,1.0,0.2,0.5,2.3,7.5,,https://cdn.nba.com/headshots/nba/latest/1040x760/1642266.png
368,368,305.0,Josh Minott,23.0,2TM,PF,49.0,11.0,17.0,2.6,5.1,0.5,1.3,3.1,0.418,1.3,2.0,0.626,0.627,1.0,1.2,0.787,1.0,2.2,3.2,0.9,0.9,0.5,0.9,1.5,7.4,,https://cdn.nba.com/headshots/nba/latest/1040x760/1631169.png
369,369,305.0,Josh Minott,23.0,BOS,PF,33.0,10.0,15.9,2.1,4.1,0.507,1.0,2.3,0.442,1.1,1.8,0.593,0.632,0.6,0.8,0.769,1.2,2.4,3.6,1.0,0.7,0.4,0.6,1.5,5.8,,https://cdn.nba.com/headshots/nba/latest/1040x760/1631169.png
370,370,305.0,Josh Minott,23.0,BRK,SF,16.0,1.0,19.3,3.6,7.3,0.491,1.9,4.8,0.395,1.7,2.5,0.675,0.621,1.8,2.2,0.8,0.5,2.0,2.5,0.8,1.3,0.8,1.4,1.4,10.8,,https://cdn.nba.com/headshots/nba/latest/1040x760/1631169.png
371,371,306.0,Taylor Hendricks,22.0,2TM,PF,59.0,17.0,18.9,2.8,6.0,0.459,1.1,3.1,0.342,1.7,2.9,0.585,0.548,0.8,1.2,0.681,1.1,2.6,3.7,0.9,0.8,0.5,0.8,1.7,7.4,,https://cdn.nba.com/headshots/nba/latest/1040x760/1641707.png
372,372,306.0,Taylor Hendricks,22.0,UTA,PF,33.0,6.0,14.9,1.8,3.9,0.453,0.7,2.1,0.343,1.0,1.8,0.586,0.547,0.7,1.0,0.719,0.9,2.1,3.0,0.7,0.4,0.2,0.6,1.2,4.9,,https://cdn.nba.com/headshots/nba/latest/1040x760/1641707.png
373,373,306.0,Taylor Hendricks,22.0,MEM,PF,26.0,11.0,24.1,4.0,8.7,0.463,1.5,4.4,0.342,2.5,4.3,0.584,0.548,1.0,1.5,0.65,1.4,3.3,4.7,1.2,1.4,0.8,1.2,2.3,10.6,,https://cdn.nba.com/headshots/nba/latest/1040x760/1641707.png
374,374,307.0,Jose Alvarado,27.0,2TM,PG,69.0,3.0,19.9,2.7,6.5,0.416,1.5,4.2,0.352,1.2,2.3,0.531,0.529,0.5,0.7,0.761,0.4,2.1,2.5,3.4,1.0,0.1,1.1,1.9,7.4,,https://cdn.nba.com/headshots/nba/latest/1040x760/1630631.png
375,375,307.0,Jose Alvarado,27.0,NOP,PG,41.0,0.0,21.9,2.9,6.8,0.418,1.7,4.7,0.363,1.1,2.1,0.54,0.543,0.5,0.6,0.833,0.4,2.4,2.8,3.1,0.9,0.1,1.1,2.0,7.9,,https://cdn.nba.com/headshots/nba/latest/1040x760/1630631.png
376,376,307.0,Jose Alvarado,27.0,NYK,PG,28.0,3.0,16.9,2.5,6.0,0.414,1.1,3.4,0.33,1.4,2.7,0.52,0.506,0.5,0.8,0.682,0.4,1.7,2.0,3.8,1.0,0.1,1.1,1.8,6.6,,https://cdn.nba.com/headshots/nba/latest/1040x760/1630631.png
377,377,308.0,Bogdan Bogdanović,33.0,LAC,SG,23.0,3.0,19.7,2.6,6.6,0.388,1.4,4.1,0.347,1.1,2.5,0.456,0.497,0.9,1.1,0.8,0.3,2.3,2.6,2.2,0.4,0.1,1.2,2.0,7.4,,https://cdn.nba.com/headshots/nba/latest/1040x760/203992.png
378,378,309.0,Caris LeVert,31.0,DET,SG,60.0,0.0,19.2,2.7,6.5,0.417,1.0,3.0,0.333,1.7,3.5,0.488,0.494,1.0,1.4,0.679,0.4,1.6,2.0,2.7,0.9,0.7,1.4,1.5,7.4,,https://cdn.nba.com/headshots/nba/latest/1040x760/1627747.png
379,379,310.0,Cameron Payne,31.0,PHI,PG,22.0,1.0,17.0,2.5,6.8,0.376,1.5,4.4,0.33,1.1,2.4,0.462,0.483,0.9,1.0,0.864,0.1,1.9,2.0,2.6,1.1,0.3,0.5,1.4,7.4,,https://cdn.nba.com/headshots/nba/latest/1040x760/1626166.png
380,380,311.0,Jamir Watkins,24.0,WAS,SG,50.0,7.0,20.6,2.6,5.9,0.446,0.9,3.2,0.297,1.7,2.8,0.616,0.525,1.1,1.6,0.695,1.0,2.9,3.9,1.3,1.1,0.5,0.8,2.6,7.4,,https://cdn.nba.com/headshots/nba/latest/1040x760/1642364.png
381,381,312.0,Kris Dunn,31.0,LAC,PG,82.0,68.0,27.2,2.8,5.8,0.476,1.0,2.6,0.374,1.8,3.2,0.559,0.56,0.8,1.0,0.765,0.7,2.6,3.3,3.6,1.6,0.2,1.4,2.3,7.3,,https://cdn.nba.com/headshots/nba/latest/1040x760/1627739.png
382,382,313.0,Nikola Jović,22.0,MIA,PF,47.0,1.0,17.2,2.4,6.7,0.366,1.0,3.6,0.269,1.5,3.1,0.476,0.438,1.5,2.1,0.683,0.5,2.7,3.3,2.2,0.6,0.4,1.4,1.4,7.3,,https://cdn.nba.com/headshots/nba/latest/1040x760/1631107.png
383,383,314.0,Kobe Sanders,23.0,LAC,SG,68.0,16.0,19.9,2.6,5.6,0.466,1.2,2.9,0.408,1.5,2.8,0.527,0.57,0.8,1.0,0.826,0.4,1.8,2.3,1.6,0.7,0.1,1.2,2.1,7.3,,https://cdn.nba.com/headshots/nba/latest/1040x760/1642920.png
384,384,315.0,Jalen Slawson,26.0,IND,SF,13.0,6.0,23.9,2.6,5.9,0.442,1.2,3.1,0.375,1.5,2.8,0.514,0.539,0.9,1.3,0.706,0.5,3.8,4.4,2.8,1.5,1.1,1.3,2.1,7.3,,https://cdn.nba.com/headshots/nba/latest/1040x760/1641771.png
385,385,316.0,Terance Mann,29.0,BRK,SG,63.0,51.0,24.3,2.7,5.8,0.457,0.9,2.4,0.364,1.8,3.4,0.523,0.533,1.0,1.3,0.788,1.1,2.1,3.2,3.0,0.7,0.2,1.1,2.5,7.2,,https://cdn.nba.com/headshots/nba/latest/1040x760/1629611.png
386,386,317.0,Pat Spencer,29.0,GSW,PG,66.0,14.0,18.6,2.8,6.6,0.427,0.9,2.5,0.357,1.9,4.1,0.47,0.495,0.7,0.9,0.772,0.8,1.6,2.4,3.5,0.7,0.1,1.3,1.1,7.2,,https://cdn.nba.com/headshots/nba/latest/1040x760/1630311.png
387,387,318.0,Julian Strawther,23.0,DEN,SG,57.0,14.0,15.1,2.6,5.6,0.467,1.0,2.6,0.387,1.6,3.0,0.538,0.558,1.0,1.2,0.814,0.2,1.8,2.0,1.1,0.4,0.1,0.6,1.3,7.2,,https://cdn.nba.com/headshots/nba/latest/1040x760/1631124.png
388,388,319.0,Jaylin Williams,23.0,OKC,PF,65.0,11.0,19.6,2.3,5.4,0.423,1.5,3.9,0.383,0.8,1.5,0.531,0.563,1.1,1.4,0.793,0.5,5.0,5.5,2.4,0.5,0.6,1.0,2.0,7.2,,https://cdn.nba.com/headshots/nba/latest/1040x760/1631119.png
389,389,320.0,Leaky Black,26.0,WAS,SF,15.0,9.0,28.9,2.7,6.9,0.388,1.3,3.7,0.345,1.4,3.2,0.438,0.481,0.5,0.5,0.875,1.0,4.0,5.0,1.5,1.2,0.5,0.9,2.7,7.1,,https://cdn.nba.com/headshots/nba/latest/1040x760/1641778.png
390,390,321.0,Seth Curry,35.0,GSW,SG,10.0,0.0,13.3,2.4,4.9,0.49,1.2,2.5,0.48,1.2,2.4,0.5,0.612,1.1,1.2,0.917,0.4,0.8,1.2,1.0,0.3,0.0,0.2,0.7,7.1,,https://cdn.nba.com/headshots/nba/latest/1040x760/203552.png
391,391,322.0,Ben Sheppard,24.0,IND,SG,65.0,20.0,21.4,2.6,6.0,0.434,1.3,3.6,0.362,1.3,2.4,0.542,0.543,0.6,0.8,0.765,0.7,2.3,3.0,1.8,0.6,0.1,0.6,1.8,7.1,,https://cdn.nba.com/headshots/nba/latest/1040x760/1641767.png
392,392,323.0,Lawson Lovering,22.0,MEM,C,2.0,1.0,24.5,3.0,5.0,0.6,0.0,0.0,,3.0,5.0,0.6,0.6,1.0,2.5,0.4,3.0,4.5,7.5,1.5,1.5,0.5,1.0,3.5,7.0,,
393,393,324.0,Ethan Thompson,26.0,IND,SG,32.0,13.0,20.4,2.3,6.1,0.378,1.2,3.6,0.328,1.1,2.5,0.45,0.474,1.2,1.5,0.787,0.5,1.6,2.2,1.8,0.6,0.3,0.8,2.2,7.0,,https://cdn.nba.com/headshots/nba/latest/1040x760/1630679.png
394,394,325.0,Grant Williams,27.0,CHO,PF,36.0,3.0,19.8,2.2,5.1,0.426,1.4,3.7,0.388,0.7,1.4,0.531,0.568,1.2,1.5,0.815,1.3,2.7,3.9,1.6,0.5,0.5,0.9,1.6,7.0,,https://cdn.nba.com/headshots/nba/latest/1040x760/1629684.png
395,395,326.0,Patrick Williams,24.0,CHI,PF,72.0,6.0,20.5,2.5,6.6,0.372,1.3,3.8,0.347,1.2,2.8,0.407,0.472,0.8,1.0,0.72,0.7,2.3,3.0,1.5,0.7,0.4,1.0,1.3,7.0,,https://cdn.nba.com/headshots/nba/latest/1040x760/1630172.png
396,396,327.0,Javonte Green,32.0,DET,SG,82.0,6.0,17.6,2.3,5.0,0.447,1.1,3.0,0.381,1.1,2.0,0.545,0.56,1.3,1.5,0.84,0.8,2.0,2.8,0.7,1.2,0.3,0.5,1.3,6.9,,https://cdn.nba.com/headshots/nba/latest/1040x760/1629750.png
397,397,328.0,Moritz Wagner,28.0,ORL,C,36.0,0.0,11.9,2.3,5.4,0.426,0.6,1.9,0.314,1.7,3.5,0.488,0.482,1.6,2.0,0.819,0.8,2.4,3.2,0.8,0.4,0.1,0.5,1.6,6.9,,https://cdn.nba.com/headshots/nba/latest/1040x760/1629021.png
398,398,329.0,MarJon Beauchamp,25.0,PHI,SF,14.0,1.0,14.0,2.4,5.4,0.434,1.1,3.4,0.34,1.2,2.1,0.586,0.539,0.9,1.4,0.684,0.5,1.8,2.3,1.1,0.6,0.3,0.9,0.9,6.8,,https://cdn.nba.com/headshots/nba/latest/1040x760/1630699.png
399,399,330.0,Elijah Harkless,25.0,UTA,SG,26.0,9.0,21.0,2.1,6.2,0.335,0.8,3.4,0.239,1.3,2.8,0.452,0.401,1.9,2.5,0.766,0.4,1.7,2.0,2.9,1.2,0.2,1.0,2.0,6.8,,https://cdn.nba.com/headshots/nba/latest/1040x760/1641989.png
400,400,331.0,Keon Ellis,26.0,2TM,SG,72.0,11.0,20.5,2.3,5.3,0.44,1.3,3.5,0.363,1.1,1.8,0.586,0.559,0.7,1.0,0.729,0.5,1.3,1.9,1.0,1.2,0.6,0.6,1.9,6.7,,https://cdn.nba.com/headshots/nba/latest/1040x760/1631165.png
401,401,331.0,Keon Ellis,26.0,SAC,SG,43.0,5.0,17.6,1.9,4.9,0.397,1.2,3.3,0.368,0.7,1.5,0.462,0.524,0.5,0.7,0.625,0.3,0.9,1.3,0.6,1.1,0.5,0.5,1.6,5.6,,https://cdn.nba.com/headshots/nba/latest/1040x760/1631165.png
402,402,331.0,Keon Ellis,26.0,CLE,SG,29.0,6.0,24.8,3.0,6.0,0.491,1.3,3.7,0.355,1.7,2.3,0.706,0.6,1.1,1.3,0.816,0.8,2.0,2.8,1.6,1.3,0.8,0.7,2.2,8.3,,https://cdn.nba.com/headshots/nba/latest/1040x760/1631165.png
403,403,332.0,Isaiah Jackson,24.0,2TM,C,55.0,14.0,16.5,2.7,4.3,0.637,0.0,0.1,0.0,2.7,4.3,0.645,0.637,1.2,1.9,0.648,2.1,3.2,5.3,0.9,0.7,0.9,1.1,2.7,6.7,,https://cdn.nba.com/headshots/nba/latest/1040x760/1630543.png
404,404,332.0,Isaiah Jackson,24.0,IND,C,38.0,14.0,16.8,2.5,4.3,0.582,0.0,0.0,0.0,2.5,4.3,0.585,0.582,1.3,1.9,0.689,2.3,3.3,5.6,0.8,0.7,0.8,1.1,2.8,6.4,,https://cdn.nba.com/headshots/nba/latest/1040x760/1630543.png
405,405,332.0,Isaiah Jackson,24.0,LAC,C,17.0,0.0,15.9,3.2,4.2,0.764,0.0,0.1,0.0,3.2,4.1,0.786,0.764,1.0,1.8,0.548,1.6,3.1,4.6,1.2,0.6,1.2,0.9,2.3,7.5,,https://cdn.nba.com/headshots/nba/latest/1040x760/1630543.png
406,406,333.0,Cole Anthony,25.0,MIL,PG,35.0,0.0,15.1,2.8,6.6,0.424,0.6,2.1,0.306,2.2,4.5,0.478,0.472,0.5,0.7,0.615,0.5,2.0,2.5,3.5,0.6,0.3,1.9,2.1,6.7,,https://cdn.nba.com/headshots/nba/latest/1040x760/1630175.png
407,407,334.0,Kevin Love,37.0,UTA,PF,37.0,5.0,16.6,2.1,5.4,0.397,1.4,3.8,0.373,0.7,1.5,0.456,0.53,1.0,1.2,0.841,1.5,4.3,5.8,1.8,0.4,0.2,0.8,1.5,6.7,,https://cdn.nba.com/headshots/nba/latest/1040x760/201567.png
408,408,335.0,Robert Williams,28.0,POR,C,59.0,1.0,17.1,3.0,4.2,0.708,0.2,0.4,0.391,2.8,3.8,0.74,0.726,0.6,1.0,0.596,2.4,4.6,7.0,1.0,0.6,1.5,0.8,1.3,6.7,,https://cdn.nba.com/headshots/nba/latest/1040x760/1629057.png
409,409,336.0,Ryan Nembhard,22.0,DAL,PG,60.0,27.0,19.5,2.7,6.5,0.415,0.8,2.3,0.356,1.9,4.3,0.447,0.477,0.4,0.5,0.806,0.2,2.0,2.2,5.3,0.4,0.0,1.4,1.4,6.6,,https://cdn.nba.com/headshots/nba/latest/1040x760/1642948.png
410,410,337.0,Jamal Shead,23.0,TOR,PG,82.0,12.0,22.6,2.3,6.1,0.367,1.0,3.2,0.321,1.2,3.0,0.417,0.45,1.1,1.4,0.784,0.3,1.4,1.7,5.4,0.9,0.2,1.4,2.0,6.6,6MOY-12,https://cdn.nba.com/headshots/nba/latest/1040x760/1642347.png
411,411,338.0,Oso Ighodaro,23.0,PHO,PF,82.0,24.0,22.0,2.9,4.5,0.653,0.0,0.0,0.0,2.9,4.5,0.655,0.653,0.6,1.4,0.453,1.7,3.4,5.1,2.3,0.9,0.7,1.2,2.7,6.5,,https://cdn.nba.com/headshots/nba/latest/1040x760/1642345.png
412,412,339.0,Luke Kornet,30.0,SAS,C,68.0,25.0,21.0,2.6,4.0,0.643,0.0,0.0,,2.6,4.0,0.643,0.643,1.4,1.7,0.825,2.7,3.4,6.1,1.9,0.5,1.0,0.4,1.8,6.5,,https://cdn.nba.com/headshots/nba/latest/1040x760/1628436.png
413,413,340.0,Drake Powell,20.0,BRK,SG,63.0,24.0,21.0,2.3,5.7,0.402,0.8,2.9,0.28,1.5,2.8,0.528,0.473,1.1,1.2,0.896,0.3,1.4,1.8,1.4,0.6,0.2,1.0,1.4,6.5,,https://cdn.nba.com/headshots/nba/latest/1040x760/1642962.png
414,414,341.0,Trendon Watford,25.0,PHI,PF,53.0,7.0,16.3,2.6,5.1,0.515,0.2,0.9,0.2,2.4,4.1,0.587,0.534,1.1,1.5,0.779,0.7,2.6,3.3,2.5,0.3,0.4,1.2,2.0,6.5,,https://cdn.nba.com/headshots/nba/latest/1040x760/1630570.png
415,415,342.0,Kenrich Williams,31.0,OKC,PF,56.0,2.0,15.3,2.5,5.3,0.473,0.9,2.3,0.388,1.6,3.0,0.539,0.557,0.6,0.9,0.635,1.1,2.3,3.3,1.4,0.6,0.1,0.8,1.1,6.5,,https://cdn.nba.com/headshots/nba/latest/1040x760/1629026.png
416,416,343.0,Jevon Carter,30.0,2TM,PG,53.0,1.0,16.4,2.3,5.8,0.401,1.5,4.1,0.363,0.8,1.7,0.489,0.528,0.3,0.4,0.789,0.3,1.4,1.7,1.6,0.8,0.2,0.7,1.1,6.4,,https://cdn.nba.com/headshots/nba/latest/1040x760/1628975.png
417,417,343.0,Jevon Carter,30.0,CHI,PG,23.0,0.0,11.0,1.8,4.5,0.398,1.4,3.4,0.41,0.4,1.1,0.36,0.553,0.4,0.4,1.0,0.2,0.9,1.1,0.8,0.6,0.1,0.5,0.8,5.4,,https://cdn.nba.com/headshots/nba/latest/1040x760/1628975.png
418,418,343.0,Jevon Carter,30.0,ORL,PG,30.0,1.0,20.4,2.7,6.8,0.402,1.5,4.6,0.336,1.2,2.2,0.537,0.515,0.2,0.3,0.556,0.3,1.8,2.1,2.3,0.9,0.3,0.8,1.3,7.2,,https://cdn.nba.com/headshots/nba/latest/1040x760/1628975.png
419,419,344.0,Andre Drummond,32.0,PHI,C,63.0,25.0,19.5,2.5,5.3,0.472,0.5,1.4,0.356,2.0,3.9,0.514,0.519,0.8,1.3,0.631,3.2,5.3,8.4,1.3,0.6,0.8,1.0,2.0,6.4,,https://cdn.nba.com/headshots/nba/latest/1040x760/203083.png
420,420,345.0,Will Richard,23.0,GSW,SG,69.0,21.0,20.0,2.3,5.0,0.468,1.0,3.1,0.335,1.3,1.9,0.679,0.571,0.7,0.8,0.852,1.0,1.5,2.5,1.3,1.2,0.1,0.8,1.9,6.4,,https://cdn.nba.com/headshots/nba/latest/1040x760/1642954.png
421,421,346.0,Jalen Wilson,25.0,BRK,PF,54.0,2.0,15.9,2.0,5.1,0.396,1.0,2.8,0.355,1.0,2.3,0.444,0.493,1.3,1.8,0.719,0.3,1.8,2.1,0.9,0.4,0.0,0.7,1.6,6.4,,https://cdn.nba.com/headshots/nba/latest/1040x760/1630592.png
422,422,347.0,Rob Dillingham,21.0,2TM,PG,65.0,0.0,14.9,2.5,6.3,0.396,0.6,2.0,0.316,1.9,4.3,0.434,0.447,0.6,0.8,0.745,0.3,1.7,2.0,2.2,0.7,0.1,1.5,1.8,6.3,,https://cdn.nba.com/headshots/nba/latest/1040x760/1642265.png
423,423,347.0,Rob Dillingham,21.0,MIN,PG,35.0,0.0,9.3,1.3,4.0,0.333,0.3,0.9,0.364,1.0,3.1,0.324,0.376,0.4,0.6,0.75,0.1,1.0,1.2,1.7,0.5,0.1,1.0,1.0,3.5,,https://cdn.nba.com/headshots/nba/latest/1040x760/1642265.png
424,424,347.0,Rob Dillingham,21.0,CHI,PG,30.0,0.0,21.5,3.9,9.0,0.428,1.0,3.3,0.3,2.9,5.7,0.503,0.483,0.9,1.2,0.743,0.5,2.5,3.0,2.8,0.9,0.1,2.1,2.6,9.6,,https://cdn.nba.com/headshots/nba/latest/1040x760/1642265.png
425,425,348.0,Tyrese Martin,26.0,2TM,SG,46.0,6.0,16.9,2.4,6.0,0.394,1.2,3.6,0.321,1.2,2.4,0.5,0.489,0.4,0.6,0.679,0.7,1.8,2.5,1.7,0.5,0.1,0.9,0.7,6.3,,https://cdn.nba.com/headshots/nba/latest/1040x760/1631213.png
426,426,348.0,Tyrese Martin,26.0,BRK,SG,37.0,6.0,18.8,2.7,6.9,0.392,1.4,4.1,0.336,1.3,2.8,0.476,0.492,0.5,0.7,0.731,0.9,2.0,2.9,1.9,0.6,0.1,0.9,0.8,7.3,,https://cdn.nba.com/headshots/nba/latest/1040x760/1631213.png
427,427,348.0,Tyrese Martin,26.0,PHI,SG,9.0,0.0,9.0,1.0,2.4,0.409,0.2,1.4,0.154,0.8,1.0,0.778,0.455,0.0,0.2,0.0,0.2,0.9,1.1,1.0,0.3,0.2,0.8,0.3,2.2,,https://cdn.nba.com/headshots/nba/latest/1040x760/1631213.png
428,428,349.0,Kyle Anderson,32.0,3TM,SF,43.0,5.0,19.8,2.5,4.7,0.53,0.1,0.3,0.364,2.4,4.4,0.539,0.54,1.1,1.6,0.706,1.0,2.5,3.5,2.9,1.0,0.6,0.9,2.2,6.2,,https://cdn.nba.com/headshots/nba/latest/1040x760/203937.png
429,429,349.0,Kyle Anderson,32.0,UTA,SF,20.0,0.0,20.1,2.9,5.5,0.523,0.2,0.3,0.6,2.7,5.2,0.519,0.537,1.3,1.9,0.658,1.0,2.4,3.3,3.1,1.2,0.5,0.9,2.3,7.1,,https://cdn.nba.com/headshots/nba/latest/1040x760/203937.png
430,430,349.0,Kyle Anderson,32.0,MEM,SF,4.0,3.0,22.3,3.8,4.8,0.789,0.3,0.3,1.0,3.5,4.5,0.778,0.816,1.5,2.0,0.75,0.8,2.8,3.5,0.8,1.5,1.0,1.8,3.0,9.3,,https://cdn.nba.com/headshots/nba/latest/1040x760/203937.png
431,431,349.0,Kyle Anderson,32.0,MIN,SF,19.0,2.0,19.1,1.8,3.9,0.473,0.0,0.3,0.0,1.8,3.6,0.507,0.473,0.9,1.2,0.773,1.1,2.6,3.7,3.3,0.8,0.6,0.8,2.0,4.6,,https://cdn.nba.com/headshots/nba/latest/1040x760/203937.png
432,432,350.0,Thomas Bryant,28.0,CLE,C,60.0,1.0,12.2,2.3,4.5,0.506,0.8,2.2,0.359,1.5,2.3,0.647,0.594,0.9,1.1,0.803,1.0,2.4,3.4,0.6,0.3,0.4,0.5,1.3,6.2,,https://cdn.nba.com/headshots/nba/latest/1040x760/1628418.png
433,433,351.0,Alex Caruso,31.0,OKC,SG,56.0,0.0,18.2,2.3,5.4,0.423,0.9,3.2,0.293,1.3,2.1,0.622,0.512,0.7,0.9,0.804,0.5,2.3,2.8,2.0,1.3,0.3,0.9,1.2,6.2,,https://cdn.nba.com/headshots/nba/latest/1040x760/1627936.png
434,434,352.0,Kasparas Jakučionis,19.0,MIA,PG,53.0,12.0,17.8,1.9,4.5,0.429,1.2,2.9,0.423,0.7,1.5,0.439,0.567,1.1,1.2,0.879,0.8,1.8,2.6,2.6,0.6,0.1,0.9,1.9,6.2,,https://cdn.nba.com/headshots/nba/latest/1040x760/1642857.png
435,435,353.0,Jahmai Mashack,23.0,MEM,SG,31.0,7.0,21.7,2.5,6.3,0.395,0.6,2.4,0.253,1.9,3.9,0.483,0.444,0.6,1.1,0.543,0.7,1.9,2.6,2.2,1.2,0.5,1.6,2.2,6.2,,
436,436,354.0,Nick Smith Jr.,21.0,LAL,SG,30.0,1.0,12.5,2.3,5.4,0.435,1.1,2.9,0.395,1.2,2.5,0.48,0.54,0.4,0.5,0.733,0.1,0.7,0.8,1.0,0.3,0.1,0.7,0.9,6.2,,https://cdn.nba.com/headshots/nba/latest/1040x760/1641733.png
437,437,355.0,Mac McClung,27.0,2TM,SG,11.0,0.0,12.3,2.1,5.4,0.39,0.6,2.7,0.233,1.5,2.6,0.552,0.449,1.3,1.6,0.778,0.2,0.7,0.9,0.9,1.0,0.3,0.8,1.7,6.1,,https://cdn.nba.com/headshots/nba/latest/1040x760/1630644.png
438,438,355.0,Mac McClung,27.0,IND,SG,3.0,0.0,11.3,2.3,6.0,0.389,0.7,3.3,0.2,1.7,2.7,0.625,0.444,1.0,1.3,0.75,0.0,1.3,1.3,0.3,1.7,0.3,0.7,2.0,6.3,,https://cdn.nba.com/headshots/nba/latest/1040x760/1630644.png
439,439,355.0,Mac McClung,27.0,CHI,SG,8.0,0.0,12.6,2.0,5.1,0.39,0.6,2.5,0.25,1.4,2.6,0.524,0.451,1.4,1.8,0.786,0.3,0.5,0.8,1.1,0.8,0.3,0.9,1.6,6.0,,https://cdn.nba.com/headshots/nba/latest/1040x760/1630644.png
440,440,356.0,Gradey Dick,22.0,TOR,SG,76.0,1.0,14.0,2.1,5.1,0.419,0.7,2.4,0.301,1.4,2.6,0.53,0.492,1.0,1.2,0.875,0.6,1.4,1.9,0.7,0.6,0.1,0.6,1.3,6.0,,https://cdn.nba.com/headshots/nba/latest/1040x760/1641711.png
441,441,357.0,Justin Edwards,22.0,PHI,SF,64.0,12.0,15.3,2.2,5.0,0.447,1.0,2.8,0.372,1.2,2.2,0.543,0.552,0.5,0.6,0.846,0.4,1.1,1.5,1.3,0.8,0.2,0.6,1.4,6.0,,https://cdn.nba.com/headshots/nba/latest/1040x760/1642348.png
442,442,358.0,Hayden Gray,22.0,UTA,SG,1.0,0.0,25.0,2.0,3.0,0.667,0.0,1.0,0.0,2.0,2.0,1.0,0.667,2.0,2.0,1.0,0.0,0.0,0.0,1.0,1.0,1.0,1.0,0.0,6.0,,
443,443,359.0,Tidjane Salaün,20.0,CHO,PF,37.0,0.0,15.5,2.2,4.3,0.503,1.0,2.2,0.434,1.2,2.1,0.579,0.616,0.7,1.1,0.65,0.7,3.3,4.0,0.7,0.4,0.2,0.7,1.5,6.0,,https://cdn.nba.com/headshots/nba/latest/1040x760/1642275.png
444,444,360.0,Goga Bitadze,26.0,ORL,C,64.0,3.0,15.2,2.4,3.5,0.676,0.0,0.2,0.182,2.3,3.3,0.701,0.68,1.1,1.5,0.711,2.1,2.9,5.0,1.3,0.6,1.0,0.7,2.1,5.9,,https://cdn.nba.com/headshots/nba/latest/1040x760/1629048.png
445,445,361.0,Charles Bassey,25.0,4TM,C,13.0,0.0,11.8,2.4,3.6,0.66,0.0,0.0,,2.4,3.6,0.66,0.66,1.1,1.5,0.7,1.8,2.6,4.4,0.5,0.3,0.8,0.5,1.5,5.8,,https://cdn.nba.com/headshots/nba/latest/1040x760/1629646.png
446,446,361.0,Charles Bassey,25.0,MEM,C,2.0,0.0,15.5,1.5,4.0,0.375,0.0,0.0,,1.5,4.0,0.375,0.375,0.5,1.5,0.333,3.5,4.0,7.5,1.0,0.5,0.5,0.5,2.5,3.5,,https://cdn.nba.com/headshots/nba/latest/1040x760/1629646.png
447,447,361.0,Charles Bassey,25.0,PHI,C,1.0,0.0,5.0,1.0,1.0,1.0,0.0,0.0,,1.0,1.0,1.0,1.0,0.0,0.0,,0.0,0.0,0.0,0.0,0.0,1.0,0.0,0.0,2.0,,https://cdn.nba.com/headshots/nba/latest/1040x760/1629646.png
448,448,361.0,Charles Bassey,25.0,BOS,C,5.0,0.0,3.4,1.2,1.4,0.857,0.0,0.0,,1.2,1.4,0.857,0.857,0.4,0.8,0.5,0.8,0.4,1.2,0.0,0.2,0.4,0.2,0.6,2.8,,https://cdn.nba.com/headshots/nba/latest/1040x760/1629646.png
449,449,361.0,Charles Bassey,25.0,GSW,C,5.0,0.0,20.0,4.2,6.2,0.677,0.0,0.0,,4.2,6.2,0.677,0.677,2.2,2.6,0.846,2.4,4.8,7.2,1.0,0.4,1.4,0.8,2.2,10.6,,https://cdn.nba.com/headshots/nba/latest/1040x760/1629646.png
450,450,362.0,Kobe Brown,26.0,2TM,PF,61.0,10.0,15.8,2.1,4.4,0.469,0.9,2.3,0.374,1.2,2.2,0.568,0.565,0.8,1.0,0.797,1.1,1.9,3.0,1.3,0.4,0.2,0.9,1.1,5.8,,https://cdn.nba.com/headshots/nba/latest/1040x760/1641738.png
451,451,362.0,Kobe Brown,26.0,LAC,PF,34.0,0.0,8.7,1.0,2.5,0.393,0.4,1.4,0.265,0.6,1.0,0.571,0.47,0.6,0.8,0.808,0.5,1.0,1.6,0.8,0.3,0.1,0.4,0.5,2.9,,https://cdn.nba.com/headshots/nba/latest/1040x760/1641738.png
452,452,362.0,Kobe Brown,26.0,IND,PF,27.0,10.0,24.7,3.5,6.9,0.503,1.4,3.3,0.433,2.0,3.6,0.567,0.607,1.0,1.2,0.788,1.9,3.0,4.9,2.0,0.5,0.4,1.4,2.0,9.4,,https://cdn.nba.com/headshots/nba/latest/1040x760/1641738.png
453,453,363.0,Nick Richards,28.0,2TM,C,48.0,6.0,14.6,2.1,4.2,0.512,0.1,0.4,0.278,2.0,3.8,0.536,0.525,1.4,2.1,0.644,1.6,3.5,5.1,0.3,0.2,0.7,1.2,1.8,5.8,,https://cdn.nba.com/headshots/nba/latest/1040x760/1630208.png
454,454,363.0,Nick Richards,28.0,PHO,C,28.0,2.0,9.1,1.3,2.5,0.493,0.0,0.0,,1.3,2.5,0.493,0.493,0.7,1.0,0.679,1.3,2.0,3.3,0.3,0.1,0.5,0.9,1.4,3.2,,https://cdn.nba.com/headshots/nba/latest/1040x760/1630208.png
455,455,363.0,Nick Richards,28.0,CHI,C,20.0,4.0,22.4,3.4,6.5,0.523,0.3,0.9,0.278,3.2,5.6,0.563,0.542,2.3,3.7,0.63,2.1,5.5,7.6,0.4,0.3,0.9,1.7,2.5,9.4,,https://cdn.nba.com/headshots/nba/latest/1040x760/1630208.png
456,456,364.0,Steven Adams,32.0,HOU,C,32.0,11.0,22.8,2.2,4.3,0.504,0.0,0.0,,2.2,4.3,0.504,0.504,1.5,2.5,0.58,4.5,4.1,8.6,1.5,0.7,0.6,1.1,1.7,5.8,,https://cdn.nba.com/headshots/nba/latest/1040x760/203500.png
457,457,365.0,Branden Carlson,26.0,OKC,C,42.0,4.0,11.6,2.3,4.4,0.527,0.7,2.0,0.36,1.6,2.4,0.67,0.61,0.4,0.6,0.577,0.7,2.3,3.0,0.7,0.2,0.6,0.4,0.9,5.8,,https://cdn.nba.com/headshots/nba/latest/1040x760/1642382.png
458,458,366.0,Ryan Dunn,23.0,PHO,SF,70.0,16.0,19.4,2.3,5.2,0.453,0.8,2.4,0.331,1.5,2.8,0.56,0.53,0.3,0.7,0.489,1.4,2.8,4.2,1.5,0.9,0.4,0.8,1.9,5.8,,https://cdn.nba.com/headshots/nba/latest/1040x760/1642346.png
459,459,367.0,Anthony Gill,33.0,WAS,PF,55.0,8.0,17.3,2.5,3.9,0.628,0.3,0.9,0.354,2.1,3.0,0.707,0.667,0.6,0.8,0.739,1.1,1.8,2.9,1.3,0.6,0.4,0.7,1.6,5.8,,https://cdn.nba.com/headshots/nba/latest/1040x760/1630264.png
460,460,368.0,Kris Murray,25.0,POR,SF,57.0,15.0,23.4,2.3,4.8,0.467,0.6,2.1,0.279,1.7,2.7,0.617,0.529,0.7,1.0,0.684,1.6,2.0,3.6,1.4,0.9,0.4,0.8,1.6,5.8,,https://cdn.nba.com/headshots/nba/latest/1040x760/1631200.png
461,461,369.0,Matisse Thybulle,28.0,POR,SG,30.0,0.0,16.0,1.9,4.5,0.433,1.2,3.1,0.398,0.7,1.4,0.512,0.571,0.7,0.8,0.84,0.6,1.4,2.0,0.9,2.0,0.5,0.9,1.4,5.8,,https://cdn.nba.com/headshots/nba/latest/1040x760/1629680.png
462,462,370.0,Nae'Qwan Tomlin,25.0,CLE,PF,64.0,3.0,15.7,2.3,4.9,0.478,0.4,1.8,0.235,1.9,3.1,0.618,0.521,0.7,1.0,0.77,1.3,1.6,2.9,0.8,0.6,0.5,0.5,2.0,5.8,,https://cdn.nba.com/headshots/nba/latest/1040x760/1641772.png
463,463,371.0,Dean Wade,29.0,CLE,PF,59.0,38.0,22.3,2.1,4.7,0.439,1.2,3.3,0.362,0.9,1.4,0.622,0.567,0.5,0.6,0.711,0.9,3.3,4.2,1.5,0.7,0.4,0.3,1.5,5.8,,https://cdn.nba.com/headshots/nba/latest/1040x760/1629731.png
464,464,372.0,Jamaree Bouyea,26.0,PHO,PG,46.0,1.0,14.0,2.3,5.1,0.458,0.5,1.7,0.295,1.8,3.4,0.538,0.506,0.5,0.8,0.686,0.4,1.4,1.8,1.8,0.6,0.3,0.7,0.8,5.7,,https://cdn.nba.com/headshots/nba/latest/1040x760/1631123.png
465,465,373.0,E.J. Liddell,25.0,BRK,PF,26.0,5.0,13.4,2.1,4.3,0.486,0.7,2.0,0.346,1.4,2.3,0.61,0.568,0.8,1.0,0.808,0.5,2.1,2.7,0.9,0.2,0.4,0.6,1.7,5.7,,https://cdn.nba.com/headshots/nba/latest/1040x760/1630604.png
466,466,374.0,Karlo Matković,24.0,NOP,PF,62.0,2.0,14.7,2.3,3.8,0.604,0.6,1.5,0.422,1.7,2.3,0.717,0.685,0.5,0.7,0.732,1.2,2.5,3.7,0.8,0.4,0.9,0.5,1.7,5.7,,https://cdn.nba.com/headshots/nba/latest/1040x760/1631255.png
467,467,375.0,Doug McDermott,34.0,SAC,SF,29.0,0.0,15.1,1.9,4.8,0.388,1.7,4.2,0.39,0.2,0.6,0.375,0.561,0.3,0.3,0.889,0.2,1.0,1.3,0.8,0.2,0.1,0.4,1.0,5.7,,https://cdn.nba.com/headshots/nba/latest/1040x760/203926.png
468,468,376.0,Yves Missi,21.0,NOP,C,66.0,14.0,19.7,2.4,4.5,0.544,0.0,0.0,0.0,2.4,4.4,0.546,0.544,0.9,1.5,0.559,2.8,3.1,5.8,1.3,0.3,1.5,0.8,1.7,5.7,,https://cdn.nba.com/headshots/nba/latest/1040x760/1642274.png
469,469,377.0,Mitchell Robinson,27.0,NYK,C,60.0,16.0,19.6,2.5,3.4,0.723,0.0,0.0,,2.5,3.4,0.723,0.723,0.7,1.7,0.408,4.2,4.6,8.8,0.9,0.9,1.2,0.7,2.1,5.7,6MOY-8,https://cdn.nba.com/headshots/nba/latest/1040x760/1629011.png
470,470,378.0,Guerschon Yabusele,30.0,2TM,C,67.0,19.0,15.0,1.9,4.7,0.401,1.0,2.9,0.352,0.8,1.7,0.483,0.511,0.8,1.1,0.75,0.8,2.7,3.5,0.9,0.4,0.2,0.6,1.2,5.6,,https://cdn.nba.com/headshots/nba/latest/1040x760/1627824.png
471,471,378.0,Guerschon Yabusele,30.0,NYK,C,41.0,0.0,8.9,1.0,2.6,0.393,0.5,1.7,0.294,0.5,1.0,0.564,0.486,0.2,0.3,0.667,0.6,1.5,2.1,0.4,0.1,0.1,0.4,0.9,2.7,,https://cdn.nba.com/headshots/nba/latest/1040x760/1627824.png
472,472,378.0,Guerschon Yabusele,30.0,CHI,C,26.0,19.0,24.7,3.2,7.9,0.405,1.9,4.9,0.383,1.3,3.0,0.442,0.524,1.8,2.3,0.767,1.2,4.4,5.7,1.7,0.8,0.4,1.0,1.7,10.0,,https://cdn.nba.com/headshots/nba/latest/1040x760/1627824.png
473,473,379.0,Terrence Shannon Jr.,25.0,MIN,SG,43.0,2.0,12.5,1.8,4.0,0.45,0.7,1.8,0.408,1.1,2.2,0.484,0.541,1.3,1.6,0.8,0.2,0.9,1.1,0.9,0.3,0.0,0.6,1.2,5.6,,https://cdn.nba.com/headshots/nba/latest/1040x760/1630545.png
474,474,380.0,Dru Smith,28.0,MIA,SG,70.0,1.0,16.3,1.9,4.6,0.415,0.5,1.8,0.295,1.4,2.8,0.495,0.474,1.2,1.5,0.829,0.9,1.6,2.5,2.6,1.4,0.3,0.8,1.6,5.6,,https://cdn.nba.com/headshots/nba/latest/1040x760/1630696.png
475,475,381.0,Eric Gordon,37.0,PHI,SG,6.0,0.0,12.3,2.0,3.5,0.571,1.3,2.3,0.571,0.7,1.2,0.571,0.762,0.2,0.3,0.5,0.2,0.2,0.3,0.5,0.7,0.2,0.5,0.5,5.5,,https://cdn.nba.com/headshots/nba/latest/1040x760/201569.png
476,476,382.0,Killian Hayes,24.0,SAC,PG,23.0,3.0,17.7,1.8,6.0,0.304,0.7,2.7,0.27,1.1,3.3,0.333,0.366,1.1,1.2,0.929,0.2,2.2,2.3,3.5,0.9,0.2,1.2,1.6,5.5,,https://cdn.nba.com/headshots/nba/latest/1040x760/1630165.png
477,477,383.0,Aaron Holiday,29.0,HOU,PG,57.0,1.0,13.7,1.8,4.4,0.417,1.2,3.0,0.394,0.7,1.4,0.463,0.55,0.6,0.7,0.854,0.2,0.8,1.0,1.1,0.5,0.1,0.7,1.3,5.5,,https://cdn.nba.com/headshots/nba/latest/1040x760/1628988.png
478,478,384.0,Jett Howard,22.0,ORL,SF,55.0,0.0,12.6,1.9,4.6,0.418,1.0,2.6,0.372,0.9,1.9,0.481,0.526,0.7,0.7,0.949,0.4,1.2,1.6,0.8,0.2,0.2,0.3,1.2,5.5,,https://cdn.nba.com/headshots/nba/latest/1040x760/1641724.png
479,479,385.0,Spencer Jones,24.0,DEN,SF,64.0,37.0,22.1,2.1,4.1,0.504,0.9,2.3,0.396,1.2,1.8,0.636,0.613,0.5,0.8,0.608,1.2,2.1,3.3,0.8,0.8,0.5,0.5,2.7,5.5,,https://cdn.nba.com/headshots/nba/latest/1040x760/1642461.png
480,480,386.0,Tre Mann,24.0,CHO,PG,53.0,1.0,12.6,2.1,5.7,0.36,0.9,2.9,0.323,1.1,2.8,0.399,0.442,0.4,0.5,0.852,0.4,1.4,1.7,1.6,0.5,0.1,1.0,1.3,5.5,,https://cdn.nba.com/headshots/nba/latest/1040x760/1630544.png
481,481,387.0,Baylor Scheierman,25.0,BOS,SG,77.0,20.0,18.6,2.0,4.3,0.453,1.3,3.2,0.399,0.7,1.2,0.6,0.599,0.4,0.4,0.903,0.7,2.8,3.5,1.5,0.5,0.1,0.6,1.4,5.5,,https://cdn.nba.com/headshots/nba/latest/1040x760/1631248.png
482,482,388.0,Jamal Cain,26.0,ORL,SF,40.0,1.0,12.2,1.9,3.8,0.487,0.7,1.8,0.384,1.2,2.0,0.582,0.579,1.0,1.2,0.848,0.7,1.3,2.0,0.7,0.3,0.1,0.5,1.3,5.4,,https://cdn.nba.com/headshots/nba/latest/1040x760/1631288.png
483,483,389.0,Dylan Cardwell,24.0,SAC,C,44.0,1.0,20.6,2.4,4.1,0.587,0.0,0.1,0.5,2.3,4.0,0.589,0.592,0.6,1.2,0.51,3.3,4.2,7.5,1.4,0.7,1.5,0.9,3.7,5.4,,https://cdn.nba.com/headshots/nba/latest/1040x760/1642928.png
484,484,390.0,Haywood Highsmith,29.0,PHO,SF,7.0,0.0,13.0,1.7,3.3,0.522,1.1,2.0,0.571,0.6,1.3,0.444,0.696,0.9,1.0,0.857,0.9,1.0,1.9,1.0,0.6,0.0,0.0,1.3,5.4,,https://cdn.nba.com/headshots/nba/latest/1040x760/1629312.png
485,485,391.0,Sion James,23.0,CHO,SG,82.0,19.0,22.5,1.7,4.5,0.371,1.0,2.9,0.352,0.7,1.7,0.404,0.483,1.0,1.2,0.837,0.6,2.9,3.5,2.0,0.6,0.2,0.8,1.8,5.4,,https://cdn.nba.com/headshots/nba/latest/1040x760/1642883.png
486,486,392.0,Pete Nance,25.0,MIL,PF,47.0,6.0,15.7,2.1,4.1,0.515,1.1,2.5,0.42,1.1,1.6,0.667,0.644,0.1,0.2,0.364,0.6,2.1,2.7,1.0,0.3,0.3,0.6,1.3,5.4,,https://cdn.nba.com/headshots/nba/latest/1040x760/1631250.png
487,487,393.0,Tyrese Proctor,21.0,CLE,PG,50.0,1.0,10.9,1.9,4.5,0.413,0.9,2.6,0.351,0.9,1.9,0.5,0.516,0.8,0.9,0.889,0.2,1.1,1.3,1.5,0.5,0.0,0.8,1.2,5.4,,https://cdn.nba.com/headshots/nba/latest/1040x760/1642878.png
488,488,394.0,Jordan Walsh,21.0,BOS,PF,68.0,25.0,17.8,2.0,3.9,0.509,0.7,1.8,0.384,1.3,2.1,0.62,0.599,0.6,0.8,0.772,1.3,2.8,4.0,0.8,0.7,0.5,0.5,2.0,5.4,,https://cdn.nba.com/headshots/nba/latest/1040x760/1641775.png
489,489,395.0,Rayan Rupert,21.0,2TM,SG,64.0,8.0,16.8,1.9,4.9,0.393,0.7,2.1,0.324,1.2,2.8,0.446,0.463,0.7,0.8,0.778,0.8,2.2,2.9,1.1,0.9,0.1,0.9,1.9,5.2,,https://cdn.nba.com/headshots/nba/latest/1040x760/1641712.png
490,490,395.0,Rayan Rupert,21.0,POR,SG,48.0,0.0,12.0,1.1,3.1,0.361,0.5,1.5,0.31,0.6,1.6,0.408,0.435,0.2,0.3,0.643,0.5,1.3,1.8,0.7,0.6,0.0,0.6,1.3,2.9,,https://cdn.nba.com/headshots/nba/latest/1040x760/1641712.png
491,491,395.0,Rayan Rupert,21.0,MEM,SG,16.0,8.0,30.9,4.4,10.4,0.422,1.4,4.1,0.338,3.0,6.3,0.475,0.488,2.1,2.5,0.825,1.6,4.8,6.4,2.1,1.6,0.4,1.7,4.0,12.2,,https://cdn.nba.com/headshots/nba/latest/1040x760/1641712.png
492,492,396.0,Trey Alexander,22.0,NOP,SG,9.0,0.0,12.3,2.1,4.1,0.514,0.7,1.3,0.5,1.4,2.8,0.52,0.595,0.3,0.6,0.6,0.1,1.1,1.2,1.0,0.7,0.2,0.3,1.4,5.2,,https://cdn.nba.com/headshots/nba/latest/1040x760/1641725.png
493,493,397.0,Drew Eubanks,28.0,SAC,C,42.0,11.0,13.1,2.2,3.7,0.596,0.0,0.2,0.143,2.2,3.5,0.617,0.599,0.8,1.4,0.561,0.9,2.1,3.0,0.5,0.4,0.6,0.7,1.4,5.2,,https://cdn.nba.com/headshots/nba/latest/1040x760/1629234.png
494,494,398.0,Andersson Garcia,25.0,UTA,SF,5.0,2.0,33.8,1.8,5.8,0.31,0.2,2.6,0.077,1.6,3.2,0.5,0.328,1.4,1.8,0.778,3.4,5.0,8.4,2.8,1.6,0.8,1.4,3.2,5.2,,
495,495,399.0,Garrison Mathews,29.0,IND,SG,15.0,1.0,13.1,1.4,3.5,0.404,1.1,3.1,0.37,0.3,0.4,0.667,0.567,1.3,1.5,0.826,0.1,1.0,1.1,0.7,0.4,0.2,0.2,1.3,5.2,,https://cdn.nba.com/headshots/nba/latest/1040x760/1629726.png
496,496,400.0,Asa Newell,20.0,ATL,PF,44.0,2.0,11.4,2.1,3.8,0.538,0.7,1.7,0.387,1.4,2.1,0.66,0.624,0.4,0.7,0.552,1.0,1.2,2.2,0.6,0.4,0.3,0.5,1.5,5.2,,https://cdn.nba.com/headshots/nba/latest/1040x760/1642854.png
497,497,401.0,Jalen Pickett,26.0,DEN,SG,50.0,18.0,16.1,2.0,4.6,0.422,1.0,2.5,0.386,1.0,2.1,0.467,0.528,0.3,0.4,0.789,0.4,1.9,2.3,2.3,0.3,0.1,0.7,0.8,5.2,,https://cdn.nba.com/headshots/nba/latest/1040x760/1629618.png
498,498,402.0,Marcus Sasser,25.0,DET,PG,38.0,5.0,12.0,1.8,4.7,0.39,1.2,2.8,0.415,0.7,1.9,0.352,0.514,0.4,0.5,0.833,0.2,0.8,1.0,2.0,0.5,0.1,0.8,1.1,5.2,,https://cdn.nba.com/headshots/nba/latest/1040x760/1631204.png
499,499,403.0,Nikola Topić,20.0,OKC,PG,10.0,2.0,16.0,2.2,5.1,0.431,0.6,1.5,0.4,1.6,3.6,0.444,0.49,0.2,0.5,0.4,0.7,1.2,1.9,4.4,0.5,0.0,2.5,1.3,5.2,,https://cdn.nba.com/headshots/nba/latest/1040x760/1642260.png
500,500,404.0,Ochai Agbaji,25.0,2TM,SG,62.0,13.0,15.7,2.0,4.5,0.436,0.5,2.1,0.266,1.4,2.5,0.579,0.496,0.6,0.7,0.837,0.7,1.5,2.3,0.8,0.4,0.3,0.5,1.5,5.1,,https://cdn.nba.com/headshots/nba/latest/1040x760/1630534.png
501,501,404.0,Ochai Agbaji,25.0,TOR,SG,42.0,13.0,15.5,1.7,4.0,0.424,0.3,1.5,0.185,1.4,2.5,0.571,0.459,0.6,0.7,0.862,0.8,1.5,2.3,0.7,0.4,0.3,0.5,1.8,4.3,,https://cdn.nba.com/headshots/nba/latest/1040x760/1630534.png
502,502,404.0,Ochai Agbaji,25.0,BRK,SG,20.0,0.0,16.2,2.5,5.5,0.455,1.1,3.2,0.349,1.4,2.4,0.596,0.555,0.6,0.7,0.786,0.7,1.7,2.3,0.9,0.4,0.3,0.6,0.9,6.7,,https://cdn.nba.com/headshots/nba/latest/1040x760/1630534.png
503,503,405.0,Sidy Cissoko,21.0,POR,SF,75.0,26.0,19.1,1.8,4.5,0.398,0.8,2.6,0.298,1.0,1.8,0.544,0.487,0.8,1.2,0.659,0.8,1.4,2.2,1.5,0.7,0.3,0.9,2.4,5.1,,https://cdn.nba.com/headshots/nba/latest/1040x760/1631321.png
504,504,406.0,Johnny Furphy,21.0,IND,SG,35.0,21.0,18.4,2.0,4.3,0.47,0.7,2.0,0.324,1.3,2.2,0.603,0.547,0.5,1.0,0.486,0.9,3.5,4.4,1.2,0.6,0.2,0.8,1.9,5.1,,https://cdn.nba.com/headshots/nba/latest/1040x760/1642277.png
505,505,407.0,Jordan Hawkins,23.0,NOP,SG,51.0,1.0,13.6,1.8,5.0,0.366,0.9,2.6,0.348,0.9,2.4,0.385,0.457,0.5,0.5,0.852,0.4,1.3,1.7,0.8,0.3,0.2,0.7,0.6,5.1,,https://cdn.nba.com/headshots/nba/latest/1040x760/1641722.png
506,506,408.0,Jericho Sims,27.0,MIL,C,67.0,19.0,19.7,2.2,2.8,0.784,0.0,0.0,,2.2,2.8,0.784,0.784,0.7,1.1,0.62,2.2,3.3,5.5,1.6,0.3,0.3,1.1,2.2,5.0,,https://cdn.nba.com/headshots/nba/latest/1040x760/1630579.png
507,507,409.0,Adem Bona,22.0,PHI,C,71.0,18.0,17.4,1.8,3.1,0.595,0.0,0.1,0.333,1.8,3.0,0.603,0.6,1.1,1.6,0.708,1.8,2.5,4.3,0.5,0.4,1.2,0.8,2.2,4.8,,https://cdn.nba.com/headshots/nba/latest/1040x760/1641737.png
508,508,410.0,Blake Wesley,22.0,POR,SG,31.0,0.0,11.6,1.8,4.0,0.452,0.3,1.2,0.278,1.5,2.8,0.523,0.492,0.8,1.5,0.553,0.3,1.0,1.3,2.0,0.5,0.2,1.0,1.1,4.8,,https://cdn.nba.com/headshots/nba/latest/1040x760/1631104.png
509,509,411.0,Tyler Smith,21.0,DAL,PF,12.0,0.0,13.8,1.8,4.2,0.42,0.8,2.9,0.286,0.9,1.3,0.733,0.52,0.3,0.5,0.667,1.0,1.8,2.8,0.4,0.5,0.0,0.5,1.1,4.7,,https://cdn.nba.com/headshots/nba/latest/1040x760/1641890.png
510,510,412.0,KJ Simpson,23.0,2TM,PG,20.0,2.0,12.9,1.7,5.0,0.343,0.6,2.0,0.3,1.1,3.0,0.373,0.404,0.6,0.9,0.611,0.5,1.4,1.9,2.2,0.8,0.0,1.3,0.9,4.6,,https://cdn.nba.com/headshots/nba/latest/1040x760/1642354.png
511,511,412.0,KJ Simpson,23.0,CHO,PG,14.0,2.0,15.9,2.2,6.4,0.348,0.9,2.8,0.308,1.4,3.6,0.38,0.416,0.7,1.1,0.625,0.4,1.7,2.1,2.5,1.1,0.0,1.7,1.0,6.0,,https://cdn.nba.com/headshots/nba/latest/1040x760/1642354.png
512,512,412.0,KJ Simpson,23.0,DEN,PG,6.0,0.0,5.7,0.5,1.7,0.3,0.0,0.2,0.0,0.5,1.5,0.333,0.3,0.2,0.3,0.5,0.7,0.7,1.3,1.3,0.2,0.0,0.2,0.7,1.2,,https://cdn.nba.com/headshots/nba/latest/1040x760/1642354.png
513,513,413.0,Lonzo Ball,28.0,CLE,PG,35.0,3.0,20.8,1.5,5.0,0.301,1.1,4.2,0.272,0.4,0.8,0.448,0.415,0.4,0.6,0.667,0.7,3.3,4.0,3.9,1.3,0.3,1.5,1.3,4.6,,https://cdn.nba.com/headshots/nba/latest/1040x760/1628366.png
514,514,414.0,Malaki Branham,22.0,WAS,SG,28.0,0.0,9.8,1.5,3.3,0.473,0.5,1.3,0.378,1.0,1.9,0.537,0.549,1.0,1.2,0.824,0.4,1.1,1.6,0.8,0.4,0.1,0.5,0.8,4.6,,https://cdn.nba.com/headshots/nba/latest/1040x760/1631103.png
515,515,415.0,Zyon Pullin,24.0,MIN,SG,5.0,0.0,8.6,1.8,2.6,0.692,0.2,0.6,0.333,1.6,2.0,0.8,0.731,0.8,0.8,1.0,0.2,0.4,0.6,1.8,0.2,0.0,0.6,1.2,4.6,,https://cdn.nba.com/headshots/nba/latest/1040x760/1642389.png
516,516,416.0,Jeremiah Robinson-Earl,25.0,2TM,PF,22.0,3.0,16.4,1.7,4.5,0.37,0.5,1.9,0.244,1.2,2.7,0.458,0.42,0.8,0.8,0.944,1.6,3.0,4.7,0.7,0.4,0.0,0.5,1.2,4.6,,https://cdn.nba.com/headshots/nba/latest/1040x760/1630526.png
517,517,416.0,Jeremiah Robinson-Earl,25.0,IND,PF,17.0,3.0,17.6,1.7,4.9,0.349,0.5,1.9,0.242,1.2,2.9,0.42,0.398,0.8,0.8,0.929,1.9,3.3,5.2,0.7,0.4,0.1,0.6,1.4,4.6,,https://cdn.nba.com/headshots/nba/latest/1040x760/1630526.png
518,518,416.0,Jeremiah Robinson-Earl,25.0,DAL,PF,5.0,0.0,12.2,1.6,3.4,0.471,0.4,1.6,0.25,1.2,1.8,0.667,0.529,0.8,0.8,1.0,0.8,2.2,3.0,0.6,0.4,0.0,0.4,0.6,4.4,,https://cdn.nba.com/headshots/nba/latest/1040x760/1630526.png
519,519,417.0,PJ Hall,23.0,2TM,C,19.0,2.0,11.3,1.6,3.1,0.508,0.2,0.3,0.6,1.4,2.8,0.5,0.534,1.2,1.5,0.793,1.7,2.2,3.9,0.5,0.2,0.5,0.8,1.2,4.5,,https://cdn.nba.com/headshots/nba/latest/1040x760/1641790.png
520,520,417.0,PJ Hall,23.0,MEM,C,7.0,0.0,3.9,0.7,1.3,0.556,0.1,0.4,0.333,0.6,0.9,0.667,0.611,0.3,0.4,0.667,0.4,0.9,1.3,0.3,0.0,0.3,0.1,0.4,1.9,,https://cdn.nba.com/headshots/nba/latest/1040x760/1641790.png
521,521,417.0,PJ Hall,23.0,CHO,C,12.0,2.0,15.6,2.1,4.2,0.5,0.2,0.2,1.0,1.9,4.0,0.479,0.52,1.8,2.2,0.808,2.5,3.0,5.5,0.7,0.3,0.7,1.3,1.6,6.1,,https://cdn.nba.com/headshots/nba/latest/1040x760/1641790.png
522,522,418.0,Moussa Cisse,23.0,DAL,C,38.0,1.0,13.9,1.7,3.0,0.574,0.0,0.0,,1.7,3.0,0.574,0.574,1.0,2.1,0.469,2.3,3.3,5.7,0.2,0.5,1.2,0.8,1.9,4.5,,https://cdn.nba.com/headshots/nba/latest/1040x760/1630619.png
523,523,419.0,Mike Conley,38.0,MIN,PG,54.0,15.0,18.4,1.3,4.0,0.335,1.0,3.1,0.337,0.3,0.9,0.327,0.465,0.8,0.9,0.9,0.3,1.4,1.7,2.9,0.6,0.3,0.6,1.6,4.5,,https://cdn.nba.com/headshots/nba/latest/1040x760/201144.png
524,524,420.0,Josh Okogie,27.0,HOU,SG,78.0,32.0,17.4,1.6,3.8,0.425,0.8,2.1,0.385,0.8,1.7,0.474,0.531,0.5,0.9,0.594,1.0,1.5,2.6,0.9,0.8,0.2,0.5,1.4,4.5,,https://cdn.nba.com/headshots/nba/latest/1040x760/1629006.png
525,525,421.0,Taelon Peter,23.0,IND,SG,38.0,0.0,12.9,1.6,4.2,0.38,1.1,3.3,0.328,0.5,0.9,0.576,0.509,0.3,0.4,0.625,0.3,1.3,1.6,1.1,0.7,0.1,0.7,1.0,4.5,,https://cdn.nba.com/headshots/nba/latest/1040x760/1643007.png
526,526,422.0,Craig Porter Jr.,25.0,CLE,PG,64.0,3.0,17.9,1.8,4.0,0.45,0.5,1.5,0.355,1.3,2.6,0.503,0.514,0.4,0.6,0.6,1.3,2.1,3.4,3.2,0.9,0.6,0.9,1.1,4.5,,https://cdn.nba.com/headshots/nba/latest/1040x760/1641854.png
527,527,423.0,John Konchar,29.0,2TM,SG,56.0,8.0,19.9,1.7,3.6,0.472,0.5,1.8,0.283,1.2,1.8,0.66,0.543,0.6,0.8,0.727,1.3,3.0,4.3,2.1,1.5,0.7,0.6,1.4,4.4,,https://cdn.nba.com/headshots/nba/latest/1040x760/1629723.png
528,528,423.0,John Konchar,29.0,MEM,SG,30.0,1.0,14.5,1.2,2.4,0.521,0.4,1.3,0.333,0.8,1.1,0.75,0.613,0.3,0.4,0.615,0.7,2.4,3.1,1.3,1.0,0.4,0.5,1.0,3.2,,https://cdn.nba.com/headshots/nba/latest/1040x760/1629723.png
529,529,423.0,John Konchar,29.0,UTA,SG,26.0,7.0,26.2,2.2,4.9,0.445,0.6,2.3,0.25,1.6,2.6,0.618,0.504,0.9,1.2,0.774,2.1,3.6,5.7,3.0,2.0,1.0,0.8,1.9,5.9,,https://cdn.nba.com/headshots/nba/latest/1040x760/1629723.png
530,530,424.0,RayJ Dennis,24.0,3TM,PG,17.0,0.0,12.1,1.5,4.9,0.313,0.8,2.6,0.311,0.7,2.2,0.316,0.398,0.5,0.5,0.889,0.5,1.1,1.5,1.9,0.2,0.2,1.0,1.2,4.4,,https://cdn.nba.com/headshots/nba/latest/1040x760/1642484.png
531,531,424.0,RayJ Dennis,24.0,IND,PG,13.0,0.0,12.9,1.7,5.5,0.306,0.9,2.9,0.316,0.8,2.6,0.294,0.389,0.6,0.7,0.889,0.6,1.0,1.6,2.0,0.2,0.3,1.1,1.2,4.9,,https://cdn.nba.com/headshots/nba/latest/1040x760/1642484.png
532,532,424.0,RayJ Dennis,24.0,LAC,PG,1.0,0.0,4.0,0.0,0.0,,0.0,0.0,,0.0,0.0,,,0.0,0.0,,0.0,2.0,2.0,0.0,0.0,0.0,1.0,0.0,0.0,,https://cdn.nba.com/headshots/nba/latest/1040x760/1642484.png
533,533,424.0,RayJ Dennis,24.0,ATL,PG,3.0,0.0,11.3,1.3,3.7,0.364,0.7,2.3,0.286,0.7,1.3,0.5,0.455,0.0,0.0,,0.0,1.0,1.0,2.3,0.3,0.0,0.7,1.7,3.3,,https://cdn.nba.com/headshots/nba/latest/1040x760/1642484.png
534,534,425.0,Gabe Vincent,29.0,2TM,PG,53.0,7.0,16.6,1.4,4.1,0.352,1.1,3.3,0.341,0.3,0.8,0.395,0.488,0.4,0.4,0.87,0.3,0.7,1.0,1.4,0.5,0.1,0.5,1.5,4.4,,https://cdn.nba.com/headshots/nba/latest/1040x760/1629216.png
535,535,425.0,Gabe Vincent,29.0,LAL,PG,29.0,7.0,19.3,1.6,4.5,0.346,1.3,3.6,0.369,0.2,0.9,0.259,0.492,0.3,0.4,0.909,0.2,0.7,0.9,1.3,0.5,0.0,0.4,1.8,4.8,,https://cdn.nba.com/headshots/nba/latest/1040x760/1629216.png
536,536,425.0,Gabe Vincent,29.0,ATL,PG,24.0,0.0,13.3,1.3,3.6,0.36,0.9,2.9,0.3,0.4,0.7,0.625,0.483,0.4,0.5,0.833,0.4,0.7,1.1,1.6,0.5,0.1,0.6,1.1,3.9,,https://cdn.nba.com/headshots/nba/latest/1040x760/1629216.png
537,537,426.0,Mouhamed Gueye,23.0,ATL,PF,77.0,8.0,15.3,1.7,3.8,0.452,0.5,1.7,0.308,1.2,2.1,0.569,0.521,0.5,0.8,0.645,1.2,2.4,3.6,0.9,0.8,0.5,0.4,1.6,4.4,,https://cdn.nba.com/headshots/nba/latest/1040x760/1631243.png
538,538,427.0,Kam Jones,23.0,IND,SG,37.0,7.0,16.6,1.8,4.6,0.402,0.6,2.0,0.293,1.2,2.5,0.489,0.467,0.1,0.2,0.5,0.4,1.2,1.6,3.2,0.5,0.0,1.0,1.1,4.4,,https://cdn.nba.com/headshots/nba/latest/1040x760/1642880.png
539,539,428.0,DeAndre Jordan,37.0,NOP,C,12.0,7.0,16.6,1.8,2.7,0.656,0.0,0.0,,1.8,2.7,0.656,0.656,0.9,1.4,0.647,2.2,4.2,6.3,0.9,0.3,0.8,0.8,1.3,4.4,,https://cdn.nba.com/headshots/nba/latest/1040x760/201599.png
540,540,429.0,Tyler Kolek,24.0,NYK,PG,62.0,1.0,11.7,1.7,4.0,0.435,0.7,1.8,0.386,1.0,2.2,0.478,0.524,0.2,0.3,0.7,0.3,1.3,1.6,2.7,0.4,0.1,0.9,1.0,4.4,,https://cdn.nba.com/headshots/nba/latest/1040x760/1642278.png
541,541,430.0,Jase Richardson,20.0,ORL,SG,54.0,0.0,10.9,1.6,3.5,0.473,0.5,1.5,0.354,1.1,2.0,0.56,0.548,0.6,0.9,0.717,0.4,0.8,1.2,1.1,0.4,0.0,0.5,1.0,4.4,,https://cdn.nba.com/headshots/nba/latest/1040x760/1642859.png
542,542,431.0,Jarred Vanderbilt,26.0,LAL,PF,65.0,3.0,17.4,1.7,3.7,0.471,0.4,1.5,0.293,1.3,2.2,0.596,0.531,0.5,0.9,0.589,1.2,3.3,4.5,1.3,0.8,0.3,0.9,1.6,4.4,,https://cdn.nba.com/headshots/nba/latest/1040x760/1629020.png
543,543,432.0,Keshon Gilbert,22.0,2TM,SG,4.0,0.0,18.5,1.3,3.0,0.417,0.0,0.8,0.0,1.3,2.3,0.556,0.417,1.8,1.8,1.0,0.5,0.8,1.3,3.0,0.8,1.0,2.0,1.3,4.3,,
544,544,432.0,Keshon Gilbert,22.0,WAS,PG,3.0,0.0,16.0,0.3,1.3,0.25,0.0,0.7,0.0,0.3,0.7,0.5,0.25,1.3,1.3,1.0,0.7,1.0,1.7,1.0,0.7,1.3,2.0,1.0,2.0,,
545,545,432.0,Keshon Gilbert,22.0,ATL,SG,1.0,0.0,26.0,4.0,8.0,0.5,0.0,1.0,0.0,4.0,7.0,0.571,0.5,3.0,3.0,1.0,0.0,0.0,0.0,9.0,1.0,0.0,2.0,2.0,11.0,,
546,546,433.0,Rasheer Fleming,21.0,PHO,PF,55.0,1.0,12.2,1.6,3.9,0.405,0.8,2.4,0.346,0.8,1.5,0.494,0.509,0.3,0.6,0.559,1.0,1.2,2.3,0.3,0.4,0.4,0.5,1.2,4.3,,https://cdn.nba.com/headshots/nba/latest/1040x760/1642853.png
547,547,434.0,Josh Green,25.0,CHO,SG,58.0,0.0,15.7,1.4,3.1,0.459,1.0,2.4,0.42,0.4,0.7,0.581,0.619,0.4,0.5,0.893,0.8,1.0,1.8,0.8,0.6,0.1,0.6,1.1,4.3,,https://cdn.nba.com/headshots/nba/latest/1040x760/1630182.png
548,548,435.0,Keshad Johnson,24.0,MIA,SF,32.0,0.0,8.8,1.6,3.3,0.49,0.4,1.4,0.295,1.2,1.9,0.633,0.553,0.7,0.9,0.724,0.8,1.1,1.9,0.3,0.5,0.3,0.4,0.9,4.3,,https://cdn.nba.com/headshots/nba/latest/1040x760/1642352.png
549,549,436.0,Yanic Konan Niederhäuser,22.0,LAC,C,41.0,0.0,10.3,1.6,2.4,0.64,0.0,0.1,0.2,1.5,2.3,0.663,0.645,1.1,1.5,0.758,0.9,2.0,2.9,0.3,0.1,0.7,0.6,1.6,4.3,,https://cdn.nba.com/headshots/nba/latest/1040x760/1642949.png
550,550,437.0,Skal Labissière,29.0,WAS,PF,3.0,0.0,12.7,2.0,3.3,0.6,0.3,1.7,0.2,1.7,1.7,1.0,0.65,0.0,0.0,,1.0,2.0,3.0,1.0,0.7,0.3,0.3,1.0,4.3,,https://cdn.nba.com/headshots/nba/latest/1040x760/1627746.png
551,551,438.0,Dereck Lively II,21.0,DAL,C,7.0,4.0,16.4,1.6,2.6,0.611,0.0,0.0,,1.6,2.6,0.611,0.611,1.1,1.4,0.8,2.0,3.3,5.3,1.9,0.6,1.6,1.4,3.0,4.3,,https://cdn.nba.com/headshots/nba/latest/1040x760/1641726.png
552,552,439.0,Liam McNeeley,20.0,CHO,SF,31.0,0.0,11.9,1.2,3.1,0.4,0.8,1.9,0.4,0.5,1.1,0.4,0.526,1.0,1.3,0.821,0.4,1.9,2.4,0.8,0.2,0.1,0.4,1.2,4.3,,https://cdn.nba.com/headshots/nba/latest/1040x760/1642862.png
553,553,440.0,Grant Nelson,23.0,BRK,PF,4.0,0.0,8.8,1.3,2.3,0.556,0.0,0.0,,1.3,2.3,0.556,0.556,1.8,2.5,0.7,0.3,1.3,1.5,1.3,0.3,1.3,1.0,1.5,4.3,,
554,554,441.0,Micah Peavy,24.0,NOP,SG,61.0,4.0,15.0,1.7,4.5,0.385,0.5,1.8,0.259,1.3,2.7,0.467,0.436,0.4,0.5,0.759,0.8,1.2,1.9,1.0,0.7,0.1,0.3,1.6,4.3,,https://cdn.nba.com/headshots/nba/latest/1040x760/1642877.png
555,555,442.0,Jabari Walker,23.0,PHI,PF,64.0,6.0,11.9,1.5,3.3,0.455,0.5,1.5,0.337,1.0,1.8,0.551,0.531,0.8,1.1,0.735,1.1,1.9,3.0,0.5,0.4,0.2,0.4,1.6,4.3,,https://cdn.nba.com/headshots/nba/latest/1040x760/1631133.png
556,556,443.0,Carter Bryant,20.0,SAS,PF,71.0,0.0,11.5,1.5,3.7,0.408,0.7,2.2,0.335,0.8,1.5,0.509,0.506,0.4,0.6,0.714,0.5,2.0,2.5,0.7,0.2,0.3,0.5,1.3,4.2,,https://cdn.nba.com/headshots/nba/latest/1040x760/1642868.png
557,557,444.0,Ron Harper Jr.,25.0,BOS,SF,29.0,3.0,11.0,1.6,3.8,0.418,1.0,2.8,0.35,0.6,1.0,0.6,0.545,0.1,0.1,0.75,0.5,1.1,1.7,0.8,0.3,0.3,0.3,0.7,4.2,,https://cdn.nba.com/headshots/nba/latest/1040x760/1631199.png
558,558,445.0,Dalton Knecht,24.0,LAL,SF,54.0,1.0,10.2,1.6,3.5,0.455,0.7,2.1,0.342,0.9,1.5,0.613,0.555,0.3,0.4,0.727,0.3,1.1,1.4,0.4,0.2,0.2,0.4,0.8,4.2,,https://cdn.nba.com/headshots/nba/latest/1040x760/1642261.png
559,559,446.0,A.J. Lawson,25.0,TOR,SG,24.0,0.0,9.4,1.4,3.3,0.436,0.8,1.9,0.422,0.6,1.4,0.455,0.558,0.6,0.8,0.778,0.4,1.4,1.8,0.3,0.5,0.2,0.3,1.1,4.2,,https://cdn.nba.com/headshots/nba/latest/1040x760/1630639.png
560,560,447.0,Tristan Enaruna,24.0,CLE,SF,9.0,0.0,9.4,1.6,3.1,0.5,0.3,1.1,0.3,1.2,2.0,0.611,0.554,0.7,0.9,0.75,0.8,0.8,1.6,0.8,0.6,0.0,0.3,0.3,4.1,,
561,561,448.0,Nicolas Batum,37.0,LAC,PF,74.0,6.0,17.5,1.3,3.2,0.403,1.2,3.1,0.404,0.1,0.1,0.4,0.597,0.1,0.1,0.818,0.3,2.2,2.5,0.9,0.6,0.3,0.5,1.4,4.0,,https://cdn.nba.com/headshots/nba/latest/1040x760/201587.png
562,562,449.0,Tony Bradley,28.0,2TM,C,41.0,4.0,11.0,1.6,2.9,0.547,0.0,0.1,0.5,1.5,2.8,0.549,0.556,0.8,1.0,0.744,1.5,1.4,2.8,0.5,0.1,0.2,0.4,1.5,4.0,,https://cdn.nba.com/headshots/nba/latest/1040x760/1628396.png
563,563,449.0,Tony Bradley,28.0,IND,C,38.0,3.0,10.9,1.6,2.8,0.557,0.0,0.1,0.5,1.5,2.7,0.558,0.561,0.8,1.1,0.744,1.5,1.3,2.8,0.5,0.2,0.2,0.4,1.6,4.0,,https://cdn.nba.com/headshots/nba/latest/1040x760/1628396.png
564,564,449.0,Tony Bradley,28.0,ATL,C,3.0,1.0,11.3,1.7,3.7,0.455,0.3,0.7,0.5,1.3,3.0,0.444,0.5,0.0,0.0,,1.3,1.7,3.0,0.7,0.0,0.0,0.3,0.7,3.7,,https://cdn.nba.com/headshots/nba/latest/1040x760/1628396.png
565,565,450.0,Jaylen Clark,24.0,MIN,SG,68.0,1.0,13.1,1.5,3.4,0.434,0.5,1.5,0.327,1.0,1.9,0.52,0.507,0.6,1.0,0.657,0.8,1.0,1.8,0.6,0.7,0.1,0.3,1.3,4.0,,https://cdn.nba.com/headshots/nba/latest/1040x760/1641740.png
566,566,451.0,Brandon Clarke,29.0,MEM,PF,2.0,2.0,10.0,1.5,4.5,0.333,0.0,0.0,,1.5,4.5,0.333,0.333,1.0,2.0,0.5,2.0,1.0,3.0,0.5,1.0,0.0,0.0,2.5,4.0,,https://cdn.nba.com/headshots/nba/latest/1040x760/1629634.png
567,567,452.0,Riley Minix,25.0,2TM,SF,9.0,0.0,6.4,1.6,2.6,0.609,0.4,1.3,0.333,1.1,1.2,0.909,0.696,0.3,0.3,1.0,0.2,0.4,0.7,0.6,0.2,0.1,0.3,0.6,3.9,,https://cdn.nba.com/headshots/nba/latest/1040x760/1642434.png
568,568,452.0,Riley Minix,25.0,SAS,SF,3.0,0.0,2.7,1.3,2.0,0.667,0.3,1.0,0.333,1.0,1.0,1.0,0.75,0.0,0.0,,0.3,0.3,0.7,0.3,0.3,0.0,0.0,0.3,3.0,,https://cdn.nba.com/headshots/nba/latest/1040x760/1642434.png
569,569,452.0,Riley Minix,25.0,CLE,SF,6.0,0.0,8.3,1.7,2.8,0.588,0.5,1.5,0.333,1.2,1.3,0.875,0.676,0.5,0.5,1.0,0.2,0.5,0.7,0.7,0.2,0.2,0.5,0.7,4.3,,https://cdn.nba.com/headshots/nba/latest/1040x760/1642434.png
570,570,453.0,Joan Beringer,19.0,MIN,PF,40.0,3.0,7.9,1.6,2.5,0.663,0.0,0.0,,1.6,2.5,0.663,0.663,0.7,0.9,0.703,1.1,1.2,2.3,0.3,0.2,0.7,0.3,1.2,3.9,,https://cdn.nba.com/headshots/nba/latest/1040x760/1642866.png
571,571,454.0,Hugo González,19.0,BOS,SF,74.0,3.0,14.6,1.6,3.3,0.476,0.6,1.6,0.362,1.0,1.8,0.577,0.561,0.2,0.4,0.5,0.8,2.5,3.3,0.5,0.6,0.3,0.5,1.7,3.9,,https://cdn.nba.com/headshots/nba/latest/1040x760/1642864.png
572,572,455.0,Caleb Martin,30.0,DAL,SF,58.0,12.0,14.8,1.5,3.3,0.45,0.3,1.0,0.351,1.1,2.3,0.492,0.503,0.6,1.1,0.607,0.5,2.0,2.5,1.4,0.7,0.3,0.7,1.5,3.9,,https://cdn.nba.com/headshots/nba/latest/1040x760/1628997.png
573,573,456.0,Koby Brea,23.0,PHO,SG,12.0,0.0,7.0,1.3,3.0,0.417,1.1,2.5,0.433,0.2,0.5,0.333,0.597,0.2,0.2,1.0,0.1,0.6,0.7,0.8,0.1,0.0,0.3,0.5,3.8,,https://cdn.nba.com/headshots/nba/latest/1040x760/1642886.png
574,574,457.0,Clint Capela,31.0,HOU,C,75.0,3.0,12.3,1.6,3.0,0.52,0.0,0.0,0.5,1.6,3.0,0.52,0.522,0.6,1.0,0.577,2.1,2.5,4.6,0.7,0.5,0.8,0.5,1.0,3.8,,https://cdn.nba.com/headshots/nba/latest/1040x760/203991.png
575,575,458.0,Noah Penda,21.0,ORL,SF,59.0,2.0,12.8,1.4,3.4,0.404,0.5,1.6,0.323,0.9,1.9,0.473,0.478,0.6,0.8,0.688,1.1,2.0,3.2,1.2,0.5,0.3,0.7,1.2,3.8,,https://cdn.nba.com/headshots/nba/latest/1040x760/1642869.png
576,576,459.0,Omer Yurtseven,27.0,GSW,C,9.0,0.0,11.6,1.2,2.9,0.423,0.0,0.4,0.0,1.2,2.4,0.5,0.423,1.3,2.0,0.667,1.4,1.9,3.3,0.9,0.2,0.1,1.0,1.7,3.8,,https://cdn.nba.com/headshots/nba/latest/1040x760/1630209.png
577,577,460.0,Patrick Baldwin Jr.,23.0,3TM,SF,9.0,1.0,11.3,1.2,3.0,0.407,0.7,1.6,0.429,0.6,1.4,0.385,0.519,0.6,0.8,0.714,1.3,1.2,2.6,0.6,0.3,0.6,0.6,1.7,3.7,,https://cdn.nba.com/headshots/nba/latest/1040x760/1631116.png
578,578,460.0,Patrick Baldwin Jr.,23.0,LAC,SF,2.0,0.0,6.0,1.5,2.0,0.75,1.0,1.5,0.667,0.5,0.5,1.0,1.0,1.0,1.0,1.0,0.0,0.5,0.5,0.0,0.0,0.0,0.5,1.0,5.0,,https://cdn.nba.com/headshots/nba/latest/1040x760/1631116.png
579,579,460.0,Patrick Baldwin Jr.,23.0,PHI,SF,1.0,0.0,2.0,0.0,0.0,,0.0,0.0,,0.0,0.0,,,0.0,0.0,,0.0,1.0,1.0,0.0,0.0,0.0,0.0,0.0,0.0,,https://cdn.nba.com/headshots/nba/latest/1040x760/1631116.png
580,580,460.0,Patrick Baldwin Jr.,23.0,SAC,SF,6.0,1.0,14.7,1.3,3.8,0.348,0.7,1.8,0.364,0.7,2.0,0.333,0.435,0.5,0.8,0.6,2.0,1.5,3.5,0.8,0.5,0.8,0.7,2.2,3.8,,https://cdn.nba.com/headshots/nba/latest/1040x760/1631116.png
581,581,461.0,Dalen Terry,23.0,2TM,SG,48.0,0.0,11.5,1.4,3.2,0.439,0.5,1.4,0.364,0.9,1.9,0.494,0.516,0.3,0.6,0.533,0.5,1.3,1.8,1.4,0.6,0.3,0.5,1.0,3.7,,https://cdn.nba.com/headshots/nba/latest/1040x760/1631207.png
582,582,461.0,Dalen Terry,23.0,CHI,SG,34.0,0.0,11.1,1.3,3.0,0.441,0.6,1.4,0.413,0.8,1.6,0.464,0.534,0.3,0.5,0.529,0.6,1.3,1.9,1.3,0.6,0.3,0.6,1.0,3.5,,https://cdn.nba.com/headshots/nba/latest/1040x760/1631207.png
583,583,461.0,Dalen Terry,23.0,PHI,SG,14.0,0.0,12.4,1.6,3.8,0.434,0.4,1.4,0.25,1.3,2.4,0.545,0.481,0.5,0.9,0.538,0.5,1.1,1.6,1.6,0.5,0.3,0.4,1.1,4.1,,https://cdn.nba.com/headshots/nba/latest/1040x760/1631207.png
584,584,462.0,DaRon Holmes,23.0,DEN,PF,25.0,6.0,8.4,1.2,2.4,0.508,0.8,1.8,0.444,0.4,0.6,0.688,0.672,0.4,0.6,0.786,0.3,1.1,1.4,0.6,0.0,0.2,0.5,0.8,3.7,,https://cdn.nba.com/headshots/nba/latest/1040x760/1641747.png
585,585,463.0,Larry Nance Jr.,33.0,CLE,PF,35.0,3.0,12.8,1.5,3.5,0.419,0.6,1.8,0.333,0.9,1.7,0.508,0.504,0.2,0.4,0.462,0.8,1.8,2.7,1.0,0.6,0.2,0.6,1.6,3.7,,https://cdn.nba.com/headshots/nba/latest/1040x760/1626204.png
586,586,464.0,Zeke Nnaji,25.0,DEN,PF,52.0,4.0,12.0,1.4,2.9,0.47,0.3,1.0,0.259,1.1,1.9,0.588,0.517,0.7,0.8,0.773,0.6,2.0,2.6,0.6,0.3,0.5,0.5,1.4,3.7,,https://cdn.nba.com/headshots/nba/latest/1040x760/1630192.png
587,587,465.0,Tolu Smith,25.0,DET,PF,15.0,0.0,9.1,1.2,2.4,0.5,0.0,0.0,,1.2,2.4,0.5,0.5,1.3,2.0,0.667,1.5,1.8,3.3,0.9,0.1,0.4,0.5,1.5,3.7,,https://cdn.nba.com/headshots/nba/latest/1040x760/1642449.png
588,588,466.0,Jeremy Sochan,22.0,2TM,PF,44.0,0.0,10.7,1.5,2.9,0.496,0.3,1.0,0.244,1.2,1.9,0.631,0.539,0.4,0.6,0.731,0.8,1.6,2.4,0.9,0.4,0.2,0.5,1.4,3.6,,https://cdn.nba.com/headshots/nba/latest/1040x760/1631110.png
589,589,466.0,Jeremy Sochan,22.0,SAS,PF,28.0,0.0,12.8,1.7,3.5,0.475,0.3,1.3,0.257,1.4,2.3,0.594,0.52,0.4,0.6,0.688,0.9,1.7,2.6,1.0,0.4,0.2,0.6,1.8,4.1,,https://cdn.nba.com/headshots/nba/latest/1040x760/1631110.png
590,590,466.0,Jeremy Sochan,22.0,NYK,PF,16.0,0.0,6.9,1.1,1.9,0.567,0.1,0.6,0.2,0.9,1.3,0.75,0.6,0.5,0.6,0.8,0.7,1.4,2.1,0.8,0.4,0.1,0.2,0.8,2.8,,https://cdn.nba.com/headshots/nba/latest/1040x760/1631110.png
591,591,467.0,Mohamed Diawara,20.0,NYK,SF,69.0,7.0,9.2,1.3,3.1,0.423,0.7,1.9,0.369,0.6,1.2,0.506,0.535,0.3,0.3,0.75,0.2,1.1,1.4,0.8,0.2,0.1,0.4,0.7,3.6,,https://cdn.nba.com/headshots/nba/latest/1040x760/1642885.png
592,592,468.0,Myron Gardner,24.0,MIA,SF,45.0,7.0,9.1,1.3,2.7,0.48,0.6,1.4,0.406,0.7,1.3,0.559,0.585,0.4,0.6,0.731,0.9,1.8,2.7,1.0,0.4,0.2,0.4,1.7,3.6,,https://cdn.nba.com/headshots/nba/latest/1040x760/1642066.png
593,593,469.0,Olivier Sarr,26.0,CLE,C,4.0,0.0,9.8,1.3,1.8,0.714,0.5,0.8,0.667,0.8,1.0,0.75,0.857,0.5,1.3,0.4,0.5,2.3,2.8,1.3,0.5,0.8,0.5,2.3,3.5,,https://cdn.nba.com/headshots/nba/latest/1040x760/1630846.png
594,594,470.0,Keaton Wallace,26.0,ATL,PG,53.0,3.0,10.1,1.3,3.2,0.398,0.7,1.9,0.373,0.6,1.3,0.435,0.509,0.2,0.3,0.667,0.1,1.0,1.1,1.8,0.5,0.1,0.5,0.9,3.5,,https://cdn.nba.com/headshots/nba/latest/1040x760/1630811.png
595,595,471.0,Trayce Jackson-Davis,25.0,2TM,C,53.0,1.0,9.4,1.3,2.3,0.573,0.0,0.0,1.0,1.3,2.3,0.569,0.577,0.7,1.4,0.514,1.2,1.5,2.7,0.7,0.3,0.5,0.4,0.8,3.4,,https://cdn.nba.com/headshots/nba/latest/1040x760/1631218.png
596,596,471.0,Trayce Jackson-Davis,25.0,GSW,C,36.0,1.0,11.4,1.7,2.8,0.588,0.0,0.0,1.0,1.6,2.8,0.584,0.593,0.8,1.4,0.558,1.3,1.8,3.1,0.9,0.4,0.5,0.5,1.1,4.2,,https://cdn.nba.com/headshots/nba/latest/1040x760/1631218.png
597,597,471.0,Trayce Jackson-Davis,25.0,TOR,C,17.0,0.0,5.0,0.6,1.3,0.5,0.0,0.0,,0.6,1.3,0.5,0.5,0.5,1.3,0.409,1.1,0.8,1.9,0.4,0.2,0.3,0.2,0.3,1.8,,https://cdn.nba.com/headshots/nba/latest/1040x760/1631218.png
598,598,472.0,Taj Gibson,40.0,MEM,C,10.0,1.0,9.7,1.2,2.6,0.462,0.3,0.6,0.5,0.9,2.0,0.45,0.519,0.7,0.8,0.875,1.1,1.6,2.7,0.6,0.2,0.1,0.1,1.4,3.4,,https://cdn.nba.com/headshots/nba/latest/1040x760/201959.png
599,599,473.0,Yuki Kawamura,24.0,CHI,PG,18.0,0.0,11.6,0.9,2.9,0.327,0.6,2.1,0.297,0.3,0.8,0.4,0.433,0.9,1.1,0.895,0.4,1.4,1.8,2.6,0.5,0.0,0.8,0.8,3.4,,https://cdn.nba.com/headshots/nba/latest/1040x760/1642530.png
600,600,474.0,Drew Timme,25.0,LAL,PF,27.0,1.0,8.7,1.4,2.4,0.576,0.4,0.9,0.44,1.0,1.5,0.659,0.659,0.2,0.3,0.556,0.4,0.9,1.2,0.9,0.2,0.0,0.5,0.7,3.4,,https://cdn.nba.com/headshots/nba/latest/1040x760/1631166.png
601,601,475.0,AJ Johnson,21.0,2TM,SG,48.0,0.0,9.5,1.2,3.7,0.324,0.3,1.2,0.211,0.9,2.5,0.378,0.358,0.7,0.8,0.85,0.3,0.9,1.1,1.0,0.2,0.1,0.6,0.6,3.3,,https://cdn.nba.com/headshots/nba/latest/1040x760/1642358.png
602,602,475.0,AJ Johnson,21.0,WAS,SG,25.0,0.0,8.6,1.1,3.3,0.325,0.3,1.0,0.28,0.8,2.3,0.345,0.367,0.4,0.5,0.75,0.3,0.9,1.2,0.9,0.3,0.0,0.7,0.6,2.8,,https://cdn.nba.com/headshots/nba/latest/1040x760/1642358.png
603,603,475.0,AJ Johnson,21.0,DAL,SG,23.0,0.0,10.4,1.3,4.0,0.323,0.2,1.4,0.156,1.1,2.7,0.41,0.349,1.1,1.2,0.893,0.3,0.8,1.0,1.1,0.2,0.1,0.5,0.7,3.9,,https://cdn.nba.com/headshots/nba/latest/1040x760/1642358.png
604,604,476.0,Dorian Finney-Smith,32.0,HOU,PF,37.0,1.0,16.8,1.2,3.6,0.333,0.7,2.7,0.27,0.5,0.9,0.531,0.436,0.2,0.2,0.889,0.9,1.6,2.5,1.0,0.4,0.2,0.6,1.6,3.3,,https://cdn.nba.com/headshots/nba/latest/1040x760/1627827.png
605,605,477.0,Enrique Freeman,25.0,MIN,PF,4.0,0.0,9.3,1.0,2.0,0.5,0.5,1.0,0.5,0.5,1.0,0.5,0.625,0.8,1.0,0.75,0.5,2.0,2.5,0.5,0.5,0.8,0.5,1.3,3.3,,https://cdn.nba.com/headshots/nba/latest/1040x760/1642402.png
606,606,478.0,Malevy Leons,26.0,GSW,SF,25.0,2.0,11.0,1.3,2.9,0.444,0.2,0.6,0.25,1.1,2.2,0.5,0.472,0.6,0.8,0.789,1.2,0.9,2.1,0.9,0.6,0.4,0.5,1.2,3.3,,https://cdn.nba.com/headshots/nba/latest/1040x760/1642502.png
607,607,479.0,Dwight Powell,34.0,DAL,C,63.0,12.0,14.3,1.0,1.6,0.644,0.0,0.1,0.286,1.0,1.5,0.67,0.653,1.2,1.8,0.696,1.5,2.6,4.1,1.1,0.5,0.3,0.7,2.1,3.3,,https://cdn.nba.com/headshots/nba/latest/1040x760/203939.png
608,608,480.0,Isaiah Stevens,25.0,SAC,PG,3.0,0.0,14.3,1.0,2.3,0.429,0.0,0.3,0.0,1.0,2.0,0.5,0.429,1.3,1.3,1.0,0.7,0.3,1.0,3.3,1.7,0.0,0.7,0.7,3.3,,https://cdn.nba.com/headshots/nba/latest/1040x760/1641815.png
609,609,481.0,James Wiseman,24.0,IND,C,4.0,1.0,14.5,1.5,2.5,0.6,0.0,0.0,,1.5,2.5,0.6,0.6,0.3,0.5,0.5,1.3,0.8,2.0,0.8,0.0,0.3,1.3,2.5,3.3,,https://cdn.nba.com/headshots/nba/latest/1040x760/1630164.png
610,610,482.0,Amir Coffey,28.0,2TM,SG,46.0,3.0,10.7,1.2,2.5,0.487,0.4,1.1,0.347,0.8,1.4,0.594,0.562,0.5,0.6,0.786,0.4,0.8,1.2,0.6,0.2,0.1,0.2,0.7,3.2,,https://cdn.nba.com/headshots/nba/latest/1040x760/1629599.png
611,611,482.0,Amir Coffey,28.0,MIL,SG,30.0,2.0,8.8,0.9,1.8,0.473,0.2,0.8,0.28,0.6,1.0,0.633,0.536,0.4,0.5,0.867,0.2,0.7,0.9,0.4,0.1,0.1,0.1,0.5,2.4,,https://cdn.nba.com/headshots/nba/latest/1040x760/1629599.png
612,612,482.0,Amir Coffey,28.0,PHO,SG,16.0,1.0,14.1,1.8,3.6,0.5,0.6,1.5,0.417,1.2,2.1,0.559,0.586,0.6,0.8,0.692,0.8,1.1,1.9,1.0,0.4,0.1,0.3,1.0,4.8,,https://cdn.nba.com/headshots/nba/latest/1040x760/1629599.png
613,613,483.0,Alex Antetokounmpo,24.0,MIL,SF,6.0,0.0,3.5,0.5,1.3,0.375,0.3,1.2,0.286,0.2,0.2,1.0,0.5,1.8,2.5,0.733,0.3,0.7,1.0,0.2,0.0,0.2,0.2,0.2,3.2,,https://cdn.nba.com/headshots/nba/latest/1040x760/1630828.png
614,614,484.0,Kelly Olynyk,34.0,SAS,C,42.0,0.0,8.6,1.1,2.3,0.49,0.3,1.1,0.255,0.8,1.2,0.714,0.552,0.6,0.9,0.711,0.6,1.2,1.8,1.2,0.4,0.1,0.6,0.9,3.2,,https://cdn.nba.com/headshots/nba/latest/1040x760/203482.png
615,615,485.0,Jamison Battle,24.0,TOR,SF,61.0,2.0,8.5,1.2,2.4,0.51,0.6,1.4,0.412,0.6,1.0,0.65,0.631,0.1,0.2,0.643,0.3,1.1,1.5,0.4,0.1,0.0,0.3,0.7,3.1,,https://cdn.nba.com/headshots/nba/latest/1040x760/1642419.png
616,616,486.0,Miles Kelly,23.0,DAL,PG,14.0,0.0,9.6,1.1,3.1,0.364,0.7,2.4,0.303,0.4,0.8,0.545,0.477,0.1,0.1,1.0,0.4,1.4,1.7,0.9,0.3,0.1,0.4,0.9,3.1,,https://cdn.nba.com/headshots/nba/latest/1040x760/1642939.png
617,617,487.0,Mark Sears,23.0,MIL,PG,7.0,0.0,3.7,0.9,1.9,0.462,0.6,1.1,0.5,0.3,0.7,0.4,0.615,0.9,1.1,0.75,0.1,0.1,0.3,0.3,0.0,0.0,0.6,0.6,3.1,,https://cdn.nba.com/headshots/nba/latest/1040x760/1641813.png
618,618,488.0,Tyus Jones,29.0,3TM,PG,67.0,12.0,14.6,1.1,3.3,0.349,0.6,2.0,0.292,0.5,1.2,0.444,0.44,0.1,0.1,0.778,0.2,1.0,1.1,2.4,0.6,0.0,0.4,0.5,3.0,,https://cdn.nba.com/headshots/nba/latest/1040x760/1626145.png
619,619,488.0,Tyus Jones,29.0,ORL,PG,48.0,8.0,15.7,1.1,3.3,0.342,0.6,2.1,0.294,0.5,1.2,0.429,0.437,0.1,0.1,1.0,0.2,0.9,1.1,2.4,0.7,0.1,0.3,0.5,3.0,,https://cdn.nba.com/headshots/nba/latest/1040x760/1626145.png
620,620,488.0,Tyus Jones,29.0,DAL,PG,8.0,2.0,16.6,1.6,4.3,0.382,0.5,2.4,0.211,1.1,1.9,0.6,0.441,0.1,0.3,0.5,0.1,1.0,1.1,3.8,0.4,0.0,0.6,0.6,3.9,,https://cdn.nba.com/headshots/nba/latest/1040x760/1626145.png
621,621,488.0,Tyus Jones,29.0,DEN,PG,11.0,2.0,8.4,0.8,2.4,0.346,0.5,1.5,0.375,0.3,0.9,0.3,0.462,0.0,0.1,0.0,0.2,1.1,1.3,1.2,0.1,0.0,0.5,0.1,2.2,,https://cdn.nba.com/headshots/nba/latest/1040x760/1626145.png
622,622,489.0,CJ Huntley,24.0,PHO,SF,4.0,0.0,10.0,1.5,2.8,0.545,0.0,0.8,0.0,1.5,2.0,0.75,0.545,0.0,0.0,,0.5,0.8,1.3,0.5,0.3,0.0,0.0,0.5,3.0,,https://cdn.nba.com/headshots/nba/latest/1040x760/1643047.png
623,623,490.0,Chris Livingston,22.0,CLE,SF,3.0,0.0,5.7,1.3,2.3,0.571,0.0,1.0,0.0,1.3,1.3,1.0,0.571,0.3,0.3,1.0,0.0,1.0,1.0,0.3,0.3,0.0,0.0,1.3,3.0,,https://cdn.nba.com/headshots/nba/latest/1040x760/1641753.png
624,624,491.0,Khaman Maluach,19.0,PHO,C,46.0,1.0,8.9,1.2,2.3,0.533,0.1,0.5,0.238,1.1,1.8,0.607,0.557,0.5,0.7,0.71,1.1,1.8,2.9,0.1,0.1,0.7,0.5,0.9,3.0,,https://cdn.nba.com/headshots/nba/latest/1040x760/1642863.png
625,625,492.0,Emanuel Miller,25.0,CHI,PF,5.0,0.0,6.6,1.2,2.6,0.462,0.4,1.2,0.333,0.8,1.4,0.571,0.538,0.2,0.4,0.5,0.2,0.4,0.6,0.8,0.4,0.0,0.0,0.4,3.0,,https://cdn.nba.com/headshots/nba/latest/1040x760/1641801.png
626,626,493.0,Monte Morris,30.0,IND,PG,6.0,0.0,10.8,1.2,3.3,0.35,0.3,1.3,0.25,0.8,2.0,0.417,0.4,0.3,0.7,0.5,0.2,1.0,1.2,1.5,0.2,0.2,0.3,0.5,3.0,,https://cdn.nba.com/headshots/nba/latest/1040x760/1628420.png
627,627,494.0,Julian Phillips,22.0,2TM,SF,48.0,2.0,8.9,1.1,2.5,0.421,0.4,1.4,0.308,0.6,1.2,0.554,0.504,0.4,0.5,0.783,0.5,0.5,1.0,0.2,0.5,0.1,0.2,0.9,2.9,,https://cdn.nba.com/headshots/nba/latest/1040x760/1641763.png
628,628,494.0,Julian Phillips,22.0,CHI,SF,35.0,2.0,9.5,1.1,2.5,0.42,0.5,1.4,0.327,0.6,1.1,0.538,0.511,0.3,0.3,0.818,0.6,0.6,1.3,0.2,0.5,0.2,0.2,0.9,2.8,,https://cdn.nba.com/headshots/nba/latest/1040x760/1641763.png
629,629,494.0,Julian Phillips,22.0,MIN,SF,13.0,0.0,7.2,1.1,2.5,0.424,0.3,1.2,0.25,0.8,1.3,0.588,0.485,0.7,0.9,0.75,0.1,0.3,0.4,0.2,0.4,0.1,0.3,0.8,3.2,,https://cdn.nba.com/headshots/nba/latest/1040x760/1641763.png
630,630,495.0,Kobe Bufkin,22.0,LAL,SG,16.0,1.0,7.4,0.9,3.1,0.3,0.3,1.6,0.192,0.6,1.5,0.417,0.35,0.7,0.8,0.917,0.1,0.8,0.8,0.6,0.1,0.2,0.3,0.6,2.9,,https://cdn.nba.com/headshots/nba/latest/1040x760/1641723.png
631,631,496.0,Bronny James,21.0,LAL,SG,42.0,1.0,8.9,1.1,2.7,0.409,0.5,1.4,0.386,0.6,1.4,0.431,0.504,0.1,0.2,0.857,0.1,0.4,0.5,1.2,0.5,0.1,0.6,0.7,2.9,,https://cdn.nba.com/headshots/nba/latest/1040x760/1642355.png
632,632,497.0,Curtis Jones,24.0,DEN,SG,10.0,0.0,8.8,1.1,2.7,0.407,0.6,1.8,0.333,0.5,0.9,0.556,0.519,0.1,0.2,0.5,0.2,0.9,1.1,1.0,0.4,0.0,0.2,0.6,2.9,,https://cdn.nba.com/headshots/nba/latest/1040x760/1642938.png
633,633,498.0,David Jones García,24.0,SAS,SF,11.0,0.0,6.2,1.2,2.3,0.52,0.3,0.5,0.6,0.9,1.8,0.5,0.58,0.3,0.5,0.5,0.4,0.8,1.2,1.6,0.5,0.1,0.5,0.5,2.9,,https://cdn.nba.com/headshots/nba/latest/1040x760/1642357.png
634,634,499.0,Chris Paul,40.0,LAC,PG,16.0,0.0,14.3,1.1,3.5,0.321,0.6,1.9,0.333,0.5,1.6,0.308,0.411,0.1,0.1,0.5,0.4,1.4,1.8,3.3,0.7,0.0,1.0,1.4,2.9,,https://cdn.nba.com/headshots/nba/latest/1040x760/101108.png
635,635,500.0,Duop Reath,29.0,POR,C,32.0,0.0,8.1,1.0,2.3,0.446,0.7,1.7,0.418,0.3,0.6,0.526,0.601,0.2,0.2,0.833,0.3,0.9,1.2,0.3,0.2,0.3,0.2,0.9,2.9,,https://cdn.nba.com/headshots/nba/latest/1040x760/1641871.png
636,636,501.0,Cam Christie,20.0,LAC,SG,55.0,0.0,8.7,1.0,2.5,0.381,0.2,0.9,0.245,0.7,1.6,0.456,0.424,0.7,0.9,0.76,0.3,1.1,1.4,0.6,0.3,0.1,0.4,0.3,2.8,,https://cdn.nba.com/headshots/nba/latest/1040x760/1642353.png
637,637,502.0,Kevon Looney,29.0,NOP,C,21.0,8.0,14.7,1.2,2.9,0.417,0.1,0.6,0.154,1.1,2.2,0.489,0.433,0.3,0.5,0.7,2.3,3.3,5.6,1.6,0.4,0.5,0.4,1.6,2.8,,https://cdn.nba.com/headshots/nba/latest/1040x760/1626172.png
638,638,503.0,Norchad Omier,24.0,LAC,PF,6.0,0.0,4.0,1.2,1.7,0.7,0.0,0.2,0.0,1.2,1.5,0.778,0.7,0.5,0.5,1.0,0.7,0.5,1.2,0.3,0.2,0.0,0.0,0.7,2.8,,
639,639,504.0,Jae'Sean Tate,30.0,HOU,SF,46.0,1.0,8.8,1.2,2.4,0.514,0.2,0.7,0.313,1.0,1.7,0.597,0.56,0.2,0.2,0.636,0.7,0.9,1.6,0.5,0.2,0.1,0.3,1.0,2.8,,https://cdn.nba.com/headshots/nba/latest/1040x760/1630256.png
640,640,505.0,Rocco Zikarsky,19.0,MIN,C,5.0,0.0,7.2,1.0,1.6,0.625,0.0,0.0,,1.0,1.6,0.625,0.625,0.8,0.8,1.0,0.4,2.4,2.8,0.4,0.0,1.0,0.2,0.6,2.8,,https://cdn.nba.com/headshots/nba/latest/1040x760/1642911.png
641,641,506.0,Christian Koloko,25.0,3TM,C,27.0,4.0,13.2,1.1,2.7,0.419,0.0,0.3,0.111,1.1,2.4,0.462,0.426,0.4,0.6,0.667,1.1,1.9,3.0,0.7,0.5,0.9,0.6,1.8,2.7,,https://cdn.nba.com/headshots/nba/latest/1040x760/1631132.png
642,642,506.0,Christian Koloko,25.0,LAL,C,2.0,0.0,3.0,0.0,0.0,,0.0,0.0,,0.0,0.0,,,0.0,0.0,,0.0,0.5,0.5,0.0,0.0,0.0,0.0,0.5,0.0,,https://cdn.nba.com/headshots/nba/latest/1040x760/1631132.png
643,643,506.0,Christian Koloko,25.0,MEM,C,11.0,2.0,17.7,1.3,3.2,0.4,0.0,0.1,0.0,1.3,3.1,0.412,0.4,0.1,0.4,0.25,1.7,2.3,4.0,0.9,0.9,1.2,0.6,1.8,2.6,,https://cdn.nba.com/headshots/nba/latest/1040x760/1631132.png
644,644,506.0,Christian Koloko,25.0,ATL,C,14.0,2.0,11.1,1.2,2.8,0.436,0.1,0.6,0.125,1.1,2.2,0.516,0.449,0.6,0.8,0.818,0.9,1.7,2.6,0.6,0.3,0.7,0.6,1.9,3.1,,https://cdn.nba.com/headshots/nba/latest/1040x760/1631132.png
645,645,507.0,Gary Harris,31.0,MIL,SG,48.0,2.0,13.8,1.0,2.2,0.442,0.6,1.4,0.412,0.4,0.8,0.5,0.577,0.2,0.2,0.889,0.3,0.9,1.3,1.1,0.6,0.2,0.4,1.1,2.7,,https://cdn.nba.com/headshots/nba/latest/1040x760/203914.png
646,646,508.0,Antonio Reeves,25.0,CHO,SG,10.0,0.0,6.8,1.0,2.0,0.5,0.7,1.3,0.538,0.3,0.7,0.429,0.675,0.0,0.0,,0.2,0.6,0.8,0.3,0.1,0.0,0.1,0.3,2.7,,https://cdn.nba.com/headshots/nba/latest/1040x760/1641810.png
647,647,509.0,Pat Connaughton,33.0,CHO,SG,42.0,0.0,7.1,0.9,2.0,0.447,0.5,1.2,0.404,0.4,0.8,0.515,0.571,0.3,0.5,0.65,0.4,1.1,1.5,0.4,0.3,0.0,0.3,0.2,2.6,,https://cdn.nba.com/headshots/nba/latest/1040x760/1626192.png
648,648,510.0,Jonathan Isaac,28.0,ORL,PF,52.0,0.0,10.0,0.9,2.1,0.422,0.1,0.7,0.184,0.8,1.4,0.549,0.454,0.7,1.1,0.603,0.8,1.7,2.5,0.4,0.4,0.6,0.3,0.8,2.6,,https://cdn.nba.com/headshots/nba/latest/1040x760/1628371.png
649,649,511.0,Mo Bamba,27.0,2TM,C,4.0,0.0,11.0,1.3,2.8,0.455,0.0,0.0,,1.3,2.8,0.455,0.455,0.0,0.0,,2.5,3.0,5.5,0.3,0.0,0.8,0.5,1.5,2.5,,https://cdn.nba.com/headshots/nba/latest/1040x760/1628964.png
650,650,511.0,Mo Bamba,27.0,TOR,C,2.0,0.0,3.0,0.0,1.0,0.0,0.0,0.0,,0.0,1.0,0.0,0.0,0.0,0.0,,0.5,0.5,1.0,0.0,0.0,0.5,0.0,1.0,0.0,,https://cdn.nba.com/headshots/nba/latest/1040x760/1628964.png
651,651,511.0,Mo Bamba,27.0,UTA,C,2.0,0.0,19.0,2.5,4.5,0.556,0.0,0.0,,2.5,4.5,0.556,0.556,0.0,0.0,,4.5,5.5,10.0,0.5,0.0,1.0,1.0,2.0,5.0,,https://cdn.nba.com/headshots/nba/latest/1040x760/1628964.png
652,652,512.0,JD Davison,23.0,HOU,PG,28.0,0.0,7.8,0.9,2.3,0.375,0.3,1.1,0.25,0.6,1.1,0.5,0.438,0.5,0.7,0.684,0.1,1.1,1.2,1.3,0.2,0.2,0.3,0.6,2.5,,https://cdn.nba.com/headshots/nba/latest/1040x760/1631120.png
653,653,513.0,John Tonje,24.0,BOS,SG,6.0,0.0,7.0,0.7,2.3,0.286,0.5,1.7,0.3,0.2,0.7,0.25,0.393,0.7,0.7,1.0,0.0,1.0,1.0,0.3,0.3,0.0,0.0,0.8,2.5,,https://cdn.nba.com/headshots/nba/latest/1040x760/1642910.png
654,654,514.0,Hunter Dickinson,25.0,NOP,C,5.0,0.0,8.4,1.0,2.8,0.357,0.0,0.8,0.0,1.0,2.0,0.5,0.357,0.4,0.4,1.0,0.4,0.6,1.0,0.4,0.2,0.4,0.6,1.2,2.4,,https://cdn.nba.com/headshots/nba/latest/1040x760/1630621.png
655,655,515.0,Andre Jackson Jr.,24.0,MIL,SG,48.0,1.0,8.5,0.8,2.5,0.328,0.3,1.3,0.25,0.5,1.2,0.407,0.391,0.4,0.7,0.625,0.5,1.0,1.5,0.9,0.4,0.1,0.6,0.9,2.4,,https://cdn.nba.com/headshots/nba/latest/1040x760/1641748.png
656,656,516.0,Chaz Lanier,24.0,DET,SG,34.0,0.0,7.7,0.8,2.6,0.315,0.6,2.0,0.284,0.3,0.6,0.409,0.421,0.1,0.2,0.833,0.2,0.4,0.7,0.5,0.2,0.0,0.1,0.4,2.4,,https://cdn.nba.com/headshots/nba/latest/1040x760/1642404.png
657,657,517.0,Kevin McCullar Jr.,24.0,NYK,SF,21.0,0.0,7.4,1.0,2.2,0.426,0.4,1.1,0.333,0.6,1.1,0.522,0.511,0.1,0.2,0.4,0.5,0.8,1.3,1.0,0.4,0.0,0.6,1.0,2.4,,https://cdn.nba.com/headshots/nba/latest/1040x760/1641755.png
658,658,518.0,Lachlan Olbrich,22.0,CHI,C,37.0,2.0,9.3,1.0,2.1,0.468,0.1,0.5,0.105,0.9,1.6,0.586,0.481,0.4,1.1,0.375,1.2,1.8,3.0,1.1,0.3,0.2,0.4,1.3,2.4,,https://cdn.nba.com/headshots/nba/latest/1040x760/1642950.png
659,659,519.0,Lindy Waters III,28.0,SAS,SG,40.0,0.0,7.1,0.8,2.2,0.375,0.7,2.0,0.342,0.2,0.2,0.667,0.528,0.1,0.1,0.667,0.1,0.7,0.7,0.5,0.2,0.0,0.2,0.6,2.4,,https://cdn.nba.com/headshots/nba/latest/1040x760/1630322.png
660,660,520.0,Chris Boucher,33.0,BOS,PF,9.0,0.0,10.4,0.9,2.8,0.32,0.2,1.7,0.133,0.7,1.1,0.6,0.36,0.3,0.4,0.75,0.2,1.8,2.0,0.3,0.6,0.8,0.1,1.9,2.3,,https://cdn.nba.com/headshots/nba/latest/1040x760/1628449.png
661,661,521.0,Caleb Houstan,23.0,ATL,SF,18.0,0.0,4.2,0.8,1.4,0.538,0.6,1.2,0.524,0.2,0.3,0.6,0.75,0.2,0.2,1.0,0.3,0.3,0.6,0.2,0.1,0.1,0.2,0.6,2.3,,https://cdn.nba.com/headshots/nba/latest/1040x760/1631216.png
662,662,522.0,Luke Travers,24.0,CLE,SG,12.0,0.0,8.6,0.8,3.0,0.25,0.1,1.3,0.063,0.7,1.7,0.4,0.264,0.8,0.8,1.0,0.8,1.3,2.0,0.8,0.6,0.3,0.3,0.5,2.3,,https://cdn.nba.com/headshots/nba/latest/1040x760/1631247.png
663,663,523.0,Jeff Green,39.0,HOU,PF,30.0,0.0,5.8,0.8,2.3,0.368,0.4,1.5,0.273,0.4,0.8,0.542,0.456,0.2,0.2,1.0,0.2,0.6,0.8,0.3,0.1,0.1,0.1,0.4,2.2,,https://cdn.nba.com/headshots/nba/latest/1040x760/201145.png
664,664,524.0,Yang Hansen,20.0,POR,C,43.0,1.0,7.0,0.7,2.3,0.31,0.1,1.0,0.119,0.6,1.3,0.448,0.335,0.7,0.8,0.824,0.5,1.1,1.5,0.5,0.1,0.2,0.7,1.0,2.2,,https://cdn.nba.com/headshots/nba/latest/1040x760/1642905.png
665,665,525.0,Ariel Hukporti,23.0,NYK,C,54.0,5.0,9.2,0.8,1.5,0.563,0.0,0.1,0.25,0.8,1.4,0.579,0.569,0.5,0.6,0.788,1.0,1.9,2.9,0.5,0.2,0.5,0.6,1.2,2.2,,https://cdn.nba.com/headshots/nba/latest/1040x760/1630574.png
666,666,526.0,Alijah Martin,24.0,TOR,SG,23.0,0.0,6.3,0.7,2.2,0.32,0.2,0.9,0.19,0.5,1.3,0.414,0.36,0.7,0.8,0.789,0.4,0.5,0.9,0.5,0.3,0.2,0.3,0.5,2.2,,https://cdn.nba.com/headshots/nba/latest/1040x760/1642918.png
667,667,527.0,Hunter Tyson,25.0,DEN,PF,21.0,2.0,7.7,0.7,2.5,0.269,0.3,1.6,0.212,0.3,0.9,0.368,0.337,0.5,0.6,0.846,0.2,1.5,1.7,0.8,0.1,0.0,0.2,0.6,2.2,,https://cdn.nba.com/headshots/nba/latest/1040x760/1641816.png
668,668,528.0,Chris Youngblood,23.0,2TM,SG,34.0,0.0,5.4,0.6,1.9,0.349,0.5,1.6,0.333,0.1,0.3,0.444,0.492,0.3,0.3,0.9,0.2,0.6,0.8,0.4,0.1,0.1,0.1,0.6,2.1,,https://cdn.nba.com/headshots/nba/latest/1040x760/1642959.png
669,669,528.0,Chris Youngblood,23.0,OKC,SG,32.0,0.0,5.4,0.6,1.9,0.333,0.5,1.6,0.314,0.1,0.3,0.444,0.467,0.3,0.3,0.9,0.2,0.7,0.9,0.3,0.1,0.1,0.1,0.6,2.0,,https://cdn.nba.com/headshots/nba/latest/1040x760/1642959.png
670,670,528.0,Chris Youngblood,23.0,POR,SG,2.0,0.0,5.5,1.0,1.5,0.667,1.0,1.5,0.667,0.0,0.0,,1.0,0.0,0.0,,0.0,0.0,0.0,0.5,0.0,0.0,0.0,1.0,3.0,,https://cdn.nba.com/headshots/nba/latest/1040x760/1642959.png
671,671,529.0,Dalano Banton,26.0,2TM,PG,6.0,0.0,10.3,0.7,2.0,0.333,0.0,0.2,0.0,0.7,1.8,0.364,0.333,0.7,0.7,1.0,0.3,0.5,0.8,1.8,0.3,0.8,1.3,0.5,2.0,,https://cdn.nba.com/headshots/nba/latest/1040x760/1630625.png
672,672,529.0,Dalano Banton,26.0,LAC,PG,2.0,0.0,5.0,1.5,2.0,0.75,0.0,0.0,,1.5,2.0,0.75,0.75,0.0,0.0,,0.5,0.0,0.5,1.0,0.5,0.0,0.5,0.0,3.0,,https://cdn.nba.com/headshots/nba/latest/1040x760/1630625.png
673,673,529.0,Dalano Banton,26.0,BOS,PG,4.0,0.0,13.0,0.3,2.0,0.125,0.0,0.3,0.0,0.3,1.8,0.143,0.125,1.0,1.0,1.0,0.3,0.8,1.0,2.3,0.3,1.3,1.8,0.8,1.5,,https://cdn.nba.com/headshots/nba/latest/1040x760/1630625.png
674,674,530.0,Isaiah Crawford,24.0,HOU,SF,14.0,0.0,6.6,0.7,1.7,0.417,0.2,0.9,0.231,0.5,0.8,0.636,0.479,0.4,0.4,0.833,0.2,0.9,1.1,0.4,0.1,0.2,0.3,0.3,2.0,,https://cdn.nba.com/headshots/nba/latest/1040x760/1642384.png
675,675,531.0,Trentyn Flowers,20.0,CHI,SF,2.0,0.0,3.0,1.0,1.5,0.667,0.0,0.5,0.0,1.0,1.0,1.0,0.667,0.0,0.0,,0.5,0.0,0.5,0.5,0.0,0.0,0.5,0.5,2.0,,https://cdn.nba.com/headshots/nba/latest/1040x760/1642280.png
676,676,532.0,Colby Jones,23.0,DET,SG,1.0,0.0,7.0,1.0,3.0,0.333,0.0,2.0,0.0,1.0,1.0,1.0,0.333,0.0,0.0,,0.0,4.0,4.0,2.0,0.0,0.0,0.0,1.0,2.0,,https://cdn.nba.com/headshots/nba/latest/1040x760/1641732.png
677,677,533.0,Johnny Juzang,24.0,MIN,SG,21.0,0.0,4.2,0.8,1.8,0.421,0.3,1.1,0.25,0.5,0.7,0.714,0.5,0.2,0.4,0.625,0.2,0.6,0.8,0.3,0.1,0.0,0.2,0.1,2.0,,https://cdn.nba.com/headshots/nba/latest/1040x760/1630548.png
678,678,534.0,Jayson Kent,23.0,POR,SF,5.0,0.0,4.4,0.8,1.4,0.571,0.2,0.8,0.25,0.6,0.6,1.0,0.643,0.2,0.2,1.0,0.0,1.0,1.0,0.0,0.2,0.2,0.0,0.2,2.0,,
679,679,535.0,Maxi Kleber,34.0,LAL,PF,43.0,1.0,10.7,0.8,1.7,0.452,0.1,0.6,0.231,0.6,1.1,0.574,0.493,0.3,0.6,0.538,0.8,1.1,2.0,0.6,0.4,0.3,0.4,1.4,2.0,,https://cdn.nba.com/headshots/nba/latest/1040x760/1628467.png
680,680,536.0,Jordan McLaughlin,29.0,SAS,PG,44.0,0.0,6.4,0.8,1.8,0.418,0.4,0.9,0.425,0.4,0.9,0.41,0.525,0.1,0.2,0.857,0.2,0.6,0.7,0.9,0.5,0.0,0.3,0.3,2.0,,https://cdn.nba.com/headshots/nba/latest/1040x760/1629162.png
681,681,537.0,Alex Morales,28.0,ORL,PG,4.0,0.0,6.0,0.8,1.8,0.429,0.0,0.3,0.0,0.8,1.5,0.5,0.429,0.5,0.5,1.0,0.3,0.5,0.8,1.0,0.0,0.0,1.0,1.8,2.0,,
682,682,538.0,Sean Pedulla,23.0,LAC,PG,7.0,0.0,4.4,0.7,2.1,0.333,0.4,1.4,0.3,0.3,0.7,0.4,0.433,0.0,0.0,,0.0,0.4,0.4,0.7,0.0,0.0,0.1,0.6,1.9,,
683,683,539.0,Adou Thiero,21.0,LAL,SF,25.0,0.0,6.0,0.6,1.2,0.516,0.0,0.1,0.333,0.6,1.1,0.536,0.532,0.6,0.9,0.636,0.4,0.8,1.1,0.4,0.3,0.1,0.4,0.8,1.9,,https://cdn.nba.com/headshots/nba/latest/1040x760/1642876.png
684,684,540.0,Bobi Klintman,22.0,DET,SF,12.0,0.0,5.9,0.8,2.3,0.333,0.3,1.1,0.308,0.4,1.2,0.357,0.407,0.0,0.3,0.0,0.4,1.2,1.6,0.5,0.3,0.0,0.5,0.9,1.8,,https://cdn.nba.com/headshots/nba/latest/1040x760/1641752.png
685,685,541.0,Isaiah Livers,27.0,PHO,PF,36.0,0.0,9.6,0.6,1.8,0.344,0.3,1.1,0.3,0.3,0.7,0.417,0.438,0.3,0.3,0.75,0.5,1.2,1.7,0.6,0.4,0.2,0.3,0.8,1.8,,https://cdn.nba.com/headshots/nba/latest/1040x760/1630587.png
686,686,542.0,Cody Martin,30.0,IND,SF,4.0,0.0,13.8,0.5,2.5,0.2,0.0,1.3,0.0,0.5,1.3,0.4,0.2,0.8,1.5,0.5,0.3,3.3,3.5,0.5,1.0,0.5,1.0,1.3,1.8,,https://cdn.nba.com/headshots/nba/latest/1040x760/1628998.png
687,687,543.0,Orlando Robinson,25.0,ORL,C,4.0,1.0,6.3,0.8,1.3,0.6,0.3,0.5,0.5,0.5,0.8,0.667,0.7,0.0,0.0,,0.5,0.5,1.0,0.8,0.3,0.0,0.0,0.8,1.8,,https://cdn.nba.com/headshots/nba/latest/1040x760/1631115.png
688,688,544.0,Jahmir Young,25.0,MIA,PG,14.0,0.0,4.1,0.7,1.8,0.4,0.2,0.6,0.333,0.5,1.1,0.438,0.46,0.1,0.1,1.0,0.1,0.1,0.3,0.6,0.1,0.0,0.2,0.5,1.8,,https://cdn.nba.com/headshots/nba/latest/1040x760/1642443.png
689,689,545.0,Brooks Barnhizer,23.0,OKC,SG,40.0,0.0,8.7,0.7,1.8,0.38,0.2,0.6,0.292,0.5,1.2,0.426,0.43,0.2,0.3,0.7,0.5,1.5,2.0,0.6,0.3,0.1,0.3,0.7,1.7,,https://cdn.nba.com/headshots/nba/latest/1040x760/1642964.png
690,690,546.0,Pacôme Dadiet,20.0,NYK,SG,29.0,0.0,4.7,0.6,1.7,0.333,0.2,1.1,0.219,0.3,0.6,0.563,0.406,0.3,0.4,0.818,0.1,0.8,0.9,0.4,0.1,0.0,0.1,0.3,1.7,,https://cdn.nba.com/headshots/nba/latest/1040x760/1642359.png
691,691,547.0,Wendell Moore Jr.,24.0,DET,SG,6.0,0.0,10.0,0.7,1.2,0.571,0.0,0.2,0.0,0.7,1.0,0.667,0.571,0.3,0.3,1.0,0.2,0.8,1.0,0.7,0.3,0.3,0.2,0.5,1.7,,https://cdn.nba.com/headshots/nba/latest/1040x760/1631111.png
692,692,548.0,Mason Plumlee,35.0,2TM,C,20.0,3.0,8.6,0.6,0.7,0.786,0.0,0.0,,0.6,0.7,0.786,0.786,0.5,0.7,0.643,0.9,1.8,2.7,1.0,0.5,0.0,0.6,0.9,1.6,,https://cdn.nba.com/headshots/nba/latest/1040x760/203486.png
693,693,548.0,Mason Plumlee,35.0,CHO,C,14.0,2.0,8.9,0.6,0.9,0.75,0.0,0.0,,0.6,0.9,0.75,0.75,0.6,0.9,0.667,0.7,2.1,2.9,1.1,0.4,0.0,0.6,0.7,1.9,,https://cdn.nba.com/headshots/nba/latest/1040x760/203486.png
694,694,548.0,Mason Plumlee,35.0,SAS,C,6.0,1.0,7.8,0.3,0.3,1.0,0.0,0.0,,0.3,0.3,1.0,1.0,0.2,0.3,0.5,1.2,1.0,2.2,0.7,0.7,0.0,0.5,1.2,0.8,,https://cdn.nba.com/headshots/nba/latest/1040x760/203486.png
695,695,549.0,Harrison Ingram,23.0,SAS,SF,7.0,0.0,3.7,0.7,0.9,0.833,0.1,0.1,1.0,0.6,0.7,0.8,0.917,0.0,0.0,,0.4,0.0,0.4,0.1,0.0,0.0,0.1,0.3,1.6,,https://cdn.nba.com/headshots/nba/latest/1040x760/1631127.png
696,696,550.0,Jacob Toppin,25.0,ATL,SF,5.0,0.0,3.4,0.8,1.2,0.667,0.0,0.0,,0.8,1.2,0.667,0.667,0.0,0.0,,0.0,0.2,0.2,0.2,0.0,0.2,0.0,0.2,1.6,,https://cdn.nba.com/headshots/nba/latest/1040x760/1631210.png
697,697,551.0,Xavier Tillman Sr.,27.0,2TM,C,30.0,1.0,6.1,0.7,1.5,0.435,0.1,0.6,0.167,0.6,0.9,0.607,0.467,0.0,0.1,0.25,0.6,0.8,1.4,0.4,0.3,0.2,0.3,0.5,1.5,,
698,698,551.0,Xavier Tillman Sr.,27.0,BOS,C,14.0,1.0,7.9,1.0,2.2,0.452,0.2,1.1,0.2,0.8,1.1,0.688,0.5,0.0,0.0,,0.7,1.1,1.8,0.4,0.4,0.1,0.4,0.6,2.2,,
699,699,551.0,Xavier Tillman Sr.,27.0,CHO,C,16.0,0.0,4.5,0.4,0.9,0.4,0.0,0.2,0.0,0.4,0.8,0.5,0.4,0.1,0.3,0.25,0.6,0.6,1.1,0.5,0.2,0.2,0.2,0.4,0.8,,
700,700,552.0,Buddy Boeheim,26.0,OKC,SF,4.0,0.0,3.8,0.5,1.5,0.333,0.5,1.5,0.333,0.0,0.0,,0.5,0.0,0.0,,0.0,0.0,0.0,0.0,0.0,0.0,0.0,0.3,1.5,,https://cdn.nba.com/headshots/nba/latest/1040x760/1631205.png
701,701,553.0,Joe Ingles,38.0,MIN,SF,27.0,2.0,5.7,0.6,1.0,0.593,0.3,0.6,0.438,0.3,0.4,0.818,0.722,0.1,0.1,1.0,0.0,0.7,0.7,1.3,0.3,0.1,0.5,0.3,1.5,,https://cdn.nba.com/headshots/nba/latest/1040x760/204060.png
702,702,554.0,Jonathan Mogbo,24.0,TOR,PF,40.0,0.0,6.2,0.7,1.1,0.591,0.0,0.0,0.0,0.7,1.1,0.605,0.591,0.2,0.4,0.643,0.5,1.2,1.7,0.6,0.3,0.2,0.4,0.7,1.5,,https://cdn.nba.com/headshots/nba/latest/1040x760/1642367.png
703,703,555.0,Thanasis Antetokounmpo,33.0,MIL,SF,34.0,0.0,4.4,0.4,0.9,0.469,0.0,0.1,0.0,0.4,0.8,0.536,0.469,0.5,0.9,0.567,0.4,0.5,0.9,0.4,0.4,0.2,0.3,0.5,1.4,,https://cdn.nba.com/headshots/nba/latest/1040x760/203648.png
704,704,556.0,Amari Williams,24.0,BOS,PF,22.0,2.0,6.6,0.5,0.9,0.5,0.0,0.0,,0.5,0.9,0.5,0.5,0.5,0.6,0.714,0.4,1.4,1.8,0.5,0.1,0.5,0.5,0.9,1.4,,https://cdn.nba.com/headshots/nba/latest/1040x760/1642873.png
705,705,557.0,Isaac Jones,25.0,2TM,PF,7.0,1.0,5.1,0.4,1.0,0.429,0.0,0.3,0.0,0.4,0.7,0.6,0.429,0.4,0.6,0.75,0.3,0.4,0.7,0.1,0.0,0.1,0.1,0.6,1.3,,https://cdn.nba.com/headshots/nba/latest/1040x760/1642403.png
706,706,557.0,Isaac Jones,25.0,SAC,PF,3.0,1.0,5.7,0.3,0.7,0.5,0.0,0.3,0.0,0.3,0.3,1.0,0.5,0.3,0.7,0.5,0.7,0.0,0.7,0.3,0.0,0.0,0.0,1.3,1.0,,https://cdn.nba.com/headshots/nba/latest/1040x760/1642403.png
707,707,557.0,Isaac Jones,25.0,DET,PF,4.0,0.0,4.8,0.5,1.3,0.4,0.0,0.3,0.0,0.5,1.0,0.5,0.4,0.5,0.5,1.0,0.0,0.8,0.8,0.0,0.0,0.3,0.3,0.0,1.5,,https://cdn.nba.com/headshots/nba/latest/1040x760/1642403.png
708,708,558.0,Colin Castleton,25.0,ORL,C,4.0,0.0,5.3,0.5,1.3,0.4,0.0,0.0,,0.5,1.3,0.4,0.4,0.3,0.3,1.0,0.5,1.5,2.0,0.3,0.3,0.0,0.5,0.5,1.3,,https://cdn.nba.com/headshots/nba/latest/1040x760/1630658.png
709,709,559.0,Nigel Hayes-Davis,31.0,PHO,SF,27.0,0.0,7.2,0.6,1.7,0.326,0.1,0.6,0.125,0.5,1.1,0.433,0.348,0.1,0.1,0.5,0.4,0.8,1.2,0.3,0.3,0.1,0.3,0.6,1.3,,https://cdn.nba.com/headshots/nba/latest/1040x760/1628502.png
710,710,560.0,Dillon Jones,24.0,NYK,SF,7.0,0.0,5.6,0.3,1.3,0.222,0.1,0.7,0.2,0.1,0.6,0.25,0.278,0.6,0.6,1.0,0.3,0.7,1.0,0.6,0.4,0.0,0.0,0.9,1.3,,https://cdn.nba.com/headshots/nba/latest/1040x760/1641794.png
711,711,561.0,TyTy Washington Jr.,24.0,LAC,PG,16.0,0.0,5.5,0.6,1.2,0.474,0.2,0.5,0.375,0.4,0.7,0.545,0.553,0.0,0.0,,0.1,0.3,0.4,1.1,0.4,0.2,0.2,0.4,1.3,,https://cdn.nba.com/headshots/nba/latest/1040x760/1631102.png
712,712,562.0,Javonte Cooke,26.0,POR,SG,19.0,0.0,4.9,0.5,2.2,0.22,0.2,1.2,0.13,0.3,0.9,0.333,0.256,0.1,0.1,1.0,0.2,0.8,1.0,0.4,0.3,0.0,0.5,0.3,1.2,,https://cdn.nba.com/headshots/nba/latest/1040x760/1631451.png
713,713,563.0,Kyle Lowry,39.0,PHI,PG,14.0,0.0,8.4,0.3,1.8,0.16,0.3,1.8,0.16,0.0,0.0,,0.24,0.4,0.4,0.833,0.0,0.6,0.6,0.8,0.1,0.1,0.3,0.6,1.2,,https://cdn.nba.com/headshots/nba/latest/1040x760/200768.png
714,714,564.0,Trey Jemison,26.0,NYK,C,13.0,0.0,6.3,0.5,0.8,0.6,0.0,0.0,,0.5,0.8,0.6,0.6,0.1,0.1,1.0,0.6,0.8,1.4,0.4,0.1,0.2,0.8,0.8,1.0,,https://cdn.nba.com/headshots/nba/latest/1040x760/1641998.png
715,715,565.0,Trevor Keels,22.0,MIA,SG,8.0,0.0,1.9,0.4,1.5,0.25,0.3,1.1,0.222,0.1,0.4,0.333,0.333,0.0,0.0,,0.0,0.3,0.3,0.0,0.1,0.0,0.0,0.0,1.0,,https://cdn.nba.com/headshots/nba/latest/1040x760/1631211.png
716,716,566.0,Hunter Sallis,22.0,PHI,SG,7.0,0.0,3.7,0.4,0.7,0.6,0.0,0.0,,0.4,0.7,0.6,0.6,0.1,0.3,0.5,0.0,0.1,0.1,0.6,0.0,0.1,0.7,0.3,1.0,,https://cdn.nba.com/headshots/nba/latest/1040x760/1642282.png
717,717,567.0,Dario Šarić,31.0,SAC,C,5.0,0.0,8.2,0.2,1.2,0.167,0.2,0.6,0.333,0.0,0.6,0.0,0.25,0.4,0.4,1.0,0.2,1.0,1.2,0.4,0.0,0.0,0.4,0.6,1.0,,https://cdn.nba.com/headshots/nba/latest/1040x760/203967.png
718,718,568.0,Stanley Umude,26.0,SAS,SG,2.0,0.0,3.5,0.5,1.0,0.5,0.0,0.5,0.0,0.5,0.5,1.0,0.5,0.0,0.0,,0.0,0.0,0.0,0.5,0.5,0.0,0.0,1.0,1.0,,https://cdn.nba.com/headshots/nba/latest/1040x760/1630649.png
719,719,569.0,Bismack Biyombo,33.0,SAS,C,25.0,1.0,5.6,0.4,0.6,0.6,0.0,0.0,,0.4,0.6,0.6,0.6,0.2,0.3,0.714,0.2,0.8,1.0,0.2,0.2,0.1,0.3,1.1,0.9,,https://cdn.nba.com/headshots/nba/latest/1040x760/202687.png
720,720,570.0,Johni Broome,23.0,PHI,C,11.0,0.0,5.0,0.4,2.2,0.167,0.0,0.5,0.0,0.4,1.7,0.211,0.167,0.2,0.5,0.333,0.6,0.8,1.5,0.4,0.3,0.2,0.3,0.6,0.9,,https://cdn.nba.com/headshots/nba/latest/1040x760/1641780.png
721,721,571.0,N'Faly Dante,24.0,ATL,C,4.0,0.0,3.8,0.3,1.0,0.25,0.0,0.0,,0.3,1.0,0.25,0.25,0.3,0.3,1.0,0.8,1.0,1.8,0.0,0.5,0.0,0.3,0.3,0.8,,https://cdn.nba.com/headshots/nba/latest/1040x760/1642368.png
722,722,572.0,Markelle Fultz,27.0,TOR,PG,5.0,0.0,7.2,0.4,2.2,0.182,0.0,0.0,,0.4,2.2,0.182,0.182,0.0,0.0,,0.0,0.2,0.2,1.6,0.4,0.0,0.8,0.4,0.8,,https://cdn.nba.com/headshots/nba/latest/1040x760/1628365.png
723,723,573.0,Vladislav Goldin,24.0,MIA,C,9.0,0.0,2.7,0.3,0.4,0.75,0.0,0.0,,0.3,0.4,0.75,0.75,0.1,0.1,1.0,0.3,0.7,1.0,0.3,0.0,0.3,0.3,0.6,0.8,,https://cdn.nba.com/headshots/nba/latest/1040x760/1642884.png
724,724,574.0,Chris Mañon,24.0,LAL,SG,9.0,0.0,5.1,0.2,0.7,0.333,0.0,0.3,0.0,0.2,0.3,0.667,0.333,0.3,0.4,0.75,0.2,0.9,1.1,0.3,0.6,0.2,0.1,0.7,0.8,,https://cdn.nba.com/headshots/nba/latest/1040x760/1643024.png
725,725,575.0,Drew Peterson,26.0,CHO,PF,6.0,0.0,10.7,0.3,2.7,0.125,0.0,2.0,0.0,0.3,0.7,0.5,0.125,0.2,0.3,0.5,0.5,1.0,1.5,0.3,0.5,0.2,0.0,0.5,0.8,,https://cdn.nba.com/headshots/nba/latest/1040x760/1641809.png
726,726,576.0,Garrett Temple,39.0,TOR,SG,22.0,0.0,3.3,0.2,0.7,0.267,0.1,0.5,0.25,0.0,0.1,0.333,0.367,0.3,0.4,0.667,0.0,0.4,0.4,0.4,0.2,0.1,0.3,0.3,0.8,,https://cdn.nba.com/headshots/nba/latest/1040x760/202066.png
727,727,577.0,Max Shulga,23.0,BOS,SG,11.0,1.0,3.3,0.2,0.7,0.25,0.1,0.4,0.25,0.1,0.4,0.25,0.313,0.2,0.2,1.0,0.3,0.3,0.5,0.2,0.1,0.0,0.3,0.9,0.6,,https://cdn.nba.com/headshots/nba/latest/1040x760/1642917.png
728,728,578.0,Jahmyl Telfort,24.0,LAC,PF,8.0,0.0,4.0,0.0,0.5,0.0,0.0,0.5,0.0,0.0,0.0,,0.0,0.1,0.5,0.25,0.0,0.4,0.4,0.1,0.1,0.0,0.1,0.6,0.1,,https://cdn.nba.com/headshots/nba/latest/1040x760/1643141.png
729,729,579.0,Darius Brown II,26.0,CLE,SG,1.0,0.0,3.0,0.0,1.0,0.0,0.0,0.0,,0.0,1.0,0.0,0.0,0.0,0.0,,0.0,1.0,1.0,0.0,0.0,0.0,0.0,0.0,0.0,,
730,730,580.0,Noa Essengue,19.0,CHI,PF,2.0,0.0,3.0,0.0,1.5,0.0,0.0,1.0,0.0,0.0,0.5,0.0,0.0,0.0,0.0,,0.0,0.0,0.0,0.0,0.5,0.0,0.0,0.5,0.0,,https://cdn.nba.com/headshots/nba/latest/1040x760/1642855.png
731,731,581.0,Tosan Evbuomwan,24.0,NYK,SF,5.0,0.0,1.6,0.0,0.2,0.0,0.0,0.0,,0.0,0.2,0.0,0.0,0.0,0.0,,0.2,0.2,0.4,0.0,0.0,0.0,0.0,0.2,0.0,,https://cdn.nba.com/headshots/nba/latest/1040x760/1641787.png
732,732,582.0,Chucky Hepburn,22.0,TOR,PG,2.0,0.0,6.5,0.0,3.0,0.0,0.0,2.5,0.0,0.0,0.5,0.0,0.0,0.0,0.0,,0.0,0.5,0.5,1.0,0.5,0.0,0.5,1.0,0.0,,https://cdn.nba.com/headshots/nba/latest/1040x760/1642935.png
733,733,,League Average,,,,,,,,,0.471,,,0.36,,,0.55,0.546,,,0.783,,,,,,,,,,,
