,league,season,rank,player,team,position,salary
0,nfl,2018,1,Jimmy Garoppolo,SF,QB,"$37,000,000"
1,nfl,2018,2,Matthew Stafford,DET,QB,"$26,500,000"
2,nfl,2018,3,Derek Carr,OAK,QB,"$25,000,000"
3,nfl,2018,4,Joe Flacco,BAL,QB,"$24,750,000"
4,nfl,2018,5,Andrew Luck,IND,QB,"$24,400,000"
5,nfl,2018,6,Drew Brees,NO,QB,"$24,000,000"
6,nfl,2018,,Kirk Cousins,MIN,QB,"$24,000,000"
7,nfl,2018,8,Russell Wilson,SEA,QB,"$23,786,666"
8,nfl,2018,9,Ben Roethlisberger,PIT,QB,"$23,200,000"
9,nfl,2018,10,Eli Manning,NYG,QB,"$22,200,000"
10,nfl,2018,11,Tom Brady,NE,QB,"$22,000,000"
11,nfl,2018,,Philip Rivers,LAC,QB,"$22,000,000"
12,nfl,2018,13,Cam Newton,CAR,QB,"$21,500,000"
13,nfl,2018,14,Aaron Rodgers,GB,QB,"$20,900,000"
14,nfl,2018,15,Justin Houston,KC,ED/OLB,"$20,600,000"
15,nfl,2018,16,Alex Smith,WAS,QB,"$18,400,000"
16,nfl,2018,17,Mike Evans,TB,WR,"$18,258,000"
17,nfl,2018,18,Matt Ryan,ATL,QB,"$17,700,000"
18,nfl,2018,19,Tyron Smith,DAL,LT,"$17,545,000"
19,nfl,2018,20,Calais Campbell,JAX,ED/DE,"$17,500,000"
20,nfl,2018,21,Ezekiel Ansah,DET,ED/DE,"$17,143,000"
21,nfl,2018,,DeMarcus Lawrence,DAL,ED/DE,"$17,143,000"
22,nfl,2018,23,Kawann Short,CAR,DL/DT,"$17,000,000"
23,nfl,2018,,Olivier Vernon,NYG,LB/OLB,"$17,000,000"
24,nfl,2018,25,Larry Fitzgerald,ARI,WR,"$16,850,000"
25,nfl,2018,26,Josh Norman,WAS,CB,"$16,800,000"
26,nfl,2018,27,Andy Dalton,CIN,QB,"$16,300,000"
27,nfl,2018,28,Tyrod Taylor,CLE,QB,"$16,000,000"
28,nfl,2018,29,Malik Jackson,JAX,DL/DT,"$15,500,000"
29,nfl,2018,,Chandler Jones,ARI,DL/DE,"$15,500,000"
30,nfl,2018,,Jarvis Landry,CLE,WR,"$15,500,000"
31,nfl,2018,32,A.J. Bouye,JAX,CB,"$15,406,250"
32,nfl,2018,33,Geno Atkins,CIN,DL/DT,"$15,100,000"
33,nfl,2018,34,Case Keenum,DEN,QB,"$15,000,000"
34,nfl,2018,,J.J. Watt,HOU,DL/DE,"$15,000,000"
35,nfl,2018,36,Russell Okung,LAC,LT,"$14,968,750"
36,nfl,2018,37,Patrick Peterson,ARI,CB,"$14,956,965"
37,nfl,2018,38,Jurrell Casey,TEN,DL/DT,"$14,888,750"
38,nfl,2018,39,Ndamukong Suh,LAR,DL/DT,"$14,500,000"
39,nfl,2018,40,Cameron Jordan,NO,ED/DE,"$14,497,000"
40,nfl,2018,41,DeAndre Hopkins,HOU,WR,"$14,000,000"
41,nfl,2018,42,Eric Fisher,KC,LT,"$13,950,000"
42,nfl,2018,43,Melvin Ingram,LAC,ED/DE,"$13,875,000"
43,nfl,2018,44,Khalil Mack,CHI,ED/OLB,"$13,800,000"
44,nfl,2018,45,A.J. Green,CIN,WR,"$13,750,000"
45,nfl,2018,46,Nick Foles,PHI,QB,"$13,600,000"
46,nfl,2018,,Bobby Wagner,SEA,LB/ILB,"$13,600,000"
47,nfl,2018,48,Trent Williams,WAS,LT,"$13,579,005"
48,nfl,2018,49,Xavier Rhodes,MIN,CB,"$13,337,500"
49,nfl,2018,50,Jadeveon Clowney,HOU,ED/OLB,"$13,311,000"
50,nfl,2018,51,Jimmy Smith,BAL,CB,"$13,233,040"
51,nfl,2018,52,Carlos Dunlap,CIN,ED/DE,"$13,050,000"
52,nfl,2018,53,Eric Berry,KC,SS,"$13,000,000"
53,nfl,2018,,T.Y. Hilton,IND,WR,"$13,000,000"
54,nfl,2018,55,Desmond Trufant,ATL,CB,"$12,900,000"
55,nfl,2018,56,Julio Jones,ATL,WR,"$12,866,667"
56,nfl,2018,57,Gerald McCoy,TB,DL/DT,"$12,750,000"
57,nfl,2018,58,Randall Cobb,GB,WR,"$12,531,250"
58,nfl,2018,59,Ryan Kalil,CAR,C,"$12,529,000"
59,nfl,2018,60,Jason Pierre-Paul,TB,ED/DE,"$12,500,000"
60,nfl,2018,61,Ryan Kerrigan,WAS,ED/OLB,"$12,450,000"
61,nfl,2018,62,Jamie Collins,CLE,LB/OLB,"$12,400,000"
62,nfl,2018,,Kevin Zeitler,CLE,G,"$12,400,000"
63,nfl,2018,64,Anthony Barr,MIN,LB/OLB,"$12,306,000"
64,nfl,2018,65,Ryan Jensen,TB,C,"$12,000,000"
65,nfl,2018,66,Devin McCourty,NE,FS,"$11,935,000"
66,nfl,2018,67,Joe Haden,PIT,CB,"$11,916,666"
67,nfl,2018,68,Allen Robinson,CHI,WR,"$11,812,500"
68,nfl,2018,69,Doug Baldwin,SEA,WR,"$11,800,000"
69,nfl,2018,70,Everson Griffen,MIN,ED/DE,"$11,600,000"
70,nfl,2018,71,Robert Quinn,MIA,ED/DE,"$11,444,412"
71,nfl,2018,72,Clay Matthews Jr.,GB,ED/OLB,"$11,400,000"
72,nfl,2018,,Riley Reiff,MIN,LT,"$11,400,000"
73,nfl,2018,74,Fletcher Cox,PHI,DL/DT,"$11,348,000"
74,nfl,2018,75,LaMarcus Joyner,LAR,FS,"$11,287,000"
75,nfl,2018,76,Cordy Glenn,CIN,LT,"$11,250,000"
76,nfl,2018,77,Logan Ryan,TEN,CB,"$11,166,666"
77,nfl,2018,78,David Bakhtiari,GB,LT,"$11,075,000"
78,nfl,2018,79,Alex Mack,ATL,C,"$11,050,000"
79,nfl,2018,80,Sean Lee,DAL,LB/OLB,"$11,025,000"
80,nfl,2018,81,Michael Brockers,LAR,DL/DE,"$11,000,000"
81,nfl,2018,,DeSean Jackson,TB,WR,"$11,000,000"
82,nfl,2018,,Aqib Talib,LAR,CB,"$11,000,000"
83,nfl,2018,84,Joe Staley,SF,LT,"$10,950,000"
84,nfl,2018,85,Emmanuel Sanders,DEN,WR,"$10,937,500"
85,nfl,2018,86,Derek Wolfe,DEN,DL/DE,"$10,925,000"
86,nfl,2018,87,Chris Harris,DEN,CB,"$10,866,666"
87,nfl,2018,88,Rob Gronkowski,NE,TE,"$10,859,375"
88,nfl,2018,89,Anthony Castonzo,IND,LT,"$10,800,000"
89,nfl,2018,90,T.J. Lang,DET,G,"$10,760,416"
90,nfl,2018,91,Taylor Lewan,TEN,LT,"$10,700,000"
91,nfl,2018,92,Jason Peters,PHI,LT,"$10,666,666"
92,nfl,2018,93,Nick Perry,GB,ED/OLB,"$10,637,500"
93,nfl,2018,94,Davante Adams,GB,WR,"$10,568,750"
94,nfl,2018,95,Maurkice Pouncey,PIT,C,"$10,551,000"
95,nfl,2018,96,Gabe Jackson,OAK,G,"$10,500,000"
96,nfl,2018,,Kelechi Osemele,OAK,G,"$10,500,000"
97,nfl,2018,98,Jerry Hughes,BUF,ED/DE,"$10,400,000"
98,nfl,2018,,Earl Thomas,SEA,FS,"$10,400,000"
99,nfl,2018,100,Jordan Reed,WAS,TE,"$10,253,125"
100,nfl,2018,101,Marcell Dareus,JAX,DL/DT,"$10,175,000"
101,nfl,2018,102,Marshal Yanda,BAL,G,"$10,125,220"
102,nfl,2018,103,Von Miller,DEN,ED/OLB,"$10,125,000"
103,nfl,2018,104,Terron Armstead,NO,LT,"$10,050,000"
104,nfl,2018,105,Travis Kelce,KC,TE,"$10,018,400"
105,nfl,2018,106,Blake Bortles,JAX,QB,"$10,000,000"
106,nfl,2018,,Andre Branch,MIA,ED/DE,"$10,000,000"
107,nfl,2018,,Janoris Jenkins,NYG,CB,"$10,000,000"
108,nfl,2018,,Trumaine Johnson,NYJ,CB,"$10,000,000"
109,nfl,2018,,Josh McCown,NYJ,QB,"$10,000,000"
110,nfl,2018,,Harrison Smith,MIN,FS,"$10,000,000"
111,nfl,2018,,Nate Solder,NYG,LT,"$10,000,000"
112,nfl,2018,113,Kenny Stills,MIA,WR,"$9,750,000"
113,nfl,2018,114,Mike Daniels,GB,DL/DE,"$9,712,500"
114,nfl,2018,115,Dont'a Hightower,NE,LB/ILB,"$9,695,305"
115,nfl,2018,116,Mark Barron,LAR,LB/ILB,"$9,666,666"
116,nfl,2018,117,Kiko Alonso,MIA,LB/OLB,"$9,662,500"
117,nfl,2018,118,Keenan Allen,LAC,WR,"$9,650,000"
118,nfl,2018,119,Cameron Wake,MIA,ED/DE,"$9,625,000"
119,nfl,2018,120,Robert Alford,ATL,CB,"$9,600,000"
120,nfl,2018,,Akiem Hicks,CHI,DL/DE,"$9,600,000"
121,nfl,2018,,Donte Moncrief,JAX,WR,"$9,600,000"
122,nfl,2018,123,Kam Chancellor,SEA,SS,"$9,581,250"
123,nfl,2018,124,Dre Kirkpatrick,CIN,CB,"$9,553,125"
124,nfl,2018,125,Weston Richburg,SF,C,"$9,535,000"
125,nfl,2018,126,Kelvin Beachum,NYJ,LT,"$9,500,000"
126,nfl,2018,127,Ja'Wuan James,MIA,RT,"$9,341,000"
127,nfl,2018,128,Brandon Linder,JAX,C,"$9,281,250"
128,nfl,2018,129,Pierre Garcon,SF,WR,"$9,250,000"
129,nfl,2018,130,Andrew Whitworth,LAR,LT,"$9,174,166"
130,nfl,2018,131,Jordy Nelson,OAK,WR,"$9,168,750"
131,nfl,2018,132,Mario Addison,CAR,ED/DE,"$9,166,666"
132,nfl,2018,133,Tyrone Crawford,DAL,ED/DE,"$9,100,000"
133,nfl,2018,134,Charles Clay,BUF,TE,"$9,000,000"
134,nfl,2018,,Kareem Jackson,HOU,SS,"$9,000,000"
135,nfl,2018,,Brian Orakpo,TEN,ED/OLB,"$9,000,000"
136,nfl,2018,,Larry Warford,NO,G,"$9,000,000"
137,nfl,2018,138,LeSean McCoy,BUF,RB,"$8,950,000"
138,nfl,2018,139,Aaron Donald,LAR,DL/DT,"$8,892,000"
139,nfl,2018,140,Stephon Gilmore,NE,CB,"$8,887,500"
140,nfl,2018,141,Kyle Long,CHI,G,"$8,848,158"
141,nfl,2018,142,Lavonte David,TB,LB/OLB,"$8,750,000"
142,nfl,2018,143,Ron Leary,DEN,G,"$8,718,750"
143,nfl,2018,144,Deone Bucannon,ARI,ED/OLB,"$8,718,000"
144,nfl,2018,,Dee Ford,KC,ED/OLB,"$8,718,000"
145,nfl,2018,,C.J. Mosley,BAL,LB/ILB,"$8,718,000"
146,nfl,2018,,Ryan Shazier,PIT,LB/ILB,"$8,718,000"
147,nfl,2018,148,Ryan Tannehill,MIA,QB,"$8,676,666"
148,nfl,2018,149,Delanie Walker,TEN,TE,"$8,635,625"
149,nfl,2018,150,Darqueze Dennard,CIN,CB,"$8,526,000"
150,nfl,2018,,Bradley Roby,DEN,CB,"$8,526,000"
151,nfl,2018,,Jason Verrett,LAC,CB,"$8,526,000"
152,nfl,2018,,Jimmie Ward,SF,FS,"$8,526,000"
153,nfl,2018,154,Buster Skrine,NYJ,CB,"$8,500,000"
154,nfl,2018,155,Rodney McLeod,PHI,SS,"$8,406,250"
155,nfl,2018,,Derrick Morgan,TEN,ED/OLB,"$8,406,250"
156,nfl,2018,157,Jake Matthews,ATL,LT,"$8,289,200"
157,nfl,2018,158,Bryan Bulaga,GB,RT,"$8,268,750"
158,nfl,2018,159,Duane Brown,SEA,LT,"$8,250,000"
159,nfl,2018,,Eric Weddle,BAL,FS,"$8,250,000"
160,nfl,2018,161,K.J. Wright,SEA,LB/OLB,"$8,200,000"
161,nfl,2018,162,John Sullivan,LAR,C,"$8,124,999"
162,nfl,2018,163,Linval Joseph,MIN,DL/DT,"$8,050,000"
163,nfl,2018,164,Luke Kuechly,CAR,LB/ILB,"$8,000,059"
164,nfl,2018,165,Allen Bailey,KC,DL/DE,"$8,000,000"
165,nfl,2018,,Brandon Graham,PHI,ED/DE,"$8,000,000"
166,nfl,2018,,Brent Grimes,TB,CB,"$8,000,000"
167,nfl,2018,,Sheldon Richardson,MIN,DL/DT,"$8,000,000"
168,nfl,2018,,Max Unger,NO,C,"$8,000,000"
169,nfl,2018,170,Antonio Brown,PIT,WR,"$7,955,000"
170,nfl,2018,171,Greg Olsen,CAR,TE,"$7,950,000"
171,nfl,2018,,Rodger Saffold,LAR,G,"$7,950,000"
172,nfl,2018,173,Jameis Winston,TB,QB,"$7,941,903"
173,nfl,2018,174,Sammy Watkins,KC,WR,"$7,800,000"
174,nfl,2018,175,Marcus Mariota,TEN,QB,"$7,704,446"
175,nfl,2018,176,Trai Turner,CAR,G,"$7,703,000"
176,nfl,2018,177,Benardrick McKinney,HOU,LB/ILB,"$7,700,721"
177,nfl,2018,178,Mitchell Schwartz,KC,RT,"$7,700,000"
178,nfl,2018,179,Kyle Rudolph,MIN,TE,"$7,675,000"
179,nfl,2018,180,Aaron Colvin,HOU,CB,"$7,656,250"
180,nfl,2018,181,Jared Goff,LAR,QB,"$7,619,365"
181,nfl,2018,182,Mohamed Sanu,ATL,WR,"$7,525,000"
182,nfl,2018,183,Prince Amukamara,CHI,CB,"$7,500,000"
183,nfl,2018,,Jabaal Sheard,IND,DL/DE,"$7,500,000"
184,nfl,2018,185,Tahir Whitehead,OAK,LB/OLB,"$7,416,666"
185,nfl,2018,186,Marcus Gilbert,PIT,RT,"$7,358,500"
186,nfl,2018,187,Vontaze Burfict,CIN,LB/OLB,"$7,301,029"
187,nfl,2018,188,Carson Wentz,PHI,QB,"$7,275,365"
188,nfl,2018,189,Todd Gurley,LAR,RB,"$7,228,306"
189,nfl,2018,190,Jermaine Gresham,ARI,TE,"$7,218,750"
190,nfl,2018,191,Jason Kelce,PHI,C,"$7,200,000"
191,nfl,2018,192,Danny Trevathan,CHI,LB/ILB,"$7,150,000"
192,nfl,2018,193,Cameron Heyward,PIT,DL/DT,"$7,066,250"
193,nfl,2018,194,Joey Bosa,LAC,ED/DE,"$7,056,459"
194,nfl,2018,195,Tashaun Gipson,JAX,FS,"$7,050,000"
195,nfl,2018,196,Travis Benjamin,LAC,WR,"$7,000,000"
196,nfl,2018,,Cameron Brate,TB,TE,"$7,000,000"
197,nfl,2018,,Brandon Carr,BAL,CB,"$7,000,000"
198,nfl,2018,,Brandon Marshall,DEN,LB/ILB,"$7,000,000"
199,nfl,2018,,Tyrann Mathieu,HOU,FS,"$7,000,000"
200,nfl,2018,,Brian Winters,NYJ,G,"$7,000,000"
201,nfl,2018,202,Morris Claiborne,NYJ,CB,"$6,990,625"
202,nfl,2018,203,Terrell Suggs,BAL,ED/OLB,"$6,950,000"
203,nfl,2018,204,Spencer Long,NYJ,C,"$6,937,500"
204,nfl,2018,205,Myles Garrett,CLE,ED/DE,"$6,911,876"
205,nfl,2018,206,Zach Fulton,HOU,G,"$6,906,250"
206,nfl,2018,207,Matt Kalil,CAR,LT,"$6,900,000"
207,nfl,2018,208,Denico Autry,IND,DL/DT,"$6,875,000"
208,nfl,2018,,Jared Veldheer,DEN,RT,"$6,875,000"
209,nfl,2018,210,Casey Hayward,LAC,CB,"$6,833,334"
210,nfl,2018,211,Ezekiel Elliott,DAL,RB,"$6,806,274"
211,nfl,2018,212,Micah Hyde,BUF,SS,"$6,800,000"
212,nfl,2018,,Richard Sherman,SF,CB,"$6,800,000"
213,nfl,2018,214,Sharrif Floyd,MIN,DL/DT,"$6,757,000"
214,nfl,2018,215,Brandon Scherff,WAS,G,"$6,750,432"
215,nfl,2018,216,Eric Ebron,IND,TE,"$6,750,000"
216,nfl,2018,,J.C. Tretter,CLE,C,"$6,750,000"
217,nfl,2018,218,James Carpenter,NYJ,G,"$6,711,250"
218,nfl,2018,219,Lamar Miller,HOU,RB,"$6,703,125"
219,nfl,2018,220,Star Lotulelei,BUF,DL/DT,"$6,700,000"
220,nfl,2018,221,Mitchell Trubisky,CHI,QB,"$6,598,278"
221,nfl,2018,222,John Cyprien,TEN,SS,"$6,562,500"
222,nfl,2018,223,Glover Quin,DET,FS,"$6,516,666"
223,nfl,2018,224,Vinny Curry,TB,ED/DE,"$6,500,000"
224,nfl,2018,,Kyle Fuller,CHI,CB,"$6,500,000"
225,nfl,2018,,William Gholston,TB,ED/DE,"$6,500,000"
226,nfl,2018,,Jerick McKinnon,SF,RB,"$6,500,000"
227,nfl,2018,,Ryan Schraeder,ATL,RT,"$6,500,000"
228,nfl,2018,,Josh Sitton,MIA,G,"$6,500,000"
229,nfl,2018,230,Marvin Jones,DET,WR,"$6,433,333"
230,nfl,2018,231,Solomon Thomas,SF,ED/DE,"$6,398,720"
231,nfl,2018,232,Jalen Ramsey,JAX,CB,"$6,368,454"
232,nfl,2018,233,Adam Thielen,MIN,WR,"$6,350,000"
233,nfl,2018,234,Dion Sims,CHI,TE,"$6,333,333"
234,nfl,2018,235,Whitney Mercilus,HOU,ED/OLB,"$6,300,000"
235,nfl,2018,236,Travis Frederick,DAL,C,"$6,275,000"
236,nfl,2018,,Marquise Goodwin,SF,WR,"$6,275,000"
237,nfl,2018,238,Mike Pouncey,LAC,C,"$6,250,000"
238,nfl,2018,239,Christian Kirksey,CLE,LB/OLB,"$6,200,000"
239,nfl,2018,240,Leonard Fournette,JAX,RB,"$6,170,645"
240,nfl,2018,241,Justin Britt,SEA,C,"$6,166,666"
241,nfl,2018,242,Darius Slay,DET,CB,"$6,110,644"
242,nfl,2018,243,Danny Amendola,MIA,WR,"$6,000,000"
243,nfl,2018,,Joel Bitonio,CLE,G,"$6,000,000"
244,nfl,2018,,Malcolm Butler,TEN,CB,"$6,000,000"
245,nfl,2018,,Zack Martin,DAL,G,"$6,000,000"
246,nfl,2018,,Avery Williamson,NYJ,LB/ILB,"$6,000,000"
247,nfl,2018,248,Marcus Cannon,NE,RT,"$5,956,250"
248,nfl,2018,249,Baker Mayfield,CLE,QB,"$5,942,360"
249,nfl,2018,250,Leonard Williams,NYJ,DL/DE,"$5,928,003"
250,nfl,2018,251,Trey Burton,CHI,TE,"$5,925,000"
251,nfl,2018,252,Brandon Williams,BAL,DL/DT,"$5,920,000"
252,nfl,2018,253,Jimmy Graham,GB,TE,"$5,916,666"
253,nfl,2018,254,Charles Leno,CHI,LT,"$5,900,000"
254,nfl,2018,,Darian Stewart,DEN,SS,"$5,900,000"
255,nfl,2018,,Ricky Wagner,DET,RT,"$5,900,000"
256,nfl,2018,257,Telvin Smith,JAX,LB/OLB,"$5,810,235"
257,nfl,2018,258,Chris Hubbard,CLE,RT,"$5,800,000"
258,nfl,2018,259,Corey Davis,TEN,WR,"$5,771,523"
259,nfl,2018,260,La'el Collins,DAL,RT,"$5,758,333"
260,nfl,2018,261,Josh Kline,TEN,G,"$5,750,000"
261,nfl,2018,262,David DeCastro,PIT,G,"$5,687,500"
262,nfl,2018,263,Jared Cook,OAK,TE,"$5,675,000"
263,nfl,2018,264,Saquon Barkley,NYG,RB,"$5,671,773"
264,nfl,2018,265,Tony Jefferson,BAL,SS,"$5,656,666"
265,nfl,2018,266,Michael Bennett,PHI,ED/DE,"$5,650,000"
266,nfl,2018,267,Ronnie Stanley,BAL,LT,"$5,586,635"
267,nfl,2018,268,Danielle Hunter,MIN,ED/DE,"$5,563,806"
268,nfl,2018,269,Jermaine Kearse,NYJ,WR,"$5,550,000"
269,nfl,2018,270,Jahleel Addae,LAC,SS,"$5,500,000"
270,nfl,2018,,Taylor Gabriel,CHI,WR,"$5,500,000"
271,nfl,2018,,Brandon Mebane,LAC,DL/DT,"$5,500,000"
272,nfl,2018,,Kyle Williams,BUF,DL/DT,"$5,500,000"
273,nfl,2018,274,Sam Darnold,NYJ,QB,"$5,499,584"
274,nfl,2018,275,Johnathan Joseph,HOU,CB,"$5,487,500"
275,nfl,2018,276,Robert Woods,LAR,WR,"$5,465,019"
276,nfl,2018,277,"Odell Beckham, Jr.",NYG,WR,"$5,459,000"
277,nfl,2018,278,Clint Boling,CIN,G,"$5,450,000"
278,nfl,2018,279,Rashaan Melvin,OAK,CB,"$5,437,500"
279,nfl,2018,280,Stephon Tuitt,PIT,DL/DE,"$5,432,000"
280,nfl,2018,281,Brandin Cooks,LAR,WR,"$5,400,000"
281,nfl,2018,,Morgan Moses,WAS,RT,"$5,400,000"
282,nfl,2018,283,Ben Jones,TEN,C,"$5,375,000"
283,nfl,2018,284,Laurent Duvernay-Tardif,KC,G,"$5,360,000"
284,nfl,2018,285,Jack Doyle,IND,TE,"$5,337,500"
285,nfl,2018,286,DaQuan Jones,TEN,DL/DE,"$5,333,333"
286,nfl,2018,,Dontari Poe,CAR,DL/DT,"$5,333,333"
287,nfl,2018,288,Mark Ingram,NO,RB,"$5,303,824"
288,nfl,2018,289,Denzel Ward,CLE,CB,"$5,302,792"
289,nfl,2018,290,Vernon Davis,WAS,TE,"$5,302,083"
290,nfl,2018,291,Travis Carrie,CLE,CB,"$5,300,000"
291,nfl,2018,292,Kevin White,CHI,WR,"$5,270,060"
292,nfl,2018,293,Mason Crosby,GB,K,"$5,250,000"
293,nfl,2018,,Nickell Robey-Coleman,LAR,CB,"$5,250,000"
294,nfl,2018,295,Daniel Sorensen,KC,FS,"$5,243,750"
295,nfl,2018,296,A.J. Klein,NO,LB/OLB,"$5,200,000"
296,nfl,2018,,Latavius Murray,MIN,RB,"$5,200,000"
297,nfl,2018,298,Bobby Massie,CHI,RT,"$5,100,000"
298,nfl,2018,299,Jamal Adams,NYJ,SS,"$5,058,802"
299,nfl,2018,300,Justin Tucker,BAL,K,"$5,046,666"
300,nfl,2018,301,David Johnson,ARI,RB,"$5,042,344"
301,nfl,2018,302,Beau Allen,TB,DL/DT,"$5,000,000"
302,nfl,2018,,John Brown,BAL,WR,"$5,000,000"
303,nfl,2018,,Preston Brown,CIN,LB/ILB,"$5,000,000"
304,nfl,2018,,Devonta Freeman,ATL,RB,"$5,000,000"
305,nfl,2018,,Stephen Gostkowski,NE,K,"$5,000,000"
306,nfl,2018,,Ryan Grant,IND,WR,"$5,000,000"
307,nfl,2018,,Timmy Jernigan,PHI,DL/DT,"$5,000,000"
308,nfl,2018,,Daniel Kilgore,MIA,C,"$5,000,000"
309,nfl,2018,,Andy Levitre,ATL,G,"$5,000,000"
310,nfl,2018,,Andrew Norwell,JAX,G,"$5,000,000"
311,nfl,2018,,Jermey Parnell,JAX,RT,"$5,000,000"
312,nfl,2018,,Julius Peppers,CAR,ED/DE,"$5,000,000"
313,nfl,2018,,Torrey Smith,CAR,WR,"$5,000,000"
314,nfl,2018,315,Lane Johnson,PHI,RT,"$4,982,206"
315,nfl,2018,316,Stefon Diggs,MIN,WR,"$4,963,929"
316,nfl,2018,317,DeForest Buckner,SF,DL/DT,"$4,961,179"
317,nfl,2018,318,Reshad Jones,MIA,SS,"$4,960,000"
318,nfl,2018,319,Bradley Chubb,DEN,ED/OLB,"$4,958,407"
319,nfl,2018,320,Zach Ertz,PHI,TE,"$4,937,500"
320,nfl,2018,321,Bilal Powell,NYJ,RB,"$4,883,334"
321,nfl,2018,322,Trent Murphy,BUF,ED/DE,"$4,881,250"
322,nfl,2018,323,Corey Linsley,GB,C,"$4,850,000"
323,nfl,2018,324,Albert Wilson,MIA,WR,"$4,833,333"
324,nfl,2018,325,Demar Dotson,TB,RT,"$4,803,125"
325,nfl,2018,326,Brandon Brooks,PHI,G,"$4,768,397"
326,nfl,2018,327,Tyler Eifert,CIN,TE,"$4,750,000"
327,nfl,2018,,Allen Hurns,DAL,WR,"$4,750,000"
328,nfl,2018,,Alec Ogletree,NYG,LB/ILB,"$4,750,000"
329,nfl,2018,330,Michael Johnson,CIN,ED/DE,"$4,737,500"
330,nfl,2018,331,Quincy Enunwa,NYJ,WR,"$4,714,000"
331,nfl,2018,332,Stacy McGee,WAS,DL/DT,"$4,675,000"
332,nfl,2018,333,Malcolm Smith,SF,LB/ILB,"$4,668,750"
333,nfl,2018,334,Mike Iupati,ARI,G,"$4,657,500"
334,nfl,2018,335,Marqise Lee,JAX,WR,"$4,656,250"
335,nfl,2018,336,Vic Beasley,ATL,ED/DE,"$4,612,118"
336,nfl,2018,337,Mike Remmers,MIN,G,"$4,600,000"
337,nfl,2018,338,Damon Harrison,DET,DL/DT,"$4,558,823"
338,nfl,2018,339,Muhammad Wilkerson,GB,DL/DE,"$4,512,500"
339,nfl,2018,340,Marcus Gilchrist,OAK,FS,"$4,500,000"
340,nfl,2018,,Ted Ginn Jr.,NO,WR,"$4,500,000"
341,nfl,2018,,Kyle Juszczyk,SF,FB,"$4,500,000"
342,nfl,2018,,Matt Schaub,ATL,QB,"$4,500,000"
343,nfl,2018,,Demaryius Thomas,HOU,WR,"$4,500,000"
344,nfl,2018,345,Mike Williams,LAC,WR,"$4,488,620"
345,nfl,2018,346,Seth Roberts,OAK,WR,"$4,450,000"
346,nfl,2018,347,Tyler Lockett,SEA,WR,"$4,446,688"
347,nfl,2018,348,Corey Liuget,LAC,DL/DT,"$4,374,559"
348,nfl,2018,349,Devon Kennard,DET,LB/OLB,"$4,350,000"
349,nfl,2018,,Donald Penn,OAK,RT,"$4,350,000"
350,nfl,2018,351,Quenton Nelson,IND,G,"$4,343,437"
351,nfl,2018,352,Jack Conklin,TEN,RT,"$4,335,725"
352,nfl,2018,353,Dion Lewis,TEN,RB,"$4,312,500"
353,nfl,2018,354,Leonard Floyd,CHI,ED/OLB,"$4,304,417"
354,nfl,2018,355,Cole Beasley,DAL,WR,"$4,250,000"
355,nfl,2018,,Justin Ellis,OAK,DL/DT,"$4,250,000"
356,nfl,2018,,Steve McLendon,NYJ,DL/DT,"$4,250,000"
357,nfl,2018,,Wesley Woodyard,TEN,LB/ILB,"$4,250,000"
358,nfl,2018,359,Giovani Bernard,CIN,RB,"$4,200,000"
359,nfl,2018,,Domata Peko,DEN,DL/DT,"$4,200,000"
360,nfl,2018,361,Lane Taylor,GB,G,"$4,193,750"
361,nfl,2018,362,Shawn Williams,CIN,SS,"$4,150,000"
362,nfl,2018,363,Terrance Williams,DAL,WR,"$4,132,352"
363,nfl,2018,364,Theo Riddick,DET,RB,"$4,125,000"
364,nfl,2018,365,Trae Waynes,MIN,CB,"$4,118,663"
365,nfl,2018,366,Alejandro Villanueva,PIT,LT,"$4,095,000"
366,nfl,2018,367,William Hayes,MIA,ED/DE,"$4,050,000"
367,nfl,2018,368,Marshawn Lynch,OAK,RB,"$4,031,250"
368,nfl,2018,369,Chase Daniel,CHI,QB,"$4,000,000"
369,nfl,2018,,Todd Davis,DEN,LB/ILB,"$4,000,000"
370,nfl,2018,,Senio Kelemete,HOU,G,"$4,000,000"
371,nfl,2018,,Bennie Logan,TEN,DL/DT,"$4,000,000"
372,nfl,2018,,Captain Munnerlyn,CAR,CB,"$4,000,000"
373,nfl,2018,,Mike Wallace,PHI,WR,"$4,000,000"
374,nfl,2018,375,Alshon Jeffery,PHI,WR,"$3,975,000"
375,nfl,2018,376,Malcolm Jenkins,PHI,FS,"$3,952,000"
376,nfl,2018,377,Julian Edelman,NE,WR,"$3,940,361"
377,nfl,2018,378,Brooks Reed,ATL,ED/DE,"$3,940,000"
378,nfl,2018,379,Adrian Clayborn,NE,ED/DE,"$3,937,500"
379,nfl,2018,380,Nevin Lawson,DET,CB,"$3,925,000"
380,nfl,2018,381,Christian McCaffrey,CAR,RB,"$3,918,477"
381,nfl,2018,382,D.J. Hayden,JAX,CB,"$3,916,666"
382,nfl,2018,383,Greg Mancz,HOU,C,"$3,907,000"
383,nfl,2018,384,Aaron Lynch,CHI,DL/DE,"$3,906,250"
384,nfl,2018,385,Duke Johnson,CLE,RB,"$3,894,523"
385,nfl,2018,386,John Ross,CIN,WR,"$3,889,969"
386,nfl,2018,387,Dwayne Allen,NE,TE,"$3,880,000"
387,nfl,2018,388,Jordan Poyer,BUF,FS,"$3,875,000"
388,nfl,2018,389,Vernon Hargreaves,TB,CB,"$3,866,634"
389,nfl,2018,390,Josh Allen,BUF,QB,"$3,851,461"
390,nfl,2018,391,Cody Parkey,CHI,K,"$3,812,500"
391,nfl,2018,392,Thomas Davis,CAR,LB/OLB,"$3,801,471"
392,nfl,2018,393,Patrick Chung,NE,SS,"$3,800,000"
393,nfl,2018,394,Eddie Goldman,CHI,DL/DT,"$3,798,876"
394,nfl,2018,395,Earl Mitchell,SF,DL/DT,"$3,756,250"
395,nfl,2018,396,Rhett Ellison,NYG,TE,"$3,750,000"
396,nfl,2018,,Duron Harmon,NE,SS,"$3,750,000"
397,nfl,2018,398,Eric Kendricks,MIN,LB/ILB,"$3,740,520"
398,nfl,2018,399,Patrick Mahomes,KC,QB,"$3,733,141"
399,nfl,2018,400,Paul Richardson,WAS,WR,"$3,718,750"
400,nfl,2018,401,Golden Tate,PHI,WR,"$3,705,882"
401,nfl,2018,402,Lawrence Guy,NE,DL/DT,"$3,666,666"
402,nfl,2018,,Kyle Van Noy,NE,LB/ILB,"$3,666,666"
403,nfl,2018,404,Antoine Bethea,ARI,FS,"$3,658,541"
404,nfl,2018,405,Andrus Peat,NO,G,"$3,625,204"
405,nfl,2018,406,Tyson Alualu,PIT,DL/DE,"$3,625,000"
406,nfl,2018,,Jonathan Stewart,NYG,RB,"$3,625,000"
407,nfl,2018,,Adam Vinatieri,IND,K,"$3,625,000"
408,nfl,2018,,Tramon Williams,GB,CB,"$3,625,000"
409,nfl,2018,410,Lee Smith,OAK,TE,"$3,616,666"
410,nfl,2018,411,Lorenzo Alexander,BUF,LB/OLB,"$3,600,000"
411,nfl,2018,,Darren Fells,CLE,TE,"$3,600,000"
412,nfl,2018,,Anthony Hitchens,KC,LB/ILB,"$3,600,000"
413,nfl,2018,414,Ramon Foster,PIT,G,"$3,591,668"
414,nfl,2018,415,Josh Hill,NO,TE,"$3,583,334"
415,nfl,2018,416,Colt McCoy,WAS,QB,"$3,556,860"
416,nfl,2018,417,Sam Koch,BAL,P,"$3,550,000"
417,nfl,2018,,Greg Zuerlein,LAR,K,"$3,550,000"
418,nfl,2018,419,E.J. Gaines,CLE,CB,"$3,531,250"
419,nfl,2018,420,Kareem Martin,NYG,LB/OLB,"$3,516,666"
420,nfl,2018,421,Phil Dawson,ARI,K,"$3,500,000"
421,nfl,2018,,Andre Hal,HOU,FS,"$3,500,000"
422,nfl,2018,,Chris Hogan,NE,WR,"$3,500,000"
423,nfl,2018,,Abry Jones,JAX,DL/DT,"$3,500,000"
424,nfl,2018,,Brett Kern,TEN,P,"$3,500,000"
425,nfl,2018,,Cassius Marsh,SF,LB/OLB,"$3,500,000"
426,nfl,2018,,Brandon McManus,DEN,K,"$3,500,000"
427,nfl,2018,,Andrew Sendejo,MIN,SS,"$3,500,000"
428,nfl,2018,429,Sheldon Rankins,NO,DL/DT,"$3,491,358"
429,nfl,2018,430,Marshon Lattimore,NO,CB,"$3,490,809"
430,nfl,2018,431,DeVante Parker,MIA,WR,"$3,460,718"
431,nfl,2018,432,Graham Gano,CAR,K,"$3,437,500"
432,nfl,2018,433,Shaq Mason,NE,G,"$3,417,882"
433,nfl,2018,434,Laremy Tunsil,MIA,LT,"$3,397,541"
434,nfl,2018,435,Melvin Gordon,LAC,RB,"$3,394,929"
435,nfl,2018,436,Jason McCourty,NE,CB,"$3,382,000"
436,nfl,2018,437,Roquan Smith,CHI,LB,"$3,359,485"
437,nfl,2018,438,Jack Crawford,ATL,DL/DT,"$3,358,333"
438,nfl,2018,439,Mike McGlinchey,SF,RT,"$3,334,858"
439,nfl,2018,440,Michael Crabtree,BAL,WR,"$3,333,333"
440,nfl,2018,,Bradley McDougald,SEA,SS,"$3,333,333"
441,nfl,2018,442,Kurt Coleman,NO,SS,"$3,300,000"
442,nfl,2018,,Demario Davis,NO,LB/OLB,"$3,300,000"
443,nfl,2018,,Ryan Fitzpatrick,TB,QB,"$3,300,000"
444,nfl,2018,445,Ricardo Allen,ATL,FS,"$3,289,000"
445,nfl,2018,446,Cordarrelle Patterson,NE,WR,"$3,250,000"
446,nfl,2018,,Justin Pugh,ARI,G,"$3,250,000"
447,nfl,2018,448,Karl Joseph,OAK,SS,"$3,241,177"
448,nfl,2018,449,Stefen Wisniewski,PHI,G,"$3,208,333"
449,nfl,2018,450,Chris Boswell,PIT,K,"$3,200,000"
450,nfl,2018,,Matt Prater,DET,K,"$3,200,000"
451,nfl,2018,,Vince Williams,PIT,LB/ILB,"$3,200,000"
452,nfl,2018,453,Josh Rosen,ARI,QB,"$3,199,592"
453,nfl,2018,454,Kevin Johnson,HOU,CB,"$3,197,541"
454,nfl,2018,455,HaHa Clinton-Dix,WAS,FS,"$3,153,705"
455,nfl,2018,456,Chris Thompson,WAS,RB,"$3,152,250"
456,nfl,2018,457,Deshaun Watson,HOU,QB,"$3,148,700"
457,nfl,2018,458,Arik Armstead,SF,ED/DE,"$3,131,746"
458,nfl,2018,459,Tavon Wilson,DET,SS,"$3,128,125"
459,nfl,2018,460,Jaquiski Tartt,SF,SS,"$3,102,686"
460,nfl,2018,461,Chris Long,PHI,ED/DE,"$3,100,000"
461,nfl,2018,462,Haason Reddick,ARI,ED/OLB,"$3,063,174"
462,nfl,2018,463,Austin Seferian-Jenkins,JAX,TE,"$3,051,250"
463,nfl,2018,464,Bryan Anger,TB,P,"$3,000,000"
464,nfl,2018,,Johnson Bademosi,HOU,CB,"$3,000,000"
465,nfl,2018,,Tramaine Brock,DEN,CB,"$3,000,000"
466,nfl,2018,,Brandon Fusco,ATL,G,"$3,000,000"
467,nfl,2018,,Johnathan Hankins,OAK,DL/DT,"$3,000,000"
468,nfl,2018,,Steven Hauschka,BUF,K,"$3,000,000"
469,nfl,2018,,Mitch Unrein,TB,ED/DE,"$3,000,000"
470,nfl,2018,,James White,NE,RB,"$3,000,000"
471,nfl,2018,472,Taylor Decker,DET,LT,"$2,990,994"
472,nfl,2018,473,Minkah Fitzpatrick,MIA,S,"$2,990,504"
473,nfl,2018,474,Nelson Agholor,PHI,WR,"$2,983,710"
474,nfl,2018,475,Cedric Ogbuehi,CIN,LT,"$2,967,263"
475,nfl,2018,476,Zach Brown,WAS,LB/ILB,"$2,953,125"
476,nfl,2018,477,Ryan Succop,TEN,K,"$2,950,000"
477,nfl,2018,478,Bud Dupree,PIT,ED/OLB,"$2,934,363"
478,nfl,2018,479,Keanu Neal,ATL,FS,"$2,928,449"
479,nfl,2018,480,Sam Martin,DET,P,"$2,925,000"
480,nfl,2018,,Haloti Ngata,PHI,DL/DT,"$2,925,000"
481,nfl,2018,,Akeem Spence,MIA,DL/DT,"$2,925,000"
482,nfl,2018,483,Derek Barnett,PHI,ED/DE,"$2,920,630"
483,nfl,2018,484,Shaquil Barrett,DEN,ED/OLB,"$2,914,000"
484,nfl,2018,,Justin Coleman,SEA,CB,"$2,914,000"
485,nfl,2018,,Nick Easton,MIN,C,"$2,914,000"
486,nfl,2018,,Ben Garland,ATL,G,"$2,914,000"
487,nfl,2018,,Corey Grant,JAX,RB,"$2,914,000"
488,nfl,2018,,Adam Humphries,TB,WR,"$2,914,000"
489,nfl,2018,,Brett Jones,MIN,C,"$2,914,000"
490,nfl,2018,,Ty Nsekhe,WAS,LT,"$2,914,000"
491,nfl,2018,,Matt Paradis,DEN,C,"$2,914,000"
492,nfl,2018,,Tyrell Williams,LAC,WR,"$2,914,000"
493,nfl,2018,494,Shane Ray,DEN,ED/OLB,"$2,901,467"
494,nfl,2018,495,Christopher Conte,TB,SS,"$2,875,000"
495,nfl,2018,496,Malik Hooker,IND,FS,"$2,863,615"
496,nfl,2018,497,Laken Tomlinson,SF,G,"$2,850,941"
497,nfl,2018,498,Ryan Kelly,IND,C,"$2,850,267"
498,nfl,2018,499,D.J. Humphries,ARI,LT,"$2,835,672"
499,nfl,2018,500,Mike Pennel,NYJ,DL/DE,"$2,833,333"
500,nfl,2018,501,Shaq Lawson,BUF,ED/DE,"$2,803,356"
501,nfl,2018,502,Shaq Thompson,CAR,LB/OLB,"$2,802,776"
502,nfl,2018,503,Manti Te'o,NO,LB/ILB,"$2,800,000"
503,nfl,2018,504,Darron Lee,NYJ,LB/ILB,"$2,787,722"
504,nfl,2018,505,Rodney Hudson,OAK,C,"$2,782,000"
505,nfl,2018,506,Will Fuller,HOU,WR,"$2,772,085"
506,nfl,2018,507,Sam Acho,CHI,ED/OLB,"$2,750,000"
507,nfl,2018,,Vincent Rey,CIN,LB/ILB,"$2,750,000"
508,nfl,2018,509,Josh Doctson,WAS,WR,"$2,740,811"
509,nfl,2018,510,Byron Jones,DAL,CB,"$2,736,981"
510,nfl,2018,511,Laquon Treadwell,MIN,WR,"$2,709,539"
511,nfl,2018,512,Matt Bosher,ATL,P,"$2,700,000"
512,nfl,2018,,Garry Gilliam,SF,RT,"$2,700,000"
513,nfl,2018,,Cameron Meredith,NO,WR,"$2,700,000"
514,nfl,2018,515,Vita Vea,TB,DL/DT,"$2,695,316"
515,nfl,2018,516,Marlon Humphrey,BAL,CB,"$2,692,609"
516,nfl,2018,517,Ryan Griffin,HOU,TE,"$2,687,500"
517,nfl,2018,518,Johnny Hekker,LAR,P,"$2,678,551"
518,nfl,2018,519,Chris Smith,CLE,ED/DE,"$2,666,666"
519,nfl,2018,520,Garrett Celek,SF,TE,"$2,653,125"
520,nfl,2018,521,Thomas Morstead,NO,P,"$2,650,000"
521,nfl,2018,522,William Jackson,CIN,CB,"$2,646,993"
522,nfl,2018,523,Corey Peters,ARI,DL/DT,"$2,640,625"
523,nfl,2018,524,Jonathan Allen,WAS,DL/DE,"$2,635,540"
524,nfl,2018,525,Andy Lee,ARI,P,"$2,627,500"
525,nfl,2018,526,Daron Payne,WAS,DL/DT,"$2,621,520"
526,nfl,2018,527,Artie Burns,PIT,CB,"$2,615,721"
527,nfl,2018,528,Damion Square,LAC,DL/DT,"$2,612,500"
528,nfl,2018,529,Ross Cockrell,CAR,CB,"$2,600,000"
529,nfl,2018,,Chad Henne,KC,QB,"$2,600,000"
530,nfl,2018,531,Seantrel Henderson,HOU,RT,"$2,593,750"
531,nfl,2018,532,Shamar Stephen,SEA,DL/DT,"$2,581,250"
532,nfl,2018,533,Lerentee McCray,JAX,LB/OLB,"$2,578,125"
533,nfl,2018,534,Adoree' Jackson,TEN,CB,"$2,564,269"
534,nfl,2018,535,Kenny Clark,GB,DL/DT,"$2,553,176"
535,nfl,2018,536,Britton Colquitt,CLE,P,"$2,550,000"
536,nfl,2018,,Barkevious Mingo,SEA,LB/OLB,"$2,550,000"
537,nfl,2018,538,Joshua Garnett,SF,G,"$2,537,539"
538,nfl,2018,539,O.J. Howard,TB,TE,"$2,521,504"
539,nfl,2018,540,Garett Bolles,DEN,LT,"$2,507,250"
540,nfl,2018,541,T.J. McDonald,MIA,FS,"$2,502,000"
541,nfl,2018,542,Antonio Gates,LAC,TE,"$2,500,000"
542,nfl,2018,,Ryan Groy,BUF,G,"$2,500,000"
543,nfl,2018,,Cody Latimer,NYG,WR,"$2,500,000"
544,nfl,2018,,Alex Okafor,NO,ED/DE,"$2,500,000"
545,nfl,2018,,Luke Willson,DET,TE,"$2,500,000"
546,nfl,2018,,Al Woods,IND,DL/DT,"$2,500,000"
547,nfl,2018,548,Marcus Davenport,NO,ED/DE,"$2,498,526"
548,nfl,2018,549,Jarrad Davis,DET,LB/ILB,"$2,492,995"
549,nfl,2018,550,Tre Boston,ARI,FS,"$2,475,000"
550,nfl,2018,,Christian Jones,DET,LB/OLB,"$2,475,000"
551,nfl,2018,552,Margus Hunt,IND,DL/DE,"$2,468,750"
552,nfl,2018,553,Terrance Mitchell,CLE,CB,"$2,466,666"
553,nfl,2018,554,Charles Harris,MIA,ED/DE,"$2,464,486"
554,nfl,2018,555,Jeff Heath,DAL,SS,"$2,450,000"
555,nfl,2018,556,Kolton Miller,OAK,LT,"$2,449,331"
556,nfl,2018,557,Cameron Fleming,DAL,T,"$2,437,500"
557,nfl,2018,558,Evan Engram,NYG,TE,"$2,435,978"
558,nfl,2018,559,Mike Adams,CAR,FS,"$2,425,000"
559,nfl,2018,560,Malcom Brown,NE,DL/DT,"$2,422,392"
560,nfl,2018,561,Reggie Nelson,OAK,FS,"$2,421,875"
561,nfl,2018,562,Morgan Burnett,PIT,SS,"$2,416,666"
562,nfl,2018,563,Chris Ivory,BUF,RB,"$2,406,250"
563,nfl,2018,564,David Andrews,NE,C,"$2,400,000"
564,nfl,2018,,Benjamin Ijalana,NYJ,RT,"$2,400,000"
565,nfl,2018,566,Gareon Conley,OAK,CB,"$2,378,960"
566,nfl,2018,567,Cody Davis,JAX,FS,"$2,375,000"
567,nfl,2018,568,Vance McDonald,PIT,TE,"$2,370,625"
568,nfl,2018,569,Jabrill Peppers,CLE,SS,"$2,350,451"
569,nfl,2018,570,Robert Nkemdiche,ARI,DL/DT,"$2,345,618"
570,nfl,2018,571,Takkarist McKinley,ATL,ED/DE,"$2,321,939"
571,nfl,2018,572,Brandon LaFell,OAK,WR,"$2,312,500"
572,nfl,2018,573,Tremaine Edmunds,BUF,LB/ILB,"$2,301,735"
573,nfl,2018,574,Kevin Huber,CIN,P,"$2,300,000"
574,nfl,2018,575,Tre'Davious White,BUF,CB,"$2,293,434"
575,nfl,2018,576,Teddy Bridgewater,NO,QB,"$2,290,000"
576,nfl,2018,577,Vernon Butler,CAR,DL/DT,"$2,289,958"
577,nfl,2018,578,Taco Charlton,DAL,ED/DE,"$2,279,179"
578,nfl,2018,579,K'Waun Williams,SF,CB,"$2,268,750"
579,nfl,2018,580,Drew Stanton,CLE,QB,"$2,265,625"
580,nfl,2018,581,Kevin Pierre-Louis,NYJ,ED/OLB,"$2,257,352"
581,nfl,2018,582,Germain Ifedi,SEA,RT,"$2,254,119"
582,nfl,2018,583,Derwin James,LAC,S,"$2,252,537"
583,nfl,2018,584,Rex Burkhead,NE,RB,"$2,250,000"
584,nfl,2018,,Robbie Gould,SF,K,"$2,250,000"
585,nfl,2018,,James Hurst,BAL,RT,"$2,250,000"
586,nfl,2018,,Jordan Mills,BUF,RT,"$2,250,000"
587,nfl,2018,,Kevin Pamphile,TEN,RT,"$2,250,000"
588,nfl,2018,,Patrick Robinson,NO,CB,"$2,250,000"
589,nfl,2018,,Evan Smith,TB,C,"$2,250,000"
590,nfl,2018,591,David Irving,DAL,DL/DT,"$2,228,352"
591,nfl,2018,592,Lance Kendricks,GB,TE,"$2,225,000"
592,nfl,2018,,Ethan Westbrooks,LAR,DL/DT,"$2,225,000"
593,nfl,2018,594,Jaire Alexander,GB,CB,"$2,191,041"
594,nfl,2018,595,Nate Ebner,NE,FS,"$2,175,000"
595,nfl,2018,596,Daren Bates,TEN,LB/ILB,"$2,166,666"
596,nfl,2018,,Matt Bryant,ATL,K,"$2,166,666"
597,nfl,2018,598,David Njoku,CLE,TE,"$2,164,794"
598,nfl,2018,599,Leighton Vander Esch,DAL,LB,"$2,154,142"
599,nfl,2018,600,Quandre Diggs,DET,SS,"$2,153,838"
600,nfl,2018,601,Frank Ragnow,DET,C,"$2,141,843"
601,nfl,2018,602,Cameron Erving,KC,G,"$2,136,666"
602,nfl,2018,603,Billy Price,CIN,C,"$2,129,543"
603,nfl,2018,604,Xavier Williams,KC,DL/DT,"$2,125,000"
604,nfl,2018,605,A.J. Cann,JAX,G,"$2,107,399"
605,nfl,2018,606,Rashaan Evans,TEN,LB,"$2,104,944"
606,nfl,2018,607,T.J. Watt,PIT,ED/OLB,"$2,104,220"
607,nfl,2018,608,Marcedes Lewis,GB,TE,"$2,100,000"
608,nfl,2018,,Josh Martin,NYJ,ED/OLB,"$2,100,000"
609,nfl,2018,610,Demetrius Harris,KC,TE,"$2,097,059"
610,nfl,2018,611,Neiko Thorpe,SEA,CB,"$2,087,500"
611,nfl,2018,612,Chris Conley,KC,WR,"$2,085,110"
612,nfl,2018,613,Isaiah Wynn,NE,T,"$2,080,346"
613,nfl,2018,614,John Miller,BUF,G,"$2,077,030"
614,nfl,2018,615,Jordan Hicks,PHI,LB/ILB,"$2,070,183"
615,nfl,2018,616,Tyler Kroft,CIN,TE,"$2,068,944"
616,nfl,2018,617,Rob Havenstein,LAR,RT,"$2,063,189"
617,nfl,2018,618,Russell Bodine,BUF,C,"$2,056,244"
618,nfl,2018,619,Steven Nelson,KC,CB,"$2,052,488"
619,nfl,2018,620,Patrick DiMarco,BUF,FB,"$2,050,000"
620,nfl,2018,621,Trey Flowers,NE,ED/DE,"$2,046,733"
621,nfl,2018,622,Daryl Williams,CAR,RT,"$2,046,280"
622,nfl,2018,623,Jamison Crowder,WAS,WR,"$2,043,406"
623,nfl,2018,624,D.J. Moore,CAR,WR,"$2,031,148"
624,nfl,2018,625,Danny Shelton,NE,DL/DT,"$2,030,954"
625,nfl,2018,626,Za'Darius Smith,BAL,ED/OLB,"$2,027,788"
626,nfl,2018,627,Kwon Alexander,TB,LB/ILB,"$2,026,582"
627,nfl,2018,628,Matthew Slater,NE,WR,"$2,025,000"
628,nfl,2018,629,Jake Ryan,GB,LB/ILB,"$2,021,169"
629,nfl,2018,630,Ryan Ramczyk,NO,RT,"$2,020,808"
630,nfl,2018,631,Sebastian Janikowski,SEA,K,"$2,015,000"
631,nfl,2018,632,Hayden Hurst,BAL,TE,"$2,006,550"
632,nfl,2018,633,Ryan Allen,NE,P,"$2,000,000"
633,nfl,2018,,LeGarrette Blount,DET,RB,"$2,000,000"
634,nfl,2018,,Derek Carrier,OAK,TE,"$2,000,000"
635,nfl,2018,,Isaiah Crowell,NYJ,RB,"$2,000,000"
636,nfl,2018,,Blaine Gabbert,TEN,QB,"$2,000,000"
637,nfl,2018,,Mike Glennon,ARI,QB,"$2,000,000"
638,nfl,2018,,Craig Robertson,NO,LB/ILB,"$2,000,000"
639,nfl,2018,,Derrick Shelby,ATL,ED/DE,"$2,000,000"
640,nfl,2018,,Anthony Sherman,KC,FB,"$2,000,000"
641,nfl,2018,,Willie Snead,BAL,WR,"$2,000,000"
642,nfl,2018,,Michael Thomas,NYG,FS,"$2,000,000"
643,nfl,2018,,Billy Turner,DEN,G,"$2,000,000"
644,nfl,2018,,Benjamin Watson,NO,TE,"$2,000,000"
645,nfl,2018,646,Max Garcia,DEN,G,"$1,993,423"
646,nfl,2018,647,Matt Slauson,IND,G,"$1,984,375"
647,nfl,2018,648,Calvin Ridley,ATL,WR,"$1,981,947"
648,nfl,2018,649,J.R. Sweezy,SEA,G,"$1,975,000"
649,nfl,2018,650,Grady Jarrett,ATL,DL/DT,"$1,968,964"
650,nfl,2018,651,Adrian Amos,CHI,SS,"$1,965,070"
651,nfl,2018,652,Kyle Emanuel,LAC,LB/OLB,"$1,961,643"
652,nfl,2018,653,Tyeler Davison,NO,DL/DT,"$1,961,307"
653,nfl,2018,654,J.J. Nelson,ARI,WR,"$1,959,450"
654,nfl,2018,655,Jesse James,PIT,TE,"$1,959,228"
655,nfl,2018,656,Rashaad Penny,SEA,RB,"$1,957,352"
656,nfl,2018,657,Clinton McDonald,OAK,DL/DT,"$1,950,000"
657,nfl,2018,658,Landon Collins,NYG,SS,"$1,947,450"
658,nfl,2018,659,Terrell Edmunds,PIT,SS,"$1,945,052"
659,nfl,2018,660,Ted Larsen,MIA,G,"$1,941,666"
660,nfl,2018,661,Nigel Bradham,PHI,LB/OLB,"$1,941,176"
661,nfl,2018,662,Michael Hoomanawanui,NO,TE,"$1,933,334"
662,nfl,2018,663,Donovan Smith,TB,LT,"$1,931,000"
663,nfl,2018,664,Dante Fowler Jr.,LAR,DL/DE,"$1,926,114"
664,nfl,2018,665,Chris Maragos,PHI,FS,"$1,925,000"
665,nfl,2018,666,Spencer Ware,KC,RB,"$1,920,834"
666,nfl,2018,667,Jay Ajayi,PHI,RB,"$1,907,000"
667,nfl,2018,,Henry Anderson,NYJ,DL/DE,"$1,907,000"
668,nfl,2018,,Josh Bellamy,CHI,WR,"$1,907,000"
669,nfl,2018,,Jordan Berry,PIT,P,"$1,907,000"
670,nfl,2018,,Trenton Brown,NE,RT,"$1,907,000"
671,nfl,2018,,Bryce Callahan,CHI,CB,"$1,907,000"
672,nfl,2018,,Anthony Chickillo,PIT,ED/OLB,"$1,907,000"
673,nfl,2018,,T.J. Clemmings,OAK,RT,"$1,907,000"
674,nfl,2018,,TJ Jones,DET,WR,"$1,907,000"
675,nfl,2018,,Dion Jordan,SEA,ED/DE,"$1,907,000"
676,nfl,2018,,Brent Qvale,NYJ,RT,"$1,907,000"
677,nfl,2018,,Trevor Siemian,MIN,QB,"$1,907,000"
678,nfl,2018,,Quinton Spain,TEN,G,"$1,907,000"
679,nfl,2018,,Neal Sterling,NYJ,TE,"$1,907,000"
680,nfl,2018,681,Terrence Brooks,NYJ,FS,"$1,900,000"
681,nfl,2018,682,Eli Harold,DET,LB/OLB,"$1,892,000"
682,nfl,2018,683,T.J. Yeldon,JAX,RB,"$1,881,655"
683,nfl,2018,684,Tavon Austin,DAL,WR,"$1,875,000"
684,nfl,2018,,Kenny Wiggins,DET,G,"$1,875,000"
685,nfl,2018,686,Ed Dickson,SEA,TE,"$1,866,666"
686,nfl,2018,687,Taven Bryan,JAX,DL/DT,"$1,846,356"
687,nfl,2018,688,Preston Smith,WAS,ED/OLB,"$1,838,886"
688,nfl,2018,689,Emmanuel Ogbah,CLE,ED/DE,"$1,802,629"
689,nfl,2018,690,Virgil Green,LAC,TE,"$1,800,000"
690,nfl,2018,,Da'Norris Searcy,CAR,SS,"$1,800,000"
691,nfl,2018,692,Chance Warmack,PHI,G,"$1,796,875"
692,nfl,2018,693,Mike Hughes,MIN,CB,"$1,794,088"
693,nfl,2018,694,Jaron Brown,SEA,WR,"$1,775,000"
694,nfl,2018,695,Jaylon Smith,DAL,LB/ILB,"$1,771,355"
695,nfl,2018,696,Jarius Wright,CAR,WR,"$1,766,666"
696,nfl,2018,697,Devin Funchess,CAR,WR,"$1,756,649"
697,nfl,2018,698,Sony Michel,NE,RB,"$1,750,308"
698,nfl,2018,699,Dan Bailey,MIN,K,"$1,750,000"
699,nfl,2018,,Pierre Desir,IND,CB,"$1,750,000"
700,nfl,2018,,Quinton Dunbar,WAS,CB,"$1,750,000"
701,nfl,2018,,Mason Foster,WAS,LB/ILB,"$1,750,000"
702,nfl,2018,,Zach Kerr,DEN,DL/DE,"$1,750,000"
703,nfl,2018,,Michael Schofield,LAC,G,"$1,750,000"
704,nfl,2018,,Brynden Trawick,TEN,SS,"$1,750,000"
705,nfl,2018,,LaAdrian Waddle,NE,RT,"$1,750,000"
706,nfl,2018,,Tress Way,WAS,P,"$1,750,000"
707,nfl,2018,708,Marcus Peters,LAR,CB,"$1,741,931"
708,nfl,2018,709,Hunter Henry,LAC,TE,"$1,740,083"
709,nfl,2018,710,Damien Williams,KC,RB,"$1,733,333"
710,nfl,2018,711,Myles Jack,JAX,LB/ILB,"$1,727,574"
711,nfl,2018,712,Lamar Jackson,BAL,QB,"$1,722,117"
712,nfl,2018,713,Pernell McPhee,WAS,ED/OLB,"$1,706,250"
713,nfl,2018,714,Byron Bell,GB,G,"$1,700,000"
714,nfl,2018,,Rafael Bush,BUF,FS,"$1,700,000"
715,nfl,2018,,Dustin Colquitt,KC,P,"$1,700,000"
716,nfl,2018,,Chris Jones,DAL,P,"$1,700,000"
717,nfl,2018,718,Chris Jones,KC,DL/DE,"$1,699,426"
718,nfl,2018,719,Matt Longacre,LAR,ED/OLB,"$1,698,438"
719,nfl,2018,720,Eric Reid,CAR,SS,"$1,690,000"
720,nfl,2018,721,Justin Bethel,ATL,CB,"$1,687,500"
721,nfl,2018,722,Corey Graham,PHI,SS,"$1,677,500"
722,nfl,2018,723,Brock Coyle,SF,LB/OLB,"$1,675,000"
723,nfl,2018,,James Develin,NE,FB,"$1,675,000"
724,nfl,2018,725,Xavien Howard,MIA,CB,"$1,671,283"
725,nfl,2018,726,Alex Erickson,CIN,WR,"$1,649,666"
726,nfl,2018,727,Noah Spence,TB,ED/DE,"$1,646,264"
727,nfl,2018,728,Jamize Olawale,DAL,FB,"$1,640,000"
728,nfl,2018,729,Connor Barwin,NYG,LB/OLB,"$1,635,000"
729,nfl,2018,730,Sterling Shepard,NYG,WR,"$1,621,247"
730,nfl,2018,731,Coty Sensabaugh,PIT,CB,"$1,612,500"
731,nfl,2018,732,Kevin King,GB,CB,"$1,609,291"
732,nfl,2018,733,Ali Marpet,TB,G,"$1,600,687"
733,nfl,2018,734,Jacquizz Rodgers,TB,RB,"$1,600,000"
734,nfl,2018,735,Dustin Hopkins,WAS,K,"$1,599,285"
735,nfl,2018,736,Cam Robinson,JAX,LT,"$1,595,036"
736,nfl,2018,737,Malik McDowell,SEA,DL/DT,"$1,580,781"
737,nfl,2018,738,Budda Baker,ARI,SS,"$1,552,274"
738,nfl,2018,739,Chris Banjo,NO,SS,"$1,550,000"
739,nfl,2018,740,Austin Johnson,TEN,DL/DT,"$1,544,244"
740,nfl,2018,741,Zay Jones,BUF,WR,"$1,540,870"
741,nfl,2018,742,Vladimir Ducasse,BUF,G,"$1,533,333"
742,nfl,2018,,Anthony Levine,BAL,LB/ILB,"$1,533,333"
743,nfl,2018,744,Denzel Perryman,LAC,LB/ILB,"$1,519,788"
744,nfl,2018,745,Forrest Lamp,LAC,G,"$1,515,209"
745,nfl,2018,746,Damarious Randall,CLE,FS,"$1,514,418"
746,nfl,2018,747,A.Q. Shipley,ARI,C,"$1,507,500"
747,nfl,2018,748,Bobby McCain,MIA,CB,"$1,502,072"
748,nfl,2018,749,Jon Bostic,PIT,LB/ILB,"$1,500,000"
749,nfl,2018,,Bruce Irvin,ATL,ED/DE,"$1,500,000"
750,nfl,2018,,Pat O'Donnell,CHI,P,"$1,500,000"
751,nfl,2018,,Adrian Phillips,LAC,FS,"$1,500,000"
752,nfl,2018,,Keith Smith,OAK,FB,"$1,500,000"
753,nfl,2018,,Levine Toilolo,DET,TE,"$1,500,000"
754,nfl,2018,755,Marcus Maye,NYJ,FS,"$1,489,554"
755,nfl,2018,756,Stephone Anthony,MIA,LB/OLB,"$1,489,326"
756,nfl,2018,757,Terrell McClain,ATL,DL/DT,"$1,487,500"
757,nfl,2018,758,Mitch Morse,KC,C,"$1,486,890"
758,nfl,2018,759,Dekoda Watson,SF,LB/OLB,"$1,483,333"
759,nfl,2018,760,Sherrick McManis,CHI,CB,"$1,481,250"
760,nfl,2018,,Kenny Vaccaro,TEN,SS,"$1,481,250"
761,nfl,2018,762,Doug Martin,OAK,RB,"$1,475,000"
762,nfl,2018,,Julian Stanford,BUF,LB/OLB,"$1,475,000"
763,nfl,2018,764,Derrick Henry,TEN,RB,"$1,474,889"
764,nfl,2018,765,Curtis Samuel,CAR,WR,"$1,466,746"
765,nfl,2018,766,Martavis Bryant,OAK,WR,"$1,458,295"
766,nfl,2018,767,Dalvin Cook,MIN,RB,"$1,443,939"
767,nfl,2018,768,Roosevelt Nix,PIT,FB,"$1,437,500"
768,nfl,2018,769,Darren Sproles,PHI,RB,"$1,433,000"
769,nfl,2018,770,A'Shawn Robinson,DET,DL/DT,"$1,427,355"
770,nfl,2018,771,Marcus Williams,NO,FS,"$1,418,281"
771,nfl,2018,772,Orlando Scandrick,KC,CB,"$1,415,000"
772,nfl,2018,773,D.J. Fluker,SEA,G,"$1,406,250"
773,nfl,2018,774,Andrew DePaola,OAK,LS,"$1,400,000"
774,nfl,2018,,Eric Kush,CHI,G,"$1,400,000"
775,nfl,2018,,Marcus Sherels,MIN,CB,"$1,400,000"
776,nfl,2018,777,Michael Thomas,NO,WR,"$1,396,083"
777,nfl,2018,778,Sidney Jones,PHI,CB,"$1,395,475"
778,nfl,2018,779,Phillip Dorsett,NE,WR,"$1,394,373"
779,nfl,2018,780,Ryan Griffin,TB,QB,"$1,393,750"
780,nfl,2018,781,Austin Corbett,CLE,G,"$1,376,000"
781,nfl,2018,782,Gerald Everett,LAR,TE,"$1,373,743"
782,nfl,2018,783,Jason Spriggs,GB,T,"$1,364,807"
783,nfl,2018,784,Jake Fisher,CIN,LT,"$1,355,343"
784,nfl,2018,785,Will Hernandez,NYG,G,"$1,354,680"
785,nfl,2018,786,Jake McQuaide,LAR,LS,"$1,350,000"
786,nfl,2018,787,Adam Shaheen,CHI,TE,"$1,343,304"
787,nfl,2018,788,Nick Chubb,CLE,RB,"$1,342,381"
788,nfl,2018,789,Mike Davis,SEA,RB,"$1,337,500"
789,nfl,2018,790,Benson Mayowa,ARI,DL/DE,"$1,334,375"
790,nfl,2018,791,Jarran Reed,SEA,DL/DT,"$1,333,536"
791,nfl,2018,792,Darrius Heyward-Bey,PIT,WR,"$1,333,334"
792,nfl,2018,793,Shawn Lauvao,WAS,G,"$1,328,125"
793,nfl,2018,794,Shaquille Leonard,IND,ED/OLB,"$1,317,782"
794,nfl,2018,795,Quincy Wilson,IND,CB,"$1,310,517"
795,nfl,2018,796,Dennis Kelly,TEN,RT,"$1,308,333"
796,nfl,2018,797,Braden Smith,IND,G,"$1,307,943"
797,nfl,2018,798,Josh Harris,ATL,LS,"$1,305,000"
798,nfl,2018,799,Nick Martin,HOU,C,"$1,302,265"
799,nfl,2018,800,Walt Aikens,MIA,SS,"$1,300,000"
800,nfl,2018,,Wes Horton,CAR,ED/DE,"$1,300,000"
801,nfl,2018,,Kyle Love,CAR,DL/DT,"$1,300,000"
802,nfl,2018,803,Randy Bullock,CIN,K,"$1,295,000"
803,nfl,2018,804,Maxx Williams,BAL,TE,"$1,289,509"
804,nfl,2018,805,Ronald Jones II,TB,RB,"$1,285,801"
805,nfl,2018,806,Nate Palmer,TEN,LB/ILB,"$1,275,000"
806,nfl,2018,,Joe Thomas,DAL,LB/ILB,"$1,275,000"
807,nfl,2018,808,Beau Brinkley,TEN,LS,"$1,268,000"
808,nfl,2018,809,Tyus Bowser,BAL,ED/OLB,"$1,267,184"
809,nfl,2018,810,James Daniels,CHI,C,"$1,263,665"
810,nfl,2018,811,Mario Edwards,NYG,DL/DT,"$1,255,521"
811,nfl,2018,812,Josh Bynes,ARI,LB/ILB,"$1,250,515"
812,nfl,2018,813,Will Compton,TEN,LB/ILB,"$1,250,000"
813,nfl,2018,,Russell Shepard,NYG,WR,"$1,250,000"
814,nfl,2018,,Kyle Wilber,OAK,LB/OLB,"$1,250,000"
815,nfl,2018,,Kerry Wynn,NYG,ED/DE,"$1,250,000"
816,nfl,2018,817,Markus Golden,ARI,DL/DE,"$1,246,742"
817,nfl,2018,818,Carlos Hyde,JAX,RB,"$1,245,588"
818,nfl,2018,819,Courtland Sutton,DEN,WR,"$1,243,985"
819,nfl,2018,820,Angelo Blackson,HOU,DL/DE,"$1,240,000"
820,nfl,2018,821,Deion Jones,ATL,LB/ILB,"$1,239,719"
821,nfl,2018,822,Joe Mixon,CIN,RB,"$1,238,675"
822,nfl,2018,823,Michael Palardy,CAR,P,"$1,230,000"
823,nfl,2018,824,Joe Looney,DAL,C,"$1,225,000"
824,nfl,2018,825,Harold Landry,TEN,LB,"$1,224,307"
825,nfl,2018,826,Jeremiah Attaochu,NYJ,ED/OLB,"$1,221,250"
826,nfl,2018,827,Mark Glowinski,IND,G,"$1,219,000"
827,nfl,2018,828,Jeremy Hill,NE,RB,"$1,218,750"
828,nfl,2018,829,Ryan Anderson,WAS,ED/OLB,"$1,210,164"
829,nfl,2018,830,Brandon King,NE,FS,"$1,209,375"
830,nfl,2018,831,Mike Gesicki,MIA,TE,"$1,202,168"
831,nfl,2018,832,Brandon Copeland,NYJ,DL/DE,"$1,200,000"
832,nfl,2018,,Bradley Sowell,CHI,LT,"$1,200,000"
833,nfl,2018,834,Frank Clark,SEA,ED/DE,"$1,187,526"
834,nfl,2018,835,Justin Evans,TB,FS,"$1,181,658"
835,nfl,2018,836,Mackensie Alexander,MIN,CB,"$1,177,174"
836,nfl,2018,837,Colin Jones,CAR,SS,"$1,175,000"
837,nfl,2018,838,Kerryon Johnson,DET,RB,"$1,168,718"
838,nfl,2018,839,Dante Pettis,SF,WR,"$1,163,737"
839,nfl,2018,840,Tyler Boyd,CIN,WR,"$1,161,537"
840,nfl,2018,841,DeMarcus Walker,DEN,DL/DE,"$1,153,150"
841,nfl,2018,842,Cody Whitehair,CHI,C,"$1,152,154"
842,nfl,2018,843,Fozzy Whittaker,CAR,RB,"$1,150,000"
843,nfl,2018,844,Morgan Cox,BAL,LS,"$1,140,000"
844,nfl,2018,845,Luke Stocker,TEN,TE,"$1,137,500"
845,nfl,2018,846,Josh Jackson,GB,CB,"$1,137,473"
846,nfl,2018,847,Clark Harris,CIN,LS,"$1,130,000"
847,nfl,2018,848,Nick Dzubnar,LAC,LB/ILB,"$1,127,500"
848,nfl,2018,849,Deshazor Everett,WAS,SS,"$1,125,000"
849,nfl,2018,850,Sean Davis,PIT,FS,"$1,114,628"
850,nfl,2018,851,Breeland Speaks,KC,LB,"$1,109,184"
851,nfl,2018,852,John Simon,NE,ED/DE,"$1,105,699"
852,nfl,2018,853,Frank Gore,MIA,RB,"$1,105,000"
853,nfl,2018,854,Eric Rowe,NE,CB,"$1,100,435"
854,nfl,2018,855,Robert Griffin III,BAL,QB,"$1,100,000"
855,nfl,2018,,Brent Urban,BAL,DL/DE,"$1,100,000"
856,nfl,2018,857,Tyler Larsen,CAR,C,"$1,096,666"
857,nfl,2018,858,Jalen Tabor,DET,CB,"$1,096,131"
858,nfl,2018,859,Vonn Bell,NO,SS,"$1,083,354"
859,nfl,2018,860,James Bradberry,CAR,CB,"$1,080,228"
860,nfl,2018,861,Kayvon Webster,HOU,CB,"$1,078,125"
861,nfl,2018,862,MarQueis Gray,MIA,TE,"$1,075,000"
862,nfl,2018,863,Eli Apple,NO,CB,"$1,074,990"
863,nfl,2018,864,Adam Gotsis,DEN,DL/DE,"$1,073,973"
864,nfl,2018,865,Marshall Newhouse,CAR,RT,"$1,073,529"
865,nfl,2018,866,Christian Kirk,ARI,WR,"$1,071,794"
866,nfl,2018,867,Mike Windt,LAC,LS,"$1,070,000"
867,nfl,2018,868,Marcus Cooper,DET,CB,"$1,067,647"
868,nfl,2018,869,Raekwon McMillan,MIA,LB/ILB,"$1,067,622"
869,nfl,2018,870,Nick Sundberg,WAS,LS,"$1,067,500"
870,nfl,2018,871,Ronald Darby,PHI,CB,"$1,058,139"
871,nfl,2018,872,J.J. Jansen,CAR,LS,"$1,055,000"
872,nfl,2018,873,Uchenna Nwosu,LAC,LB,"$1,047,195"
873,nfl,2018,874,Benny Cunningham,CHI,RB,"$1,043,750"
874,nfl,2018,875,Adarius Taylor,TB,LB/OLB,"$1,040,000"
875,nfl,2018,876,Dalvin Tomlinson,NYG,DL/DT,"$1,039,114"
876,nfl,2018,877,Sean Mannion,LAR,QB,"$1,034,228"
877,nfl,2018,878,Tyler Shatley,JAX,G,"$1,027,500"
878,nfl,2018,879,Dallas Goedert,PHI,TE,"$1,022,594"
879,nfl,2018,880,Zach Cunningham,HOU,LB/ILB,"$1,016,305"
880,nfl,2018,881,Zak DeOssie,NYG,LS,"$1,015,000"
881,nfl,2018,882,Randy Gregory,DAL,LB/OLB,"$1,013,595"
882,nfl,2018,883,Kevin Byard,TEN,FS,"$1,008,831"
883,nfl,2018,884,Bobby Hart,CIN,RT,"$1,005,000"
884,nfl,2018,885,Sam Shields,LAR,CB,"$1,004,999"
885,nfl,2018,886,Ethan Pocic,SEA,G,"$1,002,052"
886,nfl,2018,887,Kemal Ishmael,ATL,SS,"$1,000,000"
887,nfl,2018,,Zach Line,NO,FB,"$1,000,000"
888,nfl,2018,,Geno Smith,LAC,QB,"$1,000,000"
889,nfl,2018,,Nathan Stupar,NYG,LB/OLB,"$1,000,000"
890,nfl,2018,891,Connor Williams,DAL,G,"$997,998"
891,nfl,2018,892,Tanoh Kpassagnon,KC,DL/DE,"$982,095"
892,nfl,2018,893,Reggie Ragland,KC,LB/ILB,"$981,034"
893,nfl,2018,894,Tevin Coleman,ATL,RB,"$977,939"
894,nfl,2018,895,Maliek Collins,DAL,DL/DT,"$975,288"
895,nfl,2018,896,Chidobe Awuzie,DAL,CB,"$973,543"
896,nfl,2018,897,Anthony Miller,CHI,WR,"$973,400"
897,nfl,2018,898,Kamalei Correa,TEN,LB/ILB,"$972,694"
898,nfl,2018,899,Jon Weeks,HOU,LS,"$965,000"
899,nfl,2018,900,Austin Reiter,KC,C,"$963,333"
900,nfl,2018,901,Josh Jones,GB,S,"$962,139"
901,nfl,2018,902,Ty Sambrailo,ATL,LT,"$959,447"
902,nfl,2018,903,JuJu Smith-Schuster,PIT,WR,"$953,585"
903,nfl,2018,904,Ryan Hewitt,IND,FB,"$952,500"
904,nfl,2018,905,Dion Dawkins,BUF,LT,"$950,736"
905,nfl,2018,906,Earl Watford,CLE,RT,"$950,000"
906,nfl,2018,907,Yannick Ngakoue,JAX,ED/DE,"$949,145"
907,nfl,2018,908,Kemoko Turay,IND,DL/DE,"$948,800"
908,nfl,2018,909,Taylor Moton,CAR,RT,"$945,035"
909,nfl,2018,910,Jordan Richards,ATL,SS,"$941,121"
910,nfl,2018,911,Kevin McDermott,MIN,LS,"$925,000"
911,nfl,2018,912,Jonathan Bullard,CHI,DL/DE,"$924,630"
912,nfl,2018,913,M.J. Stewart,TB,CB,"$924,202"
913,nfl,2018,914,Kyle Nelson,SF,LS,"$920,588"
914,nfl,2018,915,Brian Hoyer,NE,QB,"$915,000"
915,nfl,2018,916,Daniel Brown,CHI,TE,"$912,500"
916,nfl,2018,917,Kenyan Drake,MIA,RB,"$910,315"
917,nfl,2018,918,P.J. Williams,NO,CB,"$906,657"
918,nfl,2018,919,Tom Compton,MIN,G,"$900,000"
919,nfl,2018,,A.J. McCarron,OAK,QB,"$900,000"
920,nfl,2018,,Brian Peters,HOU,LB/ILB,"$900,000"
921,nfl,2018,922,Jessie Bates III,CIN,FS,"$899,602"
922,nfl,2018,923,Jamon Brown,NYG,RT,"$890,813"
923,nfl,2018,924,Ben Jacobs,CAR,LB/ILB,"$890,000"
924,nfl,2018,925,Larry Ogunjobi,CLE,DL/DT,"$887,891"
925,nfl,2018,926,Tom Johnson,MIN,DL/DT,"$882,352"
926,nfl,2018,927,Ahkello Witherspoon,SF,CB,"$881,718"
927,nfl,2018,928,Dawuane Smoot,JAX,ED/DE,"$881,290"
928,nfl,2018,929,George Iloka,MIN,FS,"$880,000"
929,nfl,2018,930,Cooper Kupp,LAR,WR,"$878,690"
930,nfl,2018,931,Alvin Kamara,NO,RB,"$878,193"
931,nfl,2018,932,Jeff Heuerman,DEN,TE,"$875,203"
932,nfl,2018,933,Donte Jackson,CAR,CB,"$875,004"
933,nfl,2018,934,Pat Elflein,MIN,C,"$871,210"
934,nfl,2018,935,Dan Feeney,LAC,G,"$865,158"
935,nfl,2018,936,Javon Hargrave,PIT,DL/DT,"$864,314"
936,nfl,2018,937,Duke Dawson,NE,CB,"$862,704"
937,nfl,2018,938,Joe Cardona,NE,LS,"$860,000"
938,nfl,2018,939,Taywan Taylor,TEN,WR,"$859,003"
939,nfl,2018,940,Joe Thuney,NE,G,"$858,357"
940,nfl,2018,941,P.J. Hall,OAK,DL/DT,"$855,324"
941,nfl,2018,942,Isaac Seumalo,PHI,G,"$854,966"
942,nfl,2018,943,Jordan Willis,CIN,ED/DE,"$854,100"
943,nfl,2018,944,Chris Wormley,BAL,DL/DT,"$850,660"
944,nfl,2018,945,Brandon Bolden,MIA,RB,"$850,000"
945,nfl,2018,946,Isaiah Oliver,ATL,CB,"$843,026"
946,nfl,2018,947,Justin Hardy,ATL,WR,"$840,206"
947,nfl,2018,948,Duke Riley,ATL,LB/OLB,"$838,938"
948,nfl,2018,949,Clayton Geathers,IND,SS,"$838,482"
949,nfl,2018,950,Kyler Fackrell,GB,ED/OLB,"$836,512"
950,nfl,2018,951,Le'Raven Clark,IND,LT,"$836,433"
951,nfl,2018,952,C.J. Prosise,SEA,RB,"$833,116"
952,nfl,2018,953,Rodney Gunter,ARI,DL/DT,"$832,480"
953,nfl,2018,954,Jordan Jenkins,NYJ,ED/OLB,"$830,980"
954,nfl,2018,955,James Winchester,KC,LS,"$830,000"
955,nfl,2018,956,Nick Vigil,CIN,LB/OLB,"$828,907"
956,nfl,2018,957,Alex Anzalone,NO,LB/OLB,"$826,148"
957,nfl,2018,958,Derrius Guice,WAS,RB,"$825,806"
958,nfl,2018,959,Carson Tinker,JAX,LS,"$825,000"
959,nfl,2018,960,Brandon Williams,ARI,CB,"$824,173"
960,nfl,2018,961,Javorius Allen,BAL,RB,"$823,618"
961,nfl,2018,962,Austin Hooper,ATL,TE,"$823,357"
962,nfl,2018,963,Damien Wilson,DAL,LB/OLB,"$821,581"
963,nfl,2018,964,Jon Feliciano,OAK,G,"$820,163"
964,nfl,2018,965,James Washington,PIT,WR,"$818,426"
965,nfl,2018,966,Nick Vannett,SEA,TE,"$816,220"
966,nfl,2018,967,Graham Glasgow,DET,C,"$809,855"
967,nfl,2018,968,Tim Williams,BAL,ED/OLB,"$809,170"
968,nfl,2018,969,DJ Chark,JAX,WR,"$808,587"
969,nfl,2018,970,Justin Simmons,DEN,FS,"$805,355"
970,nfl,2018,971,Nick O'Leary,MIA,TE,"$805,000"
971,nfl,2018,,Josh Wells,JAX,LT,"$805,000"
972,nfl,2018,973,C.J. Beathard,SF,QB,"$801,965"
973,nfl,2018,974,Brian O'Neill,MIN,T,"$801,207"
974,nfl,2018,975,Mark Nzeocha,SF,LB/OLB,"$800,000"
975,nfl,2018,,Travis Swanson,MIA,C,"$800,000"
976,nfl,2018,977,Carlton Davis,TB,CB,"$798,748"
977,nfl,2018,978,Fabian Moreau,WAS,CB,"$794,348"
978,nfl,2018,979,Tyquan Lewis,IND,DL/DE,"$793,828"
979,nfl,2018,980,Tommy Bohanon,JAX,FB,"$790,000"
980,nfl,2018,,Brandon Dunn,HOU,DL/DE,"$790,000"
981,nfl,2018,,Datone Jones,DAL,DL/DT,"$790,000"
982,nfl,2018,,Marcus Martin,DAL,G,"$790,000"
983,nfl,2018,,Greg Robinson,CLE,LT,"$790,000"
984,nfl,2018,985,Eric Murray,KC,SS,"$788,950"
985,nfl,2018,986,Joe Schobert,CLE,LB/ILB,"$788,489"
986,nfl,2018,987,Jordan Phillips,BUF,DL/DT,"$787,603"
987,nfl,2018,988,Derek Rivers,NE,LB/OLB,"$783,724"
988,nfl,2018,989,Montravius Adams,GB,DL/DE,"$782,194"
989,nfl,2018,990,Tavon Young,BAL,CB,"$781,282"
990,nfl,2018,991,Greg Van Roten,CAR,G,"$780,000"
991,nfl,2018,992,Chris Godwin,TB,WR,"$779,541"
992,nfl,2018,993,Eddie Vanderdoes,OAK,DL/DT,"$779,303"
993,nfl,2018,994,Chris Moore,BAL,WR,"$779,090"
994,nfl,2018,995,D'Onta Foreman,HOU,RB,"$778,371"
995,nfl,2018,996,Ryan Smith,TB,CB,"$778,040"
996,nfl,2018,997,Shaquill Griffin,SEA,CB,"$777,655"
997,nfl,2018,998,B.J. Goodson,NYG,LB/ILB,"$775,551"
998,nfl,2018,999,Tyler Higbee,LAR,TE,"$775,215"
999,nfl,2018,1000,Miles Killebrew,DET,S,"$774,641"
1000,nfl,2018,1001,Nick Kwiatkoski,CHI,LB/ILB,"$773,780"
1001,nfl,2018,1002,John Johnson,LAR,SS,"$773,438"
1002,nfl,2018,1003,Carl Nassib,TB,ED/DE,"$773,000"
1003,nfl,2018,1004,Ricardo Louis,CLE,WR,"$771,962"
1004,nfl,2018,1005,Cameron Sutton,PIT,CB,"$771,432"
1005,nfl,2018,1006,De'Vondre Campbell,ATL,LB/OLB,"$771,382"
1006,nfl,2018,1007,Hassan Ridgeway,IND,DL/DT,"$770,055"
1007,nfl,2018,1008,Delano Hill,SEA,S,"$769,869"
1008,nfl,2018,1009,Xavier Su'a-Filo,DAL,G,"$768,529"
1009,nfl,2018,1010,Jourdan Lewis,DAL,CB,"$768,357"
1010,nfl,2018,1011,Demarcus Robinson,KC,WR,"$768,293"
1011,nfl,2018,1012,Kenny Golladay,DET,WR,"$765,706"
1012,nfl,2018,1013,David Onyemata,NO,DL/DT,"$765,586"
1013,nfl,2018,1014,Andrew Billings,CIN,DL/DT,"$763,961"
1014,nfl,2018,1015,Geremy Davis,LAC,WR,"$763,750"
1015,nfl,2018,1016,Jerald Hawkins,PIT,T,"$762,622"
1016,nfl,2018,1017,Deon Bush,CHI,S,"$761,554"
1017,nfl,2018,1018,Jacoby Brissett,IND,QB,"$760,076"
1018,nfl,2018,1019,Cordrea Tankersley,MIA,CB,"$759,572"
1019,nfl,2018,1020,C.J. Uzomah,CIN,TE,"$758,192"
1020,nfl,2018,1021,Cody Kessler,JAX,QB,"$758,098"
1021,nfl,2018,1022,Chad Williams,ARI,WR,"$758,072"
1022,nfl,2018,1023,Rasul Douglas,PHI,CB,"$756,572"
1023,nfl,2018,1024,Jonnu Smith,TEN,TE,"$755,572"
1024,nfl,2018,1025,Derrick Kindred,CLE,S,"$754,839"
1025,nfl,2018,1026,Kendell Beckwith,TB,LB/OLB,"$754,572"
1026,nfl,2018,,James Conner,PIT,RB,"$754,572"
1027,nfl,2018,,Amara Darboh,SEA,WR,"$754,572"
1028,nfl,2018,,Trey Hendrickson,NO,ED/DE,"$754,572"
1029,nfl,2018,,Nazair Jones,SEA,DL/DT,"$754,572"
1030,nfl,2018,1031,Bradley Pinion,SF,P,"$753,550"
1031,nfl,2018,1032,Alex Lewis,BAL,G,"$752,974"
1032,nfl,2018,1033,Ramik Wilson,LAR,LB/ILB,"$750,000"
1033,nfl,2018,1034,Cameron Artis-Payne,CAR,RB,"$746,565"
1034,nfl,2018,,Nick Boyle,BAL,TE,"$746,565"
1035,nfl,2018,,David Mayo,CAR,LB/OLB,"$746,565"
1036,nfl,2018,1037,Brandon Parker,OAK,T,"$744,606"
1037,nfl,2018,1038,Lorenzo Carter,NYG,ED/DE,"$742,451"
1038,nfl,2018,1039,Chad Thomas,CLE,ED/DE,"$742,235"
1039,nfl,2018,1040,Justin Reid,HOU,S,"$739,914"
1040,nfl,2018,1041,B.J. Hill,NYG,ED/DE,"$737,379"
1041,nfl,2018,1042,Darius Philon,LAC,DL/DT,"$735,149"
1042,nfl,2018,1043,Leterrius Walton,PIT,DL/DE,"$734,234"
1043,nfl,2018,1044,Fred Warner,SF,LB/ILB,"$732,547"
1044,nfl,2018,1045,Royce Freeman,DEN,RB,"$729,255"
1045,nfl,2018,1046,Christian Covington,HOU,DL/DE,"$727,622"
1046,nfl,2018,1047,Devontae Booker,DEN,RB,"$725,848"
1047,nfl,2018,,Seth Devalve,CLE,TE,"$725,848"
1048,nfl,2018,,Willie Henry,BAL,DL/DT,"$725,848"
1049,nfl,2018,,Dean Lowry,GB,DL/DE,"$725,848"
1050,nfl,2018,,Blake Martinez,GB,LB/ILB,"$725,848"
1051,nfl,2018,,Dak Prescott,DAL,QB,"$725,848"
1052,nfl,2018,1053,Jaleel Johnson,MIN,DL/DT,"$724,588"
1053,nfl,2018,1054,Dede Westbrook,JAX,WR,"$724,039"
1054,nfl,2018,1055,Jerome Baker,MIA,LB/OLB,"$723,800"
1055,nfl,2018,1056,Bryce Hager,LAR,LB/ILB,"$723,036"
1056,nfl,2018,1057,Tedric Thompson,SEA,FS,"$723,001"
1057,nfl,2018,1058,Eddie Jackson,CHI,FS,"$721,449"
1058,nfl,2018,1059,Carl Davis,CLE,DL/DT,"$720,750"
1059,nfl,2018,1060,Rayshawn Jenkins,LAC,FS,"$720,552"
1060,nfl,2018,1061,Nick Bellore,DET,LB/ILB,"$720,000"
1061,nfl,2018,,Tony Bergstrom,WAS,C,"$720,000"
1062,nfl,2018,,Alfred Blue,HOU,RB,"$720,000"
1063,nfl,2018,,Matt Cassel,DET,QB,"$720,000"
1064,nfl,2018,,Jordan Devey,KC,G,"$720,000"
1065,nfl,2018,,Dakota Dozier,NYJ,G,"$720,000"
1066,nfl,2018,,David Fales,MIA,QB,"$720,000"
1067,nfl,2018,,John Greco,NYG,C,"$720,000"
1068,nfl,2018,,Leon Hall,OAK,CB,"$720,000"
1069,nfl,2018,,Dwayne Harris,OAK,WR,"$720,000"
1070,nfl,2018,,Jonotthan Harrison,NYJ,C,"$720,000"
1071,nfl,2018,,Davon House,GB,CB,"$720,000"
1072,nfl,2018,,Ricky Jean Francois,DET,DL/DT,"$720,000"
1073,nfl,2018,,L.P. Ladouceur,DAL,LS,"$720,000"
1074,nfl,2018,,Daniel McCullers,PIT,DL/DT,"$720,000"
1075,nfl,2018,,Don Muhlbach,DET,LS,"$720,000"
1076,nfl,2018,,Brock Osweiler,MIA,QB,"$720,000"
1077,nfl,2018,,Logan Paulsen,ATL,TE,"$720,000"
1078,nfl,2018,,Andre Roberts,NYJ,WR,"$720,000"
1079,nfl,2018,,Richard Rodgers,PHI,TE,"$720,000"
1080,nfl,2018,,Jaylen Watkins,LAC,S,"$720,000"
1081,nfl,2018,,Brandon Weeden,HOU,QB,"$720,000"
1082,nfl,2018,,Paul Worrilow,PHI,LB/OLB,"$720,000"
1083,nfl,2018,,Blidi Wreh-Wilson,ATL,CB,"$720,000"
1084,nfl,2018,1085,Samaje Perine,WAS,RB,"$719,945"
1085,nfl,2018,1086,Derrick Nnadi,KC,DL/DT,"$719,850"
1086,nfl,2018,1087,Dexter McDonald,OAK,CB,"$719,214"
1087,nfl,2018,1088,Geoff Swaim,DAL,TE,"$718,685"
1088,nfl,2018,1089,Kenneth Dixon,BAL,RB,"$717,391"
1089,nfl,2018,1090,Josh Reynolds,LAR,WR,"$717,005"
1090,nfl,2018,1091,Dominique Easley,LAR,DL/DT,"$716,853"
1091,nfl,2018,1092,James O'Shaughnessy,JAX,TE,"$714,000"
1092,nfl,2018,1093,Tarik Cohen,CHI,RB,"$713,914"
1093,nfl,2018,1094,Ben Gedeon,MIN,LB/OLB,"$713,286"
1094,nfl,2018,1095,Mason Rudolph,PIT,QB,"$713,066"
1095,nfl,2018,1096,Sam Hubbard,CIN,ED/DE,"$712,300"
1096,nfl,2018,1097,Justin Hunter,PIT,WR,"$710,000"
1097,nfl,2018,1098,Montae Nicholson,WAS,SS,"$709,723"
1098,nfl,2018,1099,Samson Ebukam,LAR,ED/OLB,"$708,270"
1099,nfl,2018,1100,Rasheem Green,SEA,ED/DE,"$708,139"
1100,nfl,2018,1101,Martinas Rankin,HOU,C,"$705,317"
1101,nfl,2018,1102,Nathan Shepherd,NYJ,DL/DE,"$705,143"
1102,nfl,2018,1103,D.J. Alexander,PHI,LB/ILB,"$705,000"
1103,nfl,2018,,Michael Burton,CHI,FB,"$705,000"
1104,nfl,2018,,A.J. Derby,MIA,TE,"$705,000"
1105,nfl,2018,,Antone Exum,SF,SS,"$705,000"
1106,nfl,2018,,L.J. Fort,PIT,LB/ILB,"$705,000"
1107,nfl,2018,,Anthony Harris,MIN,SS,"$705,000"
1108,nfl,2018,,Shelby Harris,DEN,DL/DE,"$705,000"
1109,nfl,2018,,Neville Hewitt,NYJ,ED/OLB,"$705,000"
1110,nfl,2018,,Troy Hill,LAR,CB,"$705,000"
1111,nfl,2018,,Marqueston Huff,DAL,FS,"$705,000"
1112,nfl,2018,,Charley Hughlett,CLE,LS,"$705,000"
1113,nfl,2018,,Mike Hull,MIA,LB/ILB,"$705,000"
1114,nfl,2018,,Brett Hundley,SEA,QB,"$705,000"
1115,nfl,2018,,Arie Kouandjio,WAS,G,"$705,000"
1116,nfl,2018,,Kendall Lamm,HOU,RT,"$705,000"
1117,nfl,2018,,Cameron Lynch,TB,LB/OLB,"$705,000"
1118,nfl,2018,,Zach Moore,ARI,DL/DE,"$705,000"
1119,nfl,2018,,Raheem Mostert,SF,RB,"$705,000"
1120,nfl,2018,,Jason Myers,NYJ,K,"$705,000"
1121,nfl,2018,,Tyler Patmon,JAX,CB,"$705,000"
1122,nfl,2018,,Darryl Roberts,NYJ,CB,"$705,000"
1123,nfl,2018,,Scott Simonson,NYG,TE,"$705,000"
1124,nfl,2018,,Rod Smith,DAL,RB,"$705,000"
1125,nfl,2018,,Zach Vigil,WAS,ED/OLB,"$705,000"
1126,nfl,2018,,Nick Williams,CHI,DL/DE,"$705,000"
1127,nfl,2018,1128,Tyreek Hill,KC,WR,"$704,996"
1128,nfl,2018,1129,Josh Malone,CIN,WR,"$703,382"
1129,nfl,2018,1130,Michael Gallup,DAL,WR,"$702,495"
1130,nfl,2018,1131,Julie'n Davenport,HOU,LT,"$701,605"
1131,nfl,2018,1132,Tracy Walker,DET,S,"$700,497"
1132,nfl,2018,1133,Deatrich Wise,NE,ED/DE,"$700,140"
1133,nfl,2018,1134,Tajae Sharpe,TEN,WR,"$698,721"
1134,nfl,2018,1135,Ronald Blair,SF,ED/DE,"$697,601"
1135,nfl,2018,1136,DeAndre Washington,OAK,RB,"$697,298"
1136,nfl,2018,1137,Malik Jefferson,CIN,LB/OLB,"$697,161"
1137,nfl,2018,1138,Jordan Matthews,PHI,WR,"$697,058"
1138,nfl,2018,,Aldrick Robinson,MIN,WR,"$697,058"
1139,nfl,2018,,Deshawn Shead,DET,FS,"$697,058"
1140,nfl,2018,1141,Jamaal Williams,GB,RB,"$696,498"
1141,nfl,2018,1142,Orlando Brown Jr.,BAL,RT,"$696,430"
1142,nfl,2018,1143,Connor McGovern,DEN,G,"$695,975"
1143,nfl,2018,1144,Joshua Dobbs,PIT,QB,"$694,781"
1144,nfl,2018,1145,Matt Judon,BAL,ED/OLB,"$693,934"
1145,nfl,2018,1146,Justin Jones,LAC,DL/DT,"$693,535"
1146,nfl,2018,1147,Caleb Benenoch,TB,G,"$693,296"
1147,nfl,2018,1148,Jordan Howard,CHI,RB,"$692,005"
1148,nfl,2018,1149,Rashaan Gaulden,CAR,S,"$691,914"
1149,nfl,2018,1150,Joe Dahl,DET,G,"$691,478"
1150,nfl,2018,1151,Wendell Smallwood,PHI,RB,"$691,144"
1151,nfl,2018,1152,Joe Haeg,IND,RT,"$690,602"
1152,nfl,2018,1153,DeShone Kizer,GB,QB,"$689,928"
1153,nfl,2018,1154,LeShaun Sims,TEN,CB,"$689,546"
1154,nfl,2018,1155,Mark Andrews,BAL,TE,"$689,165"
1155,nfl,2018,1156,Taylor Heinicke,CAR,QB,"$689,000"
1156,nfl,2018,,Josh Lambo,JAX,K,"$689,000"
1157,nfl,2018,1158,Brandon Shell,NYJ,RT,"$688,991"
1158,nfl,2018,1159,Christian Westerman,CIN,G,"$687,924"
1159,nfl,2018,1160,Trevor Davis,GB,WR,"$686,794"
1160,nfl,2018,1161,Arden Key,OAK,ED/DE,"$686,594"
1161,nfl,2018,1162,Halapoulivaati Vaitai,PHI,T,"$686,281"
1162,nfl,2018,1163,Oren Burks,GB,LB/ILB,"$685,189"
1163,nfl,2018,1164,Joseph Noteboom,LAR,T,"$684,723"
1164,nfl,2018,1165,Deadrin Senat,ATL,DL/DT,"$684,490"
1165,nfl,2018,1166,Tre'quan Smith,NO,WR,"$684,256"
1166,nfl,2018,1167,D.J. Reader,HOU,DL/DT,"$683,845"
1167,nfl,2018,1168,Chukwuma Okorafor,PIT,T,"$683,091"
1168,nfl,2018,1169,Alex Cappa,TB,G,"$678,426"
1169,nfl,2018,1170,Jatavis Brown,LAC,LB/OLB,"$676,096"
1170,nfl,2018,1171,Tarvarius Moore,SF,S,"$676,093"
1171,nfl,2018,1172,Michael Roberts,DET,TE,"$674,547"
1172,nfl,2018,1173,Geron Christian,WAS,T,"$674,062"
1173,nfl,2018,1174,Ronnie Harrison,JAX,SS,"$673,876"
1174,nfl,2018,1175,Harrison Phillips,BUF,DL/DT,"$673,760"
1175,nfl,2018,1176,Andy Janovich,DEN,FB,"$671,077"
1176,nfl,2018,1177,Jordan Akins,HOU,TE,"$670,380"
1177,nfl,2018,1178,Mason Cole,ARI,C,"$670,379"
1178,nfl,2018,,Dorian O'Daniel,KC,DL/DE,"$670,379"
1179,nfl,2018,,Isaac Yiadom,DEN,CB,"$670,379"
1180,nfl,2018,1181,Ian Thomas,CAR,TE,"$666,998"
1181,nfl,2018,1182,Jalen Reeves-Maybin,DET,LB/OLB,"$666,626"
1182,nfl,2018,1183,Amini Silatolu,CAR,G,"$665,412"
1183,nfl,2018,1184,Jakeem Grant,MIA,WR,"$665,095"
1184,nfl,2018,1185,David Morgan,MIN,TE,"$663,864"
1185,nfl,2018,1186,Anthony Brown,DAL,CB,"$663,736"
1186,nfl,2018,1187,Wes Schweitzer,ATL,G,"$663,095"
1187,nfl,2018,1188,Jalyn Holmes,MIN,ED/DE,"$662,849"
1188,nfl,2018,1189,Derek Watt,LAC,FB,"$662,420"
1189,nfl,2018,1190,Keke Coutee,HOU,WR,"$662,256"
1190,nfl,2018,1191,Cody Core,CIN,WR,"$661,983"
1191,nfl,2018,1192,Nyheim Miller-Hines,IND,RB,"$661,136"
1192,nfl,2018,1193,Wayne Gallman,NYG,RB,"$659,912"
1193,nfl,2018,,Ryan Glasgow,CIN,DL/DT,"$659,912"
1194,nfl,2018,,Marlon Mack,IND,RB,"$659,912"
1195,nfl,2018,,Grover Stewart,IND,DL/DT,"$659,912"
1196,nfl,2018,,Carlos Watkins,HOU,DL/DT,"$659,912"
1197,nfl,2018,1198,Antonio Callaway,CLE,WR,"$659,463"
1198,nfl,2018,1199,Mike Thomas,LAR,WR,"$659,017"
1199,nfl,2018,1200,Josey Jewell,DEN,LB/ILB,"$658,495"
1200,nfl,2018,1201,Shon Coleman,SF,T,"$658,000"
1201,nfl,2018,1202,Josh Walker,JAX,G,"$657,000"
1202,nfl,2018,1203,Kyle Lauletta,NYG,QB,"$656,924"
1203,nfl,2018,1204,Maurice Canady,BAL,CB,"$655,089"
1204,nfl,2018,,Kavon Frazier,DAL,S,"$655,089"
1205,nfl,2018,,Will Parks,DEN,S,"$655,089"
1206,nfl,2018,,Elandon Roberts,NE,LB/OLB,"$655,089"
1207,nfl,2018,1208,Frostee Rucker,OAK,DL/DT,"$655,000"
1208,nfl,2018,,B.W. Webb,NYG,CB,"$655,000"
1209,nfl,2018,1210,Nick Nelson,OAK,CB,"$654,670"
1210,nfl,2018,1211,Brian Allen,LAR,C,"$651,734"
1211,nfl,2018,1212,Su'a Cravens,DEN,S,"$651,408"
1212,nfl,2018,1213,Mark Walton,CIN,RB,"$651,336"
1213,nfl,2018,1214,Daesean Hamilton,DEN,WR,"$650,659"
1214,nfl,2018,1215,Joel Iyiegbuniwe,CHI,LB/ILB,"$649,643"
1215,nfl,2018,1216,Lac Edwards,NYJ,P,"$648,948"
1216,nfl,2018,1217,Kendall Fuller,KC,CB,"$647,500"
1217,nfl,2018,1218,Dorance Armstrong,DAL,ED/DE,"$647,499"
1218,nfl,2018,1219,Chris Herndon,NYJ,TE,"$647,381"
1219,nfl,2018,1220,Charone Peake,NYJ,WR,"$647,095"
1220,nfl,2018,1221,Jordan Whitehead,TB,SS,"$646,814"
1221,nfl,2018,1222,Jayron Kearse,MIN,S,"$646,056"
1222,nfl,2018,1223,Clayton Fejedelem,CIN,S,"$645,887"
1223,nfl,2018,1224,Tyler Matakevich,PIT,LB/ILB,"$645,762"
1224,nfl,2018,1225,Anthony Averett,BAL,CB,"$645,249"
1225,nfl,2018,1226,Kenny Young,BAL,LB/ILB,"$639,976"
1226,nfl,2018,1227,Durham Smythe,MIA,TE,"$638,058"
1227,nfl,2018,1228,Da'shawn Hand,DET,ED/DE,"$636,720"
1228,nfl,2018,1229,George Fant,SEA,RT,"$636,668"
1229,nfl,2018,,Jared Norris,CAR,LB/OLB,"$636,668"
1230,nfl,2018,,Leonard Wester,TB,T,"$636,668"
1231,nfl,2018,1232,Avonte Maddox,PHI,CB,"$636,478"
1232,nfl,2018,1233,Cory Littleton,LAR,LB/ILB,"$635,000"
1233,nfl,2018,1234,Carl Lawson,CIN,LB/OLB,"$634,858"
1234,nfl,2018,1235,Joel Heath,HOU,DL/DE,"$633,668"
1235,nfl,2018,1236,Robbie Chosen,NYJ,WR,"$633,334"
1236,nfl,2018,,Jonathan Jones,NE,CB,"$633,334"
1237,nfl,2018,,Michael Pierce,BAL,DL/DT,"$633,334"
1238,nfl,2018,1239,Ken Crawley,NO,CB,"$631,668"
1239,nfl,2018,,Tommylee Lewis,NO,WR,"$631,668"
1240,nfl,2018,,Brennan Scarlett,HOU,ED/OLB,"$631,668"
1241,nfl,2018,,Jarrod Wilson,JAX,S,"$631,668"
1242,nfl,2018,1243,Brian Poole,ATL,LB,"$631,168"
1243,nfl,2018,1244,Rob Kelley,WAS,RB,"$631,000"
1244,nfl,2018,1245,Kentrell Brice,GB,SS,"$630,668"
1245,nfl,2018,1246,Geronimo Allison,GB,WR,"$630,000"
1246,nfl,2018,,Peyton Barber,TB,RB,"$630,000"
1247,nfl,2018,,Nat Berhe,PIT,SS,"$630,000"
1248,nfl,2018,,Austin Blythe,LAR,G,"$630,000"
1249,nfl,2018,,Briean Boddy-Calhoun,CLE,CB,"$630,000"
1250,nfl,2018,,Ben Braunecker,CHI,TE,"$630,000"
1251,nfl,2018,,Jake Brendel,MIA,C,"$630,000"
1252,nfl,2018,,Malcolm Brown,LAR,RB,"$630,000"
1253,nfl,2018,,Damiere Byrd,CAR,WR,"$630,000"
1254,nfl,2018,,Kameron Canaday,PIT,LS,"$630,000"
1255,nfl,2018,,Jeremy Cash,ARI,ED/OLB,"$630,000"
1256,nfl,2018,,Marqui Christian,LAR,S,"$630,000"
1257,nfl,2018,,Derrick Coleman,ARI,FB,"$630,000"
1258,nfl,2018,,Alex Collins,BAL,RB,"$630,000"
1259,nfl,2018,,Blake Countess,LAR,S,"$630,000"
1260,nfl,2018,,Sheldon Day,SF,DL/DT,"$630,000"
1261,nfl,2018,,John Denney,MIA,LS,"$630,000"
1262,nfl,2018,,Riley Dixon,NYG,P,"$630,000"
1263,nfl,2018,,Jeff Driskel,CIN,QB,"$630,000"
1264,nfl,2018,,Parker Ehinger,DAL,G,"$630,000"
1265,nfl,2018,,Matthias Farley,IND,SS,"$630,000"
1266,nfl,2018,,B.J. Finney,PIT,G,"$630,000"
1267,nfl,2018,,David Fluellen,TEN,RB,"$630,000"
1268,nfl,2018,,Najee Goode,IND,ED/OLB,"$630,000"
1269,nfl,2018,,Xavier Grimble,PIT,TE,"$630,000"
1270,nfl,2018,,Kamu Grugier-Hill,PHI,LB/OLB,"$630,000"
1271,nfl,2018,,Antonio Hamilton,NYG,CB,"$630,000"
1272,nfl,2018,,Erik Harris,OAK,SS,"$630,000"
1273,nfl,2018,,Rashard Higgins,CLE,WR,"$630,000"
1274,nfl,2018,,Rashod Hill,MIN,RT,"$630,000"
1275,nfl,2018,,Gerald Hodges,ARI,ED/OLB,"$630,000"
1276,nfl,2018,,Kevin Hogan,DEN,QB,"$630,000"
1277,nfl,2018,,DeAndre Houston-Carson,CHI,S,"$630,000"
1278,nfl,2018,,Joey Hunt,SEA,C,"$630,000"
1279,nfl,2018,,Matthew Ioannidis,WAS,DL/DE,"$630,000"
1280,nfl,2018,,Stanley Jean-Baptiste,BAL,CB,"$630,000"
1281,nfl,2018,,Quinton Jefferson,SEA,ED/DE,"$630,000"
1282,nfl,2018,,John Jenkins,NYG,ED/DE,"$630,000"
1283,nfl,2018,,Darius Jennings,TEN,WR,"$630,000"
1284,nfl,2018,,Ted Karras,NE,G,"$630,000"
1285,nfl,2018,,Casey Kreiter,DEN,LS,"$630,000"
1286,nfl,2018,,Josh LeRibeus,NO,G,"$630,000"
1287,nfl,2018,,Kendrick Lewis,TEN,SS,"$630,000"
1288,nfl,2018,,Rick Lovato,PHI,LS,"$630,000"
1289,nfl,2018,,Jordan Lucas,KC,S,"$630,000"
1290,nfl,2018,,Wil Lutz,NO,K,"$630,000"
1291,nfl,2018,,Tre Madden,SEA,FB,"$630,000"
1292,nfl,2018,,Chris Manhertz,CAR,TE,"$630,000"
1293,nfl,2018,,Justin March,DAL,LB/ILB,"$630,000"
1294,nfl,2018,,J.D. McKissic,SEA,RB,"$630,000"
1295,nfl,2018,,Chris Milton,IND,CB,"$630,000"
1296,nfl,2018,,Corey Moore,IND,SS,"$630,000"
1297,nfl,2018,,Alfred Morris,SF,RB,"$630,000"
1298,nfl,2018,,Antonio Morrison,GB,LB/ILB,"$630,000"
1299,nfl,2018,,Romeo Okwara,DET,ED/DE,"$630,000"
1300,nfl,2018,,Patrick Onwuasor,BAL,LB/ILB,"$630,000"
1301,nfl,2018,,Tyler Ott,SEA,LS,"$630,000"
1302,nfl,2018,,Senorise Perry,MIA,RB,"$630,000"
1303,nfl,2018,,Michael Person,SF,G,"$630,000"
1304,nfl,2018,,Adrian Peterson,WAS,RB,"$630,000"
1305,nfl,2018,,Olsen Pierre,ARI,DL/DT,"$630,000"
1306,nfl,2018,,Lafayette Pitts,BUF,CB,"$630,000"
1307,nfl,2018,,Spencer Pulley,NYG,C,"$630,000"
1308,nfl,2018,,Chris Reed,JAX,T,"$630,000"
1309,nfl,2018,,LaRoy Reynolds,PHI,LB/ILB,"$630,000"
1310,nfl,2018,,Luke Rhodes,IND,LB/ILB,"$630,000"
1311,nfl,2018,,Jalen Richard,OAK,RB,"$630,000"
1312,nfl,2018,,Stevan Ridley,PIT,RB,"$630,000"
1313,nfl,2018,,Curtis Riley,NYG,FS,"$630,000"
1314,nfl,2018,,Chester Rogers,IND,WR,"$630,000"
1315,nfl,2018,,Garrison Sanborn,TB,LS,"$630,000"
1316,nfl,2018,,Patrick Scales,CHI,LS,"$630,000"
1317,nfl,2018,,Brian Schwenke,NE,C,"$630,000"
1318,nfl,2018,,Kevon Seymour,CAR,CB,"$630,000"
1319,nfl,2018,,Terrance Smith,KC,LB/ILB,"$630,000"
1320,nfl,2018,,Nate Sudfeld,PHI,QB,"$630,000"
1321,nfl,2018,,Jordan Taylor,DEN,WR,"$630,000"
1322,nfl,2018,,Logan Thomas,BUF,TE,"$630,000"
1323,nfl,2018,,Eric Tomlinson,NYJ,TE,"$630,000"
1324,nfl,2018,,Ross Travis,IND,TE,"$630,000"
1325,nfl,2018,,Jeremy Vujnovich,ARI,LT,"$630,000"
1326,nfl,2018,,Stephen Weatherly,MIN,ED/DE,"$630,000"
1327,nfl,2018,,Joe Webb,HOU,QB,"$630,000"
1328,nfl,2018,,John Wetzel,ARI,RT,"$630,000"
1329,nfl,2018,,Trevor Williams,LAC,CB,"$630,000"
1330,nfl,2018,,Anthony Zettel,CLE,ED/DE,"$630,000"
1331,nfl,2018,1332,George Kittle,SF,TE,"$629,571"
1332,nfl,2018,1333,Blair Brown,JAX,LB/OLB,"$628,678"
1333,nfl,2018,1334,Kalen Ballage,MIA,RB,"$627,295"
1334,nfl,2018,1335,Damontae Kazee,ATL,SS,"$627,230"
1335,nfl,2018,1336,Jordan Leggett,NYJ,TE,"$625,511"
1336,nfl,2018,1337,Sam Beal,NYG,CB,"$625,122"
1337,nfl,2018,1338,Desmond King,LAC,S,"$624,998"
1338,nfl,2018,1339,Jeremy Sprinkle,WAS,TE,"$624,125"
1339,nfl,2018,1340,Jayon Brown,TEN,LB/ILB,"$622,888"
1340,nfl,2018,1341,Josh Huff,NO,WR,"$622,059"
1341,nfl,2018,1342,Nate Hairston,IND,CB,"$621,946"
1342,nfl,2018,1343,Ito Smith,ATL,RB,"$621,447"
1343,nfl,2018,1344,Anthony Walker Jr.,IND,LB/ILB,"$621,353"
1344,nfl,2018,1345,Taron Johnson,BUF,CB,"$620,863"
1345,nfl,2018,1346,Shelton Gibson,PHI,WR,"$619,309"
1346,nfl,2018,1347,Marquel Lee,OAK,LB/ILB,"$618,423"
1347,nfl,2018,1348,Matt Barkley,BUF,QB,"$618,235"
1348,nfl,2018,1349,Maurice Harris,WAS,WR,"$616,059"
1349,nfl,2018,1350,Eric Saubert,ATL,TE,"$611,847"
1350,nfl,2018,1351,Bashaud Breeland,GB,CB,"$608,823"
1351,nfl,2018,1352,Josh Sweat,PHI,ED/DE,"$608,743"
1352,nfl,2018,1353,Davon Godchaux,MIA,DL/DT,"$605,484"
1353,nfl,2018,,Danny Isidora,MIN,G,"$605,484"
1354,nfl,2018,,Trent Taylor,SF,WR,"$605,484"
1355,nfl,2018,1356,Josh Gordon,NE,WR,"$604,117"
1356,nfl,2018,1357,Alan Cross,TB,TE,"$602,120"
1357,nfl,2018,,Marcus Murphy,BUF,RB,"$602,120"
1358,nfl,2018,1359,Chuck Clark,BAL,S,"$598,701"
1359,nfl,2018,1360,Tanzel Smart,LAR,DL/DT,"$596,195"
1360,nfl,2018,1361,Sam Tevi,LAC,RT,"$595,447"
1361,nfl,2018,1362,Xavier Woods,DAL,FS,"$594,972"
1362,nfl,2018,1363,Taiwan Jones,BUF,RB,"$594,530"
1363,nfl,2018,1364,Troy Apke,WAS,S,"$593,956"
1364,nfl,2018,1365,Jalen Mills,PHI,CB,"$593,449"
1365,nfl,2018,1366,Chase Edmonds,ARI,RB,"$593,089"
1366,nfl,2018,,John Franklin-Myers,LAR,DL/DE,"$593,089"
1367,nfl,2018,,Marquis Haynes,CAR,ED/DE,"$593,089"
1368,nfl,2018,,J'Mon Moore,GB,WR,"$593,089"
1369,nfl,2018,,Dalton Schultz,DAL,TE,"$593,089"
1370,nfl,2018,1371,Deiondre' Hall,PHI,CB,"$592,944"
1371,nfl,2018,1372,Jermon Bushrod,NO,G,"$592,941"
1372,nfl,2018,,Chris Clark,CAR,LT,"$592,941"
1373,nfl,2018,,Steven Means,ATL,ED/DE,"$592,941"
1374,nfl,2018,,MyCole Pruitt,TEN,TE,"$592,941"
1375,nfl,2018,,Shareece Wright,HOU,CB,"$592,941"
1376,nfl,2018,1377,Sam Young,MIA,LT,"$592,059"
1377,nfl,2018,1378,D.J. Jones,SF,DL/DT,"$591,963"
1378,nfl,2018,1379,Chase Roullier,WAS,C,"$591,792"
1379,nfl,2018,1380,Derrick Jones,NYJ,CB,"$591,261"
1380,nfl,2018,1381,Johnathan Ford,ARI,S,"$590,045"
1381,nfl,2018,1382,Matt Milano,BUF,LB/OLB,"$589,139"
1382,nfl,2018,1383,Ray-Ray Armstrong,CLE,LB/OLB,"$588,235"
1383,nfl,2018,,Dez Bryant,NO,WR,"$588,235"
1384,nfl,2018,1385,Orson Charles,CLE,FB,"$588,176"
1385,nfl,2018,1386,Jordan Evans,CIN,LB/OLB,"$583,713"
1386,nfl,2018,1387,Corey Levin,TEN,G,"$582,503"
1387,nfl,2018,1388,Kyzir White,LAC,LB/OLB,"$581,658"
1388,nfl,2018,1389,Josh Harvey-Clemons,WAS,LB/ILB,"$576,076"
1389,nfl,2018,1390,Cyrus Jones,BAL,CB,"$574,588"
1390,nfl,2018,1391,Josh Mauro,NYG,DL/DT,"$571,765"
1391,nfl,2018,1392,Christopher Carson,SEA,RB,"$571,282"
1392,nfl,2018,1393,Blake Jarwin,DAL,TE,"$563,866"
1393,nfl,2018,1394,Antony Auclair,TB,TE,"$561,666"
1394,nfl,2018,,Chad Wheeler,NYG,RT,"$561,666"
1395,nfl,2018,1396,Tashawn Bower,MIN,ED/DE,"$560,000"
1396,nfl,2018,,Justin Davis,LAR,RB,"$560,000"
1397,nfl,2018,1398,Maurice Hurst,OAK,DL/DT,"$559,761"
1398,nfl,2018,1399,Shaquem Griffin,SEA,LB/OLB,"$559,404"
1399,nfl,2018,1400,Sean Culkin,LAC,TE,"$559,000"
1400,nfl,2018,,Rigoberto Sanchez,IND,P,"$559,000"
1401,nfl,2018,1402,Jacob Hollister,NE,TE,"$558,333"
1402,nfl,2018,,Eric Wilson,MIN,LB/OLB,"$558,333"
1403,nfl,2018,1404,D.J. Reed,SF,CB,"$557,842"
1404,nfl,2018,1405,Ka'imi Fairbairn,HOU,K,"$557,500"
1405,nfl,2018,,Torry McTyer,MIA,CB,"$557,500"
1406,nfl,2018,,Nicholas Morrow,OAK,LB/OLB,"$557,500"
1407,nfl,2018,1408,Roy Robertson-Harris,CHI,DL/DE,"$557,334"
1408,nfl,2018,1409,Patrick Ricard,BAL,DL/DT,"$557,166"
1409,nfl,2018,1410,Kendrick Bourne,SF,WR,"$556,666"
1410,nfl,2018,,Matt Breida,SF,RB,"$556,666"
1411,nfl,2018,,Adam Butler,NE,DL/DT,"$556,666"
1412,nfl,2018,,Austin Ekeler,LAC,RB,"$556,666"
1413,nfl,2018,,Cooper Rush,DAL,QB,"$556,666"
1414,nfl,2018,1415,Kentavius Street,SF,ED/DE,"$556,550"
1415,nfl,2018,1416,Keelan Cole,JAX,WR,"$556,333"
1416,nfl,2018,,Matt Haack,MIA,P,"$556,333"
1417,nfl,2018,,Erik Magnuson,SF,T,"$556,333"
1418,nfl,2018,1419,Michael Floyd,WAS,WR,"$555,885"
1419,nfl,2018,1420,Armani Watts,KC,S,"$555,457"
1420,nfl,2018,1421,Justin Watson,TB,WR,"$555,434"
1421,nfl,2018,1422,Eli Ankou,JAX,DL/DT,"$555,000"
1422,nfl,2018,,Alex Armah,CAR,FB,"$555,000"
1423,nfl,2018,,Zach Banner,PIT,T,"$555,000"
1424,nfl,2018,,Caleb Brantley,WAS,DL/DT,"$555,000"
1425,nfl,2018,,Harrison Butker,KC,K,"$555,000"
1426,nfl,2018,,Austin Carr,NO,WR,"$555,000"
1427,nfl,2018,,Trevon Coley,CLE,DL/DT,"$555,000"
1428,nfl,2018,,Rashaad Coward,CHI,G,"$555,000"
1429,nfl,2018,,Bryan Cox Jr.,CAR,ED/DE,"$555,000"
1430,nfl,2018,,Jordan Dangerfield,PIT,FS,"$555,000"
1431,nfl,2018,,Jesse Davis,MIA,G,"$555,000"
1432,nfl,2018,,Michael Davis,LAC,CB,"$555,000"
1433,nfl,2018,,Jake Elliott,PHI,K,"$555,000"
1434,nfl,2018,,Matt Feiler,PIT,RT,"$555,000"
1435,nfl,2018,,Reid Ferguson,BUF,LS,"$555,000"
1436,nfl,2018,,Jerrol Garcia-Williams,DEN,LB/ILB,"$555,000"
1437,nfl,2018,,Nate Gerry,PHI,LB/OLB,"$555,000"
1438,nfl,2018,,Jon Halapio,NYG,C,"$555,000"
1439,nfl,2018,,Marvin Hall,ATL,WR,"$555,000"
1440,nfl,2018,,C.J. Ham,MIN,RB,"$555,000"
1441,nfl,2018,,Justin Hamilton,KC,DL/DT,"$555,000"
1442,nfl,2018,,Justin Hardee,NO,CB,"$555,000"
1443,nfl,2018,,Thomas Hennessy,NYJ,LS,"$555,000"
1444,nfl,2018,,Taysom Hill,NO,QB,"$555,000"
1445,nfl,2018,,Mike Hilton,PIT,CB,"$555,000"
1446,nfl,2018,,Trey Hopkins,CIN,C,"$555,000"
1447,nfl,2018,,Kerry Hyder,DET,ED/DE,"$555,000"
1448,nfl,2018,,Isaiah Irving,CHI,ED/OLB,"$555,000"
1449,nfl,2018,,Isaiah Johnson,TB,S,"$555,000"
1450,nfl,2018,,Joe Jones,DEN,ED/OLB,"$555,000"
1451,nfl,2018,,Brad Kaaya,IND,QB,"$555,000"
1452,nfl,2018,,Akeem King,SEA,SS,"$555,000"
1453,nfl,2018,,Matt LaCosse,DEN,TE,"$555,000"
1454,nfl,2018,,Deon Lacey,BUF,LB/OLB,"$555,000"
1455,nfl,2018,,Elijah Lee,SF,LB/OLB,"$555,000"
1456,nfl,2018,,Michael Liedtke,TB,G,"$555,000"
1457,nfl,2018,,Justin McCray,GB,G,"$555,000"
1458,nfl,2018,,Conor McDermott,BUF,T,"$555,000"
1459,nfl,2018,,Tony McRae,CIN,CB,"$555,000"
1460,nfl,2018,,Doug Middleton,NYJ,FS,"$555,000"
1461,nfl,2018,,David Moore,SEA,WR,"$555,000"
1462,nfl,2018,,Kenny Moore,IND,CB,"$555,000"
1463,nfl,2018,,Daniel Munyer,ARI,C,"$555,000"
1464,nfl,2018,,Hardy Nickerson Jr.,CIN,LB/ILB,"$555,000"
1465,nfl,2018,,Lucas Patrick,GB,G,"$555,000"
1466,nfl,2018,,Alex Redmond,CIN,G,"$555,000"
1467,nfl,2018,,Isaac Rochell,LAC,DL/DT,"$555,000"
1468,nfl,2018,,Aldrick Rosas,NYG,K,"$555,000"
1469,nfl,2018,,Daniel Ross,DAL,DL/DT,"$555,000"
1470,nfl,2018,,Ricky Seals-Jones,ARI,TE,"$555,000"
1471,nfl,2018,,Matt Skura,BAL,C,"$555,000"
1472,nfl,2018,,Kyle Sloter,MIN,QB,"$555,000"
1473,nfl,2018,,Zach Sterup,MIA,T,"$555,000"
1474,nfl,2018,,Ryan Switzer,PIT,WR,"$555,000"
1475,nfl,2018,,Alex Tanney,NYG,QB,"$555,000"
1476,nfl,2018,,Dymonte Thomas,DEN,S,"$555,000"
1477,nfl,2018,,Cameron Tom,NO,G,"$555,000"
1478,nfl,2018,,Cole Toner,LAC,G,"$555,000"
1479,nfl,2018,,Matt Wile,MIN,P,"$555,000"
1480,nfl,2018,,Elijah Wilkinson,DEN,T,"$555,000"
1481,nfl,2018,,Brandon Wilson,CIN,S,"$555,000"
1482,nfl,2018,,Zach Wood,NO,LS,"$555,000"
1483,nfl,2018,,Eddie Yarbrough,BUF,ED/DE,"$555,000"
1484,nfl,2018,1485,Will Richardson,JAX,T,"$554,980"
1485,nfl,2018,1486,Bilal Nichols,CHI,DL/DT,"$554,870"
1486,nfl,2018,1487,Tre Flowers,SEA,CB,"$554,682"
1487,nfl,2018,1488,Micah Kiser,LAR,LB/ILB,"$554,494"
1488,nfl,2018,1489,Marcus Allen,PIT,S,"$553,159"
1489,nfl,2018,1490,Will Dissly,SEA,TE,"$553,083"
1490,nfl,2018,1491,De'Anthony Thomas,KC,WR,"$552,706"
1491,nfl,2018,1492,Michael Dickson,SEA,P,"$552,537"
1492,nfl,2018,1493,Genard Avery,CLE,LB/ILB,"$552,236"
1493,nfl,2018,1494,Dane Cruikshank,TEN,S,"$551,973"
1494,nfl,2018,1495,Tyrell Crosby,DET,G,"$551,920"
1495,nfl,2018,1496,Siran Neal,BUF,S,"$551,504"
1496,nfl,2018,1497,Scott Quessenberry,LAC,C,"$551,063"
1497,nfl,2018,1498,Tyler Conklin,MIN,TE,"$550,257"
1498,nfl,2018,1499,Corn Elder,CAR,CB,"$549,474"
1499,nfl,2018,1500,Jermaine Carter,CAR,LB/ILB,"$548,343"
1500,nfl,2018,1501,Jordan Lasley,BAL,WR,"$547,169"
1501,nfl,2018,1502,Tim Settle,WAS,DL/DT,"$547,010"
1502,nfl,2018,1503,Tanner Vallejo,CLE,LB/OLB,"$544,587"
1503,nfl,2018,1504,Jaylen Samuels,PIT,RB,"$544,516"
1504,nfl,2018,1505,Wyatt Teller,BUF,G,"$543,530"
1505,nfl,2018,1506,Jordan Wilkins,IND,RB,"$540,310"
1506,nfl,2018,1507,Andrew Donnal,DET,RT,"$539,123"
1507,nfl,2018,1508,Rakeem Nunez-Roches,TB,ED/DE,"$539,118"
1508,nfl,2018,1509,Mack Hollins,PHI,WR,"$536,917"
1509,nfl,2018,1510,Darius Phillips,CIN,CB,"$534,388"
1510,nfl,2018,,JK Scott,GB,P,"$534,388"
1511,nfl,2018,,Johnny Townsend,OAK,P,"$534,388"
1512,nfl,2018,,Marquez Valdes-Scantling,GB,WR,"$534,388"
1513,nfl,2018,,Mike White,DAL,QB,"$534,388"
1514,nfl,2018,1515,Charles Washington,DET,CB,"$534,176"
1515,nfl,2018,1516,T.J. Logan,ARI,RB,"$530,484"
1516,nfl,2018,1517,Howard Wilson,CLE,CB,"$529,751"
1517,nfl,2018,1518,Damion Ratley,CLE,WR,"$528,466"
1518,nfl,2018,1519,Zach Zenner,DET,RB,"$527,941"
1519,nfl,2018,1520,Corey Clement,PHI,RB,"$527,096"
1520,nfl,2018,1521,John Kelly,LAR,RB,"$527,072"
1521,nfl,2018,1522,Duke Ejiofor,HOU,ED/OLB,"$526,314"
1522,nfl,2018,1523,Kentrell Brothers,MIN,LB/OLB,"$526,248"
1523,nfl,2018,1524,Jamal Agnew,DET,CB,"$525,885"
1524,nfl,2018,1525,Parry Nickerson,NYJ,CB,"$524,370"
1525,nfl,2018,1526,Foley Fatukasi,NYJ,DL/DT,"$523,563"
1526,nfl,2018,1527,Kylie Fitts,CHI,DL/DE,"$523,050"
1527,nfl,2018,1528,Trevone Boykin,SEA,QB,"$522,352"
1528,nfl,2018,,Brian Hill,ATL,RB,"$522,352"
1529,nfl,2018,,Shalom Luani,SEA,S,"$522,352"
1530,nfl,2018,,Tyler Marz,TEN,T,"$522,352"
1531,nfl,2018,,Jojo Natson,LAR,WR,"$522,352"
1532,nfl,2018,1533,Sam Jones,DEN,C,"$522,138"
1533,nfl,2018,1534,Jake Martin,SEA,ED/DE,"$520,509"
1534,nfl,2018,1535,Ray-Ray McCloud,BUF,WR,"$519,956"
1535,nfl,2018,1536,Aaron Jones,GB,RB,"$519,369"
1536,nfl,2018,1537,Chris Covington,DAL,LB/OLB,"$519,077"
1537,nfl,2018,1538,Adonis Alexander,WAS,CB,"$519,048"
1538,nfl,2018,,Russell Gage,ATL,WR,"$519,048"
1539,nfl,2018,1540,Branden Jackson,SEA,ED/DE,"$518,826"
1540,nfl,2018,,Darius Kilgo,TEN,DL/DT,"$518,826"
1541,nfl,2018,1542,Bruce Carter,ATL,LB/ILB,"$518,824"
1542,nfl,2018,,Caraun Reid,DAL,ED/DE,"$518,824"
1543,nfl,2018,,Jeremiah Sirles,BUF,G,"$518,824"
1544,nfl,2018,1545,Sharrod Neasman,ATL,S,"$518,823"
1545,nfl,2018,,Dwayne Washington,NO,RB,"$518,823"
1546,nfl,2018,1547,Andrew Adams,TB,S,"$518,812"
1547,nfl,2018,,Brian Price,CLE,DL/DT,"$518,812"
1548,nfl,2018,1549,Sebastian Joseph,LAR,DL/DT,"$518,809"
1549,nfl,2018,1550,Tremon Smith,KC,CB,"$518,451"
1550,nfl,2018,1551,Shaun-Dion Hamilton,WAS,LB/ILB,"$518,252"
1551,nfl,2018,1552,Kahlil McKenzie,KC,G,"$517,736"
1552,nfl,2018,1553,Foyesade Oluokun,ATL,LB/ILB,"$516,657"
1553,nfl,2018,1554,Trenton Cannon,NYJ,RB,"$514,806"
1554,nfl,2018,1555,Elijah McGuire,NYJ,RB,"$513,815"
1555,nfl,2018,1556,Matt Pryor,PHI,T,"$513,195"
1556,nfl,2018,1557,Jeff Allen,KC,G,"$511,176"
1557,nfl,2018,1558,Cornell Armstrong,MIA,CB,"$509,602"
1558,nfl,2018,,Keishawn Bierria,DEN,LB/ILB,"$509,602"
1559,nfl,2018,,Bradley Bozeman,BAL,C,"$509,602"
1560,nfl,2018,,Peter Kalambayi,HOU,DL/DE,"$509,602"
1561,nfl,2018,,Equanimeous St. Brown,GB,WR,"$509,602"
1562,nfl,2018,,Jordan Thomas,HOU,TE,"$509,602"
1563,nfl,2018,1564,Jaleel Scott,BAL,WR,"$508,095"
1564,nfl,2018,1565,Ogbonnia Okoronkwo,LAR,DL/DE,"$507,336"
1565,nfl,2018,1566,Matthew Adams,IND,ED/OLB,"$505,395"
1566,nfl,2018,1567,Jullian Taylor,SF,DL/DT,"$504,510"
1567,nfl,2018,1568,Javon Wims,CHI,WR,"$503,978"
1568,nfl,2018,1569,Devante Downs,MIN,LB/ILB,"$503,600"
1569,nfl,2018,1570,Derek Anderson,BUF,QB,"$503,236"
1570,nfl,2018,1571,Jason Sanders,MIA,K,"$502,800"
1571,nfl,2018,1572,Andre Smith,CAR,LB/ILB,"$502,264"
1572,nfl,2018,1573,Zaire Franklin,IND,ED/OLB,"$501,764"
1573,nfl,2018,1574,Zach Sieler,BAL,DL/DE,"$500,170"
1574,nfl,2018,1575,Josh Tupou,CIN,DL/DT,"$500,028"
1575,nfl,2018,1576,Vincent Taylor,MIA,DL/DT,"$499,896"
1576,nfl,2018,1577,Hunter Bradley,GB,LS,"$499,335"
1577,nfl,2018,1578,Richie James,SF,WR,"$499,142"
1578,nfl,2018,1579,Greg Stroman,WAS,CB,"$498,944"
1579,nfl,2018,1580,Keion Crossen,NE,CB,"$498,598"
1580,nfl,2018,1581,Justin Lawler,LAR,DL/DE,"$498,435"
1581,nfl,2018,1582,R.J. McIntosh,NYG,DL/DT,"$498,426"
1582,nfl,2018,1583,Will Clapp,NO,C,"$498,285"
1583,nfl,2018,1584,Logan Cooke,JAX,P,"$497,905"
1584,nfl,2018,1585,Ereck Flowers,JAX,RT,"$497,647"
1585,nfl,2018,,Breshad Perriman,CLE,WR,"$497,647"
1586,nfl,2018,1587,Davontae Harris,CIN,CB,"$497,084"
1587,nfl,2018,1588,Rico Gathers,DAL,TE,"$496,666"
1588,nfl,2018,1589,Shilique Calhoun,OAK,LB/OLB,"$493,058"
1589,nfl,2018,1590,Byron Marshall,WAS,RB,"$490,589"
1590,nfl,2018,1591,Korey Cunningham,ARI,T,"$490,379"
1591,nfl,2018,1592,Vince Biegel,NO,LB/OLB,"$489,706"
1592,nfl,2018,1593,Elijhaa Penny,NYG,RB,"$489,705"
1593,nfl,2018,,Joe Walker,ARI,LB/ILB,"$489,705"
1594,nfl,2018,1595,Cameron Johnston,PHI,P,"$487,500"
1595,nfl,2018,1596,Desmond Harrison,CLE,LT,"$486,666"
1596,nfl,2018,1597,Sharif Finch,TEN,LB,"$485,333"
1597,nfl,2018,1598,Holton Hill,MIN,CB,"$485,000"
1598,nfl,2018,,Kevin Toliver,CHI,CB,"$485,000"
1599,nfl,2018,,Darrel Williams,KC,RB,"$485,000"
1600,nfl,2018,1601,George Odum,IND,S,"$484,333"
1601,nfl,2018,1602,Brandon Powell,DET,WR,"$484,000"
1602,nfl,2018,1603,Evan Brown,NYG,C,"$483,333"
1603,nfl,2018,,Sean Chandler,NYG,S,"$483,333"
1604,nfl,2018,,Brandon Facyson,LAC,CB,"$483,333"
1605,nfl,2018,,J.C. Jackson,NE,CB,"$483,333"
1606,nfl,2018,,Trent Sherfield,ARI,WR,"$483,333"
1607,nfl,2018,,Vyncint Smith,HOU,WR,"$483,333"
1608,nfl,2018,,Taylor Stallworth,NO,DL/DT,"$483,333"
1609,nfl,2018,1610,Matt Dickerson,TEN,DL/DE,"$483,000"
1610,nfl,2018,1611,Poona Ford,SEA,DL/DT,"$482,666"
1611,nfl,2018,1612,Mike Boone,MIN,RB,"$482,500"
1612,nfl,2018,,Matt Gono,ATL,T,"$482,500"
1613,nfl,2018,1614,Joshua Perkins,PHI,TE,"$482,118"
1614,nfl,2018,1615,Leon Jacobs,JAX,LB/OLB,"$482,016"
1615,nfl,2018,1616,Tim Boyle,GB,QB,"$482,000"
1616,nfl,2018,,Jason Croom,BUF,TE,"$482,000"
1617,nfl,2018,,Dennis Gardeck,ARI,ED/OLB,"$482,000"
1618,nfl,2018,,Ben Niemann,KC,LB,"$482,000"
1619,nfl,2018,1620,Maurice Alexander,SEA,SS,"$481,765"
1620,nfl,2018,,Wesley Johnson,MIA,C,"$481,765"
1621,nfl,2018,,Donnie Jones,LAC,P,"$481,765"
1622,nfl,2018,1623,Rashard Robinson,NYJ,CB,"$481,764"
1623,nfl,2018,1624,Jordan Mailata,PHI,T,"$481,694"
1624,nfl,2018,1625,Tae Davis,NYG,LB,"$481,666"
1625,nfl,2018,,Tre Herndon,JAX,CB,"$481,666"
1626,nfl,2018,,Aaron Stinnie,TEN,G,"$481,666"
1627,nfl,2018,1628,Chris Board,BAL,LB,"$481,333"
1628,nfl,2018,1629,Ezekiel Turner,ARI,S,"$481,000"
1629,nfl,2018,1630,Trevor Daniel,HOU,P,"$480,666"
1630,nfl,2018,1631,Quincy Adeboyejo,BAL,WR,"$480,000"
1631,nfl,2018,,Dan Arnold,NO,WR,"$480,000"
1632,nfl,2018,,Austin Calitro,SEA,LB/ILB,"$480,000"
1633,nfl,2018,,James Crawford,GB,LB,"$480,000"
1634,nfl,2018,,Keionta Davis,NE,ED/DE,"$480,000"
1635,nfl,2018,,Reggie Gilbert,GB,DL/DE,"$480,000"
1636,nfl,2018,,Buddy Howell,HOU,RB,"$480,000"
1637,nfl,2018,,Marcus Kemp,KC,WR,"$480,000"
1638,nfl,2018,,Frankie Luvu,NYJ,LB,"$480,000"
1639,nfl,2018,,Brett Maher,DAL,K,"$480,000"
1640,nfl,2018,,A.J. Moore,HOU,S,"$480,000"
1641,nfl,2018,,Kamrin Moore,NYG,CB,"$480,000"
1642,nfl,2018,,Johnny Mundt,LAR,TE,"$480,000"
1643,nfl,2018,,Justin Murray,OAK,T,"$480,000"
1644,nfl,2018,,Efe Obada,CAR,ED/DE,"$480,000"
1645,nfl,2018,,Ricky Ortiz,ATL,FB,"$480,000"
1646,nfl,2018,,Zach Pascal,IND,WR,"$480,000"
1647,nfl,2018,,Tim Patrick,DEN,WR,"$480,000"
1648,nfl,2018,,Adam Redmond,DAL,G,"$480,000"
1649,nfl,2018,,Tavierre Thomas,CLE,S,"$480,000"
1650,nfl,2018,,Robert Tonyan Jr.,GB,WR,"$480,000"
1651,nfl,2018,,Charvarius Ward,KC,CB,"$480,000"
1652,nfl,2018,,Antwaun Woods,DAL,DL/DT,"$480,000"
1653,nfl,2018,,Andrew Wylie,KC,G,"$480,000"
1654,nfl,2018,1655,Noah Brown,DAL,WR,"$479,278"
1655,nfl,2018,1656,Phillip Lindsay,DEN,RB,"$478,112"
1656,nfl,2018,1657,Ulrick John,NE,LT,"$473,000"
1657,nfl,2018,1658,Adrian Colbert,SF,FS,"$472,077"
1658,nfl,2018,1659,Danny Johnson,WAS,CB,"$469,562"
1659,nfl,2018,1660,Marcell Harris,SF,S,"$466,504"
1660,nfl,2018,1661,Jordan Simmons,SEA,T,"$466,229"
1661,nfl,2018,1662,Dylan Cole,HOU,LB/ILB,"$465,294"
1662,nfl,2018,1663,Donald Payne,JAX,LB/ILB,"$461,294"
1663,nfl,2018,1664,Paul Perkins,NYG,RB,"$461,137"
1664,nfl,2018,1665,Ja'whaun Bentley,NE,LB/ILB,"$459,635"
1665,nfl,2018,1666,Brian Parker,DEN,TE,"$457,058"
1666,nfl,2018,,Jonathan Woodard,MIA,ED/DE,"$457,058"
1667,nfl,2018,1668,Brendan Mahon,CAR,G,"$456,629"
1668,nfl,2018,1669,Blake Bell,JAX,TE,"$456,176"
1669,nfl,2018,,Bennie Fowler,NYG,WR,"$456,176"
1670,nfl,2018,,Rashad Greene,JAX,WR,"$456,176"
1671,nfl,2018,1672,Daryl Worley,OAK,CB,"$453,883"
1672,nfl,2018,1673,Raven Greene,GB,S,"$453,637"
1673,nfl,2018,1674,Jihad Ward,IND,DL/DE,"$453,530"
1674,nfl,2018,1675,Jake Butt,DEN,TE,"$453,234"
1675,nfl,2018,1676,Alex Light,GB,G,"$452,760"
1676,nfl,2018,1677,Trenton Scott,LAC,G,"$451,764"
1677,nfl,2018,,Trent Sieg,OAK,LS,"$451,764"
1678,nfl,2018,1679,Ike Boettger,BUF,G,"$451,760"
1679,nfl,2018,1680,Tarell Basham,NYJ,ED/OLB,"$451,176"
1680,nfl,2018,1681,Jack Cichy,TB,LB/ILB,"$447,509"
1681,nfl,2018,1682,Chase Allen,MIA,LB/OLB,"$445,087"
1682,nfl,2018,1683,C.J. Goodwin,DAL,S,"$444,708"
1683,nfl,2018,1684,Mike Mitchell,IND,FS,"$444,706"
1684,nfl,2018,,Matt Overton,JAX,LS,"$444,706"
1685,nfl,2018,,Bryan Witzmann,CHI,G,"$444,706"
1686,nfl,2018,,Frank Zombo,KC,ED/OLB,"$444,706"
1687,nfl,2018,1688,Evan Boehm,IND,G,"$444,705"
1688,nfl,2018,,Matt Lengel,CIN,TE,"$444,705"
1689,nfl,2018,,Brian Mihalik,NYG,T,"$444,705"
1690,nfl,2018,1691,Bam Bradley,BAL,LB/ILB,"$441,137"
1691,nfl,2018,1692,Marcus Johnson,IND,WR,"$440,470"
1692,nfl,2018,,Jaydon Mickens,JAX,WR,"$440,470"
1693,nfl,2018,1694,Kaare Vedvik,BAL,K,"$440,333"
1694,nfl,2018,1695,Adolphus Washington,CIN,DL/DT,"$435,176"
1695,nfl,2018,1696,Shaun Wilson,TB,RB,"$435,147"
1696,nfl,2018,1697,Mike Nugent,OAK,K,"$434,821"
1697,nfl,2018,1698,Troy Fumagalli,DEN,TE,"$433,450"
1698,nfl,2018,1699,Deiontrez Mount,DEN,ED/OLB,"$433,000"
1699,nfl,2018,1700,Austin Howard,WAS,RT,"$430,588"
1700,nfl,2018,1701,Mason Schreck,CIN,TE,"$427,232"
1701,nfl,2018,1702,Dominique Hatfield,LAR,CB,"$426,173"
1702,nfl,2018,1703,Rishard Matthews,NYJ,WR,"$425,647"
1703,nfl,2018,1704,Brian Allen,PIT,CB,"$424,411"
1704,nfl,2018,,Treyvon Hester,PHI,DL/DT,"$424,411"
1705,nfl,2018,1706,Jamarco Jones,SEA,LT,"$424,250"
1706,nfl,2018,1707,Josh Adams,PHI,RB,"$423,529"
1707,nfl,2018,,D’Juan Hines,CLE,LB,"$423,529"
1708,nfl,2018,,Khadarel Hodge,LAR,WR,"$423,529"
1709,nfl,2018,,Greg Joseph,CLE,K,"$423,529"
1710,nfl,2018,1711,Ryan Lewis,BUF,CB,"$423,525"
1711,nfl,2018,1712,Alex Ellis,KC,TE,"$419,646"
1712,nfl,2018,1713,Corey Bojorquez,BUF,P,"$418,048"
1713,nfl,2018,1714,Ameer Abdullah,MIN,RB,"$412,586"
1714,nfl,2018,1715,Amari Cooper,DAL,WR,"$411,764"
1715,nfl,2018,1716,Eli Rogers,PIT,WR,"$411,706"
1716,nfl,2018,1717,Christian Sam,NE,LB/ILB,"$408,373"
1717,nfl,2018,1718,Jay Bromley,NO,DL/DT,"$407,647"
1718,nfl,2018,,Dontrelle Inman,IND,WR,"$407,647"
1719,nfl,2018,,Keivarae Russell,CIN,CB,"$407,647"
1720,nfl,2018,1721,J'Marcus Webb,IND,RT,"$406,941"
1721,nfl,2018,1722,Deshon Elliott,BAL,S,"$402,448"
1722,nfl,2018,1723,Olasunkanmi Adeniyi,PIT,LB,"$402,399"
1723,nfl,2018,1724,Trey Quinn,WAS,WR,"$400,900"
1724,nfl,2018,1725,Derrick Willies,CLE,WR,"$398,232"
1725,nfl,2018,1726,Jake Kumerow,GB,WR,"$397,399"
1726,nfl,2018,1727,Tony Brown,GB,CB,"$395,294"
1727,nfl,2018,,Justin Jackson,LAC,RB,"$395,294"
1728,nfl,2018,1729,Nick Mullens,SF,QB,"$395,290"
1729,nfl,2018,1730,Aviante Collins,MIN,T,"$393,411"
1730,nfl,2018,1731,D.J. Foster,ARI,WR,"$393,000"
1731,nfl,2018,,Morgan Fox,LAR,ED/OLB,"$393,000"
1732,nfl,2018,,Daniel Lasco,NO,RB,"$393,000"
1733,nfl,2018,,Gabe Martin,ARI,LB/ILB,"$393,000"
1734,nfl,2018,,Ronald Martin,IND,SS,"$393,000"
1735,nfl,2018,,Zach Miller,CHI,TE,"$393,000"
1736,nfl,2018,,Ahtyba Rubin,OAK,DL/DT,"$393,000"
1737,nfl,2018,,Tye Smith,TEN,CB,"$393,000"
1738,nfl,2018,,James Wright,IND,WR,"$393,000"
1739,nfl,2018,1740,Rod Streater,CLE,WR,"$392,945"
1740,nfl,2018,1741,Ade Aruna,MIN,ED/DE,"$392,602"
1741,nfl,2018,,Braxton Berrios,NE,WR,"$392,602"
1742,nfl,2018,,Greg Senat,BAL,T,"$392,602"
1743,nfl,2018,,Cedrick Wilson,DAL,WR,"$392,602"
1744,nfl,2018,1745,Al-Quadin Muhammad,IND,DL/DE,"$391,764"
1745,nfl,2018,,Michael Tyson,HOU,CB,"$391,764"
1746,nfl,2018,1747,Luke Falk,MIA,QB,"$390,516"
1747,nfl,2018,1748,Deon Cain,IND,WR,"$389,408"
1748,nfl,2018,1749,Jawill Davis,NYG,WR,"$388,412"
1749,nfl,2018,1750,Jermaine Kelly,HOU,CB,"$388,194"
1750,nfl,2018,1751,Stevie Tu'ikolovatu,TB,DL/DT,"$385,783"
1751,nfl,2018,1752,Carroll Phillips,IND,ED/OLB,"$384,176"
1752,nfl,2018,1753,Nick Bawden,DET,FB,"$384,051"
1753,nfl,2018,1754,Cethan Carter,CIN,TE,"$381,333"
1754,nfl,2018,,Jamal Carter,DEN,SS,"$381,333"
1755,nfl,2018,1756,Ryan Izzo,NE,TE,"$380,267"
1756,nfl,2018,,Rod Taylor,CIN,G,"$380,267"
1757,nfl,2018,1758,Ty Montgomery,BAL,RB,"$379,323"
1758,nfl,2018,1759,Tyler Catalina,WAS,T,"$378,000"
1759,nfl,2018,,Robert Davis,WAS,WR,"$378,000"
1760,nfl,2018,,Dillon Gordon,KC,TE,"$378,000"
1761,nfl,2018,,Jaylen Hill,BAL,CB,"$378,000"
1762,nfl,2018,,Steve Longa,DET,LB/OLB,"$378,000"
1763,nfl,2018,,Kevin Peterson,LAR,CB,"$378,000"
1764,nfl,2018,,Kristjan Sokoli,NYG,G,"$378,000"
1765,nfl,2018,,Jordan Williams,NYG,DL/DT,"$378,000"
1766,nfl,2018,1767,Hayes Pullard,LAC,LB/ILB,"$373,235"
1767,nfl,2018,1768,Cedrick Lang,MIN,TE,"$373,000"
1768,nfl,2018,1769,Jonathan Cooper,WAS,G,"$371,765"
1769,nfl,2018,,Bruce Ellington,DET,WR,"$371,765"
1770,nfl,2018,1771,Eddy Pineiro,OAK,K,"$371,333"
1771,nfl,2018,1772,Oday Aboushi,ARI,G,"$370,590"
1772,nfl,2018,1773,Leonte Carroo,MIA,WR,"$370,588"
1773,nfl,2018,,Corey Coleman,NYG,WR,"$370,588"
1774,nfl,2018,,Devante Harris,TB,CB,"$370,588"
1775,nfl,2018,,Tony Lippett,NYG,CB,"$370,588"
1776,nfl,2018,1777,Cam Sims,WAS,WR,"$369,882"
1777,nfl,2018,1778,De’Lance Turner,BAL,RB,"$369,164"
1778,nfl,2018,1779,Zachary Crabtree,LAC,T,"$368,000"
1779,nfl,2018,,Byron Pringle,KC,WR,"$368,000"
1780,nfl,2018,1781,Tyler Lancaster,GB,DL/DT,"$367,059"
1781,nfl,2018,1782,Quenton Meeks,JAX,CB,"$367,058"
1782,nfl,2018,1783,Colby Wadman,DEN,P,"$367,055"
1783,nfl,2018,1784,Jonathan Owens,ARI,S,"$367,000"
1784,nfl,2018,1785,Michael Ola,NO,T,"$365,823"
1785,nfl,2018,1786,Trey Johnson,PIT,CB,"$365,500"
1786,nfl,2018,1787,Trayvon Henderson,CIN,S,"$365,000"
1787,nfl,2018,1788,Darren Andrews,NE,WR,"$364,666"
1788,nfl,2018,,Nick Gates,NYG,G,"$364,666"
1789,nfl,2018,,Michael Hughes,JAX,DL/DT,"$364,666"
1790,nfl,2018,,J.D. Moore,KC,RB,"$364,666"
1791,nfl,2018,1792,Hercules Mata'afa,MIN,LB,"$364,333"
1792,nfl,2018,1793,Cory Carter,BUF,P,"$364,000"
1793,nfl,2018,1794,Austin Barnard,TEN,P,"$363,666"
1794,nfl,2018,,Emmanuel Beal,SEA,LB,"$363,666"
1795,nfl,2018,1796,Sergio Bailey,TB,WR,"$363,333"
1796,nfl,2018,,Rashard Fant,CHI,CB,"$363,333"
1797,nfl,2018,,Andrew Trumbetti,CHI,DL/DE,"$363,333"
1798,nfl,2018,1799,Ricky Ali'ifua,SEA,ED/DE,"$363,000"
1799,nfl,2018,,Elie Bouka,PHI,CB,"$363,000"
1800,nfl,2018,,Joseph Cheek,PIT,T,"$363,000"
1801,nfl,2018,,Travin Dural,NO,WR,"$363,000"
1802,nfl,2018,,Step Durham,KC,S,"$363,000"
1803,nfl,2018,,J.P. Flynn,SF,T,"$363,000"
1804,nfl,2018,,Manasseh Garner,WAS,RB,"$363,000"
1805,nfl,2018,,Malik Golden,PIT,S,"$363,000"
1806,nfl,2018,,Cody Hollister,NE,WR,"$363,000"
1807,nfl,2018,,Elijah Hood,CAR,RB,"$363,000"
1808,nfl,2018,,Rickey Jefferson,NO,CB,"$363,000"
1809,nfl,2018,,Jamaal Jones,CAR,WR,"$363,000"
1810,nfl,2018,,Lenny Jones,CLE,ED/DE,"$363,000"
1811,nfl,2018,,Keith Kelsey,PIT,LB/ILB,"$363,000"
1812,nfl,2018,,Korren Kirven,DAL,T,"$363,000"
1813,nfl,2018,,Tejan Koroma,KC,C,"$363,000"
1814,nfl,2018,,Jake McGee,PIT,TE,"$363,000"
1815,nfl,2018,,Tevin Mitchel,OAK,CB,"$363,000"
1816,nfl,2018,,Steven Moore,BAL,T,"$363,000"
1817,nfl,2018,,Tevon Mutcherson,SEA,CB,"$363,000"
1818,nfl,2018,,Damien Parms,CAR,S,"$363,000"
1819,nfl,2018,,Josiah Price,MIN,TE,"$363,000"
1820,nfl,2018,,Austin Roberts,LAC,TE,"$363,000"
1821,nfl,2018,,Artavis Scott,LAC,WR,"$363,000"
1822,nfl,2018,,Jameill Showers,DAL,QB,"$363,000"
1823,nfl,2018,,Garrett Sickels,LAR,ED/OLB,"$363,000"
1824,nfl,2018,,Dustin Stanton,DAL,T,"$363,000"
1825,nfl,2018,,Johnny Stanton,MIN,FB,"$363,000"
1826,nfl,2018,,Chris Warren,OAK,RB,"$363,000"
1827,nfl,2018,1828,Devante Bond,TB,LB/OLB,"$359,118"
1828,nfl,2018,1829,Jehu Chesson,WAS,WR,"$359,117"
1829,nfl,2018,,Ukeme Eligwe,NYG,LB/ILB,"$359,117"
1830,nfl,2018,,Giorgio Tavecchio,ATL,K,"$359,117"
1831,nfl,2018,1832,Kelvin Benjamin,KC,WR,"$352,941"
1832,nfl,2018,1833,Ross Dwelley,SF,TE,"$338,824"
1833,nfl,2018,,Gus Edwards,BAL,RB,"$338,824"
1834,nfl,2018,1835,David Williams,JAX,RB,"$338,823"
1835,nfl,2018,1836,Mo Alie-Cox,IND,TE,"$338,820"
1836,nfl,2018,,Cameron Batson,TEN,WR,"$338,820"
1837,nfl,2018,,Anthony Firkser,TEN,TE,"$338,820"
1838,nfl,2018,,Dontrell Hilliard,CLE,RB,"$338,820"
1839,nfl,2018,,Tre' Sullivan,PHI,S,"$338,820"
1840,nfl,2018,,Darious Williams,LAR,S,"$338,820"
1841,nfl,2018,1842,Zane Beadles,ATL,G,"$333,531"
1842,nfl,2018,,Javien Elliott,TB,CB,"$333,531"
1843,nfl,2018,,James Ferentz,NE,C,"$333,531"
1844,nfl,2018,,Evander Hood,MIA,ED/DE,"$333,531"
1845,nfl,2018,,John Phillips,ARI,TE,"$333,531"
1846,nfl,2018,,Sylvester Williams,MIA,DL/DT,"$333,531"
1847,nfl,2018,1848,Kelvin Sheppard,DET,LB/ILB,"$333,529"
1848,nfl,2018,1849,Ibraheim Campbell,GB,SS,"$331,764"
1849,nfl,2018,,Jacquies Smith,OAK,LB/OLB,"$331,764"
1850,nfl,2018,1851,Riley Bullough,TB,LB/ILB,"$326,471"
1851,nfl,2018,1852,Jermaine Eluemunor,BAL,G,"$326,470"
1852,nfl,2018,1853,Brice Butler,MIA,WR,"$325,294"
1853,nfl,2018,,Patrick Omameh,JAX,G,"$325,294"
1854,nfl,2018,,Deonte Thompson,BUF,WR,"$325,294"
1855,nfl,2018,1856,Mychal Kendricks,SEA,LB/OLB,"$325,293"
1856,nfl,2018,1857,Jason Cabinda,OAK,LB,"$310,588"
1857,nfl,2018,,NIco Falah,DEN,C,"$310,588"
1858,nfl,2018,,Grant Haley,NYG,CB,"$310,588"
1859,nfl,2018,1860,Trevor Bates,DET,LB/ILB,"$310,585"
1860,nfl,2018,,Deontay Burnett,NYJ,WR,"$310,585"
1861,nfl,2018,,Detrez Newsome,LAC,RB,"$310,585"
1862,nfl,2018,1863,Luke Bowanko,WAS,C,"$296,472"
1863,nfl,2018,,Crevon LeBlanc,PHI,CB,"$296,472"
1864,nfl,2018,,Kalan Reed,SEA,CB,"$296,472"
1865,nfl,2018,1866,Phillip Gaines,CLE,CB,"$296,471"
1866,nfl,2018,,Albert McClellan,NE,LB/OLB,"$296,471"
1867,nfl,2018,1868,Juston Burris,CLE,CB,"$296,470"
1868,nfl,2018,1869,Taquan Mizzell,CHI,RB,"$293,823"
1869,nfl,2018,,David Sharpe,OAK,T,"$293,823"
1870,nfl,2018,1871,Daniel Carlson,OAK,K,"$282,352"
1871,nfl,2018,1872,Marcell Ateman,OAK,WR,"$282,350"
1872,nfl,2018,,Nick Deluca,JAX,LB/ILB,"$282,350"
1873,nfl,2018,,Jordan Franks,CIN,TE,"$282,350"
1874,nfl,2018,,Jimmy Murray,KC,C,"$282,350"
1875,nfl,2018,,Deon Yelder,KC,TE,"$282,350"
1876,nfl,2018,1877,David Amerson,ARI,CB,"$278,824"
1877,nfl,2018,1878,Andre Smith,CIN,RT,"$269,117"
1878,nfl,2018,1879,Isaac Asiata,MIA,G,"$261,176"
1879,nfl,2018,,Matt Dayes,SF,RB,"$261,176"
1880,nfl,2018,,Greg Mabin,SF,CB,"$261,176"
1881,nfl,2018,,Isaiah McKenzie,BUF,WR,"$261,176"
1882,nfl,2018,,Obi Melifonwu,NE,S,"$261,176"
1883,nfl,2018,,Davis Webb,NYJ,QB,"$261,176"
1884,nfl,2018,,Jermaine Whitehead,CLE,FS,"$261,176"
1885,nfl,2018,1886,Kenjon Barner,CAR,RB,"$259,413"
1886,nfl,2018,,Ramon Humber,NE,LB/OLB,"$259,413"
1887,nfl,2018,,Ben Koyack,JAX,TE,"$259,413"
1888,nfl,2018,1889,Travaris Cadet,CAR,RB,"$259,412"
1889,nfl,2018,,Gino Gradkowski,DEN,C,"$259,412"
1890,nfl,2018,,Kevin Minter,TB,LB/ILB,"$259,412"
1891,nfl,2018,,Cairo Santos,TB,K,"$259,412"
1892,nfl,2018,1893,Reuben Foster,WAS,LB/ILB,"$257,561"
1893,nfl,2018,1894,Pharaoh Brown,CLE,TE,"$254,824"
1894,nfl,2018,1895,Chad Beebe,MIN,WR,"$254,115"
1895,nfl,2018,,Deante Burton,HOU,WR,"$254,115"
1896,nfl,2018,,River Cracraft,DEN,WR,"$254,115"
1897,nfl,2018,,Colby Gossett,ARI,G,"$254,115"
1898,nfl,2018,,Jeff Richards,LAC,CB,"$254,115"
1899,nfl,2018,1900,T.Y. McGill,LAC,DL/DT,"$248,823"
1900,nfl,2018,,Corey Robinson,JAX,LT,"$248,823"
1901,nfl,2018,,Josh Shaw,TB,CB,"$248,823"
1902,nfl,2018,1903,Andre Holmes,DEN,WR,"$235,294"
1903,nfl,2018,1904,Brandon Bell,CIN,LB/OLB,"$228,529"
1904,nfl,2018,,Andy Jones,DET,WR,"$228,529"
1905,nfl,2018,1906,Tra Carson,GB,RB,"$226,583"
1906,nfl,2018,1907,Michael Badgley,LAC,K,"$225,880"
1907,nfl,2018,,Deandre Carter,HOU,WR,"$225,880"
1908,nfl,2018,,Robert Foster,BUF,WR,"$225,880"
1909,nfl,2018,,Zack Golditch,ARI,G,"$225,880"
1910,nfl,2018,,Keith Kirkwood,NO,WR,"$225,880"
1911,nfl,2018,,Auden Tate,CIN,WR,"$225,880"
1912,nfl,2018,,Levi Wallace,BUF,CB,"$225,880"
1913,nfl,2018,1914,Josh Andrews,IND,C,"$222,354"
1914,nfl,2018,,Kasim Edebali,CIN,LB/OLB,"$222,354"
1915,nfl,2018,,Christian Ringo,CIN,DL/DT,"$222,354"
1916,nfl,2018,,Mark Sanchez,WAS,QB,"$222,354"
1917,nfl,2018,,Jonathan Williams,IND,RB,"$222,354"
1918,nfl,2018,1919,Darian Thompson,DAL,FS,"$222,353"
1919,nfl,2018,1920,Joe Barksdale,ARI,RT,"$215,294"
1920,nfl,2018,1921,Skai Moore,IND,LB,"$212,118"
1921,nfl,2018,1922,Will Redmond,GB,CB,"$212,117"
1922,nfl,2018,1923,Lorenzo Doss,CAR,CB,"$207,355"
1923,nfl,2018,,Chaz Green,OAK,G,"$207,355"
1924,nfl,2018,1925,Tom Savage,CIN,QB,"$207,353"
1925,nfl,2018,1926,Emmanuel Moseley,SF,CB,"$199,051"
1926,nfl,2018,1927,Michael Ford,DET,CB,"$197,645"
1927,nfl,2018,1928,Brendan Langley,DEN,CB,"$195,882"
1928,nfl,2018,1929,Quadree Henderson,NYG,WR,"$191,470"
1929,nfl,2018,,Cassanova Mckinzy,WAS,ED/OLB,"$191,470"
1930,nfl,2018,1931,Bene Benwikere,OAK,CB,"$185,882"
1931,nfl,2018,,Chandler Catanzaro,CAR,K,"$185,882"
1932,nfl,2018,,Kony Ealy,OAK,DL/DT,"$185,882"
1933,nfl,2018,,Jamar Taylor,DEN,CB,"$185,882"
1934,nfl,2018,1935,Thurston Armbrister,ARI,ED/OLB,"$185,295"
1935,nfl,2018,,Nicholas Grigsby,DET,LB/ILB,"$185,295"
1936,nfl,2018,,Eddie Pleasant,GB,FS,"$185,295"
1937,nfl,2018,,Dan Vitale,GB,FB,"$185,295"
1938,nfl,2018,1939,Matt Darr,BUF,P,"$185,294"
1939,nfl,2018,,Darren Waller,OAK,TE,"$185,294"
1940,nfl,2018,1941,D.J. Swearinger,ARI,FS,"$176,470"
1941,nfl,2018,1942,Gehrig Dieter,KC,WR,"$169,412"
1942,nfl,2018,1943,Keon Hatcher,OAK,WR,"$169,410"
1943,nfl,2018,,James Looney,GB,DL/DT,"$169,410"
1944,nfl,2018,,Niles Scott,CIN,DL/DT,"$169,410"
1945,nfl,2018,,Corey Thompson,BUF,LB,"$169,410"
1946,nfl,2018,,Jeff Wilson,SF,RB,"$169,410"
1947,nfl,2018,1948,Denzelle Good,OAK,RT,"$165,882"
1948,nfl,2018,,Zac Kerin,WAS,C,"$165,882"
1949,nfl,2018,1950,Jeremy Clark,NYJ,CB,"$163,235"
1950,nfl,2018,,Darrell Daniels,ARI,TE,"$163,235"
1951,nfl,2018,,Zane Gonzalez,ARI,K,"$163,235"
1952,nfl,2018,,Temarrick Hemingway,DEN,TE,"$163,235"
1953,nfl,2018,,Will Holden,ARI,T,"$163,235"
1954,nfl,2018,,Kyle Kalis,CLE,T,"$163,235"
1955,nfl,2018,,Cameron Malveaux,ARI,DL/DE,"$163,235"
1956,nfl,2018,,James Onwualu,SF,LB/OLB,"$163,235"
1957,nfl,2018,,Bobo Wilson,TB,WR,"$163,235"
1958,nfl,2018,1959,Jon Condo,ATL,LS,"$148,236"
1959,nfl,2018,,Rees Odhiambo,ARI,T,"$148,236"
1960,nfl,2018,,Denzel Rice,BUF,CB,"$148,236"
1961,nfl,2018,1962,Josh Johnson,WAS,QB,"$148,235"
1962,nfl,2018,,Charcandrick West,KC,RB,"$148,235"
1963,nfl,2018,1964,Benjamin Braden,NYJ,T,"$141,175"
1964,nfl,2018,,Garrett Dickerson,NYG,TE,"$141,175"
1965,nfl,2018,,Isaiah Ford,MIA,WR,"$141,175"
1966,nfl,2018,,Jeff Holland,DEN,LB,"$141,175"
1967,nfl,2018,,Godwin Igwebuike,SF,S,"$141,175"
1968,nfl,2018,,Craig James,MIN,CB,"$141,175"
1969,nfl,2018,,Joshua Kalu,TEN,S,"$141,175"
1970,nfl,2018,,Montrel Meander,OAK,S,"$141,175"
1971,nfl,2018,,Ryan Neal,ATL,FS,"$141,175"
1972,nfl,2018,,C.J. Reavis,JAX,S,"$141,175"
1973,nfl,2018,,David Rivers III,TB,CB,"$141,175"
1974,nfl,2018,1975,Kai Forbath,JAX,K,"$139,411"
1975,nfl,2018,,Austin Pasztor,TEN,T,"$139,411"
1976,nfl,2018,1977,Vontarrius Dora,ARI,ED/OLB,"$130,588"
1977,nfl,2018,,Trey Edmunds,PIT,RB,"$130,588"
1978,nfl,2018,,Colin Holba,SF,LS,"$130,588"
1979,nfl,2018,,Bronson Kaufusi,NYJ,DL/DE,"$130,588"
1980,nfl,2018,,Kenny Ladler,NYG,SS,"$130,588"
1981,nfl,2018,,Eric Lee,DET,ED/DE,"$130,588"
1982,nfl,2018,,Jeremy McNichols,TEN,RB,"$130,588"
1983,nfl,2018,,Adam Pankey,GB,T,"$130,588"
1984,nfl,2018,,Pita Taumoepenu,SF,LB/OLB,"$130,588"
1985,nfl,2018,1986,Fadol Brown,GB,DL/DE,"$112,940"
1986,nfl,2018,,Dylan Cantrell,LAC,WR,"$112,940"
1987,nfl,2018,,Jalen Davis,MIA,CB,"$112,940"
1988,nfl,2018,,Kendall Donnerson,GB,ED/OLB,"$112,940"
1989,nfl,2018,,Daurice Fountain,IND,WR,"$112,940"
1990,nfl,2018,,Mose Frazier,CAR,WR,"$112,940"
1991,nfl,2018,,Taylor Hearn,CAR,G,"$112,940"
1992,nfl,2018,,Bruce Hector,PHI,DL/DT,"$112,940"
1993,nfl,2018,,Natrell Jamerson,GB,S,"$112,940"
1994,nfl,2018,,Roderick Johnson,HOU,T,"$112,940"
1995,nfl,2018,,Mike Love,BUF,ED/DE,"$112,940"
1996,nfl,2018,,Da'Mari Scott,BUF,WR,"$112,940"
1997,nfl,2018,,Jalen Tolliver,ARI,WR,"$112,940"
1998,nfl,2018,,Justin Zimmer,ATL,DL/DT,"$112,940"
1999,nfl,2018,2000,T.J. Green,SEA,S,"$111,177"
2000,nfl,2018,2001,Marcus Williams,CHI,CB,"$111,176"
2001,nfl,2018,2002,B.J. Bello,PHI,LB/ILB,"$97,941"
2002,nfl,2018,,Jerome Cunningham,DET,TE,"$97,941"
2003,nfl,2018,,Kyle Fuller,WAS,C,"$97,941"
2004,nfl,2018,,Daeshon Hall,PHI,ED/DE,"$97,941"
2005,nfl,2018,,De'Angelo Henderson,NYJ,RB,"$97,941"
2006,nfl,2018,,Denver Kirkland,OAK,G,"$97,941"
2007,nfl,2018,,Leo Koloamatangi,DET,T,"$97,941"
2008,nfl,2018,,Dean Marlowe,BUF,SS,"$97,941"
2009,nfl,2018,,Vincent Valentine,ARI,DL/DT,"$97,941"
2010,nfl,2018,,Xavier Woodson-Luster,CLE,LB/ILB,"$97,941"
2011,nfl,2018,2012,C.J. Anderson,LAR,RB,"$92,941"
2012,nfl,2018,,J.J. Wilcox,IND,FS,"$92,941"
2013,nfl,2018,2014,Trevon Young,LAR,DL/DE,"$91,571"
2014,nfl,2018,2015,Cole Wick,TEN,TE,"$87,529"
2015,nfl,2018,2016,Simmie Cobbs Jr.,NO,WR,"$84,705"
2016,nfl,2018,,Jamil Demby,LAR,G,"$84,705"
2017,nfl,2018,,Andrew East,WAS,LS,"$84,705"
2018,nfl,2018,,Emmanuel Ellerbee,SEA,LB,"$84,705"
2019,nfl,2018,,Matt Flanagan,WAS,TE,"$84,705"
2020,nfl,2018,,Keith Ford,BUF,RB,"$84,705"
2021,nfl,2018,,Tanner Hudson,TB,TE,"$84,705"
2022,nfl,2018,,Cameron Hunt,OAK,G,"$84,705"
2023,nfl,2018,,Lyndon Johnson,JAX,ED/DE,"$84,705"
2024,nfl,2018,,Trey Marshall,DEN,S,"$84,705"
2025,nfl,2018,,Tyree Robinson,SF,S,"$84,705"
2026,nfl,2018,,Boston Scott,PHI,RB,"$84,705"
2027,nfl,2018,,Nico Siragusa,GB,G,"$84,705"
2028,nfl,2018,,Ahmad Thomas,IND,S,"$84,705"
2029,nfl,2018,,Kyle Wilson,LAC,LB,"$84,705"
2030,nfl,2018,2031,Kapri Bibbs,GB,RB,"$82,941"
2031,nfl,2018,,Craig Mager,DEN,CB,"$82,941"
2032,nfl,2018,2033,Cole Madison,GB,G,"$81,082"
2033,nfl,2018,2034,Joshua Holsey,WAS,CB,"$77,117"
2034,nfl,2018,2035,Pharoh Cooper,ARI,WR,"$74,118"
2035,nfl,2018,,Ufomba Kamalu,NE,ED/DE,"$74,118"
2036,nfl,2018,,Emmanuel Lamur,NYJ,ED/OLB,"$74,118"
2037,nfl,2018,,Jeremy Langford,ATL,RB,"$74,118"
2038,nfl,2018,,Tyvis Powell,SF,S,"$74,118"
2039,nfl,2018,,Gabe Wright,OAK,DL/DT,"$74,118"
2040,nfl,2018,2041,Anthony Lanier,LAC,ED/DE,"$74,117"
2041,nfl,2018,2042,Victor Bolden,BUF,WR,"$65,294"
2042,nfl,2018,,Nigel Harris,TEN,ED/OLB,"$65,294"
2043,nfl,2018,,Darius Jackson,DAL,RB,"$65,294"
2044,nfl,2018,,Harlan Miller,WAS,CB,"$65,294"
2045,nfl,2018,,Maurice Smith,MIA,S,"$65,294"
2046,nfl,2018,,Jason Vander Laan,CAR,TE,"$65,294"
2047,nfl,2018,2048,Kyle Allen,CAR,QB,"$56,470"
2048,nfl,2018,,John Atkins,DET,DL/DT,"$56,470"
2049,nfl,2018,,Paul Butler,OAK,TE,"$56,470"
2050,nfl,2018,,Lavon Coleman,GB,RB,"$56,470"
2051,nfl,2018,,Kenneth Durden,TEN,S,"$56,470"
2052,nfl,2018,,Donnie Ernsberger,TB,TE,"$56,470"
2053,nfl,2018,,Rico Gafford,OAK,CB,"$56,470"
2054,nfl,2018,,Chris Jones,ARI,S,"$56,470"
2055,nfl,2018,,Darvin Kidsy,WAS,WR,"$56,470"
2056,nfl,2018,,Chris Lacy,DET,WR,"$56,470"
2057,nfl,2018,,Allen Lazard,GB,WR,"$56,470"
2058,nfl,2018,,Dallin Leavitt,OAK,S,"$56,470"
2059,nfl,2018,,Jeremiah Ledbetter,TB,DL/DT,"$56,470"
2060,nfl,2018,,Elijah Nkansah,SEA,T,"$56,470"
2061,nfl,2018,,Kendrick Norton,MIA,DL/DT,"$56,470"
2062,nfl,2018,,Timon Parris,WAS,T,"$56,470"
2063,nfl,2018,,Jeremy Reaves,WAS,S,"$56,470"
2064,nfl,2018,,Bo Scarbrough,SEA,RB,"$56,470"
2065,nfl,2018,,Eric Smith,NYJ,T,"$56,470"
2066,nfl,2018,,Dee Virgin,DET,CB,"$56,470"
2067,nfl,2018,,Anthony Wint,NYJ,LB,"$56,470"
2068,nfl,2018,,Chris Worley,CIN,LB,"$56,470"
2069,nfl,2018,2070,Derek Newton,NO,RT,"$53,824"
2070,nfl,2018,2071,Austin Davis,TEN,QB,"$46,470"
2071,nfl,2018,2072,Marquis Flowers,WAS,ED/OLB,"$41,470"
2072,nfl,2018,,Josh Keyes,HOU,LB/ILB,"$41,470"
2073,nfl,2018,,Clive Walford,NYJ,TE,"$41,470"
2074,nfl,2018,2075,Tyrell Adams,HOU,ED/OLB,"$37,059"
2075,nfl,2018,,Ryan Delaire,SF,ED/DE,"$37,059"
2076,nfl,2018,,Josh Hawkins,PHI,CB,"$37,059"
2077,nfl,2018,,Marcus Smith,WAS,DL/DE,"$37,059"
2078,nfl,2018,,Destiny Vaeao,NYJ,DL/DT,"$37,059"
2079,nfl,2018,,Aaron Wallace,DEN,ED/OLB,"$37,059"
2080,nfl,2018,2081,Breon Borders,JAX,CB,"$32,647"
2081,nfl,2018,,Garrett Gilbert,CAR,QB,"$32,647"
2082,nfl,2018,,LaTroy Lewis,TEN,LB/ILB,"$32,647"
2083,nfl,2018,,Max McCaffrey,SF,WR,"$32,647"
2084,nfl,2018,,Hunter Sharp,CIN,WR,"$32,647"
2085,nfl,2018,,Brandon Thomas,JAX,G,"$32,647"
2086,nfl,2018,2087,Brandon Bryant,NYJ,CB,"$28,235"
2087,nfl,2018,,Alex Carter,WAS,S,"$28,235"
2088,nfl,2018,,Andre Chachere,DET,CB,"$28,235"
2089,nfl,2018,,Steven Dunbar,SF,WR,"$28,235"
2090,nfl,2018,,Malachi Dupre,ARI,WR,"$28,235"
2091,nfl,2018,,Dimitri Flowers,JAX,FB,"$28,235"
2092,nfl,2018,,Quinton Flowers,CIN,RB,"$28,235"
2093,nfl,2018,,J.P. Holtz,WAS,TE,"$28,235"
2094,nfl,2018,,Blake Jackson,CLE,WR,"$28,235"
2095,nfl,2018,,Dorian Johnson,CAR,G,"$28,235"
2096,nfl,2018,,J.J. Jones,NYJ,WR,"$28,235"
2097,nfl,2018,,Tanner Lee,JAX,QB,"$28,235"
2098,nfl,2018,,Mitchell Loewen,DET,TE,"$28,235"
2099,nfl,2018,,Matt McCrane,PIT,K,"$28,235"
2100,nfl,2018,,Steven Mitchell,HOU,WR,"$28,235"
2101,nfl,2018,,Kent Perkins,CIN,G,"$28,235"
2102,nfl,2018,,Horace Richardson,DEN,CB,"$28,235"
2103,nfl,2018,,Alonzo Russell,NYG,WR,"$28,235"
2104,nfl,2018,,Pasoni Tasini,ARI,DL/DE,"$28,235"
2105,nfl,2018,2106,Jimmy Williams,DEN,WR,"$3,333"
2106,nfl,2018,2107,Alex Thompson,BAL,C,"$1,000"
2107,nfl,2018,1,QB,,,20
2108,nfl,2018,2,OL,,,19
2109,nfl,2018,3,ED,,,16
2110,nfl,2018,4,WR,,,13
2111,nfl,2018,5,DL,,,11
2112,nfl,2018,6,CB,,,10
2113,nfl,2018,7,LB,,,5
2114,nfl,2018,8,S,,,4
2115,nfl,2018,9,TE,,,2
2116,nfl,2018,1,GB,,,6
2117,nfl,2018,2,CIN,,,5
2118,nfl,2018,3,MIN,,,5
2119,nfl,2018,4,TB,,,5
2120,nfl,2018,5,WAS,,,5
2121,nfl,2018,6,ATL,,,4
2122,nfl,2018,7,CLE,,,4
2123,nfl,2018,8,DEN,,,4
2124,nfl,2018,9,LAR,,,4
2125,nfl,2018,10,SEA,,,4
2126,nfl,2018,11,ARI,,,3
2127,nfl,2018,12,CAR,,,3
2128,nfl,2018,13,DAL,,,3
2129,nfl,2018,14,DET,,,3
2130,nfl,2018,15,HOU,,,3
2131,nfl,2018,16,IND,,,3
2132,nfl,2018,17,JAX,,,3
2133,nfl,2018,18,KC,,,3
2134,nfl,2018,19,LAC,,,3
2135,nfl,2018,20,NE,,,3
2136,nfl,2018,21,OAK,,,3
2137,nfl,2018,22,PHI,,,3
2138,nfl,2018,23,PIT,,,3
2139,nfl,2018,24,TEN,,,3
2140,nfl,2018,25,BAL,,,2
2141,nfl,2018,26,CHI,,,2
2142,nfl,2018,27,NO,,,2
2143,nfl,2018,28,NYG,,,2
2144,nfl,2018,29,SF,,,2
2145,nfl,2018,30,BUF,,,1
2146,nfl,2018,31,MIA,,,1
2147,nfl,2018,1,QB,,,20
2148,nfl,2018,2,OL,,,19
2149,nfl,2018,3,ED,,,16
2150,nfl,2018,4,WR,,,13
2151,nfl,2018,5,DL,,,11
2152,nfl,2018,6,CB,,,10
2153,nfl,2018,7,LB,,,5
2154,nfl,2018,8,S,,,4
2155,nfl,2018,9,TE,,,2
2156,nfl,2018,1,GB,,,6
2157,nfl,2018,2,CIN,,,5
2158,nfl,2018,3,MIN,,,5
2159,nfl,2018,4,TB,,,5
2160,nfl,2018,5,WAS,,,5
2161,nfl,2018,6,ATL,,,4
2162,nfl,2018,7,CLE,,,4
2163,nfl,2018,8,DEN,,,4
2164,nfl,2018,9,LAR,,,4
2165,nfl,2018,10,SEA,,,4
2166,nfl,2018,11,ARI,,,3
2167,nfl,2018,12,CAR,,,3
2168,nfl,2018,13,DAL,,,3
2169,nfl,2018,14,DET,,,3
2170,nfl,2018,15,HOU,,,3
2171,nfl,2018,16,IND,,,3
2172,nfl,2018,17,JAX,,,3
2173,nfl,2018,18,KC,,,3
2174,nfl,2018,19,LAC,,,3
2175,nfl,2018,20,NE,,,3
2176,nfl,2018,21,OAK,,,3
2177,nfl,2018,22,PHI,,,3
2178,nfl,2018,23,PIT,,,3
2179,nfl,2018,24,TEN,,,3
2180,nfl,2018,25,BAL,,,2
2181,nfl,2018,26,CHI,,,2
2182,nfl,2018,27,NO,,,2
2183,nfl,2018,28,NYG,,,2
2184,nfl,2018,29,SF,,,2
2185,nfl,2018,30,BUF,,,1
2186,nfl,2018,31,MIA,,,1
