,league,season,rank,player,team,position,salary
0,nfl,2020,1,Dak Prescott,DAL,QB,"$31,409,000"
1,nfl,2020,2,Russell Wilson,SEA,QB,"$31,000,000"
2,nfl,2020,3,Jared Goff,LAR,QB,"$28,842,682"
3,nfl,2020,4,Khalil Mack,CHI,ED/OLB,"$26,600,000"
4,nfl,2020,5,Jimmy Garoppolo,SF,QB,"$26,100,000"
5,nfl,2020,6,Von Miller,DEN,ED/OLB,"$25,625,000"
6,nfl,2020,7,Tom Brady,TB,QB,"$25,000,000"
7,nfl,2020,,Aaron Donald,LAR,DL/DT,"$25,000,000"
8,nfl,2020,,Philip Rivers,IND,QB,"$25,000,000"
9,nfl,2020,10,Ben Roethlisberger,PIT,QB,"$23,750,000"
10,nfl,2020,11,Drew Brees,NO,QB,"$23,650,000"
11,nfl,2020,12,Stephon Gilmore,NE,CB,"$23,639,584"
12,nfl,2020,13,DeForest Buckner,IND,DL/DT,"$23,378,000"
13,nfl,2020,14,Ryan Tannehill,TEN,QB,"$22,500,000"
14,nfl,2020,15,Aaron Rodgers,GB,QB,"$21,642,000"
15,nfl,2020,16,Trenton Brown,LV,RT,"$21,500,000"
16,nfl,2020,,Derek Carr,LV,QB,"$21,500,000"
17,nfl,2020,18,Alex Smith,WAS,QB,"$21,400,000"
18,nfl,2020,19,Jacoby Brissett,IND,QB,"$21,375,000"
19,nfl,2020,20,Chandler Jones,ARI,ED/OLB,"$21,333,333"
20,nfl,2020,21,Matthew Stafford,DET,QB,"$21,300,000"
21,nfl,2020,22,Kirk Cousins,MIN,QB,"$20,666,666"
22,nfl,2020,23,Julio Jones,ATL,WR,"$20,416,668"
23,nfl,2020,24,Kawann Short,CAR,DL/DE,"$19,464,000"
24,nfl,2020,25,Frank Clark,KC,ED/DE,"$19,300,000"
25,nfl,2020,26,Matt Ryan,ATL,QB,"$18,962,500"
26,nfl,2020,27,Carson Wentz,PHI,QB,"$18,656,536"
27,nfl,2020,28,A.J. Green,CIN,WR,"$18,171,000"
28,nfl,2020,29,Fletcher Cox,PHI,DL/DT,"$18,115,000"
29,nfl,2020,30,Taylor Lewan,TEN,LT,"$18,096,471"
30,nfl,2020,31,Tyreek Hill,KC,WR,"$17,740,000"
31,nfl,2020,32,Byron Jones,MIA,CB,"$17,600,000"
32,nfl,2020,33,Za'Darius Smith,GB,ED/OLB,"$17,250,000"
33,nfl,2020,34,Anthony Castonzo,IND,LT,"$17,000,000"
34,nfl,2020,35,Matt Judon,BAL,ED/OLB,"$16,808,000"
35,nfl,2020,36,Trey Flowers,DET,ED/DE,"$16,739,000"
36,nfl,2020,37,Melvin Ingram,LAC,ED/DE,"$16,625,000"
37,nfl,2020,38,Davante Adams,GB,WR,"$16,537,500"
38,nfl,2020,39,Tyrann Mathieu,KC,FS,"$16,333,333"
39,nfl,2020,40,David Bakhtiari,GB,LT,"$16,127,941"
40,nfl,2020,41,Leonard Williams,NYG,DL/DE,"$16,126,000"
41,nfl,2020,42,Sammy Watkins,KC,WR,"$15,875,000"
42,nfl,2020,43,Shaquil Barrett,TB,ED/OLB,"$15,828,000"
43,nfl,2020,,Bud Dupree,PIT,ED/OLB,"$15,828,000"
44,nfl,2020,45,J.J. Watt,HOU,DL/DE,"$15,500,000"
45,nfl,2020,46,Myles Jack,JAX,LB/ILB,"$15,400,000"
46,nfl,2020,47,Alshon Jeffery,PHI,WR,"$15,396,500"
47,nfl,2020,48,Ryan Kelly,IND,C,"$15,355,640"
48,nfl,2020,49,Eric Fisher,KC,LT,"$15,231,666"
49,nfl,2020,50,Brandon Scherff,WAS,G,"$15,030,000"
50,nfl,2020,51,Chris Jones,KC,DL/DT,"$15,001,000"
51,nfl,2020,52,Joey Bosa,LAC,ED/DE,"$15,000,000"
52,nfl,2020,,Marcus Peters,BAL,CB,"$15,000,000"
53,nfl,2020,,Allen Robinson,CHI,WR,"$15,000,000"
54,nfl,2020,55,Stephon Tuitt,PIT,DL/DE,"$14,940,750"
55,nfl,2020,56,Stefon Diggs,BUF,WR,"$14,800,000"
56,nfl,2020,57,Joe Thuney,NE,G,"$14,781,000"
57,nfl,2020,58,Bobby Wagner,SEA,LB/ILB,"$14,750,000"
58,nfl,2020,59,Jarvis Landry,CLE,WR,"$14,550,000"
59,nfl,2020,60,T.Y. Hilton,IND,WR,"$14,542,000"
60,nfl,2020,61,Donovan Smith,TB,LT,"$14,500,000"
61,nfl,2020,62,"Odell Beckham, Jr.",CLE,WR,"$14,250,000"
62,nfl,2020,63,Geno Atkins,CIN,DL/DT,"$14,100,000"
63,nfl,2020,,Laremy Tunsil,HOU,LT,"$14,100,000"
64,nfl,2020,65,Richard Sherman,SF,CB,"$13,987,500"
65,nfl,2020,66,Teddy Bridgewater,CAR,QB,"$13,953,125"
66,nfl,2020,67,Kareem Jackson,DEN,SS,"$13,882,353"
67,nfl,2020,68,Landon Collins,WAS,SS,"$13,825,000"
68,nfl,2020,69,Sheldon Richardson,CLE,DL/DT,"$13,666,666"
69,nfl,2020,70,Malcolm Butler,TEN,CB,"$13,600,000"
70,nfl,2020,71,Preston Smith,GB,ED/OLB,"$13,500,000"
71,nfl,2020,72,Xavien Howard,MIA,CB,"$13,325,000"
72,nfl,2020,73,Patrick Peterson,ARI,CB,"$13,184,588"
73,nfl,2020,74,Russell Okung,CAR,LT,"$13,031,250"
74,nfl,2020,75,Ronnie Stanley,BAL,LT,"$12,866,000"
75,nfl,2020,76,Jason Pierre-Paul,TB,ED/OLB,"$12,800,000"
76,nfl,2020,77,Adam Thielen,MIN,WR,"$12,793,750"
77,nfl,2020,78,Jadeveon Clowney,TEN,DL/DE,"$12,718,750"
78,nfl,2020,79,Anthony Barr,MIN,LB/OLB,"$12,700,000"
79,nfl,2020,80,Anthony Hitchens,KC,LB/ILB,"$12,692,500"
80,nfl,2020,81,Duane Brown,SEA,LT,"$12,562,500"
81,nfl,2020,82,Trent Williams,SF,LT,"$12,500,000"
82,nfl,2020,,Kevin Zeitler,NYG,G,"$12,500,000"
83,nfl,2020,84,Zach Ertz,PHI,TE,"$12,481,500"
84,nfl,2020,85,Tyler Lockett,SEA,WR,"$12,450,000"
85,nfl,2020,86,Rodger Saffold,TEN,G,"$12,343,750"
86,nfl,2020,87,Grady Jarrett,ATL,DL/DT,"$12,334,000"
87,nfl,2020,88,Amari Cooper,DAL,WR,"$12,000,000"
88,nfl,2020,,Whitney Mercilus,HOU,ED/OLB,"$12,000,000"
89,nfl,2020,,Andrew Norwell,JAX,G,"$12,000,000"
90,nfl,2020,91,Akiem Hicks,CHI,DL/DT,"$11,800,000"
91,nfl,2020,92,Larry Fitzgerald,ARI,WR,"$11,750,000"
92,nfl,2020,,Casey Hayward,LAC,CB,"$11,750,000"
93,nfl,2020,94,Tre'Davious White,BUF,CB,"$11,719,748"
94,nfl,2020,95,Ryan Kerrigan,WAS,DL/DE,"$11,687,500"
95,nfl,2020,96,Mitch Morse,BUF,C,"$11,562,500"
96,nfl,2020,97,Kyle Fuller,CHI,CB,"$11,500,000"
97,nfl,2020,98,Jurrell Casey,DEN,DL/DE,"$11,443,750"
98,nfl,2020,99,Anthony Harris,MIN,FS,"$11,441,000"
99,nfl,2020,,Justin Simmons,DEN,FS,"$11,441,000"
100,nfl,2020,101,Travis Kelce,KC,TE,"$11,218,400"
101,nfl,2020,102,Brandon Williams,BAL,DL/DT,"$11,174,000"
102,nfl,2020,103,Tyrell Williams,LV,WR,"$11,100,000"
103,nfl,2020,104,David Johnson,HOU,RB,"$11,062,500"
104,nfl,2020,105,Olivier Vernon,CLE,LB/OLB,"$11,000,000"
105,nfl,2020,106,Ezekiel Elliott,DAL,RB,"$10,900,000"
106,nfl,2020,,Kyle Van Noy,MIA,ED/OLB,"$10,900,000"
107,nfl,2020,108,Shaq Lawson,MIA,DL/DE,"$10,833,333"
108,nfl,2020,109,Mitchell Schwartz,KC,RT,"$10,820,000"
109,nfl,2020,110,Jake Matthews,ATL,LT,"$10,764,200"
110,nfl,2020,111,Lavonte David,TB,LB/ILB,"$10,750,000"
111,nfl,2020,,Harrison Smith,MIN,SS,"$10,750,000"
112,nfl,2020,113,Hunter Henry,LAC,TE,"$10,607,000"
113,nfl,2020,114,Alex Mack,ATL,C,"$10,550,000"
114,nfl,2020,115,Jordan Hicks,ARI,LB/ILB,"$10,500,000"
115,nfl,2020,,Corey Linsley,GB,C,"$10,500,000"
116,nfl,2020,117,Justin Pugh,ARI,G,"$10,421,875"
117,nfl,2020,118,Golden Tate,NYG,WR,"$10,352,942"
118,nfl,2020,119,Keenan Allen,LAC,WR,"$10,350,000"
119,nfl,2020,120,Deion Jones,ATL,LB/ILB,"$10,320,000"
120,nfl,2020,121,Lane Johnson,PHI,RT,"$10,298,206"
121,nfl,2020,122,Charles Leno,CHI,LT,"$10,294,000"
122,nfl,2020,123,Riley Reiff,MIN,LT,"$10,200,000"
123,nfl,2020,124,Will Fuller,HOU,WR,"$10,162,000"
124,nfl,2020,125,A.J. Bouye,DEN,CB,"$10,159,926"
125,nfl,2020,126,Myles Garrett,CLE,ED/DE,"$10,126,627"
126,nfl,2020,127,D.J. Reader,CIN,DL/DT,"$10,062,500"
127,nfl,2020,128,James Bradberry,NYG,CB,"$10,000,000"
128,nfl,2020,,Calais Campbell,BAL,DL/DE,"$10,000,000"
129,nfl,2020,,Ryan Jensen,TB,C,"$10,000,000"
130,nfl,2020,,Blake Martinez,NYG,LB/ILB,"$10,000,000"
131,nfl,2020,,C.J. Mosley,NYJ,LB/ILB,"$10,000,000"
132,nfl,2020,,Trae Waynes,CIN,CB,"$10,000,000"
133,nfl,2020,,K.J. Wright,SEA,LB/OLB,"$10,000,000"
134,nfl,2020,135,J.C. Tretter,CLE,C,"$9,975,000"
135,nfl,2020,136,Mario Addison,BUF,ED/DE,"$9,968,750"
136,nfl,2020,137,William Jackson,CIN,CB,"$9,954,000"
137,nfl,2020,138,DeMarcus Lawrence,DAL,ED/DE,"$9,900,000"
138,nfl,2020,139,Jamison Crowder,NYJ,WR,"$9,875,000"
139,nfl,2020,140,Deshaun Watson,HOU,QB,"$9,808,207"
140,nfl,2020,141,David DeCastro,PIT,G,"$9,797,500"
141,nfl,2020,142,Trent Murphy,BUF,ED/DE,"$9,775,000"
142,nfl,2020,143,Adam Humphries,TEN,WR,"$9,718,750"
143,nfl,2020,144,Adrian Amos,GB,FS,"$9,650,000"
144,nfl,2020,145,Joe Haden,PIT,CB,"$9,625,000"
145,nfl,2020,146,Gabe Jackson,LV,G,"$9,600,000"
146,nfl,2020,147,John Brown,BUF,WR,"$9,531,250"
147,nfl,2020,148,Jerry Hughes,BUF,ED/DE,"$9,500,000"
148,nfl,2020,149,Jarran Reed,SEA,DL/DT,"$9,350,000"
149,nfl,2020,150,Mitchell Trubisky,CHI,QB,"$9,327,591"
150,nfl,2020,151,Cameron Heyward,PIT,DL/DT,"$9,301,250"
151,nfl,2020,152,Rob Gronkowski,TB,TE,"$9,250,000"
152,nfl,2020,153,LaMarcus Joyner,LV,FS,"$9,200,000"
153,nfl,2020,154,Marvin Jones,DET,WR,"$9,183,334"
154,nfl,2020,155,Tyler Higbee,LAR,TE,"$9,125,000"
155,nfl,2020,,Marcus Mariota,LV,QB,"$9,125,000"
156,nfl,2020,157,Julian Edelman,NE,WR,"$9,104,167"
157,nfl,2020,158,Tyrone Crawford,DAL,ED/DE,"$9,100,000"
158,nfl,2020,159,Cameron Jordan,NO,ED/DE,"$9,097,000"
159,nfl,2020,160,Justin Coleman,DET,CB,"$9,029,000"
160,nfl,2020,161,Baker Mayfield,CLE,QB,"$9,003,540"
161,nfl,2020,162,Joel Bitonio,CLE,G,"$9,000,000"
162,nfl,2020,,Jared Cook,NO,TE,"$9,000,000"
163,nfl,2020,,Ereck Flowers,MIA,G,"$9,000,000"
164,nfl,2020,,Justin Houston,IND,ED/DE,"$9,000,000"
165,nfl,2020,166,Kyle Rudolph,MIN,TE,"$8,825,000"
166,nfl,2020,167,Matt Paradis,CAR,C,"$8,800,000"
167,nfl,2020,168,Trai Turner,LAC,G,"$8,781,250"
168,nfl,2020,169,Nick Martin,HOU,C,"$8,750,000"
169,nfl,2020,170,Solomon Thomas,SF,DL/DT,"$8,739,388"
170,nfl,2020,171,Morgan Moses,WAS,RT,"$8,650,000"
171,nfl,2020,172,DeSean Jackson,PHI,WR,"$8,609,000"
172,nfl,2020,173,Saquon Barkley,NYG,RB,"$8,597,659"
173,nfl,2020,174,Shaq Mason,NE,G,"$8,587,500"
174,nfl,2020,175,Danielle Hunter,MIN,ED/DE,"$8,500,000"
175,nfl,2020,,Sterling Shepard,NYG,WR,"$8,500,000"
176,nfl,2020,177,Kenyan Drake,ARI,RB,"$8,483,000"
177,nfl,2020,178,Jack Doyle,IND,TE,"$8,437,500"
178,nfl,2020,179,Alejandro Villanueva,PIT,LT,"$8,390,000"
179,nfl,2020,180,Mike Evans,TB,WR,"$8,387,500"
180,nfl,2020,181,Robert Woods,LAR,WR,"$8,375,000"
181,nfl,2020,182,Taylor Decker,DET,LT,"$8,350,000"
182,nfl,2020,183,Sam Darnold,NYJ,QB,"$8,339,374"
183,nfl,2020,184,DaQuan Jones,TEN,DL/DT,"$8,333,334"
184,nfl,2020,185,Henry Anderson,NYJ,DL/DE,"$8,333,333"
185,nfl,2020,186,Terron Armstead,NO,LT,"$8,325,000"
186,nfl,2020,187,Bobby Massie,CHI,RT,"$8,300,000"
187,nfl,2020,188,Corey Davis,TEN,WR,"$8,170,137"
188,nfl,2020,189,Dion Dawkins,BUF,LT,"$8,166,030"
189,nfl,2020,190,Billy Turner,GB,G,"$8,081,250"
190,nfl,2020,191,Kyler Murray,ARI,QB,"$8,080,601"
191,nfl,2020,192,Tyler Boyd,CIN,WR,"$8,050,000"
192,nfl,2020,,Logan Ryan,NYG,CB,"$8,050,000"
193,nfl,2020,194,Denzel Ward,CLE,CB,"$8,044,188"
194,nfl,2020,195,Robbie Chosen,CAR,WR,"$8,000,000"
195,nfl,2020,,Jack Conklin,CLE,RT,"$8,000,000"
196,nfl,2020,,Brandin Cooks,HOU,WR,"$8,000,000"
197,nfl,2020,,Ryan Fitzpatrick,MIA,QB,"$8,000,000"
198,nfl,2020,,Jordan Poyer,BUF,SS,"$8,000,000"
199,nfl,2020,,Ndamukong Suh,TB,DL/DT,"$8,000,000"
200,nfl,2020,201,Christian McCaffrey,CAR,RB,"$7,794,782"
201,nfl,2020,202,Brandon Brooks,PHI,G,"$7,790,632"
202,nfl,2020,203,Jaylon Smith,DAL,LB/ILB,"$7,771,000"
203,nfl,2020,204,Marlon Humphrey,BAL,CB,"$7,769,653"
204,nfl,2020,205,Carl Nassib,LV,ED/DE,"$7,750,000"
205,nfl,2020,206,Bradley Roby,HOU,CB,"$7,726,102"
206,nfl,2020,207,D.J. Hayden,JAX,CB,"$7,666,668"
207,nfl,2020,208,Darren Waller,LV,TE,"$7,630,000"
208,nfl,2020,209,Brandon Linder,JAX,C,"$7,562,500"
209,nfl,2020,210,Bradley Chubb,DEN,ED/OLB,"$7,527,611"
210,nfl,2020,211,Maurkice Pouncey,PIT,C,"$7,525,000"
211,nfl,2020,212,Denzel Perryman,LAC,LB/ILB,"$7,512,500"
212,nfl,2020,213,Garett Bolles,DEN,LT,"$7,510,154"
213,nfl,2020,214,Robert Alford,ARI,CB,"$7,500,000"
214,nfl,2020,,Emmanuel Ogbah,MIA,DL/DE,"$7,500,000"
215,nfl,2020,,Tyrod Taylor,LAC,QB,"$7,500,000"
216,nfl,2020,217,Nick Bosa,SF,ED/DE,"$7,494,836"
217,nfl,2020,218,Quinnen Williams,NYJ,DL/DE,"$7,453,629"
218,nfl,2020,219,Jason Kelce,PHI,C,"$7,414,000"
219,nfl,2020,220,Ricardo Allen,ATL,FS,"$7,375,000"
220,nfl,2020,221,Vernon Butler,BUF,DL/DT,"$7,368,750"
221,nfl,2020,222,Connor McGovern,NYJ,C,"$7,333,333"
222,nfl,2020,223,Mike Pouncey,LAC,C,"$7,250,000"
223,nfl,2020,224,George Fant,NYJ,LT,"$7,225,000"
224,nfl,2020,225,Shaq Thompson,CAR,LB/ILB,"$7,200,000"
225,nfl,2020,226,Desmond Trufant,DET,CB,"$7,187,500"
226,nfl,2020,227,Clelin Ferrell,LV,ED/DE,"$7,127,458"
227,nfl,2020,228,Steven Nelson,PIT,CB,"$7,080,000"
228,nfl,2020,229,Cole Beasley,BUF,WR,"$7,068,750"
229,nfl,2020,230,Vince Williams,PIT,LB/ILB,"$7,031,666"
230,nfl,2020,231,Melvin Gordon,DEN,RB,"$7,000,000"
231,nfl,2020,,DeAndre Hopkins,ARI,WR,"$7,000,000"
232,nfl,2020,,Quinton Jefferson,BUF,DL/DT,"$7,000,000"
233,nfl,2020,,Nick Kwiatkoski,LV,LB/OLB,"$7,000,000"
234,nfl,2020,,Michael Thomas,NO,WR,"$7,000,000"
235,nfl,2020,236,Benardrick McKinney,HOU,LB/ILB,"$6,937,500"
236,nfl,2020,237,Zack Martin,DAL,G,"$6,928,000"
237,nfl,2020,238,Greg Olsen,SEA,TE,"$6,906,250"
238,nfl,2020,239,Mark Glowinski,IND,G,"$6,900,000"
239,nfl,2020,,Ali Marpet,TB,G,"$6,900,000"
240,nfl,2020,241,Nick Boyle,BAL,TE,"$6,833,333"
241,nfl,2020,242,Bobby Hart,CIN,RT,"$6,787,500"
242,nfl,2020,243,Devin White,TB,LB/ILB,"$6,752,685"
243,nfl,2020,244,Kyle Juszczyk,SF,FB,"$6,700,000"
244,nfl,2020,245,Kenny Clark,GB,DL/DT,"$6,690,000"
245,nfl,2020,246,Micah Hyde,BUF,FS,"$6,668,750"
246,nfl,2020,247,Leonard Floyd,LAR,LB/ILB,"$6,666,666"
247,nfl,2020,,Nick Foles,CHI,QB,"$6,666,666"
248,nfl,2020,,Dante Fowler Jr.,ATL,ED/DE,"$6,666,666"
249,nfl,2020,,Andrew Whitworth,LAR,LT,"$6,666,666"
250,nfl,2020,251,Kenny Vaccaro,TEN,SS,"$6,656,250"
251,nfl,2020,252,Quenton Nelson,IND,G,"$6,605,157"
252,nfl,2020,253,Joe Burrow,CIN,QB,"$6,505,903"
253,nfl,2020,254,Chris Harris,LAC,CB,"$6,500,000"
254,nfl,2020,255,Keanu Neal,ATL,SS,"$6,466,000"
255,nfl,2020,256,Breshad Perriman,NYJ,WR,"$6,437,500"
256,nfl,2020,257,Tyron Smith,DAL,LT,"$6,425,000"
257,nfl,2020,258,J.R. Sweezy,ARI,G,"$6,406,250"
258,nfl,2020,259,Mike Williams,LAC,WR,"$6,374,086"
259,nfl,2020,260,Jamie Collins,DET,LB/OLB,"$6,333,333"
260,nfl,2020,261,Tavon Young,BAL,CB,"$6,324,000"
261,nfl,2020,262,A.J. Cann,JAX,G,"$6,292,708"
262,nfl,2020,263,Brandon Graham,PHI,ED/DE,"$6,288,000"
263,nfl,2020,264,Chase Young,WAS,DL/DE,"$6,284,290"
264,nfl,2020,265,Jaquiski Tartt,SF,SS,"$6,275,000"
265,nfl,2020,266,Maliek Collins,LV,DL/DT,"$6,250,000"
266,nfl,2020,,Ben Jones,TEN,C,"$6,250,000"
267,nfl,2020,268,Rob Havenstein,LAR,RT,"$6,240,000"
268,nfl,2020,,Bobby McCain,MIA,FS,"$6,240,000"
269,nfl,2020,270,Bryce Callahan,DEN,CB,"$6,239,583"
270,nfl,2020,271,Jalen Ramsey,LAR,CB,"$6,203,000"
271,nfl,2020,272,Richie Incognito,LV,G,"$6,125,000"
272,nfl,2020,273,Robert Quinn,CHI,ED/OLB,"$6,100,000"
273,nfl,2020,274,Jeff Okudah,DET,CB,"$6,059,035"
274,nfl,2020,275,DeVante Parker,MIA,WR,"$6,037,500"
275,nfl,2020,,Buster Skrine,CHI,CB,"$6,037,500"
276,nfl,2020,277,Jonathan Jones,NE,CB,"$6,018,750"
277,nfl,2020,278,Matthew Ioannidis,WAS,DL/DT,"$6,006,250"
278,nfl,2020,279,Arik Armstead,SF,ED/DE,"$6,000,000"
279,nfl,2020,,Jimmy Graham,CHI,TE,"$6,000,000"
280,nfl,2020,,Derrick Henry,TEN,RB,"$6,000,000"
281,nfl,2020,,A.J. Klein,BUF,LB/OLB,"$6,000,000"
282,nfl,2020,,Kenny Moore,IND,CB,"$6,000,000"
283,nfl,2020,284,Randall Cobb,HOU,WR,"$5,984,370"
284,nfl,2020,285,Malcom Brown,NO,DL/DT,"$5,943,750"
285,nfl,2020,286,Daniel Jones,NYG,QB,"$5,922,740"
286,nfl,2020,287,C.J. Uzomah,CIN,TE,"$5,883,333"
287,nfl,2020,288,Andrew Thomas,NYG,RT,"$5,881,016"
288,nfl,2020,289,Nick Easton,NO,C,"$5,875,000"
289,nfl,2020,,Johnathan Hankins,LV,DL/DT,"$5,875,000"
290,nfl,2020,291,Josh Allen,BUF,QB,"$5,867,191"
291,nfl,2020,292,Lawrence Guy,NE,ED/DE,"$5,866,668"
292,nfl,2020,293,Dee Ford,SF,ED/DE,"$5,841,875"
293,nfl,2020,294,Zach Cunningham,HOU,LB/ILB,"$5,822,829"
294,nfl,2020,295,Josh Norman,BUF,CB,"$5,812,500"
295,nfl,2020,296,George Kittle,SF,TE,"$5,807,574"
296,nfl,2020,297,Demario Davis,NO,LB/OLB,"$5,800,000"
297,nfl,2020,298,Weston Richburg,SF,C,"$5,775,124"
298,nfl,2020,299,Cordarrelle Patterson,CHI,WR,"$5,750,000"
299,nfl,2020,300,D.J. Humphries,ARI,LT,"$5,740,000"
300,nfl,2020,301,Denico Autry,IND,DL/DT,"$5,706,250"
301,nfl,2020,302,Nate Solder,NYG,LT,"$5,600,000"
302,nfl,2020,303,Graham Glasgow,DEN,G,"$5,593,750"
303,nfl,2020,304,Chris Hubbard,CLE,LT,"$5,587,500"
304,nfl,2020,305,Trey Hopkins,CIN,C,"$5,562,500"
305,nfl,2020,306,Jason McCourty,NE,CB,"$5,550,000"
306,nfl,2020,307,Tua Tagovailoa,MIA,QB,"$5,504,625"
307,nfl,2020,308,Todd Gurley,ATL,RB,"$5,500,000"
308,nfl,2020,,Linval Joseph,LAC,DL/DT,"$5,500,000"
309,nfl,2020,310,Carlos Dunlap,SEA,ED/DE,"$5,468,750"
310,nfl,2020,311,Eric Kendricks,MIN,LB/ILB,"$5,467,500"
311,nfl,2020,312,John Ross,CIN,WR,"$5,445,956"
312,nfl,2020,313,Tyler Kroft,BUF,TE,"$5,412,500"
313,nfl,2020,314,Willie Snead,BAL,WR,"$5,412,059"
314,nfl,2020,315,Devin McCourty,NE,FS,"$5,400,000"
315,nfl,2020,,Joe Schobert,JAX,LB/ILB,"$5,400,000"
316,nfl,2020,,Halapoulivaati Vaitai,DET,RT,"$5,400,000"
317,nfl,2020,318,Damien Wilson,KC,LB/OLB,"$5,375,000"
318,nfl,2020,319,Patrick Mahomes,KC,QB,"$5,346,508"
319,nfl,2020,320,Mark Ingram,BAL,RB,"$5,333,333"
320,nfl,2020,321,Jesse James,DET,TE,"$5,279,000"
321,nfl,2020,322,Rodney Hudson,LV,C,"$5,237,000"
322,nfl,2020,323,Quandre Diggs,SEA,FS,"$5,200,000"
323,nfl,2020,,Dean Lowry,GB,DL/DE,"$5,200,000"
324,nfl,2020,,Ty Nsekhe,BUF,LT,"$5,200,000"
325,nfl,2020,326,Yannick Ngakoue,BAL,DL/DE,"$5,176,470"
326,nfl,2020,327,Joshua Hines-Allen,JAX,ED/DE,"$5,168,781"
327,nfl,2020,328,James Carpenter,ATL,G,"$5,161,458"
328,nfl,2020,329,Roquan Smith,CHI,LB/ILB,"$5,129,227"
329,nfl,2020,330,Justin Tucker,BAL,K,"$5,100,000"
330,nfl,2020,331,Mike McGlinchey,SF,RT,"$5,092,302"
331,nfl,2020,332,Shamar Stephen,MIN,DL/DT,"$5,033,333"
332,nfl,2020,333,Vonn Bell,CIN,FS,"$5,000,000"
333,nfl,2020,,Austin Ekeler,LAC,RB,"$5,000,000"
334,nfl,2020,,Ricky Wagner,GB,RT,"$5,000,000"
335,nfl,2020,336,Robbie Gould,SF,K,"$4,972,059"
336,nfl,2020,337,Danny Amendola,DET,WR,"$4,968,750"
337,nfl,2020,338,La'el Collins,DAL,RT,"$4,950,000"
338,nfl,2020,339,Alex Okafor,KC,ED/DE,"$4,941,250"
339,nfl,2020,340,Brian Poole,NYJ,CB,"$4,937,500"
340,nfl,2020,341,Marshon Lattimore,NO,CB,"$4,887,136"
341,nfl,2020,342,Shawn Williams,CIN,SS,"$4,885,000"
342,nfl,2020,343,Tevin Coleman,SF,RB,"$4,868,750"
343,nfl,2020,344,Jesse Davis,MIA,RT,"$4,855,000"
344,nfl,2020,345,Taysom Hill,NO,QB,"$4,841,000"
345,nfl,2020,346,Bryan Bulaga,LAC,LT,"$4,833,333"
346,nfl,2020,347,Justin Herbert,LAC,QB,"$4,832,501"
347,nfl,2020,348,Giovani Bernard,CIN,RB,"$4,766,666"
348,nfl,2020,349,Ka'imi Fairbairn,HOU,K,"$4,750,000"
349,nfl,2020,,William Gholston,TB,DL/DE,"$4,750,000"
350,nfl,2020,,Brandon McManus,DEN,K,"$4,750,000"
351,nfl,2020,,Daniel Sorensen,KC,FS,"$4,750,000"
352,nfl,2020,,Jason Witten,LV,TE,"$4,750,000"
353,nfl,2020,354,Kevin Byard,TEN,FS,"$4,748,000"
354,nfl,2020,355,Johnny Hekker,LAR,P,"$4,687,000"
355,nfl,2020,356,Malik Jackson,PHI,DL/DT,"$4,661,000"
356,nfl,2020,357,Bruce Irvin,SEA,ED/DE,"$4,625,000"
357,nfl,2020,358,Dalvin Cook,MIN,RB,"$4,616,426"
358,nfl,2020,359,Kyler Fackrell,NYG,ED/OLB,"$4,600,000"
359,nfl,2020,,Emmanuel Sanders,NO,WR,"$4,600,000"
360,nfl,2020,361,T.J. Hockenson,DET,TE,"$4,594,824"
361,nfl,2020,362,James White,NE,RB,"$4,593,750"
362,nfl,2020,363,Stephen Weatherly,CAR,DL/DE,"$4,506,250"
363,nfl,2020,364,Duron Harmon,DET,SS,"$4,500,000"
364,nfl,2020,,Sean Lee,DAL,LB/OLB,"$4,500,000"
365,nfl,2020,366,Laken Tomlinson,SF,G,"$4,476,352"
366,nfl,2020,367,Ed Oliver,BUF,DL/DT,"$4,471,626"
367,nfl,2020,368,Troy Hill,LAR,CB,"$4,443,750"
368,nfl,2020,369,Jon Feliciano,BUF,G,"$4,400,000"
369,nfl,2020,370,Eric Murray,HOU,SS,"$4,390,625"
370,nfl,2020,371,Jakeem Grant,MIA,WR,"$4,380,000"
371,nfl,2020,372,Allen Bailey,ATL,ED/DE,"$4,375,000"
372,nfl,2020,373,Thomas Morstead,NO,P,"$4,300,000"
373,nfl,2020,,Darius Slay,PHI,CB,"$4,300,000"
374,nfl,2020,,Nick Williams,DET,DL/DT,"$4,300,000"
375,nfl,2020,376,Derrick Brown,CAR,DL/DT,"$4,294,801"
376,nfl,2020,377,Devin Bush,PIT,LB/ILB,"$4,289,038"
377,nfl,2020,378,Haason Reddick,ARI,LB/ILB,"$4,288,444"
378,nfl,2020,379,Cameron Brate,TB,TE,"$4,250,000"
379,nfl,2020,,Zach Fulton,HOU,G,"$4,250,000"
380,nfl,2020,381,Corey Peters,ARI,DL/DE,"$4,218,750"
381,nfl,2020,382,Wil Lutz,NO,K,"$4,200,000"
382,nfl,2020,,Cody Whitehair,CHI,C,"$4,200,000"
383,nfl,2020,384,Danny Trevathan,CHI,LB/ILB,"$4,168,750"
384,nfl,2020,385,Alex Lewis,NYJ,G,"$4,158,333"
385,nfl,2020,386,Tre Boston,CAR,FS,"$4,126,667"
386,nfl,2020,387,Kendall Fuller,WAS,CB,"$4,125,000"
387,nfl,2020,,Christian Kirksey,GB,LB/ILB,"$4,125,000"
388,nfl,2020,389,Eric Rowe,MIA,SS,"$4,100,000"
389,nfl,2020,390,Derek Barnett,PHI,ED/DE,"$4,088,882"
390,nfl,2020,391,Romeo Okwara,DET,ED/DE,"$4,076,666"
391,nfl,2020,392,Alvin Kamara,NO,RB,"$4,076,193"
392,nfl,2020,393,Bradley McDougald,NYJ,SS,"$4,068,750"
393,nfl,2020,394,Janoris Jenkins,NO,CB,"$4,050,000"
394,nfl,2020,,Latavius Murray,NO,RB,"$4,050,000"
395,nfl,2020,,Jason Peters,PHI,LT,"$4,050,000"
396,nfl,2020,397,Vita Vea,TB,DL/DT,"$4,042,974"
397,nfl,2020,398,Malik Hooker,IND,FS,"$4,009,063"
398,nfl,2020,399,Kareem Hunt,CLE,RB,"$4,009,000"
399,nfl,2020,400,Jonah Williams,CIN,LT,"$4,006,856"
400,nfl,2020,401,Mason Crosby,GB,K,"$4,000,000"
401,nfl,2020,,Austin Hooper,CLE,TE,"$4,000,000"
402,nfl,2020,,Abry Jones,JAX,DL/DT,"$4,000,000"
403,nfl,2020,,A.J. McCarron,HOU,QB,"$4,000,000"
404,nfl,2020,,Jalen Mills,PHI,SS,"$4,000,000"
405,nfl,2020,,Jordan Phillips,ARI,DL/DT,"$4,000,000"
406,nfl,2020,407,Duke Johnson,HOU,RB,"$3,975,000"
407,nfl,2020,408,John Miller,CAR,G,"$3,970,000"
408,nfl,2020,409,Chase Roullier,WAS,C,"$3,969,792"
409,nfl,2020,410,Mackensie Alexander,CIN,CB,"$3,953,125"
410,nfl,2020,411,Jordan Jenkins,NYJ,ED/OLB,"$3,937,500"
411,nfl,2020,,Josh Lambo,JAX,K,"$3,937,500"
412,nfl,2020,,Jimmie Ward,SF,FS,"$3,937,500"
413,nfl,2020,414,Daron Payne,WAS,DL/DT,"$3,932,280"
414,nfl,2020,415,Austin Blythe,LAR,G,"$3,900,000"
415,nfl,2020,,Matt Prater,DET,K,"$3,900,000"
416,nfl,2020,417,Joe Mixon,CIN,RB,"$3,850,943"
417,nfl,2020,418,Michael Brockers,LAR,DL/DE,"$3,833,333"
418,nfl,2020,419,Vance McDonald,PIT,TE,"$3,827,500"
419,nfl,2020,420,Malcolm Jenkins,NO,FS,"$3,800,000"
420,nfl,2020,421,Budda Baker,ARI,S,"$3,776,820"
421,nfl,2020,422,Austin Reiter,KC,C,"$3,758,334"
422,nfl,2020,423,Isaiah Simmons,ARI,LB/ILB,"$3,757,101"
423,nfl,2020,424,Thomas Davis,WAS,LB/ILB,"$3,750,000"
424,nfl,2020,,Eddie Goldman,CHI,DL/DT,"$3,750,000"
425,nfl,2020,,Xavier Rhodes,IND,CB,"$3,750,000"
426,nfl,2020,,Jimmy Smith,BAL,CB,"$3,750,000"
427,nfl,2020,428,Marcus Davenport,NO,ED/DE,"$3,747,789"
428,nfl,2020,429,Chris Conley,JAX,WR,"$3,745,000"
429,nfl,2020,430,C.J. Henderson,JAX,CB,"$3,730,186"
430,nfl,2020,431,Eddie Jackson,CHI,FS,"$3,716,450"
431,nfl,2020,432,Sheldon Rankins,NO,DL/DT,"$3,690,000"
432,nfl,2020,433,Jonathan Allen,WAS,DL/DT,"$3,689,756"
433,nfl,2020,434,Kolton Miller,LV,LT,"$3,673,997"
434,nfl,2020,435,Terrance Mitchell,CLE,CB,"$3,666,668"
435,nfl,2020,436,Cory Littleton,LV,LB/ILB,"$3,665,500"
436,nfl,2020,437,Markus Golden,ARI,ED/OLB,"$3,651,319"
437,nfl,2020,438,Tyson Alualu,PIT,DL/DE,"$3,625,000"
438,nfl,2020,,Jalen Richard,LV,RB,"$3,625,000"
439,nfl,2020,440,Rodney Gunter,JAX,DL/DT,"$3,619,792"
440,nfl,2020,441,Rashan Gary,GB,ED/OLB,"$3,608,480"
441,nfl,2020,442,Jeff Heath,LV,SS,"$3,600,000"
442,nfl,2020,,Jason Myers,SEA,K,"$3,600,000"
443,nfl,2020,,Andrus Peat,NO,G,"$3,600,000"
444,nfl,2020,445,Jamal Adams,SEA,SS,"$3,590,292"
445,nfl,2020,446,Adoree' Jackson,TEN,CB,"$3,589,977"
446,nfl,2020,447,Dennis Kelly,TEN,RT,"$3,583,333"
447,nfl,2020,448,Jedrick Wills,CLE,LT,"$3,582,348"
448,nfl,2020,449,David Mayo,NYG,LB/ILB,"$3,550,000"
449,nfl,2020,450,O.J. Howard,TB,TE,"$3,530,107"
450,nfl,2020,451,Christian Wilkins,MIA,DL/DT,"$3,508,886"
451,nfl,2020,452,Eric Ebron,PIT,TE,"$3,500,000"
452,nfl,2020,,Darren Fells,HOU,TE,"$3,500,000"
453,nfl,2020,,Virgil Green,LAC,TE,"$3,500,000"
454,nfl,2020,,Kevin Johnson,CLE,CB,"$3,500,000"
455,nfl,2020,,David Onyemata,NO,DL/DT,"$3,500,000"
456,nfl,2020,457,Jarrad Davis,DET,LB/ILB,"$3,490,197"
457,nfl,2020,458,Grover Stewart,IND,DL/DT,"$3,487,912"
458,nfl,2020,459,Tremaine Edmunds,BUF,LB/ILB,"$3,452,603"
459,nfl,2020,460,Everson Griffen,DET,ED/DE,"$3,452,205"
460,nfl,2020,461,Javon Hargrave,PHI,DL/DT,"$3,450,000"
461,nfl,2020,,Tyler Matakevich,BUF,LB/ILB,"$3,450,000"
462,nfl,2020,463,Mike Purcell,DEN,DL/DE,"$3,446,500"
463,nfl,2020,464,Cameron Fleming,NYG,RT,"$3,437,500"
464,nfl,2020,465,Quinton Dunbar,SEA,CB,"$3,421,875"
465,nfl,2020,466,Chuck Clark,BAL,SS,"$3,418,705"
466,nfl,2020,467,Evan Engram,NYG,TE,"$3,410,371"
467,nfl,2020,468,Brandon Dunn,HOU,DL/DE,"$3,406,250"
468,nfl,2020,,Greg Van Roten,NYJ,RT,"$3,406,250"
469,nfl,2020,470,David Andrews,NE,C,"$3,400,000"
470,nfl,2020,,Brandon Shell,SEA,RT,"$3,400,000"
471,nfl,2020,472,Derwin James,LAC,S,"$3,378,806"
472,nfl,2020,473,Cooper Kupp,LAR,WR,"$3,371,690"
473,nfl,2020,474,Mekhi Becton,NYJ,LT,"$3,353,827"
474,nfl,2020,475,Patrick Robinson,NO,CB,"$3,350,000"
475,nfl,2020,476,Chris Lindstrom,ATL,G,"$3,340,822"
476,nfl,2020,477,Raheem Mostert,SF,RB,"$3,333,333"
477,nfl,2020,478,Dustin Hopkins,WAS,K,"$3,300,358"
478,nfl,2020,479,Brett Kern,TEN,P,"$3,300,000"
479,nfl,2020,480,Tyler Eifert,JAX,TE,"$3,296,875"
480,nfl,2020,481,Jaire Alexander,GB,CB,"$3,286,563"
481,nfl,2020,482,Maxx Williams,ARI,TE,"$3,268,750"
482,nfl,2020,483,Kendrick Bourne,SF,WR,"$3,259,000"
483,nfl,2020,,Matt Breida,MIA,RB,"$3,259,000"
484,nfl,2020,,Adam Butler,NE,DL/DT,"$3,259,000"
485,nfl,2020,,Keelan Cole,JAX,WR,"$3,259,000"
486,nfl,2020,,Michael Davis,LAC,CB,"$3,259,000"
487,nfl,2020,,Matt Feiler,PIT,RT,"$3,259,000"
488,nfl,2020,,Zane Gonzalez,ARI,K,"$3,259,000"
489,nfl,2020,,Mike Hilton,PIT,CB,"$3,259,000"
490,nfl,2020,,Jacob Hollister,SEA,TE,"$3,259,000"
491,nfl,2020,,Nicholas Morrow,LV,LB/OLB,"$3,259,000"
492,nfl,2020,,Roy Robertson-Harris,CHI,DL/DT,"$3,259,000"
493,nfl,2020,,Elijah Wilkinson,DEN,G,"$3,259,000"
494,nfl,2020,,Eric Wilson,MIN,LB/OLB,"$3,259,000"
495,nfl,2020,496,Anthony Brown,DAL,CB,"$3,250,000"
496,nfl,2020,,Clayton Fejedelem,MIA,SS,"$3,250,000"
497,nfl,2020,,Erik Harris,LV,SS,"$3,250,000"
498,nfl,2020,,Shelby Harris,DEN,DL/DE,"$3,250,000"
499,nfl,2020,,Blake Jarwin,DAL,TE,"$3,250,000"
500,nfl,2020,,Lee Smith,BUF,TE,"$3,250,000"
501,nfl,2020,,Levine Toilolo,NYG,TE,"$3,250,000"
502,nfl,2020,503,Leighton Vander Esch,DAL,LB/OLB,"$3,231,213"
503,nfl,2020,504,Frank Ragnow,DET,C,"$3,212,765"
504,nfl,2020,505,Harrison Butker,KC,K,"$3,195,000"
505,nfl,2020,506,Billy Price,CIN,C,"$3,194,315"
506,nfl,2020,507,K'Waun Williams,SF,CB,"$3,184,375"
507,nfl,2020,508,Ryan Griffin,NYJ,TE,"$3,160,073"
508,nfl,2020,509,Rashaan Evans,TEN,LB/ILB,"$3,157,416"
509,nfl,2020,510,Isaiah Wynn,NE,LT,"$3,120,519"
510,nfl,2020,511,Jarrod Wilson,JAX,FS,"$3,083,333"
511,nfl,2020,512,Brian Burns,CAR,ED/OLB,"$3,077,314"
512,nfl,2020,513,Kevin Huber,CIN,P,"$3,050,000"
513,nfl,2020,514,D.J. Moore,CAR,WR,"$3,046,722"
514,nfl,2020,515,Tarik Cohen,CHI,RB,"$3,041,916"
515,nfl,2020,516,Henry Ruggs,LV,WR,"$3,031,205"
516,nfl,2020,517,David Njoku,CLE,TE,"$3,030,714"
517,nfl,2020,518,Benson Mayowa,SEA,ED/DE,"$3,018,750"
518,nfl,2020,519,Dexter Lawrence,NYG,DL/DE,"$3,010,918"
519,nfl,2020,520,Andy Dalton,DAL,QB,"$3,000,000"
520,nfl,2020,,Mike Davis,CAR,RB,"$3,000,000"
521,nfl,2020,,Graham Gano,NYG,K,"$3,000,000"
522,nfl,2020,,Kamu Grugier-Hill,MIA,LB/ILB,"$3,000,000"
523,nfl,2020,,Ted Karras,MIA,C,"$3,000,000"
524,nfl,2020,,Nick Vigil,LAC,LB/OLB,"$3,000,000"
525,nfl,2020,,Brian Winters,BUF,G,"$3,000,000"
526,nfl,2020,,Derek Wolfe,BAL,DL/DT,"$3,000,000"
527,nfl,2020,528,Patrick Ricard,BAL,FB,"$2,983,333"
528,nfl,2020,529,Calvin Ridley,ATL,WR,"$2,972,921"
529,nfl,2020,530,Juston Burris,CAR,SS,"$2,958,424"
530,nfl,2020,531,Kevin Pierre-Louis,WAS,ED/OLB,"$2,956,250"
531,nfl,2020,532,Tristan Wirfs,TB,T,"$2,950,550"
532,nfl,2020,533,T.J. Watt,PIT,ED/OLB,"$2,945,908"
533,nfl,2020,534,Rashaad Penny,SEA,RB,"$2,936,028"
534,nfl,2020,535,Garrett Bradbury,MIN,C,"$2,927,925"
535,nfl,2020,536,Rex Burkhead,NE,RB,"$2,925,000"
536,nfl,2020,537,Terrell Edmunds,PIT,SS,"$2,917,578"
537,nfl,2020,538,Jerick McKinnon,SF,RB,"$2,910,000"
538,nfl,2020,539,Jeffery Simmons,TEN,DL/DE,"$2,878,126"
539,nfl,2020,540,Noah Fant,DEN,TE,"$2,861,528"
540,nfl,2020,541,Jameis Winston,NO,QB,"$2,860,000"
541,nfl,2020,542,Darnell Savage,GB,SS,"$2,844,929"
542,nfl,2020,543,Case Keenum,CLE,QB,"$2,833,333"
543,nfl,2020,544,Ryan Ramczyk,NO,RT,"$2,829,131"
544,nfl,2020,545,Javon Kinlaw,SF,DL/DT,"$2,816,126"
545,nfl,2020,546,Josh Hill,NO,TE,"$2,813,750"
546,nfl,2020,547,Ronald Darby,WAS,CB,"$2,812,500"
547,nfl,2020,548,Andre Dillard,PHI,LT,"$2,811,496"
548,nfl,2020,549,Riley Dixon,NYG,P,"$2,785,000"
549,nfl,2020,550,Tytus Howard,HOU,RT,"$2,778,534"
550,nfl,2020,551,Taven Bryan,JAX,DL/DT,"$2,769,534"
551,nfl,2020,552,Marcus Cannon,NE,RT,"$2,766,667"
552,nfl,2020,553,Jerry Jeudy,DEN,WR,"$2,762,359"
553,nfl,2020,554,Carlos Hyde,SEA,RB,"$2,750,000"
554,nfl,2020,,Danny Shelton,DET,DL/DT,"$2,750,000"
555,nfl,2020,556,Demar Dotson,DEN,RT,"$2,734,375"
556,nfl,2020,557,Spencer Pulley,NYG,C,"$2,725,000"
557,nfl,2020,558,Josh Jacobs,LV,RB,"$2,712,136"
558,nfl,2020,559,Bradley Pinion,TB,P,"$2,700,000"
559,nfl,2020,560,Mike Hughes,MIN,CB,"$2,691,132"
560,nfl,2020,561,Marquise Brown,BAL,WR,"$2,678,941"
561,nfl,2020,562,John Simon,NE,ED/DE,"$2,675,000"
562,nfl,2020,563,Kendall Lamm,CLE,RT,"$2,650,000"
563,nfl,2020,564,Montez Sweat,WAS,DL/DE,"$2,645,741"
564,nfl,2020,565,Jon Bostic,WAS,LB/ILB,"$2,635,000"
565,nfl,2020,566,Jake Elliott,PHI,K,"$2,629,000"
566,nfl,2020,567,Sony Michel,NE,RB,"$2,625,462"
567,nfl,2020,568,Johnathan Abram,LV,FS,"$2,612,544"
568,nfl,2020,569,A.J. Terrell,ATL,CB,"$2,601,045"
569,nfl,2020,570,Tress Way,WAS,P,"$2,600,000"
570,nfl,2020,571,Chris Boswell,PIT,K,"$2,598,333"
571,nfl,2020,572,Jerry Tillery,LAC,DL/DT,"$2,595,945"
572,nfl,2020,573,Lamar Jackson,BAL,QB,"$2,583,176"
573,nfl,2020,574,Matthew Slater,NE,WR,"$2,575,000"
574,nfl,2020,575,Stephen Gostkowski,TEN,K,"$2,562,500"
575,nfl,2020,576,CeeDee Lamb,DAL,WR,"$2,547,275"
576,nfl,2020,577,Logan Thomas,WAS,TE,"$2,535,000"
577,nfl,2020,578,Cameron Erving,DAL,G,"$2,500,000"
578,nfl,2020,,L.J. Fort,BAL,LB/ILB,"$2,500,000"
579,nfl,2020,,Leonard Fournette,TB,RB,"$2,500,000"
580,nfl,2020,,Denzelle Good,LV,RT,"$2,500,000"
581,nfl,2020,,Robert Griffin III,BAL,QB,"$2,500,000"
582,nfl,2020,,Mike Iupati,SEA,G,"$2,500,000"
583,nfl,2020,,Senio Kelemete,HOU,G,"$2,500,000"
584,nfl,2020,,Adrian Phillips,NE,FS,"$2,500,000"
585,nfl,2020,,MyCole Pruitt,TEN,TE,"$2,500,000"
586,nfl,2020,,Wes Schweitzer,WAS,G,"$2,500,000"
587,nfl,2020,,Tahir Whitehead,CAR,LB/ILB,"$2,500,000"
588,nfl,2020,,Daryl Williams,BUF,G,"$2,500,000"
589,nfl,2020,590,L.J. Collier,SEA,ED/DE,"$2,462,745"
590,nfl,2020,591,Devon Kennard,ARI,ED/OLB,"$2,453,125"
591,nfl,2020,592,Karl Joseph,CLE,SS,"$2,431,250"
592,nfl,2020,593,Austin Jackson,MIA,LT,"$2,430,651"
593,nfl,2020,594,K’Lavon Chaisson,JAX,LB/OLB,"$2,426,293"
594,nfl,2020,595,Bryan Anger,HOU,P,"$2,416,666"
595,nfl,2020,596,Chris Jones,DAL,P,"$2,400,000"
596,nfl,2020,,Craig Robertson,NO,LB/ILB,"$2,400,000"
597,nfl,2020,,Lane Taylor,GB,G,"$2,400,000"
598,nfl,2020,599,B.J. Goodson,CLE,LB/ILB,"$2,390,625"
599,nfl,2020,600,Justin Jefferson,MIN,WR,"$2,385,964"
600,nfl,2020,601,Christian Jones,DET,LB/OLB,"$2,382,500"
601,nfl,2020,602,Larry Ogunjobi,CLE,DL/DT,"$2,378,391"
602,nfl,2020,603,Ahkello Witherspoon,SF,CB,"$2,376,393"
603,nfl,2020,604,Matt Schaub,ATL,QB,"$2,375,000"
604,nfl,2020,605,Damon Arnette,LV,CB,"$2,365,617"
605,nfl,2020,606,Dan Feeney,LAC,G,"$2,364,158"
606,nfl,2020,607,Jalen Reagor,PHI,WR,"$2,363,438"
607,nfl,2020,608,Kenneth Murray,LAC,LB/ILB,"$2,359,080"
608,nfl,2020,609,Rodney McLeod,PHI,FS,"$2,350,000"
609,nfl,2020,610,Fabian Moreau,WAS,CB,"$2,339,348"
610,nfl,2020,611,Xavier Su'a-Filo,CIN,G,"$2,333,333"
611,nfl,2020,612,Kaleb McGary,ATL,RT,"$2,333,123"
612,nfl,2020,613,Chris Godwin,TB,WR,"$2,331,041"
613,nfl,2020,614,Isaac Seumalo,PHI,G,"$2,326,000"
614,nfl,2020,615,Tyeler Davison,ATL,DL/DT,"$2,323,333"
615,nfl,2020,616,Shaquill Griffin,SEA,CB,"$2,322,655"
616,nfl,2020,617,John Johnson,LAR,FS,"$2,322,438"
617,nfl,2020,618,Jourdan Lewis,DAL,CB,"$2,321,357"
618,nfl,2020,619,Bashaud Breeland,KC,CB,"$2,318,013"
619,nfl,2020,620,Kenny Golladay,DET,WR,"$2,312,706"
620,nfl,2020,621,Jonnu Smith,TEN,TE,"$2,309,572"
621,nfl,2020,622,Cesar Ruiz,NO,G,"$2,305,310"
622,nfl,2020,623,Dede Westbrook,JAX,WR,"$2,302,039"
623,nfl,2020,624,Joe Haeg,TB,RT,"$2,300,000"
624,nfl,2020,,Marcedes Lewis,GB,TE,"$2,300,000"
625,nfl,2020,626,Rayshawn Jenkins,LAC,S,"$2,298,553"
626,nfl,2020,627,Carl Lawson,CIN,ED/DE,"$2,296,155"
627,nfl,2020,628,N'Keal Harry,NE,WR,"$2,295,079"
628,nfl,2020,629,Josh Reynolds,LAR,WR,"$2,295,006"
629,nfl,2020,630,Samson Ebukam,LAR,ED/OLB,"$2,286,272"
630,nfl,2020,631,Brandon Aiyuk,SF,WR,"$2,278,426"
631,nfl,2020,632,Deatrich Wise,NE,ED/DE,"$2,278,140"
632,nfl,2020,633,Jamaal Williams,GB,RB,"$2,274,498"
633,nfl,2020,634,Kevin King,GB,CB,"$2,253,010"
634,nfl,2020,635,Jordan Love,GB,QB,"$2,251,537"
635,nfl,2020,636,Adrian Clayborn,CLE,ED/DE,"$2,250,000"
636,nfl,2020,,Colt McCoy,NYG,QB,"$2,250,000"
637,nfl,2020,638,Marlon Mack,IND,RB,"$2,237,912"
638,nfl,2020,639,Cedric Ogbuehi,SEA,RT,"$2,237,500"
639,nfl,2020,640,Andrew Sendejo,CLE,FS,"$2,234,375"
640,nfl,2020,641,Cam Robinson,JAX,LT,"$2,233,053"
641,nfl,2020,642,Jordyn Brooks,SEA,LB/OLB,"$2,224,656"
642,nfl,2020,643,Patrick Queen,BAL,LB/ILB,"$2,211,213"
643,nfl,2020,644,Damontae Kazee,ATL,SS,"$2,205,230"
644,nfl,2020,645,Jeremy Sprinkle,WAS,TE,"$2,202,128"
645,nfl,2020,646,Jayon Brown,TEN,LB/ILB,"$2,200,889"
646,nfl,2020,647,Anthony Walker Jr.,IND,LB/ILB,"$2,199,354"
647,nfl,2020,648,Matt Milano,BUF,LB/OLB,"$2,198,378"
648,nfl,2020,649,Aaron Jones,GB,RB,"$2,183,487"
649,nfl,2020,650,Davon Godchaux,MIA,DL/DT,"$2,183,485"
650,nfl,2020,651,Sam Tevi,LAC,RT,"$2,173,450"
651,nfl,2020,652,Xavier Woods,DAL,FS,"$2,172,972"
652,nfl,2020,653,Beau Allen,NE,DL/DT,"$2,150,000"
653,nfl,2020,,Dan Bailey,MIN,K,"$2,150,000"
654,nfl,2020,,Sam Koch,BAL,P,"$2,150,000"
655,nfl,2020,656,Christopher Carson,SEA,RB,"$2,149,283"
656,nfl,2020,657,Vince Biegel,MIA,ED/OLB,"$2,133,000"
657,nfl,2020,,Cethan Carter,CIN,TE,"$2,133,000"
658,nfl,2020,,Dylan Cole,HOU,LB/ILB,"$2,133,000"
659,nfl,2020,,Julie'n Davenport,MIA,LT,"$2,133,000"
660,nfl,2020,,Jermaine Eluemunor,NE,G,"$2,133,000"
661,nfl,2020,,Matt Haack,MIA,P,"$2,133,000"
662,nfl,2020,,Brian Hill,ATL,RB,"$2,133,000"
663,nfl,2020,,Al-Quadin Muhammad,IND,ED/DE,"$2,133,000"
664,nfl,2020,,David Sharpe,WAS,RT,"$2,133,000"
665,nfl,2020,,Matt Skura,BAL,C,"$2,133,000"
666,nfl,2020,,Brandon Wilson,CIN,CB,"$2,133,000"
667,nfl,2020,,Chris Wormley,PIT,DL/DT,"$2,133,000"
668,nfl,2020,669,Nick Vannett,DEN,TE,"$2,125,000"
669,nfl,2020,670,Forrest Lamp,LAC,G,"$2,121,293"
670,nfl,2020,671,Tyler Larsen,CAR,C,"$2,116,668"
671,nfl,2020,672,Marcus Maye,NYJ,FS,"$2,085,378"
672,nfl,2020,673,Derek Watt,PIT,FB,"$2,083,333"
673,nfl,2020,674,Alex Erickson,CIN,WR,"$2,066,668"
674,nfl,2020,675,Curtis Samuel,CAR,WR,"$2,053,441"
675,nfl,2020,676,Noah Igbinoghene,MIA,CB,"$2,046,220"
676,nfl,2020,677,Will Hernandez,NYG,G,"$2,032,020"
677,nfl,2020,678,Matt Barkley,BUF,QB,"$2,025,000"
678,nfl,2020,679,A'Shawn Robinson,LAR,DL/DT,"$2,023,529"
679,nfl,2020,680,Nick Chubb,CLE,RB,"$2,013,571"
680,nfl,2020,681,Brennan Scarlett,HOU,ED/OLB,"$2,003,125"
681,nfl,2020,682,Justin Bethel,NE,CB,"$2,000,000"
682,nfl,2020,,De'Vondre Campbell,ARI,LB/ILB,"$2,000,000"
683,nfl,2020,,Cody Core,NYG,WR,"$2,000,000"
684,nfl,2020,,Chase Daniel,DET,QB,"$2,000,000"
685,nfl,2020,,Nate Ebner,NYG,SS,"$2,000,000"
686,nfl,2020,,Ben Garland,SF,C,"$2,000,000"
687,nfl,2020,,Neville Hewitt,NYJ,LB/ILB,"$2,000,000"
688,nfl,2020,,Andy Lee,ARI,P,"$2,000,000"
689,nfl,2020,,Patrick Onwuasor,NYJ,LB/ILB,"$2,000,000"
690,nfl,2020,,Elandon Roberts,MIA,LB/ILB,"$2,000,000"
691,nfl,2020,,Rigoberto Sanchez,IND,P,"$2,000,000"
692,nfl,2020,693,Jeff Gladney,MIN,CB,"$1,998,369"
693,nfl,2020,694,Marcus Williams,NO,SS,"$1,985,595"
694,nfl,2020,695,Terrence Brooks,NE,FS,"$1,985,000"
695,nfl,2020,696,Shaquille Leonard,IND,LB/OLB,"$1,976,673"
696,nfl,2020,697,Minkah Fitzpatrick,PIT,FS,"$1,975,252"
697,nfl,2020,698,Clyde Edwards-Helaire,KC,RB,"$1,967,558"
698,nfl,2020,699,Braden Smith,IND,RT,"$1,961,915"
699,nfl,2020,700,Charles Harris,ATL,ED/DE,"$1,943,692"
700,nfl,2020,701,Ronald Jones II,TB,RB,"$1,928,702"
701,nfl,2020,702,Isaiah Wilson,TEN,RT,"$1,923,344"
702,nfl,2020,703,Gerald Everett,LAR,TE,"$1,923,242"
703,nfl,2020,704,Darryl Roberts,DET,CB,"$1,906,250"
704,nfl,2020,705,T.J. Yeldon,BUF,RB,"$1,900,000"
705,nfl,2020,706,James Daniels,CHI,G,"$1,895,498"
706,nfl,2020,707,Gareon Conley,HOU,CB,"$1,892,376"
707,nfl,2020,708,Jabrill Peppers,NYG,SS,"$1,875,271"
708,nfl,2020,709,Randy Bullock,CIN,K,"$1,875,000"
709,nfl,2020,,Joe Dahl,DET,G,"$1,875,000"
710,nfl,2020,711,Courtland Sutton,DEN,WR,"$1,865,978"
711,nfl,2020,712,Derek Carrier,LV,TE,"$1,850,000"
712,nfl,2020,,Pat O'Donnell,CHI,P,"$1,850,000"
713,nfl,2020,714,Harold Landry,TEN,ED/OLB,"$1,836,460"
714,nfl,2020,715,Greg Zuerlein,DAL,K,"$1,833,333"
715,nfl,2020,716,Britton Colquitt,MIN,P,"$1,816,666"
716,nfl,2020,717,Byron Murphy,ARI,CB,"$1,815,795"
717,nfl,2020,718,Mike Gesicki,MIA,TE,"$1,803,252"
718,nfl,2020,719,Rock Ya-Sin,IND,CB,"$1,799,194"
719,nfl,2020,720,Jawaan Taylor,JAX,RT,"$1,781,709"
720,nfl,2020,721,Tyus Bowser,BAL,ED/OLB,"$1,774,057"
721,nfl,2020,722,Kerryon Johnson,DET,RB,"$1,773,734"
722,nfl,2020,723,Zach Banner,PIT,G,"$1,750,000"
723,nfl,2020,,Jeff Driskel,DEN,QB,"$1,750,000"
724,nfl,2020,,C.J. Ham,MIN,FB,"$1,750,000"
725,nfl,2020,,Roderick Johnson,HOU,RT,"$1,750,000"
726,nfl,2020,,Ryan Smith,TB,CB,"$1,750,000"
727,nfl,2020,728,Deebo Samuel,SF,WR,"$1,749,399"
728,nfl,2020,729,Nevin Lawson,LV,CB,"$1,737,500"
729,nfl,2020,730,Greg Little,CAR,LT,"$1,736,119"
730,nfl,2020,731,Josh Jackson,GB,CB,"$1,706,209"
731,nfl,2020,732,Cody Ford,BUF,RT,"$1,705,413"
732,nfl,2020,733,Reuben Foster,WAS,LB/ILB,"$1,697,088"
733,nfl,2020,734,Ryan Anderson,WAS,DL/DE,"$1,694,232"
734,nfl,2020,735,Taiwan Jones,BUF,RB,"$1,693,750"
735,nfl,2020,736,Nate Sudfeld,PHI,QB,"$1,690,000"
736,nfl,2020,737,Jeremiah Attaochu,DEN,ED/OLB,"$1,687,500"
737,nfl,2020,738,Blake Bell,DAL,TE,"$1,684,375"
738,nfl,2020,739,LeShaun Sims,CIN,CB,"$1,681,250"
739,nfl,2020,740,Sean Bunting,TB,CB,"$1,676,363"
740,nfl,2020,741,Demetrius Harris,CHI,TE,"$1,650,000"
741,nfl,2020,742,Trayvon Mullen,LV,CB,"$1,649,806"
742,nfl,2020,743,Ryan Griffin,TB,QB,"$1,645,000"
743,nfl,2020,744,Cornelius Lucas,WAS,LT,"$1,628,750"
744,nfl,2020,745,Chad Henne,KC,QB,"$1,625,000"
745,nfl,2020,746,Dalton Risner,DEN,G,"$1,623,246"
746,nfl,2020,747,DeMarcus Walker,DEN,DL/DE,"$1,614,410"
747,nfl,2020,748,J.D. McKissic,WAS,RB,"$1,610,000"
748,nfl,2020,749,Christian Kirk,ARI,WR,"$1,607,691"
749,nfl,2020,750,Adam Shaheen,MIA,TE,"$1,604,315"
750,nfl,2020,751,Josh Bynes,CIN,LB/ILB,"$1,600,000"
751,nfl,2020,,Tom Compton,SF,G,"$1,600,000"
752,nfl,2020,753,Drew Lock,DEN,QB,"$1,593,368"
753,nfl,2020,754,Tee Higgins,CIN,WR,"$1,579,416"
754,nfl,2020,755,Uchenna Nwosu,LAC,LB/OLB,"$1,570,793"
755,nfl,2020,756,Ty Sambrailo,TEN,RT,"$1,568,750"
756,nfl,2020,757,Jahlani Tavai,DET,LB/ILB,"$1,566,811"
757,nfl,2020,758,D'Andre Swift,DET,RB,"$1,552,530"
758,nfl,2020,759,Vinny Curry,PHI,ED/DE,"$1,550,000"
759,nfl,2020,,Dion Lewis,NYG,RB,"$1,550,000"
760,nfl,2020,761,Elgton Jenkins,GB,G,"$1,540,800"
761,nfl,2020,762,Dallas Goedert,PHI,TE,"$1,533,891"
762,nfl,2020,763,Sam Martin,DEN,P,"$1,533,333"
763,nfl,2020,764,Damiere Byrd,NE,WR,"$1,521,875"
764,nfl,2020,765,Michael Pittman Jr.,IND,WR,"$1,516,561"
765,nfl,2020,766,Kyle Dugger,NE,S,"$1,514,891"
766,nfl,2020,767,Joejuan Williams,NE,CB,"$1,505,381"
767,nfl,2020,768,Christian Covington,CIN,ED/DE,"$1,500,000"
768,nfl,2020,,Cody Davis,NE,FS,"$1,500,000"
769,nfl,2020,,Justin Hardee,NO,CB,"$1,500,000"
770,nfl,2020,,Kerry Hyder,SF,ED/DE,"$1,500,000"
771,nfl,2020,,Austin Johnson,NYG,DL/DE,"$1,500,000"
772,nfl,2020,,Rakeem Nunez-Roches,TB,DL/DE,"$1,500,000"
773,nfl,2020,,Mark Nzeocha,SF,LB/OLB,"$1,500,000"
774,nfl,2020,,Michael Schofield,CAR,G,"$1,500,000"
775,nfl,2020,776,Connor Williams,DAL,G,"$1,496,997"
776,nfl,2020,777,Shilique Calhoun,NE,LB/OLB,"$1,484,375"
777,nfl,2020,778,Hayden Hurst,ATL,TE,"$1,483,275"
778,nfl,2020,779,B.J. Finney,CIN,C,"$1,470,588"
779,nfl,2020,780,Greedy Williams,CLE,CB,"$1,467,881"
780,nfl,2020,781,Robert Hunt,MIA,G,"$1,466,498"
781,nfl,2020,782,Anthony Miller,CHI,WR,"$1,460,100"
782,nfl,2020,783,Deshazor Everett,WAS,FS,"$1,456,875"
783,nfl,2020,784,Avery Williamson,PIT,LB/ILB,"$1,455,885"
784,nfl,2020,785,Dalvin Tomlinson,NYG,DL/DT,"$1,454,759"
785,nfl,2020,786,Yetur Gross-Matos,CAR,DL/DE,"$1,453,633"
786,nfl,2020,787,Ezekiel Ansah,SF,ED/DE,"$1,450,000"
787,nfl,2020,788,Ross Blacklock,HOU,DL/DT,"$1,444,989"
788,nfl,2020,789,Chris Reed,CAR,C,"$1,425,000"
789,nfl,2020,790,Jonathan Taylor,IND,RB,"$1,423,482"
790,nfl,2020,791,Kemoko Turay,IND,ED/DE,"$1,423,200"
791,nfl,2020,792,Marquise Blair,SEA,FS,"$1,417,420"
792,nfl,2020,793,Ethan Pocic,SEA,G,"$1,402,873"
793,nfl,2020,794,Laviska Shenault,JAX,WR,"$1,399,285"
794,nfl,2020,795,Zay Jones,LV,WR,"$1,389,522"
795,nfl,2020,796,Erik McCoy,NO,C,"$1,383,639"
796,nfl,2020,797,Zach Kerr,CAR,DL/DE,"$1,380,000"
797,nfl,2020,798,Cole Kmet,CHI,TE,"$1,377,778"
798,nfl,2020,799,Xavier McKinney,NYG,FS,"$1,375,638"
799,nfl,2020,800,Tanoh Kpassagnon,KC,ED/DE,"$1,374,936"
800,nfl,2020,801,Chris Thompson,JAX,RB,"$1,368,750"
801,nfl,2020,802,Chidobe Awuzie,DAL,CB,"$1,362,960"
802,nfl,2020,803,Peyton Barber,WAS,RB,"$1,360,000"
803,nfl,2020,804,Grant Delpit,CLE,FS,"$1,357,284"
804,nfl,2020,805,Ben Banogu,IND,ED/DE,"$1,351,024"
805,nfl,2020,806,Nickell Robey-Coleman,PHI,CB,"$1,350,000"
806,nfl,2020,,Aldon Smith,DAL,ED/DE,"$1,350,000"
807,nfl,2020,808,Jessie Bates III,CIN,FS,"$1,349,403"
808,nfl,2020,809,JuJu Smith-Schuster,PIT,WR,"$1,335,023"
809,nfl,2020,810,Antoine Winfield Jr.,TB,S,"$1,328,579"
810,nfl,2020,811,Taylor Moton,CAR,RT,"$1,323,049"
811,nfl,2020,812,Irv Smith,MIN,TE,"$1,317,826"
812,nfl,2020,813,Donte Jackson,CAR,CB,"$1,312,506"
813,nfl,2020,814,Malcolm Brown,LAR,RB,"$1,312,500"
814,nfl,2020,815,Vernon Hargreaves,HOU,CB,"$1,309,375"
815,nfl,2020,816,Andre Roberts,BUF,WR,"$1,300,000"
816,nfl,2020,817,K.J. Hamler,DEN,WR,"$1,297,660"
817,nfl,2020,818,Lucas Patrick,GB,G,"$1,291,666"
818,nfl,2020,819,Chris Manhertz,CAR,TE,"$1,290,000"
819,nfl,2020,820,Andy Janovich,CLE,FB,"$1,287,500"
820,nfl,2020,821,A.J. Brown,TEN,WR,"$1,284,629"
821,nfl,2020,822,Brandon King,NE,LB,"$1,276,666"
822,nfl,2020,,Keith Smith,ATL,FB,"$1,276,666"
823,nfl,2020,824,Mike Daniels,CIN,DL/DT,"$1,275,000"
824,nfl,2020,,Joe Flacco,NYJ,QB,"$1,275,000"
825,nfl,2020,826,Isaiah Oliver,ATL,CB,"$1,264,539"
826,nfl,2020,827,Drew Sample,CIN,TE,"$1,251,431"
827,nfl,2020,828,Antony Auclair,TB,TE,"$1,250,000"
828,nfl,2020,,Antonio Brown,TB,WR,"$1,250,000"
829,nfl,2020,830,Morgan Cox,BAL,LS,"$1,240,000"
830,nfl,2020,831,Dean Marlowe,BUF,FS,"$1,234,375"
831,nfl,2020,832,Marlon Davidson,ATL,DL/DT,"$1,232,089"
832,nfl,2020,833,Darrell Taylor,SEA,ED/DE,"$1,229,910"
833,nfl,2020,834,James Washington,PIT,WR,"$1,227,639"
834,nfl,2020,835,Max Garcia,ARI,G,"$1,226,250"
835,nfl,2020,836,Matthias Farley,NYJ,SS,"$1,218,750"
836,nfl,2020,837,Miles Sanders,PHI,RB,"$1,216,406"
837,nfl,2020,838,DJ Chark,JAX,WR,"$1,212,881"
838,nfl,2020,839,Pharoh Cooper,CAR,WR,"$1,210,000"
839,nfl,2020,,Elijhaa Penny,NYG,FB,"$1,210,000"
840,nfl,2020,841,Dawuane Smoot,JAX,ED/DE,"$1,205,393"
841,nfl,2020,842,Chase Claypool,PIT,WR,"$1,203,023"
842,nfl,2020,843,Nick Sundberg,WAS,LS,"$1,202,500"
843,nfl,2020,844,Brian O'Neill,MIN,RT,"$1,201,810"
844,nfl,2020,845,Carlton Davis,TB,CB,"$1,198,122"
845,nfl,2020,846,Darian Thompson,DAL,FS,"$1,193,750"
846,nfl,2020,847,Tyquan Lewis,IND,DL/DT,"$1,190,742"
847,nfl,2020,848,J.J. Jansen,CAR,LS,"$1,190,000"
848,nfl,2020,849,Devonta Freeman,NYG,RB,"$1,189,118"
849,nfl,2020,850,Anthony Levine,BAL,SS,"$1,187,500"
850,nfl,2020,,Joe Looney,DAL,C,"$1,187,500"
851,nfl,2020,,Kelechi Osemele,KC,G,"$1,187,500"
852,nfl,2020,,Damion Square,LAC,DL/DT,"$1,187,500"
853,nfl,2020,854,Lonnie Johnson,HOU,CB,"$1,184,603"
854,nfl,2020,855,Nick Gates,NYG,G,"$1,176,668"
855,nfl,2020,856,Jaylon Johnson,CHI,CB,"$1,176,140"
856,nfl,2020,857,Austin Corbett,LAR,G,"$1,163,490"
857,nfl,2020,858,Mike Glennon,JAX,QB,"$1,161,719"
858,nfl,2020,859,Max Scharping,HOU,G,"$1,151,838"
859,nfl,2020,860,Cam Newton,NE,QB,"$1,137,500"
860,nfl,2020,861,Mecole Hardman,KC,WR,"$1,135,239"
861,nfl,2020,862,Kameron Canaday,PIT,LS,"$1,135,000"
862,nfl,2020,863,Clark Harris,CIN,LS,"$1,130,000"
863,nfl,2020,864,Desmond King,TEN,CB,"$1,129,235"
864,nfl,2020,865,J.J. Arcega-Whiteside,PHI,WR,"$1,125,278"
865,nfl,2020,866,C.J. Beathard,SF,QB,"$1,122,751"
866,nfl,2020,867,Cam Akers,LAR,RB,"$1,122,370"
867,nfl,2020,868,Brandon Parker,LV,LT,"$1,116,910"
868,nfl,2020,869,Lorenzo Carter,NYG,ED/OLB,"$1,113,677"
869,nfl,2020,870,Justin Reid,HOU,FS,"$1,109,871"
870,nfl,2020,871,Trysten Hill,DAL,DL/DT,"$1,108,307"
871,nfl,2020,872,B.J. Hill,NYG,DL/DE,"$1,106,069"
872,nfl,2020,873,Raekwon McMillan,LV,LB/ILB,"$1,105,573"
873,nfl,2020,874,Michael Palardy,CAR,P,"$1,100,000"
874,nfl,2020,875,Trevon Diggs,DAL,CB,"$1,099,839"
875,nfl,2020,876,Rick Lovato,PHI,LS,"$1,097,500"
876,nfl,2020,877,Fred Warner,SF,LB/ILB,"$1,096,547"
877,nfl,2020,878,Jalen Hurts,PHI,QB,"$1,095,486"
878,nfl,2020,879,Joe Thomas,DAL,LB/OLB,"$1,093,750"
879,nfl,2020,880,Parris Campbell,IND,WR,"$1,085,440"
880,nfl,2020,881,Justin Murray,ARI,T,"$1,083,333"
881,nfl,2020,882,Royce Freeman,DEN,RB,"$1,081,255"
882,nfl,2020,883,Joe Cardona,NE,LS,"$1,080,000"
883,nfl,2020,,Jake McQuaide,LAR,LS,"$1,080,000"
884,nfl,2020,885,Kwon Alexander,NO,LB/OLB,"$1,079,378"
885,nfl,2020,886,Nasir Adderley,LAC,S,"$1,075,480"
886,nfl,2020,887,Justin McCray,ATL,G,"$1,075,000"
887,nfl,2020,888,James O'Shaughnessy,JAX,TE,"$1,072,500"
888,nfl,2020,889,Mason Rudolph,PIT,QB,"$1,069,620"
889,nfl,2020,890,A.J. Epenesa,BUF,ED/DE,"$1,068,600"
890,nfl,2020,891,Taylor Rapp,LAR,SS,"$1,062,203"
891,nfl,2020,892,Jerome Baker,MIA,LB/ILB,"$1,053,800"
892,nfl,2020,893,Andy Isabella,ARI,WR,"$1,052,244"
893,nfl,2020,894,Nick Bellore,SEA,FB,"$1,050,000"
894,nfl,2020,,Josh Harris,ATL,LS,"$1,050,000"
895,nfl,2020,,Jordan Reed,SF,TE,"$1,050,000"
896,nfl,2020,897,Juan Thornhill,KC,FS,"$1,048,924"
897,nfl,2020,898,Ronald Blair,SF,ED/DE,"$1,047,500"
898,nfl,2020,,Deon Bush,CHI,S,"$1,047,500"
899,nfl,2020,,Miles Killebrew,DET,SS,"$1,047,500"
900,nfl,2020,,Chris Moore,BAL,WR,"$1,047,500"
901,nfl,2020,,Demarcus Robinson,KC,WR,"$1,047,500"
902,nfl,2020,,P.J. Williams,NO,CB,"$1,047,500"
903,nfl,2020,904,Nathan Shepherd,NYJ,DL/DE,"$1,043,143"
904,nfl,2020,905,D.K. Metcalf,SEA,WR,"$1,042,284"
905,nfl,2020,906,JK Dobbins,BAL,RB,"$1,041,715"
906,nfl,2020,907,Derrick Nnadi,KC,DL/DT,"$1,039,850"
907,nfl,2020,908,Tyler Ott,SEA,LS,"$1,035,000"
908,nfl,2020,909,Raekwon Davis,MIA,DL/DT,"$1,028,273"
909,nfl,2020,910,Montravius Adams,GB,DL/DT,"$1,026,194"
910,nfl,2020,911,Alex Anzalone,NO,LB/OLB,"$1,025,148"
911,nfl,2020,912,Geron Christian,WAS,LT,"$1,021,248"
912,nfl,2020,913,Van Jefferson,LAR,WR,"$1,020,206"
913,nfl,2020,914,James Winchester,KC,LS,"$1,020,000"
914,nfl,2020,915,Tony McRae,DET,CB,"$1,010,000"
915,nfl,2020,,Hassan Ridgeway,PHI,DL/DT,"$1,010,000"
916,nfl,2020,,Tyler Shatley,JAX,G,"$1,010,000"
917,nfl,2020,918,Cameron Sutton,PIT,CB,"$1,009,032"
918,nfl,2020,919,Delano Hill,SEA,SS,"$1,006,869"
919,nfl,2020,920,Ezra Cleveland,MIN,LT,"$1,006,765"
920,nfl,2020,921,James Conner,PIT,RB,"$1,001,572"
921,nfl,2020,,Trey Hendrickson,NO,ED/DE,"$1,001,572"
922,nfl,2020,923,Charley Hughlett,CLE,LS,"$1,000,000"
923,nfl,2020,,David Moore,SEA,WR,"$1,000,000"
924,nfl,2020,,Nathan Peterman,LV,QB,"$1,000,000"
925,nfl,2020,,Zach Sieler,MIA,DL/DT,"$1,000,000"
926,nfl,2020,,Zach Wood,NO,LS,"$1,000,000"
927,nfl,2020,928,Jaleel Johnson,MIN,DL/DT,"$994,591"
928,nfl,2020,929,Harrison Phillips,BUF,DL/DT,"$981,760"
929,nfl,2020,930,Oren Burks,GB,LB/ILB,"$980,189"
930,nfl,2020,931,Randy Gregory,DAL,ED/DE,"$980,000"
931,nfl,2020,932,Jalen Reeves-Maybin,DET,LB/OLB,"$979,724"
932,nfl,2020,933,Mason Cole,ARI,C,"$977,629"
933,nfl,2020,934,Zach Allen,ARI,DL/DE,"$975,855"
934,nfl,2020,935,Reid Ferguson,BUF,LS,"$975,000"
935,nfl,2020,936,Diontae Johnson,PIT,WR,"$972,946"
936,nfl,2020,937,Jalen Hurd,SF,WR,"$972,654"
937,nfl,2020,938,Michael Gallup,DAL,WR,"$972,495"
938,nfl,2020,939,Tracy Walker,DET,FS,"$970,497"
939,nfl,2020,940,Orlando Brown Jr.,BAL,RT,"$966,430"
940,nfl,2020,941,Josh Oliver,JAX,TE,"$966,101"
941,nfl,2020,942,Steve McLendon,TB,DL/DT,"$965,073"
942,nfl,2020,943,Dorian O'Daniel,KC,LB/OLB,"$963,879"
943,nfl,2020,944,Isaiah McKenzie,BUF,WR,"$962,500"
944,nfl,2020,,Reggie Ragland,DET,LB/ILB,"$962,500"
945,nfl,2020,946,A.J. Dillon,GB,RB,"$961,060"
946,nfl,2020,947,Darrell Henderson,LAR,RB,"$959,580"
947,nfl,2020,948,Mark Andrews,BAL,TE,"$959,165"
948,nfl,2020,949,Willie Gay Jr.,KC,LB/OLB,"$958,372"
949,nfl,2020,950,Jace Sternberger,GB,TE,"$956,632"
950,nfl,2020,951,Arden Key,LV,ED/DE,"$956,594"
951,nfl,2020,952,Jojo Natson,CLE,WR,"$956,250"
952,nfl,2020,953,Joseph Noteboom,LAR,G,"$954,723"
953,nfl,2020,954,Deadrin Senat,ATL,DL/DT,"$954,490"
954,nfl,2020,955,Tre'quan Smith,NO,WR,"$954,256"
955,nfl,2020,956,Chukwuma Okorafor,PIT,LT,"$953,091"
956,nfl,2020,957,Jeremy Chinn,CAR,SS,"$952,995"
957,nfl,2020,958,Dre'Mont Jones,DEN,DL/DE,"$952,000"
958,nfl,2020,959,Thomas Hennessy,NYJ,LS,"$950,000"
959,nfl,2020,,Conor McDermott,NYJ,LT,"$950,000"
960,nfl,2020,961,Alex Cappa,TB,G,"$948,426"
961,nfl,2020,962,Germaine Pratt,CIN,LB/OLB,"$947,776"
962,nfl,2020,963,Tarvarius Moore,SF,FS,"$946,093"
963,nfl,2020,964,David Montgomery,CHI,RB,"$945,681"
964,nfl,2020,965,Will Harris,DET,SS,"$943,061"
965,nfl,2020,966,M.J. Stewart,CLE,CB,"$942,101"
966,nfl,2020,967,Jordan Akins,HOU,TE,"$940,380"
967,nfl,2020,968,Ian Thomas,CAR,TE,"$936,998"
968,nfl,2020,969,Devin Singletary,BUF,RB,"$933,956"
969,nfl,2020,970,Jalyn Holmes,MIN,DL/DT,"$932,849"
970,nfl,2020,971,Keke Coutee,HOU,WR,"$932,256"
971,nfl,2020,,Terry McLaurin,WAS,WR,"$932,256"
972,nfl,2020,973,Nyheim Miller-Hines,IND,RB,"$931,136"
973,nfl,2020,974,Chase Winovich,NE,ED/DE,"$930,328"
974,nfl,2020,975,Wayne Gallman,NYG,RB,"$929,912"
975,nfl,2020,,Carlos Watkins,HOU,DL/DE,"$929,912"
976,nfl,2020,977,Josey Jewell,DEN,LB/ILB,"$928,495"
977,nfl,2020,978,Michael Deiter,MIA,G,"$926,640"
978,nfl,2020,979,Denzel Mims,NYJ,WR,"$926,181"
979,nfl,2020,980,Troy Apke,WAS,FS,"$925,908"
980,nfl,2020,981,Brian Allen,LAR,C,"$921,734"
981,nfl,2020,982,David Long,LAR,CB,"$921,041"
982,nfl,2020,983,Daesean Hamilton,DEN,WR,"$920,659"
983,nfl,2020,984,Da'shawn Hand,DET,ED/DE,"$920,491"
984,nfl,2020,985,Joel Iyiegbuniwe,CHI,LB/ILB,"$919,643"
985,nfl,2020,986,Joshua Uche,NE,LB/OLB,"$918,114"
986,nfl,2020,987,Armani Watts,KC,FS,"$917,558"
987,nfl,2020,988,Dorance Armstrong,DAL,ED/DE,"$917,499"
988,nfl,2020,989,Chris Herndon,NYJ,TE,"$917,381"
989,nfl,2020,990,Jordan Whitehead,TB,S,"$916,814"
990,nfl,2020,991,Sione Takitaki,CLE,LB/ILB,"$915,219"
991,nfl,2020,992,Oshane Ximines,NYG,ED/OLB,"$914,195"
992,nfl,2020,993,Kyzir White,LAC,LB/ILB,"$913,610"
993,nfl,2020,994,Will Dissly,SEA,TE,"$912,567"
994,nfl,2020,995,Taron Johnson,BUF,CB,"$911,517"
995,nfl,2020,996,Duke Dawson,DEN,CB,"$911,352"
996,nfl,2020,997,Trey Burton,IND,TE,"$910,000"
997,nfl,2020,,Le'Raven Clark,IND,RT,"$910,000"
998,nfl,2020,,Crevon LeBlanc,PHI,CB,"$910,000"
999,nfl,2020,,Luke Rhodes,IND,LS,"$910,000"
1000,nfl,2020,1001,Nate Davis,TEN,G,"$908,670"
1001,nfl,2020,1002,Durham Smythe,MIA,TE,"$908,058"
1002,nfl,2020,1003,Avonte Maddox,PHI,CB,"$906,478"
1003,nfl,2020,1004,Justin Layne,PIT,CB,"$905,545"
1004,nfl,2020,1005,Ito Smith,ATL,RB,"$905,218"
1005,nfl,2020,1006,Jaylon Ferguson,BAL,ED/OLB,"$900,827"
1006,nfl,2020,1007,Will Richardson,JAX,LT,"$900,698"
1007,nfl,2020,1008,Jake Butt,DEN,TE,"$900,236"
1008,nfl,2020,1009,Josh Sweat,PHI,ED/DE,"$899,397"
1009,nfl,2020,1010,Logan Wilson,CIN,LB/OLB,"$899,199"
1010,nfl,2020,1011,Gardner Minshew,JAX,QB,"$897,721"
1011,nfl,2020,1012,Antonio Gibson,WAS,RB,"$896,843"
1012,nfl,2020,1013,Cody Barton,SEA,LB/ILB,"$896,031"
1013,nfl,2020,1014,Bobby Okereke,IND,LB/OLB,"$895,779"
1014,nfl,2020,1015,Trey Pipkins,LAC,RT,"$894,269"
1015,nfl,2020,1016,Kamalei Correa,JAX,LB/OLB,"$893,388"
1016,nfl,2020,1017,Justin Jones,LAC,DL/DT,"$892,946"
1017,nfl,2020,1018,Chuma Edoga,NYJ,RT,"$891,750"
1018,nfl,2020,1019,Damien Lewis,SEA,G,"$891,298"
1019,nfl,2020,1020,Jamal Agnew,DET,WR,"$889,591"
1020,nfl,2020,1021,Miles Boykin,BAL,WR,"$889,232"
1021,nfl,2020,1022,Ameer Abdullah,MIN,RB,"$887,500"
1022,nfl,2020,,Nelson Agholor,LV,WR,"$887,500"
1023,nfl,2020,,Johnson Bademosi,NO,CB,"$887,500"
1024,nfl,2020,,Chris Banjo,ARI,SS,"$887,500"
1025,nfl,2020,,Kelvin Beachum,ARI,LT,"$887,500"
1026,nfl,2020,,Devontae Booker,LV,RB,"$887,500"
1027,nfl,2020,,Artie Burns,CHI,CB,"$887,500"
1028,nfl,2020,,Michael Burton,NO,FB,"$887,500"
1029,nfl,2020,,Travis Carrie,IND,CB,"$887,500"
1030,nfl,2020,,Brandon Copeland,NE,LB/OLB,"$887,500"
1031,nfl,2020,,Jack Crawford,TEN,DL/DT,"$887,500"
1032,nfl,2020,,Phillip Dorsett,SEA,WR,"$887,500"
1033,nfl,2020,,Nick Dzubnar,TEN,LB/ILB,"$887,500"
1034,nfl,2020,,Justin Ellis,BAL,DL/DT,"$887,500"
1035,nfl,2020,,Tyler Ervin,GB,RB,"$887,500"
1036,nfl,2020,,Kavon Frazier,MIA,FS,"$887,500"
1037,nfl,2020,,Blaine Gabbert,TB,QB,"$887,500"
1038,nfl,2020,,Phillip Gaines,HOU,CB,"$887,500"
1039,nfl,2020,,Antonio Hamilton,KC,CB,"$887,500"
1040,nfl,2020,,Rashod Hill,MIN,RT,"$887,500"
1041,nfl,2020,,Brett Hundley,ARI,QB,"$887,500"
1042,nfl,2020,,Germain Ifedi,CHI,G,"$887,500"
1043,nfl,2020,,Branden Jackson,SEA,ED/DE,"$887,500"
1044,nfl,2020,,Casey Kreiter,NYG,LS,"$887,500"
1045,nfl,2020,,L.P. Ladouceur,DAL,LS,"$887,500"
1046,nfl,2020,,Sean Mannion,MIN,QB,"$887,500"
1047,nfl,2020,,Sherrick McManis,CHI,CB,"$887,500"
1048,nfl,2020,,Pernell McPhee,BAL,ED/OLB,"$887,500"
1049,nfl,2020,,Barkevious Mingo,CHI,ED/OLB,"$887,500"
1050,nfl,2020,,Kevin Minter,TB,LB/ILB,"$887,500"
1051,nfl,2020,,Ty Montgomery,NO,RB,"$887,500"
1052,nfl,2020,,Mike Remmers,KC,RT,"$887,500"
1053,nfl,2020,,Patrick Scales,CHI,LS,"$887,500"
1054,nfl,2020,,Anthony Sherman,KC,FB,"$887,500"
1055,nfl,2020,,Geno Smith,SEA,QB,"$887,500"
1056,nfl,2020,,Michael Thomas,HOU,SS,"$887,500"
1057,nfl,2020,,Neiko Thorpe,SEA,CB,"$887,500"
1058,nfl,2020,,Jason Verrett,SF,CB,"$887,500"
1059,nfl,2020,,Jihad Ward,BAL,DL/DE,"$887,500"
1060,nfl,2020,,Dwayne Washington,NO,RB,"$887,500"
1061,nfl,2020,,Blidi Wreh-Wilson,ATL,CB,"$887,500"
1062,nfl,2020,1063,Jamel Dean,TB,CB,"$886,713"
1063,nfl,2020,1064,Brandon Jones,MIA,FS,"$886,017"
1064,nfl,2020,1065,Nnamdi Madubuike,BAL,DL/DT,"$882,420"
1065,nfl,2020,1066,Kahale Warring,HOU,TE,"$881,303"
1066,nfl,2020,1067,Mike Edwards,TB,S,"$880,545"
1067,nfl,2020,,Bobby Evans,LAR,RT,"$880,545"
1068,nfl,2020,,Will Grier,CAR,QB,"$880,545"
1069,nfl,2020,1070,Alexander Mattison,MIN,RB,"$880,543"
1070,nfl,2020,1071,Josh Jones,ARI,RT,"$879,881"
1071,nfl,2020,1072,Connor McGovern,DAL,G,"$877,527"
1072,nfl,2020,1073,Arthur Maulet,NYJ,CB,"$875,000"
1073,nfl,2020,1074,Zack Baun,NO,LB/OLB,"$874,762"
1074,nfl,2020,1075,Ryan Finley,CIN,QB,"$872,414"
1075,nfl,2020,1076,Rasheem Green,SEA,ED/DE,"$872,256"
1076,nfl,2020,1077,Jonah Jackson,DET,G,"$872,140"
1077,nfl,2020,1078,Chauncey Gardner-Johnson,NO,SS,"$871,025"
1078,nfl,2020,1079,Anthony Nelson,TB,ED/OLB,"$868,760"
1079,nfl,2020,1080,Julian Love,NYG,FS,"$867,715"
1080,nfl,2020,1081,Khari Willis,IND,SS,"$866,776"
1081,nfl,2020,1082,Mitch Wishnowsky,SF,P,"$866,018"
1082,nfl,2020,1083,Kendall Sheffield,ATL,CB,"$864,922"
1083,nfl,2020,1084,Ke'Shawn Vaughn,TB,RB,"$864,727"
1084,nfl,2020,1085,Jahleel Addae,LAC,SS,"$864,705"
1085,nfl,2020,1086,Jordan Evans,CIN,LB/ILB,"$864,128"
1086,nfl,2020,1087,Michael Ojemudia,DEN,CB,"$863,890"
1087,nfl,2020,1088,Chase Edmonds,ARI,RB,"$863,089"
1088,nfl,2020,,Marquis Haynes,CAR,DL/DE,"$863,089"
1089,nfl,2020,,Dalton Schultz,DAL,TE,"$863,089"
1090,nfl,2020,1091,Matt Hennessy,ATL,C,"$862,648"
1091,nfl,2020,1092,D.J. Jones,SF,DL/DT,"$861,966"
1092,nfl,2020,1093,Justice Hill,BAL,RB,"$860,414"
1093,nfl,2020,1094,Dru Samia,MIN,G,"$859,279"
1094,nfl,2020,1095,Amani Hooker,TEN,FS,"$858,370"
1095,nfl,2020,1096,Anthony Chickillo,DEN,ED/OLB,"$856,470"
1096,nfl,2020,,Dontae Johnson,SF,CB,"$856,470"
1097,nfl,2020,,Cody Parkey,CLE,K,"$856,470"
1098,nfl,2020,,Cairo Santos,CHI,K,"$856,470"
1099,nfl,2020,1100,Sheldrick Redwine,CLE,FS,"$855,102"
1100,nfl,2020,1101,Bryan Edwards,LV,WR,"$853,174"
1101,nfl,2020,1102,Damien Harris,NE,RB,"$852,416"
1102,nfl,2020,1103,Neville Gallimore,DAL,DL/DT,"$850,991"
1103,nfl,2020,1104,Benny Snell Jr.,PIT,RB,"$850,517"
1104,nfl,2020,1105,Andrew Adams,TB,S,"$850,000"
1105,nfl,2020,,Christian Blake,ATL,WR,"$850,000"
1106,nfl,2020,,Patrick Chung,NE,SS,"$850,000"
1107,nfl,2020,,Mike Thomas,CIN,WR,"$850,000"
1108,nfl,2020,1109,Ben Powers,BAL,G,"$849,383"
1109,nfl,2020,1110,Sam Hubbard,CIN,ED/DE,"$848,476"
1110,nfl,2020,1111,Lloyd Cushenberry,DEN,C,"$846,544"
1111,nfl,2020,1112,Riley Ridley,CHI,WR,"$845,649"
1112,nfl,2020,1113,Ashtyn Davis,NYJ,FS,"$844,658"
1113,nfl,2020,1114,Noah Brown,DAL,WR,"$842,986"
1114,nfl,2020,1115,Tony Pollard,DAL,RB,"$841,945"
1115,nfl,2020,1116,Julian Blackmon,IND,FS,"$841,609"
1116,nfl,2020,1117,Isaiah Johnson,LV,CB,"$840,573"
1117,nfl,2020,1118,Yodny Cajuste,NE,LT,"$840,545"
1118,nfl,2020,1119,Dakota Dozier,MIN,G,"$840,000"
1119,nfl,2020,,DeAndre Houston-Carson,CHI,S,"$840,000"
1120,nfl,2020,,Don Muhlbach,DET,LS,"$840,000"
1121,nfl,2020,,Brent Urban,CHI,DL/DT,"$840,000"
1122,nfl,2020,1123,Drue Tranquill,LAC,LB/OLB,"$839,702"
1123,nfl,2020,1124,Zack Moss,BUF,RB,"$838,604"
1124,nfl,2020,1125,Wes Martin,WAS,G,"$837,702"
1125,nfl,2020,1126,Ugo Amadi,SEA,CB,"$836,299"
1126,nfl,2020,1127,Anfernee Jennings,NE,LB,"$835,794"
1127,nfl,2020,1128,Jordan Elliott,CLE,DL/DT,"$834,260"
1128,nfl,2020,1129,Jarrett Stidham,NE,QB,"$834,028"
1129,nfl,2020,1130,Cameron Dantzler,MIN,CB,"$833,750"
1130,nfl,2020,1131,Jonathan Greenard,HOU,ED/OLB,"$833,495"
1131,nfl,2020,1132,Kristian Fulton,TEN,CB,"$833,244"
1132,nfl,2020,1133,Devin Asiasi,NE,TE,"$833,240"
1133,nfl,2020,1134,Devin Duvernay,BAL,WR,"$831,966"
1134,nfl,2020,1135,Greg Gaines,LAR,DL/DT,"$831,653"
1135,nfl,2020,1136,R.J. McIntosh,NYG,DL/DE,"$830,368"
1136,nfl,2020,1137,Maurice Hurst,LV,DL/DT,"$829,761"
1137,nfl,2020,1138,Pat Elflein,NYJ,G,"$829,500"
1138,nfl,2020,1139,Kentavius Street,SF,ED/DE,"$827,550"
1139,nfl,2020,1140,Ja'whaun Bentley,NE,LB/ILB,"$825,988"
1140,nfl,2020,1141,Justin Watson,TB,WR,"$825,434"
1141,nfl,2020,1142,Alex Armah,CAR,FB,"$825,000"
1142,nfl,2020,,Tarell Basham,NYJ,ED/OLB,"$825,000"
1143,nfl,2020,,Taco Charlton,KC,ED/DE,"$825,000"
1144,nfl,2020,,Corey Clement,PHI,RB,"$825,000"
1145,nfl,2020,,Adrian Colbert,NYG,FS,"$825,000"
1146,nfl,2020,,Rashaad Coward,CHI,G,"$825,000"
1147,nfl,2020,,Jordan Dangerfield,PIT,SS,"$825,000"
1148,nfl,2020,,Darrell Daniels,ARI,TE,"$825,000"
1149,nfl,2020,,Joshua Dobbs,PIT,QB,"$825,000"
1150,nfl,2020,,Rasul Douglas,CAR,CB,"$825,000"
1151,nfl,2020,,Johnathan Ford,PHI,FS,"$825,000"
1152,nfl,2020,,Morgan Fox,LAR,DL/DE,"$825,000"
1153,nfl,2020,,Nate Gerry,PHI,LB/OLB,"$825,000"
1154,nfl,2020,,Mack Hollins,MIA,WR,"$825,000"
1155,nfl,2020,,Joe Jones,DEN,ED/OLB,"$825,000"
1156,nfl,2020,,Josh Jones,JAX,FS,"$825,000"
1157,nfl,2020,,Adam Pankey,MIA,G,"$825,000"
1158,nfl,2020,,Samaje Perine,CIN,RB,"$825,000"
1159,nfl,2020,,Kalif Raymond,TEN,WR,"$825,000"
1160,nfl,2020,,Duke Riley,PHI,LB/OLB,"$825,000"
1161,nfl,2020,,Isaac Rochell,LAC,ED/DE,"$825,000"
1162,nfl,2020,,Tye Smith,TEN,CB,"$825,000"
1163,nfl,2020,,Jason Spriggs,CHI,LT,"$825,000"
1164,nfl,2020,,Vincent Taylor,CLE,DL/DT,"$825,000"
1165,nfl,2020,,Tanner Vallejo,ARI,LB/ILB,"$825,000"
1166,nfl,2020,,Charles Washington,ARI,FS,"$825,000"
1167,nfl,2020,1168,Bilal Nichols,CHI,DL/DE,"$824,870"
1168,nfl,2020,1169,McTelvin Agim,DEN,DL/DT,"$824,318"
1169,nfl,2020,1170,Michael Dickson,SEA,P,"$822,537"
1170,nfl,2020,1171,Dane Cruikshank,TEN,SS,"$821,973"
1171,nfl,2020,1172,Tyrell Crosby,DET,LT,"$821,920"
1172,nfl,2020,1173,Quincy Williams,JAX,LB/OLB,"$821,721"
1173,nfl,2020,1174,Siran Neal,BUF,S,"$821,504"
1174,nfl,2020,1175,Scott Quessenberry,LAC,C,"$821,063"
1175,nfl,2020,1176,Tyler Conklin,MIN,TE,"$820,257"
1176,nfl,2020,1177,Jermaine Carter,CAR,LB/ILB,"$818,343"
1177,nfl,2020,1178,Malik Harrison,BAL,LB/ILB,"$818,074"
1178,nfl,2020,,Alex Highsmith,PIT,ED/OLB,"$818,074"
1179,nfl,2020,,Matt Peart,NYG,LT,"$818,074"
1180,nfl,2020,,Jacob Phillips,CLE,LB/OLB,"$818,074"
1181,nfl,2020,,Davion Taylor,PHI,LB/OLB,"$818,074"
1182,nfl,2020,,Adam Trautman,NO,TE,"$818,074"
1183,nfl,2020,1184,Tim Settle,WAS,DL/DT,"$817,010"
1184,nfl,2020,1185,DaVon Hamilton,JAX,DL/DT,"$814,689"
1185,nfl,2020,1186,Jaylen Samuels,PIT,RB,"$814,516"
1186,nfl,2020,1187,Akeem Davis-Gaither,CIN,LB/OLB,"$814,378"
1187,nfl,2020,1188,Ifeadi Odenigbo,MIN,ED/DE,"$812,500"
1188,nfl,2020,1189,Jordan Wilkins,IND,RB,"$810,310"
1189,nfl,2020,1190,Tyrell Adams,HOU,LB/ILB,"$810,000"
1190,nfl,2020,1191,Saahdiq Charles,WAS,G,"$809,843"
1191,nfl,2020,1192,Anthony Averett,BAL,CB,"$809,370"
1192,nfl,2020,1193,John Simpson,LV,G,"$809,195"
1193,nfl,2020,1194,Darnay Holmes,NYG,CB,"$807,972"
1194,nfl,2020,1195,Solomon Kindley,MIA,G,"$806,142"
1195,nfl,2020,1196,Maxx Crosby,LV,ED/DE,"$805,566"
1196,nfl,2020,1197,Josh Kelley,LAC,RB,"$805,085"
1197,nfl,2020,1198,JK Scott,GB,P,"$804,388"
1198,nfl,2020,,Marquez Valdes-Scantling,GB,WR,"$804,388"
1199,nfl,2020,1200,Troy Pride Jr.,CAR,CB,"$804,369"
1200,nfl,2020,1201,Hroniss Grasu,SF,C,"$802,941"
1201,nfl,2020,1202,Harrison Bryant,CLE,TE,"$802,257"
1202,nfl,2020,1203,Ben Bartch,JAX,G,"$800,904"
1203,nfl,2020,1204,Trent Taylor,SF,WR,"$800,485"
1204,nfl,2020,1205,Darqueze Dennard,ATL,CB,"$800,000"
1205,nfl,2020,,John Jenkins,CHI,DL/DT,"$800,000"
1206,nfl,2020,,Keith Kirkwood,CAR,WR,"$800,000"
1207,nfl,2020,,D.J. Swearinger,NO,FS,"$800,000"
1208,nfl,2020,1209,D.J. Wonnum,MIN,ED/DE,"$797,695"
1209,nfl,2020,1210,John Cominsky,ATL,ED/DE,"$797,098"
1210,nfl,2020,,Michael Jordan,CIN,G,"$797,098"
1211,nfl,2020,,Foster Moreau,LV,TE,"$797,098"
1212,nfl,2020,1213,Mykal Walker,ATL,LB/ILB,"$796,520"
1213,nfl,2020,1214,Logan Stenberg,DET,G,"$795,410"
1214,nfl,2020,1215,Terrell Lewis,LAR,ED/OLB,"$793,967"
1215,nfl,2020,1216,Foley Fatukasi,NYJ,DL/DT,"$793,563"
1216,nfl,2020,1217,Jacob Eason,IND,QB,"$793,066"
1217,nfl,2020,1218,Reggie Robinson,DAL,CB,"$792,318"
1218,nfl,2020,1219,Anthony McFarland,PIT,RB,"$790,607"
1219,nfl,2020,1220,Sharrod Neasman,ATL,FS,"$790,000"
1220,nfl,2020,1221,Deshon Elliott,BAL,FS,"$789,448"
1221,nfl,2020,1222,Russell Gage,ATL,WR,"$789,048"
1222,nfl,2020,1223,James Morgan,NYJ,QB,"$788,816"
1223,nfl,2020,1224,Sebastian Joseph,LAR,DL/DT,"$788,809"
1224,nfl,2020,1225,Charlie Heck,HOU,G,"$787,676"
1225,nfl,2020,1226,Foyesade Oluokun,ATL,LB/OLB,"$786,657"
1226,nfl,2020,1227,K'Von Wallace,PHI,SS,"$786,528"
1227,nfl,2020,1228,Gabriel Davis,BUF,WR,"$784,845"
1228,nfl,2020,1229,Matt Pryor,PHI,G,"$783,195"
1229,nfl,2020,1230,Mike Pennel,KC,DL/DT,"$783,088"
1230,nfl,2020,1231,James Lynch,MIN,DL/DT,"$782,749"
1231,nfl,2020,1232,Tanner Muse,LV,LB/OLB,"$781,014"
1232,nfl,2020,1233,Dalton Keene,NE,TE,"$781,010"
1233,nfl,2020,1234,Bradley Bozeman,BAL,G,"$779,602"
1234,nfl,2020,,Peter Kalambayi,HOU,LB/ILB,"$779,602"
1235,nfl,2020,1236,Trevon Wesco,NYJ,FB,"$778,115"
1236,nfl,2020,1237,Jaylinn Hawkins,ATL,FS,"$776,729"
1237,nfl,2020,1238,D.J. Fluker,BAL,G,"$775,000"
1238,nfl,2020,,Josh Wells,TB,RT,"$775,000"
1239,nfl,2020,1240,Kevin Dotson,PIT,G,"$774,704"
1240,nfl,2020,1241,Brycen Hopkins,LAR,TE,"$773,283"
1241,nfl,2020,1242,Jabari Zuniga,NYJ,DL/DE,"$772,868"
1242,nfl,2020,1243,Jason Sanders,MIA,K,"$772,800"
1243,nfl,2020,1244,Leon Jacobs,JAX,LB/OLB,"$772,670"
1244,nfl,2020,1245,Zaire Franklin,IND,LB/ILB,"$771,764"
1245,nfl,2020,1246,Josiah Scott,JAX,CB,"$770,985"
1246,nfl,2020,1247,Steven Means,ATL,ED/DE,"$770,000"
1247,nfl,2020,1248,Hunter Bradley,GB,LS,"$769,335"
1248,nfl,2020,1249,Logan Cooke,JAX,P,"$767,905"
1249,nfl,2020,1250,Julian Okwara,DET,ED/DE,"$767,028"
1250,nfl,2020,1251,Deionte Thompson,ARI,SS,"$762,208"
1251,nfl,2020,1252,Ryquell Armstead,JAX,RB,"$761,439"
1252,nfl,2020,1253,Jalen Thompson,ARI,SS,"$760,730"
1253,nfl,2020,1254,Ben Burr-Kirven,SEA,LB/OLB,"$760,403"
1254,nfl,2020,1255,Amani Oruwariye,DET,CB,"$755,526"
1255,nfl,2020,1256,Dre Greenlaw,SF,LB/OLB,"$755,429"
1256,nfl,2020,1257,Olasunkanmi Adeniyi,PIT,ED/OLB,"$755,000"
1257,nfl,2020,,Phillip Lindsay,DEN,RB,"$755,000"
1258,nfl,2020,,Darrel Williams,KC,RB,"$755,000"
1259,nfl,2020,1260,George Odum,IND,FS,"$754,334"
1260,nfl,2020,1261,Hunter Renfrow,LV,WR,"$753,987"
1261,nfl,2020,1262,Brandon Facyson,LAC,CB,"$753,334"
1262,nfl,2020,,J.C. Jackson,NE,CB,"$753,334"
1263,nfl,2020,,Danny Johnson,WAS,CB,"$753,334"
1264,nfl,2020,,Trent Sherfield,ARI,WR,"$753,334"
1265,nfl,2020,1266,Kingsley Keke,GB,DL/DE,"$753,316"
1266,nfl,2020,1267,Qadree Ollison,ATL,RB,"$752,891"
1267,nfl,2020,1268,Andrew Van Ginkel,MIA,ED/OLB,"$752,695"
1268,nfl,2020,1269,Poona Ford,SEA,DL/DT,"$752,668"
1269,nfl,2020,1270,Mike Boone,MIN,RB,"$752,500"
1270,nfl,2020,,Matt Gono,ATL,LT,"$752,500"
1271,nfl,2020,1272,Mack Wilson,CLE,LB/OLB,"$752,201"
1272,nfl,2020,1273,Tim Boyle,GB,QB,"$752,000"
1273,nfl,2020,,Dennis Gardeck,ARI,LB/ILB,"$752,000"
1274,nfl,2020,,Ben Niemann,KC,LB,"$752,000"
1275,nfl,2020,1276,Tre Herndon,JAX,CB,"$751,668"
1276,nfl,2020,1277,Chris Board,BAL,LB/ILB,"$751,334"
1277,nfl,2020,1278,Ezekiel Turner,ARI,LB/ILB,"$751,000"
1278,nfl,2020,1279,Oday Aboushi,DET,G,"$750,000"
1279,nfl,2020,,Mo Alie-Cox,IND,TE,"$750,000"
1280,nfl,2020,,Stephen Anderson,LAC,TE,"$750,000"
1281,nfl,2020,,Cornell Armstrong,HOU,CB,"$750,000"
1282,nfl,2020,,Dan Arnold,ARI,TE,"$750,000"
1283,nfl,2020,,Michael Badgley,LAC,K,"$750,000"
1284,nfl,2020,,Chad Beebe,MIN,WR,"$750,000"
1285,nfl,2020,,Braxton Berrios,NYJ,WR,"$750,000"
1286,nfl,2020,,Angelo Blackson,ARI,DL/DE,"$750,000"
1287,nfl,2020,,Ike Boettger,BUF,G,"$750,000"
1288,nfl,2020,,Corey Bojorquez,BUF,P,"$750,000"
1289,nfl,2020,,Daniel Brown,NYJ,TE,"$750,000"
1290,nfl,2020,,Jason Cabinda,DET,FB,"$750,000"
1291,nfl,2020,,Trenton Cannon,CAR,RB,"$750,000"
1292,nfl,2020,,Daniel Carlson,LV,K,"$750,000"
1293,nfl,2020,,Keion Crossen,HOU,CB,"$750,000"
1294,nfl,2020,,Korey Cunningham,NE,RT,"$750,000"
1295,nfl,2020,,Sean Davis,PIT,FS,"$750,000"
1296,nfl,2020,,Tae Davis,CLE,LB/ILB,"$750,000"
1297,nfl,2020,,Matt Dickerson,TEN,DL/DE,"$750,000"
1298,nfl,2020,,Jamil Douglas,TEN,C,"$750,000"
1299,nfl,2020,,Devante Downs,NYG,ED/OLB,"$750,000"
1300,nfl,2020,,Laurent Duvernay-Tardif,KC,G,"$750,000"
1301,nfl,2020,,Ross Dwelley,SF,TE,"$750,000"
1302,nfl,2020,,Gus Edwards,BAL,RB,"$750,000"
1303,nfl,2020,,Mario Edwards,CHI,DL/DE,"$750,000"
1304,nfl,2020,,Corn Elder,CAR,CB,"$750,000"
1305,nfl,2020,,Anthony Firkser,TEN,TE,"$750,000"
1306,nfl,2020,,John Franklin-Myers,NYJ,DL/DE,"$750,000"
1307,nfl,2020,,Tashaun Gipson,CHI,FS,"$750,000"
1308,nfl,2020,,C.J. Goodwin,DAL,CB,"$750,000"
1309,nfl,2020,,Frank Gore,NYJ,RB,"$750,000"
1310,nfl,2020,,Adam Gotsis,JAX,ED/DE,"$750,000"
1311,nfl,2020,,J.T. Gray,NO,SS,"$750,000"
1312,nfl,2020,,Chaz Green,IND,LT,"$750,000"
1313,nfl,2020,,Marcell Harris,SF,SS,"$750,000"
1314,nfl,2020,,Rashard Higgins,CLE,WR,"$750,000"
1315,nfl,2020,,Buddy Howell,HOU,RB,"$750,000"
1316,nfl,2020,,Brian Hoyer,NE,QB,"$750,000"
1317,nfl,2020,,A.J. Johnson,DEN,LB/ILB,"$750,000"
1318,nfl,2020,,Cameron Johnston,PHI,P,"$750,000"
1319,nfl,2020,,Joshua Kalu,TEN,FS,"$750,000"
1320,nfl,2020,,Daniel Kilgore,KC,C,"$750,000"
1321,nfl,2020,,Dre Kirkpatrick,ARI,CB,"$750,000"
1322,nfl,2020,,Younghoe Koo,ATL,K,"$750,000"
1323,nfl,2020,,Tyler Lancaster,GB,DL/DE,"$750,000"
1324,nfl,2020,,T.J. Logan,TB,RB,"$750,000"
1325,nfl,2020,,Star Lotulelei,BUF,DL/DT,"$750,000"
1326,nfl,2020,,Justin March,DAL,LB/OLB,"$750,000"
1327,nfl,2020,,Trey Marshall,DEN,SS,"$750,000"
1328,nfl,2020,,Jake Martin,HOU,ED/OLB,"$750,000"
1329,nfl,2020,,Ray-Ray McCloud,PIT,WR,"$750,000"
1330,nfl,2020,,LeSean McCoy,TB,RB,"$750,000"
1331,nfl,2020,,Chris Milton,TEN,CB,"$750,000"
1332,nfl,2020,,Nick Mullens,SF,QB,"$750,000"
1333,nfl,2020,,Johnny Mundt,LAR,TE,"$750,000"
1334,nfl,2020,,Pat O'Connor,TB,DL/DT,"$750,000"
1335,nfl,2020,,Efe Obada,CAR,DL/DE,"$750,000"
1336,nfl,2020,,Zach Pascal,IND,WR,"$750,000"
1337,nfl,2020,,Tim Patrick,DEN,WR,"$750,000"
1338,nfl,2020,,Adrian Peterson,DET,RB,"$750,000"
1339,nfl,2020,,Brandon Powell,ATL,WR,"$750,000"
1340,nfl,2020,,Brent Qvale,HOU,RT,"$750,000"
1341,nfl,2020,,Will Redmond,GB,FS,"$750,000"
1342,nfl,2020,,LaRoy Reynolds,ATL,LB/OLB,"$750,000"
1343,nfl,2020,,Richard Rodgers,PHI,TE,"$750,000"
1344,nfl,2020,,Boston Scott,PHI,RB,"$750,000"
1345,nfl,2020,,Trenton Scott,CAR,LT,"$750,000"
1346,nfl,2020,,A.Q. Shipley,TB,C,"$750,000"
1347,nfl,2020,,Trent Sieg,LV,LS,"$750,000"
1348,nfl,2020,,Malcolm Smith,CLE,LB/OLB,"$750,000"
1349,nfl,2020,,Taylor Stallworth,IND,DL/DT,"$750,000"
1350,nfl,2020,,Julian Stanford,CAR,ED/OLB,"$750,000"
1351,nfl,2020,,Aaron Stinnie,TB,G,"$750,000"
1352,nfl,2020,,Luke Stocker,ATL,TE,"$750,000"
1353,nfl,2020,,Ryan Succop,TB,K,"$750,000"
1354,nfl,2020,,Chandon Sullivan,GB,CB,"$750,000"
1355,nfl,2020,,Geoff Swaim,TEN,TE,"$750,000"
1356,nfl,2020,,Adarius Taylor,CAR,LB/ILB,"$750,000"
1357,nfl,2020,,Wyatt Teller,CLE,G,"$750,000"
1358,nfl,2020,,Tavierre Thomas,CLE,CB,"$750,000"
1359,nfl,2020,,Robert Tonyan Jr.,GB,TE,"$750,000"
1360,nfl,2020,,Malik Turner,DAL,WR,"$750,000"
1361,nfl,2020,,Charvarius Ward,KC,CB,"$750,000"
1362,nfl,2020,,Jon Weeks,HOU,LS,"$750,000"
1363,nfl,2020,,Kyle Wilber,LV,LB/OLB,"$750,000"
1364,nfl,2020,,Darious Williams,LAR,CB,"$750,000"
1365,nfl,2020,,Tavon Wilson,IND,SS,"$750,000"
1366,nfl,2020,,Antwaun Woods,DAL,DL/DT,"$750,000"
1367,nfl,2020,,Andrew Wylie,KC,G,"$750,000"
1368,nfl,2020,,Deon Yelder,KC,TE,"$750,000"
1369,nfl,2020,,Isaac Yiadom,NYG,CB,"$750,000"
1370,nfl,2020,,Kenny Young,LAR,LB/ILB,"$750,000"
1371,nfl,2020,,Sam Young,LV,LT,"$750,000"
1372,nfl,2020,,Brandon Zylstra,CAR,WR,"$750,000"
1373,nfl,2020,1374,Charles Omenihu,HOU,DL/DE,"$748,820"
1374,nfl,2020,1375,Dawson Knox,BUF,TE,"$748,781"
1375,nfl,2020,1376,E.J. Speed,IND,LB/ILB,"$747,349"
1376,nfl,2020,1377,Jake Bailey,NE,P,"$747,245"
1377,nfl,2020,1378,La'Mical Perine,NYJ,RB,"$746,919"
1378,nfl,2020,1379,Easton Stick,LAC,QB,"$744,391"
1379,nfl,2020,1380,David Edwards,LAR,G,"$741,130"
1380,nfl,2020,1381,Austin Bryant,DET,ED/DE,"$740,511"
1381,nfl,2020,1382,Tyre Phillips,BAL,G,"$738,068"
1382,nfl,2020,1383,Tre Flowers,SEA,CB,"$736,450"
1383,nfl,2020,1384,Jamarco Jones,SEA,LT,"$736,250"
1384,nfl,2020,1385,Darius Phillips,CIN,CB,"$733,804"
1385,nfl,2020,1386,Cole Holcomb,WAS,ED/OLB,"$733,721"
1386,nfl,2020,1387,Ben Bredeson,BAL,G,"$733,600"
1387,nfl,2020,,DeeJay Dallas,SEA,RB,"$733,600"
1388,nfl,2020,,John Reid,HOU,CB,"$733,600"
1389,nfl,2020,,Amik Robertson,LV,CB,"$733,600"
1390,nfl,2020,1391,Darius Slayton,NYG,WR,"$733,497"
1391,nfl,2020,1392,Josh Andrews,NYJ,C,"$732,358"
1392,nfl,2020,,Kylie Fitts,ARI,ED/OLB,"$732,358"
1393,nfl,2020,1394,James Ferentz,NE,C,"$727,941"
1394,nfl,2020,1395,Keesean Johnson,ARI,WR,"$727,328"
1395,nfl,2020,1396,Rashad Fenton,KC,CB,"$722,705"
1396,nfl,2020,1397,Lamont Gaillard,ARI,G,"$722,034"
1397,nfl,2020,1398,Duke Ejiofor,HOU,ED/OLB,"$721,314"
1398,nfl,2020,1399,Jaquan Johnson,BUF,SS,"$721,085"
1399,nfl,2020,1400,Byron Cowart,NE,DL/DT,"$720,737"
1400,nfl,2020,1401,Trayveon Williams,CIN,RB,"$720,496"
1401,nfl,2020,1402,Justin Skule,SF,LT,"$719,714"
1402,nfl,2020,1403,Darrynton Evans,TEN,RB,"$719,411"
1403,nfl,2020,1404,Ka'dar Hollman,GB,CB,"$718,737"
1404,nfl,2020,1405,Troy Dye,MIN,LB/OLB,"$717,880"
1405,nfl,2020,1406,David Long,TEN,LB/ILB,"$717,429"
1406,nfl,2020,1407,Isaiah Buggs,PIT,DL/DT,"$717,158"
1407,nfl,2020,1408,Armon Watts,MIN,DL/DT,"$717,113"
1408,nfl,2020,1409,Olisaemeka Udoh,MIN,RT,"$716,741"
1409,nfl,2020,1410,Darwin Thompson,KC,RB,"$716,460"
1410,nfl,2020,1411,Harvey Langi,NYJ,ED/OLB,"$714,711"
1411,nfl,2020,1412,Emeke Egbule,LAC,LB/OLB,"$714,091"
1412,nfl,2020,1413,Nick Allegretti,KC,G,"$712,488"
1413,nfl,2020,1414,Cameron Clark,NYJ,G,"$708,627"
1414,nfl,2020,1415,Scotty Miller,TB,WR,"$706,960"
1415,nfl,2020,,Duke Shelley,CHI,CB,"$706,960"
1416,nfl,2020,1417,Donovan Wilson,DAL,S,"$706,839"
1417,nfl,2020,1418,Pharaoh Brown,HOU,TE,"$705,888"
1418,nfl,2020,,Jerald Hawkins,PIT,T,"$705,888"
1419,nfl,2020,,Mason Schreck,CIN,TE,"$705,888"
1420,nfl,2020,1421,Le'Veon Bell,KC,RB,"$705,882"
1421,nfl,2020,,Nick Folk,NE,K,"$705,882"
1422,nfl,2020,,John Wetzel,ATL,T,"$705,882"
1423,nfl,2020,1424,Phil Haynes,SEA,G,"$700,659"
1424,nfl,2020,1425,Darryl Johnson,BUF,ED/DE,"$699,522"
1425,nfl,2020,1426,Ty Summers,GB,LB/ILB,"$699,476"
1426,nfl,2020,1427,Jimmy Moreland,WAS,CB,"$699,473"
1427,nfl,2020,1428,Khalid Kareem,CIN,ED/DE,"$698,619"
1428,nfl,2020,1429,Richie James,SF,WR,"$698,558"
1429,nfl,2020,1430,Albert Okwuegbunam,DEN,TE,"$698,434"
1430,nfl,2020,1431,Alton Robinson,SEA,ED/DE,"$697,837"
1431,nfl,2020,1432,Jordan Mailata,PHI,RT,"$697,348"
1432,nfl,2020,1433,Danny Pinter,IND,G,"$697,175"
1433,nfl,2020,1434,Tony Brown,CIN,CB,"$697,063"
1434,nfl,2020,1435,Khadarel Hodge,CLE,WR,"$697,058"
1435,nfl,2020,,Levi Wallace,BUF,CB,"$697,058"
1436,nfl,2020,1437,Shane Lemieux,NYG,G,"$696,785"
1437,nfl,2020,1438,Ryan Izzo,NE,TE,"$696,683"
1438,nfl,2020,1439,Jack Driscoll,PHI,G,"$696,536"
1439,nfl,2020,1440,Nick Bawden,DET,FB,"$696,051"
1440,nfl,2020,1441,Jonathan Bullard,SEA,ED/DE,"$695,882"
1441,nfl,2020,1442,Joe Reed,LAC,WR,"$695,077"
1442,nfl,2020,1443,Ty Long,LAC,P,"$695,000"
1443,nfl,2020,1444,Terrell Burgess,LAR,SS,"$694,542"
1444,nfl,2020,1445,Cortez Broughton,LAC,DL/DT,"$694,505"
1445,nfl,2020,1446,Nick Scott,LAR,FS,"$694,332"
1446,nfl,2020,1447,Kaden Elliss,NO,LB/OLB,"$694,079"
1447,nfl,2020,1448,Joshua Miles,ARI,LT,"$693,644"
1448,nfl,2020,1449,Olabisi Johnson,MIN,WR,"$693,572"
1449,nfl,2020,1450,Khalen Saunders,KC,DL/DT,"$693,501"
1450,nfl,2020,1451,Justin Lawler,LAR,ED/OLB,"$693,435"
1451,nfl,2020,1452,Colton McKivitz,SF,LT,"$691,829"
1452,nfl,2020,1453,Jason Strowbridge,MIA,DL/DE,"$691,623"
1453,nfl,2020,1454,Trevis Gipson,CHI,DL/DE,"$691,418"
1454,nfl,2020,1455,Colby Parkinson,SEA,TE,"$691,136"
1455,nfl,2020,1456,Josh Woods,CHI,LB/ILB,"$690,100"
1456,nfl,2020,1457,Keith Ismael,WAS,C,"$689,959"
1457,nfl,2020,1458,Nick Harris,CLE,C,"$688,662"
1458,nfl,2020,1459,Tyler Johnson,TB,WR,"$688,605"
1459,nfl,2020,1460,Khaleke Hudson,WAS,ED/OLB,"$688,150"
1460,nfl,2020,1461,Kindle Vildor,CHI,CB,"$687,668"
1461,nfl,2020,1462,Collin Johnson,JAX,WR,"$686,788"
1462,nfl,2020,1463,Quintez Cephus,DET,WR,"$686,072"
1463,nfl,2020,1464,Javon Wims,CHI,WR,"$685,748"
1464,nfl,2020,1465,Jake Fromm,BUF,QB,"$685,740"
1465,nfl,2020,1466,John Hightower,PHI,WR,"$685,013"
1466,nfl,2020,1467,Phillip Walker,CAR,QB,"$685,000"
1467,nfl,2020,,John Wolford,LAR,QB,"$685,000"
1468,nfl,2020,1469,Harrison Hand,MIN,CB,"$684,695"
1469,nfl,2020,1470,Broderick Washington,BAL,DL/DT,"$683,412"
1470,nfl,2020,1471,L'Jarius Sneed,KC,CB,"$682,109"
1471,nfl,2020,1472,Darnell Mooney,CHI,WR,"$680,513"
1472,nfl,2020,1473,Azeez Al-Shaair,SF,LB/ILB,"$680,000"
1473,nfl,2020,,Carl Granderson,NO,ED/DE,"$680,000"
1474,nfl,2020,,Keisean Nixon,LV,CB,"$680,000"
1475,nfl,2020,,Malik Reed,DEN,ED/OLB,"$680,000"
1476,nfl,2020,1477,Larrell Murchison,TEN,DL/DT,"$679,436"
1477,nfl,2020,1478,Justin Jackson,LAC,RB,"$679,416"
1478,nfl,2020,,Kevin Peterson,ARI,CB,"$679,416"
1479,nfl,2020,1480,Austin Calitro,DEN,LB/ILB,"$679,411"
1480,nfl,2020,,Jared Norris,WAS,LB/ILB,"$679,411"
1481,nfl,2020,,Alex Redmond,CIN,G,"$679,411"
1482,nfl,2020,1483,Ryan Lewis,NYG,CB,"$679,265"
1483,nfl,2020,1484,Nate Herbig,PHI,C,"$679,166"
1484,nfl,2020,1485,Troy Reeder,LAR,LB/ILB,"$679,000"
1485,nfl,2020,1486,Josiah Deguara,GB,TE,"$678,632"
1486,nfl,2020,1487,Jamie Gillan,CLE,P,"$678,333"
1487,nfl,2020,,Alec Ingold,LV,FB,"$678,333"
1488,nfl,2020,,Andre James,LV,C,"$678,333"
1489,nfl,2020,,Jakobi Meyers,NE,WR,"$678,333"
1490,nfl,2020,1491,Patrick Laird,MIA,RB,"$678,000"
1491,nfl,2020,1492,Patrick Mekari,BAL,C,"$677,666"
1492,nfl,2020,1493,Ethan Greenidge,NO,RT,"$677,500"
1493,nfl,2020,1494,Dennis Daley,CAR,G,"$677,428"
1494,nfl,2020,1495,C.J. Moore,DET,FS,"$677,333"
1495,nfl,2020,1496,K.J. Osborn,MIN,WR,"$676,943"
1496,nfl,2020,1497,Shy Tuttle,NO,DL/DT,"$676,666"
1497,nfl,2020,1498,Raven Greene,GB,FS,"$676,168"
1498,nfl,2020,1499,Micah Kiser,LAR,LB/ILB,"$675,954"
1499,nfl,2020,1500,A.J. Cole,LV,P,"$675,833"
1500,nfl,2020,1501,Dakota Allen,JAX,LB/OLB,"$675,000"
1501,nfl,2020,,Kyle Allen,WAS,QB,"$675,000"
1502,nfl,2020,,Marcus Allen,PIT,FS,"$675,000"
1503,nfl,2020,,Calvin Anderson,DEN,RT,"$675,000"
1504,nfl,2020,,Alex Bars,CHI,RT,"$675,000"
1505,nfl,2020,,Jackson Barton,NYG,T,"$675,000"
1506,nfl,2020,,Ryan Bates,BUF,LT,"$675,000"
1507,nfl,2020,,Khari Blasingame,TEN,FB,"$675,000"
1508,nfl,2020,,C.J. Board,NYG,WR,"$675,000"
1509,nfl,2020,,Daniel Brunskill,SF,RT,"$675,000"
1510,nfl,2020,,Stephen Carlson,CLE,TE,"$675,000"
1511,nfl,2020,,Ryan Connelly,MIN,LB/ILB,"$675,000"
1512,nfl,2020,,Sam Eguavoen,MIA,ED/OLB,"$675,000"
1513,nfl,2020,,Marcus Epps,PHI,FS,"$675,000"
1514,nfl,2020,,Jaeden Graham,ATL,TE,"$675,000"
1515,nfl,2020,,Porter Gustin,CLE,ED/DE,"$675,000"
1516,nfl,2020,,Jalen Guyton,LAC,WR,"$675,000"
1517,nfl,2020,,Justin Hollins,LAR,ED/OLB,"$675,000"
1518,nfl,2020,,J.P. Holtz,CHI,TE,"$675,000"
1519,nfl,2020,,Joe Jackson,CLE,ED/DE,"$675,000"
1520,nfl,2020,,D’Ernest Johnson,CLE,RB,"$675,000"
1521,nfl,2020,,Fred Johnson,CIN,LT,"$675,000"
1522,nfl,2020,,Jakob Johnson,NE,FB,"$675,000"
1523,nfl,2020,,Cole Mazza,LAC,LS,"$675,000"
1524,nfl,2020,,Emmanuel Moseley,SF,CB,"$675,000"
1525,nfl,2020,,Calvin Munson,MIA,LB/ILB,"$675,000"
1526,nfl,2020,,Ryan Nall,CHI,RB,"$675,000"
1527,nfl,2020,,Nik Needham,MIA,CB,"$675,000"
1528,nfl,2020,,Yosh Nijman,GB,LT,"$675,000"
1529,nfl,2020,,Storm Norton,LAC,G,"$675,000"
1530,nfl,2020,,Dare Ogunbowale,JAX,RB,"$675,000"
1531,nfl,2020,,Jamal Perry,MIA,CB,"$675,000"
1532,nfl,2020,,Eddy Pineiro,CHI,K,"$675,000"
1533,nfl,2020,,Derick Roberson,TEN,ED/OLB,"$675,000"
1534,nfl,2020,,Austin Schlottmann,DEN,G,"$675,000"
1535,nfl,2020,,Coleman Shelton,LAR,C,"$675,000"
1536,nfl,2020,,Jordan Simmons,SEA,G,"$675,000"
1537,nfl,2020,,Alex Singleton,PHI,LB/OLB,"$675,000"
1538,nfl,2020,,Joey Slye,CAR,K,"$675,000"
1539,nfl,2020,,Kaden Smith,NYG,TE,"$675,000"
1540,nfl,2020,,Diontae Spencer,DEN,WR,"$675,000"
1541,nfl,2020,,Zach Triner,TB,LS,"$675,000"
1542,nfl,2020,,Jacob Tuioti-Mariner,ATL,DL/DT,"$675,000"
1543,nfl,2020,,James Vaughters,CHI,ED/OLB,"$675,000"
1544,nfl,2020,,Greg Ward,PHI,WR,"$675,000"
1545,nfl,2020,,Brandon Watson,JAX,CB,"$675,000"
1546,nfl,2020,,Nsimba Webster,LAR,WR,"$675,000"
1547,nfl,2020,,Cedrick Wilson,DAL,WR,"$675,000"
1548,nfl,2020,1549,Zach Gentry,PIT,TE,"$672,881"
1549,nfl,2020,1550,Blessuan Austin,NYJ,CB,"$671,627"
1550,nfl,2020,1551,Trace McSorley,BAL,QB,"$671,056"
1551,nfl,2020,1552,Rashard Lawrence,ARI,DL/DE,"$671,016"
1552,nfl,2020,1553,Sidney Jones,JAX,CB,"$670,588"
1553,nfl,2020,1554,Matthew Adams,IND,LB/OLB,"$669,512"
1554,nfl,2020,1555,Bradlee Anae,DAL,ED/DE,"$669,443"
1555,nfl,2020,1556,Travis Homer,SEA,RB,"$666,588"
1556,nfl,2020,1557,Tyler Biadasz,DAL,C,"$663,594"
1557,nfl,2020,1558,Hakeem Adeniji,CIN,LT,"$662,971"
1558,nfl,2020,1559,Kyle Fuller,SEA,G,"$661,770"
1559,nfl,2020,,Malik Jefferson,LAC,LB/OLB,"$661,770"
1560,nfl,2020,,Dion Jordan,SF,ED/DE,"$661,770"
1561,nfl,2020,,Jordan Richards,BAL,SS,"$661,770"
1562,nfl,2020,,Tremon Smith,IND,CB,"$661,770"
1563,nfl,2020,1564,Genard Avery,PHI,ED/DE,"$661,768"
1564,nfl,2020,,Ronnie Harrison,CLE,SS,"$661,768"
1565,nfl,2020,,Auden Tate,CIN,WR,"$661,768"
1566,nfl,2020,1567,Vyncint Smith,NYJ,WR,"$661,766"
1567,nfl,2020,1568,Todd Davis,MIN,LB/ILB,"$661,765"
1568,nfl,2020,,Ryan Groy,LAC,G,"$661,765"
1569,nfl,2020,1570,Jeremy McNichols,TEN,RB,"$661,764"
1570,nfl,2020,1571,Netane Muti,DEN,G,"$661,448"
1571,nfl,2020,1572,Mike Onwenu,NE,G,"$660,619"
1572,nfl,2020,1573,Cameron Brown,NYG,ED/OLB,"$659,591"
1573,nfl,2020,1574,Bravvion Roy,CAR,DL/DT,"$658,494"
1574,nfl,2020,1575,Kris Boyd,MIN,CB,"$658,198"
1575,nfl,2020,1576,Blake Ferguson,MIA,LS,"$657,612"
1576,nfl,2020,1577,Alohi Gilman,LAC,S,"$656,969"
1577,nfl,2020,1578,Donovan Peoples-Jones,CLE,WR,"$656,652"
1578,nfl,2020,1579,Tyler Bass,BUF,K,"$656,054"
1579,nfl,2020,1580,Takkarist McKinley,LV,ED/DE,"$655,835"
1580,nfl,2020,1581,Jake Luton,JAX,QB,"$655,437"
1581,nfl,2020,1582,Charlie Woerner,SF,TE,"$655,257"
1582,nfl,2020,1583,Braden Mann,NYJ,P,"$654,275"
1583,nfl,2020,1584,Jon Runyan,GB,G,"$653,669"
1584,nfl,2020,1585,Shaq Quarterman,JAX,LB/OLB,"$653,594"
1585,nfl,2020,1586,Khalil Davis,TB,DL/DT,"$653,303"
1586,nfl,2020,1587,Shaun Bradley,PHI,LB/ILB,"$652,855"
1587,nfl,2020,1588,John Penisini,DET,DL/DT,"$652,794"
1588,nfl,2020,1589,James Proche,BAL,WR,"$652,024"
1589,nfl,2020,1590,Tyler Davis,JAX,TE,"$649,886"
1590,nfl,2020,1591,Isaiah Rodgers,IND,CB,"$646,281"
1591,nfl,2020,1592,Equanimeous St. Brown,GB,WR,"$645,778"
1592,nfl,2020,1593,P.J. Hall,HOU,DL/DT,"$644,121"
1593,nfl,2020,,A.J. Moore,HOU,CB,"$644,121"
1594,nfl,2020,1595,Michael Ford,DET,CB,"$644,120"
1595,nfl,2020,1596,Jordan Glasgow,IND,LB/ILB,"$642,353"
1596,nfl,2020,,Dezmon Patmon,IND,WR,"$642,353"
1597,nfl,2020,,Freddie Swain,SEA,WR,"$642,353"
1598,nfl,2020,1599,James Hurst,NO,RT,"$641,029"
1599,nfl,2020,1600,Michael Danna,KC,ED/DE,"$638,856"
1600,nfl,2020,1601,Markus Bailey,CIN,LB/OLB,"$638,424"
1601,nfl,2020,1602,Kamren Curl,WAS,CB,"$638,332"
1602,nfl,2020,1603,Myles Gaskin,MIA,RB,"$637,872"
1603,nfl,2020,1604,Carter Coughlin,NYG,ED/OLB,"$637,536"
1604,nfl,2020,1605,K.J. Hill,LAC,WR,"$636,207"
1605,nfl,2020,1606,Stantley Thomas-Oliver,CAR,CB,"$635,794"
1606,nfl,2020,1607,Eno Benjamin,ARI,RB,"$635,678"
1607,nfl,2020,1608,Austin Seibert,CIN,K,"$635,296"
1608,nfl,2020,1609,Ken Webster,SF,CB,"$635,294"
1609,nfl,2020,1610,T.J. Edwards,PHI,LB/ILB,"$635,048"
1610,nfl,2020,1611,Arlington Hambright,CHI,G,"$634,777"
1611,nfl,2020,1612,Sterling Hofrichter,ATL,P,"$634,435"
1612,nfl,2020,1613,James Smith-Williams,WAS,DL/DE,"$634,425"
1613,nfl,2020,1614,Deonte Harty,NO,WR,"$634,217"
1614,nfl,2020,1615,Ben DiNucci,DAL,QB,"$633,787"
1615,nfl,2020,1616,Carlos Davis,PIT,DL/DE,"$633,376"
1616,nfl,2020,1617,Ulysees Gilbert,PIT,LB/ILB,"$633,310"
1617,nfl,2020,1618,Gunner Olszewski,NE,WR,"$631,715"
1618,nfl,2020,1619,Vernon Scott,GB,SS,"$630,922"
1619,nfl,2020,1620,Ashton Dulin,IND,WR,"$630,882"
1620,nfl,2020,1621,Bopete Keyes,KC,CB,"$630,705"
1621,nfl,2020,1622,T.J. Brunson,NYG,LB/ILB,"$630,488"
1622,nfl,2020,1623,Jonathan Garvin,GB,DL/DE,"$629,820"
1623,nfl,2020,1624,Chris Jackson,TEN,CB,"$629,570"
1624,nfl,2020,1625,Tremayne Anchrum,LAR,G,"$628,873"
1625,nfl,2020,,Tyrie Cleveland,DEN,WR,"$628,873"
1626,nfl,2020,1627,Malcolm Perry,MIA,RB,"$628,872"
1627,nfl,2020,1628,Cullen Gillaspia,HOU,FB,"$627,262"
1628,nfl,2020,1629,Craig James,PHI,CB,"$626,474"
1629,nfl,2020,1630,Ogbonnia Okoronkwo,LAR,ED/OLB,"$624,518"
1630,nfl,2020,1631,Antonio Gandy-Golden,WAS,WR,"$622,420"
1631,nfl,2020,1632,Steven Sims Jr.,WAS,WR,"$621,176"
1632,nfl,2020,1633,Cam Gill,TB,ED/OLB,"$618,333"
1633,nfl,2020,1634,Brandon Knight,DAL,RT,"$617,842"
1634,nfl,2020,,Andrew Wingard,JAX,FS,"$617,842"
1635,nfl,2020,1636,Shaquem Griffin,SEA,LB,"$617,647"
1636,nfl,2020,,Taybor Pepper,SF,LS,"$617,647"
1637,nfl,2020,1638,Luq Barcoo,JAX,CB,"$616,666"
1638,nfl,2020,,Rodrigo Blankenship,IND,K,"$616,666"
1639,nfl,2020,,Reggie Gilliam,BUF,FB,"$616,666"
1640,nfl,2020,1641,Robert Spillane,PIT,LB/ILB,"$616,178"
1641,nfl,2020,1642,Daniel Thomas,JAX,SS,"$615,157"
1642,nfl,2020,1643,Sam Franklin,CAR,SS,"$615,000"
1643,nfl,2020,,Bryce Huff,NYJ,ED/OLB,"$615,000"
1644,nfl,2020,1645,Trishton Jackson,LAR,WR,"$614,333"
1645,nfl,2020,1646,Sean McKeon,DAL,TE,"$614,000"
1646,nfl,2020,1647,Aaron Brewer,TEN,C,"$613,333"
1647,nfl,2020,,Dan Chisena,MIN,WR,"$613,333"
1648,nfl,2020,,Rico Dowdle,DAL,RB,"$613,333"
1649,nfl,2020,,Yasir Durant,KC,LT,"$613,333"
1650,nfl,2020,,Malcolm Roach,NO,DL/DT,"$613,333"
1651,nfl,2020,,Terence Steele,DAL,LT,"$613,333"
1652,nfl,2020,1653,Xavier Jones,LAR,RB,"$613,000"
1653,nfl,2020,,James Pierre,PIT,CB,"$613,000"
1654,nfl,2020,1655,Isaiah Hodgins,BUF,WR,"$612,663"
1655,nfl,2020,1656,Doug Costin,JAX,DL/DT,"$612,500"
1656,nfl,2020,,Tommy Townsend,KC,P,"$612,500"
1657,nfl,2020,1658,Myles Hartsfield,CAR,CB,"$611,666"
1658,nfl,2020,,James Robinson,JAX,RB,"$611,666"
1659,nfl,2020,,Tershawn Wharton,KC,DL/DT,"$611,666"
1660,nfl,2020,,Isaiah Wright,WAS,WR,"$611,666"
1661,nfl,2020,1662,Tommy Sweeney,BUF,TE,"$610,903"
1662,nfl,2020,1663,Ross Matiscik,JAX,LS,"$610,333"
1663,nfl,2020,1664,Krys Barnes,GB,LB,"$610,000"
1664,nfl,2020,,Jacob Bobenmoyer,DEN,LS,"$610,000"
1665,nfl,2020,,Lynn Bowden,MIA,RB,"$610,000"
1666,nfl,2020,,Raymond Calais,LAR,RB,"$610,000"
1667,nfl,2020,,Tevaughn Campbell,LAC,CB,"$610,000"
1668,nfl,2020,,Joseph Charlton,CAR,P,"$610,000"
1669,nfl,2020,,Demetrius Flannigan-Fowles,SF,SS,"$610,000"
1670,nfl,2020,,Jack Fox,DET,P,"$610,000"
1671,nfl,2020,,Kevin Givens,SF,DL/DT,"$610,000"
1672,nfl,2020,,J.C. Hassenauer,PIT,C,"$610,000"
1673,nfl,2020,,Jason Huntley,PHI,RB,"$610,000"
1674,nfl,2020,,Nick Keizer,KC,TE,"$610,000"
1675,nfl,2020,,Derrick Kelly,NO,G,"$610,000"
1676,nfl,2020,,Matt Nelson,DET,RT,"$610,000"
1677,nfl,2020,,Donald Parham,LAC,TE,"$610,000"
1678,nfl,2020,,Randy Ramsey,GB,ED/OLB,"$610,000"
1679,nfl,2020,,Tyree St. Louis,LAC,LT,"$610,000"
1680,nfl,2020,,Chris Streveler,ARI,QB,"$610,000"
1681,nfl,2020,,J.J. Taylor,NE,RB,"$610,000"
1682,nfl,2020,,Malik Taylor,GB,WR,"$610,000"
1683,nfl,2020,,Colin Thompson,CAR,TE,"$610,000"
1684,nfl,2020,,Kendal Vickers,LV,DL/DT,"$610,000"
1685,nfl,2020,,Logan Woodside,TEN,QB,"$610,000"
1686,nfl,2020,1687,Blake Cashman,NYJ,LB/ILB,"$604,005"
1687,nfl,2020,1688,Jordan Fuller,LAR,FS,"$603,266"
1688,nfl,2020,1689,Olamide Zaccheaus,ATL,WR,"$603,138"
1689,nfl,2020,1690,Quez Watkins,PHI,WR,"$603,002"
1690,nfl,2020,1691,Chris Claybrooks,JAX,CB,"$598,532"
1691,nfl,2020,1692,Luke Gifford,DAL,LB/ILB,"$597,254"
1692,nfl,2020,1693,Isaiah Coulter,HOU,WR,"$596,764"
1693,nfl,2020,1694,Renell Wren,CIN,DL/DT,"$595,649"
1694,nfl,2020,1695,Brett Rypien,DEN,QB,"$595,590"
1695,nfl,2020,,DeShawn Williams,DEN,DL/DT,"$595,590"
1696,nfl,2020,1697,Daniel Ekuale,JAX,DL/DT,"$595,588"
1697,nfl,2020,,Tanner Hudson,TB,TE,"$595,588"
1698,nfl,2020,,Cam Sims,WAS,WR,"$595,588"
1699,nfl,2020,,Linden Stephens,SEA,CB,"$595,588"
1700,nfl,2020,,Keaton Sutherland,CIN,C,"$595,588"
1701,nfl,2020,1702,Iman Marshall,BAL,CB,"$593,299"
1702,nfl,2020,1703,Kamal Martin,GB,ED/OLB,"$591,292"
1703,nfl,2020,1704,Martinas Rankin,KC,LT,"$591,180"
1704,nfl,2020,1705,Bryce Hall,NYJ,CB,"$590,124"
1705,nfl,2020,1706,Jordan Berry,PIT,P,"$588,823"
1706,nfl,2020,,Damarious Randall,SEA,FS,"$588,823"
1707,nfl,2020,1708,Nick O'Leary,LV,TE,"$587,500"
1708,nfl,2020,1709,Bryan Mone,SEA,DL/DT,"$586,766"
1709,nfl,2020,,Byron Pringle,KC,WR,"$586,766"
1710,nfl,2020,1711,D.J. Reed,SEA,CB,"$582,355"
1711,nfl,2020,1712,Marquez Callaway,NO,WR,"$576,274"
1712,nfl,2020,1713,Myles Bryant,NE,CB,"$574,117"
1713,nfl,2020,,Josh Metellus,MIN,S,"$574,117"
1714,nfl,2020,,Gabe Nabers,LAC,TE,"$574,117"
1715,nfl,2020,,Nick Westbrook,TEN,WR,"$574,117"
1716,nfl,2020,1717,Amani Bledsoe,CIN,ED/DE,"$574,112"
1717,nfl,2020,1718,Ken Crawley,NO,CB,"$573,534"
1718,nfl,2020,1719,Jeff Wilson,SF,RB,"$573,531"
1719,nfl,2020,1720,Blake Gillikin,NO,P,"$573,441"
1720,nfl,2020,1721,Justin Herron,NE,LT,"$573,109"
1721,nfl,2020,1722,Kabion Ento,GB,CB,"$572,941"
1722,nfl,2020,1723,Jeff Smith,NYJ,WR,"$572,939"
1723,nfl,2020,1724,Allen Lazard,GB,WR,"$572,058"
1724,nfl,2020,1725,Essang Bassey,DEN,CB,"$567,249"
1725,nfl,2020,1726,Dante Pettis,NYG,WR,"$562,165"
1726,nfl,2020,1727,Preston Williams,MIA,WR,"$560,687"
1727,nfl,2020,1728,Frankie Luvu,NYJ,ED/OLB,"$560,588"
1728,nfl,2020,1729,Noah Togiai,IND,TE,"$560,570"
1729,nfl,2020,1730,Jordan Willis,SF,ED/DE,"$559,867"
1730,nfl,2020,1731,Ty Johnson,NYJ,RB,"$555,884"
1731,nfl,2020,,Dallin Leavitt,LV,SS,"$555,884"
1732,nfl,2020,,Parry Nickerson,GB,CB,"$555,884"
1733,nfl,2020,1734,Travis Fulgham,PHI,WR,"$555,882"
1734,nfl,2020,,Ryan Neal,SEA,CB,"$555,882"
1735,nfl,2020,,DeAndre Washington,MIA,RB,"$555,882"
1736,nfl,2020,1737,Andrew Beck,DEN,TE,"$552,942"
1737,nfl,2020,1738,Taywan Taylor,CLE,WR,"$548,529"
1738,nfl,2020,1739,Iosua Opeta,PHI,G,"$547,059"
1739,nfl,2020,1740,Devine Ozigbo,JAX,RB,"$544,705"
1740,nfl,2020,1741,Tae Crowder,NYG,LB/ILB,"$538,867"
1741,nfl,2020,1742,P.J. Locke,DEN,S,"$538,235"
1742,nfl,2020,1743,Joe Walker,SF,LB/ILB,"$533,823"
1743,nfl,2020,1744,Kyle Phillips,NYJ,DL/DE,"$529,608"
1744,nfl,2020,1745,Ross Cockrell,TB,CB,"$529,416"
1745,nfl,2020,,Kyle Emanuel,HOU,ED/OLB,"$529,416"
1746,nfl,2020,,Justin Hamilton,DAL,DL/DT,"$529,416"
1747,nfl,2020,1748,Xavier Williams,CIN,DL/DT,"$529,412"
1748,nfl,2020,1749,Garrett Gilbert,DAL,QB,"$529,411"
1749,nfl,2020,1750,Josh McCown,HOU,QB,"$526,471"
1750,nfl,2020,1751,Greg Stroman,WAS,CB,"$517,474"
1751,nfl,2020,1752,Greg Senat,DAL,T,"$516,176"
1752,nfl,2020,,Brett Toth,PHI,LT,"$516,176"
1753,nfl,2020,1754,Hunter Bryant,DET,TE,"$506,661"
1754,nfl,2020,1755,Javelin Guidry Jr.,NYJ,CB,"$502,352"
1755,nfl,2020,,Madre Harper,NYG,CB,"$502,352"
1756,nfl,2020,,Luke Juriga,PHI,C,"$502,352"
1757,nfl,2020,,Jovante Moffatt,CLE,S,"$502,352"
1758,nfl,2020,,Artavis Pierce,CHI,RB,"$502,352"
1759,nfl,2020,1760,Darius Harris,KC,LB/OLB,"$502,348"
1760,nfl,2020,1761,Tyrel Dodson,BUF,LB/ILB,"$501,995"
1761,nfl,2020,1762,Otaro Alaka,BAL,LB/ILB,"$501,863"
1762,nfl,2020,1763,Johnathan Joseph,ARI,CB,"$494,118"
1763,nfl,2020,1764,Tre Roberson,CHI,CB,"$493,000"
1764,nfl,2020,1765,Margus Hunt,CIN,ED/DE,"$485,298"
1765,nfl,2020,,Aaron Lynch,JAX,LB/OLB,"$485,298"
1766,nfl,2020,,Damontre Moore,SEA,ED/DE,"$485,298"
1767,nfl,2020,,Jabaal Sheard,NYG,DL/DE,"$485,298"
1768,nfl,2020,,Justin Zimmer,BUF,DL/DT,"$485,298"
1769,nfl,2020,1770,Senorise Perry,TEN,RB,"$485,295"
1770,nfl,2020,1771,Robert Foster,WAS,WR,"$485,294"
1771,nfl,2020,,Jamar Taylor,SF,CB,"$485,294"
1772,nfl,2020,,Billy Winn,GB,DL/DE,"$485,294"
1773,nfl,2020,1774,Elijah Lee,CLE,LB/OLB,"$485,290"
1774,nfl,2020,1775,Simon Stepaniak,GB,G,"$478,034"
1775,nfl,2020,1776,David Blough,DET,QB,"$476,472"
1776,nfl,2020,,Austin Larkin,CAR,DL/DE,"$476,472"
1777,nfl,2020,1778,Robert Jackson,CLE,CB,"$476,470"
1778,nfl,2020,1779,Joshua Perkins,PHI,TE,"$475,000"
1779,nfl,2020,,DeAndrew White,BAL,WR,"$475,000"
1780,nfl,2020,1781,Del'Shawn Phillips,BUF,LB/OLB,"$473,117"
1781,nfl,2020,1782,Bennie Fowler,NO,WR,"$467,647"
1782,nfl,2020,1783,Salvon Ahmed,MIA,RB,"$466,470"
1783,nfl,2020,,Francis Bernard,DAL,LB,"$466,470"
1784,nfl,2020,,Trystan Colon-Castillo,BAL,C,"$466,470"
1785,nfl,2020,,Chapelle Russell,TB,LB,"$466,470"
1786,nfl,2020,,Jonathan Ward,ARI,RB,"$466,470"
1787,nfl,2020,1788,Tyron Johnson,LAC,WR,"$466,466"
1788,nfl,2020,1789,Justin Strnad,DEN,LB/ILB,"$459,443"
1789,nfl,2020,1790,Kelvin Harmon,WAS,WR,"$456,960"
1790,nfl,2020,1791,Dontavius Russell,JAX,DL/DT,"$445,796"
1791,nfl,2020,1792,Daren Bates,TEN,LB/ILB,"$441,180"
1792,nfl,2020,,Andre Smith,BUF,LB/ILB,"$441,180"
1793,nfl,2020,,Sylvester Williams,DEN,DL/DT,"$441,180"
1794,nfl,2020,1795,Chris Jones,MIN,CB,"$441,176"
1795,nfl,2020,,David Quessenberry,TEN,LT,"$441,176"
1796,nfl,2020,,Cole Toner,LAC,RT,"$441,176"
1797,nfl,2020,1798,John Lovett,GB,FB,"$439,411"
1798,nfl,2020,1799,Eli Ankou,DAL,DL/DT,"$436,764"
1799,nfl,2020,1800,Jordan Brailford,MIN,LB/OLB,"$430,588"
1800,nfl,2020,,Tyler Hall,ATL,CB,"$430,588"
1801,nfl,2020,,Lamar Jackson,NYJ,CB,"$430,588"
1802,nfl,2020,,Austin Mack,NYG,WR,"$430,588"
1803,nfl,2020,1804,JuJu Hughes,LAR,S,"$430,584"
1804,nfl,2020,,Sam Mustipher,CHI,C,"$430,584"
1805,nfl,2020,,Casey Toohill,WAS,DL/DE,"$430,584"
1806,nfl,2020,1807,Alex Brown,KC,CB,"$425,000"
1807,nfl,2020,,Kyron Brown,NYJ,CB,"$425,000"
1808,nfl,2020,,Jonathan Harris,DEN,DL/DE,"$425,000"
1809,nfl,2020,,Travin Howard,LAR,LB/ILB,"$425,000"
1810,nfl,2020,,Mitch Hyatt,DAL,LT,"$425,000"
1811,nfl,2020,,Cameron Smith,MIN,LB/ILB,"$425,000"
1812,nfl,2020,,Chris Thompson,SF,WR,"$425,000"
1813,nfl,2020,,Trevon Young,CLE,LB/OLB,"$425,000"
1814,nfl,2020,1815,Kenny Willekes,MIN,ED/DE,"$424,919"
1815,nfl,2020,1816,Carl Davis,NE,DL/DT,"$423,530"
1816,nfl,2020,1817,Jashon Cornell,DET,ED/DE,"$421,133"
1817,nfl,2020,1818,JaMycal Hasty,SF,RB,"$415,882"
1818,nfl,2020,1819,Temarrick Hemingway,WAS,TE,"$414,706"
1819,nfl,2020,1820,Michael Joseph,CHI,CB,"$412,500"
1820,nfl,2020,1821,James Burgess,GB,LB/ILB,"$410,295"
1821,nfl,2020,1822,Derrek Tuszka,DEN,DL/DE,"$409,408"
1822,nfl,2020,1823,Thaddeus Moss,WAS,TE,"$406,666"
1823,nfl,2020,1824,Myles Dorn,MIN,FS,"$405,000"
1824,nfl,2020,1825,Patrick Taylor,GB,RB,"$402,333"
1825,nfl,2020,1826,Azur Kamara,DAL,LB/OLB,"$401,666"
1826,nfl,2020,1827,Austin Fort,DEN,TE,"$401,166"
1827,nfl,2020,1828,Michael Barnett,NE,DL/DT,"$400,000"
1828,nfl,2020,,Omar Bayless,CAR,WR,"$400,000"
1829,nfl,2020,,Patrick Carr,SEA,RB,"$400,000"
1830,nfl,2020,,Darion Clark,CHI,TE,"$400,000"
1831,nfl,2020,,Jalen Dalton,NO,DL/DT,"$400,000"
1832,nfl,2020,,John Franklin,TB,CB,"$400,000"
1833,nfl,2020,,Emanuel Hall,WAS,WR,"$400,000"
1834,nfl,2020,,George Obinna,CLE,ED/DE,"$400,000"
1835,nfl,2020,,David Sills,NYG,WR,"$400,000"
1836,nfl,2020,,Curtis Weaver,CLE,ED/DE,"$400,000"
1837,nfl,2020,,Antoine Wesley,BAL,WR,"$400,000"
1838,nfl,2020,1839,Tashawn Bower,NE,ED/DE,"$397,062"
1839,nfl,2020,,Jayrone Elliott,PIT,ED/OLB,"$397,062"
1840,nfl,2020,,Bryce Hager,NYJ,LB/ILB,"$397,062"
1841,nfl,2020,,Theo Riddick,LV,RB,"$397,062"
1842,nfl,2020,1843,Kareem Orr,TEN,CB,"$397,059"
1843,nfl,2020,1844,D'Onta Foreman,TEN,RB,"$397,058"
1844,nfl,2020,,Jeremy Reaves,WAS,S,"$397,058"
1845,nfl,2020,1846,Kenny Robinson,CAR,S,"$394,705"
1846,nfl,2020,1847,Henry Mondeaux,PIT,DL/DT,"$394,702"
1847,nfl,2020,1848,Kalen Ballage,LAC,RB,"$388,235"
1848,nfl,2020,,DeVante Bausby,DEN,CB,"$388,235"
1849,nfl,2020,1850,George Iloka,MIN,FS,"$379,411"
1850,nfl,2020,1851,Bryce Love,WAS,RB,"$377,166"
1851,nfl,2020,1852,Isaiah Irving,ARI,ED/OLB,"$376,471"
1852,nfl,2020,1853,Khalil Dorsey,BAL,CB,"$367,647"
1853,nfl,2020,1854,Steven Parker,DAL,S,"$363,236"
1854,nfl,2020,1855,Cameron Batson,TEN,WR,"$357,354"
1855,nfl,2020,,Hercules Mata'afa,MIN,LB,"$357,354"
1856,nfl,2020,1857,Brett Jones,MIN,C,"$352,944"
1857,nfl,2020,,Daniel McCullers,CHI,DL/DT,"$352,944"
1858,nfl,2020,,K.C. McDermott,JAX,T,"$352,944"
1859,nfl,2020,,Alfred Morris,NYG,RB,"$352,944"
1860,nfl,2020,,Edmond Robinson,ATL,LB/OLB,"$352,944"
1861,nfl,2020,,Tramon Williams,BAL,CB,"$352,944"
1862,nfl,2020,1863,Kevin Toliver,DEN,CB,"$344,118"
1863,nfl,2020,1864,Cam Lewis,BUF,CB,"$342,942"
1864,nfl,2020,1865,Eric Saubert,JAX,TE,"$339,705"
1865,nfl,2020,1866,Brandon Allen,CIN,QB,"$339,703"
1866,nfl,2020,1867,Will Parks,DEN,SS,"$333,180"
1867,nfl,2020,1868,Ben Ellefson,JAX,TE,"$332,941"
1868,nfl,2020,1869,Akeem Spence,NE,DL/DT,"$330,147"
1869,nfl,2020,1870,Breon Borders,TEN,CB,"$326,471"
1870,nfl,2020,1871,Terez Hall,NE,LB,"$322,941"
1871,nfl,2020,,Hunter Niswander,DAL,P,"$322,941"
1872,nfl,2020,,Lachavious Simmons,CHI,T,"$322,941"
1873,nfl,2020,,Teair Tart,TEN,DL/DT,"$322,941"
1874,nfl,2020,,Kristian Welch,BAL,LB,"$322,941"
1875,nfl,2020,1876,Corey Ballentine,NYJ,CB,"$317,648"
1876,nfl,2020,1877,Reggie Bonnafon,CAR,RB,"$317,647"
1877,nfl,2020,,River Cracraft,SF,WR,"$317,647"
1878,nfl,2020,1879,Deandre Carter,CHI,WR,"$308,826"
1879,nfl,2020,,Matt Gay,LAR,K,"$308,826"
1880,nfl,2020,,Davontae Harris,BAL,CB,"$308,826"
1881,nfl,2020,,Quinton Spain,CIN,G,"$308,826"
1882,nfl,2020,1883,Dylan Mabin,MIN,CB,"$302,238"
1883,nfl,2020,1884,Bennett Jackson,NYJ,CB,"$298,529"
1884,nfl,2020,1885,Greg Mabin,JAX,CB,"$291,176"
1885,nfl,2020,,Doug Middleton,JAX,FS,"$291,176"
1886,nfl,2020,1887,Derek Rivers,LAR,DL/DE,"$291,174"
1887,nfl,2020,1888,Ron'Dell Carter,DAL,ED/DE,"$287,058"
1888,nfl,2020,,De'Michael Harris,IND,WR,"$287,058"
1889,nfl,2020,,Kyle Murphy,NYG,G,"$287,058"
1890,nfl,2020,,Rodney Smith,CAR,RB,"$287,058"
1891,nfl,2020,,Austin Walter,SF,RB,"$287,058"
1892,nfl,2020,1893,Tim Ward,KC,ED/DE,"$287,056"
1893,nfl,2020,1894,Cole Luke,WAS,CB,"$277,942"
1894,nfl,2020,1895,Joe Giles-Harris,JAX,LB,"$277,941"
1895,nfl,2020,,Jayson Stanley,SEA,CB,"$277,941"
1896,nfl,2020,1897,Dwayne Harris,CHI,WR,"$273,530"
1897,nfl,2020,1898,Nate Hall,HOU,LB,"$268,656"
1898,nfl,2020,1899,Andrew DePaola,MIN,LS,"$267,647"
1899,nfl,2020,,Donte Moncrief,NE,WR,"$267,647"
1900,nfl,2020,,Caraun Reid,JAX,DL/DT,"$267,647"
1901,nfl,2020,1902,Josh Adams,NYJ,RB,"$264,708"
1902,nfl,2020,,Dez Bryant,BAL,WR,"$264,708"
1903,nfl,2020,,Matt Overton,TEN,LS,"$264,708"
1904,nfl,2020,,Domata Peko,ARI,DL/DT,"$264,708"
1905,nfl,2020,,Mohamed Sanu,DET,WR,"$264,708"
1906,nfl,2020,,Ross Travis,NYJ,TE,"$264,708"
1907,nfl,2020,1908,Trey Edmunds,PIT,RB,"$264,706"
1908,nfl,2020,1909,Leki Fotu,ARI,DL/DT,"$263,956"
1909,nfl,2020,1910,Michael Jacquet,PHI,CB,"$251,176"
1910,nfl,2020,1911,Noah Spence,NO,ED/DE,"$250,000"
1911,nfl,2020,1912,Rashard Robinson,DAL,CB,"$242,647"
1912,nfl,2020,1913,Jordan Kunaszyk,WAS,LB,"$238,236"
1913,nfl,2020,,Jimmy Murray,NYJ,C,"$238,236"
1914,nfl,2020,1915,Andrew Brown,HOU,DL/DE,"$238,235"
1915,nfl,2020,,Jalen Davis,CIN,CB,"$238,235"
1916,nfl,2020,1917,Tavon Austin,GB,WR,"$220,590"
1917,nfl,2020,,Will Compton,TEN,LB/ILB,"$220,590"
1918,nfl,2020,,Kai Nacua,SF,S,"$220,590"
1919,nfl,2020,,Kevin Strong,DET,DL/DT,"$220,590"
1920,nfl,2020,,Laquon Treadwell,ATL,WR,"$220,590"
1921,nfl,2020,1922,Nathan Cottrell,JAX,RB,"$215,294"
1922,nfl,2020,,Scottie Phillips,HOU,RB,"$215,294"
1923,nfl,2020,1924,Hjalte Froholdt,HOU,G,"$215,292"
1924,nfl,2020,,Kevin Rader,PIT,TE,"$215,292"
1925,nfl,2020,1926,Kenjon Barner,TB,RB,"$214,117"
1926,nfl,2020,,Hardy Nickerson Jr.,MIN,LB/ILB,"$214,117"
1927,nfl,2020,,Chris Smith,LV,ED/DE,"$214,117"
1928,nfl,2020,1929,Antoine Brooks Jr.,PIT,S,"$201,174"
1929,nfl,2020,1930,Jeremiah Ledbetter,TB,DL/DE,"$198,529"
1930,nfl,2020,1931,Nate Hairston,DEN,CB,"$194,117"
1931,nfl,2020,,Aldrick Rosas,JAX,K,"$194,117"
1932,nfl,2020,,Chad Wheeler,SEA,RT,"$194,117"
1933,nfl,2020,1934,Marvin Hall,CLE,WR,"$194,116"
1934,nfl,2020,1935,Stefen Wisniewski,KC,G,"$185,294"
1935,nfl,2020,1936,J.R. Reed,LAR,S,"$179,410"
1936,nfl,2020,1937,Tony Bergstrom,SF,C,"$176,472"
1937,nfl,2020,,Troy Fumagalli,DEN,TE,"$176,472"
1938,nfl,2020,,Woodrow Hamilton,CAR,DL/DT,"$176,472"
1939,nfl,2020,,Will Holden,IND,G,"$176,472"
1940,nfl,2020,,Natrell Jamerson,CAR,CB,"$176,472"
1941,nfl,2020,,Cassius Marsh,PIT,DL/DE,"$176,472"
1942,nfl,2020,,Stanley Morgan,CIN,WR,"$176,472"
1943,nfl,2020,,Daniel Ross,JAX,DL/DT,"$176,472"
1944,nfl,2020,,Daryl Worley,LV,CB,"$176,472"
1945,nfl,2020,1946,Deante Burton,DAL,CB,"$167,647"
1946,nfl,2020,1947,Grayland Arnold,PHI,CB,"$167,645"
1947,nfl,2020,,Benito Jones,MIA,DL/DT,"$167,645"
1948,nfl,2020,1949,Vic Beasley,LV,ED/DE,"$160,588"
1949,nfl,2020,,D.J. Foster,ARI,RB,"$160,588"
1950,nfl,2020,1951,J.T. Hassell,NYJ,S,"$158,824"
1951,nfl,2020,,Hale Hentges,MIN,TE,"$158,824"
1952,nfl,2020,1953,Jacob Breeland,BAL,TE,"$149,500"
1953,nfl,2020,1954,Jonathan Ledbetter,MIA,DL/DE,"$147,800"
1954,nfl,2020,1955,Trevon Coley,NYJ,DL/DE,"$145,588"
1955,nfl,2020,,Danny Isidora,PIT,G,"$145,588"
1956,nfl,2020,1957,Joe Bachie,PHI,LB,"$143,529"
1957,nfl,2020,,Henry Black,GB,S,"$143,529"
1958,nfl,2020,,Elijah Campbell,NYJ,S,"$143,529"
1959,nfl,2020,,Niko Lalos,NYG,DL/DE,"$143,529"
1960,nfl,2020,1961,Marcus Baugh,WAS,TE,"$143,528"
1961,nfl,2020,,Alijah Holder,DEN,S,"$143,528"
1962,nfl,2020,,David Steinmetz,WAS,G,"$143,528"
1963,nfl,2020,1964,Jake Burt,NE,TE,"$142,800"
1964,nfl,2020,,Jeff Cotton,LAC,WR,"$142,800"
1965,nfl,2020,,A.J. Richardson,ARI,WR,"$142,800"
1966,nfl,2020,,Kerrith Whyte,DET,RB,"$142,800"
1967,nfl,2020,1968,Kevon Seymour,PHI,CB,"$141,177"
1968,nfl,2020,1969,Jonathan Owens,HOU,S,"$134,328"
1969,nfl,2020,1970,Lawrence Cager,NYJ,WR,"$134,116"
1970,nfl,2020,,Dominique Dafney,GB,TE,"$134,116"
1971,nfl,2020,,Raequan Williams,PHI,DL/DT,"$134,116"
1972,nfl,2020,1973,B.J. Bello,LAC,LB/ILB,"$132,354"
1973,nfl,2020,,Will Clapp,NO,C,"$132,354"
1974,nfl,2020,,Taylor Heinicke,WAS,QB,"$132,354"
1975,nfl,2020,,Dontrell Hilliard,HOU,RB,"$132,354"
1976,nfl,2020,,Lamar Miller,WAS,RB,"$132,354"
1977,nfl,2020,1978,Caleb Benenoch,NE,RT,"$132,000"
1978,nfl,2020,1979,Mychal Kendricks,WAS,ED/OLB,"$123,529"
1979,nfl,2020,,Mike Nugent,ARI,K,"$123,529"
1980,nfl,2020,1981,Saquan Hampton,NYJ,S,"$121,765"
1981,nfl,2020,1982,Josh Gordon,SEA,WR,"$120,495"
1982,nfl,2020,1983,Chad Hansen,HOU,WR,"$119,118"
1983,nfl,2020,,Chase McLaughlin,NYJ,K,"$119,118"
1984,nfl,2020,,Ross Pierschbacher,PHI,G,"$119,118"
1985,nfl,2020,,Dan Skipper,DET,T,"$119,118"
1986,nfl,2020,1987,Blake Lynch,MIN,LB,"$107,647"
1987,nfl,2020,,Parnell Motley,DEN,CB,"$107,647"
1988,nfl,2020,,Elijah Riley,NYJ,CB,"$107,647"
1989,nfl,2020,1990,Mark Fields,HOU,CB,"$107,646"
1990,nfl,2020,,Juwan Johnson,NO,WR,"$107,646"
1991,nfl,2020,1992,T.Y. McGill,PHI,DL/DT,"$107,058"
1992,nfl,2020,1993,Bo Scarbrough,SEA,RB,"$98,506"
1993,nfl,2020,1994,Seth Devalve,ARI,TE,"$97,058"
1994,nfl,2020,1995,Quenton Meeks,JAX,CB,"$88,236"
1995,nfl,2020,,Josh Rosen,SF,QB,"$88,236"
1996,nfl,2020,,Eric Tomlinson,BAL,TE,"$88,236"
1997,nfl,2020,1998,Marshall Newhouse,TEN,RT,"$85,765"
1998,nfl,2020,1999,Michael Dunn,CLE,T,"$79,412"
1999,nfl,2020,,Caleb Wilson,PHI,TE,"$79,412"
2000,nfl,2020,2001,Wyatt Ray,TEN,DL/DE,"$79,411"
2001,nfl,2020,2002,Albert Wilson,MIA,WR,"$75,000"
2002,nfl,2020,2003,Auzoyah Alufohai,HOU,DL/DT,"$71,764"
2003,nfl,2020,,Levante Bellamy,DEN,RB,"$71,764"
2004,nfl,2020,,Matt Cole,SF,WR,"$71,764"
2005,nfl,2020,,Darrion Daniels,SF,DL/DT,"$71,764"
2006,nfl,2020,,Jessie Lemonier,LAC,ED/DE,"$71,764"
2007,nfl,2020,,Sewo Olonilua,DAL,RB,"$71,764"
2008,nfl,2020,2009,Blake Bortles,LAR,QB,"$61,764"
2009,nfl,2020,,Damon Harrison,GB,DL/DT,"$61,764"
2010,nfl,2020,2011,Marcus Martin,NE,G,"$53,529"
2011,nfl,2020,,Jaylen Watkins,LAC,CB,"$53,529"
2012,nfl,2020,2013,Shawn Poindexter,SF,WR,"$50,400"
2013,nfl,2020,2014,Devin Funchess,GB,WR,"$50,000"
2014,nfl,2020,,Marquise Goodwin,PHI,WR,"$50,000"
2015,nfl,2020,,Allen Hurns,MIA,WR,"$50,000"
2016,nfl,2020,,Damien Williams,KC,RB,"$50,000"
2017,nfl,2020,2018,Isaiah Ford,MIA,WR,"$48,529"
2018,nfl,2020,,Colin Holba,SF,LS,"$48,529"
2019,nfl,2020,,Joey Hunt,IND,C,"$48,529"
2020,nfl,2020,,Jaydon Mickens,TB,WR,"$48,529"
2021,nfl,2020,,Damion Ratley,HOU,WR,"$48,529"
2022,nfl,2020,2023,Benjamin Braden,GB,T,"$44,118"
2023,nfl,2020,,Jack Cichy,TB,LB/ILB,"$44,118"
2024,nfl,2020,,Jake Rudock,MIA,QB,"$44,118"
2025,nfl,2020,,Tanzel Smart,NYJ,DL/DT,"$44,118"
2026,nfl,2020,,Johnny Townsend,BAL,P,"$44,118"
2027,nfl,2020,,Dee Virgin,NE,CB,"$44,118"
2028,nfl,2020,,Josh Watson,DEN,LB,"$44,118"
2029,nfl,2020,2030,Parker Ehinger,BAL,G,"$42,000"
2030,nfl,2020,,Alexander Myres,DET,CB,"$42,000"
2031,nfl,2020,2032,Michael Jackson,NE,CB,"$40,882"
2032,nfl,2020,2033,Jason Croom,PHI,TE,"$39,706"
2033,nfl,2020,,Blake Hance,CLE,T,"$39,706"
2034,nfl,2020,,Alexander Hollins,CLE,WR,"$39,706"
2035,nfl,2020,,Steven Mitchell,HOU,WR,"$39,706"
2036,nfl,2020,,Matt Sokol,LAC,TE,"$39,706"
2037,nfl,2020,2038,Alex Barrett,SF,ED/DE,"$35,882"
2038,nfl,2020,,Rashod Berry,NE,TE,"$35,882"
2039,nfl,2020,,Cole Christiansen,LAC,LB,"$35,882"
2040,nfl,2020,,Sharif Finch,NYJ,LB,"$35,882"
2041,nfl,2020,,Joe Gaziano,LAC,ED/DE,"$35,882"
2042,nfl,2020,,Terry Godwin,JAX,WR,"$35,882"
2043,nfl,2020,,Derwin Gray,JAX,G,"$35,882"
2044,nfl,2020,,Kyle Hinton,MIN,G,"$35,882"
2045,nfl,2020,,Nate Holley,MIA,S,"$35,882"
2046,nfl,2020,,Matt Kaskey,CAR,LT,"$35,882"
2047,nfl,2020,,Cassh Maluia,NE,LB,"$35,882"
2048,nfl,2020,,Reginald McKenzie,CIN,DL/DT,"$35,882"
2049,nfl,2020,,Steven Montez,WAS,QB,"$35,882"
2050,nfl,2020,,Bobby Price,DET,S,"$35,882"
2051,nfl,2020,,Rashad Smith,PHI,LB,"$35,882"
2052,nfl,2020,,Tommy Stevens,CAR,TE,"$35,882"
2053,nfl,2020,,Geno Stone,HOU,SS,"$35,882"
2054,nfl,2020,,Mitchell Wilcox,CIN,TE,"$35,882"
2055,nfl,2020,2056,Delrick Abrams,ATL,CB,"$33,582"
2056,nfl,2020,1,OL,,,18
2057,nfl,2020,2,QB,,,18
2058,nfl,2020,3,WR,,,15
2059,nfl,2020,4,DL,,,15
2060,nfl,2020,5,ED,,,14
2061,nfl,2020,6,CB,,,10
2062,nfl,2020,7,S,,,5
2063,nfl,2020,8,LB,,,4
2064,nfl,2020,9,TE,,,1
2065,nfl,2020,1,KC,,,7
2066,nfl,2020,2,IND,,,6
2067,nfl,2020,3,GB,,,5
2068,nfl,2020,4,TEN,,,5
2069,nfl,2020,5,CHI,,,4
2070,nfl,2020,6,DEN,,,4
2071,nfl,2020,7,MIN,,,4
2072,nfl,2020,8,PHI,,,4
2073,nfl,2020,9,SEA,,,4
2074,nfl,2020,10,TB,,,4
2075,nfl,2020,11,WAS,,,4
2076,nfl,2020,12,ARI,,,3
2077,nfl,2020,13,ATL,,,3
2078,nfl,2020,14,BAL,,,3
2079,nfl,2020,15,BUF,,,3
2080,nfl,2020,16,CAR,,,3
2081,nfl,2020,17,CLE,,,3
2082,nfl,2020,18,HOU,,,3
2083,nfl,2020,19,LAC,,,3
2084,nfl,2020,20,PIT,,,3
2085,nfl,2020,21,SF,,,3
2086,nfl,2020,22,CIN,,,2
2087,nfl,2020,23,DAL,,,2
2088,nfl,2020,24,DET,,,2
2089,nfl,2020,25,JAX,,,2
2090,nfl,2020,26,LAR,,,2
2091,nfl,2020,27,LV,,,2
2092,nfl,2020,28,MIA,,,2
2093,nfl,2020,29,NE,,,2
2094,nfl,2020,30,NYG,,,2
2095,nfl,2020,31,NO,,,1
2096,nfl,2020,1,OL,,,18
2097,nfl,2020,2,QB,,,18
2098,nfl,2020,3,WR,,,15
2099,nfl,2020,4,DL,,,15
2100,nfl,2020,5,ED,,,14
2101,nfl,2020,6,CB,,,10
2102,nfl,2020,7,S,,,5
2103,nfl,2020,8,LB,,,4
2104,nfl,2020,9,TE,,,1
2105,nfl,2020,1,KC,,,7
2106,nfl,2020,2,IND,,,6
2107,nfl,2020,3,GB,,,5
2108,nfl,2020,4,TEN,,,5
2109,nfl,2020,5,CHI,,,4
2110,nfl,2020,6,DEN,,,4
2111,nfl,2020,7,MIN,,,4
2112,nfl,2020,8,PHI,,,4
2113,nfl,2020,9,SEA,,,4
2114,nfl,2020,10,TB,,,4
2115,nfl,2020,11,WAS,,,4
2116,nfl,2020,12,ARI,,,3
2117,nfl,2020,13,ATL,,,3
2118,nfl,2020,14,BAL,,,3
2119,nfl,2020,15,BUF,,,3
2120,nfl,2020,16,CAR,,,3
2121,nfl,2020,17,CLE,,,3
2122,nfl,2020,18,HOU,,,3
2123,nfl,2020,19,LAC,,,3
2124,nfl,2020,20,PIT,,,3
2125,nfl,2020,21,SF,,,3
2126,nfl,2020,22,CIN,,,2
2127,nfl,2020,23,DAL,,,2
2128,nfl,2020,24,DET,,,2
2129,nfl,2020,25,JAX,,,2
2130,nfl,2020,26,LAR,,,2
2131,nfl,2020,27,LV,,,2
2132,nfl,2020,28,MIA,,,2
2133,nfl,2020,29,NE,,,2
2134,nfl,2020,30,NYG,,,2
2135,nfl,2020,31,NO,,,1
