,league,season,rank,player,team,position,salary
0,nfl,2015,1,Drew Brees,NO,QB,"$23,800,000"
1,nfl,2015,2,Philip Rivers,SD,QB,"$21,166,668"
2,nfl,2015,3,Calvin Johnson,DET,WR,"$20,558,000"
3,nfl,2015,4,Charles Johnson,CAR,ED/DE,"$20,020,000"
4,nfl,2015,5,Matt Ryan,ATL,QB,"$19,500,000"
5,nfl,2015,6,Mario Williams,BUF,ED/DE,"$19,400,000"
6,nfl,2015,7,Aaron Rodgers,GB,QB,"$18,250,000"
7,nfl,2015,8,Matthew Stafford,DET,QB,"$17,721,250"
8,nfl,2015,9,Peyton Manning,DEN,QB,"$17,500,000"
9,nfl,2015,10,Ben Roethlisberger,PIT,QB,"$17,245,000"
10,nfl,2015,11,Robert Quinn,STL,LB/OLB,"$16,744,111"
11,nfl,2015,12,Jay Cutler,CHI,QB,"$16,500,000"
12,nfl,2015,13,Darrelle Revis,NYJ,CB,"$16,000,000"
13,nfl,2015,14,Alex Smith,KC,QB,"$15,600,000"
14,nfl,2015,15,Adrian Peterson,MIN,RB,"$15,400,000"
15,nfl,2015,16,Colin Kaepernick,SF,QB,"$15,265,753"
16,nfl,2015,17,Tony Romo,DAL,QB,"$14,973,000"
17,nfl,2015,18,Patrick Peterson,ARI,CB,"$14,791,491"
18,nfl,2015,19,Calais Campbell,ARI,DL/DE,"$14,750,000"
19,nfl,2015,,A.J. Green,CIN,WR,"$14,750,000"
20,nfl,2015,21,Gerald McCoy,TB,DL/DT,"$14,595,000"
21,nfl,2015,22,Joe Flacco,BAL,QB,"$14,550,000"
22,nfl,2015,23,Eli Manning,NYG,QB,"$14,450,000"
23,nfl,2015,24,Tom Brady,NE,QB,"$14,000,000"
24,nfl,2015,25,J.J. Watt,HOU,DL/DE,"$13,969,000"
25,nfl,2015,26,Demaryius Thomas,DEN,WR,"$13,200,000"
26,nfl,2015,27,Rodney Hudson,OAK,C,"$13,000,000"
27,nfl,2015,,Cam Newton,CAR,QB,"$13,000,000"
28,nfl,2015,29,Sam Bradford,PHI,QB,"$12,985,000"
29,nfl,2015,30,Brandon Carr,DAL,CB,"$12,717,000"
30,nfl,2015,31,Clay Matthews Jr.,GB,ED/OLB,"$12,700,000"
31,nfl,2015,32,Chris Long,STL,ED/DE,"$12,500,000"
32,nfl,2015,33,Julio Jones,ATL,WR,"$12,400,000"
33,nfl,2015,34,Vincent Jackson,TB,WR,"$12,209,777"
34,nfl,2015,35,Richard Sherman,SEA,CB,"$12,200,000"
35,nfl,2015,36,Julius Peppers,GB,DL/DE,"$12,000,000"
36,nfl,2015,37,Ryan Kalil,CAR,C,"$11,795,000"
37,nfl,2015,38,Johnathan Joseph,HOU,CB,"$11,750,000"
38,nfl,2015,39,Joe Haden,CLE,CB,"$11,700,000"
39,nfl,2015,40,D'Brickashaw Ferguson,NYJ,LT,"$11,698,666"
40,nfl,2015,41,Vontae Davis,IND,CB,"$11,250,000"
41,nfl,2015,42,Larry Fitzgerald,ARI,WR,"$10,850,000"
42,nfl,2015,43,Branden Albert,MIA,LT,"$10,725,000"
43,nfl,2015,44,Trent Williams,WAS,LT,"$10,600,388"
44,nfl,2015,45,Ryan Clady,DEN,LT,"$10,600,000"
45,nfl,2015,46,Cameron Wake,MIA,ED/DE,"$10,450,000"
46,nfl,2015,47,Nick Mangold,NYJ,C,"$10,407,100"
47,nfl,2015,48,Julius Thomas,JAX,TE,"$10,300,000"
48,nfl,2015,49,Joe Thomas,CLE,LT,"$10,200,000"
49,nfl,2015,50,Eric Weddle,SD,FS,"$10,100,000"
50,nfl,2015,51,Brent Grimes,MIA,CB,"$10,000,000"
51,nfl,2015,52,Mike Wallace,MIN,WR,"$9,900,000"
52,nfl,2015,53,Von Miller,DEN,ED/OLB,"$9,754,000"
53,nfl,2015,54,Pierre Garcon,WAS,WR,"$9,700,000"
54,nfl,2015,55,Andy Dalton,CIN,QB,"$9,600,000"
55,nfl,2015,,Leon Hall,CIN,CB,"$9,600,000"
56,nfl,2015,57,Duane Brown,HOU,LT,"$9,500,000"
57,nfl,2015,58,Lawrence Timmons,PIT,LB/ILB,"$9,251,250"
58,nfl,2015,59,DeSean Jackson,WAS,WR,"$9,250,000"
59,nfl,2015,,Lardarius Webb,BAL,CB,"$9,250,000"
60,nfl,2015,61,Matt Forte,CHI,RB,"$9,200,000"
61,nfl,2015,62,Sam Shields,GB,CB,"$9,062,500"
62,nfl,2015,63,Jason Peters,PHI,LT,"$9,050,000"
63,nfl,2015,64,Geno Atkins,CIN,DL/DT,"$9,000,000"
64,nfl,2015,,Brandon Marshall,NYJ,WR,"$9,000,000"
65,nfl,2015,,Jared Odrick,JAX,ED/DE,"$9,000,000"
66,nfl,2015,67,Arian Foster,HOU,RB,"$8,706,250"
67,nfl,2015,68,Byron Maxwell,PHI,CB,"$8,700,000"
68,nfl,2015,69,DeMarcus Ware,DEN,ED/OLB,"$8,666,666"
69,nfl,2015,70,Rob Gronkowski,NE,TE,"$8,650,000"
70,nfl,2015,71,Jason McCourty,TEN,CB,"$8,600,000"
71,nfl,2015,72,Marshawn Lynch,SEA,RB,"$8,500,000"
72,nfl,2015,,Haloti Ngata,DET,DL/DT,"$8,500,000"
73,nfl,2015,,Jared Veldheer,ARI,RT,"$8,500,000"
74,nfl,2015,75,Antonio Gates,SD,TE,"$8,374,264"
75,nfl,2015,76,Eric Berry,KC,FS,"$8,357,700"
76,nfl,2015,77,Jared Cook,STL,TE,"$8,300,441"
77,nfl,2015,78,Jonathan Stewart,CAR,RB,"$8,300,000"
78,nfl,2015,79,Rodger Saffold,STL,G,"$8,250,000"
79,nfl,2015,80,Everson Griffen,MIN,ED/DE,"$8,200,000"
80,nfl,2015,,Paul Kruger,CLE,ED/OLB,"$8,200,000"
81,nfl,2015,82,Victor Cruz,NYG,WR,"$8,125,000"
82,nfl,2015,83,Michael Griffin,TEN,FS,"$8,100,000"
83,nfl,2015,84,William Beatty,NYG,LT,"$8,050,000"
84,nfl,2015,,Jermon Bushrod,CHI,G,"$8,050,000"
85,nfl,2015,86,Cliff Avril,SEA,ED/DE,"$8,000,000"
86,nfl,2015,,Michael Bennett,SEA,ED/DE,"$8,000,000"
87,nfl,2015,,Jimmy Graham,SEA,TE,"$8,000,000"
88,nfl,2015,,Alex Mack,CLE,C,"$8,000,000"
89,nfl,2015,,Jermey Parnell,JAX,RT,"$8,000,000"
90,nfl,2015,,Dan Williams,OAK,DL/DT,"$8,000,000"
91,nfl,2015,92,Corey Liuget,SD,DL/DT,"$7,977,000"
92,nfl,2015,93,Jamaal Charles,KC,RB,"$7,970,835"
93,nfl,2015,94,Brian Cushing,HOU,LB/ILB,"$7,891,250"
94,nfl,2015,95,Marcell Dareus,BUF,DL/DT,"$7,823,530"
95,nfl,2015,96,Reshad Jones,MIA,SS,"$7,712,942"
96,nfl,2015,97,Eugene Monroe,BAL,LT,"$7,700,000"
97,nfl,2015,98,Navorro Bowman,SF,LB/ILB,"$7,654,000"
98,nfl,2015,99,Thomas Davis,CAR,LB/OLB,"$7,650,000"
99,nfl,2015,100,Joe Staley,SF,LT,"$7,600,000"
100,nfl,2015,101,T.J. Ward,DEN,SS,"$7,514,705"
101,nfl,2015,102,David Harris,NYJ,LB/ILB,"$7,500,000"
102,nfl,2015,,Andre Johnson,IND,WR,"$7,500,000"
103,nfl,2015,104,Robert Mathis,IND,ED/OLB,"$7,470,586"
104,nfl,2015,105,Kareem Jackson,HOU,CB,"$7,453,125"
105,nfl,2015,106,Earl Thomas,SEA,FS,"$7,400,000"
106,nfl,2015,107,Elvis Dumervil,BAL,ED/OLB,"$7,375,000"
107,nfl,2015,,Carson Palmer,ARI,QB,"$7,375,000"
108,nfl,2015,109,Jason Pierre-Paul,NYG,ED/DE,"$7,350,000"
109,nfl,2015,110,John Sullivan,MIN,C,"$7,333,333"
110,nfl,2015,111,Russell Okung,SEA,LT,"$7,280,000"
111,nfl,2015,112,Dominique Rodgers-Cromartie,NYG,CB,"$7,250,000"
112,nfl,2015,113,Andrew Whitworth,CIN,LT,"$7,200,000"
113,nfl,2015,114,Rey Maualuga,CIN,LB/ILB,"$7,137,500"
114,nfl,2015,115,Antonio Brown,PIT,WR,"$7,120,833"
115,nfl,2015,116,Arthur Jones,IND,DL/DT,"$7,100,000"
116,nfl,2015,117,Ahmad Brooks,SF,ED/OLB,"$7,055,000"
117,nfl,2015,118,Russell Wilson,SEA,QB,"$7,054,868"
118,nfl,2015,119,Andrew Luck,IND,QB,"$7,034,363"
119,nfl,2015,120,Sebastian Vollmer,NE,RT,"$7,020,833"
120,nfl,2015,121,Nate Allen,OAK,FS,"$7,000,000"
121,nfl,2015,,Connor Barwin,PHI,ED/OLB,"$7,000,000"
122,nfl,2015,,Desmond Bryant,CLE,DL/DE,"$7,000,000"
123,nfl,2015,,Dez Bryant,DAL,WR,"$7,000,000"
124,nfl,2015,,Antonio Cromartie,NYJ,CB,"$7,000,000"
125,nfl,2015,,Jahri Evans,NO,G,"$7,000,000"
126,nfl,2015,,Logan Mankins,TB,G,"$7,000,000"
127,nfl,2015,,Mike Pouncey,MIA,C,"$7,000,000"
128,nfl,2015,,Josh Sitton,GB,G,"$7,000,000"
129,nfl,2015,,Sean Smith,KC,CB,"$7,000,000"
130,nfl,2015,131,Lamarr Houston,CHI,ED/OLB,"$6,990,000"
131,nfl,2015,132,Marshal Yanda,BAL,G,"$6,981,764"
132,nfl,2015,133,Cortez Allen,PIT,CB,"$6,981,000"
133,nfl,2015,134,Muhammad Wilkerson,NYJ,DL/DE,"$6,969,000"
134,nfl,2015,135,Aqib Talib,DEN,CB,"$6,968,750"
135,nfl,2015,136,Trent Cole,IND,ED/OLB,"$6,953,125"
136,nfl,2015,137,Kyle Williams,BUF,DL/DT,"$6,950,000"
137,nfl,2015,138,Anquan Boldin,SF,WR,"$6,909,000"
138,nfl,2015,139,Prince Amukamara,NYG,CB,"$6,898,000"
139,nfl,2015,140,Paul Posluszny,JAX,LB/OLB,"$6,885,416"
140,nfl,2015,141,Anthony Castonzo,IND,LT,"$6,800,000"
141,nfl,2015,142,Phillip Loadholt,MIN,RT,"$6,750,000"
142,nfl,2015,,Donte Whitner,CLE,SS,"$6,750,000"
143,nfl,2015,144,Jurrell Casey,TEN,DL/DT,"$6,720,000"
144,nfl,2015,145,Robert Griffin III,WAS,QB,"$6,719,713"
145,nfl,2015,146,Luke Kuechly,CAR,LB/ILB,"$6,703,258"
146,nfl,2015,147,Mike Iupati,ARI,G,"$6,700,000"
147,nfl,2015,148,Pernell McPhee,CHI,ED/OLB,"$6,675,000"
148,nfl,2015,149,Eric Wood,BUF,C,"$6,650,000"
149,nfl,2015,150,Marques Colston,NO,WR,"$6,500,000"
150,nfl,2015,,Eric Decker,NYJ,WR,"$6,500,000"
151,nfl,2015,,Davon House,JAX,CB,"$6,500,000"
152,nfl,2015,,Curtis Lofton,OAK,LB/ILB,"$6,500,000"
153,nfl,2015,,Tramon Williams,CLE,CB,"$6,500,000"
154,nfl,2015,155,Kyle Rudolph,MIN,TE,"$6,440,625"
155,nfl,2015,156,Cameron Heyward,PIT,DL/DT,"$6,400,000"
156,nfl,2015,,Austin Howard,OAK,RT,"$6,400,000"
157,nfl,2015,158,Andre Smith,CIN,G,"$6,362,500"
158,nfl,2015,159,Greg Olsen,CAR,TE,"$6,300,000"
159,nfl,2015,160,Matt Kalil,MIN,LT,"$6,290,644"
160,nfl,2015,161,Louis Vasquez,DEN,G,"$6,250,000"
161,nfl,2015,162,Ryan Kerrigan,WAS,ED/OLB,"$6,238,000"
162,nfl,2015,163,Dennis Pitta,BAL,TE,"$6,200,000"
163,nfl,2015,164,Jerry Hughes,BUF,ED/DE,"$6,175,000"
164,nfl,2015,165,Martellus Bennett,CHI,TE,"$6,125,000"
165,nfl,2015,166,Jason Witten,DAL,TE,"$6,112,000"
166,nfl,2015,167,Lavonte David,TB,LB/OLB,"$6,104,642"
167,nfl,2015,168,Jerod Mayo,NE,LB/ILB,"$6,100,000"
168,nfl,2015,,Ndamukong Suh,MIA,DL/DT,"$6,100,000"
169,nfl,2015,170,Eric Fisher,KC,LT,"$6,051,954"
170,nfl,2015,171,Brandon Graham,PHI,DL/DE,"$6,000,000"
171,nfl,2015,,Devin McCourty,NE,FS,"$6,000,000"
172,nfl,2015,173,Emmanuel Sanders,DEN,WR,"$5,850,000"
173,nfl,2015,174,Greg Toler,IND,CB,"$5,833,334"
174,nfl,2015,175,T.J. Lang,GB,G,"$5,800,000"
175,nfl,2015,,Stephen Tulloch,DET,LB/ILB,"$5,800,000"
176,nfl,2015,177,Luke Joeckel,JAX,G,"$5,782,254"
177,nfl,2015,178,D'Qwell Jackson,IND,LB/ILB,"$5,750,000"
178,nfl,2015,179,Brandon Mebane,SEA,DL/DT,"$5,700,000"
179,nfl,2015,180,Malcolm Jenkins,PHI,FS,"$5,666,666"
180,nfl,2015,181,Brian Robison,MIN,ED/DE,"$5,650,000"
181,nfl,2015,182,Nate Solder,NE,LT,"$5,604,666"
182,nfl,2015,183,Lance Kendricks,STL,TE,"$5,600,000"
183,nfl,2015,184,Chad Greenway,MIN,LB/OLB,"$5,575,000"
184,nfl,2015,185,Roddy White,ATL,WR,"$5,556,250"
185,nfl,2015,186,Jairus Byrd,NO,FS,"$5,500,000"
186,nfl,2015,,Karlos Dansby,CLE,LB/ILB,"$5,500,000"
187,nfl,2015,,LeSean McCoy,BUF,RB,"$5,500,000"
188,nfl,2015,,Eddie Royal,CHI,WR,"$5,500,000"
189,nfl,2015,190,Donald Butler,SD,LB/ILB,"$5,480,000"
190,nfl,2015,191,Sean Lee,DAL,LB/OLB,"$5,450,000"
191,nfl,2015,192,Sen'Derrick Marks,JAX,DL/DT,"$5,425,000"
192,nfl,2015,193,Donald Penn,OAK,LT,"$5,400,000"
193,nfl,2015,194,William Moore,ATL,SS,"$5,368,750"
194,nfl,2015,195,Randall Cobb,GB,WR,"$5,350,000"
195,nfl,2015,,Jerraud Powers,ARI,CB,"$5,350,000"
196,nfl,2015,197,Delanie Walker,TEN,TE,"$5,275,000"
197,nfl,2015,198,Dion Jordan,MIA,ED/DE,"$5,267,276"
198,nfl,2015,199,Derrick Johnson,KC,LB/ILB,"$5,250,000"
199,nfl,2015,200,Lane Johnson,PHI,RT,"$5,225,974"
200,nfl,2015,201,Brian Hoyer,HOU,QB,"$5,218,750"
201,nfl,2015,202,Jason Hatcher,WAS,DL/DE,"$5,203,125"
202,nfl,2015,203,Morris Claiborne,DAL,CB,"$5,175,069"
203,nfl,2015,204,Vontaze Burfict,CIN,LB/OLB,"$5,175,000"
204,nfl,2015,205,Morgan Burnett,GB,SS,"$5,131,250"
205,nfl,2015,206,Breno Giacomini,NYJ,RT,"$5,125,000"
206,nfl,2015,207,Kam Chancellor,SEA,SS,"$5,119,117"
207,nfl,2015,208,Clint Boling,CIN,G,"$5,100,000"
208,nfl,2015,,Justin Houston,KC,ED/OLB,"$5,100,000"
209,nfl,2015,210,Ezekiel Ansah,DET,ED/DE,"$5,071,232"
210,nfl,2015,211,Jadeveon Clowney,HOU,ED/OLB,"$5,062,045"
211,nfl,2015,212,Tyron Smith,DAL,LT,"$5,039,000"
212,nfl,2015,213,Zane Beadles,JAX,G,"$5,000,000"
213,nfl,2015,,Charles Clay,BUF,TE,"$5,000,000"
214,nfl,2015,,Chris Clemons,JAX,ED/DE,"$5,000,000"
215,nfl,2015,,Andrew Hawkins,CLE,WR,"$5,000,000"
216,nfl,2015,,DeMarco Murray,PHI,RB,"$5,000,000"
217,nfl,2015,,Antrel Rolle,CHI,SS,"$5,000,000"
218,nfl,2015,219,Justin Tuck,OAK,ED/DE,"$4,968,750"
219,nfl,2015,220,Tamba Hali,KC,ED/OLB,"$4,964,706"
220,nfl,2015,221,Carlos Dunlap,CIN,ED/DE,"$4,900,000"
221,nfl,2015,,Leodis McKelvin,BUF,CB,"$4,900,000"
222,nfl,2015,223,Ryan Tannehill,MIA,QB,"$4,873,364"
223,nfl,2015,224,Greg Robinson,STL,LT,"$4,837,295"
224,nfl,2015,225,DeAngelo Hall,WAS,CB,"$4,812,500"
225,nfl,2015,226,Brent Celek,PHI,TE,"$4,800,000"
226,nfl,2015,,Riley Cooper,PHI,WR,"$4,800,000"
227,nfl,2015,,Chase Daniel,KC,QB,"$4,800,000"
228,nfl,2015,229,Reggie Nelson,CIN,FS,"$4,775,000"
229,nfl,2015,230,Antoine Bethea,SF,SS,"$4,750,000"
230,nfl,2015,,Nick Fairley,STL,DL/DT,"$4,750,000"
231,nfl,2015,,Rob Ninkovich,NE,LB/OLB,"$4,750,000"
232,nfl,2015,,K.J. Wright,SEA,LB/OLB,"$4,750,000"
233,nfl,2015,234,Malcom Floyd,SD,WR,"$4,716,668"
234,nfl,2015,235,Blake Bortles,JAX,QB,"$4,694,275"
235,nfl,2015,236,Sammie Lee Hill,TEN,DL/DT,"$4,666,668"
236,nfl,2015,237,Julian Edelman,NE,WR,"$4,656,250"
237,nfl,2015,238,Doug Baldwin,SEA,WR,"$4,650,000"
238,nfl,2015,239,Jameis Winston,TB,QB,"$4,609,323"
239,nfl,2015,240,Orlando Franklin,SD,G,"$4,600,000"
240,nfl,2015,,Linval Joseph,MIN,DL/DT,"$4,600,000"
241,nfl,2015,,Jordy Nelson,GB,WR,"$4,600,000"
242,nfl,2015,,Dan Skuta,JAX,LB/OLB,"$4,600,000"
243,nfl,2015,244,Jordan Cameron,MIA,TE,"$4,562,500"
244,nfl,2015,245,Sammy Watkins,BUF,WR,"$4,530,819"
245,nfl,2015,246,Dwayne Bowe,CLE,WR,"$4,500,000"
246,nfl,2015,,Frank Gore,IND,RB,"$4,500,000"
247,nfl,2015,,Keenan Lewis,NO,CB,"$4,500,000"
248,nfl,2015,,Earl Mitchell,MIA,DL/DT,"$4,500,000"
249,nfl,2015,,Derek Newton,HOU,RT,"$4,500,000"
250,nfl,2015,251,William Hayes,STL,ED/DE,"$4,480,000"
251,nfl,2015,252,Brian Orakpo,TEN,ED/OLB,"$4,468,750"
252,nfl,2015,253,Barkevious Mingo,CLE,ED/OLB,"$4,458,273"
253,nfl,2015,254,Corey Graham,BUF,FS,"$4,450,000"
254,nfl,2015,255,Koa Misi,MIA,LB/OLB,"$4,438,000"
255,nfl,2015,256,Marcus Mariota,TEN,QB,"$4,402,541"
256,nfl,2015,257,Jason Kelce,PHI,C,"$4,400,000"
257,nfl,2015,,DeAndre Levy,DET,LB/OLB,"$4,400,000"
258,nfl,2015,,Paul Soliai,ATL,DL/DT,"$4,400,000"
259,nfl,2015,260,Orlando Scandrick,DAL,CB,"$4,382,271"
260,nfl,2015,261,Mike Scifres,SD,P,"$4,347,500"
261,nfl,2015,262,Captain Munnerlyn,MIN,CB,"$4,333,333"
262,nfl,2015,263,Kenny Britt,STL,WR,"$4,300,000"
263,nfl,2015,,Kory Lichtensteiger,WAS,C,"$4,300,000"
264,nfl,2015,265,Maurkice Pouncey,PIT,C,"$4,296,000"
265,nfl,2015,266,James Laurinaitis,STL,LB/ILB,"$4,275,000"
266,nfl,2015,267,Bruce Carter,TB,LB/ILB,"$4,250,000"
267,nfl,2015,,Brandon Flowers,SD,CB,"$4,250,000"
268,nfl,2015,,Kendall Langford,IND,DL/DE,"$4,250,000"
269,nfl,2015,,Michael Neal,GB,ED/OLB,"$4,250,000"
270,nfl,2015,,Stephen Paea,WAS,DL/DT,"$4,250,000"
271,nfl,2015,,Alterraun Verner,TB,CB,"$4,250,000"
272,nfl,2015,,Erik Walden,IND,ED/OLB,"$4,250,000"
273,nfl,2015,274,Khalil Mack,OAK,ED/DE,"$4,244,773"
274,nfl,2015,275,Charles Woodson,OAK,SS,"$4,200,000"
275,nfl,2015,276,Cameron Jordan,NO,ED/DE,"$4,169,000"
276,nfl,2015,277,Steve Smith,BAL,WR,"$4,166,666"
277,nfl,2015,278,Jon Beason,NYG,LB/ILB,"$4,154,166"
278,nfl,2015,279,Dante Fowler Jr.,JAX,ED/DE,"$4,153,955"
279,nfl,2015,280,Heath Miller,PIT,TE,"$4,151,666"
280,nfl,2015,281,Phil Dawson,SF,K,"$4,134,000"
281,nfl,2015,282,King Dunlap,SD,LT,"$4,125,000"
282,nfl,2015,283,Amari Cooper,OAK,WR,"$4,120,566"
283,nfl,2015,284,Darren Sproles,PHI,RB,"$4,100,000"
284,nfl,2015,285,Chris Culliver,WAS,CB,"$4,073,529"
285,nfl,2015,286,Perry Riley,WAS,LB/ILB,"$4,049,804"
286,nfl,2015,287,Nick Foles,STL,QB,"$4,042,000"
287,nfl,2015,288,Mike Daniels,GB,DL/DT,"$4,022,996"
288,nfl,2015,289,David Hawthorne,NO,LB/ILB,"$4,010,000"
289,nfl,2015,290,Dashon Goldson,WAS,FS,"$4,000,000"
290,nfl,2015,,Percy Harvin,BUF,WR,"$4,000,000"
291,nfl,2015,,Terrance Knighton,WAS,DL/DT,"$4,000,000"
292,nfl,2015,,Shawn Lauvao,WAS,G,"$4,000,000"
293,nfl,2015,,Derrick Morgan,TEN,ED/OLB,"$4,000,000"
294,nfl,2015,,Jabaal Sheard,NE,LB/OLB,"$4,000,000"
295,nfl,2015,,Malcolm Smith,OAK,LB/OLB,"$4,000,000"
296,nfl,2015,297,Jason Jones,DET,ED/DE,"$3,983,333"
297,nfl,2015,298,Jonathan Cooper,ARI,G,"$3,967,910"
298,nfl,2015,299,Terrell Suggs,BAL,ED/OLB,"$3,950,000"
299,nfl,2015,300,Garrett Graham,HOU,TE,"$3,921,875"
300,nfl,2015,301,Josh McCown,CLE,QB,"$3,916,666"
301,nfl,2015,302,Aaron Williams,BUF,SS,"$3,900,000"
302,nfl,2015,303,Daryl Smith,BAL,LB/ILB,"$3,875,000"
303,nfl,2015,304,Drew Stanton,ARI,QB,"$3,866,668"
304,nfl,2015,305,Brandon Scherff,WAS,G,"$3,857,388"
305,nfl,2015,306,Tyson Jackson,ATL,ED/DE,"$3,850,000"
306,nfl,2015,,Marcedes Lewis,JAX,TE,"$3,850,000"
307,nfl,2015,,Roy Miller,JAX,DL/DT,"$3,850,000"
308,nfl,2015,,Sean Weatherspoon,ARI,LB/ILB,"$3,850,000"
309,nfl,2015,310,Stephon Gilmore,BUF,CB,"$3,844,959"
310,nfl,2015,311,Dustin Colquitt,KC,P,"$3,800,000"
311,nfl,2015,,Brandon Pettigrew,DET,TE,"$3,800,000"
312,nfl,2015,313,Henry Melton,TB,DL/DT,"$3,750,000"
313,nfl,2015,,Andre Roberts,WAS,WR,"$3,750,000"
314,nfl,2015,,Mark Sanchez,PHI,QB,"$3,750,000"
315,nfl,2015,,Evan Smith,TB,C,"$3,750,000"
316,nfl,2015,317,Jake Matthews,ATL,LT,"$3,733,978"
317,nfl,2015,318,Alex Boone,SF,G,"$3,723,000"
318,nfl,2015,319,Devin Hester,ATL,WR,"$3,708,333"
319,nfl,2015,320,Domata Peko,CIN,DL/DT,"$3,700,000"
320,nfl,2015,321,Da'Norris Searcy,TEN,SS,"$3,625,000"
321,nfl,2015,322,Jonathan Babineaux,ATL,DL/DT,"$3,619,791"
322,nfl,2015,323,Ropati Pitoitua,TEN,DL/DE,"$3,612,500"
323,nfl,2015,324,Sebastian Janikowski,OAK,K,"$3,610,000"
324,nfl,2015,325,Dontari Poe,KC,DL/DT,"$3,601,822"
325,nfl,2015,326,Stephen Gostkowski,NE,K,"$3,600,000"
326,nfl,2015,,Robbie Gould,CHI,K,"$3,600,000"
327,nfl,2015,,Jimmy Smith,BAL,CB,"$3,600,000"
328,nfl,2015,,Torrey Smith,SF,WR,"$3,600,000"
329,nfl,2015,330,Marcel Reece,OAK,FB,"$3,580,838"
330,nfl,2015,331,Glover Quin,DET,FS,"$3,572,500"
331,nfl,2015,332,Bryan Bulaga,GB,RT,"$3,568,750"
332,nfl,2015,333,Mason Crosby,GB,K,"$3,550,000"
333,nfl,2015,334,Joique Bell,DET,RB,"$3,500,000"
334,nfl,2015,,Chad Henne,JAX,QB,"$3,500,000"
335,nfl,2015,,Brandon LaFell,NE,WR,"$3,500,000"
336,nfl,2015,,Vince Wilfork,HOU,DL/DT,"$3,500,000"
337,nfl,2015,,Wesley Woodyard,TEN,LB/ILB,"$3,500,000"
338,nfl,2015,339,Brandon Fusco,MIN,G,"$3,485,000"
339,nfl,2015,340,Tavon Austin,STL,WR,"$3,477,546"
340,nfl,2015,341,Dee Milliner,NYJ,CB,"$3,453,010"
341,nfl,2015,342,Mike Tolbert,CAR,FB,"$3,425,000"
342,nfl,2015,343,Jeremy Maclin,KC,WR,"$3,400,000"
343,nfl,2015,,Thomas Morstead,NO,P,"$3,400,000"
344,nfl,2015,345,Leonard Williams,NYJ,DL/DE,"$3,387,430"
345,nfl,2015,346,Matt Bosher,ATL,P,"$3,355,000"
346,nfl,2015,347,Dexter McCluster,TEN,RB,"$3,350,000"
347,nfl,2015,,Erik Pears,SF,RT,"$3,350,000"
348,nfl,2015,,Lee Smith,OAK,TE,"$3,350,000"
349,nfl,2015,350,Perrish Cox,TEN,CB,"$3,333,333"
350,nfl,2015,351,Mike Evans,TB,WR,"$3,325,341"
351,nfl,2015,352,Steven Hauschka,SEA,K,"$3,325,000"
352,nfl,2015,353,Chance Warmack,TEN,G,"$3,318,177"
353,nfl,2015,354,Matt Slauson,CHI,G,"$3,267,500"
354,nfl,2015,355,Fletcher Cox,PHI,DL/DT,"$3,258,036"
355,nfl,2015,356,Marcus Gilbert,PIT,RT,"$3,256,000"
356,nfl,2015,357,Barry Church,DAL,SS,"$3,250,000"
357,nfl,2015,,Ryan Fitzpatrick,NYJ,QB,"$3,250,000"
358,nfl,2015,,Shaun Hill,MIN,QB,"$3,250,000"
359,nfl,2015,,Clinton McDonald,TB,DL/DT,"$3,250,000"
360,nfl,2015,,Walter Thurmond,PHI,FS,"$3,250,000"
361,nfl,2015,362,Allen Bailey,KC,DL/DE,"$3,231,250"
362,nfl,2015,363,Michael Crabtree,OAK,WR,"$3,200,000"
363,nfl,2015,,Pat McAfee,IND,P,"$3,200,000"
364,nfl,2015,,Zach Strief,NO,RT,"$3,200,000"
365,nfl,2015,366,Michael Floyd,ARI,WR,"$3,172,750"
366,nfl,2015,367,Willie Young,CHI,ED/OLB,"$3,166,666"
367,nfl,2015,368,Brooks Reed,ATL,ED/DE,"$3,140,000"
368,nfl,2015,369,T.Y. Hilton,IND,WR,"$3,131,850"
369,nfl,2015,370,Marcus Gilchrist,NYJ,SS,"$3,125,000"
370,nfl,2015,371,Danny Amendola,NE,WR,"$3,116,666"
371,nfl,2015,372,D.J. Fluker,SD,G,"$3,109,771"
372,nfl,2015,373,Jermaine Gresham,ARI,TE,"$3,109,375"
373,nfl,2015,374,Mike Adams,IND,SS,"$3,100,000"
374,nfl,2015,,Graham Gano,CAR,K,"$3,100,000"
375,nfl,2015,,Manny Lawson,BUF,LB/OLB,"$3,100,000"
376,nfl,2015,,Vincent Rey,CIN,LB/ILB,"$3,100,000"
377,nfl,2015,,Daryl Washington,ARI,LB/ILB,"$3,100,000"
378,nfl,2015,379,Golden Tate,DET,WR,"$3,096,250"
379,nfl,2015,380,Joe Reitz,IND,G,"$3,062,500"
380,nfl,2015,381,Greg Hardy,DAL,ED/DE,"$3,041,379"
381,nfl,2015,382,Michael Brockers,STL,DL/DT,"$3,029,727"
382,nfl,2015,383,Mychal Kendricks,PHI,ED/OLB,"$3,014,141"
383,nfl,2015,384,Kevin White,CHI,WR,"$3,011,463"
384,nfl,2015,385,Tyson Alualu,JAX,ED/DE,"$3,000,000"
385,nfl,2015,,Alan Ball,CHI,CB,"$3,000,000"
386,nfl,2015,,Doug Free,DAL,RT,"$3,000,000"
387,nfl,2015,,Toby Gerhart,JAX,RB,"$3,000,000"
388,nfl,2015,,Chris Harris,DEN,CB,"$3,000,000"
389,nfl,2015,,Matt Hasselbeck,IND,QB,"$3,000,000"
390,nfl,2015,,Rahim Moore,HOU,FS,"$3,000,000"
391,nfl,2015,,Manuel Ramirez,DET,G,"$3,000,000"
392,nfl,2015,,DeMeco Ryans,PHI,LB/ILB,"$3,000,000"
393,nfl,2015,,Aldon Smith,OAK,LB/OLB,"$3,000,000"
394,nfl,2015,,Max Unger,NO,C,"$3,000,000"
395,nfl,2015,396,Chris Baker,WAS,DL/DT,"$2,984,375"
396,nfl,2015,397,Whitney Mercilus,HOU,ED/OLB,"$2,979,030"
397,nfl,2015,398,Bobby Wagner,SEA,LB/ILB,"$2,970,663"
398,nfl,2015,399,Randy Starks,CLE,DL/DE,"$2,968,750"
399,nfl,2015,400,Akeem Ayers,STL,LB/OLB,"$2,921,875"
400,nfl,2015,,Evan Mathis,DEN,G,"$2,921,875"
401,nfl,2015,402,Justin Gilbert,CLE,CB,"$2,916,705"
402,nfl,2015,403,Nolan Carroll,PHI,CB,"$2,900,000"
403,nfl,2015,404,Anthony Barr,MIN,LB/OLB,"$2,896,250"
404,nfl,2015,405,Bruce Irvin,SEA,LB/OLB,"$2,895,542"
405,nfl,2015,406,Andy Levitre,ATL,G,"$2,875,000"
406,nfl,2015,407,Geoff Schwartz,NYG,G,"$2,845,833"
407,nfl,2015,408,Tyrone Crawford,DAL,ED/DE,"$2,828,813"
408,nfl,2015,409,Matt Bryant,ATL,K,"$2,827,083"
409,nfl,2015,410,John Greco,CLE,G,"$2,825,000"
410,nfl,2015,411,Mackenzy Bernadeau,DAL,C,"$2,824,166"
411,nfl,2015,412,D.J. Hayden,OAK,CB,"$2,815,554"
412,nfl,2015,413,Rashad Jennings,NYG,RB,"$2,812,500"
413,nfl,2015,414,Steve McLendon,PIT,DL/DT,"$2,808,334"
414,nfl,2015,415,Chris Chester,ATL,G,"$2,800,000"
415,nfl,2015,416,Tramaine Brock,SF,CB,"$2,790,000"
416,nfl,2015,417,Eric Ebron,DET,TE,"$2,783,898"
417,nfl,2015,418,Kevin Huber,CIN,P,"$2,770,000"
418,nfl,2015,419,Owen Daniels,DEN,TE,"$2,750,000"
419,nfl,2015,,Chris Ivory,NYJ,RB,"$2,750,000"
420,nfl,2015,,George Johnson,TB,ED/DE,"$2,750,000"
421,nfl,2015,,Buster Skrine,NYJ,CB,"$2,750,000"
422,nfl,2015,,Adam Vinatieri,IND,K,"$2,750,000"
423,nfl,2015,424,Dre Kirkpatrick,CIN,CB,"$2,743,680"
424,nfl,2015,425,Jarius Wright,MIN,WR,"$2,707,027"
425,nfl,2015,426,Melvin Ingram,SD,ED/OLB,"$2,672,166"
426,nfl,2015,427,Corey Peters,ARI,DL/DT,"$2,666,666"
427,nfl,2015,428,Rolando McClain,DAL,LB/ILB,"$2,636,029"
428,nfl,2015,429,Vic Beasley,ATL,ED/DE,"$2,635,496"
429,nfl,2015,430,Shea McClellin,CHI,ED/OLB,"$2,629,263"
430,nfl,2015,431,Mike DeVito,KC,DL/DE,"$2,620,000"
431,nfl,2015,432,Star Lotulelei,CAR,DL/DT,"$2,619,409"
432,nfl,2015,433,Ereck Flowers,NYG,RT,"$2,616,676"
433,nfl,2015,434,Marcus Cannon,NE,RT,"$2,616,666"
434,nfl,2015,435,Kendall Wright,TEN,WR,"$2,614,962"
435,nfl,2015,436,Taylor Lewan,TEN,LT,"$2,610,228"
436,nfl,2015,437,Chandler Jones,NE,LB/OLB,"$2,600,659"
437,nfl,2015,438,Michael Johnson,CIN,ED/DE,"$2,600,000"
438,nfl,2015,,Jeremy Kerley,NYJ,WR,"$2,600,000"
439,nfl,2015,,Matt Moore,MIA,QB,"$2,600,000"
440,nfl,2015,,Ahtyba Rubin,SEA,DL/DT,"$2,600,000"
441,nfl,2015,,Al Woods,TEN,DL/DT,"$2,600,000"
442,nfl,2015,443,Kenny Vaccaro,NO,SS,"$2,570,376"
443,nfl,2015,444,Adam-Pacman Jones,CIN,CB,"$2,550,000"
444,nfl,2015,,Sean Richardson,GB,SS,"$2,550,000"
445,nfl,2015,446,Riley Reiff,DET,LT,"$2,543,450"
446,nfl,2015,447,Shane Vereen,NYG,RB,"$2,516,666"
447,nfl,2015,448,Todd Gurley,STL,RB,"$2,513,306"
448,nfl,2015,449,Mike Mitchell,PIT,FS,"$2,508,750"
449,nfl,2015,450,Dan Bailey,DAL,K,"$2,500,000"
450,nfl,2015,,Sergio Brown,JAX,FS,"$2,500,000"
451,nfl,2015,,Darius Butler,IND,FS,"$2,500,000"
452,nfl,2015,,Gosder Cherilus,TB,RT,"$2,500,000"
453,nfl,2015,,Demar Dotson,TB,RT,"$2,500,000"
454,nfl,2015,,Greg Jennings,MIA,WR,"$2,500,000"
455,nfl,2015,,Cam Thomas,PIT,DL/DT,"$2,500,000"
456,nfl,2015,,Stefen Wisniewski,JAX,C,"$2,500,000"
457,nfl,2015,,Danny Woodhead,SD,RB,"$2,500,000"
458,nfl,2015,459,David DeCastro,PIT,G,"$2,486,240"
459,nfl,2015,460,Letroy Guion,GB,DL/DE,"$2,485,294"
460,nfl,2015,461,Jeremy Zuttah,BAL,C,"$2,478,382"
461,nfl,2015,462,Vernon Davis,DEN,TE,"$2,477,941"
462,nfl,2015,463,Dont'a Hightower,NE,LB/OLB,"$2,457,637"
463,nfl,2015,464,Terence Newman,MIN,CB,"$2,453,125"
464,nfl,2015,,Cecil Shorts,HOU,WR,"$2,453,125"
465,nfl,2015,466,Robert Ayers,NYG,ED/DE,"$2,437,500"
466,nfl,2015,467,Ted Larsen,ARI,G,"$2,435,000"
467,nfl,2015,468,Sheldon Richardson,NYJ,DL/DT,"$2,431,647"
468,nfl,2015,469,E.J. Manuel,BUF,QB,"$2,423,264"
469,nfl,2015,470,Michael Oher,CAR,RT,"$2,421,875"
470,nfl,2015,471,Will Hill,BAL,SS,"$2,416,045"
471,nfl,2015,472,Reggie Bush,SF,RB,"$2,406,250"
472,nfl,2015,473,Kevin Zeitler,CIN,G,"$2,400,427"
473,nfl,2015,474,Brandon Browner,NO,CB,"$2,400,000"
474,nfl,2015,,Ben Grubbs,KC,G,"$2,400,000"
475,nfl,2015,,Sam Koch,BAL,P,"$2,400,000"
476,nfl,2015,,Ryan Wendell,NE,C,"$2,400,000"
477,nfl,2015,478,Eugene Sims,STL,ED/DE,"$2,391,686"
478,nfl,2015,479,Nick Perry,GB,ED/OLB,"$2,386,125"
479,nfl,2015,480,James Carpenter,NYJ,G,"$2,375,000"
480,nfl,2015,481,Jarvis Jones,PIT,ED/OLB,"$2,374,228"
481,nfl,2015,482,Johnny Hekker,STL,P,"$2,373,773"
482,nfl,2015,483,"Odell Beckham, Jr.",NYG,WR,"$2,365,045"
483,nfl,2015,484,Mark Barron,STL,LB/ILB,"$2,362,704"
484,nfl,2015,485,Dan Carpenter,BUF,K,"$2,362,500"
485,nfl,2015,486,Jerrell Freeman,IND,LB/ILB,"$2,356,000"
486,nfl,2015,,Tashaun Gipson,CLE,FS,"$2,356,000"
487,nfl,2015,,Damon Harrison,NYJ,DL/DT,"$2,356,000"
488,nfl,2015,,Jermaine Kearse,SEA,WR,"$2,356,000"
489,nfl,2015,,Emmanuel Lamur,CIN,LB/OLB,"$2,356,000"
490,nfl,2015,,Rodney McLeod,STL,FS,"$2,356,000"
491,nfl,2015,,Craig Robertson,CLE,LB/ILB,"$2,356,000"
492,nfl,2015,,Derrick Shelby,MIA,DL/DT,"$2,356,000"
493,nfl,2015,,Rod Streater,OAK,WR,"$2,356,000"
494,nfl,2015,,Cedric Thornton,PHI,DL/DT,"$2,356,000"
495,nfl,2015,,Justin Tucker,BAL,K,"$2,356,000"
496,nfl,2015,497,Trae Waynes,MIN,CB,"$2,353,520"
497,nfl,2015,498,Britton Colquitt,DEN,P,"$2,350,000"
498,nfl,2015,499,Glenn Dorsey,SF,DL/DE,"$2,341,666"
499,nfl,2015,500,Eric Reid,SF,SS,"$2,312,931"
500,nfl,2015,501,Aaron Donald,STL,DL/DT,"$2,303,750"
501,nfl,2015,502,Tom Johnson,MIN,DL/DT,"$2,300,000"
502,nfl,2015,503,Louis Delmas,MIA,FS,"$2,297,375"
503,nfl,2015,504,Donald Brown,SD,RB,"$2,294,118"
504,nfl,2015,505,Harry Douglas,TEN,WR,"$2,283,333"
505,nfl,2015,506,Justin Pugh,NYG,G,"$2,276,154"
506,nfl,2015,507,Harrison Smith,MIN,FS,"$2,271,355"
507,nfl,2015,508,Craig Stevens,TEN,TE,"$2,270,000"
508,nfl,2015,509,Kyle Long,CHI,G,"$2,263,896"
509,nfl,2015,510,Tyler Eifert,CIN,TE,"$2,251,637"
510,nfl,2015,511,Scott Chandler,NE,TE,"$2,250,000"
511,nfl,2015,,Brian Hartline,CLE,WR,"$2,250,000"
512,nfl,2015,,Jeremy Mincey,DAL,ED/DE,"$2,250,000"
513,nfl,2015,,Calvin Pace,NYJ,ED/OLB,"$2,250,000"
514,nfl,2015,515,Blair Walsh,MIN,K,"$2,239,483"
515,nfl,2015,516,Desmond Trufant,ATL,CB,"$2,227,117"
516,nfl,2015,517,Justin Blackmon,JAX,WR,"$2,210,999"
517,nfl,2015,518,Justin Durant,ATL,LB/OLB,"$2,210,416"
518,nfl,2015,519,Sharrif Floyd,MIN,DL/DT,"$2,202,600"
519,nfl,2015,520,Kyle Fuller,CHI,CB,"$2,201,591"
520,nfl,2015,521,Virgil Green,DEN,TE,"$2,200,000"
521,nfl,2015,,Kraig Urbik,BUF,G,"$2,200,000"
522,nfl,2015,523,Frostee Rucker,ARI,DL/DT,"$2,181,875"
523,nfl,2015,524,Ryan Shazier,PIT,LB/ILB,"$2,160,730"
524,nfl,2015,525,Doug Martin,TB,RB,"$2,159,668"
525,nfl,2015,526,Bjoern Werner,IND,ED/OLB,"$2,153,562"
526,nfl,2015,527,Alan Branch,NE,DL/DT,"$2,150,000"
527,nfl,2015,,Ramon Foster,PIT,G,"$2,150,000"
528,nfl,2015,529,Rashad Johnson,ARI,FS,"$2,133,334"
529,nfl,2015,530,Xavier Rhodes,MIN,CB,"$2,129,046"
530,nfl,2015,531,Danny Shelton,CLE,DL/DT,"$2,127,939"
531,nfl,2015,532,Logan Paulsen,WAS,TE,"$2,116,668"
532,nfl,2015,533,Roy Helu,OAK,RB,"$2,100,000"
533,nfl,2015,,Stevie Johnson,SD,WR,"$2,100,000"
534,nfl,2015,535,Joe Barksdale,SD,RT,"$2,095,000"
535,nfl,2015,536,Cullen Jenkins,NYG,ED/DE,"$2,091,668"
536,nfl,2015,537,Shane Lechler,HOU,P,"$2,083,334"
537,nfl,2015,538,Donnie Jones,PHI,P,"$2,083,333"
538,nfl,2015,539,DeAndre Hopkins,HOU,WR,"$2,080,010"
539,nfl,2015,540,Andrus Peat,NO,G,"$2,071,544"
540,nfl,2015,541,Sylvester Williams,DEN,DL/DT,"$2,067,750"
541,nfl,2015,542,Shaun Suisham,PIT,K,"$2,066,000"
542,nfl,2015,543,Adrian Clayborn,ATL,ED/DE,"$2,062,500"
543,nfl,2015,544,Wallace Gilberry,CIN,ED/DE,"$2,050,000"
544,nfl,2015,,Andy Lee,CLE,P,"$2,050,000"
545,nfl,2015,546,Datone Jones,GB,DL/DE,"$2,039,436"
546,nfl,2015,547,Zack Martin,DAL,G,"$2,038,136"
547,nfl,2015,548,Anthony Fasano,TEN,TE,"$2,031,250"
548,nfl,2015,549,Gary Barnidge,CLE,TE,"$2,012,500"
549,nfl,2015,550,Cole Beasley,DAL,WR,"$2,000,000"
550,nfl,2015,,Tarell Brown,NE,CB,"$2,000,000"
551,nfl,2015,,Patrick Chung,NE,SS,"$2,000,000"
552,nfl,2015,,James Ihedigbo,DET,SS,"$2,000,000"
553,nfl,2015,,Mark Ingram,NO,RB,"$2,000,000"
554,nfl,2015,,Ricky Jean Francois,WAS,DL/DT,"$2,000,000"
555,nfl,2015,,Brett Kern,TEN,P,"$2,000,000"
556,nfl,2015,,Ryan Mathews,PHI,RB,"$2,000,000"
557,nfl,2015,,Brice McCain,MIA,CB,"$2,000,000"
558,nfl,2015,,Ron Parker,KC,FS,"$2,000,000"
559,nfl,2015,,Bilal Powell,NYJ,RB,"$2,000,000"
560,nfl,2015,,Cory Redding,ARI,DL/DE,"$2,000,000"
561,nfl,2015,,Patrick Robinson,SD,CB,"$2,000,000"
562,nfl,2015,,Matt Schaub,BAL,QB,"$2,000,000"
563,nfl,2015,,Lyle Sendlein,ARI,C,"$2,000,000"
564,nfl,2015,,Kelvin Sheppard,MIA,LB/ILB,"$2,000,000"
565,nfl,2015,,Antonio Smith,DEN,DL/DE,"$2,000,000"
566,nfl,2015,,C.J. Spiller,NO,RB,"$2,000,000"
567,nfl,2015,,J.T. Thomas,NYG,LB/OLB,"$2,000,000"
568,nfl,2015,569,C.J. Mosley,BAL,LB/ILB,"$1,997,273"
569,nfl,2015,570,DeVante Parker,MIA,WR,"$1,977,553"
570,nfl,2015,571,Cordarrelle Patterson,MIN,WR,"$1,969,377"
571,nfl,2015,572,Rafael Bush,NO,FS,"$1,950,000"
572,nfl,2015,,Jerricho Cotchery,CAR,WR,"$1,950,000"
573,nfl,2015,,Mike Nugent,CIN,K,"$1,950,000"
574,nfl,2015,575,Calvin Pryor,NYJ,FS,"$1,946,194"
575,nfl,2015,576,Melvin Gordon,SD,RB,"$1,926,193"
576,nfl,2015,577,Kroy Biermann,ATL,LB/OLB,"$1,925,000"
577,nfl,2015,578,Alec Ogletree,STL,LB/ILB,"$1,917,282"
578,nfl,2015,579,Ryan Succop,TEN,K,"$1,916,666"
579,nfl,2015,580,Ja'Wuan James,MIA,RT,"$1,915,545"
580,nfl,2015,581,Brandin Cooks,NO,WR,"$1,905,330"
581,nfl,2015,582,Jeff Cumberland,NYJ,TE,"$1,900,000"
582,nfl,2015,,Jim Dray,CLE,TE,"$1,900,000"
583,nfl,2015,,Dannell Ellerbe,NO,LB/OLB,"$1,900,000"
584,nfl,2015,,Benjamin Watson,NO,TE,"$1,900,000"
585,nfl,2015,586,HaHa Clinton-Dix,GB,FS,"$1,895,114"
586,nfl,2015,587,Daniel Kilgore,SF,C,"$1,875,000"
587,nfl,2015,588,Johnny Manziel,CLE,QB,"$1,874,681"
588,nfl,2015,589,Travis Frederick,DAL,C,"$1,873,644"
589,nfl,2015,590,Dee Ford,KC,ED/OLB,"$1,854,250"
590,nfl,2015,591,Ted Ginn Jr.,CAR,WR,"$1,850,000"
591,nfl,2015,,A.J. Hawk,CIN,LB/OLB,"$1,850,000"
592,nfl,2015,593,Matt Elam,BAL,SS,"$1,845,546"
593,nfl,2015,594,James Starks,GB,RB,"$1,837,500"
594,nfl,2015,595,Bruce Gradkowski,PIT,QB,"$1,833,334"
595,nfl,2015,596,Niles Paul,WAS,TE,"$1,833,333"
596,nfl,2015,597,Kevin Johnson,HOU,CB,"$1,827,166"
597,nfl,2015,598,Kellen Clemens,SD,QB,"$1,822,500"
598,nfl,2015,599,Darqueze Dennard,CIN,CB,"$1,813,386"
599,nfl,2015,600,Roman Harper,CAR,SS,"$1,800,000"
600,nfl,2015,,Dwayne Harris,NYG,WR,"$1,800,000"
601,nfl,2015,602,Jason Verrett,SD,CB,"$1,792,955"
602,nfl,2015,603,Arik Armstead,SF,DL/DE,"$1,789,569"
603,nfl,2015,604,Marcus Smith,PHI,DL/DE,"$1,772,520"
604,nfl,2015,605,Matthew Slater,NE,WR,"$1,766,666"
605,nfl,2015,606,Matt Cassel,DAL,QB,"$1,764,705"
606,nfl,2015,607,Derek Anderson,CAR,QB,"$1,764,000"
607,nfl,2015,608,Deone Bucannon,ARI,LB/ILB,"$1,752,091"
608,nfl,2015,609,Khalif Barnes,OAK,LT,"$1,750,000"
609,nfl,2015,,Dwan Edwards,CAR,DL/DT,"$1,750,000"
610,nfl,2015,,Jerome Felton,BUF,FB,"$1,750,000"
611,nfl,2015,,Blaine Gabbert,SF,QB,"$1,750,000"
612,nfl,2015,,Josh Mauga,KC,LB/ILB,"$1,750,000"
613,nfl,2015,,Andrew Quarless,GB,TE,"$1,750,000"
614,nfl,2015,,B.J. Raji,GB,DL/DT,"$1,750,000"
615,nfl,2015,,Darian Stewart,DEN,FS,"$1,750,000"
616,nfl,2015,,Tyrunn Walker,DET,DL/DT,"$1,750,000"
617,nfl,2015,,Vance Walker,DEN,DL/DE,"$1,750,000"
618,nfl,2015,619,Bruce Miller,SF,FB,"$1,746,500"
619,nfl,2015,620,Marcus Peters,KC,CB,"$1,742,574"
620,nfl,2015,621,Kelvin Benjamin,CAR,WR,"$1,741,875"
621,nfl,2015,622,Chris Canty,BAL,DL/DE,"$1,735,000"
622,nfl,2015,623,Dwayne Allen,IND,TE,"$1,717,826"
623,nfl,2015,624,Josh Robinson,MIN,CB,"$1,716,250"
624,nfl,2015,625,Cameron Erving,CLE,G,"$1,714,375"
625,nfl,2015,626,Brian Quick,STL,WR,"$1,713,918"
626,nfl,2015,627,Trumaine Johnson,STL,CB,"$1,709,794"
627,nfl,2015,628,Akeem Dent,HOU,LB/ILB,"$1,709,375"
628,nfl,2015,629,Nelson Agholor,PHI,WR,"$1,704,977"
629,nfl,2015,630,Olivier Vernon,MIA,ED/DE,"$1,701,520"
630,nfl,2015,631,O'Brien Schofield,ATL,LB/OLB,"$1,700,000"
631,nfl,2015,632,Coby Fleener,IND,TE,"$1,699,615"
632,nfl,2015,633,Brandon Brooks,HOU,G,"$1,696,359"
633,nfl,2015,634,Cedric Ogbuehi,CIN,LT,"$1,695,577"
634,nfl,2015,635,Demario Davis,NYJ,LB/ILB,"$1,686,490"
635,nfl,2015,636,Courtney Upshaw,BAL,DL/DT,"$1,685,313"
636,nfl,2015,637,Mohamed Sanu,CIN,WR,"$1,682,813"
637,nfl,2015,638,Bud Dupree,PIT,ED/OLB,"$1,676,778"
638,nfl,2015,639,William Gay,PIT,CB,"$1,666,668"
639,nfl,2015,640,Jonathan Casillas,NYG,LB/OLB,"$1,666,666"
640,nfl,2015,641,Lamar Miller,MIA,RB,"$1,663,500"
641,nfl,2015,642,Ben Jones,HOU,C,"$1,662,362"
642,nfl,2015,643,Dominique Easley,NE,DL/DT,"$1,659,898"
643,nfl,2015,644,Shane Ray,DEN,ED/OLB,"$1,657,980"
644,nfl,2015,645,Nigel Bradham,BUF,LB/OLB,"$1,656,356"
645,nfl,2015,646,Coty Sensabaugh,TEN,CB,"$1,650,023"
646,nfl,2015,647,David Bruton,DEN,SS,"$1,650,000"
647,nfl,2015,648,Mitchell Schwartz,CLE,RT,"$1,645,267"
648,nfl,2015,649,Jared Crick,HOU,DL/DE,"$1,639,875"
649,nfl,2015,650,Rashean Mathis,DET,CB,"$1,625,000"
650,nfl,2015,651,D.J. Humphries,ARI,LT,"$1,620,384"
651,nfl,2015,652,Andre Branch,JAX,ED/DE,"$1,619,525"
652,nfl,2015,653,Rhett Ellison,MIN,TE,"$1,617,146"
653,nfl,2015,654,Jimmie Ward,SF,FS,"$1,616,485"
654,nfl,2015,655,Shaq Thompson,CAR,LB/OLB,"$1,601,586"
655,nfl,2015,656,Justin Forsett,BAL,RB,"$1,600,000"
656,nfl,2015,,Andrew Gachkar,DAL,LB/OLB,"$1,600,000"
657,nfl,2015,658,Malik Jackson,DEN,DL/DT,"$1,595,403"
658,nfl,2015,659,Robert Blanton,MIN,SS,"$1,594,763"
659,nfl,2015,660,Josh Norman,CAR,CB,"$1,591,750"
660,nfl,2015,661,Johnnie Troutman,SD,G,"$1,589,938"
661,nfl,2015,662,Janoris Jenkins,STL,CB,"$1,587,829"
662,nfl,2015,663,George Iloka,CIN,FS,"$1,582,075"
663,nfl,2015,664,Bradley Roby,DEN,CB,"$1,580,120"
664,nfl,2015,665,Alfred Morris,WAS,RB,"$1,572,775"
665,nfl,2015,666,Amini Silatolu,CAR,G,"$1,570,897"
666,nfl,2015,667,Danny Trevathan,DEN,LB/ILB,"$1,568,018"
667,nfl,2015,668,Byron Jones,DAL,CB,"$1,563,989"
668,nfl,2015,669,Teddy Bridgewater,MIN,QB,"$1,556,705"
669,nfl,2015,670,J.R. Sweezy,SEA,G,"$1,556,212"
670,nfl,2015,671,Laken Tomlinson,DET,G,"$1,554,589"
671,nfl,2015,672,Kelvin Beachum,PIT,LT,"$1,553,474"
672,nfl,2015,673,Andre Caldwell,DEN,WR,"$1,550,000"
673,nfl,2015,,Trumaine McBride,NYG,CB,"$1,550,000"
674,nfl,2015,675,Cordy Glenn,BUF,LT,"$1,548,012"
675,nfl,2015,676,Antonio Allen,NYJ,CB,"$1,542,000"
676,nfl,2015,,Larry Asante,OAK,SS,"$1,542,000"
677,nfl,2015,,Johnson Bademosi,CLE,CB,"$1,542,000"
678,nfl,2015,,Don Barclay,GB,RT,"$1,542,000"
679,nfl,2015,,Antwon Blake,PIT,CB,"$1,542,000"
680,nfl,2015,,Brandon Boykin,PIT,CB,"$1,542,000"
681,nfl,2015,,Lance Dunbar,DAL,RB,"$1,542,000"
682,nfl,2015,,Robert Golden,PIT,FS,"$1,542,000"
683,nfl,2015,,Gino Gradkowski,ATL,C,"$1,542,000"
684,nfl,2015,,Cory Harkey,STL,FB,"$1,542,000"
685,nfl,2015,,Mike Harris,MIN,G,"$1,542,000"
686,nfl,2015,,Andre Holmes,OAK,WR,"$1,542,000"
687,nfl,2015,,Jaiquawn Jarrett,NYJ,FS,"$1,542,000"
688,nfl,2015,,Will Johnson,PIT,FB,"$1,542,000"
689,nfl,2015,,Marquette King,OAK,P,"$1,542,000"
690,nfl,2015,,Bobby Rainey,TB,RB,"$1,542,000"
691,nfl,2015,,Billy Winn,IND,DL/DE,"$1,542,000"
692,nfl,2015,693,Breshad Perriman,BAL,WR,"$1,534,607"
693,nfl,2015,694,Darrel Young,WAS,FB,"$1,533,334"
694,nfl,2015,695,Charles Tillman,CAR,CB,"$1,531,250"
695,nfl,2015,696,Sterling Moore,TB,CB,"$1,525,000"
696,nfl,2015,697,Jah Reid,KC,RT,"$1,520,000"
697,nfl,2015,698,Ed Dickson,CAR,TE,"$1,516,666"
698,nfl,2015,699,Isa Abdul-Quddus,DET,FS,"$1,500,000"
699,nfl,2015,,Christopher Conte,TB,FS,"$1,500,000"
700,nfl,2015,,Clay Harbor,JAX,TE,"$1,500,000"
701,nfl,2015,,Tarvaris Jackson,SEA,QB,"$1,500,000"
702,nfl,2015,,Karl Klug,TEN,DL/DT,"$1,500,000"
703,nfl,2015,,Tony McDaniel,TB,DL/DT,"$1,500,000"
704,nfl,2015,,Ryan Mundy,CHI,SS,"$1,500,000"
705,nfl,2015,,Jon Ryan,SEA,P,"$1,500,000"
706,nfl,2015,,Anthony Sherman,KC,FB,"$1,500,000"
707,nfl,2015,,Luke Stocker,TB,TE,"$1,500,000"
708,nfl,2015,,Kevin Williams,NO,DL/DT,"$1,500,000"
709,nfl,2015,710,John Hughes,CLE,DL/DE,"$1,496,035"
710,nfl,2015,711,Ian Williams,SF,DL/DT,"$1,495,834"
711,nfl,2015,712,John Cyprien,JAX,SS,"$1,491,574"
712,nfl,2015,713,Arthur Moats,PIT,ED/OLB,"$1,483,333"
713,nfl,2015,714,Justin Hunter,TEN,WR,"$1,479,313"
714,nfl,2015,715,Phillip Dorsett,IND,WR,"$1,479,166"
715,nfl,2015,716,Jeff Allen,KC,G,"$1,477,580"
716,nfl,2015,717,Byron Bell,TEN,RT,"$1,475,000"
717,nfl,2015,718,Bobby Massie,ARI,RT,"$1,471,433"
718,nfl,2015,719,Zach Ertz,PHI,TE,"$1,467,054"
719,nfl,2015,720,Kyle Arrington,BAL,CB,"$1,466,666"
720,nfl,2015,721,Nick Folk,NYJ,K,"$1,463,333"
721,nfl,2015,722,Allen Barbre,PHI,G,"$1,450,000"
722,nfl,2015,723,Alshon Jeffery,CHI,WR,"$1,447,036"
723,nfl,2015,724,Darius Slay,DET,CB,"$1,442,537"
724,nfl,2015,725,Damarious Randall,GB,FS,"$1,439,224"
725,nfl,2015,726,Justin Bethel,ARI,CB,"$1,438,556"
726,nfl,2015,727,Matt Prater,DET,K,"$1,437,500"
727,nfl,2015,728,DeAngelo Williams,PIT,RB,"$1,435,000"
728,nfl,2015,729,Darrell Stuckey,SD,FS,"$1,433,750"
729,nfl,2015,730,Giovani Bernard,CIN,RB,"$1,432,729"
730,nfl,2015,731,Ryan Harris,DEN,LT,"$1,420,000"
731,nfl,2015,732,Manti Te'o,SD,LB/ILB,"$1,410,660"
732,nfl,2015,733,Stephone Anthony,NO,LB/OLB,"$1,405,766"
733,nfl,2015,734,Chris Clark,HOU,LT,"$1,400,000"
734,nfl,2015,,John Jerry,NYG,G,"$1,400,000"
735,nfl,2015,,Chris Maragos,PHI,FS,"$1,400,000"
736,nfl,2015,737,Derek Wolfe,DEN,DL/DE,"$1,397,881"
737,nfl,2015,738,Jacob Tamme,ATL,TE,"$1,387,500"
738,nfl,2015,739,Malcom Brown,NE,DL/DT,"$1,384,223"
739,nfl,2015,740,Paul Fanaika,KC,G,"$1,383,333"
740,nfl,2015,741,Colt McCoy,WAS,QB,"$1,375,000"
741,nfl,2015,742,Geno Smith,NYJ,QB,"$1,368,983"
742,nfl,2015,743,Josh Brown,NYG,K,"$1,350,000"
743,nfl,2015,,Marcus Easley,BUF,WR,"$1,350,000"
744,nfl,2015,745,Cornellius Carradine,SF,DL/DE,"$1,349,367"
745,nfl,2015,746,Tavon Wilson,NE,SS,"$1,342,057"
746,nfl,2015,747,Kurt Coleman,CAR,FS,"$1,340,625"
747,nfl,2015,748,Tim Masthay,GB,P,"$1,340,000"
748,nfl,2015,749,Robert Woods,BUF,WR,"$1,327,302"
749,nfl,2015,750,Kendall Reyes,SD,DL/DE,"$1,313,453"
750,nfl,2015,751,Menelik Watson,OAK,RT,"$1,307,687"
751,nfl,2015,752,Marshall Newhouse,NYG,RT,"$1,300,000"
752,nfl,2015,,Matt Overton,IND,LS,"$1,300,000"
753,nfl,2015,754,Johnthan Banks,TB,CB,"$1,288,997"
754,nfl,2015,755,Tyvon Branch,KC,SS,"$1,287,500"
755,nfl,2015,756,Jake Long,ATL,LT,"$1,275,000"
756,nfl,2015,757,Anthony Dixon,BUF,RB,"$1,266,666"
757,nfl,2015,,Kendrick Lewis,BAL,FS,"$1,266,666"
758,nfl,2015,759,Kawann Short,CAR,DL/DT,"$1,262,754"
759,nfl,2015,760,Xavier Su'a-Filo,HOU,G,"$1,261,727"
760,nfl,2015,761,Akiem Hicks,NE,ED/DE,"$1,259,588"
761,nfl,2015,762,DeMarcus Lawrence,DAL,ED/DE,"$1,251,511"
762,nfl,2015,763,Jonathan Freeny,NE,LB/OLB,"$1,250,000"
763,nfl,2015,,James Harrison,PIT,ED/OLB,"$1,250,000"
764,nfl,2015,,Joe Hawley,TB,C,"$1,250,000"
765,nfl,2015,,Nate Irving,IND,LB/ILB,"$1,250,000"
766,nfl,2015,,Sean Lissemore,SD,DL/DT,"$1,250,000"
767,nfl,2015,,Marcus Sherels,MIN,CB,"$1,250,000"
768,nfl,2015,,Cody Wallace,PIT,C,"$1,250,000"
769,nfl,2015,,Major Wright,TB,S,"$1,250,000"
770,nfl,2015,771,Joel Bitonio,CLE,G,"$1,241,295"
771,nfl,2015,772,Zach Brown,TEN,LB/ILB,"$1,227,640"
772,nfl,2015,773,Derek Carr,OAK,QB,"$1,220,864"
773,nfl,2015,774,Ra'Shede Hageman,ATL,ED/DE,"$1,212,691"
774,nfl,2015,775,Jeron Johnson,WAS,SS,"$1,209,375"
775,nfl,2015,776,Zak DeOssie,NYG,LS,"$1,200,000"
776,nfl,2015,,Leger Douzable,NYJ,DL/DT,"$1,200,000"
777,nfl,2015,,Mark Herzlich,NYG,LB/OLB,"$1,200,000"
778,nfl,2015,,Albert McClellan,BAL,ED/OLB,"$1,200,000"
779,nfl,2015,,George Selvie,NYG,ED/DE,"$1,200,000"
780,nfl,2015,,Scott Tolzien,GB,QB,"$1,200,000"
781,nfl,2015,782,Kevin Minter,ARI,LB/ILB,"$1,197,354"
782,nfl,2015,783,Kedric Golston,WAS,DL/DT,"$1,195,000"
783,nfl,2015,784,Austin Seferian-Jenkins,TB,TE,"$1,194,301"
784,nfl,2015,785,John Denney,MIA,LS,"$1,180,000"
785,nfl,2015,786,Marqise Lee,JAX,WR,"$1,175,914"
786,nfl,2015,787,Nick Bellore,SF,LB/ILB,"$1,170,000"
787,nfl,2015,788,Brandon Myers,TB,TE,"$1,166,666"
788,nfl,2015,789,Kyle Van Noy,DET,LB/ILB,"$1,159,568"
789,nfl,2015,790,Nate Chandler,CAR,LT,"$1,150,000"
790,nfl,2015,,Taiwan Jones,OAK,RB,"$1,150,000"
791,nfl,2015,,Darren McFadden,DAL,RB,"$1,150,000"
792,nfl,2015,793,Gavin Escobar,DAL,TE,"$1,148,317"
793,nfl,2015,794,Husain Abdullah,KC,FS,"$1,145,000"
794,nfl,2015,795,LaMarcus Joyner,STL,FS,"$1,143,223"
795,nfl,2015,796,Eric Weems,ATL,WR,"$1,132,500"
796,nfl,2015,797,Mike Adams,PIT,LT,"$1,127,525"
797,nfl,2015,798,Jon Condo,OAK,LS,"$1,127,500"
798,nfl,2015,799,Jordan Matthews,PHI,WR,"$1,124,834"
799,nfl,2015,800,Joe Berger,MIN,G,"$1,120,000"
800,nfl,2015,,Bryan Braman,PHI,ED/OLB,"$1,120,000"
801,nfl,2015,,L.P. Ladouceur,DAL,LS,"$1,120,000"
802,nfl,2015,803,Brock Osweiler,DEN,QB,"$1,118,944"
803,nfl,2015,804,Landon Collins,NYG,FS,"$1,112,828"
804,nfl,2015,805,Nick Sundberg,WAS,LS,"$1,112,500"
805,nfl,2015,806,Weston Richburg,NYG,C,"$1,108,489"
806,nfl,2015,807,Donovan Smith,TB,LT,"$1,103,429"
807,nfl,2015,808,Richie Incognito,BUF,G,"$1,100,000"
808,nfl,2015,,Terrell McClain,DAL,ED/DE,"$1,100,000"
809,nfl,2015,810,Johnathan Hankins,NYG,DL/DT,"$1,099,278"
810,nfl,2015,811,Cyrus Kouandjio,BUF,RT,"$1,092,914"
811,nfl,2015,812,Ryan Allen,NE,P,"$1,085,500"
812,nfl,2015,813,Mario Edwards,OAK,ED/DE,"$1,080,264"
813,nfl,2015,814,Vinny Curry,PHI,DL/DE,"$1,076,038"
814,nfl,2015,815,T.J. Yeldon,JAX,RB,"$1,075,231"
815,nfl,2015,816,Darrin Walls,NYJ,CB,"$1,075,000"
816,nfl,2015,,Jarius Wynn,BUF,LB/OLB,"$1,075,000"
817,nfl,2015,818,Paul Richardson,SEA,WR,"$1,071,099"
818,nfl,2015,819,Jon Dorenbos,PHI,LS,"$1,070,000"
819,nfl,2015,820,Andrew Sendejo,MIN,SS,"$1,066,668"
820,nfl,2015,821,Kelechi Osemele,BAL,G,"$1,064,595"
821,nfl,2015,822,Matt Spaeth,PIT,TE,"$1,062,500"
822,nfl,2015,823,Casey Hayward,GB,CB,"$1,053,154"
823,nfl,2015,824,Preston Smith,WAS,ED/OLB,"$1,050,791"
824,nfl,2015,825,Lawrence Guy,BAL,DL/DE,"$1,050,000"
825,nfl,2015,826,Stephon Tuitt,PIT,DL/DE,"$1,047,601"
826,nfl,2015,827,Garrison Sanborn,BUF,LS,"$1,047,500"
827,nfl,2015,828,Rueben Randle,NYG,WR,"$1,047,432"
828,nfl,2015,829,Devin Smith,NYJ,WR,"$1,047,064"
829,nfl,2015,830,Brandon Bolden,NE,RB,"$1,035,000"
830,nfl,2015,831,Le'Veon Bell,PIT,RB,"$1,032,082"
831,nfl,2015,832,Stevan Ridley,NYJ,RB,"$1,031,250"
832,nfl,2015,833,Eddie Goldman,CHI,DL/DT,"$1,026,992"
833,nfl,2015,834,Jamie Collins,NE,LB/OLB,"$1,025,727"
834,nfl,2015,835,Nickell Robey-Coleman,BUF,CB,"$1,020,667"
835,nfl,2015,836,Mario Addison,CAR,ED/DE,"$1,020,000"
836,nfl,2015,837,Dorial Green-Beckham,TEN,WR,"$1,018,836"
837,nfl,2015,838,Ramon Humber,NO,LB/OLB,"$1,017,000"
838,nfl,2015,839,Trent Murphy,WAS,ED/OLB,"$1,016,545"
839,nfl,2015,840,Devin Funchess,CAR,WR,"$1,003,797"
840,nfl,2015,841,Margus Hunt,CIN,DL/DT,"$1,001,209"
841,nfl,2015,842,Chris Jones,DAL,P,"$1,000,000"
842,nfl,2015,,Anthony Levine,BAL,LB/ILB,"$1,000,000"
843,nfl,2015,,Michael Morgan,SEA,LB/OLB,"$1,000,000"
844,nfl,2015,845,Garrett Reynolds,STL,G,"$999,999"
845,nfl,2015,846,Timmy Jernigan,BAL,DL/DT,"$996,114"
846,nfl,2015,847,Don Carey,DET,SS,"$995,000"
847,nfl,2015,,J.J. Jansen,CAR,LS,"$995,000"
848,nfl,2015,849,Adam Hayward,WAS,ED/OLB,"$990,625"
849,nfl,2015,850,Jamar Taylor,MIA,CB,"$988,950"
850,nfl,2015,851,Louis Murphy,TB,WR,"$987,500"
851,nfl,2015,852,Jalen Collins,ATL,CB,"$986,879"
852,nfl,2015,853,Vance McDonald,SF,TE,"$981,594"
853,nfl,2015,854,Brett Goode,GB,LS,"$976,250"
854,nfl,2015,855,Jace Amaro,NYJ,TE,"$975,680"
855,nfl,2015,856,Benardrick McKinney,HOU,LB/ILB,"$971,840"
856,nfl,2015,857,Arthur Brown,BAL,LB/ILB,"$969,335"
857,nfl,2015,858,Austin Davis,CLE,QB,"$966,666"
858,nfl,2015,859,Lance Louis,IND,G,"$966,250"
859,nfl,2015,860,Hau'oli Kikaha,NO,LB/OLB,"$957,511"
860,nfl,2015,861,Jeremiah Attaochu,SD,ED/OLB,"$955,250"
861,nfl,2015,862,Eric Winston,CIN,RT,"$950,000"
862,nfl,2015,863,LeGarrette Blount,NE,RB,"$949,632"
863,nfl,2015,864,Ronnie Hillman,DEN,RB,"$942,708"
864,nfl,2015,865,Charlie Whitehurst,IND,QB,"$941,176"
865,nfl,2015,866,Michael Hoomanawanui,NO,TE,"$940,074"
866,nfl,2015,867,Jon Weeks,HOU,LS,"$938,750"
867,nfl,2015,868,Eric Kendricks,MIN,LB/ILB,"$937,440"
868,nfl,2015,869,Aaron Dobson,NE,WR,"$935,010"
869,nfl,2015,870,Ego Ferguson,CHI,DL/DT,"$934,819"
870,nfl,2015,871,Andrew Gardner,PHI,G,"$931,045"
871,nfl,2015,872,Robert Alford,ATL,CB,"$927,654"
872,nfl,2015,873,Eddie Lacy,GB,RB,"$925,203"
873,nfl,2015,874,Ricardo Mathews,SD,DL/DT,"$920,000"
874,nfl,2015,,Cedric Peerman,CIN,RB,"$920,000"
875,nfl,2015,876,Jaquiski Tartt,SF,FS,"$915,821"
876,nfl,2015,877,Troy Niklas,ARI,TE,"$914,386"
877,nfl,2015,878,Michael Person,ATL,G,"$911,666"
878,nfl,2015,879,Clark Harris,CIN,LS,"$900,000"
879,nfl,2015,880,Davante Adams,GB,WR,"$893,955"
880,nfl,2015,881,Eric Rowe,PHI,CB,"$887,248"
881,nfl,2015,882,Tyrod Taylor,BUF,QB,"$883,333"
882,nfl,2015,883,Mike Windt,SD,LS,"$882,500"
883,nfl,2015,884,Tanner Purdum,NYJ,LS,"$877,500"
884,nfl,2015,885,Bryan Anger,JAX,P,"$875,480"
885,nfl,2015,886,Justin Drescher,NO,LS,"$875,000"
886,nfl,2015,887,Bishop Sankey,TEN,RB,"$873,522"
887,nfl,2015,888,Lorenzo Alexander,OAK,LB/OLB,"$870,000"
888,nfl,2015,,Colin Jones,CAR,FS,"$870,000"
889,nfl,2015,890,Denzel Perryman,SD,LB/ILB,"$868,449"
890,nfl,2015,891,Marlon Moore,CLE,WR,"$866,666"
891,nfl,2015,892,Josh LeRibeus,WAS,C,"$864,081"
892,nfl,2015,893,David Johnson,SD,TE,"$860,000"
893,nfl,2015,894,Tyrann Mathieu,ARI,FS,"$855,937"
894,nfl,2015,895,Travis Kelce,KC,TE,"$853,826"
895,nfl,2015,896,Jeremy Hill,CIN,RB,"$853,091"
896,nfl,2015,897,Jake McQuaide,STL,LS,"$850,000"
897,nfl,2015,,Jamize Olawale,OAK,FB,"$850,000"
898,nfl,2015,899,Mitch Morse,KC,C,"$849,649"
899,nfl,2015,900,Dwayne Gratz,JAX,CB,"$849,394"
900,nfl,2015,901,Larry Warford,DET,G,"$849,250"
901,nfl,2015,902,Mike Glennon,TB,QB,"$846,563"
902,nfl,2015,903,Clint Gresham,SEA,LS,"$845,000"
903,nfl,2015,904,Donald Stephenson,KC,LT,"$844,375"
904,nfl,2015,905,Cody Latimer,DEN,WR,"$842,875"
905,nfl,2015,906,Kavell Conner,SD,LB/ILB,"$840,000"
906,nfl,2015,907,Carlos Hyde,SF,RB,"$836,745"
907,nfl,2015,908,Josh Kline,NE,G,"$835,000"
908,nfl,2015,909,Ronald Darby,BUF,CB,"$830,853"
909,nfl,2015,910,Beau Brinkley,TEN,LS,"$828,000"
910,nfl,2015,911,Jarvis Jenkins,CHI,DL/DE,"$825,000"
911,nfl,2015,,Mike Jenkins,TB,CB,"$825,000"
912,nfl,2015,,Trevor Robinson,SD,C,"$825,000"
913,nfl,2015,914,Jared Allen,CAR,ED/DE,"$823,529"
914,nfl,2015,915,Mike Martin,TEN,DL/DT,"$821,890"
915,nfl,2015,916,Frank Zombo,KC,ED/OLB,"$820,000"
916,nfl,2015,917,Bennie Logan,PHI,DL/DT,"$818,523"
917,nfl,2015,918,Sean Spence,PIT,LB/ILB,"$816,345"
918,nfl,2015,919,Jack Mewhort,IND,G,"$812,228"
919,nfl,2015,920,Nate Orchard,CLE,ED/OLB,"$812,055"
920,nfl,2015,921,Kyle Nelson,SF,LS,"$810,000"
921,nfl,2015,922,Kony Ealy,CAR,ED/DE,"$806,098"
922,nfl,2015,923,Matt Asiata,MIN,RB,"$800,000"
923,nfl,2015,924,Allen Robinson,JAX,WR,"$797,925"
924,nfl,2015,925,Jayron Hosley,NYG,CB,"$796,250"
925,nfl,2015,926,Kiko Alonso,PHI,ED/OLB,"$795,946"
926,nfl,2015,927,Brandon Thompson,CIN,DL/DT,"$795,300"
927,nfl,2015,928,Sam Young,JAX,LT,"$795,000"
928,nfl,2015,929,Jordan Phillips,MIA,DL/DT,"$793,256"
929,nfl,2015,930,Jimmy Garoppolo,NE,QB,"$791,795"
930,nfl,2015,931,Teddy Williams,CAR,CB,"$790,000"
931,nfl,2015,932,Jarvis Landry,MIA,WR,"$789,753"
932,nfl,2015,933,Blidi Wreh-Wilson,TEN,CB,"$789,416"
933,nfl,2015,934,Tony Bergstrom,OAK,C,"$786,504"
934,nfl,2015,935,T.J. McDonald,STL,FS,"$786,426"
935,nfl,2015,936,Justin Britt,SEA,C,"$785,666"
936,nfl,2015,937,Josh Bynes,DET,LB/OLB,"$785,000"
937,nfl,2015,,Dion Lewis,NE,RB,"$785,000"
938,nfl,2015,939,Terrance Williams,DAL,WR,"$779,868"
939,nfl,2015,940,Travis Benjamin,CLE,WR,"$779,250"
940,nfl,2015,941,Brian Winters,NYJ,G,"$778,969"
941,nfl,2015,942,Omar Bolden,DEN,FS,"$778,607"
942,nfl,2015,943,Kirk Cousins,WAS,QB,"$778,172"
943,nfl,2015,944,Jake Fisher,CIN,LT,"$774,458"
944,nfl,2015,945,Ladarius Green,SD,TE,"$772,725"
945,nfl,2015,946,Kyle Wilber,DAL,LB/OLB,"$769,805"
946,nfl,2015,947,Terron Armstead,NO,LT,"$769,359"
947,nfl,2015,948,Keenan Robinson,WAS,ED/OLB,"$765,027"
948,nfl,2015,949,Dallas Thomas,MIA,G,"$761,594"
949,nfl,2015,950,Frank Alexander,CAR,ED/DE,"$760,272"
950,nfl,2015,951,Ron Brooks,BUF,CB,"$760,135"
951,nfl,2015,952,Josh Harris,ATL,LS,"$760,000"
952,nfl,2015,,Benjamin Ijalana,NYJ,RT,"$760,000"
953,nfl,2015,,Bradley Sowell,ARI,LT,"$760,000"
954,nfl,2015,955,Ameer Abdullah,DET,RB,"$755,659"
955,nfl,2015,956,Markus Wheaton,PIT,WR,"$752,844"
956,nfl,2015,957,J.J. Wilcox,DAL,FS,"$751,517"
957,nfl,2015,958,Chris Polk,HOU,RB,"$747,500"
958,nfl,2015,959,John Jenkins,NO,ED/DE,"$746,890"
959,nfl,2015,960,Logan Ryan,NE,CB,"$745,813"
960,nfl,2015,961,Kyle Love,CAR,DL/DT,"$745,000"
961,nfl,2015,,Jamon Meredith,TEN,RT,"$745,000"
962,nfl,2015,,Jordan Norwood,DEN,WR,"$745,000"
963,nfl,2015,964,Jordan Reed,WAS,TE,"$742,278"
964,nfl,2015,965,Jordan Hill,SEA,DL/DT,"$741,035"
965,nfl,2015,966,Shawn Williams,CIN,SS,"$738,986"
966,nfl,2015,967,Maxx Williams,BAL,TE,"$736,861"
967,nfl,2015,968,Knile Davis,KC,RB,"$736,504"
968,nfl,2015,969,Brandon Mosley,NYG,G,"$735,146"
969,nfl,2015,970,A.Q. Shipley,ARI,C,"$735,000"
970,nfl,2015,971,Kayvon Webster,DEN,CB,"$731,950"
971,nfl,2015,972,Hugh Thornton,IND,G,"$731,345"
972,nfl,2015,973,Corey Lemonier,SF,ED/OLB,"$730,880"
973,nfl,2015,974,C.J. Fiedorowicz,HOU,TE,"$730,826"
974,nfl,2015,975,Morgan Moses,WAS,RT,"$729,394"
975,nfl,2015,976,Charles Sims,TB,RB,"$726,023"
976,nfl,2015,977,Duron Harmon,NE,SS,"$724,400"
977,nfl,2015,978,Greg Zuerlein,STL,K,"$723,307"
978,nfl,2015,979,Billy Turner,MIA,G,"$723,000"
979,nfl,2015,980,Rob Havenstein,STL,G,"$721,822"
980,nfl,2015,981,Brandon Williams,BAL,DL/DT,"$713,750"
981,nfl,2015,982,Tahir Whitehead,DET,LB/OLB,"$713,000"
982,nfl,2015,983,Marcus Martin,SF,G,"$712,812"
983,nfl,2015,984,Markus Golden,ARI,ED/OLB,"$712,424"
984,nfl,2015,985,Tim Barnes,STL,C,"$710,017"
985,nfl,2015,986,Garrett Celek,SF,TE,"$710,000"
986,nfl,2015,987,Christian Kirksey,CLE,LB/ILB,"$707,625"
987,nfl,2015,988,Dennis Kelly,PHI,RT,"$707,200"
988,nfl,2015,989,Jay Bromley,NYG,DL/DT,"$705,969"
989,nfl,2015,990,Scott Crichton,MIN,ED/DE,"$705,507"
990,nfl,2015,991,Alex Okafor,ARI,DL/DE,"$703,607"
991,nfl,2015,992,Jelani Jenkins,MIA,LB/OLB,"$703,172"
992,nfl,2015,993,Duke Williams,BUF,FS,"$702,563"
993,nfl,2015,994,Preston Brown,BUF,LB/ILB,"$702,000"
994,nfl,2015,995,Dion Sims,MIA,TE,"$701,888"
995,nfl,2015,996,Marvin Jones,CIN,WR,"$700,700"
996,nfl,2015,997,Dallas Reynolds,NYG,G,"$700,000"
997,nfl,2015,998,Travis Swanson,DET,C,"$699,868"
998,nfl,2015,999,David Bakhtiari,GB,LT,"$698,850"
999,nfl,2015,1000,Ryan Nassib,NYG,QB,"$698,400"
1000,nfl,2015,1001,Shamarko Thomas,PIT,SS,"$698,288"
1001,nfl,2015,1002,Patrick DiMarco,ATL,FB,"$697,500"
1002,nfl,2015,1003,Landry Jones,PIT,QB,"$694,805"
1003,nfl,2015,1004,Randy Gregory,DAL,LB/OLB,"$693,624"
1004,nfl,2015,1005,Jeremy Lane,SEA,CB,"$691,279"
1005,nfl,2015,1006,Keith Tandy,TB,FS,"$690,150"
1006,nfl,2015,1007,Khaled Holmes,IND,C,"$690,027"
1007,nfl,2015,1008,Tre Mason,STL,RB,"$689,410"
1008,nfl,2015,1009,J.C. Tretter,GB,C,"$688,977"
1009,nfl,2015,1010,James Hanna,DAL,TE,"$686,213"
1010,nfl,2015,1011,Ali Marpet,TB,C,"$686,106"
1011,nfl,2015,1012,William Gholston,TB,ED/DE,"$685,136"
1012,nfl,2015,1013,Chris Hairston,SD,LT,"$685,000"
1013,nfl,2015,,Steven Johnson,TEN,LB/ILB,"$685,000"
1014,nfl,2015,1015,Malliciah Goodman,ATL,ED/DE,"$684,272"
1015,nfl,2015,1016,Nate Ebner,NE,FS,"$684,150"
1016,nfl,2015,1017,Quinton Patton,SF,WR,"$682,875"
1017,nfl,2015,1018,Quinten Rollins,GB,CB,"$680,466"
1018,nfl,2015,1019,Brad Nortman,CAR,P,"$679,670"
1019,nfl,2015,1020,Frank Clark,SEA,ED/DE,"$678,586"
1020,nfl,2015,1021,Terrence Brooks,BAL,FS,"$676,594"
1021,nfl,2015,1022,Jordan Richards,NE,SS,"$674,827"
1022,nfl,2015,1023,Travis Lewis,DET,LB/ILB,"$674,793"
1023,nfl,2015,1024,Dexter McDougle,NYJ,CB,"$674,719"
1024,nfl,2015,1025,Spencer Long,WAS,C,"$673,450"
1025,nfl,2015,1026,Rishard Matthews,MIA,WR,"$673,403"
1026,nfl,2015,1027,Gabe Jackson,OAK,G,"$672,844"
1027,nfl,2015,1028,Akeem Spence,TB,DL/DT,"$671,659"
1028,nfl,2015,1029,Will Sutton,CHI,DL/DT,"$671,517"
1029,nfl,2015,1030,Markus Kuhn,NYG,DL/DT,"$671,474"
1030,nfl,2015,1031,Kareem Martin,ARI,ED/OLB,"$669,890"
1031,nfl,2015,1032,Seyi Ajirotutu,PHI,WR,"$665,000"
1032,nfl,2015,,Will Allen,PIT,SS,"$665,000"
1033,nfl,2015,,Colt Anderson,IND,SS,"$665,000"
1034,nfl,2015,,Jason Avant,KC,WR,"$665,000"
1035,nfl,2015,,Stephen Bowen,NYJ,DL/DE,"$665,000"
1036,nfl,2015,,Alex Carrington,BUF,DL/DT,"$665,000"
1037,nfl,2015,,Willie Colon,NYJ,G,"$665,000"
1038,nfl,2015,,Morgan Cox,BAL,LS,"$665,000"
1039,nfl,2015,,Demarcus Dobbs,SEA,ED/DE,"$665,000"
1040,nfl,2015,,Vladimir Ducasse,CHI,G,"$665,000"
1041,nfl,2015,,Daniel Fells,NYG,TE,"$665,000"
1042,nfl,2015,,Clifton Geathers,PIT,DL/DE,"$665,000"
1043,nfl,2015,,Brandon Gibson,NE,WR,"$665,000"
1044,nfl,2015,,Nick Hayden,DAL,DL/DT,"$665,000"
1045,nfl,2015,,Darrius Heyward-Bey,PIT,WR,"$665,000"
1046,nfl,2015,,Jamari Lattimore,NYJ,LB/ILB,"$665,000"
1047,nfl,2015,,Mike Leach,ARI,LS,"$665,000"
1048,nfl,2015,,Dwight Lowery,IND,FS,"$665,000"
1049,nfl,2015,,Luke McCown,NO,QB,"$665,000"
1050,nfl,2015,,Danny McCray,DAL,SS,"$665,000"
1051,nfl,2015,,Sherrick McManis,CHI,CB,"$665,000"
1052,nfl,2015,,Will Montgomery,CHI,C,"$665,000"
1053,nfl,2015,,Lance Moore,DET,WR,"$665,000"
1054,nfl,2015,,Don Muhlbach,DET,LS,"$665,000"
1055,nfl,2015,,Dan Orlovsky,DET,QB,"$665,000"
1056,nfl,2015,,Jamarca Sanford,NO,SS,"$665,000"
1057,nfl,2015,,Chris Scott,CAR,G,"$665,000"
1058,nfl,2015,,Pat Sims,CIN,DL/DT,"$665,000"
1059,nfl,2015,,Darryl Tapp,DET,ED/DE,"$665,000"
1060,nfl,2015,,Brandon Tate,CIN,WR,"$665,000"
1061,nfl,2015,,Will Tukuafu,SEA,FB,"$665,000"
1062,nfl,2015,,Greg Warren,PIT,LS,"$665,000"
1063,nfl,2015,,Joe Webb,CAR,QB,"$665,000"
1064,nfl,2015,,Josh Wilson,DET,CB,"$665,000"
1065,nfl,2015,,Kyle Wilson,NO,CB,"$665,000"
1066,nfl,2015,,LaMarr Woodley,ARI,ED/OLB,"$665,000"
1067,nfl,2015,1068,Josh Huff,PHI,WR,"$663,986"
1068,nfl,2015,1069,Donte Moncrief,IND,WR,"$660,880"
1069,nfl,2015,1070,Kyle Juszczyk,BAL,FB,"$660,146"
1070,nfl,2015,,Devin Taylor,DET,ED/DE,"$660,146"
1071,nfl,2015,,Levine Toilolo,ATL,TE,"$660,146"
1072,nfl,2015,1073,Josh Bellamy,CHI,WR,"$660,000"
1073,nfl,2015,,Tank Carder,CLE,LB/ILB,"$660,000"
1074,nfl,2015,,Audie Cole,MIN,LB/ILB,"$660,000"
1075,nfl,2015,,Tom Compton,WAS,T,"$660,000"
1076,nfl,2015,,Jack Crawford,DAL,ED/DE,"$660,000"
1077,nfl,2015,,Jermelle Cudjo,DET,DL/DT,"$660,000"
1078,nfl,2015,,James Develin,NE,FB,"$660,000"
1079,nfl,2015,,Dorin Dickerson,TEN,TE,"$660,000"
1080,nfl,2015,,Jamell Fleming,KC,S,"$660,000"
1081,nfl,2015,,Winston Guy,IND,FS,"$660,000"
1082,nfl,2015,,Bryce Harris,ATL,RT,"$660,000"
1083,nfl,2015,,Jaye Howard,KC,DL/DE,"$660,000"
1084,nfl,2015,,Duke Ihenacho,WAS,SS,"$660,000"
1085,nfl,2015,,Danny Lansanah,TB,LB/ILB,"$660,000"
1086,nfl,2015,,Ricardo Lockette,SEA,WR,"$660,000"
1087,nfl,2015,,Marc Mariani,CHI,WR,"$660,000"
1088,nfl,2015,,Zach Miller,CHI,TE,"$660,000"
1089,nfl,2015,,Chris Owusu,NYJ,WR,"$660,000"
1090,nfl,2015,,Austin Pasztor,CLE,T,"$660,000"
1091,nfl,2015,,Bernard Pierce,JAX,RB,"$660,000"
1092,nfl,2015,,Deshawn Shead,SEA,FS,"$660,000"
1093,nfl,2015,,Sealver Siliga,NE,DL/DT,"$660,000"
1094,nfl,2015,,Scott Solomon,CLE,ED/OLB,"$660,000"
1095,nfl,2015,,Michael Wilhoite,SF,LB/ILB,"$660,000"
1096,nfl,2015,1097,John Brown,ARI,WR,"$657,725"
1097,nfl,2015,1098,Will Clarke,CIN,ED/DE,"$656,345"
1098,nfl,2015,1099,Brandon Linder,JAX,C,"$655,400"
1099,nfl,2015,1100,Bryan Stork,NE,C,"$654,794"
1100,nfl,2015,1101,Michael Schofield,DEN,RT,"$652,300"
1101,nfl,2015,1102,Richard Rodgers,GB,TE,"$649,004"
1102,nfl,2015,1103,Jerick McKinnon,MIN,RB,"$648,750"
1103,nfl,2015,1104,Trai Turner,CAR,G,"$644,950"
1104,nfl,2015,1105,Sio Moore,IND,ED/OLB,"$643,000"
1105,nfl,2015,1106,Denard Robinson,JAX,RB,"$638,403"
1106,nfl,2015,1107,Earl Watford,ARI,RT,"$637,951"
1107,nfl,2015,1108,Ty Sambrailo,DEN,LT,"$637,322"
1108,nfl,2015,1109,Brandon Thomas,SF,G,"$636,504"
1109,nfl,2015,1110,Jeremiah Poutasi,TEN,RT,"$635,564"
1110,nfl,2015,1111,A.J. Cann,JAX,G,"$635,399"
1111,nfl,2015,1112,Shareece Wright,BAL,CB,"$635,294"
1112,nfl,2015,1113,Stepfan Taylor,ARI,RB,"$635,125"
1113,nfl,2015,1114,Brandon Bair,PHI,DL/DE,"$635,000"
1114,nfl,2015,,John Kuhn,GB,FB,"$635,000"
1115,nfl,2015,,Fozzy Whittaker,CAR,RB,"$635,000"
1116,nfl,2015,1117,Clive Walford,OAK,TE,"$633,626"
1117,nfl,2015,1118,A.J. Klein,CAR,LB/ILB,"$632,825"
1118,nfl,2015,1119,Tyler Lockett,SEA,WR,"$631,687"
1119,nfl,2015,1120,Devonta Freeman,ATL,RB,"$631,106"
1120,nfl,2015,1121,Jeff Locke,MIN,P,"$631,048"
1121,nfl,2015,1122,Quinton Dial,SF,DL/DT,"$630,413"
1122,nfl,2015,1123,Luke Willson,SEA,TE,"$629,633"
1123,nfl,2015,1124,Micah Hyde,GB,SS,"$629,527"
1124,nfl,2015,1125,Bruce Ellington,SF,WR,"$628,607"
1125,nfl,2015,1126,Justin Ellis,OAK,DL/DT,"$628,172"
1126,nfl,2015,1127,Jaelen Strong,HOU,WR,"$627,995"
1127,nfl,2015,1128,Keenan Allen,SD,WR,"$627,979"
1128,nfl,2015,1129,Cassius Marsh,SEA,LB/OLB,"$627,563"
1129,nfl,2015,1130,Maurice Alexander,STL,SS,"$626,065"
1130,nfl,2015,1131,Hroniss Grasu,CHI,C,"$625,479"
1131,nfl,2015,1132,Sam Martin,DET,P,"$625,075"
1132,nfl,2015,1133,Kellen Davis,NYJ,TE,"$625,000"
1133,nfl,2015,,Jacquizz Rodgers,CHI,RB,"$625,000"
1134,nfl,2015,1135,Russell Bodine,CIN,C,"$624,114"
1135,nfl,2015,1136,DaQuan Jones,TEN,DL/DE,"$623,850"
1136,nfl,2015,1137,Andre Williams,NYG,RB,"$623,400"
1137,nfl,2015,1138,De'Anthony Thomas,KC,WR,"$623,027"
1138,nfl,2015,1139,David Amerson,OAK,CB,"$622,131"
1139,nfl,2015,1140,Tevin Coleman,ATL,RB,"$621,311"
1140,nfl,2015,1141,Keith McGill,OAK,S,"$621,300"
1141,nfl,2015,1142,Keshawn Martin,NE,WR,"$621,176"
1142,nfl,2015,1143,Ricky Wagner,BAL,RT,"$621,140"
1143,nfl,2015,1144,Ka'Deem Carey,CHI,RB,"$620,845"
1144,nfl,2015,1145,Owamagbe Odighizuwa,NYG,ED/DE,"$620,125"
1145,nfl,2015,1146,Anthony Hitchens,DAL,LB/ILB,"$618,716"
1146,nfl,2015,1147,Garrett Grayson,NO,QB,"$618,291"
1147,nfl,2015,1148,Josh Evans,JAX,SS,"$617,205"
1148,nfl,2015,1149,Marqueston Huff,TEN,FS,"$616,301"
1149,nfl,2015,1150,Crockett Gillmore,BAL,T,"$615,680"
1150,nfl,2015,1151,Fred Jackson,SEA,RB,"$615,000"
1151,nfl,2015,,Nate Washington,HOU,WR,"$615,000"
1152,nfl,2015,1153,Walt Aikens,MIA,FS,"$613,977"
1153,nfl,2015,1154,David Quessenberry,HOU,LT,"$613,363"
1154,nfl,2015,1155,Chris Conley,KC,WR,"$613,108"
1155,nfl,2015,1156,Duke Johnson,CLE,RB,"$612,523"
1156,nfl,2015,1157,Pierre Desir,CLE,CB,"$611,903"
1157,nfl,2015,1158,Latavius Murray,OAK,RB,"$611,550"
1158,nfl,2015,1159,Tre Boston,CAR,FS,"$611,367"
1159,nfl,2015,1160,Marquise Goodwin,BUF,WR,"$611,366"
1160,nfl,2015,1161,Mychal Rivera,OAK,TE,"$611,213"
1161,nfl,2015,1162,Andre Ellington,ARI,RB,"$610,966"
1162,nfl,2015,1163,Cornelius Washington,CHI,DL/DE,"$610,947"
1163,nfl,2015,1164,Rex Burkhead,CIN,RB,"$610,550"
1164,nfl,2015,1165,Senquez Golson,PIT,CB,"$610,462"
1165,nfl,2015,1166,Dontae Johnson,SF,CB,"$610,136"
1166,nfl,2015,1167,Nate Palmer,GB,LB/ILB,"$609,724"
1167,nfl,2015,1168,Eli Harold,SF,ED/OLB,"$609,343"
1168,nfl,2015,1169,James White,NE,RB,"$609,272"
1169,nfl,2015,1170,Theo Riddick,DET,RB,"$607,750"
1170,nfl,2015,1171,Kapron Lewis-Moore,BAL,DL/DE,"$607,058"
1171,nfl,2015,1172,Kevin Pierre-Louis,SEA,LB/OLB,"$606,413"
1172,nfl,2015,1173,John Miller,BUF,G,"$605,030"
1173,nfl,2015,1174,Stacy McGee,OAK,DL/DT,"$604,670"
1174,nfl,2015,,Vince Williams,PIT,LB/ILB,"$604,670"
1175,nfl,2015,1176,Lorenzo Mauldin,NYJ,ED/OLB,"$603,504"
1176,nfl,2015,1177,Demetrius McCray,JAX,CB,"$601,741"
1177,nfl,2015,1178,Bashaud Breeland,WAS,CB,"$601,500"
1178,nfl,2015,1179,Armonty Bryant,CLE,DL/DE,"$601,375"
1179,nfl,2015,1180,Tommy Bohanon,NYJ,FB,"$600,562"
1180,nfl,2015,1181,Craig Mager,SD,CB,"$600,394"
1181,nfl,2015,1182,Brenton Bersin,CAR,WR,"$600,000"
1182,nfl,2015,1183,Chris Gragg,BUF,TE,"$599,793"
1183,nfl,2015,1184,Tyler Kroft,CIN,TE,"$596,944"
1184,nfl,2015,1185,Marquess Wilson,CHI,WR,"$596,787"
1185,nfl,2015,1186,Kemal Ishmael,ATL,SS,"$596,474"
1186,nfl,2015,,Sean Renfree,ATL,QB,"$596,474"
1187,nfl,2015,,Daimion Stafford,TEN,SS,"$596,474"
1188,nfl,2015,1189,David Johnson,ARI,RB,"$594,843"
1189,nfl,2015,1190,Stephen Hill,CAR,WR,"$594,500"
1190,nfl,2015,1191,Sammie Coates,PIT,WR,"$592,878"
1191,nfl,2015,1192,Matt Barkley,ARI,QB,"$592,500"
1192,nfl,2015,1193,Danielle Hunter,MIN,ED/DE,"$591,805"
1193,nfl,2015,1194,Sean Mannion,STL,QB,"$591,449"
1194,nfl,2015,1195,Carl Davis,BAL,DL/DT,"$591,271"
1195,nfl,2015,1196,C.J. Anderson,DEN,RB,"$589,167"
1196,nfl,2015,1197,Tony Jefferson,ARI,SS,"$588,368"
1197,nfl,2015,1198,Benny Cunningham,STL,RB,"$588,334"
1198,nfl,2015,1199,Jaron Brown,ARI,WR,"$588,000"
1199,nfl,2015,1200,Stedman Bailey,STL,WR,"$587,739"
1200,nfl,2015,1201,Lane Taylor,GB,G,"$587,334"
1201,nfl,2015,1202,Alvin Bailey,SEA,G,"$587,000"
1202,nfl,2015,1203,Larry English,TB,LB/OLB,"$586,750"
1203,nfl,2015,1204,Jahleel Addae,SD,SS,"$586,668"
1204,nfl,2015,,A.J. Bouye,HOU,CB,"$586,668"
1205,nfl,2015,,Josh Hill,NO,TE,"$586,668"
1206,nfl,2015,,Tim Lelito,NO,G,"$586,668"
1207,nfl,2015,,Matt Tobin,PHI,G,"$586,668"
1208,nfl,2015,1209,Andy Mulumba,GB,ED/OLB,"$586,667"
1209,nfl,2015,1210,Abry Jones,JAX,DL/DT,"$585,834"
1210,nfl,2015,,Carson Tinker,JAX,LS,"$585,834"
1211,nfl,2015,,Justin Tuggle,HOU,LB/ILB,"$585,834"
1212,nfl,2015,1213,Jeff Heath,DAL,FS,"$585,668"
1213,nfl,2015,,Ryan Schraeder,ATL,RT,"$585,668"
1214,nfl,2015,,Paul Worrilow,ATL,LB/OLB,"$585,668"
1215,nfl,2015,1216,Dakota Dozier,NYJ,G,"$585,146"
1216,nfl,2015,1217,Phillip Adams,ATL,CB,"$585,000"
1217,nfl,2015,,Kamar Aiken,BAL,WR,"$585,000"
1218,nfl,2015,,Chris Banjo,GB,SS,"$585,000"
1219,nfl,2015,,David Bass,TEN,DL/DE,"$585,000"
1220,nfl,2015,,Daren Bates,STL,LB/ILB,"$585,000"
1221,nfl,2015,,E.J. Biggers,PHI,CB,"$585,000"
1222,nfl,2015,,Michael Bowie,CLE,RT,"$585,000"
1223,nfl,2015,,Jasper Brinkley,NYG,LB/ILB,"$585,000"
1224,nfl,2015,,Corbin Bryant,BUF,DL/DT,"$585,000"
1225,nfl,2015,,Drew Butler,ARI,P,"$585,000"
1226,nfl,2015,,Mario Butler,BUF,CB,"$585,000"
1227,nfl,2015,,Derek Carrier,WAS,TE,"$585,000"
1228,nfl,2015,,Stefan Charles,BUF,DL/DT,"$585,000"
1229,nfl,2015,,Tyler Clutts,DAL,FB,"$585,000"
1230,nfl,2015,,Derrick Coleman,SEA,FB,"$585,000"
1231,nfl,2015,,Marcus Cooper,KC,CB,"$585,000"
1232,nfl,2015,,Craig Dahl,NYG,SS,"$585,000"
1233,nfl,2015,,Cody Davis,STL,FS,"$585,000"
1234,nfl,2015,,Ryan Davis,JAX,ED/DE,"$585,000"
1235,nfl,2015,,Quintin Demps,HOU,SS,"$585,000"
1236,nfl,2015,,Larry Donnell,NYG,TE,"$585,000"
1237,nfl,2015,,Jack Doyle,IND,TE,"$585,000"
1238,nfl,2015,,Terence Garvin,PIT,LB/ILB,"$585,000"
1239,nfl,2015,,Tyronne Green,CAR,G,"$585,000"
1240,nfl,2015,,Johnathan Grimes,HOU,RB,"$585,000"
1241,nfl,2015,,Erin Henderson,NYJ,LB/ILB,"$585,000"
1242,nfl,2015,,Chris Hogan,BUF,WR,"$585,000"
1243,nfl,2015,,Ben Jacobs,CAR,LB/ILB,"$585,000"
1244,nfl,2015,,Tony Jerod-Eddie,SF,DL/DE,"$585,000"
1245,nfl,2015,,Chris Johnson,ARI,RB,"$585,000"
1246,nfl,2015,,Chris Jones,NE,DL/DT,"$585,000"
1247,nfl,2015,,James Jones,GB,WR,"$585,000"
1248,nfl,2015,,Case Keenum,STL,QB,"$585,000"
1249,nfl,2015,,Senio Kelemete,NO,G,"$585,000"
1250,nfl,2015,,Jorvorskie Lane,TB,FB,"$585,000"
1251,nfl,2015,,Ron Leary,DAL,G,"$585,000"
1252,nfl,2015,,Doug Legursky,PIT,C,"$585,000"
1253,nfl,2015,,Patrick Lewis,SEA,C,"$585,000"
1254,nfl,2015,,Zach Line,MIN,FB,"$585,000"
1255,nfl,2015,,Brandon Marshall,DEN,LB/ILB,"$585,000"
1256,nfl,2015,,Michael Mauti,NO,LB/OLB,"$585,000"
1257,nfl,2015,,Benson Mayowa,OAK,ED/DE,"$585,000"
1258,nfl,2015,,Matt McCants,OAK,RT,"$585,000"
1259,nfl,2015,,Kelcie McCray,SEA,SS,"$585,000"
1260,nfl,2015,,Kevin McDermott,MIN,LS,"$585,000"
1261,nfl,2015,,Bradley McDougald,TB,SS,"$585,000"
1262,nfl,2015,,Matt McGloin,OAK,QB,"$585,000"
1263,nfl,2015,,Darryl Morris,HOU,CB,"$585,000"
1264,nfl,2015,,Dezman Moses,KC,ED/OLB,"$585,000"
1265,nfl,2015,,David Nelson,PIT,WR,"$585,000"
1266,nfl,2015,,Patrick Omameh,CHI,G,"$585,000"
1267,nfl,2015,,Spencer Paysinger,MIA,LB/ILB,"$585,000"
1268,nfl,2015,,John Phillips,SD,TE,"$585,000"
1269,nfl,2015,,Eddie Pleasant,HOU,FS,"$585,000"
1270,nfl,2015,,Tracy Porter,CHI,CB,"$585,000"
1271,nfl,2015,,Ty Powell,BUF,LB/ILB,"$585,000"
1272,nfl,2015,,Jordan Poyer,CLE,FS,"$585,000"
1273,nfl,2015,,Ryan Quigley,NYJ,P,"$585,000"
1274,nfl,2015,,Bacarri Rambo,BUF,SS,"$585,000"
1275,nfl,2015,,Mike Remmers,CAR,RT,"$585,000"
1276,nfl,2015,,Chase Reynolds,STL,RB,"$585,000"
1277,nfl,2015,,Russell Shepard,TB,WR,"$585,000"
1278,nfl,2015,,John Simon,HOU,ED/OLB,"$585,000"
1279,nfl,2015,,Zac Stacy,NYJ,RB,"$585,000"
1280,nfl,2015,,Kenny Stills,MIA,WR,"$585,000"
1281,nfl,2015,,Nathan Stupar,ATL,LB/OLB,"$585,000"
1282,nfl,2015,,Zach Sudfeld,NYJ,TE,"$585,000"
1283,nfl,2015,,Michael Thomas,MIA,FS,"$585,000"
1284,nfl,2015,,Chris Thompson,WAS,RB,"$585,000"
1285,nfl,2015,,Neiko Thorpe,OAK,CB,"$585,000"
1286,nfl,2015,,Jordan Todman,PIT,RB,"$585,000"
1287,nfl,2015,,Brynden Trawick,BAL,SS,"$585,000"
1288,nfl,2015,,Michael Vick,PIT,QB,"$585,000"
1289,nfl,2015,,Trevin Wade,NYG,CB,"$585,000"
1290,nfl,2015,,J'Marcus Webb,OAK,RT,"$585,000"
1291,nfl,2015,,Tim Wright,DET,TE,"$585,000"
1292,nfl,2015,1293,Matt Jones,WAS,RB,"$584,853"
1293,nfl,2015,1294,Xavier Cooper,CLE,DL/DE,"$583,071"
1294,nfl,2015,1295,Bryan Walters,JAX,WR,"$582,352"
1295,nfl,2015,1296,D'Joun Smith,IND,CB,"$582,152"
1296,nfl,2015,1297,Dane Fletcher,NE,LB/ILB,"$581,353"
1297,nfl,2015,1298,Paul Dawson,CIN,LB/OLB,"$580,488"
1298,nfl,2015,,Geno Grissom,NE,ED/DE,"$580,488"
1299,nfl,2015,,Steven Nelson,KC,CB,"$580,488"
1300,nfl,2015,1301,Chris Watt,SD,C,"$580,240"
1301,nfl,2015,1302,Angelo Blackson,TEN,DL/DE,"$577,903"
1302,nfl,2015,1303,Jamon Brown,STL,RT,"$575,527"
1303,nfl,2015,1304,Daryl Williams,CAR,RT,"$574,280"
1304,nfl,2015,1305,Bryce Petty,NYJ,QB,"$573,424"
1305,nfl,2015,1306,Ty Montgomery,GB,RB,"$572,871"
1306,nfl,2015,1307,Marlon Brown,BAL,WR,"$572,726"
1307,nfl,2015,1308,Jamison Crowder,WAS,WR,"$571,406"
1308,nfl,2015,1309,Josh McNary,IND,ED/OLB,"$571,058"
1309,nfl,2015,1310,Jeremy Langford,CHI,RB,"$570,906"
1310,nfl,2015,1311,Justin Hardy,ATL,WR,"$570,205"
1311,nfl,2015,1312,Connor Barth,TB,K,"$569,706"
1312,nfl,2015,1313,Jalston Fowler,TEN,FB,"$569,429"
1313,nfl,2015,1314,Clayton Geathers,IND,FS,"$568,482"
1314,nfl,2015,1315,T.J. Clemmings,MIN,RT,"$566,238"
1315,nfl,2015,1316,Tre' Jackson,NE,G,"$565,935"
1316,nfl,2015,1317,Arie Kouandjio,WAS,G,"$565,417"
1317,nfl,2015,1318,Gabe Wright,DET,DL/DT,"$565,288"
1318,nfl,2015,1319,Jamil Douglas,MIA,C,"$564,641"
1319,nfl,2015,1320,Josh Gordon,CLE,WR,"$564,115"
1320,nfl,2015,1321,Taylor Hart,PHI,T,"$563,878"
1321,nfl,2015,1322,Aaron Murray,KC,QB,"$563,606"
1322,nfl,2015,1323,Ryan Grant,WAS,WR,"$563,403"
1323,nfl,2015,1324,Ibraheim Campbell,CLE,SS,"$563,002"
1324,nfl,2015,1325,Telvin Smith,JAX,LB/OLB,"$562,763"
1325,nfl,2015,1326,Rodney Gunter,ARI,DL/DT,"$562,479"
1326,nfl,2015,1327,Blake Bell,SF,TE,"$561,283"
1327,nfl,2015,1328,Devin Street,DAL,WR,"$560,493"
1328,nfl,2015,1329,Ramik Wilson,KC,LB/ILB,"$560,030"
1329,nfl,2015,1330,Kevin Pamphile,TB,G,"$559,625"
1330,nfl,2015,1331,Aaron Lynch,SF,DL/DE,"$559,500"
1331,nfl,2015,1332,Andrew Donnal,STL,RT,"$559,233"
1332,nfl,2015,1333,Avery Williamson,TEN,LB/ILB,"$558,613"
1333,nfl,2015,1334,Josh Shaw,CIN,CB,"$558,431"
1334,nfl,2015,1335,Steve Williams,SD,CB,"$558,200"
1335,nfl,2015,1336,Caraun Reid,DET,ED/DE,"$557,220"
1336,nfl,2015,1337,Ed Stinson,ARI,DL/DE,"$556,685"
1337,nfl,2015,1338,Corey Linsley,GB,C,"$556,250"
1338,nfl,2015,1339,Za'Darius Smith,BAL,ED/OLB,"$555,788"
1339,nfl,2015,1340,A.J. McCarron,CIN,QB,"$555,413"
1340,nfl,2015,1341,Ryan Carrethers,SD,DL/DT,"$554,633"
1341,nfl,2015,1342,Jonathan Newsome,IND,ED/OLB,"$554,527"
1342,nfl,2015,1343,Javorius Allen,BAL,RB,"$553,618"
1343,nfl,2015,1344,Mike Davis,SF,RB,"$552,195"
1344,nfl,2015,1345,Alex Carter,DET,S,"$552,127"
1345,nfl,2015,1346,Damien Wilson,DAL,LB/OLB,"$551,578"
1346,nfl,2015,1347,Oday Aboushi,HOU,G,"$550,588"
1347,nfl,2015,,Sam Acho,CHI,ED/OLB,"$550,588"
1348,nfl,2015,,Will Blackmon,WAS,CB,"$550,588"
1349,nfl,2015,,Charles Brown,DAL,LT,"$550,588"
1350,nfl,2015,,Brice Butler,DAL,WR,"$550,588"
1351,nfl,2015,,Mike McGlynn,NO,G,"$550,588"
1352,nfl,2015,,Fernando Velasco,CAR,G,"$550,588"
1353,nfl,2015,1354,Jon Feliciano,OAK,G,"$550,163"
1354,nfl,2015,1355,Chaz Green,DAL,G,"$549,799"
1355,nfl,2015,1356,Jake Ryan,GB,LB/ILB,"$549,169"
1356,nfl,2015,1357,Aaron Colvin,JAX,CB,"$548,288"
1357,nfl,2015,1358,Brian Schwenke,TEN,C,"$547,712"
1358,nfl,2015,1359,Jon Bostic,NE,LB/ILB,"$546,209"
1359,nfl,2015,1360,John Urschel,BAL,G,"$546,140"
1360,nfl,2015,1361,Shaq Mason,NE,G,"$545,881"
1361,nfl,2015,1362,Zach Fulton,KC,G,"$544,055"
1362,nfl,2015,1363,Jordan Hicks,PHI,LB/ILB,"$543,124"
1363,nfl,2015,1364,Laurent Duvernay-Tardif,KC,G,"$543,075"
1364,nfl,2015,1365,Jeoffrey Pagan,HOU,DL/DE,"$542,205"
1365,nfl,2015,1366,Zach Mettenberger,TEN,QB,"$541,279"
1366,nfl,2015,1367,Trey Flowers,NE,ED/DE,"$540,321"
1367,nfl,2015,1368,Alfred Blue,HOU,RB,"$539,483"
1368,nfl,2015,1369,TJ Jones,DET,WR,"$536,550"
1369,nfl,2015,1370,Pat O'Donnell,CHI,P,"$536,327"
1370,nfl,2015,1371,Demetri Goodson,GB,CB,"$535,788"
1371,nfl,2015,1372,Devon Kennard,NYG,LB/OLB,"$535,728"
1372,nfl,2015,1373,Quinton Coples,MIA,LB/OLB,"$534,840"
1373,nfl,2015,1374,Luke Bowanko,JAX,C,"$533,513"
1374,nfl,2015,1375,Henry Anderson,IND,DL/DE,"$533,360"
1375,nfl,2015,1376,Jerome Simpson,SF,WR,"$532,058"
1376,nfl,2015,1377,Daniel McCullers,PIT,DL/DT,"$529,670"
1377,nfl,2015,,Jay Prosch,HOU,FB,"$529,670"
1378,nfl,2015,1379,Bene Benwikere,CAR,CB,"$528,514"
1379,nfl,2015,1380,Andre Hal,HOU,FS,"$527,281"
1380,nfl,2015,1381,Travis Carrie,OAK,CB,"$526,741"
1381,nfl,2015,1382,Beau Allen,PHI,DL/DT,"$525,562"
1382,nfl,2015,1383,Trevor Reilly,NYJ,ED/OLB,"$524,212"
1383,nfl,2015,1384,Terrence Fede,MIA,ED/DE,"$523,988"
1384,nfl,2015,1385,James Sample,JAX,FS,"$523,968"
1385,nfl,2015,1386,Jeff Janis,GB,WR,"$522,848"
1386,nfl,2015,1387,Will Davis,BAL,CB,"$522,794"
1387,nfl,2015,1388,Seantrel Henderson,BUF,RT,"$522,720"
1388,nfl,2015,1389,Corey Nelson,DEN,LB/ILB,"$522,150"
1389,nfl,2015,1390,Charles Leno,CHI,LT,"$521,628"
1390,nfl,2015,1391,Max Garcia,DEN,G,"$521,423"
1391,nfl,2015,,Mark Glowinski,SEA,G,"$521,423"
1392,nfl,2015,,Marcus Hardison,CIN,DL/DT,"$521,423"
1393,nfl,2015,,Tray Walker,BAL,CB,"$521,423"
1394,nfl,2015,1395,Dontrelle Inman,SD,WR,"$517,500"
1395,nfl,2015,1396,Cornelius Lucas,DET,RT,"$516,666"
1396,nfl,2015,,Ethan Westbrooks,STL,ED/DE,"$516,666"
1397,nfl,2015,1398,Najee Goode,PHI,ED/OLB,"$516,176"
1398,nfl,2015,,Thaddeus Lewis,PHI,QB,"$516,176"
1399,nfl,2015,,Mitch Unrein,CHI,DL/DE,"$516,176"
1400,nfl,2015,1401,Lerentee McCray,DEN,ED/OLB,"$515,668"
1401,nfl,2015,1402,Corey Brown,CAR,WR,"$515,000"
1402,nfl,2015,,Marcus Roberson,STL,CB,"$515,000"
1403,nfl,2015,1404,Garry Gilliam,SEA,RT,"$514,000"
1404,nfl,2015,,Andrew Norwell,CAR,G,"$514,000"
1405,nfl,2015,1406,Tyler Bray,KC,QB,"$513,334"
1406,nfl,2015,1407,Isaiah Crowell,CLE,RB,"$513,333"
1407,nfl,2015,,Ryan Hewitt,CIN,FB,"$513,333"
1408,nfl,2015,,Albert Wilson,KC,WR,"$513,333"
1409,nfl,2015,1410,James Hurst,BAL,RT,"$513,000"
1410,nfl,2015,1411,Trey Burton,PHI,TE,"$512,500"
1411,nfl,2015,,Jonotthan Harrison,IND,C,"$512,500"
1412,nfl,2015,,Kerry Wynn,NYG,ED/DE,"$512,500"
1413,nfl,2015,1414,Christian Jones,CHI,LB/ILB,"$512,333"
1414,nfl,2015,1415,Kasim Edebali,NO,LB/OLB,"$512,000"
1415,nfl,2015,,Zach Kerr,IND,DL/DE,"$512,000"
1416,nfl,2015,1417,Brian Dixon,NO,CB,"$511,666"
1417,nfl,2015,,Jayrone Elliott,GB,ED/OLB,"$511,666"
1418,nfl,2015,,Allen Hurns,JAX,WR,"$511,666"
1419,nfl,2015,,Tyler Shatley,JAX,G,"$511,666"
1420,nfl,2015,,Damien Williams,MIA,RB,"$511,666"
1421,nfl,2015,1422,Mike Pennel,GB,DL/DE,"$511,166"
1422,nfl,2015,,Juwan Thompson,DEN,RB,"$511,166"
1423,nfl,2015,1424,Brock Coyle,SEA,LB/ILB,"$511,000"
1424,nfl,2015,,Zach Orr,BAL,LB/ILB,"$511,000"
1425,nfl,2015,1426,Cairo Santos,KC,K,"$510,666"
1426,nfl,2015,1427,Chandler Catanzaro,ARI,K,"$510,500"
1427,nfl,2015,1428,Nevin Lawson,DET,CB,"$510,146"
1428,nfl,2015,,Brent Urban,BAL,DL/DE,"$510,146"
1429,nfl,2015,1430,Antonio Andrews,TEN,RB,"$510,000"
1430,nfl,2015,,Denico Autry,OAK,ED/DE,"$510,000"
1431,nfl,2015,,Kenjon Barner,PHI,RB,"$510,000"
1432,nfl,2015,,Lamin Barrow,CHI,LB/ILB,"$510,000"
1433,nfl,2015,,Marcus Burley,SEA,CB,"$510,000"
1434,nfl,2015,,Malcolm Butler,NE,CB,"$510,000"
1435,nfl,2015,,Will Compton,WAS,LB/ILB,"$510,000"
1436,nfl,2015,,Orleans Darkwa,NYG,RB,"$510,000"
1437,nfl,2015,,Todd Davis,DEN,LB/ILB,"$510,000"
1438,nfl,2015,,Andrew DePaola,TB,LS,"$510,000"
1439,nfl,2015,,Jordan Devey,SF,G,"$510,000"
1440,nfl,2015,,Darren Fells,ARI,TE,"$510,000"
1441,nfl,2015,,Corey Fuller,DET,WR,"$510,000"
1442,nfl,2015,,Taylor Gabriel,CLE,WR,"$510,000"
1443,nfl,2015,,Jeremiah George,TB,LB/ILB,"$510,000"
1444,nfl,2015,,Brittan Golden,ARI,WR,"$510,000"
1445,nfl,2015,,Ryan Griffin,TB,QB,"$510,000"
1446,nfl,2015,,Demetrius Harris,KC,TE,"$510,000"
1447,nfl,2015,,Cooper Helfet,SEA,TE,"$510,000"
1448,nfl,2015,,Chris Hubbard,PIT,RT,"$510,000"
1449,nfl,2015,,Nic Jacobs,JAX,TE,"$510,000"
1450,nfl,2015,,Ryan Jensen,BAL,C,"$510,000"
1451,nfl,2015,,Charles Johnson,MIN,WR,"$510,000"
1452,nfl,2015,,T.J. Johnson,CIN,C,"$510,000"
1453,nfl,2015,,Cordarro Law,SD,ED/OLB,"$510,000"
1454,nfl,2015,,Josh Mauro,ARI,DL/DT,"$510,000"
1455,nfl,2015,,Brandon McManus,DEN,K,"$510,000"
1456,nfl,2015,,Kevin Norwood,CAR,WR,"$510,000"
1457,nfl,2015,,Ty Nsekhe,WAS,LT,"$510,000"
1458,nfl,2015,,Colton Schmidt,BUF,P,"$510,000"
1459,nfl,2015,,Jeremiah Sirles,MIN,G,"$510,000"
1460,nfl,2015,,Chris Smith,JAX,ED/DE,"$510,000"
1461,nfl,2015,,Jacquies Smith,TB,LB/OLB,"$510,000"
1462,nfl,2015,,Daniel Sorensen,KC,SS,"$510,000"
1463,nfl,2015,,Phillip Supernaw,TEN,TE,"$510,000"
1464,nfl,2015,,Steven Terrell,SEA,CB,"$510,000"
1465,nfl,2015,,Adam Thielen,MIN,WR,"$510,000"
1466,nfl,2015,,Tress Way,WAS,P,"$510,000"
1467,nfl,2015,,Austin Wentworth,MIN,RT,"$510,000"
1468,nfl,2015,,Charcandrick West,KC,RB,"$510,000"
1469,nfl,2015,,K'Waun Williams,CLE,CB,"$510,000"
1470,nfl,2015,,Marcus Williams,NYJ,CB,"$510,000"
1471,nfl,2015,,Nick Williams,KC,DL/DE,"$510,000"
1472,nfl,2015,,Nick Williams,ATL,WR,"$510,000"
1473,nfl,2015,,Brad Wing,NYG,P,"$510,000"
1474,nfl,2015,1475,Phillip Gaines,KC,CB,"$509,513"
1475,nfl,2015,1476,Randell Johnson,BUF,LB/OLB,"$505,109"
1476,nfl,2015,1477,Frank Kearse,WAS,DL/DE,"$504,705"
1477,nfl,2015,1478,Martavis Bryant,PIT,WR,"$499,805"
1478,nfl,2015,1479,Antone Exum,MIN,FS,"$497,299"
1479,nfl,2015,1480,Grady Jarrett,ATL,DL/DT,"$496,963"
1480,nfl,2015,1481,David Cobb,TEN,RB,"$496,417"
1481,nfl,2015,1482,Ben Heeney,OAK,LB/ILB,"$495,681"
1482,nfl,2015,1483,P.J. Williams,NO,CB,"$494,654"
1483,nfl,2015,1484,C.J. Wilson,DET,DL/DT,"$494,188"
1484,nfl,2015,1485,Adrian Amos,CHI,FS,"$493,070"
1485,nfl,2015,1486,MyCole Pruitt,MIN,TE,"$492,647"
1486,nfl,2015,1487,Bobby McCain,MIA,CB,"$492,072"
1487,nfl,2015,1488,Stefon Diggs,MIN,WR,"$491,928"
1488,nfl,2015,1489,Brett Hundley,GB,QB,"$490,908"
1489,nfl,2015,1490,David Parry,IND,DL/DT,"$490,002"
1490,nfl,2015,1491,Kyle Emanuel,SD,ED/OLB,"$489,643"
1491,nfl,2015,1492,Tyeler Davison,NO,DL/DT,"$489,306"
1492,nfl,2015,1493,Chris McCain,MIA,LB/OLB,"$489,176"
1493,nfl,2015,1494,Karlos Williams,BUF,RB,"$488,838"
1494,nfl,2015,1495,Tony Lippett,MIA,CB,"$488,690"
1495,nfl,2015,1496,C.J. Uzomah,CIN,TE,"$488,190"
1496,nfl,2015,1497,Shaquille Riddick,ARI,ED/OLB,"$487,958"
1497,nfl,2015,1498,J.J. Nelson,ARI,WR,"$487,450"
1498,nfl,2015,1499,Jesse James,PIT,TE,"$487,228"
1499,nfl,2015,1500,Tourek Williams,SD,ED/OLB,"$487,044"
1500,nfl,2015,1501,Neiron Ball,OAK,LB/OLB,"$484,389"
1501,nfl,2015,1502,Lorenzo Doss,DEN,CB,"$484,303"
1502,nfl,2015,1503,Bradley Pinion,SF,P,"$483,550"
1503,nfl,2015,1504,Mason Foster,WAS,LB/ILB,"$481,764"
1504,nfl,2015,,Nick Novak,HOU,K,"$481,764"
1505,nfl,2015,,Tyler Polumbus,DEN,LT,"$481,764"
1506,nfl,2015,,Chris Prosinski,CHI,SS,"$481,764"
1507,nfl,2015,,LaRoy Reynolds,CHI,LB/ILB,"$481,764"
1508,nfl,2015,,Caleb Sturgis,PHI,K,"$481,764"
1509,nfl,2015,1510,Michael Burton,DET,FB,"$481,089"
1510,nfl,2015,1511,DeAndre Smelter,SF,WR,"$480,128"
1511,nfl,2015,1512,James Stone,ATL,C,"$480,097"
1512,nfl,2015,1513,Dustin Hopkins,WAS,K,"$480,000"
1513,nfl,2015,,Jake Stoneburner,MIA,TE,"$480,000"
1514,nfl,2015,,Peyton Thompson,JAX,SS,"$480,000"
1515,nfl,2015,,Kenny Wiggins,SD,G,"$480,000"
1516,nfl,2015,1517,Joe Cardona,NE,LS,"$477,500"
1517,nfl,2015,1518,D.J. Alexander,KC,LB/ILB,"$476,563"
1518,nfl,2015,,Cameron Artis-Payne,CAR,RB,"$476,563"
1519,nfl,2015,,David Mayo,CAR,LB/OLB,"$476,563"
1520,nfl,2015,,Keith Mumphery,HOU,WR,"$476,563"
1521,nfl,2015,,Tye Smith,SEA,CB,"$476,563"
1522,nfl,2015,1523,Keith Reaser,SF,CB,"$476,200"
1523,nfl,2015,1524,Jeff Heuerman,DEN,TE,"$473,201"
1524,nfl,2015,1525,Michael Bennett,JAX,DL/DT,"$469,674"
1525,nfl,2015,1526,Kyshoen Jarrett,WAS,FS,"$468,907"
1526,nfl,2015,1527,Geremy Davis,NYG,WR,"$466,770"
1527,nfl,2015,1528,Jabari Price,MIN,CB,"$465,455"
1528,nfl,2015,1529,Ian Silberman,SF,G,"$465,419"
1529,nfl,2015,1530,Kenneth Acker,SF,CB,"$465,150"
1530,nfl,2015,1531,Darius Philon,SD,DL/DE,"$465,146"
1531,nfl,2015,1532,Derron Smith,CIN,SS,"$464,658"
1532,nfl,2015,1533,Leterrius Walton,PIT,DL/DE,"$464,232"
1533,nfl,2015,1534,Quandre Diggs,DET,SS,"$463,838"
1534,nfl,2015,1535,Darius Kilgo,DEN,DL/DT,"$462,889"
1535,nfl,2015,1536,Aaron Ripkowski,GB,FB,"$461,599"
1536,nfl,2015,1537,Damian Swann,NO,CB,"$461,159"
1537,nfl,2015,1538,Andy Gallik,TEN,C,"$460,368"
1538,nfl,2015,1539,Lorenzo Taliaferro,BAL,RB,"$460,204"
1539,nfl,2015,1540,Brandon Copeland,DET,ED/DE,"$460,000"
1540,nfl,2015,1541,Khiry Robinson,NO,RB,"$459,863"
1541,nfl,2015,1542,Kennard Backman,GB,TE,"$457,621"
1542,nfl,2015,,Christian Covington,HOU,DL/DE,"$457,621"
1543,nfl,2015,,Rakeem Nunez-Roches,KC,DL/DE,"$457,621"
1544,nfl,2015,,Kristjan Sokoli,SEA,G,"$457,621"
1545,nfl,2015,,Cody Wichmann,STL,G,"$457,621"
1546,nfl,2015,1547,Tharold Simon,SEA,CB,"$455,489"
1547,nfl,2015,1548,Jerome Couplin,PHI,FS,"$453,783"
1548,nfl,2015,1549,Bryce Hager,STL,LB/ILB,"$453,035"
1549,nfl,2015,1550,Bobby Hart,NYG,RT,"$452,897"
1550,nfl,2015,1551,Austin Shepherd,MIN,RT,"$452,423"
1551,nfl,2015,1552,Edmond Robinson,MIN,LB/OLB,"$452,078"
1552,nfl,2015,1553,Branden Oliver,SD,RB,"$451,588"
1553,nfl,2015,1554,Ryan Russell,DAL,ED/DE,"$451,334"
1554,nfl,2015,1555,Cameron Brate,TB,TE,"$450,000"
1555,nfl,2015,,Jonathan Meeks,BUF,FS,"$450,000"
1556,nfl,2015,1557,Mario Alford,CIN,WR,"$449,776"
1557,nfl,2015,1558,Corey Robinson,DET,LT,"$449,477"
1558,nfl,2015,1559,Dexter McDonald,OAK,CB,"$449,212"
1559,nfl,2015,1560,Trenton Brown,SF,RT,"$448,973"
1560,nfl,2015,1561,Geoff Swaim,DAL,TE,"$448,683"
1561,nfl,2015,1562,Denzelle Good,IND,RT,"$448,196"
1562,nfl,2015,1563,Trevor Siemian,DEN,QB,"$448,195"
1563,nfl,2015,1564,Glenn Winston,CLE,RB,"$447,529"
1564,nfl,2015,1565,Gerald Hodges,SF,ED/OLB,"$447,353"
1565,nfl,2015,1566,Nick Becton,CHI,LT,"$447,352"
1566,nfl,2015,,Tony Hills,NO,LT,"$447,352"
1567,nfl,2015,,Sherrod Martin,CHI,SS,"$447,352"
1568,nfl,2015,,Tony Moeaki,ATL,TE,"$447,352"
1569,nfl,2015,1570,Demetrius Rhaney,STL,C,"$446,474"
1570,nfl,2015,1571,La'el Collins,DAL,RT,"$442,000"
1571,nfl,2015,1572,Rashad Greene,JAX,WR,"$440,894"
1572,nfl,2015,1573,Alani Fua,ARI,ED/OLB,"$440,666"
1573,nfl,2015,1574,David Andrews,NE,C,"$440,000"
1574,nfl,2015,,Dean Marlowe,CAR,SS,"$440,000"
1575,nfl,2015,1576,Thurston Armbrister,JAX,LB/OLB,"$439,166"
1576,nfl,2015,1577,Delvin Breaux,NO,CB,"$439,000"
1577,nfl,2015,1578,Tony Steward,BUF,LB/OLB,"$438,427"
1578,nfl,2015,1579,Kaleb Eulls,NO,DL/DT,"$438,333"
1579,nfl,2015,,Taylor Heinicke,MIN,QB,"$438,333"
1580,nfl,2015,,Zach Vigil,MIA,LB/OLB,"$438,333"
1581,nfl,2015,,Lucky Whitehead,DAL,WR,"$438,333"
1582,nfl,2015,1583,Xavier Williams,ARI,DL/DT,"$437,666"
1583,nfl,2015,1584,Tavaris Barnes,NO,ED/DE,"$437,500"
1584,nfl,2015,1585,Cody Riggs,TEN,CB,"$437,333"
1585,nfl,2015,,DeAndrew White,SF,WR,"$437,333"
1586,nfl,2015,1587,Malcolm Johnson,CLE,FB,"$437,332"
1587,nfl,2015,1588,Bradley Marquez,STL,WR,"$437,166"
1588,nfl,2015,1589,Cameron Meredith,CHI,WR,"$437,000"
1589,nfl,2015,,Quinton Spain,TEN,G,"$437,000"
1590,nfl,2015,1591,Nick Dzubnar,SD,LB/ILB,"$436,666"
1591,nfl,2015,,LaDarius Gunter,GB,CB,"$436,666"
1592,nfl,2015,,Josh Lambo,SD,K,"$436,666"
1593,nfl,2015,,Nick Marshall,JAX,CB,"$436,666"
1594,nfl,2015,,Bobby Richardson,NO,ED/DE,"$436,666"
1595,nfl,2015,1596,Brandon Wegher,CAR,RB,"$435,833"
1596,nfl,2015,1597,Kendall Lamm,HOU,RT,"$435,666"
1597,nfl,2015,,Cameron Lynch,STL,LB/OLB,"$435,666"
1598,nfl,2015,1599,Matt Darr,MIA,P,"$435,333"
1599,nfl,2015,,Neville Hewitt,MIA,LB/OLB,"$435,333"
1600,nfl,2015,,Terron Ward,ATL,RB,"$435,333"
1601,nfl,2015,1602,Jay Ajayi,MIA,RB,"$435,144"
1602,nfl,2015,1603,Ricardo Allen,ATL,SS,"$435,000"
1603,nfl,2015,,Josh Andrews,PHI,C,"$435,000"
1604,nfl,2015,,Chigbo Anunoby,MIN,DL/DT,"$435,000"
1605,nfl,2015,,Shaquil Barrett,DEN,ED/OLB,"$435,000"
1606,nfl,2015,,Jordan Berry,PIT,P,"$435,000"
1607,nfl,2015,,E.J. Bibbs,CLE,TE,"$435,000"
1608,nfl,2015,,Ross Cockrell,PIT,CB,"$435,000"
1609,nfl,2015,,Brandon Coleman,NO,WR,"$435,000"
1610,nfl,2015,,Justin Coleman,NE,CB,"$435,000"
1611,nfl,2015,,Travis Coons,CLE,K,"$435,000"
1612,nfl,2015,,James Ferentz,DEN,C,"$435,000"
1613,nfl,2015,,Bennie Fowler,DEN,WR,"$435,000"
1614,nfl,2015,,Andrew Franks,MIA,K,"$435,000"
1615,nfl,2015,,Obum Gwacham,NO,ED/DE,"$435,000"
1616,nfl,2015,,Matt Hazel,MIA,WR,"$435,000"
1617,nfl,2015,,Charley Hughlett,CLE,LS,"$435,000"
1618,nfl,2015,,Rufus Johnson,NE,LB/OLB,"$435,000"
1619,nfl,2015,,Harold Jones-Quartey,CHI,SS,"$435,000"
1620,nfl,2015,,Zac Kerin,MIN,C,"$435,000"
1621,nfl,2015,,Khari Lee,CHI,TE,"$435,000"
1622,nfl,2015,,T.Y. McGill,IND,DL/DT,"$435,000"
1623,nfl,2015,,Jamie Meder,CLE,DL/DE,"$435,000"
1624,nfl,2015,,Jason Myers,JAX,K,"$435,000"
1625,nfl,2015,,Matt Paradis,DEN,C,"$435,000"
1626,nfl,2015,,Brian Parker,KC,TE,"$435,000"
1627,nfl,2015,,Mike Purcell,SF,DL/DT,"$435,000"
1628,nfl,2015,,Brent Qvale,NYJ,RT,"$435,000"
1629,nfl,2015,,Denzel Rice,PHI,CB,"$435,000"
1630,nfl,2015,,Seth Roberts,OAK,WR,"$435,000"
1631,nfl,2015,,Tavon Rooks,KC,LT,"$435,000"
1632,nfl,2015,,Rashad Ross,WAS,WR,"$435,000"
1633,nfl,2015,,Jake Schum,TB,P,"$435,000"
1634,nfl,2015,,Willie Snead,NO,WR,"$435,000"
1635,nfl,2015,,Robenson Therezie,ATL,FS,"$435,000"
1636,nfl,2015,,Uani Unga,NYG,LB/ILB,"$435,000"
1637,nfl,2015,,Alejandro Villanueva,PIT,LT,"$435,000"
1638,nfl,2015,,Josh Walker,GB,G,"$435,000"
1639,nfl,2015,,Michael Williams,NE,TE,"$435,000"
1640,nfl,2015,,James Winchester,KC,LS,"$435,000"
1641,nfl,2015,,Louis Young,CAR,CB,"$435,000"
1642,nfl,2015,1643,Marcus Murphy,NO,RB,"$431,674"
1643,nfl,2015,1644,Kwon Alexander,TB,LB/ILB,"$429,041"
1644,nfl,2015,1645,James O'Shaughnessy,KC,TE,"$428,386"
1645,nfl,2015,1646,Roosevelt Nix,PIT,FB,"$428,117"
1646,nfl,2015,1647,Casey Matthews,MIN,LB/ILB,"$428,000"
1647,nfl,2015,,Corey Wootton,DET,DL/DT,"$428,000"
1648,nfl,2015,1649,Kai Forbath,NO,K,"$427,058"
1649,nfl,2015,,Joe Looney,TEN,G,"$427,058"
1650,nfl,2015,,Jordan Mills,BUF,RT,"$427,058"
1651,nfl,2015,,Byron Stingily,PIT,RT,"$427,058"
1652,nfl,2015,1653,Randall Telfer,CLE,TE,"$423,090"
1653,nfl,2015,1654,Nikita Whitlock,NYG,FB,"$421,235"
1654,nfl,2015,1655,Max Bullough,HOU,LB/ILB,"$420,000"
1655,nfl,2015,1656,Thomas Rawls,SEA,RB,"$419,352"
1656,nfl,2015,1657,L.J. McCray,SF,SS,"$418,294"
1657,nfl,2015,1658,Kenny Demens,ARI,LB/ILB,"$417,705"
1658,nfl,2015,1659,Jackson Jeffcoat,WAS,ED/OLB,"$416,294"
1659,nfl,2015,1660,Junior Galette,WAS,ED/OLB,"$413,000"
1660,nfl,2015,1661,Dwight Freeney,ARI,ED/OLB,"$412,941"
1661,nfl,2015,,Tanner Hawkinson,PHI,G,"$412,941"
1662,nfl,2015,,Josh Johnson,BUF,QB,"$412,941"
1663,nfl,2015,,Don Jones,CLE,FS,"$412,941"
1664,nfl,2015,,Nick Moody,SEA,LB/ILB,"$412,941"
1665,nfl,2015,1666,Austin Johnson,NO,FB,"$412,588"
1666,nfl,2015,1667,Josh Boyd,GB,DL/DT,"$412,022"
1667,nfl,2015,1668,Shamar Stephen,MIN,DL/DT,"$411,757"
1668,nfl,2015,1669,Charles Gaines,CLE,CB,"$410,475"
1669,nfl,2015,1670,Mark Nzeocha,DAL,LB/ILB,"$409,793"
1670,nfl,2015,1671,Tom Savage,HOU,QB,"$408,146"
1671,nfl,2015,1672,Ifo Ekpre-Olomu,CLE,CB,"$408,031"
1672,nfl,2015,1673,MarQueis Gray,BUF,TE,"$403,764"
1673,nfl,2015,1674,Cam Thomas,BUF,CB,"$394,732"
1674,nfl,2015,1675,Kenny Anunike,DEN,DL/DE,"$394,538"
1675,nfl,2015,1676,Jesse Williams,SEA,DL/DT,"$393,706"
1676,nfl,2015,1677,Darren Waller,BAL,TE,"$392,359"
1677,nfl,2015,1678,Michael Campanaro,BAL,WR,"$391,522"
1678,nfl,2015,1679,Martrell Spaight,WAS,LB/ILB,"$391,251"
1679,nfl,2015,1680,IK Enemkpali,BUF,LB/OLB,"$390,000"
1680,nfl,2015,,Andrew Tiller,SF,G,"$390,000"
1681,nfl,2015,,Jordan Tripp,JAX,LB/ILB,"$390,000"
1682,nfl,2015,,Myles White,NYG,WR,"$390,000"
1683,nfl,2015,1684,Deiontrez Mount,TEN,ED/OLB,"$389,449"
1684,nfl,2015,1685,Darrell Williams,STL,T,"$389,323"
1685,nfl,2015,1686,Arrelious Benn,JAX,WR,"$388,000"
1686,nfl,2015,1687,Joe Thomas,GB,LB/ILB,"$383,823"
1687,nfl,2015,,Tony Washington,JAX,WR,"$383,823"
1688,nfl,2015,1689,Ryan Griffin,HOU,TE,"$381,611"
1689,nfl,2015,1690,Nat Berhe,NYG,SS,"$381,200"
1690,nfl,2015,1691,Joe Banyard,JAX,RB,"$378,529"
1691,nfl,2015,,Ahmad Bradshaw,IND,RB,"$378,529"
1692,nfl,2015,,Kenrick Ellis,MIN,DL/DT,"$378,529"
1693,nfl,2015,,Lemuel Jeanpierre,SEA,C,"$378,529"
1694,nfl,2015,,Taylor Mays,OAK,SS,"$378,529"
1695,nfl,2015,,Kenbrell Thompkins,NYJ,WR,"$378,529"
1696,nfl,2015,,Philip Wheeler,ATL,LB/OLB,"$378,529"
1697,nfl,2015,1698,Vinnie Sunseri,NO,SS,"$377,125"
1698,nfl,2015,1699,Mykkele Thompson,NYG,FS,"$375,215"
1699,nfl,2015,1700,Greg Mancz,HOU,C,"$375,058"
1700,nfl,2015,1701,T.J. Fatinikun,TB,ED/DE,"$374,647"
1701,nfl,2015,1702,Sam Barrington,GB,LB/ILB,"$374,191"
1702,nfl,2015,1703,Davis Tull,NO,ED/DE,"$373,433"
1703,nfl,2015,1704,Lonnie Ballentine,HOU,FS,"$370,768"
1704,nfl,2015,1705,Kenny Bell,TB,WR,"$369,209"
1705,nfl,2015,1706,Nick Boyle,BAL,TE,"$364,431"
1706,nfl,2015,1707,Cody Parkey,PHI,K,"$364,235"
1707,nfl,2015,1708,Brian Tyms,NE,WR,"$363,000"
1708,nfl,2015,1709,David Molk,PHI,C,"$361,941"
1709,nfl,2015,1710,Corey Grant,JAX,RB,"$360,960"
1710,nfl,2015,,Zach Zenner,DET,RB,"$360,960"
1711,nfl,2015,1712,Brandon Dunn,HOU,DL/DE,"$360,000"
1712,nfl,2015,,Cameron Fleming,NE,T,"$360,000"
1713,nfl,2015,,Bruce Gaston,CHI,DL/DT,"$360,000"
1714,nfl,2015,,Justin Perillo,GB,TE,"$360,000"
1715,nfl,2015,,Justin Staples,TEN,ED/OLB,"$360,000"
1716,nfl,2015,,Spencer Ware,KC,RB,"$360,000"
1717,nfl,2015,1718,E.J. Gaines,STL,CB,"$359,918"
1718,nfl,2015,1719,Jared Abbrederis,GB,WR,"$358,235"
1719,nfl,2015,,Jude Adjei-Barimah,TB,CB,"$358,235"
1720,nfl,2015,,Dion Bailey,NYJ,SS,"$358,235"
1721,nfl,2015,,Tyreek Burwell,SD,T,"$358,235"
1722,nfl,2015,,Anthony Chickillo,PIT,ED/OLB,"$358,235"
1723,nfl,2015,,Ryan Delaire,CAR,ED/DE,"$358,235"
1724,nfl,2015,,Quinton Dunbar,WAS,CB,"$358,235"
1725,nfl,2015,,Deshazor Everett,WAS,SS,"$358,235"
1726,nfl,2015,,David Irving,DAL,DL/DT,"$358,235"
1727,nfl,2015,,Brian Peters,HOU,LB/ILB,"$358,235"
1728,nfl,2015,,Will Tye,NYG,TE,"$358,235"
1729,nfl,2015,1730,Tyler Varga,IND,RB,"$354,411"
1730,nfl,2015,1731,Jeff Adams,HOU,G,"$353,823"
1731,nfl,2015,1732,Marquis Flowers,CIN,LB/OLB,"$352,670"
1732,nfl,2015,1733,Shaun Draughn,SF,RB,"$349,411"
1733,nfl,2015,1734,JaCorey Shepherd,PHI,CB,"$348,277"
1734,nfl,2015,1735,Brandon Harris,TEN,CB,"$348,000"
1735,nfl,2015,,Kyle Williams,DEN,WR,"$348,000"
1736,nfl,2015,1737,A.J. Derby,NE,TE,"$346,013"
1737,nfl,2015,1738,Silas Redd,WAS,RB,"$345,666"
1738,nfl,2015,1739,James Wright,CIN,WR,"$345,456"
1739,nfl,2015,1740,Jordan Zumwalt,PIT,LB/ILB,"$344,213"
1740,nfl,2015,1741,Charles Godfrey,ATL,SS,"$344,117"
1741,nfl,2015,,Joe Mays,SD,LB/ILB,"$344,117"
1742,nfl,2015,,T.J. Yates,HOU,QB,"$344,117"
1743,nfl,2015,1744,Reshard Cliett,HOU,ED/OLB,"$343,075"
1744,nfl,2015,1745,Carlos Thompson,HOU,ED/OLB,"$339,480"
1745,nfl,2015,1746,Kenneth Boatright,DAL,ED/DE,"$339,000"
1746,nfl,2015,1747,Khyri Thornton,DET,DL/DT,"$338,411"
1747,nfl,2015,1748,Andre Debose,OAK,WR,"$337,253"
1748,nfl,2015,1749,Tenny Palepoi,SD,DL/DT,"$337,166"
1749,nfl,2015,1750,Josh Wells,JAX,RT,"$334,000"
1750,nfl,2015,1751,Joshua Mitchell,IND,CB,"$333,666"
1751,nfl,2015,1752,Carter Bykowski,MIN,LT,"$333,000"
1752,nfl,2015,,Anthony Denham,HOU,TE,"$333,000"
1753,nfl,2015,,Ka'lial Glaud,DAL,LB/OLB,"$333,000"
1754,nfl,2015,,Collin Mooney,ATL,FB,"$333,000"
1755,nfl,2015,,Senorise Perry,CHI,RB,"$333,000"
1756,nfl,2015,,Allen Reisner,BAL,TE,"$333,000"
1757,nfl,2015,,Ryan Robinson,SEA,ED/DE,"$333,000"
1758,nfl,2015,,Mohammed Seisay,SEA,CB,"$333,000"
1759,nfl,2015,,Lawrence Virgil,NO,ED/DE,"$333,000"
1760,nfl,2015,1761,Chris Boswell,PIT,K,"$332,647"
1761,nfl,2015,,Donteea Dye,TB,WR,"$332,647"
1762,nfl,2015,,Nick Easton,MIN,C,"$332,647"
1763,nfl,2015,,Quincy Enunwa,NYJ,WR,"$332,647"
1764,nfl,2015,,Howard Jones,TB,LB/OLB,"$332,647"
1765,nfl,2015,,Brandon King,NE,FS,"$332,647"
1766,nfl,2015,1767,Darryl Roberts,NE,CB,"$331,555"
1767,nfl,2015,1768,Rory Anderson,SF,TE,"$331,195"
1768,nfl,2015,,Gerald Christian,ARI,TE,"$331,195"
1769,nfl,2015,1770,Jordan Gay,BUF,K,"$330,000"
1770,nfl,2015,,Charles James,HOU,CB,"$330,000"
1771,nfl,2015,,Michael Ola,DET,T,"$330,000"
1772,nfl,2015,,Scott Simonson,CAR,TE,"$330,000"
1773,nfl,2015,,Trey Watts,STL,RB,"$330,000"
1774,nfl,2015,,George Winn,DET,RB,"$330,000"
1775,nfl,2015,1776,Jimmy Hall,OAK,LB/ILB,"$324,666"
1776,nfl,2015,1777,Arthur Miley,CAR,ED/DE,"$323,000"
1777,nfl,2015,1778,Curtis Riley,TEN,CB,"$322,000"
1778,nfl,2015,1779,Justin March,KC,LB/ILB,"$321,333"
1779,nfl,2015,1780,Julian Wilson,BAL,CB,"$321,000"
1780,nfl,2015,1781,Junior Sylvestre,IND,LB/ILB,"$320,666"
1781,nfl,2015,,Zack Wagenmann,ARI,DL/DE,"$320,666"
1782,nfl,2015,1783,Tyson Chandler,BUF,RT,"$320,500"
1783,nfl,2015,,Brock Hekking,SD,ED/OLB,"$320,500"
1784,nfl,2015,1785,Dres Anderson,SF,WR,"$320,000"
1785,nfl,2015,1786,Damian Copeland,JAX,WR,"$319,666"
1786,nfl,2015,,Anthony Jefferson,CHI,FS,"$319,666"
1787,nfl,2015,,Eli Rogers,PIT,WR,"$319,666"
1788,nfl,2015,,Chad Slade,HOU,G,"$319,666"
1789,nfl,2015,,Chris Whaley,DAL,DL/DT,"$319,666"
1790,nfl,2015,1791,Chi Chi Ariguzo,SD,LB/ILB,"$319,333"
1791,nfl,2015,1792,Beau Gardner,ATL,TE,"$319,000"
1792,nfl,2015,,Jack Tabb,NO,TE,"$319,000"
1793,nfl,2015,1794,Cam Worthy,BAL,WR,"$318,833"
1794,nfl,2015,1795,Isiah Ferguson,STL,WR,"$318,333"
1795,nfl,2015,,Micah Hatchie,PIT,RT,"$318,333"
1796,nfl,2015,1797,Damond Powell,ARI,WR,"$318,166"
1797,nfl,2015,1798,Rob Blanchflower,PIT,TE,"$318,000"
1798,nfl,2015,,Austin Brown,NO,DL/DT,"$318,000"
1799,nfl,2015,,Cody Clay,DAL,G,"$318,000"
1800,nfl,2015,,Justin Currie,NYG,SS,"$318,000"
1801,nfl,2015,,Curtis Feigt,KC,RT,"$318,000"
1802,nfl,2015,,Reshod Fortenberry,DAL,G,"$318,000"
1803,nfl,2015,,John Fullington,ARI,G,"$318,000"
1804,nfl,2015,,Tyler Gaffney,NE,RB,"$318,000"
1805,nfl,2015,,James Gayle,WAS,DL/DE,"$318,000"
1806,nfl,2015,,Marcus Harris,NYG,WR,"$318,000"
1807,nfl,2015,,Travis Harvey,ARI,WR,"$318,000"
1808,nfl,2015,,Travis Howard,ATL,CB,"$318,000"
1809,nfl,2015,,Bennett Jackson,NYG,SS,"$318,000"
1810,nfl,2015,,Brett Jones,NYG,C,"$318,000"
1811,nfl,2015,,Darren Keyton,DET,C,"$318,000"
1812,nfl,2015,,Travis Long,PHI,ED/OLB,"$318,000"
1813,nfl,2015,,Tevin Mitchel,IND,CB,"$318,000"
1814,nfl,2015,,Ifeanyi Momah,ARI,TE,"$318,000"
1815,nfl,2015,,Kelvin Palmer,PIT,RT,"$318,000"
1816,nfl,2015,,Brandon Person,ARI,FS,"$318,000"
1817,nfl,2015,,Micajah Reynolds,BAL,DL/DT,"$318,000"
1818,nfl,2015,,Kona Schwenke,SEA,DL/DT,"$318,000"
1819,nfl,2015,,Connor Shaw,CLE,QB,"$318,000"
1820,nfl,2015,,Jordan Thompson,DET,TE,"$318,000"
1821,nfl,2015,,Mitchell Van Dyk,PIT,LT,"$318,000"
1822,nfl,2015,,Jason Weaver,CHI,LT,"$318,000"
1823,nfl,2015,1824,Randy Bullock,NYJ,K,"$310,588"
1824,nfl,2015,,Deonte Thompson,CHI,WR,"$310,588"
1825,nfl,2015,1826,Tim Hightower,NO,RB,"$309,705"
1826,nfl,2015,,Damion Square,SD,DL/DT,"$309,705"
1827,nfl,2015,,J.D. Walton,SD,C,"$309,705"
1828,nfl,2015,,B.W. Webb,TEN,CB,"$309,705"
1829,nfl,2015,1830,Jonathan Anderson,CHI,LB/ILB,"$307,058"
1830,nfl,2015,,Rod Smith,DAL,RB,"$307,058"
1831,nfl,2015,1832,Jeremy Butler,BAL,WR,"$300,000"
1832,nfl,2015,,Wesley Johnson,NYJ,C,"$300,000"
1833,nfl,2015,,Korey Toomer,OAK,LB/ILB,"$300,000"
1834,nfl,2015,,Brandon Watts,MIN,LB/OLB,"$300,000"
1835,nfl,2015,1836,Cierre Wood,BUF,RB,"$295,058"
1836,nfl,2015,1837,Houston Bates,WAS,ED/OLB,"$290,294"
1837,nfl,2015,1838,Bryce Callahan,CHI,CB,"$281,470"
1838,nfl,2015,,Neal Sterling,JAX,TE,"$281,470"
1839,nfl,2015,1840,James Anderson,NO,LB/OLB,"$275,294"
1840,nfl,2015,,Crezdon Butler,DET,CB,"$275,294"
1841,nfl,2015,,Matt Flynn,NO,QB,"$275,294"
1842,nfl,2015,,Montori Hughes,NYG,DL/DT,"$275,294"
1843,nfl,2015,,Jason Trusnik,MIN,LB/ILB,"$275,294"
1844,nfl,2015,,Wes Welker,STL,WR,"$275,294"
1845,nfl,2015,1846,Robert Turbin,DAL,RB,"$271,764"
1846,nfl,2015,,Brandon Weeden,HOU,QB,"$271,764"
1847,nfl,2015,1848,Marcus Cromartie,SF,CB,"$270,000"
1848,nfl,2015,,Chris Davis,SF,CB,"$270,000"
1849,nfl,2015,,Greg Ducre,SD,CB,"$270,000"
1850,nfl,2015,1851,Jimmy Clausen,BAL,QB,"$262,941"
1851,nfl,2015,1852,Kurtis Drummond,HOU,SS,"$257,548"
1852,nfl,2015,1853,Quan Bray,IND,WR,"$255,882"
1853,nfl,2015,,Christian Bryant,STL,FS,"$255,882"
1854,nfl,2015,,Kendall Gaskins,SF,FB,"$255,882"
1855,nfl,2015,,Adam Humphries,TB,WR,"$255,882"
1856,nfl,2015,,Ulrick John,MIA,LT,"$255,882"
1857,nfl,2015,,Hayes Pullard,JAX,LB/ILB,"$255,882"
1858,nfl,2015,,De'Ondre Wesley,BAL,G,"$255,882"
1859,nfl,2015,1860,Brian Folkerts,STL,C,"$240,882"
1860,nfl,2015,,Chase Ford,BAL,TE,"$240,882"
1861,nfl,2015,,Eric Kush,STL,G,"$240,882"
1862,nfl,2015,,Hakeem Nicks,NYG,WR,"$240,882"
1863,nfl,2015,1864,Dan Herron,IND,RB,"$232,941"
1864,nfl,2015,,Kellen Moore,DAL,QB,"$232,941"
1865,nfl,2015,,Jeremy Ross,OAK,WR,"$232,941"
1866,nfl,2015,1867,Jerome Cunningham,NYG,TE,"$230,294"
1867,nfl,2015,,Doran Grant,PIT,CB,"$230,294"
1868,nfl,2015,,Javontee Herndon,SD,WR,"$230,294"
1869,nfl,2015,,Akeem King,ATL,SS,"$230,294"
1870,nfl,2015,,Matt Longacre,STL,ED/DE,"$230,294"
1871,nfl,2015,,Rontez Miles,NYJ,FS,"$230,294"
1872,nfl,2015,1873,Sam Brenner,DEN,C,"$210,000"
1873,nfl,2015,,Mike Catapano,NYJ,DL/DE,"$210,000"
1874,nfl,2015,,Shelby Harris,OAK,ED/DE,"$210,000"
1875,nfl,2015,,David King,KC,DL/DE,"$210,000"
1876,nfl,2015,,Craig Loston,JAX,SS,"$210,000"
1877,nfl,2015,,Cooper Taylor,NYG,FS,"$210,000"
1878,nfl,2015,,Terrance West,BAL,RB,"$210,000"
1879,nfl,2015,1880,Ray-Ray Armstrong,SF,ED/OLB,"$206,470"
1880,nfl,2015,,Red Bryant,ARI,DL/DE,"$206,470"
1881,nfl,2015,,Darius Fleming,NE,LB/OLB,"$206,470"
1882,nfl,2015,,Shayne Graham,ATL,K,"$206,470"
1883,nfl,2015,,Josh Martin,NYJ,ED/OLB,"$206,470"
1884,nfl,2015,,Christopher Owens,NO,CB,"$206,470"
1885,nfl,2015,1886,Gabe Holmes,OAK,TE,"$204,705"
1886,nfl,2015,,Isaiah Johnson,DET,FS,"$204,705"
1887,nfl,2015,1888,Josh Bush,DEN,SS,"$194,117"
1888,nfl,2015,,Terrelle Pryor,CLE,WR,"$194,117"
1889,nfl,2015,,Corey White,ARI,CB,"$194,117"
1890,nfl,2015,1891,David Fales,CHI,QB,"$180,000"
1891,nfl,2015,,Ryan Groy,BUF,G,"$180,000"
1892,nfl,2015,,Frankie Hammond,KC,WR,"$180,000"
1893,nfl,2015,,Fitz Toussaint,PIT,RB,"$180,000"
1894,nfl,2015,,Jaylen Watkins,PHI,S,"$180,000"
1895,nfl,2015,1896,Isaiah Battle,STL,LT,"$179,117"
1896,nfl,2015,,Kaelin Clay,BAL,WR,"$179,117"
1897,nfl,2015,,Emmett Cleary,NYG,RT,"$179,117"
1898,nfl,2015,,Jacoby Glenn,CHI,CB,"$179,117"
1899,nfl,2015,,Akeem Hunt,HOU,RB,"$179,117"
1900,nfl,2015,,Josh Keyes,TB,LB/ILB,"$179,117"
1901,nfl,2015,,Tre McBride,TEN,WR,"$179,117"
1902,nfl,2015,,Deji Olatoye,DAL,CB,"$179,117"
1903,nfl,2015,,Eric Pinkins,SEA,SS,"$179,117"
1904,nfl,2015,,Ed Reynolds,PHI,FS,"$179,117"
1905,nfl,2015,,Kevin Smith,SEA,WR,"$179,117"
1906,nfl,2015,,Dylan Thompson,SF,QB,"$179,117"
1907,nfl,2015,,Andrew Turzilli,TEN,WR,"$179,117"
1908,nfl,2015,,Tyrell Williams,SD,WR,"$179,117"
1909,nfl,2015,1910,Jalil Brown,IND,CB,"$175,294"
1910,nfl,2015,,Robert Housler,CHI,TE,"$175,294"
1911,nfl,2015,,Pierre Thomas,WAS,RB,"$175,294"
1912,nfl,2015,1913,Lavar Edwards,BUF,ED/DE,"$172,058"
1913,nfl,2015,,Cortland Finnegan,CAR,CB,"$172,058"
1914,nfl,2015,,Adam Gettis,NYG,G,"$172,058"
1915,nfl,2015,,Mike Gillislee,BUF,RB,"$172,058"
1916,nfl,2015,,Barrett Jones,PHI,G,"$172,058"
1917,nfl,2015,,Kevin Reddick,BUF,LB/ILB,"$172,058"
1918,nfl,2015,1919,Leonard Johnson,NE,CB,"$155,294"
1919,nfl,2015,,Anthony McCoy,SEA,TE,"$155,294"
1920,nfl,2015,1921,Daniel Brown,BAL,TE,"$153,529"
1921,nfl,2015,,Kourtnei Brown,TB,LB/OLB,"$153,529"
1922,nfl,2015,,Yannik Cudjoe-Virgil,TEN,ED/OLB,"$153,529"
1923,nfl,2015,,Shamiel Gary,MIA,S,"$153,529"
1924,nfl,2015,,Jonathan Krause,PHI,WR,"$153,529"
1925,nfl,2015,,James Morris,NYG,LB/ILB,"$153,529"
1926,nfl,2015,,Dashaun Phillips,WAS,CB,"$153,529"
1927,nfl,2015,,Patrick Scales,CHI,LS,"$153,529"
1928,nfl,2015,1929,Logan Thomas,MIA,TE,"$152,500"
1929,nfl,2015,1930,T.J. Barnes,BUF,DL/DT,"$150,000"
1930,nfl,2015,,A.J. Francis,SEA,ED/DE,"$150,000"
1931,nfl,2015,,Adarius Taylor,TB,LB/OLB,"$150,000"
1932,nfl,2015,,Kerwynn Williams,ARI,RB,"$150,000"
1933,nfl,2015,1934,Danny Aiken,NYG,LS,"$137,647"
1934,nfl,2015,,Joplo Bartu,JAX,LB/OLB,"$137,647"
1935,nfl,2015,,Richard Gordon,BAL,TE,"$137,647"
1936,nfl,2015,,Shiloh Keo,DEN,SS,"$137,647"
1937,nfl,2015,,Stansly Maponga,NYG,ED/DE,"$137,647"
1938,nfl,2015,,Eric Martin,NE,LB/ILB,"$137,647"
1939,nfl,2015,,Damontre Moore,MIA,ED/DE,"$137,647"
1940,nfl,2015,,Konrad Reuland,BAL,TE,"$137,647"
1941,nfl,2015,,D.J. Swearinger,ARI,FS,"$137,647"
1942,nfl,2015,,Brandon Williams,MIA,TE,"$137,647"
1943,nfl,2015,1944,Da'Quan Bowers,TB,DL/DT,"$131,470"
1944,nfl,2015,,Chase Coffman,SEA,TE,"$131,470"
1945,nfl,2015,,Ryan Mallett,BAL,QB,"$131,470"
1946,nfl,2015,1947,Josh Crockett,GB,RB,"$127,941"
1947,nfl,2015,,Carlos Fields,WAS,ED/OLB,"$127,941"
1948,nfl,2015,1949,Chris Givens,BAL,WR,"$124,257"
1949,nfl,2015,1950,DeAndre Coleman,MIA,DL/DT,"$120,000"
1950,nfl,2015,,Demontre Hurst,CHI,CB,"$120,000"
1951,nfl,2015,,Tramain Jacobs,NYG,CB,"$120,000"
1952,nfl,2015,,Brian Leonhardt,SF,TE,"$120,000"
1953,nfl,2015,,Chris Matthews,BAL,WR,"$120,000"
1954,nfl,2015,,Steven Means,PHI,DL/DE,"$120,000"
1955,nfl,2015,1956,Bryce Brown,SEA,RB,"$116,470"
1956,nfl,2015,,Kendall Hunter,NO,RB,"$116,470"
1957,nfl,2015,,Damaris Johnson,TEN,WR,"$116,470"
1958,nfl,2015,,Justin Trattou,MIN,ED/DE,"$116,470"
1959,nfl,2015,1960,Bear Pascoe,DET,TE,"$103,325"
1960,nfl,2015,1961,Josh Aubrey,TEN,SS,"$103,235"
1961,nfl,2015,,Barry Cofield,NYG,DL/DT,"$103,235"
1962,nfl,2015,,Thomas Gafford,OAK,LS,"$103,235"
1963,nfl,2015,,Jeff Linkenbach,SD,RT,"$103,235"
1964,nfl,2015,,Robert McClain,CAR,CB,"$103,235"
1965,nfl,2015,,Christine Michael,SEA,RB,"$103,235"
1966,nfl,2015,,Alex Smith,WAS,TE,"$103,235"
1967,nfl,2015,,Andy Studebaker,IND,ED/OLB,"$103,235"
1968,nfl,2015,,LaAdrian Waddle,NE,RT,"$103,235"
1969,nfl,2015,1970,Joey Mbu,ATL,DL/DT,"$102,353"
1970,nfl,2015,1971,Anthony Harris,MIN,SS,"$102,352"
1971,nfl,2015,,Ronald Martin,NYJ,SS,"$102,352"
1972,nfl,2015,,Brandon Meriweather,NYG,SS,"$102,352"
1973,nfl,2015,,Darrian Miller,CLE,T,"$102,352"
1974,nfl,2015,,Nick O'Leary,BUF,TE,"$102,352"
1975,nfl,2015,,Leon Orr,OAK,DL/DT,"$102,352"
1976,nfl,2015,,Eric Patterson,STL,CB,"$102,352"
1977,nfl,2015,,Jarrod Pughsley,KC,LT,"$102,352"
1978,nfl,2015,,Shayne Skov,SF,LB/ILB,"$102,352"
1979,nfl,2015,,A.J. Tarpley,BUF,LB/ILB,"$102,352"
1980,nfl,2015,,J.R. Tavai,TEN,DL/DT,"$102,352"
1981,nfl,2015,1982,Akeem Davis,IND,SS,"$90,000"
1982,nfl,2015,,Ben Garland,ATL,G,"$90,000"
1983,nfl,2015,,Jonas Gray,JAX,RB,"$90,000"
1984,nfl,2015,,Gabe Ikard,DET,C,"$90,000"
1985,nfl,2015,,Terrance Mitchell,DAL,CB,"$90,000"
1986,nfl,2015,,Zach Moore,MIN,ED/DE,"$90,000"
1987,nfl,2015,,Adrian Phillips,SD,FS,"$90,000"
1988,nfl,2015,,Jumal Rolle,BAL,CB,"$90,000"
1989,nfl,2015,,Tyler Starr,ATL,LB/OLB,"$90,000"
1990,nfl,2015,,Doug Worthington,STL,ED/DE,"$90,000"
1991,nfl,2015,1992,Chris Carter,BAL,LB/ILB,"$87,647"
1992,nfl,2015,,Chris Clemons,ARI,FS,"$87,647"
1993,nfl,2015,,Jacques McClendon,MIA,C,"$87,647"
1994,nfl,2015,,Greg Salas,BUF,WR,"$87,647"
1995,nfl,2015,,Shelley Smith,MIA,G,"$87,647"
1996,nfl,2015,1997,Travaris Cadet,NO,RB,"$77,647"
1997,nfl,2015,,DuJuan Harris,SF,RB,"$77,647"
1998,nfl,2015,,James-Michael Johnson,MIA,LB/OLB,"$77,647"
1999,nfl,2015,2000,Devonta Glover-Wright,IND,CB,"$76,764"
2000,nfl,2015,,Rannell Hall,CLE,WR,"$76,764"
2001,nfl,2015,,Kaleb Johnson,CLE,T,"$76,764"
2002,nfl,2015,,Taiwan Jones,NYJ,LB,"$76,764"
2003,nfl,2015,,Terrence Magee,BAL,RT,"$76,764"
2004,nfl,2015,,Tevin McDonald,OAK,FS,"$76,764"
2005,nfl,2015,,Raheem Mostert,CLE,RB,"$76,764"
2006,nfl,2015,,John Timu,CHI,LB/ILB,"$76,764"
2007,nfl,2015,,Louis Trinca-Pasat,STL,DL/DT,"$76,764"
2008,nfl,2015,,Max Valles,BUF,ED/DE,"$76,764"
2009,nfl,2015,,Keith Wenning,CIN,QB,"$76,764"
2010,nfl,2015,2011,Steven Jackson,NE,RB,"$68,823"
2011,nfl,2015,,Mike James,TB,RB,"$68,823"
2012,nfl,2015,,Chris Lewis-Harris,CIN,CB,"$68,823"
2013,nfl,2015,,Ryan Seymour,NO,G,"$68,823"
2014,nfl,2015,,Jerel Worthy,BUF,DL/DT,"$68,823"
2015,nfl,2015,2016,Tayo Fabuluje,CHI,RT,"$65,488"
2016,nfl,2015,2017,B.J. Daniels,HOU,WR,"$60,000"
2017,nfl,2015,,Seantavius Jones,NO,WR,"$60,000"
2018,nfl,2015,,John Lotulelei,OAK,LB/OLB,"$60,000"
2019,nfl,2015,,Tyler Patmon,MIA,CB,"$60,000"
2020,nfl,2015,,Walter Powell,BUF,WR,"$60,000"
2021,nfl,2015,,D'Anthony Smith,CHI,DL/DT,"$60,000"
2022,nfl,2015,2023,Brad Bars,NYG,ED/DE,"$51,176"
2023,nfl,2015,,Ben Edwards,NYG,WR,"$51,176"
2024,nfl,2015,,Chris Harper,NE,WR,"$51,176"
2025,nfl,2015,,Jarryd Hayne,SF,RB,"$51,176"
2026,nfl,2015,,Darius Jennings,CLE,WR,"$51,176"
2027,nfl,2015,,Marcel Jensen,WAS,TE,"$51,176"
2028,nfl,2015,,Matt LaCosse,NYG,TE,"$51,176"
2029,nfl,2015,,Dezmin Lewis,BUF,WR,"$51,176"
2030,nfl,2015,,Rick Lovato,GB,LS,"$51,176"
2031,nfl,2015,,Stephen Morris,IND,QB,"$51,176"
2032,nfl,2015,,Earl Okine,IND,DL/DE,"$51,176"
2033,nfl,2015,,Kelcy Quarles,IND,DL/DT,"$51,176"
2034,nfl,2015,,Jameill Showers,DAL,QB,"$51,176"
2035,nfl,2015,,Dreamius Smith,SD,RB,"$51,176"
2036,nfl,2015,,Evan Spencer,TB,WR,"$51,176"
2037,nfl,2015,,Alex Tanney,TEN,QB,"$51,176"
2038,nfl,2015,,Casey Walker,DAL,DL/DT,"$51,176"
2039,nfl,2015,,Jermaine Whitehead,BAL,FS,"$51,176"
2040,nfl,2015,,Kasen Williams,SEA,WR,"$51,176"
2041,nfl,2015,,Trey Williams,IND,RB,"$51,176"
2042,nfl,2015,2043,Josh Freeman,IND,QB,"$43,823"
2043,nfl,2015,,Leonard Hankerson,BUF,WR,"$43,823"
2044,nfl,2015,,Cassius Vaughn,SD,CB,"$43,823"
2045,nfl,2015,,Dekoda Watson,NE,LB/OLB,"$43,823"
2046,nfl,2015,2047,Ishmaa'ily Kitchen,NE,DL/DT,"$38,823"
2047,nfl,2015,,Ryan Lindley,IND,QB,"$38,823"
2048,nfl,2015,,Brandian Ross,SD,CB,"$38,823"
2049,nfl,2015,,Greg Scruggs,CHI,DL/DE,"$38,823"
2050,nfl,2015,,Joshua Thomas,DAL,CB,"$38,823"
2051,nfl,2015,2052,Matt Daniels,SD,FS,"$34,411"
2052,nfl,2015,,Pat Devlin,CLE,QB,"$34,411"
2053,nfl,2015,,Rodney Smith,DAL,WR,"$34,411"
2054,nfl,2015,,Nick Toon,STL,WR,"$34,411"
2055,nfl,2015,,Ross Ventrone,PIT,SS,"$34,411"
2056,nfl,2015,2057,Asante Cleveland,SD,TE,"$30,000"
2057,nfl,2015,,Cam Johnson,CLE,ED/OLB,"$30,000"
2058,nfl,2015,,Nico Johnson,NYG,LB/ILB,"$30,000"
2059,nfl,2015,,Dewey McDonald,OAK,LB/OLB,"$30,000"
2060,nfl,2015,,Sheldon Price,BAL,CB,"$30,000"
2061,nfl,2015,,Sammy Seamster,BUF,CB,"$30,000"
2062,nfl,2015,2063,Rashaun Allen,NO,TE,"$25,588"
2063,nfl,2015,,Richard Ash,JAX,DL/DT,"$25,588"
2064,nfl,2015,,Malcolm Brown,STL,RB,"$25,588"
2065,nfl,2015,,Braxston Cave,DET,C,"$25,588"
2066,nfl,2015,,SaQwan Edwards,OAK,CB,"$25,588"
2067,nfl,2015,,Darius Eubanks,TB,S,"$25,588"
2068,nfl,2015,,Randall Evans,PHI,CB,"$25,588"
2069,nfl,2015,,L.J. Fort,PIT,LB/ILB,"$25,588"
2070,nfl,2015,,Je'Ron Hamm,SF,WR,"$25,588"
2071,nfl,2015,,Jeremy Harris,WAS,CB,"$25,588"
2072,nfl,2015,,Amarlo Herrera,IND,LB/ILB,"$25,588"
2073,nfl,2015,,Troy Hill,STL,CB,"$25,588"
2074,nfl,2015,,Mike Hull,MIA,LB/ILB,"$25,588"
2075,nfl,2015,,Kerry Hyder,DET,ED/DE,"$25,588"
2076,nfl,2015,,Vince Mayle,DAL,WR,"$25,588"
2077,nfl,2015,,Kimario McFadden,TB,SS,"$25,588"
2078,nfl,2015,,Sean McGrath,SD,TE,"$25,588"
2079,nfl,2015,,Corey Moore,HOU,SS,"$25,588"
2080,nfl,2015,,Robert Myers,DEN,G,"$25,588"
2081,nfl,2015,,Merrill Noel,BUF,CB,"$25,588"
2082,nfl,2015,,Toben Opurum,NO,ED/DE,"$25,588"
2083,nfl,2015,,Tyler Ott,NYG,LS,"$25,588"
2084,nfl,2015,,Erik Swoope,IND,TE,"$25,588"
2085,nfl,2015,,D.J. Tialavea,ATL,TE,"$25,588"
2086,nfl,2015,,Tevin Westbrook,TB,TE,"$25,588"
2087,nfl,2015,,Terry Williams,CHI,DL/DT,"$25,588"
2088,nfl,2015,1,OL,,,18
2089,nfl,2015,2,QB,,,17
2090,nfl,2015,3,CB,,,13
2091,nfl,2015,4,ED,,,12
2092,nfl,2015,5,WR,,,11
2093,nfl,2015,6,DL,,,9
2094,nfl,2015,7,RB,,,6
2095,nfl,2015,8,TE,,,5
2096,nfl,2015,9,LB,,,5
2097,nfl,2015,10,S,,,4
2098,nfl,2015,1,CAR,,,5
2099,nfl,2015,2,DEN,,,5
2100,nfl,2015,3,HOU,,,5
2101,nfl,2015,4,SEA,,,5
2102,nfl,2015,5,ARI,,,4
2103,nfl,2015,6,CIN,,,4
2104,nfl,2015,7,CLE,,,4
2105,nfl,2015,8,GB,,,4
2106,nfl,2015,9,NYJ,,,4
2107,nfl,2015,10,MIA,,,4
2108,nfl,2015,11,SD,,,4
2109,nfl,2015,12,STL,,,4
2110,nfl,2015,13,BAL,,,3
2111,nfl,2015,14,CHI,,,3
2112,nfl,2015,15,DET,,,3
2113,nfl,2015,16,JAX,,,3
2114,nfl,2015,17,KC,,,3
2115,nfl,2015,18,MIN,,,3
2116,nfl,2015,19,NYG,,,3
2117,nfl,2015,20,PHI,,,3
2118,nfl,2015,21,SF,,,3
2119,nfl,2015,22,WAS,,,3
2120,nfl,2015,23,ATL,,,2
2121,nfl,2015,24,BUF,,,2
2122,nfl,2015,25,DAL,,,2
2123,nfl,2015,26,NE,,,2
2124,nfl,2015,27,OAK,,,2
2125,nfl,2015,28,PIT,,,2
2126,nfl,2015,29,TB,,,2
2127,nfl,2015,30,TEN,,,2
2128,nfl,2015,31,IND,,,1
2129,nfl,2015,32,NO,,,1
2130,nfl,2015,1,OL,,,18
2131,nfl,2015,2,QB,,,17
2132,nfl,2015,3,CB,,,13
2133,nfl,2015,4,ED,,,12
2134,nfl,2015,5,WR,,,11
2135,nfl,2015,6,DL,,,9
2136,nfl,2015,7,RB,,,6
2137,nfl,2015,8,TE,,,5
2138,nfl,2015,9,LB,,,5
2139,nfl,2015,10,S,,,4
2140,nfl,2015,1,CAR,,,5
2141,nfl,2015,2,DEN,,,5
2142,nfl,2015,3,HOU,,,5
2143,nfl,2015,4,SEA,,,5
2144,nfl,2015,5,ARI,,,4
2145,nfl,2015,6,CIN,,,4
2146,nfl,2015,7,CLE,,,4
2147,nfl,2015,8,GB,,,4
2148,nfl,2015,9,NYJ,,,4
2149,nfl,2015,10,MIA,,,4
2150,nfl,2015,11,SD,,,4
2151,nfl,2015,12,STL,,,4
2152,nfl,2015,13,BAL,,,3
2153,nfl,2015,14,CHI,,,3
2154,nfl,2015,15,DET,,,3
2155,nfl,2015,16,JAX,,,3
2156,nfl,2015,17,KC,,,3
2157,nfl,2015,18,MIN,,,3
2158,nfl,2015,19,NYG,,,3
2159,nfl,2015,20,PHI,,,3
2160,nfl,2015,21,SF,,,3
2161,nfl,2015,22,WAS,,,3
2162,nfl,2015,23,ATL,,,2
2163,nfl,2015,24,BUF,,,2
2164,nfl,2015,25,DAL,,,2
2165,nfl,2015,26,NE,,,2
2166,nfl,2015,27,OAK,,,2
2167,nfl,2015,28,PIT,,,2
2168,nfl,2015,29,TB,,,2
2169,nfl,2015,30,TEN,,,2
2170,nfl,2015,31,IND,,,1
2171,nfl,2015,32,NO,,,1
