,league,season,rank,player,team,position,salary
0,nfl,2025,1,Dak Prescott,DAL,QB,"$50,527,250"
1,nfl,2025,2,Matthew Stafford,LAR,QB,"$47,468,556"
2,nfl,2025,3,Joe Burrow,CIN,QB,"$46,004,509"
3,nfl,2025,4,Lamar Jackson,BAL,QB,"$43,500,000"
4,nfl,2025,5,Kyler Murray,ARI,QB,"$43,325,677"
5,nfl,2025,6,Geno Smith,LV,QB,"$40,010,080"
6,nfl,2025,7,Kirk Cousins,ATL,QB,"$40,000,000"
7,nfl,2025,8,Tua Tagovailoa,MIA,QB,"$39,313,647"
8,nfl,2025,9,Maxx Crosby,LV,ED/DE,"$38,301,330"
9,nfl,2025,10,Justin Herbert,LAC,QB,"$37,354,495"
10,nfl,2025,11,Josh Allen,BUF,QB,"$36,338,431"
11,nfl,2025,12,Deshaun Watson,CLE,QB,"$35,978,759"
12,nfl,2025,13,Jared Goff,DET,QB,"$32,608,820"
13,nfl,2025,14,Jordan Love,GB,QB,"$29,722,437"
14,nfl,2025,15,Patrick Mahomes,KC,QB,"$28,062,269"
15,nfl,2025,16,Calvin Ridley,TEN,WR,"$28,007,560"
16,nfl,2025,17,Tyreek Hill,MIA,WR,"$27,698,750"
17,nfl,2025,18,Jawaan Taylor,KC,RT,"$27,391,666"
18,nfl,2025,19,DeForest Buckner,IND,DL/DT,"$26,607,560"
19,nfl,2025,20,Baker Mayfield,TB,QB,"$26,478,780"
20,nfl,2025,21,Brian O'Neill,MIN,RT,"$26,019,114"
21,nfl,2025,22,Rashan Gary,GB,ED/DE,"$25,771,138"
22,nfl,2025,23,Mike Evans,TB,WR,"$25,358,000"
23,nfl,2025,24,Trey Hendrickson,CIN,ED/DE,"$25,166,668"
24,nfl,2025,25,Montez Sweat,CHI,ED/DE,"$25,085,294"
25,nfl,2025,26,Daron Payne,WAS,DL/DT,"$25,083,333"
26,nfl,2025,27,D.J. Moore,CHI,WR,"$24,900,000"
27,nfl,2025,28,Tee Higgins,CIN,WR,"$24,414,706"
28,nfl,2025,29,Dexter Lawrence,NYG,DL/DT,"$23,958,130"
29,nfl,2025,30,Derwin James,LAC,S,"$23,865,314"
30,nfl,2025,31,Mike McGlinchey,DEN,RT,"$23,783,190"
31,nfl,2025,32,Taylor Moton,CAR,RT,"$23,640,418"
32,nfl,2025,33,Chris Jones,KC,DL/DT,"$23,600,000"
33,nfl,2025,34,T.J. Watt,PIT,ED/OLB,"$23,368,694"
34,nfl,2025,35,Ja'Marr Chase,CIN,WR,"$23,121,667"
35,nfl,2025,36,Taylor Decker,DET,LT,"$23,100,520"
36,nfl,2025,37,Michael Pittman Jr.,IND,WR,"$23,008,820"
37,nfl,2025,38,Jeffery Simmons,TEN,DL/DT,"$22,981,431"
38,nfl,2025,39,Myles Garrett,CLE,ED/DE,"$22,922,120"
39,nfl,2025,40,Cameron Heyward,PIT,DL/DE,"$22,852,520"
40,nfl,2025,41,Quenton Nelson,IND,G,"$22,770,619"
41,nfl,2025,42,L'Jarius Sneed,TEN,CB,"$22,662,372"
42,nfl,2025,43,Vita Vea,TB,DL/DT,"$22,523,889"
43,nfl,2025,44,Jonathan Greenard,MIN,ED/OLB,"$22,303,780"
44,nfl,2025,45,Jalen Hurts,PHI,QB,"$21,877,360"
45,nfl,2025,46,Robert Hunt,CAR,G,"$21,650,000"
46,nfl,2025,47,Trent Williams,SF,LT/T,"$21,406,661"
47,nfl,2025,48,Mike Onwenu,NE,G,"$21,008,820"
48,nfl,2025,49,Nick Bosa,SF,ED/DE,"$20,438,430"
49,nfl,2025,50,Danielle Hunter,HOU,ED/DE,"$20,200,000"
50,nfl,2025,51,Travis Kelce,KC,TE,"$19,801,946"
51,nfl,2025,52,Derrick Brown,CAR,DL/DE,"$19,540,000"
52,nfl,2025,53,Alex Highsmith,PIT,ED/OLB,"$18,605,780"
53,nfl,2025,54,Kolton Miller,LV,LT,"$18,552,560"
54,nfl,2025,55,Lane Johnson,PHI,RT/T,"$18,412,000"
55,nfl,2025,56,Terence Steele,DAL,RT,"$18,135,080"
56,nfl,2025,57,Khalil Mack,LAC,ED/OLB,"$18,008,820"
57,nfl,2025,58,Marshon Lattimore,WAS,CB,"$18,001,260"
58,nfl,2025,59,Kevin Dotson,LAR,G,"$17,923,597"
59,nfl,2025,60,Xavier McKinney,GB,S,"$17,850,000"
60,nfl,2025,61,Mark Andrews,BAL,TE,"$17,841,095"
61,nfl,2025,62,Brian Burns,NYG,ED/OLB,"$17,750,000"
62,nfl,2025,63,Patrick Queen,PIT,LB/ILB,"$17,697,113"
63,nfl,2025,64,Elgton Jenkins,GB,C,"$17,600,000"
64,nfl,2025,65,A.J. Brown,PHI,WR,"$17,523,497"
65,nfl,2025,66,Tremaine Edmunds,CHI,LB/ILB,"$17,437,500"
66,nfl,2025,67,Terry McLaurin,WAS,WR,"$17,257,245"
67,nfl,2025,68,Trevor Lawrence,JAX,QB,"$17,000,000"
68,nfl,2025,69,David Onyemata,ATL,DL/DE,"$16,933,190"
69,nfl,2025,70,T.J. Hockenson,MIN,TE,"$16,796,176"
70,nfl,2025,71,Nnamdi Madubuike,BAL,DL/DE,"$16,475,000"
71,nfl,2025,72,Jonah Williams,ARI,RT,"$16,150,000"
72,nfl,2025,73,Fred Warner,SF,LB/ILB,"$16,058,000"
73,nfl,2025,74,Roquan Smith,BAL,LB/ILB,"$15,720,955"
74,nfl,2025,75,Jonathan Taylor,IND,RB,"$15,564,520"
75,nfl,2025,76,Joshua Hines-Allen,JAX,ED/DE,"$15,400,000"
76,nfl,2025,77,CeeDee Lamb,DAL,WR,"$15,339,913"
77,nfl,2025,78,Alijah Vera-Tucker,NYJ,G,"$15,322,450"
78,nfl,2025,79,Orlando Brown Jr.,CIN,LT,"$15,298,000"
79,nfl,2025,80,Jordan Mailata,PHI,LT,"$15,235,233"
80,nfl,2025,81,Justin Jefferson,MIN,WR,"$15,167,600"
81,nfl,2025,82,Christian Barmore,NE,DL/DT,"$15,109,450"
82,nfl,2025,83,Leonard Williams,SEA,DL/DE,"$15,044,715"
83,nfl,2025,84,Rashawn Slater,LAC,LT,"$14,800,000"
84,nfl,2025,85,Denzel Ward,CLE,CB,"$14,792,211"
85,nfl,2025,86,Jonah Jackson,CHI,G,"$14,760,080"
86,nfl,2025,87,Daniel Jones,IND,QB,"$14,608,820"
87,nfl,2025,88,Damien Lewis,CAR,G,"$14,570,000"
88,nfl,2025,89,Dawson Knox,BUF,TE,"$14,568,000"
89,nfl,2025,90,Bradley Chubb,MIA,ED/DE,"$14,527,739"
90,nfl,2025,91,Kaleb McGary,ATL,RT,"$14,478,505"
91,nfl,2025,92,Lloyd Cushenberry,TEN,C,"$14,473,820"
92,nfl,2025,93,Bobby Okereke,NYG,LB,"$14,463,333"
93,nfl,2025,94,Zach Allen,DEN,DL/DE,"$14,377,520"
94,nfl,2025,95,Aidan Hutchinson,DET,ED/DE,"$14,368,391"
95,nfl,2025,96,Wyatt Teller,CLE,G,"$14,346,566"
96,nfl,2025,97,Grover Stewart,IND,DL/DT,"$14,258,820"
97,nfl,2025,98,Taysom Hill,NO,TE,"$14,236,500"
98,nfl,2025,99,George Kittle,SF,TE,"$14,231,842"
99,nfl,2025,100,Aaron Rodgers,PIT,QB,"$14,150,000"
100,nfl,2025,101,Milton Williams,NE,DL/DE,"$14,009,765"
101,nfl,2025,102,Drew Dalman,CHI,C,"$14,000,000"
102,nfl,2025,103,Ronnie Stanley,BAL,LT/T,"$13,972,250"
103,nfl,2025,104,Amon-Ra St. Brown,DET,WR,"$13,910,000"
104,nfl,2025,105,Courtland Sutton,DEN,WR,"$13,908,190"
105,nfl,2025,106,Jalen Thompson,ARI,S,"$13,736,570"
106,nfl,2025,107,Haason Reddick,TB,ED/OLB,"$13,530,673"
107,nfl,2025,108,Trey Smith,KC,G,"$13,514,166"
108,nfl,2025,109,Sam Darnold,SEA,QB,"$13,400,000"
109,nfl,2025,110,Kwity Paye,IND,ED/DE,"$13,395,820"
110,nfl,2025,111,Jake Matthews,ATL,LT,"$13,282,218"
111,nfl,2025,112,Garett Bolles,DEN,LT,"$13,005,670"
112,nfl,2025,113,Chris Godwin,TB,WR,"$12,944,300"
113,nfl,2025,114,D.J. Reader,DET,DL/DT,"$12,933,000"
114,nfl,2025,115,Jaylon Johnson,CHI,CB,"$12,902,520"
115,nfl,2025,116,Pat Freiermuth,PIT,TE,"$12,893,820"
116,nfl,2025,117,Jamel Dean,TB,CB,"$12,720,592"
117,nfl,2025,118,Frankie Luvu,WAS,LB,"$12,540,000"
118,nfl,2025,119,Uchenna Nwosu,SEA,ED/OLB,"$12,450,853"
119,nfl,2025,120,Matt Milano,BUF,LB/OLB,"$12,388,500"
120,nfl,2025,121,Jessie Bates III,ATL,S,"$12,258,505"
121,nfl,2025,,Chris Lindstrom,ATL,G,"$12,258,505"
122,nfl,2025,123,Dion Dawkins,BUF,LT,"$12,147,833"
123,nfl,2025,124,Derek Stingley Jr.,HOU,CB,"$12,034,637"
124,nfl,2025,125,Davante Adams,LAR,WR,"$12,006,930"
125,nfl,2025,126,Carlton Davis,NE,CB,"$12,001,890"
126,nfl,2025,127,Marlon Humphrey,BAL,CB,"$11,983,690"
127,nfl,2025,128,Joel Bitonio,CLE,G,"$11,935,615"
128,nfl,2025,129,Travon Walker,JAX,ED/DE,"$11,901,370"
129,nfl,2025,130,Jon Runyan,NYG,G,"$11,750,000"
130,nfl,2025,131,Cole Kmet,CHI,TE,"$11,600,000"
131,nfl,2025,132,Tytus Howard,HOU,RT/G,"$11,588,518"
132,nfl,2025,133,Hunter Henry,NE,TE,"$11,509,765"
133,nfl,2025,134,Tristan Wirfs,TB,LT,"$11,506,142"
134,nfl,2025,135,David Njoku,CLE,TE,"$11,494,882"
135,nfl,2025,136,Andrew Van Ginkel,MIN,ED/OLB,"$11,400,000"
136,nfl,2025,137,Rob Havenstein,LAR,RT,"$11,380,040"
137,nfl,2025,138,Josh Jacobs,GB,RB,"$11,325,000"
138,nfl,2025,139,Ed Oliver,BUF,DL/DT,"$11,241,890"
139,nfl,2025,140,Jaylon Moore,KC,RT,"$11,195,000"
140,nfl,2025,141,Malcolm Koonce,LV,ED/DE,"$11,050,080"
141,nfl,2025,142,Russell Wilson,NYG,QB,"$11,029,412"
142,nfl,2025,143,D.K. Metcalf,PIT,WR,"$11,002,520"
143,nfl,2025,144,Samson Ebukam,IND,ED/DE,"$10,917,560"
144,nfl,2025,145,Kyle Pitts,ATL,TE,"$10,885,560"
145,nfl,2025,146,Dan Moore,TEN,LT,"$10,883,505"
146,nfl,2025,147,Budda Baker,ARI,S,"$10,801,250"
147,nfl,2025,148,Creed Humphrey,KC,C,"$10,790,000"
148,nfl,2025,149,Dallas Goedert,PHI,TE,"$10,720,133"
149,nfl,2025,150,Braden Smith,IND,RT,"$10,528,820"
150,nfl,2025,151,Stefon Diggs,NE,WR,"$10,501,260"
151,nfl,2025,152,Samuel Cosmi,WAS,G,"$10,500,000"
152,nfl,2025,153,Foyesade Oluokun,JAX,LB,"$10,486,000"
153,nfl,2025,154,Bryce Young,CAR,QB,"$10,360,203"
154,nfl,2025,155,Byron Murphy,MIN,CB,"$10,330,000"
155,nfl,2025,156,Isaac Seumalo,PIT,G,"$10,197,968"
156,nfl,2025,157,Dorance Armstrong,WAS,ED/DE,"$10,180,000"
157,nfl,2025,158,TuTu Atwell,LAR,WR,"$10,009,450"
158,nfl,2025,159,Leonard Floyd,ATL,ED/OLB,"$10,005,670"
159,nfl,2025,160,John Franklin-Myers,DEN,DL/DE,"$10,000,000"
160,nfl,2025,161,Kayvon Thibodeaux,NYG,ED/OLB,"$9,980,648"
161,nfl,2025,162,Micah Parsons,GB,ED/DE,"$9,970,000"
162,nfl,2025,163,C.J. Stroud,HOU,QB,"$9,903,159"
163,nfl,2025,164,Harrison Smith,MIN,S,"$9,903,068"
164,nfl,2025,165,Christian Darrisaw,MIN,LT,"$9,858,235"
165,nfl,2025,166,Colby Parkinson,LAR,TE,"$9,843,413"
166,nfl,2025,167,Cameron Jordan,NO,DL/DE,"$9,778,150"
167,nfl,2025,168,Alvin Kamara,NO,RB,"$9,708,471"
168,nfl,2025,169,Brandon Aiyuk,SF,WR,"$9,663,405"
169,nfl,2025,170,A'Shawn Robinson,CAR,DL/DE,"$9,655,000"
170,nfl,2025,171,Amani Hooker,TEN,S,"$9,620,020"
171,nfl,2025,172,Will Anderson,HOU,ED/DE,"$9,612,318"
172,nfl,2025,173,Trey McBride,ARI,TE,"$9,594,393"
173,nfl,2025,174,Odafe Oweh,LAC,ED/OLB,"$9,570,171"
174,nfl,2025,175,Penei Sewell,DET,RT,"$9,548,505"
175,nfl,2025,176,Cooper Kupp,SEA,WR,"$9,478,820"
176,nfl,2025,177,Yetur Gross-Matos,SF,ED/DE,"$9,473,000"
177,nfl,2025,178,Joe Mixon,HOU,RB,"$9,420,270"
178,nfl,2025,179,DaQuan Jones,BUF,DL/DT,"$9,410,520"
179,nfl,2025,180,Connor McGovern,BUF,C,"$9,385,000"
180,nfl,2025,181,D'Andre Swift,CHI,RB,"$9,333,333"
181,nfl,2025,182,Andrew Thomas,NYG,LT,"$9,315,706"
182,nfl,2025,183,Arden Key,TEN,ED/OLB,"$9,285,294"
183,nfl,2025,184,Anthony Richardson,IND,QB,"$9,279,919"
184,nfl,2025,185,Trey Pipkins,LAC,RT,"$9,258,505"
185,nfl,2025,186,Paulson Adebo,NYG,CB,"$9,248,279"
186,nfl,2025,187,Jermaine Eluemunor,NYG,RT,"$9,220,588"
187,nfl,2025,188,Tyler Higbee,LAR,TE,"$9,199,601"
188,nfl,2025,189,Tyler Biadasz,WAS,C,"$9,185,294"
189,nfl,2025,190,Darious Williams,LAR,CB,"$9,176,746"
190,nfl,2025,191,Jauan Jennings,SF,WR,"$9,139,300"
191,nfl,2025,192,Antoine Winfield Jr.,TB,S,"$9,138,835"
192,nfl,2025,193,Brock Purdy,SF,QB,"$9,128,073"
193,nfl,2025,194,Aaron Banks,GB,G,"$9,091,176"
194,nfl,2025,195,Curtis Samuel,BUF,WR,"$9,065,000"
195,nfl,2025,196,Brandon Jones,DEN,S,"$9,062,153"
196,nfl,2025,197,Charvarius Ward,IND,CB,"$9,030,131"
197,nfl,2025,198,Robert Spillane,NE,LB,"$9,010,080"
198,nfl,2025,199,A.J. Terrell,ATL,CB,"$9,008,820"
199,nfl,2025,200,Lavonte David,TB,LB/ILB,"$9,001,260"
200,nfl,2025,201,Bobby Wagner,WAS,LB/ILB,"$9,000,000"
201,nfl,2025,202,Kevin Zeitler,TEN,G,"$8,987,520"
202,nfl,2025,203,Caleb Williams,CHI,QB,"$8,984,506"
203,nfl,2025,204,Cameron Ward,TEN,QB,"$8,884,114"
204,nfl,2025,205,Ikem Ekwonu,CAR,LT,"$8,780,472"
205,nfl,2025,206,DaVon Hamilton,JAX,DL/DT,"$8,752,800"
206,nfl,2025,207,Christian McCaffrey,SF,RB,"$8,751,472"
207,nfl,2025,208,Kyle Hamilton,BAL,S,"$8,733,620"
208,nfl,2025,209,Devon Witherspoon,SEA,CB,"$8,697,910"
209,nfl,2025,210,Nico Collins,HOU,WR,"$8,696,295"
210,nfl,2025,211,B.J. Hill,CIN,DL/DT,"$8,666,667"
211,nfl,2025,212,Donovan Wilson,DAL,S,"$8,658,820"
212,nfl,2025,213,Jayden Daniels,WAS,QB,"$8,588,549"
213,nfl,2025,214,Harold Landry,NE,ED/OLB,"$8,509,450"
214,nfl,2025,215,Kaden Elliss,ATL,LB/ILB,"$8,508,820"
215,nfl,2025,,Tony Pollard,TEN,RB,"$8,508,820"
216,nfl,2025,217,Kevin Byard,CHI,S,"$8,500,000"
217,nfl,2025,,Drue Tranquill,KC,LB,"$8,500,000"
218,nfl,2025,219,Derrick Henry,BAL,RB,"$8,499,000"
219,nfl,2025,220,Travis Hunter,JAX,WR/CB,"$8,486,164"
220,nfl,2025,221,Darnell Mooney,ATL,WR,"$8,485,040"
221,nfl,2025,222,Javon Hargrave,MIN,DL/DT,"$8,458,382"
222,nfl,2025,223,Alaric Jackson,LAR,LT,"$8,456,615"
223,nfl,2025,224,Quincy Williams,NYJ,LB,"$8,431,930"
224,nfl,2025,225,Aaron Jones,MIN,RB,"$8,400,000"
225,nfl,2025,226,David Montgomery,DET,RB,"$8,376,818"
226,nfl,2025,227,Patrick Surtain II,DEN,CB,"$8,371,260"
227,nfl,2025,228,Erik McCoy,NO,C,"$8,360,765"
228,nfl,2025,229,Quinnen Williams,DAL,DL/DT,"$8,342,647"
229,nfl,2025,230,Drake Maye,NE,QB,"$8,336,984"
230,nfl,2025,231,DeMarcus Lawrence,SEA,ED/OLB,"$8,286,483"
231,nfl,2025,232,D.J. Wonnum,CAR,ED/OLB,"$8,275,000"
232,nfl,2025,233,Abdul Carter,NYG,ED/OLB,"$8,232,561"
233,nfl,2025,234,Spencer Brown,BUF,RT,"$8,181,000"
234,nfl,2025,235,Jonathon Cooper,DEN,ED/OLB,"$8,153,820"
235,nfl,2025,236,Marcus Mariota,WAS,QB,"$8,140,000"
236,nfl,2025,237,Michael Danna,KC,ED/DE,"$8,106,666"
237,nfl,2025,238,Dyami Brown,JAX,WR,"$8,061,294"
238,nfl,2025,239,Marvin Harrison Jr.,ARI,WR,"$8,048,534"
239,nfl,2025,240,Justin Fields,NYJ,QB,"$8,010,080"
240,nfl,2025,241,Dayo Odeyingbo,CHI,ED/DE,"$8,000,000"
241,nfl,2025,,Joe Thuney,CHI,G,"$8,000,000"
242,nfl,2025,243,Jerry Jeudy,CLE,WR,"$7,979,725"
243,nfl,2025,244,Bryce Huff,SF,ED/DE,"$7,950,945"
244,nfl,2025,245,Will Campbell,NE,LT,"$7,943,715"
245,nfl,2025,246,Jaylen Waddle,MIA,WR,"$7,925,434"
246,nfl,2025,247,Zach Sieler,MIA,DL/DT,"$7,862,985"
247,nfl,2025,248,Bilal Nichols,ARI,ED/DE,"$7,830,000"
248,nfl,2025,249,Evan Neal,NYG,G,"$7,821,844"
249,nfl,2025,250,Jordyn Brooks,MIA,LB,"$7,801,334"
250,nfl,2025,251,Ethan Pocic,CLE,C,"$7,772,190"
251,nfl,2025,252,Malik Hooker,DAL,S,"$7,758,505"
252,nfl,2025,253,Jevon Holland,NYG,S,"$7,747,844"
253,nfl,2025,254,Dalvin Tomlinson,ARI,DL/DT,"$7,700,000"
254,nfl,2025,255,Mike Gesicki,CIN,TE,"$7,666,666"
255,nfl,2025,256,Paris Johnson,ARI,LT,"$7,659,490"
256,nfl,2025,257,Joe Alt,LAC,LT,"$7,545,398"
257,nfl,2025,258,DeVonta Smith,PHI,WR,"$7,527,030"
258,nfl,2025,259,Kenneth Murray,DAL,LB,"$7,509,135"
259,nfl,2025,260,Zaire Franklin,IND,LB/OLB,"$7,507,560"
260,nfl,2025,261,A.J. Epenesa,BUF,ED/DE,"$7,487,000"
261,nfl,2025,262,Alex Anzalone,DET,LB/OLB,"$7,450,000"
262,nfl,2025,263,John Simpson,NYJ,G,"$7,449,450"
263,nfl,2025,264,Graham Glasgow,DET,C,"$7,445,690"
264,nfl,2025,265,Mason Graham,CLE,DL/DT,"$7,435,696"
265,nfl,2025,266,Jameson Williams,DET,WR,"$7,426,055"
266,nfl,2025,267,Arik Armstead,JAX,DL/DT,"$7,400,000"
267,nfl,2025,268,Zach Tom,GB,RT,"$7,380,905"
268,nfl,2025,269,Jaycee Horn,CAR,CB,"$7,350,400"
269,nfl,2025,270,Mekhi Becton,LAC,G,"$7,327,560"
270,nfl,2025,271,Alex Singleton,DEN,LB,"$7,312,154"
271,nfl,2025,272,Josh Sweat,ARI,ED/DE,"$7,301,260"
272,nfl,2025,273,Blake Cashman,MIN,LB,"$7,236,765"
273,nfl,2025,274,Tyquan Lewis,IND,ED/DE,"$7,178,820"
274,nfl,2025,275,Trevon Moehrig,CAR,S,"$7,135,000"
275,nfl,2025,276,Garrett Wilson,NYJ,WR,"$7,040,912"
276,nfl,2025,277,Kalif Raymond,DET,WR,"$7,040,000"
277,nfl,2025,278,Camryn Bynum,IND,S,"$7,013,465"
278,nfl,2025,279,Kristian Fulton,KC,CB,"$7,000,000"
279,nfl,2025,,Grady Jarrett,CHI,DL/DT,"$7,000,000"
280,nfl,2025,281,Marquise Brown,KC,WR,"$6,985,294"
281,nfl,2025,282,Darius Slayton,NYG,WR,"$6,970,593"
282,nfl,2025,283,Demario Davis,NO,LB/ILB,"$6,929,930"
283,nfl,2025,284,Kenny Moore,IND,CB,"$6,898,820"
284,nfl,2025,285,Jonathan Allen,MIN,DL/DT,"$6,871,667"
285,nfl,2025,286,Drake London,ATL,WR,"$6,860,383"
286,nfl,2025,287,Chase Young,NO,ED/OLB,"$6,846,725"
287,nfl,2025,288,Keisean Nixon,GB,CB,"$6,841,666"
288,nfl,2025,289,Tyree Wilson,LV,ED/DE,"$6,829,447"
289,nfl,2025,290,Jason Myers,SEA,K,"$6,828,465"
290,nfl,2025,291,Charles Cross,SEA,LT,"$6,812,701"
291,nfl,2025,292,Tyrod Taylor,NYJ,QB,"$6,809,765"
292,nfl,2025,293,Laremy Tunsil,WAS,LT,"$6,801,260"
293,nfl,2025,294,Ted Karras,CIN,C,"$6,800,000"
294,nfl,2025,295,Walker Little,JAX,LT,"$6,706,064"
295,nfl,2025,296,Denico Autry,HOU,ED/DE,"$6,705,882"
296,nfl,2025,297,Andrew Wylie,WAS,RT,"$6,666,668"
297,nfl,2025,298,Saquon Barkley,PHI,RB,"$6,661,000"
298,nfl,2025,299,Malik Nabers,NYG,WR,"$6,646,315"
299,nfl,2025,300,Jeremy Chinn,LV,S,"$6,639,080"
300,nfl,2025,301,D.J. Jones,DEN,DL/DT,"$6,601,890"
301,nfl,2025,302,Kyle Van Noy,BAL,ED/OLB,"$6,595,588"
302,nfl,2025,303,George Karlaftis,KC,ED/DE,"$6,573,906"
303,nfl,2025,304,Landon Dickerson,PHI,G,"$6,553,000"
304,nfl,2025,305,Tershawn Wharton,CAR,DL/DE,"$6,533,333"
305,nfl,2025,306,Ashton Jeanty,LV,RB,"$6,529,731"
306,nfl,2025,307,Sebastian Joseph,TEN,DL/DT,"$6,508,505"
307,nfl,2025,308,Nick Bolton,KC,LB/ILB,"$6,500,000"
308,nfl,2025,,Joseph Ossai,CIN,ED/DE,"$6,500,000"
309,nfl,2025,310,Carl Granderson,NO,ED/OLB,"$6,486,410"
310,nfl,2025,311,James Conner,ARI,RB,"$6,470,000"
311,nfl,2025,312,Amik Robertson,DET,CB,"$6,400,000"
312,nfl,2025,,Geno Stone,CIN,S,"$6,400,000"
313,nfl,2025,314,Kyren Williams,LAR,RB,"$6,337,681"
314,nfl,2025,315,Patrick Mekari,JAX,G,"$6,333,333"
315,nfl,2025,316,Taron Johnson,BUF,CB,"$6,316,666"
316,nfl,2025,317,Osa Odighizuwa,DAL,DL/DT,"$6,260,080"
317,nfl,2025,318,Zach Ertz,WAS,TE,"$6,250,000"
318,nfl,2025,,Devin Singletary,NYG,RB,"$6,250,000"
319,nfl,2025,320,Dalton Schultz,HOU,TE,"$6,212,820"
320,nfl,2025,321,Tyler Smith,DAL,G,"$6,198,954"
321,nfl,2025,322,Dre Greenlaw,DEN,LB/ILB,"$6,172,394"
322,nfl,2025,323,Travis Etienne,JAX,RB,"$6,152,765"
323,nfl,2025,324,Evan Engram,DEN,TE,"$6,145,172"
324,nfl,2025,325,Alim McNeill,DET,DL/DT,"$6,141,040"
325,nfl,2025,326,Chris Olave,NO,WR,"$6,140,464"
326,nfl,2025,327,Julian Love,SEA,S,"$6,120,132"
327,nfl,2025,328,Von Miller,WAS,LB/OLB,"$6,100,000"
328,nfl,2025,329,Zaven Collins,ARI,ED/DE,"$6,063,820"
329,nfl,2025,330,Dante Fowler Jr.,DAL,ED/DE,"$6,007,875"
330,nfl,2025,331,Calais Campbell,ARI,DL/DT,"$6,000,000"
331,nfl,2025,,Will Fries,MIN,G,"$6,000,000"
332,nfl,2025,333,Bijan Robinson,ATL,RB,"$5,997,513"
333,nfl,2025,334,Nate Hobbs,GB,CB,"$5,988,235"
334,nfl,2025,335,Grant Delpit,CLE,S,"$5,987,465"
335,nfl,2025,336,JC Latham,TEN,RT,"$5,928,181"
336,nfl,2025,337,Deommodore Lenoir,SF,CB,"$5,920,000"
337,nfl,2025,338,Jalen Carter,PHI,DL/DT,"$5,898,735"
338,nfl,2025,339,Greg Rousseau,BUF,ED/DE,"$5,885,505"
339,nfl,2025,340,Will Dissly,LAC,TE,"$5,881,300"
340,nfl,2025,341,Bernhard Raimann,IND,LT,"$5,879,013"
341,nfl,2025,342,Cesar Ruiz,NO,G,"$5,875,765"
342,nfl,2025,343,Nik Bonitto,DEN,ED/OLB,"$5,858,079"
343,nfl,2025,344,DaRon Bland,DAL,CB,"$5,831,962"
344,nfl,2025,345,Jourdan Lewis,JAX,CB,"$5,818,627"
345,nfl,2025,346,Armand Membou,NYJ,RT,"$5,806,246"
346,nfl,2025,347,Wil Lutz,DEN,K,"$5,793,911"
347,nfl,2025,348,Chuba Hubbard,CAR,RB,"$5,756,100"
348,nfl,2025,349,Austin Jackson,MIA,RT,"$5,749,116"
349,nfl,2025,350,Darnell Wright,CHI,RT,"$5,728,698"
350,nfl,2025,351,Austin Corbett,CAR,C,"$5,715,423"
351,nfl,2025,352,Graham Gano,NYG,K,"$5,665,945"
352,nfl,2025,353,Brandon Graham,PHI,DL/DE,"$5,662,444"
353,nfl,2025,354,Jack Conklin,CLE,RT,"$5,629,818"
354,nfl,2025,355,Ryan Kelly,MIN,C,"$5,569,559"
355,nfl,2025,356,Rhamondre Stevenson,NE,RB,"$5,543,696"
356,nfl,2025,357,Quinn Meinerz,DEN,G,"$5,530,985"
357,nfl,2025,358,Baron Browning,ARI,LB/OLB,"$5,525,000"
358,nfl,2025,359,Jonathan Jones,WAS,CB,"$5,500,000"
359,nfl,2025,360,Jalen Pitre,HOU,CB/NB,"$5,499,350"
360,nfl,2025,361,Jahlani Tavai,NE,LB/ILB,"$5,452,570"
361,nfl,2025,362,Tedarrell Slaton,CIN,DL/DT,"$5,440,000"
362,nfl,2025,363,Tariq Woolen,SEA,CB,"$5,437,244"
363,nfl,2025,364,Ezra Cleveland,JAX,G,"$5,420,588"
364,nfl,2025,365,Azeez Al-Shaair,HOU,LB,"$5,415,408"
365,nfl,2025,366,Travis Jones,BAL,DL/DT,"$5,413,128"
366,nfl,2025,367,Jordan Davis,PHI,DL/DT,"$5,408,606"
367,nfl,2025,368,Peter Skoronski,TEN,G,"$5,374,271"
368,nfl,2025,369,Joey Bosa,BUF,ED/DE,"$5,355,985"
369,nfl,2025,370,T.J. Edwards,CHI,LB/OLB,"$5,333,333"
370,nfl,2025,371,Anfernee Jennings,NE,ED/OLB,"$5,315,017"
371,nfl,2025,372,Jacoby Brissett,ARI,QB,"$5,310,000"
372,nfl,2025,373,Jake Brendel,SF,C,"$5,305,000"
373,nfl,2025,374,Javon Kinlaw,WAS,DL/DT,"$5,300,000"
374,nfl,2025,375,Ernest Jones,SEA,LB/ILB,"$5,291,838"
375,nfl,2025,376,Keenan Allen,LAC,WR,"$5,270,000"
376,nfl,2025,377,Najee Harris,LAC,RB,"$5,258,190"
377,nfl,2025,378,Juwan Johnson,NO,TE,"$5,254,765"
378,nfl,2025,379,Harrison Butker,KC,K,"$5,235,000"
379,nfl,2025,380,Jakobi Meyers,JAX,WR,"$5,230,000"
380,nfl,2025,381,P.J. Locke,DEN,S,"$5,228,820"
381,nfl,2025,382,Michael Penix Jr.,ATL,QB,"$5,209,419"
382,nfl,2025,383,Deebo Samuel,WAS,WR,"$5,181,105"
383,nfl,2025,384,Rome Odunze,CHI,WR,"$5,174,739"
384,nfl,2025,385,Daniel Carlson,LV,K,"$5,159,765"
385,nfl,2025,386,Jonnu Smith,PIT,TE,"$5,127,500"
386,nfl,2025,387,Poona Ford,LAR,DL/DT,"$5,093,413"
387,nfl,2025,388,Tet McMillan,CAR,WR,"$5,081,795"
388,nfl,2025,389,Bradley Bozeman,LAC,C/G,"$5,073,820"
389,nfl,2025,390,Kelvin Banks Jr.,NO,LT,"$5,045,265"
390,nfl,2025,391,Rakeem Nunez-Roches,NYG,DL/DT,"$5,040,894"
391,nfl,2025,392,Alex Cappa,LV,G,"$5,018,820"
392,nfl,2025,393,Jamien Sherwood,NYJ,LB/ILB,"$5,010,080"
393,nfl,2025,394,Austin Hooper,NE,TE,"$5,008,820"
394,nfl,2025,395,Jarran Reed,SEA,DL/DT,"$5,003,150"
395,nfl,2025,396,Evan Brown,ARI,G,"$5,000,000"
396,nfl,2025,397,Christian Kirk,HOU,WR,"$4,994,858"
397,nfl,2025,398,J.J. McCarthy,MIN,QB,"$4,975,819"
398,nfl,2025,399,Darrell Taylor,HOU,ED/DE,"$4,975,313"
399,nfl,2025,400,Austin Ekeler,WAS,RB,"$4,960,000"
400,nfl,2025,401,Mack Wilson,ARI,LB/ILB,"$4,956,667"
401,nfl,2025,402,Divine Deablo,ATL,LB/ILB,"$4,948,820"
402,nfl,2025,403,Noah Gray,KC,TE,"$4,911,000"
403,nfl,2025,404,A.J. Cole,LV,P,"$4,909,450"
404,nfl,2025,405,David Edwards,BUF,G/T,"$4,905,000"
405,nfl,2025,406,Jalen Ramsey,PIT,CB,"$4,904,000"
406,nfl,2025,407,Patrick Jones,CAR,ED/OLB,"$4,885,000"
407,nfl,2025,408,Jahmyr Gibbs,DET,RB,"$4,873,156"
408,nfl,2025,409,Alec Ingold,MIA,FB,"$4,863,505"
409,nfl,2025,410,Christian Elliss,NE,LB,"$4,850,505"
410,nfl,2025,411,Colston Loveland,CHI,TE,"$4,846,452"
411,nfl,2025,412,Michael Dickson,SEA,P,"$4,801,260"
412,nfl,2025,413,Kamren Curl,LAR,S,"$4,760,080"
413,nfl,2025,414,Lukas Van Ness,GB,ED/DE,"$4,751,027"
414,nfl,2025,415,Jason Sanders,MIA,K,"$4,740,005"
415,nfl,2025,416,Josh Metellus,MIN,S,"$4,730,000"
416,nfl,2025,417,D.J. Reed,DET,CB,"$4,727,040"
417,nfl,2025,418,Chris Boswell,PIT,K,"$4,721,260"
418,nfl,2025,419,Zion Johnson,LAC,G,"$4,700,946"
419,nfl,2025,420,Olu Fashanu,NYJ,LT,"$4,671,605"
420,nfl,2025,421,Tyler Bass,BUF,K,"$4,670,000"
421,nfl,2025,422,Abraham Lucas,SEA,RT,"$4,663,475"
422,nfl,2025,423,Foster Moreau,NO,TE,"$4,644,080"
423,nfl,2025,424,Kyler Gordon,CHI,CB/NB,"$4,636,014"
424,nfl,2025,425,Cole Van Lanen,JAX,LT,"$4,616,080"
425,nfl,2025,426,Garrett Bradbury,NE,C,"$4,608,820"
426,nfl,2025,427,Broderick Washington,BAL,DL/DE,"$4,606,930"
427,nfl,2025,428,Evan McPherson,CIN,K,"$4,583,333"
428,nfl,2025,429,Morgan Moses,NE,RT/T,"$4,554,725"
429,nfl,2025,430,Rashod Bateman,BAL,WR,"$4,548,333"
430,nfl,2025,431,Broderick Jones,PIT,LT,"$4,540,131"
431,nfl,2025,432,Mykel Williams,SF,ED/DE,"$4,538,053"
432,nfl,2025,433,Andre Cisco,NYJ,S,"$4,510,080"
433,nfl,2025,,Coleman Shelton,LAR,C,"$4,510,080"
434,nfl,2025,435,Antonio Gibson,NE,RB,"$4,509,765"
435,nfl,2025,436,Donte Jackson,LAC,CB,"$4,508,820"
436,nfl,2025,,Adam Trautman,DEN,TE,"$4,508,820"
437,nfl,2025,438,Teair Tart,LAC,DL/DT,"$4,508,505"
438,nfl,2025,439,Minkah Fitzpatrick,MIA,S,"$4,504,000"
439,nfl,2025,440,Trent McDuffie,KC,CB,"$4,460,029"
440,nfl,2025,441,Will McDonald,NYJ,ED/DE,"$4,457,663"
441,nfl,2025,442,Quay Walker,GB,LB/ILB,"$4,412,664"
442,nfl,2025,443,Colton McKivitz,SF,RT,"$4,403,777"
443,nfl,2025,444,Zack Baun,PHI,LB/ILB,"$4,386,000"
444,nfl,2025,445,Marcus Davenport,DET,ED/DE,"$4,355,690"
445,nfl,2025,446,Breece Hall,NYJ,RB,"$4,348,870"
446,nfl,2025,447,John Bates,WAS,TE,"$4,333,333"
447,nfl,2025,448,Josh Palmer,BUF,WR,"$4,310,000"
448,nfl,2025,449,Alontae Taylor,NO,CB,"$4,270,395"
449,nfl,2025,450,Josh Oliver,MIN,TE,"$4,264,000"
450,nfl,2025,451,Cairo Santos,CHI,K,"$4,260,000"
451,nfl,2025,452,Miles Killebrew,PIT,S,"$4,253,820"
452,nfl,2025,453,Malcolm Roach,DEN,DL/DE,"$4,251,523"
453,nfl,2025,454,Bo Nix,DEN,QB,"$4,238,770"
454,nfl,2025,455,Levi Onwuzurike,DET,DL/DT,"$4,229,093"
455,nfl,2025,456,Tyler Linderbaum,BAL,C,"$4,221,635"
456,nfl,2025,457,Marcus Jones,NE,CB,"$4,213,532"
457,nfl,2025,458,Maliek Collins,CLE,DL/DT,"$4,204,315"
458,nfl,2025,459,Hjalte Froholdt,ARI,C,"$4,188,333"
459,nfl,2025,460,Jermaine Johnson,NYJ,ED/DE,"$4,168,912"
460,nfl,2025,461,Alec Pierce,IND,WR,"$4,160,064"
461,nfl,2025,462,Christian Gonzalez,NE,CB,"$4,127,784"
462,nfl,2025,463,Brock Bowers,LV,TE,"$4,127,491"
463,nfl,2025,464,Devin Lloyd,JAX,LB/ILB,"$4,126,273"
464,nfl,2025,465,Tyler Booker,DAL,G,"$4,105,506"
465,nfl,2025,466,Devonte Wyatt,GB,DL/DT,"$4,101,015"
466,nfl,2025,467,James Hudson,NYG,LT,"$4,075,000"
467,nfl,2025,468,Cody Barton,TEN,LB/ILB,"$4,068,820"
468,nfl,2025,469,Davis Mills,HOU,QB,"$4,066,820"
469,nfl,2025,470,Mack Hollins,NE,WR,"$4,059,765"
470,nfl,2025,471,Jaquan Brisker,CHI,S,"$4,047,191"
471,nfl,2025,472,Cam Taylor-Britt,CIN,CB,"$4,041,819"
472,nfl,2025,473,Jack Campbell,DET,LB/ILB,"$4,023,914"
473,nfl,2025,474,Josh Jones,SEA,RT,"$4,008,820"
474,nfl,2025,,Brandon Stephens,NYJ,CB,"$4,008,820"
475,nfl,2025,476,Talanoa Hufanga,DEN,S,"$4,008,505"
476,nfl,2025,,Tim Settle,HOU,DL/DT,"$4,008,505"
477,nfl,2025,,Jarrett Stidham,DEN,QB,"$4,008,505"
478,nfl,2025,479,Kelvin Beachum,ARI,LT,"$4,001,260"
479,nfl,2025,480,Derek Barnett,HOU,ED/DE,"$4,000,000"
480,nfl,2025,,Ryan Bates,CHI,C,"$4,000,000"
481,nfl,2025,,Chauncey Golston,NYG,ED/OLB,"$4,000,000"
482,nfl,2025,,Charles Omenihu,KC,ED/DE,"$4,000,000"
483,nfl,2025,,Tommy Tremble,CAR,TE,"$4,000,000"
484,nfl,2025,485,Kenneth Grant,MIA,DL/DT,"$3,996,726"
485,nfl,2025,486,Jake Ferguson,DAL,TE,"$3,991,670"
486,nfl,2025,487,K’Lavon Chaisson,NE,ED/OLB,"$3,979,135"
487,nfl,2025,488,Calijah Kancey,TB,DL/DT,"$3,961,586"
488,nfl,2025,489,Ka'imi Fairbairn,HOU,K,"$3,960,040"
489,nfl,2025,490,Martin Emerson,CLE,CB,"$3,954,285"
490,nfl,2025,491,Taliese Fuaga,NO,T,"$3,950,953"
491,nfl,2025,492,Harrison Phillips,NYJ,DL/DT,"$3,950,000"
492,nfl,2025,493,Jaxon Smith-Njigba,SEA,WR,"$3,939,238"
493,nfl,2025,494,Deshon Elliott,PIT,S,"$3,927,245"
494,nfl,2025,495,Blake Brandel,MIN,G,"$3,916,666"
495,nfl,2025,496,Mario Edwards,HOU,DL/DT,"$3,911,765"
496,nfl,2025,497,Dylan Parham,LV,G,"$3,894,067"
497,nfl,2025,498,Bud Dupree,LAC,ED/OLB,"$3,893,465"
498,nfl,2025,499,Aaron Brewer,MIA,C,"$3,882,000"
499,nfl,2025,500,Laiatu Latu,IND,ED/DE,"$3,879,705"
500,nfl,2025,501,Quentin Johnston,LAC,WR,"$3,878,174"
501,nfl,2025,502,Cade Otton,TB,TE,"$3,864,486"
502,nfl,2025,503,Kerby Joseph,DET,S,"$3,859,455"
503,nfl,2025,504,Jack Fox,DET,P,"$3,850,000"
504,nfl,2025,505,Adam Butler,LV,DL/DT,"$3,845,578"
505,nfl,2025,506,Zay Flowers,BAL,WR,"$3,830,010"
506,nfl,2025,507,Tyler Warren,IND,TE,"$3,814,247"
507,nfl,2025,508,Justin Reid,NO,S,"$3,808,820"
508,nfl,2025,509,Akeem Davis-Gaither,ARI,LB,"$3,805,000"
509,nfl,2025,510,Tommy Townsend,HOU,P,"$3,783,820"
510,nfl,2025,511,Robert Jones,DAL,G,"$3,759,765"
511,nfl,2025,512,Greg Van Roten,NYG,G,"$3,750,000"
512,nfl,2025,513,Jalon Walker,ATL,ED/OLB,"$3,742,960"
513,nfl,2025,514,Braxton Jones,CHI,LT,"$3,740,968"
514,nfl,2025,515,Charlie Woerner,ATL,TE,"$3,737,560"
515,nfl,2025,516,Daxton Hill,CIN,CB,"$3,720,736"
516,nfl,2025,517,Deonte Banks,NYG,CB,"$3,713,551"
517,nfl,2025,518,Michael Jackson,CAR,CB,"$3,700,000"
518,nfl,2025,519,Quentin Lake,LAR,S,"$3,699,084"
519,nfl,2025,520,Andrew Wingard,JAX,S,"$3,688,235"
520,nfl,2025,521,Christian Harris,HOU,LB,"$3,682,229"
521,nfl,2025,522,Elijah Molden,LAC,S,"$3,675,487"
522,nfl,2025,523,Dalton Kincaid,BUF,TE,"$3,670,425"
523,nfl,2025,524,Nick Allegretti,WAS,G/C,"$3,668,000"
524,nfl,2025,525,Eric Murray,JAX,S,"$3,666,666"
525,nfl,2025,,Taylor Rapp,BUF,S,"$3,666,666"
526,nfl,2025,527,Byron Murphy,SEA,DL/DT,"$3,664,075"
527,nfl,2025,528,Cordale Flott,NYG,CB,"$3,662,882"
528,nfl,2025,529,Roy Lopez,DET,DL/DT,"$3,658,820"
529,nfl,2025,530,George Pickens,DAL,WR,"$3,658,205"
530,nfl,2025,531,Cole Holcomb,PIT,LB,"$3,648,820"
531,nfl,2025,532,Jalen Tolbert,DAL,WR,"$3,644,847"
532,nfl,2025,533,Rachaad White,TB,RB,"$3,633,727"
533,nfl,2025,534,Isaiah Rodgers,MIN,CB,"$3,632,500"
534,nfl,2025,535,Nick Cross,IND,S,"$3,630,530"
535,nfl,2025,536,Leo Chenal,KC,LB,"$3,627,076"
536,nfl,2025,537,Coby Bryant,SEA,S,"$3,616,771"
537,nfl,2025,538,Daniel Bellinger,NYG,TE,"$3,614,356"
538,nfl,2025,539,Daniel Faalele,BAL,G,"$3,613,645"
539,nfl,2025,540,Nathan Shepherd,NO,DL/DE,"$3,610,460"
540,nfl,2025,541,Josh Myers,NYJ,C,"$3,610,080"
541,nfl,2025,542,Anton Harrison,JAX,RT,"$3,608,101"
542,nfl,2025,543,Micheal Clemons,NYJ,ED/DE,"$3,600,489"
543,nfl,2025,544,Isaiah Pola-Mao,LV,S,"$3,600,080"
544,nfl,2025,545,Dallas Turner,MIN,ED/OLB,"$3,592,198"
545,nfl,2025,546,Mike Hughes,ATL,CB,"$3,591,076"
546,nfl,2025,547,Romeo Doubs,GB,WR,"$3,584,539"
547,nfl,2025,548,Robert Hainsey,JAX,C,"$3,583,333"
548,nfl,2025,549,Joshua Williams,KC,CB,"$3,581,700"
549,nfl,2025,550,Brandon McManus,GB,K,"$3,580,951"
550,nfl,2025,551,Cam Jurgens,PHI,C,"$3,543,088"
551,nfl,2025,552,Decobie Durant,LAR,CB,"$3,542,165"
552,nfl,2025,553,Chig Okonkwo,TEN,TE,"$3,540,905"
553,nfl,2025,554,Isaiah Likely,BAL,TE,"$3,537,124"
554,nfl,2025,555,Walter Nolen,ARI,DL/DT,"$3,525,076"
555,nfl,2025,556,C.J. Ham,MIN,FB,"$3,516,667"
556,nfl,2025,557,Chase McLaughlin,TB,K,"$3,508,820"
557,nfl,2025,,Eric Stokes,LV,CB,"$3,508,820"
558,nfl,2025,559,Micah McFadden,NYG,LB,"$3,505,007"
559,nfl,2025,560,Greg Gaines,TB,DL/DT,"$3,502,835"
560,nfl,2025,561,Amarius Mims,CIN,RT,"$3,502,041"
561,nfl,2025,562,Andrew Billings,CHI,DL/DT,"$3,500,000"
562,nfl,2025,,Roy Robertson-Harris,NYG,DL/DT,"$3,500,000"
563,nfl,2025,564,E.J. Speed,HOU,LB/OLB,"$3,494,114"
564,nfl,2025,565,Alex Wright,CLE,ED/DE,"$3,490,107"
565,nfl,2025,566,Michael Hoecht,BUF,ED/DE,"$3,488,000"
566,nfl,2025,567,Jordan Addison,MIN,WR,"$3,485,875"
567,nfl,2025,568,Kingsley Enagbare,GB,ED/DE,"$3,475,458"
568,nfl,2025,569,Jamaree Salyer,LAC,G,"$3,458,802"
569,nfl,2025,570,Shemar Stewart,CIN,ED/DE,"$3,452,018"
570,nfl,2025,571,Jadeveon Clowney,DAL,LB/OLB,"$3,450,000"
571,nfl,2025,572,Jared Verse,LAR,ED/OLB,"$3,449,704"
572,nfl,2025,573,Montaric Brown,JAX,CB,"$3,445,075"
573,nfl,2025,574,Sean Bunting,ARI,CB,"$3,445,000"
574,nfl,2025,575,Myles Murphy,CIN,ED/DE,"$3,441,395"
575,nfl,2025,576,Jaylen Watson,KC,CB,"$3,436,163"
576,nfl,2025,577,Jordan Elliott,SF,DL/DT,"$3,435,588"
577,nfl,2025,578,James Cook,BUF,RB,"$3,435,374"
578,nfl,2025,579,Rasheed Walker,GB,LT,"$3,435,038"
579,nfl,2025,580,Troy Fautanu,PIT,RT,"$3,430,478"
580,nfl,2025,581,Vederian Lowe,NE,LT,"$3,416,080"
581,nfl,2025,582,Ed Ingram,HOU,G,"$3,414,820"
582,nfl,2025,,Cade Mays,CAR,C,"$3,414,820"
583,nfl,2025,584,Chop Robinson,MIA,ED/DE,"$3,411,248"
584,nfl,2025,585,Yosh Nijman,CAR,RT,"$3,377,500"
585,nfl,2025,586,Quinyon Mitchell,PHI,CB,"$3,376,569"
586,nfl,2025,587,Grey Zabel,SEA,G,"$3,362,794"
587,nfl,2025,588,Bryan Bresee,NO,DL/DT,"$3,352,165"
588,nfl,2025,589,Christian Watson,GB,WR,"$3,345,486"
589,nfl,2025,590,Brian Thomas Jr.,JAX,WR,"$3,341,893"
590,nfl,2025,591,Jeremiah Owusu-Koramoah,CLE,LB/OLB,"$3,341,096"
591,nfl,2025,592,Emeka Egbuka,TB,WR,"$3,308,963"
592,nfl,2025,593,Jahdae Barron,DEN,CB,"$3,290,862"
593,nfl,2025,594,Ryan Neuzil,ATL,C,"$3,283,505"
594,nfl,2025,595,Nolan Smith,PHI,ED/OLB,"$3,279,479"
595,nfl,2025,596,Tony Adams,NYJ,S,"$3,273,080"
596,nfl,2025,,Chris Williams,CHI,DL/DT,"$3,273,080"
597,nfl,2025,598,Derrick Harmon,PIT,DL/DT,"$3,272,758"
598,nfl,2025,599,Greg Dortch,ARI,WR,"$3,271,820"
599,nfl,2025,600,Ar'Darius Washington,BAL,S,"$3,271,190"
600,nfl,2025,601,Terrion Arnold,DET,CB,"$3,266,864"
601,nfl,2025,602,Kader Kohou,MIA,CB,"$3,263,000"
602,nfl,2025,603,Joshua Dobbs,NE,QB,"$3,259,765"
603,nfl,2025,604,Sheldon Rankins,HOU,DL/DT,"$3,250,000"
604,nfl,2025,,Mitchell Trubisky,BUF,QB,"$3,250,000"
605,nfl,2025,606,Jeremy Reaves,WAS,S,"$3,247,500"
606,nfl,2025,607,Omarion Hampton,LAC,RB,"$3,236,229"
607,nfl,2025,608,Jordan Morgan,GB,LT,"$3,232,819"
608,nfl,2025,609,Felix Anudike-Uzomah,KC,ED/DE,"$3,231,861"
609,nfl,2025,610,Emmanuel Ogbah,JAX,ED/DE,"$3,226,888"
610,nfl,2025,611,Malik Harrison,PIT,LB/ILB,"$3,217,245"
611,nfl,2025,612,Andy Dalton,CAR,QB,"$3,203,666"
612,nfl,2025,613,Matthew Golden,GB,WR,"$3,198,575"
613,nfl,2025,614,Tyler Conklin,LAC,TE,"$3,197,560"
614,nfl,2025,615,Graham Barton,TB,C,"$3,196,878"
615,nfl,2025,616,Shelby Harris,CLE,DL/DT,"$3,191,315"
616,nfl,2025,617,Julian Blackmon,NO,S,"$3,170,000"
617,nfl,2025,618,Darius Robinson,ARI,ED/DE,"$3,160,940"
618,nfl,2025,619,Deatrich Wise,WAS,ED/DE,"$3,160,000"
619,nfl,2025,620,Bradley Pinion,ATL,P,"$3,156,300"
620,nfl,2025,621,Cordell Volson,CIN,G/T,"$3,147,725"
621,nfl,2025,622,Xavier Worthy,KC,WR,"$3,141,396"
622,nfl,2025,623,Jimmy Garoppolo,LAR,QB,"$3,135,038"
623,nfl,2025,624,Bobby Brown,CAR,DL/DT,"$3,133,333"
624,nfl,2025,625,Dean Lowry,PIT,DL/DE,"$3,132,560"
625,nfl,2025,626,Donovan Jackson,MIN,G,"$3,126,804"
626,nfl,2025,627,Kavontae Turpin,DAL,WR,"$3,109,135"
627,nfl,2025,628,Larry Ogunjobi,BUF,DL/DT,"$3,106,684"
628,nfl,2025,629,Jaylen Warren,PIT,RB,"$3,092,153"
629,nfl,2025,630,Jaxson Dart,NYG,QB,"$3,091,245"
630,nfl,2025,631,James Pearce Jr.,ATL,ED/OLB,"$3,055,035"
631,nfl,2025,632,Isaiah McDuffie,GB,LB/OLB,"$3,025,000"
632,nfl,2025,633,Malaki Starks,BAL,S,"$3,019,635"
633,nfl,2025,634,Elandon Roberts,LV,LB/ILB,"$3,018,820"
634,nfl,2025,635,Cam Robinson,CLE,LT,"$3,011,437"
635,nfl,2025,636,Noah Brown,WAS,WR,"$3,010,000"
636,nfl,2025,637,Javonte Williams,DAL,RB,"$3,008,820"
637,nfl,2025,,Xavier Woods,TEN,S/FS,"$3,008,820"
638,nfl,2025,639,Tremon Smith,HOU,CB,"$3,008,505"
639,nfl,2025,640,Riley Dixon,TB,P,"$3,006,300"
640,nfl,2025,641,L.J. Collier,ARI,DL/DT,"$3,000,000"
641,nfl,2025,,Jameis Winston,NYG,QB,"$3,000,000"
642,nfl,2025,643,Tyler Guyton,DAL,LT,"$2,999,406"
643,nfl,2025,644,Tyliek Williams,DET,DL/DT,"$2,999,117"
644,nfl,2025,645,Tre'Davious White,BUF,CB,"$2,980,000"
645,nfl,2025,646,Logan Hall,TB,DL/DT,"$2,973,147"
646,nfl,2025,647,Ifeatu Melifonwu,MIA,CB,"$2,970,588"
647,nfl,2025,648,Derrick Barnes,DET,LB/OLB,"$2,949,985"
648,nfl,2025,649,Percy Butler,WAS,S,"$2,938,334"
649,nfl,2025,650,Jimmie Ward,HOU,S,"$2,926,678"
650,nfl,2025,651,Spencer Burford,SF,LT,"$2,920,574"
651,nfl,2025,652,Nate Wiggins,BAL,CB,"$2,918,636"
652,nfl,2025,653,Chuma Edoga,JAX,G,"$2,917,647"
653,nfl,2025,654,Logan Wilson,DAL,LB/ILB,"$2,895,764"
654,nfl,2025,655,Pete Werner,NO,LB/ILB,"$2,894,820"
655,nfl,2025,656,Mason Rudolph,PIT,QB,"$2,886,320"
656,nfl,2025,657,Will Harris,WAS,S,"$2,880,000"
657,nfl,2025,658,Nick Folk,NYJ,K,"$2,875,000"
658,nfl,2025,659,Ricky Pearsall,SF,WR,"$2,858,456"
659,nfl,2025,660,Josh Conerly Jr.,WAS,RT,"$2,855,133"
660,nfl,2025,661,Logan Cooke,JAX,P,"$2,850,000"
661,nfl,2025,662,Foley Fatukasi,HOU,DL/DT,"$2,826,994"
662,nfl,2025,663,Xavier Legette,CAR,WR,"$2,817,269"
663,nfl,2025,664,Arnold Ebiketie,ATL,ED/OLB,"$2,814,452"
664,nfl,2025,665,Daniel Ekuale,PIT,DL/DT,"$2,807,560"
665,nfl,2025,666,Brady Christensen,CAR,G,"$2,796,320"
666,nfl,2025,667,Maxwell Hairston,BUF,CB,"$2,778,042"
667,nfl,2025,668,Josh Reynolds,NYJ,WR,"$2,758,190"
668,nfl,2025,669,Da'shawn Hand,LAC,DL/DE,"$2,756,300"
669,nfl,2025,,Matt Peart,DEN,LT,"$2,756,300"
670,nfl,2025,671,Rico Dowdle,CAR,RB,"$2,750,000"
671,nfl,2025,,Drew Sample,CIN,TE,"$2,750,000"
672,nfl,2025,673,Brenden Schooler,NE,S,"$2,735,080"
673,nfl,2025,674,Cameron Dicker,LAC,K,"$2,733,505"
674,nfl,2025,675,Boye Mafe,SEA,ED/OLB,"$2,730,656"
675,nfl,2025,676,Solomon Thomas,DAL,DL/DT,"$2,730,353"
676,nfl,2025,677,Ashton Dulin,IND,WR,"$2,728,820"
677,nfl,2025,678,Noah Fant,CIN,TE,"$2,720,588"
678,nfl,2025,679,Jihaad Campbell,PHI,LB,"$2,712,639"
679,nfl,2025,680,James Daniels,MIA,G/C,"$2,698,799"
680,nfl,2025,681,Kenneth Walker III,SEA,RB,"$2,693,517"
681,nfl,2025,682,Josh Simmons,KC,LT,"$2,671,788"
682,nfl,2025,683,Christian Benford,BUF,CB,"$2,655,500"
683,nfl,2025,684,Brock Wright,DET,TE,"$2,629,000"
684,nfl,2025,685,Joey Porter Jr.,PIT,CB,"$2,628,541"
685,nfl,2025,686,Kenny Pickett,LV,QB,"$2,623,350"
686,nfl,2025,687,Jeremy Ruckert,NYJ,TE,"$2,614,962"
687,nfl,2025,688,Will Levis,TEN,QB,"$2,611,229"
688,nfl,2025,689,Greg Newsome,JAX,CB,"$2,608,233"
689,nfl,2025,690,Wan'dale Robinson,NYG,WR,"$2,604,371"
690,nfl,2025,691,Cody Ford,CIN,LT,"$2,600,000"
691,nfl,2025,,Eric Wilson,MIN,LB/ILB,"$2,600,000"
692,nfl,2025,693,Khalil Shakir,BUF,WR,"$2,595,293"
693,nfl,2025,694,Sam LaPorta,DET,TE,"$2,590,454"
694,nfl,2025,695,Jake Martin,WAS,LB/OLB,"$2,585,000"
695,nfl,2025,696,Mac Jones,SF,QB,"$2,558,000"
696,nfl,2025,697,Michael Mayer,LV,TE,"$2,550,165"
697,nfl,2025,698,Luke Farrell,SF,TE,"$2,544,000"
698,nfl,2025,699,Terrel Bernard,BUF,LB,"$2,535,178"
699,nfl,2025,700,Steve Avila,LAR,G,"$2,533,546"
700,nfl,2025,701,Tyrel Dodson,MIA,LB/ILB,"$2,532,500"
701,nfl,2025,702,Jake Bailey,MIA,P,"$2,528,465"
702,nfl,2025,703,Alohi Gilman,BAL,S,"$2,527,772"
703,nfl,2025,704,David Ojabo,BAL,ED/OLB,"$2,519,375"
704,nfl,2025,705,Kyle Juszczyk,SF,FB,"$2,516,000"
705,nfl,2025,706,Larry Borom,MIA,RT,"$2,508,820"
706,nfl,2025,,Isaiah Oliver,NYJ,S,"$2,508,820"
707,nfl,2025,,Benjamin St-Juste,LAC,CB,"$2,508,820"
708,nfl,2025,709,Kyle Hinton,ATL,G,"$2,508,505"
709,nfl,2025,710,Rigoberto Sanchez,IND,P,"$2,506,300"
710,nfl,2025,711,Justin Watson,HOU,WR,"$2,505,985"
711,nfl,2025,712,Ashtyn Davis,MIA,S,"$2,500,000"
712,nfl,2025,,Christian Rozeboom,CAR,LB/ILB,"$2,500,000"
713,nfl,2025,,Durham Smythe,CHI,TE,"$2,500,000"
714,nfl,2025,715,Derick Hall,SEA,ED/OLB,"$2,492,689"
715,nfl,2025,716,Payton Turner,DAL,ED/DE,"$2,480,365"
716,nfl,2025,717,Matthew Bergeron,ATL,G,"$2,457,181"
717,nfl,2025,718,D.J. Humphries,LAR,LT,"$2,452,941"
718,nfl,2025,719,Nick Chubb,HOU,RB,"$2,450,000"
719,nfl,2025,720,M.J. Stewart,HOU,S,"$2,449,366"
720,nfl,2025,721,Ben Bredeson,TB,G,"$2,444,820"
721,nfl,2025,722,Corey Bojorquez,CLE,P,"$2,442,225"
722,nfl,2025,723,Justice Hill,BAL,RB,"$2,421,706"
723,nfl,2025,724,Luke Goedeke,TB,RT,"$2,388,472"
724,nfl,2025,725,Josh Blackwell,CHI,CB,"$2,375,000"
725,nfl,2025,,Amen Ogbongbemiga,CHI,LB/OLB,"$2,375,000"
726,nfl,2025,727,Jeff Okudah,MIN,CB,"$2,358,190"
727,nfl,2025,728,B.J. Ojulari,ARI,ED/DE,"$2,353,622"
728,nfl,2025,729,Chris Board,NYG,LB/ILB,"$2,350,000"
729,nfl,2025,,Teven Jenkins,CLE,G,"$2,350,000"
730,nfl,2025,731,Oren Burks,CIN,LB/ILB,"$2,325,000"
731,nfl,2025,732,Luke Musgrave,GB,TE,"$2,320,383"
732,nfl,2025,733,Bryan Anger,DAL,P,"$2,308,820"
733,nfl,2025,734,Markquese Bell,DAL,S,"$2,308,112"
734,nfl,2025,735,Kenny Clark,DAL,DL/DT,"$2,300,000"
735,nfl,2025,736,Keon Coleman,BUF,WR,"$2,298,109"
736,nfl,2025,737,Jordan Mason,MIN,RB,"$2,290,000"
737,nfl,2025,738,Joe Tippmann,NYJ,C,"$2,289,970"
738,nfl,2025,739,Ladd McConkey,LAC,WR,"$2,280,453"
739,nfl,2025,740,Zay Jones,ARI,WR,"$2,280,000"
740,nfl,2025,741,Zyon McCollum,TB,CB,"$2,265,753"
741,nfl,2025,742,Ruke Orhorhoro,ATL,DL/DT,"$2,262,170"
742,nfl,2025,743,Dillon Radunz,NO,G,"$2,260,080"
743,nfl,2025,744,Drew Lock,SEA,QB,"$2,258,505"
744,nfl,2025,745,Sterling Shepard,TB,WR,"$2,257,875"
745,nfl,2025,746,Troy Dye,LAC,LB/ILB,"$2,257,245"
746,nfl,2025,747,Case Keenum,CHI,QB,"$2,250,000"
747,nfl,2025,,Johnny Mundt,JAX,TE,"$2,250,000"
748,nfl,2025,749,Johnny Newton,WAS,DL/DT,"$2,226,545"
749,nfl,2025,750,Zach Wilson,MIA,QB,"$2,208,820"
750,nfl,2025,751,JK Scott,LAC,P,"$2,203,780"
751,nfl,2025,752,Jason Pinnock,SF,CB,"$2,200,000"
752,nfl,2025,753,Brian Branch,DET,S,"$2,194,678"
753,nfl,2025,754,T'Vondre Sweat,TEN,DL/DT,"$2,178,569"
754,nfl,2025,755,Joe Flacco,CIN,QB,"$2,162,272"
755,nfl,2025,756,Emmanuel Forbes,LAR,CB,"$2,160,138"
756,nfl,2025,757,Jamie Gillan,NYG,P,"$2,154,901"
757,nfl,2025,758,Carson Schwesinger,CLE,LB,"$2,149,552"
758,nfl,2025,759,Braden Fiske,LAR,DL/DT,"$2,148,744"
759,nfl,2025,760,Khadarel Hodge,ATL,WR,"$2,142,245"
760,nfl,2025,761,Denzel Perryman,LAC,LB/ILB,"$2,136,141"
761,nfl,2025,762,Trey Lance,LAC,QB,"$2,133,820"
762,nfl,2025,763,Jayden Higgins,HOU,WR,"$2,130,964"
763,nfl,2025,764,Hunter Long,JAX,TE,"$2,125,000"
764,nfl,2025,765,Cooper DeJean,PHI,CB,"$2,118,734"
765,nfl,2025,766,Nick Emmanwori,SEA,S,"$2,113,667"
766,nfl,2025,767,Blake Gillikin,ARI,P,"$2,108,820"
767,nfl,2025,768,Theo Jackson,MIN,S,"$2,105,670"
768,nfl,2025,769,Jack Cochrane,KC,LB/OLB,"$2,100,000"
769,nfl,2025,,Rashid Shaheed,SEA,WR,"$2,100,000"
770,nfl,2025,771,Brandin Echols,PIT,CB,"$2,093,820"
771,nfl,2025,772,Jartavius Martin,WAS,S,"$2,093,121"
772,nfl,2025,773,Kool-Aid McKinstry,NO,CB,"$2,091,241"
773,nfl,2025,774,Hunter Renfrow,CAR,WR,"$2,090,000"
774,nfl,2025,775,Jake Hansen,HOU,LB/OLB,"$2,077,938"
775,nfl,2025,776,Quinshon Judkins,CLE,RB,"$2,076,815"
776,nfl,2025,777,JK Dobbins,DEN,RB,"$2,065,000"
777,nfl,2025,778,Jonah Savaiinaea,MIA,G,"$2,063,300"
778,nfl,2025,779,Kamari Lassiter,HOU,CB,"$2,057,638"
779,nfl,2025,780,Cody Mauch,TB,G,"$2,050,312"
780,nfl,2025,781,Khyiris Tonga,NE,DL/DT,"$2,050,080"
781,nfl,2025,782,Anthony Nelson,TB,ED/OLB,"$2,044,505"
782,nfl,2025,783,TreVeyon Henderson,NE,RB,"$2,031,199"
783,nfl,2025,784,Roger McCreary,LAR,CB,"$2,031,110"
784,nfl,2025,785,Max Melton,ARI,CB,"$2,028,890"
785,nfl,2025,786,Keeanu Benton,PIT,DL/DT,"$2,008,762"
786,nfl,2025,787,Joseph Noteboom,BAL,LT,"$2,007,560"
787,nfl,2025,788,Benito Jones,MIA,DL/DT,"$2,006,300"
788,nfl,2025,789,DeAndre Hopkins,BAL,WR,"$2,004,000"
789,nfl,2025,790,Jackson Powers-Johnson,LV,G,"$2,002,753"
790,nfl,2025,791,Dennis Gardeck,JAX,LB/OLB,"$2,000,315"
791,nfl,2025,792,Nick Mullens,JAX,QB,"$2,000,000"
792,nfl,2025,,Justin Skule,MIN,LT,"$2,000,000"
793,nfl,2025,,Tavierre Thomas,MIN,S,"$2,000,000"
794,nfl,2025,,Darren Waller,MIA,TE,"$2,000,000"
795,nfl,2025,796,Luther Burden III,CHI,WR,"$1,997,324"
796,nfl,2025,797,Sam Williams,DAL,ED/DE,"$1,988,005"
797,nfl,2025,798,Josh Jobe,SEA,CB,"$1,987,560"
798,nfl,2025,799,Ty Johnson,BUF,RB,"$1,975,000"
799,nfl,2025,800,Austin Johnson,JAX,DL/DT,"$1,970,588"
800,nfl,2025,801,Cam Lewis,BUF,CB,"$1,968,500"
801,nfl,2025,802,Isaac Yiadom,NO,CB,"$1,968,190"
802,nfl,2025,803,Tyler Shough,NO,QB,"$1,967,877"
803,nfl,2025,804,Jayden Reed,GB,WR,"$1,967,214"
804,nfl,2025,805,Edgerrin Cooper,GB,LB,"$1,963,120"
805,nfl,2025,806,Nick Bellore,WAS,FB,"$1,955,020"
806,nfl,2025,807,Davon Godchaux,NO,DL/DT,"$1,947,780"
807,nfl,2025,808,Demarcus Robinson,SF,WR,"$1,944,830"
808,nfl,2025,809,T.J. Sanders,BUF,DL/DT,"$1,939,393"
809,nfl,2025,810,John Jenkins,BAL,DL/DT,"$1,935,020"
810,nfl,2025,811,Jonathan Owens,CHI,S,"$1,925,000"
811,nfl,2025,812,Jonathon Brooks,CAR,RB,"$1,921,793"
812,nfl,2025,813,Mason Taylor,NYJ,TE,"$1,906,647"
813,nfl,2025,814,Brian Robinson,SF,RB,"$1,906,000"
814,nfl,2025,815,Cooper Rush,BAL,QB,"$1,904,000"
815,nfl,2025,816,Nazeeh Johnson,KC,CB,"$1,888,235"
816,nfl,2025,817,Zach Charbonnet,SEA,RB,"$1,884,114"
817,nfl,2025,818,Alfred Collins,SF,DL/DT,"$1,877,041"
818,nfl,2025,819,Bryan Cook,KC,S,"$1,869,903"
819,nfl,2025,820,Tyler Nubin,NYG,S,"$1,868,425"
820,nfl,2025,821,Reed Blankenship,PHI,S,"$1,853,505"
821,nfl,2025,822,Michael Ford,ATL,CB,"$1,852,560"
822,nfl,2025,823,Donovan Ezeiruaku,DAL,ED/DE,"$1,851,210"
823,nfl,2025,824,Gervon Dexter,CHI,DL/DT,"$1,843,824"
824,nfl,2025,825,Jerome Ford,CLE,RB,"$1,839,042"
825,nfl,2025,826,Maason Smith,JAX,DL/DT,"$1,832,489"
826,nfl,2025,827,JT Tuimoloau,IND,ED/DE,"$1,811,263"
827,nfl,2025,828,Josh Paschal,DET,ED/DE,"$1,810,302"
828,nfl,2025,829,Jaylinn Hawkins,NE,S,"$1,810,080"
829,nfl,2025,830,Devin Bush,CLE,LB/OLB,"$1,810,000"
830,nfl,2025,831,Dare Ogunbowale,HOU,RB,"$1,808,820"
831,nfl,2025,832,Tuli Tuipulotu,LAC,ED/OLB,"$1,801,015"
832,nfl,2025,833,Luke Gifford,SF,LB/ILB,"$1,800,000"
833,nfl,2025,834,Jerry Tillery,KC,DL/DT,"$1,799,135"
834,nfl,2025,835,Kenneth Gainwell,PIT,RB,"$1,798,820"
835,nfl,2025,836,Kris Jenkins,CIN,DL/DT,"$1,794,659"
836,nfl,2025,837,Terrence Ferguson,LAR,TE,"$1,769,788"
837,nfl,2025,838,Tyrique Stevenson,CHI,CB,"$1,769,034"
838,nfl,2025,839,Lucas Patrick,CIN,G,"$1,766,340"
839,nfl,2025,840,Kendrick Bourne,SF,WR,"$1,765,000"
840,nfl,2025,841,Mike Sainristil,WAS,CB,"$1,760,611"
841,nfl,2025,842,Ryan Wright,MIN,P,"$1,750,000"
842,nfl,2025,843,John Michael Schmitz,NYG,C,"$1,748,262"
843,nfl,2025,844,Joshua Ezeudu,NYG,G,"$1,745,394"
844,nfl,2025,845,Daniel Whelan,GB,P,"$1,738,820"
845,nfl,2025,846,Kurt Hinish,HOU,DL/DT,"$1,736,446"
846,nfl,2025,847,Zach Frazier,PIT,C,"$1,723,414"
847,nfl,2025,848,Luke Schoonmaker,DAL,TE,"$1,719,177"
848,nfl,2025,849,Ben Skowronek,PIT,WR,"$1,718,820"
849,nfl,2025,850,Will Johnson,ARI,CB,"$1,715,235"
850,nfl,2025,851,Grant Stuard,DET,LB/OLB,"$1,708,505"
851,nfl,2025,852,O'Cyrus Torrence,BUF,G,"$1,705,136"
852,nfl,2025,853,Joey Blount,ARI,S,"$1,700,000"
853,nfl,2025,,Del'Shawn Phillips,LAC,ED/OLB,"$1,700,000"
854,nfl,2025,855,Tommy Togiai,HOU,DL/DT,"$1,689,996"
855,nfl,2025,856,D.J. Turner,CIN,CB,"$1,688,517"
856,nfl,2025,857,Azeez Ojulari,PHI,ED/OLB,"$1,680,820"
857,nfl,2025,858,Braxton Berrios,HOU,WR,"$1,679,408"
858,nfl,2025,859,Van Jefferson,TEN,WR,"$1,678,820"
859,nfl,2025,860,Aireontae Ersery,HOU,LT,"$1,678,387"
860,nfl,2025,861,Brenton Strange,JAX,TE,"$1,677,625"
861,nfl,2025,862,DeAngelo Malone,ATL,LB/ILB,"$1,672,778"
862,nfl,2025,863,Juice Scruggs,HOU,G,"$1,672,212"
863,nfl,2025,864,Marvin Mims,DEN,WR,"$1,663,587"
864,nfl,2025,865,Nakobe Dean,PHI,LB/ILB,"$1,663,583"
865,nfl,2025,866,Cornelius Lucas,CLE,LT/T,"$1,662,875"
866,nfl,2025,867,Ben Sinnott,WAS,TE,"$1,652,796"
867,nfl,2025,868,Will Hernandez,ARI,G,"$1,650,000"
868,nfl,2025,,Siran Neal,SF,S,"$1,650,000"
869,nfl,2025,870,Travis Homer,CHI,RB,"$1,645,000"
870,nfl,2025,871,Demetrius Knight Jr.,CIN,LB,"$1,642,178"
871,nfl,2025,872,Sean Rhyan,GB,C,"$1,619,950"
872,nfl,2025,873,Xavien Howard,IND,CB,"$1,615,000"
873,nfl,2025,874,Michael Hall,CLE,DL/DT,"$1,614,339"
874,nfl,2025,875,Brevin Jordan,HOU,TE,"$1,608,820"
875,nfl,2025,,Sam Martin,CAR,P,"$1,608,820"
876,nfl,2025,,Nick Westbrook,MIA,WR,"$1,608,820"
877,nfl,2025,878,Samaje Perine,CIN,RB,"$1,608,190"
878,nfl,2025,879,Elijah Arroyo,SEA,TE,"$1,606,778"
879,nfl,2025,880,Kris Boyd,NYJ,CB,"$1,605,985"
880,nfl,2025,881,Calvin Anderson,PIT,LT,"$1,593,820"
881,nfl,2025,882,Braden Mann,PHI,P,"$1,591,000"
882,nfl,2025,883,Luke Wattenberg,DEN,C,"$1,580,750"
883,nfl,2025,884,Patrick Paul,MIA,LT,"$1,579,660"
884,nfl,2025,885,Charlie Heck,TB,RT,"$1,578,820"
885,nfl,2025,886,Tyler Steen,PHI,G,"$1,577,122"
886,nfl,2025,887,Sydney Brown,PHI,S,"$1,576,758"
887,nfl,2025,888,Drew Sanders,DEN,LB,"$1,572,837"
888,nfl,2025,889,Nic Scourton,CAR,ED/OLB,"$1,569,767"
889,nfl,2025,890,Raheem Mostert,LV,RB,"$1,567,875"
890,nfl,2025,891,Luke Rhodes,IND,LS,"$1,566,300"
891,nfl,2025,892,Jonathan Mingo,DAL,WR,"$1,565,225"
892,nfl,2025,893,Marshawn Kneeland,DAL,ED/DE,"$1,562,954"
893,nfl,2025,894,Tank Dell,HOU,WR,"$1,560,394"
894,nfl,2025,895,Reid Ferguson,BUF,LS,"$1,557,500"
895,nfl,2025,896,Kendre Miller,NO,RB,"$1,551,220"
896,nfl,2025,897,Chris Braswell,TB,ED/OLB,"$1,549,650"
897,nfl,2025,898,Tyson Bagent,CHI,QB,"$1,548,414"
898,nfl,2025,899,Hunter Luepke,DAL,FB,"$1,546,747"
899,nfl,2025,900,Garrett Williams,ARI,CB,"$1,545,619"
900,nfl,2025,901,Jalin Hyatt,NYG,WR,"$1,544,256"
901,nfl,2025,902,Cedric Tillman,CLE,WR,"$1,538,631"
902,nfl,2025,903,Rasul Douglas,MIA,CB,"$1,535,147"
903,nfl,2025,904,Oluwafemi Oladejo,TEN,ED/OLB,"$1,534,527"
904,nfl,2025,905,Javon Bullard,GB,S,"$1,532,941"
905,nfl,2025,906,Zach Harrison,ATL,DL/DE,"$1,527,488"
906,nfl,2025,907,Marte Mapu,NE,LB/ILB,"$1,527,454"
907,nfl,2025,908,Byron Young,LAR,ED/OLB,"$1,524,885"
908,nfl,2025,909,Ian Thomas,LV,TE,"$1,522,265"
909,nfl,2025,910,Tucker Kraft,GB,TE,"$1,519,165"
910,nfl,2025,911,Josh Downs,IND,WR,"$1,514,400"
911,nfl,2025,912,Marco Wilson,CIN,CB,"$1,514,117"
912,nfl,2025,913,Jack Sanborn,DAL,LB/OLB,"$1,510,080"
913,nfl,2025,914,Skyy Moore,SF,WR,"$1,509,615"
914,nfl,2025,915,Blake Fisher,HOU,RT,"$1,507,781"
915,nfl,2025,916,Tyjae Spears,TEN,RB,"$1,506,261"
916,nfl,2025,917,Dawuane Smoot,JAX,ED/DE,"$1,500,630"
917,nfl,2025,918,Kareem Hunt,KC,RB,"$1,500,000"
918,nfl,2025,,Noah Igbinoghene,WAS,CB,"$1,500,000"
919,nfl,2025,,Jaelan Phillips,PHI,ED/OLB,"$1,500,000"
920,nfl,2025,,Germaine Pratt,IND,LB/ILB,"$1,500,000"
921,nfl,2025,,Olamide Zaccheaus,CHI,WR,"$1,500,000"
922,nfl,2025,923,Nick Moore,BAL,LS,"$1,499,765"
923,nfl,2025,924,YaYa Diaby,TB,ED/OLB,"$1,499,387"
924,nfl,2025,925,Dee Alford,ATL,CB,"$1,498,820"
925,nfl,2025,926,Benjamin Morrison,TB,CB,"$1,498,641"
926,nfl,2025,927,Cole Bishop,BUF,S,"$1,496,686"
927,nfl,2025,928,Julius Brents,MIA,CB,"$1,495,176"
928,nfl,2025,929,Riley Moss,DEN,CB,"$1,494,183"
929,nfl,2025,930,Devon Achane,MIA,RB,"$1,490,816"
930,nfl,2025,931,Daiyan Henley,LAC,LB,"$1,487,117"
931,nfl,2025,932,Khalil Dorsey,DET,CB,"$1,484,412"
932,nfl,2025,933,Trenton Simpson,BAL,LB/ILB,"$1,484,035"
933,nfl,2025,934,Ennis Rakestraw,DET,CB,"$1,481,996"
934,nfl,2025,935,Kene Nwangwu,NYJ,RB,"$1,480,668"
935,nfl,2025,936,Kobie Turner,LAR,DL/DT,"$1,480,482"
936,nfl,2025,937,John FitzPatrick,GB,TE,"$1,480,000"
937,nfl,2025,938,Ji'Ayir Brown,SF,S,"$1,479,143"
938,nfl,2025,939,DeMarvion Overshown,DAL,LB,"$1,477,567"
939,nfl,2025,940,Dorian Williams,BUF,LB,"$1,476,543"
940,nfl,2025,941,Wanya Morris,KC,T,"$1,473,231"
941,nfl,2025,942,Roger Rosengarten,BAL,RT,"$1,473,106"
942,nfl,2025,943,Daniel Thomas,DET,S,"$1,470,000"
943,nfl,2025,944,Darnell Washington,PIT,TE,"$1,468,977"
944,nfl,2025,945,Kingsley Suamataia,KC,G,"$1,468,883"
945,nfl,2025,946,Michael Wilson,ARI,WR,"$1,465,037"
946,nfl,2025,947,Zach Wood,NO,LS,"$1,464,765"
947,nfl,2025,948,Tyler Ott,WAS,LS,"$1,463,333"
948,nfl,2025,949,Anthony Belton,GB,RT,"$1,460,986"
949,nfl,2025,950,Jordan Battle,CIN,S,"$1,460,782"
950,nfl,2025,951,Renardo Green,SF,CB,"$1,460,434"
951,nfl,2025,952,Josh Harris,LAC,LS,"$1,459,725"
952,nfl,2025,953,Tre Tucker,LV,WR,"$1,456,648"
953,nfl,2025,954,Feleipe Franks,ATL,TE,"$1,448,820"
954,nfl,2025,955,Trent Sieg,DAL,LS,"$1,448,098"
955,nfl,2025,956,Jahan Dotson,PHI,WR,"$1,440,229"
956,nfl,2025,957,Thomas Hennessy,NYJ,LS,"$1,440,080"
957,nfl,2025,958,Jelani Woods,NYJ,TE,"$1,437,610"
958,nfl,2025,959,Tyson Campbell,CLE,CB,"$1,436,274"
959,nfl,2025,960,James Winchester,KC,LS,"$1,431,950"
960,nfl,2025,961,Mo Alie-Cox,IND,TE,"$1,431,320"
961,nfl,2025,962,Austin Schlottmann,NYG,C,"$1,430,080"
962,nfl,2025,963,Patrick Ricard,BAL,FB,"$1,429,745"
963,nfl,2025,964,Rayshawn Jenkins,CLE,S,"$1,426,595"
964,nfl,2025,965,Tre Harris,LAC,WR,"$1,425,906"
965,nfl,2025,966,Jonathan Bullard,NO,DL/DE,"$1,422,500"
966,nfl,2025,,Tress Way,WAS,P,"$1,422,500"
967,nfl,2025,968,Malik Willis,GB,QB,"$1,417,470"
968,nfl,2025,969,Cam Thomas,CLE,ED/DE,"$1,415,006"
969,nfl,2025,970,Jack Gibbens,NE,LB/ILB,"$1,409,765"
970,nfl,2025,971,Ozzy Trapilo,CHI,RT,"$1,407,162"
971,nfl,2025,972,Ben Brown,NE,C,"$1,406,431"
972,nfl,2025,973,Kendall Lamm,MIA,RT/T,"$1,405,000"
973,nfl,2025,974,Tate Ratledge,DET,G,"$1,395,170"
974,nfl,2025,975,Brandon Coleman,WAS,G,"$1,386,949"
975,nfl,2025,976,Andrew DePaola,MIN,LS,"$1,386,668"
976,nfl,2025,977,Trey Benson,ARI,RB,"$1,386,003"
977,nfl,2025,978,Caedan Wallace,NE,G,"$1,382,928"
978,nfl,2025,979,Junior Colson,LAC,LB,"$1,378,594"
979,nfl,2025,980,Jack Bech,LV,WR,"$1,377,551"
980,nfl,2025,981,Andru Phillips,NYG,CB,"$1,372,794"
981,nfl,2025,982,Isaiah Adams,ARI,G,"$1,366,724"
982,nfl,2025,983,Tylan Wallace,BAL,WR,"$1,365,765"
983,nfl,2025,984,Lonnie Johnson,LV,S,"$1,364,135"
984,nfl,2025,985,Matthew Orzech,GB,LS,"$1,363,800"
985,nfl,2025,986,Trevin Wallace,CAR,LB/ILB,"$1,363,328"
986,nfl,2025,987,Adoree' Jackson,PHI,CB,"$1,362,245"
987,nfl,2025,988,Stone Smartt,NYJ,TE,"$1,360,080"
988,nfl,2025,989,Cooper Beebe,DAL,C,"$1,360,016"
989,nfl,2025,990,Rashee Rice,KC,WR,"$1,357,788"
990,nfl,2025,991,Bralen Trice,ATL,ED/OLB,"$1,355,858"
991,nfl,2025,992,Kiran Amegadjie,CHI,G,"$1,354,244"
992,nfl,2025,993,Mike Green,BAL,ED/OLB,"$1,353,974"
993,nfl,2025,994,Luke Fortner,NO,C,"$1,350,000"
994,nfl,2025,995,Landon Young,NO,LT,"$1,347,580"
995,nfl,2025,996,Elijah Campbell,MIA,S,"$1,346,320"
996,nfl,2025,,Liam Eichenberg,MIA,G,"$1,346,320"
997,nfl,2025,,Danny Pinter,IND,C,"$1,346,320"
998,nfl,2025,,Justin Strnad,DEN,LB/ILB,"$1,346,320"
999,nfl,2025,1000,Reggie Gilliam,BUF,FB,"$1,346,005"
1000,nfl,2025,,Damar Hamlin,BUF,S,"$1,346,005"
1001,nfl,2025,1002,Isaiahh Loudermilk,PIT,DL/DE,"$1,343,800"
1002,nfl,2025,1003,Delmar Glaze,LV,RT,"$1,343,214"
1003,nfl,2025,1004,Jonah Elliss,DEN,ED/OLB,"$1,343,073"
1004,nfl,2025,1005,RJ Harvey,DEN,RB,"$1,342,953"
1005,nfl,2025,1006,Ross Matiscik,JAX,LS,"$1,340,080"
1006,nfl,2025,1007,Kayode Awosika,DET,G,"$1,340,000"
1007,nfl,2025,1008,Calen Bullock,HOU,S,"$1,339,956"
1008,nfl,2025,1009,Matt Goncalves,IND,G,"$1,335,874"
1009,nfl,2025,1010,Liam McCullough,ATL,LS,"$1,333,190"
1010,nfl,2025,1011,David Quessenberry,LAR,RT/G,"$1,333,150"
1011,nfl,2025,1012,Joshua Uche,PHI,ED/OLB,"$1,328,820"
1012,nfl,2025,1013,Trey Amos,WAS,CB,"$1,327,665"
1013,nfl,2025,1014,Christian Haynes,SEA,G,"$1,327,630"
1014,nfl,2025,1015,Tip Reiman,ARI,TE,"$1,324,709"
1015,nfl,2025,1016,Damone Clark,HOU,LB,"$1,324,556"
1016,nfl,2025,1017,Blake Corum,LAR,RB,"$1,320,026"
1017,nfl,2025,1018,Trenton Brown,HOU,RT,"$1,319,935"
1018,nfl,2025,1019,Trevor Penning,LAC,LT,"$1,316,817"
1019,nfl,2025,1020,Shemar Turner,CHI,DL/DT,"$1,316,643"
1020,nfl,2025,1021,Roman Wilson,PIT,WR,"$1,314,540"
1021,nfl,2025,1022,Omarr Norman-Lott,KC,DL/DT,"$1,312,701"
1022,nfl,2025,1023,Zak Zinter,CLE,G,"$1,311,855"
1023,nfl,2025,1024,Mitchell Fraboni,DEN,LS,"$1,308,820"
1024,nfl,2025,1025,Max Mitchell,NYJ,LT,"$1,308,772"
1025,nfl,2025,1026,Dane Belton,NYG,S,"$1,306,202"
1026,nfl,2025,1027,Andrew Mukuba,PHI,S,"$1,304,814"
1027,nfl,2025,1028,Dominick Puni,SF,G,"$1,304,399"
1028,nfl,2025,1029,Marist Liufau,DAL,LB,"$1,303,291"
1029,nfl,2025,1030,Marshawn Lloyd,GB,RB,"$1,301,665"
1030,nfl,2025,1031,Tykee Smith,TB,S,"$1,301,324"
1031,nfl,2025,1032,Elijah Jones,ARI,CB,"$1,300,983"
1032,nfl,2025,1033,Ty'Ron Hopper,GB,LB,"$1,299,280"
1033,nfl,2025,1034,Adisa Isaac,BAL,ED/OLB,"$1,293,409"
1034,nfl,2025,1035,Zamir White,LV,RB,"$1,291,021"
1035,nfl,2025,1036,Jalen McMillan,TB,WR,"$1,289,256"
1036,nfl,2025,1037,Jalyx Hunt,PHI,ED/OLB,"$1,287,795"
1037,nfl,2025,1038,Christian Kuntz,PIT,LS,"$1,287,153"
1038,nfl,2025,1039,Charlie Kolar,BAL,TE,"$1,285,985"
1039,nfl,2025,1040,DeWayne Carter,BUF,DL/DT,"$1,285,334"
1040,nfl,2025,1041,Jordan Stout,BAL,P,"$1,284,223"
1041,nfl,2025,1042,Matt Pryor,PHI,G/T,"$1,283,820"
1042,nfl,2025,1043,Jarrian Jones,JAX,CB,"$1,281,969"
1043,nfl,2025,,Kamren Kinchens,LAR,S,"$1,281,969"
1044,nfl,2025,,Luke McCaffrey,WAS,WR,"$1,281,969"
1045,nfl,2025,1046,Payton Wilson,PIT,LB,"$1,280,709"
1046,nfl,2025,1047,McKinnley Jackson,CIN,DL/DT,"$1,279,134"
1047,nfl,2025,1048,Kylen Granson,PHI,TE,"$1,278,190"
1048,nfl,2025,1049,Byron Young,PHI,DL/DT,"$1,274,158"
1049,nfl,2025,1050,Jacob Bobenmoyer,LV,LS,"$1,264,765"
1050,nfl,2025,1051,Ahkello Witherspoon,LAR,CB,"$1,262,560"
1051,nfl,2025,1052,Ja'Tavion Sanders,CAR,TE,"$1,262,379"
1052,nfl,2025,1053,Chidobe Awuzie,BAL,CB,"$1,261,300"
1053,nfl,2025,1054,Ogbonnia Okoronkwo,PHI,ED/OLB,"$1,255,000"
1054,nfl,2025,,Tim Patrick,JAX,WR,"$1,255,000"
1055,nfl,2025,1056,Kelee Ringo,PHI,CB,"$1,244,052"
1056,nfl,2025,1057,Blake Freeland,IND,RT,"$1,242,790"
1057,nfl,2025,1058,Nick Saldiveri,NO,T,"$1,240,571"
1058,nfl,2025,1059,Anthony Bradford,SEA,G,"$1,239,501"
1059,nfl,2025,1060,Dylan Horton,HOU,ED/DE,"$1,239,079"
1060,nfl,2025,1061,Adetomiwa Adebawore,IND,DL/DT,"$1,238,047"
1061,nfl,2025,1062,Dawand Jones,CLE,LT,"$1,236,588"
1062,nfl,2025,1063,Nathan Landman,LAR,LB/ILB,"$1,235,080"
1063,nfl,2025,1064,Dre'Mont Jones,BAL,ED/OLB,"$1,235,000"
1064,nfl,2025,1065,Calvin Austin,PIT,WR,"$1,234,905"
1065,nfl,2025,1066,Darius Alexander,NYG,DL/DT,"$1,233,814"
1066,nfl,2025,1067,Roschon Johnson,CHI,RB,"$1,232,252"
1067,nfl,2025,1068,Clark Phillips III,ATL,CB,"$1,232,202"
1068,nfl,2025,1069,Mekhi Blackmon,IND,CB,"$1,232,189"
1069,nfl,2025,1070,Chandler Zavala,CAR,G,"$1,231,754"
1070,nfl,2025,1071,Colby Wooden,GB,DL/DT,"$1,230,802"
1071,nfl,2025,1072,Eyioma Uwazurike,DEN,DL/DE,"$1,230,287"
1072,nfl,2025,1073,Harold Fannin Jr.,CLE,TE,"$1,230,004"
1073,nfl,2025,1074,Ashton Gillotte,KC,ED/DE,"$1,229,837"
1074,nfl,2025,1075,Chamarri Conner,KC,CB,"$1,227,291"
1075,nfl,2025,1076,Darien Porter,LV,CB,"$1,226,104"
1076,nfl,2025,1077,Cameron Sample,CIN,ED/DE,"$1,225,000"
1077,nfl,2025,1078,Ventrell Miller,JAX,LB,"$1,224,314"
1078,nfl,2025,1079,Kyle Williams,NE,WR,"$1,223,983"
1079,nfl,2025,1080,Jon Gaines II,ARI,G,"$1,221,880"
1080,nfl,2025,1081,Tavius Robinson,BAL,ED/OLB,"$1,220,221"
1081,nfl,2025,1082,Derius Davis,LAC,WR,"$1,216,488"
1082,nfl,2025,1083,Isaiah McGuire,CLE,ED/DE,"$1,216,173"
1083,nfl,2025,1084,Stetson Bennett,LAR,QB,"$1,214,865"
1084,nfl,2025,1085,Isaac TeSlaa,DET,WR,"$1,214,455"
1085,nfl,2025,1086,Charlie Jones,CIN,WR,"$1,208,199"
1086,nfl,2025,1087,Victor Dimukeje,NYG,ED/OLB,"$1,207,580"
1087,nfl,2025,,Casey Kreiter,NYG,LS,"$1,207,580"
1088,nfl,2025,,Chukwuma Okorafor,NYJ,RT,"$1,207,580"
1089,nfl,2025,1090,Matt Hennessy,SF,C,"$1,207,500"
1090,nfl,2025,1091,Andrew Beck,NYJ,FB/TE,"$1,207,265"
1091,nfl,2025,1092,Miles Sanders,DAL,RB,"$1,206,950"
1092,nfl,2025,1093,Brandon Allen,TEN,QB,"$1,206,320"
1093,nfl,2025,,K.J. Britt,MIA,LB/ILB,"$1,206,320"
1094,nfl,2025,,A.J. Dillon,PHI,RB,"$1,206,320"
1095,nfl,2025,,Willie Gay Jr.,MIA,LB/OLB,"$1,206,320"
1096,nfl,2025,,J.J. Jansen,CAR,LS,"$1,206,320"
1097,nfl,2025,,Avonte Maddox,DET,CB,"$1,206,320"
1098,nfl,2025,,Alexander Mattison,MIA,RB,"$1,206,320"
1099,nfl,2025,,Scotty Miller,PIT,WR,"$1,206,320"
1100,nfl,2025,1101,Deandre Carter,CLE,WR,"$1,206,005"
1101,nfl,2025,,Nick Scott,CAR,S,"$1,206,005"
1102,nfl,2025,,Elijah Wilkinson,ATL,G,"$1,206,005"
1103,nfl,2025,1104,Kindle Vildor,TB,CB,"$1,205,690"
1104,nfl,2025,1105,Neville Gallimore,IND,DL/DT,"$1,205,060"
1105,nfl,2025,,David Moore,CAR,WR,"$1,205,060"
1106,nfl,2025,1107,Jake Hummel,BAL,LB/ILB,"$1,205,040"
1107,nfl,2025,1108,Johnny Hekker,TEN,P,"$1,204,745"
1108,nfl,2025,1109,Nick Herbig,PIT,ED/OLB,"$1,204,530"
1109,nfl,2025,1110,Morgan Cox,TEN,LS,"$1,204,115"
1110,nfl,2025,1111,Jerome Baker,CLE,LB/ILB,"$1,203,800"
1111,nfl,2025,1112,Michael Carter II,PHI,CB,"$1,203,056"
1112,nfl,2025,1113,Jay Ward,MIN,S,"$1,201,891"
1113,nfl,2025,1114,Pat Bryant,DEN,WR,"$1,201,390"
1114,nfl,2025,1115,Joe Cardona,MIA,LS,"$1,201,280"
1115,nfl,2025,1116,Al-Quadin Muhammad,DET,ED/DE,"$1,200,020"
1116,nfl,2025,1117,JuJu Smith-Schuster,KC,WR,"$1,199,075"
1117,nfl,2025,1118,D.J. Davidson,NYG,DL/DT,"$1,198,609"
1118,nfl,2025,1119,Ben Bartch,SF,G,"$1,197,500"
1119,nfl,2025,,Chuck Clark,PIT,S,"$1,197,500"
1120,nfl,2025,,Demetrius Flannigan-Fowles,NYG,LB/ILB,"$1,197,500"
1121,nfl,2025,,Josh Johnson,WAS,QB,"$1,197,500"
1122,nfl,2025,,Chris Manhertz,NYG,TE,"$1,197,500"
1123,nfl,2025,,Jeremy McNichols,WAS,RB,"$1,197,500"
1124,nfl,2025,,Andrus Peat,PIT,RT,"$1,197,500"
1125,nfl,2025,,Dalton Risner,CIN,G,"$1,197,500"
1126,nfl,2025,,Trenton Scott,WAS,RT,"$1,197,500"
1127,nfl,2025,,Aaron Stinnie,NYG,G,"$1,197,500"
1128,nfl,2025,,Jon Weeks,SF,LS,"$1,197,500"
1129,nfl,2025,,Carson Wentz,MIN,QB,"$1,197,500"
1130,nfl,2025,1131,Troy Franklin,DEN,WR,"$1,197,214"
1131,nfl,2025,1132,Kevin Givens,SF,DL/DT,"$1,195,000"
1132,nfl,2025,1133,Tyler Allgeier,ATL,RB,"$1,192,294"
1133,nfl,2025,1134,Otito Ogbonnia,LAC,DL/DT,"$1,188,540"
1134,nfl,2025,1135,Princely Umanmielen,CAR,ED/OLB,"$1,185,459"
1135,nfl,2025,1136,Jabrill Peppers,PIT,S,"$1,185,278"
1136,nfl,2025,1137,Tycen Anderson,CIN,S,"$1,185,026"
1137,nfl,2025,1138,Jordan Burch,ARI,ED/DE,"$1,184,091"
1138,nfl,2025,1139,Ty Chandler,MIN,RB,"$1,183,530"
1139,nfl,2025,1140,Dadrion Taylor-Demerson,ARI,S,"$1,180,531"
1140,nfl,2025,1141,Blake Hance,TEN,G,"$1,180,000"
1141,nfl,2025,,Nick McCloud,CHI,CB,"$1,180,000"
1142,nfl,2025,,Jihad Ward,TEN,DL/DE,"$1,180,000"
1143,nfl,2025,1144,Gardner Minshew,KC,QB,"$1,179,450"
1144,nfl,2025,1145,Kyle Dugger,PIT,S,"$1,179,412"
1145,nfl,2025,1146,Jaylin Noel,HOU,WR,"$1,179,334"
1146,nfl,2025,1147,Brett Toth,PHI,G,"$1,178,820"
1147,nfl,2025,1148,Justin Eboigbe,LAC,DL/DT,"$1,178,573"
1148,nfl,2025,1149,Dominique Robinson,CHI,ED/DE,"$1,178,369"
1149,nfl,2025,1150,Theo Johnson,NYG,TE,"$1,177,939"
1150,nfl,2025,1151,Andre James,LAC,C,"$1,177,560"
1151,nfl,2025,1152,Cedric Gray,TEN,LB,"$1,177,443"
1152,nfl,2025,1153,Devin White,LV,LB/ILB,"$1,175,670"
1153,nfl,2025,1154,Brandon Dorlus,ATL,DL/DE,"$1,174,419"
1154,nfl,2025,1155,Dylan Fairchild,CIN,G,"$1,171,029"
1155,nfl,2025,1156,Decamerion Richardson,LV,CB,"$1,170,334"
1156,nfl,2025,1157,Keion White,SF,LB/OLB,"$1,170,157"
1157,nfl,2025,1158,Nick Niemann,GB,LB/ILB,"$1,170,000"
1158,nfl,2025,,Khalen Saunders,NYJ,DL/DT,"$1,170,000"
1159,nfl,2025,1160,Devontez Walker,BAL,WR,"$1,169,543"
1160,nfl,2025,1161,Evan Williams,GB,S,"$1,169,540"
1161,nfl,2025,1162,Aidan O'Connell,LV,QB,"$1,167,425"
1162,nfl,2025,1163,Joey Slye,TEN,K,"$1,163,820"
1163,nfl,2025,1164,Tanor Bortolini,IND,C,"$1,163,788"
1164,nfl,2025,1165,Kaleb Johnson,PIT,RB,"$1,163,387"
1165,nfl,2025,1166,Tyrice Knight,SEA,LB,"$1,161,960"
1166,nfl,2025,1167,Mason McCormick,PIT,G,"$1,160,044"
1167,nfl,2025,1168,Jacob Parrish,TB,CB,"$1,159,129"
1168,nfl,2025,1169,Jaylen Wright,MIA,RB,"$1,158,825"
1169,nfl,2025,1170,A.J. Barner,SEA,TE,"$1,157,597"
1170,nfl,2025,1171,Malcolm Rodríguez,DET,LB/OLB,"$1,155,802"
1171,nfl,2025,1172,Nohl Williams,KC,CB,"$1,155,453"
1172,nfl,2025,1173,Jalen Nailor,MIN,WR,"$1,153,985"
1173,nfl,2025,1174,Andrew Ogletree,IND,TE,"$1,153,367"
1174,nfl,2025,1175,Jamaree Caldwell,LAC,DL/DT,"$1,152,374"
1175,nfl,2025,1176,Grant Calcaterra,PHI,TE,"$1,152,356"
1176,nfl,2025,1177,Bucky Irving,TB,RB,"$1,151,708"
1177,nfl,2025,1178,Tory Taylor,CHI,P,"$1,150,517"
1178,nfl,2025,1179,Ugo Amadi,NO,S,"$1,150,080"
1179,nfl,2025,1180,Will Shipley,PHI,RB,"$1,148,061"
1180,nfl,2025,1181,Connor Heyward,PIT,TE,"$1,147,626"
1181,nfl,2025,1182,Wyatt Milum,JAX,G,"$1,146,802"
1182,nfl,2025,1183,Ray Davis,BUF,RB,"$1,146,487"
1183,nfl,2025,1184,Isaac Guerendo,SF,RB,"$1,144,952"
1184,nfl,2025,1185,Josaiah Stewart,LAR,ED/OLB,"$1,144,848"
1185,nfl,2025,1186,Spencer Shrader,IND,K,"$1,143,820"
1186,nfl,2025,1187,Jalen Milroe,SEA,QB,"$1,143,272"
1187,nfl,2025,1188,T.J. Tampa,BAL,CB,"$1,142,804"
1188,nfl,2025,1189,Kalia Davis,SF,DL/DT,"$1,141,824"
1189,nfl,2025,,Ko Kieft,TB,TE,"$1,141,824"
1190,nfl,2025,1191,Jared Wiley,KC,TE,"$1,140,345"
1191,nfl,2025,1192,Kyle Allen,DET,QB,"$1,138,820"
1192,nfl,2025,1193,Jonas Sanker,NO,S,"$1,138,550"
1193,nfl,2025,1194,Nick Martin,SF,LB,"$1,137,760"
1194,nfl,2025,1195,Chris Paul,WAS,G,"$1,136,191"
1195,nfl,2025,1196,Dillon Gabriel,CLE,QB,"$1,135,761"
1196,nfl,2025,1197,Dareke Young,SEA,WR,"$1,134,095"
1197,nfl,2025,1198,Jared Wilson,NE,G,"$1,133,776"
1198,nfl,2025,1199,Deane Leonard,LAC,CB,"$1,133,736"
1199,nfl,2025,1200,Rodney Thomas,IND,S,"$1,132,666"
1200,nfl,2025,1201,Yasir Abdullah,JAX,LB/OLB,"$1,131,384"
1201,nfl,2025,1202,Xavier Watts,ATL,S,"$1,129,539"
1202,nfl,2025,1203,Elijah Hicks,CHI,CB,"$1,129,332"
1203,nfl,2025,1204,Savion Williams,GB,WR,"$1,127,702"
1204,nfl,2025,1205,Adam Thielen,PIT,WR,"$1,127,450"
1205,nfl,2025,1206,Isiah Pacheco,KC,RB,"$1,127,022"
1206,nfl,2025,1207,Sai'vion Jones,DEN,DL/DE,"$1,125,045"
1207,nfl,2025,1208,Azareye'h Thomas,NYJ,CB,"$1,124,935"
1208,nfl,2025,1209,Tank Bigsby,PHI,RB,"$1,124,125"
1209,nfl,2025,1210,Charles Grant,LV,LT,"$1,123,757"
1210,nfl,2025,,Caleb Rogers,LV,G,"$1,123,757"
1211,nfl,2025,1212,Tai Felton,MIN,WR,"$1,123,596"
1212,nfl,2025,1213,Upton Stout,SF,CB,"$1,123,113"
1213,nfl,2025,1214,Jordan Howden,NO,S,"$1,121,762"
1214,nfl,2025,1215,Noah Sewell,CHI,LB/OLB,"$1,121,317"
1215,nfl,2025,1216,Chimere Dike,TEN,WR,"$1,119,746"
1216,nfl,2025,1217,Mike Morris,SEA,DL/DE,"$1,119,339"
1217,nfl,2025,1218,Colby Sorsdal,DET,T,"$1,118,841"
1218,nfl,2025,1219,SirVocea Dennis,TB,LB,"$1,118,151"
1219,nfl,2025,1220,Olu Oluwatimi,SEA,C,"$1,117,934"
1220,nfl,2025,1221,Darrell Luter Jr.,SF,CB,"$1,117,198"
1221,nfl,2025,1222,Antonio Johnson,JAX,S,"$1,114,908"
1222,nfl,2025,1223,Dontayvion Wicks,GB,WR,"$1,114,457"
1223,nfl,2025,1224,Bhayshul Tuten,JAX,RB,"$1,114,282"
1224,nfl,2025,1225,Craig Woodson,NE,S,"$1,111,766"
1225,nfl,2025,1226,Will Mallory,IND,TE,"$1,111,468"
1226,nfl,2025,1227,Kevin Winston Jr.,TEN,S,"$1,110,723"
1227,nfl,2025,1228,Brock Hoffman,DAL,C,"$1,110,080"
1228,nfl,2025,,Xavier Newman-Johnson,NYJ,G,"$1,110,080"
1229,nfl,2025,1230,Chase Brown,CIN,RB,"$1,110,044"
1230,nfl,2025,1231,John Ridgeway,NO,DL/DT,"$1,109,765"
1231,nfl,2025,,Nahshon Wright,CHI,CB,"$1,109,765"
1232,nfl,2025,1233,Terell Smith,CHI,CB,"$1,109,051"
1233,nfl,2025,1234,Darrell Baker Jr.,TEN,CB,"$1,108,820"
1234,nfl,2025,,Mike Brown,TEN,S,"$1,108,820"
1235,nfl,2025,,Akayleb Evans,CAR,CB,"$1,108,820"
1236,nfl,2025,,Hassan Haskins,LAC,RB,"$1,108,820"
1237,nfl,2025,,Teagan Quitoriano,ATL,TE,"$1,108,820"
1238,nfl,2025,,Corliss Waitman,PIT,P,"$1,108,820"
1239,nfl,2025,1240,Julius Chestnut,TEN,RB,"$1,108,505"
1240,nfl,2025,,Tyquan Thornton,KC,WR,"$1,108,505"
1241,nfl,2025,1242,Dont'e Thornton Jr.,LV,WR,"$1,106,267"
1242,nfl,2025,1243,Deone Walker,BUF,DL/DT,"$1,105,627"
1243,nfl,2025,1244,Chris Rumph II,NO,ED/OLB,"$1,105,040"
1244,nfl,2025,1245,Arian Smith,NYJ,WR,"$1,104,277"
1245,nfl,2025,1246,Eric Johnson,IND,DL/DT,"$1,103,780"
1246,nfl,2025,1247,J.J. Russell,ARI,LB/ILB,"$1,102,520"
1247,nfl,2025,1248,Ty Robinson,PHI,DL/DT,"$1,101,815"
1248,nfl,2025,1249,Davis Allen,LAR,TE,"$1,101,324"
1249,nfl,2025,,Eric Gray,NYG,RB,"$1,101,324"
1250,nfl,2025,,Warren McClendon Jr.,LAR,RT,"$1,101,324"
1251,nfl,2025,1252,Jaden Hicks,KC,S,"$1,101,312"
1252,nfl,2025,1253,Sione Vaki,DET,RB,"$1,100,997"
1253,nfl,2025,1254,Danny Stutsman,NO,LB,"$1,100,794"
1254,nfl,2025,1255,Puka Nacua,LAR,WR,"$1,100,694"
1255,nfl,2025,1256,Payne Durham,TB,TE,"$1,100,064"
1256,nfl,2025,,Owen Pappoe,ARI,LB,"$1,100,064"
1257,nfl,2025,,Henry To'oTo'o,HOU,LB,"$1,100,064"
1258,nfl,2025,1259,Jalyn Armour-Davis,TEN,CB,"$1,100,000"
1259,nfl,2025,,Sam Howell,PHI,QB,"$1,100,000"
1260,nfl,2025,,D'Marco Jackson,CHI,LB/ILB,"$1,100,000"
1261,nfl,2025,,Jack Jones,MIA,CB,"$1,100,000"
1262,nfl,2025,,Jaylon Jones,CHI,S,"$1,100,000"
1263,nfl,2025,,Damarri Mathis,CAR,CB,"$1,100,000"
1264,nfl,2025,1265,Ja'Lynn Polk,NO,WR,"$1,098,374"
1265,nfl,2025,1266,CJ West,SF,DL/DT,"$1,095,832"
1266,nfl,2025,1267,Trevor Etienne,CAR,RB,"$1,095,728"
1267,nfl,2025,1268,Cody Simon,ARI,LB/ILB,"$1,095,376"
1268,nfl,2025,1269,Woody Marks,HOU,RB,"$1,094,484"
1269,nfl,2025,1270,Jarquez Hunter,LAR,RB,"$1,093,559"
1270,nfl,2025,1271,Karl Brooks,GB,DL/DT,"$1,091,827"
1271,nfl,2025,1272,Kei'Trel Clark,ARI,CB,"$1,090,658"
1272,nfl,2025,1273,Josh Hayes,TB,S,"$1,089,599"
1273,nfl,2025,1274,Barrett Carter,CIN,LB,"$1,089,071"
1274,nfl,2025,1275,Parker Washington,JAX,WR,"$1,087,831"
1275,nfl,2025,1276,Gunnar Helm,TEN,TE,"$1,087,735"
1276,nfl,2025,1277,JL Skinner,DEN,S,"$1,087,560"
1277,nfl,2025,1278,Kayshon Boutte,NE,WR,"$1,086,581"
1278,nfl,2025,1279,Tanner McKee,PHI,QB,"$1,085,450"
1279,nfl,2025,1280,Jake Bates,DET,K,"$1,085,000"
1280,nfl,2025,1281,Bryce Baringer,NE,P,"$1,084,694"
1281,nfl,2025,1282,Luke Wypler,CLE,C,"$1,083,498"
1282,nfl,2025,1283,Lathan Ransom,CAR,S,"$1,082,821"
1283,nfl,2025,1284,Jack Sawyer,PIT,ED/OLB,"$1,082,563"
1284,nfl,2025,1285,Scott Matlock,LAC,FB,"$1,081,894"
1285,nfl,2025,1286,Jarrett Patterson,HOU,C,"$1,081,313"
1286,nfl,2025,1287,Xavier Hutchinson,HOU,WR,"$1,079,746"
1287,nfl,2025,1288,Barryn Sorrell,GB,ED/DE,"$1,078,844"
1288,nfl,2025,1289,Andrei Iosivas,CIN,WR,"$1,078,351"
1289,nfl,2025,1290,Kyle Kennard,LAC,ED/OLB,"$1,077,149"
1290,nfl,2025,1291,Dylan Sampson,CLE,RB,"$1,076,666"
1291,nfl,2025,1292,Jalen Travis,IND,RT,"$1,073,859"
1292,nfl,2025,1293,Demario Douglas,NE,WR,"$1,073,413"
1293,nfl,2025,1294,Dante Stills,ARI,ED/DE,"$1,072,154"
1294,nfl,2025,,Dee Winters,SF,LB,"$1,072,154"
1295,nfl,2025,1296,Malachi Moore,NYJ,S,"$1,068,399"
1296,nfl,2025,1297,Jaylon Jones,IND,CB,"$1,067,190"
1297,nfl,2025,1298,Ethan Evans,LAR,P,"$1,067,081"
1298,nfl,2025,1299,Andrew Vorhees,BAL,G,"$1,065,608"
1299,nfl,2025,1300,DeMarcco Hellams,ATL,S,"$1,065,395"
1300,nfl,2025,1301,Quincy Riley,NO,CB,"$1,065,190"
1301,nfl,2025,1302,Darnay Holmes,LV,CB,"$1,064,765"
1302,nfl,2025,1303,Carrington Valentine,GB,CB,"$1,063,985"
1303,nfl,2025,1304,Ruben Hyppolite II,CHI,LB,"$1,063,761"
1304,nfl,2025,1305,Nehemiah Pritchett,SEA,CB,"$1,063,588"
1305,nfl,2025,1306,Jordan Magee,WAS,LB,"$1,062,887"
1306,nfl,2025,1307,Tarheeb Still,LAC,CB,"$1,062,750"
1307,nfl,2025,1308,D'Wayne Eskridge,MIA,WR,"$1,060,532"
1308,nfl,2025,1309,Jalen Royals,KC,WR,"$1,060,342"
1309,nfl,2025,1310,Cory Trice Jr.,PIT,CB,"$1,059,929"
1310,nfl,2025,1311,Cam Hart,LAC,CB,"$1,059,802"
1311,nfl,2025,1312,Desjuan Johnson,LAR,DL/DT,"$1,059,524"
1312,nfl,2025,1313,D.J. Ivey,CIN,CB,"$1,058,668"
1313,nfl,2025,1314,Alex Forsyth,DEN,C,"$1,058,266"
1314,nfl,2025,,Moro Ojomo,PHI,DL/DT,"$1,058,266"
1315,nfl,2025,1316,Spencer Anderson,PIT,G,"$1,058,264"
1316,nfl,2025,1317,Que Robinson,DEN,ED/OLB,"$1,058,233"
1317,nfl,2025,1318,Sedrick Van Pran-Granger,BUF,C,"$1,057,318"
1318,nfl,2025,1319,JD Bertrand,ATL,LB/ILB,"$1,056,326"
1319,nfl,2025,1320,Kris Abrams-Draine,DEN,CB,"$1,055,573"
1320,nfl,2025,1321,Tommy Eichenberg,LV,LB,"$1,054,508"
1321,nfl,2025,1322,Spencer Rattler,NO,QB,"$1,054,200"
1322,nfl,2025,1323,Josh Newton,CIN,CB,"$1,052,824"
1323,nfl,2025,1324,Kenny McIntosh,SEA,RB,"$1,052,713"
1324,nfl,2025,1325,Landon Jackson,BUF,ED/DE,"$1,051,762"
1325,nfl,2025,1326,Jeremiah Trotter Jr.,PHI,LB,"$1,050,937"
1326,nfl,2025,1327,Jack Kiser,JAX,LB,"$1,050,650"
1327,nfl,2025,1328,Chau Smith-Wade,CAR,CB,"$1,049,816"
1328,nfl,2025,1329,Hunter Nourzad,KC,C,"$1,049,329"
1329,nfl,2025,1330,Mohamoud Diabate,CLE,LB,"$1,046,524"
1330,nfl,2025,1331,Ronnie Hickman,CLE,S,"$1,045,172"
1331,nfl,2025,1332,Keaton Mitchell,BAL,RB,"$1,045,135"
1332,nfl,2025,1333,Eric Saubert,SEA,TE,"$1,044,444"
1333,nfl,2025,1334,Ivan Pace,MIN,LB,"$1,044,228"
1334,nfl,2025,1335,Emari Demercado,ARI,RB,"$1,043,820"
1335,nfl,2025,,Jaleel McLaughlin,DEN,RB,"$1,043,820"
1336,nfl,2025,1337,T.J. Bass,DAL,G,"$1,043,414"
1337,nfl,2025,1338,Julian Hill,MIA,TE,"$1,042,987"
1338,nfl,2025,1339,Nate Adkins,DEN,TE,"$1,042,154"
1339,nfl,2025,,Jake Bobo,SEA,WR,"$1,042,154"
1340,nfl,2025,1341,Rasheen Ali,BAL,RB,"$1,041,917"
1341,nfl,2025,1342,Christian Izien,TB,S,"$1,041,839"
1342,nfl,2025,1343,Brenton Cox Jr.,GB,ED/DE,"$1,041,820"
1343,nfl,2025,1344,Tyrone Tracy,NYG,RB,"$1,041,668"
1344,nfl,2025,1345,Chris Stoll,SEA,LS,"$1,040,672"
1345,nfl,2025,1346,Sean Tucker,TB,RB,"$1,040,486"
1346,nfl,2025,1347,Alex Austin,NE,CB,"$1,040,080"
1347,nfl,2025,,Christian Braswell,JAX,CB,"$1,040,080"
1348,nfl,2025,,Daniel Hardy,CHI,ED/DE,"$1,040,080"
1349,nfl,2025,,Jordan Meredith,LV,C,"$1,040,080"
1350,nfl,2025,,Troy Reeder,LAR,LB/ILB,"$1,040,080"
1351,nfl,2025,,Chris Rodriguez Jr.,WAS,RB,"$1,040,080"
1352,nfl,2025,1353,Irvin Charles,NYJ,WR,"$1,039,765"
1353,nfl,2025,,Kyu Blu Kelly,LV,CB,"$1,039,765"
1354,nfl,2025,1355,Brandon Aubrey,DAL,K,"$1,039,450"
1355,nfl,2025,,Mike Caliendo,KC,G,"$1,039,450"
1356,nfl,2025,,Juanyeh Thomas,DAL,S,"$1,039,450"
1357,nfl,2025,1358,Jay Tufele,NYJ,DL/DT,"$1,039,135"
1358,nfl,2025,1359,Cole Strange,MIA,G,"$1,038,889"
1359,nfl,2025,1360,David Sills,ATL,WR,"$1,038,887"
1360,nfl,2025,1361,Markees Watts,TB,ED/OLB,"$1,038,839"
1361,nfl,2025,1362,Zayne Anderson,GB,S,"$1,038,820"
1362,nfl,2025,,Ethan Bonner,MIA,CB,"$1,038,820"
1363,nfl,2025,,Chris Brooks,GB,RB,"$1,038,820"
1364,nfl,2025,,Claudin Cherelus,CAR,LB/ILB,"$1,038,820"
1365,nfl,2025,,Tucker Fisk,LAC,TE,"$1,038,820"
1366,nfl,2025,,Cameron Goode,MIA,LB/OLB,"$1,038,820"
1367,nfl,2025,,Tyler Goodson,IND,RB,"$1,038,820"
1368,nfl,2025,,Elijah Higgins,ARI,TE,"$1,038,820"
1369,nfl,2025,,Thomas Incoom,CAR,ED/OLB,"$1,038,820"
1370,nfl,2025,,Lucas Krull,DEN,TE,"$1,038,820"
1371,nfl,2025,,Ryan McCollum,PIT,C,"$1,038,820"
1372,nfl,2025,,Bo Melton,GB,CB,"$1,038,820"
1373,nfl,2025,,James Mitchell,CAR,TE,"$1,038,820"
1374,nfl,2025,,Trevor Nowaske,DET,LB/OLB,"$1,038,820"
1375,nfl,2025,,Ty Okada,SEA,S,"$1,038,820"
1376,nfl,2025,,Segun Olubi,IND,LB/ILB,"$1,038,820"
1377,nfl,2025,,Esezi Otomewo,PIT,DL/DE,"$1,038,820"
1378,nfl,2025,,LaBryan Ray,CAR,DL/DE,"$1,038,820"
1379,nfl,2025,,Brady Russell,SEA,TE,"$1,038,820"
1380,nfl,2025,,Chad Ryland,ARI,K,"$1,038,820"
1381,nfl,2025,,Patrick Taylor,SF,RB,"$1,038,820"
1382,nfl,2025,,Drake Thomas,SEA,LB,"$1,038,820"
1383,nfl,2025,,Jake Tonges,SF,TE,"$1,038,820"
1384,nfl,2025,,Olisaemeka Udoh,TEN,LT,"$1,038,820"
1385,nfl,2025,,Travis Vokolek,ARI,TE,"$1,038,820"
1386,nfl,2025,,Josh Woods,ATL,LB/ILB,"$1,038,820"
1387,nfl,2025,,Rock Ya-Sin,DET,CB,"$1,038,820"
1388,nfl,2025,1389,Alec Anderson,BUF,G,"$1,038,505"
1389,nfl,2025,,Jovaughn Gwyn,ATL,C,"$1,038,505"
1390,nfl,2025,,Ja’Quan McMillian,DEN,CB,"$1,038,505"
1391,nfl,2025,,Sam Okuayinonu,SF,ED/DE,"$1,038,505"
1392,nfl,2025,,Ryan Van Demark,BUF,LT,"$1,038,505"
1393,nfl,2025,,Blake Whiteheart,CLE,TE,"$1,038,505"
1394,nfl,2025,1395,Chase Lucas,SF,CB,"$1,038,190"
1395,nfl,2025,,Emanuel Wilson,GB,RB,"$1,038,190"
1396,nfl,2025,1397,Deion Jones,TB,LB/ILB,"$1,037,875"
1397,nfl,2025,1398,Jake Browning,CIN,QB,"$1,037,245"
1398,nfl,2025,1399,Bryce Ford-Wheaton,NYG,WR,"$1,036,667"
1399,nfl,2025,1400,Jake Andrews,HOU,C,"$1,036,300"
1400,nfl,2025,1401,Tanner Hudson,CIN,TE,"$1,035,985"
1401,nfl,2025,1402,James Lynch,TEN,DL/DT,"$1,035,040"
1402,nfl,2025,1403,Austin Deculus,LAC,LT,"$1,035,000"
1403,nfl,2025,1404,Matthew Butler,MIA,DL/DT,"$1,034,410"
1404,nfl,2025,1405,Jaylan Ford,NO,LB,"$1,033,649"
1405,nfl,2025,,Qwan'tez Stiggers,NYJ,CB,"$1,033,649"
1406,nfl,2025,1407,Jaylin Lane,WAS,WR,"$1,033,279"
1407,nfl,2025,1408,Zach Cunningham,DET,LB/ILB,"$1,032,520"
1408,nfl,2025,1409,Kitan Oladapo,GB,S,"$1,032,389"
1409,nfl,2025,1410,Javon Solomon,BUF,ED/DE,"$1,032,074"
1410,nfl,2025,1411,Eddie Goldman,WAS,DL/DT,"$1,031,260"
1411,nfl,2025,1412,Jamal Adams,LV,S,"$1,030,000"
1412,nfl,2025,,Hakeem Adeniji,DAL,LT,"$1,030,000"
1413,nfl,2025,,Jakorian Bennett,PHI,CB,"$1,030,000"
1414,nfl,2025,,Thomas Booker,LV,DL/DT,"$1,030,000"
1415,nfl,2025,,Teddy Bridgewater,TB,QB,"$1,030,000"
1416,nfl,2025,,Daniel Brunskill,MIA,G,"$1,030,000"
1417,nfl,2025,,Scott Daly,CHI,LS,"$1,030,000"
1418,nfl,2025,,Tommy DeVito,NE,QB,"$1,030,000"
1419,nfl,2025,,Cory Durden,NE,DL/DT,"$1,030,000"
1420,nfl,2025,,Devin Duvernay,CHI,WR,"$1,030,000"
1421,nfl,2025,,George Fant,WAS,RT,"$1,030,000"
1422,nfl,2025,,Stone Forsythe,LV,RT,"$1,030,000"
1423,nfl,2025,,Sam Franklin,BUF,S,"$1,030,000"
1424,nfl,2025,,C.J. Goodwin,DAL,CB,"$1,030,000"
1425,nfl,2025,,James Houston,DAL,ED/DE,"$1,030,000"
1426,nfl,2025,,Fred Johnson,PHI,RT,"$1,030,000"
1427,nfl,2025,,Anthony Johnson Jr.,NYG,CB,"$1,030,000"
1428,nfl,2025,,Cam Jones,NYJ,LB,"$1,030,000"
1429,nfl,2025,,Darian Kinnard,GB,RT,"$1,030,000"
1430,nfl,2025,,Tyler Lacy,DET,DL/DT,"$1,030,000"
1431,nfl,2025,,Tristin McCollum,LV,CB,"$1,030,000"
1432,nfl,2025,,Thomas Morstead,SF,P,"$1,030,000"
1433,nfl,2025,,Derrick Nnadi,KC,DL/DT,"$1,030,000"
1434,nfl,2025,,Gunner Olszewski,NYG,WR,"$1,030,000"
1435,nfl,2025,,Trey Palmer,NO,WR,"$1,030,000"
1436,nfl,2025,,Asim Richards,NO,RT,"$1,030,000"
1437,nfl,2025,,Shaq Thompson,BUF,LB,"$1,030,000"
1438,nfl,2025,,Robert Tonyan Jr.,KC,TE,"$1,030,000"
1439,nfl,2025,,Tyrus Wheat,DET,ED/DE,"$1,030,000"
1440,nfl,2025,1441,Malik Mustapha,SF,S,"$1,029,942"
1441,nfl,2025,1442,Walter Rouse,MIN,RT,"$1,025,468"
1442,nfl,2025,1443,Jonah Williams,NO,ED/OLB,"$1,022,778"
1443,nfl,2025,1444,Malik Washington,MIA,WR,"$1,018,710"
1444,nfl,2025,1445,Casey Washington,ATL,WR,"$1,017,219"
1445,nfl,2025,1446,Jamal Hill,HOU,LB,"$1,016,168"
1446,nfl,2025,1447,Tyler Davis,LAR,DL/DT,"$1,015,718"
1447,nfl,2025,1448,Mekhi Wingo,DET,DL/DT,"$1,015,520"
1448,nfl,2025,1449,Khristian Boyd,NO,DL/DT,"$1,014,472"
1449,nfl,2025,1450,Teddye Buchanan,BAL,LB/ILB,"$1,012,547"
1450,nfl,2025,1451,Will Reichard,MIN,K,"$1,011,475"
1451,nfl,2025,1452,Elic Ayomanor,TEN,WR,"$1,010,479"
1452,nfl,2025,1453,Tonka Hemingway,LV,ED/DE,"$1,009,996"
1453,nfl,2025,1454,Emery Jones Jr.,BAL,G,"$1,009,684"
1454,nfl,2025,1455,Jordan Watkins,SF,WR,"$1,009,513"
1455,nfl,2025,1456,Isaiah Davis,NYJ,RB,"$1,008,921"
1456,nfl,2025,1457,Dylan Laube,LV,RB,"$1,008,878"
1457,nfl,2025,1458,Anthony Gould,IND,WR,"$1,007,536"
1458,nfl,2025,1459,Beaux Limmer,LAR,C,"$1,004,677"
1459,nfl,2025,,Cam Little,JAX,K,"$1,004,677"
1460,nfl,2025,,Jordan Whittington,LAR,WR,"$1,004,677"
1461,nfl,2025,1462,Elijah Klein,TB,G,"$1,003,417"
1462,nfl,2025,1463,John Metchie,NYJ,WR,"$1,003,043"
1463,nfl,2025,1464,Cooper Hodges,JAX,T,"$996,138"
1464,nfl,2025,1465,Myles Harden,CLE,CB,"$996,088"
1465,nfl,2025,1466,Michael Jurgens,MIN,C,"$996,005"
1466,nfl,2025,1467,Levi Drake Rodriguez,MIN,DL/DT,"$995,317"
1467,nfl,2025,1468,Shavon Revel Jr.,DAL,CB,"$993,430"
1468,nfl,2025,1469,James Williams,TEN,LB/ILB,"$991,193"
1469,nfl,2025,1470,Devin Culp,TB,TE,"$990,366"
1470,nfl,2025,1471,Josh Wallace,LAR,CB,"$990,080"
1471,nfl,2025,1472,Tatum Bethune,SF,LB,"$989,272"
1472,nfl,2025,1473,Jaylen Harrell,TEN,ED/OLB,"$989,004"
1473,nfl,2025,1474,Dalton Tucker,IND,G,"$982,153"
1474,nfl,2025,1475,Cam Grandy,CIN,TE,"$980,000"
1475,nfl,2025,1476,Xavier Weaver,ARI,WR,"$978,805"
1476,nfl,2025,1477,Mazi Smith,NYJ,DL/DT,"$978,395"
1477,nfl,2025,1478,Frank Crum,DEN,RT,"$977,153"
1478,nfl,2025,1479,Braiden McGregor,NYJ,ED/DE,"$976,746"
1479,nfl,2025,,Tyler Owens,WAS,S,"$976,746"
1480,nfl,2025,,Brevyn Spann-Ford,DAL,TE,"$976,746"
1481,nfl,2025,1482,Alex Palczewski,DEN,G,"$975,487"
1482,nfl,2025,1483,Jaylen McCollough,LAR,S,"$975,080"
1483,nfl,2025,1484,British Brooks,HOU,RB,"$973,820"
1484,nfl,2025,1485,Colson Yankoff,WAS,TE,"$973,413"
1485,nfl,2025,1486,Dell Pettus,NE,S,"$973,080"
1486,nfl,2025,,Omar Speights,LAR,LB,"$973,080"
1487,nfl,2025,1488,Harrison Bryant,HOU,TE,"$972,778"
1488,nfl,2025,,Tyler Johnson,NYJ,WR,"$972,778"
1489,nfl,2025,,James Pierre,PIT,CB,"$972,778"
1490,nfl,2025,,Eddy Pineiro,SF,K,"$972,778"
1491,nfl,2025,,Matt Prater,BUF,K,"$972,778"
1492,nfl,2025,1493,Corey Levin,TEN,C,"$972,774"
1493,nfl,2025,,Curtis Robinson,SF,LB/OLB,"$972,774"
1494,nfl,2025,1495,Joshua Farmer,NE,DL/DT,"$972,400"
1495,nfl,2025,1496,Kameron Johnson,TB,WR,"$972,153"
1496,nfl,2025,1497,Tyrell Shavers,BUF,WR,"$972,005"
1497,nfl,2025,1498,Chazz Surratt,SEA,LB/ILB,"$971,665"
1498,nfl,2025,1499,David Martin-Robinson,TEN,TE,"$971,320"
1499,nfl,2025,1500,Justin Dedich,LAR,G,"$970,080"
1500,nfl,2025,,Jonah Laulu,LV,DL/DT,"$970,080"
1501,nfl,2025,,Joe Milton III,DAL,QB,"$970,080"
1502,nfl,2025,,Xavier Smith,LAR,WR,"$970,080"
1503,nfl,2025,,Charles Snowden,LV,ED/DE,"$970,080"
1504,nfl,2025,,Jack Westover,NE,TE,"$970,080"
1505,nfl,2025,1506,Matt Araiza,KC,P,"$969,450"
1506,nfl,2025,,Isaiah Stalbird,NO,LB/ILB,"$969,450"
1507,nfl,2025,1508,Joe Andreessen,BUF,LB,"$969,338"
1508,nfl,2025,1509,Tyler Badie,DEN,RB,"$968,820"
1509,nfl,2025,,Natrone Brooks,ATL,CB,"$968,820"
1510,nfl,2025,,Evan Deckers,TB,LS,"$968,820"
1511,nfl,2025,,Jordan Jackson,DEN,DL/DE,"$968,820"
1512,nfl,2025,,P.J. Mustipher,ARI,DL/DT,"$968,820"
1513,nfl,2025,,Austen Pleasants,SF,RT,"$968,820"
1514,nfl,2025,,Jalen Redmond,MIN,DL/DE,"$968,820"
1515,nfl,2025,,Demani Richardson,CAR,S,"$968,820"
1516,nfl,2025,,Bo Richter,MIN,ED/OLB,"$968,820"
1517,nfl,2025,,Luke Tenuta,IND,LT,"$968,820"
1518,nfl,2025,,Dondrea Tillman,DEN,ED/OLB,"$968,820"
1519,nfl,2025,,Kendall Williamson,LAC,S,"$968,820"
1520,nfl,2025,1521,Devon Key,DEN,S,"$968,505"
1521,nfl,2025,,Ryan Rehkow,CIN,P,"$968,505"
1522,nfl,2025,,Winston Reid,CLE,LB/OLB,"$968,505"
1523,nfl,2025,,Rex Sunahara,CLE,LS,"$968,505"
1524,nfl,2025,,Mitchell Tinsley,CIN,WR,"$968,505"
1525,nfl,2025,1526,Hogan Hatten,DET,LS,"$967,893"
1526,nfl,2025,1527,LaCale London,ATL,DL/DT,"$967,875"
1527,nfl,2025,1528,Tre Tomlinson,SF,CB,"$965,040"
1528,nfl,2025,1529,Tyrion Ingram-Dawkins,MIN,DL/DE,"$963,047"
1529,nfl,2025,1530,Carson Vinson,BAL,RT,"$962,551"
1530,nfl,2025,1531,Cam Jackson,CAR,DL/DT,"$961,831"
1531,nfl,2025,1532,Beau Brade,NYG,S,"$960,000"
1532,nfl,2025,,Jowon Briggs,NYJ,DL/DT,"$960,000"
1533,nfl,2025,,Thomas Harper,DET,S,"$960,000"
1534,nfl,2025,,Michael Jerrell,ATL,T,"$960,000"
1535,nfl,2025,,Charles Woods,NE,CB,"$960,000"
1536,nfl,2025,1537,Jordan Phillips,MIA,DL/DT,"$959,245"
1537,nfl,2025,1538,Zonovan Knight,ARI,RB,"$956,835"
1538,nfl,2025,1539,Shedeur Sanders,CLE,QB,"$955,548"
1539,nfl,2025,1540,Billy Bowman Jr.,ATL,S,"$954,777"
1540,nfl,2025,1541,Mac McWilliams,PHI,CB,"$953,928"
1541,nfl,2025,1542,Ty Hamilton,LAR,DL/DT,"$953,511"
1542,nfl,2025,1543,Jordan James,SF,RB,"$952,980"
1543,nfl,2025,1544,Jaydon Blue,DAL,RB,"$951,114"
1544,nfl,2025,1545,Shemar James,DAL,LB,"$950,689"
1545,nfl,2025,1546,DJ Giddens,IND,RB,"$949,728"
1546,nfl,2025,1547,Marcus Mbow,NYG,RT,"$948,943"
1547,nfl,2025,1548,Jalen Rivers,CIN,G,"$948,789"
1548,nfl,2025,1549,Mason Tipton,NO,WR,"$948,685"
1549,nfl,2025,1550,Dante Trader Jr.,MIA,S,"$948,365"
1550,nfl,2025,1551,Christian Jones,ARI,T,"$947,545"
1551,nfl,2025,1552,Elijah Roberts,TB,DL/DE,"$947,279"
1552,nfl,2025,1553,Jeffrey Bassa,KC,LB,"$946,955"
1553,nfl,2025,1554,KeAndre Lambert-Smith,LAC,WR,"$946,509"
1554,nfl,2025,1555,Jack Stoll,NO,TE,"$945,552"
1555,nfl,2025,1556,Marques Sigle,SF,S,"$943,653"
1556,nfl,2025,1557,Smael Mondon Jr.,PHI,LB,"$941,763"
1557,nfl,2025,1558,Mitchell Evans,CAR,TE,"$941,284"
1558,nfl,2025,1559,Yahya Black,PIT,DL/DT,"$939,789"
1559,nfl,2025,1560,Oronde Gadsden II,LAC,TE,"$938,017"
1560,nfl,2025,1561,Jackson Slater,TEN,C,"$934,661"
1561,nfl,2025,1562,Drew Kendall,PHI,C,"$931,667"
1562,nfl,2025,1563,Cade Stover,HOU,TE,"$931,054"
1563,nfl,2025,1564,Daniel Scott,IND,S,"$925,779"
1564,nfl,2025,1565,Denzel Burke,ARI,CB,"$924,240"
1565,nfl,2025,1566,Jordan Hancock,BUF,CB,"$923,918"
1566,nfl,2025,,Jackson Hawes,BUF,TE,"$923,918"
1567,nfl,2025,1568,Nikko Remigio,KC,WR,"$920,000"
1568,nfl,2025,1569,Cam Skattebo,NYG,RB,"$918,165"
1569,nfl,2025,1570,Trystan Colon-Castillo,DET,G,"$915,556"
1570,nfl,2025,,Tony Jefferson,LAC,SS/S,"$915,556"
1571,nfl,2025,,Preston Smith,WAS,LB/OLB,"$915,556"
1572,nfl,2025,1573,Terrell Burgess,NO,S,"$915,552"
1573,nfl,2025,,Dan Feeney,TB,C,"$915,552"
1574,nfl,2025,1575,Ollie Gordon II,MIA,RB,"$912,835"
1575,nfl,2025,1576,JJ Pegues,LV,DL/DT,"$910,327"
1576,nfl,2025,1577,Mykal Walker,NYJ,LB,"$910,000"
1577,nfl,2025,1578,Andres Borregales,NE,K,"$909,273"
1578,nfl,2025,1579,Ryan Flournoy,DAL,WR,"$906,667"
1579,nfl,2025,1580,Tyler Loop,BAL,K,"$906,345"
1580,nfl,2025,1581,Logan Lee,PIT,DL/DT,"$903,838"
1581,nfl,2025,1582,Francisco Mauigoa,NYJ,LB,"$903,612"
1582,nfl,2025,1583,Bryce Cabeldue,SEA,G,"$902,412"
1583,nfl,2025,1584,Riley Leonard,IND,QB,"$902,031"
1584,nfl,2025,1585,Tahj Brooks,CIN,RB,"$901,256"
1585,nfl,2025,1586,Rayuan Lane III,JAX,S,"$901,018"
1586,nfl,2025,1587,Graham Mertz,HOU,QB,"$900,663"
1587,nfl,2025,1588,Warren Brinson,GB,DL/DT,"$899,977"
1588,nfl,2025,1589,LaJohntay Wester,BAL,WR,"$898,869"
1589,nfl,2025,1590,Vernon Broughton,NO,DL/DT,"$898,659"
1590,nfl,2025,1591,Kain Medrano,WAS,LB,"$896,111"
1591,nfl,2025,1592,Jacob Monk,GB,C,"$895,890"
1592,nfl,2025,1593,Jimmy Horn Jr.,CAR,WR,"$892,402"
1593,nfl,2025,1594,Aeneas Peebles,BAL,DL/DE,"$888,722"
1594,nfl,2025,1595,R.J. Mickens,LAC,S,"$888,078"
1595,nfl,2025,1596,Devaughn Vele,NO,WR,"$885,828"
1596,nfl,2025,1597,Caelen Carson,DAL,CB,"$883,740"
1597,nfl,2025,1598,Jeremy Crawshaw,DEN,P,"$883,570"
1598,nfl,2025,1599,Jay Toia,DAL,DL/DT,"$883,109"
1599,nfl,2025,1600,Jack Nelson,ATL,RT,"$882,501"
1600,nfl,2025,1601,Marcus Bryant,NE,RT,"$882,234"
1601,nfl,2025,1602,Jonah Monheim,JAX,C,"$881,551"
1602,nfl,2025,1603,Carson Bruener,PIT,LB,"$879,065"
1603,nfl,2025,1604,Cody Lindenberg,LV,LB,"$878,834"
1604,nfl,2025,1605,Quinn Ewers,MIA,QB,"$877,563"
1605,nfl,2025,1606,Brashard Smith,KC,RB,"$876,911"
1606,nfl,2025,1607,Nathan Thomas,DAL,LT,"$876,573"
1607,nfl,2025,1608,Kyle Monangai,CHI,RB,"$875,899"
1608,nfl,2025,1609,Mason Richman,SEA,G,"$875,828"
1609,nfl,2025,1610,Tez Johnson,TB,WR,"$875,815"
1610,nfl,2025,1611,LeQuint Allen,JAX,RB,"$875,163"
1611,nfl,2025,1612,Tahj Washington,MIA,WR,"$871,419"
1612,nfl,2025,1613,Konata Mumpfield,LAR,WR,"$870,998"
1613,nfl,2025,1614,Nic Jones,NYG,CB,"$870,871"
1614,nfl,2025,1615,Julian Ashby,NE,LS,"$870,570"
1615,nfl,2025,1616,Jacory Croskey-Merritt,WAS,RB,"$870,382"
1616,nfl,2025,1617,Zeek Biggers,MIA,DL/DT,"$870,087"
1617,nfl,2025,1618,Jalen Sundell,SEA,C,"$869,940"
1618,nfl,2025,1619,Dominic Lovett,DET,WR,"$869,430"
1619,nfl,2025,1620,Marcus Harris,TEN,CB,"$868,878"
1620,nfl,2025,1621,Storm Norton,ATL,LT,"$868,505"
1621,nfl,2025,1622,Connor Colby,SF,G,"$868,477"
1622,nfl,2025,1623,Rondale Moore,MIN,WR,"$865,000"
1623,nfl,2025,1624,Benjamin Chukwuma,TB,RT,"$863,163"
1624,nfl,2025,1625,Sam Roberts,ATL,DL/DT,"$862,221"
1625,nfl,2025,1626,Terrell Jennings,NE,RB,"$861,106"
1626,nfl,2025,1627,Austin Booker,CHI,ED/DE,"$859,586"
1627,nfl,2025,1628,Kitan Crawford,ARI,S,"$859,220"
1628,nfl,2025,1629,Adam Prentice,DEN,FB,"$858,330"
1629,nfl,2025,,Brent Urban,BAL,DL/DE,"$858,330"
1630,nfl,2025,1631,Isaiah Bond,CLE,WR,"$857,666"
1631,nfl,2025,1632,Josh Fryar,ARI,RT,"$855,853"
1632,nfl,2025,1633,Quintin Morris,JAX,TE,"$855,554"
1633,nfl,2025,1634,Connor O'Toole,SEA,ED/OLB,"$854,347"
1634,nfl,2025,1635,Johnathan Edwards,IND,S,"$853,542"
1635,nfl,2025,1636,Efton Chism III,NE,WR,"$853,485"
1636,nfl,2025,1637,Maema Njongmeta,CAR,ED/OLB,"$853,333"
1637,nfl,2025,,Nick Samac,CAR,C,"$853,333"
1638,nfl,2025,1639,Nick Kallerup,SEA,TE,"$852,680"
1639,nfl,2025,1640,Shaun Dolac,LAR,LB,"$852,197"
1640,nfl,2025,1641,Danny Striggow,JAX,ED/DE,"$852,140"
1641,nfl,2025,1642,Christian Mahogany,DET,G,"$851,929"
1642,nfl,2025,1643,Torriccelli Simpkins III,NO,G,"$851,714"
1643,nfl,2025,1644,Jaylin Smith,HOU,CB,"$851,536"
1644,nfl,2025,1645,Adin Huntington,CLE,DL/DT,"$850,691"
1645,nfl,2025,1646,Jahdae Walker,CHI,WR,"$850,530"
1646,nfl,2025,1647,Chaz Chambliss,MIN,ED/OLB,"$850,369"
1647,nfl,2025,,Ben Yurosek,MIN,TE,"$850,369"
1648,nfl,2025,1649,Elijah Ponder,NE,ED/OLB,"$850,152"
1649,nfl,2025,1650,Theo Benedet,CHI,LT,"$850,080"
1650,nfl,2025,,Corey Bullock,BAL,C,"$850,080"
1651,nfl,2025,,Austin McNamara,NYJ,P,"$850,080"
1652,nfl,2025,,Will Putnam,LV,C,"$850,080"
1653,nfl,2025,1654,Rejzohn Wright,NO,CB,"$849,765"
1654,nfl,2025,1655,Nate Carter,ATL,RB,"$849,347"
1655,nfl,2025,,Jared Ivey,SEA,DL/DE,"$849,347"
1656,nfl,2025,1657,Zavier Scott,MIN,WR,"$848,820"
1657,nfl,2025,,Bryce Tremayne,CAR,WR,"$848,820"
1658,nfl,2025,1659,P.J. Jules,CIN,S,"$848,790"
1659,nfl,2025,1660,Ryan Fitzgerald,CAR,K,"$848,542"
1660,nfl,2025,,Bam Martin-Scott,CAR,LB/ILB,"$848,542"
1661,nfl,2025,1662,Nazir Stackhouse,GB,DL/DT,"$848,381"
1662,nfl,2025,1663,Devin Neal,NO,RB,"$847,558"
1663,nfl,2025,1664,Christian Roland-Wallace,KC,S,"$847,500"
1664,nfl,2025,1665,Ale Kaho,WAS,LB,"$847,358"
1665,nfl,2025,,Easton Mascarenas-Arnold,CLE,LB,"$847,358"
1666,nfl,2025,,Donovan McMillon,CLE,S,"$847,358"
1667,nfl,2025,1668,Andre Szmyt,CLE,K,"$847,245"
1668,nfl,2025,1669,Simi Fehoko,ARI,WR,"$847,222"
1669,nfl,2025,1670,Max Brosmer,MIN,QB,"$847,036"
1670,nfl,2025,,Joe Huber,MIN,G,"$847,036"
1671,nfl,2025,1672,Austin Brinkman,HOU,LS,"$846,875"
1672,nfl,2025,,William Wagner,CIN,LS,"$846,875"
1673,nfl,2025,1674,B.J. Green,JAX,ED/DE,"$846,307"
1674,nfl,2025,1675,Tyler Baron,NYJ,ED/DE,"$846,144"
1675,nfl,2025,1676,Marlowe Wax,LAC,LB,"$845,508"
1676,nfl,2025,1677,Keyon Martin,BAL,S,"$845,152"
1677,nfl,2025,1678,Myles Price,MIN,WR,"$843,703"
1678,nfl,2025,1679,Cooper McDonald,KC,LB/OLB,"$843,542"
1679,nfl,2025,1680,Trikweze Bridges,DAL,CB,"$840,000"
1680,nfl,2025,,Eric Gregory,NE,DL/DT,"$840,000"
1681,nfl,2025,,Kai Kroeger,NO,P,"$840,000"
1682,nfl,2025,,KT Leveston,CLE,G,"$840,000"
1683,nfl,2025,,Dorian Mausi,TEN,LB,"$840,000"
1684,nfl,2025,,C.J. Ravenell,TEN,DL/DE,"$840,000"
1685,nfl,2025,,Raheim Sanders,CLE,RB,"$840,000"
1686,nfl,2025,,Jacob Saylors,DET,RB,"$840,000"
1687,nfl,2025,,Reddy Steward,DAL,CB,"$840,000"
1688,nfl,2025,,Xavier Truss,NO,G,"$840,000"
1689,nfl,2025,1690,Chase Lundt,BUF,RT,"$836,766"
1690,nfl,2025,1691,Nikko Reed,LAC,CB,"$830,069"
1691,nfl,2025,1692,Kamal Hadden,GB,CB,"$829,381"
1692,nfl,2025,,Donovan Jennings,GB,G,"$829,381"
1693,nfl,2025,1694,Giovanni Manu,DET,LT,"$828,843"
1694,nfl,2025,1695,Robbie Ouzts,SEA,TE,"$827,183"
1695,nfl,2025,1696,Justin Walley,IND,CB,"$825,181"
1696,nfl,2025,1697,Elijah Williams,MIN,DL/DE,"$824,264"
1697,nfl,2025,1698,Luke Newman,CHI,G,"$823,605"
1698,nfl,2025,1699,Marcelino McCrary-Ball,NYJ,LB/OLB,"$820,725"
1699,nfl,2025,1700,Jalen Coker,CAR,WR,"$820,486"
1700,nfl,2025,1701,George Holani,SEA,RB,"$820,482"
1701,nfl,2025,1702,Shaka Heyward,CIN,LB/OLB,"$820,167"
1702,nfl,2025,1703,Cedric Johnson,CIN,ED/DE,"$805,323"
1703,nfl,2025,1704,Jake Curhan,CAR,RT,"$801,111"
1704,nfl,2025,,Antonio Hamilton,WAS,CB,"$801,111"
1705,nfl,2025,,Khalil Herbert,NYJ,RB,"$801,111"
1706,nfl,2025,,Buddy Johnson,IND,LB/OLB,"$801,111"
1707,nfl,2025,,Riley Patterson,MIA,K,"$801,111"
1708,nfl,2025,,Cedrick Wilson,MIA,WR,"$801,111"
1709,nfl,2025,,Mitch Wishnowsky,BUF,P,"$801,111"
1710,nfl,2025,1711,Alex Bachman,LV,WR,"$801,108"
1711,nfl,2025,,Chris Lammons,IND,CB,"$801,108"
1712,nfl,2025,1713,Jarvis Brownlee Jr.,NYJ,CB,"$800,001"
1713,nfl,2025,1714,Demontrey Jacobs,ARI,LT,"$800,000"
1714,nfl,2025,1715,Tory Horton,SEA,WR,"$799,499"
1715,nfl,2025,1716,Darius Muasau,NYG,LB,"$797,808"
1716,nfl,2025,1717,Caleb Ransaw,JAX,CB,"$797,488"
1717,nfl,2025,1718,Art Green,NYG,CB,"$797,020"
1718,nfl,2025,1719,Rico Payton,NYG,CB,"$772,301"
1719,nfl,2025,1720,Bryce Oliver,TEN,WR,"$771,038"
1720,nfl,2025,1721,Darius Cooper,PHI,WR,"$770,124"
1721,nfl,2025,1722,Ajani Cornelius,DAL,RT,"$762,216"
1722,nfl,2025,1723,Braelon Allen,NYJ,RB,"$756,144"
1723,nfl,2025,1724,Matt Lee,CIN,C,"$746,718"
1724,nfl,2025,1725,Austin Ajiake,IND,LB/ILB,"$746,672"
1725,nfl,2025,,Luke Haggard,TB,G,"$746,672"
1726,nfl,2025,1727,Malachi Corley,CLE,WR,"$746,667"
1727,nfl,2025,,Jarrett Kingston,HOU,G,"$746,667"
1728,nfl,2025,,Elijah Simmons,TB,DL/DT,"$746,667"
1729,nfl,2025,1730,Jordan Jefferson,CIN,DL/DT,"$746,662"
1730,nfl,2025,1731,Thomas Fidone II,NYG,TE,"$745,618"
1731,nfl,2025,1732,Jon Rhattigan,LV,LB/ILB,"$743,889"
1732,nfl,2025,,Dan Skipper,DET,LT,"$743,889"
1733,nfl,2025,1734,Michael Davis,NO,CB,"$743,886"
1734,nfl,2025,,Neville Hewitt,NYG,LB/ILB,"$743,886"
1735,nfl,2025,,Brandon Pili,SEA,DL/DT,"$743,886"
1736,nfl,2025,1737,David Walker,TB,ED/OLB,"$735,645"
1737,nfl,2025,1738,Tyler Batty,MIN,ED/OLB,"$735,368"
1738,nfl,2025,1739,Jay Higgins,BAL,LB/ILB,"$735,155"
1739,nfl,2025,1740,Drake Jackson,WAS,ED/DE,"$733,333"
1740,nfl,2025,1741,Jaylon Carlies,IND,S,"$731,488"
1741,nfl,2025,1742,Beaux Collins,NYG,WR,"$731,347"
1742,nfl,2025,1743,Corey Thornton,CAR,CB,"$730,212"
1743,nfl,2025,1744,Storm Duck,MIA,CB,"$728,261"
1744,nfl,2025,1745,Shane Zylstra,DET,TE,"$722,430"
1745,nfl,2025,1746,Erick All,CIN,TE,"$721,466"
1746,nfl,2025,1747,Michael Burton,DEN,FB,"$716,320"
1747,nfl,2025,,Kenny Yeboah,DET,TE,"$716,320"
1748,nfl,2025,1749,Joe Bachie,TEN,LB/ILB,"$715,000"
1749,nfl,2025,1750,Tylan Grable,BUF,LT,"$714,313"
1750,nfl,2025,1751,Malik Verdon,ATL,LB,"$713,013"
1751,nfl,2025,1752,Perrion Winfrey,DAL,DL/DT,"$712,777"
1752,nfl,2025,1753,Will Howard,PIT,QB,"$712,411"
1753,nfl,2025,1754,Will Clapp,NO,C,"$707,500"
1754,nfl,2025,1755,Jordan Colbert,MIA,S,"$703,892"
1755,nfl,2025,1756,Daijahn Anthony,CIN,S,"$701,283"
1756,nfl,2025,1757,Brandon Crenshaw-Dickson,TEN,RT,"$700,005"
1757,nfl,2025,,Cameron Latu,PHI,TE,"$700,005"
1758,nfl,2025,1759,Tyler Lockett,LV,WR,"$697,222"
1759,nfl,2025,1760,Karene Reid,DEN,LB,"$694,277"
1760,nfl,2025,1761,Kimani Vidal,LAC,RB,"$693,333"
1761,nfl,2025,1762,Kendell Brooks,TEN,S,"$693,329"
1762,nfl,2025,1763,Jaylen Reed,HOU,S,"$690,605"
1763,nfl,2025,1764,Miles Frazier,DET,G,"$689,457"
1764,nfl,2025,1765,Rylie Mills,SEA,DL/DT,"$688,998"
1765,nfl,2025,1766,Trevor Keegan,DAL,G,"$688,053"
1766,nfl,2025,1767,Ameer Abdullah,IND,RB,"$686,664"
1767,nfl,2025,1768,Jason Marshall Jr.,MIA,CB,"$678,771"
1768,nfl,2025,1769,Ali Gaye,TEN,ED/OLB,"$665,000"
1769,nfl,2025,1770,Jacob Cowing,SF,WR,"$655,997"
1770,nfl,2025,1771,Hayden Conner,ARI,G,"$654,424"
1771,nfl,2025,1772,Javontae Jean-Baptiste,WAS,ED/DE,"$654,264"
1772,nfl,2025,1773,Alijah Clark,DAL,S,"$653,338"
1773,nfl,2025,,Carter Runyon,LV,TE,"$653,338"
1774,nfl,2025,1775,Gage Larvadain,CLE,WR,"$653,333"
1775,nfl,2025,1776,Chauncey Gardner-Johnson,CHI,S,"$650,000"
1776,nfl,2025,1777,Dorian Strong,BUF,CB,"$642,982"
1777,nfl,2025,1778,Artie Burns,MIA,CB,"$640,000"
1778,nfl,2025,,Isaiah Williams,NYJ,WR,"$640,000"
1779,nfl,2025,1780,Rashad Wisdom,TB,S,"$634,618"
1780,nfl,2025,1781,Collin Oliver,GB,ED/DE,"$633,288"
1781,nfl,2025,1782,Greg Dulcich,MIA,TE,"$629,444"
1782,nfl,2025,,Mason Kinsey,TEN,WR,"$629,444"
1783,nfl,2025,1784,Robert Beal Jr.,SF,ED/DE,"$629,442"
1784,nfl,2025,,Ronnie Harrison,ATL,S,"$629,442"
1785,nfl,2025,,Jalyn Holmes,WAS,ED/DE,"$629,442"
1786,nfl,2025,,Tyler Huntley,BAL,QB,"$629,442"
1787,nfl,2025,,Michael Jordan,TB,G,"$629,442"
1788,nfl,2025,1789,Fabian Moreau,MIN,CB,"$627,498"
1789,nfl,2025,1790,Ahmad Gardner,IND,CB,"$625,000"
1790,nfl,2025,1791,Brennan Jackson,LV,LB/OLB,"$613,887"
1791,nfl,2025,1792,Kalel Mullings,TEN,RB,"$612,469"
1792,nfl,2025,1793,Joe Giles-Harris,CIN,LB/ILB,"$611,110"
1793,nfl,2025,1794,Basil Okoye,BAL,DL/DT,"$606,671"
1794,nfl,2025,1795,Kedon Slovis,ARI,QB,"$606,667"
1795,nfl,2025,1796,Skylar Thompson,PIT,QB,"$603,542"
1796,nfl,2025,1797,Ben VanSumeren,PHI,FB,"$601,042"
1797,nfl,2025,1798,Trent Taylor,SF,WR,"$598,505"
1798,nfl,2025,1799,Max Scharping,PIT,G,"$594,444"
1799,nfl,2025,1800,Marcus Epps,PHI,S,"$586,110"
1800,nfl,2025,1801,Joe Tryon,CHI,ED/DE,"$585,000"
1801,nfl,2025,1802,Cameron Williams,PHI,RT,"$582,180"
1802,nfl,2025,1803,Bub Means,NO,WR,"$578,569"
1803,nfl,2025,1804,Andrew Meyer,MIA,C,"$578,265"
1804,nfl,2025,1805,Tyree Jackson,WAS,TE,"$575,080"
1805,nfl,2025,1806,Zah Frazier,CHI,CB,"$573,918"
1806,nfl,2025,1807,Matt Henningsen,DEN,DL/DE,"$573,820"
1807,nfl,2025,,Tarron Jackson,SF,LB/OLB,"$573,820"
1808,nfl,2025,,Jamarco Jones,DET,RT,"$573,820"
1809,nfl,2025,,Jacob Phillips,IND,LB/ILB,"$573,820"
1810,nfl,2025,1811,Johnny Wilson,PHI,WR,"$573,072"
1811,nfl,2025,1812,Mike Pennel,KC,DL/DT,"$572,222"
1812,nfl,2025,,Clayton Tune,GB,QB,"$572,222"
1813,nfl,2025,1814,Trevis Gipson,CAR,DL/DE,"$572,220"
1814,nfl,2025,,Jordan Phillips,BUF,DL/DT,"$572,220"
1815,nfl,2025,,Jordan Poyer,BUF,S,"$572,220"
1816,nfl,2025,,Ben Sims,MIN,TE,"$572,220"
1817,nfl,2025,1818,Marcellas Dial,NE,CB,"$568,032"
1818,nfl,2025,1819,Travis Glover,GB,T,"$566,665"
1819,nfl,2025,1820,Adonai Mitchell,NYJ,WR,"$565,365"
1820,nfl,2025,1821,Lucas Niang,WAS,RT,"$565,000"
1821,nfl,2025,,Janarius Robinson,KC,ED/DE,"$565,000"
1822,nfl,2025,1823,Bilhal Kone,BAL,CB,"$564,438"
1823,nfl,2025,1824,Reuben Lowery III,IND,CB,"$560,004"
1824,nfl,2025,1825,Jalen McLeod,JAX,LB/OLB,"$553,106"
1825,nfl,2025,1826,Nick Gargiulo,DEN,G,"$552,820"
1826,nfl,2025,1827,Myles Hinton,PHI,T,"$551,214"
1827,nfl,2025,1828,Treylon Burks,WAS,WR,"$550,000"
1828,nfl,2025,,Ronnie Rivers,LAR,RB,"$550,000"
1829,nfl,2025,,Ja'Sir Taylor,NYJ,CB,"$550,000"
1830,nfl,2025,1831,Josh Butler,DAL,S,"$549,800"
1831,nfl,2025,1832,A.J. Finley,SEA,S,"$548,820"
1832,nfl,2025,,DJ Montgomery,IND,WR,"$548,820"
1833,nfl,2025,,Starling Thomas V,ARI,CB,"$548,820"
1834,nfl,2025,,Ezekiel Turner,DET,LB/OLB,"$548,820"
1835,nfl,2025,1836,Gavin Bartholomew,MIN,TE,"$547,659"
1836,nfl,2025,1837,Phil Mafah,DAL,RB,"$542,154"
1837,nfl,2025,1838,Deon Bush,KC,S,"$540,000"
1838,nfl,2025,,Yodny Cajuste,MIA,LT,"$540,000"
1839,nfl,2025,,Yasir Durant,NE,T,"$540,000"
1840,nfl,2025,,Germain Ifedi,MIA,G,"$540,000"
1841,nfl,2025,,Keaontay Ingram,KC,RB,"$540,000"
1842,nfl,2025,,Matt Nelson,MIN,RT,"$540,000"
1843,nfl,2025,,Donald Parham,PIT,TE,"$540,000"
1844,nfl,2025,,Jaquelin Roy,NE,DL/DT,"$540,000"
1845,nfl,2025,,Keir Thomas,LAR,ED/OLB,"$540,000"
1846,nfl,2025,1847,Robert Longerbeam,BAL,CB,"$538,722"
1847,nfl,2025,1848,Ethan Driskell,KC,T,"$537,783"
1848,nfl,2025,1849,Brenden Bates,CLE,TE,"$533,330"
1849,nfl,2025,1850,Donte Kent,PIT,CB,"$528,194"
1850,nfl,2025,1851,Kyonte Hamilton,HOU,DL/DT,"$528,124"
1851,nfl,2025,1852,Hunter Wohler,IND,S,"$526,309"
1852,nfl,2025,1853,Kurtis Rourke,SF,QB,"$525,974"
1853,nfl,2025,1854,Dan Jackson,DET,S,"$525,643"
1854,nfl,2025,1855,Nathaniel Watson,CLE,LB/OLB,"$523,505"
1855,nfl,2025,1856,Anthony Kendall,CLE,CB,"$522,245"
1856,nfl,2025,1857,John Williams,GB,G,"$518,799"
1857,nfl,2025,1858,Anfernee Orji,TEN,LB,"$518,780"
1858,nfl,2025,1859,Zaire Barnes,NYG,ED/OLB,"$515,000"
1859,nfl,2025,,Sheldon Day,WAS,DL/DT,"$515,000"
1860,nfl,2025,,Josiah Deguara,ARI,TE,"$515,000"
1861,nfl,2025,,Zane Gonzalez,ATL,K,"$515,000"
1862,nfl,2025,,Phidarian Mathis,BUF,DL/DT,"$515,000"
1863,nfl,2025,,Deneric Prince,NE,RB,"$515,000"
1864,nfl,2025,,Eric Scott Jr.,KC,CB,"$515,000"
1865,nfl,2025,,Laquon Treadwell,IND,WR,"$515,000"
1866,nfl,2025,,Cody White,SEA,WR,"$515,000"
1867,nfl,2025,1868,Michael Carter,ARI,RB,"$514,998"
1868,nfl,2025,,Arron Mosby,GB,ED/DE,"$514,998"
1869,nfl,2025,,Jerrick Reed II,TEN,S,"$514,998"
1870,nfl,2025,,Josh Whyle,GB,TE,"$514,998"
1871,nfl,2025,1872,Korie Black,NYG,CB,"$513,337"
1872,nfl,2025,,Kobe King,NYJ,LB,"$513,337"
1873,nfl,2025,,Kevin Knowles,KC,CB,"$513,337"
1874,nfl,2025,1875,J.J. Roberts,TB,S,"$504,830"
1875,nfl,2025,1876,Da'Quan Felton,NYG,WR,"$504,347"
1876,nfl,2025,1877,Popo Aumavae,CAR,DL/DE,"$503,820"
1877,nfl,2025,1878,Valentin Senn,ARI,G,"$503,333"
1878,nfl,2025,1879,Wande Owens,BUF,S,"$502,197"
1879,nfl,2025,1880,Johnny Walker,DEN,DL/DE,"$501,496"
1880,nfl,2025,1881,Eric Rogers,LAC,CB,"$501,174"
1881,nfl,2025,1882,Joshua Cephus,JAX,WR,"$500,080"
1882,nfl,2025,,Dayton Wade,BAL,WR,"$500,080"
1883,nfl,2025,1884,Jakob Robinson,SF,CB,"$499,725"
1884,nfl,2025,1885,Emory Jones,ATL,QB,"$498,820"
1885,nfl,2025,1886,Brandon George,KC,LB,"$498,542"
1886,nfl,2025,1887,Justin Osborne,CLE,C,"$498,381"
1887,nfl,2025,1888,Lan Larison,NE,RB,"$498,333"
1888,nfl,2025,1889,Jack Wilson,IND,T,"$497,322"
1889,nfl,2025,1890,Jalin Conyers,MIA,TE,"$495,000"
1890,nfl,2025,,Brock Lampe,NE,FB,"$495,000"
1891,nfl,2025,,Savion Washington,LAC,T,"$495,000"
1892,nfl,2025,1893,Kye Robichaux,DET,RB,"$494,403"
1893,nfl,2025,1894,Zaire Mitchell-Paden,NO,TE,"$493,892"
1894,nfl,2025,1895,Deion Hankins,CHI,RB,"$493,864"
1895,nfl,2025,,Willie Lampkin,PHI,G,"$493,864"
1896,nfl,2025,1897,Zeke Correll,MIN,C,"$493,333"
1897,nfl,2025,,Josh Fuga,LAC,DL/DT,"$493,333"
1898,nfl,2025,,Gus Hartwig,NYJ,C,"$493,333"
1899,nfl,2025,,Jordan Oladokun,LAC,CB,"$493,333"
1900,nfl,2025,1901,T.J. Moore,NYG,S,"$490,333"
1901,nfl,2025,1902,Obinna Eze,MIA,T,"$490,000"
1902,nfl,2025,,Isaiah Iton,NE,DL/DE,"$490,000"
1903,nfl,2025,,Jason Maitre,MIA,CB,"$490,000"
1904,nfl,2025,,Mason Pline,NO,TE,"$490,000"
1905,nfl,2025,,Jacob Slade,PIT,DL/DT,"$490,000"
1906,nfl,2025,,Jaden Smith,TB,WR,"$490,000"
1907,nfl,2025,1908,Elijah Garcia,ATL,DL/DE,"$488,889"
1908,nfl,2025,1909,Isaiah Hodgins,NYG,WR,"$488,888"
1909,nfl,2025,1910,Audric Estimé,NO,RB,"$480,000"
1910,nfl,2025,1911,Trevon Diggs,GB,CB,"$472,222"
1911,nfl,2025,1912,Dom Jones,CLE,CB,"$470,558"
1912,nfl,2025,1913,Truman Jones,TEN,ED/OLB,"$466,670"
1913,nfl,2025,,Drew Moss,TEN,G,"$466,670"
1914,nfl,2025,,Micah Robinson,TEN,S,"$466,670"
1915,nfl,2025,1916,Kentavius Street,ATL,DL/DT,"$457,778"
1916,nfl,2025,1917,Myles Bryant,HOU,CB,"$457,776"
1917,nfl,2025,,Geron Christian,DEN,LT,"$457,776"
1918,nfl,2025,,Clelin Ferrell,SF,ED/DE,"$457,776"
1919,nfl,2025,,Lil’jordan Humphrey,DEN,WR,"$457,776"
1920,nfl,2025,,Jake McQuaide,LAR,LS,"$457,776"
1921,nfl,2025,,Kristian Welch,GB,LB/ILB,"$457,776"
1922,nfl,2025,1923,D'Angelo Ross,CLE,CB,"$427,778"
1923,nfl,2025,,Sam Webb,CLE,CB,"$427,778"
1924,nfl,2025,1925,A.J. Green,MIA,CB,"$427,777"
1925,nfl,2025,,Darren Hall,ARI,CB,"$427,777"
1926,nfl,2025,1927,Michael Niese,DET,C,"$426,664"
1927,nfl,2025,1928,Dean Clark,NYJ,S,"$420,000"
1928,nfl,2025,,Jared Harrison-Hunte,CAR,DL/DE,"$420,000"
1929,nfl,2025,,Keondre Jackson,BAL,S,"$420,000"
1930,nfl,2025,1931,Brandin Cooks,BUF,WR,"$418,332"
1931,nfl,2025,1932,Troy Andersen,ATL,LB/ILB,"$413,560"
1932,nfl,2025,1933,Isaiah Foskey,CIN,LB/OLB,"$400,554"
1933,nfl,2025,,Matt Haack,ARI,P,"$400,554"
1934,nfl,2025,,Jake Moody,WAS,K,"$400,554"
1935,nfl,2025,,James Proche,TEN,WR,"$400,554"
1936,nfl,2025,,Easton Stick,ATL,QB,"$400,554"
1937,nfl,2025,1938,Julian Okwara,CLE,ED/DE,"$396,000"
1938,nfl,2025,1939,Gabriel Davis,BUF,WR,"$390,000"
1939,nfl,2025,1940,Andre Baccellia,ARI,WR,"$376,110"
1940,nfl,2025,1941,Sebastian Castro,PIT,S,"$373,336"
1941,nfl,2025,,Branson Combs,JAX,LB,"$373,336"
1942,nfl,2025,,Reese Taylor,DEN,CB,"$373,336"
1943,nfl,2025,1944,Britain Covey,PHI,WR,"$366,667"
1944,nfl,2025,1945,Kaiir Elam,TEN,CB,"$366,666"
1945,nfl,2025,,Thayer Munford Jr.,NE,RT,"$366,666"
1946,nfl,2025,1947,Darius Harris,NE,ED/OLB,"$360,000"
1947,nfl,2025,1948,Naquan Jones,HOU,DL/DT,"$353,333"
1948,nfl,2025,1949,Taven Bryan,BAL,DL/DT,"$348,889"
1949,nfl,2025,1950,Malik Davis,DAL,RB,"$343,333"
1950,nfl,2025,1951,Krys Barnes,CAR,LB/ILB,"$343,332"
1951,nfl,2025,,Anthony Firkser,DET,TE,"$343,332"
1952,nfl,2025,,Derion Kendrick,LAR,CB,"$343,332"
1953,nfl,2025,,Patrick O'Connell,SEA,LB/ILB,"$343,332"
1954,nfl,2025,,George Odum,IND,S,"$343,332"
1955,nfl,2025,,Robert Rochell,CAR,CB,"$343,332"
1956,nfl,2025,,Nick Vannett,LAR,TE,"$343,332"
1957,nfl,2025,1958,Brian Asamoah,CIN,LB/ILB,"$340,277"
1958,nfl,2025,1959,Mike Hilton,IND,CB,"$330,000"
1959,nfl,2025,1960,Cobee Bryant,ATL,CB,"$326,669"
1960,nfl,2025,,C.J. Dippre,NE,TE,"$326,669"
1961,nfl,2025,,Harrison Mevis,LAR,K,"$326,669"
1962,nfl,2025,1963,Bradyn Swinson,NE,ED/OLB,"$326,667"
1963,nfl,2025,1964,Evan Hull,NO,RB,"$319,998"
1964,nfl,2025,1965,Delarrin Turner-Yell,DEN,S,"$315,000"
1965,nfl,2025,1966,Sam Kamara,CLE,DL/DT,"$305,556"
1966,nfl,2025,,Deven Thompkins,ATL,WR,"$305,556"
1967,nfl,2025,1968,Channing Tindall,ARI,LB/ILB,"$305,555"
1968,nfl,2025,1969,Mike Edwards,KC,S,"$286,111"
1969,nfl,2025,1970,Pharaoh Brown,ARI,TE,"$286,110"
1970,nfl,2025,,Jalen Davis,CIN,CB,"$286,110"
1971,nfl,2025,,Matt Dickerson,JAX,DL/DT,"$286,110"
1972,nfl,2025,,Ja'Marcus Ingram,HOU,CB,"$286,110"
1973,nfl,2025,,Jordan McFadden,CHI,G,"$286,110"
1974,nfl,2025,,Dante Pettis,NO,WR,"$286,110"
1975,nfl,2025,,Jordon Riley,GB,DL/DT,"$286,110"
1976,nfl,2025,,Asante Samuel Jr.,PIT,CB,"$286,110"
1977,nfl,2025,,Darnell Savage,BUF,S,"$286,110"
1978,nfl,2025,,John Wolford,MIN,QB,"$286,110"
1979,nfl,2025,1980,Connor Bazelak,TB,QB,"$280,002"
1980,nfl,2025,,Dylan Drummond,ATL,WR,"$280,002"
1981,nfl,2025,1982,Shane Lemieux,SEA,G,"$280,000"
1982,nfl,2025,1983,Jalen Mills,DET,CB/S,"$278,888"
1983,nfl,2025,,Marquez Valdes-Scantling,PIT,WR,"$278,888"
1984,nfl,2025,1985,Caleb Johnson,MIA,LB/ILB,"$245,555"
1985,nfl,2025,1986,Tre Avery,CLE,S,"$244,444"
1986,nfl,2025,,Garret Wallow,SF,LB/ILB,"$244,444"
1987,nfl,2025,1988,Ja’Corey Brooks,WAS,WR,"$234,000"
1988,nfl,2025,,Luke Felix-Fualalo,PHI,T,"$234,000"
1989,nfl,2025,,Ryan Hayes,ATL,LT,"$234,000"
1990,nfl,2025,,Jayson Jones,TB,DL/DE,"$234,000"
1991,nfl,2025,,Jaxson Kirkland,CIN,G,"$234,000"
1992,nfl,2025,,Chandler Martin,BAL,LB/ILB,"$234,000"
1993,nfl,2025,,Tyler McLellan,TB,LT,"$234,000"
1994,nfl,2025,,Darius Rush,WAS,CB,"$234,000"
1995,nfl,2025,,Ricky Stromberg,CHI,C,"$234,000"
1996,nfl,2025,,Jacardia Wright,SEA,RB,"$234,000"
1997,nfl,2025,1998,Jordan Clark,NYJ,CB,"$233,335"
1998,nfl,2025,,Corey Kiner,ARI,RB,"$233,335"
1999,nfl,2025,,Esa Pole,KC,T,"$233,335"
2000,nfl,2025,,Will Sherman,NO,G,"$233,335"
2001,nfl,2025,,Greedy Vance Jr.,LV,CB,"$233,335"
2002,nfl,2025,,Nick Whiteside,DET,CB,"$233,335"
2003,nfl,2025,2004,Brady Cook,NYJ,QB,"$233,333"
2004,nfl,2025,2005,Chase Edmonds,WAS,RB,"$228,888"
2005,nfl,2025,,Tomon Fox,NYG,ED/OLB,"$228,888"
2006,nfl,2025,,Blake Grupe,IND,K,"$228,888"
2007,nfl,2025,,Malik Heath,ATL,WR,"$228,888"
2008,nfl,2025,,D’Ernest Johnson,NE,RB,"$228,888"
2009,nfl,2025,,Arthur Maulet,DET,CB,"$228,888"
2010,nfl,2025,,Cameron Mitchell,IND,CB,"$228,888"
2011,nfl,2025,,Philip Rivers,IND,QB,"$228,888"
2012,nfl,2025,,Trayveon Williams,CLE,RB,"$228,888"
2013,nfl,2025,2014,Kendall Sheffield,MIA,CB,"$227,500"
2014,nfl,2025,2015,Keilan Robinson,NYJ,RB,"$221,000"
2015,nfl,2025,2016,C.J. Hanson,KC,G,"$213,336"
2016,nfl,2025,2017,Dylan Cook,PIT,TE,"$213,333"
2017,nfl,2025,2018,Chigozie Anusiem,LV,CB,"$213,332"
2018,nfl,2025,,Ryan Miller,NYG,WR,"$213,332"
2019,nfl,2025,,Eric Watts,NYJ,ED/DE,"$213,332"
2020,nfl,2025,2021,Ajani Carter,HOU,CB,"$210,000"
2021,nfl,2025,2022,J.T. Gray,TB,S,"$209,166"
2022,nfl,2025,,Anthony Walker Jr.,TB,LB/ILB,"$209,166"
2023,nfl,2025,2024,Joel Wilson,TEN,TE,"$208,000"
2024,nfl,2025,2025,C.J. Henderson,ATL,CB,"$195,000"
2025,nfl,2025,2026,Jeremiah Byers,CLE,T,"$186,668"
2026,nfl,2025,,Isaiah Johnson,MIA,CB,"$186,668"
2027,nfl,2025,,Carl Jones Jr.,BAL,ED/OLB,"$186,668"
2028,nfl,2025,,Jordan Turner,DEN,ED/OLB,"$186,668"
2029,nfl,2025,2030,Dalen Cambre,NYG,WR,"$186,667"
2030,nfl,2025,2031,Quinton Bell,MIA,LB/OLB,"$183,333"
2031,nfl,2025,,Chad Muma,NE,LB/ILB,"$183,333"
2032,nfl,2025,,Dameon Pierce,KC,RB,"$183,333"
2033,nfl,2025,2034,Blake Watson,TEN,RB,"$182,000"
2034,nfl,2025,2035,DeeJay Dallas,JAX,RB,"$171,667"
2035,nfl,2025,2036,Jalen Brooks,ARI,WR,"$171,666"
2036,nfl,2025,,Brodric Martin,LV,DL/DT,"$171,666"
2037,nfl,2025,,Jeremiah Moon,PIT,ED/OLB,"$171,666"
2038,nfl,2025,,Chris Moore,WAS,WR,"$171,666"
2039,nfl,2025,,Caleb Murphy,NYG,ED/OLB,"$171,666"
2040,nfl,2025,,Jammie Robinson,ATL,S,"$171,666"
2041,nfl,2025,2042,Kevin Austin,NO,WR,"$160,000"
2042,nfl,2025,,Sanoussi Kane,TEN,S,"$160,000"
2043,nfl,2025,,Dwight McGlothern,MIN,CB,"$160,000"
2044,nfl,2025,,Jarius Monroe,NYJ,CB,"$160,000"
2045,nfl,2025,,Keidron Smith,NYJ,S,"$160,000"
2046,nfl,2025,,Jamari Thrash,CLE,WR,"$160,000"
2047,nfl,2025,2048,Tyrone Broden,SEA,WR,"$143,000"
2048,nfl,2025,2049,Garrett Dellinger,TEN,G,"$140,001"
2049,nfl,2025,,Ke’Shawn Williams,CIN,WR,"$140,001"
2050,nfl,2025,2051,Chris Edmonds,CLE,S,"$140,000"
2051,nfl,2025,,Chukwuebuka Godrick,KC,T,"$140,000"
2052,nfl,2025,,Erick Hallett,TEN,S,"$140,000"
2053,nfl,2025,,Cam Horsley,TEN,DL/DT,"$140,000"
2054,nfl,2025,,Jawhar Jordan,HOU,RB,"$140,000"
2055,nfl,2025,,Chris Oladokun,KC,QB,"$140,000"
2056,nfl,2025,,Payton Page,NYJ,DL/DT,"$140,000"
2057,nfl,2025,,Ethan Robinson,MIA,CB,"$140,000"
2058,nfl,2025,,Charlie Smyth,NO,K,"$140,000"
2059,nfl,2025,,Jackson Woodard,MIA,LB,"$140,000"
2060,nfl,2025,2061,Terrell Edmunds,LV,S,"$139,444"
2061,nfl,2025,,Marcedes Lewis,DEN,TE,"$139,444"
2062,nfl,2025,2063,Corey Ballentine,DAL,CB,"$130,000"
2063,nfl,2025,,Tre Brown,NYJ,CB,"$130,000"
2064,nfl,2025,,Kendrick Green,CLE,G,"$130,000"
2065,nfl,2025,2066,Shy Tuttle,WAS,DL/DT,"$122,385"
2066,nfl,2025,2067,Zach Carter,ARI,DL/DT,"$122,222"
2067,nfl,2025,,Cole Christiansen,KC,LB/ILB,"$122,222"
2068,nfl,2025,,Keith Taylor,JAX,CB,"$122,222"
2069,nfl,2025,2070,McCallan Castles,GB,TE,"$117,000"
2070,nfl,2025,2071,Shane Buechele,KC,QB,"$114,444"
2071,nfl,2025,,Jeff Driskel,WAS,QB,"$114,444"
2072,nfl,2025,,Tre Flowers,PIT,CB,"$114,444"
2073,nfl,2025,,Raheem Layne,NYG,S,"$114,444"
2074,nfl,2025,,Atonio Mafi,LV,G,"$114,444"
2075,nfl,2025,,Jaret Patterson,LAC,RB,"$114,444"
2076,nfl,2025,,Brett Rypien,MIN,QB,"$114,444"
2077,nfl,2025,,Isaiah Simmons,CAR,LB/ILB,"$114,444"
2078,nfl,2025,,Christopher Smith II,NYJ,S,"$114,444"
2079,nfl,2025,,K'Von Wallace,HOU,S,"$114,444"
2080,nfl,2025,,Chris Wormley,IND,DL/DT,"$114,444"
2081,nfl,2025,2082,Alijah Huzzie,HOU,CB,"$113,333"
2082,nfl,2025,2083,Joshua Karty,ARI,K,"$106,668"
2083,nfl,2025,2084,Elijah Chatman,NYG,DL/DT,"$106,666"
2084,nfl,2025,,Sam Hartman,WAS,QB,"$106,666"
2085,nfl,2025,,Shedrick Jackson,LV,WR,"$106,666"
2086,nfl,2025,,Tyreke Smith,KC,LB/OLB,"$106,666"
2087,nfl,2025,2088,Craig Reynolds,NE,RB,"$105,000"
2088,nfl,2025,2089,Layne Pryor,HOU,TE,"$104,000"
2089,nfl,2025,2090,Henry Byrd,MIN,G,"$93,334"
2090,nfl,2025,,Ethan Downs,KC,ED/DE,"$93,334"
2091,nfl,2025,,Jahfari Harvey,LV,ED/DE,"$93,334"
2092,nfl,2025,,Marquis Hayes,NYJ,G,"$93,334"
2093,nfl,2025,,Bryan Hudson,NYG,C,"$93,334"
2094,nfl,2025,,Kalen King,ARI,CB,"$93,334"
2095,nfl,2025,,Keleki Latu,BUF,TE,"$93,334"
2096,nfl,2025,,Moliki Matavao,NO,TE,"$93,334"
2097,nfl,2025,,Ben Sauls,NYG,K,"$93,334"
2098,nfl,2025,,Quentin Skinner,NYJ,WR,"$93,334"
2099,nfl,2025,,Melvin Smith Jr.,KC,CB,"$93,334"
2100,nfl,2025,,Theo Wease Jr.,MIA,WR,"$93,334"
2101,nfl,2025,2102,Qadir Ismail,CHI,WR,"$78,000"
2102,nfl,2025,2103,Sam Mustipher,DEN,C,"$65,000"
2103,nfl,2025,2104,D’Anthony Bell,CAR,S,"$61,111"
2104,nfl,2025,,Kemon Hall,TEN,CB,"$61,111"
2105,nfl,2025,2106,Ronnie Bell,NO,WR,"$57,222"
2106,nfl,2025,,Jarrick Bernard-Converse,NYG,CB,"$57,222"
2107,nfl,2025,,Jack Driscoll,PIT,G,"$57,222"
2108,nfl,2025,,Jonathan Ford,GB,DL/DT,"$57,222"
2109,nfl,2025,,Xavier Gipson,NYG,WR,"$57,222"
2110,nfl,2025,,Hendon Hooker,NYJ,QB,"$57,222"
2111,nfl,2025,,Kingsley Jonathan,NYJ,ED/DE,"$57,222"
2112,nfl,2025,,Khalid Kareem,ATL,ED/OLB,"$57,222"
2113,nfl,2025,,Marcus Maye,LAC,S,"$57,222"
2114,nfl,2025,,Lecitus Smith,GB,G,"$57,222"
2115,nfl,2025,,Samori Toure,NO,WR,"$57,222"
2116,nfl,2025,2117,Shemar Bartholomew,GB,CB,"$53,333"
2117,nfl,2025,,Julian Good-Jones,WAS,G,"$53,333"
2118,nfl,2025,,Dante Miller,NYG,RB,"$53,333"
2119,nfl,2025,,Jaylin Simpson,GB,S,"$53,333"
2120,nfl,2025,,Taki Taimani,MIN,DL/DT,"$53,333"
2121,nfl,2025,,Edefuan Ulofoshio,CLE,LB,"$53,333"
2122,nfl,2025,2123,Johnathan Baldwin,GB,S,"$46,667"
2123,nfl,2025,,Justin Barron,DAL,LB,"$46,667"
2124,nfl,2025,,Fadil Diggs,NO,ED/OLB,"$46,667"
2125,nfl,2025,,Donovan Edwards,MIA,RB,"$46,667"
2126,nfl,2025,,Kingsley Eguakun,CLE,C,"$46,667"
2127,nfl,2025,,Rivaldo Fairweather,ARI,TE,"$46,667"
2128,nfl,2025,,Jakobie Keeney-James,GB,WR,"$46,667"
2129,nfl,2025,,Austin Keys,ARI,LB,"$46,667"
2130,nfl,2025,,Amari Kight,SEA,T,"$46,667"
2131,nfl,2025,,Kohl Levao,NYJ,G,"$46,667"
2132,nfl,2025,,Cam Miller,MIA,QB,"$46,667"
2133,nfl,2025,,Kobee Minor,NE,S,"$46,667"
2134,nfl,2025,,Tejhaun Palmer,ARI,WR,"$46,667"
2135,nfl,2025,,Zemaiah Vaughn,MIN,CB,"$46,667"
2136,nfl,2025,,Treyton Welch,NO,TE,"$46,667"
2137,nfl,2025,1,OL,,,24
2138,nfl,2025,2,QB,,,19
2139,nfl,2025,3,ED,,,15
2140,nfl,2025,4,DL,,,14
2141,nfl,2025,5,WR,,,11
2142,nfl,2025,6,TE,,,6
2143,nfl,2025,7,LB,,,5
2144,nfl,2025,8,CB,,,3
2145,nfl,2025,9,S,,,2
2146,nfl,2025,10,RB,,,1
2147,nfl,2025,1,IND,,,6
2148,nfl,2025,2,CIN,,,5
2149,nfl,2025,3,PIT,,,5
2150,nfl,2025,4,BAL,,,4
2151,nfl,2025,5,CAR,,,4
2152,nfl,2025,6,CHI,,,4
2153,nfl,2025,7,CLE,,,4
2154,nfl,2025,8,GB,,,4
2155,nfl,2025,9,KC,,,4
2156,nfl,2025,10,LAC,,,4
2157,nfl,2025,11,MIN,,,4
2158,nfl,2025,12,PHI,,,4
2159,nfl,2025,13,SF,,,4
2160,nfl,2025,14,TEN,,,4
2161,nfl,2025,15,ATL,,,3
2162,nfl,2025,16,DAL,,,3
2163,nfl,2025,17,DET,,,3
2164,nfl,2025,18,LV,,,3
2165,nfl,2025,19,MIA,,,3
2166,nfl,2025,20,NYG,,,3
2167,nfl,2025,21,TB,,,3
2168,nfl,2025,22,WAS,,,3
2169,nfl,2025,23,ARI,,,2
2170,nfl,2025,24,BUF,,,2
2171,nfl,2025,25,DEN,,,2
2172,nfl,2025,26,JAX,,,2
2173,nfl,2025,27,LAR,,,2
2174,nfl,2025,28,NE,,,2
2175,nfl,2025,29,HOU,,,1
2176,nfl,2025,30,NYJ,,,1
2177,nfl,2025,31,NO,,,1
2178,nfl,2025,32,SEA,,,1
2179,nfl,2025,1,OL,,,24
2180,nfl,2025,2,QB,,,19
2181,nfl,2025,3,ED,,,15
2182,nfl,2025,4,DL,,,14
2183,nfl,2025,5,WR,,,11
2184,nfl,2025,6,TE,,,6
2185,nfl,2025,7,LB,,,5
2186,nfl,2025,8,CB,,,3
2187,nfl,2025,9,S,,,2
2188,nfl,2025,10,RB,,,1
2189,nfl,2025,1,IND,,,6
2190,nfl,2025,2,CIN,,,5
2191,nfl,2025,3,PIT,,,5
2192,nfl,2025,4,BAL,,,4
2193,nfl,2025,5,CAR,,,4
2194,nfl,2025,6,CHI,,,4
2195,nfl,2025,7,CLE,,,4
2196,nfl,2025,8,GB,,,4
2197,nfl,2025,9,KC,,,4
2198,nfl,2025,10,LAC,,,4
2199,nfl,2025,11,MIN,,,4
2200,nfl,2025,12,PHI,,,4
2201,nfl,2025,13,SF,,,4
2202,nfl,2025,14,TEN,,,4
2203,nfl,2025,15,ATL,,,3
2204,nfl,2025,16,DAL,,,3
2205,nfl,2025,17,DET,,,3
2206,nfl,2025,18,LV,,,3
2207,nfl,2025,19,MIA,,,3
2208,nfl,2025,20,NYG,,,3
2209,nfl,2025,21,TB,,,3
2210,nfl,2025,22,WAS,,,3
2211,nfl,2025,23,ARI,,,2
2212,nfl,2025,24,BUF,,,2
2213,nfl,2025,25,DEN,,,2
2214,nfl,2025,26,JAX,,,2
2215,nfl,2025,27,LAR,,,2
2216,nfl,2025,28,NE,,,2
2217,nfl,2025,29,HOU,,,1
2218,nfl,2025,30,NYJ,,,1
2219,nfl,2025,31,NO,,,1
2220,nfl,2025,32,SEA,,,1
