,league,season,rank,player,team,position,salary
0,nfl,2017,1,Joe Flacco,BAL,QB,"$24,550,000"
1,nfl,2017,2,Carson Palmer,ARI,QB,"$24,125,000"
2,nfl,2017,3,Kirk Cousins,WAS,QB,"$23,943,600"
3,nfl,2017,4,Matt Ryan,ATL,QB,"$23,750,000"
4,nfl,2017,5,Justin Houston,KC,ED/OLB,"$22,100,000"
5,nfl,2017,6,Aaron Rodgers,GB,QB,"$20,300,000"
6,nfl,2017,,Ryan Tannehill,MIA,QB,"$20,300,000"
7,nfl,2017,8,Cam Newton,CAR,QB,"$20,166,666"
8,nfl,2017,9,Josh Norman,WAS,CB,"$20,000,000"
9,nfl,2017,10,Von Miller,DEN,ED/OLB,"$19,900,000"
10,nfl,2017,11,Eli Manning,NYG,QB,"$19,700,000"
11,nfl,2017,12,Andrew Luck,IND,QB,"$19,400,000"
12,nfl,2017,13,Ndamukong Suh,MIA,DL/DT,"$19,100,000"
13,nfl,2017,14,Drew Brees,NO,QB,"$19,000,000"
14,nfl,2017,15,Ben Roethlisberger,PIT,QB,"$18,200,000"
15,nfl,2017,16,Sam Bradford,MIN,QB,"$18,000,000"
16,nfl,2017,,DeAndre Hopkins,HOU,WR,"$18,000,000"
17,nfl,2017,,Philip Rivers,LAC,QB,"$18,000,000"
18,nfl,2017,,Muhammad Wilkerson,NYJ,DL/DE,"$18,000,000"
19,nfl,2017,20,Dez Bryant,DAL,WR,"$17,000,000"
20,nfl,2017,21,Alex Smith,KC,QB,"$16,900,000"
21,nfl,2017,22,Trumaine Johnson,LAR,CB,"$16,742,400"
22,nfl,2017,23,Matthew Stafford,DET,QB,"$16,500,000"
23,nfl,2017,24,Olivier Vernon,NYG,ED/DE,"$16,000,000"
24,nfl,2017,25,Larry Fitzgerald,ARI,WR,"$15,850,000"
25,nfl,2017,26,Derek Carr,OAK,QB,"$15,731,691"
26,nfl,2017,27,Andy Dalton,CIN,QB,"$15,700,000"
27,nfl,2017,28,Malik Jackson,JAX,DL/DT,"$15,500,000"
28,nfl,2017,29,Clay Matthews Jr.,GB,ED/OLB,"$15,075,000"
29,nfl,2017,30,Janoris Jenkins,NYG,CB,"$15,000,000"
30,nfl,2017,31,Tavon Austin,LAR,WR,"$14,977,116"
31,nfl,2017,32,Trent Williams,WAS,LT,"$14,963,380"
32,nfl,2017,33,Melvin Ingram,LAC,LB/OLB,"$14,875,000"
33,nfl,2017,34,Russell Wilson,SEA,QB,"$14,626,666"
34,nfl,2017,35,J.J. Watt,HOU,DL/DE,"$14,500,000"
35,nfl,2017,36,Cordy Glenn,BUF,LT,"$14,200,000"
36,nfl,2017,37,Tom Brady,NE,QB,"$14,000,000"
37,nfl,2017,,Mike Glennon,CHI,QB,"$14,000,000"
38,nfl,2017,39,Julio Jones,ATL,WR,"$13,900,000"
39,nfl,2017,40,Gerald McCoy,TB,DL/DT,"$13,750,000"
40,nfl,2017,,Joe Thomas,CLE,LT,"$13,750,000"
41,nfl,2017,42,Patrick Peterson,ARI,CB,"$13,706,965"
42,nfl,2017,43,Richard Sherman,SEA,CB,"$13,631,000"
43,nfl,2017,44,Antonio Brown,PIT,WR,"$13,618,333"
44,nfl,2017,45,A.J. Green,CIN,WR,"$13,500,000"
45,nfl,2017,,Kelechi Osemele,OAK,G,"$13,500,000"
46,nfl,2017,47,Anthony Castonzo,IND,LT,"$12,800,000"
47,nfl,2017,48,Ezekiel Ansah,DET,ED/DE,"$12,734,000"
48,nfl,2017,49,Randall Cobb,GB,WR,"$12,656,250"
49,nfl,2017,50,DeSean Jackson,TB,WR,"$12,500,000"
50,nfl,2017,51,Luke Kuechly,CAR,LB/ILB,"$12,363,324"
51,nfl,2017,52,Jason Witten,DAL,TE,"$12,262,000"
52,nfl,2017,53,Joel Bitonio,CLE,G,"$12,237,813"
53,nfl,2017,54,Le'Veon Bell,PIT,RB,"$12,120,000"
54,nfl,2017,55,Jamie Collins,CLE,LB/OLB,"$12,100,000"
55,nfl,2017,,Greg Olsen,CAR,TE,"$12,100,000"
56,nfl,2017,57,Cameron Jordan,NO,ED/DE,"$12,047,000"
57,nfl,2017,58,Demaryius Thomas,DEN,WR,"$12,033,333"
58,nfl,2017,59,Ryan Kerrigan,WAS,ED/OLB,"$11,700,000"
59,nfl,2017,60,Jordy Nelson,GB,WR,"$11,550,000"
60,nfl,2017,61,Aqib Talib,DEN,CB,"$11,352,941"
61,nfl,2017,62,Jurrell Casey,TEN,DL/DT,"$11,288,750"
62,nfl,2017,63,Nate Solder,NE,LT,"$11,166,418"
63,nfl,2017,64,Brandon Linder,JAX,C,"$11,070,900"
64,nfl,2017,65,Joe Staley,SF,LT,"$11,056,250"
65,nfl,2017,66,Maurkice Pouncey,PIT,C,"$11,051,000"
66,nfl,2017,67,David DeCastro,PIT,G,"$11,050,000"
67,nfl,2017,68,Mark Barron,LAR,LB/ILB,"$11,000,000"
68,nfl,2017,,Michael Brockers,LAR,DL/DT,"$11,000,000"
69,nfl,2017,70,Devin McCourty,NE,FS,"$10,935,000"
70,nfl,2017,71,Michael Bennett,SEA,ED/DE,"$10,768,750"
71,nfl,2017,72,Robert Quinn,LAR,ED/OLB,"$10,750,334"
72,nfl,2017,73,Alshon Jeffery,PHI,WR,"$10,750,000"
73,nfl,2017,74,Akiem Hicks,CHI,DL/DE,"$10,700,000"
74,nfl,2017,75,Darius Slay,DET,CB,"$10,681,250"
75,nfl,2017,76,Gabe Jackson,OAK,G,"$10,647,844"
76,nfl,2017,77,Geno Atkins,CIN,DL/DT,"$10,600,000"
77,nfl,2017,,Damon Harrison,NYG,DL/DT,"$10,600,000"
78,nfl,2017,79,Calais Campbell,JAX,ED/DE,"$10,500,000"
79,nfl,2017,,Johnathan Hankins,IND,DL/DT,"$10,500,000"
80,nfl,2017,81,Jerry Hughes,BUF,ED/DE,"$10,450,000"
81,nfl,2017,82,Xavier Rhodes,MIN,CB,"$10,426,000"
82,nfl,2017,83,Mike Daniels,GB,DL/DT,"$10,400,000"
83,nfl,2017,,Earl Thomas,SEA,FS,"$10,400,000"
84,nfl,2017,85,LeSean McCoy,BUF,RB,"$10,375,000"
85,nfl,2017,86,Tyrone Crawford,DAL,ED/DE,"$10,350,000"
86,nfl,2017,87,Thomas Davis,CAR,LB/OLB,"$10,058,824"
87,nfl,2017,88,Jay Cutler,MIA,QB,"$10,000,000"
88,nfl,2017,,Jimmy Graham,SEA,TE,"$10,000,000"
89,nfl,2017,,T.Y. Hilton,IND,WR,"$10,000,000"
90,nfl,2017,,Chandler Jones,ARI,ED/OLB,"$10,000,000"
91,nfl,2017,,Kawann Short,CAR,DL/DT,"$10,000,000"
92,nfl,2017,,Jared Veldheer,ARI,RT,"$10,000,000"
93,nfl,2017,94,Jabaal Sheard,IND,ED/OLB,"$9,968,750"
94,nfl,2017,95,Chris Harris,DEN,CB,"$9,866,666"
95,nfl,2017,96,Lane Johnson,PHI,RT,"$9,843,750"
96,nfl,2017,97,Tyrod Taylor,BUF,QB,"$9,713,334"
97,nfl,2017,98,Mike Iupati,ARI,G,"$9,700,000"
98,nfl,2017,99,Robert Alford,ATL,CB,"$9,600,000"
99,nfl,2017,100,Emmanuel Sanders,DEN,WR,"$9,537,500"
100,nfl,2017,101,Corey Liuget,LAC,DL/DT,"$9,500,000"
101,nfl,2017,,Sean Smith,OAK,CB,"$9,500,000"
102,nfl,2017,103,Eric Fisher,KC,LT,"$9,457,977"
103,nfl,2017,104,Brian Orakpo,TEN,ED/OLB,"$9,450,000"
104,nfl,2017,105,Fletcher Cox,PHI,DL/DT,"$9,400,000"
105,nfl,2017,106,Dre Kirkpatrick,CIN,CB,"$9,384,375"
106,nfl,2017,107,Andrew Whitworth,LAR,LT,"$9,166,666"
107,nfl,2017,108,Marshal Yanda,BAL,G,"$9,125,220"
108,nfl,2017,109,Charles Clay,BUF,TE,"$9,000,000"
109,nfl,2017,,Vinny Curry,PHI,ED/DE,"$9,000,000"
110,nfl,2017,111,Mike Pouncey,MIA,C,"$8,975,000"
111,nfl,2017,112,Kareem Jackson,HOU,CB,"$8,968,750"
112,nfl,2017,113,Justin Pugh,NYG,G,"$8,821,000"
113,nfl,2017,114,Tyron Smith,DAL,LT,"$8,820,000"
114,nfl,2017,115,Tamba Hali,KC,ED/OLB,"$8,708,333"
115,nfl,2017,116,Logan Ryan,TEN,CB,"$8,666,666"
116,nfl,2017,117,Keenan Allen,LAC,WR,"$8,650,000"
117,nfl,2017,118,Everson Griffen,MIN,ED/DE,"$8,600,000"
118,nfl,2017,,Marvin Jones,DET,WR,"$8,600,000"
119,nfl,2017,120,Dominique Rodgers-Cromartie,NYG,CB,"$8,589,411"
120,nfl,2017,121,Stephon Gilmore,NE,CB,"$8,568,750"
121,nfl,2017,122,Eric Wood,BUF,C,"$8,524,999"
122,nfl,2017,123,David Amerson,OAK,CB,"$8,500,000"
123,nfl,2017,,Riley Reiff,MIN,LT,"$8,500,000"
124,nfl,2017,,Buster Skrine,NYJ,CB,"$8,500,000"
125,nfl,2017,126,Vontaze Burfict,CIN,LB/OLB,"$8,460,529"
126,nfl,2017,127,Kevin Zeitler,CLE,G,"$8,400,000"
127,nfl,2017,128,Ron Leary,DEN,G,"$8,375,000"
128,nfl,2017,129,Golden Tate,DET,WR,"$8,351,250"
129,nfl,2017,130,Alex Mack,ATL,C,"$8,300,000"
130,nfl,2017,,Kyle Williams,BUF,DL/DT,"$8,300,000"
131,nfl,2017,132,Mike Mitchell,PIT,FS,"$8,135,416"
132,nfl,2017,133,Tyrann Mathieu,ARI,FS,"$8,100,000"
133,nfl,2017,134,Ryan Kalil,CAR,C,"$8,079,000"
134,nfl,2017,135,Sheldon Richardson,SEA,DL/DT,"$8,069,000"
135,nfl,2017,136,Barry Church,JAX,SS,"$8,000,000"
136,nfl,2017,,Jack Doyle,IND,TE,"$8,000,000"
137,nfl,2017,,Brent Grimes,TB,CB,"$8,000,000"
138,nfl,2017,,Kyle Long,CHI,G,"$8,000,000"
139,nfl,2017,,Dontari Poe,ATL,DL/DT,"$8,000,000"
140,nfl,2017,,Mike Wallace,BAL,WR,"$8,000,000"
141,nfl,2017,,Brian Winters,NYJ,G,"$8,000,000"
142,nfl,2017,143,Derrick Morgan,TEN,ED/OLB,"$7,968,750"
143,nfl,2017,144,Bennie Logan,KC,DL/DT,"$7,953,125"
144,nfl,2017,145,Derek Wolfe,DEN,DL/DE,"$7,862,500"
145,nfl,2017,146,Bryan Bulaga,GB,RT,"$7,850,000"
146,nfl,2017,147,Pernell McPhee,CHI,ED/OLB,"$7,825,000"
147,nfl,2017,148,Haloti Ngata,DET,DL/DT,"$7,703,125"
148,nfl,2017,149,Bobby Wagner,SEA,LB/ILB,"$7,600,000"
149,nfl,2017,150,Terron Armstead,NO,LT,"$7,500,000"
150,nfl,2017,,Coby Fleener,NO,TE,"$7,500,000"
151,nfl,2017,,Brandon Graham,PHI,ED/DE,"$7,500,000"
152,nfl,2017,,Malcolm Jenkins,PHI,FS,"$7,500,000"
153,nfl,2017,,Jason Pierre-Paul,NYG,ED/DE,"$7,500,000"
154,nfl,2017,,Harrison Smith,MIN,FS,"$7,500,000"
155,nfl,2017,,Cameron Wake,MIA,ED/DE,"$7,500,000"
156,nfl,2017,157,Julian Edelman,NE,WR,"$7,416,666"
157,nfl,2017,158,Mohamed Sanu,ATL,WR,"$7,400,000"
158,nfl,2017,,Darian Stewart,DEN,FS,"$7,400,000"
159,nfl,2017,,Max Unger,NO,C,"$7,400,000"
160,nfl,2017,161,Adam-Pacman Jones,CIN,CB,"$7,390,195"
161,nfl,2017,162,Sean Lee,DAL,LB/OLB,"$7,325,000"
162,nfl,2017,163,Jimmy Smith,BAL,CB,"$7,267,647"
163,nfl,2017,164,Carlos Dunlap,CIN,ED/DE,"$7,250,000"
164,nfl,2017,,Luke Joeckel,SEA,G,"$7,250,000"
165,nfl,2017,166,Cameron Heyward,PIT,DL/DE,"$7,231,250"
166,nfl,2017,167,Donald Penn,OAK,LT,"$7,150,000"
167,nfl,2017,168,Jadeveon Clowney,HOU,ED/OLB,"$7,086,863"
168,nfl,2017,169,Linval Joseph,MIN,DL/DT,"$7,050,000"
169,nfl,2017,170,Prince Amukamara,CHI,CB,"$7,000,000"
170,nfl,2017,,William Gholston,TB,ED/DE,"$7,000,000"
171,nfl,2017,,Allen Hurns,JAX,WR,"$7,000,000"
172,nfl,2017,,Bruce Irvin,OAK,ED/OLB,"$7,000,000"
173,nfl,2017,,Robert Woods,LAR,WR,"$7,000,000"
174,nfl,2017,175,Morgan Burnett,GB,SS,"$6,981,250"
175,nfl,2017,176,Michael Crabtree,OAK,WR,"$6,968,750"
176,nfl,2017,177,Rodney Hudson,OAK,C,"$6,950,000"
177,nfl,2017,,DeMarco Murray,TEN,RB,"$6,950,000"
178,nfl,2017,,Terrell Suggs,BAL,ED/OLB,"$6,950,000"
179,nfl,2017,180,Jason Peters,PHI,LT,"$6,916,666"
180,nfl,2017,181,Jameis Winston,TB,QB,"$6,913,985"
181,nfl,2017,182,Johnathan Joseph,HOU,CB,"$6,906,250"
182,nfl,2017,183,Mitchell Schwartz,KC,RT,"$6,900,000"
183,nfl,2017,184,Josh Sitton,CHI,G,"$6,822,916"
184,nfl,2017,185,James Carpenter,NYJ,G,"$6,805,000"
185,nfl,2017,186,Kyle Rudolph,MIN,TE,"$6,800,000"
186,nfl,2017,,K.J. Wright,SEA,LB/OLB,"$6,800,000"
187,nfl,2017,188,Star Lotulelei,CAR,DL/DT,"$6,757,000"
188,nfl,2017,189,Kam Chancellor,SEA,SS,"$6,743,744"
189,nfl,2017,190,Danny Trevathan,CHI,LB/ILB,"$6,732,352"
190,nfl,2017,191,Brandon Brooks,PHI,G,"$6,640,809"
191,nfl,2017,192,Andy Levitre,ATL,G,"$6,625,000"
192,nfl,2017,193,Marcus Mariota,TEN,QB,"$6,603,811"
193,nfl,2017,194,Mychal Kendricks,PHI,LB/OLB,"$6,600,000"
194,nfl,2017,195,Blake Bortles,JAX,QB,"$6,571,985"
195,nfl,2017,196,Travis Benjamin,LAC,WR,"$6,500,000"
196,nfl,2017,,Rob Gronkowski,NE,TE,"$6,500,000"
197,nfl,2017,,Josh McCown,NYJ,QB,"$6,500,000"
198,nfl,2017,,Lamar Miller,HOU,RB,"$6,500,000"
199,nfl,2017,,Jermey Parnell,JAX,RT,"$6,500,000"
200,nfl,2017,201,Jeff Allen,HOU,G,"$6,437,500"
201,nfl,2017,202,Pierre Garcon,SF,WR,"$6,425,000"
202,nfl,2017,203,Dante Fowler Jr.,JAX,ED/DE,"$6,406,433"
203,nfl,2017,204,C.J. Fiedorowicz,HOU,TE,"$6,397,826"
204,nfl,2017,205,Glover Quin,DET,FS,"$6,394,166"
205,nfl,2017,206,Marcus Gilbert,PIT,RT,"$6,367,324"
206,nfl,2017,207,Jared Goff,LAR,QB,"$6,349,471"
207,nfl,2017,208,Rishard Matthews,TEN,WR,"$6,333,333"
208,nfl,2017,209,Rodger Saffold,LAR,G,"$6,315,983"
209,nfl,2017,210,Tashaun Gipson,JAX,FS,"$6,300,000"
210,nfl,2017,211,Robert Ayers,TB,ED/DE,"$6,250,000"
211,nfl,2017,212,Patrick Chung,NE,SS,"$6,200,000"
212,nfl,2017,,Jason Kelce,PHI,C,"$6,200,000"
213,nfl,2017,214,Amari Cooper,OAK,WR,"$6,180,850"
214,nfl,2017,215,Jonathan Stewart,CAR,RB,"$6,175,000"
215,nfl,2017,216,David Bakhtiari,GB,LT,"$6,171,000"
216,nfl,2017,217,Paul Posluszny,JAX,LB/OLB,"$6,166,668"
217,nfl,2017,218,Allen Bailey,KC,DL/DE,"$6,156,250"
218,nfl,2017,219,Zach Strief,NO,RT,"$6,100,000"
219,nfl,2017,220,Brian Cushing,HOU,LB/ILB,"$6,077,830"
220,nfl,2017,221,Carson Wentz,PHI,QB,"$6,062,804"
221,nfl,2017,222,Bobby Massie,CHI,RT,"$6,034,375"
222,nfl,2017,223,Whitney Mercilus,HOU,ED/OLB,"$6,018,750"
223,nfl,2017,224,Chris Baker,TB,DL/DT,"$6,000,000"
224,nfl,2017,,Lavonte David,TB,LB/OLB,"$6,000,000"
225,nfl,2017,,Chris Ivory,JAX,RB,"$6,000,000"
226,nfl,2017,,Reggie Nelson,OAK,FS,"$6,000,000"
227,nfl,2017,,Russell Okung,LAC,LT,"$6,000,000"
228,nfl,2017,,Terrelle Pryor,WAS,WR,"$6,000,000"
229,nfl,2017,,John Simon,IND,ED/OLB,"$6,000,000"
230,nfl,2017,231,Khalil Mack,OAK,DL/DE,"$5,942,682"
231,nfl,2017,232,Nick Perry,GB,ED/OLB,"$5,925,000"
232,nfl,2017,233,Ricky Wagner,DET,RT,"$5,900,000"
233,nfl,2017,234,Joey Bosa,LAC,ED/DE,"$5,880,383"
234,nfl,2017,235,T.J. Lang,DET,G,"$5,869,791"
235,nfl,2017,236,Brandon Scherff,WAS,G,"$5,786,082"
236,nfl,2017,237,Doug Martin,TB,RB,"$5,764,705"
237,nfl,2017,238,Eric Weddle,BAL,FS,"$5,750,000"
238,nfl,2017,239,Jordan Reed,WAS,TE,"$5,737,500"
239,nfl,2017,240,Marcell Dareus,JAX,DL/DT,"$5,735,294"
240,nfl,2017,241,Alec Ogletree,LAR,LB/ILB,"$5,719,000"
241,nfl,2017,242,Eric Reid,SF,SS,"$5,676,000"
242,nfl,2017,,Kenny Vaccaro,NO,SS,"$5,676,000"
243,nfl,2017,244,Ezekiel Elliott,DAL,RB,"$5,671,895"
244,nfl,2017,245,Ron Parker,KC,FS,"$5,600,000"
245,nfl,2017,,Cordarrelle Patterson,OAK,WR,"$5,600,000"
246,nfl,2017,,Julius Thomas,MIA,TE,"$5,600,000"
247,nfl,2017,248,Andre Hal,HOU,FS,"$5,564,281"
248,nfl,2017,249,Joe Barksdale,LAC,RT,"$5,546,875"
249,nfl,2017,250,Myles Garrett,CLE,ED/DE,"$5,529,501"
250,nfl,2017,251,Cliff Avril,SEA,ED/DE,"$5,500,000"
251,nfl,2017,252,A.J. Bouye,JAX,CB,"$5,468,750"
252,nfl,2017,253,Antonio Gates,LAC,TE,"$5,437,500"
253,nfl,2017,254,Travis Kelce,KC,TE,"$5,418,400"
254,nfl,2017,255,Adrian Clayborn,ATL,ED/DE,"$5,406,250"
255,nfl,2017,256,George Iloka,CIN,FS,"$5,400,000"
256,nfl,2017,257,Mark Ingram,NO,RB,"$5,345,000"
257,nfl,2017,258,Dont'a Hightower,NE,LB/OLB,"$5,335,931"
258,nfl,2017,259,Dion Sims,CHI,TE,"$5,333,333"
259,nfl,2017,260,Delanie Walker,TEN,TE,"$5,317,708"
260,nfl,2017,261,Jalen Ramsey,JAX,CB,"$5,307,045"
261,nfl,2017,262,Jared Cook,OAK,TE,"$5,300,000"
262,nfl,2017,263,Orlando Scandrick,DAL,CB,"$5,281,021"
263,nfl,2017,264,Mitchell Trubisky,CHI,QB,"$5,278,622"
264,nfl,2017,265,Jeremy Lane,SEA,CB,"$5,250,000"
265,nfl,2017,,Markus Wheaton,CHI,WR,"$5,250,000"
266,nfl,2017,267,Jake Matthews,ATL,LT,"$5,227,569"
267,nfl,2017,268,Matt Prater,DET,K,"$5,225,000"
268,nfl,2017,269,Charles Leno,CHI,LT,"$5,208,628"
269,nfl,2017,270,Christian Kirksey,CLE,LB/ILB,"$5,162,625"
270,nfl,2017,271,Michael Johnson,CIN,ED/DE,"$5,125,000"
271,nfl,2017,272,Solomon Thomas,SF,ED/DE,"$5,118,975"
272,nfl,2017,273,Mike Remmers,MIN,RT,"$5,100,000"
273,nfl,2017,274,Casey Hayward,LAC,CB,"$5,083,333"
274,nfl,2017,275,Leonard Williams,NYJ,DL/DE,"$5,081,146"
275,nfl,2017,276,Brooks Reed,ATL,ED/DE,"$5,040,000"
276,nfl,2017,277,Kelvin Beachum,NYJ,LT,"$5,000,000"
277,nfl,2017,,Eric Berry,KC,FS,"$5,000,000"
278,nfl,2017,,Andre Branch,MIA,ED/DE,"$5,000,000"
279,nfl,2017,,Marcus Cooper,CHI,CB,"$5,000,000"
280,nfl,2017,,Matt Forte,NYJ,RB,"$5,000,000"
281,nfl,2017,,Brandon LaFell,CIN,WR,"$5,000,000"
282,nfl,2017,,Shawn Lauvao,WAS,G,"$5,000,000"
283,nfl,2017,,Brian Robison,MIN,ED/DE,"$5,000,000"
284,nfl,2017,285,Tahir Whitehead,DET,LB/OLB,"$4,987,500"
285,nfl,2017,286,Duane Brown,SEA,LT,"$4,976,470"
286,nfl,2017,287,Clint Boling,CIN,G,"$4,950,000"
287,nfl,2017,288,Dwayne Allen,NE,TE,"$4,937,500"
288,nfl,2017,289,Leonard Fournette,JAX,RB,"$4,936,516"
289,nfl,2017,290,Richie Incognito,BUF,G,"$4,925,000"
290,nfl,2017,291,Dustin Colquitt,KC,P,"$4,900,000"
291,nfl,2017,292,Torrey Smith,PHI,WR,"$4,875,000"
292,nfl,2017,293,Davante Adams,GB,WR,"$4,857,127"
293,nfl,2017,294,Tyler Eifert,CIN,TE,"$4,782,000"
294,nfl,2017,295,Nigel Bradham,PHI,LB/OLB,"$4,750,000"
295,nfl,2017,,John Cyprien,TEN,SS,"$4,750,000"
296,nfl,2017,,William Hayes,MIA,ED/DE,"$4,750,000"
297,nfl,2017,298,Morris Claiborne,NYJ,CB,"$4,718,750"
298,nfl,2017,299,Thomas Morstead,NO,P,"$4,700,000"
299,nfl,2017,300,Sylvester Williams,TEN,DL/DT,"$4,666,666"
300,nfl,2017,301,Ronnie Stanley,BAL,LT,"$4,655,529"
301,nfl,2017,302,Mike Evans,TB,WR,"$4,655,478"
302,nfl,2017,303,Bilal Powell,NYJ,RB,"$4,633,333"
303,nfl,2017,304,Alan Branch,NE,DL/DT,"$4,625,000"
304,nfl,2017,,T.J. Ward,TB,SS,"$4,625,000"
305,nfl,2017,306,Corey Davis,TEN,WR,"$4,617,216"
306,nfl,2017,307,Lane Taylor,GB,G,"$4,575,000"
307,nfl,2017,308,Travis Frederick,DAL,C,"$4,531,000"
308,nfl,2017,309,Desmond Trufant,ATL,CB,"$4,526,000"
309,nfl,2017,310,Kevin White,CHI,WR,"$4,517,195"
310,nfl,2017,311,Cole Beasley,DAL,WR,"$4,500,000"
311,nfl,2017,,Stephen Gostkowski,NE,K,"$4,500,000"
312,nfl,2017,,Brandon Marshall,DEN,LB/ILB,"$4,500,000"
313,nfl,2017,,Brandon Mebane,LAC,DL/DT,"$4,500,000"
314,nfl,2017,,Evan Smith,TB,C,"$4,500,000"
315,nfl,2017,316,Brandon Marshall,NYG,WR,"$4,468,750"
316,nfl,2017,317,Da'Norris Searcy,TEN,SS,"$4,462,500"
317,nfl,2017,318,Doug Baldwin,SEA,WR,"$4,418,750"
318,nfl,2017,319,Devonta Freeman,ATL,RB,"$4,418,106"
319,nfl,2017,320,Ben Jones,TEN,C,"$4,375,000"
320,nfl,2017,321,Mario Addison,CAR,ED/DE,"$4,354,166"
321,nfl,2017,322,Corey Peters,ARI,DL/DT,"$4,347,918"
322,nfl,2017,323,Demar Dotson,TB,RT,"$4,300,000"
323,nfl,2017,324,Jahleel Addae,LAC,SS,"$4,250,000"
324,nfl,2017,,Jerrell Freeman,CHI,LB/ILB,"$4,250,000"
325,nfl,2017,,Benjamin Ijalana,NYJ,RT,"$4,250,000"
326,nfl,2017,,Marcedes Lewis,JAX,TE,"$4,250,000"
327,nfl,2017,,Kevin Minter,CIN,LB/ILB,"$4,250,000"
328,nfl,2017,,Derrick Shelby,ATL,DL/DT,"$4,250,000"
329,nfl,2017,,Donald Stephenson,DEN,LT,"$4,250,000"
330,nfl,2017,,Wesley Woodyard,TEN,LB/ILB,"$4,250,000"
331,nfl,2017,332,Quintin Demps,CHI,SS,"$4,239,583"
332,nfl,2017,333,DeForest Buckner,SF,DL/DT,"$4,134,316"
333,nfl,2017,334,Charles Johnson,CAR,ED/DE,"$4,124,080"
334,nfl,2017,335,Willie Young,CHI,ED/OLB,"$4,100,000"
335,nfl,2017,336,Anthony Barr,MIN,LB/OLB,"$4,054,750"
336,nfl,2017,337,Drew Stanton,ARI,QB,"$4,050,000"
337,nfl,2017,338,Jamal Adams,NYJ,SS,"$4,047,038"
338,nfl,2017,339,Shawn Williams,CIN,SS,"$4,034,375"
339,nfl,2017,340,Zane Beadles,SF,G,"$4,033,333"
340,nfl,2017,341,Tony Jefferson,BAL,SS,"$4,030,000"
341,nfl,2017,342,Stephon Tuitt,PIT,DL/DE,"$4,018,081"
342,nfl,2017,343,Bryan Anger,TB,P,"$4,000,000"
343,nfl,2017,,Dan Bailey,DAL,K,"$4,000,000"
344,nfl,2017,,Brent Celek,PHI,TE,"$4,000,000"
345,nfl,2017,,Graham Gano,CAR,K,"$4,000,000"
346,nfl,2017,,Micah Hyde,BUF,SS,"$4,000,000"
347,nfl,2017,,Abry Jones,JAX,DL/DT,"$4,000,000"
348,nfl,2017,,Darren Sproles,PHI,RB,"$4,000,000"
349,nfl,2017,350,Mike Gillislee,NE,RB,"$3,968,750"
350,nfl,2017,351,Vic Beasley,ATL,ED/DE,"$3,953,244"
351,nfl,2017,352,Kayvon Webster,LAR,CB,"$3,953,125"
352,nfl,2017,353,Trai Turner,CAR,G,"$3,931,950"
353,nfl,2017,354,Ereck Flowers,NYG,RT,"$3,925,014"
354,nfl,2017,355,Steve McLendon,NYJ,DL/DT,"$3,921,875"
355,nfl,2017,356,Shane Vereen,NYG,RB,"$3,916,668"
356,nfl,2017,357,Malcolm Butler,NE,CB,"$3,910,000"
357,nfl,2017,358,J.R. Sweezy,TB,G,"$3,906,250"
358,nfl,2017,359,Eric Ebron,DET,TE,"$3,897,455"
359,nfl,2017,360,Eric Decker,TEN,WR,"$3,878,125"
360,nfl,2017,361,Corey Linsley,GB,C,"$3,849,700"
361,nfl,2017,362,Brandon Williams,BAL,DL/DT,"$3,820,000"
362,nfl,2017,363,Larry Warford,NO,G,"$3,800,000"
363,nfl,2017,364,Todd Gurley,LAR,RB,"$3,769,959"
364,nfl,2017,365,Jermaine Gresham,ARI,TE,"$3,750,000"
365,nfl,2017,,Kyle Juszczyk,SF,FB,"$3,750,000"
366,nfl,2017,,Julius Peppers,CAR,ED/DE,"$3,750,000"
367,nfl,2017,,Kenny Stills,MIA,WR,"$3,750,000"
368,nfl,2017,369,Adam Thielen,MIN,WR,"$3,746,000"
369,nfl,2017,370,Reshad Jones,MIA,SS,"$3,742,938"
370,nfl,2017,371,Terrell McClain,WAS,DL/DE,"$3,734,375"
371,nfl,2017,372,Lawrence Timmons,MIA,LB/ILB,"$3,716,176"
372,nfl,2017,373,Malcolm Smith,SF,LB/OLB,"$3,700,000"
373,nfl,2017,374,Jonathan Casillas,NYG,LB/OLB,"$3,691,668"
374,nfl,2017,375,Giovani Bernard,CIN,RB,"$3,675,000"
375,nfl,2017,,Ryan Fitzpatrick,TB,QB,"$3,675,000"
376,nfl,2017,377,Taylor Lewan,TEN,LT,"$3,654,319"
377,nfl,2017,378,Kurt Coleman,CAR,FS,"$3,650,000"
378,nfl,2017,379,Morgan Moses,WAS,RT,"$3,621,394"
379,nfl,2017,380,Jack Conklin,TEN,RT,"$3,613,104"
380,nfl,2017,381,J.C. Tretter,CLE,C,"$3,609,375"
381,nfl,2017,382,Mason Crosby,GB,K,"$3,600,000"
382,nfl,2017,,Colt McCoy,WAS,QB,"$3,600,000"
383,nfl,2017,384,D.J. Hayden,DET,CB,"$3,593,750"
384,nfl,2017,385,Ramon Foster,PIT,G,"$3,591,666"
385,nfl,2017,386,Mike Williams,LAC,WR,"$3,590,896"
386,nfl,2017,387,Leonard Floyd,CHI,ED/OLB,"$3,587,014"
387,nfl,2017,388,Terence Newman,MIN,CB,"$3,584,375"
388,nfl,2017,389,Eddie Lacy,SEA,RB,"$3,562,500"
389,nfl,2017,390,Koa Misi,MIA,LB/OLB,"$3,551,125"
390,nfl,2017,391,Matt Kalil,CAR,LT,"$3,550,000"
391,nfl,2017,392,Trae Waynes,MIN,CB,"$3,530,281"
392,nfl,2017,393,Connor Barwin,LAR,ED/OLB,"$3,500,000"
393,nfl,2017,,Justin Bethel,ARI,CB,"$3,500,000"
394,nfl,2017,,Ahmad Brooks,GB,ED/OLB,"$3,500,000"
395,nfl,2017,,Frank Gore,IND,RB,"$3,500,000"
396,nfl,2017,,Ryan Griffin,HOU,TE,"$3,500,000"
397,nfl,2017,,Duron Harmon,NE,SS,"$3,500,000"
398,nfl,2017,,Chad Henne,JAX,QB,"$3,500,000"
399,nfl,2017,,Derrick Johnson,KC,LB/ILB,"$3,500,000"
400,nfl,2017,,Jeremy Maclin,BAL,WR,"$3,500,000"
401,nfl,2017,,Matt Schaub,ATL,QB,"$3,500,000"
402,nfl,2017,403,Antoine Bethea,ARI,SS,"$3,416,666"
403,nfl,2017,404,Nate Allen,MIA,FS,"$3,400,000"
404,nfl,2017,405,Eli Apple,NYG,CB,"$3,376,724"
405,nfl,2017,406,Elvis Dumervil,SF,LB/OLB,"$3,375,000"
406,nfl,2017,407,Marcus Cannon,NE,RT,"$3,368,750"
407,nfl,2017,408,Sebastian Janikowski,OAK,K,"$3,360,000"
408,nfl,2017,409,Vernon Davis,WAS,TE,"$3,333,333"
409,nfl,2017,,D.J. Swearinger,WAS,FS,"$3,333,333"
410,nfl,2017,411,Sam Martin,DET,P,"$3,325,000"
411,nfl,2017,412,Greg Robinson,DET,LT,"$3,322,377"
412,nfl,2017,413,"Odell Beckham, Jr.",NYG,WR,"$3,311,063"
413,nfl,2017,414,Virgil Green,DEN,TE,"$3,300,000"
414,nfl,2017,,Dwayne Harris,NYG,WR,"$3,300,000"
415,nfl,2017,,Brett Kern,TEN,P,"$3,300,000"
416,nfl,2017,,Domata Peko,DEN,DL/DT,"$3,300,000"
417,nfl,2017,418,Jamar Taylor,CLE,CB,"$3,275,000"
418,nfl,2017,419,Menelik Watson,DEN,RT,"$3,270,833"
419,nfl,2017,420,Chris Clark,HOU,LT,"$3,250,000"
420,nfl,2017,,Marquise Goodwin,SF,WR,"$3,250,000"
421,nfl,2017,,Vincent Rey,CIN,LB/ILB,"$3,250,000"
422,nfl,2017,,Erik Walden,TEN,ED/OLB,"$3,250,000"
423,nfl,2017,424,Aaron Donald,LAR,DL/DT,"$3,225,250"
424,nfl,2017,425,Vernon Hargreaves,TB,CB,"$3,222,195"
425,nfl,2017,426,Shea McClellin,NE,LB/OLB,"$3,195,833"
426,nfl,2017,427,Danny Shelton,CLE,DL/DT,"$3,191,909"
427,nfl,2017,428,Stacy McGee,WAS,DL/DT,"$3,190,625"
428,nfl,2017,429,Rodney McLeod,PHI,FS,"$3,181,250"
429,nfl,2017,430,Kevin Huber,CIN,P,"$3,170,000"
430,nfl,2017,431,Joe Haden,PIT,CB,"$3,166,666"
431,nfl,2017,432,Rex Burkhead,NE,RB,"$3,150,000"
432,nfl,2017,,Britton Colquitt,CLE,P,"$3,150,000"
433,nfl,2017,434,Christian McCaffrey,CAR,RB,"$3,134,782"
434,nfl,2017,435,Josh Robinson,TB,CB,"$3,125,000"
435,nfl,2017,,Alejandro Villanueva,PIT,LT,"$3,125,000"
436,nfl,2017,437,Andrus Peat,NO,G,"$3,107,317"
437,nfl,2017,438,Justin Tucker,BAL,K,"$3,106,666"
438,nfl,2017,439,Sam Koch,BAL,P,"$3,100,000"
439,nfl,2017,440,John Ross,CIN,WR,"$3,084,444"
440,nfl,2017,441,Matt Bryant,ATL,K,"$3,083,334"
441,nfl,2017,442,Kyle Fuller,CHI,CB,"$3,082,228"
442,nfl,2017,443,Andre Smith,CIN,G,"$3,062,500"
443,nfl,2017,444,Jarius Wright,MIN,WR,"$3,053,750"
444,nfl,2017,445,Danny Amendola,NE,WR,"$3,041,668"
445,nfl,2017,446,Ryan Shazier,PIT,LB/ILB,"$3,025,022"
446,nfl,2017,447,Zach Ertz,PHI,TE,"$3,020,000"
447,nfl,2017,448,Timmy Jernigan,PHI,DL/DT,"$3,017,284"
448,nfl,2017,449,Lorenzo Alexander,BUF,LB/OLB,"$3,000,000"
449,nfl,2017,,C.J. Anderson,DEN,RB,"$3,000,000"
450,nfl,2017,,Jermon Bushrod,MIA,G,"$3,000,000"
451,nfl,2017,,Brandon Carr,BAL,CB,"$3,000,000"
452,nfl,2017,,D.J. Fluker,NYG,G,"$3,000,000"
453,nfl,2017,,Ted Ginn Jr.,NO,WR,"$3,000,000"
454,nfl,2017,,James Hanna,DAL,TE,"$3,000,000"
455,nfl,2017,,Derek Newton,HOU,RT,"$3,000,000"
456,nfl,2017,,Keenan Robinson,NYG,LB/OLB,"$3,000,000"
457,nfl,2017,,Brynden Trawick,TEN,SS,"$3,000,000"
458,nfl,2017,,Paul Worrilow,DET,LB/OLB,"$3,000,000"
459,nfl,2017,460,Patrick Mahomes,KC,QB,"$2,986,506"
460,nfl,2017,461,Chris Hogan,NE,WR,"$2,968,750"
461,nfl,2017,462,DeVante Parker,MIA,WR,"$2,966,330"
462,nfl,2017,463,Latavius Murray,MIN,RB,"$2,956,250"
463,nfl,2017,464,Earl Mitchell,SF,DL/DT,"$2,921,875"
464,nfl,2017,465,Melvin Gordon,LAC,RB,"$2,909,938"
465,nfl,2017,466,Sheldon Rankins,NO,DL/DT,"$2,909,465"
466,nfl,2017,467,Brice McCain,TEN,CB,"$2,900,000"
467,nfl,2017,468,Arthur Moats,PIT,ED/OLB,"$2,883,334"
468,nfl,2017,469,Darius Butler,IND,FS,"$2,875,000"
469,nfl,2017,,Christopher Conte,TB,FS,"$2,875,000"
470,nfl,2017,,Joe Hawley,TB,C,"$2,875,000"
471,nfl,2017,472,Kiko Alonso,MIA,LB/OLB,"$2,862,500"
472,nfl,2017,473,Zack Martin,DAL,G,"$2,853,391"
473,nfl,2017,474,David Harris,NE,LB/ILB,"$2,843,750"
474,nfl,2017,475,Laremy Tunsil,MIA,LT,"$2,831,284"
475,nfl,2017,476,Andrew Sendejo,MIN,SS,"$2,826,470"
476,nfl,2017,477,Ryan Succop,TEN,K,"$2,816,668"
477,nfl,2017,478,Marcus Gilchrist,HOU,SS,"$2,812,500"
478,nfl,2017,479,Davon House,GB,CB,"$2,800,000"
479,nfl,2017,,A.J. Klein,NO,LB/ILB,"$2,800,000"
480,nfl,2017,,Matt Slauson,LAC,G,"$2,800,000"
481,nfl,2017,482,C.J. Mosley,BAL,LB/ILB,"$2,796,183"
482,nfl,2017,483,Marshon Lattimore,NO,CB,"$2,792,647"
483,nfl,2017,484,Matt Cassel,TEN,QB,"$2,750,000"
484,nfl,2017,,Anthony Fasano,MIA,TE,"$2,750,000"
485,nfl,2017,,Emmanuel Lamur,MIN,LB/OLB,"$2,750,000"
486,nfl,2017,,Adam Vinatieri,IND,K,"$2,750,000"
487,nfl,2017,488,Trey Burton,PHI,TE,"$2,746,000"
488,nfl,2017,,Isaiah Crowell,CLE,RB,"$2,746,000"
489,nfl,2017,,Todd Davis,DEN,LB/ILB,"$2,746,000"
490,nfl,2017,,Taylor Gabriel,ATL,WR,"$2,746,000"
491,nfl,2017,,Wesley Johnson,NYJ,C,"$2,746,000"
492,nfl,2017,,Andrew Norwell,CAR,G,"$2,746,000"
493,nfl,2017,494,Kevin Johnson,HOU,CB,"$2,740,749"
494,nfl,2017,495,Laurent Duvernay-Tardif,KC,G,"$2,723,575"
495,nfl,2017,496,Ed Dickson,CAR,TE,"$2,716,668"
496,nfl,2017,497,Karl Joseph,OAK,SS,"$2,700,981"
497,nfl,2017,498,Matt Bosher,ATL,P,"$2,700,000"
498,nfl,2017,499,Arik Armstead,SF,ED/DE,"$2,684,354"
499,nfl,2017,500,Ja'Wuan James,MIA,RT,"$2,681,763"
500,nfl,2017,501,HaHa Clinton-Dix,GB,FS,"$2,653,159"
501,nfl,2017,502,Corey Coleman,CLE,WR,"$2,648,863"
502,nfl,2017,503,William Gay,PIT,CB,"$2,633,333"
503,nfl,2017,504,Marshawn Lynch,OAK,RB,"$2,625,000"
504,nfl,2017,,Zach Miller,CHI,TE,"$2,625,000"
505,nfl,2017,506,Kamar Aiken,IND,WR,"$2,600,000"
506,nfl,2017,,Lawrence Guy,NE,ED/DE,"$2,600,000"
507,nfl,2017,,Steven Hauschka,BUF,K,"$2,600,000"
508,nfl,2017,,Benson Mayowa,DAL,ED/DE,"$2,600,000"
509,nfl,2017,510,Dee Ford,KC,ED/OLB,"$2,595,968"
510,nfl,2017,511,Josh Hill,NO,TE,"$2,595,833"
511,nfl,2017,512,Garrett Celek,SF,TE,"$2,575,000"
512,nfl,2017,513,Nelson Agholor,PHI,WR,"$2,557,466"
513,nfl,2017,514,Zach Brown,WAS,LB/ILB,"$2,550,000"
514,nfl,2017,,Marquette King,OAK,P,"$2,550,000"
515,nfl,2017,516,Cedric Ogbuehi,CIN,LT,"$2,543,366"
516,nfl,2017,517,Darqueze Dennard,CIN,CB,"$2,538,740"
517,nfl,2017,518,Marcus Peters,KC,CB,"$2,537,020"
518,nfl,2017,519,Austin Howard,BAL,RT,"$2,525,000"
519,nfl,2017,520,Bud Dupree,PIT,ED/OLB,"$2,515,168"
520,nfl,2017,521,Jason Verrett,LAC,CB,"$2,510,137"
521,nfl,2017,522,Chris Thompson,WAS,RB,"$2,506,800"
522,nfl,2017,523,Phil Dawson,ARI,K,"$2,500,000"
523,nfl,2017,,Ryan Groy,BUF,G,"$2,500,000"
524,nfl,2017,,Josh Mauro,ARI,DL/DT,"$2,500,000"
525,nfl,2017,,Captain Munnerlyn,CAR,CB,"$2,500,000"
526,nfl,2017,,Levine Toilolo,ATL,TE,"$2,500,000"
527,nfl,2017,,Vince Williams,PIT,LB/ILB,"$2,500,000"
528,nfl,2017,529,Taylor Decker,DET,T,"$2,492,495"
529,nfl,2017,530,Shane Ray,DEN,ED/OLB,"$2,486,971"
530,nfl,2017,531,Jordan Poyer,BUF,FS,"$2,475,000"
531,nfl,2017,532,Karl Klug,TEN,DL/DT,"$2,468,750"
532,nfl,2017,533,Deshaun Watson,HOU,QB,"$2,457,014"
533,nfl,2017,534,Deone Bucannon,ARI,LB/ILB,"$2,452,928"
534,nfl,2017,535,Haason Reddick,ARI,LB/ILB,"$2,450,539"
535,nfl,2017,536,Keanu Neal,ATL,FS,"$2,440,374"
536,nfl,2017,537,D.J. Humphries,ARI,LT,"$2,430,576"
537,nfl,2017,538,Jahri Evans,GB,G,"$2,425,000"
538,nfl,2017,539,Shaq Thompson,CAR,LB/OLB,"$2,402,379"
539,nfl,2017,540,Theo Riddick,DET,RB,"$2,400,000"
540,nfl,2017,541,Ryan Kelly,IND,C,"$2,375,223"
541,nfl,2017,542,Tyson Alualu,PIT,DL/DE,"$2,375,000"
542,nfl,2017,,Josh Kline,TEN,G,"$2,375,000"
543,nfl,2017,544,Breshad Perriman,BAL,WR,"$2,374,177"
544,nfl,2017,545,Allen Barbre,DEN,G,"$2,350,000"
545,nfl,2017,,Tom Johnson,MIN,DL/DT,"$2,350,000"
546,nfl,2017,547,Justin Britt,SEA,C,"$2,349,933"
547,nfl,2017,548,Byron Jones,DAL,CB,"$2,345,984"
548,nfl,2017,549,Jason McCourty,CLE,CB,"$2,343,750"
549,nfl,2017,550,Harry Douglas,TEN,WR,"$2,342,709"
550,nfl,2017,551,La'el Collins,DAL,RT,"$2,340,333"
551,nfl,2017,552,Derek Barnett,PHI,ED/DE,"$2,336,504"
552,nfl,2017,553,Shaq Lawson,BUF,ED/DE,"$2,336,130"
553,nfl,2017,554,Darron Lee,NYJ,LB/ILB,"$2,323,101"
554,nfl,2017,555,Cornelius Washington,DET,ED/DE,"$2,321,875"
555,nfl,2017,556,Breno Giacomini,HOU,RT,"$2,312,500"
556,nfl,2017,557,Will Fuller,HOU,WR,"$2,310,071"
557,nfl,2017,558,Ryan Schraeder,ATL,RT,"$2,300,000"
558,nfl,2017,,Russell Shepard,CAR,WR,"$2,300,000"
559,nfl,2017,560,T.J. McDonald,MIA,FS,"$2,296,445"
560,nfl,2017,561,Josh Doctson,WAS,WR,"$2,284,009"
561,nfl,2017,562,Kyle Van Noy,NE,LB/ILB,"$2,282,407"
562,nfl,2017,563,Ryan Hewitt,CIN,FB,"$2,275,000"
563,nfl,2017,564,Jimmie Ward,SF,FS,"$2,263,078"
564,nfl,2017,565,Laquon Treadwell,MIN,WR,"$2,257,949"
565,nfl,2017,566,Jared Crick,DEN,DL/DE,"$2,250,000"
566,nfl,2017,,Karlos Dansby,ARI,LB/ILB,"$2,250,000"
567,nfl,2017,,Rhett Ellison,NYG,TE,"$2,250,000"
568,nfl,2017,,Brandon McManus,DEN,K,"$2,250,000"
569,nfl,2017,,Akeem Spence,DET,DL/DT,"$2,250,000"
570,nfl,2017,,Benjamin Watson,BAL,TE,"$2,250,000"
571,nfl,2017,,Terrance Williams,DAL,WR,"$2,250,000"
572,nfl,2017,573,Derek Anderson,CAR,QB,"$2,243,750"
573,nfl,2017,574,Demario Davis,NYJ,LB/ILB,"$2,225,000"
574,nfl,2017,575,Malik Hooker,IND,S,"$2,222,063"
575,nfl,2017,576,Bradley Roby,DEN,CB,"$2,212,168"
576,nfl,2017,577,Niles Paul,WAS,TE,"$2,208,334"
577,nfl,2017,578,William Jackson,CIN,CB,"$2,205,828"
578,nfl,2017,579,Landry Jones,PIT,QB,"$2,200,000"
579,nfl,2017,,Jermaine Kearse,NYJ,WR,"$2,200,000"
580,nfl,2017,581,Tyvon Branch,ARI,SS,"$2,187,500"
581,nfl,2017,582,Artie Burns,PIT,CB,"$2,179,768"
582,nfl,2017,583,Teddy Bridgewater,MIN,QB,"$2,179,387"
583,nfl,2017,584,Vance McDonald,PIT,TE,"$2,175,000"
584,nfl,2017,585,Garry Gilliam,SF,RT,"$2,162,500"
585,nfl,2017,586,Damarious Randall,GB,FS,"$2,158,836"
586,nfl,2017,587,Marlon Humphrey,BAL,CB,"$2,154,087"
587,nfl,2017,588,Paxton Lynch,DEN,QB,"$2,153,704"
588,nfl,2017,589,Matt Moore,MIA,QB,"$2,150,000"
589,nfl,2017,590,Alfred Morris,DAL,RB,"$2,137,500"
590,nfl,2017,591,Kenny Clark,GB,DL/DE,"$2,127,646"
591,nfl,2017,592,Joshua Garnett,SF,G,"$2,114,616"
592,nfl,2017,593,Jack Crawford,ATL,ED/DE,"$2,083,333"
593,nfl,2017,594,Malcom Brown,NE,DL/DT,"$2,076,335"
594,nfl,2017,595,Margus Hunt,IND,DL/DT,"$2,068,750"
595,nfl,2017,596,Adoree' Jackson,TEN,CB,"$2,051,415"
596,nfl,2017,597,Jonathan Allen,WAS,DL/DE,"$2,032,726"
597,nfl,2017,598,Telvin Smith,JAX,LB/OLB,"$2,008,821"
598,nfl,2017,599,Garett Bolles,DEN,LT,"$2,005,800"
599,nfl,2017,600,O.J. Howard,TB,TE,"$2,003,438"
600,nfl,2017,601,Nick Fairley,NO,DL/DT,"$2,000,000"
601,nfl,2017,,Mason Foster,WAS,LB/ILB,"$2,000,000"
602,nfl,2017,,Shane Lechler,HOU,P,"$2,000,000"
603,nfl,2017,,Ryan Mallett,BAL,QB,"$2,000,000"
604,nfl,2017,,Lerentee McCray,JAX,LB/OLB,"$2,000,000"
605,nfl,2017,,Clinton McDonald,TB,DL/DT,"$2,000,000"
606,nfl,2017,,Bradley McDougald,SEA,SS,"$2,000,000"
607,nfl,2017,,Barkevious Mingo,IND,ED/OLB,"$2,000,000"
608,nfl,2017,,Alex Okafor,NO,ED/DE,"$2,000,000"
609,nfl,2017,,Seth Roberts,OAK,WR,"$2,000,000"
610,nfl,2017,,Marcus Sherels,MIN,CB,"$2,000,000"
611,nfl,2017,,Scott Tolzien,IND,QB,"$2,000,000"
612,nfl,2017,,Al Woods,IND,DL/DT,"$2,000,000"
613,nfl,2017,614,Jarrad Davis,DET,LB/ILB,"$1,994,396"
614,nfl,2017,615,Cornellius Carradine,SF,ED/DE,"$1,978,125"
615,nfl,2017,616,Charles Harris,MIA,ED/DE,"$1,971,589"
616,nfl,2017,617,Preston Brown,BUF,LB/ILB,"$1,959,000"
617,nfl,2017,618,Robert Nkemdiche,ARI,DL/DE,"$1,954,681"
618,nfl,2017,619,Kemal Ishmael,ATL,SS,"$1,953,125"
619,nfl,2017,620,Travis Swanson,DET,C,"$1,951,868"
620,nfl,2017,621,Spencer Long,WAS,C,"$1,950,450"
621,nfl,2017,622,Tramon Williams,ARI,CB,"$1,950,000"
622,nfl,2017,623,Evan Engram,NYG,TE,"$1,948,782"
623,nfl,2017,624,Marcus Williams,HOU,CB,"$1,938,348"
624,nfl,2017,625,Alex Boone,ARI,G,"$1,937,500"
625,nfl,2017,626,Michael Hoomanawanui,NO,TE,"$1,933,333"
626,nfl,2017,627,Donte Moncrief,IND,WR,"$1,932,880"
627,nfl,2017,628,John Brown,ARI,WR,"$1,932,725"
628,nfl,2017,629,Richard Rodgers,GB,TE,"$1,923,504"
629,nfl,2017,630,Jeff Heath,DAL,FS,"$1,921,000"
630,nfl,2017,631,Bashaud Breeland,WAS,CB,"$1,918,500"
631,nfl,2017,632,Justin Ellis,OAK,DL/DT,"$1,915,172"
632,nfl,2017,633,DeAngelo Hall,WAS,CB,"$1,912,500"
633,nfl,2017,634,Russell Bodine,CIN,C,"$1,911,114"
634,nfl,2017,635,DaQuan Jones,TEN,DL/DE,"$1,910,850"
635,nfl,2017,636,Aaron Colvin,JAX,CB,"$1,910,288"
636,nfl,2017,637,Vernon Butler,CAR,DL/DT,"$1,908,299"
637,nfl,2017,638,Case Keenum,MIN,QB,"$1,906,250"
638,nfl,2017,,Stephen Paea,DAL,DL/DT,"$1,906,250"
639,nfl,2017,,Mark Sanchez,CHI,QB,"$1,906,250"
640,nfl,2017,641,Anthony Hitchens,DAL,LB/ILB,"$1,905,716"
641,nfl,2017,642,Sharrif Floyd,MIN,DL/DT,"$1,902,800"
642,nfl,2017,643,Ryan Allen,NE,P,"$1,900,000"
643,nfl,2017,,Brad Nortman,JAX,P,"$1,900,000"
644,nfl,2017,645,Joe Berger,MIN,G,"$1,882,500"
645,nfl,2017,646,Robert Golden,PIT,FS,"$1,881,666"
646,nfl,2017,647,Jabrill Peppers,CLE,S,"$1,880,361"
647,nfl,2017,648,Germain Ifedi,SEA,RT,"$1,878,433"
648,nfl,2017,649,Nevin Lawson,DET,CB,"$1,872,146"
649,nfl,2017,650,Takkarist McKinley,ATL,ED/DE,"$1,857,551"
650,nfl,2017,651,Gareon Conley,OAK,CB,"$1,854,992"
651,nfl,2017,652,Tom Compton,CHI,T,"$1,850,000"
652,nfl,2017,,Patrick DiMarco,BUF,FB,"$1,850,000"
653,nfl,2017,,Chris Long,PHI,ED/DE,"$1,850,000"
654,nfl,2017,,Josh Martin,NYJ,ED/OLB,"$1,850,000"
655,nfl,2017,656,Kevin Pamphile,TB,G,"$1,846,625"
656,nfl,2017,657,Aaron Lynch,SF,ED/DE,"$1,846,500"
657,nfl,2017,658,Avery Williamson,TEN,LB/ILB,"$1,845,613"
658,nfl,2017,659,Kendall Wright,CHI,WR,"$1,843,750"
659,nfl,2017,660,Tre'Davious White,BUF,CB,"$1,834,747"
660,nfl,2017,661,Devon Kennard,NYG,LB/OLB,"$1,833,140"
661,nfl,2017,662,Taco Charlton,DAL,ED/DE,"$1,823,343"
662,nfl,2017,663,Zach Fulton,KC,G,"$1,823,055"
663,nfl,2017,664,Travis Carrie,OAK,CB,"$1,813,741"
664,nfl,2017,665,Shamar Stephen,MIN,DL/DT,"$1,813,287"
665,nfl,2017,666,Corey Graham,PHI,FS,"$1,800,000"
666,nfl,2017,,Andre Roberts,ATL,WR,"$1,800,000"
667,nfl,2017,,Craig Robertson,NO,LB/ILB,"$1,800,000"
668,nfl,2017,,Aldrick Robinson,SF,WR,"$1,800,000"
669,nfl,2017,,Nathan Stupar,NO,LB/OLB,"$1,800,000"
670,nfl,2017,,Luke Willson,SEA,TE,"$1,800,000"
671,nfl,2017,,Brad Wing,NYG,P,"$1,800,000"
672,nfl,2017,673,Denico Autry,OAK,DL/DE,"$1,797,000"
673,nfl,2017,,Will Compton,WAS,LB/ILB,"$1,797,000"
674,nfl,2017,,Dominique Easley,LAR,DL/DT,"$1,797,000"
675,nfl,2017,,Cameron Fleming,NE,T,"$1,797,000"
676,nfl,2017,,E.J. Gaines,BUF,CB,"$1,797,000"
677,nfl,2017,,Chris Hubbard,PIT,RT,"$1,797,000"
678,nfl,2017,,Ryan Jensen,BAL,C,"$1,797,000"
679,nfl,2017,,Marcus Martin,CLE,G,"$1,797,000"
680,nfl,2017,,Michael Schofield,LAC,RT,"$1,797,000"
681,nfl,2017,,Michael Thomas,MIA,FS,"$1,797,000"
682,nfl,2017,,Korey Toomer,LAC,LB/ILB,"$1,797,000"
683,nfl,2017,,Terrance West,BAL,RB,"$1,797,000"
684,nfl,2017,,Damien Williams,MIA,RB,"$1,797,000"
685,nfl,2017,,Albert Wilson,KC,WR,"$1,797,000"
686,nfl,2017,,Kerry Wynn,NYG,ED/DE,"$1,797,000"
687,nfl,2017,688,Jamize Olawale,OAK,FB,"$1,790,000"
688,nfl,2017,689,James White,NE,RB,"$1,789,272"
689,nfl,2017,690,Mike Adams,CAR,SS,"$1,775,000"
690,nfl,2017,,Byron Bell,DAL,RT,"$1,775,000"
691,nfl,2017,,Lance Kendricks,GB,TE,"$1,775,000"
692,nfl,2017,693,Xavier Su'a-Filo,HOU,G,"$1,766,418"
693,nfl,2017,694,Cody Davis,LAR,FS,"$1,761,111"
694,nfl,2017,695,DeMarcus Lawrence,DAL,ED/DE,"$1,752,116"
695,nfl,2017,696,Nick Folk,TB,K,"$1,750,000"
696,nfl,2017,,Robbie Gould,SF,K,"$1,750,000"
697,nfl,2017,,John Jerry,NYG,G,"$1,750,000"
698,nfl,2017,,Senio Kelemete,NO,G,"$1,750,000"
699,nfl,2017,,Marshall Newhouse,OAK,RT,"$1,750,000"
700,nfl,2017,,Mychal Rivera,JAX,TE,"$1,750,000"
701,nfl,2017,,Anthony Sherman,KC,FB,"$1,750,000"
702,nfl,2017,,Kyle Wilber,DAL,LB/OLB,"$1,750,000"
703,nfl,2017,,Danny Woodhead,BAL,RB,"$1,750,000"
704,nfl,2017,705,Spencer Ware,KC,RB,"$1,745,833"
705,nfl,2017,706,David Njoku,CLE,TE,"$1,731,835"
706,nfl,2017,707,Jay Prosch,HOU,FB,"$1,709,670"
707,nfl,2017,708,Daniel Kilgore,SF,C,"$1,700,000"
708,nfl,2017,,Jacquizz Rodgers,TB,RB,"$1,700,000"
709,nfl,2017,,Daniel Sorensen,KC,SS,"$1,700,000"
710,nfl,2017,,J.J. Wilcox,PIT,FS,"$1,700,000"
711,nfl,2017,712,Chance Warmack,PHI,G,"$1,697,500"
712,nfl,2017,713,T.J. Watt,PIT,ED/OLB,"$1,683,376"
713,nfl,2017,714,Charles Johnson,CAR,WR,"$1,675,000"
714,nfl,2017,,Manti Te'o,NO,LB/ILB,"$1,675,000"
715,nfl,2017,716,Landon Collins,NYG,FS,"$1,669,243"
716,nfl,2017,717,Jonathan Cooper,DAL,G,"$1,656,250"
717,nfl,2017,718,Donovan Smith,TB,LT,"$1,655,144"
718,nfl,2017,719,Jordan Mills,BUF,RT,"$1,650,000"
719,nfl,2017,,Tavon Wilson,DET,SS,"$1,650,000"
720,nfl,2017,721,Marqise Lee,JAX,WR,"$1,646,280"
721,nfl,2017,722,Matthew Slater,NE,WR,"$1,643,750"
722,nfl,2017,723,Reuben Foster,SF,LB/ILB,"$1,642,830"
723,nfl,2017,724,Mario Edwards,OAK,DL/DE,"$1,641,044"
724,nfl,2017,725,A.Q. Shipley,ARI,C,"$1,637,500"
725,nfl,2017,726,T.J. Johnson,CIN,C,"$1,625,000"
726,nfl,2017,,Greg Zuerlein,LAR,K,"$1,625,000"
727,nfl,2017,728,Ryan Ramczyk,NO,RT,"$1,616,646"
728,nfl,2017,729,Dontrelle Inman,CHI,WR,"$1,615,290"
729,nfl,2017,730,T.J. Yeldon,JAX,RB,"$1,612,848"
730,nfl,2017,731,Devin Smith,NYJ,WR,"$1,601,569"
731,nfl,2017,732,LaMarcus Joyner,LAR,FS,"$1,600,512"
732,nfl,2017,733,Nick Foles,PHI,QB,"$1,600,000"
733,nfl,2017,,Jon Ryan,SEA,P,"$1,600,000"
734,nfl,2017,735,Preston Smith,WAS,ED/OLB,"$1,576,187"
735,nfl,2017,736,Brandin Cooks,NE,WR,"$1,563,198"
736,nfl,2017,737,Weston Richburg,NYG,C,"$1,551,884"
737,nfl,2017,738,Eddie Goldman,CHI,DL/DT,"$1,550,813"
738,nfl,2017,739,Demetrius Harris,KC,TE,"$1,550,000"
739,nfl,2017,,Chris Jones,DAL,P,"$1,550,000"
740,nfl,2017,,Michael Wilhoite,SEA,LB/ILB,"$1,550,000"
741,nfl,2017,742,Dekoda Watson,SF,LB/OLB,"$1,533,333"
742,nfl,2017,743,Devin Funchess,CAR,WR,"$1,505,697"
743,nfl,2017,744,Emmanuel Ogbah,CLE,ED/DE,"$1,502,191"
744,nfl,2017,745,Christian Jones,CHI,LB/ILB,"$1,500,000"
745,nfl,2017,,Chris Maragos,PHI,FS,"$1,500,000"
746,nfl,2017,,Lee Smith,OAK,TE,"$1,500,000"
747,nfl,2017,,Tress Way,WAS,P,"$1,500,000"
748,nfl,2017,749,Paul Richardson,SEA,WR,"$1,499,538"
749,nfl,2017,750,Kevin Dodd,TEN,ED/OLB,"$1,489,160"
750,nfl,2017,751,Dion Lewis,NE,RB,"$1,487,500"
751,nfl,2017,752,Jamaal Charles,DEN,RB,"$1,484,375"
752,nfl,2017,753,Lance Dunbar,LAR,RB,"$1,476,556"
753,nfl,2017,754,Jaylon Smith,DAL,LB/ILB,"$1,476,129"
754,nfl,2017,755,Charley Hughlett,CLE,LS,"$1,465,000"
755,nfl,2017,756,Benardrick McKinney,HOU,LB/ILB,"$1,457,761"
756,nfl,2017,757,Hunter Henry,LAC,TE,"$1,450,069"
757,nfl,2017,758,Brock Coyle,SF,LB/ILB,"$1,450,000"
758,nfl,2017,,Sherrick McManis,CHI,CB,"$1,450,000"
759,nfl,2017,760,K'Waun Williams,SF,CB,"$1,440,000"
760,nfl,2017,761,Myles Jack,JAX,LB/OLB,"$1,439,645"
761,nfl,2017,762,Wes Horton,CAR,ED/DE,"$1,437,500"
762,nfl,2017,,Zach Kerr,DEN,DL/DE,"$1,437,500"
763,nfl,2017,764,Hau'oli Kikaha,NO,LB/OLB,"$1,436,266"
764,nfl,2017,765,Johnny Hekker,LAR,P,"$1,421,551"
765,nfl,2017,766,Daren Bates,TEN,LB/ILB,"$1,416,666"
766,nfl,2017,,Ted Larsen,MIA,G,"$1,416,666"
767,nfl,2017,768,Chris Jones,KC,DL/DE,"$1,416,188"
768,nfl,2017,769,Eric Kendricks,MIN,LB/ILB,"$1,406,160"
769,nfl,2017,770,Tank Carder,CLE,LB/ILB,"$1,400,000"
770,nfl,2017,,Andre Holmes,BUF,WR,"$1,400,000"
771,nfl,2017,772,Xavien Howard,MIA,CB,"$1,392,736"
772,nfl,2017,773,Brandon Fusco,SF,G,"$1,387,500"
773,nfl,2017,,Damion Square,LAC,DL/DT,"$1,387,500"
774,nfl,2017,775,Robert Turbin,IND,RB,"$1,381,250"
775,nfl,2017,776,James Develin,NE,FB,"$1,375,000"
776,nfl,2017,,Donnie Jones,PHI,P,"$1,375,000"
777,nfl,2017,778,Jaquiski Tartt,SF,FS,"$1,373,731"
778,nfl,2017,779,Noah Spence,TB,ED/DE,"$1,371,886"
779,nfl,2017,780,Andy Lee,ARI,P,"$1,362,500"
780,nfl,2017,781,Stefen Wisniewski,PHI,C,"$1,358,333"
781,nfl,2017,782,Frank Zombo,KC,ED/OLB,"$1,356,666"
782,nfl,2017,783,Sterling Shepard,NYG,WR,"$1,351,039"
783,nfl,2017,784,Fozzy Whittaker,CAR,RB,"$1,350,000"
784,nfl,2017,785,Jeremiah Attaochu,LAC,LB/OLB,"$1,337,350"
785,nfl,2017,786,Darrius Heyward-Bey,PIT,WR,"$1,333,333"
786,nfl,2017,787,David Andrews,NE,C,"$1,320,000"
787,nfl,2017,788,Tyler Bray,KC,QB,"$1,318,750"
788,nfl,2017,789,Jaron Brown,ARI,WR,"$1,311,250"
789,nfl,2017,790,Kamalei Correa,BAL,LB/ILB,"$1,306,735"
790,nfl,2017,791,Denzel Perryman,LAC,LB/ILB,"$1,302,673"
791,nfl,2017,792,Johnson Bademosi,NE,CB,"$1,300,000"
792,nfl,2017,,Zak DeOssie,NYG,LS,"$1,300,000"
793,nfl,2017,,Evander Hood,WAS,DL/DE,"$1,300,000"
794,nfl,2017,,Eric Kush,CHI,G,"$1,300,000"
795,nfl,2017,,LaRoy Reynolds,ATL,LB/ILB,"$1,300,000"
796,nfl,2017,,Lardarius Webb,BAL,CB,"$1,300,000"
797,nfl,2017,798,Cameron Erving,KC,G,"$1,292,188"
798,nfl,2017,799,Neiko Thorpe,SEA,CB,"$1,287,500"
799,nfl,2017,800,Austin Johnson,TEN,DL/DT,"$1,286,870"
800,nfl,2017,801,Troy Niklas,ARI,TE,"$1,280,141"
801,nfl,2017,802,Cam Robinson,JAX,LT,"$1,276,029"
802,nfl,2017,803,Mitch Morse,KC,C,"$1,274,475"
803,nfl,2017,804,Kevin King,GB,CB,"$1,259,902"
804,nfl,2017,805,Jihad Ward,OAK,DL/DE,"$1,259,045"
805,nfl,2017,806,LeGarrette Blount,PHI,RB,"$1,250,000"
806,nfl,2017,,Ethan Westbrooks,LAR,DL/DE,"$1,250,000"
807,nfl,2017,808,Budda Baker,ARI,SS,"$1,241,819"
808,nfl,2017,809,Zay Jones,BUF,WR,"$1,232,696"
809,nfl,2017,810,Derrick Henry,TEN,RB,"$1,229,074"
810,nfl,2017,811,Colin Jones,CAR,FS,"$1,225,000"
811,nfl,2017,812,L.P. Ladouceur,DAL,LS,"$1,220,000"
812,nfl,2017,813,Nate Orchard,CLE,LB/OLB,"$1,218,083"
813,nfl,2017,814,Laken Tomlinson,SF,G,"$1,212,296"
814,nfl,2017,815,Nate Ebner,NE,FS,"$1,200,000"
815,nfl,2017,,James Hurst,BAL,RT,"$1,200,000"
816,nfl,2017,,Albert McClellan,BAL,ED/OLB,"$1,200,000"
817,nfl,2017,,Deshawn Shead,SEA,FS,"$1,200,000"
818,nfl,2017,,Phillip Supernaw,TEN,TE,"$1,200,000"
819,nfl,2017,820,Jeremy Hill,CIN,RB,"$1,194,328"
820,nfl,2017,821,Marcus Maye,NYJ,FS,"$1,191,643"
821,nfl,2017,822,Jordan Phillips,MIA,DL/DT,"$1,189,884"
822,nfl,2017,823,A'Shawn Robinson,DET,DL/DT,"$1,189,462"
823,nfl,2017,824,Trent Murphy,WAS,ED/OLB,"$1,180,827"
824,nfl,2017,825,Cody Latimer,DEN,WR,"$1,180,025"
825,nfl,2017,826,Phillip Dorsett,NE,WR,"$1,174,583"
826,nfl,2017,827,Carlos Hyde,SF,RB,"$1,171,443"
827,nfl,2017,828,Beau Brinkley,TEN,LS,"$1,168,000"
828,nfl,2017,829,Michael Thomas,NO,WR,"$1,163,403"
829,nfl,2017,830,Don Carey,DET,SS,"$1,162,500"
830,nfl,2017,831,Jake Fisher,CIN,LT,"$1,161,687"
831,nfl,2017,832,Charcandrick West,KC,RB,"$1,152,083"
832,nfl,2017,833,Ryan Griffin,TB,QB,"$1,150,000"
833,nfl,2017,,Kyle Nelson,SF,LS,"$1,150,000"
834,nfl,2017,,Colton Schmidt,BUF,P,"$1,150,000"
835,nfl,2017,,Mitch Unrein,CHI,DL/DE,"$1,150,000"
836,nfl,2017,837,Jason Spriggs,GB,T,"$1,137,339"
837,nfl,2017,838,Jack Mewhort,IND,G,"$1,137,119"
838,nfl,2017,839,Michael Floyd,MIN,WR,"$1,137,058"
839,nfl,2017,840,Marcus Williams,NO,FS,"$1,134,625"
840,nfl,2017,841,Ameer Abdullah,DET,RB,"$1,133,489"
841,nfl,2017,842,Curtis Samuel,CAR,WR,"$1,132,100"
842,nfl,2017,843,Courtney Upshaw,ATL,DL/DT,"$1,131,250"
843,nfl,2017,844,LaAdrian Waddle,NE,RT,"$1,125,000"
844,nfl,2017,845,Allen Robinson,JAX,WR,"$1,117,095"
845,nfl,2017,846,Sidney Jones,PHI,CB,"$1,116,380"
846,nfl,2017,847,Jarran Reed,SEA,DL/DT,"$1,111,280"
847,nfl,2017,848,Eddie Pleasant,HOU,FS,"$1,109,500"
848,nfl,2017,849,Jarvis Landry,MIA,WR,"$1,105,654"
849,nfl,2017,850,Maxx Williams,BAL,TE,"$1,105,292"
850,nfl,2017,851,Brice Butler,DAL,WR,"$1,100,000"
851,nfl,2017,,Ross Cockrell,NYG,CB,"$1,100,000"
852,nfl,2017,,Sealver Siliga,TB,DL/DT,"$1,100,000"
853,nfl,2017,854,Gerald Everett,LAR,TE,"$1,098,994"
854,nfl,2017,855,Forrest Lamp,LAC,G,"$1,095,167"
855,nfl,2017,856,Jordan Matthews,BUF,WR,"$1,094,900"
856,nfl,2017,857,Cedric Peerman,CIN,RB,"$1,087,500"
857,nfl,2017,,Geno Smith,NYG,QB,"$1,087,500"
858,nfl,2017,859,Nick Martin,HOU,C,"$1,085,221"
859,nfl,2017,860,Rob Havenstein,LAR,G,"$1,082,733"
860,nfl,2017,861,Frostee Rucker,ARI,DL/DT,"$1,080,000"
861,nfl,2017,862,Shareece Wright,BUF,CB,"$1,075,000"
862,nfl,2017,863,Adam Shaheen,CHI,TE,"$1,074,643"
863,nfl,2017,864,Markus Golden,ARI,ED/OLB,"$1,068,636"
864,nfl,2017,865,Dalvin Cook,MIN,RB,"$1,065,680"
865,nfl,2017,866,Christian Hackenberg,NYJ,QB,"$1,059,159"
866,nfl,2017,867,Mike Windt,LAC,LS,"$1,055,000"
867,nfl,2017,868,Nick Sundberg,WAS,LS,"$1,052,500"
868,nfl,2017,869,Chris Banjo,NO,SS,"$1,050,000"
869,nfl,2017,,Caleb Sturgis,PHI,K,"$1,050,000"
870,nfl,2017,871,Quincy Wilson,IND,CB,"$1,048,414"
871,nfl,2017,872,Clark Harris,CIN,LS,"$1,045,000"
872,nfl,2017,873,Morgan Cox,BAL,LS,"$1,040,000"
873,nfl,2017,,J.J. Jansen,CAR,LS,"$1,040,000"
874,nfl,2017,875,Orleans Darkwa,NYG,RB,"$1,037,500"
875,nfl,2017,,Eric Weems,TEN,WR,"$1,037,500"
876,nfl,2017,877,Blair Walsh,SEA,K,"$1,034,375"
877,nfl,2017,878,Anthony Levine,BAL,LB/ILB,"$1,033,333"
878,nfl,2017,879,Deion Jones,ATL,LB/ILB,"$1,033,099"
879,nfl,2017,880,Ali Marpet,TB,C,"$1,029,160"
880,nfl,2017,881,Nate Palmer,TEN,LB/ILB,"$1,025,000"
881,nfl,2017,882,Quinten Rollins,GB,CB,"$1,020,699"
882,nfl,2017,883,Frank Clark,SEA,ED/DE,"$1,017,880"
883,nfl,2017,884,Tyus Bowser,BAL,ED/OLB,"$1,013,747"
884,nfl,2017,885,Dennis Kelly,TEN,RT,"$1,013,333"
885,nfl,2017,886,Michael Campanaro,BAL,WR,"$1,012,500"
886,nfl,2017,887,Jordan Richards,NE,SS,"$1,012,240"
887,nfl,2017,888,Austin Seferian-Jenkins,NYJ,TE,"$1,011,690"
888,nfl,2017,889,Stephone Anthony,MIA,LB/OLB,"$1,004,015"
889,nfl,2017,890,Navorro Bowman,OAK,LB/ILB,"$1,000,000"
890,nfl,2017,,Derek Carrier,LAR,TE,"$1,000,000"
891,nfl,2017,,Kellen Clemens,LAC,QB,"$1,000,000"
892,nfl,2017,893,John Sullivan,LAR,C,"$999,999"
893,nfl,2017,894,Joe Mixon,CIN,RB,"$990,940"
894,nfl,2017,895,Marcus Smith,SEA,ED/DE,"$990,000"
895,nfl,2017,896,Coty Sensabaugh,PIT,CB,"$987,500"
896,nfl,2017,897,Don Jones,SF,FS,"$981,250"
897,nfl,2017,898,Mackensie Alexander,MIN,CB,"$980,979"
898,nfl,2017,899,Tyler Shatley,JAX,G,"$977,500"
899,nfl,2017,900,Oday Aboushi,SEA,G,"$975,000"
900,nfl,2017,,Darren Fells,DET,TE,"$975,000"
901,nfl,2017,902,Ryan Anderson,WAS,ED/OLB,"$968,131"
902,nfl,2017,903,Tyler Boyd,CIN,WR,"$967,947"
903,nfl,2017,904,Kyle Love,CAR,DL/DT,"$962,500"
904,nfl,2017,905,Cody Whitehair,CHI,G,"$960,129"
905,nfl,2017,906,Charles Sims,TB,RB,"$950,023"
906,nfl,2017,907,Jon Weeks,HOU,LS,"$950,000"
907,nfl,2017,908,T.J. Green,IND,S,"$947,099"
908,nfl,2017,909,Arrelious Benn,JAX,WR,"$935,000"
909,nfl,2017,910,Vladimir Ducasse,BUF,G,"$933,333"
910,nfl,2017,911,Justin Evans,TB,S,"$931,561"
911,nfl,2017,912,Sean Davis,PIT,SS,"$928,856"
912,nfl,2017,913,Ryan Davis,BUF,ED/DE,"$925,000"
913,nfl,2017,,MarQueis Gray,MIA,TE,"$925,000"
914,nfl,2017,915,DeMarcus Walker,DEN,DL/DE,"$922,520"
915,nfl,2017,916,A.J. Cann,JAX,G,"$921,399"
916,nfl,2017,917,Mike Pennel,NYJ,DL/DE,"$911,875"
917,nfl,2017,918,Jay Bromley,NYG,DL/DT,"$910,969"
918,nfl,2017,919,Cyrus Jones,NE,CB,"$910,614"
919,nfl,2017,920,Kevin McDermott,MIN,LS,"$910,000"
920,nfl,2017,921,Clive Walford,OAK,TE,"$909,272"
921,nfl,2017,922,Vonn Bell,NO,SS,"$902,795"
922,nfl,2017,923,James Bradberry,CAR,CB,"$900,190"
923,nfl,2017,924,Chandler Catanzaro,NYJ,K,"$900,000"
924,nfl,2017,,Chase Daniel,NO,QB,"$900,000"
925,nfl,2017,,Sam Young,MIA,LT,"$900,000"
926,nfl,2017,927,DeShone Kizer,CLE,QB,"$899,712"
927,nfl,2017,928,Blaine Gabbert,ARI,QB,"$895,000"
928,nfl,2017,929,Adam Gotsis,DEN,DL/DE,"$894,978"
929,nfl,2017,930,Tre Boston,LAC,FS,"$893,750"
930,nfl,2017,931,Tyler Lockett,SEA,WR,"$891,687"
931,nfl,2017,932,Sean Mannion,LAR,QB,"$886,486"
932,nfl,2017,933,Malik McDowell,SEA,DL/DT,"$884,625"
933,nfl,2017,934,Josh Harris,ATL,LS,"$880,000"
934,nfl,2017,935,Eric Rowe,NE,CB,"$878,623"
935,nfl,2017,936,Hroniss Grasu,CHI,C,"$877,980"
936,nfl,2017,937,Jalen Tabor,DET,CB,"$876,905"
937,nfl,2017,938,Jamon Brown,LAR,RT,"$875,390"
938,nfl,2017,939,Najee Goode,PHI,LB/OLB,"$875,000"
939,nfl,2017,,Jake McQuaide,LAR,LS,"$875,000"
940,nfl,2017,,Patrick Omameh,JAX,G,"$875,000"
941,nfl,2017,942,Tevin Coleman,ATL,RB,"$866,311"
942,nfl,2017,943,Quinton Dunbar,WAS,CB,"$865,334"
943,nfl,2017,944,Phillip Gaines,KC,CB,"$855,778"
944,nfl,2017,945,Kareem Martin,ARI,ED/OLB,"$851,890"
945,nfl,2017,946,Joe Looney,DAL,G,"$850,000"
946,nfl,2017,,Matt Tobin,SEA,G,"$850,000"
947,nfl,2017,948,Kenny Wiggins,LAC,G,"$846,250"
948,nfl,2017,949,Kevin Byard,TEN,FS,"$842,831"
949,nfl,2017,950,Carl Nassib,CLE,ED/DE,"$840,548"
950,nfl,2017,951,Keith Tandy,TB,FS,"$840,000"
951,nfl,2017,952,Chris Conley,KC,WR,"$838,108"
952,nfl,2017,953,Maliek Collins,DAL,DL/DT,"$832,788"
953,nfl,2017,954,Dalvin Tomlinson,NYG,DL/DT,"$831,291"
954,nfl,2017,955,Jonotthan Harrison,NYJ,C,"$831,250"
955,nfl,2017,956,Duke Johnson,CLE,RB,"$830,023"
956,nfl,2017,957,Jerick McKinnon,MIN,RB,"$828,750"
957,nfl,2017,958,Ben Jacobs,CAR,LB/ILB,"$825,000"
958,nfl,2017,959,Eli Harold,SF,LB/OLB,"$823,343"
959,nfl,2017,960,Darian Thompson,NYG,FS,"$819,284"
960,nfl,2017,961,Yannick Ngakoue,JAX,ED/DE,"$819,085"
961,nfl,2017,962,P.J. Williams,NO,CB,"$816,654"
962,nfl,2017,963,Crockett Gillmore,BAL,T,"$816,504"
963,nfl,2017,964,John Miller,BUF,G,"$815,030"
964,nfl,2017,965,Bronson Kaufusi,BAL,DL/DE,"$814,754"
965,nfl,2017,966,Zach Cunningham,HOU,LB/ILB,"$813,044"
966,nfl,2017,967,Jonathan Bullard,CHI,DL/DE,"$805,630"
967,nfl,2017,968,Kony Ealy,NYJ,DL/DE,"$803,660"
968,nfl,2017,969,De'Anthony Thomas,KC,WR,"$803,527"
969,nfl,2017,970,Ethan Pocic,SEA,T,"$801,642"
970,nfl,2017,971,Lorenzo Mauldin,NYJ,ED/OLB,"$801,504"
971,nfl,2017,972,Keith McGill,OAK,S,"$801,300"
972,nfl,2017,973,Ronald Darby,PHI,CB,"$800,426"
973,nfl,2017,974,Kenyan Drake,MIA,RB,"$800,315"
974,nfl,2017,975,Junior Galette,WAS,ED/OLB,"$800,000"
975,nfl,2017,,John Jenkins,CHI,DL/DE,"$800,000"
976,nfl,2017,,Branden Oliver,LAC,RB,"$800,000"
977,nfl,2017,978,Tyler Kroft,CIN,TE,"$799,944"
978,nfl,2017,979,David Johnson,ARI,RB,"$799,843"
979,nfl,2017,980,Jordan Hicks,PHI,LB/ILB,"$796,183"
980,nfl,2017,981,Billy Turner,DEN,G,"$794,000"
981,nfl,2017,982,Walt Aikens,MIA,FS,"$793,977"
982,nfl,2017,983,Danielle Hunter,MIN,ED/DE,"$792,805"
983,nfl,2017,984,Dontae Johnson,SF,CB,"$790,136"
984,nfl,2017,985,Ty Montgomery,GB,RB,"$788,636"
985,nfl,2017,986,Carl Davis,BAL,DL/DT,"$787,021"
986,nfl,2017,987,Chaz Green,DAL,G,"$786,467"
987,nfl,2017,988,Tanoh Kpassagnon,KC,DL/DE,"$785,676"
988,nfl,2017,989,Jeff Heuerman,DEN,TE,"$785,201"
989,nfl,2017,990,Shon Coleman,CLE,T,"$784,884"
990,nfl,2017,991,Ty Sambrailo,ATL,LT,"$784,633"
991,nfl,2017,992,Henry Anderson,IND,DL/DE,"$782,919"
992,nfl,2017,993,Chidobe Awuzie,DAL,CB,"$778,834"
993,nfl,2017,994,Seantrel Henderson,BUF,RT,"$778,816"
994,nfl,2017,995,Daryl Worley,CAR,CB,"$775,921"
995,nfl,2017,996,Quinton Dial,GB,DL/DT,"$775,001"
996,nfl,2017,997,Randy Bullock,CIN,K,"$775,000"
997,nfl,2017,,Kai Forbath,MIN,K,"$775,000"
998,nfl,2017,,Rashaan Melvin,IND,CB,"$775,000"
999,nfl,2017,,Brock Osweiler,DEN,QB,"$775,000"
1000,nfl,2017,,Ryan Quigley,MIN,P,"$775,000"
1001,nfl,2017,,Patrick Robinson,PHI,CB,"$775,000"
1002,nfl,2017,,Brian Schwenke,TEN,C,"$775,000"
1003,nfl,2017,,Julian Stanford,NYJ,ED/OLB,"$775,000"
1004,nfl,2017,,Cedric Thornton,BUF,DL/DT,"$775,000"
1005,nfl,2017,,Carson Tinker,JAX,LS,"$775,000"
1006,nfl,2017,1007,Steven Nelson,KC,CB,"$773,988"
1007,nfl,2017,1008,Cody Kessler,CLE,QB,"$770,246"
1008,nfl,2017,1009,Josh Jones,GB,S,"$769,711"
1009,nfl,2017,1010,Joe Thuney,NE,G,"$768,357"
1010,nfl,2017,1011,Dakota Dozier,NYJ,G,"$765,146"
1011,nfl,2017,,Tom Savage,HOU,QB,"$765,146"
1012,nfl,2017,,Brent Urban,BAL,DL/DE,"$765,146"
1013,nfl,2017,1014,Isaac Seumalo,PHI,G,"$764,966"
1014,nfl,2017,1015,Obi Melifonwu,OAK,S,"$764,824"
1015,nfl,2017,1016,Dion Dawkins,BUF,T,"$760,589"
1016,nfl,2017,1017,Adolphus Washington,BUF,DL/DT,"$758,574"
1017,nfl,2017,1018,Taylor Moton,CAR,T,"$756,028"
1018,nfl,2017,1019,Trey Flowers,NE,ED/DE,"$754,733"
1019,nfl,2017,1020,Daryl Williams,CAR,RT,"$754,280"
1020,nfl,2017,1021,Bryce Petty,NYJ,QB,"$753,424"
1021,nfl,2017,1022,Logan Thomas,BUF,TE,"$752,500"
1022,nfl,2017,1023,Jamison Crowder,WAS,WR,"$751,406"
1023,nfl,2017,1024,Justin Hardy,ATL,WR,"$750,205"
1024,nfl,2017,1025,Kyler Fackrell,GB,ED/OLB,"$748,512"
1025,nfl,2017,1026,Clayton Geathers,IND,FS,"$748,482"
1026,nfl,2017,1027,Le'Raven Clark,IND,RT,"$746,433"
1027,nfl,2017,1028,Steven Means,PHI,ED/DE,"$745,000"
1028,nfl,2017,1029,Ryan Grant,WAS,WR,"$743,403"
1029,nfl,2017,1030,Rodney Gunter,ARI,DL/DT,"$742,479"
1030,nfl,2017,1031,Jordan Jenkins,NYJ,ED/OLB,"$740,980"
1031,nfl,2017,1032,Martellus Bennett,NE,TE,"$738,971"
1032,nfl,2017,1033,Nick Vigil,CIN,LB/OLB,"$738,907"
1033,nfl,2017,1034,Josh Shaw,CIN,CB,"$738,431"
1034,nfl,2017,1035,Nat Berhe,NYG,SS,"$738,200"
1035,nfl,2017,1036,C.J. Prosise,SEA,RB,"$738,116"
1036,nfl,2017,1037,Kendall Fuller,WAS,CB,"$737,106"
1037,nfl,2017,1038,Raekwon McMillan,MIA,LB/OLB,"$737,098"
1038,nfl,2017,1039,Za'Darius Smith,BAL,ED/OLB,"$735,788"
1039,nfl,2017,1040,JuJu Smith-Schuster,PIT,WR,"$735,516"
1040,nfl,2017,1041,A.J. McCarron,CIN,QB,"$735,413"
1041,nfl,2017,1042,Leonte Carroo,MIA,WR,"$735,097"
1042,nfl,2017,1043,Braxton Miller,HOU,WR,"$734,775"
1043,nfl,2017,1044,Kwon Alexander,TB,LB/ILB,"$734,580"
1044,nfl,2017,1045,Javorius Allen,BAL,RB,"$733,618"
1045,nfl,2017,1046,Austin Hooper,ATL,TE,"$733,357"
1046,nfl,2017,1047,Javon Hargrave,PIT,DL/DT,"$733,314"
1047,nfl,2017,1048,Brandon Williams,ARI,CB,"$731,673"
1048,nfl,2017,1049,Damien Wilson,DAL,LB/OLB,"$731,578"
1049,nfl,2017,1050,Jon Feliciano,OAK,G,"$730,163"
1050,nfl,2017,1051,Jake Ryan,GB,LB/ILB,"$729,169"
1051,nfl,2017,1052,Nick Vannett,SEA,TE,"$726,220"
1052,nfl,2017,1053,Shaq Mason,NE,G,"$725,881"
1053,nfl,2017,1054,James Winchester,KC,LS,"$725,000"
1054,nfl,2017,1055,Martavis Bryant,PIT,WR,"$724,805"
1055,nfl,2017,1056,Pierre Desir,IND,CB,"$721,250"
1056,nfl,2017,1057,Graham Glasgow,DET,G,"$719,855"
1057,nfl,2017,1058,Alfred Blue,HOU,RB,"$719,483"
1058,nfl,2017,1059,Pat O'Donnell,CHI,P,"$716,327"
1059,nfl,2017,1060,Reggie Ragland,KC,LB/ILB,"$715,517"
1060,nfl,2017,1061,Josh Wells,JAX,RT,"$715,000"
1061,nfl,2017,1062,Rees Odhiambo,SEA,T,"$714,355"
1062,nfl,2017,1063,Larry Ogunjobi,CLE,DL/DT,"$710,391"
1063,nfl,2017,1064,Daniel McCullers,PIT,DL/DT,"$709,670"
1064,nfl,2017,1065,Ahkello Witherspoon,SF,CB,"$708,393"
1065,nfl,2017,1066,Alvin Kamara,NO,RB,"$708,193"
1066,nfl,2017,1067,Dawuane Smoot,JAX,ED/DE,"$706,040"
1067,nfl,2017,1068,Adrian Peterson,ARI,RB,"$705,882"
1068,nfl,2017,1069,Beau Allen,PHI,DL/DT,"$705,562"
1069,nfl,2017,1070,Terrence Brooks,NYJ,FS,"$705,000"
1070,nfl,2017,1071,Terrence Fede,MIA,ED/DE,"$703,988"
1071,nfl,2017,1072,Cooper Kupp,LAR,WR,"$703,690"
1072,nfl,2017,1073,Jeff Janis,GB,WR,"$702,848"
1073,nfl,2017,1074,Max Garcia,DEN,G,"$701,423"
1074,nfl,2017,1075,Parker Ehinger,KC,G,"$699,727"
1075,nfl,2017,1076,Pat Elflein,MIN,C,"$699,210"
1076,nfl,2017,1077,Eric Murray,KC,CB,"$698,950"
1077,nfl,2017,1078,Joe Schobert,CLE,LB/OLB,"$698,489"
1078,nfl,2017,1079,Dan Feeney,LAC,G,"$696,158"
1079,nfl,2017,1080,Sam Acho,CHI,ED/OLB,"$695,000"
1080,nfl,2017,,Tramaine Brock,MIN,CB,"$695,000"
1081,nfl,2017,,Rafael Bush,NO,FS,"$695,000"
1082,nfl,2017,,Chris Carter,WAS,LB/ILB,"$695,000"
1083,nfl,2017,,Jon Condo,OAK,LS,"$695,000"
1084,nfl,2017,,Benny Cunningham,CHI,RB,"$695,000"
1085,nfl,2017,,Austin Davis,SEA,QB,"$695,000"
1086,nfl,2017,,John Denney,MIA,LS,"$695,000"
1087,nfl,2017,,Terence Garvin,SEA,LB/ILB,"$695,000"
1088,nfl,2017,,Andrew Hawkins,NE,WR,"$695,000"
1089,nfl,2017,,Mark Herzlich,NYG,LB/OLB,"$695,000"
1090,nfl,2017,,Ramon Humber,BUF,LB/OLB,"$695,000"
1091,nfl,2017,,Justin Hunter,PIT,WR,"$695,000"
1092,nfl,2017,,Leonard Johnson,BUF,CB,"$695,000"
1093,nfl,2017,,Don Muhlbach,DET,LS,"$695,000"
1094,nfl,2017,,Austin Pasztor,ATL,T,"$695,000"
1095,nfl,2017,,Brian Quick,WAS,WR,"$695,000"
1096,nfl,2017,,Nickell Robey-Coleman,LAR,CB,"$695,000"
1097,nfl,2017,,Amini Silatolu,CAR,G,"$695,000"
1098,nfl,2017,,Brandon Tate,BUF,WR,"$695,000"
1099,nfl,2017,,Mike Tolbert,BUF,FB,"$695,000"
1100,nfl,2017,,Alterraun Verner,MIA,CB,"$695,000"
1101,nfl,2017,1102,Connor Cook,OAK,QB,"$694,972"
1102,nfl,2017,1103,Taywan Taylor,TEN,WR,"$694,003"
1103,nfl,2017,1104,Jordan Willis,CIN,ED/DE,"$691,100"
1104,nfl,2017,1105,Kenneth Acker,KC,CB,"$690,000"
1105,nfl,2017,,Bene Benwikere,DAL,CB,"$690,000"
1106,nfl,2017,,Tommy Bohanon,JAX,FB,"$690,000"
1107,nfl,2017,,Jon Bostic,IND,LB/ILB,"$690,000"
1108,nfl,2017,,Luke Bowanko,BAL,C,"$690,000"
1109,nfl,2017,,Cameron Brate,TB,TE,"$690,000"
1110,nfl,2017,,Will Clarke,TB,ED/DE,"$690,000"
1111,nfl,2017,,Derrick Coleman,ATL,FB,"$690,000"
1112,nfl,2017,,Andrew DePaola,CHI,LS,"$690,000"
1113,nfl,2017,,Brandon Dunn,HOU,DL/DE,"$690,000"
1114,nfl,2017,,Marquis Flowers,NE,LB/OLB,"$690,000"
1115,nfl,2017,,Ben Garland,ATL,G,"$690,000"
1116,nfl,2017,,Brittan Golden,ARI,WR,"$690,000"
1117,nfl,2017,,Dustin Hopkins,WAS,K,"$690,000"
1118,nfl,2017,,TJ Jones,DET,WR,"$690,000"
1119,nfl,2017,,David King,TEN,DL/DE,"$690,000"
1120,nfl,2017,,Dewey McDonald,SEA,LB/OLB,"$690,000"
1121,nfl,2017,,Terrance Mitchell,KC,CB,"$690,000"
1122,nfl,2017,,Ty Nsekhe,WAS,LT,"$690,000"
1123,nfl,2017,,Cody Parkey,MIA,K,"$690,000"
1124,nfl,2017,,Adrian Phillips,LAC,FS,"$690,000"
1125,nfl,2017,,Kevin Pierre-Louis,KC,ED/OLB,"$690,000"
1126,nfl,2017,,Jeremiah Sirles,MIN,G,"$690,000"
1127,nfl,2017,,Chris Smith,CIN,ED/DE,"$690,000"
1128,nfl,2017,,Keith Smith,DAL,FB,"$690,000"
1129,nfl,2017,,Adarius Taylor,TB,LB/OLB,"$690,000"
1130,nfl,2017,,Steven Terrell,KC,CB,"$690,000"
1131,nfl,2017,,Peyton Thompson,JAX,SS,"$690,000"
1132,nfl,2017,,Jordan Tripp,ATL,LB/ILB,"$690,000"
1133,nfl,2017,,Jaylen Watkins,PHI,S,"$690,000"
1134,nfl,2017,,Sammy Watkins,LAR,WR,"$690,000"
1135,nfl,2017,,Chris Watt,NO,C,"$690,000"
1136,nfl,2017,,Kerwynn Williams,ARI,RB,"$690,000"
1137,nfl,2017,,Nick Williams,ATL,WR,"$690,000"
1138,nfl,2017,1139,Chris Wormley,BAL,DL/DT,"$689,660"
1139,nfl,2017,1140,Chris Moore,BAL,WR,"$689,090"
1140,nfl,2017,1141,Nick Novak,LAC,K,"$688,235"
1141,nfl,2017,1142,Ryan Smith,TB,CB,"$688,040"
1142,nfl,2017,1143,Duke Riley,ATL,LB,"$687,438"
1143,nfl,2017,1144,B.J. Goodson,NYG,LB/ILB,"$685,551"
1144,nfl,2017,1145,Tyler Higbee,LAR,TE,"$685,215"
1145,nfl,2017,1146,Joe Cardona,NE,LS,"$685,000"
1146,nfl,2017,1147,Miles Killebrew,DET,S,"$684,641"
1147,nfl,2017,1148,Nick Kwiatkoski,CHI,LB/ILB,"$683,780"
1148,nfl,2017,1149,Justin Simmons,DEN,SS,"$683,123"
1149,nfl,2017,1150,Ricardo Louis,CLE,WR,"$681,962"
1150,nfl,2017,1151,De'Vondre Campbell,ATL,LB/OLB,"$681,382"
1151,nfl,2017,1152,Hassan Ridgeway,IND,DL/DE,"$680,055"
1152,nfl,2017,1153,Tim Williams,BAL,ED/OLB,"$679,170"
1153,nfl,2017,1154,Pharoh Cooper,LAR,WR,"$678,666"
1154,nfl,2017,1155,Demarcus Robinson,KC,WR,"$678,293"
1155,nfl,2017,1156,Juston Burris,NYJ,CB,"$677,782"
1156,nfl,2017,1157,Grady Jarrett,ATL,DL/DT,"$676,963"
1157,nfl,2017,1158,ArDarius Stewart,NYJ,WR,"$676,581"
1158,nfl,2017,1159,Rashad Greene,JAX,WR,"$675,953"
1159,nfl,2017,1160,David Onyemata,NO,DL/DT,"$675,586"
1160,nfl,2017,1161,Martrell Spaight,WAS,LB/ILB,"$674,487"
1161,nfl,2017,1162,Tarell Basham,IND,ED/OLB,"$673,964"
1162,nfl,2017,1163,Adrian Amos,CHI,FS,"$673,070"
1163,nfl,2017,1164,Bobby McCain,MIA,CB,"$672,072"
1164,nfl,2017,1165,Stefon Diggs,MIN,WR,"$671,928"
1165,nfl,2017,1166,Deon Bush,CHI,S,"$671,554"
1166,nfl,2017,1167,Fabian Moreau,WAS,CB,"$671,348"
1167,nfl,2017,1168,Brett Hundley,GB,QB,"$670,908"
1168,nfl,2017,1169,Antonio Morrison,IND,LB/ILB,"$669,976"
1169,nfl,2017,1170,Kyle Emanuel,LAC,LB/OLB,"$669,643"
1170,nfl,2017,1171,Tyeler Davison,NO,DL/DT,"$669,306"
1171,nfl,2017,1172,Tony Lippett,MIA,CB,"$668,691"
1172,nfl,2017,1173,C.J. Uzomah,CIN,TE,"$668,190"
1173,nfl,2017,1174,J.J. Nelson,ARI,WR,"$667,450"
1174,nfl,2017,1175,Jesse James,PIT,TE,"$667,228"
1175,nfl,2017,1176,Evan Boehm,ARI,G,"$666,620"
1176,nfl,2017,1177,Montravius Adams,GB,DL/DT,"$666,194"
1177,nfl,2017,1178,Jarvis Jenkins,KC,DL/DE,"$665,000"
1178,nfl,2017,,Chris Jones,SF,DL/DT,"$665,000"
1179,nfl,2017,1180,Derrick Kindred,CLE,S,"$664,839"
1180,nfl,2017,1181,Bradley Pinion,SF,P,"$663,550"
1181,nfl,2017,1182,Chris Godwin,TB,WR,"$663,041"
1182,nfl,2017,1183,Kareem Hunt,KC,RB,"$658,988"
1183,nfl,2017,1184,Davis Webb,NYG,QB,"$656,605"
1184,nfl,2017,1185,Cameron Artis-Payne,CAR,RB,"$656,563"
1185,nfl,2017,,Nick Boyle,BAL,TE,"$656,563"
1186,nfl,2017,,David Mayo,CAR,LB/OLB,"$656,563"
1187,nfl,2017,1188,Eddie Vanderdoes,OAK,DL/DT,"$655,303"
1188,nfl,2017,1189,Shaquill Griffin,SEA,CB,"$654,655"
1189,nfl,2017,1190,John Johnson,LAR,SS,"$654,438"
1190,nfl,2017,1191,Jourdan Lewis,DAL,CB,"$653,357"
1191,nfl,2017,1192,Cornelius Lucas,LAR,RT,"$649,411"
1192,nfl,2017,1193,Jordan Devey,KC,G,"$649,408"
1193,nfl,2017,1194,Delano Hill,SEA,S,"$646,869"
1194,nfl,2017,1195,Darius Philon,LAC,ED/DE,"$645,146"
1195,nfl,2017,1196,Kenny Golladay,DET,WR,"$644,706"
1196,nfl,2017,1197,Leterrius Walton,PIT,DL/DE,"$644,232"
1197,nfl,2017,1198,Quandre Diggs,DET,SS,"$643,838"
1198,nfl,2017,1199,Aaron Ripkowski,GB,FB,"$641,599"
1199,nfl,2017,1200,C.J. Beathard,SF,QB,"$641,572"
1200,nfl,2017,,Kendell Beckwith,TB,LB/OLB,"$641,572"
1201,nfl,2017,,Amara Darboh,SEA,WR,"$641,572"
1202,nfl,2017,,Rasul Douglas,PHI,CB,"$641,572"
1203,nfl,2017,,Trey Hendrickson,NO,ED/DE,"$641,572"
1204,nfl,2017,,Nazair Jones,SEA,DL/DT,"$641,572"
1205,nfl,2017,,Brendan Langley,DEN,CB,"$641,572"
1206,nfl,2017,,Jonnu Smith,TEN,TE,"$641,572"
1207,nfl,2017,,Cordrea Tankersley,MIA,CB,"$641,572"
1208,nfl,2017,,Chad Williams,ARI,WR,"$641,572"
1209,nfl,2017,1210,Darren Waller,BAL,TE,"$641,183"
1210,nfl,2017,1211,E.J. Manuel,OAK,QB,"$640,000"
1211,nfl,2017,,Bryan Witzmann,KC,G,"$640,000"
1212,nfl,2017,1213,Devontae Booker,DEN,RB,"$635,848"
1213,nfl,2017,,Seth Devalve,CLE,TE,"$635,848"
1214,nfl,2017,,Willie Henry,BAL,DL/DT,"$635,848"
1215,nfl,2017,,Dean Lowry,GB,DL/DE,"$635,848"
1216,nfl,2017,,Blake Martinez,GB,LB/ILB,"$635,848"
1217,nfl,2017,,Dak Prescott,DAL,QB,"$635,848"
1218,nfl,2017,1219,Jaleel Johnson,MIN,DL/DT,"$634,588"
1219,nfl,2017,1220,Bryce Hager,LAR,LB/ILB,"$633,035"
1220,nfl,2017,1221,Tedric Thompson,SEA,S,"$633,001"
1221,nfl,2017,1222,Eddie Jackson,CHI,S,"$631,449"
1222,nfl,2017,1223,Rayshawn Jenkins,LAC,S,"$630,552"
1223,nfl,2017,1224,Samaje Perine,WAS,RB,"$629,945"
1224,nfl,2017,1225,Corey Robinson,DET,LT,"$629,477"
1225,nfl,2017,1226,Dexter McDonald,OAK,CB,"$629,212"
1226,nfl,2017,1227,Trenton Brown,SF,RT,"$628,973"
1227,nfl,2017,1228,Geoff Swaim,DAL,TE,"$628,683"
1228,nfl,2017,1229,Denzelle Good,IND,RT,"$628,196"
1229,nfl,2017,1230,Trevor Siemian,DEN,QB,"$628,195"
1230,nfl,2017,1231,Carl Lawson,CIN,LB/OLB,"$628,153"
1231,nfl,2017,1232,James Conner,PIT,RB,"$627,807"
1232,nfl,2017,1233,Josh Reynolds,LAR,WR,"$627,005"
1233,nfl,2017,1234,Mack Hollins,PHI,WR,"$623,917"
1234,nfl,2017,1235,Tarik Cohen,CHI,RB,"$623,914"
1235,nfl,2017,1236,Ben Gedeon,MIN,LB/ILB,"$623,286"
1236,nfl,2017,1237,Jake Schum,GB,P,"$621,450"
1237,nfl,2017,1238,Thomas Rawls,SEA,RB,"$620,000"
1238,nfl,2017,1239,Jalen Reeves-Maybin,DET,LB/OLB,"$619,721"
1239,nfl,2017,1240,Delvin Breaux,NO,CB,"$619,000"
1240,nfl,2017,1241,Samson Ebukam,LAR,ED/OLB,"$618,270"
1241,nfl,2017,1242,Xavier Williams,ARI,DL/DT,"$617,668"
1242,nfl,2017,1243,Darrell Williams,LAR,T,"$617,500"
1243,nfl,2017,1244,Greg Mancz,HOU,C,"$617,000"
1244,nfl,2017,,Cameron Meredith,CHI,WR,"$617,000"
1245,nfl,2017,,Quinton Spain,TEN,G,"$617,000"
1246,nfl,2017,1247,Corey Grant,JAX,RB,"$616,668"
1247,nfl,2017,,Zach Zenner,DET,RB,"$616,668"
1248,nfl,2017,1249,Michael Roberts,DET,TE,"$615,784"
1249,nfl,2017,1250,Jude Adjei-Barimah,TB,CB,"$615,000"
1250,nfl,2017,,D.J. Alexander,SEA,LB/ILB,"$615,000"
1251,nfl,2017,,Ricardo Allen,ATL,SS,"$615,000"
1252,nfl,2017,,Colt Anderson,BUF,SS,"$615,000"
1253,nfl,2017,,Shaquil Barrett,DEN,ED/OLB,"$615,000"
1254,nfl,2017,,Blake Bell,MIN,TE,"$615,000"
1255,nfl,2017,,Josh Bellamy,CHI,WR,"$615,000"
1256,nfl,2017,,Jordan Berry,PIT,P,"$615,000"
1257,nfl,2017,,Brandon Bolden,NE,RB,"$615,000"
1258,nfl,2017,,Chris Boswell,PIT,K,"$615,000"
1259,nfl,2017,,Daniel Brown,CHI,TE,"$615,000"
1260,nfl,2017,,Isaiah Burse,LAC,WR,"$615,000"
1261,nfl,2017,,Michael Burton,CHI,FB,"$615,000"
1262,nfl,2017,,Josh Bynes,ARI,ED/OLB,"$615,000"
1263,nfl,2017,,Bryce Callahan,CHI,CB,"$615,000"
1264,nfl,2017,,Bruce Carter,NYJ,LB/ILB,"$615,000"
1265,nfl,2017,,Anthony Chickillo,PIT,ED/OLB,"$615,000"
1266,nfl,2017,,T.J. Clemmings,WAS,RT,"$615,000"
1267,nfl,2017,,Sammie Coates,CLE,WR,"$615,000"
1268,nfl,2017,,Brandon Coleman,NO,WR,"$615,000"
1269,nfl,2017,,Justin Coleman,SEA,CB,"$615,000"
1270,nfl,2017,,Brandon Copeland,DET,ED/DE,"$615,000"
1271,nfl,2017,,Quinton Dunbar,WAS,CB,"$615,000"
1272,nfl,2017,,Zac Dysert,DAL,QB,"$615,000"
1273,nfl,2017,,Nick Easton,MIN,C,"$615,000"
1274,nfl,2017,,Bruce Ellington,HOU,WR,"$615,000"
1275,nfl,2017,,Quincy Enunwa,NYJ,WR,"$615,000"
1276,nfl,2017,,Deshazor Everett,WAS,SS,"$615,000"
1277,nfl,2017,,Bennie Fowler,DEN,WR,"$615,000"
1278,nfl,2017,,Jeremiah George,IND,LB/ILB,"$615,000"
1279,nfl,2017,,Clay Harbor,NO,TE,"$615,000"
1280,nfl,2017,,Anthony Harris,MIN,SS,"$615,000"
1281,nfl,2017,,Shelby Harris,DEN,DL/DE,"$615,000"
1282,nfl,2017,,Mike Hull,MIA,LB/ILB,"$615,000"
1283,nfl,2017,,Adam Humphries,TB,WR,"$615,000"
1284,nfl,2017,,Brett Jones,NYG,C,"$615,000"
1285,nfl,2017,,Zac Kerin,DET,C,"$615,000"
1286,nfl,2017,,Brandon King,NE,FS,"$615,000"
1287,nfl,2017,,Josh LeRibeus,NO,C,"$615,000"
1288,nfl,2017,,Khari Lee,BUF,TE,"$615,000"
1289,nfl,2017,,Matt Longacre,LAR,DL/DE,"$615,000"
1290,nfl,2017,,Chris Matthews,BAL,WR,"$615,000"
1291,nfl,2017,,Chris McCain,LAC,LB/OLB,"$615,000"
1292,nfl,2017,,Robert McClain,TB,CB,"$615,000"
1293,nfl,2017,,Sean McGrath,LAC,TE,"$615,000"
1294,nfl,2017,,Jamie Meder,CLE,ED/DE,"$615,000"
1295,nfl,2017,,Rontez Miles,NYJ,FS,"$615,000"
1296,nfl,2017,,Raheem Mostert,SF,RB,"$615,000"
1297,nfl,2017,,Roosevelt Nix,PIT,FB,"$615,000"
1298,nfl,2017,,Rakeem Nunez-Roches,KC,DL/DE,"$615,000"
1299,nfl,2017,,Nick O'Leary,BUF,TE,"$615,000"
1300,nfl,2017,,James O'Shaughnessy,JAX,TE,"$615,000"
1301,nfl,2017,,Matt Overton,JAX,LS,"$615,000"
1302,nfl,2017,,Matt Paradis,DEN,C,"$615,000"
1303,nfl,2017,,Tyler Patmon,JAX,CB,"$615,000"
1304,nfl,2017,,Brian Peters,HOU,LB/ILB,"$615,000"
1305,nfl,2017,,Hayes Pullard,LAC,LB/ILB,"$615,000"
1306,nfl,2017,,Brent Qvale,NYJ,RT,"$615,000"
1307,nfl,2017,,Darryl Roberts,NYJ,CB,"$615,000"
1308,nfl,2017,,Ryan Russell,TB,ED/DE,"$615,000"
1309,nfl,2017,,Garrison Sanborn,TB,LS,"$615,000"
1310,nfl,2017,,Patrick Scales,CHI,LS,"$615,000"
1311,nfl,2017,,Rod Smith,DAL,RB,"$615,000"
1312,nfl,2017,,Bradley Sowell,CHI,LT,"$615,000"
1313,nfl,2017,,Daimion Stafford,PIT,SS,"$615,000"
1314,nfl,2017,,Joe Thomas,GB,LB/ILB,"$615,000"
1315,nfl,2017,,Jordan Todman,HOU,RB,"$615,000"
1316,nfl,2017,,Greg Van Roten,CAR,G,"$615,000"
1317,nfl,2017,,Josh Walker,JAX,G,"$615,000"
1318,nfl,2017,,Tyrunn Walker,LAR,DL/DT,"$615,000"
1319,nfl,2017,,Terron Ward,ATL,RB,"$615,000"
1320,nfl,2017,,Joe Webb,BUF,QB,"$615,000"
1321,nfl,2017,,Brandon Williams,IND,TE,"$615,000"
1322,nfl,2017,,Tyrell Williams,LAC,WR,"$615,000"
1323,nfl,2017,,Ramik Wilson,KC,LB/ILB,"$615,000"
1324,nfl,2017,,Blidi Wreh-Wilson,ATL,CB,"$615,000"
1325,nfl,2017,1326,Joshua Dobbs,PIT,QB,"$614,781"
1326,nfl,2017,1327,D'Onta Foreman,HOU,RB,"$613,574"
1327,nfl,2017,1328,Josh Malone,CIN,WR,"$613,382"
1328,nfl,2017,1329,Julie'n Davenport,HOU,T,"$611,605"
1329,nfl,2017,1330,David Sharpe,OAK,T,"$611,603"
1330,nfl,2017,1331,Deatrich Wise,NE,ED/DE,"$610,140"
1331,nfl,2017,1332,DeAndre Washington,OAK,RB,"$607,298"
1332,nfl,2017,1333,Jamaal Williams,GB,RB,"$606,498"
1333,nfl,2017,1334,Ryan Switzer,DAL,WR,"$606,496"
1334,nfl,2017,1335,Connor McGovern,DEN,G,"$605,975"
1335,nfl,2017,1336,Montae Nicholson,WAS,S,"$605,958"
1336,nfl,2017,1337,Matt Judon,BAL,ED/OLB,"$603,934"
1337,nfl,2017,1338,Sean Harlow,ATL,G,"$603,576"
1338,nfl,2017,1339,Caleb Benenoch,TB,T,"$603,296"
1339,nfl,2017,1340,Paul Perkins,NYG,RB,"$603,137"
1340,nfl,2017,1341,Jordan Howard,CHI,RB,"$602,005"
1341,nfl,2017,1342,Wendell Smallwood,PHI,RB,"$601,144"
1342,nfl,2017,1343,Joe Haeg,IND,G,"$600,602"
1343,nfl,2017,1344,LeShaun Sims,TEN,CB,"$599,546"
1344,nfl,2017,1345,Brandon Shell,NYJ,T,"$598,991"
1345,nfl,2017,1346,Andrew Billings,CIN,DL/DT,"$598,961"
1346,nfl,2017,1347,Kentrell Brothers,MIN,LB/OLB,"$598,170"
1347,nfl,2017,1348,Christian Westerman,CIN,G,"$597,924"
1348,nfl,2017,1349,Jerald Hawkins,PIT,T,"$597,622"
1349,nfl,2017,1350,Trevor Davis,GB,WR,"$596,794"
1350,nfl,2017,1351,Halapoulivaati Vaitai,PHI,T,"$596,281"
1351,nfl,2017,1352,Keivarae Russell,CIN,CB,"$595,000"
1352,nfl,2017,1353,D.J. Reader,HOU,DL/DT,"$593,845"
1353,nfl,2017,1354,Earl Watford,ARI,RT,"$592,647"
1354,nfl,2017,1355,Spencer Drango,CLE,G,"$591,912"
1355,nfl,2017,1356,Alex Anzalone,NO,LB/OLB,"$591,677"
1356,nfl,2017,1357,Daeshon Hall,CAR,ED/DE,"$590,960"
1357,nfl,2017,1358,Tyreek Hill,KC,WR,"$586,260"
1358,nfl,2017,1359,Jatavis Brown,LAC,LB/ILB,"$586,096"
1359,nfl,2017,1360,Vince Biegel,GB,ED/OLB,"$583,372"
1360,nfl,2017,1361,Andy Janovich,DEN,FB,"$581,077"
1361,nfl,2017,1362,Jacoby Brissett,IND,QB,"$580,038"
1362,nfl,2017,1363,Nick Bellore,DET,LB/ILB,"$578,824"
1363,nfl,2017,,Asa Jackson,SF,CB,"$578,824"
1364,nfl,2017,1365,Emmett Cleary,DET,RT,"$578,823"
1365,nfl,2017,,Akeem Hunt,KC,RB,"$578,823"
1366,nfl,2017,,Tenny Palepoi,LAC,DL/DT,"$578,823"
1367,nfl,2017,1368,LaDarius Gunter,CAR,CB,"$578,816"
1368,nfl,2017,1369,Drew Kaser,LAC,P,"$578,456"
1369,nfl,2017,1370,Jerell Adams,NYG,TE,"$575,713"
1370,nfl,2017,1371,Jakeem Grant,MIA,WR,"$575,095"
1371,nfl,2017,1372,Michael Bennett,JAX,DL/DT,"$574,674"
1372,nfl,2017,1373,David Morgan,MIN,TE,"$573,864"
1373,nfl,2017,1374,Anthony Brown,DAL,CB,"$573,736"
1374,nfl,2017,1375,Cameron Sutton,PIT,CB,"$573,320"
1375,nfl,2017,1376,Wes Schweitzer,ATL,G,"$573,095"
1376,nfl,2017,1377,Derek Watt,LAC,FB,"$572,420"
1377,nfl,2017,1378,Cody Core,CIN,WR,"$571,983"
1378,nfl,2017,1379,Anthony Zettel,DET,ED/DE,"$570,930"
1379,nfl,2017,1380,Jehu Chesson,KC,WR,"$569,912"
1380,nfl,2017,,Wayne Gallman,NYG,RB,"$569,912"
1381,nfl,2017,,Ryan Glasgow,CIN,DL/DT,"$569,912"
1382,nfl,2017,,Chad Hansen,NYJ,WR,"$569,912"
1383,nfl,2017,,Marlon Mack,IND,RB,"$569,912"
1384,nfl,2017,,Grover Stewart,IND,DL/DT,"$569,912"
1385,nfl,2017,,Carlos Watkins,HOU,DL/DT,"$569,912"
1386,nfl,2017,1387,Randall Telfer,CLE,TE,"$569,384"
1387,nfl,2017,1388,Kenjon Barner,PHI,RB,"$568,235"
1388,nfl,2017,1389,Kavon Frazier,DAL,S,"$565,089"
1389,nfl,2017,,Will Parks,DEN,S,"$565,089"
1390,nfl,2017,,Elandon Roberts,NE,LB/ILB,"$565,089"
1391,nfl,2017,1392,Vincent Valentine,NE,DL/DT,"$560,179"
1392,nfl,2017,1393,Riley Dixon,DEN,P,"$560,002"
1393,nfl,2017,1394,Jalen Mills,PHI,S,"$559,214"
1394,nfl,2017,1395,Vadal Alexander,OAK,RT,"$559,211"
1395,nfl,2017,1396,Charles Tapper,DAL,ED/DE,"$559,118"
1396,nfl,2017,1397,Lac Edwards,NYJ,P,"$558,948"
1397,nfl,2017,1398,Dwayne Washington,DET,RB,"$558,941"
1398,nfl,2017,1399,Jayron Kearse,MIN,S,"$556,056"
1399,nfl,2017,1400,Clayton Fejedelem,CIN,S,"$555,887"
1400,nfl,2017,1401,Tyler Matakevich,PIT,LB/ILB,"$555,762"
1401,nfl,2017,1402,Carlos Henderson,DEN,WR,"$552,496"
1402,nfl,2017,1403,Dede Westbrook,JAX,WR,"$551,981"
1403,nfl,2017,1404,Derek Rivers,NE,LB/OLB,"$548,724"
1404,nfl,2017,1405,Leonard Wester,TB,T,"$546,666"
1405,nfl,2017,1406,Roger Lewis,NYG,WR,"$546,166"
1406,nfl,2017,1407,Cory Littleton,LAR,LB/ILB,"$545,000"
1407,nfl,2017,1408,Antonio Garcia,NE,T,"$544,538"
1408,nfl,2017,1409,Joel Heath,HOU,DL/DE,"$543,666"
1409,nfl,2017,1410,Robbie Chosen,NYJ,WR,"$543,333"
1410,nfl,2017,,Jonathan Jones,NE,CB,"$543,333"
1411,nfl,2017,,Michael Pierce,BAL,DL/DT,"$543,333"
1412,nfl,2017,1413,Alex Erickson,CIN,WR,"$543,000"
1413,nfl,2017,1414,Deiondre' Hall,CHI,CB,"$542,781"
1414,nfl,2017,1415,Anthony Lanier,WAS,DL/DE,"$542,666"
1415,nfl,2017,,Destiny Vaeao,PHI,DL/DT,"$542,666"
1416,nfl,2017,1417,David Bass,NYJ,DL/DE,"$542,647"
1417,nfl,2017,,Nick Dzubnar,LAC,LB/ILB,"$542,647"
1418,nfl,2017,,L.J. Fort,PIT,LB/ILB,"$542,647"
1419,nfl,2017,,Troy Hill,LAR,CB,"$542,647"
1420,nfl,2017,,John Timu,CHI,LB/ILB,"$542,647"
1421,nfl,2017,1422,Cory James,OAK,LB/ILB,"$541,883"
1422,nfl,2017,1423,Eli Rogers,PIT,WR,"$541,668"
1423,nfl,2017,1424,Stephen Anderson,HOU,TE,"$541,666"
1424,nfl,2017,,Ken Crawley,NO,CB,"$541,666"
1425,nfl,2017,,Josh Hawkins,GB,CB,"$541,666"
1426,nfl,2017,,Johnny Holton,OAK,WR,"$541,666"
1427,nfl,2017,,Tommylee Lewis,NO,WR,"$541,666"
1428,nfl,2017,,Brennan Scarlett,HOU,ED/OLB,"$541,666"
1429,nfl,2017,,Jarrod Wilson,JAX,S,"$541,666"
1430,nfl,2017,1431,Tyler Ervin,HOU,RB,"$541,528"
1431,nfl,2017,1432,Brian Poole,ATL,S,"$541,166"
1432,nfl,2017,1433,Spencer Pulley,LAC,C,"$540,666"
1433,nfl,2017,1434,Andrew Adam,NYG,S,"$540,000"
1434,nfl,2017,,Brandon Allen,LAR,QB,"$540,000"
1435,nfl,2017,,Zaire Anderson,DEN,LB/ILB,"$540,000"
1436,nfl,2017,,Peyton Barber,TB,RB,"$540,000"
1437,nfl,2017,,Austin Blythe,LAR,C,"$540,000"
1438,nfl,2017,,Briean Boddy-Calhoun,CLE,CB,"$540,000"
1439,nfl,2017,,Jake Brendel,MIA,C,"$540,000"
1440,nfl,2017,,Malcolm Brown,LAR,RB,"$540,000"
1441,nfl,2017,,Kameron Canaday,PIT,LS,"$540,000"
1442,nfl,2017,,Marqui Christian,LAR,S,"$540,000"
1443,nfl,2017,,Blake Countess,LAR,S,"$540,000"
1444,nfl,2017,,James Cowser,OAK,ED/OLB,"$540,000"
1445,nfl,2017,,Javien Elliott,TB,CB,"$540,000"
1446,nfl,2017,,Marwin Evans,GB,S,"$540,000"
1447,nfl,2017,,Matthias Farley,IND,SS,"$540,000"
1448,nfl,2017,,B.J. Finney,PIT,C,"$540,000"
1449,nfl,2017,,David Fluellen,TEN,RB,"$540,000"
1450,nfl,2017,,Morgan Fox,LAR,ED/OLB,"$540,000"
1451,nfl,2017,,Xavier Grimble,PIT,TE,"$540,000"
1452,nfl,2017,,Kamu Grugier-Hill,PHI,LB/OLB,"$540,000"
1453,nfl,2017,,Rashod Hill,MIN,T,"$540,000"
1454,nfl,2017,,Kevin Hogan,CLE,QB,"$540,000"
1455,nfl,2017,,Kerry Hyder,DET,ED/DE,"$540,000"
1456,nfl,2017,,Matthew Ioannidis,WAS,DL/DE,"$540,000"
1457,nfl,2017,,Cardale Jones,LAC,QB,"$540,000"
1458,nfl,2017,,Mike Jordan,CLE,CB,"$540,000"
1459,nfl,2017,,Ufomba Kamalu,HOU,DL/DE,"$540,000"
1460,nfl,2017,,Ted Karras,NE,G,"$540,000"
1461,nfl,2017,,Ben Koyack,JAX,TE,"$540,000"
1462,nfl,2017,,Casey Kreiter,DEN,LS,"$540,000"
1463,nfl,2017,,Tyler Larsen,CAR,C,"$540,000"
1464,nfl,2017,,Crevon LeBlanc,CHI,CB,"$540,000"
1465,nfl,2017,,Rick Lovato,PHI,LS,"$540,000"
1466,nfl,2017,,Wil Lutz,NO,K,"$540,000"
1467,nfl,2017,,Chris Manhertz,CAR,TE,"$540,000"
1468,nfl,2017,,Vince Mayle,BAL,WR,"$540,000"
1469,nfl,2017,,Tanner McEvoy,SEA,S,"$540,000"
1470,nfl,2017,,J.D. McKissic,SEA,RB,"$540,000"
1471,nfl,2017,,Brian Mihalik,DET,T,"$540,000"
1472,nfl,2017,,Chris Milton,IND,CB,"$540,000"
1473,nfl,2017,,Corey Moore,HOU,SS,"$540,000"
1474,nfl,2017,,Sharrod Neasman,ATL,S,"$540,000"
1475,nfl,2017,,Patrick Onwuasor,BAL,LB/ILB,"$540,000"
1476,nfl,2017,,Tyler Ott,SEA,LS,"$540,000"
1477,nfl,2017,,Michael Palardy,CAR,K,"$540,000"
1478,nfl,2017,,Senorise Perry,MIA,RB,"$540,000"
1479,nfl,2017,,Olsen Pierre,ARI,DL/DT,"$540,000"
1480,nfl,2017,,Kalan Reed,TEN,CB,"$540,000"
1481,nfl,2017,,Austin Reiter,CLE,C,"$540,000"
1482,nfl,2017,,Luke Rhodes,IND,LB/ILB,"$540,000"
1483,nfl,2017,,Jalen Richard,OAK,RB,"$540,000"
1484,nfl,2017,,Curtis Riley,TEN,CB,"$540,000"
1485,nfl,2017,,Chester Rogers,IND,WR,"$540,000"
1486,nfl,2017,,Jake Rudock,DET,QB,"$540,000"
1487,nfl,2017,,Kevon Seymour,CAR,CB,"$540,000"
1488,nfl,2017,,Terrance Smith,KC,LB/ILB,"$540,000"
1489,nfl,2017,,Tye Smith,TEN,CB,"$540,000"
1490,nfl,2017,,Erik Swoope,IND,TE,"$540,000"
1491,nfl,2017,,Jordan Taylor,DEN,WR,"$540,000"
1492,nfl,2017,,Robert Thomas,NYG,DL/DT,"$540,000"
1493,nfl,2017,,Eric Tomlinson,NYJ,TE,"$540,000"
1494,nfl,2017,,Dan Vitale,CLE,FB,"$540,000"
1495,nfl,2017,,Jeremy Vujnovich,IND,LT,"$540,000"
1496,nfl,2017,,Stephen Weatherly,MIN,ED/DE,"$540,000"
1497,nfl,2017,,John Wetzel,ARI,RT,"$540,000"
1498,nfl,2017,,Trevor Williams,LAC,CB,"$540,000"
1499,nfl,2017,1500,George Kittle,SF,TE,"$539,571"
1500,nfl,2017,1501,Blair Brown,JAX,LB/OLB,"$538,678"
1501,nfl,2017,1502,Damontae Kazee,ATL,CB,"$537,230"
1502,nfl,2017,1503,Desmond King,LAC,S,"$534,998"
1503,nfl,2017,1504,Jeremy Sprinkle,WAS,TE,"$534,125"
1504,nfl,2017,1505,Jayon Brown,TEN,LB/ILB,"$532,888"
1505,nfl,2017,1506,Will Holden,ARI,T,"$532,032"
1506,nfl,2017,1507,Nate Hairston,IND,CB,"$531,946"
1507,nfl,2017,1508,Jermaine Eluemunor,BAL,G,"$531,788"
1508,nfl,2017,1509,Anthony Walker Jr.,IND,LB/ILB,"$531,353"
1509,nfl,2017,1510,Matt Milano,BUF,LB/OLB,"$530,376"
1510,nfl,2017,1511,Isaac Asiata,MIA,G,"$530,198"
1511,nfl,2017,1512,Jamal Agnew,DET,CB,"$529,591"
1512,nfl,2017,1513,Shelton Gibson,PHI,WR,"$529,309"
1513,nfl,2017,1514,Avery Moss,NYG,ED/DE,"$528,692"
1514,nfl,2017,1515,Marquel Lee,OAK,LB/ILB,"$528,423"
1515,nfl,2017,1516,Billy Winn,DEN,DL/DE,"$528,000"
1516,nfl,2017,1517,Andre Williams,LAC,RB,"$527,644"
1517,nfl,2017,1518,Treston Decoud,HOU,S,"$527,337"
1518,nfl,2017,1519,Corey Nelson,DEN,LB/ILB,"$526,150"
1519,nfl,2017,1520,Nathan Peterman,BUF,QB,"$524,874"
1520,nfl,2017,1521,Ronald Blair,SF,ED/DE,"$524,299"
1521,nfl,2017,1522,Isaiah McKenzie,DEN,WR,"$523,961"
1522,nfl,2017,1523,Brian Allen,PIT,CB,"$522,544"
1523,nfl,2017,1524,Eric Saubert,ATL,TE,"$521,847"
1524,nfl,2017,1525,Ukeme Eligwe,KC,LB/ILB,"$515,484"
1525,nfl,2017,,Davon Godchaux,MIA,DL/DT,"$515,484"
1526,nfl,2017,,Danny Isidora,MIN,G,"$515,484"
1527,nfl,2017,,Aaron Jones,GB,RB,"$515,484"
1528,nfl,2017,,Trent Taylor,SF,WR,"$515,484"
1529,nfl,2017,1530,Tavon Young,BAL,CB,"$514,282"
1530,nfl,2017,1531,Christian Covington,HOU,DL/DE,"$512,147"
1531,nfl,2017,1532,Caleb Brantley,CLE,DL/DT,"$509,993"
1532,nfl,2017,1533,Chuck Clark,BAL,S,"$508,701"
1533,nfl,2017,1534,John Theus,CAR,T,"$508,240"
1534,nfl,2017,1535,Geronimo Allison,GB,WR,"$508,235"
1535,nfl,2017,,Alex Collins,BAL,RB,"$508,235"
1536,nfl,2017,,D.J. Foster,ARI,WR,"$508,235"
1537,nfl,2017,1538,Rashard Higgins,CLE,WR,"$508,224"
1538,nfl,2017,1539,Joe Dahl,DET,G,"$507,772"
1539,nfl,2017,1540,Malcolm Mitchell,NE,WR,"$507,498"
1540,nfl,2017,1541,Elijah McGuire,NYJ,RB,"$507,126"
1541,nfl,2017,1542,John Kuhn,NO,FB,"$506,471"
1542,nfl,2017,1543,Ulrick John,GB,LT,"$506,470"
1543,nfl,2017,,Mark Nzeocha,SF,LB/ILB,"$506,470"
1544,nfl,2017,,Willie Snead,NO,WR,"$506,470"
1545,nfl,2017,1546,Tanzel Smart,LAR,DL/DT,"$506,195"
1546,nfl,2017,1547,Sam Tevi,LAC,T,"$505,447"
1547,nfl,2017,1548,Joe Williams,SF,RB,"$505,346"
1548,nfl,2017,1549,Nico Siragusa,BAL,G,"$505,344"
1549,nfl,2017,1550,Jared Norris,CAR,LB/OLB,"$505,023"
1550,nfl,2017,1551,Xavier Woods,DAL,SS,"$504,972"
1551,nfl,2017,1552,Dadi Nicolas,KC,ED/OLB,"$504,803"
1552,nfl,2017,1553,Jordan Evans,CIN,LB/ILB,"$504,126"
1553,nfl,2017,1554,Vincent Taylor,MIA,DL/DT,"$503,603"
1554,nfl,2017,1555,Taiwan Jones,BUF,RB,"$503,471"
1555,nfl,2017,1556,Tanner Vallejo,BUF,LB/OLB,"$503,449"
1556,nfl,2017,1557,Al-Quadin Muhammad,NO,ED/DE,"$502,616"
1557,nfl,2017,1558,D.J. Jones,SF,DL/DT,"$501,963"
1558,nfl,2017,1559,Chase Roullier,WAS,C,"$501,792"
1559,nfl,2017,1560,Pita Taumoepenu,SF,LB/OLB,"$501,361"
1560,nfl,2017,1561,De'Angelo Henderson,DEN,RB,"$501,288"
1561,nfl,2017,1562,Derrick Jones,NYJ,CB,"$501,261"
1562,nfl,2017,1563,Devante Bond,TB,LB/OLB,"$501,176"
1563,nfl,2017,1564,Jeremiah Ledbetter,DET,DL/DT,"$501,040"
1564,nfl,2017,1565,Howard Wilson,CLE,CB,"$499,751"
1565,nfl,2017,1566,Donnel Pumphrey,PHI,RB,"$498,845"
1566,nfl,2017,1567,Elijah Qualls,PHI,DL/DT,"$496,801"
1567,nfl,2017,1568,Adam Gettis,NYG,G,"$493,000"
1568,nfl,2017,1569,Corey Levin,TEN,G,"$492,503"
1569,nfl,2017,1570,Anthony Steen,MIA,G,"$489,525"
1570,nfl,2017,1571,Stacy Coley,MIN,WR,"$489,170"
1571,nfl,2017,1572,Shalom Luani,OAK,S,"$488,603"
1572,nfl,2017,1573,Jalen Myrick,JAX,CB,"$488,416"
1573,nfl,2017,1574,Zane Gonzalez,CLE,K,"$487,289"
1574,nfl,2017,1575,Tavarres King,NYG,WR,"$487,058"
1575,nfl,2017,1576,Adrian Colbert,SF,FS,"$486,196"
1576,nfl,2017,1577,Josh Harvey-Clemons,WAS,LB/ILB,"$486,076"
1577,nfl,2017,1578,Jylan Ware,OAK,T,"$486,073"
1578,nfl,2017,1579,Alex Lewis,BAL,G,"$485,974"
1579,nfl,2017,1580,Joshua Holsey,WAS,CB,"$485,236"
1580,nfl,2017,1581,Devante Mays,GB,RB,"$483,759"
1581,nfl,2017,1582,Noah Brown,DAL,WR,"$482,984"
1582,nfl,2017,1583,Kyle Fuller,HOU,C,"$482,304"
1583,nfl,2017,1584,Treyvon Hester,OAK,DL/DT,"$482,150"
1584,nfl,2017,1585,Maurice Canady,BAL,CB,"$481,795"
1585,nfl,2017,1586,Matt Dayes,CLE,RB,"$481,067"
1586,nfl,2017,1587,Joe Walker,PHI,LB/ILB,"$480,034"
1587,nfl,2017,1588,DeAndre Houston-Carson,CHI,S,"$476,470"
1588,nfl,2017,,Brian Hoyer,NE,QB,"$476,470"
1589,nfl,2017,1590,Jordan Leggett,NYJ,TE,"$473,565"
1590,nfl,2017,1591,Johnathan Ford,ARI,S,"$472,514"
1591,nfl,2017,1592,Antony Auclair,TB,TE,"$471,666"
1592,nfl,2017,,Jordan Roos,SEA,G,"$471,666"
1593,nfl,2017,,Chad Wheeler,NYG,T,"$471,666"
1594,nfl,2017,1595,Eric Winston,CIN,RT,"$470,588"
1595,nfl,2017,1596,Jairus Byrd,CAR,FS,"$470,294"
1596,nfl,2017,,Obum Gwacham,NYJ,DL/DE,"$470,294"
1597,nfl,2017,,Ben Heeney,HOU,LB/ILB,"$470,294"
1598,nfl,2017,,David Irving,DAL,DL/DT,"$470,294"
1599,nfl,2017,,Zach Line,NO,FB,"$470,294"
1600,nfl,2017,,Michael Person,IND,G,"$470,294"
1601,nfl,2017,,Shamarko Thomas,BUF,SS,"$470,294"
1602,nfl,2017,,Brandon Weeden,TEN,QB,"$470,294"
1603,nfl,2017,1604,Tashawn Bower,MIN,ED/DE,"$470,000"
1604,nfl,2017,,Aviante Collins,MIN,T,"$470,000"
1605,nfl,2017,,Justin Davis,LAR,RB,"$470,000"
1606,nfl,2017,1607,Dylan Cole,HOU,LB/ILB,"$469,000"
1607,nfl,2017,,Sean Culkin,LAC,TE,"$469,000"
1608,nfl,2017,,Rigoberto Sanchez,IND,P,"$469,000"
1609,nfl,2017,1610,Chase Allen,MIA,LB/OLB,"$468,333"
1610,nfl,2017,,Cethan Carter,CIN,TE,"$468,333"
1611,nfl,2017,,Jamal Carter,DEN,SS,"$468,333"
1612,nfl,2017,,Corey Clement,PHI,RB,"$468,333"
1613,nfl,2017,,Darrell Daniels,IND,TE,"$468,333"
1614,nfl,2017,,Jacob Hollister,NE,TE,"$468,333"
1615,nfl,2017,,Calvin Munson,NYG,LB/ILB,"$468,333"
1616,nfl,2017,,Eric Wilson,MIN,LB/OLB,"$468,333"
1617,nfl,2017,1618,Rob Kelley,WAS,RB,"$468,120"
1618,nfl,2017,1619,Maurice Smith,MIA,S,"$467,833"
1619,nfl,2017,1620,Ka'imi Fairbairn,HOU,K,"$467,500"
1620,nfl,2017,,Torry McTyer,MIA,CB,"$467,500"
1621,nfl,2017,,Nicholas Morrow,OAK,ED/OLB,"$467,500"
1622,nfl,2017,1623,Roy Robertson-Harris,CHI,DL/DE,"$467,333"
1623,nfl,2017,1624,Patrick Ricard,BAL,DL/DT,"$467,166"
1624,nfl,2017,1625,Ifeanyi Momah,ARI,TE,"$467,120"
1625,nfl,2017,1626,Cole Croston,NE,T,"$467,000"
1626,nfl,2017,1627,Kendrick Bourne,SF,WR,"$466,666"
1627,nfl,2017,,Matt Breida,SF,RB,"$466,666"
1628,nfl,2017,,Adam Butler,NE,DL/DT,"$466,666"
1629,nfl,2017,,Austin Ekeler,LAC,RB,"$466,666"
1630,nfl,2017,,Tion Green,DET,RB,"$466,666"
1631,nfl,2017,,Mitchell Loewen,NO,TE,"$466,666"
1632,nfl,2017,,Lenzy Pipkins,GB,CB,"$466,666"
1633,nfl,2017,,Cooper Rush,DAL,QB,"$466,666"
1634,nfl,2017,,Justin Vogel,GB,P,"$466,666"
1635,nfl,2017,1636,Keelan Cole,JAX,WR,"$466,333"
1636,nfl,2017,,Matt Haack,MIA,P,"$466,333"
1637,nfl,2017,1638,Eli Ankou,JAX,DL/DT,"$465,000"
1638,nfl,2017,,Dan Arnold,NO,WR,"$465,000"
1639,nfl,2017,,Zach Banner,CLE,T,"$465,000"
1640,nfl,2017,,B.J. Bello,CLE,LB/ILB,"$465,000"
1641,nfl,2017,,Zac Brooks,DEN,RB,"$465,000"
1642,nfl,2017,,James Burgess,CLE,LB/ILB,"$465,000"
1643,nfl,2017,,Austin Carr,NO,WR,"$465,000"
1644,nfl,2017,,Trevon Coley,CLE,DL/DT,"$465,000"
1645,nfl,2017,,Jesse Davis,MIA,T,"$465,000"
1646,nfl,2017,,Trey Edmunds,NO,RB,"$465,000"
1647,nfl,2017,,Matt Feiler,PIT,RT,"$465,000"
1648,nfl,2017,,Reid Ferguson,BUF,LS,"$465,000"
1649,nfl,2017,,C.J. Ham,MIN,RB,"$465,000"
1650,nfl,2017,,Erik Harris,OAK,CB,"$465,000"
1651,nfl,2017,,Thomas Hennessy,NYJ,LS,"$465,000"
1652,nfl,2017,,Jaylen Hill,BAL,CB,"$465,000"
1653,nfl,2017,,Taysom Hill,NO,QB,"$465,000"
1654,nfl,2017,,Mike Hilton,PIT,CB,"$465,000"
1655,nfl,2017,,Trey Hopkins,CIN,G,"$465,000"
1656,nfl,2017,,Marcus Johnson,PHI,WR,"$465,000"
1657,nfl,2017,,Steve Longa,DET,LB/OLB,"$465,000"
1658,nfl,2017,,Justin McCray,GB,G,"$465,000"
1659,nfl,2017,,Conor McDermott,BUF,T,"$465,000"
1660,nfl,2017,,Taquan Mizzell,CHI,RB,"$465,000"
1661,nfl,2017,,Kenny Moore,IND,CB,"$465,000"
1662,nfl,2017,,Kai Nacua,CLE,S,"$465,000"
1663,nfl,2017,,Chris Odom,GB,DL/DE,"$465,000"
1664,nfl,2017,,Lucas Patrick,GB,G,"$465,000"
1665,nfl,2017,,Donald Payne,JAX,LB/ILB,"$465,000"
1666,nfl,2017,,Elijhaa Penny,ARI,RB,"$465,000"
1667,nfl,2017,,William Poehls,JAX,G,"$465,000"
1668,nfl,2017,,Alex Redmond,CIN,G,"$465,000"
1669,nfl,2017,,Aldrick Rosas,NYG,K,"$465,000"
1670,nfl,2017,,Giorgio Tavecchio,OAK,K,"$465,000"
1671,nfl,2017,,Charles Washington,DET,CB,"$465,000"
1672,nfl,2017,,Zach Wood,NO,ED/DE,"$465,000"
1673,nfl,2017,,Eddie Yarbrough,BUF,ED/DE,"$465,000"
1674,nfl,2017,1675,Justin Trattou,TB,ED/DE,"$458,000"
1675,nfl,2017,,Teddy Williams,CAR,CB,"$458,000"
1676,nfl,2017,1677,Brian Price,DAL,DL/DT,"$456,708"
1677,nfl,2017,1678,Damiere Byrd,CAR,WR,"$456,705"
1678,nfl,2017,1679,Tony Bergstrom,WAS,C,"$455,882"
1679,nfl,2017,1680,Romeo Okwara,NYG,ED/DE,"$451,294"
1680,nfl,2017,1681,Antonio Hamilton,OAK,S,"$448,127"
1681,nfl,2017,1682,Victor Bolden,SF,WR,"$447,018"
1682,nfl,2017,1683,Kentrell Brice,GB,S,"$446,962"
1683,nfl,2017,1684,Kenneth Dixon,BAL,RB,"$445,260"
1684,nfl,2017,1685,Mike Thomas,LAR,WR,"$441,958"
1685,nfl,2017,1686,Curtis Grant,NYG,LB/ILB,"$437,648"
1686,nfl,2017,1687,Michael Davis,LAC,CB,"$437,647"
1687,nfl,2017,,Jake Elliott,PHI,K,"$437,647"
1688,nfl,2017,,Elijah Lee,SF,LB/OLB,"$437,647"
1689,nfl,2017,,Adam Pankey,GB,T,"$437,647"
1690,nfl,2017,,Kyle Sloter,MIN,QB,"$437,647"
1691,nfl,2017,,Lawrence Thomas,NYJ,DL/DE,"$437,647"
1692,nfl,2017,1693,Jimmy Garoppolo,SF,QB,"$434,158"
1693,nfl,2017,1694,Gerald Hodges,NO,LB/OLB,"$434,118"
1694,nfl,2017,1695,Erik Magnuson,SF,T,"$431,919"
1695,nfl,2017,1696,Tajae Sharpe,TEN,WR,"$431,721"
1696,nfl,2017,1697,Dylan Donahue,NYJ,ED/OLB,"$426,013"
1697,nfl,2017,1698,Kyle Murphy,GB,T,"$425,770"
1698,nfl,2017,1699,Kelvin Sheppard,NYG,LB/ILB,"$423,529"
1699,nfl,2017,1700,Jake Butt,DEN,TE,"$423,234"
1700,nfl,2017,1701,Jordan Morgan,CHI,G,"$422,009"
1701,nfl,2017,1702,Jordan Lucas,MIA,S,"$421,941"
1702,nfl,2017,1703,Chris Gragg,NYJ,TE,"$418,000"
1703,nfl,2017,,Jordan Hill,DET,DL/DT,"$418,000"
1704,nfl,2017,,Bishop Sankey,MIN,RB,"$418,000"
1705,nfl,2017,,Scott Simonson,CAR,TE,"$418,000"
1706,nfl,2017,1707,Corn Elder,CAR,CB,"$417,474"
1707,nfl,2017,1708,Roderick Johnson,CLE,T,"$414,739"
1708,nfl,2017,1709,Chris Reed,JAX,T,"$412,945"
1709,nfl,2017,,Scooby Wright,ARI,LB/ILB,"$412,945"
1710,nfl,2017,1711,Freddie Bishop,NYJ,ED/OLB,"$412,941"
1711,nfl,2017,,Branden Jackson,SEA,ED/DE,"$412,941"
1712,nfl,2017,,Quinton Jefferson,SEA,ED/DE,"$412,941"
1713,nfl,2017,1714,Jeremy Clark,NYJ,CB,"$412,625"
1714,nfl,2017,1715,Charone Peake,NYJ,WR,"$411,331"
1715,nfl,2017,1716,Dominque Alexander,CLE,LB/ILB,"$410,481"
1716,nfl,2017,1717,Matt Skura,BAL,C,"$410,295"
1717,nfl,2017,1718,Alex Armah,CAR,FB,"$410,294"
1718,nfl,2017,,Don Barclay,DET,RT,"$410,294"
1719,nfl,2017,,Travaris Cadet,BUF,RB,"$410,294"
1720,nfl,2017,,Justin Hardee,NO,CB,"$410,294"
1721,nfl,2017,,Ricky Seals-Jones,ARI,TE,"$410,294"
1722,nfl,2017,,T.J. Yates,HOU,QB,"$410,294"
1723,nfl,2017,1724,Tre Madden,SEA,RB,"$409,937"
1724,nfl,2017,,Daniel Munyer,ARI,C,"$409,937"
1725,nfl,2017,1726,Michael Ola,LAC,T,"$405,882"
1726,nfl,2017,1727,David Fales,MIA,QB,"$405,880"
1727,nfl,2017,1728,Aaron Wallace,TEN,ED/OLB,"$405,865"
1728,nfl,2017,1729,Temarrick Hemingway,LAR,TE,"$402,896"
1729,nfl,2017,1730,Harvey Langi,NE,LB/ILB,"$401,170"
1730,nfl,2017,1731,T.J. Logan,ARI,RB,"$398,484"
1731,nfl,2017,1732,Andrew Gachkar,CAR,LB/OLB,"$397,941"
1732,nfl,2017,,Steven Johnson,BAL,LB/ILB,"$397,941"
1733,nfl,2017,,Josh Lambo,JAX,K,"$397,941"
1734,nfl,2017,,Michael Mauti,NO,LB/OLB,"$397,941"
1735,nfl,2017,,Ahtyba Rubin,ATL,DL/DT,"$397,941"
1736,nfl,2017,1737,Leger Douzable,SF,DL/DT,"$397,936"
1737,nfl,2017,1738,Deonte Thompson,BUF,WR,"$397,471"
1738,nfl,2017,1739,Demetrious Cox,CAR,S,"$396,171"
1739,nfl,2017,1740,Eric Smith,MIA,T,"$392,621"
1740,nfl,2017,1741,Christopher Carson,SEA,RB,"$391,811"
1741,nfl,2017,1742,Aaron Burbridge,SF,WR,"$388,089"
1742,nfl,2017,1743,Jeremy Butler,BUF,WR,"$388,000"
1743,nfl,2017,1744,Chris Thompson,HOU,WR,"$382,942"
1744,nfl,2017,1745,Harrison Butker,KC,K,"$382,941"
1745,nfl,2017,,Bryan Cox Jr.,CAR,ED/DE,"$382,941"
1746,nfl,2017,1747,Dexter McCoil,SF,S,"$381,180"
1747,nfl,2017,1748,Shilique Calhoun,OAK,ED/OLB,"$381,176"
1748,nfl,2017,,Kurtis Drummond,HOU,SS,"$381,176"
1749,nfl,2017,,Justin March,DAL,LB/ILB,"$381,176"
1750,nfl,2017,,Patrick Murray,TB,K,"$381,176"
1751,nfl,2017,1752,Lamin Barrow,MIA,LB/ILB,"$378,000"
1752,nfl,2017,,Brandon Boykin,BAL,CB,"$378,000"
1753,nfl,2017,,Greg Ducre,PIT,CB,"$378,000"
1754,nfl,2017,,Kaleb Eulls,LAC,DL/DT,"$378,000"
1755,nfl,2017,,Tyler Gaffney,JAX,RB,"$378,000"
1756,nfl,2017,,Mike James,DET,RB,"$378,000"
1757,nfl,2017,,Christine Michael,IND,RB,"$378,000"
1758,nfl,2017,,Phil Taylor,WAS,DL/DT,"$378,000"
1759,nfl,2017,,George Winn,IND,RB,"$378,000"
1760,nfl,2017,,David Yankey,CAR,G,"$378,000"
1761,nfl,2017,1762,Josh Gordon,CLE,WR,"$377,084"
1762,nfl,2017,1763,Deyshawn Bond,IND,G,"$376,529"
1763,nfl,2017,1764,Ray-Ray Armstrong,NYG,LB/OLB,"$372,242"
1764,nfl,2017,1765,Stevie Tu'ikolovatu,TB,DL/DT,"$370,783"
1765,nfl,2017,1766,Dannell Ellerbe,PHI,LB/OLB,"$370,588"
1766,nfl,2017,,Brett Goode,GB,LS,"$370,588"
1767,nfl,2017,,John Greco,NYG,G,"$370,588"
1768,nfl,2017,,Byron Maxwell,SEA,CB,"$370,588"
1769,nfl,2017,1770,George Fant,SEA,T,"$369,666"
1770,nfl,2017,1771,Donavan Clark,LAC,G,"$369,524"
1771,nfl,2017,1772,Isaiah Ford,MIA,WR,"$367,575"
1772,nfl,2017,1773,Stephane Nembot,BAL,T,"$367,166"
1773,nfl,2017,1774,Devin Fuller,ATL,WR,"$366,446"
1774,nfl,2017,1775,DeAndre Elliot,SEA,CB,"$366,333"
1775,nfl,2017,1776,Dion Jordan,SEA,ED/DE,"$365,976"
1776,nfl,2017,1777,Antone Exum,SF,FS,"$365,294"
1777,nfl,2017,1778,Brenton Bersin,CAR,WR,"$365,292"
1778,nfl,2017,1779,Jeff Cumberland,LAC,TE,"$364,705"
1779,nfl,2017,,John Hughes,NO,ED/DE,"$364,705"
1780,nfl,2017,,Logan Paulsen,SF,TE,"$364,705"
1781,nfl,2017,1782,Kenneth Farrow,LAC,RB,"$364,666"
1782,nfl,2017,,Christian French,SEA,LB/OLB,"$364,666"
1783,nfl,2017,,Rico Gathers,DAL,TE,"$364,666"
1784,nfl,2017,1785,Keion Adams,PIT,ED/OLB,"$364,504"
1785,nfl,2017,1786,Keith Marshall,WAS,RB,"$364,387"
1786,nfl,2017,1787,Chad Kelly,DEN,QB,"$364,067"
1787,nfl,2017,,Mason Schreck,CIN,TE,"$364,067"
1788,nfl,2017,1789,Jack Allen,NO,T,"$363,000"
1789,nfl,2017,,Chris Barker,CLE,G,"$363,000"
1790,nfl,2017,,Jeff Driskel,CIN,QB,"$363,000"
1791,nfl,2017,,Dan France,CAR,G,"$363,000"
1792,nfl,2017,,Darius Jackson,CLE,RB,"$363,000"
1793,nfl,2017,,Edwin Jackson,IND,LB/ILB,"$363,000"
1794,nfl,2017,,Denver Kirkland,OAK,G,"$363,000"
1795,nfl,2017,,Davonte Lambert,TB,ED/DE,"$363,000"
1796,nfl,2017,,Chris Landrum,LAC,LB/OLB,"$363,000"
1797,nfl,2017,,Doug Middleton,NYJ,S,"$363,000"
1798,nfl,2017,,Victor Ochi,TEN,ED/OLB,"$363,000"
1799,nfl,2017,,Alex Tanney,TEN,QB,"$363,000"
1800,nfl,2017,,Shane Wynn,JAX,WR,"$363,000"
1801,nfl,2017,1802,Bam Bradley,BAL,LB/ILB,"$362,422"
1802,nfl,2017,1803,Leon Hall,SF,CB,"$361,765"
1803,nfl,2017,,Jelani Jenkins,HOU,ED/OLB,"$361,765"
1804,nfl,2017,,Sean Weatherspoon,ATL,LB/ILB,"$361,765"
1805,nfl,2017,1806,Geremy Davis,LAC,WR,"$361,764"
1806,nfl,2017,,Arie Kouandjio,WAS,G,"$361,764"
1807,nfl,2017,,Neal Sterling,NYJ,TE,"$361,764"
1808,nfl,2017,1809,Cole Luke,CAR,CB,"$358,206"
1809,nfl,2017,1810,Su'a Cravens,WAS,S,"$355,630"
1810,nfl,2017,1811,Jon Halapio,NYG,G,"$355,589"
1811,nfl,2017,1812,Isaiah Irving,CHI,ED/OLB,"$355,588"
1812,nfl,2017,1813,Reggie Porter,CLE,CB,"$355,231"
1813,nfl,2017,1814,Kasey Redfern,DET,P,"$354,873"
1814,nfl,2017,1815,Dominique Williams,PHI,WR,"$353,000"
1815,nfl,2017,1816,Dwight Freeney,DET,LB/OLB,"$352,941"
1816,nfl,2017,,Darrelle Revis,KC,CB,"$352,941"
1817,nfl,2017,,Pat Sims,CIN,DL/DT,"$352,941"
1818,nfl,2017,1819,Jimmie Gilbert,SF,LB/OLB,"$352,000"
1819,nfl,2017,,Ashton Lampkin,KC,CB,"$352,000"
1820,nfl,2017,1821,Aziz Shittu,PHI,DL/DT,"$351,750"
1821,nfl,2017,1822,Jessamen Dunker,NYG,T,"$351,333"
1822,nfl,2017,,Charmeachealle Moore,LAC,LB/OLB,"$351,333"
1823,nfl,2017,,Fred Ross,CAR,WR,"$351,333"
1824,nfl,2017,,Jordan Sterns,KC,S,"$351,333"
1825,nfl,2017,1826,Devin Chappell,KC,CB,"$350,666"
1826,nfl,2017,,Matt Godin,HOU,DL/DE,"$350,666"
1827,nfl,2017,1828,Keith Towbridge,BUF,TE,"$350,500"
1828,nfl,2017,1829,Kevin Bowen,WAS,T,"$350,333"
1829,nfl,2017,,Brandon Kublanow,BAL,T,"$350,333"
1830,nfl,2017,1831,Tim White,BAL,WR,"$350,000"
1831,nfl,2017,1832,Brisly Estime,NYJ,WR,"$349,666"
1832,nfl,2017,,Cole Gardner,TB,T,"$349,666"
1833,nfl,2017,,Des Lawrence,DET,CB,"$349,666"
1834,nfl,2017,,I'Tavius Mathers,JAX,RB,"$349,666"
1835,nfl,2017,,Donavin Newsom,SF,LB/ILB,"$349,666"
1836,nfl,2017,,Shaan Washington,MIN,LB/ILB,"$349,666"
1837,nfl,2017,1838,Richard Ash,DAL,DL/DT,"$349,415"
1838,nfl,2017,,Josh Ferguson,IND,RB,"$349,415"
1839,nfl,2017,1840,Daniel Lasco,NO,RB,"$349,411"
1840,nfl,2017,1841,Josh Banks,NYG,DL/DT,"$348,833"
1841,nfl,2017,,Lenard Tillery,LAR,RB,"$348,833"
1842,nfl,2017,1843,Randall Goforth,PHI,S,"$348,666"
1843,nfl,2017,,Deante' Gray,HOU,WR,"$348,666"
1844,nfl,2017,1845,Devaroe Lawrence,NO,DL/DT,"$348,500"
1845,nfl,2017,1846,Keith Baxter,KC,CB,"$348,000"
1846,nfl,2017,,Tra Carson,CIN,RB,"$348,000"
1847,nfl,2017,,Brandon Chubb,DET,LB/ILB,"$348,000"
1848,nfl,2017,,Antonio Crawford,PIT,CB,"$348,000"
1849,nfl,2017,,Keionta Davis,NE,ED/DE,"$348,000"
1850,nfl,2017,,Jarrod Harper,JAX,S,"$348,000"
1851,nfl,2017,,Drew Iddings,CAR,ED/DE,"$348,000"
1852,nfl,2017,,Martin Ifedi,ATL,ED/DE,"$348,000"
1853,nfl,2017,,Chanceller James,SF,S,"$348,000"
1854,nfl,2017,,Andrew Jelks,NE,T,"$348,000"
1855,nfl,2017,,Keeon Johnson,NYG,WR,"$348,000"
1856,nfl,2017,,Bryson Keeton,NYJ,CB,"$348,000"
1857,nfl,2017,,Caleb Kidder,NE,ED/DE,"$348,000"
1858,nfl,2017,,Mike Matthews,PIT,C,"$348,000"
1859,nfl,2017,,Quincy Mauger,ATL,S,"$348,000"
1860,nfl,2017,,Jordan Simone,SEA,S,"$348,000"
1861,nfl,2017,,David Talley,GB,ED/OLB,"$348,000"
1862,nfl,2017,,Duke Thomas,DAL,S,"$348,000"
1863,nfl,2017,,Tyrus Thompson,SEA,T,"$348,000"
1864,nfl,2017,,Herb Waters,GB,WR,"$348,000"
1865,nfl,2017,,Ishaq Williams,NYG,LB/OLB,"$348,000"
1866,nfl,2017,,Ronald Zamort,ARI,CB,"$348,000"
1867,nfl,2017,1868,David Parry,NO,DL/DT,"$347,471"
1868,nfl,2017,1869,Donte Deayon,NYG,S,"$328,236"
1869,nfl,2017,,Marvin Hall,ATL,WR,"$328,236"
1870,nfl,2017,1871,Xavier Coleman,NYJ,CB,"$328,235"
1871,nfl,2017,,Cole Hikutini,SF,TE,"$328,235"
1872,nfl,2017,,Travis Rudolph,NYG,WR,"$328,235"
1873,nfl,2017,1874,Jay Ajayi,PHI,RB,"$325,588"
1874,nfl,2017,,Angelo Blackson,HOU,DL/DE,"$325,588"
1875,nfl,2017,,Tyreek Burwell,IND,T,"$325,588"
1876,nfl,2017,,Xavier Cooper,NYJ,DL/DE,"$325,588"
1877,nfl,2017,,Arthur Jones,WAS,DL/DT,"$325,588"
1878,nfl,2017,,Josh Keyes,CLE,LB/ILB,"$325,588"
1879,nfl,2017,,Kendall Lamm,HOU,RT,"$325,588"
1880,nfl,2017,1881,Cyrus Kouandjio,DEN,RT,"$324,705"
1881,nfl,2017,1882,Taybor Pepper,GB,LS,"$320,995"
1882,nfl,2017,1883,Akeem Ayers,NYG,LB/OLB,"$319,117"
1883,nfl,2017,,Matt Barkley,ARI,QB,"$319,117"
1884,nfl,2017,1885,Kaelin Clay,CAR,WR,"$317,650"
1885,nfl,2017,,Lafayette Pitts,BUF,CB,"$317,650"
1886,nfl,2017,1887,Matt Lengel,CLE,TE,"$317,647"
1887,nfl,2017,1888,Jerrol Garcia-Williams,DEN,LB/ILB,"$300,883"
1888,nfl,2017,,Nate Gerry,PHI,LB/OLB,"$300,883"
1889,nfl,2017,,Garrett Gilbert,CAR,QB,"$300,883"
1890,nfl,2017,,Jaydon Mickens,JAX,WR,"$300,883"
1891,nfl,2017,,Jermaine Whitehead,GB,FS,"$300,883"
1892,nfl,2017,,Elijah Wilkinson,DEN,T,"$300,883"
1893,nfl,2017,1894,Krishawn Hogan,IND,WR,"$300,346"
1894,nfl,2017,1895,Louis Murphy,SF,WR,"$289,412"
1895,nfl,2017,1896,Deontae Skinner,NYG,LB/OLB,"$289,411"
1896,nfl,2017,,Derron Smith,CLE,SS,"$289,411"
1897,nfl,2017,1898,Rashard Robinson,NYJ,CB,"$285,882"
1898,nfl,2017,,Nate Sudfeld,PHI,QB,"$285,882"
1899,nfl,2017,,D.J. White,IND,CB,"$285,882"
1900,nfl,2017,1901,Mack Brown,MIN,RB,"$285,880"
1901,nfl,2017,1902,Blake Jarwin,DAL,TE,"$282,396"
1902,nfl,2017,1903,Chris Hairston,LAC,LT,"$275,000"
1903,nfl,2017,1904,Deon Lacey,BUF,LB/OLB,"$273,530"
1904,nfl,2017,1905,Andre Ellington,HOU,RB,"$273,529"
1905,nfl,2017,,Cameron Tom,NO,G,"$273,529"
1906,nfl,2017,1907,Randy Gregory,DAL,LB/OLB,"$258,624"
1907,nfl,2017,1908,Ben Braunecker,CHI,TE,"$254,120"
1908,nfl,2017,,Joey Mbu,IND,DL/DT,"$254,120"
1909,nfl,2017,1910,Maurice Harris,WAS,WR,"$254,117"
1910,nfl,2017,,Max Tuerk,ARI,C,"$254,117"
1911,nfl,2017,1912,William Beatty,PHI,LT,"$253,235"
1912,nfl,2017,,Mike Davis,SEA,RB,"$253,235"
1913,nfl,2017,,Andrew Donnal,BAL,RT,"$253,235"
1914,nfl,2017,,Freddie Martino,TB,WR,"$253,235"
1915,nfl,2017,,Zach Vigil,WAS,ED/OLB,"$253,235"
1916,nfl,2017,1917,Deiontrez Mount,DEN,ED/OLB,"$253,232"
1917,nfl,2017,1918,Jonathan Williams,NO,RB,"$247,353"
1918,nfl,2017,1919,Bryson Albright,ARI,ED/OLB,"$246,177"
1919,nfl,2017,,Donatello Brown,GB,CB,"$246,177"
1920,nfl,2017,,Maurquice Shakir,BAL,G,"$246,177"
1921,nfl,2017,,Darrell Williams,SF,T,"$246,177"
1922,nfl,2017,1923,Greg Mabin,SF,CB,"$246,176"
1923,nfl,2017,1924,Luke Stocker,TEN,TE,"$244,853"
1924,nfl,2017,1925,Cairo Santos,CHI,K,"$243,529"
1925,nfl,2017,,Fitz Toussaint,PIT,RB,"$243,529"
1926,nfl,2017,1927,Cassius Marsh,SF,LB/OLB,"$243,528"
1927,nfl,2017,1928,Mike Nugent,CHI,K,"$235,294"
1928,nfl,2017,1929,Tim Barnes,SF,C,"$227,941"
1929,nfl,2017,,Darryl Morris,NYG,CB,"$227,941"
1930,nfl,2017,1931,Byron Marshall,WAS,RB,"$222,352"
1931,nfl,2017,,Hardy Nickerson Jr.,CIN,LB/ILB,"$222,352"
1932,nfl,2017,,Kalif Raymond,NYG,WR,"$222,352"
1933,nfl,2017,1934,Jojo Natson,NYJ,WR,"$218,824"
1934,nfl,2017,,Daniel Ross,DAL,ED/DE,"$218,824"
1935,nfl,2017,,Shane Smith,NYG,FB,"$218,824"
1936,nfl,2017,,Zach Sterup,MIA,T,"$218,824"
1937,nfl,2017,1938,Josh Forrest,SEA,LB/ILB,"$218,823"
1938,nfl,2017,,Joe Jones,DEN,ED/OLB,"$218,823"
1939,nfl,2017,,Lewis Neal,DAL,ED/DE,"$218,823"
1940,nfl,2017,,Brandon Wilson,CIN,S,"$218,823"
1941,nfl,2017,1942,A.J. Francis,WAS,DL/DE,"$217,058"
1942,nfl,2017,,Neville Hewitt,MIA,LB/OLB,"$217,058"
1943,nfl,2017,,Demetrius Rhaney,WAS,C,"$217,058"
1944,nfl,2017,1945,Orson Charles,KC,FB,"$202,940"
1945,nfl,2017,1946,Jermaine Grace,IND,ED/OLB,"$191,471"
1946,nfl,2017,,Brian Hill,CIN,RB,"$191,471"
1947,nfl,2017,,Colin Holba,JAX,LS,"$191,471"
1948,nfl,2017,,Larry Pinkard,JAX,WR,"$191,471"
1949,nfl,2017,,Austin Traylor,DEN,TE,"$191,471"
1950,nfl,2017,1951,Tyler Catalina,WAS,T,"$191,470"
1951,nfl,2017,1952,Sheldon Day,SF,DL/DT,"$190,590"
1952,nfl,2017,,Cobi Hamilton,HOU,WR,"$190,590"
1953,nfl,2017,1954,Kyle Peko,DEN,DL/DT,"$190,588"
1954,nfl,2017,,Christian Ringo,DET,DL/DT,"$190,588"
1955,nfl,2017,1956,Leon McFadden,ATL,CB,"$182,352"
1956,nfl,2017,,Sean Spence,PIT,LB/ILB,"$182,352"
1957,nfl,2017,1958,Geno Grissom,NE,ED/DE,"$180,882"
1958,nfl,2017,,Lamarr Houston,CHI,ED/OLB,"$180,882"
1959,nfl,2017,,Datone Jones,DAL,ED/DE,"$180,882"
1960,nfl,2017,,Bradley Marquez,DET,WR,"$180,882"
1961,nfl,2017,,Zach Moore,CAR,ED/DE,"$180,882"
1962,nfl,2017,1963,A.J. Derby,MIA,TE,"$180,880"
1963,nfl,2017,1964,Khalif Barnes,ARI,LT,"$176,470"
1964,nfl,2017,1965,LeShun Daniels,WAS,RB,"$164,118"
1965,nfl,2017,,Eric Lee,NE,ED/DE,"$164,118"
1966,nfl,2017,,David Moore,SEA,WR,"$164,118"
1967,nfl,2017,,Kevin Peterson,LAR,CB,"$164,118"
1968,nfl,2017,,Jason Vander Laan,IND,TE,"$164,118"
1969,nfl,2017,1970,Alan Cross,TB,TE,"$158,825"
1970,nfl,2017,,Brandon Dixon,NYG,CB,"$158,825"
1971,nfl,2017,,Gabe Martin,ARI,LB/ILB,"$158,825"
1972,nfl,2017,,Carlos Thompson,LAR,ED/OLB,"$158,825"
1973,nfl,2017,,Ross Travis,IND,TE,"$158,825"
1974,nfl,2017,1975,Bryan Braman,PHI,LB/OLB,"$158,823"
1975,nfl,2017,,Kenny Britt,NE,WR,"$158,823"
1976,nfl,2017,,Anthony Fabiano,IND,T,"$158,823"
1977,nfl,2017,,Nicholas Grigsby,NE,LB/ILB,"$158,823"
1978,nfl,2017,,Ricky Jean Francois,NE,DL/DT,"$158,823"
1979,nfl,2017,1980,Anthony Johnson,IND,DL/DE,"$144,705"
1980,nfl,2017,,Howard Jones,CHI,ED/OLB,"$144,705"
1981,nfl,2017,,Matt Jones,IND,RB,"$144,705"
1982,nfl,2017,,Cameron Lynch,LAR,ED/OLB,"$144,705"
1983,nfl,2017,,MyCole Pruitt,HOU,TE,"$144,705"
1984,nfl,2017,1985,K.J. Brent,IND,WR,"$136,765"
1985,nfl,2017,,Michael Clark,GB,WR,"$136,765"
1986,nfl,2017,,Garrett Griffin,NO,TE,"$136,765"
1987,nfl,2017,,LaTroy Lewis,HOU,LB/ILB,"$136,765"
1988,nfl,2017,,Michael Liedtke,TB,G,"$136,765"
1989,nfl,2017,,Cameron Malveaux,MIA,ED/DE,"$136,765"
1990,nfl,2017,,Arthur Maulet,NO,CB,"$136,765"
1991,nfl,2017,,Jeremy McNichols,SF,RB,"$136,765"
1992,nfl,2017,,Pat O'Connor,TB,ED/DE,"$136,765"
1993,nfl,2017,,Carroll Phillips,JAX,LB/OLB,"$136,765"
1994,nfl,2017,,Gimel President,HOU,ED/OLB,"$136,765"
1995,nfl,2017,,Marcus Rios,DEN,CB,"$136,765"
1996,nfl,2017,,Chad Slade,HOU,G,"$136,765"
1997,nfl,2017,,De'Veon Smith,MIA,RB,"$136,765"
1998,nfl,2017,,Isaac Whitney,OAK,WR,"$136,765"
1999,nfl,2017,,Bobo Wilson,TB,WR,"$136,765"
2000,nfl,2017,2001,Lavar Edwards,CLE,ED/DE,"$136,764"
2001,nfl,2017,,Jonathan Freeny,NO,LB/OLB,"$136,764"
2002,nfl,2017,,George Johnson,NO,ED/DE,"$136,764"
2003,nfl,2017,2004,Stanley Jean-Baptiste,BAL,CB,"$127,060"
2004,nfl,2017,2005,Joey Hunt,SEA,C,"$127,058"
2005,nfl,2017,,Harlan Miller,ARI,CB,"$127,058"
2006,nfl,2017,,Darius Powe,NYG,WR,"$127,058"
2007,nfl,2017,2008,Nordly Capi,BUF,LB/OLB,"$109,412"
2008,nfl,2017,,Josh Carraway,TEN,ED/OLB,"$109,412"
2009,nfl,2017,,Rashaad Coward,CHI,DL/DT,"$109,412"
2010,nfl,2017,,Justin Currie,CLE,SS,"$109,412"
2011,nfl,2017,,Robert Davis,WAS,WR,"$109,412"
2012,nfl,2017,,Justin Hamilton,KC,DL/DT,"$109,412"
2013,nfl,2017,,Kyle Kalis,WAS,T,"$109,412"
2014,nfl,2017,,Cameron Lee,CHI,G,"$109,412"
2015,nfl,2017,,Tony McRae,CIN,CB,"$109,412"
2016,nfl,2017,,Brandon Reilly,BUF,WR,"$109,412"
2017,nfl,2017,,DeAndrew White,HOU,WR,"$109,412"
2018,nfl,2017,2019,Taylor Heinicke,HOU,QB,"$108,529"
2019,nfl,2017,,Isaiah Johnson,LAR,FS,"$108,529"
2020,nfl,2017,,Craig Mager,LAC,CB,"$108,529"
2021,nfl,2017,,Keith Reaser,KC,CB,"$108,529"
2022,nfl,2017,2023,Kapri Bibbs,WAS,RB,"$108,528"
2023,nfl,2017,2024,Sterling Moore,NO,CB,"$105,882"
2024,nfl,2017,2025,C.J. Goodwin,ARI,S,"$95,295"
2025,nfl,2017,2026,Paul Dawson,SEA,LB/OLB,"$95,294"
2026,nfl,2017,,Matt Hazel,CLE,WR,"$95,294"
2027,nfl,2017,,Gabe Holmes,ARI,TE,"$95,294"
2028,nfl,2017,,Darius Latham,OAK,DL/DT,"$95,294"
2029,nfl,2017,,Vinston Painter,ARI,RT,"$95,294"
2030,nfl,2017,,Tyvis Powell,SF,S,"$95,294"
2031,nfl,2017,,C.J. Smith,CLE,CB,"$95,294"
2032,nfl,2017,,Garrison Smith,SEA,ED/DE,"$95,294"
2033,nfl,2017,,Trey Williams,DAL,RB,"$95,294"
2034,nfl,2017,2035,J.J. Dielman,DEN,C,"$89,559"
2035,nfl,2017,2036,Brandon Bell,CIN,LB/OLB,"$82,059"
2036,nfl,2017,,Riley Bullough,TB,LB/ILB,"$82,059"
2037,nfl,2017,,Kyle Carter,MIN,TE,"$82,059"
2038,nfl,2017,,Rodney Coe,DET,DL/DT,"$82,059"
2039,nfl,2017,,Geoff Gray,CLE,T,"$82,059"
2040,nfl,2017,,Akeem Judd,NYJ,RB,"$82,059"
2041,nfl,2017,,Matt LaCosse,DEN,TE,"$82,059"
2042,nfl,2017,,Damien Mama,NYG,T,"$82,059"
2043,nfl,2017,,Max McCaffrey,SF,WR,"$82,059"
2044,nfl,2017,,Leon McQuay III,KC,S,"$82,059"
2045,nfl,2017,,Ryan Murphy,NYG,FS,"$82,059"
2046,nfl,2017,,Otha Peters,WAS,ED/OLB,"$82,059"
2047,nfl,2017,,Pete Robertson,WAS,ED/OLB,"$82,059"
2048,nfl,2017,,Isaac Rochell,LAC,DL/DT,"$82,059"
2049,nfl,2017,,Hunter Sharp,NYG,WR,"$82,059"
2050,nfl,2017,,Dymonte Thomas,DEN,S,"$82,059"
2051,nfl,2017,,Michael Tyson,SEA,CB,"$82,059"
2052,nfl,2017,,Jarveon Williams,CIN,RB,"$82,059"
2053,nfl,2017,2054,Breon Borders,BUF,CB,"$82,058"
2054,nfl,2017,2055,Adam Gettis,TB,G,"$81,176"
2055,nfl,2017,,Caraun Reid,IND,DL/DE,"$81,176"
2056,nfl,2017,2057,Stevan Ridley,PIT,RB,"$72,353"
2057,nfl,2017,2058,Jonathan Anderson,CHI,LB/ILB,"$72,352"
2058,nfl,2017,,Ibraheim Campbell,HOU,SS,"$72,352"
2059,nfl,2017,,Ian Silberman,OAK,G,"$72,352"
2060,nfl,2017,,James Stone,OAK,C,"$72,352"
2061,nfl,2017,,Jaelen Strong,JAX,WR,"$72,352"
2062,nfl,2017,2063,Mark Glowinski,IND,G,"$68,333"
2063,nfl,2017,2064,Joe Callahan,GB,QB,"$63,530"
2064,nfl,2017,,Jeremy Cash,CLE,LB/OLB,"$63,530"
2065,nfl,2017,,Ronald Martin,IND,SS,"$63,530"
2066,nfl,2017,2067,Bronson Hill,ARI,RB,"$63,529"
2067,nfl,2017,,Michael Hunter,DEN,CB,"$63,529"
2068,nfl,2017,2069,James Harrison,NE,LB/OLB,"$58,823"
2069,nfl,2017,,Tony McDaniel,NO,DL/DT,"$58,823"
2070,nfl,2017,2071,Pharaoh Brown,OAK,TE,"$54,706"
2071,nfl,2017,,Jarrod Clements,HOU,DL/DT,"$54,706"
2072,nfl,2017,,Thomas Duarte,MIA,TE,"$54,706"
2073,nfl,2017,,Jerod Evans,GB,QB,"$54,706"
2074,nfl,2017,,Sam Ficken,LAR,K,"$54,706"
2075,nfl,2017,,Mose Frazier,CAR,WR,"$54,706"
2076,nfl,2017,,Reggie Gilbert,GB,DL/DE,"$54,706"
2077,nfl,2017,,Brandon Greene,CHI,T,"$54,706"
2078,nfl,2017,,Nigel Harris,TB,LB/OLB,"$54,706"
2079,nfl,2017,,Isaiah Johnson,TB,S,"$54,706"
2080,nfl,2017,,Andy Jones,DET,WR,"$54,706"
2081,nfl,2017,,Ryan Malleck,HOU,TE,"$54,706"
2082,nfl,2017,,Justin Murray,CIN,T,"$54,706"
2083,nfl,2017,,Dare Ogunbowale,WAS,RB,"$54,706"
2084,nfl,2017,,Kent Perkins,CIN,G,"$54,706"
2085,nfl,2017,,David Quessenberry,HOU,LT,"$54,706"
2086,nfl,2017,,David Rivers III,TB,CB,"$54,706"
2087,nfl,2017,,Nick Rose,LAC,K,"$54,706"
2088,nfl,2017,,Brady Sheldon,OAK,ED/OLB,"$54,706"
2089,nfl,2017,,Fish Smithson,WAS,S,"$54,706"
2090,nfl,2017,,Channing Ward,TB,ED/DE,"$54,706"
2091,nfl,2017,2092,Josh Johnson,HOU,QB,"$52,941"
2092,nfl,2017,2093,Nick Becton,NYG,LT,"$40,588"
2093,nfl,2017,,Kasim Edebali,NO,LB/OLB,"$40,588"
2094,nfl,2017,2095,Marcus Murphy,BUF,RB,"$36,176"
2095,nfl,2017,,Edmond Robinson,ARI,ED/OLB,"$36,176"
2096,nfl,2017,,Deon Simon,NYJ,DL/DT,"$36,176"
2097,nfl,2017,,Lucky Whitehead,NYJ,WR,"$36,176"
2098,nfl,2017,2099,Marquis Bundy,NYG,WR,"$31,765"
2099,nfl,2017,,Cornelius Edison,MIN,C,"$31,765"
2100,nfl,2017,,Russell Hansbrough,LAC,RB,"$31,765"
2101,nfl,2017,,Joe Kerridge,GB,FB,"$31,765"
2102,nfl,2017,,Ryan O'Malley,NYG,TE,"$31,765"
2103,nfl,2017,,Rashawn Scott,MIA,WR,"$31,765"
2104,nfl,2017,,Hakeem Valles,DET,TE,"$31,765"
2105,nfl,2017,2106,Gabe Wright,MIA,DL/DT,"$31,764"
2106,nfl,2017,2107,Quincy Adeboyejo,BAL,WR,"$27,353"
2107,nfl,2017,,Jace Billingsley,DET,WR,"$27,353"
2108,nfl,2017,,Adam Bisnowaty,NYG,T,"$27,353"
2109,nfl,2017,,Emanuel Byrd,GB,TE,"$27,353"
2110,nfl,2017,,Montay Crockett,JAX,WR,"$27,353"
2111,nfl,2017,,Malachi Dupre,BUF,WR,"$27,353"
2112,nfl,2017,,Kadeem Edwards,DAL,G,"$27,353"
2113,nfl,2017,,Trae Elston,MIA,S,"$27,353"
2114,nfl,2017,,John Fullington,NO,G,"$27,353"
2115,nfl,2017,,Manasseh Garner,WAS,RB,"$27,353"
2116,nfl,2017,,Rickey Hatley,BUF,DL/DT,"$27,353"
2117,nfl,2017,,Tre'Von Johnson,DAL,LB/OLB,"$27,353"
2118,nfl,2017,,Brad Kaaya,IND,QB,"$27,353"
2119,nfl,2017,,Lance Lenoir,DAL,WR,"$27,353"
2120,nfl,2017,,Derrick Mathews,NYG,LB/ILB,"$27,353"
2121,nfl,2017,,Khalfani Muhammad,TEN,RB,"$27,353"
2122,nfl,2017,,Aaron Neary,LAR,T,"$27,353"
2123,nfl,2017,,Jeff Overbaugh,MIN,LS,"$27,353"
2124,nfl,2017,,Garrett Sickels,LAR,ED/OLB,"$27,353"
2125,nfl,2017,,Tyrone Swoopes,SEA,TE,"$27,353"
2126,nfl,2017,,Jahad Thomas,NYJ,RB,"$27,353"
2127,nfl,2017,,Marquez Williams,CLE,FB,"$27,353"
2128,nfl,2017,2129,Demetri Goodson,GB,CB,"$25,788"
2129,nfl,2017,2130,Jamil Douglas,ATL,C,"$20,470"
2130,nfl,2017,1,QB,,,22
2131,nfl,2017,2,OL,,,15
2132,nfl,2017,3,ED,,,14
2133,nfl,2017,4,WR,,,14
2134,nfl,2017,5,DL,,,13
2135,nfl,2017,6,CB,,,10
2136,nfl,2017,7,LB,,,5
2137,nfl,2017,8,TE,,,3
2138,nfl,2017,9,S,,,2
2139,nfl,2017,10,RB,,,2
2140,nfl,2017,1,ARI,,,6
2141,nfl,2017,2,CAR,,,5
2142,nfl,2017,3,DEN,,,5
2143,nfl,2017,4,GB,,,5
2144,nfl,2017,5,IND,,,5
2145,nfl,2017,6,LAR,,,5
2146,nfl,2017,7,PIT,,,5
2147,nfl,2017,8,SEA,,,5
2148,nfl,2017,9,BUF,,,4
2149,nfl,2017,10,NYG,,,4
2150,nfl,2017,11,WAS,,,4
2151,nfl,2017,12,ATL,,,3
2152,nfl,2017,13,CIN,,,3
2153,nfl,2017,14,CLE,,,3
2154,nfl,2017,15,DAL,,,3
2155,nfl,2017,16,DET,,,3
2156,nfl,2017,17,JAX,,,3
2157,nfl,2017,18,MIA,,,3
2158,nfl,2017,19,NE,,,3
2159,nfl,2017,20,OAK,,,3
2160,nfl,2017,21,CHI,,,2
2161,nfl,2017,22,HOU,,,2
2162,nfl,2017,23,KC,,,2
2163,nfl,2017,24,LAC,,,2
2164,nfl,2017,25,MIN,,,2
2165,nfl,2017,26,NO,,,2
2166,nfl,2017,27,PHI,,,2
2167,nfl,2017,28,TB,,,2
2168,nfl,2017,29,BAL,,,1
2169,nfl,2017,30,NYJ,,,1
2170,nfl,2017,31,SF,,,1
2171,nfl,2017,32,TEN,,,1
2172,nfl,2017,1,QB,,,22
2173,nfl,2017,2,OL,,,15
2174,nfl,2017,3,ED,,,14
2175,nfl,2017,4,WR,,,14
2176,nfl,2017,5,DL,,,13
2177,nfl,2017,6,CB,,,10
2178,nfl,2017,7,LB,,,5
2179,nfl,2017,8,TE,,,3
2180,nfl,2017,9,S,,,2
2181,nfl,2017,10,RB,,,2
2182,nfl,2017,1,ARI,,,6
2183,nfl,2017,2,CAR,,,5
2184,nfl,2017,3,DEN,,,5
2185,nfl,2017,4,GB,,,5
2186,nfl,2017,5,IND,,,5
2187,nfl,2017,6,LAR,,,5
2188,nfl,2017,7,PIT,,,5
2189,nfl,2017,8,SEA,,,5
2190,nfl,2017,9,BUF,,,4
2191,nfl,2017,10,NYG,,,4
2192,nfl,2017,11,WAS,,,4
2193,nfl,2017,12,ATL,,,3
2194,nfl,2017,13,CIN,,,3
2195,nfl,2017,14,CLE,,,3
2196,nfl,2017,15,DAL,,,3
2197,nfl,2017,16,DET,,,3
2198,nfl,2017,17,JAX,,,3
2199,nfl,2017,18,MIA,,,3
2200,nfl,2017,19,NE,,,3
2201,nfl,2017,20,OAK,,,3
2202,nfl,2017,21,CHI,,,2
2203,nfl,2017,22,HOU,,,2
2204,nfl,2017,23,KC,,,2
2205,nfl,2017,24,LAC,,,2
2206,nfl,2017,25,MIN,,,2
2207,nfl,2017,26,NO,,,2
2208,nfl,2017,27,PHI,,,2
2209,nfl,2017,28,TB,,,2
2210,nfl,2017,29,BAL,,,1
2211,nfl,2017,30,NYJ,,,1
2212,nfl,2017,31,SF,,,1
2213,nfl,2017,32,TEN,,,1
