,league,season,rank,player,team,position,salary
0,nfl,2012,1,Dwight Freeney,IND,ED/OLB,"$19,035,000"
1,nfl,2012,2,Chris Long,STL,ED/DE,"$19,007,500"
2,nfl,2012,3,Peyton Manning,DEN,QB,"$18,000,000"
3,nfl,2012,4,Patrick Willis,SF,LB/ILB,"$17,777,332"
4,nfl,2012,5,Elvis Dumervil,DEN,LB/OLB,"$15,623,000"
5,nfl,2012,6,Sam Bradford,STL,QB,"$15,595,000"
6,nfl,2012,7,Vincent Jackson,TB,WR,"$15,432,000"
7,nfl,2012,8,Philip Rivers,SD,QB,"$15,310,000"
8,nfl,2012,9,Carl Nicks,TB,G,"$14,857,000"
9,nfl,2012,10,Larry Fitzgerald,ARI,WR,"$14,500,000"
10,nfl,2012,11,Tamba Hali,KC,ED/OLB,"$14,464,706"
11,nfl,2012,12,Jared Allen,MIN,ED/DE,"$14,403,194"
12,nfl,2012,13,Michael Vick,PHI,QB,"$13,900,000"
13,nfl,2012,14,Joe Thomas,CLE,LT,"$13,560,000"
14,nfl,2012,15,Matt Ryan,ATL,QB,"$13,500,000"
15,nfl,2012,16,Trent Williams,WAS,LT,"$12,980,393"
16,nfl,2012,17,Jake Long,MIA,LT,"$12,800,000"
17,nfl,2012,18,Adrian Peterson,MIN,RB,"$12,705,000"
18,nfl,2012,19,Julius Peppers,CHI,ED/DE,"$12,183,333"
19,nfl,2012,20,David Harris,NYJ,LB/ILB,"$12,000,000"
20,nfl,2012,21,Darrelle Revis,NYJ,CB,"$11,765,916"
21,nfl,2012,22,Calvin Johnson,DET,WR,"$11,750,000"
22,nfl,2012,23,Terrell Suggs,BAL,ED/OLB,"$11,520,000"
23,nfl,2012,24,Jordan Gross,CAR,LT,"$11,500,000"
24,nfl,2012,25,Chris Johnson,TEN,RB,"$11,370,002"
25,nfl,2012,26,Karlos Dansby,MIA,LB/ILB,"$11,325,000"
26,nfl,2012,27,Champ Bailey,DEN,CB,"$11,250,000"
27,nfl,2012,28,Matt Schaub,HOU,QB,"$11,150,000"
28,nfl,2012,29,Charles Woodson,GB,SS,"$11,062,500"
29,nfl,2012,30,Nnamdi Asomugha,PHI,CB,"$11,000,000"
30,nfl,2012,,Charles Johnson,CAR,ED/DE,"$11,000,000"
31,nfl,2012,32,Cliff Avril,DET,ED/DE,"$10,605,000"
32,nfl,2012,33,Kevin Kolb,ARI,QB,"$10,500,000"
33,nfl,2012,34,Drew Brees,NO,QB,"$10,400,000"
34,nfl,2012,,Haloti Ngata,BAL,DL/DT,"$10,400,000"
35,nfl,2012,36,Brent Grimes,ATL,CB,"$10,281,000"
36,nfl,2012,37,Chris Snee,NYG,G,"$10,000,000"
37,nfl,2012,38,Joe Haden,CLE,CB,"$9,987,280"
38,nfl,2012,39,Corey Webster,NYG,CB,"$9,845,000"
39,nfl,2012,40,Mario Williams,BUF,ED/DE,"$9,800,000"
40,nfl,2012,41,Chris Gamble,CAR,CB,"$9,750,000"
41,nfl,2012,42,Brian Urlacher,CHI,LB,"$9,700,000"
42,nfl,2012,43,Jay Cutler,CHI,QB,"$9,600,000"
43,nfl,2012,,Eli Manning,NYG,QB,"$9,600,000"
44,nfl,2012,45,Ed Reed,BAL,S,"$9,571,428"
45,nfl,2012,46,Dwayne Bowe,KC,WR,"$9,515,000"
46,nfl,2012,,Wes Welker,NE,WR,"$9,515,000"
47,nfl,2012,48,Tyson Jackson,KC,DL/DE,"$9,500,000"
48,nfl,2012,,Davin Joseph,TB,G,"$9,500,000"
49,nfl,2012,,Brandon Marshall,CHI,WR,"$9,500,000"
50,nfl,2012,51,Darren McFadden,OAK,RB,"$9,478,833"
51,nfl,2012,52,Gerald McCoy,TB,DL/DT,"$9,442,500"
52,nfl,2012,53,Ahtyba Rubin,CLE,DL/DT,"$9,375,000"
53,nfl,2012,54,Steven Jackson,STL,RB,"$9,279,000"
54,nfl,2012,55,Santonio Holmes,NYJ,WR,"$9,250,000"
55,nfl,2012,,Alex Smith,SF,QB,"$9,250,000"
56,nfl,2012,57,Troy Polamalu,PIT,S,"$9,137,500"
57,nfl,2012,58,Jerod Mayo,NE,LB/ILB,"$9,125,000"
58,nfl,2012,59,James Harrison,PIT,ED/OLB,"$9,030,000"
59,nfl,2012,60,Antrel Rolle,NYG,SS,"$9,000,000"
60,nfl,2012,,Antonio Smith,HOU,DL/DE,"$9,000,000"
61,nfl,2012,62,Russell Okung,SEA,LT,"$8,960,000"
62,nfl,2012,63,Matthew Stafford,DET,QB,"$8,935,000"
63,nfl,2012,64,Ben Roethlisberger,PIT,QB,"$8,895,000"
64,nfl,2012,65,Anthony Spencer,DAL,LB/OLB,"$8,856,000"
65,nfl,2012,66,Jason Peters,PHI,LT,"$8,834,000"
66,nfl,2012,67,Richard Seymour,OAK,DL/DT,"$8,808,000"
67,nfl,2012,68,Glenn Dorsey,KC,DL/DE,"$8,768,000"
68,nfl,2012,69,Marcedes Lewis,JAX,TE,"$8,750,000"
69,nfl,2012,70,DeAngelo Williams,CAR,RB,"$8,700,000"
70,nfl,2012,71,Vince Wilfork,NE,DL/DT,"$8,600,000"
71,nfl,2012,72,Leon Hall,CIN,CB,"$8,500,000"
72,nfl,2012,,Aaron Rodgers,GB,QB,"$8,500,000"
73,nfl,2012,74,Kevin Williams,MIN,DL/DT,"$8,416,666"
74,nfl,2012,75,Antonio Cromartie,NYJ,CB,"$8,250,000"
75,nfl,2012,76,Sidney Rice,SEA,WR,"$8,200,000"
76,nfl,2012,77,Darrius Heyward-Bey,OAK,WR,"$8,159,000"
77,nfl,2012,78,Jason Witten,DAL,TE,"$8,141,000"
78,nfl,2012,79,Tony Romo,DAL,QB,"$8,060,499"
79,nfl,2012,80,Eric Berry,KC,FS,"$8,045,500"
80,nfl,2012,81,Roddy White,ATL,WR,"$8,025,000"
81,nfl,2012,82,Tom Brady,NE,QB,"$8,000,000"
82,nfl,2012,,Joe Flacco,BAL,QB,"$8,000,000"
83,nfl,2012,,Brandon Flowers,KC,CB,"$8,000,000"
84,nfl,2012,,Arian Foster,HOU,RB,"$8,000,000"
85,nfl,2012,86,Greg Jennings,GB,WR,"$7,972,500"
86,nfl,2012,87,Chris Canty,NYG,ED/DE,"$7,950,000"
87,nfl,2012,88,Josh Freeman,TB,QB,"$7,915,000"
88,nfl,2012,89,Mark Sanchez,NYJ,QB,"$7,853,125"
89,nfl,2012,90,Chad Greenway,MIN,LB/OLB,"$7,700,000"
90,nfl,2012,91,Eric Weddle,SD,FS,"$7,600,000"
91,nfl,2012,92,Matt Cassel,KC,QB,"$7,575,000"
92,nfl,2012,93,Sedrick Ellis,NO,DL/DT,"$7,566,000"
93,nfl,2012,94,DeMarcus Ware,DAL,LB/OLB,"$7,546,750"
94,nfl,2012,95,Anquan Boldin,BAL,WR,"$7,531,250"
95,nfl,2012,96,Ryan Mathews,SD,RB,"$7,530,300"
96,nfl,2012,97,Steve Smith,CAR,WR,"$7,513,111"
97,nfl,2012,98,Matt Hasselbeck,TEN,QB,"$7,500,000"
98,nfl,2012,99,Andre Johnson,HOU,WR,"$7,494,668"
99,nfl,2012,100,Dunta Robinson,ATL,CB,"$7,400,000"
100,nfl,2012,,Tramon Williams,GB,CB,"$7,400,000"
101,nfl,2012,102,Calvin Pace,NYJ,ED/OLB,"$7,348,333"
102,nfl,2012,103,Michael Roos,TEN,LT,"$7,250,000"
103,nfl,2012,104,Heath Miller,PIT,TE,"$7,070,500"
104,nfl,2012,105,Ray Lewis,BAL,LB,"$7,000,000"
105,nfl,2012,,Logan Mankins,NE,G,"$7,000,000"
106,nfl,2012,,Zach Miller,SEA,TE,"$7,000,000"
107,nfl,2012,,Paul Posluszny,JAX,LB/OLB,"$7,000,000"
108,nfl,2012,,Michael Turner,ATL,RB,"$7,000,000"
109,nfl,2012,110,Jon Beason,CAR,LB/ILB,"$6,889,554"
110,nfl,2012,111,Vernon Davis,SF,TE,"$6,876,478"
111,nfl,2012,112,Matt Forte,CHI,RB,"$6,800,000"
112,nfl,2012,113,Jermon Bushrod,NO,G,"$6,750,000"
113,nfl,2012,,Bart Scott,NYJ,LB,"$6,750,000"
114,nfl,2012,,Andrew Whitworth,CIN,LT,"$6,750,000"
115,nfl,2012,116,Darnell Dockett,ARI,DL/DE,"$6,650,000"
116,nfl,2012,117,Justin Smith,SF,DL/DE,"$6,575,000"
117,nfl,2012,118,Ndamukong Suh,DET,DL/DT,"$6,562,500"
118,nfl,2012,119,A.J. Hawk,GB,ED/OLB,"$6,550,000"
119,nfl,2012,120,Andre Smith,CIN,G,"$6,508,000"
120,nfl,2012,121,DeAngelo Hall,WAS,CB,"$6,500,000"
121,nfl,2012,,D.J. Williams,DEN,LB/ILB,"$6,500,000"
122,nfl,2012,123,Donald Penn,TB,LT,"$6,433,333"
123,nfl,2012,124,Antonio Gates,SD,TE,"$6,362,500"
124,nfl,2012,125,Roman Harper,NO,SS,"$6,350,000"
125,nfl,2012,126,Maurice Jones-Drew,JAX,RB,"$6,300,000"
126,nfl,2012,127,Robert Geathers,CIN,ED/DE,"$6,233,333"
127,nfl,2012,128,Antoine Bethea,IND,SS,"$6,225,000"
128,nfl,2012,129,Dashon Goldson,SF,FS,"$6,212,000"
129,nfl,2012,130,D'Qwell Jackson,CLE,LB/ILB,"$6,200,000"
130,nfl,2012,131,Eric Wright,TB,CB,"$6,044,117"
131,nfl,2012,132,Will Smith,NO,LB/OLB,"$6,033,333"
132,nfl,2012,133,Reggie Bush,MIA,RB,"$6,025,000"
133,nfl,2012,134,Cortland Finnegan,STL,CB,"$6,000,000"
134,nfl,2012,,Ryan Fitzpatrick,BUF,QB,"$6,000,000"
135,nfl,2012,,Frank Gore,SF,RB,"$6,000,000"
136,nfl,2012,,Johnathan Joseph,HOU,CB,"$6,000,000"
137,nfl,2012,,David Stewart,TEN,RT,"$6,000,000"
138,nfl,2012,139,Kyle Williams,BUF,DL/DT,"$5,950,000"
139,nfl,2012,140,Tony Gonzalez,ATL,TE,"$5,915,625"
140,nfl,2012,141,Stanford Routt,KC,CB,"$5,887,500"
141,nfl,2012,142,Trent Cole,PHI,LB/OLB,"$5,850,000"
142,nfl,2012,143,Ryan Clady,DEN,LT,"$5,829,375"
143,nfl,2012,144,Jason Babin,JAX,ED/DE,"$5,750,000"
144,nfl,2012,,Quincy Black,TB,LB,"$5,750,000"
145,nfl,2012,,Robert Mathis,IND,ED/OLB,"$5,750,000"
146,nfl,2012,147,Ryan Pickett,GB,DL/DT,"$5,737,500"
147,nfl,2012,148,Shaun Phillips,SD,DL/DE,"$5,666,667"
148,nfl,2012,149,Jay Ratliff,DAL,DL/DT,"$5,600,000"
149,nfl,2012,150,Nate Clements,CIN,CB,"$5,500,000"
150,nfl,2012,,Marshawn Lynch,SEA,RB,"$5,500,000"
151,nfl,2012,,Daryl Smith,JAX,LB/ILB,"$5,500,000"
152,nfl,2012,153,B.J. Raji,GB,DL/DT,"$5,455,000"
153,nfl,2012,154,Michael Huff,OAK,S,"$5,448,750"
154,nfl,2012,155,Fred Davis,WAS,TE,"$5,446,000"
155,nfl,2012,156,Tommy Kelly,OAK,DL/DT,"$5,433,266"
156,nfl,2012,157,Dominic Raiola,DET,C,"$5,412,500"
157,nfl,2012,158,Michael Boley,NYG,LB,"$5,400,000"
158,nfl,2012,159,Ryan Kalil,CAR,C,"$5,350,000"
159,nfl,2012,,Justin Tuck,NYG,ED/DE,"$5,350,000"
160,nfl,2012,161,Kevin Burnett,MIA,LB/OLB,"$5,300,000"
161,nfl,2012,162,Eugene Amano,TEN,C,"$5,250,000"
162,nfl,2012,,Sheldon Brown,CLE,CB,"$5,250,000"
163,nfl,2012,,Owen Daniels,HOU,TE,"$5,250,000"
164,nfl,2012,165,Nick Mangold,NYJ,C,"$5,240,100"
165,nfl,2012,166,Charles Tillman,CHI,CB,"$5,216,668"
166,nfl,2012,167,Brett Keisel,PIT,DL/DE,"$5,175,000"
167,nfl,2012,168,Chris Kelsay,BUF,ED/DE,"$5,093,750"
168,nfl,2012,169,Eugene Monroe,JAX,LT,"$5,039,500"
169,nfl,2012,170,Chris Gocong,CLE,LB,"$5,012,500"
170,nfl,2012,171,Cam Newton,CAR,QB,"$5,005,795"
171,nfl,2012,172,Calais Campbell,ARI,DL/DE,"$5,000,000"
172,nfl,2012,,Donald Driver,GB,WR,"$5,000,000"
173,nfl,2012,,Danieal Manning,HOU,S,"$5,000,000"
174,nfl,2012,,Kerry Rhodes,ARI,S,"$5,000,000"
175,nfl,2012,,Ray Rice,BAL,RB,"$5,000,000"
176,nfl,2012,,Randy Starks,MIA,ED/DE,"$5,000,000"
177,nfl,2012,,Corey Williams,DET,DL/DT,"$5,000,000"
178,nfl,2012,179,Benjamin Watson,CLE,TE,"$4,996,666"
179,nfl,2012,180,Casey Hampton,PIT,DL/DT,"$4,966,667"
180,nfl,2012,181,Isaac Sopoaga,SF,DL/DT,"$4,955,000"
181,nfl,2012,182,LaMarr Woodley,PIT,ED/OLB,"$4,940,000"
182,nfl,2012,183,Osi Umenyiora,NYG,LB/OLB,"$4,932,555"
183,nfl,2012,184,Jonathan Vilma,NO,LB/ILB,"$4,932,500"
184,nfl,2012,185,Shane Lechler,OAK,P,"$4,900,000"
185,nfl,2012,186,Richie Incognito,MIA,G,"$4,883,333"
186,nfl,2012,187,Josh Sitton,GB,G,"$4,850,000"
187,nfl,2012,188,Rashean Mathis,JAX,CB,"$4,848,000"
188,nfl,2012,189,Carlos Rogers,SF,CB,"$4,844,531"
189,nfl,2012,190,Jamaal Charles,KC,RB,"$4,833,333"
190,nfl,2012,,Josh Wilson,WAS,CB,"$4,833,333"
191,nfl,2012,192,Jason McCourty,TEN,CB,"$4,822,454"
192,nfl,2012,193,Barry Cofield,WAS,DL/DT,"$4,800,000"
193,nfl,2012,194,Von Miller,DEN,LB/OLB,"$4,772,814"
194,nfl,2012,195,Michael Crabtree,SF,WR,"$4,770,443"
195,nfl,2012,196,Scott Fujita,CLE,LB,"$4,750,000"
196,nfl,2012,197,Dawan Landry,JAX,S,"$4,700,000"
197,nfl,2012,198,Pierre Garcon,WAS,WR,"$4,684,375"
198,nfl,2012,199,Lance Briggs,CHI,LB/OLB,"$4,666,666"
199,nfl,2012,,Santana Moss,WAS,WR,"$4,666,666"
200,nfl,2012,201,Marcell Dareus,BUF,DL/DT,"$4,638,023"
201,nfl,2012,202,Chris Houston,DET,CB,"$4,625,000"
202,nfl,2012,,Reggie Nelson,CIN,FS,"$4,625,000"
203,nfl,2012,204,Gosder Cherilus,DET,RT,"$4,620,000"
204,nfl,2012,205,Kyle Vanden Bosch,DET,ED/DE,"$4,611,250"
205,nfl,2012,206,Jonathan Babineaux,ATL,DL/DT,"$4,600,000"
206,nfl,2012,207,Duane Brown,HOU,LT,"$4,582,250"
207,nfl,2012,208,Jabari Greer,NO,CB,"$4,575,000"
208,nfl,2012,,Domata Peko,CIN,DL/DT,"$4,575,000"
209,nfl,2012,210,Alan Branch,SEA,DL/DT,"$4,550,000"
210,nfl,2012,,Steve Breaston,KC,WR,"$4,550,000"
211,nfl,2012,,Jeromey Clary,SD,G,"$4,550,000"
212,nfl,2012,,Dwan Edwards,CAR,DL/DT,"$4,550,000"
213,nfl,2012,,DeMeco Ryans,PHI,LB/ILB,"$4,550,000"
214,nfl,2012,215,Chris Kuper,DEN,G,"$4,515,166"
215,nfl,2012,216,Stephen Bowen,WAS,DL/DE,"$4,500,000"
216,nfl,2012,,Ahmad Bradshaw,NYG,RB,"$4,500,000"
217,nfl,2012,,Sebastian Janikowski,OAK,K,"$4,500,000"
218,nfl,2012,,Jason Jones,SEA,ED/DE,"$4,500,000"
219,nfl,2012,,Chris Myers,HOU,C,"$4,500,000"
220,nfl,2012,,Will Witherspoon,TEN,LB/OLB,"$4,500,000"
221,nfl,2012,222,A.J. Green,CIN,WR,"$4,474,568"
222,nfl,2012,223,Brandon Moore,NYJ,G,"$4,460,416"
223,nfl,2012,224,D'Brickashaw Ferguson,NYJ,LT,"$4,451,666"
224,nfl,2012,225,Connor Barth,TB,K,"$4,450,000"
225,nfl,2012,226,John Abraham,ATL,LB/OLB,"$4,406,000"
226,nfl,2012,227,Donte Whitner,SF,SS,"$4,383,333"
227,nfl,2012,228,Anthony Fasano,MIA,TE,"$4,375,000"
228,nfl,2012,229,Jammal Brown,WAS,T,"$4,350,000"
229,nfl,2012,230,Vonta Leach,BAL,FB,"$4,333,333"
230,nfl,2012,231,Michael Griffin,TEN,FS,"$4,300,000"
231,nfl,2012,,Stevie Johnson,BUF,WR,"$4,300,000"
232,nfl,2012,,Nate Washington,TEN,WR,"$4,300,000"
233,nfl,2012,,Kamerion Wimbley,TEN,LB/OLB,"$4,300,000"
234,nfl,2012,235,Ike Taylor,PIT,CB,"$4,279,168"
235,nfl,2012,236,Ryan Clark,PIT,S,"$4,250,000"
236,nfl,2012,,Chris Spencer,CHI,G,"$4,250,000"
237,nfl,2012,,Darren Sproles,NO,RB,"$4,250,000"
238,nfl,2012,239,Doug Free,DAL,RT,"$4,220,000"
239,nfl,2012,240,Jeremy Maclin,PHI,WR,"$4,203,000"
240,nfl,2012,241,Brandon Mebane,SEA,DL/DT,"$4,200,000"
241,nfl,2012,242,Branden Albert,KC,LT,"$4,192,500"
242,nfl,2012,243,Patrick Peterson,ARI,CB,"$4,188,523"
243,nfl,2012,244,Chris Clemons,SEA,ED/DE,"$4,166,667"
244,nfl,2012,245,Dez Bryant,DAL,WR,"$4,160,500"
245,nfl,2012,246,Tony McDaniel,MIA,DL/DT,"$4,157,500"
246,nfl,2012,247,Todd Herremans,PHI,G,"$4,133,334"
247,nfl,2012,248,Mathias Kiwanuka,NYG,ED/DE,"$4,125,000"
248,nfl,2012,,Paul Soliai,MIA,DL/DT,"$4,125,000"
249,nfl,2012,250,Tyson Clabo,ATL,RT,"$4,050,000"
250,nfl,2012,,Dimitri Patterson,CLE,CB,"$4,050,000"
251,nfl,2012,252,Andrew Luck,IND,QB,"$4,019,636"
252,nfl,2012,253,Desmond Bishop,GB,ED/OLB,"$4,001,000"
253,nfl,2012,254,Nick Barnett,BUF,LB/ILB,"$4,000,000"
254,nfl,2012,,Stewart Bradley,ARI,LB/ILB,"$4,000,000"
255,nfl,2012,,Red Bryant,SEA,ED/DE,"$4,000,000"
256,nfl,2012,,John Carlson,MIN,TE,"$4,000,000"
257,nfl,2012,,Harvey Dahl,STL,G,"$4,000,000"
258,nfl,2012,,Matt Flynn,SEA,QB,"$4,000,000"
259,nfl,2012,,Quentin Jammer,SD,S,"$4,000,000"
260,nfl,2012,,Spencer Johnson,BUF,DL/DT,"$4,000,000"
261,nfl,2012,,Quintin Mikell,STL,S,"$4,000,000"
262,nfl,2012,,Tracy Porter,DEN,CB,"$4,000,000"
263,nfl,2012,,Jeff Saturday,GB,C,"$4,000,000"
264,nfl,2012,,John Sullivan,MIN,C,"$4,000,000"
265,nfl,2012,266,Dustin Keller,NYJ,TE,"$3,989,375"
266,nfl,2012,267,Lawrence Timmons,PIT,LB/ILB,"$3,985,000"
267,nfl,2012,268,Brian Robison,MIN,ED/DE,"$3,978,667"
268,nfl,2012,269,Max Unger,SEA,C,"$3,962,500"
269,nfl,2012,270,Leroy Harris,TEN,C,"$3,950,000"
270,nfl,2012,271,James Anderson,CAR,LB/OLB,"$3,900,000"
271,nfl,2012,272,Uche Nwaneri,JAX,G,"$3,894,500"
272,nfl,2012,273,Jeremy Zuttah,TB,C,"$3,875,000"
273,nfl,2012,274,Jonathan Stewart,CAR,RB,"$3,873,750"
274,nfl,2012,275,Justin Blalock,ATL,G,"$3,860,000"
275,nfl,2012,276,Robert Griffin III,WAS,QB,"$3,839,836"
276,nfl,2012,277,Jordy Nelson,GB,WR,"$3,825,000"
277,nfl,2012,278,Phil Dawson,CLE,K,"$3,810,000"
278,nfl,2012,279,Chris Chester,WAS,G,"$3,800,000"
279,nfl,2012,,Greg Jones,JAX,FB,"$3,800,000"
280,nfl,2012,281,Terrence McGee,BUF,CB,"$3,787,500"
281,nfl,2012,282,Brent Celek,PHI,TE,"$3,787,000"
282,nfl,2012,283,Sam Baker,ATL,LT,"$3,760,000"
283,nfl,2012,284,Brad Smith,BUF,WR,"$3,750,000"
284,nfl,2012,285,Trent Richardson,CLE,RB,"$3,725,250"
285,nfl,2012,286,Jonathan Goodwin,SF,C,"$3,716,667"
286,nfl,2012,287,Fred Jackson,BUF,RB,"$3,680,000"
287,nfl,2012,288,Julio Jones,ATL,WR,"$3,678,125"
288,nfl,2012,289,Rob Bironas,TEN,K,"$3,675,000"
289,nfl,2012,290,Demaryius Thomas,DEN,WR,"$3,660,250"
290,nfl,2012,291,Marshal Yanda,BAL,G,"$3,650,000"
291,nfl,2012,292,Rolando McClain,OAK,LB/ILB,"$3,640,000"
292,nfl,2012,293,Jason Allen,CIN,CB,"$3,625,000"
293,nfl,2012,,Justin Durant,DET,LB/OLB,"$3,625,000"
294,nfl,2012,,Devery Henderson,NO,WR,"$3,625,000"
295,nfl,2012,296,David Akers,SF,K,"$3,616,667"
296,nfl,2012,297,Larry Foote,PIT,LB/ILB,"$3,600,000"
297,nfl,2012,,Charlie Johnson,MIN,G,"$3,600,000"
298,nfl,2012,299,Ray McDonald,SF,DL/DT,"$3,597,058"
299,nfl,2012,300,Matt Kalil,MIN,LT,"$3,594,655"
300,nfl,2012,301,Takeo Spikes,SD,LB,"$3,575,000"
301,nfl,2012,,Darryl Tapp,PHI,ED/DE,"$3,575,000"
302,nfl,2012,303,Matt Moore,MIA,QB,"$3,525,000"
303,nfl,2012,304,Daryl Washington,ARI,LB/ILB,"$3,518,750"
304,nfl,2012,305,Mark Anderson,BUF,ED/DE,"$3,500,000"
305,nfl,2012,,Jason Campbell,CHI,QB,"$3,500,000"
306,nfl,2012,,Steve Hutchinson,TEN,G,"$3,500,000"
307,nfl,2012,,Scott Wells,STL,C,"$3,500,000"
308,nfl,2012,309,Rashard Mendenhall,PIT,RB,"$3,477,500"
309,nfl,2012,310,Joe Mays,DEN,LB/ILB,"$3,460,784"
310,nfl,2012,311,David Baas,NYG,C,"$3,375,000"
311,nfl,2012,,Robert Meachem,SD,WR,"$3,375,000"
312,nfl,2012,,Leon Washington,SEA,RB,"$3,375,000"
313,nfl,2012,314,Justin Blackmon,JAX,WR,"$3,365,818"
314,nfl,2012,315,Jahri Evans,NO,G,"$3,360,000"
315,nfl,2012,316,Kyle Cook,CIN,C,"$3,340,000"
316,nfl,2012,317,David Diehl,NYG,RT,"$3,325,000"
317,nfl,2012,318,Marques Colston,NO,WR,"$3,300,000"
318,nfl,2012,319,Malcolm Jenkins,NO,FS,"$3,292,000"
319,nfl,2012,320,Aaron Hernandez,NE,TE,"$3,290,000"
320,nfl,2012,321,Stephen Peterman,DET,G,"$3,278,000"
321,nfl,2012,322,C.J. Spiller,BUF,RB,"$3,270,833"
322,nfl,2012,323,Aldon Smith,SF,ED/OLB,"$3,269,091"
323,nfl,2012,324,Demetress Bell,PHI,RT,"$3,250,000"
324,nfl,2012,,Derrick Johnson,KC,LB/ILB,"$3,250,000"
325,nfl,2012,,Brad Meester,JAX,C,"$3,250,000"
326,nfl,2012,,Brian Waters,NE,G,"$3,250,000"
327,nfl,2012,328,Jason Hanson,DET,K,"$3,225,000"
328,nfl,2012,329,Alex Mack,CLE,C,"$3,203,000"
329,nfl,2012,330,Brandon Carr,DAL,CB,"$3,200,000"
330,nfl,2012,,Bryant McKinnie,BAL,LT,"$3,200,000"
331,nfl,2012,,Adam Vinatieri,IND,K,"$3,200,000"
332,nfl,2012,333,Anthony Davis,SF,RT,"$3,191,667"
333,nfl,2012,334,Daryn Colledge,ARI,G,"$3,175,000"
334,nfl,2012,335,Reggie Wayne,IND,WR,"$3,166,666"
335,nfl,2012,336,Carson Palmer,OAK,QB,"$3,160,000"
336,nfl,2012,337,James Jones,GB,WR,"$3,100,000"
337,nfl,2012,,Josh Morgan,WAS,WR,"$3,100,000"
338,nfl,2012,339,Rob Sims,DET,G,"$3,075,000"
339,nfl,2012,340,Montell Owens,JAX,FB,"$3,037,500"
340,nfl,2012,341,Davone Bess,MIA,WR,"$3,033,000"
341,nfl,2012,342,Travelle Wharton,CIN,G,"$3,025,000"
342,nfl,2012,343,Beanie Wells,ARI,RB,"$3,017,500"
343,nfl,2012,344,Ronde Barber,TB,S,"$3,000,000"
344,nfl,2012,,Shaun Cody,HOU,DL/DT,"$3,000,000"
345,nfl,2012,,Jared Gaither,SD,T,"$3,000,000"
346,nfl,2012,,Stephen Gostkowski,NE,K,"$3,000,000"
347,nfl,2012,,BenJarvus Green-Ellis,CIN,RB,"$3,000,000"
348,nfl,2012,,Nick Hardwick,SD,C,"$3,000,000"
349,nfl,2012,,DeSean Jackson,PHI,WR,"$3,000,000"
350,nfl,2012,,Michael Koenen,TB,P,"$3,000,000"
351,nfl,2012,,Kendall Langford,STL,ED/DE,"$3,000,000"
352,nfl,2012,,Jeremy Mincey,JAX,ED/DE,"$3,000,000"
353,nfl,2012,,Juqua Parker,CLE,ED/DE,"$3,000,000"
354,nfl,2012,,Eddie Royal,SD,WR,"$3,000,000"
355,nfl,2012,,Kevin Walter,HOU,WR,"$3,000,000"
356,nfl,2012,,Antoine Winfield,MIN,CB,"$3,000,000"
357,nfl,2012,358,Kenny Phillips,NYG,FS,"$2,961,250"
358,nfl,2012,359,Morris Claiborne,DAL,CB,"$2,957,182"
359,nfl,2012,360,Asante Samuel,ATL,CB,"$2,937,500"
360,nfl,2012,361,Adrian Wilson,ARI,S,"$2,925,000"
361,nfl,2012,362,Tyson Alualu,JAX,ED/DE,"$2,905,000"
362,nfl,2012,363,Dan Carpenter,MIA,K,"$2,862,500"
363,nfl,2012,364,Jake Locker,TEN,QB,"$2,860,455"
364,nfl,2012,365,Nate Burleson,DET,WR,"$2,856,642"
365,nfl,2012,366,Ahmad Brooks,SF,ED/OLB,"$2,850,000"
366,nfl,2012,,Willie Colon,PIT,G,"$2,850,000"
367,nfl,2012,368,Tyron Smith,DAL,LT,"$2,840,022"
368,nfl,2012,369,Kyle Wilson,NYJ,CB,"$2,834,400"
369,nfl,2012,370,Robbie Gould,CHI,K,"$2,825,000"
370,nfl,2012,371,Nick Roach,CHI,LB/ILB,"$2,815,000"
371,nfl,2012,372,Jamaal Anderson,CIN,ED/DE,"$2,800,000"
372,nfl,2012,,Earl Bennett,CHI,WR,"$2,800,000"
373,nfl,2012,,Charles Godfrey,CAR,SS,"$2,800,000"
374,nfl,2012,,Peyton Hillis,KC,RB,"$2,800,000"
375,nfl,2012,376,Richard Marshall,MIA,CB,"$2,779,167"
376,nfl,2012,377,LeSean McCoy,PHI,RB,"$2,770,030"
377,nfl,2012,378,Orlando Scandrick,DAL,CB,"$2,755,000"
378,nfl,2012,379,Brian Orakpo,WAS,ED/OLB,"$2,754,000"
379,nfl,2012,380,Wade Smith,HOU,G,"$2,750,000"
380,nfl,2012,,Ty Warren,DEN,DL/DT,"$2,750,000"
381,nfl,2012,382,Michael Bennett,TB,ED/DE,"$2,742,000"
382,nfl,2012,,Mike Wallace,PIT,WR,"$2,742,000"
383,nfl,2012,384,Devin Hester,CHI,WR,"$2,729,333"
384,nfl,2012,385,Blaine Gabbert,JAX,QB,"$2,727,647"
385,nfl,2012,386,Miles Austin,DAL,WR,"$2,721,000"
386,nfl,2012,387,Dallas Clark,TB,TE,"$2,700,000"
387,nfl,2012,,Ben Grubbs,NO,G,"$2,700,000"
388,nfl,2012,,Laurent Robinson,JAX,WR,"$2,700,000"
389,nfl,2012,,Marcus Spears,DAL,ED/DE,"$2,700,000"
390,nfl,2012,391,Joshua Cribbs,CLE,WR,"$2,688,000"
391,nfl,2012,392,Leodis McKelvin,BUF,CB,"$2,684,584"
392,nfl,2012,393,Paris Lenon,ARI,LB/ILB,"$2,666,667"
393,nfl,2012,394,George Wilson,BUF,S,"$2,666,666"
394,nfl,2012,395,Rob Gronkowski,NE,TE,"$2,660,000"
395,nfl,2012,396,Mike Nugent,CIN,K,"$2,654,000"
396,nfl,2012,397,Brian Cushing,HOU,LB/ILB,"$2,653,000"
397,nfl,2012,398,Levi Brown,ARI,LT,"$2,650,000"
398,nfl,2012,399,Mark Barron,TB,LB/ILB,"$2,630,273"
399,nfl,2012,400,LaRon Landry,NYJ,S,"$2,625,000"
400,nfl,2012,401,Lardarius Webb,BAL,CB,"$2,615,000"
401,nfl,2012,402,Matt Bryant,ATL,K,"$2,612,500"
402,nfl,2012,403,Chad Henne,JAX,QB,"$2,600,000"
403,nfl,2012,404,J.J. Watt,HOU,DL/DE,"$2,553,977"
404,nfl,2012,405,Parys Haralson,SF,DL/DE,"$2,550,000"
405,nfl,2012,,Mario Manningham,SF,WR,"$2,550,000"
406,nfl,2012,,Tony Scheffler,DET,TE,"$2,550,000"
407,nfl,2012,,Stephen Tulloch,DET,LB/ILB,"$2,550,000"
408,nfl,2012,409,Brandon Graham,PHI,ED/DE,"$2,535,000"
409,nfl,2012,410,Martellus Bennett,NYG,TE,"$2,500,000"
410,nfl,2012,,Mike DeVito,NYJ,DL/DE,"$2,500,000"
411,nfl,2012,,Thomas Howard,CIN,LB,"$2,500,000"
412,nfl,2012,,Wayne Hunter,STL,T,"$2,500,000"
413,nfl,2012,,Israel Idonije,CHI,ED/DE,"$2,500,000"
414,nfl,2012,,Tim Jennings,CHI,CB,"$2,500,000"
415,nfl,2012,,Jarret Johnson,SD,ED/OLB,"$2,500,000"
416,nfl,2012,,Ryan Lilja,KC,C,"$2,500,000"
417,nfl,2012,,Willis McGahee,DEN,RB,"$2,500,000"
418,nfl,2012,,Randy Moss,SF,WR,"$2,500,000"
419,nfl,2012,,Stephen Nicholas,ATL,LB/OLB,"$2,500,000"
420,nfl,2012,,Erik Pears,BUF,RT,"$2,500,000"
421,nfl,2012,,Michael Robinson,SEA,FB,"$2,500,000"
422,nfl,2012,,Joe Staley,SF,LT,"$2,500,000"
423,nfl,2012,,Eric Winston,KC,RT,"$2,500,000"
424,nfl,2012,425,Scott Chandler,BUF,TE,"$2,475,000"
425,nfl,2012,426,London Fletcher,WAS,LB/ILB,"$2,450,000"
426,nfl,2012,,Jason Smith,NYJ,LT,"$2,450,000"
427,nfl,2012,428,Knowshon Moreno,DEN,RB,"$2,443,800"
428,nfl,2012,429,Tyvon Branch,OAK,SS,"$2,400,000"
429,nfl,2012,,Mason Crosby,GB,K,"$2,400,000"
430,nfl,2012,,John Kuhn,GB,FB,"$2,400,000"
431,nfl,2012,,Greg Olsen,CAR,TE,"$2,400,000"
432,nfl,2012,,Ryan Succop,KC,K,"$2,400,000"
433,nfl,2012,434,Will Svitek,ATL,LT,"$2,381,000"
434,nfl,2012,435,T.J. Lang,GB,G,"$2,360,000"
435,nfl,2012,436,Jeff Backus,DET,T,"$2,350,000"
436,nfl,2012,437,Kenyon Coleman,DAL,ED/DE,"$2,345,000"
437,nfl,2012,438,Brandon Pettigrew,DET,TE,"$2,336,250"
438,nfl,2012,439,Jeff King,ARI,TE,"$2,333,334"
439,nfl,2012,440,Dan Connolly,NE,G,"$2,333,333"
440,nfl,2012,441,Mike Iupati,SF,G,"$2,331,000"
441,nfl,2012,442,Christian Ponder,MIN,QB,"$2,308,795"
442,nfl,2012,443,Dustin Colquitt,KC,P,"$2,305,000"
443,nfl,2012,444,Ryan Tannehill,MIA,QB,"$2,303,364"
444,nfl,2012,445,Lance Moore,NO,WR,"$2,293,750"
445,nfl,2012,446,Luke Kuechly,CAR,LB/ILB,"$2,287,018"
446,nfl,2012,447,Jason Pierre-Paul,NYG,ED/DE,"$2,275,000"
447,nfl,2012,448,Antonio Brown,PIT,WR,"$2,264,358"
448,nfl,2012,449,Pierre Thomas,NO,RB,"$2,260,000"
449,nfl,2012,450,Jermichael Finley,GB,TE,"$2,250,000"
450,nfl,2012,,Malcom Floyd,SD,WR,"$2,250,000"
451,nfl,2012,,Breno Giacomini,SEA,RT,"$2,250,000"
452,nfl,2012,,Shaun Hill,DET,QB,"$2,250,000"
453,nfl,2012,,Brandon Jackson,CLE,RB,"$2,250,000"
454,nfl,2012,455,Nick Fairley,DET,DL/DT,"$2,247,500"
455,nfl,2012,456,Zach Strief,NO,RT,"$2,225,000"
456,nfl,2012,457,Navorro Bowman,SF,LB/ILB,"$2,215,562"
457,nfl,2012,458,Jason Avant,PHI,WR,"$2,210,000"
458,nfl,2012,459,Ron Edwards,CAR,DL/DT,"$2,208,333"
459,nfl,2012,460,Cedric Griffin,WAS,CB,"$2,205,882"
460,nfl,2012,461,Sam Koch,BAL,P,"$2,200,000"
461,nfl,2012,462,Stephon Gilmore,BUF,CB,"$2,197,120"
462,nfl,2012,463,Cameron Wake,MIA,ED/DE,"$2,190,000"
463,nfl,2012,464,Larry English,SD,ED/OLB,"$2,172,500"
464,nfl,2012,465,Maurkice Pouncey,PIT,C,"$2,166,750"
465,nfl,2012,466,Ben Obomanu,SEA,WR,"$2,166,667"
466,nfl,2012,,Sione Pouha,NYJ,DL/DT,"$2,166,667"
467,nfl,2012,468,Antoine Cason,SD,CB,"$2,156,000"
468,nfl,2012,469,Aqib Talib,NE,CB,"$2,152,500"
469,nfl,2012,470,Kyle Arrington,NE,CB,"$2,150,000"
470,nfl,2012,,Dan Connor,DAL,LB/ILB,"$2,150,000"
471,nfl,2012,,Kellen Davis,CHI,TE,"$2,150,000"
472,nfl,2012,473,Robert Ayers,DEN,ED/DE,"$2,146,250"
473,nfl,2012,474,Robert Quinn,STL,LB/OLB,"$2,144,587"
474,nfl,2012,475,Kroy Biermann,ATL,LB/OLB,"$2,133,333"
475,nfl,2012,476,Mike Pouncey,MIA,C,"$2,104,476"
476,nfl,2012,477,Thomas Davis,CAR,LB/OLB,"$2,100,000"
477,nfl,2012,,Jason Hatcher,DAL,ED/DE,"$2,100,000"
478,nfl,2012,,Manny Lawson,CIN,LB/OLB,"$2,100,000"
479,nfl,2012,,Tim Tebow,NYJ,QB,"$2,100,000"
480,nfl,2012,481,Derrick Morgan,TEN,LB/OLB,"$2,086,668"
481,nfl,2012,482,Dominique Rodgers-Cromartie,PHI,CB,"$2,063,750"
482,nfl,2012,483,Patrick Robinson,NO,CB,"$2,061,833"
483,nfl,2012,484,Dontari Poe,KC,DL/DT,"$2,058,182"
484,nfl,2012,485,Eric Smith,NYJ,S,"$2,050,000"
485,nfl,2012,486,Percy Harvin,MIN,WR,"$2,043,800"
486,nfl,2012,487,Michael Oher,BAL,RT,"$2,035,000"
487,nfl,2012,488,Sean Weatherspoon,ATL,LB/ILB,"$2,027,500"
488,nfl,2012,489,Thomas Morstead,NO,P,"$2,016,250"
489,nfl,2012,490,Jermaine Gresham,CIN,TE,"$2,011,500"
490,nfl,2012,491,Mike Adams,DEN,SS,"$2,000,000"
491,nfl,2012,,Khalif Barnes,OAK,LT,"$2,000,000"
492,nfl,2012,,Thomas DeCoud,ATL,S,"$2,000,000"
493,nfl,2012,,Bruce Gradkowski,CIN,QB,"$2,000,000"
494,nfl,2012,,Antonio Johnson,IND,DL/DT,"$2,000,000"
495,nfl,2012,,Nate Kaeding,SD,K,"$2,000,000"
496,nfl,2012,,Brandon Lloyd,NE,WR,"$2,000,000"
497,nfl,2012,,Evan Mathis,PHI,G,"$2,000,000"
498,nfl,2012,,Frostee Rucker,CLE,DL/DT,"$2,000,000"
499,nfl,2012,,Adam Snyder,ARI,G,"$2,000,000"
500,nfl,2012,,Craig Stevens,TEN,TE,"$2,000,000"
501,nfl,2012,502,Ryan Kerrigan,WAS,ED/OLB,"$1,981,885"
502,nfl,2012,503,Clay Matthews Jr.,GB,ED/OLB,"$1,980,000"
503,nfl,2012,504,Lyle Sendlein,ARI,C,"$1,975,000"
504,nfl,2012,505,Danny Amendola,STL,WR,"$1,972,000"
505,nfl,2012,506,Andy Lee,SF,P,"$1,963,000"
506,nfl,2012,507,Kraig Urbik,BUF,G,"$1,960,000"
507,nfl,2012,508,Michael Bush,CHI,RB,"$1,950,000"
508,nfl,2012,,Tarvaris Jackson,BUF,QB,"$1,950,000"
509,nfl,2012,,Peria Jerry,ATL,DL/DT,"$1,950,000"
510,nfl,2012,,Bernard Pollard,BAL,S,"$1,950,000"
511,nfl,2012,512,Kareem Jackson,HOU,CB,"$1,945,000"
512,nfl,2012,513,Nate Solder,NE,LT,"$1,941,021"
513,nfl,2012,514,Josh Scobee,JAX,K,"$1,937,500"
514,nfl,2012,515,Jovan Belcher,KC,LB,"$1,927,000"
515,nfl,2012,,Desmond Bryant,OAK,ED/DE,"$1,927,000"
516,nfl,2012,,Dannell Ellerbe,BAL,ED/OLB,"$1,927,000"
517,nfl,2012,,DeAndre Levy,DET,LB/OLB,"$1,927,000"
518,nfl,2012,,Lydon Murtha,MIA,T,"$1,927,000"
519,nfl,2012,,LaRod Stephens-Howling,ARI,RB,"$1,927,000"
520,nfl,2012,,Cary Williams,BAL,CB,"$1,927,000"
521,nfl,2012,522,Rashad Butler,HOU,LT,"$1,925,000"
522,nfl,2012,523,Delanie Walker,SF,TE,"$1,905,000"
523,nfl,2012,524,Antwan Barnes,SD,ED/OLB,"$1,900,000"
524,nfl,2012,,Rian Lindell,BUF,K,"$1,900,000"
525,nfl,2012,,Jameel McClain,BAL,LB/ILB,"$1,900,000"
526,nfl,2012,,Brandon Meriweather,WAS,SS,"$1,900,000"
527,nfl,2012,,Kyle Orton,DAL,QB,"$1,900,000"
528,nfl,2012,529,Corey Liuget,SD,DL/DT,"$1,889,952"
529,nfl,2012,530,Joe Berger,MIN,G,"$1,887,500"
530,nfl,2012,531,Felix Jones,DAL,RB,"$1,884,500"
531,nfl,2012,532,Donald Brown,IND,RB,"$1,880,000"
532,nfl,2012,533,Eric Wood,BUF,C,"$1,873,750"
533,nfl,2012,534,Samson Satele,IND,C,"$1,866,667"
534,nfl,2012,535,Adrian Clayborn,TB,ED/DE,"$1,865,947"
535,nfl,2012,536,Fletcher Cox,PHI,DL/DT,"$1,862,036"
536,nfl,2012,537,Prince Amukamara,NYG,CB,"$1,859,295"
537,nfl,2012,538,Jerome Simpson,MIN,WR,"$1,858,823"
538,nfl,2012,539,Dylan Gandy,DET,G,"$1,850,000"
539,nfl,2012,,Sav Rocca,WAS,P,"$1,850,000"
540,nfl,2012,541,Earl Thomas,SEA,FS,"$1,848,215"
541,nfl,2012,542,Bryan Bulaga,GB,RT,"$1,847,000"
542,nfl,2012,543,Steve Smith,STL,WR,"$1,843,750"
543,nfl,2012,544,Dan Williams,ARI,DL/DT,"$1,840,000"
544,nfl,2012,545,Phil Taylor,CLE,DL/DT,"$1,839,375"
545,nfl,2012,546,Kevin Boss,KC,TE,"$1,833,333"
546,nfl,2012,,LeRon McClain,SD,FB,"$1,833,333"
547,nfl,2012,548,Roberto Garza,CHI,C,"$1,825,000"
548,nfl,2012,549,Anthony Castonzo,IND,LT,"$1,818,431"
549,nfl,2012,550,Michael Floyd,ARI,WR,"$1,813,000"
550,nfl,2012,551,Mackenzy Bernadeau,DAL,C,"$1,812,500"
551,nfl,2012,,Harry Douglas,ATL,WR,"$1,812,500"
552,nfl,2012,,Matt Prater,DEN,K,"$1,812,500"
553,nfl,2012,554,Jared Odrick,MIA,ED/DE,"$1,807,602"
554,nfl,2012,555,Tarell Brown,SF,CB,"$1,807,312"
555,nfl,2012,556,Danny Watkins,PHI,G,"$1,803,625"
556,nfl,2012,557,Gerald Sensabaugh,DAL,S,"$1,800,000"
557,nfl,2012,,David Thomas,NO,TE,"$1,800,000"
558,nfl,2012,,Usama Young,CLE,S,"$1,800,000"
559,nfl,2012,560,Kevin Boothe,NYG,G,"$1,787,500"
560,nfl,2012,561,James Laurinaitis,STL,LB/ILB,"$1,781,668"
561,nfl,2012,562,Russell Allen,JAX,LB/OLB,"$1,766,667"
562,nfl,2012,563,Cameron Jordan,NO,ED/DE,"$1,757,136"
563,nfl,2012,564,Early Doucet,ARI,WR,"$1,750,000"
564,nfl,2012,,Dwight Lowery,JAX,FS,"$1,750,000"
565,nfl,2012,,Jason Spitz,JAX,G,"$1,750,000"
566,nfl,2012,,Wesley Woodyard,DEN,LB/ILB,"$1,750,000"
567,nfl,2012,568,Louis Delmas,DET,FS,"$1,747,000"
568,nfl,2012,569,Evander Hood,PIT,DL/DE,"$1,743,353"
569,nfl,2012,570,Jahvid Best,DET,RB,"$1,741,000"
570,nfl,2012,571,James Carpenter,SEA,G,"$1,736,705"
571,nfl,2012,572,Devin McCourty,NE,FS,"$1,735,000"
572,nfl,2012,573,Will Herring,NO,LB,"$1,733,333"
573,nfl,2012,574,Michael Brockers,STL,DL/DT,"$1,731,272"
574,nfl,2012,575,Hakeem Nicks,NYG,WR,"$1,730,000"
575,nfl,2012,576,Cory Redding,IND,DL/DE,"$1,716,667"
576,nfl,2012,577,Jonathan Baldwin,KC,WR,"$1,716,273"
577,nfl,2012,578,Matt Spaeth,CHI,TE,"$1,708,333"
578,nfl,2012,579,Nate Livings,DAL,G,"$1,700,000"
579,nfl,2012,,Curtis Lofton,NO,LB/ILB,"$1,700,000"
580,nfl,2012,,Kevin Vickerson,DEN,DL/DT,"$1,700,000"
581,nfl,2012,582,Bruce Irvin,SEA,LB/OLB,"$1,698,582"
582,nfl,2012,583,Jimmy Smith,BAL,CB,"$1,695,840"
583,nfl,2012,584,Jerry Hughes,IND,DL/DE,"$1,691,250"
584,nfl,2012,585,Shaun Suisham,PIT,K,"$1,687,500"
585,nfl,2012,586,Mark Ingram,NO,RB,"$1,685,625"
586,nfl,2012,587,Steve Gregory,NE,S,"$1,683,333"
587,nfl,2012,588,Adam Podlesh,CHI,P,"$1,675,000"
588,nfl,2012,589,Mike Jenkins,DAL,CB,"$1,672,000"
589,nfl,2012,590,Joel Dreessen,DEN,TE,"$1,666,666"
590,nfl,2012,,Rob Ninkovich,NE,LB/OLB,"$1,666,666"
591,nfl,2012,592,Nate Garner,MIA,RT,"$1,650,000"
592,nfl,2012,593,Kenny Britt,TEN,WR,"$1,649,930"
593,nfl,2012,594,Titus Young,DET,WR,"$1,642,664"
594,nfl,2012,595,Chris Kluwe,MIN,P,"$1,633,333"
595,nfl,2012,596,Matt Birk,BAL,C,"$1,625,000"
596,nfl,2012,,Paul McQuistan,SEA,LT,"$1,625,000"
597,nfl,2012,598,Michael Johnson,CIN,ED/DE,"$1,623,755"
598,nfl,2012,599,Mike Scifres,SD,P,"$1,610,000"
599,nfl,2012,600,Will Allen,PIT,SS,"$1,605,000"
600,nfl,2012,601,Gabe Carimi,CHI,G,"$1,603,647"
601,nfl,2012,602,Quinton Coples,NYJ,ED/OLB,"$1,600,508"
602,nfl,2012,603,Brodrick Bunkley,NO,DL/DT,"$1,600,000"
603,nfl,2012,,Leroy Hill,SEA,LB,"$1,600,000"
604,nfl,2012,,Jacoby Jones,BAL,WR,"$1,600,000"
605,nfl,2012,,Lawrence Tynes,NYG,K,"$1,600,000"
606,nfl,2012,607,Deion Branch,NE,WR,"$1,575,000"
607,nfl,2012,608,Dre Kirkpatrick,CIN,CB,"$1,567,818"
608,nfl,2012,609,Roy Miller,TB,DL/DT,"$1,562,500"
609,nfl,2012,,Muhammad Wilkerson,NYJ,DL/DE,"$1,562,500"
610,nfl,2012,611,Scott Shanle,NO,LB,"$1,550,000"
611,nfl,2012,612,Geoff Hangartner,CAR,G,"$1,541,666"
612,nfl,2012,613,Aaron Ross,JAX,CB,"$1,533,333"
613,nfl,2012,614,Adam Carriker,WAS,DL/DE,"$1,531,250"
614,nfl,2012,615,Andy Studebaker,KC,ED/OLB,"$1,530,000"
615,nfl,2012,,Matt Toeaina,CHI,DL/DT,"$1,530,000"
616,nfl,2012,617,Melvin Ingram,SD,ED/OLB,"$1,526,952"
617,nfl,2012,618,Cameron Heyward,PIT,DL/DE,"$1,523,870"
618,nfl,2012,619,Shea McClellin,CHI,LB/OLB,"$1,502,436"
619,nfl,2012,620,Derek Sherrod,GB,RT,"$1,500,455"
620,nfl,2012,621,Jerricho Cotchery,PIT,WR,"$1,500,000"
621,nfl,2012,,JoLonn Dunbar,STL,LB/OLB,"$1,500,000"
622,nfl,2012,,Drayton Florence,DET,CB,"$1,500,000"
623,nfl,2012,,Winston Justice,IND,LT,"$1,500,000"
624,nfl,2012,,Brady Quinn,KC,QB,"$1,500,000"
625,nfl,2012,,Jacob Tamme,DEN,TE,"$1,500,000"
626,nfl,2012,,Tyler Thigpen,BUF,QB,"$1,500,000"
627,nfl,2012,628,Kendall Wright,TEN,WR,"$1,494,264"
628,nfl,2012,629,Michael Jenkins,MIN,WR,"$1,491,666"
629,nfl,2012,630,Ramses Barden,NYG,WR,"$1,490,789"
630,nfl,2012,631,Chandler Jones,NE,LB/OLB,"$1,486,091"
631,nfl,2012,632,Terrance Knighton,JAX,DL/DT,"$1,470,964"
632,nfl,2012,633,Brandon Weeden,CLE,QB,"$1,469,745"
633,nfl,2012,634,Derek Cox,JAX,CB,"$1,468,250"
634,nfl,2012,635,Lavelle Hawkins,TEN,WR,"$1,466,667"
635,nfl,2012,636,Matthew Slater,NE,WR,"$1,466,666"
636,nfl,2012,637,David Hawthorne,NO,LB/ILB,"$1,460,000"
637,nfl,2012,638,Louis Vasquez,SD,G,"$1,458,625"
638,nfl,2012,639,E.J. Biggers,TB,CB,"$1,455,100"
639,nfl,2012,640,Riley Reiff,DET,LT,"$1,453,400"
640,nfl,2012,641,Erin Henderson,MIN,LB/ILB,"$1,450,000"
641,nfl,2012,,Mike Thomas,DET,WR,"$1,450,000"
642,nfl,2012,,Steve Weatherford,NYG,P,"$1,450,000"
643,nfl,2012,644,Alphonso Smith,DET,CB,"$1,445,000"
644,nfl,2012,645,Brian Hartline,MIA,WR,"$1,434,243"
645,nfl,2012,646,Jarrett Bush,GB,CB,"$1,433,333"
646,nfl,2012,647,Brandon Jacobs,SF,RB,"$1,432,000"
647,nfl,2012,648,Glover Quin,HOU,FS,"$1,430,562"
648,nfl,2012,649,Bradley Fletcher,STL,CB,"$1,425,276"
649,nfl,2012,650,David DeCastro,PIT,G,"$1,420,709"
650,nfl,2012,651,Austin Collie,IND,WR,"$1,417,388"
651,nfl,2012,652,Mike Brisiel,OAK,G,"$1,410,000"
652,nfl,2012,653,Dont'a Hightower,NE,LB/OLB,"$1,404,364"
653,nfl,2012,654,Jordan Babineaux,TEN,S,"$1,400,000"
654,nfl,2012,,Yeremiah Bell,NYJ,S,"$1,400,000"
655,nfl,2012,656,Brandon Fields,MIA,P,"$1,399,000"
656,nfl,2012,657,Whitney Mercilus,HOU,ED/OLB,"$1,388,016"
657,nfl,2012,658,Garret Hartley,NO,K,"$1,385,000"
658,nfl,2012,659,Toby Gerhart,MIN,RB,"$1,378,500"
659,nfl,2012,660,Ted Ginn Jr.,SF,WR,"$1,375,000"
660,nfl,2012,661,Kevin Zeitler,CIN,G,"$1,371,673"
661,nfl,2012,662,Nick Perry,GB,ED/OLB,"$1,363,500"
662,nfl,2012,663,Tyronne Green,SD,G,"$1,362,312"
663,nfl,2012,664,Josh Johnson,CLE,QB,"$1,358,823"
664,nfl,2012,665,William Gay,ARI,CB,"$1,350,000"
665,nfl,2012,,Artis Hicks,MIA,G,"$1,350,000"
666,nfl,2012,667,Chris Clemons,MIA,FS,"$1,348,625"
667,nfl,2012,668,Ron Brace,NE,DL/DT,"$1,337,000"
668,nfl,2012,669,Brice McCain,HOU,CB,"$1,333,437"
669,nfl,2012,670,Daniel Fells,NE,TE,"$1,333,333"
670,nfl,2012,671,Rodger Saffold,STL,G,"$1,330,000"
671,nfl,2012,672,Bobbie Williams,BAL,G,"$1,325,000"
672,nfl,2012,673,Captain Munnerlyn,CAR,CB,"$1,323,022"
673,nfl,2012,674,Pat McAfee,IND,P,"$1,322,500"
674,nfl,2012,675,Kevin Huber,CIN,P,"$1,308,750"
675,nfl,2012,676,C.J. Mosley,JAX,DL/DT,"$1,308,333"
676,nfl,2012,677,Jon Ryan,SEA,P,"$1,305,000"
677,nfl,2012,678,Corey Graham,BAL,FS,"$1,300,000"
678,nfl,2012,,Rex Grossman,WAS,QB,"$1,300,000"
679,nfl,2012,,Letroy Guion,MIN,ED/DE,"$1,300,000"
680,nfl,2012,,Jacob Lacey,DET,CB,"$1,300,000"
681,nfl,2012,,Marcus Trufant,SEA,CB,"$1,300,000"
682,nfl,2012,683,Harrison Smith,MIN,FS,"$1,297,918"
683,nfl,2012,684,Jon Condo,OAK,LS,"$1,283,333"
684,nfl,2012,685,Lance Louis,CHI,G,"$1,270,495"
685,nfl,2012,686,A.J.  Jenkins,SF,WR,"$1,263,188"
686,nfl,2012,687,Jonathan Casillas,NO,LB/OLB,"$1,260,000"
687,nfl,2012,,Ramon Foster,PIT,G,"$1,260,000"
688,nfl,2012,,Larry Grant,SF,LB,"$1,260,000"
689,nfl,2012,,Clark Harris,CIN,LS,"$1,260,000"
690,nfl,2012,,Steven Hauschka,SEA,K,"$1,260,000"
691,nfl,2012,,Sammie Lee Hill,DET,DL/DT,"$1,260,000"
692,nfl,2012,,Corey Hilliard,DET,RT,"$1,260,000"
693,nfl,2012,,Rashad Johnson,ARI,FS,"$1,260,000"
694,nfl,2012,,Doug Legursky,PIT,C,"$1,260,000"
695,nfl,2012,,Keenan Lewis,PIT,CB,"$1,260,000"
696,nfl,2012,,Kory Lichtensteiger,WAS,C,"$1,260,000"
697,nfl,2012,,Ryan Mundy,PIT,SS,"$1,260,000"
698,nfl,2012,,Louis Murphy,CAR,WR,"$1,260,000"
699,nfl,2012,,Dan Skuta,CIN,LB/OLB,"$1,260,000"
700,nfl,2012,,Greg Toler,ARI,CB,"$1,260,000"
701,nfl,2012,,Vance Walker,ATL,ED/DE,"$1,260,000"
702,nfl,2012,,Matt Willis,DEN,WR,"$1,260,000"
703,nfl,2012,704,Antonio Dixon,PHI,DL/DT,"$1,250,000"
704,nfl,2012,,Fred Evans,MIN,DL/DT,"$1,250,000"
705,nfl,2012,,Jay Feely,ARI,K,"$1,250,000"
706,nfl,2012,,Terrell Thomas,NYG,CB,"$1,250,000"
707,nfl,2012,,Charlie Whitehurst,SD,QB,"$1,250,000"
708,nfl,2012,,Chris Williams,STL,G,"$1,250,000"
709,nfl,2012,710,Brett Kern,TEN,P,"$1,237,875"
710,nfl,2012,711,Doug Martin,TB,RB,"$1,234,096"
711,nfl,2012,712,Eben Britton,JAX,RT,"$1,233,800"
712,nfl,2012,713,Antonio Garay,SD,DL/DE,"$1,225,000"
713,nfl,2012,,Frank Omiyale,SEA,T,"$1,225,000"
714,nfl,2012,,Charlie Peprah,GB,S,"$1,225,000"
715,nfl,2012,,Drew Stanton,NYJ,QB,"$1,225,000"
716,nfl,2012,,Mike Tolbert,CAR,FB,"$1,225,000"
717,nfl,2012,,Raymond Ventrone,CLE,S,"$1,225,000"
718,nfl,2012,,Eric Weems,CHI,WR,"$1,225,000"
719,nfl,2012,,Guy Whimper,JAX,G,"$1,225,000"
720,nfl,2012,721,David Wilson,NYG,RB,"$1,215,364"
721,nfl,2012,722,Ryan McBean,BAL,DL/DE,"$1,214,286"
722,nfl,2012,723,Ras-I Dowling,NE,CB,"$1,205,477"
723,nfl,2012,724,Craig Dahl,STL,SS,"$1,200,000"
724,nfl,2012,,King Dunlap,PHI,LT,"$1,200,000"
725,nfl,2012,,Will Montgomery,WAS,C,"$1,200,000"
726,nfl,2012,,Visanthe Shiancoe,NE,TE,"$1,200,000"
727,nfl,2012,,Pat Sims,CIN,DL/DT,"$1,200,000"
728,nfl,2012,729,Aaron Williams,BUF,SS,"$1,195,081"
729,nfl,2012,730,Andy Dalton,CIN,QB,"$1,185,045"
730,nfl,2012,731,Heath Farwell,SEA,LB/ILB,"$1,166,667"
731,nfl,2012,732,Patrick Chung,NE,SS,"$1,165,000"
732,nfl,2012,733,Colin Kaepernick,SF,QB,"$1,164,613"
733,nfl,2012,734,Nate Allen,PHI,FS,"$1,157,000"
734,nfl,2012,735,Jabaal Sheard,CLE,LB/OLB,"$1,156,875"
735,nfl,2012,736,Mike Patterson,PHI,DL/DT,"$1,150,000"
736,nfl,2012,,Ropati Pitoitua,KC,DL/DE,"$1,150,000"
737,nfl,2012,,Trevor Scott,NE,ED/DE,"$1,150,000"
738,nfl,2012,739,Rey Maualuga,CIN,LB/ILB,"$1,149,000"
739,nfl,2012,740,Brian Jennings,SF,LS,"$1,146,000"
740,nfl,2012,741,Ryan Williams,ARI,RB,"$1,141,703"
741,nfl,2012,742,Patrick Angerer,IND,LB/ILB,"$1,132,500"
742,nfl,2012,743,Jason Trusnik,MIA,LB/ILB,"$1,131,666"
743,nfl,2012,744,Reed Doughty,WAS,S,"$1,125,000"
744,nfl,2012,,Caleb Hanie,DEN,QB,"$1,125,000"
745,nfl,2012,,Mike McGlynn,IND,G,"$1,125,000"
746,nfl,2012,,Michael Otto,TEN,LT,"$1,125,000"
747,nfl,2012,748,Akeem Ayers,TEN,LB/OLB,"$1,119,663"
748,nfl,2012,749,Chris Cook,MIN,CB,"$1,115,000"
749,nfl,2012,750,Adam Hayward,TB,LB/OLB,"$1,105,700"
750,nfl,2012,751,Zak DeOssie,NYG,LS,"$1,105,667"
751,nfl,2012,752,Bruce Carter,DAL,LB/ILB,"$1,103,318"
752,nfl,2012,753,Chris Chamberlain,NO,LB/ILB,"$1,100,000"
753,nfl,2012,,Dexter McCluster,KC,RB,"$1,100,000"
754,nfl,2012,755,Koa Misi,MIA,LB/OLB,"$1,093,000"
755,nfl,2012,756,Mike Leach,ARI,LS,"$1,091,667"
756,nfl,2012,,Tom Zbikowski,IND,S,"$1,091,667"
757,nfl,2012,758,C.J. Spillman,SF,S,"$1,083,333"
758,nfl,2012,759,Keith Rivers,NYG,LB/OLB,"$1,078,125"
759,nfl,2012,760,Matt Slauson,NYJ,G,"$1,075,050"
760,nfl,2012,761,Kirk Morrison,BUF,LB,"$1,071,875"
761,nfl,2012,762,Jairus Byrd,BUF,FS,"$1,070,000"
762,nfl,2012,763,Brooks Reed,HOU,DL/DE,"$1,068,867"
763,nfl,2012,764,Patrick Mannelly,CHI,LS,"$1,061,666"
764,nfl,2012,765,Randy McMichael,SD,TE,"$1,060,000"
765,nfl,2012,766,T.J. Ward,CLE,SS,"$1,058,750"
766,nfl,2012,767,Brendon Ayanbadejo,BAL,LB,"$1,058,333"
767,nfl,2012,,Jason Snelling,ATL,RB,"$1,058,333"
768,nfl,2012,769,Kyle Rudolph,MIN,TE,"$1,052,239"
769,nfl,2012,770,Corey McIntyre,BUF,FB,"$1,050,000"
770,nfl,2012,771,Barry Church,DAL,SS,"$1,044,000"
771,nfl,2012,772,Quan Cosby,JAX,WR,"$1,042,334"
772,nfl,2012,773,Ben Hartsock,CAR,TE,"$1,040,000"
773,nfl,2012,774,Jeremy Cain,JAX,LS,"$1,033,333"
774,nfl,2012,,Haruki Nakamura,CAR,S,"$1,033,333"
775,nfl,2012,776,Michael Adams,ARI,S,"$1,025,000"
776,nfl,2012,,Dave Ball,TEN,ED/DE,"$1,025,000"
777,nfl,2012,,Anthony Collins,CIN,LT,"$1,025,000"
778,nfl,2012,,Nick Eason,ARI,DL/DE,"$1,025,000"
779,nfl,2012,780,Barry Richardson,STL,LT,"$1,020,000"
780,nfl,2012,781,Arrelious Benn,TB,WR,"$1,015,000"
781,nfl,2012,,Aaron Maybin,NYJ,ED/OLB,"$1,015,000"
782,nfl,2012,,Mike Mitchell,OAK,FS,"$1,015,000"
783,nfl,2012,,Chris Pressley,CIN,FB,"$1,015,000"
784,nfl,2012,785,Rahim Moore,DEN,FS,"$1,010,938"
785,nfl,2012,786,Jarvis Jenkins,WAS,DL/DE,"$1,007,878"
786,nfl,2012,787,Garrison Sanborn,BUF,LS,"$1,006,667"
787,nfl,2012,788,D.J. Ware,TB,RB,"$1,005,000"
788,nfl,2012,789,Justin Bannan,DEN,DL/DT,"$1,000,000"
789,nfl,2012,,Josh Barrett,NE,S,"$1,000,000"
790,nfl,2012,,Ron Bartell,OAK,CB,"$1,000,000"
791,nfl,2012,,Keith Brooking,DEN,LB,"$1,000,000"
792,nfl,2012,,Ronnie Brown,SD,RB,"$1,000,000"
793,nfl,2012,,Blake Costanzo,CHI,LB/OLB,"$1,000,000"
794,nfl,2012,,Chase Daniel,NO,QB,"$1,000,000"
795,nfl,2012,,Demar Dotson,TB,RT,"$1,000,000"
796,nfl,2012,,Brandon Gibson,STL,WR,"$1,000,000"
797,nfl,2012,,Gary Gibson,TB,DL/DT,"$1,000,000"
798,nfl,2012,,Clark Haggans,SF,LB,"$1,000,000"
799,nfl,2012,,Dave Tollefson,OAK,ED/DE,"$1,000,000"
800,nfl,2012,801,Aaron Curry,OAK,LB/OLB,"$992,000"
801,nfl,2012,802,Torell Troup,BUF,DL/DT,"$991,250"
802,nfl,2012,803,Orlando Franklin,DEN,G,"$990,000"
803,nfl,2012,,Mike Peterson,ATL,LB,"$990,000"
804,nfl,2012,,Tracy White,NE,LB,"$990,000"
805,nfl,2012,806,John Denney,MIA,LS,"$988,750"
806,nfl,2012,,Lamarr Houston,OAK,LB/OLB,"$988,750"
807,nfl,2012,808,Sebastian Vollmer,NE,RT,"$980,000"
808,nfl,2012,809,Brian Quick,STL,WR,"$979,382"
809,nfl,2012,810,Cullen Loeffler,MIN,LS,"$975,000"
810,nfl,2012,811,Mohamed Massaquoi,CLE,WR,"$972,876"
811,nfl,2012,812,Coby Fleener,IND,TE,"$971,209"
812,nfl,2012,813,Andy Levitre,BUF,G,"$965,000"
813,nfl,2012,814,Courtney Upshaw,BAL,DL/DT,"$963,036"
814,nfl,2012,815,Lance Kendricks,STL,TE,"$960,496"
815,nfl,2012,816,Vontae Davis,IND,CB,"$957,500"
816,nfl,2012,817,Josh Gordon,CLE,WR,"$954,115"
817,nfl,2012,818,Sean Lissemore,DAL,DL/DT,"$952,150"
818,nfl,2012,819,Will Allen,NE,S,"$950,000"
819,nfl,2012,,Reggie Hodges,CLE,P,"$950,000"
820,nfl,2012,,Adam-Pacman Jones,CIN,CB,"$950,000"
821,nfl,2012,,L.P. Ladouceur,DAL,LS,"$950,000"
822,nfl,2012,,Ryan Wendell,NE,C,"$950,000"
823,nfl,2012,824,Ashlee Palmer,DET,LB/OLB,"$948,333"
824,nfl,2012,825,Shawne Merriman,BUF,LB,"$947,059"
825,nfl,2012,826,Derek Wolfe,DEN,ED/DE,"$946,691"
826,nfl,2012,827,Mitchell Schwartz,CLE,RT,"$940,153"
827,nfl,2012,828,Stefen Wisniewski,OAK,C,"$939,864"
828,nfl,2012,829,Jon Dorenbos,PHI,LS,"$933,333"
829,nfl,2012,830,Patrick Bailey,TEN,LB/OLB,"$930,000"
830,nfl,2012,,Alex Boone,SF,G,"$930,000"
831,nfl,2012,,Tim Shaw,TEN,LB/OLB,"$930,000"
832,nfl,2012,833,Andre Branch,JAX,ED/DE,"$925,442"
833,nfl,2012,834,Plaxico Burress,PIT,WR,"$925,000"
834,nfl,2012,,Cooper Carlisle,OAK,G,"$925,000"
835,nfl,2012,,Nick Harris,DET,P,"$925,000"
836,nfl,2012,,Brian Moorman,DAL,P,"$925,000"
837,nfl,2012,,Greg Warren,PIT,LS,"$925,000"
838,nfl,2012,839,John Wendling,DET,S,"$923,333"
839,nfl,2012,840,Linval Joseph,NYG,DL/DT,"$922,000"
840,nfl,2012,841,Zane Beadles,DEN,G,"$920,000"
841,nfl,2012,842,Benjamin Ijalana,IND,RT,"$919,431"
842,nfl,2012,843,Connor Barwin,HOU,ED/OLB,"$917,500"
843,nfl,2012,,Phillip Loadholt,MIN,RT,"$917,500"
844,nfl,2012,845,Lawrence Jackson,DET,ED/DE,"$915,000"
845,nfl,2012,,James Sanders,ARI,S,"$915,000"
846,nfl,2012,847,Janoris Jenkins,STL,CB,"$907,331"
847,nfl,2012,848,William Hayes,STL,ED/DE,"$900,000"
848,nfl,2012,,Dan Orlovsky,TB,QB,"$900,000"
849,nfl,2012,,Geoff Schwartz,MIN,G,"$900,000"
850,nfl,2012,,Lawrence Vickers,DAL,FB,"$900,000"
851,nfl,2012,,Dave Zastudil,ARI,P,"$900,000"
852,nfl,2012,853,Marcus Gilchrist,SD,SS,"$899,000"
853,nfl,2012,854,Javier Arenas,KC,CB,"$898,750"
854,nfl,2012,855,Amini Silatolu,CAR,G,"$897,655"
855,nfl,2012,856,Jason Worilds,PIT,ED/OLB,"$895,000"
856,nfl,2012,857,Danny Woodhead,NE,RB,"$891,668"
857,nfl,2012,858,Jordan Black,WAS,T,"$890,000"
858,nfl,2012,,Donnie Jones,HOU,P,"$890,000"
859,nfl,2012,,Sean Locklear,NYG,T,"$890,000"
860,nfl,2012,861,Cordy Glenn,BUF,LT,"$884,578"
861,nfl,2012,862,Brett Goode,GB,LS,"$881,250"
862,nfl,2012,863,Da'Quan Bowers,TB,DL/DT,"$876,281"
863,nfl,2012,864,Terrance Copper,KC,WR,"$875,000"
864,nfl,2012,865,Jermey Parnell,DAL,RT,"$873,333"
865,nfl,2012,866,Fili Moala,IND,DL/DE,"$873,000"
866,nfl,2012,867,Jonathan Martin,MIA,RT,"$869,867"
867,nfl,2012,868,Paul Kruger,BAL,ED/OLB,"$865,000"
868,nfl,2012,,Stefan Logan,DET,WR,"$865,000"
869,nfl,2012,870,Marvin Austin,NYG,DL/DT,"$858,136"
870,nfl,2012,871,Stephen Hill,NYJ,WR,"$856,791"
871,nfl,2012,872,Sherrod Martin,CAR,SS,"$851,000"
872,nfl,2012,873,Atari Bigby,SD,S,"$850,000"
873,nfl,2012,,Ryan Cook,DAL,C,"$850,000"
874,nfl,2012,,Abram Elam,KC,S,"$850,000"
875,nfl,2012,,Eric Frampton,DAL,S,"$850,000"
876,nfl,2012,,Brandon McKinney,IND,DL/DT,"$850,000"
877,nfl,2012,,Alex Smith,CLE,TE,"$850,000"
878,nfl,2012,879,Jermaine Cunningham,NE,ED/DE,"$849,375"
879,nfl,2012,880,Shonn Greene,NYJ,RB,"$849,370"
880,nfl,2012,881,Carlos Dunlap,CIN,ED/DE,"$847,000"
881,nfl,2012,882,William Beatty,NYG,LT,"$845,000"
882,nfl,2012,,Sen'Derrick Marks,TEN,DL/DT,"$845,000"
883,nfl,2012,884,Jeff Allen,KC,G,"$844,331"
884,nfl,2012,885,Sean Lee,DAL,LB/OLB,"$840,000"
885,nfl,2012,,William Moore,ATL,SS,"$840,000"
886,nfl,2012,887,Stephen Paea,CHI,DL/DT,"$837,705"
887,nfl,2012,888,Reggie Walker,ARI,LB/ILB,"$832,500"
888,nfl,2012,889,Michael Neal,GB,ED/OLB,"$830,000"
889,nfl,2012,890,Alshon Jeffery,CHI,WR,"$826,879"
890,nfl,2012,891,Chris Carr,SD,CB,"$825,000"
891,nfl,2012,,Keyaron Fox,HOU,LB/ILB,"$825,000"
892,nfl,2012,,Joselio Hanson,OAK,CB,"$825,000"
893,nfl,2012,,Cullen Jenkins,PHI,ED/DE,"$825,000"
894,nfl,2012,,Dan Koppen,DEN,C,"$825,000"
895,nfl,2012,,Spencer Larsen,NE,RB,"$825,000"
896,nfl,2012,,Mat McBriar,PHI,P,"$825,000"
897,nfl,2012,,Terence Newman,CIN,CB,"$825,000"
898,nfl,2012,,Shawntae Spencer,OAK,CB,"$825,000"
899,nfl,2012,,Donte Stallworth,NE,WR,"$825,000"
900,nfl,2012,,Eric Steinbach,MIA,G,"$825,000"
901,nfl,2012,902,Terrence Cody,BAL,DL/DT,"$820,000"
902,nfl,2012,903,Antoine Caldwell,HOU,G,"$816,062"
903,nfl,2012,904,Jimmy Clausen,CAR,QB,"$812,500"
904,nfl,2012,,Craig Steltz,CHI,S,"$812,500"
905,nfl,2012,906,Mychal Kendricks,PHI,LB/OLB,"$808,081"
906,nfl,2012,907,Andrew Economos,TB,LS,"$805,000"
907,nfl,2012,908,Sean Smith,MIA,CB,"$801,250"
908,nfl,2012,909,Lorenzo Alexander,WAS,ED/OLB,"$800,000"
909,nfl,2012,,Devin Aromashodu,MIN,WR,"$800,000"
910,nfl,2012,,Andre Caldwell,DEN,WR,"$800,000"
911,nfl,2012,912,Rodney Hudson,KC,C,"$796,473"
912,nfl,2012,913,Vladimir Ducasse,NYJ,G,"$796,250"
913,nfl,2012,914,Darius Butler,IND,FS,"$795,000"
914,nfl,2012,915,Thomas Gafford,KC,LS,"$791,668"
915,nfl,2012,916,Jared Cook,TEN,TE,"$790,000"
916,nfl,2012,,Kyle Love,NE,DL/DT,"$790,000"
917,nfl,2012,,Golden Tate,SEA,WR,"$790,000"
918,nfl,2012,919,Alex Magee,KC,DL/DT,"$788,750"
919,nfl,2012,920,Christopher Owens,ATL,CB,"$787,175"
920,nfl,2012,921,Shane Vereen,NE,RB,"$786,625"
921,nfl,2012,922,Jerraud Powers,IND,CB,"$784,625"
922,nfl,2012,923,Garry Williams,CAR,G,"$783,333"
923,nfl,2012,924,Bobby Wagner,SEA,LB/ILB,"$783,236"
924,nfl,2012,925,Daniel Thomas,MIA,RB,"$781,435"
925,nfl,2012,926,Mikel Leshoure,DET,RB,"$780,495"
926,nfl,2012,927,Tim Masthay,GB,P,"$780,000"
927,nfl,2012,,Brandon Spikes,NE,LB/ILB,"$780,000"
928,nfl,2012,929,Matt Shaughnessy,OAK,ED/DE,"$778,062"
929,nfl,2012,930,Oniel Cousins,CLE,G,"$775,000"
930,nfl,2012,,John Greco,CLE,G,"$775,000"
931,nfl,2012,,Matthew Mulligan,STL,TE,"$775,000"
932,nfl,2012,933,Myron Lewis,TB,CB,"$772,525"
933,nfl,2012,934,Torrey Smith,BAL,WR,"$770,224"
934,nfl,2012,935,Travis Beckum,NYG,TE,"$768,250"
935,nfl,2012,936,Jon Asamoah,KC,G,"$768,030"
936,nfl,2012,937,Tavon Wilson,NE,SS,"$766,891"
937,nfl,2012,938,J.J. Jansen,CAR,LS,"$765,000"
938,nfl,2012,,Mike Pollak,CAR,G,"$765,000"
939,nfl,2012,,Dennis Roland,CIN,RT,"$765,000"
940,nfl,2012,,Chaz Schilens,NYJ,WR,"$765,000"
941,nfl,2012,,Kevin Smith,DET,RB,"$765,000"
942,nfl,2012,943,Ed Dickson,BAL,TE,"$760,833"
943,nfl,2012,944,Ben Tate,HOU,RB,"$759,250"
944,nfl,2012,945,Morgan Burnett,GB,SS,"$758,775"
945,nfl,2012,946,Greg Little,CLE,WR,"$756,250"
946,nfl,2012,947,Alex Carrington,BUF,DL/DT,"$756,000"
947,nfl,2012,948,John Jerry,MIA,G,"$754,625"
948,nfl,2012,949,Kendall Reyes,SD,DL/DE,"$750,545"
949,nfl,2012,950,Jerome Felton,MIN,FB,"$750,000"
950,nfl,2012,,Tim Jamison,HOU,DL/DE,"$750,000"
951,nfl,2012,,Donald Thomas,NE,G,"$750,000"
952,nfl,2012,953,Brandon Harris,HOU,CB,"$749,847"
953,nfl,2012,954,Damian Williams,TEN,WR,"$745,812"
954,nfl,2012,955,Charles Brown,NO,LT,"$745,000"
955,nfl,2012,956,Brandon LaFell,CAR,WR,"$744,600"
956,nfl,2012,957,Jonas Mouton,SD,LB/ILB,"$741,675"
957,nfl,2012,958,Montario Hardesty,CLE,RB,"$740,000"
958,nfl,2012,,James Ihedigbo,BAL,SS,"$740,000"
959,nfl,2012,960,Victor Butler,DAL,LB/OLB,"$739,635"
960,nfl,2012,961,Earl Mitchell,HOU,DL/DT,"$737,125"
961,nfl,2012,962,Vaughn Martin,SD,DL/DE,"$736,562"
962,nfl,2012,963,David Bruton,DEN,SS,"$735,600"
963,nfl,2012,964,Devon Still,CIN,DL/DT,"$735,164"
964,nfl,2012,965,Isaiah Pead,STL,RB,"$734,200"
965,nfl,2012,966,Ryan Mouton,TEN,CB,"$730,937"
966,nfl,2012,967,Randall Cobb,GB,WR,"$729,414"
967,nfl,2012,968,Colt McCoy,CLE,QB,"$727,750"
968,nfl,2012,969,Lawrence Sidbury,ATL,LB/OLB,"$726,225"
969,nfl,2012,970,Marvin Mitchell,MIN,LB/OLB,"$725,000"
970,nfl,2012,,Leonard Pope,KC,TE,"$725,000"
971,nfl,2012,,Richard Quinn,CIN,TE,"$725,000"
972,nfl,2012,973,Amari Spievey,DET,S,"$722,333"
973,nfl,2012,974,Gerald McRath,TEN,LB,"$721,531"
974,nfl,2012,975,Andre Roberts,ARI,WR,"$721,050"
975,nfl,2012,976,Armanti Edwards,CAR,WR,"$718,460"
976,nfl,2012,977,Jerel Worthy,GB,DL/DT,"$717,855"
977,nfl,2012,978,Shawn Lauvao,CLE,G,"$714,250"
978,nfl,2012,979,Jared Veldheer,OAK,RT,"$713,750"
979,nfl,2012,980,Major Wright,CHI,S,"$709,825"
980,nfl,2012,981,Jabar Gaffney,MIA,WR,"$707,353"
981,nfl,2012,982,Jimmy Graham,NO,TE,"$706,285"
982,nfl,2012,983,D'Anthony Smith,JAX,DL/DT,"$702,500"
983,nfl,2012,984,Zach Brown,TEN,LB/ILB,"$701,509"
984,nfl,2012,985,Mike Johnson,ATL,RT,"$700,553"
985,nfl,2012,986,Alan Ball,HOU,CB,"$700,000"
986,nfl,2012,,Kentwan Balmer,WAS,DL/DE,"$700,000"
987,nfl,2012,,Allen Barbre,SEA,G,"$700,000"
988,nfl,2012,,Ron Bartell,DET,CB,"$700,000"
989,nfl,2012,,Tyrone Culver,MIA,S,"$700,000"
990,nfl,2012,,Keyunta Dawson,TEN,ED/DE,"$700,000"
991,nfl,2012,,Quintin Demps,HOU,SS,"$700,000"
992,nfl,2012,,Tim Dobbins,HOU,LB/ILB,"$700,000"
993,nfl,2012,,Lionel Dotson,BUF,ED/DE,"$700,000"
994,nfl,2012,,Leger Douzable,TEN,DL/DT,"$700,000"
995,nfl,2012,,Justin Forsett,HOU,RB,"$700,000"
996,nfl,2012,,Tavares Gooden,SF,LB/ILB,"$700,000"
997,nfl,2012,,Quentin Groves,ARI,ED/OLB,"$700,000"
998,nfl,2012,,Ryan Harris,HOU,LT,"$700,000"
999,nfl,2012,,Jacob Hester,DEN,RB,"$700,000"
1000,nfl,2012,,Jason Hunter,DEN,ED/DE,"$700,000"
1001,nfl,2012,,Tyrell Johnson,DET,S,"$700,000"
1002,nfl,2012,,Akeem Jordan,PHI,LB/ILB,"$700,000"
1003,nfl,2012,,Ryan Longwell,SEA,K,"$700,000"
1004,nfl,2012,,Elbert Mack,NO,CB,"$700,000"
1005,nfl,2012,,Jamon Meredith,TB,RT,"$700,000"
1006,nfl,2012,,Evan Moore,PHI,TE,"$700,000"
1007,nfl,2012,,Amobi Okoye,CHI,DL/DT,"$700,000"
1008,nfl,2012,,Charlie Peprah,DAL,S,"$700,000"
1009,nfl,2012,,Manuel Ramirez,DEN,G,"$700,000"
1010,nfl,2012,,Courtney Roby,NO,WR,"$700,000"
1011,nfl,2012,,Martin Rucker,KC,TE,"$700,000"
1012,nfl,2012,,Brandon Siler,KC,LB,"$700,000"
1013,nfl,2012,,Justin Tryon,NYG,CB,"$700,000"
1014,nfl,2012,,Ray Willis,KC,T,"$700,000"
1015,nfl,2012,,Ashton Youboty,JAX,CB,"$700,000"
1016,nfl,2012,1017,Kaluka Maiava,CLE,LB/ILB,"$694,125"
1017,nfl,2012,1018,Henry Melton,CHI,DL/DT,"$692,807"
1018,nfl,2012,1019,Donald Butler,SD,LB/ILB,"$692,125"
1019,nfl,2012,1020,Kenny Onatolu,CAR,LB,"$690,000"
1020,nfl,2012,1021,J.D. Walton,DEN,C,"$689,625"
1021,nfl,2012,1022,Dontay Moch,CIN,ED/DE,"$686,742"
1022,nfl,2012,1023,Emmanuel Sanders,PIT,WR,"$685,356"
1023,nfl,2012,1024,Kelvin Sheppard,BUF,LB/ILB,"$682,708"
1024,nfl,2012,1025,Corey Peters,ATL,DL/DT,"$681,750"
1025,nfl,2012,1026,D.J. Moore,CHI,CB,"$681,688"
1026,nfl,2012,1027,Robert Housler,ARI,TE,"$681,023"
1027,nfl,2012,1028,Pat Lee,OAK,CB,"$680,000"
1028,nfl,2012,1029,Marcus Gilbert,PIT,RT,"$676,802"
1029,nfl,2012,1030,DeMarco Murray,DAL,RB,"$675,906"
1030,nfl,2012,1031,Everson Griffen,MIN,ED/DE,"$675,000"
1031,nfl,2012,1032,Mike Williams,TB,WR,"$674,562"
1032,nfl,2012,1033,Darryl Sharpton,IND,LB/ILB,"$673,735"
1033,nfl,2012,1034,Eric Decker,DEN,WR,"$673,037"
1034,nfl,2012,1035,Perry Riley,WAS,LB/ILB,"$672,500"
1035,nfl,2012,1036,Alterraun Verner,TEN,CB,"$671,785"
1036,nfl,2012,1037,Stevan Ridley,NE,RB,"$671,250"
1037,nfl,2012,1038,Jim Leonhard,DEN,S,"$670,000"
1038,nfl,2012,1039,Ryan Mallett,NE,QB,"$669,961"
1039,nfl,2012,1040,Ryan Broyles,DET,WR,"$668,818"
1040,nfl,2012,1041,Darrell Stuckey,SD,FS,"$666,500"
1041,nfl,2012,1042,Walter Thurmond,SEA,FS,"$665,875"
1042,nfl,2012,1043,Joe McKnight,NYJ,RB,"$665,250"
1043,nfl,2012,1044,Donnie Avery,IND,WR,"$665,000"
1044,nfl,2012,,Gary Barnidge,CAR,TE,"$665,000"
1045,nfl,2012,1046,John Moffitt,SEA,G,"$664,375"
1046,nfl,2012,1047,Dennis Pitta,BAL,TE,"$663,667"
1047,nfl,2012,1048,Will Rackley,JAX,G,"$662,335"
1048,nfl,2012,1049,Tony Moeaki,KC,TE,"$661,662"
1049,nfl,2012,1050,James Casey,HOU,FB,"$661,250"
1050,nfl,2012,1051,Joe Hawley,ATL,C,"$660,795"
1051,nfl,2012,1052,Garrett Graham,HOU,TE,"$660,025"
1052,nfl,2012,1053,Geno Atkins,CIN,DL/DT,"$658,112"
1053,nfl,2012,1054,Justin Houston,KC,ED/OLB,"$657,812"
1054,nfl,2012,1055,Clay Harbor,PHI,TE,"$653,225"
1055,nfl,2012,1056,Peter Konz,ATL,C,"$652,473"
1056,nfl,2012,1057,Javon Ringer,TEN,RB,"$651,635"
1057,nfl,2012,1058,Marquice Cole,NE,CB,"$650,000"
1058,nfl,2012,1059,O'Brien Schofield,ARI,ED/OLB,"$647,125"
1059,nfl,2012,1060,Jurrell Casey,TEN,DL/DT,"$644,359"
1060,nfl,2012,1061,Mike Adams,PIT,LT,"$644,300"
1061,nfl,2012,1062,Leonard Hankerson,WAS,WR,"$641,594"
1062,nfl,2012,1063,Shayne Graham,HOU,K,"$640,000"
1063,nfl,2012,,Kevin Ogletree,DAL,WR,"$640,000"
1064,nfl,2012,1065,Brock Osweiler,DEN,QB,"$639,396"
1065,nfl,2012,1066,Nate Irving,DEN,LB/ILB,"$638,750"
1066,nfl,2012,1067,Domonique Johnson,PHI,CB,"$637,500"
1067,nfl,2012,1068,Curtis Marsh,PHI,CB,"$635,880"
1068,nfl,2012,1069,Akeem Dent,ATL,LB/ILB,"$635,725"
1069,nfl,2012,1070,Austin Pettis,STL,WR,"$634,567"
1070,nfl,2012,1071,Bernard Scott,CIN,RB,"$634,377"
1071,nfl,2012,1072,Jerrel Jernigan,NYG,WR,"$633,813"
1072,nfl,2012,1073,Mason Foster,TB,LB/ILB,"$632,812"
1073,nfl,2012,1074,Lavonte David,TB,LB/OLB,"$631,224"
1074,nfl,2012,1075,Brad Jones,GB,LB/ILB,"$630,063"
1075,nfl,2012,1076,David Johnson,PIT,TE,"$630,000"
1076,nfl,2012,,Chad Rinehart,BUF,G,"$630,000"
1077,nfl,2012,1078,Martez Wilson,NO,LB/OLB,"$629,081"
1078,nfl,2012,1079,Moise Fokou,IND,LB/ILB,"$627,438"
1079,nfl,2012,1080,Jamarca Sanford,MIN,SS,"$627,318"
1080,nfl,2012,1081,Julian Edelman,NE,WR,"$627,175"
1081,nfl,2012,1082,Sammie Stroughter,TB,WR,"$627,067"
1082,nfl,2012,1083,Ricky Jean Francois,SF,DL/DT,"$625,750"
1083,nfl,2012,1084,Cameron Morrah,SEA,TE,"$625,137"
1084,nfl,2012,1085,Drake Nevis,IND,DL/DE,"$622,278"
1085,nfl,2012,1086,Kassim Osgood,DET,WR,"$620,000"
1086,nfl,2012,1087,Jacoby Ford,OAK,WR,"$618,871"
1087,nfl,2012,1088,Chris Harris,JAX,S,"$618,750"
1088,nfl,2012,1089,Kenrick Ellis,NYJ,DL/DT,"$617,500"
1089,nfl,2012,1090,Corey Wootton,CHI,DL/DT,"$616,793"
1090,nfl,2012,1091,Kahlil Bell,CHI,RB,"$615,000"
1091,nfl,2012,,Brock Bolen,JAX,RB,"$615,000"
1092,nfl,2012,,Deon Butler,SEA,WR,"$615,000"
1093,nfl,2012,,Tony Carter,DEN,CB,"$615,000"
1094,nfl,2012,,Aubrayo Franklin,SD,DL/DT,"$615,000"
1095,nfl,2012,,Cody Glenn,BAL,LB,"$615,000"
1096,nfl,2012,,Mike Goodson,OAK,RB,"$615,000"
1097,nfl,2012,,Domenik Hixon,NYG,WR,"$615,000"
1098,nfl,2012,,Ramon Humber,NO,LB/OLB,"$615,000"
1099,nfl,2012,,Rob Jackson,WAS,ED/OLB,"$615,000"
1100,nfl,2012,,Quinn Johnson,TEN,FB,"$615,000"
1101,nfl,2012,,Justin King,PIT,CB,"$615,000"
1102,nfl,2012,,Kyle Moore,BUF,ED/DE,"$615,000"
1103,nfl,2012,,Jesse Nading,HOU,DL/DE,"$615,000"
1104,nfl,2012,,Jake O'Connell,KC,TE,"$615,000"
1105,nfl,2012,,Jordan Palmer,JAX,QB,"$615,000"
1106,nfl,2012,,Jalen Parmele,JAX,RB,"$615,000"
1107,nfl,2012,,Bear Pascoe,NYG,TE,"$615,000"
1108,nfl,2012,,Darius Reynaud,TEN,RB,"$615,000"
1109,nfl,2012,,Brian Schaefering,DAL,DL/DT,"$615,000"
1110,nfl,2012,,Evan Smith,GB,C,"$615,000"
1111,nfl,2012,,Kory Sperry,ARI,TE,"$615,000"
1112,nfl,2012,,Isaiah Stanback,JAX,TE,"$615,000"
1113,nfl,2012,,Tiquan Underwood,TB,WR,"$615,000"
1114,nfl,2012,,Fernando Velasco,TEN,G,"$615,000"
1115,nfl,2012,,Cody Wallace,TB,C,"$615,000"
1116,nfl,2012,,Jamaal Westerman,IND,LB,"$615,000"
1117,nfl,2012,,Jason Williams,CAR,LB/OLB,"$615,000"
1118,nfl,2012,1119,Vinny Curry,PHI,ED/DE,"$614,878"
1119,nfl,2012,1120,Chris Culliver,SF,CB,"$614,719"
1120,nfl,2012,1121,Vincent Brown,SD,WR,"$611,517"
1121,nfl,2012,,Terrelle Pryor,OAK,WR,"$611,517"
1122,nfl,2012,1123,Jasper Brinkley,MIN,LB/ILB,"$611,500"
1123,nfl,2012,1124,Garrett Reynolds,ATL,G,"$610,150"
1124,nfl,2012,1125,Christopher Conte,CHI,FS,"$608,400"
1125,nfl,2012,1126,Kelechi Osemele,BAL,G,"$608,340"
1126,nfl,2012,1127,Cecil Shorts,JAX,WR,"$607,306"
1127,nfl,2012,1128,Jah Reid,BAL,RT,"$605,810"
1128,nfl,2012,1129,Billy Bajema,BAL,TE,"$605,000"
1129,nfl,2012,,Charlie Batch,PIT,QB,"$605,000"
1130,nfl,2012,,Nick Folk,NYJ,K,"$605,000"
1131,nfl,2012,,Rex Hadnot,SD,G,"$605,000"
1132,nfl,2012,,Will Heller,DET,TE,"$605,000"
1133,nfl,2012,,Chris Hope,ATL,S,"$605,000"
1134,nfl,2012,,Niko Koutouvides,NE,LB/ILB,"$605,000"
1135,nfl,2012,,Don Muhlbach,DET,LS,"$605,000"
1136,nfl,2012,,Shaun Rogers,NYG,DL/DT,"$605,000"
1137,nfl,2012,1138,Allen Bailey,KC,DL/DE,"$603,986"
1138,nfl,2012,1139,Jon Weeks,HOU,LS,"$603,750"
1139,nfl,2012,1140,LaMichael James,SF,RB,"$603,436"
1140,nfl,2012,1141,Casey Hayward,GB,CB,"$601,802"
1141,nfl,2012,1142,Alexander Green,GB,RB,"$601,250"
1142,nfl,2012,,Johnny Patrick,NO,CB,"$601,250"
1143,nfl,2012,1144,Shareece Wright,SD,CB,"$601,035"
1144,nfl,2012,1145,Jason Fox,DET,RT,"$600,302"
1145,nfl,2012,1146,Chris Prosinski,JAX,SS,"$600,033"
1146,nfl,2012,1147,Rueben Randle,NYG,WR,"$598,533"
1147,nfl,2012,1148,David Arkin,DAL,G,"$598,400"
1148,nfl,2012,1149,Curtis Brown,PIT,CB,"$595,300"
1149,nfl,2012,1150,Kam Chancellor,SEA,SS,"$593,402"
1150,nfl,2012,1151,Jalil Brown,KC,CB,"$592,325"
1151,nfl,2012,1152,Kendrick Lewis,KC,FS,"$591,725"
1152,nfl,2012,1153,Sione Fua,CAR,DL/DT,"$591,504"
1153,nfl,2012,1154,Don Carey,DET,SS,"$590,000"
1154,nfl,2012,1155,Cam Thomas,SD,DL/DT,"$587,825"
1155,nfl,2012,1156,Brandon Myers,OAK,TE,"$587,750"
1156,nfl,2012,1157,Zoltan Mesko,NE,P,"$586,812"
1157,nfl,2012,1158,K.J. Wright,SEA,LB/OLB,"$586,500"
1158,nfl,2012,1159,Da'Norris Searcy,BUF,SS,"$586,106"
1159,nfl,2012,1160,Austen Lane,JAX,ED/DE,"$586,049"
1160,nfl,2012,1161,Andrew Quarless,GB,TE,"$585,606"
1161,nfl,2012,1162,John Skelton,ARI,QB,"$585,412"
1162,nfl,2012,1163,Clint Boling,CIN,G,"$585,362"
1163,nfl,2012,1164,Myron Pryor,NE,DL/DT,"$584,750"
1164,nfl,2012,1165,David Reed,BAL,WR,"$584,633"
1165,nfl,2012,1166,John Phillips,DAL,TE,"$584,562"
1166,nfl,2012,1167,Arthur Jones,BAL,DL/DT,"$584,500"
1167,nfl,2012,1168,Jordan Cameron,CLE,TE,"$584,350"
1168,nfl,2012,1169,Sam Acho,ARI,ED/OLB,"$583,607"
1169,nfl,2012,1170,Luke Stocker,TB,TE,"$583,172"
1170,nfl,2012,1171,Roy Helu,WAS,RB,"$582,563"
1171,nfl,2012,1172,Reshad Jones,MIA,SS,"$580,075"
1172,nfl,2012,1173,Stevenson Sylvester,PIT,LB/ILB,"$578,853"
1173,nfl,2012,1174,Colin McCarthy,TEN,LB/ILB,"$578,850"
1174,nfl,2012,1175,Quinton Carter,DEN,S,"$578,750"
1175,nfl,2012,1176,Marshall Newhouse,GB,RT,"$577,462"
1176,nfl,2012,1177,Kendall Hunter,SF,RB,"$574,805"
1177,nfl,2012,1178,Rashad Jennings,JAX,RB,"$574,612"
1178,nfl,2012,1179,Josh Robinson,MIN,CB,"$574,250"
1179,nfl,2012,1180,Casey Matthews,PHI,LB/ILB,"$573,716"
1180,nfl,2012,1181,Brandon Tate,CIN,WR,"$573,120"
1181,nfl,2012,1182,James Brewer,NYG,G,"$573,023"
1182,nfl,2012,1183,Delone Carter,IND,RB,"$571,301"
1183,nfl,2012,1184,Alex Henery,PHI,K,"$570,027"
1184,nfl,2012,1185,Colin Brown,BUF,G,"$570,000"
1185,nfl,2012,1186,Chris Hairston,BUF,LT,"$568,977"
1186,nfl,2012,1187,Greg Hardy,CAR,ED/DE,"$568,946"
1187,nfl,2012,1188,Jeremy Trueblood,TB,RT,"$568,750"
1188,nfl,2012,1189,Rusty Smith,TEN,QB,"$568,556"
1189,nfl,2012,1190,Tandon Doss,BAL,WR,"$568,140"
1190,nfl,2012,1191,Arthur Moats,BUF,LB/OLB,"$568,000"
1191,nfl,2012,1192,Owen Marecic,CLE,FB,"$567,000"
1192,nfl,2012,1193,Christian Ballard,MIN,DL/DT,"$566,888"
1193,nfl,2012,1194,Cory Greenwood,KC,ED/OLB,"$566,250"
1194,nfl,2012,,Taiwan Jones,OAK,RB,"$566,250"
1195,nfl,2012,1196,Anthony McCoy,SEA,TE,"$566,212"
1196,nfl,2012,1197,Jonathan Dwyer,PIT,RB,"$565,946"
1197,nfl,2012,1198,Dwayne Allen,IND,TE,"$565,826"
1198,nfl,2012,1199,Eugene Sims,STL,ED/DE,"$565,825"
1199,nfl,2012,1200,Bilal Powell,NYJ,RB,"$565,125"
1200,nfl,2012,1201,Everette Brown,SD,ED/OLB,"$565,000"
1201,nfl,2012,,James Davis,WAS,RB,"$565,000"
1202,nfl,2012,,Ellis Lankster,NYJ,CB,"$565,000"
1203,nfl,2012,1204,Joe Webb,MIN,QB,"$563,128"
1204,nfl,2012,1205,Cortez Allen,PIT,CB,"$562,875"
1205,nfl,2012,1206,Ronnie Hillman,DEN,RB,"$562,708"
1206,nfl,2012,1207,DeVier Posey,HOU,WR,"$561,023"
1207,nfl,2012,1208,Julius Thomas,DEN,TE,"$561,000"
1208,nfl,2012,1209,T.J. Graham,BUF,WR,"$557,813"
1209,nfl,2012,1210,Trumaine Johnson,STL,CB,"$557,794"
1210,nfl,2012,1211,Bryan Anger,JAX,P,"$555,625"
1211,nfl,2012,1212,J'Marcus Webb,CHI,RT,"$555,153"
1212,nfl,2012,1213,Derek Anderson,CAR,QB,"$555,000"
1213,nfl,2012,,Taylor Mays,CIN,SS,"$555,000"
1214,nfl,2012,1215,Marc Mariani,TEN,WR,"$554,850"
1215,nfl,2012,1216,Troy Nolan,HOU,S,"$554,565"
1216,nfl,2012,1217,Josh LeRibeus,WAS,C,"$554,081"
1217,nfl,2012,1218,Jim Dray,ARI,TE,"$552,250"
1218,nfl,2012,1219,Kavell Conner,IND,LB/ILB,"$551,309"
1219,nfl,2012,1220,Brandon Taylor,SD,S,"$550,969"
1220,nfl,2012,1221,Brandon Deaderick,NE,DL/DT,"$550,075"
1221,nfl,2012,1222,Olivier Vernon,MIA,ED/DE,"$549,520"
1222,nfl,2012,1223,Donald Stephenson,KC,LT,"$549,375"
1223,nfl,2012,1224,Jeff Linkenbach,IND,RT,"$546,668"
1224,nfl,2012,1225,Jordan Senn,CAR,LB/OLB,"$545,000"
1225,nfl,2012,1226,Russell Wilson,SEA,QB,"$544,868"
1226,nfl,2012,1227,Brandon Brooks,HOU,G,"$544,359"
1227,nfl,2012,1228,Barry Church,DAL,SS,"$544,000"
1228,nfl,2012,1229,Dane Fletcher,NE,LB/ILB,"$543,334"
1229,nfl,2012,,Donald Jones,BUF,WR,"$543,334"
1230,nfl,2012,1231,Logan Paulsen,WAS,TE,"$543,333"
1231,nfl,2012,1232,Sam Shields,GB,CB,"$542,500"
1232,nfl,2012,1233,Danny McCray,DAL,SS,"$541,668"
1233,nfl,2012,,Marlon Moore,MIA,WR,"$541,668"
1234,nfl,2012,1235,Chris Ivory,NO,RB,"$541,667"
1235,nfl,2012,1236,Jeff Cumberland,NYJ,TE,"$540,667"
1236,nfl,2012,1237,Jamie Harper,TEN,RB,"$540,145"
1237,nfl,2012,,Davon House,GB,CB,"$540,145"
1238,nfl,2012,1239,Phillip Adams,OAK,CB,"$540,000"
1239,nfl,2012,,Seyi Ajirotutu,SD,WR,"$540,000"
1240,nfl,2012,,Colt Anderson,PHI,SS,"$540,000"
1241,nfl,2012,,Antwan Applewhite,CAR,ED/DE,"$540,000"
1242,nfl,2012,,Anthony Armstrong,DAL,WR,"$540,000"
1243,nfl,2012,,Chris Baker,WAS,DL/DT,"$540,000"
1244,nfl,2012,,Lance Ball,DEN,RB,"$540,000"
1245,nfl,2012,,Jake Ballard,NE,TE,"$540,000"
1246,nfl,2012,,Brandon Banks,WAS,WR,"$540,000"
1247,nfl,2012,,D'Anthony Batiste,ARI,G,"$540,000"
1248,nfl,2012,,Jackie Battle,SD,FB,"$540,000"
1249,nfl,2012,,John Beck,HOU,QB,"$540,000"
1250,nfl,2012,,Joique Bell,DET,RB,"$540,000"
1251,nfl,2012,,Cedric Benson,GB,RB,"$540,000"
1252,nfl,2012,,Chase Blackburn,NYG,LB/OLB,"$540,000"
1253,nfl,2012,,LeGarrette Blount,TB,RB,"$540,000"
1254,nfl,2012,,Dezmon Briscoe,WAS,WR,"$540,000"
1255,nfl,2012,,Tramaine Brock,SF,CB,"$540,000"
1256,nfl,2012,,Richie Brockel,CAR,TE,"$540,000"
1257,nfl,2012,,Ricky Brown,BAL,LB,"$540,000"
1258,nfl,2012,,Stevie Brown,NYG,SS,"$540,000"
1259,nfl,2012,,Bruce Campbell,CAR,RT,"$540,000"
1260,nfl,2012,,David Carr,NYG,QB,"$540,000"
1261,nfl,2012,,Mike Caussin,BUF,TE,"$540,000"
1262,nfl,2012,,Tashard Choice,BUF,RB,"$540,000"
1263,nfl,2012,,Chris Clark,DEN,LT,"$540,000"
1264,nfl,2012,,Kellen Clemens,STL,QB,"$540,000"
1265,nfl,2012,,Chase Coffman,ATL,TE,"$540,000"
1266,nfl,2012,,Justin Cole,STL,LB/ILB,"$540,000"
1267,nfl,2012,,Erik Coleman,DET,S,"$540,000"
1268,nfl,2012,,Nate Collins,CHI,DL/DT,"$540,000"
1269,nfl,2012,,Britton Colquitt,DEN,P,"$540,000"
1270,nfl,2012,,John Conner,CIN,FB,"$540,000"
1271,nfl,2012,,Sean Considine,BAL,S,"$540,000"
1272,nfl,2012,,Emanuel Cook,BAL,CB,"$540,000"
1273,nfl,2012,,Morgan Cox,BAL,LS,"$540,000"
1274,nfl,2012,,Tom Crabtree,GB,TE,"$540,000"
1275,nfl,2012,,Chris Crocker,CIN,S,"$540,000"
1276,nfl,2012,,Jacob Cutrera,TB,LB/ILB,"$540,000"
1277,nfl,2012,,Stanley Daniels,CLE,G,"$540,000"
1278,nfl,2012,,Leonard Davis,SF,G,"$540,000"
1279,nfl,2012,,Brian De La Puente,NO,C,"$540,000"
1280,nfl,2012,,Justin Drescher,NO,LS,"$540,000"
1281,nfl,2012,,Braylon Edwards,SEA,WR,"$540,000"
1282,nfl,2012,,Trent Edwards,PHI,QB,"$540,000"
1283,nfl,2012,,Brody Eldridge,CHI,TE,"$540,000"
1284,nfl,2012,,Ray Feinga,MIA,G,"$540,000"
1285,nfl,2012,,Coye Francies,OAK,CB,"$540,000"
1286,nfl,2012,,Rob Francois,GB,LB/ILB,"$540,000"
1287,nfl,2012,,Dominique Franks,ATL,CB,"$540,000"
1288,nfl,2012,,Omar Gaither,OAK,LB/ILB,"$540,000"
1289,nfl,2012,,Andrew Gardner,HOU,G,"$540,000"
1290,nfl,2012,,Brandon Ghee,CIN,CB,"$540,000"
1291,nfl,2012,,Wallace Gilberry,CIN,ED/DE,"$540,000"
1292,nfl,2012,,Matt Giordano,OAK,S,"$540,000"
1293,nfl,2012,,Kedric Golston,WAS,DL/DT,"$540,000"
1294,nfl,2012,,Josh Gordy,STL,CB,"$540,000"
1295,nfl,2012,,Danny Gorrer,TB,CB,"$540,000"
1296,nfl,2012,,Chris Gronkowski,DEN,RB,"$540,000"
1297,nfl,2012,,Dan Gronkowski,CLE,TE,"$540,000"
1298,nfl,2012,,Derek Hagan,OAK,WR,"$540,000"
1299,nfl,2012,,Mario Haggan,STL,LB,"$540,000"
1300,nfl,2012,,Chad Hall,SF,WR,"$540,000"
1301,nfl,2012,,Derek Hardman,TB,RT,"$540,000"
1302,nfl,2012,,Graham Harrell,GB,QB,"$540,000"
1303,nfl,2012,,Kelvin Hayden,CHI,CB,"$540,000"
1304,nfl,2012,,Geno Hayes,CHI,LB/OLB,"$540,000"
1305,nfl,2012,,Stephon Heyer,NYJ,T,"$540,000"
1306,nfl,2012,,Tony Hills,IND,LT,"$540,000"
1307,nfl,2012,,Vonnie Holliday,ARI,DL/DT,"$540,000"
1308,nfl,2012,,Michael Hoomanawanui,NE,TE,"$540,000"
1309,nfl,2012,,Austin Howard,NYJ,RT,"$540,000"
1310,nfl,2012,,Brandon Hughes,PHI,CB,"$540,000"
1311,nfl,2012,,Corvey Irvin,TB,DL/DT,"$540,000"
1312,nfl,2012,,Bradie James,HOU,LB,"$540,000"
1313,nfl,2012,,A.J. Jefferson,MIN,CB,"$540,000"
1314,nfl,2012,,Brandon Johnson,PIT,LB,"$540,000"
1315,nfl,2012,,Bruce Johnson,NYG,CB,"$540,000"
1316,nfl,2012,,George Johnson,MIN,ED/DE,"$540,000"
1317,nfl,2012,,Robert Johnson,TEN,S,"$540,000"
1318,nfl,2012,,David Jones,WAS,CB,"$540,000"
1319,nfl,2012,,Edgar Jones,KC,ED/OLB,"$540,000"
1320,nfl,2012,,Deji Karim,IND,RB,"$540,000"
1321,nfl,2012,,Bryan Kehl,KC,LB/ILB,"$540,000"
1322,nfl,2012,,Maake Kemoeatu,BAL,DL/DT,"$540,000"
1323,nfl,2012,,Troy Kropog,MIN,RT,"$540,000"
1324,nfl,2012,,Ted Larsen,TB,G,"$540,000"
1325,nfl,2012,,Trevor Laws,STL,DL/DT,"$540,000"
1326,nfl,2012,,Byron Leftwich,PIT,QB,"$540,000"
1327,nfl,2012,,Matt Leinart,OAK,QB,"$540,000"
1328,nfl,2012,,Erik Lorig,TB,FB,"$540,000"
1329,nfl,2012,,Corey Lynch,SD,S,"$540,000"
1330,nfl,2012,,Steve Maneri,KC,TE,"$540,000"
1331,nfl,2012,,Chris Maragos,SEA,FS,"$540,000"
1332,nfl,2012,,Derrick Martin,NE,CB,"$540,000"
1333,nfl,2012,,Ruvell Martin,BUF,WR,"$540,000"
1334,nfl,2012,,Jeron Mastrud,MIA,TE,"$540,000"
1335,nfl,2012,,Ricardo Mathews,IND,DL/DT,"$540,000"
1336,nfl,2012,,Kevin Matthews,TEN,C,"$540,000"
1337,nfl,2012,,Josh Mauga,NYJ,LB/ILB,"$540,000"
1338,nfl,2012,,Darcel McBath,SF,S,"$540,000"
1339,nfl,2012,,Kyle McCarthy,KC,CB,"$540,000"
1340,nfl,2012,,Todd McClure,ATL,C,"$540,000"
1341,nfl,2012,,Josh McCown,CHI,QB,"$540,000"
1342,nfl,2012,,Luke McCown,ATL,QB,"$540,000"
1343,nfl,2012,,Clinton McDonald,SEA,DL/DT,"$540,000"
1344,nfl,2012,,Nick McDonald,NE,C,"$540,000"
1345,nfl,2012,,Rocky McIntosh,STL,LB/OLB,"$540,000"
1346,nfl,2012,,Steve McLendon,PIT,DL/DT,"$540,000"
1347,nfl,2012,,Sherrick McManis,CHI,CB,"$540,000"
1348,nfl,2012,,Jeromy Miles,CIN,SS,"$540,000"
1349,nfl,2012,,Mewelde Moore,IND,RB,"$540,000"
1350,nfl,2012,,Roddrick Muckelroy,WAS,LB/ILB,"$540,000"
1351,nfl,2012,,Rico Murray,CIN,CB,"$540,000"
1352,nfl,2012,,Nate Ness,CAR,FS,"$540,000"
1353,nfl,2012,,Troy Nolan,CHI,S,"$540,000"
1354,nfl,2012,,Nick Novak,SD,K,"$540,000"
1355,nfl,2012,,Chris Ogbonnaya,CLE,RB,"$540,000"
1356,nfl,2012,,Seth Olsen,IND,G,"$540,000"
1357,nfl,2012,,Michael Palmer,ATL,TE,"$540,000"
1358,nfl,2012,,Preston Parker,TB,WR,"$540,000"
1359,nfl,2012,,Roscoe Parrish,TB,WR,"$540,000"
1360,nfl,2012,,Cedric Peerman,CIN,RB,"$540,000"
1361,nfl,2012,,Mitch Petrus,TEN,G,"$540,000"
1362,nfl,2012,,Jason Phillips,CAR,LB/ILB,"$540,000"
1363,nfl,2012,,Tyler Polumbus,WAS,LT,"$540,000"
1364,nfl,2012,,Zach Potter,JAX,TE,"$540,000"
1365,nfl,2012,,Taylor Price,JAX,WR,"$540,000"
1366,nfl,2012,,Jordan Pugh,WAS,S,"$540,000"
1367,nfl,2012,,Tanner Purdum,NYJ,LS,"$540,000"
1368,nfl,2012,,Issac Redman,PIT,RB,"$540,000"
1369,nfl,2012,,Marcel Reece,OAK,FB,"$540,000"
1370,nfl,2012,,Joe Reitz,IND,G,"$540,000"
1371,nfl,2012,,Vincent Rey,CIN,LB/ILB,"$540,000"
1372,nfl,2012,,Dante Rosario,SD,TE,"$540,000"
1373,nfl,2012,,Barrett Ruud,HOU,LB,"$540,000"
1374,nfl,2012,,Brian Sanford,CLE,ED/DE,"$540,000"
1375,nfl,2012,,Owen Schmitt,OAK,FB,"$540,000"
1376,nfl,2012,,Bryan Scott,BUF,LB/OLB,"$540,000"
1377,nfl,2012,,Jonathan Scott,CHI,LT,"$540,000"
1378,nfl,2012,,George Selvie,JAX,ED/DE,"$540,000"
1379,nfl,2012,,Andrew Sendejo,MIN,SS,"$540,000"
1380,nfl,2012,,Antone Smith,ATL,RB,"$540,000"
1381,nfl,2012,,Austin Spitler,MIA,LB/ILB,"$540,000"
1382,nfl,2012,,Micheal Spurlock,SD,WR,"$540,000"
1383,nfl,2012,,Donte Stallworth,NE,WR,"$540,000"
1384,nfl,2012,,R.J. Stanford,MIA,CB,"$540,000"
1385,nfl,2012,,Max Starks,PIT,LT,"$540,000"
1386,nfl,2012,,Darian Stewart,STL,FS,"$540,000"
1387,nfl,2012,,Brandon Stokley,DEN,WR,"$540,000"
1388,nfl,2012,,Nick Sundberg,WAS,LS,"$540,000"
1389,nfl,2012,,Anthony Toribio,KC,DL/DE,"$540,000"
1390,nfl,2012,,Adrian Tracy,NYG,ED/DE,"$540,000"
1391,nfl,2012,,Nathan Triplett,TB,LB,"$540,000"
1392,nfl,2012,,Robert Turner,STL,C,"$540,000"
1393,nfl,2012,,Cassius Vaughn,IND,CB,"$540,000"
1394,nfl,2012,,Erik Walden,GB,ED/OLB,"$540,000"
1395,nfl,2012,,Philip Wheeler,OAK,LB/OLB,"$540,000"
1396,nfl,2012,,Demorrio Williams,SD,LB,"$540,000"
1397,nfl,2012,,Eddie Williams,CLE,RB,"$540,000"
1398,nfl,2012,,Keiland Williams,WAS,RB,"$540,000"
1399,nfl,2012,,Madieu Williams,WAS,S,"$540,000"
1400,nfl,2012,,Chris Wilson,WAS,LB,"$540,000"
1401,nfl,2012,,Mike Windt,SD,LS,"$540,000"
1402,nfl,2012,,Brian Witherspoon,NYG,CB,"$540,000"
1403,nfl,2012,,Al Woods,PIT,DL/DT,"$540,000"
1404,nfl,2012,,Wallace Wright,TB,WR,"$540,000"
1405,nfl,2012,,Mansfield Wrotto,CHI,G,"$540,000"
1406,nfl,2012,,Darrel Young,WAS,FB,"$540,000"
1407,nfl,2012,,Sam Young,BUF,LT,"$540,000"
1408,nfl,2012,1409,Jaiquawn Jarrett,PHI,FS,"$538,580"
1409,nfl,2012,1410,Mike Gibson,ARI,C,"$538,125"
1410,nfl,2012,1411,Nolan Carroll,MIA,CB,"$537,937"
1411,nfl,2012,1412,Brandon Hardin,CHI,S,"$537,844"
1412,nfl,2012,1413,Michael Egnew,MIA,TE,"$537,239"
1413,nfl,2012,1414,Demario Davis,NYJ,LB/ILB,"$534,490"
1414,nfl,2012,1415,Tyrone Crawford,DAL,ED/DE,"$533,813"
1415,nfl,2012,1416,Riley Cooper,PHI,WR,"$532,871"
1416,nfl,2012,1417,Mike Martin,TEN,DL/DT,"$531,890"
1417,nfl,2012,1418,Marcus Cannon,NE,RT,"$531,406"
1418,nfl,2012,1419,Mohamed Sanu,CIN,WR,"$530,813"
1419,nfl,2012,1420,Kerry Meier,ATL,WR,"$529,251"
1420,nfl,2012,1421,Bernard Pierce,BAL,RB,"$528,986"
1421,nfl,2012,1422,Bill Bentley,DET,CB,"$527,278"
1422,nfl,2012,1423,Sean Spence,PIT,LB/ILB,"$526,345"
1423,nfl,2012,1424,John Hughes,CLE,ED/DE,"$526,035"
1424,nfl,2012,1425,Nick Foles,PHI,QB,"$525,880"
1425,nfl,2012,1426,Akiem Hicks,NO,ED/DE,"$525,725"
1426,nfl,2012,1427,Derek Landri,PHI,DL/DT,"$525,000"
1427,nfl,2012,1428,Jake Bequette,NE,ED/DE,"$524,950"
1428,nfl,2012,1429,Lamar Holmes,ATL,RT,"$523,400"
1429,nfl,2012,1430,T.Y. Hilton,IND,WR,"$521,850"
1430,nfl,2012,1431,Shann Schillinger,ATL,S,"$521,280"
1431,nfl,2012,1432,Brandon Thompson,CIN,DL/DT,"$520,300"
1432,nfl,2012,1433,Anthony Dixon,SF,RB,"$520,150"
1433,nfl,2012,1434,Kealoha Pilares,CAR,WR,"$518,878"
1434,nfl,2012,1435,Jayron Hosley,NYG,CB,"$518,750"
1435,nfl,2012,1436,Robert Sands,CIN,S,"$518,000"
1436,nfl,2012,1437,Ricky Stanzi,KC,QB,"$517,763"
1437,nfl,2012,1438,Anthony Sherman,ARI,FB,"$516,725"
1438,nfl,2012,1439,Tony Bergstrom,OAK,C,"$516,504"
1439,nfl,2012,1440,Travis Goethel,OAK,LB,"$515,787"
1440,nfl,2012,1441,Buster Skrine,CLE,CB,"$515,500"
1441,nfl,2012,1442,James Starks,GB,RB,"$515,075"
1442,nfl,2012,1443,Aaron Berry,NYJ,CB,"$515,000"
1443,nfl,2012,1444,Ramon Harewood,BAL,G,"$514,723"
1444,nfl,2012,1445,D.J. Williams,GB,TE,"$514,500"
1445,nfl,2012,1446,Chris Givens,STL,WR,"$514,257"
1446,nfl,2012,1447,Karl Klug,TEN,DL/DT,"$513,613"
1447,nfl,2012,1448,David Gettis,CAR,WR,"$513,512"
1448,nfl,2012,1449,Dejon Gomes,WAS,S,"$512,825"
1449,nfl,2012,1450,Jacquizz Rodgers,ATL,RB,"$512,750"
1450,nfl,2012,1451,Denarius Moore,OAK,WR,"$512,513"
1451,nfl,2012,1452,Dion Lewis,PHI,RB,"$512,220"
1452,nfl,2012,1453,Jason Pinkston,CLE,G,"$512,000"
1453,nfl,2012,1454,Lamar Miller,MIA,RB,"$511,500"
1454,nfl,2012,1455,T.J. Yates,HOU,QB,"$511,250"
1455,nfl,2012,1456,Gino Gradkowski,BAL,C,"$511,106"
1456,nfl,2012,1457,Jeremy Kerley,NYJ,WR,"$511,062"
1457,nfl,2012,1458,Richard Sherman,SEA,CB,"$510,606"
1458,nfl,2012,1459,Niles Paul,WAS,TE,"$510,413"
1459,nfl,2012,1460,Ben Jones,HOU,C,"$510,362"
1460,nfl,2012,1461,Kyle Williams,SF,WR,"$509,850"
1461,nfl,2012,1462,Travis Benjamin,CLE,WR,"$509,250"
1462,nfl,2012,1463,Omar Bolden,DEN,FS,"$508,607"
1463,nfl,2012,1464,Kirk Cousins,WAS,QB,"$508,172"
1464,nfl,2012,1465,Frank Alexander,CAR,ED/DE,"$507,563"
1465,nfl,2012,1466,Brandon Burton,MIN,CB,"$507,250"
1466,nfl,2012,1467,Joe Adams,CAR,WR,"$506,888"
1467,nfl,2012,1468,Cody Grimm,TB,S,"$506,875"
1468,nfl,2012,1469,Willie Young,DET,LB/OLB,"$506,000"
1469,nfl,2012,1470,Michael Person,SEA,G,"$505,900"
1470,nfl,2012,1471,Chris Carter,PIT,LB/ILB,"$505,700"
1471,nfl,2012,1472,Dekoda Watson,TB,LB/OLB,"$505,455"
1472,nfl,2012,1473,Daniel Kilgore,SF,C,"$505,075"
1473,nfl,2012,1474,Jamar Chaney,PHI,LB/ILB,"$505,064"
1474,nfl,2012,1475,Nigel Bradham,BUF,LB/OLB,"$504,356"
1475,nfl,2012,1476,Robert Turbin,SEA,RB,"$504,114"
1476,nfl,2012,1477,Devon Wylie,KC,WR,"$503,850"
1477,nfl,2012,1478,Ladarius Green,SD,TE,"$502,725"
1478,nfl,2012,1479,C.J. Wilson,GB,DL/DT,"$502,590"
1479,nfl,2012,1480,Dexter Davis,SEA,ED/DE,"$501,898"
1480,nfl,2012,1481,Josh Brent,DAL,DL/DT,"$501,889"
1481,nfl,2012,1482,Evan Rodriguez,CHI,FB,"$501,300"
1482,nfl,2012,1483,Chykie Brown,BAL,CB,"$501,140"
1483,nfl,2012,,Pernell McPhee,BAL,ED/OLB,"$501,140"
1484,nfl,2012,1485,Bobby Massie,ARI,RT,"$500,845"
1485,nfl,2012,1486,Kurt Coleman,PHI,FS,"$500,842"
1486,nfl,2012,1487,Kyle Wilber,DAL,LB/OLB,"$499,805"
1487,nfl,2012,1488,Mistral Raymond,MIN,S,"$499,354"
1488,nfl,2012,1489,Josh Hull,STL,LB/ILB,"$498,888"
1489,nfl,2012,1490,Jaye Howard,SEA,ED/DE,"$498,716"
1490,nfl,2012,1491,Brandon Fusco,MIN,G,"$498,195"
1491,nfl,2012,1492,Coty Sensabaugh,TEN,CB,"$498,023"
1492,nfl,2012,1493,Orson Charles,CIN,FB,"$497,325"
1493,nfl,2012,1494,Joe Looney,SF,G,"$496,301"
1494,nfl,2012,1495,Ryan Whalen,CIN,WR,"$496,278"
1495,nfl,2012,1496,Chris White,BUF,LB/ILB,"$495,150"
1496,nfl,2012,1497,Jarius Wright,MIN,WR,"$495,027"
1497,nfl,2012,1498,Phil Costa,DAL,C,"$494,000"
1498,nfl,2012,,David Nelson,BUF,WR,"$494,000"
1499,nfl,2012,1500,James-Michael Johnson,CLE,LB/OLB,"$493,977"
1500,nfl,2012,1501,Byron Maxwell,SEA,CB,"$493,363"
1501,nfl,2012,1502,Jerrell Powe,KC,DL/DT,"$493,170"
1502,nfl,2012,1503,Keshawn Martin,HOU,WR,"$493,140"
1503,nfl,2012,1504,Charles Clay,MIA,TE,"$493,000"
1504,nfl,2012,1505,Byron Stingily,TEN,RT,"$492,625"
1505,nfl,2012,1506,Junior Galette,NO,LB/OLB,"$491,667"
1506,nfl,2012,1507,Brandon Boykin,PHI,CB,"$491,367"
1507,nfl,2012,1508,Tyrod Taylor,BAL,QB,"$491,327"
1508,nfl,2012,1509,Richard Gordon,OAK,TE,"$491,213"
1509,nfl,2012,1510,Frank Zombo,GB,ED/OLB,"$491,166"
1510,nfl,2012,1511,David Carter,ARI,DL/DT,"$490,966"
1511,nfl,2012,1512,Ron Brooks,BUF,CB,"$490,135"
1512,nfl,2012,1513,Sergio Brown,IND,FS,"$490,000"
1513,nfl,2012,,Keenan Clayton,OAK,LB/OLB,"$490,000"
1514,nfl,2012,,Victor Cruz,NYG,WR,"$490,000"
1515,nfl,2012,,Clint Gresham,SEA,LS,"$490,000"
1516,nfl,2012,,Tom Johnson,NO,DL/DT,"$490,000"
1517,nfl,2012,,Andre Neblett,CAR,DL/DT,"$490,000"
1518,nfl,2012,,Shelley Smith,STL,G,"$490,000"
1519,nfl,2012,,Edwin Williams,CHI,C,"$490,000"
1520,nfl,2012,1521,Rashad Carmichael,HOU,CB,"$489,272"
1521,nfl,2012,,Ronnell Lewis,DET,ED/DE,"$489,272"
1522,nfl,2012,1523,Matt Bosher,ATL,P,"$488,950"
1523,nfl,2012,1524,Jared Crick,HOU,DL/DE,"$487,875"
1524,nfl,2012,1525,Phillip Hunt,PHI,ED/DE,"$486,666"
1525,nfl,2012,1526,Adrien Robinson,NYG,TE,"$486,413"
1526,nfl,2012,1527,Chris Cooley,WAS,TE,"$485,294"
1527,nfl,2012,1528,Tyler Sash,NYG,S,"$484,760"
1528,nfl,2012,1529,Jacquian Williams,NYG,LB/OLB,"$484,670"
1529,nfl,2012,1530,D'Aundre Reed,MIN,ED/DE,"$484,454"
1530,nfl,2012,1531,Justin Rogers,BUF,CB,"$481,875"
1531,nfl,2012,1532,Virgil Green,DEN,TE,"$481,236"
1532,nfl,2012,1533,Bruce Miller,SF,FB,"$480,613"
1533,nfl,2012,1534,Derek Newton,HOU,RT,"$480,064"
1534,nfl,2012,1535,Greg Jones,JAX,LB/ILB,"$480,000"
1535,nfl,2012,,Sterling Moore,DAL,CB,"$480,000"
1536,nfl,2012,,Rob Myers,WAS,TE,"$480,000"
1537,nfl,2012,,Joshua Thomas,CAR,CB,"$480,000"
1538,nfl,2012,1539,Ryan Taylor,GB,TE,"$479,794"
1539,nfl,2012,1540,Lee Smith,BUF,TE,"$479,467"
1540,nfl,2012,1541,Da'Rel Scott,NYG,RB,"$478,988"
1541,nfl,2012,1542,Anthony Gaitor,TB,CB,"$478,404"
1542,nfl,2012,1543,Greg Romeus,NO,ED/DE,"$477,456"
1543,nfl,2012,1544,Cliff Matthews,ATL,ED/DE,"$476,750"
1544,nfl,2012,1545,David Ausberry,OAK,TE,"$476,475"
1545,nfl,2012,,Andrew Gachkar,SD,ED/OLB,"$476,475"
1546,nfl,2012,,Chris Neild,WAS,DL/DT,"$476,475"
1547,nfl,2012,,Malcolm Smith,SEA,LB/OLB,"$476,475"
1548,nfl,2012,,Jimmy Wilson,MIA,SS,"$476,475"
1549,nfl,2012,1550,Tommie Campbell,TEN,CB,"$476,474"
1550,nfl,2012,1551,Eric Hagg,CLE,S,"$475,100"
1551,nfl,2012,1552,Dwayne Harris,DAL,WR,"$475,000"
1552,nfl,2012,1553,Rich Ohrnberger,ARI,C,"$472,500"
1553,nfl,2012,1554,Stephen Burton,MIN,WR,"$470,994"
1554,nfl,2012,1555,Doug Baldwin,SEA,WR,"$470,833"
1555,nfl,2012,1556,John Estes,JAX,C,"$470,000"
1556,nfl,2012,,Mark Herzlich,NYG,LB/OLB,"$470,000"
1557,nfl,2012,,Henry Hynoski,NYG,FB,"$470,000"
1558,nfl,2012,,Jeron Johnson,SEA,SS,"$470,000"
1559,nfl,2012,,Garrett McIntyre,NYJ,ED/OLB,"$470,000"
1560,nfl,2012,,Martin Parker,NYG,DL/DT,"$470,000"
1561,nfl,2012,1562,Daniel Graham,NO,TE,"$469,688"
1562,nfl,2012,1563,Byron Bell,CAR,RT,"$469,667"
1563,nfl,2012,1564,Kyle Bosworth,JAX,LB/OLB,"$469,167"
1564,nfl,2012,1565,Demarcus Dobbs,SF,DL/DE,"$469,166"
1565,nfl,2012,1566,Joe Lefeged,IND,S,"$467,667"
1566,nfl,2012,1567,Nick Bellore,NYJ,LB/ILB,"$467,333"
1567,nfl,2012,1568,Kyle Adams,CHI,TE,"$466,668"
1568,nfl,2012,1569,Isa Abdul-Quddus,NO,FS,"$466,667"
1569,nfl,2012,,Kevin Kowalski,DAL,G,"$466,667"
1570,nfl,2012,,Jamari Lattimore,GB,LB/ILB,"$466,667"
1571,nfl,2012,1572,Cameron Bradfield,JAX,RT,"$466,666"
1572,nfl,2012,1573,Joseph Morgan,NO,WR,"$466,333"
1573,nfl,2012,1574,Spencer Paysinger,NYG,LB/ILB,"$466,000"
1574,nfl,2012,1575,Dan Bailey,DAL,K,"$465,833"
1575,nfl,2012,,M.D. Jennings,GB,S,"$465,833"
1576,nfl,2012,,Jake McQuaide,STL,LS,"$465,833"
1577,nfl,2012,1578,Chris Harris,DEN,CB,"$465,668"
1578,nfl,2012,1579,Bryan Braman,HOU,ED/OLB,"$465,667"
1579,nfl,2012,1580,Alex Albright,DAL,LB/OLB,"$465,500"
1580,nfl,2012,,Phillip Tanner,DAL,RB,"$465,500"
1581,nfl,2012,1582,LaQuan Williams,BAL,WR,"$465,166"
1582,nfl,2012,1583,Miles Burris,OAK,LB/ILB,"$465,146"
1583,nfl,2012,,Greg Childs,MIN,WR,"$465,146"
1584,nfl,2012,,Mike Daniels,GB,DL/DT,"$465,146"
1585,nfl,2012,,Rhett Ellison,MIN,TE,"$465,146"
1586,nfl,2012,,Matt Johnson,DAL,S,"$465,146"
1587,nfl,2012,,Jerron McMillian,GB,S,"$465,146"
1588,nfl,2012,,Brandon Mosley,NYG,G,"$465,146"
1589,nfl,2012,1590,Danny Aiken,NE,LS,"$465,000"
1590,nfl,2012,,Kamar Aiken,NE,WR,"$465,000"
1591,nfl,2012,,Mister Alexander,HOU,LB,"$465,000"
1592,nfl,2012,,Anthony Allen,BAL,RB,"$465,000"
1593,nfl,2012,,Thomas Austin,CAR,C,"$465,000"
1594,nfl,2012,,Brandon Bair,OAK,ED/DE,"$465,000"
1595,nfl,2012,,Eric Bakhtiari,SF,DL/DE,"$465,000"
1596,nfl,2012,,Daniel Baldridge,TEN,RT,"$465,000"
1597,nfl,2012,,Joe Barksdale,STL,RT,"$465,000"
1598,nfl,2012,,Baron Batch,PIT,RB,"$465,000"
1599,nfl,2012,,Ahmad Black,TB,S,"$465,000"
1600,nfl,2012,,Allen Bradford,SEA,LB/ILB,"$465,000"
1601,nfl,2012,,Brandon Browner,SEA,CB,"$465,000"
1602,nfl,2012,,Rafael Bush,NO,FS,"$465,000"
1603,nfl,2012,,Crezdon Butler,BUF,CB,"$465,000"
1604,nfl,2012,,Jeff Byers,CAR,C,"$465,000"
1605,nfl,2012,,Nate Byham,TB,TE,"$465,000"
1606,nfl,2012,,Duke Calhoun,OAK,WR,"$465,000"
1607,nfl,2012,,John Chick,JAX,DL/DT,"$465,000"
1608,nfl,2012,,Tyler Clutts,HOU,FB,"$465,000"
1609,nfl,2012,,Jim Cordle,NYG,C,"$465,000"
1610,nfl,2012,,Perrish Cox,SF,CB,"$465,000"
1611,nfl,2012,,Jermelle Cudjo,STL,DL/DT,"$465,000"
1612,nfl,2012,,C.J. Davis,DEN,C,"$465,000"
1613,nfl,2012,,Hall Davis,CLE,ED/DE,"$465,000"
1614,nfl,2012,,Dom DeCicco,CHI,LB/ILB,"$465,000"
1615,nfl,2012,,Larry Dean,MIN,LB/OLB,"$465,000"
1616,nfl,2012,,Dorin Dickerson,BUF,TE,"$465,000"
1617,nfl,2012,,James Dockery,CAR,CB,"$465,000"
1618,nfl,2012,,Kris Durham,DET,WR,"$465,000"
1619,nfl,2012,,Auston English,CLE,DL/DT,"$465,000"
1620,nfl,2012,,Dedrick Epps,NYJ,TE,"$465,000"
1621,nfl,2012,,Darren Evans,TEN,RB,"$465,000"
1622,nfl,2012,,Clyde Gates,NYJ,WR,"$465,000"
1623,nfl,2012,,Mardy Gilyard,NYJ,WR,"$465,000"
1624,nfl,2012,,Marshay Green,ARI,CB,"$465,000"
1625,nfl,2012,,DuJuan Harris,GB,RB,"$465,000"
1626,nfl,2012,,Kevin Haslam,SD,T,"$465,000"
1627,nfl,2012,,Andrew Hawkins,CIN,WR,"$465,000"
1628,nfl,2012,,T.J. Heath,BUF,CB,"$465,000"
1629,nfl,2012,,Douglas Hogue,CAR,LB/OLB,"$465,000"
1630,nfl,2012,,Maurice Hurt,WAS,G,"$465,000"
1631,nfl,2012,,Javarris James,ARI,RB,"$465,000"
1632,nfl,2012,,Lemuel Jeanpierre,SEA,C,"$465,000"
1633,nfl,2012,,Chris Jones,DAL,P,"$465,000"
1634,nfl,2012,,Colin Jones,CAR,FS,"$465,000"
1635,nfl,2012,,Frank Kearse,CAR,ED/DE,"$465,000"
1636,nfl,2012,,Thomas Keiser,CAR,LB/OLB,"$465,000"
1637,nfl,2012,,Shiloh Keo,HOU,SS,"$465,000"
1638,nfl,2012,,Quinten Lawrence,MIA,WR,"$465,000"
1639,nfl,2012,,Lazarius Levingston,TB,DL/DT,"$465,000"
1640,nfl,2012,,Thaddeus Lewis,CLE,QB,"$465,000"
1641,nfl,2012,,Lance Long,DET,WR,"$465,000"
1642,nfl,2012,,Ryan Mahaffey,MIA,RB,"$465,000"
1643,nfl,2012,,Kevin Malast,TEN,LB,"$465,000"
1644,nfl,2012,,Robert Malone,NYJ,P,"$465,000"
1645,nfl,2012,,Charly Martin,SEA,WR,"$465,000"
1646,nfl,2012,,John Matthews,SF,WR,"$465,000"
1647,nfl,2012,,Robert McClain,ATL,CB,"$465,000"
1648,nfl,2012,,Albert McClellan,BAL,ED/OLB,"$465,000"
1649,nfl,2012,,Tyrone McKenzie,MIN,LB/OLB,"$465,000"
1650,nfl,2012,,Mike McNeill,STL,TE,"$465,000"
1651,nfl,2012,,Prince Miller,CLE,CB,"$465,000"
1652,nfl,2012,,Aaron Morgan,TB,ED/DE,"$465,000"
1653,nfl,2012,,Michael Morgan,SEA,LB/OLB,"$465,000"
1654,nfl,2012,,Adrian Moten,CLE,LB,"$465,000"
1655,nfl,2012,,Jerome Murphy,WAS,CB,"$465,000"
1656,nfl,2012,,Jordan Norwood,CLE,WR,"$465,000"
1657,nfl,2012,,Eric Olsen,NO,C,"$465,000"
1658,nfl,2012,,Evan Royster,WAS,RB,"$465,000"
1659,nfl,2012,,Jimmy Saddler-McQueen,DET,DL/DT,"$465,000"
1660,nfl,2012,,Brandon Saine,GB,RB,"$465,000"
1661,nfl,2012,,Greg Salas,PHI,WR,"$465,000"
1662,nfl,2012,,Dane Sanzenbacher,CIN,WR,"$465,000"
1663,nfl,2012,,Weslye Saunders,IND,WR,"$465,000"
1664,nfl,2012,,Caleb Schlauderaff,NYJ,C,"$465,000"
1665,nfl,2012,,Marcus Sherels,MIN,CB,"$465,000"
1666,nfl,2012,,Ricardo Silva,DET,S,"$465,000"
1667,nfl,2012,,Alfonso Smith,ARI,RB,"$465,000"
1668,nfl,2012,,Armond Smith,CAR,RB,"$465,000"
1669,nfl,2012,,Willie Smith,OAK,LT,"$465,000"
1670,nfl,2012,,Vic So'oto,WAS,ED/OLB,"$465,000"
1671,nfl,2012,,Martin Tevaseu,IND,DL/DT,"$465,000"
1672,nfl,2012,,Cedric Thornton,PHI,DL/DT,"$465,000"
1673,nfl,2012,,Scott Tolzien,SF,QB,"$465,000"
1674,nfl,2012,,Keith Toston,JAX,RB,"$465,000"
1675,nfl,2012,,Patrick Trahan,CHI,LB/OLB,"$465,000"
1676,nfl,2012,,Justin Trattou,NYG,ED/DE,"$465,000"
1677,nfl,2012,,Isaiah Trufant,NYJ,CB,"$465,000"
1678,nfl,2012,,Will Tukuafu,SF,FB,"$465,000"
1679,nfl,2012,,DeMarcus Van Dyke,PIT,CB,"$465,000"
1680,nfl,2012,,Julian Vandervelde,TB,C,"$465,000"
1681,nfl,2012,,Anthony Walters,CHI,SS,"$465,000"
1682,nfl,2012,,Jeremy Ware,CHI,CB,"$465,000"
1683,nfl,2012,,Markus White,TB,ED/DE,"$465,000"
1684,nfl,2012,,Ian Williams,SF,DL/DT,"$465,000"
1685,nfl,2012,,Will Yeatman,MIA,LT,"$465,000"
1686,nfl,2012,1687,Johnny White,GB,RB,"$456,281"
1687,nfl,2012,1688,Alameda Ta'amu,PIT,DL/DT,"$452,516"
1688,nfl,2012,1689,Andre Carter,OAK,ED/DE,"$444,706"
1689,nfl,2012,,Bryan Thomas,NYJ,LB,"$444,706"
1690,nfl,2012,1691,Jonathon Amaya,MIA,S,"$444,705"
1691,nfl,2012,1692,Josh Chapman,IND,DL/DT,"$443,878"
1692,nfl,2012,1693,Malik Jackson,DEN,DL/DT,"$443,403"
1693,nfl,2012,1694,Tahir Whitehead,DET,LB/OLB,"$443,000"
1694,nfl,2012,1695,Robert Blanton,MIN,SS,"$442,763"
1695,nfl,2012,1696,Najee Goode,TB,LB/OLB,"$441,725"
1696,nfl,2012,1697,Adam Gettis,WAS,G,"$440,493"
1697,nfl,2012,1698,Josh Norman,CAR,CB,"$439,750"
1698,nfl,2012,1699,Taylor Thompson,TEN,TE,"$439,500"
1699,nfl,2012,1700,De'Quan Menzie,KC,CB,"$438,613"
1700,nfl,2012,1701,Chris Greenwood,DET,CB,"$438,000"
1701,nfl,2012,1702,Johnnie Troutman,SD,G,"$437,938"
1702,nfl,2012,1703,Senio Kelemete,ARI,G,"$437,900"
1703,nfl,2012,1704,Rokevious Watkins,STL,G,"$437,825"
1704,nfl,2012,1705,Pat McQuistan,ARI,RT,"$437,500"
1705,nfl,2012,1706,Dennis Kelly,PHI,RT,"$437,200"
1706,nfl,2012,1707,Jack Crawford,OAK,ED/DE,"$435,606"
1707,nfl,2012,1708,Chris Rainey,PIT,RB,"$435,413"
1708,nfl,2012,1709,Ryan Miller,CLE,RT,"$434,633"
1709,nfl,2012,1710,Randy Bullock,HOU,K,"$434,527"
1710,nfl,2012,1711,Corey White,NO,CB,"$434,125"
1711,nfl,2012,1712,Terrell Manning,GB,LB/ILB,"$432,870"
1712,nfl,2012,1713,Jonathan Massaquoi,ATL,ED/DE,"$432,215"
1713,nfl,2012,1714,Darius Fleming,SF,ED/OLB,"$431,200"
1714,nfl,2012,1715,Marvin Jones,CIN,WR,"$430,700"
1715,nfl,2012,1716,George Iloka,CIN,FS,"$430,075"
1716,nfl,2012,1717,Vick Ballard,IND,RB,"$426,140"
1717,nfl,2012,,Juron Criner,OAK,WR,"$426,140"
1718,nfl,2012,,Asa Jackson,BAL,CB,"$426,140"
1719,nfl,2012,1720,Cyrus Gray,KC,RB,"$424,918"
1720,nfl,2012,1721,Greg Zuerlein,STL,K,"$422,205"
1721,nfl,2012,1722,Jeremy Lane,SEA,CB,"$421,279"
1722,nfl,2012,1723,Alfred Morris,WAS,RB,"$420,775"
1723,nfl,2012,1724,Keith Tandy,TB,FS,"$420,150"
1724,nfl,2012,1725,Blair Walsh,MIN,K,"$419,483"
1725,nfl,2012,1726,Mike Harris,JAX,CB,"$418,947"
1726,nfl,2012,1727,Justin Bethel,ARI,CB,"$418,556"
1727,nfl,2012,1728,Andrew Tiller,NO,G,"$418,000"
1728,nfl,2012,1729,Trenton Robinson,SF,FS,"$417,625"
1729,nfl,2012,1730,Winston Guy,SEA,FS,"$417,515"
1730,nfl,2012,1731,Ryan Lindley,ARI,QB,"$416,327"
1731,nfl,2012,1732,James Hanna,DAL,TE,"$416,213"
1732,nfl,2012,1733,Josh Bush,NYJ,SS,"$416,055"
1733,nfl,2012,1734,Danny Trevathan,DEN,LB/ILB,"$416,018"
1734,nfl,2012,1735,Christo Bilukidi,OAK,DL/DT,"$415,966"
1735,nfl,2012,1736,Markelle Martin,TEN,S,"$415,947"
1736,nfl,2012,1737,Charles Mitchell,ATL,S,"$415,418"
1737,nfl,2012,1738,Jed Collins,NO,FB,"$415,000"
1738,nfl,2012,,Emmanuel Stephens,CLE,ED/DE,"$415,000"
1739,nfl,2012,,Daniel Te'o-Nesheim,TB,ED/DE,"$415,000"
1740,nfl,2012,,Mitch Unrein,DEN,ED/DE,"$415,000"
1741,nfl,2012,1742,Jonte Green,DET,CB,"$414,250"
1742,nfl,2012,1743,Nate Ebner,NE,FS,"$414,150"
1743,nfl,2012,1744,Tommy Streeter,BAL,WR,"$413,513"
1744,nfl,2012,1745,J.T. Thomas,CHI,LB/OLB,"$413,129"
1745,nfl,2012,1746,Lex Hilliard,NYJ,RB,"$412,941"
1746,nfl,2012,1747,Emmanuel Acho,CLE,LB/ILB,"$409,670"
1747,nfl,2012,,Brad Nortman,CAR,P,"$409,670"
1748,nfl,2012,,Billy Winn,CLE,ED/DE,"$409,670"
1749,nfl,2012,1750,LaVon Brazill,IND,WR,"$408,513"
1750,nfl,2012,1751,Audie Cole,MIN,LB/ILB,"$406,875"
1751,nfl,2012,1752,Scott Solomon,TEN,LB/OLB,"$406,741"
1752,nfl,2012,1753,Greg McElroy,NYJ,QB,"$406,288"
1753,nfl,2012,1754,Michael Smith,TB,RB,"$406,287"
1754,nfl,2012,1755,Richard Crawford,WAS,CB,"$405,933"
1755,nfl,2012,1756,Kheeston Randall,MIA,DL/DT,"$405,612"
1756,nfl,2012,1757,D.J. Campbell,CAR,S,"$405,562"
1757,nfl,2012,1758,Jordan Bernstine,WAS,S,"$405,455"
1758,nfl,2012,1759,Curtis Brinkley,SD,RB,"$405,000"
1759,nfl,2012,1760,Nate Potter,ARI,LT,"$404,856"
1760,nfl,2012,1761,Caleb McSurdy,DAL,LB/ILB,"$404,850"
1761,nfl,2012,1762,Travis Lewis,DET,LB/ILB,"$404,793"
1762,nfl,2012,1763,Alfonzo Dennard,NE,CB,"$404,462"
1763,nfl,2012,1764,J.R. Sweezy,SEA,G,"$404,212"
1764,nfl,2012,1765,David Molk,SD,C,"$403,988"
1765,nfl,2012,1766,Rishard Matthews,MIA,WR,"$403,403"
1766,nfl,2012,1767,Jeris Pendleton,JAX,DL/DT,"$402,721"
1767,nfl,2012,1768,Bryce Brown,PHI,RB,"$402,720"
1768,nfl,2012,1769,Greg Scruggs,SEA,ED/DE,"$402,358"
1769,nfl,2012,1770,Marcel Jones,NO,RT,"$402,150"
1770,nfl,2012,1771,Deangelo Tyson,BAL,DL/DE,"$401,898"
1771,nfl,2012,1772,Kelvin Beachum,PIT,LT,"$401,474"
1772,nfl,2012,,Markus Kuhn,NYG,DL/DT,"$401,474"
1773,nfl,2012,,David Paulson,PIT,TE,"$401,474"
1774,nfl,2012,,John Potter,BUF,K,"$401,474"
1775,nfl,2012,,Daryl Richardson,STL,RB,"$401,474"
1776,nfl,2012,,Travian Robertson,ATL,DL/DT,"$401,474"
1777,nfl,2012,1778,Trevin Wade,CLE,CB,"$401,472"
1778,nfl,2012,1779,Greg Camarillo,NO,WR,"$400,000"
1779,nfl,2012,1780,Brit Miller,STL,RB,"$397,941"
1780,nfl,2012,1781,Beau Brinkley,TEN,LS,"$396,666"
1781,nfl,2012,,Kellen Moore,DET,QB,"$396,666"
1782,nfl,2012,1783,Ben Bass,DAL,DL/DT,"$395,747"
1783,nfl,2012,1784,Damaris Johnson,PHI,WR,"$395,000"
1784,nfl,2012,,Desmond Wynn,TB,G,"$395,000"
1785,nfl,2012,1786,Brandon Bolden,NE,RB,"$394,584"
1786,nfl,2012,1787,Markus Zusevics,NE,RT,"$394,333"
1787,nfl,2012,1788,Lucas Nix,OAK,G,"$394,166"
1788,nfl,2012,1789,Steven Johnson,DEN,LB/ILB,"$394,000"
1789,nfl,2012,1790,Zac Diles,TEN,LB/ILB,"$393,750"
1790,nfl,2012,,Justin Miller,DET,CB,"$393,750"
1791,nfl,2012,,Ernie Sims,DAL,LB/OLB,"$393,750"
1792,nfl,2012,1793,Mike Brewster,JAX,C,"$393,333"
1793,nfl,2012,,Adrian Davis,NO,CB,"$393,333"
1794,nfl,2012,,Mario Fannin,DEN,RB,"$393,333"
1795,nfl,2012,,Johnny Hekker,STL,P,"$393,333"
1796,nfl,2012,,Kelcie McCray,MIA,SS,"$393,333"
1797,nfl,2012,,Chris Polk,PHI,RB,"$393,333"
1798,nfl,2012,,Taveon Rogers,CIN,CB,"$393,333"
1799,nfl,2012,,Derrick Shelby,MIA,DL/DT,"$393,333"
1800,nfl,2012,,Rod Streater,OAK,WR,"$393,333"
1801,nfl,2012,1802,Kyle Hix,NE,T,"$393,000"
1802,nfl,2012,,Ron Leary,DAL,G,"$393,000"
1803,nfl,2012,1804,Royce Adams,NYJ,CB,"$392,790"
1804,nfl,2012,1805,McLeod Bethel-Thompson,MIN,QB,"$392,500"
1805,nfl,2012,,Leonard Johnson,TB,CB,"$392,500"
1806,nfl,2012,,Tauren Poole,CAR,RB,"$392,500"
1807,nfl,2012,,Marcus Thigpen,MIA,WR,"$392,500"
1808,nfl,2012,1809,Justin Francis,NE,ED/DE,"$392,333"
1809,nfl,2012,,Damon Harrison,NYJ,DL/DT,"$392,333"
1810,nfl,2012,1811,Laron Byrd,ARI,WR,"$392,166"
1811,nfl,2012,1812,Garrett Celek,SF,TE,"$392,000"
1812,nfl,2012,,Matt Conrath,STL,DL/DT,"$392,000"
1813,nfl,2012,,Trevor Robinson,CIN,C,"$392,000"
1814,nfl,2012,1815,Travaris Cadet,NO,RB,"$391,667"
1815,nfl,2012,,Robert Golden,PIT,FS,"$391,667"
1816,nfl,2012,,Lestar Jean,HOU,WR,"$391,667"
1817,nfl,2012,,Sean Richardson,GB,SS,"$391,667"
1818,nfl,2012,,Adrian Robinson,PIT,ED/OLB,"$391,667"
1819,nfl,2012,1820,Drew Butler,PIT,P,"$391,666"
1820,nfl,2012,,Julian Stanford,JAX,LB/OLB,"$391,666"
1821,nfl,2012,,Matt Veldman,JAX,TE,"$391,666"
1822,nfl,2012,1823,Jonas Gray,MIA,RB,"$391,500"
1823,nfl,2012,1824,Aaron Brewer,DEN,LS,"$391,333"
1824,nfl,2012,,Rodney McLeod,STL,FS,"$391,333"
1825,nfl,2012,,Deonte Thompson,BAL,WR,"$391,333"
1826,nfl,2012,1827,Mike Harris,SD,G,"$391,166"
1827,nfl,2012,,Dezman Moses,GB,ED/OLB,"$391,166"
1828,nfl,2012,,Gerell Robinson,ARI,WR,"$391,166"
1829,nfl,2012,1830,Delano Howell,BUF,S,"$391,000"
1830,nfl,2012,,Brandon Joiner,CIN,LB/OLB,"$391,000"
1831,nfl,2012,,Shawn Powell,BUF,P,"$391,000"
1832,nfl,2012,,Tyrunn Walker,NO,DL/DT,"$391,000"
1833,nfl,2012,1834,Johnson Bademosi,CLE,CB,"$390,833"
1834,nfl,2012,,Don Barclay,GB,RT,"$390,833"
1835,nfl,2012,,Nate Eachus,KC,RB,"$390,833"
1836,nfl,2012,,Chris Givens,NO,WR,"$390,833"
1837,nfl,2012,,Josh Harris,ATL,LS,"$390,833"
1838,nfl,2012,,Brad Herman,NE,TE,"$390,833"
1839,nfl,2012,,Grant Ressel,PIT,K,"$390,833"
1840,nfl,2012,1841,Austin Wuebbels,DEN,G,"$390,667"
1841,nfl,2012,1842,Dominique Davis,ATL,ED/DE,"$390,666"
1842,nfl,2012,1843,Cole Beasley,DAL,WR,"$390,500"
1843,nfl,2012,,Tashaun Gipson,CLE,FS,"$390,500"
1844,nfl,2012,,Donavon Kemp,DAL,WR,"$390,500"
1845,nfl,2012,,Adewale Ojomo,NYG,ED/DE,"$390,500"
1846,nfl,2012,1847,Vontaze Burfict,CIN,LB/OLB,"$390,333"
1847,nfl,2012,,Tony Dye,CIN,S,"$390,333"
1848,nfl,2012,,DaJohn Harris,TEN,DL/DT,"$390,333"
1849,nfl,2012,,Dexter Heyman,KC,LB,"$390,333"
1850,nfl,2012,,Marquette King,OAK,P,"$390,333"
1851,nfl,2012,1852,Dominic Alford,CLE,RT,"$390,000"
1852,nfl,2012,,Joseph Anderson,CHI,WR,"$390,000"
1853,nfl,2012,,Justin Anderson,IND,RT,"$390,000"
1854,nfl,2012,,Matt Asiata,MIN,RB,"$390,000"
1855,nfl,2012,,Travis Baltz,NYJ,PR,"$390,000"
1856,nfl,2012,,Howard Barbieri,BAL,G,"$390,000"
1857,nfl,2012,,Brandon Barden,TEN,TE,"$390,000"
1858,nfl,2012,,Jeremy Beal,DEN,ED/DE,"$390,000"
1859,nfl,2012,,Dorson Boyce,WAS,FB,"$390,000"
1860,nfl,2012,,Jarrett Boykin,GB,WR,"$390,000"
1861,nfl,2012,,Rodney Bradley,BAL,WR,"$390,000"
1862,nfl,2012,,Cory Brandon,CHI,RT,"$390,000"
1863,nfl,2012,,Mike Brown,JAX,WR,"$390,000"
1864,nfl,2012,,Omar Brown,BAL,S,"$390,000"
1865,nfl,2012,,Rob Callaway,DAL,DL/DT,"$390,000"
1866,nfl,2012,,Selvish Capers,NYG,G,"$390,000"
1867,nfl,2012,,Tank Carder,CLE,LB/ILB,"$390,000"
1868,nfl,2012,,Brandon Carswell,OAK,WR,"$390,000"
1869,nfl,2012,,Sean Cattouse,SD,S,"$390,000"
1870,nfl,2012,,Nate Chandler,CAR,LT,"$390,000"
1871,nfl,2012,,Cameron Collins,HOU,LB/ILB,"$390,000"
1872,nfl,2012,,Kevin Cone,ATL,WR,"$390,000"
1873,nfl,2012,,Graig Cooper,PHI,RB,"$390,000"
1874,nfl,2012,,Josh Cooper,CLE,WR,"$390,000"
1875,nfl,2012,,DeMarco Cosby,NYJ,TE,"$390,000"
1876,nfl,2012,,Jamie Cumbie,OAK,DL/DT,"$390,000"
1877,nfl,2012,,Austin Davis,STL,QB,"$390,000"
1878,nfl,2012,,Drew Davis,ATL,WR,"$390,000"
1879,nfl,2012,,Tristan Davis,WAS,RB,"$390,000"
1880,nfl,2012,,Blake DeChristopher,ARI,G,"$390,000"
1881,nfl,2012,,Jeff Demps,TB,RB,"$390,000"
1882,nfl,2012,,Pat Devlin,MIA,QB,"$390,000"
1883,nfl,2012,,Patrick DiMarco,KC,FB,"$390,000"
1884,nfl,2012,,Shaun Draughn,KC,RB,"$390,000"
1885,nfl,2012,,Lance Dunbar,DAL,RB,"$390,000"
1886,nfl,2012,,Marcus Easley,BUF,WR,"$390,000"
1887,nfl,2012,,Kevin Elliott,BUF,WR,"$390,000"
1888,nfl,2012,,Hebron Fangupo,PIT,DL/DT,"$390,000"
1889,nfl,2012,,Donnie Fletcher,NYJ,S,"$390,000"
1890,nfl,2012,,Kai Forbath,WAS,K,"$390,000"
1891,nfl,2012,,Marcus Forston,NE,DL/DT,"$390,000"
1892,nfl,2012,,L.J. Fort,CLE,LB/ILB,"$390,000"
1893,nfl,2012,,Maurice Fountain,PHI,ED/DE,"$390,000"
1894,nfl,2012,,Terrence Frederick,NYG,CB,"$390,000"
1895,nfl,2012,,Jonathan Freeny,MIA,LB/OLB,"$390,000"
1896,nfl,2012,,Greg Gatson,SD,CB,"$390,000"
1897,nfl,2012,,David Gilreath,PIT,WR,"$390,000"
1898,nfl,2012,,Johnathan Grimes,JAX,RB,"$390,000"
1899,nfl,2012,,Harland Gunn,ATL,G,"$390,000"
1900,nfl,2012,,Saalim Hakim,NO,WR,"$390,000"
1901,nfl,2012,,Bryan Hall,BAL,LB/ILB,"$390,000"
1902,nfl,2012,,Adrian Hamilton,BAL,ED/OLB,"$390,000"
1903,nfl,2012,,Darius Hanks,WAS,WR,"$390,000"
1904,nfl,2012,,Matt Hansen,ATL,S,"$390,000"
1905,nfl,2012,,Bryce Harris,NO,RT,"$390,000"
1906,nfl,2012,,Ra'Shon Harris,HOU,DL/DT,"$390,000"
1907,nfl,2012,,Mike Hartline,NE,QB,"$390,000"
1908,nfl,2012,,Tysyn Hartman,KC,S,"$390,000"
1909,nfl,2012,,Mario Harvey,IND,FB,"$390,000"
1910,nfl,2012,,Stanley Havili,PHI,FB,"$390,000"
1911,nfl,2012,,Junior Hemingway,KC,WR,"$390,000"
1912,nfl,2012,,Justin Hickman,IND,LB/ILB,"$390,000"
1913,nfl,2012,,Hayworth Hicks,CAR,G,"$390,000"
1914,nfl,2012,,Nick Hixon,NO,CB,"$390,000"
1915,nfl,2012,,Chris Hogan,BUF,WR,"$390,000"
1916,nfl,2012,,Trindon Holliday,DEN,KR,"$390,000"
1917,nfl,2012,,Robert Hughes,IND,RB,"$390,000"
1918,nfl,2012,,David Hunter,HOU,DL/DE,"$390,000"
1919,nfl,2012,,Zach Hurd,OAK,G,"$390,000"
1920,nfl,2012,,Jake Ingram,TEN,ED/DE,"$390,000"
1921,nfl,2012,,Jerrell Jackson,JAX,WR,"$390,000"
1922,nfl,2012,,Rashawn Jackson,OAK,RB,"$390,000"
1923,nfl,2012,,Robert James,ATL,LB/OLB,"$390,000"
1924,nfl,2012,,Rishaw  Johnson,SEA,G,"$390,000"
1925,nfl,2012,,Ronald Johnson,PHI,WR,"$390,000"
1926,nfl,2012,,Will Johnson,PIT,FB,"$390,000"
1927,nfl,2012,,Jermaine Kearse,SEA,WR,"$390,000"
1928,nfl,2012,,Jake Kirkpatrick,IND,G,"$390,000"
1929,nfl,2012,,Ishmaa'ily Kitchen,CLE,DL/DT,"$390,000"
1930,nfl,2012,,Mario Kurn,OAK,LB,"$390,000"
1931,nfl,2012,,Jorvorskie Lane,MIA,FB,"$390,000"
1932,nfl,2012,,Orie Lemon,DAL,LB/ILB,"$390,000"
1933,nfl,2012,,Chris Lewis-Harris,CIN,CB,"$390,000"
1934,nfl,2012,,Brandon Lindsey,PIT,LB,"$390,000"
1935,nfl,2012,,Jerome Long,JAX,ED/DE,"$390,000"
1936,nfl,2012,,Wes Lyons,PIT,WR,"$390,000"
1937,nfl,2012,,Brandon Marshall,JAX,LB/ILB,"$390,000"
1938,nfl,2012,,Matthew Masifilo,TB,G,"$390,000"
1939,nfl,2012,,Jamie McCoy,PIT,TE,"$390,000"
1940,nfl,2012,,DeAndre McDaniel,SD,S,"$390,000"
1941,nfl,2012,,Sean McGrath,SEA,TE,"$390,000"
1942,nfl,2012,,Marvin McNutt,PHI,WR,"$390,000"
1943,nfl,2012,,Richmond Mcgee,CLE,P,"$390,000"
1944,nfl,2012,,Nate Menkin,HOU,G,"$390,000"
1945,nfl,2012,,Jordan Miller,GB,DL/DT,"$390,000"
1946,nfl,2012,,Chase Minnifield,WAS,CB,"$390,000"
1947,nfl,2012,,Collin Mooney,TEN,FB,"$390,000"
1948,nfl,2012,,Richard Murphy,JAX,RB,"$390,000"
1949,nfl,2012,,Zack Nash,ARI,ED/OLB,"$390,000"
1950,nfl,2012,,Cory Nelms,OAK,S,"$390,000"
1951,nfl,2012,,Jamar Newsome,KC,WR,"$390,000"
1952,nfl,2012,,Danny Noble,TB,TE,"$390,000"
1953,nfl,2012,,Drew Nowak,JAX,C,"$390,000"
1954,nfl,2012,,Ogemdi Nwagbuo,DET,DL/DT,"$390,000"
1955,nfl,2012,,Nathan Overbay,DET,TE,"$390,000"
1956,nfl,2012,,Matt Overton,IND,LS,"$390,000"
1957,nfl,2012,,Chris Owusu,TB,WR,"$390,000"
1958,nfl,2012,,Cheta Ozougwu,CHI,ED/DE,"$390,000"
1959,nfl,2012,,Nathan Palmer,IND,WR,"$390,000"
1960,nfl,2012,,Alex Parsons,OAK,C,"$390,000"
1961,nfl,2012,,Brandon Peguese,IND,LB,"$390,000"
1962,nfl,2012,,Nick Pieschel,CHI,G,"$390,000"
1963,nfl,2012,,Nick Polk,SD,CB,"$390,000"
1964,nfl,2012,,Michael Preston,TEN,WR,"$390,000"
1965,nfl,2012,,Rich Ranglin,KC,G,"$390,000"
1966,nfl,2012,,Konrad Reuland,NYJ,TE,"$390,000"
1967,nfl,2012,,Dallas Reynolds,PHI,G,"$390,000"
1968,nfl,2012,,Craig Robertson,CLE,LB/ILB,"$390,000"
1969,nfl,2012,,Aldrick Robinson,WAS,WR,"$390,000"
1970,nfl,2012,,Jake Rogers,TB,K,"$390,000"
1971,nfl,2012,,Brandian Ross,OAK,CB,"$390,000"
1972,nfl,2012,,Jay Ross,BUF,DL/DT,"$390,000"
1973,nfl,2012,,Jeremy Ross,GB,WR,"$390,000"
1974,nfl,2012,,Anderson Russell,CAR,S,"$390,000"
1975,nfl,2012,,Josh Samuda,MIA,C,"$390,000"
1976,nfl,2012,,Damik Scafe,SD,DL/DE,"$390,000"
1977,nfl,2012,,Jarrod Shaw,CLE,C,"$390,000"
1978,nfl,2012,,Deshawn Shead,SEA,FS,"$390,000"
1979,nfl,2012,,A.Q. Shipley,IND,C,"$390,000"
1980,nfl,2012,,Sealver Siliga,DEN,DL/DT,"$390,000"
1981,nfl,2012,,David Sims,PHI,S,"$390,000"
1982,nfl,2012,,David Snow,BUF,G,"$390,000"
1983,nfl,2012,,Bradley Sowell,IND,LT,"$390,000"
1984,nfl,2012,,Jeremy Stewart,OAK,RB,"$390,000"
1985,nfl,2012,,Alameda Ta'amu,PIT,DL/DT,"$390,000"
1986,nfl,2012,,Alex Tanney,KC,QB,"$390,000"
1987,nfl,2012,,Justin Taplin-Ross,DAL,CB,"$390,000"
1988,nfl,2012,,Neiko Thorpe,KC,CB,"$390,000"
1989,nfl,2012,,Justin Tucker,BAL,K,"$390,000"
1990,nfl,2012,,Trevis Turner,PIT,T,"$390,000"
1991,nfl,2012,,Harvey Unga,CHI,FB,"$390,000"
1992,nfl,2012,,Trevor Vittatoe,IND,QB,"$390,000"
1993,nfl,2012,,Donovan Warren,CHI,CB,"$390,000"
1994,nfl,2012,,Michael Wilhoite,SF,LB/ILB,"$390,000"
1995,nfl,2012,,Keith Williams,BUF,G,"$390,000"
1996,nfl,2012,,Teddy Williams,IND,CB,"$390,000"
1997,nfl,2012,,Michael Willie,SD,WR,"$390,000"
1998,nfl,2012,,Lawrence Wilson,NO,LB/ILB,"$390,000"
1999,nfl,2012,,Doug Worthington,WAS,DL/DE,"$390,000"
2000,nfl,2012,,Christian Yount,CLE,LS,"$390,000"
2001,nfl,2012,2002,Tony Jerod-Eddie,SF,DL/DE,"$389,997"
2002,nfl,2012,2003,Zackary Bowman,CHI,CB,"$384,375"
2003,nfl,2012,,Alphonso Smith,DET,CB,"$384,375"
2004,nfl,2012,2005,Jerrell Freeman,IND,LB/ILB,"$381,666"
2005,nfl,2012,2006,Clifton Geathers,PHI,ED/DE,"$381,176"
2006,nfl,2012,,Daniel Muir,NYJ,DL/DT,"$381,176"
2007,nfl,2012,,Reggie Wells,SD,G,"$381,176"
2008,nfl,2012,2009,Colin Baxter,SD,C,"$377,813"
2009,nfl,2012,2010,Darryl Blackstock,BAL,LB,"$368,000"
2010,nfl,2012,2011,Tim Barnes,STL,C,"$367,058"
2011,nfl,2012,2012,Shaun Smith,KC,DL/DT,"$360,938"
2012,nfl,2012,2013,Andre Brown,NYG,RB,"$355,588"
2013,nfl,2012,2014,Xavier Adibi,TEN,LB,"$350,000"
2014,nfl,2012,2015,Mario Addison,WAS,DL/DE,"$348,750"
2015,nfl,2012,2016,Christian Thompson,BAL,S,"$348,146"
2016,nfl,2012,2017,Brandyn Dombrowski,SD,G,"$343,000"
2017,nfl,2012,2018,Kevin Elliott,JAX,WR,"$341,250"
2018,nfl,2012,2019,Anthony Armstrong,JAX,WR,"$337,500"
2019,nfl,2012,2020,Brandon McDonald,MIA,CB,"$329,411"
2020,nfl,2012,2021,DeMarcus Love,MIN,LT,"$328,619"
2021,nfl,2012,2022,Reggie Wells,GB,G,"$322,812"
2022,nfl,2012,2023,Zebrie Sanders,BUF,RT,"$322,625"
2023,nfl,2012,2024,Johnathan Grimes,NYJ,RB,"$321,176"
2024,nfl,2012,2025,Andre Holmes,DAL,WR,"$319,688"
2025,nfl,2012,2026,Shaun Prater,CIN,CB,"$319,250"
2026,nfl,2012,2027,Bradie Ewing,ATL,FB,"$319,048"
2027,nfl,2012,2028,Armon Binns,MIA,WR,"$316,875"
2028,nfl,2012,2029,Jason Kelce,PHI,C,"$312,385"
2029,nfl,2012,2030,Philip Blake,DEN,G,"$308,400"
2030,nfl,2012,2031,Kyle DeVan,TEN,G,"$307,500"
2031,nfl,2012,,Antonio Dixon,PHI,DL/DT,"$307,500"
2032,nfl,2012,,Brian Robiskie,DET,WR,"$307,500"
2033,nfl,2012,2034,Gary Guyton,DAL,LB/OLB,"$306,250"
2034,nfl,2012,,Steve Vallos,JAX,C,"$306,250"
2035,nfl,2012,2036,Antonio Allen,NYJ,CB,"$303,794"
2036,nfl,2012,2037,Danario Alexander,SD,WR,"$303,750"
2037,nfl,2012,2038,Chilo Rachal,CHI,G,"$303,000"
2038,nfl,2012,2039,Allen Reisner,MIN,TE,"$300,882"
2039,nfl,2012,2040,Keenan Robinson,WAS,ED/OLB,"$300,027"
2040,nfl,2012,2041,Will Hill,NYG,SS,"$298,236"
2041,nfl,2012,2042,Nick Toon,NO,WR,"$296,903"
2042,nfl,2012,2043,Ron Parker,CAR,FS,"$290,625"
2043,nfl,2012,2044,A.J. Edds,IND,ED/OLB,"$288,000"
2044,nfl,2012,,Scott Lutrus,IND,LB/ILB,"$288,000"
2045,nfl,2012,,Michael McAdoo,BAL,DL/DE,"$288,000"
2046,nfl,2012,,Bill Nagy,DET,G,"$288,000"
2047,nfl,2012,2048,Hayden Smith,NYJ,TE,"$277,537"
2048,nfl,2012,2049,Matt Daniels,STL,FS,"$276,333"
2049,nfl,2012,2050,Jewel Hampton,SF,RB,"$274,666"
2050,nfl,2012,2051,Adam Nissley,ATL,TE,"$274,000"
2051,nfl,2012,2052,Griff Whalen,IND,WR,"$273,500"
2052,nfl,2012,2053,Damien Berry,BAL,RB,"$273,000"
2053,nfl,2012,,Tommy Gallarda,ATL,TE,"$273,000"
2054,nfl,2012,,Anthony Levine,BAL,LB/ILB,"$273,000"
2055,nfl,2012,,Bobby Rainey,BAL,RB,"$273,000"
2056,nfl,2012,,Nick Taylor,MIN,CB,"$273,000"
2057,nfl,2012,2058,Richard Goodman,SD,WR,"$270,000"
2058,nfl,2012,,Matt Tennant,PHI,G,"$270,000"
2059,nfl,2012,2060,Domonique Johnson,WAS,CB,"$269,063"
2060,nfl,2012,,Jarius Wynn,TEN,LB/OLB,"$269,063"
2061,nfl,2012,2062,Josh Kaddu,MIA,LB/OLB,"$268,125"
2062,nfl,2012,,Cody White,HOU,C,"$268,125"
2063,nfl,2012,2064,Mike Cox,ATL,FB,"$262,500"
2064,nfl,2012,2065,Da'Mon Cromartie-Smith,PIT,CB,"$261,563"
2065,nfl,2012,,Vic So'oto,OAK,LB/OLB,"$261,563"
2066,nfl,2012,,Jeff Tarpinian,NE,LB/OLB,"$261,563"
2067,nfl,2012,2068,Chris Johnson,BAL,CB,"$257,813"
2068,nfl,2012,2069,Thomas Welch,BUF,RT,"$254,118"
2069,nfl,2012,2070,Lawrence Guy,IND,DL/DE,"$252,352"
2070,nfl,2012,2071,Mana Silva,BUF,S,"$247,324"
2071,nfl,2012,2072,Josh Bynes,BAL,ED/OLB,"$243,750"
2072,nfl,2012,,Marcus Dowtin,NYJ,ED/OLB,"$243,750"
2073,nfl,2012,,Duke Ihenacho,DEN,SS,"$243,750"
2074,nfl,2012,,Kyle Miller,MIA,TE,"$243,750"
2075,nfl,2012,2076,Roger Allen,TB,G,"$236,250"
2076,nfl,2012,,Bryan McCann,MIA,CB,"$236,250"
2077,nfl,2012,2078,Terrell McClain,HOU,DL/DE,"$232,500"
2078,nfl,2012,,Kevin Rutland,JAX,CB,"$232,500"
2079,nfl,2012,,Keith Toston,JAX,RB,"$232,500"
2080,nfl,2012,,Tracy Wilson,TEN,S,"$232,500"
2081,nfl,2012,2082,Pat Lee,DET,CB,"$230,625"
2082,nfl,2012,2083,Ronald Talley,ARI,DL/DE,"$230,438"
2083,nfl,2012,2084,Ricky Sapp,NYJ,ED/OLB,"$229,129"
2084,nfl,2012,2085,Kahlil Bell,NYJ,RB,"$222,353"
2085,nfl,2012,,Jake Scott,PHI,G,"$222,353"
2086,nfl,2012,2087,Pannel Egboh,TEN,ED/DE,"$219,375"
2087,nfl,2012,,LeQuan Lewis,TB,CB,"$219,375"
2088,nfl,2012,,John Malecki,PIT,C,"$219,375"
2089,nfl,2012,,Malcolm Williams,NE,CB,"$219,375"
2090,nfl,2012,2091,Beau Bell,CLE,LB,"$217,058"
2091,nfl,2012,2092,Darrin Walls,NYJ,CB,"$209,718"
2092,nfl,2012,2093,Mike Rivera,NE,LB/OLB,"$206,471"
2093,nfl,2012,2094,D.J. Smith,GB,LB/ILB,"$200,163"
2094,nfl,2012,2095,Johnathan Grimes,HOU,RB,"$195,000"
2095,nfl,2012,,Emmanuel Lamur,CIN,LB/OLB,"$195,000"
2096,nfl,2012,2097,Graham Gano,CAR,K,"$192,188"
2097,nfl,2012,,William Robinson,NO,T,"$192,188"
2098,nfl,2012,2099,James Develin,NE,FB,"$177,811"
2099,nfl,2012,2100,Jordan White,NYJ,WR,"$177,547"
2100,nfl,2012,2101,Ryan Durand,MIA,G,"$174,375"
2101,nfl,2012,,Jordan Shipley,JAX,WR,"$174,375"
2102,nfl,2012,2103,James Brown,CHI,G,"$170,625"
2103,nfl,2012,,Ronnie Cameron,CLE,ED/DE,"$170,625"
2104,nfl,2012,,Hayworth Hicks,KC,G,"$170,625"
2105,nfl,2012,,Phillip Manley,ATL,G,"$170,625"
2106,nfl,2012,,Quinton Pointer,STL,CB,"$170,625"
2107,nfl,2012,,Anderson Russell,MIA,S,"$170,625"
2108,nfl,2012,2109,Jordan Todman,MIN,RB,"$170,000"
2109,nfl,2012,2110,Cory Harkey,STL,FB,"$160,588"
2110,nfl,2012,2111,Brady Poppinga,DAL,LB,"$154,688"
2111,nfl,2012,,Stanford Routt,HOU,CB,"$154,688"
2112,nfl,2012,2113,Brian Hoyer,ARI,QB,"$153,750"
2113,nfl,2012,2114,David Gilreath,TB,WR,"$146,250"
2114,nfl,2012,,Marshall McFadden,PIT,LB/ILB,"$146,250"
2115,nfl,2012,2116,Jordan Todman,JAX,RB,"$141,176"
2116,nfl,2012,2117,Chandler Burden,MIA,C,"$138,332"
2117,nfl,2012,2118,De'Andre Presley,MIA,WR,"$137,506"
2118,nfl,2012,2119,Ryan Grant,GB,RB,"$131,251"
2119,nfl,2012,2120,Antwaun Molden,JAX,CB,"$131,250"
2120,nfl,2012,,Leon Williams,KC,LB,"$131,250"
2121,nfl,2012,2122,Andre Fluellen,DET,DL/DT,"$123,530"
2122,nfl,2012,2123,Greg Van Roten,GB,G,"$121,875"
2123,nfl,2012,2124,Olindo Mare,CHI,K,"$115,625"
2124,nfl,2012,2125,Kregg Lumpkin,NYG,RB,"$115,313"
2125,nfl,2012,2126,Julian Posey,NYJ,CB,"$108,582"
2126,nfl,2012,2127,Josh Brown,CIN,K,"$103,125"
2127,nfl,2012,2128,Kellen Heard,IND,DL/DE,"$101,250"
2128,nfl,2012,2129,Kaelin Burnett,OAK,LB/OLB,"$97,500"
2129,nfl,2012,,David Douglas,TB,WR,"$97,500"
2130,nfl,2012,2131,Tom Compton,WAS,T,"$91,764"
2131,nfl,2012,2132,Matt Kopa,PHI,G,"$91,354"
2132,nfl,2012,2133,Bront Bird,SD,LB/ILB,"$87,188"
2133,nfl,2012,,Steve Schilling,SD,G,"$87,188"
2134,nfl,2012,2135,Shaun Chapas,DET,TE,"$82,059"
2135,nfl,2012,,Ricky Henry,NO,G,"$82,059"
2136,nfl,2012,2137,Josh Bellamy,KC,WR,"$73,125"
2137,nfl,2012,,Sammy Brown,STL,ED/DE,"$73,125"
2138,nfl,2012,,Toney Clemons,JAX,WR,"$73,125"
2139,nfl,2012,,Dan Herron,CIN,RB,"$73,125"
2140,nfl,2012,,Delano Howell,IND,S,"$73,125"
2141,nfl,2012,,Jamize Olawale,OAK,FB,"$73,125"
2142,nfl,2012,,Ryan Rau,PHI,LB/ILB,"$73,125"
2143,nfl,2012,,Will Ta'ufo'ou,JAX,FB,"$73,125"
2144,nfl,2012,,Darrion Weems,DAL,RT,"$73,125"
2145,nfl,2012,2146,Jerico Nelson,NO,S,"$68,824"
2146,nfl,2012,,Austin Pasztor,JAX,T,"$68,824"
2147,nfl,2012,2148,Emil Igwenagu,PHI,TE,"$68,823"
2148,nfl,2012,2149,Chris Scott,BUF,G,"$67,500"
2149,nfl,2012,2150,Chimdi Chekwa,OAK,CB,"$58,125"
2150,nfl,2012,2151,Johnny Knox,CHI,WR,"$51,060"
2151,nfl,2012,2152,Brad Smelley,CLE,TE,"$48,750"
2152,nfl,2012,2153,Jamell Fleming,ARI,S,"$45,882"
2153,nfl,2012,2154,Kamar Jorden,MIN,WR,"$32,118"
2154,nfl,2012,2155,Eddie Pleasant,HOU,FS,"$22,942"
2155,nfl,2012,2156,Brett Brackett,JAX,TE,"$22,941"
2156,nfl,2012,,John Griffin,NYJ,RB,"$22,941"
2157,nfl,2012,,Kerry Taylor,ARI,WR,"$22,941"
2158,nfl,2012,2159,Kevin Hughes,STL,T,"$3,334"
2159,nfl,2012,2160,Jeff Fuller,MIA,WR,"$1,500"
2160,nfl,2012,,Andrew McDonald,MIA,RT,"$1,500"
2161,nfl,2012,1,QB,,,21
2162,nfl,2012,2,WR,,,14
2163,nfl,2012,3,CB,,,11
2164,nfl,2012,4,ED,,,11
2165,nfl,2012,5,DL,,,10
2166,nfl,2012,6,LB,,,9
2167,nfl,2012,7,OL,,,9
2168,nfl,2012,8,RB,,,7
2169,nfl,2012,9,S,,,6
2170,nfl,2012,10,TE,,,2
2171,nfl,2012,1,KC,,,7
2172,nfl,2012,2,BAL,,,5
2173,nfl,2012,3,CAR,,,5
2174,nfl,2012,4,NYJ,,,5
2175,nfl,2012,5,NYG,,,5
2176,nfl,2012,6,TB,,,5
2177,nfl,2012,7,ATL,,,4
2178,nfl,2012,8,CHI,,,4
2179,nfl,2012,9,DAL,,,4
2180,nfl,2012,10,HOU,,,4
2181,nfl,2012,11,MIN,,,4
2182,nfl,2012,12,NE,,,4
2183,nfl,2012,13,CLE,,,3
2184,nfl,2012,14,DEN,,,3
2185,nfl,2012,15,DET,,,3
2186,nfl,2012,16,GB,,,3
2187,nfl,2012,17,OAK,,,3
2188,nfl,2012,18,PHI,,,3
2189,nfl,2012,19,PIT,,,3
2190,nfl,2012,20,SD,,,3
2191,nfl,2012,21,STL,,,3
2192,nfl,2012,22,ARI,,,2
2193,nfl,2012,23,MIA,,,2
2194,nfl,2012,24,NO,,,2
2195,nfl,2012,25,SEA,,,2
2196,nfl,2012,26,SF,,,2
2197,nfl,2012,27,TEN,,,2
2198,nfl,2012,28,BUF,,,1
2199,nfl,2012,29,CIN,,,1
2200,nfl,2012,30,IND,,,1
2201,nfl,2012,31,JAX,,,1
2202,nfl,2012,32,WAS,,,1
2203,nfl,2012,1,QB,,,21
2204,nfl,2012,2,WR,,,14
2205,nfl,2012,3,CB,,,11
2206,nfl,2012,4,ED,,,11
2207,nfl,2012,5,DL,,,10
2208,nfl,2012,6,LB,,,9
2209,nfl,2012,7,OL,,,9
2210,nfl,2012,8,RB,,,7
2211,nfl,2012,9,S,,,6
2212,nfl,2012,10,TE,,,2
2213,nfl,2012,1,KC,,,7
2214,nfl,2012,2,BAL,,,5
2215,nfl,2012,3,CAR,,,5
2216,nfl,2012,4,NYJ,,,5
2217,nfl,2012,5,NYG,,,5
2218,nfl,2012,6,TB,,,5
2219,nfl,2012,7,ATL,,,4
2220,nfl,2012,8,CHI,,,4
2221,nfl,2012,9,DAL,,,4
2222,nfl,2012,10,HOU,,,4
2223,nfl,2012,11,MIN,,,4
2224,nfl,2012,12,NE,,,4
2225,nfl,2012,13,CLE,,,3
2226,nfl,2012,14,DEN,,,3
2227,nfl,2012,15,DET,,,3
2228,nfl,2012,16,GB,,,3
2229,nfl,2012,17,OAK,,,3
2230,nfl,2012,18,PHI,,,3
2231,nfl,2012,19,PIT,,,3
2232,nfl,2012,20,SD,,,3
2233,nfl,2012,21,STL,,,3
2234,nfl,2012,22,ARI,,,2
2235,nfl,2012,23,MIA,,,2
2236,nfl,2012,24,NO,,,2
2237,nfl,2012,25,SEA,,,2
2238,nfl,2012,26,SF,,,2
2239,nfl,2012,27,TEN,,,2
2240,nfl,2012,28,BUF,,,1
2241,nfl,2012,29,CIN,,,1
2242,nfl,2012,30,IND,,,1
2243,nfl,2012,31,JAX,,,1
2244,nfl,2012,32,WAS,,,1
