,league,season,rank,player,team,position,salary
0,nfl,2023,1,Patrick Mahomes,KC,QB,"$37,133,825"
1,nfl,2023,2,Ryan Tannehill,TEN,QB,"$36,600,000"
2,nfl,2023,3,Jared Goff,DET,QB,"$30,975,000"
3,nfl,2023,4,T.J. Watt,PIT,ED/OLB,"$29,368,694"
4,nfl,2023,5,Dak Prescott,DAL,QB,"$26,832,647"
5,nfl,2023,6,Chris Jones,KC,DL/DT,"$26,808,355"
6,nfl,2023,7,Laremy Tunsil,HOU,LT,"$26,566,704"
7,nfl,2023,8,Aaron Donald,LAR,DL/DT,"$26,000,000"
8,nfl,2023,9,Amari Cooper,CLE,WR,"$23,776,000"
9,nfl,2023,10,Mike Evans,TB,WR,"$23,698,500"
10,nfl,2023,11,Ronnie Stanley,BAL,LT,"$23,668,250"
11,nfl,2023,12,Cameron Heyward,PIT,DL/DE,"$22,256,250"
12,nfl,2023,13,Lamar Jackson,BAL,QB,"$22,150,000"
13,nfl,2023,14,Russell Wilson,DEN,QB,"$22,000,000"
14,nfl,2023,15,C.J. Mosley,NYJ,LB/ILB,"$21,476,000"
15,nfl,2023,16,Jonathan Allen,WAS,DL/DT,"$21,441,168"
16,nfl,2023,17,Jake Matthews,ATL,LT,"$21,233,823"
17,nfl,2023,18,David Bakhtiari,GB,LT,"$20,994,925"
18,nfl,2023,19,Danielle Hunter,MIN,ED/OLB,"$20,953,333"
19,nfl,2023,20,Grady Jarrett,ATL,DL/DT,"$20,625,000"
20,nfl,2023,21,Kirk Cousins,MIN,QB,"$20,250,000"
21,nfl,2023,22,D.J. Moore,CHI,WR,"$20,165,000"
22,nfl,2023,23,Matthew Stafford,LAR,QB,"$20,000,000"
23,nfl,2023,24,Joe Burrow,CIN,QB,"$19,515,043"
24,nfl,2023,25,Taylor Decker,DET,LT,"$19,350,000"
25,nfl,2023,26,Adoree' Jackson,NYG,CB,"$19,076,563"
26,nfl,2023,27,Deshaun Watson,CLE,QB,"$19,064,080"
27,nfl,2023,28,Braden Smith,IND,RT,"$19,000,000"
28,nfl,2023,29,Josh Allen,BUF,QB,"$18,636,281"
29,nfl,2023,30,Courtland Sutton,DEN,WR,"$18,295,576"
30,nfl,2023,31,Justin Simmons,DEN,FS,"$18,150,000"
31,nfl,2023,32,Budda Baker,ARI,FS,"$17,866,168"
32,nfl,2023,33,Garett Bolles,DEN,LT,"$17,823,529"
33,nfl,2023,34,Cam Robinson,JAX,LT,"$17,797,382"
34,nfl,2023,35,Kolton Miller,LV,LT,"$17,650,000"
35,nfl,2023,36,Cooper Kupp,LAR,WR,"$17,360,000"
36,nfl,2023,37,DeForest Buckner,IND,DL/DT,"$17,250,000"
37,nfl,2023,38,Emmanuel Ogbah,MIA,DL/DE,"$17,185,292"
38,nfl,2023,39,DeMarcus Lawrence,DAL,DL/DE,"$17,110,000"
39,nfl,2023,40,Eddie Jackson,CHI,FS,"$17,090,000"
40,nfl,2023,41,Cameron Jordan,NO,ED/DE,"$16,937,473"
41,nfl,2023,42,Khalil Mack,LAC,ED/OLB,"$16,632,500"
42,nfl,2023,43,Frank Ragnow,DET,C,"$16,450,000"
43,nfl,2023,44,Matt Judon,NE,LB/OLB,"$16,440,555"
44,nfl,2023,45,Derrick Henry,TEN,RB,"$16,367,647"
45,nfl,2023,46,Diontae Johnson,PIT,WR,"$16,333,333"
46,nfl,2023,47,Myles Garrett,CLE,ED/DE,"$16,240,000"
47,nfl,2023,48,Tre'Davious White,BUF,CB,"$16,193,737"
48,nfl,2023,49,Brian Burns,CAR,ED/OLB,"$16,012,000"
49,nfl,2023,50,Kyler Murray,ARI,QB,"$16,007,000"
50,nfl,2023,51,Joey Bosa,LAC,ED/OLB,"$15,776,666"
51,nfl,2023,52,D.J. Reader,CIN,DL/DT,"$15,591,906"
52,nfl,2023,53,Hunter Henry,NE,TE,"$15,500,000"
53,nfl,2023,54,Daniel Jones,NYG,QB,"$15,435,000"
54,nfl,2023,55,Trey Hendrickson,CIN,ED/DE,"$15,143,126"
55,nfl,2023,56,Stefon Diggs,BUF,WR,"$14,875,111"
56,nfl,2023,57,Nick Chubb,CLE,RB,"$14,850,000"
57,nfl,2023,58,Davante Adams,LV,WR,"$14,740,000"
58,nfl,2023,59,Lane Johnson,PHI,RT,"$14,721,000"
59,nfl,2023,60,Travis Kelce,KC,TE,"$14,713,422"
60,nfl,2023,61,Tremaine Edmunds,CHI,LB/ILB,"$14,687,500"
61,nfl,2023,62,Michael Thomas,NO,WR,"$14,253,588"
62,nfl,2023,63,Cody Whitehair,CHI,G,"$14,100,000"
63,nfl,2023,64,D.K. Metcalf,SEA,WR,"$13,720,000"
64,nfl,2023,65,Chris Lindstrom,ATL,G,"$13,702,000"
65,nfl,2023,66,Mark Andrews,BAL,TE,"$13,657,611"
66,nfl,2023,67,Shaq Thompson,CAR,ED/OLB,"$13,622,155"
67,nfl,2023,68,Mike Williams,LAC,WR,"$13,540,000"
68,nfl,2023,69,Taylor Moton,CAR,RT,"$13,527,916"
69,nfl,2023,70,Joe Thuney,KC,G,"$13,416,250"
70,nfl,2023,71,Marquise Brown,ARI,WR,"$13,413,000"
71,nfl,2023,72,Hunter Renfrow,LV,WR,"$13,348,000"
72,nfl,2023,73,Corey Linsley,LAC,C,"$13,100,000"
73,nfl,2023,74,Chukwuma Okorafor,PIT,RT,"$13,083,333"
74,nfl,2023,75,Curtis Samuel,WAS,WR,"$13,000,000"
75,nfl,2023,76,D.J. Jones,DEN,DL/DT,"$12,988,333"
76,nfl,2023,77,Maxx Crosby,LV,DL/DE,"$12,978,250"
77,nfl,2023,78,Kenny Clark,GB,DL/DT,"$12,905,000"
78,nfl,2023,79,Tyreek Hill,MIA,WR,"$12,823,750"
79,nfl,2023,80,Keenan Allen,LAC,WR,"$12,782,500"
80,nfl,2023,81,Justin Reid,KC,SS,"$12,700,000"
81,nfl,2023,82,D.J. Humphries,ARI,LT,"$12,641,667"
82,nfl,2023,83,Jonah Williams,CIN,RT,"$12,604,000"
83,nfl,2023,84,Trent Williams,SF,LT,"$12,595,521"
84,nfl,2023,85,Jerome Baker,MIA,LB/ILB,"$12,516,111"
85,nfl,2023,86,Darious Williams,JAX,CB,"$12,500,000"
86,nfl,2023,87,Marlon Humphrey,BAL,CB,"$12,457,800"
87,nfl,2023,88,Ryan Kelly,IND,C,"$12,375,000"
88,nfl,2023,89,Trenton Brown,NE,LT,"$12,213,236"
89,nfl,2023,90,Quenton Nelson,IND,G,"$12,200,000"
90,nfl,2023,91,Denzel Ward,CLE,CB,"$12,179,822"
91,nfl,2023,92,Quandre Diggs,SEA,FS,"$11,937,500"
92,nfl,2023,93,Arik Armstead,SF,ED/DE,"$11,931,760"
93,nfl,2023,94,Darius Slay,PHI,CB,"$11,903,000"
94,nfl,2023,95,Harrison Smith,MIN,SS,"$11,827,636"
95,nfl,2023,96,Rashan Gary,GB,DL/DE,"$11,823,166"
96,nfl,2023,97,Zack Martin,DAL,G,"$11,750,000"
97,nfl,2023,98,Marshon Lattimore,NO,CB,"$11,728,400"
98,nfl,2023,99,Devin White,TB,LB/ILB,"$11,706,000"
99,nfl,2023,100,Kendall Fuller,WAS,CB,"$11,625,000"
100,nfl,2023,101,Jamal Adams,SEA,SS,"$11,496,666"
101,nfl,2023,102,Mitch Morse,BUF,C,"$11,420,000"
102,nfl,2023,103,Josh Jacobs,LV,RB,"$11,391,000"
103,nfl,2023,104,Christian Kirk,JAX,WR,"$11,316,932"
104,nfl,2023,105,Duane Brown,NYJ,LT,"$11,281,882"
105,nfl,2023,106,James Daniels,PIT,G,"$11,166,666"
106,nfl,2023,107,Calvin Ridley,JAX,WR,"$11,116,000"
107,nfl,2023,108,Ryan Ramczyk,NO,RT,"$11,105,323"
108,nfl,2023,109,Tyler Lockett,SEA,WR,"$11,060,000"
109,nfl,2023,110,Terry McLaurin,WAS,WR,"$11,025,000"
110,nfl,2023,111,Nick Bosa,SF,ED/DE,"$11,010,000"
111,nfl,2023,112,Marquez Valdes-Scantling,KC,WR,"$10,980,000"
112,nfl,2023,113,Dion Dawkins,BUF,LT,"$10,966,794"
113,nfl,2023,114,Joshua Hines-Allen,JAX,ED/OLB,"$10,892,000"
114,nfl,2023,115,Laken Tomlinson,NYJ,G,"$10,880,000"
115,nfl,2023,116,B.J. Hill,CIN,DL/DT,"$10,833,333"
116,nfl,2023,117,Shaquil Barrett,TB,ED/OLB,"$10,784,941"
117,nfl,2023,118,Micah Hyde,BUF,FS,"$10,783,058"
118,nfl,2023,119,Jason Kelce,PHI,C,"$10,757,000"
119,nfl,2023,120,Christian Wilkins,MIA,DL/DT,"$10,753,000"
120,nfl,2023,121,Harold Landry,TEN,ED/OLB,"$10,550,000"
121,nfl,2023,122,Davon Godchaux,NE,DL/DT,"$10,500,000"
122,nfl,2023,123,Yannick Ngakoue,CHI,ED/DE,"$10,440,000"
123,nfl,2023,124,Orlando Brown Jr.,CIN,LT,"$10,354,000"
124,nfl,2023,125,Jaire Alexander,GB,CB,"$10,351,645"
125,nfl,2023,126,Tyler Boyd,CIN,WR,"$10,300,000"
126,nfl,2023,127,Uchenna Nwosu,SEA,LB/OLB,"$10,100,000"
127,nfl,2023,,Geno Smith,SEA,QB,"$10,100,000"
128,nfl,2023,129,Brandon Graham,PHI,ED/DE,"$10,095,000"
129,nfl,2023,130,Saquon Barkley,NYG,RB,"$10,091,000"
130,nfl,2023,,Tony Pollard,DAL,RB,"$10,091,000"
131,nfl,2023,132,Brandon Scherff,JAX,G,"$10,073,184"
132,nfl,2023,133,Xavien Howard,MIA,CB,"$10,071,281"
133,nfl,2023,134,Dre'Mont Jones,SEA,ED/DE,"$10,056,666"
134,nfl,2023,135,Trevor Lawrence,JAX,QB,"$10,034,588"
135,nfl,2023,136,Stephon Gilmore,DAL,CB,"$9,980,000"
136,nfl,2023,137,Sam Hubbard,CIN,ED/DE,"$9,970,575"
137,nfl,2023,138,Rob Havenstein,LAR,RT,"$9,703,294"
138,nfl,2023,139,Brian O'Neill,MIN,RT,"$9,669,690"
139,nfl,2023,140,Tua Tagovailoa,MIA,QB,"$9,633,094"
140,nfl,2023,141,Zach Wilson,NYJ,QB,"$9,586,549"
141,nfl,2023,142,George Kittle,SF,TE,"$9,577,740"
142,nfl,2023,143,Jessie Bates III,ATL,FS,"$9,500,000"
143,nfl,2023,,Austin Johnson,LAC,DL/DT,"$9,500,000"
144,nfl,2023,145,James Conner,ARI,RB,"$9,453,260"
145,nfl,2023,146,Michael Davis,LAC,CB,"$9,376,464"
146,nfl,2023,147,Andrew Thomas,NYG,T,"$9,291,778"
147,nfl,2023,148,Terron Armstead,MIA,LT,"$9,238,456"
148,nfl,2023,149,Will Dissly,SEA,TE,"$9,190,000"
149,nfl,2023,150,Derwin James,LAC,SS,"$9,106,400"
150,nfl,2023,151,Denico Autry,TEN,DL/DE,"$9,102,932"
151,nfl,2023,152,Fred Warner,SF,LB/ILB,"$9,049,000"
152,nfl,2023,153,Roquan Smith,BAL,LB/ILB,"$9,000,000"
153,nfl,2023,154,Kyle Pitts,ATL,TE,"$8,975,589"
154,nfl,2023,155,Aaron Rodgers,NYJ,QB,"$8,888,888"
155,nfl,2023,156,Amani Hooker,TEN,SS,"$8,870,294"
156,nfl,2023,157,Joe Mixon,CIN,RB,"$8,850,000"
157,nfl,2023,158,Andrus Peat,NO,G,"$8,846,000"
158,nfl,2023,159,Foyesade Oluokun,JAX,LB/ILB,"$8,830,667"
159,nfl,2023,160,Alex Cappa,CIN,G,"$8,720,592"
160,nfl,2023,161,Deatrich Wise,NE,ED/DE,"$8,700,000"
161,nfl,2023,162,Logan Thomas,WAS,TE,"$8,675,000"
162,nfl,2023,163,Deebo Samuel,SF,WR,"$8,653,521"
163,nfl,2023,164,Chris Godwin,TB,WR,"$8,614,000"
164,nfl,2023,165,Daron Payne,WAS,DL/DT,"$8,610,000"
165,nfl,2023,166,DaQuan Jones,BUF,DL/DT,"$8,583,333"
166,nfl,2023,167,Travon Walker,JAX,DL/DE,"$8,513,778"
167,nfl,2023,168,Jacoby Brissett,WAS,QB,"$8,500,000"
168,nfl,2023,169,Justin Herbert,LAC,QB,"$8,458,176"
169,nfl,2023,170,Ja'Marr Chase,CIN,WR,"$8,405,357"
170,nfl,2023,171,Kenny Moore,IND,CB,"$8,400,872"
171,nfl,2023,172,Connor Williams,MIA,C,"$8,375,000"
172,nfl,2023,173,Mark Glowinski,NYG,G,"$8,350,000"
173,nfl,2023,174,A.J. Brown,PHI,WR,"$8,318,894"
174,nfl,2023,175,Gerald Everett,LAC,TE,"$8,250,000"
175,nfl,2023,176,Aidan Hutchinson,DET,ED/DE,"$8,116,679"
176,nfl,2023,177,Chidobe Awuzie,CIN,CB,"$8,102,935"
177,nfl,2023,178,Donte Jackson,CAR,CB,"$8,075,167"
178,nfl,2023,179,Tim Patrick,DEN,WR,"$8,071,666"
179,nfl,2023,180,Tyron Smith,DAL,LT,"$8,005,000"
180,nfl,2023,181,David Onyemata,ATL,DL/DT,"$8,000,000"
181,nfl,2023,182,Alvin Kamara,NO,RB,"$7,977,000"
182,nfl,2023,183,D.J. Reed,NYJ,CB,"$7,965,576"
183,nfl,2023,184,Von Miller,BUF,ED/DE,"$7,939,000"
184,nfl,2023,185,Minkah Fitzpatrick,PIT,SS,"$7,935,000"
185,nfl,2023,186,Aaron Jones,GB,RB,"$7,879,352"
186,nfl,2023,187,Derek Stingley Jr.,HOU,CB,"$7,876,708"
187,nfl,2023,188,Austin Ekeler,LAC,RB,"$7,750,000"
188,nfl,2023,189,Demario Davis,NO,LB/ILB,"$7,608,000"
189,nfl,2023,190,Ahmad Gardner,NYJ,CB,"$7,602,455"
190,nfl,2023,191,Bradley Chubb,MIA,ED/OLB,"$7,541,489"
191,nfl,2023,192,Jordan Mailata,PHI,LT,"$7,520,000"
192,nfl,2023,193,Derrick Brown,CAR,DL/DT,"$7,515,902"
193,nfl,2023,194,Calais Campbell,ATL,ED/DE,"$7,500,000"
194,nfl,2023,195,Carlton Davis,TB,CB,"$7,479,689"
195,nfl,2023,196,Maliek Collins,HOU,DL/DT,"$7,470,576"
196,nfl,2023,197,Justin Jones,CHI,DL/DT,"$7,400,000"
197,nfl,2023,198,Jaylen Waddle,MIA,WR,"$7,387,090"
198,nfl,2023,199,Cole Kmet,CHI,TE,"$7,360,778"
199,nfl,2023,200,Marcus Williams,BAL,S,"$7,262,380"
200,nfl,2023,201,Dorance Armstrong,DAL,DL/DE,"$7,250,000"
201,nfl,2023,202,Grover Stewart,IND,DL/DT,"$7,243,333"
202,nfl,2023,203,Josey Jewell,DEN,LB/ILB,"$7,220,000"
203,nfl,2023,204,Derek Carr,NO,QB,"$7,200,000"
204,nfl,2023,205,Kayvon Thibodeaux,NYG,ED/OLB,"$7,122,509"
205,nfl,2023,206,Taron Johnson,BUF,CB,"$7,037,500"
206,nfl,2023,207,Jack Conklin,CLE,RT,"$7,020,823"
207,nfl,2023,208,Bobby Wagner,SEA,LB/ILB,"$7,000,000"
208,nfl,2023,209,David Andrews,NE,C,"$6,998,522"
209,nfl,2023,210,Andre James,LV,C,"$6,980,000"
210,nfl,2023,211,Haason Reddick,PHI,LB/OLB,"$6,957,000"
211,nfl,2023,212,Michael Gallup,DAL,WR,"$6,950,000"
212,nfl,2023,213,Elgton Jenkins,GB,G,"$6,940,907"
213,nfl,2023,214,Mason Cole,PIT,C,"$6,921,666"
214,nfl,2023,215,Tytus Howard,HOU,RT/G,"$6,907,877"
215,nfl,2023,216,Bryce Young,CAR,QB,"$6,900,922"
216,nfl,2023,217,Tyrod Taylor,NYG,QB,"$6,900,000"
217,nfl,2023,218,Nate Davis,CHI,G,"$6,897,050"
218,nfl,2023,219,Foley Fatukasi,JAX,DL/DT,"$6,874,498"
219,nfl,2023,220,Kendrick Bourne,NE,WR,"$6,872,539"
220,nfl,2023,221,Taysom Hill,NO,TE,"$6,869,000"
221,nfl,2023,222,Matt Milano,BUF,LB/OLB,"$6,867,000"
222,nfl,2023,223,Noah Fant,SEA,TE,"$6,850,000"
223,nfl,2023,224,Harrison Phillips,MIN,DL/DT,"$6,833,333"
224,nfl,2023,225,James Hurst,NO,LT,"$6,761,000"
225,nfl,2023,226,Joel Bitonio,CLE,G,"$6,732,000"
226,nfl,2023,227,C.J. Uzomah,NYJ,TE,"$6,721,666"
227,nfl,2023,228,Bilal Nichols,LV,DL/DT,"$6,657,500"
228,nfl,2023,229,Javon Hargrave,SF,DL/DT,"$6,615,000"
229,nfl,2023,230,C.J. Stroud,HOU,QB,"$6,596,226"
230,nfl,2023,231,Penei Sewell,DET,RT,"$6,572,473"
231,nfl,2023,232,Kyle Juszczyk,SF,FB,"$6,565,214"
232,nfl,2023,233,Vita Vea,TB,DL/DT,"$6,515,643"
233,nfl,2023,234,Charles Leno,WAS,LT,"$6,500,000"
234,nfl,2023,,Joseph Noteboom,LAR,T,"$6,500,000"
235,nfl,2023,236,Tyler Higbee,LAR,TE,"$6,438,786"
236,nfl,2023,237,Quinnen Williams,NYJ,DL/DT,"$6,435,165"
237,nfl,2023,238,Charvarius Ward,SF,CB,"$6,421,000"
238,nfl,2023,239,DeMarcus Walker,CHI,ED/DE,"$6,416,666"
239,nfl,2023,240,Will Anderson,HOU,LB/OLB,"$6,402,332"
240,nfl,2023,241,Preston Smith,GB,ED/OLB,"$6,372,000"
241,nfl,2023,242,Jeffery Simmons,TEN,DL/DT,"$6,350,575"
242,nfl,2023,243,Dawson Knox,BUF,TE,"$6,345,000"
243,nfl,2023,244,Tracy Walker,DET,FS,"$6,321,667"
244,nfl,2023,245,Wyatt Teller,CLE,G,"$6,290,300"
245,nfl,2023,246,Jimmy Garoppolo,LV,QB,"$6,282,000"
246,nfl,2023,247,Ikem Ekwonu,CAR,LT,"$6,265,466"
247,nfl,2023,248,Dallas Goedert,PHI,TE,"$6,261,583"
248,nfl,2023,249,Jayron Kearse,DAL,SS,"$6,220,576"
249,nfl,2023,250,Jonathan Jones,NE,CB,"$6,191,176"
250,nfl,2023,251,Anthony Richardson,IND,QB,"$6,180,733"
251,nfl,2023,252,Jalen Hurts,PHI,QB,"$6,154,286"
252,nfl,2023,253,Jourdan Lewis,DAL,CB,"$6,137,244"
253,nfl,2023,254,Tyler Conklin,NYJ,TE,"$6,088,333"
254,nfl,2023,255,Mike Hilton,CIN,CB,"$6,050,000"
255,nfl,2023,256,Mitchell Trubisky,PIT,QB,"$6,011,666"
256,nfl,2023,257,Zach Allen,DEN,DL/DE,"$6,000,000"
257,nfl,2023,,Brandin Cooks,DAL,WR,"$6,000,000"
258,nfl,2023,,Mike McGlinchey,DEN,RT,"$6,000,000"
259,nfl,2023,,Patrick Mekari,BAL,T/C,"$6,000,000"
260,nfl,2023,,Jonnu Smith,ATL,TE,"$6,000,000"
261,nfl,2023,262,Romeo Okwara,DET,LB/OLB,"$5,970,576"
262,nfl,2023,263,Marcus Davenport,MIN,DL/DE,"$5,964,705"
263,nfl,2023,264,Justin Tucker,BAL,K,"$5,958,333"
264,nfl,2023,265,Ryan Jensen,TB,C,"$5,932,000"
265,nfl,2023,266,Mekhi Becton,NYJ,RT,"$5,869,197"
266,nfl,2023,267,Josh Sweat,PHI,ED/DE,"$5,857,000"
267,nfl,2023,268,Trevon Diggs,DAL,CB,"$5,843,256"
268,nfl,2023,269,Roy Robertson-Harris,JAX,DL/DT,"$5,833,334"
269,nfl,2023,270,Jawaan Taylor,KC,RT,"$5,825,000"
270,nfl,2023,271,Jamal Agnew,JAX,WR,"$5,810,785"
271,nfl,2023,272,Devon Witherspoon,SEA,CB,"$5,792,937"
272,nfl,2023,273,Jaycee Horn,CAR,CB,"$5,757,858"
273,nfl,2023,274,Patrick Surtain II,DEN,CB,"$5,717,097"
274,nfl,2023,275,Dexter Lawrence,NYG,DL/DT,"$5,714,600"
275,nfl,2023,276,Sam Darnold,SF,QB,"$5,711,765"
276,nfl,2023,277,Fletcher Cox,PHI,DL/DT,"$5,700,000"
277,nfl,2023,278,David Njoku,CLE,TE,"$5,657,000"
278,nfl,2023,279,Chris Boswell,PIT,K,"$5,640,000"
279,nfl,2023,280,Zay Jones,JAX,WR,"$5,612,032"
280,nfl,2023,281,Evan Neal,NYG,RT,"$5,579,831"
281,nfl,2023,282,Ted Karras,CIN,C,"$5,570,592"
282,nfl,2023,283,Dre Greenlaw,SF,LB,"$5,548,558"
283,nfl,2023,284,Frankie Luvu,CAR,ED/OLB,"$5,500,000"
284,nfl,2023,,Kaleb McGary,ATL,RT,"$5,500,000"
285,nfl,2023,,Cordarrelle Patterson,ATL,RB,"$5,500,000"
286,nfl,2023,287,DeVonta Smith,PHI,WR,"$5,493,107"
287,nfl,2023,288,Levi Wallace,PIT,CB,"$5,482,500"
288,nfl,2023,289,De'Vondre Campbell,GB,LB/ILB,"$5,480,819"
289,nfl,2023,290,Ed Oliver,BUF,DL/DT,"$5,478,000"
290,nfl,2023,291,Morgan Moses,BAL,RT,"$5,460,000"
291,nfl,2023,292,Robert Woods,HOU,WR,"$5,455,870"
292,nfl,2023,293,Germaine Pratt,CIN,LB,"$5,433,333"
293,nfl,2023,294,Lucas Patrick,CHI,G,"$5,382,500"
294,nfl,2023,295,Steven Nelson,HOU,CB,"$5,366,000"
295,nfl,2023,296,Rayshawn Jenkins,JAX,SS,"$5,364,000"
296,nfl,2023,297,Mo Alie-Cox,IND,TE,"$5,310,000"
297,nfl,2023,298,Jalen Thompson,ARI,SS,"$5,267,750"
298,nfl,2023,299,Samson Ebukam,IND,ED/DE,"$5,265,000"
299,nfl,2023,300,Taylor Heinicke,ATL,QB,"$5,220,000"
300,nfl,2023,301,Kevin Zeitler,BAL,G,"$5,207,000"
301,nfl,2023,302,Charles Harris,DET,ED/DE,"$5,179,498"
302,nfl,2023,303,Austin Corbett,CAR,G,"$5,163,000"
303,nfl,2023,304,Justin Fields,CHI,QB,"$5,146,897"
304,nfl,2023,305,Harrison Butker,KC,K,"$5,128,796"
305,nfl,2023,306,Jonathan Taylor,IND,RB,"$5,117,482"
306,nfl,2023,307,Paris Johnson,ARI,RT,"$5,100,446"
307,nfl,2023,308,Cairo Santos,CHI,K,"$5,060,000"
308,nfl,2023,309,Halapoulivaati Vaitai,DET,G,"$5,053,194"
309,nfl,2023,310,Cesar Ruiz,NO,G,"$5,034,293"
310,nfl,2023,311,Parris Campbell,NYG,WR,"$5,000,000"
311,nfl,2023,,T.J. Edwards,CHI,LB,"$5,000,000"
312,nfl,2023,,Evan Engram,JAX,TE,"$5,000,000"
313,nfl,2023,,Jordan Hicks,MIN,LB/ILB,"$5,000,000"
314,nfl,2023,,Riley Reiff,NE,T,"$5,000,000"
315,nfl,2023,316,T.J. Hockenson,MIN,TE,"$4,992,000"
316,nfl,2023,317,Jordan Poyer,BUF,SS,"$4,970,000"
317,nfl,2023,318,Austin Jackson,MIA,RT,"$4,934,543"
318,nfl,2023,319,Larry Ogunjobi,PIT,DL/DE,"$4,933,333"
319,nfl,2023,320,Jordan Whitehead,NYJ,SS,"$4,932,500"
320,nfl,2023,321,"Odell Beckham, Jr.",BAL,WR,"$4,932,000"
321,nfl,2023,322,Javon Kinlaw,SF,DL/DT,"$4,928,220"
322,nfl,2023,323,Drake London,ATL,WR,"$4,894,197"
323,nfl,2023,324,Ja'whaun Bentley,NE,LB/ILB,"$4,883,333"
324,nfl,2023,325,Charles Cross,SEA,LT,"$4,859,915"
325,nfl,2023,326,Jerry Jeudy,DEN,WR,"$4,834,128"
326,nfl,2023,327,Jimmie Ward,HOU,FS,"$4,794,110"
327,nfl,2023,328,Younghoe Koo,ATL,K,"$4,750,000"
328,nfl,2023,329,Montez Sweat,CHI,ED/DE,"$4,724,088"
329,nfl,2023,330,Marcus Epps,LV,FS,"$4,707,500"
330,nfl,2023,331,Shaq Mason,HOU,G,"$4,700,000"
331,nfl,2023,332,Erik McCoy,NO,C,"$4,680,000"
332,nfl,2023,333,JuJu Smith-Schuster,NE,WR,"$4,674,509"
333,nfl,2023,334,Garrett Wilson,NYJ,WR,"$4,671,365"
334,nfl,2023,335,Micah Parsons,DAL,ED/OLB,"$4,658,125"
335,nfl,2023,336,Dawuane Smoot,JAX,DL/DE,"$4,632,348"
336,nfl,2023,337,Malik Hooker,DAL,FS,"$4,570,576"
337,nfl,2023,338,Jameis Winston,NO,QB,"$4,552,000"
338,nfl,2023,339,A.J. Terrell,ATL,CB,"$4,551,829"
339,nfl,2023,340,Tyree Wilson,LV,DL/DE,"$4,546,454"
340,nfl,2023,341,Adrian Phillips,NE,FS,"$4,537,500"
341,nfl,2023,342,Rashawn Slater,LAC,LT,"$4,535,934"
342,nfl,2023,343,Devin Duvernay,BAL,WR,"$4,525,966"
343,nfl,2023,344,Jadeveon Clowney,BAL,DL/DE,"$4,505,000"
344,nfl,2023,345,Kaden Elliss,ATL,LB/ILB,"$4,500,000"
345,nfl,2023,,Chauncey Gardner-Johnson,DET,S,"$4,500,000"
346,nfl,2023,,Cedrick Wilson,MIA,WR,"$4,500,000"
347,nfl,2023,348,Darren Waller,NYG,TE,"$4,498,750"
348,nfl,2023,349,Charles Omenihu,KC,ED/DE,"$4,490,000"
349,nfl,2023,350,CeeDee Lamb,DAL,WR,"$4,457,731"
350,nfl,2023,351,Mike Gesicki,NE,TE,"$4,450,000"
351,nfl,2023,352,Jedrick Wills,CLE,LT,"$4,439,700"
352,nfl,2023,353,Xavier Woods,CAR,SS,"$4,439,166"
353,nfl,2023,354,Russell Gage,TB,WR,"$4,430,667"
354,nfl,2023,355,Alex Highsmith,PIT,ED/OLB,"$4,418,074"
355,nfl,2023,356,Jordan Love,GB,QB,"$4,409,271"
356,nfl,2023,357,Bobby Okereke,NYG,LB,"$4,385,000"
357,nfl,2023,358,Chris Olave,NO,WR,"$4,379,971"
358,nfl,2023,359,Sheldon Rankins,HOU,DL/DT,"$4,352,935"
359,nfl,2023,360,Cornelius Lucas,WAS,LT,"$4,350,000"
360,nfl,2023,361,Dalvin Tomlinson,CLE,DL/DT,"$4,332,280"
361,nfl,2023,,Alijah Vera-Tucker,NYJ,RT,"$4,332,280"
362,nfl,2023,363,Aaron Brewer,TEN,C,"$4,304,000"
363,nfl,2023,,Bryce Huff,NYJ,LB,"$4,304,000"
364,nfl,2023,,Terence Steele,DAL,RT,"$4,304,000"
365,nfl,2023,366,Graham Gano,NYG,K,"$4,297,963"
366,nfl,2023,367,Emmanuel Moseley,DET,CB,"$4,294,117"
367,nfl,2023,368,Dennis Gardeck,ARI,LB/OLB,"$4,276,666"
368,nfl,2023,369,Mac Jones,NE,QB,"$4,250,823"
369,nfl,2023,370,Daniel Carlson,LV,K,"$4,250,000"
370,nfl,2023,,Lorenzo Carter,ATL,LB/OLB,"$4,250,000"
371,nfl,2023,372,K’Lavon Chaisson,JAX,ED/OLB,"$4,246,013"
372,nfl,2023,373,Tyrann Mathieu,NO,SS,"$4,232,000"
373,nfl,2023,374,Patrick Peterson,PIT,CB,"$4,225,000"
374,nfl,2023,375,Darius Slayton,NYG,WR,"$4,205,882"
375,nfl,2023,376,Jakobi Meyers,LV,WR,"$4,182,613"
376,nfl,2023,377,Justin Jefferson,MIN,WR,"$4,175,437"
377,nfl,2023,378,Andrew Wylie,WAS,RT,"$4,166,666"
378,nfl,2023,379,Tim Settle,BUF,DL/DT,"$4,148,000"
379,nfl,2023,380,John Franklin-Myers,NYJ,ED/DE,"$4,144,000"
380,nfl,2023,381,Chuck Clark,NYJ,SS,"$4,140,000"
381,nfl,2023,382,Kenneth Murray,LAC,LB/ILB,"$4,128,390"
382,nfl,2023,383,Jerry Hughes,HOU,ED/DE,"$4,107,999"
383,nfl,2023,384,Deonte Harty,BUF,WR,"$4,105,000"
384,nfl,2023,385,Ka'imi Fairbairn,HOU,K,"$4,067,533"
385,nfl,2023,386,Patrick Ricard,BAL,FB,"$4,055,000"
386,nfl,2023,387,Avonte Maddox,PHI,CB,"$4,053,965"
387,nfl,2023,388,DeAndre Hopkins,TEN,WR,"$4,028,000"
388,nfl,2023,389,Zaven Collins,ARI,LB/ILB,"$4,006,434"
389,nfl,2023,390,Phil Haynes,SEA,G,"$4,000,000"
390,nfl,2023,,Eric Kendricks,LAC,LB/ILB,"$4,000,000"
391,nfl,2023,,Drew Lock,SEA,QB,"$4,000,000"
392,nfl,2023,,Connor McGovern,BUF,G,"$4,000,000"
393,nfl,2023,,Josh Reynolds,DET,WR,"$4,000,000"
394,nfl,2023,395,Bijan Robinson,ATL,RB,"$3,992,461"
395,nfl,2023,396,Brandon Aiyuk,SF,WR,"$3,987,245"
396,nfl,2023,397,Jalen Carter,PHI,DL/DT,"$3,964,730"
397,nfl,2023,398,Tee Higgins,CIN,WR,"$3,962,416"
398,nfl,2023,399,Michael Pittman Jr.,IND,WR,"$3,948,973"
399,nfl,2023,400,Carl Granderson,NO,ED/DE,"$3,940,000"
400,nfl,2023,401,Julian Love,SEA,FS,"$3,900,000"
401,nfl,2023,402,Jordyn Brooks,SEA,LB/ILB,"$3,893,148"
402,nfl,2023,403,Patrick Queen,BAL,LB/ILB,"$3,869,623"
403,nfl,2023,404,Jordan Davis,PHI,DL/DT,"$3,853,489"
404,nfl,2023,405,Robert Hunt,MIA,G,"$3,848,498"
405,nfl,2023,406,Jaelan Phillips,MIA,ED/OLB,"$3,823,146"
406,nfl,2023,407,Darnell Wright,CHI,RT,"$3,812,412"
407,nfl,2023,408,Jamel Dean,TB,CB,"$3,805,176"
408,nfl,2023,409,Ian Thomas,CAR,TE,"$3,768,430"
409,nfl,2023,410,Jamin Davis,WAS,LB/OLB,"$3,762,048"
410,nfl,2023,411,Trey Pipkins,LAC,RT,"$3,750,000"
411,nfl,2023,412,Michael Pierce,BAL,DL/DT,"$3,737,000"
412,nfl,2023,413,Kwity Paye,IND,ED/DE,"$3,721,316"
413,nfl,2023,414,Jameson Williams,DET,WR,"$3,713,318"
414,nfl,2023,415,Tristan Wirfs,TB,LT,"$3,713,132"
415,nfl,2023,416,Eric Murray,HOU,FS,"$3,695,730"
416,nfl,2023,417,Kyle Hamilton,BAL,S,"$3,694,338"
417,nfl,2023,418,Andrew Billings,CHI,DL/DT,"$3,690,000"
418,nfl,2023,419,DeVante Parker,NE,WR,"$3,686,666"
419,nfl,2023,420,Jeff Okudah,ATL,CB,"$3,682,076"
420,nfl,2023,421,Caleb Farley,TEN,CB,"$3,680,586"
421,nfl,2023,422,Bryan Mone,SEA,DL/DT,"$3,675,000"
422,nfl,2023,423,Will Hernandez,ARI,G,"$3,650,000"
423,nfl,2023,424,Kyle Dugger,NE,SS,"$3,647,891"
424,nfl,2023,425,Marcus Maye,NO,FS,"$3,641,060"
425,nfl,2023,426,Christian Darrisaw,MIN,LT,"$3,639,856"
426,nfl,2023,427,Kenyon Green,HOU,G,"$3,625,774"
427,nfl,2023,428,Isaac Seumalo,PIT,G,"$3,616,666"
428,nfl,2023,429,DaVon Hamilton,JAX,DL/DT,"$3,581,746"
429,nfl,2023,430,Peter Skoronski,TEN,T,"$3,576,967"
430,nfl,2023,431,Grant Delpit,CLE,SS,"$3,575,247"
431,nfl,2023,432,Lawrence Guy,NE,DL/DT,"$3,573,529"
432,nfl,2023,433,Jaylon Johnson,CHI,CB,"$3,559,140"
433,nfl,2023,434,Najee Harris,PIT,RB,"$3,558,395"
434,nfl,2023,435,Travis Etienne,JAX,RB,"$3,517,665"
435,nfl,2023,436,Taven Bryan,IND,DL/DT,"$3,510,000"
436,nfl,2023,437,Cody Barton,WAS,LB,"$3,500,000"
437,nfl,2023,,Braxton Berrios,MIA,WR,"$3,500,000"
438,nfl,2023,,Devin Bush,SEA,LB/ILB,"$3,500,000"
439,nfl,2023,,Shelby Harris,CLE,DL/DT,"$3,500,000"
440,nfl,2023,,Gardner Minshew,IND,QB,"$3,500,000"
441,nfl,2023,,Tress Way,WAS,P,"$3,500,000"
442,nfl,2023,443,Nyheim Miller-Hines,BUF,RB,"$3,480,000"
443,nfl,2023,444,Greg Newsome,CLE,CB,"$3,476,928"
444,nfl,2023,445,Clyde Edwards-Helaire,KC,RB,"$3,443,228"
445,nfl,2023,446,Tyler Shatley,JAX,G,"$3,438,224"
446,nfl,2023,447,Rashod Bateman,BAL,WR,"$3,436,203"
447,nfl,2023,448,Christian McCaffrey,SF,RB,"$3,424,000"
448,nfl,2023,449,Jahan Dotson,WAS,WR,"$3,420,081"
449,nfl,2023,450,Cameron Johnston,HOU,P,"$3,418,766"
450,nfl,2023,451,Payton Turner,NO,ED/DE,"$3,415,837"
451,nfl,2023,452,Jabrill Peppers,NE,FS,"$3,410,000"
452,nfl,2023,453,C.J. Henderson,CAR,CB,"$3,407,639"
453,nfl,2023,454,Jake Elliott,PHI,K,"$3,382,000"
454,nfl,2023,455,Durham Smythe,MIA,TE,"$3,357,254"
455,nfl,2023,456,Zach Sieler,MIA,DL/DT,"$3,355,000"
456,nfl,2023,457,Zion Johnson,LAC,G,"$3,351,518"
457,nfl,2023,458,Jeremy Chinn,CAR,FS,"$3,335,995"
458,nfl,2023,459,Alex Singleton,DEN,LB,"$3,333,333"
459,nfl,2023,460,Adam Thielen,CAR,WR,"$3,332,000"
460,nfl,2023,461,Marquis Haynes,CAR,DL/DE,"$3,309,703"
461,nfl,2023,462,Michael Dickson,SEA,P,"$3,300,000"
462,nfl,2023,463,Logan Wilson,CIN,LB/ILB,"$3,299,199"
463,nfl,2023,464,Siran Neal,BUF,CB,"$3,293,333"
464,nfl,2023,465,David Long,MIA,LB,"$3,290,000"
465,nfl,2023,466,Cameron Sutton,DET,CB,"$3,280,000"
466,nfl,2023,467,Damien Lewis,SEA,G,"$3,274,298"
467,nfl,2023,468,Donovan Wilson,DAL,S,"$3,270,575"
468,nfl,2023,469,Nick Gates,WAS,G,"$3,267,842"
469,nfl,2023,470,Treylon Burks,TEN,WR,"$3,265,816"
470,nfl,2023,471,Allen Lazard,NYJ,WR,"$3,264,000"
471,nfl,2023,472,Jonah Jackson,DET,G,"$3,254,140"
472,nfl,2023,473,Eric Stokes,GB,CB,"$3,252,415"
473,nfl,2023,474,Jon Feliciano,SF,C,"$3,250,000"
474,nfl,2023,,Kyzir White,ARI,LB/OLB,"$3,250,000"
475,nfl,2023,476,Jahmyr Gibbs,DET,RB,"$3,244,569"
476,nfl,2023,477,Montravius Adams,PIT,DL/DE,"$3,232,500"
477,nfl,2023,478,Trevor Penning,NO,LT,"$3,214,390"
478,nfl,2023,479,Kenny Pickett,PIT,QB,"$3,197,251"
479,nfl,2023,480,Trent McDuffie,KC,CB,"$3,180,110"
480,nfl,2023,481,Hassan Ridgeway,HOU,DL/DT,"$3,176,460"
481,nfl,2023,482,Raheem Mostert,MIA,RB,"$3,170,882"
482,nfl,2023,483,Greg Rousseau,BUF,ED/DE,"$3,165,873"
483,nfl,2023,484,Lukas Van Ness,GB,ED/OLB,"$3,161,471"
484,nfl,2023,485,Keion Crossen,MIA,CB,"$3,155,000"
485,nfl,2023,486,Quay Walker,GB,LB/ILB,"$3,145,828"
486,nfl,2023,487,Hayden Hurst,CAR,TE,"$3,136,666"
487,nfl,2023,488,Devin Singletary,HOU,RB,"$3,125,000"
488,nfl,2023,489,Kaiir Elam,BUF,CB,"$3,111,548"
489,nfl,2023,490,Vonn Bell,CAR,FS,"$3,110,000"
490,nfl,2023,491,Odafe Oweh,BAL,DL/DE,"$3,093,379"
491,nfl,2023,492,Allen Robinson,PIT,WR,"$3,082,500"
492,nfl,2023,493,Matt Gay,IND,K,"$3,080,000"
493,nfl,2023,494,Darnell Mooney,CHI,WR,"$3,063,513"
494,nfl,2023,495,Brian Allen,LAR,C,"$3,050,000"
495,nfl,2023,496,Joe Tryon,TB,ED/OLB,"$3,046,701"
496,nfl,2023,497,Mike Onwenu,NE,G,"$3,043,619"
497,nfl,2023,498,Tyler Smith,DAL,G,"$3,042,982"
498,nfl,2023,499,Jason Myers,SEA,K,"$3,040,000"
499,nfl,2023,,E.J. Speed,IND,LB,"$3,040,000"
500,nfl,2023,501,Za'Darius Smith,CLE,LB/OLB,"$3,032,000"
501,nfl,2023,502,Jarran Reed,SEA,ED/DE,"$3,030,000"
502,nfl,2023,503,Antonio Gibson,WAS,RB,"$3,029,843"
503,nfl,2023,504,Ashtyn Davis,NYJ,FS,"$3,027,070"
504,nfl,2023,505,Broderick Jones,PIT,RT,"$3,022,973"
505,nfl,2023,506,Kamren Curl,WAS,SS,"$3,020,332"
506,nfl,2023,507,Brandon Jones,MIA,FS,"$3,019,017"
507,nfl,2023,508,Nnamdi Madubuike,BAL,DL/DT,"$3,015,420"
508,nfl,2023,509,Mike Hughes,ATL,CB,"$3,015,000"
509,nfl,2023,510,Tyler Linderbaum,BAL,C,"$3,008,701"
510,nfl,2023,511,Bryan Anger,DAL,P,"$3,000,000"
511,nfl,2023,,Mike Edwards,KC,S,"$3,000,000"
512,nfl,2023,,Dante Fowler Jr.,DAL,DL/DE,"$3,000,000"
513,nfl,2023,,Samaje Perine,DEN,RB,"$3,000,000"
514,nfl,2023,,Jarrett Stidham,DEN,QB,"$3,000,000"
515,nfl,2023,516,Matt Hennessy,ATL,C,"$2,995,648"
516,nfl,2023,517,Lloyd Cushenberry,DEN,C,"$2,979,544"
517,nfl,2023,518,Julian Blackmon,IND,SS,"$2,974,609"
518,nfl,2023,519,Jermaine Johnson,NYJ,ED/DE,"$2,974,419"
519,nfl,2023,520,George Fant,HOU,RT,"$2,970,576"
520,nfl,2023,521,Bud Dupree,ATL,LB/OLB,"$2,970,000"
521,nfl,2023,,Jermaine Eluemunor,LV,RT,"$2,970,000"
522,nfl,2023,,Zaire Franklin,IND,LB/OLB,"$2,970,000"
523,nfl,2023,524,Will McDonald,NYJ,ED/DE,"$2,967,577"
524,nfl,2023,525,Devin Lloyd,JAX,LB/ILB,"$2,940,138"
525,nfl,2023,526,Drue Tranquill,KC,LB,"$2,940,000"
526,nfl,2023,527,Jalen Ramsey,MIA,CB,"$2,932,000"
527,nfl,2023,528,D.J. Wonnum,MIN,DL/DE,"$2,930,695"
528,nfl,2023,529,Carl Lawson,NYJ,ED/DE,"$2,923,334"
529,nfl,2023,530,Devonte Wyatt,GB,DL/DT,"$2,922,996"
530,nfl,2023,531,Charlie Heck,HOU,RT,"$2,920,676"
531,nfl,2023,532,Jalen Mills,NE,CB,"$2,919,117"
532,nfl,2023,533,Gabriel Davis,BUF,WR,"$2,916,845"
533,nfl,2023,534,L'Jarius Sneed,KC,CB,"$2,901,580"
534,nfl,2023,535,Ezekiel Elliott,NE,RB,"$2,900,000"
535,nfl,2023,,Alec Ingold,MIA,FB,"$2,900,000"
536,nfl,2023,,Rigoberto Sanchez,IND,P,"$2,900,000"
537,nfl,2023,538,Leighton Vander Esch,DAL,LB,"$2,897,055"
538,nfl,2023,539,Jordan Phillips,BUF,ED/DE,"$2,895,000"
539,nfl,2023,540,Shy Tuttle,CAR,DL/DT,"$2,886,666"
540,nfl,2023,541,K'Waun Williams,DEN,CB,"$2,885,000"
541,nfl,2023,542,Randall Cobb,NYJ,WR,"$2,882,352"
542,nfl,2023,543,James Bradberry,PHI,CB,"$2,882,000"
543,nfl,2023,544,Arden Key,TEN,ED/OLB,"$2,880,000"
544,nfl,2023,545,Tyler Biadasz,DAL,C,"$2,866,600"
545,nfl,2023,546,Brandon Bolden,LV,RB,"$2,850,000"
546,nfl,2023,547,Dalton Schultz,HOU,TE,"$2,845,575"
547,nfl,2023,548,Ashton Dulin,IND,WR,"$2,830,000"
548,nfl,2023,549,Byron Murphy,MIN,CB,"$2,814,699"
549,nfl,2023,550,K.J. Osborn,MIN,WR,"$2,809,943"
550,nfl,2023,551,Michael Danna,KC,ED/DE,"$2,808,915"
551,nfl,2023,552,Emmanuel Forbes,WAS,CB,"$2,801,376"
552,nfl,2023,553,Gus Edwards,BAL,RB,"$2,794,000"
553,nfl,2023,554,Mike White,MIA,QB,"$2,790,000"
554,nfl,2023,555,David Montgomery,DET,RB,"$2,786,754"
555,nfl,2023,556,Jon Runyan,GB,G,"$2,786,669"
556,nfl,2023,557,Jordan Fuller,LAR,SS,"$2,785,678"
557,nfl,2023,558,Cole Strange,NE,G,"$2,785,448"
558,nfl,2023,559,Quez Watkins,PHI,WR,"$2,785,416"
559,nfl,2023,560,Kalif Raymond,DET,WR,"$2,775,000"
560,nfl,2023,561,Oren Burks,SF,LB/ILB,"$2,773,000"
561,nfl,2023,562,Keisean Nixon,GB,CB,"$2,770,000"
562,nfl,2023,563,Austin Hooper,LV,TE,"$2,750,000"
563,nfl,2023,,Case Keenum,HOU,QB,"$2,750,000"
564,nfl,2023,,Matt Prater,ARI,K,"$2,750,000"
565,nfl,2023,566,Christian Gonzalez,NE,CB,"$2,745,976"
566,nfl,2023,567,Josh Jones,HOU,RT,"$2,743,000"
567,nfl,2023,568,Bradley Bozeman,CAR,C,"$2,720,000"
568,nfl,2023,,Cole Holcomb,PIT,LB,"$2,720,000"
569,nfl,2023,570,C.J. Ham,MIN,FB,"$2,716,666"
570,nfl,2023,571,George Karlaftis,KC,ED/DE,"$2,712,608"
571,nfl,2023,572,Noah Brown,HOU,WR,"$2,705,880"
572,nfl,2023,573,Donovan Smith,KC,LT,"$2,700,000"
573,nfl,2023,574,Chris Manhertz,DEN,TE,"$2,695,000"
574,nfl,2023,575,Calvin Anderson,NE,RT,"$2,685,000"
575,nfl,2023,576,Graham Glasgow,DET,G,"$2,680,000"
576,nfl,2023,577,Jack Campbell,DET,LB,"$2,676,728"
577,nfl,2023,578,Robert Spillane,LV,LB,"$2,670,000"
578,nfl,2023,579,Xavier McKinney,NYG,SS,"$2,669,879"
579,nfl,2023,580,Daxton Hill,CIN,CB,"$2,651,594"
580,nfl,2023,581,Robert Tonyan Jr.,CHI,TE,"$2,650,000"
581,nfl,2023,,Andrew Van Ginkel,MIA,LB,"$2,650,000"
582,nfl,2023,583,Calijah Kancey,TB,DL/DT,"$2,635,177"
583,nfl,2023,584,Rakeem Nunez-Roches,NYG,DL/DT,"$2,633,333"
584,nfl,2023,585,Myles Bryant,NE,CB,"$2,627,000"
585,nfl,2023,,Tyler Huntley,BAL,QB,"$2,627,000"
586,nfl,2023,,Jeremy Reaves,WAS,S,"$2,627,000"
587,nfl,2023,,Tommy Townsend,KC,P,"$2,627,000"
588,nfl,2023,589,Dalton Risner,MIN,G,"$2,625,000"
589,nfl,2023,,Jerry Tillery,LV,DL/DT,"$2,625,000"
590,nfl,2023,591,Leonard Floyd,BUF,ED/DE,"$2,623,750"
591,nfl,2023,592,Jaxon Smith-Njigba,SEA,WR,"$2,621,329"
592,nfl,2023,593,Andre Dillard,TEN,T,"$2,619,765"
593,nfl,2023,594,Ryan Bates,BUF,G,"$2,619,000"
594,nfl,2023,595,Lewis Cine,MIN,S,"$2,612,307"
595,nfl,2023,596,Yetur Gross-Matos,CAR,DL/DE,"$2,608,711"
596,nfl,2023,597,Nick Bellore,SEA,FB,"$2,600,000"
597,nfl,2023,,Logan Cooke,JAX,P,"$2,600,000"
598,nfl,2023,,Greg Zuerlein,NYJ,K,"$2,600,000"
599,nfl,2023,600,Quentin Johnston,LAC,WR,"$2,579,778"
600,nfl,2023,601,Miles Sanders,CAR,RB,"$2,555,000"
601,nfl,2023,602,Josh Oliver,MIN,TE,"$2,554,000"
602,nfl,2023,603,Zay Flowers,BAL,WR,"$2,552,079"
603,nfl,2023,604,A.J. Cole,LV,P,"$2,550,000"
604,nfl,2023,605,Nate Herbig,PIT,G,"$2,540,000"
605,nfl,2023,606,Andrew Wingard,JAX,S,"$2,518,240"
606,nfl,2023,607,Joe Flacco,CLE,QB,"$2,500,000"
607,nfl,2023,,Morgan Fox,LAC,DL/DE,"$2,500,000"
608,nfl,2023,,Rasheem Green,CHI,ED/DE,"$2,500,000"
609,nfl,2023,,Bradley Pinion,ATL,P,"$2,500,000"
610,nfl,2023,611,Jordan Addison,MIN,WR,"$2,496,680"
611,nfl,2023,612,Alex Anzalone,DET,LB/ILB,"$2,494,112"
612,nfl,2023,613,A'Shawn Robinson,NYG,DL/DT,"$2,488,235"
613,nfl,2023,614,Miles Killebrew,PIT,S,"$2,482,500"
614,nfl,2023,615,Andrew Beck,HOU,FB,"$2,470,575"
615,nfl,2023,616,Deonte Banks,NYG,CB,"$2,468,981"
616,nfl,2023,617,Clelin Ferrell,SF,ED/DE,"$2,460,000"
617,nfl,2023,618,Tyson Campbell,JAX,CB,"$2,458,665"
618,nfl,2023,619,Jason Sanders,MIA,K,"$2,449,000"
619,nfl,2023,620,Darnell Savage,GB,SS,"$2,444,200"
620,nfl,2023,621,Dalton Kincaid,BUF,TE,"$2,441,277"
621,nfl,2023,622,Javonte Williams,DEN,RB,"$2,417,932"
622,nfl,2023,623,Mazi Smith,DAL,DL/DT,"$2,413,581"
623,nfl,2023,624,Kelvin Beachum,ARI,LT,"$2,412,500"
624,nfl,2023,625,Alexander Mattison,MIN,RB,"$2,400,000"
625,nfl,2023,,Nick Scott,CIN,SS,"$2,400,000"
626,nfl,2023,,Quincy Williams,NYJ,LB,"$2,400,000"
627,nfl,2023,,Rock Ya-Sin,BAL,CB,"$2,400,000"
628,nfl,2023,629,Anton Harrison,JAX,RT,"$2,399,731"
629,nfl,2023,630,Dustin Hopkins,CLE,K,"$2,398,135"
630,nfl,2023,631,Mack Hollins,ATL,WR,"$2,380,000"
631,nfl,2023,632,Jevon Holland,MIA,FS,"$2,377,203"
632,nfl,2023,633,Teddy Bridgewater,DET,QB,"$2,376,470"
633,nfl,2023,634,M.J. Stewart,HOU,SS,"$2,367,640"
634,nfl,2023,635,Landon Dickerson,PHI,G,"$2,360,911"
635,nfl,2023,636,Justin Hardee,NYJ,CB,"$2,350,000"
636,nfl,2023,,Joey Slye,WAS,K,"$2,350,000"
637,nfl,2023,638,George Odum,SF,S,"$2,340,000"
638,nfl,2023,639,Denzel Perryman,HOU,LB/ILB,"$2,335,292"
639,nfl,2023,640,Elandon Roberts,PIT,ED/OLB,"$2,332,500"
640,nfl,2023,641,Solomon Thomas,NYJ,ED/DE,"$2,330,000"
641,nfl,2023,642,Chase Claypool,MIA,WR,"$2,327,892"
642,nfl,2023,643,Christian Barmore,NE,DL/DT,"$2,324,248"
643,nfl,2023,644,John Cominsky,DET,ED/DE,"$2,300,000"
644,nfl,2023,645,Myles Murphy,CIN,ED/DE,"$2,288,593"
645,nfl,2023,646,Teven Jenkins,CHI,G,"$2,287,595"
646,nfl,2023,647,Jake Brendel,SF,C,"$2,272,000"
647,nfl,2023,648,Juan Thornhill,CLE,FS,"$2,264,000"
648,nfl,2023,649,Cameron Fleming,DEN,T,"$2,260,000"
649,nfl,2023,650,Jahlani Tavai,NE,LB,"$2,258,333"
650,nfl,2023,651,Brandon Facyson,LV,CB,"$2,256,000"
651,nfl,2023,652,Richie Grant,ATL,SS,"$2,255,009"
652,nfl,2023,653,Evan Brown,SEA,G,"$2,250,000"
653,nfl,2023,,Kevin Dotson,LAR,G,"$2,250,000"
654,nfl,2023,,Poona Ford,BUF,DL/DT,"$2,250,000"
655,nfl,2023,,Mike Purcell,DEN,DL/DT,"$2,250,000"
656,nfl,2023,657,Azeez Al-Shaair,TEN,LB,"$2,243,411"
657,nfl,2023,658,Bryan Bresee,NO,DL/DT,"$2,229,738"
658,nfl,2023,659,Levi Onwuzurike,DET,DL/DT,"$2,222,425"
659,nfl,2023,660,Jeff Wilson,MIA,RB,"$2,202,500"
660,nfl,2023,661,Ronald Darby,BAL,CB,"$2,200,000"
661,nfl,2023,,Nick Folk,TEN,K,"$2,200,000"
662,nfl,2023,663,Liam Eichenberg,MIA,G,"$2,185,767"
663,nfl,2023,664,Nolan Smith,PHI,LB/OLB,"$2,180,438"
664,nfl,2023,665,Ogbonnia Okoronkwo,CLE,ED/DE,"$2,180,000"
665,nfl,2023,666,Garrett Bradbury,MIN,C,"$2,170,460"
666,nfl,2023,667,Al Woods,NYJ,DL/DT,"$2,160,000"
667,nfl,2023,668,Trevon Moehrig,LV,SS,"$2,153,184"
668,nfl,2023,669,Darrell Taylor,SEA,LB/OLB,"$2,152,343"
669,nfl,2023,670,Felix Anudike-Uzomah,KC,ED/DE,"$2,148,694"
670,nfl,2023,671,Johnny Hekker,CAR,P,"$2,148,666"
671,nfl,2023,672,Noah Igbinoghene,DAL,CB,"$2,144,665"
672,nfl,2023,673,Isaiah Wynn,MIA,T,"$2,140,000"
673,nfl,2023,674,Jakeem Grant,CLE,WR,"$2,134,166"
674,nfl,2023,675,Tavierre Thomas,HOU,CB,"$2,132,345"
675,nfl,2023,676,Andy Dalton,CAR,QB,"$2,132,000"
676,nfl,2023,677,Cooper Rush,DAL,QB,"$2,125,000"
677,nfl,2023,678,Antoine Winfield Jr.,TB,FS,"$2,124,979"
678,nfl,2023,679,Logan Hall,TB,DL/DT,"$2,117,376"
679,nfl,2023,680,Chris Board,NE,LB,"$2,102,500"
680,nfl,2023,681,Christian Watson,GB,WR,"$2,100,235"
681,nfl,2023,682,Tashaun Gipson,SF,FS,"$2,100,000"
682,nfl,2023,,Kevin Givens,SF,DL/DT,"$2,100,000"
683,nfl,2023,,Tyquan Lewis,IND,ED/DE,"$2,100,000"
684,nfl,2023,685,Ray-Ray McCloud,SF,WR,"$2,090,000"
685,nfl,2023,686,Roger McCreary,TEN,CB,"$2,083,093"
686,nfl,2023,687,Nathan Shepherd,NO,ED/DE,"$2,080,000"
687,nfl,2023,688,Walker Little,JAX,LT,"$2,078,646"
688,nfl,2023,689,Tyler Bass,BUF,K,"$2,076,056"
689,nfl,2023,690,Dean Lowry,MIN,DL/DE,"$2,070,575"
690,nfl,2023,691,Ethan Pocic,CLE,C,"$2,064,000"
691,nfl,2023,692,Quinton Jefferson,NYJ,DL/DT,"$2,060,000"
692,nfl,2023,693,Breece Hall,NYJ,RB,"$2,048,812"
693,nfl,2023,694,Jalen Pitre,HOU,SS,"$2,035,100"
694,nfl,2023,695,Jackson Carman,CIN,RT/G,"$2,031,804"
695,nfl,2023,696,Reggie Gilliam,BUF,FB,"$2,028,333"
696,nfl,2023,697,Tershawn Wharton,KC,ED/DE,"$2,025,000"
697,nfl,2023,698,Daniel Brunskill,TEN,T,"$2,021,177"
698,nfl,2023,699,Tyrel Dodson,BUF,LB/ILB,"$2,010,000"
699,nfl,2023,,Dane Jackson,BUF,CB,"$2,010,000"
700,nfl,2023,,Juwan Johnson,NO,TE,"$2,010,000"
701,nfl,2023,,Josh Metellus,MIN,S,"$2,010,000"
702,nfl,2023,703,Arnold Ebiketie,ATL,LB/OLB,"$2,004,248"
703,nfl,2023,704,Khari Blasingame,CHI,FB,"$2,000,000"
704,nfl,2023,,Tyus Bowser,BAL,ED/OLB,"$2,000,000"
705,nfl,2023,,D'Onta Foreman,CHI,RB,"$2,000,000"
706,nfl,2023,,Greg Joseph,MIN,K,"$2,000,000"
707,nfl,2023,,Marcedes Lewis,CHI,TE,"$2,000,000"
708,nfl,2023,,Brandon McManus,JAX,K,"$2,000,000"
709,nfl,2023,,Efe Obada,WAS,ED/DE,"$2,000,000"
710,nfl,2023,711,Kyler Gordon,CHI,CB,"$1,973,392"
711,nfl,2023,712,Asante Samuel Jr.,LAC,CB,"$1,969,894"
712,nfl,2023,713,Jack Fox,DET,P,"$1,965,000"
713,nfl,2023,714,Anthony Nelson,TB,ED/OLB,"$1,964,000"
714,nfl,2023,715,Boye Mafe,SEA,ED/DE,"$1,945,966"
715,nfl,2023,716,Harrison Bryant,CLE,TE,"$1,942,257"
716,nfl,2023,717,Marcus Mariota,PHI,QB,"$1,932,000"
717,nfl,2023,718,Aaron Banks,SF,G,"$1,929,165"
718,nfl,2023,719,Jordan Elliott,CLE,DL/DT,"$1,922,484"
719,nfl,2023,720,Kenneth Walker III,SEA,RB,"$1,918,541"
720,nfl,2023,721,Damontae Kazee,PIT,FS,"$1,916,667"
721,nfl,2023,722,Connor McGovern,NYJ,C,"$1,915,000"
722,nfl,2023,,Duke Riley,MIA,ED/OLB,"$1,915,000"
723,nfl,2023,724,Kadarius Toney,KC,WR,"$1,907,228"
724,nfl,2023,725,Tanoh Kpassagnon,NO,ED/DE,"$1,903,000"
725,nfl,2023,726,Rondale Moore,ARI,WR,"$1,888,429"
726,nfl,2023,727,Andrew Booth Jr.,MIN,CB,"$1,887,687"
727,nfl,2023,728,Sean Bunting,TEN,CB,"$1,886,666"
728,nfl,2023,729,Jamaal Williams,NO,RB,"$1,880,000"
729,nfl,2023,730,A.J. Epenesa,BUF,ED/DE,"$1,870,050"
730,nfl,2023,731,C.J. Beathard,JAX,QB,"$1,868,232"
731,nfl,2023,732,Corey Bojorquez,CLE,P,"$1,865,000"
732,nfl,2023,,Prince Tega Wanogho,KC,T,"$1,865,000"
733,nfl,2023,734,DJ Chark,CAR,WR,"$1,864,000"
734,nfl,2023,735,Travis Homer,CHI,RB,"$1,860,280"
735,nfl,2023,736,Wan'dale Robinson,NYG,WR,"$1,860,265"
736,nfl,2023,737,Daniel Ekuale,NE,DL/DT,"$1,850,000"
737,nfl,2023,738,Azeez Ojulari,NYG,DL/DE,"$1,847,703"
738,nfl,2023,739,John Metchie,HOU,WR,"$1,834,131"
739,nfl,2023,740,Broderick Washington,BAL,DL/DE,"$1,833,413"
740,nfl,2023,741,Tyler Matakevich,BUF,LB,"$1,832,500"
741,nfl,2023,742,Lavonte David,TB,LB/ILB,"$1,832,000"
742,nfl,2023,743,Zach Pascal,ARI,WR,"$1,830,000"
743,nfl,2023,744,Demetrius Flannigan-Fowles,SF,LB,"$1,825,000"
744,nfl,2023,745,JK Dobbins,BAL,RB,"$1,823,004"
745,nfl,2023,746,Samuel Cosmi,WAS,G,"$1,806,973"
746,nfl,2023,747,Hjalte Froholdt,ARI,C,"$1,800,000"
747,nfl,2023,,Foster Moreau,NO,TE,"$1,800,000"
748,nfl,2023,,Khalen Saunders,NO,DL/DT,"$1,800,000"
749,nfl,2023,,Tremon Smith,DEN,CB,"$1,800,000"
750,nfl,2023,,Mitch Wishnowsky,SF,P,"$1,800,000"
751,nfl,2023,752,Raekwon Davis,MIA,DL/DT,"$1,799,477"
752,nfl,2023,753,David Ojabo,BAL,ED/OLB,"$1,797,527"
753,nfl,2023,754,Scott Quessenberry,HOU,C,"$1,775,000"
754,nfl,2023,755,D'Andre Swift,PHI,RB,"$1,774,397"
755,nfl,2023,756,David Edwards,BUF,G,"$1,770,000"
756,nfl,2023,,Deshon Elliott,MIA,SS,"$1,770,000"
757,nfl,2023,,Damien Harris,BUF,RB,"$1,770,000"
758,nfl,2023,,Taylor Rapp,BUF,S,"$1,770,000"
759,nfl,2023,,Trent Sherfield,BUF,WR,"$1,770,000"
760,nfl,2023,761,Jeremiah Owusu-Koramoah,CLE,LB/OLB,"$1,766,242"
761,nfl,2023,762,Yosh Nijman,GB,T,"$1,760,800"
762,nfl,2023,763,Josh Paschal,DET,ED/DE,"$1,758,102"
763,nfl,2023,764,Ameer Abdullah,LV,RB,"$1,750,000"
764,nfl,2023,,Jalen Reeves-Maybin,DET,LB/OLB,"$1,750,000"
765,nfl,2023,,Coleman Shelton,LAR,G,"$1,750,000"
766,nfl,2023,,Irv Smith,CIN,TE,"$1,750,000"
767,nfl,2023,,DeShawn Williams,CAR,DL/DE,"$1,750,000"
768,nfl,2023,769,Joey Porter Jr.,PIT,CB,"$1,748,790"
769,nfl,2023,770,Neville Gallimore,DAL,DL/DT,"$1,740,991"
770,nfl,2023,771,Luke Gifford,TEN,LB,"$1,735,000"
771,nfl,2023,772,Will Levis,TEN,QB,"$1,734,939"
772,nfl,2023,773,Dillon Radunz,TEN,G,"$1,725,511"
773,nfl,2023,774,Kevin Byard,PHI,FS,"$1,725,444"
774,nfl,2023,775,Nick Mullens,MIN,QB,"$1,725,000"
775,nfl,2023,776,Sam LaPorta,DET,TE,"$1,721,089"
776,nfl,2023,777,Joshua Uche,NE,LB/OLB,"$1,714,788"
777,nfl,2023,778,Phidarian Mathis,WAS,DL/DT,"$1,705,994"
778,nfl,2023,779,Wil Lutz,DEN,K,"$1,700,000"
779,nfl,2023,,Baker Mayfield,TB,QB,"$1,700,000"
780,nfl,2023,781,Kristian Fulton,TEN,CB,"$1,695,972"
781,nfl,2023,782,Michael Mayer,LV,TE,"$1,693,390"
782,nfl,2023,783,Isaiah Oliver,SF,CB,"$1,686,000"
783,nfl,2023,784,Dayo Odeyingbo,IND,ED/DE,"$1,684,778"
784,nfl,2023,785,Steve Avila,LAR,G,"$1,682,311"
785,nfl,2023,786,A.J. Dillon,GB,RB,"$1,681,855"
786,nfl,2023,787,Jaquan Brisker,CHI,SS,"$1,671,714"
787,nfl,2023,788,Sam Martin,BUF,P,"$1,665,000"
788,nfl,2023,789,Neville Hewitt,HOU,LB/ILB,"$1,664,706"
789,nfl,2023,790,Ezra Cleveland,JAX,G,"$1,662,780"
790,nfl,2023,791,Laviska Shenault,CAR,WR,"$1,659,464"
791,nfl,2023,792,Willie Gay Jr.,KC,LB/ILB,"$1,657,797"
792,nfl,2023,793,Derick Hall,SEA,ED/DE,"$1,657,378"
793,nfl,2023,794,Linval Joseph,BUF,DL/DT,"$1,656,452"
794,nfl,2023,795,Cody Davis,NE,FS,"$1,650,000"
795,nfl,2023,796,Pat Freiermuth,PIT,TE,"$1,644,049"
796,nfl,2023,797,Alontae Taylor,NO,CB,"$1,637,431"
797,nfl,2023,798,Matthew Bergeron,ATL,G,"$1,632,451"
798,nfl,2023,799,Marquise Goodwin,CLE,WR,"$1,625,000"
799,nfl,2023,,Brian Hoyer,LV,QB,"$1,625,000"
800,nfl,2023,801,TuTu Atwell,LAR,WR,"$1,611,463"
801,nfl,2023,802,Jonathan Mingo,CAR,WR,"$1,610,290"
802,nfl,2023,803,Blake Cashman,HOU,LB,"$1,607,353"
803,nfl,2023,804,Tyquan Thornton,NE,WR,"$1,603,150"
804,nfl,2023,805,Wes Schweitzer,NYJ,G,"$1,602,941"
805,nfl,2023,806,Greg Gaines,TB,DL/DT,"$1,600,000"
806,nfl,2023,,Jamie Gillan,NYG,P,"$1,600,000"
807,nfl,2023,,Nate Sudfeld,DET,QB,"$1,600,000"
808,nfl,2023,,Mack Wilson,NE,LB,"$1,600,000"
809,nfl,2023,810,Greg Van Roten,LV,G,"$1,592,500"
810,nfl,2023,811,Nick Bolton,KC,LB/OLB,"$1,591,101"
811,nfl,2023,812,Geoff Swaim,ARI,TE,"$1,590,833"
812,nfl,2023,813,Isaiah Foskey,NO,LB/OLB,"$1,588,131"
813,nfl,2023,814,Jordan Akins,CLE,TE,"$1,585,000"
814,nfl,2023,815,Josh Tupou,CIN,DL/DT,"$1,582,348"
815,nfl,2023,816,Nelson Agholor,BAL,WR,"$1,582,000"
816,nfl,2023,817,J.T. Gray,NO,SS,"$1,580,000"
817,nfl,2023,818,Eli Apple,MIA,CB,"$1,578,235"
818,nfl,2023,819,Julian Okwara,DET,LB/OLB,"$1,569,063"
819,nfl,2023,820,Cam Jurgens,PHI,C,"$1,568,869"
820,nfl,2023,821,B.J. Ojulari,ARI,ED/DE,"$1,563,201"
821,nfl,2023,822,Terrace Marshall,CAR,WR,"$1,562,587"
822,nfl,2023,823,J.C. Jackson,NE,CB,"$1,555,555"
823,nfl,2023,824,Eddy Pineiro,CAR,K,"$1,555,000"
824,nfl,2023,825,Pete Werner,NO,LB/OLB,"$1,550,367"
825,nfl,2023,826,Colton McKivitz,SF,RT,"$1,547,765"
826,nfl,2023,827,Zach Wood,NO,LS,"$1,545,000"
827,nfl,2023,828,Luke Musgrave,GB,TE,"$1,541,042"
828,nfl,2023,829,Keanu Neal,PIT,SS,"$1,540,000"
829,nfl,2023,830,George Pickens,PIT,WR,"$1,534,586"
830,nfl,2023,831,Donovan Peoples-Jones,DET,WR,"$1,523,889"
831,nfl,2023,832,Josh Myers,GB,C,"$1,521,855"
832,nfl,2023,833,Joe Tippmann,NYJ,C,"$1,519,927"
833,nfl,2023,834,Creed Humphrey,KC,C,"$1,517,784"
834,nfl,2023,835,Chris Reed,MIN,G/C,"$1,515,000"
835,nfl,2023,836,Justice Hill,BAL,RB,"$1,510,000"
836,nfl,2023,837,Kyle Trask,TB,QB,"$1,509,637"
837,nfl,2023,838,Billy Turner,NYJ,RT,"$1,508,823"
838,nfl,2023,839,Zack Baun,NO,LB/OLB,"$1,506,762"
839,nfl,2023,840,Joe Cardona,NE,LS,"$1,506,000"
840,nfl,2023,841,Alec Pierce,IND,WR,"$1,500,305"
841,nfl,2023,842,Deandre Carter,LV,WR,"$1,500,000"
842,nfl,2023,,Johnathan Ford,GB,S,"$1,500,000"
843,nfl,2023,,Michael Ford,CLE,CB,"$1,500,000"
844,nfl,2023,,Antonio Hamilton,ARI,CB,"$1,500,000"
845,nfl,2023,,Khaleke Hudson,WAS,LB,"$1,500,000"
846,nfl,2023,,Adam Trautman,DEN,TE,"$1,500,000"
847,nfl,2023,,Jihad Ward,NYG,DL/DE,"$1,500,000"
848,nfl,2023,849,Dare Ogunbowale,HOU,RB,"$1,491,180"
849,nfl,2023,850,Julius Brents,IND,CB,"$1,490,352"
850,nfl,2023,851,Sam Williams,DAL,DL/DE,"$1,490,226"
851,nfl,2023,852,JK Scott,LAC,P,"$1,490,000"
852,nfl,2023,853,Trenton Scott,WAS,G,"$1,487,500"
853,nfl,2023,854,Elijah Moore,CLE,WR,"$1,472,766"
854,nfl,2023,855,Matt Feiler,TB,G,"$1,468,000"
855,nfl,2023,856,Skyy Moore,KC,WR,"$1,466,022"
856,nfl,2023,857,Riley Dixon,DEN,P,"$1,465,000"
857,nfl,2023,858,Brian Branch,DET,S,"$1,458,496"
858,nfl,2023,859,Adam Butler,LV,DL/DT,"$1,457,500"
859,nfl,2023,860,Jacob Bobenmoyer,LV,LS,"$1,435,000"
860,nfl,2023,861,Trey McBride,ARI,TE,"$1,431,741"
861,nfl,2023,862,Andre Cisco,JAX,FS,"$1,428,136"
862,nfl,2023,863,Dennis Daley,ARI,G,"$1,425,000"
863,nfl,2023,864,Davis Mills,HOU,QB,"$1,423,794"
864,nfl,2023,865,Luke Rhodes,IND,LS,"$1,420,000"
865,nfl,2023,866,Keion White,NE,LB/OLB,"$1,416,393"
866,nfl,2023,867,Joseph Ossai,CIN,LB,"$1,416,168"
867,nfl,2023,868,Salvon Ahmed,MIA,RB,"$1,410,000"
868,nfl,2023,869,Brady Christensen,CAR,G,"$1,408,167"
869,nfl,2023,870,Luke Goedeke,TB,RT,"$1,404,315"
870,nfl,2023,871,Aaron Robinson,NYG,CB,"$1,402,716"
871,nfl,2023,872,Matt Breida,NYG,RB,"$1,400,000"
872,nfl,2023,,Aaron Stinnie,TB,G,"$1,400,000"
873,nfl,2023,,Kyle Van Noy,BAL,LB/ILB,"$1,400,000"
874,nfl,2023,875,Alim McNeill,DET,DL/DT,"$1,398,869"
875,nfl,2023,876,Milton Williams,PHI,DL/DT,"$1,393,683"
876,nfl,2023,877,Benjamin St-Juste,WAS,CB,"$1,391,115"
877,nfl,2023,878,Anfernee Jennings,NE,LB,"$1,389,797"
878,nfl,2023,879,Jartavius Martin,WAS,CB,"$1,388,694"
879,nfl,2023,880,Troy Andersen,ATL,LB/ILB,"$1,387,175"
880,nfl,2023,881,Osa Odighizuwa,DAL,DL/DT,"$1,387,143"
881,nfl,2023,882,Thomas Hennessy,NYJ,LS,"$1,380,000"
882,nfl,2023,883,Paulson Adebo,NO,CB,"$1,374,643"
883,nfl,2023,884,Josh Palmer,LAC,WR,"$1,372,506"
884,nfl,2023,885,Carlos Watkins,ARI,DL/DT,"$1,370,000"
885,nfl,2023,886,Jonathan Greenard,HOU,ED/DE,"$1,368,695"
886,nfl,2023,887,Mecole Hardman,KC,WR,"$1,368,230"
887,nfl,2023,888,Josh Harris,LAC,LS,"$1,365,000"
888,nfl,2023,889,Jaylinn Hawkins,LAC,FS,"$1,363,333"
889,nfl,2023,890,Ed Ingram,MIN,G,"$1,363,178"
890,nfl,2023,891,Malcolm Koonce,LV,DL/DE,"$1,363,080"
891,nfl,2023,892,Cody Mauch,TB,T,"$1,360,992"
892,nfl,2023,893,P.J. Locke,DEN,SS,"$1,360,000"
893,nfl,2023,894,Divine Deablo,LV,ED/OLB,"$1,358,409"
894,nfl,2023,895,Cam Taylor-Britt,CIN,CB,"$1,352,892"
895,nfl,2023,896,Dyami Brown,WAS,WR,"$1,348,363"
896,nfl,2023,897,Raekwon McMillan,NE,LB/ILB,"$1,345,000"
897,nfl,2023,898,Tommy Tremble,CAR,TE,"$1,343,573"
898,nfl,2023,899,Josiah Deguara,GB,TE,"$1,341,867"
899,nfl,2023,900,Zach Cunningham,PHI,LB/ILB,"$1,341,466"
900,nfl,2023,901,Chauncey Golston,DAL,DL/DE,"$1,340,888"
901,nfl,2023,902,Drake Jackson,SF,ED/DE,"$1,339,180"
902,nfl,2023,903,Charley Hughlett,CLE,LS,"$1,338,000"
903,nfl,2023,904,Keeanu Benton,PIT,DL/DT,"$1,333,295"
904,nfl,2023,905,Bryan Cook,KC,FS,"$1,328,895"
905,nfl,2023,906,Nico Collins,HOU,WR,"$1,328,595"
906,nfl,2023,907,Patrick Jones,MIN,DL/DE,"$1,328,209"
907,nfl,2023,908,James Cook,BUF,RB,"$1,325,468"
908,nfl,2023,909,Justin Bethel,MIA,CB,"$1,320,000"
909,nfl,2023,,James Winchester,KC,LS,"$1,320,000"
910,nfl,2023,911,Nik Bonitto,DEN,ED/OLB,"$1,318,611"
911,nfl,2023,912,Spencer Brown,BUF,RT,"$1,318,554"
912,nfl,2023,913,William Gholston,TB,DL/DE,"$1,317,500"
913,nfl,2023,,Matthew Slater,NE,WR,"$1,317,500"
914,nfl,2023,915,Trystan Colon-Castillo,ARI,C,"$1,315,877"
915,nfl,2023,916,Adam Gotsis,JAX,DL/DE,"$1,315,000"
916,nfl,2023,917,Iosua Opeta,PHI,G,"$1,314,706"
917,nfl,2023,918,Ben Cleveland,BAL,G,"$1,314,691"
918,nfl,2023,919,Jacob Phillips,CLE,LB/OLB,"$1,312,574"
919,nfl,2023,920,Robert Hainsey,TB,C,"$1,310,829"
920,nfl,2023,921,Sam Franklin,CAR,S,"$1,310,000"
921,nfl,2023,922,Malik Harrison,BAL,LB/ILB,"$1,309,699"
922,nfl,2023,923,Jayden Reed,GB,WR,"$1,305,596"
923,nfl,2023,924,Ifeatu Melifonwu,DET,CB,"$1,305,233"
924,nfl,2023,,Ambry Thomas,SF,CB,"$1,305,233"
925,nfl,2023,926,Baron Browning,DEN,LB/ILB,"$1,305,232"
926,nfl,2023,,Ernest Jones,LAR,LB/ILB,"$1,305,232"
927,nfl,2023,,Quinn Meinerz,DEN,G,"$1,305,232"
928,nfl,2023,,Elijah Molden,TEN,CB,"$1,305,232"
929,nfl,2023,,Brandon Stephens,BAL,S,"$1,305,232"
930,nfl,2023,,Nahshon Wright,DAL,CB,"$1,305,232"
931,nfl,2023,932,Matt Peart,NYG,RT,"$1,302,324"
932,nfl,2023,933,Fabian Moreau,DEN,CB,"$1,300,000"
933,nfl,2023,,Matt Nelson,DET,T,"$1,300,000"
934,nfl,2023,,James Pierre,PIT,CB,"$1,300,000"
935,nfl,2023,936,Andrew DePaola,MIN,LS,"$1,296,666"
936,nfl,2023,937,Cam Akers,MIN,RB,"$1,290,464"
937,nfl,2023,938,Max Scharping,CIN,G,"$1,280,000"
938,nfl,2023,939,Cam Smith,MIA,CB,"$1,277,895"
939,nfl,2023,940,Nick Westbrook,TEN,WR,"$1,260,000"
940,nfl,2023,941,Taybor Pepper,SF,LS,"$1,255,000"
941,nfl,2023,942,Zach Charbonnet,SEA,RB,"$1,250,196"
942,nfl,2023,943,Luke Fortner,JAX,C,"$1,250,015"
943,nfl,2023,944,Trevis Gipson,TEN,DL/DE,"$1,250,000"
944,nfl,2023,,Kareem Hunt,CLE,RB,"$1,250,000"
945,nfl,2023,,Justin Watson,KC,WR,"$1,250,000"
946,nfl,2023,947,Brian Asamoah,MIN,LB,"$1,247,011"
947,nfl,2023,948,Joshua Ezeudu,NYG,G,"$1,246,710"
948,nfl,2023,949,Martin Emerson,CLE,CB,"$1,243,745"
949,nfl,2023,950,Chad Muma,JAX,LB,"$1,233,207"
950,nfl,2023,951,Nick Allegretti,KC,G,"$1,232,500"
951,nfl,2023,,Will Harris,DET,S,"$1,232,500"
952,nfl,2023,,Tre Herndon,JAX,CB,"$1,232,500"
953,nfl,2023,,Nik Needham,MIA,CB,"$1,232,500"
954,nfl,2023,,Trent Sieg,DAL,LS,"$1,232,500"
955,nfl,2023,,Easton Stick,LAC,QB,"$1,232,500"
956,nfl,2023,,Sione Takitaki,CLE,LB,"$1,232,500"
957,nfl,2023,,Ezekiel Turner,ARI,LB/ILB,"$1,232,500"
958,nfl,2023,,Olisaemeka Udoh,MIN,T,"$1,232,500"
959,nfl,2023,960,Johnny Mundt,MIN,TE,"$1,230,000"
960,nfl,2023,,Rashaad Penny,PHI,RB,"$1,230,000"
961,nfl,2023,,Zach Triner,TB,LS,"$1,230,000"
962,nfl,2023,963,Velus Jones,CHI,WR,"$1,228,620"
963,nfl,2023,964,Abraham Lucas,SEA,RT,"$1,225,381"
964,nfl,2023,965,D'Wayne Eskridge,SEA,WR,"$1,223,273"
965,nfl,2023,966,Gervon Dexter,CHI,DL/DT,"$1,222,496"
966,nfl,2023,967,Jelani Woods,IND,TE,"$1,221,016"
967,nfl,2023,968,Desmond Ridder,ATL,QB,"$1,218,855"
968,nfl,2023,969,Christian Harris,HOU,LB,"$1,215,511"
969,nfl,2023,970,Rick Lovato,PHI,LS,"$1,215,000"
970,nfl,2023,971,Akeem Davis-Gaither,CIN,LB/OLB,"$1,214,378"
971,nfl,2023,972,Boston Scott,PHI,RB,"$1,212,360"
972,nfl,2023,973,Donald Parham,LAC,TE,"$1,210,000"
973,nfl,2023,974,Saahdiq Charles,WAS,G,"$1,209,843"
974,nfl,2023,975,Darnay Holmes,NYG,CB,"$1,207,972"
975,nfl,2023,976,Lucas Niang,KC,RT,"$1,207,768"
976,nfl,2023,977,Josh Kelley,LAC,RB,"$1,205,085"
977,nfl,2023,978,Jalen Davis,CIN,CB,"$1,205,000"
978,nfl,2023,,Dan Feeney,CHI,G,"$1,205,000"
979,nfl,2023,980,Travis Jones,BAL,DL/DT,"$1,204,991"
980,nfl,2023,,Bernhard Raimann,IND,T,"$1,204,991"
981,nfl,2023,982,Leki Fotu,ARI,DL/DT,"$1,203,368"
982,nfl,2023,983,Alex Wright,CLE,ED/DE,"$1,203,085"
983,nfl,2023,984,JT Woods,LAC,S,"$1,199,191"
984,nfl,2023,985,Jake Martin,IND,LB/OLB,"$1,197,000"
985,nfl,2023,986,Greg Dulcich,DEN,TE,"$1,195,259"
986,nfl,2023,987,Blake Ferguson,MIA,LS,"$1,195,112"
987,nfl,2023,988,Tuli Tuipulotu,LAC,ED/OLB,"$1,194,797"
988,nfl,2023,989,Cordale Flott,NYG,CB,"$1,191,328"
989,nfl,2023,990,DeAngelo Malone,ATL,LB/ILB,"$1,188,541"
990,nfl,2023,991,Cam Lewis,BUF,CB,"$1,185,000"
991,nfl,2023,992,Nakobe Dean,PHI,LB/ILB,"$1,182,873"
992,nfl,2023,993,James Lynch,MIN,DL/DT,"$1,182,749"
993,nfl,2023,994,Rashee Rice,KC,WR,"$1,180,947"
994,nfl,2023,995,Fred Johnson,PHI,G,"$1,180,000"
995,nfl,2023,,Matthew Orzech,GB,LS,"$1,180,000"
996,nfl,2023,997,Troy Dye,MIN,ED/OLB,"$1,179,645"
997,nfl,2023,998,DeMarvin Leal,PIT,DL/DE,"$1,178,840"
998,nfl,2023,999,Colby Parkinson,SEA,TE,"$1,177,610"
999,nfl,2023,1000,Justin Evans,PHI,S,"$1,176,635"
1000,nfl,2023,1001,Marcus Jones,NE,CB,"$1,176,580"
1001,nfl,2023,1002,Brycen Hopkins,LAR,TE,"$1,173,283"
1002,nfl,2023,1003,Malik Willis,TEN,QB,"$1,172,750"
1003,nfl,2023,1004,Tyrique Stevenson,CHI,CB,"$1,172,636"
1004,nfl,2023,1005,Zack Moss,IND,RB,"$1,169,250"
1005,nfl,2023,1006,Cam Thomas,ARI,ED/DE,"$1,169,168"
1006,nfl,2023,1007,Jalen Tolbert,DAL,WR,"$1,167,209"
1007,nfl,2023,1008,Terrel Bernard,BUF,LB,"$1,166,560"
1008,nfl,2023,1009,Dylan Parham,LV,G,"$1,166,234"
1009,nfl,2023,1010,Rachaad White,TB,RB,"$1,165,909"
1010,nfl,2023,1011,Chris Conley,SF,WR,"$1,165,000"
1011,nfl,2023,,Keith Smith,ATL,FB,"$1,165,000"
1012,nfl,2023,,Equanimeous St. Brown,CHI,WR,"$1,165,000"
1013,nfl,2023,1014,Sean Rhyan,GB,T,"$1,164,285"
1014,nfl,2023,1015,Geno Stone,BAL,SS,"$1,160,000"
1015,nfl,2023,1016,Will Clapp,LAC,C,"$1,159,167"
1016,nfl,2023,1017,John Michael Schmitz,NYG,C,"$1,158,788"
1017,nfl,2023,1018,Zach Carter,CIN,DL/DT,"$1,154,531"
1018,nfl,2023,1019,Derek Barnett,HOU,ED/DE,"$1,153,520"
1019,nfl,2023,1020,Nick Cross,IND,S,"$1,151,281"
1020,nfl,2023,1021,Leo Chenal,KC,LB,"$1,146,570"
1021,nfl,2023,,Danny Gray,SF,WR,"$1,146,570"
1022,nfl,2023,,Jeremy Ruckert,NYJ,TE,"$1,146,570"
1023,nfl,2023,,Channing Tindall,MIA,LB,"$1,146,570"
1024,nfl,2023,1025,Brian Robinson,WAS,RB,"$1,146,569"
1025,nfl,2023,1026,Kerby Joseph,DET,SS,"$1,146,568"
1026,nfl,2023,1027,David Bell,CLE,WR,"$1,145,569"
1027,nfl,2023,1028,Luke Schoonmaker,DAL,TE,"$1,139,398"
1028,nfl,2023,1029,James Hudson,CLE,RT,"$1,138,104"
1029,nfl,2023,1030,Cameron Sample,CIN,ED/DE,"$1,137,036"
1030,nfl,2023,1031,Amon-Ra St. Brown,DET,WR,"$1,136,313"
1031,nfl,2023,1032,Derrick Barnes,DET,LB/OLB,"$1,135,301"
1032,nfl,2023,1033,Drew Dalman,ATL,C,"$1,134,180"
1033,nfl,2023,1034,DeeJay Dallas,SEA,RB,"$1,133,600"
1034,nfl,2023,,Jack Driscoll,PHI,G,"$1,133,600"
1035,nfl,2023,,Shaq Quarterman,JAX,LB/ILB,"$1,133,600"
1036,nfl,2023,,Amik Robertson,LV,CB,"$1,133,600"
1037,nfl,2023,1038,O'Cyrus Torrence,BUF,G,"$1,131,087"
1038,nfl,2023,1039,Austin Schlottmann,MIN,G,"$1,130,000"
1039,nfl,2023,1040,Bobby Brown,LAR,DL/DT,"$1,129,133"
1040,nfl,2023,1041,Chris Rumph II,LAC,DL/DE,"$1,128,386"
1041,nfl,2023,1042,Kene Nwangwu,MIN,RB,"$1,128,200"
1042,nfl,2023,1043,Rhamondre Stevenson,NE,RB,"$1,127,264"
1043,nfl,2023,1044,Zech McPhearson,PHI,CB,"$1,122,413"
1044,nfl,2023,1045,John Bates,WAS,TE,"$1,120,604"
1045,nfl,2023,1046,D.J. Turner,CIN,CB,"$1,120,008"
1046,nfl,2023,1047,Ross Matiscik,JAX,LS,"$1,120,000"
1047,nfl,2023,1048,Camryn Bynum,MIN,FS,"$1,119,453"
1048,nfl,2023,1049,Chuba Hubbard,CAR,RB,"$1,118,294"
1049,nfl,2023,1050,Kylen Granson,IND,TE,"$1,116,592"
1050,nfl,2023,1051,Dan Moore,PIT,LT,"$1,114,476"
1051,nfl,2023,1052,Hunter Long,LAR,TE,"$1,111,701"
1052,nfl,2023,1053,Brenton Strange,JAX,TE,"$1,111,697"
1053,nfl,2023,1054,Tylan Wallace,BAL,WR,"$1,111,341"
1054,nfl,2023,1055,Joe Bachie,CIN,LB,"$1,110,000"
1055,nfl,2023,,Drew Forbes,CLE,G,"$1,110,000"
1056,nfl,2023,,Del'Shawn Phillips,BAL,LB/ILB,"$1,110,000"
1057,nfl,2023,1058,Juice Scruggs,HOU,C,"$1,108,928"
1058,nfl,2023,1059,Cade Otton,TB,TE,"$1,108,486"
1059,nfl,2023,1060,Rashad Weaver,TEN,DL/DE,"$1,104,916"
1060,nfl,2023,1061,Marvin Mims,DEN,WR,"$1,103,388"
1061,nfl,2023,1062,Kendrick Green,HOU,C,"$1,103,251"
1062,nfl,2023,1063,Tre Brown,SEA,CB,"$1,100,166"
1063,nfl,2023,1064,Dameon Pierce,HOU,RB,"$1,098,858"
1064,nfl,2023,1065,Danny Pinter,IND,G,"$1,097,175"
1065,nfl,2023,1066,Shane Lemieux,NYG,G,"$1,096,785"
1066,nfl,2023,1067,Carlos Basham Jr.,NYG,DL/DE,"$1,096,358"
1067,nfl,2023,1068,Matthew Adams,CLE,LB/OLB,"$1,092,500"
1068,nfl,2023,,Brandon Allen,SF,QB,"$1,092,500"
1069,nfl,2023,,Kyle Allen,BUF,QB,"$1,092,500"
1070,nfl,2023,,Jake Bailey,MIA,P,"$1,092,500"
1071,nfl,2023,,Michael Burton,DEN,FB,"$1,092,500"
1072,nfl,2023,,Morgan Cox,TEN,LS,"$1,092,500"
1073,nfl,2023,,Chase Edmonds,TB,RB,"$1,092,500"
1074,nfl,2023,,Chuma Edoga,DAL,T,"$1,092,500"
1075,nfl,2023,,Mario Edwards,SEA,ED/DE,"$1,092,500"
1076,nfl,2023,,Tre Flowers,ATL,CB,"$1,092,500"
1077,nfl,2023,,Blaine Gabbert,KC,QB,"$1,092,500"
1078,nfl,2023,,Markus Golden,PIT,ED/OLB,"$1,092,500"
1079,nfl,2023,,Jimmy Graham,NO,TE,"$1,092,500"
1080,nfl,2023,,Kamu Grugier-Hill,CAR,ED/OLB,"$1,092,500"
1081,nfl,2023,,Johnathan Hankins,DAL,DL/DT,"$1,092,500"
1082,nfl,2023,,Richie James,KC,WR,"$1,092,500"
1083,nfl,2023,,J.J. Jansen,CAR,LS,"$1,092,500"
1084,nfl,2023,,John Jenkins,LV,DL/DT,"$1,092,500"
1085,nfl,2023,,D’Ernest Johnson,JAX,RB,"$1,092,500"
1086,nfl,2023,,Lonnie Johnson,NO,CB,"$1,092,500"
1087,nfl,2023,,Casey Kreiter,NYG,LS,"$1,092,500"
1088,nfl,2023,,Jordan Kunaszyk,CLE,LB,"$1,092,500"
1089,nfl,2023,,Tyler Larsen,WAS,C,"$1,092,500"
1090,nfl,2023,,Shaq Lawson,BUF,ED/DE,"$1,092,500"
1091,nfl,2023,,David Mayo,WAS,LB/OLB,"$1,092,500"
1092,nfl,2023,,Jerick McKinnon,KC,RB,"$1,092,500"
1093,nfl,2023,,Rodney McLeod,CLE,FS,"$1,092,500"
1094,nfl,2023,,Scotty Miller,ATL,WR,"$1,092,500"
1095,nfl,2023,,Chris Moore,TEN,WR,"$1,092,500"
1096,nfl,2023,,Latavius Murray,BUF,RB,"$1,092,500"
1097,nfl,2023,,Ryan Neal,TB,SS,"$1,092,500"
1098,nfl,2023,,Derrick Nnadi,KC,DL/DT,"$1,092,500"
1099,nfl,2023,,Brandon Powell,MIN,WR,"$1,092,500"
1100,nfl,2023,,Drew Sample,CIN,TE,"$1,092,500"
1101,nfl,2023,,Patrick Scales,CHI,LS,"$1,092,500"
1102,nfl,2023,,Chandon Sullivan,PIT,CB,"$1,092,500"
1103,nfl,2023,,Anthony Walker Jr.,CLE,LB/ILB,"$1,092,500"
1104,nfl,2023,,Armon Watts,PIT,DL/DT,"$1,092,500"
1105,nfl,2023,,Jon Weeks,HOU,LS,"$1,092,500"
1106,nfl,2023,,Trevon Wesco,TEN,FB,"$1,092,500"
1107,nfl,2023,,Elijah Wilkinson,ARI,G,"$1,092,500"
1108,nfl,2023,,Trayveon Williams,CIN,RB,"$1,092,500"
1109,nfl,2023,,Eric Wilson,GB,ED/OLB,"$1,092,500"
1110,nfl,2023,,Josh Woods,ARI,LB/ILB,"$1,092,500"
1111,nfl,2023,,Isaac Yiadom,NO,CB,"$1,092,500"
1112,nfl,2023,,Olamide Zaccheaus,PHI,WR,"$1,092,500"
1113,nfl,2023,1114,Chris Hubbard,TEN,RT,"$1,090,000"
1114,nfl,2023,1115,Daniel Thomas,JAX,SS,"$1,089,279"
1115,nfl,2023,1116,Bryce Hall,NYJ,CB,"$1,088,951"
1116,nfl,2023,1117,Nick Harris,CLE,C,"$1,088,662"
1117,nfl,2023,1118,Reid Ferguson,BUF,LS,"$1,082,500"
1118,nfl,2023,1119,Ross Dwelley,SF,TE,"$1,080,000"
1119,nfl,2023,,Arthur Maulet,BAL,CB,"$1,080,000"
1120,nfl,2023,,David Quessenberry,MIN,RT/G,"$1,080,000"
1121,nfl,2023,1122,Jonathan Bullard,MIN,DL/DE,"$1,070,441"
1122,nfl,2023,1123,Daniel Faalele,BAL,RT,"$1,070,085"
1123,nfl,2023,1124,Justin Strnad,DEN,LB/ILB,"$1,069,443"
1124,nfl,2023,1125,Max Mitchell,NYJ,T,"$1,069,006"
1125,nfl,2023,1126,Daniel Bellinger,NYG,TE,"$1,068,276"
1126,nfl,2023,1127,Percy Butler,WAS,FS,"$1,067,254"
1127,nfl,2023,1128,Dane Belton,NYG,S,"$1,066,122"
1128,nfl,2023,1129,Jesper Horsted,LV,TE,"$1,066,111"
1129,nfl,2023,1130,Josh Ball,DAL,T,"$1,064,836"
1130,nfl,2023,,Royce Newman,GB,G,"$1,064,836"
1131,nfl,2023,,D'ante Smith,CIN,G,"$1,064,836"
1132,nfl,2023,1133,Damarri Mathis,DEN,CB,"$1,064,741"
1133,nfl,2023,1134,Micheal Clemons,NYJ,ED/DE,"$1,061,024"
1134,nfl,2023,1135,Akayleb Evans,MIN,CB,"$1,060,269"
1135,nfl,2023,1136,Jalyn Armour-Davis,BAL,CB,"$1,060,082"
1136,nfl,2023,1137,Khadarel Hodge,ATL,WR,"$1,060,000"
1137,nfl,2023,1138,Cameron Brown,NYG,ED/OLB,"$1,059,591"
1138,nfl,2023,1139,Alohi Gilman,LAC,FS,"$1,056,969"
1139,nfl,2023,1140,Zamir White,LV,RB,"$1,055,983"
1140,nfl,2023,1141,Charlie Woerner,SF,TE,"$1,055,257"
1141,nfl,2023,1142,Sterling Shepard,NYG,WR,"$1,054,375"
1142,nfl,2023,1143,Isaiah Spiller,LAC,RB,"$1,054,238"
1143,nfl,2023,1144,Erik Ezukanma,MIA,WR,"$1,051,248"
1144,nfl,2023,1145,Kendall Lamm,MIA,RT,"$1,049,265"
1145,nfl,2023,1146,Zacch Pickens,CHI,DL/DT,"$1,047,962"
1146,nfl,2023,1147,Jake Ferguson,DAL,TE,"$1,046,221"
1147,nfl,2023,,Charlie Kolar,BAL,TE,"$1,046,221"
1148,nfl,2023,1149,Tyler Steen,PHI,T,"$1,045,535"
1149,nfl,2023,1150,Jordan Stout,BAL,P,"$1,044,459"
1150,nfl,2023,1151,Sydney Brown,PHI,S,"$1,044,444"
1151,nfl,2023,1152,Drew Sanders,DEN,LB,"$1,042,678"
1152,nfl,2023,1153,Romeo Doubs,GB,WR,"$1,040,979"
1153,nfl,2023,1154,Jake Camarda,TB,P,"$1,040,080"
1154,nfl,2023,1155,Rico Dowdle,DAL,RB,"$1,040,000"
1155,nfl,2023,,Troy Hill,CAR,CB,"$1,040,000"
1156,nfl,2023,,Tyler Kroft,MIA,TE,"$1,040,000"
1157,nfl,2023,,Justin Pugh,NYG,G,"$1,040,000"
1158,nfl,2023,,Mitchell Wilcox,CIN,TE,"$1,040,000"
1159,nfl,2023,1160,Markus Bailey,CIN,LB/ILB,"$1,038,424"
1160,nfl,2023,1161,Spencer Burford,SF,G,"$1,038,014"
1161,nfl,2023,1162,Carter Coughlin,NYG,LB/ILB,"$1,037,536"
1162,nfl,2023,1163,Nicholas Petit-Frere,TEN,RT,"$1,037,311"
1163,nfl,2023,1164,Joshua Williams,KC,CB,"$1,036,565"
1164,nfl,2023,1165,Chris Claybrooks,JAX,CB,"$1,035,596"
1165,nfl,2023,1166,Krys Barnes,ARI,LB/ILB,"$1,035,000"
1166,nfl,2023,1167,James Smith-Williams,WAS,ED/DE,"$1,034,425"
1167,nfl,2023,1168,Cordell Volson,CIN,G,"$1,034,221"
1168,nfl,2023,1169,Byron Young,LV,DL/DT,"$1,030,675"
1169,nfl,2023,1170,Luke Farrell,JAX,TE,"$1,029,505"
1170,nfl,2023,1171,Tremayne Anchrum,LAR,G,"$1,028,873"
1171,nfl,2023,1172,Jamien Sherwood,NYJ,S,"$1,028,714"
1172,nfl,2023,1173,Kendre Miller,NO,RB,"$1,028,058"
1173,nfl,2023,1174,Brevin Jordan,HOU,TE,"$1,028,046"
1174,nfl,2023,1175,Ta'Quon Graham,ATL,DL/DT,"$1,027,653"
1175,nfl,2023,1176,Evan McPherson,CIN,K,"$1,025,928"
1176,nfl,2023,1177,Kenneth Gainwell,PHI,RB,"$1,023,882"
1177,nfl,2023,1178,Larry Borom,CHI,RT,"$1,023,270"
1178,nfl,2023,1179,Jalin Hyatt,NYG,WR,"$1,022,784"
1179,nfl,2023,1180,Caden Sterns,DEN,S,"$1,022,647"
1180,nfl,2023,1181,Tony Fields,CLE,LB/OLB,"$1,022,440"
1181,nfl,2023,1182,Michael Carter II,NYJ,CB,"$1,022,232"
1182,nfl,2023,1183,Jaylon Moore,SF,LT,"$1,020,758"
1183,nfl,2023,1184,Cedric Tillman,CLE,WR,"$1,020,084"
1184,nfl,2023,1185,Isaiahh Loudermilk,PIT,DL/DT,"$1,020,072"
1185,nfl,2023,1186,Nicholas Morrow,PHI,LB/OLB,"$1,020,000"
1186,nfl,2023,1187,Brenden Jaimes,LAC,OL,"$1,019,445"
1187,nfl,2023,1188,Tommy Doyle,BUF,LT,"$1,018,931"
1188,nfl,2023,1189,Noah Gray,KC,TE,"$1,018,444"
1189,nfl,2023,1190,Darrick Forrest,WAS,S,"$1,017,768"
1190,nfl,2023,1191,Nate Hobbs,LV,CB,"$1,015,763"
1191,nfl,2023,1192,Zach Harrison,ATL,ED/DE,"$1,012,445"
1192,nfl,2023,1193,Marte Mapu,NE,LB/ILB,"$1,011,583"
1193,nfl,2023,1194,Deommodore Lenoir,SF,CB,"$1,011,218"
1194,nfl,2023,1195,Byron Young,LAR,DL/DE,"$1,010,303"
1195,nfl,2023,1196,Tedarrell Slaton,GB,DL/DT,"$1,010,130"
1196,nfl,2023,1197,Eno Benjamin,NO,RB,"$1,010,000"
1197,nfl,2023,,Ben Bredeson,NYG,G,"$1,010,000"
1198,nfl,2023,,Elijah Campbell,MIA,S,"$1,010,000"
1199,nfl,2023,,Lester Cotton,MIA,G,"$1,010,000"
1200,nfl,2023,,Dee Delaney,TB,CB,"$1,010,000"
1201,nfl,2023,,Greg Dortch,ARI,WR,"$1,010,000"
1202,nfl,2023,,Jonathan Harris,DEN,DL/DT,"$1,010,000"
1203,nfl,2023,,Jeremiah Ledbetter,JAX,DL/DT,"$1,010,000"
1204,nfl,2023,,Larrell Murchison,LAR,DL/DT,"$1,010,000"
1205,nfl,2023,,Albert Okwuegbunam,PHI,TE,"$1,010,000"
1206,nfl,2023,,Jonathan Owens,GB,SS,"$1,010,000"
1207,nfl,2023,,Isaiah Simmons,NYG,LB/ILB,"$1,010,000"
1208,nfl,2023,,John Simpson,BAL,G,"$1,010,000"
1209,nfl,2023,,Casey Toohill,WAS,ED/DE,"$1,010,000"
1210,nfl,2023,,Logan Woodside,ATL,QB,"$1,010,000"
1211,nfl,2023,1212,Tucker Kraft,GB,TE,"$1,006,897"
1212,nfl,2023,1213,K.J. Britt,TB,LB,"$1,006,574"
1213,nfl,2023,1214,Nick Williams,LAC,DL/DT,"$1,005,000"
1214,nfl,2023,1215,Josh Downs,IND,WR,"$1,003,720"
1215,nfl,2023,1216,D.J. Johnson,CAR,ED/OLB,"$1,000,543"
1216,nfl,2023,1217,Talanoa Hufanga,SF,SS,"$1,000,038"
1217,nfl,2023,,Adetokunbo Ogundeji,ATL,LB/OLB,"$1,000,038"
1218,nfl,2023,,Avery Williams,ATL,RB,"$1,000,038"
1219,nfl,2023,1220,Tyjae Spears,TEN,RB,"$998,294"
1220,nfl,2023,1221,Decobie Durant,LAR,CB,"$996,085"
1221,nfl,2023,,Isaiah Likely,BAL,TE,"$996,085"
1222,nfl,2023,,Chig Okonkwo,TEN,TE,"$996,085"
1223,nfl,2023,,Zach Tom,GB,RT,"$996,085"
1224,nfl,2023,1225,YaYa Diaby,TB,ED/OLB,"$993,711"
1225,nfl,2023,1226,Nick Niemann,LAC,LB,"$993,501"
1226,nfl,2023,1227,Van Jefferson,ATL,WR,"$993,174"
1227,nfl,2023,1228,Riley Moss,DEN,CB,"$990,452"
1228,nfl,2023,1229,Chase McLaughlin,TB,K,"$990,000"
1229,nfl,2023,,MyCole Pruitt,ATL,TE,"$990,000"
1230,nfl,2023,,Matt Pryor,SF,RT/G,"$990,000"
1231,nfl,2023,1232,Marlon Tuipulotu,PHI,DL/DT,"$988,979"
1232,nfl,2023,1233,Elijah Mitchell,SF,RB,"$985,892"
1233,nfl,2023,1234,Daiyan Henley,LAC,LB,"$985,531"
1234,nfl,2023,1235,Chris Evans,CIN,RB,"$983,222"
1235,nfl,2023,1236,Trenton Simpson,BAL,LB/ILB,"$982,637"
1236,nfl,2023,1237,Landon Young,NO,RT,"$982,445"
1237,nfl,2023,1238,Stone Forsythe,SEA,LT,"$981,656"
1238,nfl,2023,1239,Ji'Ayir Brown,SF,SS,"$981,056"
1239,nfl,2023,1240,Tank Bigsby,JAX,RB,"$980,530"
1240,nfl,2023,1241,Victor Dimukeje,ARI,LB/OLB,"$980,465"
1241,nfl,2023,1242,Kobie Turner,LAR,DL/DT,"$980,268"
1242,nfl,2023,1243,Damar Hamlin,BUF,S,"$980,119"
1243,nfl,2023,1244,Dorian Williams,BUF,LB,"$978,692"
1244,nfl,2023,1245,Wanya Morris,KC,T,"$976,065"
1245,nfl,2023,1246,Terrell Edmunds,TEN,FS,"$975,294"
1246,nfl,2023,1247,Daryl Worley,BAL,CB,"$974,723"
1247,nfl,2023,1248,Darnell Washington,PIT,TE,"$973,438"
1248,nfl,2023,1249,Sam Ehlinger,IND,QB,"$972,677"
1249,nfl,2023,,Khalil Herbert,CHI,RB,"$972,677"
1250,nfl,2023,,Isaiah McDuffie,GB,LB/ILB,"$972,677"
1251,nfl,2023,,Israel Mukuamu,DAL,CB,"$972,677"
1252,nfl,2023,,Trey Smith,KC,G,"$972,677"
1253,nfl,2023,1254,Michael Wilson,ARI,WR,"$970,811"
1254,nfl,2023,1255,Jordan Battle,CIN,S,"$968,185"
1255,nfl,2023,1256,Patrick Johnson,PHI,ED/DE,"$966,469"
1256,nfl,2023,1257,Jonathon Cooper,DEN,ED/OLB,"$965,168"
1257,nfl,2023,1258,Cam Gill,TB,LB,"$965,000"
1258,nfl,2023,1259,Mekhi Blackmon,MIN,CB,"$964,379"
1259,nfl,2023,,Brodric Martin,DET,DL/DT,"$964,379"
1260,nfl,2023,,Tre Tucker,LV,WR,"$964,379"
1261,nfl,2023,1262,Siaki Ika,CLE,DL/DT,"$964,378"
1262,nfl,2023,,Jake Moody,SF,K,"$964,378"
1263,nfl,2023,1264,Maurice Hurst,CLE,DL/DT,"$962,222"
1264,nfl,2023,1265,Will Fries,IND,G,"$961,343"
1265,nfl,2023,1266,Ben Skowronek,LAR,WR,"$961,131"
1266,nfl,2023,1267,Sam Howell,WAS,QB,"$960,400"
1267,nfl,2023,1268,Pressley Harvin III,PIT,P,"$960,184"
1268,nfl,2023,1269,Dax Milne,WAS,WR,"$959,317"
1269,nfl,2023,1270,Micah McFadden,NYG,LB,"$958,927"
1270,nfl,2023,1271,D.J. Davidson,NYG,DL/DT,"$958,529"
1271,nfl,2023,1272,Khalil Shakir,BUF,WR,"$956,787"
1272,nfl,2023,1273,Jakorian Bennett,LV,CB,"$955,899"
1273,nfl,2023,1274,Kelee Ringo,PHI,CB,"$955,231"
1274,nfl,2023,1275,Cole Turner,WAS,TE,"$954,720"
1275,nfl,2023,1276,Blake Freeland,IND,RT,"$953,970"
1276,nfl,2023,1277,Joe Gaziano,ATL,ED/DE,"$953,887"
1277,nfl,2023,,Kyle Phillips,NO,ED/DE,"$953,887"
1278,nfl,2023,1279,Tyler Allgeier,ATL,RB,"$953,474"
1279,nfl,2023,1280,Tariq Woolen,SEA,CB,"$953,054"
1280,nfl,2023,1281,Jake Andrews,NE,C,"$952,086"
1281,nfl,2023,1282,Tank Dell,HOU,WR,"$951,049"
1282,nfl,2023,1283,Anthony Bradford,SEA,G,"$950,996"
1283,nfl,2023,1284,Jerome Ford,CLE,RB,"$950,537"
1284,nfl,2023,1285,Zyon McCollum,TB,CB,"$950,433"
1285,nfl,2023,1286,Eric Johnson,IND,DL/DT,"$950,185"
1286,nfl,2023,1287,Robert Jones,MIA,G,"$950,000"
1287,nfl,2023,1288,Adetomiwa Adebawore,IND,DL/DT,"$949,227"
1288,nfl,2023,1289,Kyren Williams,LAR,RB,"$947,601"
1289,nfl,2023,1290,Jack Stoll,PHI,TE,"$947,500"
1290,nfl,2023,1291,Chad Ryland,NE,K,"$946,687"
1291,nfl,2023,1292,Alaric Jackson,LAR,RT,"$946,667"
1292,nfl,2023,1293,DaRon Bland,DAL,CB,"$946,197"
1293,nfl,2023,1294,Amen Ogbongbemiga,LAC,LB,"$945,000"
1294,nfl,2023,1295,Ty Chandler,MIN,RB,"$944,710"
1295,nfl,2023,1296,Clark Phillips III,ATL,CB,"$943,382"
1296,nfl,2023,1297,Roschon Johnson,CHI,RB,"$942,172"
1297,nfl,2023,1298,Colby Wooden,GB,DL/DT,"$941,982"
1298,nfl,2023,1299,Luke Wattenberg,DEN,C,"$941,930"
1299,nfl,2023,1300,Jerry Jacobs,DET,CB,"$941,167"
1300,nfl,2023,1301,Sidy Sow,NE,G,"$941,028"
1301,nfl,2023,1302,Coby Bryant,SEA,CB,"$940,284"
1302,nfl,2023,1303,Ugo Amadi,NO,S,"$940,000"
1303,nfl,2023,,Zayne Anderson,GB,S,"$940,000"
1304,nfl,2023,,Quinn Bailey,DEN,T,"$940,000"
1305,nfl,2023,,Blake Bell,KC,TE,"$940,000"
1306,nfl,2023,,Angelo Blackson,JAX,DL/DE,"$940,000"
1307,nfl,2023,,Miles Boykin,PIT,WR,"$940,000"
1308,nfl,2023,,Blake Brandel,MIN,T,"$940,000"
1309,nfl,2023,,Pharaoh Brown,NE,TE,"$940,000"
1310,nfl,2023,,Scott Daly,DET,LS,"$940,000"
1311,nfl,2023,,Wyatt Davis,NYG,G,"$940,000"
1312,nfl,2023,,Cody Ford,CIN,G,"$940,000"
1313,nfl,2023,,Jody Fortson,KC,TE,"$940,000"
1314,nfl,2023,,Max Garcia,NO,G,"$940,000"
1315,nfl,2023,,Jonas Griffith,DEN,LB,"$940,000"
1316,nfl,2023,,Blake Hance,JAX,T,"$940,000"
1317,nfl,2023,,Michael Hoecht,LAR,DL/DT,"$940,000"
1318,nfl,2023,,Ka'dar Hollman,HOU,CB,"$940,000"
1319,nfl,2023,,Albert Huggins,ATL,DL/DT,"$940,000"
1320,nfl,2023,,Trenton Irwin,CIN,WR,"$940,000"
1321,nfl,2023,,Keith Ismael,ARI,C,"$940,000"
1322,nfl,2023,,Michael Jackson,SEA,CB,"$940,000"
1323,nfl,2023,,Jauan Jennings,SF,WR,"$940,000"
1324,nfl,2023,,Caleb Johnson,JAX,LB/ILB,"$940,000"
1325,nfl,2023,,John Johnson,LAR,SS,"$940,000"
1326,nfl,2023,,Benito Jones,DET,DL/DT,"$940,000"
1327,nfl,2023,,Christian Kuntz,PIT,LS,"$940,000"
1328,nfl,2023,,Trey Lance,DAL,QB,"$940,000"
1329,nfl,2023,,Nick Leverett,TB,G,"$940,000"
1330,nfl,2023,,Corey Levin,TEN,C,"$940,000"
1331,nfl,2023,,Nick McCloud,NYG,CB,"$940,000"
1332,nfl,2023,,Thomas Morstead,NYJ,P,"$940,000"
1333,nfl,2023,,Tyler Ott,BAL,LS,"$940,000"
1334,nfl,2023,,Jason Pinnock,NYG,FS,"$940,000"
1335,nfl,2023,,Anthony Pittman,DET,LB,"$940,000"
1336,nfl,2023,,Byron Pringle,WAS,WR,"$940,000"
1337,nfl,2023,,Troy Reeder,LAR,LB,"$940,000"
1338,nfl,2023,,Craig Reynolds,DET,RB,"$940,000"
1339,nfl,2023,,Giovanni Ricci,CAR,FB,"$940,000"
1340,nfl,2023,,Demarcus Robinson,LAR,WR,"$940,000"
1341,nfl,2023,,Christian Rozeboom,LAR,LB,"$940,000"
1342,nfl,2023,,Mason Rudolph,PIT,QB,"$940,000"
1343,nfl,2023,,Justin Skule,TB,T,"$940,000"
1344,nfl,2023,,Ihmir Smith-Marsette,CAR,WR,"$940,000"
1345,nfl,2023,,Grant Stuard,IND,LB,"$940,000"
1346,nfl,2023,,Trent Taylor,CHI,WR,"$940,000"
1347,nfl,2023,,Khyiris Tonga,MIN,DL/DT,"$940,000"
1348,nfl,2023,,Jay Tufele,CIN,DL/DT,"$940,000"
1349,nfl,2023,,Brent Urban,BAL,DL/DE,"$940,000"
1350,nfl,2023,,Cole Van Lanen,JAX,RT/G,"$940,000"
1351,nfl,2023,,Shaun Wade,NE,CB,"$940,000"
1352,nfl,2023,,Jonah Williams,LAR,DL/DE,"$940,000"
1353,nfl,2023,,Ahkello Witherspoon,LAR,CB,"$940,000"
1354,nfl,2023,,Brock Wright,DET,TE,"$940,000"
1355,nfl,2023,,Shane Zylstra,DET,TE,"$940,000"
1356,nfl,2023,1357,Dominique Robinson,CHI,ED/DE,"$938,289"
1357,nfl,2023,1358,Chamarri Conner,KC,CB,"$937,842"
1358,nfl,2023,1359,Jon Gaines II,ARI,G,"$933,060"
1359,nfl,2023,1360,Cameron Young,SEA,DL/DT,"$931,877"
1360,nfl,2023,1361,Brandin Echols,NYJ,CB,"$931,319"
1361,nfl,2023,1362,Delarrin Turner-Yell,DEN,S,"$931,313"
1362,nfl,2023,1363,Damone Clark,DAL,LB,"$930,638"
1363,nfl,2023,,Kingsley Enagbare,GB,ED/OLB,"$930,638"
1364,nfl,2023,,James Mitchell,DET,TE,"$930,638"
1365,nfl,2023,1366,Sam Kamara,CLE,DL/DT,"$930,278"
1366,nfl,2023,1367,Tavius Robinson,BAL,ED/OLB,"$930,141"
1367,nfl,2023,1368,Derius Davis,LAC,WR,"$927,983"
1368,nfl,2023,,Isaiah McGuire,CLE,ED/DE,"$927,983"
1369,nfl,2023,1370,Garrett Williams,ARI,CB,"$924,533"
1370,nfl,2023,1371,Tyler Lacy,JAX,DL/DE,"$921,781"
1371,nfl,2023,1372,Kyle Hinton,ATL,G,"$920,000"
1372,nfl,2023,1373,Christian Benford,BUF,CB,"$918,569"
1373,nfl,2023,1374,Nick Herbig,PIT,ED/OLB,"$918,230"
1374,nfl,2023,1375,Malcolm Rodríguez,DET,LB,"$916,980"
1375,nfl,2023,1376,Tyler Scott,CHI,WR,"$915,863"
1376,nfl,2023,1377,Jamaree Salyer,LAC,LT,"$913,982"
1377,nfl,2023,1378,Grant Calcaterra,PHI,TE,"$913,536"
1378,nfl,2023,1379,Jay Ward,MIN,CB,"$913,386"
1379,nfl,2023,1380,Cade Mays,CAR,G,"$913,269"
1380,nfl,2023,1381,Sam Roberts,NE,DL/DT,"$912,869"
1381,nfl,2023,1382,Matt Henningsen,DEN,DL/DT,"$910,520"
1382,nfl,2023,1383,Connor Heyward,PIT,TE,"$908,806"
1383,nfl,2023,1384,Devon Achane,MIA,RB,"$905,293"
1384,nfl,2023,1385,Derion Kendrick,LAR,CB,"$903,004"
1385,nfl,2023,,Ko Kieft,TB,TE,"$903,004"
1386,nfl,2023,,Quentin Lake,LAR,S,"$903,004"
1387,nfl,2023,1388,Ja'Sir Taylor,LAC,CB,"$903,003"
1388,nfl,2023,1389,Curtis Bolton,LV,LB,"$902,222"
1389,nfl,2023,,Elijah Riley,PIT,CB,"$902,222"
1390,nfl,2023,1391,Montaric Brown,JAX,CB,"$898,995"
1391,nfl,2023,1392,Mark Robinson,PIT,LB,"$898,089"
1392,nfl,2023,1393,Godwin Igwebuike,PIT,RB,"$897,776"
1393,nfl,2023,,Sam Mustipher,BAL,C,"$897,776"
1394,nfl,2023,1395,Ja'Tyre Carter,CHI,G,"$897,328"
1395,nfl,2023,1396,Kwon Alexander,PIT,LB/ILB,"$896,944"
1396,nfl,2023,1397,Chris Paul,WAS,G,"$896,111"
1397,nfl,2023,1398,Deane Leonard,LAC,CB,"$894,916"
1398,nfl,2023,1399,Thayer Munford Jr.,LV,T,"$894,265"
1399,nfl,2023,1400,Rodney Thomas,IND,FS,"$893,846"
1400,nfl,2023,1401,Jaylen Watson,KC,CB,"$891,343"
1401,nfl,2023,1402,Skylar Thompson,MIA,QB,"$890,554"
1402,nfl,2023,1403,Rasheed Walker,GB,T,"$890,218"
1403,nfl,2023,1404,Isiah Pacheco,KC,RB,"$889,777"
1404,nfl,2023,1405,Trenton Gill,CHI,P,"$889,252"
1405,nfl,2023,,Elijah Hicks,CHI,CB,"$889,252"
1406,nfl,2023,,Brock Purdy,SF,QB,"$889,252"
1407,nfl,2023,,Russ Yeast,LAR,S,"$889,252"
1408,nfl,2023,1409,Dylan Cole,CHI,LB/ILB,"$887,778"
1409,nfl,2023,,Jamison Crowder,WAS,WR,"$887,778"
1410,nfl,2023,,Michael Deiter,HOU,G,"$887,778"
1411,nfl,2023,1412,Andre Chachere,ARI,CB,"$887,774"
1412,nfl,2023,,Da'shawn Hand,MIA,DL/DE,"$887,774"
1413,nfl,2023,1414,Shaquill Griffin,CAR,CB,"$882,343"
1414,nfl,2023,1415,Dawand Jones,CLE,T,"$881,417"
1415,nfl,2023,1416,Kader Kohou,MIA,CB,"$880,000"
1416,nfl,2023,1417,Malik Herring,KC,ED/DE,"$878,334"
1417,nfl,2023,1418,Kurt Hinish,HOU,DL/DT,"$878,333"
1418,nfl,2023,1419,Aidan O'Connell,LV,QB,"$877,345"
1419,nfl,2023,1420,Nick Saldiveri,NO,T,"$877,237"
1420,nfl,2023,1421,Calvin Austin,PIT,WR,"$876,085"
1421,nfl,2023,1422,Malcolm Roach,NO,ED/DE,"$875,278"
1422,nfl,2023,1423,Markquese Bell,DAL,S,"$875,000"
1423,nfl,2023,,Brenden Schooler,NE,S,"$875,000"
1424,nfl,2023,1425,Jaylen Warren,PIT,RB,"$874,000"
1425,nfl,2023,1426,Dee Alford,ATL,CB/PR,"$873,500"
1426,nfl,2023,1427,Tony Adams,NYJ,FS,"$873,333"
1427,nfl,2023,,Wesley French,IND,C,"$873,333"
1428,nfl,2023,,Josh Jobe,PHI,CB,"$873,333"
1429,nfl,2023,,Jordan Mason,SF,RB,"$873,333"
1430,nfl,2023,,Luke Masterson,LV,LB,"$873,333"
1431,nfl,2023,1432,D’Anthony Bell,CLE,S,"$872,500"
1432,nfl,2023,,Jake Hansen,HOU,LB,"$872,500"
1433,nfl,2023,,Jack Sanborn,CHI,LB,"$872,500"
1434,nfl,2023,1435,Amaré Barno,CAR,ED/OLB,"$872,463"
1435,nfl,2023,1436,Kingsley Jonathan,BUF,ED/DE,"$871,750"
1436,nfl,2023,1437,Reed Blankenship,PHI,FS,"$871,666"
1437,nfl,2023,,Jake Hummel,LAR,LB/ILB,"$871,666"
1438,nfl,2023,,Stone Smartt,LAC,TE,"$871,666"
1439,nfl,2023,,Ryan Wright,MIN,P,"$871,666"
1440,nfl,2023,1441,Christian Holmes,WAS,CB,"$871,519"
1441,nfl,2023,1442,Jaylon Jones,CHI,S,"$870,833"
1442,nfl,2023,1443,Julio Jones,PHI,WR,"$870,556"
1443,nfl,2023,1444,Myles Adams,SEA,DL/DT,"$870,000"
1444,nfl,2023,,Cal Adomitis,CIN,LS,"$870,000"
1445,nfl,2023,,Tre Avery,TEN,S,"$870,000"
1446,nfl,2023,,Darrell Baker Jr.,IND,CB,"$870,000"
1447,nfl,2023,,Raheem Blackshear,CAR,RB,"$870,000"
1448,nfl,2023,,Josh Blackwell,CHI,CB,"$870,000"
1449,nfl,2023,,Jack Cochrane,KC,LB,"$870,000"
1450,nfl,2023,,Trevor Denbow,IND,S,"$870,000"
1451,nfl,2023,,Cameron Dicker,LAC,K,"$870,000"
1452,nfl,2023,,Neil Farrell Jr.,KC,DL/DT,"$870,000"
1453,nfl,2023,,Mitchell Fraboni,DEN,LS,"$870,000"
1454,nfl,2023,,Elijah Garcia,DEN,DL/DT,"$870,000"
1455,nfl,2023,,Jack Gibbens,TEN,LB,"$870,000"
1456,nfl,2023,,Isaiah Hodgins,NYG,WR,"$870,000"
1457,nfl,2023,,Theo Jackson,MIN,CB,"$870,000"
1458,nfl,2023,,Caleb Jones,GB,RT,"$870,000"
1459,nfl,2023,,Tim Jones,JAX,WR,"$870,000"
1460,nfl,2023,,Nathan Landman,ATL,LB/ILB,"$870,000"
1461,nfl,2023,,Jonathan Ledbetter,ARI,ED/DE,"$870,000"
1462,nfl,2023,,Vederian Lowe,NE,T,"$870,000"
1463,nfl,2023,,Jesse Luketa,ARI,LB/OLB,"$870,000"
1464,nfl,2023,,Liam McCullough,ATL,LS,"$870,000"
1465,nfl,2023,,Cameron McGrone,IND,LB,"$870,000"
1466,nfl,2023,,Quintin Morris,BUF,TE,"$870,000"
1467,nfl,2023,,Nick Muse,MIN,TE,"$870,000"
1468,nfl,2023,,Ryan Neuzil,ATL,C,"$870,000"
1469,nfl,2023,,Isaiah Pola-Mao,LV,S,"$870,000"
1470,nfl,2023,,John Ridgeway,WAS,DL/DT,"$870,000"
1471,nfl,2023,,Foster Sarell,LAC,T,"$870,000"
1472,nfl,2023,,Nephi Sewell,NO,LB,"$870,000"
1473,nfl,2023,,Rashid Shaheed,NO,WR,"$870,000"
1474,nfl,2023,,Josh Sills,IND,G,"$870,000"
1475,nfl,2023,,Kion Smith,MIA,T,"$870,000"
1476,nfl,2023,,Pierre Strong,CLE,RB,"$870,000"
1477,nfl,2023,,Chazz Surratt,NYJ,LB,"$870,000"
1478,nfl,2023,,Deven Thompkins,TB,WR,"$870,000"
1479,nfl,2023,,Nick Thurman,CAR,DL/DT,"$870,000"
1480,nfl,2023,,Kavontae Turpin,DAL,WR,"$870,000"
1481,nfl,2023,,Brandon Walton,TB,RT,"$870,000"
1482,nfl,2023,,Bailey Zappe,NE,QB,"$870,000"
1483,nfl,2023,1484,Samori Toure,GB,WR,"$867,301"
1484,nfl,2023,1485,Rasul Douglas,BUF,CB,"$864,706"
1485,nfl,2023,1486,Kyle Philips,TEN,WR,"$860,554"
1486,nfl,2023,1487,Carter Warren,NYJ,RT,"$852,746"
1487,nfl,2023,1488,Viliami Fehoko Jr.,DAL,DL/DE,"$847,689"
1488,nfl,2023,1489,Michael Dunn,CLE,T,"$846,112"
1489,nfl,2023,1490,Chandler Zavala,CAR,G,"$842,934"
1490,nfl,2023,1491,Storm Norton,ATL,RT,"$841,665"
1491,nfl,2023,,Kristian Welch,GB,LB,"$841,665"
1492,nfl,2023,1493,Yasir Abdullah,JAX,ED/OLB,"$841,304"
1493,nfl,2023,1494,Randy Gregory,SF,LB/OLB,"$840,000"
1494,nfl,2023,1495,K.J. Henry,WAS,ED/DE,"$839,816"
1495,nfl,2023,1496,Clayton Tune,ARI,QB,"$837,656"
1496,nfl,2023,1497,Deion Jones,CAR,LB/ILB,"$835,556"
1497,nfl,2023,,Kyle Peko,TEN,DL/DT,"$835,556"
1498,nfl,2023,,Trey Sermon,IND,RB,"$835,556"
1499,nfl,2023,1500,Artie Burns,SEA,CB,"$835,552"
1500,nfl,2023,,Sam Eguavoen,NYJ,LB,"$835,552"
1501,nfl,2023,,Ty Summers,NO,LB,"$835,552"
1502,nfl,2023,1503,Israel Abanikanda,NYJ,RB,"$834,944"
1503,nfl,2023,1504,Jaquelin Roy,MIN,DL/DT,"$834,943"
1504,nfl,2023,1505,Jalen Guyton,LAC,WR,"$833,944"
1505,nfl,2023,1506,Atonio Mafi,NE,G,"$833,885"
1506,nfl,2023,1507,Dylan Horton,HOU,ED/DE,"$833,594"
1507,nfl,2023,1508,Joshua Dobbs,MIN,QB,"$833,330"
1508,nfl,2023,1509,Jammie Robinson,CAR,S,"$832,383"
1509,nfl,2023,1510,Jordan Howden,NO,S,"$831,682"
1510,nfl,2023,1511,Sean Clifford,GB,QB,"$831,045"
1511,nfl,2023,1512,Colby Sorsdal,DET,T,"$830,021"
1512,nfl,2023,1513,SirVocea Dennis,TB,LB,"$829,331"
1513,nfl,2023,1514,D'Marco Jackson,NO,LB/ILB,"$829,229"
1514,nfl,2023,1515,Olu Oluwatimi,SEA,C,"$829,114"
1515,nfl,2023,1516,Jordan McFadden,LAC,G,"$828,035"
1516,nfl,2023,1517,Dontayvion Wicks,GB,WR,"$825,637"
1517,nfl,2023,1518,Antonio Johnson,JAX,S,"$825,458"
1518,nfl,2023,1519,Nick Hampton,LAR,ED/OLB,"$824,776"
1519,nfl,2023,1520,Will Mallory,IND,TE,"$822,648"
1520,nfl,2023,1521,Lynn Bowden,NO,RB,"$821,661"
1521,nfl,2023,1522,Tanner Muse,LAC,ED/OLB,"$821,389"
1522,nfl,2023,1523,Jaren Hall,MIN,QB,"$819,819"
1523,nfl,2023,1524,Marcus McKethan,NYG,G,"$819,128"
1524,nfl,2023,1525,Terell Smith,CHI,CB,"$818,971"
1525,nfl,2023,1526,B.J. Thompson,KC,ED/DE,"$817,913"
1526,nfl,2023,1527,Stephen Sullivan,CAR,WR,"$817,778"
1527,nfl,2023,1528,Noah Sewell,CHI,LB/OLB,"$814,576"
1528,nfl,2023,1529,Ricky Stromberg,WAS,C,"$814,379"
1529,nfl,2023,1530,Braxton Jones,CHI,LT,"$813,221"
1530,nfl,2023,1531,Davis Allen,LAR,TE,"$811,244"
1531,nfl,2023,,Payne Durham,TB,TE,"$811,244"
1532,nfl,2023,,Warren McClendon Jr.,LAR,T,"$811,244"
1533,nfl,2023,,Puka Nacua,LAR,WR,"$811,244"
1534,nfl,2023,,Owen Pappoe,ARI,LB,"$811,244"
1535,nfl,2023,,Asim Richards,DAL,T,"$811,244"
1536,nfl,2023,,Christopher Smith II,LV,S,"$811,244"
1537,nfl,2023,,Henry To'oTo'o,HOU,LB,"$811,244"
1538,nfl,2023,1539,Eric Scott Jr.,DAL,CB,"$804,576"
1539,nfl,2023,1540,Charlie Jones,CIN,WR,"$803,027"
1540,nfl,2023,1541,Karl Brooks,GB,DL/DT,"$803,007"
1541,nfl,2023,1542,Dorian Thompson-Robinson,CLE,QB,"$802,234"
1542,nfl,2023,1543,Kei'Trel Clark,ARI,CB,"$802,153"
1543,nfl,2023,1544,Josh Hayes,TB,S,"$801,093"
1544,nfl,2023,1545,Tre Tomlinson,LAR,CB,"$799,963"
1545,nfl,2023,1546,JL Skinner,DEN,S,"$799,055"
1546,nfl,2023,1547,Josh Whyle,TEN,TE,"$797,918"
1547,nfl,2023,1548,Jaelyn Duncan,TEN,T,"$797,450"
1548,nfl,2023,1549,Kayshon Boutte,NE,WR,"$796,818"
1549,nfl,2023,1550,Tanner McKee,PHI,QB,"$796,630"
1550,nfl,2023,1551,Ochaun Mathis,LAR,DL/DE,"$795,616"
1551,nfl,2023,1552,Luke Wypler,CLE,C,"$794,993"
1552,nfl,2023,1553,Trey Palmer,TB,WR,"$794,823"
1553,nfl,2023,1554,Bryce Baringer,NE,P,"$794,614"
1554,nfl,2023,1555,Andrew Ogletree,IND,TE,"$794,547"
1555,nfl,2023,1556,A.T. Perry,NO,WR,"$794,091"
1556,nfl,2023,1557,Duke Shelley,LAR,CB,"$793,333"
1557,nfl,2023,1558,Malaesala Aumavae-Laulu,BAL,T,"$793,298"
1558,nfl,2023,1559,Scott Matlock,LAC,DL/DT,"$793,074"
1559,nfl,2023,1560,Amari Burney,LV,LB,"$791,279"
1560,nfl,2023,1561,Xavier Hutchinson,HOU,WR,"$790,926"
1561,nfl,2023,1562,Andrei Iosivas,CIN,WR,"$789,846"
1562,nfl,2023,1563,Hendon Hooker,DET,QB,"$789,823"
1563,nfl,2023,1564,Anders Carlson,GB,K,"$789,194"
1564,nfl,2023,1565,Tre Hawkins III,NYG,CB,"$787,380"
1565,nfl,2023,1566,Baylon Spector,BUF,LB,"$786,209"
1566,nfl,2023,1567,Hakeem Adeniji,MIN,G,"$785,556"
1567,nfl,2023,1568,Essang Bassey,LAC,CB,"$785,554"
1568,nfl,2023,,Kevin Rader,TEN,TE,"$785,554"
1569,nfl,2023,1570,Jalen Nailor,MIN,WR,"$783,498"
1570,nfl,2023,1571,Zach Evans,LAR,RB,"$783,334"
1571,nfl,2023,,Brad Robbins,CIN,P,"$783,334"
1572,nfl,2023,,Dee Winters,SF,LB,"$783,334"
1573,nfl,2023,1574,Demario Douglas,NE,WR,"$783,333"
1574,nfl,2023,,Roy Lopez,ARI,DL/DT,"$783,333"
1575,nfl,2023,,Dean Marlowe,LAC,SS/S,"$783,333"
1576,nfl,2023,,Isaiah McKenzie,IND,WR,"$783,333"
1577,nfl,2023,1578,Khalil Davis,HOU,DL/DT,"$783,330"
1578,nfl,2023,,Josh Johnson,BAL,QB,"$783,330"
1579,nfl,2023,,Jon Rhattigan,SEA,LB,"$783,330"
1580,nfl,2023,1581,John FitzPatrick,ATL,TE,"$783,004"
1581,nfl,2023,1582,Khalil Dorsey,DET,CB,"$782,222"
1582,nfl,2023,1583,Jaylon Jones,IND,CB,"$778,370"
1583,nfl,2023,1584,Ethan Evans,LAR,P,"$777,001"
1584,nfl,2023,1585,DeMarcco Hellams,ATL,S,"$776,575"
1585,nfl,2023,1586,Jovaughn Gwyn,ATL,G,"$776,457"
1586,nfl,2023,1587,Colton Dowell,TEN,WR,"$775,674"
1587,nfl,2023,1588,Carrington Valentine,GB,CB,"$775,176"
1588,nfl,2023,1589,Andre Jones Jr.,WAS,LB/OLB,"$775,068"
1589,nfl,2023,1590,Otito Ogbonnia,LAC,DL/DT,"$774,162"
1590,nfl,2023,1591,Kayode Awosika,DET,G,"$773,328"
1591,nfl,2023,,Britain Covey,PHI,WR,"$773,328"
1592,nfl,2023,1593,Jordon Riley,NYG,DL/DT,"$770,942"
1593,nfl,2023,1594,Anthony Johnson Jr.,GB,CB,"$770,941"
1594,nfl,2023,1595,Jalen Brooks,DAL,WR,"$770,590"
1595,nfl,2023,1596,D.J. Ivey,CIN,CB,"$770,163"
1596,nfl,2023,1597,Brayden Willis,SF,TE,"$769,975"
1597,nfl,2023,1598,Moro Ojomo,PHI,DL/DT,"$769,446"
1598,nfl,2023,1599,Spencer Anderson,PIT,G,"$769,444"
1599,nfl,2023,,Ronnie Bell,SF,WR,"$769,444"
1600,nfl,2023,,Alex Forsyth,DEN,C,"$769,444"
1601,nfl,2023,,Jalen Graham,SF,LB,"$769,444"
1602,nfl,2023,,Desjuan Johnson,LAR,DL/DT,"$769,444"
1603,nfl,2023,,Nic Jones,KC,CB,"$769,444"
1604,nfl,2023,,Gervarrius Owens,NYG,S,"$769,444"
1605,nfl,2023,1606,River Cracraft,MIA,WR,"$768,889"
1606,nfl,2023,1607,Cameron Mitchell,CLE,CB,"$767,646"
1607,nfl,2023,1608,Dante Stills,ARI,ED/DE,"$766,673"
1608,nfl,2023,,Deuce Vaughn,DAL,RB,"$766,673"
1609,nfl,2023,1610,Ryan Stonehouse,TEN,P,"$763,611"
1610,nfl,2023,1611,Andre Carter II,MIN,DL/DE,"$763,333"
1611,nfl,2023,1612,Chris Rodriguez Jr.,WAS,RB,"$761,090"
1612,nfl,2023,1613,Brandon Johnson,DEN,WR,"$760,278"
1613,nfl,2023,1614,Jason Brownlee,NYJ,WR,"$760,000"
1614,nfl,2023,1615,Emari Demercado,ARI,RB,"$758,848"
1615,nfl,2023,1616,Tyson Bagent,CHI,QB,"$758,333"
1616,nfl,2023,,Mohamoud Diabate,CLE,LB,"$758,333"
1617,nfl,2023,,Nash Jensen,CAR,G,"$758,333"
1618,nfl,2023,1619,Ronnie Hickman,CLE,S,"$756,666"
1619,nfl,2023,,Thomas Incoom,DEN,ED/OLB,"$756,666"
1620,nfl,2023,,Hunter Luepke,DAL,FB,"$756,666"
1621,nfl,2023,,Ivan Pace,MIN,LB,"$756,666"
1622,nfl,2023,1623,Steven Gilmore,DET,CB,"$755,000"
1623,nfl,2023,,Xavier Gipson,NYJ,WR,"$755,000"
1624,nfl,2023,,Cam Jones,KC,LB,"$755,000"
1625,nfl,2023,,Jaleel McLaughlin,DEN,RB,"$755,000"
1626,nfl,2023,,Kaevon Merriweather,TB,S,"$755,000"
1627,nfl,2023,,Mitchell Tinsley,WAS,WR,"$755,000"
1628,nfl,2023,1629,Chase Brown,CIN,RB,"$754,873"
1629,nfl,2023,1630,Ryan Van Demark,BUF,T,"$754,500"
1630,nfl,2023,1631,Alec Anderson,BUF,RT,"$754,250"
1631,nfl,2023,1632,Julian Hill,MIA,TE,"$754,166"
1632,nfl,2023,1633,Starling Thomas V,ARI,CB,"$753,700"
1633,nfl,2023,1634,Nate Adkins,DEN,TE,"$753,333"
1634,nfl,2023,,T.J. Bass,DAL,T,"$753,333"
1635,nfl,2023,,Jake Bobo,SEA,WR,"$753,333"
1636,nfl,2023,,Elijah Cooks,JAX,WR,"$753,333"
1637,nfl,2023,,Christian Izien,TB,S,"$753,333"
1638,nfl,2023,,Eli Ricks,PHI,CB,"$753,333"
1639,nfl,2023,1640,Brenton Cox Jr.,GB,ED/OLB,"$753,000"
1640,nfl,2023,,Malik Heath,GB,WR,"$753,000"
1641,nfl,2023,1642,Chris Stoll,SEA,LS,"$752,166"
1642,nfl,2023,1643,Lou Hedley,NO,P,"$751,666"
1643,nfl,2023,,Ricky Lee,CAR,RT,"$751,666"
1644,nfl,2023,,Caleb Murphy,TEN,LB,"$751,666"
1645,nfl,2023,,Sean Tucker,TB,RB,"$751,666"
1646,nfl,2023,1647,Blake Grupe,NO,K,"$750,833"
1647,nfl,2023,1648,Markees Watts,TB,ED/OLB,"$750,333"
1648,nfl,2023,1649,Brandon Aubrey,DAL,K,"$750,000"
1649,nfl,2023,,Nick Broeker,HOU,G,"$750,000"
1650,nfl,2023,,Jake Browning,CIN,QB,"$750,000"
1651,nfl,2023,,Mike Caliendo,KC,G,"$750,000"
1652,nfl,2023,,Dylan Cook,PIT,T,"$750,000"
1653,nfl,2023,,Kahlef Hailassie,CLE,S,"$750,000"
1654,nfl,2023,,Elijah Higgins,ARI,TE,"$750,000"
1655,nfl,2023,,D’Shawn Jamison,CAR,CB,"$750,000"
1656,nfl,2023,,Quindell Johnson,CHI,S,"$750,000"
1657,nfl,2023,,Anthony Kendall,TEN,CB,"$750,000"
1658,nfl,2023,,Isaiah Land,IND,ED/DE,"$750,000"
1659,nfl,2023,,Ja’Quan McMillian,DEN,CB,"$750,000"
1660,nfl,2023,,Jordan Meredith,LV,G,"$750,000"
1661,nfl,2023,,Carter O'Donnell,ARI,T,"$750,000"
1662,nfl,2023,,Segun Olubi,IND,LB,"$750,000"
1663,nfl,2023,,LaBryan Ray,CAR,DL/DT,"$750,000"
1664,nfl,2023,,Ben Sims,GB,TE,"$750,000"
1665,nfl,2023,,Juanyeh Thomas,DAL,S,"$750,000"
1666,nfl,2023,,NaJee Thompson,MIN,CB,"$750,000"
1667,nfl,2023,,Daniel Whelan,GB,P,"$750,000"
1668,nfl,2023,1669,Eric Gray,NYG,RB,"$744,579"
1669,nfl,2023,1670,Nick Zakelj,SF,T,"$742,034"
1670,nfl,2023,1671,Kalia Davis,SF,DL/DT,"$733,004"
1671,nfl,2023,1672,Zaire Barnes,NYJ,LB,"$731,725"
1672,nfl,2023,1673,Blake Gillikin,ARI,P,"$731,111"
1673,nfl,2023,1674,Dwayne Washington,DEN,RB,"$731,108"
1674,nfl,2023,1675,Braden Mann,PHI,P,"$729,444"
1675,nfl,2023,1676,Terrell Burgess,WAS,S,"$729,443"
1676,nfl,2023,,Dan Skipper,DET,T,"$729,443"
1677,nfl,2023,1678,Devin Harper,CIN,LB,"$725,000"
1678,nfl,2023,1679,Brock Hoffman,DAL,C,"$724,995"
1679,nfl,2023,1680,Teagan Quitoriano,HOU,TE,"$724,588"
1680,nfl,2023,1681,Samuel Womack,SF,CB,"$721,386"
1681,nfl,2023,1682,Teair Tart,HOU,DL/DT,"$717,333"
1682,nfl,2023,1683,Mike Brown,TEN,S,"$716,385"
1683,nfl,2023,1684,Gary Brightwell,NYG,RB,"$715,827"
1684,nfl,2023,1685,McClendon Curtis,SEA,G,"$708,333"
1685,nfl,2023,,Raiqwon O'Neal,SEA,T,"$708,333"
1686,nfl,2023,1687,Parker Washington,JAX,WR,"$698,066"
1687,nfl,2023,1688,Dareke Young,SEA,WR,"$697,775"
1688,nfl,2023,1689,Gregory Junior,JAX,CB,"$694,444"
1689,nfl,2023,,Ronnie Rivers,LAR,RB,"$694,444"
1690,nfl,2023,1691,Damarion Williams,BAL,CB,"$688,862"
1691,nfl,2023,1692,Alex Ward,LAR,LS,"$684,999"
1692,nfl,2023,1693,DeMarvion Overshown,DAL,LB,"$680,005"
1693,nfl,2023,1694,Nathan Peterman,CHI,QB,"$678,889"
1694,nfl,2023,,Bradley Roby,PHI,CB,"$678,889"
1695,nfl,2023,1696,Jerrick Reed II,SEA,S,"$677,033"
1696,nfl,2023,1697,L.J. Collier,ARI,ED/DE,"$676,944"
1697,nfl,2023,1698,Joey Blount,ARI,S,"$676,667"
1698,nfl,2023,,Austin Trammell,LAR,WR,"$676,667"
1699,nfl,2023,1700,Jake Haener,NO,QB,"$676,204"
1700,nfl,2023,1701,Jarrick Bernard-Converse,NYJ,CB,"$674,611"
1701,nfl,2023,1702,Tyre Phillips,NYG,T,"$673,333"
1702,nfl,2023,1703,Tyler Hall,LV,CB,"$673,332"
1703,nfl,2023,1704,Keaton Mitchell,BAL,RB,"$672,666"
1704,nfl,2023,1705,Chandler Wooten,CAR,LB/ILB,"$672,500"
1705,nfl,2023,1706,Brady Russell,SEA,TE,"$666,667"
1706,nfl,2023,1707,Cameron Latu,SF,TE,"$664,379"
1707,nfl,2023,1708,Zack Bailey,LAC,G,"$663,611"
1708,nfl,2023,1709,Darrell Luter Jr.,SF,CB,"$661,714"
1709,nfl,2023,1710,Tycen Anderson,CIN,S,"$659,854"
1710,nfl,2023,1711,Henry Anderson,CAR,DL/DE,"$652,500"
1711,nfl,2023,,Rashad Fenton,ARI,CB,"$652,500"
1712,nfl,2023,,Trai Turner,NO,G,"$652,500"
1713,nfl,2023,1714,Emanuel Wilson,GB,RB,"$650,004"
1714,nfl,2023,1715,Mike Greene,TB,DL/DT,"$650,000"
1715,nfl,2023,1716,Hassan Haskins,TEN,RB,"$648,055"
1716,nfl,2023,1717,Kenny Yeboah,NYJ,TE,"$647,224"
1717,nfl,2023,1718,Leonard Williams,SEA,ED/DE,"$647,222"
1718,nfl,2023,1719,Braeden Daniels,WAS,G,"$638,613"
1719,nfl,2023,1720,Ventrell Miller,JAX,LB,"$634,234"
1720,nfl,2023,1721,Raheem Layne,LAC,S,"$628,611"
1721,nfl,2023,1722,Royce Freeman,LAR,RB,"$626,667"
1722,nfl,2023,,Sean Harlow,NYG,G,"$626,667"
1723,nfl,2023,1724,Ty Johnson,BUF,RB,"$626,664"
1724,nfl,2023,1725,Jarrett Patterson,HOU,C,"$625,829"
1725,nfl,2023,1726,Cameron Goode,MIA,ED/OLB,"$625,005"
1726,nfl,2023,1727,A.J. Finley,LAC,S,"$625,000"
1727,nfl,2023,1728,Stetson Bennett,LAR,QB,"$624,783"
1728,nfl,2023,1729,Myjai Sanders,HOU,LB/OLB,"$622,876"
1729,nfl,2023,1730,Kenny McIntosh,SEA,RB,"$622,716"
1730,nfl,2023,1731,Carson Wentz,LAR,QB,"$620,000"
1731,nfl,2023,1732,James Houston,DET,LB/OLB,"$618,888"
1732,nfl,2023,1733,Jalen Reagor,NE,WR,"$617,222"
1733,nfl,2023,1734,Bobby Price,ARI,S,"$617,221"
1734,nfl,2023,,K'Von Wallace,TEN,SS,"$617,221"
1735,nfl,2023,1736,Robert Beal Jr.,SF,ED/DE,"$611,246"
1736,nfl,2023,1737,Jason Taylor II,LAR,S,"$607,844"
1737,nfl,2023,1738,Chris Brooks,MIA,RB,"$600,666"
1738,nfl,2023,1739,Peyton Hendershot,DAL,TE,"$600,551"
1739,nfl,2023,1740,Drake Thomas,SEA,LB,"$600,003"
1740,nfl,2023,1741,Jarrad Davis,NYG,LB/ILB,"$600,000"
1741,nfl,2023,,Gunner Olszewski,NYG,WR,"$600,000"
1742,nfl,2023,,Eric Saubert,HOU,TE,"$600,000"
1743,nfl,2023,,Kentavius Street,ATL,ED/DE,"$600,000"
1744,nfl,2023,1745,Matt Waletzko,DAL,T,"$599,761"
1745,nfl,2023,1746,Sean McKeon,DAL,TE,"$594,722"
1746,nfl,2023,1747,Rodney Williams,PIT,WLB,"$583,338"
1747,nfl,2023,1748,Claudin Cherelus,CAR,LB,"$583,336"
1748,nfl,2023,1749,Micah Abernathy,ATL,S,"$580,000"
1749,nfl,2023,1750,Christian Braswell,JAX,CB,"$575,233"
1750,nfl,2023,1751,Corey Ballentine,GB,CB,"$574,444"
1751,nfl,2023,,Lil’jordan Humphrey,DEN,WR,"$574,444"
1752,nfl,2023,,Robert Rochell,GB,CB,"$574,444"
1753,nfl,2023,1754,Alex Armah,WAS,FB,"$574,442"
1754,nfl,2023,1755,Pat Elflein,ARI,C/G,"$570,000"
1755,nfl,2023,1756,Shaun Bradley,PHI,LB/ILB,"$567,855"
1756,nfl,2023,1757,Cory Trice Jr.,PIT,CB,"$566,944"
1757,nfl,2023,1758,Dallis Flowers,IND,CB,"$564,442"
1758,nfl,2023,1759,Mike Morris,SEA,ED/DE,"$563,853"
1759,nfl,2023,1760,Chase Young,SF,ED/DE,"$561,111"
1760,nfl,2023,1761,John Wolford,TB,QB,"$561,110"
1761,nfl,2023,1762,De'Jon Harris,WAS,LB,"$556,667"
1762,nfl,2023,1763,Tyler Davis,GB,TE,"$555,000"
1763,nfl,2023,1764,J.C. Hassenauer,NYG,C,"$550,000"
1764,nfl,2023,1765,Ar'Darius Washington,BAL,S,"$548,888"
1765,nfl,2023,1766,Irvin Charles,NYJ,WR,"$541,667"
1766,nfl,2023,,Tyrus Wheat,DAL,DL/DE,"$541,667"
1767,nfl,2023,1768,Julius Chestnut,TEN,RB,"$540,832"
1768,nfl,2023,1769,Roderick Johnson,PHI,T,"$540,400"
1769,nfl,2023,1770,Tyrone Wheatley Jr.,NE,T,"$533,335"
1770,nfl,2023,1771,Justin Shorter,BUF,WR,"$530,987"
1771,nfl,2023,1772,Evan Hull,IND,RB,"$527,911"
1772,nfl,2023,1773,Daniel Scott,IND,S,"$526,959"
1773,nfl,2023,1774,Javelin Guidry Jr.,NYJ,CB,"$525,000"
1774,nfl,2023,1775,Lawrence Cager,NYG,WR,"$522,222"
1775,nfl,2023,,Jabril Cox,WAS,LB,"$522,222"
1776,nfl,2023,,Nick Vannett,LAC,TE,"$522,222"
1777,nfl,2023,1778,Jack Anderson,IND,G,"$522,220"
1778,nfl,2023,,DeAndre Houston-Carson,HOU,S,"$522,220"
1779,nfl,2023,,Tanner Hudson,CIN,TE,"$522,220"
1780,nfl,2023,,Ben Niemann,DEN,LB,"$522,220"
1781,nfl,2023,1782,C.J. Goodwin,DAL,CB,"$517,778"
1782,nfl,2023,1783,Mike Woods,CLE,WR,"$517,072"
1783,nfl,2023,1784,Josh Ali,ATL,WR,"$516,668"
1784,nfl,2023,1785,Dicaprio Bootle,CAR,CB,"$507,778"
1785,nfl,2023,1786,Feleipe Franks,ATL,TE,"$505,000"
1786,nfl,2023,,James Proche,CLE,WR,"$505,000"
1787,nfl,2023,1788,JaMycal Hasty,NE,RB,"$500,588"
1788,nfl,2023,1789,Ameer Speed,IND,CB,"$500,004"
1789,nfl,2023,1790,Bradlee Anae,NYJ,ED/DE,"$500,000"
1790,nfl,2023,,Genard Avery,IND,ED/DE,"$500,000"
1791,nfl,2023,,Alex Cook,CAR,S,"$500,000"
1792,nfl,2023,,Andrew Dowell,NO,LB,"$500,000"
1793,nfl,2023,,Ethan Greenidge,ATL,T,"$500,000"
1794,nfl,2023,,Terez Hall,NE,LB,"$500,000"
1795,nfl,2023,,Marlon Mack,ARI,RB,"$500,000"
1796,nfl,2023,,Ifeadi Odenigbo,NYJ,ED/DE,"$500,000"
1797,nfl,2023,,Justyn Ross,KC,WR,"$500,000"
1798,nfl,2023,,Darius Rush,PIT,CB,"$500,000"
1799,nfl,2023,,Chapelle Russell,PIT,LB,"$500,000"
1800,nfl,2023,,Austin Walter,LV,RB,"$500,000"
1801,nfl,2023,1802,Shaquille Leonard,PHI,LB/ILB,"$499,666"
1802,nfl,2023,1803,Antoine Green,DET,WR,"$499,190"
1803,nfl,2023,1804,Brittain Brown,LV,RB,"$494,963"
1804,nfl,2023,1805,Rakim Jarrett,TB,WR,"$491,667"
1805,nfl,2023,1806,Zonovan Knight,DET,RB,"$488,055"
1806,nfl,2023,1807,Kearis Jackson,TEN,WR,"$483,334"
1807,nfl,2023,1808,Tariq Castro-Fields,WAS,CB,"$483,333"
1808,nfl,2023,,Troy Hairston,HOU,FB,"$483,333"
1809,nfl,2023,,Titus Leo,IND,ED/DE,"$483,333"
1810,nfl,2023,1811,D'Angelo Ross,HOU,CB,"$483,330"
1811,nfl,2023,1812,Armani Rogers,WAS,TE,"$480,833"
1812,nfl,2023,1813,Darien Butler,LV,LB,"$480,000"
1813,nfl,2023,1814,Jalen Virgil,DEN,WR,"$479,167"
1814,nfl,2023,1815,Cooper Hodges,JAX,T,"$476,372"
1815,nfl,2023,1816,Andrew Vorhees,BAL,G,"$475,528"
1816,nfl,2023,1817,Brandon Dillon,WAS,TE,"$475,000"
1817,nfl,2023,,Nazeeh Johnson,KC,CB,"$475,000"
1818,nfl,2023,,William Kwenkeu,MIN,LB,"$475,000"
1819,nfl,2023,,Joe Reed,CHI,WR,"$475,000"
1820,nfl,2023,,Luke Tenuta,GB,T,"$475,000"
1821,nfl,2023,,Renell Wren,PIT,DL/DT,"$475,000"
1822,nfl,2023,1823,Jake Witt,IND,T,"$473,705"
1823,nfl,2023,1824,Alex Palczewski,DEN,T,"$473,333"
1824,nfl,2023,1825,Dawson Deaton,CLE,C,"$470,735"
1825,nfl,2023,1826,Isaiah Bolden,NE,CB,"$470,421"
1826,nfl,2023,1827,Geron Christian,CLE,T,"$469,998"
1827,nfl,2023,,Andre Smith,ATL,LB/ILB,"$469,998"
1828,nfl,2023,1829,Ikenna Enechukwu,ATL,LB/OLB,"$460,000"
1829,nfl,2023,1830,Jashaun Corbin,NYG,RB,"$458,337"
1830,nfl,2023,,Eric Garror,TEN,S,"$458,337"
1831,nfl,2023,,Blake Whiteheart,ARI,TE,"$458,337"
1832,nfl,2023,1833,Kana’i Mauga,LV,LB/ILB,"$458,333"
1833,nfl,2023,,Devonnsha Maxwell,CIN,DL/DT,"$458,333"
1834,nfl,2023,,Dalton Wagner,LV,T,"$458,333"
1835,nfl,2023,1836,Shakel Brown,TEN,DL/DT,"$456,666"
1836,nfl,2023,,Bryce Ford-Wheaton,NYG,WR,"$456,666"
1837,nfl,2023,1838,Nikko Remigio,KC,WR,"$455,000"
1838,nfl,2023,1839,Zach Davidson,BUF,TE,"$454,500"
1839,nfl,2023,1840,David Durden,DAL,WR,"$453,333"
1840,nfl,2023,,Jesse Matthews,HOU,WR,"$453,333"
1841,nfl,2023,,Andrew Trainer,LAC,T,"$453,333"
1842,nfl,2023,,Kilian Zierer,HOU,T,"$453,333"
1843,nfl,2023,1844,Maalik Hall,NYJ,LB,"$452,500"
1844,nfl,2023,1845,Matt Hembrough,ARI,LS,"$452,333"
1845,nfl,2023,1846,John Stephens,DAL,TE,"$451,000"
1846,nfl,2023,1847,Malik Hamm,BAL,ED/OLB,"$450,666"
1847,nfl,2023,,A.J. Uzodinma,LAC,CB,"$450,666"
1848,nfl,2023,,Zeke Vandenburgh,MIA,LB,"$450,666"
1849,nfl,2023,1850,David Bada,WAS,DL/DT,"$450,000"
1850,nfl,2023,,Curtis Brooks,WAS,DL/DT,"$450,000"
1851,nfl,2023,,LaTrell Bumphus,SEA,ED/DE,"$450,000"
1852,nfl,2023,,Devin Cochran,CIN,T,"$450,000"
1853,nfl,2023,,Alfonzo Graham,PIT,RB,"$450,000"
1854,nfl,2023,,Kyler McMichael,ARI,CB,"$450,000"
1855,nfl,2023,,Jaylon Moore,JAX,WR,"$450,000"
1856,nfl,2023,,Tre Nixon,NE,WR,"$450,000"
1857,nfl,2023,,Joshua Onujiogu,SEA,ED/DE,"$450,000"
1858,nfl,2023,,DJ Scaife,HOU,G,"$450,000"
1859,nfl,2023,,Andrew Whitaker,SEA,CB,"$450,000"
1860,nfl,2023,1861,Keith Kirkwood,NO,WR,"$448,889"
1861,nfl,2023,,Mykal Walker,PIT,ED/OLB,"$448,889"
1862,nfl,2023,1863,Dieter Eiselen,HOU,G,"$435,000"
1863,nfl,2023,1864,Kareem Jackson,HOU,SS,"$419,166"
1864,nfl,2023,1865,Jake McQuaide,DET,LS,"$417,778"
1865,nfl,2023,1866,Michael Carter,ARI,RB,"$417,776"
1866,nfl,2023,,Tae Davis,CAR,LB,"$417,776"
1867,nfl,2023,,Justin Hollins,LAC,ED/OLB,"$417,776"
1868,nfl,2023,,Jason Peters,SEA,LT/T,"$417,776"
1869,nfl,2023,,David Sharpe,CAR,T,"$417,776"
1870,nfl,2023,,Calvin Throckmorton,TEN,T,"$417,776"
1871,nfl,2023,1872,Alex Austin,NE,CB,"$416,670"
1872,nfl,2023,,Jeremiah Pharms,NE,DL/DT,"$416,670"
1873,nfl,2023,1874,Tommy DeVito,NYG,QB,"$416,667"
1874,nfl,2023,,Leroy Watson,CLE,T,"$416,667"
1875,nfl,2023,1876,Ty Nsekhe,CLE,RT/T,"$413,444"
1876,nfl,2023,1877,Sebastian Joseph,SF,DL/DT,"$400,000"
1877,nfl,2023,,Nick Moore,BAL,LS,"$400,000"
1878,nfl,2023,1879,Jack Jones,LV,CB,"$386,666"
1879,nfl,2023,1880,Austin Deculus,NYJ,T,"$386,664"
1880,nfl,2023,,Keir Thomas,LAR,ED/OLB,"$386,664"
1881,nfl,2023,,D.J. Turner,LV,WR,"$386,664"
1882,nfl,2023,1883,Julian Good-Jones,WAS,G,"$375,003"
1883,nfl,2023,1884,A.J. Johnson,MIA,LB/ILB,"$370,800"
1884,nfl,2023,1885,Ben Bartch,SF,G,"$365,556"
1885,nfl,2023,1886,Randy Bullock,NYG,K,"$365,554"
1886,nfl,2023,,Robbie Chosen,MIA,WR,"$365,554"
1887,nfl,2023,,Sheldon Day,MIN,DL/DT,"$365,554"
1888,nfl,2023,,Ronnie Harrison,IND,S,"$365,554"
1889,nfl,2023,,Blake Lynch,LAC,LB,"$365,554"
1890,nfl,2023,,Blake Martinez,PIT,LB/ILB,"$365,554"
1891,nfl,2023,,Trevor Siemian,NYJ,QB,"$365,554"
1892,nfl,2023,,Patrick Taylor,GB,RB,"$365,554"
1893,nfl,2023,1894,Desmond King,HOU,CB,"$360,000"
1894,nfl,2023,1895,LaCale London,ATL,ED/DE,"$358,333"
1895,nfl,2023,1896,Ryan Connelly,NO,LB,"$349,722"
1896,nfl,2023,1897,J.J. Russell,TB,LB,"$338,331"
1897,nfl,2023,,Benton Whitley,NYG,ED/OLB,"$338,331"
1898,nfl,2023,1899,Johnathan Abram,NO,S,"$336,666"
1899,nfl,2023,1900,Luiji Vilain,CAR,ED/OLB,"$334,167"
1900,nfl,2023,1901,Eku Leota,CAR,LB,"$333,336"
1901,nfl,2023,,TK McLendon Jr.,TEN,DL/DE,"$333,336"
1902,nfl,2023,1903,Conor McDermott,NE,T,"$331,667"
1903,nfl,2023,1904,Adrian Amos,HOU,FS/S,"$323,611"
1904,nfl,2023,1905,Alex Erickson,LAC,WR,"$313,332"
1905,nfl,2023,,Jaleel Johnson,TEN,DL/DT,"$313,332"
1906,nfl,2023,,A.J. McCarron,CIN,QB,"$313,332"
1907,nfl,2023,,Pat O'Connor,TB,DL/DE,"$313,332"
1908,nfl,2023,,Mike Strachan,CAR,WR,"$313,332"
1909,nfl,2023,1910,Monty Rice,NO,LB/ILB,"$305,780"
1910,nfl,2023,1911,Kris Boyd,HOU,CB,"$300,000"
1911,nfl,2023,1912,Andrew Farmer,LAC,ED/OLB,"$291,669"
1912,nfl,2023,,Jalen Harris,WAS,ED/DE,"$291,669"
1913,nfl,2023,,Qwuantrezz Knight,ARI,CB,"$291,669"
1914,nfl,2023,,Trenton Thompson,PIT,S,"$291,669"
1915,nfl,2023,1916,Shaun Jolly,LAR,CB,"$289,998"
1916,nfl,2023,1917,Grayland Arnold,HOU,CB,"$289,444"
1917,nfl,2023,1918,Kindle Vildor,DET,CB,"$280,556"
1918,nfl,2023,1919,Calvin Munson,MIA,LB/ILB,"$280,555"
1919,nfl,2023,,Jonathan Ward,TEN,RB,"$280,555"
1920,nfl,2023,1921,Jake Hanson,NYJ,G/C,"$261,110"
1921,nfl,2023,,Naquan Jones,ARI,DL/DT,"$261,110"
1922,nfl,2023,,Adam Prentice,NO,FB,"$261,110"
1923,nfl,2023,,Logan Ryan,SF,CB,"$261,110"
1924,nfl,2023,,Brett Rypien,NYJ,QB,"$261,110"
1925,nfl,2023,1926,Ekow Boye-Doe,KC,CB,"$250,002"
1926,nfl,2023,,Ben VanSumeren,PHI,LB,"$250,002"
1927,nfl,2023,1928,Al-Quadin Muhammad,IND,ED/DE,"$247,200"
1928,nfl,2023,1929,Chance Campbell,TEN,ED/OLB,"$241,667"
1929,nfl,2023,1930,Janarius Robinson,LV,DL/DE,"$241,665"
1930,nfl,2023,1931,Malik Knowles,MIN,WR,"$221,000"
1931,nfl,2023,1932,Devon Allen,PHI,WR,"$216,000"
1932,nfl,2023,,Cole Fotheringham,LV,TE,"$216,000"
1933,nfl,2023,,Hayden Howerton,ARI,G,"$216,000"
1934,nfl,2023,,Jaxson Kirkland,CIN,G,"$216,000"
1935,nfl,2023,,Gerrit Prince,KC,TE,"$216,000"
1936,nfl,2023,,Isaac Taylor -Stuart,IND,CB,"$216,000"
1937,nfl,2023,,Barry Wesley,ATL,T,"$216,000"
1938,nfl,2023,,Derek Wright,CAR,WR,"$216,000"
1939,nfl,2023,1940,Brandon Parker,LV,RT,"$208,889"
1940,nfl,2023,1941,Quinton Bohanna,TEN,DL/DT,"$208,888"
1941,nfl,2023,,Deon Bush,KC,S,"$208,888"
1942,nfl,2023,,Duron Harmon,CLE,SS/S,"$208,888"
1943,nfl,2023,,Jonotthan Harrison,MIA,C,"$208,888"
1944,nfl,2023,,David Moore,TB,WR,"$208,888"
1945,nfl,2023,,Carson Tinker,LAR,LS,"$208,888"
1946,nfl,2023,,Chris Wormley,CAR,DL/DT,"$208,888"
1947,nfl,2023,1948,P.J. Mustipher,NO,DL/DT,"$208,335"
1948,nfl,2023,,Otis Reese,TEN,LB,"$208,335"
1949,nfl,2023,,Ty Zentner,TEN,P,"$208,335"
1950,nfl,2023,1951,Christian Elliss,NE,ED/DE,"$193,333"
1951,nfl,2023,,DJ Montgomery,IND,WR,"$193,333"
1952,nfl,2023,,Xavier Newman-Johnson,NYJ,G,"$193,333"
1953,nfl,2023,1954,Eyioma Uwazurike,DEN,DL/DE,"$191,467"
1954,nfl,2023,1955,Joe Jones,TEN,ED/OLB,"$191,111"
1955,nfl,2023,1956,Hroniss Grasu,LV,C,"$180,000"
1956,nfl,2023,,K.J. Hamler,IND,WR,"$180,000"
1957,nfl,2023,1958,Henry Mondeaux,JAX,DL/DE,"$177,100"
1958,nfl,2023,1959,Cameron Tom,LAC,C,"$168,333"
1959,nfl,2023,1960,Keondre Coburn,TEN,DL/DT,"$166,668"
1960,nfl,2023,,Malik Cunningham,BAL,QB,"$166,668"
1961,nfl,2023,,Mason Kinsey,TEN,WR,"$166,668"
1962,nfl,2023,,Lucas Krull,DEN,TE,"$166,668"
1963,nfl,2023,,Joshua Pryor,WAS,ED/DE,"$166,668"
1964,nfl,2023,1965,Kyu Blu Kelly,WAS,CB,"$166,667"
1965,nfl,2023,,Tyreke Smith,ARI,ED/DE,"$166,667"
1966,nfl,2023,1967,Justin McCray,CAR,G,"$163,333"
1967,nfl,2023,1968,Kevon Seymour,BAL,CB,"$161,000"
1968,nfl,2023,1969,Marlon Davidson,TEN,DL/DT,"$156,667"
1969,nfl,2023,,James Ferentz,NE,C,"$156,667"
1970,nfl,2023,,Will Grier,LAC,QB,"$156,667"
1971,nfl,2023,1972,Melvin Gordon,BAL,RB,"$156,666"
1972,nfl,2023,,Jalyn Holmes,NYJ,DL/DT,"$156,666"
1973,nfl,2023,,La'Mical Perine,KC,RB,"$156,666"
1974,nfl,2023,,Tommy Togiai,ATL,DL/DT,"$156,666"
1975,nfl,2023,,Garret Wallow,TEN,LB,"$156,666"
1976,nfl,2023,1977,Jojo Domann,TEN,LB,"$145,000"
1977,nfl,2023,1978,Derrick Gore,WAS,RB,"$144,999"
1978,nfl,2023,,Kevin Harris,NE,RB,"$144,999"
1979,nfl,2023,,Timothy Horne,NYG,DL/DT,"$144,999"
1980,nfl,2023,,Kyron Johnson,PIT,LB,"$144,999"
1981,nfl,2023,1982,Mohamed Ibrahim,DET,RB,"$144,000"
1982,nfl,2023,1983,Matt Barkley,JAX,QB,"$129,444"
1983,nfl,2023,,Cameron Erving,NO,T/C,"$129,444"
1984,nfl,2023,,Gabe Jackson,CAR,G,"$129,444"
1985,nfl,2023,,Laquon Treadwell,BAL,WR,"$129,444"
1986,nfl,2023,,Nick Vigil,NYJ,LB/OLB,"$129,444"
1987,nfl,2023,1988,Tucker Fisk,ATL,TE,"$125,001"
1988,nfl,2023,,Tyler Goodson,IND,RB,"$125,001"
1989,nfl,2023,,Nathan Rourke,NE,QB,"$125,001"
1990,nfl,2023,1991,Travis Bell,CIN,DL/DT,"$125,000"
1991,nfl,2023,,Tyreek Maddox-William,ARI,LB,"$125,000"
1992,nfl,2023,,John Ojukwu,TEN,T,"$125,000"
1993,nfl,2023,,Andrew Rupcich,TEN,T,"$125,000"
1994,nfl,2023,,Travis Vokolek,ARI,TE,"$125,000"
1995,nfl,2023,1996,Michael Badgley,DET,K,"$120,000"
1996,nfl,2023,,Jeff Driskel,CLE,QB,"$120,000"
1997,nfl,2023,1998,Tanzel Smart,NYJ,DL/DT,"$112,700"
1998,nfl,2023,1999,Ross Blacklock,TEN,DL/DT,"$112,222"
1999,nfl,2023,,Phillip Walker,CLE,QB,"$112,222"
2000,nfl,2023,2001,Perrion Winfrey,NYJ,DL/DT,"$108,000"
2001,nfl,2023,2002,Anthony Barr,MIN,ED/OLB,"$104,444"
2002,nfl,2023,,Henry Black,IND,S,"$104,444"
2003,nfl,2023,,Jake Curhan,SEA,T,"$104,444"
2004,nfl,2023,,Keelan Doss,LAC,WR,"$104,444"
2005,nfl,2023,,Jake Fromm,WAS,QB,"$104,444"
2006,nfl,2023,,Zach Gentry,LV,TE,"$104,444"
2007,nfl,2023,,Phil Hoskins,ARI,DL/DT,"$104,444"
2008,nfl,2023,,Jakob Johnson,LV,FB,"$104,444"
2009,nfl,2023,,Marco Wilson,NE,CB,"$104,444"
2010,nfl,2023,2011,Michael Bandy,DEN,WR,"$96,666"
2011,nfl,2023,,Darrian Beavers,NYG,LB,"$96,666"
2012,nfl,2023,,Joshuah Bledsoe,NE,S,"$96,666"
2013,nfl,2023,2014,Jared Wayne,HOU,WR,"$96,000"
2014,nfl,2023,2015,Cade York,NYG,K,"$84,000"
2015,nfl,2023,2016,Tucker Addington,WAS,LS,"$83,334"
2016,nfl,2023,,Alex Akingbulu,WAS,T,"$83,334"
2017,nfl,2023,,Zack Kuntz,NYJ,TE,"$83,334"
2018,nfl,2023,,Ilm Manning,CAR,T,"$83,334"
2019,nfl,2023,,Trevor Nowaske,ARI,LB,"$83,334"
2020,nfl,2023,,Patrick O'Connell,SEA,LB,"$83,334"
2021,nfl,2023,,Ty Okada,SEA,S,"$83,334"
2022,nfl,2023,,Benny Sapp III,GB,S,"$83,334"
2023,nfl,2023,,T.J. Smith,MIN,DL/DT,"$83,334"
2024,nfl,2023,2025,Derek Rivers,IND,LB/OLB,"$80,500"
2025,nfl,2023,2026,Bruce Hector,NYJ,DL/DT,"$56,111"
2026,nfl,2023,,Collin Johnson,CHI,WR,"$56,111"
2027,nfl,2023,,Tyler Johnson,LAR,WR,"$56,111"
2028,nfl,2023,,Juwann Winfree,IND,WR,"$56,111"
2029,nfl,2023,2030,Abdullah Anderson,WAS,ED/DE,"$52,222"
2030,nfl,2023,,Jacob Eason,NYG,QB,"$52,222"
2031,nfl,2023,,Tyree Jackson,NYG,TE,"$52,222"
2032,nfl,2023,,Shemar Jean-Charles,NO,CB,"$52,222"
2033,nfl,2023,,Brett Maher,LAR,K,"$52,222"
2034,nfl,2023,,Greg Stroman,CHI,CB,"$52,222"
2035,nfl,2023,2036,Matthew Butler,LV,DL/DT,"$48,333"
2036,nfl,2023,,Benning Potoa'e,WAS,ED/DE,"$48,333"
2037,nfl,2023,,Ben Stille,ARI,DL/DT,"$48,333"
2038,nfl,2023,2039,J.D. DiRenzo,CAR,RT,"$41,667"
2039,nfl,2023,,Chris Glaser,NYJ,G,"$41,667"
2040,nfl,2023,,Art Green,DEN,CB,"$41,667"
2041,nfl,2023,,Dontavian Jackson,MIN,WR,"$41,667"
2042,nfl,2023,,Matt Jackson,TEN,S,"$41,667"
2043,nfl,2023,,Marcelino McCrary-Ball,NYJ,LB,"$41,667"
2044,nfl,2023,,Bo Melton,GB,WR,"$41,667"
2045,nfl,2023,,Jeremiah Moon,BAL,ED/OLB,"$41,667"
2046,nfl,2023,,La'Michael Pettway,NE,TE,"$41,667"
2047,nfl,2023,,Ty Shelby,LAC,DL/DE,"$41,667"
2048,nfl,2023,,Xazavian Valladay,NYJ,RB,"$41,667"
2049,nfl,2023,,Nick Whiteside,WAS,CB,"$41,667"
2050,nfl,2023,,Divaad Wilson,ARI,CB,"$41,667"
2051,nfl,2023,2052,Shaka Toney,WAS,ED/DE,"$23,238"
2052,nfl,2023,1,OL,,,24
2053,nfl,2023,2,WR,,,16
2054,nfl,2023,3,DL,,,13
2055,nfl,2023,4,QB,,,13
2056,nfl,2023,5,ED,,,10
2057,nfl,2023,6,CB,,,8
2058,nfl,2023,7,S,,,6
2059,nfl,2023,8,LB,,,5
2060,nfl,2023,9,TE,,,3
2061,nfl,2023,10,RB,,,2
2062,nfl,2023,1,CLE,,,5
2063,nfl,2023,2,DEN,,,5
2064,nfl,2023,3,KC,,,5
2065,nfl,2023,4,LAC,,,5
2066,nfl,2023,5,ARI,,,4
2067,nfl,2023,6,BAL,,,4
2068,nfl,2023,7,CHI,,,4
2069,nfl,2023,8,CIN,,,4
2070,nfl,2023,9,IND,,,4
2071,nfl,2023,10,LV,,,4
2072,nfl,2023,11,PIT,,,4
2073,nfl,2023,12,ATL,,,3
2074,nfl,2023,13,BUF,,,3
2075,nfl,2023,14,CAR,,,3
2076,nfl,2023,15,DAL,,,3
2077,nfl,2023,16,DET,,,3
2078,nfl,2023,17,GB,,,3
2079,nfl,2023,18,LAR,,,3
2080,nfl,2023,19,MIA,,,3
2081,nfl,2023,20,MIN,,,3
2082,nfl,2023,21,NE,,,3
2083,nfl,2023,22,NO,,,3
2084,nfl,2023,23,WAS,,,3
2085,nfl,2023,24,JAX,,,2
2086,nfl,2023,25,NYG,,,2
2087,nfl,2023,26,PHI,,,2
2088,nfl,2023,27,SEA,,,2
2089,nfl,2023,28,SF,,,2
2090,nfl,2023,29,TB,,,2
2091,nfl,2023,30,TEN,,,2
2092,nfl,2023,31,HOU,,,1
2093,nfl,2023,32,NYJ,,,1
2094,nfl,2023,1,OL,,,24
2095,nfl,2023,2,WR,,,16
2096,nfl,2023,3,DL,,,13
2097,nfl,2023,4,QB,,,13
2098,nfl,2023,5,ED,,,10
2099,nfl,2023,6,CB,,,8
2100,nfl,2023,7,S,,,6
2101,nfl,2023,8,LB,,,5
2102,nfl,2023,9,TE,,,3
2103,nfl,2023,10,RB,,,2
2104,nfl,2023,1,CLE,,,5
2105,nfl,2023,2,DEN,,,5
2106,nfl,2023,3,KC,,,5
2107,nfl,2023,4,LAC,,,5
2108,nfl,2023,5,ARI,,,4
2109,nfl,2023,6,BAL,,,4
2110,nfl,2023,7,CHI,,,4
2111,nfl,2023,8,CIN,,,4
2112,nfl,2023,9,IND,,,4
2113,nfl,2023,10,LV,,,4
2114,nfl,2023,11,PIT,,,4
2115,nfl,2023,12,ATL,,,3
2116,nfl,2023,13,BUF,,,3
2117,nfl,2023,14,CAR,,,3
2118,nfl,2023,15,DAL,,,3
2119,nfl,2023,16,DET,,,3
2120,nfl,2023,17,GB,,,3
2121,nfl,2023,18,LAR,,,3
2122,nfl,2023,19,MIA,,,3
2123,nfl,2023,20,MIN,,,3
2124,nfl,2023,21,NE,,,3
2125,nfl,2023,22,NO,,,3
2126,nfl,2023,23,WAS,,,3
2127,nfl,2023,24,JAX,,,2
2128,nfl,2023,25,NYG,,,2
2129,nfl,2023,26,PHI,,,2
2130,nfl,2023,27,SEA,,,2
2131,nfl,2023,28,SF,,,2
2132,nfl,2023,29,TB,,,2
2133,nfl,2023,30,TEN,,,2
2134,nfl,2023,31,HOU,,,1
2135,nfl,2023,32,NYJ,,,1
