,league,season,rank,player,team,position,salary
0,nfl,2024,1,Kyler Murray,ARI,QB,"$49,118,177"
1,nfl,2024,2,Matthew Stafford,LAR,QB,"$46,174,541"
2,nfl,2024,3,Dak Prescott,DAL,QB,"$44,624,800"
3,nfl,2024,4,Patrick Mahomes,KC,QB,"$37,008,269"
4,nfl,2024,5,Lamar Jackson,BAL,QB,"$32,400,000"
5,nfl,2024,6,T.J. Watt,PIT,ED/OLB,"$30,418,694"
6,nfl,2024,7,Josh Allen,BUF,QB,"$30,356,281"
7,nfl,2024,8,Maxx Crosby,LV,DL/DE,"$30,253,250"
8,nfl,2024,9,Cooper Kupp,LAR,WR,"$29,780,000"
9,nfl,2024,10,Joe Burrow,CIN,QB,"$29,714,000"
10,nfl,2024,11,Deshaun Watson,CLE,QB,"$27,950,868"
11,nfl,2024,12,Chris Godwin,TB,WR,"$27,534,000"
12,nfl,2024,13,Jared Goff,DET,QB,"$27,211,000"
13,nfl,2024,14,Joe Thuney,KC,G,"$26,971,713"
14,nfl,2024,15,Geno Smith,SEA,QB,"$26,400,000"
15,nfl,2024,16,Kenny Clark,GB,DL/DT,"$26,365,000"
16,nfl,2024,17,Joey Bosa,LAC,ED/OLB,"$26,111,667"
17,nfl,2024,18,Laremy Tunsil,HOU,LT,"$25,855,870"
18,nfl,2024,19,Khalil Mack,LAC,ED/OLB,"$25,595,000"
19,nfl,2024,20,Quenton Nelson,IND,G,"$25,200,000"
20,nfl,2024,21,Montez Sweat,CHI,ED/DE,"$25,085,200"
21,nfl,2024,22,Kirk Cousins,ATL,QB,"$25,000,000"
22,nfl,2024,23,Christian Kirk,JAX,WR,"$24,119,294"
23,nfl,2024,24,Terry McLaurin,WAS,WR,"$24,100,000"
24,nfl,2024,25,Jaire Alexander,GB,CB,"$23,981,645"
25,nfl,2024,26,Harold Landry,TEN,LB/OLB,"$23,800,000"
26,nfl,2024,27,Taylor Moton,CAR,RT,"$23,347,916"
27,nfl,2024,28,Keenan Allen,CHI,WR,"$23,100,000"
28,nfl,2024,29,Brian O'Neill,MIN,RT,"$22,930,868"
29,nfl,2024,30,Marlon Humphrey,BAL,CB,"$22,877,800"
30,nfl,2024,31,Tremaine Edmunds,CHI,LB/ILB,"$22,437,500"
31,nfl,2024,32,Budda Baker,ARI,S,"$22,086,250"
32,nfl,2024,33,Tee Higgins,CIN,WR,"$21,816,000"
33,nfl,2024,34,Jake Matthews,ATL,LT,"$21,773,713"
34,nfl,2024,35,Jeffery Simmons,TEN,DL/DT,"$21,652,932"
35,nfl,2024,36,Trent Williams,SF,LT/T,"$21,614,953"
36,nfl,2024,37,Daron Payne,WAS,DL/DT,"$21,610,000"
37,nfl,2024,38,Minkah Fitzpatrick,PIT,SS,"$21,355,000"
38,nfl,2024,39,Jonathan Allen,WAS,DL/DT,"$20,970,588"
39,nfl,2024,40,Vita Vea,TB,DL/DT,"$20,965,054"
40,nfl,2024,41,Garett Bolles,DEN,LT,"$20,807,245"
41,nfl,2024,42,Jordan Love,GB,QB,"$20,757,731"
42,nfl,2024,43,DeMarcus Lawrence,DAL,ED/DE,"$20,445,000"
43,nfl,2024,44,Quinnen Williams,NYJ,DL/DT,"$20,400,000"
44,nfl,2024,45,Grady Jarrett,ATL,DL/DT,"$20,375,000"
45,nfl,2024,46,Myles Garrett,CLE,ED/DE,"$20,168,895"
46,nfl,2024,47,Trey Hendrickson,CIN,ED/DE,"$20,166,666"
47,nfl,2024,48,Andrew Thomas,NYG,LT,"$19,687,941"
48,nfl,2024,49,Travis Kelce,KC,TE,"$19,551,667"
49,nfl,2024,50,Jawaan Taylor,KC,RT,"$19,391,666"
50,nfl,2024,51,Justin Herbert,LAC,QB,"$19,345,675"
51,nfl,2024,52,Derwin James,LAC,SS,"$19,148,067"
52,nfl,2024,53,Tyler Lockett,SEA,WR,"$18,895,000"
53,nfl,2024,54,Charvarius Ward,SF,CB,"$18,401,000"
54,nfl,2024,55,Tyreek Hill,MIA,WR,"$18,367,926"
55,nfl,2024,56,Marcus Williams,BAL,S,"$18,027,918"
56,nfl,2024,57,Michael Pittman Jr.,IND,WR,"$18,000,000"
57,nfl,2024,58,Aaron Rodgers,NYJ,QB,"$17,161,112"
58,nfl,2024,59,Ronnie Stanley,BAL,LT/T,"$17,050,593"
59,nfl,2024,60,Mark Andrews,BAL,TE,"$16,907,611"
60,nfl,2024,61,Braden Smith,IND,RT,"$16,683,000"
61,nfl,2024,62,Orlando Brown Jr.,CIN,LT,"$16,398,000"
62,nfl,2024,63,Alvin Kamara,NO,RB,"$16,163,824"
63,nfl,2024,64,Lane Johnson,PHI,RT,"$15,865,000"
64,nfl,2024,65,Bradley Chubb,MIA,LB/OLB,"$15,813,841"
65,nfl,2024,66,Foyesade Oluokun,JAX,LB/ILB,"$15,750,668"
66,nfl,2024,67,Kolton Miller,LV,LT,"$15,681,500"
67,nfl,2024,68,D.J. Reed,NYJ,CB,"$15,636,165"
68,nfl,2024,69,Brian Burns,NYG,LB/OLB,"$15,500,000"
69,nfl,2024,,Zack Martin,DAL,G,"$15,500,000"
70,nfl,2024,71,Trevor Lawrence,JAX,QB,"$15,029,725"
71,nfl,2024,72,D.K. Metcalf,SEA,WR,"$15,000,000"
72,nfl,2024,73,Von Miller,BUF,ED/DE,"$14,820,666"
73,nfl,2024,74,Rob Havenstein,LAR,RT,"$14,703,294"
74,nfl,2024,75,Nick Bosa,SF,ED/DE,"$14,671,000"
75,nfl,2024,76,Jamel Dean,TB,CB,"$14,666,343"
76,nfl,2024,77,Ryan Kelly,IND,C,"$14,625,000"
77,nfl,2024,78,Elgton Jenkins,GB,G,"$14,429,412"
78,nfl,2024,79,Dexter Lawrence,NYG,DL/DT,"$14,340,482"
79,nfl,2024,80,Justin Reid,KC,SS,"$14,250,000"
80,nfl,2024,81,Trevon Diggs,DAL,CB,"$14,117,647"
81,nfl,2024,82,Cameron Jordan,NO,ED/DE,"$13,852,250"
82,nfl,2024,83,Danielle Hunter,HOU,ED/DE,"$13,700,000"
83,nfl,2024,84,Jonah Jackson,LAR,G,"$13,676,745"
84,nfl,2024,85,Jalen Hurts,PHI,QB,"$13,558,800"
85,nfl,2024,86,Larry Ogunjobi,PIT,DL/DE,"$13,283,333"
86,nfl,2024,87,Jaylon Johnson,CHI,CB,"$13,000,000"
87,nfl,2024,88,D.J. Jones,DEN,DL/DT,"$12,958,334"
88,nfl,2024,89,Frank Ragnow,DET,C,"$12,800,000"
89,nfl,2024,90,Derek Carr,NO,QB,"$12,668,000"
90,nfl,2024,91,Kevin Dotson,LAR,G,"$12,666,666"
91,nfl,2024,92,Fred Warner,SF,LB/ILB,"$12,649,000"
92,nfl,2024,93,Tyler Higbee,LAR,TE,"$12,608,631"
93,nfl,2024,94,Cameron Heyward,PIT,DL/DE,"$12,606,250"
94,nfl,2024,95,Jonathan Jones,NE,CB,"$12,573,529"
95,nfl,2024,96,Deebo Samuel,SF,WR,"$12,556,165"
96,nfl,2024,97,Kaleb McGary,ATL,RT,"$12,500,000"
97,nfl,2024,98,Jalen Thompson,ARI,SS,"$12,467,750"
98,nfl,2024,99,Matt Milano,BUF,LB/OLB,"$12,437,000"
99,nfl,2024,100,Ryan Ramczyk,NO,RT,"$12,293,321"
100,nfl,2024,101,George Kittle,SF,TE,"$12,204,575"
101,nfl,2024,102,Allen Lazard,NYJ,WR,"$12,184,000"
102,nfl,2024,103,Joel Bitonio,CLE,G,"$12,140,985"
103,nfl,2024,104,Denzel Ward,CLE,CB,"$12,138,918"
104,nfl,2024,105,A.J. Brown,PHI,WR,"$11,878,894"
105,nfl,2024,106,Sheldon Rankins,CIN,DL/DT,"$11,705,882"
106,nfl,2024,107,Joseph Noteboom,LAR,LT,"$11,617,647"
107,nfl,2024,108,Wyatt Teller,CLE,G,"$11,616,915"
108,nfl,2024,109,Jordan Mailata,PHI,LT,"$11,616,000"
109,nfl,2024,110,Cole Kmet,CHI,TE,"$11,600,000"
110,nfl,2024,111,Brandon Scherff,JAX,G,"$11,567,000"
111,nfl,2024,112,Dion Dawkins,BUF,LT,"$11,509,833"
112,nfl,2024,113,James Conner,ARI,RB,"$11,232,560"
113,nfl,2024,114,James Daniels,PIT,G,"$11,166,668"
114,nfl,2024,115,Joshua Hines-Allen,JAX,ED/DE,"$11,150,000"
115,nfl,2024,116,Rashan Gary,GB,ED/DE,"$11,146,138"
116,nfl,2024,117,Charles Omenihu,KC,ED/DE,"$10,970,000"
117,nfl,2024,118,Taylor Decker,DET,LT,"$10,958,000"
118,nfl,2024,119,Mike Onwenu,NE,RT,"$10,941,176"
119,nfl,2024,120,Byron Murphy,MIN,CB,"$10,911,754"
120,nfl,2024,121,B.J. Hill,CIN,DL/DT,"$10,833,334"
121,nfl,2024,122,Dre'Mont Jones,SEA,ED/DE,"$10,770,416"
122,nfl,2024,123,Darius Slay,PHI,CB,"$10,666,000"
123,nfl,2024,,Jonathan Taylor,IND,RB,"$10,666,000"
124,nfl,2024,125,Jack Conklin,CLE,RT,"$10,560,406"
125,nfl,2024,126,Terron Armstead,MIA,LT/T,"$10,556,102"
126,nfl,2024,127,Kyle Pitts,ATL,TE,"$10,471,522"
127,nfl,2024,128,Leonard Williams,SEA,ED/DE,"$10,400,000"
128,nfl,2024,129,Grover Stewart,IND,DL/DT,"$10,320,000"
129,nfl,2024,130,Travon Walker,JAX,ED/DE,"$10,192,534"
130,nfl,2024,131,Isaac Seumalo,PIT,G,"$10,191,666"
131,nfl,2024,132,Austin Corbett,CAR,C,"$10,133,000"
132,nfl,2024,133,Sam Hubbard,CIN,ED/DE,"$10,120,575"
133,nfl,2024,134,Christian Wilkins,LV,DL/DT,"$10,012,000"
134,nfl,2024,135,Jessie Bates III,ATL,FS,"$10,000,000"
135,nfl,2024,,Brandin Cooks,DAL,WR,"$10,000,000"
136,nfl,2024,,Calvin Ridley,TEN,WR,"$10,000,000"
137,nfl,2024,138,Adam Thielen,CAR,WR,"$9,917,000"
138,nfl,2024,139,Roquan Smith,BAL,LB/ILB,"$9,843,750"
139,nfl,2024,140,Ja'Marr Chase,CIN,WR,"$9,806,250"
140,nfl,2024,141,Haason Reddick,NYJ,LB/OLB,"$9,776,678"
141,nfl,2024,142,Aidan Hutchinson,DET,ED/DE,"$9,740,015"
142,nfl,2024,143,Ed Oliver,BUF,DL/DT,"$9,725,000"
143,nfl,2024,144,Robert Woods,HOU,WR,"$9,705,882"
144,nfl,2024,145,Patrick Surtain II,DEN,CB,"$9,669,952"
145,nfl,2024,146,David Njoku,CLE,TE,"$9,645,000"
146,nfl,2024,147,Davon Godchaux,NE,DL/DT,"$9,633,333"
147,nfl,2024,148,Dre Greenlaw,SF,LB/OLB,"$9,602,970"
148,nfl,2024,149,Tua Tagovailoa,MIA,QB,"$9,526,890"
149,nfl,2024,150,L'Jarius Sneed,TEN,CB,"$9,520,000"
150,nfl,2024,151,Jakobi Meyers,LV,WR,"$9,477,613"
151,nfl,2024,152,Derek Stingley Jr.,HOU,CB,"$9,452,049"
152,nfl,2024,153,Andrew Wylie,WAS,RT,"$9,416,666"
153,nfl,2024,154,Amani Hooker,TEN,SS,"$9,317,644"
154,nfl,2024,155,Alex Cappa,CIN,G,"$9,250,000"
155,nfl,2024,156,Taysom Hill,NO,TE,"$9,196,500"
156,nfl,2024,157,Dallas Goedert,PHI,TE,"$9,131,583"
157,nfl,2024,158,Ahmad Gardner,NYJ,CB,"$9,122,946"
158,nfl,2024,159,Jaylen Waddle,MIA,WR,"$9,094,326"
159,nfl,2024,160,Chris Lindstrom,ATL,G,"$9,050,000"
160,nfl,2024,,Logan Wilson,CIN,LB/ILB,"$9,050,000"
161,nfl,2024,162,Demario Davis,NO,LB/ILB,"$9,033,000"
162,nfl,2024,163,Javon Hargrave,SF,DL/DT,"$8,777,352"
163,nfl,2024,164,CeeDee Lamb,DAL,WR,"$8,750,000"
164,nfl,2024,,Trey Pipkins,LAC,G,"$8,750,000"
165,nfl,2024,166,DeMarcus Walker,CHI,ED/DE,"$8,666,666"
166,nfl,2024,167,Bryce Young,CAR,QB,"$8,626,153"
167,nfl,2024,168,Justin Jefferson,MIN,WR,"$8,612,600"
168,nfl,2024,169,Zaire Franklin,IND,LB/ILB,"$8,610,000"
169,nfl,2024,170,Kayvon Thibodeaux,NYG,LB/OLB,"$8,547,010"
170,nfl,2024,171,Lavonte David,TB,LB/ILB,"$8,500,000"
171,nfl,2024,,Kaden Elliss,ATL,LB/ILB,"$8,500,000"
172,nfl,2024,173,Taron Johnson,BUF,CB,"$8,447,500"
173,nfl,2024,174,Tytus Howard,HOU,RT,"$8,405,877"
174,nfl,2024,175,DeForest Buckner,IND,DL/DT,"$8,350,000"
175,nfl,2024,176,A.J. Terrell,ATL,CB,"$8,344,000"
176,nfl,2024,177,C.J. Stroud,HOU,QB,"$8,245,283"
177,nfl,2024,178,Brandon Graham,PHI,ED/DE,"$8,198,000"
178,nfl,2024,179,Penei Sewell,DET,RT,"$8,167,649"
179,nfl,2024,180,DeVonta Smith,PHI,WR,"$8,127,381"
180,nfl,2024,181,Josh Sweat,PHI,LB/OLB,"$8,077,000"
181,nfl,2024,182,Will Anderson,HOU,ED/DE,"$8,003,185"
182,nfl,2024,183,Antoine Winfield Jr.,TB,FS,"$8,000,000"
183,nfl,2024,184,Jalen Ramsey,MIA,CB,"$7,962,560"
184,nfl,2024,185,Darius Slayton,NYG,WR,"$7,950,000"
185,nfl,2024,186,Dalton Schultz,HOU,TE,"$7,941,165"
186,nfl,2024,187,Samson Ebukam,IND,ED/DE,"$7,935,000"
187,nfl,2024,188,Jacoby Brissett,NE,QB,"$7,882,353"
188,nfl,2024,189,Uchenna Nwosu,SEA,LB/OLB,"$7,813,333"
189,nfl,2024,190,Xavier McKinney,GB,SS,"$7,800,000"
190,nfl,2024,191,Courtland Sutton,DEN,WR,"$7,795,588"
191,nfl,2024,192,Gardner Minshew,LV,QB,"$7,790,000"
192,nfl,2024,193,Xavier Woods,CAR,SS,"$7,759,168"
193,nfl,2024,194,Dawson Knox,BUF,TE,"$7,728,000"
194,nfl,2024,195,Anthony Richardson,IND,QB,"$7,725,916"
195,nfl,2024,196,Zach Allen,DEN,DL/DE,"$7,700,000"
196,nfl,2024,197,Miles Sanders,CAR,RB,"$7,695,000"
197,nfl,2024,198,David Onyemata,ATL,DL/DT,"$7,650,000"
198,nfl,2024,199,Deatrich Wise,NE,ED/DE,"$7,641,168"
199,nfl,2024,200,Ikem Ekwonu,CAR,LT,"$7,518,559"
200,nfl,2024,201,Kyle Dugger,NE,SS,"$7,500,000"
201,nfl,2024,,T.J. Edwards,CHI,LB/OLB,"$7,500,000"
202,nfl,2024,,Noah Fant,SEA,TE,"$7,500,000"
203,nfl,2024,204,Mike Hilton,CIN,CB,"$7,450,000"
204,nfl,2024,,Darnell Mooney,ATL,WR,"$7,450,000"
205,nfl,2024,206,Alex Anzalone,DET,LB/ILB,"$7,444,112"
206,nfl,2024,207,Mike McGlinchey,DEN,RT,"$7,400,000"
207,nfl,2024,208,Donovan Wilson,DAL,S,"$7,370,575"
208,nfl,2024,209,Chris Jones,KC,DL/DT,"$7,350,000"
209,nfl,2024,210,Harrison Smith,MIN,S,"$7,315,884"
210,nfl,2024,211,Marcus Epps,LV,FS,"$7,292,500"
211,nfl,2024,212,C.J. Mosley,NYJ,LB/ILB,"$7,244,000"
212,nfl,2024,213,Devon Witherspoon,SEA,CB,"$7,241,171"
213,nfl,2024,214,Graham Gano,NYG,K,"$7,211,667"
214,nfl,2024,215,D.J. Moore,CHI,WR,"$7,200,000"
215,nfl,2024,216,Caleb Williams,CHI,QB,"$7,179,283"
216,nfl,2024,217,Germaine Pratt,CIN,LB/ILB,"$7,133,333"
217,nfl,2024,218,David Andrews,NE,C,"$7,101,470"
218,nfl,2024,219,Ted Karras,CIN,C,"$7,100,000"
219,nfl,2024,,Nnamdi Madubuike,BAL,DL/DE,"$7,100,000"
220,nfl,2024,221,T.J. Hockenson,MIN,TE,"$7,046,176"
221,nfl,2024,222,Evan Engram,JAX,TE,"$7,000,000"
222,nfl,2024,,Jarrett Stidham,DEN,QB,"$7,000,000"
223,nfl,2024,224,Kenny Moore,IND,CB,"$6,970,000"
224,nfl,2024,225,Marquise Brown,KC,WR,"$6,955,882"
225,nfl,2024,226,Chidobe Awuzie,TEN,CB,"$6,940,000"
226,nfl,2024,227,Alex Singleton,DEN,LB/ILB,"$6,913,333"
227,nfl,2024,228,Baker Mayfield,TB,QB,"$6,900,000"
228,nfl,2024,229,Zaven Collins,ARI,ED/DE,"$6,876,036"
229,nfl,2024,230,Jayden Daniels,WAS,QB,"$6,863,027"
230,nfl,2024,231,Kyzir White,ARI,LB/OLB,"$6,760,080"
231,nfl,2024,232,Matt Judon,ATL,ED/OLB,"$6,735,292"
232,nfl,2024,233,Alex Highsmith,PIT,ED/OLB,"$6,727,000"
233,nfl,2024,234,Jaycee Horn,CAR,CB,"$6,717,501"
234,nfl,2024,235,Evan Neal,NYG,RT,"$6,695,798"
235,nfl,2024,236,Bobby Okereke,NYG,LB/ILB,"$6,688,333"
236,nfl,2024,237,Drake Maye,NE,QB,"$6,661,775"
237,nfl,2024,238,Nico Collins,HOU,WR,"$6,643,205"
238,nfl,2024,239,Derrick Brown,CAR,DL/DE,"$6,625,000"
239,nfl,2024,240,Jabrill Peppers,NE,S,"$6,610,000"
240,nfl,2024,241,Tristan Wirfs,TB,LT,"$6,606,582"
241,nfl,2024,242,Erik McCoy,NO,C,"$6,520,000"
242,nfl,2024,243,Dalvin Tomlinson,CLE,DL/DT,"$6,502,000"
243,nfl,2024,244,Julian Love,SEA,FS,"$6,500,000"
244,nfl,2024,,Jon Runyan,NYG,G,"$6,500,000"
245,nfl,2024,,Terence Steele,DAL,RT,"$6,500,000"
246,nfl,2024,,Bobby Wagner,WAS,LB/ILB,"$6,500,000"
247,nfl,2024,248,Christian Darrisaw,MIN,LT,"$6,472,832"
248,nfl,2024,249,Kevin Byard,CHI,S,"$6,470,000"
249,nfl,2024,250,Robert Hunt,CAR,G,"$6,450,000"
250,nfl,2024,251,Marvin Harrison Jr.,ARI,WR,"$6,431,771"
251,nfl,2024,252,Jimmie Ward,HOU,S,"$6,427,110"
252,nfl,2024,253,Paris Johnson,ARI,LT,"$6,375,558"
253,nfl,2024,254,Jarran Reed,SEA,DL/DT,"$6,370,000"
254,nfl,2024,255,Patrick Mekari,BAL,G,"$6,350,000"
255,nfl,2024,256,Justin Jones,ARI,DL/DT,"$6,345,000"
256,nfl,2024,257,Christian McCaffrey,SF,RB,"$6,329,647"
257,nfl,2024,258,Christian Barmore,NE,DL/DT,"$6,311,623"
258,nfl,2024,259,Jonah Williams,ARI,RT,"$6,280,000"
259,nfl,2024,260,Nick Chubb,CLE,RB,"$6,275,000"
260,nfl,2024,261,Andre James,LV,C,"$6,266,666"
261,nfl,2024,262,Zach Sieler,MIA,ED/DE,"$6,252,000"
262,nfl,2024,263,Josh Oliver,MIN,TE,"$6,174,000"
263,nfl,2024,264,Lloyd Cushenberry,TEN,C,"$6,155,000"
264,nfl,2024,265,Patrick Queen,PIT,LB/ILB,"$6,113,333"
265,nfl,2024,266,Tyson Campbell,JAX,CB,"$6,102,639"
266,nfl,2024,267,Joe Alt,LAC,RT,"$6,029,262"
267,nfl,2024,268,Geno Stone,CIN,S,"$6,025,000"
268,nfl,2024,269,Jadeveon Clowney,CAR,ED/OLB,"$6,000,000"
269,nfl,2024,,Donte Jackson,PIT,CB,"$6,000,000"
270,nfl,2024,,Marcus Mariota,WAS,QB,"$6,000,000"
271,nfl,2024,272,Landon Dickerson,PHI,G,"$5,996,130"
272,nfl,2024,273,Sean Bunting,ARI,CB,"$5,955,000"
273,nfl,2024,274,Kevin Zeitler,DET,G,"$5,940,000"
274,nfl,2024,275,Mo Alie-Cox,IND,TE,"$5,920,000"
275,nfl,2024,,Matt Gay,IND,K,"$5,920,000"
276,nfl,2024,277,Stefon Diggs,HOU,WR,"$5,876,000"
277,nfl,2024,278,Drake London,ATL,WR,"$5,873,037"
278,nfl,2024,279,Shaq Mason,HOU,G,"$5,868,000"
279,nfl,2024,280,D'Andre Swift,CHI,RB,"$5,833,333"
280,nfl,2024,281,Charles Cross,SEA,LT,"$5,831,898"
281,nfl,2024,282,Garrett Bradbury,MIN,C,"$5,769,882"
282,nfl,2024,283,Jonathan Greenard,MIN,ED/OLB,"$5,740,000"
283,nfl,2024,284,Brandon Aiyuk,SF,WR,"$5,725,000"
284,nfl,2024,285,Tyree Wilson,LV,DL/DE,"$5,683,068"
285,nfl,2024,286,Samuel Cosmi,WAS,G,"$5,660,649"
286,nfl,2024,287,DaVon Hamilton,JAX,DL/DT,"$5,655,288"
287,nfl,2024,288,Garrett Wilson,NYJ,WR,"$5,605,638"
288,nfl,2024,289,Mike Evans,TB,WR,"$5,568,000"
289,nfl,2024,290,Tyrann Mathieu,NO,S,"$5,567,000"
290,nfl,2024,291,Jason Myers,SEA,K,"$5,510,000"
291,nfl,2024,292,Joe Mixon,HOU,RB,"$5,500,000"
292,nfl,2024,,Morgan Moses,NYJ,RT,"$5,500,000"
293,nfl,2024,294,Harrison Phillips,MIN,DL/DT,"$5,480,556"
294,nfl,2024,295,Gerald Everett,CHI,TE,"$5,460,000"
295,nfl,2024,,Nate Herbig,PIT,C,"$5,460,000"
296,nfl,2024,,E.J. Speed,IND,LB/OLB,"$5,460,000"
297,nfl,2024,298,Micah Parsons,DAL,ED/DE,"$5,434,479"
298,nfl,2024,299,Ja'whaun Bentley,NE,LB/ILB,"$5,433,333"
299,nfl,2024,300,Kenneth Murray,TEN,LB/ILB,"$5,410,000"
300,nfl,2024,301,Alim McNeill,DET,DL/DT,"$5,388,579"
301,nfl,2024,302,Anthony Nelson,TB,ED/OLB,"$5,384,000"
302,nfl,2024,303,Tyler Conklin,NYJ,TE,"$5,358,334"
303,nfl,2024,304,Will Hernandez,ARI,G,"$5,335,080"
304,nfl,2024,305,Hunter Henry,NE,TE,"$5,323,522"
305,nfl,2024,306,Trey Lance,DAL,QB,"$5,310,714"
306,nfl,2024,307,Malik Nabers,NYG,WR,"$5,310,500"
307,nfl,2024,308,Josh Jacobs,GB,RB,"$5,307,343"
308,nfl,2024,309,D.J. Reader,DET,DL/DT,"$5,303,000"
309,nfl,2024,310,Robert Spillane,LV,ED/OLB,"$5,300,000"
310,nfl,2024,311,Rashawn Slater,LAC,LT,"$5,291,923"
311,nfl,2024,312,Chris Olave,NO,WR,"$5,255,966"
312,nfl,2024,313,Carl Granderson,NO,LB/OLB,"$5,250,000"
313,nfl,2024,,Younghoe Koo,ATL,K,"$5,250,000"
314,nfl,2024,315,Patrick Ricard,BAL,FB,"$5,155,000"
315,nfl,2024,316,Creed Humphrey,KC,C,"$5,151,856"
316,nfl,2024,317,Dorance Armstrong,WAS,ED/DE,"$5,135,000"
317,nfl,2024,318,Derrick Henry,BAL,RB,"$5,105,000"
318,nfl,2024,319,David Montgomery,DET,RB,"$5,060,046"
319,nfl,2024,320,Alijah Vera-Tucker,NYJ,G,"$5,054,327"
320,nfl,2024,321,Raekwon Davis,IND,DL/DT,"$5,010,000"
321,nfl,2024,322,Sam Darnold,MIN,QB,"$5,000,000"
322,nfl,2024,,Joe Flacco,IND,QB,"$5,000,000"
323,nfl,2024,,John Franklin-Myers,DEN,DL/DE,"$5,000,000"
324,nfl,2024,,Drew Lock,NYG,QB,"$5,000,000"
325,nfl,2024,,Chase McLaughlin,TB,K,"$5,000,000"
326,nfl,2024,327,Bijan Robinson,ATL,RB,"$4,990,577"
327,nfl,2024,328,Andy Dalton,CAR,QB,"$4,967,000"
328,nfl,2024,329,Jalen Carter,PHI,DL/DT,"$4,955,920"
329,nfl,2024,330,Talanoa Hufanga,SF,SS,"$4,950,038"
330,nfl,2024,331,Rhamondre Stevenson,NE,RB,"$4,903,264"
331,nfl,2024,332,Damien Lewis,CAR,G,"$4,900,000"
332,nfl,2024,,Drew Sample,CIN,TE,"$4,900,000"
333,nfl,2024,334,Deommodore Lenoir,SF,CB,"$4,874,368"
334,nfl,2024,335,Amon-Ra St. Brown,DET,WR,"$4,862,313"
335,nfl,2024,336,Bilal Nichols,ARI,ED/DE,"$4,840,000"
336,nfl,2024,337,Tyquan Lewis,IND,ED/DE,"$4,810,000"
337,nfl,2024,338,Darnell Wright,CHI,RT,"$4,765,515"
338,nfl,2024,339,Jameson Williams,DET,WR,"$4,762,306"
339,nfl,2024,340,Matt Prater,ARI,K,"$4,759,765"
340,nfl,2024,341,Lorenzo Carter,ATL,ED/OLB,"$4,750,000"
341,nfl,2024,,Jermaine Eluemunor,NYG,G,"$4,750,000"
342,nfl,2024,,Morgan Fox,LAC,DL/DE,"$4,750,000"
343,nfl,2024,344,Cole Holcomb,PIT,LB/ILB,"$4,740,000"
344,nfl,2024,345,JC Latham,TEN,LT,"$4,735,489"
345,nfl,2024,346,Chris Boswell,PIT,K,"$4,720,000"
346,nfl,2024,347,Jerry Jeudy,CLE,WR,"$4,700,000"
347,nfl,2024,348,Elandon Roberts,PIT,LB/ILB,"$4,667,500"
348,nfl,2024,349,Michael Danna,KC,ED/DE,"$4,666,666"
349,nfl,2024,,Stephon Gilmore,MIN,CB,"$4,666,666"
350,nfl,2024,,Darious Williams,LAR,CB,"$4,666,666"
351,nfl,2024,352,Jeff Okudah,HOU,CB,"$4,661,754"
352,nfl,2024,353,Daniel Carlson,LV,K,"$4,650,000"
353,nfl,2024,354,Jamaal Williams,NO,RB,"$4,630,000"
354,nfl,2024,355,Jordan Davis,PHI,DL/DT,"$4,626,638"
355,nfl,2024,356,Broderick Washington,BAL,DL/DE,"$4,540,000"
356,nfl,2024,357,Carlton Davis,DET,CB,"$4,529,483"
357,nfl,2024,358,Jason Sanders,MIA,K,"$4,506,500"
358,nfl,2024,359,Denico Autry,HOU,DL/DT,"$4,500,000"
359,nfl,2024,,Jordan Whitehead,TB,SS,"$4,500,000"
360,nfl,2024,361,Gabriel Davis,JAX,WR,"$4,494,117"
361,nfl,2024,362,Peter Skoronski,TEN,G,"$4,471,209"
362,nfl,2024,363,Jaelan Phillips,MIA,LB/OLB,"$4,460,337"
363,nfl,2024,364,Cesar Ruiz,NO,G,"$4,450,000"
364,nfl,2024,365,Kyle Hamilton,BAL,S,"$4,433,206"
365,nfl,2024,366,Shaquill Griffin,MIN,CB,"$4,430,000"
366,nfl,2024,367,Arik Armstead,JAX,ED/DE,"$4,426,471"
367,nfl,2024,368,Tyler Bass,BUF,K,"$4,420,000"
368,nfl,2024,369,Ka'imi Fairbairn,HOU,K,"$4,401,711"
369,nfl,2024,370,Khalen Saunders,NO,DL/DT,"$4,400,000"
370,nfl,2024,371,Trenton Brown,CIN,RT,"$4,397,058"
371,nfl,2024,372,DeAndre Hopkins,KC,WR,"$4,368,610"
372,nfl,2024,373,Foster Moreau,NO,TE,"$4,367,050"
373,nfl,2024,374,Kenyon Green,HOU,G,"$4,350,929"
374,nfl,2024,375,Bryce Huff,PHI,LB/OLB,"$4,350,000"
375,nfl,2024,376,Alaric Jackson,LAR,LT,"$4,346,666"
376,nfl,2024,377,Kwity Paye,IND,ED/DE,"$4,341,539"
377,nfl,2024,378,Rakeem Nunez-Roches,NYG,DL/DT,"$4,333,333"
378,nfl,2024,,Justin Simmons,ATL,FS,"$4,333,333"
379,nfl,2024,380,James Bradberry,PHI,S,"$4,305,000"
380,nfl,2024,381,Jevon Holland,MIA,FS,"$4,290,802"
381,nfl,2024,382,Austin Jackson,MIA,RT,"$4,262,116"
382,nfl,2024,383,Cairo Santos,CHI,K,"$4,260,000"
383,nfl,2024,384,Kamren Curl,LAR,SS,"$4,235,294"
384,nfl,2024,385,Arden Key,TEN,LB/OLB,"$4,220,000"
385,nfl,2024,386,Azeez Al-Shaair,HOU,LB/ILB,"$4,200,000"
386,nfl,2024,,John Cominsky,DET,ED/DE,"$4,200,000"
387,nfl,2024,388,Jedrick Wills,CLE,LT,"$4,192,352"
388,nfl,2024,389,Liam Eichenberg,MIA,C,"$4,163,178"
389,nfl,2024,390,Michael Penix Jr.,ATL,QB,"$4,160,479"
390,nfl,2024,391,Connor McGovern,BUF,C,"$4,160,000"
391,nfl,2024,392,Najee Harris,PIT,RB,"$4,151,460"
392,nfl,2024,393,Tyler Biadasz,WAS,C,"$4,150,000"
393,nfl,2024,394,Trevon Moehrig,LV,SS,"$4,141,456"
394,nfl,2024,395,Hjalte Froholdt,ARI,C,"$4,133,413"
395,nfl,2024,396,Rome Odunze,CHI,WR,"$4,131,727"
396,nfl,2024,397,Travis Etienne,JAX,RB,"$4,103,943"
397,nfl,2024,398,Rayshawn Jenkins,SEA,SS,"$4,100,000"
398,nfl,2024,399,Justin Tucker,BAL,K,"$4,082,500"
399,nfl,2024,400,Michael Pierce,BAL,DL/DT,"$4,072,000"
400,nfl,2024,401,Greg Newsome,CLE,CB,"$4,056,416"
401,nfl,2024,402,Jahmyr Gibbs,DET,RB,"$4,055,712"
402,nfl,2024,403,Ogbonnia Okoronkwo,CLE,ED/DE,"$4,030,000"
403,nfl,2024,404,Zion Johnson,LAC,G,"$4,021,822"
404,nfl,2024,405,Asante Samuel Jr.,LAC,CB,"$4,019,263"
405,nfl,2024,406,Shy Tuttle,CAR,DL/DT,"$4,006,667"
406,nfl,2024,407,Ryan Bates,CHI,C,"$4,000,000"
407,nfl,2024,,Chukwuma Okorafor,NE,LT,"$4,000,000"
408,nfl,2024,,Tony Pollard,TEN,RB,"$4,000,000"
409,nfl,2024,,Demarcus Robinson,LAR,WR,"$4,000,000"
410,nfl,2024,411,Keisean Nixon,GB,CB,"$3,991,666"
411,nfl,2024,412,Malik Hooker,DAL,FS,"$3,985,296"
412,nfl,2024,413,Payton Turner,NO,ED/DE,"$3,985,144"
413,nfl,2024,414,Jack Fox,DET,P,"$3,975,000"
414,nfl,2024,,Greg Gaines,TB,DL/DT,"$3,975,000"
415,nfl,2024,,Sebastian Joseph,TEN,ED/DE,"$3,975,000"
416,nfl,2024,417,J.J. McCarthy,MIN,QB,"$3,973,599"
417,nfl,2024,418,Richie Grant,ATL,SS,"$3,959,339"
418,nfl,2024,419,Lukas Van Ness,GB,ED/DE,"$3,951,839"
419,nfl,2024,420,Walker Little,JAX,LT,"$3,935,167"
420,nfl,2024,421,Jeremy Chinn,WAS,S,"$3,925,000"
421,nfl,2024,422,Treylon Burks,TEN,WR,"$3,918,979"
422,nfl,2024,423,Julian Blackmon,IND,SS,"$3,890,000"
423,nfl,2024,424,Damontae Kazee,PIT,FS,"$3,875,000"
424,nfl,2024,425,Frankie Luvu,WAS,LB/OLB,"$3,865,000"
425,nfl,2024,426,Trevor Penning,NO,RT,"$3,857,268"
426,nfl,2024,427,Michael Dickson,SEA,P,"$3,850,000"
427,nfl,2024,428,Mike Hughes,ATL,CB,"$3,845,000"
428,nfl,2024,429,Rashod Bateman,BAL,WR,"$3,834,135"
429,nfl,2024,430,Daniel Brunskill,TEN,C,"$3,831,754"
430,nfl,2024,431,Trent McDuffie,KC,CB,"$3,816,132"
431,nfl,2024,432,Bryan Anger,DAL,P,"$3,800,000"
432,nfl,2024,,Saquon Barkley,PHI,RB,"$3,800,000"
433,nfl,2024,434,Eric Stokes,GB,CB,"$3,794,485"
434,nfl,2024,435,Juan Thornhill,CLE,FS,"$3,784,000"
435,nfl,2024,436,Chuba Hubbard,CAR,RB,"$3,779,974"
436,nfl,2024,437,Broderick Jones,PIT,RT,"$3,778,717"
437,nfl,2024,438,Dennis Gardeck,ARI,LB/OLB,"$3,776,748"
438,nfl,2024,439,Ian Thomas,CAR,TE,"$3,776,668"
439,nfl,2024,440,Quay Walker,GB,LB/OLB,"$3,774,993"
440,nfl,2024,441,Ethan Pocic,CLE,C,"$3,764,000"
441,nfl,2024,442,Nick Folk,TEN,K,"$3,755,000"
442,nfl,2024,443,Clelin Ferrell,WAS,ED/DE,"$3,750,000"
443,nfl,2024,,Devin Singletary,NYG,RB,"$3,750,000"
444,nfl,2024,,Tress Way,WAS,P,"$3,750,000"
445,nfl,2024,446,Aaron Banks,SF,G,"$3,742,109"
446,nfl,2024,447,Kaiir Elam,BUF,CB,"$3,733,857"
447,nfl,2024,448,Olu Fashanu,NYJ,LT,"$3,729,220"
448,nfl,2024,449,Josh Metellus,MIN,S,"$3,725,000"
449,nfl,2024,450,Will McDonald,NYJ,ED/DE,"$3,709,471"
450,nfl,2024,451,Greg Rousseau,BUF,ED/DE,"$3,693,518"
451,nfl,2024,452,Ashton Dulin,IND,WR,"$3,680,000"
452,nfl,2024,453,Grant Delpit,CLE,SS,"$3,676,000"
453,nfl,2024,454,Tyler Smith,DAL,G,"$3,651,579"
454,nfl,2024,455,Pat Freiermuth,PIT,TE,"$3,636,033"
455,nfl,2024,456,Kyle Van Noy,BAL,ED/OLB,"$3,625,000"
456,nfl,2024,,D.J. Wonnum,CAR,ED/OLB,"$3,625,000"
457,nfl,2024,458,Paulson Adebo,NO,CB,"$3,622,429"
458,nfl,2024,459,Tyler Linderbaum,BAL,C,"$3,610,442"
459,nfl,2024,460,Odafe Oweh,BAL,ED/OLB,"$3,608,942"
460,nfl,2024,461,Kyle Juszczyk,SF,FB,"$3,606,750"
461,nfl,2024,462,Ezra Cleveland,JAX,G,"$3,591,176"
462,nfl,2024,463,Colby Parkinson,LAR,TE,"$3,583,333"
463,nfl,2024,464,Jermaine Johnson,NYJ,ED/DE,"$3,569,303"
464,nfl,2024,465,Quinn Meinerz,DEN,G,"$3,565,155"
465,nfl,2024,466,Anfernee Jennings,NE,LB/OLB,"$3,561,764"
466,nfl,2024,467,Joe Tryon,TB,ED/OLB,"$3,554,485"
467,nfl,2024,468,Michael Davis,WAS,CB,"$3,545,000"
468,nfl,2024,469,Dan Moore,PIT,LT,"$3,540,476"
469,nfl,2024,470,Devin Lloyd,JAX,LB/ILB,"$3,528,165"
470,nfl,2024,471,A.J. Cole,LV,P,"$3,517,000"
471,nfl,2024,472,Nick Bolton,KC,LB/ILB,"$3,516,733"
472,nfl,2024,473,Devonte Wyatt,GB,DL/DT,"$3,507,596"
473,nfl,2024,474,Marcus Davenport,DET,ED/DE,"$3,507,500"
474,nfl,2024,475,Andrew Billings,CHI,DL/DT,"$3,500,000"
475,nfl,2024,,Ronald Darby,JAX,CB,"$3,500,000"
476,nfl,2024,,Juwan Johnson,NO,TE,"$3,500,000"
477,nfl,2024,,Aaron Jones,MIN,RB,"$3,500,000"
478,nfl,2024,,Coleman Shelton,CHI,C,"$3,500,000"
479,nfl,2024,480,Josey Jewell,CAR,LB/ILB,"$3,483,333"
480,nfl,2024,481,J.T. Gray,NO,S,"$3,480,000"
481,nfl,2024,482,Josh Myers,GB,C,"$3,470,570"
482,nfl,2024,483,Jahlani Tavai,NE,LB/ILB,"$3,452,084"
483,nfl,2024,484,Nate Hobbs,LV,CB,"$3,441,763"
484,nfl,2024,485,Christian Gonzalez,NE,CB,"$3,432,470"
485,nfl,2024,486,Davis Mills,HOU,QB,"$3,431,293"
486,nfl,2024,487,Leonard Floyd,SF,ED/DE,"$3,418,000"
487,nfl,2024,488,Jeremiah Owusu-Koramoah,CLE,LB/OLB,"$3,414,679"
488,nfl,2024,489,Andre Cisco,JAX,FS,"$3,408,091"
489,nfl,2024,490,Chase Young,NO,ED/DE,"$3,406,000"
490,nfl,2024,491,Curtis Samuel,BUF,WR,"$3,405,000"
491,nfl,2024,492,Mack Wilson,ARI,LB/ILB,"$3,401,667"
492,nfl,2024,493,Raheem Mostert,MIA,RB,"$3,401,165"
493,nfl,2024,494,Andrew Van Ginkel,MIN,ED/OLB,"$3,400,000"
494,nfl,2024,495,Trey Smith,KC,G,"$3,398,677"
495,nfl,2024,496,Brady Christensen,CAR,C,"$3,394,777"
496,nfl,2024,497,Harrison Butker,KC,K,"$3,388,796"
497,nfl,2024,498,Milton Williams,PHI,ED/DE,"$3,385,122"
498,nfl,2024,499,Bo Nix,DEN,QB,"$3,384,212"
499,nfl,2024,500,Benjamin St-Juste,WAS,CB,"$3,383,410"
500,nfl,2024,501,Osa Odighizuwa,DAL,DL/DT,"$3,380,762"
501,nfl,2024,502,Alohi Gilman,LAC,FS,"$3,375,000"
502,nfl,2024,503,Josh Palmer,LAC,WR,"$3,370,919"
503,nfl,2024,504,Andrew Wingard,JAX,S,"$3,370,000"
504,nfl,2024,505,M.J. Stewart,HOU,S,"$3,367,647"
505,nfl,2024,506,Divine Deablo,LV,LB/ILB,"$3,361,606"
506,nfl,2024,507,Tommy Tremble,CAR,TE,"$3,351,715"
507,nfl,2024,508,Rasul Douglas,BUF,CB,"$3,348,529"
508,nfl,2024,509,Jack Campbell,DET,LB/OLB,"$3,345,911"
509,nfl,2024,510,Cole Strange,NE,G,"$3,342,537"
510,nfl,2024,511,Robert Hainsey,TB,C,"$3,329,886"
511,nfl,2024,512,Brandon Stephens,BAL,S,"$3,326,155"
512,nfl,2024,513,Sione Takitaki,NE,LB/ILB,"$3,325,000"
513,nfl,2024,514,Brandon Jones,DEN,S,"$3,318,333"
514,nfl,2024,515,Durham Smythe,MIA,TE,"$3,316,946"
515,nfl,2024,516,Derrick Barnes,DET,LB/OLB,"$3,311,301"
516,nfl,2024,517,Drew Dalman,ATL,C,"$3,310,180"
517,nfl,2024,518,Tanoh Kpassagnon,NO,ED/DE,"$3,303,000"
518,nfl,2024,519,Brock Bowers,LV,TE,"$3,297,961"
519,nfl,2024,520,John Bates,WAS,TE,"$3,296,604"
520,nfl,2024,521,Camryn Bynum,MIN,FS,"$3,295,453"
521,nfl,2024,522,Case Keenum,HOU,QB,"$3,294,115"
522,nfl,2024,523,Calijah Kancey,TB,DL/DE,"$3,293,971"
523,nfl,2024,524,Kylen Granson,IND,TE,"$3,292,592"
524,nfl,2024,525,A'Shawn Robinson,CAR,DL/DE,"$3,290,000"
525,nfl,2024,526,Jaxon Smith-Njigba,SEA,WR,"$3,276,661"
526,nfl,2024,527,C.J. Ham,MIN,FB,"$3,266,666"
527,nfl,2024,528,Jake Brendel,SF,C,"$3,260,000"
528,nfl,2024,529,George Karlaftis,KC,ED/DE,"$3,255,129"
529,nfl,2024,530,Kendrick Bourne,NE,WR,"$3,250,000"
530,nfl,2024,,Harrison Bryant,LV,TE,"$3,250,000"
531,nfl,2024,,Dante Fowler Jr.,WAS,ED/DE,"$3,250,000"
532,nfl,2024,,Jordan Fuller,CAR,SS,"$3,250,000"
533,nfl,2024,,Kalif Raymond,DET,WR,"$3,250,000"
534,nfl,2024,535,Yetur Gross-Matos,SF,ED/DE,"$3,238,000"
535,nfl,2024,536,Justin Fields,PIT,QB,"$3,233,448"
536,nfl,2024,537,Davante Adams,NYJ,WR,"$3,227,333"
537,nfl,2024,538,Quentin Johnston,LAC,WR,"$3,224,722"
538,nfl,2024,539,Antonio Gibson,NE,RB,"$3,220,000"
539,nfl,2024,540,John Simpson,NYJ,G,"$3,210,000"
540,nfl,2024,541,Jonathon Cooper,DEN,ED/OLB,"$3,205,933"
541,nfl,2024,542,Pharaoh Brown,SEA,TE,"$3,200,000"
542,nfl,2024,,Tremon Smith,DEN,CB,"$3,200,000"
543,nfl,2024,544,Larry Borom,CHI,RT,"$3,199,270"
544,nfl,2024,545,Darrick Forrest,WAS,S,"$3,193,768"
545,nfl,2024,546,Emmanuel Ogbah,MIA,ED/DE,"$3,191,165"
546,nfl,2024,547,Zay Flowers,BAL,WR,"$3,190,099"
547,nfl,2024,548,Shaq Thompson,CAR,LB/ILB,"$3,190,000"
548,nfl,2024,549,Blake Cashman,MIN,LB/ILB,"$3,186,754"
549,nfl,2024,550,Tedarrell Slaton,GB,DL/DT,"$3,186,130"
550,nfl,2024,551,Daxton Hill,CIN,CB,"$3,181,913"
551,nfl,2024,552,Austin Ekeler,WAS,RB,"$3,170,000"
552,nfl,2024,,George Fant,SEA,RT,"$3,170,000"
553,nfl,2024,554,Taliese Fuaga,NO,LT,"$3,154,210"
554,nfl,2024,555,Will Fries,IND,G,"$3,137,346"
555,nfl,2024,556,Alec Ingold,MIA,FB,"$3,130,000"
556,nfl,2024,557,Austin Hooper,NE,TE,"$3,125,000"
557,nfl,2024,558,Jordan Addison,MIN,WR,"$3,120,850"
558,nfl,2024,559,Elijah Molden,LAC,CB,"$3,116,000"
559,nfl,2024,,Elijah Moore,CLE,WR,"$3,116,000"
560,nfl,2024,,Jason Pinnock,NYG,FS,"$3,116,000"
561,nfl,2024,,Darrell Taylor,CHI,LB/OLB,"$3,116,000"
562,nfl,2024,563,Laiatu Latu,IND,ED/DE,"$3,096,708"
563,nfl,2024,564,Deonte Banks,NYG,CB,"$3,086,226"
564,nfl,2024,565,Duke Riley,MIA,LB/ILB,"$3,085,000"
565,nfl,2024,566,Dalton Kincaid,BUF,TE,"$3,051,596"
566,nfl,2024,567,Quincy Williams,NYJ,LB/OLB,"$3,050,000"
567,nfl,2024,568,Jimmy Garoppolo,LAR,QB,"$3,044,305"
568,nfl,2024,569,Maliek Collins,SF,DL/DT,"$3,038,588"
569,nfl,2024,570,Mazi Smith,DAL,DL/DT,"$3,016,976"
570,nfl,2024,571,Foley Fatukasi,HOU,DL/DT,"$3,012,254"
571,nfl,2024,572,Quandre Diggs,TEN,SS,"$3,000,000"
572,nfl,2024,,Willie Gay Jr.,NO,LB/OLB,"$3,000,000"
573,nfl,2024,,Bradley Pinion,ATL,P,"$3,000,000"
574,nfl,2024,,Drue Tranquill,KC,LB/OLB,"$3,000,000"
575,nfl,2024,,Adam Trautman,DEN,TE,"$3,000,000"
576,nfl,2024,,Greg Van Roten,NYG,G,"$3,000,000"
577,nfl,2024,578,Anton Harrison,JAX,RT,"$2,999,664"
578,nfl,2024,579,Michael Hoecht,LAR,ED/OLB,"$2,985,000"
579,nfl,2024,580,Colton McKivitz,SF,RT,"$2,963,000"
580,nfl,2024,581,Ben Bredeson,TB,G,"$2,960,000"
581,nfl,2024,582,Eric Kendricks,DAL,LB/ILB,"$2,941,165"
582,nfl,2024,583,John Jenkins,LV,DL/DT,"$2,938,000"
583,nfl,2024,584,Byron Murphy,SEA,ED/DE,"$2,924,204"
584,nfl,2024,585,Justin Watson,KC,WR,"$2,920,000"
585,nfl,2024,586,Pete Werner,NO,LB/ILB,"$2,908,762"
586,nfl,2024,587,Yosh Nijman,CAR,RT,"$2,907,500"
587,nfl,2024,588,Tyron Smith,NYJ,LT/T,"$2,900,000"
588,nfl,2024,589,DJ Chark,LAC,WR,"$2,890,000"
589,nfl,2024,590,Kristian Fulton,LAC,CB,"$2,885,000"
590,nfl,2024,591,Cooper Rush,DAL,QB,"$2,875,000"
591,nfl,2024,592,DaQuan Jones,BUF,DL/DT,"$2,868,000"
592,nfl,2024,593,Dallas Turner,MIN,ED/OLB,"$2,866,702"
593,nfl,2024,594,Zack Moss,CIN,RB,"$2,866,176"
594,nfl,2024,595,Myles Murphy,CIN,ED/DE,"$2,860,741"
595,nfl,2024,596,Wil Lutz,DEN,K,"$2,860,000"
596,nfl,2024,597,Malcolm Roach,DEN,DL/DE,"$2,855,000"
597,nfl,2024,598,Javon Kinlaw,NYJ,DL/DT,"$2,850,000"
598,nfl,2024,,Amik Robertson,DET,CB,"$2,850,000"
599,nfl,2024,600,Taylor Rapp,BUF,S,"$2,841,666"
600,nfl,2024,601,Javonte Williams,DEN,RB,"$2,820,921"
601,nfl,2024,602,Nathan Shepherd,NO,DL/DT,"$2,820,000"
602,nfl,2024,603,A.J. Epenesa,BUF,ED/DE,"$2,812,000"
603,nfl,2024,604,Jordyn Brooks,MIA,LB/ILB,"$2,800,000"
604,nfl,2024,,Cornelius Lucas,WAS,LT/T,"$2,800,000"
605,nfl,2024,,Tyrod Taylor,NYJ,QB,"$2,800,000"
606,nfl,2024,607,Nick Allegretti,WAS,G/C,"$2,798,000"
607,nfl,2024,608,Amarius Mims,CIN,RT,"$2,794,829"
608,nfl,2024,609,Darnell Savage,JAX,S,"$2,794,110"
609,nfl,2024,610,Bryan Bresee,NO,DL/DT,"$2,787,173"
610,nfl,2024,611,Mac Jones,JAX,QB,"$2,785,412"
611,nfl,2024,612,Jauan Jennings,SF,WR,"$2,774,941"
612,nfl,2024,613,Chauncey Gardner-Johnson,PHI,S,"$2,770,588"
613,nfl,2024,614,Jared Verse,LAR,ED/OLB,"$2,751,699"
614,nfl,2024,615,Jalen Reeves-Maybin,DET,LB/OLB,"$2,750,000"
615,nfl,2024,,Jerry Tillery,MIN,DL/DT,"$2,750,000"
616,nfl,2024,617,Mason Rudolph,TEN,QB,"$2,740,000"
617,nfl,2024,618,Johnny Hekker,CAR,P,"$2,733,667"
618,nfl,2024,619,Zach Wilson,DEN,QB,"$2,726,637"
619,nfl,2024,620,Nolan Smith,PHI,LB/OLB,"$2,725,547"
620,nfl,2024,621,Chop Robinson,MIA,LB/OLB,"$2,722,950"
621,nfl,2024,622,Quinyon Mitchell,PHI,CB,"$2,694,199"
622,nfl,2024,623,Graham Glasgow,DET,G/C,"$2,687,500"
623,nfl,2024,624,Felix Anudike-Uzomah,KC,ED/DE,"$2,685,867"
624,nfl,2024,625,Justice Hill,BAL,RB,"$2,670,446"
625,nfl,2024,626,Zach Pascal,ARI,WR,"$2,670,000"
626,nfl,2024,627,Teven Jenkins,CHI,G,"$2,668,860"
627,nfl,2024,628,Brian Thomas Jr.,JAX,WR,"$2,665,450"
628,nfl,2024,629,Michael Carter II,NYJ,CB,"$2,656,422"
629,nfl,2024,630,Dane Jackson,CAR,CB,"$2,650,000"
630,nfl,2024,,Mitch Morse,JAX,C,"$2,650,000"
631,nfl,2024,632,Noah Gray,KC,TE,"$2,643,524"
632,nfl,2024,633,Solomon Thomas,NYJ,DL/DT,"$2,630,000"
633,nfl,2024,634,Will Dissly,LAC,TE,"$2,625,000"
634,nfl,2024,635,Terrion Arnold,DET,CB,"$2,607,947"
635,nfl,2024,636,Dustin Hopkins,CLE,K,"$2,602,500"
636,nfl,2024,637,Logan Cooke,JAX,P,"$2,600,000"
637,nfl,2024,,Jerry Hughes,HOU,ED/DE,"$2,600,000"
638,nfl,2024,,Del'Shawn Phillips,HOU,LB/OLB,"$2,600,000"
639,nfl,2024,,Cody Whitehair,LV,C,"$2,600,000"
640,nfl,2024,641,Spencer Brown,BUF,RT,"$2,593,801"
641,nfl,2024,642,Levi Onwuzurike,DET,DL/DT,"$2,592,829"
642,nfl,2024,643,Cam Robinson,MIN,LT,"$2,588,230"
643,nfl,2024,644,Kendall Fuller,MIA,CB,"$2,588,000"
644,nfl,2024,645,Jordan Morgan,GB,G,"$2,579,199"
645,nfl,2024,646,Kelvin Beachum,ARI,LT,"$2,557,500"
646,nfl,2024,647,George Odum,SF,S,"$2,551,666"
647,nfl,2024,648,Graham Barton,TB,C,"$2,550,446"
648,nfl,2024,649,Eddy Pineiro,CAR,K,"$2,545,000"
649,nfl,2024,650,Akeem Davis-Gaither,CIN,LB/OLB,"$2,544,382"
650,nfl,2024,651,Logan Hall,TB,DL/DT,"$2,540,851"
651,nfl,2024,652,Aaron Brewer,MIA,C,"$2,528,000"
652,nfl,2024,653,Darius Robinson,ARI,ED/DE,"$2,525,399"
653,nfl,2024,654,Christian Watson,GB,WR,"$2,520,282"
654,nfl,2024,655,JK Scott,LAC,P,"$2,510,000"
655,nfl,2024,656,Xavier Worthy,KC,WR,"$2,507,321"
656,nfl,2024,657,Rigoberto Sanchez,IND,P,"$2,506,300"
657,nfl,2024,658,Mike Gesicki,CIN,TE,"$2,500,000"
658,nfl,2024,,Kendall Lamm,MIA,RT/T,"$2,500,000"
659,nfl,2024,,Isaiah Oliver,NYJ,CB,"$2,500,000"
660,nfl,2024,,Tim Settle,HOU,DL/DT,"$2,500,000"
661,nfl,2024,,Charlie Woerner,ATL,TE,"$2,500,000"
662,nfl,2024,663,Roger McCreary,TEN,CB,"$2,499,711"
663,nfl,2024,664,Mack Hollins,BUF,WR,"$2,480,000"
664,nfl,2024,665,Cody Barton,DEN,LB/ILB,"$2,460,000"
665,nfl,2024,666,Breece Hall,NYJ,RB,"$2,458,575"
666,nfl,2024,667,Troy Fautanu,PIT,LT,"$2,448,437"
667,nfl,2024,668,Jalen Pitre,HOU,SS,"$2,442,120"
668,nfl,2024,669,P.J. Locke,DEN,SS,"$2,425,000"
669,nfl,2024,670,Zach Ertz,WAS,TE,"$2,411,764"
670,nfl,2024,671,Dalton Risner,MIN,G,"$2,410,000"
671,nfl,2024,672,Arnold Ebiketie,ATL,ED/OLB,"$2,405,097"
672,nfl,2024,673,Tyler Boyd,TEN,WR,"$2,400,000"
673,nfl,2024,,Jamie Gillan,NYG,P,"$2,400,000"
674,nfl,2024,675,Jeff Wilson,MIA,RB,"$2,398,676"
675,nfl,2024,676,Tyler Guyton,DAL,LT,"$2,391,965"
676,nfl,2024,677,Evan McPherson,CIN,K,"$2,390,928"
677,nfl,2024,678,Devin Duvernay,JAX,WR,"$2,382,343"
678,nfl,2024,679,Leki Fotu,NYJ,DL/DT,"$2,380,000"
679,nfl,2024,680,Kyler Gordon,CHI,CB,"$2,368,071"
680,nfl,2024,681,Bud Dupree,LAC,ED/OLB,"$2,360,000"
681,nfl,2024,682,Carson Wentz,KC,QB,"$2,354,412"
682,nfl,2024,683,Evan Brown,ARI,G/C,"$2,345,080"
683,nfl,2024,684,Boye Mafe,SEA,LB/OLB,"$2,335,159"
684,nfl,2024,685,Nate Wiggins,BAL,CB,"$2,330,877"
685,nfl,2024,686,Jordan Akins,CLE,TE,"$2,315,000"
686,nfl,2024,687,Kenneth Walker III,SEA,RB,"$2,302,249"
687,nfl,2024,688,David Edwards,BUF,G/T,"$2,295,000"
688,nfl,2024,689,Neville Hewitt,HOU,LB/ILB,"$2,282,352"
689,nfl,2024,690,Jon Feliciano,SF,G,"$2,280,000"
690,nfl,2024,691,Ricky Pearsall,SF,WR,"$2,279,709"
691,nfl,2024,692,Austin Johnson,BUF,DL/DT,"$2,276,666"
692,nfl,2024,693,Miles Killebrew,PIT,S,"$2,255,000"
693,nfl,2024,694,Taven Bryan,IND,DL/DT,"$2,250,000"
694,nfl,2024,,Jonathan Bullard,MIN,DL/DE,"$2,250,000"
695,nfl,2024,,Joshua Dobbs,SF,QB,"$2,250,000"
696,nfl,2024,,Gus Edwards,LAC,RB,"$2,250,000"
697,nfl,2024,,Deshon Elliott,PIT,SS,"$2,250,000"
698,nfl,2024,,Royce Newman,TB,G,"$2,250,000"
699,nfl,2024,,Cordarrelle Patterson,PIT,RB,"$2,250,000"
700,nfl,2024,701,Xavier Legette,CAR,WR,"$2,246,759"
701,nfl,2024,702,Reggie Gilliam,BUF,FB,"$2,232,334"
702,nfl,2024,703,Wan'dale Robinson,NYG,WR,"$2,232,318"
703,nfl,2024,704,Nick Mullens,MIN,QB,"$2,230,000"
704,nfl,2024,705,Tommy Townsend,HOU,P,"$2,225,000"
705,nfl,2024,706,Andrus Peat,LV,G/RT,"$2,210,000"
706,nfl,2024,707,Linval Joseph,DAL,DL/DT,"$2,205,000"
707,nfl,2024,708,John Metchie,HOU,WR,"$2,200,956"
708,nfl,2024,709,Shelby Harris,CLE,DL/DT,"$2,186,315"
709,nfl,2024,710,Joey Porter Jr.,PIT,CB,"$2,185,987"
710,nfl,2024,711,Denzel Perryman,LAC,LB/ILB,"$2,175,000"
711,nfl,2024,712,Emmanuel Moseley,DET,CB,"$2,169,117"
712,nfl,2024,713,Will Levis,TEN,QB,"$2,168,674"
713,nfl,2024,714,David Ojabo,BAL,ED/OLB,"$2,157,033"
714,nfl,2024,715,Azeez Ojulari,NYG,LB/OLB,"$2,155,653"
715,nfl,2024,716,Sam LaPorta,DET,TE,"$2,151,361"
716,nfl,2024,717,Jordan Elliott,SF,DL/DT,"$2,140,000"
717,nfl,2024,718,Nelson Agholor,BAL,WR,"$2,135,000"
718,nfl,2024,719,Braxton Berrios,MIA,WR,"$2,132,352"
719,nfl,2024,720,Montravius Adams,PIT,DL/DT,"$2,125,000"
720,nfl,2024,721,Michael Mayer,LV,TE,"$2,116,738"
721,nfl,2024,722,Jonnu Smith,MIA,TE,"$2,110,000"
722,nfl,2024,723,Josh Paschal,DET,ED/DE,"$2,109,724"
723,nfl,2024,724,Steve Avila,LAR,C,"$2,102,889"
724,nfl,2024,725,DeeJay Dallas,ARI,RB,"$2,083,333"
725,nfl,2024,,Cameron Johnston,PIT,P,"$2,083,333"
726,nfl,2024,727,Derick Hall,SEA,LB/OLB,"$2,071,722"
727,nfl,2024,728,Amen Ogbongbemiga,CHI,LB/OLB,"$2,070,588"
728,nfl,2024,729,Sam Martin,BUF,P,"$2,050,000"
729,nfl,2024,,Thomas Morstead,NYJ,P,"$2,050,000"
730,nfl,2024,731,Corey Ballentine,GB,CB,"$2,048,235"
731,nfl,2024,732,Jeremy Reaves,WAS,S,"$2,045,000"
732,nfl,2024,733,Matthew Bergeron,ATL,G,"$2,040,564"
733,nfl,2024,734,Riley Dixon,DEN,P,"$2,035,000"
734,nfl,2024,735,Wes Schweitzer,NYJ,C,"$2,028,230"
735,nfl,2024,736,Preston Smith,PIT,DL/DE,"$2,023,529"
736,nfl,2024,737,Travis Homer,CHI,RB,"$2,013,400"
737,nfl,2024,738,Dillon Radunz,TEN,C,"$2,013,096"
738,nfl,2024,739,Jaquan Brisker,CHI,SS,"$2,006,056"
739,nfl,2024,740,Calais Campbell,MIA,ED/DE,"$2,000,000"
740,nfl,2024,,Marcedes Lewis,CHI,TE,"$2,000,000"
741,nfl,2024,,Johnny Mundt,MIN,TE,"$2,000,000"
742,nfl,2024,,Derrick Nnadi,KC,DL/DT,"$2,000,000"
743,nfl,2024,,Brandon Powell,MIN,WR,"$2,000,000"
744,nfl,2024,,Isaiah Simmons,NYG,LB/ILB,"$2,000,000"
745,nfl,2024,,Mitchell Trubisky,BUF,QB,"$2,000,000"
746,nfl,2024,,Olisaemeka Udoh,NO,G,"$2,000,000"
747,nfl,2024,748,De'Vondre Campbell,SF,LB/OLB,"$1,998,333"
748,nfl,2024,749,Jordan Poyer,MIA,S,"$1,985,294"
749,nfl,2024,750,Isaiah Foskey,NO,LB/OLB,"$1,985,164"
750,nfl,2024,751,Alexander Mattison,LV,RB,"$1,984,000"
751,nfl,2024,752,Kenny Pickett,PHI,QB,"$1,983,900"
752,nfl,2024,753,Mekhi Becton,PHI,G,"$1,971,176"
753,nfl,2024,754,Dayo Odeyingbo,IND,ED/DE,"$1,965,577"
754,nfl,2024,755,Alontae Taylor,NO,CB,"$1,964,918"
755,nfl,2024,756,Derek Barnett,HOU,ED/DE,"$1,964,705"
756,nfl,2024,757,B.J. Ojulari,ARI,ED/DE,"$1,964,081"
757,nfl,2024,758,Johnathan Hankins,SEA,DL/DT,"$1,960,000"
758,nfl,2024,759,Siran Neal,MIA,S,"$1,950,000"
759,nfl,2024,760,Mitch Wishnowsky,SF,P,"$1,945,000"
760,nfl,2024,761,Luke Musgrave,GB,TE,"$1,926,303"
761,nfl,2024,762,Blake Brandel,MIN,G,"$1,916,666"
762,nfl,2024,763,Ernest Jones,SEA,LB/ILB,"$1,904,221"
763,nfl,2024,764,Adam Butler,LV,DL/DT,"$1,900,000"
764,nfl,2024,,Isaac Yiadom,SF,CB,"$1,900,000"
765,nfl,2024,766,Joe Tippmann,NYJ,C,"$1,899,909"
766,nfl,2024,767,David Quessenberry,MIN,RT/G,"$1,885,000"
767,nfl,2024,768,Cam Jurgens,PHI,C,"$1,882,643"
768,nfl,2024,769,TuTu Atwell,LAR,WR,"$1,880,040"
769,nfl,2024,770,Dean Lowry,PIT,DL/DE,"$1,875,000"
770,nfl,2024,,Jonathan Owens,CHI,SS,"$1,875,000"
771,nfl,2024,772,Jordan Hicks,CLE,LB/ILB,"$1,868,000"
772,nfl,2024,773,Julius Brents,IND,CB,"$1,862,940"
773,nfl,2024,774,Ameer Abdullah,LV,RB,"$1,850,000"
774,nfl,2024,,Jeremiah Ledbetter,JAX,ED/DE,"$1,850,000"
775,nfl,2024,,Cedrick Wilson,NO,WR,"$1,850,000"
776,nfl,2024,777,George Pickens,PIT,WR,"$1,841,503"
777,nfl,2024,778,Greg Zuerlein,NYJ,K,"$1,835,058"
778,nfl,2024,779,Keon Coleman,BUF,WR,"$1,831,683"
779,nfl,2024,780,Chuck Clark,NYJ,S,"$1,830,000"
780,nfl,2024,781,Brian Branch,DET,S,"$1,823,120"
781,nfl,2024,782,Ladd McConkey,LAC,WR,"$1,817,306"
782,nfl,2024,783,Jerome Baker,TEN,LB/ILB,"$1,810,971"
783,nfl,2024,784,Ray-Ray McCloud,ATL,WR,"$1,805,000"
784,nfl,2024,785,Ruke Orhorhoro,ATL,DL/DT,"$1,802,932"
785,nfl,2024,786,Alec Pierce,IND,WR,"$1,800,366"
786,nfl,2024,787,Dan Feeney,MIN,C,"$1,800,000"
787,nfl,2024,788,Robert Jones,MIA,G,"$1,794,117"
788,nfl,2024,789,Troy Dye,LAC,LB/ILB,"$1,790,000"
789,nfl,2024,,Poona Ford,LAC,DL/DE,"$1,790,000"
790,nfl,2024,,Benito Jones,MIA,DL/DT,"$1,790,000"
791,nfl,2024,,Josh Jones,BAL,G,"$1,790,000"
792,nfl,2024,,Trent Sherfield,MIN,WR,"$1,790,000"
793,nfl,2024,,Jihad Ward,MIN,ED/OLB,"$1,790,000"
794,nfl,2024,795,Michael Deiter,WAS,G,"$1,785,000"
795,nfl,2024,796,Johnny Newton,WAS,DL/DT,"$1,774,180"
796,nfl,2024,797,Keion White,NE,LB/OLB,"$1,770,491"
797,nfl,2024,798,Jameis Winston,CLE,QB,"$1,768,000"
798,nfl,2024,799,Brock Wright,DET,TE,"$1,764,000"
799,nfl,2024,800,Ja'Lynn Polk,NE,WR,"$1,762,681"
800,nfl,2024,801,Kyle Trask,TB,QB,"$1,761,244"
801,nfl,2024,802,Skyy Moore,KC,WR,"$1,759,228"
802,nfl,2024,803,Maurice Hurst,CLE,DL/DT,"$1,740,000"
803,nfl,2024,804,T'Vondre Sweat,TEN,DL/DT,"$1,736,807"
804,nfl,2024,805,Jartavius Martin,WAS,CB,"$1,735,868"
805,nfl,2024,806,Trey McBride,ARI,TE,"$1,728,170"
806,nfl,2024,807,Trystan Colon-Castillo,ARI,C,"$1,727,941"
807,nfl,2024,808,Braden Fiske,LAR,DL/DE,"$1,710,931"
808,nfl,2024,809,Adoree' Jackson,NYG,CB,"$1,705,882"
809,nfl,2024,810,Zay Jones,ARI,WR,"$1,703,373"
810,nfl,2024,811,Cody Mauch,TB,G,"$1,701,240"
811,nfl,2024,812,Daniel Thomas,JAX,S,"$1,700,735"
812,nfl,2024,813,Cooper DeJean,PHI,CB,"$1,687,931"
813,nfl,2024,814,Luke Goedeke,TB,RT,"$1,685,178"
814,nfl,2024,815,Kentavius Street,ATL,DL/DE,"$1,685,000"
815,nfl,2024,816,Daniel Ekuale,NE,DL/DT,"$1,680,000"
816,nfl,2024,817,Jake Bailey,MIA,P,"$1,675,000"
817,nfl,2024,818,Khyiris Tonga,ARI,DL/DT,"$1,670,000"
818,nfl,2024,819,Keeanu Benton,PIT,DL/DT,"$1,666,619"
819,nfl,2024,820,Kool-Aid McKinstry,NO,CB,"$1,664,929"
820,nfl,2024,821,Troy Andersen,ATL,LB/ILB,"$1,664,610"
821,nfl,2024,822,Joseph Ossai,CIN,ED/DE,"$1,652,196"
822,nfl,2024,823,Kamari Lassiter,HOU,CB,"$1,639,054"
823,nfl,2024,824,Ed Ingram,MIN,G,"$1,635,813"
824,nfl,2024,825,Jayden Reed,GB,WR,"$1,631,995"
825,nfl,2024,826,Cam Taylor-Britt,CIN,CB,"$1,623,471"
826,nfl,2024,827,Mario Edwards,HOU,DL/DT,"$1,621,764"
827,nfl,2024,828,Eric Murray,HOU,S,"$1,620,588"
828,nfl,2024,829,Avonte Maddox,PHI,CB,"$1,617,644"
829,nfl,2024,830,Max Melton,ARI,CB,"$1,616,056"
830,nfl,2024,831,Drake Jackson,SF,ED/DE,"$1,607,016"
831,nfl,2024,832,Rondale Moore,ATL,WR,"$1,604,215"
832,nfl,2024,833,Zack Baun,PHI,LB/OLB,"$1,600,000"
833,nfl,2024,,Blake Gillikin,ARI,P,"$1,600,000"
834,nfl,2024,835,Cam Smith,MIA,CB,"$1,597,369"
835,nfl,2024,836,Bryan Cook,KC,FS,"$1,594,674"
836,nfl,2024,837,Jackson Powers-Johnson,LV,G,"$1,594,138"
837,nfl,2024,838,James Cook,BUF,RB,"$1,590,562"
838,nfl,2024,839,Malcolm Koonce,LV,DL/DE,"$1,590,260"
839,nfl,2024,840,Cameron Dicker,LAC,K,"$1,585,000"
840,nfl,2024,,Isaiah Wynn,MIA,G,"$1,585,000"
841,nfl,2024,842,Nik Bonitto,DEN,ED/OLB,"$1,582,334"
842,nfl,2024,843,Dyami Brown,WAS,WR,"$1,573,090"
843,nfl,2024,844,Jahan Dotson,PHI,WR,"$1,573,082"
844,nfl,2024,845,Chauncey Golston,DAL,DL/DT,"$1,564,369"
845,nfl,2024,846,Edgerrin Cooper,GB,LB/ILB,"$1,563,440"
846,nfl,2024,847,Zach Charbonnet,SEA,RB,"$1,562,745"
847,nfl,2024,848,Corey Bojorquez,CLE,P,"$1,562,500"
848,nfl,2024,849,Baron Browning,ARI,LB/OLB,"$1,558,000"
849,nfl,2024,850,Joe Cardona,NE,LS,"$1,553,000"
850,nfl,2024,851,Chris Conley,SF,WR,"$1,550,000"
851,nfl,2024,852,Patrick Jones,MIN,ED/OLB,"$1,549,578"
852,nfl,2024,853,Brandon Allen,SF,QB,"$1,540,000"
853,nfl,2024,854,Kris Boyd,HOU,CB,"$1,538,235"
854,nfl,2024,855,Jonathon Brooks,CAR,RB,"$1,530,378"
855,nfl,2024,856,Gervon Dexter,CHI,DL/DT,"$1,528,120"
856,nfl,2024,857,Ben Cleveland,BAL,G,"$1,500,461"
857,nfl,2024,858,Luke Fortner,JAX,C,"$1,500,018"
858,nfl,2024,859,Devin Bush,CLE,LB/OLB,"$1,500,000"
859,nfl,2024,,Chase Edmonds,TB,RB,"$1,500,000"
860,nfl,2024,,Arthur Maulet,BAL,CB,"$1,500,000"
861,nfl,2024,,Samaje Perine,KC,RB,"$1,500,000"
862,nfl,2024,,K'Von Wallace,SEA,S,"$1,500,000"
863,nfl,2024,864,Nicholas Petit-Frere,TEN,RT,"$1,497,379"
864,nfl,2024,865,Brian Asamoah,MIN,LB/ILB,"$1,496,413"
865,nfl,2024,866,Joshua Ezeudu,NYG,LT,"$1,496,052"
866,nfl,2024,867,Tuli Tuipulotu,LAC,ED/OLB,"$1,493,496"
867,nfl,2024,868,Martin Emerson,CLE,CB,"$1,492,170"
868,nfl,2024,869,Tyler Nubin,NYG,S,"$1,486,676"
869,nfl,2024,870,Sam Williams,DAL,ED/DE,"$1,485,717"
870,nfl,2024,871,Cam Lewis,BUF,CB,"$1,481,500"
871,nfl,2024,872,Chad Muma,JAX,LB/ILB,"$1,479,848"
872,nfl,2024,873,Rashee Rice,KC,WR,"$1,476,184"
873,nfl,2024,874,Elijah Campbell,MIA,S,"$1,475,000"
874,nfl,2024,875,Abraham Lucas,SEA,RT,"$1,470,458"
875,nfl,2024,876,Dawuane Smoot,BUF,ED/DE,"$1,468,000"
876,nfl,2024,877,Tyrique Stevenson,CHI,CB,"$1,465,795"
877,nfl,2024,878,Jelani Woods,IND,TE,"$1,465,220"
878,nfl,2024,879,Brenden Schooler,NE,S,"$1,465,000"
879,nfl,2024,880,Josh Harris,LAC,LS,"$1,460,000"
880,nfl,2024,881,Christian Harris,HOU,LB/OLB,"$1,458,613"
881,nfl,2024,882,Maason Smith,JAX,ED/DE,"$1,457,927"
882,nfl,2024,883,Nick Moore,BAL,LS,"$1,455,000"
883,nfl,2024,884,John Michael Schmitz,NYG,C,"$1,448,485"
884,nfl,2024,885,Travis Jones,BAL,DL/DT,"$1,446,417"
885,nfl,2024,886,Bernhard Raimann,IND,LT,"$1,445,990"
886,nfl,2024,887,Alex Wright,CLE,ED/DE,"$1,443,702"
887,nfl,2024,888,Dare Ogunbowale,HOU,RB,"$1,441,176"
888,nfl,2024,,Tavierre Thomas,TB,CB,"$1,441,176"
889,nfl,2024,890,Luke Rhodes,IND,LS,"$1,430,000"
890,nfl,2024,891,Cordale Flott,NYG,CB,"$1,429,594"
891,nfl,2024,892,Kris Jenkins,CIN,DL/DT,"$1,429,175"
892,nfl,2024,893,Trenton Scott,WAS,RT,"$1,427,500"
893,nfl,2024,894,Ifeatu Melifonwu,DET,CB,"$1,427,155"
894,nfl,2024,895,DeAngelo Malone,ATL,LB/ILB,"$1,426,250"
895,nfl,2024,896,Luke Schoonmaker,DAL,TE,"$1,424,247"
896,nfl,2024,897,Nakobe Dean,PHI,LB/ILB,"$1,419,447"
897,nfl,2024,898,Tyler Ott,WAS,LS,"$1,418,333"
898,nfl,2024,899,DeMarvin Leal,PIT,DL/DE,"$1,414,608"
899,nfl,2024,900,O'Cyrus Torrence,BUF,G,"$1,413,859"
900,nfl,2024,901,Marcus Jones,NE,CB,"$1,411,896"
901,nfl,2024,902,Zach Wood,NO,LS,"$1,410,000"
902,nfl,2024,903,Jalen Tolbert,DAL,WR,"$1,400,651"
903,nfl,2024,904,Mike Sainristil,WAS,CB,"$1,400,425"
904,nfl,2024,905,D.J. Turner,CIN,CB,"$1,400,010"
905,nfl,2024,906,Khalil Dorsey,DET,CB,"$1,400,000"
906,nfl,2024,,Christian Rozeboom,LAR,LB/ILB,"$1,400,000"
907,nfl,2024,908,Terrel Bernard,BUF,LB/ILB,"$1,399,872"
908,nfl,2024,909,Dylan Parham,LV,G,"$1,399,481"
909,nfl,2024,910,Rachaad White,TB,RB,"$1,399,091"
910,nfl,2024,911,Sean Rhyan,GB,G,"$1,397,142"
911,nfl,2024,912,Nick Harris,CLE,C,"$1,395,000"
912,nfl,2024,913,Roy Robertson-Harris,SEA,DL/DT,"$1,392,156"
913,nfl,2024,914,Brenton Strange,JAX,TE,"$1,389,621"
914,nfl,2024,915,Juice Scruggs,HOU,C,"$1,386,160"
915,nfl,2024,916,Thomas Hennessy,NYJ,LS,"$1,385,000"
916,nfl,2024,917,Charley Hughlett,CLE,LS,"$1,383,000"
917,nfl,2024,918,Nick Cross,IND,S,"$1,381,538"
918,nfl,2024,919,Marvin Mims,DEN,WR,"$1,379,235"
919,nfl,2024,920,Jourdan Lewis,DAL,CB,"$1,377,500"
920,nfl,2024,921,Leo Chenal,KC,LB/OLB,"$1,375,884"
921,nfl,2024,,Jeremy Ruckert,NYJ,TE,"$1,375,884"
922,nfl,2024,,Channing Tindall,MIA,LB/ILB,"$1,375,884"
923,nfl,2024,924,Kerby Joseph,DET,SS,"$1,375,883"
924,nfl,2024,,Brian Robinson,WAS,RB,"$1,375,883"
925,nfl,2024,926,Iosua Opeta,TB,G,"$1,375,000"
926,nfl,2024,,Austin Schlottmann,NYG,C,"$1,375,000"
927,nfl,2024,928,Zach Frazier,PIT,C,"$1,371,675"
928,nfl,2024,929,Nyheim Miller-Hines,CLE,RB,"$1,370,000"
929,nfl,2024,930,JaMycal Hasty,NE,RB,"$1,367,055"
930,nfl,2024,931,Reed Blankenship,PHI,FS,"$1,356,667"
931,nfl,2024,932,Cody Ford,CIN,G,"$1,350,000"
932,nfl,2024,,Caleb Johnson,JAX,LB/ILB,"$1,350,000"
933,nfl,2024,934,Adonai Mitchell,IND,WR,"$1,342,925"
934,nfl,2024,935,Andrew DePaola,MIN,LS,"$1,341,666"
935,nfl,2024,936,Hunter Long,LAR,TE,"$1,337,551"
936,nfl,2024,937,Braden Mann,PHI,P,"$1,325,000"
937,nfl,2024,938,Kendrick Green,HOU,C,"$1,324,878"
938,nfl,2024,939,Ben Sinnott,WAS,TE,"$1,314,173"
939,nfl,2024,940,Jamison Crowder,WAS,WR,"$1,310,000"
940,nfl,2024,941,Zacch Pickens,CHI,DL/DT,"$1,309,952"
941,nfl,2024,942,Tyler Steen,PHI,T,"$1,306,919"
942,nfl,2024,943,Sydney Brown,PHI,S,"$1,305,767"
943,nfl,2024,944,Justin Strnad,DEN,LB/ILB,"$1,305,000"
944,nfl,2024,945,Drew Sanders,DEN,LB/ILB,"$1,303,347"
945,nfl,2024,946,Brevin Jordan,HOU,TE,"$1,301,866"
946,nfl,2024,947,Taybor Pepper,SF,LS,"$1,300,000"
947,nfl,2024,,Jon Rhattigan,CAR,LB/ILB,"$1,300,000"
948,nfl,2024,949,Hendon Hooker,DET,QB,"$1,299,778"
949,nfl,2024,950,Tank Dell,HOU,WR,"$1,292,978"
950,nfl,2024,951,Ashtyn Davis,NYJ,S,"$1,292,500"
951,nfl,2024,,A.J. Dillon,GB,RB,"$1,292,500"
952,nfl,2024,,Demetrius Flannigan-Fowles,SF,LB/ILB,"$1,292,500"
953,nfl,2024,,Malik Harrison,BAL,LB/ILB,"$1,292,500"
954,nfl,2024,,Easton Stick,LAC,QB,"$1,292,500"
955,nfl,2024,,Nick Westbrook,TEN,WR,"$1,292,500"
956,nfl,2024,,Tershawn Wharton,KC,DL/DT,"$1,292,500"
957,nfl,2024,,Rock Ya-Sin,SF,CB,"$1,292,500"
958,nfl,2024,959,Michael Hall,CLE,DL/DT,"$1,285,423"
959,nfl,2024,960,Kendre Miller,NO,RB,"$1,285,073"
960,nfl,2024,961,Ross Matiscik,JAX,LS,"$1,285,000"
961,nfl,2024,962,Garrett Williams,ARI,CB,"$1,280,666"
962,nfl,2024,963,Jalin Hyatt,NYG,WR,"$1,278,480"
963,nfl,2024,964,Cedric Tillman,CLE,WR,"$1,275,105"
964,nfl,2024,965,Wanya Morris,KC,LT,"$1,270,081"
965,nfl,2024,966,Zach Harrison,ATL,DL/DE,"$1,265,556"
966,nfl,2024,967,Marte Mapu,NE,LB/ILB,"$1,264,479"
967,nfl,2024,968,Eric Saubert,SF,TE,"$1,263,162"
968,nfl,2024,969,Byron Young,LAR,ED/OLB,"$1,262,879"
969,nfl,2024,970,Tucker Kraft,GB,TE,"$1,258,621"
970,nfl,2024,971,Patrick Paul,MIA,LT,"$1,256,672"
971,nfl,2024,972,Rico Dowdle,DAL,RB,"$1,255,000"
972,nfl,2024,,Justin Skule,TB,LT,"$1,255,000"
973,nfl,2024,974,Josh Downs,IND,WR,"$1,254,650"
974,nfl,2024,975,James Hudson,CLE,RT,"$1,253,104"
975,nfl,2024,976,Cameron Sample,CIN,ED/DE,"$1,252,036"
976,nfl,2024,977,D.J. Johnson,CAR,ED/OLB,"$1,250,679"
977,nfl,2024,978,Tyjae Spears,TEN,RB,"$1,247,867"
978,nfl,2024,979,Bobby Brown,LAR,DL/DT,"$1,244,133"
979,nfl,2024,980,Chris Rumph II,LAC,ED/OLB,"$1,243,386"
980,nfl,2024,981,Marshawn Kneeland,DAL,ED/DE,"$1,242,299"
981,nfl,2024,982,YaYa Diaby,TB,ED/OLB,"$1,242,139"
982,nfl,2024,983,Tyrel Dodson,MIA,LB/ILB,"$1,240,000"
983,nfl,2024,984,Riley Moss,DEN,CB,"$1,238,065"
984,nfl,2024,985,Devon Achane,MIA,RB,"$1,235,784"
985,nfl,2024,986,Rashid Shaheed,NO,WR,"$1,235,000"
986,nfl,2024,987,Chris Braswell,TB,ED/OLB,"$1,233,672"
987,nfl,2024,988,Daiyan Henley,LAC,LB/ILB,"$1,231,914"
988,nfl,2024,989,Trenton Simpson,BAL,LB/ILB,"$1,229,020"
989,nfl,2024,990,Tylan Wallace,BAL,WR,"$1,226,341"
990,nfl,2024,991,Ji'Ayir Brown,SF,SS,"$1,226,320"
991,nfl,2024,992,Tank Bigsby,JAX,RB,"$1,225,663"
992,nfl,2024,993,Kobie Turner,LAR,DL/DT,"$1,225,335"
993,nfl,2024,994,DeMarvion Overshown,DAL,LB/OLB,"$1,225,006"
994,nfl,2024,995,Fred Johnson,PHI,LT,"$1,225,000"
995,nfl,2024,996,Dorian Williams,BUF,LB,"$1,223,365"
996,nfl,2024,997,Danny Pinter,IND,C,"$1,222,500"
997,nfl,2024,998,Tre'Davious White,BAL,CB,"$1,220,588"
998,nfl,2024,999,Javon Bullard,GB,S,"$1,219,297"
999,nfl,2024,1000,Darnell Washington,PIT,TE,"$1,216,798"
1000,nfl,2024,1001,Tre Brown,SEA,CB,"$1,215,166"
1001,nfl,2024,1002,Michael Wilson,ARI,WR,"$1,213,514"
1002,nfl,2024,1003,Reid Ferguson,BUF,LS,"$1,212,500"
1003,nfl,2024,1004,Jordan Battle,CIN,S,"$1,210,231"
1004,nfl,2024,1005,Vonn Bell,CIN,S,"$1,210,000"
1005,nfl,2024,,Noah Brown,WAS,WR,"$1,210,000"
1006,nfl,2024,,Taylor Heinicke,LAC,QB,"$1,210,000"
1007,nfl,2024,,JuJu Smith-Schuster,KC,WR,"$1,210,000"
1008,nfl,2024,,Laken Tomlinson,SEA,G,"$1,210,000"
1009,nfl,2024,,Russell Wilson,PIT,QB,"$1,210,000"
1010,nfl,2024,1011,Mekhi Blackmon,MIN,CB,"$1,205,474"
1011,nfl,2024,,Brodric Martin,DET,DL/DT,"$1,205,474"
1012,nfl,2024,,Tre Tucker,LV,WR,"$1,205,474"
1013,nfl,2024,1014,Jake Moody,SF,K,"$1,205,473"
1014,nfl,2024,1015,Blake Fisher,HOU,LT,"$1,199,169"
1015,nfl,2024,1016,Cade Otton,TB,TE,"$1,193,486"
1016,nfl,2024,1017,Greg Dulcich,NYG,TE,"$1,193,184"
1017,nfl,2024,1018,Kevin Givens,SF,DL/DT,"$1,192,500"
1018,nfl,2024,1019,Cole Bishop,BUF,S,"$1,190,545"
1019,nfl,2024,1020,Dameon Pierce,HOU,RB,"$1,188,858"
1020,nfl,2024,1021,Nick Saldiveri,NO,G,"$1,188,571"
1021,nfl,2024,1022,Coby Bryant,SEA,S,"$1,186,951"
1022,nfl,2024,1023,Daniel Faalele,BAL,RT,"$1,185,085"
1023,nfl,2024,1024,Max Mitchell,NYJ,G,"$1,184,006"
1024,nfl,2024,1025,Daniel Bellinger,NYG,TE,"$1,183,276"
1025,nfl,2024,1026,Percy Butler,WAS,FS,"$1,182,254"
1026,nfl,2024,1027,Dane Belton,NYG,S,"$1,181,122"
1027,nfl,2024,1028,D'ante Smith,CIN,LT,"$1,179,836"
1028,nfl,2024,1029,Damarri Mathis,DEN,CB,"$1,179,741"
1029,nfl,2024,1030,Ennis Rakestraw,DET,CB,"$1,179,045"
1030,nfl,2024,1031,Eyioma Uwazurike,DEN,DL/DE,"$1,176,467"
1031,nfl,2024,1032,Micheal Clemons,NYJ,ED/DE,"$1,176,024"
1032,nfl,2024,1033,Malik Willis,GB,QB,"$1,174,100"
1033,nfl,2024,1034,Zamir White,LV,RB,"$1,170,983"
1034,nfl,2024,1035,Roger Rosengarten,BAL,RT,"$1,170,421"
1035,nfl,2024,1036,Kingsley Suamataia,KC,LT,"$1,167,546"
1036,nfl,2024,1037,Christian Kuntz,PIT,LS,"$1,163,333"
1037,nfl,2024,1038,Mike Pennel,KC,DL/DT,"$1,162,265"
1038,nfl,2024,1039,Renardo Green,SF,CB,"$1,161,795"
1039,nfl,2024,1040,Jake Ferguson,DAL,TE,"$1,161,221"
1040,nfl,2024,,Charlie Kolar,BAL,TE,"$1,161,221"
1041,nfl,2024,1042,Jordan Stout,BAL,P,"$1,159,459"
1042,nfl,2024,1043,Romeo Doubs,GB,WR,"$1,155,979"
1043,nfl,2024,1044,Spencer Burford,SF,G,"$1,153,014"
1044,nfl,2024,1045,Matthew Adams,NYG,LB/ILB,"$1,152,500"
1045,nfl,2024,,Kyle Allen,PIT,QB,"$1,152,500"
1046,nfl,2024,,Michael Badgley,DET,K,"$1,152,500"
1047,nfl,2024,,Chris Board,BAL,LB/ILB,"$1,152,500"
1048,nfl,2024,,Cameron Brown,MIA,LB/ILB,"$1,152,500"
1049,nfl,2024,,Morgan Cox,TEN,LS,"$1,152,500"
1050,nfl,2024,,Michael Dunn,CLE,G,"$1,152,500"
1051,nfl,2024,,William Gholston,TB,DL/DE,"$1,152,500"
1052,nfl,2024,,C.J. Goodwin,DAL,CB,"$1,152,500"
1053,nfl,2024,,Kamu Grugier-Hill,MIN,LB/ILB,"$1,152,500"
1054,nfl,2024,,Antonio Hamilton,ATL,CB,"$1,152,500"
1055,nfl,2024,,Da'shawn Hand,MIA,ED/DE,"$1,152,500"
1056,nfl,2024,,Will Harris,NO,S,"$1,152,500"
1057,nfl,2024,,Deonte Harty,BAL,WR,"$1,152,500"
1058,nfl,2024,,Jaylinn Hawkins,NE,S,"$1,152,500"
1059,nfl,2024,,Khadarel Hodge,ATL,WR,"$1,152,500"
1060,nfl,2024,,Tanner Hudson,CIN,TE,"$1,152,500"
1061,nfl,2024,,Noah Igbinoghene,WAS,CB,"$1,152,500"
1062,nfl,2024,,J.J. Jansen,CAR,LS,"$1,152,500"
1063,nfl,2024,,Van Jefferson,PIT,WR,"$1,152,500"
1064,nfl,2024,,John Johnson,LAR,S,"$1,152,500"
1065,nfl,2024,,Josh Johnson,BAL,QB,"$1,152,500"
1066,nfl,2024,,Ty Johnson,BUF,RB,"$1,152,500"
1067,nfl,2024,,Casey Kreiter,NYG,LS,"$1,152,500"
1068,nfl,2024,,Chris Manhertz,NYG,TE,"$1,152,500"
1069,nfl,2024,,Jake Martin,CHI,ED/DE,"$1,152,500"
1070,nfl,2024,,Rodney McLeod,CLE,S,"$1,152,500"
1071,nfl,2024,,Storm Norton,ATL,RT,"$1,152,500"
1072,nfl,2024,,Gunner Olszewski,NYG,WR,"$1,152,500"
1073,nfl,2024,,Matt Peart,DEN,LT,"$1,152,500"
1074,nfl,2024,,Patrick Scales,CHI,LS,"$1,152,500"
1075,nfl,2024,,Nick Scott,CAR,SS,"$1,152,500"
1076,nfl,2024,,Trent Sieg,DAL,LS,"$1,152,500"
1077,nfl,2024,,James Smith-Williams,ATL,DL/DE,"$1,152,500"
1078,nfl,2024,,Aaron Stinnie,NYG,G,"$1,152,500"
1079,nfl,2024,,Brent Urban,BAL,DL/DE,"$1,152,500"
1080,nfl,2024,,Kindle Vildor,DET,CB,"$1,152,500"
1081,nfl,2024,,Anthony Walker Jr.,MIA,LB/ILB,"$1,152,500"
1082,nfl,2024,,Jon Weeks,HOU,LS,"$1,152,500"
1083,nfl,2024,,Eric Wilson,GB,LB/ILB,"$1,152,500"
1084,nfl,2024,,James Winchester,KC,LS,"$1,152,500"
1085,nfl,2024,1086,Joshua Williams,KC,CB,"$1,151,565"
1086,nfl,2024,1087,Cordell Volson,CIN,G,"$1,149,221"
1087,nfl,2024,1088,Luke Farrell,JAX,TE,"$1,144,505"
1088,nfl,2024,1089,Jamien Sherwood,NYJ,S,"$1,143,714"
1089,nfl,2024,1090,Ta'Quon Graham,ATL,DL/DE,"$1,142,653"
1090,nfl,2024,1091,Kenneth Gainwell,PHI,RB,"$1,138,882"
1091,nfl,2024,1092,Jaylon Moore,SF,LT,"$1,135,758"
1092,nfl,2024,1093,Isaiahh Loudermilk,PIT,DL/DE,"$1,135,072"
1093,nfl,2024,1094,Joe Bachie,CIN,LB/ILB,"$1,135,000"
1094,nfl,2024,,D’Ernest Johnson,JAX,RB,"$1,135,000"
1095,nfl,2024,,Olamide Zaccheaus,WAS,WR,"$1,135,000"
1096,nfl,2024,1097,Brenden Jaimes,LAC,OL,"$1,134,445"
1097,nfl,2024,1098,Tommy Doyle,BUF,LT,"$1,133,931"
1098,nfl,2024,1099,Ross Dwelley,ATL,TE,"$1,131,323"
1099,nfl,2024,1100,JK Dobbins,LAC,RB,"$1,130,000"
1100,nfl,2024,,Tyler Johnson,LAR,WR,"$1,130,000"
1101,nfl,2024,,Adam Prentice,NO,FB,"$1,130,000"
1102,nfl,2024,1103,Joey Slye,NE,K,"$1,127,500"
1103,nfl,2024,1104,Ben Bartch,SF,G,"$1,125,000"
1104,nfl,2024,,Jacob Bobenmoyer,LV,LS,"$1,125,000"
1105,nfl,2024,,Oren Burks,PHI,LB/ILB,"$1,125,000"
1106,nfl,2024,,Andre Dillard,GB,RT,"$1,125,000"
1107,nfl,2024,,Greg Dortch,ARI,WR,"$1,125,000"
1108,nfl,2024,,Blake Ferguson,MIA,LS,"$1,125,000"
1109,nfl,2024,,D'Onta Foreman,CLE,RB,"$1,125,000"
1110,nfl,2024,,Sam Franklin,CAR,S,"$1,125,000"
1111,nfl,2024,,Hayden Hurst,LAC,TE,"$1,125,000"
1112,nfl,2024,,David Moore,CAR,WR,"$1,125,000"
1113,nfl,2024,,Matthew Orzech,GB,LS,"$1,125,000"
1114,nfl,2024,,Craig Reynolds,DET,RB,"$1,125,000"
1115,nfl,2024,1116,K.J. Britt,TB,LB/ILB,"$1,121,574"
1116,nfl,2024,1117,Jakorian Bennett,LV,CB,"$1,120,899"
1117,nfl,2024,1118,Kelee Ringo,PHI,CB,"$1,120,231"
1118,nfl,2024,1119,Blake Freeland,IND,RT,"$1,118,970"
1119,nfl,2024,1120,Anthony Bradford,SEA,G,"$1,115,996"
1120,nfl,2024,1121,Dylan Horton,HOU,ED/DE,"$1,115,259"
1121,nfl,2024,1122,Avery Williams,ATL,RB,"$1,115,038"
1122,nfl,2024,1123,Adetomiwa Adebawore,IND,DL/DT,"$1,114,227"
1123,nfl,2024,1124,Dawand Jones,CLE,RT,"$1,113,083"
1124,nfl,2024,1125,Calvin Austin,PIT,WR,"$1,111,085"
1125,nfl,2024,,Decobie Durant,LAR,CB,"$1,111,085"
1126,nfl,2024,,Isaiah Likely,BAL,TE,"$1,111,085"
1127,nfl,2024,,Chig Okonkwo,TEN,TE,"$1,111,085"
1128,nfl,2024,,Zach Tom,GB,RT,"$1,111,085"
1129,nfl,2024,1130,Nick Niemann,LAC,LB/ILB,"$1,108,501"
1130,nfl,2024,1131,Clark Phillips III,ATL,CB,"$1,108,382"
1131,nfl,2024,1132,Chandler Zavala,CAR,G,"$1,107,934"
1132,nfl,2024,1133,Roschon Johnson,CHI,RB,"$1,107,172"
1133,nfl,2024,1134,Colby Wooden,GB,DL/DT,"$1,106,982"
1134,nfl,2024,1135,Sidy Sow,NE,G,"$1,106,028"
1135,nfl,2024,1136,Trey Benson,ARI,RB,"$1,105,127"
1136,nfl,2024,1137,Malachi Corley,NYJ,WR,"$1,104,265"
1137,nfl,2024,1138,Chamarri Conner,KC,CB,"$1,102,842"
1138,nfl,2024,1139,Brandon Coleman,WAS,LT,"$1,101,495"
1139,nfl,2024,1140,Carter Warren,NYJ,RT,"$1,101,080"
1140,nfl,2024,1141,Elijah Mitchell,SF,RB,"$1,100,892"
1141,nfl,2024,1142,River Cracraft,MIA,WR,"$1,100,000"
1142,nfl,2024,1143,Brandin Echols,NYJ,CB,"$1,098,545"
1143,nfl,2024,1144,Chris Evans,CIN,RB,"$1,098,222"
1144,nfl,2024,1145,Landon Young,NO,LT,"$1,097,445"
1145,nfl,2024,1146,Stone Forsythe,SEA,LT,"$1,096,656"
1146,nfl,2024,1147,Kenny Yeboah,NYJ,TE,"$1,095,982"
1147,nfl,2024,1148,Junior Colson,LAC,LB/ILB,"$1,095,819"
1148,nfl,2024,1149,Victor Dimukeje,ARI,LB/OLB,"$1,095,465"
1149,nfl,2024,1150,Tavius Robinson,BAL,ED/OLB,"$1,095,141"
1150,nfl,2024,1151,Damar Hamlin,BUF,S,"$1,095,119"
1151,nfl,2024,1152,Derius Davis,LAC,WR,"$1,092,983"
1152,nfl,2024,,Isaiah McGuire,CLE,ED/DE,"$1,092,983"
1153,nfl,2024,1154,Matt Hennessy,SF,G,"$1,092,500"
1154,nfl,2024,1155,Jake Haener,NO,QB,"$1,091,204"
1155,nfl,2024,1156,Andru Phillips,NYG,CB,"$1,090,171"
1156,nfl,2024,1157,Sam Ehlinger,IND,QB,"$1,087,677"
1157,nfl,2024,,Isaiah McDuffie,GB,LB/OLB,"$1,087,677"
1158,nfl,2024,,Israel Mukuamu,DAL,CB,"$1,087,677"
1159,nfl,2024,1160,Tyler Lacy,JAX,ED/DE,"$1,086,781"
1160,nfl,2024,1161,Isaiah Adams,ARI,T,"$1,086,323"
1161,nfl,2024,1162,Trevis Gipson,SEA,LB/OLB,"$1,085,000"
1162,nfl,2024,1163,Charlie Jones,CIN,WR,"$1,084,694"
1163,nfl,2024,1164,Trevin Wallace,CAR,LB/ILB,"$1,083,606"
1164,nfl,2024,1165,Nick Herbig,PIT,ED/OLB,"$1,083,230"
1165,nfl,2024,1166,Tyler Scott,CHI,WR,"$1,080,863"
1166,nfl,2024,1167,Cooper Beebe,DAL,C,"$1,079,949"
1167,nfl,2024,1168,Jay Ward,MIN,CB,"$1,078,386"
1168,nfl,2024,1169,Lucas Patrick,NO,C,"$1,077,500"
1169,nfl,2024,1170,Kiran Amegadjie,CHI,LT,"$1,075,331"
1170,nfl,2024,1171,Micah McFadden,NYG,LB/ILB,"$1,073,927"
1171,nfl,2024,1172,D.J. Davidson,NYG,ED/DE,"$1,073,529"
1172,nfl,2024,1173,Khalil Shakir,BUF,WR,"$1,071,787"
1173,nfl,2024,1174,Jalyn Armour-Davis,BAL,CB,"$1,071,748"
1174,nfl,2024,1175,Tyler Allgeier,ATL,RB,"$1,068,474"
1175,nfl,2024,1176,Delarrin Turner-Yell,DEN,S,"$1,068,264"
1176,nfl,2024,1177,Tariq Woolen,SEA,CB,"$1,068,054"
1177,nfl,2024,1178,Jonah Elliss,DEN,ED/OLB,"$1,067,402"
1178,nfl,2024,1179,Delmar Glaze,LV,LT,"$1,066,507"
1179,nfl,2024,1180,Jerome Ford,CLE,RB,"$1,065,537"
1180,nfl,2024,1181,Zyon McCollum,TB,CB,"$1,065,433"
1181,nfl,2024,1182,Calen Bullock,HOU,S,"$1,064,909"
1182,nfl,2024,1183,Otito Ogbonnia,LAC,DL/DT,"$1,064,720"
1183,nfl,2024,1184,D'Marco Jackson,NO,LB/ILB,"$1,064,229"
1184,nfl,2024,1185,Kyren Williams,LAR,RB,"$1,062,601"
1185,nfl,2024,1186,Michael Ford,CLE,CB,"$1,062,500"
1186,nfl,2024,,Nick Gates,PHI,C,"$1,062,500"
1187,nfl,2024,1188,Matt Goncalves,IND,LT,"$1,061,643"
1188,nfl,2024,1189,Tycen Anderson,CIN,S,"$1,061,521"
1189,nfl,2024,1190,DaRon Bland,DAL,CB,"$1,061,197"
1190,nfl,2024,1191,Deandre Carter,CHI,WR,"$1,060,000"
1191,nfl,2024,1192,Braxton Jones,CHI,LT,"$1,059,888"
1192,nfl,2024,1193,Ty Chandler,MIN,RB,"$1,059,710"
1193,nfl,2024,1194,Jermaine Burton,CIN,WR,"$1,058,345"
1194,nfl,2024,1195,Luke Wattenberg,DEN,C,"$1,056,930"
1195,nfl,2024,1196,Christian Haynes,SEA,G,"$1,055,048"
1196,nfl,2024,1197,Zayne Anderson,GB,S,"$1,055,000"
1197,nfl,2024,,Quinn Bailey,DEN,RT,"$1,055,000"
1198,nfl,2024,,Simi Fehoko,LAC,WR,"$1,055,000"
1199,nfl,2024,,Jake Hanson,NYJ,G/C,"$1,055,000"
1200,nfl,2024,,Michael Jackson,CAR,CB,"$1,055,000"
1201,nfl,2024,,Roy Lopez,ARI,DL/DT,"$1,055,000"
1202,nfl,2024,,Curtis Robinson,SF,LB/OLB,"$1,055,000"
1203,nfl,2024,,Isaiah Rodgers,PHI,CB,"$1,055,000"
1204,nfl,2024,,Trey Sermon,IND,RB,"$1,055,000"
1205,nfl,2024,,Grant Stuard,IND,LB/OLB,"$1,055,000"
1206,nfl,2024,,Jay Tufele,CIN,DL/DT,"$1,055,000"
1207,nfl,2024,,Marlon Tuipulotu,KC,DL/DT,"$1,055,000"
1208,nfl,2024,,Cole Van Lanen,JAX,RT,"$1,055,000"
1209,nfl,2024,1210,Dominique Robinson,CHI,ED/DE,"$1,053,289"
1210,nfl,2024,1211,Tip Reiman,ARI,TE,"$1,052,711"
1211,nfl,2024,1212,Krys Barnes,ARI,LB,"$1,052,500"
1212,nfl,2024,1213,David Bell,CLE,WR,"$1,051,166"
1213,nfl,2024,1214,Blake Corum,LAR,RB,"$1,047,957"
1214,nfl,2024,1215,Damone Clark,DAL,LB/OLB,"$1,045,638"
1215,nfl,2024,,Kingsley Enagbare,GB,ED/DE,"$1,045,638"
1216,nfl,2024,1217,Roman Wilson,PIT,WR,"$1,044,576"
1217,nfl,2024,1218,Christian Benford,BUF,CB,"$1,043,019"
1218,nfl,2024,1219,Zak Zinter,CLE,G,"$1,042,680"
1219,nfl,2024,1220,Aidan O'Connell,LV,QB,"$1,042,345"
1220,nfl,2024,1221,Dominick Puni,SF,G,"$1,036,463"
1221,nfl,2024,1222,Kyle Hinton,ATL,G,"$1,035,000"
1222,nfl,2024,,Rick Lovato,PHI,LS,"$1,035,000"
1223,nfl,2024,,MyCole Pruitt,PIT,TE,"$1,035,000"
1224,nfl,2024,,Matt Pryor,CHI,G/T,"$1,035,000"
1225,nfl,2024,1226,Marist Liufau,DAL,LB/OLB,"$1,034,821"
1226,nfl,2024,,Marshawn Lloyd,GB,RB,"$1,034,821"
1227,nfl,2024,1228,Tykee Smith,TB,S,"$1,034,003"
1228,nfl,2024,1229,Nick Zakelj,SF,G,"$1,032,589"
1229,nfl,2024,1230,Ty'Ron Hopper,GB,LB/OLB,"$1,032,368"
1230,nfl,2024,1231,Malcolm Rodríguez,DET,LB/ILB,"$1,031,980"
1231,nfl,2024,1232,Amaré Barno,CAR,ED/OLB,"$1,031,351"
1232,nfl,2024,1233,Jalen Nailor,MIN,WR,"$1,030,165"
1233,nfl,2024,1234,Jalen McMillan,TB,WR,"$1,029,641"
1234,nfl,2024,1235,Jamaree Salyer,LAC,RT,"$1,028,982"
1235,nfl,2024,1236,Grant Calcaterra,PHI,TE,"$1,028,536"
1236,nfl,2024,1237,L.J. Collier,ARI,ED/DE,"$1,028,462"
1237,nfl,2024,1238,Adisa Isaac,BAL,ED/OLB,"$1,026,915"
1238,nfl,2024,1239,Jalyx Hunt,PHI,LB/OLB,"$1,024,188"
1239,nfl,2024,1240,Connor Heyward,PIT,TE,"$1,023,806"
1240,nfl,2024,1241,Joshua Uche,KC,LB/OLB,"$1,022,220"
1241,nfl,2024,1242,DeWayne Carter,BUF,DL/DT,"$1,021,463"
1242,nfl,2024,1243,Kalia Davis,SF,DL/DT,"$1,018,004"
1243,nfl,2024,,Derion Kendrick,LAR,CB,"$1,018,004"
1244,nfl,2024,,Ko Kieft,TB,TE,"$1,018,004"
1245,nfl,2024,,Quentin Lake,LAR,S,"$1,018,004"
1246,nfl,2024,1247,Ja'Sir Taylor,LAC,CB,"$1,018,003"
1247,nfl,2024,1248,Jarrian Jones,JAX,CB,"$1,017,511"
1248,nfl,2024,,Kamren Kinchens,LAR,S,"$1,017,511"
1249,nfl,2024,,Luke McCaffrey,WAS,WR,"$1,017,511"
1250,nfl,2024,,Payton Wilson,PIT,LB/ILB,"$1,017,511"
1251,nfl,2024,1252,Montaric Brown,JAX,CB,"$1,013,995"
1252,nfl,2024,1253,Ja'Tavion Sanders,CAR,TE,"$1,013,559"
1253,nfl,2024,1254,Mark Robinson,PIT,LB/ILB,"$1,013,089"
1254,nfl,2024,1255,Chris Paul,WAS,G,"$1,011,111"
1255,nfl,2024,1256,Baylon Spector,BUF,LB/ILB,"$1,010,931"
1256,nfl,2024,1257,Dadrion Taylor-Demerson,ARI,S,"$1,010,414"
1257,nfl,2024,1258,Dareke Young,SEA,WR,"$1,010,275"
1258,nfl,2024,1259,Dan Skipper,DET,LT,"$1,010,000"
1259,nfl,2024,1260,Deane Leonard,LAC,CB,"$1,009,916"
1260,nfl,2024,1261,Thayer Munford Jr.,LV,RT,"$1,009,265"
1261,nfl,2024,1262,Rodney Thomas,IND,FS,"$1,008,846"
1262,nfl,2024,1263,Troy Franklin,DEN,WR,"$1,008,709"
1263,nfl,2024,1264,Elijah Wilkinson,ATL,G,"$1,008,333"
1264,nfl,2024,1265,Layden Robinson,NE,G,"$1,008,018"
1265,nfl,2024,1266,Byron Young,PHI,DL/DT,"$1,007,669"
1266,nfl,2024,1267,Jaylen Watson,KC,CB,"$1,006,343"
1267,nfl,2024,1268,Yasir Abdullah,JAX,LB/OLB,"$1,006,304"
1268,nfl,2024,1269,Rasheed Walker,GB,LT,"$1,005,218"
1269,nfl,2024,1270,Isiah Pacheco,KC,RB,"$1,004,777"
1270,nfl,2024,1271,Justin Eboigbe,LAC,DL/DE,"$1,004,753"
1271,nfl,2024,1272,Elijah Hicks,CHI,CB,"$1,004,252"
1272,nfl,2024,,Brock Purdy,SF,QB,"$1,004,252"
1273,nfl,2024,1274,Theo Johnson,NYG,TE,"$1,002,859"
1274,nfl,2024,1275,Clayton Tune,ARI,QB,"$1,002,656"
1275,nfl,2024,1276,Brandon Dorlus,ATL,DL/DE,"$1,000,599"
1276,nfl,2024,1277,Dorian Thompson-Robinson,CLE,QB,"$1,000,568"
1277,nfl,2024,1278,Cameron Mitchell,CLE,CB,"$999,308"
1278,nfl,2024,1279,Javon Baker,NE,WR,"$999,149"
1279,nfl,2024,1280,Jordan Howden,NO,S,"$996,682"
1280,nfl,2024,1281,Scott Daly,CHI,LS,"$996,389"
1281,nfl,2024,,James Lynch,TEN,DL/DT,"$996,389"
1282,nfl,2024,1283,Ihmir Smith-Marsette,NYG,WR,"$996,387"
1283,nfl,2024,1284,Josh Whyle,TEN,TE,"$996,343"
1284,nfl,2024,1285,Noah Sewell,CHI,LB/OLB,"$996,237"
1285,nfl,2024,1286,Matt Waletzko,DAL,RT,"$995,873"
1286,nfl,2024,1287,Evan Williams,GB,S,"$995,720"
1287,nfl,2024,1288,Decamerion Richardson,LV,CB,"$995,254"
1288,nfl,2024,1289,Joey Blount,ARI,S,"$995,080"
1289,nfl,2024,1290,Colby Sorsdal,DET,RT,"$995,021"
1290,nfl,2024,1291,Kader Kohou,MIA,CB,"$995,000"
1291,nfl,2024,1292,Devontez Walker,BAL,WR,"$994,463"
1292,nfl,2024,1293,Javon Foster,JAX,RT,"$994,266"
1293,nfl,2024,1294,Olu Oluwatimi,SEA,C,"$994,114"
1294,nfl,2024,1295,Darrell Luter Jr.,SF,CB,"$993,378"
1295,nfl,2024,1296,Erick All,CIN,TE,"$993,276"
1296,nfl,2024,1297,Jordan McFadden,LAC,G,"$993,035"
1297,nfl,2024,1298,Jordan Jefferson,JAX,DL/DT,"$990,769"
1298,nfl,2024,1299,Dontayvion Wicks,GB,WR,"$990,637"
1299,nfl,2024,1300,Antonio Johnson,JAX,S,"$990,458"
1300,nfl,2024,1301,Markquese Bell,DAL,S,"$990,000"
1301,nfl,2024,1302,Tanor Bortolini,IND,G,"$989,968"
1302,nfl,2024,1303,Nick Hampton,LAR,ED/OLB,"$989,776"
1303,nfl,2024,1304,Jaylen Warren,PIT,RB,"$989,000"
1304,nfl,2024,1305,Dee Alford,ATL,CB/PR,"$988,500"
1305,nfl,2024,1306,Tony Adams,NYJ,FS,"$988,334"
1306,nfl,2024,,Wesley French,IND,C,"$988,334"
1307,nfl,2024,,Jordan Mason,SF,RB,"$988,334"
1308,nfl,2024,,Luke Masterson,LV,ED/OLB,"$988,334"
1309,nfl,2024,,Ryan Stonehouse,TEN,P,"$988,334"
1310,nfl,2024,1311,Tyrice Knight,SEA,LB/ILB,"$988,140"
1311,nfl,2024,1312,Will Mallory,IND,TE,"$987,648"
1312,nfl,2024,1313,D’Anthony Bell,CLE,S,"$987,500"
1313,nfl,2024,,Jake Hansen,HOU,LB/OLB,"$987,500"
1314,nfl,2024,,Jack Sanborn,CHI,LB/OLB,"$987,500"
1315,nfl,2024,1316,Jake Hummel,LAR,LB/ILB,"$986,667"
1316,nfl,2024,,Stone Smartt,LAC,TE,"$986,667"
1317,nfl,2024,,Ryan Wright,MIN,P,"$986,667"
1318,nfl,2024,1319,Chase Brown,CIN,RB,"$986,539"
1319,nfl,2024,1320,Mason McCormick,PIT,G,"$986,224"
1320,nfl,2024,1321,Jaylon Jones,CHI,S,"$985,834"
1321,nfl,2024,1322,Jaylen Wright,MIA,RB,"$985,005"
1322,nfl,2024,1323,Micah Abernathy,ATL,S,"$985,000"
1323,nfl,2024,,Cal Adomitis,CIN,LS,"$985,000"
1324,nfl,2024,,Kayode Awosika,DET,G,"$985,000"
1325,nfl,2024,,Darrell Baker Jr.,TEN,CB,"$985,000"
1326,nfl,2024,,Quinton Bell,MIA,LB/OLB,"$985,000"
1327,nfl,2024,,Raheem Blackshear,CAR,RB,"$985,000"
1328,nfl,2024,,Josh Blackwell,CHI,CB,"$985,000"
1329,nfl,2024,,Bradley Bozeman,LAC,C/G,"$985,000"
1330,nfl,2024,,Mike Brown,TEN,S,"$985,000"
1331,nfl,2024,,Julius Chestnut,TEN,RB,"$985,000"
1332,nfl,2024,,Jack Cochrane,KC,LB/OLB,"$985,000"
1333,nfl,2024,,Tanner Conner,MIA,WR,"$985,000"
1334,nfl,2024,,Britain Covey,PHI,WR,"$985,000"
1335,nfl,2024,,Trevor Denbow,IND,S,"$985,000"
1336,nfl,2024,,Jeff Driskel,WAS,QB,"$985,000"
1337,nfl,2024,,Sam Eguavoen,NYJ,LB/OLB,"$985,000"
1338,nfl,2024,,Christian Elliss,NE,LB/OLB,"$985,000"
1339,nfl,2024,,Mitchell Fraboni,DEN,LS,"$985,000"
1340,nfl,2024,,Neville Gallimore,LAR,DL/DE,"$985,000"
1341,nfl,2024,,Jack Gibbens,TEN,LB/ILB,"$985,000"
1342,nfl,2024,,Eddie Goldman,ATL,DL/DT,"$985,000"
1343,nfl,2024,,Bryce Hall,TB,CB,"$985,000"
1344,nfl,2024,,Mecole Hardman,KC,WR,"$985,000"
1345,nfl,2024,,Hassan Haskins,LAC,RB,"$985,000"
1346,nfl,2024,,Malik Herring,KC,ED/DE,"$985,000"
1347,nfl,2024,,Brock Hoffman,DAL,C,"$985,000"
1348,nfl,2024,,Darnay Holmes,LV,CB,"$985,000"
1349,nfl,2024,,Sam Howell,SEA,QB,"$985,000"
1350,nfl,2024,,Theo Jackson,MIN,CB,"$985,000"
1351,nfl,2024,,Eric Johnson,NE,DL/DT,"$985,000"
1352,nfl,2024,,Nazeeh Johnson,KC,CB,"$985,000"
1353,nfl,2024,,Jack Jones,LV,CB,"$985,000"
1354,nfl,2024,,Tim Jones,JAX,WR,"$985,000"
1355,nfl,2024,,Vederian Lowe,NE,LT,"$985,000"
1356,nfl,2024,,Jesse Luketa,ARI,LB,"$985,000"
1357,nfl,2024,,Tyler Matakevich,PIT,LB/ILB,"$985,000"
1358,nfl,2024,,Liam McCullough,ATL,LS,"$985,000"
1359,nfl,2024,,Cameron McGrone,IND,LB/OLB,"$985,000"
1360,nfl,2024,,Jeremy McNichols,WAS,RB,"$985,000"
1361,nfl,2024,,Fabian Moreau,MIN,CB,"$985,000"
1362,nfl,2024,,Quintin Morris,BUF,TE,"$985,000"
1363,nfl,2024,,Ryan Neuzil,ATL,C,"$985,000"
1364,nfl,2024,,Xavier Newman-Johnson,NYJ,G,"$985,000"
1365,nfl,2024,,Ben Niemann,DET,LB/OLB,"$985,000"
1366,nfl,2024,,Isaiah Pola-Mao,LV,S,"$985,000"
1367,nfl,2024,,Troy Reeder,LAR,LB/ILB,"$985,000"
1368,nfl,2024,,John Ridgeway,NO,DL/DT,"$985,000"
1369,nfl,2024,,Ronnie Rivers,LAR,RB,"$985,000"
1370,nfl,2024,,Janarius Robinson,LV,DL/DE,"$985,000"
1371,nfl,2024,,J.J. Russell,TB,LB/ILB,"$985,000"
1372,nfl,2024,,Brett Rypien,MIN,QB,"$985,000"
1373,nfl,2024,,Foster Sarell,LAC,LT,"$985,000"
1374,nfl,2024,,Pierre Strong,CLE,RB,"$985,000"
1375,nfl,2024,,Chazz Surratt,NYJ,LB/ILB,"$985,000"
1376,nfl,2024,,Teair Tart,LAC,DL/DT,"$985,000"
1377,nfl,2024,,D.J. Turner,LV,WR,"$985,000"
1378,nfl,2024,,Kavontae Turpin,DAL,WR,"$985,000"
1379,nfl,2024,,Nick Vannett,TEN,TE,"$985,000"
1380,nfl,2024,,Mykal Walker,WAS,LB/OLB,"$985,000"
1381,nfl,2024,,Ar'Darius Washington,BAL,S,"$985,000"
1382,nfl,2024,,Chris Williams,CHI,DL/DT,"$985,000"
1383,nfl,2024,,Trayveon Williams,CIN,RB,"$985,000"
1384,nfl,2024,,Samuel Womack,IND,CB,"$985,000"
1385,nfl,2024,,Oshane Ximines,NE,LB/OLB,"$985,000"
1386,nfl,2024,1387,Terell Smith,CHI,CB,"$983,971"
1387,nfl,2024,1388,A.J. Barner,SEA,TE,"$983,777"
1388,nfl,2024,1389,B.J. Thompson,KC,ED/DE,"$982,913"
1389,nfl,2024,1390,Tory Taylor,CHI,P,"$981,975"
1390,nfl,2024,1391,Cameron Young,SEA,DL/DT,"$980,210"
1391,nfl,2024,1392,Malik Mustapha,SF,S,"$979,734"
1392,nfl,2024,,Cade Stover,HOU,TE,"$979,734"
1393,nfl,2024,1394,Ventrell Miller,JAX,LB/ILB,"$979,234"
1394,nfl,2024,1395,Jon Gaines II,ARI,G,"$978,060"
1395,nfl,2024,1396,Bucky Irving,TB,RB,"$977,888"
1396,nfl,2024,1397,Kei'Trel Clark,ARI,CB,"$977,233"
1397,nfl,2024,1398,Giovanni Manu,DET,LT,"$976,414"
1398,nfl,2024,1399,Davis Allen,LAR,TE,"$976,244"
1399,nfl,2024,,Robert Beal Jr.,SF,ED/DE,"$976,244"
1400,nfl,2024,,Payne Durham,TB,TE,"$976,244"
1401,nfl,2024,,Eric Gray,NYG,RB,"$976,244"
1402,nfl,2024,,Warren McClendon Jr.,LAR,RT,"$976,244"
1403,nfl,2024,,Puka Nacua,LAR,WR,"$976,244"
1404,nfl,2024,,Owen Pappoe,ARI,LB,"$976,244"
1405,nfl,2024,,Asim Richards,DAL,G,"$976,244"
1406,nfl,2024,,Christopher Smith II,LV,S,"$976,244"
1407,nfl,2024,,Henry To'oTo'o,HOU,LB/OLB,"$976,244"
1408,nfl,2024,1409,Will Shipley,PHI,RB,"$974,241"
1409,nfl,2024,1410,Ray Davis,BUF,RB,"$973,297"
1410,nfl,2024,1411,Isaac Guerendo,SF,RB,"$971,132"
1411,nfl,2024,1412,Stetson Bennett,LAR,QB,"$969,785"
1412,nfl,2024,1413,T.J. Tampa,BAL,CB,"$969,614"
1413,nfl,2024,1414,Karl Brooks,GB,DL/DT,"$968,007"
1414,nfl,2024,1415,Jared Wiley,KC,TE,"$967,155"
1415,nfl,2024,1416,Josh Hayes,TB,S,"$966,093"
1416,nfl,2024,1417,Darian Kinnard,PHI,G,"$965,000"
1417,nfl,2024,1418,JL Skinner,DEN,S,"$964,055"
1418,nfl,2024,1419,Parker Washington,JAX,WR,"$963,066"
1419,nfl,2024,1420,Jaelyn Duncan,TEN,RT,"$962,450"
1420,nfl,2024,1421,Kayshon Boutte,NE,WR,"$961,818"
1421,nfl,2024,1422,Tanner McKee,PHI,QB,"$961,630"
1422,nfl,2024,1423,Trey Palmer,TB,WR,"$959,823"
1423,nfl,2024,1424,Bryce Baringer,NE,P,"$959,614"
1424,nfl,2024,1425,Andrew Ogletree,IND,TE,"$959,547"
1425,nfl,2024,1426,Scott Matlock,LAC,FB,"$958,074"
1426,nfl,2024,1427,Jarrett Patterson,HOU,C,"$957,493"
1427,nfl,2024,1428,Dante Stills,ARI,ED/DE,"$957,153"
1428,nfl,2024,1429,Amari Burney,LV,LB/ILB,"$956,279"
1429,nfl,2024,1430,Jarrick Bernard-Converse,NYJ,CB,"$956,278"
1430,nfl,2024,1431,Xavier Hutchinson,HOU,WR,"$955,926"
1431,nfl,2024,1432,Andrei Iosivas,CIN,WR,"$954,846"
1432,nfl,2024,1433,Tre Hawkins III,NYG,CB,"$952,380"
1433,nfl,2024,1434,Deuce Vaughn,DAL,RB,"$948,334"
1434,nfl,2024,,Dee Winters,SF,LB/OLB,"$948,334"
1435,nfl,2024,1436,Demario Douglas,NE,WR,"$948,333"
1436,nfl,2024,1437,McKinnley Jackson,CIN,DL/DT,"$945,288"
1437,nfl,2024,1438,Jaylon Jones,IND,CB,"$943,370"
1438,nfl,2024,1439,Ethan Evans,LAR,P,"$942,001"
1439,nfl,2024,1440,Carrington Valentine,GB,CB,"$940,176"
1440,nfl,2024,1441,Ben Skowronek,PIT,WR,"$937,778"
1441,nfl,2024,1442,Patrick Johnson,NYG,LB/OLB,"$937,776"
1442,nfl,2024,1443,Kenny McIntosh,SEA,RB,"$937,713"
1443,nfl,2024,1444,Josiah Deguara,JAX,TE,"$937,500"
1444,nfl,2024,,Luke Gifford,TEN,LB/ILB,"$937,500"
1445,nfl,2024,1446,Jordon Riley,NYG,DL/DT,"$935,942"
1446,nfl,2024,1447,Jalen Brooks,DAL,WR,"$935,590"
1447,nfl,2024,1448,D.J. Ivey,CIN,CB,"$935,163"
1448,nfl,2024,1449,Moro Ojomo,PHI,ED/DE,"$934,446"
1449,nfl,2024,1450,Spencer Anderson,PIT,G,"$934,444"
1450,nfl,2024,,Alex Forsyth,DEN,C,"$934,444"
1451,nfl,2024,,Desjuan Johnson,LAR,DL/DE,"$934,444"
1452,nfl,2024,1453,Larrell Murchison,LAR,DL/DT,"$931,667"
1453,nfl,2024,1454,Nick Bellore,WAS,FB,"$930,278"
1454,nfl,2024,,Khaleke Hudson,CLE,LB/ILB,"$930,278"
1455,nfl,2024,,Julian Okwara,ARI,LB/OLB,"$930,278"
1456,nfl,2024,1457,Lonnie Johnson,CAR,CB,"$930,274"
1457,nfl,2024,,Brandon Parker,ATL,RT,"$930,274"
1458,nfl,2024,,Kyle Peko,DET,DL/DT,"$930,274"
1459,nfl,2024,,Austin Seibert,WAS,K,"$930,274"
1460,nfl,2024,,Corliss Waitman,PIT,P,"$930,274"
1461,nfl,2024,1462,Braelon Allen,NYJ,RB,"$927,177"
1462,nfl,2024,,Jacob Cowing,SF,WR,"$927,177"
1463,nfl,2024,,Jaden Hicks,KC,S,"$927,177"
1464,nfl,2024,,Sione Vaki,DET,RB,"$927,177"
1465,nfl,2024,1466,Starling Thomas V,ARI,CB,"$925,080"
1466,nfl,2024,,Travis Vokolek,ARI,TE,"$925,080"
1467,nfl,2024,1468,Tyson Bagent,CHI,QB,"$923,333"
1468,nfl,2024,1469,Chuma Edoga,DAL,LT,"$922,779"
1469,nfl,2024,1470,Ronnie Hickman,CLE,S,"$921,666"
1470,nfl,2024,,Hunter Luepke,DAL,FB,"$921,666"
1471,nfl,2024,,Ivan Pace,MIN,LB/ILB,"$921,666"
1472,nfl,2024,1473,Xavier Gipson,NYJ,WR,"$920,000"
1473,nfl,2024,,Cam Jones,KC,LB/OLB,"$920,000"
1474,nfl,2024,,Jaleel McLaughlin,DEN,RB,"$920,000"
1475,nfl,2024,1476,Ryan Van Demark,BUF,LT,"$919,500"
1476,nfl,2024,1477,Alec Anderson,BUF,G,"$919,250"
1477,nfl,2024,1478,Julian Hill,MIA,TE,"$919,166"
1478,nfl,2024,1479,Ja'Marcus Ingram,BUF,CB,"$918,750"
1479,nfl,2024,1480,Nate Adkins,DEN,TE,"$918,333"
1480,nfl,2024,,T.J. Bass,DAL,G,"$918,333"
1481,nfl,2024,,Jake Bobo,SEA,WR,"$918,333"
1482,nfl,2024,,Christian Izien,TB,S,"$918,333"
1483,nfl,2024,,Eli Ricks,PHI,CB,"$918,333"
1484,nfl,2024,1485,Brenton Cox Jr.,GB,LB/OLB,"$918,000"
1485,nfl,2024,,Malik Heath,GB,WR,"$918,000"
1486,nfl,2024,1487,Chris Stoll,SEA,LS,"$917,166"
1487,nfl,2024,1488,Sean Tucker,TB,RB,"$916,666"
1488,nfl,2024,,Alex Ward,LAR,LS,"$916,666"
1489,nfl,2024,1490,Blake Grupe,NO,K,"$915,833"
1490,nfl,2024,1491,Markees Watts,TB,ED/OLB,"$915,333"
1491,nfl,2024,1492,Brandon Aubrey,DAL,K,"$915,000"
1492,nfl,2024,,Ethan Bonner,MIA,CB,"$915,000"
1493,nfl,2024,,Thomas Booker,PHI,DL/DT,"$915,000"
1494,nfl,2024,,Nick Broeker,HOU,G,"$915,000"
1495,nfl,2024,,Jake Browning,CIN,QB,"$915,000"
1496,nfl,2024,,Mike Caliendo,KC,G,"$915,000"
1497,nfl,2024,,Irvin Charles,NYJ,WR,"$915,000"
1498,nfl,2024,,Claudin Cherelus,CAR,LB/ILB,"$915,000"
1499,nfl,2024,,Keondre Coburn,TEN,DL/DT,"$915,000"
1500,nfl,2024,,Tommy DeVito,NYG,QB,"$915,000"
1501,nfl,2024,,Tyler Goodson,IND,RB,"$915,000"
1502,nfl,2024,,Daniel Hardy,CHI,ED/DE,"$915,000"
1503,nfl,2024,,Elijah Higgins,ARI,T,"$915,000"
1504,nfl,2024,,Buddy Johnson,DAL,LB/OLB,"$915,000"
1505,nfl,2024,,Anthony Johnson Jr.,NYG,CB,"$915,000"
1506,nfl,2024,,Doug Kramer,CHI,C,"$915,000"
1507,nfl,2024,,Lucas Krull,DEN,TE,"$915,000"
1508,nfl,2024,,Isaiah Land,IND,ED/DE,"$915,000"
1509,nfl,2024,,Kana’i Mauga,LV,LB/ILB,"$915,000"
1510,nfl,2024,,Ryan McCollum,PIT,C,"$915,000"
1511,nfl,2024,,Tristin McCollum,PHI,CB,"$915,000"
1512,nfl,2024,,Ja’Quan McMillian,DEN,CB,"$915,000"
1513,nfl,2024,,Bo Melton,GB,WR,"$915,000"
1514,nfl,2024,,Jordan Meredith,LV,G,"$915,000"
1515,nfl,2024,,Jeremiah Moon,PIT,ED/OLB,"$915,000"
1516,nfl,2024,,Arron Mosby,GB,LB/OLB,"$915,000"
1517,nfl,2024,,Bill Murray,CHI,G,"$915,000"
1518,nfl,2024,,Trevor Nowaske,DET,LB/OLB,"$915,000"
1519,nfl,2024,,Carter O'Donnell,ARI,T,"$915,000"
1520,nfl,2024,,Segun Olubi,IND,LB/ILB,"$915,000"
1521,nfl,2024,,Esezi Otomewo,JAX,ED/DE,"$915,000"
1522,nfl,2024,,Jeremiah Pharms,NE,DL/DT,"$915,000"
1523,nfl,2024,,LaBryan Ray,CAR,DL/DE,"$915,000"
1524,nfl,2024,,Otis Reese,TEN,LB/ILB,"$915,000"
1525,nfl,2024,,Andrew Rupcich,TEN,G,"$915,000"
1526,nfl,2024,,Brady Russell,SEA,TE,"$915,000"
1527,nfl,2024,,Ben Sims,GB,TE,"$915,000"
1528,nfl,2024,,Drake Thomas,SEA,LB/ILB,"$915,000"
1529,nfl,2024,,Juanyeh Thomas,DAL,S,"$915,000"
1530,nfl,2024,,Jake Tonges,SF,TE,"$915,000"
1531,nfl,2024,,Ben VanSumeren,PHI,LB/ILB,"$915,000"
1532,nfl,2024,,Tyrus Wheat,DAL,ED/DE,"$915,000"
1533,nfl,2024,,Daniel Whelan,GB,P,"$915,000"
1534,nfl,2024,,Emanuel Wilson,GB,RB,"$915,000"
1535,nfl,2024,1536,Marco Wilson,CIN,CB,"$903,257"
1536,nfl,2024,1537,Caedan Wallace,NE,RT,"$900,173"
1537,nfl,2024,1538,Jake Bates,DET,K,"$895,000"
1538,nfl,2024,1539,Nehemiah Pritchett,SEA,CB,"$889,768"
1539,nfl,2024,1540,Tarheeb Still,LAC,CB,"$888,930"
1540,nfl,2024,1541,Cam Hart,LAC,CB,"$885,982"
1541,nfl,2024,1542,Sedrick Van Pran-Granger,BUF,C,"$883,813"
1542,nfl,2024,1543,Anthony Gould,IND,WR,"$883,166"
1543,nfl,2024,1544,Xavier Thomas,ARI,ED/DE,"$882,656"
1544,nfl,2024,1545,JD Bertrand,ATL,LB/ILB,"$882,506"
1545,nfl,2024,1546,Austin Booker,CHI,ED/DE,"$882,285"
1546,nfl,2024,1547,Kris Abrams-Draine,DEN,CB,"$882,068"
1547,nfl,2024,1548,Jarvis Brownlee Jr.,TEN,CB,"$880,509"
1548,nfl,2024,1549,Tommy Eichenberg,LV,LB/ILB,"$879,428"
1549,nfl,2024,1550,Josh Newton,CIN,CB,"$879,319"
1550,nfl,2024,1551,Naquan Jones,ARI,DL/DT,"$879,167"
1551,nfl,2024,1552,Shane Lemieux,NO,C,"$879,165"
1552,nfl,2024,1553,Spencer Rattler,NO,QB,"$879,120"
1553,nfl,2024,1554,Jaylon Carlies,IND,S,"$879,060"
1554,nfl,2024,1555,Josh Reynolds,JAX,WR,"$878,610"
1555,nfl,2024,1556,Deantre Prince,JAX,CB,"$878,057"
1556,nfl,2024,1557,Brennan Jackson,LAR,ED/OLB,"$877,342"
1557,nfl,2024,1558,Jeremiah Trotter Jr.,PHI,LB/ILB,"$877,117"
1558,nfl,2024,1559,Jamari Thrash,CLE,WR,"$876,352"
1559,nfl,2024,1560,Chau Smith-Wade,CAR,CB,"$875,996"
1560,nfl,2024,1561,Tyler Huntley,MIA,QB,"$875,556"
1561,nfl,2024,1562,Feleipe Franks,CAR,TE,"$875,552"
1562,nfl,2024,,Carlos Watkins,DAL,ED/DE,"$875,552"
1563,nfl,2024,1564,Mike Morris,SEA,ED/DE,"$875,519"
1564,nfl,2024,1565,Mohamed Kamara,MIA,LB/OLB,"$875,218"
1565,nfl,2024,1566,Hunter Nourzad,KC,C,"$874,879"
1566,nfl,2024,1567,Edefuan Ulofoshio,BUF,LB,"$873,506"
1567,nfl,2024,1568,Dominique Hampton,WAS,S,"$873,321"
1568,nfl,2024,1569,Jacob Monk,GB,C,"$870,404"
1569,nfl,2024,1570,Tyrone Tracy,NYG,RB,"$866,588"
1570,nfl,2024,1571,Cedric Gray,TEN,LB/ILB,"$859,181"
1571,nfl,2024,1572,Caelen Carson,DAL,CB,"$858,569"
1572,nfl,2024,,Isaiah Davis,NYJ,RB,"$858,569"
1573,nfl,2024,,Jaylan Ford,NO,LB/ILB,"$858,569"
1574,nfl,2024,,Trevor Keegan,PHI,G,"$858,569"
1575,nfl,2024,,Bub Means,NO,WR,"$858,569"
1576,nfl,2024,,Kitan Oladapo,GB,S,"$858,569"
1577,nfl,2024,,Javon Solomon,BUF,ED/DE,"$858,569"
1578,nfl,2024,,Qwan'tez Stiggers,NYJ,CB,"$858,569"
1579,nfl,2024,1580,Walter Rouse,MIN,LT,"$851,648"
1580,nfl,2024,1581,Sataoa Laumea,SEA,G,"$849,129"
1581,nfl,2024,1582,Marcellas Dial,NE,CB,"$848,032"
1582,nfl,2024,1583,Kimani Vidal,LAC,RB,"$846,859"
1583,nfl,2024,1584,Jha'Quan Jackson,TEN,WR,"$845,917"
1584,nfl,2024,1585,Darius Muasau,NYG,LB/ILB,"$845,228"
1585,nfl,2024,1586,Malik Washington,MIA,WR,"$844,890"
1586,nfl,2024,1587,Johnny Wilson,PHI,WR,"$844,252"
1587,nfl,2024,1588,Jase McClellan,ATL,RB,"$843,592"
1588,nfl,2024,1589,Casey Washington,ATL,WR,"$843,399"
1589,nfl,2024,1590,Jamal Hill,HOU,LB/OLB,"$842,348"
1590,nfl,2024,1591,Mekhi Wingo,DET,DL/DT,"$841,700"
1591,nfl,2024,1592,Joe Milton III,NE,QB,"$840,829"
1592,nfl,2024,1593,Tanner McLachlan,CIN,TE,"$840,764"
1593,nfl,2024,1594,Tyler Davis,LAR,DL/DT,"$840,638"
1594,nfl,2024,1595,Khristian Boyd,NO,DL/DT,"$839,707"
1595,nfl,2024,1596,Kurt Hinish,HOU,DL/DT,"$838,334"
1596,nfl,2024,1597,Travis Glover,GB,LT,"$837,845"
1597,nfl,2024,1598,Will Reichard,MIN,K,"$837,655"
1598,nfl,2024,1599,Emari Demercado,ARI,RB,"$836,747"
1599,nfl,2024,1600,Michael Jerrell,SEA,RT,"$835,015"
1600,nfl,2024,1601,Dylan Laube,LV,RB,"$833,798"
1601,nfl,2024,1602,Ryan Flournoy,DAL,WR,"$829,597"
1602,nfl,2024,,Cedric Johnson,CIN,ED/DE,"$829,597"
1603,nfl,2024,,Joshua Karty,LAR,K,"$829,597"
1604,nfl,2024,,Elijah Klein,TB,G,"$829,597"
1605,nfl,2024,,Beaux Limmer,LAR,C,"$829,597"
1606,nfl,2024,,Cam Little,JAX,K,"$829,597"
1607,nfl,2024,,Christian Mahogany,DET,G,"$829,597"
1608,nfl,2024,,Jordan Whittington,LAR,WR,"$829,597"
1609,nfl,2024,1610,Daijahn Anthony,CIN,S,"$824,446"
1610,nfl,2024,1611,Brenden Rice,LAC,WR,"$823,648"
1611,nfl,2024,1612,Nick Samac,BAL,C,"$822,461"
1612,nfl,2024,1613,Michael Jurgens,MIN,C,"$822,185"
1613,nfl,2024,1614,Jaheim Bell,NE,TE,"$821,648"
1614,nfl,2024,1615,Levi Drake Rodriguez,MIN,DL/DT,"$821,497"
1615,nfl,2024,1616,Cooper Hodges,JAX,G,"$821,372"
1616,nfl,2024,1617,Devaughn Vele,DEN,WR,"$821,120"
1617,nfl,2024,1618,Myles Cole,JAX,ED/DE,"$821,019"
1618,nfl,2024,1619,Calvin Anderson,PIT,LT,"$820,833"
1619,nfl,2024,,Kareem Hunt,KC,RB,"$820,833"
1620,nfl,2024,,Tim Patrick,DET,WR,"$820,833"
1621,nfl,2024,,James Pierre,PIT,CB,"$820,833"
1622,nfl,2024,,Allen Robinson,DET,WR,"$820,833"
1623,nfl,2024,1624,Germain Ifedi,CLE,G,"$820,830"
1624,nfl,2024,,Ty Summers,NYG,LB/ILB,"$820,830"
1625,nfl,2024,,Sam Webb,LV,CB,"$820,830"
1626,nfl,2024,1627,Jody Fortson,KC,TE,"$820,555"
1627,nfl,2024,1628,Andrew Vorhees,BAL,G,"$820,528"
1628,nfl,2024,1629,Matt Lee,CIN,C,"$820,438"
1629,nfl,2024,1630,James Williams,TEN,LB/ILB,"$817,373"
1630,nfl,2024,1631,Devin Culp,TB,TE,"$816,546"
1631,nfl,2024,1632,C.J. Hanson,KC,G,"$816,196"
1632,nfl,2024,1633,Cory Trice Jr.,PIT,CB,"$816,109"
1633,nfl,2024,1634,Sanoussi Kane,BAL,S,"$815,733"
1634,nfl,2024,1635,Tatum Bethune,SF,LB/OLB,"$815,452"
1635,nfl,2024,1636,Jaylen Harrell,TEN,LB/OLB,"$815,184"
1636,nfl,2024,1637,Josh Wallace,LAR,CB,"$815,000"
1637,nfl,2024,1638,Chris Brooks,GB,RB,"$813,333"
1638,nfl,2024,1639,K’Lavon Chaisson,LV,ED/OLB,"$811,176"
1639,nfl,2024,1640,Xavier Weaver,ARI,WR,"$808,703"
1640,nfl,2024,1641,Ethan Driskell,KC,RT,"$808,333"
1641,nfl,2024,,Dalton Tucker,IND,G,"$808,333"
1642,nfl,2024,1643,Audric Estimé,DEN,RB,"$807,558"
1643,nfl,2024,1644,Amari Cooper,BUF,WR,"$806,667"
1644,nfl,2024,1645,Mohamoud Diabate,CLE,LB/OLB,"$806,666"
1645,nfl,2024,1646,Jake Kubas,NYG,G,"$805,000"
1646,nfl,2024,1647,Beanie Bishop,PIT,CB,"$803,333"
1647,nfl,2024,,Beau Brade,BAL,S,"$803,333"
1648,nfl,2024,,Frank Crum,DEN,RT,"$803,333"
1649,nfl,2024,1650,Storm Duck,MIA,CB,"$801,666"
1650,nfl,2024,,Bryce Ford-Wheaton,NYG,WR,"$801,666"
1651,nfl,2024,,Tyrek Funderburk,TB,CB,"$801,666"
1652,nfl,2024,,Amari Gainer,LV,ED/OLB,"$801,666"
1653,nfl,2024,,Braiden McGregor,NYJ,ED/DE,"$801,666"
1654,nfl,2024,,Tyler Owens,WAS,S,"$801,666"
1655,nfl,2024,,Alex Palczewski,DEN,RT,"$801,666"
1656,nfl,2024,,Brevyn Spann-Ford,DAL,TE,"$801,666"
1657,nfl,2024,,Eric Watts,NYJ,ED/DE,"$801,666"
1658,nfl,2024,1659,Jaylen McCollough,LAR,S,"$800,000"
1659,nfl,2024,,Andrew Meyer,MIA,C,"$800,000"
1660,nfl,2024,,Maema Njongmeta,CIN,LB/OLB,"$800,000"
1661,nfl,2024,,Rico Payton,NO,CB,"$800,000"
1662,nfl,2024,1663,Joe Andreessen,BUF,LB,"$799,697"
1663,nfl,2024,1664,Matthew Hayball,NO,P,"$798,333"
1664,nfl,2024,,Dallin Holker,NO,TE,"$798,333"
1665,nfl,2024,,Dwight McGlothern,MIN,CB,"$798,333"
1666,nfl,2024,,Leonard Taylor,NYJ,DL/DT,"$798,333"
1667,nfl,2024,,Mason Tipton,NO,WR,"$798,333"
1668,nfl,2024,,Colson Yankoff,WAS,TE,"$798,333"
1669,nfl,2024,1670,Dell Pettus,NE,S,"$798,000"
1670,nfl,2024,,Omar Speights,LAR,LB/ILB,"$798,000"
1671,nfl,2024,1672,David Martin-Robinson,TEN,TE,"$797,500"
1672,nfl,2024,1673,Christian Roland-Wallace,KC,CB,"$796,666"
1673,nfl,2024,,Taki Taimani,MIN,DL/DT,"$796,666"
1674,nfl,2024,1675,John Stephens,DAL,TE,"$796,000"
1675,nfl,2024,1676,Jerrick Reed II,SEA,S,"$795,367"
1676,nfl,2024,1677,Elijah Chatman,NYG,DL/DT,"$795,333"
1677,nfl,2024,,Hogan Hatten,DET,LS,"$795,333"
1678,nfl,2024,1679,Matt Araiza,KC,P,"$795,000"
1679,nfl,2024,,Shemar Bartholomew,CAR,CB,"$795,000"
1680,nfl,2024,,Brandon Codrington,BUF,CB,"$795,000"
1681,nfl,2024,,Jalen Coker,CAR,WR,"$795,000"
1682,nfl,2024,,Ali Gaye,TEN,LB/OLB,"$795,000"
1683,nfl,2024,,Thomas Harper,LV,S,"$795,000"
1684,nfl,2024,,Jordan Jackson,DEN,DL/DE,"$795,000"
1685,nfl,2024,,Curtis Jacobs,NE,LB/ILB,"$795,000"
1686,nfl,2024,,Demontrey Jacobs,NE,LT,"$795,000"
1687,nfl,2024,,Devon Key,DEN,S,"$795,000"
1688,nfl,2024,,Jarrett Kingston,CAR,G,"$795,000"
1689,nfl,2024,,Jonah Laulu,LV,DL/DT,"$795,000"
1690,nfl,2024,,Michael Niese,DET,C,"$795,000"
1691,nfl,2024,,Anfernee Orji,NO,LB/OLB,"$795,000"
1692,nfl,2024,,Jose Ramirez,TB,ED/OLB,"$795,000"
1693,nfl,2024,,Ryan Rehkow,CIN,P,"$795,000"
1694,nfl,2024,,Cody Schrader,LAR,RB,"$795,000"
1695,nfl,2024,,Charles Snowden,LV,DL/DE,"$795,000"
1696,nfl,2024,,Carson Steele,KC,RB,"$795,000"
1697,nfl,2024,,Jalen Sundell,SEA,T,"$795,000"
1698,nfl,2024,,Kadeem Telfort,GB,LT,"$795,000"
1699,nfl,2024,,Julius Wood,TEN,S,"$795,000"
1700,nfl,2024,1701,Rasheen Ali,BAL,RB,"$777,188"
1701,nfl,2024,1702,Cam Akers,MIN,RB,"$770,587"
1702,nfl,2024,1703,Tyus Bowser,MIA,LB/OLB,"$766,111"
1703,nfl,2024,,Max Scharping,PIT,G,"$766,111"
1704,nfl,2024,,Sterling Shepard,TB,WR,"$766,111"
1705,nfl,2024,1706,Byron Cowart,CHI,DL/DT,"$766,108"
1706,nfl,2024,,Nick Vigil,DAL,LB/OLB,"$766,108"
1707,nfl,2024,1708,Sam Okuayinonu,SF,ED/DE,"$762,495"
1708,nfl,2024,1709,Jordan Magee,WAS,LB/ILB,"$761,417"
1709,nfl,2024,1710,Rakim Jarrett,TB,WR,"$759,999"
1710,nfl,2024,1711,Bralen Trice,ATL,ED/OLB,"$753,134"
1711,nfl,2024,1712,Ainias Smith,PHI,WR,"$752,184"
1712,nfl,2024,1713,Dylan McMahon,LAR,C,"$750,833"
1713,nfl,2024,,Winston Reid,CLE,LB/OLB,"$750,833"
1714,nfl,2024,1715,Alex Austin,NE,CB,"$741,274"
1715,nfl,2024,1716,Jalen Mills,NYJ,CB/S,"$739,444"
1716,nfl,2024,1717,Javontae Jean-Baptiste,WAS,ED/DE,"$735,023"
1717,nfl,2024,1718,Trey Taylor,LV,S,"$734,403"
1718,nfl,2024,1719,Nephi Sewell,NO,LB/OLB,"$726,667"
1719,nfl,2024,1720,Elijah Jones,ARI,CB,"$712,433"
1720,nfl,2024,1721,Jaquelin Roy,NE,DL/DT,"$711,662"
1721,nfl,2024,1722,John FitzPatrick,GB,TE,"$711,389"
1722,nfl,2024,,Teagan Quitoriano,HOU,TE,"$711,389"
1723,nfl,2024,,Geoff Swaim,CLE,TE,"$711,389"
1724,nfl,2024,1725,Tony Brown,CLE,CB,"$711,386"
1725,nfl,2024,,Carl Lawson,DAL,ED/DE,"$711,386"
1726,nfl,2024,1727,C.J. Brewer,TB,DL/DE,"$706,672"
1727,nfl,2024,1728,Justin Dedich,LAR,C,"$706,667"
1728,nfl,2024,,Dondrea Tillman,DEN,ED/OLB,"$706,667"
1729,nfl,2024,1730,Ka'dar Hollman,HOU,CB,"$703,332"
1730,nfl,2024,1731,Jake Andrews,NE,C,"$697,086"
1731,nfl,2024,1732,Christian Jones,ARI,T,"$695,204"
1732,nfl,2024,1733,C.J. Henderson,PIT,CB,"$687,500"
1733,nfl,2024,,Marquez Valdes-Scantling,NO,WR,"$687,500"
1734,nfl,2024,,Armon Watts,NYG,DL/DT,"$687,500"
1735,nfl,2024,,Devin White,HOU,LB/ILB,"$687,500"
1736,nfl,2024,1737,Jaden Crumedy,CAR,DL/DE,"$676,608"
1737,nfl,2024,1738,SirVocea Dennis,TB,LB/ILB,"$667,663"
1738,nfl,2024,1739,Keilan Robinson,JAX,RB,"$666,879"
1739,nfl,2024,1740,Tyler Badie,DEN,RB,"$662,505"
1740,nfl,2024,,Isaiah Bolden,NE,CB,"$662,505"
1741,nfl,2024,1742,Demani Richardson,CAR,S,"$662,500"
1742,nfl,2024,1743,Brayden Willis,SF,TE,"$660,833"
1743,nfl,2024,1744,Ben Brown,NE,G,"$660,829"
1744,nfl,2024,,Matthew Butler,LV,DL/DT,"$660,829"
1745,nfl,2024,1746,Sheldon Day,WAS,DL/DT,"$656,667"
1746,nfl,2024,,Jalyn Holmes,WAS,ED/DE,"$656,667"
1747,nfl,2024,,Chris Hubbard,NYG,RT,"$656,667"
1748,nfl,2024,,Kevin King,ATL,CB,"$656,667"
1749,nfl,2024,,David Long,IND,CB,"$656,667"
1750,nfl,2024,,Cade Mays,CAR,G,"$656,667"
1751,nfl,2024,,Brandon McManus,GB,K,"$656,667"
1752,nfl,2024,1753,Pat O'Connor,DET,ED/DE,"$656,664"
1753,nfl,2024,1754,Keaton Mitchell,BAL,RB,"$651,003"
1754,nfl,2024,1755,D'Wayne Eskridge,MIA,WR,"$644,722"
1755,nfl,2024,,Cam Gill,CAR,ED/OLB,"$644,722"
1756,nfl,2024,1757,Kameron Johnson,TB,WR,"$635,836"
1757,nfl,2024,1758,Mike Williams,PIT,WR,"$627,500"
1758,nfl,2024,1759,Patrick McMorris,MIA,S,"$623,275"
1759,nfl,2024,1760,Tylan Grable,BUF,LT,"$620,813"
1760,nfl,2024,1761,Khalil Davis,SF,DL/DT,"$620,588"
1761,nfl,2024,1762,Nathaniel Watson,CLE,LB/OLB,"$618,333"
1762,nfl,2024,1763,Chad Ryland,ARI,K,"$610,000"
1763,nfl,2024,1764,Quinton Jefferson,BUF,DL/DT,"$605,000"
1764,nfl,2024,,Marshon Lattimore,WAS,CB,"$605,000"
1765,nfl,2024,,Jordan Phillips,BUF,DL/DT,"$605,000"
1766,nfl,2024,,Za'Darius Smith,DET,ED/DE,"$605,000"
1767,nfl,2024,1768,Ugo Amadi,NO,S,"$601,944"
1768,nfl,2024,,Zach Carter,LV,DL/DT,"$601,944"
1769,nfl,2024,,Jack Driscoll,PHI,G,"$601,944"
1770,nfl,2024,,Desmond Ridder,LV,QB,"$601,944"
1771,nfl,2024,,Ahkello Witherspoon,LAR,CB,"$601,944"
1772,nfl,2024,1773,Amani Oruwariye,DAL,CB,"$601,942"
1773,nfl,2024,,Keith Taylor,KC,CB,"$601,942"
1774,nfl,2024,1775,Stephen Carlson,CHI,TE,"$597,500"
1775,nfl,2024,1776,Myles Harden,CLE,CB,"$587,862"
1776,nfl,2024,1777,Blake Hance,JAX,LT,"$586,111"
1777,nfl,2024,1778,Shemar Jean-Charles,NO,CB,"$586,110"
1778,nfl,2024,1779,Grant DuBose,MIA,WR,"$578,335"
1779,nfl,2024,1780,Jonathan Mingo,DAL,WR,"$576,286"
1780,nfl,2024,1781,Rex Sunahara,CLE,LS,"$574,171"
1781,nfl,2024,1782,Le'Raven Clark,PHI,RT,"$570,000"
1782,nfl,2024,,Juwann Winfree,IND,WR,"$570,000"
1783,nfl,2024,1784,Tyler Davis,GB,TE,"$565,000"
1784,nfl,2024,,Cameron Goode,MIA,LB/OLB,"$565,000"
1785,nfl,2024,1786,Al-Quadin Muhammad,DET,ED/DE,"$562,500"
1786,nfl,2024,1787,Shane Buechele,BUF,QB,"$560,000"
1787,nfl,2024,1788,John Ojukwu,TEN,LT,"$559,163"
1788,nfl,2024,,Josh Ross,SEA,LB/ILB,"$559,163"
1789,nfl,2024,1790,Justin Hardee,TEN,CB,"$547,222"
1790,nfl,2024,,Ronnie Harrison,IND,S,"$547,222"
1791,nfl,2024,,Cameron Sutton,PIT,CB,"$547,222"
1792,nfl,2024,1793,Josh Kelley,TEN,RB,"$547,220"
1793,nfl,2024,,Sam Mustipher,LAC,C,"$547,220"
1794,nfl,2024,1795,Daniel Scott,IND,S,"$546,959"
1795,nfl,2024,1796,Marlon Davidson,TEN,DL/DT,"$545,000"
1796,nfl,2024,,Harrison Hand,ATL,CB,"$545,000"
1797,nfl,2024,,Netane Muti,DET,G,"$545,000"
1798,nfl,2024,,Malik Taylor,NYJ,WR,"$545,000"
1799,nfl,2024,,Garret Wallow,TEN,LB/ILB,"$545,000"
1800,nfl,2024,,Nsimba Webster,CHI,WR,"$545,000"
1801,nfl,2024,1802,Tre Tomlinson,LAR,CB,"$544,963"
1802,nfl,2024,1803,Zaire Barnes,NYJ,LB/OLB,"$544,055"
1803,nfl,2024,1804,Luke Wypler,CLE,C,"$539,993"
1804,nfl,2024,1805,British Brooks,HOU,RB,"$539,168"
1805,nfl,2024,1806,Jaxson Kirkland,CIN,G,"$534,168"
1806,nfl,2024,1807,Jordan Travis,NYJ,QB,"$533,569"
1807,nfl,2024,1808,Lecitus Smith,NE,C,"$530,004"
1808,nfl,2024,,Xavier Smith,LAR,WR,"$530,004"
1809,nfl,2024,1810,Levelle Bailey,DEN,LB/ILB,"$530,000"
1810,nfl,2024,1811,Khalil Herbert,CIN,RB,"$527,500"
1811,nfl,2024,1812,Logan Lee,PIT,DL/DE,"$525,018"
1812,nfl,2024,1813,Antoine Green,DET,WR,"$524,190"
1813,nfl,2024,1814,Evan Deckers,TB,LS,"$524,167"
1814,nfl,2024,1815,Nathan Landman,ATL,LB/ILB,"$522,222"
1815,nfl,2024,1816,DeMarcco Hellams,ATL,S,"$521,575"
1816,nfl,2024,1817,Colton Dowell,TEN,WR,"$520,674"
1817,nfl,2024,1818,Hakeem Adeniji,CLE,LT,"$520,000"
1818,nfl,2024,,Eric Banks,TB,DL/DE,"$520,000"
1819,nfl,2024,,Justin Herron,NO,LT,"$520,000"
1820,nfl,2024,,Christian Matthew,BAL,CB,"$520,000"
1821,nfl,2024,,Conor McDermott,LAR,T,"$520,000"
1822,nfl,2024,,Trayvon Mullen,BAL,CB,"$520,000"
1823,nfl,2024,,Elijah Riley,NYG,CB,"$520,000"
1824,nfl,2024,,Anthony Schwartz,MIA,WR,"$520,000"
1825,nfl,2024,,Kion Smith,MIA,RT,"$520,000"
1826,nfl,2024,1827,Ryan Watts,PIT,CB,"$515,671"
1827,nfl,2024,1828,Marcelino McCrary-Ball,NYJ,LB/OLB,"$508,333"
1828,nfl,2024,,Justin Shorter,LV,TE,"$508,333"
1829,nfl,2024,1830,Dyontae Johnson,NYG,LB/OLB,"$506,110"
1830,nfl,2024,1831,Popo Aumavae,CAR,DL/DE,"$503,820"
1831,nfl,2024,1832,Travis Clayton,BUF,T,"$500,396"
1832,nfl,2024,1833,Nathan Thomas,DAL,G,"$496,493"
1833,nfl,2024,1834,Chance Campbell,TEN,LB/ILB,"$495,000"
1834,nfl,2024,,De’Shaan Dixon,JAX,LB/OLB,"$495,000"
1835,nfl,2024,,Dalton Keene,HOU,TE,"$495,000"
1836,nfl,2024,,TK McLendon Jr.,TEN,ED/DE,"$495,000"
1837,nfl,2024,,NaJee Thompson,MIN,CB,"$495,000"
1838,nfl,2024,,Raequan Williams,CAR,DL/DT,"$495,000"
1839,nfl,2024,1840,Tahj Washington,MIA,WR,"$492,599"
1840,nfl,2024,1841,C.J. Beathard,JAX,QB,"$492,500"
1841,nfl,2024,,Jalen Reagor,LAC,WR,"$492,500"
1842,nfl,2024,1843,Peyton Hendershot,KC,TE,"$492,498"
1843,nfl,2024,,Tarvarius Moore,CHI,S,"$492,498"
1844,nfl,2024,,Zach Thomas,HOU,G,"$492,498"
1845,nfl,2024,,Shane Zylstra,DET,TE,"$492,498"
1846,nfl,2024,1847,KT Leveston,LAR,G,"$490,184"
1847,nfl,2024,1848,Ryan Miller,TB,WR,"$485,837"
1848,nfl,2024,1849,Evan Anderson,SF,DL/DT,"$485,833"
1849,nfl,2024,,Bo Richter,MIN,ED/OLB,"$485,833"
1850,nfl,2024,1851,David White Jr,JAX,WR,"$478,333"
1851,nfl,2024,1852,Nate Lynn,DET,ED/DE,"$475,000"
1852,nfl,2024,1853,Jimmy Ciarlo,NYJ,LB/OLB,"$473,333"
1853,nfl,2024,,Jeff Foreman,LV,WR,"$473,333"
1854,nfl,2024,,Tyler McLellan,LAC,LT,"$473,333"
1855,nfl,2024,,Grayson Murphy,MIA,LB/OLB,"$473,333"
1856,nfl,2024,1857,Ian Wheeler,CHI,RB,"$472,500"
1857,nfl,2024,1858,Lance Robinson,CIN,CB,"$472,333"
1858,nfl,2024,1859,Norell Pollard,WAS,ED/DE,"$471,666"
1859,nfl,2024,,Marcus Riley,NYJ,WR,"$471,666"
1860,nfl,2024,1861,Bucky Williams,LAC,G,"$470,833"
1861,nfl,2024,1862,Malik Hamm,BAL,ED/OLB,"$470,666"
1862,nfl,2024,1863,Troy Hill,TB,CB,"$470,556"
1863,nfl,2024,1864,Earl Bostick,DAL,RT,"$470,000"
1864,nfl,2024,,Robert Burns,ATL,FB,"$470,000"
1865,nfl,2024,,Douglas Coleman,CHI,S,"$470,000"
1866,nfl,2024,,Ryan Coll,IND,G,"$470,000"
1867,nfl,2024,,Chris Collins,LAC,ED/OLB,"$470,000"
1868,nfl,2024,,Silas Dzansi,TB,LT,"$470,000"
1869,nfl,2024,,Tomari Fox,LV,DL/DT,"$470,000"
1870,nfl,2024,,Connor Galvin,DET,RT,"$470,000"
1871,nfl,2024,,Brandon Hill,HOU,S,"$470,000"
1872,nfl,2024,,JaQuae Jackson,NE,WR,"$470,000"
1873,nfl,2024,,Patrick Murtagh,JAX,TE,"$470,000"
1874,nfl,2024,,Joshua Onujiogu,SEA,LB/OLB,"$470,000"
1875,nfl,2024,,Camron Peterson,NO,DL/DT,"$470,000"
1876,nfl,2024,,Jaylon Thomas,HOU,RT,"$470,000"
1877,nfl,2024,,Owen Wright,BAL,RB,"$470,000"
1878,nfl,2024,,Rejzohn Wright,NO,CB,"$470,000"
1879,nfl,2024,1880,Jake Curhan,CHI,RT,"$468,888"
1880,nfl,2024,,Robert Rochell,GB,CB,"$468,888"
1881,nfl,2024,,Jack Stoll,MIA,TE,"$468,888"
1882,nfl,2024,1883,Ameer Speed,CHI,CB,"$457,500"
1883,nfl,2024,1884,Tucker Fisk,LAC,TE,"$457,497"
1884,nfl,2024,1885,Jordan Mims,NO,RB,"$441,670"
1885,nfl,2024,,Bryce Oliver,TEN,WR,"$441,670"
1886,nfl,2024,1887,Michael Burton,DEN,FB,"$437,778"
1887,nfl,2024,,Mike Edwards,TB,S,"$437,778"
1888,nfl,2024,,Josh Jobe,SEA,CB,"$437,778"
1889,nfl,2024,,Pat O'Donnell,SF,P,"$437,778"
1890,nfl,2024,,Ezekiel Turner,DET,LB/OLB,"$437,778"
1891,nfl,2024,1892,Sam Kamara,CLE,DL/DT,"$437,776"
1892,nfl,2024,,Corey Levin,TEN,C,"$437,776"
1893,nfl,2024,,Shaq Quarterman,LAC,LB,"$437,776"
1894,nfl,2024,1895,Eli Apple,LAC,CB,"$437,500"
1895,nfl,2024,,Geron Christian,CLE,LT,"$437,500"
1896,nfl,2024,1897,K.J. Osborn,WAS,WR,"$422,224"
1897,nfl,2024,1898,Caleb Farley,CAR,CB,"$410,278"
1898,nfl,2024,1899,Collin Johnson,CHI,WR,"$410,277"
1899,nfl,2024,1900,Cody White,SEA,WR,"$406,664"
1900,nfl,2024,1901,Marcus Maye,LAC,S,"$403,332"
1901,nfl,2024,1902,Emmanuel Forbes,LAR,CB,"$402,873"
1902,nfl,2024,1903,Tommy Togiai,HOU,DL/DT,"$401,667"
1903,nfl,2024,1904,Art Green,NYG,CB,"$397,503"
1904,nfl,2024,,Jalen Redmond,MIN,DL/DE,"$397,503"
1905,nfl,2024,,Tyrese Robinson,NE,G,"$397,503"
1906,nfl,2024,1907,Cam Thomas,CLE,ED/DE,"$390,888"
1907,nfl,2024,1908,Tashaun Gipson,SF,FS/S,"$383,056"
1908,nfl,2024,,Deven Thompkins,CAR,WR,"$383,056"
1909,nfl,2024,,Kristian Welch,BAL,LB/ILB,"$383,056"
1910,nfl,2024,1911,Angelo Blackson,ARI,DL/DT,"$362,100"
1911,nfl,2024,1912,Titus Leo,NE,ED/DE,"$355,833"
1912,nfl,2024,1913,Chigozie Anusiem,CLE,CB,"$353,336"
1913,nfl,2024,,Natrone Brooks,ATL,CB,"$353,336"
1914,nfl,2024,,Logan Bruss,TEN,G,"$353,336"
1915,nfl,2024,,Cam Grandy,CIN,TE,"$353,336"
1916,nfl,2024,,Spencer Shrader,KC,K,"$353,336"
1917,nfl,2024,,Isaiah Williams,CIN,WR,"$353,336"
1918,nfl,2024,1919,Myles Bryant,HOU,CB,"$351,667"
1919,nfl,2024,,Terrace Marshall,LV,WR,"$351,667"
1920,nfl,2024,,Jonah Williams,DET,ED/DE,"$351,667"
1921,nfl,2024,1922,C.J. Uzomah,PHI,TE,"$336,110"
1922,nfl,2024,1923,Lester Cotton,NE,G,"$328,333"
1923,nfl,2024,,Zach Cunningham,DEN,LB/ILB,"$328,333"
1924,nfl,2024,,Tony Jefferson,LAC,SS/S,"$328,333"
1925,nfl,2024,,Nick McCloud,SF,CB,"$328,333"
1926,nfl,2024,1927,Myles Adams,DET,DL/DT,"$328,332"
1927,nfl,2024,,Akayleb Evans,CAR,CB,"$328,332"
1928,nfl,2024,,Demone Harris,ATL,DL/DE,"$328,332"
1929,nfl,2024,,Daryl Worley,BAL,CB,"$328,332"
1930,nfl,2024,1931,Josh Butler,DAL,S,"$309,169"
1931,nfl,2024,1932,Devin Cochran,CIN,RT,"$305,000"
1932,nfl,2024,1933,A.J. Finley,SEA,S,"$304,998"
1933,nfl,2024,,Tomon Fox,NYG,LB/OLB,"$304,998"
1934,nfl,2024,,James Houston,CLE,LB/OLB,"$304,998"
1935,nfl,2024,,Patrick O'Connell,SEA,LB/ILB,"$304,998"
1936,nfl,2024,,Chris Rodriguez Jr.,WAS,RB,"$304,998"
1937,nfl,2024,,Blake Whiteheart,CLE,TE,"$304,998"
1938,nfl,2024,1939,Carter Coughlin,NYG,LB/ILB,"$302,400"
1939,nfl,2024,1940,Jason Peters,SEA,LT/T,"$298,200"
1940,nfl,2024,1941,Jackson Carman,MIA,LT,"$293,056"
1941,nfl,2024,,Kene Nwangwu,NYJ,RB,"$293,056"
1942,nfl,2024,1943,Patrick Taylor,SF,RB,"$293,055"
1943,nfl,2024,1944,Elijah Garcia,NYG,ED/DE,"$273,611"
1944,nfl,2024,,Zane Gonzalez,WAS,K,"$273,611"
1945,nfl,2024,,Dante Pettis,NO,WR,"$273,611"
1946,nfl,2024,,Mike Woods,CLE,WR,"$273,611"
1947,nfl,2024,1948,Jaelon Darden,SEA,WR,"$273,610"
1948,nfl,2024,,Kemon Hall,DAL,CB,"$273,610"
1949,nfl,2024,,Bailey Zappe,CLE,QB,"$273,610"
1950,nfl,2024,1951,LaDarius Henderson,HOU,G,"$270,929"
1951,nfl,2024,1952,Princeton Fant,DAL,TE,"$265,002"
1952,nfl,2024,1953,Cory Durden,NYG,DL/DT,"$254,167"
1953,nfl,2024,,Kaevon Merriweather,TB,S,"$254,167"
1954,nfl,2024,,Nikko Remigio,KC,WR,"$254,167"
1955,nfl,2024,1956,Israel Abanikanda,SF,RB,"$254,165"
1956,nfl,2024,,Mason Kinsey,TEN,WR,"$254,165"
1957,nfl,2024,1958,Greg Stroman,NYG,CB,"$250,000"
1958,nfl,2024,1959,Kazmeir Allen,WAS,WR,"$225,000"
1959,nfl,2024,,Baylor Cupp,KC,TE,"$225,000"
1960,nfl,2024,,Daniel Grzesiak,TB,ED/OLB,"$225,000"
1961,nfl,2024,,Qadir Ismail,BAL,WR,"$225,000"
1962,nfl,2024,,Ellis Merriweather,GB,RB,"$225,000"
1963,nfl,2024,,Jimmy Morrissey,NYG,C,"$225,000"
1964,nfl,2024,,Mason Pline,SF,TE,"$225,000"
1965,nfl,2024,,Cody Thompson,TB,WR,"$225,000"
1966,nfl,2024,1967,Kevin Austin,NO,WR,"$220,835"
1967,nfl,2024,,Jowon Briggs,CLE,DL/DT,"$220,835"
1968,nfl,2024,,Kendell Brooks,TEN,S,"$220,835"
1969,nfl,2024,,Shaka Heyward,CIN,LB/OLB,"$220,835"
1970,nfl,2024,,E.J. Jenkins,PHI,TE,"$220,835"
1971,nfl,2024,,Sincere McCormick,LV,RB,"$220,835"
1972,nfl,2024,,Andrew Stueber,CIN,LT,"$220,835"
1973,nfl,2024,,Dee Williams,NYG,WR,"$220,835"
1974,nfl,2024,1975,Tim Boyle,NYG,QB,"$218,889"
1975,nfl,2024,,Matt Dickerson,MIA,DL/DT,"$218,889"
1976,nfl,2024,,Velus Jones,CAR,WR,"$218,889"
1977,nfl,2024,,Sam Roberts,CAR,DL/DT,"$218,889"
1978,nfl,2024,1979,Kendall Sheffield,NYJ,CB,"$218,888"
1979,nfl,2024,1980,Tommy Sweeney,CHI,TE,"$218,400"
1980,nfl,2024,1981,Jonathan Ford,CHI,DL/DT,"$203,333"
1981,nfl,2024,1982,Divaad Wilson,NYG,CB,"$203,332"
1982,nfl,2024,1983,Jake McQuaide,MIA,LS,"$201,666"
1983,nfl,2024,1984,Carter Bradley,LV,QB,"$176,668"
1984,nfl,2024,,Jaylin Simpson,NYJ,S,"$176,668"
1985,nfl,2024,,Carlos Washington Jr.,ATL,RB,"$176,668"
1986,nfl,2024,1987,Dan Chisena,CAR,WR,"$175,833"
1987,nfl,2024,,Darrynton Evans,CHI,RB,"$175,833"
1988,nfl,2024,,Riley Patterson,ATL,K,"$175,833"
1989,nfl,2024,,Anthony Pittman,DET,LB/ILB,"$175,833"
1990,nfl,2024,1991,Stephen Sullivan,CAR,WR,"$168,000"
1991,nfl,2024,1992,Andrew Booth Jr.,DAL,CB,"$164,167"
1992,nfl,2024,,Michael Palardy,ARI,P,"$164,167"
1993,nfl,2024,,Irv Smith,HOU,TE,"$164,167"
1994,nfl,2024,1995,Raheem Layne,NYG,S,"$164,166"
1995,nfl,2024,,Cade York,CIN,K,"$164,166"
1996,nfl,2024,1997,Andre Carter II,LV,DL/DE,"$152,500"
1997,nfl,2024,,Jaren Hall,SEA,QB,"$152,500"
1998,nfl,2024,,Kyu Blu Kelly,LV,CB,"$152,500"
1999,nfl,2024,2000,Jalen Graham,SF,LB/ILB,"$152,499"
2000,nfl,2024,,Jammie Robinson,ARI,S,"$152,499"
2001,nfl,2024,2002,Zyon Gilbert,PIT,S,"$150,000"
2002,nfl,2024,2003,Shaquil Barrett,TB,ED/OLB,"$134,444"
2003,nfl,2024,,Mark Glowinski,IND,G,"$134,444"
2004,nfl,2024,2005,Mitchell Agude,DET,ED/DE,"$132,501"
2005,nfl,2024,,Brenden Bates,CLE,TE,"$132,501"
2006,nfl,2024,,Chris Blair,ATL,WR,"$132,501"
2007,nfl,2024,,Chris Collier,LV,RB,"$132,501"
2008,nfl,2024,,Milo Eifler,ARI,LB/ILB,"$132,501"
2009,nfl,2024,,Terrell Jennings,NE,RB,"$132,501"
2010,nfl,2024,,Austen Pleasants,SF,T,"$132,501"
2011,nfl,2024,,Justin Rogers,DAL,DL/DT,"$132,501"
2012,nfl,2024,,Jacoby Windmon,CAR,LB/ILB,"$132,501"
2013,nfl,2024,2014,Mike Boone,CAR,RB,"$125,000"
2014,nfl,2024,,Diontae Johnson,HOU,WR,"$125,000"
2015,nfl,2024,,Raekwon McMillan,TEN,LB/ILB,"$125,000"
2016,nfl,2024,2017,Steven Sims Jr.,BAL,WR,"$121,208"
2017,nfl,2024,2018,Josh Woods,ATL,LB,"$117,222"
2018,nfl,2024,2019,Trajan Jeffcoat,NO,ED/DE,"$112,500"
2019,nfl,2024,2020,Jackson Barton,ARI,T,"$109,444"
2020,nfl,2024,,Ian Book,PHI,QB,"$109,444"
2021,nfl,2024,,Teddy Bridgewater,DET,QB,"$109,444"
2022,nfl,2024,,Adrian Colbert,CHI,S,"$109,444"
2023,nfl,2024,,Erik Ezukanma,MIA,WR,"$109,444"
2024,nfl,2024,,Joe Giles-Harris,JAX,LB/ILB,"$109,444"
2025,nfl,2024,,Arlington Hambright,TEN,G,"$109,444"
2026,nfl,2024,,Darius Harris,DAL,LB/OLB,"$109,444"
2027,nfl,2024,,Charlie Heck,SF,RT,"$109,444"
2028,nfl,2024,,James Proche,CLE,WR,"$109,444"
2029,nfl,2024,,Chandler Wooten,CAR,LB/ILB,"$109,444"
2030,nfl,2024,2031,Michael Carter,ARI,RB,"$108,611"
2031,nfl,2024,2032,Isaiah Thomas,CIN,ED/DE,"$101,666"
2032,nfl,2024,2033,Tre Flowers,IND,CB,"$100,800"
2033,nfl,2024,2034,Jack Browning,TB,P,"$88,334"
2034,nfl,2024,,Kyle Hergel,NO,G,"$88,334"
2035,nfl,2024,,Jarius Monroe,NYJ,CB,"$88,334"
2036,nfl,2024,,Jack Plummer,CAR,QB,"$88,334"
2037,nfl,2024,,Isaiah Stalbird,NO,LB/ILB,"$88,334"
2038,nfl,2024,,Blake Watson,DEN,RB,"$88,334"
2039,nfl,2024,,Benton Whitley,ARI,ED/DE,"$88,334"
2040,nfl,2024,2041,George Holani,SEA,RB,"$83,334"
2041,nfl,2024,2042,Phidarian Mathis,NYJ,DL/DT,"$77,078"
2042,nfl,2024,2043,Artie Burns,SEA,CB,"$67,222"
2043,nfl,2024,2044,Will Grier,DAL,QB,"$62,500"
2044,nfl,2024,,Greg Joseph,NYJ,K,"$62,500"
2045,nfl,2024,,Mike White,BUF,QB,"$62,500"
2046,nfl,2024,,DeShawn Williams,CAR,DL/DT,"$62,500"
2047,nfl,2024,2048,Andre Chachere,ARI,CB,"$58,611"
2048,nfl,2024,,Jamin Davis,NYJ,LB/OLB,"$58,611"
2049,nfl,2024,,John Kelly,CLE,RB,"$58,611"
2050,nfl,2024,,Nick Leverett,ARI,G,"$58,611"
2051,nfl,2024,,Monty Rice,NE,LB,"$58,611"
2052,nfl,2024,2053,Austin Deculus,HOU,RT,"$57,222"
2053,nfl,2024,,D'Angelo Ross,HOU,CB,"$57,222"
2054,nfl,2024,2055,Tre Avery,SF,S,"$54,722"
2055,nfl,2024,,Earnest Brown,DAL,DL/DT,"$54,722"
2056,nfl,2024,,Michael Dwumfour,CLE,DL/DT,"$54,722"
2057,nfl,2024,,Bruce Hector,NYJ,DL/DT,"$54,722"
2058,nfl,2024,,Ryan Neal,TB,SS/CB,"$54,722"
2059,nfl,2024,2060,Alex Barrett,SF,ED/DE,"$50,833"
2060,nfl,2024,,Braeden Daniels,MIA,LT,"$50,833"
2061,nfl,2024,,Vi Jones,ARI,LB/OLB,"$50,833"
2062,nfl,2024,,Brandon Pili,SEA,DL/DT,"$50,833"
2063,nfl,2024,2064,Miles Battle,NE,CB,"$44,167"
2064,nfl,2024,,Kaden Davis,CLE,WR,"$44,167"
2065,nfl,2024,,Khalid Duke,TEN,LB/OLB,"$44,167"
2066,nfl,2024,,Chris Edmonds,CLE,S,"$44,167"
2067,nfl,2024,,Truman Jones,NE,LB/OLB,"$44,167"
2068,nfl,2024,,Tay Martin,TEN,WR,"$44,167"
2069,nfl,2024,,Dante Miller,NYG,RB,"$44,167"
2070,nfl,2024,,Kendall Milton,CIN,RB,"$44,167"
2071,nfl,2024,,John Rhys Plumlee,SEA,QB,"$44,167"
2072,nfl,2024,,Jack Westover,NE,TE,"$44,167"
2073,nfl,2024,,DaShaun White,SF,LB,"$44,167"
2074,nfl,2024,2075,Josh Ball,NO,G,"$41,667"
2075,nfl,2024,1,OL,,,24
2076,nfl,2024,2,QB,,,17
2077,nfl,2024,3,DL,,,12
2078,nfl,2024,4,ED,,,11
2079,nfl,2024,5,WR,,,11
2080,nfl,2024,6,CB,,,8
2081,nfl,2024,7,LB,,,7
2082,nfl,2024,8,S,,,6
2083,nfl,2024,9,TE,,,3
2084,nfl,2024,10,RB,,,1
2085,nfl,2024,1,LAR,,,6
2086,nfl,2024,2,BAL,,,5
2087,nfl,2024,3,KC,,,5
2088,nfl,2024,4,SF,,,5
2089,nfl,2024,5,ATL,,,4
2090,nfl,2024,6,CHI,,,4
2091,nfl,2024,7,CIN,,,4
2092,nfl,2024,8,DAL,,,4
2093,nfl,2024,9,GB,,,4
2094,nfl,2024,10,IND,,,4
2095,nfl,2024,11,LAC,,,4
2096,nfl,2024,12,NO,,,4
2097,nfl,2024,13,PIT,,,4
2098,nfl,2024,14,ARI,,,3
2099,nfl,2024,15,BUF,,,3
2100,nfl,2024,16,JAX,,,3
2101,nfl,2024,17,NYJ,,,3
2102,nfl,2024,18,NYG,,,3
2103,nfl,2024,19,SEA,,,3
2104,nfl,2024,20,TB,,,3
2105,nfl,2024,21,WAS,,,3
2106,nfl,2024,22,CLE,,,2
2107,nfl,2024,23,DEN,,,2
2108,nfl,2024,24,DET,,,2
2109,nfl,2024,25,HOU,,,2
2110,nfl,2024,26,LV,,,2
2111,nfl,2024,27,MIA,,,2
2112,nfl,2024,28,PHI,,,2
2113,nfl,2024,29,TEN,,,2
2114,nfl,2024,30,CAR,,,1
2115,nfl,2024,31,MIN,,,1
2116,nfl,2024,32,NE,,,1
2117,nfl,2024,1,OL,,,24
2118,nfl,2024,2,QB,,,17
2119,nfl,2024,3,DL,,,12
2120,nfl,2024,4,ED,,,11
2121,nfl,2024,5,WR,,,11
2122,nfl,2024,6,CB,,,8
2123,nfl,2024,7,LB,,,7
2124,nfl,2024,8,S,,,6
2125,nfl,2024,9,TE,,,3
2126,nfl,2024,10,RB,,,1
2127,nfl,2024,1,LAR,,,6
2128,nfl,2024,2,BAL,,,5
2129,nfl,2024,3,KC,,,5
2130,nfl,2024,4,SF,,,5
2131,nfl,2024,5,ATL,,,4
2132,nfl,2024,6,CHI,,,4
2133,nfl,2024,7,CIN,,,4
2134,nfl,2024,8,DAL,,,4
2135,nfl,2024,9,GB,,,4
2136,nfl,2024,10,IND,,,4
2137,nfl,2024,11,LAC,,,4
2138,nfl,2024,12,NO,,,4
2139,nfl,2024,13,PIT,,,4
2140,nfl,2024,14,ARI,,,3
2141,nfl,2024,15,BUF,,,3
2142,nfl,2024,16,JAX,,,3
2143,nfl,2024,17,NYJ,,,3
2144,nfl,2024,18,NYG,,,3
2145,nfl,2024,19,SEA,,,3
2146,nfl,2024,20,TB,,,3
2147,nfl,2024,21,WAS,,,3
2148,nfl,2024,22,CLE,,,2
2149,nfl,2024,23,DEN,,,2
2150,nfl,2024,24,DET,,,2
2151,nfl,2024,25,HOU,,,2
2152,nfl,2024,26,LV,,,2
2153,nfl,2024,27,MIA,,,2
2154,nfl,2024,28,PHI,,,2
2155,nfl,2024,29,TEN,,,2
2156,nfl,2024,30,CAR,,,1
2157,nfl,2024,31,MIN,,,1
2158,nfl,2024,32,NE,,,1
