,league,season,rank,player,team,position,salary
0,nfl,2021,1,Russell Wilson,SEA,QB,"$32,000,000"
1,nfl,2021,2,Kirk Cousins,MIN,QB,"$31,166,666"
2,nfl,2021,3,Aaron Rodgers,GB,QB,"$27,073,568"
3,nfl,2021,4,Matt Ryan,ATL,QB,"$26,912,500"
4,nfl,2021,5,Jimmy Garoppolo,SF,QB,"$26,400,000"
5,nfl,2021,6,Ben Roethlisberger,PIT,QB,"$25,910,000"
6,nfl,2021,7,Frank Clark,KC,ED/DE,"$25,800,000"
7,nfl,2021,8,DeMarcus Lawrence,DAL,ED/DE,"$25,000,000"
8,nfl,2021,9,Derek Carr,LV,QB,"$22,125,000"
9,nfl,2021,10,Amari Cooper,DAL,WR,"$22,000,000"
10,nfl,2021,11,Carson Wentz,IND,QB,"$21,305,882"
11,nfl,2021,12,Grady Jarrett,ATL,DL/DT,"$20,833,000"
12,nfl,2021,13,Joey Bosa,LAC,LB/OLB,"$20,750,000"
13,nfl,2021,14,Chandler Jones,ARI,ED/OLB,"$20,176,388"
14,nfl,2021,15,Matthew Stafford,LAR,QB,"$20,000,000"
15,nfl,2021,16,Trey Flowers,DET,LB/OLB,"$19,989,000"
16,nfl,2021,17,D.J. Humphries,ARI,LT,"$19,930,000"
17,nfl,2021,18,Tyrann Mathieu,KC,FS,"$19,733,334"
18,nfl,2021,19,Brandon Scherff,WAS,G,"$18,036,000"
19,nfl,2021,20,Allen Robinson,CHI,WR,"$17,980,000"
20,nfl,2021,21,Dak Prescott,DAL,QB,"$17,200,000"
21,nfl,2021,22,Bobby Wagner,SEA,LB/ILB,"$17,150,000"
22,nfl,2021,23,DeForest Buckner,IND,DL/DT,"$17,000,000"
23,nfl,2021,24,Davante Adams,GB,WR,"$16,787,500"
24,nfl,2021,25,Landon Collins,WAS,SS,"$16,543,750"
25,nfl,2021,26,Byron Jones,MIA,CB,"$16,100,000"
26,nfl,2021,27,Chris Godwin,TB,WR,"$15,983,000"
27,nfl,2021,28,Deshaun Watson,HOU,QB,"$15,940,000"
28,nfl,2021,29,Tyreek Hill,KC,WR,"$15,850,500"
29,nfl,2021,30,Trae Waynes,CIN,CB,"$15,800,000"
30,nfl,2021,31,Keenan Allen,LAC,WR,"$15,700,000"
31,nfl,2021,32,Mike Williams,LAC,WR,"$15,680,000"
32,nfl,2021,33,Joe Haden,PIT,CB,"$15,575,000"
33,nfl,2021,34,Kevin Byard,TEN,FS,"$15,038,000"
34,nfl,2021,35,Andrew Norwell,JAX,G,"$15,000,000"
35,nfl,2021,36,Jarvis Landry,CLE,WR,"$14,711,765"
36,nfl,2021,37,Khalil Mack,CHI,ED/OLB,"$14,646,000"
37,nfl,2021,38,Za'Darius Smith,GB,ED/OLB,"$14,620,000"
38,nfl,2021,39,Aaron Donald,LAR,DL/DT,"$14,392,000"
39,nfl,2021,40,Carl Lawson,NYJ,DL/DE,"$14,333,333"
40,nfl,2021,41,Cam Robinson,JAX,LT,"$13,754,000"
41,nfl,2021,42,D.J. Reader,CIN,DL/DT,"$13,562,500"
42,nfl,2021,43,Derrick Henry,TEN,RB,"$13,500,000"
43,nfl,2021,44,Kolton Miller,LV,LT,"$13,469,333"
44,nfl,2021,45,Taylor Lewan,TEN,LT,"$13,393,971"
45,nfl,2021,46,Danielle Hunter,MIN,ED/DE,"$13,370,000"
46,nfl,2021,47,Kendall Fuller,WAS,CB,"$13,125,000"
47,nfl,2021,48,Calais Campbell,BAL,DL/DE,"$13,000,000"
48,nfl,2021,,Jack Conklin,CLE,RT,"$13,000,000"
49,nfl,2021,50,Brandon Williams,BAL,DL/DT,"$12,920,000"
50,nfl,2021,51,Fletcher Cox,PHI,DL/DT,"$12,916,409"
51,nfl,2021,52,Jason Pierre-Paul,TB,ED/OLB,"$12,800,000"
52,nfl,2021,53,Corey Davis,NYJ,WR,"$12,666,666"
53,nfl,2021,54,DeAndre Hopkins,ARI,WR,"$12,500,000"
54,nfl,2021,55,Trey Hendrickson,CIN,ED/DE,"$12,476,471"
55,nfl,2021,56,Eric Kendricks,MIN,LB/ILB,"$12,467,500"
56,nfl,2021,57,Arik Armstead,SF,ED/DE,"$12,455,882"
57,nfl,2021,58,Dont'a Hightower,NE,LB/ILB,"$12,397,059"
58,nfl,2021,59,Rodger Saffold,TEN,G,"$12,316,165"
59,nfl,2021,60,Jake Matthews,ATL,LT,"$12,264,200"
60,nfl,2021,61,Myles Jack,JAX,LB/ILB,"$12,150,000"
61,nfl,2021,62,Xavien Howard,MIA,CB,"$12,129,742"
62,nfl,2021,63,DeVante Parker,MIA,WR,"$12,112,500"
63,nfl,2021,64,Akiem Hicks,CHI,DL/DE,"$12,000,000"
64,nfl,2021,65,Linval Joseph,LAC,DL/DT,"$11,900,000"
65,nfl,2021,66,Graham Glasgow,DEN,G,"$11,882,353"
66,nfl,2021,67,Dante Fowler Jr.,ATL,LB/OLB,"$11,490,195"
67,nfl,2021,68,Dion Dawkins,BUF,LT,"$11,380,294"
68,nfl,2021,69,Robert Quinn,CHI,ED/OLB,"$11,287,500"
69,nfl,2021,70,Chris Harris,LAC,CB,"$11,250,000"
70,nfl,2021,71,Ryan Tannehill,TEN,QB,"$11,100,000"
71,nfl,2021,72,Devin McCourty,NE,FS,"$11,091,176"
72,nfl,2021,73,Bryan Bulaga,LAC,RT,"$11,083,333"
73,nfl,2021,74,J.C. Tretter,CLE,C,"$11,060,294"
74,nfl,2021,75,Lane Johnson,PHI,RT,"$11,056,500"
75,nfl,2021,76,David Bakhtiari,GB,LT,"$10,966,543"
76,nfl,2021,77,Halapoulivaati Vaitai,DET,G,"$10,733,750"
77,nfl,2021,78,Jared Goff,DET,QB,"$10,650,000"
78,nfl,2021,79,Anthony Hitchens,KC,LB/ILB,"$10,635,504"
79,nfl,2021,80,Marcus Maye,NYJ,FS,"$10,612,000"
80,nfl,2021,,Marcus Williams,NO,FS,"$10,612,000"
81,nfl,2021,82,Will Fuller,MIA,WR,"$10,570,011"
82,nfl,2021,83,Baker Mayfield,CLE,QB,"$10,569,130"
83,nfl,2021,84,Tom Brady,TB,QB,"$10,545,588"
84,nfl,2021,85,Ryan Fitzpatrick,WAS,QB,"$10,537,000"
85,nfl,2021,86,James Bradberry,NYG,CB,"$10,522,222"
86,nfl,2021,87,Josh Allen,BUF,QB,"$10,202,338"
87,nfl,2021,88,Michael Thomas,NO,WR,"$10,100,000"
88,nfl,2021,89,Ronnie Stanley,BAL,LT,"$10,042,000"
89,nfl,2021,90,Saquon Barkley,NYG,RB,"$10,025,602"
90,nfl,2021,91,Ryan Jensen,TB,C,"$10,000,000"
91,nfl,2021,92,Marcus Peters,BAL,CB,"$9,968,118"
92,nfl,2021,93,Zack Martin,DAL,G,"$9,950,000"
93,nfl,2021,94,Duane Brown,SEA,LT,"$9,850,000"
94,nfl,2021,95,Tyler Boyd,CIN,WR,"$9,835,294"
95,nfl,2021,96,George Fant,NYJ,LT,"$9,829,411"
96,nfl,2021,97,Kyler Murray,ARI,QB,"$9,763,721"
97,nfl,2021,98,Jalen Ramsey,LAR,CB,"$9,700,000"
98,nfl,2021,99,Shaq Mason,NE,G,"$9,539,699"
99,nfl,2021,100,Nate Solder,NYG,RT,"$9,500,000"
100,nfl,2021,101,Kyle Fuller,DEN,CB,"$9,470,588"
101,nfl,2021,102,Jerry Hughes,BUF,ED/DE,"$9,450,000"
102,nfl,2021,103,Denzel Ward,CLE,CB,"$9,449,886"
103,nfl,2021,104,Leonard Williams,NYG,DL/DE,"$9,400,000"
104,nfl,2021,105,Cameron Jordan,NO,ED/DE,"$9,356,250"
105,nfl,2021,106,Myles Garrett,CLE,ED/DE,"$9,352,000"
106,nfl,2021,107,Connor McGovern,NYJ,C,"$9,333,333"
107,nfl,2021,108,Laremy Tunsil,HOU,LT,"$9,293,333"
108,nfl,2021,109,Nick Bosa,SF,ED/DE,"$9,255,509"
109,nfl,2021,110,Quinnen Williams,NYJ,DL/DE,"$9,046,647"
110,nfl,2021,111,Melvin Gordon,DEN,RB,"$8,941,176"
111,nfl,2021,112,Dee Ford,SF,ED/DE,"$8,909,997"
112,nfl,2021,113,Bradley Chubb,DEN,ED/OLB,"$8,847,215"
113,nfl,2021,114,Robbie Chosen,CAR,WR,"$8,826,666"
114,nfl,2021,115,Preston Smith,GB,ED/OLB,"$8,732,353"
115,nfl,2021,116,Stephon Tuitt,PIT,DL/DE,"$8,600,750"
116,nfl,2021,117,Clelin Ferrell,LV,ED/DE,"$8,552,950"
117,nfl,2021,118,Chris Jones,KC,DL/DT,"$8,541,666"
118,nfl,2021,119,Brandon Linder,JAX,C,"$8,529,412"
119,nfl,2021,120,Bryce Callahan,DEN,CB,"$8,509,805"
120,nfl,2021,121,Marlon Humphrey,BAL,CB,"$8,440,800"
121,nfl,2021,122,Mitch Morse,BUF,C,"$8,327,941"
122,nfl,2021,123,Terron Armstead,NO,LT,"$8,299,375"
123,nfl,2021,124,Austin Hooper,CLE,TE,"$8,250,000"
124,nfl,2021,125,Grover Stewart,IND,DL/DT,"$8,230,000"
125,nfl,2021,126,Joe Burrow,CIN,QB,"$8,225,031"
126,nfl,2021,127,Shaquille Leonard,IND,LB/ILB,"$8,221,785"
127,nfl,2021,128,Trent Williams,SF,LT,"$8,187,647"
128,nfl,2021,129,Mario Addison,BUF,ED/DE,"$8,177,941"
129,nfl,2021,130,Devin White,TB,LB/ILB,"$8,170,222"
130,nfl,2021,131,Joel Bitonio,CLE,G,"$8,158,824"
131,nfl,2021,132,Joe Mixon,CIN,RB,"$8,126,471"
132,nfl,2021,133,T.J. Watt,PIT,ED/OLB,"$8,118,694"
133,nfl,2021,134,Shaq Thompson,CAR,ED/OLB,"$8,053,333"
134,nfl,2021,135,Tyler Lockett,SEA,WR,"$8,050,000"
135,nfl,2021,136,Ali Marpet,TB,G,"$8,025,000"
136,nfl,2021,137,Patrick Peterson,MIN,CB,"$8,000,000"
137,nfl,2021,138,Brandon Graham,PHI,ED/DE,"$7,988,000"
138,nfl,2021,139,Ryan Kelly,IND,C,"$7,900,000"
139,nfl,2021,140,Chase Young,WAS,DL/DE,"$7,855,362"
140,nfl,2021,141,Eddie Goldman,CHI,DL/DT,"$7,800,000"
141,nfl,2021,142,Matt Milano,BUF,LB/OLB,"$7,794,118"
142,nfl,2021,143,Budda Baker,ARI,S,"$7,775,000"
143,nfl,2021,144,Quenton Nelson,IND,G,"$7,771,019"
144,nfl,2021,145,Mike Evans,TB,WR,"$7,697,500"
145,nfl,2021,146,Jeff Okudah,DET,CB,"$7,620,119"
146,nfl,2021,147,Travis Kelce,KC,TE,"$7,605,882"
147,nfl,2021,148,Trenton Brown,NE,RT,"$7,588,235"
148,nfl,2021,149,Star Lotulelei,BUF,DL/DT,"$7,585,294"
149,nfl,2021,150,Mark Glowinski,IND,G,"$7,520,588"
150,nfl,2021,151,C.J. Mosley,NYJ,LB/ILB,"$7,500,000"
151,nfl,2021,,Emmanuel Ogbah,MIA,DL/DE,"$7,500,000"
152,nfl,2021,153,Cameron Heyward,PIT,DL/DT,"$7,481,250"
153,nfl,2021,154,Eric Murray,HOU,SS,"$7,455,882"
154,nfl,2021,155,Patrick Mahomes,KC,QB,"$7,433,381"
155,nfl,2021,156,Jonathan Jones,NE,CB,"$7,371,691"
156,nfl,2021,157,Cole Beasley,BUF,WR,"$7,370,576"
157,nfl,2021,158,Andrew Thomas,NYG,LT,"$7,351,270"
158,nfl,2021,159,Tyron Smith,DAL,LT,"$7,350,000"
159,nfl,2021,160,Case Keenum,CLE,QB,"$7,333,333"
160,nfl,2021,161,Taysom Hill,NO,QB,"$7,259,000"
161,nfl,2021,162,Ben Jones,TEN,C,"$7,250,000"
162,nfl,2021,163,Daniel Jones,NYG,QB,"$7,174,288"
163,nfl,2021,164,Jonathan Allen,WAS,DL/DT,"$7,142,235"
164,nfl,2021,165,Brandon Brooks,PHI,G,"$7,014,237"
165,nfl,2021,166,Kenny Clark,GB,DL/DT,"$6,982,343"
166,nfl,2021,167,Marcus Cannon,HOU,RT,"$6,973,529"
167,nfl,2021,168,Nelson Agholor,NE,WR,"$6,941,176"
168,nfl,2021,169,Matthew Ioannidis,WAS,DL/DT,"$6,902,941"
169,nfl,2021,170,Demario Davis,NO,LB/OLB,"$6,900,000"
170,nfl,2021,171,Christian McCaffrey,CAR,RB,"$6,899,500"
171,nfl,2021,172,Harrison Smith,MIN,FS,"$6,898,234"
172,nfl,2021,173,Justin Pugh,ARI,G,"$6,882,353"
173,nfl,2021,174,Tua Tagovailoa,MIA,QB,"$6,880,781"
174,nfl,2021,175,Hunter Henry,NE,TE,"$6,823,529"
175,nfl,2021,176,Ezekiel Elliott,DAL,RB,"$6,820,000"
176,nfl,2021,177,Jordan Phillips,ARI,DL/DT,"$6,794,222"
177,nfl,2021,178,Tre'Davious White,BUF,CB,"$6,782,000"
178,nfl,2021,179,Jabrill Peppers,NYG,SS,"$6,770,000"
179,nfl,2021,180,Blake Martinez,NYG,LB/ILB,"$6,725,000"
180,nfl,2021,181,Trevor Lawrence,JAX,QB,"$6,689,725"
181,nfl,2021,182,Nick Foles,CHI,QB,"$6,666,666"
182,nfl,2021,183,Laken Tomlinson,SF,G,"$6,651,352"
183,nfl,2021,184,Darius Slay,PHI,CB,"$6,610,000"
184,nfl,2021,185,Corey Linsley,LAC,C,"$6,600,000"
185,nfl,2021,186,Micah Hyde,BUF,SS,"$6,564,705"
186,nfl,2021,187,Trey Hopkins,CIN,C,"$6,563,235"
187,nfl,2021,188,Eric Fisher,IND,LT,"$6,490,000"
188,nfl,2021,189,T.Y. Hilton,IND,WR,"$6,450,000"
189,nfl,2021,190,Michael Davis,LAC,CB,"$6,400,000"
190,nfl,2021,191,Zach Wilson,NYJ,QB,"$6,391,033"
191,nfl,2021,192,A.J. Klein,BUF,LB/OLB,"$6,388,235"
192,nfl,2021,193,Kenny Moore,IND,CB,"$6,385,294"
193,nfl,2021,194,Stefon Diggs,BUF,WR,"$6,378,954"
194,nfl,2021,195,Darren Waller,LV,TE,"$6,370,000"
195,nfl,2021,196,Jamison Crowder,NYJ,WR,"$6,352,932"
196,nfl,2021,197,Deion Jones,ATL,LB/ILB,"$6,330,784"
197,nfl,2021,198,Matt Judon,NE,LB/OLB,"$6,323,529"
198,nfl,2021,199,A.J. Cann,JAX,G,"$6,278,909"
199,nfl,2021,200,Braden Smith,IND,RT,"$6,260,945"
200,nfl,2021,201,Charles Leno,WAS,LT,"$6,220,588"
201,nfl,2021,202,Joshua Hines-Allen,JAX,LB/OLB,"$6,202,538"
202,nfl,2021,203,Trey Lance,SF,QB,"$6,200,959"
203,nfl,2021,204,Stephon Gilmore,CAR,CB,"$6,179,738"
204,nfl,2021,205,Larry Ogunjobi,CIN,DL/DT,"$6,176,471"
205,nfl,2021,206,Adoree' Jackson,NYG,CB,"$6,176,470"
206,nfl,2021,207,C.J. Uzomah,CIN,TE,"$6,156,863"
207,nfl,2021,208,Devon Kennard,ARI,ED/OLB,"$6,144,843"
208,nfl,2021,209,Daryl Williams,BUF,RT,"$6,135,294"
209,nfl,2021,210,Anthony Barr,MIN,LB/OLB,"$6,103,822"
210,nfl,2021,211,La'el Collins,DAL,RT,"$6,053,473"
211,nfl,2021,212,Eric Rowe,MIA,SS,"$6,050,000"
212,nfl,2021,213,Roquan Smith,CHI,LB/ILB,"$6,049,099"
213,nfl,2021,214,Justin Herbert,LAC,QB,"$6,040,626"
214,nfl,2021,215,Chidobe Awuzie,CIN,CB,"$6,038,235"
215,nfl,2021,216,Evan Engram,NYG,TE,"$6,013,000"
216,nfl,2021,,O.J. Howard,TB,TE,"$6,013,000"
217,nfl,2021,,David Njoku,CLE,TE,"$6,013,000"
218,nfl,2021,219,Mike McGlinchey,SF,RT,"$6,006,026"
219,nfl,2021,220,Cam Newton,CAR,QB,"$6,000,000"
220,nfl,2021,,Dalvin Tomlinson,MIN,DL/DT,"$6,000,000"
221,nfl,2021,222,Tavon Young,BAL,CB,"$5,988,000"
222,nfl,2021,223,Kyle Pitts,ATL,TE,"$5,983,726"
223,nfl,2021,224,Adrian Amos,GB,FS,"$5,972,000"
224,nfl,2021,225,Jordan Hicks,ARI,LB/ILB,"$5,941,176"
225,nfl,2021,226,Adam Thielen,MIN,WR,"$5,941,165"
226,nfl,2021,227,Cory Littleton,LV,LB/ILB,"$5,929,754"
227,nfl,2021,228,Robert Woods,LAR,WR,"$5,875,000"
228,nfl,2021,229,Shaquill Griffin,JAX,CB,"$5,852,932"
229,nfl,2021,230,Nick Boyle,BAL,TE,"$5,833,334"
230,nfl,2021,231,Tyler Higbee,LAR,TE,"$5,825,000"
231,nfl,2021,232,Vernon Butler,BUF,DL/DT,"$5,805,882"
232,nfl,2021,233,Javon Hargrave,PHI,DL/DT,"$5,792,000"
233,nfl,2021,234,Anthony Brown,DAL,CB,"$5,750,000"
234,nfl,2021,,Austin Ekeler,LAC,RB,"$5,750,000"
235,nfl,2021,,Justin Simmons,DEN,FS,"$5,750,000"
236,nfl,2021,237,Jack Doyle,IND,TE,"$5,699,265"
237,nfl,2021,238,Matt Paradis,CAR,C,"$5,698,000"
238,nfl,2021,239,Zach Ertz,ARI,TE,"$5,666,667"
239,nfl,2021,240,Andrew Whitworth,LAR,LT,"$5,666,666"
240,nfl,2021,241,Brian O'Neill,MIN,RT,"$5,636,430"
241,nfl,2021,242,Jonnu Smith,NE,TE,"$5,632,345"
242,nfl,2021,243,Ja'Marr Chase,CIN,WR,"$5,603,571"
243,nfl,2021,244,Andrus Peat,NO,G,"$5,600,000"
244,nfl,2021,245,Brandin Cooks,HOU,WR,"$5,588,236"
245,nfl,2021,246,T.J. Hockenson,DET,TE,"$5,580,789"
246,nfl,2021,247,Jason Kelce,PHI,C,"$5,574,000"
247,nfl,2021,248,Vita Vea,TB,DL/DT,"$5,546,232"
248,nfl,2021,249,Jarrad Davis,NYJ,LB/ILB,"$5,500,000"
249,nfl,2021,,Leonard Floyd,LAR,ED/OLB,"$5,500,000"
250,nfl,2021,,William Gholston,TB,DL/DE,"$5,500,000"
251,nfl,2021,252,Vonn Bell,CIN,FS,"$5,488,235"
252,nfl,2021,253,Keelan Cole,NYJ,WR,"$5,470,588"
253,nfl,2021,,Jarran Reed,KC,DL/DT,"$5,470,588"
254,nfl,2021,255,George Kittle,SF,TE,"$5,450,000"
255,nfl,2021,256,Adrian Phillips,NE,FS,"$5,408,088"
256,nfl,2021,257,Brandon Shell,SEA,RT,"$5,375,000"
257,nfl,2021,258,Derrick Brown,CAR,DL/DT,"$5,368,501"
258,nfl,2021,259,Ed Oliver,BUF,DL/DT,"$5,365,951"
259,nfl,2021,260,Mike Hilton,CIN,CB,"$5,352,941"
260,nfl,2021,261,Jimmy Graham,CHI,TE,"$5,340,000"
261,nfl,2021,262,David Onyemata,NO,DL/DT,"$5,330,000"
262,nfl,2021,263,Tyrod Taylor,HOU,QB,"$5,323,529"
263,nfl,2021,264,Cooper Kupp,LAR,WR,"$5,300,000"
264,nfl,2021,265,Ryan Ramczyk,NO,RT,"$5,273,216"
265,nfl,2021,266,Jason Verrett,SF,CB,"$5,264,699"
266,nfl,2021,267,Rob Havenstein,LAR,RT,"$5,258,000"
267,nfl,2021,268,Jordan Poyer,BUF,SS,"$5,251,471"
268,nfl,2021,269,A'Shawn Robinson,LAR,DL/DT,"$5,250,000"
269,nfl,2021,270,Xavier Rhodes,IND,CB,"$5,210,000"
270,nfl,2021,271,Cody Whitehair,CHI,C,"$5,200,000"
271,nfl,2021,272,Albert Wilson,MIA,WR,"$5,183,334"
272,nfl,2021,273,Devin Bush,PIT,LB/ILB,"$5,146,845"
273,nfl,2021,274,Dalvin Cook,MIN,RB,"$5,113,026"
274,nfl,2021,275,Bud Dupree,TEN,ED/OLB,"$5,111,755"
275,nfl,2021,276,Eddie Jackson,CHI,FS,"$5,090,000"
276,nfl,2021,277,Jimmie Ward,SF,FS,"$5,051,765"
277,nfl,2021,278,Malcolm Jenkins,NO,FS,"$5,050,000"
278,nfl,2021,279,Sterling Shepard,NYG,WR,"$5,010,000"
279,nfl,2021,280,Jamal Adams,SEA,SS,"$5,000,000"
280,nfl,2021,,Shaquil Barrett,TB,ED/OLB,"$5,000,000"
281,nfl,2021,,Garett Bolles,DEN,LT,"$5,000,000"
282,nfl,2021,,Jacoby Brissett,MIA,QB,"$5,000,000"
283,nfl,2021,,Andy Dalton,CHI,QB,"$5,000,000"
284,nfl,2021,,Matt Feiler,LAC,RT,"$5,000,000"
285,nfl,2021,,Alvin Kamara,NO,RB,"$5,000,000"
286,nfl,2021,,Yannick Ngakoue,LV,ED/DE,"$5,000,000"
287,nfl,2021,,Michael Pierce,MIN,DL/DT,"$5,000,000"
288,nfl,2021,,Sammy Watkins,BAL,WR,"$5,000,000"
289,nfl,2021,290,Kareem Jackson,DEN,SS,"$4,985,294"
290,nfl,2021,291,Wes Schweitzer,WAS,G,"$4,970,000"
291,nfl,2021,292,Chris Hubbard,CLE,RT,"$4,961,755"
292,nfl,2021,293,Jaylen Waddle,MIA,WR,"$4,924,726"
293,nfl,2021,294,Taylor Decker,DET,LT,"$4,900,000"
294,nfl,2021,,J.J. Watt,ARI,DL/DE,"$4,900,000"
295,nfl,2021,296,Kareem Hunt,CLE,RB,"$4,870,588"
296,nfl,2021,297,Billy Turner,GB,RT,"$4,846,250"
297,nfl,2021,298,Juston Burris,CAR,SS,"$4,827,125"
298,nfl,2021,299,Danny Trevathan,CHI,LB/ILB,"$4,813,235"
299,nfl,2021,300,Jonah Williams,CIN,LT,"$4,808,227"
300,nfl,2021,301,Nick Chubb,CLE,RB,"$4,782,381"
301,nfl,2021,302,David Johnson,HOU,RB,"$4,779,411"
302,nfl,2021,303,Sam Darnold,CAR,QB,"$4,774,685"
303,nfl,2021,304,Chris Boswell,PIT,K,"$4,773,333"
304,nfl,2021,305,Darious Williams,LAR,CB,"$4,766,000"
305,nfl,2021,306,Alejandro Villanueva,BAL,RT,"$4,750,000"
306,nfl,2021,307,Riley Reiff,CIN,RT,"$4,714,705"
307,nfl,2021,308,Maliek Collins,HOU,DL/DT,"$4,705,882"
308,nfl,2021,309,Isaiah Simmons,ARI,LB/ILB,"$4,696,376"
309,nfl,2021,310,Janoris Jenkins,TEN,CB,"$4,682,343"
310,nfl,2021,311,William Jackson,WAS,CB,"$4,656,250"
311,nfl,2021,312,Emmanuel Sanders,BUF,WR,"$4,616,176"
312,nfl,2021,313,Eric Ebron,PIT,TE,"$4,596,000"
313,nfl,2021,314,Daron Payne,WAS,DL/DT,"$4,587,660"
314,nfl,2021,315,Jesse Davis,MIA,RT,"$4,585,000"
315,nfl,2021,316,Kyle Rudolph,NYG,TE,"$4,575,000"
316,nfl,2021,317,Blake Jarwin,DAL,TE,"$4,544,117"
317,nfl,2021,318,Chase Roullier,WAS,C,"$4,540,000"
318,nfl,2021,319,Jalen Mills,NE,CB,"$4,507,352"
319,nfl,2021,320,Jared Cook,LAC,TE,"$4,500,000"
320,nfl,2021,,Nicholas Morrow,LV,LB/OLB,"$4,500,000"
321,nfl,2021,,Romeo Okwara,DET,LB/OLB,"$4,500,000"
322,nfl,2021,,Joe Thuney,KC,G,"$4,500,000"
323,nfl,2021,324,Jedrick Wills,CLE,LT,"$4,477,935"
324,nfl,2021,325,Kenny Golladay,NYG,WR,"$4,473,525"
325,nfl,2021,326,Aaron Jones,GB,RB,"$4,464,706"
326,nfl,2021,327,Sheldon Rankins,NYJ,DL/DT,"$4,455,882"
327,nfl,2021,328,Teddy Bridgewater,DEN,QB,"$4,415,000"
328,nfl,2021,329,Penei Sewell,DET,RT,"$4,381,649"
329,nfl,2021,330,Kyle Van Noy,NE,LB/ILB,"$4,373,522"
330,nfl,2021,331,Jason Myers,SEA,K,"$4,350,000"
331,nfl,2021,332,Marshon Lattimore,NO,CB,"$4,340,800"
332,nfl,2021,333,Rashan Gary,GB,ED/OLB,"$4,330,176"
333,nfl,2021,334,Morgan Moses,NYJ,RT,"$4,320,588"
334,nfl,2021,335,Jerome Baker,MIA,ED/OLB,"$4,288,800"
335,nfl,2021,336,Marvin Jones,JAX,WR,"$4,287,500"
336,nfl,2021,337,Dan Feeney,NYJ,G,"$4,220,588"
337,nfl,2021,338,Christian Wilkins,MIA,DL/DE,"$4,210,664"
338,nfl,2021,339,Ka'imi Fairbairn,HOU,K,"$4,200,000"
339,nfl,2021,340,Mekhi Becton,NYJ,LT,"$4,192,284"
340,nfl,2021,341,Courtland Sutton,DEN,WR,"$4,146,987"
341,nfl,2021,342,Logan Thomas,WAS,TE,"$4,145,000"
342,nfl,2021,343,Tim Patrick,DEN,WR,"$4,134,000"
343,nfl,2021,344,Denzelle Good,LV,G,"$4,120,000"
344,nfl,2021,345,Julio Jones,TEN,WR,"Post June 1st Designation
Post 6/1
                                
                $4,100,000"
345,nfl,2021,346,Gabe Jackson,SEA,G,"$4,075,000"
346,nfl,2021,347,Frank Ragnow,DET,C,"$4,070,954"
347,nfl,2021,348,DaQuan Jones,CAR,DL/DT,"$4,050,000"
348,nfl,2021,,Logan Ryan,NYG,CB,"$4,050,000"
349,nfl,2021,,Kevin Zeitler,BAL,G,"$4,050,000"
350,nfl,2021,351,Davon Godchaux,NE,DL/DT,"$4,044,115"
351,nfl,2021,352,Tremaine Edmunds,BUF,LB/ILB,"$4,028,037"
352,nfl,2021,353,Chris Lindstrom,ATL,G,"$4,011,479"
353,nfl,2021,354,Ronald Darby,DEN,CB,"$4,000,000"
354,nfl,2021,,Gerald Everett,SEA,TE,"$4,000,000"
355,nfl,2021,,Shelby Harris,DEN,DL/DT,"$4,000,000"
356,nfl,2021,,Taylor Moton,CAR,RT,"$4,000,000"
357,nfl,2021,358,Patrick Ricard,BAL,FB,"$3,983,334"
358,nfl,2021,359,Derwin James,LAC,S,"$3,941,942"
359,nfl,2021,360,Rayshawn Jenkins,JAX,S,"$3,941,176"
360,nfl,2021,361,Harrison Butker,KC,K,"$3,934,118"
361,nfl,2021,362,Roy Robertson-Harris,JAX,DL/DT,"$3,921,568"
362,nfl,2021,363,Graham Gano,NYG,K,"$3,907,407"
363,nfl,2021,364,Jadeveon Clowney,CLE,ED/DE,"$3,870,588"
364,nfl,2021,365,Jaycee Horn,CAR,CB,"$3,838,572"
365,nfl,2021,366,Jaire Alexander,GB,CB,"$3,834,281"
366,nfl,2021,367,Dean Lowry,GB,DL/DE,"$3,812,000"
367,nfl,2021,368,Patrick Surtain II,DEN,CB,"$3,811,387"
368,nfl,2021,369,Curtis Samuel,WAS,WR,"$3,775,000"
369,nfl,2021,370,Leighton Vander Esch,DAL,LB/OLB,"$3,769,748"
370,nfl,2021,371,Adam Butler,MIA,DL/DT,"$3,750,000"
371,nfl,2021,372,Samson Ebukam,SF,LB/OLB,"$3,720,588"
372,nfl,2021,,Terrance Mitchell,HOU,CB,"$3,720,588"
373,nfl,2021,374,Brian Burns,CAR,DL/DE,"$3,692,777"
374,nfl,2021,375,Deatrich Wise,NE,ED/DE,"$3,691,176"
375,nfl,2021,376,Tristan Wirfs,TB,RT,"$3,688,188"
376,nfl,2021,377,Johnny Hekker,LAR,P,"$3,687,000"
377,nfl,2021,378,Rashaan Evans,TEN,LB/ILB,"$3,683,653"
378,nfl,2021,379,Takkarist McKinley,CLE,ED/DE,"$3,676,471"
379,nfl,2021,380,DeVonta Smith,PHI,WR,"$3,662,071"
380,nfl,2021,381,John Johnson,CLE,SS,"$3,650,000"
381,nfl,2021,,Donovan Smith,TB,LT,"$3,650,000"
382,nfl,2021,383,Isaiah Wynn,NE,LT,"$3,640,606"
383,nfl,2021,384,Fred Warner,SF,LB/ILB,"$3,636,547"
384,nfl,2021,385,Greg Van Roten,NYJ,G,"$3,632,343"
385,nfl,2021,386,Quandre Diggs,SEA,FS,"$3,625,000"
386,nfl,2021,387,Dexter Lawrence,NYG,DL/DE,"$3,613,102"
387,nfl,2021,388,Raheem Mostert,SF,RB,"$3,600,974"
388,nfl,2021,389,Jon Bostic,WAS,LB/ILB,"$3,565,000"
389,nfl,2021,390,D.J. Moore,CAR,WR,"$3,554,510"
390,nfl,2021,391,Javon Kinlaw,SF,DL/DT,"$3,520,157"
391,nfl,2021,392,Garrett Bradbury,MIN,C,"$3,513,510"
392,nfl,2021,393,Dawuane Smoot,JAX,ED/DE,"$3,513,235"
393,nfl,2021,394,Denico Autry,TEN,DL/DE,"$3,511,754"
394,nfl,2021,395,A.J. Green,ARI,WR,"$3,500,000"
395,nfl,2021,,Johnathan Hankins,LV,DL/DT,"$3,500,000"
396,nfl,2021,,Marcus Mariota,LV,QB,"$3,500,000"
397,nfl,2021,,Ryan Succop,TB,K,"$3,500,000"
398,nfl,2021,399,Daniel Carlson,LV,K,"$3,499,556"
399,nfl,2021,400,Cameron Erving,CAR,LT,"$3,490,000"
400,nfl,2021,401,Justin Tucker,BAL,K,"$3,483,333"
401,nfl,2021,402,Calvin Ridley,ATL,WR,"$3,468,410"
402,nfl,2021,403,D.J. Jones,SF,DL/DT,"$3,455,870"
403,nfl,2021,404,Jeffery Simmons,TEN,DL/DE,"$3,453,751"
404,nfl,2021,405,Jerry Jeudy,DEN,WR,"$3,452,949"
405,nfl,2021,406,Noah Fant,DEN,TE,"$3,433,833"
406,nfl,2021,407,Justin Fields,CHI,QB,"$3,431,265"
407,nfl,2021,408,Malcom Brown,JAX,DL/DT,"$3,429,411"
408,nfl,2021,409,Rashaad Penny,SEA,RB,"$3,425,367"
409,nfl,2021,410,Sam Hubbard,CIN,ED/DE,"$3,423,476"
410,nfl,2021,411,Darnell Savage,GB,SS,"$3,413,915"
411,nfl,2021,412,Terrell Edmunds,PIT,SS,"$3,403,843"
412,nfl,2021,413,Jason Sanders,MIA,K,"$3,392,800"
413,nfl,2021,414,Mo Alie-Cox,IND,TE,"$3,384,000"
414,nfl,2021,,Orlando Brown Jr.,KC,LT,"$3,384,000"
415,nfl,2021,,Dennis Gardeck,ARI,ED/OLB,"$3,384,000"
416,nfl,2021,,Matt Gono,ATL,T,"$3,384,000"
417,nfl,2021,,J.C. Jackson,NE,CB,"$3,384,000"
418,nfl,2021,,A.J. Johnson,DEN,LB/ILB,"$3,384,000"
419,nfl,2021,,Zach Pascal,IND,WR,"$3,384,000"
420,nfl,2021,,Charvarius Ward,KC,CB,"$3,384,000"
421,nfl,2021,422,Andre Dillard,PHI,LT,"$3,373,796"
422,nfl,2021,423,Lavonte David,TB,ED/OLB,"$3,360,000"
423,nfl,2021,424,Tytus Howard,HOU,RT,"$3,334,241"
424,nfl,2021,425,Dallas Goedert,PHI,TE,"$3,319,832"
425,nfl,2021,426,Henry Anderson,NE,ED/DE,"$3,305,882"
426,nfl,2021,427,Mike Remmers,KC,LT,"$3,300,000"
427,nfl,2021,428,Marcus Davenport,NO,ED/DE,"$3,289,034"
428,nfl,2021,429,Jon Feliciano,BUF,G,"$3,264,706"
429,nfl,2021,430,K.J. Wright,LV,LB/OLB,"$3,255,000"
430,nfl,2021,431,Josh Jacobs,LV,RB,"$3,254,563"
431,nfl,2021,432,A.J. Terrell,ATL,CB,"$3,251,306"
432,nfl,2021,433,Tarik Cohen,CHI,RB,"$3,250,000"
433,nfl,2021,,Leonard Fournette,TB,RB,"$3,250,000"
434,nfl,2021,,Brett Kern,TEN,P,"$3,250,000"
435,nfl,2021,436,Taven Bryan,JAX,DL/DT,"$3,231,123"
436,nfl,2021,437,Quinton Jefferson,LV,DL/DT,"$3,220,000"
437,nfl,2021,438,Marquise Brown,BAL,WR,"$3,214,729"
438,nfl,2021,439,Maxx Williams,ARI,TE,"$3,208,823"
439,nfl,2021,440,Ndamukong Suh,TB,DL/DT,"$3,200,000"
440,nfl,2021,441,Desmond King,HOU,CB,"$3,191,176"
441,nfl,2021,442,CeeDee Lamb,DAL,WR,"$3,184,094"
442,nfl,2021,443,Harold Landry,TEN,ED/OLB,"$3,177,307"
443,nfl,2021,444,Montez Sweat,WAS,DL/DE,"$3,174,889"
444,nfl,2021,445,Sam Tevi,IND,LT,"$3,170,000"
445,nfl,2021,446,Mark Andrews,BAL,TE,"$3,161,776"
446,nfl,2021,447,Mason Crosby,GB,K,"$3,160,000"
447,nfl,2021,448,Johnathan Abram,LV,FS,"$3,135,053"
448,nfl,2021,449,Jerry Tillery,LAC,DL/DT,"$3,115,134"
449,nfl,2021,450,Micah Parsons,DAL,LB/OLB,"$3,105,417"
450,nfl,2021,451,Xavier Su'a-Filo,CIN,G,"$3,103,921"
451,nfl,2021,452,Austin Jackson,MIA,LT,"$3,100,079"
452,nfl,2021,453,Kendrick Bourne,NE,WR,"$3,078,421"
453,nfl,2021,454,Josh Sweat,PHI,ED/DE,"$3,069,400"
454,nfl,2021,455,Will Hernandez,NYG,G,"$3,057,683"
455,nfl,2021,456,Al-Quadin Muhammad,IND,ED/DE,"$3,055,000"
456,nfl,2021,457,Michael Brockers,DET,DL/DT,"$3,050,000"
457,nfl,2021,458,K’Lavon Chaisson,JAX,LB/OLB,"$3,032,866"
458,nfl,2021,459,Christian Kirk,ARI,WR,"$3,024,794"
459,nfl,2021,460,Rashawn Slater,LAC,LT,"$3,023,956"
460,nfl,2021,461,Jalen Reagor,PHI,WR,"$3,016,063"
461,nfl,2021,462,Lamar Jackson,BAL,QB,"$3,013,708"
462,nfl,2021,463,Isaac Seumalo,PHI,G,"$3,008,000"
463,nfl,2021,464,Matthew Slater,NE,WR,"$3,001,464"
464,nfl,2021,465,Tyus Bowser,BAL,ED/OLB,"$3,000,000"
465,nfl,2021,,Kenyan Drake,LV,RB,"$3,000,000"
466,nfl,2021,,Anthony Firkser,TEN,TE,"$3,000,000"
467,nfl,2021,,Ereck Flowers,WAS,G,"$3,000,000"
468,nfl,2021,,Rob Gronkowski,TB,TE,"$3,000,000"
469,nfl,2021,,C.J. Ham,MIN,FB,"$3,000,000"
470,nfl,2021,,Austin Johnson,NYG,DL/DT,"$3,000,000"
471,nfl,2021,,Cordarrelle Patterson,ATL,RB,"$3,000,000"
472,nfl,2021,,Trai Turner,PIT,G,"$3,000,000"
473,nfl,2021,474,Justin Jefferson,MIN,WR,"$2,982,455"
474,nfl,2021,475,Alex Mack,SF,C,"$2,979,411"
475,nfl,2021,476,Ted Karras,NE,C,"$2,970,588"
476,nfl,2021,477,James Daniels,CHI,G,"$2,966,667"
477,nfl,2021,478,Wil Lutz,NO,K,"$2,960,000"
478,nfl,2021,479,Nick Williams,DET,DL/DT,"$2,956,064"
479,nfl,2021,480,L.J. Collier,SEA,ED/DE,"$2,955,294"
480,nfl,2021,481,Derek Watt,PIT,FB,"$2,953,333"
481,nfl,2021,482,Connor Williams,DAL,G,"$2,950,998"
482,nfl,2021,483,Kenneth Murray,LAC,LB/ILB,"$2,948,850"
483,nfl,2021,484,Nick Gates,NYG,C,"$2,945,833"
484,nfl,2021,485,Tyler Matakevich,BUF,LB/ILB,"$2,935,294"
485,nfl,2021,486,LaMarcus Joyner,NYJ,FS,"$2,911,754"
486,nfl,2021,487,Carlos Dunlap,SEA,ED/DE,"$2,900,000"
487,nfl,2021,,Sam Koch,BAL,P,"$2,900,000"
488,nfl,2021,,Derek Wolfe,BAL,DL/DE,"$2,900,000"
489,nfl,2021,490,Carl Nassib,LV,ED/DE,"$2,892,000"
490,nfl,2021,491,Alijah Vera-Tucker,NYJ,G,"$2,888,187"
491,nfl,2021,492,Allen Hurns,MIA,WR,"$2,883,333"
492,nfl,2021,493,Cesar Ruiz,NO,G,"$2,881,638"
493,nfl,2021,494,Zach Banner,PIT,RT,"$2,875,000"
494,nfl,2021,495,Jordan Mailata,PHI,LT,"$2,872,349"
495,nfl,2021,496,Chuck Clark,BAL,SS,"$2,868,333"
496,nfl,2021,497,Nyheim Miller-Hines,IND,RB,"$2,861,139"
497,nfl,2021,498,Rodney Hudson,ARI,C,"$2,860,000"
498,nfl,2021,499,Jessie Bates III,CIN,FS,"$2,852,604"
499,nfl,2021,500,Brandon Aiyuk,SF,WR,"$2,848,032"
500,nfl,2021,501,Donte Jackson,CAR,CB,"$2,838,005"
501,nfl,2021,502,Mac Jones,NE,QB,"$2,833,882"
502,nfl,2021,503,Kevin Pierre-Louis,HOU,ED/OLB,"$2,823,529"
503,nfl,2021,504,Greg Zuerlein,DAL,K,"$2,818,627"
504,nfl,2021,505,Jordan Love,GB,QB,"$2,814,421"
505,nfl,2021,506,Derek Barnett,PHI,ED/DE,"$2,802,200"
506,nfl,2021,507,Bradley Pinion,TB,P,"$2,800,000"
507,nfl,2021,,Solomon Thomas,LV,ED/DE,"$2,800,000"
508,nfl,2021,509,Kaleb McGary,ATL,RT,"$2,799,748"
509,nfl,2021,510,Avonte Maddox,PHI,CB,"$2,790,411"
510,nfl,2021,511,Sam Martin,DEN,P,"$2,783,333"
511,nfl,2021,512,Jordyn Brooks,SEA,LB/OLB,"$2,780,820"
512,nfl,2021,513,Riley Dixon,NYG,P,"$2,770,566"
513,nfl,2021,514,Patrick Queen,BAL,LB/ILB,"$2,764,016"
514,nfl,2021,515,N'Keal Harry,NE,WR,"$2,754,095"
515,nfl,2021,516,Carlton Davis,TB,CB,"$2,751,748"
516,nfl,2021,517,Germain Ifedi,CHI,RT,"$2,750,000"
517,nfl,2021,518,Ryan Griffin,NYJ,TE,"$2,740,588"
518,nfl,2021,519,Minkah Fitzpatrick,PIT,FS,"$2,722,878"
519,nfl,2021,520,Christopher Carson,SEA,RB,"$2,700,000"
520,nfl,2021,,Cethan Carter,MIA,TE,"$2,700,000"
521,nfl,2021,522,Justin Reid,HOU,FS,"$2,692,914"
522,nfl,2021,523,Randall Cobb,GB,WR,"$2,687,254"
523,nfl,2021,524,Wyatt Teller,CLE,G,"$2,677,800"
524,nfl,2021,525,Zaven Collins,ARI,LB/ILB,"$2,670,956"
525,nfl,2021,526,Poona Ford,SEA,DL/DT,"$2,670,000"
526,nfl,2021,527,Michael Gallup,DAL,WR,"$2,665,495"
527,nfl,2021,528,Tyeler Davison,ATL,DL/DT,"$2,663,333"
528,nfl,2021,529,Emmanuel Moseley,SF,CB,"$2,652,000"
529,nfl,2021,530,Jayon Brown,TEN,LB/ILB,"$2,651,961"
530,nfl,2021,531,Christian Kirksey,HOU,LB/ILB,"$2,647,058"
531,nfl,2021,532,Jourdan Lewis,DAL,CB,"$2,637,242"
532,nfl,2021,533,Zach Sieler,MIA,DL/DT,"$2,625,000"
533,nfl,2021,534,Alex Leatherwood,LV,RT,"$2,616,648"
534,nfl,2021,535,Jamal Agnew,JAX,WR,"$2,613,724"
535,nfl,2021,536,Robbie Gould,SF,K,"$2,609,313"
536,nfl,2021,537,Chris Manhertz,JAX,TE,"$2,607,353"
537,nfl,2021,538,Jordan Whitehead,TB,S,"$2,599,815"
538,nfl,2021,539,Kendall Lamm,TEN,RT,"$2,591,176"
539,nfl,2021,540,Tress Way,WAS,P,"$2,565,000"
540,nfl,2021,541,Noah Igbinoghene,MIA,CB,"$2,557,775"
541,nfl,2021,542,Jaelan Phillips,MIA,DL/DE,"$2,548,764"
542,nfl,2021,543,Isaiah Oliver,ATL,CB,"$2,546,026"
543,nfl,2021,544,DJ Chark,JAX,WR,"$2,511,588"
544,nfl,2021,545,Jamin Davis,WAS,LB,"$2,508,032"
545,nfl,2021,546,Andre James,LV,C,"$2,503,334"
546,nfl,2021,547,Tarell Basham,DAL,ED/DE,"$2,500,000"
547,nfl,2021,,Devontae Booker,NYG,RB,"$2,500,000"
548,nfl,2021,,Casey Hayward,LV,CB,"$2,500,000"
549,nfl,2021,,Zay Jones,LV,WR,"$2,500,000"
550,nfl,2021,,Mitchell Trubisky,BUF,QB,"$2,500,000"
551,nfl,2021,,Jihad Ward,JAX,LB/OLB,"$2,500,000"
552,nfl,2021,,Jameis Winston,NO,QB,"$2,500,000"
553,nfl,2021,554,Morgan Fox,CAR,DL/DE,"$2,495,000"
554,nfl,2021,555,Kadarius Toney,NYG,WR,"$2,494,456"
555,nfl,2021,556,Nick Kwiatkoski,LV,LB/OLB,"$2,492,000"
556,nfl,2021,557,Kwity Paye,IND,ED/DE,"$2,480,877"
557,nfl,2021,558,Clayton Fejedelem,MIA,SS,"$2,478,125"
558,nfl,2021,559,Isaac Rochell,IND,ED/DE,"$2,470,000"
559,nfl,2021,560,Clyde Edwards-Helaire,KC,RB,"$2,459,448"
560,nfl,2021,561,Caleb Farley,TEN,CB,"$2,453,724"
561,nfl,2021,562,Brandon Parker,LV,LT,"$2,447,606"
562,nfl,2021,563,Lorenzo Carter,NYG,ED/OLB,"$2,445,451"
563,nfl,2021,564,Kamu Grugier-Hill,HOU,LB/ILB,"$2,441,165"
564,nfl,2021,565,Jalen Richard,LV,RB,"$2,440,000"
565,nfl,2021,566,Christian Darrisaw,MIN,LT,"$2,426,571"
566,nfl,2021,567,Justin Britt,HOU,C,"$2,423,528"
567,nfl,2021,568,Derrick Nnadi,KC,DL/DT,"$2,422,850"
568,nfl,2021,569,Al Woods,SEA,DL/DT,"$2,411,765"
569,nfl,2021,570,Tracy Walker,DET,FS,"$2,403,497"
570,nfl,2021,571,JuJu Smith-Schuster,PIT,WR,"$2,400,000"
571,nfl,2021,572,Geoff Swaim,TEN,TE,"$2,397,050"
572,nfl,2021,573,Justin Jones,LAC,DL/DT,"$2,396,535"
573,nfl,2021,574,Chukwuma Okorafor,PIT,LT,"$2,386,091"
574,nfl,2021,575,Alex Cappa,TB,G,"$2,381,426"
575,nfl,2021,576,Tim Boyle,DET,QB,"$2,376,471"
576,nfl,2021,577,Jordan Akins,HOU,TE,"$2,373,380"
577,nfl,2021,578,Michael Dickson,SEA,P,"$2,372,540"
578,nfl,2021,579,Najee Harris,PIT,RB,"$2,372,263"
579,nfl,2021,580,Ian Thomas,CAR,TE,"$2,369,700"
580,nfl,2021,581,Taron Johnson,BUF,CB,"$2,362,184"
581,nfl,2021,582,Josey Jewell,DEN,LB/ILB,"$2,361,497"
582,nfl,2021,583,Jordan Jenkins,HOU,DL/DE,"$2,352,932"
583,nfl,2021,584,Kyzir White,LAC,LB/ILB,"$2,346,611"
584,nfl,2021,585,Travis Etienne,JAX,RB,"$2,345,110"
585,nfl,2021,586,Marcedes Lewis,GB,TE,"$2,342,640"
586,nfl,2021,587,Durham Smythe,MIA,TE,"$2,341,061"
587,nfl,2021,588,Cameron Johnston,HOU,P,"$2,333,333"
588,nfl,2021,589,Greg Newsome,CLE,CB,"$2,317,952"
589,nfl,2021,590,Brandon McManus,DEN,K,"$2,306,250"
590,nfl,2021,591,Dalton Schultz,DAL,TE,"$2,296,092"
591,nfl,2021,592,Rashod Bateman,BAL,WR,"$2,290,802"
592,nfl,2021,593,Sheldon Richardson,MIN,DL/DT,"$2,281,372"
593,nfl,2021,594,Payton Turner,NO,ED/DE,"$2,277,225"
594,nfl,2021,595,Bobby Massie,DEN,RT,"$2,275,000"
595,nfl,2021,596,Justin Murray,ARI,G,"$2,274,509"
596,nfl,2021,597,Adam Shaheen,MIA,TE,"$2,258,333"
597,nfl,2021,598,Bilal Nichols,CHI,DL/DE,"$2,257,872"
598,nfl,2021,599,Tyrell Crosby,DET,LT,"$2,254,923"
599,nfl,2021,600,Kyle Juszczyk,SF,FB,"$2,251,471"
600,nfl,2021,601,Ronald Jones II,TB,RB,"$2,250,154"
601,nfl,2021,602,Justin Coleman,MIA,CB,"$2,250,000"
602,nfl,2021,,Mike Davis,ATL,RB,"$2,250,000"
603,nfl,2021,,Gus Edwards,BAL,RB,"$2,250,000"
604,nfl,2021,,Jimmy Smith,BAL,CB,"$2,250,000"
605,nfl,2021,606,Justin Hardee,NYJ,CB,"$2,247,050"
606,nfl,2021,607,Benson Mayowa,SEA,ED/DE,"$2,240,000"
607,nfl,2021,608,Marquez Valdes-Scantling,GB,WR,"$2,237,389"
608,nfl,2021,609,Foley Fatukasi,NYJ,DL/DT,"$2,226,564"
609,nfl,2021,610,Deshon Elliott,BAL,FS,"$2,222,451"
610,nfl,2021,611,Russell Gage,ATL,WR,"$2,222,050"
611,nfl,2021,612,Sebastian Joseph,LAR,DL/DT,"$2,221,810"
612,nfl,2021,613,Foyesade Oluokun,ATL,LB/ILB,"$2,219,658"
613,nfl,2021,614,Bradley Bozeman,BAL,C,"$2,212,602"
614,nfl,2021,615,Randy Gregory,DAL,ED/DE,"$2,200,000"
615,nfl,2021,616,Mason Rudolph,PIT,QB,"$2,193,066"
616,nfl,2021,617,Mason Cole,MIN,C,"$2,183,000"
617,nfl,2021,,Ronnie Harrison,CLE,SS,"$2,183,000"
618,nfl,2021,,B.J. Hill,CIN,DL/DT,"$2,183,000"
619,nfl,2021,,Cedrick Wilson,DAL,WR,"$2,183,000"
620,nfl,2021,621,Byron Murphy,ARI,CB,"$2,178,954"
621,nfl,2021,622,Eric Stokes,GB,CB,"$2,168,277"
622,nfl,2021,623,A.J. Bouye,CAR,CB,"$2,168,056"
623,nfl,2021,624,Rock Ya-Sin,IND,CB,"$2,159,033"
624,nfl,2021,625,Elandon Roberts,MIA,ED/OLB,"$2,140,000"
625,nfl,2021,626,Jawaan Taylor,JAX,RT,"$2,139,115"
626,nfl,2021,627,Ike Boettger,BUF,G,"$2,133,000"
627,nfl,2021,,A.J. Moore,HOU,S,"$2,133,000"
628,nfl,2021,,George Odum,IND,S,"$2,133,000"
629,nfl,2021,,Byron Pringle,KC,WR,"$2,133,000"
630,nfl,2021,,Cam Sims,WAS,WR,"$2,133,000"
631,nfl,2021,,Ezekiel Turner,ARI,LB/ILB,"$2,133,000"
632,nfl,2021,633,Greg Rousseau,BUF,ED/DE,"$2,110,582"
633,nfl,2021,634,C.J. Beathard,JAX,QB,"$2,108,819"
634,nfl,2021,635,Mike Gesicki,MIA,TE,"$2,103,794"
635,nfl,2021,636,Deebo Samuel,SF,WR,"$2,099,279"
636,nfl,2021,637,Lucas Patrick,GB,G,"$2,091,668"
637,nfl,2021,638,Billy Price,NYG,C,"$2,077,158"
638,nfl,2021,639,Jake Elliott,PHI,K,"$2,076,000"
639,nfl,2021,640,Justin Houston,BAL,ED/OLB,"$2,075,000"
640,nfl,2021,,James Hurst,NO,LT,"$2,075,000"
641,nfl,2021,642,Odafe Oweh,BAL,ED/OLB,"$2,062,253"
642,nfl,2021,643,Cornelius Lucas,WAS,LT,"$2,050,000"
643,nfl,2021,,Jeff Wilson,SF,RB,"$2,050,000"
644,nfl,2021,645,Cody Ford,BUF,G,"$2,047,492"
645,nfl,2021,646,Tyson Alualu,PIT,DL/DE,"$2,037,500"
646,nfl,2021,647,Joe Tryon,TB,DL/DE,"$2,031,134"
647,nfl,2021,648,Mike Purcell,DEN,DL/DT,"$2,028,869"
648,nfl,2021,649,Travis Carrie,IND,CB,"$2,025,000"
649,nfl,2021,650,Sean Bunting,TB,CB,"$2,011,636"
650,nfl,2021,651,Angelo Blackson,CHI,DL/DE,"$2,000,000"
651,nfl,2021,,Chase Daniel,LAC,QB,"$2,000,000"
652,nfl,2021,,Blaine Gabbert,TB,QB,"$2,000,000"
653,nfl,2021,,Marlon Mack,IND,RB,"$2,000,000"
654,nfl,2021,,Keanu Neal,DAL,LB/ILB,"$2,000,000"
655,nfl,2021,,Ethan Pocic,SEA,C,"$2,000,000"
656,nfl,2021,,Matt Prater,ARI,K,"$2,000,000"
657,nfl,2021,,Rigoberto Sanchez,IND,P,"$2,000,000"
658,nfl,2021,659,Haason Reddick,CAR,ED/OLB,"$1,992,000"
659,nfl,2021,660,Markus Golden,ARI,ED/OLB,"$1,985,294"
660,nfl,2021,,Tre Herndon,JAX,CB,"$1,985,294"
661,nfl,2021,662,Hayden Hurst,ATL,TE,"$1,984,913"
662,nfl,2021,663,Trayvon Mullen,LV,CB,"$1,979,767"
663,nfl,2021,664,Brandon Bolden,NE,RB,"$1,976,470"
664,nfl,2021,665,Tee Higgins,CIN,WR,"$1,974,270"
665,nfl,2021,666,Neville Hewitt,HOU,ED/OLB,"$1,970,588"
666,nfl,2021,667,Carlos Hyde,JAX,RB,"$1,967,640"
667,nfl,2021,668,Damien Wilson,JAX,LB/ILB,"$1,964,705"
668,nfl,2021,669,Michael Pittman Jr.,IND,WR,"$1,957,466"
669,nfl,2021,670,Kerry Hyder,SEA,ED/DE,"$1,950,000"
670,nfl,2021,671,Dalton Risner,DEN,G,"$1,947,896"
671,nfl,2021,672,D'Andre Swift,DET,RB,"$1,940,662"
672,nfl,2021,673,Kevin King,GB,CB,"$1,929,412"
673,nfl,2021,674,Drew Lock,DEN,QB,"$1,912,041"
674,nfl,2021,675,Justin Bethel,NE,CB,"$1,909,804"
675,nfl,2021,676,Xavier McKinney,NYG,FS,"$1,907,056"
676,nfl,2021,677,Cody Davis,NE,FS,"$1,905,882"
677,nfl,2021,678,Kyle Dugger,NE,S,"$1,893,614"
678,nfl,2021,679,Troy Hill,CLE,CB,"$1,875,000"
679,nfl,2021,680,Yetur Gross-Matos,CAR,DL/DE,"$1,863,365"
680,nfl,2021,681,Elgton Jenkins,GB,LT,"$1,849,805"
681,nfl,2021,682,Malik Jackson,CLE,DL/DT,"$1,841,544"
682,nfl,2021,683,John Ross,NYG,WR,"$1,838,233"
683,nfl,2021,684,Robert Hunt,MIA,G,"$1,833,123"
684,nfl,2021,685,Uchenna Nwosu,LAC,LB/OLB,"$1,832,595"
685,nfl,2021,686,Deshazor Everett,WAS,FS,"$1,826,755"
686,nfl,2021,687,Mike Hughes,KC,CB,"$1,825,566"
687,nfl,2021,688,Anthony Walker Jr.,CLE,LB/ILB,"$1,821,666"
688,nfl,2021,689,Cameron Brate,TB,TE,"$1,810,000"
689,nfl,2021,690,Joejuan Williams,NE,CB,"$1,807,270"
690,nfl,2021,691,Ross Blacklock,HOU,DL/DT,"$1,806,236"
691,nfl,2021,692,Tashaun Gipson,CHI,FS,"$1,805,000"
692,nfl,2021,693,Mike Boone,DEN,RB,"$1,800,000"
693,nfl,2021,,Lee Smith,ATL,TE,"$1,800,000"
694,nfl,2021,695,Tyler Kroft,NYJ,TE,"$1,794,110"
695,nfl,2021,696,Sony Michel,LAR,RB,"$1,792,731"
696,nfl,2021,697,Jonathan Taylor,IND,RB,"$1,779,352"
697,nfl,2021,698,Greedy Williams,CLE,CB,"$1,761,457"
698,nfl,2021,699,Rodney McLeod,PHI,FS,"$1,760,000"
699,nfl,2021,700,Malcolm Brown,MIA,RB,"$1,750,000"
700,nfl,2021,,James Conner,ARI,RB,"$1,750,000"
701,nfl,2021,,Charles Harris,DET,LB/OLB,"$1,750,000"
702,nfl,2021,,Nick Martin,LV,C,"$1,750,000"
703,nfl,2021,,Ty Nsekhe,DAL,LT,"$1,750,000"
704,nfl,2021,,Rakeem Nunez-Roches,TB,DL/DT,"$1,750,000"
705,nfl,2021,,Brent Urban,DAL,ED/DE,"$1,750,000"
706,nfl,2021,707,Laviska Shenault,JAX,WR,"$1,749,106"
707,nfl,2021,708,Danny Amendola,HOU,WR,"$1,747,058"
708,nfl,2021,709,Alex Anzalone,DET,LB/ILB,"$1,735,294"
709,nfl,2021,,Tavierre Thomas,HOU,CB,"$1,735,294"
710,nfl,2021,,Carlos Watkins,DAL,ED/DE,"$1,735,294"
711,nfl,2021,,Xavier Woods,MIN,S,"$1,735,294"
712,nfl,2021,713,Justin McCray,HOU,G,"$1,732,353"
713,nfl,2021,714,David Andrews,NE,C,"$1,727,932"
714,nfl,2021,715,Cole Kmet,CHI,TE,"$1,722,222"
715,nfl,2021,716,Nick Vigil,MIN,LB/OLB,"$1,720,588"
716,nfl,2021,717,Marquise Blair,SEA,FS,"$1,700,904"
717,nfl,2021,718,Nick Bellore,SEA,FB,"$1,700,000"
718,nfl,2021,,Cameron Sutton,PIT,CB,"$1,700,000"
719,nfl,2021,720,Grant Delpit,CLE,FS,"$1,696,605"
720,nfl,2021,721,Chris Board,BAL,LB/ILB,"$1,683,000"
721,nfl,2021,722,Terrence Brooks,HOU,FS,"$1,679,406"
722,nfl,2021,723,Levi Wallace,BUF,CB,"$1,676,460"
723,nfl,2021,724,Lawrence Guy,NE,DL/DT,"$1,675,000"
724,nfl,2021,725,Taiwan Jones,BUF,RB,"$1,667,647"
725,nfl,2021,726,Alex Lewis,NYJ,G,"$1,666,667"
726,nfl,2021,727,Erik McCoy,NO,C,"$1,661,068"
727,nfl,2021,728,Antoine Winfield Jr.,TB,S,"$1,660,724"
728,nfl,2021,729,Kemoko Turay,IND,ED/DE,"$1,660,401"
729,nfl,2021,730,J.D. McKissic,WAS,RB,"$1,660,000"
730,nfl,2021,731,Jeremiah Attaochu,CHI,ED/OLB,"$1,650,000"
731,nfl,2021,,Trenton Scott,CAR,LT,"$1,650,000"
732,nfl,2021,733,Rex Burkhead,HOU,RB,"$1,647,059"
733,nfl,2021,734,Tyson Campbell,JAX,CB,"$1,639,110"
734,nfl,2021,735,Joe Schobert,PIT,LB/ILB,"$1,626,353"
735,nfl,2021,736,Elijah Moore,NYJ,WR,"$1,625,532"
736,nfl,2021,737,Chad Henne,KC,QB,"$1,625,000"
737,nfl,2021,,Jamaal Williams,DET,RB,"$1,625,000"
738,nfl,2021,739,K.J. Hamler,DEN,WR,"$1,622,075"
739,nfl,2021,740,Ben Banogu,IND,ED/DE,"$1,621,229"
740,nfl,2021,741,Javonte Williams,DEN,RB,"$1,611,955"
741,nfl,2021,742,Mario Edwards,CHI,DL/DE,"$1,604,019"
742,nfl,2021,743,Oday Aboushi,LAC,G,"$1,600,000"
743,nfl,2021,,C.J. Goodwin,DAL,CB,"$1,600,000"
744,nfl,2021,,Levine Toilolo,NYG,TE,"$1,600,000"
745,nfl,2021,,Chris Wormley,PIT,DL/DT,"$1,600,000"
746,nfl,2021,747,Darryl Roberts,WAS,CB,"$1,595,000"
747,nfl,2021,748,Darrel Williams,KC,RB,"$1,594,118"
748,nfl,2021,749,Taylor Heinicke,WAS,QB,"$1,593,750"
749,nfl,2021,750,Anthony Harris,PHI,FS,"$1,592,000"
750,nfl,2021,751,Nevin Lawson,JAX,CB,"$1,590,000"
751,nfl,2021,752,Ross Dwelley,SF,TE,"$1,588,235"
752,nfl,2021,753,Johnathan Ford,JAX,S,"$1,585,294"
753,nfl,2021,754,Jevon Holland,MIA,S,"$1,584,802"
754,nfl,2021,755,Irv Smith,MIN,TE,"$1,581,392"
755,nfl,2021,756,Tre Flowers,CIN,CB,"$1,576,614"
756,nfl,2021,757,Kelvin Beachum,ARI,RT,"$1,575,000"
757,nfl,2021,,Matt Haack,BUF,P,"$1,575,000"
758,nfl,2021,,Cairo Santos,CHI,K,"$1,575,000"
759,nfl,2021,760,Landon Dickerson,PHI,G,"$1,573,941"
760,nfl,2021,761,Marlon Davidson,ATL,DL/DT,"$1,570,994"
761,nfl,2021,762,Brandon Wilson,CIN,S,"$1,562,500"
762,nfl,2021,763,Ben Niemann,KC,LB,"$1,558,235"
763,nfl,2021,764,Jakeem Grant,CHI,WR,"$1,555,555"
764,nfl,2021,765,Shamar Stephen,DEN,DL/DE,"$1,555,000"
765,nfl,2021,766,Christian Barmore,NE,DL/DT,"$1,549,499"
766,nfl,2021,767,A.J. Brown,TEN,WR,"$1,541,555"
767,nfl,2021,768,Logan Cooke,JAX,P,"$1,537,906"
768,nfl,2021,769,Darrell Taylor,SEA,ED/DE,"$1,537,388"
769,nfl,2021,770,Laurent Duvernay-Tardif,NYJ,G,"$1,527,777"
770,nfl,2021,771,Teven Jenkins,CHI,T,"$1,525,063"
771,nfl,2021,772,Jason Peters,CHI,LT,"$1,525,000"
772,nfl,2021,773,Austin Corbett,LAR,G,"$1,505,235"
773,nfl,2021,774,Robert Tonyan Jr.,GB,TE,"$1,504,800"
774,nfl,2021,775,Chase Claypool,PIT,WR,"$1,503,779"
775,nfl,2021,776,Richie Grant,ATL,S,"$1,503,339"
776,nfl,2021,777,Drew Sample,CIN,TE,"$1,501,717"
777,nfl,2021,778,Brandon Allen,CIN,QB,"$1,500,000"
778,nfl,2021,,Chris Conley,HOU,WR,"$1,500,000"
779,nfl,2021,,Kyler Fackrell,LAC,LB/OLB,"$1,500,000"
780,nfl,2021,,J.T. Gray,NO,SS,"$1,500,000"
781,nfl,2021,,Kyle Long,KC,G,"$1,500,000"
782,nfl,2021,,Ryan Smith,LAC,CB,"$1,500,000"
783,nfl,2021,,Ahkello Witherspoon,PIT,CB,"$1,500,000"
784,nfl,2021,785,Pharaoh Brown,HOU,TE,"$1,494,117"
785,nfl,2021,786,Efe Obada,BUF,ED/DE,"$1,485,294"
786,nfl,2021,787,Levi Onwuzurike,DET,DL/DT,"$1,481,617"
787,nfl,2021,788,Vincent Taylor,HOU,DL/DT,"$1,470,575"
788,nfl,2021,789,Jaylon Johnson,CHI,CB,"$1,470,175"
789,nfl,2021,790,Miles Sanders,PHI,RB,"$1,461,881"
790,nfl,2021,791,Ricardo Allen,CIN,FS,"$1,460,584"
791,nfl,2021,792,Bobby McCain,WAS,CB,"$1,460,000"
792,nfl,2021,793,Liam Eichenberg,MIA,G,"$1,457,178"
793,nfl,2021,794,DeMarcus Walker,HOU,DL/DT,"$1,452,941"
794,nfl,2021,795,Samaje Perine,CIN,RB,"$1,450,000"
795,nfl,2021,796,Keith Smith,ATL,FB,"$1,441,666"
796,nfl,2021,797,Andy Janovich,CLE,FB,"$1,437,500"
797,nfl,2021,798,Trevon Diggs,DAL,CB,"$1,436,570"
798,nfl,2021,799,Trevon Moehrig,LV,S,"$1,435,456"
799,nfl,2021,800,Tre'quan Smith,NO,WR,"$1,432,823"
800,nfl,2021,801,James Washington,PIT,WR,"$1,432,248"
801,nfl,2021,802,Lonnie Johnson,HOU,CB,"$1,422,042"
802,nfl,2021,803,Kelvin Joseph,DAL,CB,"$1,414,757"
803,nfl,2021,804,Josh Norman,SF,CB,"$1,405,882"
804,nfl,2021,805,Cam Akers,LAR,RB,"$1,402,962"
805,nfl,2021,806,Cameron Fleming,DEN,LT,"$1,395,000"
806,nfl,2021,807,Tyquan Lewis,IND,DL/DT,"$1,389,200"
807,nfl,2021,808,Walker Little,JAX,LT,"$1,385,764"
808,nfl,2021,809,Max Scharping,HOU,G,"$1,382,206"
809,nfl,2021,810,Tanner Vallejo,ARI,LB/ILB,"$1,381,176"
810,nfl,2021,811,Mike Glennon,NYG,QB,"$1,375,000"
811,nfl,2021,812,Jalen Hurts,PHI,QB,"$1,369,357"
812,nfl,2021,813,Brandon King,NE,LB,"$1,366,668"
813,nfl,2021,814,Mecole Hardman,KC,WR,"$1,362,287"
814,nfl,2021,815,Pat Elflein,CAR,G,"$1,360,000"
815,nfl,2021,,Ryan Kerrigan,PHI,ED/DE,"$1,360,000"
816,nfl,2021,817,Jackson Carman,CIN,G,"$1,354,536"
817,nfl,2021,818,J.J. Arcega-Whiteside,PHI,WR,"$1,350,334"
818,nfl,2021,819,Erik Harris,ATL,S,"$1,350,000"
819,nfl,2021,820,A.J. Epenesa,BUF,ED/DE,"$1,335,750"
820,nfl,2021,821,Kenny Young,DEN,LB/ILB,"$1,334,058"
821,nfl,2021,822,Trysten Hill,DAL,DL/DT,"$1,330,417"
822,nfl,2021,823,Dennis Kelly,GB,RT,"$1,325,000"
823,nfl,2021,824,John Franklin-Myers,NYJ,DL/DE,"$1,320,000"
824,nfl,2021,825,Asante Samuel Jr.,LAC,CB,"$1,313,263"
825,nfl,2021,826,Trent Sieg,LV,LS,"$1,307,500"
826,nfl,2021,827,Parris Campbell,IND,WR,"$1,302,528"
827,nfl,2021,828,JK Dobbins,BAL,RB,"$1,302,144"
828,nfl,2021,829,Nick Vannett,NO,TE,"$1,300,000"
829,nfl,2021,830,Steven Nelson,PHI,CB,"$1,292,000"
830,nfl,2021,831,Nasir Adderley,LAC,S,"$1,290,576"
831,nfl,2021,832,Sidney Jones,SEA,CB,"$1,288,235"
832,nfl,2021,833,Aaron Banks,SF,G,"$1,286,109"
833,nfl,2021,834,C.J. Henderson,CAR,CB,"$1,285,455"
834,nfl,2021,835,Raekwon Davis,MIA,DL/DT,"$1,285,341"
835,nfl,2021,836,Reid Ferguson,BUF,LS,"$1,283,750"
836,nfl,2021,837,Van Jefferson,LAR,WR,"$1,275,258"
837,nfl,2021,838,Taylor Rapp,LAR,SS,"$1,274,644"
838,nfl,2021,839,Maurice Canady,DAL,CB,"$1,271,250"
839,nfl,2021,840,Andy Isabella,ARI,WR,"$1,262,694"
840,nfl,2021,841,Rondale Moore,ARI,WR,"$1,258,953"
841,nfl,2021,842,Juan Thornhill,KC,FS,"$1,258,709"
842,nfl,2021,843,Ezra Cleveland,MIN,G,"$1,258,456"
843,nfl,2021,844,James Winchester,KC,LS,"$1,255,000"
844,nfl,2021,845,A.J. Cole,LV,P,"$1,250,834"
845,nfl,2021,846,D.K. Metcalf,SEA,WR,"$1,250,741"
846,nfl,2021,847,Aaron Stinnie,TB,G,"$1,250,000"
847,nfl,2021,848,Tyler Lancaster,GB,DL/DE,"$1,247,058"
848,nfl,2021,849,Marcell Harris,SF,S,"$1,244,118"
849,nfl,2021,850,Denzel Mims,NYJ,WR,"$1,234,932"
850,nfl,2021,851,Azeez Ojulari,NYG,LB,"$1,231,802"
851,nfl,2021,852,Conor McDermott,NYJ,LT,"$1,225,000"
852,nfl,2021,853,Joshua Uche,NE,LB/OLB,"$1,224,849"
853,nfl,2021,854,Richie Incognito,LV,G,"$1,220,000"
854,nfl,2021,855,Tae Davis,HOU,LB,"$1,214,705"
855,nfl,2021,856,Clark Harris,CIN,LS,"$1,212,500"
856,nfl,2021,,Kevin Huber,CIN,P,"$1,212,500"
857,nfl,2021,,Tyler Shatley,JAX,C,"$1,212,500"
858,nfl,2021,,Daniel Sorensen,KC,SS,"$1,212,500"
859,nfl,2021,,James White,NE,RB,"$1,212,500"
860,nfl,2021,861,Kristian Fulton,TEN,CB,"$1,211,407"
861,nfl,2021,862,Samuel Cosmi,WAS,RT,"$1,204,649"
862,nfl,2021,863,A.J. Dillon,GB,RB,"$1,201,325"
863,nfl,2021,864,Willie Gay Jr.,KC,LB/OLB,"$1,197,965"
864,nfl,2021,865,Vernon Hargreaves,CIN,CB,"$1,196,732"
865,nfl,2021,866,De'Vondre Campbell,GB,LB/ILB,"$1,192,000"
866,nfl,2021,867,Jeremy Chinn,CAR,SS,"$1,191,244"
867,nfl,2021,868,Adam Humphries,WAS,WR,"$1,190,000"
868,nfl,2021,869,Greg Little,MIA,LT,"$1,189,448"
869,nfl,2021,870,Bradley Roby,NO,CB,"$1,184,475"
870,nfl,2021,871,Jeremiah Owusu-Koramoah,CLE,LB/OLB,"$1,177,494"
871,nfl,2021,872,Joe Cardona,NE,LS,"$1,176,471"
872,nfl,2021,873,Zach Wood,NO,LS,"$1,175,000"
873,nfl,2021,874,M.J. Stewart,CLE,CB,"$1,173,152"
874,nfl,2021,875,Zach Allen,ARI,DL/DE,"$1,171,026"
875,nfl,2021,876,Diontae Johnson,PIT,WR,"$1,167,535"
876,nfl,2021,877,Chandon Sullivan,GB,CB,"$1,162,600"
877,nfl,2021,878,Jesse James,CHI,TE,"$1,162,500"
878,nfl,2021,879,Nathan Shepherd,NYJ,DL/DE,"$1,159,143"
879,nfl,2021,880,Darrell Henderson,LAR,RB,"$1,151,496"
880,nfl,2021,881,Dillon Radunz,TEN,G,"$1,150,341"
881,nfl,2021,882,Oren Burks,GB,LB/ILB,"$1,150,189"
882,nfl,2021,883,Rasheem Green,SEA,ED/DE,"$1,148,139"
883,nfl,2021,884,Charley Hughlett,CLE,LS,"$1,145,000"
884,nfl,2021,885,Harrison Phillips,BUF,DL/DT,"$1,143,760"
885,nfl,2021,886,Dre'Mont Jones,DEN,DL/DE,"$1,142,400"
886,nfl,2021,887,Tremon Smith,HOU,CB,"$1,142,059"
887,nfl,2021,888,Dorian O'Daniel,KC,LB/OLB,"$1,138,379"
888,nfl,2021,889,Andre Smith,BUF,LB/OLB,"$1,127,794"
889,nfl,2021,890,Rashard Higgins,CLE,WR,"$1,127,500"
890,nfl,2021,,Rashod Hill,MIN,LT,"$1,127,500"
891,nfl,2021,,James O'Shaughnessy,JAX,TE,"$1,127,500"
892,nfl,2021,,Jalen Reeves-Maybin,DET,LB/ILB,"$1,127,500"
893,nfl,2021,,K'Waun Williams,SF,CB,"$1,127,500"
894,nfl,2021,895,Germaine Pratt,CIN,LB/ILB,"$1,126,221"
895,nfl,2021,896,Richard Sherman,TB,CB,"$1,125,000"
896,nfl,2021,,Damien Williams,CHI,RB,"$1,125,000"
897,nfl,2021,898,Joseph Noteboom,LAR,LT,"$1,124,723"
898,nfl,2021,899,Logan Wilson,CIN,LB/OLB,"$1,123,998"
899,nfl,2021,900,Dayo Odeyingbo,IND,ED/DE,"$1,123,185"
900,nfl,2021,901,Antonio Gibson,WAS,RB,"$1,121,054"
901,nfl,2021,902,Julian Okwara,DET,LB/OLB,"$1,120,759"
902,nfl,2021,903,Will Harris,DET,SS,"$1,118,061"
903,nfl,2021,904,Ashtyn Davis,NYJ,FS,"$1,117,587"
904,nfl,2021,905,Tarvarius Moore,SF,FS,"$1,116,093"
905,nfl,2021,906,Thomas Hennessy,NYJ,LS,"$1,115,000"
906,nfl,2021,,Tyler Ott,SEA,LS,"$1,115,000"
907,nfl,2021,908,Damien Lewis,SEA,G,"$1,114,122"
908,nfl,2021,909,David Montgomery,CHI,RB,"$1,111,577"
909,nfl,2021,910,Devin Singletary,BUF,RB,"$1,108,956"
910,nfl,2021,911,Josh Tupou,CIN,DL/DT,"$1,108,235"
911,nfl,2021,912,Brandon Jones,MIA,FS,"$1,107,521"
912,nfl,2021,913,Khalen Saunders,KC,DL/DT,"$1,103,795"
913,nfl,2021,914,Nnamdi Madubuike,BAL,DL/DT,"$1,103,025"
914,nfl,2021,915,Terry McLaurin,WAS,WR,"$1,100,805"
915,nfl,2021,916,Eli Apple,CIN,CB,"$1,100,000"
916,nfl,2021,,Tevin Coleman,NYJ,RB,"$1,100,000"
917,nfl,2021,,Tanoh Kpassagnon,NO,ED/DE,"$1,100,000"
918,nfl,2021,,Frankie Luvu,CAR,ED/OLB,"$1,100,000"
919,nfl,2021,,Michael Palardy,MIA,P,"$1,100,000"
920,nfl,2021,921,Josh Jones,ARI,RT,"$1,099,851"
921,nfl,2021,922,Chase Winovich,NE,ED/DE,"$1,099,328"
922,nfl,2021,923,Michael Deiter,MIA,C,"$1,096,312"
923,nfl,2021,924,Pat Freiermuth,PIT,TE,"$1,096,033"
924,nfl,2021,925,Troy Apke,WAS,FS,"$1,095,911"
925,nfl,2021,926,DaVon Hamilton,JAX,DL/DT,"$1,095,572"
926,nfl,2021,927,Zack Baun,NO,LB/OLB,"$1,093,452"
927,nfl,2021,928,David Long,LAR,CB,"$1,093,265"
928,nfl,2021,929,Brian Allen,LAR,C,"$1,091,734"
929,nfl,2021,930,T.J. Edwards,PHI,LB,"$1,091,168"
930,nfl,2021,931,Sione Takitaki,CLE,LB/OLB,"$1,090,219"
931,nfl,2021,932,Jonah Jackson,DET,G,"$1,090,175"
932,nfl,2021,933,Joel Iyiegbuniwe,CHI,LB/ILB,"$1,089,645"
933,nfl,2021,934,Oshane Ximines,NYG,ED/OLB,"$1,089,195"
934,nfl,2021,935,Armani Watts,KC,FS,"$1,088,061"
935,nfl,2021,936,Dorance Armstrong,DAL,ED/DE,"$1,087,499"
936,nfl,2021,937,Dawson Knox,BUF,TE,"$1,085,545"
937,nfl,2021,938,Anthony Averett,BAL,CB,"$1,085,250"
938,nfl,2021,939,Nate Davis,TEN,G,"$1,083,670"
939,nfl,2021,940,Will Dissly,SEA,TE,"$1,082,569"
940,nfl,2021,941,D'Wayne Eskridge,SEA,WR,"$1,082,455"
941,nfl,2021,942,Ke'Shawn Vaughn,TB,RB,"$1,080,909"
942,nfl,2021,943,Phillip Lindsay,MIA,RB,"$1,080,877"
943,nfl,2021,944,Justin Layne,PIT,CB,"$1,080,545"
944,nfl,2021,945,Michael Ojemudia,DEN,CB,"$1,079,862"
945,nfl,2021,946,Matt Hennessy,ATL,C,"$1,078,310"
946,nfl,2021,947,Jaylon Ferguson,BAL,ED/OLB,"$1,075,827"
947,nfl,2021,948,Andy Lee,ARI,P,"$1,075,000"
948,nfl,2021,,Latavius Murray,BAL,RB,"$1,075,000"
949,nfl,2021,,Pat O'Donnell,CHI,P,"$1,075,000"
950,nfl,2021,951,TuTu Atwell,LAR,WR,"$1,074,309"
951,nfl,2021,952,Damien Harris,NE,RB,"$1,071,534"
952,nfl,2021,953,Cody Barton,SEA,LB/ILB,"$1,071,031"
953,nfl,2021,954,Bobby Okereke,IND,LB/ILB,"$1,070,779"
954,nfl,2021,955,Will Richardson,JAX,LT,"$1,070,698"
955,nfl,2021,956,Trey Pipkins,LAC,LT,"$1,069,269"
956,nfl,2021,957,Chuma Edoga,NYJ,RT,"$1,066,750"
957,nfl,2021,958,Bryan Edwards,LV,WR,"$1,066,467"
958,nfl,2021,959,Miles Boykin,BAL,WR,"$1,064,232"
959,nfl,2021,960,Neville Gallimore,DAL,DL/DT,"$1,063,739"
960,nfl,2021,961,Jamel Dean,TB,CB,"$1,061,713"
961,nfl,2021,962,Nick Bolton,KC,LB,"$1,060,733"
962,nfl,2021,963,Lloyd Cushenberry,DEN,C,"$1,058,180"
963,nfl,2021,964,Bobby Evans,LAR,G,"$1,055,545"
964,nfl,2021,965,Alexander Mattison,MIN,RB,"$1,055,543"
965,nfl,2021,966,Terrell Lewis,LAR,ED/OLB,"$1,054,226"
966,nfl,2021,967,Julian Blackmon,IND,FS,"$1,052,011"
967,nfl,2021,968,P.J. Williams,NO,CB,"$1,050,000"
968,nfl,2021,969,Zack Moss,BUF,RB,"$1,048,255"
969,nfl,2021,970,Chauncey Gardner-Johnson,NO,SS,"$1,046,025"
970,nfl,2021,971,Maxx Crosby,LV,ED/DE,"$1,045,566"
971,nfl,2021,972,Maurice Hurst,SF,DL/DT,"$1,045,000"
972,nfl,2021,,Arden Key,SF,ED/DE,"$1,045,000"
973,nfl,2021,974,Anfernee Jennings,NE,LB,"$1,044,742"
974,nfl,2021,975,Anthony Nelson,TB,ED/OLB,"$1,043,760"
975,nfl,2021,976,Jordan Elliott,CLE,DL/DT,"$1,042,825"
976,nfl,2021,977,Julian Love,NYG,FS,"$1,042,715"
977,nfl,2021,978,Cameron Dantzler,MIN,CB,"$1,042,188"
978,nfl,2021,979,Khari Willis,IND,SS,"$1,042,009"
979,nfl,2021,980,Jonathan Greenard,HOU,DL/DE,"$1,041,869"
980,nfl,2021,981,Terrace Marshall,CAR,WR,"$1,041,725"
981,nfl,2021,982,Devin Asiasi,NE,TE,"$1,041,550"
982,nfl,2021,983,Mitch Wishnowsky,SF,P,"$1,041,018"
983,nfl,2021,984,Elijhaa Penny,NYG,FB,"$1,040,000"
984,nfl,2021,985,Devin Duvernay,BAL,WR,"$1,039,957"
985,nfl,2021,986,Kendall Sheffield,ATL,CB,"$1,039,922"
986,nfl,2021,987,Darrynton Evans,TEN,RB,"$1,036,770"
987,nfl,2021,988,Justice Hill,BAL,RB,"$1,035,414"
988,nfl,2021,989,Josiah Deguara,GB,TE,"$1,033,583"
989,nfl,2021,990,Pete Werner,NO,LB,"$1,033,578"
990,nfl,2021,991,Amani Hooker,TEN,FS,"$1,033,370"
991,nfl,2021,992,Austin Bryant,DET,LB/OLB,"$1,033,158"
992,nfl,2021,993,Chase Edmonds,ARI,RB,"$1,033,092"
993,nfl,2021,,Marquis Haynes,CAR,DL/DE,"$1,033,092"
994,nfl,2021,995,McTelvin Agim,DEN,DL/DE,"$1,030,397"
995,nfl,2021,996,Trevon Wesco,NYJ,FB,"$1,026,643"
996,nfl,2021,997,Benny Snell Jr.,PIT,RB,"$1,025,517"
997,nfl,2021,998,Ben Powers,BAL,G,"$1,024,383"
998,nfl,2021,999,Carlos Basham Jr.,BUF,ED/DE,"$1,022,717"
999,nfl,2021,1000,Terrell Burgess,LAR,SS,"$1,022,592"
1000,nfl,2021,,Malik Harrison,BAL,LB/ILB,"$1,022,592"
1001,nfl,2021,,Alex Highsmith,PIT,ED/OLB,"$1,022,592"
1002,nfl,2021,,Dalton Keene,NE,TE,"$1,022,592"
1003,nfl,2021,,Matt Peart,NYG,LT,"$1,022,592"
1004,nfl,2021,,Jacob Phillips,CLE,LB/OLB,"$1,022,592"
1005,nfl,2021,,Davion Taylor,PHI,LB/OLB,"$1,022,592"
1006,nfl,2021,,Adam Trautman,NO,TE,"$1,022,592"
1007,nfl,2021,1008,Justin Hamilton,DEN,DL/DT,"$1,022,222"
1008,nfl,2021,1009,Corey Bojorquez,GB,P,"$1,020,000"
1009,nfl,2021,1010,Tony Pollard,DAL,RB,"$1,016,945"
1010,nfl,2021,1011,Randy Bullock,TEN,K,"$1,015,278"
1011,nfl,2021,1012,Josh Myers,GB,C,"$1,014,570"
1012,nfl,2021,1013,Creed Humphrey,KC,C,"$1,011,856"
1013,nfl,2021,1014,Ugo Amadi,SEA,CB,"$1,011,299"
1014,nfl,2021,1015,Jarrett Stidham,NE,QB,"$1,009,028"
1015,nfl,2021,1016,Greg Gaines,LAR,DL/DT,"$1,006,653"
1016,nfl,2021,1017,Kyle Trask,TB,QB,"$1,006,425"
1017,nfl,2021,1018,Kentavius Street,SF,ED/DE,"$1,002,552"
1018,nfl,2021,1019,Connor McGovern,DAL,G,"$1,000,527"
1019,nfl,2021,1020,Olasunkanmi Adeniyi,TEN,LB,"$1,000,000"
1020,nfl,2021,,Khadarel Hodge,DET,WR,"$1,000,000"
1021,nfl,2021,,DeSean Jackson,LV,WR,"$1,000,000"
1022,nfl,2021,,Ray-Ray McCloud,PIT,WR,"$1,000,000"
1023,nfl,2021,1024,Ja'whaun Bentley,NE,LB/ILB,"$995,990"
1024,nfl,2021,1025,Kwon Alexander,NO,LB/ILB,"$995,556"
1025,nfl,2021,1026,Justin Watson,TB,WR,"$995,437"
1026,nfl,2021,1027,Dane Cruikshank,TEN,SS,"$991,975"
1027,nfl,2021,1028,Siran Neal,BUF,S,"$991,504"
1028,nfl,2021,1029,Scott Quessenberry,LAC,C,"$991,063"
1029,nfl,2021,1030,Tyler Conklin,MIN,TE,"$990,260"
1030,nfl,2021,1031,Austin Blythe,KC,C,"$990,000"
1031,nfl,2021,,Deon Bush,CHI,S,"$990,000"
1032,nfl,2021,,Ross Cockrell,TB,CB,"$990,000"
1033,nfl,2021,,Denzel Perryman,LV,LB/ILB,"$990,000"
1034,nfl,2021,,Luke Rhodes,IND,LS,"$990,000"
1035,nfl,2021,1036,Ogbonnia Okoronkwo,LAR,ED/OLB,"$988,634"
1036,nfl,2021,1037,Jermaine Carter,CAR,LB/ILB,"$988,345"
1037,nfl,2021,1038,Tyre Phillips,BAL,LT,"$988,073"
1038,nfl,2021,1039,Mackensie Alexander,MIN,CB,"$987,500"
1039,nfl,2021,,Josh Andrews,ATL,C,"$987,500"
1040,nfl,2021,,Blake Bell,KC,TE,"$987,500"
1041,nfl,2021,,Giovani Bernard,TB,RB,"$987,500"
1042,nfl,2021,,Noah Brown,DAL,WR,"$987,500"
1043,nfl,2021,,Damiere Byrd,CHI,WR,"$987,500"
1044,nfl,2021,,Morgan Cox,TEN,LS,"$987,500"
1045,nfl,2021,,Darrell Daniels,ARI,TE,"$987,500"
1046,nfl,2021,,Julie'n Davenport,IND,RT,"$987,500"
1047,nfl,2021,,Nate Ebner,NYG,FS,"$987,500"
1048,nfl,2021,,Jordan Evans,CIN,LB/OLB,"$987,500"
1049,nfl,2021,,L.J. Fort,BAL,LB/ILB,"$987,500"
1050,nfl,2021,,Max Garcia,ARI,C,"$987,500"
1051,nfl,2021,,Marquise Goodwin,CHI,WR,"$987,500"
1052,nfl,2021,,Adam Gotsis,JAX,ED/DE,"$987,500"
1053,nfl,2021,,Duron Harmon,ATL,SS,"$987,500"
1054,nfl,2021,,Mack Hollins,MIA,WR,"$987,500"
1055,nfl,2021,,DeAndre Houston-Carson,CHI,S,"$987,500"
1056,nfl,2021,,J.J. Jansen,CAR,LS,"$987,500"
1057,nfl,2021,,Christian Jones,CHI,LB/ILB,"$987,500"
1058,nfl,2021,,Damontae Kazee,DAL,S,"$987,500"
1059,nfl,2021,,Jayron Kearse,DAL,S,"$987,500"
1060,nfl,2021,,Miles Killebrew,PIT,S,"$987,500"
1061,nfl,2021,,A.J. McCarron,ATL,QB,"$987,500"
1062,nfl,2021,,Jason McCourty,MIA,CB,"$987,500"
1063,nfl,2021,,Colt McCoy,ARI,QB,"$987,500"
1064,nfl,2021,,Lerentee McCray,JAX,LB/OLB,"$987,500"
1065,nfl,2021,,Isaiah McKenzie,BUF,WR,"$987,500"
1066,nfl,2021,,Steve McLendon,TB,DL/DT,"$987,500"
1067,nfl,2021,,Steven Means,ATL,LB/OLB,"$987,500"
1068,nfl,2021,,John Miller,CAR,G,"$987,500"
1069,nfl,2021,,Kevin Minter,TB,LB/ILB,"$987,500"
1070,nfl,2021,,Ty Montgomery,NO,RB,"$987,500"
1071,nfl,2021,,Fabian Moreau,ATL,CB,"$987,500"
1072,nfl,2021,,Corey Peters,ARI,DL/DT,"$987,500"
1073,nfl,2021,,Reggie Ragland,NYG,LB/ILB,"$987,500"
1074,nfl,2021,,Kalif Raymond,DET,WR,"$987,500"
1075,nfl,2021,,Chris Reed,IND,G,"$987,500"
1076,nfl,2021,,Duke Riley,MIA,ED/OLB,"$987,500"
1077,nfl,2021,,Demarcus Robinson,KC,WR,"$987,500"
1078,nfl,2021,,Patrick Scales,CHI,LS,"$987,500"
1079,nfl,2021,,Brennan Scarlett,MIA,ED/OLB,"$987,500"
1080,nfl,2021,,Danny Shelton,NYG,DL/DT,"$987,500"
1081,nfl,2021,,Geno Smith,SEA,QB,"$987,500"
1082,nfl,2021,,Malcolm Smith,CLE,LB/OLB,"$987,500"
1083,nfl,2021,,Quinton Spain,CIN,G,"$987,500"
1084,nfl,2021,,Jaquiski Tartt,SF,FS,"$987,500"
1085,nfl,2021,,Charles Washington,ARI,S,"$987,500"
1086,nfl,2021,,Dwayne Washington,NO,RB,"$987,500"
1087,nfl,2021,,Jon Weeks,HOU,LS,"$987,500"
1088,nfl,2021,,Josh Wells,TB,RT,"$987,500"
1089,nfl,2021,,Dede Westbrook,MIN,WR,"$987,500"
1090,nfl,2021,,Elijah Wilkinson,CHI,LT,"$987,500"
1091,nfl,2021,1092,Tim Settle,WAS,DL/DT,"$987,011"
1092,nfl,2021,1093,Yodny Cajuste,NE,LT,"$985,545"
1093,nfl,2021,1094,Akeem Davis-Gaither,CIN,LB/OLB,"$984,378"
1094,nfl,2021,1095,Saahdiq Charles,WAS,RT,"$979,843"
1095,nfl,2021,1096,John Simpson,LV,G,"$979,195"
1096,nfl,2021,1097,Darnay Holmes,NYG,CB,"$977,972"
1097,nfl,2021,1098,Solomon Kindley,MIA,G,"$976,142"
1098,nfl,2021,1099,Josh Kelley,LAC,RB,"$975,085"
1099,nfl,2021,1100,Nick Dzubnar,TEN,LB/ILB,"$975,000"
1100,nfl,2021,1101,Darius Phillips,CIN,CB,"$974,389"
1101,nfl,2021,1102,Leki Fotu,ARI,DL/DT,"$973,368"
1102,nfl,2021,1103,Harrison Bryant,CLE,TE,"$972,257"
1103,nfl,2021,1104,John Cominsky,ATL,ED/DE,"$972,098"
1104,nfl,2021,,Foster Moreau,LV,TE,"$972,098"
1105,nfl,2021,1106,Ben Bartch,JAX,G,"$970,904"
1106,nfl,2021,1107,Deandre Carter,WAS,WR,"$970,000"
1107,nfl,2021,,Isaac Yiadom,GB,CB,"$970,000"
1108,nfl,2021,1109,D.J. Wonnum,MIN,ED/DE,"$967,695"
1109,nfl,2021,1110,Mykal Walker,ATL,LB/ILB,"$966,520"
1110,nfl,2021,1111,La'Mical Perine,NYJ,RB,"$966,336"
1111,nfl,2021,1112,Logan Stenberg,DET,G,"$965,410"
1112,nfl,2021,1113,Taybor Pepper,SF,LS,"$960,000"
1113,nfl,2021,1114,John Jenkins,MIA,DL/DT,"$956,618"
1114,nfl,2021,1115,Gabriel Davis,BUF,WR,"$954,845"
1115,nfl,2021,1116,James Lynch,MIN,DL/DT,"$952,749"
1116,nfl,2021,1117,Andre Cisco,JAX,S,"$952,091"
1117,nfl,2021,1118,Rashard Lawrence,ARI,DL/DT,"$951,021"
1118,nfl,2021,1119,Matthias Farley,TEN,SS,"$950,000"
1119,nfl,2021,,Michael Ford,DEN,CB,"$950,000"
1120,nfl,2021,1121,Kellen Mond,MIN,QB,"$949,712"
1121,nfl,2021,1122,Troy Dye,MIN,LB/OLB,"$949,645"
1122,nfl,2021,1123,Davis Mills,HOU,QB,"$949,473"
1123,nfl,2021,1124,Iman Marshall,BAL,CB,"$948,299"
1124,nfl,2021,1125,Jalen Mayfield,ATL,RT,"$946,911"
1125,nfl,2021,1126,Jaylinn Hawkins,ATL,FS,"$946,729"
1126,nfl,2021,1127,Matthew Adams,IND,LB/OLB,"$945,398"
1127,nfl,2021,1128,Kevin Dotson,PIT,G,"$944,704"
1128,nfl,2021,1129,Drue Tranquill,LAC,LB/OLB,"$944,702"
1129,nfl,2021,1130,Brycen Hopkins,LAR,TE,"$943,283"
1130,nfl,2021,1131,Zaire Franklin,IND,LB/OLB,"$941,765"
1131,nfl,2021,1132,Richie James,SF,WR,"$939,145"
1132,nfl,2021,1133,Charlie Heck,HOU,LT,"$938,787"
1133,nfl,2021,1134,Brady Christensen,CAR,RT,"$938,777"
1134,nfl,2021,1135,L'Jarius Sneed,KC,CB,"$938,580"
1135,nfl,2021,1136,Deionte Thompson,ARI,SS,"$937,208"
1136,nfl,2021,1137,Zach Gentry,PIT,TE,"$936,115"
1137,nfl,2021,1138,Jalen Thompson,ARI,SS,"$935,730"
1138,nfl,2021,1139,Ben Burr-Kirven,SEA,LB/OLB,"$935,403"
1139,nfl,2021,1140,Matt Skura,NYG,C,"$935,000"
1140,nfl,2021,1141,Alim McNeill,DET,DL/DT,"$932,579"
1141,nfl,2021,1142,Amani Oruwariye,DET,CB,"$930,526"
1142,nfl,2021,1143,Dre Greenlaw,SF,LB/OLB,"$930,429"
1143,nfl,2021,1144,Milton Williams,PHI,DL/DT,"$929,122"
1144,nfl,2021,1145,Hunter Renfrow,LV,WR,"$928,987"
1145,nfl,2021,1146,Andrew Van Ginkel,MIA,ED/OLB,"$927,695"
1146,nfl,2021,1147,Benjamin St-Juste,WAS,CB,"$927,410"
1147,nfl,2021,1148,Mack Wilson,CLE,LB/OLB,"$927,201"
1148,nfl,2021,1149,Blake Cashman,NYJ,LB/ILB,"$925,773"
1149,nfl,2021,1150,Byron Cowart,NE,DL/DT,"$925,149"
1150,nfl,2021,1151,Osa Odighizuwa,DAL,DL/DT,"$924,762"
1151,nfl,2021,1152,E.J. Speed,IND,LB/OLB,"$922,349"
1152,nfl,2021,1153,Jake Bailey,NE,P,"$922,245"
1153,nfl,2021,1154,Stephen Anderson,LAC,TE,"$920,000"
1154,nfl,2021,,Genard Avery,PHI,ED/DE,"$920,000"
1155,nfl,2021,,Kalen Ballage,PIT,RB,"$920,000"
1156,nfl,2021,,Chad Beebe,MIN,WR,"$920,000"
1157,nfl,2021,,Evan Brown,DET,C,"$920,000"
1158,nfl,2021,,Jason Cabinda,DET,FB,"$920,000"
1159,nfl,2021,,Sean Chandler,CAR,S,"$920,000"
1160,nfl,2021,,Geron Christian,HOU,LT,"$920,000"
1161,nfl,2021,,Keion Crossen,NYG,CB,"$920,000"
1162,nfl,2021,,Jalen Davis,CIN,CB,"$920,000"
1163,nfl,2021,,Kyle Fuller,SEA,C,"$920,000"
1164,nfl,2021,,Shaun-Dion Hamilton,DET,LB/OLB,"$920,000"
1165,nfl,2021,,Chris Herndon,MIN,TE,"$920,000"
1166,nfl,2021,,Malik Hooker,DAL,S,"$920,000"
1167,nfl,2021,,Justin Jackson,LAC,RB,"$920,000"
1168,nfl,2021,,Younghoe Koo,ATL,K,"$920,000"
1169,nfl,2021,,Jake Kumerow,BUF,WR,"$920,000"
1170,nfl,2021,,Harvey Langi,NE,LB/ILB,"$920,000"
1171,nfl,2021,,Trey Marshall,LAC,S,"$920,000"
1172,nfl,2021,,Jake Martin,HOU,DL/DE,"$920,000"
1173,nfl,2021,,Ryan Neal,SEA,CB,"$920,000"
1174,nfl,2021,,Pat O'Connor,TB,DL/DE,"$920,000"
1175,nfl,2021,,Matt Pryor,IND,LT,"$920,000"
1176,nfl,2021,,D.J. Reed,SEA,CB,"$920,000"
1177,nfl,2021,,Cooper Rush,DAL,QB,"$920,000"
1178,nfl,2021,,Boston Scott,PHI,RB,"$920,000"
1179,nfl,2021,,Trent Sherfield,SF,WR,"$920,000"
1180,nfl,2021,,Taylor Stallworth,IND,DL/DT,"$920,000"
1181,nfl,2021,,Auden Tate,CIN,WR,"$920,000"
1182,nfl,2021,,Andrew Wylie,KC,RT,"$920,000"
1183,nfl,2021,,Justin Zimmer,BUF,DL/DT,"$920,000"
1184,nfl,2021,,Brandon Zylstra,CAR,WR,"$920,000"
1185,nfl,2021,1186,Easton Stick,LAC,QB,"$919,391"
1186,nfl,2021,1187,Stephen Weatherly,DEN,DL/DE,"$916,667"
1187,nfl,2021,1188,Paulson Adebo,NO,CB,"$916,429"
1188,nfl,2021,1189,David Edwards,LAR,G,"$916,130"
1189,nfl,2021,1190,Matt Breida,BUF,RB,"$915,000"
1190,nfl,2021,1191,Josh Palmer,LAC,WR,"$914,919"
1191,nfl,2021,1192,Mike Edwards,TB,S,"$913,879"
1192,nfl,2021,1193,Chazz Surratt,MIN,LB,"$911,835"
1193,nfl,2021,1194,Jamarco Jones,SEA,LT,"$911,253"
1194,nfl,2021,1195,Albert Okwuegbunam,DEN,TE,"$910,595"
1195,nfl,2021,1196,Cole Holcomb,WAS,ED/OLB,"$908,721"
1196,nfl,2021,1197,Malcolm Koonce,LV,ED/DE,"$908,720"
1197,nfl,2021,1198,Darius Slayton,NYG,WR,"$908,497"
1198,nfl,2021,1199,Divine Deablo,LV,LB,"$905,606"
1199,nfl,2021,1200,Tyler Biadasz,DAL,C,"$903,600"
1200,nfl,2021,,DeeJay Dallas,SEA,RB,"$903,600"
1201,nfl,2021,,Shaq Quarterman,JAX,LB/ILB,"$903,600"
1202,nfl,2021,,Amik Robertson,LV,CB,"$903,600"
1203,nfl,2021,1204,Hunter Long,MIA,TE,"$903,401"
1204,nfl,2021,1205,Marcus Johnson,TEN,WR,"$901,944"
1205,nfl,2021,1206,Joshua Dobbs,PIT,QB,"$900,000"
1206,nfl,2021,,Tyler Larsen,WAS,C,"$900,000"
1207,nfl,2021,,Tavon Wilson,SF,SS,"$900,000"
1208,nfl,2021,1209,Dyami Brown,WAS,WR,"$898,909"
1209,nfl,2021,1210,Rashad Fenton,KC,CB,"$898,205"
1210,nfl,2021,1211,Jaquan Johnson,BUF,SS,"$896,085"
1211,nfl,2021,1212,Tommy Tremble,CAR,TE,"$895,715"
1212,nfl,2021,1213,Justin Skule,SF,LT,"$894,887"
1213,nfl,2021,1214,Chauncey Golston,DAL,ED/DE,"$893,925"
1214,nfl,2021,1215,David Long,TEN,LB/ILB,"$892,429"
1215,nfl,2021,1216,Armon Watts,MIN,DL/DT,"$892,113"
1216,nfl,2021,1217,Olisaemeka Udoh,MIN,G,"$891,741"
1217,nfl,2021,1218,Colby Parkinson,SEA,TE,"$890,943"
1218,nfl,2021,1219,Amari Rodgers,GB,WR,"$890,890"
1219,nfl,2021,1220,Wyatt Davis,MIN,G,"$888,053"
1220,nfl,2021,1221,Nick Allegretti,KC,G,"$887,988"
1221,nfl,2021,1222,Kendrick Green,PIT,C,"$886,503"
1222,nfl,2021,1223,Trey Sermon,SF,RB,"$885,988"
1223,nfl,2021,1224,Travis Homer,SEA,RB,"$885,704"
1224,nfl,2021,1225,Patrick Jones,MIN,ED/DE,"$885,472"
1225,nfl,2021,1226,Anthony Schwartz,CLE,WR,"$884,186"
1226,nfl,2021,1227,Gerald McCoy,LV,DL/DT,"$883,333"
1227,nfl,2021,1228,Scotty Miller,TB,WR,"$881,960"
1228,nfl,2021,,Duke Shelley,CHI,CB,"$881,960"
1229,nfl,2021,1230,Donovan Wilson,DAL,S,"$881,839"
1230,nfl,2021,1231,Dennis Daley,CAR,G,"$881,838"
1231,nfl,2021,,Ulysees Gilbert,PIT,LB/ILB,"$881,838"
1232,nfl,2021,1233,Monty Rice,TEN,LB/ILB,"$881,611"
1233,nfl,2021,1234,Josh Oliver,BAL,TE,"$881,440"
1234,nfl,2021,1235,Xavier Crawford,CHI,CB,"$881,306"
1235,nfl,2021,1236,K'Von Wallace,PHI,SS,"$880,967"
1236,nfl,2021,1237,Phillip Walker,CAR,QB,"$880,000"
1237,nfl,2021,1238,Spencer Brown,BUF,LT,"$879,036"
1238,nfl,2021,1239,Kris Boyd,MIN,CB,"$877,314"
1239,nfl,2021,1240,Mohamed Sanu,SF,WR,"$875,000"
1240,nfl,2021,,Mike Thomas,CIN,WR,"$875,000"
1241,nfl,2021,1242,Ty Summers,GB,LB/ILB,"$874,476"
1242,nfl,2021,1243,Tommy Sweeney,BUF,TE,"$874,046"
1243,nfl,2021,1244,Robert Hainsey,TB,C,"$873,886"
1244,nfl,2021,1245,Lucas Niang,KC,RT,"$871,768"
1245,nfl,2021,1246,Myles Gaskin,MIA,RB,"$871,694"
1246,nfl,2021,1247,Carl Davis,NE,DL/DT,"$871,324"
1247,nfl,2021,1248,Baron Browning,DEN,LB/ILB,"$870,155"
1248,nfl,2021,,Ernest Jones,LAR,LB,"$870,155"
1249,nfl,2021,,Tre McKitty,LAC,TE,"$870,155"
1250,nfl,2021,,Quinn Meinerz,DEN,C,"$870,155"
1251,nfl,2021,,Elijah Molden,TEN,CB,"$870,155"
1252,nfl,2021,,Ronnie Perkins,NE,ED/DE,"$870,155"
1253,nfl,2021,,Brandon Stephens,BAL,S,"$870,155"
1254,nfl,2021,,Ambry Thomas,SF,CB,"$870,155"
1255,nfl,2021,,Nahshon Wright,DAL,CB,"$870,155"
1256,nfl,2021,1257,Nick Scott,LAR,FS,"$869,332"
1257,nfl,2021,1258,Kaden Elliss,NO,LB/OLB,"$869,079"
1258,nfl,2021,1259,Jeremy McNichols,TEN,RB,"$868,889"
1259,nfl,2021,1260,Trenton Cannon,SF,RB,"$868,887"
1260,nfl,2021,,Will Holden,DET,G,"$868,887"
1261,nfl,2021,1262,Joshua Miles,ARI,LT,"$868,644"
1262,nfl,2021,1263,Olabisi Johnson,MIN,WR,"$868,572"
1263,nfl,2021,1264,Alton Robinson,SEA,ED/DE,"$867,837"
1264,nfl,2021,1265,Danny Pinter,IND,C,"$867,175"
1265,nfl,2021,1266,Michael Carter,NYJ,RB,"$861,842"
1266,nfl,2021,1267,Trevis Gipson,CHI,ED/OLB,"$861,418"
1267,nfl,2021,1268,Darren Hall,ATL,CB,"$861,187"
1268,nfl,2021,1269,Daniel Thomas,JAX,SS,"$859,279"
1269,nfl,2021,1270,Bryce Hall,NYJ,CB,"$858,951"
1270,nfl,2021,1271,Nick Harris,CLE,C,"$858,662"
1271,nfl,2021,1272,Tyler Johnson,TB,WR,"$858,605"
1272,nfl,2021,1273,Khaleke Hudson,WAS,ED/OLB,"$858,150"
1273,nfl,2021,1274,James Hudson,CLE,LT,"$858,104"
1274,nfl,2021,1275,Kindle Vildor,CHI,CB,"$857,668"
1275,nfl,2021,1276,Cameron Sample,CIN,ED/DE,"$857,036"
1276,nfl,2021,1277,Amon-Ra St. Brown,DET,WR,"$856,313"
1277,nfl,2021,1278,Derrick Barnes,DET,LB/ILB,"$855,301"
1278,nfl,2021,1279,Azeez Al-Shaair,SF,LB/ILB,"$855,000"
1279,nfl,2021,,Carl Granderson,NO,ED/DE,"$855,000"
1280,nfl,2021,,Keisean Nixon,LV,CB,"$855,000"
1281,nfl,2021,,Malik Reed,DEN,ED/OLB,"$855,000"
1282,nfl,2021,,John Wolford,LAR,QB,"$855,000"
1283,nfl,2021,1284,Harrison Hand,MIN,CB,"$854,695"
1284,nfl,2021,1285,Drew Dalman,ATL,C,"$854,180"
1285,nfl,2021,1286,Nate Herbig,PHI,C,"$854,168"
1286,nfl,2021,1287,Troy Reeder,LAR,LB/ILB,"$854,000"
1287,nfl,2021,1288,Broderick Washington,BAL,DL/DT,"$853,412"
1288,nfl,2021,1289,Otaro Alaka,BAL,LB/ILB,"$853,334"
1289,nfl,2021,,Deonte Harty,NO,WR,"$853,334"
1290,nfl,2021,,Alec Ingold,LV,FB,"$853,334"
1291,nfl,2021,,Jakobi Meyers,NE,WR,"$853,334"
1292,nfl,2021,,Preston Williams,MIA,WR,"$853,334"
1293,nfl,2021,1294,Patrick Mekari,BAL,T/C,"$852,668"
1294,nfl,2021,1295,Ethan Greenidge,NO,RT,"$852,500"
1295,nfl,2021,1296,C.J. Moore,DET,FS,"$852,334"
1296,nfl,2021,1297,Luke Gifford,DAL,LB/OLB,"$851,668"
1297,nfl,2021,,Kyle Phillips,NYJ,DL/DE,"$851,668"
1298,nfl,2021,,Shy Tuttle,NO,DL/DT,"$851,668"
1299,nfl,2021,,Andrew Wingard,JAX,FS,"$851,668"
1300,nfl,2021,,Olamide Zaccheaus,ATL,WR,"$851,668"
1301,nfl,2021,1302,Gunner Olszewski,NE,WR,"$850,834"
1302,nfl,2021,1303,Darnell Mooney,CHI,WR,"$850,513"
1303,nfl,2021,1304,Robert Alford,ARI,CB,"$850,000"
1304,nfl,2021,,Dakota Allen,JAX,LB/ILB,"$850,000"
1305,nfl,2021,,Kyle Allen,WAS,QB,"$850,000"
1306,nfl,2021,,Marcus Allen,PIT,S,"$850,000"
1307,nfl,2021,,Calvin Anderson,DEN,RT,"$850,000"
1308,nfl,2021,,Bryan Anger,DAL,P,"$850,000"
1309,nfl,2021,,Blessuan Austin,SEA,CB,"$850,000"
1310,nfl,2021,,Deandre Baker,KC,CB,"$850,000"
1311,nfl,2021,,Peyton Barber,LV,RB,"$850,000"
1312,nfl,2021,,Alex Bars,CHI,G,"$850,000"
1313,nfl,2021,,Ryan Bates,BUF,C,"$850,000"
1314,nfl,2021,,Andrew Beck,DEN,TE,"$850,000"
1315,nfl,2021,,"Odell Beckham, Jr.",LAR,WR,"$850,000"
1316,nfl,2021,,Braxton Berrios,NYJ,WR,"$850,000"
1317,nfl,2021,,Jordan Berry,MIN,P,"$850,000"
1318,nfl,2021,,Christian Blake,ATL,WR,"$850,000"
1319,nfl,2021,,Khari Blasingame,TEN,FB,"$850,000"
1320,nfl,2021,,David Blough,DET,QB,"$850,000"
1321,nfl,2021,,Jake Brendel,SF,C,"$850,000"
1322,nfl,2021,,Daniel Brunskill,SF,G,"$850,000"
1323,nfl,2021,,Jonathan Bullard,ATL,ED/DE,"$850,000"
1324,nfl,2021,,Artie Burns,CHI,CB,"$850,000"
1325,nfl,2021,,Michael Burton,KC,FB,"$850,000"
1326,nfl,2021,,Tevaughn Campbell,LAC,CB,"$850,000"
1327,nfl,2021,,Stephen Carlson,CLE,TE,"$850,000"
1328,nfl,2021,,Derek Carrier,LV,TE,"$850,000"
1329,nfl,2021,,Marqui Christian,CHI,S,"$850,000"
1330,nfl,2021,,Corey Clement,DAL,RB,"$850,000"
1331,nfl,2021,,Alex Collins,SEA,RB,"$850,000"
1332,nfl,2021,,Tom Compton,SF,G,"$850,000"
1333,nfl,2021,,Ryan Connelly,MIN,LB/ILB,"$850,000"
1334,nfl,2021,,Christian Covington,LAC,DL/DT,"$850,000"
1335,nfl,2021,,Andrew DePaola,MIN,LS,"$850,000"
1336,nfl,2021,,Michael Dogbe,ARI,DL/DE,"$850,000"
1337,nfl,2021,,Ashton Dulin,IND,WR,"$850,000"
1338,nfl,2021,,Sam Eguavoen,MIA,LB,"$850,000"
1339,nfl,2021,,Jermaine Eluemunor,LV,G,"$850,000"
1340,nfl,2021,,Marcus Epps,PHI,FS,"$850,000"
1341,nfl,2021,,B.J. Finney,PIT,C,"$850,000"
1342,nfl,2021,,Matt Gay,LAR,K,"$850,000"
1343,nfl,2021,,Cullen Gillaspia,NYG,FB,"$850,000"
1344,nfl,2021,,Colby Gossett,ATL,G,"$850,000"
1345,nfl,2021,,Jaeden Graham,ATL,TE,"$850,000"
1346,nfl,2021,,Will Grier,DAL,QB,"$850,000"
1347,nfl,2021,,Everson Griffen,MIN,ED/DE,"$850,000"
1348,nfl,2021,,Garrett Griffin,NO,TE,"$850,000"
1349,nfl,2021,,Jalen Guyton,LAC,WR,"$850,000"
1350,nfl,2021,,Demetrius Harris,ARI,TE,"$850,000"
1351,nfl,2021,,Josh Harris,ATL,LS,"$850,000"
1352,nfl,2021,,Dwayne Haskins,PIT,QB,"$850,000"
1353,nfl,2021,,Jacob Hollister,JAX,TE,"$850,000"
1354,nfl,2021,,J.P. Holtz,CHI,TE,"$850,000"
1355,nfl,2021,,Lil’jordan Humphrey,NO,WR,"$850,000"
1356,nfl,2021,,Darryl Johnson,CAR,DL/DE,"$850,000"
1357,nfl,2021,,D’Ernest Johnson,CLE,RB,"$850,000"
1358,nfl,2021,,Fred Johnson,CIN,RT,"$850,000"
1359,nfl,2021,,Jakob Johnson,NE,FB,"$850,000"
1360,nfl,2021,,Ty Johnson,NYJ,RB,"$850,000"
1361,nfl,2021,,Marcus Kemp,KC,WR,"$850,000"
1362,nfl,2021,,Casey Kreiter,NYG,LS,"$850,000"
1363,nfl,2021,,Allen Lazard,GB,WR,"$850,000"
1364,nfl,2021,,Dallin Leavitt,LV,S,"$850,000"
1365,nfl,2021,,Ty Long,LAC,P,"$850,000"
1366,nfl,2021,,Dean Marlowe,DET,SS,"$850,000"
1367,nfl,2021,,Arthur Maulet,PIT,CB,"$850,000"
1368,nfl,2021,,David Mayo,WAS,LB/ILB,"$850,000"
1369,nfl,2021,,Jerick McKinnon,KC,RB,"$850,000"
1370,nfl,2021,,Chase McLaughlin,CLE,K,"$850,000"
1371,nfl,2021,,Pernell McPhee,BAL,ED/OLB,"$850,000"
1372,nfl,2021,,Jake McQuaide,DAL,LS,"$850,000"
1373,nfl,2021,,Gardner Minshew,PHI,QB,"$850,000"
1374,nfl,2021,,Bryan Mone,SEA,DL/DT,"$850,000"
1375,nfl,2021,,Jimmy Moreland,HOU,CB,"$850,000"
1376,nfl,2021,,Stanley Morgan,CIN,WR,"$850,000"
1377,nfl,2021,,Nik Needham,MIA,CB,"$850,000"
1378,nfl,2021,,Yosh Nijman,GB,LT,"$850,000"
1379,nfl,2021,,Alec Ogletree,CHI,LB/ILB,"$850,000"
1380,nfl,2021,,Dare Ogunbowale,JAX,RB,"$850,000"
1381,nfl,2021,,Alex Okafor,KC,ED/DE,"$850,000"
1382,nfl,2021,,Matthew Orzech,LAR,LS,"$850,000"
1383,nfl,2021,,Matt Overton,LAC,LS,"$850,000"
1384,nfl,2021,,Isaiah Prince,CIN,LT,"$850,000"
1385,nfl,2021,,MyCole Pruitt,TEN,TE,"$850,000"
1386,nfl,2021,,David Quessenberry,TEN,LT,"$850,000"
1387,nfl,2021,,Hassan Ridgeway,PHI,DL/DT,"$850,000"
1388,nfl,2021,,Chester Rogers,TEN,WR,"$850,000"
1389,nfl,2021,,Josh Rosen,ATL,QB,"$850,000"
1390,nfl,2021,,Eric Saubert,DEN,TE,"$850,000"
1391,nfl,2021,,Ricky Seals-Jones,WAS,TE,"$850,000"
1392,nfl,2021,,Austin Seibert,DET,K,"$850,000"
1393,nfl,2021,,Tajae Sharpe,ATL,WR,"$850,000"
1394,nfl,2021,,Coleman Shelton,LAR,C,"$850,000"
1395,nfl,2021,,Trevor Siemian,NO,QB,"$850,000"
1396,nfl,2021,,Alex Singleton,PHI,LB,"$850,000"
1397,nfl,2021,,Kaden Smith,NYG,TE,"$850,000"
1398,nfl,2021,,Diontae Spencer,DEN,WR,"$850,000"
1399,nfl,2021,,Robert Spillane,PIT,LB,"$850,000"
1400,nfl,2021,,Jason Spriggs,ATL,LT,"$850,000"
1401,nfl,2021,,Julian Stanford,CAR,ED/OLB,"$850,000"
1402,nfl,2021,,Zach Triner,TB,LS,"$850,000"
1403,nfl,2021,,Greg Ward,PHI,WR,"$850,000"
1404,nfl,2021,,Mike White,NYJ,QB,"$850,000"
1405,nfl,2021,,DeShawn Williams,DEN,DL/DT,"$850,000"
1406,nfl,2021,,Quincy Williams,NYJ,ED/OLB,"$850,000"
1407,nfl,2021,1408,Elerson Smith,NYG,DL/DE,"$849,572"
1408,nfl,2021,1409,Bobby Brown,LAR,DL/DT,"$849,133"
1409,nfl,2021,1410,Chris Rumph II,LAC,ED/DE,"$848,386"
1410,nfl,2021,1411,Malik Turner,DAL,WR,"$848,333"
1411,nfl,2021,1412,Rhamondre Stevenson,NE,RB,"$847,264"
1412,nfl,2021,1413,K.J. Osborn,MIN,WR,"$846,943"
1413,nfl,2021,1414,Jack Driscoll,PHI,G,"$846,933"
1414,nfl,2021,1415,Michael Danna,KC,ED/DE,"$845,915"
1415,nfl,2021,1416,Nico Collins,HOU,WR,"$844,897"
1416,nfl,2021,,Jordan Smith,JAX,LB/OLB,"$844,897"
1417,nfl,2021,1418,Tyler Shelvin,CIN,DL/DT,"$844,141"
1418,nfl,2021,1419,Zech McPhearson,PHI,CB,"$842,413"
1419,nfl,2021,1420,John Bates,WAS,TE,"$840,604"
1420,nfl,2021,1421,Aaron Robinson,NYG,CB,"$839,866"
1421,nfl,2021,1422,Camryn Bynum,MIN,CB,"$839,453"
1422,nfl,2021,1423,Chuba Hubbard,CAR,RB,"$838,294"
1423,nfl,2021,1424,Kylen Granson,IND,TE,"$836,592"
1424,nfl,2021,1425,Jaelon Darden,TB,WR,"$834,476"
1425,nfl,2021,,Dan Moore,PIT,LT,"$834,476"
1426,nfl,2021,1427,Robert Rochell,LAR,CB,"$832,732"
1427,nfl,2021,1428,Netane Muti,DEN,G,"$831,448"
1428,nfl,2021,1429,Tylan Wallace,BAL,WR,"$831,341"
1429,nfl,2021,1430,Mike Onwenu,NE,G,"$830,619"
1430,nfl,2021,1431,Tommy Togiai,CLE,DL/DT,"$829,286"
1431,nfl,2021,1432,Bravvion Roy,CAR,DL/DT,"$828,494"
1432,nfl,2021,1433,Ian Book,NO,QB,"$828,396"
1433,nfl,2021,1434,Blake Ferguson,MIA,LS,"$827,612"
1434,nfl,2021,1435,Alohi Gilman,LAC,S,"$826,969"
1435,nfl,2021,1436,Donovan Peoples-Jones,CLE,WR,"$826,652"
1436,nfl,2021,1437,Tyler Bass,BUF,K,"$826,054"
1437,nfl,2021,1438,Charlie Woerner,SF,TE,"$825,257"
1438,nfl,2021,1439,Antonio Hamilton,ARI,CB,"$825,000"
1439,nfl,2021,1440,Lynn Bowden,MIA,RB,"$824,064"
1440,nfl,2021,1441,Jon Runyan,GB,G,"$823,669"
1441,nfl,2021,1442,Justin Herron,NE,LT,"$823,115"
1442,nfl,2021,1443,Shaun Bradley,PHI,LB/ILB,"$822,855"
1443,nfl,2021,1444,John Penisini,DET,DL/DT,"$822,794"
1444,nfl,2021,1445,Jordan Fuller,LAR,FS,"$822,678"
1445,nfl,2021,1446,Marco Wilson,ARI,S,"$822,595"
1446,nfl,2021,1447,Quez Watkins,PHI,WR,"$822,416"
1447,nfl,2021,1448,James Proche,BAL,WR,"$822,024"
1448,nfl,2021,1449,Ifeadi Odenigbo,CLE,ED/DE,"$817,778"
1449,nfl,2021,1450,Isaiah Rodgers,IND,CB,"$816,281"
1450,nfl,2021,1451,Dane Jackson,BUF,CB,"$815,000"
1451,nfl,2021,1452,Freddie Swain,SEA,WR,"$812,353"
1452,nfl,2021,1453,Markus Bailey,CIN,LB/ILB,"$808,424"
1453,nfl,2021,1454,Ben Cleveland,BAL,G,"$808,396"
1454,nfl,2021,1455,Kamren Curl,WAS,CB,"$808,332"
1455,nfl,2021,1456,Stantley Thomas-Oliver,CAR,CB,"$805,794"
1456,nfl,2021,1457,Eno Benjamin,ARI,RB,"$805,678"
1457,nfl,2021,1458,Chris Claybrooks,JAX,CB,"$805,596"
1458,nfl,2021,1459,James Smith-Williams,WAS,DL/DE,"$804,425"
1459,nfl,2021,1460,Brandon Copeland,ATL,LB/OLB,"$802,778"
1460,nfl,2021,1461,Jordan Simmons,LV,G,"$802,777"
1461,nfl,2021,1462,Andrew Adams,TB,S,"$802,774"
1462,nfl,2021,,Justin Ellis,BAL,DL/DT,"$802,774"
1463,nfl,2021,,Alex Erickson,CAR,WR,"$802,774"
1464,nfl,2021,,Devonta Freeman,BAL,RB,"$802,774"
1465,nfl,2021,,Zane Gonzalez,CAR,K,"$802,774"
1466,nfl,2021,,Nate Hairston,DEN,CB,"$802,774"
1467,nfl,2021,,Jeff Heath,NO,SS,"$802,774"
1468,nfl,2021,,Brian Hoyer,NE,QB,"$802,774"
1469,nfl,2021,,Dontae Johnson,SF,CB,"$802,774"
1470,nfl,2021,,Jaleel Johnson,HOU,DL/DT,"$802,774"
1471,nfl,2021,,Anthony Levine,BAL,SS,"$802,774"
1472,nfl,2021,,Jared Norris,WAS,ED/OLB,"$802,774"
1473,nfl,2021,,Michael Schofield,LAC,G,"$802,774"
1474,nfl,2021,,Andrew Sendejo,IND,SS,"$802,774"
1475,nfl,2021,1476,Vernon Scott,GB,SS,"$800,922"
1476,nfl,2021,1477,Jonathan Garvin,GB,ED/OLB,"$799,820"
1477,nfl,2021,1478,Chris Jackson,TEN,CB,"$799,570"
1478,nfl,2021,1479,Tae Crowder,NYG,LB/ILB,"$798,872"
1479,nfl,2021,1480,Reggie Gilliam,BUF,FB,"$786,666"
1480,nfl,2021,1481,Tavon Austin,JAX,WR,"$785,833"
1481,nfl,2021,1482,Sam Franklin,CAR,SS,"$785,000"
1482,nfl,2021,1483,Tyree Gillespie,LV,S,"$784,836"
1483,nfl,2021,,Buddy Johnson,PIT,LB,"$784,836"
1484,nfl,2021,,Anthony McFarland,PIT,RB,"$784,836"
1485,nfl,2021,,Royce Newman,GB,G,"$784,836"
1486,nfl,2021,1487,Marquez Callaway,NO,WR,"$783,333"
1487,nfl,2021,,Terence Steele,DAL,RT,"$783,333"
1488,nfl,2021,1489,James Pierre,PIT,CB,"$783,000"
1489,nfl,2021,1490,Tommy Townsend,KC,P,"$782,500"
1490,nfl,2021,1491,Tyrel Dodson,BUF,LB/ILB,"$782,000"
1491,nfl,2021,1492,James Robinson,JAX,RB,"$781,666"
1492,nfl,2021,,Tershawn Wharton,KC,DL/DT,"$781,666"
1493,nfl,2021,1494,Ross Matiscik,JAX,LS,"$780,333"
1494,nfl,2021,1495,Salvon Ahmed,MIA,RB,"$780,000"
1495,nfl,2021,,Krys Barnes,GB,LB/ILB,"$780,000"
1496,nfl,2021,,Henry Black,GB,S,"$780,000"
1497,nfl,2021,,Jacob Bobenmoyer,DEN,LS,"$780,000"
1498,nfl,2021,,Ben Bredeson,NYG,G,"$780,000"
1499,nfl,2021,,Elijah Campbell,MIA,S,"$780,000"
1500,nfl,2021,,Trystan Colon-Castillo,BAL,C,"$780,000"
1501,nfl,2021,,Dee Delaney,TB,CB,"$780,000"
1502,nfl,2021,,Michael Dunn,CLE,G,"$780,000"
1503,nfl,2021,,Yasir Durant,NE,G,"$780,000"
1504,nfl,2021,,Demetrius Flannigan-Fowles,SF,SS,"$780,000"
1505,nfl,2021,,Jack Fox,DET,P,"$780,000"
1506,nfl,2021,,Javelin Guidry Jr.,NYJ,CB,"$780,000"
1507,nfl,2021,,Penny Hart,SEA,WR,"$780,000"
1508,nfl,2021,,J.C. Hassenauer,PIT,C,"$780,000"
1509,nfl,2021,,Jesper Horsted,CHI,WR,"$780,000"
1510,nfl,2021,,Travin Howard,LAR,ED/OLB,"$780,000"
1511,nfl,2021,,Tyler Huntley,BAL,QB,"$780,000"
1512,nfl,2021,,Godwin Igwebuike,DET,S,"$780,000"
1513,nfl,2021,,Collin Johnson,NYG,WR,"$780,000"
1514,nfl,2021,,Juwan Johnson,NO,WR,"$780,000"
1515,nfl,2021,,Greg Joseph,MIN,K,"$780,000"
1516,nfl,2021,,Chris Lammons,KC,CB,"$780,000"
1517,nfl,2021,,P.J. Locke,DEN,S,"$780,000"
1518,nfl,2021,,Blake Lynch,MIN,LB,"$780,000"
1519,nfl,2021,,Josh Metellus,MIN,S,"$780,000"
1520,nfl,2021,,Sam Mustipher,CHI,C,"$780,000"
1521,nfl,2021,,Gabe Nabers,LAC,TE,"$780,000"
1522,nfl,2021,,Matt Nelson,DET,RT,"$780,000"
1523,nfl,2021,,Storm Norton,LAC,RT,"$780,000"
1524,nfl,2021,,Donald Parham,LAC,TE,"$780,000"
1525,nfl,2021,,Bobby Price,DET,S,"$780,000"
1526,nfl,2021,,Randy Ramsey,GB,ED/OLB,"$780,000"
1527,nfl,2021,,Wyatt Ray,CIN,ED/DE,"$780,000"
1528,nfl,2021,,John Reid,SEA,CB,"$780,000"
1529,nfl,2021,,Chapelle Russell,JAX,LB/ILB,"$780,000"
1530,nfl,2021,,Lachavious Simmons,CHI,RT,"$780,000"
1531,nfl,2021,,Jeff Smith,NYJ,WR,"$780,000"
1532,nfl,2021,,Geno Stone,BAL,S,"$780,000"
1533,nfl,2021,,Teair Tart,TEN,DL/DT,"$780,000"
1534,nfl,2021,,J.J. Taylor,NE,RB,"$780,000"
1535,nfl,2021,,Malik Taylor,GB,WR,"$780,000"
1536,nfl,2021,,Casey Toohill,WAS,DL/DE,"$780,000"
1537,nfl,2021,,Jonathan Ward,ARI,RB,"$780,000"
1538,nfl,2021,,Tim Ward,NYJ,DL/DE,"$780,000"
1539,nfl,2021,,Kristian Welch,BAL,LB/ILB,"$780,000"
1540,nfl,2021,,Nick Westbrook,TEN,WR,"$780,000"
1541,nfl,2021,,Logan Woodside,TEN,QB,"$780,000"
1542,nfl,2021,1543,Dan Arnold,JAX,TE,"$766,665"
1543,nfl,2021,1544,Kene Nwangwu,MIN,RB,"$766,533"
1544,nfl,2021,1545,Jackson Barton,LV,T,"$755,556"
1545,nfl,2021,1546,Antony Auclair,HOU,TE,"$755,552"
1546,nfl,2021,,Nick Folk,NE,K,"$755,552"
1547,nfl,2021,,Sean Harlow,ARI,G,"$755,552"
1548,nfl,2021,,Sean Mannion,MIN,QB,"$755,552"
1549,nfl,2021,,Josh Woods,DET,LB/ILB,"$755,552"
1550,nfl,2021,1551,Tre Brown,SEA,CB,"$752,110"
1551,nfl,2021,1552,Luke Farrell,JAX,TE,"$749,505"
1552,nfl,2021,1553,Brevin Jordan,HOU,TE,"$748,046"
1553,nfl,2021,1554,Ta'Quon Graham,ATL,DL/DT,"$747,653"
1554,nfl,2021,1555,Evan McPherson,CIN,K,"$745,928"
1555,nfl,2021,1556,Ja'Wuan James,BAL,RT,"$745,000"
1556,nfl,2021,1557,Kenneth Gainwell,PHI,RB,"$743,882"
1557,nfl,2021,1558,Larry Borom,CHI,RT,"$743,270"
1558,nfl,2021,1559,Caden Sterns,DEN,S,"$742,647"
1559,nfl,2021,1560,Tony Fields,CLE,LB/OLB,"$742,440"
1560,nfl,2021,1561,Michael Carter II,NYJ,CB,"$742,232"
1561,nfl,2021,1562,Jaylon Moore,SF,LT,"$740,758"
1562,nfl,2021,1563,Isaiahh Loudermilk,PIT,DL/DT,"$740,072"
1563,nfl,2021,1564,Ihmir Smith-Marsette,MIN,WR,"$739,740"
1564,nfl,2021,1565,Brenden Jaimes,LAC,OL,"$739,445"
1565,nfl,2021,1566,Tommy Doyle,BUF,LT,"$738,931"
1566,nfl,2021,1567,Noah Gray,KC,TE,"$738,444"
1567,nfl,2021,1568,Jamar Johnson,DEN,S,"$737,555"
1568,nfl,2021,1569,Keith Taylor,CAR,CB,"$736,497"
1569,nfl,2021,1570,Khalid Kareem,CIN,ED/DE,"$736,393"
1570,nfl,2021,1571,Nate Hobbs,LV,CB,"$735,763"
1571,nfl,2021,1572,Cameron Brown,NYG,ED/OLB,"$735,147"
1572,nfl,2021,1573,Richard LeCount,CLE,S,"$734,147"
1573,nfl,2021,1574,Garret Wallow,HOU,ED/OLB,"$733,971"
1574,nfl,2021,1575,Deommodore Lenoir,SF,CB,"$731,218"
1575,nfl,2021,1576,Tedarrell Slaton,GB,DL/DT,"$730,130"
1576,nfl,2021,1577,K.J. Britt,TB,LB,"$726,574"
1577,nfl,2021,1578,Josiah Scott,PHI,CB,"$723,333"
1578,nfl,2021,1579,Von Miller,LAR,ED/OLB,"$722,223"
1579,nfl,2021,1580,Derick Roberson,TEN,ED/OLB,"$721,664"
1580,nfl,2021,1581,Simi Fehoko,DAL,WR,"$720,038"
1581,nfl,2021,,Talanoa Hufanga,SF,S,"$720,038"
1582,nfl,2021,,Shemar Jean-Charles,GB,CB,"$720,038"
1583,nfl,2021,,Adetokunbo Ogundeji,ATL,LB/OLB,"$720,038"
1584,nfl,2021,,Avery Williams,ATL,RB,"$720,038"
1585,nfl,2021,1586,Justin Strnad,DEN,LB/ILB,"$719,443"
1586,nfl,2021,1587,Jordan Glasgow,IND,LB/OLB,"$717,909"
1587,nfl,2021,1588,Jabril Cox,DAL,LB/OLB,"$716,701"
1588,nfl,2021,1589,Jay Tufele,JAX,DL/DT,"$716,699"
1589,nfl,2021,1590,Whitney Mercilus,GB,ED/OLB,"$716,667"
1590,nfl,2021,,Desmond Trufant,LV,CB,"$716,667"
1591,nfl,2021,1592,Andre Roberts,LAC,WR,"$716,666"
1592,nfl,2021,1593,Brandon Facyson,LV,CB,"$715,555"
1593,nfl,2021,,Jalyn Holmes,NO,DL/DT,"$715,555"
1594,nfl,2021,1595,Corey Levin,TEN,C,"$715,554"
1595,nfl,2021,1596,Jeff Driskel,HOU,QB,"$715,000"
1596,nfl,2021,,Chris Moore,HOU,WR,"$715,000"
1597,nfl,2021,1598,Nick Niemann,LAC,LB,"$713,501"
1598,nfl,2021,1599,Cam Gill,TB,ED/OLB,"$712,777"
1599,nfl,2021,1600,Frank Darby,ATL,WR,"$711,125"
1600,nfl,2021,1601,Marlon Tuipulotu,PHI,DL/DT,"$708,979"
1601,nfl,2021,1602,Carlos Davis,PIT,DL/DE,"$708,927"
1602,nfl,2021,1603,Pierre Desir,TB,CB,"$708,333"
1603,nfl,2021,,Wes Martin,NYG,G,"$708,333"
1604,nfl,2021,,Robert Nkemdiche,SEA,ED/DE,"$708,333"
1605,nfl,2021,,Iosua Opeta,PHI,G,"$708,333"
1606,nfl,2021,1607,Josh Bynes,BAL,LB/ILB,"$708,330"
1607,nfl,2021,,Rashaan Melvin,CAR,CB,"$708,330"
1608,nfl,2021,,Brett Rypien,DEN,QB,"$708,330"
1609,nfl,2021,1610,Trey Hill,CIN,C,"$708,088"
1610,nfl,2021,1611,Tarron Jackson,PHI,ED/DE,"$707,522"
1611,nfl,2021,1612,Quinton Bohanna,DAL,DL/DT,"$707,118"
1612,nfl,2021,1613,Elijah Mitchell,SF,RB,"$705,892"
1613,nfl,2021,1614,Roy Lopez,HOU,DL/DT,"$705,709"
1614,nfl,2021,1615,Gary Brightwell,NYG,RB,"$704,718"
1615,nfl,2021,1616,JaMycal Hasty,SF,RB,"$704,445"
1616,nfl,2021,1617,Roderic Teamer,LV,S,"$704,439"
1617,nfl,2021,1618,Tremayne Anchrum,LAR,G,"$704,429"
1618,nfl,2021,1619,Larry Rountree III,LAC,RB,"$703,940"
1619,nfl,2021,1620,Chris Evans,CIN,RB,"$703,222"
1620,nfl,2021,1621,Shi Smith,CAR,WR,"$703,105"
1621,nfl,2021,1622,Landon Young,NO,RT,"$702,445"
1622,nfl,2021,1623,Jonathan Marshall,NYJ,DL/DT,"$702,227"
1623,nfl,2021,1624,Stone Forsythe,SEA,LT,"$701,656"
1624,nfl,2021,1625,Victor Dimukeje,ARI,ED/OLB,"$700,465"
1625,nfl,2021,1626,Demetric Felton,CLE,WR,"$700,285"
1626,nfl,2021,1627,Damar Hamlin,BUF,S,"$700,119"
1627,nfl,2021,1628,Joseph Ossai,CIN,LB,"$699,112"
1628,nfl,2021,1629,Del'Shawn Phillips,NYJ,LB,"$693,333"
1629,nfl,2021,1630,Henry Mondeaux,PIT,DL/DE,"$693,328"
1630,nfl,2021,1631,Camaron Cheeseman,WAS,LS,"$692,677"
1631,nfl,2021,,Khalil Herbert,CHI,RB,"$692,677"
1632,nfl,2021,,Isaiah McDuffie,GB,LB/ILB,"$692,677"
1633,nfl,2021,,Israel Mukuamu,DAL,CB,"$692,677"
1634,nfl,2021,,Trey Smith,KC,G,"$692,677"
1635,nfl,2021,1636,Mike Strachan,IND,WR,"$688,708"
1636,nfl,2021,1637,Phil Hoskins,CAR,DL/DT,"$687,811"
1637,nfl,2021,1638,Patrick Johnson,PHI,ED/DE,"$686,469"
1638,nfl,2021,1639,Matt Farniok,DAL,C,"$685,675"
1639,nfl,2021,1640,Dominique Dafney,GB,TE,"$685,556"
1640,nfl,2021,1641,Kevin Givens,SF,DL/DT,"$685,551"
1641,nfl,2021,1642,Jonathon Cooper,DEN,ED/OLB,"$685,168"
1642,nfl,2021,1643,Mark Webb,LAC,S,"$685,022"
1643,nfl,2021,1644,Tre Norwood,PIT,CB,"$683,610"
1644,nfl,2021,1645,Arryn Siposs,PHI,P,"$683,333"
1645,nfl,2021,1646,Shaka Toney,WAS,DL/DE,"$683,238"
1646,nfl,2021,1647,Hakeem Adeniji,CIN,LT,"$681,856"
1647,nfl,2021,1648,Will Fries,IND,G,"$681,343"
1648,nfl,2021,1649,Ben Skowronek,LAR,WR,"$681,131"
1649,nfl,2021,1650,Khyiris Tonga,CHI,DL/DT,"$680,912"
1650,nfl,2021,1651,Chris Garrett,LAR,DL/DE,"$680,530"
1651,nfl,2021,1652,Pressley Harvin III,PIT,P,"$680,184"
1652,nfl,2021,1653,Jermar Jefferson,DET,RB,"$679,581"
1653,nfl,2021,1654,Dax Milne,WAS,WR,"$679,317"
1654,nfl,2021,1655,Grant Stuard,TB,LB,"$679,061"
1655,nfl,2021,1656,Braden Mann,NYJ,P,"$673,163"
1656,nfl,2021,1657,Jaret Patterson,WAS,RB,"$671,666"
1657,nfl,2021,1658,Raymond Johnson III,NYG,DL/DE,"$670,000"
1658,nfl,2021,,Robert Jones,MIA,G,"$670,000"
1659,nfl,2021,1660,Jake Curhan,SEA,RT,"$669,500"
1660,nfl,2021,1661,Isaiah Dunn,NYJ,CB,"$668,333"
1661,nfl,2021,1662,Jack Stoll,PHI,TE,"$667,500"
1662,nfl,2021,1663,Alaric Jackson,LAR,RT,"$666,666"
1663,nfl,2021,,Sammis Reyes,WAS,TE,"$666,666"
1664,nfl,2021,1665,Feleipe Franks,ATL,TE,"$665,000"
1665,nfl,2021,,Amen Ogbongbemiga,LAC,LB,"$665,000"
1666,nfl,2021,,Ar'Darius Washington,BAL,S,"$665,000"
1667,nfl,2021,1668,Corn Elder,WAS,CB,"$664,443"
1668,nfl,2021,1669,A.J. Parker,DET,CB,"$663,333"
1669,nfl,2021,1670,Jacob Harris,LAR,TE,"$662,336"
1670,nfl,2021,1671,Jack Heflin,GB,DL/DE,"$662,333"
1671,nfl,2021,,Caleb Johnson,CHI,LB/ILB,"$662,333"
1672,nfl,2021,1673,D'ante Smith,CIN,G,"$662,330"
1673,nfl,2021,1674,Dezmon Patmon,IND,WR,"$661,242"
1674,nfl,2021,1675,Chris Banjo,ARI,S,"$661,111"
1675,nfl,2021,,Travis Benjamin,SF,WR,"$661,111"
1676,nfl,2021,,Rasul Douglas,GB,CB,"$661,111"
1677,nfl,2021,,Elijah Lee,CLE,LB/OLB,"$661,111"
1678,nfl,2021,,Mike Pennel,ATL,DL/DT,"$661,111"
1679,nfl,2021,1680,Jamie Collins,NE,LB/OLB,"$661,108"
1680,nfl,2021,,Jordan Kunaszyk,WAS,LB,"$661,108"
1681,nfl,2021,1682,Daesean Hamilton,DEN,WR,"$660,661"
1682,nfl,2021,1683,Blake Gillikin,NO,P,"$660,500"
1683,nfl,2021,1684,Ameer Abdullah,CAR,RB,"$660,000"
1684,nfl,2021,,Trinity Benson,DET,WR,"$660,000"
1685,nfl,2021,,Andre Chachere,PHI,CB,"$660,000"
1686,nfl,2021,,Scott Daly,DET,LS,"$660,000"
1687,nfl,2021,,Andrew Dowell,NO,LB,"$660,000"
1688,nfl,2021,,A.J. Green,CLE,CB,"$660,000"
1689,nfl,2021,,Kemon Hall,LAC,CB,"$660,000"
1690,nfl,2021,,Blake Hance,CLE,G,"$660,000"
1691,nfl,2021,,Jake Hanson,GB,C,"$660,000"
1692,nfl,2021,,Michael Hoecht,LAR,DL/DT,"$660,000"
1693,nfl,2021,,Jauan Jennings,SF,WR,"$660,000"
1694,nfl,2021,,Christian Kuntz,PIT,LS,"$660,000"
1695,nfl,2021,,Nick Leverett,TB,G,"$660,000"
1696,nfl,2021,,Greg Mabin,TEN,CB,"$660,000"
1697,nfl,2021,,Malik McDowell,CLE,DL/DT,"$660,000"
1698,nfl,2021,,Nick Moore,BAL,LS,"$660,000"
1699,nfl,2021,,Bryce Perkins,LAR,QB,"$660,000"
1700,nfl,2021,,Anthony Pittman,DET,LB/ILB,"$660,000"
1701,nfl,2021,,Giovanni Ricci,CAR,FB,"$660,000"
1702,nfl,2021,,Quincy Roche,NYG,DL/DE,"$660,000"
1703,nfl,2021,,Dakoda Shepley,SEA,G,"$660,000"
1704,nfl,2021,,Calvin Throckmorton,NO,G,"$660,000"
1705,nfl,2021,,Christian Wade,BUF,RB,"$660,000"
1706,nfl,2021,,Shaun Wade,NE,CB,"$660,000"
1707,nfl,2021,,Antoine Wesley,ARI,WR,"$660,000"
1708,nfl,2021,,Mitchell Wilcox,CIN,TE,"$660,000"
1709,nfl,2021,,Trill Williams,MIA,CB,"$660,000"
1710,nfl,2021,,Ty'Son Williams,BAL,RB,"$660,000"
1711,nfl,2021,1712,Hamsah Nasirildeen,NYJ,S,"$657,516"
1712,nfl,2021,1713,Greg Mancz,MIA,C,"$657,500"
1713,nfl,2021,,Darius Philon,LV,DL/DT,"$657,500"
1714,nfl,2021,1715,Joe Flacco,NYJ,QB,"$656,944"
1715,nfl,2021,,Dustin Hopkins,LAC,K,"$656,944"
1716,nfl,2021,,Mark Ingram,NO,RB,"$656,944"
1717,nfl,2021,1718,Ifeatu Melifonwu,DET,CB,"$652,375"
1718,nfl,2021,1719,Tyler Davis,GB,TE,"$650,000"
1719,nfl,2021,1720,Joe Gaziano,LAC,ED/DE,"$649,995"
1720,nfl,2021,1721,Myles Hartsfield,CAR,CB,"$649,440"
1721,nfl,2021,1722,Jahlani Tavai,NE,LB,"$638,886"
1722,nfl,2021,1723,Troy Pride Jr.,CAR,CB,"$634,369"
1723,nfl,2021,1724,Kylie Fitts,ARI,LB,"$633,333"
1724,nfl,2021,,Johnny Mundt,LAR,TE,"$633,333"
1725,nfl,2021,1726,Sean McKeon,DAL,TE,"$632,889"
1726,nfl,2021,1727,Francis Bernard,DAL,LB,"$628,889"
1727,nfl,2021,1728,Darrick Forrest,WAS,S,"$628,880"
1728,nfl,2021,1729,Kendall Hinton,DEN,WR,"$623,339"
1729,nfl,2021,,Trenton Irwin,CIN,WR,"$623,339"
1730,nfl,2021,,Jon Rhattigan,SEA,LB,"$623,339"
1731,nfl,2021,1732,Reggie Robinson,DAL,CB,"$622,318"
1732,nfl,2021,1733,Rashad Weaver,TEN,DL/DE,"$620,747"
1733,nfl,2021,1734,Carter Coughlin,NYG,ED/OLB,"$618,647"
1734,nfl,2021,1735,Jeremy Sprinkle,DAL,TE,"$613,889"
1735,nfl,2021,1736,Michael Jordan,CAR,G,"$613,886"
1736,nfl,2021,,Senio Kelemete,LAC,G,"$613,886"
1737,nfl,2021,,Ryan Nall,CHI,RB,"$613,886"
1738,nfl,2021,,Equanimeous St. Brown,GB,WR,"$613,886"
1739,nfl,2021,1740,Michael Badgley,IND,K,"$613,332"
1740,nfl,2021,,Korey Cunningham,NYG,T,"$613,332"
1741,nfl,2021,,Donte Deayon,LAR,CB,"$613,332"
1742,nfl,2021,,Isaiah Ford,MIA,WR,"$613,332"
1743,nfl,2021,,Buddy Howell,LAR,RB,"$613,332"
1744,nfl,2021,,Antwaun Woods,IND,DL/DT,"$613,332"
1745,nfl,2021,1746,Cameron Clark,NYJ,G,"$612,748"
1746,nfl,2021,1747,Deonte Brown,CAR,G,"$611,229"
1747,nfl,2021,1748,Sam Ehlinger,IND,QB,"$611,005"
1748,nfl,2021,1749,Quintez Cephus,DET,WR,"$610,514"
1749,nfl,2021,1750,Scottie Phillips,HOU,RB,"$610,000"
1750,nfl,2021,1751,Jack Anderson,PHI,G,"$606,936"
1751,nfl,2021,1752,Jerry Jacobs,DET,CB,"$606,712"
1752,nfl,2021,1753,Davion Davis,HOU,WR,"$606,666"
1753,nfl,2021,,Jessie Lemonier,DET,ED/DE,"$606,666"
1754,nfl,2021,,Kamal Martin,CAR,LB,"$606,666"
1755,nfl,2021,1756,Jason Pinnock,NYJ,CB,"$605,112"
1756,nfl,2021,1757,Rick Lovato,PHI,LS,"$605,000"
1757,nfl,2021,1758,Jamien Sherwood,NYJ,S,"$598,992"
1758,nfl,2021,1759,Melvin Ingram,KC,LB/OLB,"$597,222"
1759,nfl,2021,1760,Bryce Huff,NYJ,ED/OLB,"$596,111"
1760,nfl,2021,1761,Brandin Echols,NYJ,CB,"$594,649"
1761,nfl,2021,1762,Joshua Kaindoh,KC,ED/DE,"$594,281"
1762,nfl,2021,1763,Cameron Batson,TEN,WR,"$593,333"
1763,nfl,2021,1764,Jonas Griffith,DEN,LB/ILB,"$590,000"
1764,nfl,2021,,Aaron Patrick,DEN,DL/DE,"$590,000"
1765,nfl,2021,1766,Daviyon Nixon,CAR,DL/DT,"$589,910"
1766,nfl,2021,1767,Malik Herring,KC,ED/DE,"$586,666"
1767,nfl,2021,,Naquan Jones,TEN,DL/DT,"$586,666"
1768,nfl,2021,1769,Janarius Robinson,MIN,ED/DE,"$581,351"
1769,nfl,2021,1770,Tony Jones,NO,RB,"$578,325"
1770,nfl,2021,1771,Joshuah Bledsoe,NE,S,"$577,859"
1771,nfl,2021,1772,Eric Wilson,HOU,ED/OLB,"$575,000"
1772,nfl,2021,1773,Ben Ellefson,MIN,TE,"$572,222"
1773,nfl,2021,1774,Jashon Cornell,DET,ED/DE,"$571,133"
1774,nfl,2021,1775,Daelin Hayes,BAL,ED/OLB,"$569,964"
1775,nfl,2021,1776,Jordan Willis,SF,ED/DE,"$566,667"
1776,nfl,2021,1777,Jalen Tabor,CHI,CB,"$566,664"
1777,nfl,2021,1778,Larrell Murchison,TEN,DL/DT,"$566,101"
1778,nfl,2021,1779,Jake Funk,LAR,RB,"$564,551"
1779,nfl,2021,1780,Tyree Jackson,PHI,TE,"$563,711"
1780,nfl,2021,1781,Dan Chisena,MIN,WR,"$563,333"
1781,nfl,2021,,Kenny Robinson,CAR,S,"$563,333"
1782,nfl,2021,,Matthew Wright,JAX,K,"$563,333"
1783,nfl,2021,1784,Cole Toner,HOU,G,"$562,221"
1784,nfl,2021,1785,Chris Westry,BAL,CB,"$551,104"
1785,nfl,2021,1786,Torry McTyer,WAS,CB,"$550,556"
1786,nfl,2021,1787,Cameron McGrone,NE,LB,"$550,038"
1787,nfl,2021,1788,Sam Tecklenburg,CAR,C,"$549,990"
1788,nfl,2021,,Derrek Tuszka,PIT,DL/DE,"$549,990"
1789,nfl,2021,1790,Shane Lemieux,NYG,G,"$545,673"
1790,nfl,2021,1791,Kylin Hill,GB,RB,"$543,655"
1791,nfl,2021,1792,Rodrigo Blankenship,IND,K,"$541,110"
1792,nfl,2021,1793,Raekwon McMillan,NE,LB/ILB,"$540,000"
1793,nfl,2021,1794,Josh Ball,DAL,T,"$539,836"
1794,nfl,2021,1795,Zach Kerr,ARI,DL/DE,"$537,500"
1795,nfl,2021,1796,C.J. Board,NYG,WR,"$531,111"
1796,nfl,2021,1797,Rodarius Williams,NYG,CB,"$526,341"
1797,nfl,2021,1798,Jacob Eason,SEA,QB,"$520,002"
1798,nfl,2021,1799,Myles Bryant,NE,CB,"$519,996"
1799,nfl,2021,1800,Jordan Mills,NO,RT,"$519,444"
1800,nfl,2021,1801,Patrick Laird,MIA,RB,"$519,442"
1801,nfl,2021,1802,Aaron Brewer,TEN,G,"$518,887"
1802,nfl,2021,1803,Danny Johnson,WAS,CB,"$513,333"
1803,nfl,2021,,Ryan McCollum,DET,C,"$513,333"
1804,nfl,2021,,Cody White,PIT,WR,"$513,333"
1805,nfl,2021,1806,Racey McMath,TEN,WR,"$512,285"
1806,nfl,2021,1807,D'Onta Foreman,TEN,RB,"$511,111"
1807,nfl,2021,1808,Marquel Lee,LV,LB/ILB,"$511,110"
1808,nfl,2021,1809,Drew Forbes,CLE,G,"$507,334"
1809,nfl,2021,1810,Andre Mintze,DEN,ED/OLB,"$505,000"
1810,nfl,2021,1811,Josh Reynolds,DET,WR,"$499,995"
1811,nfl,2021,1812,Nick Bowers,LV,TE,"$496,667"
1812,nfl,2021,,Jody Fortson,KC,TE,"$496,667"
1813,nfl,2021,1814,Sheldon Day,CLE,DL/DT,"$495,000"
1814,nfl,2021,,Eric Tomlinson,BAL,TE,"$495,000"
1815,nfl,2021,1816,Bryan Cox Jr.,BUF,ED/DE,"$490,000"
1816,nfl,2021,,Joshua Kalu,NYG,CB,"$490,000"
1817,nfl,2021,,Ryan Switzer,CLE,WR,"$490,000"
1818,nfl,2021,1819,Royce Freeman,HOU,RB,"$485,001"
1819,nfl,2021,1820,Justin Hilliard,NYG,LB,"$483,052"
1820,nfl,2021,1821,Michael Thomas,CIN,FS,"$477,777"
1821,nfl,2021,1822,Cassius Marsh,CHI,DL/DE,"$477,776"
1822,nfl,2021,1823,Derrick Gore,KC,RB,"$476,671"
1823,nfl,2021,1824,Mark Gilbert,DET,CB,"$476,666"
1824,nfl,2021,,Tay Gowan,PHI,CB,"$476,666"
1825,nfl,2021,,J.R. Reed,NYG,S,"$476,666"
1826,nfl,2021,,James Wiggins,ARI,S,"$476,666"
1827,nfl,2021,1828,Joe Bachie,CIN,LB,"$476,663"
1828,nfl,2021,,Kendall Blanton,LAR,TE,"$476,663"
1829,nfl,2021,,K.C. McDermott,JAX,T,"$476,663"
1830,nfl,2021,1831,Prince Tega Wanogho,KC,T,"$476,658"
1831,nfl,2021,1832,Taco Charlton,PIT,DL/DE,"$472,222"
1832,nfl,2021,,Hardy Nickerson Jr.,HOU,LB/ILB,"$472,222"
1833,nfl,2021,,Luke Stocker,MIN,TE,"$472,222"
1834,nfl,2021,,Laquon Treadwell,JAX,WR,"$472,222"
1835,nfl,2021,1836,Daren Bates,ATL,LB/ILB,"$472,220"
1836,nfl,2021,,Charles Omenihu,SF,ED/DE,"$472,220"
1837,nfl,2021,,Anthony Rush,ATL,DL/DT,"$472,220"
1838,nfl,2021,,James Vaughters,ATL,ED/DE,"$472,220"
1839,nfl,2021,1840,Chauncey Rivers,GB,ED/OLB,"$469,445"
1840,nfl,2021,1841,B.J. Bello,TEN,LB/ILB,"$465,000"
1841,nfl,2021,,Trevon Coley,TEN,DL/DT,"$465,000"
1842,nfl,2021,,Jack Crawford,ARI,DL/DE,"$465,000"
1843,nfl,2021,,Jason Croom,PHI,TE,"$465,000"
1844,nfl,2021,,Jamil Demby,LAR,G,"$465,000"
1845,nfl,2021,,Sam Ficken,TEN,K,"$465,000"
1846,nfl,2021,,Troy Fumagalli,NE,TE,"$465,000"
1847,nfl,2021,,Joel Heath,DET,DL/DT,"$465,000"
1848,nfl,2021,,Brett Jones,DEN,C,"$465,000"
1849,nfl,2021,,Montrel Meander,CLE,S,"$465,000"
1850,nfl,2021,,Skai Moore,IND,LB/ILB,"$465,000"
1851,nfl,2021,,Natrez Patrick,DEN,ED/OLB,"$465,000"
1852,nfl,2021,,Curtis Riley,TB,FS,"$465,000"
1853,nfl,2021,1854,T.J. Brunson,NYG,LB/ILB,"$460,488"
1854,nfl,2021,1855,Jaylen Twyman,MIN,DL/DT,"$458,736"
1855,nfl,2021,1856,Marquez Stevenson,BUF,WR,"$458,136"
1856,nfl,2021,1857,Thomas Fletcher,CAR,LS,"$447,677"
1857,nfl,2021,1858,Rico Dowdle,DAL,RB,"$443,333"
1858,nfl,2021,1859,Larnel Coleman,MIA,T,"$443,034"
1859,nfl,2021,1860,Xavier Jones,LAR,RB,"$443,000"
1860,nfl,2021,1861,Blake Brandel,MIN,RT,"$440,004"
1861,nfl,2021,1862,Raymond Calais,LAR,RB,"$440,000"
1862,nfl,2021,,Dylan Cantrell,WAS,WR,"$440,000"
1863,nfl,2021,,Demarcus Christmas,PIT,DL/DT,"$440,000"
1864,nfl,2021,,Khalil Dorsey,BAL,CB,"$440,000"
1865,nfl,2021,,Terry Godwin,JAX,WR,"$440,000"
1866,nfl,2021,,Terez Hall,NE,LB,"$440,000"
1867,nfl,2021,,Mitch Hyatt,DAL,T,"$440,000"
1868,nfl,2021,,Jimmy Morrissey,HOU,C,"$440,000"
1869,nfl,2021,,Kyle Murphy,NYG,G,"$440,000"
1870,nfl,2021,,Nick Nelson,IND,CB,"$440,000"
1871,nfl,2021,,Hunter Niswander,DAL,P,"$440,000"
1872,nfl,2021,,Sewo Olonilua,DAL,RB,"$440,000"
1873,nfl,2021,,Patrick Onwuasor,LV,LB/ILB,"$440,000"
1874,nfl,2021,,Joe Ostman,PHI,ED/DE,"$440,000"
1875,nfl,2021,,Kyle Peko,TEN,DL/DT,"$440,000"
1876,nfl,2021,,John Ursua,SEA,WR,"$440,000"
1877,nfl,2021,1878,Derek Rivers,HOU,ED/OLB,"$435,000"
1878,nfl,2021,1879,Keith Ismael,WAS,C,"$433,333"
1879,nfl,2021,1880,Parker Ferguson,NYJ,T,"$427,000"
1880,nfl,2021,1881,Lac Edwards,CAR,P,"$425,000"
1881,nfl,2021,,Jordan Howard,PHI,RB,"$425,000"
1882,nfl,2021,,Sadarius Hutcherson,TB,G,"$425,000"
1883,nfl,2021,,Briley Moore,TEN,TE,"$425,000"
1884,nfl,2021,1885,Austin Schlottmann,DEN,G,"$424,998"
1885,nfl,2021,,Joey Slye,WAS,K,"$424,998"
1886,nfl,2021,1887,Zach Cunningham,TEN,LB/ILB,"$422,055"
1887,nfl,2021,1888,Dylan Moses,JAX,LB,"$421,666"
1888,nfl,2021,,Dylan Soehner,NO,TE,"$421,666"
1889,nfl,2021,1890,Blake Proehl,MIN,WR,"$420,000"
1890,nfl,2021,1891,Cam Lewis,BUF,CB,"$419,997"
1891,nfl,2021,1892,Rysen John,NYG,WR,"$417,500"
1892,nfl,2021,1893,T.J. Vasher,DAL,WR,"$416,666"
1893,nfl,2021,1894,Xavier Kelly,BAL,DL/DT,"$415,666"
1894,nfl,2021,1895,DeMarkus Acy,PIT,CB,"$415,000"
1895,nfl,2021,,Cody Conway,DEN,T,"$415,000"
1896,nfl,2021,,Aaron Crawford,BAL,DL/DT,"$415,000"
1897,nfl,2021,,Jalen Dalton,NO,DL/DT,"$415,000"
1898,nfl,2021,,Quartney Davis,IND,WR,"$415,000"
1899,nfl,2021,,Tre Harbison III,CLE,RB,"$415,000"
1900,nfl,2021,,Jalen Jelks,WAS,ED/OLB,"$415,000"
1901,nfl,2021,,Brandon Kemp,TEN,T,"$415,000"
1902,nfl,2021,,Adrian Killins,DEN,RB,"$415,000"
1903,nfl,2021,,Zane Lewis,NYJ,CB,"$415,000"
1904,nfl,2021,,Damon Lloyd,LAC,LB,"$415,000"
1905,nfl,2021,,Mike Panasiuk,CAR,DL/DT,"$415,000"
1906,nfl,2021,,Jordon Scott,MIN,DL/DT,"$415,000"
1907,nfl,2021,,Donell Stanley,TB,C,"$415,000"
1908,nfl,2021,,Nate Stanley,MIN,QB,"$415,000"
1909,nfl,2021,,Charlie Taumoepeau,DET,TE,"$415,000"
1910,nfl,2021,,Nigel Warrior,SEA,S,"$415,000"
1911,nfl,2021,,Marcus Webb,SEA,DL/DT,"$415,000"
1912,nfl,2021,,Rob Windsor,IND,DL/DT,"$415,000"
1913,nfl,2021,1914,Dylan Cole,TEN,LB/ILB,"$408,888"
1914,nfl,2021,,Christian Ringo,NO,DL/DT,"$408,888"
1915,nfl,2021,1916,Reid Sinnett,PHI,QB,"$403,333"
1916,nfl,2021,1917,Tory Carter,TEN,FB,"$403,326"
1917,nfl,2021,1918,Tommy Hudson,TEN,TE,"$396,111"
1918,nfl,2021,1919,Colton McKivitz,SF,T,"$389,997"
1919,nfl,2021,,Elijah Riley,NYJ,CB,"$389,997"
1920,nfl,2021,,Kendal Vickers,LV,ED/DE,"$389,997"
1921,nfl,2021,1922,Vince Biegel,MIA,ED/OLB,"$385,000"
1922,nfl,2021,1923,Jahleel Addae,IND,SS,"$377,776"
1923,nfl,2021,,Brett Maher,NO,K,"$377,776"
1924,nfl,2021,,Jamal Perry,MIA,CB,"$377,776"
1925,nfl,2021,1926,Dante Pettis,NYG,WR,"$374,444"
1926,nfl,2021,1927,Deon Jackson,IND,RB,"$366,667"
1927,nfl,2021,,Patrick Taylor,GB,RB,"$366,667"
1928,nfl,2021,1929,Kary Vincent Jr.,PHI,CB,"$366,666"
1929,nfl,2021,,Steven Wirtel,GB,LS,"$366,666"
1930,nfl,2021,1931,Darius Hodge,MIA,DL/DE,"$366,660"
1931,nfl,2021,,Christian Rozeboom,LAR,LB,"$366,660"
1932,nfl,2021,1933,Tashawn Bower,MIN,ED/DE,"$357,777"
1933,nfl,2021,,Dontrell Hilliard,TEN,RB,"$357,777"
1934,nfl,2021,,Jaydon Mickens,JAX,WR,"$357,777"
1935,nfl,2021,1936,Emmanuel Ellerbee,ATL,LB,"$346,664"
1936,nfl,2021,,Breiden Fehoko,LAC,DL/DT,"$346,664"
1937,nfl,2021,1938,Nick Bawden,NYJ,FB,"$330,554"
1938,nfl,2021,,Benjamin Braden,GB,T,"$330,554"
1939,nfl,2021,,Phil Haynes,SEA,G,"$330,554"
1940,nfl,2021,,Margus Hunt,CHI,DL/DE,"$330,554"
1941,nfl,2021,,Trace McSorley,ARI,QB,"$330,554"
1942,nfl,2021,,Thomas Morstead,ATL,P,"$330,554"
1943,nfl,2021,,Kevon Seymour,BAL,CB,"$330,554"
1944,nfl,2021,,Buster Skrine,TEN,CB,"$330,554"
1945,nfl,2021,,Lane Taylor,HOU,G,"$330,554"
1946,nfl,2021,1947,Micah Kiser,DEN,LB/ILB,"$330,000"
1947,nfl,2021,1948,Jalen Elliott,DET,S,"$329,994"
1948,nfl,2021,,Dez Fitzpatrick,TEN,WR,"$329,994"
1949,nfl,2021,,Marcus Henry,ARI,C,"$329,994"
1950,nfl,2021,,Clay Johnston,CIN,LB/ILB,"$329,994"
1951,nfl,2021,,Olubunmi Rotimi,WAS,DL/DE,"$329,994"
1952,nfl,2021,,Brock Wright,DET,TE,"$329,994"
1953,nfl,2021,1954,Phillip Dorsett,HOU,WR,"$325,000"
1954,nfl,2021,1955,Le'Raven Clark,PHI,RT,"$312,500"
1955,nfl,2021,1956,Davontae Harris,LAC,CB,"$306,666"
1956,nfl,2021,1957,Kevin Rader,PIT,TE,"$303,331"
1957,nfl,2021,1958,Shane Buechele,KC,QB,"$293,328"
1958,nfl,2021,,Tipa Galeai,GB,DL/DE,"$293,328"
1959,nfl,2021,,Riley Patterson,DET,K,"$293,328"
1960,nfl,2021,,Rachad Wildgoose,NYJ,CB,"$293,328"
1961,nfl,2021,,Daniel Wise,WAS,DL/DT,"$293,328"
1962,nfl,2021,,Kenny Yeboah,NYJ,TE,"$293,328"
1963,nfl,2021,1964,Montravius Adams,PIT,DL/DE,"$283,332"
1964,nfl,2021,,Caleb Benenoch,NO,RT,"$283,332"
1965,nfl,2021,,Albert Huggins,NO,DL/DT,"$283,332"
1966,nfl,2021,,Steven Parker,NYG,S,"$283,332"
1967,nfl,2021,,Breshad Perriman,TB,WR,"$283,332"
1968,nfl,2021,,Brett Toth,PHI,RT,"$283,332"
1969,nfl,2021,,Trayveon Williams,CIN,RB,"$283,332"
1970,nfl,2021,1971,Jonathan Williams,WAS,RB,"$275,000"
1971,nfl,2021,1972,Jonathan Owens,HOU,S,"$264,998"
1972,nfl,2021,1973,Marquise Copeland,LAR,DL/DT,"$256,662"
1973,nfl,2021,,Tommy Kraemer,DET,G,"$256,662"
1974,nfl,2021,,John Leglue,PIT,G,"$256,662"
1975,nfl,2021,1976,Dustin Colquitt,CLE,P,"$236,110"
1976,nfl,2021,,Bruce Irvin,CHI,DL/DE,"$236,110"
1977,nfl,2021,,Qadree Ollison,ATL,RB,"$236,110"
1978,nfl,2021,,Kenny Stills,NO,WR,"$236,110"
1979,nfl,2021,1980,Rashod Berry,DET,TE,"$219,996"
1980,nfl,2021,,Jake Fromm,NYG,QB,"$219,996"
1981,nfl,2021,,Brian Johnson,WAS,K,"$219,996"
1982,nfl,2021,,Adam Prentice,NO,FB,"$219,996"
1983,nfl,2021,,Sutton Smith,LV,LB/OLB,"$219,996"
1984,nfl,2021,1985,Eddy Pineiro,NYJ,K,"$216,665"
1985,nfl,2021,,Austin Walter,NYJ,RB,"$216,665"
1986,nfl,2021,1987,Calvin Munson,MIA,LB/ILB,"$208,888"
1987,nfl,2021,1988,Jamil Douglas,WAS,G,"$204,444"
1988,nfl,2021,,Garrett Gilbert,WAS,QB,"$204,444"
1989,nfl,2021,1990,Ibraheim Campbell,IND,SS,"$196,000"
1990,nfl,2021,,Jonotthan Harrison,NYG,C,"$196,000"
1991,nfl,2021,1992,Deante Burton,DAL,CB,"$188,888"
1992,nfl,2021,,James Carpenter,NO,G,"$188,888"
1993,nfl,2021,,Wayne Gallman,MIN,RB,"$188,888"
1994,nfl,2021,,Duke Johnson,MIA,RB,"$188,888"
1995,nfl,2021,,Josh Johnson,BAL,QB,"$188,888"
1996,nfl,2021,,Nate Orchard,WAS,DL/DE,"$188,888"
1997,nfl,2021,,Sheldrick Redwine,MIA,S,"$188,888"
1998,nfl,2021,,Craig Reynolds,DET,RB,"$188,888"
1999,nfl,2021,,Jaylon Smith,NYG,LB/ILB,"$188,888"
2000,nfl,2021,2001,Milo Eifler,WAS,LB,"$183,330"
2001,nfl,2021,,Gavin Heslop,SEA,CB,"$183,330"
2002,nfl,2021,,Jon Toth,WAS,C,"$183,330"
2003,nfl,2021,2004,Jamal Carter,TEN,SS,"$182,000"
2004,nfl,2021,,Alex Redmond,NE,G,"$182,000"
2005,nfl,2021,2006,J'Marcus Bradley,CLE,WR,"$173,332"
2006,nfl,2021,,Juwann Winfree,GB,WR,"$173,332"
2007,nfl,2021,2008,Darrion Daniels,SF,DL/DT,"$165,600"
2008,nfl,2021,,Caleb Huntley,ATL,RB,"$165,600"
2009,nfl,2021,,Joe Reed,LAC,WR,"$165,600"
2010,nfl,2021,,Marvell Tell,IND,CB,"$165,600"
2011,nfl,2021,2012,Bobby Hart,BUF,RT,"$165,000"
2012,nfl,2021,2013,Austin Calitro,CIN,LB/ILB,"$153,333"
2013,nfl,2021,2014,Zayne Anderson,KC,LB,"$146,664"
2014,nfl,2021,,Brady Breeze,DET,S,"$146,664"
2015,nfl,2021,,Shawn Davis,GB,S,"$146,664"
2016,nfl,2021,,Thomas Graham Jr.,CHI,CB,"$146,664"
2017,nfl,2021,,Tanner Muse,SEA,LB/OLB,"$146,664"
2018,nfl,2021,,Jarren Williams,NYG,CB,"$146,664"
2019,nfl,2021,2020,Ryquell Armstead,JAX,RB,"$141,666"
2020,nfl,2021,,Dakota Dozier,MIN,LT,"$141,666"
2021,nfl,2021,,Porter Gustin,CLE,LB/OLB,"$141,666"
2022,nfl,2021,,Kai Nacua,NYJ,S,"$141,666"
2023,nfl,2021,,Will Parks,NYJ,S,"$141,666"
2024,nfl,2021,,Chris Smith,HOU,DL/DE,"$141,666"
2025,nfl,2021,,Shawn Williams,ATL,SS,"$141,666"
2026,nfl,2021,2027,Grayland Arnold,HOU,CB,"$134,999"
2027,nfl,2021,,Ron'Dell Carter,HOU,DL/DE,"$134,999"
2028,nfl,2021,2029,Greg Dortch,ARI,WR,"$129,999"
2029,nfl,2021,2030,Ka'dar Hollman,NYG,CB,"$128,800"
2030,nfl,2021,2031,Duke Dawson,DEN,CB,"$126,000"
2031,nfl,2021,2032,David Sharpe,BAL,T,"$110,000"
2032,nfl,2021,2033,Lirim Hajrullahu,CAR,K,"$109,998"
2033,nfl,2021,,Keandre Jones,CIN,LB,"$109,998"
2034,nfl,2021,,Azur Kamara,CAR,DL/DE,"$109,998"
2035,nfl,2021,,Sam Kamara,CHI,DL/DT,"$109,998"
2036,nfl,2021,2037,Hunter Bryant,DET,TE,"$106,666"
2037,nfl,2021,2038,Brett Hundley,IND,QB,"$102,222"
2038,nfl,2021,,JK Scott,JAX,P,"$102,222"
2039,nfl,2021,2040,David Bada,WAS,DL/DT,"$101,200"
2040,nfl,2021,,Aaron Parker,CAR,WR,"$101,200"
2041,nfl,2021,2042,Mason Schreck,CIN,TE,"$98,000"
2042,nfl,2021,2043,Kamaal Seymour,LV,G,"$94,500"
2043,nfl,2021,2044,Tyrell Adams,JAX,LB/OLB,"$94,444"
2044,nfl,2021,,Jonathan Harris,DEN,DL/DT,"$94,444"
2045,nfl,2021,,Brandon Rusnak,JAX,CB,"$94,444"
2046,nfl,2021,,Kahale Warring,JAX,TE,"$94,444"
2047,nfl,2021,2048,Curtis Bolton,DET,LB,"$86,666"
2048,nfl,2021,,Tegray Scales,PIT,LB,"$86,666"
2049,nfl,2021,,Javin White,NYJ,LB,"$86,666"
2050,nfl,2021,2051,De'Jon Harris,WAS,LB,"$73,333"
2051,nfl,2021,2052,Jamir Jones,JAX,LB,"$73,332"
2052,nfl,2021,,Rick Leonard,MIN,T,"$73,332"
2053,nfl,2021,,Jared Pinkney,DET,TE,"$73,332"
2054,nfl,2021,,Mekhi Sargent,JAX,RB,"$73,332"
2055,nfl,2021,,Seth Williams,DEN,WR,"$73,332"
2056,nfl,2021,2057,Adrian Peterson,SEA,RB,"$70,000"
2057,nfl,2021,2058,Mike Daniels,CIN,DL/DT,"$59,722"
2058,nfl,2021,,Darqueze Dennard,SF,CB,"$59,722"
2059,nfl,2021,,Darren Fells,TB,TE,"$59,722"
2060,nfl,2021,,Tony Jefferson,BAL,SS,"$59,722"
2061,nfl,2021,,Damion Square,LV,DL/DT,"$59,722"
2062,nfl,2021,2063,Thaddeus Moss,CIN,TE,"$55,200"
2063,nfl,2021,2064,Kenjon Barner,TB,RB,"$55,000"
2064,nfl,2021,,Ronald Blair,NYJ,DL/DE,"$55,000"
2065,nfl,2021,,Adrian Colbert,CLE,FS,"$55,000"
2066,nfl,2021,,Rashaad Coward,PIT,G,"$55,000"
2067,nfl,2021,,Sean Davis,NE,FS,"$55,000"
2068,nfl,2021,,Josh Jones,SEA,S,"$55,000"
2069,nfl,2021,,T.Y. McGill,MIN,DL/DT,"$55,000"
2070,nfl,2021,,Mark Nzeocha,SF,LB/OLB,"$55,000"
2071,nfl,2021,,Will Redmond,IND,FS,"$55,000"
2072,nfl,2021,,Richard Rodgers,PHI,TE,"$55,000"
2073,nfl,2021,,Tye Smith,MIN,CB,"$55,000"
2074,nfl,2021,,Noah Spence,CIN,ED/DE,"$55,000"
2075,nfl,2021,2076,Alex Armah,WAS,FB,"$51,111"
2076,nfl,2021,,Will Clapp,NO,C,"$51,111"
2077,nfl,2021,,Da'shawn Hand,TEN,DL/DE,"$51,111"
2078,nfl,2021,,Temarrick Hemingway,WAS,TE,"$51,111"
2079,nfl,2021,,Ryan Izzo,TEN,TE,"$51,111"
2080,nfl,2021,,Nick Mullens,CLE,QB,"$51,111"
2081,nfl,2021,,Parry Nickerson,MIN,CB,"$51,111"
2082,nfl,2021,,Kevin Peterson,ARI,CB,"$51,111"
2083,nfl,2021,,Brandon Powell,LAR,WR,"$51,111"
2084,nfl,2021,,Keivarae Russell,NO,CB,"$51,111"
2085,nfl,2021,,Ito Smith,DAL,RB,"$51,111"
2086,nfl,2021,,Trent Taylor,CIN,WR,"$51,111"
2087,nfl,2021,,Jordan Wilkins,TEN,RB,"$51,111"
2088,nfl,2021,2089,Brian Allen,CLE,CB,"$47,222"
2089,nfl,2021,,HaHa Clinton-Dix,DEN,FS,"$47,222"
2090,nfl,2021,,Daniel Ekuale,NE,DL/DT,"$47,222"
2091,nfl,2021,,Grant Haley,LAR,CB,"$47,222"
2092,nfl,2021,,Trayvon Henderson,CIN,S,"$47,222"
2093,nfl,2021,,Frank Herron,CAR,DL/DT,"$47,222"
2094,nfl,2021,,Isaiah Mack,BAL,DL/DT,"$47,222"
2095,nfl,2021,,Cameron Malveaux,PHI,ED/DE,"$47,222"
2096,nfl,2021,,Ross Pierschbacher,NYJ,G,"$47,222"
2097,nfl,2021,,Greg Senat,NYJ,T,"$47,222"
2098,nfl,2021,,Dan Skipper,DET,T,"$47,222"
2099,nfl,2021,,Kevin Strong,TEN,DL/DT,"$47,222"
2100,nfl,2021,,Keaton Sutherland,CIN,C,"$47,222"
2101,nfl,2021,,Jacob Tuioti-Mariner,CAR,ED/OLB,"$47,222"
2102,nfl,2021,,Dexter Williams,CLE,RB,"$47,222"
2103,nfl,2021,,Renell Wren,CIN,DL/DT,"$47,222"
2104,nfl,2021,2105,Nate McCrary,BAL,RB,"$46,000"
2105,nfl,2021,2106,Abdullah Anderson,GB,DL/DE,"$43,333"
2106,nfl,2021,,Anthony Chesley,IND,CB,"$43,333"
2107,nfl,2021,,Lester Cotton,LV,G,"$43,333"
2108,nfl,2021,,Nathan Cottrell,JAX,RB,"$43,333"
2109,nfl,2021,,Hjalte Froholdt,CLE,G,"$43,333"
2110,nfl,2021,,Jake Gervase,LAR,S,"$43,333"
2111,nfl,2021,,Cyril Grayson,TB,WR,"$43,333"
2112,nfl,2021,,Jason Huntley,PHI,RB,"$43,333"
2113,nfl,2021,,Tyron Johnson,LV,WR,"$43,333"
2114,nfl,2021,,Jaryd Jones-Smith,BAL,T,"$43,333"
2115,nfl,2021,,Keith Kirkwood,CAR,WR,"$43,333"
2116,nfl,2021,,Herb Miller,CLE,CB,"$43,333"
2117,nfl,2021,,Jeremy Reaves,WAS,S,"$43,333"
2118,nfl,2021,,David Sills,NYG,WR,"$43,333"
2119,nfl,2021,,Noah Togiai,PHI,TE,"$43,333"
2120,nfl,2021,,Tre'Vour Wallace-Simms,JAX,G,"$43,333"
2121,nfl,2021,,Kenny Willekes,MIN,ED/DE,"$43,333"
2122,nfl,2021,,Raequan Williams,PHI,DL/DT,"$43,333"
2123,nfl,2021,,Jabari Zuniga,NYJ,DL/DE,"$43,333"
2124,nfl,2021,2125,Kayode Awosika,PHI,G,"$36,666"
2125,nfl,2021,,Alex Bachman,NYG,WR,"$36,666"
2126,nfl,2021,,Quinn Bailey,DEN,T,"$36,666"
2127,nfl,2021,,Tavante Beckett,DET,LB,"$36,666"
2128,nfl,2021,,Tarik Black,NYJ,WR,"$36,666"
2129,nfl,2021,,Reggie Bonnafon,CAR,RB,"$36,666"
2130,nfl,2021,,Tuf Borland,MIN,LB,"$36,666"
2131,nfl,2021,,Will Bradley-King,WAS,DL/DE,"$36,666"
2132,nfl,2021,,Jake Browning,CIN,QB,"$36,666"
2133,nfl,2021,,Jalen Camp,HOU,WR,"$36,666"
2134,nfl,2021,,Joseph Charlton,JAX,P,"$36,666"
2135,nfl,2021,,Tyrie Cleveland,DEN,WR,"$36,666"
2136,nfl,2021,,Tyler Coyle,DAL,S,"$36,666"
2137,nfl,2021,,Zach Davidson,MIN,TE,"$36,666"
2138,nfl,2021,,Myles Dorn,MIN,CB,"$36,666"
2139,nfl,2021,,Michael Dwumfour,HOU,DL/DT,"$36,666"
2140,nfl,2021,,Christian Elliss,PHI,ED/DE,"$36,666"
2141,nfl,2021,,Danny Etling,JAX,QB,"$36,666"
2142,nfl,2021,,Elliott Fry,CIN,K,"$36,666"
2143,nfl,2021,,Aaron Fuller,SEA,WR,"$36,666"
2144,nfl,2021,,Ladarius Hamilton,GB,DL/DE,"$36,666"
2145,nfl,2021,,Josh Hammond,JAX,WR,"$36,666"
2146,nfl,2021,,JaQuan Hardy,DAL,RB,"$36,666"
2147,nfl,2021,,Madre Harper,CAR,CB,"$36,666"
2148,nfl,2021,,Parker Hesse,ATL,TE,"$36,666"
2149,nfl,2021,,Michael Jackson,SEA,CB,"$36,666"
2150,nfl,2021,,Josh Johnson,SEA,RB,"$36,666"
2151,nfl,2021,,Tyler Mabry,SEA,TE,"$36,666"
2152,nfl,2021,,Jared Mayden,PHI,S,"$36,666"
2153,nfl,2021,,Mac McCain,DEN,CB,"$36,666"
2154,nfl,2021,,Bryan Mills,MIN,CB,"$36,666"
2155,nfl,2021,,Dazz Newsome,CHI,WR,"$36,666"
2156,nfl,2021,,Tony Poljan,BAL,TE,"$36,666"
2157,nfl,2021,,Malcolm Roach,NO,ED/DE,"$36,666"
2158,nfl,2021,,Curtis Robinson,SF,LB/ILB,"$36,666"
2159,nfl,2021,,D'Angelo Ross,NE,CB,"$36,666"
2160,nfl,2021,,JaCoby Stevens,PHI,S,"$36,666"
2161,nfl,2021,,Connor Strachan,HOU,LB,"$36,666"
2162,nfl,2021,,Stephen Sullivan,CAR,WR,"$36,666"
2163,nfl,2021,,Cody Thompson,SEA,WR,"$36,666"
2164,nfl,2021,,Austin Trammell,ATL,WR,"$36,666"
2165,nfl,2021,,Badara Traore,JAX,T,"$36,666"
2166,nfl,2021,,Casey Tucker,PHI,T,"$36,666"
2167,nfl,2021,,Curtis Weaver,CLE,ED/DE,"$36,666"
2168,nfl,2021,,David Wells,ARI,TE,"$36,666"
2169,nfl,2021,,Chris Williams,IND,DL/DT,"$36,666"
2170,nfl,2021,,Marvin Wilson,PHI,DL/DT,"$36,666"
2171,nfl,2021,2172,Tommylee Lewis,MIA,WR,"$28,000"
2172,nfl,2021,2173,John Kelly,CLE,RB,"$27,600"
2173,nfl,2021,,Charles Snowden,CHI,DL/DE,"$27,600"
2174,nfl,2021,,Ken Webster,NYJ,CB,"$27,600"
2175,nfl,2021,2176,Myles Adams,SEA,DL/DT,"$18,400"
2176,nfl,2021,,Chris Blewitt,CLE,K,"$18,400"
2177,nfl,2021,,Miller Forristall,CLE,TE,"$18,400"
2178,nfl,2021,,Joe Jackson,CLE,ED/DE,"$18,400"
2179,nfl,2021,,Jordan Miller,NO,CB,"$18,400"
2180,nfl,2021,,Jordan Scarlett,MIA,RB,"$18,400"
2181,nfl,2021,,Shane Zylstra,DET,TE,"$18,400"
2182,nfl,2021,2183,Daniel Brown,NYJ,TE,"$14,000"
2183,nfl,2021,2184,Marquiss Spencer,DEN,DL/DE,"$9,200"
2184,nfl,2021,1,OL,,,23
2185,nfl,2021,2,QB,,,18
2186,nfl,2021,3,WR,,,14
2187,nfl,2021,4,DL,,,10
2188,nfl,2021,5,ED,,,10
2189,nfl,2021,6,CB,,,9
2190,nfl,2021,7,LB,,,8
2191,nfl,2021,8,S,,,6
2192,nfl,2021,9,RB,,,2
2193,nfl,2021,1,LAC,,,6
2194,nfl,2021,2,TEN,,,5
2195,nfl,2021,3,ARI,,,4
2196,nfl,2021,4,ATL,,,4
2197,nfl,2021,5,BAL,,,4
2198,nfl,2021,6,CHI,,,4
2199,nfl,2021,7,CIN,,,4
2200,nfl,2021,8,CLE,,,4
2201,nfl,2021,9,DAL,,,4
2202,nfl,2021,10,GB,,,4
2203,nfl,2021,11,NYJ,,,4
2204,nfl,2021,12,KC,,,4
2205,nfl,2021,13,MIA,,,4
2206,nfl,2021,14,TB,,,4
2207,nfl,2021,15,WAS,,,4
2208,nfl,2021,16,DET,,,3
2209,nfl,2021,17,JAX,,,3
2210,nfl,2021,18,LAR,,,3
2211,nfl,2021,19,MIN,,,3
2212,nfl,2021,20,NE,,,3
2213,nfl,2021,21,NYG,,,3
2214,nfl,2021,22,SEA,,,3
2215,nfl,2021,23,BUF,,,2
2216,nfl,2021,24,IND,,,2
2217,nfl,2021,25,LV,,,2
2218,nfl,2021,26,NO,,,2
2219,nfl,2021,27,PHI,,,2
2220,nfl,2021,28,PIT,,,2
2221,nfl,2021,29,SF,,,2
2222,nfl,2021,30,DEN,,,1
2223,nfl,2021,31,HOU,,,1
2224,nfl,2021,1,OL,,,23
2225,nfl,2021,2,QB,,,18
2226,nfl,2021,3,WR,,,14
2227,nfl,2021,4,DL,,,10
2228,nfl,2021,5,ED,,,10
2229,nfl,2021,6,CB,,,9
2230,nfl,2021,7,LB,,,8
2231,nfl,2021,8,S,,,6
2232,nfl,2021,9,RB,,,2
2233,nfl,2021,1,LAC,,,6
2234,nfl,2021,2,TEN,,,5
2235,nfl,2021,3,ARI,,,4
2236,nfl,2021,4,ATL,,,4
2237,nfl,2021,5,BAL,,,4
2238,nfl,2021,6,CHI,,,4
2239,nfl,2021,7,CIN,,,4
2240,nfl,2021,8,CLE,,,4
2241,nfl,2021,9,DAL,,,4
2242,nfl,2021,10,GB,,,4
2243,nfl,2021,11,NYJ,,,4
2244,nfl,2021,12,KC,,,4
2245,nfl,2021,13,MIA,,,4
2246,nfl,2021,14,TB,,,4
2247,nfl,2021,15,WAS,,,4
2248,nfl,2021,16,DET,,,3
2249,nfl,2021,17,JAX,,,3
2250,nfl,2021,18,LAR,,,3
2251,nfl,2021,19,MIN,,,3
2252,nfl,2021,20,NE,,,3
2253,nfl,2021,21,NYG,,,3
2254,nfl,2021,22,SEA,,,3
2255,nfl,2021,23,BUF,,,2
2256,nfl,2021,24,IND,,,2
2257,nfl,2021,25,LV,,,2
2258,nfl,2021,26,NO,,,2
2259,nfl,2021,27,PHI,,,2
2260,nfl,2021,28,PIT,,,2
2261,nfl,2021,29,SF,,,2
2262,nfl,2021,30,DEN,,,1
2263,nfl,2021,31,HOU,,,1
