,league,season,rank,player,team,position,salary
0,nfl,2019,1,Matthew Stafford,DET,QB,"$30,700,000"
1,nfl,2019,2,Aaron Rodgers,GB,QB,"$29,672,000"
2,nfl,2019,3,Kirk Cousins,MIN,QB,"$29,000,000"
3,nfl,2019,4,Russell Wilson,SEA,QB,"$26,286,668"
4,nfl,2019,5,Ben Roethlisberger,PIT,QB,"$26,200,000"
5,nfl,2019,6,Von Miller,DEN,ED/OLB,"$25,125,000"
6,nfl,2019,7,Eli Manning,NYG,QB,"$23,200,000"
7,nfl,2019,,Cam Newton,CAR,QB,"$23,200,000"
8,nfl,2019,9,Philip Rivers,LAC,QB,"$23,000,000"
9,nfl,2019,10,Drew Brees,NO,QB,"$22,700,000"
10,nfl,2019,11,Derek Carr,OAK,QB,"$22,500,000"
11,nfl,2019,12,Tom Brady,NE,QB,"$21,500,000"
12,nfl,2019,13,Marcus Mariota,TEN,QB,"$20,922,000"
13,nfl,2019,,Jameis Winston,TB,QB,"$20,922,000"
14,nfl,2019,15,Alex Smith,WAS,QB,"$20,400,000"
15,nfl,2019,16,Jimmy Garoppolo,SF,QB,"$20,000,000"
16,nfl,2019,17,Melvin Ingram,LAC,ED/DE,"$19,625,000"
17,nfl,2019,18,Sammy Watkins,KC,WR,"$19,200,000"
18,nfl,2019,19,Kyle Fuller,CHI,CB,"$18,000,000"
19,nfl,2019,20,Reshad Jones,MIA,SS,"$17,191,250"
20,nfl,2019,21,Aaron Donald,LAR,DL/DT,"$17,108,000"
21,nfl,2019,22,"Odell Beckham, Jr.",CLE,WR,"$17,000,000"
22,nfl,2019,23,Andrew Whitworth,LAR,LT,"$16,659,168"
23,nfl,2019,24,Andy Dalton,CIN,QB,"$16,200,000"
24,nfl,2019,25,Andrew Norwell,JAX,G,"$16,000,000"
25,nfl,2019,,Allen Robinson,CHI,WR,"$16,000,000"
26,nfl,2019,27,Terron Armstead,NO,LT,"$15,968,750"
27,nfl,2019,28,Darius Slay,DET,CB,"$15,918,750"
28,nfl,2019,29,Jimmy Smith,BAL,CB,"$15,850,685"
29,nfl,2019,30,Bobby Wagner,SEA,LB/ILB,"$15,850,000"
30,nfl,2019,31,Matt Ryan,ATL,QB,"$15,800,000"
31,nfl,2019,32,Tyron Smith,DAL,LT,"$15,545,000"
32,nfl,2019,33,Russell Okung,LAC,LT,"$15,531,250"
33,nfl,2019,34,Olivier Vernon,CLE,ED/DE,"$15,500,000"
34,nfl,2019,35,A.J. Bouye,JAX,CB,"$15,437,500"
35,nfl,2019,36,Brandin Cooks,LAR,WR,"$15,259,000"
36,nfl,2019,37,Trenton Brown,OAK,RT,"$15,250,000"
37,nfl,2019,38,Mike Evans,TB,WR,"$15,200,000"
38,nfl,2019,39,A.J. Green,CIN,WR,"$15,176,000"
39,nfl,2019,40,T.Y. Hilton,IND,WR,"$15,000,000"
40,nfl,2019,,J.J. Watt,HOU,DL/DE,"$15,000,000"
41,nfl,2019,42,Cameron Heyward,PIT,DL/DT,"$14,901,250"
42,nfl,2019,43,Chandler Jones,ARI,ED/OLB,"$14,833,333"
43,nfl,2019,44,Geno Atkins,CIN,DL/DT,"$14,600,000"
44,nfl,2019,45,Calais Campbell,JAX,ED/DE,"$14,500,000"
45,nfl,2019,46,Joe Staley,SF,LT,"$14,418,750"
46,nfl,2019,47,Dee Ford,SF,ED/DE,"$14,365,625"
47,nfl,2019,48,Josh Norman,WAS,CB,"$14,237,500"
48,nfl,2019,49,David Bakhtiari,GB,LT,"$14,200,000"
49,nfl,2019,50,Brandon Williams,BAL,DL/DT,"$14,170,000"
50,nfl,2019,51,Jarvis Landry,CLE,WR,"$14,050,000"
51,nfl,2019,52,DeAndre Hopkins,HOU,WR,"$14,000,000"
52,nfl,2019,,Justin Houston,IND,ED/DE,"$14,000,000"
53,nfl,2019,,Zack Martin,DAL,G,"$14,000,000"
54,nfl,2019,55,Richard Sherman,SF,CB,"$13,925,000"
55,nfl,2019,56,Amari Cooper,DAL,WR,"$13,924,000"
56,nfl,2019,57,Desmond Trufant,ATL,CB,"$13,900,000"
57,nfl,2019,58,Ryan Kerrigan,WAS,ED/OLB,"$13,887,500"
58,nfl,2019,59,Danielle Hunter,MIN,ED/DE,"$13,500,000"
59,nfl,2019,60,Devin McCourty,NE,FS,"$13,435,000"
60,nfl,2019,61,Xavier Rhodes,MIN,CB,"$13,400,000"
61,nfl,2019,62,Taylor Lewan,TEN,LT,"$13,288,235"
62,nfl,2019,63,C.J. Mosley,NYJ,LB/ILB,"$13,000,000"
63,nfl,2019,64,Jerry Hughes,BUF,ED/DE,"$12,950,000"
64,nfl,2019,65,Malcolm Butler,TEN,CB,"$12,881,250"
65,nfl,2019,66,Vic Beasley,ATL,ED/DE,"$12,810,000"
66,nfl,2019,67,Jurrell Casey,TEN,DL/DT,"$12,687,500"
67,nfl,2019,68,Jimmy Graham,GB,TE,"$12,666,666"
68,nfl,2019,69,Tony Jefferson,BAL,SS,"$12,656,666"
69,nfl,2019,70,Brandon Scherff,WAS,G,"$12,525,000"
70,nfl,2019,71,Stefon Diggs,MIN,WR,"$12,500,000"
71,nfl,2019,,Donovan Smith,TB,LT,"$12,500,000"
72,nfl,2019,73,Keenan Allen,LAC,WR,"$12,150,000"
73,nfl,2019,74,Dante Fowler Jr.,LAR,ED/OLB,"$12,000,000"
74,nfl,2019,,Trumaine Johnson,NYJ,CB,"$12,000,000"
75,nfl,2019,,Nate Solder,NYG,LT,"$12,000,000"
76,nfl,2019,77,David DeCastro,PIT,G,"$11,967,500"
77,nfl,2019,78,Chris Harris,DEN,CB,"$11,916,668"
78,nfl,2019,79,Fletcher Cox,PHI,DL/DT,"$11,902,000"
79,nfl,2019,80,Khalil Mack,CHI,ED/OLB,"$11,900,000"
80,nfl,2019,,Ricky Wagner,DET,RT,"$11,900,000"
81,nfl,2019,82,Larry Fitzgerald,ARI,WR,"$11,750,000"
82,nfl,2019,,Nick Foles,JAX,QB,"$11,750,000"
83,nfl,2019,,Alec Ogletree,NYG,LB/ILB,"$11,750,000"
84,nfl,2019,85,Joe Haden,PIT,CB,"$11,716,668"
85,nfl,2019,86,Riley Reiff,MIN,LT,"$11,700,000"
86,nfl,2019,87,Dontari Poe,CAR,DL/DT,"$11,683,333"
87,nfl,2019,88,Star Lotulelei,BUF,DL/DT,"$11,500,000"
88,nfl,2019,89,Dont'a Hightower,NE,LB/ILB,"$11,445,305"
89,nfl,2019,90,Malcolm Jenkins,PHI,FS,"$11,387,000"
90,nfl,2019,91,Kwon Alexander,SF,LB/ILB,"$11,358,705"
91,nfl,2019,92,Mitch Morse,BUF,C,"$11,250,000"
92,nfl,2019,93,DeMarcus Lawrence,DAL,ED/DE,"$11,100,000"
93,nfl,2019,94,Anthony Castonzo,IND,LT,"$11,050,000"
94,nfl,2019,,Alex Mack,ATL,C,"$11,050,000"
95,nfl,2019,96,Ali Marpet,TB,G,"$11,025,000"
96,nfl,2019,97,Grady Jarrett,ATL,DL/DT,"$11,000,000"
97,nfl,2019,98,Travis Frederick,DAL,C,"$10,975,000"
98,nfl,2019,99,Dre Kirkpatrick,CIN,CB,"$10,843,750"
99,nfl,2019,100,Derek Wolfe,DEN,DL/DE,"$10,800,000"
100,nfl,2019,101,Michael Brockers,LAR,DL/DE,"$10,750,000"
101,nfl,2019,,Harrison Smith,MIN,FS,"$10,750,000"
102,nfl,2019,103,Davante Adams,GB,WR,"$10,725,000"
103,nfl,2019,,Duane Brown,SEA,LT,"$10,725,000"
104,nfl,2019,,Shaq Thompson,CAR,LB/OLB,"$10,725,000"
105,nfl,2019,106,Travis Kelce,KC,TE,"$10,718,400"
106,nfl,2019,107,Logan Ryan,TEN,CB,"$10,666,668"
107,nfl,2019,108,Linval Joseph,MIN,DL/DT,"$10,637,500"
108,nfl,2019,109,Mario Addison,CAR,LB/OLB,"$10,635,418"
109,nfl,2019,110,Jared Goff,LAR,QB,"$10,629,577"
110,nfl,2019,111,Ronnie Stanley,BAL,LT,"$10,517,744"
111,nfl,2019,112,Julio Jones,ATL,WR,"$10,366,667"
112,nfl,2019,113,Xavien Howard,MIA,CB,"$10,349,830"
113,nfl,2019,114,LaMarcus Joyner,OAK,FS,"$10,300,000"
114,nfl,2019,115,Carlos Dunlap,CIN,ED/DE,"$10,287,500"
115,nfl,2019,116,Rodney Hudson,OAK,C,"$10,117,000"
116,nfl,2019,117,Tyrone Crawford,DAL,DL/DT,"$10,100,000"
117,nfl,2019,,Akiem Hicks,CHI,DL/DT,"$10,100,000"
118,nfl,2019,,Tyrell Williams,OAK,WR,"$10,100,000"
119,nfl,2019,120,Mike Pouncey,LAC,C,"$10,070,000"
120,nfl,2019,121,Devin Funchess,IND,WR,"$10,000,000"
121,nfl,2019,,Casey Hayward,LAC,CB,"$10,000,000"
122,nfl,2019,,Ryan Jensen,TB,C,"$10,000,000"
123,nfl,2019,124,Luke Kuechly,CAR,LB/ILB,"$9,960,059"
124,nfl,2019,125,Brandon Brooks,PHI,G,"$9,849,454"
125,nfl,2019,126,Bradley Roby,HOU,CB,"$9,812,500"
126,nfl,2019,127,Lavonte David,TB,LB/OLB,"$9,750,000"
127,nfl,2019,128,Stephon Tuitt,PIT,DL/DE,"$9,745,750"
128,nfl,2019,129,Sheldon Richardson,CLE,DL/DT,"$9,666,666"
129,nfl,2019,130,David Johnson,ARI,RB,"$9,656,250"
130,nfl,2019,131,D.J. Humphries,ARI,LT,"$9,625,000"
131,nfl,2019,,Andrus Peat,NO,G,"$9,625,000"
132,nfl,2019,133,Cameron Jordan,NO,ED/DE,"$9,547,000"
133,nfl,2019,134,Prince Amukamara,CHI,CB,"$9,500,000"
134,nfl,2019,,Kelvin Beachum,NYJ,LT,"$9,500,000"
135,nfl,2019,136,Jordan Reed,WAS,TE,"$9,471,000"
136,nfl,2019,137,Jacoby Brissett,IND,QB,"$9,407,500"
137,nfl,2019,138,Nelson Agholor,PHI,WR,"$9,387,000"
138,nfl,2019,139,Ron Leary,DEN,G,"$9,312,500"
139,nfl,2019,140,Cordy Glenn,CIN,LT,"$9,250,000"
140,nfl,2019,,Ndamukong Suh,TB,ED/DE,"$9,250,000"
141,nfl,2019,142,Bud Dupree,PIT,ED/OLB,"$9,232,000"
142,nfl,2019,143,Todd Gurley,LAR,RB,"$9,200,000"
143,nfl,2019,144,Marvin Jones,DET,WR,"$9,183,333"
144,nfl,2019,145,Stephon Gilmore,NE,CB,"$9,170,833"
145,nfl,2019,146,Marshal Yanda,BAL,G,"$9,125,222"
146,nfl,2019,147,Damarious Randall,CLE,FS,"$9,069,000"
147,nfl,2019,,Trae Waynes,MIN,CB,"$9,069,000"
148,nfl,2019,149,Arik Armstead,SF,ED/DE,"$9,046,000"
149,nfl,2019,150,Pierre Desir,IND,CB,"$9,000,000"
150,nfl,2019,,Marqise Lee,JAX,WR,"$9,000,000"
151,nfl,2019,,Kenny Moore,IND,CB,"$9,000,000"
152,nfl,2019,153,Le'Veon Bell,NYJ,RB,"$8,968,750"
153,nfl,2019,154,Travis Carrie,CLE,CB,"$8,900,000"
154,nfl,2019,155,J.C. Tretter,CLE,C,"$8,875,000"
155,nfl,2019,156,Whitney Mercilus,HOU,ED/OLB,"$8,800,000"
156,nfl,2019,,Trent Murphy,BUF,ED/DE,"$8,800,000"
157,nfl,2019,158,Jason Peters,PHI,LT,"$8,666,668"
158,nfl,2019,159,Trey Burton,CHI,TE,"$8,550,000"
159,nfl,2019,160,Demario Davis,NO,LB/OLB,"$8,500,000"
160,nfl,2019,161,Carson Wentz,PHI,QB,"$8,393,782"
161,nfl,2019,162,Alejandro Villanueva,PIT,LT,"$8,390,000"
162,nfl,2019,163,Bryan Bulaga,GB,RT,"$8,350,000"
163,nfl,2019,164,Albert Wilson,MIA,WR,"$8,333,333"
164,nfl,2019,165,Larry Warford,NO,G,"$8,325,000"
165,nfl,2019,166,Rob Havenstein,LAR,RT,"$8,300,000"
166,nfl,2019,167,Laurent Duvernay-Tardif,KC,G,"$8,253,000"
167,nfl,2019,168,Joey Bosa,LAC,ED/DE,"$8,232,538"
168,nfl,2019,169,Christian Kirksey,CLE,LB/ILB,"$8,200,000"
169,nfl,2019,170,Robert Woods,LAR,WR,"$8,175,000"
170,nfl,2019,171,Corey Linsley,GB,C,"$8,150,000"
171,nfl,2019,172,Adam Thielen,MIN,WR,"$8,073,750"
172,nfl,2019,173,Ezekiel Ansah,SEA,ED/DE,"$8,062,500"
173,nfl,2019,174,Patrick Peterson,ARI,CB,"$8,002,235"
174,nfl,2019,175,Jadeveon Clowney,SEA,ED/DE,"$8,000,000"
175,nfl,2019,,Ja'Wuan James,DEN,RT,"$8,000,000"
176,nfl,2019,,Gerald McCoy,CAR,ED/DE,"$8,000,000"
177,nfl,2019,,Avery Williamson,NYJ,LB/ILB,"$8,000,000"
178,nfl,2019,179,Kenny Stills,HOU,WR,"$7,975,000"
179,nfl,2019,180,Mike Daniels,DET,DL/DT,"$7,968,750"
180,nfl,2019,181,Maurkice Pouncey,PIT,C,"$7,951,000"
181,nfl,2019,182,Robert Quinn,DAL,ED/DE,"$7,922,907"
182,nfl,2019,183,Mitchell Trubisky,CHI,QB,"$7,917,933"
183,nfl,2019,184,Jabaal Sheard,IND,ED/DE,"$7,906,250"
184,nfl,2019,185,Everson Griffen,MIN,ED/DE,"$7,868,750"
185,nfl,2019,186,Weston Richburg,SF,C,"$7,858,927"
186,nfl,2019,187,Henry Anderson,NYJ,DL/DE,"$7,833,333"
187,nfl,2019,188,Nick Martin,HOU,C,"$7,769,309"
188,nfl,2019,189,Tyler Lockett,SEA,WR,"$7,757,000"
189,nfl,2019,190,Jason Pierre-Paul,TB,ED/DE,"$7,750,000"
190,nfl,2019,,Justin Pugh,ARI,G,"$7,750,000"
191,nfl,2019,192,Kawann Short,CAR,ED/DE,"$7,744,000"
192,nfl,2019,193,Solomon Thomas,SF,ED/DE,"$7,678,465"
193,nfl,2019,194,Justin Britt,SEA,C,"$7,666,666"
194,nfl,2019,195,Lane Johnson,PHI,RT,"$7,656,911"
195,nfl,2019,196,Danny Trevathan,CHI,LB/ILB,"$7,650,000"
196,nfl,2019,197,Jake Matthews,ATL,LT,"$7,589,200"
197,nfl,2019,198,Sean Lee,DAL,LB/OLB,"$7,575,000"
198,nfl,2019,199,John Brown,BUF,WR,"$7,468,750"
199,nfl,2019,200,Tashaun Gipson,HOU,SS,"$7,437,500"
200,nfl,2019,201,Baker Mayfield,CLE,QB,"$7,427,950"
201,nfl,2019,202,D.J. Hayden,JAX,CB,"$7,416,666"
202,nfl,2019,203,Benardrick McKinney,HOU,LB/ILB,"$7,406,250"
203,nfl,2019,204,Leonard Fournette,JAX,RB,"$7,404,774"
204,nfl,2019,205,Marcus Peters,BAL,CB,"$7,382,059"
205,nfl,2019,206,Bryce Callahan,DEN,CB,"$7,333,333"
206,nfl,2019,,DaQuan Jones,TEN,DL/DT,"$7,333,333"
207,nfl,2019,208,Chris Hubbard,CLE,RT,"$7,268,750"
208,nfl,2019,209,Za'Darius Smith,GB,ED/OLB,"$7,250,000"
209,nfl,2019,210,Lamar Miller,HOU,RB,"$7,203,125"
210,nfl,2019,211,Julian Edelman,NE,WR,"$7,202,616"
211,nfl,2019,212,Will Fuller,HOU,WR,"$7,173,177"
212,nfl,2019,213,Paul Richardson,WAS,WR,"$7,162,500"
213,nfl,2019,214,Myles Garrett,CLE,ED/DE,"$7,154,339"
214,nfl,2019,215,Saquon Barkley,NYG,RB,"$7,089,716"
215,nfl,2019,216,Eric Fisher,KC,LT,"$7,036,667"
216,nfl,2019,217,Joel Bitonio,CLE,G,"$7,000,000"
217,nfl,2019,,Cameron Brate,TB,TE,"$7,000,000"
218,nfl,2019,,Brandon Carr,BAL,CB,"$7,000,000"
219,nfl,2019,,Jamison Crowder,NYJ,WR,"$7,000,000"
220,nfl,2019,,Zach Fulton,HOU,G,"$7,000,000"
221,nfl,2019,,Gabe Jackson,OAK,G,"$7,000,000"
222,nfl,2019,,Earl Thomas,BAL,FS,"$7,000,000"
223,nfl,2019,224,Greg Olsen,CAR,TE,"$6,975,000"
224,nfl,2019,225,Corey Davis,TEN,WR,"$6,925,830"
225,nfl,2019,226,Eric Ebron,IND,TE,"$6,921,875"
226,nfl,2019,227,Morgan Moses,WAS,RT,"$6,900,000"
227,nfl,2019,,DeVante Parker,MIA,WR,"$6,900,000"
228,nfl,2019,229,Sam Darnold,NYJ,QB,"$6,874,479"
229,nfl,2019,230,Cole Beasley,BUF,WR,"$6,868,750"
230,nfl,2019,231,Devonta Freeman,ATL,RB,"$6,750,000"
231,nfl,2019,232,Ryan Kalil,NYJ,C,"$6,712,500"
232,nfl,2019,233,Denzel Ward,CLE,CB,"$6,628,490"
233,nfl,2019,234,Micah Hyde,BUF,SS,"$6,618,750"
234,nfl,2019,235,Delanie Walker,TEN,TE,"$6,515,416"
235,nfl,2019,236,Frank Clark,KC,ED/DE,"$6,500,000"
236,nfl,2019,,Taylor Gabriel,CHI,WR,"$6,500,000"
237,nfl,2019,238,Mitchell Schwartz,KC,RT,"$6,430,000"
238,nfl,2019,239,Trey Flowers,DET,ED/DE,"$6,419,000"
239,nfl,2019,240,Jordan Hicks,ARI,LB/ILB,"$6,400,000"
240,nfl,2019,,Greg Robinson,CLE,LT,"$6,400,000"
241,nfl,2019,242,Kyler Murray,ARI,QB,"$6,392,481"
242,nfl,2019,243,Rodger Saffold,TEN,G,"$6,375,000"
243,nfl,2019,,Tramon Williams,GB,CB,"$6,375,000"
244,nfl,2019,245,Bobby McCain,MIA,FS,"$6,340,000"
245,nfl,2019,246,Ezekiel Elliott,DAL,RB,"$6,339,655"
246,nfl,2019,247,Zach Ertz,PHI,TE,"$6,291,500"
247,nfl,2019,248,Brian Winters,NYJ,G,"$6,281,250"
248,nfl,2019,249,Golden Tate,NYG,WR,"$6,270,587"
249,nfl,2019,250,Byron Jones,DAL,CB,"$6,266,000"
250,nfl,2019,251,Kyle Van Noy,NE,LB/ILB,"$6,260,418"
251,nfl,2019,252,Bradley Chubb,DEN,ED/OLB,"$6,198,009"
252,nfl,2019,253,Michael Thomas,NO,WR,"$6,128,765"
253,nfl,2019,254,Nick Bosa,SF,ED/DE,"$6,100,339"
254,nfl,2019,255,Vernon Davis,WAS,TE,"$6,095,834"
255,nfl,2019,256,Jack Doyle,IND,TE,"$6,087,500"
256,nfl,2019,257,C.J. Uzomah,CIN,TE,"$6,083,333"
257,nfl,2019,258,Jamal Adams,NYJ,SS,"$6,070,566"
258,nfl,2019,259,Alshon Jeffery,PHI,WR,"$6,069,000"
259,nfl,2019,260,Tyler Boyd,CIN,WR,"$6,055,127"
260,nfl,2019,261,Nickell Robey-Coleman,LAR,CB,"$6,050,000"
261,nfl,2019,262,Robert Alford,ARI,CB,"$6,000,000"
262,nfl,2019,,Chase Daniel,CHI,QB,"$6,000,000"
263,nfl,2019,,Kareem Jackson,DEN,SS,"$6,000,000"
264,nfl,2019,,Brandon Linder,JAX,C,"$6,000,000"
265,nfl,2019,,Preston Smith,GB,ED/OLB,"$6,000,000"
266,nfl,2019,,Daryl Williams,CAR,RT,"$6,000,000"
267,nfl,2019,268,Devon Kennard,DET,LB/OLB,"$5,975,000"
268,nfl,2019,269,Emmanuel Sanders,SF,WR,"$5,970,588"
269,nfl,2019,270,Shaq Mason,NE,G,"$5,962,500"
270,nfl,2019,271,Kareem Martin,NYG,ED/OLB,"$5,941,666"
271,nfl,2019,272,Johnathan Joseph,HOU,CB,"$5,937,500"
272,nfl,2019,273,Tyrann Mathieu,KC,FS,"$5,933,333"
273,nfl,2019,274,Quinnen Williams,NYJ,DL/DT,"$5,914,431"
274,nfl,2019,275,Adrian Amos,GB,FS,"$5,900,000"
275,nfl,2019,,Bobby Hart,CIN,RT,"$5,900,000"
276,nfl,2019,277,Kyle Juszczyk,SF,FB,"$5,850,000"
277,nfl,2019,278,DeForest Buckner,SF,DL/DT,"$5,788,044"
278,nfl,2019,279,Eric Weddle,LAR,FS,"$5,751,525"
279,nfl,2019,280,Jerick McKinnon,SF,RB,"$5,750,000"
280,nfl,2019,281,Vance McDonald,PIT,TE,"$5,733,750"
281,nfl,2019,282,Clelin Ferrell,OAK,ED/DE,"$5,701,966"
282,nfl,2019,283,A.J. Klein,NO,LB/ILB,"$5,675,000"
283,nfl,2019,284,Rodney McLeod,PHI,FS,"$5,656,250"
284,nfl,2019,285,Anthony Barr,MIN,LB/OLB,"$5,600,000"
285,nfl,2019,,Kyle Long,CHI,G,"$5,600,000"
286,nfl,2019,287,Willie Snead,BAL,WR,"$5,587,941"
287,nfl,2019,288,Marcell Dareus,JAX,DL/DT,"$5,585,000"
288,nfl,2019,289,Ryan Fitzpatrick,MIA,QB,"$5,500,000"
289,nfl,2019,,K.J. Wright,SEA,LB/OLB,"$5,500,000"
290,nfl,2019,291,John Miller,CIN,G,"$5,439,583"
291,nfl,2019,292,Quenton Nelson,IND,G,"$5,429,297"
292,nfl,2019,293,Ryan Tannehill,TEN,QB,"$5,425,000"
293,nfl,2019,294,Mike Williams,LAC,WR,"$5,386,344"
294,nfl,2019,295,Ben Jones,TEN,C,"$5,375,000"
295,nfl,2019,296,Patrick Robinson,NO,CB,"$5,350,000"
296,nfl,2019,297,Devin White,TB,LB,"$5,330,148"
297,nfl,2019,298,Giovani Bernard,CIN,RB,"$5,316,666"
298,nfl,2019,299,Eddie Goldman,CHI,DL/DT,"$5,300,000"
299,nfl,2019,300,Anthony Hitchens,KC,LB/ILB,"$5,228,750"
300,nfl,2019,301,Marcus Cannon,NE,RT,"$5,122,917"
301,nfl,2019,302,Tyler Kroft,BUF,TE,"$5,112,500"
302,nfl,2019,303,Trai Turner,CAR,G,"$5,109,650"
303,nfl,2019,304,Margus Hunt,IND,DL/DT,"$5,100,000"
304,nfl,2019,305,Jack Conklin,TEN,RT,"$5,058,346"
305,nfl,2019,306,Lane Taylor,GB,G,"$5,037,500"
306,nfl,2019,307,Deion Jones,ATL,LB/ILB,"$5,026,482"
307,nfl,2019,308,Steven Hauschka,BUF,K,"$5,025,000"
308,nfl,2019,309,Leonard Floyd,CHI,ED/OLB,"$5,021,819"
309,nfl,2019,310,Cameron Wake,TEN,ED/OLB,"$5,005,208"
310,nfl,2019,311,Shaquil Barrett,TB,LB/OLB,"$5,000,000"
311,nfl,2019,,Todd Davis,DEN,LB/ILB,"$5,000,000"
312,nfl,2019,,Kevin Zeitler,NYG,G,"$5,000,000"
313,nfl,2019,314,Jaquiski Tartt,SF,SS,"$4,975,000"
314,nfl,2019,315,Randall Cobb,DAL,WR,"$4,937,500"
315,nfl,2019,316,Marcus Gilbert,ARI,RT,"$4,915,000"
316,nfl,2019,317,Denico Autry,IND,DL/DT,"$4,906,250"
317,nfl,2019,318,Joe Flacco,DEN,QB,"$4,900,000"
318,nfl,2019,319,Adam Humphries,TEN,WR,"$4,875,000"
319,nfl,2019,320,Eric Kendricks,MIN,LB/ILB,"$4,864,375"
320,nfl,2019,321,Dion Lewis,TEN,RB,"$4,862,500"
321,nfl,2019,322,Mason Crosby,GB,K,"$4,850,000"
322,nfl,2019,323,Josh Allen,BUF,QB,"$4,814,326"
323,nfl,2019,324,Rhett Ellison,NYG,TE,"$4,811,617"
324,nfl,2019,325,Demar Dotson,TB,RT,"$4,803,125"
325,nfl,2019,326,Ty Nsekhe,BUF,RT,"$4,800,000"
326,nfl,2019,327,Markus Golden,NYG,ED/OLB,"$4,750,000"
327,nfl,2019,,Duron Harmon,NE,SS,"$4,750,000"
328,nfl,2019,,James Hurst,BAL,RT,"$4,750,000"
329,nfl,2019,,Daniel Sorensen,KC,SS,"$4,750,000"
330,nfl,2019,331,Christian McCaffrey,CAR,RB,"$4,702,172"
331,nfl,2019,332,Bradley McDougald,SEA,SS,"$4,702,083"
332,nfl,2019,333,Justin Tucker,BAL,K,"$4,696,668"
333,nfl,2019,334,Corey Peters,ARI,DL/DT,"$4,687,500"
334,nfl,2019,335,John Ross,CIN,WR,"$4,667,963"
335,nfl,2019,336,Daniel Jones,NYG,QB,"$4,666,192"
336,nfl,2019,337,Melvin Gordon,LAC,RB,"$4,615,882"
337,nfl,2019,338,James White,NE,RB,"$4,593,750"
338,nfl,2019,339,Jordan Phillips,BUF,DL/DT,"$4,500,000"
339,nfl,2019,,Eric Reid,CAR,SS,"$4,500,000"
340,nfl,2019,,Michael Schofield,LAC,G,"$4,500,000"
341,nfl,2019,342,Danny Amendola,DET,WR,"$4,484,375"
342,nfl,2019,,Allen Bailey,ATL,ED/DE,"$4,484,375"
343,nfl,2019,344,Patrick Mahomes,KC,QB,"$4,479,776"
344,nfl,2019,345,Lawrence Guy,NE,DL/DT,"$4,466,666"
345,nfl,2019,346,Shawn Williams,CIN,SS,"$4,450,000"
346,nfl,2019,347,Nigel Bradham,PHI,LB/OLB,"$4,447,500"
347,nfl,2019,348,Ed Dickson,SEA,TE,"$4,416,666"
348,nfl,2019,349,Myles Jack,JAX,LB/ILB,"$4,415,505"
349,nfl,2019,350,Darryl Roberts,NYJ,CB,"$4,406,250"
350,nfl,2019,351,Darqueze Dennard,CIN,CB,"$4,390,625"
351,nfl,2019,352,Patrick Chung,NE,SS,"$4,342,708"
352,nfl,2019,353,Jamon Brown,ATL,G,"$4,333,333"
353,nfl,2019,354,Jordan Poyer,BUF,FS,"$4,325,000"
354,nfl,2019,355,Brandon Mebane,LAC,DL/DT,"$4,300,000"
355,nfl,2019,,Matt Paradis,CAR,C,"$4,300,000"
356,nfl,2019,357,Tahir Whitehead,OAK,LB/OLB,"$4,291,666"
357,nfl,2019,358,Thomas Morstead,NO,P,"$4,250,000"
358,nfl,2019,,Cordarrelle Patterson,CHI,WR,"$4,250,000"
359,nfl,2019,,Billy Turner,GB,G,"$4,250,000"
360,nfl,2019,,Jason Witten,DAL,TE,"$4,250,000"
361,nfl,2019,362,Aqib Talib,MIA,CB,"$4,235,294"
362,nfl,2019,363,La'el Collins,DAL,RT,"$4,224,334"
363,nfl,2019,364,Trey Hopkins,CIN,C,"$4,220,000"
364,nfl,2019,365,Damon Harrison,DET,DL/DT,"$4,218,750"
365,nfl,2019,,Jimmie Ward,SF,FS,"$4,218,750"
366,nfl,2019,367,Chris Boswell,PIT,K,"$4,200,000"
367,nfl,2019,,Barkevious Mingo,HOU,ED/OLB,"$4,200,000"
368,nfl,2019,369,Roquan Smith,CHI,LB,"$4,199,356"
369,nfl,2019,370,Marshon Lattimore,NO,CB,"$4,188,971"
370,nfl,2019,371,Mike McGlinchey,SF,RT,"$4,168,580"
371,nfl,2019,372,Jason McCourty,NE,CB,"$4,137,500"
372,nfl,2019,373,Joshua Hines-Allen,JAX,ED/DE,"$4,135,025"
373,nfl,2019,374,Wesley Woodyard,TEN,LB/ILB,"$4,131,250"
374,nfl,2019,375,Chad Henne,KC,QB,"$4,100,000"
375,nfl,2019,376,Sheldon Rankins,NO,DL/DT,"$4,073,253"
376,nfl,2019,377,Quinton Dunbar,WAS,CB,"$4,071,875"
377,nfl,2019,378,Kevin Byard,TEN,FS,"$4,049,265"
378,nfl,2019,379,Eric Rowe,MIA,CB,"$4,025,000"
379,nfl,2019,380,Beau Allen,TB,DL/DT,"$4,000,000"
380,nfl,2019,,Jared Cook,NO,TE,"$4,000,000"
381,nfl,2019,,Tyler Eifert,CIN,TE,"$4,000,000"
382,nfl,2019,,Abry Jones,JAX,DL/DT,"$4,000,000"
383,nfl,2019,,Mychal Kendricks,SEA,LB/OLB,"$4,000,000"
384,nfl,2019,,Brandon McManus,DEN,K,"$4,000,000"
385,nfl,2019,,Steven Nelson,PIT,CB,"$4,000,000"
386,nfl,2019,,Breshad Perriman,TB,WR,"$4,000,000"
387,nfl,2019,,J.R. Sweezy,ARI,G,"$4,000,000"
388,nfl,2019,389,Angelo Blackson,HOU,DL/DE,"$3,968,750"
389,nfl,2019,390,Ross Cockrell,CAR,CB,"$3,950,000"
390,nfl,2019,,Sam Koch,BAL,P,"$3,950,000"
391,nfl,2019,392,Chris Thompson,WAS,RB,"$3,921,875"
392,nfl,2019,393,Marquise Goodwin,SF,WR,"$3,906,250"
393,nfl,2019,394,Robbie Gould,SF,K,"$3,900,000"
394,nfl,2019,395,Mark Barron,PIT,LB/ILB,"$3,875,000"
395,nfl,2019,,Johnathan Hankins,OAK,DL/DT,"$3,875,000"
396,nfl,2019,,Spencer Long,BUF,C,"$3,875,000"
397,nfl,2019,,Adam Vinatieri,IND,K,"$3,875,000"
398,nfl,2019,399,Vince Williams,PIT,LB/ILB,"$3,836,666"
399,nfl,2019,400,Landon Collins,WAS,SS,"$3,825,000"
400,nfl,2019,401,Bruce Irvin,CAR,LB/OLB,"$3,812,500"
401,nfl,2019,402,Bobby Massie,CHI,RT,"$3,800,000"
402,nfl,2019,403,Karl Joseph,OAK,SS,"$3,781,374"
403,nfl,2019,404,Mohamed Sanu,NE,WR,"$3,779,411"
404,nfl,2019,405,Deshaun Watson,HOU,QB,"$3,778,440"
405,nfl,2019,406,Drew Stanton,CLE,QB,"$3,765,625"
406,nfl,2019,407,Lorenzo Alexander,BUF,LB/OLB,"$3,750,000"
407,nfl,2019,,Travis Benjamin,LAC,WR,"$3,750,000"
408,nfl,2019,,William Gholston,TB,ED/DE,"$3,750,000"
409,nfl,2019,,Laken Tomlinson,SF,G,"$3,750,000"
410,nfl,2019,411,Brennan Scarlett,HOU,ED/OLB,"$3,732,285"
411,nfl,2019,412,Haason Reddick,ARI,LB/ILB,"$3,675,809"
412,nfl,2019,413,Christian Jones,DET,LB/ILB,"$3,671,617"
413,nfl,2019,414,Terrance Mitchell,CLE,CB,"$3,666,666"
414,nfl,2019,415,Jack Crawford,ATL,DL/DT,"$3,658,334"
415,nfl,2019,416,Tavon Young,BAL,CB,"$3,651,282"
416,nfl,2019,417,Dean Lowry,GB,DL/DE,"$3,645,849"
417,nfl,2019,418,Antoine Bethea,NYG,FS,"$3,625,000"
418,nfl,2019,419,T.J. Hockenson,DET,TE,"$3,603,859"
419,nfl,2019,420,Senio Kelemete,HOU,G,"$3,593,750"
420,nfl,2019,421,Ed Oliver,BUF,DL/DT,"$3,577,301"
421,nfl,2019,422,Tevin Coleman,SF,RB,"$3,568,750"
422,nfl,2019,423,Kyle Rudolph,MIN,TE,"$3,550,000"
423,nfl,2019,424,Graham Gano,CAR,K,"$3,537,500"
424,nfl,2019,425,Trent Williams,WAS,LT,"$3,525,880"
425,nfl,2019,426,Leonard Williams,NYG,DL/DE,"$3,517,647"
426,nfl,2019,427,Derek Barnett,PHI,ED/DE,"$3,504,756"
427,nfl,2019,428,David Andrews,NE,C,"$3,500,000"
428,nfl,2019,,Jon Feliciano,BUF,G,"$3,500,000"
429,nfl,2019,,Ted Ginn Jr.,NO,WR,"$3,500,000"
430,nfl,2019,,Brandon Graham,PHI,ED/DE,"$3,500,000"
431,nfl,2019,,Case Keenum,WAS,QB,"$3,500,000"
432,nfl,2019,,Clay Matthews Jr.,LAR,ED/OLB,"$3,500,000"
433,nfl,2019,,Brian Poole,NYJ,CB,"$3,500,000"
434,nfl,2019,,Lee Smith,BUF,TE,"$3,500,000"
435,nfl,2019,,Tyrod Taylor,LAC,QB,"$3,500,000"
436,nfl,2019,437,Taylor Decker,DET,LT,"$3,489,495"
437,nfl,2019,438,Denzel Perryman,LAC,LB/ILB,"$3,437,500"
438,nfl,2019,439,Malik Hooker,IND,FS,"$3,436,338"
439,nfl,2019,440,Devin Bush,PIT,LB/ILB,"$3,431,230"
440,nfl,2019,441,Keanu Neal,ATL,FS,"$3,416,523"
441,nfl,2019,442,Mark Glowinski,IND,G,"$3,400,000"
442,nfl,2019,,Matt Prater,DET,K,"$3,400,000"
443,nfl,2019,444,Sterling Shepard,NYG,WR,"$3,391,455"
444,nfl,2019,445,Ricardo Allen,ATL,SS,"$3,375,000"
445,nfl,2019,,Jeff Heuerman,DEN,TE,"$3,375,000"
446,nfl,2019,447,Vita Vea,TB,DL/DT,"$3,369,145"
447,nfl,2019,448,Xavier Williams,KC,DL/DT,"$3,338,250"
448,nfl,2019,449,Nick Boyle,BAL,TE,"$3,333,333"
449,nfl,2019,,Mark Ingram,BAL,RB,"$3,333,333"
450,nfl,2019,451,Ryan Kelly,IND,C,"$3,325,315"
451,nfl,2019,452,Charles Leno,CHI,LT,"$3,324,000"
452,nfl,2019,453,Darren Waller,OAK,TE,"$3,320,004"
453,nfl,2019,454,Virgil Green,LAC,TE,"$3,300,000"
454,nfl,2019,455,Daron Payne,WAS,DL/DT,"$3,276,900"
455,nfl,2019,456,Shaq Lawson,BUF,ED/DE,"$3,270,586"
456,nfl,2019,457,Teddy Bridgewater,NO,QB,"$3,250,000"
457,nfl,2019,,HaHa Clinton-Dix,CHI,FS,"$3,250,000"
458,nfl,2019,,Thomas Davis,LAC,LB/OLB,"$3,250,000"
459,nfl,2019,,Ereck Flowers,WAS,G,"$3,250,000"
460,nfl,2019,,Kenny Vaccaro,TEN,SS,"$3,250,000"
461,nfl,2019,462,Marlon Humphrey,BAL,CB,"$3,231,131"
462,nfl,2019,463,Dustin Hopkins,WAS,K,"$3,225,357"
463,nfl,2019,464,Ty Sambrailo,ATL,RT,"$3,218,750"
464,nfl,2019,465,Jonah Williams,CIN,T,"$3,205,485"
465,nfl,2019,466,Ryan Succop,TEN,K,"$3,200,000"
466,nfl,2019,467,Clayton Geathers,IND,SS,"$3,187,500"
467,nfl,2019,468,Cameron Erving,KC,T,"$3,181,666"
468,nfl,2019,469,Michael Bennett,DAL,ED/DE,"$3,170,956"
469,nfl,2019,470,Jonathan Allen,WAS,DL/DE,"$3,162,648"
470,nfl,2019,471,Rex Burkhead,NE,RB,"$3,156,250"
471,nfl,2019,472,Dustin Colquitt,KC,P,"$3,150,000"
472,nfl,2019,473,Marcus Davenport,NO,ED/DE,"$3,123,158"
473,nfl,2019,474,Robbie Chosen,NYJ,WR,"$3,095,000"
474,nfl,2019,,Ka'imi Fairbairn,HOU,K,"$3,095,000"
475,nfl,2019,,George Fant,SEA,T,"$3,095,000"
476,nfl,2019,,B.J. Finney,PIT,G,"$3,095,000"
477,nfl,2019,,Anthony Harris,MIN,SS,"$3,095,000"
478,nfl,2019,,Shelby Harris,DEN,DL/DT,"$3,095,000"
479,nfl,2019,,Cory Littleton,LAR,LB/ILB,"$3,095,000"
480,nfl,2019,,Patrick Onwuasor,BAL,LB/ILB,"$3,095,000"
481,nfl,2019,,Michael Pierce,BAL,DL/DT,"$3,095,000"
482,nfl,2019,,Jalen Richard,OAK,RB,"$3,095,000"
483,nfl,2019,,Chester Rogers,IND,WR,"$3,095,000"
484,nfl,2019,,Nate Sudfeld,PHI,QB,"$3,095,000"
485,nfl,2019,,Daryl Worley,OAK,CB,"$3,095,000"
486,nfl,2019,487,Colt McCoy,WAS,QB,"$3,093,750"
487,nfl,2019,,Kenny Wiggins,DET,G,"$3,093,750"
488,nfl,2019,489,William Jackson,CIN,CB,"$3,088,161"
489,nfl,2019,490,Adoree' Jackson,TEN,CB,"$3,077,123"
490,nfl,2019,491,Kolton Miller,OAK,RT,"$3,061,664"
491,nfl,2019,492,Artie Burns,PIT,CB,"$3,051,679"
492,nfl,2019,493,Josh Kline,MIN,G,"$3,036,458"
493,nfl,2019,494,O.J. Howard,TB,TE,"$3,025,805"
494,nfl,2019,495,Garett Bolles,DEN,LT,"$3,008,700"
495,nfl,2019,496,Rigoberto Sanchez,IND,P,"$3,004,000"
496,nfl,2019,497,Jamie Collins,NE,LB/OLB,"$3,000,000"
497,nfl,2019,,Brian Hoyer,IND,QB,"$3,000,000"
498,nfl,2019,,Kevin Johnson,BUF,CB,"$3,000,000"
499,nfl,2019,,A.J. McCarron,HOU,QB,"$3,000,000"
500,nfl,2019,,LeSean McCoy,KC,RB,"$3,000,000"
501,nfl,2019,,Matthew Slater,NE,WR,"$3,000,000"
502,nfl,2019,503,Jarrad Davis,DET,LB/ILB,"$2,991,594"
503,nfl,2019,504,B.W. Webb,CIN,CB,"$2,984,375"
504,nfl,2019,505,Kenny Clark,GB,DL/DT,"$2,978,707"
505,nfl,2019,506,Charles Harris,MIA,ED/DE,"$2,957,383"
506,nfl,2019,507,Alex Okafor,KC,ED/DE,"$2,953,125"
507,nfl,2019,508,Brett Kern,TEN,P,"$2,950,000"
508,nfl,2019,509,DeSean Jackson,PHI,WR,"$2,939,000"
509,nfl,2019,510,Allen Hurns,MIA,WR,"$2,933,333"
510,nfl,2019,511,Evan Engram,NYG,TE,"$2,923,173"
511,nfl,2019,512,Spencer Pulley,NYG,C,"$2,900,000"
512,nfl,2019,513,Rashan Gary,GB,ED/OLB,"$2,886,784"
513,nfl,2019,514,Justin Coleman,DET,CB,"$2,884,000"
514,nfl,2019,515,Tremaine Edmunds,BUF,LB/ILB,"$2,877,169"
515,nfl,2019,516,James Carpenter,ATL,G,"$2,875,000"
516,nfl,2019,,Lerentee McCray,JAX,ED/DE,"$2,875,000"
517,nfl,2019,518,Ronald Darby,PHI,CB,"$2,825,000"
518,nfl,2019,519,Nate Ebner,NE,FS,"$2,818,750"
519,nfl,2019,520,Morris Claiborne,KC,CB,"$2,817,058"
520,nfl,2019,521,Derwin James,LAC,S,"$2,815,671"
521,nfl,2019,522,Nevin Lawson,OAK,CB,"$2,814,706"
522,nfl,2019,523,Christian Wilkins,MIA,DL/DT,"$2,807,109"
523,nfl,2019,524,Geronimo Allison,GB,WR,"$2,800,000"
524,nfl,2019,,Quincy Enunwa,NYJ,WR,"$2,800,000"
525,nfl,2019,,Malik Jackson,PHI,DL/DT,"$2,800,000"
526,nfl,2019,527,Takkarist McKinley,ATL,ED/DE,"$2,786,326"
527,nfl,2019,528,Tre'Davious White,BUF,CB,"$2,752,121"
528,nfl,2019,529,Josh Bellamy,NYJ,WR,"$2,750,000"
529,nfl,2019,,Jonotthan Harrison,NYJ,C,"$2,750,000"
530,nfl,2019,,Kevin Huber,CIN,P,"$2,750,000"
531,nfl,2019,,Mike Iupati,SEA,G,"$2,750,000"
532,nfl,2019,,Michael Person,SF,G,"$2,750,000"
533,nfl,2019,534,Jaire Alexander,GB,CB,"$2,738,802"
534,nfl,2019,535,Jonathan Jones,NE,CB,"$2,738,750"
535,nfl,2019,536,Jeff Heath,DAL,SS,"$2,700,000"
536,nfl,2019,537,Leighton Vander Esch,DAL,LB/OLB,"$2,692,677"
537,nfl,2019,538,Daniel Kilgore,MIA,C,"$2,681,250"
538,nfl,2019,539,Frank Ragnow,DET,C,"$2,677,304"
539,nfl,2019,540,Ramon Foster,PIT,G,"$2,675,000"
540,nfl,2019,,Tavon Wilson,DET,SS,"$2,675,000"
541,nfl,2019,542,Chris Lindstrom,ATL,G,"$2,674,319"
542,nfl,2019,543,Vernon Butler,CAR,DL/DT,"$2,671,619"
543,nfl,2019,544,Billy Price,CIN,C,"$2,661,929"
544,nfl,2019,545,Rashaan Evans,TEN,LB,"$2,631,180"
545,nfl,2019,546,Germain Ifedi,SEA,RT,"$2,629,808"
546,nfl,2019,547,Cody Davis,JAX,FS,"$2,625,000"
547,nfl,2019,548,Dwayne Haskins,WAS,QB,"$2,621,202"
548,nfl,2019,549,Isaiah Wynn,NE,LT,"$2,600,433"
549,nfl,2019,550,Bradley Pinion,TB,P,"$2,600,000"
550,nfl,2019,,Andre Roberts,BUF,WR,"$2,600,000"
551,nfl,2019,552,David Njoku,CLE,TE,"$2,597,753"
552,nfl,2019,553,K'Waun Williams,SF,CB,"$2,584,375"
553,nfl,2019,554,Greg Zuerlein,LAR,K,"$2,575,000"
554,nfl,2019,555,Jaylon Smith,DAL,LB/ILB,"$2,566,584"
555,nfl,2019,556,Morgan Burnett,CLE,SS,"$2,550,000"
556,nfl,2019,557,Matt Bosher,ATL,P,"$2,545,000"
557,nfl,2019,558,D.J. Moore,CAR,WR,"$2,538,935"
558,nfl,2019,559,Phillip Dorsett,NE,WR,"$2,537,500"
559,nfl,2019,560,Demaryius Thomas,NYJ,WR,"$2,528,390"
560,nfl,2019,561,T.J. Watt,PIT,ED/OLB,"$2,525,064"
561,nfl,2019,562,Matthew Ioannidis,WAS,DL/DE,"$2,525,000"
562,nfl,2019,563,Eli Apple,NO,CB,"$2,516,225"
563,nfl,2019,564,Hayden Hurst,BAL,TE,"$2,508,188"
564,nfl,2019,565,Malcom Brown,NO,DL/DT,"$2,500,000"
565,nfl,2019,,Nick Easton,NO,G,"$2,500,000"
566,nfl,2019,,Erik Harris,OAK,S,"$2,500,000"
567,nfl,2019,,Jason Myers,SEA,K,"$2,500,000"
568,nfl,2019,,Mike Remmers,NYG,RT,"$2,500,000"
569,nfl,2019,570,Stephen Gostkowski,NE,K,"$2,487,500"
570,nfl,2019,,Demetrius Harris,CLE,TE,"$2,487,500"
571,nfl,2019,572,Garrett Celek,SF,TE,"$2,484,375"
572,nfl,2019,573,Calvin Ridley,ATL,WR,"$2,477,434"
573,nfl,2019,574,Theo Riddick,DEN,RB,"$2,468,750"
574,nfl,2019,575,Jarius Wright,CAR,WR,"$2,466,666"
575,nfl,2019,576,Brian Burns,CAR,LB/OLB,"$2,461,851"
576,nfl,2019,577,Rashaad Penny,SEA,RB,"$2,446,690"
577,nfl,2019,578,Cody Whitehair,CHI,G,"$2,444,181"
578,nfl,2019,579,Jason Kelce,PHI,C,"$2,444,000"
579,nfl,2019,580,A.J. Cann,JAX,G,"$2,438,333"
580,nfl,2019,581,Terrell Edmunds,PIT,S,"$2,431,315"
581,nfl,2019,582,Steve McLendon,NYJ,DL/DT,"$2,425,000"
582,nfl,2019,583,Ryan Ramczyk,NO,RT,"$2,424,969"
583,nfl,2019,584,Daren Bates,TEN,LB/ILB,"$2,416,668"
584,nfl,2019,585,Dexter Lawrence,NYG,DL/DT,"$2,408,734"
585,nfl,2019,586,Jalen Ramsey,LAR,CB,"$2,351,558"
586,nfl,2019,587,Garrett Bradbury,MIN,C,"$2,342,340"
587,nfl,2019,588,Shamar Stephen,MIN,DL/DT,"$2,333,333"
588,nfl,2019,589,Taven Bryan,JAX,DL/DT,"$2,307,945"
589,nfl,2019,590,Jeffery Simmons,TEN,DL/DT,"$2,302,501"
590,nfl,2019,591,Chris Jones,DAL,P,"$2,300,000"
591,nfl,2019,,Sam Martin,DET,P,"$2,300,000"
592,nfl,2019,593,Noah Fant,DEN,TE,"$2,289,222"
593,nfl,2019,594,D.J. Fluker,SEA,G,"$2,287,500"
594,nfl,2019,595,Joe Thomas,DAL,LB/ILB,"$2,284,375"
595,nfl,2019,596,Jesse James,DET,TE,"$2,284,000"
596,nfl,2019,597,Darnell Savage,GB,S,"$2,275,943"
597,nfl,2019,598,Tre Boston,CAR,FS,"$2,275,000"
598,nfl,2019,599,Vinny Curry,PHI,ED/DE,"$2,250,000"
599,nfl,2019,,P.J. Williams,NO,CB,"$2,250,000"
600,nfl,2019,601,Andre Dillard,PHI,T,"$2,249,197"
601,nfl,2019,602,Maliek Collins,DAL,DL/DT,"$2,245,288"
602,nfl,2019,603,Mike Hughes,MIN,CB,"$2,242,610"
603,nfl,2019,604,Yannick Ngakoue,JAX,ED/DE,"$2,239,044"
604,nfl,2019,605,Nick Vigil,CIN,LB/OLB,"$2,223,908"
605,nfl,2019,606,Tytus Howard,HOU,G,"$2,222,827"
606,nfl,2019,607,Austin Hooper,ATL,TE,"$2,218,357"
607,nfl,2019,,Joe Thuney,NE,G,"$2,218,357"
608,nfl,2019,609,Jordan Jenkins,NYJ,ED/OLB,"$2,205,980"
609,nfl,2019,610,Justin Simmons,DEN,FS,"$2,201,355"
610,nfl,2019,611,Duke Johnson,HOU,RB,"$2,200,000"
611,nfl,2019,612,Kyler Fackrell,GB,ED/OLB,"$2,198,512"
612,nfl,2019,613,Javon Hargrave,PIT,DL/DT,"$2,198,314"
613,nfl,2019,614,Tyreek Hill,KC,WR,"$2,197,000"
614,nfl,2019,615,Sony Michel,NE,RB,"$2,187,885"
615,nfl,2019,616,Cameron Fleming,DAL,T,"$2,187,500"
616,nfl,2019,617,Johnny Hekker,LAR,P,"$2,187,000"
617,nfl,2019,618,Graham Glasgow,DET,G,"$2,186,355"
618,nfl,2019,619,Joe Schobert,CLE,LB/OLB,"$2,183,489"
619,nfl,2019,620,Josh Jacobs,OAK,RB,"$2,169,709"
620,nfl,2019,621,Nick Kwiatkoski,CHI,LB/ILB,"$2,168,780"
621,nfl,2019,622,De'Vondre Campbell,ATL,LB/OLB,"$2,166,382"
622,nfl,2019,623,Demarcus Robinson,KC,WR,"$2,154,293"
623,nfl,2019,624,Lamar Jackson,BAL,QB,"$2,152,646"
624,nfl,2019,625,Patrick DiMarco,BUF,FB,"$2,150,000"
625,nfl,2019,,Luke Stocker,ATL,TE,"$2,150,000"
626,nfl,2019,627,Laremy Tunsil,HOU,LT,"$2,148,770"
627,nfl,2019,628,Marquise Brown,BAL,WR,"$2,143,153"
628,nfl,2019,629,Malcolm Brown,LAR,RB,"$2,137,500"
629,nfl,2019,630,Rashaan Melvin,DET,CB,"$2,131,250"
630,nfl,2019,631,Tyson Alualu,PIT,DL/DE,"$2,125,000"
631,nfl,2019,,Peyton Barber,TB,RB,"$2,125,000"
632,nfl,2019,,Josh Lambo,JAX,K,"$2,125,000"
633,nfl,2019,634,Blake Martinez,GB,LB/ILB,"$2,120,849"
634,nfl,2019,,Dak Prescott,DAL,QB,"$2,120,849"
635,nfl,2019,636,Montez Sweat,WAS,ED/OLB,"$2,116,593"
636,nfl,2019,637,Marcedes Lewis,GB,TE,"$2,100,000"
637,nfl,2019,,Buster Skrine,CHI,CB,"$2,100,000"
638,nfl,2019,639,Tajae Sharpe,TEN,WR,"$2,093,721"
639,nfl,2019,640,Connor McGovern,DEN,C,"$2,090,975"
640,nfl,2019,641,Johnathan Abram,OAK,S,"$2,090,035"
641,nfl,2019,642,Matt Judon,BAL,ED/OLB,"$2,088,934"
642,nfl,2019,643,Joe Haeg,IND,G,"$2,085,604"
643,nfl,2019,644,Brandon Shell,NYJ,RT,"$2,083,993"
644,nfl,2019,645,Jarrod Wilson,JAX,FS,"$2,083,333"
645,nfl,2019,646,Halapoulivaati Vaitai,PHI,G,"$2,081,282"
646,nfl,2019,647,D.J. Reader,HOU,DL/DT,"$2,078,845"
647,nfl,2019,648,Jerry Tillery,LAC,DL/DT,"$2,076,756"
648,nfl,2019,649,Jatavis Brown,LAC,LB/OLB,"$2,071,097"
649,nfl,2019,650,Chris Conley,JAX,WR,"$2,066,666"
650,nfl,2019,651,Al Woods,SEA,DL/DT,"$2,065,442"
651,nfl,2019,652,Anthony Brown,DAL,CB,"$2,058,739"
652,nfl,2019,653,Wes Schweitzer,ATL,C,"$2,058,096"
653,nfl,2019,654,Will Parks,DEN,SS,"$2,050,089"
654,nfl,2019,,Elandon Roberts,NE,LB/ILB,"$2,050,089"
655,nfl,2019,656,Quinton Spain,BUF,G,"$2,050,000"
656,nfl,2019,657,Jalen Mills,PHI,CB,"$2,044,214"
657,nfl,2019,658,Adarius Taylor,CLE,LB/ILB,"$2,040,625"
658,nfl,2019,659,David Onyemata,NO,DL/DT,"$2,033,492"
659,nfl,2019,660,Hunter Henry,LAC,TE,"$2,030,100"
660,nfl,2019,661,Donald Penn,WAS,RT,"$2,030,000"
661,nfl,2019,662,Austin Blythe,LAR,G,"$2,025,000"
662,nfl,2019,,Evan Boehm,MIA,G,"$2,025,000"
663,nfl,2019,,Shon Coleman,SF,T,"$2,025,000"
664,nfl,2019,,Brandon Dunn,HOU,DL/DT,"$2,025,000"
665,nfl,2019,,Kendall Fuller,KC,CB,"$2,025,000"
666,nfl,2019,,Rashard Higgins,CLE,WR,"$2,025,000"
667,nfl,2019,,Rashod Hill,MIN,G,"$2,025,000"
668,nfl,2019,,Jordan Howard,PHI,RB,"$2,025,000"
669,nfl,2019,,Quinton Jefferson,SEA,ED/DE,"$2,025,000"
670,nfl,2019,,Alex Lewis,NYJ,G,"$2,025,000"
671,nfl,2019,,Jordan Lucas,KC,S,"$2,025,000"
672,nfl,2019,,Eric Murray,CLE,FS,"$2,025,000"
673,nfl,2019,,Carl Nassib,TB,LB/OLB,"$2,025,000"
674,nfl,2019,675,Dan Bailey,MIN,K,"$2,000,000"
675,nfl,2019,,Bashaud Breeland,KC,CB,"$2,000,000"
676,nfl,2019,,Frank Gore,BUF,RB,"$2,000,000"
677,nfl,2019,,Andy Lee,ARI,P,"$2,000,000"
678,nfl,2019,,Josh McCown,PHI,QB,"$2,000,000"
679,nfl,2019,,Adrian Phillips,LAC,FS,"$2,000,000"
680,nfl,2019,,Seth Roberts,BAL,WR,"$2,000,000"
681,nfl,2019,,Damion Square,LAC,DL/DT,"$2,000,000"
682,nfl,2019,,Michael Thomas,NYG,FS,"$2,000,000"
683,nfl,2019,,LaAdrian Waddle,BUF,RT,"$2,000,000"
684,nfl,2019,,Tress Way,WAS,P,"$2,000,000"
685,nfl,2019,686,Geoff Swaim,JAX,TE,"$1,987,500"
686,nfl,2019,687,Raheem Mostert,SF,RB,"$1,983,333"
687,nfl,2019,688,Chris Jones,KC,DL/DT,"$1,982,665"
688,nfl,2019,689,Adrian Clayborn,ATL,ED/DE,"$1,980,000"
689,nfl,2019,690,L.J. Collier,SEA,ED/DE,"$1,970,196"
690,nfl,2019,691,Charles Clay,ARI,TE,"$1,968,750"
691,nfl,2019,692,Kevin King,GB,CB,"$1,931,150"
692,nfl,2019,693,Nick Dzubnar,LAC,LB/ILB,"$1,922,500"
693,nfl,2019,694,Cam Robinson,JAX,LT,"$1,914,044"
694,nfl,2019,695,Deandre Baker,NYG,CB,"$1,913,766"
695,nfl,2019,696,Sherrick McManis,CHI,CB,"$1,912,500"
696,nfl,2019,697,Rontez Miles,NYJ,FS,"$1,907,000"
697,nfl,2019,698,Anthony Chickillo,PIT,ED/OLB,"$1,902,500"
698,nfl,2019,699,Josh Hill,NO,TE,"$1,900,000"
699,nfl,2019,,Carlos Hyde,HOU,RB,"$1,900,000"
700,nfl,2019,,Wil Lutz,NO,K,"$1,900,000"
701,nfl,2019,702,Brett Hundley,ARI,QB,"$1,875,000"
702,nfl,2019,,Damien Wilson,KC,LB/OLB,"$1,875,000"
703,nfl,2019,704,Kaleb McGary,ATL,RT,"$1,866,498"
704,nfl,2019,705,Mike Glennon,OAK,QB,"$1,865,625"
705,nfl,2019,706,Budda Baker,ARI,SS,"$1,862,729"
706,nfl,2019,707,Latavius Murray,NO,RB,"$1,850,000"
707,nfl,2019,708,Darron Lee,KC,LB/ILB,"$1,843,861"
708,nfl,2019,709,Tom Compton,NYJ,G,"$1,837,500"
709,nfl,2019,710,N'Keal Harry,NE,WR,"$1,836,063"
710,nfl,2019,711,Randy Bullock,CIN,K,"$1,825,000"
711,nfl,2019,712,Forrest Lamp,LAC,G,"$1,818,251"
712,nfl,2019,713,Timmy Jernigan,PHI,DL/DT,"$1,812,500"
713,nfl,2019,714,Austin Johnson,TEN,DL/DT,"$1,801,619"
714,nfl,2019,715,Denzelle Good,OAK,G,"$1,800,000"
715,nfl,2019,716,Trevor Siemian,NYJ,QB,"$1,796,875"
716,nfl,2019,717,Marcus Maye,NYJ,FS,"$1,787,465"
717,nfl,2019,718,Adrian Peterson,WAS,RB,"$1,780,000"
718,nfl,2019,719,Matt Barkley,BUF,QB,"$1,775,000"
719,nfl,2019,,John Simon,NE,ED/DE,"$1,775,000"
720,nfl,2019,721,Alex Erickson,CIN,WR,"$1,766,666"
721,nfl,2019,722,Curtis Samuel,CAR,WR,"$1,760,093"
722,nfl,2019,723,Christian Covington,DAL,DL/DT,"$1,750,000"
723,nfl,2019,,Rodney Gunter,ARI,DL/DE,"$1,750,000"
724,nfl,2019,725,Tyler Higbee,LAR,TE,"$1,745,215"
725,nfl,2019,726,Troy Hill,LAR,CB,"$1,744,275"
726,nfl,2019,727,Isaac Seumalo,PHI,G,"$1,739,966"
727,nfl,2019,728,Romeo Okwara,DET,ED/DE,"$1,738,846"
728,nfl,2019,729,Vontaze Burfict,OAK,LB/OLB,"$1,737,500"
729,nfl,2019,730,Anthony Levine,BAL,SS,"$1,733,334"
730,nfl,2019,731,Damien Williams,KC,RB,"$1,733,333"
731,nfl,2019,732,Dalvin Cook,MIN,RB,"$1,732,727"
732,nfl,2019,733,Derrick Henry,TEN,RB,"$1,720,706"
733,nfl,2019,734,Max Garcia,ARI,G,"$1,718,750"
734,nfl,2019,735,Tyler Larsen,CAR,C,"$1,716,666"
735,nfl,2019,736,Deshazor Everett,WAS,SS,"$1,709,375"
736,nfl,2019,737,Marcus Williams,NO,FS,"$1,701,938"
737,nfl,2019,738,Kiko Alonso,NO,LB/OLB,"$1,700,000"
738,nfl,2019,,Derek Carrier,OAK,TE,"$1,700,000"
739,nfl,2019,,Benson Mayowa,OAK,ED/DE,"$1,700,000"
740,nfl,2019,,Jamize Olawale,DAL,FB,"$1,700,000"
741,nfl,2019,,Craig Robertson,NO,LB/ILB,"$1,700,000"
742,nfl,2019,743,Ryan Smith,TB,CB,"$1,696,569"
743,nfl,2019,744,Will Hernandez,NYG,G,"$1,693,350"
744,nfl,2019,745,Brandon Bolden,NE,RB,"$1,687,500"
745,nfl,2019,,Roosevelt Nix,PIT,FB,"$1,687,500"
746,nfl,2019,747,Nick Chubb,CLE,RB,"$1,677,976"
747,nfl,2019,748,Sidney Jones,PHI,CB,"$1,674,570"
748,nfl,2019,749,A'Shawn Robinson,DET,DL/DT,"$1,665,248"
749,nfl,2019,750,Tavon Austin,DAL,WR,"$1,656,250"
750,nfl,2019,751,Mark Nzeocha,SF,LB/OLB,"$1,650,000"
751,nfl,2019,,Pat O'Donnell,CHI,P,"$1,650,000"
752,nfl,2019,753,Gerald Everett,LAR,TE,"$1,648,491"
753,nfl,2019,754,Shaquille Leonard,IND,LB/OLB,"$1,647,228"
754,nfl,2019,755,Jesse Davis,MIA,T,"$1,645,000"
755,nfl,2019,756,Greg Mancz,HOU,C,"$1,640,625"
756,nfl,2019,757,Braden Smith,IND,RT,"$1,634,929"
757,nfl,2019,758,Quandre Diggs,SEA,SS,"$1,625,441"
758,nfl,2019,759,Joe Looney,DAL,C,"$1,625,000"
759,nfl,2019,760,Adam Shaheen,CHI,TE,"$1,611,965"
760,nfl,2019,761,Dennis Kelly,TEN,RT,"$1,608,334"
761,nfl,2019,762,Ronald Jones II,TB,RB,"$1,607,251"
762,nfl,2019,763,Jason Verrett,SF,CB,"$1,593,750"
763,nfl,2019,764,Jason Spriggs,GB,T,"$1,592,277"
764,nfl,2019,765,James Daniels,CHI,C,"$1,579,581"
765,nfl,2019,766,Quincy Wilson,IND,CB,"$1,572,621"
766,nfl,2019,767,Luke Rhodes,IND,LS,"$1,570,000"
767,nfl,2019,768,A.Q. Shipley,ARI,C,"$1,555,000"
768,nfl,2019,769,Courtland Sutton,DEN,WR,"$1,554,981"
769,nfl,2019,770,Kendall Lamm,CLE,RT,"$1,550,000"
770,nfl,2019,771,Harold Landry,TEN,LB,"$1,530,384"
771,nfl,2019,772,Jordan Berry,PIT,P,"$1,525,000"
772,nfl,2019,,Eric Kush,CLE,G,"$1,525,000"
773,nfl,2019,,Julian Stanford,BUF,LB/OLB,"$1,525,000"
774,nfl,2019,775,Tyus Bowser,BAL,ED/OLB,"$1,520,621"
775,nfl,2019,776,Brooks Reed,ARI,ED/OLB,"$1,515,625"
776,nfl,2019,777,Mike Gesicki,MIA,TE,"$1,502,710"
777,nfl,2019,778,Jaron Brown,SEA,WR,"$1,500,000"
778,nfl,2019,,Darren Fells,HOU,TE,"$1,500,000"
779,nfl,2019,,Robert Griffin III,BAL,QB,"$1,500,000"
780,nfl,2019,,Neville Hewitt,NYJ,LB/ILB,"$1,500,000"
781,nfl,2019,,Aaron Lynch,CHI,ED/OLB,"$1,500,000"
782,nfl,2019,783,Cody Latimer,NYG,WR,"$1,490,000"
783,nfl,2019,784,Joe Mixon,CIN,RB,"$1,486,410"
784,nfl,2019,785,Kerryon Johnson,DET,RB,"$1,478,111"
785,nfl,2019,786,Mario Edwards,NO,ED/DE,"$1,460,000"
786,nfl,2019,787,Austin Reiter,KC,C,"$1,458,333"
787,nfl,2019,788,Dante Pettis,SF,WR,"$1,454,671"
788,nfl,2019,789,Byron Murphy,ARI,CB,"$1,452,636"
789,nfl,2019,790,Ryan Anderson,WAS,ED/OLB,"$1,452,197"
790,nfl,2019,791,Dwayne Harris,OAK,WR,"$1,440,000"
791,nfl,2019,792,Rock Ya-Sin,IND,CB,"$1,439,355"
792,nfl,2019,793,Terrence Brooks,NE,FS,"$1,431,250"
793,nfl,2019,794,Jawaan Taylor,JAX,RT,"$1,426,077"
794,nfl,2019,795,Josh Jackson,GB,CB,"$1,421,841"
795,nfl,2019,796,Justin Evans,TB,S,"$1,417,989"
796,nfl,2019,797,Jabrill Peppers,NYG,S,"$1,405,181"
797,nfl,2019,798,Matt Schaub,ATL,QB,"$1,405,000"
798,nfl,2019,799,Walt Aikens,MIA,FS,"$1,400,000"
799,nfl,2019,,Michael Palardy,CAR,P,"$1,400,000"
800,nfl,2019,801,Deebo Samuel,SF,WR,"$1,399,519"
801,nfl,2019,802,Brandon King,NE,FS,"$1,391,667"
802,nfl,2019,803,Greg Little,CAR,T,"$1,388,895"
803,nfl,2019,804,DeMarcus Walker,DEN,DL/DE,"$1,383,780"
804,nfl,2019,805,Mackensie Alexander,MIN,CB,"$1,373,370"
805,nfl,2019,806,Kevin Pamphile,TEN,G,"$1,365,625"
806,nfl,2019,807,Cody Ford,BUF,RT,"$1,364,994"
807,nfl,2019,808,Jakeem Grant,MIA,WR,"$1,355,096"
808,nfl,2019,809,Akeem King,SEA,CB,"$1,353,125"
809,nfl,2019,810,Emmanuel Ogbah,KC,ED/DE,"$1,351,315"
810,nfl,2019,811,Harrison Butker,KC,K,"$1,345,000"
811,nfl,2019,812,Sean Bunting,TB,CB,"$1,341,090"
812,nfl,2019,813,Christian Kirk,ARI,WR,"$1,339,742"
813,nfl,2019,814,Brandon Copeland,NYJ,DL/DE,"$1,338,234"
814,nfl,2019,815,Jermaine Kearse,DET,WR,"$1,337,500"
815,nfl,2019,,Kyle Love,CAR,DL/DT,"$1,337,500"
816,nfl,2019,817,Darren Sproles,PHI,RB,"$1,330,000"
817,nfl,2019,818,Trayvon Mullen,OAK,CB,"$1,319,845"
818,nfl,2019,819,Kerry Wynn,CIN,ED/DE,"$1,312,500"
819,nfl,2019,820,Uchenna Nwosu,LAC,LB,"$1,308,994"
820,nfl,2019,821,Sean Davis,PIT,FS,"$1,300,401"
821,nfl,2019,822,T.J. Yeldon,BUF,RB,"$1,300,000"
822,nfl,2019,823,Dalton Risner,DEN,G,"$1,298,597"
823,nfl,2019,824,Colin Jones,CAR,FS,"$1,290,000"
824,nfl,2019,825,Reuben Foster,WAS,LB/ILB,"$1,286,392"
825,nfl,2019,826,Chris Hogan,CAR,WR,"$1,281,250"
826,nfl,2019,827,Raekwon McMillan,MIA,LB/OLB,"$1,281,147"
827,nfl,2019,828,Josh Rosen,MIA,QB,"$1,279,898"
828,nfl,2019,829,Dallas Goedert,PHI,TE,"$1,278,243"
829,nfl,2019,830,James Develin,NE,FB,"$1,275,000"
830,nfl,2019,831,Drew Lock,DEN,QB,"$1,274,694"
831,nfl,2019,832,Brent Qvale,NYJ,RT,"$1,268,750"
832,nfl,2019,833,Beau Brinkley,TEN,LS,"$1,268,000"
833,nfl,2019,834,Vonn Bell,NO,SS,"$1,263,914"
834,nfl,2019,835,James Bradberry,CAR,CB,"$1,260,266"
835,nfl,2019,836,Ryan Griffin,TB,QB,"$1,255,000"
836,nfl,2019,837,Jahlani Tavai,DET,LB,"$1,253,449"
837,nfl,2019,838,Adam Gotsis,DEN,DL/DE,"$1,252,971"
838,nfl,2019,839,Oday Aboushi,DET,T,"$1,250,000"
839,nfl,2019,,Isaiah Crowell,OAK,RB,"$1,250,000"
840,nfl,2019,,Jake McQuaide,LAR,LS,"$1,250,000"
841,nfl,2019,,Jake Ryan,JAX,LB/ILB,"$1,250,000"
842,nfl,2019,843,Connor Williams,DAL,G,"$1,247,498"
843,nfl,2019,844,Dalvin Tomlinson,NYG,DL/DT,"$1,246,937"
844,nfl,2019,845,Reggie Ragland,KC,LB/ILB,"$1,246,551"
845,nfl,2019,846,Morgan Cox,BAL,LS,"$1,240,000"
846,nfl,2019,847,Kamalei Correa,TEN,ED/OLB,"$1,234,043"
847,nfl,2019,848,Elgton Jenkins,GB,G,"$1,233,203"
848,nfl,2019,849,Matt LaCosse,NE,TE,"$1,225,000"
849,nfl,2019,850,Zach Cunningham,HOU,LB/ILB,"$1,219,566"
850,nfl,2019,851,Anthony Miller,CHI,WR,"$1,216,750"
851,nfl,2019,852,Taco Charlton,MIA,ED/DE,"$1,214,710"
852,nfl,2019,853,Breeland Speaks,KC,ED/DE,"$1,208,293"
853,nfl,2019,854,Joejuan Williams,NE,CB,"$1,204,846"
854,nfl,2019,855,Ethan Pocic,SEA,G,"$1,202,463"
855,nfl,2019,856,Zach Line,NO,FB,"$1,200,000"
856,nfl,2019,857,Janoris Jenkins,NO,CB,"$1,194,118"
857,nfl,2019,858,Jordan Mills,ARI,RT,"$1,191,176"
858,nfl,2019,859,Kemoko Turay,IND,ED/DE,"$1,186,000"
859,nfl,2019,860,Tanoh Kpassagnon,KC,ED/DE,"$1,178,514"
860,nfl,2019,861,Greedy Williams,CLE,CB,"$1,174,305"
861,nfl,2019,862,J.J. Jansen,CAR,LS,"$1,170,000"
862,nfl,2019,863,Chidobe Awuzie,DAL,CB,"$1,168,251"
863,nfl,2019,864,Clinton McDonald,ARI,DL/DE,"$1,162,500"
864,nfl,2019,865,Jarran Reed,SEA,DL/DT,"$1,161,642"
865,nfl,2019,866,M.J. Stewart,TB,CB,"$1,155,253"
866,nfl,2019,867,Kyle Wilber,OAK,LB/OLB,"$1,150,000"
867,nfl,2019,868,JuJu Smith-Schuster,PIT,WR,"$1,144,302"
868,nfl,2019,869,Dion Dawkins,BUF,LT,"$1,140,883"
869,nfl,2019,870,Taylor Moton,CAR,LT,"$1,134,042"
870,nfl,2019,871,Marquise Blair,SEA,S,"$1,133,936"
871,nfl,2019,872,Daniel McCullers,PIT,DL/DT,"$1,125,000"
872,nfl,2019,873,Jessie Bates III,CIN,S,"$1,124,503"
873,nfl,2019,874,Clark Harris,CIN,LS,"$1,110,000"
874,nfl,2019,875,Ryan Griffin,NYJ,TE,"$1,109,375"
875,nfl,2019,876,Erik McCoy,NO,C,"$1,107,378"
876,nfl,2019,877,Jahleel Addae,HOU,SS,"$1,105,000"
877,nfl,2019,878,Andy Janovich,DEN,FB,"$1,098,577"
878,nfl,2019,879,Donte Jackson,CAR,CB,"$1,093,755"
879,nfl,2019,880,Russell Shepard,NYG,WR,"$1,093,750"
880,nfl,2019,881,Chris Manhertz,CAR,TE,"$1,090,000"
881,nfl,2019,882,Minkah Fitzpatrick,PIT,S,"$1,083,199"
882,nfl,2019,883,Nick Sundberg,WAS,LS,"$1,082,500"
883,nfl,2019,884,Ben Banogu,IND,ED/DE,"$1,080,819"
884,nfl,2019,885,Greg Van Roten,CAR,G,"$1,080,000"
885,nfl,2019,886,Kenyan Drake,ARI,RB,"$1,072,059"
886,nfl,2019,887,P.J. Hall,OAK,DL/DT,"$1,069,154"
887,nfl,2019,888,Larry Ogunjobi,CLE,DL/DT,"$1,065,591"
888,nfl,2019,889,Ahkello Witherspoon,SF,CB,"$1,058,768"
889,nfl,2019,890,Maxx Williams,ARI,TE,"$1,055,000"
890,nfl,2019,891,Irv Smith,MIN,TE,"$1,054,260"
891,nfl,2019,892,Isaiah Oliver,ATL,CB,"$1,053,783"
892,nfl,2019,893,Dawuane Smoot,JAX,ED/DE,"$1,053,540"
893,nfl,2019,894,Alvin Kamara,NO,RB,"$1,050,693"
894,nfl,2019,895,Cooper Kupp,LAR,WR,"$1,049,690"
895,nfl,2019,896,Pat Elflein,MIN,G,"$1,043,710"
896,nfl,2019,897,Derrius Guice,WAS,RB,"$1,032,258"
897,nfl,2019,898,Joe Dahl,DET,C,"$1,031,481"
898,nfl,2019,899,Danny Shelton,NE,DL/DT,"$1,030,000"
899,nfl,2019,900,A.J. Brown,TEN,WR,"$1,027,703"
900,nfl,2019,901,Dan Feeney,LAC,G,"$1,024,158"
901,nfl,2019,902,James Washington,PIT,WR,"$1,023,033"
902,nfl,2019,903,Ben Braunecker,CHI,TE,"$1,018,750"
903,nfl,2019,904,DJ Chark,JAX,WR,"$1,010,734"
904,nfl,2019,905,Tyler Shatley,JAX,C,"$1,005,000"
905,nfl,2019,906,Brian O'Neill,MIN,RT,"$1,001,509"
906,nfl,2019,907,Drew Sample,CIN,TE,"$1,001,145"
907,nfl,2019,908,Maurice Alexander,BUF,LB,"$1,000,000"
908,nfl,2019,,Blake Bortles,LAR,QB,"$1,000,000"
909,nfl,2019,,Blaine Gabbert,TB,QB,"$1,000,000"
910,nfl,2019,,Antonio Hamilton,NYG,CB,"$1,000,000"
911,nfl,2019,,Kerry Hyder,DAL,ED/DE,"$1,000,000"
912,nfl,2019,,Casey Kreiter,DEN,LS,"$1,000,000"
913,nfl,2019,,Cassius Marsh,ARI,ED/OLB,"$1,000,000"
914,nfl,2019,,Neiko Thorpe,SEA,CB,"$1,000,000"
915,nfl,2019,916,Carlton Davis,TB,CB,"$998,435"
916,nfl,2019,917,Tyquan Lewis,IND,DL/DT,"$992,285"
917,nfl,2019,918,Vernon Hargreaves,HOU,CB,"$981,365"
918,nfl,2019,919,Patrick Ricard,BAL,FB,"$980,501"
919,nfl,2019,920,Jon Weeks,HOU,LS,"$980,000"
920,nfl,2019,921,Miles Sanders,PHI,RB,"$972,759"
921,nfl,2019,922,James O'Shaughnessy,JAX,TE,"$967,500"
922,nfl,2019,923,C.J. Beathard,SF,QB,"$962,358"
923,nfl,2019,924,Chris Wormley,BAL,DL/DE,"$960,660"
924,nfl,2019,925,Joe Cardona,NE,LS,"$955,000"
925,nfl,2019,926,Lonnie Johnson,HOU,CB,"$948,028"
926,nfl,2019,927,Benjamin Watson,NE,TE,"$940,000"
927,nfl,2019,928,Alex Anzalone,NO,LB/ILB,"$933,148"
928,nfl,2019,929,Brandon Parker,OAK,T,"$930,758"
929,nfl,2019,930,Josh Harris,ATL,LS,"$930,000"
930,nfl,2019,,Darian Stewart,TB,FS,"$930,000"
931,nfl,2019,,James Winchester,KC,LS,"$930,000"
932,nfl,2019,933,Lorenzo Carter,NYG,ED/OLB,"$928,064"
933,nfl,2019,934,Sam Beal,NYG,CB,"$927,681"
934,nfl,2019,935,Chad Thomas,CLE,ED/DE,"$927,235"
935,nfl,2019,936,Le'Raven Clark,IND,RT,"$926,433"
936,nfl,2019,937,Justin Reid,HOU,FS,"$924,893"
937,nfl,2019,938,B.J. Hill,NYG,DL/DE,"$921,724"
938,nfl,2019,939,Max Scharping,HOU,G,"$921,470"
939,nfl,2019,940,C.J. Prosise,SEA,RB,"$918,116"
940,nfl,2019,941,Fred Warner,SF,LB/OLB,"$915,684"
941,nfl,2019,942,DeShone Kizer,OAK,QB,"$914,856"
942,nfl,2019,943,Royce Freeman,DEN,RB,"$910,255"
943,nfl,2019,944,Brandon Williams,ARI,CB,"$908,676"
944,nfl,2019,945,Mecole Hardman,KC,WR,"$908,191"
945,nfl,2019,946,J.J. Arcega-Whiteside,PHI,WR,"$900,222"
946,nfl,2019,947,Josh Mauro,OAK,ED/DE,"$900,000"
947,nfl,2019,,Chris Milton,TEN,CB,"$900,000"
948,nfl,2019,949,Jerome Baker,MIA,LB/OLB,"$897,800"
949,nfl,2019,950,Derrick Nnadi,KC,DL/DT,"$891,350"
950,nfl,2019,951,Mason Rudolph,PIT,QB,"$891,333"
951,nfl,2019,952,Fabian Moreau,WAS,CB,"$890,348"
952,nfl,2019,953,Geron Christian,WAS,T,"$889,248"
953,nfl,2019,954,Trysten Hill,DAL,DL/DT,"$886,945"
954,nfl,2019,955,Bryan Anger,HOU,P,"$881,618"
955,nfl,2019,956,Arden Key,OAK,ED/DE,"$881,594"
956,nfl,2019,957,Derek Rivers,NE,LB/OLB,"$880,724"
957,nfl,2019,958,Chris Godwin,TB,WR,"$875,041"
958,nfl,2019,959,Tyler Ott,SEA,LS,"$875,000"
959,nfl,2019,960,Geremy Davis,LAC,WR,"$872,500"
960,nfl,2019,961,Sam Hubbard,CIN,ED/DE,"$872,300"
961,nfl,2019,962,Montravius Adams,GB,DL/DE,"$872,194"
962,nfl,2019,963,Earl Watford,TB,G,"$870,000"
963,nfl,2019,964,Shaquill Griffin,SEA,CB,"$869,655"
964,nfl,2019,965,Chris Moore,BAL,WR,"$869,090"
965,nfl,2019,966,Parris Campbell,IND,WR,"$868,352"
966,nfl,2019,967,Rasheem Green,SEA,ED/DE,"$867,139"
967,nfl,2019,968,John Johnson,LAR,SS,"$866,438"
968,nfl,2019,969,Riley Dixon,NYG,P,"$865,002"
969,nfl,2019,970,Miles Killebrew,DET,FS,"$864,641"
970,nfl,2019,971,Jourdan Lewis,DAL,CB,"$863,357"
971,nfl,2019,972,Cameron Sutton,PIT,CB,"$861,432"
972,nfl,2019,973,Nasir Adderley,LAC,S,"$860,384"
973,nfl,2019,974,Delano Hill,SEA,S,"$859,869"
974,nfl,2019,975,Kenny Golladay,DET,WR,"$855,706"
975,nfl,2019,976,Andrew Billings,CIN,DL/DT,"$853,962"
976,nfl,2019,977,Deon Bush,CHI,S,"$851,556"
977,nfl,2019,978,Michael Gallup,DAL,WR,"$851,495"
978,nfl,2019,979,Reid Ferguson,BUF,LS,"$850,000"
979,nfl,2019,980,Taylor Rapp,LAR,S,"$849,762"
980,nfl,2019,981,Cordrea Tankersley,MIA,CB,"$849,572"
981,nfl,2019,982,Tracy Walker,DET,S,"$848,497"
982,nfl,2019,983,Rasul Douglas,PHI,CB,"$846,572"
983,nfl,2019,984,Jonnu Smith,TEN,TE,"$845,572"
984,nfl,2019,985,Kendell Beckwith,TB,LB/OLB,"$844,572"
985,nfl,2019,,James Conner,PIT,RB,"$844,572"
986,nfl,2019,,Trey Hendrickson,NO,ED/DE,"$844,572"
987,nfl,2019,,Nazair Jones,SEA,DL/DT,"$844,572"
988,nfl,2019,989,Orlando Brown Jr.,BAL,RT,"$843,430"
989,nfl,2019,990,Andy Isabella,ARI,WR,"$841,794"
990,nfl,2019,991,Juan Thornhill,KC,S,"$839,139"
991,nfl,2019,992,Oren Burks,GB,ED/OLB,"$836,689"
992,nfl,2019,993,Justin Jones,LAC,DL/DT,"$835,016"
993,nfl,2019,994,D.K. Metcalf,SEA,WR,"$833,827"
994,nfl,2019,995,Josh Gordon,SEA,WR,"$833,823"
995,nfl,2019,996,Mark Andrews,BAL,TE,"$833,665"
996,nfl,2019,997,Gareon Conley,HOU,CB,"$833,284"
997,nfl,2019,998,Joseph Noteboom,LAR,G,"$831,349"
998,nfl,2019,999,Xavier Su'a-Filo,DAL,G,"$830,000"
999,nfl,2019,1000,Deadrin Senat,ATL,DL/DT,"$826,490"
1000,nfl,2019,1001,Chukwuma Okorafor,PIT,T,"$823,091"
1001,nfl,2019,1002,Tre'quan Smith,NO,WR,"$820,756"
1002,nfl,2019,1003,Jonathan Bullard,ARI,DL/DE,"$820,000"
1003,nfl,2019,1004,Ronnie Harrison,JAX,SS,"$818,258"
1004,nfl,2019,1005,Devontae Booker,DEN,RB,"$815,849"
1005,nfl,2019,1006,Jaleel Johnson,MIN,DL/DT,"$814,588"
1006,nfl,2019,1007,Dede Westbrook,JAX,WR,"$814,039"
1007,nfl,2019,1008,Alex Cappa,TB,G,"$813,426"
1008,nfl,2019,1009,Tedric Thompson,SEA,S,"$813,001"
1009,nfl,2019,1010,Eddie Jackson,CHI,S,"$811,449"
1010,nfl,2019,1011,Rayshawn Jenkins,LAC,S,"$810,552"
1011,nfl,2019,1012,Curtis Riley,OAK,FS,"$810,000"
1012,nfl,2019,,Patrick Scales,CHI,LS,"$810,000"
1013,nfl,2019,1014,Carl Lawson,CIN,ED/DE,"$808,153"
1014,nfl,2019,1015,Josh Reynolds,LAR,WR,"$807,005"
1015,nfl,2019,1016,Charley Hughlett,CLE,LS,"$805,000"
1016,nfl,2019,,David Mayo,NYG,LB/ILB,"$805,000"
1017,nfl,2019,,Keith Smith,ATL,FB,"$805,000"
1018,nfl,2019,,Logan Thomas,DET,TE,"$805,000"
1019,nfl,2019,,Jaylen Watkins,LAC,CB,"$805,000"
1020,nfl,2019,1021,Tarik Cohen,CHI,RB,"$803,914"
1021,nfl,2019,1022,Ben Gedeon,MIN,LB/ILB,"$803,286"
1022,nfl,2019,1023,Harrison Phillips,BUF,DL/DT,"$802,760"
1023,nfl,2019,1024,Montae Nicholson,WAS,S,"$799,723"
1024,nfl,2019,1025,Jalen Reeves-Maybin,DET,LB/OLB,"$799,721"
1025,nfl,2019,1026,Tarvarius Moore,SF,FS,"$799,093"
1026,nfl,2019,1027,Samson Ebukam,LAR,ED/OLB,"$798,270"
1027,nfl,2019,1028,Dorian O'Daniel,KC,LB/OLB,"$797,879"
1028,nfl,2019,1029,Mason Cole,ARI,C,"$795,879"
1029,nfl,2019,1030,Keelan Doss,OAK,WR,"$795,000"
1030,nfl,2019,,Crevon LeBlanc,PHI,CB,"$795,000"
1031,nfl,2019,,Keith Reaser,KC,CB,"$795,000"
1032,nfl,2019,1033,Isaac Yiadom,DEN,CB,"$794,129"
1033,nfl,2019,1034,Jordan Akins,HOU,TE,"$790,380"
1034,nfl,2019,1035,Deatrich Wise,NE,ED/DE,"$790,140"
1035,nfl,2019,1036,Ronald Blair,SF,ED/DE,"$787,602"
1036,nfl,2019,1037,DeAndre Washington,OAK,RB,"$787,302"
1037,nfl,2019,1038,Jamaal Williams,GB,RB,"$786,498"
1038,nfl,2019,1039,LeShaun Sims,TEN,CB,"$779,548"
1039,nfl,2019,1040,Diontae Johnson,PIT,WR,"$778,357"
1040,nfl,2019,1041,Kentrell Brothers,MIN,LB/OLB,"$778,170"
1041,nfl,2019,1042,Pernell McPhee,BAL,ED/OLB,"$775,000"
1042,nfl,2019,1043,Taywan Taylor,CLE,WR,"$773,500"
1043,nfl,2019,1044,Thomas Hennessy,NYJ,LS,"$770,000"
1044,nfl,2019,,DeAndre Houston-Carson,CHI,S,"$770,000"
1045,nfl,2019,1046,Darrell Henderson,LAR,RB,"$767,664"
1046,nfl,2019,1047,Lucas Patrick,GB,G,"$761,666"
1047,nfl,2019,1048,Dre'Mont Jones,DEN,DL/DE,"$761,600"
1048,nfl,2019,1049,Germaine Pratt,CIN,LB,"$758,221"
1049,nfl,2019,1050,Aaron Colvin,WAS,CB,"$757,647"
1050,nfl,2019,1051,Ian Thomas,CAR,TE,"$756,998"
1051,nfl,2019,1052,David Montgomery,CHI,RB,"$756,545"
1052,nfl,2019,1053,Devin Singletary,BUF,RB,"$753,956"
1053,nfl,2019,1054,David Morgan,MIN,TE,"$753,864"
1054,nfl,2019,1055,Jalyn Holmes,MIN,DL/DT,"$752,849"
1055,nfl,2019,1056,Derek Watt,LAC,FB,"$752,422"
1056,nfl,2019,1057,Keke Coutee,HOU,WR,"$752,256"
1057,nfl,2019,1058,Nyheim Miller-Hines,IND,RB,"$751,136"
1058,nfl,2019,1059,Wayne Gallman,NYG,RB,"$749,912"
1059,nfl,2019,,Ryan Glasgow,CIN,DL/DT,"$749,912"
1060,nfl,2019,,Marlon Mack,IND,RB,"$749,912"
1061,nfl,2019,,Grover Stewart,IND,DL/DT,"$749,912"
1062,nfl,2019,,Carlos Watkins,HOU,DL/DE,"$749,912"
1063,nfl,2019,1064,Mike Thomas,LAR,WR,"$749,019"
1064,nfl,2019,1065,Josey Jewell,DEN,LB/ILB,"$748,495"
1065,nfl,2019,1066,Troy Apke,WAS,S,"$745,908"
1066,nfl,2019,1067,Terry McLaurin,WAS,WR,"$745,805"
1067,nfl,2019,1068,Kavon Frazier,DAL,S,"$745,089"
1068,nfl,2019,1069,Chase Winovich,NE,ED/DE,"$744,328"
1069,nfl,2019,1070,Brian Allen,LAR,C,"$741,734"
1070,nfl,2019,1071,Michael Deiter,MIA,G,"$741,312"
1071,nfl,2019,1072,Daesean Hamilton,DEN,WR,"$740,659"
1072,nfl,2019,1073,Da'shawn Hand,DET,ED/DE,"$740,491"
1073,nfl,2019,1074,Joel Iyiegbuniwe,CHI,LB/ILB,"$739,643"
1074,nfl,2019,1075,Lac Edwards,NYJ,P,"$738,951"
1075,nfl,2019,1076,David Long,LAR,CB,"$738,265"
1076,nfl,2019,1077,Armani Watts,KC,S,"$737,558"
1077,nfl,2019,1078,Dorance Armstrong,DAL,ED/DE,"$737,499"
1078,nfl,2019,1079,Jordan Whitehead,TB,S,"$736,814"
1079,nfl,2019,1080,Jayron Kearse,MIN,S,"$736,056"
1080,nfl,2019,1081,Clayton Fejedelem,CIN,S,"$735,889"
1081,nfl,2019,1082,Tyler Matakevich,PIT,LB/ILB,"$735,764"
1082,nfl,2019,1083,Anthony Averett,BAL,CB,"$735,249"
1083,nfl,2019,1084,Sione Takitaki,CLE,LB,"$735,219"
1084,nfl,2019,1085,Ameer Abdullah,MIN,RB,"$735,000"
1085,nfl,2019,,Kenjon Barner,ATL,RB,"$735,000"
1086,nfl,2019,,Blake Bell,KC,TE,"$735,000"
1087,nfl,2019,,Tony Bergstrom,WAS,C,"$735,000"
1088,nfl,2019,,Jon Bostic,WAS,LB/ILB,"$735,000"
1089,nfl,2019,,Daniel Brown,NYJ,TE,"$735,000"
1090,nfl,2019,,Tyeler Davison,ATL,DL/DT,"$735,000"
1091,nfl,2019,,Zak DeOssie,NYG,LS,"$735,000"
1092,nfl,2019,,Jordan Devey,OAK,G,"$735,000"
1093,nfl,2019,,Dakota Dozier,MIN,LT,"$735,000"
1094,nfl,2019,,Matthias Farley,NYJ,SS,"$735,000"
1095,nfl,2019,,Justin Hardy,ATL,WR,"$735,000"
1096,nfl,2019,,Kemal Ishmael,ATL,SS,"$735,000"
1097,nfl,2019,,Taiwan Jones,HOU,RB,"$735,000"
1098,nfl,2019,,L.P. Ladouceur,DAL,LS,"$735,000"
1099,nfl,2019,,Ted Larsen,CHI,G,"$735,000"
1100,nfl,2019,,Sean Mannion,MIN,QB,"$735,000"
1101,nfl,2019,,Steven Means,ATL,ED/DE,"$735,000"
1102,nfl,2019,,Kevin Minter,TB,LB/ILB,"$735,000"
1103,nfl,2019,,Ty Montgomery,NYJ,RB,"$735,000"
1104,nfl,2019,,Don Muhlbach,DET,LS,"$735,000"
1105,nfl,2019,,Rakeem Nunez-Roches,TB,ED/DE,"$735,000"
1106,nfl,2019,,Cedric Ogbuehi,JAX,LT,"$735,000"
1107,nfl,2019,,Bilal Powell,NYJ,RB,"$735,000"
1108,nfl,2019,,Anthony Sherman,KC,FB,"$735,000"
1109,nfl,2019,,Joe Webb,HOU,QB,"$735,000"
1110,nfl,2019,,J.J. Wilcox,ATL,FS,"$735,000"
1111,nfl,2019,,Nick Williams,CHI,DL/DT,"$735,000"
1112,nfl,2019,,Blidi Wreh-Wilson,ATL,CB,"$735,000"
1113,nfl,2019,1114,Kyzir White,LAC,LB/OLB,"$733,610"
1114,nfl,2019,1115,Will Harris,DET,S,"$733,061"
1115,nfl,2019,1116,Will Dissly,SEA,TE,"$732,567"
1116,nfl,2019,1117,Zach Allen,ARI,DL/DE,"$732,511"
1117,nfl,2019,1118,Josh Oliver,JAX,TE,"$731,587"
1118,nfl,2019,1119,Taron Johnson,BUF,CB,"$731,517"
1119,nfl,2019,1120,Nate Davis,TEN,G,"$728,670"
1120,nfl,2019,1121,Durham Smythe,MIA,TE,"$728,058"
1121,nfl,2019,1122,Zay Jones,OAK,WR,"$728,008"
1122,nfl,2019,1123,Avonte Maddox,PHI,CB,"$726,478"
1123,nfl,2019,1124,Justin Layne,PIT,CB,"$725,545"
1124,nfl,2019,1125,Ito Smith,ATL,RB,"$725,218"
1125,nfl,2019,1126,Khalen Saunders,KC,DL/DT,"$723,795"
1126,nfl,2019,1127,Jaylon Ferguson,BAL,DL/DE,"$720,827"
1127,nfl,2019,1128,Will Richardson,JAX,T,"$720,698"
1128,nfl,2019,1129,Jake Butt,DEN,TE,"$720,234"
1129,nfl,2019,1130,Josh Andrews,IND,G,"$720,000"
1130,nfl,2019,,Damiere Byrd,ARI,WR,"$720,000"
1131,nfl,2019,,Shilique Calhoun,NE,LB/OLB,"$720,000"
1132,nfl,2019,,Kameron Canaday,PIT,LS,"$720,000"
1133,nfl,2019,,Marqui Christian,LAR,S,"$720,000"
1134,nfl,2019,,Corey Coleman,NYG,WR,"$720,000"
1135,nfl,2019,,Cody Core,NYG,WR,"$720,000"
1136,nfl,2019,,Sheldon Day,SF,DL/DT,"$720,000"
1137,nfl,2019,,Seth Devalve,JAX,TE,"$720,000"
1138,nfl,2019,,Javien Elliott,CAR,CB,"$720,000"
1139,nfl,2019,,James Ferentz,NE,C,"$720,000"
1140,nfl,2019,,David Fluellen,TEN,RB,"$720,000"
1141,nfl,2019,,B.J. Goodson,GB,LB/ILB,"$720,000"
1142,nfl,2019,,C.J. Goodwin,DAL,CB,"$720,000"
1143,nfl,2019,,Kamu Grugier-Hill,PHI,LB/OLB,"$720,000"
1144,nfl,2019,,Jerald Hawkins,TB,T,"$720,000"
1145,nfl,2019,,Joey Hunt,SEA,C,"$720,000"
1146,nfl,2019,,Branden Jackson,SEA,ED/DE,"$720,000"
1147,nfl,2019,,Ted Karras,NE,C,"$720,000"
1148,nfl,2019,,Rick Lovato,PHI,LS,"$720,000"
1149,nfl,2019,,Justin March,DAL,LB/OLB,"$720,000"
1150,nfl,2019,,J.D. McKissic,DET,RB,"$720,000"
1151,nfl,2019,,Sharrod Neasman,ATL,S,"$720,000"
1152,nfl,2019,,MyCole Pruitt,TEN,TE,"$720,000"
1153,nfl,2019,,Kalan Reed,SEA,CB,"$720,000"
1154,nfl,2019,,Hassan Ridgeway,PHI,DL/DT,"$720,000"
1155,nfl,2019,,Wendell Smallwood,WAS,RB,"$720,000"
1156,nfl,2019,,Darian Thompson,DAL,FS,"$720,000"
1157,nfl,2019,,Dan Vitale,GB,FB,"$720,000"
1158,nfl,2019,,Dwayne Washington,NO,RB,"$720,000"
1159,nfl,2019,,Stephen Weatherly,MIN,ED/DE,"$720,000"
1160,nfl,2019,,Jonathan Williams,IND,RB,"$720,000"
1161,nfl,2019,1162,George Kittle,SF,TE,"$719,571"
1162,nfl,2019,1163,Josh Sweat,PHI,ED/DE,"$719,397"
1163,nfl,2019,1164,Damontae Kazee,ATL,CB,"$717,230"
1164,nfl,2019,1165,Damien Harris,NE,RB,"$716,534"
1165,nfl,2019,1166,Cody Barton,SEA,LB,"$716,031"
1166,nfl,2019,1167,Bobby Okereke,IND,LB,"$715,779"
1167,nfl,2019,1168,Desmond King,LAC,CB,"$714,998"
1168,nfl,2019,1169,Trey Pipkins,LAC,T,"$714,269"
1169,nfl,2019,1170,Jeremy Sprinkle,WAS,TE,"$714,125"
1170,nfl,2019,1171,Jayon Brown,TEN,LB/ILB,"$712,888"
1171,nfl,2019,1172,Chuma Edoga,NYJ,T,"$711,750"
1172,nfl,2019,1173,Anthony Walker Jr.,IND,LB/ILB,"$711,353"
1173,nfl,2019,1174,Matt Milano,BUF,LB/OLB,"$710,376"
1174,nfl,2019,1175,Jordan Willis,NYJ,DL/DE,"$710,352"
1175,nfl,2019,1176,Jamal Agnew,DET,CB,"$709,591"
1176,nfl,2019,1177,Miles Boykin,BAL,WR,"$709,232"
1177,nfl,2019,1178,Marquel Lee,OAK,LB/ILB,"$708,423"
1178,nfl,2019,1179,Jamel Dean,TB,CB,"$706,713"
1179,nfl,2019,1180,Oshane Ximines,NYG,ED/OLB,"$704,195"
1180,nfl,2019,1181,Mike Edwards,TB,S,"$700,545"
1181,nfl,2019,,Bobby Evans,LAR,T,"$700,545"
1182,nfl,2019,,Will Grier,CAR,QB,"$700,545"
1183,nfl,2019,,Dawson Knox,BUF,TE,"$700,545"
1184,nfl,2019,1185,Alexander Mattison,MIN,RB,"$700,543"
1185,nfl,2019,1186,Duke Dawson,DEN,CB,"$695,676"
1186,nfl,2019,1187,Aaron Jones,GB,RB,"$695,487"
1187,nfl,2019,1188,Davon Godchaux,MIA,DL/DT,"$695,484"
1188,nfl,2019,,Trent Taylor,SF,WR,"$695,484"
1189,nfl,2019,1190,Ryan Finley,CIN,QB,"$692,414"
1190,nfl,2019,1191,Chauncey Gardner-Johnson,NO,S,"$691,025"
1191,nfl,2019,1192,Maxx Crosby,OAK,ED/DE,"$690,566"
1192,nfl,2019,1193,Anthony Nelson,TB,LB/OLB,"$688,760"
1193,nfl,2019,1194,Chuck Clark,BAL,S,"$688,701"
1194,nfl,2019,1195,Jalen Hurd,SF,WR,"$688,653"
1195,nfl,2019,1196,Julian Love,NYG,CB,"$687,715"
1196,nfl,2019,1197,Tarell Basham,NYJ,ED/OLB,"$687,500"
1197,nfl,2019,1198,Khari Willis,IND,S,"$686,776"
1198,nfl,2019,1199,Tanzel Smart,LAR,DL/DT,"$686,195"
1199,nfl,2019,1200,Mitch Wishnowsky,SF,P,"$686,018"
1200,nfl,2019,1201,Sam Tevi,LAC,RT,"$685,447"
1201,nfl,2019,1202,Xavier Woods,DAL,FS,"$684,972"
1202,nfl,2019,1203,Kendall Sheffield,ATL,CB,"$684,922"
1203,nfl,2019,1204,Jordan Evans,CIN,LB/OLB,"$684,126"
1204,nfl,2019,1205,Chase Edmonds,ARI,RB,"$683,089"
1205,nfl,2019,,Marquis Haynes,CAR,LB/OLB,"$683,089"
1206,nfl,2019,,Dalton Schultz,DAL,TE,"$683,089"
1207,nfl,2019,1208,D.J. Jones,SF,DL/DT,"$681,963"
1208,nfl,2019,1209,Chase Roullier,WAS,C,"$681,792"
1209,nfl,2019,1210,Justice Hill,BAL,RB,"$680,414"
1210,nfl,2019,1211,Quincy Williams,JAX,LB,"$679,898"
1211,nfl,2019,1212,Dru Samia,MIN,G,"$679,279"
1212,nfl,2019,1213,Christian Miller,CAR,ED/DE,"$679,254"
1213,nfl,2019,1214,Amani Hooker,TEN,S,"$678,370"
1214,nfl,2019,1215,Andrew Adams,TB,S,"$677,647"
1215,nfl,2019,,Brett Jones,MIN,C,"$677,647"
1216,nfl,2019,1217,Kalen Ballage,MIA,RB,"$675,648"
1217,nfl,2019,1218,Sheldrick Redwine,CLE,S,"$675,102"
1218,nfl,2019,1219,Trevon Wesco,NYJ,FB,"$671,643"
1219,nfl,2019,1220,Benny Snell Jr.,PIT,RB,"$670,517"
1220,nfl,2019,1221,Ben Powers,BAL,G,"$669,383"
1221,nfl,2019,1222,Josh Harvey-Clemons,WAS,LB/ILB,"$666,076"
1222,nfl,2019,1223,Riley Ridley,CHI,WR,"$665,649"
1223,nfl,2019,1224,Noah Brown,DAL,WR,"$662,984"
1224,nfl,2019,1225,Chris Banjo,ARI,SS,"$662,941"
1225,nfl,2019,1226,Tony Pollard,DAL,RB,"$661,945"
1226,nfl,2019,1227,Christopher Carson,SEA,RB,"$661,282"
1227,nfl,2019,1228,Drue Tranquill,LAC,LB/OLB,"$659,702"
1228,nfl,2019,1229,Wes Martin,WAS,G,"$657,702"
1229,nfl,2019,1230,Ugo Amadi,SEA,CB,"$656,299"
1230,nfl,2019,1231,Cornelius Lucas,CHI,LT,"$655,000"
1231,nfl,2019,1232,Jarrett Stidham,NE,QB,"$654,028"
1232,nfl,2019,1233,Blake Jarwin,DAL,TE,"$653,868"
1233,nfl,2019,1234,Antony Auclair,TB,TE,"$651,668"
1234,nfl,2019,1235,Greg Gaines,LAR,DL/DT,"$651,653"
1235,nfl,2019,1236,R.J. McIntosh,NYG,DL/DE,"$650,368"
1236,nfl,2019,1237,Maurice Hurst,OAK,DL/DT,"$649,761"
1237,nfl,2019,1238,Nathan Shepherd,NYJ,DL/DE,"$649,615"
1238,nfl,2019,1239,Shaquem Griffin,SEA,LB/OLB,"$649,404"
1239,nfl,2019,1240,Dylan Cole,HOU,LB/ILB,"$649,000"
1240,nfl,2019,,Sean Culkin,LAC,TE,"$649,000"
1241,nfl,2019,1242,Chase Allen,MIA,LB/OLB,"$648,334"
1242,nfl,2019,,Corey Clement,PHI,RB,"$648,334"
1243,nfl,2019,,Eric Wilson,MIN,LB/OLB,"$648,334"
1244,nfl,2019,1245,D.J. Reed,SF,CB,"$647,842"
1245,nfl,2019,1246,Nicholas Morrow,OAK,LB/OLB,"$647,500"
1246,nfl,2019,1247,Kendrick Bourne,SF,WR,"$646,668"
1247,nfl,2019,,Matt Breida,SF,RB,"$646,668"
1248,nfl,2019,,Adam Butler,NE,DL/DT,"$646,668"
1249,nfl,2019,,Austin Ekeler,LAC,RB,"$646,668"
1250,nfl,2019,,Cooper Rush,DAL,QB,"$646,668"
1251,nfl,2019,1252,Keelan Cole,JAX,WR,"$646,334"
1252,nfl,2019,,Matt Haack,MIA,P,"$646,334"
1253,nfl,2019,1254,Ja'whaun Bentley,NE,LB/ILB,"$645,988"
1254,nfl,2019,1255,Justin Watson,TB,WR,"$645,434"
1255,nfl,2019,1256,Renell Wren,CIN,DL/DT,"$645,006"
1256,nfl,2019,1257,Brandon Allen,DEN,QB,"$645,000"
1257,nfl,2019,,Alex Armah,CAR,FB,"$645,000"
1258,nfl,2019,,Zach Banner,PIT,T,"$645,000"
1259,nfl,2019,,Vince Biegel,MIA,LB/OLB,"$645,000"
1260,nfl,2019,,Ibraheim Campbell,GB,SS,"$645,000"
1261,nfl,2019,,Kurt Coleman,BUF,FS,"$645,000"
1262,nfl,2019,,Britton Colquitt,MIN,P,"$645,000"
1263,nfl,2019,,Rashaad Coward,CHI,RT,"$645,000"
1264,nfl,2019,,Jordan Dangerfield,PIT,FS,"$645,000"
1265,nfl,2019,,Julie'n Davenport,MIA,LT,"$645,000"
1266,nfl,2019,,Jake Elliott,PHI,K,"$645,000"
1267,nfl,2019,,Jermaine Eluemunor,NE,G,"$645,000"
1268,nfl,2019,,Matt Feiler,PIT,RT,"$645,000"
1269,nfl,2019,,Johnathan Ford,PHI,S,"$645,000"
1270,nfl,2019,,Morgan Fox,LAR,DL/DE,"$645,000"
1271,nfl,2019,,Ben Garland,SF,C,"$645,000"
1272,nfl,2019,,Nate Gerry,PHI,LB/OLB,"$645,000"
1273,nfl,2019,,Zane Gonzalez,ARI,K,"$645,000"
1274,nfl,2019,,Nate Hairston,NYJ,CB,"$645,000"
1275,nfl,2019,,Jon Halapio,NYG,C,"$645,000"
1276,nfl,2019,,Daeshon Hall,PHI,ED/DE,"$645,000"
1277,nfl,2019,,C.J. Ham,MIN,FB,"$645,000"
1278,nfl,2019,,Justin Hardee,NO,CB,"$645,000"
1279,nfl,2019,,Treyvon Hester,WAS,DL/DE,"$645,000"
1280,nfl,2019,,Brian Hill,ATL,RB,"$645,000"
1281,nfl,2019,,Taysom Hill,NO,QB,"$645,000"
1282,nfl,2019,,Mike Hilton,PIT,CB,"$645,000"
1283,nfl,2019,,Johnny Holton,PIT,WR,"$645,000"
1284,nfl,2019,,Isaiah Irving,CHI,ED/OLB,"$645,000"
1285,nfl,2019,,Danny Isidora,MIA,G,"$645,000"
1286,nfl,2019,,John Jenkins,MIA,DL/DT,"$645,000"
1287,nfl,2019,,John Jerry,CIN,G,"$645,000"
1288,nfl,2019,,Joe Jones,DEN,ED/OLB,"$645,000"
1289,nfl,2019,,Deon Lacey,MIA,LB/OLB,"$645,000"
1290,nfl,2019,,Michael Liedtke,TB,G,"$645,000"
1291,nfl,2019,,T.J. Logan,TB,RB,"$645,000"
1292,nfl,2019,,Dean Marlowe,BUF,SS,"$645,000"
1293,nfl,2019,,Albert McClellan,NYJ,LB/ILB,"$645,000"
1294,nfl,2019,,Justin McCray,CLE,G,"$645,000"
1295,nfl,2019,,Isaiah McKenzie,BUF,WR,"$645,000"
1296,nfl,2019,,Tony McRae,CIN,CB,"$645,000"
1297,nfl,2019,,David Moore,SEA,WR,"$645,000"
1298,nfl,2019,,Matt Moore,KC,QB,"$645,000"
1299,nfl,2019,,Al-Quadin Muhammad,IND,ED/DE,"$645,000"
1300,nfl,2019,,Jojo Natson,LAR,WR,"$645,000"
1301,nfl,2019,,Patrick Omameh,NO,RT,"$645,000"
1302,nfl,2019,,Lucas Patrick,GB,G,"$645,000"
1303,nfl,2019,,Elijhaa Penny,NYG,FB,"$645,000"
1304,nfl,2019,,Kevin Pierre-Louis,CHI,ED/OLB,"$645,000"
1305,nfl,2019,,Troymaine Pope,LAC,RB,"$645,000"
1306,nfl,2019,,Mike Purcell,DEN,DL/DE,"$645,000"
1307,nfl,2019,,Roy Robertson-Harris,CHI,DL/DT,"$645,000"
1308,nfl,2019,,Isaac Rochell,LAC,ED/DE,"$645,000"
1309,nfl,2019,,Aldrick Rosas,NYG,K,"$645,000"
1310,nfl,2019,,Daniel Ross,DAL,DL/DT,"$645,000"
1311,nfl,2019,,Ricky Seals-Jones,CLE,TE,"$645,000"
1312,nfl,2019,,David Sharpe,OAK,T,"$645,000"
1313,nfl,2019,,Matt Skura,BAL,C,"$645,000"
1314,nfl,2019,,Devin Smith,DAL,WR,"$645,000"
1315,nfl,2019,,Geno Smith,SEA,QB,"$645,000"
1316,nfl,2019,,Ryan Switzer,PIT,WR,"$645,000"
1317,nfl,2019,,Dymonte Thomas,DEN,S,"$645,000"
1318,nfl,2019,,Levine Toilolo,SF,TE,"$645,000"
1319,nfl,2019,,Cameron Tom,NO,G,"$645,000"
1320,nfl,2019,,Josh Tupou,CIN,DL/DT,"$645,000"
1321,nfl,2019,,Joe Walker,ARI,LB/ILB,"$645,000"
1322,nfl,2019,,Charles Washington,ARI,S,"$645,000"
1323,nfl,2019,,J'Marcus Webb,MIA,RT,"$645,000"
1324,nfl,2019,,Elijah Wilkinson,DEN,RT,"$645,000"
1325,nfl,2019,,Brandon Wilson,CIN,S,"$645,000"
1326,nfl,2019,,Zach Wood,NO,LS,"$645,000"
1327,nfl,2019,1328,Bilal Nichols,CHI,DL/DE,"$644,870"
1328,nfl,2019,1329,Tre Flowers,SEA,CB,"$644,682"
1329,nfl,2019,1330,Michael Dickson,SEA,P,"$642,537"
1330,nfl,2019,1331,Bryce Love,WAS,RB,"$642,288"
1331,nfl,2019,1332,Dane Cruikshank,TEN,S,"$641,973"
1332,nfl,2019,1333,Tyrell Crosby,DET,LT,"$641,920"
1333,nfl,2019,1334,Siran Neal,BUF,S,"$641,504"
1334,nfl,2019,1335,Scott Quessenberry,LAC,C,"$641,063"
1335,nfl,2019,1336,Tyler Conklin,MIN,TE,"$640,257"
1336,nfl,2019,1337,Jaleel Scott,BAL,WR,"$640,095"
1337,nfl,2019,1338,Ogbonnia Okoronkwo,LAR,ED/OLB,"$638,634"
1338,nfl,2019,1339,Jermaine Carter,CAR,LB/ILB,"$638,343"
1339,nfl,2019,1340,Tim Settle,WAS,DL/DT,"$637,010"
1340,nfl,2019,1341,Juston Burris,CLE,CB,"$635,294"
1341,nfl,2019,1342,Jaylen Samuels,PIT,RB,"$634,516"
1342,nfl,2019,1343,Martinas Rankin,KC,G,"$634,000"
1343,nfl,2019,1344,Garrett Gilbert,CLE,QB,"$632,500"
1344,nfl,2019,,Ifeadi Odenigbo,MIN,ED/DE,"$632,500"
1345,nfl,2019,1346,Jordan Wilkins,IND,RB,"$630,310"
1346,nfl,2019,1347,Jace Sternberger,GB,TE,"$629,632"
1347,nfl,2019,1348,JK Scott,GB,P,"$624,388"
1348,nfl,2019,,Marquez Valdes-Scantling,GB,WR,"$624,388"
1349,nfl,2019,1350,Damion Ratley,CLE,WR,"$618,466"
1350,nfl,2019,1351,John Cominsky,ATL,ED/DE,"$617,098"
1351,nfl,2019,,Michael Jordan,CIN,G,"$617,098"
1352,nfl,2019,1353,Shareef Miller,PHI,ED/DE,"$616,632"
1353,nfl,2019,1354,Jeremiah Attaochu,DEN,ED/OLB,"$615,588"
1354,nfl,2019,,L.J. Fort,BAL,LB/ILB,"$615,588"
1355,nfl,2019,,Zach Kerr,ARI,DL/DT,"$615,588"
1356,nfl,2019,1357,Foley Fatukasi,NYJ,DL/DT,"$613,563"
1357,nfl,2019,1358,Deshon Elliott,BAL,S,"$609,448"
1358,nfl,2019,1359,Russell Gage,ATL,WR,"$609,048"
1359,nfl,2019,1360,Sebastian Joseph,LAR,DL/DT,"$608,809"
1360,nfl,2019,1361,Shaun-Dion Hamilton,WAS,LB/ILB,"$608,252"
1361,nfl,2019,1362,Marshall Newhouse,NE,RT,"$607,059"
1362,nfl,2019,,Josh Wells,TB,RT,"$607,059"
1363,nfl,2019,1364,Joshua Dobbs,JAX,QB,"$607,058"
1364,nfl,2019,,Tye Smith,TEN,CB,"$607,058"
1365,nfl,2019,1366,LaRoy Reynolds,CIN,LB/ILB,"$607,056"
1366,nfl,2019,1367,Foyesade Oluokun,ATL,LB,"$606,657"
1367,nfl,2019,1368,Nick Vannett,PIT,TE,"$606,117"
1368,nfl,2019,1369,Phil Haynes,SEA,G,"$605,776"
1369,nfl,2019,1370,Matt Pryor,PHI,T,"$603,195"
1370,nfl,2019,1371,Austin Bryant,DET,ED/DE,"$602,449"
1371,nfl,2019,1372,Kahale Warring,HOU,TE,"$601,051"
1372,nfl,2019,1373,Bradley Bozeman,BAL,G,"$599,602"
1373,nfl,2019,,Peter Kalambayi,HOU,ED/OLB,"$599,602"
1374,nfl,2019,1375,Isaiah Johnson,OAK,CB,"$598,629"
1375,nfl,2019,1376,Connor McGovern,DAL,C,"$598,527"
1376,nfl,2019,1377,Jared Veldheer,GB,RT,"$597,426"
1377,nfl,2019,1378,Bradley Sowell,CHI,TE,"$597,058"
1378,nfl,2019,1379,Kareem Hunt,CLE,RB,"$596,471"
1379,nfl,2019,1380,Foster Moreau,OAK,TE,"$596,451"
1380,nfl,2019,1381,Matthew Adams,IND,LB/OLB,"$595,395"
1381,nfl,2019,1382,Jullian Taylor,SF,DL/DT,"$594,510"
1382,nfl,2019,1383,Iman Marshall,BAL,CB,"$594,472"
1383,nfl,2019,1384,Javon Wims,CHI,WR,"$593,978"
1384,nfl,2019,1385,Tyrell Adams,HOU,ED/OLB,"$592,941"
1385,nfl,2019,,Laquon Treadwell,MIN,WR,"$592,941"
1386,nfl,2019,1387,Jason Sanders,MIA,K,"$592,800"
1387,nfl,2019,1388,Leon Jacobs,JAX,LB/OLB,"$592,670"
1388,nfl,2019,1389,Andre Smith,CAR,LB/ILB,"$592,264"
1389,nfl,2019,1390,Zaire Franklin,IND,LB/OLB,"$591,764"
1390,nfl,2019,1391,Hunter Bradley,GB,LS,"$589,335"
1391,nfl,2019,1392,Richie James,SF,WR,"$589,142"
1392,nfl,2019,1393,Will Clapp,NO,C,"$588,285"
1393,nfl,2019,1394,Logan Cooke,JAX,P,"$587,905"
1394,nfl,2019,1395,Trey Quinn,WAS,WR,"$587,267"
1395,nfl,2019,1396,Alex Tanney,NYG,QB,"$584,559"
1396,nfl,2019,1397,Chris Herndon,NYJ,TE,"$582,441"
1397,nfl,2019,1398,Deionte Thompson,ARI,S,"$582,208"
1398,nfl,2019,1399,Ryquell Armstead,JAX,RB,"$581,439"
1399,nfl,2019,1400,Zach Gentry,PIT,TE,"$581,115"
1400,nfl,2019,1401,Jalen Thompson,ARI,S,"$580,730"
1401,nfl,2019,1402,Ben Burr-Kirven,SEA,LB,"$580,403"
1402,nfl,2019,1403,Hakeem Butler,ARI,WR,"$579,126"
1403,nfl,2019,1404,Cameron Johnston,PHI,P,"$577,500"
1404,nfl,2019,1405,Marvell Tell,IND,CB,"$577,040"
1405,nfl,2019,1406,Matt Gay,TB,K,"$576,443"
1406,nfl,2019,1407,Amani Oruwariye,DET,CB,"$575,526"
1407,nfl,2019,1408,Dre Greenlaw,SF,LB/OLB,"$575,429"
1408,nfl,2019,1409,Najee Goode,JAX,LB/OLB,"$575,294"
1409,nfl,2019,1410,Olasunkanmi Adeniyi,PIT,LB,"$575,000"
1410,nfl,2019,,Phillip Lindsay,DEN,RB,"$575,000"
1411,nfl,2019,,Kevin Toliver,CHI,CB,"$575,000"
1412,nfl,2019,1413,George Odum,IND,S,"$574,333"
1413,nfl,2019,1414,Hunter Renfrow,OAK,WR,"$573,987"
1414,nfl,2019,1415,Cethan Carter,CIN,TE,"$573,334"
1415,nfl,2019,1416,Brandon Facyson,LAC,CB,"$573,333"
1416,nfl,2019,,J.C. Jackson,NE,CB,"$573,333"
1417,nfl,2019,,Trent Sherfield,ARI,WR,"$573,333"
1418,nfl,2019,1419,Kingsley Keke,GB,DL/DT,"$573,316"
1419,nfl,2019,1420,Qadree Ollison,ATL,RB,"$572,891"
1420,nfl,2019,1421,Ross Pierschbacher,WAS,G,"$572,706"
1421,nfl,2019,1422,Poona Ford,SEA,DL/DT,"$572,666"
1422,nfl,2019,1423,Mike Boone,MIN,RB,"$572,500"
1423,nfl,2019,,Matt Gono,ATL,T,"$572,500"
1424,nfl,2019,1425,Mack Wilson,CLE,LB,"$572,201"
1425,nfl,2019,1426,Tim Boyle,GB,QB,"$572,000"
1426,nfl,2019,,Dennis Gardeck,ARI,ED/OLB,"$572,000"
1427,nfl,2019,,Ben Niemann,KC,LB,"$572,000"
1428,nfl,2019,1429,Tre Herndon,JAX,CB,"$571,666"
1429,nfl,2019,1430,Justin Hollins,DEN,DL/DE,"$571,433"
1430,nfl,2019,1431,Chris Board,BAL,LB/ILB,"$571,333"
1431,nfl,2019,1432,Alex Light,GB,T,"$571,000"
1432,nfl,2019,,Ezekiel Turner,ARI,LB/ILB,"$571,000"
1433,nfl,2019,1434,Byron Cowart,NE,DL/DT,"$570,149"
1434,nfl,2019,1435,Mo Alie-Cox,IND,TE,"$570,000"
1435,nfl,2019,,Michael Badgley,LAC,K,"$570,000"
1436,nfl,2019,,Ike Boettger,BUF,G,"$570,000"
1437,nfl,2019,,Corey Bojorquez,BUF,P,"$570,000"
1438,nfl,2019,,Pharaoh Brown,CLE,TE,"$570,000"
1439,nfl,2019,,Austin Calitro,JAX,LB/ILB,"$570,000"
1440,nfl,2019,,Daniel Carlson,OAK,K,"$570,000"
1441,nfl,2019,,Deandre Carter,HOU,WR,"$570,000"
1442,nfl,2019,,Keion Crossen,HOU,CB,"$570,000"
1443,nfl,2019,,Korey Cunningham,NE,T,"$570,000"
1444,nfl,2019,,Jamil Demby,LAR,G,"$570,000"
1445,nfl,2019,,Jamil Douglas,TEN,G,"$570,000"
1446,nfl,2019,,Ross Dwelley,SF,TE,"$570,000"
1447,nfl,2019,,Gus Edwards,BAL,RB,"$570,000"
1448,nfl,2019,,Emmanuel Ellerbee,SEA,LB,"$570,000"
1449,nfl,2019,,Anthony Firkser,TEN,FB,"$570,000"
1450,nfl,2019,,Michael Ford,DET,CB,"$570,000"
1451,nfl,2019,,Robert Foster,BUF,WR,"$570,000"
1452,nfl,2019,,John Franklin-Myers,NYJ,DL/DE,"$570,000"
1453,nfl,2019,,Reggie Gilbert,TEN,DL/DT,"$570,000"
1454,nfl,2019,,J.T. Gray,NO,SS,"$570,000"
1455,nfl,2019,,Grant Haley,NYG,CB,"$570,000"
1456,nfl,2019,,Davontae Harris,DEN,CB,"$570,000"
1457,nfl,2019,,Dontrell Hilliard,CLE,RB,"$570,000"
1458,nfl,2019,,Khadarel Hodge,CLE,WR,"$570,000"
1459,nfl,2019,,Buddy Howell,HOU,RB,"$570,000"
1460,nfl,2019,,Tanner Hudson,TB,TE,"$570,000"
1461,nfl,2019,,Justin Jackson,LAC,RB,"$570,000"
1462,nfl,2019,,A.J. Johnson,DEN,LB/ILB,"$570,000"
1463,nfl,2019,,Roderick Johnson,HOU,T,"$570,000"
1464,nfl,2019,,Marcus Kemp,KC,WR,"$570,000"
1465,nfl,2019,,Jake Kumerow,GB,WR,"$570,000"
1466,nfl,2019,,Tyler Lancaster,GB,DL/DE,"$570,000"
1467,nfl,2019,,Harvey Langi,NYJ,LB/ILB,"$570,000"
1468,nfl,2019,,Trey Marshall,DEN,S,"$570,000"
1469,nfl,2019,,Jake Martin,HOU,ED/OLB,"$570,000"
1470,nfl,2019,,A.J. Moore,HOU,S,"$570,000"
1471,nfl,2019,,Avery Moss,MIA,ED/DE,"$570,000"
1472,nfl,2019,,Nick Mullens,SF,QB,"$570,000"
1473,nfl,2019,,Johnny Mundt,LAR,TE,"$570,000"
1474,nfl,2019,,Justin Murray,ARI,T,"$570,000"
1475,nfl,2019,,Efe Obada,CAR,ED/DE,"$570,000"
1476,nfl,2019,,Zach Pascal,IND,WR,"$570,000"
1477,nfl,2019,,Tim Patrick,DEN,WR,"$570,000"
1478,nfl,2019,,Taybor Pepper,MIA,LS,"$570,000"
1479,nfl,2019,,Kevin Peterson,ARI,CB,"$570,000"
1480,nfl,2019,,Will Redmond,GB,FS,"$570,000"
1481,nfl,2019,,Trenton Scott,LAC,LT,"$570,000"
1482,nfl,2019,,Trent Sieg,OAK,LS,"$570,000"
1483,nfl,2019,,Jordan Simmons,SEA,T,"$570,000"
1484,nfl,2019,,Chad Slade,NYG,RT,"$570,000"
1485,nfl,2019,,Eric Smith,NYG,G,"$570,000"
1486,nfl,2019,,Chandon Sullivan,GB,CB,"$570,000"
1487,nfl,2019,,Wyatt Teller,CLE,G,"$570,000"
1488,nfl,2019,,Tavierre Thomas,CLE,CB,"$570,000"
1489,nfl,2019,,Corey Thompson,BUF,LB,"$570,000"
1490,nfl,2019,,Robert Tonyan Jr.,GB,TE,"$570,000"
1491,nfl,2019,,Malik Turner,SEA,WR,"$570,000"
1492,nfl,2019,,Dee Virgin,DET,CB,"$570,000"
1493,nfl,2019,,Colby Wadman,DEN,P,"$570,000"
1494,nfl,2019,,Levi Wallace,BUF,CB,"$570,000"
1495,nfl,2019,,Charvarius Ward,KC,CB,"$570,000"
1496,nfl,2019,,Darious Williams,LAR,CB,"$570,000"
1497,nfl,2019,,Antwaun Woods,DAL,DL/DT,"$570,000"
1498,nfl,2019,,Andrew Wylie,KC,T,"$570,000"
1499,nfl,2019,,Deon Yelder,KC,TE,"$570,000"
1500,nfl,2019,,Brandon Zylstra,CAR,WR,"$570,000"
1501,nfl,2019,1502,Michael Davis,LAC,CB,"$569,118"
1502,nfl,2019,,Lance Kendricks,LAC,TE,"$569,118"
1503,nfl,2019,1504,Charles Omenihu,HOU,DL/DE,"$568,820"
1504,nfl,2019,1505,E.J. Speed,IND,LB,"$567,349"
1505,nfl,2019,1506,Jake Bailey,NE,P,"$567,245"
1506,nfl,2019,1507,Joe Jackson,DAL,ED/DE,"$566,422"
1507,nfl,2019,1508,Troy Fumagalli,DEN,TE,"$565,450"
1508,nfl,2019,1509,Easton Stick,LAC,QB,"$564,391"
1509,nfl,2019,1510,Austin Carr,NO,WR,"$561,353"
1510,nfl,2019,1511,David Edwards,LAR,T,"$561,130"
1511,nfl,2019,1512,Austin Seibert,CLE,K,"$560,114"
1512,nfl,2019,1513,Hjalte Froholdt,NE,G,"$558,153"
1513,nfl,2019,1514,Jamarco Jones,SEA,LT,"$556,250"
1514,nfl,2019,1515,Duke Riley,PHI,LB,"$555,558"
1515,nfl,2019,1516,Cole Holcomb,WAS,LB,"$553,721"
1516,nfl,2019,1517,Jordan Miller,ATL,CB,"$553,497"
1517,nfl,2019,,Darius Slayton,NYG,WR,"$553,497"
1518,nfl,2019,1519,Mike Adams,HOU,FS,"$553,235"
1519,nfl,2019,1520,Pharoh Cooper,ARI,WR,"$550,588"
1520,nfl,2019,1521,Yodny Cajuste,NE,T,"$547,604"
1521,nfl,2019,1522,Bryce Hager,LAR,LB/ILB,"$547,412"
1522,nfl,2019,,Adam Redmond,DAL,C,"$547,412"
1523,nfl,2019,1524,Keesean Johnson,ARI,WR,"$547,328"
1524,nfl,2019,1525,Johnson Bademosi,NO,CB,"$547,058"
1525,nfl,2019,,Justin Bethel,NE,CB,"$547,058"
1526,nfl,2019,,Akeem Spence,JAX,DL/DT,"$547,058"
1527,nfl,2019,1528,Brandon Thomas,JAX,G,"$546,050"
1528,nfl,2019,1529,Saquan Hampton,NO,S,"$543,802"
1529,nfl,2019,1530,Gardner Minshew,JAX,QB,"$542,721"
1530,nfl,2019,1531,Lamont Gaillard,ARI,G,"$542,034"
1531,nfl,2019,1532,Corey Ballentine,NYG,CB,"$541,302"
1532,nfl,2019,1533,Jaquan Johnson,BUF,S,"$541,085"
1533,nfl,2019,1534,Trayveon Williams,CIN,RB,"$540,496"
1534,nfl,2019,1535,Justin Skule,SF,LT,"$539,714"
1535,nfl,2019,1536,Auden Tate,CIN,WR,"$538,758"
1536,nfl,2019,1537,Ka'dar Hollman,GB,CB,"$538,737"
1537,nfl,2019,1538,Ty Johnson,DET,RB,"$537,976"
1538,nfl,2019,1539,Jordan Scarlett,CAR,RB,"$537,945"
1539,nfl,2019,1540,David Long,TEN,LB,"$537,429"
1540,nfl,2019,1541,Isaiah Buggs,PIT,DL/DE,"$537,158"
1541,nfl,2019,1542,Armon Watts,MIN,DL/DT,"$537,113"
1542,nfl,2019,1543,Olisaemeka Udoh,MIN,RT,"$536,741"
1543,nfl,2019,1544,Dexter Williams,GB,RB,"$536,514"
1544,nfl,2019,1545,Jeff Wilson,SF,RB,"$536,464"
1545,nfl,2019,1546,Trace McSorley,BAL,QB,"$535,172"
1546,nfl,2019,1547,Cole Madison,GB,C,"$534,789"
1547,nfl,2019,1548,Emeke Egbule,LAC,LB/OLB,"$534,091"
1548,nfl,2019,1549,Darrel Williams,KC,RB,"$533,353"
1549,nfl,2019,1550,Rashad Fenton,KC,CB,"$533,205"
1550,nfl,2019,1551,Austin Corbett,LAR,C,"$531,717"
1551,nfl,2019,1552,Jerome Cunningham,WAS,TE,"$531,176"
1552,nfl,2019,,Torry McTyer,CIN,CB,"$531,176"
1553,nfl,2019,,Luke Willson,SEA,TE,"$531,176"
1554,nfl,2019,1555,Travis Homer,SEA,RB,"$530,704"
1555,nfl,2019,1556,Kentavius Street,SF,ED/DE,"$530,550"
1556,nfl,2019,1557,Kelvin Harmon,WAS,WR,"$526,960"
1557,nfl,2019,,Scotty Miller,TB,WR,"$526,960"
1558,nfl,2019,,Duke Shelley,CHI,S,"$526,960"
1559,nfl,2019,,Darwin Thompson,KC,RB,"$526,960"
1560,nfl,2019,1561,Donovan Wilson,DAL,S,"$526,839"
1561,nfl,2019,1562,Dennis Daley,CAR,T,"$526,838"
1562,nfl,2019,1563,Nick Allegretti,KC,C,"$522,988"
1563,nfl,2019,1564,Kris Boyd,MIN,CB,"$522,314"
1564,nfl,2019,1565,Daylon Mack,BAL,DL/DT,"$521,643"
1565,nfl,2019,1566,Ryan Grant,GB,WR,"$520,882"
1566,nfl,2019,1567,Cullen Gillaspia,HOU,FB,"$520,790"
1567,nfl,2019,1568,Corey Nelson,DEN,LB/ILB,"$519,529"
1568,nfl,2019,1569,D.J. Foster,ARI,RB,"$519,528"
1569,nfl,2019,1570,Darryl Johnson,BUF,ED/DE,"$519,522"
1570,nfl,2019,1571,Ty Summers,GB,LB,"$519,476"
1571,nfl,2019,1572,Jimmy Moreland,WAS,CB,"$519,473"
1572,nfl,2019,1573,Tommy Sweeney,BUF,TE,"$519,046"
1573,nfl,2019,1574,Chandler Cox,MIA,FB,"$517,641"
1574,nfl,2019,1575,Juwann Winfree,DEN,WR,"$517,129"
1575,nfl,2019,1576,Myles Gaskin,MIA,RB,"$516,694"
1576,nfl,2019,1577,Dontavius Russell,JAX,DL/DT,"$515,796"
1577,nfl,2019,1578,John Ursua,SEA,WR,"$515,590"
1578,nfl,2019,1579,Ty Long,LAC,P,"$515,000"
1579,nfl,2019,1580,Cortez Broughton,LAC,DL/DT,"$514,505"
1580,nfl,2019,1581,Nick Scott,LAR,S,"$514,332"
1581,nfl,2019,1582,Austin Cutting,MIN,LS,"$513,644"
1582,nfl,2019,,Michael Dogbe,ARI,DL/DE,"$513,644"
1583,nfl,2019,,Joshua Miles,ARI,T,"$513,644"
1584,nfl,2019,1585,Olabisi Johnson,MIN,WR,"$513,572"
1585,nfl,2019,1586,Jeff Driskel,DET,QB,"$513,353"
1586,nfl,2019,1587,Jack Cichy,TB,LB/ILB,"$512,634"
1587,nfl,2019,1588,Ryan Izzo,NE,TE,"$512,267"
1588,nfl,2019,1589,Trenton Cannon,NYJ,RB,"$511,096"
1589,nfl,2019,1590,Danny Johnson,WAS,CB,"$510,862"
1590,nfl,2019,1591,Josh Woods,CHI,LB,"$510,100"
1591,nfl,2019,1592,Blake Cashman,NYJ,LB/ILB,"$509,122"
1592,nfl,2019,1593,Ben Koyack,JAX,TE,"$508,235"
1593,nfl,2019,,Senorise Perry,BUF,RB,"$508,235"
1594,nfl,2019,,Jihad Ward,BAL,DL/DT,"$508,235"
1595,nfl,2019,1596,Billy Winn,DEN,DL/DE,"$508,000"
1596,nfl,2019,1597,D.J. Alexander,JAX,LB/ILB,"$505,587"
1597,nfl,2019,1598,Greg Senat,KC,T,"$502,935"
1598,nfl,2019,1599,Azeez Al-Shaair,SF,LB/ILB,"$500,000"
1599,nfl,2019,,Carl Granderson,NO,ED/DE,"$500,000"
1600,nfl,2019,,Keisean Nixon,OAK,CB,"$500,000"
1601,nfl,2019,,Malik Reed,DEN,ED/OLB,"$500,000"
1602,nfl,2019,,Steven Sims Jr.,WAS,WR,"$500,000"
1603,nfl,2019,1604,T.J. Edwards,PHI,LB,"$499,166"
1604,nfl,2019,,Nate Herbig,PHI,G,"$499,166"
1605,nfl,2019,,Isaiah Mack,TEN,DL/DT,"$499,166"
1606,nfl,2019,1607,Troy Reeder,LAR,LB,"$499,000"
1607,nfl,2019,1608,Beau Benzschawel,DET,G,"$498,333"
1608,nfl,2019,,Deion Calhoun,MIA,G,"$498,333"
1609,nfl,2019,,Jamie Gillan,CLE,P,"$498,333"
1610,nfl,2019,,Deonte Harty,NO,WR,"$498,333"
1611,nfl,2019,,Alec Ingold,OAK,FB,"$498,333"
1612,nfl,2019,,Andre James,OAK,C,"$498,333"
1613,nfl,2019,,Jordan Kunaszyk,CAR,LB/ILB,"$498,333"
1614,nfl,2019,,Jakobi Meyers,NE,WR,"$498,333"
1615,nfl,2019,1616,Mike Hull,MIA,LB/ILB,"$498,000"
1616,nfl,2019,,Patrick Laird,MIA,RB,"$498,000"
1617,nfl,2019,1618,Patrick Mekari,BAL,C,"$497,666"
1618,nfl,2019,1619,Ethan Greenidge,NO,T,"$497,500"
1619,nfl,2019,1620,C.J. Moore,DET,S,"$497,333"
1620,nfl,2019,1621,Andrew Van Ginkel,MIA,LB,"$496,985"
1621,nfl,2019,1622,Jacob Dolegala,CIN,QB,"$496,666"
1622,nfl,2019,,Nick Gates,NYG,G,"$496,666"
1623,nfl,2019,,Luke Gifford,DAL,LB/ILB,"$496,666"
1624,nfl,2019,,Brandon Knight,DAL,G,"$496,666"
1625,nfl,2019,,Natrez Patrick,LAR,LB,"$496,666"
1626,nfl,2019,,Kyle Phillips,NYJ,DL/DE,"$496,666"
1627,nfl,2019,,Shy Tuttle,NO,DL/DT,"$496,666"
1628,nfl,2019,,Andrew Wingard,JAX,S,"$496,666"
1629,nfl,2019,,Olamide Zaccheaus,ATL,WR,"$496,666"
1630,nfl,2019,1631,Hercules Mata'afa,MIN,LB,"$496,333"
1631,nfl,2019,1632,A.J. Cole,OAK,P,"$495,833"
1632,nfl,2019,,Tim Ward,KC,ED/DE,"$495,833"
1633,nfl,2019,1634,Roderic Teamer,LAC,S,"$495,666"
1634,nfl,2019,1635,Marvin Hall,DET,WR,"$495,055"
1635,nfl,2019,1636,Kyle Allen,CAR,QB,"$495,000"
1636,nfl,2019,,Ryan Bates,BUF,G,"$495,000"
1637,nfl,2019,,Andrew Beck,DEN,TE,"$495,000"
1638,nfl,2019,,Braxton Berrios,NYJ,WR,"$495,000"
1639,nfl,2019,,David Blough,DET,QB,"$495,000"
1640,nfl,2019,,Reggie Bonnafon,CAR,RB,"$495,000"
1641,nfl,2019,,Andrew Brown,CIN,ED/DE,"$495,000"
1642,nfl,2019,,Daniel Brunskill,SF,G,"$495,000"
1643,nfl,2019,,Sam Eguavoen,MIA,LB,"$495,000"
1644,nfl,2019,,Jaeden Graham,ATL,TE,"$495,000"
1645,nfl,2019,,Trent Harris,MIA,ED/DE,"$495,000"
1646,nfl,2019,,Travin Howard,LAR,ED/OLB,"$495,000"
1647,nfl,2019,,D’Ernest Johnson,CLE,RB,"$495,000"
1648,nfl,2019,,Allen Lazard,GB,WR,"$495,000"
1649,nfl,2019,,Dallin Leavitt,OAK,S,"$495,000"
1650,nfl,2019,,Cole Mazza,LAC,LS,"$495,000"
1651,nfl,2019,,Emmanuel Moseley,SF,CB,"$495,000"
1652,nfl,2019,,Dare Ogunbowale,TB,RB,"$495,000"
1653,nfl,2019,,Matthew Orzech,JAX,LS,"$495,000"
1654,nfl,2019,,Devine Ozigbo,JAX,RB,"$495,000"
1655,nfl,2019,,Steven Parker,MIA,S,"$495,000"
1656,nfl,2019,,Jamal Perry,MIA,CB,"$495,000"
1657,nfl,2019,,Eddy Pineiro,CHI,K,"$495,000"
1658,nfl,2019,,Austin Schlottmann,DEN,G,"$495,000"
1659,nfl,2019,,Coleman Shelton,LAR,C,"$495,000"
1660,nfl,2019,,Joey Slye,CAR,K,"$495,000"
1661,nfl,2019,,Diontae Spencer,DEN,WR,"$495,000"
1662,nfl,2019,,Brett Toth,ARI,RT,"$495,000"
1663,nfl,2019,,Zach Triner,TB,LS,"$495,000"
1664,nfl,2019,1665,Alex Redmond,CIN,G,"$493,236"
1665,nfl,2019,1666,Josh Bynes,BAL,LB/ILB,"$493,235"
1666,nfl,2019,,Darrell Daniels,ARI,TE,"$493,235"
1667,nfl,2019,,David Fales,NYJ,QB,"$493,235"
1668,nfl,2019,1669,Trevon Coley,IND,DL/DT,"$493,233"
1669,nfl,2019,,Conor McDermott,NYJ,T,"$493,233"
1670,nfl,2019,1671,Ryan Connelly,NYG,LB,"$489,253"
1671,nfl,2019,1672,Blake Countess,NYJ,S,"$488,529"
1672,nfl,2019,1673,DeVante Bausby,DEN,CB,"$487,705"
1673,nfl,2019,1674,Joshua Kalu,TEN,S,"$486,705"
1674,nfl,2019,1675,Demarcus Christmas,SEA,DL/DT,"$485,665"
1675,nfl,2019,1676,Jordan Thomas,HOU,TE,"$485,072"
1676,nfl,2019,1677,Dominique Rodgers-Cromartie,WAS,CB,"$480,882"
1677,nfl,2019,1678,Darius Phillips,CIN,CB,"$478,622"
1678,nfl,2019,1679,Nick Bawden,DET,FB,"$474,757"
1679,nfl,2019,1680,Ken Webster,MIA,CB,"$474,353"
1680,nfl,2019,1681,Stephone Anthony,NO,LB/ILB,"$473,529"
1681,nfl,2019,,Brent Urban,CHI,DL/DE,"$473,529"
1682,nfl,2019,1683,Ryan Shazier,PIT,LB/ILB,"$473,000"
1683,nfl,2019,1684,Ulysees Gilbert,PIT,LB,"$471,782"
1684,nfl,2019,1685,Jamal Carter,ATL,SS,"$469,411"
1685,nfl,2019,,Craig James,PHI,CB,"$469,411"
1686,nfl,2019,,Vyncint Smith,NYJ,WR,"$469,411"
1687,nfl,2019,1688,Pat O'Connor,TB,ED/DE,"$469,406"
1688,nfl,2019,1689,Drew Forbes,CLE,G,"$468,507"
1689,nfl,2019,1690,Phillip Gaines,HOU,CB,"$467,647"
1690,nfl,2019,1691,Micah Kiser,LAR,LB/ILB,"$467,494"
1691,nfl,2019,1692,J.P. Holtz,CHI,TE,"$465,888"
1692,nfl,2019,,Rolan Milligan,IND,S,"$465,888"
1693,nfl,2019,,Jake Rodgers,DEN,T,"$465,888"
1694,nfl,2019,1695,Sam Ficken,NYJ,K,"$465,882"
1695,nfl,2019,,Byron Pringle,KC,WR,"$465,882"
1696,nfl,2019,1697,Natrell Jamerson,CAR,S,"$465,174"
1697,nfl,2019,1698,Brynden Trawick,BAL,SS,"$463,765"
1698,nfl,2019,1699,Vosean Joseph,BUF,LB,"$458,324"
1699,nfl,2019,1700,Greg Roberts,GB,DL/DE,"$456,038"
1700,nfl,2019,1701,Javorius Allen,NYG,RB,"$455,294"
1701,nfl,2019,,Trey Edmunds,PIT,RB,"$455,294"
1702,nfl,2019,,Ryan Groy,LAC,G,"$455,294"
1703,nfl,2019,,Jacob Hollister,SEA,TE,"$455,294"
1704,nfl,2019,,Paxton Lynch,PIT,QB,"$455,294"
1705,nfl,2019,,Stefen Wisniewski,KC,C,"$455,294"
1706,nfl,2019,1707,Gunner Olszewski,NE,WR,"$454,539"
1707,nfl,2019,1708,Josh Shaw,ARI,FS,"$453,000"
1708,nfl,2019,1709,Equanimeous St. Brown,GB,WR,"$452,602"
1709,nfl,2019,1710,Kevin Strong,DET,DL/DT,"$448,824"
1710,nfl,2019,1711,Isaiah Johnson,IND,FS,"$448,000"
1711,nfl,2019,,Darius Kilgo,DET,DL/DT,"$448,000"
1712,nfl,2019,1713,Cedrick Wilson,DAL,WR,"$445,235"
1713,nfl,2019,1714,D'Andre Walker,TEN,ED/OLB,"$444,687"
1714,nfl,2019,1715,Preston Williams,MIA,WR,"$443,274"
1715,nfl,2019,1716,Blessuan Austin,NYJ,CB,"$443,095"
1716,nfl,2019,1717,Duke Ejiofor,HOU,DL/DE,"$439,314"
1717,nfl,2019,1718,Andrew Sendejo,MIN,SS,"$437,647"
1718,nfl,2019,1719,Kaden Smith,NYG,TE,"$436,770"
1719,nfl,2019,1720,Devlin Hodges,PIT,QB,"$436,764"
1720,nfl,2019,1721,Jordan Mailata,PHI,T,"$436,170"
1721,nfl,2019,1722,Marcell Harris,SF,S,"$435,882"
1722,nfl,2019,1723,Daniel Ekuale,CLE,DL/DT,"$433,059"
1723,nfl,2019,1724,Chad Beebe,MIN,WR,"$424,234"
1724,nfl,2019,,James Crawford,MIA,LB,"$424,234"
1725,nfl,2019,1726,Greg Stroman,WAS,CB,"$422,355"
1726,nfl,2019,1727,Caleb Brantley,WAS,DL/DE,"$421,941"
1727,nfl,2019,1728,Zack Bailey,TB,G,"$419,912"
1728,nfl,2019,1729,Kaden Elliss,NO,LB,"$417,727"
1729,nfl,2019,1730,Tim Harris,SF,CB,"$417,577"
1730,nfl,2019,1731,Michael Burton,WAS,FB,"$417,353"
1731,nfl,2019,,Chris Clark,HOU,LT,"$417,353"
1732,nfl,2019,1733,Leterrius Walton,PIT,DL/DT,"$417,351"
1733,nfl,2019,1734,Raven Greene,GB,S,"$414,988"
1734,nfl,2019,1735,Keith Kirkwood,NO,WR,"$413,822"
1735,nfl,2019,1736,Mike Davis,CAR,RB,"$411,764"
1736,nfl,2019,1737,Justin Lawler,LAR,DL/DE,"$411,435"
1737,nfl,2019,1738,Ra'Shede Hageman,ATL,ED/DE,"$410,294"
1738,nfl,2019,1739,Cyrus Jones,DEN,CB,"$410,117"
1739,nfl,2019,1740,Rodney Anderson,CIN,RB,"$409,839"
1740,nfl,2019,1741,Robert Jackson,CLE,CB,"$409,236"
1741,nfl,2019,1742,Brandon Greene,CAR,G,"$408,648"
1742,nfl,2019,1743,Michael Bennett,ATL,DL/DT,"$408,000"
1743,nfl,2019,,T.J. Clemmings,CHI,RT,"$408,000"
1744,nfl,2019,,Benjamin Ijalana,JAX,RT,"$408,000"
1745,nfl,2019,,Malcolm Johnson,GB,FB,"$408,000"
1746,nfl,2019,,Chris Landrum,HOU,ED/OLB,"$408,000"
1747,nfl,2019,,Ricardo Louis,MIA,WR,"$408,000"
1748,nfl,2019,,Josh Martin,NO,LB/OLB,"$408,000"
1749,nfl,2019,,James Onwualu,JAX,LB/OLB,"$408,000"
1750,nfl,2019,,Nathan Peterman,OAK,QB,"$408,000"
1751,nfl,2019,,Matt Simms,ATL,QB,"$408,000"
1752,nfl,2019,,Cody Wichmann,DAL,G,"$408,000"
1753,nfl,2019,1754,Fred Brown,DEN,WR,"$407,652"
1754,nfl,2019,1755,Ashton Dulin,IND,WR,"$407,647"
1755,nfl,2019,,Andre Patton,LAC,WR,"$407,647"
1756,nfl,2019,,Keaton Sutherland,MIA,T,"$407,647"
1757,nfl,2019,1758,NIco Falah,DEN,C,"$402,411"
1758,nfl,2019,1759,Marcell Ateman,OAK,WR,"$402,352"
1759,nfl,2019,,Boston Scott,PHI,RB,"$402,352"
1760,nfl,2019,1761,Otaro Alaka,BAL,LB/ILB,"$401,981"
1761,nfl,2019,1762,George Asafo-adjei,NYG,T,"$401,092"
1762,nfl,2019,1763,Jalen Jelks,DAL,LB/OLB,"$397,667"
1763,nfl,2019,1764,Jordan Brailford,WAS,ED/OLB,"$396,644"
1764,nfl,2019,,Javon Patterson,IND,C,"$396,644"
1765,nfl,2019,1766,Jason Croom,BUF,TE,"$395,000"
1766,nfl,2019,1767,Cameron Batson,TEN,WR,"$393,000"
1767,nfl,2019,,Dylan Cantrell,LAC,WR,"$393,000"
1768,nfl,2019,,Josh Carraway,LAR,ED/OLB,"$393,000"
1769,nfl,2019,,Keionta Davis,NE,ED/DE,"$393,000"
1770,nfl,2019,,Makinton Dorleant,OAK,CB,"$393,000"
1771,nfl,2019,,Daurice Fountain,IND,WR,"$393,000"
1772,nfl,2019,,Dillon Gordon,CAR,TE,"$393,000"
1773,nfl,2019,,Cameron Hunt,OAK,G,"$393,000"
1774,nfl,2019,,Lance Lenoir,DAL,WR,"$393,000"
1775,nfl,2019,,Mike Love,BUF,ED/DE,"$393,000"
1776,nfl,2019,,Devante Mays,JAX,RB,"$393,000"
1777,nfl,2019,,Kai Nacua,IND,S,"$393,000"
1778,nfl,2019,,Joe Ostman,PHI,ED/DE,"$393,000"
1779,nfl,2019,,Niles Scott,CIN,DL/DT,"$393,000"
1780,nfl,2019,,Isaac Whitney,HOU,WR,"$393,000"
1781,nfl,2019,,Jordan Williams,TEN,LB,"$393,000"
1782,nfl,2019,1783,Jonathan Ledbetter,MIA,ED/DE,"$389,882"
1783,nfl,2019,1784,Chris Reed,CAR,C,"$385,296"
1784,nfl,2019,1785,Jegs Jegede,IND,ED/DE,"$384,666"
1785,nfl,2019,1786,Marcus Baugh,CAR,TE,"$383,000"
1786,nfl,2019,,Kitt O'Brien,CAR,G,"$383,000"
1787,nfl,2019,1788,Malik Gant,NE,S,"$381,333"
1788,nfl,2019,,Jon’Vea Johnson,DAL,WR,"$381,333"
1789,nfl,2019,,Mark McLaurin,NYG,S,"$381,333"
1790,nfl,2019,,Chris Westry,DAL,CB,"$381,333"
1791,nfl,2019,1792,Cody Kessler,NE,QB,"$381,176"
1792,nfl,2019,,Clive Walford,MIA,TE,"$381,176"
1793,nfl,2019,1794,Koda Martin,LAC,G,"$381,000"
1794,nfl,2019,1795,Demetrius Knox,SEA,G,"$380,666"
1795,nfl,2019,1796,John Lovett,KC,TE,"$380,500"
1796,nfl,2019,1797,Curtis Bolton,GB,LB,"$380,333"
1797,nfl,2019,,William Sweet,ARI,T,"$380,333"
1798,nfl,2019,1799,O’Shea Dugas,CIN,T,"$379,833"
1799,nfl,2019,1800,Felton Davis,KC,WR,"$379,666"
1800,nfl,2019,,Donnell Greene,JAX,T,"$379,666"
1801,nfl,2019,,Nate Harvey,NYG,DL/DE,"$379,666"
1802,nfl,2019,,Justin Johnson,SEA,TE,"$379,666"
1803,nfl,2019,,Shawn Poindexter,SF,WR,"$379,666"
1804,nfl,2019,1805,Deone Bucannon,NYG,LB/ILB,"$379,412"
1805,nfl,2019,,Mike Pennel,KC,ED/DE,"$379,412"
1806,nfl,2019,,Jordan Richards,BAL,SS,"$379,412"
1807,nfl,2019,,Sylvester Williams,LAC,DL/DT,"$379,412"
1808,nfl,2019,1809,Eli Ankou,CLE,DL/DT,"$379,410"
1809,nfl,2019,,James Burgess,NYJ,LB/ILB,"$379,410"
1810,nfl,2019,,Donald Payne,JAX,LB/ILB,"$379,410"
1811,nfl,2019,,DeAndrew White,CAR,WR,"$379,410"
1812,nfl,2019,1813,Austin Fort,DEN,TE,"$379,166"
1813,nfl,2019,1814,DJ Montgomery,CLE,WR,"$379,000"
1814,nfl,2019,1815,D'Angelo Ross,NE,CB,"$378,833"
1815,nfl,2019,1816,De'Anthony Thomas,BAL,WR,"$378,823"
1816,nfl,2019,1817,Adam Choice,SEA,RB,"$378,600"
1817,nfl,2019,1818,Duke Williams,BUF,WR,"$378,534"
1818,nfl,2019,1819,Calvin Anderson,DEN,T,"$378,529"
1819,nfl,2019,,Ventell Bryant,DAL,WR,"$378,529"
1820,nfl,2019,,Stanley Morgan,CIN,WR,"$378,529"
1821,nfl,2019,,Josiah Tauaefa,NYG,LB,"$378,529"
1822,nfl,2019,,Simeon Thomas,WAS,CB,"$378,529"
1823,nfl,2019,1824,D’Cota Dixon,TB,S,"$378,333"
1824,nfl,2019,1825,Ira Lewis,HOU,DL/DT,"$378,166"
1825,nfl,2019,1826,Kurt Benkert,ATL,QB,"$378,000"
1826,nfl,2019,,Jeremy Boykins,SEA,CB,"$378,000"
1827,nfl,2019,,Billy Brown,IND,TE,"$378,000"
1828,nfl,2019,,Randin Crecelius,BAL,G,"$378,000"
1829,nfl,2019,,Amba Etta-Tawo,NYG,WR,"$378,000"
1830,nfl,2019,,Lo Falemaka,CLE,C,"$378,000"
1831,nfl,2019,,Alex Gray,ATL,TE,"$378,000"
1832,nfl,2019,,Lavon Hooks,PIT,DL/DE,"$378,000"
1833,nfl,2019,,Myles Humphrey,WAS,DL/DE,"$378,000"
1834,nfl,2019,,Steve Ishmael,IND,WR,"$378,000"
1835,nfl,2019,,Colton Jumper,NO,LB,"$378,000"
1836,nfl,2019,,D.J. Killings,OAK,CB,"$378,000"
1837,nfl,2019,,Andrew Lauderdale,SF,T,"$378,000"
1838,nfl,2019,,Taj McGowan,JAX,RB,"$378,000"
1839,nfl,2019,,Bryant Mitchell,TB,WR,"$378,000"
1840,nfl,2019,,Kendrick Norton,MIA,DL/DT,"$378,000"
1841,nfl,2019,,Horace Richardson,DEN,CB,"$378,000"
1842,nfl,2019,,Josh Simmons,CHI,CB,"$378,000"
1843,nfl,2019,,Fish Smithson,BAL,S,"$378,000"
1844,nfl,2019,,David Steinmetz,HOU,G,"$378,000"
1845,nfl,2019,,Orion Stewart,TB,CB,"$378,000"
1846,nfl,2019,,Andrew Vollert,LAC,TE,"$378,000"
1847,nfl,2019,,David Wells,KC,TE,"$378,000"
1848,nfl,2019,,Josh Woodrum,WAS,QB,"$378,000"
1849,nfl,2019,1850,Ryan Lewis,MIA,CB,"$368,824"
1850,nfl,2019,1851,Kenny Young,LAR,LB/ILB,"$368,823"
1851,nfl,2019,1852,Jakob Johnson,NE,FB,"$361,059"
1852,nfl,2019,1853,Terrell Suggs,KC,LB/OLB,"$352,941"
1853,nfl,2019,1854,Chris Peace,NYG,DL/DE,"$351,000"
1854,nfl,2019,1855,Hale Hentges,WAS,TE,"$349,416"
1855,nfl,2019,,Jeremy Reaves,WAS,S,"$349,416"
1856,nfl,2019,1857,John Atkins,DET,DL/DT,"$349,411"
1857,nfl,2019,,Noah Dawkins,TB,LB,"$349,411"
1858,nfl,2019,,Jason Moore,LAC,WR,"$349,411"
1859,nfl,2019,,Nik Needham,MIA,CB,"$349,411"
1860,nfl,2019,1861,Willie Harvey Jr.,CLE,LB,"$347,294"
1861,nfl,2019,1862,Will Compton,OAK,LB/ILB,"$341,471"
1862,nfl,2019,1863,Younghoe Koo,ATL,K,"$341,470"
1863,nfl,2019,,Greg Mabin,CIN,CB,"$341,470"
1864,nfl,2019,,Arthur Maulet,NYJ,CB,"$341,470"
1865,nfl,2019,,Vincent Taylor,BUF,DL/DT,"$341,470"
1866,nfl,2019,1867,Kalif Raymond,TEN,WR,"$341,469"
1867,nfl,2019,1868,Maurice Canady,NYJ,CB,"$338,823"
1868,nfl,2019,1869,Matt Dickerson,TEN,DL/DE,"$335,294"
1869,nfl,2019,,Devante Downs,NYG,LB/ILB,"$335,294"
1870,nfl,2019,1871,Cornell Armstrong,HOU,CB,"$335,290"
1871,nfl,2019,,Steve Longa,DET,LB/OLB,"$335,290"
1872,nfl,2019,1873,Justin Ellis,BAL,DL/DT,"$331,470"
1873,nfl,2019,,Scott Simonson,NYG,TE,"$331,470"
1874,nfl,2019,1875,John Cyprien,ATL,SS,"$325,941"
1875,nfl,2019,1876,Tramaine Brock,TEN,CB,"$322,796"
1876,nfl,2019,1877,Fred Johnson,CIN,G,"$320,298"
1877,nfl,2019,,Alex Singleton,PHI,LB/OLB,"$320,298"
1878,nfl,2019,1879,Abdullah Anderson,CHI,DL/DE,"$320,294"
1879,nfl,2019,,Alex Bars,CHI,G,"$320,294"
1880,nfl,2019,,Jake Gervase,LAR,S,"$320,294"
1881,nfl,2019,1882,Holton Hill,MIN,CB,"$304,410"
1882,nfl,2019,1883,Wes Horton,CAR,ED/DE,"$303,529"
1883,nfl,2019,,Corey Liuget,BUF,DL/DT,"$303,529"
1884,nfl,2019,,Paul Worrilow,NYJ,ED/OLB,"$303,529"
1885,nfl,2019,1886,Sam Acho,TB,LB/OLB,"$303,528"
1886,nfl,2019,,Marcus Johnson,IND,WR,"$303,528"
1887,nfl,2019,,Elijah Lee,SF,LB/OLB,"$303,528"
1888,nfl,2019,1889,Jordan Roos,SEA,G,"$301,764"
1889,nfl,2019,1890,Genard Avery,PHI,LB/ILB,"$301,761"
1890,nfl,2019,,Tae Davis,CLE,LB,"$301,761"
1891,nfl,2019,,Frankie Luvu,NYJ,LB,"$301,761"
1892,nfl,2019,1893,Anthony Rush,PHI,DL/DT,"$291,180"
1893,nfl,2019,1894,Christian Blake,ATL,WR,"$291,176"
1894,nfl,2019,,Jonathan Harris,DEN,DL/DT,"$291,176"
1895,nfl,2019,,Krishawn Hogan,NO,WR,"$291,176"
1896,nfl,2019,1897,Isaiah Searight,NYG,TE,"$289,059"
1897,nfl,2019,1898,Josh Adams,NYJ,RB,"$268,235"
1898,nfl,2019,,Chad Kelly,IND,QB,"$268,235"
1899,nfl,2019,,Brandon Powell,ATL,WR,"$268,235"
1900,nfl,2019,,De’Lance Turner,MIA,RB,"$268,235"
1901,nfl,2019,1902,Chris Jones,ARI,CB,"$268,232"
1902,nfl,2019,1903,B.J. Bello,NYJ,LB/ILB,"$265,588"
1903,nfl,2019,,Aviante Collins,MIN,G,"$265,588"
1904,nfl,2019,,Bryan Cox Jr.,CLE,ED/DE,"$265,588"
1905,nfl,2019,,Leo Koloamatangi,NYJ,T,"$265,588"
1906,nfl,2019,,Hardy Nickerson Jr.,CIN,LB/ILB,"$265,588"
1907,nfl,2019,,Domata Peko,BAL,DL/DT,"$265,588"
1908,nfl,2019,1909,Donte Deayon,LAR,S,"$265,587"
1909,nfl,2019,,Spencer Drango,LAC,G,"$265,587"
1910,nfl,2019,,Damontre Moore,SF,ED/DE,"$265,587"
1911,nfl,2019,1912,Michael Walker,JAX,WR,"$262,059"
1912,nfl,2019,1913,Stephen Carlson,CLE,TE,"$262,058"
1913,nfl,2019,,Michael Jackson,DET,CB,"$262,058"
1914,nfl,2019,,Brandon Watson,JAX,CB,"$262,058"
1915,nfl,2019,1916,Nick Folk,NE,K,"$242,352"
1916,nfl,2019,1917,Nate Orchard,WAS,DL/DE,"$236,765"
1917,nfl,2019,1918,Corn Elder,CAR,CB,"$234,705"
1918,nfl,2019,1919,Aaron Stinnie,TB,G,"$234,703"
1919,nfl,2019,1920,Marcus Epps,PHI,S,"$232,944"
1920,nfl,2019,,Cole Luke,CAR,CB,"$232,944"
1921,nfl,2019,,Ryan Nall,CHI,RB,"$232,944"
1922,nfl,2019,,Robert Spillane,PIT,LB,"$232,944"
1923,nfl,2019,,Jacob Tuioti-Mariner,ATL,DL/DT,"$232,944"
1924,nfl,2019,1925,Kahzin Daniels,TB,ED/DE,"$232,941"
1925,nfl,2019,1926,Nick O'Leary,JAX,TE,"$227,647"
1926,nfl,2019,1927,Taylor Stallworth,NO,DL/DT,"$220,236"
1927,nfl,2019,1928,Jackson Barton,KC,T,"$218,824"
1928,nfl,2019,1929,Parker Ehinger,BAL,G,"$211,765"
1929,nfl,2019,1930,Carl Davis,JAX,DL/DT,"$211,764"
1930,nfl,2019,1931,Khari Blasingame,TEN,FB,"$203,823"
1931,nfl,2019,,Chandler Brewer,LAR,G,"$203,823"
1932,nfl,2019,,Miles Brown,ARI,DL/DT,"$203,823"
1933,nfl,2019,,Bo Scarbrough,DET,RB,"$203,823"
1934,nfl,2019,,Nsimba Webster,LAR,WR,"$203,823"
1935,nfl,2019,,Kerrith Whyte,PIT,RB,"$203,823"
1936,nfl,2019,,Mazzi Wilkins,TB,CB,"$203,823"
1937,nfl,2019,1938,Adrian Colbert,MIA,FS,"$201,176"
1938,nfl,2019,,Jason Vander Laan,NO,TE,"$201,176"
1939,nfl,2019,1940,Demone Harris,KC,LB/OLB,"$201,174"
1940,nfl,2019,1941,Corey Levin,CHI,G,"$198,706"
1941,nfl,2019,1942,Eric Saubert,CHI,TE,"$193,706"
1942,nfl,2019,1943,Gary Jennings,MIA,WR,"$191,647"
1943,nfl,2019,1944,Colin Holba,NYG,LS,"$189,705"
1944,nfl,2019,,Joshua Perkins,PHI,TE,"$189,705"
1945,nfl,2019,,Eddie Vanderdoes,HOU,DL/DT,"$189,705"
1946,nfl,2019,1947,Ryan Allen,ATL,P,"$189,411"
1947,nfl,2019,,Stacy McGee,CAR,DL/DT,"$189,411"
1948,nfl,2019,,Manti Te'o,NO,LB/ILB,"$189,411"
1949,nfl,2019,,Spencer Ware,KC,RB,"$189,411"
1950,nfl,2019,1951,Kyron Brown,NYJ,CB,"$183,177"
1951,nfl,2019,1952,Deon Cain,PIT,WR,"$174,705"
1952,nfl,2019,,Porter Gustin,CLE,ED/DE,"$174,705"
1953,nfl,2019,,J.T. Hassell,CLE,S,"$174,705"
1954,nfl,2019,,Jesper Horsted,CHI,WR,"$174,705"
1955,nfl,2019,,Charles Jones,JAX,TE,"$174,705"
1956,nfl,2019,,Isaac Nauta,DET,TE,"$174,705"
1957,nfl,2019,,Cam Sims,WAS,WR,"$174,705"
1958,nfl,2019,,Tuzar Skipper,PIT,DL/DE,"$174,705"
1959,nfl,2019,,Tyrone Swoopes,SEA,TE,"$174,705"
1960,nfl,2019,,Greg Ward,PHI,WR,"$174,705"
1961,nfl,2019,1962,Trevor Davis,MIA,WR,"$169,411"
1962,nfl,2019,,Tyler Ervin,GB,RB,"$169,411"
1963,nfl,2019,,Hroniss Grasu,BAL,C,"$169,411"
1964,nfl,2019,,John Wetzel,ATL,G,"$169,411"
1965,nfl,2019,1966,Isaiah Ford,MIA,WR,"$167,647"
1966,nfl,2019,,Chris Odom,WAS,DL/DE,"$167,647"
1967,nfl,2019,,Mason Schreck,CIN,TE,"$167,647"
1968,nfl,2019,,Da'Mari Scott,NYG,WR,"$167,647"
1969,nfl,2019,1970,Woodrow Hamilton,CAR,DL/DT,"$167,645"
1970,nfl,2019,1971,Kai Forbath,DAL,K,"$164,117"
1971,nfl,2019,1972,Randy Gregory,DAL,LB/OLB,"$155,000"
1972,nfl,2019,1973,Gerald Willis,MIA,DL/DT,"$154,059"
1973,nfl,2019,1974,Mack Hollins,MIA,WR,"$151,764"
1974,nfl,2019,,Caraun Reid,ARI,DL/DT,"$151,764"
1975,nfl,2019,,Kyle Sloter,DET,QB,"$151,764"
1976,nfl,2019,,Tanner Vallejo,ARI,ED/OLB,"$151,764"
1977,nfl,2019,,Chad Williams,IND,WR,"$151,764"
1978,nfl,2019,1979,Rico Gafford,OAK,CB,"$145,588"
1979,nfl,2019,,Jalen Guyton,LAC,WR,"$145,588"
1980,nfl,2019,,Chris Lacy,DET,WR,"$145,588"
1981,nfl,2019,,Garrett McGhin,CAR,T,"$145,588"
1982,nfl,2019,,Steven Mitchell,HOU,WR,"$145,588"
1983,nfl,2019,,Yosh Nijman,GB,T,"$145,588"
1984,nfl,2019,,Derick Roberson,TEN,ED/OLB,"$145,588"
1985,nfl,2019,,Cameron Smith,MIN,LB,"$145,588"
1986,nfl,2019,,Shakial Taylor,DEN,CB,"$145,588"
1987,nfl,2019,1988,Preston Brown,JAX,LB/ILB,"$142,058"
1988,nfl,2019,,Dontrelle Inman,IND,WR,"$142,058"
1989,nfl,2019,,Jordan Matthews,SF,WR,"$142,058"
1990,nfl,2019,,Jamar Taylor,ATL,CB,"$142,058"
1991,nfl,2019,1992,Jalin Moore,NYJ,RB,"$139,333"
1992,nfl,2019,1993,Bijhon Jackson,CAR,DL/DT,"$136,000"
1993,nfl,2019,,Jamiyus Pittman,MIA,DL/DT,"$136,000"
1994,nfl,2019,,Derrick Willies,CLE,WR,"$136,000"
1995,nfl,2019,1996,Dan Arnold,ARI,TE,"$134,117"
1996,nfl,2019,,Sean Chandler,NYG,S,"$134,117"
1997,nfl,2019,,Jalen Davis,ARI,CB,"$134,117"
1998,nfl,2019,,Kylie Fitts,ARI,DL/DE,"$134,117"
1999,nfl,2019,,Parry Nickerson,JAX,CB,"$134,117"
2000,nfl,2019,,Justin Zimmer,CLE,DL/DT,"$134,117"
2001,nfl,2019,2002,Jason Cabinda,DET,LB,"$134,116"
2002,nfl,2019,,Patrick Morris,DEN,C,"$134,116"
2003,nfl,2019,,Zach Sieler,MIA,ED/DE,"$134,116"
2004,nfl,2019,2005,Olsen Pierre,OAK,ED/DE,"$127,058"
2005,nfl,2019,,Noah Spence,NO,ED/DE,"$127,058"
2006,nfl,2019,,Eric Tomlinson,OAK,TE,"$127,058"
2007,nfl,2019,2008,Darvin Kidsy,WAS,WR,"$116,472"
2008,nfl,2019,,Isaiah Prince,CIN,T,"$116,472"
2009,nfl,2019,2010,Kendall Blanton,LAR,TE,"$116,470"
2010,nfl,2019,,Alex Brown,KC,CB,"$116,470"
2011,nfl,2019,,Evan Brown,MIA,C,"$116,470"
2012,nfl,2019,,Joe Giles-Harris,JAX,LB,"$116,470"
2013,nfl,2019,,Alexander Hollins,MIN,WR,"$116,470"
2014,nfl,2019,,Bennett Jackson,NYJ,CB,"$116,470"
2015,nfl,2019,,Chase McLaughlin,IND,K,"$116,470"
2016,nfl,2019,,Iosua Opeta,PHI,G,"$116,470"
2017,nfl,2019,,Linden Stephens,MIA,S,"$116,470"
2018,nfl,2019,2019,Dontae Johnson,SF,CB,"$113,824"
2019,nfl,2019,,Rod Smith,OAK,RB,"$113,824"
2020,nfl,2019,2021,Devante Bond,CHI,ED/OLB,"$113,823"
2021,nfl,2019,,Josh Ferguson,WAS,RB,"$113,823"
2022,nfl,2019,,Kyle Peko,DEN,DL/DT,"$113,823"
2023,nfl,2019,2024,Malcolm Smith,DAL,LB/OLB,"$109,411"
2024,nfl,2019,,Dekoda Watson,SEA,LB/OLB,"$109,411"
2025,nfl,2019,2026,Chase Hansen,NO,LB,"$103,666"
2026,nfl,2019,2027,Chris Covington,DAL,LB/OLB,"$100,588"
2027,nfl,2019,,Robert Davis,PHI,WR,"$100,588"
2028,nfl,2019,,Ryan Neal,SEA,FS,"$100,588"
2029,nfl,2019,,Nick Nelson,OAK,CB,"$100,588"
2030,nfl,2019,,Ahmad Thomas,ATL,S,"$100,588"
2031,nfl,2019,2032,Adam Pankey,MIA,T,"$100,587"
2032,nfl,2019,,Dan Skipper,DET,T,"$100,587"
2033,nfl,2019,2034,Coty Sensabaugh,WAS,CB,"$99,411"
2034,nfl,2019,,Kayvon Webster,WAS,CB,"$99,411"
2035,nfl,2019,2036,Cassanova Mckinzy,WAS,ED/OLB,"$96,000"
2036,nfl,2019,2037,D.J. Swearinger,NO,FS,"$94,705"
2037,nfl,2019,2038,Fadol Brown,CHI,DL/DE,"$88,000"
2038,nfl,2019,,Denzel Rice,BAL,CB,"$88,000"
2039,nfl,2019,2040,C.J. Board,JAX,WR,"$87,354"
2040,nfl,2019,,Frank Herron,DET,DL/DT,"$87,354"
2041,nfl,2019,,Timon Parris,WAS,T,"$87,354"
2042,nfl,2019,,Deyon Sizer,DEN,DL/DT,"$87,354"
2043,nfl,2019,2044,Freedom Akinmoladun,CIN,ED/DE,"$87,352"
2044,nfl,2019,,Dakota Allen,JAX,LB,"$87,352"
2045,nfl,2019,,Nate Brooks,MIA,CB,"$87,352"
2046,nfl,2019,,Jamal Davis,MIA,LB/OLB,"$87,352"
2047,nfl,2019,,Jake Eldrenkamp,IND,G,"$87,352"
2048,nfl,2019,,Travis Fulgham,DET,WR,"$87,352"
2049,nfl,2019,,Tyler Gauthier,JAX,C,"$87,352"
2050,nfl,2019,,Montre Hartage,MIA,CB,"$87,352"
2051,nfl,2019,,Tae Hayes,MIA,CB,"$87,352"
2052,nfl,2019,,Daniel Helm,SF,TE,"$87,352"
2053,nfl,2019,,Wes Hills,DET,RB,"$87,352"
2054,nfl,2019,,Mitch Hyatt,DAL,T,"$87,352"
2055,nfl,2019,,Joey Ivie,TEN,DL/DT,"$87,352"
2056,nfl,2019,,Jeff Smith,NYJ,WR,"$87,352"
2057,nfl,2019,,Damion Willis,CIN,WR,"$87,352"
2058,nfl,2019,,Caleb Wilson,WAS,TE,"$87,352"
2059,nfl,2019,2060,T.J. Green,CAR,S,"$84,706"
2060,nfl,2019,,Jamie Meder,DET,ED/DE,"$84,706"
2061,nfl,2019,2062,Caleb Benenoch,DET,RT,"$84,705"
2062,nfl,2019,,Briean Boddy-Calhoun,IND,S,"$84,705"
2063,nfl,2019,2064,Vontarrius Dora,ARI,ED/OLB,"$75,882"
2064,nfl,2019,,Ukeme Eligwe,OAK,LB/ILB,"$75,882"
2065,nfl,2019,,Josh Malone,NYJ,WR,"$75,882"
2066,nfl,2019,2067,Michael Joseph,CHI,CB,"$70,736"
2067,nfl,2019,2068,Marcus Allen,PIT,S,"$67,058"
2068,nfl,2019,,Keishawn Bierria,ARI,LB/ILB,"$67,058"
2069,nfl,2019,,Amara Darboh,PIT,WR,"$67,058"
2070,nfl,2019,,Kenneth Dixon,NYJ,RB,"$67,058"
2071,nfl,2019,,Rashaan Gaulden,NYG,S,"$67,058"
2072,nfl,2019,,Sean Harlow,ATL,G,"$67,058"
2073,nfl,2019,,Bruce Hector,PHI,DL/DT,"$67,058"
2074,nfl,2019,,Greg Joseph,TEN,K,"$67,058"
2075,nfl,2019,,Doug Middleton,JAX,FS,"$67,058"
2076,nfl,2019,,Maurice Smith,WAS,S,"$67,058"
2077,nfl,2019,2078,Lester Cotton,OAK,G,"$58,236"
2078,nfl,2019,,Cyril Grayson,TB,WR,"$58,236"
2079,nfl,2019,,John Leglue,GB,T,"$58,236"
2080,nfl,2019,,Robert McCray,CLE,LB,"$58,236"
2081,nfl,2019,,Calvin Munson,MIA,LB/ILB,"$58,236"
2082,nfl,2019,,Jonathan Wynn,DET,ED/DE,"$58,236"
2083,nfl,2019,2084,Andre Chachere,ARI,CB,"$58,235"
2084,nfl,2019,,Alijah Holder,DEN,S,"$58,235"
2085,nfl,2019,,Matt Kaskey,CAR,LT,"$58,235"
2086,nfl,2019,,Austin Larkin,ATL,ED/DE,"$58,235"
2087,nfl,2019,,Codey McElroy,TB,TE,"$58,235"
2088,nfl,2019,,Bryan Mone,SEA,DL/DT,"$58,235"
2089,nfl,2019,,Spencer Schnell,TB,WR,"$58,235"
2090,nfl,2019,,Brady Sheldon,CIN,LB/OLB,"$58,235"
2091,nfl,2019,,David Sills,NYG,WR,"$58,235"
2092,nfl,2019,2093,Robert Turbin,SEA,RB,"$54,705"
2093,nfl,2019,2094,Marcus Applefield,BAL,T,"$48,000"
2094,nfl,2019,2095,Ray-Ray Armstrong,DAL,LB/ILB,"$47,353"
2095,nfl,2019,2096,Richard Rodgers,PHI,TE,"$47,352"
2096,nfl,2019,2097,Darius Jennings,TEN,WR,"$42,352"
2097,nfl,2019,,Anthony Zettel,SF,ED/DE,"$42,352"
2098,nfl,2019,2099,Kenny Ladler,WAS,SS,"$37,941"
2099,nfl,2019,,Marshawn Lynch,SEA,RB,"$37,941"
2100,nfl,2019,,Jaydon Mickens,TB,WR,"$37,941"
2101,nfl,2019,,Samaje Perine,MIA,RB,"$37,941"
2102,nfl,2019,2103,Breon Borders,WAS,CB,"$33,529"
2103,nfl,2019,,Deontay Burnett,PHI,WR,"$33,529"
2104,nfl,2019,,Jordan Franks,CIN,TE,"$33,529"
2105,nfl,2019,,Colby Gossett,CLE,G,"$33,529"
2106,nfl,2019,,Skai Moore,IND,LB,"$33,529"
2107,nfl,2019,,Ross Travis,NYJ,TE,"$33,529"
2108,nfl,2019,,Jeremiah Valoaga,OAK,ED/DE,"$33,529"
2109,nfl,2019,2110,Drew Anderson,ARI,QB,"$29,118"
2110,nfl,2019,,Quinn Bailey,DEN,T,"$29,118"
2111,nfl,2019,,Benjamin Braden,NYJ,T,"$29,118"
2112,nfl,2019,,Rashard Davis,TEN,WR,"$29,118"
2113,nfl,2019,,Dee Delaney,WAS,CB,"$29,118"
2114,nfl,2019,,John Franklin,TB,CB,"$29,118"
2115,nfl,2019,,Kevin Givens,SF,DL/DT,"$29,118"
2116,nfl,2019,,J.C. Hassenauer,PIT,C,"$29,118"
2117,nfl,2019,,Lil’jordan Humphrey,NO,WR,"$29,118"
2118,nfl,2019,,Trenton Irwin,CIN,WR,"$29,118"
2119,nfl,2019,,Wyatt Miller,DAL,T,"$29,118"
2120,nfl,2019,,Elijah Nkansah,HOU,T,"$29,118"
2121,nfl,2019,,Donovan Olumba,DAL,CB,"$29,118"
2122,nfl,2019,,Anthony Pittman,DET,LB,"$29,118"
2123,nfl,2019,,Chris Slayton,NYG,DL/DT,"$29,118"
2124,nfl,2019,,Jester Weah,WAS,WR,"$29,118"
2125,nfl,2019,2126,Darius Harris,KC,LB/OLB,"$3,333"
2126,nfl,2019,1,OL,,,21
2127,nfl,2019,2,QB,,,18
2128,nfl,2019,3,ED,,,14
2129,nfl,2019,4,CB,,,13
2130,nfl,2019,5,WR,,,13
2131,nfl,2019,6,DL,,,11
2132,nfl,2019,7,LB,,,5
2133,nfl,2019,8,S,,,4
2134,nfl,2019,9,TE,,,1
2135,nfl,2019,1,ATL,,,5
2136,nfl,2019,2,DAL,,,5
2137,nfl,2019,3,MIN,,,5
2138,nfl,2019,4,SF,,,5
2139,nfl,2019,5,CIN,,,4
2140,nfl,2019,6,JAX,,,4
2141,nfl,2019,7,LAC,,,4
2142,nfl,2019,8,LAR,,,4
2143,nfl,2019,9,PIT,,,4
2144,nfl,2019,10,TB,,,4
2145,nfl,2019,11,TEN,,,4
2146,nfl,2019,12,WAS,,,4
2147,nfl,2019,13,BAL,,,3
2148,nfl,2019,14,BUF,,,3
2149,nfl,2019,15,CHI,,,3
2150,nfl,2019,16,CLE,,,3
2151,nfl,2019,17,DEN,,,3
2152,nfl,2019,18,DET,,,3
2153,nfl,2019,19,GB,,,3
2154,nfl,2019,20,IND,,,3
2155,nfl,2019,21,NE,,,3
2156,nfl,2019,22,NYG,,,3
2157,nfl,2019,23,ARI,,,2
2158,nfl,2019,24,CAR,,,2
2159,nfl,2019,25,HOU,,,2
2160,nfl,2019,26,NYJ,,,2
2161,nfl,2019,27,NO,,,2
2162,nfl,2019,28,OAK,,,2
2163,nfl,2019,29,PHI,,,2
2164,nfl,2019,30,SEA,,,2
2165,nfl,2019,31,KC,,,1
2166,nfl,2019,32,MIA,,,1
2167,nfl,2019,1,OL,,,21
2168,nfl,2019,2,QB,,,18
2169,nfl,2019,3,ED,,,14
2170,nfl,2019,4,CB,,,13
2171,nfl,2019,5,WR,,,13
2172,nfl,2019,6,DL,,,11
2173,nfl,2019,7,LB,,,5
2174,nfl,2019,8,S,,,4
2175,nfl,2019,9,TE,,,1
2176,nfl,2019,1,ATL,,,5
2177,nfl,2019,2,DAL,,,5
2178,nfl,2019,3,MIN,,,5
2179,nfl,2019,4,SF,,,5
2180,nfl,2019,5,CIN,,,4
2181,nfl,2019,6,JAX,,,4
2182,nfl,2019,7,LAC,,,4
2183,nfl,2019,8,LAR,,,4
2184,nfl,2019,9,PIT,,,4
2185,nfl,2019,10,TB,,,4
2186,nfl,2019,11,TEN,,,4
2187,nfl,2019,12,WAS,,,4
2188,nfl,2019,13,BAL,,,3
2189,nfl,2019,14,BUF,,,3
2190,nfl,2019,15,CHI,,,3
2191,nfl,2019,16,CLE,,,3
2192,nfl,2019,17,DEN,,,3
2193,nfl,2019,18,DET,,,3
2194,nfl,2019,19,GB,,,3
2195,nfl,2019,20,IND,,,3
2196,nfl,2019,21,NE,,,3
2197,nfl,2019,22,NYG,,,3
2198,nfl,2019,23,ARI,,,2
2199,nfl,2019,24,CAR,,,2
2200,nfl,2019,25,HOU,,,2
2201,nfl,2019,26,NYJ,,,2
2202,nfl,2019,27,NO,,,2
2203,nfl,2019,28,OAK,,,2
2204,nfl,2019,29,PHI,,,2
2205,nfl,2019,30,SEA,,,2
2206,nfl,2019,31,KC,,,1
2207,nfl,2019,32,MIA,,,1
