,league,season,rank,player,team,position,salary
0,nfl,2022,1,Ryan Tannehill,TEN,QB,"$38,600,000"
1,nfl,2022,2,Patrick Mahomes,KC,QB,"$35,793,381"
2,nfl,2022,3,Kirk Cousins,MIN,QB,"$31,416,668"
3,nfl,2022,4,Jared Goff,DET,QB,"$31,150,000"
4,nfl,2022,5,Chris Jones,KC,DL/DT,"$29,415,667"
5,nfl,2022,6,Aaron Rodgers,GB,QB,"$28,533,569"
6,nfl,2022,7,Carson Wentz,WAS,QB,"$28,294,119"
7,nfl,2022,8,Joey Bosa,LAC,ED/OLB,"$28,250,000"
8,nfl,2022,9,Aaron Donald,LAR,DL/DT,"$27,000,000"
9,nfl,2022,10,T.J. Watt,PIT,ED/OLB,"$24,368,694"
10,nfl,2022,11,Jalen Ramsey,LAR,CB,"$23,200,000"
11,nfl,2022,12,Lamar Jackson,BAL,QB,"$23,016,000"
12,nfl,2022,13,Kenny Golladay,NYG,WR,"$21,150,000"
13,nfl,2022,14,Garett Bolles,DEN,LT,"$21,000,000"
14,nfl,2022,15,Dak Prescott,DAL,QB,"$19,730,000"
15,nfl,2022,16,Derek Carr,LV,QB,"$19,375,000"
16,nfl,2022,17,Keenan Allen,LAC,WR,"$19,200,000"
17,nfl,2022,,Bud Dupree,TEN,ED/OLB,"$19,200,000"
18,nfl,2022,19,Sam Darnold,CAR,QB,"$18,858,000"
19,nfl,2022,20,Justin Simmons,DEN,FS,"$18,850,000"
20,nfl,2022,21,Matt Ryan,IND,QB,"$18,705,882"
21,nfl,2022,22,Donovan Smith,TB,LT,"$18,400,000"
22,nfl,2022,23,Ezekiel Elliott,DAL,RB,"$18,220,000"
23,nfl,2022,24,Javon Hargrave,PHI,DL/DT,"$17,802,000"
24,nfl,2022,25,Cooper Kupp,LAR,WR,"$17,800,000"
25,nfl,2022,26,Laremy Tunsil,HOU,LT,"$17,707,988"
26,nfl,2022,27,Tyron Smith,DAL,LT,"$17,505,000"
27,nfl,2022,28,Cameron Heyward,PIT,DL/DE,"$17,406,250"
28,nfl,2022,29,Russell Wilson,DEN,QB,"$17,000,000"
29,nfl,2022,30,Orlando Brown Jr.,KC,LT,"$16,662,000"
30,nfl,2022,31,Jake Matthews,ATL,LT,"$16,589,200"
31,nfl,2022,32,Shaquill Griffin,JAX,CB,"$16,441,176"
32,nfl,2022,33,Josh Allen,BUF,QB,"$16,372,281"
33,nfl,2022,34,DeForest Buckner,IND,DL/DT,"$16,000,000"
34,nfl,2022,35,J.J. Watt,ARI,DL/DE,"$15,900,000"
35,nfl,2022,36,DeAndre Hopkins,ARI,WR,"$15,733,333"
36,nfl,2022,37,Marcus Peters,BAL,CB,"$15,500,000"
37,nfl,2022,38,Leonard Williams,NYG,DL/DE,"$15,380,000"
38,nfl,2022,39,Eddie Jackson,CHI,S,"$15,090,000"
39,nfl,2022,40,Hunter Henry,NE,TE,"$15,000,000"
40,nfl,2022,41,Nelson Agholor,NE,WR,"$14,882,345"
41,nfl,2022,42,Lavonte David,TB,LB/ILB,"$14,785,000"
42,nfl,2022,43,Budda Baker,ARI,S,"$14,775,000"
43,nfl,2022,44,Taylor Lewan,TEN,LT,"$14,693,971"
44,nfl,2022,45,Romeo Okwara,DET,ED/OLB,"$14,500,000"
45,nfl,2022,46,Trey Hendrickson,CIN,ED/DE,"$14,488,235"
46,nfl,2022,47,Taylor Decker,DET,LT,"$14,400,000"
47,nfl,2022,48,Matt Judon,NE,LB/OLB,"$14,285,555"
48,nfl,2022,49,Tre'Davious White,BUF,CB,"$14,175,004"
49,nfl,2022,50,DeMarcus Lawrence,DAL,DL/DE,"$14,000,000"
50,nfl,2022,,Mike Williams,LAC,WR,"$14,000,000"
51,nfl,2022,52,Corey Davis,NYJ,WR,"$13,666,666"
52,nfl,2022,53,D.J. Reader,CIN,DL/DT,"$13,665,441"
53,nfl,2022,54,Eric Kendricks,MIN,LB/ILB,"$13,514,375"
54,nfl,2022,55,Matthew Stafford,LAR,QB,"$13,500,000"
55,nfl,2022,56,David Bakhtiari,GB,LT,"$13,420,808"
56,nfl,2022,57,Frank Clark,KC,ED/DE,"$13,286,111"
57,nfl,2022,58,Michael Thomas,NO,WR,"$13,228,588"
58,nfl,2022,59,Shaq Thompson,CAR,LB/OLB,"$13,108,098"
59,nfl,2022,60,Yannick Ngakoue,IND,ED/DE,"$13,000,000"
60,nfl,2022,61,Myles Garrett,CLE,ED/DE,"$12,961,000"
61,nfl,2022,62,Jimmie Ward,SF,FS,"$12,935,576"
62,nfl,2022,63,Grady Jarrett,ATL,DL/DT,"$12,928,000"
63,nfl,2022,64,Jessie Bates III,CIN,S,"$12,911,000"
64,nfl,2022,65,Ronald Darby,DEN,CB,"$12,823,521"
65,nfl,2022,66,Tremaine Edmunds,BUF,LB/ILB,"$12,716,000"
66,nfl,2022,67,Kyler Murray,ARI,QB,"$12,669,481"
67,nfl,2022,68,D.J. Humphries,ARI,LT,"$12,645,594"
68,nfl,2022,69,Jimmy Garoppolo,SF,QB,"$12,641,176"
69,nfl,2022,70,Curtis Samuel,WAS,WR,"$12,625,000"
70,nfl,2022,71,Rodney Hudson,ARI,C,"$12,610,000"
71,nfl,2022,72,John Franklin-Myers,NYJ,ED/DE,"$12,470,576"
72,nfl,2022,73,Cameron Jordan,NO,ED/DE,"$12,427,838"
73,nfl,2022,74,Danielle Hunter,MIN,ED/OLB,"$12,338,750"
74,nfl,2022,75,Cody Whitehair,CHI,G,"$12,300,000"
75,nfl,2022,76,Ronnie Stanley,BAL,LT,"$12,203,250"
76,nfl,2022,77,Davante Adams,LV,WR,"$12,180,000"
77,nfl,2022,78,Zack Martin,DAL,G,"$12,031,000"
78,nfl,2022,79,Tom Brady,TB,QB,"$11,896,000"
79,nfl,2022,80,Dalvin Cook,MIN,RB,"$11,883,625"
80,nfl,2022,81,Stefon Diggs,BUF,WR,"$11,736,111"
81,nfl,2022,82,Adam Thielen,MIN,WR,"$11,668,234"
82,nfl,2022,83,Jack Conklin,CLE,RT,"$11,600,000"
83,nfl,2022,,Corey Linsley,LAC,C,"$11,600,000"
84,nfl,2022,85,Braden Smith,IND,RT,"$11,567,000"
85,nfl,2022,86,Preston Smith,GB,ED/OLB,"$11,460,588"
86,nfl,2022,87,Joe Mixon,CIN,RB,"$11,420,589"
87,nfl,2022,88,Emmanuel Ogbah,MIA,DL/DE,"$11,350,000"
88,nfl,2022,89,Shaquille Leonard,IND,LB/ILB,"$11,166,000"
89,nfl,2022,90,Darren Waller,LV,TE,"$11,165,000"
90,nfl,2022,91,Kendall Fuller,WAS,CB,"$11,125,000"
91,nfl,2022,92,George Fant,NYJ,RT,"$11,102,935"
92,nfl,2022,93,Lane Johnson,PHI,RT,"$11,059,000"
93,nfl,2022,94,Mike Gesicki,MIA,TE,"$10,931,000"
94,nfl,2022,,Dalton Schultz,DAL,TE,"$10,931,000"
95,nfl,2022,96,Mike McGlinchey,SF,RT,"$10,880,000"
96,nfl,2022,97,Nick Bosa,SF,ED/DE,"$10,805,564"
97,nfl,2022,98,Grover Stewart,IND,DL/DT,"$10,625,000"
98,nfl,2022,99,Quinnen Williams,NYJ,DL/DT,"$10,550,254"
99,nfl,2022,100,Marlon Humphrey,BAL,CB,"$10,528,800"
100,nfl,2022,101,Isaiah Wynn,NE,RT,"$10,413,000"
101,nfl,2022,102,Connor McGovern,NYJ,C,"$10,333,334"
102,nfl,2022,103,Jordan Poyer,BUF,SS,"$10,276,464"
103,nfl,2022,104,Mike Evans,TB,WR,"$10,256,274"
104,nfl,2022,105,Quenton Nelson,IND,G,"$10,200,000"
105,nfl,2022,106,Tyler Boyd,CIN,WR,"$10,100,000"
106,nfl,2022,107,Poona Ford,SEA,ED/DE,"$10,075,000"
107,nfl,2022,108,Tyler Lockett,SEA,WR,"$10,050,000"
108,nfl,2022,109,Clelin Ferrell,LV,DL/DE,"$9,978,442"
109,nfl,2022,110,Kenny Clark,GB,DL/DT,"$9,975,647"
110,nfl,2022,111,Rayshawn Jenkins,JAX,S,"$9,911,765"
111,nfl,2022,112,Xavien Howard,MIA,CB,"$9,889,281"
112,nfl,2022,113,Joe Burrow,CIN,QB,"$9,870,037"
113,nfl,2022,114,Ryan Kelly,IND,C,"$9,750,000"
114,nfl,2022,115,Brandin Cooks,HOU,WR,"$9,749,847"
115,nfl,2022,116,Darius Slay,PHI,CB,"$9,731,000"
116,nfl,2022,117,Trent Williams,SF,LT,"$9,671,765"
117,nfl,2022,118,Mark Andrews,BAL,TE,"$9,657,611"
118,nfl,2022,119,Arik Armstead,SF,ED/DE,"$9,576,000"
119,nfl,2022,120,Devin White,TB,LB/ILB,"$9,527,759"
120,nfl,2022,121,Jonathan Allen,WAS,DL/DT,"$9,500,000"
121,nfl,2022,,A'Shawn Robinson,LAR,DL/DE,"$9,500,000"
122,nfl,2022,123,Chase Young,WAS,ED/DE,"$9,426,435"
123,nfl,2022,124,Brandon Graham,PHI,ED/DE,"$9,413,000"
124,nfl,2022,125,Deshaun Watson,CLE,QB,"$9,402,285"
125,nfl,2022,126,Michael Davis,LAC,CB,"$9,375,000"
126,nfl,2022,127,Derrick Henry,TEN,RB,"$9,367,647"
127,nfl,2022,128,Carl Lawson,NYJ,ED/DE,"$9,333,333"
128,nfl,2022,129,Adoree' Jackson,NYG,CB,"$9,288,032"
129,nfl,2022,130,Jeff Okudah,DET,CB,"$9,144,148"
130,nfl,2022,131,Jamal Adams,SEA,SS,"$9,110,000"
131,nfl,2022,132,Roy Robertson-Harris,JAX,DL/DT,"$9,062,739"
132,nfl,2022,133,Elgton Jenkins,GB,G,"$9,020,703"
133,nfl,2022,134,Marshon Lattimore,NO,CB,"$8,999,400"
134,nfl,2022,135,Kevin Zeitler,BAL,G,"$8,975,000"
135,nfl,2022,136,Evan Engram,JAX,TE,"$8,970,590"
136,nfl,2022,137,D.K. Metcalf,SEA,WR,"$8,838,827"
137,nfl,2022,138,Andrew Thomas,NYG,LT,"$8,821,524"
138,nfl,2022,139,Davon Godchaux,NE,DL/DT,"$8,750,000"
139,nfl,2022,,Khalil Mack,LAC,ED/OLB,"$8,750,000"
140,nfl,2022,141,Marvin Jones,JAX,WR,"$8,712,500"
141,nfl,2022,142,Denico Autry,TEN,DL/DE,"$8,650,000"
142,nfl,2022,143,Jason Kelce,PHI,C,"$8,645,000"
143,nfl,2022,144,Daron Payne,WAS,DL/DT,"$8,529,000"
144,nfl,2022,145,Charles Leno,WAS,LT,"$8,500,000"
145,nfl,2022,146,Ryan Ramczyk,NO,RT,"$8,476,321"
146,nfl,2022,147,Travis Kelce,KC,TE,"$8,444,999"
147,nfl,2022,148,Jonnu Smith,NE,TE,"$8,381,168"
148,nfl,2022,149,Daniel Jones,NYG,QB,"$8,365,836"
149,nfl,2022,150,Trevor Lawrence,JAX,QB,"$8,362,156"
150,nfl,2022,151,B.J. Hill,CIN,DL/DT,"$8,333,333"
151,nfl,2022,152,Tua Tagovailoa,MIA,QB,"$8,256,938"
152,nfl,2022,153,Samson Ebukam,SF,ED/DE,"$8,250,000"
153,nfl,2022,154,Fred Warner,SF,LB/ILB,"$8,164,000"
154,nfl,2022,155,Derwin James,LAC,S,"$8,158,400"
155,nfl,2022,156,Joe Thuney,KC,G,"$8,151,250"
156,nfl,2022,157,Shaquil Barrett,TB,ED/OLB,"$8,150,000"
157,nfl,2022,158,Carlton Davis,TB,CB,"$8,127,451"
158,nfl,2022,159,Minkah Fitzpatrick,PIT,S,"$8,124,235"
159,nfl,2022,160,Leonard Floyd,LAR,ED/OLB,"$8,000,000"
160,nfl,2022,,J.C. Jackson,LAC,CB,"$8,000,000"
161,nfl,2022,,Mitch Morse,BUF,C,"$8,000,000"
162,nfl,2022,,Larry Ogunjobi,PIT,DL/DE,"$8,000,000"
163,nfl,2022,164,Zach Wilson,NYJ,QB,"$7,988,791"
164,nfl,2022,165,Taylor Moton,CAR,RT,"$7,976,250"
165,nfl,2022,166,Brian O'Neill,MIN,RT,"$7,819,667"
166,nfl,2022,167,Chandler Jones,LV,DL/DE,"$7,812,000"
167,nfl,2022,168,Trey Lance,SF,QB,"$7,751,199"
168,nfl,2022,169,Stephon Gilmore,IND,CB,"$7,750,000"
169,nfl,2022,,John Johnson,CLE,SS,"$7,750,000"
170,nfl,2022,171,Jonathan Jones,NE,CB,"$7,701,098"
171,nfl,2022,172,Andrus Peat,NO,G,"$7,666,000"
172,nfl,2022,173,Cam Robinson,JAX,LT,"$7,661,765"
173,nfl,2022,174,Brandon Scherff,JAX,G,"$7,647,059"
174,nfl,2022,175,Diontae Johnson,PIT,WR,"$7,617,870"
175,nfl,2022,176,Frank Ragnow,DET,C,"$7,551,529"
176,nfl,2022,177,Jerome Baker,MIA,LB/ILB,"$7,515,555"
177,nfl,2022,178,Matt Feiler,LAC,G,"$7,500,000"
178,nfl,2022,,Christian Kirk,JAX,WR,"$7,500,000"
179,nfl,2022,,Justin Pugh,ARI,G,"$7,500,000"
180,nfl,2022,,Dalvin Tomlinson,MIN,DL/DT,"$7,500,000"
181,nfl,2022,182,Vonn Bell,CIN,FS,"$7,488,235"
182,nfl,2022,183,Kyle Pitts,ATL,TE,"$7,479,658"
183,nfl,2022,184,Harrison Smith,MIN,FS,"$7,407,058"
184,nfl,2022,185,Robert Woods,TEN,WR,"$7,399,999"
185,nfl,2022,186,George Kittle,SF,TE,"$7,389,329"
186,nfl,2022,187,Terry McLaurin,WAS,WR,"$7,329,805"
187,nfl,2022,188,Chidobe Awuzie,CIN,CB,"$7,302,941"
188,nfl,2022,189,Adrian Amos,GB,FS,"$7,278,000"
189,nfl,2022,190,Justin Herbert,LAC,QB,"$7,248,751"
190,nfl,2022,191,Gabe Jackson,SEA,G,"$7,237,777"
191,nfl,2022,192,Joshua Hines-Allen,JAX,ED/OLB,"$7,236,294"
192,nfl,2022,193,Saquon Barkley,NYG,RB,"$7,217,000"
193,nfl,2022,194,David Onyemata,NO,DL/DT,"$7,198,000"
194,nfl,2022,195,Sam Hubbard,CIN,ED/DE,"$7,183,000"
195,nfl,2022,196,Jaire Alexander,GB,CB,"$7,076,000"
196,nfl,2022,197,Kevin Byard,TEN,FS,"$7,058,000"
197,nfl,2022,198,Dion Dawkins,BUF,LT,"$7,034,294"
198,nfl,2022,199,Ja'Marr Chase,CIN,WR,"$7,004,464"
199,nfl,2022,200,Austin Ekeler,LAC,RB,"$7,000,000"
200,nfl,2022,201,Michael Brockers,DET,DL/DT,"$6,975,000"
201,nfl,2022,202,Dean Lowry,GB,DL/DE,"$6,952,625"
202,nfl,2022,203,Darious Williams,JAX,CB,"$6,911,754"
203,nfl,2022,204,Chase Roullier,WAS,C,"$6,880,000"
204,nfl,2022,205,Deebo Samuel,SF,WR,"$6,876,519"
205,nfl,2022,206,Travon Walker,JAX,DL/DE,"$6,795,022"
206,nfl,2022,207,Alex Cappa,CIN,G,"$6,750,000"
207,nfl,2022,,Kenny Moore,IND,CB,"$6,750,000"
208,nfl,2022,209,Dawuane Smoot,JAX,DL/DE,"$6,710,294"
209,nfl,2022,210,Kolton Miller,LV,LT,"$6,700,000"
210,nfl,2022,211,Maxx Crosby,LV,DL/DE,"$6,677,566"
211,nfl,2022,212,Foyesade Oluokun,JAX,LB/ILB,"$6,666,666"
212,nfl,2022,213,Joel Bitonio,CLE,G,"$6,658,824"
213,nfl,2022,214,Emmanuel Moseley,SF,CB,"$6,555,521"
214,nfl,2022,215,Cameron Erving,CAR,LT,"$6,510,000"
215,nfl,2022,216,Teddy Bridgewater,MIA,QB,"$6,500,000"
216,nfl,2022,,Anthony Brown,DAL,CB,"$6,500,000"
217,nfl,2022,218,Aidan Hutchinson,DET,DL/DE,"$6,493,343"
218,nfl,2022,219,Tyreek Hill,MIA,WR,"$6,485,000"
219,nfl,2022,220,Derrick Brown,CAR,DL/DT,"$6,442,201"
220,nfl,2022,221,Kendrick Bourne,NE,WR,"$6,416,666"
221,nfl,2022,222,Mo Alie-Cox,IND,TE,"$6,320,000"
222,nfl,2022,223,Halapoulivaati Vaitai,DET,G,"$6,304,861"
223,nfl,2022,224,Sterling Shepard,NYG,WR,"$6,303,823"
224,nfl,2022,225,Derek Stingley Jr.,HOU,CB,"$6,301,366"
225,nfl,2022,226,Uchenna Nwosu,SEA,LB/OLB,"$6,295,000"
226,nfl,2022,227,Ed Oliver,BUF,DL/DT,"$6,260,276"
227,nfl,2022,228,Kareem Hunt,CLE,RB,"$6,250,000"
228,nfl,2022,229,Sheldon Rankins,NYJ,DL/DT,"$6,191,168"
229,nfl,2022,230,Logan Thomas,WAS,TE,"$6,190,000"
230,nfl,2022,231,Jaylen Waddle,MIA,WR,"$6,155,908"
231,nfl,2022,232,Alvin Kamara,NO,RB,"$6,128,000"
232,nfl,2022,233,D.J. Moore,CAR,WR,"$6,110,000"
233,nfl,2022,234,Donte Jackson,CAR,CB,"$6,101,666"
234,nfl,2022,235,Graham Glasgow,DEN,G,"$6,100,000"
235,nfl,2022,236,Ahmad Gardner,NYJ,CB,"$6,081,964"
236,nfl,2022,237,Jalen Mills,NE,CB,"$6,066,176"
237,nfl,2022,238,DeVante Parker,NE,WR,"$6,025,720"
238,nfl,2022,239,Devin Bush,PIT,LB/ILB,"$6,004,653"
239,nfl,2022,240,Aaron Jones,GB,RB,"$5,900,941"
240,nfl,2022,241,Demario Davis,NO,LB/ILB,"$5,896,000"
241,nfl,2022,242,Byron Jones,MIA,CB,"$5,871,000"
242,nfl,2022,243,Wes Schweitzer,WAS,G,"$5,820,000"
243,nfl,2022,244,Quandre Diggs,SEA,SS,"$5,800,000"
244,nfl,2022,245,Foley Fatukasi,JAX,DL/DT,"$5,774,509"
245,nfl,2022,246,Devin McCourty,NE,FS,"$5,750,000"
246,nfl,2022,,Cedrick Wilson,MIA,WR,"$5,750,000"
247,nfl,2022,248,Kayvon Thibodeaux,NYG,ED/OLB,"$5,698,007"
248,nfl,2022,249,A.J. Brown,PHI,WR,"$5,680,894"
249,nfl,2022,250,Russell Gage,TB,WR,"$5,666,666"
250,nfl,2022,251,Connor Williams,MIA,C,"$5,660,000"
251,nfl,2022,252,Micah Hyde,BUF,FS,"$5,656,000"
252,nfl,2022,253,Isaiah Simmons,ARI,LB/ILB,"$5,635,651"
253,nfl,2022,254,Rashaad Penny,SEA,RB,"$5,630,000"
254,nfl,2022,255,Jonah Williams,CIN,LT,"$5,609,598"
255,nfl,2022,256,Randy Gregory,DEN,ED/OLB,"$5,600,000"
256,nfl,2022,257,C.J. Mosley,NYJ,LB/ILB,"$5,596,000"
257,nfl,2022,258,Wil Lutz,NO,K,"$5,570,000"
258,nfl,2022,259,Matt Pryor,IND,G,"$5,545,000"
259,nfl,2022,260,Jamal Agnew,JAX,WR,"$5,543,136"
260,nfl,2022,261,Robbie Gould,SF,K,"$5,509,313"
261,nfl,2022,262,Penei Sewell,DET,RT,"$5,477,061"
262,nfl,2022,263,Laken Tomlinson,NYJ,G,"$5,380,000"
263,nfl,2022,264,Jedrick Wills,CLE,LT,"$5,373,522"
264,nfl,2022,265,Courtland Sutton,DEN,WR,"$5,325,000"
265,nfl,2022,266,Nick Chubb,CLE,RB,"$5,213,059"
266,nfl,2022,267,Cameron Sutton,PIT,CB,"$5,200,000"
267,nfl,2022,268,Von Miller,BUF,ED/DE,"$5,150,000"
268,nfl,2022,269,Chris Boswell,PIT,K,"$5,149,514"
269,nfl,2022,270,Taysom Hill,NO,TE,"$5,125,000"
270,nfl,2022,271,Rob Havenstein,LAR,RT,"$5,083,294"
271,nfl,2022,272,Eric Rowe,MIA,SS,"$5,075,000"
272,nfl,2022,273,Rashan Gary,GB,ED/OLB,"$5,051,872"
273,nfl,2022,274,Harold Landry,TEN,ED/OLB,"$5,050,000"
274,nfl,2022,275,Denzel Ward,CLE,CB,"$5,035,000"
275,nfl,2022,276,Mekhi Becton,NYJ,RT,"$5,030,740"
276,nfl,2022,277,Ikem Ekwonu,CAR,LT,"$5,012,373"
277,nfl,2022,278,Tyus Bowser,BAL,ED/OLB,"$5,000,000"
278,nfl,2022,,Chris Godwin,TB,WR,"$5,000,000"
279,nfl,2022,,Mike Hilton,CIN,CB,"$5,000,000"
280,nfl,2022,,Sebastian Joseph,LAC,DL/DE,"$5,000,000"
281,nfl,2022,,Ted Karras,CIN,C,"$5,000,000"
282,nfl,2022,,Jason Myers,SEA,K,"$5,000,000"
283,nfl,2022,284,Matt Milano,BUF,LB/OLB,"$4,923,588"
284,nfl,2022,285,Christian Wilkins,MIA,DL/DT,"$4,912,441"
285,nfl,2022,286,Amari Cooper,CLE,WR,"$4,896,000"
286,nfl,2022,287,Marquez Valdes-Scantling,KC,WR,"$4,880,000"
287,nfl,2022,288,Jaycee Horn,CAR,CB,"$4,798,215"
288,nfl,2022,289,David Andrews,NE,C,"$4,775,000"
289,nfl,2022,290,Patrick Surtain II,DEN,CB,"$4,764,242"
290,nfl,2022,291,Justin Tucker,BAL,K,"$4,758,333"
291,nfl,2022,292,Zach Ertz,ARI,TE,"$4,750,000"
292,nfl,2022,,Myles Jack,PIT,LB/ILB,"$4,750,000"
293,nfl,2022,294,Mason Crosby,GB,K,"$4,735,000"
294,nfl,2022,295,Derek Watt,PIT,FB,"$4,713,334"
295,nfl,2022,296,Shelby Harris,SEA,DL/DT,"$4,709,988"
296,nfl,2022,297,Chris Lindstrom,ATL,G,"$4,680,059"
297,nfl,2022,298,La'el Collins,CIN,RT,"$4,666,666"
298,nfl,2022,299,Jacoby Brissett,CLE,QB,"$4,650,000"
299,nfl,2022,300,Jourdan Lewis,DAL,CB,"$4,637,255"
300,nfl,2022,301,Tim Patrick,DEN,WR,"$4,606,666"
301,nfl,2022,302,D.J. Reed,NYJ,CB,"$4,601,754"
302,nfl,2022,303,Justin Jones,CHI,DL/DT,"$4,600,000"
303,nfl,2022,304,Will Dissly,SEA,TE,"$4,590,000"
304,nfl,2022,305,DeVonta Smith,PHI,WR,"$4,577,589"
305,nfl,2022,306,Justin Reid,KC,S,"$4,550,000"
306,nfl,2022,307,Michael Gallup,DAL,WR,"$4,529,412"
307,nfl,2022,308,Marcedes Lewis,GB,TE,"$4,525,000"
308,nfl,2022,309,Gus Edwards,BAL,RB,"$4,500,000"
309,nfl,2022,,Lawrence Guy,NE,DL/DT,"$4,500,000"
310,nfl,2022,,Austin Johnson,LAC,DL/DT,"$4,500,000"
311,nfl,2022,,Taron Johnson,BUF,CB,"$4,500,000"
312,nfl,2022,,Matt Prater,ARI,K,"$4,500,000"
313,nfl,2022,314,Evan Neal,NYG,RT,"$4,463,865"
314,nfl,2022,315,Wyatt Teller,CLE,G,"$4,426,300"
315,nfl,2022,316,Tristan Wirfs,TB,RT,"$4,425,825"
316,nfl,2022,317,Jordan Mailata,PHI,LT,"$4,422,000"
317,nfl,2022,318,Mecole Hardman,KC,WR,"$4,399,191"
318,nfl,2022,319,Michael Dickson,SEA,P,"$4,383,059"
319,nfl,2022,320,Jamaal Williams,DET,RB,"$4,375,000"
320,nfl,2022,321,Zay Jones,JAX,WR,"$4,333,333"
321,nfl,2022,,Chukwuma Okorafor,PIT,RT,"$4,333,333"
322,nfl,2022,323,Bilal Nichols,LV,DL/DT,"$4,312,500"
323,nfl,2022,324,Brian Burns,CAR,ED/DE,"$4,308,240"
324,nfl,2022,325,Allen Robinson,LAR,WR,"$4,300,000"
325,nfl,2022,326,Deatrich Wise,NE,ED/DE,"$4,291,168"
326,nfl,2022,327,Justin Fields,CHI,QB,"$4,289,081"
327,nfl,2022,328,Marcus Mariota,ATL,QB,"$4,250,000"
328,nfl,2022,329,Vita Vea,TB,DL/DT,"$4,245,475"
329,nfl,2022,330,De'Vondre Campbell,GB,LB/ILB,"$4,241,176"
330,nfl,2022,331,Pat Elflein,CAR,C,"$4,234,559"
331,nfl,2022,332,Daniel Carlson,LV,K,"$4,234,445"
332,nfl,2022,333,Brandon McManus,DEN,K,"$4,231,250"
333,nfl,2022,334,Javon Kinlaw,SF,DL/DT,"$4,224,189"
334,nfl,2022,335,Jordan Whitehead,NYJ,S,"$4,223,384"
335,nfl,2022,336,Rodger Saffold,BUF,G,"$4,220,000"
336,nfl,2022,337,Dexter Lawrence,NYG,DL/DT,"$4,215,286"
337,nfl,2022,338,James Daniels,PIT,G,"$4,166,666"
338,nfl,2022,339,Randall Cobb,GB,WR,"$4,149,018"
339,nfl,2022,340,Jerry Jeudy,DEN,WR,"$4,143,538"
340,nfl,2022,341,Eric Murray,HOU,FS,"$4,142,500"
341,nfl,2022,342,Byron Pringle,CHI,WR,"$4,125,000"
342,nfl,2022,343,Garrett Bradbury,MIN,C,"$4,099,095"
343,nfl,2022,344,Mason Rudolph,PIT,QB,"$4,040,000"
344,nfl,2022,345,Mike Purcell,DEN,DL/DT,"$4,036,765"
345,nfl,2022,346,Jeffery Simmons,TEN,DL/DE,"$4,029,376"
346,nfl,2022,347,Marcus Williams,BAL,S,"$4,028,000"
347,nfl,2022,348,Chris Manhertz,JAX,TE,"$4,025,000"
348,nfl,2022,349,DJ Chark,DET,WR,"$4,023,333"
349,nfl,2022,,D.J. Jones,DEN,DL/DT,"$4,023,333"
350,nfl,2022,351,Austin Blythe,SEA,C,"$4,000,000"
351,nfl,2022,,Fletcher Cox,PHI,DL/DT,"$4,000,000"
352,nfl,2022,,Zach Cunningham,TEN,LB/ILB,"$4,000,000"
353,nfl,2022,,Gerald Everett,LAC,TE,"$4,000,000"
354,nfl,2022,,Casey Hayward,ATL,CB,"$4,000,000"
355,nfl,2022,,Ryan Jensen,TB,C,"$4,000,000"
356,nfl,2022,,Arden Key,JAX,DL/DE,"$4,000,000"
357,nfl,2022,,Ryan Succop,TB,K,"$4,000,000"
358,nfl,2022,,Jameis Winston,NO,QB,"$4,000,000"
359,nfl,2022,360,Terron Armstead,MIA,LT,"$3,990,588"
360,nfl,2022,361,Azeez Al-Shaair,SF,LB,"$3,986,000"
361,nfl,2022,,Allen Lazard,GB,WR,"$3,986,000"
362,nfl,2022,,Jakobi Meyers,NE,WR,"$3,986,000"
363,nfl,2022,,Nik Needham,MIA,CB,"$3,986,000"
364,nfl,2022,365,Darnell Savage,GB,SS,"$3,982,901"
365,nfl,2022,366,Isaac Seumalo,PHI,G,"$3,976,000"
366,nfl,2022,367,James Conner,ARI,RB,"$3,975,000"
367,nfl,2022,368,Taven Bryan,CLE,DL/DT,"$3,941,180"
368,nfl,2022,369,Andre Dillard,PHI,LT,"$3,936,095"
369,nfl,2022,370,Melvin Ingram,MIA,ED/OLB,"$3,920,000"
370,nfl,2022,371,Drake London,ATL,WR,"$3,915,358"
371,nfl,2022,372,Leonard Fournette,TB,RB,"$3,911,765"
372,nfl,2022,373,Anthony Averett,LV,CB,"$3,910,000"
373,nfl,2022,374,A.J. Terrell,ATL,CB,"$3,901,568"
374,nfl,2022,375,Tytus Howard,HOU,RT,"$3,889,948"
375,nfl,2022,376,Charles Cross,SEA,LT,"$3,887,932"
376,nfl,2022,377,Maliek Collins,HOU,DL/DT,"$3,882,360"
377,nfl,2022,378,Micah Parsons,DAL,ED/OLB,"$3,881,771"
378,nfl,2022,379,Chuck Clark,BAL,SS,"$3,878,333"
379,nfl,2022,380,Haason Reddick,PHI,LB/OLB,"$3,878,000"
380,nfl,2022,381,Tyler Higbee,LAR,TE,"$3,875,000"
381,nfl,2022,382,Harrison Phillips,MIN,DL/DT,"$3,833,333"
382,nfl,2022,383,Markus Golden,ARI,ED/OLB,"$3,830,000"
383,nfl,2022,384,CeeDee Lamb,DAL,WR,"$3,820,912"
384,nfl,2022,385,Charvarius Ward,SF,CB,"$3,800,000"
385,nfl,2022,386,Josh Jacobs,LV,RB,"$3,796,990"
386,nfl,2022,387,Trenton Brown,NE,LT,"$3,794,118"
387,nfl,2022,388,Rashawn Slater,LAC,LT,"$3,779,945"
388,nfl,2022,389,Braxton Berrios,NYJ,WR,"$3,767,500"
389,nfl,2022,390,Christian Kirksey,HOU,LB/ILB,"$3,764,712"
390,nfl,2022,391,Eli Apple,CIN,CB,"$3,750,000"
391,nfl,2022,,Jerry Hughes,HOU,ED/DE,"$3,750,000"
392,nfl,2022,,Josey Jewell,DEN,LB/ILB,"$3,750,000"
393,nfl,2022,394,Byron Murphy,ARI,CB,"$3,747,636"
394,nfl,2022,395,Garrett Wilson,NYJ,WR,"$3,737,092"
395,nfl,2022,396,Dallas Goedert,PHI,TE,"$3,721,732"
396,nfl,2022,397,Jawaan Taylor,JAX,RT,"$3,721,077"
397,nfl,2022,398,Jayron Kearse,DAL,S,"$3,720,576"
398,nfl,2022,399,Austin Jackson,MIA,RT,"$3,720,095"
399,nfl,2022,400,Steven Nelson,HOU,CB,"$3,705,872"
400,nfl,2022,401,Montez Sweat,WAS,ED/DE,"$3,704,037"
401,nfl,2022,402,Duane Brown,NYJ,LT,"$3,696,000"
402,nfl,2022,403,Mitchell Trubisky,PIT,QB,"$3,660,000"
403,nfl,2022,404,Amani Hooker,TEN,S,"$3,648,370"
404,nfl,2022,405,Justin Britt,HOU,C,"$3,647,067"
405,nfl,2022,406,K’Lavon Chaisson,JAX,ED/OLB,"$3,639,440"
406,nfl,2022,407,Josh Sweat,PHI,ED/DE,"$3,628,000"
407,nfl,2022,408,Alijah Vera-Tucker,NYJ,RT,"$3,610,234"
408,nfl,2022,409,Zaire Franklin,IND,LB/OLB,"$3,610,000"
409,nfl,2022,410,Dalton Risner,DEN,G,"$3,593,597"
410,nfl,2022,411,DaQuan Jones,BUF,DL/DT,"$3,583,333"
411,nfl,2022,412,Justin Jefferson,MIN,WR,"$3,578,946"
412,nfl,2022,413,Calais Campbell,BAL,DL/DE,"$3,560,000"
413,nfl,2022,414,Hunter Renfrow,LV,WR,"$3,543,987"
414,nfl,2022,415,Mac Jones,NE,QB,"$3,542,353"
415,nfl,2022,416,Brandon Facyson,IND,CB,"$3,540,000"
416,nfl,2022,417,Kenneth Murray,LAC,LB/ILB,"$3,538,620"
417,nfl,2022,418,Quinton Jefferson,SEA,DL/DT,"$3,515,000"
418,nfl,2022,419,Jordan Phillips,BUF,ED/DE,"$3,514,706"
419,nfl,2022,420,Chris Olave,NO,WR,"$3,503,977"
420,nfl,2022,421,Jordan Hicks,MIN,LB/ILB,"$3,500,000"
421,nfl,2022,,Justin Houston,BAL,DL/DE,"$3,500,000"
422,nfl,2022,,Case Keenum,BUF,QB,"$3,500,000"
423,nfl,2022,,Al-Quadin Muhammad,CHI,ED/DE,"$3,500,000"
424,nfl,2022,,Joseph Noteboom,LAR,T,"$3,500,000"
425,nfl,2022,,Brandon Parker,LV,T,"$3,500,000"
426,nfl,2022,,Geno Smith,SEA,QB,"$3,500,000"
427,nfl,2022,428,Frankie Luvu,CAR,LB/OLB,"$3,485,294"
428,nfl,2022,429,Hayden Hurst,CIN,TE,"$3,476,466"
429,nfl,2022,430,Jadeveon Clowney,CLE,ED/DE,"$3,467,647"
430,nfl,2022,431,Tyson Alualu,PIT,DL/DT,"$3,462,500"
431,nfl,2022,432,Al Woods,SEA,DL/DT,"$3,460,000"
432,nfl,2022,433,Cesar Ruiz,NO,G,"$3,457,965"
433,nfl,2022,434,C.J. Ham,MIN,FB,"$3,450,000"
434,nfl,2022,435,L.J. Collier,SEA,ED/DE,"$3,447,843"
435,nfl,2022,436,Brandon Aiyuk,SF,WR,"$3,417,639"
436,nfl,2022,437,Ben Jones,TEN,C,"$3,413,333"
437,nfl,2022,438,Tyrann Mathieu,NO,FS,"$3,400,000"
438,nfl,2022,439,Sean Bunting,TB,CB,"$3,386,090"
439,nfl,2022,440,Joe Flacco,NYJ,QB,"$3,385,294"
440,nfl,2022,441,Dorance Armstrong,DAL,DL/DE,"$3,382,356"
441,nfl,2022,442,James Hurst,NO,LT,"$3,381,000"
442,nfl,2022,443,Jordan Love,GB,QB,"$3,377,305"
443,nfl,2022,444,Taylor Heinicke,WAS,QB,"$3,375,000"
444,nfl,2022,445,Tyler Conklin,NYJ,TE,"$3,373,333"
445,nfl,2022,446,C.J. Uzomah,NYJ,TE,"$3,356,666"
446,nfl,2022,,Tracy Walker,DET,S,"$3,356,666"
447,nfl,2022,448,Za'Darius Smith,MIN,ED/OLB,"$3,343,136"
448,nfl,2022,449,Zaven Collins,ARI,LB/ILB,"$3,338,695"
449,nfl,2022,450,Jordyn Brooks,SEA,LB/ILB,"$3,336,984"
450,nfl,2022,451,Rasul Douglas,GB,CB,"$3,334,313"
451,nfl,2022,452,Mark Glowinski,NYG,G,"$3,332,352"
452,nfl,2022,453,David Njoku,CLE,TE,"$3,328,000"
453,nfl,2022,454,Patrick Queen,BAL,LB/ILB,"$3,316,819"
454,nfl,2022,455,Bradley Chubb,MIA,ED/OLB,"$3,272,489"
455,nfl,2022,456,Kaleb McGary,ATL,RT,"$3,266,373"
456,nfl,2022,457,Rasheem Green,HOU,ED/DE,"$3,250,000"
457,nfl,2022,,Ja'Wuan James,BAL,RT,"$3,250,000"
458,nfl,2022,,Tyler Matakevich,BUF,LB/ILB,"$3,250,000"
459,nfl,2022,,Rakeem Nunez-Roches,TB,DL/DT,"$3,250,000"
460,nfl,2022,461,Erik McCoy,NO,C,"$3,222,378"
461,nfl,2022,462,Jalen Reeves-Maybin,HOU,LB/OLB,"$3,220,590"
462,nfl,2022,463,Michael Pierce,BAL,DL/DT,"$3,190,000"
463,nfl,2022,464,Austin Corbett,CAR,G,"$3,188,000"
464,nfl,2022,465,Adrian Phillips,NE,FS,"$3,187,500"
465,nfl,2022,466,Jaelan Phillips,MIA,ED/OLB,"$3,185,955"
466,nfl,2022,467,Cairo Santos,CHI,K,"$3,175,000"
467,nfl,2022,468,Jameson Williams,DET,WR,"$3,174,871"
468,nfl,2022,469,Jason Sanders,MIA,K,"$3,150,000"
469,nfl,2022,470,Jamin Davis,WAS,LB/OLB,"$3,135,040"
470,nfl,2022,471,Juan Thornhill,KC,FS,"$3,134,139"
471,nfl,2022,472,Ogbonnia Okoronkwo,HOU,LB/OLB,"$3,132,356"
472,nfl,2022,473,Patrick Peterson,MIN,CB,"$3,132,353"
473,nfl,2022,474,Ian Thomas,CAR,TE,"$3,101,666"
474,nfl,2022,475,Kwity Paye,IND,ED/DE,"$3,101,097"
475,nfl,2022,476,Mario Addison,HOU,ED/DE,"$3,100,000"
476,nfl,2022,,Angelo Blackson,CHI,DL/DT,"$3,100,000"
477,nfl,2022,,Patrick Mekari,BAL,T/C,"$3,100,000"
478,nfl,2022,479,Jalen Thompson,ARI,S,"$3,084,730"
479,nfl,2022,480,Jordan Davis,PHI,DL/DT,"$3,080,340"
480,nfl,2022,481,Shaq Mason,TB,G,"$3,078,345"
481,nfl,2022,482,Tress Way,WAS,P,"$3,076,176"
482,nfl,2022,483,Noah Igbinoghene,MIA,CB,"$3,069,330"
483,nfl,2022,484,Caleb Farley,TEN,CB,"$3,067,155"
484,nfl,2022,485,David Montgomery,CHI,RB,"$3,051,545"
485,nfl,2022,486,Ka'imi Fairbairn,HOU,K,"$3,042,500"
486,nfl,2022,487,JuJu Smith-Schuster,KC,WR,"$3,040,000"
487,nfl,2022,488,Denzel Perryman,LV,LB/ILB,"$3,036,176"
488,nfl,2022,489,Keion Crossen,MIA,CB,"$3,035,000"
489,nfl,2022,490,Christian Darrisaw,MIN,LT,"$3,033,214"
490,nfl,2022,491,Nate Davis,TEN,G,"$3,023,670"
491,nfl,2022,492,Charles Harris,DET,DL/DE,"$3,023,333"
492,nfl,2022,493,Marcus Davenport,NO,ED/DE,"$3,009,446"
493,nfl,2022,494,Nick Gates,NYG,C,"$3,004,167"
494,nfl,2022,495,Andy Dalton,NO,QB,"$3,000,000"
495,nfl,2022,,Carlos Dunlap,KC,ED/DE,"$3,000,000"
496,nfl,2022,,Dan Feeney,NYJ,G,"$3,000,000"
497,nfl,2022,,Younghoe Koo,ATL,K,"$3,000,000"
498,nfl,2022,,Jarvis Landry,NO,WR,"$3,000,000"
499,nfl,2022,,Riley Reiff,CHI,RT,"$3,000,000"
500,nfl,2022,,Trai Turner,WAS,G,"$3,000,000"
501,nfl,2022,502,Cameron Brate,TB,TE,"$2,985,000"
502,nfl,2022,503,Najee Harris,PIT,RB,"$2,965,329"
503,nfl,2022,504,Kyle Juszczyk,SF,FB,"$2,958,750"
504,nfl,2022,505,Duke Riley,MIA,ED/OLB,"$2,955,882"
505,nfl,2022,506,Kyle Hamilton,BAL,S,"$2,955,470"
506,nfl,2022,507,Clyde Edwards-Helaire,KC,RB,"$2,951,337"
507,nfl,2022,508,Travis Etienne,JAX,RB,"$2,931,388"
508,nfl,2022,509,Graham Gano,NYG,K,"$2,917,962"
509,nfl,2022,510,Jake Elliott,PHI,K,"$2,914,000"
510,nfl,2022,511,Dante Fowler Jr.,DAL,DL/DE,"$2,911,754"
511,nfl,2022,512,Nasir Adderley,LAC,S,"$2,905,384"
512,nfl,2022,513,Kenyon Green,HOU,G,"$2,900,619"
513,nfl,2022,514,Chris Wormley,PIT,DL/DT,"$2,900,000"
514,nfl,2022,515,Greg Newsome,CLE,CB,"$2,897,440"
515,nfl,2022,516,Jon Feliciano,NYG,C,"$2,897,059"
516,nfl,2022,517,Taylor Rapp,LAR,SS,"$2,894,762"
517,nfl,2022,518,A.J. Cann,HOU,G,"$2,867,648"
518,nfl,2022,519,Rashod Bateman,BAL,WR,"$2,863,503"
519,nfl,2022,520,David Edwards,LAR,G,"$2,856,130"
520,nfl,2022,521,Payton Turner,NO,ED/DE,"$2,846,531"
521,nfl,2022,522,Zach Allen,ARI,DL/DE,"$2,825,684"
522,nfl,2022,523,Dre'Mont Jones,DEN,DL/DE,"$2,806,600"
523,nfl,2022,524,Germaine Pratt,CIN,LB/ILB,"$2,803,221"
524,nfl,2022,525,Xavier Woods,CAR,S,"$2,801,666"
525,nfl,2022,526,Bradley Bozeman,CAR,C,"$2,800,000"
526,nfl,2022,527,Devin Singletary,BUF,RB,"$2,798,956"
527,nfl,2022,528,Michael Deiter,MIA,C,"$2,786,312"
528,nfl,2022,529,Bobby McCain,WAS,S,"$2,780,000"
529,nfl,2022,,Andrew Norwell,WAS,G,"$2,780,000"
530,nfl,2022,531,Will Harris,DET,SS,"$2,778,061"
531,nfl,2022,532,William Jackson,PIT,CB,"$2,777,778"
532,nfl,2022,533,Bobby Okereke,IND,LB/ILB,"$2,760,779"
533,nfl,2022,534,Connor McGovern,DAL,G,"$2,760,527"
534,nfl,2022,535,Miles Boykin,PIT,WR,"$2,754,232"
535,nfl,2022,536,Jamel Dean,TB,CB,"$2,751,713"
536,nfl,2022,537,Nick Bellore,SEA,FB,"$2,750,000"
537,nfl,2022,,Alec Ingold,MIA,FB,"$2,750,000"
538,nfl,2022,,Derrick Nnadi,KC,DL/DT,"$2,750,000"
539,nfl,2022,,Elandon Roberts,MIA,LB/ILB,"$2,750,000"
540,nfl,2022,,Durham Smythe,MIA,TE,"$2,750,000"
541,nfl,2022,542,Mike Edwards,TB,S,"$2,745,545"
542,nfl,2022,543,Harrison Butker,KC,K,"$2,736,525"
543,nfl,2022,544,Jahan Dotson,WAS,WR,"$2,736,065"
544,nfl,2022,545,Julian Love,NYG,FS,"$2,732,715"
545,nfl,2022,546,C.J. Beathard,JAX,QB,"$2,726,464"
546,nfl,2022,547,Ben Powers,BAL,G,"$2,714,383"
547,nfl,2022,548,Eric Stokes,GB,CB,"$2,710,346"
548,nfl,2022,549,Drue Tranquill,LAC,LB/ILB,"$2,704,702"
549,nfl,2022,550,Tyrod Taylor,NYG,QB,"$2,700,000"
550,nfl,2022,551,Greg Gaines,LAR,DL/DT,"$2,696,653"
551,nfl,2022,552,Austin Hooper,TEN,TE,"$2,690,000"
552,nfl,2022,553,Zion Johnson,LAC,G,"$2,681,214"
553,nfl,2022,554,Logan Cooke,JAX,P,"$2,680,000"
554,nfl,2022,555,Tim Settle,BUF,DL/DT,"$2,675,000"
555,nfl,2022,556,Cornelius Lucas,WAS,LT,"$2,670,000"
556,nfl,2022,557,Derek Barnett,PHI,ED/DE,"$2,669,176"
557,nfl,2022,558,Geoff Swaim,TEN,TE,"$2,669,112"
558,nfl,2022,559,Foster Moreau,LV,TE,"$2,662,098"
559,nfl,2022,560,Marcus Maye,NO,FS,"$2,638,236"
560,nfl,2022,561,Greg Rousseau,BUF,ED/DE,"$2,638,227"
561,nfl,2022,562,Amani Oruwariye,DET,CB,"$2,620,527"
562,nfl,2022,563,Andrew Van Ginkel,MIA,ED/OLB,"$2,617,695"
563,nfl,2022,564,Lucas Patrick,CHI,G,"$2,617,500"
564,nfl,2022,565,Treylon Burks,TEN,WR,"$2,612,653"
565,nfl,2022,566,Dawson Knox,BUF,TE,"$2,600,545"
566,nfl,2022,567,Nick Foles,IND,QB,"$2,600,000"
567,nfl,2022,,J.T. Gray,NO,SS,"$2,600,000"
568,nfl,2022,,Cory Littleton,CAR,LB/ILB,"$2,600,000"
569,nfl,2022,570,Cole Holcomb,WAS,LB/ILB,"$2,598,721"
570,nfl,2022,571,Malik Hooker,DAL,S,"$2,591,180"
571,nfl,2022,572,Justin McCray,HOU,G,"$2,589,705"
572,nfl,2022,573,Morgan Moses,BAL,RT,"$2,580,000"
573,nfl,2022,574,Odafe Oweh,BAL,ED/OLB,"$2,577,816"
574,nfl,2022,575,Zach Sieler,MIA,DL/DT,"$2,575,000"
575,nfl,2022,576,Trevor Penning,NO,LT,"$2,571,512"
576,nfl,2022,577,Cam Sims,WAS,WR,"$2,563,536"
577,nfl,2022,578,Myles Gaskin,MIA,RB,"$2,561,695"
578,nfl,2022,579,Kenny Pickett,PIT,QB,"$2,557,801"
579,nfl,2022,580,Mason Cole,PIT,C,"$2,556,666"
580,nfl,2022,581,Deonte Harty,NO,WR,"$2,546,977"
581,nfl,2022,582,Trent McDuffie,KC,CB,"$2,544,088"
582,nfl,2022,583,Avonte Maddox,PHI,CB,"$2,540,266"
583,nfl,2022,584,Marcus Allen,PIT,S,"$2,540,000"
584,nfl,2022,,Chauncey Gardner-Johnson,PHI,SS,"$2,540,000"
585,nfl,2022,,Matt Gay,LAR,K,"$2,540,000"
586,nfl,2022,,Phil Haynes,SEA,G,"$2,540,000"
587,nfl,2022,,Gardner Minshew,PHI,QB,"$2,540,000"
588,nfl,2022,,Charles Omenihu,SF,ED/DE,"$2,540,000"
589,nfl,2022,,Max Scharping,CIN,G,"$2,540,000"
590,nfl,2022,,Armon Watts,CHI,ED/DE,"$2,540,000"
591,nfl,2022,,Mike White,NYJ,QB,"$2,540,000"
592,nfl,2022,,Quincy Williams,NYJ,LB/OLB,"$2,540,000"
593,nfl,2022,,Mack Wilson,NE,LB/ILB,"$2,540,000"
594,nfl,2022,,Rock Ya-Sin,LV,CB,"$2,540,000"
595,nfl,2022,596,Joe Tryon,TB,ED/OLB,"$2,538,918"
596,nfl,2022,597,Dan Arnold,JAX,TE,"$2,535,000"
597,nfl,2022,598,Cethan Carter,MIA,TE,"$2,525,000"
598,nfl,2022,599,Levi Wallace,PIT,CB,"$2,517,500"
599,nfl,2022,,Ahkello Witherspoon,PIT,CB,"$2,517,500"
600,nfl,2022,601,Quay Walker,GB,LB/ILB,"$2,516,662"
601,nfl,2022,602,Desmond King,HOU,CB,"$2,514,977"
602,nfl,2022,603,Calvin Anderson,DEN,LT,"$2,500,000"
603,nfl,2022,,Lorenzo Carter,ATL,ED/OLB,"$2,500,000"
604,nfl,2022,,Kyle Fuller,BAL,CB,"$2,500,000"
605,nfl,2022,,Troy Hill,LAR,CB,"$2,500,000"
606,nfl,2022,,Colt McCoy,ARI,QB,"$2,500,000"
607,nfl,2022,,Nicholas Morrow,CHI,LB/OLB,"$2,500,000"
608,nfl,2022,,Cordarrelle Patterson,ATL,RB,"$2,500,000"
609,nfl,2022,,Bobby Wagner,LAR,LB/ILB,"$2,500,000"
610,nfl,2022,611,Kaiir Elam,BUF,CB,"$2,489,238"
611,nfl,2022,612,Rex Burkhead,HOU,RB,"$2,476,471"
612,nfl,2022,613,C.J. Henderson,CAR,CB,"$2,475,093"
613,nfl,2022,614,Kyle Allen,HOU,QB,"$2,470,588"
614,nfl,2022,615,Robert Tonyan Jr.,GB,TE,"$2,447,941"
615,nfl,2022,616,Billy Turner,DEN,RT,"$2,440,000"
616,nfl,2022,617,Tyler Smith,DAL,LT,"$2,434,386"
617,nfl,2022,618,Daniel Brunskill,SF,T,"$2,433,000"
618,nfl,2022,,Ashton Dulin,IND,WR,"$2,433,000"
619,nfl,2022,,Nate Herbig,NYJ,G,"$2,433,000"
620,nfl,2022,,Greg Joseph,MIN,K,"$2,433,000"
621,nfl,2022,,Robert Spillane,PIT,LB,"$2,433,000"
622,nfl,2022,,Shy Tuttle,NO,DL/DT,"$2,433,000"
623,nfl,2022,,Andrew Wingard,JAX,S,"$2,433,000"
624,nfl,2022,,Olamide Zaccheaus,ATL,WR,"$2,433,000"
625,nfl,2022,626,Kelvin Beachum,ARI,RT,"$2,425,000"
626,nfl,2022,627,Ja'whaun Bentley,NE,LB/ILB,"$2,420,000"
627,nfl,2022,628,Tyler Linderbaum,BAL,C,"$2,406,961"
628,nfl,2022,629,Akiem Hicks,TB,DL/DE,"$2,390,823"
629,nfl,2022,630,Jermaine Johnson,NYJ,ED/DE,"$2,379,535"
630,nfl,2022,631,Ryan Bates,BUF,G,"$2,375,000"
631,nfl,2022,632,Tee Higgins,CIN,WR,"$2,369,124"
632,nfl,2022,633,Devin Lloyd,JAX,LB/ILB,"$2,352,110"
633,nfl,2022,634,Michael Pittman Jr.,IND,WR,"$2,348,959"
634,nfl,2022,635,Rigoberto Sanchez,IND,P,"$2,345,000"
635,nfl,2022,636,Devonte Wyatt,GB,DL/DT,"$2,338,397"
636,nfl,2022,637,D'Andre Swift,DET,RB,"$2,328,795"
637,nfl,2022,638,Cody Davis,NE,FS,"$2,300,000"
638,nfl,2022,,Mark Ingram,NO,RB,"$2,300,000"
639,nfl,2022,640,Xavier McKinney,NYG,FS,"$2,288,468"
640,nfl,2022,641,James Bradberry,PHI,CB,"$2,278,000"
641,nfl,2022,642,Tyquan Lewis,IND,ED/DE,"$2,275,000"
642,nfl,2022,643,Siran Neal,BUF,S,"$2,273,333"
643,nfl,2022,644,Kyle Dugger,NE,S,"$2,272,337"
644,nfl,2022,645,Tom Compton,DEN,G,"$2,250,000"
645,nfl,2022,,Blaine Gabbert,TB,QB,"$2,250,000"
646,nfl,2022,,Mike Hughes,DET,CB,"$2,250,000"
647,nfl,2022,,Solomon Thomas,NYJ,DL/DT,"$2,250,000"
648,nfl,2022,,Tavierre Thomas,HOU,CB,"$2,250,000"
649,nfl,2022,,Kyle Van Noy,LAC,LB/ILB,"$2,250,000"
650,nfl,2022,651,Yetur Gross-Matos,CAR,ED/DE,"$2,236,038"
651,nfl,2022,652,Cole Strange,NE,G,"$2,228,358"
652,nfl,2022,653,A.J. Green,ARI,WR,"$2,217,256"
653,nfl,2022,654,Nick Folk,NE,K,"$2,215,000"
654,nfl,2022,,Damien Wilson,CAR,LB/ILB,"$2,215,000"
655,nfl,2022,656,Noah Fant,SEA,TE,"$2,211,917"
656,nfl,2022,657,Ryan Griffin,CHI,TE,"$2,205,882"
657,nfl,2022,658,Jake Bailey,NE,P,"$2,202,245"
658,nfl,2022,659,Cameron Johnston,HOU,P,"$2,200,833"
659,nfl,2022,660,Bryan Anger,DAL,P,"$2,200,000"
660,nfl,2022,661,Robert Hunt,MIA,G,"$2,199,747"
661,nfl,2022,662,Dennis Gardeck,ARI,ED/OLB,"$2,196,666"
662,nfl,2022,663,M.J. Stewart,HOU,SS,"$2,191,178"
663,nfl,2022,664,Patrick Ricard,BAL,FB,"$2,190,000"
664,nfl,2022,665,Adam Shaheen,MIA,TE,"$2,184,805"
665,nfl,2022,666,George Karlaftis,KC,ED/DE,"$2,170,086"
666,nfl,2022,667,Alex Anzalone,DET,LB/ILB,"$2,161,764"
667,nfl,2022,668,Tyler Shatley,JAX,G,"$2,150,000"
668,nfl,2022,669,Jonathan Taylor,IND,RB,"$2,135,223"
669,nfl,2022,670,K'Waun Williams,DEN,CB,"$2,135,000"
670,nfl,2022,671,Brandon Bolden,LV,RB,"$2,130,000"
671,nfl,2022,672,LaMarcus Joyner,NYJ,FS,"$2,129,411"
672,nfl,2022,673,Trey Flowers,MIA,DL/DE,"$2,125,000"
673,nfl,2022,674,Daxton Hill,CIN,S,"$2,121,275"
674,nfl,2022,675,Joejuan Williams,NE,CB,"$2,108,482"
675,nfl,2022,676,Marquise Brown,ARI,WR,"$2,102,364"
676,nfl,2022,677,William Gholston,TB,DL/DE,"$2,100,000"
677,nfl,2022,,Joe Haeg,CLE,T,"$2,100,000"
678,nfl,2022,679,Lewis Cine,MIN,S,"$2,089,846"
679,nfl,2022,680,Matthew Ioannidis,CAR,ED/DE,"$2,082,112"
680,nfl,2022,681,Cole Kmet,CHI,TE,"$2,066,667"
681,nfl,2022,682,Dre Greenlaw,SF,LB,"$2,065,311"
682,nfl,2022,683,Greedy Williams,CLE,CB,"$2,055,033"
683,nfl,2022,684,Mike Boone,DEN,RB,"$2,050,000"
684,nfl,2022,685,Tyson Campbell,JAX,CB,"$2,048,887"
685,nfl,2022,686,Grant Delpit,CLE,FS,"$2,035,926"
686,nfl,2022,687,Justin Hardee,NYJ,CB,"$2,035,280"
687,nfl,2022,688,Artie Burns,SEA,CB,"$2,035,000"
688,nfl,2022,689,Elijah Moore,NYJ,WR,"$2,031,915"
689,nfl,2022,690,Clayton Fejedelem,MIA,SS,"$2,030,000"
690,nfl,2022,691,Julio Jones,TB,WR,"$2,029,058"
691,nfl,2022,692,Javonte Williams,DEN,RB,"$2,014,944"
692,nfl,2022,693,Nyheim Miller-Hines,BUF,RB,"$2,013,333"
693,nfl,2022,694,Evan Brown,DET,C,"$2,013,235"
694,nfl,2022,695,A.J. Cole,LV,P,"$2,000,000"
695,nfl,2022,,Chase Daniel,LAC,QB,"$2,000,000"
696,nfl,2022,,D'Onta Foreman,CAR,RB,"$2,000,000"
697,nfl,2022,,Chad Henne,KC,QB,"$2,000,000"
698,nfl,2022,,Mack Hollins,LV,WR,"$2,000,000"
699,nfl,2022,,Kareem Jackson,DEN,SS,"$2,000,000"
700,nfl,2022,,Linval Joseph,PHI,DL/DT,"$2,000,000"
701,nfl,2022,,Josh Reynolds,DET,WR,"$2,000,000"
702,nfl,2022,,Kyle Rudolph,TB,TE,"$2,000,000"
703,nfl,2022,,Joey Slye,WAS,K,"$2,000,000"
704,nfl,2022,,Ndamukong Suh,PHI,DL/DT,"$2,000,000"
705,nfl,2022,,Leighton Vander Esch,DAL,LB,"$2,000,000"
706,nfl,2022,707,Chris Board,DET,LB,"$1,994,112"
707,nfl,2022,708,Antoine Winfield Jr.,TB,S,"$1,992,868"
708,nfl,2022,709,Greg Zuerlein,NYJ,K,"$1,985,294"
709,nfl,2022,710,Trevor Siemian,CHI,QB,"$1,985,000"
710,nfl,2022,711,Jevon Holland,MIA,S,"$1,981,002"
711,nfl,2022,712,Jamison Crowder,BUF,WR,"$1,980,000"
712,nfl,2022,713,Zane Gonzalez,CAR,K,"$1,977,647"
713,nfl,2022,714,Kalif Raymond,DET,WR,"$1,975,000"
714,nfl,2022,715,Landon Dickerson,PHI,G,"$1,967,426"
715,nfl,2022,716,Marquis Haynes,CAR,ED/DE,"$1,955,000"
716,nfl,2022,717,Neville Hewitt,HOU,LB/ILB,"$1,950,000"
717,nfl,2022,718,K.J. Hamler,DEN,WR,"$1,946,490"
718,nfl,2022,719,Christian Barmore,NE,DL/DT,"$1,936,874"
719,nfl,2022,720,Raheem Mostert,MIA,RB,"$1,936,765"
720,nfl,2022,721,Randy Bullock,TEN,K,"$1,936,464"
721,nfl,2022,722,Dustin Hopkins,LAC,K,"$1,920,000"
722,nfl,2022,723,Anthony Barr,DAL,ED/OLB,"$1,911,764"
723,nfl,2022,724,Ray-Ray McCloud,SF,WR,"$1,910,000"
724,nfl,2022,,J.D. McKissic,WAS,RB,"$1,910,000"
725,nfl,2022,726,Teven Jenkins,CHI,G,"$1,906,329"
726,nfl,2022,727,Ben Banogu,IND,ED/DE,"$1,891,434"
727,nfl,2022,728,Richie Grant,ATL,S,"$1,879,174"
728,nfl,2022,729,N'Keal Harry,CHI,WR,"$1,872,047"
729,nfl,2022,730,Jamarco Jones,TEN,T,"$1,869,117"
730,nfl,2022,731,Isaiah McKenzie,BUF,WR,"$1,860,294"
731,nfl,2022,732,Levi Onwuzurike,DET,DL/DT,"$1,852,021"
732,nfl,2022,733,Jakeem Grant,CLE,WR,"$1,851,666"
733,nfl,2022,734,Samaje Perine,CIN,RB,"$1,850,000"
734,nfl,2022,735,Irv Smith,MIN,TE,"$1,844,958"
735,nfl,2022,736,Darrell Taylor,SEA,LB/OLB,"$1,844,865"
736,nfl,2022,737,Tanner Vallejo,ARI,LB/ILB,"$1,844,117"
737,nfl,2022,738,Tre Flowers,CIN,CB,"$1,838,240"
738,nfl,2022,739,Kyzir White,PHI,LB/OLB,"$1,828,000"
739,nfl,2022,740,Jason Peters,DAL,LT,"$1,826,731"
740,nfl,2022,741,Liam Eichenberg,MIA,G,"$1,821,473"
741,nfl,2022,742,Anthony Walker Jr.,CLE,LB/ILB,"$1,819,176"
742,nfl,2022,743,Jalen Reagor,MIN,WR,"$1,816,425"
743,nfl,2022,744,Brian Allen,LAR,C,"$1,800,000"
744,nfl,2022,,Hassan Ridgeway,SF,DL/DT,"$1,800,000"
745,nfl,2022,746,Trevon Moehrig,LV,S,"$1,794,320"
746,nfl,2022,747,Johnny Hekker,CAR,P,"$1,786,666"
747,nfl,2022,748,Rodney McLeod,IND,FS,"$1,770,000"
748,nfl,2022,,Nick Vigil,ARI,ED/OLB,"$1,770,000"
749,nfl,2022,750,Kelvin Joseph,DAL,CB,"$1,768,446"
750,nfl,2022,751,Montravius Adams,PIT,DL/DE,"$1,767,500"
751,nfl,2022,752,Bradley Roby,NO,CB,"$1,765,475"
752,nfl,2022,753,Jaylon Johnson,CHI,CB,"$1,764,210"
753,nfl,2022,754,Brian Hoyer,NE,QB,"$1,760,000"
754,nfl,2022,755,Jarran Reed,GB,DL/DE,"$1,758,000"
755,nfl,2022,756,Drew Sample,CIN,TE,"$1,752,003"
756,nfl,2022,757,David Quessenberry,BUF,RT,"$1,750,000"
757,nfl,2022,,Chris Reed,MIN,G,"$1,750,000"
758,nfl,2022,,Andre Roberts,CAR,WR,"$1,750,000"
759,nfl,2022,,Boston Scott,PHI,RB,"$1,750,000"
760,nfl,2022,,Chandon Sullivan,MIN,CB,"$1,750,000"
761,nfl,2022,762,Bryan Mone,SEA,DL/DT,"$1,745,000"
762,nfl,2022,763,Walker Little,JAX,LT,"$1,732,205"
763,nfl,2022,764,Jabrill Peppers,NE,S,"$1,725,000"
764,nfl,2022,765,Trevon Diggs,DAL,CB,"$1,723,884"
765,nfl,2022,766,Mitch Wishnowsky,SF,P,"$1,706,018"
766,nfl,2022,767,Miles Sanders,PHI,RB,"$1,704,156"
767,nfl,2022,768,Logan Hall,TB,DL/DT,"$1,693,901"
768,nfl,2022,769,Jackson Carman,CIN,G,"$1,693,170"
769,nfl,2022,770,Sam Eguavoen,MIA,LB,"$1,690,000"
770,nfl,2022,771,Cam Akers,LAR,RB,"$1,683,555"
771,nfl,2022,772,Christian Watson,GB,WR,"$1,680,188"
772,nfl,2022,773,Keith Smith,ATL,FB,"$1,666,668"
773,nfl,2022,774,A.J. Moore,TEN,S,"$1,666,666"
774,nfl,2022,775,Roger McCreary,TEN,CB,"$1,666,474"
775,nfl,2022,776,Rashaan Evans,ATL,LB/ILB,"$1,647,056"
776,nfl,2022,777,Jalen Hurts,PHI,QB,"$1,643,230"
777,nfl,2022,778,Asante Samuel Jr.,LAC,CB,"$1,641,579"
778,nfl,2022,779,Ty Montgomery,NE,WR,"$1,640,000"
779,nfl,2022,780,Breece Hall,NYJ,RB,"$1,639,050"
780,nfl,2022,781,Jalen Pitre,HOU,S,"$1,628,080"
781,nfl,2022,782,Pat O'Donnell,GB,P,"$1,625,000"
782,nfl,2022,783,Aaron Banks,SF,G,"$1,607,636"
783,nfl,2022,784,Arnold Ebiketie,ATL,DL/DE,"$1,603,398"
784,nfl,2022,785,A.J. Epenesa,BUF,ED/DE,"$1,602,900"
785,nfl,2022,786,Tre'quan Smith,NO,WR,"$1,600,000"
786,nfl,2022,787,Gunner Olszewski,PIT,WR,"$1,582,500"
787,nfl,2022,788,Andre James,LV,C,"$1,580,000"
788,nfl,2022,789,Kyler Gordon,CHI,CB,"$1,578,714"
789,nfl,2022,790,Rondale Moore,ARI,WR,"$1,573,691"
790,nfl,2022,791,JK Dobbins,BAL,RB,"$1,562,573"
791,nfl,2022,792,Tanoh Kpassagnon,NO,ED/DE,"$1,558,000"
792,nfl,2022,793,Boye Mafe,SEA,ED/DE,"$1,556,773"
793,nfl,2022,794,Raekwon Davis,MIA,DL/DT,"$1,542,409"
794,nfl,2022,795,Azeez Ojulari,NYG,DL/DE,"$1,539,752"
795,nfl,2022,796,Greg Little,MIA,RT,"$1,536,672"
796,nfl,2022,797,Jason Cabinda,DET,FB,"$1,535,000"
797,nfl,2022,,Arthur Maulet,PIT,CB,"$1,535,000"
798,nfl,2022,799,Kenneth Walker III,SEA,RB,"$1,534,833"
799,nfl,2022,800,Van Jefferson,LAR,WR,"$1,530,309"
800,nfl,2022,801,Josh Woods,DET,LB,"$1,526,470"
801,nfl,2022,802,Parris Campbell,IND,WR,"$1,519,616"
802,nfl,2022,803,Miles Killebrew,PIT,S,"$1,517,500"
803,nfl,2022,804,Andrew Booth Jr.,MIN,CB,"$1,510,150"
804,nfl,2022,805,Ezra Cleveland,MIN,G,"$1,510,148"
805,nfl,2022,806,Samuel Cosmi,WAS,RT,"$1,505,811"
806,nfl,2022,807,Corey Bojorquez,CLE,P,"$1,500,000"
807,nfl,2022,,C.J. Goodwin,DAL,CB,"$1,500,000"
808,nfl,2022,,Kerry Hyder,SF,ED/DE,"$1,500,000"
809,nfl,2022,,Jakob Johnson,LV,FB,"$1,500,000"
810,nfl,2022,,Ronald Jones II,KC,RB,"$1,500,000"
811,nfl,2022,,Zach Pascal,PHI,WR,"$1,500,000"
812,nfl,2022,,Malik Reed,PIT,ED/OLB,"$1,500,000"
813,nfl,2022,,Coleman Shelton,LAR,G,"$1,500,000"
814,nfl,2022,815,Wan'dale Robinson,NYG,WR,"$1,488,212"
815,nfl,2022,816,Denzel Mims,NYJ,WR,"$1,481,919"
816,nfl,2022,817,Bradley Pinion,ATL,P,"$1,480,000"
817,nfl,2022,818,Jeremiah Owusu-Koramoah,CLE,LB/OLB,"$1,471,867"
818,nfl,2022,819,Joshua Uche,NE,LB/OLB,"$1,469,819"
819,nfl,2022,820,Cody Ford,ARI,G,"$1,468,747"
820,nfl,2022,821,Kristian Fulton,TEN,CB,"$1,453,689"
821,nfl,2022,822,Drew Lock,SEA,QB,"$1,451,021"
822,nfl,2022,823,Jesse Davis,PIT,G,"$1,450,000"
823,nfl,2022,,Dare Ogunbowale,HOU,RB,"$1,450,000"
824,nfl,2022,825,A.J. Dillon,GB,RB,"$1,441,590"
825,nfl,2022,826,David Ojabo,BAL,ED/OLB,"$1,438,022"
826,nfl,2022,827,Dillon Radunz,TEN,G,"$1,437,926"
827,nfl,2022,828,George Odum,SF,S,"$1,435,000"
828,nfl,2022,829,Jeremy Chinn,CAR,FS,"$1,429,493"
829,nfl,2022,830,Jahlani Tavai,NE,LB,"$1,426,566"
830,nfl,2022,831,Oren Burks,SF,LB/ILB,"$1,408,000"
831,nfl,2022,832,Josh Paschal,DET,DL/DE,"$1,406,482"
832,nfl,2022,833,Rashad Fenton,ATL,CB,"$1,405,555"
833,nfl,2022,834,Dayo Odeyingbo,IND,ED/DE,"$1,403,981"
834,nfl,2022,835,Aaron Stinnie,TB,G,"$1,400,000"
835,nfl,2022,,Josh Tupou,CIN,DL/DT,"$1,400,000"
836,nfl,2022,837,Pat Freiermuth,PIT,TE,"$1,370,041"
837,nfl,2022,838,Phidarian Mathis,WAS,DL/DT,"$1,364,795"
838,nfl,2022,839,John Metchie,HOU,WR,"$1,357,306"
839,nfl,2022,840,D'Wayne Eskridge,SEA,WR,"$1,353,069"
840,nfl,2022,841,Baker Mayfield,LAR,QB,"$1,349,444"
841,nfl,2022,842,Logan Wilson,CIN,LB/OLB,"$1,348,798"
842,nfl,2022,843,Antonio Gibson,WAS,RB,"$1,345,264"
843,nfl,2022,844,Julian Okwara,DET,ED/OLB,"$1,344,911"
844,nfl,2022,845,Charley Hughlett,CLE,LS,"$1,343,555"
845,nfl,2022,846,TuTu Atwell,LAR,WR,"$1,342,886"
846,nfl,2022,847,Ashtyn Davis,NYJ,FS,"$1,341,104"
847,nfl,2022,848,Jaquan Brisker,CHI,S,"$1,337,371"
848,nfl,2022,849,Damien Lewis,SEA,G,"$1,336,947"
849,nfl,2022,850,Ross Blacklock,MIN,DL/DT,"$1,332,495"
850,nfl,2022,851,Joe Cardona,NE,LS,"$1,330,000"
851,nfl,2022,852,Brandon Jones,MIA,FS,"$1,329,025"
852,nfl,2022,853,Nick Bolton,KC,LB/OLB,"$1,325,916"
853,nfl,2022,854,Tremon Smith,HOU,CB,"$1,325,000"
854,nfl,2022,855,Nnamdi Madubuike,BAL,DL/DT,"$1,323,629"
855,nfl,2022,856,Josh Harris,LAC,LS,"$1,320,000"
856,nfl,2022,857,Josh Jones,ARI,RT,"$1,319,821"
857,nfl,2022,858,DaVon Hamilton,JAX,DL/DT,"$1,314,686"
858,nfl,2022,859,Alex Leatherwood,CHI,RT,"$1,314,162"
859,nfl,2022,860,Zack Baun,NO,LB/OLB,"$1,312,142"
860,nfl,2022,861,Laviska Shenault,CAR,WR,"$1,309,643"
861,nfl,2022,862,Jonah Jackson,DET,G,"$1,308,209"
862,nfl,2022,863,Terrace Marshall,CAR,WR,"$1,302,156"
863,nfl,2022,864,Ke'Shawn Vaughn,TB,RB,"$1,297,091"
864,nfl,2022,865,Matt Hennessy,ATL,C,"$1,293,971"
865,nfl,2022,866,Deion Jones,CLE,LB/ILB,"$1,293,921"
866,nfl,2022,867,Pete Werner,NO,LB/OLB,"$1,291,973"
867,nfl,2022,868,Tyquan Thornton,NE,WR,"$1,282,520"
868,nfl,2022,869,Carlos Basham Jr.,BUF,ED/DE,"$1,278,396"
869,nfl,2022,870,Neville Gallimore,DAL,DL/DT,"$1,276,486"
870,nfl,2022,871,James Winchester,KC,LS,"$1,275,000"
871,nfl,2022,872,Clark Harris,CIN,LS,"$1,272,500"
872,nfl,2022,,Chris Hubbard,CLE,T,"$1,272,500"
873,nfl,2022,,Matthew Slater,NE,WR,"$1,272,500"
874,nfl,2022,875,Lloyd Cushenberry,DEN,C,"$1,269,816"
875,nfl,2022,876,Josh Myers,GB,C,"$1,268,213"
876,nfl,2022,877,Kentavius Street,NO,ED/DE,"$1,265,000"
877,nfl,2022,878,Creed Humphrey,KC,C,"$1,264,820"
878,nfl,2022,879,Zach Wood,NO,LS,"$1,260,000"
879,nfl,2022,880,Kyle Trask,TB,QB,"$1,258,031"
880,nfl,2022,881,Cam Jurgens,PHI,C,"$1,255,095"
881,nfl,2022,882,T.J. Edwards,PHI,LB/ILB,"$1,252,000"
882,nfl,2022,,Nick Mullens,MIN,QB,"$1,252,000"
883,nfl,2022,884,Alontae Taylor,NO,CB,"$1,248,838"
884,nfl,2022,885,Jack Fox,DET,P,"$1,245,000"
885,nfl,2022,886,Julian Blackmon,IND,FS,"$1,241,609"
886,nfl,2022,887,Jermaine Eluemunor,LV,RT,"$1,238,600"
887,nfl,2022,888,Reggie Gilliam,BUF,FB,"$1,235,000"
888,nfl,2022,,Adam Gotsis,JAX,DL/DE,"$1,235,000"
889,nfl,2022,890,Anfernee Jennings,NE,LB,"$1,233,194"
890,nfl,2022,891,Jordan Elliott,CLE,DL/DT,"$1,233,010"
891,nfl,2022,892,Jonathan Greenard,HOU,ED/DE,"$1,231,495"
892,nfl,2022,893,Cameron Dantzler,MIN,CB,"$1,231,469"
893,nfl,2022,894,Devin Duvernay,BAL,WR,"$1,227,966"
894,nfl,2022,895,George Pickens,PIT,WR,"$1,227,669"
895,nfl,2022,896,Andrew Beck,DEN,FB,"$1,225,000"
896,nfl,2022,897,Jayon Brown,LV,LB/ILB,"$1,223,400"
897,nfl,2022,898,Khalen Saunders,KC,DL/DT,"$1,218,795"
898,nfl,2022,899,Josiah Deguara,GB,TE,"$1,217,367"
899,nfl,2022,900,D’Ernest Johnson,CLE,RB,"$1,216,500"
900,nfl,2022,901,Willie Gay Jr.,KC,LB/ILB,"$1,212,183"
901,nfl,2022,902,David Long,LAR,CB,"$1,208,265"
902,nfl,2022,903,Sam Williams,DAL,DL/DE,"$1,207,305"
903,nfl,2022,904,Lonnie Johnson,TEN,CB,"$1,206,021"
904,nfl,2022,905,Ronnie Harrison,CLE,S,"$1,205,584"
905,nfl,2022,906,Sione Takitaki,CLE,LB/OLB,"$1,205,219"
906,nfl,2022,907,Oshane Ximines,NYG,ED/OLB,"$1,204,195"
907,nfl,2022,908,Alec Pierce,IND,WR,"$1,200,244"
908,nfl,2022,909,Brandon Allen,CIN,QB,"$1,200,000"
909,nfl,2022,,Stephen Weatherly,CLE,ED/DE,"$1,200,000"
910,nfl,2022,911,Dallin Leavitt,GB,S,"$1,191,168"
911,nfl,2022,912,Jacob Phillips,CLE,LB/OLB,"$1,191,074"
912,nfl,2022,913,Andre Cisco,JAX,S,"$1,190,114"
913,nfl,2022,914,Phillip Dorsett,HOU,WR,"$1,187,941"
914,nfl,2022,915,Terrell Edmunds,PIT,S,"$1,187,500"
915,nfl,2022,,Ethan Pocic,CLE,C,"$1,187,500"
916,nfl,2022,,Ezekiel Turner,ARI,LB/ILB,"$1,187,500"
917,nfl,2022,,P.J. Williams,NO,CB,"$1,187,500"
918,nfl,2022,,Andrew Wylie,KC,RT,"$1,187,500"
919,nfl,2022,920,Davis Mills,HOU,QB,"$1,186,633"
920,nfl,2022,921,Malik Harrison,BAL,LB/ILB,"$1,186,574"
921,nfl,2022,,Matt Peart,NYG,LT,"$1,186,574"
922,nfl,2022,923,Damien Harris,NE,RB,"$1,186,534"
923,nfl,2022,924,Cody Barton,SEA,LB/ILB,"$1,186,031"
924,nfl,2022,925,Kyle Fuller,SEA,C,"$1,185,000"
925,nfl,2022,,Johnny Mundt,MIN,TE,"$1,185,000"
926,nfl,2022,927,Trey Pipkins,LAC,RT,"$1,184,269"
927,nfl,2022,928,Jalen Mayfield,ATL,RT,"$1,183,639"
928,nfl,2022,929,Joseph Ossai,CIN,LB,"$1,180,140"
929,nfl,2022,930,Brady Christensen,CAR,G,"$1,173,471"
930,nfl,2022,931,Skyy Moore,KC,WR,"$1,172,818"
931,nfl,2022,932,Alexander Mattison,MIN,RB,"$1,170,543"
932,nfl,2022,933,Alex Highsmith,PIT,ED/OLB,"$1,169,074"
933,nfl,2022,934,Aaron Robinson,NYG,CB,"$1,168,930"
934,nfl,2022,935,Adam Trautman,NO,TE,"$1,168,074"
935,nfl,2022,936,Alim McNeill,DET,DL/DT,"$1,165,724"
936,nfl,2022,937,DeShawn Williams,DEN,DL/DE,"$1,165,000"
937,nfl,2022,938,Milton Williams,PHI,DL/DT,"$1,161,403"
938,nfl,2022,939,Thomas Hennessy,NYJ,LS,"$1,160,000"
939,nfl,2022,,Tyler Ott,SEA,LS,"$1,160,000"
940,nfl,2022,941,Benjamin St-Juste,WAS,CB,"$1,159,262"
941,nfl,2022,942,Anthony Nelson,TB,ED/OLB,"$1,158,760"
942,nfl,2022,943,Osa Odighizuwa,DAL,DL/DT,"$1,155,952"
943,nfl,2022,944,Jason Pierre-Paul,BAL,DL/DE,"$1,150,000"
944,nfl,2022,945,Austin Bryant,DET,ED/OLB,"$1,148,158"
945,nfl,2022,946,Paulson Adebo,NO,CB,"$1,145,536"
946,nfl,2022,947,Trey McBride,ARI,TE,"$1,145,393"
947,nfl,2022,948,Josh Palmer,LAC,WR,"$1,143,713"
948,nfl,2022,949,Benny Snell Jr.,PIT,RB,"$1,140,517"
949,nfl,2022,950,Malcolm Koonce,LV,DL/DE,"$1,135,900"
950,nfl,2022,951,Deandre Carter,LAC,WR,"$1,135,000"
951,nfl,2022,,Trent Taylor,CIN,WR,"$1,135,000"
952,nfl,2022,953,Divine Deablo,LV,ED/OLB,"$1,132,007"
953,nfl,2022,954,Tony Pollard,DAL,RB,"$1,131,945"
954,nfl,2022,955,Hunter Long,MIA,TE,"$1,129,251"
955,nfl,2022,956,Dyami Brown,WAS,WR,"$1,123,636"
956,nfl,2022,957,Luke Goedeke,TB,G,"$1,123,452"
957,nfl,2022,958,Vinny Curry,NYJ,ED/DE,"$1,120,000"
958,nfl,2022,,Josh Johnson,SF,QB,"$1,120,000"
959,nfl,2022,,Andy Lee,ARI,P,"$1,120,000"
960,nfl,2022,,Taybor Pepper,SF,LS,"$1,120,000"
961,nfl,2022,,Logan Ryan,TB,CB,"$1,120,000"
962,nfl,2022,,Michael Thomas,CIN,FS,"$1,120,000"
963,nfl,2022,964,Tommy Tremble,CAR,TE,"$1,119,644"
964,nfl,2022,965,Chauncey Golston,DAL,DL/DE,"$1,117,406"
965,nfl,2022,966,Luke Gifford,DAL,LB,"$1,115,000"
966,nfl,2022,,Alex Singleton,DEN,LB,"$1,115,000"
967,nfl,2022,,Zach Triner,TB,LS,"$1,115,000"
968,nfl,2022,969,Chase Edmonds,DEN,RB,"$1,111,111"
969,nfl,2022,970,Troy Andersen,ATL,LB/ILB,"$1,109,740"
970,nfl,2022,971,Kendrick Green,PIT,G,"$1,108,129"
971,nfl,2022,972,Nico Collins,HOU,WR,"$1,107,163"
972,nfl,2022,973,Patrick Jones,MIN,DL/DE,"$1,106,841"
973,nfl,2022,974,Anthony Schwartz,CLE,WR,"$1,105,232"
974,nfl,2022,975,Monty Rice,TEN,LB/ILB,"$1,102,014"
975,nfl,2022,976,Deshon Elliott,DET,S,"$1,100,000"
976,nfl,2022,977,Akeem Davis-Gaither,CIN,LB/OLB,"$1,099,378"
977,nfl,2022,978,Spencer Brown,BUF,RT,"$1,098,795"
978,nfl,2022,979,Ben Cleveland,BAL,G,"$1,095,576"
979,nfl,2022,980,Saahdiq Charles,WAS,G,"$1,094,843"
980,nfl,2022,981,Darnay Holmes,NYG,CB,"$1,092,972"
981,nfl,2022,982,Robert Hainsey,TB,C,"$1,092,357"
982,nfl,2022,983,Ed Ingram,MIN,G,"$1,090,542"
983,nfl,2022,984,Josh Kelley,LAC,RB,"$1,090,085"
984,nfl,2022,985,Leki Fotu,ARI,DL/DT,"$1,088,368"
985,nfl,2022,986,Baron Browning,DEN,LB/ILB,"$1,087,694"
986,nfl,2022,,Ernest Jones,LAR,LB/ILB,"$1,087,694"
987,nfl,2022,,Tre McKitty,LAC,TE,"$1,087,694"
988,nfl,2022,,Quinn Meinerz,DEN,G,"$1,087,694"
989,nfl,2022,,Ifeatu Melifonwu,DET,CB,"$1,087,694"
990,nfl,2022,,Elijah Molden,TEN,CB,"$1,087,694"
991,nfl,2022,,Ronnie Perkins,NE,ED/DE,"$1,087,694"
992,nfl,2022,,Brandon Stephens,BAL,S,"$1,087,694"
993,nfl,2022,,Ambry Thomas,SF,CB,"$1,087,694"
994,nfl,2022,,Nahshon Wright,DAL,CB,"$1,087,694"
995,nfl,2022,996,Harrison Bryant,CLE,TE,"$1,087,257"
996,nfl,2022,997,Ben Bartch,JAX,G,"$1,085,904"
997,nfl,2022,998,Rick Lovato,PHI,LS,"$1,085,000"
998,nfl,2022,999,D.J. Wonnum,MIN,DL/DE,"$1,082,695"
999,nfl,2022,1000,Cam Taylor-Britt,CIN,CB,"$1,082,314"
1000,nfl,2022,1001,Albert Okwuegbunam,DEN,TE,"$1,082,261"
1001,nfl,2022,1002,Mykal Walker,ATL,LB/ILB,"$1,081,520"
1002,nfl,2022,1003,Justice Hill,BAL,RB,"$1,080,414"
1003,nfl,2022,1004,Logan Stenberg,DET,G,"$1,080,410"
1004,nfl,2022,1005,Troy Reeder,LAC,LB,"$1,075,000"
1005,nfl,2022,1006,Josh Oliver,BAL,TE,"$1,074,660"
1006,nfl,2022,1007,Charlie Heck,HOU,LT,"$1,072,676"
1007,nfl,2022,1008,Lucas Niang,KC,RT,"$1,071,768"
1008,nfl,2022,1009,K'Von Wallace,PHI,SS,"$1,071,528"
1009,nfl,2022,1010,Drake Jackson,SF,ED/DE,"$1,071,344"
1010,nfl,2022,1011,Gabriel Davis,BUF,WR,"$1,069,845"
1011,nfl,2022,1012,James Lynch,MIN,DL/DT,"$1,067,749"
1012,nfl,2022,1013,Rashard Lawrence,ARI,DL/DT,"$1,066,021"
1013,nfl,2022,1014,Jamie Gillan,NYG,P,"$1,065,000"
1014,nfl,2022,,Richie James,NYG,WR,"$1,065,000"
1015,nfl,2022,,Stanley Morgan,CIN,WR,"$1,065,000"
1016,nfl,2022,1017,Troy Dye,MIN,ED/OLB,"$1,064,645"
1017,nfl,2022,1018,Bryan Cook,KC,S,"$1,063,116"
1018,nfl,2022,1019,Colby Parkinson,SEA,TE,"$1,062,610"
1019,nfl,2022,1020,Jaylinn Hawkins,ATL,FS,"$1,061,729"
1020,nfl,2022,1021,James Cook,BUF,RB,"$1,060,374"
1021,nfl,2022,1022,Kevin Dotson,PIT,G,"$1,059,704"
1022,nfl,2022,1023,Raekwon McMillan,NE,LB/ILB,"$1,055,000"
1023,nfl,2022,1024,Nik Bonitto,DEN,ED/OLB,"$1,054,889"
1024,nfl,2022,1025,L'Jarius Sneed,KC,CB,"$1,053,580"
1025,nfl,2022,1026,Zach Gentry,PIT,TE,"$1,051,115"
1026,nfl,2022,1027,Ameer Abdullah,LV,RB,"$1,047,500"
1027,nfl,2022,,Matthew Adams,CHI,LB/OLB,"$1,047,500"
1028,nfl,2022,,Kwon Alexander,NYJ,LB/ILB,"$1,047,500"
1029,nfl,2022,,Blake Bell,KC,TE,"$1,047,500"
1030,nfl,2022,,Giovani Bernard,TB,RB,"$1,047,500"
1031,nfl,2022,,Andrew Billings,LV,DL/DT,"$1,047,500"
1032,nfl,2022,,Ike Boettger,BUF,G,"$1,047,500"
1033,nfl,2022,,Matt Breida,NYG,RB,"$1,047,500"
1034,nfl,2022,,Noah Brown,DAL,WR,"$1,047,500"
1035,nfl,2022,,Michael Burton,KC,FB,"$1,047,500"
1036,nfl,2022,,Deon Bush,KC,S,"$1,047,500"
1037,nfl,2022,,Damiere Byrd,ATL,WR,"$1,047,500"
1038,nfl,2022,,Bryce Callahan,LAC,CB,"$1,047,500"
1039,nfl,2022,,Dylan Cole,TEN,LB/ILB,"$1,047,500"
1040,nfl,2022,,Morgan Cox,TEN,LS,"$1,047,500"
1041,nfl,2022,,Dane Cruikshank,CHI,CB,"$1,047,500"
1042,nfl,2022,,Carl Davis,NE,DL/DT,"$1,047,500"
1043,nfl,2022,,Ross Dwelley,SF,TE,"$1,047,500"
1044,nfl,2022,,Justin Ellis,NYG,DL/DT,"$1,047,500"
1045,nfl,2022,,Cameron Fleming,DEN,RT,"$1,047,500"
1046,nfl,2022,,Morgan Fox,LAC,DL/DE,"$1,047,500"
1047,nfl,2022,,Marquise Goodwin,SEA,WR,"$1,047,500"
1048,nfl,2022,,Antonio Hamilton,ARI,CB,"$1,047,500"
1049,nfl,2022,,Duron Harmon,LV,SS,"$1,047,500"
1050,nfl,2022,,Erik Harris,ATL,S,"$1,047,500"
1051,nfl,2022,,Will Hernandez,ARI,G,"$1,047,500"
1052,nfl,2022,,Tre Herndon,JAX,CB,"$1,047,500"
1053,nfl,2022,,Rashard Higgins,CAR,WR,"$1,047,500"
1054,nfl,2022,,Dontrell Hilliard,TEN,RB,"$1,047,500"
1055,nfl,2022,,Germain Ifedi,ATL,RT,"$1,047,500"
1056,nfl,2022,,J.J. Jansen,CAR,LS,"$1,047,500"
1057,nfl,2022,,Taiwan Jones,BUF,RB,"$1,047,500"
1058,nfl,2022,,Casey Kreiter,NYG,LS,"$1,047,500"
1059,nfl,2022,,Shaq Lawson,BUF,ED/DE,"$1,047,500"
1060,nfl,2022,,Sam Martin,BUF,P,"$1,047,500"
1061,nfl,2022,,Jerick McKinnon,KC,RB,"$1,047,500"
1062,nfl,2022,,Chris Moore,HOU,WR,"$1,047,500"
1063,nfl,2022,,Thomas Morstead,MIA,P,"$1,047,500"
1064,nfl,2022,,Carl Nassib,TB,DL/DE,"$1,047,500"
1065,nfl,2022,,Keanu Neal,TB,SS,"$1,047,500"
1066,nfl,2022,,Pat O'Connor,TB,DL/DE,"$1,047,500"
1067,nfl,2022,,Efe Obada,WAS,ED/DE,"$1,047,500"
1068,nfl,2022,,Breshad Perriman,TB,WR,"$1,047,500"
1069,nfl,2022,,Scott Quessenberry,HOU,C,"$1,047,500"
1070,nfl,2022,,Eric Saubert,DEN,TE,"$1,047,500"
1071,nfl,2022,,Patrick Scales,CHI,LS,"$1,047,500"
1072,nfl,2022,,Trent Sherfield,MIA,WR,"$1,047,500"
1073,nfl,2022,,Daniel Sorensen,NO,SS,"$1,047,500"
1074,nfl,2022,,Greg Van Roten,BUF,G,"$1,047,500"
1075,nfl,2022,,DeMarcus Walker,TEN,DL/DE,"$1,047,500"
1076,nfl,2022,,Jihad Ward,NYG,DL/DE,"$1,047,500"
1077,nfl,2022,,Armani Watts,IND,S,"$1,047,500"
1078,nfl,2022,,Jon Weeks,HOU,LS,"$1,047,500"
1079,nfl,2022,,Josh Wells,TB,RT,"$1,047,500"
1080,nfl,2022,,Darrel Williams,ARI,RB,"$1,047,500"
1081,nfl,2022,1082,Carl Granderson,NO,ED/DE,"$1,045,000"
1082,nfl,2022,1083,E.J. Speed,IND,LB/OLB,"$1,037,349"
1083,nfl,2022,1084,Stephen Anderson,ARI,TE,"$1,035,000"
1084,nfl,2022,,Jalen Davis,CIN,CB,"$1,035,000"
1085,nfl,2022,,Andrew DePaola,MIN,LS,"$1,035,000"
1086,nfl,2022,,Kenyan Drake,BAL,RB,"$1,035,000"
1087,nfl,2022,,Reid Ferguson,BUF,LS,"$1,035,000"
1088,nfl,2022,,Hroniss Grasu,LV,C,"$1,035,000"
1089,nfl,2022,,DeAndre Houston-Carson,CHI,S,"$1,035,000"
1090,nfl,2022,,O.J. Howard,HOU,TE,"$1,035,000"
1091,nfl,2022,,Tarvarius Moore,SF,FS,"$1,035,000"
1092,nfl,2022,,Isaiah Oliver,ATL,CB,"$1,035,000"
1093,nfl,2022,,Darius Phillips,DEN,CB,"$1,035,000"
1094,nfl,2022,,Luke Rhodes,IND,LS,"$1,035,000"
1095,nfl,2022,,Trent Sieg,LV,LS,"$1,035,000"
1096,nfl,2022,,Nate Sudfeld,DET,QB,"$1,035,000"
1097,nfl,2022,,Eric Tomlinson,DEN,TE,"$1,035,000"
1098,nfl,2022,1099,Easton Stick,LAC,QB,"$1,034,391"
1099,nfl,2022,1100,Yodny Cajuste,NE,LT,"$1,030,545"
1100,nfl,2022,1101,Michael Carter,NYJ,RB,"$1,026,842"
1101,nfl,2022,1102,Darren Hall,ATL,CB,"$1,026,187"
1102,nfl,2022,1103,Darius Slayton,NYG,WR,"$1,023,497"
1103,nfl,2022,1104,James Hudson,CLE,LT,"$1,023,104"
1104,nfl,2022,1105,Cameron Sample,CIN,ED/DE,"$1,022,036"
1105,nfl,2022,1106,Amon-Ra St. Brown,DET,WR,"$1,021,313"
1106,nfl,2022,1107,Derrick Barnes,DET,ED/OLB,"$1,020,301"
1107,nfl,2022,1108,Drew Dalman,ATL,C,"$1,019,180"
1108,nfl,2022,1109,Tyler Biadasz,DAL,C,"$1,018,600"
1109,nfl,2022,,DeeJay Dallas,SEA,RB,"$1,018,600"
1110,nfl,2022,,Jack Driscoll,PHI,G,"$1,018,600"
1111,nfl,2022,,Shaq Quarterman,JAX,LB/ILB,"$1,018,600"
1112,nfl,2022,,Amik Robertson,LV,CB,"$1,018,600"
1113,nfl,2022,1114,Jabril Cox,DAL,ED/OLB,"$1,017,813"
1114,nfl,2022,1115,Chris Rumph II,LAC,DL/DE,"$1,013,386"
1115,nfl,2022,1116,Kene Nwangwu,MIN,RB,"$1,013,200"
1116,nfl,2022,1117,Rhamondre Stevenson,NE,RB,"$1,012,264"
1117,nfl,2022,1118,Jaquan Johnson,BUF,SS,"$1,011,085"
1118,nfl,2022,1119,David Long,TEN,LB/ILB,"$1,007,429"
1119,nfl,2022,1120,Zech McPhearson,PHI,CB,"$1,007,413"
1120,nfl,2022,1121,Devin Asiasi,CIN,TE,"$1,007,000"
1121,nfl,2022,1122,Olisaemeka Udoh,MIN,G,"$1,006,741"
1122,nfl,2022,1123,John Bates,WAS,TE,"$1,005,604"
1123,nfl,2022,1124,Ross Matiscik,JAX,LS,"$1,005,334"
1124,nfl,2022,1125,Camryn Bynum,MIN,CB,"$1,004,453"
1125,nfl,2022,1126,Chuba Hubbard,CAR,RB,"$1,003,294"
1126,nfl,2022,1127,Nick Allegretti,KC,G,"$1,002,988"
1127,nfl,2022,1128,Daniel Ekuale,NE,DL/DT,"$1,002,777"
1128,nfl,2022,1129,Kylen Granson,IND,TE,"$1,001,592"
1129,nfl,2022,1130,Travis Homer,SEA,RB,"$1,000,704"
1130,nfl,2022,1131,Luke Fortner,JAX,C,"$1,000,012"
1131,nfl,2022,1132,Ethan Greenidge,NO,T,"$1,000,000"
1132,nfl,2022,1133,Dan Moore,PIT,LT,"$999,476"
1133,nfl,2022,1134,Robert Rochell,LAR,CB,"$997,732"
1134,nfl,2022,1135,Brian Asamoah,MIN,LB,"$997,609"
1135,nfl,2022,1136,Johnathan Ford,GB,S,"$997,500"
1136,nfl,2022,1137,Joshua Ezeudu,NYG,G,"$997,368"
1137,nfl,2022,1138,Scotty Miller,TB,WR,"$996,960"
1138,nfl,2022,1139,Donovan Wilson,DAL,S,"$996,839"
1139,nfl,2022,1140,Tylan Wallace,BAL,WR,"$996,341"
1140,nfl,2022,1141,Terrance Mitchell,TEN,CB,"$995,556"
1141,nfl,2022,1142,Will Clapp,LAC,C,"$995,000"
1142,nfl,2022,,Dwayne Washington,NO,RB,"$995,000"
1143,nfl,2022,1144,Martin Emerson,CLE,CB,"$994,780"
1144,nfl,2022,1145,Tommy Togiai,CLE,DL/DT,"$994,286"
1145,nfl,2022,1146,Kris Boyd,MIN,CB,"$992,315"
1146,nfl,2022,1147,Nicholas Petit-Frere,TEN,RT,"$991,953"
1147,nfl,2022,1148,Rashad Weaver,TEN,DL/DE,"$989,916"
1148,nfl,2022,1149,Tommy Sweeney,BUF,TE,"$989,046"
1149,nfl,2022,1150,Marco Wilson,ARI,CB,"$987,595"
1150,nfl,2022,1151,John Jenkins,MIA,DL/DT,"$987,205"
1151,nfl,2022,1152,Chad Muma,JAX,LB,"$986,565"
1152,nfl,2022,1153,Nick Scott,LAR,FS,"$984,332"
1153,nfl,2022,1154,Kaden Elliss,NO,LB/OLB,"$984,079"
1154,nfl,2022,1155,Joshua Miles,ARI,LT,"$983,644"
1155,nfl,2022,1156,Velus Jones,CHI,WR,"$982,896"
1156,nfl,2022,1157,Alton Robinson,SEA,ED/DE,"$982,837"
1157,nfl,2022,1158,Danny Pinter,IND,G,"$982,175"
1158,nfl,2022,1159,Shane Lemieux,NYG,G,"$981,785"
1159,nfl,2022,1160,Ben Burr-Kirven,SEA,LB/OLB,"$980,404"
1160,nfl,2022,1161,Abraham Lucas,SEA,RT,"$980,305"
1161,nfl,2022,1162,Keelan Cole,LV,WR,"$977,500"
1162,nfl,2022,1163,Jelani Woods,IND,TE,"$976,813"
1163,nfl,2022,1164,Trevis Gipson,CHI,ED/DE,"$976,418"
1164,nfl,2022,1165,Desmond Ridder,ATL,QB,"$975,084"
1165,nfl,2022,1166,Daniel Thomas,JAX,SS,"$974,279"
1166,nfl,2022,1167,Bryce Hall,NYJ,CB,"$973,951"
1167,nfl,2022,1168,Nick Harris,CLE,C,"$973,662"
1168,nfl,2022,1169,Kindle Vildor,CHI,CB,"$972,668"
1169,nfl,2022,1170,Dennis Kelly,IND,LT,"$972,500"
1170,nfl,2022,1171,Quintez Cephus,DET,WR,"$971,072"
1171,nfl,2022,1172,Tyler Kroft,SF,TE,"$970,000"
1172,nfl,2022,,Jordan Willis,SF,ED/DE,"$970,000"
1173,nfl,2022,1174,Broderick Washington,BAL,DL/DT,"$968,412"
1174,nfl,2022,1175,Darnell Mooney,CHI,WR,"$965,513"
1175,nfl,2022,1176,Khari Blasingame,CHI,FB,"$965,000"
1176,nfl,2022,,Isaiah Buggs,DET,DL/DE,"$965,000"
1177,nfl,2022,,Blake Cashman,HOU,LB/ILB,"$965,000"
1178,nfl,2022,,John Cominsky,DET,DL/DE,"$965,000"
1179,nfl,2022,,Byron Cowart,IND,DL/DT,"$965,000"
1180,nfl,2022,,Dennis Daley,TEN,LT,"$965,000"
1181,nfl,2022,,Matt Dickerson,ATL,DL/DE,"$965,000"
1182,nfl,2022,,Chuma Edoga,ATL,RT,"$965,000"
1183,nfl,2022,,Marcus Epps,PHI,FS,"$965,000"
1184,nfl,2022,,Colby Gossett,ATL,G,"$965,000"
1185,nfl,2022,,Jalen Guyton,LAC,WR,"$965,000"
1186,nfl,2022,,Sean Harlow,ARI,G,"$965,000"
1187,nfl,2022,,Darryl Johnson,SEA,ED/DE,"$965,000"
1188,nfl,2022,,Ty Johnson,NYJ,RB,"$965,000"
1189,nfl,2022,,Michael Jordan,CAR,G,"$965,000"
1190,nfl,2022,,Joshua Kalu,TEN,CB,"$965,000"
1191,nfl,2022,,Trace McSorley,ARI,QB,"$965,000"
1192,nfl,2022,,Yosh Nijman,GB,T,"$965,000"
1193,nfl,2022,,Keisean Nixon,GB,CB,"$965,000"
1194,nfl,2022,,Matthew Orzech,LAR,LS,"$965,000"
1195,nfl,2022,,Isaiah Prince,CIN,LT,"$965,000"
1196,nfl,2022,,Jeremy Reaves,WAS,S,"$965,000"
1197,nfl,2022,,Brett Rypien,DEN,QB,"$965,000"
1198,nfl,2022,,Austin Schlottmann,MIN,G,"$965,000"
1199,nfl,2022,,JK Scott,LAC,P,"$965,000"
1200,nfl,2022,,Equanimeous St. Brown,CHI,WR,"$965,000"
1201,nfl,2022,,Jarrett Stidham,LV,QB,"$965,000"
1202,nfl,2022,,Kevin Strong,TEN,DL/DT,"$965,000"
1203,nfl,2022,,Trevon Wesco,CHI,FB,"$965,000"
1204,nfl,2022,,Trayveon Williams,CIN,RB,"$965,000"
1205,nfl,2022,,Chase Winovich,CLE,ED/DE,"$965,000"
1206,nfl,2022,1207,Travis Jones,BAL,DL/DT,"$963,993"
1207,nfl,2022,,Bernhard Raimann,IND,T,"$963,993"
1208,nfl,2022,1209,Alex Wright,CLE,ED/DE,"$962,468"
1209,nfl,2022,1210,K.J. Osborn,MIN,WR,"$961,943"
1210,nfl,2022,1211,Michael Danna,KC,ED/DE,"$960,915"
1211,nfl,2022,1212,JT Woods,LAC,S,"$959,353"
1212,nfl,2022,1213,Tyler Larsen,WAS,C,"$955,278"
1213,nfl,2022,1214,Justin Strnad,DEN,LB/ILB,"$954,443"
1214,nfl,2022,1215,Cordale Flott,NYG,CB,"$953,062"
1215,nfl,2022,1216,DeAngelo Malone,ATL,LB/ILB,"$950,833"
1216,nfl,2022,1217,Joshua Kaindoh,KC,ED/DE,"$949,836"
1217,nfl,2022,,Royce Newman,GB,G,"$949,836"
1218,nfl,2022,,D'ante Smith,CIN,G,"$949,836"
1219,nfl,2022,1220,Hakeem Adeniji,CIN,LT,"$947,971"
1220,nfl,2022,1221,Nakobe Dean,PHI,LB/ILB,"$946,298"
1221,nfl,2022,1222,Mike Onwenu,NE,G,"$945,619"
1222,nfl,2022,1223,Maurice Hurst,SF,DL/DT,"$945,000"
1223,nfl,2022,,Nathan Shepherd,NYJ,ED/DE,"$945,000"
1224,nfl,2022,1225,Cameron Brown,NYG,ED/OLB,"$944,591"
1225,nfl,2022,1226,Bravvion Roy,CAR,DL/DT,"$943,494"
1226,nfl,2022,1227,Blake Ferguson,MIA,LS,"$942,612"
1227,nfl,2022,1228,Alohi Gilman,LAC,S,"$941,969"
1228,nfl,2022,1229,Donovan Peoples-Jones,CLE,WR,"$941,652"
1229,nfl,2022,1230,Marcus Jones,NE,CB,"$941,264"
1230,nfl,2022,1231,Tyler Bass,BUF,K,"$941,054"
1231,nfl,2022,1232,Charlie Woerner,SF,TE,"$940,257"
1232,nfl,2022,1233,Greg Senat,NYJ,T,"$940,000"
1233,nfl,2022,1234,Braden Mann,NYJ,P,"$939,275"
1234,nfl,2022,1235,Jon Runyan,GB,G,"$938,669"
1235,nfl,2022,1236,Malik Willis,TEN,QB,"$938,200"
1236,nfl,2022,1237,Shaun Bradley,PHI,LB/ILB,"$937,855"
1237,nfl,2022,1238,Jordan Fuller,LAR,FS,"$937,678"
1238,nfl,2022,1239,Quez Watkins,PHI,WR,"$937,416"
1239,nfl,2022,1240,James Proche,BAL,WR,"$937,024"
1240,nfl,2022,1241,Cam Thomas,ARI,DL/DE,"$935,334"
1241,nfl,2022,1242,Jalen Tolbert,DAL,WR,"$933,767"
1242,nfl,2022,1243,Terrel Bernard,BUF,LB,"$933,248"
1243,nfl,2022,1244,Dylan Parham,LV,G,"$932,987"
1244,nfl,2022,1245,Rachaad White,TB,RB,"$932,727"
1245,nfl,2022,1246,Isaiah Rodgers,IND,CB,"$931,281"
1246,nfl,2022,1247,Khadarel Hodge,ATL,WR,"$930,000"
1247,nfl,2022,1248,Ty Davis-Price,SF,RB,"$928,826"
1248,nfl,2022,1249,Cam Lewis,BUF,CB,"$925,000"
1249,nfl,2022,1250,Zach Carter,CIN,DL/DT,"$923,625"
1250,nfl,2022,1251,Markus Bailey,CIN,LB/ILB,"$923,424"
1251,nfl,2022,1252,Kamren Curl,WAS,S,"$923,332"
1252,nfl,2022,1253,Carter Coughlin,NYG,LB/ILB,"$922,536"
1253,nfl,2022,1254,Nick Cross,IND,S,"$921,025"
1254,nfl,2022,1255,Stantley Thomas-Oliver,CAR,CB,"$920,794"
1255,nfl,2022,1256,Chris Claybrooks,JAX,CB,"$920,596"
1256,nfl,2022,1257,James Smith-Williams,WAS,ED/DE,"$919,425"
1257,nfl,2022,1258,Leo Chenal,KC,LB,"$917,256"
1258,nfl,2022,,Danny Gray,SF,WR,"$917,256"
1259,nfl,2022,,Jeremy Ruckert,NYJ,TE,"$917,256"
1260,nfl,2022,,Myjai Sanders,ARI,ED/OLB,"$917,256"
1261,nfl,2022,,Channing Tindall,MIA,LB,"$917,256"
1262,nfl,2022,1263,David Bell,CLE,WR,"$917,255"
1263,nfl,2022,,Kerby Joseph,DET,S,"$917,255"
1264,nfl,2022,1265,Vernon Scott,GB,SS,"$915,922"
1265,nfl,2022,1266,Jonathan Williams,WAS,RB,"$915,000"
1266,nfl,2022,1267,Jonathan Garvin,GB,ED/OLB,"$914,820"
1267,nfl,2022,1268,Luke Farrell,JAX,TE,"$914,505"
1268,nfl,2022,1269,Tremayne Anchrum,LAR,G,"$913,873"
1269,nfl,2022,1270,Jamien Sherwood,NYJ,S,"$913,714"
1270,nfl,2022,1271,Olabisi Johnson,MIN,WR,"$913,572"
1271,nfl,2022,1272,Cade Otton,TB,TE,"$913,486"
1272,nfl,2022,1273,Brevin Jordan,HOU,TE,"$913,046"
1273,nfl,2022,1274,Jerry Tillery,LV,DL/DE,"$912,256"
1274,nfl,2022,1275,Tony Brown,IND,CB,"$911,387"
1275,nfl,2022,,Brett Maher,DAL,K,"$911,387"
1276,nfl,2022,,Jalen Tabor,SEA,CB,"$911,387"
1277,nfl,2022,1278,Evan McPherson,CIN,K,"$910,928"
1278,nfl,2022,1279,Jonathan Owens,HOU,S,"$910,000"
1279,nfl,2022,1280,Brycen Hopkins,LAR,TE,"$909,116"
1280,nfl,2022,1281,Kenneth Gainwell,PHI,RB,"$908,882"
1281,nfl,2022,1282,Dameon Pierce,HOU,RB,"$908,858"
1282,nfl,2022,1283,Larry Borom,CHI,RT,"$908,270"
1283,nfl,2022,1284,Perrion Winfrey,CLE,DL/DT,"$908,199"
1284,nfl,2022,1285,Tony Fields,CLE,LB/OLB,"$907,440"
1285,nfl,2022,1286,Michael Carter II,NYJ,CB,"$907,232"
1286,nfl,2022,1287,Coby Bryant,SEA,CB,"$906,951"
1287,nfl,2022,1288,Jaylon Moore,SF,LT,"$905,758"
1288,nfl,2022,1289,Daniel Faalele,BAL,RT,"$905,085"
1289,nfl,2022,1290,Isaiahh Loudermilk,PIT,DL/DT,"$905,072"
1290,nfl,2022,1291,Brenden Jaimes,LAC,OL,"$904,445"
1291,nfl,2022,1292,Noah Gray,KC,TE,"$903,444"
1292,nfl,2022,1293,Cam Gill,TB,ED/OLB,"$903,334"
1293,nfl,2022,1294,Daniel Bellinger,NYG,TE,"$903,276"
1294,nfl,2022,1295,Darrick Forrest,WAS,S,"$902,768"
1295,nfl,2022,1296,Percy Butler,WAS,S,"$902,254"
1296,nfl,2022,1297,Keith Taylor,CAR,CB,"$901,497"
1297,nfl,2022,1298,Dane Belton,NYG,S,"$901,122"
1298,nfl,2022,1299,Sam Franklin,CAR,SS,"$900,000"
1299,nfl,2022,,Bryce Huff,NYJ,LB/OLB,"$900,000"
1300,nfl,2022,1301,Damarri Mathis,DEN,CB,"$899,741"
1301,nfl,2022,1302,Garret Wallow,HOU,LB/OLB,"$898,971"
1302,nfl,2022,1303,Aaron Brewer,TEN,G,"$898,334"
1303,nfl,2022,,Marquez Callaway,NO,WR,"$898,334"
1304,nfl,2022,,Terence Steele,DAL,RT,"$898,334"
1305,nfl,2022,1306,James Pierre,PIT,CB,"$898,000"
1306,nfl,2022,1307,Tommy Townsend,KC,P,"$897,500"
1307,nfl,2022,1308,Kellen Mond,CLE,QB,"$897,428"
1308,nfl,2022,1309,Myles Hartsfield,CAR,CB,"$896,667"
1309,nfl,2022,1310,Eyioma Uwazurike,DEN,DL/DE,"$896,467"
1310,nfl,2022,1311,Deommodore Lenoir,SF,CB,"$896,218"
1311,nfl,2022,1312,Micheal Clemons,NYJ,ED/DE,"$896,024"
1312,nfl,2022,1313,Tedarrell Slaton,GB,DL/DT,"$895,130"
1313,nfl,2022,1314,Salvon Ahmed,MIA,RB,"$895,000"
1314,nfl,2022,,Henry Anderson,CAR,ED/DE,"$895,000"
1315,nfl,2022,,Krys Barnes,GB,LB,"$895,000"
1316,nfl,2022,,Justin Bethel,MIA,CB,"$895,000"
1317,nfl,2022,,Jacob Bobenmoyer,DEN,LS,"$895,000"
1318,nfl,2022,,Jon Bostic,WAS,LB/ILB,"$895,000"
1319,nfl,2022,,Tashawn Bower,LV,DL/DE,"$895,000"
1320,nfl,2022,,Ben Bredeson,NYG,G,"$895,000"
1321,nfl,2022,,Jake Brendel,SF,C,"$895,000"
1322,nfl,2022,,Myles Bryant,NE,CB,"$895,000"
1323,nfl,2022,,Elijah Campbell,MIA,S,"$895,000"
1324,nfl,2022,,Sean Chandler,CAR,S,"$895,000"
1325,nfl,2022,,Justin Coleman,SEA,CB,"$895,000"
1326,nfl,2022,,Trystan Colon-Castillo,BAL,C,"$895,000"
1327,nfl,2022,,Tyler Davis,GB,TE,"$895,000"
1328,nfl,2022,,Dee Delaney,TB,CB,"$895,000"
1329,nfl,2022,,Riley Dixon,LAR,P,"$895,000"
1330,nfl,2022,,Tyrel Dodson,BUF,LB/OLB,"$895,000"
1331,nfl,2022,,Greg Dortch,ARI,WR,"$895,000"
1332,nfl,2022,,Dakota Dozier,CHI,LT,"$895,000"
1333,nfl,2022,,Michael Dunn,CLE,T,"$895,000"
1334,nfl,2022,,Justin Evans,NO,S,"$895,000"
1335,nfl,2022,,James Ferentz,NE,C,"$895,000"
1336,nfl,2022,,Demetrius Flannigan-Fowles,SF,LB,"$895,000"
1337,nfl,2022,,Michael Ford,ATL,CB,"$895,000"
1338,nfl,2022,,Hjalte Froholdt,CLE,G,"$895,000"
1339,nfl,2022,,Max Garcia,ARI,G,"$895,000"
1340,nfl,2022,,Kevin Givens,SF,DL/DT,"$895,000"
1341,nfl,2022,,Matt Haack,IND,P,"$895,000"
1342,nfl,2022,,Darius Harris,KC,LB/OLB,"$895,000"
1343,nfl,2022,,Penny Hart,SEA,WR,"$895,000"
1344,nfl,2022,,J.C. Hassenauer,PIT,C,"$895,000"
1345,nfl,2022,,JaMycal Hasty,JAX,RB,"$895,000"
1346,nfl,2022,,Jesper Horsted,LV,TE,"$895,000"
1347,nfl,2022,,Albert Huggins,NO,DL/DT,"$895,000"
1348,nfl,2022,,Tyler Huntley,BAL,QB,"$895,000"
1349,nfl,2022,,Dane Jackson,BUF,CB,"$895,000"
1350,nfl,2022,,Collin Johnson,NYG,WR,"$895,000"
1351,nfl,2022,,Juwan Johnson,NO,TE,"$895,000"
1352,nfl,2022,,Jake Kumerow,BUF,WR,"$895,000"
1353,nfl,2022,,Nick Kwiatkoski,ATL,LB/ILB,"$895,000"
1354,nfl,2022,,Chris Lammons,KC,CB,"$895,000"
1355,nfl,2022,,Corey Levin,TEN,C,"$895,000"
1356,nfl,2022,,P.J. Locke,DEN,S,"$895,000"
1357,nfl,2022,,David Mayo,WAS,LB/OLB,"$895,000"
1358,nfl,2022,,Colton McKivitz,SF,T,"$895,000"
1359,nfl,2022,,Jake McQuaide,DAL,LS,"$895,000"
1360,nfl,2022,,Josh Metellus,MIN,S,"$895,000"
1361,nfl,2022,,Sam Mustipher,CHI,C,"$895,000"
1362,nfl,2022,,Ryan Neal,SEA,CB,"$895,000"
1363,nfl,2022,,Matt Nelson,DET,T,"$895,000"
1364,nfl,2022,,Ben Niemann,ARI,LB,"$895,000"
1365,nfl,2022,,Storm Norton,LAC,RT,"$895,000"
1366,nfl,2022,,Donald Parham,LAC,TE,"$895,000"
1367,nfl,2022,,Dante Pettis,CHI,WR,"$895,000"
1368,nfl,2022,,Del'Shawn Phillips,BAL,LB,"$895,000"
1369,nfl,2022,,Tyre Phillips,NYG,G,"$895,000"
1370,nfl,2022,,Eddy Pineiro,CAR,K,"$895,000"
1371,nfl,2022,,Brandon Powell,LAR,WR,"$895,000"
1372,nfl,2022,,Bobby Price,DET,S,"$895,000"
1373,nfl,2022,,Demarcus Robinson,BAL,WR,"$895,000"
1374,nfl,2022,,Josiah Scott,PHI,CB,"$895,000"
1375,nfl,2022,,Trenton Scott,PIT,G,"$895,000"
1376,nfl,2022,,Steven Sims Jr.,PIT,WR,"$895,000"
1377,nfl,2022,,Jeff Smith,NYJ,WR,"$895,000"
1378,nfl,2022,,Geno Stone,BAL,S,"$895,000"
1379,nfl,2022,,Teair Tart,TEN,DL/DT,"$895,000"
1380,nfl,2022,,Roderic Teamer,LV,S,"$895,000"
1381,nfl,2022,,Casey Toohill,WAS,ED/DE,"$895,000"
1382,nfl,2022,,Brent Urban,BAL,DL/DE,"$895,000"
1383,nfl,2022,,Phillip Walker,CAR,QB,"$895,000"
1384,nfl,2022,,Jonathan Ward,TEN,RB,"$895,000"
1385,nfl,2022,,Justin Watson,KC,WR,"$895,000"
1386,nfl,2022,,Kristian Welch,BAL,LB,"$895,000"
1387,nfl,2022,,Nick Westbrook,TEN,WR,"$895,000"
1388,nfl,2022,,John Wolford,LAR,QB,"$895,000"
1389,nfl,2022,1390,Brandon Smith,CAR,LB,"$894,137"
1390,nfl,2022,1391,Jack Jones,NE,CB,"$891,746"
1391,nfl,2022,1392,Zamir White,LV,RB,"$890,983"
1392,nfl,2022,1393,Isaiah Spiller,LAC,RB,"$889,238"
1393,nfl,2022,1394,Cade York,CLE,K,"$887,410"
1394,nfl,2022,1395,Erik Ezukanma,MIA,WR,"$886,248"
1395,nfl,2022,1396,Neil Farrell Jr.,LV,DL/DT,"$885,076"
1396,nfl,2022,1397,Talanoa Hufanga,SF,S,"$885,038"
1397,nfl,2022,,Shemar Jean-Charles,GB,CB,"$885,038"
1398,nfl,2022,,Adetokunbo Ogundeji,ATL,ED/OLB,"$885,038"
1399,nfl,2022,,Avery Williams,ATL,RB,"$885,038"
1400,nfl,2022,1401,Pierre Strong,NE,RB,"$883,358"
1401,nfl,2022,1402,Trey Sermon,PHI,RB,"$881,497"
1402,nfl,2022,1403,Jake Ferguson,DAL,TE,"$881,221"
1403,nfl,2022,1404,Christian Harris,HOU,LB,"$880,747"
1404,nfl,2022,1405,Greg Dulcich,DEN,TE,"$879,823"
1405,nfl,2022,1406,Jordan Stout,BAL,P,"$879,459"
1406,nfl,2022,1407,Nick Niemann,LAC,LB,"$878,501"
1407,nfl,2022,1408,Hassan Haskins,TEN,RB,"$878,055"
1408,nfl,2022,1409,Romeo Doubs,GB,WR,"$875,979"
1409,nfl,2022,1410,Jake Camarda,TB,P,"$875,080"
1410,nfl,2022,1411,Trey Hill,CIN,C,"$873,088"
1411,nfl,2022,1412,Spencer Burford,SF,G,"$873,014"
1412,nfl,2022,1413,Quinton Bohanna,DAL,DL/DT,"$872,118"
1413,nfl,2022,1414,Joshua Williams,KC,CB,"$871,565"
1414,nfl,2022,1415,Roy Lopez,HOU,DL/DT,"$870,709"
1415,nfl,2022,1416,Damontae Kazee,PIT,S,"$870,000"
1416,nfl,2022,1417,Gary Brightwell,NYG,RB,"$869,718"
1417,nfl,2022,1418,Cordell Volson,CIN,G,"$869,221"
1418,nfl,2022,1419,Brandin Echols,NYJ,CB,"$868,545"
1419,nfl,2022,1420,Chris Evans,CIN,RB,"$868,222"
1420,nfl,2022,1421,Shi Smith,CAR,WR,"$868,105"
1421,nfl,2022,1422,Landon Young,NO,RT,"$867,445"
1422,nfl,2022,1423,Bailey Zappe,NE,QB,"$866,768"
1423,nfl,2022,1424,Stone Forsythe,SEA,LT,"$866,656"
1424,nfl,2022,1425,Victor Dimukeje,ARI,ED/OLB,"$865,465"
1425,nfl,2022,1426,Demetric Felton,CLE,WR,"$865,285"
1426,nfl,2022,1427,Damar Hamlin,BUF,S,"$865,119"
1427,nfl,2022,1428,Jaylon Smith,NYG,LB/ILB,"$862,500"
1428,nfl,2022,1429,Arryn Siposs,PHI,P,"$858,333"
1429,nfl,2022,1430,Jordan Kunaszyk,CLE,LB,"$857,776"
1430,nfl,2022,,Deadrin Senat,TB,DL/DT,"$857,776"
1431,nfl,2022,1432,Camaron Cheeseman,WAS,LS,"$857,677"
1432,nfl,2022,,Sam Ehlinger,IND,QB,"$857,677"
1433,nfl,2022,,Isaiah McDuffie,GB,LB/ILB,"$857,677"
1434,nfl,2022,,Israel Mukuamu,DAL,CB,"$857,677"
1435,nfl,2022,,Trey Smith,KC,G,"$857,677"
1436,nfl,2022,1437,Brian Robinson,WAS,RB,"$856,144"
1437,nfl,2022,1438,Mike Strachan,IND,WR,"$853,708"
1438,nfl,2022,1439,Patrick Johnson,PHI,ED/DE,"$851,469"
1439,nfl,2022,1440,Jonathon Cooper,DEN,ED/OLB,"$850,168"
1440,nfl,2022,1441,Eric Fisher,MIA,LT,"$848,888"
1441,nfl,2022,1442,Tre Norwood,PIT,CB,"$848,610"
1442,nfl,2022,1443,Shaka Toney,WAS,ED/DE,"$848,238"
1443,nfl,2022,1444,Will Fries,IND,G,"$846,343"
1444,nfl,2022,1445,Ben Skowronek,LAR,WR,"$846,131"
1445,nfl,2022,1446,Anthony Firkser,ATL,TE,"$845,278"
1446,nfl,2022,,Cooper Rush,DAL,QB,"$845,278"
1447,nfl,2022,1448,Essang Bassey,DEN,CB,"$845,277"
1448,nfl,2022,1449,Tashaun Gipson,SF,FS,"$845,274"
1449,nfl,2022,,Justin Jackson,DET,RB,"$845,274"
1450,nfl,2022,,Joe Jones,TEN,ED/OLB,"$845,274"
1451,nfl,2022,,Tanner Muse,SEA,LB/OLB,"$845,274"
1452,nfl,2022,,Mike Pennel,CHI,DL/DT,"$845,274"
1453,nfl,2022,,Michael Schofield,CHI,G,"$845,274"
1454,nfl,2022,,Carson Tinker,SEA,LS,"$845,274"
1455,nfl,2022,1456,Pressley Harvin III,PIT,P,"$845,184"
1456,nfl,2022,1457,Dax Milne,WAS,WR,"$844,317"
1457,nfl,2022,1458,DeMarvin Leal,PIT,DL/DE,"$836,131"
1458,nfl,2022,1459,Robert Jones,MIA,G,"$835,000"
1459,nfl,2022,1460,Jake Curhan,SEA,RT,"$834,500"
1460,nfl,2022,1461,Jack Stoll,PHI,TE,"$832,500"
1461,nfl,2022,1462,Decobie Durant,LAR,CB,"$831,085"
1462,nfl,2022,,Isaiah Likely,BAL,TE,"$831,085"
1463,nfl,2022,,Chig Okonkwo,TEN,TE,"$831,085"
1464,nfl,2022,,Zach Tom,GB,T,"$831,085"
1465,nfl,2022,,Damarion Williams,BAL,CB,"$831,085"
1466,nfl,2022,1467,Feleipe Franks,ATL,TE,"$830,000"
1467,nfl,2022,,Amen Ogbongbemiga,LAC,LB,"$830,000"
1468,nfl,2022,1469,Josh Ball,DAL,T,"$829,836"
1469,nfl,2022,1470,Josh Jones,SEA,S,"$829,722"
1470,nfl,2022,1471,Rico Dowdle,DAL,RB,"$828,334"
1471,nfl,2022,1472,Blake Gillikin,NO,P,"$825,500"
1472,nfl,2022,1473,Jack Anderson,NYG,G,"$825,000"
1473,nfl,2022,,Quinn Bailey,DEN,T,"$825,000"
1474,nfl,2022,,Ian Book,PHI,QB,"$825,000"
1475,nfl,2022,,Blake Brandel,MIN,RT,"$825,000"
1476,nfl,2022,,Shane Buechele,KC,QB,"$825,000"
1477,nfl,2022,,Marquise Copeland,LAR,DL/DT,"$825,000"
1478,nfl,2022,,Scott Daly,DET,LS,"$825,000"
1479,nfl,2022,,Andrew Dowell,NO,LB,"$825,000"
1480,nfl,2022,,Jody Fortson,KC,TE,"$825,000"
1481,nfl,2022,,Jake Gervase,LAR,S,"$825,000"
1482,nfl,2022,,A.J. Green,CLE,CB,"$825,000"
1483,nfl,2022,,Jonas Griffith,DEN,LB/ILB,"$825,000"
1484,nfl,2022,,Jake Hanson,GB,G,"$825,000"
1485,nfl,2022,,Parker Hesse,ATL,TE,"$825,000"
1486,nfl,2022,,Michael Hoecht,LAR,DL/DT,"$825,000"
1487,nfl,2022,,Deon Jackson,IND,RB,"$825,000"
1488,nfl,2022,,Michael Jackson,SEA,CB,"$825,000"
1489,nfl,2022,,Jauan Jennings,SF,WR,"$825,000"
1490,nfl,2022,,Caleb Johnson,JAX,LB/ILB,"$825,000"
1491,nfl,2022,,Clay Johnston,CIN,LB,"$825,000"
1492,nfl,2022,,Benito Jones,DET,DL/DT,"$825,000"
1493,nfl,2022,,Jamir Jones,PIT,LB,"$825,000"
1494,nfl,2022,,Naquan Jones,TEN,DL/DT,"$825,000"
1495,nfl,2022,,Tommy Kraemer,DET,G,"$825,000"
1496,nfl,2022,,Christian Kuntz,PIT,LS,"$825,000"
1497,nfl,2022,,Nick Leverett,TB,G,"$825,000"
1498,nfl,2022,,Nick McCloud,NYG,CB,"$825,000"
1499,nfl,2022,,Nick Moore,BAL,LS,"$825,000"
1500,nfl,2022,,Riley Patterson,JAX,K,"$825,000"
1501,nfl,2022,,Bryce Perkins,LAR,QB,"$825,000"
1502,nfl,2022,,Jason Pinnock,NYG,CB,"$825,000"
1503,nfl,2022,,Jon Rhattigan,SEA,LB,"$825,000"
1504,nfl,2022,,Giovanni Ricci,CAR,FB,"$825,000"
1505,nfl,2022,,Christian Rozeboom,LAR,LB,"$825,000"
1506,nfl,2022,,Grant Stuard,IND,LB,"$825,000"
1507,nfl,2022,,Stephen Sullivan,CAR,WR,"$825,000"
1508,nfl,2022,,Calvin Throckmorton,NO,T,"$825,000"
1509,nfl,2022,,Jay Tufele,CIN,DL/DT,"$825,000"
1510,nfl,2022,,Cole Van Lanen,JAX,G,"$825,000"
1511,nfl,2022,,Shaun Wade,NE,CB,"$825,000"
1512,nfl,2022,,Corliss Waitman,DEN,P,"$825,000"
1513,nfl,2022,,Prince Tega Wanogho,KC,T,"$825,000"
1514,nfl,2022,,Antoine Wesley,ARI,WR,"$825,000"
1515,nfl,2022,,Mitchell Wilcox,CIN,TE,"$825,000"
1516,nfl,2022,,Rachad Wildgoose,WAS,CB,"$825,000"
1517,nfl,2022,,Jonah Williams,LAR,DL/DE,"$825,000"
1518,nfl,2022,,Brock Wright,DET,TE,"$825,000"
1519,nfl,2022,1520,Akayleb Evans,MIN,CB,"$818,880"
1520,nfl,2022,1521,Elijah Wilkinson,ATL,G,"$816,943"
1521,nfl,2022,1522,Craig Reynolds,DET,RB,"$810,000"
1522,nfl,2022,1523,Alex Bars,LV,G,"$804,166"
1523,nfl,2022,1524,River Cracraft,MIA,WR,"$804,165"
1524,nfl,2022,,Kevon Seymour,BAL,CB,"$804,165"
1525,nfl,2022,1526,Mario Edwards,TEN,DL/DE,"$803,333"
1526,nfl,2022,1527,Malcolm Roach,NO,ED/DE,"$802,776"
1527,nfl,2022,1528,T.Y. Hilton,DAL,WR,"$800,000"
1528,nfl,2022,1529,Max Mitchell,NYJ,T,"$797,065"
1529,nfl,2022,1530,Oday Aboushi,LAR,G,"$795,556"
1530,nfl,2022,,Andrew Adams,TEN,S,"$795,556"
1531,nfl,2022,,Nick Martin,WAS,C,"$795,556"
1532,nfl,2022,1533,Justin Herron,LV,LT,"$795,555"
1533,nfl,2022,,Kevin Rader,TEN,TE,"$795,555"
1534,nfl,2022,1535,Abdullah Anderson,ATL,DL/DE,"$795,552"
1535,nfl,2022,1536,Sam Howell,WAS,QB,"$795,400"
1536,nfl,2022,1537,Darian Kinnard,KC,G,"$794,603"
1537,nfl,2022,1538,Micah McFadden,NYG,LB,"$793,927"
1538,nfl,2022,1539,Khalil Shakir,BUF,WR,"$791,787"
1539,nfl,2022,1540,Cole Turner,WAS,TE,"$789,720"
1540,nfl,2022,1541,Thomas Booker,HOU,ED/DE,"$789,103"
1541,nfl,2022,1542,Tyler Allgeier,ATL,RB,"$788,474"
1542,nfl,2022,1543,Delarrin Turner-Yell,DEN,S,"$788,264"
1543,nfl,2022,1544,Jalyn Armour-Davis,BAL,CB,"$788,137"
1544,nfl,2022,1545,Tariq Woolen,SEA,CB,"$788,054"
1545,nfl,2022,1546,Snoop Conner,JAX,RB,"$786,566"
1546,nfl,2022,1547,Zyon McCollum,TB,CB,"$785,433"
1547,nfl,2022,1548,Eric Johnson,IND,DL/DT,"$785,185"
1548,nfl,2022,1549,Kadarius Toney,KC,WR,"$784,430"
1549,nfl,2022,1550,Montrell Washington,DEN,WR,"$783,546"
1550,nfl,2022,1551,Esezi Otomewo,MIN,DL/DE,"$782,262"
1551,nfl,2022,1552,DaRon Bland,DAL,CB,"$781,197"
1552,nfl,2022,1553,Braxton Jones,CHI,LT,"$779,888"
1553,nfl,2022,1554,Jonathan Bullard,MIN,DL/DE,"$779,722"
1554,nfl,2022,,Cody Hollister,TEN,WR,"$779,722"
1555,nfl,2022,1556,Tre Brown,SEA,CB,"$779,612"
1556,nfl,2022,1557,Nate Hobbs,LV,CB,"$777,429"
1557,nfl,2022,1558,Luke Wattenberg,DEN,C,"$776,930"
1558,nfl,2022,1559,Samuel Womack,SF,CB,"$775,831"
1559,nfl,2022,1560,Dominique Robinson,CHI,ED/DE,"$773,289"
1560,nfl,2022,1561,Matthew Butler,LV,DL/DT,"$772,240"
1561,nfl,2022,1562,Ta'Quon Graham,ATL,DL/DE,"$768,764"
1562,nfl,2022,1563,Kingsley Enagbare,GB,ED/OLB,"$765,638"
1563,nfl,2022,,James Mitchell,DET,TE,"$765,638"
1564,nfl,2022,1565,Kyron Johnson,PHI,LB,"$757,482"
1565,nfl,2022,1566,Joshuah Bledsoe,NE,S,"$755,087"
1566,nfl,2022,1567,Khalil Herbert,CHI,RB,"$754,894"
1567,nfl,2022,1568,Vederian Lowe,MIN,T,"$754,468"
1568,nfl,2022,1569,Cedric Ogbuehi,NYJ,T,"$753,333"
1569,nfl,2022,1570,Nick Zakelj,SF,T,"$752,589"
1570,nfl,2022,1571,Malcolm Rodríguez,DET,LB,"$751,980"
1571,nfl,2022,1572,Amaré Barno,CAR,LB/OLB,"$751,351"
1572,nfl,2022,1573,Marcus Cannon,NE,RT,"$751,111"
1573,nfl,2022,1574,Billy Price,ARI,G,"$750,555"
1574,nfl,2022,1575,Chase McLaughlin,IND,K,"$750,554"
1575,nfl,2022,1576,Jalen Nailor,MIN,WR,"$750,165"
1576,nfl,2022,1577,Jamaree Salyer,LAC,LT,"$748,982"
1577,nfl,2022,1578,Grant Calcaterra,PHI,TE,"$748,536"
1578,nfl,2022,1579,Cade Mays,CAR,G,"$748,269"
1579,nfl,2022,1580,Sam Roberts,NE,DL/DT,"$747,869"
1580,nfl,2022,1581,Keaontay Ingram,ARI,RB,"$747,648"
1581,nfl,2022,1582,Mike Woods,CLE,WR,"$747,072"
1582,nfl,2022,1583,Trestan Ebner,CHI,RB,"$746,484"
1583,nfl,2022,1584,Le'Raven Clark,TEN,RT,"$745,830"
1584,nfl,2022,,Matthias Farley,LV,SS,"$745,830"
1585,nfl,2022,,Fabian Moreau,NYG,CB,"$745,830"
1586,nfl,2022,,Justin Murray,BUF,T,"$745,830"
1587,nfl,2022,,Dan Skipper,DET,T,"$745,830"
1588,nfl,2022,,Joe Thomas,CHI,LB/OLB,"$745,830"
1589,nfl,2022,,Derrek Tuszka,LAC,ED/OLB,"$745,830"
1590,nfl,2022,1591,Austin Deculus,HOU,T,"$745,688"
1591,nfl,2022,1592,Matt Henningsen,DEN,DL/DT,"$745,520"
1592,nfl,2022,1593,Connor Heyward,PIT,TE,"$743,806"
1593,nfl,2022,1594,Charlie Kolar,BAL,TE,"$743,725"
1594,nfl,2022,1595,Bobby Brown,LAR,DL/DT,"$739,133"
1595,nfl,2022,1596,Derion Kendrick,LAR,CB,"$738,004"
1596,nfl,2022,,Ko Kieft,TB,TE,"$738,004"
1597,nfl,2022,,Lecitus Smith,ARI,G,"$738,004"
1598,nfl,2022,1599,Ja'Sir Taylor,LAC,CB,"$738,003"
1599,nfl,2022,1600,Montaric Brown,JAX,CB,"$733,995"
1600,nfl,2022,1601,Isaiah Thomas,CLE,ED/DE,"$733,901"
1601,nfl,2022,1602,Grayland Arnold,HOU,CB,"$733,608"
1602,nfl,2022,1603,Jimmy Morrissey,HOU,C,"$733,328"
1603,nfl,2022,1604,Mark Robinson,PIT,LB,"$733,089"
1604,nfl,2022,1605,Ja'Tyre Carter,CHI,G,"$732,328"
1605,nfl,2022,1606,Tariq Carpenter,GB,LB,"$731,313"
1606,nfl,2022,1607,Chris Paul,WAS,G,"$731,111"
1607,nfl,2022,1608,Baylon Spector,BUF,LB,"$730,931"
1608,nfl,2022,1609,Dareke Young,SEA,WR,"$730,275"
1609,nfl,2022,1610,Jonathan Ford,GB,DL/DT,"$730,272"
1610,nfl,2022,1611,Deane Leonard,LAC,CB,"$729,916"
1611,nfl,2022,1612,Thayer Munford Jr.,LV,T,"$729,265"
1612,nfl,2022,1613,Rodney Thomas,IND,S,"$728,846"
1613,nfl,2022,1614,Christian Holmes,WAS,CB,"$728,470"
1614,nfl,2022,1615,Jaylen Watson,KC,CB,"$726,343"
1615,nfl,2022,1616,Skylar Thompson,MIA,QB,"$725,554"
1616,nfl,2022,1617,Rasheed Walker,GB,T,"$725,218"
1617,nfl,2022,1618,Brittain Brown,LV,RB,"$724,963"
1618,nfl,2022,1619,Isiah Pacheco,KC,RB,"$724,777"
1619,nfl,2022,1620,Jeffrey Gunter,CIN,ED/DE,"$724,510"
1620,nfl,2022,1621,Trenton Gill,CHI,P,"$724,252"
1621,nfl,2022,,Elijah Hicks,CHI,CB,"$724,252"
1622,nfl,2022,,Zander Horvath,LAC,RB,"$724,252"
1623,nfl,2022,,Brock Purdy,SF,QB,"$724,252"
1624,nfl,2022,,Samori Toure,GB,WR,"$724,252"
1625,nfl,2022,,Russ Yeast,LAR,S,"$724,252"
1626,nfl,2022,1627,Johnathan Hankins,DAL,DL/DT,"$722,444"
1627,nfl,2022,1628,Kader Kohou,MIA,CB,"$715,000"
1628,nfl,2022,1629,Troy Hairston,HOU,FB,"$713,333"
1629,nfl,2022,,Malik Herring,KC,ED/DE,"$713,333"
1630,nfl,2022,,Kurt Hinish,HOU,DL/DT,"$713,333"
1631,nfl,2022,,DaMarcus Mitchell,NE,ED/DE,"$713,333"
1632,nfl,2022,1633,Luiji Vilain,MIN,LB,"$711,666"
1633,nfl,2022,1634,Markquese Bell,DAL,S,"$710,000"
1634,nfl,2022,,Darien Butler,LV,LB,"$710,000"
1635,nfl,2022,,Jojo Domann,IND,LB,"$710,000"
1636,nfl,2022,,Peyton Hendershot,DAL,TE,"$710,000"
1637,nfl,2022,,Marquan McCall,CAR,DL/DT,"$710,000"
1638,nfl,2022,,Brenden Schooler,NE,S,"$710,000"
1639,nfl,2022,,Sam Webb,LV,CB,"$710,000"
1640,nfl,2022,1641,Marlon Tuipulotu,PHI,DL/DT,"$709,534"
1641,nfl,2022,1642,Joey Blount,SEA,S,"$709,333"
1642,nfl,2022,1643,Jalen Virgil,DEN,WR,"$709,167"
1643,nfl,2022,1644,Jerome Ford,CLE,RB,"$709,152"
1644,nfl,2022,1645,De’Shaan Dixon,JAX,ED/OLB,"$709,000"
1645,nfl,2022,,Jaylen Warren,PIT,RB,"$709,000"
1646,nfl,2022,1647,Dee Alford,ATL,S,"$708,500"
1647,nfl,2022,1648,Tony Adams,NYJ,S,"$708,333"
1648,nfl,2022,,Tomon Fox,NYG,LB,"$708,333"
1649,nfl,2022,,Wesley French,IND,C,"$708,333"
1650,nfl,2022,,Timothy Horne,ATL,DL/DT,"$708,333"
1651,nfl,2022,,Josh Jobe,PHI,CB,"$708,333"
1652,nfl,2022,,Jordan Mason,SF,RB,"$708,333"
1653,nfl,2022,,Luke Masterson,LV,LB,"$708,333"
1654,nfl,2022,,Josh Sills,PHI,G,"$708,333"
1655,nfl,2022,,Ryan Stonehouse,TEN,P,"$708,333"
1656,nfl,2022,1657,D’Anthony Bell,CLE,S,"$707,500"
1657,nfl,2022,,Jake Hansen,HOU,LB,"$707,500"
1658,nfl,2022,,Jack Sanborn,CHI,LB,"$707,500"
1659,nfl,2022,1660,Reed Blankenship,PHI,S,"$706,666"
1660,nfl,2022,,Tanner Conner,MIA,WR,"$706,666"
1661,nfl,2022,,Dallis Flowers,IND,CB,"$706,666"
1662,nfl,2022,,Lewis Kidd,NO,T,"$706,666"
1663,nfl,2022,,Ryan Wright,MIN,P,"$706,666"
1664,nfl,2022,1665,Jaylon Jones,CHI,S,"$705,833"
1665,nfl,2022,1666,Myles Adams,SEA,DL/DT,"$705,000"
1666,nfl,2022,,Alex Akingbulu,WAS,T,"$705,000"
1667,nfl,2022,,Tre Avery,TEN,S,"$705,000"
1668,nfl,2022,,Josh Blackwell,CHI,CB,"$705,000"
1669,nfl,2022,,Jack Coco,GB,LS,"$705,000"
1670,nfl,2022,,Tim Jones,JAX,WR,"$705,000"
1671,nfl,2022,,Jonathan Ledbetter,ARI,DL/DE,"$705,000"
1672,nfl,2022,,Christian Matthew,ARI,CB,"$705,000"
1673,nfl,2022,,Liam McCullough,ATL,LS,"$705,000"
1674,nfl,2022,,Lance McCutcheon,LAR,WR,"$705,000"
1675,nfl,2022,,Quintin Morris,BUF,TE,"$705,000"
1676,nfl,2022,,Kendric Pryor,JAX,WR,"$705,000"
1677,nfl,2022,,Kavontae Turpin,DAL,WR,"$705,000"
1678,nfl,2022,,Brandon Walton,TB,T,"$705,000"
1679,nfl,2022,,Sterling Weatherford,CHI,LB,"$705,000"
1680,nfl,2022,1681,Damone Clark,DAL,LB,"$704,527"
1681,nfl,2022,1682,Sean Rhyan,GB,T,"$696,432"
1682,nfl,2022,1683,Pharaoh Brown,CLE,TE,"$696,108"
1683,nfl,2022,,Juston Burris,CAR,S,"$696,108"
1684,nfl,2022,,Drew Forbes,CLE,G,"$696,108"
1685,nfl,2022,,Latavius Murray,DEN,RB,"$696,108"
1686,nfl,2022,,Eric Wilson,GB,ED/OLB,"$696,108"
1687,nfl,2022,1688,Robbie Chosen,ARI,WR,"$690,000"
1688,nfl,2022,,Christian McCaffrey,SF,RB,"$690,000"
1689,nfl,2022,1690,Nick Williams,NYG,DL/DT,"$687,500"
1690,nfl,2022,1691,Anthony Pittman,DET,LB,"$687,495"
1691,nfl,2022,1692,Robert Quinn,PHI,ED/DE,"$684,444"
1692,nfl,2022,1693,Caden Sterns,DEN,S,"$681,533"
1693,nfl,2022,1694,Chase Claypool,CHI,WR,"$673,061"
1694,nfl,2022,1695,Alaric Jackson,LAR,LT,"$667,222"
1695,nfl,2022,1696,Cal Adomitis,CIN,LS,"$665,833"
1696,nfl,2022,,Kayode Awosika,DET,G,"$665,833"
1697,nfl,2022,,Jack Cochrane,KC,LB,"$665,833"
1698,nfl,2022,,Caleb Jones,GB,T,"$665,833"
1699,nfl,2022,1700,K.J. Britt,TB,LB,"$665,463"
1700,nfl,2022,1701,Chase Hansen,NO,LB,"$664,444"
1701,nfl,2022,1702,Rodarius Williams,NYG,CB,"$662,731"
1702,nfl,2022,1703,Otito Ogbonnia,LAC,DL/DT,"$662,500"
1703,nfl,2022,1704,Christian Covington,LAC,DL/DT,"$660,834"
1704,nfl,2022,1705,Kyren Williams,LAR,RB,"$660,382"
1705,nfl,2022,1706,Teagan Quitoriano,HOU,TE,"$656,818"
1706,nfl,2022,1707,Chase Lucas,DET,CB,"$653,431"
1707,nfl,2022,1708,Matt Corral,CAR,QB,"$651,226"
1708,nfl,2022,1709,Christian Benford,BUF,CB,"$646,627"
1709,nfl,2022,1710,Jordan Akins,HOU,TE,"$646,386"
1710,nfl,2022,,Genard Avery,TB,DL/DE,"$646,386"
1711,nfl,2022,,Chris Banjo,ARI,S,"$646,386"
1712,nfl,2022,,Matt Overton,DAL,LS,"$646,386"
1713,nfl,2022,,Corey Peters,JAX,DL/DT,"$646,386"
1714,nfl,2022,,Matt Skura,LAR,C,"$646,386"
1715,nfl,2022,1716,Elerson Smith,NYG,DL/DE,"$644,572"
1716,nfl,2022,1717,Trysten Hill,ARI,DL/DT,"$644,560"
1717,nfl,2022,1718,Logan Bruss,LAR,G,"$642,256"
1718,nfl,2022,1719,Khyiris Tonga,MIN,DL/DT,"$641,666"
1719,nfl,2022,1720,Kevin Pierre-Louis,HOU,LB/OLB,"$640,000"
1720,nfl,2022,1721,Jordan Smith,JAX,ED/OLB,"$639,897"
1721,nfl,2022,1722,Derek Rivers,HOU,LB/OLB,"$634,412"
1722,nfl,2022,1723,Vincent Taylor,ATL,DL/DT,"$632,500"
1723,nfl,2022,1724,Tyree Jackson,PHI,TE,"$632,046"
1724,nfl,2022,1725,Richard Rodgers,LAC,TE,"$630,555"
1725,nfl,2022,1726,John Ridgeway,WAS,DL/DT,"$626,672"
1726,nfl,2022,1727,Raheem Blackshear,CAR,RB,"$626,666"
1727,nfl,2022,,Shaun Jolly,LAR,CB,"$626,666"
1728,nfl,2022,1729,Matt Farniok,DAL,C,"$624,561"
1729,nfl,2022,1730,Simi Fehoko,DAL,WR,"$617,814"
1730,nfl,2022,1731,Kyle Philips,TEN,WR,"$615,277"
1731,nfl,2022,1732,Ty Chandler,MIN,RB,"$611,656"
1732,nfl,2022,1733,Brett Toth,PHI,RT,"$605,000"
1733,nfl,2022,1734,Armani Rogers,WAS,TE,"$603,892"
1734,nfl,2022,1735,Matt Waletzko,DAL,T,"$602,541"
1735,nfl,2022,1736,Aaron Patrick,DEN,DL/DE,"$602,222"
1736,nfl,2022,1737,Quentin Lake,LAR,S,"$600,508"
1737,nfl,2022,1738,Tershawn Wharton,KC,DL/DT,"$596,943"
1738,nfl,2022,1739,Khaleke Hudson,WAS,LB,"$596,667"
1739,nfl,2022,1740,Marcus Johnson,NYG,WR,"$596,664"
1740,nfl,2022,,Ty Nsekhe,LAR,RT,"$596,664"
1741,nfl,2022,,MyCole Pruitt,ATL,TE,"$596,664"
1742,nfl,2022,,Mike Remmers,NYJ,RT,"$596,664"
1743,nfl,2022,,Brandon Shell,MIA,T,"$596,664"
1744,nfl,2022,,Carlos Watkins,DAL,DL/DE,"$596,664"
1745,nfl,2022,1746,Kendall Hinton,DEN,WR,"$595,829"
1746,nfl,2022,,Chris Williams,IND,DL/DT,"$595,829"
1747,nfl,2022,1748,Tommy Doyle,BUF,LT,"$595,597"
1748,nfl,2022,1749,D.J. Davidson,NYG,DL/DT,"$594,919"
1749,nfl,2022,1750,Cornell Armstrong,ATL,CB,"$589,722"
1750,nfl,2022,,Jackson Barton,LV,T,"$589,722"
1751,nfl,2022,,C.J. Moore,DET,S,"$589,722"
1752,nfl,2022,1753,Tevaughn Campbell,JAX,CB,"$589,721"
1753,nfl,2022,1754,Trevor Denbow,DAL,S,"$587,782"
1754,nfl,2022,1755,Britain Covey,PHI,WR,"$587,500"
1755,nfl,2022,,Nazeeh Johnson,KC,CB,"$587,500"
1756,nfl,2022,,Jesse Luketa,ARI,LB,"$587,500"
1757,nfl,2022,1758,Elijah Mitchell,SF,RB,"$583,116"
1758,nfl,2022,1759,Janarius Robinson,PHI,ED/DE,"$582,781"
1759,nfl,2022,1760,Devin Harper,DAL,LB,"$581,326"
1760,nfl,2022,1761,Isaiah Dunn,SEA,CB,"$578,331"
1761,nfl,2022,1762,Jake Martin,DEN,ED/OLB,"$575,000"
1762,nfl,2022,,Roquan Smith,BAL,LB/ILB,"$575,000"
1763,nfl,2022,,Jeff Wilson,MIA,RB,"$575,000"
1764,nfl,2022,1765,Chasen Hines,NE,C,"$573,956"
1765,nfl,2022,1766,Charles Washington,ARI,S,"$572,500"
1766,nfl,2022,1767,Ben Ellefson,MIN,TE,"$572,221"
1767,nfl,2022,1768,Trayvon Mullen,DAL,CB,"$564,444"
1768,nfl,2022,1769,Brandon Wilson,CIN,S,"$562,500"
1769,nfl,2022,1770,Sidney Jones,LV,CB,"$559,998"
1770,nfl,2022,1771,Calvin Austin,PIT,WR,"$556,085"
1771,nfl,2022,1772,Jake Hummel,LAR,LB/ILB,"$553,890"
1772,nfl,2022,1773,Grant Haley,LAR,CB,"$551,111"
1773,nfl,2022,1774,James Robinson,NYJ,RB,"$546,946"
1774,nfl,2022,1775,Michael Badgley,DET,K,"$546,942"
1775,nfl,2022,,Chris Harris,NO,CB,"$546,942"
1776,nfl,2022,,Danny Johnson,WAS,CB,"$546,942"
1777,nfl,2022,,Marlon Mack,DEN,RB,"$546,942"
1778,nfl,2022,,Sean McKeon,DAL,TE,"$546,942"
1779,nfl,2022,1780,Daniel Hardy,LAR,DL/DE,"$546,596"
1780,nfl,2022,1781,Zack Moss,IND,RB,"$543,750"
1781,nfl,2022,1782,Milo Eifler,WAS,LB,"$537,220"
1782,nfl,2022,1783,T.J. Hockenson,MIN,TE,"$536,111"
1783,nfl,2022,1784,Daelin Hayes,BAL,ED/OLB,"$528,302"
1784,nfl,2022,1785,Jesse James,CLE,TE,"$526,111"
1785,nfl,2022,,Jason Verrett,SF,CB,"$526,111"
1786,nfl,2022,1787,Jared Bernhardt,ATL,WR,"$523,334"
1787,nfl,2022,1788,Tariq Castro-Fields,WAS,CB,"$521,668"
1788,nfl,2022,1789,Micah Kiser,LV,LB/ILB,"$520,000"
1789,nfl,2022,1790,Tyreke Smith,SEA,ED/DE,"$510,244"
1790,nfl,2022,1791,D'Marco Jackson,NO,LB/ILB,"$509,229"
1791,nfl,2022,1792,Kevin Harris,NE,RB,"$509,171"
1792,nfl,2022,1793,Theo Jackson,MIN,CB,"$509,167"
1793,nfl,2022,1794,Tycen Anderson,CIN,S,"$506,521"
1794,nfl,2022,1795,Devante Bond,DAL,ED/OLB,"$505,000"
1795,nfl,2022,1796,Thomas Graham Jr.,CLE,CB,"$504,163"
1796,nfl,2022,1797,Trenton Cannon,TEN,RB,"$503,889"
1797,nfl,2022,1798,Da'shawn Hand,TEN,DL/DE,"$503,056"
1798,nfl,2022,1799,Travin Howard,LAR,ED/OLB,"$500,000"
1799,nfl,2022,1800,Marcus McKethan,NYG,G,"$499,128"
1800,nfl,2022,1801,Bruce Irvin,SEA,ED/DE,"$497,222"
1801,nfl,2022,1802,Kamu Grugier-Hill,ARI,ED/OLB,"$497,220"
1802,nfl,2022,,Dean Marlowe,BUF,SS,"$497,220"
1803,nfl,2022,1804,Beau Brinkley,ATL,LS,"$495,000"
1804,nfl,2022,1805,Corey Ballentine,GB,CB,"$482,500"
1805,nfl,2022,,Duke Shelley,MIN,CB,"$482,500"
1806,nfl,2022,1807,Darrian Beavers,NYG,LB,"$481,636"
1807,nfl,2022,1808,Joe Bachie,CIN,LB,"$480,000"
1808,nfl,2022,,Nick Bawden,NYJ,FB,"$480,000"
1809,nfl,2022,,Vince Biegel,BAL,ED/OLB,"$480,000"
1810,nfl,2022,,Jordan Jenkins,LV,ED/OLB,"$480,000"
1811,nfl,2022,,Karl Joseph,PIT,SS,"$480,000"
1812,nfl,2022,,Jordan Matthews,SF,WR,"$480,000"
1813,nfl,2022,,Jeremy McNichols,PIT,RB,"$480,000"
1814,nfl,2022,,Anthony Miller,PIT,WR,"$480,000"
1815,nfl,2022,,Chris Odom,CLE,ED/DE,"$480,000"
1816,nfl,2022,,Dru Samia,NYJ,G,"$480,000"
1817,nfl,2022,,Javin White,CHI,LB,"$480,000"
1818,nfl,2022,1819,Chris Jackson,TEN,CB,"$476,389"
1819,nfl,2022,,Steven Means,BAL,DL/DE,"$476,389"
1820,nfl,2022,1821,Andrew Ogletree,IND,TE,"$474,547"
1821,nfl,2022,1822,Michael Bandy,LAC,WR,"$470,004"
1822,nfl,2022,,Luke Tenuta,GB,T,"$470,004"
1823,nfl,2022,1824,Josh Thompson,TEN,CB,"$470,000"
1824,nfl,2022,,Raleigh Webb,NE,WR,"$470,000"
1825,nfl,2022,,Chandler Wooten,CAR,LB/ILB,"$470,000"
1826,nfl,2022,1827,Doug Kramer,CHI,C,"$469,452"
1827,nfl,2022,1828,Cullen Gillaspia,SEA,FB,"$466,944"
1828,nfl,2022,1829,Kristian Wilkerson,NE,WR,"$465,000"
1829,nfl,2022,1830,Josh Ross,BAL,LB/ILB,"$463,889"
1830,nfl,2022,1831,Chance Campbell,TEN,ED/OLB,"$463,004"
1831,nfl,2022,,Kalia Davis,SF,DL/DT,"$463,004"
1832,nfl,2022,,John FitzPatrick,ATL,TE,"$463,004"
1833,nfl,2022,1834,Trill Williams,MIA,CB,"$460,000"
1834,nfl,2022,1835,Blake Hance,JAX,T,"$458,330"
1835,nfl,2022,,Kenny Yeboah,NYJ,TE,"$458,330"
1836,nfl,2022,1837,Jerry Jacobs,DET,CB,"$456,166"
1837,nfl,2022,1838,Damarea Crockett,DEN,RB,"$455,000"
1838,nfl,2022,,J.J. Koski,LAR,WR,"$455,000"
1839,nfl,2022,,John Lovett,MIA,FB,"$455,000"
1840,nfl,2022,,Forrest Merrill,LAC,DL/DT,"$455,000"
1841,nfl,2022,,Cody Thompson,SEA,WR,"$455,000"
1842,nfl,2022,,Kenny Willekes,MIN,DL/DE,"$455,000"
1843,nfl,2022,1844,Dawson Deaton,CLE,C,"$450,735"
1844,nfl,2022,1845,Marquis Hayes,ARI,G,"$449,252"
1845,nfl,2022,1846,Josh Andrews,NO,C,"$447,498"
1846,nfl,2022,,Trinity Benson,DET,WR,"$447,498"
1847,nfl,2022,,Curtis Bolton,LV,LB,"$447,498"
1848,nfl,2022,,Jovante Moffatt,ATL,S,"$447,498"
1849,nfl,2022,1850,Christopher Allen,DEN,ED/OLB,"$440,000"
1850,nfl,2022,1851,Curtis Hodges,WAS,TE,"$438,333"
1851,nfl,2022,,Isaiah Weston,CLE,WR,"$438,333"
1852,nfl,2022,1853,Ben Brown,CIN,C,"$436,666"
1853,nfl,2022,,Smoke Monday,NO,S,"$436,666"
1854,nfl,2022,1855,Greg Bell,DET,RB,"$435,000"
1855,nfl,2022,1856,Andrew Trainer,LAC,T,"$433,333"
1856,nfl,2022,1857,Drew White,WAS,LB,"$432,500"
1857,nfl,2022,1858,Isaac Taylor -Stuart,DAL,CB,"$431,666"
1858,nfl,2022,,Isaac Weaver,LAC,C,"$431,666"
1859,nfl,2022,1860,Dieter Eiselen,CHI,G,"$430,837"
1860,nfl,2022,1861,Larnel Coleman,CAR,T,"$430,833"
1861,nfl,2022,,Malik Davis,DAL,RB,"$430,833"
1862,nfl,2022,,Thomas Hennigan,MIN,WR,"$430,833"
1863,nfl,2022,,Zonovan Knight,NYJ,RB,"$430,833"
1864,nfl,2022,1865,Stone Smartt,LAC,TE,"$430,002"
1865,nfl,2022,1866,Darius Anderson,HOU,RB,"$430,000"
1866,nfl,2022,,Ian Bunting,DAL,TE,"$430,000"
1867,nfl,2022,,Elijah Holyfield,CIN,RB,"$430,000"
1868,nfl,2022,,Willie Johnson,JAX,WR,"$430,000"
1869,nfl,2022,,Zane Lewis,NYJ,CB,"$430,000"
1870,nfl,2022,,Damon Lloyd,LAC,LB,"$430,000"
1871,nfl,2022,,Sincere McCormick,LV,RB,"$430,000"
1872,nfl,2022,,Carter O'Donnell,IND,T,"$430,000"
1873,nfl,2022,,Carlins Platel,PIT,CB,"$430,000"
1874,nfl,2022,,Justyn Ross,KC,WR,"$430,000"
1875,nfl,2022,,Casey Tucker,DEN,T,"$430,000"
1876,nfl,2022,,Eli Wolf,WAS,TE,"$430,000"
1877,nfl,2022,1878,C.J. Board,TEN,WR,"$428,889"
1878,nfl,2022,,Joel Iyiegbuniwe,CAR,LB/ILB,"$428,889"
1879,nfl,2022,1880,Breiden Fehoko,LAC,DL/DT,"$412,497"
1880,nfl,2022,,Adam Prentice,NO,FB,"$412,497"
1881,nfl,2022,,Shane Zylstra,DET,TE,"$412,497"
1882,nfl,2022,1883,Corey Clement,ARI,RB,"$397,776"
1883,nfl,2022,,Rashaad Coward,ARI,G,"$397,776"
1884,nfl,2022,,Tyeler Davison,LAC,DL/DT,"$397,776"
1885,nfl,2022,,Joe Gaziano,LAC,DL/DE,"$397,776"
1886,nfl,2022,,Jonathan Harris,DEN,DL/DT,"$397,776"
1887,nfl,2022,,A.J. Klein,BUF,LB/OLB,"$397,776"
1888,nfl,2022,,Henry Mondeaux,NYG,DL/DE,"$397,776"
1889,nfl,2022,,Michael Palardy,NE,P,"$397,776"
1890,nfl,2022,1891,Tony Jefferson,NYG,SS,"$396,389"
1891,nfl,2022,1892,Amari Rodgers,HOU,WR,"$392,320"
1892,nfl,2022,1893,Jalen Dalton,ATL,DL/DE,"$391,670"
1893,nfl,2022,,Isaiah Hodgins,NYG,WR,"$391,670"
1894,nfl,2022,,John Molchon,TB,G,"$391,670"
1895,nfl,2022,1896,Dakota Allen,DEN,LB,"$375,278"
1896,nfl,2022,,Justin Zimmer,MIA,DL/DT,"$375,278"
1897,nfl,2022,1898,Justin Hollins,GB,ED/OLB,"$375,277"
1898,nfl,2022,1899,Jacob Harris,LAR,WR,"$366,667"
1899,nfl,2022,1900,Porter Gustin,MIA,ED/OLB,"$358,200"
1900,nfl,2022,,Dontae Johnson,SF,CB,"$358,200"
1901,nfl,2022,1902,Isaiah Pola-Mao,LV,S,"$352,503"
1902,nfl,2022,1903,Verone McKinley,MIA,S,"$352,500"
1903,nfl,2022,1904,Darrynton Evans,CHI,RB,"$348,054"
1904,nfl,2022,,Jaleel Johnson,ATL,DL/DT,"$348,054"
1905,nfl,2022,,Khalid Kareem,IND,ED/DE,"$348,054"
1906,nfl,2022,,Conor McDermott,NE,T,"$348,054"
1907,nfl,2022,,T.Y. McGill,SF,DL/DT,"$348,054"
1908,nfl,2022,,Daryl Worley,BAL,CB,"$348,054"
1909,nfl,2022,1910,Racey McMath,TEN,WR,"$347,839"
1910,nfl,2022,1911,Johnathan Abram,SEA,FS,"$343,754"
1911,nfl,2022,1912,Frank Darby,ATL,WR,"$320,833"
1912,nfl,2022,1913,Trenton Irwin,CIN,WR,"$320,831"
1913,nfl,2022,1914,Kody Russey,NE,C,"$313,336"
1914,nfl,2022,,Ben Stille,CLE,DL/DT,"$313,336"
1915,nfl,2022,,Zach Thomas,LAR,T,"$313,336"
1916,nfl,2022,1917,Chandler Brewer,LAR,G,"$312,778"
1917,nfl,2022,1918,Mitchell Fraboni,DEN,LS,"$308,611"
1918,nfl,2022,1919,Tim Boyle,CHI,QB,"$298,332"
1919,nfl,2022,,Andrew Brown,CHI,ED/DE,"$298,332"
1920,nfl,2022,,Tyler Hall,LV,CB,"$298,332"
1921,nfl,2022,,Nathan Peterman,CHI,QB,"$298,332"
1922,nfl,2022,,Nick Vannett,NYG,TE,"$298,332"
1923,nfl,2022,,Isaac Yiadom,NO,CB,"$298,332"
1924,nfl,2022,1925,Kyle Peko,LV,DL/DT,"$287,500"
1925,nfl,2022,1926,A.J. Arcuri,LAR,T,"$274,169"
1926,nfl,2022,,Lawrence Cager,NYG,WR,"$274,169"
1927,nfl,2022,,Cameron Dicker,LAC,P,"$274,169"
1928,nfl,2022,,Ryan Neuzil,ATL,C,"$274,169"
1929,nfl,2022,,Ronnie Rivers,LAR,RB,"$274,169"
1930,nfl,2022,,Foster Sarell,LAC,T,"$274,169"
1931,nfl,2022,1932,Tarell Basham,TEN,ED/OLB,"$248,610"
1932,nfl,2022,,Travis Carrie,CAR,CB,"$248,610"
1933,nfl,2022,,Jermaine Carter,CLE,LB/ILB,"$248,610"
1934,nfl,2022,,Chris Conley,TEN,WR,"$248,610"
1935,nfl,2022,,Laurent Duvernay-Tardif,NYJ,G,"$248,610"
1936,nfl,2022,,Kemon Hall,LAC,CB,"$248,610"
1937,nfl,2022,,Greg Mabin,TEN,CB,"$248,610"
1938,nfl,2022,,Ross Pierschbacher,DET,G,"$248,610"
1939,nfl,2022,,Reggie Ragland,CLE,LB/ILB,"$248,610"
1940,nfl,2022,,Taylor Stallworth,HOU,DL/DT,"$248,610"
1941,nfl,2022,,Brandon Williams,KC,DL/DT,"$248,610"
1942,nfl,2022,,Logan Woodside,ATL,QB,"$248,610"
1943,nfl,2022,1944,Nate Hairston,ARI,CB,"$246,400"
1944,nfl,2022,1945,Sammy Watkins,BAL,WR,"$244,899"
1945,nfl,2022,1946,Noah Elliss,PHI,DL/DT,"$243,333"
1946,nfl,2022,1947,Larrell Murchison,LAR,DL/DT,"$239,610"
1947,nfl,2022,1948,T.J. Carter,LAR,DL/DT,"$235,002"
1948,nfl,2022,,Innis Gaines,GB,CB,"$235,002"
1949,nfl,2022,,James Houston,DET,ED/OLB,"$235,002"
1950,nfl,2022,,Brandon Johnson,DEN,WR,"$235,002"
1951,nfl,2022,,A.J. Thomas,CHI,S,"$235,002"
1952,nfl,2022,,Keir Thomas,LAR,ED/OLB,"$235,002"
1953,nfl,2022,,Austin Trammell,LAR,WR,"$235,002"
1954,nfl,2022,1955,Jaelon Darden,CLE,WR,"$229,165"
1955,nfl,2022,1956,David Blough,ARI,QB,"$214,444"
1956,nfl,2022,,Will Grier,DAL,QB,"$214,444"
1957,nfl,2022,1958,Jalen Camp,HOU,WR,"$207,000"
1958,nfl,2022,,Drew Estrada,HOU,WR,"$207,000"
1959,nfl,2022,,Obinna Eze,DET,T,"$207,000"
1960,nfl,2022,,Jordan Franks,KC,TE,"$207,000"
1961,nfl,2022,,Alec Lindstrom,DAL,C,"$207,000"
1962,nfl,2022,,Cornell Powell,KC,WR,"$207,000"
1963,nfl,2022,,D’Vonte Price,IND,RB,"$207,000"
1964,nfl,2022,,LaBryan Ray,NE,DL/DT,"$207,000"
1965,nfl,2022,,Saivion Smith,DET,CB,"$207,000"
1966,nfl,2022,,Dillon Stoner,LV,WR,"$207,000"
1967,nfl,2022,,Myron Tagovailoa-Amosa,LV,DL/DT,"$207,000"
1968,nfl,2022,,Derrick Tangelo,ATL,DL/DT,"$207,000"
1969,nfl,2022,,Juanyeh Thomas,DAL,S,"$207,000"
1970,nfl,2022,,Tyler Vrabel,ATL,T,"$207,000"
1971,nfl,2022,1972,Eno Benjamin,NO,RB,"$198,888"
1972,nfl,2022,,Malcolm Brown,LAR,RB,"$198,888"
1973,nfl,2022,,Anthony Chesley,TB,CB,"$198,888"
1974,nfl,2022,,Jeff Driskel,HOU,QB,"$198,888"
1975,nfl,2022,,Royce Freeman,HOU,RB,"$198,888"
1976,nfl,2022,,Davontae Harris,TEN,CB,"$198,888"
1977,nfl,2022,,David Johnson,NO,RB,"$198,888"
1978,nfl,2022,,Netane Muti,LV,G,"$198,888"
1979,nfl,2022,,Jordan Roos,TEN,G,"$198,888"
1980,nfl,2022,,Freddie Swain,DEN,WR,"$198,888"
1981,nfl,2022,,Jace Whittaker,ARI,CB,"$198,888"
1982,nfl,2022,,Maxx Williams,ARI,TE,"$198,888"
1983,nfl,2022,1984,Drue Chrisman,CIN,P,"$195,835"
1984,nfl,2022,,Elijah Garcia,DEN,DL/DT,"$195,835"
1985,nfl,2022,,Jack Gibbens,TEN,LB,"$195,835"
1986,nfl,2022,1987,Andre Anthony,CHI,LB,"$195,500"
1987,nfl,2022,1988,Scotty Washington,NE,WR,"$184,000"
1988,nfl,2022,1989,Jonathan Marshall,PIT,DL/DT,"$183,332"
1989,nfl,2022,,Hamsah Nasirildeen,NYJ,S,"$183,332"
1990,nfl,2022,,Patrick Taylor,GB,RB,"$183,332"
1991,nfl,2022,1992,Taylor Bertolet,LAC,K,"$161,000"
1992,nfl,2022,1993,Michael Dogbe,ARI,DL/DE,"$160,833"
1993,nfl,2022,,Justin Layne,CAR,CB,"$160,833"
1994,nfl,2022,,Wes Martin,WAS,G,"$160,833"
1995,nfl,2022,,Daniel Munyer,TEN,C,"$160,833"
1996,nfl,2022,,Ty Summers,NO,LB,"$160,833"
1997,nfl,2022,1998,Ryder Anderson,NYG,DL/DE,"$156,668"
1998,nfl,2022,,Kalon Barnes,MIN,CB,"$156,668"
1999,nfl,2022,,Julius Chestnut,TEN,RB,"$156,668"
2000,nfl,2022,,Jacobi Francis,HOU,S,"$156,668"
2001,nfl,2022,,Nikola Kalinic,IND,TE,"$156,668"
2002,nfl,2022,,William Kwenkeu,MIN,LB,"$156,668"
2003,nfl,2022,2004,Breon Borders,CHI,CB,"$149,166"
2004,nfl,2022,,Landon Collins,NYG,FS,"$149,166"
2005,nfl,2022,,Joshua Dobbs,TEN,QB,"$149,166"
2006,nfl,2022,,Harrison Hand,CHI,CB,"$149,166"
2007,nfl,2022,,Elijah Lee,CHI,LB/OLB,"$149,166"
2008,nfl,2022,,Elijah Riley,PIT,CB,"$149,166"
2009,nfl,2022,,Laquon Treadwell,SEA,WR,"$149,166"
2010,nfl,2022,2011,Kirk Merritt,NO,WR,"$137,499"
2011,nfl,2022,2012,Tucker Addington,NE,LS,"$117,501"
2012,nfl,2022,,David Anenih,ATL,DL/DE,"$117,501"
2013,nfl,2022,,Earnest Brown,LAR,DL/DE,"$117,501"
2014,nfl,2022,,Christian Dilauro,DEN,T,"$117,501"
2015,nfl,2022,,Christian Elliss,PHI,ED/DE,"$117,501"
2016,nfl,2022,,Jarrett Guarantano,DEN,QB,"$117,501"
2017,nfl,2022,,Christopher Hinton,LAC,DL/DT,"$117,501"
2018,nfl,2022,,Gregory Junior,JAX,CB,"$117,501"
2019,nfl,2022,,Raheem Layne,LAC,S,"$117,501"
2020,nfl,2022,,Cameron McGrone,IND,LB,"$117,501"
2021,nfl,2022,,Xavier Newman-Johnson,TEN,G,"$117,501"
2022,nfl,2022,,Deven Thompkins,TB,WR,"$117,501"
2023,nfl,2022,2024,Michael Ojemudia,CHI,CB,"$115,772"
2024,nfl,2022,2025,Pharoh Cooper,ARI,WR,"$115,000"
2025,nfl,2022,,Jarrad Davis,NYG,LB/ILB,"$115,000"
2026,nfl,2022,,Josh Jackson,ARI,CB,"$115,000"
2027,nfl,2022,,Harvey Langi,LV,LB/ILB,"$115,000"
2028,nfl,2022,,Isaac Rochell,LV,DL/DE,"$115,000"
2029,nfl,2022,2030,Marcell Harris,NYJ,LB/OLB,"$107,800"
2030,nfl,2022,2031,Xavier Crawford,SEA,CB,"$107,222"
2031,nfl,2022,,Tae Davis,CLE,LB,"$107,222"
2032,nfl,2022,,Isaiah Mack,SEA,DL/DT,"$107,222"
2033,nfl,2022,2034,Tae Crowder,PIT,LB,"$99,444"
2034,nfl,2022,,Tae Hayes,NE,CB,"$99,444"
2035,nfl,2022,,Godwin Igwebuike,SEA,RB,"$99,444"
2036,nfl,2022,,Kendall Lamm,MIA,RT,"$99,444"
2037,nfl,2022,,Andre Smith,TEN,LB/ILB,"$99,444"
2038,nfl,2022,2039,Wyatt Davis,NYG,G,"$98,002"
2039,nfl,2022,2040,De'Jon Harris,WAS,LB,"$91,666"
2040,nfl,2022,,Lamar Jackson,DEN,CB,"$91,666"
2041,nfl,2022,2042,Yasir Durant,NO,T,"$80,500"
2042,nfl,2022,,Emeka Emezie,ATL,WR,"$80,500"
2043,nfl,2022,2044,Micah Abernathy,ATL,S,"$78,334"
2044,nfl,2022,,Andre Baccellia,ARI,WR,"$78,334"
2045,nfl,2022,,David Bada,WAS,DL/DT,"$78,334"
2046,nfl,2022,,Tyler Badie,DEN,RB,"$78,334"
2047,nfl,2022,,Darrell Baker Jr.,IND,CB,"$78,334"
2048,nfl,2022,,Anthony Brown,BAL,QB,"$78,334"
2049,nfl,2022,,Kameron Cline,IND,DL/DT,"$78,334"
2050,nfl,2022,,Chase Garbers,LV,QB,"$78,334"
2051,nfl,2022,,Allan George,CIN,CB,"$78,334"
2052,nfl,2022,,Vi Jones,SEA,LB,"$78,334"
2053,nfl,2022,,Jonathan Kongbo,DEN,DL/DE,"$78,334"
2054,nfl,2022,,Jeremiah Ledbetter,JAX,DL/DT,"$78,334"
2055,nfl,2022,,J.J. Russell,TB,LB,"$78,334"
2056,nfl,2022,2057,Andrew Stueber,NE,T,"$70,900"
2057,nfl,2022,2058,Greg Mancz,MIN,C,"$62,222"
2058,nfl,2022,2059,Geron Christian,MIA,T,"$57,500"
2059,nfl,2022,,Nate Gerry,WAS,LB/OLB,"$57,500"
2060,nfl,2022,,Jalyn Holmes,CHI,DL/DT,"$57,500"
2061,nfl,2022,2062,Preston Williams,CAR,WR,"$53,611"
2062,nfl,2022,2063,Bradlee Anae,NYJ,ED/DE,"$49,722"
2063,nfl,2022,,Eric Banks,ARI,DL/DE,"$49,722"
2064,nfl,2022,,Rashod Berry,IND,TE,"$49,722"
2065,nfl,2022,,Brett Kern,PHI,P,"$49,722"
2066,nfl,2022,,Keith Kirkwood,NO,WR,"$49,722"
2067,nfl,2022,,Terrell Lewis,CHI,LB/OLB,"$49,722"
2068,nfl,2022,,Adam Pankey,NYJ,T,"$49,722"
2069,nfl,2022,,Will Parks,NYJ,S,"$49,722"
2070,nfl,2022,,Eric Smith,NYJ,G,"$49,722"
2071,nfl,2022,,Ty'Son Williams,ARI,RB,"$49,722"
2072,nfl,2022,2073,Jake Funk,IND,RB,"$45,833"
2073,nfl,2022,,Tyler Mabry,SEA,TE,"$45,833"
2074,nfl,2022,,Jared Mayden,BUF,S,"$45,833"
2075,nfl,2022,,Jaret Patterson,WAS,RB,"$45,833"
2076,nfl,2022,,Jared Pinkney,LAR,TE,"$45,833"
2077,nfl,2022,,Sam Tecklenburg,CAR,C,"$45,833"
2078,nfl,2022,2079,Rashid Shaheed,NO,WR,"$41,528"
2079,nfl,2022,2080,Mike Brown,TEN,S,"$39,167"
2080,nfl,2022,,Irvin Charles,NYJ,WR,"$39,167"
2081,nfl,2022,,DeMarquis Gates,CHI,LB/OLB,"$39,167"
2082,nfl,2022,,Ja’Quan McMillian,DEN,CB,"$39,167"
2083,nfl,2022,,Joshua Onujiogu,SEA,ED/DE,"$39,167"
2084,nfl,2022,,Benning Potoa'e,WAS,ED/DE,"$39,167"
2085,nfl,2022,,Will Sherman,DEN,T,"$39,167"
2086,nfl,2022,2087,Ricky Person Jr.,BAL,RB,"$1,666"
2087,nfl,2022,1,OL,,,20
2088,nfl,2022,2,QB,,,17
2089,nfl,2022,3,ED,,,13
2090,nfl,2022,4,DL,,,13
2091,nfl,2022,5,WR,,,12
2092,nfl,2022,6,CB,,,7
2093,nfl,2022,7,LB,,,6
2094,nfl,2022,8,S,,,5
2095,nfl,2022,9,TE,,,4
2096,nfl,2022,10,RB,,,3
2097,nfl,2022,1,ARI,,,6
2098,nfl,2022,2,DAL,,,6
2099,nfl,2022,3,IND,,,6
2100,nfl,2022,4,MIN,,,5
2101,nfl,2022,5,BAL,,,4
2102,nfl,2022,6,BUF,,,4
2103,nfl,2022,7,CIN,,,4
2104,nfl,2022,8,DEN,,,4
2105,nfl,2022,9,NYJ,,,4
2106,nfl,2022,10,KC,,,4
2107,nfl,2022,11,LAC,,,4
2108,nfl,2022,12,LAR,,,4
2109,nfl,2022,13,SF,,,4
2110,nfl,2022,14,DET,,,3
2111,nfl,2022,15,GB,,,3
2112,nfl,2022,16,LV,,,3
2113,nfl,2022,17,NE,,,3
2114,nfl,2022,18,TB,,,3
2115,nfl,2022,19,TEN,,,3
2116,nfl,2022,20,WAS,,,3
2117,nfl,2022,21,ATL,,,2
2118,nfl,2022,22,CAR,,,2
2119,nfl,2022,23,CHI,,,2
2120,nfl,2022,24,CLE,,,2
2121,nfl,2022,25,MIA,,,2
2122,nfl,2022,26,NO,,,2
2123,nfl,2022,27,NYG,,,2
2124,nfl,2022,28,PHI,,,2
2125,nfl,2022,29,PIT,,,2
2126,nfl,2022,30,HOU,,,1
2127,nfl,2022,31,JAX,,,1
2128,nfl,2022,1,OL,,,20
2129,nfl,2022,2,QB,,,17
2130,nfl,2022,3,ED,,,13
2131,nfl,2022,4,DL,,,13
2132,nfl,2022,5,WR,,,12
2133,nfl,2022,6,CB,,,7
2134,nfl,2022,7,LB,,,6
2135,nfl,2022,8,S,,,5
2136,nfl,2022,9,TE,,,4
2137,nfl,2022,10,RB,,,3
2138,nfl,2022,1,ARI,,,6
2139,nfl,2022,2,DAL,,,6
2140,nfl,2022,3,IND,,,6
2141,nfl,2022,4,MIN,,,5
2142,nfl,2022,5,BAL,,,4
2143,nfl,2022,6,BUF,,,4
2144,nfl,2022,7,CIN,,,4
2145,nfl,2022,8,DEN,,,4
2146,nfl,2022,9,NYJ,,,4
2147,nfl,2022,10,KC,,,4
2148,nfl,2022,11,LAC,,,4
2149,nfl,2022,12,LAR,,,4
2150,nfl,2022,13,SF,,,4
2151,nfl,2022,14,DET,,,3
2152,nfl,2022,15,GB,,,3
2153,nfl,2022,16,LV,,,3
2154,nfl,2022,17,NE,,,3
2155,nfl,2022,18,TB,,,3
2156,nfl,2022,19,TEN,,,3
2157,nfl,2022,20,WAS,,,3
2158,nfl,2022,21,ATL,,,2
2159,nfl,2022,22,CAR,,,2
2160,nfl,2022,23,CHI,,,2
2161,nfl,2022,24,CLE,,,2
2162,nfl,2022,25,MIA,,,2
2163,nfl,2022,26,NO,,,2
2164,nfl,2022,27,NYG,,,2
2165,nfl,2022,28,PHI,,,2
2166,nfl,2022,29,PIT,,,2
2167,nfl,2022,30,HOU,,,1
2168,nfl,2022,31,JAX,,,1
