,league,season,rank,player,team,position,salary
0,nfl,2014,1,Ndamukong Suh,DET,DL/DT,"$22,412,500"
1,nfl,2014,2,Gerald McCoy,TB,DL/DT,"$21,295,000"
2,nfl,2014,3,Eli Manning,NYG,QB,"$20,400,000"
3,nfl,2014,4,Ben Roethlisberger,PIT,QB,"$18,895,000"
4,nfl,2014,5,Mario Williams,BUF,ED/DE,"$18,800,000"
5,nfl,2014,6,Jay Cutler,CHI,QB,"$18,500,000"
6,nfl,2014,7,Drew Brees,NO,QB,"$18,400,000"
7,nfl,2014,8,Sam Bradford,STL,QB,"$17,610,000"
8,nfl,2014,9,Aaron Rodgers,GB,QB,"$17,550,000"
9,nfl,2014,10,Peyton Manning,DEN,QB,"$17,500,000"
10,nfl,2014,,Matt Ryan,ATL,QB,"$17,500,000"
11,nfl,2014,12,Mike Wallace,MIA,WR,"$17,250,000"
12,nfl,2014,13,Philip Rivers,SD,QB,"$16,666,666"
13,nfl,2014,14,Matthew Stafford,DET,QB,"$15,820,000"
14,nfl,2014,15,Andre Johnson,HOU,WR,"$15,644,583"
15,nfl,2014,16,Tom Brady,NE,QB,"$14,800,000"
16,nfl,2014,,Joe Flacco,BAL,QB,"$14,800,000"
17,nfl,2014,18,Adrian Peterson,MIN,RB,"$14,400,000"
18,nfl,2014,19,Haloti Ngata,BAL,DL/DT,"$14,000,000"
19,nfl,2014,20,Greg Hardy,CAR,ED/DE,"$13,116,000"
20,nfl,2014,21,Calvin Johnson,DET,WR,"$13,058,000"
21,nfl,2014,22,Carson Palmer,ARI,QB,"$13,000,000"
22,nfl,2014,23,Chris Long,STL,ED/DE,"$12,900,000"
23,nfl,2014,24,Vincent Jackson,TB,WR,"$12,432,000"
24,nfl,2014,25,Joe Thomas,CLE,LT,"$12,300,000"
25,nfl,2014,26,Brandon Carr,DAL,CB,"$12,217,000"
26,nfl,2014,27,Joe Haden,CLE,CB,"$12,127,895"
27,nfl,2014,28,Lawrence Timmons,PIT,LB/ILB,"$11,816,250"
28,nfl,2014,29,Tony Romo,DAL,QB,"$11,773,000"
29,nfl,2014,30,D'Brickashaw Ferguson,NYJ,LT,"$11,698,666"
30,nfl,2014,31,Eric Berry,KC,FS,"$11,619,700"
31,nfl,2014,32,Dwayne Bowe,KC,WR,"$11,485,294"
32,nfl,2014,33,Tamba Hali,KC,ED/OLB,"$11,464,706"
33,nfl,2014,34,Brian Orakpo,WAS,ED/OLB,"$11,455,000"
34,nfl,2014,35,Calais Campbell,ARI,DL/DE,"$11,250,000"
35,nfl,2014,,Johnathan Joseph,HOU,CB,"$11,250,000"
36,nfl,2014,37,Russell Okung,SEA,LT,"$11,240,000"
37,nfl,2014,38,Charles Johnson,CAR,ED/DE,"$11,220,000"
38,nfl,2014,39,Clay Matthews Jr.,GB,ED/OLB,"$11,006,250"
39,nfl,2014,40,Jahri Evans,NO,G,"$11,000,000"
40,nfl,2014,41,Trent Williams,WAS,LT,"$10,980,393"
41,nfl,2014,42,Eric Weddle,SD,FS,"$10,100,000"
42,nfl,2014,43,Alex Mack,CLE,C,"$10,000,000"
43,nfl,2014,44,Jason Worilds,PIT,ED/OLB,"$9,754,000"
44,nfl,2014,45,Cliff Avril,SEA,ED/DE,"$9,750,000"
45,nfl,2014,46,Pierre Garcon,WAS,WR,"$9,700,000"
46,nfl,2014,,LeSean McCoy,PHI,RB,"$9,700,000"
47,nfl,2014,48,DeMarcus Ware,DEN,LB/OLB,"$9,666,666"
48,nfl,2014,49,James Laurinaitis,STL,LB/ILB,"$9,650,000"
49,nfl,2014,50,Jamaal Charles,KC,RB,"$9,633,333"
50,nfl,2014,51,Paul Posluszny,JAX,LB/OLB,"$9,500,000"
51,nfl,2014,,Tramon Williams,GB,CB,"$9,500,000"
52,nfl,2014,53,Brandon Marshall,CHI,WR,"$9,375,000"
53,nfl,2014,54,Jake Long,STL,LT,"$9,250,000"
54,nfl,2014,,Antrel Rolle,NYG,SS,"$9,250,000"
55,nfl,2014,56,Ben Grubbs,NO,G,"$9,100,000"
56,nfl,2014,57,Andy Dalton,CIN,QB,"$9,059,063"
57,nfl,2014,58,Geno Atkins,CIN,DL/DT,"$9,000,000"
58,nfl,2014,,Dashon Goldson,TB,FS,"$9,000,000"
59,nfl,2014,,Michael Johnson,TB,ED/DE,"$9,000,000"
60,nfl,2014,61,Darnell Dockett,ARI,DL/DE,"$8,750,000"
61,nfl,2014,62,Leon Hall,CIN,CB,"$8,700,000"
62,nfl,2014,63,Ryan Clady,DEN,LT,"$8,600,000"
63,nfl,2014,,Carlos Dunlap,CIN,ED/DE,"$8,600,000"
64,nfl,2014,,Larry Fitzgerald,ARI,WR,"$8,600,000"
65,nfl,2014,,Andy Levitre,TEN,G,"$8,600,000"
66,nfl,2014,67,Duane Brown,HOU,LT,"$8,500,000"
67,nfl,2014,68,Marshal Yanda,BAL,G,"$8,450,000"
68,nfl,2014,69,Jason Witten,DAL,TE,"$8,412,000"
69,nfl,2014,70,Marques Colston,NO,WR,"$8,300,000"
70,nfl,2014,,Arian Foster,HOU,RB,"$8,300,000"
71,nfl,2014,,Jason McCourty,TEN,CB,"$8,300,000"
72,nfl,2014,73,Jason Peters,PHI,LT,"$8,292,000"
73,nfl,2014,74,Marcedes Lewis,JAX,TE,"$8,250,000"
74,nfl,2014,,Alterraun Verner,TB,CB,"$8,250,000"
75,nfl,2014,76,Everson Griffen,MIN,ED/DE,"$8,200,000"
76,nfl,2014,,Paul Kruger,CLE,ED/OLB,"$8,200,000"
77,nfl,2014,78,Ahtyba Rubin,CLE,DL/DT,"$8,175,000"
78,nfl,2014,79,Robert Mathis,IND,ED/OLB,"$8,044,117"
79,nfl,2014,80,Michael Griffin,TEN,FS,"$8,000,000"
80,nfl,2014,,Marshawn Lynch,SEA,RB,"$8,000,000"
81,nfl,2014,,Matt Schaub,OAK,QB,"$8,000,000"
82,nfl,2014,83,Aqib Talib,DEN,CB,"$7,906,250"
83,nfl,2014,84,Matt Forte,CHI,RB,"$7,900,000"
84,nfl,2014,85,Greg Olsen,CAR,TE,"$7,800,000"
85,nfl,2014,,Terrell Suggs,BAL,ED/OLB,"$7,800,000"
86,nfl,2014,87,Ike Taylor,PIT,CB,"$7,692,403"
87,nfl,2014,88,Barry Cofield,WAS,DL/DT,"$7,677,500"
88,nfl,2014,89,Justin Blalock,ATL,G,"$7,660,000"
89,nfl,2014,90,Wes Welker,DEN,WR,"$7,647,059"
90,nfl,2014,91,Vince Wilfork,NE,DL/DT,"$7,558,333"
91,nfl,2014,92,Anthony Davis,SF,RT,"$7,532,266"
92,nfl,2014,93,Zane Beadles,JAX,G,"$7,500,000"
93,nfl,2014,,Lardarius Webb,BAL,CB,"$7,500,000"
94,nfl,2014,95,Dannell Ellerbe,MIA,LB/OLB,"$7,425,000"
95,nfl,2014,96,Victor Cruz,NYG,WR,"$7,424,000"
96,nfl,2014,97,William Beatty,NYG,LT,"$7,400,000"
97,nfl,2014,98,Earl Thomas,SEA,FS,"$7,373,215"
98,nfl,2014,99,Vernon Davis,SF,TE,"$7,367,916"
99,nfl,2014,100,Jermon Bushrod,CHI,G,"$7,300,000"
100,nfl,2014,101,Jerod Mayo,NE,LB/ILB,"$7,287,500"
101,nfl,2014,102,Cameron Wake,MIA,ED/DE,"$7,285,000"
102,nfl,2014,103,Ryan Kalil,CAR,C,"$7,284,000"
103,nfl,2014,104,Louis Vasquez,DEN,G,"$7,250,000"
104,nfl,2014,105,Nick Mangold,NYJ,C,"$7,227,100"
105,nfl,2014,106,Chad Greenway,MIN,LB/OLB,"$7,200,000"
106,nfl,2014,107,Tyvon Branch,OAK,SS,"$7,157,000"
107,nfl,2014,108,Cam Newton,CAR,QB,"$7,008,113"
108,nfl,2014,109,David Harris,NYJ,LB/ILB,"$7,000,000"
109,nfl,2014,,Greg Jennings,MIN,WR,"$7,000,000"
110,nfl,2014,,Chris Myers,HOU,C,"$7,000,000"
111,nfl,2014,,Darrelle Revis,NE,CB,"$7,000,000"
112,nfl,2014,113,Patrick Peterson,ARI,CB,"$6,937,132"
113,nfl,2014,114,Justin Smith,SF,DL/DE,"$6,936,666"
114,nfl,2014,115,DeMeco Ryans,PHI,LB/ILB,"$6,900,000"
115,nfl,2014,116,Patrick Willis,SF,LB/ILB,"$6,863,000"
116,nfl,2014,117,Michael Roos,TEN,LT,"$6,625,000"
117,nfl,2014,118,Von Miller,DEN,LB/OLB,"$6,613,188"
118,nfl,2014,119,Trent Cole,PHI,ED/OLB,"$6,600,000"
119,nfl,2014,,Linval Joseph,MIN,DL/DT,"$6,600,000"
120,nfl,2014,121,Doug Free,DAL,RT,"$6,520,000"
121,nfl,2014,122,Lance Briggs,CHI,LB/OLB,"$6,500,000"
122,nfl,2014,123,Marcell Dareus,BUF,DL/DT,"$6,493,232"
123,nfl,2014,124,Percy Harvin,NYJ,WR,"$6,470,588"
124,nfl,2014,125,Frank Gore,SF,RB,"$6,450,000"
125,nfl,2014,126,Cary Williams,PHI,CB,"$6,416,666"
126,nfl,2014,127,Josh Sitton,GB,G,"$6,400,000"
127,nfl,2014,,Philip Wheeler,MIA,LB/OLB,"$6,400,000"
128,nfl,2014,129,Troy Polamalu,PIT,S,"$6,387,500"
129,nfl,2014,130,A.J. Green,CIN,WR,"$6,264,394"
130,nfl,2014,131,Vontae Davis,IND,CB,"$6,250,000"
131,nfl,2014,,Logan Mankins,TB,G,"$6,250,000"
132,nfl,2014,,Kyle Williams,BUF,DL/DT,"$6,250,000"
133,nfl,2014,134,Roddy White,ATL,WR,"$6,212,500"
134,nfl,2014,135,Brian Hartline,MIA,WR,"$6,210,000"
135,nfl,2014,136,Andrew Whitworth,CIN,LT,"$6,200,000"
136,nfl,2014,137,Reggie Wayne,IND,WR,"$6,166,668"
137,nfl,2014,138,Nick Hardwick,SD,C,"$6,150,000"
138,nfl,2014,,Evan Mathis,PHI,G,"$6,150,000"
139,nfl,2014,140,Heath Miller,PIT,TE,"$6,133,166"
140,nfl,2014,141,Max Unger,SEA,C,"$6,100,000"
141,nfl,2014,142,Jared Cook,STL,TE,"$6,098,677"
142,nfl,2014,143,Sam Baker,ATL,LT,"$6,050,000"
143,nfl,2014,144,Andrew Luck,IND,QB,"$6,029,454"
144,nfl,2014,145,Martellus Bennett,CHI,TE,"$6,025,000"
145,nfl,2014,146,Anthony Collins,TB,LT,"$6,000,000"
146,nfl,2014,,Kendall Langford,STL,ED/DE,"$6,000,000"
147,nfl,2014,,DeAngelo Williams,CAR,RB,"$6,000,000"
148,nfl,2014,149,Eric Wood,BUF,C,"$5,950,000"
149,nfl,2014,150,Jordy Nelson,GB,WR,"$5,925,000"
150,nfl,2014,151,C.J. Spiller,BUF,RB,"$5,916,666"
151,nfl,2014,152,Domata Peko,CIN,DL/DT,"$5,900,000"
152,nfl,2014,153,Antonio Gates,SD,TE,"$5,862,500"
153,nfl,2014,154,Kam Chancellor,SEA,SS,"$5,825,000"
154,nfl,2014,155,Andrew Hawkins,CLE,WR,"$5,800,000"
155,nfl,2014,156,Robert Griffin III,WAS,QB,"$5,759,754"
156,nfl,2014,157,Matt Cassel,MIN,QB,"$5,750,000"
157,nfl,2014,,Chad Henne,JAX,QB,"$5,750,000"
158,nfl,2014,,Phillip Loadholt,MIN,RT,"$5,750,000"
159,nfl,2014,,Sean Smith,KC,CB,"$5,750,000"
160,nfl,2014,161,Brian Cushing,HOU,LB/ILB,"$5,735,000"
161,nfl,2014,162,Brandon Mebane,SEA,DL/DT,"$5,700,000"
162,nfl,2014,,Brian Robison,MIN,ED/DE,"$5,700,000"
163,nfl,2014,164,Arthur Jones,IND,DL/DT,"$5,600,000"
164,nfl,2014,165,Sam Shields,GB,CB,"$5,562,500"
165,nfl,2014,166,Karlos Dansby,CLE,LB/ILB,"$5,500,000"
166,nfl,2014,,Matt Moore,MIA,QB,"$5,500,000"
167,nfl,2014,168,Red Bryant,JAX,ED/DE,"$5,468,750"
168,nfl,2014,,Jeremy Maclin,PHI,WR,"$5,468,750"
169,nfl,2014,170,Rob Gronkowski,NE,TE,"$5,400,000"
170,nfl,2014,,Paul Soliai,ATL,DL/DT,"$5,400,000"
171,nfl,2014,172,Matt Kalil,MIN,LT,"$5,391,981"
172,nfl,2014,173,Vontaze Burfict,CIN,LB/OLB,"$5,275,334"
173,nfl,2014,174,Tim Jennings,CHI,CB,"$5,250,000"
174,nfl,2014,175,Chris Clemons,JAX,ED/DE,"$5,218,750"
175,nfl,2014,176,Curtis Lofton,NO,LB/ILB,"$5,200,000"
176,nfl,2014,,Andre Smith,CIN,G,"$5,200,000"
177,nfl,2014,178,William Moore,ATL,SS,"$5,150,000"
178,nfl,2014,179,Julio Jones,ATL,WR,"$5,149,375"
179,nfl,2014,180,Ricky Jean Francois,IND,DL/DT,"$5,125,000"
180,nfl,2014,181,Devin McCourty,NE,FS,"$5,115,000"
181,nfl,2014,182,A.J. Hawk,GB,ED/OLB,"$5,100,000"
182,nfl,2014,,T.J. Lang,GB,G,"$5,100,000"
183,nfl,2014,184,Stephen Tulloch,DET,LB/ILB,"$5,050,000"
184,nfl,2014,185,Eric Fisher,KC,LT,"$5,043,295"
185,nfl,2014,186,Lamarr Houston,CHI,LB/OLB,"$5,040,000"
186,nfl,2014,187,Maurkice Pouncey,PIT,C,"$5,000,625"
187,nfl,2014,188,Mathias Kiwanuka,NYG,ED/DE,"$5,000,000"
188,nfl,2014,,Donald Penn,OAK,LT,"$5,000,000"
189,nfl,2014,,Eddie Royal,SD,WR,"$5,000,000"
190,nfl,2014,,Justin Tuck,OAK,ED/DE,"$5,000,000"
191,nfl,2014,192,Tyron Smith,DAL,LT,"$4,976,031"
192,nfl,2014,193,Antonio Smith,OAK,ED/DE,"$4,946,875"
193,nfl,2014,194,Connor Barwin,PHI,ED/OLB,"$4,900,000"
194,nfl,2014,,Mike DeVito,KC,DL/DE,"$4,900,000"
195,nfl,2014,196,Morgan Burnett,GB,SS,"$4,843,750"
196,nfl,2014,,LaMarr Woodley,OAK,LB/OLB,"$4,843,750"
197,nfl,2014,198,Greg Toler,IND,CB,"$4,833,333"
198,nfl,2014,199,Jermaine Gresham,CIN,TE,"$4,832,000"
199,nfl,2014,200,Luke Joeckel,JAX,G,"$4,818,545"
200,nfl,2014,201,Nate Washington,TEN,WR,"$4,800,000"
201,nfl,2014,,Kamerion Wimbley,TEN,ED/OLB,"$4,800,000"
202,nfl,2014,203,Michael Crabtree,SF,WR,"$4,770,443"
203,nfl,2014,204,D'Qwell Jackson,IND,LB/ILB,"$4,750,000"
204,nfl,2014,,LaRon Landry,IND,S,"$4,750,000"
205,nfl,2014,,Josh McCown,TB,QB,"$4,750,000"
206,nfl,2014,,Jerraud Powers,ARI,CB,"$4,750,000"
207,nfl,2014,,John Sullivan,MIN,C,"$4,750,000"
208,nfl,2014,,Osi Umenyiora,ATL,ED/OLB,"$4,750,000"
209,nfl,2014,210,Danny Amendola,NE,WR,"$4,700,000"
210,nfl,2014,,Demaryius Thomas,DEN,WR,"$4,700,000"
211,nfl,2014,212,Stephen Bowen,WAS,DL/DE,"$4,688,750"
212,nfl,2014,213,Jurrell Casey,TEN,DL/DT,"$4,674,359"
213,nfl,2014,214,Mike Iupati,SF,G,"$4,625,863"
214,nfl,2014,215,Jason Pierre-Paul,NYG,ED/DE,"$4,611,000"
215,nfl,2014,216,Alex Smith,KC,QB,"$4,600,000"
216,nfl,2014,217,Jonathan Stewart,CAR,RB,"$4,585,000"
217,nfl,2014,218,J.J. Watt,HOU,DL/DE,"$4,575,567"
218,nfl,2014,219,Leodis McKelvin,BUF,CB,"$4,575,000"
219,nfl,2014,220,Derrick Johnson,KC,LB/ILB,"$4,550,000"
220,nfl,2014,221,Cortland Finnegan,MIA,CB,"$4,525,000"
221,nfl,2014,222,Antonio Brown,PIT,WR,"$4,517,500"
222,nfl,2014,223,Ahmad Brooks,SF,ED/OLB,"$4,503,750"
223,nfl,2014,224,Glenn Dorsey,SF,DL/DE,"$4,484,166"
224,nfl,2014,225,Reggie Nelson,CIN,FS,"$4,475,000"
225,nfl,2014,226,Dion Jordan,MIA,ED/DE,"$4,471,698"
226,nfl,2014,227,Morris Claiborne,DAL,CB,"$4,435,773"
227,nfl,2014,228,Navorro Bowman,SF,LB/ILB,"$4,434,000"
228,nfl,2014,229,Austin Howard,OAK,RT,"$4,400,000"
229,nfl,2014,230,Lane Johnson,PHI,RT,"$4,395,598"
230,nfl,2014,231,Cory Redding,IND,DL/DE,"$4,391,667"
231,nfl,2014,232,Scott Wells,STL,C,"$4,340,625"
232,nfl,2014,233,Kareem Jackson,HOU,CB,"$4,335,000"
233,nfl,2014,234,Chris Chester,WAS,G,"$4,300,000"
234,nfl,2014,235,Anthony Fasano,KC,TE,"$4,281,250"
235,nfl,2014,236,Tyson Alualu,JAX,ED/DE,"$4,264,000"
236,nfl,2014,237,DeSean Jackson,WAS,WR,"$4,250,000"
237,nfl,2014,,Erik Walden,IND,ED/OLB,"$4,250,000"
238,nfl,2014,,Donte Whitner,CLE,SS,"$4,250,000"
239,nfl,2014,240,Aaron Williams,BUF,SS,"$4,231,029"
240,nfl,2014,241,Ezekiel Ansah,DET,ED/DE,"$4,226,023"
241,nfl,2014,242,Branden Albert,MIA,LT,"$4,225,000"
242,nfl,2014,,Sen'Derrick Marks,JAX,DL/DT,"$4,225,000"
243,nfl,2014,244,Todd Herremans,PHI,G,"$4,200,000"
244,nfl,2014,245,Josh Scobee,JAX,K,"$4,187,500"
245,nfl,2014,246,Chris Harris,DEN,CB,"$4,187,000"
246,nfl,2014,247,Steven Jackson,ATL,RB,"$4,166,666"
247,nfl,2014,248,Sean Weatherspoon,ATL,LB/ILB,"$4,132,500"
248,nfl,2014,249,Lyle Sendlein,ARI,C,"$4,125,000"
249,nfl,2014,250,Kroy Biermann,ATL,ED/OLB,"$4,083,334"
250,nfl,2014,251,Dan Connolly,NE,G,"$4,083,333"
251,nfl,2014,,Sebastian Vollmer,NE,RT,"$4,083,333"
252,nfl,2014,253,Dwight Freeney,SD,ED/OLB,"$4,078,125"
253,nfl,2014,254,Brent Celek,PHI,TE,"$4,075,000"
254,nfl,2014,255,Sammie Lee Hill,TEN,DL/DT,"$4,066,666"
255,nfl,2014,256,Jadeveon Clowney,HOU,ED/OLB,"$4,049,636"
256,nfl,2014,257,Mike Scifres,SD,P,"$4,035,000"
257,nfl,2014,258,Evander Hood,JAX,ED/DE,"$4,025,000"
258,nfl,2014,259,Jake Locker,TEN,QB,"$4,004,637"
259,nfl,2014,260,Michael Bennett,SEA,ED/DE,"$4,000,000"
260,nfl,2014,,Desmond Bryant,CLE,DL/DE,"$4,000,000"
261,nfl,2014,,Antonio Cromartie,ARI,CB,"$4,000,000"
262,nfl,2014,,Eric Decker,NYJ,WR,"$4,000,000"
263,nfl,2014,,Toby Gerhart,JAX,RB,"$4,000,000"
264,nfl,2014,,Jimmy Graham,NO,TE,"$4,000,000"
265,nfl,2014,,Brent Grimes,MIA,CB,"$4,000,000"
266,nfl,2014,,Kyle Orton,BUF,QB,"$4,000,000"
267,nfl,2014,,B.J. Raji,GB,DL/DT,"$4,000,000"
268,nfl,2014,,Rodger Saffold,STL,G,"$4,000,000"
269,nfl,2014,,Emmanuel Sanders,DEN,WR,"$4,000,000"
270,nfl,2014,,Randy Starks,MIA,ED/DE,"$4,000,000"
271,nfl,2014,,Michael Vick,NYJ,QB,"$4,000,000"
272,nfl,2014,,Delanie Walker,TEN,TE,"$4,000,000"
273,nfl,2014,274,Jerry Hughes,BUF,ED/DE,"$3,995,000"
274,nfl,2014,275,James Casey,PHI,FB,"$3,985,000"
275,nfl,2014,276,Marcel Reece,OAK,FB,"$3,980,838"
276,nfl,2014,277,Hakeem Nicks,IND,WR,"$3,975,000"
277,nfl,2014,278,Brad Jones,GB,LB/ILB,"$3,943,750"
278,nfl,2014,279,John Abraham,ARI,ED/OLB,"$3,925,000"
279,nfl,2014,,Stevie Johnson,SF,WR,"$3,925,000"
280,nfl,2014,281,Malcom Floyd,SD,WR,"$3,916,666"
281,nfl,2014,282,Gosder Cherilus,IND,RT,"$3,900,000"
282,nfl,2014,283,Zach Miller,SEA,TE,"$3,887,500"
283,nfl,2014,284,Greg Robinson,STL,LT,"$3,869,836"
284,nfl,2014,285,Fred Jackson,BUF,RB,"$3,850,000"
285,nfl,2014,286,William Hayes,STL,ED/DE,"$3,845,000"
286,nfl,2014,287,Bryan Bulaga,GB,RT,"$3,829,000"
287,nfl,2014,288,Rey Maualuga,CIN,LB/ILB,"$3,828,125"
288,nfl,2014,289,Dustin Colquitt,KC,P,"$3,800,000"
289,nfl,2014,,Stephen Gostkowski,NE,K,"$3,800,000"
290,nfl,2014,,James Jones,OAK,WR,"$3,800,000"
291,nfl,2014,292,Rob Sims,DET,G,"$3,775,000"
292,nfl,2014,293,Nick Roach,OAK,LB/ILB,"$3,771,250"
293,nfl,2014,294,Colin Kaepernick,SF,QB,"$3,767,444"
294,nfl,2014,295,Blake Bortles,JAX,QB,"$3,755,420"
295,nfl,2014,296,Matt Hasselbeck,IND,QB,"$3,750,000"
296,nfl,2014,,Jason Hatcher,WAS,DL/DE,"$3,750,000"
297,nfl,2014,,Michael Neal,GB,ED/OLB,"$3,750,000"
298,nfl,2014,,Donald Thomas,IND,G,"$3,750,000"
299,nfl,2014,300,Brandon Gibson,MIA,WR,"$3,735,000"
300,nfl,2014,301,Barkevious Mingo,CLE,ED/OLB,"$3,715,228"
301,nfl,2014,302,Sean Lee,DAL,LB/OLB,"$3,700,000"
302,nfl,2014,303,Jason Jones,DET,ED/DE,"$3,683,333"
303,nfl,2014,304,Richard Sherman,SEA,CB,"$3,676,606"
304,nfl,2014,305,Bradley Fletcher,PHI,CB,"$3,650,000"
305,nfl,2014,306,Harry Douglas,ATL,WR,"$3,645,833"
306,nfl,2014,307,Kyle Arrington,NE,CB,"$3,625,000"
307,nfl,2014,308,Sammy Watkins,BUF,WR,"$3,624,655"
308,nfl,2014,309,Ryan Mathews,SD,RB,"$3,612,000"
309,nfl,2014,310,Nick Folk,NYJ,K,"$3,600,000"
310,nfl,2014,311,Brandon Fields,MIA,P,"$3,586,116"
311,nfl,2014,312,Derrick Morgan,TEN,ED/OLB,"$3,541,668"
312,nfl,2014,313,Orlando Scandrick,DAL,CB,"$3,513,014"
313,nfl,2014,314,David Hawthorne,NO,LB/ILB,"$3,510,000"
314,nfl,2014,315,Tarell Brown,OAK,CB,"$3,500,000"
315,nfl,2014,,Jairus Byrd,NO,FS,"$3,500,000"
316,nfl,2014,,Louis Delmas,MIA,FS,"$3,500,000"
317,nfl,2014,,Jarret Johnson,SD,ED/OLB,"$3,500,000"
318,nfl,2014,,Clinton McDonald,TB,DL/DT,"$3,500,000"
319,nfl,2014,,Earl Mitchell,MIA,DL/DT,"$3,500,000"
320,nfl,2014,,Julius Peppers,GB,DL/DE,"$3,500,000"
321,nfl,2014,,Carlos Rogers,OAK,CB,"$3,500,000"
322,nfl,2014,,Evan Smith,TB,C,"$3,500,000"
323,nfl,2014,,Charles Woodson,OAK,SS,"$3,500,000"
324,nfl,2014,325,Ryan Tannehill,MIA,QB,"$3,455,046"
325,nfl,2014,326,Erik Pears,BUF,RT,"$3,450,000"
326,nfl,2014,327,Luke Kuechly,CAR,LB/ILB,"$3,436,128"
327,nfl,2014,328,Mason Crosby,GB,K,"$3,400,000"
328,nfl,2014,,Chase Daniel,KC,QB,"$3,400,000"
329,nfl,2014,,Thomas Davis,CAR,LB/OLB,"$3,400,000"
330,nfl,2014,,Joe Staley,SF,LT,"$3,400,000"
331,nfl,2014,332,Khalil Mack,OAK,ED/DE,"$3,395,818"
332,nfl,2014,333,Brandon Graham,PHI,DL/DE,"$3,378,000"
333,nfl,2014,334,Elvis Dumervil,BAL,ED/OLB,"$3,375,000"
334,nfl,2014,,Ryan Fitzpatrick,HOU,QB,"$3,375,000"
335,nfl,2014,,Kraig Urbik,BUF,G,"$3,375,000"
336,nfl,2014,337,Keenan Lewis,NO,CB,"$3,350,000"
337,nfl,2014,,Mike Tolbert,CAR,FB,"$3,350,000"
338,nfl,2014,339,Aldon Smith,SF,ED/OLB,"$3,339,781"
339,nfl,2014,340,Captain Munnerlyn,MIN,CB,"$3,333,333"
340,nfl,2014,341,Matt Bryant,ATL,K,"$3,312,500"
341,nfl,2014,342,Jonathan Cooper,ARI,G,"$3,306,591"
342,nfl,2014,343,Jeromey Clary,SD,G,"$3,300,000"
343,nfl,2014,,Kory Lichtensteiger,WAS,C,"$3,300,000"
344,nfl,2014,345,Stephon Gilmore,BUF,CB,"$3,295,679"
345,nfl,2014,346,Cullen Jenkins,NYG,ED/DE,"$3,266,666"
346,nfl,2014,347,Brodrick Bunkley,NO,DL/DT,"$3,262,500"
347,nfl,2014,348,Britton Colquitt,DEN,P,"$3,250,000"
348,nfl,2014,,Michael Koenen,TB,P,"$3,250,000"
349,nfl,2014,,DeAndre Levy,DET,LB/OLB,"$3,250,000"
350,nfl,2014,,Brandon Spikes,BUF,LB/ILB,"$3,250,000"
351,nfl,2014,,T.J. Ward,DEN,SS,"$3,250,000"
352,nfl,2014,353,Thomas Morstead,NO,P,"$3,235,000"
353,nfl,2014,354,Shonn Greene,TEN,RB,"$3,233,333"
354,nfl,2014,355,Christian Ponder,MIN,QB,"$3,232,313"
355,nfl,2014,356,Garrett Graham,HOU,TE,"$3,203,125"
356,nfl,2014,357,Eugene Monroe,BAL,LT,"$3,200,000"
357,nfl,2014,,Dennis Pitta,BAL,TE,"$3,200,000"
358,nfl,2014,359,Chris Canty,BAL,DL/DE,"$3,166,666"
359,nfl,2014,360,Dez Bryant,DAL,WR,"$3,148,500"
360,nfl,2014,361,Nick Fairley,DET,DL/DT,"$3,146,500"
361,nfl,2014,362,Jon Beason,NYG,LB/ILB,"$3,141,666"
362,nfl,2014,363,Tyson Jackson,ATL,DL/DE,"$3,100,000"
363,nfl,2014,,Manny Lawson,BUF,LB/OLB,"$3,100,000"
364,nfl,2014,,Golden Tate,DET,WR,"$3,100,000"
365,nfl,2014,366,Dontari Poe,KC,DL/DT,"$3,087,274"
366,nfl,2014,367,Sebastian Janikowski,OAK,K,"$3,060,000"
367,nfl,2014,368,Daryl Washington,ARI,LB/ILB,"$3,056,765"
368,nfl,2014,369,Charles Tillman,CHI,CB,"$3,050,000"
369,nfl,2014,370,Robert Quinn,STL,LB/OLB,"$3,002,357"
370,nfl,2014,371,Jared Allen,CHI,ED/DE,"$3,000,000"
371,nfl,2014,,Nate Allen,PHI,FS,"$3,000,000"
372,nfl,2014,,Doug Baldwin,SEA,WR,"$3,000,000"
373,nfl,2014,,Antoine Bethea,SF,SS,"$3,000,000"
374,nfl,2014,,Darius Butler,IND,FS,"$3,000,000"
375,nfl,2014,,Brandon Flowers,SD,CB,"$3,000,000"
376,nfl,2014,,Shawn Lauvao,WAS,G,"$3,000,000"
377,nfl,2014,,Roy Miller,JAX,DL/DT,"$3,000,000"
378,nfl,2014,,Knowshon Moreno,MIA,RB,"$3,000,000"
379,nfl,2014,,Michael Oher,TEN,RT,"$3,000,000"
380,nfl,2014,,Perry Riley,WAS,LB/ILB,"$3,000,000"
381,nfl,2014,,Walter Thurmond,NYG,FS,"$3,000,000"
382,nfl,2014,383,Reshad Jones,MIA,SS,"$2,995,882"
383,nfl,2014,384,Alex Boone,SF,G,"$2,990,000"
384,nfl,2014,385,Jake Matthews,ATL,LT,"$2,987,182"
385,nfl,2014,386,Steve McLendon,PIT,DL/DT,"$2,983,333"
386,nfl,2014,387,Donald Butler,SD,LB/ILB,"$2,980,000"
387,nfl,2014,388,Junior Galette,NO,ED/OLB,"$2,950,000"
388,nfl,2014,,Pat McAfee,IND,P,"$2,950,000"
389,nfl,2014,390,Mike Pouncey,MIA,C,"$2,946,266"
390,nfl,2014,391,Reggie Bush,DET,RB,"$2,944,444"
391,nfl,2014,392,Matthew Slater,NE,WR,"$2,933,334"
392,nfl,2014,393,Mackenzy Bernadeau,DAL,C,"$2,924,166"
393,nfl,2014,394,Tavon Austin,STL,WR,"$2,897,955"
394,nfl,2014,395,Dee Milliner,NYJ,CB,"$2,877,505"
395,nfl,2014,396,Justin Blackmon,JAX,WR,"$2,871,260"
396,nfl,2014,397,Donnie Avery,KC,WR,"$2,850,000"
397,nfl,2014,,Rob Ninkovich,NE,LB/OLB,"$2,850,000"
398,nfl,2014,399,Allen Bailey,KC,DL/DE,"$2,808,986"
399,nfl,2014,400,Patrick Robinson,NO,CB,"$2,804,333"
400,nfl,2014,401,Jon Asamoah,ATL,G,"$2,800,000"
401,nfl,2014,,Adam-Pacman Jones,CIN,CB,"$2,800,000"
402,nfl,2014,,Sam Koch,BAL,P,"$2,800,000"
403,nfl,2014,,Tracy Porter,WAS,CB,"$2,800,000"
404,nfl,2014,405,Fletcher Cox,PHI,DL/DT,"$2,793,036"
405,nfl,2014,406,Jared Odrick,MIA,ED/DE,"$2,779,548"
406,nfl,2014,407,Ryan Kerrigan,WAS,ED/OLB,"$2,774,639"
407,nfl,2014,408,Kyle Rudolph,MIN,TE,"$2,773,134"
408,nfl,2014,409,Chance Warmack,TEN,G,"$2,765,147"
409,nfl,2014,410,Stevie Brown,NYG,SS,"$2,750,000"
410,nfl,2014,,Julian Edelman,NE,WR,"$2,750,000"
411,nfl,2014,,Chris Johnson,NYJ,RB,"$2,750,000"
412,nfl,2014,,Terrance Knighton,DEN,DL/DT,"$2,750,000"
413,nfl,2014,,Dominique Rodgers-Cromartie,NYG,CB,"$2,750,000"
414,nfl,2014,415,Matt Slauson,CHI,G,"$2,747,500"
415,nfl,2014,416,Michael Floyd,ARI,WR,"$2,719,500"
416,nfl,2014,417,Nate Solder,NE,LT,"$2,717,429"
417,nfl,2014,418,Brandon Browner,NE,CB,"$2,715,706"
418,nfl,2014,419,Robert Geathers,CIN,ED/DE,"$2,700,000"
419,nfl,2014,420,Craig Stevens,TEN,TE,"$2,693,750"
420,nfl,2014,421,Bernard Pollard,TEN,S,"$2,675,000"
421,nfl,2014,422,Jonathan Babineaux,ATL,DL/DT,"$2,666,666"
422,nfl,2014,,Malcolm Jenkins,PHI,FS,"$2,666,666"
423,nfl,2014,,Drew Stanton,ARI,QB,"$2,666,666"
424,nfl,2014,,Willie Young,CHI,LB/OLB,"$2,666,666"
425,nfl,2014,426,Mike Evans,TB,WR,"$2,660,273"
426,nfl,2014,427,Corey Liuget,SD,DL/DT,"$2,645,918"
427,nfl,2014,428,Breno Giacomini,NYJ,RT,"$2,625,000"
428,nfl,2014,429,Jason Kelce,PHI,C,"$2,622,358"
429,nfl,2014,430,Adrian Clayborn,TB,ED/DE,"$2,612,325"
430,nfl,2014,431,Prince Amukamara,NYG,CB,"$2,603,013"
431,nfl,2014,432,Robbie Gould,CHI,K,"$2,600,000"
432,nfl,2014,,Tyler Polumbus,WAS,LT,"$2,600,000"
433,nfl,2014,434,Michael Brockers,STL,DL/DT,"$2,596,908"
434,nfl,2014,435,D.J. Fluker,SD,G,"$2,591,476"
435,nfl,2014,436,Phil Taylor,CLE,DL/DT,"$2,575,125"
436,nfl,2014,437,K.J. Wright,SEA,LB/OLB,"$2,552,500"
437,nfl,2014,438,Corey Graham,BUF,FS,"$2,550,000"
438,nfl,2014,439,Anthony Castonzo,IND,LT,"$2,545,803"
439,nfl,2014,440,Charlie Johnson,MIN,G,"$2,500,000"
440,nfl,2014,,Maurice Jones-Drew,OAK,RB,"$2,500,000"
441,nfl,2014,,Calvin Pace,NYJ,ED/OLB,"$2,500,000"
442,nfl,2014,,Shelley Smith,MIA,G,"$2,500,000"
443,nfl,2014,,Jared Veldheer,ARI,RT,"$2,500,000"
444,nfl,2014,,Wesley Woodyard,TEN,LB/ILB,"$2,500,000"
445,nfl,2014,446,Daryl Smith,BAL,LB/ILB,"$2,475,000"
446,nfl,2014,447,Glover Quin,DET,FS,"$2,472,500"
447,nfl,2014,448,Bruce Irvin,SEA,LB/OLB,"$2,470,897"
448,nfl,2014,449,Cameron Jordan,NO,DL/DE,"$2,459,991"
449,nfl,2014,450,James Carpenter,SEA,G,"$2,431,364"
450,nfl,2014,451,John Greco,CLE,G,"$2,430,000"
451,nfl,2014,452,King Dunlap,SD,LT,"$2,425,000"
452,nfl,2014,453,Manuel Ramirez,DEN,G,"$2,416,666"
453,nfl,2014,454,Quinton Coples,NYJ,ED/OLB,"$2,400,762"
454,nfl,2014,455,Andy Lee,SF,P,"$2,400,000"
455,nfl,2014,,Chris Williams,BUF,G,"$2,400,000"
456,nfl,2014,457,Marcus Gilbert,PIT,RT,"$2,391,802"
457,nfl,2014,458,Kyle Wilson,NYJ,CB,"$2,387,400"
458,nfl,2014,459,Jimmy Smith,BAL,CB,"$2,374,176"
459,nfl,2014,460,Anquan Boldin,SF,WR,"$2,364,000"
460,nfl,2014,461,Mark Ingram,NO,RB,"$2,359,875"
461,nfl,2014,462,Henry Melton,DAL,DL/DT,"$2,359,625"
462,nfl,2014,463,Dre Kirkpatrick,CIN,CB,"$2,351,726"
463,nfl,2014,464,Nolan Carroll,PHI,CB,"$2,350,000"
464,nfl,2014,465,D.J. Hayden,OAK,CB,"$2,346,295"
465,nfl,2014,466,Justin Gilbert,CLE,CB,"$2,333,364"
466,nfl,2014,467,Koa Misi,MIA,LB/OLB,"$2,328,000"
467,nfl,2014,468,Geoff Schwartz,NYG,G,"$2,325,000"
468,nfl,2014,469,Kevin Huber,CIN,P,"$2,320,000"
469,nfl,2014,470,Anthony Barr,MIN,LB/OLB,"$2,317,000"
470,nfl,2014,471,J.D. Walton,NYG,C,"$2,312,500"
471,nfl,2014,472,Joique Bell,DET,RB,"$2,300,000"
472,nfl,2014,,George Wilson,TEN,S,"$2,300,000"
473,nfl,2014,474,Brandon Myers,TB,TE,"$2,291,666"
474,nfl,2014,475,Melvin Ingram,SD,ED/OLB,"$2,290,428"
475,nfl,2014,476,Sheldon Richardson,NYJ,DL/DT,"$2,285,000"
476,nfl,2014,477,Brandon Fusco,MIN,G,"$2,254,556"
477,nfl,2014,478,Shea McClellin,CHI,LB/OLB,"$2,253,654"
478,nfl,2014,479,Trent Richardson,IND,RB,"$2,252,708"
479,nfl,2014,480,Ted Ginn Jr.,ARI,WR,"$2,250,000"
480,nfl,2014,,Andre Roberts,WAS,WR,"$2,250,000"
481,nfl,2014,,Mark Sanchez,PHI,QB,"$2,250,000"
482,nfl,2014,,Adam Vinatieri,IND,K,"$2,250,000"
483,nfl,2014,,Danny Woodhead,SD,RB,"$2,250,000"
484,nfl,2014,485,Kendall Wright,TEN,WR,"$2,241,396"
485,nfl,2014,486,Logan Paulsen,WAS,TE,"$2,236,666"
486,nfl,2014,487,Chandler Jones,NE,LB/OLB,"$2,229,136"
487,nfl,2014,488,Eric Ebron,DET,TE,"$2,227,118"
488,nfl,2014,489,Mike Mitchell,PIT,FS,"$2,200,000"
489,nfl,2014,,Brandon Pettigrew,DET,TE,"$2,200,000"
490,nfl,2014,,Jacob Tamme,DEN,TE,"$2,200,000"
491,nfl,2014,492,Muhammad Wilkerson,NYJ,DL/DE,"$2,187,500"
492,nfl,2014,493,Byron Bell,CAR,RT,"$2,187,000"
493,nfl,2014,494,Dan Williams,ARI,DL/DT,"$2,185,000"
494,nfl,2014,495,Star Lotulelei,CAR,DL/DT,"$2,182,841"
495,nfl,2014,496,Riley Reiff,DET,LT,"$2,180,100"
496,nfl,2014,497,Steve Smith,BAL,WR,"$2,166,666"
497,nfl,2014,498,Kenny Vaccaro,NO,SS,"$2,141,980"
498,nfl,2014,499,Cameron Heyward,PIT,DL/DE,"$2,133,418"
499,nfl,2014,500,Rashad Johnson,ARI,FS,"$2,133,333"
500,nfl,2014,501,David DeCastro,PIT,G,"$2,131,063"
501,nfl,2014,502,Jerome Felton,MIN,FB,"$2,127,452"
502,nfl,2014,503,Chris Clark,DEN,LT,"$2,125,666"
503,nfl,2014,504,Tony McDaniel,SEA,DL/DT,"$2,125,000"
504,nfl,2014,505,Dont'a Hightower,NE,LB/OLB,"$2,106,546"
505,nfl,2014,506,Vincent Rey,CIN,LB/ILB,"$2,100,000"
506,nfl,2014,,Zach Strief,NO,RT,"$2,100,000"
507,nfl,2014,508,Cortez Allen,PIT,CB,"$2,097,875"
508,nfl,2014,509,Taylor Lewan,TEN,LT,"$2,088,183"
509,nfl,2014,510,Shane Lechler,HOU,P,"$2,083,333"
510,nfl,2014,511,Whitney Mercilus,HOU,ED/OLB,"$2,082,024"
511,nfl,2014,512,Kevin Williams,SEA,DL/DT,"$2,078,125"
512,nfl,2014,513,Jeremy Kerley,NYJ,WR,"$2,077,062"
513,nfl,2014,514,DeAngelo Hall,WAS,CB,"$2,062,500"
514,nfl,2014,515,Kevin Zeitler,CIN,G,"$2,057,509"
515,nfl,2014,516,Dexter McCluster,TEN,RB,"$2,050,000"
516,nfl,2014,517,Nick Perry,GB,ED/OLB,"$2,045,250"
517,nfl,2014,518,Dwan Edwards,CAR,DL/DT,"$2,037,500"
518,nfl,2014,519,Jarrett Bush,GB,CB,"$2,033,333"
519,nfl,2014,520,E.J. Manuel,BUF,QB,"$2,019,386"
520,nfl,2014,521,Blaine Gabbert,SF,QB,"$2,011,587"
521,nfl,2014,522,Miles Austin,CLE,WR,"$2,000,000"
522,nfl,2014,,Chris Baker,WAS,DL/DT,"$2,000,000"
523,nfl,2014,,Tramaine Brock,SF,CB,"$2,000,000"
524,nfl,2014,,Barry Church,DAL,SS,"$2,000,000"
525,nfl,2014,,Daryn Colledge,MIA,G,"$2,000,000"
526,nfl,2014,,Willie Colon,NYJ,G,"$2,000,000"
527,nfl,2014,,Phil Dawson,SF,K,"$2,000,000"
528,nfl,2014,,Demar Dotson,TB,RT,"$2,000,000"
529,nfl,2014,,Joe Hawley,ATL,C,"$2,000,000"
530,nfl,2014,,Brandon LaFell,NE,WR,"$2,000,000"
531,nfl,2014,,Terence Newman,CIN,CB,"$2,000,000"
532,nfl,2014,,Pat Sims,OAK,DL/DT,"$2,000,000"
533,nfl,2014,,Darren Sproles,PHI,RB,"$2,000,000"
534,nfl,2014,535,Jarvis Jones,PIT,ED/OLB,"$1,978,523"
535,nfl,2014,536,Steve Weatherford,NYG,P,"$1,975,000"
536,nfl,2014,537,Joe Mays,KC,LB/ILB,"$1,968,750"
537,nfl,2014,538,Ramon Foster,PIT,G,"$1,950,000"
538,nfl,2014,,Ropati Pitoitua,TEN,DL/DE,"$1,950,000"
539,nfl,2014,540,Harrison Smith,MIN,FS,"$1,946,876"
540,nfl,2014,541,Eric Reid,SF,SS,"$1,927,444"
541,nfl,2014,542,Jameel McClain,NYG,LB/ILB,"$1,925,000"
542,nfl,2014,,Will Montgomery,DEN,C,"$1,925,000"
543,nfl,2014,544,Scott Chandler,BUF,TE,"$1,900,000"
544,nfl,2014,,Jeff Cumberland,NYJ,TE,"$1,900,000"
545,nfl,2014,,Corey Hilliard,DET,RT,"$1,900,000"
546,nfl,2014,547,Justin Pugh,NYG,G,"$1,896,795"
547,nfl,2014,548,"Odell Beckham, Jr.",NYG,WR,"$1,892,036"
548,nfl,2014,549,Kyle Long,CHI,G,"$1,886,580"
549,nfl,2014,550,Tyler Eifert,CIN,TE,"$1,876,364"
550,nfl,2014,551,Mike Jenkins,TB,CB,"$1,875,000"
551,nfl,2014,,Jacoby Jones,BAL,WR,"$1,875,000"
552,nfl,2014,553,Samson Satele,MIA,C,"$1,859,375"
553,nfl,2014,554,Desmond Trufant,ATL,CB,"$1,855,870"
554,nfl,2014,555,Doug Martin,TB,RB,"$1,851,144"
555,nfl,2014,556,Khalif Barnes,OAK,LT,"$1,850,000"
556,nfl,2014,,Rafael Bush,NO,FS,"$1,850,000"
557,nfl,2014,,Keith Rivers,BUF,LB/OLB,"$1,850,000"
558,nfl,2014,559,Aaron Donald,STL,DL/DT,"$1,843,000"
559,nfl,2014,560,John Phillips,SD,TE,"$1,841,666"
560,nfl,2014,561,Sharrif Floyd,MIN,DL/DT,"$1,835,500"
561,nfl,2014,562,Donald Brown,SD,RB,"$1,833,333"
562,nfl,2014,,Bruce Gradkowski,PIT,QB,"$1,833,333"
563,nfl,2014,,Devin Hester,ATL,WR,"$1,833,333"
564,nfl,2014,,Jermey Parnell,DAL,RT,"$1,833,333"
565,nfl,2014,566,Dawan Landry,NYJ,S,"$1,825,000"
566,nfl,2014,567,David Wilson,NYG,RB,"$1,823,046"
567,nfl,2014,568,Dan Carpenter,BUF,K,"$1,812,500"
568,nfl,2014,569,Marcus Cannon,NE,RT,"$1,810,634"
569,nfl,2014,570,Riley Cooper,PHI,WR,"$1,800,000"
570,nfl,2014,,Wallace Gilberry,CIN,ED/DE,"$1,800,000"
571,nfl,2014,572,Bjoern Werner,IND,ED/OLB,"$1,794,635"
572,nfl,2014,573,Nate Garner,MIA,RT,"$1,791,666"
573,nfl,2014,574,Xavier Rhodes,MIN,CB,"$1,774,205"
574,nfl,2014,575,Mike Pollak,CIN,G,"$1,766,666"
575,nfl,2014,576,Shaun Suisham,PIT,K,"$1,762,500"
576,nfl,2014,577,Kyle Fuller,CHI,CB,"$1,761,273"
577,nfl,2014,578,Datone Jones,GB,DL/DE,"$1,753,770"
578,nfl,2014,579,Graham Gano,CAR,K,"$1,750,000"
579,nfl,2014,,Shaun Hill,STL,QB,"$1,750,000"
580,nfl,2014,,Chris Ivory,NYJ,RB,"$1,750,000"
581,nfl,2014,,Davin Joseph,STL,G,"$1,750,000"
582,nfl,2014,,Chad Rinehart,SD,G,"$1,750,000"
583,nfl,2014,,Vance Walker,KC,DL/DE,"$1,750,000"
584,nfl,2014,585,DeAndre Hopkins,HOU,WR,"$1,733,341"
585,nfl,2014,586,Ryan Shazier,PIT,LB/ILB,"$1,728,584"
586,nfl,2014,587,Jason Babin,NYJ,DL/DE,"$1,725,000"
587,nfl,2014,,Kevin Boothe,OAK,G,"$1,725,000"
588,nfl,2014,589,Sylvester Williams,DEN,DL/DT,"$1,723,125"
589,nfl,2014,590,Darren McFadden,OAK,RB,"$1,718,000"
590,nfl,2014,591,Geno Hayes,JAX,LB/OLB,"$1,712,500"
591,nfl,2014,592,Dan Bailey,DAL,K,"$1,700,000"
592,nfl,2014,,Jerricho Cotchery,CAR,WR,"$1,700,000"
593,nfl,2014,,Steven Hauschka,SEA,K,"$1,700,000"
594,nfl,2014,,Nick Novak,SD,K,"$1,700,000"
595,nfl,2014,,Corey Wootton,MIN,DL/DT,"$1,700,000"
596,nfl,2014,,Jeremy Zuttah,BAL,C,"$1,700,000"
597,nfl,2014,598,Benjamin Watson,NO,TE,"$1,684,375"
598,nfl,2014,599,Heath Farwell,SEA,LB/ILB,"$1,666,667"
599,nfl,2014,,William Gay,PIT,CB,"$1,666,667"
600,nfl,2014,601,Taiwan Jones,OAK,RB,"$1,651,250"
601,nfl,2014,602,David Bruton,DEN,SS,"$1,650,000"
602,nfl,2014,,Jim Dray,CLE,TE,"$1,650,000"
603,nfl,2014,,Dan Skuta,SF,ED/OLB,"$1,650,000"
604,nfl,2014,605,Cordarrelle Patterson,MIN,WR,"$1,641,148"
605,nfl,2014,606,Zack Martin,DAL,G,"$1,630,509"
606,nfl,2014,607,Jay Ratliff,CHI,DL/DT,"$1,625,000"
607,nfl,2014,,Matt Shaughnessy,ARI,DL/DE,"$1,625,000"
608,nfl,2014,,Ryan Wendell,NE,C,"$1,625,000"
609,nfl,2014,610,Jabaal Sheard,CLE,ED/OLB,"$1,619,625"
610,nfl,2014,611,Robert Housler,ARI,TE,"$1,602,023"
611,nfl,2014,612,Fili Moala,IND,DL/DE,"$1,600,000"
612,nfl,2014,613,Justin Houston,KC,ED/OLB,"$1,598,812"
613,nfl,2014,614,C.J. Mosley,BAL,LB/ILB,"$1,597,818"
614,nfl,2014,615,Alec Ogletree,STL,LB/ILB,"$1,597,735"
615,nfl,2014,616,DeMarco Murray,DAL,RB,"$1,596,625"
616,nfl,2014,617,Ashlee Palmer,DET,LB/OLB,"$1,583,334"
617,nfl,2014,618,Chris Culliver,SF,CB,"$1,580,719"
618,nfl,2014,619,Paul McQuistan,CLE,LT,"$1,580,000"
619,nfl,2014,620,Pierre Thomas,NO,RB,"$1,570,000"
620,nfl,2014,621,Christopher Conte,CHI,FS,"$1,564,400"
621,nfl,2014,622,Mason Foster,TB,LB/ILB,"$1,562,250"
622,nfl,2014,623,Travis Frederick,DAL,C,"$1,561,370"
623,nfl,2014,624,Calvin Pryor,NYJ,FS,"$1,556,955"
624,nfl,2014,625,Da'Norris Searcy,BUF,SS,"$1,552,106"
625,nfl,2014,626,Clint Boling,CIN,G,"$1,551,362"
626,nfl,2014,627,Jordan Cameron,CLE,TE,"$1,550,350"
627,nfl,2014,628,Roberto Garza,CHI,C,"$1,550,000"
628,nfl,2014,629,Sam Acho,ARI,ED/OLB,"$1,549,607"
629,nfl,2014,630,Roy Helu,WAS,RB,"$1,548,563"
630,nfl,2014,631,Colin McCarthy,TEN,LB/ILB,"$1,544,850"
631,nfl,2014,632,Bruce Carter,DAL,LB/ILB,"$1,544,645"
632,nfl,2014,633,C.J. Mosley,DET,DL/DT,"$1,542,647"
633,nfl,2014,634,Cecil Shorts,JAX,WR,"$1,541,845"
634,nfl,2014,635,Matt Elam,BAL,SS,"$1,537,955"
635,nfl,2014,636,Ja'Wuan James,MIA,RT,"$1,532,436"
636,nfl,2014,637,Bilal Powell,NYJ,RB,"$1,531,125"
637,nfl,2014,638,Brandin Cooks,NO,WR,"$1,524,264"
638,nfl,2014,639,Roman Harper,CAR,SS,"$1,518,750"
639,nfl,2014,640,HaHa Clinton-Dix,GB,FS,"$1,516,091"
640,nfl,2014,641,Jason Campbell,CIN,QB,"$1,500,000"
641,nfl,2014,,Alex Carrington,STL,DL/DT,"$1,500,000"
642,nfl,2014,,Clay Harbor,JAX,TE,"$1,500,000"
643,nfl,2014,,Ryan Mundy,CHI,SS,"$1,500,000"
644,nfl,2014,,Dominic Raiola,DET,C,"$1,500,000"
645,nfl,2014,,Cam Thomas,PIT,DL/DT,"$1,500,000"
646,nfl,2014,,Charlie Whitehurst,TEN,QB,"$1,500,000"
647,nfl,2014,648,Johnny Manziel,CLE,QB,"$1,499,745"
648,nfl,2014,649,Brooks Reed,HOU,DL/DE,"$1,496,015"
649,nfl,2014,650,Jarvis Jenkins,WAS,DL/DE,"$1,492,667"
650,nfl,2014,651,Dee Ford,KC,ED/OLB,"$1,483,400"
651,nfl,2014,652,Buster Skrine,CLE,CB,"$1,481,500"
652,nfl,2014,653,Jacquizz Rodgers,ATL,RB,"$1,478,750"
653,nfl,2014,654,Denarius Moore,OAK,WR,"$1,478,513"
654,nfl,2014,655,Brett Kern,TEN,P,"$1,469,375"
655,nfl,2014,656,Brian Quick,STL,WR,"$1,469,072"
656,nfl,2014,657,Corey Peters,ATL,DL/DT,"$1,468,750"
657,nfl,2014,658,Charles Clay,MIA,TE,"$1,459,000"
658,nfl,2014,659,Coby Fleener,IND,TE,"$1,456,813"
659,nfl,2014,660,Lorenzo Alexander,ARI,ED/OLB,"$1,455,000"
660,nfl,2014,661,Jeron Johnson,SEA,SS,"$1,453,125"
661,nfl,2014,662,Darqueze Dennard,CIN,CB,"$1,450,708"
662,nfl,2014,663,Jacquian Williams,NYG,LB/OLB,"$1,450,670"
663,nfl,2014,664,Justin Durant,DAL,LB/OLB,"$1,450,000"
664,nfl,2014,665,Derek Newton,HOU,RT,"$1,446,064"
665,nfl,2014,666,Courtney Upshaw,BAL,DL/DT,"$1,444,554"
666,nfl,2014,667,Jimmy Wilson,MIA,SS,"$1,442,475"
667,nfl,2014,668,John Carlson,ARI,TE,"$1,437,500"
668,nfl,2014,669,Jason Verrett,SD,CB,"$1,434,364"
669,nfl,2014,670,Nick Bellore,NYJ,LB/ILB,"$1,431,000"
670,nfl,2014,,Josh Gordy,IND,CB,"$1,431,000"
671,nfl,2014,,Jamari Lattimore,GB,LB/ILB,"$1,431,000"
672,nfl,2014,,Robert McClain,ATL,CB,"$1,431,000"
673,nfl,2014,,Spencer Paysinger,NYG,LB/ILB,"$1,431,000"
674,nfl,2014,,Joe Reitz,IND,G,"$1,431,000"
675,nfl,2014,,Mitch Unrein,DEN,ED/DE,"$1,431,000"
676,nfl,2014,677,Derek Wolfe,DEN,ED/DE,"$1,420,036"
677,nfl,2014,678,Marcus Smith,PHI,DL/DE,"$1,418,016"
678,nfl,2014,679,Rahim Moore,DEN,FS,"$1,415,313"
679,nfl,2014,680,Mitchell Schwartz,CLE,RT,"$1,410,229"
680,nfl,2014,681,Michael Hoomanawanui,NE,TE,"$1,407,500"
681,nfl,2014,,D.J. Williams,CHI,LB/ILB,"$1,407,500"
682,nfl,2014,683,Deone Bucannon,ARI,LB/ILB,"$1,401,673"
683,nfl,2014,684,Sergio Brown,IND,FS,"$1,400,000"
684,nfl,2014,,Mike Nugent,CIN,K,"$1,400,000"
685,nfl,2014,,Jon Ryan,SEA,P,"$1,400,000"
686,nfl,2014,,Al Woods,TEN,DL/DT,"$1,400,000"
687,nfl,2014,688,Kelvin Benjamin,CAR,WR,"$1,393,500"
688,nfl,2014,689,Andre Branch,JAX,ED/DE,"$1,388,164"
689,nfl,2014,690,Orlando Franklin,DEN,G,"$1,386,000"
690,nfl,2014,691,James Starks,GB,RB,"$1,384,375"
691,nfl,2014,692,Kenny Britt,STL,WR,"$1,375,000"
692,nfl,2014,693,Darrel Young,WAS,FB,"$1,367,708"
693,nfl,2014,694,Janoris Jenkins,STL,CB,"$1,360,995"
694,nfl,2014,695,Thomas DeCoud,CAR,S,"$1,353,750"
695,nfl,2014,696,Josh Brown,NYG,K,"$1,350,000"
696,nfl,2014,,Anthony McCoy,SEA,TE,"$1,350,000"
697,nfl,2014,698,Amini Silatolu,CAR,G,"$1,346,483"
698,nfl,2014,699,Lance Kendricks,STL,TE,"$1,344,614"
699,nfl,2014,700,Donnie Jones,PHI,P,"$1,333,333"
700,nfl,2014,701,Dominique Easley,NE,DL/DT,"$1,327,918"
701,nfl,2014,702,Cordy Glenn,BUF,LT,"$1,326,867"
702,nfl,2014,703,Stefen Wisniewski,OAK,C,"$1,315,810"
703,nfl,2014,704,Rashad Jennings,NYG,RB,"$1,312,500"
704,nfl,2014,705,Trumaine McBride,NYG,CB,"$1,309,375"
705,nfl,2014,706,Alan Ball,JAX,CB,"$1,305,000"
706,nfl,2014,707,Darian Stewart,BAL,FS,"$1,300,000"
707,nfl,2014,708,Anthony Spencer,DAL,LB/OLB,"$1,296,875"
708,nfl,2014,709,Jimmie Ward,SF,FS,"$1,293,188"
709,nfl,2014,710,Craig Dahl,SF,SS,"$1,283,333"
710,nfl,2014,,Ian Williams,SF,DL/DT,"$1,283,333"
711,nfl,2014,712,Cullen Loeffler,MIN,LS,"$1,270,000"
712,nfl,2014,713,Jeff Allen,KC,G,"$1,266,497"
713,nfl,2014,714,Bradley Roby,DEN,CB,"$1,264,096"
714,nfl,2014,715,Marcus Gilchrist,SD,SS,"$1,258,600"
715,nfl,2014,716,Dave Zastudil,ARI,P,"$1,252,500"
716,nfl,2014,717,Robert Ayers,NYG,ED/DE,"$1,250,000"
717,nfl,2014,,Brian Hoyer,CLE,QB,"$1,250,000"
718,nfl,2014,,Tarvaris Jackson,SEA,QB,"$1,250,000"
719,nfl,2014,,Brett Keisel,PIT,DL/DE,"$1,250,000"
720,nfl,2014,,Jeremy Mincey,DAL,ED/DE,"$1,250,000"
721,nfl,2014,,Andrew Quarless,GB,TE,"$1,250,000"
722,nfl,2014,723,Teddy Bridgewater,MIN,QB,"$1,245,364"
723,nfl,2014,724,Kedric Golston,WAS,DL/DT,"$1,245,000"
724,nfl,2014,725,John Cyprien,JAX,SS,"$1,242,978"
725,nfl,2014,726,Alshon Jeffery,CHI,WR,"$1,240,317"
726,nfl,2014,727,Tim Masthay,GB,P,"$1,240,000"
727,nfl,2014,728,Usama Young,OAK,S,"$1,235,000"
728,nfl,2014,729,Garrison Sanborn,BUF,LS,"$1,234,167"
729,nfl,2014,730,Justin Hunter,TEN,WR,"$1,232,761"
730,nfl,2014,731,Zach Ertz,PHI,TE,"$1,222,545"
731,nfl,2014,732,Eugene Sims,STL,ED/DE,"$1,216,684"
732,nfl,2014,733,Mychal Kendricks,PHI,ED/OLB,"$1,212,121"
733,nfl,2014,734,Darius Slay,DET,CB,"$1,202,114"
734,nfl,2014,735,Dane Fletcher,TB,LB/ILB,"$1,200,000"
735,nfl,2014,,Dane Sanzenbacher,CIN,WR,"$1,200,000"
736,nfl,2014,737,Giovani Bernard,CIN,RB,"$1,193,941"
737,nfl,2014,738,Kellen Clemens,SD,QB,"$1,177,500"
738,nfl,2014,,Lance Moore,PIT,WR,"$1,177,500"
739,nfl,2014,740,Manti Te'o,SD,LB/ILB,"$1,175,550"
740,nfl,2014,741,Bobby Wagner,SEA,LB/ILB,"$1,174,854"
741,nfl,2014,742,Stephen Paea,CHI,DL/DT,"$1,172,787"
742,nfl,2014,743,Matt Bosher,ATL,P,"$1,168,950"
743,nfl,2014,744,Darrell Stuckey,SD,FS,"$1,163,750"
744,nfl,2014,745,Tavon Wilson,NE,SS,"$1,150,335"
745,nfl,2014,746,Gary Barnidge,CLE,TE,"$1,150,000"
746,nfl,2014,,Andre Caldwell,DEN,WR,"$1,150,000"
747,nfl,2014,,Zak DeOssie,NYG,LS,"$1,150,000"
748,nfl,2014,,James Ihedigbo,DET,SS,"$1,150,000"
749,nfl,2014,,Brad Smith,PHI,WR,"$1,150,000"
750,nfl,2014,751,Anthony Sherman,KC,FB,"$1,145,000"
751,nfl,2014,752,Geno Smith,NYJ,QB,"$1,140,819"
752,nfl,2014,753,Husain Abdullah,KC,FS,"$1,130,000"
753,nfl,2014,754,Kendall Reyes,SD,DL/DE,"$1,125,817"
754,nfl,2014,755,Mike McGlynn,KC,G,"$1,125,000"
755,nfl,2014,756,Cornellius Carradine,SF,DL/DE,"$1,124,473"
756,nfl,2014,757,Colin Cole,CAR,DL/DT,"$1,121,875"
757,nfl,2014,758,Da'Quan Bowers,TB,DL/DT,"$1,120,820"
758,nfl,2014,759,Rodney Hudson,KC,C,"$1,115,577"
759,nfl,2014,760,Bruce Miller,SF,FB,"$1,107,114"
760,nfl,2014,761,Robert Woods,BUF,WR,"$1,106,085"
761,nfl,2014,762,Isaiah Pead,STL,RB,"$1,101,300"
762,nfl,2014,763,Shane Vereen,NE,RB,"$1,101,275"
763,nfl,2014,764,Derek Anderson,CAR,QB,"$1,100,000"
764,nfl,2014,765,Mike Leach,ARI,LS,"$1,091,668"
765,nfl,2014,766,Menelik Watson,OAK,RT,"$1,089,739"
766,nfl,2014,767,Tyson Clabo,HOU,RT,"$1,080,000"
767,nfl,2014,768,Matt Flynn,GB,QB,"$1,078,750"
768,nfl,2014,769,Torrey Smith,BAL,WR,"$1,078,392"
769,nfl,2014,770,Jon Condo,OAK,LS,"$1,077,500"
770,nfl,2014,771,Johnthan Banks,TB,CB,"$1,074,164"
771,nfl,2014,772,Jason Trusnik,MIA,LB/ILB,"$1,071,668"
772,nfl,2014,773,Patrick Chung,NE,SS,"$1,070,000"
773,nfl,2014,774,Ted Larsen,ARI,G,"$1,065,000"
774,nfl,2014,775,Jon Dorenbos,PHI,LS,"$1,055,000"
775,nfl,2014,776,Kawann Short,CAR,DL/DT,"$1,052,349"
776,nfl,2014,777,Zach Brown,TEN,LB/ILB,"$1,052,263"
777,nfl,2014,778,John Kuhn,GB,FB,"$1,051,875"
778,nfl,2014,779,Chase Blackburn,CAR,LB/OLB,"$1,050,000"
779,nfl,2014,,Erik Lorig,NO,FB,"$1,050,000"
780,nfl,2014,,Cedric Peerman,CIN,RB,"$1,050,000"
781,nfl,2014,782,Matt Spaeth,PIT,TE,"$1,037,500"
782,nfl,2014,783,Brandon Tate,CIN,WR,"$1,024,000"
783,nfl,2014,784,Daniel Kilgore,SF,C,"$1,022,575"
784,nfl,2014,785,A.J.  Jenkins,KC,WR,"$1,021,594"
785,nfl,2014,786,Randall Cobb,GB,WR,"$1,021,179"
786,nfl,2014,787,Anthony Dixon,BUF,RB,"$1,016,666"
787,nfl,2014,788,Xavier Su'a-Filo,HOU,G,"$1,009,382"
788,nfl,2014,789,L.P. Ladouceur,DAL,LS,"$1,005,000"
789,nfl,2014,,Brandon Lloyd,SF,WR,"$1,005,000"
790,nfl,2014,791,Ryan Broyles,DET,WR,"$1,003,227"
791,nfl,2014,792,DeMarcus Lawrence,DAL,ED/DE,"$1,001,209"
792,nfl,2014,793,Bryan Braman,PHI,ED/OLB,"$1,000,000"
793,nfl,2014,,Owen Daniels,BAL,TE,"$1,000,000"
794,nfl,2014,,Quintin Demps,NYG,SS,"$1,000,000"
795,nfl,2014,,Leger Douzable,NYJ,DL/DT,"$1,000,000"
796,nfl,2014,,Mark Herzlich,NYG,LB/OLB,"$1,000,000"
797,nfl,2014,,Henry Hynoski,NYG,FB,"$1,000,000"
798,nfl,2014,,Sean Lissemore,SD,DL/DT,"$1,000,000"
799,nfl,2014,,Albert McClellan,BAL,ED/OLB,"$1,000,000"
800,nfl,2014,,Marcus Sherels,MIN,CB,"$1,000,000"
801,nfl,2014,,Darrin Walls,NYJ,CB,"$1,000,000"
802,nfl,2014,803,Kevin Minter,ARI,LB/ILB,"$997,795"
803,nfl,2014,804,Joel Bitonio,CLE,G,"$993,036"
804,nfl,2014,805,Letroy Guion,GB,DL/DE,"$985,000"
805,nfl,2014,806,J.J. Jansen,CAR,LS,"$980,000"
806,nfl,2014,807,Peter Konz,ATL,C,"$978,709"
807,nfl,2014,808,Kiko Alonso,BUF,LB/OLB,"$977,364"
808,nfl,2014,809,Will Blackmon,JAX,CB,"$976,706"
809,nfl,2014,810,Derek Carr,OAK,QB,"$976,691"
810,nfl,2014,811,John Denney,MIA,LS,"$975,087"
811,nfl,2014,812,Ra'Shede Hageman,ATL,DL/DE,"$970,153"
812,nfl,2014,813,Mike Adams,PIT,LT,"$966,450"
813,nfl,2014,814,Brock Osweiler,DEN,QB,"$959,096"
814,nfl,2014,815,Gavin Escobar,DAL,TE,"$956,930"
815,nfl,2014,816,Austin Seferian-Jenkins,TB,TE,"$955,440"
816,nfl,2014,817,Adam Hayward,WAS,ED/OLB,"$955,000"
817,nfl,2014,,Tommy Kelly,ARI,DL/DT,"$955,000"
818,nfl,2014,819,Chris Maragos,PHI,FS,"$950,000"
819,nfl,2014,820,Lavonte David,TB,LB/OLB,"$946,836"
820,nfl,2014,821,Marqise Lee,JAX,WR,"$940,731"
821,nfl,2014,822,Stevan Ridley,NE,RB,"$939,750"
822,nfl,2014,823,Le'Veon Bell,PIT,RB,"$936,500"
823,nfl,2014,824,Don Carey,DET,SS,"$930,000"
824,nfl,2014,825,Kyle Van Noy,DET,LB/ILB,"$927,654"
825,nfl,2014,826,Frostee Rucker,ARI,DL/DT,"$927,500"
826,nfl,2014,827,Benjamin Ijalana,NYJ,RT,"$926,658"
827,nfl,2014,828,Vinny Curry,PHI,DL/DE,"$922,318"
828,nfl,2014,829,Johnathan Hankins,NYG,DL/DT,"$916,065"
829,nfl,2014,830,LaMarcus Joyner,STL,FS,"$914,578"
830,nfl,2014,831,Kelechi Osemele,BAL,G,"$912,510"
831,nfl,2014,832,Nick Sundberg,WAS,LS,"$912,500"
832,nfl,2014,833,Josh Gordon,CLE,WR,"$905,504"
833,nfl,2014,834,Casey Hayward,GB,CB,"$902,703"
834,nfl,2014,835,Mark Barron,STL,LB/ILB,"$902,646"
835,nfl,2014,836,Jeff Linkenbach,KC,RT,"$900,000"
836,nfl,2014,837,Jordan Matthews,PHI,WR,"$899,867"
837,nfl,2014,838,Brandon Meriweather,WAS,SS,"$899,411"
838,nfl,2014,839,Rueben Randle,NYG,WR,"$897,799"
839,nfl,2014,840,Jon Bostic,CHI,LB/ILB,"$895,636"
840,nfl,2014,841,Lance Louis,IND,G,"$892,500"
841,nfl,2014,842,Reggie Walker,SD,LB/ILB,"$890,000"
842,nfl,2014,843,Clint Gresham,SEA,LS,"$887,500"
843,nfl,2014,844,Weston Richburg,NYG,C,"$886,791"
844,nfl,2014,845,Allen Barbre,PHI,G,"$885,000"
845,nfl,2014,846,Cody Wallace,PIT,C,"$880,000"
846,nfl,2014,847,JoLonn Dunbar,STL,LB/OLB,"$879,978"
847,nfl,2014,848,David Amerson,WAS,CB,"$875,205"
848,nfl,2014,849,Vincent Brown,OAK,WR,"$875,005"
849,nfl,2014,850,Cyrus Kouandjio,BUF,RT,"$874,331"
850,nfl,2014,851,Darryl Tapp,DET,ED/DE,"$870,000"
851,nfl,2014,852,Andrew Sendejo,MIN,SS,"$866,666"
852,nfl,2014,853,Mario Addison,CAR,ED/DE,"$865,000"
853,nfl,2014,854,Justin Drescher,NO,LS,"$860,000"
854,nfl,2014,855,Paul Richardson,SEA,WR,"$856,879"
855,nfl,2014,856,Morgan Cox,BAL,LS,"$855,000"
856,nfl,2014,,Peyton Hillis,NYG,RB,"$855,000"
857,nfl,2014,,Will Yeatman,HOU,LT,"$855,000"
858,nfl,2014,859,Jamie Collins,NE,LB/OLB,"$854,773"
859,nfl,2014,860,Terrell McClain,DAL,ED/DE,"$850,000"
860,nfl,2014,861,Tom Johnson,MIN,DL/DT,"$845,000"
861,nfl,2014,862,Mike Windt,SD,LS,"$842,500"
862,nfl,2014,863,Tim Jamison,HOU,DL/DE,"$840,000"
863,nfl,2014,,David Johnson,SD,TE,"$840,000"
864,nfl,2014,865,Stephon Tuitt,PIT,DL/DE,"$838,081"
865,nfl,2014,866,Brett Goode,GB,LS,"$836,250"
866,nfl,2014,867,Dwayne Allen,IND,TE,"$835,826"
867,nfl,2014,868,Margus Hunt,CIN,DL/DT,"$834,341"
868,nfl,2014,869,Gabe Carimi,ATL,G,"$832,500"
869,nfl,2014,870,Jasper Brinkley,MIN,LB/ILB,"$830,000"
870,nfl,2014,871,Jonathan Martin,SF,RT,"$824,933"
871,nfl,2014,872,Brandon Harris,TEN,CB,"$824,907"
872,nfl,2014,873,Jamar Taylor,MIA,CB,"$824,125"
873,nfl,2014,874,Trumaine Johnson,STL,CB,"$823,794"
874,nfl,2014,875,Kavell Conner,SD,LB/ILB,"$820,000"
875,nfl,2014,876,Nate Irving,DEN,LB/ILB,"$818,750"
876,nfl,2014,877,Vance McDonald,SF,TE,"$817,995"
877,nfl,2014,878,Russell Wilson,SEA,QB,"$817,302"
878,nfl,2014,879,Jerrel Jernigan,NYG,WR,"$813,813"
879,nfl,2014,880,Trent Murphy,WAS,ED/OLB,"$813,236"
880,nfl,2014,881,Leonard Hankerson,WAS,WR,"$812,219"
881,nfl,2014,882,Josh Robinson,MIN,CB,"$811,250"
882,nfl,2014,883,Arthur Brown,BAL,LB/ILB,"$807,780"
883,nfl,2014,884,Ronnie Hillman,DEN,RB,"$807,708"
884,nfl,2014,885,Marshall Newhouse,CIN,RT,"$805,000"
885,nfl,2014,,Frank Zombo,KC,ED/OLB,"$805,000"
886,nfl,2014,887,Kendall Hunter,SF,RB,"$804,805"
887,nfl,2014,888,DeVier Posey,HOU,WR,"$801,023"
888,nfl,2014,889,Christopher Owens,KC,CB,"$800,000"
889,nfl,2014,890,Kenrick Ellis,NYJ,DL/DT,"$797,500"
890,nfl,2014,891,Timmy Jernigan,BAL,DL/DT,"$796,891"
891,nfl,2014,892,Brian De La Puente,CHI,C,"$795,001"
892,nfl,2014,893,Taylor Mays,CIN,SS,"$795,000"
893,nfl,2014,,Tanner Purdum,NYJ,LS,"$795,000"
894,nfl,2014,895,Jon Weeks,HOU,LS,"$793,750"
895,nfl,2014,896,D.J. Swearinger,HOU,FS,"$793,477"
896,nfl,2014,897,Montee Ball,DEN,RB,"$787,347"
897,nfl,2014,898,Jah Reid,BAL,RT,"$785,810"
898,nfl,2014,899,Shareece Wright,SD,CB,"$781,035"
899,nfl,2014,900,Jace Amaro,NYJ,TE,"$780,544"
900,nfl,2014,901,Paul Fanaika,ARI,G,"$780,000"
901,nfl,2014,,Sam Young,JAX,LT,"$780,000"
902,nfl,2014,903,Aaron Dobson,NE,WR,"$779,175"
903,nfl,2014,904,Ryan Mallett,HOU,QB,"$776,976"
904,nfl,2014,905,Robert Alford,ATL,CB,"$773,045"
905,nfl,2014,906,Eddie Lacy,GB,RB,"$771,003"
906,nfl,2014,907,Nick Foles,PHI,QB,"$770,880"
907,nfl,2014,908,Bryan Anger,JAX,P,"$770,523"
908,nfl,2014,909,Nate Chandler,CAR,LT,"$770,000"
909,nfl,2014,910,Christine Michael,SEA,RB,"$766,916"
910,nfl,2014,911,Demario Davis,NYJ,LB/ILB,"$764,490"
911,nfl,2014,912,Jeremiah Attaochu,SD,ED/OLB,"$764,200"
912,nfl,2014,913,Josh LeRibeus,WAS,C,"$764,081"
913,nfl,2014,914,Luke Stocker,TB,TE,"$763,172"
914,nfl,2014,915,Antone Smith,ATL,RB,"$762,500"
915,nfl,2014,916,Clark Harris,CIN,LS,"$760,000"
916,nfl,2014,917,Olivier Vernon,MIA,ED/DE,"$759,520"
917,nfl,2014,918,Quinton Carter,DEN,S,"$758,750"
918,nfl,2014,919,Casey Matthews,PHI,LB/ILB,"$758,716"
919,nfl,2014,920,James Brewer,NYG,G,"$758,023"
920,nfl,2014,921,Richie Brockel,CAR,TE,"$755,000"
921,nfl,2014,922,John Moffitt,DEN,G,"$752,500"
922,nfl,2014,923,Chris Hairston,BUF,LT,"$748,977"
923,nfl,2014,924,Ego Ferguson,CHI,DL/DT,"$747,855"
924,nfl,2014,925,Christian Ballard,MIN,DL/DT,"$746,888"
925,nfl,2014,926,Colin Jones,CAR,FS,"$745,000"
926,nfl,2014,,Jake McQuaide,STL,LS,"$745,000"
927,nfl,2014,928,Brandon Brooks,HOU,G,"$744,359"
928,nfl,2014,929,Julius Thomas,DEN,TE,"$741,000"
929,nfl,2014,930,Andrew Gardner,PHI,G,"$735,000"
930,nfl,2014,931,Tyrone Crawford,DAL,ED/DE,"$733,813"
931,nfl,2014,932,Mike Martin,TEN,DL/DT,"$731,890"
932,nfl,2014,933,Troy Niklas,ARI,TE,"$731,509"
933,nfl,2014,934,Mohamed Sanu,CIN,WR,"$730,813"
934,nfl,2014,935,Marcus Easley,BUF,WR,"$730,000"
935,nfl,2014,,Nick Hayden,DAL,DL/DT,"$730,000"
936,nfl,2014,,George Selvie,DAL,ED/DE,"$730,000"
937,nfl,2014,,Andy Studebaker,IND,ED/OLB,"$730,000"
938,nfl,2014,939,Bill Bentley,DET,CB,"$727,278"
939,nfl,2014,940,Sean Spence,PIT,LB/ILB,"$726,345"
940,nfl,2014,941,Akeem Dent,HOU,LB/ILB,"$725,000"
941,nfl,2014,942,Johnny Hekker,STL,P,"$724,884"
942,nfl,2014,943,Davon House,GB,CB,"$720,145"
943,nfl,2014,944,Sio Moore,OAK,LB/OLB,"$718,708"
944,nfl,2014,945,Akiem Hicks,NO,DL/DE,"$718,225"
945,nfl,2014,946,Davante Adams,GB,WR,"$715,164"
946,nfl,2014,947,Larry Warford,DET,G,"$714,250"
947,nfl,2014,948,Tyrann Mathieu,ARI,FS,"$713,281"
948,nfl,2014,949,Bennie Logan,PHI,DL/DT,"$711,363"
949,nfl,2014,950,Jed Collins,DET,FB,"$710,000"
950,nfl,2014,951,Bernard Pierce,BAL,RB,"$708,986"
951,nfl,2014,952,Dwayne Gratz,JAX,CB,"$707,394"
952,nfl,2014,953,T.Y. Hilton,IND,WR,"$706,850"
953,nfl,2014,954,Travis Kelce,KC,TE,"$706,826"
954,nfl,2014,955,John Hughes,CLE,DL/DE,"$706,035"
955,nfl,2014,956,Mike Glennon,TB,QB,"$705,469"
956,nfl,2014,957,Brandon Thompson,CIN,DL/DT,"$705,300"
957,nfl,2014,958,Lamar Holmes,ATL,RT,"$703,400"
958,nfl,2014,959,Tandon Doss,JAX,WR,"$702,500"
959,nfl,2014,960,Rolando McClain,DAL,LB/ILB,"$700,000"
960,nfl,2014,961,Bishop Sankey,TEN,RB,"$698,818"
961,nfl,2014,962,Tony Bergstrom,OAK,C,"$696,504"
962,nfl,2014,963,Isa Abdul-Quddus,DET,FS,"$695,000"
963,nfl,2014,,Perrish Cox,SF,CB,"$695,000"
964,nfl,2014,965,Chris Givens,STL,WR,"$694,257"
965,nfl,2014,966,Karl Klug,TEN,DL/DT,"$693,613"
966,nfl,2014,967,Lamar Miller,MIA,RB,"$691,500"
967,nfl,2014,968,Gino Gradkowski,BAL,C,"$691,106"
968,nfl,2014,969,Niles Paul,WAS,TE,"$690,413"
969,nfl,2014,970,Ben Jones,HOU,C,"$690,362"
970,nfl,2014,971,Brian Winters,NYJ,G,"$689,969"
971,nfl,2014,972,Travis Benjamin,CLE,WR,"$689,250"
972,nfl,2014,973,Omar Bolden,DEN,FS,"$688,607"
973,nfl,2014,974,Lee Smith,BUF,TE,"$688,401"
974,nfl,2014,975,Kirk Cousins,WAS,QB,"$688,172"
975,nfl,2014,976,Doug Legursky,SD,C,"$687,059"
976,nfl,2014,977,Terrance Williams,DAL,WR,"$684,868"
977,nfl,2014,978,Robert Turbin,SEA,RB,"$684,114"
978,nfl,2014,979,Blidi Wreh-Wilson,TEN,CB,"$683,441"
979,nfl,2014,980,Ladarius Green,SD,TE,"$682,725"
980,nfl,2014,981,Jeremy Hill,CIN,RB,"$682,473"
981,nfl,2014,982,Pernell McPhee,BAL,ED/OLB,"$681,140"
982,nfl,2014,983,Bobby Massie,ARI,RT,"$680,845"
983,nfl,2014,984,T.J. McDonald,STL,FS,"$680,815"
984,nfl,2014,985,Kyle Wilber,DAL,LB/OLB,"$679,805"
985,nfl,2014,986,Terron Armstead,NO,LT,"$679,359"
986,nfl,2014,987,Coty Sensabaugh,TEN,CB,"$678,023"
987,nfl,2014,988,Joe Looney,SF,G,"$676,301"
988,nfl,2014,989,Keenan Robinson,WAS,ED/OLB,"$675,027"
989,nfl,2014,,Jarius Wright,MIN,WR,"$675,027"
990,nfl,2014,991,Mike Johnson,ATL,RT,"$675,000"
991,nfl,2014,992,Marquise Goodwin,BUF,WR,"$674,719"
992,nfl,2014,993,Cody Latimer,DEN,WR,"$674,300"
993,nfl,2014,994,Demarcus Dobbs,SEA,ED/DE,"$673,412"
994,nfl,2014,995,Byron Maxwell,SEA,CB,"$673,363"
995,nfl,2014,996,Keshawn Martin,HOU,WR,"$673,140"
996,nfl,2014,997,Byron Stingily,TEN,RT,"$672,625"
997,nfl,2014,998,Nick Toon,NO,WR,"$671,903"
998,nfl,2014,999,Dallas Thomas,MIA,G,"$671,594"
999,nfl,2014,1000,Brandon Boykin,PHI,CB,"$671,367"
1000,nfl,2014,1001,Tyrod Taylor,BAL,QB,"$671,327"
1001,nfl,2014,1002,Josh Harris,ATL,LS,"$670,834"
1002,nfl,2014,1003,Ron Brooks,BUF,CB,"$670,135"
1003,nfl,2014,1004,Carlos Hyde,SF,RB,"$669,396"
1004,nfl,2014,1005,Jared Crick,HOU,DL/DE,"$667,875"
1005,nfl,2014,1006,Adrien Robinson,NYG,TE,"$666,413"
1006,nfl,2014,1007,Markus Wheaton,PIT,WR,"$662,844"
1007,nfl,2014,1008,J.J. Wilcox,DAL,FS,"$661,517"
1008,nfl,2014,1009,Virgil Green,DEN,TE,"$661,236"
1009,nfl,2014,1010,Stanley Jean-Baptiste,NO,CB,"$661,224"
1010,nfl,2014,1011,Damontre Moore,NYG,ED/DE,"$658,813"
1011,nfl,2014,1012,Keenan Allen,SD,WR,"$658,450"
1012,nfl,2014,1013,John Jenkins,NO,DL/DE,"$656,890"
1013,nfl,2014,1014,Cliff Matthews,ATL,DL/DE,"$656,750"
1014,nfl,2014,1015,David Ausberry,OAK,TE,"$656,475"
1015,nfl,2014,,Andrew Gachkar,SD,ED/OLB,"$656,475"
1016,nfl,2014,,Chris Neild,WAS,DL/DT,"$656,475"
1017,nfl,2014,,Malcolm Smith,SEA,LB/OLB,"$656,475"
1018,nfl,2014,1019,Logan Ryan,NE,CB,"$655,813"
1019,nfl,2014,1020,Dwayne Harris,DAL,WR,"$655,000"
1020,nfl,2014,,Darryl Tapp,DET,ED/DE,"$655,000"
1021,nfl,2014,1022,Shawn Williams,CIN,SS,"$653,986"
1022,nfl,2014,1023,Jordan Hill,SEA,DL/DT,"$651,035"
1023,nfl,2014,1024,Nigel Bradham,BUF,LB/OLB,"$650,827"
1024,nfl,2014,1025,Jack Mewhort,IND,G,"$649,782"
1025,nfl,2014,1026,Knile Davis,KC,RB,"$646,504"
1026,nfl,2014,1027,Miles Burris,OAK,LB/ILB,"$645,146"
1027,nfl,2014,,Mike Daniels,GB,DL/DT,"$645,146"
1028,nfl,2014,,Rhett Ellison,MIN,TE,"$645,146"
1029,nfl,2014,,Brandon Mosley,NYG,G,"$645,146"
1030,nfl,2014,1031,Danny Aiken,NE,LS,"$645,000"
1031,nfl,2014,,Joe Barksdale,STL,RT,"$645,000"
1032,nfl,2014,,Chimdi Chekwa,OAK,CB,"$645,000"
1033,nfl,2014,,Jimmy Clausen,CHI,QB,"$645,000"
1034,nfl,2014,,Tyler Clutts,DAL,FB,"$645,000"
1035,nfl,2014,,Kris Durham,TEN,WR,"$645,000"
1036,nfl,2014,,DuJuan Harris,GB,RB,"$645,000"
1037,nfl,2014,,Andre Holmes,OAK,WR,"$645,000"
1038,nfl,2014,,Chris Jones,DAL,P,"$645,000"
1039,nfl,2014,,Troy Kropog,NYG,RT,"$645,000"
1040,nfl,2014,,Josh Mauga,KC,LB/ILB,"$645,000"
1041,nfl,2014,,Jacques McClendon,JAX,C,"$645,000"
1042,nfl,2014,,Nick McDonald,CLE,C,"$645,000"
1043,nfl,2014,,Sterling Moore,DAL,CB,"$645,000"
1044,nfl,2014,,Michael Morgan,SEA,LB/OLB,"$645,000"
1045,nfl,2014,,Ron Parker,KC,FS,"$645,000"
1046,nfl,2014,,Michael Person,STL,G,"$645,000"
1047,nfl,2014,,Jerrell Powe,HOU,DL/DT,"$645,000"
1048,nfl,2014,,Greg Salas,NYJ,WR,"$645,000"
1049,nfl,2014,,Willie Smith,SD,LT,"$645,000"
1050,nfl,2014,,Jeff Tarpinian,HOU,ED/OLB,"$645,000"
1051,nfl,2014,,J.T. Thomas,JAX,LB/OLB,"$645,000"
1052,nfl,2014,,Cedric Thornton,PHI,DL/DT,"$645,000"
1053,nfl,2014,,Jordan Todman,JAX,RB,"$645,000"
1054,nfl,2014,,Scott Tolzien,GB,QB,"$645,000"
1055,nfl,2014,,Chris White,NE,LB/ILB,"$645,000"
1056,nfl,2014,,T.J. Yates,ATL,QB,"$645,000"
1057,nfl,2014,,Christian Yount,CLE,LS,"$645,000"
1058,nfl,2014,1059,Kony Ealy,CAR,ED/DE,"$644,878"
1059,nfl,2014,1060,Matt Barkley,PHI,QB,"$644,257"
1060,nfl,2014,1061,Jordan Reed,WAS,TE,"$642,278"
1061,nfl,2014,1062,Kayvon Webster,DEN,CB,"$641,950"
1062,nfl,2014,1063,Hugh Thornton,IND,G,"$641,345"
1063,nfl,2014,1064,Corey Lemonier,SF,ED/OLB,"$640,880"
1064,nfl,2014,1065,Allen Robinson,JAX,WR,"$638,340"
1065,nfl,2014,1066,Mike Adams,IND,SS,"$635,000"
1066,nfl,2014,,Seyi Ajirotutu,SD,WR,"$635,000"
1067,nfl,2014,,Will Allen,PIT,SS,"$635,000"
1068,nfl,2014,,Colt Anderson,IND,SS,"$635,000"
1069,nfl,2014,,Javier Arenas,ATL,CB,"$635,000"
1070,nfl,2014,,Joe Berger,MIN,G,"$635,000"
1071,nfl,2014,,E.J. Biggers,WAS,CB,"$635,000"
1072,nfl,2014,,Zackary Bowman,NYG,CB,"$635,000"
1073,nfl,2014,,Ryan Clark,WAS,S,"$635,000"
1074,nfl,2014,,Oniel Cousins,TB,G,"$635,000"
1075,nfl,2014,,Ed Dickson,CAR,TE,"$635,000"
1076,nfl,2014,,Vladimir Ducasse,MIN,G,"$635,000"
1077,nfl,2014,,Jonathan Dwyer,ARI,RB,"$635,000"
1078,nfl,2014,,Jason Fox,MIA,RT,"$635,000"
1079,nfl,2014,,Jonathan Goodwin,NO,C,"$635,000"
1080,nfl,2014,,Parys Haralson,NO,DL/DE,"$635,000"
1081,nfl,2014,,Darrius Heyward-Bey,PIT,WR,"$635,000"
1082,nfl,2014,,Ramon Humber,NO,ED/OLB,"$635,000"
1083,nfl,2014,,John Jerry,NYG,G,"$635,000"
1084,nfl,2014,,Kendrick Lewis,HOU,FS,"$635,000"
1085,nfl,2014,,Rashean Mathis,DET,CB,"$635,000"
1086,nfl,2014,,Brice McCain,PIT,CB,"$635,000"
1087,nfl,2014,,Luke McCown,NO,QB,"$635,000"
1088,nfl,2014,,Colt McCoy,WAS,QB,"$635,000"
1089,nfl,2014,,Sherrick McManis,CHI,CB,"$635,000"
1090,nfl,2014,,Jeromy Miles,BAL,SS,"$635,000"
1091,nfl,2014,,Arthur Moats,PIT,ED/OLB,"$635,000"
1092,nfl,2014,,Santana Moss,WAS,WR,"$635,000"
1093,nfl,2014,,Don Muhlbach,DET,LS,"$635,000"
1094,nfl,2014,,Rich Ohrnberger,SD,C,"$635,000"
1095,nfl,2014,,Dan Orlovsky,DET,QB,"$635,000"
1096,nfl,2014,,Mike Patterson,NYG,DL/DT,"$635,000"
1097,nfl,2014,,Alex Smith,CIN,TE,"$635,000"
1098,nfl,2014,,Chris Spencer,TEN,G,"$635,000"
1099,nfl,2014,,Fernando Velasco,CAR,G,"$635,000"
1100,nfl,2014,,Greg Warren,PIT,LS,"$635,000"
1101,nfl,2014,,Leon Washington,TEN,RB,"$635,000"
1102,nfl,2014,,Joe Webb,CAR,QB,"$635,000"
1103,nfl,2014,,C.J. Wilson,OAK,DL/DT,"$635,000"
1104,nfl,2014,,Josh Wilson,ATL,CB,"$635,000"
1105,nfl,2014,,Major Wright,TB,S,"$635,000"
1106,nfl,2014,,Jarius Wynn,BUF,LB/OLB,"$635,000"
1107,nfl,2014,1108,Duron Harmon,NE,SS,"$633,900"
1108,nfl,2014,1109,Jimmy Garoppolo,NE,QB,"$633,436"
1109,nfl,2014,1110,Jarvis Landry,MIA,WR,"$631,802"
1110,nfl,2014,1111,Danny McCray,CHI,SS,"$630,938"
1111,nfl,2014,1112,Will Davis,MIA,CB,"$630,300"
1112,nfl,2014,1113,Justin Britt,SEA,C,"$628,533"
1113,nfl,2014,1114,Zaviar Gooden,TEN,LB/ILB,"$626,504"
1114,nfl,2014,1115,Brandon Williams,BAL,DL/DT,"$623,750"
1115,nfl,2014,1116,Malik Jackson,DEN,DL/DT,"$623,403"
1116,nfl,2014,1117,Tahir Whitehead,DET,LB/OLB,"$623,000"
1117,nfl,2014,1118,Robert Blanton,MIN,SS,"$622,763"
1118,nfl,2014,1119,Donald Stephenson,KC,LT,"$620,257"
1119,nfl,2014,1120,Josh Norman,CAR,CB,"$619,750"
1120,nfl,2014,1121,Taylor Thompson,TEN,TE,"$619,500"
1121,nfl,2014,1122,Greg Zuerlein,STL,K,"$617,756"
1122,nfl,2014,1123,Dennis Kelly,PHI,RT,"$617,200"
1123,nfl,2014,1124,Akeem Spence,TB,DL/DT,"$616,071"
1124,nfl,2014,1125,Akeem Ayers,NE,LB/OLB,"$615,762"
1125,nfl,2014,1126,Randy Bullock,HOU,K,"$614,527"
1126,nfl,2014,1127,Corey White,NO,CB,"$614,125"
1127,nfl,2014,1128,Alex Okafor,ARI,DL/DE,"$613,607"
1128,nfl,2014,1129,Jelani Jenkins,MIA,LB/OLB,"$613,172"
1129,nfl,2014,1130,Duke Williams,BUF,FS,"$612,563"
1130,nfl,2014,1131,Jonathan Massaquoi,ATL,DL/DE,"$612,215"
1131,nfl,2014,1132,Dion Sims,MIA,TE,"$611,888"
1132,nfl,2014,1133,Brian Schwenke,TEN,C,"$611,065"
1133,nfl,2014,1134,Marvin Jones,CIN,WR,"$610,700"
1134,nfl,2014,1135,George Iloka,CIN,FS,"$610,075"
1135,nfl,2014,1136,David Bakhtiari,GB,LT,"$608,850"
1136,nfl,2014,1137,Ryan Nassib,NYG,QB,"$608,400"
1137,nfl,2014,1138,Shamarko Thomas,PIT,SS,"$608,288"
1138,nfl,2014,1139,Kelvin Sheppard,MIA,LB/ILB,"$607,059"
1139,nfl,2014,1140,Barrett Jones,STL,G,"$606,300"
1140,nfl,2014,1141,Cyrus Gray,KC,RB,"$605,418"
1141,nfl,2014,1142,Landry Jones,PIT,QB,"$604,805"
1142,nfl,2014,1143,Asa Jackson,BAL,CB,"$604,015"
1143,nfl,2014,1144,Earl Watford,ARI,RT,"$603,716"
1144,nfl,2014,1145,Khaseem Greene,CHI,LB/OLB,"$603,023"
1145,nfl,2014,1146,Sean Porter,CIN,LB/ILB,"$602,325"
1146,nfl,2014,1147,Kevin Vickerson,KC,DL/DT,"$601,471"
1147,nfl,2014,1148,Jeremy Lane,SEA,CB,"$601,279"
1148,nfl,2014,1149,Alfred Morris,WAS,RB,"$600,775"
1149,nfl,2014,1150,Keith Tandy,TB,FS,"$600,150"
1150,nfl,2014,1151,Gerald Hodges,MIN,LB/OLB,"$600,027"
1151,nfl,2014,,Khaled Holmes,IND,C,"$600,027"
1152,nfl,2014,1153,Dwight Lowery,ATL,FS,"$600,000"
1153,nfl,2014,1154,Blair Walsh,MIN,K,"$599,483"
1154,nfl,2014,1155,J.C. Tretter,GB,C,"$598,977"
1155,nfl,2014,1156,Justin Bethel,ARI,CB,"$598,556"
1156,nfl,2014,1157,James Hanna,DAL,TE,"$596,213"
1157,nfl,2014,1158,Danny Trevathan,DEN,LB/ILB,"$596,018"
1158,nfl,2014,1159,C.J. Fiedorowicz,HOU,TE,"$595,826"
1159,nfl,2014,1160,William Gholston,TB,ED/DE,"$595,136"
1160,nfl,2014,1161,Thomas Gafford,KC,LS,"$595,000"
1161,nfl,2014,1162,Malliciah Goodman,ATL,DL/DE,"$594,272"
1162,nfl,2014,1163,Billy Turner,MIA,G,"$594,250"
1163,nfl,2014,1164,Nate Ebner,NE,FS,"$594,150"
1164,nfl,2014,1165,Quinton Patton,SF,WR,"$592,875"
1165,nfl,2014,1166,Dezmen Southward,ATL,CB,"$592,708"
1166,nfl,2014,1167,Brad Nortman,CAR,P,"$589,670"
1167,nfl,2014,,Billy Winn,CLE,DL/DE,"$589,670"
1168,nfl,2014,1169,Marcus Martin,SF,G,"$587,812"
1169,nfl,2014,1170,Christian Kirksey,CLE,LB/ILB,"$585,625"
1170,nfl,2014,1171,Ryan Succop,TEN,K,"$585,000"
1171,nfl,2014,1172,Travis Lewis,DET,LB/ILB,"$584,793"
1172,nfl,2014,1173,Alfonzo Dennard,NE,CB,"$584,462"
1173,nfl,2014,1174,J.R. Sweezy,SEA,G,"$584,212"
1174,nfl,2014,1175,Scott Crichton,MIN,ED/DE,"$584,081"
1175,nfl,2014,1176,Stedman Bailey,STL,WR,"$583,908"
1176,nfl,2014,1177,Rishard Matthews,MIA,WR,"$583,403"
1177,nfl,2014,1178,Jonathan Casillas,NE,LB/OLB,"$582,352"
1178,nfl,2014,1179,Preston Brown,BUF,LB/ILB,"$582,000"
1179,nfl,2014,1180,Deangelo Tyson,BAL,DL/DE,"$581,898"
1180,nfl,2014,1181,Kelvin Beachum,PIT,LT,"$581,474"
1181,nfl,2014,,Markus Kuhn,NYG,DL/DT,"$581,474"
1182,nfl,2014,1183,Jay Bromley,NYG,DL/DT,"$580,969"
1183,nfl,2014,1184,Tre Mason,STL,RB,"$579,375"
1184,nfl,2014,1185,Kellen Moore,DET,QB,"$576,668"
1185,nfl,2014,1186,Beau Brinkley,TEN,LS,"$576,667"
1186,nfl,2014,,Jerrell Freeman,IND,LB/ILB,"$576,667"
1187,nfl,2014,1188,Travis Swanson,DET,C,"$574,868"
1188,nfl,2014,1189,Brandon Bolden,NE,RB,"$574,584"
1189,nfl,2014,1190,Chris Borland,SF,ED/OLB,"$574,359"
1190,nfl,2014,1191,Steven Johnson,DEN,LB/ILB,"$574,000"
1191,nfl,2014,1192,Morgan Moses,WAS,RT,"$573,747"
1192,nfl,2014,1193,Spencer Long,WAS,C,"$573,450"
1193,nfl,2014,1194,Chris Polk,PHI,RB,"$573,334"
1194,nfl,2014,,Derrick Shelby,MIA,DL/DT,"$573,334"
1195,nfl,2014,1196,Rod Streater,OAK,WR,"$573,333"
1196,nfl,2014,1197,Leonard Johnson,TB,CB,"$572,500"
1197,nfl,2014,1198,Damon Harrison,NYJ,DL/DT,"$572,333"
1198,nfl,2014,1199,Jayron Hosley,NYG,CB,"$572,132"
1199,nfl,2014,1200,Garrett Celek,SF,TE,"$572,000"
1200,nfl,2014,1201,Travaris Cadet,NO,RB,"$571,667"
1201,nfl,2014,,Robert Golden,PIT,FS,"$571,667"
1202,nfl,2014,,Sean Richardson,GB,SS,"$571,667"
1203,nfl,2014,1204,Aaron Brewer,DEN,LS,"$571,333"
1204,nfl,2014,,Rodney McLeod,STL,FS,"$571,333"
1205,nfl,2014,1206,Tyrunn Walker,NO,DL/DT,"$571,000"
1206,nfl,2014,1207,Johnson Bademosi,CLE,CB,"$570,834"
1207,nfl,2014,1208,Don Barclay,GB,RT,"$570,833"
1208,nfl,2014,1209,Cole Beasley,DAL,WR,"$570,500"
1209,nfl,2014,,Tashaun Gipson,CLE,FS,"$570,500"
1210,nfl,2014,1211,Marquette King,OAK,P,"$570,334"
1211,nfl,2014,1212,Kyle Juszczyk,BAL,FB,"$570,146"
1212,nfl,2014,,Devin Taylor,DET,ED/DE,"$570,146"
1213,nfl,2014,,Levine Toilolo,ATL,TE,"$570,146"
1214,nfl,2014,1215,Phillip Adams,NYJ,CB,"$570,000"
1215,nfl,2014,,Antonio Allen,NYJ,CB,"$570,000"
1216,nfl,2014,,Matt Asiata,MIN,RB,"$570,000"
1217,nfl,2014,,Marvin Austin,DEN,DL/DT,"$570,000"
1218,nfl,2014,,Tim Barnes,STL,C,"$570,000"
1219,nfl,2014,,Jackie Battle,TEN,FB,"$570,000"
1220,nfl,2014,,Antwon Blake,PIT,CB,"$570,000"
1221,nfl,2014,,Jarrett Boykin,GB,WR,"$570,000"
1222,nfl,2014,,Bryce Brown,BUF,RB,"$570,000"
1223,nfl,2014,,Jeremy Cain,CHI,LS,"$570,000"
1224,nfl,2014,,Tank Carder,CLE,LB/ILB,"$570,000"
1225,nfl,2014,,Tony Carter,DEN,CB,"$570,000"
1226,nfl,2014,,Audie Cole,MIN,LB/ILB,"$570,000"
1227,nfl,2014,,Kurt Coleman,KC,FS,"$570,000"
1228,nfl,2014,,Tom Compton,WAS,T,"$570,000"
1229,nfl,2014,,Chris Cook,SF,CB,"$570,000"
1230,nfl,2014,,Jack Crawford,DAL,ED/DE,"$570,000"
1231,nfl,2014,,Austin Davis,STL,QB,"$570,000"
1232,nfl,2014,,Dom DeCicco,MIN,LB/ILB,"$570,000"
1233,nfl,2014,,Brandon Deaderick,NO,DL/DT,"$570,000"
1234,nfl,2014,,James Develin,NE,FB,"$570,000"
1235,nfl,2014,,Patrick DiMarco,ATL,FB,"$570,000"
1236,nfl,2014,,Lance Dunbar,DAL,RB,"$570,000"
1237,nfl,2014,,Bradie Ewing,JAX,FB,"$570,000"
1238,nfl,2014,,Daniel Fells,NYG,TE,"$570,000"
1239,nfl,2014,,Larry Foote,ARI,LB/ILB,"$570,000"
1240,nfl,2014,,Kai Forbath,WAS,K,"$570,000"
1241,nfl,2014,,Justin Forsett,BAL,RB,"$570,000"
1242,nfl,2014,,Jonathan Freeny,MIA,LB/OLB,"$570,000"
1243,nfl,2014,,Najee Goode,PHI,ED/OLB,"$570,000"
1244,nfl,2014,,Shayne Graham,NO,K,"$570,000"
1245,nfl,2014,,Quentin Groves,TEN,ED/OLB,"$570,000"
1246,nfl,2014,,Derek Hagan,TEN,WR,"$570,000"
1247,nfl,2014,,Cory Harkey,STL,FB,"$570,000"
1248,nfl,2014,,Bryce Harris,NO,RT,"$570,000"
1249,nfl,2014,,Mike Harris,MIN,G,"$570,000"
1250,nfl,2014,,Ryan Harris,KC,LT,"$570,000"
1251,nfl,2014,,Dan Herron,IND,RB,"$570,000"
1252,nfl,2014,,Jaye Howard,KC,DL/DE,"$570,000"
1253,nfl,2014,,Delano Howell,IND,S,"$570,000"
1254,nfl,2014,,Duke Ihenacho,WAS,SS,"$570,000"
1255,nfl,2014,,Jaiquawn Jarrett,NYJ,FS,"$570,000"
1256,nfl,2014,,Damaris Johnson,HOU,WR,"$570,000"
1257,nfl,2014,,George Johnson,DET,ED/DE,"$570,000"
1258,nfl,2014,,James-Michael Johnson,KC,ED/OLB,"$570,000"
1259,nfl,2014,,Will Johnson,PIT,FB,"$570,000"
1260,nfl,2014,,Frank Kearse,WAS,DL/DE,"$570,000"
1261,nfl,2014,,Jermaine Kearse,SEA,WR,"$570,000"
1262,nfl,2014,,Ishmaa'ily Kitchen,CLE,DL/DT,"$570,000"
1263,nfl,2014,,Danny Lansanah,TB,LB/ILB,"$570,000"
1264,nfl,2014,,Jim Leonhard,CLE,S,"$570,000"
1265,nfl,2014,,Ricardo Lockette,SEA,WR,"$570,000"
1266,nfl,2014,,Jeff Maehl,PHI,WR,"$570,000"
1267,nfl,2014,,Danieal Manning,HOU,S,"$570,000"
1268,nfl,2014,,Ricardo Mathews,SD,DL/DT,"$570,000"
1269,nfl,2014,,Kevin Matthews,CAR,C,"$570,000"
1270,nfl,2014,,Kelcie McCray,KC,SS,"$570,000"
1271,nfl,2014,,Robert Meachem,NO,WR,"$570,000"
1272,nfl,2014,,Mike Mohamed,HOU,LB/ILB,"$570,000"
1273,nfl,2014,,Josh Morgan,CHI,WR,"$570,000"
1274,nfl,2014,,Dezman Moses,KC,ED/OLB,"$570,000"
1275,nfl,2014,,Kyle Nelson,SF,LS,"$570,000"
1276,nfl,2014,,Jamize Olawale,OAK,FB,"$570,000"
1277,nfl,2014,,Matt Overton,IND,LS,"$570,000"
1278,nfl,2014,,Cheta Ozougwu,NO,DL/DE,"$570,000"
1279,nfl,2014,,Michael Palmer,PIT,TE,"$570,000"
1280,nfl,2014,,Preston Parker,NYG,WR,"$570,000"
1281,nfl,2014,,Bear Pascoe,ATL,TE,"$570,000"
1282,nfl,2014,,Austin Pasztor,JAX,T,"$570,000"
1283,nfl,2014,,Shaun Prater,MIN,CB,"$570,000"
1284,nfl,2014,,Will Rackley,BAL,G,"$570,000"
1285,nfl,2014,,Bobby Rainey,TB,RB,"$570,000"
1286,nfl,2014,,Dallas Reynolds,NYG,G,"$570,000"
1287,nfl,2014,,Craig Robertson,CLE,LB/ILB,"$570,000"
1288,nfl,2014,,Travian Robertson,WAS,DL/DT,"$570,000"
1289,nfl,2014,,Trenton Robinson,WAS,FS,"$570,000"
1290,nfl,2014,,Dante Rosario,CHI,TE,"$570,000"
1291,nfl,2014,,Aaron Ross,BAL,CB,"$570,000"
1292,nfl,2014,,Jeremy Ross,DET,WR,"$570,000"
1293,nfl,2014,,O'Brien Schofield,SEA,LB/OLB,"$570,000"
1294,nfl,2014,,Trevor Scott,CHI,ED/DE,"$570,000"
1295,nfl,2014,,Deshawn Shead,SEA,FS,"$570,000"
1296,nfl,2014,,A.Q. Shipley,IND,C,"$570,000"
1297,nfl,2014,,D'Anthony Smith,SEA,DL/DT,"$570,000"
1298,nfl,2014,,Adam Snyder,NYG,G,"$570,000"
1299,nfl,2014,,Bradley Sowell,ARI,LT,"$570,000"
1300,nfl,2014,,C.J. Spillman,DAL,S,"$570,000"
1301,nfl,2014,,Stevenson Sylvester,BUF,LB/ILB,"$570,000"
1302,nfl,2014,,Alameda Ta'amu,ARI,DL/DT,"$570,000"
1303,nfl,2014,,Will Ta'ufo'ou,JAX,FB,"$570,000"
1304,nfl,2014,,Justin Tucker,BAL,K,"$570,000"
1305,nfl,2014,,Cassius Vaughn,DET,CB,"$570,000"
1306,nfl,2014,,Brandon Weeden,DAL,QB,"$570,000"
1307,nfl,2014,,Darrion Weems,DAL,RT,"$570,000"
1308,nfl,2014,,Eric Weems,ATL,WR,"$570,000"
1309,nfl,2014,,Cody White,HOU,C,"$570,000"
1310,nfl,2014,,Michael Wilhoite,SF,LB/ILB,"$570,000"
1311,nfl,2014,1312,Larry Dean,BUF,LB/OLB,"$569,118"
1312,nfl,2014,,Daniel Thomas,MIA,RB,"$569,118"
1313,nfl,2014,1314,Gabe Jackson,OAK,G,"$567,844"
1314,nfl,2014,1315,Will Sutton,CHI,DL/DT,"$566,517"
1315,nfl,2014,1316,Kareem Martin,ARI,ED/OLB,"$561,890"
1316,nfl,2014,1317,Josh Huff,PHI,WR,"$558,986"
1317,nfl,2014,1318,Terrence Brooks,BAL,FS,"$557,829"
1318,nfl,2014,1319,Phillip Gaines,KC,CB,"$557,278"
1319,nfl,2014,1320,Will Clarke,CIN,ED/DE,"$556,345"
1320,nfl,2014,1321,Chris Watt,SD,C,"$556,035"
1321,nfl,2014,1322,Donte Moncrief,IND,WR,"$555,880"
1322,nfl,2014,1323,John Brown,ARI,WR,"$555,725"
1323,nfl,2014,1324,Trai Turner,CAR,G,"$554,950"
1324,nfl,2014,1325,Brandon Linder,JAX,C,"$553,400"
1325,nfl,2014,1326,Garry Williams,CAR,G,"$551,882"
1326,nfl,2014,1327,Terrance West,CLE,RB,"$551,850"
1327,nfl,2014,1328,Michael Schofield,DEN,RT,"$550,300"
1328,nfl,2014,1329,Josh Chapman,IND,DL/DT,"$548,878"
1329,nfl,2014,1330,Tharold Simon,SEA,CB,"$546,725"
1330,nfl,2014,1331,Dri Archer,PIT,RB,"$546,504"
1331,nfl,2014,,Crockett Gillmore,BAL,T,"$546,504"
1332,nfl,2014,,Richard Rodgers,GB,TE,"$546,504"
1333,nfl,2014,,Brandon Thomas,SF,G,"$546,504"
1334,nfl,2014,1335,Montori Hughes,IND,DL/DT,"$545,493"
1335,nfl,2014,1336,Stepfan Taylor,ARI,RB,"$545,125"
1336,nfl,2014,1337,Oday Aboushi,NYJ,G,"$544,750"
1337,nfl,2014,1338,Jaylen Watkins,PHI,S,"$544,257"
1338,nfl,2014,1339,Kenny Stills,NO,WR,"$543,613"
1339,nfl,2014,1340,Johnnie Troutman,SD,G,"$542,938"
1340,nfl,2014,1341,A.J. Klein,CAR,LB/ILB,"$542,825"
1341,nfl,2014,1342,Brandon McGee,STL,CB,"$542,790"
1342,nfl,2014,1343,Darryl Sharpton,CHI,LB/ILB,"$542,588"
1343,nfl,2014,1344,Joseph Randle,DAL,RB,"$542,220"
1344,nfl,2014,1345,Stansly Maponga,ATL,DL/DE,"$541,685"
1345,nfl,2014,1346,Bashaud Breeland,WAS,CB,"$541,500"
1346,nfl,2014,1347,Devonta Freeman,ATL,RB,"$541,106"
1347,nfl,2014,1348,Jeff Locke,MIN,P,"$541,048"
1348,nfl,2014,1349,Tanner Hawkinson,CIN,G,"$540,606"
1349,nfl,2014,1350,Quinton Dial,SF,DL/DT,"$540,413"
1350,nfl,2014,1351,Luke Willson,SEA,TE,"$539,633"
1351,nfl,2014,1352,Micah Hyde,GB,SS,"$539,527"
1352,nfl,2014,1353,Bryan Stork,NE,C,"$539,250"
1353,nfl,2014,1354,Zac Stacy,STL,RB,"$539,125"
1354,nfl,2014,1355,Bruce Ellington,SF,WR,"$538,607"
1355,nfl,2014,1356,Justin Ellis,OAK,DL/DT,"$538,172"
1356,nfl,2014,1357,Ross Cockrell,BUF,CB,"$536,888"
1357,nfl,2014,1358,Eben Britton,CHI,RT,"$536,471"
1358,nfl,2014,,Larry English,TB,LB/OLB,"$536,471"
1359,nfl,2014,,Jamell Fleming,KC,S,"$536,471"
1360,nfl,2014,,Devon Still,CIN,DL/DT,"$536,471"
1361,nfl,2014,1362,Garrett Reynolds,DET,G,"$536,470"
1362,nfl,2014,1363,Jordan Mills,CHI,RT,"$536,200"
1363,nfl,2014,1364,Maurice Alexander,STL,SS,"$536,065"
1364,nfl,2014,1365,Charles Sims,TB,RB,"$535,964"
1365,nfl,2014,1366,Sam Martin,DET,P,"$535,075"
1366,nfl,2014,1367,James Harrison,PIT,ED/OLB,"$534,412"
1367,nfl,2014,1368,Eric Kush,KC,G,"$534,279"
1368,nfl,2014,1369,Russell Bodine,CIN,C,"$534,114"
1369,nfl,2014,1370,DaQuan Jones,TEN,DL/DE,"$533,850"
1370,nfl,2014,1371,Andre Williams,NYG,RB,"$533,400"
1371,nfl,2014,1372,Keith McGill,OAK,S,"$531,300"
1372,nfl,2014,1373,Vick Ballard,IND,RB,"$531,140"
1373,nfl,2014,,Josh Boyd,GB,DL/DT,"$531,140"
1374,nfl,2014,,Caleb Sturgis,MIA,K,"$531,140"
1375,nfl,2014,,Ricky Wagner,BAL,RT,"$531,140"
1376,nfl,2014,1377,Ka'Deem Carey,CHI,RB,"$530,845"
1377,nfl,2014,1378,Martavis Bryant,PIT,WR,"$529,805"
1378,nfl,2014,1379,Anthony Hitchens,DAL,LB/ILB,"$528,716"
1379,nfl,2014,1380,Logan Thomas,ARI,TE,"$528,023"
1380,nfl,2014,1381,Denard Robinson,JAX,RB,"$527,579"
1381,nfl,2014,1382,Carl Bradford,GB,ED/OLB,"$527,325"
1382,nfl,2014,1383,Josh Evans,JAX,SS,"$527,205"
1383,nfl,2014,1384,Marqueston Huff,TEN,FS,"$526,301"
1384,nfl,2014,1385,Kevin Norwood,SEA,WR,"$525,027"
1385,nfl,2014,,De'Anthony Thomas,KC,WR,"$525,027"
1386,nfl,2014,1387,Kory Sheets,OAK,RB,"$525,000"
1387,nfl,2014,1388,Walt Aikens,MIA,FS,"$523,977"
1388,nfl,2014,1389,Tourek Williams,SD,ED/OLB,"$522,515"
1389,nfl,2014,1390,Nick Moody,SF,LB/ILB,"$521,918"
1390,nfl,2014,1391,Pierre Desir,CLE,CB,"$521,903"
1391,nfl,2014,1392,Tre Boston,CAR,FS,"$521,367"
1392,nfl,2014,1393,Jerick McKinnon,MIN,RB,"$521,221"
1393,nfl,2014,1394,Mychal Rivera,OAK,TE,"$521,213"
1394,nfl,2014,1395,Andre Ellington,ARI,RB,"$520,966"
1395,nfl,2014,1396,Cornelius Washington,CHI,ED/DE,"$520,947"
1396,nfl,2014,1397,Mike James,TB,RB,"$520,788"
1397,nfl,2014,1398,Rex Burkhead,CIN,RB,"$520,550"
1398,nfl,2014,1399,Dontae Johnson,SF,CB,"$520,136"
1399,nfl,2014,1400,James White,NE,RB,"$519,272"
1400,nfl,2014,1401,Brock Vereen,CHI,FS,"$517,875"
1401,nfl,2014,1402,Theo Riddick,DET,RB,"$517,750"
1402,nfl,2014,1403,Steve Schilling,SEA,G,"$517,000"
1403,nfl,2014,1404,Ryan Griffin,HOU,TE,"$514,670"
1404,nfl,2014,,Stacy McGee,OAK,DL/DT,"$514,670"
1405,nfl,2014,,Vince Williams,PIT,LB/ILB,"$514,670"
1406,nfl,2014,1407,Brice Butler,OAK,WR,"$511,875"
1407,nfl,2014,1408,Demetrius McCray,JAX,CB,"$511,741"
1408,nfl,2014,1409,Armonty Bryant,CLE,DL/DE,"$511,375"
1409,nfl,2014,1410,Chris Gragg,BUF,TE,"$509,793"
1410,nfl,2014,1411,Sam Barrington,GB,LB/ILB,"$507,250"
1411,nfl,2014,1412,Marquess Wilson,CHI,WR,"$506,787"
1412,nfl,2014,1413,Michael Cox,NYG,RB,"$506,474"
1413,nfl,2014,,Kemal Ishmael,ATL,SS,"$506,474"
1414,nfl,2014,,Daimion Stafford,TEN,SS,"$506,474"
1415,nfl,2014,1416,Ben Jacobs,CAR,LB/ILB,"$504,000"
1416,nfl,2014,1417,Julian Stanford,DET,LB/OLB,"$502,941"
1417,nfl,2014,1418,C.J. Anderson,DEN,RB,"$499,166"
1418,nfl,2014,,Joseph Fauria,DET,TE,"$499,166"
1419,nfl,2014,1420,Tony Jefferson,ARI,SS,"$498,366"
1420,nfl,2014,1421,Benny Cunningham,STL,RB,"$498,333"
1421,nfl,2014,,Wes Horton,CAR,ED/DE,"$498,333"
1422,nfl,2014,1423,Jaron Brown,ARI,WR,"$498,000"
1423,nfl,2014,1424,Melvin White,CAR,CB,"$497,500"
1424,nfl,2014,1425,Nickell Robey-Coleman,BUF,CB,"$497,333"
1425,nfl,2014,,Lane Taylor,GB,G,"$497,333"
1426,nfl,2014,1427,Alvin Bailey,SEA,G,"$497,000"
1427,nfl,2014,1428,Jahleel Addae,SD,SS,"$496,666"
1428,nfl,2014,,Joplo Bartu,ATL,ED/OLB,"$496,666"
1429,nfl,2014,,A.J. Bouye,HOU,CB,"$496,666"
1430,nfl,2014,,Marlon Brown,BAL,WR,"$496,666"
1431,nfl,2014,,Josh Hill,NO,TE,"$496,666"
1432,nfl,2014,,Tim Lelito,NO,G,"$496,666"
1433,nfl,2014,,Matt Tobin,PHI,G,"$496,666"
1434,nfl,2014,1435,Abry Jones,JAX,DL/DT,"$495,833"
1435,nfl,2014,,LaRoy Reynolds,JAX,LB/ILB,"$495,833"
1436,nfl,2014,,Carson Tinker,JAX,LS,"$495,833"
1437,nfl,2014,,Justin Tuggle,HOU,LB/ILB,"$495,833"
1438,nfl,2014,1439,Jeff Heath,DAL,FS,"$495,666"
1439,nfl,2014,,Ryan Schraeder,ATL,RT,"$495,666"
1440,nfl,2014,,Paul Worrilow,ATL,ED/OLB,"$495,666"
1441,nfl,2014,1442,Ryan Allen,NE,P,"$495,500"
1442,nfl,2014,1443,Khiry Robinson,NO,RB,"$495,333"
1443,nfl,2014,1444,Dakota Dozier,NYJ,G,"$495,146"
1444,nfl,2014,,Cameron Fleming,NE,T,"$495,146"
1445,nfl,2014,,Tom Savage,HOU,QB,"$495,146"
1446,nfl,2014,,Prince Shembo,ATL,LB/ILB,"$495,146"
1447,nfl,2014,,Larry Webster,DET,ED/DE,"$495,146"
1448,nfl,2014,1449,Kamar Aiken,BAL,WR,"$495,000"
1449,nfl,2014,,Brandon Bair,PHI,DL/DE,"$495,000"
1450,nfl,2014,,Daren Bates,STL,LB/ILB,"$495,000"
1451,nfl,2014,,Brandon Bostick,GB,TE,"$495,000"
1452,nfl,2014,,Corbin Bryant,BUF,DL/DT,"$495,000"
1453,nfl,2014,,Derek Carrier,SF,TE,"$495,000"
1454,nfl,2014,,Stefan Charles,BUF,DL/DT,"$495,000"
1455,nfl,2014,,Derrick Coleman,SEA,FB,"$495,000"
1456,nfl,2014,,Marcus Cooper,KC,CB,"$495,000"
1457,nfl,2014,,B.J. Daniels,SEA,WR,"$495,000"
1458,nfl,2014,,Cody Davis,STL,FS,"$495,000"
1459,nfl,2014,,Ryan Davis,JAX,ED/DE,"$495,000"
1460,nfl,2014,,Kenny Demens,ARI,LB/ILB,"$495,000"
1461,nfl,2014,,Larry Donnell,NYG,TE,"$495,000"
1462,nfl,2014,,Jack Doyle,IND,TE,"$495,000"
1463,nfl,2014,,Brian Folkerts,CAR,C,"$495,000"
1464,nfl,2014,,Terence Garvin,PIT,LB/ILB,"$495,000"
1465,nfl,2014,,Garrett Gilkey,TB,G,"$495,000"
1466,nfl,2014,,Johnathan Grimes,HOU,RB,"$495,000"
1467,nfl,2014,,Saalim Hakim,NYJ,WR,"$495,000"
1468,nfl,2014,,Junior Hemingway,KC,WR,"$495,000"
1469,nfl,2014,,Chris Hogan,BUF,WR,"$495,000"
1470,nfl,2014,,Robert Hughes,ARI,RB,"$495,000"
1471,nfl,2014,,Tony Jerod-Eddie,SF,DL/DE,"$495,000"
1472,nfl,2014,,Cam Johnson,IND,ED/OLB,"$495,000"
1473,nfl,2014,,Chris Jones,NE,DL/DT,"$495,000"
1474,nfl,2014,,Senio Kelemete,NO,G,"$495,000"
1475,nfl,2014,,Josh Kline,NE,G,"$495,000"
1476,nfl,2014,,Emmanuel Lamur,CIN,LB/OLB,"$495,000"
1477,nfl,2014,,Spencer Lanning,CLE,P,"$495,000"
1478,nfl,2014,,Cameron Lawrence,DAL,LB/OLB,"$495,000"
1479,nfl,2014,,Ron Leary,DAL,G,"$495,000"
1480,nfl,2014,,Anthony Levine,BAL,LB/ILB,"$495,000"
1481,nfl,2014,,Brandon Marshall,DEN,LB/ILB,"$495,000"
1482,nfl,2014,,Josh Martin,KC,ED/OLB,"$495,000"
1483,nfl,2014,,Benson Mayowa,OAK,ED/DE,"$495,000"
1484,nfl,2014,,Matt McCants,OAK,RT,"$495,000"
1485,nfl,2014,,Bradley McDougald,TB,SS,"$495,000"
1486,nfl,2014,,Matt McGloin,OAK,QB,"$495,000"
1487,nfl,2014,,Josh McNary,IND,ED/OLB,"$495,000"
1488,nfl,2014,,David Molk,PHI,C,"$495,000"
1489,nfl,2014,,Darryl Morris,HOU,CB,"$495,000"
1490,nfl,2014,,Patrick Omameh,TB,G,"$495,000"
1491,nfl,2014,,Eddie Pleasant,HOU,FS,"$495,000"
1492,nfl,2014,,Ty Powell,BUF,LB/ILB,"$495,000"
1493,nfl,2014,,Jordan Poyer,CLE,FS,"$495,000"
1494,nfl,2014,,Ryan Quigley,NYJ,P,"$495,000"
1495,nfl,2014,,Chase Reynolds,STL,RB,"$495,000"
1496,nfl,2014,,Russell Shepard,TB,WR,"$495,000"
1497,nfl,2014,,Nathan Stupar,ATL,ED/OLB,"$495,000"
1498,nfl,2014,,Zach Sudfeld,NYJ,TE,"$495,000"
1499,nfl,2014,,Neiko Thorpe,OAK,CB,"$495,000"
1500,nfl,2014,,Brynden Trawick,BAL,SS,"$495,000"
1501,nfl,2014,,Joe Vellano,NE,DL/DT,"$495,000"
1502,nfl,2014,,B.W. Webb,PIT,CB,"$495,000"
1503,nfl,2014,,Griff Whalen,IND,WR,"$495,000"
1504,nfl,2014,,Fozzy Whittaker,CAR,RB,"$495,000"
1505,nfl,2014,,Brandon Williams,CAR,TE,"$495,000"
1506,nfl,2014,,Tim Wright,NE,TE,"$495,000"
1507,nfl,2014,1508,Ace  Sanders,JAX,WR,"$491,811"
1508,nfl,2014,1509,Ahmad Bradshaw,IND,RB,"$486,353"
1509,nfl,2014,1510,Earl Wolff,PHI,SS,"$485,529"
1510,nfl,2014,1511,Lorenzo Taliaferro,BAL,RB,"$481,381"
1511,nfl,2014,1512,Michael Mauti,MIN,LB/OLB,"$479,447"
1512,nfl,2014,1513,LaAdrian Waddle,DET,RT,"$477,509"
1513,nfl,2014,1514,Taylor Hart,PHI,T,"$473,878"
1514,nfl,2014,1515,Ryan Grant,WAS,WR,"$473,403"
1515,nfl,2014,1516,Telvin Smith,JAX,LB/OLB,"$472,763"
1516,nfl,2014,1517,Tony Hills,DAL,LT,"$472,353"
1517,nfl,2014,1518,David Yankey,MIN,G,"$471,725"
1518,nfl,2014,1519,Devin Street,DAL,WR,"$470,493"
1519,nfl,2014,1520,Bene Benwikere,CAR,CB,"$469,750"
1520,nfl,2014,1521,Kevin Pamphile,TB,G,"$469,625"
1521,nfl,2014,1522,Aaron Lynch,SF,DL/DE,"$469,500"
1522,nfl,2014,1523,Josh Bynes,DET,LB/OLB,"$469,412"
1523,nfl,2014,,Sherrod Martin,JAX,SS,"$469,412"
1524,nfl,2014,,Louis Murphy,TB,WR,"$469,412"
1525,nfl,2014,,Ryan Pickett,HOU,DL/DT,"$469,412"
1526,nfl,2014,,Brandian Ross,OAK,CB,"$469,412"
1527,nfl,2014,1528,Chase Coffman,TEN,TE,"$469,411"
1528,nfl,2014,,Lawrence Guy,BAL,DL/DE,"$469,411"
1529,nfl,2014,1530,Avery Williamson,TEN,LB/ILB,"$468,613"
1530,nfl,2014,1531,Nat Berhe,NYG,SS,"$468,200"
1531,nfl,2014,,Steve Williams,SD,CB,"$468,200"
1532,nfl,2014,1533,Cyril Richardson,BUF,G,"$468,000"
1533,nfl,2014,,Quanterus Smith,DEN,ED/DE,"$468,000"
1534,nfl,2014,1535,Lamin Barrow,DEN,LB/ILB,"$467,790"
1535,nfl,2014,1536,Louis Nix,HOU,DL/DT,"$467,460"
1536,nfl,2014,1537,Caraun Reid,DET,ED/DE,"$467,220"
1537,nfl,2014,1538,Corey Linsley,GB,C,"$466,250"
1538,nfl,2014,1539,Emmanuel Acho,PHI,LB/ILB,"$465,882"
1539,nfl,2014,,Joe Banyard,MIN,RB,"$465,882"
1540,nfl,2014,1541,Aaron Murray,KC,QB,"$465,606"
1541,nfl,2014,1542,Ryan Carrethers,SD,DL/DT,"$464,633"
1542,nfl,2014,1543,Jonathan Newsome,IND,ED/OLB,"$464,527"
1543,nfl,2014,1544,Aaron Colvin,JAX,CB,"$464,464"
1544,nfl,2014,1545,Vinnie Sunseri,NO,SS,"$464,125"
1545,nfl,2014,1546,Ronald Powell,NO,ED/OLB,"$462,215"
1546,nfl,2014,1547,Cassius Marsh,SEA,LB/OLB,"$461,857"
1547,nfl,2014,1548,Keith Reaser,SF,CB,"$461,200"
1548,nfl,2014,1549,Jordan Tripp,MIA,LB/ILB,"$460,700"
1549,nfl,2014,1550,Jayson Dimanche,CIN,LB/ILB,"$458,353"
1550,nfl,2014,1551,Devon Kennard,NYG,LB/OLB,"$456,140"
1551,nfl,2014,,John Urschel,BAL,G,"$456,140"
1552,nfl,2014,1553,James Dockery,CAR,CB,"$455,294"
1553,nfl,2014,1554,Ed Stinson,ARI,DL/DE,"$452,920"
1554,nfl,2014,1555,Dexter McDougle,NYJ,CB,"$452,719"
1555,nfl,2014,1556,Jeoffrey Pagan,HOU,DL/DE,"$452,205"
1556,nfl,2014,1557,Zach Mettenberger,TEN,QB,"$451,279"
1557,nfl,2014,1558,Alfred Blue,HOU,RB,"$449,483"
1558,nfl,2014,1559,Antone Exum,MIN,FS,"$448,947"
1559,nfl,2014,1560,David Quessenberry,HOU,LT,"$448,363"
1560,nfl,2014,1561,Robert Herron,TB,WR,"$448,000"
1561,nfl,2014,1562,E.J. Gaines,STL,CB,"$446,918"
1562,nfl,2014,1563,Latavius Murray,OAK,RB,"$446,550"
1563,nfl,2014,1564,Pat O'Donnell,CHI,P,"$446,327"
1564,nfl,2014,1565,Zach Fulton,KC,G,"$446,055"
1565,nfl,2014,1566,Demetri Goodson,GB,CB,"$445,788"
1566,nfl,2014,1567,Zach Moore,NE,ED/DE,"$445,550"
1567,nfl,2014,1568,Laurent Duvernay-Tardif,KC,G,"$445,075"
1568,nfl,2014,1569,Khyri Thornton,GB,DL/DT,"$443,813"
1569,nfl,2014,1570,Luke Bowanko,JAX,C,"$443,513"
1570,nfl,2014,1571,Eric Pinkins,SEA,SS,"$442,058"
1571,nfl,2014,1572,Shaun Phillips,IND,DL/DE,"$441,176"
1572,nfl,2014,1573,IK Enemkpali,NYJ,ED/OLB,"$439,670"
1573,nfl,2014,,Marquis Flowers,CIN,LB/OLB,"$439,670"
1574,nfl,2014,,Daniel McCullers,PIT,DL/DT,"$439,670"
1575,nfl,2014,,Jay Prosch,HOU,FB,"$439,670"
1576,nfl,2014,1577,Andre Hal,HOU,FS,"$437,281"
1577,nfl,2014,1578,Jeremy Harris,JAX,CB,"$437,225"
1578,nfl,2014,1579,Joe McKnight,KC,RB,"$437,000"
1579,nfl,2014,1580,Michael Campanaro,BAL,WR,"$436,875"
1580,nfl,2014,1581,Chris Lewis-Harris,CIN,CB,"$436,765"
1581,nfl,2014,1582,Kevin Brock,CIN,TE,"$436,764"
1582,nfl,2014,1583,Travis Carrie,OAK,CB,"$436,741"
1583,nfl,2014,1584,Jerome Couplin,PHI,FS,"$436,666"
1584,nfl,2014,1585,Shamar Stephen,MIN,DL/DT,"$436,287"
1585,nfl,2014,1586,Randell Johnson,BUF,LB/OLB,"$435,933"
1586,nfl,2014,1587,John Conner,NYJ,FB,"$435,882"
1587,nfl,2014,,T.J. Graham,NYJ,WR,"$435,882"
1588,nfl,2014,,Harland Gunn,ATL,G,"$435,882"
1589,nfl,2014,,Marlon Moore,CLE,WR,"$435,882"
1590,nfl,2014,1591,Storm Johnson,JAX,RB,"$435,682"
1591,nfl,2014,1592,Brandon Watts,MIN,LB/OLB,"$435,612"
1592,nfl,2014,1593,Beau Allen,PHI,DL/DT,"$435,562"
1593,nfl,2014,1594,Jabari Price,MIN,CB,"$435,455"
1594,nfl,2014,1595,Trevor Reilly,NYJ,ED/OLB,"$434,212"
1595,nfl,2014,1596,Terrence Fede,MIA,ED/DE,"$433,988"
1596,nfl,2014,1597,Jeff Janis,GB,WR,"$432,848"
1597,nfl,2014,1598,Seantrel Henderson,BUF,RT,"$432,720"
1598,nfl,2014,1599,James Wright,CIN,WR,"$432,456"
1599,nfl,2014,1600,Corey Nelson,DEN,LB/ILB,"$432,150"
1600,nfl,2014,1601,Edmund Kugbila,CAR,G,"$432,114"
1601,nfl,2014,1602,Trey Millard,SF,FB,"$431,787"
1602,nfl,2014,1603,Charles Leno,CHI,LT,"$431,628"
1603,nfl,2014,1604,Sean Renfree,ATL,QB,"$431,474"
1604,nfl,2014,,Tyler Starr,ATL,ED/OLB,"$431,474"
1605,nfl,2014,1606,Brenton Bersin,CAR,WR,"$429,500"
1606,nfl,2014,1607,Dontrelle Inman,SD,WR,"$427,500"
1607,nfl,2014,1608,Cornelius Lucas,DET,RT,"$426,666"
1608,nfl,2014,,Ethan Westbrooks,STL,ED/DE,"$426,666"
1609,nfl,2014,1610,Kenneth Boatright,DAL,ED/DE,"$426,000"
1610,nfl,2014,1611,Lerentee McCray,DEN,LB/OLB,"$425,666"
1611,nfl,2014,1612,Corey Brown,CAR,WR,"$425,000"
1612,nfl,2014,,Marcus Roberson,STL,CB,"$425,000"
1613,nfl,2014,1614,Tenny Palepoi,SD,DL/DT,"$424,166"
1614,nfl,2014,1615,Garry Gilliam,SEA,RT,"$424,000"
1615,nfl,2014,,Andrew Norwell,CAR,G,"$424,000"
1616,nfl,2014,1617,Alex Bayer,STL,TE,"$423,333"
1617,nfl,2014,,Isaiah Crowell,CLE,RB,"$423,333"
1618,nfl,2014,,Ryan Hewitt,CIN,FB,"$423,333"
1619,nfl,2014,,Albert Wilson,KC,WR,"$423,333"
1620,nfl,2014,1621,James Hurst,BAL,RT,"$423,000"
1621,nfl,2014,1622,Silas Redd,WAS,RB,"$422,666"
1622,nfl,2014,1623,Trey Burton,PHI,TE,"$422,500"
1623,nfl,2014,,Jonotthan Harrison,IND,C,"$422,500"
1624,nfl,2014,,Kerry Wynn,NYG,ED/DE,"$422,500"
1625,nfl,2014,1626,Christian Jones,CHI,LB/ILB,"$422,333"
1626,nfl,2014,1627,Marcus Ball,NO,FS,"$422,000"
1627,nfl,2014,,Chris Davis,SD,CB,"$422,000"
1628,nfl,2014,,Kasim Edebali,NO,ED/OLB,"$422,000"
1629,nfl,2014,,Zach Kerr,IND,DL/DE,"$422,000"
1630,nfl,2014,,L.J. McCray,SF,SS,"$422,000"
1631,nfl,2014,,Trey Watts,STL,RB,"$422,000"
1632,nfl,2014,1633,Brian Dixon,NO,CB,"$421,666"
1633,nfl,2014,,Jayrone Elliott,GB,ED/OLB,"$421,666"
1634,nfl,2014,,Dillon Farrell,SF,C,"$421,666"
1635,nfl,2014,,Allen Hurns,JAX,WR,"$421,666"
1636,nfl,2014,,Michael Ola,CHI,T,"$421,666"
1637,nfl,2014,,Tyler Shatley,JAX,G,"$421,666"
1638,nfl,2014,,Damien Williams,MIA,RB,"$421,666"
1639,nfl,2014,1640,James Stone,ATL,C,"$421,333"
1640,nfl,2014,1641,Mike Pennel,GB,DL/DE,"$421,166"
1641,nfl,2014,,Juwan Thompson,DEN,RB,"$421,166"
1642,nfl,2014,1643,Brock Coyle,SEA,LB/ILB,"$421,000"
1643,nfl,2014,,Zach Orr,BAL,LB/ILB,"$421,000"
1644,nfl,2014,,Josh Wells,JAX,RT,"$421,000"
1645,nfl,2014,1646,Anthony Johnson,MIA,ED/DE,"$420,666"
1646,nfl,2014,,Cairo Santos,KC,K,"$420,666"
1647,nfl,2014,1648,Chandler Catanzaro,ARI,K,"$420,500"
1648,nfl,2014,1649,Jeff Adams,HOU,G,"$420,000"
1649,nfl,2014,,T.J. Barnes,NYJ,DL/DT,"$420,000"
1650,nfl,2014,,Marcus Burley,SEA,CB,"$420,000"
1651,nfl,2014,,Malcolm Butler,NE,CB,"$420,000"
1652,nfl,2014,,Glenn Carson,ARI,LB/ILB,"$420,000"
1653,nfl,2014,,Will Compton,WAS,LB/ILB,"$420,000"
1654,nfl,2014,,Paul Cornick,DEN,RT,"$420,000"
1655,nfl,2014,,Andrew DePaola,TB,LS,"$420,000"
1656,nfl,2014,,Jordan Devey,NE,G,"$420,000"
1657,nfl,2014,,Brandon Dixon,TB,CB,"$420,000"
1658,nfl,2014,,Darren Fells,ARI,TE,"$420,000"
1659,nfl,2014,,David Foucault,CAR,T,"$420,000"
1660,nfl,2014,,Dalton Freeman,NYJ,C,"$420,000"
1661,nfl,2014,,Corey Fuller,DET,WR,"$420,000"
1662,nfl,2014,,Taylor Gabriel,CLE,WR,"$420,000"
1663,nfl,2014,,Ben Garland,DEN,G,"$420,000"
1664,nfl,2014,,Jordan Gay,BUF,K,"$420,000"
1665,nfl,2014,,Garth Gerhart,GB,C,"$420,000"
1666,nfl,2014,,Frankie Hammond,KC,WR,"$420,000"
1667,nfl,2014,,Donald Hawkins,DAL,G,"$420,000"
1668,nfl,2014,,Cooper Helfet,SEA,TE,"$420,000"
1669,nfl,2014,,Chris Hubbard,PIT,RT,"$420,000"
1670,nfl,2014,,Austin Johnson,NO,FB,"$420,000"
1671,nfl,2014,,T.J. Johnson,CIN,C,"$420,000"
1672,nfl,2014,,Kyle Knox,NO,ED/OLB,"$420,000"
1673,nfl,2014,,Brian Leonhardt,OAK,TE,"$420,000"
1674,nfl,2014,,Chris McCain,MIA,LB/OLB,"$420,000"
1675,nfl,2014,,Jamie Meder,CLE,DL/DE,"$420,000"
1676,nfl,2014,,Henoc Muamba,IND,LB/ILB,"$420,000"
1677,nfl,2014,,Patrick Murray,TB,K,"$420,000"
1678,nfl,2014,,Robert Nelson,CLE,CB,"$420,000"
1679,nfl,2014,,Branden Oliver,SD,RB,"$420,000"
1680,nfl,2014,,Vinston Painter,CLE,RT,"$420,000"
1681,nfl,2014,,Cody Parkey,PHI,K,"$420,000"
1682,nfl,2014,,Tyler Patmon,DAL,CB,"$420,000"
1683,nfl,2014,,Senorise Perry,CHI,RB,"$420,000"
1684,nfl,2014,,Walter Powell,NYJ,WR,"$420,000"
1685,nfl,2014,,Colton Schmidt,BUF,P,"$420,000"
1686,nfl,2014,,Adam Thielen,MIN,WR,"$420,000"
1687,nfl,2014,,Corey Washington,NYG,WR,"$420,000"
1688,nfl,2014,,Tress Way,WAS,P,"$420,000"
1689,nfl,2014,,K'Waun Williams,CLE,CB,"$420,000"
1690,nfl,2014,,Brad Wing,PIT,P,"$420,000"
1691,nfl,2014,,Glenn Winston,CLE,RB,"$420,000"
1692,nfl,2014,1693,Sione Fua,CLE,DL/DT,"$417,353"
1693,nfl,2014,,Greg Little,CIN,WR,"$417,353"
1694,nfl,2014,1695,Drew Davis,ATL,WR,"$416,647"
1695,nfl,2014,1696,Shaquelle Evans,NYJ,WR,"$415,725"
1696,nfl,2014,1697,Dekoda Watson,DAL,LB/OLB,"$411,765"
1697,nfl,2014,1698,Xavier Nixon,IND,LT,"$411,706"
1698,nfl,2014,,Michael Thomas,MIA,FS,"$411,706"
1699,nfl,2014,1700,Chase Ford,MIN,TE,"$407,647"
1700,nfl,2014,1701,Brandon Magee,TB,LB/ILB,"$405,529"
1701,nfl,2014,1702,Jonathan Dowling,OAK,FS,"$403,945"
1702,nfl,2014,1703,Ronnie Brown,SD,RB,"$402,353"
1703,nfl,2014,,Will Herring,STL,LB,"$402,353"
1704,nfl,2014,,Matt Prater,DET,K,"$402,353"
1705,nfl,2014,1706,Marcus Benard,ARI,ED/OLB,"$402,352"
1706,nfl,2014,,Trevor Robinson,SD,C,"$402,352"
1707,nfl,2014,1708,Kevin Pierre-Louis,SEA,LB/OLB,"$399,413"
1708,nfl,2014,1709,Jermaine Cunningham,NYJ,DL/DE,"$398,000"
1709,nfl,2014,1710,Jacquies Smith,TB,LB/OLB,"$395,294"
1710,nfl,2014,1711,Glenn Foster,NO,DL/DE,"$393,215"
1711,nfl,2014,1712,Nevin Lawson,DET,CB,"$391,911"
1712,nfl,2014,1713,Jonathan Meeks,BUF,FS,"$388,324"
1713,nfl,2014,1714,Charles Godfrey,ATL,SS,"$386,471"
1714,nfl,2014,1715,Jorvorskie Lane,TB,FB,"$384,706"
1715,nfl,2014,1716,Michael Buchanan,NE,ED/DE,"$383,462"
1716,nfl,2014,1717,Christo Bilukidi,BAL,DL/DT,"$383,333"
1717,nfl,2014,1718,Josh Aubrey,HOU,SS,"$378,529"
1718,nfl,2014,,Rodney Smith,CLE,WR,"$378,529"
1719,nfl,2014,,Brian Tyms,NE,WR,"$378,529"
1720,nfl,2014,1721,Brent Urban,BAL,DL/DE,"$378,146"
1721,nfl,2014,1722,Tommy Bohanon,NYJ,FB,"$375,209"
1722,nfl,2014,1723,Sealver Siliga,NE,DL/DT,"$374,824"
1723,nfl,2014,1724,Kassim Osgood,SF,WR,"$374,471"
1724,nfl,2014,1725,Zach Miller,CHI,TE,"$373,000"
1725,nfl,2014,,Jordan Norwood,DEN,WR,"$373,000"
1726,nfl,2014,1727,Demetrius Harris,KC,TE,"$371,824"
1727,nfl,2014,1728,Demontre Hurst,CHI,CB,"$370,588"
1728,nfl,2014,,Andrew Jackson,IND,LB/ILB,"$370,588"
1729,nfl,2014,,Charles Johnson,MIN,WR,"$370,588"
1730,nfl,2014,,Mohammed Seisay,DET,CB,"$370,588"
1731,nfl,2014,1732,A.J. McCarron,CIN,QB,"$369,060"
1732,nfl,2014,1733,Will Hill,BAL,SS,"$368,824"
1733,nfl,2014,1734,Kevin Ogletree,NYG,WR,"$368,823"
1734,nfl,2014,,Greg Scruggs,SEA,ED/DE,"$368,823"
1735,nfl,2014,,Will Svitek,TEN,LT,"$368,823"
1736,nfl,2014,,Julian Vandervelde,PHI,C,"$368,823"
1737,nfl,2014,1738,Sanders Commings,KC,FS,"$364,878"
1738,nfl,2014,1739,Cooper Taylor,NYG,FS,"$364,813"
1739,nfl,2014,1740,TJ Jones,DET,WR,"$363,962"
1740,nfl,2014,1741,Mike Gillislee,MIA,RB,"$358,700"
1741,nfl,2014,1742,Kadeem Edwards,TB,G,"$356,000"
1742,nfl,2014,1743,Jesse Williams,SEA,DL/DT,"$355,763"
1743,nfl,2014,1744,Arthur Lynch,MIA,TE,"$350,825"
1744,nfl,2014,1745,Ray-Ray Armstrong,OAK,LB/OLB,"$349,412"
1745,nfl,2014,,Zach Line,MIN,FB,"$349,412"
1746,nfl,2014,1747,Drew Butler,ARI,P,"$349,411"
1747,nfl,2014,,Patrick Lewis,SEA,C,"$349,411"
1748,nfl,2014,,John Simon,HOU,ED/OLB,"$349,411"
1749,nfl,2014,,Kenbrell Thompkins,OAK,WR,"$349,411"
1750,nfl,2014,,Ross Ventrone,PIT,SS,"$349,411"
1751,nfl,2014,1752,Nick Kasa,OAK,TE,"$348,150"
1752,nfl,2014,1753,Jeremiah George,JAX,LB/ILB,"$345,882"
1753,nfl,2014,,Marion Grice,ARI,RB,"$345,882"
1754,nfl,2014,,Nic Jacobs,JAX,TE,"$345,882"
1755,nfl,2014,,Austin Wentworth,MIN,RT,"$345,882"
1756,nfl,2014,1757,Marquis Spruill,ATL,LB/ILB,"$345,870"
1757,nfl,2014,1758,DeVonte Holloman,DAL,LB/OLB,"$344,055"
1758,nfl,2014,1759,Mike Catapano,KC,DL/DE,"$343,281"
1759,nfl,2014,1760,Nate Palmer,GB,LB/ILB,"$342,724"
1760,nfl,2014,1761,Tommie Campbell,JAX,CB,"$341,470"
1761,nfl,2014,,Will Tukuafu,SEA,FB,"$341,470"
1762,nfl,2014,1763,Andy Mulumba,GB,ED/OLB,"$340,490"
1763,nfl,2014,1764,Kapron Lewis-Moore,BAL,DL/DE,"$340,058"
1764,nfl,2014,1765,Jared Abbrederis,GB,WR,"$339,140"
1765,nfl,2014,1766,Kaleb Ramsey,SF,DL/DT,"$335,697"
1766,nfl,2014,1767,Josh Johnson,SF,QB,"$335,294"
1767,nfl,2014,,Orie Lemon,TB,LB/ILB,"$335,294"
1768,nfl,2014,,Chris Scott,CAR,G,"$335,294"
1769,nfl,2014,,Jonathan Scott,ATL,LT,"$335,294"
1770,nfl,2014,,Raymond Ventrone,SF,S,"$335,294"
1771,nfl,2014,1772,Kenneth Acker,SF,CB,"$333,150"
1772,nfl,2014,1773,Aaron Morgan,IND,DL/DE,"$333,000"
1773,nfl,2014,,Fendi Onobun,JAX,TE,"$333,000"
1774,nfl,2014,,Andre Smith,CLE,TE,"$333,000"
1775,nfl,2014,1776,Zeke Motta,ATL,S,"$329,474"
1776,nfl,2014,1777,Jordan Zumwalt,PIT,LB/ILB,"$329,213"
1777,nfl,2014,1778,Alan Bonner,HOU,WR,"$327,250"
1778,nfl,2014,1779,Tyler Bray,KC,QB,"$321,333"
1779,nfl,2014,1780,Craig Loston,JAX,SS,"$321,176"
1780,nfl,2014,,Dewey McDonald,IND,ED/OLB,"$321,176"
1781,nfl,2014,,Jumal Rolle,HOU,CB,"$321,176"
1782,nfl,2014,,George Winn,DET,RB,"$321,176"
1783,nfl,2014,1784,Isaiah Frey,TB,CB,"$320,294"
1784,nfl,2014,,Nico Johnson,CIN,LB/ILB,"$320,294"
1785,nfl,2014,,Ryan Seymour,CLE,G,"$320,294"
1786,nfl,2014,1787,Daniel Adongo,IND,ED/OLB,"$318,000"
1787,nfl,2014,,Michael Bowie,CLE,RT,"$318,000"
1788,nfl,2014,,Mason Brodine,STL,ED/DE,"$318,000"
1789,nfl,2014,,Mario Butler,BUF,CB,"$318,000"
1790,nfl,2014,,Darius Eubanks,CLE,S,"$318,000"
1791,nfl,2014,,A.J. Francis,MIA,ED/DE,"$318,000"
1792,nfl,2014,,David Gilreath,SEA,WR,"$318,000"
1793,nfl,2014,,Kevin Hughes,CAR,T,"$318,000"
1794,nfl,2014,,John Lotulelei,JAX,LB/OLB,"$318,000"
1795,nfl,2014,,Jeris Pendleton,IND,DL/DT,"$318,000"
1796,nfl,2014,,Josh Samuda,MIN,C,"$318,000"
1797,nfl,2014,1798,Ben Gardner,DAL,ED/DE,"$317,793"
1798,nfl,2014,1799,Ulrick John,IND,LT,"$317,462"
1799,nfl,2014,1800,Sammy Seamster,MIA,CB,"$316,765"
1800,nfl,2014,1801,Lonnie Ballentine,HOU,FS,"$314,474"
1801,nfl,2014,,Demetrius Rhaney,STL,C,"$314,474"
1802,nfl,2014,1803,Cameron Gordon,NE,LB/OLB,"$308,000"
1803,nfl,2014,,Trey Hopkins,CIN,G,"$308,000"
1804,nfl,2014,1805,Adrian Davis,NO,CB,"$306,334"
1805,nfl,2014,1806,Gabe Ikard,TEN,C,"$306,333"
1806,nfl,2014,,Davonte Wallace,MIA,G,"$306,333"
1807,nfl,2014,1808,Bryan Witzmann,HOU,G,"$305,666"
1808,nfl,2014,1809,Josh Stewart,TEN,WR,"$305,500"
1809,nfl,2014,1810,Damian Copeland,JAX,WR,"$304,666"
1810,nfl,2014,,Fou Fonoti,SF,RT,"$304,666"
1811,nfl,2014,,Rashaad Reynolds,JAX,CB,"$304,666"
1812,nfl,2014,,Mike Taylor,SEA,LB/OLB,"$304,666"
1813,nfl,2014,1814,Ty Zimmerman,NO,SS,"$304,500"
1814,nfl,2014,1815,Jeremy Butler,BAL,WR,"$304,333"
1815,nfl,2014,1816,Alvin Scioneaux,SD,LB/ILB,"$304,000"
1816,nfl,2014,1817,Kenny Anunike,DEN,ED/DE,"$303,833"
1817,nfl,2014,,Ricky Tjong-A-Tjoe,SD,DL/DT,"$303,833"
1818,nfl,2014,1819,Kamal Johnson,MIA,DL/DT,"$303,666"
1819,nfl,2014,1820,Chykie Brown,NYG,CB,"$303,529"
1820,nfl,2014,,Tony Moeaki,SEA,TE,"$303,529"
1821,nfl,2014,,Chris Prosinski,PHI,SS,"$303,529"
1822,nfl,2014,1823,Aaron Adams,GB,G,"$303,000"
1823,nfl,2014,,Courtney Bridget,WAS,CB,"$303,000"
1824,nfl,2014,,Bryant Browning,PIT,LT,"$303,000"
1825,nfl,2014,,Tyler Gaffney,NE,RB,"$303,000"
1826,nfl,2014,,Rogers Gaines,NYG,LT,"$303,000"
1827,nfl,2014,,Matt Hall,IND,RT,"$303,000"
1828,nfl,2014,,Marcus Harris,NYG,WR,"$303,000"
1829,nfl,2014,,Travis Howard,NYG,CB,"$303,000"
1830,nfl,2014,,Chuck Jacobs,SF,WR,"$303,000"
1831,nfl,2014,,Shawn Loiseau,IND,LB,"$303,000"
1832,nfl,2014,,Travis Long,PHI,ED/OLB,"$303,000"
1833,nfl,2014,,James Morris,NE,LB/ILB,"$303,000"
1834,nfl,2014,,Greg Orton,NE,WR,"$303,000"
1835,nfl,2014,,Jerry Rice Jr.,WAS,WR,"$303,000"
1836,nfl,2014,,Antonio Richardson,MIN,RT,"$303,000"
1837,nfl,2014,,Damik Scafe,SD,DL/DE,"$303,000"
1838,nfl,2014,,Andy Tanner,NO,WR,"$303,000"
1839,nfl,2014,,Eddie Whitley,ARI,S,"$303,000"
1840,nfl,2014,,John Youboty,DEN,ED/DE,"$303,000"
1841,nfl,2014,1842,Alan Branch,NE,DL/DT,"$301,765"
1842,nfl,2014,1843,Joshua Cribbs,IND,WR,"$301,764"
1843,nfl,2014,,Mike Harris,NYG,CB,"$301,764"
1844,nfl,2014,1845,Jamarca Sanford,NO,SS,"$300,588"
1845,nfl,2014,1846,Garrett Scott,SEA,LT,"$298,171"
1846,nfl,2014,1847,DeDe Lattimore,CHI,LB/ILB,"$296,470"
1847,nfl,2014,,Al Louis-Jean,CHI,CB,"$296,470"
1848,nfl,2014,1849,Luther Robinson,GB,DL/DT,"$293,647"
1849,nfl,2014,1850,Larry Asante,OAK,SS,"$293,471"
1850,nfl,2014,1851,Jonas Gray,NE,RB,"$271,765"
1851,nfl,2014,1852,Chandler Fenner,NYG,CB,"$271,764"
1852,nfl,2014,,Wesley Johnson,NYJ,C,"$271,764"
1853,nfl,2014,,Terrance Mitchell,CHI,CB,"$271,764"
1854,nfl,2014,,Adarius Taylor,CAR,LB/OLB,"$271,764"
1855,nfl,2014,1856,Andre Fluellen,DET,DL/DT,"$268,235"
1856,nfl,2014,,Bryan Walters,SEA,WR,"$268,235"
1857,nfl,2014,1858,Josh Brent,DAL,DL/DT,"$265,588"
1858,nfl,2014,,Alfonso Smith,SF,RB,"$265,588"
1859,nfl,2014,1860,Leon McFadden,SF,CB,"$262,059"
1860,nfl,2014,1861,Robert Lester,CAR,SS,"$262,058"
1861,nfl,2014,,Mike Remmers,CAR,RT,"$262,058"
1862,nfl,2014,,Matt Simms,NYJ,QB,"$262,058"
1863,nfl,2014,,Brandon Washington,STL,RT,"$262,058"
1864,nfl,2014,1865,LeGarrette Blount,NE,RB,"$257,647"
1865,nfl,2014,1866,Jason Avant,KC,WR,"$251,471"
1866,nfl,2014,1867,Chris Smith,JAX,ED/DE,"$247,059"
1867,nfl,2014,1868,Antonio Andrews,TEN,RB,"$247,058"
1868,nfl,2014,,Denico Autry,OAK,ED/DE,"$247,058"
1869,nfl,2014,,Akeem Davis,WAS,SS,"$247,058"
1870,nfl,2014,,T.J. Fatinikun,TB,ED/DE,"$247,058"
1871,nfl,2014,1872,Kevin Dorsey,GB,WR,"$241,412"
1872,nfl,2014,1873,LaMichael James,MIA,RB,"$234,706"
1873,nfl,2014,,Ryan Lindley,ARI,QB,"$234,706"
1874,nfl,2014,,Teddy Williams,JAX,CB,"$234,706"
1875,nfl,2014,1876,Kenny Ladler,BUF,SS,"$234,529"
1876,nfl,2014,1877,Kevin McDermott,BAL,LS,"$233,294"
1877,nfl,2014,1878,David Bass,CHI,ED/DE,"$232,941"
1878,nfl,2014,,Nick Becton,NO,LT,"$232,941"
1879,nfl,2014,,Jordan Kovacs,MIA,SS,"$232,941"
1880,nfl,2014,,Rashaan Melvin,BAL,CB,"$232,941"
1881,nfl,2014,,Damion Square,SD,DL/DT,"$232,941"
1882,nfl,2014,1883,Danny Gorrer,BAL,CB,"$226,412"
1883,nfl,2014,1884,Daniel Sorensen,KC,SS,"$222,352"
1884,nfl,2014,,Phillip Thomas,WAS,SS,"$222,352"
1885,nfl,2014,,Korey Toomer,STL,LB/ILB,"$222,352"
1886,nfl,2014,,Marcus Williams,NYJ,CB,"$222,352"
1887,nfl,2014,1888,Frank Alexander,CAR,ED/DE,"$218,151"
1888,nfl,2014,1889,Connor Barth,DEN,K,"$214,706"
1889,nfl,2014,,R.J. Stanford,MIA,CB,"$214,706"
1890,nfl,2014,1891,Moise Fokou,NO,LB/ILB,"$201,176"
1891,nfl,2014,,Marc Mariani,CHI,WR,"$201,176"
1892,nfl,2014,,Jeremy Stewart,DEN,RB,"$201,176"
1893,nfl,2014,1894,Blake Annen,CHI,TE,"$197,647"
1894,nfl,2014,1895,Jalil Brown,IND,CB,"$189,705"
1895,nfl,2014,,Thaddeus Lewis,HOU,QB,"$189,705"
1896,nfl,2014,,Eric Olsen,TEN,C,"$189,705"
1897,nfl,2014,1898,Brett Brackett,TEN,TE,"$183,882"
1898,nfl,2014,,Khairi Fortt,JAX,LB/OLB,"$183,882"
1899,nfl,2014,1900,Bacarri Rambo,BUF,SS,"$174,706"
1900,nfl,2014,1901,MarQueis Gray,BUF,TE,"$174,705"
1901,nfl,2014,,De'Andre Presley,CAR,WR,"$174,705"
1902,nfl,2014,1903,Max Bullough,HOU,LB/ILB,"$172,941"
1903,nfl,2014,,Orleans Darkwa,NYG,RB,"$172,941"
1904,nfl,2014,,Todd Davis,DEN,LB/ILB,"$172,941"
1905,nfl,2014,,Ryan Groy,CHI,G,"$172,941"
1906,nfl,2014,,Josh Mauro,ARI,DL/DT,"$172,941"
1907,nfl,2014,,Justin Perillo,GB,TE,"$172,941"
1908,nfl,2014,,Charcandrick West,KC,RB,"$172,941"
1909,nfl,2014,1910,Clifton Geathers,PIT,DL/DE,"$171,765"
1910,nfl,2014,1911,Tramain Jacobs,BAL,CB,"$170,118"
1911,nfl,2014,1912,Kaelin Burnett,TEN,ED/OLB,"$167,647"
1912,nfl,2014,,Dontay Moch,TEN,DL/DE,"$167,647"
1913,nfl,2014,,Marcus Thigpen,BUF,WR,"$167,647"
1914,nfl,2014,1915,Anthony Walters,CHI,SS,"$151,765"
1915,nfl,2014,1916,Chris Carter,CIN,LB/ILB,"$151,764"
1916,nfl,2014,,Richard Gordon,KC,TE,"$151,764"
1917,nfl,2014,1918,Montell Owens,CHI,FB,"$150,882"
1918,nfl,2014,1919,Terrence Frederick,NO,CB,"$148,235"
1919,nfl,2014,,Josh Harris,PIT,RB,"$148,235"
1920,nfl,2014,,Jalen Saunders,NO,WR,"$148,235"
1921,nfl,2014,,Justin Staples,TEN,ED/OLB,"$148,235"
1922,nfl,2014,,Zurlon Tipton,IND,RB,"$148,235"
1923,nfl,2014,,Pierre Warren,NO,FS,"$148,235"
1924,nfl,2014,1925,Rodney Austin,DET,G,"$145,588"
1925,nfl,2014,,Don Jones,MIA,FS,"$145,588"
1926,nfl,2014,,Ricky Lumpkin,OAK,DL/DT,"$145,588"
1927,nfl,2014,,Chris Pantale,NYJ,TE,"$145,588"
1928,nfl,2014,1929,Jay Feely,CHI,K,"$134,118"
1929,nfl,2014,,Chris Ogbonnaya,NYG,RB,"$134,118"
1930,nfl,2014,,Eric Winston,CIN,RT,"$134,118"
1931,nfl,2014,1932,Shaun Draughn,CLE,RB,"$134,117"
1932,nfl,2014,,Chris Owusu,NYJ,WR,"$134,117"
1933,nfl,2014,,Justin Trattou,MIN,ED/DE,"$134,117"
1934,nfl,2014,1935,Chris Clemons,ARI,FS,"$128,824"
1935,nfl,2014,,Garret Hartley,CLE,K,"$128,824"
1936,nfl,2014,1937,Jamon Meredith,TEN,RT,"$128,823"
1937,nfl,2014,1938,Josh Allen,TB,C,"$123,529"
1938,nfl,2014,,George Atkinson,OAK,RB,"$123,529"
1939,nfl,2014,,Cameron Brate,TB,TE,"$123,529"
1940,nfl,2014,,Asante Cleveland,SF,TE,"$123,529"
1941,nfl,2014,,Justice Cunningham,STL,TE,"$123,529"
1942,nfl,2014,,Brandon Dunn,CHI,ED/DE,"$123,529"
1943,nfl,2014,,Cordarro Law,SD,ED/OLB,"$123,529"
1944,nfl,2014,,Jeremiah Sirles,SD,G,"$123,529"
1945,nfl,2014,,Keith Smith,DAL,FB,"$123,529"
1946,nfl,2014,,Tommy Streeter,JAX,WR,"$123,529"
1947,nfl,2014,,Lawrence Virgil,NO,DL/DE,"$123,529"
1948,nfl,2014,,Nick Williams,KC,DL/DE,"$123,529"
1949,nfl,2014,1950,A.J. Edds,JAX,LB/OLB,"$116,471"
1950,nfl,2014,,Darius Fleming,NE,LB/OLB,"$116,471"
1951,nfl,2014,,Jemea Thomas,TEN,CB,"$116,471"
1952,nfl,2014,1953,Paul Hazel,NYG,ED/DE,"$116,470"
1953,nfl,2014,,Terren Jones,TEN,LT,"$116,470"
1954,nfl,2014,1955,Justin Rogers,WAS,CB,"$113,823"
1955,nfl,2014,1956,Terrell Manning,NYG,LB/ILB,"$111,882"
1956,nfl,2014,1957,Demitrius Bronson,SEA,RB,"$107,100"
1957,nfl,2014,,Caleb Holley,BUF,WR,"$107,100"
1958,nfl,2014,,Xavier Proctor,DET,DL/DT,"$107,100"
1959,nfl,2014,1960,Chase Minnifield,WAS,CB,"$103,941"
1960,nfl,2014,1961,Calvin Barnett,CLE,DL/DT,"$100,800"
1961,nfl,2014,1962,Josh Bellamy,CHI,WR,"$100,588"
1962,nfl,2014,,Antoine Cason,BAL,CB,"$100,588"
1963,nfl,2014,,Kellen Davis,DET,TE,"$100,588"
1964,nfl,2014,,Ras-I Dowling,OAK,CB,"$100,588"
1965,nfl,2014,,T.J. Heath,MIA,CB,"$100,588"
1966,nfl,2014,,Mat McBriar,SD,P,"$100,588"
1967,nfl,2014,,Deonte Thompson,BUF,WR,"$100,588"
1968,nfl,2014,,Jason Williams,TB,LB/OLB,"$100,588"
1969,nfl,2014,1970,Bruce Gaston,GB,DL/DT,"$98,824"
1970,nfl,2014,,Kenny Okoro,WAS,CB,"$98,824"
1971,nfl,2014,1972,Carrington Byndom,CAR,CB,"$98,823"
1972,nfl,2014,,James Davidson,NYG,ED/DE,"$98,823"
1973,nfl,2014,,Anthony Denham,HOU,TE,"$98,823"
1974,nfl,2014,,Eric Herman,NYG,RT,"$98,823"
1975,nfl,2014,,Chris Matthews,SEA,WR,"$98,823"
1976,nfl,2014,,Brandon McManus,DEN,K,"$98,823"
1977,nfl,2014,,Gabe Miller,WAS,TE,"$98,823"
1978,nfl,2014,,Solomon Patton,TB,WR,"$98,823"
1979,nfl,2014,,Scott Simonson,OAK,TE,"$98,823"
1980,nfl,2014,,Anthony Steen,ARI,G,"$98,823"
1981,nfl,2014,,Phillip Supernaw,BAL,TE,"$98,823"
1982,nfl,2014,,Kerwynn Williams,ARI,RB,"$98,823"
1983,nfl,2014,1984,Craig Watts,SD,G,"$94,500"
1984,nfl,2014,1985,Chris Banjo,GB,SS,"$87,353"
1985,nfl,2014,,Chris Thompson,WAS,RB,"$87,353"
1986,nfl,2014,1987,Kevin Reddick,CAR,LB/ILB,"$87,352"
1987,nfl,2014,1988,Kyle Love,CAR,DL/DT,"$85,882"
1988,nfl,2014,1989,Travis Labhart,HOU,WR,"$81,900"
1989,nfl,2014,1990,Phillip Tanner,SF,RB,"$75,882"
1990,nfl,2014,,Joshua Thomas,DET,CB,"$75,882"
1991,nfl,2014,1992,David King,SEA,ED/DE,"$74,118"
1992,nfl,2014,1993,Jason Ankrah,HOU,DL/DE,"$74,117"
1993,nfl,2014,,Keith Browner,HOU,DL/DE,"$74,117"
1994,nfl,2014,,Carter Bykowski,MIN,LT,"$74,117"
1995,nfl,2014,,Marcus Cromartie,SF,CB,"$74,117"
1996,nfl,2014,,Ja'Gared Davis,WAS,LB/ILB,"$74,117"
1997,nfl,2014,,David Fales,CHI,QB,"$74,117"
1998,nfl,2014,,Bojay Filimoeatu,OAK,LB/ILB,"$74,117"
1999,nfl,2014,,Seantavius Jones,NO,WR,"$74,117"
2000,nfl,2014,,Andrew Tiller,SF,G,"$74,117"
2001,nfl,2014,,Fitz Toussaint,BAL,RB,"$74,117"
2002,nfl,2014,,Trevardo Williams,WAS,DL/DE,"$74,117"
2003,nfl,2014,,Khalid Wooten,TEN,FS,"$74,117"
2004,nfl,2014,2005,Matthew Mulligan,TEN,TE,"$67,508"
2005,nfl,2014,2006,Dominique Jones,DEN,TE,"$67,059"
2006,nfl,2014,2007,Desmond Bishop,SF,ED/OLB,"$67,058"
2007,nfl,2014,,Josh Bush,DEN,SS,"$67,058"
2008,nfl,2014,,Adam Gettis,NYG,G,"$67,058"
2009,nfl,2014,,Chris Greenwood,BAL,CB,"$67,058"
2010,nfl,2014,,Jordan Palmer,TEN,QB,"$67,058"
2011,nfl,2014,,Evan Rodriguez,TB,FB,"$67,058"
2012,nfl,2014,,Lawrence Sidbury,TB,LB/OLB,"$67,058"
2013,nfl,2014,,Scott Solomon,CLE,ED/OLB,"$67,058"
2014,nfl,2014,2015,Troy Davis,DAL,LB/OLB,"$63,000"
2015,nfl,2014,,Darin Drakeford,KC,LB/ILB,"$63,000"
2016,nfl,2014,2017,Steve Beauharnais,WAS,LB/ILB,"$58,235"
2017,nfl,2014,,Chance Casey,OAK,CB,"$58,235"
2018,nfl,2014,,Matt Daniels,JAX,FS,"$58,235"
2019,nfl,2014,,Brittan Golden,ARI,WR,"$58,235"
2020,nfl,2014,,Ryan Jensen,BAL,C,"$58,235"
2021,nfl,2014,,Case Keenum,HOU,QB,"$58,235"
2022,nfl,2014,,Tavarres King,TB,WR,"$58,235"
2023,nfl,2014,,Keavon Milton,SEA,T,"$58,235"
2024,nfl,2014,,C.J. Wilson,TB,CB,"$58,235"
2025,nfl,2014,2026,Andrew McDonald,CLE,RT,"$49,412"
2026,nfl,2014,,Sheldon Price,IND,CB,"$49,412"
2027,nfl,2014,2028,Ricardo Allen,ATL,SS,"$49,411"
2028,nfl,2014,,Jerome Cunningham,NYG,TE,"$49,411"
2029,nfl,2014,,Ahmad Dixon,MIN,S,"$49,411"
2030,nfl,2014,,Greg Ducre,SD,CB,"$49,411"
2031,nfl,2014,,Spencer Hadley,OAK,LB/OLB,"$49,411"
2032,nfl,2014,,Dominique Hamilton,NYG,ED/DE,"$49,411"
2033,nfl,2014,,Matt Hazel,MIA,WR,"$49,411"
2034,nfl,2014,,Jackson Jeffcoat,WAS,ED/OLB,"$49,411"
2035,nfl,2014,,Rontez Miles,NYJ,FS,"$49,411"
2036,nfl,2014,,Stephen Morris,JAX,QB,"$49,411"
2037,nfl,2014,,Mike Purcell,SF,DL/DT,"$49,411"
2038,nfl,2014,,Rico Richardson,TEN,WR,"$49,411"
2039,nfl,2014,,Gerell Robinson,MIA,WR,"$49,411"
2040,nfl,2014,,Patrick Scales,BAL,LS,"$49,411"
2041,nfl,2014,,Chase Thomas,SF,ED/OLB,"$49,411"
2042,nfl,2014,,George Uko,TB,DL/DT,"$49,411"
2043,nfl,2014,,Casey Walker,BAL,DL/DT,"$49,411"
2044,nfl,2014,2045,James Anderson,DAL,LB/OLB,"$33,529"
2045,nfl,2014,,Jerry Franklin,NO,ED/OLB,"$33,529"
2046,nfl,2014,,Trindon Holliday,SF,KR,"$33,529"
2047,nfl,2014,,Rishaw  Johnson,WAS,G,"$33,529"
2048,nfl,2014,,Josh Kaddu,MIN,LB/OLB,"$33,529"
2049,nfl,2014,,Austen Lane,CHI,ED/DE,"$33,529"
2050,nfl,2014,,Tyler Thigpen,CLE,QB,"$33,529"
2051,nfl,2014,2052,Sam Brenner,MIA,C,"$29,118"
2052,nfl,2014,,Steven Means,BAL,DL/DE,"$29,118"
2053,nfl,2014,,Kenny Wiggins,SD,G,"$29,118"
2054,nfl,2014,2055,Jeff Baca,SD,G,"$24,705"
2055,nfl,2014,,Sean Baker,ATL,FS,"$24,705"
2056,nfl,2014,,Phil Bates,CLE,WR,"$24,705"
2057,nfl,2014,,Josh Boyce,NE,WR,"$24,705"
2058,nfl,2014,,Brandon Coleman,NO,WR,"$24,705"
2059,nfl,2014,,DeAndre Coleman,MIA,DL/DT,"$24,705"
2060,nfl,2014,,Quincy Enunwa,NYJ,WR,"$24,705"
2061,nfl,2014,,Cameron Fuller,SF,CB,"$24,705"
2062,nfl,2014,,Shelby Harris,OAK,ED/DE,"$24,705"
2063,nfl,2014,,Charley Hughlett,CLE,LS,"$24,705"
2064,nfl,2014,,Henry Josey,MIN,RB,"$24,705"
2065,nfl,2014,,Connor Shaw,CLE,QB,"$24,705"
2066,nfl,2014,,Jerome Smith,ATL,RB,"$24,705"
2067,nfl,2014,2068,Chris Whaley,DAL,DL/DT,"$1,666"
2068,nfl,2014,1,OL,,,18
2069,nfl,2014,2,QB,,,16
2070,nfl,2014,3,ED,,,15
2071,nfl,2014,4,WR,,,11
2072,nfl,2014,5,CB,,,10
2073,nfl,2014,6,DL,,,9
2074,nfl,2014,7,S,,,6
2075,nfl,2014,8,RB,,,6
2076,nfl,2014,9,LB,,,5
2077,nfl,2014,10,TE,,,4
2078,nfl,2014,1,BAL,,,5
2079,nfl,2014,2,CLE,,,5
2080,nfl,2014,3,DEN,,,5
2081,nfl,2014,4,TB,,,5
2082,nfl,2014,5,ARI,,,4
2083,nfl,2014,6,CHI,,,4
2084,nfl,2014,7,CIN,,,4
2085,nfl,2014,8,HOU,,,4
2086,nfl,2014,9,KC,,,4
2087,nfl,2014,10,NO,,,4
2088,nfl,2014,11,NYG,,,4
2089,nfl,2014,12,PIT,,,4
2090,nfl,2014,13,SEA,,,4
2091,nfl,2014,14,STL,,,4
2092,nfl,2014,15,WAS,,,4
2093,nfl,2014,16,CAR,,,3
2094,nfl,2014,17,DAL,,,3
2095,nfl,2014,18,DET,,,3
2096,nfl,2014,19,GB,,,3
2097,nfl,2014,20,JAX,,,3
2098,nfl,2014,21,TEN,,,3
2099,nfl,2014,22,ATL,,,2
2100,nfl,2014,23,MIA,,,2
2101,nfl,2014,24,MIN,,,2
2102,nfl,2014,25,NE,,,2
2103,nfl,2014,26,PHI,,,2
2104,nfl,2014,27,SD,,,2
2105,nfl,2014,28,SF,,,2
2106,nfl,2014,29,BUF,,,1
2107,nfl,2014,30,IND,,,1
2108,nfl,2014,31,NYJ,,,1
2109,nfl,2014,32,OAK,,,1
2110,nfl,2014,1,OL,,,18
2111,nfl,2014,2,QB,,,16
2112,nfl,2014,3,ED,,,15
2113,nfl,2014,4,WR,,,11
2114,nfl,2014,5,CB,,,10
2115,nfl,2014,6,DL,,,9
2116,nfl,2014,7,S,,,6
2117,nfl,2014,8,RB,,,6
2118,nfl,2014,9,LB,,,5
2119,nfl,2014,10,TE,,,4
2120,nfl,2014,1,BAL,,,5
2121,nfl,2014,2,CLE,,,5
2122,nfl,2014,3,DEN,,,5
2123,nfl,2014,4,TB,,,5
2124,nfl,2014,5,ARI,,,4
2125,nfl,2014,6,CHI,,,4
2126,nfl,2014,7,CIN,,,4
2127,nfl,2014,8,HOU,,,4
2128,nfl,2014,9,KC,,,4
2129,nfl,2014,10,NO,,,4
2130,nfl,2014,11,NYG,,,4
2131,nfl,2014,12,PIT,,,4
2132,nfl,2014,13,SEA,,,4
2133,nfl,2014,14,STL,,,4
2134,nfl,2014,15,WAS,,,4
2135,nfl,2014,16,CAR,,,3
2136,nfl,2014,17,DAL,,,3
2137,nfl,2014,18,DET,,,3
2138,nfl,2014,19,GB,,,3
2139,nfl,2014,20,JAX,,,3
2140,nfl,2014,21,TEN,,,3
2141,nfl,2014,22,ATL,,,2
2142,nfl,2014,23,MIA,,,2
2143,nfl,2014,24,MIN,,,2
2144,nfl,2014,25,NE,,,2
2145,nfl,2014,26,PHI,,,2
2146,nfl,2014,27,SD,,,2
2147,nfl,2014,28,SF,,,2
2148,nfl,2014,29,BUF,,,1
2149,nfl,2014,30,IND,,,1
2150,nfl,2014,31,NYJ,,,1
2151,nfl,2014,32,OAK,,,1
