,league,season,rank,player,team,position,salary
0,nfl,2013,1,Eli Manning,NYG,QB,"$20,850,000"
1,nfl,2013,2,Matthew Stafford,DET,QB,"$17,820,000"
2,nfl,2013,3,Peyton Manning,DEN,QB,"$17,500,000"
3,nfl,2013,4,Drew Brees,NO,QB,"$17,400,000"
4,nfl,2013,5,Jared Allen,MIN,ED/DE,"$17,063,956"
5,nfl,2013,6,Darrelle Revis,TB,CB,"$16,000,000"
6,nfl,2013,7,Tamba Hali,KC,ED/OLB,"$15,464,706"
7,nfl,2013,8,Cortland Finnegan,STL,CB,"$15,000,000"
8,nfl,2013,9,Julius Peppers,CHI,ED/DE,"$14,383,333"
9,nfl,2013,10,Adrian Peterson,MIN,RB,"$13,900,000"
10,nfl,2013,11,Tom Brady,NE,QB,"$13,800,000"
11,nfl,2013,12,Philip Rivers,SD,QB,"$13,776,666"
12,nfl,2013,13,Ben Roethlisberger,PIT,QB,"$13,595,000"
13,nfl,2013,14,Terrell Suggs,BAL,ED/OLB,"$13,020,000"
14,nfl,2013,15,David Harris,NYJ,LB/ILB,"$13,000,000"
15,nfl,2013,16,Mark Sanchez,NYJ,QB,"$12,853,125"
16,nfl,2013,17,James Laurinaitis,STL,LB/ILB,"$12,650,000"
17,nfl,2013,18,Ryan Clady,DEN,LT,"$12,600,000"
18,nfl,2013,19,Sam Bradford,STL,QB,"$12,595,000"
19,nfl,2013,20,Mario Williams,BUF,DL/DE,"$12,400,000"
20,nfl,2013,21,Michael Vick,PHI,QB,"$12,200,000"
21,nfl,2013,22,Chris Johnson,TEN,RB,"$12,000,000"
22,nfl,2013,23,Tony Romo,DAL,QB,"$11,818,833"
23,nfl,2013,24,Andre Johnson,HOU,WR,"$11,811,251"
24,nfl,2013,25,Aaron Rodgers,GB,QB,"$11,650,000"
25,nfl,2013,26,Haloti Ngata,BAL,DL/DT,"$11,500,000"
26,nfl,2013,27,Joe Thomas,CLE,LT,"$11,400,000"
27,nfl,2013,28,Johnathan Joseph,HOU,CB,"$11,250,000"
28,nfl,2013,29,Michael Johnson,CIN,ED/DE,"$11,175,000"
29,nfl,2013,30,Jason Peters,PHI,LT,"$11,084,000"
30,nfl,2013,31,Zach Miller,SEA,TE,"$11,000,000"
31,nfl,2013,32,Gerald McCoy,TB,DL/DT,"$10,916,250"
32,nfl,2013,33,Champ Bailey,DEN,CB,"$10,750,000"
33,nfl,2013,,Robert Mathis,IND,ED/OLB,"$10,750,000"
34,nfl,2013,,Matt Schaub,HOU,QB,"$10,750,000"
35,nfl,2013,36,Anthony Spencer,DAL,LB/OLB,"$10,627,200"
36,nfl,2013,37,Vince Wilfork,NE,DL/DT,"$10,600,000"
37,nfl,2013,38,Ndamukong Suh,DET,DL/DT,"$10,492,500"
38,nfl,2013,39,Jay Cutler,CHI,QB,"$10,370,000"
39,nfl,2013,40,Larry Fitzgerald,ARI,WR,"$10,250,000"
40,nfl,2013,41,Eric Berry,KC,FS,"$10,211,700"
41,nfl,2013,42,Troy Polamalu,PIT,S,"$10,137,500"
42,nfl,2013,43,Logan Mankins,NE,G,"$10,000,000"
43,nfl,2013,44,Branden Albert,KC,LT,"$9,828,000"
44,nfl,2013,45,Alex Smith,KC,QB,"$9,750,000"
45,nfl,2013,46,Sidney Rice,SEA,WR,"$9,700,000"
46,nfl,2013,47,Darren McFadden,OAK,RB,"$9,685,084"
47,nfl,2013,48,Matt Ryan,ATL,QB,"$9,600,000"
48,nfl,2013,49,Russell Okung,SEA,LT,"$9,540,000"
49,nfl,2013,50,Brandon Marshall,CHI,WR,"$9,300,000"
50,nfl,2013,51,Antrel Rolle,NYG,SS,"$9,250,000"
51,nfl,2013,52,LaMarr Woodley,PIT,ED/OLB,"$9,190,000"
52,nfl,2013,53,Antonio Smith,HOU,DL/DE,"$9,147,059"
53,nfl,2013,54,Roddy White,ATL,WR,"$9,125,000"
54,nfl,2013,55,Nick Mangold,NYJ,C,"$9,117,100"
55,nfl,2013,56,Joe Haden,CLE,CB,"$9,086,129"
56,nfl,2013,57,DeSean Jackson,PHI,WR,"$9,000,000"
57,nfl,2013,58,Calvin Johnson,DET,WR,"$8,773,000"
58,nfl,2013,59,Calais Campbell,ARI,DL/DE,"$8,750,000"
59,nfl,2013,,Jermichael Finley,GB,TE,"$8,750,000"
60,nfl,2013,,Santonio Holmes,NYJ,WR,"$8,750,000"
61,nfl,2013,62,Charles Johnson,CAR,ED/DE,"$8,740,000"
62,nfl,2013,63,Vernon Davis,SF,TE,"$8,739,916"
63,nfl,2013,64,Dashon Goldson,TB,FS,"$8,735,295"
64,nfl,2013,65,Chad Greenway,MIN,LB/OLB,"$8,700,000"
65,nfl,2013,66,Eric Weddle,SD,FS,"$8,600,000"
66,nfl,2013,67,DeMarcus Ware,DAL,LB/OLB,"$8,593,750"
67,nfl,2013,68,Chris Long,STL,ED/DE,"$8,550,000"
68,nfl,2013,69,Will Smith,NO,ED/OLB,"$8,541,666"
69,nfl,2013,70,Marshawn Lynch,SEA,RB,"$8,500,000"
70,nfl,2013,,Paul Posluszny,JAX,LB/OLB,"$8,500,000"
71,nfl,2013,,Chris Snee,NYG,G,"$8,500,000"
72,nfl,2013,,Tramon Williams,GB,CB,"$8,500,000"
73,nfl,2013,74,Henry Melton,CHI,DL/DT,"$8,450,000"
74,nfl,2013,,Randy Starks,MIA,ED/DE,"$8,450,000"
75,nfl,2013,76,Gosder Cherilus,IND,RT,"$8,400,000"
76,nfl,2013,,Leon Hall,CIN,CB,"$8,400,000"
77,nfl,2013,78,Mike Williams,TB,WR,"$8,334,562"
78,nfl,2013,79,Arian Foster,HOU,RB,"$8,250,000"
79,nfl,2013,80,Paul Kruger,CLE,ED/OLB,"$8,200,000"
80,nfl,2013,81,Chris Clemons,SEA,ED/DE,"$8,166,667"
81,nfl,2013,82,Reggie Wayne,IND,WR,"$8,166,666"
82,nfl,2013,83,Pierre Garcon,WAS,WR,"$8,106,250"
83,nfl,2013,84,Desmond Bryant,CLE,DL/DE,"$8,000,000"
84,nfl,2013,,Charles Tillman,CHI,CB,"$8,000,000"
85,nfl,2013,86,Darnell Dockett,ARI,DL/DE,"$7,700,000"
86,nfl,2013,87,Justin Blalock,ATL,G,"$7,660,000"
87,nfl,2013,88,Red Bryant,SEA,ED/DE,"$7,600,000"
88,nfl,2013,89,Ahtyba Rubin,CLE,DL/DT,"$7,575,000"
89,nfl,2013,90,Michael Roos,TEN,LT,"$7,500,000"
90,nfl,2013,91,Marshal Yanda,BAL,G,"$7,450,000"
91,nfl,2013,92,Lance Briggs,CHI,LB/OLB,"$7,416,670"
92,nfl,2013,93,Paul Soliai,MIA,DL/DT,"$7,375,000"
93,nfl,2013,94,Carlos Rogers,SF,CB,"$7,344,531"
94,nfl,2013,95,Daryn Colledge,ARI,G,"$7,275,000"
95,nfl,2013,96,Matt Forte,CHI,RB,"$7,268,750"
96,nfl,2013,97,Tyson Jackson,KC,DL/DE,"$7,200,000"
97,nfl,2013,98,Geno Atkins,CIN,DL/DT,"$7,118,114"
98,nfl,2013,99,David Stewart,TEN,RT,"$7,000,000"
99,nfl,2013,100,Trent Williams,WAS,LT,"$6,980,393"
100,nfl,2013,101,Jairus Byrd,BUF,FS,"$6,916,000"
101,nfl,2013,102,Carlos Dunlap,CIN,ED/DE,"$6,907,000"
102,nfl,2013,103,Antonio Gates,SD,TE,"$6,862,500"
103,nfl,2013,104,Thomas Davis,CAR,LB/OLB,"$6,816,666"
104,nfl,2013,105,Joe Flacco,BAL,QB,"$6,800,000"
105,nfl,2013,,Maurice Jones-Drew,JAX,RB,"$6,800,000"
106,nfl,2013,,Jason McCourty,TEN,CB,"$6,800,000"
107,nfl,2013,108,Andrew Whitworth,CIN,LT,"$6,750,000"
108,nfl,2013,109,Jahri Evans,NO,G,"$6,740,000"
109,nfl,2013,110,Clay Matthews Jr.,GB,ED/OLB,"$6,710,000"
110,nfl,2013,111,Ryan Pickett,GB,DL/DT,"$6,700,000"
111,nfl,2013,,DeMeco Ryans,PHI,LB/ILB,"$6,700,000"
112,nfl,2013,113,Brian Robison,MIN,ED/DE,"$6,666,667"
113,nfl,2013,114,Brandon Flowers,KC,CB,"$6,600,000"
114,nfl,2013,115,B.J. Raji,GB,DL/DT,"$6,595,000"
115,nfl,2013,116,Antonio Cromartie,NYJ,CB,"$6,520,000"
116,nfl,2013,,Doug Free,DAL,RT,"$6,520,000"
117,nfl,2013,118,Scott Wells,STL,C,"$6,500,000"
118,nfl,2013,119,Heath Miller,PIT,TE,"$6,458,500"
119,nfl,2013,120,Frank Gore,SF,RB,"$6,450,000"
120,nfl,2013,121,D'Qwell Jackson,CLE,LB/ILB,"$6,400,000"
121,nfl,2013,,Ryan Kalil,CAR,C,"$6,400,000"
122,nfl,2013,123,Donald Penn,TB,LT,"$6,333,333"
123,nfl,2013,124,London Fletcher,WAS,LB/ILB,"$6,200,000"
124,nfl,2013,125,Justin Tuck,NYG,ED/DE,"$6,150,000"
125,nfl,2013,126,Michael Griffin,TEN,FS,"$6,094,118"
126,nfl,2013,127,Jon Beason,NYG,LB/ILB,"$6,078,125"
127,nfl,2013,128,Cam Newton,CAR,QB,"$6,006,954"
128,nfl,2013,129,Anquan Boldin,SF,WR,"$6,000,000"
129,nfl,2013,,Davin Joseph,TB,G,"$6,000,000"
130,nfl,2013,,Kendall Langford,STL,ED/DE,"$6,000,000"
131,nfl,2013,,Max Unger,SEA,C,"$6,000,000"
132,nfl,2013,133,Jerod Mayo,NE,LB/ILB,"$5,900,000"
133,nfl,2013,134,Uche Nwaneri,JAX,G,"$5,894,500"
134,nfl,2013,135,Ike Taylor,PIT,CB,"$5,882,403"
135,nfl,2013,136,Lawrence Timmons,PIT,LB/ILB,"$5,816,250"
136,nfl,2013,137,Kyle Williams,BUF,DL/DT,"$5,805,000"
137,nfl,2013,138,Kamerion Wimbley,TEN,LB/OLB,"$5,800,000"
138,nfl,2013,139,Michael Crabtree,SF,WR,"$5,770,443"
139,nfl,2013,140,Antoine Bethea,IND,SS,"$5,750,000"
140,nfl,2013,,Owen Daniels,HOU,TE,"$5,750,000"
141,nfl,2013,,LaRon Landry,IND,S,"$5,750,000"
142,nfl,2013,,Marcedes Lewis,JAX,TE,"$5,750,000"
143,nfl,2013,,Ray Rice,BAL,RB,"$5,750,000"
144,nfl,2013,,Steve Smith,CAR,WR,"$5,750,000"
145,nfl,2013,146,Jeromey Clary,SD,G,"$5,700,000"
146,nfl,2013,,Asante Samuel,ATL,CB,"$5,700,000"
147,nfl,2013,148,Stevie Johnson,BUF,WR,"$5,650,000"
148,nfl,2013,149,Antonio Brown,PIT,WR,"$5,620,000"
149,nfl,2013,150,D'Brickashaw Ferguson,NYJ,LT,"$5,588,666"
150,nfl,2013,151,Brett Keisel,PIT,DL/DE,"$5,575,000"
151,nfl,2013,152,Marcell Dareus,BUF,DL/DT,"$5,565,628"
152,nfl,2013,153,Josh Sitton,GB,G,"$5,550,000"
153,nfl,2013,154,Danieal Manning,HOU,S,"$5,500,000"
154,nfl,2013,,Chris Myers,HOU,C,"$5,500,000"
155,nfl,2013,156,Jabari Greer,NO,CB,"$5,475,000"
156,nfl,2013,157,Brent Grimes,MIA,CB,"$5,437,500"
157,nfl,2013,158,Brandon Carr,DAL,CB,"$5,432,000"
158,nfl,2013,159,Lardarius Webb,BAL,CB,"$5,385,000"
159,nfl,2013,160,A.J. Green,CIN,WR,"$5,369,481"
160,nfl,2013,161,Trent Cole,PHI,ED/OLB,"$5,350,000"
161,nfl,2013,162,Corey Webster,NYG,CB,"$5,345,000"
162,nfl,2013,163,Tony Gonzalez,ATL,TE,"$5,250,000"
163,nfl,2013,164,Jonathan Babineaux,ATL,DL/DT,"$5,200,000"
164,nfl,2013,,A.J. Hawk,GB,ED/OLB,"$5,200,000"
165,nfl,2013,,Brandon Mebane,SEA,DL/DT,"$5,200,000"
166,nfl,2013,167,Brian Orakpo,WAS,ED/OLB,"$5,109,000"
167,nfl,2013,168,Tim Jennings,CHI,CB,"$5,100,000"
168,nfl,2013,,Josh Morgan,WAS,WR,"$5,100,000"
169,nfl,2013,,Domata Peko,CIN,DL/DT,"$5,100,000"
170,nfl,2013,,Nate Washington,TEN,WR,"$5,100,000"
171,nfl,2013,172,Ahmad Brooks,SF,ED/OLB,"$5,050,000"
172,nfl,2013,173,Eric Wood,BUF,C,"$5,048,750"
173,nfl,2013,174,Alex Mack,CLE,C,"$5,032,000"
174,nfl,2013,175,Patrick Peterson,ARI,CB,"$5,026,227"
175,nfl,2013,176,Andrew Luck,IND,QB,"$5,024,545"
176,nfl,2013,177,Cameron Wake,MIA,ED/DE,"$5,015,000"
177,nfl,2013,178,Duane Brown,HOU,LT,"$5,000,000"
178,nfl,2013,,Greg Jennings,MIN,WR,"$5,000,000"
179,nfl,2013,,Andre Smith,CIN,G,"$5,000,000"
180,nfl,2013,,DeAngelo Williams,CAR,RB,"$5,000,000"
181,nfl,2013,,Kevin Williams,MIN,DL/DT,"$5,000,000"
182,nfl,2013,183,Richie Incognito,MIA,G,"$4,975,746"
183,nfl,2013,184,Sebastian Janikowski,OAK,K,"$4,960,000"
184,nfl,2013,185,Michael Oher,BAL,RT,"$4,955,000"
185,nfl,2013,186,LeSean McCoy,PHI,RB,"$4,950,000"
186,nfl,2013,187,Donte Whitner,SF,SS,"$4,933,333"
187,nfl,2013,188,Von Miller,DEN,LB/OLB,"$4,921,215"
188,nfl,2013,189,Percy Harvin,SEA,WR,"$4,900,000"
189,nfl,2013,,Jacoby Jones,BAL,WR,"$4,900,000"
190,nfl,2013,191,Aqib Talib,NE,CB,"$4,882,813"
191,nfl,2013,192,Michael Bennett,SEA,ED/DE,"$4,800,000"
192,nfl,2013,,Stephen Tulloch,DET,LB/ILB,"$4,800,000"
193,nfl,2013,194,Robert Griffin III,WAS,QB,"$4,799,795"
194,nfl,2013,195,Ryan Clark,PIT,S,"$4,750,000"
195,nfl,2013,,Breno Giacomini,SEA,RT,"$4,750,000"
196,nfl,2013,,Phillip Loadholt,MIN,RT,"$4,750,000"
197,nfl,2013,198,David Baas,NYG,C,"$4,725,000"
198,nfl,2013,199,Chad Henne,JAX,QB,"$4,650,000"
199,nfl,2013,200,Ricky Jean Francois,IND,DL/DT,"$4,625,000"
200,nfl,2013,201,Andy Levitre,TEN,G,"$4,600,000"
201,nfl,2013,,Dimitri Patterson,MIA,CB,"$4,600,000"
202,nfl,2013,203,Lance Moore,NO,WR,"$4,568,750"
203,nfl,2013,204,Jeremy Maclin,PHI,WR,"$4,553,000"
204,nfl,2013,205,Brent Celek,PHI,TE,"$4,531,000"
205,nfl,2013,206,Marques Colston,NO,WR,"$4,500,000"
206,nfl,2013,,Jarret Johnson,SD,ED/OLB,"$4,500,000"
207,nfl,2013,,Eddie Royal,SD,WR,"$4,500,000"
208,nfl,2013,209,Matt Kalil,MIN,LT,"$4,493,318"
209,nfl,2013,210,Julio Jones,ATL,WR,"$4,413,750"
210,nfl,2013,211,Cory Redding,IND,DL/DE,"$4,391,667"
211,nfl,2013,212,Jeremy Zuttah,TB,C,"$4,375,000"
212,nfl,2013,213,Jason Witten,DAL,TE,"$4,352,000"
213,nfl,2013,214,Nick Hardwick,SD,C,"$4,350,000"
214,nfl,2013,215,Jamaal Charles,KC,RB,"$4,333,333"
215,nfl,2013,,Greg Toler,IND,CB,"$4,333,333"
216,nfl,2013,217,Jason Babin,JAX,ED/DE,"$4,325,000"
217,nfl,2013,218,Rob Ninkovich,NE,LB/OLB,"$4,316,668"
218,nfl,2013,219,Chris Chester,WAS,G,"$4,300,000"
219,nfl,2013,,Ben Grubbs,NO,G,"$4,300,000"
220,nfl,2013,221,Dustin Keller,MIA,TE,"$4,250,000"
221,nfl,2013,,Jake Long,STL,LT,"$4,250,000"
222,nfl,2013,,John Sullivan,MIN,C,"$4,250,000"
223,nfl,2013,224,Anthony Davis,SF,RT,"$4,246,666"
224,nfl,2013,225,Brian Cushing,HOU,LB/ILB,"$4,240,500"
225,nfl,2013,226,Todd Herremans,PHI,G,"$4,200,000"
226,nfl,2013,227,Wes Welker,DEN,WR,"$4,150,000"
227,nfl,2013,228,Mathias Kiwanuka,NYG,ED/DE,"$4,125,000"
228,nfl,2013,,Reggie Nelson,CIN,FS,"$4,125,000"
229,nfl,2013,230,Andy Lee,SF,P,"$4,075,000"
230,nfl,2013,231,Eric Fisher,KC,LT,"$4,034,636"
231,nfl,2013,232,Malcolm Jenkins,NO,FS,"$4,032,000"
232,nfl,2013,233,Nate Burleson,DET,WR,"$4,031,642"
233,nfl,2013,234,Santana Moss,WAS,WR,"$4,016,668"
234,nfl,2013,235,James Casey,PHI,FB,"$4,015,000"
235,nfl,2013,236,Dwayne Bowe,KC,WR,"$4,000,000"
236,nfl,2013,,Jared Cook,STL,TE,"$4,000,000"
237,nfl,2013,,Evan Mathis,PHI,G,"$4,000,000"
238,nfl,2013,,Carson Palmer,ARI,QB,"$4,000,000"
239,nfl,2013,240,Jordy Nelson,GB,WR,"$3,975,000"
240,nfl,2013,241,Justin Smith,SF,DL/DE,"$3,926,666"
241,nfl,2013,242,Aldon Smith,SF,ED/OLB,"$3,922,909"
242,nfl,2013,243,William Moore,ATL,SS,"$3,900,000"
243,nfl,2013,244,Kam Chancellor,SEA,SS,"$3,878,402"
244,nfl,2013,245,Tyvon Branch,OAK,SS,"$3,872,000"
245,nfl,2013,246,Samson Satele,IND,C,"$3,866,667"
246,nfl,2013,247,Luke Joeckel,JAX,G,"$3,854,836"
247,nfl,2013,248,Charlie Johnson,MIN,G,"$3,850,000"
248,nfl,2013,249,Jonathan Vilma,NO,LB/ILB,"$3,832,500"
249,nfl,2013,250,Mike Scifres,SD,P,"$3,785,000"
250,nfl,2013,251,Alan Branch,BUF,DL/DT,"$3,775,000"
251,nfl,2013,252,Cliff Avril,SEA,ED/DE,"$3,750,000"
252,nfl,2013,,James Jones,GB,WR,"$3,750,000"
253,nfl,2013,,Wade Smith,HOU,G,"$3,750,000"
254,nfl,2013,,Darren Sproles,NO,RB,"$3,750,000"
255,nfl,2013,,Osi Umenyiora,ATL,LB/OLB,"$3,750,000"
256,nfl,2013,257,Dion Jordan,MIA,ED/DE,"$3,740,420"
257,nfl,2013,258,C.J. Spiller,BUF,RB,"$3,718,750"
258,nfl,2013,259,Hakeem Nicks,NYG,WR,"$3,705,000"
259,nfl,2013,260,Matt Cassel,MIN,QB,"$3,700,000"
260,nfl,2013,,Charles Godfrey,CAR,SS,"$3,700,000"
261,nfl,2013,,Fred Jackson,BUF,RB,"$3,700,000"
262,nfl,2013,263,Morris Claiborne,DAL,CB,"$3,696,478"
263,nfl,2013,264,Lyle Sendlein,ARI,C,"$3,675,000"
264,nfl,2013,265,Barry Cofield,WAS,DL/DT,"$3,667,500"
265,nfl,2013,266,Joel Dreessen,DEN,TE,"$3,666,666"
266,nfl,2013,267,Roman Harper,NO,SS,"$3,660,000"
267,nfl,2013,268,Tyson Alualu,JAX,ED/DE,"$3,615,000"
268,nfl,2013,269,Lane Johnson,PHI,RT,"$3,609,655"
269,nfl,2013,270,Miles Austin,DAL,WR,"$3,589,400"
270,nfl,2013,271,Danny Amendola,NE,WR,"$3,575,000"
271,nfl,2013,272,Dwight Freeney,SD,ED/OLB,"$3,562,500"
272,nfl,2013,273,William Beatty,NYG,LT,"$3,550,000"
273,nfl,2013,274,Robbie Gould,CHI,K,"$3,525,000"
274,nfl,2013,275,Tyson Clabo,MIA,RT,"$3,500,000"
275,nfl,2013,,Matt Hasselbeck,IND,QB,"$3,500,000"
276,nfl,2013,,Derrick Johnson,KC,LB/ILB,"$3,500,000"
277,nfl,2013,,Stephen Nicholas,ATL,LB/OLB,"$3,500,000"
278,nfl,2013,,Craig Stevens,TEN,TE,"$3,500,000"
279,nfl,2013,280,Brandon Pettigrew,DET,TE,"$3,470,000"
280,nfl,2013,281,Stephen Bowen,WAS,DL/DE,"$3,460,000"
281,nfl,2013,282,Kroy Biermann,ATL,LB/OLB,"$3,433,333"
282,nfl,2013,283,Jake Locker,TEN,QB,"$3,432,546"
283,nfl,2013,284,Rob Sims,DET,G,"$3,425,000"
284,nfl,2013,285,Tyron Smith,DAL,LT,"$3,408,027"
285,nfl,2013,286,Stephen Gostkowski,NE,K,"$3,400,000"
286,nfl,2013,,Adam Vinatieri,IND,K,"$3,400,000"
287,nfl,2013,288,Ezekiel Ansah,DET,ED/DE,"$3,380,818"
288,nfl,2013,289,Paul McQuistan,SEA,LT,"$3,375,000"
289,nfl,2013,290,Kyle Cook,CIN,C,"$3,340,000"
290,nfl,2013,291,Dan Connolly,NE,G,"$3,333,333"
291,nfl,2013,,Josh Wilson,WAS,CB,"$3,333,333"
292,nfl,2013,293,Matt Prater,DEN,K,"$3,312,500"
293,nfl,2013,294,Greg Olsen,CAR,TE,"$3,300,000"
294,nfl,2013,295,Knowshon Moreno,DEN,RB,"$3,288,800"
295,nfl,2013,296,Josh Scobee,JAX,K,"$3,287,500"
296,nfl,2013,297,Mark Barron,TB,LB/ILB,"$3,287,273"
297,nfl,2013,298,Blaine Gabbert,JAX,QB,"$3,273,176"
298,nfl,2013,299,Vincent Jackson,TB,WR,"$3,272,000"
299,nfl,2013,300,Justin Blackmon,JAX,WR,"$3,265,563"
300,nfl,2013,301,Dominic Raiola,DET,C,"$3,262,500"
301,nfl,2013,302,Robert Geathers,CIN,ED/DE,"$3,250,000"
302,nfl,2013,,BenJarvus Green-Ellis,CIN,RB,"$3,250,000"
303,nfl,2013,,Shaun Hill,DET,QB,"$3,250,000"
304,nfl,2013,,Michael Koenen,TB,P,"$3,250,000"
305,nfl,2013,,Louis Vasquez,DEN,G,"$3,250,000"
306,nfl,2013,,Mike Wallace,MIA,WR,"$3,250,000"
307,nfl,2013,,Wesley Woodyard,DEN,LB/ILB,"$3,250,000"
308,nfl,2013,309,Morgan Burnett,GB,SS,"$3,191,775"
309,nfl,2013,310,Jonathan Goodwin,SF,C,"$3,166,668"
310,nfl,2013,311,Jacob Tamme,DEN,TE,"$3,125,000"
311,nfl,2013,312,Eugene Monroe,BAL,LT,"$3,110,882"
312,nfl,2013,313,Navorro Bowman,SF,LB/ILB,"$3,105,562"
313,nfl,2013,314,T.J. Lang,GB,G,"$3,100,000"
314,nfl,2013,,Curtis Lofton,NO,LB/ILB,"$3,100,000"
315,nfl,2013,316,LeRon McClain,SD,FB,"$3,083,333"
316,nfl,2013,317,Erik Walden,IND,ED/OLB,"$3,073,529"
317,nfl,2013,318,Carl Nicks,TB,G,"$3,072,000"
318,nfl,2013,319,J.J. Watt,HOU,DL/DE,"$3,064,772"
319,nfl,2013,320,Leodis McKelvin,BUF,CB,"$3,050,000"
320,nfl,2013,321,Jermon Bushrod,CHI,G,"$3,015,000"
321,nfl,2013,,Jonathan Stewart,CAR,RB,"$3,015,000"
322,nfl,2013,323,Sam Baker,ATL,LT,"$3,000,000"
323,nfl,2013,,Patrick Chung,PHI,SS,"$3,000,000"
324,nfl,2013,,Terence Newman,CIN,CB,"$3,000,000"
325,nfl,2013,,Sean Smith,KC,CB,"$3,000,000"
326,nfl,2013,,Sebastian Vollmer,NE,RT,"$3,000,000"
327,nfl,2013,328,Evander Hood,PIT,DL/DE,"$2,990,678"
328,nfl,2013,329,Pat McAfee,IND,P,"$2,977,000"
329,nfl,2013,330,Scott Chandler,BUF,TE,"$2,975,000"
330,nfl,2013,331,Barkevious Mingo,CLE,ED/OLB,"$2,972,182"
331,nfl,2013,332,Matt Bryant,ATL,K,"$2,962,500"
332,nfl,2013,333,Brandon Graham,PHI,DL/DE,"$2,957,500"
333,nfl,2013,334,Delanie Walker,TEN,TE,"$2,950,000"
334,nfl,2013,335,Devin Hester,CHI,WR,"$2,940,856"
335,nfl,2013,336,Sean Lee,DAL,LB/OLB,"$2,930,000"
336,nfl,2013,337,Steven Jackson,ATL,RB,"$2,916,666"
337,nfl,2013,338,Dominique Rodgers-Cromartie,DEN,CB,"$2,900,000"
338,nfl,2013,339,Earl Thomas,SEA,FS,"$2,898,215"
339,nfl,2013,340,Ryan Tannehill,MIA,QB,"$2,879,205"
340,nfl,2013,341,Luke Kuechly,CAR,LB/ILB,"$2,864,373"
341,nfl,2013,342,Daryl Washington,ARI,LB/ILB,"$2,854,044"
342,nfl,2013,343,Kraig Urbik,BUF,G,"$2,850,000"
343,nfl,2013,344,Ryan Mathews,SD,RB,"$2,829,250"
344,nfl,2013,345,Russell Allen,JAX,LB/OLB,"$2,816,667"
345,nfl,2013,346,Orlando Scandrick,DAL,CB,"$2,816,250"
346,nfl,2013,347,Mike Brisiel,OAK,G,"$2,810,000"
347,nfl,2013,348,Rob Bironas,TEN,K,"$2,800,000"
348,nfl,2013,,Adam Carriker,WAS,DL/DE,"$2,800,000"
349,nfl,2013,,Letroy Guion,MIN,ED/DE,"$2,800,000"
350,nfl,2013,,Mario Manningham,SF,WR,"$2,800,000"
351,nfl,2013,,Erik Pears,BUF,RT,"$2,800,000"
352,nfl,2013,,Joe Staley,SF,LT,"$2,800,000"
353,nfl,2013,354,Christian Ponder,MIN,QB,"$2,770,554"
354,nfl,2013,355,Chris Clemons,MIA,FS,"$2,750,000"
355,nfl,2013,,Harvey Dahl,STL,G,"$2,750,000"
356,nfl,2013,,Rob Gronkowski,NE,TE,"$2,750,000"
357,nfl,2013,,Dunta Robinson,KC,CB,"$2,750,000"
358,nfl,2013,,Donald Thomas,IND,G,"$2,750,000"
359,nfl,2013,360,Stephon Gilmore,BUF,CB,"$2,746,400"
360,nfl,2013,361,Donald Brown,IND,RB,"$2,720,000"
361,nfl,2013,,Kevin Huber,CIN,P,"$2,720,000"
362,nfl,2013,363,Jason Avant,PHI,WR,"$2,710,000"
363,nfl,2013,364,Jameel McClain,BAL,LB/ILB,"$2,700,000"
364,nfl,2013,365,Nick Fairley,DET,DL/DT,"$2,697,000"
365,nfl,2013,366,Davone Bess,CLE,WR,"$2,683,334"
366,nfl,2013,367,Malcom Floyd,SD,WR,"$2,666,666"
367,nfl,2013,,Sammie Lee Hill,TEN,DL/DT,"$2,666,666"
368,nfl,2013,369,Corey Graham,BAL,FS,"$2,650,000"
369,nfl,2013,370,Harry Douglas,ATL,WR,"$2,645,833"
370,nfl,2013,371,Jonathan Cooper,ARI,G,"$2,645,273"
371,nfl,2013,372,Mike Iupati,SF,G,"$2,629,500"
372,nfl,2013,373,Kyle Arrington,NE,CB,"$2,625,000"
373,nfl,2013,,Rey Maualuga,CIN,LB/ILB,"$2,625,000"
374,nfl,2013,,Jason Pierre-Paul,NYG,ED/DE,"$2,625,000"
375,nfl,2013,376,Jason Hatcher,DAL,ED/DE,"$2,600,000"
376,nfl,2013,,John Kuhn,GB,FB,"$2,600,000"
377,nfl,2013,378,Demaryius Thomas,DEN,WR,"$2,592,750"
378,nfl,2013,379,Shonn Greene,TEN,RB,"$2,583,333"
379,nfl,2013,380,Mike McGlynn,IND,G,"$2,575,000"
380,nfl,2013,,Zach Strief,NO,RT,"$2,575,000"
381,nfl,2013,382,Robert Quinn,STL,LB/OLB,"$2,573,475"
382,nfl,2013,383,Dontari Poe,KC,DL/DT,"$2,572,728"
383,nfl,2013,384,Brodrick Bunkley,NO,DL/DT,"$2,562,500"
384,nfl,2013,385,Ray McDonald,SF,DL/DT,"$2,561,985"
385,nfl,2013,386,Earl Bennett,CHI,WR,"$2,550,000"
386,nfl,2013,,John Carlson,MIN,TE,"$2,550,000"
387,nfl,2013,,Wallace Gilberry,CIN,ED/DE,"$2,550,000"
388,nfl,2013,389,Victor Cruz,NYG,WR,"$2,530,000"
389,nfl,2013,390,Maurkice Pouncey,PIT,C,"$2,527,875"
390,nfl,2013,391,Mike Pouncey,MIA,C,"$2,525,371"
391,nfl,2013,392,Derrick Morgan,TEN,LB/OLB,"$2,521,668"
392,nfl,2013,393,David Hawthorne,NO,LB/ILB,"$2,510,000"
393,nfl,2013,394,Michael Bush,CHI,RB,"$2,500,000"
394,nfl,2013,,Fred Davis,WAS,TE,"$2,500,000"
395,nfl,2013,,Thomas DeCoud,ATL,S,"$2,500,000"
396,nfl,2013,,Elvis Dumervil,BAL,ED/OLB,"$2,500,000"
397,nfl,2013,,Darrius Heyward-Bey,IND,WR,"$2,500,000"
398,nfl,2013,,Sam Koch,BAL,P,"$2,500,000"
399,nfl,2013,,Kevin Kolb,BUF,QB,"$2,500,000"
400,nfl,2013,,Rashard Mendenhall,ARI,RB,"$2,500,000"
401,nfl,2013,,Matt Moore,MIA,QB,"$2,500,000"
402,nfl,2013,,Emmanuel Sanders,PIT,WR,"$2,500,000"
403,nfl,2013,,Pierre Thomas,NO,RB,"$2,500,000"
404,nfl,2013,,Kevin Vickerson,DEN,DL/DT,"$2,500,000"
405,nfl,2013,406,Larry English,SD,ED/OLB,"$2,440,000"
406,nfl,2013,407,Dannell Ellerbe,MIA,LB/OLB,"$2,425,000"
407,nfl,2013,,Brad Jones,GB,LB/ILB,"$2,425,000"
408,nfl,2013,409,Cary Williams,PHI,CB,"$2,416,666"
409,nfl,2013,410,Manny Lawson,BUF,ED/OLB,"$2,400,000"
410,nfl,2013,,Philip Wheeler,MIA,LB/OLB,"$2,400,000"
411,nfl,2013,412,Patrick Willis,SF,LB/ILB,"$2,386,750"
412,nfl,2013,413,Ryan Kerrigan,WAS,ED/OLB,"$2,378,262"
413,nfl,2013,414,Anthony Fasano,KC,TE,"$2,375,000"
414,nfl,2013,,Ryan Fitzpatrick,TEN,QB,"$2,375,000"
415,nfl,2013,416,Mason Crosby,GB,K,"$2,350,000"
416,nfl,2013,,Phil Dawson,SF,K,"$2,350,000"
417,nfl,2013,,Bradley Fletcher,PHI,CB,"$2,350,000"
418,nfl,2013,,Will Montgomery,WAS,C,"$2,350,000"
419,nfl,2013,420,Sean Weatherspoon,ATL,LB/ILB,"$2,348,750"
420,nfl,2013,421,Nate Solder,NE,LT,"$2,329,225"
421,nfl,2013,422,Fletcher Cox,PHI,DL/DT,"$2,327,545"
422,nfl,2013,423,Tavon Austin,STL,WR,"$2,318,364"
423,nfl,2013,424,Jerome Felton,MIN,FB,"$2,313,726"
424,nfl,2013,425,Dee Milliner,NYJ,CB,"$2,302,000"
425,nfl,2013,426,Connor Barth,TB,K,"$2,300,000"
426,nfl,2013,,Mike DeVito,KC,DL/DE,"$2,300,000"
427,nfl,2013,,Chris Houston,DET,CB,"$2,300,000"
428,nfl,2013,429,Jermaine Gresham,CIN,TE,"$2,296,750"
429,nfl,2013,430,Corey Liuget,SD,DL/DT,"$2,267,930"
430,nfl,2013,431,Matthew Slater,NE,WR,"$2,266,666"
431,nfl,2013,432,Michael Floyd,ARI,WR,"$2,266,250"
432,nfl,2013,433,Karlos Dansby,ARI,LB/ILB,"$2,250,000"
433,nfl,2013,,Keenan Lewis,NO,CB,"$2,250,000"
434,nfl,2013,,Jamarca Sanford,MIN,SS,"$2,250,000"
435,nfl,2013,436,Patrick Robinson,NO,CB,"$2,246,833"
436,nfl,2013,437,Robert Ayers,DEN,ED/DE,"$2,241,250"
437,nfl,2013,438,Kareem Jackson,HOU,CB,"$2,240,000"
438,nfl,2013,439,Adrian Clayborn,TB,ED/DE,"$2,239,136"
439,nfl,2013,440,Prince Amukamara,NYG,CB,"$2,231,154"
440,nfl,2013,441,Chance Warmack,TEN,G,"$2,212,118"
441,nfl,2013,442,Glenn Dorsey,SF,DL/DE,"$2,207,500"
442,nfl,2013,443,Phil Taylor,CLE,DL/DT,"$2,207,250"
443,nfl,2013,444,Dez Bryant,DAL,WR,"$2,197,500"
444,nfl,2013,445,Steve Gregory,NE,S,"$2,183,333"
445,nfl,2013,446,Anthony Castonzo,IND,LT,"$2,182,117"
446,nfl,2013,447,Chris Kuper,DEN,G,"$2,165,166"
447,nfl,2013,448,Michael Brockers,STL,DL/DT,"$2,164,090"
448,nfl,2013,449,Bryan Bulaga,GB,RT,"$2,125,500"
449,nfl,2013,450,Anthony Collins,CIN,LT,"$2,125,000"
450,nfl,2013,,Roberto Garza,CHI,C,"$2,125,000"
451,nfl,2013,452,Brian Hartline,MIA,WR,"$2,115,000"
452,nfl,2013,453,Cameron Jordan,NO,DL/DE,"$2,108,564"
453,nfl,2013,454,Dan Williams,ARI,DL/DT,"$2,105,000"
454,nfl,2013,455,Derek Cox,SD,CB,"$2,100,000"
455,nfl,2013,,Jerome Simpson,MIN,WR,"$2,100,000"
456,nfl,2013,457,John Greco,CLE,G,"$2,090,000"
457,nfl,2013,458,James Carpenter,SEA,G,"$2,084,046"
458,nfl,2013,459,Michael Otto,TEN,LT,"$2,075,000"
459,nfl,2013,460,D.J. Fluker,SD,G,"$2,073,182"
460,nfl,2013,461,Tramaine Brock,SF,CB,"$2,073,000"
461,nfl,2013,462,Jay Feely,ARI,K,"$2,050,000"
462,nfl,2013,,William Hayes,STL,ED/DE,"$2,050,000"
463,nfl,2013,,Glover Quin,DET,FS,"$2,050,000"
464,nfl,2013,465,Mackenzy Bernadeau,DAL,C,"$2,039,166"
465,nfl,2013,466,Jimmy Smith,BAL,CB,"$2,035,008"
466,nfl,2013,467,Mike Tolbert,CAR,FB,"$2,025,000"
467,nfl,2013,468,Andre Brown,NYG,RB,"$2,023,000"
468,nfl,2013,,Stevie Brown,NYG,SS,"$2,023,000"
469,nfl,2013,,Brian De La Puente,NO,C,"$2,023,000"
470,nfl,2013,,Austin Howard,NYJ,RT,"$2,023,000"
471,nfl,2013,,Arthur Jones,BAL,DL/DT,"$2,023,000"
472,nfl,2013,,Dennis Pitta,BAL,TE,"$2,023,000"
473,nfl,2013,,Sam Shields,GB,CB,"$2,023,000"
474,nfl,2013,475,Mark Ingram,NO,RB,"$2,022,750"
475,nfl,2013,476,Kyle Wilson,NYJ,CB,"$2,010,400"
476,nfl,2013,477,Peria Jerry,ATL,DL/DT,"$2,010,000"
477,nfl,2013,478,Quinton Coples,NYJ,ED/OLB,"$2,000,635"
478,nfl,2013,479,Josh Freeman,MIN,QB,"$2,000,001"
479,nfl,2013,480,Mike Adams,DEN,SS,"$2,000,000"
480,nfl,2013,,Reggie Bush,DET,RB,"$2,000,000"
481,nfl,2013,,Britton Colquitt,DEN,P,"$2,000,000"
482,nfl,2013,,Demar Dotson,TB,RT,"$2,000,000"
483,nfl,2013,,James Harrison,CIN,LB/OLB,"$2,000,000"
484,nfl,2013,,Tommy Kelly,NE,DL/DT,"$2,000,000"
485,nfl,2013,,DeAndre Levy,DET,LB/OLB,"$2,000,000"
486,nfl,2013,,Bernard Pollard,TEN,S,"$2,000,000"
487,nfl,2013,,Jerraud Powers,ARI,CB,"$2,000,000"
488,nfl,2013,,Vance Walker,OAK,ED/DE,"$2,000,000"
489,nfl,2013,,Eric Winston,ARI,RT,"$2,000,000"
490,nfl,2013,491,Kyle Orton,DAL,QB,"$1,967,500"
491,nfl,2013,492,Dre Kirkpatrick,CIN,CB,"$1,959,772"
492,nfl,2013,493,Thomas Morstead,NO,P,"$1,950,000"
493,nfl,2013,494,Martellus Bennett,CHI,TE,"$1,940,000"
494,nfl,2013,,Alex Boone,SF,G,"$1,940,000"
495,nfl,2013,496,Jared Odrick,MIA,ED/DE,"$1,939,548"
496,nfl,2013,497,Bruce Irvin,SEA,LB/OLB,"$1,931,528"
497,nfl,2013,498,Ahmad Bradshaw,IND,RB,"$1,918,750"
498,nfl,2013,499,Melvin Ingram,SD,ED/OLB,"$1,908,690"
499,nfl,2013,500,Jordan Gross,CAR,LT,"$1,900,000"
500,nfl,2013,501,Jeff King,ARI,TE,"$1,883,334"
501,nfl,2013,502,Kenny Britt,TEN,WR,"$1,881,252"
502,nfl,2013,503,Shea McClellin,CHI,LB/OLB,"$1,878,045"
503,nfl,2013,504,D.J. Hayden,OAK,CB,"$1,877,036"
504,nfl,2013,505,Muhammad Wilkerson,NYJ,DL/DE,"$1,875,000"
505,nfl,2013,506,Kendall Wright,TEN,WR,"$1,867,830"
506,nfl,2013,507,Vontae Davis,IND,CB,"$1,861,250"
507,nfl,2013,508,Chandler Jones,NE,LB/OLB,"$1,857,613"
508,nfl,2013,509,Kevin Burnett,OAK,LB/OLB,"$1,857,500"
509,nfl,2013,510,Marcel Reece,OAK,FB,"$1,857,485"
510,nfl,2013,511,Dustin Colquitt,KC,P,"$1,850,000"
511,nfl,2013,512,Devin McCourty,NE,FS,"$1,845,000"
512,nfl,2013,513,Brandon Weeden,CLE,QB,"$1,837,181"
513,nfl,2013,514,Larry Foote,PIT,LB/ILB,"$1,833,333"
514,nfl,2013,,Jason Jones,DET,ED/DE,"$1,833,333"
515,nfl,2013,516,Tarell Brown,SF,CB,"$1,832,312"
516,nfl,2013,517,Cameron Heyward,PIT,DL/DE,"$1,828,644"
517,nfl,2013,518,Sheldon Richardson,NYJ,DL/DT,"$1,828,000"
518,nfl,2013,519,King Dunlap,SD,LT,"$1,825,000"
519,nfl,2013,,Steve Weatherford,NYG,P,"$1,825,000"
520,nfl,2013,521,Riley Reiff,DET,LT,"$1,816,750"
521,nfl,2013,522,Cullen Jenkins,NYG,ED/DE,"$1,816,666"
522,nfl,2013,523,Derek Sherrod,GB,RT,"$1,800,546"
523,nfl,2013,524,Donnie Avery,KC,WR,"$1,800,000"
524,nfl,2013,,Chase Daniel,KC,QB,"$1,800,000"
525,nfl,2013,,Charlie Whitehurst,SD,QB,"$1,800,000"
526,nfl,2013,,Charles Woodson,OAK,SS,"$1,800,000"
527,nfl,2013,528,Brandon Gibson,MIA,WR,"$1,785,000"
528,nfl,2013,529,Jarrett Bush,GB,CB,"$1,783,333"
529,nfl,2013,,Craig Dahl,SF,SS,"$1,783,333"
530,nfl,2013,531,David DeCastro,PIT,G,"$1,775,886"
531,nfl,2013,532,Koa Misi,MIA,LB/OLB,"$1,764,905"
532,nfl,2013,533,Shaun Suisham,PIT,K,"$1,762,500"
533,nfl,2013,534,Dont'a Hightower,NE,LB/OLB,"$1,755,455"
534,nfl,2013,535,Fred Evans,MIN,DL/DT,"$1,750,000"
535,nfl,2013,,Terrance Knighton,DEN,DL/DT,"$1,750,000"
536,nfl,2013,,Roy Miller,JAX,DL/DT,"$1,750,000"
537,nfl,2013,,Pat Sims,OAK,DL/DT,"$1,750,000"
538,nfl,2013,539,Star Lotulelei,CAR,DL/DT,"$1,746,273"
539,nfl,2013,540,Levi Brown,PIT,LT,"$1,736,397"
540,nfl,2013,541,Whitney Mercilus,HOU,ED/OLB,"$1,735,020"
541,nfl,2013,542,Adam Podlesh,CHI,P,"$1,725,000"
542,nfl,2013,543,Kevin Zeitler,CIN,G,"$1,714,591"
543,nfl,2013,544,Kenny Vaccaro,NO,SS,"$1,713,584"
544,nfl,2013,545,Nick Perry,GB,ED/OLB,"$1,704,375"
545,nfl,2013,546,Junior Galette,NO,ED/OLB,"$1,700,000"
546,nfl,2013,,George Wilson,TEN,S,"$1,700,000"
547,nfl,2013,548,Reshad Jones,MIA,SS,"$1,670,075"
548,nfl,2013,549,Heath Farwell,SEA,LB/ILB,"$1,666,667"
549,nfl,2013,,Drew Stanton,ARI,QB,"$1,666,667"
550,nfl,2013,551,Benjamin Watson,NO,TE,"$1,650,000"
551,nfl,2013,552,Brandon Fields,MIA,P,"$1,645,000"
552,nfl,2013,553,Nick Roach,OAK,LB/ILB,"$1,636,250"
553,nfl,2013,554,Harrison Smith,MIN,FS,"$1,622,397"
554,nfl,2013,555,E.J. Manuel,BUF,QB,"$1,615,509"
555,nfl,2013,556,John Abraham,ARI,ED/OLB,"$1,600,000"
556,nfl,2013,,Dwan Edwards,CAR,DL/DT,"$1,600,000"
557,nfl,2013,,Adam-Pacman Jones,CIN,CB,"$1,600,000"
558,nfl,2013,,Mike Nugent,CIN,K,"$1,600,000"
559,nfl,2013,560,Jarvis Jones,PIT,ED/OLB,"$1,582,818"
560,nfl,2013,561,Brandon Meriweather,WAS,SS,"$1,579,412"
561,nfl,2013,562,Dave Zastudil,ARI,P,"$1,575,000"
562,nfl,2013,563,C.J. Spillman,SF,S,"$1,558,333"
563,nfl,2013,564,Brandon LaFell,CAR,WR,"$1,554,600"
564,nfl,2013,565,Jon Asamoah,KC,G,"$1,551,030"
565,nfl,2013,566,Kory Lichtensteiger,WAS,C,"$1,550,000"
566,nfl,2013,567,Chris Clark,DEN,LT,"$1,548,666"
567,nfl,2013,568,Jared Veldheer,OAK,RT,"$1,546,750"
568,nfl,2013,569,Doug Martin,TB,RB,"$1,542,620"
569,nfl,2013,570,Eric Reid,SF,SS,"$1,541,955"
570,nfl,2013,571,Paris Lenon,DEN,LB/ILB,"$1,540,000"
571,nfl,2013,572,John Jerry,MIA,G,"$1,537,625"
572,nfl,2013,573,Donald Butler,SD,LB/ILB,"$1,525,125"
573,nfl,2013,574,David Wilson,NYG,RB,"$1,519,205"
574,nfl,2013,575,Justin Pugh,NYG,G,"$1,517,436"
575,nfl,2013,576,Corey Peters,ATL,DL/DT,"$1,514,750"
576,nfl,2013,577,Kyle Long,CHI,G,"$1,509,264"
577,nfl,2013,578,Chris Canty,BAL,DL/DE,"$1,506,666"
578,nfl,2013,579,Bryant McKinnie,MIA,LT,"$1,506,250"
579,nfl,2013,580,Eric Decker,DEN,WR,"$1,506,037"
580,nfl,2013,581,Andre Roberts,ARI,WR,"$1,504,050"
581,nfl,2013,582,Tyler Eifert,CIN,TE,"$1,501,091"
582,nfl,2013,583,E.J. Biggers,WAS,CB,"$1,500,000"
583,nfl,2013,,Darius Butler,IND,FS,"$1,500,000"
584,nfl,2013,,Jason Campbell,CLE,QB,"$1,500,000"
585,nfl,2013,,Antoine Cason,ARI,CB,"$1,500,000"
586,nfl,2013,,Jerricho Cotchery,PIT,WR,"$1,500,000"
587,nfl,2013,,Reed Doughty,WAS,S,"$1,500,000"
588,nfl,2013,,Ramon Foster,PIT,G,"$1,500,000"
589,nfl,2013,,Chris Ivory,NYJ,RB,"$1,500,000"
590,nfl,2013,,Quentin Jammer,DEN,S,"$1,500,000"
591,nfl,2013,,Mike Jenkins,OAK,CB,"$1,500,000"
592,nfl,2013,,Sen'Derrick Marks,JAX,DL/DT,"$1,500,000"
593,nfl,2013,,Brad Meester,JAX,C,"$1,500,000"
594,nfl,2013,,Robert Turner,TEN,C,"$1,500,000"
595,nfl,2013,,Brian Waters,DAL,G,"$1,500,000"
596,nfl,2013,,Willie Young,DET,LB/OLB,"$1,500,000"
597,nfl,2013,598,Shawn Lauvao,CLE,G,"$1,497,250"
598,nfl,2013,599,Major Wright,CHI,S,"$1,492,825"
599,nfl,2013,600,Jimmy Graham,NO,TE,"$1,489,285"
600,nfl,2013,601,Desmond Trufant,ATL,CB,"$1,484,745"
601,nfl,2013,602,Ryan Succop,KC,K,"$1,473,750"
602,nfl,2013,603,Sharrif Floyd,MIN,DL/DT,"$1,468,400"
603,nfl,2013,604,Rodger Saffold,STL,G,"$1,460,000"
604,nfl,2013,605,Steve McLendon,PIT,DL/DT,"$1,458,333"
605,nfl,2013,606,Perry Riley,WAS,LB/ILB,"$1,455,500"
606,nfl,2013,607,Alterraun Verner,TEN,CB,"$1,454,785"
607,nfl,2013,608,Jacoby Ford,OAK,WR,"$1,451,871"
608,nfl,2013,609,Terrell Thomas,NYG,CB,"$1,450,000"
609,nfl,2013,610,Corey Wootton,CHI,DL/DT,"$1,449,793"
610,nfl,2013,611,Bjoern Werner,IND,ED/OLB,"$1,435,708"
611,nfl,2013,612,Aaron Williams,BUF,SS,"$1,434,134"
612,nfl,2013,613,Andy Dalton,CIN,QB,"$1,422,054"
613,nfl,2013,614,Vonta Leach,BAL,FB,"$1,420,000"
614,nfl,2013,615,Xavier Rhodes,MIN,CB,"$1,419,364"
615,nfl,2013,616,Eric Weems,CHI,WR,"$1,415,000"
616,nfl,2013,617,Kaluka Maiava,OAK,LB/ILB,"$1,408,333"
617,nfl,2013,618,Tracy Porter,OAK,CB,"$1,406,250"
618,nfl,2013,619,Jon Ryan,SEA,P,"$1,405,000"
619,nfl,2013,620,Datone Jones,GB,DL/DE,"$1,403,016"
620,nfl,2013,621,Jonathan Casillas,TB,LB/OLB,"$1,400,000"
621,nfl,2013,,Dexter McCluster,KC,RB,"$1,400,000"
622,nfl,2013,,Shaun Phillips,DEN,ED/DE,"$1,400,000"
623,nfl,2013,624,Colin Kaepernick,SF,QB,"$1,397,535"
624,nfl,2013,625,Jabaal Sheard,CLE,ED/OLB,"$1,388,250"
625,nfl,2013,626,DeAndre Hopkins,HOU,WR,"$1,386,673"
626,nfl,2013,627,Sylvester Williams,DEN,DL/DT,"$1,378,500"
627,nfl,2013,628,Chris Williams,STL,G,"$1,376,154"
628,nfl,2013,629,Kendrick Lewis,KC,FS,"$1,374,725"
629,nfl,2013,630,Cam Thomas,SD,DL/DT,"$1,370,825"
630,nfl,2013,631,Andrew Quarless,GB,TE,"$1,368,606"
631,nfl,2013,632,Ryan Williams,ARI,RB,"$1,365,663"
632,nfl,2013,633,Marshall Newhouse,GB,RT,"$1,360,462"
633,nfl,2013,634,Jermey Parnell,DAL,RT,"$1,356,421"
634,nfl,2013,635,Brett Kern,TEN,P,"$1,353,375"
635,nfl,2013,636,Arthur Moats,BUF,ED/OLB,"$1,351,000"
636,nfl,2013,637,Brice McCain,HOU,CB,"$1,350,000"
637,nfl,2013,,Dan Skuta,SF,ED/OLB,"$1,350,000"
638,nfl,2013,639,Akeem Ayers,TEN,LB/OLB,"$1,343,595"
639,nfl,2013,640,Clark Harris,CIN,LS,"$1,340,000"
640,nfl,2013,641,Shane Lechler,HOU,P,"$1,333,333"
641,nfl,2013,,Ashlee Palmer,DET,LB/OLB,"$1,333,333"
642,nfl,2013,,Adrian Wilson,NE,S,"$1,333,333"
643,nfl,2013,644,Greg Hardy,CAR,ED/DE,"$1,328,946"
644,nfl,2013,645,D.J. Williams,CHI,LB/ILB,"$1,328,125"
645,nfl,2013,646,Bruce Carter,DAL,LB/ILB,"$1,323,981"
646,nfl,2013,647,Danario Alexander,SD,WR,"$1,323,000"
647,nfl,2013,,Chris Baker,WAS,DL/DT,"$1,323,000"
648,nfl,2013,,Barry Church,DAL,SS,"$1,323,000"
649,nfl,2013,,Jeff Cumberland,NYJ,TE,"$1,323,000"
650,nfl,2013,,Ed Dickson,BAL,TE,"$1,323,000"
651,nfl,2013,,Jason Fox,DET,RT,"$1,323,000"
652,nfl,2013,,A.J. Jefferson,MIN,CB,"$1,323,000"
653,nfl,2013,,Ted Larsen,TB,G,"$1,323,000"
654,nfl,2013,,Jeff Linkenbach,IND,RT,"$1,323,000"
655,nfl,2013,,Evan Smith,GB,C,"$1,323,000"
656,nfl,2013,,Daniel Te'o-Nesheim,TB,ED/DE,"$1,323,000"
657,nfl,2013,,Cassius Vaughn,IND,CB,"$1,323,000"
658,nfl,2013,,J.D. Walton,WAS,C,"$1,323,000"
659,nfl,2013,660,Trent Richardson,IND,RB,"$1,321,354"
660,nfl,2013,661,John Phillips,SD,TE,"$1,316,666"
661,nfl,2013,662,Cordarrelle Patterson,MIN,WR,"$1,312,918"
662,nfl,2013,663,Chris Cook,MIN,CB,"$1,305,000"
663,nfl,2013,664,Connor Barwin,PHI,ED/OLB,"$1,300,000"
664,nfl,2013,,Jasper Brinkley,ARI,LB/ILB,"$1,300,000"
665,nfl,2013,,Quentin Groves,CLE,ED/OLB,"$1,300,000"
666,nfl,2013,667,Nate Allen,PHI,FS,"$1,297,000"
667,nfl,2013,668,Bruce Gradkowski,PIT,QB,"$1,283,333"
668,nfl,2013,669,Brooks Reed,HOU,DL/DE,"$1,281,867"
669,nfl,2013,670,Parys Haralson,NO,DL/DE,"$1,281,250"
670,nfl,2013,671,Alec Ogletree,STL,LB/ILB,"$1,278,188"
671,nfl,2013,672,Nate Garner,MIA,RT,"$1,266,666"
672,nfl,2013,673,Kyle Rudolph,MIN,TE,"$1,262,687"
673,nfl,2013,674,Johnny Knox,CHI,WR,"$1,260,000"
674,nfl,2013,675,Garry Williams,CAR,G,"$1,258,333"
675,nfl,2013,676,Adam Hayward,TB,LB/OLB,"$1,257,000"
676,nfl,2013,677,James Anderson,CHI,LB/OLB,"$1,250,000"
677,nfl,2013,,Ryan Cook,DAL,C,"$1,250,000"
678,nfl,2013,,Moise Fokou,TEN,LB/ILB,"$1,250,000"
679,nfl,2013,,DeAngelo Hall,WAS,CB,"$1,250,000"
680,nfl,2013,,Erin Henderson,MIN,LB/ILB,"$1,250,000"
681,nfl,2013,,Derek Landri,TB,DL/DT,"$1,250,000"
682,nfl,2013,,Fili Moala,IND,DL/DE,"$1,250,000"
683,nfl,2013,,Chad Rinehart,SD,G,"$1,250,000"
684,nfl,2013,,Danny Woodhead,SD,RB,"$1,250,000"
685,nfl,2013,686,Travis Frederick,DAL,C,"$1,249,096"
686,nfl,2013,687,Manuel Ramirez,DEN,G,"$1,231,666"
687,nfl,2013,688,Matt Elam,BAL,SS,"$1,230,364"
688,nfl,2013,689,Brian Quick,STL,WR,"$1,224,227"
689,nfl,2013,690,Patrick Angerer,IND,LB/ILB,"$1,222,500"
690,nfl,2013,691,Louis Delmas,DET,FS,"$1,215,000"
691,nfl,2013,692,Coby Fleener,IND,TE,"$1,214,011"
692,nfl,2013,693,Rahim Moore,DEN,FS,"$1,213,125"
693,nfl,2013,694,Jason Snelling,ATL,RB,"$1,208,333"
694,nfl,2013,695,Courtney Upshaw,BAL,DL/DT,"$1,203,795"
695,nfl,2013,696,Stewart Bradley,DEN,LB/ILB,"$1,200,000"
696,nfl,2013,,David Bruton,DEN,SS,"$1,200,000"
697,nfl,2013,,David Diehl,NYG,RT,"$1,200,000"
698,nfl,2013,699,T.J. Ward,CLE,SS,"$1,198,750"
699,nfl,2013,700,Orlando Franklin,DEN,G,"$1,188,000"
700,nfl,2013,701,Derek Wolfe,DEN,ED/DE,"$1,183,363"
701,nfl,2013,702,Haruki Nakamura,CAR,S,"$1,180,833"
702,nfl,2013,703,Mitchell Schwartz,CLE,RT,"$1,175,191"
703,nfl,2013,704,Dawan Landry,NYJ,S,"$1,175,000"
704,nfl,2013,705,William Gay,PIT,CB,"$1,166,667"
705,nfl,2013,706,Lorenzo Alexander,ARI,ED/OLB,"$1,165,000"
706,nfl,2013,707,Willie Colon,NYJ,G,"$1,162,500"
707,nfl,2013,,Domenik Hixon,CAR,WR,"$1,162,500"
708,nfl,2013,709,Andre Branch,JAX,ED/DE,"$1,156,803"
709,nfl,2013,710,Lance Kendricks,STL,TE,"$1,152,555"
710,nfl,2013,711,Adam Snyder,SF,G,"$1,143,000"
711,nfl,2013,712,Janoris Jenkins,STL,CB,"$1,134,163"
712,nfl,2013,713,Rashad Johnson,ARI,FS,"$1,133,333"
713,nfl,2013,714,Stefen Wisniewski,OAK,C,"$1,127,837"
714,nfl,2013,715,Jon Condo,OAK,LS,"$1,125,833"
715,nfl,2013,716,Victor Butler,NO,ED/OLB,"$1,125,000"
716,nfl,2013,,Brandon Myers,NYG,TE,"$1,125,000"
717,nfl,2013,,Nick Novak,SD,K,"$1,125,000"
718,nfl,2013,,Daryl Smith,BAL,LB/ILB,"$1,125,000"
719,nfl,2013,720,Josh Gordon,CLE,WR,"$1,122,469"
720,nfl,2013,721,Amini Silatolu,CAR,G,"$1,122,069"
721,nfl,2013,722,Cedric Peerman,CIN,RB,"$1,115,000"
722,nfl,2013,723,Kurt Coleman,PHI,FS,"$1,110,842"
723,nfl,2013,724,Cordy Glenn,BUF,LT,"$1,105,723"
724,nfl,2013,725,Tim Masthay,GB,P,"$1,105,000"
725,nfl,2013,726,David Garrard,NYJ,QB,"$1,100,000"
726,nfl,2013,,Ted Ginn Jr.,CAR,WR,"$1,100,000"
727,nfl,2013,,Captain Munnerlyn,CAR,CB,"$1,100,000"
728,nfl,2013,,Travelle Wharton,CAR,G,"$1,100,000"
729,nfl,2013,730,John Denney,MIA,LS,"$1,093,750"
730,nfl,2013,731,Mike Leach,ARI,LS,"$1,091,666"
731,nfl,2013,732,Jeromy Miles,BAL,SS,"$1,089,529"
732,nfl,2013,733,Jonathan Martin,MIA,RT,"$1,087,333"
733,nfl,2013,734,Marcus Gilchrist,SD,SS,"$1,078,800"
734,nfl,2013,735,Lamarr Houston,OAK,LB/OLB,"$1,078,750"
735,nfl,2013,736,Joe Mays,HOU,LB/ILB,"$1,075,000"
736,nfl,2013,737,Stephen Hill,NYJ,WR,"$1,070,988"
737,nfl,2013,738,Patrick Bailey,TEN,LB/OLB,"$1,070,000"
738,nfl,2013,739,Garrett Reynolds,ATL,G,"$1,065,000"
739,nfl,2013,740,Garrison Sanborn,BUF,LS,"$1,061,667"
740,nfl,2013,741,Jonathan Baldwin,SF,WR,"$1,061,510"
741,nfl,2013,742,Zane Beadles,DEN,G,"$1,060,000"
742,nfl,2013,743,Rob Jackson,WAS,ED/OLB,"$1,056,919"
743,nfl,2013,744,Jeff Allen,KC,G,"$1,055,414"
744,nfl,2013,745,Christian Yount,CLE,LS,"$1,055,000"
745,nfl,2013,746,Da'Quan Bowers,TB,DL/DT,"$1,051,537"
746,nfl,2013,747,Antwan Barnes,NYJ,ED/OLB,"$1,050,000"
747,nfl,2013,,Justin Forsett,JAX,RB,"$1,050,000"
748,nfl,2013,,Cullen Loeffler,MIN,LS,"$1,050,000"
749,nfl,2013,750,Zak DeOssie,NYG,LS,"$1,049,000"
750,nfl,2013,751,Jon Dorenbos,PHI,LS,"$1,040,000"
751,nfl,2013,,Patrick Mannelly,CHI,LS,"$1,040,000"
752,nfl,2013,753,Alshon Jeffery,CHI,WR,"$1,033,598"
753,nfl,2013,754,C.J. Mosley,DET,DL/DT,"$1,025,000"
754,nfl,2013,755,Gabe Carimi,TB,G,"$1,016,458"
755,nfl,2013,756,Dan Koppen,DEN,C,"$1,015,000"
756,nfl,2013,,Ryan Wendell,NE,C,"$1,015,000"
757,nfl,2013,758,Toby Gerhart,MIN,RB,"$1,013,500"
758,nfl,2013,759,Linval Joseph,NYG,DL/DT,"$1,012,000"
759,nfl,2013,760,Mychal Kendricks,PHI,ED/OLB,"$1,010,101"
760,nfl,2013,761,Jarvis Jenkins,WAS,DL/DE,"$1,008,263"
761,nfl,2013,762,Stephen Paea,CHI,DL/DT,"$1,005,246"
762,nfl,2013,763,Aubrayo Franklin,IND,DL/DT,"$1,005,000"
763,nfl,2013,,Rian Lindell,TB,K,"$1,005,000"
764,nfl,2013,765,Colt Anderson,PHI,SS,"$1,000,000"
765,nfl,2013,,Chase Blackburn,CAR,LB/OLB,"$1,000,000"
766,nfl,2013,,Andre Caldwell,DEN,WR,"$1,000,000"
767,nfl,2013,,Gary Gibson,TB,DL/DT,"$1,000,000"
768,nfl,2013,,Jason Hunter,OAK,ED/DE,"$1,000,000"
769,nfl,2013,,Greg Jones,HOU,FB,"$1,000,000"
770,nfl,2013,,Erik Lorig,TB,FB,"$1,000,000"
771,nfl,2013,,Mike Mitchell,CAR,FS,"$1,000,000"
772,nfl,2013,,Ropati Pitoitua,TEN,ED/DE,"$1,000,000"
773,nfl,2013,,Matt Shaughnessy,ARI,DL/DE,"$1,000,000"
774,nfl,2013,,Darian Stewart,STL,FS,"$1,000,000"
775,nfl,2013,,Will Svitek,NE,LT,"$1,000,000"
776,nfl,2013,777,Logan Paulsen,WAS,TE,"$996,666"
777,nfl,2013,778,John Cyprien,JAX,SS,"$994,382"
778,nfl,2013,779,Winston Justice,DEN,LT,"$991,176"
779,nfl,2013,780,Justin Hunter,TEN,WR,"$986,209"
780,nfl,2013,781,L.P. Ladouceur,DAL,LS,"$985,000"
781,nfl,2013,,Jason Worilds,PIT,ED/OLB,"$985,000"
782,nfl,2013,,Usama Young,OAK,S,"$985,000"
783,nfl,2013,784,Darrel Young,WAS,FB,"$983,333"
784,nfl,2013,785,Corey Hilliard,DET,RT,"$980,000"
785,nfl,2013,786,Bobby Wagner,SEA,LB/ILB,"$979,045"
786,nfl,2013,787,Zach Ertz,PHI,TE,"$978,036"
787,nfl,2013,788,Phil Costa,DAL,C,"$975,000"
788,nfl,2013,,Montell Owens,DET,FB,"$975,000"
789,nfl,2013,790,Brandon Tate,CIN,WR,"$966,000"
790,nfl,2013,791,Matt Spaeth,PIT,TE,"$962,500"
791,nfl,2013,792,Darius Slay,DET,CB,"$961,691"
792,nfl,2013,793,Kedric Golston,WAS,DL/DT,"$960,000"
793,nfl,2013,794,Tavon Wilson,NE,SS,"$958,663"
794,nfl,2013,795,Rodney Hudson,KC,C,"$956,209"
795,nfl,2013,796,Giovani Bernard,CIN,RB,"$955,153"
796,nfl,2013,797,Chris Maragos,SEA,FS,"$955,000"
797,nfl,2013,798,Jimmy Clausen,CAR,QB,"$952,500"
798,nfl,2013,799,Ronnie Brown,SD,RB,"$950,000"
799,nfl,2013,,Justin Durant,DAL,LB/OLB,"$950,000"
800,nfl,2013,801,Shane Vereen,NE,RB,"$943,950"
801,nfl,2013,802,Manti Te'o,SD,LB/ILB,"$940,440"
802,nfl,2013,803,Blake Costanzo,CHI,LB/OLB,"$940,000"
803,nfl,2013,804,Mikel Leshoure,DET,RB,"$939,258"
804,nfl,2013,805,Kendall Reyes,SD,DL/DE,"$938,181"
805,nfl,2013,806,Leroy Harris,DET,C,"$937,500"
806,nfl,2013,,Geno Hayes,JAX,LB/OLB,"$937,500"
807,nfl,2013,808,Jason Trusnik,MIA,LB/ILB,"$931,666"
808,nfl,2013,809,Torrey Smith,BAL,WR,"$924,336"
809,nfl,2013,810,John Wendling,DET,S,"$923,333"
810,nfl,2013,811,Josh Johnson,CIN,QB,"$921,250"
811,nfl,2013,812,Michael Neal,GB,ED/OLB,"$920,000"
812,nfl,2013,813,Khalif Barnes,OAK,LT,"$915,000"
813,nfl,2013,814,Geno Smith,NYJ,QB,"$912,655"
814,nfl,2013,815,Terrence Cody,BAL,DL/DT,"$910,000"
815,nfl,2013,816,Greg Little,CLE,WR,"$907,500"
816,nfl,2013,817,Doug Legursky,BUF,C,"$900,000"
817,nfl,2013,,Jamon Meredith,TB,RT,"$900,000"
818,nfl,2013,,Tyler Polumbus,WAS,LT,"$900,000"
819,nfl,2013,,O'Brien Schofield,SEA,LB/OLB,"$900,000"
820,nfl,2013,821,Brandon Harris,HOU,CB,"$899,816"
821,nfl,2013,822,Cornellius Carradine,SF,DL/DE,"$899,578"
822,nfl,2013,823,Ben Tate,HOU,RB,"$899,250"
823,nfl,2013,824,Jerel Worthy,GB,DL/DT,"$897,319"
824,nfl,2013,825,Bear Pascoe,NYG,TE,"$892,500"
825,nfl,2013,826,Jonas Mouton,SD,LB/ILB,"$890,010"
826,nfl,2013,827,Ian Williams,SF,DL/DT,"$888,333"
827,nfl,2013,828,Vladimir Ducasse,NYJ,G,"$886,250"
828,nfl,2013,829,Robert Woods,BUF,WR,"$884,868"
829,nfl,2013,830,Isaiah Pead,STL,RB,"$884,012"
830,nfl,2013,831,Daniel Thomas,MIA,RB,"$882,652"
831,nfl,2013,832,Marcus Gilbert,PIT,RT,"$880,204"
832,nfl,2013,833,Charles Brown,NO,LT,"$880,000"
833,nfl,2013,,Don Carey,DET,SS,"$880,000"
834,nfl,2013,,Golden Tate,SEA,WR,"$880,000"
835,nfl,2013,,Raymond Ventrone,SF,S,"$880,000"
836,nfl,2013,837,Sav Rocca,WAS,P,"$877,500"
837,nfl,2013,838,Zach Brown,TEN,LB/ILB,"$876,886"
838,nfl,2013,839,Randall Cobb,GB,WR,"$875,297"
839,nfl,2013,840,Menelik Watson,OAK,RT,"$871,791"
840,nfl,2013,841,Jerry Hughes,BUF,DL/DE,"$870,000"
841,nfl,2013,,Brandon Spikes,NE,LB/ILB,"$870,000"
842,nfl,2013,843,J.J. Jansen,CAR,LS,"$865,000"
843,nfl,2013,844,Johnthan Banks,TB,CB,"$859,331"
844,nfl,2013,845,Devon Still,CIN,DL/DT,"$856,619"
845,nfl,2013,846,Desmond Bishop,MIN,LB/OLB,"$850,000"
846,nfl,2013,,Antonio Johnson,TEN,DL/DT,"$850,000"
847,nfl,2013,848,Alex Carrington,BUF,DL/DT,"$846,000"
848,nfl,2013,849,Kawann Short,CAR,DL/DT,"$841,879"
849,nfl,2013,850,Tarvaris Jackson,SEA,QB,"$840,000"
850,nfl,2013,851,Ryan Broyles,DET,WR,"$836,023"
851,nfl,2013,852,Damian Williams,TEN,WR,"$835,812"
852,nfl,2013,853,Craig Steltz,CHI,S,"$827,500"
853,nfl,2013,854,Earl Mitchell,HOU,DL/DT,"$827,125"
854,nfl,2013,855,Tim Jamison,HOU,DL/DE,"$825,000"
855,nfl,2013,856,Brett Goode,GB,LS,"$821,250"
856,nfl,2013,857,Robert Housler,ARI,TE,"$816,023"
857,nfl,2013,858,Peter Konz,ATL,C,"$815,591"
858,nfl,2013,859,Matt Slauson,CHI,G,"$815,000"
859,nfl,2013,860,Nick Sundberg,WAS,LS,"$812,500"
860,nfl,2013,861,DeMarco Murray,DAL,RB,"$810,938"
861,nfl,2013,862,Stevan Ridley,NE,RB,"$805,500"
862,nfl,2013,863,Mike Adams,PIT,LT,"$805,375"
863,nfl,2013,864,Ryan Mallett,NE,QB,"$803,953"
864,nfl,2013,865,Oniel Cousins,CLE,G,"$800,000"
865,nfl,2013,,Keith Rivers,NYG,LB/OLB,"$800,000"
866,nfl,2013,867,Brock Osweiler,DEN,QB,"$799,244"
867,nfl,2013,868,Kevin Minter,ARI,LB/ILB,"$798,236"
868,nfl,2013,869,Will Rackley,JAX,G,"$794,802"
869,nfl,2013,870,Eugene Sims,STL,ED/DE,"$793,665"
870,nfl,2013,871,Mike Johnson,ATL,RT,"$790,554"
871,nfl,2013,872,Lavonte David,TB,LB/OLB,"$789,030"
872,nfl,2013,873,Kiko Alonso,BUF,ED/OLB,"$781,891"
873,nfl,2013,874,Tony Fiammetta,CHI,FB,"$780,000"
874,nfl,2013,875,Phillip Adams,OAK,CB,"$775,000"
875,nfl,2013,,Tom Crabtree,TB,TE,"$775,000"
876,nfl,2013,,Tom Johnson,NO,DL/DT,"$775,000"
877,nfl,2013,,Chris Ogbonnaya,CLE,RB,"$775,000"
878,nfl,2013,879,Brandon Browner,SEA,CB,"$773,756"
879,nfl,2013,880,Vinny Curry,PHI,DL/DE,"$768,598"
880,nfl,2013,881,Clint Gresham,SEA,LS,"$767,500"
881,nfl,2013,882,Gavin Escobar,DAL,TE,"$765,544"
882,nfl,2013,883,Alan Ball,JAX,CB,"$765,000"
883,nfl,2013,,Julian Edelman,NE,WR,"$765,000"
884,nfl,2013,,Everson Griffen,MIN,ED/DE,"$765,000"
885,nfl,2013,886,Jon Beason,NYG,LB/ILB,"$764,706"
886,nfl,2013,887,Darryl Sharpton,HOU,LB/ILB,"$763,735"
887,nfl,2013,888,Akeem Dent,ATL,LB/ILB,"$760,725"
888,nfl,2013,889,Kelechi Osemele,BAL,G,"$760,425"
889,nfl,2013,890,Justin Drescher,NO,LS,"$760,000"
890,nfl,2013,891,Mason Foster,TB,LB/ILB,"$759,374"
891,nfl,2013,892,Darrell Stuckey,SD,FS,"$756,500"
892,nfl,2013,893,Morgan Cox,BAL,LS,"$755,000"
893,nfl,2013,894,LaMichael James,SF,RB,"$754,295"
894,nfl,2013,895,Casey Hayward,GB,CB,"$752,253"
895,nfl,2013,896,Joe Hawley,ATL,C,"$750,795"
896,nfl,2013,897,Garrett Graham,HOU,TE,"$750,025"
897,nfl,2013,898,Gary Barnidge,CLE,TE,"$750,000"
898,nfl,2013,899,Le'Veon Bell,PIT,RB,"$749,200"
899,nfl,2013,900,Rueben Randle,NYG,WR,"$748,166"
900,nfl,2013,901,Justin Houston,KC,ED/OLB,"$747,812"
901,nfl,2013,902,Benjamin Ijalana,NYJ,RT,"$742,772"
902,nfl,2013,903,Mike Windt,SD,LS,"$742,500"
903,nfl,2013,904,Terrelle Pryor,OAK,WR,"$741,517"
904,nfl,2013,905,Jurrell Casey,TEN,DL/DT,"$734,359"
905,nfl,2013,906,Johnathan Hankins,NYG,DL/DT,"$732,852"
906,nfl,2013,907,Leonard Hankerson,WAS,WR,"$731,594"
907,nfl,2013,908,Arrelious Benn,PHI,WR,"$730,000"
908,nfl,2013,,Jermelle Cudjo,STL,DL/DT,"$730,000"
909,nfl,2013,,Josh Mauga,NYJ,LB/ILB,"$730,000"
910,nfl,2013,,Danny McCray,DAL,SS,"$730,000"
911,nfl,2013,,Jason Phillips,PHI,LB/ILB,"$730,000"
912,nfl,2013,913,Cecil Shorts,JAX,WR,"$728,767"
913,nfl,2013,914,Nate Irving,DEN,LB/ILB,"$728,750"
914,nfl,2013,915,Rob Francois,GB,LB/ILB,"$725,000"
915,nfl,2013,916,Austin Pettis,STL,WR,"$724,567"
916,nfl,2013,917,Jerrel Jernigan,NYG,WR,"$723,813"
917,nfl,2013,918,Chris Prosinski,JAX,SS,"$720,039"
918,nfl,2013,919,Allen Barbre,PHI,G,"$720,000"
919,nfl,2013,920,Allen Bailey,KC,DL/DE,"$718,986"
920,nfl,2013,921,Jon Bostic,CHI,LB/ILB,"$716,509"
921,nfl,2013,922,Tony Carter,DEN,CB,"$715,000"
922,nfl,2013,,Graham Gano,CAR,K,"$715,000"
923,nfl,2013,,Mike Gibson,ARI,C,"$715,000"
924,nfl,2013,,Brian Hoyer,CLE,QB,"$715,000"
925,nfl,2013,,Johnny Jolly,GB,DL/DE,"$715,000"
926,nfl,2013,,Robert Meachem,NO,WR,"$715,000"
927,nfl,2013,,Kory Sperry,ARI,TE,"$715,000"
928,nfl,2013,929,Kenrick Ellis,NYJ,DL/DT,"$707,500"
929,nfl,2013,930,A.J.  Jenkins,KC,WR,"$705,797"
930,nfl,2013,931,Chris Culliver,SF,CB,"$704,719"
931,nfl,2013,932,Dwayne Allen,IND,TE,"$702,826"
932,nfl,2013,933,Vincent Brown,SD,WR,"$701,517"
933,nfl,2013,934,David Amerson,WAS,CB,"$700,164"
934,nfl,2013,935,Aaron Berry,NYJ,CB,"$700,000"
935,nfl,2013,,Geoff Schwartz,KC,G,"$700,000"
936,nfl,2013,937,Christopher Conte,CHI,FS,"$698,400"
937,nfl,2013,938,Trumaine Johnson,STL,CB,"$696,794"
938,nfl,2013,939,Andrew Sendejo,MIN,SS,"$696,666"
939,nfl,2013,940,Jah Reid,BAL,RT,"$695,810"
940,nfl,2013,941,Tanner Purdum,NYJ,LS,"$695,000"
941,nfl,2013,942,Jon Weeks,HOU,LS,"$693,750"
942,nfl,2013,943,Shareece Wright,SD,CB,"$691,035"
943,nfl,2013,944,Josh Robinson,MIN,CB,"$689,250"
944,nfl,2013,945,Ronnie Hillman,DEN,RB,"$687,708"
945,nfl,2013,946,Curtis Brown,PIT,CB,"$685,300"
946,nfl,2013,947,Jamie Collins,NE,LB/OLB,"$683,818"
947,nfl,2013,948,Russell Wilson,SEA,QB,"$681,085"
948,nfl,2013,949,DeVier Posey,HOU,WR,"$681,023"
949,nfl,2013,950,LeGarrette Blount,NE,RB,"$680,000"
950,nfl,2013,,Paul Fanaika,ARI,G,"$680,000"
951,nfl,2013,952,Nolan Carroll,MIA,CB,"$677,937"
952,nfl,2013,953,T.J. Graham,BUF,WR,"$677,813"
953,nfl,2013,954,K.J. Wright,SEA,LB/OLB,"$676,500"
954,nfl,2013,955,Da'Norris Searcy,BUF,SS,"$676,106"
955,nfl,2013,956,Bryan Anger,JAX,P,"$675,538"
956,nfl,2013,957,Clint Boling,CIN,G,"$675,362"
957,nfl,2013,958,Rich Ohrnberger,SD,C,"$675,000"
958,nfl,2013,959,Jordan Cameron,CLE,TE,"$674,350"
959,nfl,2013,960,Josh LeRibeus,WAS,C,"$674,081"
960,nfl,2013,961,Sam Acho,ARI,ED/OLB,"$673,607"
961,nfl,2013,962,Luke Stocker,TB,TE,"$673,172"
962,nfl,2013,963,Kellen Davis,SEA,TE,"$672,941"
963,nfl,2013,,Matthew Mulligan,NE,TE,"$672,941"
964,nfl,2013,,Jonathan Scott,CHI,LT,"$672,941"
965,nfl,2013,966,Riley Cooper,PHI,WR,"$672,871"
966,nfl,2013,967,Roy Helu,WAS,RB,"$672,563"
967,nfl,2013,968,Seth Olsen,MIN,G,"$670,000"
968,nfl,2013,969,Olivier Vernon,MIA,ED/DE,"$669,520"
969,nfl,2013,970,Colin McCarthy,TEN,LB/ILB,"$668,850"
970,nfl,2013,971,Quinton Carter,DEN,S,"$668,750"
971,nfl,2013,972,Margus Hunt,CIN,DL/DT,"$667,473"
972,nfl,2013,973,Mike Goodson,NYJ,RB,"$665,274"
973,nfl,2013,974,David Johnson,PIT,TE,"$665,000"
974,nfl,2013,975,Kendall Hunter,SF,RB,"$664,805"
975,nfl,2013,976,Demario Davis,NYJ,LB/ILB,"$664,490"
976,nfl,2013,977,Donald Stephenson,KC,LT,"$664,375"
977,nfl,2013,978,Casey Matthews,PHI,LB/ILB,"$663,716"
978,nfl,2013,979,James Brewer,NYG,G,"$663,023"
979,nfl,2013,980,Antone Smith,ATL,RB,"$662,500"
980,nfl,2013,981,Anthony Dixon,SF,RB,"$660,150"
981,nfl,2013,982,Alex Henery,PHI,K,"$660,027"
982,nfl,2013,983,Jamar Taylor,MIA,CB,"$659,300"
983,nfl,2013,984,Christian Ballard,MIN,DL/DT,"$656,888"
984,nfl,2013,985,Taiwan Jones,OAK,RB,"$656,250"
985,nfl,2013,986,Anthony McCoy,SEA,TE,"$656,212"
986,nfl,2013,987,Nick Foles,PHI,QB,"$655,880"
987,nfl,2013,988,Jake McQuaide,STL,LS,"$655,833"
988,nfl,2013,989,Bilal Powell,NYJ,RB,"$655,125"
989,nfl,2013,990,James Starks,GB,RB,"$655,075"
990,nfl,2013,991,Ellis Lankster,NYJ,CB,"$655,000"
991,nfl,2013,992,Vance McDonald,SF,TE,"$654,396"
992,nfl,2013,993,Brandon Brooks,HOU,G,"$654,359"
993,nfl,2013,994,Joe Webb,MIN,QB,"$653,129"
994,nfl,2013,995,Cortez Allen,PIT,CB,"$652,875"
995,nfl,2013,996,Michael Egnew,MIA,TE,"$652,239"
996,nfl,2013,997,Julius Thomas,DEN,TE,"$651,000"
997,nfl,2013,998,Jacob Cutrera,TB,LB/ILB,"$650,000"
998,nfl,2013,,JoLonn Dunbar,STL,LB/OLB,"$650,000"
999,nfl,2013,,Andrew Gardner,HOU,G,"$650,000"
1000,nfl,2013,,Cory Greenwood,DET,LB/OLB,"$650,000"
1001,nfl,2013,,Frank Zombo,KC,ED/OLB,"$650,000"
1002,nfl,2013,1003,Brandon Taylor,SD,S,"$648,469"
1003,nfl,2013,1004,Arthur Brown,BAL,LB/ILB,"$646,224"
1004,nfl,2013,1005,Dekoda Watson,TB,LB/OLB,"$645,455"
1005,nfl,2013,1006,Javier Arenas,ARI,CB,"$645,000"
1006,nfl,2013,,Taylor Mays,CIN,SS,"$645,000"
1007,nfl,2013,1008,Kelvin Sheppard,IND,LB/ILB,"$644,243"
1008,nfl,2013,1009,Tyrone Crawford,DAL,ED/DE,"$643,813"
1009,nfl,2013,1010,C.J. Wilson,GB,DL/DT,"$642,590"
1010,nfl,2013,1011,Michael Boley,CIN,LB,"$642,353"
1011,nfl,2013,1012,Jim Dray,ARI,TE,"$642,250"
1012,nfl,2013,1013,Mike Martin,TEN,DL/DT,"$641,890"
1013,nfl,2013,1014,Kavell Conner,IND,LB/ILB,"$641,309"
1014,nfl,2013,1015,Marcus Cannon,NE,RT,"$637,687"
1015,nfl,2013,1016,Bill Bentley,DET,CB,"$637,278"
1016,nfl,2013,1017,Sean Spence,PIT,LB/ILB,"$636,345"
1017,nfl,2013,1018,Yeremiah Bell,ARI,S,"$635,000"
1018,nfl,2013,1019,D.J. Swearinger,HOU,FS,"$634,782"
1019,nfl,2013,1020,Mohamed Sanu,CIN,WR,"$630,813"
1020,nfl,2013,1021,Davon House,GB,CB,"$630,145"
1021,nfl,2013,1022,Seyi Ajirotutu,SD,WR,"$630,000"
1022,nfl,2013,,Joique Bell,DET,RB,"$630,000"
1023,nfl,2013,,Dezmon Briscoe,WAS,WR,"$630,000"
1024,nfl,2013,,Sergio Brown,IND,FS,"$630,000"
1025,nfl,2013,,Bruce Campbell,CAR,RT,"$630,000"
1026,nfl,2013,,Chase Coffman,ATL,TE,"$630,000"
1027,nfl,2013,,Nate Collins,CHI,DL/DT,"$630,000"
1028,nfl,2013,,Brandon Deaderick,JAX,DL/DT,"$630,000"
1029,nfl,2013,,Dominique Franks,ATL,CB,"$630,000"
1030,nfl,2013,,Clifton Geathers,PHI,DL/DE,"$630,000"
1031,nfl,2013,,Brandon Ghee,CIN,CB,"$630,000"
1032,nfl,2013,,Danny Gorrer,TB,CB,"$630,000"
1033,nfl,2013,,Clay Harbor,JAX,TE,"$630,000"
1034,nfl,2013,,Nick Hayden,DAL,DL/DT,"$630,000"
1035,nfl,2013,,Michael Hoomanawanui,NE,TE,"$630,000"
1036,nfl,2013,,Rashad Jennings,OAK,RB,"$630,000"
1037,nfl,2013,,Sean Lissemore,SD,DL/DT,"$630,000"
1038,nfl,2013,,Jeron Mastrud,OAK,TE,"$630,000"
1039,nfl,2013,,Ricardo Mathews,IND,DL/DT,"$630,000"
1040,nfl,2013,,Trumaine McBride,NYG,CB,"$630,000"
1041,nfl,2013,,Colt McCoy,SF,QB,"$630,000"
1042,nfl,2013,,Sherrick McManis,CHI,CB,"$630,000"
1043,nfl,2013,,Ogemdi Nwagbuo,CIN,DL/DT,"$630,000"
1044,nfl,2013,,Curtis Painter,NYG,QB,"$630,000"
1045,nfl,2013,,Michael Palmer,PIT,TE,"$630,000"
1046,nfl,2013,,Vincent Rey,CIN,LB/ILB,"$630,000"
1047,nfl,2013,,Chris Scott,CAR,G,"$630,000"
1048,nfl,2013,,George Selvie,DAL,ED/DE,"$630,000"
1049,nfl,2013,,Marcus Sherels,MIN,CB,"$630,000"
1050,nfl,2013,,R.J. Stanford,MIA,CB,"$630,000"
1051,nfl,2013,,Cody Wallace,PIT,C,"$630,000"
1052,nfl,2013,,J'Marcus Webb,MIN,RT,"$630,000"
1053,nfl,2013,,Thomas Welch,BUF,RT,"$630,000"
1054,nfl,2013,,Al Woods,PIT,DL/DT,"$630,000"
1055,nfl,2013,1056,Montee Ball,DEN,RB,"$629,878"
1056,nfl,2013,1057,Akiem Hicks,NO,DL/DE,"$628,225"
1057,nfl,2013,1058,John Moffitt,DEN,G,"$625,000"
1058,nfl,2013,1059,Aaron Dobson,NE,WR,"$623,340"
1059,nfl,2013,1060,David Akers,DET,K,"$620,000"
1060,nfl,2013,,Joe Berger,MIN,G,"$620,000"
1061,nfl,2013,,Zackary Bowman,CHI,CB,"$620,000"
1062,nfl,2013,,Josh Brown,NYG,K,"$620,000"
1063,nfl,2013,,Plaxico Burress,PIT,WR,"$620,000"
1064,nfl,2013,,Dallas Clark,BAL,TE,"$620,000"
1065,nfl,2013,,Colin Cole,CAR,DL/DT,"$620,000"
1066,nfl,2013,,Dane Fletcher,NE,LB/ILB,"$620,000"
1067,nfl,2013,,Nick Folk,NYJ,K,"$620,000"
1068,nfl,2013,,Dylan Gandy,DET,G,"$620,000"
1069,nfl,2013,,Ryan Harris,HOU,LT,"$620,000"
1070,nfl,2013,,Ben Hartsock,CAR,TE,"$620,000"
1071,nfl,2013,,Steven Hauschka,SEA,K,"$620,000"
1072,nfl,2013,,Kelvin Hayden,CHI,CB,"$620,000"
1073,nfl,2013,,Israel Idonije,DET,ED/DE,"$620,000"
1074,nfl,2013,,James Ihedigbo,BAL,SS,"$620,000"
1075,nfl,2013,,Donnie Jones,PHI,P,"$620,000"
1076,nfl,2013,,Quintin Mikell,CAR,S,"$620,000"
1077,nfl,2013,,Don Muhlbach,DET,LS,"$620,000"
1078,nfl,2013,,Ryan Mundy,NYG,SS,"$620,000"
1079,nfl,2013,,Louis Murphy,NYG,WR,"$620,000"
1080,nfl,2013,,Mike Patterson,NYG,DL/DT,"$620,000"
1081,nfl,2013,,Mike Pollak,CIN,G,"$620,000"
1082,nfl,2013,,Dante Rosario,CHI,TE,"$620,000"
1083,nfl,2013,,Aaron Ross,NYG,CB,"$620,000"
1084,nfl,2013,,Frostee Rucker,ARI,DL/DT,"$620,000"
1085,nfl,2013,,Jordan Senn,CAR,LB/OLB,"$620,000"
1086,nfl,2013,,Lawrence Sidbury,IND,ED/OLB,"$620,000"
1087,nfl,2013,,Alex Smith,CIN,TE,"$620,000"
1088,nfl,2013,,Chris Spencer,TEN,G,"$620,000"
1089,nfl,2013,,LaRod Stephens-Howling,PIT,RB,"$620,000"
1090,nfl,2013,,Lawrence Tynes,TB,K,"$620,000"
1091,nfl,2013,,Kevin Walter,TEN,WR,"$620,000"
1092,nfl,2013,,Greg Warren,PIT,LS,"$620,000"
1093,nfl,2013,1094,Bernard Pierce,BAL,RB,"$618,986"
1094,nfl,2013,1095,Robert Alford,ATL,CB,"$618,436"
1095,nfl,2013,1096,T.Y. Hilton,IND,WR,"$616,850"
1096,nfl,2013,1097,Eddie Lacy,GB,RB,"$616,802"
1097,nfl,2013,1098,Jayron Hosley,NYG,CB,"$616,250"
1098,nfl,2013,1099,John Hughes,CLE,DL/DE,"$616,035"
1099,nfl,2013,1100,Brandon Thompson,CIN,DL/DT,"$615,300"
1100,nfl,2013,1101,Jake Bequette,NE,ED/DE,"$614,950"
1101,nfl,2013,1102,Christine Michael,SEA,RB,"$613,533"
1102,nfl,2013,1103,Lamar Holmes,ATL,RT,"$613,400"
1103,nfl,2013,1104,Kealoha Pilares,CAR,WR,"$608,878"
1104,nfl,2013,1105,Walter Thurmond,SEA,FS,"$607,639"
1105,nfl,2013,1106,Tony Bergstrom,OAK,C,"$606,504"
1106,nfl,2013,1107,Buster Skrine,CLE,CB,"$605,500"
1107,nfl,2013,1108,Kevin Boothe,NYG,G,"$605,000"
1108,nfl,2013,,Will Herring,NO,LB,"$605,000"
1109,nfl,2013,,Tony McDaniel,SEA,DL/DT,"$605,000"
1110,nfl,2013,,Marvin Mitchell,MIN,LB/OLB,"$605,000"
1111,nfl,2013,1112,Chris Givens,STL,WR,"$604,257"
1112,nfl,2013,1113,Karl Klug,TEN,DL/DT,"$603,613"
1113,nfl,2013,1114,Jacquizz Rodgers,ATL,RB,"$602,750"
1114,nfl,2013,1115,Denarius Moore,OAK,WR,"$602,513"
1115,nfl,2013,1116,Jason Pinkston,CLE,G,"$602,000"
1116,nfl,2013,1117,Lamar Miller,MIA,RB,"$601,500"
1117,nfl,2013,1118,T.J. Yates,HOU,QB,"$601,250"
1118,nfl,2013,1119,Gino Gradkowski,BAL,C,"$601,106"
1119,nfl,2013,1120,Jeremy Kerley,NYJ,WR,"$601,062"
1120,nfl,2013,1121,Richard Sherman,SEA,CB,"$600,606"
1121,nfl,2013,1122,Niles Paul,WAS,TE,"$600,413"
1122,nfl,2013,1123,Ben Jones,HOU,C,"$600,362"
1123,nfl,2013,1124,Travis Benjamin,CLE,WR,"$599,250"
1124,nfl,2013,1125,Omar Bolden,DEN,FS,"$598,607"
1125,nfl,2013,1126,Kirk Cousins,WAS,QB,"$598,172"
1126,nfl,2013,1127,Frank Alexander,CAR,ED/DE,"$597,563"
1127,nfl,2013,1128,Chris Carter,PIT,LB/ILB,"$595,700"
1128,nfl,2013,1129,Andre Gurode,OAK,C,"$595,622"
1129,nfl,2013,1130,Daniel Kilgore,SF,C,"$595,075"
1130,nfl,2013,1131,Nigel Bradham,BUF,ED/OLB,"$594,356"
1131,nfl,2013,1132,Robert Turbin,SEA,RB,"$594,114"
1132,nfl,2013,1133,Will Allen,PIT,SS,"$592,941"
1133,nfl,2013,,Jonathan Dwyer,PIT,RB,"$592,941"
1134,nfl,2013,,Clinton McDonald,SEA,DL/DT,"$592,941"
1135,nfl,2013,1136,Ladarius Green,SD,TE,"$592,725"
1136,nfl,2013,1137,Chykie Brown,BAL,CB,"$591,140"
1137,nfl,2013,,Pernell McPhee,BAL,ED/OLB,"$591,140"
1138,nfl,2013,1139,Bobby Massie,ARI,RT,"$590,845"
1139,nfl,2013,1140,Marc Mariani,TEN,WR,"$589,850"
1140,nfl,2013,1141,Kyle Wilber,DAL,LB/OLB,"$589,805"
1141,nfl,2013,1142,Mistral Raymond,MIN,S,"$589,612"
1142,nfl,2013,1143,Brandon Fusco,MIN,G,"$588,917"
1143,nfl,2013,1144,Coty Sensabaugh,TEN,CB,"$588,023"
1144,nfl,2013,1145,Felix Jones,PIT,RB,"$587,500"
1145,nfl,2013,1146,Orson Charles,CIN,FB,"$587,325"
1146,nfl,2013,1147,Joe Looney,SF,G,"$586,301"
1147,nfl,2013,1148,Ryan Whalen,CIN,WR,"$586,278"
1148,nfl,2013,1149,Jarius Wright,MIN,WR,"$585,027"
1149,nfl,2013,1150,Lee Smith,BUF,TE,"$583,934"
1150,nfl,2013,1151,Byron Maxwell,SEA,CB,"$583,363"
1151,nfl,2013,1152,Keshawn Martin,HOU,WR,"$583,140"
1152,nfl,2013,1153,Charles Clay,MIA,TE,"$583,000"
1153,nfl,2013,1154,Byron Stingily,TEN,RT,"$582,625"
1154,nfl,2013,1155,Nick Toon,NO,WR,"$581,903"
1155,nfl,2013,1156,Brandon Boykin,PHI,CB,"$581,367"
1156,nfl,2013,1157,Tyrod Taylor,BAL,QB,"$581,327"
1157,nfl,2013,1158,Travis Kelce,KC,TE,"$580,826"
1158,nfl,2013,1159,Ron Brooks,BUF,CB,"$580,135"
1159,nfl,2013,1160,Ramon Humber,NO,ED/OLB,"$580,000"
1160,nfl,2013,,Josh McCown,CHI,QB,"$580,000"
1161,nfl,2013,,Darryl Tapp,WAS,DL/DE,"$580,000"
1162,nfl,2013,1163,Dwayne Gratz,JAX,CB,"$579,394"
1163,nfl,2013,1164,Jason Kelce,PHI,C,"$579,385"
1164,nfl,2013,1165,Larry Warford,DET,G,"$579,250"
1165,nfl,2013,1166,Matt Bosher,ATL,P,"$578,950"
1166,nfl,2013,1167,Jared Crick,HOU,DL/DE,"$577,875"
1167,nfl,2013,1168,Sio Moore,OAK,LB/OLB,"$577,708"
1168,nfl,2013,1169,Adrien Robinson,NYG,TE,"$576,413"
1169,nfl,2013,1170,Bennie Logan,PHI,DL/DT,"$576,023"
1170,nfl,2013,1171,Rex Grossman,WAS,QB,"$575,000"
1171,nfl,2013,,Bryan Kehl,WAS,LB/ILB,"$575,000"
1172,nfl,2013,,Taylor Price,JAX,WR,"$575,000"
1173,nfl,2013,,Shelley Smith,STL,G,"$575,000"
1174,nfl,2013,1175,Jacquian Williams,NYG,LB/OLB,"$574,670"
1175,nfl,2013,1176,Leon McFadden,CLE,CB,"$572,813"
1176,nfl,2013,1177,Virgil Green,DEN,TE,"$571,236"
1177,nfl,2013,1178,Tyrann Mathieu,ARI,FS,"$570,625"
1178,nfl,2013,1179,Bruce Miller,SF,FB,"$570,613"
1179,nfl,2013,1180,Derek Newton,HOU,RT,"$570,064"
1180,nfl,2013,1181,Richard Marshall,SD,CB,"$570,000"
1181,nfl,2013,,Joshua Thomas,CAR,CB,"$570,000"
1182,nfl,2013,,Reggie Walker,SD,LB/ILB,"$570,000"
1183,nfl,2013,1184,Ryan Taylor,GB,TE,"$569,794"
1184,nfl,2013,1185,Brad Smith,PHI,WR,"$569,118"
1185,nfl,2013,1186,Blidi Wreh-Wilson,TEN,CB,"$569,081"
1186,nfl,2013,1187,Anthony Gaitor,TB,CB,"$568,404"
1187,nfl,2013,1188,T.J. McDonald,STL,FS,"$567,000"
1188,nfl,2013,1189,Cliff Matthews,ATL,ED/DE,"$566,750"
1189,nfl,2013,1190,David Ausberry,OAK,TE,"$566,475"
1190,nfl,2013,,Andrew Gachkar,SD,ED/OLB,"$566,475"
1191,nfl,2013,,Chris Neild,WAS,DL/DT,"$566,475"
1192,nfl,2013,,Malcolm Smith,SEA,LB/OLB,"$566,475"
1193,nfl,2013,,Jimmy Wilson,MIA,SS,"$566,475"
1194,nfl,2013,1195,Tommie Campbell,TEN,CB,"$566,474"
1195,nfl,2013,1196,Brian Winters,NYJ,G,"$565,969"
1196,nfl,2013,1197,Thomas Gafford,KC,LS,"$565,000"
1197,nfl,2013,,Dwayne Harris,DAL,WR,"$565,000"
1198,nfl,2013,1199,Mike Glennon,TB,QB,"$564,375"
1199,nfl,2013,1200,Doug Baldwin,SEA,WR,"$560,833"
1200,nfl,2013,1201,Mark Herzlich,NYG,LB/OLB,"$560,000"
1201,nfl,2013,,Henry Hynoski,NYG,FB,"$560,000"
1202,nfl,2013,,Jeron Johnson,SEA,SS,"$560,000"
1203,nfl,2013,,Garrett McIntyre,NYJ,ED/OLB,"$560,000"
1204,nfl,2013,1205,Terrance Williams,DAL,WR,"$559,868"
1205,nfl,2013,1206,Byron Bell,CAR,RT,"$559,667"
1206,nfl,2013,1207,Terron Armstead,NO,LT,"$559,359"
1207,nfl,2013,1208,Keenan Allen,SD,WR,"$558,450"
1208,nfl,2013,1209,Nick Bellore,NYJ,LB/ILB,"$557,333"
1209,nfl,2013,1210,Cameron Bradfield,JAX,RT,"$556,668"
1210,nfl,2013,,Jamari Lattimore,GB,LB/ILB,"$556,668"
1211,nfl,2013,1212,Lestar Jean,HOU,WR,"$556,667"
1212,nfl,2013,1213,Dallas Thomas,MIA,G,"$556,594"
1213,nfl,2013,1214,Joseph Morgan,NO,WR,"$556,334"
1214,nfl,2013,1215,Spencer Paysinger,NYG,LB/ILB,"$556,000"
1215,nfl,2013,1216,Dan Bailey,DAL,K,"$555,833"
1216,nfl,2013,,M.D. Jennings,GB,S,"$555,833"
1217,nfl,2013,1218,Chris Harris,DEN,CB,"$555,668"
1218,nfl,2013,1219,Bryan Braman,HOU,ED/OLB,"$555,667"
1219,nfl,2013,1220,Phillip Tanner,DAL,RB,"$555,500"
1220,nfl,2013,1221,Miles Burris,OAK,LB/ILB,"$555,146"
1221,nfl,2013,,Mike Daniels,GB,DL/DT,"$555,146"
1222,nfl,2013,,Rhett Ellison,MIN,TE,"$555,146"
1223,nfl,2013,,Brandon Mosley,NYG,G,"$555,146"
1224,nfl,2013,1225,Husain Abdullah,KC,FS,"$555,000"
1225,nfl,2013,,Mario Addison,CAR,ED/DE,"$555,000"
1226,nfl,2013,,Danny Aiken,NE,LS,"$555,000"
1227,nfl,2013,,Derek Anderson,CAR,QB,"$555,000"
1228,nfl,2013,,Joe Barksdale,STL,RT,"$555,000"
1229,nfl,2013,,Nick Barnett,WAS,LB/ILB,"$555,000"
1230,nfl,2013,,Jackie Battle,TEN,FB,"$555,000"
1231,nfl,2013,,Bront Bird,SD,LB/ILB,"$555,000"
1232,nfl,2013,,Will Blackmon,JAX,CB,"$555,000"
1233,nfl,2013,,Eben Britton,CHI,RT,"$555,000"
1234,nfl,2013,,Richie Brockel,CAR,TE,"$555,000"
1235,nfl,2013,,Stephen Burton,JAX,WR,"$555,000"
1236,nfl,2013,,Rafael Bush,NO,FS,"$555,000"
1237,nfl,2013,,Jeff Byers,CAR,C,"$555,000"
1238,nfl,2013,,Dan Carpenter,BUF,K,"$555,000"
1239,nfl,2013,,Chimdi Chekwa,OAK,CB,"$555,000"
1240,nfl,2013,,Kellen Clemens,STL,QB,"$555,000"
1241,nfl,2013,,Kenyon Coleman,NO,DL/DE,"$555,000"
1242,nfl,2013,,Jed Collins,NO,FB,"$555,000"
1243,nfl,2013,,Jim Cordle,NYG,C,"$555,000"
1244,nfl,2013,,Billy Cundiff,CLE,K,"$555,000"
1245,nfl,2013,,Larry Dean,MIN,LB/OLB,"$555,000"
1246,nfl,2013,,Quintin Demps,KC,SS,"$555,000"
1247,nfl,2013,,James Dockery,CAR,CB,"$555,000"
1248,nfl,2013,,Leger Douzable,NYJ,DL/DT,"$555,000"
1249,nfl,2013,,Kris Durham,DET,WR,"$555,000"
1250,nfl,2013,,Andrew Economos,TB,LS,"$555,000"
1251,nfl,2013,,Clyde Gates,NYJ,WR,"$555,000"
1252,nfl,2013,,Matt Giordano,STL,S,"$555,000"
1253,nfl,2013,,Dejon Gomes,DET,S,"$555,000"
1254,nfl,2013,,Josh Gordy,IND,CB,"$555,000"
1255,nfl,2013,,Alexander Green,NYJ,RB,"$555,000"
1256,nfl,2013,,DuJuan Harris,GB,RB,"$555,000"
1257,nfl,2013,,Andrew Hawkins,CIN,WR,"$555,000"
1258,nfl,2013,,Ricky Henry,KC,G,"$555,000"
1259,nfl,2013,,Josh Hull,WAS,LB/ILB,"$555,000"
1260,nfl,2013,,Maurice Hurt,WAS,G,"$555,000"
1261,nfl,2013,,Lemuel Jeanpierre,SEA,C,"$555,000"
1262,nfl,2013,,Chris Jones,DAL,P,"$555,000"
1263,nfl,2013,,Colin Jones,CAR,FS,"$555,000"
1264,nfl,2013,,Akeem Jordan,KC,LB/ILB,"$555,000"
1265,nfl,2013,,Shiloh Keo,HOU,SS,"$555,000"
1266,nfl,2013,,Jim Leonhard,BUF,S,"$555,000"
1267,nfl,2013,,Dion Lewis,CLE,RB,"$555,000"
1268,nfl,2013,,Scott Lutrus,IND,LB/ILB,"$555,000"
1269,nfl,2013,,Rashean Mathis,DET,CB,"$555,000"
1270,nfl,2013,,Robert McClain,ATL,CB,"$555,000"
1271,nfl,2013,,Terrell McClain,HOU,DL/DE,"$555,000"
1272,nfl,2013,,Albert McClellan,BAL,ED/OLB,"$555,000"
1273,nfl,2013,,Luke McCown,NO,QB,"$555,000"
1274,nfl,2013,,Rocky McIntosh,DET,LB/OLB,"$555,000"
1275,nfl,2013,,Mike McNeill,STL,TE,"$555,000"
1276,nfl,2013,,Michael Morgan,SEA,LB/OLB,"$555,000"
1277,nfl,2013,,Dan Orlovsky,TB,QB,"$555,000"
1278,nfl,2013,,Calvin Pace,NYJ,ED/OLB,"$555,000"
1279,nfl,2013,,Ron Parker,KC,FS,"$555,000"
1280,nfl,2013,,Tony Pashos,OAK,RT,"$555,000"
1281,nfl,2013,,Johnny Patrick,SD,CB,"$555,000"
1282,nfl,2013,,Allen Reisner,JAX,TE,"$555,000"
1283,nfl,2013,,Joe Reitz,IND,G,"$555,000"
1284,nfl,2013,,Evan Royster,WAS,RB,"$555,000"
1285,nfl,2013,,Dane Sanzenbacher,CIN,WR,"$555,000"
1286,nfl,2013,,Caleb Schlauderaff,NYJ,C,"$555,000"
1287,nfl,2013,,Da'Rel Scott,NYG,RB,"$555,000"
1288,nfl,2013,,Anthony Sherman,KC,FB,"$555,000"
1289,nfl,2013,,Ernie Sims,DAL,LB/OLB,"$555,000"
1290,nfl,2013,,Alfonso Smith,ARI,RB,"$555,000"
1291,nfl,2013,,Armond Smith,CAR,RB,"$555,000"
1292,nfl,2013,,Brandon Stokley,BAL,WR,"$555,000"
1293,nfl,2013,,Ronald Talley,ARI,DL/DE,"$555,000"
1294,nfl,2013,,Cedric Thornton,PHI,DL/DT,"$555,000"
1295,nfl,2013,,Jordan Todman,JAX,RB,"$555,000"
1296,nfl,2013,,Jeremy Trueblood,ATL,RT,"$555,000"
1297,nfl,2013,,Isaiah Trufant,NYJ,CB,"$555,000"
1298,nfl,2013,,Mitch Unrein,DEN,ED/DE,"$555,000"
1299,nfl,2013,,Steve Vallos,DEN,C,"$555,000"
1300,nfl,2013,,Josh Vaughan,ATL,RB,"$555,000"
1301,nfl,2013,,Darrin Walls,NYJ,CB,"$555,000"
1302,nfl,2013,,Anthony Walters,CHI,SS,"$555,000"
1303,nfl,2013,,Danny Watkins,MIA,G,"$555,000"
1304,nfl,2013,,Guy Whimper,PIT,G,"$555,000"
1305,nfl,2013,,Chris White,NE,LB/ILB,"$555,000"
1306,nfl,2013,,Will Witherspoon,STL,LB/OLB,"$555,000"
1307,nfl,2013,,Will Yeatman,MIA,LT,"$555,000"
1308,nfl,2013,1309,Marquise Goodwin,BUF,WR,"$554,719"
1309,nfl,2013,1310,Markus Wheaton,PIT,WR,"$552,844"
1310,nfl,2013,1311,J.J. Wilcox,DAL,FS,"$551,517"
1311,nfl,2013,1312,Matt Barkley,PHI,QB,"$549,257"
1312,nfl,2013,1313,Damontre Moore,NYG,ED/DE,"$548,813"
1313,nfl,2013,1314,John Jenkins,NO,DL/DE,"$546,890"
1314,nfl,2013,1315,Lavelle Hawkins,SD,WR,"$546,765"
1315,nfl,2013,,Kevin Ogletree,DET,WR,"$546,765"
1316,nfl,2013,1317,Logan Ryan,NE,CB,"$545,813"
1317,nfl,2013,1318,Shawn Williams,CIN,SS,"$543,986"
1318,nfl,2013,1319,Jordan Reed,WAS,TE,"$542,278"
1319,nfl,2013,1320,Hugh Thornton,IND,G,"$541,345"
1320,nfl,2013,1321,Jordan Hill,SEA,DL/DT,"$541,035"
1321,nfl,2013,1322,Corey Lemonier,SF,ED/OLB,"$540,880"
1322,nfl,2013,1323,Kayvon Webster,DEN,CB,"$539,950"
1323,nfl,2013,1324,Duron Harmon,NE,SS,"$538,400"
1324,nfl,2013,1325,Stedman Bailey,STL,WR,"$536,850"
1325,nfl,2013,1326,Will Davis,MIA,CB,"$535,300"
1326,nfl,2013,1327,Brandon Williams,BAL,DL/DT,"$533,750"
1327,nfl,2013,1328,Malik Jackson,DEN,DL/DT,"$533,403"
1328,nfl,2013,1329,Tahir Whitehead,DET,LB/OLB,"$533,000"
1329,nfl,2013,1330,Robert Blanton,MIN,SS,"$532,763"
1330,nfl,2013,1331,Knile Davis,KC,RB,"$531,504"
1331,nfl,2013,,Zaviar Gooden,TEN,LB/ILB,"$531,504"
1332,nfl,2013,1333,Adam Gettis,WAS,G,"$530,493"
1333,nfl,2013,1334,Josh Norman,CAR,CB,"$529,750"
1334,nfl,2013,1335,Taylor Thompson,TEN,TE,"$529,500"
1335,nfl,2013,1336,Isaac Sopoaga,NE,DL/DT,"$529,411"
1336,nfl,2013,1337,Dennis Kelly,PHI,RT,"$527,200"
1337,nfl,2013,1338,Demarcus Dobbs,SF,DL/DE,"$526,519"
1338,nfl,2013,1339,Nico Johnson,KC,LB/ILB,"$526,500"
1339,nfl,2013,1340,Akeem Spence,TB,DL/DT,"$526,071"
1340,nfl,2013,1341,Jack Crawford,OAK,ED/DE,"$525,606"
1341,nfl,2013,1342,Josh Boyce,NE,WR,"$524,250"
1342,nfl,2013,1343,Corey White,NO,CB,"$524,125"
1343,nfl,2013,1344,Jelani Jenkins,MIA,LB/OLB,"$523,172"
1344,nfl,2013,1345,Eric Wright,SF,CB,"$522,648"
1345,nfl,2013,1346,Duke Williams,BUF,FS,"$522,563"
1346,nfl,2013,1347,Tandon Doss,BAL,WR,"$522,353"
1347,nfl,2013,,Kassim Osgood,SF,WR,"$522,353"
1348,nfl,2013,1349,Fernando Velasco,PIT,G,"$522,352"
1349,nfl,2013,1350,Jonathan Massaquoi,ATL,ED/DE,"$522,215"
1350,nfl,2013,1351,Dion Sims,MIA,TE,"$521,888"
1351,nfl,2013,1352,Brian Schwenke,TEN,C,"$521,065"
1352,nfl,2013,1353,Marvin Jones,CIN,WR,"$520,700"
1353,nfl,2013,1354,George Iloka,CIN,FS,"$520,075"
1354,nfl,2013,1355,David Bakhtiari,GB,LT,"$518,850"
1355,nfl,2013,1356,Landon Cohen,CHI,DL/DT,"$518,823"
1356,nfl,2013,,John Conner,NYG,FB,"$518,823"
1357,nfl,2013,1358,Ryan Nassib,NYG,QB,"$518,400"
1358,nfl,2013,1359,Shamarko Thomas,PIT,SS,"$518,288"
1359,nfl,2013,1360,Ace  Sanders,JAX,WR,"$518,282"
1360,nfl,2013,1361,Barrett Jones,STL,G,"$516,300"
1361,nfl,2013,1362,Vick Ballard,IND,RB,"$516,140"
1362,nfl,2013,,Juron Criner,OAK,WR,"$516,140"
1363,nfl,2013,1364,B.W. Webb,DAL,CB,"$515,845"
1364,nfl,2013,1365,Cyrus Gray,KC,RB,"$514,918"
1365,nfl,2013,1366,Landry Jones,PIT,QB,"$514,805"
1366,nfl,2013,1367,Earl Watford,ARI,RT,"$513,716"
1367,nfl,2013,1368,Khaseem Greene,CHI,LB/OLB,"$513,023"
1368,nfl,2013,1369,Greg Zuerlein,STL,K,"$512,205"
1369,nfl,2013,1370,Jeremy Lane,SEA,CB,"$511,279"
1370,nfl,2013,1371,Alfred Morris,WAS,RB,"$510,775"
1371,nfl,2013,1372,Gerald Hodges,MIN,LB/OLB,"$510,027"
1372,nfl,2013,,Khaled Holmes,IND,C,"$510,027"
1373,nfl,2013,1374,Blair Walsh,MIN,K,"$509,483"
1374,nfl,2013,1375,J.C. Tretter,GB,C,"$508,977"
1375,nfl,2013,1376,Mike Harris,JAX,CB,"$508,947"
1376,nfl,2013,1377,Justin Bethel,ARI,CB,"$508,556"
1377,nfl,2013,1378,Shaun Rogers,NYG,DL/DT,"$508,471"
1378,nfl,2013,1379,Johnathan Franklin,GB,RB,"$506,367"
1379,nfl,2013,1380,Ryan Lindley,ARI,QB,"$506,327"
1380,nfl,2013,1381,James Hanna,DAL,TE,"$506,213"
1381,nfl,2013,1382,Josh Bush,NYJ,SS,"$506,055"
1382,nfl,2013,1383,Danny Trevathan,DEN,LB/ILB,"$506,018"
1383,nfl,2013,1384,William Gholston,TB,ED/DE,"$505,136"
1384,nfl,2013,1385,Andy Studebaker,IND,ED/OLB,"$504,706"
1385,nfl,2013,1386,Malliciah Goodman,ATL,ED/DE,"$504,272"
1386,nfl,2013,1387,Jonte Green,DET,CB,"$504,250"
1387,nfl,2013,1388,Nate Ebner,NE,FS,"$504,150"
1388,nfl,2013,1389,Quinton Patton,SF,WR,"$502,875"
1389,nfl,2013,1390,John Simon,BAL,ED/OLB,"$501,413"
1390,nfl,2013,1391,Brad Nortman,CAR,P,"$499,670"
1391,nfl,2013,,Billy Winn,CLE,DL/DE,"$499,670"
1392,nfl,2013,1393,Nate Potter,ARI,LT,"$494,856"
1393,nfl,2013,1394,Travis Lewis,DET,LB/ILB,"$494,793"
1394,nfl,2013,1395,Alfonzo Dennard,NE,CB,"$494,462"
1395,nfl,2013,1396,J.R. Sweezy,SEA,G,"$494,212"
1396,nfl,2013,1397,Rishard Matthews,MIA,WR,"$493,403"
1397,nfl,2013,1398,Bryce Brown,PHI,RB,"$492,720"
1398,nfl,2013,1399,Deangelo Tyson,BAL,DL/DE,"$491,898"
1399,nfl,2013,1400,Kelvin Beachum,PIT,LT,"$491,474"
1400,nfl,2013,,Markus Kuhn,NYG,DL/DT,"$491,474"
1401,nfl,2013,,David Paulson,PIT,TE,"$491,474"
1402,nfl,2013,,Daryl Richardson,STL,RB,"$491,474"
1403,nfl,2013,,Travian Robertson,ATL,DL/DT,"$491,474"
1404,nfl,2013,1405,Crezdon Butler,SD,CB,"$489,706"
1405,nfl,2013,,Drayton Florence,CAR,CB,"$489,706"
1406,nfl,2013,,Michael Person,STL,G,"$489,706"
1407,nfl,2013,1408,Omar Gaither,ATL,LB/ILB,"$489,705"
1408,nfl,2013,,Willis McGahee,CLE,RB,"$489,705"
1409,nfl,2013,1410,Beau Brinkley,TEN,LS,"$486,666"
1410,nfl,2013,,Jerrell Freeman,IND,LB/ILB,"$486,666"
1411,nfl,2013,,Kellen Moore,DET,QB,"$486,666"
1412,nfl,2013,1413,Damaris Johnson,PHI,WR,"$485,000"
1413,nfl,2013,1414,Brandon Bolden,NE,RB,"$484,584"
1414,nfl,2013,1415,Lucas Nix,OAK,G,"$484,166"
1415,nfl,2013,1416,Steven Johnson,DEN,LB/ILB,"$484,000"
1416,nfl,2013,1417,Mike Brewster,JAX,C,"$483,333"
1417,nfl,2013,,Matt Daniels,STL,FS,"$483,333"
1418,nfl,2013,,Johnny Hekker,STL,P,"$483,333"
1419,nfl,2013,,Chris Polk,PHI,RB,"$483,333"
1420,nfl,2013,,Derrick Shelby,MIA,DL/DT,"$483,333"
1421,nfl,2013,,Rod Streater,OAK,WR,"$483,333"
1422,nfl,2013,1423,Leonard Johnson,TB,CB,"$482,500"
1423,nfl,2013,,Marcus Thigpen,MIA,WR,"$482,500"
1424,nfl,2013,1425,Damon Harrison,NYJ,DL/DT,"$482,333"
1425,nfl,2013,1426,Garrett Celek,SF,TE,"$482,000"
1426,nfl,2013,,Matt Conrath,STL,DL/DT,"$482,000"
1427,nfl,2013,,Trevor Robinson,CIN,C,"$482,000"
1428,nfl,2013,1429,Marcus Benard,ARI,ED/OLB,"$481,765"
1429,nfl,2013,,Austin Spitler,MIA,LB/ILB,"$481,765"
1430,nfl,2013,1431,Rusty Smith,TEN,QB,"$481,764"
1431,nfl,2013,1432,Travaris Cadet,NO,RB,"$481,667"
1432,nfl,2013,,Robert Golden,PIT,FS,"$481,667"
1433,nfl,2013,,Sean Richardson,GB,SS,"$481,667"
1434,nfl,2013,1435,Aaron Brewer,DEN,LS,"$481,333"
1435,nfl,2013,,Rodney McLeod,STL,FS,"$481,333"
1436,nfl,2013,,Deonte Thompson,BAL,WR,"$481,333"
1437,nfl,2013,1438,Mike Harris,SD,G,"$481,166"
1438,nfl,2013,1439,Tyrunn Walker,NO,DL/DT,"$481,000"
1439,nfl,2013,1440,Johnson Bademosi,CLE,CB,"$480,833"
1440,nfl,2013,,Don Barclay,GB,RT,"$480,833"
1441,nfl,2013,,Josh Harris,ATL,LS,"$480,833"
1442,nfl,2013,1443,Dominique Davis,ATL,ED/DE,"$480,666"
1443,nfl,2013,1444,Brandon Jacobs,NYG,RB,"$480,530"
1444,nfl,2013,1445,Cole Beasley,DAL,WR,"$480,500"
1445,nfl,2013,,Tashaun Gipson,CLE,FS,"$480,500"
1446,nfl,2013,1447,Vontaze Burfict,CIN,LB/OLB,"$480,333"
1447,nfl,2013,1448,Greg Childs,MIN,WR,"$480,146"
1448,nfl,2013,,Kyle Juszczyk,BAL,FB,"$480,146"
1449,nfl,2013,,Marcus Lattimore,SF,RB,"$480,146"
1450,nfl,2013,,Devin Taylor,DET,ED/DE,"$480,146"
1451,nfl,2013,,Levine Toilolo,ATL,TE,"$480,146"
1452,nfl,2013,1453,Antonio Allen,NYJ,CB,"$480,000"
1453,nfl,2013,,Matt Asiata,MIN,RB,"$480,000"
1454,nfl,2013,,Tim Barnes,STL,C,"$480,000"
1455,nfl,2013,,Antwon Blake,PIT,CB,"$480,000"
1456,nfl,2013,,Jarrett Boykin,GB,WR,"$480,000"
1457,nfl,2013,,Allen Bradford,NYG,LB/ILB,"$480,000"
1458,nfl,2013,,James Brown,CHI,G,"$480,000"
1459,nfl,2013,,Kaelin Burnett,OAK,LB/OLB,"$480,000"
1460,nfl,2013,,Josh Bynes,BAL,ED/OLB,"$480,000"
1461,nfl,2013,,Tank Carder,CLE,LB/ILB,"$480,000"
1462,nfl,2013,,Nate Chandler,CAR,LT,"$480,000"
1463,nfl,2013,,Tom Compton,WAS,T,"$480,000"
1464,nfl,2013,,Kevin Cone,ATL,WR,"$480,000"
1465,nfl,2013,,Drew Davis,ATL,WR,"$480,000"
1466,nfl,2013,,James Develin,NE,FB,"$480,000"
1467,nfl,2013,,Pat Devlin,MIA,QB,"$480,000"
1468,nfl,2013,,Marcus Easley,BUF,WR,"$480,000"
1469,nfl,2013,,Kai Forbath,WAS,K,"$480,000"
1470,nfl,2013,,Jonathan Freeny,MIA,LB/OLB,"$480,000"
1471,nfl,2013,,Najee Goode,PHI,ED/OLB,"$480,000"
1472,nfl,2013,,Harland Gunn,ATL,G,"$480,000"
1473,nfl,2013,,Winston Guy,JAX,FS,"$480,000"
1474,nfl,2013,,Cory Harkey,STL,FB,"$480,000"
1475,nfl,2013,,Bryce Harris,NO,RT,"$480,000"
1476,nfl,2013,,Stanley Havili,IND,FB,"$480,000"
1477,nfl,2013,,Trindon Holliday,DEN,KR,"$480,000"
1478,nfl,2013,,Jaye Howard,KC,DL/DE,"$480,000"
1479,nfl,2013,,Duke Ihenacho,DEN,SS,"$480,000"
1480,nfl,2013,,Jaiquawn Jarrett,NYJ,FS,"$480,000"
1481,nfl,2013,,James-Michael Johnson,KC,ED/OLB,"$480,000"
1482,nfl,2013,,Will Johnson,PIT,FB,"$480,000"
1483,nfl,2013,,Dominique Jones,BUF,TE,"$480,000"
1484,nfl,2013,,Jermaine Kearse,SEA,WR,"$480,000"
1485,nfl,2013,,Ishmaa'ily Kitchen,CLE,DL/DT,"$480,000"
1486,nfl,2013,,Anthony Levine,BAL,LB/ILB,"$480,000"
1487,nfl,2013,,Jeff Maehl,PHI,WR,"$480,000"
1488,nfl,2013,,Matthew Masifilo,TB,G,"$480,000"
1489,nfl,2013,,Dezman Moses,KC,ED/OLB,"$480,000"
1490,nfl,2013,,Kyle Nelson,WAS,LS,"$480,000"
1491,nfl,2013,,Jamize Olawale,OAK,FB,"$480,000"
1492,nfl,2013,,Matt Overton,IND,LS,"$480,000"
1493,nfl,2013,,Austin Pasztor,JAX,T,"$480,000"
1494,nfl,2013,,Graham Pocic,CHI,RT,"$480,000"
1495,nfl,2013,,Michael Preston,TEN,WR,"$480,000"
1496,nfl,2013,,Craig Robertson,CLE,LB/ILB,"$480,000"
1497,nfl,2013,,Aldrick Robinson,WAS,WR,"$480,000"
1498,nfl,2013,,Trenton Robinson,WAS,FS,"$480,000"
1499,nfl,2013,,Brandian Ross,OAK,CB,"$480,000"
1500,nfl,2013,,A.Q. Shipley,BAL,C,"$480,000"
1501,nfl,2013,,Bradley Sowell,ARI,LT,"$480,000"
1502,nfl,2013,,Jeremy Stewart,OAK,RB,"$480,000"
1503,nfl,2013,,Frank Summers,BUF,FB,"$480,000"
1504,nfl,2013,,Alameda Ta'amu,ARI,DL/DT,"$480,000"
1505,nfl,2013,,Will Ta'ufo'ou,JAX,FB,"$480,000"
1506,nfl,2013,,J.T. Thomas,JAX,LB/OLB,"$480,000"
1507,nfl,2013,,Justin Tucker,BAL,K,"$480,000"
1508,nfl,2013,,Julian Vandervelde,PHI,C,"$480,000"
1509,nfl,2013,,Darrion Weems,DAL,RT,"$480,000"
1510,nfl,2013,,Cody White,HOU,C,"$480,000"
1511,nfl,2013,,Michael Wilhoite,SF,LB/ILB,"$480,000"
1512,nfl,2013,1513,Michael Adams,TB,S,"$471,353"
1513,nfl,2013,1514,Edgar Jones,DAL,LB/OLB,"$463,471"
1514,nfl,2013,1515,Josh Chapman,IND,DL/DT,"$458,878"
1515,nfl,2013,1516,Denard Robinson,JAX,RB,"$458,403"
1516,nfl,2013,1517,Earl Wolff,PHI,SS,"$458,000"
1517,nfl,2013,1518,Seneca Wallace,GB,QB,"$457,412"
1518,nfl,2013,1519,Chris Crocker,CIN,S,"$457,059"
1519,nfl,2013,,Andre Fluellen,DET,DL/DT,"$457,059"
1520,nfl,2013,,Spencer Larsen,TB,RB,"$457,059"
1521,nfl,2013,,Steve Schilling,SD,G,"$457,059"
1522,nfl,2013,1523,Tharold Simon,SEA,CB,"$456,725"
1523,nfl,2013,1524,Stepfan Taylor,ARI,RB,"$455,125"
1524,nfl,2013,1525,Oday Aboushi,NYJ,G,"$454,750"
1525,nfl,2013,1526,Lavar Edwards,TEN,ED/DE,"$454,625"
1526,nfl,2013,1527,Jonathan Meeks,BUF,FS,"$454,500"
1527,nfl,2013,1528,Kenny Stills,NO,WR,"$453,613"
1528,nfl,2013,1529,Steven Means,TB,ED/DE,"$452,938"
1529,nfl,2013,,Johnnie Troutman,SD,G,"$452,938"
1530,nfl,2013,1531,A.J. Klein,CAR,LB/ILB,"$452,825"
1531,nfl,2013,1532,Brandon McGee,STL,CB,"$452,790"
1532,nfl,2013,1533,Joseph Randle,DAL,RB,"$452,220"
1533,nfl,2013,1534,Cooper Taylor,NYG,FS,"$451,813"
1534,nfl,2013,1535,Stansly Maponga,ATL,ED/DE,"$451,685"
1535,nfl,2013,1536,Chris Thompson,WAS,RB,"$451,250"
1536,nfl,2013,1537,Bradie Ewing,ATL,FB,"$451,048"
1537,nfl,2013,,Jeff Locke,MIN,P,"$451,048"
1538,nfl,2013,1539,Tanner Hawkinson,CIN,G,"$450,606"
1539,nfl,2013,1540,Quinton Dial,SF,DL/DT,"$450,413"
1540,nfl,2013,1541,Luke Willson,SEA,TE,"$449,633"
1541,nfl,2013,1542,Randy Bullock,HOU,K,"$449,527"
1542,nfl,2013,,Micah Hyde,GB,SS,"$449,527"
1543,nfl,2013,1544,Zac Stacy,STL,RB,"$449,125"
1544,nfl,2013,1545,Montori Hughes,IND,DL/DT,"$448,611"
1545,nfl,2013,1546,Brandon Jenkins,WAS,ED/OLB,"$447,215"
1546,nfl,2013,1547,Jordan Mills,CHI,RT,"$446,200"
1547,nfl,2013,1548,Mike Gillislee,MIA,RB,"$445,700"
1548,nfl,2013,1549,Sam Martin,DET,P,"$445,075"
1549,nfl,2013,1550,Stevenson Sylvester,PIT,LB/ILB,"$444,705"
1550,nfl,2013,1551,Joshua Cribbs,NYJ,WR,"$441,882"
1551,nfl,2013,1552,Josh Boyd,GB,DL/DT,"$441,140"
1552,nfl,2013,,Caleb Sturgis,MIA,K,"$441,140"
1553,nfl,2013,,Ricky Wagner,BAL,RT,"$441,140"
1554,nfl,2013,1555,Lance Dunbar,DAL,RB,"$438,353"
1555,nfl,2013,,Mario Harvey,IND,FB,"$438,353"
1556,nfl,2013,1557,Josh Evans,JAX,SS,"$437,205"
1557,nfl,2013,1558,Jamell Fleming,JAX,S,"$436,765"
1558,nfl,2013,1559,Eric Kush,KC,G,"$436,279"
1559,nfl,2013,1560,Nick Kasa,OAK,TE,"$435,150"
1560,nfl,2013,1561,Rokevious Watkins,KC,G,"$435,000"
1561,nfl,2013,1562,William Campbell,NYJ,G,"$432,625"
1562,nfl,2013,1563,Tourek Williams,SD,ED/OLB,"$432,515"
1563,nfl,2013,1564,Nick Moody,SF,LB/ILB,"$431,918"
1564,nfl,2013,1565,Kenjon Barner,CAR,RB,"$431,450"
1565,nfl,2013,1566,Mychal Rivera,OAK,TE,"$431,213"
1566,nfl,2013,1567,DeVonte Holloman,DAL,LB/OLB,"$431,055"
1567,nfl,2013,1568,Andre Ellington,ARI,RB,"$430,966"
1568,nfl,2013,1569,Cornelius Washington,CHI,ED/DE,"$430,947"
1569,nfl,2013,1570,Mike James,TB,RB,"$430,788"
1570,nfl,2013,1571,Rex Burkhead,CIN,RB,"$430,550"
1571,nfl,2013,1572,Bacarri Rambo,WAS,SS,"$430,418"
1572,nfl,2013,1573,Nate Palmer,GB,LB/ILB,"$429,724"
1573,nfl,2013,1574,Spencer Ware,SEA,RB,"$429,358"
1574,nfl,2013,1575,Jeff Baca,MIN,G,"$429,150"
1575,nfl,2013,1576,Delano Howell,IND,S,"$427,941"
1576,nfl,2013,1577,Theo Riddick,DET,RB,"$427,750"
1577,nfl,2013,1578,Ryan Griffin,HOU,TE,"$424,670"
1578,nfl,2013,,Ryan Jensen,BAL,C,"$424,670"
1579,nfl,2013,,Stacy McGee,OAK,DL/DT,"$424,670"
1580,nfl,2013,,Vince Williams,PIT,LB/ILB,"$424,670"
1581,nfl,2013,1582,Andre Holmes,OAK,WR,"$424,412"
1582,nfl,2013,,Thomas Keiser,SD,ED/OLB,"$424,412"
1583,nfl,2013,,David Nelson,NYJ,WR,"$424,412"
1584,nfl,2013,,Tiquan Underwood,TB,WR,"$424,412"
1585,nfl,2013,,Kellen Winslow,NYJ,TE,"$424,412"
1586,nfl,2013,1587,Ricky Stanzi,JAX,QB,"$424,411"
1587,nfl,2013,1588,Brennan Williams,HOU,RT,"$423,725"
1588,nfl,2013,1589,Rashad Carmichael,PHI,CB,"$423,529"
1589,nfl,2013,,Patrick DiMarco,ATL,FB,"$423,529"
1590,nfl,2013,1591,Mike Catapano,KC,DL/DE,"$422,281"
1591,nfl,2013,1592,Brice Butler,OAK,WR,"$421,875"
1592,nfl,2013,1593,Demetrius McCray,JAX,CB,"$421,741"
1593,nfl,2013,1594,Michael Mauti,MIN,LB/OLB,"$420,682"
1594,nfl,2013,1595,Tommy Bohanon,NYJ,FB,"$420,562"
1595,nfl,2013,1596,Brad Sorensen,SD,QB,"$419,850"
1596,nfl,2013,1597,Chris Gragg,BUF,TE,"$419,793"
1597,nfl,2013,1598,Michael Buchanan,NE,ED/DE,"$418,403"
1598,nfl,2013,1599,Garrett Gilkey,CLE,G,"$417,848"
1599,nfl,2013,1600,Konrad Reuland,NYJ,TE,"$417,529"
1600,nfl,2013,,Zac Robinson,CIN,QB,"$417,529"
1601,nfl,2013,1602,Sam Barrington,GB,LB/ILB,"$417,250"
1602,nfl,2013,1603,Zac Dysert,DEN,QB,"$417,050"
1603,nfl,2013,1604,Steve Beauharnais,NE,LB/ILB,"$416,898"
1604,nfl,2013,1605,Marquess Wilson,CHI,WR,"$416,787"
1605,nfl,2013,1606,Michael Bowie,SEA,RT,"$416,474"
1606,nfl,2013,,Armonty Bryant,CLE,DL/DE,"$416,474"
1607,nfl,2013,,Michael Cox,NYG,RB,"$416,474"
1608,nfl,2013,,Kemal Ishmael,ATL,SS,"$416,474"
1609,nfl,2013,,Don Jones,MIA,FS,"$416,474"
1610,nfl,2013,,Zeke Motta,ATL,S,"$416,474"
1611,nfl,2013,,Daimion Stafford,TEN,SS,"$416,474"
1612,nfl,2013,1613,Jayson Dimanche,CIN,LB/ILB,"$410,000"
1613,nfl,2013,1614,C.J. Anderson,DEN,RB,"$409,166"
1614,nfl,2013,,Joseph Fauria,DET,TE,"$409,166"
1615,nfl,2013,1616,Jake Knott,PHI,LB/ILB,"$409,000"
1616,nfl,2013,1617,Tony Jefferson,ARI,SS,"$408,366"
1617,nfl,2013,1618,Tyler Bray,KC,QB,"$408,333"
1618,nfl,2013,,Benny Cunningham,STL,RB,"$408,333"
1619,nfl,2013,,Wes Horton,CAR,ED/DE,"$408,333"
1620,nfl,2013,,Rashaan Melvin,TB,CB,"$408,333"
1621,nfl,2013,,LaAdrian Waddle,DET,RT,"$408,333"
1622,nfl,2013,,Tim Wright,TB,TE,"$408,333"
1623,nfl,2013,1624,Keenan Robinson,WAS,ED/OLB,"$408,027"
1624,nfl,2013,1625,Jaron Brown,ARI,WR,"$408,000"
1625,nfl,2013,1626,Dan Giordano,ARI,ED/OLB,"$407,750"
1626,nfl,2013,1627,Zach Line,MIN,FB,"$407,666"
1627,nfl,2013,1628,Damion Square,PHI,DL/DT,"$407,500"
1628,nfl,2013,,Melvin White,CAR,CB,"$407,500"
1629,nfl,2013,1630,Glenn Foster,NO,DL/DE,"$407,333"
1630,nfl,2013,,Nickell Robey-Coleman,BUF,CB,"$407,333"
1631,nfl,2013,,Lane Taylor,GB,G,"$407,333"
1632,nfl,2013,1633,Alvin Bailey,SEA,G,"$407,000"
1633,nfl,2013,,Martin Wallace,CLE,LT,"$407,000"
1634,nfl,2013,1635,Jahleel Addae,SD,SS,"$406,666"
1635,nfl,2013,,Joplo Bartu,ATL,LB/OLB,"$406,666"
1636,nfl,2013,,Brandon Bogotay,CLE,K,"$406,666"
1637,nfl,2013,,A.J. Bouye,HOU,CB,"$406,666"
1638,nfl,2013,,Marlon Brown,BAL,WR,"$406,666"
1639,nfl,2013,,Josh Hill,NO,TE,"$406,666"
1640,nfl,2013,,Tim Lelito,NO,G,"$406,666"
1641,nfl,2013,,Kevin McDermott,SF,LS,"$406,666"
1642,nfl,2013,,Andy Mulumba,GB,ED/OLB,"$406,666"
1643,nfl,2013,,Kevin Reddick,NO,LB/ILB,"$406,666"
1644,nfl,2013,,Rod Sweeting,NO,CB,"$406,666"
1645,nfl,2013,,Matt Tobin,PHI,G,"$406,666"
1646,nfl,2013,,Jeff Tuel,BUF,QB,"$406,666"
1647,nfl,2013,1648,Alex Okafor,ARI,DL/DE,"$406,607"
1648,nfl,2013,1649,Jeremy Kimbrough,WAS,LB/ILB,"$406,333"
1649,nfl,2013,1650,Michael Ford,CHI,RB,"$406,166"
1650,nfl,2013,1651,Kwame Geathers,SD,DL/DT,"$406,000"
1651,nfl,2013,,Mark Harrison,NE,WR,"$406,000"
1652,nfl,2013,1653,Abry Jones,JAX,DL/DT,"$405,833"
1653,nfl,2013,,LaRoy Reynolds,JAX,LB/ILB,"$405,833"
1654,nfl,2013,,Kenbrell Thompkins,NE,WR,"$405,833"
1655,nfl,2013,,Carson Tinker,JAX,LS,"$405,833"
1656,nfl,2013,,Justin Tuggle,HOU,LB/ILB,"$405,833"
1657,nfl,2013,1658,Jeff Heath,DAL,FS,"$405,666"
1658,nfl,2013,,Ryan Schraeder,ATL,RT,"$405,666"
1659,nfl,2013,,Paul Worrilow,ATL,LB/OLB,"$405,666"
1660,nfl,2013,1661,Ryan Allen,NE,P,"$405,500"
1661,nfl,2013,1662,Marquette King,OAK,P,"$405,333"
1662,nfl,2013,,Khiry Robinson,NO,RB,"$405,333"
1663,nfl,2013,,Ryan Robinson,OAK,ED/DE,"$405,333"
1664,nfl,2013,1665,C.J. Wilson,CHI,CB,"$405,166"
1665,nfl,2013,1666,Armond Armstead,NE,DL/DT,"$405,000"
1666,nfl,2013,,Ray-Ray Armstrong,STL,LB/OLB,"$405,000"
1667,nfl,2013,,Chase Baker,MIN,DL/DT,"$405,000"
1668,nfl,2013,,Chris Banjo,GB,SS,"$405,000"
1669,nfl,2013,,Chris Barker,NE,G,"$405,000"
1670,nfl,2013,,David Bass,CHI,ED/DE,"$405,000"
1671,nfl,2013,,Daren Bates,STL,LB/ILB,"$405,000"
1672,nfl,2013,,Taylor Boggs,CHI,G,"$405,000"
1673,nfl,2013,,Mike Brown,JAX,WR,"$405,000"
1674,nfl,2013,,Corbin Bryant,BUF,DL/DT,"$405,000"
1675,nfl,2013,,Derrick Coleman,SEA,FB,"$405,000"
1676,nfl,2013,,Marcus Cooper,KC,CB,"$405,000"
1677,nfl,2013,,Larry Donnell,NYG,TE,"$405,000"
1678,nfl,2013,,Jack Doyle,IND,TE,"$405,000"
1679,nfl,2013,,Hebron Fangupo,PIT,DL/DT,"$405,000"
1680,nfl,2013,,Terence Garvin,PIT,LB/ILB,"$405,000"
1681,nfl,2013,,Brittan Golden,ARI,WR,"$405,000"
1682,nfl,2013,,MarQueis Gray,CLE,TE,"$405,000"
1683,nfl,2013,,Jose Gumbs,WAS,S,"$405,000"
1684,nfl,2013,,Paul Hazel,CLE,DL/DE,"$405,000"
1685,nfl,2013,,Junior Hemingway,KC,WR,"$405,000"
1686,nfl,2013,,Chris Hogan,BUF,WR,"$405,000"
1687,nfl,2013,,Tony Jerod-Eddie,SF,DL/DE,"$405,000"
1688,nfl,2013,,Cam Johnson,IND,ED/OLB,"$405,000"
1689,nfl,2013,,Chris Jones,NE,DL/DT,"$405,000"
1690,nfl,2013,,Case Keenum,HOU,QB,"$405,000"
1691,nfl,2013,,Tavarres King,CAR,WR,"$405,000"
1692,nfl,2013,,Spencer Lanning,CLE,P,"$405,000"
1693,nfl,2013,,Ron Leary,DAL,G,"$405,000"
1694,nfl,2013,,Josh Lenz,IND,WR,"$405,000"
1695,nfl,2013,,Eric Martin,CLE,LB/ILB,"$405,000"
1696,nfl,2013,,Benson Mayowa,SEA,ED/DE,"$405,000"
1697,nfl,2013,,Matt McCants,OAK,RT,"$405,000"
1698,nfl,2013,,Matt McGloin,OAK,QB,"$405,000"
1699,nfl,2013,,Sean McGrath,KC,TE,"$405,000"
1700,nfl,2013,,Keavon Milton,CLE,T,"$405,000"
1701,nfl,2013,,Chase Minnifield,WAS,CB,"$405,000"
1702,nfl,2013,,Derek Moye,PIT,WR,"$405,000"
1703,nfl,2013,,Eric Page,TB,WR,"$405,000"
1704,nfl,2013,,Eddie Pleasant,HOU,FS,"$405,000"
1705,nfl,2013,,Shaun Prater,MIN,CB,"$405,000"
1706,nfl,2013,,Chase Reynolds,STL,RB,"$405,000"
1707,nfl,2013,,Matt Simms,NYJ,QB,"$405,000"
1708,nfl,2013,,Jake Stoneburner,GB,TE,"$405,000"
1709,nfl,2013,,Joe Vellano,NE,DL/DT,"$405,000"
1710,nfl,2013,,Brandon Williams,CAR,TE,"$405,000"
1711,nfl,2013,,Nick Williams,WAS,WR,"$405,000"
1712,nfl,2013,1713,Edmund Kugbila,CAR,G,"$402,114"
1713,nfl,2013,1714,Sean Porter,CIN,LB/ILB,"$395,325"
1714,nfl,2013,1715,Rishaw  Johnson,KC,G,"$395,294"
1715,nfl,2013,,Dontay Moch,ARI,DL/DE,"$395,294"
1716,nfl,2013,,Jay Ratliff,CHI,DL/DT,"$395,294"
1717,nfl,2013,1718,Phillip Thomas,WAS,SS,"$394,301"
1718,nfl,2013,1719,Keyunta Dawson,NO,DL/DE,"$391,765"
1719,nfl,2013,,Brian Moorman,BUF,P,"$391,765"
1720,nfl,2013,,Daniel Muir,OAK,DL/DT,"$391,765"
1721,nfl,2013,1722,Thaddeus Lewis,BUF,QB,"$391,764"
1722,nfl,2013,,Jacques McClendon,JAX,C,"$391,764"
1723,nfl,2013,,Stephen Williams,JAX,WR,"$391,764"
1724,nfl,2013,1725,Brandon Bostick,GB,TE,"$391,235"
1725,nfl,2013,,Russell Shepard,TB,WR,"$391,235"
1726,nfl,2013,1727,Trevardo Williams,HOU,DL/DE,"$389,903"
1727,nfl,2013,1728,Ed Reed,NYJ,S,"$387,058"
1728,nfl,2013,1729,Kapron Lewis-Moore,BAL,DL/DE,"$385,764"
1729,nfl,2013,1730,LaVon Brazill,IND,WR,"$385,572"
1730,nfl,2013,1731,Chris Hairston,BUF,LT,"$381,477"
1731,nfl,2013,1732,Deveron Carr,TB,CB,"$381,176"
1732,nfl,2013,1733,Matt Johnson,DAL,S,"$378,146"
1733,nfl,2013,1734,Collin Mooney,TEN,FB,"$377,471"
1734,nfl,2013,1735,Nate Byham,TB,TE,"$373,764"
1735,nfl,2013,1736,Will Hill,NYG,SS,"$367,059"
1736,nfl,2013,1737,Chris Owusu,TB,WR,"$367,058"
1737,nfl,2013,1738,Greg Van Roten,GB,G,"$365,471"
1738,nfl,2013,1739,Peyton Hillis,NYG,RB,"$359,118"
1739,nfl,2013,,Greg Salas,NYJ,WR,"$359,118"
1740,nfl,2013,,Jarius Wynn,DAL,LB/OLB,"$359,118"
1741,nfl,2013,1742,Elbert Mack,HOU,CB,"$359,117"
1742,nfl,2013,,Jason Williams,CAR,LB/OLB,"$359,117"
1743,nfl,2013,1744,Mike Caussin,BUF,TE,"$358,000"
1744,nfl,2013,1745,Robert Lester,CAR,SS,"$357,353"
1745,nfl,2013,,Lamar Mady,OAK,G,"$357,353"
1746,nfl,2013,1747,Ryan Quigley,NYJ,P,"$357,352"
1747,nfl,2013,1748,Dustin Hopkins,BUF,K,"$350,412"
1748,nfl,2013,1749,Jeff Demps,TB,RB,"$349,941"
1749,nfl,2013,1750,Darius Fleming,SF,ED/OLB,"$344,200"
1750,nfl,2013,1751,Sanders Commings,KC,FS,"$341,878"
1751,nfl,2013,1752,Jesse Williams,SEA,DL/DT,"$340,763"
1752,nfl,2013,1753,Lawrence Guy,SD,DL/DE,"$338,823"
1753,nfl,2013,,Dan Herron,IND,RB,"$338,823"
1754,nfl,2013,,Marvin McNutt,CAR,WR,"$338,823"
1755,nfl,2013,1756,Steve Williams,SD,CB,"$336,200"
1756,nfl,2013,1757,Quanterus Smith,DEN,ED/DE,"$336,000"
1757,nfl,2013,1758,Everette Brown,DAL,LB/OLB,"$333,529"
1758,nfl,2013,,Caylin Hauptmann,SEA,G,"$333,529"
1759,nfl,2013,,Deji Karim,HOU,RB,"$333,529"
1760,nfl,2013,,Darryl Morris,SF,CB,"$333,529"
1761,nfl,2013,1762,Josh Aubrey,CLE,SS,"$330,960"
1762,nfl,2013,1763,Phillip Hunt,PHI,DL/DE,"$329,668"
1763,nfl,2013,1764,Jordan Palmer,CHI,QB,"$326,471"
1764,nfl,2013,1765,Andre Carter,NE,ED/DE,"$326,470"
1765,nfl,2013,,Michael Robinson,SEA,FB,"$326,470"
1766,nfl,2013,1767,Greg Scruggs,SEA,ED/DE,"$325,770"
1767,nfl,2013,1768,David Quessenberry,HOU,LT,"$323,246"
1768,nfl,2013,1769,Lex Hilliard,NYJ,RB,"$322,900"
1769,nfl,2013,1770,Michael Smith,TB,RB,"$319,287"
1770,nfl,2013,1771,Richard Crawford,WAS,CB,"$318,933"
1771,nfl,2013,1772,Latavius Murray,OAK,RB,"$314,550"
1772,nfl,2013,1773,Alan Bonner,HOU,WR,"$312,250"
1773,nfl,2013,1774,Mark Asper,BUF,LT,"$310,588"
1774,nfl,2013,,Jerry Franklin,CHI,LB/OLB,"$310,588"
1775,nfl,2013,,Mike Mohamed,HOU,LB/ILB,"$310,588"
1776,nfl,2013,,Jeremy Ross,DET,WR,"$310,588"
1777,nfl,2013,1778,Kelcie McCray,TB,SS,"$309,706"
1778,nfl,2013,1779,Cody Davis,STL,FS,"$309,705"
1779,nfl,2013,,Charles James,NYG,CB,"$309,705"
1780,nfl,2013,,John Lotulelei,JAX,LB/OLB,"$309,705"
1781,nfl,2013,,Zach Sudfeld,NYJ,TE,"$309,705"
1782,nfl,2013,,Fozzy Whittaker,CLE,RB,"$309,705"
1783,nfl,2013,1784,Markus Zusevics,NE,RT,"$307,333"
1784,nfl,2013,1785,Aaron Mellette,BAL,WR,"$306,357"
1785,nfl,2013,1786,Jeremy Harris,JAX,CB,"$305,225"
1786,nfl,2013,1787,Laron Byrd,ARI,WR,"$305,166"
1787,nfl,2013,1788,Michael Williams,DET,TE,"$304,287"
1788,nfl,2013,1789,Joe Kruger,PHI,DL/DE,"$303,933"
1789,nfl,2013,1790,Chris Givens,NO,WR,"$303,833"
1790,nfl,2013,1791,Kris Adams,NYG,WR,"$303,000"
1791,nfl,2013,,Justin Anderson,IND,RT,"$303,000"
1792,nfl,2013,,Armon Binns,MIA,WR,"$303,000"
1793,nfl,2013,,Kevin Elliott,BUF,WR,"$303,000"
1794,nfl,2013,,Adrian Hamilton,BAL,ED/OLB,"$303,000"
1795,nfl,2013,,Justin Hickman,IND,LB/ILB,"$303,000"
1796,nfl,2013,,Emmanuel Lamur,CIN,LB/OLB,"$303,000"
1797,nfl,2013,,Doug Worthington,WAS,DL/DE,"$303,000"
1798,nfl,2013,1799,Nick Williams,PIT,DL/DE,"$302,462"
1799,nfl,2013,1800,Kevin Dorsey,GB,WR,"$302,212"
1800,nfl,2013,1801,Sean Renfree,ATL,QB,"$299,474"
1801,nfl,2013,1802,Chris Carr,NO,CB,"$296,471"
1802,nfl,2013,1803,Jake Ballard,ARI,TE,"$296,470"
1803,nfl,2013,,Michael Huff,DEN,S,"$296,470"
1804,nfl,2013,,Marlon Moore,MIA,WR,"$296,470"
1805,nfl,2013,1806,Matt Flynn,GB,QB,"$294,412"
1806,nfl,2013,1807,Mat McBriar,PIT,P,"$293,824"
1807,nfl,2013,1808,Weslye Saunders,IND,WR,"$293,823"
1808,nfl,2013,,Jeff Tarpinian,HOU,ED/OLB,"$293,823"
1809,nfl,2013,1810,Ben Bass,DAL,DL/DT,"$293,747"
1810,nfl,2013,1811,Lerentee McCray,DEN,LB/OLB,"$293,666"
1811,nfl,2013,1812,Kenneth Boatright,SEA,ED/DE,"$292,166"
1812,nfl,2013,1813,Adrian Davis,NO,CB,"$291,333"
1813,nfl,2013,,Philip Steward,STL,LB/OLB,"$291,333"
1814,nfl,2013,1815,T.J. Moe,NE,WR,"$290,666"
1815,nfl,2013,1816,Nik Embernate,PIT,G,"$290,500"
1816,nfl,2013,1817,Asa Jackson,BAL,CB,"$290,257"
1817,nfl,2013,1818,Larry Black,CIN,DL/DT,"$290,000"
1818,nfl,2013,1819,Alex Debniak,SF,FB,"$289,666"
1819,nfl,2013,,Byron Jerideau,SD,DL/DT,"$289,666"
1820,nfl,2013,,Luke Marquardt,SF,RT,"$289,666"
1821,nfl,2013,1822,Cory Grissom,NE,DL/DT,"$289,333"
1822,nfl,2013,1823,Brandon Joiner,CIN,LB/OLB,"$289,000"
1823,nfl,2013,,Alec Lemon,HOU,WR,"$289,000"
1824,nfl,2013,,Stephane Milhim,JAX,G,"$289,000"
1825,nfl,2013,,Adam Nissley,ATL,TE,"$289,000"
1826,nfl,2013,,Lawrence Okoye,SF,DL/DT,"$289,000"
1827,nfl,2013,,Michael Zordich,CAR,FB,"$289,000"
1828,nfl,2013,1829,Evan Frierson,HOU,LB/ILB,"$288,833"
1829,nfl,2013,1830,Colin Kelly,KC,RT,"$288,333"
1830,nfl,2013,1831,Marvin Booker,TB,LT,"$288,000"
1831,nfl,2013,,D.J. Bryant,BAL,ED/OLB,"$288,000"
1832,nfl,2013,,Brandon Carswell,SF,WR,"$288,000"
1833,nfl,2013,,Sederrick Cunningham,GB,WR,"$288,000"
1834,nfl,2013,,Chandler Fenner,SEA,CB,"$288,000"
1835,nfl,2013,,Linden Gaydosh,CAR,DL/DT,"$288,000"
1836,nfl,2013,,John Griffin,NYJ,RB,"$288,000"
1837,nfl,2013,,Vidal Hazelton,NYJ,WR,"$288,000"
1838,nfl,2013,,Saeed Lee,ATL,CB,"$288,000"
1839,nfl,2013,,Jeff Olson,DAL,G,"$288,000"
1840,nfl,2013,,Graham Pocic,STL,RT,"$288,000"
1841,nfl,2013,,Brice Schwab,NE,RT,"$288,000"
1842,nfl,2013,,Andrew Szczerba,ATL,TE,"$288,000"
1843,nfl,2013,,Everrette Thompson,ARI,DL/DT,"$288,000"
1844,nfl,2013,,R.J. Webb,CAR,WR,"$288,000"
1845,nfl,2013,1846,Brian Folkerts,CAR,C,"$285,882"
1846,nfl,2013,,Cameron Lawrence,DAL,LB/OLB,"$285,882"
1847,nfl,2013,,Antoine McClain,BUF,G,"$285,882"
1848,nfl,2013,,Patrick Omameh,TB,G,"$285,882"
1849,nfl,2013,,Ty Powell,BUF,LB/ILB,"$285,882"
1850,nfl,2013,1851,Bobby Rainey,TB,RB,"$282,353"
1851,nfl,2013,1852,Dallas Reynolds,NYG,G,"$282,352"
1852,nfl,2013,1853,Rodney Smith,MIN,WR,"$262,059"
1853,nfl,2013,,Matthew Tucker,PHI,RB,"$262,059"
1854,nfl,2013,1855,Darius Johnson,ATL,WR,"$262,058"
1855,nfl,2013,1856,David Arkin,MIA,G,"$261,176"
1856,nfl,2013,,Curtis Marsh,PHI,CB,"$261,176"
1857,nfl,2013,,Scott Tolzien,GB,QB,"$261,176"
1858,nfl,2013,1859,Kyle Williams,KC,WR,"$259,412"
1859,nfl,2013,1860,Corvey Irvin,DAL,DL/DT,"$259,411"
1860,nfl,2013,1861,Omar Brown,BAL,S,"$254,117"
1861,nfl,2013,,Ricardo Lockette,SEA,WR,"$254,117"
1862,nfl,2013,1863,Troy Davis,NYJ,ED/OLB,"$251,471"
1863,nfl,2013,1864,Leon Washington,TEN,RB,"$247,059"
1864,nfl,2013,1865,James Nixon,GB,CB,"$244,588"
1865,nfl,2013,1866,Brady Quinn,STL,QB,"$242,823"
1866,nfl,2013,1867,Myles White,GB,WR,"$241,412"
1867,nfl,2013,1868,Skye Dawson,TB,WR,"$238,235"
1868,nfl,2013,,Darius Eubanks,CLE,S,"$238,235"
1869,nfl,2013,,Ryan Griffin,NO,QB,"$238,235"
1870,nfl,2013,,Jakar Hamilton,DAL,S,"$238,235"
1871,nfl,2013,,Jordan Poyer,CLE,FS,"$238,235"
1872,nfl,2013,,Ronnie Wingo,BUF,RB,"$238,235"
1873,nfl,2013,1874,Dan Connor,CAR,LB/ILB,"$228,529"
1874,nfl,2013,,Sean Locklear,ATL,T,"$228,529"
1875,nfl,2013,,Derrick Martin,CHI,CB,"$228,529"
1876,nfl,2013,1877,Danny Noble,JAX,TE,"$225,882"
1877,nfl,2013,,Evan Rodriguez,BUF,FB,"$225,882"
1878,nfl,2013,,Josh Victorian,HOU,CB,"$225,882"
1879,nfl,2013,1880,Bryan McCann,ARI,CB,"$222,353"
1880,nfl,2013,1881,Jermaine Cunningham,NYJ,DL/DE,"$222,352"
1881,nfl,2013,1882,Teddy Williams,ARI,CB,"$219,882"
1882,nfl,2013,1883,Stefan Charles,BUF,DL/DT,"$214,411"
1883,nfl,2013,,Chase Ford,MIN,TE,"$214,411"
1884,nfl,2013,,Reid Fragel,CLE,RT,"$214,411"
1885,nfl,2013,,Dennis Johnson,HOU,RB,"$214,411"
1886,nfl,2013,,Josh Kline,NE,G,"$214,411"
1887,nfl,2013,,J.K. Schaffer,CIN,LB/OLB,"$214,411"
1888,nfl,2013,,Brynden Trawick,BAL,SS,"$214,411"
1889,nfl,2013,1890,Corey Lynch,IND,S,"$210,294"
1890,nfl,2013,1891,Audie Cole,MIN,LB/ILB,"$197,647"
1891,nfl,2013,,Cheta Ozougwu,CHI,ED/DE,"$197,647"
1892,nfl,2013,,Ricky Sapp,HOU,ED/OLB,"$197,647"
1893,nfl,2013,1894,Dorin Dickerson,DET,TE,"$195,882"
1894,nfl,2013,,Willie Smith,SD,LT,"$195,882"
1895,nfl,2013,1896,Ka'lial Glaud,TB,LB/OLB,"$190,588"
1896,nfl,2013,,Bradley McDougald,TB,SS,"$190,588"
1897,nfl,2013,,Nathan Stupar,JAX,LB/OLB,"$190,588"
1898,nfl,2013,,Kerry Taylor,JAX,WR,"$190,588"
1899,nfl,2013,1900,Christo Bilukidi,CIN,DL/DT,"$169,412"
1900,nfl,2013,,Josh Cooper,CLE,WR,"$169,412"
1901,nfl,2013,,Trevin Wade,NO,CB,"$169,412"
1902,nfl,2013,1903,Quinton Pointer,STL,CB,"$169,411"
1903,nfl,2013,1904,Quinn Johnson,TEN,FB,"$168,235"
1904,nfl,2013,,Darius Reynaud,NYJ,RB,"$168,235"
1905,nfl,2013,1906,Sam Brenner,MIA,C,"$166,765"
1906,nfl,2013,,Derek Carrier,SF,TE,"$166,765"
1907,nfl,2013,,Jawanza Starling,HOU,S,"$166,765"
1908,nfl,2013,1909,Travis Bond,CAR,G,"$166,764"
1909,nfl,2013,,Ryan Davis,JAX,ED/DE,"$166,764"
1910,nfl,2013,,Michael Hill,TB,RB,"$166,764"
1911,nfl,2013,,Da'Rick Rogers,IND,WR,"$166,764"
1912,nfl,2013,1913,Kyle Adams,TB,TE,"$163,235"
1913,nfl,2013,,Sione Fua,DEN,DL/DT,"$163,235"
1914,nfl,2013,,Sterling Moore,DAL,CB,"$163,235"
1915,nfl,2013,,Eric Olsen,PIT,C,"$163,235"
1916,nfl,2013,,Martez Wilson,DAL,LB/OLB,"$163,235"
1917,nfl,2013,1918,Chris Faulk,CLE,LT,"$153,333"
1918,nfl,2013,1919,Tony Moeaki,BUF,TE,"$152,941"
1919,nfl,2013,1920,Aaron Morgan,TB,ED/DE,"$149,647"
1920,nfl,2013,1921,Greg Jenkins,OAK,WR,"$142,941"
1921,nfl,2013,,Micah Pellerin,TEN,CB,"$142,941"
1922,nfl,2013,,Lonnie Pryor,TB,RB,"$142,941"
1923,nfl,2013,,Joe Unga,BUF,G,"$142,941"
1924,nfl,2013,,Kenny Wiggins,SD,G,"$142,941"
1925,nfl,2013,1926,Andre Smith,CLE,TE,"$141,177"
1926,nfl,2013,1927,Josh Bellamy,WAS,WR,"$141,176"
1927,nfl,2013,,Deshawn Shead,SEA,FS,"$141,176"
1928,nfl,2013,,Sealver Siliga,NE,DL/DT,"$141,176"
1929,nfl,2013,1930,Brandon Magee,CLE,LB/ILB,"$139,236"
1930,nfl,2013,1931,Chris Rainey,IND,RB,"$138,177"
1931,nfl,2013,1932,Kahlil Bell,GB,RB,"$130,588"
1932,nfl,2013,,Tyler Clutts,DAL,FB,"$130,588"
1933,nfl,2013,,Dennis Roland,CIN,RT,"$130,588"
1934,nfl,2013,1935,Jeremy Ebert,JAX,WR,"$129,176"
1935,nfl,2013,1936,Tashard Choice,IND,RB,"$126,176"
1936,nfl,2013,1937,Chris Williams,CHI,WR,"$123,824"
1937,nfl,2013,1938,Josh Martin,KC,ED/OLB,"$119,118"
1938,nfl,2013,1939,Victor Aiyewa,GB,ED/OLB,"$119,117"
1939,nfl,2013,,Rodney Austin,DET,G,"$119,117"
1940,nfl,2013,,Sean Cattouse,CHI,S,"$119,117"
1941,nfl,2013,,A.J. Francis,MIA,ED/DE,"$119,117"
1942,nfl,2013,,Stephen Goodin,NYG,G,"$119,117"
1943,nfl,2013,,Isaiah Green,PIT,S,"$119,117"
1944,nfl,2013,,Terren Jones,ATL,LT,"$119,117"
1945,nfl,2013,,Jordan Kovacs,MIA,SS,"$119,117"
1946,nfl,2013,,Alex Kupper,HOU,G,"$119,117"
1947,nfl,2013,,Josh McNary,IND,ED/OLB,"$119,117"
1948,nfl,2013,,Chris Pantale,NYJ,TE,"$119,117"
1949,nfl,2013,,Alex Tanney,CLE,QB,"$119,117"
1950,nfl,2013,1951,Christopher Owens,MIA,CB,"$117,647"
1951,nfl,2013,1952,Chris Greenwood,DET,CB,"$112,941"
1952,nfl,2013,,Danny Lansanah,TB,LB/ILB,"$112,941"
1953,nfl,2013,,David Snow,PIT,G,"$112,941"
1954,nfl,2013,,Julian Stanford,DET,LB/OLB,"$112,941"
1955,nfl,2013,1956,Kevin Matthews,TEN,C,"$111,176"
1956,nfl,2013,1957,Keith Tandy,TB,FS,"$110,150"
1957,nfl,2013,1958,Korey Toomer,SEA,LB/ILB,"$102,000"
1958,nfl,2013,1959,Delone Carter,JAX,RB,"$97,941"
1959,nfl,2013,,D.J. Williams,NE,TE,"$97,941"
1960,nfl,2013,1961,Bernard Scott,BAL,RB,"$97,491"
1961,nfl,2013,,Curtis Taylor,ARI,S,"$97,491"
1962,nfl,2013,1963,Daniel Adongo,IND,ED/OLB,"$95,294"
1963,nfl,2013,,Chance Casey,OAK,CB,"$95,294"
1964,nfl,2013,,Shelton Johnson,OAK,S,"$95,294"
1965,nfl,2013,,Marshall McFadden,OAK,LB/ILB,"$95,294"
1966,nfl,2013,,Xavier Nixon,IND,LT,"$95,294"
1967,nfl,2013,,Julian Posey,CLE,CB,"$95,294"
1968,nfl,2013,1969,Dominique Jones,KC,TE,"$92,118"
1969,nfl,2013,1970,Brandon Washington,STL,RT,"$85,497"
1970,nfl,2013,1971,Marcus Dowtin,NYG,LB/OLB,"$84,706"
1971,nfl,2013,1972,Brad Smelley,HOU,TE,"$84,705"
1972,nfl,2013,1973,Brian Arnfelt,PIT,DL/DE,"$71,471"
1973,nfl,2013,,Saalim Hakim,NYJ,WR,"$71,471"
1974,nfl,2013,,Charles Johnson,CLE,WR,"$71,471"
1975,nfl,2013,,Ricky Lumpkin,OAK,DL/DT,"$71,471"
1976,nfl,2013,1977,Edwin Baker,CLE,RB,"$71,470"
1977,nfl,2013,,Jawan Jamison,WAS,RB,"$71,470"
1978,nfl,2013,,Chris Lewis-Harris,CIN,CB,"$71,470"
1979,nfl,2013,,Ryan Seymour,SF,G,"$71,470"
1980,nfl,2013,,Michael Thomas,MIA,FS,"$71,470"
1981,nfl,2013,,Justin Veltung,STL,WR,"$71,470"
1982,nfl,2013,1983,Jalil Brown,MIA,CB,"$65,294"
1983,nfl,2013,,Richard Gordon,KC,TE,"$65,294"
1984,nfl,2013,,Shayne Graham,NO,K,"$65,294"
1985,nfl,2013,,Frank Kearse,DAL,ED/DE,"$65,294"
1986,nfl,2013,,Jerrell Powe,KC,DL/DT,"$65,294"
1987,nfl,2013,,Jamaal Westerman,PIT,LB,"$65,294"
1988,nfl,2013,1989,Johnathan Grimes,HOU,RB,"$56,471"
1989,nfl,2013,,Orie Lemon,DAL,LB/ILB,"$56,471"
1990,nfl,2013,,Justin Trattou,MIN,ED/DE,"$56,471"
1991,nfl,2013,,Bryan Walters,SEA,WR,"$56,471"
1992,nfl,2013,1993,Jordan Miller,JAX,DL/DT,"$56,470"
1993,nfl,2013,1994,Keelan Johnson,PHI,SS,"$54,316"
1994,nfl,2013,1995,Joe Banyard,MIN,RB,"$47,647"
1995,nfl,2013,,Marcus Cromartie,SD,CB,"$47,647"
1996,nfl,2013,,Patrick Lewis,JAX,C,"$47,647"
1997,nfl,2013,,Joe Long,CHI,LT,"$47,647"
1998,nfl,2013,,Drew Nowak,JAX,C,"$47,647"
1999,nfl,2013,,Mike Remmers,MIN,RT,"$47,647"
2000,nfl,2013,,Gerald Rivers,JAX,ED/DE,"$47,647"
2001,nfl,2013,,Julian Talley,NYG,WR,"$47,647"
2002,nfl,2013,,Lamaar Thomas,JAX,WR,"$47,647"
2003,nfl,2013,,Tyler Wilson,TEN,QB,"$47,647"
2004,nfl,2013,,Khalid Wooten,TEN,FS,"$47,647"
2005,nfl,2013,2006,Kyle Love,JAX,DL/DT,"$37,059"
2006,nfl,2013,2007,Andre Neblett,NE,DL/DT,"$37,058"
2007,nfl,2013,2008,Rashad Butler,PIT,LT,"$32,647"
2008,nfl,2013,,Jon Kitna,DAL,QB,"$32,647"
2009,nfl,2013,,Drake Nevis,JAX,ED/DE,"$32,647"
2010,nfl,2013,,Akwasi Owusu-Ansah,DET,S,"$32,647"
2011,nfl,2013,,Brian Sanford,CLE,DL/DE,"$32,647"
2012,nfl,2013,,Micheal Spurlock,DET,WR,"$32,647"
2013,nfl,2013,2014,Sammy Brown,STL,ED/DE,"$28,235"
2014,nfl,2013,,Brandon Marshall,DEN,LB/ILB,"$28,235"
2015,nfl,2013,,Jeris Pendleton,IND,DL/DT,"$28,235"
2016,nfl,2013,2017,Jacob Byrne,SD,TE,"$23,824"
2017,nfl,2013,,Terrence Frederick,NO,CB,"$23,824"
2018,nfl,2013,2019,Sean Baker,ATL,FS,"$23,823"
2019,nfl,2013,,Will Compton,WAS,LB/ILB,"$23,823"
2020,nfl,2013,,Kanorris Davis,NE,S,"$23,823"
2021,nfl,2013,,Ray Graham,HOU,RB,"$23,823"
2022,nfl,2013,,Justin Green,DAL,CB,"$23,823"
2023,nfl,2013,,Eric Herman,NYG,RT,"$23,823"
2024,nfl,2013,,Toben Opurum,HOU,DL/DE,"$23,823"
2025,nfl,2013,,Sheldon Price,IND,CB,"$23,823"
2026,nfl,2013,,Adam Replogle,ATL,G,"$23,823"
2027,nfl,2013,,Cordell Roberson,BUF,WR,"$23,823"
2028,nfl,2013,,Jumal Rolle,GB,CB,"$23,823"
2029,nfl,2013,,Chad Spann,HOU,RB,"$23,823"
2030,nfl,2013,,Robert Steeples,MIN,CB,"$23,823"
2031,nfl,2013,,Phillip Supernaw,HOU,TE,"$23,823"
2032,nfl,2013,,Matt Veldman,DET,TE,"$23,823"
2033,nfl,2013,1,QB,,,16
2034,nfl,2013,2,OL,,,15
2035,nfl,2013,3,DL,,,14
2036,nfl,2013,4,ED,,,14
2037,nfl,2013,5,WR,,,11
2038,nfl,2013,6,CB,,,9
2039,nfl,2013,7,LB,,,7
2040,nfl,2013,8,RB,,,6
2041,nfl,2013,9,S,,,5
2042,nfl,2013,10,TE,,,3
2043,nfl,2013,1,CHI,,,7
2044,nfl,2013,2,SEA,,,6
2045,nfl,2013,3,CLE,,,5
2046,nfl,2013,4,HOU,,,5
2047,nfl,2013,5,KC,,,5
2048,nfl,2013,6,ARI,,,4
2049,nfl,2013,7,NYJ,,,4
2050,nfl,2013,8,STL,,,4
2051,nfl,2013,9,TB,,,4
2052,nfl,2013,10,ATL,,,3
2053,nfl,2013,11,BAL,,,3
2054,nfl,2013,12,CIN,,,3
2055,nfl,2013,13,DAL,,,3
2056,nfl,2013,14,DEN,,,3
2057,nfl,2013,15,DET,,,3
2058,nfl,2013,16,GB,,,3
2059,nfl,2013,17,IND,,,3
2060,nfl,2013,18,MIN,,,3
2061,nfl,2013,19,NE,,,3
2062,nfl,2013,20,NYG,,,3
2063,nfl,2013,21,PHI,,,3
2064,nfl,2013,22,PIT,,,3
2065,nfl,2013,23,TEN,,,3
2066,nfl,2013,24,MIA,,,2
2067,nfl,2013,25,NO,,,2
2068,nfl,2013,26,SD,,,2
2069,nfl,2013,27,SF,,,2
2070,nfl,2013,28,WAS,,,2
2071,nfl,2013,29,BUF,,,1
2072,nfl,2013,30,CAR,,,1
2073,nfl,2013,31,JAX,,,1
2074,nfl,2013,32,OAK,,,1
2075,nfl,2013,1,QB,,,16
2076,nfl,2013,2,OL,,,15
2077,nfl,2013,3,DL,,,14
2078,nfl,2013,4,ED,,,14
2079,nfl,2013,5,WR,,,11
2080,nfl,2013,6,CB,,,9
2081,nfl,2013,7,LB,,,7
2082,nfl,2013,8,RB,,,6
2083,nfl,2013,9,S,,,5
2084,nfl,2013,10,TE,,,3
2085,nfl,2013,1,CHI,,,7
2086,nfl,2013,2,SEA,,,6
2087,nfl,2013,3,CLE,,,5
2088,nfl,2013,4,HOU,,,5
2089,nfl,2013,5,KC,,,5
2090,nfl,2013,6,ARI,,,4
2091,nfl,2013,7,NYJ,,,4
2092,nfl,2013,8,STL,,,4
2093,nfl,2013,9,TB,,,4
2094,nfl,2013,10,ATL,,,3
2095,nfl,2013,11,BAL,,,3
2096,nfl,2013,12,CIN,,,3
2097,nfl,2013,13,DAL,,,3
2098,nfl,2013,14,DEN,,,3
2099,nfl,2013,15,DET,,,3
2100,nfl,2013,16,GB,,,3
2101,nfl,2013,17,IND,,,3
2102,nfl,2013,18,MIN,,,3
2103,nfl,2013,19,NE,,,3
2104,nfl,2013,20,NYG,,,3
2105,nfl,2013,21,PHI,,,3
2106,nfl,2013,22,PIT,,,3
2107,nfl,2013,23,TEN,,,3
2108,nfl,2013,24,MIA,,,2
2109,nfl,2013,25,NO,,,2
2110,nfl,2013,26,SD,,,2
2111,nfl,2013,27,SF,,,2
2112,nfl,2013,28,WAS,,,2
2113,nfl,2013,29,BUF,,,1
2114,nfl,2013,30,CAR,,,1
2115,nfl,2013,31,JAX,,,1
2116,nfl,2013,32,OAK,,,1
