,league,season,rank,player,team,position,salary
0,nfl,2016,1,Eli Manning,NYG,QB,"$24,200,000"
1,nfl,2016,2,Ben Roethlisberger,PIT,QB,"$23,950,000"
2,nfl,2016,3,Matt Ryan,ATL,QB,"$23,750,000"
3,nfl,2016,4,Joe Flacco,BAL,QB,"$22,550,000"
4,nfl,2016,5,Matthew Stafford,DET,QB,"$22,500,000"
5,nfl,2016,6,Tony Romo,DAL,QB,"$20,835,000"
6,nfl,2016,7,Kirk Cousins,WAS,QB,"$19,953,000"
7,nfl,2016,8,Cam Newton,CAR,QB,"$19,500,000"
8,nfl,2016,9,Aaron Rodgers,GB,QB,"$19,250,000"
9,nfl,2016,10,Russell Wilson,SEA,QB,"$18,542,000"
10,nfl,2016,11,Andrew Luck,IND,QB,"$18,400,000"
11,nfl,2016,12,Carson Palmer,ARI,QB,"$18,375,000"
12,nfl,2016,13,Alex Smith,KC,QB,"$17,800,000"
13,nfl,2016,14,Drew Brees,NO,QB,"$17,250,000"
14,nfl,2016,15,Jay Cutler,CHI,QB,"$17,000,000"
15,nfl,2016,,Darrelle Revis,NYJ,CB,"$17,000,000"
16,nfl,2016,17,Colin Kaepernick,SF,QB,"$16,765,753"
17,nfl,2016,18,Philip Rivers,SD,QB,"$16,500,000"
18,nfl,2016,19,Julio Jones,ATL,WR,"$15,900,000"
19,nfl,2016,20,Larry Fitzgerald,ARI,WR,"$15,850,000"
20,nfl,2016,21,Calais Campbell,ARI,DL/DE,"$15,250,000"
21,nfl,2016,22,Demaryius Thomas,DEN,WR,"$15,200,000"
22,nfl,2016,23,Lawrence Timmons,PIT,LB/ILB,"$15,131,250"
23,nfl,2016,24,Richard Sherman,SEA,CB,"$14,769,000"
24,nfl,2016,25,J.J. Watt,HOU,DL/DE,"$14,500,000"
25,nfl,2016,26,Trumaine Johnson,LAR,CB,"$13,952,000"
26,nfl,2016,27,Tom Brady,NE,QB,"$13,764,705"
27,nfl,2016,28,Clay Matthews Jr.,GB,ED/OLB,"$13,750,000"
28,nfl,2016,29,Joe Haden,CLE,CB,"$13,400,000"
29,nfl,2016,30,Kelechi Osemele,OAK,G,"$13,200,000"
30,nfl,2016,31,Andy Dalton,CIN,QB,"$13,100,000"
31,nfl,2016,,Justin Houston,KC,ED/OLB,"$13,100,000"
32,nfl,2016,33,Dez Bryant,DAL,WR,"$13,000,000"
33,nfl,2016,,A.J. Green,CIN,WR,"$13,000,000"
34,nfl,2016,,Gerald McCoy,TB,DL/DT,"$13,000,000"
35,nfl,2016,,Olivier Vernon,NYG,ED/DE,"$13,000,000"
36,nfl,2016,37,Marcell Dareus,BUF,DL/DT,"$12,691,176"
37,nfl,2016,38,Ndamukong Suh,MIA,DL/DT,"$12,600,000"
38,nfl,2016,39,Bruce Irvin,OAK,LB/OLB,"$12,500,000"
39,nfl,2016,40,Jeremy Maclin,KC,WR,"$12,400,000"
40,nfl,2016,41,Vincent Jackson,TB,WR,"$12,209,777"
41,nfl,2016,42,Brock Osweiler,HOU,QB,"$12,000,000"
42,nfl,2016,,Adrian Peterson,MIN,RB,"$12,000,000"
43,nfl,2016,,Sam Shields,GB,CB,"$12,000,000"
44,nfl,2016,45,Antonio Brown,PIT,WR,"$11,883,333"
45,nfl,2016,46,Ryan Kalil,CAR,C,"$11,829,000"
46,nfl,2016,47,Ryan Tannehill,MIA,QB,"$11,640,000"
47,nfl,2016,48,Von Miller,DEN,ED/OLB,"$11,500,000"
48,nfl,2016,49,Alshon Jeffery,CHI,WR,"$11,163,940"
49,nfl,2016,50,Robert Quinn,LAR,LB/OLB,"$11,157,374"
50,nfl,2016,51,Matt Kalil,MIN,LT,"$11,096,000"
51,nfl,2016,52,Stephon Gilmore,BUF,CB,"$11,082,000"
52,nfl,2016,53,Michael Crabtree,OAK,WR,"$11,000,000"
53,nfl,2016,,T.Y. Hilton,IND,WR,"$11,000,000"
54,nfl,2016,,Sean Smith,OAK,CB,"$11,000,000"
55,nfl,2016,56,Jairus Byrd,NO,FS,"$10,900,000"
56,nfl,2016,57,Eric Berry,KC,FS,"$10,806,000"
57,nfl,2016,58,Maurkice Pouncey,PIT,C,"$10,551,000"
58,nfl,2016,59,Patrick Peterson,ARI,CB,"$10,534,024"
59,nfl,2016,60,Julius Peppers,GB,DL/DE,"$10,500,000"
60,nfl,2016,61,Cameron Heyward,PIT,DL/DE,"$10,400,000"
61,nfl,2016,62,Nate Solder,NE,LT,"$10,322,666"
62,nfl,2016,63,Navorro Bowman,SF,LB/ILB,"$10,234,000"
63,nfl,2016,64,Brandon Carr,DAL,CB,"$10,217,000"
64,nfl,2016,65,Pierre Garcon,WAS,WR,"$10,200,000"
65,nfl,2016,66,Branden Albert,MIA,LT,"$10,150,000"
66,nfl,2016,67,Mike Pouncey,MIA,C,"$10,025,000"
67,nfl,2016,68,Lavonte David,TB,LB/OLB,"$10,000,000"
68,nfl,2016,,Malik Jackson,JAX,DL/DT,"$10,000,000"
69,nfl,2016,,Corey Liuget,SD,DL/DT,"$10,000,000"
70,nfl,2016,,Muhammad Wilkerson,NYJ,DL/DE,"$10,000,000"
71,nfl,2016,72,Aqib Talib,DEN,CB,"$9,968,750"
72,nfl,2016,73,Earl Thomas,SEA,FS,"$9,900,000"
73,nfl,2016,74,Anthony Castonzo,IND,LT,"$9,800,000"
74,nfl,2016,75,Brandon Flowers,SD,CB,"$9,750,000"
75,nfl,2016,76,Jason Peters,PHI,LT,"$9,737,500"
76,nfl,2016,77,Geno Atkins,CIN,DL/DT,"$9,600,000"
77,nfl,2016,78,Jonathan Stewart,CAR,RB,"$9,550,000"
78,nfl,2016,79,Duane Brown,HOU,LT,"$9,500,000"
79,nfl,2016,,Brandon Marshall,NYJ,WR,"$9,500,000"
80,nfl,2016,,J.R. Sweezy,TB,G,"$9,500,000"
81,nfl,2016,,Joe Thomas,CLE,LT,"$9,500,000"
82,nfl,2016,,Lardarius Webb,BAL,CB,"$9,500,000"
83,nfl,2016,84,Jason Pierre-Paul,NYG,ED/DE,"$9,400,000"
84,nfl,2016,85,DeSean Jackson,WAS,WR,"$9,250,000"
85,nfl,2016,86,Randall Cobb,GB,WR,"$9,150,000"
86,nfl,2016,87,Brian Cushing,HOU,LB/ILB,"$9,047,500"
87,nfl,2016,88,Allen Hurns,JAX,WR,"$9,001,668"
88,nfl,2016,89,Jimmy Graham,SEA,TE,"$9,000,000"
89,nfl,2016,,Chris Harris,DEN,CB,"$9,000,000"
90,nfl,2016,91,Trent Williams,WAS,LT,"$8,906,394"
91,nfl,2016,92,Dwayne Allen,IND,TE,"$8,906,250"
92,nfl,2016,93,Jason McCourty,TEN,CB,"$8,800,000"
93,nfl,2016,94,Nick Mangold,NYJ,C,"$8,600,000"
94,nfl,2016,95,Cameron Wake,MIA,ED/DE,"$8,525,000"
95,nfl,2016,96,Byron Maxwell,MIA,CB,"$8,500,000"
96,nfl,2016,97,Ryan Kerrigan,WAS,ED/OLB,"$8,450,000"
97,nfl,2016,98,Kareem Jackson,HOU,CB,"$8,437,500"
98,nfl,2016,99,Vontae Davis,IND,CB,"$8,375,000"
99,nfl,2016,100,Jordy Nelson,GB,WR,"$8,300,000"
100,nfl,2016,,Joe Staley,SF,LT,"$8,300,000"
101,nfl,2016,102,Brian Orakpo,TEN,ED/OLB,"$8,250,000"
102,nfl,2016,103,Reshad Jones,MIA,SS,"$8,202,942"
103,nfl,2016,104,Everson Griffen,MIN,ED/DE,"$8,200,000"
104,nfl,2016,105,Jurrell Casey,TEN,DL/DT,"$8,120,000"
105,nfl,2016,106,Riley Reiff,DET,LT,"$8,070,000"
106,nfl,2016,,Kevin Zeitler,CIN,G,"$8,070,000"
107,nfl,2016,108,Michael Bennett,SEA,ED/DE,"$8,050,000"
108,nfl,2016,109,DeMarcus Ware,DEN,ED/OLB,"$8,010,418"
109,nfl,2016,110,Ahmad Brooks,SF,ED/OLB,"$8,005,000"
110,nfl,2016,111,Doug Baldwin,SEA,WR,"$8,000,000"
111,nfl,2016,,Jordan Cameron,MIA,TE,"$8,000,000"
112,nfl,2016,,Eric Decker,NYJ,WR,"$8,000,000"
113,nfl,2016,,Brent Grimes,TB,CB,"$8,000,000"
114,nfl,2016,,Janoris Jenkins,NYG,CB,"$8,000,000"
115,nfl,2016,,Josh Norman,WAS,CB,"$8,000,000"
116,nfl,2016,,Jared Odrick,JAX,ED/DE,"$8,000,000"
117,nfl,2016,,Dominique Rodgers-Cromartie,NYG,CB,"$8,000,000"
118,nfl,2016,,Andrew Whitworth,CIN,LT,"$8,000,000"
119,nfl,2016,120,Tavon Austin,LAR,WR,"$7,811,248"
120,nfl,2016,121,Chandler Jones,ARI,ED/OLB,"$7,799,000"
121,nfl,2016,122,Doug Martin,TB,RB,"$7,764,706"
122,nfl,2016,123,Dont'a Hightower,NE,LB/OLB,"$7,751,000"
123,nfl,2016,,Melvin Ingram,SD,ED/OLB,"$7,751,000"
124,nfl,2016,125,Robert Ayers,TB,ED/DE,"$7,750,000"
125,nfl,2016,126,Lane Johnson,PHI,RT,"$7,731,329"
126,nfl,2016,127,Keenan Allen,SD,WR,"$7,724,450"
127,nfl,2016,128,Rodney Hudson,OAK,C,"$7,700,000"
128,nfl,2016,129,LeSean McCoy,BUF,RB,"$7,675,000"
129,nfl,2016,,Pernell McPhee,CHI,ED/OLB,"$7,675,000"
130,nfl,2016,131,DeAndre Levy,DET,LB/OLB,"$7,650,000"
131,nfl,2016,132,Kyle Long,CHI,G,"$7,614,054"
132,nfl,2016,133,Adam-Pacman Jones,CIN,CB,"$7,604,166"
133,nfl,2016,134,Torrey Smith,SF,WR,"$7,600,000"
134,nfl,2016,135,Glover Quin,DET,FS,"$7,577,500"
135,nfl,2016,136,Jerry Hughes,BUF,ED/DE,"$7,575,000"
136,nfl,2016,137,Dre Kirkpatrick,CIN,CB,"$7,507,000"
137,nfl,2016,138,Thomas Davis,CAR,LB/OLB,"$7,500,000"
138,nfl,2016,,David Harris,NYJ,LB/ILB,"$7,500,000"
139,nfl,2016,,Dan Williams,OAK,DL/DT,"$7,500,000"
140,nfl,2016,141,Terrell Suggs,BAL,ED/OLB,"$7,450,000"
141,nfl,2016,142,Mike Daniels,GB,DL/DT,"$7,400,000"
142,nfl,2016,143,Elvis Dumervil,BAL,ED/OLB,"$7,375,000"
143,nfl,2016,144,Connor Barwin,PHI,LB/OLB,"$7,350,000"
144,nfl,2016,145,Kendall Wright,TEN,WR,"$7,320,000"
145,nfl,2016,146,Kyle Rudolph,MIN,TE,"$7,300,000"
146,nfl,2016,,Julius Thomas,JAX,TE,"$7,300,000"
147,nfl,2016,148,Harrison Smith,MIN,FS,"$7,278,000"
148,nfl,2016,149,Orlando Franklin,SD,G,"$7,200,000"
149,nfl,2016,150,Golden Tate,DET,WR,"$7,101,250"
150,nfl,2016,151,Sam Bradford,MIN,QB,"$7,000,000"
151,nfl,2016,,Ryan Fitzpatrick,NYJ,QB,"$7,000,000"
152,nfl,2016,,William Hayes,LAR,ED/DE,"$7,000,000"
153,nfl,2016,,Johnathan Joseph,HOU,CB,"$7,000,000"
154,nfl,2016,155,Lamarr Houston,CHI,ED/OLB,"$6,990,000"
155,nfl,2016,156,Tramon Williams,CLE,CB,"$6,981,250"
156,nfl,2016,157,Tyrod Taylor,BUF,QB,"$6,919,573"
157,nfl,2016,158,Michael Brockers,LAR,DL/DT,"$6,896,000"
158,nfl,2016,159,Eric Fisher,KC,LT,"$6,854,636"
159,nfl,2016,160,Jabaal Sheard,NE,LB/OLB,"$6,812,500"
160,nfl,2016,161,Tyron Smith,DAL,LT,"$6,800,000"
161,nfl,2016,,Derek Wolfe,DEN,DL/DE,"$6,800,000"
162,nfl,2016,163,Alterraun Verner,TB,CB,"$6,750,000"
163,nfl,2016,164,Luke Joeckel,JAX,G,"$6,745,963"
164,nfl,2016,165,Alex Boone,MIN,G,"$6,700,000"
165,nfl,2016,166,Rob Gronkowski,NE,TE,"$6,618,750"
166,nfl,2016,167,Damon Harrison,NYG,DL/DT,"$6,600,000"
167,nfl,2016,,Marvin Jones,DET,WR,"$6,600,000"
168,nfl,2016,169,Cliff Avril,SEA,ED/DE,"$6,500,000"
169,nfl,2016,,Jermey Parnell,JAX,RT,"$6,500,000"
170,nfl,2016,,Mario Williams,MIA,ED/DE,"$6,500,000"
171,nfl,2016,172,Fletcher Cox,PHI,DL/DT,"$6,499,000"
172,nfl,2016,173,Tyson Jackson,ATL,ED/DE,"$6,350,000"
173,nfl,2016,,Linval Joseph,MIN,DL/DT,"$6,350,000"
174,nfl,2016,,Danny Trevathan,CHI,LB/ILB,"$6,350,000"
175,nfl,2016,176,Derrick Morgan,TEN,ED/OLB,"$6,312,500"
176,nfl,2016,177,Delanie Walker,TEN,TE,"$6,267,708"
177,nfl,2016,178,Jeff Allen,HOU,G,"$6,250,000"
178,nfl,2016,,Kyle Williams,BUF,DL/DT,"$6,250,000"
179,nfl,2016,,K.J. Wright,SEA,LB/OLB,"$6,250,000"
180,nfl,2016,181,Cordy Glenn,BUF,LT,"$6,200,000"
181,nfl,2016,,Sean Lee,DAL,LB/OLB,"$6,200,000"
182,nfl,2016,183,Emmanuel Sanders,DEN,WR,"$6,187,500"
183,nfl,2016,184,T.J. Lang,GB,G,"$6,181,250"
184,nfl,2016,185,Marcus Cannon,NE,RT,"$6,154,168"
185,nfl,2016,186,Dontari Poe,KC,DL/DT,"$6,146,000"
186,nfl,2016,187,Michael Johnson,CIN,ED/DE,"$6,125,000"
187,nfl,2016,,Da'Norris Searcy,TEN,SS,"$6,125,000"
188,nfl,2016,189,Kam Chancellor,SEA,SS,"$6,100,000"
189,nfl,2016,,Donald Penn,OAK,LT,"$6,100,000"
190,nfl,2016,,Aaron Williams,BUF,SS,"$6,100,000"
191,nfl,2016,192,Jadeveon Clowney,HOU,ED/OLB,"$6,074,454"
192,nfl,2016,193,Bobby Wagner,SEA,LB/ILB,"$6,068,750"
193,nfl,2016,194,Antoine Bethea,SF,SS,"$6,025,000"
194,nfl,2016,195,C.J. Anderson,DEN,RB,"$6,000,000"
195,nfl,2016,,Mark Barron,LAR,LB/ILB,"$6,000,000"
196,nfl,2016,,Charles Clay,BUF,TE,"$6,000,000"
197,nfl,2016,,Davon House,JAX,CB,"$6,000,000"
198,nfl,2016,,Luke Kuechly,CAR,LB/ILB,"$6,000,000"
199,nfl,2016,,DeMarco Murray,TEN,RB,"$6,000,000"
200,nfl,2016,,Reggie Nelson,OAK,FS,"$6,000,000"
201,nfl,2016,,Michael Oher,CAR,RT,"$6,000,000"
202,nfl,2016,203,Morgan Burnett,GB,SS,"$5,956,250"
203,nfl,2016,204,Carlos Dunlap,CIN,ED/DE,"$5,950,000"
204,nfl,2016,205,Ezekiel Ansah,DET,ED/DE,"$5,916,439"
205,nfl,2016,206,Austin Howard,OAK,RT,"$5,900,000"
206,nfl,2016,207,Jason Witten,DAL,TE,"$5,862,000"
207,nfl,2016,208,Bobby Massie,CHI,RT,"$5,818,750"
208,nfl,2016,209,Cameron Jordan,NO,ED/DE,"$5,812,000"
209,nfl,2016,210,Greg Robinson,LAR,LT,"$5,804,754"
210,nfl,2016,211,Whitney Mercilus,HOU,ED/OLB,"$5,784,375"
211,nfl,2016,212,Jameis Winston,TB,QB,"$5,761,654"
212,nfl,2016,213,T.J. Ward,DEN,SS,"$5,750,000"
213,nfl,2016,214,Malcolm Jenkins,PHI,FS,"$5,666,668"
214,nfl,2016,215,Rodger Saffold,LAR,G,"$5,656,250"
215,nfl,2016,216,Blake Bortles,JAX,QB,"$5,633,130"
216,nfl,2016,217,Breno Giacomini,NYJ,RT,"$5,625,000"
217,nfl,2016,,Marcus Gilchrist,NYJ,SS,"$5,625,000"
218,nfl,2016,219,Prince Amukamara,JAX,CB,"$5,593,750"
219,nfl,2016,220,Marcus Mariota,TEN,QB,"$5,503,176"
220,nfl,2016,221,Ryan Clady,NYJ,LT,"$5,500,000"
221,nfl,2016,,Antonio Gates,SD,TE,"$5,500,000"
222,nfl,2016,,Chris Hogan,NE,WR,"$5,500,000"
223,nfl,2016,,Lamar Miller,HOU,RB,"$5,500,000"
224,nfl,2016,,Derek Newton,HOU,RT,"$5,500,000"
225,nfl,2016,,Vince Wilfork,HOU,DL/DT,"$5,500,000"
226,nfl,2016,227,Bryan Bulaga,GB,RT,"$5,462,500"
227,nfl,2016,228,Sammy Watkins,BUF,WR,"$5,436,983"
228,nfl,2016,229,Josh Sitton,CHI,G,"$5,416,666"
229,nfl,2016,230,Kelvin Beachum,JAX,LT,"$5,375,000"
230,nfl,2016,,Andy Levitre,ATL,G,"$5,375,000"
231,nfl,2016,232,Dante Fowler Jr.,JAX,ED/DE,"$5,338,694"
232,nfl,2016,233,Jamaal Charles,KC,RB,"$5,312,500"
233,nfl,2016,234,David DeCastro,PIT,G,"$5,270,000"
234,nfl,2016,235,Buster Skrine,NYJ,CB,"$5,254,000"
235,nfl,2016,236,Brian Robison,MIN,ED/DE,"$5,250,000"
236,nfl,2016,237,Robert Griffin III,CLE,QB,"$5,234,375"
237,nfl,2016,238,Allen Bailey,KC,DL/DE,"$5,212,500"
238,nfl,2016,239,Jason Kelce,PHI,C,"$5,200,000"
239,nfl,2016,,Russell Okung,DEN,LT,"$5,200,000"
240,nfl,2016,241,Martellus Bennett,NE,TE,"$5,185,000"
241,nfl,2016,242,Amari Cooper,OAK,WR,"$5,150,708"
242,nfl,2016,243,King Dunlap,SD,LT,"$5,143,750"
243,nfl,2016,244,Casey Hayward,SD,CB,"$5,133,333"
244,nfl,2016,245,Devin McCourty,NE,FS,"$5,132,500"
245,nfl,2016,246,Paul Posluszny,JAX,LB/OLB,"$5,104,166"
246,nfl,2016,247,Greg Olsen,CAR,TE,"$5,100,000"
247,nfl,2016,,Jimmy Smith,BAL,CB,"$5,100,000"
248,nfl,2016,,Darren Sproles,PHI,RB,"$5,100,000"
249,nfl,2016,250,Trent Cole,IND,ED/OLB,"$5,093,750"
250,nfl,2016,251,Khalil Mack,OAK,ED/DE,"$5,093,727"
251,nfl,2016,252,Jared Goff,LAR,QB,"$5,079,577"
252,nfl,2016,253,George Iloka,CIN,FS,"$5,075,000"
253,nfl,2016,254,David Bakhtiari,GB,LT,"$5,070,967"
254,nfl,2016,255,DeAngelo Hall,WAS,CB,"$5,062,500"
255,nfl,2016,256,Marquette King,OAK,P,"$5,050,000"
256,nfl,2016,257,Josh McCown,CLE,QB,"$5,041,666"
257,nfl,2016,258,Chase Daniel,PHI,QB,"$5,000,000"
258,nfl,2016,,Brandon Graham,PHI,ED/DE,"$5,000,000"
259,nfl,2016,,Shawn Lauvao,WAS,G,"$5,000,000"
260,nfl,2016,,Robert Mathis,IND,ED/OLB,"$5,000,000"
261,nfl,2016,,Jared Veldheer,ARI,RT,"$5,000,000"
262,nfl,2016,263,Shane Vereen,NYG,RB,"$4,916,666"
263,nfl,2016,264,Nick Perry,GB,ED/OLB,"$4,875,000"
264,nfl,2016,265,Carson Wentz,PHI,QB,"$4,850,243"
265,nfl,2016,266,Kenny Britt,LAR,WR,"$4,850,000"
266,nfl,2016,267,Brandon Scherff,WAS,G,"$4,821,735"
267,nfl,2016,268,Orlando Scandrick,DAL,CB,"$4,796,385"
268,nfl,2016,269,Corey Graham,BUF,FS,"$4,775,000"
269,nfl,2016,270,Clint Boling,CIN,G,"$4,750,000"
270,nfl,2016,,Barry Church,DAL,SS,"$4,750,000"
271,nfl,2016,,Chad Henne,JAX,QB,"$4,750,000"
272,nfl,2016,273,Willie Young,CHI,ED/OLB,"$4,716,668"
273,nfl,2016,274,Joey Bosa,SD,DL/DE,"$4,704,306"
274,nfl,2016,275,Sen'Derrick Marks,JAX,DL/DT,"$4,675,000"
275,nfl,2016,276,Darian Stewart,DEN,FS,"$4,650,000"
276,nfl,2016,277,Giovani Bernard,CIN,RB,"$4,621,517"
277,nfl,2016,278,Jeremy Zuttah,BAL,C,"$4,607,206"
278,nfl,2016,279,Darius Slay,DET,CB,"$4,606,691"
279,nfl,2016,280,Mychal Kendricks,PHI,LB/OLB,"$4,600,000"
280,nfl,2016,281,Captain Munnerlyn,MIN,CB,"$4,583,334"
281,nfl,2016,282,Brandon Marshall,DEN,LB/ILB,"$4,553,000"
282,nfl,2016,283,Joe Barksdale,SD,RT,"$4,550,000"
283,nfl,2016,284,Ezekiel Elliott,DAL,RB,"$4,537,516"
284,nfl,2016,285,Gosder Cherilus,TB,RT,"$4,500,000"
285,nfl,2016,,Doug Free,DAL,RT,"$4,500,000"
286,nfl,2016,,Akiem Hicks,CHI,DL/DE,"$4,500,000"
287,nfl,2016,,Lance Kendricks,LAR,TE,"$4,500,000"
288,nfl,2016,,Vincent Rey,CIN,LB/ILB,"$4,500,000"
289,nfl,2016,,Eddie Royal,CHI,WR,"$4,500,000"
290,nfl,2016,291,Jake Matthews,ATL,LT,"$4,480,773"
291,nfl,2016,292,D'Qwell Jackson,IND,LB/ILB,"$4,455,882"
292,nfl,2016,293,Dustin Colquitt,KC,P,"$4,450,000"
293,nfl,2016,294,Julian Edelman,NE,WR,"$4,421,875"
294,nfl,2016,295,Victor Cruz,NYG,WR,"$4,400,000"
295,nfl,2016,296,Max Unger,NO,C,"$4,356,240"
296,nfl,2016,297,Tyrone Crawford,DAL,ED/DE,"$4,350,000"
297,nfl,2016,298,Tyrann Mathieu,ARI,FS,"$4,337,657"
298,nfl,2016,299,Chris Baker,WAS,DL/DT,"$4,275,000"
299,nfl,2016,300,Demar Dotson,TB,RT,"$4,250,000"
300,nfl,2016,,Kendall Langford,IND,DL/DE,"$4,250,000"
301,nfl,2016,,Erik Walden,IND,ED/OLB,"$4,250,000"
302,nfl,2016,,Wesley Woodyard,TEN,LB/ILB,"$4,250,000"
303,nfl,2016,304,Jalen Ramsey,JAX,CB,"$4,245,636"
304,nfl,2016,305,Leonard Williams,NYJ,DL/DE,"$4,234,288"
305,nfl,2016,306,Haloti Ngata,DET,DL/DT,"$4,218,750"
306,nfl,2016,307,Eric Wood,BUF,C,"$4,208,333"
307,nfl,2016,308,Tashaun Gipson,JAX,FS,"$4,206,250"
308,nfl,2016,309,Mike Iupati,ARI,G,"$4,200,000"
309,nfl,2016,310,Shawn Williams,CIN,SS,"$4,188,986"
310,nfl,2016,311,Steve Smith,BAL,WR,"$4,166,668"
311,nfl,2016,312,Stephen Gostkowski,NE,K,"$4,100,000"
312,nfl,2016,313,Rey Maualuga,CIN,LB/ILB,"$4,084,375"
313,nfl,2016,314,Marcus Gilbert,PIT,RT,"$4,068,500"
314,nfl,2016,315,David Amerson,OAK,CB,"$4,050,000"
315,nfl,2016,,Brandon Fusco,MIN,G,"$4,050,000"
316,nfl,2016,,Alex Mack,ATL,C,"$4,050,000"
317,nfl,2016,318,Mike Mitchell,PIT,FS,"$4,020,416"
318,nfl,2016,319,Rob Ninkovich,NE,LB/OLB,"$4,014,705"
319,nfl,2016,320,Marshal Yanda,BAL,G,"$4,010,220"
320,nfl,2016,321,Evan Mathis,ARI,G,"$4,006,900"
321,nfl,2016,322,Travis Benjamin,SD,WR,"$4,000,000"
322,nfl,2016,,Frank Gore,IND,RB,"$4,000,000"
323,nfl,2016,,Marcedes Lewis,JAX,TE,"$4,000,000"
324,nfl,2016,,Ryan Mathews,PHI,RB,"$4,000,000"
325,nfl,2016,,Patrick Robinson,IND,CB,"$4,000,000"
326,nfl,2016,,Andrew Sendejo,MIN,SS,"$4,000,000"
327,nfl,2016,,Aldon Smith,OAK,LB/OLB,"$4,000,000"
328,nfl,2016,,Donald Stephenson,DEN,LT,"$4,000,000"
329,nfl,2016,330,Mike Evans,TB,WR,"$3,990,410"
330,nfl,2016,331,Roy Miller,JAX,DL/DT,"$3,975,000"
331,nfl,2016,332,Sebastian Janikowski,OAK,K,"$3,960,000"
332,nfl,2016,333,Stevie Johnson,SD,WR,"$3,900,000"
333,nfl,2016,334,Tramaine Brock,SF,CB,"$3,880,000"
334,nfl,2016,335,Chance Warmack,TEN,G,"$3,871,206"
335,nfl,2016,336,Tracy Porter,CHI,CB,"$3,868,750"
336,nfl,2016,337,Graham Gano,CAR,K,"$3,850,000"
337,nfl,2016,338,Tamba Hali,KC,ED/OLB,"$3,802,083"
338,nfl,2016,339,Dwayne Harris,NYG,WR,"$3,800,000"
339,nfl,2016,340,Jerrell Freeman,CHI,LB/ILB,"$3,764,706"
340,nfl,2016,341,Eric Weddle,BAL,FS,"$3,750,000"
341,nfl,2016,342,Domata Peko,CIN,DL/DT,"$3,725,000"
342,nfl,2016,343,Ronnie Stanley,BAL,LT,"$3,724,423"
343,nfl,2016,344,Zach Strief,NO,RT,"$3,700,000"
344,nfl,2016,345,Case Keenum,LAR,QB,"$3,635,000"
345,nfl,2016,346,Kevin White,CHI,WR,"$3,628,968"
346,nfl,2016,347,D.J. Fluker,SD,G,"$3,628,067"
347,nfl,2016,348,Ron Parker,KC,FS,"$3,600,000"
348,nfl,2016,,Dan Skuta,JAX,LB/OLB,"$3,600,000"
349,nfl,2016,350,Steven Hauschka,SEA,K,"$3,525,000"
350,nfl,2016,351,Letroy Guion,GB,DL/DE,"$3,516,666"
351,nfl,2016,352,Tyvon Branch,ARI,SS,"$3,500,000"
352,nfl,2016,,Joe Hawley,TB,C,"$3,500,000"
353,nfl,2016,,Jaye Howard,KC,DL/DE,"$3,500,000"
354,nfl,2016,,Derrick Johnson,KC,LB/ILB,"$3,500,000"
355,nfl,2016,,Brandon Mebane,SD,DL/DT,"$3,500,000"
356,nfl,2016,,Earl Mitchell,MIA,DL/DT,"$3,500,000"
357,nfl,2016,,Justin Tucker,BAL,K,"$3,500,000"
358,nfl,2016,,Mike Wallace,BAL,WR,"$3,500,000"
359,nfl,2016,360,Anthony Barr,MIN,LB/OLB,"$3,475,500"
360,nfl,2016,361,Jermaine Gresham,ARI,TE,"$3,468,750"
361,nfl,2016,,Chris Ivory,JAX,RB,"$3,468,750"
362,nfl,2016,,Andre Smith,MIN,G,"$3,468,750"
363,nfl,2016,364,Brooks Reed,ATL,ED/DE,"$3,440,000"
364,nfl,2016,365,Jonathan Casillas,NYG,LB/OLB,"$3,416,666"
365,nfl,2016,366,Jordan Reed,WAS,TE,"$3,406,028"
366,nfl,2016,367,Cole Beasley,DAL,WR,"$3,356,000"
367,nfl,2016,368,Nick Folk,NYJ,K,"$3,343,333"
368,nfl,2016,369,Eric Ebron,DET,TE,"$3,340,676"
369,nfl,2016,370,Rishard Matthews,TEN,WR,"$3,333,333"
370,nfl,2016,371,Vontaze Burfict,CIN,LB/OLB,"$3,322,059"
371,nfl,2016,372,Zach Ertz,PHI,TE,"$3,311,563"
372,nfl,2016,373,DeForest Buckner,SF,DL/DT,"$3,307,453"
373,nfl,2016,374,Dan Bailey,DAL,K,"$3,300,000"
374,nfl,2016,375,Vic Beasley,ATL,ED/DE,"$3,294,370"
375,nfl,2016,376,D.J. Hayden,OAK,CB,"$3,284,813"
376,nfl,2016,377,Ereck Flowers,NYG,RT,"$3,270,845"
377,nfl,2016,378,Justin Bethel,ARI,CB,"$3,250,000"
378,nfl,2016,,Shaun Hill,MIN,QB,"$3,250,000"
379,nfl,2016,,Richie Incognito,BUF,G,"$3,250,000"
380,nfl,2016,,Jeremy Lane,SEA,CB,"$3,250,000"
381,nfl,2016,,Clinton McDonald,TB,DL/DT,"$3,250,000"
382,nfl,2016,,Joe Reitz,IND,G,"$3,250,000"
383,nfl,2016,,Adam Vinatieri,IND,K,"$3,250,000"
384,nfl,2016,,Tahir Whitehead,DET,LB/OLB,"$3,250,000"
385,nfl,2016,386,Brandon Brooks,PHI,G,"$3,200,000"
386,nfl,2016,,Demario Davis,CLE,LB/ILB,"$3,200,000"
387,nfl,2016,,Dannell Ellerbe,NO,LB/OLB,"$3,200,000"
388,nfl,2016,,Dennis Pitta,BAL,TE,"$3,200,000"
389,nfl,2016,390,Patrick Chung,NE,SS,"$3,187,500"
390,nfl,2016,,Anthony Fasano,TEN,TE,"$3,187,500"
391,nfl,2016,392,Matt Bryant,ATL,K,"$3,183,333"
392,nfl,2016,393,Matt Prater,DET,K,"$3,175,000"
393,nfl,2016,394,Todd Gurley,LAR,RB,"$3,141,632"
394,nfl,2016,395,Phil Dawson,SF,K,"$3,134,000"
395,nfl,2016,396,Arthur Moats,PIT,ED/OLB,"$3,133,333"
396,nfl,2016,397,Taylor Lewan,TEN,LT,"$3,132,274"
397,nfl,2016,398,Koa Misi,MIA,LB/OLB,"$3,120,500"
398,nfl,2016,399,James Carpenter,NYJ,G,"$3,115,000"
399,nfl,2016,400,Sam Koch,BAL,P,"$3,100,000"
400,nfl,2016,,Daryl Washington,ARI,LB/ILB,"$3,100,000"
401,nfl,2016,402,Sheldon Richardson,NYJ,DL/DT,"$3,094,530"
402,nfl,2016,403,Terron Armstead,NO,LT,"$3,075,359"
403,nfl,2016,404,Dion Jordan,MIA,ED/DE,"$3,068,923"
404,nfl,2016,405,Jarius Wright,MIN,WR,"$3,060,000"
405,nfl,2016,406,Star Lotulelei,CAR,DL/DT,"$3,055,977"
406,nfl,2016,407,Thomas Morstead,NO,P,"$3,050,000"
407,nfl,2016,408,Kevin Huber,CIN,P,"$3,020,000"
408,nfl,2016,409,Arthur Jones,IND,DL/DT,"$3,011,764"
409,nfl,2016,410,Nate Allen,OAK,FS,"$3,000,000"
410,nfl,2016,,Tyson Alualu,JAX,ED/DE,"$3,000,000"
411,nfl,2016,,Darius Butler,IND,FS,"$3,000,000"
412,nfl,2016,,Adrian Clayborn,ATL,ED/DE,"$3,000,000"
413,nfl,2016,,Christopher Conte,TB,FS,"$3,000,000"
414,nfl,2016,,Vinny Curry,PHI,ED/DE,"$3,000,000"
415,nfl,2016,,Matt Forte,NYJ,RB,"$3,000,000"
416,nfl,2016,,Ricky Jean Francois,WAS,DL/DT,"$3,000,000"
417,nfl,2016,,Terence Newman,MIN,CB,"$3,000,000"
418,nfl,2016,,Ahtyba Rubin,SEA,DL/DT,"$3,000,000"
419,nfl,2016,,Eugene Sims,LAR,ED/DE,"$3,000,000"
420,nfl,2016,,Daryl Smith,TB,LB/ILB,"$3,000,000"
421,nfl,2016,,Malcolm Smith,OAK,LB/OLB,"$3,000,000"
422,nfl,2016,,Benjamin Watson,BAL,TE,"$3,000,000"
423,nfl,2016,,Danny Woodhead,SD,RB,"$3,000,000"
424,nfl,2016,425,Zach Miller,CHI,TE,"$2,968,750"
425,nfl,2016,426,Sebastian Vollmer,NE,RT,"$2,958,334"
426,nfl,2016,427,Travis Kelce,KC,TE,"$2,948,226"
427,nfl,2016,428,Trae Waynes,MIN,CB,"$2,941,901"
428,nfl,2016,429,John Greco,CLE,G,"$2,925,000"
429,nfl,2016,430,Paul Soliai,CAR,DL/DT,"$2,906,250"
430,nfl,2016,431,Virgil Green,DEN,TE,"$2,900,000"
431,nfl,2016,432,Jack Conklin,TEN,RT,"$2,890,483"
432,nfl,2016,433,Danny Amendola,NE,WR,"$2,885,416"
433,nfl,2016,434,Leonard Floyd,CHI,ED/OLB,"$2,869,611"
434,nfl,2016,435,Tim Barnes,LAR,C,"$2,850,000"
435,nfl,2016,436,"Odell Beckham, Jr.",NYG,WR,"$2,838,054"
436,nfl,2016,437,Andy Lee,CAR,P,"$2,833,000"
437,nfl,2016,438,E.J. Manuel,BUF,QB,"$2,827,141"
438,nfl,2016,439,Rashad Jennings,NYG,RB,"$2,812,500"
439,nfl,2016,440,Ted Ginn Jr.,CAR,WR,"$2,775,000"
440,nfl,2016,441,Jarvis Jones,PIT,ED/OLB,"$2,769,933"
441,nfl,2016,442,Glenn Dorsey,SF,DL/DE,"$2,766,668"
442,nfl,2016,443,Aaron Donald,LAR,DL/DT,"$2,764,500"
443,nfl,2016,444,Stefen Wisniewski,PHI,C,"$2,760,000"
444,nfl,2016,445,Eli Apple,NYG,CB,"$2,754,967"
445,nfl,2016,446,Nigel Bradham,PHI,LB/OLB,"$2,750,000"
446,nfl,2016,,Alan Branch,NE,DL/DT,"$2,750,000"
447,nfl,2016,,Chris Clark,HOU,LT,"$2,750,000"
448,nfl,2016,,Jared Cook,GB,TE,"$2,750,000"
449,nfl,2016,,Chad Greenway,MIN,LB/OLB,"$2,750,000"
450,nfl,2016,,Emmanuel Lamur,MIN,LB/OLB,"$2,750,000"
451,nfl,2016,,Leodis McKelvin,PHI,CB,"$2,750,000"
452,nfl,2016,,Lee Smith,OAK,TE,"$2,750,000"
453,nfl,2016,454,Harry Douglas,TEN,WR,"$2,733,333"
454,nfl,2016,455,Andre Branch,MIA,ED/DE,"$2,703,125"
455,nfl,2016,456,Matt Bosher,ATL,P,"$2,700,000"
456,nfl,2016,,Brett Kern,TEN,P,"$2,700,000"
457,nfl,2016,,Josh Mauga,KC,LB/ILB,"$2,700,000"
458,nfl,2016,,Pat McAfee,IND,P,"$2,700,000"
459,nfl,2016,460,Eric Reid,SF,SS,"$2,698,419"
460,nfl,2016,461,Anquan Boldin,DET,WR,"$2,693,750"
461,nfl,2016,462,Morris Claiborne,DAL,CB,"$2,687,500"
462,nfl,2016,463,Jonathan Babineaux,ATL,DL/DT,"$2,666,668"
463,nfl,2016,464,Danny Shelton,CLE,DL/DT,"$2,659,924"
464,nfl,2016,465,Justin Pugh,NYG,G,"$2,655,513"
465,nfl,2016,466,Ryan Schraeder,ATL,RT,"$2,653,000"
466,nfl,2016,467,Kyle Fuller,CHI,CB,"$2,641,910"
467,nfl,2016,468,Zane Beadles,SF,G,"$2,633,333"
468,nfl,2016,,Jermaine Kearse,SEA,WR,"$2,633,333"
469,nfl,2016,470,Kory Lichtensteiger,WAS,C,"$2,628,125"
470,nfl,2016,471,Tyler Eifert,CIN,TE,"$2,626,909"
471,nfl,2016,472,Akeem Dent,HOU,LB/ILB,"$2,625,000"
472,nfl,2016,473,Kenny Vaccaro,NO,SS,"$2,601,079"
473,nfl,2016,474,Akeem Ayers,IND,ED/OLB,"$2,600,000"
474,nfl,2016,,Chris Chester,ATL,G,"$2,600,000"
475,nfl,2016,,Kurt Coleman,CAR,FS,"$2,600,000"
476,nfl,2016,,Rodney McLeod,PHI,FS,"$2,600,000"
477,nfl,2016,,J.T. Thomas,NYG,LB/OLB,"$2,600,000"
478,nfl,2016,479,Desmond Trufant,ATL,CB,"$2,598,303"
479,nfl,2016,480,Ryan Shazier,PIT,LB/ILB,"$2,592,876"
480,nfl,2016,481,Andrus Peat,NO,G,"$2,589,431"
481,nfl,2016,482,Dan Carpenter,BUF,K,"$2,587,500"
482,nfl,2016,483,Jacob Tamme,ATL,TE,"$2,584,375"
483,nfl,2016,484,Isa Abdul-Quddus,MIA,FS,"$2,583,333"
484,nfl,2016,485,Vernon Hargreaves,TB,CB,"$2,577,756"
485,nfl,2016,486,Sharrif Floyd,MIN,DL/DT,"$2,569,700"
486,nfl,2016,487,Ed Dickson,CAR,TE,"$2,566,666"
487,nfl,2016,,Corey Peters,ARI,DL/DT,"$2,566,666"
488,nfl,2016,489,DeAngelo Williams,PIT,RB,"$2,565,000"
489,nfl,2016,490,Gary Barnidge,CLE,TE,"$2,562,500"
490,nfl,2016,,Charles Johnson,CAR,ED/DE,"$2,562,500"
491,nfl,2016,492,Jahleel Addae,SD,SS,"$2,553,000"
492,nfl,2016,,Kamar Aiken,BAL,WR,"$2,553,000"
493,nfl,2016,,Abry Jones,JAX,DL/DT,"$2,553,000"
494,nfl,2016,,Ron Leary,DAL,G,"$2,553,000"
495,nfl,2016,,Bradley McDougald,TB,SS,"$2,553,000"
496,nfl,2016,,Matt McGloin,OAK,QB,"$2,553,000"
497,nfl,2016,,Mike Remmers,CAR,RT,"$2,553,000"
498,nfl,2016,,Paul Worrilow,ATL,LB/OLB,"$2,553,000"
499,nfl,2016,500,Vance McDonald,SF,TE,"$2,545,193"
500,nfl,2016,501,Keenan Robinson,NYG,LB/OLB,"$2,534,375"
501,nfl,2016,502,Mark Ingram,NO,RB,"$2,510,000"
502,nfl,2016,503,Tony Bergstrom,HOU,C,"$2,500,000"
503,nfl,2016,,Rashad Johnson,TEN,FS,"$2,500,000"
504,nfl,2016,,Steve McLendon,NYJ,DL/DT,"$2,500,000"
505,nfl,2016,,Evan Smith,TB,C,"$2,500,000"
506,nfl,2016,,Drew Stanton,ARI,QB,"$2,500,000"
507,nfl,2016,,Stephen Tulloch,PHI,LB/ILB,"$2,500,000"
508,nfl,2016,509,Xavier Rhodes,MIN,CB,"$2,483,887"
509,nfl,2016,510,William Gay,PIT,CB,"$2,483,333"
510,nfl,2016,511,DeVante Parker,MIA,WR,"$2,471,942"
511,nfl,2016,512,Sean Spence,TEN,LB/ILB,"$2,468,750"
512,nfl,2016,,Al Woods,TEN,DL/DT,"$2,468,750"
513,nfl,2016,514,Ryan Succop,TEN,K,"$2,466,666"
514,nfl,2016,515,Datone Jones,GB,DL/DE,"$2,455,280"
515,nfl,2016,516,Zack Martin,DAL,G,"$2,445,764"
516,nfl,2016,517,Ladarius Green,PIT,TE,"$2,437,500"
517,nfl,2016,,Brandon LaFell,CIN,WR,"$2,437,500"
518,nfl,2016,519,DeAndre Hopkins,HOU,WR,"$2,426,678"
519,nfl,2016,520,Melvin Gordon,SD,RB,"$2,424,948"
520,nfl,2016,521,Ramon Foster,PIT,G,"$2,416,666"
521,nfl,2016,522,Sylvester Williams,DEN,DL/DT,"$2,412,375"
522,nfl,2016,523,Mason Crosby,GB,K,"$2,400,000"
523,nfl,2016,,Coby Fleener,NO,TE,"$2,400,000"
524,nfl,2016,,Mohamed Sanu,ATL,WR,"$2,400,000"
525,nfl,2016,,Mitchell Schwartz,KC,RT,"$2,400,000"
526,nfl,2016,527,C.J. Mosley,BAL,LB/ILB,"$2,396,728"
527,nfl,2016,528,Vernon Davis,WAS,TE,"$2,381,250"
528,nfl,2016,529,Ben Jones,TEN,C,"$2,375,000"
529,nfl,2016,,Chris Long,NE,ED/DE,"$2,375,000"
530,nfl,2016,531,Johnny Hekker,LAR,P,"$2,373,773"
531,nfl,2016,532,Tom Johnson,MIN,DL/DT,"$2,350,000"
532,nfl,2016,533,Calvin Pryor,NYJ,FS,"$2,335,433"
533,nfl,2016,534,Sheldon Rankins,NO,DL/DT,"$2,327,572"
534,nfl,2016,535,Blaine Gabbert,SF,QB,"$2,300,000"
535,nfl,2016,536,Ja'Wuan James,MIA,RT,"$2,298,654"
536,nfl,2016,537,Cordarrelle Patterson,MIN,WR,"$2,297,607"
537,nfl,2016,538,Brandin Cooks,NO,WR,"$2,286,396"
538,nfl,2016,539,Kevin Johnson,HOU,CB,"$2,283,957"
539,nfl,2016,540,HaHa Clinton-Dix,GB,FS,"$2,274,137"
540,nfl,2016,541,Laremy Tunsil,MIA,LT,"$2,265,027"
541,nfl,2016,542,Byron Bell,TEN,RT,"$2,250,000"
542,nfl,2016,,Desmond Bryant,CLE,DL/DE,"$2,250,000"
543,nfl,2016,,Karl Klug,TEN,DL/DT,"$2,250,000"
544,nfl,2016,,Derrick Shelby,ATL,DL/DT,"$2,250,000"
545,nfl,2016,,James Starks,GB,RB,"$2,250,000"
546,nfl,2016,,Cedric Thornton,DAL,DL/DT,"$2,250,000"
547,nfl,2016,,Vance Walker,DEN,DL/DE,"$2,250,000"
548,nfl,2016,549,Arik Armstead,SF,DL/DE,"$2,236,961"
549,nfl,2016,550,Alec Ogletree,LAR,LB/ILB,"$2,236,829"
550,nfl,2016,551,Shea McClellin,NE,LB/OLB,"$2,233,333"
551,nfl,2016,552,Dee Ford,KC,ED/OLB,"$2,225,100"
552,nfl,2016,553,Mike Adams,IND,SS,"$2,209,375"
553,nfl,2016,554,Donnie Jones,PHI,P,"$2,208,334"
554,nfl,2016,555,Cornellius Carradine,SF,DL/DE,"$2,199,262"
555,nfl,2016,556,Jamize Olawale,OAK,FB,"$2,190,000"
556,nfl,2016,557,Travis Frederick,DAL,C,"$2,185,978"
557,nfl,2016,558,Marcus Peters,KC,CB,"$2,178,217"
558,nfl,2016,559,Darqueze Dennard,CIN,CB,"$2,176,063"
559,nfl,2016,560,Karl Joseph,OAK,SS,"$2,160,785"
560,nfl,2016,561,Jason Verrett,SD,CB,"$2,151,546"
561,nfl,2016,562,Johnson Bademosi,DET,CB,"$2,150,000"
562,nfl,2016,,Darren McFadden,DAL,RB,"$2,150,000"
563,nfl,2016,,Brad Nortman,JAX,P,"$2,150,000"
564,nfl,2016,565,Cameron Erving,CLE,G,"$2,142,969"
565,nfl,2016,566,Matt Elam,BAL,SS,"$2,140,997"
566,nfl,2016,567,Nelson Agholor,PHI,WR,"$2,131,221"
567,nfl,2016,568,Marcus Smith,PHI,ED/DE,"$2,127,024"
568,nfl,2016,569,Rolando McClain,DAL,LB/ILB,"$2,125,000"
569,nfl,2016,570,Cedric Ogbuehi,CIN,LT,"$2,119,472"
570,nfl,2016,571,Corey Coleman,CLE,WR,"$2,119,090"
571,nfl,2016,572,Deone Bucannon,ARI,LB/ILB,"$2,102,510"
572,nfl,2016,573,Bud Dupree,PIT,ED/OLB,"$2,095,973"
573,nfl,2016,574,Shareece Wright,BAL,CB,"$2,093,333"
574,nfl,2016,575,Kelvin Benjamin,CAR,WR,"$2,090,250"
575,nfl,2016,576,Matthew Slater,NE,WR,"$2,072,908"
576,nfl,2016,577,Shane Ray,DEN,ED/OLB,"$2,072,476"
577,nfl,2016,578,Nolan Carroll,PHI,CB,"$2,047,500"
578,nfl,2016,579,D.J. Humphries,ARI,LT,"$2,025,480"
579,nfl,2016,580,Shaq Thompson,CAR,LB/OLB,"$2,001,983"
580,nfl,2016,581,Matt Cassel,TEN,QB,"$2,000,000"
581,nfl,2016,,Brent Celek,PHI,TE,"$2,000,000"
582,nfl,2016,,Karlos Dansby,CIN,LB/ILB,"$2,000,000"
583,nfl,2016,,Cory Harkey,LAR,FB,"$2,000,000"
584,nfl,2016,,Andre Holmes,OAK,WR,"$2,000,000"
585,nfl,2016,,Brian Hoyer,CHI,QB,"$2,000,000"
586,nfl,2016,,George Johnson,TB,ED/DE,"$2,000,000"
587,nfl,2016,,Josh Kline,TEN,G,"$2,000,000"
588,nfl,2016,,Josh Robinson,TB,CB,"$2,000,000"
589,nfl,2016,,Mark Sanchez,DAL,QB,"$2,000,000"
590,nfl,2016,,Marcus Sherels,MIN,CB,"$2,000,000"
591,nfl,2016,,Anthony Sherman,KC,FB,"$2,000,000"
592,nfl,2016,593,Taylor Decker,DET,T,"$1,993,996"
593,nfl,2016,594,Breshad Perriman,BAL,WR,"$1,978,481"
594,nfl,2016,595,Byron Jones,DAL,CB,"$1,954,987"
595,nfl,2016,596,Keanu Neal,ATL,FS,"$1,952,299"
596,nfl,2016,597,Derek Anderson,CAR,QB,"$1,950,000"
597,nfl,2016,,Allen Barbre,PHI,G,"$1,950,000"
598,nfl,2016,,Chris Maragos,PHI,FS,"$1,950,000"
599,nfl,2016,,Marshall Newhouse,NYG,RT,"$1,950,000"
600,nfl,2016,601,Laken Tomlinson,DET,G,"$1,943,237"
601,nfl,2016,602,Jimmie Ward,SF,FS,"$1,939,782"
602,nfl,2016,603,Jonathan Freeny,NE,LB/OLB,"$1,917,073"
603,nfl,2016,604,Brandon Myers,TB,TE,"$1,916,668"
604,nfl,2016,605,Garrett Celek,SF,TE,"$1,915,625"
605,nfl,2016,606,Ryan Kelly,IND,C,"$1,900,178"
606,nfl,2016,607,Andrew Gachkar,DAL,LB/OLB,"$1,900,000"
607,nfl,2016,,John Jerry,NYG,G,"$1,900,000"
608,nfl,2016,,Stephen Paea,CLE,DL/DT,"$1,900,000"
609,nfl,2016,610,Bradley Roby,DEN,CB,"$1,896,144"
610,nfl,2016,611,Shaq Lawson,BUF,ED/DE,"$1,868,904"
611,nfl,2016,612,Teddy Bridgewater,MIN,QB,"$1,868,046"
612,nfl,2016,613,Kendrick Lewis,BAL,FS,"$1,866,667"
613,nfl,2016,614,Darron Lee,NYJ,LB/ILB,"$1,858,481"
614,nfl,2016,615,Rhett Ellison,MIN,TE,"$1,850,625"
615,nfl,2016,616,Phillip Dorsett,IND,WR,"$1,848,958"
616,nfl,2016,617,Will Fuller,HOU,WR,"$1,848,057"
617,nfl,2016,618,Larry Warford,DET,G,"$1,845,250"
618,nfl,2016,619,Bennie Logan,PHI,DL/DT,"$1,842,023"
619,nfl,2016,620,T.J. McDonald,LAR,FS,"$1,833,000"
620,nfl,2016,621,Brian Winters,NYJ,G,"$1,831,969"
621,nfl,2016,622,Mike Glennon,TB,QB,"$1,830,375"
622,nfl,2016,623,Terrance Williams,DAL,WR,"$1,825,868"
623,nfl,2016,624,Markus Wheaton,PIT,WR,"$1,818,844"
624,nfl,2016,625,J.J. Wilcox,DAL,FS,"$1,817,517"
625,nfl,2016,626,Logan Ryan,NE,CB,"$1,811,813"
626,nfl,2016,627,Hugh Thornton,IND,G,"$1,807,345"
627,nfl,2016,628,Laquon Treadwell,MIN,WR,"$1,806,359"
628,nfl,2016,629,Duron Harmon,NE,SS,"$1,804,400"
629,nfl,2016,630,Shane Lechler,HOU,P,"$1,800,000"
630,nfl,2016,,Benson Mayowa,DAL,ED/DE,"$1,800,000"
631,nfl,2016,,Colt McCoy,WAS,QB,"$1,800,000"
632,nfl,2016,633,Brandon Williams,BAL,DL/DT,"$1,799,750"
633,nfl,2016,634,Damarious Randall,GB,FS,"$1,799,030"
634,nfl,2016,635,Akeem Spence,TB,DL/DT,"$1,792,071"
635,nfl,2016,636,Alex Okafor,ARI,DL/DE,"$1,789,607"
636,nfl,2016,637,Jelani Jenkins,MIA,LB/OLB,"$1,789,172"
637,nfl,2016,638,Dion Sims,MIA,TE,"$1,787,888"
638,nfl,2016,639,Brian Schwenke,TEN,C,"$1,787,065"
639,nfl,2016,640,Theo Riddick,DET,RB,"$1,785,250"
640,nfl,2016,641,William Gholston,TB,ED/DE,"$1,771,136"
641,nfl,2016,642,Jah Reid,KC,RT,"$1,768,750"
642,nfl,2016,643,William Jackson,CIN,CB,"$1,764,662"
643,nfl,2016,644,Stephone Anthony,NO,LB/OLB,"$1,757,208"
644,nfl,2016,645,Bryan Anger,TB,P,"$1,750,000"
645,nfl,2016,,Stefan Charles,DET,DL/DT,"$1,750,000"
646,nfl,2016,,Jared Crick,DEN,DL/DE,"$1,750,000"
647,nfl,2016,,Nick Foles,KC,QB,"$1,750,000"
648,nfl,2016,,James Hanna,DAL,TE,"$1,750,000"
649,nfl,2016,,Sean Lissemore,SD,DL/DT,"$1,750,000"
650,nfl,2016,,Jerraud Powers,BAL,CB,"$1,750,000"
651,nfl,2016,,Matt Schaub,ATL,QB,"$1,750,000"
652,nfl,2016,653,Levine Toilolo,ATL,TE,"$1,746,146"
653,nfl,2016,654,Artie Burns,PIT,CB,"$1,743,814"
654,nfl,2016,655,John Cyprien,JAX,SS,"$1,740,170"
655,nfl,2016,656,Brandon Weeden,HOU,QB,"$1,737,500"
656,nfl,2016,657,Bilal Powell,NYJ,RB,"$1,733,333"
657,nfl,2016,658,Malcom Brown,NE,DL/DT,"$1,730,279"
658,nfl,2016,659,Paxton Lynch,DEN,QB,"$1,722,963"
659,nfl,2016,660,Luke Willson,SEA,TE,"$1,715,633"
660,nfl,2016,661,Micah Hyde,GB,SS,"$1,715,527"
661,nfl,2016,662,Josh Doctson,WAS,WR,"$1,715,495"
662,nfl,2016,663,Ricky Wagner,BAL,RT,"$1,707,140"
663,nfl,2016,664,Brian Quick,LAR,WR,"$1,703,125"
664,nfl,2016,665,Kenny Clark,GB,DL/DE,"$1,702,117"
665,nfl,2016,666,Ryan Allen,NE,P,"$1,700,000"
666,nfl,2016,,Britton Colquitt,CLE,P,"$1,700,000"
667,nfl,2016,,Dwight Lowery,SD,FS,"$1,700,000"
668,nfl,2016,,Brice McCain,TEN,CB,"$1,700,000"
669,nfl,2016,670,Mychal Rivera,OAK,TE,"$1,697,213"
670,nfl,2016,671,Andre Ellington,ARI,RB,"$1,696,966"
671,nfl,2016,672,Joshua Garnett,SF,G,"$1,691,693"
672,nfl,2016,673,Marquess Wilson,CHI,WR,"$1,682,787"
673,nfl,2016,674,Kemal Ishmael,ATL,SS,"$1,682,474"
674,nfl,2016,675,Robert Alford,ATL,CB,"$1,682,263"
675,nfl,2016,676,A.J. Bouye,HOU,CB,"$1,671,000"
676,nfl,2016,,Corbin Bryant,BUF,DL/DT,"$1,671,000"
677,nfl,2016,,Benny Cunningham,LAR,RB,"$1,671,000"
678,nfl,2016,,Larry Donnell,NYG,TE,"$1,671,000"
679,nfl,2016,,Jack Doyle,IND,TE,"$1,671,000"
680,nfl,2016,,Gerald Hodges,SF,ED/OLB,"$1,671,000"
681,nfl,2016,,Tony Jefferson,ARI,SS,"$1,671,000"
682,nfl,2016,,Tim Lelito,NO,G,"$1,671,000"
683,nfl,2016,,Zach Line,MIN,FB,"$1,671,000"
684,nfl,2016,,Jordan Mills,BUF,RT,"$1,671,000"
685,nfl,2016,,Austin Pasztor,CLE,T,"$1,671,000"
686,nfl,2016,,Terrelle Pryor,CLE,WR,"$1,671,000"
687,nfl,2016,,Russell Shepard,TB,WR,"$1,671,000"
688,nfl,2016,,John Simon,HOU,ED/OLB,"$1,671,000"
689,nfl,2016,,Kenny Stills,MIA,WR,"$1,671,000"
690,nfl,2016,,D.J. Swearinger,ARI,FS,"$1,671,000"
691,nfl,2016,,Michael Wilhoite,SF,LB/ILB,"$1,671,000"
692,nfl,2016,693,Darrell Stuckey,SD,FS,"$1,668,750"
693,nfl,2016,694,Ryan Harris,PIT,LT,"$1,662,500"
694,nfl,2016,695,Nickell Robey-Coleman,BUF,CB,"$1,658,333"
695,nfl,2016,696,Jamar Taylor,CLE,CB,"$1,649,475"
696,nfl,2016,697,Manti Te'o,SD,LB/ILB,"$1,645,770"
697,nfl,2016,698,Marcus Easley,BUF,WR,"$1,621,647"
698,nfl,2016,699,Mario Addison,CAR,ED/DE,"$1,620,000"
699,nfl,2016,700,Ted Larsen,CHI,G,"$1,612,500"
700,nfl,2016,701,Joe Berger,MIN,G,"$1,610,000"
701,nfl,2016,702,Mike Harris,MIN,G,"$1,600,000"
702,nfl,2016,,Paul Kruger,NO,LB/OLB,"$1,600,000"
703,nfl,2016,,Jon Ryan,SEA,P,"$1,600,000"
704,nfl,2016,,Luke Stocker,TB,TE,"$1,600,000"
705,nfl,2016,706,Geno Smith,NYJ,QB,"$1,597,146"
706,nfl,2016,707,Josh Hill,NO,TE,"$1,583,333"
707,nfl,2016,,Niles Paul,WAS,TE,"$1,583,333"
708,nfl,2016,709,Jaron Brown,ARI,WR,"$1,578,382"
709,nfl,2016,710,Kyle Arrington,BAL,CB,"$1,566,666"
710,nfl,2016,711,Robert Nkemdiche,ARI,DL/DE,"$1,563,745"
711,nfl,2016,712,Robert Woods,BUF,WR,"$1,548,518"
712,nfl,2016,713,Quinton Dial,SF,DL/DT,"$1,527,163"
713,nfl,2016,714,Vernon Butler,CAR,DL/DT,"$1,526,639"
714,nfl,2016,715,Menelik Watson,OAK,RT,"$1,525,635"
715,nfl,2016,716,Xavier Su'a-Filo,HOU,G,"$1,514,073"
716,nfl,2016,717,Nick Fairley,NO,DL/DT,"$1,510,000"
717,nfl,2016,718,Germain Ifedi,SEA,RT,"$1,502,746"
718,nfl,2016,719,Antwon Blake,TEN,CB,"$1,500,000"
719,nfl,2016,,Reggie Bush,BUF,RB,"$1,500,000"
720,nfl,2016,,James Harrison,PIT,ED/OLB,"$1,500,000"
721,nfl,2016,,Chris Johnson,ARI,RB,"$1,500,000"
722,nfl,2016,,Ryan Mallett,BAL,QB,"$1,500,000"
723,nfl,2016,,Scott Tolzien,IND,QB,"$1,500,000"
724,nfl,2016,,Kyle Wilber,DAL,LB/OLB,"$1,500,000"
725,nfl,2016,726,Joel Bitonio,CLE,G,"$1,489,554"
726,nfl,2016,727,Mike Tolbert,CAR,FB,"$1,475,000"
727,nfl,2016,728,Kawann Short,CAR,DL/DT,"$1,473,192"
728,nfl,2016,729,Quintin Demps,HOU,SS,"$1,470,000"
729,nfl,2016,730,Sean Weatherspoon,ATL,LB/ILB,"$1,468,750"
730,nfl,2016,731,Derek Carr,OAK,QB,"$1,465,037"
731,nfl,2016,732,Ra'Shede Hageman,ATL,ED/DE,"$1,455,230"
732,nfl,2016,733,Chris Jones,DAL,P,"$1,450,000"
733,nfl,2016,,Lane Taylor,GB,G,"$1,450,000"
734,nfl,2016,735,Jermon Bushrod,MIA,G,"$1,437,500"
735,nfl,2016,,Leon Hall,NYG,CB,"$1,437,500"
736,nfl,2016,737,Marqise Lee,JAX,WR,"$1,411,097"
737,nfl,2016,738,Mark Herzlich,NYG,LB/OLB,"$1,400,000"
738,nfl,2016,,Sherrick McManis,CHI,CB,"$1,400,000"
739,nfl,2016,,Matt Moore,MIA,QB,"$1,400,000"
740,nfl,2016,,Courtney Upshaw,ATL,DL/DT,"$1,400,000"
741,nfl,2016,742,Kevin Minter,ARI,LB/ILB,"$1,396,903"
742,nfl,2016,743,Landon Collins,NYG,FS,"$1,391,036"
743,nfl,2016,744,Donovan Smith,TB,LT,"$1,379,286"
744,nfl,2016,745,LaMarcus Joyner,LAR,FS,"$1,371,867"
745,nfl,2016,746,Mario Edwards,OAK,ED/DE,"$1,367,537"
746,nfl,2016,747,Frostee Rucker,ARI,DL/DT,"$1,353,125"
747,nfl,2016,748,Jeff Heath,DAL,FS,"$1,350,000"
748,nfl,2016,,Daniel Kilgore,SF,C,"$1,350,000"
749,nfl,2016,,Cody Wallace,PIT,C,"$1,350,000"
750,nfl,2016,751,Jordan Matthews,PHI,WR,"$1,349,801"
751,nfl,2016,752,T.J. Yeldon,JAX,RB,"$1,344,040"
752,nfl,2016,753,Gavin Escobar,DAL,TE,"$1,339,703"
753,nfl,2016,754,Tyrunn Walker,DET,DL/DT,"$1,337,500"
754,nfl,2016,755,Devin Smith,NYJ,WR,"$1,334,641"
755,nfl,2016,756,Weston Richburg,NYG,C,"$1,330,187"
756,nfl,2016,757,Preston Smith,WAS,ED/OLB,"$1,313,490"
757,nfl,2016,758,Cyrus Kouandjio,BUF,RT,"$1,311,497"
758,nfl,2016,759,Cody Davis,LAR,FS,"$1,305,555"
759,nfl,2016,760,Alfred Morris,DAL,RB,"$1,300,000"
760,nfl,2016,761,Eddie Goldman,CHI,DL/DT,"$1,292,344"
761,nfl,2016,762,Michael Floyd,NE,WR,"$1,291,764"
762,nfl,2016,763,Paul Richardson,SEA,WR,"$1,285,319"
763,nfl,2016,764,DeMarcus Lawrence,DAL,ED/DE,"$1,285,201"
764,nfl,2016,765,Johnathan Hankins,NYG,DL/DT,"$1,282,491"
765,nfl,2016,766,Brandon Bolden,NE,RB,"$1,272,500"
766,nfl,2016,767,Rafael Bush,DET,FS,"$1,265,625"
767,nfl,2016,768,Stephon Tuitt,PIT,DL/DE,"$1,257,122"
768,nfl,2016,769,Devin Funchess,CAR,WR,"$1,254,747"
769,nfl,2016,770,Zach Brown,BUF,LB/ILB,"$1,250,000"
770,nfl,2016,,Lawrence Guy,BAL,DL/DE,"$1,250,000"
771,nfl,2016,,Erin Henderson,NYJ,LB/ILB,"$1,250,000"
772,nfl,2016,,Luke McCown,NO,QB,"$1,250,000"
773,nfl,2016,,Greg Zuerlein,LAR,K,"$1,250,000"
774,nfl,2016,775,Michael Hoomanawanui,NO,TE,"$1,233,333"
775,nfl,2016,776,Pat Sims,CIN,DL/DT,"$1,225,000"
776,nfl,2016,777,Trent Murphy,WAS,ED/OLB,"$1,219,854"
777,nfl,2016,778,Alvin Bailey,CLE,G,"$1,215,685"
778,nfl,2016,779,Sam Martin,DET,P,"$1,215,075"
779,nfl,2016,780,John Denney,MIA,LS,"$1,215,000"
780,nfl,2016,781,Benardrick McKinney,HOU,LB/ILB,"$1,214,801"
781,nfl,2016,782,Cedric Peerman,CIN,RB,"$1,210,000"
782,nfl,2016,783,Emmanuel Ogbah,CLE,DL/DE,"$1,201,753"
783,nfl,2016,784,Nate Ebner,NE,FS,"$1,200,000"
784,nfl,2016,,Anthony Levine,BAL,LB/ILB,"$1,200,000"
785,nfl,2016,,Craig Robertson,NO,LB/ILB,"$1,200,000"
786,nfl,2016,,Matt Slauson,SD,G,"$1,200,000"
787,nfl,2016,788,Don Carey,DET,SS,"$1,197,500"
788,nfl,2016,789,Le'Veon Bell,PIT,RB,"$1,197,347"
789,nfl,2016,790,Hau'oli Kikaha,NO,LB/OLB,"$1,196,889"
790,nfl,2016,791,Timmy Jernigan,BAL,DL/DT,"$1,195,337"
791,nfl,2016,792,Vince Williams,PIT,LB/ILB,"$1,194,670"
792,nfl,2016,793,Kevin Dodd,TEN,ED/OLB,"$1,191,328"
793,nfl,2016,794,Jaylon Smith,DAL,LB/ILB,"$1,180,903"
794,nfl,2016,795,Jon Condo,OAK,LS,"$1,177,500"
795,nfl,2016,796,Robert Golden,PIT,FS,"$1,176,666"
796,nfl,2016,797,Jon Dorenbos,PHI,LS,"$1,172,500"
797,nfl,2016,798,Eric Kendricks,MIN,LB/ILB,"$1,171,800"
798,nfl,2016,799,L.P. Ladouceur,DAL,LS,"$1,170,000"
799,nfl,2016,800,Margus Hunt,CIN,DL/DT,"$1,168,077"
800,nfl,2016,801,Nick Sundberg,WAS,LS,"$1,162,500"
801,nfl,2016,802,Hunter Henry,SD,TE,"$1,160,055"
802,nfl,2016,803,Myles Jack,JAX,LB/OLB,"$1,151,716"
803,nfl,2016,804,Taiwan Jones,OAK,RB,"$1,150,000"
804,nfl,2016,,Senio Kelemete,NO,G,"$1,150,000"
805,nfl,2016,806,Eric Weems,ATL,WR,"$1,147,500"
806,nfl,2016,807,Jeremiah Attaochu,SD,ED/OLB,"$1,146,300"
807,nfl,2016,808,Jaquiski Tartt,SF,FS,"$1,144,776"
808,nfl,2016,809,Darrius Heyward-Bey,PIT,WR,"$1,133,333"
809,nfl,2016,810,Chris Jones,KC,DL/DE,"$1,132,950"
810,nfl,2016,811,Nick Bellore,SF,LB/ILB,"$1,130,000"
811,nfl,2016,812,Kraig Urbik,MIA,G,"$1,125,000"
812,nfl,2016,813,Xavien Howard,MIA,CB,"$1,114,189"
813,nfl,2016,814,Mitch Unrein,CHI,DL/DE,"$1,110,000"
814,nfl,2016,815,Ego Ferguson,CHI,DL/DT,"$1,102,498"
815,nfl,2016,816,William Beatty,NYG,LT,"$1,100,000"
816,nfl,2016,,Tank Carder,CLE,LB/ILB,"$1,100,000"
817,nfl,2016,,Jack Crawford,DAL,ED/DE,"$1,100,000"
818,nfl,2016,,Zak DeOssie,NYG,LS,"$1,100,000"
819,nfl,2016,,Mason Foster,WAS,LB/ILB,"$1,100,000"
820,nfl,2016,,Chris Hairston,SD,LT,"$1,100,000"
821,nfl,2016,,Terrell McClain,DAL,ED/DE,"$1,100,000"
822,nfl,2016,,Albert McClellan,BAL,ED/OLB,"$1,100,000"
823,nfl,2016,,Brad Wing,NYG,P,"$1,100,000"
824,nfl,2016,825,Noah Spence,TB,ED/DE,"$1,097,509"
825,nfl,2016,826,Troy Niklas,ARI,TE,"$1,097,264"
826,nfl,2016,827,Eric Winston,CIN,RT,"$1,090,000"
827,nfl,2016,828,Dion Lewis,NE,RB,"$1,087,500"
828,nfl,2016,,LaAdrian Waddle,NE,RT,"$1,087,500"
829,nfl,2016,830,Denzel Perryman,SD,LB/ILB,"$1,085,562"
830,nfl,2016,831,Sterling Shepard,NYG,WR,"$1,080,831"
831,nfl,2016,832,Eddie Lacy,GB,RB,"$1,079,404"
832,nfl,2016,833,Nathan Stupar,NO,LB/OLB,"$1,075,000"
833,nfl,2016,834,Jalen Collins,ATL,CB,"$1,073,194"
834,nfl,2016,835,Davante Adams,GB,WR,"$1,072,746"
835,nfl,2016,836,Beau Brinkley,TEN,LS,"$1,068,000"
836,nfl,2016,837,Frank Zombo,KC,ED/OLB,"$1,066,666"
837,nfl,2016,838,Reggie Ragland,BUF,LB/ILB,"$1,062,067"
838,nfl,2016,839,Mitch Morse,KC,C,"$1,062,062"
839,nfl,2016,840,Garrison Sanborn,BUF,LS,"$1,057,500"
840,nfl,2016,841,Ron Brooks,PHI,CB,"$1,050,000"
841,nfl,2016,,Tavon Wilson,DET,SS,"$1,050,000"
842,nfl,2016,843,Kamalei Correa,BAL,LB/ILB,"$1,045,388"
843,nfl,2016,844,Ronald Darby,BUF,CB,"$1,038,566"
844,nfl,2016,845,Eddie Pleasant,HOU,FS,"$1,036,000"
845,nfl,2016,846,Austin Johnson,TEN,DL/DT,"$1,029,496"
846,nfl,2016,847,LeGarrette Blount,NE,RB,"$1,025,000"
847,nfl,2016,,J.J. Jansen,CAR,LS,"$1,025,000"
848,nfl,2016,,Will Johnson,NYG,FB,"$1,025,000"
849,nfl,2016,850,Jeremy Hill,CIN,RB,"$1,023,710"
850,nfl,2016,851,Nate Orchard,CLE,ED/OLB,"$1,015,069"
851,nfl,2016,852,Cody Latimer,DEN,WR,"$1,011,450"
852,nfl,2016,853,Keith Tandy,TB,FS,"$1,010,000"
853,nfl,2016,,Teddy Williams,CAR,CB,"$1,010,000"
854,nfl,2016,855,Jihad Ward,OAK,ED/DE,"$1,007,236"
855,nfl,2016,856,Percy Harvin,BUF,WR,"$1,005,882"
856,nfl,2016,857,Carlos Hyde,SF,RB,"$1,004,094"
857,nfl,2016,858,Jahri Evans,NO,G,"$1,000,000"
858,nfl,2016,,Dwight Freeney,ATL,LB/OLB,"$1,000,000"
859,nfl,2016,,Andrew Hawkins,CLE,WR,"$1,000,000"
860,nfl,2016,,Tony Jerod-Eddie,SF,DL/DE,"$1,000,000"
861,nfl,2016,,Michael Morgan,SEA,LB/OLB,"$1,000,000"
862,nfl,2016,,Bradley Sowell,SEA,LT,"$1,000,000"
863,nfl,2016,864,Jordan Phillips,MIA,DL/DT,"$991,570"
864,nfl,2016,865,Kiko Alonso,MIA,LB/OLB,"$991,418"
865,nfl,2016,866,Lance Dunbar,DAL,RB,"$987,500"
866,nfl,2016,867,Derrick Henry,TEN,RB,"$983,259"
867,nfl,2016,868,Ryan Hewitt,CIN,FB,"$978,334"
868,nfl,2016,869,Will Blackmon,WAS,CB,"$975,000"
869,nfl,2016,,Bryan Braman,PHI,LB/OLB,"$975,000"
870,nfl,2016,871,Jack Mewhort,IND,G,"$974,673"
871,nfl,2016,872,Cecil Shorts,TB,WR,"$971,875"
872,nfl,2016,873,Kyle Nelson,SF,LS,"$970,000"
873,nfl,2016,874,Jake Fisher,CIN,LT,"$968,073"
874,nfl,2016,875,Kony Ealy,CAR,ED/DE,"$967,317"
875,nfl,2016,876,Spencer Ware,KC,RB,"$958,333"
876,nfl,2016,,Charcandrick West,KC,RB,"$958,333"
877,nfl,2016,878,Allen Robinson,JAX,WR,"$957,510"
878,nfl,2016,879,A'Shawn Robinson,DET,DL/DT,"$951,570"
879,nfl,2016,880,Jimmy Garoppolo,NE,QB,"$950,154"
880,nfl,2016,881,Gino Gradkowski,CAR,C,"$950,000"
881,nfl,2016,,Clark Harris,CIN,LS,"$950,000"
882,nfl,2016,,Demetrius Harris,KC,TE,"$950,000"
883,nfl,2016,884,Jarvis Landry,MIA,WR,"$947,703"
884,nfl,2016,885,Ameer Abdullah,DET,RB,"$944,574"
885,nfl,2016,886,Justin Britt,SEA,C,"$942,800"
886,nfl,2016,887,Jon Bostic,DET,LB/ILB,"$942,381"
887,nfl,2016,888,Morgan Cox,BAL,LS,"$940,000"
888,nfl,2016,889,Tanner Purdum,NYJ,LS,"$932,500"
889,nfl,2016,890,Michael Thomas,NO,WR,"$930,722"
890,nfl,2016,891,Cullen Jenkins,WAS,DL/DE,"$927,058"
891,nfl,2016,892,Jason Spriggs,GB,T,"$909,871"
892,nfl,2016,893,Senquez Golson,PIT,CB,"$909,327"
893,nfl,2016,894,Rob Havenstein,LAR,G,"$902,277"
894,nfl,2016,895,Derek Carrier,WAS,TE,"$900,000"
895,nfl,2016,,Johnathan Grimes,HOU,RB,"$900,000"
896,nfl,2016,,Patrick Lewis,BUF,C,"$900,000"
897,nfl,2016,898,Patrick DiMarco,ATL,FB,"$897,500"
898,nfl,2016,,Mike Windt,SD,LS,"$897,500"
899,nfl,2016,900,Markus Golden,ARI,ED/OLB,"$890,530"
900,nfl,2016,901,Justin Drescher,NO,LS,"$890,000"
901,nfl,2016,902,Jarran Reed,SEA,DL/DT,"$889,024"
902,nfl,2016,903,Colin Jones,CAR,FS,"$885,000"
903,nfl,2016,904,Jordan Norwood,DEN,WR,"$880,000"
904,nfl,2016,905,Jake McQuaide,LAR,LS,"$875,000"
905,nfl,2016,,Jon Weeks,HOU,LS,"$875,000"
906,nfl,2016,907,Ty Sambrailo,DEN,LT,"$874,081"
907,nfl,2016,908,Nick Martin,HOU,C,"$868,177"
908,nfl,2016,909,Ray-Ray Armstrong,SF,ED/OLB,"$866,666"
909,nfl,2016,910,Morgan Moses,WAS,RT,"$864,394"
910,nfl,2016,911,Chase Reynolds,LAR,RB,"$862,500"
911,nfl,2016,912,C.J. Fiedorowicz,HOU,TE,"$860,826"
912,nfl,2016,913,Shaun Draughn,SF,RB,"$860,000"
913,nfl,2016,,Josh Harris,ATL,LS,"$860,000"
914,nfl,2016,,Joe Webb,CAR,QB,"$860,000"
915,nfl,2016,916,Marquise Goodwin,BUF,WR,"$859,719"
916,nfl,2016,917,Ali Marpet,TB,C,"$857,633"
917,nfl,2016,918,Quinten Rollins,GB,CB,"$850,583"
918,nfl,2016,919,Daren Bates,OAK,LB/ILB,"$850,000"
919,nfl,2016,,Tress Way,WAS,P,"$850,000"
920,nfl,2016,921,Frank Clark,SEA,ED/DE,"$848,233"
921,nfl,2016,922,Christian Hackenberg,NYJ,QB,"$847,327"
922,nfl,2016,923,Jordan Richards,NE,SS,"$843,534"
923,nfl,2016,924,Matt Asiata,MIN,RB,"$840,000"
924,nfl,2016,,Tim Hightower,NO,RB,"$840,000"
925,nfl,2016,926,Charles Sims,TB,RB,"$836,023"
926,nfl,2016,927,A.Q. Shipley,ARI,C,"$835,000"
927,nfl,2016,928,Jerome Felton,BUF,FB,"$832,941"
928,nfl,2016,929,Deion Jones,ATL,LB/ILB,"$826,479"
929,nfl,2016,930,Joe Looney,DAL,G,"$825,000"
930,nfl,2016,,Brynden Trawick,OAK,SS,"$825,000"
931,nfl,2016,932,Marcus Martin,SF,G,"$822,812"
932,nfl,2016,933,Kayvon Webster,DEN,CB,"$821,950"
933,nfl,2016,934,Josh Gordon,CLE,WR,"$817,016"
934,nfl,2016,935,Christian Kirksey,CLE,LB/ILB,"$815,625"
935,nfl,2016,936,Antonio Smith,HOU,DL/DE,"$811,176"
936,nfl,2016,937,Jace Amaro,TEN,TE,"$810,272"
937,nfl,2016,938,Jay Bromley,NYG,DL/DT,"$805,969"
938,nfl,2016,939,Su'a Cravens,WAS,S,"$805,630"
939,nfl,2016,940,Matt Overton,IND,LS,"$800,000"
940,nfl,2016,,Christian Ponder,SF,QB,"$800,000"
941,nfl,2016,942,Scott Crichton,MIN,ED/DE,"$797,831"
942,nfl,2016,943,Travis Swanson,DET,C,"$794,868"
943,nfl,2016,944,Preston Brown,BUF,LB/ILB,"$793,750"
944,nfl,2016,945,Ryan Nassib,NYG,QB,"$788,400"
945,nfl,2016,946,Shamarko Thomas,PIT,SS,"$788,288"
946,nfl,2016,947,Justin Gilbert,PIT,CB,"$786,682"
947,nfl,2016,948,A.J. Cann,JAX,G,"$785,399"
948,nfl,2016,949,Landry Jones,PIT,QB,"$784,805"
949,nfl,2016,950,Mackensie Alexander,MIN,CB,"$784,783"
950,nfl,2016,951,Earl Watford,ARI,RT,"$783,716"
951,nfl,2016,952,Clive Walford,OAK,TE,"$781,126"
952,nfl,2016,953,J.C. Tretter,GB,C,"$778,977"
953,nfl,2016,954,Tyler Lockett,SEA,WR,"$776,687"
954,nfl,2016,955,Kevin McDermott,MIN,LS,"$775,000"
955,nfl,2016,956,Tyler Boyd,CIN,WR,"$774,358"
956,nfl,2016,957,Quinton Patton,SF,WR,"$772,875"
957,nfl,2016,958,Tim Wright,DET,TE,"$771,250"
958,nfl,2016,959,Cody Whitehair,CHI,G,"$768,103"
959,nfl,2016,960,Hroniss Grasu,CHI,C,"$765,480"
960,nfl,2016,961,Jamon Brown,LAR,RT,"$764,279"
961,nfl,2016,962,Spencer Long,WAS,C,"$763,450"
962,nfl,2016,963,Jaelen Strong,HOU,WR,"$762,995"
963,nfl,2016,964,Gabe Jackson,OAK,G,"$762,844"
964,nfl,2016,965,Will Sutton,CHI,DL/DT,"$761,517"
965,nfl,2016,966,Dennis Kelly,TEN,RT,"$760,000"
966,nfl,2016,,Jeremy Kerley,SF,WR,"$760,000"
967,nfl,2016,,Kellen Moore,DAL,QB,"$760,000"
968,nfl,2016,,Logan Paulsen,CHI,TE,"$760,000"
969,nfl,2016,,Rod Streater,SF,WR,"$760,000"
970,nfl,2016,,Brandon Tate,BUF,WR,"$760,000"
971,nfl,2016,972,Kareem Martin,ARI,ED/OLB,"$759,890"
972,nfl,2016,973,T.J. Green,IND,S,"$757,679"
973,nfl,2016,974,Will Clarke,CIN,ED/DE,"$756,345"
974,nfl,2016,975,Phillip Gaines,KC,CB,"$755,778"
975,nfl,2016,976,Tevin Coleman,ATL,RB,"$753,811"
976,nfl,2016,977,Trai Turner,CAR,G,"$753,620"
977,nfl,2016,978,Donte Moncrief,IND,WR,"$750,880"
978,nfl,2016,979,Kyle Juszczyk,BAL,FB,"$750,146"
979,nfl,2016,,Devin Taylor,DET,ED/DE,"$750,146"
980,nfl,2016,981,James Develin,NE,FB,"$750,000"
981,nfl,2016,,Terence Garvin,WAS,LB/ILB,"$750,000"
982,nfl,2016,983,John Brown,ARI,WR,"$747,725"
983,nfl,2016,984,Brandon Linder,JAX,C,"$745,400"
984,nfl,2016,985,Owamagbe Odighizuwa,NYG,ED/DE,"$745,125"
985,nfl,2016,986,Sean Davis,PIT,SS,"$743,085"
986,nfl,2016,987,Michael Schofield,DEN,RT,"$742,300"
987,nfl,2016,988,Richard Rodgers,GB,TE,"$739,004"
988,nfl,2016,989,Jerick McKinnon,MIN,RB,"$738,750"
989,nfl,2016,990,Sean Mannion,LAR,QB,"$738,734"
990,nfl,2016,991,Chris Conley,KC,WR,"$738,108"
991,nfl,2016,992,Roberto Aguayo,TB,K,"$736,830"
992,nfl,2016,993,Duke Johnson,CLE,RB,"$732,523"
993,nfl,2016,994,Eli Harold,SF,ED/OLB,"$729,343"
994,nfl,2016,995,Michael Griffin,CAR,FS,"$728,823"
995,nfl,2016,,John Sullivan,WAS,C,"$728,823"
996,nfl,2016,997,Cyrus Jones,NE,CB,"$728,491"
997,nfl,2016,998,Denard Robinson,JAX,RB,"$728,403"
998,nfl,2016,999,P.J. Williams,NO,CB,"$726,654"
999,nfl,2016,1000,Crockett Gillmore,BAL,T,"$726,504"
1000,nfl,2016,1001,Stepfan Taylor,ARI,RB,"$725,125"
1001,nfl,2016,1002,John Miller,BUF,G,"$725,030"
1002,nfl,2016,1003,Kelcie McCray,SEA,SS,"$725,000"
1003,nfl,2016,,Matt Tobin,PHI,G,"$725,000"
1004,nfl,2016,,Fozzy Whittaker,CAR,RB,"$725,000"
1005,nfl,2016,1006,A.J. Klein,CAR,LB/ILB,"$722,825"
1006,nfl,2016,1007,Brandon Thompson,CIN,DL/DT,"$722,823"
1007,nfl,2016,1008,Vonn Bell,NO,SS,"$722,236"
1008,nfl,2016,1009,Bashaud Breeland,WAS,CB,"$721,500"
1009,nfl,2016,1010,Devonta Freeman,ATL,RB,"$721,106"
1010,nfl,2016,1011,Jeff Locke,MIN,P,"$721,048"
1011,nfl,2016,1012,James Bradberry,CAR,CB,"$720,152"
1012,nfl,2016,1013,Bruce Ellington,SF,WR,"$718,607"
1013,nfl,2016,1014,Justin Ellis,OAK,DL/DT,"$718,172"
1014,nfl,2016,1015,Cassius Marsh,SEA,LB/OLB,"$717,563"
1015,nfl,2016,1016,Maurice Alexander,LAR,SS,"$716,065"
1016,nfl,2016,1017,Adam Gotsis,DEN,DL/DE,"$715,982"
1017,nfl,2016,1018,Jacquizz Rodgers,TB,RB,"$715,294"
1018,nfl,2016,1019,Russell Bodine,CIN,C,"$714,114"
1019,nfl,2016,1020,DaQuan Jones,TEN,DL/DE,"$713,850"
1020,nfl,2016,1021,Maxx Williams,BAL,TE,"$713,676"
1021,nfl,2016,1022,De'Anthony Thomas,KC,WR,"$713,527"
1022,nfl,2016,1023,Tyler Kroft,CIN,TE,"$712,444"
1023,nfl,2016,1024,Lorenzo Mauldin,NYJ,ED/OLB,"$711,504"
1024,nfl,2016,1025,Keith McGill,OAK,S,"$711,300"
1025,nfl,2016,1026,Ka'Deem Carey,CHI,RB,"$710,845"
1026,nfl,2016,1027,David Johnson,ARI,RB,"$708,843"
1027,nfl,2016,1028,Anthony Hitchens,DAL,LB/ILB,"$708,716"
1028,nfl,2016,1029,Craig Mager,SD,CB,"$708,144"
1029,nfl,2016,1030,Jordan Hicks,PHI,LB/ILB,"$706,183"
1030,nfl,2016,1031,Walt Aikens,MIA,FS,"$703,977"
1031,nfl,2016,1032,Tourek Williams,SD,ED/OLB,"$702,515"
1032,nfl,2016,1033,Latavius Murray,OAK,RB,"$701,550"
1033,nfl,2016,1034,Tre Boston,CAR,FS,"$701,367"
1034,nfl,2016,1035,Cornelius Washington,CHI,DL/DE,"$700,947"
1035,nfl,2016,1036,Rex Burkhead,CIN,RB,"$700,550"
1036,nfl,2016,1037,Dontae Johnson,SF,CB,"$700,136"
1037,nfl,2016,1038,Don Barclay,GB,RT,"$700,000"
1038,nfl,2016,1039,James White,NE,RB,"$699,272"
1039,nfl,2016,1040,Matt Jones,WAS,RB,"$698,854"
1040,nfl,2016,1041,Carl Davis,BAL,DL/DT,"$697,021"
1041,nfl,2016,1042,Chaz Green,DAL,G,"$696,467"
1042,nfl,2016,1043,Kevin Pierre-Louis,SEA,LB/OLB,"$696,413"
1043,nfl,2016,1044,Jeff Heuerman,DEN,TE,"$695,201"
1044,nfl,2016,1045,Ryan Griffin,HOU,TE,"$694,670"
1045,nfl,2016,,Stacy McGee,OAK,DL/DT,"$694,670"
1046,nfl,2016,1047,Ty Montgomery,GB,RB,"$693,386"
1047,nfl,2016,1048,Henry Anderson,IND,DL/DE,"$692,919"
1048,nfl,2016,1049,Danielle Hunter,MIN,ED/DE,"$692,805"
1049,nfl,2016,1050,Chris Gragg,BUF,TE,"$689,793"
1050,nfl,2016,1051,Dorial Green-Beckham,PHI,WR,"$689,709"
1051,nfl,2016,1052,Daimion Stafford,TEN,SS,"$686,474"
1052,nfl,2016,1053,Steven Nelson,KC,CB,"$682,988"
1053,nfl,2016,1054,Sammie Coates,PIT,WR,"$682,878"
1054,nfl,2016,1055,Xavier Cooper,CLE,DL/DE,"$680,071"
1055,nfl,2016,1056,Sam Acho,CHI,ED/OLB,"$680,000"
1056,nfl,2016,,Colt Anderson,BUF,SS,"$680,000"
1057,nfl,2016,,Robert Blanton,BUF,SS,"$680,000"
1058,nfl,2016,,Bruce Carter,NYJ,LB/ILB,"$680,000"
1059,nfl,2016,,Kellen Clemens,SD,QB,"$680,000"
1060,nfl,2016,,Audie Cole,MIN,LB/ILB,"$680,000"
1061,nfl,2016,,Kellen Davis,NYJ,TE,"$680,000"
1062,nfl,2016,,Justin Durant,DAL,LB/OLB,"$680,000"
1063,nfl,2016,,Roman Harper,NO,SS,"$680,000"
1064,nfl,2016,,Benjamin Ijalana,NYJ,RT,"$680,000"
1065,nfl,2016,,Don Muhlbach,DET,LS,"$680,000"
1066,nfl,2016,,Nick Novak,HOU,K,"$680,000"
1067,nfl,2016,,Dan Orlovsky,DET,QB,"$680,000"
1068,nfl,2016,,Spencer Paysinger,MIA,LB/ILB,"$680,000"
1069,nfl,2016,,Chris Prosinski,CHI,SS,"$680,000"
1070,nfl,2016,,Bobby Rainey,NYG,RB,"$680,000"
1071,nfl,2016,,Jamarca Sanford,NO,SS,"$680,000"
1072,nfl,2016,,Kelvin Sheppard,NYG,LB/ILB,"$680,000"
1073,nfl,2016,,Deonte Thompson,CHI,WR,"$680,000"
1074,nfl,2016,,Greg Toler,WAS,CB,"$680,000"
1075,nfl,2016,,Greg Warren,PIT,LS,"$680,000"
1076,nfl,2016,,Philip Wheeler,ATL,LB/OLB,"$680,000"
1077,nfl,2016,,Corey White,BUF,CB,"$680,000"
1078,nfl,2016,,Kyle Wilson,NO,CB,"$680,000"
1079,nfl,2016,1080,Austin Seferian-Jenkins,NYJ,TE,"$677,534"
1080,nfl,2016,1081,Clay Harbor,DET,TE,"$676,764"
1081,nfl,2016,1082,Dakota Dozier,NYJ,G,"$675,146"
1082,nfl,2016,,Nevin Lawson,DET,CB,"$675,146"
1083,nfl,2016,,Tom Savage,HOU,QB,"$675,146"
1084,nfl,2016,,Lorenzo Taliaferro,BAL,RB,"$675,146"
1085,nfl,2016,,Brent Urban,BAL,DL/DE,"$675,146"
1086,nfl,2016,1087,Oday Aboushi,HOU,G,"$675,000"
1087,nfl,2016,,Antonio Allen,NYJ,CB,"$675,000"
1088,nfl,2016,,David Bass,TEN,DL/DE,"$675,000"
1089,nfl,2016,,Nick Becton,CHI,LT,"$675,000"
1090,nfl,2016,,Brice Butler,DAL,WR,"$675,000"
1091,nfl,2016,,Marcus Cooper,ARI,CB,"$675,000"
1092,nfl,2016,,Najee Goode,PHI,LB/OLB,"$675,000"
1093,nfl,2016,,Duke Ihenacho,WAS,SS,"$675,000"
1094,nfl,2016,,Eric Kush,CHI,G,"$675,000"
1095,nfl,2016,,Josh Martin,NYJ,ED/OLB,"$675,000"
1096,nfl,2016,,Michael Mauti,NO,LB/OLB,"$675,000"
1097,nfl,2016,,Lerentee McCray,BUF,LB/OLB,"$675,000"
1098,nfl,2016,,Josh McNary,IND,ED/OLB,"$675,000"
1099,nfl,2016,,Rashaan Melvin,IND,CB,"$675,000"
1100,nfl,2016,,Barkevious Mingo,NE,LB/OLB,"$675,000"
1101,nfl,2016,,Patrick Omameh,JAX,G,"$675,000"
1102,nfl,2016,,Nate Palmer,TEN,LB/ILB,"$675,000"
1103,nfl,2016,,Jordan Poyer,CLE,FS,"$675,000"
1104,nfl,2016,,LaRoy Reynolds,ATL,LB/ILB,"$675,000"
1105,nfl,2016,,Aldrick Robinson,ATL,WR,"$675,000"
1106,nfl,2016,,Devon Still,HOU,DL/DT,"$675,000"
1107,nfl,2016,,Caleb Sturgis,PHI,K,"$675,000"
1108,nfl,2016,,Michael Thomas,MIA,FS,"$675,000"
1109,nfl,2016,,Chris Thompson,WAS,RB,"$675,000"
1110,nfl,2016,,Carson Tinker,JAX,LS,"$675,000"
1111,nfl,2016,,Trevin Wade,NYG,CB,"$675,000"
1112,nfl,2016,,Brandon Williams,SEA,TE,"$675,000"
1113,nfl,2016,1114,Kevin Byard,TEN,FS,"$674,265"
1114,nfl,2016,1115,Carl Nassib,CLE,DL/DE,"$672,438"
1115,nfl,2016,1116,Max Tuerk,SD,C,"$672,255"
1116,nfl,2016,1117,Tony Hills,NO,LT,"$670,588"
1117,nfl,2016,,Dexter McCluster,SD,RB,"$670,588"
1118,nfl,2016,1119,Maliek Collins,DAL,DL/DT,"$670,288"
1119,nfl,2016,1120,Will Redmond,SF,CB,"$668,139"
1120,nfl,2016,1121,Angelo Blackson,TEN,DL/DE,"$667,903"
1121,nfl,2016,1122,Trey Flowers,NE,ED/DE,"$664,733"
1122,nfl,2016,1123,Daryl Williams,CAR,RT,"$664,280"
1123,nfl,2016,1124,Yannick Ngakoue,JAX,ED/DE,"$664,044"
1124,nfl,2016,1125,Bryce Petty,NYJ,QB,"$663,424"
1125,nfl,2016,1126,Jamison Crowder,WAS,WR,"$661,406"
1126,nfl,2016,1127,Jeremy Langford,CHI,RB,"$660,906"
1127,nfl,2016,1128,Justin Hardy,ATL,WR,"$660,205"
1128,nfl,2016,1129,Jalston Fowler,TEN,FB,"$659,429"
1129,nfl,2016,1130,Darian Thompson,NYG,FS,"$659,284"
1130,nfl,2016,1131,Clayton Geathers,IND,FS,"$658,482"
1131,nfl,2016,1132,Eric Rowe,NE,CB,"$656,811"
1132,nfl,2016,1133,Jonathan Bullard,CHI,DL/DE,"$656,630"
1133,nfl,2016,1134,T.J. Clemmings,MIN,RT,"$656,238"
1134,nfl,2016,1135,Arie Kouandjio,WAS,G,"$655,417"
1135,nfl,2016,1136,Kenyan Drake,MIA,RB,"$655,315"
1136,nfl,2016,1137,Ryan Grant,WAS,WR,"$653,403"
1137,nfl,2016,1138,Ibraheim Campbell,CLE,SS,"$653,002"
1138,nfl,2016,1139,Telvin Smith,JAX,LB/OLB,"$652,763"
1139,nfl,2016,1140,Rodney Gunter,ARI,DL/DT,"$652,479"
1140,nfl,2016,1141,Blake Bell,SF,TE,"$651,283"
1141,nfl,2016,1142,Justin Trattou,MIN,ED/DE,"$650,000"
1142,nfl,2016,1143,Kevin Pamphile,TB,G,"$649,625"
1143,nfl,2016,1144,Andrew Donnal,LAR,RT,"$649,233"
1144,nfl,2016,1145,Avery Williamson,TEN,LB/ILB,"$648,613"
1145,nfl,2016,1146,Josh Shaw,CIN,CB,"$648,431"
1146,nfl,2016,1147,Nat Berhe,NYG,SS,"$648,200"
1147,nfl,2016,1148,Shilique Calhoun,OAK,LB/OLB,"$647,533"
1148,nfl,2016,1149,Shon Coleman,CLE,T,"$646,884"
1149,nfl,2016,1150,Ed Stinson,ARI,DL/DE,"$646,685"
1150,nfl,2016,1151,Corey Linsley,GB,C,"$646,250"
1151,nfl,2016,1152,Daryl Worley,CAR,CB,"$645,921"
1152,nfl,2016,1153,Za'Darius Smith,BAL,ED/OLB,"$645,788"
1153,nfl,2016,1154,A.J. McCarron,CIN,QB,"$645,413"
1154,nfl,2016,1155,Kwon Alexander,TB,LB/ILB,"$644,580"
1155,nfl,2016,1156,Javorius Allen,BAL,RB,"$643,618"
1156,nfl,2016,1157,Austin Hooper,ATL,TE,"$643,357"
1157,nfl,2016,,Joe Thuney,NE,G,"$643,357"
1158,nfl,2016,1159,Mike Davis,SF,RB,"$642,195"
1159,nfl,2016,1160,Damien Wilson,DAL,LB/OLB,"$641,578"
1160,nfl,2016,1161,Keith Reaser,SF,CB,"$641,200"
1161,nfl,2016,1162,Isaac Seumalo,PHI,G,"$640,966"
1162,nfl,2016,1163,Jon Feliciano,OAK,G,"$640,163"
1163,nfl,2016,1164,Jake Ryan,GB,LB/ILB,"$639,169"
1164,nfl,2016,1165,Adolphus Washington,BUF,DL/DT,"$638,574"
1165,nfl,2016,1166,Sam Young,MIA,LT,"$636,470"
1166,nfl,2016,1167,Devon Kennard,NYG,LB/OLB,"$636,140"
1167,nfl,2016,,John Urschel,BAL,G,"$636,140"
1168,nfl,2016,1169,Shaq Mason,NE,G,"$635,881"
1169,nfl,2016,1170,Ryan Davis,DAL,ED/DE,"$635,294"
1170,nfl,2016,,Neiko Thorpe,SEA,CB,"$635,294"
1171,nfl,2016,,B.W. Webb,NO,CB,"$635,294"
1172,nfl,2016,1173,Zach Fulton,KC,G,"$634,555"
1173,nfl,2016,1174,Laurent Duvernay-Tardif,KC,G,"$633,575"
1174,nfl,2016,1175,Le'Raven Clark,IND,RT,"$633,433"
1175,nfl,2016,1176,Jordan Jenkins,NYJ,ED/OLB,"$630,980"
1176,nfl,2016,1177,Kendall Fuller,WAS,CB,"$629,606"
1177,nfl,2016,1178,Alfred Blue,HOU,RB,"$629,483"
1178,nfl,2016,1179,Antone Exum,MIN,FS,"$628,947"
1179,nfl,2016,1180,Braxton Miller,HOU,WR,"$627,275"
1180,nfl,2016,1181,E.J. Gaines,LAR,CB,"$626,918"
1181,nfl,2016,1182,Pat O'Donnell,CHI,P,"$626,327"
1182,nfl,2016,1183,Kyle Love,CAR,DL/DT,"$625,882"
1183,nfl,2016,,Bryan Walters,JAX,WR,"$625,882"
1184,nfl,2016,1185,Evander Hood,WAS,DL/DE,"$625,625"
1185,nfl,2016,1186,Leonte Carroo,MIA,WR,"$625,097"
1186,nfl,2016,1187,Tom Compton,ATL,T,"$625,000"
1187,nfl,2016,1188,Nick Vigil,CIN,LB/OLB,"$623,907"
1188,nfl,2016,1189,Luke Bowanko,JAX,C,"$623,513"
1189,nfl,2016,1190,Kyler Fackrell,GB,ED/OLB,"$623,512"
1190,nfl,2016,1191,Javon Hargrave,PIT,DL/DT,"$623,314"
1191,nfl,2016,1192,C.J. Prosise,SEA,RB,"$623,116"
1192,nfl,2016,1193,Tyler Bray,KC,QB,"$620,000"
1193,nfl,2016,,Kedric Golston,WAS,DL/DT,"$620,000"
1194,nfl,2016,1195,Marquis Flowers,CIN,LB/OLB,"$619,670"
1195,nfl,2016,,Daniel McCullers,PIT,DL/DT,"$619,670"
1196,nfl,2016,,Jay Prosch,HOU,FB,"$619,670"
1197,nfl,2016,1198,Brandon Williams,ARI,CB,"$618,173"
1198,nfl,2016,1199,Andre Hal,HOU,FS,"$617,281"
1199,nfl,2016,1200,Travis Carrie,OAK,CB,"$616,741"
1200,nfl,2016,1201,Shamar Stephen,MIN,DL/DT,"$616,287"
1201,nfl,2016,1202,Cody Kessler,CLE,QB,"$616,197"
1202,nfl,2016,1203,Beau Allen,PHI,DL/DT,"$615,562"
1203,nfl,2016,1204,Jabari Price,MIN,CB,"$615,455"
1204,nfl,2016,1205,Terrence Brooks,PHI,FS,"$615,000"
1205,nfl,2016,,Garrett Reynolds,DET,G,"$615,000"
1206,nfl,2016,1207,Nick Vannett,SEA,TE,"$614,220"
1207,nfl,2016,1208,Terrence Fede,MIA,ED/DE,"$613,988"
1208,nfl,2016,1209,Jeff Janis,GB,WR,"$612,848"
1209,nfl,2016,1210,James Wright,CIN,WR,"$612,456"
1210,nfl,2016,1211,Corey Nelson,DEN,LB/ILB,"$612,150"
1211,nfl,2016,1212,Charles Leno,CHI,LT,"$611,628"
1212,nfl,2016,1213,Demetrius Rhaney,LAR,C,"$611,474"
1213,nfl,2016,1214,Max Garcia,DEN,G,"$611,423"
1214,nfl,2016,,Mark Glowinski,SEA,G,"$611,423"
1215,nfl,2016,1216,Graham Glasgow,DET,G,"$611,355"
1216,nfl,2016,,Rees Odhiambo,SEA,T,"$611,355"
1217,nfl,2016,,Justin Simmons,DEN,SS,"$611,355"
1218,nfl,2016,,Vincent Valentine,NE,DL/DT,"$611,355"
1219,nfl,2016,1220,Joe Schobert,CLE,ED/OLB,"$608,489"
1220,nfl,2016,1221,Cornelius Lucas,DET,RT,"$606,668"
1221,nfl,2016,,Ethan Westbrooks,LAR,ED/DE,"$606,668"
1222,nfl,2016,1223,Corey Brown,CAR,WR,"$605,000"
1223,nfl,2016,1224,Connor Cook,OAK,QB,"$604,972"
1224,nfl,2016,1225,Garry Gilliam,SEA,RT,"$604,000"
1225,nfl,2016,,Andrew Norwell,CAR,G,"$604,000"
1226,nfl,2016,1227,Joshua Perry,SD,LB/ILB,"$603,521"
1227,nfl,2016,1228,Isaiah Crowell,CLE,RB,"$603,334"
1228,nfl,2016,,Albert Wilson,KC,WR,"$603,334"
1229,nfl,2016,1230,James Hurst,BAL,RT,"$603,000"
1230,nfl,2016,1231,Trey Burton,PHI,TE,"$602,500"
1231,nfl,2016,,Jonotthan Harrison,IND,C,"$602,500"
1232,nfl,2016,,Kerry Wynn,NYG,ED/DE,"$602,500"
1233,nfl,2016,1234,Christian Jones,CHI,LB/ILB,"$602,334"
1234,nfl,2016,1235,Sheldon Day,JAX,DL/DT,"$602,102"
1235,nfl,2016,1236,Kasim Edebali,NO,LB/OLB,"$602,000"
1236,nfl,2016,,Zach Kerr,IND,DL/DE,"$602,000"
1237,nfl,2016,1238,Jayrone Elliott,GB,ED/OLB,"$601,668"
1238,nfl,2016,,Tyler Shatley,JAX,G,"$601,668"
1239,nfl,2016,,Damien Williams,MIA,RB,"$601,668"
1240,nfl,2016,1241,Tavon Young,BAL,CB,"$601,282"
1241,nfl,2016,1242,Brock Coyle,SEA,LB/ILB,"$601,000"
1242,nfl,2016,,Zach Orr,BAL,LB/ILB,"$601,000"
1243,nfl,2016,1244,Parker Ehinger,KC,G,"$600,727"
1244,nfl,2016,1245,Cairo Santos,KC,K,"$600,667"
1245,nfl,2016,1246,Chandler Catanzaro,ARI,K,"$600,500"
1246,nfl,2016,1247,Kenneth Acker,KC,CB,"$600,000"
1247,nfl,2016,,Mike Adams,CHI,LT,"$600,000"
1248,nfl,2016,,Lorenzo Alexander,BUF,LB/OLB,"$600,000"
1249,nfl,2016,,Antonio Andrews,TEN,RB,"$600,000"
1250,nfl,2016,,Denico Autry,OAK,ED/DE,"$600,000"
1251,nfl,2016,,Kenjon Barner,PHI,RB,"$600,000"
1252,nfl,2016,,Connor Barth,CHI,K,"$600,000"
1253,nfl,2016,,Josh Bellamy,CHI,WR,"$600,000"
1254,nfl,2016,,Arrelious Benn,JAX,WR,"$600,000"
1255,nfl,2016,,Brandon Bostick,NYJ,TE,"$600,000"
1256,nfl,2016,,Cameron Brate,TB,TE,"$600,000"
1257,nfl,2016,,Sam Brenner,DEN,C,"$600,000"
1258,nfl,2016,,Chykie Brown,CIN,CB,"$600,000"
1259,nfl,2016,,Max Bullough,HOU,LB/ILB,"$600,000"
1260,nfl,2016,,Marcus Burley,CLE,CB,"$600,000"
1261,nfl,2016,,Malcolm Butler,NE,CB,"$600,000"
1262,nfl,2016,,Travaris Cadet,NO,RB,"$600,000"
1263,nfl,2016,,Mike Catapano,NYJ,DL/DE,"$600,000"
1264,nfl,2016,,Ross Cockrell,PIT,CB,"$600,000"
1265,nfl,2016,,Will Compton,WAS,LB/ILB,"$600,000"
1266,nfl,2016,,Marcus Cromartie,SF,CB,"$600,000"
1267,nfl,2016,,Orleans Darkwa,NYG,RB,"$600,000"
1268,nfl,2016,,Todd Davis,DEN,LB/ILB,"$600,000"
1269,nfl,2016,,Andrew DePaola,TB,LS,"$600,000"
1270,nfl,2016,,Leger Douzable,BUF,DL/DT,"$600,000"
1271,nfl,2016,,Dominique Easley,LAR,DL/DT,"$600,000"
1272,nfl,2016,,IK Enemkpali,BUF,LB/OLB,"$600,000"
1273,nfl,2016,,Darren Fells,ARI,TE,"$600,000"
1274,nfl,2016,,Cameron Fleming,NE,T,"$600,000"
1275,nfl,2016,,Taylor Gabriel,ATL,WR,"$600,000"
1276,nfl,2016,,Junior Galette,WAS,ED/OLB,"$600,000"
1277,nfl,2016,,Ben Garland,ATL,G,"$600,000"
1278,nfl,2016,,Mike Gillislee,BUF,RB,"$600,000"
1279,nfl,2016,,Brett Goode,GB,LS,"$600,000"
1280,nfl,2016,,Ryan Griffin,TB,QB,"$600,000"
1281,nfl,2016,,Ryan Groy,BUF,G,"$600,000"
1282,nfl,2016,,Dustin Hopkins,WAS,K,"$600,000"
1283,nfl,2016,,Chris Hubbard,PIT,RT,"$600,000"
1284,nfl,2016,,Ramon Humber,BUF,LB/OLB,"$600,000"
1285,nfl,2016,,Dontrelle Inman,SD,WR,"$600,000"
1286,nfl,2016,,Mike Jenkins,ARI,CB,"$600,000"
1287,nfl,2016,,Ryan Jensen,BAL,C,"$600,000"
1288,nfl,2016,,Charles Johnson,MIN,WR,"$600,000"
1289,nfl,2016,,David Johnson,PIT,TE,"$600,000"
1290,nfl,2016,,Josh Johnson,NYG,QB,"$600,000"
1291,nfl,2016,,Leonard Johnson,CAR,CB,"$600,000"
1292,nfl,2016,,Steven Johnson,PIT,LB/ILB,"$600,000"
1293,nfl,2016,,T.J. Johnson,CIN,C,"$600,000"
1294,nfl,2016,,Wesley Johnson,NYJ,C,"$600,000"
1295,nfl,2016,,Tavarres King,NYG,WR,"$600,000"
1296,nfl,2016,,John Kuhn,NO,FB,"$600,000"
1297,nfl,2016,,Marc Mariani,TEN,WR,"$600,000"
1298,nfl,2016,,Ricardo Mathews,PIT,DL/DT,"$600,000"
1299,nfl,2016,,Chris Matthews,BAL,WR,"$600,000"
1300,nfl,2016,,Josh Mauro,ARI,DL/DT,"$600,000"
1301,nfl,2016,,Tony McDaniel,SEA,DL/DT,"$600,000"
1302,nfl,2016,,Dewey McDonald,SEA,LB/OLB,"$600,000"
1303,nfl,2016,,Brandon McManus,DEN,K,"$600,000"
1304,nfl,2016,,Steven Means,PHI,ED/DE,"$600,000"
1305,nfl,2016,,Jonathan Meeks,BUF,FS,"$600,000"
1306,nfl,2016,,Zach Mettenberger,PIT,QB,"$600,000"
1307,nfl,2016,,Sterling Moore,NO,CB,"$600,000"
1308,nfl,2016,,Ty Nsekhe,WAS,LT,"$600,000"
1309,nfl,2016,,Branden Oliver,SD,RB,"$600,000"
1310,nfl,2016,,Adrian Phillips,SD,FS,"$600,000"
1311,nfl,2016,,Walter Powell,BUF,WR,"$600,000"
1312,nfl,2016,,Andre Roberts,DET,WR,"$600,000"
1313,nfl,2016,,Jumal Rolle,BAL,CB,"$600,000"
1314,nfl,2016,,Colton Schmidt,BUF,P,"$600,000"
1315,nfl,2016,,Deshawn Shead,SEA,FS,"$600,000"
1316,nfl,2016,,Jeremiah Sirles,MIN,G,"$600,000"
1317,nfl,2016,,Chris Smith,JAX,ED/DE,"$600,000"
1318,nfl,2016,,Jacquies Smith,TB,LB/OLB,"$600,000"
1319,nfl,2016,,Keith Smith,DAL,FB,"$600,000"
1320,nfl,2016,,Daniel Sorensen,KC,SS,"$600,000"
1321,nfl,2016,,Brandon Spikes,BUF,LB/ILB,"$600,000"
1322,nfl,2016,,Phillip Supernaw,TEN,TE,"$600,000"
1323,nfl,2016,,Darryl Tapp,NO,ED/DE,"$600,000"
1324,nfl,2016,,Adarius Taylor,TB,LB/OLB,"$600,000"
1325,nfl,2016,,Steven Terrell,SEA,CB,"$600,000"
1326,nfl,2016,,Adam Thielen,MIN,WR,"$600,000"
1327,nfl,2016,,Cam Thomas,LAR,DL/DT,"$600,000"
1328,nfl,2016,,Peyton Thompson,JAX,SS,"$600,000"
1329,nfl,2016,,Andrew Tiller,SF,G,"$600,000"
1330,nfl,2016,,Jordan Todman,IND,RB,"$600,000"
1331,nfl,2016,,Fitz Toussaint,PIT,RB,"$600,000"
1332,nfl,2016,,Robert Turbin,IND,RB,"$600,000"
1333,nfl,2016,,Jaylen Watkins,PHI,S,"$600,000"
1334,nfl,2016,,Dekoda Watson,DEN,ED/OLB,"$600,000"
1335,nfl,2016,,Terrance West,BAL,RB,"$600,000"
1336,nfl,2016,,Kenny Wiggins,SD,G,"$600,000"
1337,nfl,2016,,Marcus Williams,NYJ,CB,"$600,000"
1338,nfl,2016,,Billy Winn,DEN,DL/DE,"$600,000"
1339,nfl,2016,,Glenn Winston,CLE,RB,"$600,000"
1340,nfl,2016,,Jerel Worthy,BUF,DL/DT,"$600,000"
1341,nfl,2016,1342,Eric Murray,KC,CB,"$599,950"
1342,nfl,2016,1343,Chris Moore,BAL,WR,"$599,090"
1343,nfl,2016,1344,Ryan Smith,TB,CB,"$598,040"
1344,nfl,2016,1345,Matt Barkley,CHI,QB,"$595,588"
1345,nfl,2016,1346,B.J. Goodson,NYG,LB/ILB,"$595,551"
1346,nfl,2016,1347,Tyler Higbee,LAR,TE,"$595,215"
1347,nfl,2016,1348,Miles Killebrew,DET,S,"$594,641"
1348,nfl,2016,1349,Malcolm Mitchell,NE,WR,"$594,498"
1349,nfl,2016,1350,Nick Kwiatkoski,CHI,LB/ILB,"$593,780"
1350,nfl,2016,1351,Ricardo Louis,CLE,WR,"$591,962"
1351,nfl,2016,1352,De'Vondre Campbell,ATL,LB/OLB,"$591,382"
1352,nfl,2016,1353,Hassan Ridgeway,IND,DL/DE,"$590,055"
1353,nfl,2016,1354,Pharoh Cooper,LAR,WR,"$588,666"
1354,nfl,2016,1355,Juston Burris,NYJ,CB,"$587,782"
1355,nfl,2016,1356,Joe Cardona,NE,LS,"$587,500"
1356,nfl,2016,1357,Grady Jarrett,ATL,DL/DT,"$586,963"
1357,nfl,2016,1358,Tyler Ervin,HOU,RB,"$586,892"
1358,nfl,2016,1359,Rashad Greene,JAX,WR,"$585,953"
1359,nfl,2016,1360,David Onyemata,NO,DL/DT,"$585,586"
1360,nfl,2016,1361,Adrian Amos,CHI,FS,"$583,070"
1361,nfl,2016,1362,Bobby McCain,MIA,CB,"$582,072"
1362,nfl,2016,1363,Stefon Diggs,MIN,WR,"$581,928"
1363,nfl,2016,1364,Deon Bush,CHI,S,"$581,554"
1364,nfl,2016,1365,Perry Riley,OAK,LB/ILB,"$581,176"
1365,nfl,2016,1366,Brett Hundley,GB,QB,"$580,908"
1366,nfl,2016,1367,Jay Ajayi,MIA,RB,"$580,203"
1367,nfl,2016,1368,David Parry,IND,DL/DT,"$580,002"
1368,nfl,2016,1369,Antonio Morrison,IND,LB/ILB,"$579,976"
1369,nfl,2016,1370,Kyle Emanuel,SD,ED/OLB,"$579,643"
1370,nfl,2016,1371,Tyeler Davison,NO,DL/DT,"$579,306"
1371,nfl,2016,1372,Demarcus Robinson,KC,WR,"$579,293"
1372,nfl,2016,1373,Tony Lippett,MIA,CB,"$578,691"
1373,nfl,2016,1374,C.J. Uzomah,CIN,TE,"$578,190"
1374,nfl,2016,1375,Deiondre' Hall,CHI,CB,"$577,722"
1375,nfl,2016,1376,J.J. Nelson,ARI,WR,"$577,450"
1376,nfl,2016,1377,Jesse James,PIT,TE,"$577,228"
1377,nfl,2016,1378,Evan Boehm,ARI,G,"$576,620"
1378,nfl,2016,1379,D.J. Alexander,KC,LB/ILB,"$575,563"
1379,nfl,2016,,James O'Shaughnessy,KC,TE,"$575,563"
1380,nfl,2016,1381,Derrick Kindred,CLE,S,"$574,839"
1381,nfl,2016,1382,Lorenzo Doss,DEN,CB,"$574,303"
1382,nfl,2016,1383,Bradley Pinion,SF,P,"$573,550"
1383,nfl,2016,1384,Alex Lewis,BAL,G,"$572,974"
1384,nfl,2016,1385,Aaron Colvin,JAX,CB,"$572,111"
1385,nfl,2016,1386,Michael Burton,DET,FB,"$571,089"
1386,nfl,2016,1387,Cameron Artis-Payne,CAR,RB,"$566,563"
1387,nfl,2016,,David Mayo,CAR,LB/OLB,"$566,563"
1388,nfl,2016,,Keith Mumphery,HOU,WR,"$566,563"
1389,nfl,2016,1390,Damion Square,SD,DL/DT,"$566,176"
1390,nfl,2016,1391,Donald Butler,MIA,LB/ILB,"$564,705"
1391,nfl,2016,1392,Justin Hunter,BUF,WR,"$555,884"
1392,nfl,2016,1393,Greg Scruggs,NE,ED/DE,"$555,882"
1393,nfl,2016,1394,Darius Philon,SD,DL/DE,"$555,146"
1394,nfl,2016,1395,Derron Smith,CIN,SS,"$554,658"
1395,nfl,2016,1396,Leterrius Walton,PIT,DL/DE,"$554,232"
1396,nfl,2016,1397,Quandre Diggs,DET,SS,"$553,838"
1397,nfl,2016,1398,Aaron Ripkowski,GB,FB,"$551,599"
1398,nfl,2016,1399,Christian Covington,HOU,DL/DE,"$547,622"
1399,nfl,2016,1400,Cody Wichmann,LAR,G,"$547,621"
1400,nfl,2016,1401,Devontae Booker,DEN,RB,"$545,848"
1401,nfl,2016,,Seth Devalve,CLE,TE,"$545,848"
1402,nfl,2016,,Kenneth Dixon,BAL,RB,"$545,848"
1403,nfl,2016,,Willie Henry,BAL,DL/DT,"$545,848"
1404,nfl,2016,,Cardale Jones,BUF,QB,"$545,848"
1405,nfl,2016,,Dean Lowry,GB,DL/DE,"$545,848"
1406,nfl,2016,,Blake Martinez,GB,LB/ILB,"$545,848"
1407,nfl,2016,,Dak Prescott,DAL,QB,"$545,848"
1408,nfl,2016,,Rashard Robinson,SF,CB,"$545,848"
1409,nfl,2016,1410,Bronson Kaufusi,BAL,DL/DE,"$544,254"
1410,nfl,2016,1411,Bryce Hager,LAR,LB/ILB,"$543,035"
1411,nfl,2016,1412,Bobby Hart,NYG,RT,"$542,897"
1412,nfl,2016,1413,Marcus Murphy,NO,RB,"$542,322"
1413,nfl,2016,1414,Edmond Robinson,MIN,LB/OLB,"$542,078"
1414,nfl,2016,1415,Mark Nzeocha,DAL,LB/ILB,"$541,087"
1415,nfl,2016,1416,Corey Robinson,DET,LT,"$539,477"
1416,nfl,2016,1417,Dexter McDonald,OAK,CB,"$539,212"
1417,nfl,2016,1418,Trenton Brown,SF,RT,"$538,973"
1418,nfl,2016,1419,Chris Scott,CAR,G,"$538,823"
1419,nfl,2016,1420,Geoff Swaim,DAL,TE,"$538,683"
1420,nfl,2016,1421,Denzelle Good,IND,RT,"$538,196"
1421,nfl,2016,1422,Trevor Siemian,DEN,QB,"$538,195"
1422,nfl,2016,1423,Lonnie Ballentine,HOU,FS,"$536,474"
1423,nfl,2016,1424,Chris Carter,IND,LB/ILB,"$536,470"
1424,nfl,2016,,Vladimir Ducasse,BAL,G,"$536,470"
1425,nfl,2016,,Coty Sensabaugh,NYG,CB,"$536,470"
1426,nfl,2016,1427,La'el Collins,DAL,RT,"$533,750"
1427,nfl,2016,1428,Armonty Bryant,DET,ED/DE,"$532,551"
1428,nfl,2016,1429,Jacoby Brissett,NE,QB,"$530,675"
1429,nfl,2016,1430,David Andrews,NE,C,"$530,000"
1430,nfl,2016,,Thomas Rawls,SEA,RB,"$530,000"
1431,nfl,2016,1432,Asante Cleveland,SD,TE,"$529,410"
1432,nfl,2016,1433,Delvin Breaux,NO,CB,"$529,000"
1433,nfl,2016,1434,Lucky Whitehead,DAL,WR,"$528,333"
1434,nfl,2016,1435,Xavier Williams,ARI,DL/DT,"$527,666"
1435,nfl,2016,1436,Bradley Marquez,LAR,WR,"$527,166"
1436,nfl,2016,1437,Greg Mancz,HOU,C,"$527,000"
1437,nfl,2016,,Cameron Meredith,CHI,WR,"$527,000"
1438,nfl,2016,,Quinton Spain,TEN,G,"$527,000"
1439,nfl,2016,1440,Kurtis Drummond,HOU,SS,"$526,666"
1440,nfl,2016,,Corey Grant,JAX,RB,"$526,666"
1441,nfl,2016,,LaDarius Gunter,GB,CB,"$526,666"
1442,nfl,2016,,Josh Lambo,SD,K,"$526,666"
1443,nfl,2016,,Zach Zenner,DET,RB,"$526,666"
1444,nfl,2016,1445,Kendall Lamm,HOU,RT,"$525,666"
1445,nfl,2016,1446,Matt Darr,MIA,P,"$525,333"
1446,nfl,2016,,Neville Hewitt,MIA,LB/OLB,"$525,333"
1447,nfl,2016,1448,Ricardo Allen,ATL,SS,"$525,000"
1448,nfl,2016,,Josh Andrews,PHI,C,"$525,000"
1449,nfl,2016,,Thurston Armbrister,DET,LB/OLB,"$525,000"
1450,nfl,2016,,George Atkinson,CLE,RB,"$525,000"
1451,nfl,2016,,Shaquil Barrett,DEN,ED/OLB,"$525,000"
1452,nfl,2016,,Houston Bates,WAS,ED/OLB,"$525,000"
1453,nfl,2016,,Jordan Berry,PIT,P,"$525,000"
1454,nfl,2016,,Kapri Bibbs,DEN,RB,"$525,000"
1455,nfl,2016,,Chris Boswell,PIT,K,"$525,000"
1456,nfl,2016,,Bryce Callahan,CHI,CB,"$525,000"
1457,nfl,2016,,Anthony Chickillo,PIT,ED/OLB,"$525,000"
1458,nfl,2016,,Brandon Coleman,NO,WR,"$525,000"
1459,nfl,2016,,Justin Coleman,NE,CB,"$525,000"
1460,nfl,2016,,Brandon Copeland,DET,ED/DE,"$525,000"
1461,nfl,2016,,Quinton Dunbar,WAS,CB,"$525,000"
1462,nfl,2016,,Nick Easton,MIN,C,"$525,000"
1463,nfl,2016,,Quincy Enunwa,NYJ,WR,"$525,000"
1464,nfl,2016,,Deshazor Everett,WAS,SS,"$525,000"
1465,nfl,2016,,James Ferentz,DEN,C,"$525,000"
1466,nfl,2016,,Bennie Fowler,DEN,WR,"$525,000"
1467,nfl,2016,,Andrew Franks,MIA,K,"$525,000"
1468,nfl,2016,,Anthony Harris,MIN,SS,"$525,000"
1469,nfl,2016,,Gabe Holmes,OAK,TE,"$525,000"
1470,nfl,2016,,Charley Hughlett,CLE,LS,"$525,000"
1471,nfl,2016,,Mike Hull,MIA,LB/ILB,"$525,000"
1472,nfl,2016,,Adam Humphries,TB,WR,"$525,000"
1473,nfl,2016,,David Irving,DAL,DL/DT,"$525,000"
1474,nfl,2016,,Howard Jones,TB,LB/OLB,"$525,000"
1475,nfl,2016,,Harold Jones-Quartey,CHI,SS,"$525,000"
1476,nfl,2016,,Zac Kerin,MIN,C,"$525,000"
1477,nfl,2016,,Akeem King,ATL,SS,"$525,000"
1478,nfl,2016,,Brandon King,NE,FS,"$525,000"
1479,nfl,2016,,Matt Longacre,LAR,ED/DE,"$525,000"
1480,nfl,2016,,T.Y. McGill,IND,DL/DT,"$525,000"
1481,nfl,2016,,Sean McGrath,SD,TE,"$525,000"
1482,nfl,2016,,Jamie Meder,CLE,DL/DE,"$525,000"
1483,nfl,2016,,Rontez Miles,NYJ,FS,"$525,000"
1484,nfl,2016,,Jason Myers,JAX,K,"$525,000"
1485,nfl,2016,,Roosevelt Nix,PIT,FB,"$525,000"
1486,nfl,2016,,Nick O'Leary,BUF,TE,"$525,000"
1487,nfl,2016,,Matt Paradis,DEN,C,"$525,000"
1488,nfl,2016,,Brian Peters,HOU,LB/ILB,"$525,000"
1489,nfl,2016,,Hayes Pullard,JAX,LB/ILB,"$525,000"
1490,nfl,2016,,Mike Purcell,SF,DL/DT,"$525,000"
1491,nfl,2016,,Brent Qvale,NYJ,RT,"$525,000"
1492,nfl,2016,,Seth Roberts,OAK,WR,"$525,000"
1493,nfl,2016,,Patrick Scales,CHI,LS,"$525,000"
1494,nfl,2016,,Jake Schum,GB,P,"$525,000"
1495,nfl,2016,,Mohammed Seisay,SEA,CB,"$525,000"
1496,nfl,2016,,Deon Simon,NYJ,DL/DT,"$525,000"
1497,nfl,2016,,Willie Snead,NO,WR,"$525,000"
1498,nfl,2016,,Anthony Steen,MIA,G,"$525,000"
1499,nfl,2016,,Neal Sterling,JAX,TE,"$525,000"
1500,nfl,2016,,Joe Thomas,GB,LB/ILB,"$525,000"
1501,nfl,2016,,Khyri Thornton,DET,DL/DT,"$525,000"
1502,nfl,2016,,Will Tye,NYG,TE,"$525,000"
1503,nfl,2016,,Alejandro Villanueva,PIT,LT,"$525,000"
1504,nfl,2016,,De'Ondre Wesley,BAL,G,"$525,000"
1505,nfl,2016,,Tyrell Williams,SD,WR,"$525,000"
1506,nfl,2016,,James Winchester,KC,LS,"$525,000"
1507,nfl,2016,1508,Tajae Sharpe,TEN,WR,"$518,721"
1508,nfl,2016,1509,Ronald Blair,SF,DL/DE,"$517,601"
1509,nfl,2016,1510,DeAndre Washington,OAK,RB,"$517,298"
1510,nfl,2016,1511,Dominique Jones,MIA,TE,"$516,178"
1511,nfl,2016,1512,Connor McGovern,DEN,G,"$515,975"
1512,nfl,2016,1513,John Theus,SF,T,"$514,403"
1513,nfl,2016,1514,Matt Judon,BAL,ED/OLB,"$513,934"
1514,nfl,2016,1515,Caleb Benenoch,TB,T,"$513,296"
1515,nfl,2016,1516,Paul Perkins,NYG,RB,"$513,137"
1516,nfl,2016,1517,Jordan Howard,CHI,RB,"$512,005"
1517,nfl,2016,1518,Joe Dahl,DET,G,"$511,478"
1518,nfl,2016,1519,Wendell Smallwood,PHI,RB,"$511,144"
1519,nfl,2016,1520,Joe Haeg,IND,G,"$510,602"
1520,nfl,2016,1521,Jonathan Williams,BUF,RB,"$510,228"
1521,nfl,2016,1522,LeShaun Sims,TEN,CB,"$509,546"
1522,nfl,2016,1523,Martrell Spaight,WAS,LB/ILB,"$509,487"
1523,nfl,2016,1524,Brandon Shell,NYJ,T,"$508,991"
1524,nfl,2016,1525,Aaron Lynch,SF,DL/DE,"$508,323"
1525,nfl,2016,1526,Kentrell Brothers,MIN,LB/OLB,"$508,170"
1526,nfl,2016,1527,Charles Tapper,DAL,ED/DE,"$508,115"
1527,nfl,2016,1528,Christian Westerman,CIN,G,"$507,924"
1528,nfl,2016,1529,Trevor Davis,GB,WR,"$506,794"
1529,nfl,2016,1530,Halapoulivaati Vaitai,PHI,T,"$506,281"
1530,nfl,2016,1531,D.J. Reader,HOU,DL/DT,"$503,845"
1531,nfl,2016,1532,Spencer Drango,CLE,G,"$501,912"
1532,nfl,2016,1533,Antwione Williams,DET,LB/OLB,"$501,115"
1533,nfl,2016,1534,Tyreek Hill,KC,WR,"$497,500"
1534,nfl,2016,1535,Jatavis Brown,SD,LB/ILB,"$496,096"
1535,nfl,2016,,Alex Collins,SEA,RB,"$496,096"
1536,nfl,2016,,Rashard Higgins,CLE,WR,"$496,096"
1537,nfl,2016,,Cole Toner,ARI,G,"$496,096"
1538,nfl,2016,1539,Cody Parkey,CLE,K,"$494,117"
1539,nfl,2016,,Korey Toomer,SD,LB/ILB,"$494,117"
1540,nfl,2016,1541,DuJuan Harris,SF,RB,"$491,764"
1541,nfl,2016,,Kendall Reyes,KC,DL/DE,"$491,764"
1542,nfl,2016,1543,Temarrick Hemingway,LAR,TE,"$489,896"
1543,nfl,2016,1544,D.J. White,KC,CB,"$489,253"
1544,nfl,2016,1545,Drew Kaser,SD,P,"$488,456"
1545,nfl,2016,1546,Jamie Collins,CLE,ED/OLB,"$485,928"
1546,nfl,2016,1547,Jerell Adams,NYG,TE,"$485,713"
1547,nfl,2016,1548,DeAndre Houston-Carson,CHI,S,"$485,235"
1548,nfl,2016,1549,James Sample,JAX,FS,"$485,145"
1549,nfl,2016,1550,Jakeem Grant,MIA,WR,"$485,095"
1550,nfl,2016,1551,Demetri Goodson,GB,CB,"$484,611"
1551,nfl,2016,1552,Nate Sudfeld,WAS,QB,"$484,333"
1552,nfl,2016,1553,David Morgan,MIN,TE,"$483,864"
1553,nfl,2016,1554,Anthony Brown,DAL,CB,"$483,736"
1554,nfl,2016,1555,Josh Forrest,LAR,LB/ILB,"$483,580"
1555,nfl,2016,1556,Sebastian Tretola,TEN,G,"$483,185"
1556,nfl,2016,1557,Cory James,OAK,LB/ILB,"$483,119"
1557,nfl,2016,1558,Wes Schweitzer,ATL,G,"$483,095"
1558,nfl,2016,1559,Derek Watt,SD,FB,"$482,420"
1559,nfl,2016,1560,Cody Core,CIN,WR,"$481,983"
1560,nfl,2016,1561,Kyle Murphy,GB,T,"$481,535"
1561,nfl,2016,1562,Brandon Allen,JAX,QB,"$481,068"
1562,nfl,2016,1563,Anthony Zettel,DET,ED/DE,"$480,930"
1563,nfl,2016,1564,Dadi Nicolas,KC,ED/OLB,"$480,803"
1564,nfl,2016,1565,Randall Telfer,CLE,TE,"$479,384"
1565,nfl,2016,1566,Mike Thomas,LAR,WR,"$479,017"
1566,nfl,2016,1567,Tre' Jackson,NE,G,"$478,935"
1567,nfl,2016,1568,Wes Horton,CAR,ED/DE,"$476,472"
1568,nfl,2016,1569,Aaron Burbridge,SF,WR,"$475,089"
1569,nfl,2016,,Kavon Frazier,DAL,S,"$475,089"
1570,nfl,2016,,Joey Hunt,SEA,C,"$475,089"
1571,nfl,2016,,Ted Karras,NE,G,"$475,089"
1572,nfl,2016,,Will Parks,DEN,S,"$475,089"
1573,nfl,2016,,Elandon Roberts,NE,LB/ILB,"$475,089"
1574,nfl,2016,,Kevon Seymour,BUF,CB,"$475,089"
1575,nfl,2016,1576,Aaron Wallace,TEN,ED/OLB,"$472,041"
1576,nfl,2016,1577,Riley Dixon,DEN,P,"$470,002"
1577,nfl,2016,1578,Chris Reed,JAX,T,"$470,000"
1578,nfl,2016,1579,Jalen Mills,PHI,S,"$469,214"
1579,nfl,2016,1580,Vadal Alexander,OAK,RT,"$469,211"
1580,nfl,2016,1581,Lac Edwards,NYJ,P,"$468,948"
1581,nfl,2016,1582,Dwayne Washington,DET,RB,"$468,941"
1582,nfl,2016,1583,Daniel Lasco,NO,RB,"$468,869"
1583,nfl,2016,1584,Matthew Mulligan,DET,TE,"$468,531"
1584,nfl,2016,1585,Wallace Gilberry,CIN,ED/DE,"$468,529"
1585,nfl,2016,1586,Charone Peake,NYJ,WR,"$467,095"
1586,nfl,2016,1587,Andrew Billings,CIN,DL/DT,"$466,961"
1587,nfl,2016,1588,Jayron Kearse,MIN,S,"$466,056"
1588,nfl,2016,1589,Clayton Fejedelem,CIN,S,"$465,887"
1589,nfl,2016,1590,Taylor Heinicke,MIN,QB,"$465,862"
1590,nfl,2016,1591,Tyler Matakevich,PIT,LB/ILB,"$465,762"
1591,nfl,2016,1592,Jerald Hawkins,PIT,T,"$465,622"
1592,nfl,2016,1593,Austin Blythe,IND,C,"$465,497"
1593,nfl,2016,1594,Shayne Skov,SF,LB/ILB,"$463,235"
1594,nfl,2016,1595,Caraun Reid,SD,DL/DE,"$460,588"
1595,nfl,2016,1596,Brittan Golden,ARI,WR,"$458,823"
1596,nfl,2016,,Marqueston Huff,BAL,FS,"$458,823"
1597,nfl,2016,,Donte Whitner,WAS,SS,"$458,823"
1598,nfl,2016,1599,Brenton Bersin,CAR,WR,"$458,822"
1599,nfl,2016,1600,Jeremy Cash,CAR,LB/OLB,"$456,666"
1600,nfl,2016,,George Fant,SEA,T,"$456,666"
1601,nfl,2016,,Jared Norris,CAR,LB/OLB,"$456,666"
1602,nfl,2016,,Leonard Wester,TB,T,"$456,666"
1603,nfl,2016,1604,Andy Janovich,DEN,FB,"$456,657"
1604,nfl,2016,1605,Roger Lewis,NYG,WR,"$456,166"
1605,nfl,2016,1606,Dominque Alexander,CLE,LB/ILB,"$455,833"
1606,nfl,2016,1607,Trevone Boykin,SEA,QB,"$455,000"
1607,nfl,2016,,Cory Littleton,LAR,LB/ILB,"$455,000"
1608,nfl,2016,,Romeo Okwara,NYG,ED/DE,"$455,000"
1609,nfl,2016,1610,Stephane Nembot,BAL,T,"$454,166"
1610,nfl,2016,1611,Joel Heath,HOU,DL/DE,"$453,666"
1611,nfl,2016,1612,Robbie Chosen,NYJ,WR,"$453,333"
1612,nfl,2016,,DeAndre Elliot,SEA,CB,"$453,333"
1613,nfl,2016,,Josh Ferguson,IND,RB,"$453,333"
1614,nfl,2016,,Dillon Gordon,PHI,TE,"$453,333"
1615,nfl,2016,,Jonathan Jones,NE,CB,"$453,333"
1616,nfl,2016,,Michael Pierce,BAL,DL/DT,"$453,333"
1617,nfl,2016,,Cole Wick,DET,TE,"$453,333"
1618,nfl,2016,1619,Tracy Howard,CLE,CB,"$453,000"
1619,nfl,2016,1620,Anthony Lanier,WAS,DL/DE,"$452,666"
1620,nfl,2016,,Jalin Marshall,NYJ,WR,"$452,666"
1621,nfl,2016,,Canaan Severin,PIT,WR,"$452,666"
1622,nfl,2016,,Destiny Vaeao,PHI,DL/DT,"$452,666"
1623,nfl,2016,1624,Darius Latham,OAK,DL/DT,"$452,500"
1624,nfl,2016,1625,Roy Robertson-Harris,CHI,DL/DE,"$452,333"
1625,nfl,2016,1626,Antonio Hamilton,OAK,S,"$451,833"
1626,nfl,2016,,Andrew Williamson,IND,S,"$451,833"
1627,nfl,2016,1628,Stephen Anderson,HOU,TE,"$451,666"
1628,nfl,2016,,Ken Crawley,NO,CB,"$451,666"
1629,nfl,2016,,Kenneth Farrow,SD,RB,"$451,666"
1630,nfl,2016,,Josh Hawkins,GB,CB,"$451,666"
1631,nfl,2016,,Johnny Holton,OAK,WR,"$451,666"
1632,nfl,2016,,Tommylee Lewis,NO,WR,"$451,666"
1633,nfl,2016,,Eli Rogers,PIT,WR,"$451,666"
1634,nfl,2016,,Landon Turner,NO,G,"$451,666"
1635,nfl,2016,,Jarrod Wilson,JAX,S,"$451,666"
1636,nfl,2016,1637,Isiah Cage,IND,T,"$451,333"
1637,nfl,2016,,Devante Harris,NO,CB,"$451,333"
1638,nfl,2016,1639,Brian Poole,ATL,S,"$451,166"
1639,nfl,2016,1640,Rob Kelley,WAS,RB,"$451,000"
1640,nfl,2016,1641,Cavellis Luckett,BAL,LB/ILB,"$450,833"
1641,nfl,2016,,Joshua Perkins,ATL,TE,"$450,833"
1642,nfl,2016,1643,Kentrell Brice,GB,S,"$450,666"
1643,nfl,2016,,Pace Murphy,LAR,T,"$450,666"
1644,nfl,2016,,Spencer Pulley,SD,C,"$450,666"
1645,nfl,2016,1646,Ben Heeney,OAK,LB/ILB,"$450,326"
1646,nfl,2016,1647,Zaire Anderson,DEN,LB/ILB,"$450,000"
1647,nfl,2016,,Peyton Barber,TB,RB,"$450,000"
1648,nfl,2016,,Briean Boddy-Calhoun,CLE,CB,"$450,000"
1649,nfl,2016,,Malcolm Brown,LAR,RB,"$450,000"
1650,nfl,2016,,Jordan Dangerfield,PIT,FS,"$450,000"
1651,nfl,2016,,Jeff Driskel,CIN,QB,"$450,000"
1652,nfl,2016,,Alex Erickson,CIN,WR,"$450,000"
1653,nfl,2016,,Marwin Evans,GB,S,"$450,000"
1654,nfl,2016,,Ka'imi Fairbairn,HOU,K,"$450,000"
1655,nfl,2016,,Matthias Farley,IND,SS,"$450,000"
1656,nfl,2016,,Sam Ficken,KC,K,"$450,000"
1657,nfl,2016,,B.J. Finney,PIT,C,"$450,000"
1658,nfl,2016,,Nolan Frese,SEA,LS,"$450,000"
1659,nfl,2016,,C.J. Goodwin,ATL,S,"$450,000"
1660,nfl,2016,,Xavier Grimble,PIT,TE,"$450,000"
1661,nfl,2016,,Kamu Grugier-Hill,PHI,LB/OLB,"$450,000"
1662,nfl,2016,,Rashod Hill,MIN,T,"$450,000"
1663,nfl,2016,,Tyrone Holmes,CLE,DL/DE,"$450,000"
1664,nfl,2016,,Kerry Hyder,DET,ED/DE,"$450,000"
1665,nfl,2016,,Edwin Jackson,IND,LB/ILB,"$450,000"
1666,nfl,2016,,Brett Jones,NYG,C,"$450,000"
1667,nfl,2016,,Ben Koyack,JAX,TE,"$450,000"
1668,nfl,2016,,Casey Kreiter,DEN,LS,"$450,000"
1669,nfl,2016,,Davonte Lambert,TB,ED/DE,"$450,000"
1670,nfl,2016,,Crevon LeBlanc,CHI,CB,"$450,000"
1671,nfl,2016,,Wil Lutz,NO,K,"$450,000"
1672,nfl,2016,,Curt Maggitt,IND,S,"$450,000"
1673,nfl,2016,,Gabe Martin,ARI,LB/ILB,"$450,000"
1674,nfl,2016,,Dexter McCoil,SD,S,"$450,000"
1675,nfl,2016,,Tanner McEvoy,SEA,S,"$450,000"
1676,nfl,2016,,Corey Moore,HOU,SS,"$450,000"
1677,nfl,2016,,Olsen Pierre,ARI,DL/DT,"$450,000"
1678,nfl,2016,,Tyvis Powell,CLE,S,"$450,000"
1679,nfl,2016,,Jalen Richard,OAK,RB,"$450,000"
1680,nfl,2016,,Christian Ringo,GB,DL/DT,"$450,000"
1681,nfl,2016,,Gerald Rivers,HOU,DL/DE,"$450,000"
1682,nfl,2016,,Darryl Roberts,NYJ,CB,"$450,000"
1683,nfl,2016,,Chester Rogers,IND,WR,"$450,000"
1684,nfl,2016,,Terrell Sinkfield,MIN,WR,"$450,000"
1685,nfl,2016,,Nelson Spruce,LAR,WR,"$450,000"
1686,nfl,2016,,Erik Swoope,IND,TE,"$450,000"
1687,nfl,2016,,Jordan Taylor,DEN,WR,"$450,000"
1688,nfl,2016,,Robert Thomas,NYG,DL/DT,"$450,000"
1689,nfl,2016,,Ross Travis,KC,TE,"$450,000"
1690,nfl,2016,,Bryce Treggs,PHI,WR,"$450,000"
1691,nfl,2016,,Tony Washington,HOU,ED/OLB,"$450,000"
1692,nfl,2016,,John Wetzel,ARI,RT,"$450,000"
1693,nfl,2016,,Bryan Witzmann,KC,G,"$450,000"
1694,nfl,2016,1695,Josh Bynes,DET,LB/OLB,"$447,058"
1695,nfl,2016,,Will Tukuafu,SEA,FB,"$447,058"
1696,nfl,2016,1697,Kyle Van Noy,NE,LB/ILB,"$446,370"
1697,nfl,2016,1698,Quinton Jefferson,SEA,ED/DE,"$444,625"
1698,nfl,2016,1699,Billy Turner,DEN,G,"$444,367"
1699,nfl,2016,1700,Jeff Cumberland,SD,TE,"$443,000"
1700,nfl,2016,1701,Kolby Listenbee,BUF,WR,"$441,932"
1701,nfl,2016,1702,Don Jones,HOU,FS,"$436,764"
1702,nfl,2016,,Julian Stanford,NYJ,ED/OLB,"$436,764"
1703,nfl,2016,1704,Tenny Palepoi,SD,DL/DT,"$436,520"
1704,nfl,2016,1705,Marcus Hardison,CIN,DL/DT,"$434,423"
1705,nfl,2016,1706,K.J. Dillon,HOU,S,"$433,022"
1706,nfl,2016,1707,Chris Davis,SF,CB,"$432,705"
1707,nfl,2016,1708,Emmett Cleary,DAL,RT,"$432,348"
1708,nfl,2016,,Je'Ron Hamm,SF,WR,"$432,348"
1709,nfl,2016,,Cam Johnson,CLE,ED/OLB,"$432,348"
1710,nfl,2016,,Vinston Painter,WAS,RT,"$432,348"
1711,nfl,2016,,John Timu,CHI,LB/ILB,"$432,348"
1712,nfl,2016,1713,Jonathan Woodard,JAX,ED/DE,"$429,472"
1713,nfl,2016,1714,Darren Waller,BAL,TE,"$427,654"
1714,nfl,2016,1715,Jake Long,MIN,LT,"$423,529"
1715,nfl,2016,,Robert Nelson,HOU,CB,"$423,529"
1716,nfl,2016,,Keivarae Russell,CIN,CB,"$423,529"
1717,nfl,2016,,Kerwynn Williams,ARI,RB,"$423,529"
1718,nfl,2016,1719,Eric Rogers,SF,WR,"$420,500"
1719,nfl,2016,1720,Justin March,KC,LB/ILB,"$412,031"
1720,nfl,2016,1721,Quan Bray,IND,WR,"$410,462"
1721,nfl,2016,1722,Mitchell Loewen,NO,TE,"$410,371"
1722,nfl,2016,1723,Avery Young,NO,T,"$408,705"
1723,nfl,2016,1724,Jordan Payton,CLE,WR,"$405,117"
1724,nfl,2016,1725,Mykkele Thompson,NYG,FS,"$403,977"
1725,nfl,2016,1726,Sergio Brown,BUF,FS,"$402,352"
1726,nfl,2016,,Michael Person,KC,G,"$402,352"
1727,nfl,2016,1728,Nick Dzubnar,SD,LB/ILB,"$401,716"
1728,nfl,2016,1729,Cameron Lynch,TB,LB/OLB,"$401,470"
1729,nfl,2016,1730,Jude Adjei-Barimah,TB,CB,"$401,466"
1730,nfl,2016,1731,Sheldon Price,BAL,CB,"$400,057"
1731,nfl,2016,1732,Neiron Ball,OAK,LB/OLB,"$399,331"
1732,nfl,2016,1733,Matthew Ioannidis,WAS,DL/DE,"$397,058"
1733,nfl,2016,,Bacarri Rambo,MIA,SS,"$397,058"
1734,nfl,2016,1735,Andrew Adam,NYG,S,"$397,050"
1735,nfl,2016,,Braedon Bowman,NYJ,TE,"$397,050"
1736,nfl,2016,,Alan Cross,TB,TE,"$397,050"
1737,nfl,2016,,Austin Reiter,CLE,C,"$397,050"
1738,nfl,2016,,Curtis Riley,TEN,CB,"$397,050"
1739,nfl,2016,1740,Damian Swann,NO,CB,"$394,807"
1740,nfl,2016,1741,Robbie Gould,NYG,K,"$388,235"
1741,nfl,2016,,Antone Smith,TB,RB,"$388,235"
1742,nfl,2016,1743,Nick Williams,MIA,ED/DE,"$388,234"
1743,nfl,2016,1744,Maurice Canady,BAL,CB,"$385,615"
1744,nfl,2016,1745,Alani Fua,ARI,ED/OLB,"$384,900"
1745,nfl,2016,1746,Devante Bond,TB,LB/OLB,"$382,936"
1746,nfl,2016,1747,Michael Bennett,JAX,DL/DT,"$382,674"
1747,nfl,2016,1748,Obum Gwacham,NO,ED/DE,"$379,235"
1748,nfl,2016,1749,Ryan Delaire,CAR,ED/DE,"$379,234"
1749,nfl,2016,1750,Brennan Scarlett,HOU,ED/OLB,"$375,954"
1750,nfl,2016,1751,Garrison Smith,SEA,ED/DE,"$374,288"
1751,nfl,2016,1752,Dean Marlowe,CAR,SS,"$373,823"
1752,nfl,2016,1753,Geno Grissom,NE,ED/DE,"$370,588"
1753,nfl,2016,,Ulrick John,ARI,LT,"$370,588"
1754,nfl,2016,,Nick Marshall,NYJ,CB,"$370,588"
1755,nfl,2016,1756,Ben Braunecker,CHI,TE,"$370,580"
1756,nfl,2016,,Marqui Christian,LAR,S,"$370,580"
1757,nfl,2016,,Denver Kirkland,OAK,G,"$370,580"
1758,nfl,2016,,Ifeanyi Momah,ARI,TE,"$370,580"
1759,nfl,2016,1760,Erik Harris,NO,CB,"$367,408"
1760,nfl,2016,1761,Randy Gregory,DAL,LB/OLB,"$365,989"
1761,nfl,2016,1762,James Ihedigbo,BUF,SS,"$364,411"
1762,nfl,2016,1763,Brandon Boykin,CHI,CB,"$363,000"
1763,nfl,2016,,Laron Byrd,CAR,WR,"$363,000"
1764,nfl,2016,,Thaddeus Lewis,SF,QB,"$363,000"
1765,nfl,2016,,Tyler Starr,ATL,LB/OLB,"$363,000"
1766,nfl,2016,,Joshua Thomas,DAL,CB,"$363,000"
1767,nfl,2016,1768,Lawrence Thomas,NYJ,DL/DE,"$358,645"
1768,nfl,2016,1769,Jimmy Landes,DET,LS,"$358,089"
1769,nfl,2016,1770,Shiloh Keo,NO,SS,"$357,647"
1770,nfl,2016,1771,Taylor Boggs,ARI,G,"$357,354"
1771,nfl,2016,,Damontre Moore,SEA,ED/DE,"$357,354"
1772,nfl,2016,1773,Knile Davis,KC,RB,"$357,352"
1773,nfl,2016,,Chris Lewis-Harris,BAL,CB,"$357,352"
1774,nfl,2016,1775,Donavan Clark,SD,G,"$354,524"
1775,nfl,2016,1776,Demontre Hurst,CHI,CB,"$352,941"
1776,nfl,2016,,Juwan Thompson,DEN,RB,"$352,941"
1777,nfl,2016,1778,Taylor Hart,PHI,T,"$352,940"
1778,nfl,2016,1779,Steven Daniels,WAS,LB/ILB,"$352,324"
1779,nfl,2016,1780,Devin Fuller,ATL,WR,"$351,446"
1780,nfl,2016,1781,Alex McCalister,PHI,ED/DE,"$350,841"
1781,nfl,2016,1782,Darrell Williams,LAR,T,"$350,500"
1782,nfl,2016,1783,Keith Marshall,WAS,RB,"$349,387"
1783,nfl,2016,1784,Josh Wells,JAX,RT,"$349,000"
1784,nfl,2016,1785,Joe Walker,PHI,LB/ILB,"$348,034"
1785,nfl,2016,1786,Blake Annen,BUF,TE,"$348,000"
1786,nfl,2016,,Tavaris Barnes,SEA,ED/DE,"$348,000"
1787,nfl,2016,,Josh Crockett,GB,RB,"$348,000"
1788,nfl,2016,,Jonathan Dowling,BUF,FS,"$348,000"
1789,nfl,2016,,Rannell Hall,CLE,WR,"$348,000"
1790,nfl,2016,,Javontee Herndon,SD,WR,"$348,000"
1791,nfl,2016,,Stanley Jean-Baptiste,SEA,CB,"$348,000"
1792,nfl,2016,,Josh Johnson,JAX,CB,"$348,000"
1793,nfl,2016,,James Morris,DAL,LB/ILB,"$348,000"
1794,nfl,2016,,Rajion Neal,CLE,RB,"$348,000"
1795,nfl,2016,,Ryan Spadola,DET,WR,"$348,000"
1796,nfl,2016,,Louis Trinca-Pasat,LAR,DL/DT,"$348,000"
1797,nfl,2016,,Uani Unga,NYG,LB/ILB,"$348,000"
1798,nfl,2016,,Nikita Whitlock,NYG,FB,"$348,000"
1799,nfl,2016,1800,Leon McFadden,DAL,CB,"$347,823"
1800,nfl,2016,1801,Hakeem Valles,ARI,TE,"$344,117"
1801,nfl,2016,1802,Zack Sanchez,CAR,CB,"$344,110"
1802,nfl,2016,,Trevor Williams,SD,CB,"$344,110"
1803,nfl,2016,1804,Chas Alecxih,CAR,DL/DT,"$341,500"
1804,nfl,2016,1805,Freddie Martino,TB,WR,"$339,705"
1805,nfl,2016,,Rakeem Nunez-Roches,KC,DL/DE,"$339,705"
1806,nfl,2016,,Ed Reynolds,CLE,FS,"$339,705"
1807,nfl,2016,,Ramik Wilson,KC,LB/ILB,"$339,705"
1808,nfl,2016,1809,Brock Hekking,SD,ED/OLB,"$335,500"
1809,nfl,2016,,Chris Mayes,ATL,DL/DT,"$335,500"
1810,nfl,2016,,Brian Randolph,LAR,S,"$335,500"
1811,nfl,2016,1812,Kevin Bowen,WAS,T,"$335,333"
1812,nfl,2016,1813,Vernon Harris,KC,CB,"$334,666"
1813,nfl,2016,,D.J. Pettway,NO,DL/DT,"$334,666"
1814,nfl,2016,1815,Reginald Diggs,WAS,WR,"$333,666"
1815,nfl,2016,1816,Julien Obioha,NYJ,DL/DE,"$333,500"
1816,nfl,2016,1817,Kevin Anderson,PIT,ED/OLB,"$333,000"
1817,nfl,2016,,Elie Bouka,ARI,CB,"$333,000"
1818,nfl,2016,,Chris Brown,DAL,WR,"$333,000"
1819,nfl,2016,,Zamir Carlis,SD,DL/DT,"$333,000"
1820,nfl,2016,,Kenny Cook,KC,WR,"$333,000"
1821,nfl,2016,,Brandon Cottom,SEA,RB,"$333,000"
1822,nfl,2016,,B.J. Dubose,MIN,ED/DE,"$333,000"
1823,nfl,2016,,Ben Edwards,NYG,WR,"$333,000"
1824,nfl,2016,,SaQwan Edwards,OAK,CB,"$333,000"
1825,nfl,2016,,Ifo Ekpre-Olomu,MIA,CB,"$333,000"
1826,nfl,2016,,Devon Johnson,CAR,RB,"$333,000"
1827,nfl,2016,,Tyler Johnstone,SD,T,"$333,000"
1828,nfl,2016,,Matt LaCosse,NYG,TE,"$333,000"
1829,nfl,2016,,Zach Laskey,LAR,RB,"$333,000"
1830,nfl,2016,,Nile Lawrence-Stample,CLE,DL/DT,"$333,000"
1831,nfl,2016,,Tre Madden,SEA,RB,"$333,000"
1832,nfl,2016,,Cole Manhart,PIT,G,"$333,000"
1833,nfl,2016,,Danny Mason,CHI,ED/OLB,"$333,000"
1834,nfl,2016,,Trey Millard,KC,FB,"$333,000"
1835,nfl,2016,,Romar Morris,NYJ,RB,"$333,000"
1836,nfl,2016,,Marquez North,LAR,WR,"$333,000"
1837,nfl,2016,,Bennett Okotcha,TEN,CB,"$333,000"
1838,nfl,2016,,Dennis Parks,CLE,WR,"$333,000"
1839,nfl,2016,,Jimmy Pruitt,NO,CB,"$333,000"
1840,nfl,2016,,Jordan Rigsbee,CAR,T,"$333,000"
1841,nfl,2016,,Connor Shaw,CHI,QB,"$333,000"
1842,nfl,2016,,Ronnie Shields,SEA,TE,"$333,000"
1843,nfl,2016,,Tyler Slavin,SEA,WR,"$333,000"
1844,nfl,2016,,Joe Sommers,SEA,TE,"$333,000"
1845,nfl,2016,,Phillip Thomas,BUF,S,"$333,000"
1846,nfl,2016,,Valerian Ume-Ezeoke,PIT,C,"$333,000"
1847,nfl,2016,,Ian Wells,DET,CB,"$333,000"
1848,nfl,2016,,Dylan Wynn,CLE,DL/DT,"$333,000"
1849,nfl,2016,1850,Josue Matias,TEN,G,"$330,000"
1850,nfl,2016,1851,Sam Barrington,NO,LB/ILB,"$317,647"
1851,nfl,2016,,Isaiah Burse,SD,WR,"$317,647"
1852,nfl,2016,,John Jenkins,SEA,ED/DE,"$317,647"
1853,nfl,2016,,Chris Jones,SF,DL/DT,"$317,647"
1854,nfl,2016,1855,JaCorey Shepherd,SF,CB,"$317,646"
1855,nfl,2016,1856,Kevin Hogan,CLE,QB,"$317,640"
1856,nfl,2016,,Jake Lampman,NO,WR,"$317,640"
1857,nfl,2016,,Patrick Onwuasor,BAL,LB/ILB,"$317,640"
1858,nfl,2016,,C.J. Smith,PHI,CB,"$317,640"
1859,nfl,2016,,Dan Vitale,CLE,FB,"$317,640"
1860,nfl,2016,1861,Kai Forbath,MIN,K,"$312,941"
1861,nfl,2016,,Jarvis Jenkins,KC,DL/DE,"$312,941"
1862,nfl,2016,,Sealver Siliga,TB,DL/DT,"$312,941"
1863,nfl,2016,,C.J. Wilson,CHI,DL/DT,"$312,941"
1864,nfl,2016,1865,Gabe Ikard,CLE,C,"$308,823"
1865,nfl,2016,1866,Daniel Brown,CHI,TE,"$308,820"
1866,nfl,2016,1867,Terron Ward,ATL,RB,"$300,823"
1867,nfl,2016,1868,Seantrel Henderson,BUF,RT,"$295,072"
1868,nfl,2016,1869,Maurice Harris,WAS,WR,"$291,170"
1869,nfl,2016,,Don Jackson,GB,RB,"$291,170"
1870,nfl,2016,,Chris Landrum,SD,ED/OLB,"$291,170"
1871,nfl,2016,,Chris Manhertz,CAR,TE,"$291,170"
1872,nfl,2016,,Brian Mihalik,PIT,T,"$291,170"
1873,nfl,2016,,Sharrod Neasman,ATL,S,"$291,170"
1874,nfl,2016,1875,Anthony Johnson,NYJ,DL/DE,"$282,352"
1875,nfl,2016,,Dexter McDougle,NYJ,CB,"$282,352"
1876,nfl,2016,,John Phillips,NO,TE,"$282,352"
1877,nfl,2016,1878,Chris Banjo,NO,SS,"$277,941"
1878,nfl,2016,,Jeremy Butler,SD,WR,"$277,941"
1879,nfl,2016,,Christine Michael,GB,RB,"$277,941"
1880,nfl,2016,1881,Tre McBride,TEN,WR,"$277,938"
1881,nfl,2016,1882,Ronnie Hillman,SD,RB,"$268,235"
1882,nfl,2016,,Sio Moore,ARI,ED/OLB,"$268,235"
1883,nfl,2016,1884,Geronimo Allison,GB,WR,"$264,700"
1884,nfl,2016,,Mack Brown,WAS,RB,"$264,700"
1885,nfl,2016,,A.J. Derby,DEN,TE,"$264,700"
1886,nfl,2016,1887,Ryan Wendell,CAR,C,"$260,294"
1887,nfl,2016,1888,Nick Boyle,BAL,TE,"$247,960"
1888,nfl,2016,1889,Geremy Davis,SD,WR,"$247,058"
1889,nfl,2016,,Zaviar Gooden,ARI,LB/ILB,"$247,058"
1890,nfl,2016,,Ryan Russell,TB,ED/DE,"$247,058"
1891,nfl,2016,,Josh Walker,HOU,G,"$247,058"
1892,nfl,2016,1893,Chris Harper,SF,WR,"$247,056"
1893,nfl,2016,,Akeem Hunt,HOU,RB,"$247,056"
1894,nfl,2016,1895,Johnthan Banks,CHI,CB,"$246,912"
1895,nfl,2016,1896,Darryl Morris,IND,CB,"$238,236"
1896,nfl,2016,1897,Jordan Hill,JAX,DL/DT,"$238,235"
1897,nfl,2016,1898,Thomas Duarte,MIA,TE,"$238,230"
1898,nfl,2016,,Cobi Hamilton,PIT,WR,"$238,230"
1899,nfl,2016,,Tyler Larsen,CAR,C,"$238,230"
1900,nfl,2016,,Matt Lengel,NE,TE,"$238,230"
1901,nfl,2016,,Terrance Smith,KC,LB/ILB,"$238,230"
1902,nfl,2016,,Eric Tomlinson,NYJ,TE,"$238,230"
1903,nfl,2016,,Frankie Williams,IND,CB,"$238,230"
1904,nfl,2016,1905,Logan Thomas,BUF,TE,"$237,500"
1905,nfl,2016,1906,Tyreek Burwell,SD,T,"$216,176"
1906,nfl,2016,,Jeremiah Poutasi,JAX,RT,"$216,176"
1907,nfl,2016,1908,L.J. Fort,PIT,LB/ILB,"$216,174"
1908,nfl,2016,1909,Ben Gottschalk,TB,RT,"$211,768"
1909,nfl,2016,1910,Marlon Brown,DEN,WR,"$211,764"
1910,nfl,2016,,David Fales,CHI,QB,"$211,764"
1911,nfl,2016,,Thomas Gafford,DEN,LS,"$211,764"
1912,nfl,2016,,Terrance Mitchell,KC,CB,"$211,764"
1913,nfl,2016,,Vinnie Sunseri,SF,SS,"$211,764"
1914,nfl,2016,1915,Joe Kerridge,GB,FB,"$211,760"
1915,nfl,2016,,Paul Lasike,CHI,RB,"$211,760"
1916,nfl,2016,,Lafayette Pitts,MIA,CB,"$211,760"
1917,nfl,2016,1918,Justin Forsett,DEN,RB,"$208,235"
1918,nfl,2016,,Marcel Reece,SEA,FB,"$208,235"
1919,nfl,2016,1920,Jonathan Anderson,CHI,LB/ILB,"$185,294"
1920,nfl,2016,,Deji Olatoye,ATL,CB,"$185,294"
1921,nfl,2016,1922,Trovon Reed,SD,CB,"$185,292"
1922,nfl,2016,,David Yankey,CAR,G,"$185,292"
1923,nfl,2016,1924,Jake Brendel,MIA,C,"$185,290"
1924,nfl,2016,,Blake Countess,LAR,S,"$185,290"
1925,nfl,2016,,Deon King,IND,ED/OLB,"$185,290"
1926,nfl,2016,,Chris Milton,IND,CB,"$185,290"
1927,nfl,2016,,Michael Palardy,CAR,K,"$185,290"
1928,nfl,2016,,Troymaine Pope,SEA,RB,"$185,290"
1929,nfl,2016,1930,Joique Bell,DET,RB,"$178,823"
1930,nfl,2016,,Asa Jackson,DET,CB,"$178,823"
1931,nfl,2016,,Jeron Johnson,SEA,SS,"$178,823"
1932,nfl,2016,1933,T.J. Barnes,KC,DL/DT,"$176,470"
1933,nfl,2016,,Ryan Carrethers,SD,DL/DT,"$176,470"
1934,nfl,2016,,DeAndre Coleman,BUF,DL/DT,"$176,470"
1935,nfl,2016,,TJ Jones,DET,WR,"$176,470"
1936,nfl,2016,1937,Tre Mason,LAR,RB,"$159,375"
1937,nfl,2016,1938,Ben Jacobs,CAR,LB/ILB,"$158,824"
1938,nfl,2016,1939,Khiry Robinson,NYJ,RB,"$158,823"
1939,nfl,2016,,Louis Young,CAR,CB,"$158,823"
1940,nfl,2016,1941,Tyrell Adams,OAK,LB/OLB,"$158,820"
1941,nfl,2016,,Marquis Bundy,ARI,WR,"$158,820"
1942,nfl,2016,,James Cowser,OAK,LB/OLB,"$158,820"
1943,nfl,2016,,Javien Elliott,TB,CB,"$158,820"
1944,nfl,2016,,Alex Ellis,JAX,TE,"$158,820"
1945,nfl,2016,,Nicholas Grigsby,LAR,LB/ILB,"$158,820"
1946,nfl,2016,,Mike Jordan,LAR,CB,"$158,820"
1947,nfl,2016,,Ufomba Kamalu,HOU,DL/DE,"$158,820"
1948,nfl,2016,,Jake Rudock,DET,QB,"$158,820"
1949,nfl,2016,,Paul Turner,PHI,WR,"$158,820"
1950,nfl,2016,,Stephen Weatherly,MIN,ED/DE,"$158,820"
1951,nfl,2016,1952,Jason Trusnik,NO,LB/ILB,"$156,176"
1952,nfl,2016,1953,Marcus Ball,SF,FS,"$154,411"
1953,nfl,2016,,Dezmin Lewis,BUF,WR,"$154,411"
1954,nfl,2016,,Eric Pinkins,NYG,SS,"$154,411"
1955,nfl,2016,1956,Marcus Roberson,BUF,CB,"$145,327"
1956,nfl,2016,1957,Josh Huff,TB,WR,"$141,176"
1957,nfl,2016,,Sean Porter,JAX,LB/ILB,"$141,176"
1958,nfl,2016,,Justin Staples,TEN,ED/OLB,"$141,176"
1959,nfl,2016,,Nick Williams,ATL,WR,"$141,176"
1960,nfl,2016,1961,Randy Bullock,CIN,K,"$134,117"
1961,nfl,2016,,John Hughes,TB,ED/DE,"$134,117"
1962,nfl,2016,,Robert McClain,SD,CB,"$134,117"
1963,nfl,2016,,T.J. Yates,MIA,QB,"$134,117"
1964,nfl,2016,1965,Daniel Braverman,CHI,WR,"$132,350"
1965,nfl,2016,,Gerald Christian,BUF,TE,"$132,350"
1966,nfl,2016,,Makinton Dorleant,GB,CB,"$132,350"
1967,nfl,2016,,D.J. Foster,NE,WR,"$132,350"
1968,nfl,2016,,Dan France,CAR,G,"$132,350"
1969,nfl,2016,,Branden Jackson,OAK,ED/DE,"$132,350"
1970,nfl,2016,,Kalif Raymond,DEN,WR,"$132,350"
1971,nfl,2016,,Kalan Reed,TEN,CB,"$132,350"
1972,nfl,2016,,Rashawn Scott,MIA,WR,"$132,350"
1973,nfl,2016,,DeShawn Williams,CIN,DL/DT,"$132,350"
1974,nfl,2016,,Shane Wynn,JAX,WR,"$132,350"
1975,nfl,2016,1976,Stedman Bailey,LAR,WR,"$127,972"
1976,nfl,2016,1977,Deontae Skinner,NYG,LB/OLB,"$123,529"
1977,nfl,2016,1978,Donteea Dye,TB,WR,"$123,528"
1978,nfl,2016,,Denzel Rice,HOU,CB,"$123,528"
1979,nfl,2016,1980,David Arkin,LAR,G,"$119,117"
1980,nfl,2016,,Dwayne Gratz,PHI,CB,"$119,117"
1981,nfl,2016,,Matt McCants,CHI,RT,"$119,117"
1982,nfl,2016,,Jeremy Ross,ARI,WR,"$119,117"
1983,nfl,2016,,Duke Williams,IND,FS,"$119,117"
1984,nfl,2016,,Blidi Wreh-Wilson,ATL,CB,"$119,117"
1985,nfl,2016,1986,Martavis Bryant,PIT,WR,"$109,805"
1986,nfl,2016,1987,Michael Campanaro,BAL,WR,"$105,882"
1987,nfl,2016,,Charles James,IND,CB,"$105,882"
1988,nfl,2016,,Michael Ola,BUF,T,"$105,882"
1989,nfl,2016,,Devin Street,IND,WR,"$105,882"
1990,nfl,2016,,Jordan Tripp,GB,LB/ILB,"$105,882"
1991,nfl,2016,1992,Quentin Gause,DEN,LB/ILB,"$105,881"
1992,nfl,2016,1993,Jack Allen,NO,T,"$105,880"
1993,nfl,2016,,Freddie Bishop,NYJ,ED/OLB,"$105,880"
1994,nfl,2016,,Anthony Fabiano,CLE,T,"$105,880"
1995,nfl,2016,,Travis Feeney,NO,LB/OLB,"$105,880"
1996,nfl,2016,,Bronson Hill,JAX,RB,"$105,880"
1997,nfl,2016,,Doug Middleton,NYJ,S,"$105,880"
1998,nfl,2016,,Luke Rhodes,IND,LB/ILB,"$105,880"
1999,nfl,2016,,Brandon Wilds,NYJ,RB,"$105,880"
2000,nfl,2016,2001,Dashon Goldson,ATL,FS,"$104,117"
2001,nfl,2016,2002,Ronald Powell,SEA,LB/OLB,"$92,647"
2002,nfl,2016,,MyCole Pruitt,CHI,TE,"$92,647"
2003,nfl,2016,2004,Mario Alford,CLE,WR,"$92,646"
2004,nfl,2016,,Zac Dysert,ARI,QB,"$92,646"
2005,nfl,2016,,Kaleb Eulls,SD,DL/DT,"$92,646"
2006,nfl,2016,,Shamiel Gary,BUF,S,"$92,646"
2007,nfl,2016,,Troy Hill,LAR,CB,"$92,646"
2008,nfl,2016,,Ronald Martin,NYJ,SS,"$92,646"
2009,nfl,2016,,Deiontrez Mount,IND,ED/OLB,"$92,646"
2010,nfl,2016,,Jeremy Vujnovich,IND,LT,"$92,646"
2011,nfl,2016,,Gabe Wright,CLE,DL/DT,"$92,646"
2012,nfl,2016,2013,Jim Dray,SF,TE,"$89,411"
2013,nfl,2016,,Andrew Gardner,SF,G,"$89,411"
2014,nfl,2016,2015,Mehdi Abdesmad,TEN,DL/DE,"$79,410"
2015,nfl,2016,,Demarcus Ayers,PIT,WR,"$79,410"
2016,nfl,2016,,Alex Balducci,SF,G,"$79,410"
2017,nfl,2016,,Joe Callahan,GB,QB,"$79,410"
2018,nfl,2016,,Vontarrius Dora,DEN,ED/OLB,"$79,410"
2019,nfl,2016,,Morgan Fox,LAR,LB/OLB,"$79,410"
2020,nfl,2016,,Darius Jackson,CLE,RB,"$79,410"
2021,nfl,2016,,Lamar Louis,BAL,LB/ILB,"$79,410"
2022,nfl,2016,,Rick Lovato,PHI,LS,"$79,410"
2023,nfl,2016,,Byron Marshall,PHI,RB,"$79,410"
2024,nfl,2016,,Givens Price,ARI,T,"$79,410"
2025,nfl,2016,,Craig Watts,NYJ,G,"$79,410"
2026,nfl,2016,,Matt Wile,ARI,P,"$79,410"
2027,nfl,2016,,Wendell Williams,HOU,WR,"$79,410"
2028,nfl,2016,,Scooby Wright,ARI,LB/ILB,"$79,410"
2029,nfl,2016,2030,Carl Bradford,SF,ED/OLB,"$70,588"
2030,nfl,2016,,Corey Fuller,NO,WR,"$70,588"
2031,nfl,2016,,Randell Johnson,NYJ,ED/OLB,"$70,588"
2032,nfl,2016,,Trevor Reilly,MIA,LB/OLB,"$70,588"
2033,nfl,2016,,George Winn,NYG,RB,"$70,588"
2034,nfl,2016,2035,Akeem Davis,JAX,SS,"$61,764"
2035,nfl,2016,,Paul Dawson,CIN,LB/OLB,"$61,764"
2036,nfl,2016,,Donald Hawkins,NYJ,G,"$61,764"
2037,nfl,2016,,Josh Keyes,ATL,LB/ILB,"$61,764"
2038,nfl,2016,,Terrence Magee,SEA,RT,"$61,764"
2039,nfl,2016,,Dashaun Phillips,WAS,CB,"$61,764"
2040,nfl,2016,,D'Joun Smith,TEN,CB,"$61,764"
2041,nfl,2016,,Kristjan Sokoli,IND,G,"$61,764"
2042,nfl,2016,,Robenson Therezie,NO,FS,"$61,764"
2043,nfl,2016,,Zach Vigil,WAS,ED/OLB,"$61,764"
2044,nfl,2016,,Tony Washington,JAX,WR,"$61,764"
2045,nfl,2016,2046,Alex Carter,DET,S,"$52,941"
2046,nfl,2016,2047,Bralon Addison,CHI,WR,"$52,940"
2047,nfl,2016,,Brennen Beyer,BAL,LB/ILB,"$52,940"
2048,nfl,2016,,Brandin Bryant,NYJ,DL/DE,"$52,940"
2049,nfl,2016,,Trey Caldwell,CLE,S,"$52,940"
2050,nfl,2016,,Aaron Green,LAR,T,"$52,940"
2051,nfl,2016,,C.J. Ham,MIN,RB,"$52,940"
2052,nfl,2016,,Trevon Hartfield,ARI,S,"$52,940"
2053,nfl,2016,,Prince Charles Iworah,SF,CB,"$52,940"
2054,nfl,2016,,Isaiah Johnson,LAR,FS,"$52,940"
2055,nfl,2016,,Toby Johnson,MIN,DL/DT,"$52,940"
2056,nfl,2016,,Henry Krieger-Coble,DEN,TE,"$52,940"
2057,nfl,2016,,Johnny Maxey,PIT,DL/DT,"$52,940"
2058,nfl,2016,,J.D. McKissic,SEA,RB,"$52,940"
2059,nfl,2016,,Wynton McManis,SF,ED/OLB,"$52,940"
2060,nfl,2016,,Paul McRoberts,LAR,WR,"$52,940"
2061,nfl,2016,,Harlan Miller,ARI,CB,"$52,940"
2062,nfl,2016,,Bernard Reedy,TB,WR,"$52,940"
2063,nfl,2016,,Marcus Rush,JAX,LB/OLB,"$52,940"
2064,nfl,2016,,Al-Hajj Shabazz,PIT,CB,"$52,940"
2065,nfl,2016,,DeAndre Smelter,SF,WR,"$52,940"
2066,nfl,2016,,D.J. Tialavea,ATL,TE,"$52,940"
2067,nfl,2016,,Lynden Trail,WAS,ED/OLB,"$52,940"
2068,nfl,2016,,Ishaq Williams,NYG,LB/OLB,"$52,940"
2069,nfl,2016,2070,Crezdon Butler,DET,CB,"$44,705"
2070,nfl,2016,2071,Corey Lemonier,NYJ,ED/OLB,"$40,294"
2071,nfl,2016,2072,Joe Banyard,JAX,RB,"$39,706"
2072,nfl,2016,2073,Josh Evans,WAS,SS,"$39,705"
2073,nfl,2016,2074,Brian Dixon,ARI,CB,"$35,294"
2074,nfl,2016,,Austin Johnson,TB,FB,"$35,294"
2075,nfl,2016,,Daryl Richardson,JAX,RB,"$35,294"
2076,nfl,2016,,Andre Williams,SD,RB,"$35,294"
2077,nfl,2016,2078,Christian Bryant,ARI,FS,"$30,882"
2078,nfl,2016,,Vince Mayle,BAL,WR,"$30,882"
2079,nfl,2016,,Zach Moore,SF,DL/DE,"$30,882"
2080,nfl,2016,,Raheem Mostert,SF,RB,"$30,882"
2081,nfl,2016,,Josh Shirley,CHI,ED/OLB,"$30,882"
2082,nfl,2016,,Alex Tanney,TEN,QB,"$30,882"
2083,nfl,2016,2084,David Quessenberry,HOU,LT,"$28,363"
2084,nfl,2016,2085,Richard Ash,DAL,DL/DT,"$26,470"
2085,nfl,2016,,Jace Billingsley,DET,WR,"$26,470"
2086,nfl,2016,,Brandon Burks,NYJ,RB,"$26,470"
2087,nfl,2016,,Damiere Byrd,CAR,WR,"$26,470"
2088,nfl,2016,,Taveze Calhoun,NO,S,"$26,470"
2089,nfl,2016,,Tra Carson,CIN,RB,"$26,470"
2090,nfl,2016,,Travell Dixon,CAR,CB,"$26,470"
2091,nfl,2016,,Carlos Fields,SD,ED/OLB,"$26,470"
2092,nfl,2016,,Isaac Fruechte,MIN,WR,"$26,470"
2093,nfl,2016,,Russell Hansbrough,TB,RB,"$26,470"
2094,nfl,2016,,A.J. Hendy,MIA,S,"$26,470"
2095,nfl,2016,,Trey Hopkins,CIN,G,"$26,470"
2096,nfl,2016,,Bryson Keeton,NYJ,CB,"$26,470"
2097,nfl,2016,,Jake Kumerow,CIN,WR,"$26,470"
2098,nfl,2016,,Taurean Nixon,DEN,CB,"$26,470"
2099,nfl,2016,,Kyle Peko,DEN,DL/DT,"$26,470"
2100,nfl,2016,,Keenan Reynolds,BAL,WR,"$26,470"
2101,nfl,2016,,Trevor Roach,CIN,LB/ILB,"$26,470"
2102,nfl,2016,,Channing Ward,TB,ED/DE,"$26,470"
2103,nfl,2016,,Terrell Watson,CLE,RB,"$26,470"
2104,nfl,2016,,Larry Webster,CAR,ED/DE,"$26,470"
2105,nfl,2016,,Kasen Williams,SEA,WR,"$26,470"
2106,nfl,2016,,Antwaun Woods,TEN,DL/DT,"$26,470"
2107,nfl,2016,1,QB,,,21
2108,nfl,2016,2,CB,,,17
2109,nfl,2016,3,WR,,,17
2110,nfl,2016,4,OL,,,14
2111,nfl,2016,5,DL,,,11
2112,nfl,2016,6,ED,,,7
2113,nfl,2016,7,LB,,,6
2114,nfl,2016,8,S,,,3
2115,nfl,2016,9,TE,,,2
2116,nfl,2016,10,RB,,,2
2117,nfl,2016,1,GB,,,6
2118,nfl,2016,2,MIA,,,6
2119,nfl,2016,3,HOU,,,5
2120,nfl,2016,4,IND,,,5
2121,nfl,2016,5,PIT,,,5
2122,nfl,2016,6,WAS,,,5
2123,nfl,2016,7,ARI,,,4
2124,nfl,2016,8,DEN,,,4
2125,nfl,2016,9,NYJ,,,4
2126,nfl,2016,10,KC,,,4
2127,nfl,2016,11,OAK,,,4
2128,nfl,2016,12,SEA,,,4
2129,nfl,2016,13,TB,,,4
2130,nfl,2016,14,CAR,,,3
2131,nfl,2016,15,CIN,,,3
2132,nfl,2016,16,DAL,,,3
2133,nfl,2016,17,NYG,,,3
2134,nfl,2016,18,SD,,,3
2135,nfl,2016,19,ATL,,,2
2136,nfl,2016,20,BAL,,,2
2137,nfl,2016,21,BUF,,,2
2138,nfl,2016,22,CHI,,,2
2139,nfl,2016,23,CLE,,,2
2140,nfl,2016,24,JAX,,,2
2141,nfl,2016,25,LAR,,,2
2142,nfl,2016,26,MIN,,,2
2143,nfl,2016,27,NE,,,2
2144,nfl,2016,28,NO,,,2
2145,nfl,2016,29,SF,,,2
2146,nfl,2016,30,DET,,,1
2147,nfl,2016,31,PHI,,,1
2148,nfl,2016,32,TEN,,,1
2149,nfl,2016,1,QB,,,21
2150,nfl,2016,2,CB,,,17
2151,nfl,2016,3,WR,,,17
2152,nfl,2016,4,OL,,,14
2153,nfl,2016,5,DL,,,11
2154,nfl,2016,6,ED,,,7
2155,nfl,2016,7,LB,,,6
2156,nfl,2016,8,S,,,3
2157,nfl,2016,9,TE,,,2
2158,nfl,2016,10,RB,,,2
2159,nfl,2016,1,GB,,,6
2160,nfl,2016,2,MIA,,,6
2161,nfl,2016,3,HOU,,,5
2162,nfl,2016,4,IND,,,5
2163,nfl,2016,5,PIT,,,5
2164,nfl,2016,6,WAS,,,5
2165,nfl,2016,7,ARI,,,4
2166,nfl,2016,8,DEN,,,4
2167,nfl,2016,9,NYJ,,,4
2168,nfl,2016,10,KC,,,4
2169,nfl,2016,11,OAK,,,4
2170,nfl,2016,12,SEA,,,4
2171,nfl,2016,13,TB,,,4
2172,nfl,2016,14,CAR,,,3
2173,nfl,2016,15,CIN,,,3
2174,nfl,2016,16,DAL,,,3
2175,nfl,2016,17,NYG,,,3
2176,nfl,2016,18,SD,,,3
2177,nfl,2016,19,ATL,,,2
2178,nfl,2016,20,BAL,,,2
2179,nfl,2016,21,BUF,,,2
2180,nfl,2016,22,CHI,,,2
2181,nfl,2016,23,CLE,,,2
2182,nfl,2016,24,JAX,,,2
2183,nfl,2016,25,LAR,,,2
2184,nfl,2016,26,MIN,,,2
2185,nfl,2016,27,NE,,,2
2186,nfl,2016,28,NO,,,2
2187,nfl,2016,29,SF,,,2
2188,nfl,2016,30,DET,,,1
2189,nfl,2016,31,PHI,,,1
2190,nfl,2016,32,TEN,,,1
